const uint8_t  zTimesNRItalic20[] PROGMEM = {
0x00, 0x00, 0x00, 0xEC, 0x00, 0x00, 0x00, 0x0B, 0x00, 0x00, 0x00, 0x14, 0x00, 0x00, 0x00, 0x00, 
0x00, 0x00, 0x00, 0x0E, 0x00, 0x00, 0x00, 0x04, 0x00, 0x00, 0x00, 0x00, 0x00, 0x00, 0x00, 0x01, 
0x00, 0x00, 0x00, 0x01, 0x00, 0x00, 0x00, 0x00, 0x00, 0x00, 0x00, 0x28, 0xFF, 0xFF, 0xFF, 0xEC, 
0x00, 0x00, 0x00, 0x00, 0x00, 0x00, 0x00, 0x00, 0x00, 0x00, 0x00, 0x01, 0x00, 0x00, 0x00, 0x01, 
0x00, 0x00, 0x00, 0x00, 0x00, 0x00, 0x00, 0x28, 0xFF, 0xFF, 0xFF, 0xEC, 0x00, 0x00, 0x00, 0x00, 
0x00, 0x00, 0x00, 0x09, 0x00, 0x00, 0x00, 0x01, 0x00, 0x00, 0x00, 0x01, 0x00, 0x00, 0x00, 0x00, 
0x00, 0x00, 0x00, 0x28, 0xFF, 0xFF, 0xFF, 0xEC, 0x00, 0x00, 0x00, 0x00, 0x00, 0x00, 0x00, 0x0A, 
0x00, 0x00, 0x00, 0x01, 0x00, 0x00, 0x00, 0x01, 0x00, 0x00, 0x00, 0x00, 0x00, 0x00, 0x00, 0x28, 
0xFF, 0xFF, 0xFF, 0xEC, 0x00, 0x00, 0x00, 0x00, 0x00, 0x00, 0x00, 0x0D, 0x00, 0x00, 0x00, 0x01, 
0x00, 0x00, 0x00, 0x01, 0x00, 0x00, 0x00, 0x00, 0x00, 0x00, 0x00, 0x28, 0xFF, 0xFF, 0xFF, 0xEC, 
0x00, 0x00, 0x00, 0x00, 0x00, 0x00, 0x00, 0x1D, 0x00, 0x00, 0x00, 0x01, 0x00, 0x00, 0x00, 0x01, 
0x00, 0x00, 0x00, 0x00, 0x00, 0x00, 0x00, 0x28, 0xFF, 0xFF, 0xFF, 0xEC, 0x00, 0x00, 0x00, 0x00, 
0x00, 0x00, 0x00, 0x20, 0x00, 0x00, 0x00, 0x01, 0x00, 0x00, 0x00, 0x01, 0x00, 0x00, 0x00, 0x05, 
0x00, 0x00, 0x00, 0x28, 0xFF, 0xFF, 0xFF, 0xEC, 0x00, 0x00, 0x00, 0x00, 0x00, 0x00, 0x00, 0x21, 
0x00, 0x00, 0x00, 0x0D, 0x00, 0x00, 0x00, 0x04, 0x00, 0x00, 0x00, 0x06, 0x00, 0x00, 0x00, 0x0D, 
0x00, 0x00, 0x00, 0x02, 0x00, 0x00, 0x00, 0x00, 0x00, 0x00, 0x00, 0x22, 0x00, 0x00, 0x00, 0x06, 
0x00, 0x00, 0x00, 0x07, 0x00, 0x00, 0x00, 0x09, 0x00, 0x00, 0x00, 0x0D, 0x00, 0x00, 0x00, 0x03, 
0x00, 0x00, 0x00, 0x00, 0x00, 0x00, 0x00, 0x23, 0x00, 0x00, 0x00, 0x0E, 0x00, 0x00, 0x00, 0x0A, 
0x00, 0x00, 0x00, 0x0B, 0x00, 0x00, 0x00, 0x0E, 0x00, 0x00, 0x00, 0x00, 0x00, 0x00, 0x00, 0x00, 
0x00, 0x00, 0x00, 0x24, 0x00, 0x00, 0x00, 0x0F, 0x00, 0x00, 0x00, 0x09, 0x00, 0x00, 0x00, 0x0A, 
0x00, 0x00, 0x00, 0x0E, 0x00, 0x00, 0x00, 0x01, 0x00, 0x00, 0x00, 0x00, 0x00, 0x00, 0x00, 0x25, 
0x00, 0x00, 0x00, 0x0D, 0x00, 0x00, 0x00, 0x11, 0x00, 0x00, 0x00, 0x11, 0x00, 0x00, 0x00, 0x0D, 
0x00, 0x00, 0x00, 0x01, 0x00, 0x00, 0x00, 0x00, 0x00, 0x00, 0x00, 0x26, 0x00, 0x00, 0x00, 0x0D, 
0x00, 0x00, 0x00, 0x0E, 0x00, 0x00, 0x00, 0x0F, 0x00, 0x00, 0x00, 0x0D, 0x00, 0x00, 0x00, 0x01, 
0x00, 0x00, 0x00, 0x00, 0x00, 0x00, 0x00, 0x27, 0x00, 0x00, 0x00, 0x06, 0x00, 0x00, 0x00, 0x03, 
0x00, 0x00, 0x00, 0x05, 0x00, 0x00, 0x00, 0x0D, 0x00, 0x00, 0x00, 0x03, 0x00, 0x00, 0x00, 0x00, 
0x00, 0x00, 0x00, 0x28, 0x00, 0x00, 0x00, 0x12, 0x00, 0x00, 0x00, 0x07, 0x00, 0x00, 0x00, 0x06, 
0x00, 0x00, 0x00, 0x0E, 0x00, 0x00, 0x00, 0x01, 0x00, 0x00, 0x00, 0x00, 0x00, 0x00, 0x00, 0x29, 
0x00, 0x00, 0x00, 0x12, 0x00, 0x00, 0x00, 0x07, 0x00, 0x00, 0x00, 0x07, 0x00, 0x00, 0x00, 0x0E, 
0xFF, 0xFF, 0xFF, 0xFE, 0x00, 0x00, 0x00, 0x00, 0x00, 0x00, 0x00, 0x2A, 0x00, 0x00, 0x00, 0x09, 
0x00, 0x00, 0x00, 0x07, 0x00, 0x00, 0x00, 0x0A, 0x00, 0x00, 0x00, 0x0E, 0x00, 0x00, 0x00, 0x03, 
0x00, 0x00, 0x00, 0x00, 0x00, 0x00, 0x00, 0x2B, 0x00, 0x00, 0x00, 0x0B, 0x00, 0x00, 0x00, 0x0B, 
0x00, 0x00, 0x00, 0x0D, 0x00, 0x00, 0x00, 0x0C, 0x00, 0x00, 0x00, 0x02, 0x00, 0x00, 0x00, 0x00, 
0x00, 0x00, 0x00, 0x2C, 0x00, 0x00, 0x00, 0x04, 0x00, 0x00, 0x00, 0x03, 0x00, 0x00, 0x00, 0x05, 
0x00, 0x00, 0x00, 0x02, 0xFF, 0xFF, 0xFF, 0xFF, 0x00, 0x00, 0x00, 0x00, 0x00, 0x00, 0x00, 0x2D, 
0x00, 0x00, 0x00, 0x01, 0x00, 0x00, 0x00, 0x07, 0x00, 0x00, 0x00, 0x07, 0x00, 0x00, 0x00, 0x05, 
0x00, 0x00, 0x00, 0x00, 0x00, 0x00, 0x00, 0x00, 0x00, 0x00, 0x00, 0x2E, 0x00, 0x00, 0x00, 0x02, 
0x00, 0x00, 0x00, 0x02, 0x00, 0x00, 0x00, 0x05, 0x00, 0x00, 0x00, 0x02, 0x00, 0x00, 0x00, 0x00, 
0x00, 0x00, 0x00, 0x00, 0x00, 0x00, 0x00, 0x2F, 0x00, 0x00, 0x00, 0x0E, 0x00, 0x00, 0x00, 0x09, 
0x00, 0x00, 0x00, 0x06, 0x00, 0x00, 0x00, 0x0E, 0xFF, 0xFF, 0xFF, 0xFF, 0x00, 0x00, 0x00, 0x00, 
0x00, 0x00, 0x00, 0x30, 0x00, 0x00, 0x00, 0x0D, 0x00, 0x00, 0x00, 0x0A, 0x00, 0x00, 0x00, 0x0A, 
0x00, 0x00, 0x00, 0x0D, 0x00, 0x00, 0x00, 0x01, 0x00, 0x00, 0x00, 0x00, 0x00, 0x00, 0x00, 0x31, 
0x00, 0x00, 0x00, 0x0D, 0x00, 0x00, 0x00, 0x08, 0x00, 0x00, 0x00, 0x0A, 0x00, 0x00, 0x00, 0x0D, 
0x00, 0x00, 0x00, 0x01, 0x00, 0x00, 0x00, 0x00, 0x00, 0x00, 0x00, 0x32, 0x00, 0x00, 0x00, 0x0D, 
0x00, 0x00, 0x00, 0x09, 0x00, 0x00, 0x00, 0x0A, 0x00, 0x00, 0x00, 0x0D, 0x00, 0x00, 0x00, 0x00, 
0x00, 0x00, 0x00, 0x00, 0x00, 0x00, 0x00, 0x33, 0x00, 0x00, 0x00, 0x0D, 0x00, 0x00, 0x00, 0x08, 
0x00, 0x00, 0x00, 0x0A, 0x00, 0x00, 0x00, 0x0D, 0x00, 0x00, 0x00, 0x01, 0x00, 0x00, 0x00, 0x00, 
0x00, 0x00, 0x00, 0x34, 0x00, 0x00, 0x00, 0x0D, 0x00, 0x00, 0x00, 0x09, 0x00, 0x00, 0x00, 0x0A, 
0x00, 0x00, 0x00, 0x0D, 0x00, 0x00, 0x00, 0x00, 0x00, 0x00, 0x00, 0x00, 0x00, 0x00, 0x00, 0x35, 
0x00, 0x00, 0x00, 0x0D, 0x00, 0x00, 0x00, 0x09, 0x00, 0x00, 0x00, 0x0A, 0x00, 0x00, 0x00, 0x0D, 
0x00, 0x00, 0x00, 0x01, 0x00, 0x00, 0x00, 0x00, 0x00, 0x00, 0x00, 0x36, 0x00, 0x00, 0x00, 0x0D, 
0x00, 0x00, 0x00, 0x09, 0x00, 0x00, 0x00, 0x0A, 0x00, 0x00, 0x00, 0x0D, 0x00, 0x00, 0x00, 0x01, 
0x00, 0x00, 0x00, 0x00, 0x00, 0x00, 0x00, 0x37, 0x00, 0x00, 0x00, 0x0D, 0x00, 0x00, 0x00, 0x08, 
0x00, 0x00, 0x00, 0x0A, 0x00, 0x00, 0x00, 0x0D, 0x00, 0x00, 0x00, 0x02, 0x00, 0x00, 0x00, 0x00, 
0x00, 0x00, 0x00, 0x38, 0x00, 0x00, 0x00, 0x0D, 0x00, 0x00, 0x00, 0x09, 0x00, 0x00, 0x00, 0x0A, 
0x00, 0x00, 0x00, 0x0D, 0x00, 0x00, 0x00, 0x01, 0x00, 0x00, 0x00, 0x00, 0x00, 0x00, 0x00, 0x39, 
0x00, 0x00, 0x00, 0x0D, 0x00, 0x00, 0x00, 0x09, 0x00, 0x00, 0x00, 0x0A, 0x00, 0x00, 0x00, 0x0D, 
0x00, 0x00, 0x00, 0x01, 0x00, 0x00, 0x00, 0x00, 0x00, 0x00, 0x00, 0x3A, 0x00, 0x00, 0x00, 0x09, 
0x00, 0x00, 0x00, 0x04, 0x00, 0x00, 0x00, 0x07, 0x00, 0x00, 0x00, 0x09, 0x00, 0x00, 0x00, 0x01, 
0x00, 0x00, 0x00, 0x00, 0x00, 0x00, 0x00, 0x3C, 0x00, 0x00, 0x00, 0x09, 0x00, 0x00, 0x00, 0x0A, 
0x00, 0x00, 0x00, 0x0D, 0x00, 0x00, 0x00, 0x0B, 0x00, 0x00, 0x00, 0x01, 0x00, 0x00, 0x00, 0x00, 
0x00, 0x00, 0x00, 0x3D, 0x00, 0x00, 0x00, 0x04, 0x00, 0x00, 0x00, 0x0B, 0x00, 0x00, 0x00, 0x0E, 
0x00, 0x00, 0x00, 0x09, 0x00, 0x00, 0x00, 0x02, 0x00, 0x00, 0x00, 0x00, 0x00, 0x00, 0x00, 0x3E, 
0x00, 0x00, 0x00, 0x09, 0x00, 0x00, 0x00, 0x0A, 0x00, 0x00, 0x00, 0x0D, 0x00, 0x00, 0x00, 0x0B, 
0x00, 0x00, 0x00, 0x01, 0x00, 0x00, 0x00, 0x00, 0x00, 0x00, 0x00, 0x3F, 0x00, 0x00, 0x00, 0x0D, 
0x00, 0x00, 0x00, 0x07, 0x00, 0x00, 0x00, 0x0A, 0x00, 0x00, 0x00, 0x0D, 0x00, 0x00, 0x00, 0x02, 
0x00, 0x00, 0x00, 0x00, 0x00, 0x00, 0x00, 0x40, 0x00, 0x00, 0x00, 0x13, 0x00, 0x00, 0x00, 0x11, 
0x00, 0x00, 0x00, 0x12, 0x00, 0x00, 0x00, 0x0E, 0x00, 0x00, 0x00, 0x01, 0x00, 0x00, 0x00, 0x00, 
0x00, 0x00, 0x00, 0x41, 0x00, 0x00, 0x00, 0x0D, 0x00, 0x00, 0x00, 0x0D, 0x00, 0x00, 0x00, 0x0B, 
0x00, 0x00, 0x00, 0x0D, 0xFF, 0xFF, 0xFF, 0xFE, 0x00, 0x00, 0x00, 0x00, 0x00, 0x00, 0x00, 0x42, 
0x00, 0x00, 0x00, 0x0D, 0x00, 0x00, 0x00, 0x0C, 0x00, 0x00, 0x00, 0x0C, 0x00, 0x00, 0x00, 0x0D, 
0xFF, 0xFF, 0xFF, 0xFF, 0x00, 0x00, 0x00, 0x00, 0x00, 0x00, 0x00, 0x43, 0x00, 0x00, 0x00, 0x0D, 
0x00, 0x00, 0x00, 0x0D, 0x00, 0x00, 0x00, 0x0D, 0x00, 0x00, 0x00, 0x0D, 0x00, 0x00, 0x00, 0x01, 
0x00, 0x00, 0x00, 0x00, 0x00, 0x00, 0x00, 0x44, 0x00, 0x00, 0x00, 0x0D, 0x00, 0x00, 0x00, 0x0E, 
0x00, 0x00, 0x00, 0x0E, 0x00, 0x00, 0x00, 0x0D, 0x00, 0x00, 0x00, 0x00, 0x00, 0x00, 0x00, 0x00, 
0x00, 0x00, 0x00, 0x45, 0x00, 0x00, 0x00, 0x0D, 0x00, 0x00, 0x00, 0x0D, 0x00, 0x00, 0x00, 0x0C, 
0x00, 0x00, 0x00, 0x0D, 0xFF, 0xFF, 0xFF, 0xFF, 0x00, 0x00, 0x00, 0x00, 0x00, 0x00, 0x00, 0x46, 
0x00, 0x00, 0x00, 0x0D, 0x00, 0x00, 0x00, 0x0D, 0x00, 0x00, 0x00, 0x0C, 0x00, 0x00, 0x00, 0x0D, 
0x00, 0x00, 0x00, 0x00, 0x00, 0x00, 0x00, 0x00, 0x00, 0x00, 0x00, 0x47, 0x00, 0x00, 0x00, 0x0D, 
0x00, 0x00, 0x00, 0x0E, 0x00, 0x00, 0x00, 0x0E, 0x00, 0x00, 0x00, 0x0D, 0x00, 0x00, 0x00, 0x01, 
0x00, 0x00, 0x00, 0x00, 0x00, 0x00, 0x00, 0x48, 0x00, 0x00, 0x00, 0x0D, 0x00, 0x00, 0x00, 0x11, 
0x00, 0x00, 0x00, 0x0E, 0x00, 0x00, 0x00, 0x0D, 0xFF, 0xFF, 0xFF, 0xFF, 0x00, 0x00, 0x00, 0x00, 
0x00, 0x00, 0x00, 0x49, 0x00, 0x00, 0x00, 0x0D, 0x00, 0x00, 0x00, 0x09, 0x00, 0x00, 0x00, 0x07, 
0x00, 0x00, 0x00, 0x0D, 0x00, 0x00, 0x00, 0x00, 0x00, 0x00, 0x00, 0x00, 0x00, 0x00, 0x00, 0x4A, 
0x00, 0x00, 0x00, 0x0D, 0x00, 0x00, 0x00, 0x0C, 0x00, 0x00, 0x00, 0x09, 0x00, 0x00, 0x00, 0x0D, 
0xFF, 0xFF, 0xFF, 0xFF, 0x00, 0x00, 0x00, 0x00, 0x00, 0x00, 0x00, 0x4B, 0x00, 0x00, 0x00, 0x0D, 
0x00, 0x00, 0x00, 0x0F, 0x00, 0x00, 0x00, 0x0D, 0x00, 0x00, 0x00, 0x0D, 0x00, 0x00, 0x00, 0x00, 
0x00, 0x00, 0x00, 0x00, 0x00, 0x00, 0x00, 0x4C, 0x00, 0x00, 0x00, 0x0D, 0x00, 0x00, 0x00, 0x0B, 
0x00, 0x00, 0x00, 0x0B, 0x00, 0x00, 0x00, 0x0D, 0x00, 0x00, 0x00, 0x00, 0x00, 0x00, 0x00, 0x00, 
0x00, 0x00, 0x00, 0x4D, 0x00, 0x00, 0x00, 0x0D, 0x00, 0x00, 0x00, 0x14, 0x00, 0x00, 0x00, 0x11, 
0x00, 0x00, 0x00, 0x0D, 0xFF, 0xFF, 0xFF, 0xFF, 0x00, 0x00, 0x00, 0x00, 0x00, 0x00, 0x00, 0x4E, 
0x00, 0x00, 0x00, 0x0D, 0x00, 0x00, 0x00, 0x11, 0x00, 0x00, 0x00, 0x0D, 0x00, 0x00, 0x00, 0x0D, 
0xFF, 0xFF, 0xFF, 0xFF, 0x00, 0x00, 0x00, 0x00, 0x00, 0x00, 0x00, 0x4F, 0x00, 0x00, 0x00, 0x0D, 
0x00, 0x00, 0x00, 0x0D, 0x00, 0x00, 0x00, 0x0E, 0x00, 0x00, 0x00, 0x0D, 0x00, 0x00, 0x00, 0x01, 
0x00, 0x00, 0x00, 0x00, 0x00, 0x00, 0x00, 0x50, 0x00, 0x00, 0x00, 0x0D, 0x00, 0x00, 0x00, 0x0C, 
0x00, 0x00, 0x00, 0x0C, 0x00, 0x00, 0x00, 0x0D, 0x00, 0x00, 0x00, 0x00, 0x00, 0x00, 0x00, 0x00, 
0x00, 0x00, 0x00, 0x51, 0x00, 0x00, 0x00, 0x11, 0x00, 0x00, 0x00, 0x0D, 0x00, 0x00, 0x00, 0x0E, 
0x00, 0x00, 0x00, 0x0D, 0x00, 0x00, 0x00, 0x01, 0x00, 0x00, 0x00, 0x00, 0x00, 0x00, 0x00, 0x52, 
0x00, 0x00, 0x00, 0x0D, 0x00, 0x00, 0x00, 0x0D, 0x00, 0x00, 0x00, 0x0C, 0x00, 0x00, 0x00, 0x0D, 
0xFF, 0xFF, 0xFF, 0xFF, 0x00, 0x00, 0x00, 0x00, 0x00, 0x00, 0x00, 0x53, 0x00, 0x00, 0x00, 0x0D, 
0x00, 0x00, 0x00, 0x0B, 0x00, 0x00, 0x00, 0x0A, 0x00, 0x00, 0x00, 0x0D, 0x00, 0x00, 0x00, 0x00, 
0x00, 0x00, 0x00, 0x00, 0x00, 0x00, 0x00, 0x54, 0x00, 0x00, 0x00, 0x0D, 0x00, 0x00, 0x00, 0x0C, 
0x00, 0x00, 0x00, 0x0B, 0x00, 0x00, 0x00, 0x0D, 0x00, 0x00, 0x00, 0x01, 0x00, 0x00, 0x00, 0x00, 
0x00, 0x00, 0x00, 0x55, 0x00, 0x00, 0x00, 0x0D, 0x00, 0x00, 0x00, 0x0F, 0x00, 0x00, 0x00, 0x0E, 
0x00, 0x00, 0x00, 0x0D, 0x00, 0x00, 0x00, 0x02, 0x00, 0x00, 0x00, 0x00, 0x00, 0x00, 0x00, 0x56, 
0x00, 0x00, 0x00, 0x0D, 0x00, 0x00, 0x00, 0x0D, 0x00, 0x00, 0x00, 0x0C, 0x00, 0x00, 0x00, 0x0D, 
0x00, 0x00, 0x00, 0x02, 0x00, 0x00, 0x00, 0x00, 0x00, 0x00, 0x00, 0x57, 0x00, 0x00, 0x00, 0x0D, 
0x00, 0x00, 0x00, 0x12, 0x00, 0x00, 0x00, 0x10, 0x00, 0x00, 0x00, 0x0D, 0x00, 0x00, 0x00, 0x01, 
0x00, 0x00, 0x00, 0x00, 0x00, 0x00, 0x00, 0x58, 0x00, 0x00, 0x00, 0x0D, 0x00, 0x00, 0x00, 0x10, 
0x00, 0x00, 0x00, 0x0C, 0x00, 0x00, 0x00, 0x0D, 0xFF, 0xFF, 0xFF, 0xFF, 0x00, 0x00, 0x00, 0x00, 
0x00, 0x00, 0x00, 0x59, 0x00, 0x00, 0x00, 0x0D, 0x00, 0x00, 0x00, 0x0C, 0x00, 0x00, 0x00, 0x0A, 
0x00, 0x00, 0x00, 0x0D, 0x00, 0x00, 0x00, 0x01, 0x00, 0x00, 0x00, 0x00, 0x00, 0x00, 0x00, 0x5A, 
0x00, 0x00, 0x00, 0x0D, 0x00, 0x00, 0x00, 0x0C, 0x00, 0x00, 0x00, 0x0B, 0x00, 0x00, 0x00, 0x0D, 
0x00, 0x00, 0x00, 0x00, 0x00, 0x00, 0x00, 0x00, 0x00, 0x00, 0x00, 0x5B, 0x00, 0x00, 0x00, 0x12, 
0x00, 0x00, 0x00, 0x0A, 0x00, 0x00, 0x00, 0x07, 0x00, 0x00, 0x00, 0x0E, 0x00, 0x00, 0x00, 0x00, 
0x00, 0x00, 0x00, 0x00, 0x00, 0x00, 0x00, 0x5C, 0x00, 0x00, 0x00, 0x0E, 0x00, 0x00, 0x00, 0x03, 
0x00, 0x00, 0x00, 0x06, 0x00, 0x00, 0x00, 0x0E, 0x00, 0x00, 0x00, 0x02, 0x00, 0x00, 0x00, 0x00, 
0x00, 0x00, 0x00, 0x5D, 0x00, 0x00, 0x00, 0x12, 0x00, 0x00, 0x00, 0x0B, 0x00, 0x00, 0x00, 0x09, 
0x00, 0x00, 0x00, 0x0E, 0xFF, 0xFF, 0xFF, 0xFE, 0x00, 0x00, 0x00, 0x00, 0x00, 0x00, 0x00, 0x5E, 
0x00, 0x00, 0x00, 0x07, 0x00, 0x00, 0x00, 0x09, 0x00, 0x00, 0x00, 0x08, 0x00, 0x00, 0x00, 0x0E, 
0x00, 0x00, 0x00, 0x01, 0x00, 0x00, 0x00, 0x00, 0x00, 0x00, 0x00, 0x5F, 0x00, 0x00, 0x00, 0x01, 
0x00, 0x00, 0x00, 0x0A, 0x00, 0x00, 0x00, 0x0A, 0xFF, 0xFF, 0xFF, 0xFD, 0x00, 0x00, 0x00, 0x00, 
0x00, 0x00, 0x00, 0x00, 0x00, 0x00, 0x00, 0x60, 0x00, 0x00, 0x00, 0x03, 0x00, 0x00, 0x00, 0x02, 
0x00, 0x00, 0x00, 0x06, 0x00, 0x00, 0x00, 0x0E, 0x00, 0x00, 0x00, 0x04, 0x00, 0x00, 0x00, 0x00, 
0x00, 0x00, 0x00, 0x61, 0x00, 0x00, 0x00, 0x09, 0x00, 0x00, 0x00, 0x09, 0x00, 0x00, 0x00, 0x0A, 
0x00, 0x00, 0x00, 0x09, 0x00, 0x00, 0x00, 0x00, 0x00, 0x00, 0x00, 0x00, 0x00, 0x00, 0x00, 0x62, 
0x00, 0x00, 0x00, 0x0E, 0x00, 0x00, 0x00, 0x09, 0x00, 0x00, 0x00, 0x0A, 0x00, 0x00, 0x00, 0x0E, 
0x00, 0x00, 0x00, 0x00, 0x00, 0x00, 0x00, 0x00, 0x00, 0x00, 0x00, 0x63, 0x00, 0x00, 0x00, 0x09, 
0x00, 0x00, 0x00, 0x08, 0x00, 0x00, 0x00, 0x09, 0x00, 0x00, 0x00, 0x09, 0x00, 0x00, 0x00, 0x00, 
0x00, 0x00, 0x00, 0x00, 0x00, 0x00, 0x00, 0x64, 0x00, 0x00, 0x00, 0x0E, 0x00, 0x00, 0x00, 0x0B, 
0x00, 0x00, 0x00, 0x0A, 0x00, 0x00, 0x00, 0x0E, 0x00, 0x00, 0x00, 0x00, 0x00, 0x00, 0x00, 0x00, 
0x00, 0x00, 0x00, 0x65, 0x00, 0x00, 0x00, 0x09, 0x00, 0x00, 0x00, 0x08, 0x00, 0x00, 0x00, 0x09, 
0x00, 0x00, 0x00, 0x09, 0x00, 0x00, 0x00, 0x00, 0x00, 0x00, 0x00, 0x00, 0x00, 0x00, 0x00, 0x66, 
0x00, 0x00, 0x00, 0x12, 0x00, 0x00, 0x00, 0x0D, 0x00, 0x00, 0x00, 0x06, 0x00, 0x00, 0x00, 0x0E, 
0xFF, 0xFF, 0xFF, 0xFD, 0x00, 0x00, 0x00, 0x00, 0x00, 0x00, 0x00, 0x67, 0x00, 0x00, 0x00, 0x0D, 
0x00, 0x00, 0x00, 0x0B, 0x00, 0x00, 0x00, 0x0A, 0x00, 0x00, 0x00, 0x09, 0xFF, 0xFF, 0xFF, 0xFF, 
0x00, 0x00, 0x00, 0x00, 0x00, 0x00, 0x00, 0x68, 0x00, 0x00, 0x00, 0x0E, 0x00, 0x00, 0x00, 0x09, 
0x00, 0x00, 0x00, 0x0A, 0x00, 0x00, 0x00, 0x0E, 0x00, 0x00, 0x00, 0x00, 0x00, 0x00, 0x00, 0x00, 
0x00, 0x00, 0x00, 0x69, 0x00, 0x00, 0x00, 0x0C, 0x00, 0x00, 0x00, 0x04, 0x00, 0x00, 0x00, 0x06, 
0x00, 0x00, 0x00, 0x0C, 0x00, 0x00, 0x00, 0x00, 0x00, 0x00, 0x00, 0x00, 0x00, 0x00, 0x00, 0x6A, 
0x00, 0x00, 0x00, 0x10, 0x00, 0x00, 0x00, 0x09, 0x00, 0x00, 0x00, 0x06, 0x00, 0x00, 0x00, 0x0C, 
0xFF, 0xFF, 0xFF, 0xFD, 0x00, 0x00, 0x00, 0x00, 0x00, 0x00, 0x00, 0x6B, 0x00, 0x00, 0x00, 0x0E, 
0x00, 0x00, 0x00, 0x0A, 0x00, 0x00, 0x00, 0x09, 0x00, 0x00, 0x00, 0x0E, 0x00, 0x00, 0x00, 0x00, 
0x00, 0x00, 0x00, 0x00, 0x00, 0x00, 0x00, 0x6C, 0x00, 0x00, 0x00, 0x0E, 0x00, 0x00, 0x00, 0x06, 
0x00, 0x00, 0x00, 0x06, 0x00, 0x00, 0x00, 0x0E, 0x00, 0x00, 0x00, 0x00, 0x00, 0x00, 0x00, 0x00, 
0x00, 0x00, 0x00, 0x6D, 0x00, 0x00, 0x00, 0x09, 0x00, 0x00, 0x00, 0x0E, 0x00, 0x00, 0x00, 0x0E, 
0x00, 0x00, 0x00, 0x09, 0x00, 0x00, 0x00, 0x00, 0x00, 0x00, 0x00, 0x00, 0x00, 0x00, 0x00, 0x6E, 
0x00, 0x00, 0x00, 0x09, 0x00, 0x00, 0x00, 0x09, 0x00, 0x00, 0x00, 0x0A, 0x00, 0x00, 0x00, 0x09, 
0x00, 0x00, 0x00, 0x00, 0x00, 0x00, 0x00, 0x00, 0x00, 0x00, 0x00, 0x6F, 0x00, 0x00, 0x00, 0x09, 
0x00, 0x00, 0x00, 0x09, 0x00, 0x00, 0x00, 0x0A, 0x00, 0x00, 0x00, 0x09, 0x00, 0x00, 0x00, 0x00, 
0x00, 0x00, 0x00, 0x00, 0x00, 0x00, 0x00, 0x70, 0x00, 0x00, 0x00, 0x0D, 0x00, 0x00, 0x00, 0x0C, 
0x00, 0x00, 0x00, 0x0A, 0x00, 0x00, 0x00, 0x09, 0xFF, 0xFF, 0xFF, 0xFD, 0x00, 0x00, 0x00, 0x00, 
0x00, 0x00, 0x00, 0x71, 0x00, 0x00, 0x00, 0x0D, 0x00, 0x00, 0x00, 0x0A, 0x00, 0x00, 0x00, 0x0A, 
0x00, 0x00, 0x00, 0x09, 0x00, 0x00, 0x00, 0x00, 0x00, 0x00, 0x00, 0x00, 0x00, 0x00, 0x00, 0x72, 
0x00, 0x00, 0x00, 0x09, 0x00, 0x00, 0x00, 0x07, 0x00, 0x00, 0x00, 0x08, 0x00, 0x00, 0x00, 0x09, 
0x00, 0x00, 0x00, 0x01, 0x00, 0x00, 0x00, 0x00, 0x00, 0x00, 0x00, 0x73, 0x00, 0x00, 0x00, 0x09, 
0x00, 0x00, 0x00, 0x08, 0x00, 0x00, 0x00, 0x08, 0x00, 0x00, 0x00, 0x09, 0x00, 0x00, 0x00, 0x00, 
0x00, 0x00, 0x00, 0x00, 0x00, 0x00, 0x00, 0x74, 0x00, 0x00, 0x00, 0x0C, 0x00, 0x00, 0x00, 0x06, 
0x00, 0x00, 0x00, 0x06, 0x00, 0x00, 0x00, 0x0C, 0x00, 0x00, 0x00, 0x00, 0x00, 0x00, 0x00, 0x00, 
0x00, 0x00, 0x00, 0x75, 0x00, 0x00, 0x00, 0x09, 0x00, 0x00, 0x00, 0x09, 0x00, 0x00, 0x00, 0x0A, 
0x00, 0x00, 0x00, 0x09, 0x00, 0x00, 0x00, 0x00, 0x00, 0x00, 0x00, 0x00, 0x00, 0x00, 0x00, 0x76, 
0x00, 0x00, 0x00, 0x09, 0x00, 0x00, 0x00, 0x08, 0x00, 0x00, 0x00, 0x09, 0x00, 0x00, 0x00, 0x09, 
0x00, 0x00, 0x00, 0x00, 0x00, 0x00, 0x00, 0x00, 0x00, 0x00, 0x00, 0x77, 0x00, 0x00, 0x00, 0x09, 
0x00, 0x00, 0x00, 0x0C, 0x00, 0x00, 0x00, 0x0D, 0x00, 0x00, 0x00, 0x09, 0x00, 0x00, 0x00, 0x01, 
0x00, 0x00, 0x00, 0x00, 0x00, 0x00, 0x00, 0x78, 0x00, 0x00, 0x00, 0x09, 0x00, 0x00, 0x00, 0x09, 
0x00, 0x00, 0x00, 0x09, 0x00, 0x00, 0x00, 0x09, 0xFF, 0xFF, 0xFF, 0xFF, 0x00, 0x00, 0x00, 0x00, 
0x00, 0x00, 0x00, 0x79, 0x00, 0x00, 0x00, 0x0D, 0x00, 0x00, 0x00, 0x0A, 0x00, 0x00, 0x00, 0x09, 
0x00, 0x00, 0x00, 0x09, 0xFF, 0xFF, 0xFF, 0xFE, 0x00, 0x00, 0x00, 0x00, 0x00, 0x00, 0x00, 0x7A, 
0x00, 0x00, 0x00, 0x09, 0x00, 0x00, 0x00, 0x09, 0x00, 0x00, 0x00, 0x08, 0x00, 0x00, 0x00, 0x09, 
0xFF, 0xFF, 0xFF, 0xFF, 0x00, 0x00, 0x00, 0x00, 0x00, 0x00, 0x00, 0x7B, 0x00, 0x00, 0x00, 0x12, 
0x00, 0x00, 0x00, 0x07, 0x00, 0x00, 0x00, 0x08, 0x00, 0x00, 0x00, 0x0E, 0x00, 0x00, 0x00, 0x01, 
0x00, 0x00, 0x00, 0x00, 0x00, 0x00, 0x00, 0x7C, 0x00, 0x00, 0x00, 0x12, 0x00, 0x00, 0x00, 0x01, 
0x00, 0x00, 0x00, 0x06, 0x00, 0x00, 0x00, 0x0E, 0x00, 0x00, 0x00, 0x02, 0x00, 0x00, 0x00, 0x00, 
0x00, 0x00, 0x00, 0x7D, 0x00, 0x00, 0x00, 0x12, 0x00, 0x00, 0x00, 0x07, 0x00, 0x00, 0x00, 0x08, 
0x00, 0x00, 0x00, 0x0E, 0x00, 0x00, 0x00, 0x00, 0x00, 0x00, 0x00, 0x00, 0x00, 0x00, 0x00, 0x7E, 
0x00, 0x00, 0x00, 0x03, 0x00, 0x00, 0x00, 0x0A, 0x00, 0x00, 0x00, 0x0B, 0x00, 0x00, 0x00, 0x07, 
0x00, 0x00, 0x00, 0x00, 0x00, 0x00, 0x00, 0x00, 0x00, 0x00, 0x00, 0xA0, 0x00, 0x00, 0x00, 0x01, 
0x00, 0x00, 0x00, 0x01, 0x00, 0x00, 0x00, 0x05, 0x00, 0x00, 0x00, 0x28, 0xFF, 0xFF, 0xFF, 0xEC, 
0x00, 0x00, 0x00, 0x00, 0x00, 0x00, 0x00, 0xA6, 0x00, 0x00, 0x00, 0x12, 0x00, 0x00, 0x00, 0x01, 
0x00, 0x00, 0x00, 0x06, 0x00, 0x00, 0x00, 0x0E, 0x00, 0x00, 0x00, 0x02, 0x00, 0x00, 0x00, 0x00, 
0x00, 0x00, 0x00, 0xA7, 0x00, 0x00, 0x00, 0x12, 0x00, 0x00, 0x00, 0x0A, 0x00, 0x00, 0x00, 0x0A, 
0x00, 0x00, 0x00, 0x0E, 0x00, 0x00, 0x00, 0x00, 0x00, 0x00, 0x00, 0x00, 0x00, 0x00, 0x00, 0xA9, 
0x00, 0x00, 0x00, 0x0D, 0x00, 0x00, 0x00, 0x0E, 0x00, 0x00, 0x00, 0x0E, 0x00, 0x00, 0x00, 0x0D, 
0x00, 0x00, 0x00, 0x00, 0x00, 0x00, 0x00, 0x00, 0x00, 0x00, 0x00, 0xAB, 0x00, 0x00, 0x00, 0x09, 
0x00, 0x00, 0x00, 0x09, 0x00, 0x00, 0x00, 0x0A, 0x00, 0x00, 0x00, 0x09, 0x00, 0x00, 0x00, 0x01, 
0x00, 0x00, 0x00, 0x00, 0x00, 0x00, 0x00, 0xAD, 0x00, 0x00, 0x00, 0x01, 0x00, 0x00, 0x00, 0x07, 
0x00, 0x00, 0x00, 0x07, 0x00, 0x00, 0x00, 0x05, 0x00, 0x00, 0x00, 0x00, 0x00, 0x00, 0x00, 0x00, 
0x00, 0x00, 0x00, 0xAE, 0x00, 0x00, 0x00, 0x0D, 0x00, 0x00, 0x00, 0x0E, 0x00, 0x00, 0x00, 0x10, 
0x00, 0x00, 0x00, 0x0D, 0x00, 0x00, 0x00, 0x01, 0x00, 0x00, 0x00, 0x00, 0x00, 0x00, 0x00, 0xB0, 
0x00, 0x00, 0x00, 0x06, 0x00, 0x00, 0x00, 0x06, 0x00, 0x00, 0x00, 0x08, 0x00, 0x00, 0x00, 0x0D, 
0x00, 0x00, 0x00, 0x02, 0x00, 0x00, 0x00, 0x00, 0x00, 0x00, 0x00, 0xB1, 0x00, 0x00, 0x00, 0x0B, 
0x00, 0x00, 0x00, 0x0B, 0x00, 0x00, 0x00, 0x0B, 0x00, 0x00, 0x00, 0x0C, 0x00, 0x00, 0x00, 0x01, 
0x00, 0x00, 0x00, 0x00, 0x00, 0x00, 0x00, 0xB4, 0x00, 0x00, 0x00, 0x03, 0x00, 0x00, 0x00, 0x02, 
0x00, 0x00, 0x00, 0x05, 0x00, 0x00, 0x00, 0x0D, 0x00, 0x00, 0x00, 0x04, 0x00, 0x00, 0x00, 0x00, 
0x00, 0x00, 0x00, 0xB7, 0x00, 0x00, 0x00, 0x01, 0x00, 0x00, 0x00, 0x01, 0x00, 0x00, 0x00, 0x05, 
0x00, 0x00, 0x00, 0x07, 0x00, 0x00, 0x00, 0x02, 0x00, 0x00, 0x00, 0x00, 0x00, 0x00, 0x00, 0xBB, 
0x00, 0x00, 0x00, 0x09, 0x00, 0x00, 0x00, 0x09, 0x00, 0x00, 0x00, 0x0A, 0x00, 0x00, 0x00, 0x09, 
0x00, 0x00, 0x00, 0x00, 0x00, 0x00, 0x00, 0x00, 0x00, 0x00, 0x00, 0xD7, 0x00, 0x00, 0x00, 0x08, 
0x00, 0x00, 0x00, 0x08, 0x00, 0x00, 0x00, 0x0D, 0x00, 0x00, 0x00, 0x0B, 0x00, 0x00, 0x00, 0x03, 
0x00, 0x00, 0x00, 0x00, 0x00, 0x00, 0x00, 0xF7, 0x00, 0x00, 0x00, 0x07, 0x00, 0x00, 0x00, 0x09, 
0x00, 0x00, 0x00, 0x0B, 0x00, 0x00, 0x00, 0x0A, 0x00, 0x00, 0x00, 0x01, 0x00, 0x00, 0x00, 0x00, 
0x00, 0x00, 0x04, 0x01, 0x00, 0x00, 0x00, 0x11, 0x00, 0x00, 0x00, 0x0E, 0x00, 0x00, 0x00, 0x0C, 
0x00, 0x00, 0x00, 0x11, 0xFF, 0xFF, 0xFF, 0xFF, 0x00, 0x00, 0x00, 0x00, 0x00, 0x00, 0x04, 0x10, 
0x00, 0x00, 0x00, 0x0D, 0x00, 0x00, 0x00, 0x0D, 0x00, 0x00, 0x00, 0x0B, 0x00, 0x00, 0x00, 0x0D, 
0xFF, 0xFF, 0xFF, 0xFE, 0x00, 0x00, 0x00, 0x00, 0x00, 0x00, 0x04, 0x11, 0x00, 0x00, 0x00, 0x0D, 
0x00, 0x00, 0x00, 0x0E, 0x00, 0x00, 0x00, 0x0C, 0x00, 0x00, 0x00, 0x0D, 0xFF, 0xFF, 0xFF, 0xFF, 
0x00, 0x00, 0x00, 0x00, 0x00, 0x00, 0x04, 0x12, 0x00, 0x00, 0x00, 0x0D, 0x00, 0x00, 0x00, 0x0C, 
0x00, 0x00, 0x00, 0x0C, 0x00, 0x00, 0x00, 0x0D, 0xFF, 0xFF, 0xFF, 0xFF, 0x00, 0x00, 0x00, 0x00, 
0x00, 0x00, 0x04, 0x13, 0x00, 0x00, 0x00, 0x0E, 0x00, 0x00, 0x00, 0x0F, 0x00, 0x00, 0x00, 0x0B, 
0x00, 0x00, 0x00, 0x0E, 0xFF, 0xFF, 0xFF, 0xFF, 0x00, 0x00, 0x00, 0x00, 0x00, 0x00, 0x04, 0x14, 
0x00, 0x00, 0x00, 0x11, 0x00, 0x00, 0x00, 0x10, 0x00, 0x00, 0x00, 0x0D, 0x00, 0x00, 0x00, 0x0D, 
0xFF, 0xFF, 0xFF, 0xFE, 0x00, 0x00, 0x00, 0x00, 0x00, 0x00, 0x04, 0x15, 0x00, 0x00, 0x00, 0x0D, 
0x00, 0x00, 0x00, 0x0D, 0x00, 0x00, 0x00, 0x0C, 0x00, 0x00, 0x00, 0x0D, 0xFF, 0xFF, 0xFF, 0xFF, 
0x00, 0x00, 0x00, 0x00, 0x00, 0x00, 0x04, 0x16, 0x00, 0x00, 0x00, 0x0D, 0x00, 0x00, 0x00, 0x16, 
0x00, 0x00, 0x00, 0x12, 0x00, 0x00, 0x00, 0x0D, 0xFF, 0xFF, 0xFF, 0xFE, 0x00, 0x00, 0x00, 0x00, 
0x00, 0x00, 0x04, 0x17, 0x00, 0x00, 0x00, 0x0D, 0x00, 0x00, 0x00, 0x0A, 0x00, 0x00, 0x00, 0x0A, 
0x00, 0x00, 0x00, 0x0D, 0x00, 0x00, 0x00, 0x00, 0x00, 0x00, 0x00, 0x00, 0x00, 0x00, 0x04, 0x18, 
0x00, 0x00, 0x00, 0x0D, 0x00, 0x00, 0x00, 0x11, 0x00, 0x00, 0x00, 0x0E, 0x00, 0x00, 0x00, 0x0D, 
0xFF, 0xFF, 0xFF, 0xFF, 0x00, 0x00, 0x00, 0x00, 0x00, 0x00, 0x04, 0x19, 0x00, 0x00, 0x00, 0x11, 
0x00, 0x00, 0x00, 0x11, 0x00, 0x00, 0x00, 0x0E, 0x00, 0x00, 0x00, 0x11, 0xFF, 0xFF, 0xFF, 0xFF, 
0x00, 0x00, 0x00, 0x00, 0x00, 0x00, 0x04, 0x1A, 0x00, 0x00, 0x00, 0x0D, 0x00, 0x00, 0x00, 0x0F, 
0x00, 0x00, 0x00, 0x0D, 0x00, 0x00, 0x00, 0x0D, 0xFF, 0xFF, 0xFF, 0xFF, 0x00, 0x00, 0x00, 0x00, 
0x00, 0x00, 0x04, 0x1B, 0x00, 0x00, 0x00, 0x0D, 0x00, 0x00, 0x00, 0x0F, 0x00, 0x00, 0x00, 0x0E, 
0x00, 0x00, 0x00, 0x0D, 0xFF, 0xFF, 0xFF, 0xFF, 0x00, 0x00, 0x00, 0x00, 0x00, 0x00, 0x04, 0x1C, 
0x00, 0x00, 0x00, 0x0D, 0x00, 0x00, 0x00, 0x14, 0x00, 0x00, 0x00, 0x11, 0x00, 0x00, 0x00, 0x0D, 
0xFF, 0xFF, 0xFF, 0xFF, 0x00, 0x00, 0x00, 0x00, 0x00, 0x00, 0x04, 0x1D, 0x00, 0x00, 0x00, 0x0D, 
0x00, 0x00, 0x00, 0x11, 0x00, 0x00, 0x00, 0x0E, 0x00, 0x00, 0x00, 0x0D, 0xFF, 0xFF, 0xFF, 0xFF, 
0x00, 0x00, 0x00, 0x00, 0x00, 0x00, 0x04, 0x1E, 0x00, 0x00, 0x00, 0x0D, 0x00, 0x00, 0x00, 0x0D, 
0x00, 0x00, 0x00, 0x0E, 0x00, 0x00, 0x00, 0x0D, 0x00, 0x00, 0x00, 0x01, 0x00, 0x00, 0x00, 0x00, 
0x00, 0x00, 0x04, 0x1F, 0x00, 0x00, 0x00, 0x0E, 0x00, 0x00, 0x00, 0x12, 0x00, 0x00, 0x00, 0x0E, 
0x00, 0x00, 0x00, 0x0E, 0xFF, 0xFF, 0xFF, 0xFF, 0x00, 0x00, 0x00, 0x00, 0x00, 0x00, 0x04, 0x20, 
0x00, 0x00, 0x00, 0x0D, 0x00, 0x00, 0x00, 0x0C, 0x00, 0x00, 0x00, 0x0C, 0x00, 0x00, 0x00, 0x0D, 
0x00, 0x00, 0x00, 0x00, 0x00, 0x00, 0x00, 0x00, 0x00, 0x00, 0x04, 0x21, 0x00, 0x00, 0x00, 0x0D, 
0x00, 0x00, 0x00, 0x0D, 0x00, 0x00, 0x00, 0x0D, 0x00, 0x00, 0x00, 0x0D, 0x00, 0x00, 0x00, 0x01, 
0x00, 0x00, 0x00, 0x00, 0x00, 0x00, 0x04, 0x22, 0x00, 0x00, 0x00, 0x0D, 0x00, 0x00, 0x00, 0x0C, 
0x00, 0x00, 0x00, 0x0B, 0x00, 0x00, 0x00, 0x0D, 0x00, 0x00, 0x00, 0x01, 0x00, 0x00, 0x00, 0x00, 
0x00, 0x00, 0x04, 0x23, 0x00, 0x00, 0x00, 0x0D, 0x00, 0x00, 0x00, 0x0D, 0x00, 0x00, 0x00, 0x0D, 
0x00, 0x00, 0x00, 0x0D, 0x00, 0x00, 0x00, 0x02, 0x00, 0x00, 0x00, 0x00, 0x00, 0x00, 0x04, 0x24, 
0x00, 0x00, 0x00, 0x0D, 0x00, 0x00, 0x00, 0x0F, 0x00, 0x00, 0x00, 0x10, 0x00, 0x00, 0x00, 0x0D, 
0x00, 0x00, 0x00, 0x01, 0x00, 0x00, 0x00, 0x00, 0x00, 0x00, 0x04, 0x25, 0x00, 0x00, 0x00, 0x0D, 
0x00, 0x00, 0x00, 0x10, 0x00, 0x00, 0x00, 0x0C, 0x00, 0x00, 0x00, 0x0D, 0xFF, 0xFF, 0xFF, 0xFF, 
0x00, 0x00, 0x00, 0x00, 0x00, 0x00, 0x04, 0x26, 0x00, 0x00, 0x00, 0x11, 0x00, 0x00, 0x00, 0x11, 
0x00, 0x00, 0x00, 0x0E, 0x00, 0x00, 0x00, 0x0D, 0xFF, 0xFF, 0xFF, 0xFF, 0x00, 0x00, 0x00, 0x00, 
0x00, 0x00, 0x04, 0x27, 0x00, 0x00, 0x00, 0x0D, 0x00, 0x00, 0x00, 0x0D, 0x00, 0x00, 0x00, 0x0E, 
0x00, 0x00, 0x00, 0x0D, 0x00, 0x00, 0x00, 0x02, 0x00, 0x00, 0x00, 0x00, 0x00, 0x00, 0x04, 0x28, 
0x00, 0x00, 0x00, 0x0D, 0x00, 0x00, 0x00, 0x17, 0x00, 0x00, 0x00, 0x15, 0x00, 0x00, 0x00, 0x0D, 
0xFF, 0xFF, 0xFF, 0xFF, 0x00, 0x00, 0x00, 0x00, 0x00, 0x00, 0x04, 0x29, 0x00, 0x00, 0x00, 0x11, 
0x00, 0x00, 0x00, 0x17, 0x00, 0x00, 0x00, 0x15, 0x00, 0x00, 0x00, 0x0D, 0xFF, 0xFF, 0xFF, 0xFF, 
0x00, 0x00, 0x00, 0x00, 0x00, 0x00, 0x04, 0x2A, 0x00, 0x00, 0x00, 0x0D, 0x00, 0x00, 0x00, 0x0C, 
0x00, 0x00, 0x00, 0x0E, 0x00, 0x00, 0x00, 0x0D, 0x00, 0x00, 0x00, 0x01, 0x00, 0x00, 0x00, 0x00, 
0x00, 0x00, 0x04, 0x2B, 0x00, 0x00, 0x00, 0x0D, 0x00, 0x00, 0x00, 0x14, 0x00, 0x00, 0x00, 0x11, 
0x00, 0x00, 0x00, 0x0D, 0xFF, 0xFF, 0xFF, 0xFF, 0x00, 0x00, 0x00, 0x00, 0x00, 0x00, 0x04, 0x2C, 
0x00, 0x00, 0x00, 0x0D, 0x00, 0x00, 0x00, 0x0C, 0x00, 0x00, 0x00, 0x0C, 0x00, 0x00, 0x00, 0x0D, 
0xFF, 0xFF, 0xFF, 0xFF, 0x00, 0x00, 0x00, 0x00, 0x00, 0x00, 0x04, 0x2D, 0x00, 0x00, 0x00, 0x0D, 
0x00, 0x00, 0x00, 0x0D, 0x00, 0x00, 0x00, 0x0D, 0x00, 0x00, 0x00, 0x0D, 0x00, 0x00, 0x00, 0x00, 
0x00, 0x00, 0x00, 0x00, 0x00, 0x00, 0x04, 0x2E, 0x00, 0x00, 0x00, 0x0D, 0x00, 0x00, 0x00, 0x16, 
0x00, 0x00, 0x00, 0x15, 0x00, 0x00, 0x00, 0x0D, 0xFF, 0xFF, 0xFF, 0xFF, 0x00, 0x00, 0x00, 0x00, 
0x00, 0x00, 0x04, 0x2F, 0x00, 0x00, 0x00, 0x0D, 0x00, 0x00, 0x00, 0x10, 0x00, 0x00, 0x00, 0x0D, 
0x00, 0x00, 0x00, 0x0D, 0xFF, 0xFF, 0xFF, 0xFF, 0x00, 0x00, 0x00, 0x00, 0x00, 0x00, 0x04, 0x30, 
0x00, 0x00, 0x00, 0x09, 0x00, 0x00, 0x00, 0x09, 0x00, 0x00, 0x00, 0x0A, 0x00, 0x00, 0x00, 0x09, 
0x00, 0x00, 0x00, 0x00, 0x00, 0x00, 0x00, 0x00, 0x00, 0x00, 0x04, 0x31, 0x00, 0x00, 0x00, 0x0E, 
0x00, 0x00, 0x00, 0x09, 0x00, 0x00, 0x00, 0x0A, 0x00, 0x00, 0x00, 0x0E, 0x00, 0x00, 0x00, 0x01, 
0x00, 0x00, 0x00, 0x00, 0x00, 0x00, 0x04, 0x32, 0x00, 0x00, 0x00, 0x09, 0x00, 0x00, 0x00, 0x08, 
0x00, 0x00, 0x00, 0x09, 0x00, 0x00, 0x00, 0x09, 0x00, 0x00, 0x00, 0x00, 0x00, 0x00, 0x00, 0x00, 
0x00, 0x00, 0x04, 0x33, 0x00, 0x00, 0x00, 0x09, 0x00, 0x00, 0x00, 0x07, 0x00, 0x00, 0x00, 0x08, 
0x00, 0x00, 0x00, 0x09, 0x00, 0x00, 0x00, 0x00, 0x00, 0x00, 0x00, 0x00, 0x00, 0x00, 0x04, 0x34, 
0x00, 0x00, 0x00, 0x0D, 0x00, 0x00, 0x00, 0x09, 0x00, 0x00, 0x00, 0x0A, 0x00, 0x00, 0x00, 0x0D, 
0x00, 0x00, 0x00, 0x00, 0x00, 0x00, 0x00, 0x00, 0x00, 0x00, 0x04, 0x35, 0x00, 0x00, 0x00, 0x09, 
0x00, 0x00, 0x00, 0x08, 0x00, 0x00, 0x00, 0x09, 0x00, 0x00, 0x00, 0x09, 0x00, 0x00, 0x00, 0x00, 
0x00, 0x00, 0x00, 0x00, 0x00, 0x00, 0x04, 0x36, 0x00, 0x00, 0x00, 0x09, 0x00, 0x00, 0x00, 0x13, 
0x00, 0x00, 0x00, 0x13, 0x00, 0x00, 0x00, 0x09, 0x00, 0x00, 0x00, 0x00, 0x00, 0x00, 0x00, 0x00, 
0x00, 0x00, 0x04, 0x37, 0x00, 0x00, 0x00, 0x09, 0x00, 0x00, 0x00, 0x07, 0x00, 0x00, 0x00, 0x08, 
0x00, 0x00, 0x00, 0x09, 0x00, 0x00, 0x00, 0x00, 0x00, 0x00, 0x00, 0x00, 0x00, 0x00, 0x04, 0x38, 
0x00, 0x00, 0x00, 0x09, 0x00, 0x00, 0x00, 0x09, 0x00, 0x00, 0x00, 0x0A, 0x00, 0x00, 0x00, 0x09, 
0x00, 0x00, 0x00, 0x00, 0x00, 0x00, 0x00, 0x00, 0x00, 0x00, 0x04, 0x39, 0x00, 0x00, 0x00, 0x0C, 
0x00, 0x00, 0x00, 0x09, 0x00, 0x00, 0x00, 0x0A, 0x00, 0x00, 0x00, 0x0C, 0x00, 0x00, 0x00, 0x00, 
0x00, 0x00, 0x00, 0x00, 0x00, 0x00, 0x04, 0x3A, 0x00, 0x00, 0x00, 0x09, 0x00, 0x00, 0x00, 0x09, 
0x00, 0x00, 0x00, 0x09, 0x00, 0x00, 0x00, 0x09, 0x00, 0x00, 0x00, 0x00, 0x00, 0x00, 0x00, 0x00, 
0x00, 0x00, 0x04, 0x3B, 0x00, 0x00, 0x00, 0x09, 0x00, 0x00, 0x00, 0x0A, 0x00, 0x00, 0x00, 0x09, 
0x00, 0x00, 0x00, 0x09, 0xFF, 0xFF, 0xFF, 0xFF, 0x00, 0x00, 0x00, 0x00, 0x00, 0x00, 0x04, 0x3C, 
0x00, 0x00, 0x00, 0x09, 0x00, 0x00, 0x00, 0x0E, 0x00, 0x00, 0x00, 0x0D, 0x00, 0x00, 0x00, 0x09, 
0xFF, 0xFF, 0xFF, 0xFF, 0x00, 0x00, 0x00, 0x00, 0x00, 0x00, 0x04, 0x3D, 0x00, 0x00, 0x00, 0x09, 
0x00, 0x00, 0x00, 0x09, 0x00, 0x00, 0x00, 0x0A, 0x00, 0x00, 0x00, 0x09, 0x00, 0x00, 0x00, 0x00, 
0x00, 0x00, 0x00, 0x00, 0x00, 0x00, 0x04, 0x3E, 0x00, 0x00, 0x00, 0x09, 0x00, 0x00, 0x00, 0x09, 
0x00, 0x00, 0x00, 0x0A, 0x00, 0x00, 0x00, 0x09, 0x00, 0x00, 0x00, 0x00, 0x00, 0x00, 0x00, 0x00, 
0x00, 0x00, 0x04, 0x3F, 0x00, 0x00, 0x00, 0x09, 0x00, 0x00, 0x00, 0x09, 0x00, 0x00, 0x00, 0x0A, 
0x00, 0x00, 0x00, 0x09, 0x00, 0x00, 0x00, 0x00, 0x00, 0x00, 0x00, 0x00, 0x00, 0x00, 0x04, 0x40, 
0x00, 0x00, 0x00, 0x0D, 0x00, 0x00, 0x00, 0x0C, 0x00, 0x00, 0x00, 0x0A, 0x00, 0x00, 0x00, 0x09, 
0xFF, 0xFF, 0xFF, 0xFD, 0x00, 0x00, 0x00, 0x00, 0x00, 0x00, 0x04, 0x41, 0x00, 0x00, 0x00, 0x09, 
0x00, 0x00, 0x00, 0x08, 0x00, 0x00, 0x00, 0x09, 0x00, 0x00, 0x00, 0x09, 0x00, 0x00, 0x00, 0x00, 
0x00, 0x00, 0x00, 0x00, 0x00, 0x00, 0x04, 0x42, 0x00, 0x00, 0x00, 0x09, 0x00, 0x00, 0x00, 0x0E, 
0x00, 0x00, 0x00, 0x0E, 0x00, 0x00, 0x00, 0x09, 0x00, 0x00, 0x00, 0x00, 0x00, 0x00, 0x00, 0x00, 
0x00, 0x00, 0x04, 0x43, 0x00, 0x00, 0x00, 0x0D, 0x00, 0x00, 0x00, 0x0A, 0x00, 0x00, 0x00, 0x09, 
0x00, 0x00, 0x00, 0x09, 0xFF, 0xFF, 0xFF, 0xFE, 0x00, 0x00, 0x00, 0x00, 0x00, 0x00, 0x04, 0x44, 
0x00, 0x00, 0x00, 0x12, 0x00, 0x00, 0x00, 0x0C, 0x00, 0x00, 0x00, 0x0E, 0x00, 0x00, 0x00, 0x0E, 
0x00, 0x00, 0x00, 0x01, 0x00, 0x00, 0x00, 0x00, 0x00, 0x00, 0x04, 0x45, 0x00, 0x00, 0x00, 0x09, 
0x00, 0x00, 0x00, 0x09, 0x00, 0x00, 0x00, 0x09, 0x00, 0x00, 0x00, 0x09, 0xFF, 0xFF, 0xFF, 0xFF, 
0x00, 0x00, 0x00, 0x00, 0x00, 0x00, 0x04, 0x46, 0x00, 0x00, 0x00, 0x0D, 0x00, 0x00, 0x00, 0x09, 
0x00, 0x00, 0x00, 0x0A, 0x00, 0x00, 0x00, 0x09, 0x00, 0x00, 0x00, 0x00, 0x00, 0x00, 0x00, 0x00, 
0x00, 0x00, 0x04, 0x47, 0x00, 0x00, 0x00, 0x09, 0x00, 0x00, 0x00, 0x0A, 0x00, 0x00, 0x00, 0x0A, 
0x00, 0x00, 0x00, 0x09, 0x00, 0x00, 0x00, 0x00, 0x00, 0x00, 0x00, 0x00, 0x00, 0x00, 0x04, 0x48, 
0x00, 0x00, 0x00, 0x09, 0x00, 0x00, 0x00, 0x0F, 0x00, 0x00, 0x00, 0x0F, 0x00, 0x00, 0x00, 0x09, 
0x00, 0x00, 0x00, 0x00, 0x00, 0x00, 0x00, 0x00, 0x00, 0x00, 0x04, 0x49, 0x00, 0x00, 0x00, 0x0D, 
0x00, 0x00, 0x00, 0x0F, 0x00, 0x00, 0x00, 0x0F, 0x00, 0x00, 0x00, 0x09, 0x00, 0x00, 0x00, 0x00, 
0x00, 0x00, 0x00, 0x00, 0x00, 0x00, 0x04, 0x4A, 0x00, 0x00, 0x00, 0x09, 0x00, 0x00, 0x00, 0x07, 
0x00, 0x00, 0x00, 0x0A, 0x00, 0x00, 0x00, 0x09, 0x00, 0x00, 0x00, 0x01, 0x00, 0x00, 0x00, 0x00, 
0x00, 0x00, 0x04, 0x4B, 0x00, 0x00, 0x00, 0x09, 0x00, 0x00, 0x00, 0x0E, 0x00, 0x00, 0x00, 0x0E, 
0x00, 0x00, 0x00, 0x09, 0x00, 0x00, 0x00, 0x00, 0x00, 0x00, 0x00, 0x00, 0x00, 0x00, 0x04, 0x4C, 
0x00, 0x00, 0x00, 0x09, 0x00, 0x00, 0x00, 0x07, 0x00, 0x00, 0x00, 0x09, 0x00, 0x00, 0x00, 0x09, 
0x00, 0x00, 0x00, 0x00, 0x00, 0x00, 0x00, 0x00, 0x00, 0x00, 0x04, 0x4D, 0x00, 0x00, 0x00, 0x09, 
0x00, 0x00, 0x00, 0x08, 0x00, 0x00, 0x00, 0x09, 0x00, 0x00, 0x00, 0x09, 0x00, 0x00, 0x00, 0x00, 
0x00, 0x00, 0x00, 0x00, 0x00, 0x00, 0x04, 0x4E, 0x00, 0x00, 0x00, 0x09, 0x00, 0x00, 0x00, 0x0D, 
0x00, 0x00, 0x00, 0x0E, 0x00, 0x00, 0x00, 0x09, 0x00, 0x00, 0x00, 0x00, 0x00, 0x00, 0x00, 0x00, 
0x00, 0x00, 0x04, 0x4F, 0x00, 0x00, 0x00, 0x09, 0x00, 0x00, 0x00, 0x0A, 0x00, 0x00, 0x00, 0x09, 
0x00, 0x00, 0x00, 0x09, 0xFF, 0xFF, 0xFF, 0xFF, 0x00, 0x00, 0x00, 0x00, 0x00, 0x00, 0x04, 0x51, 
0x00, 0x00, 0x00, 0x0F, 0x00, 0x00, 0x00, 0x0A, 0x00, 0x00, 0x00, 0x09, 0x00, 0x00, 0x00, 0x0E, 
0x00, 0x00, 0x00, 0x00, 0x00, 0x00, 0x00, 0x00, 0x00, 0x00, 0x20, 0x0C, 0x00, 0x00, 0x00, 0x01, 
0x00, 0x00, 0x00, 0x01, 0x00, 0x00, 0x00, 0x00, 0x00, 0x00, 0x00, 0x28, 0xFF, 0xFF, 0xFF, 0xEC, 
0x00, 0x00, 0x00, 0x00, 0x00, 0x00, 0x20, 0x0D, 0x00, 0x00, 0x00, 0x01, 0x00, 0x00, 0x00, 0x01, 
0x00, 0x00, 0x00, 0x00, 0x00, 0x00, 0x00, 0x28, 0xFF, 0xFF, 0xFF, 0xEC, 0x00, 0x00, 0x00, 0x00, 
0x00, 0x00, 0x20, 0x0E, 0x00, 0x00, 0x00, 0x01, 0x00, 0x00, 0x00, 0x01, 0x00, 0x00, 0x00, 0x00, 
0x00, 0x00, 0x00, 0x28, 0xFF, 0xFF, 0xFF, 0xEC, 0x00, 0x00, 0x00, 0x00, 0x00, 0x00, 0x20, 0x0F, 
0x00, 0x00, 0x00, 0x01, 0x00, 0x00, 0x00, 0x01, 0x00, 0x00, 0x00, 0x00, 0x00, 0x00, 0x00, 0x28, 
0xFF, 0xFF, 0xFF, 0xEC, 0x00, 0x00, 0x00, 0x00, 0x00, 0x00, 0x20, 0x13, 0x00, 0x00, 0x00, 0x01, 
0x00, 0x00, 0x00, 0x0A, 0x00, 0x00, 0x00, 0x0A, 0x00, 0x00, 0x00, 0x05, 0x00, 0x00, 0x00, 0x00, 
0x00, 0x00, 0x00, 0x00, 0x00, 0x00, 0x20, 0x14, 0x00, 0x00, 0x00, 0x01, 0x00, 0x00, 0x00, 0x12, 
0x00, 0x00, 0x00, 0x12, 0x00, 0x00, 0x00, 0x05, 0x00, 0x00, 0x00, 0x00, 0x00, 0x00, 0x00, 0x00, 
0x00, 0x00, 0x20, 0x15, 0x00, 0x00, 0x00, 0x01, 0x00, 0x00, 0x00, 0x14, 0x00, 0x00, 0x00, 0x14, 
0x00, 0x00, 0x00, 0x06, 0x00, 0x00, 0x00, 0x01, 0x00, 0x00, 0x00, 0x00, 0x00, 0x00, 0x20, 0x18, 
0x00, 0x00, 0x00, 0x04, 0x00, 0x00, 0x00, 0x03, 0x00, 0x00, 0x00, 0x07, 0x00, 0x00, 0x00, 0x0D, 
0x00, 0x00, 0x00, 0x04, 0x00, 0x00, 0x00, 0x00, 0x00, 0x00, 0x20, 0x19, 0x00, 0x00, 0x00, 0x04, 
0x00, 0x00, 0x00, 0x03, 0x00, 0x00, 0x00, 0x07, 0x00, 0x00, 0x00, 0x0D, 0x00, 0x00, 0x00, 0x04, 
0x00, 0x00, 0x00, 0x00, 0x00, 0x00, 0x20, 0x1A, 0x00, 0x00, 0x00, 0x04, 0x00, 0x00, 0x00, 0x03, 
0x00, 0x00, 0x00, 0x07, 0x00, 0x00, 0x00, 0x02, 0x00, 0x00, 0x00, 0x01, 0x00, 0x00, 0x00, 0x00, 
0x00, 0x00, 0x20, 0x1B, 0x00, 0x00, 0x00, 0x04, 0x00, 0x00, 0x00, 0x02, 0x00, 0x00, 0x00, 0x07, 
0x00, 0x00, 0x00, 0x0D, 0x00, 0x00, 0x00, 0x05, 0x00, 0x00, 0x00, 0x00, 0x00, 0x00, 0x20, 0x1C, 
0x00, 0x00, 0x00, 0x04, 0x00, 0x00, 0x00, 0x07, 0x00, 0x00, 0x00, 0x0B, 0x00, 0x00, 0x00, 0x0D, 
0x00, 0x00, 0x00, 0x04, 0x00, 0x00, 0x00, 0x00, 0x00, 0x00, 0x20, 0x1D, 0x00, 0x00, 0x00, 0x04, 
0x00, 0x00, 0x00, 0x07, 0x00, 0x00, 0x00, 0x0B, 0x00, 0x00, 0x00, 0x0D, 0x00, 0x00, 0x00, 0x03, 
0x00, 0x00, 0x00, 0x00, 0x00, 0x00, 0x20, 0x1E, 0x00, 0x00, 0x00, 0x04, 0x00, 0x00, 0x00, 0x07, 
0x00, 0x00, 0x00, 0x0B, 0x00, 0x00, 0x00, 0x02, 0x00, 0x00, 0x00, 0x00, 0x00, 0x00, 0x00, 0x00, 
0x00, 0x00, 0x20, 0x28, 0x00, 0x00, 0x00, 0x01, 0x00, 0x00, 0x00, 0x01, 0x00, 0x00, 0x00, 0x00, 
0x00, 0x00, 0x00, 0x28, 0xFF, 0xFF, 0xFF, 0xEC, 0x00, 0x00, 0x00, 0x00, 0x00, 0x00, 0x20, 0x29, 
0x00, 0x00, 0x00, 0x01, 0x00, 0x00, 0x00, 0x01, 0x00, 0x00, 0x00, 0x00, 0x00, 0x00, 0x00, 0x28, 
0xFF, 0xFF, 0xFF, 0xEC, 0x00, 0x00, 0x00, 0x00, 0x00, 0x00, 0x20, 0x2A, 0x00, 0x00, 0x00, 0x01, 
0x00, 0x00, 0x00, 0x01, 0x00, 0x00, 0x00, 0x00, 0x00, 0x00, 0x00, 0x28, 0xFF, 0xFF, 0xFF, 0xEC, 
0x00, 0x00, 0x00, 0x00, 0x00, 0x00, 0x20, 0x2B, 0x00, 0x00, 0x00, 0x01, 0x00, 0x00, 0x00, 0x01, 
0x00, 0x00, 0x00, 0x00, 0x00, 0x00, 0x00, 0x28, 0xFF, 0xFF, 0xFF, 0xEC, 0x00, 0x00, 0x00, 0x00, 
0x00, 0x00, 0x20, 0x2C, 0x00, 0x00, 0x00, 0x01, 0x00, 0x00, 0x00, 0x01, 0x00, 0x00, 0x00, 0x00, 
0x00, 0x00, 0x00, 0x28, 0xFF, 0xFF, 0xFF, 0xEC, 0x00, 0x00, 0x00, 0x00, 0x00, 0x00, 0x20, 0x2D, 
0x00, 0x00, 0x00, 0x01, 0x00, 0x00, 0x00, 0x01, 0x00, 0x00, 0x00, 0x00, 0x00, 0x00, 0x00, 0x28, 
0xFF, 0xFF, 0xFF, 0xEC, 0x00, 0x00, 0x00, 0x00, 0x00, 0x00, 0x20, 0x2E, 0x00, 0x00, 0x00, 0x01, 
0x00, 0x00, 0x00, 0x01, 0x00, 0x00, 0x00, 0x00, 0x00, 0x00, 0x00, 0x28, 0xFF, 0xFF, 0xFF, 0xEC, 
0x00, 0x00, 0x00, 0x00, 0x00, 0x00, 0x20, 0x33, 0x00, 0x00, 0x00, 0x06, 0x00, 0x00, 0x00, 0x07, 
0x00, 0x00, 0x00, 0x08, 0x00, 0x00, 0x00, 0x0D, 0x00, 0x00, 0x00, 0x03, 0x00, 0x00, 0x00, 0x00, 
0x00, 0x00, 0x20, 0x39, 0x00, 0x00, 0x00, 0x09, 0x00, 0x00, 0x00, 0x06, 0x00, 0x00, 0x00, 0x07, 
0x00, 0x00, 0x00, 0x09, 0x00, 0x00, 0x00, 0x01, 0x00, 0x00, 0x00, 0x00, 0x00, 0x00, 0x20, 0x3A, 
0x00, 0x00, 0x00, 0x09, 0x00, 0x00, 0x00, 0x06, 0x00, 0x00, 0x00, 0x07, 0x00, 0x00, 0x00, 0x09, 
0x00, 0x00, 0x00, 0x00, 0x00, 0x00, 0x00, 0x00, 0x00, 0x00, 0x20, 0x44, 0x00, 0x00, 0x00, 0x0F, 
0x00, 0x00, 0x00, 0x09, 0x00, 0x00, 0x00, 0x03, 0x00, 0x00, 0x00, 0x0E, 0xFF, 0xFF, 0xFF, 0xFD, 
0x00, 0x00, 0x00, 0x00, 0x00, 0x00, 0x20, 0x6A, 0x00, 0x00, 0x00, 0x01, 0x00, 0x00, 0x00, 0x01, 
0x00, 0x00, 0x00, 0x00, 0x00, 0x00, 0x00, 0x28, 0xFF, 0xFF, 0xFF, 0xEC, 0x00, 0x00, 0x00, 0x00, 
0x00, 0x00, 0x20, 0x6B, 0x00, 0x00, 0x00, 0x01, 0x00, 0x00, 0x00, 0x01, 0x00, 0x00, 0x00, 0x00, 
0x00, 0x00, 0x00, 0x28, 0xFF, 0xFF, 0xFF, 0xEC, 0x00, 0x00, 0x00, 0x00, 0x00, 0x00, 0x20, 0x6C, 
0x00, 0x00, 0x00, 0x01, 0x00, 0x00, 0x00, 0x01, 0x00, 0x00, 0x00, 0x00, 0x00, 0x00, 0x00, 0x28, 
0xFF, 0xFF, 0xFF, 0xEC, 0x00, 0x00, 0x00, 0x00, 0x00, 0x00, 0x20, 0x6D, 0x00, 0x00, 0x00, 0x01, 
0x00, 0x00, 0x00, 0x01, 0x00, 0x00, 0x00, 0x00, 0x00, 0x00, 0x00, 0x28, 0xFF, 0xFF, 0xFF, 0xEC, 
0x00, 0x00, 0x00, 0x00, 0x00, 0x00, 0x20, 0x6E, 0x00, 0x00, 0x00, 0x01, 0x00, 0x00, 0x00, 0x01, 
0x00, 0x00, 0x00, 0x00, 0x00, 0x00, 0x00, 0x28, 0xFF, 0xFF, 0xFF, 0xEC, 0x00, 0x00, 0x00, 0x00, 
0x00, 0x00, 0x20, 0x6F, 0x00, 0x00, 0x00, 0x01, 0x00, 0x00, 0x00, 0x01, 0x00, 0x00, 0x00, 0x00, 
0x00, 0x00, 0x00, 0x28, 0xFF, 0xFF, 0xFF, 0xEC, 0x00, 0x00, 0x00, 0x00, 0x00, 0x00, 0x21, 0x90, 
0x00, 0x00, 0x00, 0x07, 0x00, 0x00, 0x00, 0x12, 0x00, 0x00, 0x00, 0x14, 0x00, 0x00, 0x00, 0x09, 
0x00, 0x00, 0x00, 0x01, 0x00, 0x00, 0x00, 0x00, 0x00, 0x00, 0x21, 0x91, 0x00, 0x00, 0x00, 0x11, 
0x00, 0x00, 0x00, 0x07, 0x00, 0x00, 0x00, 0x0A, 0x00, 0x00, 0x00, 0x0D, 0x00, 0x00, 0x00, 0x01, 
0x00, 0x00, 0x00, 0x00, 0x00, 0x00, 0x21, 0x92, 0x00, 0x00, 0x00, 0x07, 0x00, 0x00, 0x00, 0x12, 
0x00, 0x00, 0x00, 0x14, 0x00, 0x00, 0x00, 0x09, 0x00, 0x00, 0x00, 0x01, 0x00, 0x00, 0x00, 0x00, 
0x00, 0x00, 0x21, 0x93, 0x00, 0x00, 0x00, 0x11, 0x00, 0x00, 0x00, 0x07, 0x00, 0x00, 0x00, 0x0A, 
0x00, 0x00, 0x00, 0x0D, 0x00, 0x00, 0x00, 0x01, 0x00, 0x00, 0x00, 0x00, 0x00, 0x00, 0x21, 0x94, 
0x00, 0x00, 0x00, 0x07, 0x00, 0x00, 0x00, 0x12, 0x00, 0x00, 0x00, 0x14, 0x00, 0x00, 0x00, 0x09, 
0x00, 0x00, 0x00, 0x01, 0x00, 0x00, 0x00, 0x00, 0x00, 0x00, 0x21, 0x95, 0x00, 0x00, 0x00, 0x12, 
0x00, 0x00, 0x00, 0x07, 0x00, 0x00, 0x00, 0x0A, 0x00, 0x00, 0x00, 0x0E, 0x00, 0x00, 0x00, 0x01, 
0x00, 0x00, 0x00, 0x00, 0x00, 0x00, 0x22, 0x12, 0x00, 0x00, 0x00, 0x01, 0x00, 0x00, 0x00, 0x0A, 
0x00, 0x00, 0x00, 0x0D, 0x00, 0x00, 0x00, 0x07, 0x00, 0x00, 0x00, 0x01, 0x00, 0x00, 0x00, 0x00, 
0x00, 0x00, 0x22, 0x15, 0x00, 0x00, 0x00, 0x0F, 0x00, 0x00, 0x00, 0x09, 0x00, 0x00, 0x00, 0x03, 
0x00, 0x00, 0x00, 0x0E, 0xFF, 0xFF, 0xFF, 0xFD, 0x00, 0x00, 0x00, 0x00, 0x00, 0x00, 0x22, 0x19, 
0x00, 0x00, 0x00, 0x01, 0x00, 0x00, 0x00, 0x01, 0x00, 0x00, 0x00, 0x05, 0x00, 0x00, 0x00, 0x07, 
0x00, 0x00, 0x00, 0x02, 0x00, 0x00, 0x00, 0x00, 0x00, 0x00, 0x22, 0x1A, 0x00, 0x00, 0x00, 0x13, 
0x00, 0x00, 0x00, 0x0B, 0x00, 0x00, 0x00, 0x0B, 0x00, 0x00, 0x00, 0x12, 0x00, 0x00, 0x00, 0x00, 
0x00, 0x00, 0x00, 0x00, 0x00, 0x00, 0x22, 0x1E, 0x00, 0x00, 0x00, 0x08, 0x00, 0x00, 0x00, 0x0D, 
0x00, 0x00, 0x00, 0x0E, 0x00, 0x00, 0x00, 0x09, 0x00, 0x00, 0x00, 0x00, 0x00, 0x00, 0x00, 0x00, 
0x00, 0x00, 0x22, 0x48, 0x00, 0x00, 0x00, 0x08, 0x00, 0x00, 0x00, 0x0B, 0x00, 0x00, 0x00, 0x0C, 
0x00, 0x00, 0x00, 0x0B, 0x00, 0x00, 0x00, 0x00, 0x00, 0x00, 0x00, 0x00, 0x00, 0x00, 0x22, 0x60, 
0x00, 0x00, 0x00, 0x10, 0x00, 0x00, 0x00, 0x0B, 0x00, 0x00, 0x00, 0x0B, 0x00, 0x00, 0x00, 0x0D, 
0x00, 0x00, 0x00, 0x00, 0x00, 0x00, 0x00, 0x00, 0x00, 0x00, 0x26, 0x3A, 0x00, 0x00, 0x00, 0x0E, 
0x00, 0x00, 0x00, 0x0D, 0x00, 0x00, 0x00, 0x14, 0x00, 0x00, 0x00, 0x0C, 0x00, 0x00, 0x00, 0x04, 
0x00, 0x00, 0x00, 0x00, 0x00, 0x00, 0x26, 0x3B, 0x00, 0x00, 0x00, 0x0E, 0x00, 0x00, 0x00, 0x0D, 
0x00, 0x00, 0x00, 0x15, 0x00, 0x00, 0x00, 0x0C, 0x00, 0x00, 0x00, 0x04, 0x00, 0x00, 0x00, 0x00, 
0x00, 0x00, 0x26, 0x3C, 0x00, 0x00, 0x00, 0x13, 0x00, 0x00, 0x00, 0x13, 0x00, 0x00, 0x00, 0x12, 
0x00, 0x00, 0x00, 0x10, 0x00, 0x00, 0x00, 0x00, 0x00, 0x00, 0x00, 0x00, 0x00, 0x00, 0x26, 0x40, 
0x00, 0x00, 0x00, 0x14, 0x00, 0x00, 0x00, 0x0B, 0x00, 0x00, 0x00, 0x0F, 0x00, 0x00, 0x00, 0x0F, 
0x00, 0x00, 0x00, 0x02, 0x00, 0x00, 0x00, 0x00, 0x00, 0x00, 0x26, 0x42, 0x00, 0x00, 0x00, 0x13, 
0x00, 0x00, 0x00, 0x0D, 0x00, 0x00, 0x00, 0x0F, 0x00, 0x00, 0x00, 0x10, 0x00, 0x00, 0x00, 0x01, 
0x00, 0x00, 0x00, 0x00, 0x00, 0x00, 0x26, 0x60, 0x00, 0x00, 0x00, 0x0C, 0x00, 0x00, 0x00, 0x0A, 
0x00, 0x00, 0x00, 0x0B, 0x00, 0x00, 0x00, 0x0C, 0x00, 0x00, 0x00, 0x01, 0x00, 0x00, 0x00, 0x00, 
0x00, 0x00, 0x26, 0x63, 0x00, 0x00, 0x00, 0x0C, 0x00, 0x00, 0x00, 0x0D, 0x00, 0x00, 0x00, 0x0D, 
0x00, 0x00, 0x00, 0x0C, 0x00, 0x00, 0x00, 0x00, 0x00, 0x00, 0x00, 0x00, 0x00, 0x00, 0x26, 0x65, 
0x00, 0x00, 0x00, 0x0D, 0x00, 0x00, 0x00, 0x0B, 0x00, 0x00, 0x00, 0x0C, 0x00, 0x00, 0x00, 0x0C, 
0x00, 0x00, 0x00, 0x01, 0x00, 0x00, 0x00, 0x00, 0x00, 0x00, 0x26, 0x66, 0x00, 0x00, 0x00, 0x0D, 
0x00, 0x00, 0x00, 0x09, 0x00, 0x00, 0x00, 0x0B, 0x00, 0x00, 0x00, 0x0C, 0x00, 0x00, 0x00, 0x01, 
0x00, 0x00, 0x00, 0x00, 0x00, 0x00, 0x26, 0x6A, 0x00, 0x00, 0x00, 0x0F, 0x00, 0x00, 0x00, 0x0A, 
0x00, 0x00, 0x00, 0x0A, 0x00, 0x00, 0x00, 0x0E, 0x00, 0x00, 0x00, 0x00, 0x00, 0x00, 0x00, 0x00, 
0x00, 0x00, 0x26, 0x6B, 0x00, 0x00, 0x00, 0x11, 0x00, 0x00, 0x00, 0x0D, 0x00, 0x00, 0x00, 0x0F, 
0x00, 0x00, 0x00, 0x0F, 0x00, 0x00, 0x00, 0x00, 0x00, 0x00, 0x00, 0x00, 0x00, 0x00, 0x26, 0x6F, 
0x00, 0x00, 0x00, 0x10, 0x00, 0x00, 0x00, 0x0C, 0x00, 0x00, 0x00, 0x0A, 0x00, 0x00, 0x00, 0x0E, 
0x00, 0x00, 0x00, 0x00, 0x00, 0x00, 0x00, 0x00, 0x00, 0x00, 0x00, 0x00, 0x00, 0x00, 0x00, 0x00, 
0x00, 0x00, 0xA5, 0x00, 0x00, 0x06, 0xE3, 0x00, 0x00, 0x35, 0xBB, 0x00, 0x00, 0x68, 0x81, 0x00, 
0x00, 0x9A, 0x44, 0x00, 0x00, 0xC7, 0x0A, 0x00, 0x08, 0xBF, 0x00, 0x00, 0x40, 0x87, 0x00, 0x00, 
0x88, 0x50, 0x00, 0x00, 0xD8, 0x1A, 0x00, 0x00, 0x00, 0x00, 0x00, 0x00, 0x00, 0x00, 0x00, 0xB4, 
0x00, 0x00, 0x00, 0x10, 0xCC, 0xD1, 0x00, 0x15, 0xC8, 0xD2, 0x6A, 0xFF, 0xC6, 0x00, 0x70, 0xFF, 
0xC7, 0x97, 0xFF, 0x4C, 0x00, 0x9B, 0xFF, 0x5B, 0xB8, 0xC8, 0x00, 0x00, 0xBB, 0xD6, 0x03, 0xD5, 
0x43, 0x00, 0x00, 0xD7, 0x52, 0x00, 0xB0, 0x00, 0x00, 0x00, 0xBD, 0x00, 0x00, 0x00, 0x00, 0x09, 
0xF2, 0x00, 0x00, 0x09, 0xF2, 0x00, 0x00, 0x00, 0x00, 0x1C, 0xE0, 0x00, 0x00, 0x1C, 0xE0, 0x00, 
0x00, 0x00, 0x00, 0x2E, 0xCD, 0x00, 0x00, 0x2E, 0xCD, 0x00, 0x00, 0x00, 0x00, 0x41, 0xBB, 0x00, 
0x00, 0x41, 0xBB, 0x00, 0x00, 0x00, 0x00, 0x53, 0xA9, 0x00, 0x00, 0x53, 0xA9, 0x00, 0x00, 0xFF, 
0xFF, 0xFF, 0xFF, 0xFF, 0xFF, 0xFF, 0xFF, 0xFF, 0xFF, 0x00, 0x00, 0x76, 0x86, 0x00, 0x00, 0x76, 
0x86, 0x00, 0x00, 0x00, 0x00, 0x88, 0x73, 0x00, 0x00, 0x88, 0x73, 0x00, 0x00, 0x00, 0x00, 0x9B, 
0x61, 0x00, 0x00, 0x9B, 0x61, 0x00, 0x00, 0xFF, 0xFF, 0xFF, 0xFF, 0xFF, 0xFF, 0xFF, 0xFF, 0xFF, 
0xFF, 0x00, 0x00, 0xC2, 0x3A, 0x00, 0x00, 0xC2, 0x3A, 0x00, 0x00, 0x00, 0x00, 0xD4, 0x28, 0x00, 
0x00, 0xD4, 0x28, 0x00, 0x00, 0x00, 0x00, 0xE6, 0x16, 0x00, 0x00, 0xE6, 0x16, 0x00, 0x00, 0x00, 
0x00, 0xF7, 0x05, 0x00, 0x00, 0xF7, 0x05, 0x00, 0x00, 0x00, 0x00, 0x00, 0x00, 0x00, 0x4E, 0xAC, 
0x00, 0x00, 0x00, 0x00, 0x07, 0x8E, 0xEC, 0xFF, 0xD9, 0x8B, 0x33, 0x00, 0x00, 0x8C, 0xA1, 0x0E, 
0xD3, 0x95, 0xFF, 0xBF, 0x00, 0x00, 0xE5, 0x14, 0x18, 0xE2, 0x02, 0xFD, 0x3F, 0x00, 0x00, 0xF3, 
0x16, 0x5C, 0x9E, 0x00, 0x00, 0x00, 0x00, 0x00, 0xB2, 0x87, 0xA6, 0x59, 0x00, 0x00, 0x00, 0x00, 
0x00, 0x28, 0xF3, 0xFF, 0x61, 0x00, 0x00, 0x00, 0x00, 0x00, 0x00, 0x59, 0xFA, 0xFF, 0x88, 0x00, 
0x00, 0x00, 0x00, 0x00, 0x6B, 0x8A, 0x7D, 0xFF, 0x73, 0x00, 0x00, 0x00, 0x00, 0xAF, 0x55, 0x00, 
0x75, 0xE5, 0x00, 0x08, 0xDD, 0x03, 0xEF, 0x21, 0x00, 0x0C, 0xEF, 0x00, 0x60, 0xF5, 0x37, 0xEC, 
0x00, 0x00, 0x4D, 0xA9, 0x00, 0xCB, 0xFF, 0xAA, 0xB9, 0x0F, 0x65, 0xD9, 0x20, 0x00, 0x53, 0xCC, 
0xFE, 0xF7, 0xE3, 0x9D, 0x1C, 0x00, 0x00, 0x00, 0x09, 0xED, 0x05, 0x00, 0x00, 0x00, 0x00, 0x00, 
0x00, 0x00, 0x18, 0xA9, 0xF4, 0xCC, 0x26, 0x00, 0x00, 0x00, 0x00, 0x00, 0x00, 0x00, 0x2F, 0xB4, 
0x1B, 0x00, 0x11, 0xDB, 0xB0, 0x17, 0x3C, 0xBF, 0x00, 0x00, 0x00, 0x00, 0x00, 0x00, 0x48, 0xAA, 
0x0D, 0x00, 0x00, 0x92, 0xD8, 0x07, 0x00, 0x16, 0xF6, 0x00, 0x00, 0x00, 0x00, 0x00, 0x66, 0x95, 
0x04, 0x00, 0x00, 0x00, 0xE5, 0x5D, 0x00, 0x00, 0x63, 0xE6, 0x00, 0x00, 0x00, 0x01, 0x86, 0x77, 
0x00, 0x00, 0x00, 0x00, 0x00, 0xF6, 0x14, 0x00, 0x0D, 0xDF, 0x97, 0x00, 0x00, 0x07, 0xA1, 0x56, 
0x00, 0x00, 0x00, 0x00, 0x00, 0x00, 0xBF, 0x40, 0x1E, 0xBB, 0xE1, 0x15, 0x00, 0x13, 0xB0, 0x3B, 
0x00, 0x00, 0x00, 0x00, 0x00, 0x00, 0x00, 0x25, 0xC9, 0xF6, 0xB3, 0x1E, 0x00, 0x24, 0xB6, 0x25, 
0x00, 0x17, 0xAB, 0xF4, 0xC8, 0x23, 0x00, 0x00, 0x00, 0x00, 0x00, 0x00, 0x00, 0x3B, 0xB0, 0x13, 
0x00, 0x0F, 0xD9, 0xB5, 0x17, 0x3A, 0xBD, 0x00, 0x00, 0x00, 0x00, 0x00, 0x00, 0x56, 0xA1, 0x07, 
0x00, 0x00, 0x8E, 0xDD, 0x0A, 0x00, 0x14, 0xF4, 0x00, 0x00, 0x00, 0x00, 0x00, 0x76, 0x87, 0x01, 
0x00, 0x00, 0x00, 0xE3, 0x62, 0x00, 0x00, 0x63, 0xE2, 0x00, 0x00, 0x00, 0x04, 0x95, 0x66, 0x00, 
0x00, 0x00, 0x00, 0x00, 0xF7, 0x15, 0x00, 0x0B, 0xDE, 0x8E, 0x00, 0x00, 0x0D, 0xAA, 0x48, 0x00, 
0x00, 0x00, 0x00, 0x00, 0x00, 0xC3, 0x3F, 0x1E, 0xB6, 0xE0, 0x11, 0x00, 0x1B, 0xB4, 0x2F, 0x00, 
0x00, 0x00, 0x00, 0x00, 0x00, 0x00, 0x27, 0xCA, 0xF3, 0xAC, 0x1A, 0x00, 0x00, 0x00, 0x00, 0x00, 
0x00, 0x00, 0x00, 0x6F, 0xE6, 0xEE, 0x63, 0x00, 0x00, 0x00, 0x00, 0x00, 0x00, 0x00, 0x00, 0x00, 
0x51, 0x9D, 0x0F, 0x4E, 0xEF, 0x00, 0x00, 0x00, 0x00, 0x00, 0x00, 0x00, 0x00, 0x00, 0xC4, 0x19, 
0x00, 0x18, 0xD4, 0x00, 0x00, 0x00, 0x00, 0x00, 0x00, 0x00, 0x00, 0x00, 0xEE, 0x00, 0x08, 0xA7, 
0x44, 0x00, 0x00, 0x00, 0x00, 0x00, 0x00, 0x00, 0x00, 0x00, 0xFF, 0x7F, 0x9B, 0x32, 0x00, 0x00, 
0x00, 0x00, 0x00, 0x00, 0x00, 0x00, 0x2F, 0x85, 0xFF, 0x2A, 0x00, 0x00, 0x00, 0x00, 0x00, 0x00, 
0x00, 0x00, 0x26, 0xA0, 0x68, 0x0B, 0xDA, 0x52, 0x00, 0x00, 0x9C, 0xFF, 0xFF, 0xFF, 0xD0, 0x26, 
0xC4, 0x15, 0x00, 0x00, 0x9B, 0x94, 0x00, 0x00, 0x06, 0xE3, 0xAA, 0x3E, 0x0C, 0xB2, 0x3D, 0x00, 
0x00, 0x00, 0x4C, 0xE6, 0x03, 0x02, 0x9C, 0x6B, 0x00, 0x00, 0x00, 0xF5, 0x0E, 0x00, 0x00, 0x00, 
0x05, 0xE7, 0x5D, 0xAE, 0x56, 0x00, 0x00, 0x00, 0x00, 0xE6, 0x51, 0x00, 0x00, 0x00, 0x00, 0x7C, 
0xFF, 0x50, 0x00, 0x00, 0x00, 0x00, 0x00, 0x8F, 0xEC, 0x5E, 0x14, 0x09, 0x26, 0x76, 0xFF, 0xCC, 
0x38, 0x0D, 0x80, 0xA7, 0x00, 0x09, 0x8B, 0xE2, 0xF6, 0xD9, 0xA6, 0x3E, 0x52, 0xC4, 0xEC, 0xF1, 
0x9B, 0x09, 0x00, 0x10, 0xCE, 0xD0, 0x6A, 0xFF, 0xC4, 0x97, 0xFF, 0x48, 0xB8, 0xC6, 0x00, 0xD5, 
0x43, 0x00, 0xB3, 0x00, 0x00, 0x00, 0x00, 0x00, 0x00, 0x00, 0x06, 0x5B, 0x00, 0x00, 0x00, 0x00, 
0x12, 0x72, 0x07, 0x00, 0x00, 0x00, 0x17, 0x98, 0x06, 0x00, 0x00, 0x00, 0x0B, 0xBF, 0x19, 0x00, 
0x00, 0x00, 0x00, 0xA9, 0x7B, 0x00, 0x00, 0x00, 0x00, 0x55, 0xE7, 0x09, 0x00, 0x00, 0x00, 0x04, 
0xDE, 0x89, 0x00, 0x00, 0x00, 0x00, 0x51, 0xFF, 0x29, 0x00, 0x00, 0x00, 0x00, 0xA0, 0xD2, 0x00, 
0x00, 0x00, 0x00, 0x00, 0xD4, 0x94, 0x00, 0x00, 0x00, 0x00, 0x00, 0xF2, 0x58, 0x00, 0x00, 0x00, 
0x00, 0x00, 0xFC, 0x2D, 0x00, 0x00, 0x00, 0x00, 0x00, 0xEE, 0x17, 0x00, 0x00, 0x00, 0x00, 0x00, 
0xDC, 0x06, 0x00, 0x00, 0x00, 0x00, 0x00, 0xBE, 0x1E, 0x00, 0x00, 0x00, 0x00, 0x00, 0x90, 0x44, 
0x00, 0x00, 0x00, 0x00, 0x00, 0x5A, 0x8F, 0x00, 0x00, 0x00, 0x00, 0x00, 0x1E, 0xCE, 0x00, 0x00, 
0x00, 0x00, 0x00, 0x00, 0x00, 0x00, 0x00, 0x00, 0xCC, 0x1E, 0x00, 0x00, 0x00, 0x00, 0x00, 0x93, 
0x5A, 0x00, 0x00, 0x00, 0x00, 0x00, 0x46, 0x90, 0x00, 0x00, 0x00, 0x00, 0x00, 0x20, 0xBE, 0x00, 
0x00, 0x00, 0x00, 0x00, 0x06, 0xDB, 0x00, 0x00, 0x00, 0x00, 0x00, 0x17, 0xED, 0x00, 0x00, 0x00, 
0x00, 0x00, 0x2E, 0xFB, 0x00, 0x00, 0x00, 0x00, 0x00, 0x59, 0xF0, 0x00, 0x00, 0x00, 0x00, 0x00, 
0x96, 0xD3, 0x00, 0x00, 0x00, 0x00, 0x00, 0xD4, 0x9F, 0x00, 0x00, 0x00, 0x00, 0x2A, 0xFF, 0x50, 
0x00, 0x00, 0x00, 0x00, 0x89, 0xDE, 0x04, 0x00, 0x00, 0x00, 0x08, 0xE6, 0x55, 0x00, 0x00, 0x00, 
0x00, 0x76, 0xA8, 0x00, 0x00, 0x00, 0x00, 0x15, 0xBB, 0x0A, 0x00, 0x00, 0x00, 0x04, 0x91, 0x16, 
0x00, 0x00, 0x00, 0x04, 0x69, 0x12, 0x00, 0x00, 0x00, 0x00, 0x52, 0x06, 0x00, 0x00, 0x00, 0x00, 
0x00, 0x00, 0x00, 0x1A, 0xE7, 0x24, 0x00, 0x00, 0x00, 0x00, 0x3A, 0xFF, 0x45, 0x00, 0x00, 0xD1, 
0xA3, 0x23, 0xFF, 0x2A, 0xA2, 0xCF, 0x8A, 0xF4, 0x91, 0xFF, 0x9B, 0xF4, 0x8A, 0x00, 0x11, 0xAF, 
0xFF, 0xB2, 0x14, 0x00, 0x85, 0xF8, 0x8D, 0xFF, 0x91, 0xF7, 0x8B, 0xCF, 0x9F, 0x26, 0xFF, 0x28, 
0x9F, 0xD1, 0x00, 0x00, 0x3C, 0xFF, 0x43, 0x00, 0x00, 0x00, 0x00, 0x20, 0xE8, 0x1D, 0x00, 0x00, 
0x00, 0x00, 0x00, 0x00, 0x00, 0xFF, 0x00, 0x00, 0x00, 0x00, 0x00, 0x00, 0x00, 0x00, 0x00, 0x00, 
0xFF, 0x00, 0x00, 0x00, 0x00, 0x00, 0x00, 0x00, 0x00, 0x00, 0x00, 0xFF, 0x00, 0x00, 0x00, 0x00, 
0x00, 0x00, 0x00, 0x00, 0x00, 0x00, 0xFF, 0x00, 0x00, 0x00, 0x00, 0x00, 0x00, 0x00, 0x00, 0x00, 
0x00, 0xFF, 0x00, 0x00, 0x00, 0x00, 0x00, 0xFF, 0xFF, 0xFF, 0xFF, 0xFF, 0xFF, 0xFF, 0xFF, 0xFF, 
0xFF, 0xFF, 0x00, 0x00, 0x00, 0x00, 0x00, 0xFF, 0x00, 0x00, 0x00, 0x00, 0x00, 0x00, 0x00, 0x00, 
0x00, 0x00, 0xFF, 0x00, 0x00, 0x00, 0x00, 0x00, 0x00, 0x00, 0x00, 0x00, 0x00, 0xFF, 0x00, 0x00, 
0x00, 0x00, 0x00, 0x00, 0x00, 0x00, 0x00, 0x00, 0xFF, 0x00, 0x00, 0x00, 0x00, 0x00, 0x00, 0x00, 
0x00, 0x00, 0x00, 0xFF, 0x00, 0x00, 0x00, 0x00, 0x00, 0x00, 0xCA, 0xBD, 0x00, 0x52, 0xE6, 0x2A, 
0xA6, 0x66, 0xC0, 0x57, 0x00, 0xC4, 0xFF, 0xFF, 0xFF, 0xFF, 0xFF, 0x31, 0xC5, 0xC4, 0xC7, 0xC5, 
0x00, 0x00, 0x00, 0x00, 0x00, 0x00, 0x00, 0x45, 0xB5, 0x00, 0x00, 0x00, 0x00, 0x00, 0x00, 0x03, 
0xCF, 0x28, 0x00, 0x00, 0x00, 0x00, 0x00, 0x00, 0x6B, 0x91, 0x00, 0x00, 0x00, 0x00, 0x00, 0x00, 
0x10, 0xD9, 0x11, 0x00, 0x00, 0x00, 0x00, 0x00, 0x00, 0x90, 0x6C, 0x00, 0x00, 0x00, 0x00, 0x00, 
0x00, 0x27, 0xD0, 0x04, 0x00, 0x00, 0x00, 0x00, 0x00, 0x00, 0xB5, 0x47, 0x00, 0x00, 0x00, 0x00, 
0x00, 0x00, 0x47, 0xB3, 0x00, 0x00, 0x00, 0x00, 0x00, 0x00, 0x04, 0xD0, 0x27, 0x00, 0x00, 0x00, 
0x00, 0x00, 0x00, 0x6D, 0x8F, 0x00, 0x00, 0x00, 0x00, 0x00, 0x00, 0x11, 0xD9, 0x10, 0x00, 0x00, 
0x00, 0x00, 0x00, 0x00, 0x92, 0x6A, 0x00, 0x00, 0x00, 0x00, 0x00, 0x00, 0x29, 0xCF, 0x03, 0x00, 
0x00, 0x00, 0x00, 0x00, 0x00, 0xB6, 0x45, 0x00, 0x00, 0x00, 0x00, 0x00, 0x00, 0x00, 0x00, 0x00, 
0x00, 0x24, 0xAB, 0xEC, 0xE2, 0x83, 0x05, 0x00, 0x00, 0x00, 0x31, 0xDF, 0x73, 0x1C, 0x0E, 0x92, 
0x95, 0x00, 0x00, 0x0E, 0xD3, 0x30, 0x00, 0x00, 0x00, 0x0E, 0xF3, 0x00, 0x00, 0x8D, 0x67, 0x00, 
0x00, 0x00, 0x00, 0x06, 0xFF, 0x06, 0x12, 0xD7, 0x03, 0x00, 0x00, 0x00, 0x00, 0x14, 0xF6, 0x00, 
0x61, 0x90, 0x00, 0x00, 0x00, 0x00, 0x00, 0x2A, 0xDF, 0x00, 0xB0, 0x54, 0x00, 0x00, 0x00, 0x00, 
0x00, 0x48, 0xB1, 0x00, 0xDB, 0x34, 0x00, 0x00, 0x00, 0x00, 0x00, 0x6B, 0x6E, 0x00, 0xF5, 0x17, 
0x00, 0x00, 0x00, 0x00, 0x00, 0x97, 0x15, 0x00, 0xF7, 0x09, 0x00, 0x00, 0x00, 0x00, 0x64, 0x94, 
0x00, 0x00, 0xD2, 0x0B, 0x00, 0x00, 0x00, 0x45, 0xDB, 0x0E, 0x00, 0x00, 0x72, 0x8C, 0x0E, 0x11, 
0x45, 0xD9, 0x30, 0x00, 0x00, 0x00, 0x02, 0x79, 0xE2, 0xF5, 0xAE, 0x20, 0x00, 0x00, 0x00, 0x00, 
0x00, 0x00, 0x00, 0x00, 0x3B, 0xF4, 0xFF, 0x32, 0x00, 0x00, 0x00, 0x00, 0x00, 0x21, 0xDF, 0x00, 
0x00, 0x00, 0x00, 0x00, 0x00, 0x72, 0x8C, 0x00, 0x00, 0x00, 0x00, 0x00, 0x00, 0xC4, 0x39, 0x00, 
0x00, 0x00, 0x00, 0x00, 0x18, 0xE3, 0x01, 0x00, 0x00, 0x00, 0x00, 0x00, 0x69, 0x94, 0x00, 0x00, 
0x00, 0x00, 0x00, 0x00, 0xBC, 0x41, 0x00, 0x00, 0x00, 0x00, 0x00, 0x12, 0xE6, 0x03, 0x00, 0x00, 
0x00, 0x00, 0x00, 0x61, 0x9B, 0x00, 0x00, 0x00, 0x00, 0x00, 0x00, 0xB3, 0x48, 0x00, 0x00, 0x00, 
0x00, 0x00, 0x0A, 0xE7, 0x05, 0x00, 0x00, 0x00, 0x00, 0x10, 0x53, 0xCC, 0x0F, 0x00, 0x00, 0x00, 
0x6E, 0xFF, 0xFF, 0xFF, 0xFF, 0x0B, 0x00, 0x00, 0x00, 0x00, 0x01, 0x6A, 0xCF, 0xF6, 0xE2, 0x86, 
0x07, 0x00, 0x00, 0x66, 0xAA, 0x2F, 0x07, 0x10, 0x6F, 0x96, 0x00, 0x00, 0x00, 0x00, 0x00, 0x00, 
0x00, 0x0E, 0xEF, 0x00, 0x00, 0x00, 0x00, 0x00, 0x00, 0x00, 0x0B, 0xE7, 0x00, 0x00, 0x00, 0x00, 
0x00, 0x00, 0x00, 0x3B, 0xB2, 0x00, 0x00, 0x00, 0x00, 0x00, 0x00, 0x00, 0xB3, 0x44, 0x00, 0x00, 
0x00, 0x00, 0x00, 0x00, 0x6E, 0xA2, 0x00, 0x00, 0x00, 0x00, 0x00, 0x00, 0x52, 0xAE, 0x05, 0x00, 
0x00, 0x00, 0x00, 0x00, 0x4E, 0xAB, 0x06, 0x00, 0x00, 0x00, 0x00, 0x00, 0x5E, 0xA7, 0x05, 0x00, 
0x00, 0x00, 0x00, 0x00, 0x75, 0xA3, 0x03, 0x00, 0x00, 0x00, 0x00, 0x05, 0x9D, 0x99, 0x02, 0x00, 
0x00, 0x49, 0xB6, 0x00, 0xC1, 0xFF, 0xFF, 0xFF, 0xFF, 0xFF, 0xFB, 0x29, 0x00, 0x00, 0x00, 0x04, 
0x80, 0xE3, 0xF2, 0xB2, 0x1A, 0x00, 0x00, 0x98, 0x7E, 0x22, 0x0C, 0x71, 0xB7, 0x00, 0x00, 0x00, 
0x00, 0x00, 0x00, 0x0A, 0xF3, 0x00, 0x00, 0x00, 0x00, 0x00, 0x00, 0x32, 0xC6, 0x00, 0x00, 0x00, 
0x00, 0x00, 0x17, 0xC5, 0x35, 0x00, 0x00, 0x13, 0x3F, 0x84, 0x9F, 0x28, 0x00, 0x00, 0x00, 0xFF, 
0xFE, 0xF6, 0xB7, 0x16, 0x00, 0x00, 0x00, 0x01, 0x01, 0x00, 0x1C, 0xB2, 0x00, 0x00, 0x00, 0x00, 
0x00, 0x00, 0x00, 0xF1, 0x01, 0x00, 0x00, 0x00, 0x00, 0x00, 0x04, 0xFB, 0x05, 0x00, 0x00, 0x00, 
0x00, 0x00, 0x3A, 0xA2, 0x00, 0xC7, 0xDB, 0x67, 0x11, 0x29, 0x92, 0x0A, 0x00, 0x8C, 0xEE, 0xF4, 
0xC9, 0x67, 0x02, 0x00, 0x00, 0x00, 0x00, 0x00, 0x00, 0x00, 0x00, 0x00, 0x37, 0xDF, 0x00, 0x00, 
0x00, 0x00, 0x00, 0x00, 0x1A, 0xE6, 0xAD, 0x00, 0x00, 0x00, 0x00, 0x00, 0x07, 0xBF, 0xBF, 0x73, 
0x00, 0x00, 0x00, 0x00, 0x00, 0xA0, 0x58, 0xC7, 0x39, 0x00, 0x00, 0x00, 0x00, 0x72, 0x87, 0x07, 
0xF1, 0x07, 0x00, 0x00, 0x00, 0x45, 0xB1, 0x02, 0x3A, 0xC6, 0x00, 0x00, 0x00, 0x24, 0xC6, 0x0F, 
0x00, 0x74, 0x8C, 0x00, 0x00, 0x0D, 0xC5, 0x27, 0x00, 0x00, 0xAE, 0x52, 0x00, 0x00, 0xAB, 0x4A, 
0x00, 0x00, 0x00, 0xE7, 0x18, 0x00, 0x2C, 0xFF, 0xFF, 0xFF, 0xFF, 0xFF, 0xFF, 0xFF, 0x9D, 0x00, 
0x00, 0x00, 0x00, 0x00, 0x5D, 0xA2, 0x00, 0x00, 0x00, 0x00, 0x00, 0x00, 0x00, 0x96, 0x69, 0x00, 
0x00, 0x00, 0x00, 0x00, 0x00, 0x00, 0xCF, 0x30, 0x00, 0x00, 0x00, 0x00, 0x00, 0x00, 0xD8, 0xFF, 
0xFF, 0xFF, 0x43, 0x00, 0x00, 0x00, 0x43, 0xC2, 0x00, 0x00, 0x00, 0x00, 0x00, 0x00, 0x00, 0xAC, 
0x68, 0x00, 0x00, 0x00, 0x00, 0x00, 0x00, 0x1A, 0xFB, 0x6E, 0x1E, 0x00, 0x00, 0x00, 0x00, 0x00, 
0x7F, 0xFF, 0xFF, 0xF6, 0x35, 0x00, 0x00, 0x00, 0x00, 0x08, 0x2B, 0x75, 0xF9, 0xB6, 0x00, 0x00, 
0x00, 0x00, 0x00, 0x00, 0x00, 0x7D, 0xF0, 0x00, 0x00, 0x00, 0x00, 0x00, 0x00, 0x00, 0x20, 0xF8, 
0x00, 0x00, 0x00, 0x00, 0x00, 0x00, 0x00, 0x09, 0xD8, 0x00, 0x00, 0x00, 0x00, 0x00, 0x00, 0x00, 
0x2C, 0x87, 0x00, 0x00, 0x00, 0x00, 0x00, 0x00, 0x00, 0x85, 0x14, 0x00, 0x00, 0xC0, 0xBD, 0x2C, 
0x18, 0x78, 0x3B, 0x00, 0x00, 0x00, 0x97, 0xF4, 0xE8, 0x9D, 0x1F, 0x00, 0x00, 0x00, 0x00, 0x00, 
0x00, 0x00, 0x00, 0x00, 0x0D, 0x72, 0xB9, 0xE0, 0x00, 0x00, 0x00, 0x00, 0x63, 0x9B, 0x39, 0x02, 
0x00, 0x00, 0x00, 0x04, 0xA0, 0x5E, 0x00, 0x00, 0x00, 0x00, 0x00, 0x01, 0xA4, 0x7B, 0x00, 0x00, 
0x00, 0x00, 0x00, 0x00, 0x68, 0xFC, 0xAC, 0xEF, 0xC6, 0x3C, 0x00, 0x00, 0x12, 0xEF, 0x94, 0x23, 
0x09, 0x39, 0xCA, 0x55, 0x00, 0x6C, 0xD2, 0x03, 0x00, 0x00, 0x00, 0x27, 0xDB, 0x00, 0xC0, 0x5C, 
0x00, 0x00, 0x00, 0x00, 0x00, 0xE7, 0x00, 0xE5, 0x0F, 0x00, 0x00, 0x00, 0x00, 0x00, 0xBD, 0x00, 
0xEF, 0x00, 0x00, 0x00, 0x00, 0x00, 0x2A, 0x97, 0x00, 0xD0, 0x1B, 0x00, 0x00, 0x00, 0x15, 0xC7, 
0x23, 0x00, 0x64, 0xB8, 0x22, 0x0C, 0x57, 0xDC, 0x52, 0x00, 0x00, 0x01, 0x81, 0xE8, 0xF6, 0xBE, 
0x38, 0x00, 0x00, 0x00, 0x40, 0xFF, 0xFF, 0xFF, 0xFF, 0xFF, 0xFF, 0xD5, 0xC0, 0x8B, 0x15, 0x02, 
0x00, 0x00, 0xAF, 0x4C, 0x00, 0x00, 0x00, 0x00, 0x00, 0x3A, 0xBF, 0x00, 0x00, 0x00, 0x00, 0x00, 
0x00, 0xC4, 0x35, 0x00, 0x00, 0x00, 0x00, 0x00, 0x53, 0xA7, 0x00, 0x00, 0x00, 0x00, 0x00, 0x05, 
0xD4, 0x21, 0x00, 0x00, 0x00, 0x00, 0x00, 0x6C, 0x8F, 0x00, 0x00, 0x00, 0x00, 0x00, 0x0D, 0xDA, 
0x13, 0x00, 0x00, 0x00, 0x00, 0x00, 0x85, 0x76, 0x00, 0x00, 0x00, 0x00, 0x00, 0x1A, 0xD8, 0x08, 
0x00, 0x00, 0x00, 0x00, 0x00, 0x9D, 0x5E, 0x00, 0x00, 0x00, 0x00, 0x00, 0x2C, 0xCD, 0x02, 0x00, 
0x00, 0x00, 0x00, 0x00, 0x92, 0x46, 0x00, 0x00, 0x00, 0x00, 0x00, 0x00, 0x00, 0x00, 0x00, 0x49, 
0xCD, 0xF5, 0xDF, 0x84, 0x08, 0x00, 0x00, 0x3E, 0xA8, 0x25, 0x07, 0x21, 0x69, 0x85, 0x00, 0x00, 
0xC8, 0x11, 0x00, 0x00, 0x00, 0x00, 0xB0, 0x00, 0x00, 0xDA, 0x4C, 0x00, 0x00, 0x00, 0x24, 0xCA, 
0x00, 0x00, 0x36, 0xE8, 0x51, 0x00, 0x0B, 0xA8, 0x38, 0x00, 0x00, 0x00, 0x3D, 0xF5, 0xAF, 0x7E, 
0x20, 0x00, 0x00, 0x00, 0x41, 0x52, 0xA3, 0xFF, 0x34, 0x00, 0x00, 0x0A, 0xA2, 0x3A, 0x00, 0x00, 
0x69, 0xD4, 0x11, 0x00, 0x8E, 0x68, 0x00, 0x00, 0x00, 0x00, 0x7A, 0xB4, 0x00, 0xE9, 0x14, 0x00, 
0x00, 0x00, 0x00, 0x11, 0xF5, 0x00, 0xEB, 0x22, 0x00, 0x00, 0x00, 0x00, 0x42, 0xBC, 0x00, 0x79, 
0xCB, 0x3D, 0x0B, 0x16, 0x60, 0xD9, 0x2B, 0x00, 0x00, 0x5D, 0xCE, 0xF5, 0xEB, 0xA5, 0x22, 0x00, 
0x00, 0x00, 0x00, 0x00, 0x34, 0xBB, 0xF5, 0xE6, 0x79, 0x00, 0x00, 0x00, 0x4F, 0xDF, 0x59, 0x0C, 
0x23, 0xB8, 0x5C, 0x00, 0x22, 0xD6, 0x1C, 0x00, 0x00, 0x00, 0x1A, 0xCD, 0x00, 0x98, 0x4C, 0x00, 
0x00, 0x00, 0x00, 0x0A, 0xF5, 0x00, 0xD9, 0x03, 0x00, 0x00, 0x00, 0x00, 0x33, 0xE6, 0x00, 0xE9, 
0x00, 0x00, 0x00, 0x00, 0x00, 0x7E, 0xC1, 0x00, 0x7E, 0x22, 0x00, 0x00, 0x00, 0x05, 0xE0, 0x6E, 
0x00, 0x0A, 0xAF, 0x32, 0x07, 0x1F, 0x91, 0xF1, 0x14, 0x00, 0x00, 0x52, 0xE4, 0xF5, 0xB7, 0xFB, 
0x6B, 0x00, 0x00, 0x00, 0x00, 0x00, 0x00, 0x6A, 0xA8, 0x02, 0x00, 0x00, 0x00, 0x00, 0x00, 0x5F, 
0xA2, 0x04, 0x00, 0x00, 0x0A, 0x26, 0x63, 0xB3, 0x66, 0x00, 0x00, 0x00, 0x00, 0xEE, 0xC1, 0x72, 
0x0D, 0x00, 0x00, 0x00, 0x00, 0x00, 0x00, 0x00, 0xC3, 0xC3, 0x00, 0x00, 0xC3, 0xC3, 0x00, 0x00, 
0x00, 0x00, 0x00, 0x00, 0x00, 0x00, 0x00, 0x00, 0x00, 0x00, 0x00, 0x00, 0x00, 0x00, 0x00, 0x00, 
0x00, 0x00, 0xC3, 0xC3, 0x00, 0x00, 0xC3, 0xC3, 0x00, 0x00, 0x00, 0x00, 0x00, 0x00, 0x00, 0x00, 
0x00, 0x0C, 0x66, 0xCC, 0x00, 0x00, 0x00, 0x00, 0x00, 0x33, 0x99, 0xE6, 0x9A, 0x33, 0x00, 0x00, 
0x0C, 0x66, 0xCC, 0xCC, 0x66, 0x0C, 0x00, 0x00, 0x33, 0x99, 0xE5, 0x99, 0x32, 0x00, 0x00, 0x00, 
0x00, 0x00, 0xFF, 0xC3, 0x17, 0x00, 0x00, 0x00, 0x00, 0x00, 0x00, 0x00, 0x33, 0x9A, 0xE5, 0x97, 
0x30, 0x00, 0x00, 0x00, 0x00, 0x00, 0x00, 0x00, 0x0D, 0x67, 0xCC, 0xC9, 0x63, 0x0B, 0x00, 0x00, 
0x00, 0x00, 0x00, 0x00, 0x00, 0x33, 0x9A, 0xE4, 0x95, 0x2F, 0x00, 0x00, 0x00, 0x00, 0x00, 0x00, 
0x00, 0x0D, 0x67, 0xCC, 0xFF, 0xFF, 0xFF, 0xFF, 0xFF, 0xFF, 0xFF, 0xFF, 0xFF, 0xFF, 0xFF, 0x00, 
0x00, 0x00, 0x00, 0x00, 0x00, 0x00, 0x00, 0x00, 0x00, 0x00, 0x00, 0x00, 0x00, 0x00, 0x00, 0x00, 
0x00, 0x00, 0x00, 0x00, 0x00, 0xFF, 0xFF, 0xFF, 0xFF, 0xFF, 0xFF, 0xFF, 0xFF, 0xFF, 0xFF, 0xFF, 
0xCC, 0x66, 0x0C, 0x00, 0x00, 0x00, 0x00, 0x00, 0x00, 0x00, 0x33, 0x9A, 0xE6, 0x99, 0x33, 0x00, 
0x00, 0x00, 0x00, 0x00, 0x00, 0x00, 0x0C, 0x66, 0xCC, 0xCC, 0x66, 0x0C, 0x00, 0x00, 0x00, 0x00, 
0x00, 0x00, 0x00, 0x32, 0x99, 0xE5, 0x99, 0x33, 0x00, 0x00, 0x00, 0x00, 0x00, 0x00, 0x00, 0x18, 
0xC3, 0xFF, 0x00, 0x00, 0x00, 0x00, 0x00, 0x30, 0x97, 0xE5, 0x9A, 0x33, 0x00, 0x00, 0x0B, 0x63, 
0xC9, 0xCC, 0x67, 0x0C, 0x00, 0x00, 0x2F, 0x95, 0xE4, 0x9A, 0x33, 0x00, 0x00, 0x00, 0x00, 0x00, 
0xCC, 0x67, 0x0C, 0x00, 0x00, 0x00, 0x00, 0x00, 0x00, 0x00, 0x00, 0x0C, 0x9D, 0xEC, 0xE6, 0x91, 
0x0A, 0x00, 0x9A, 0x5A, 0x0A, 0x1C, 0xA5, 0x9C, 0x00, 0xED, 0x00, 0x00, 0x00, 0x0F, 0xF1, 0x00, 
0xBC, 0x00, 0x00, 0x00, 0x31, 0xE5, 0x00, 0x00, 0x00, 0x00, 0x00, 0x63, 0x7F, 0x00, 0x00, 0x00, 
0x00, 0x51, 0x81, 0x01, 0x00, 0x00, 0x09, 0x8D, 0x54, 0x00, 0x00, 0x00, 0x0D, 0xA9, 0x27, 0x00, 
0x00, 0x00, 0x00, 0x8A, 0x2D, 0x00, 0x00, 0x00, 0x00, 0x00, 0xDA, 0x00, 0x00, 0x00, 0x00, 0x00, 
0x00, 0x00, 0x00, 0x00, 0x00, 0x00, 0x00, 0x00, 0x00, 0x00, 0x00, 0x00, 0x00, 0x00, 0xB4, 0x00, 
0x00, 0x00, 0x00, 0x00, 0x00, 0x00, 0x00, 0x00, 0x00, 0x00, 0x2E, 0x91, 0xD3, 0xF4, 0xF4, 0xD7, 
0x99, 0x36, 0x00, 0x00, 0x00, 0x00, 0x00, 0x00, 0x00, 0x10, 0xA2, 0xDE, 0x73, 0x2A, 0x08, 0x0F, 
0x32, 0x87, 0xEE, 0x8E, 0x05, 0x00, 0x00, 0x00, 0x00, 0x1D, 0xD9, 0x8D, 0x07, 0x00, 0x00, 0x00, 
0x00, 0x00, 0x00, 0x1D, 0xCC, 0x8A, 0x00, 0x00, 0x00, 0x0A, 0xD2, 0x7B, 0x00, 0x00, 0x00, 0x00, 
0x00, 0x00, 0x00, 0x00, 0x00, 0x1C, 0xEA, 0x2F, 0x00, 0x00, 0x8A, 0xB4, 0x00, 0x00, 0x00, 0x00, 
0x3D, 0xC9, 0xEE, 0x4D, 0x2A, 0x9F, 0x25, 0x81, 0x92, 0x00, 0x15, 0xF4, 0x25, 0x00, 0x00, 0x00, 
0x4F, 0xF0, 0x63, 0x0E, 0x46, 0xF3, 0xE2, 0x00, 0x2D, 0xD6, 0x00, 0x70, 0xB2, 0x00, 0x00, 0x00, 
0x30, 0xF7, 0x4E, 0x00, 0x00, 0x07, 0xFF, 0x9A, 0x00, 0x0B, 0xF3, 0x00, 0xB7, 0x60, 0x00, 0x00, 
0x01, 0xC5, 0x8A, 0x00, 0x00, 0x00, 0x05, 0xFF, 0x52, 0x00, 0x0F, 0xEE, 0x00, 0xE4, 0x29, 0x00, 
0x00, 0x44, 0xED, 0x10, 0x00, 0x00, 0x00, 0x11, 0xFB, 0x0E, 0x00, 0x2C, 0xCF, 0x00, 0xF9, 0x0A, 
0x00, 0x00, 0xA3, 0x85, 0x00, 0x00, 0x00, 0x00, 0x5E, 0xBD, 0x00, 0x00, 0x6F, 0x89, 0x00, 0xF9, 
0x08, 0x00, 0x00, 0xDD, 0x2E, 0x00, 0x00, 0x00, 0x6B, 0xFE, 0x72, 0x00, 0x00, 0xCA, 0x2E, 0x00, 
0xE1, 0x23, 0x00, 0x00, 0xF8, 0x09, 0x00, 0x00, 0x5B, 0xEC, 0xFF, 0x2B, 0x00, 0x57, 0x9F, 0x00, 
0x00, 0xAF, 0x4D, 0x00, 0x00, 0xD8, 0x64, 0x10, 0x77, 0x82, 0x4F, 0xFF, 0x21, 0x5B, 0xBB, 0x10, 
0x00, 0x00, 0x61, 0xA9, 0x00, 0x00, 0x51, 0xEE, 0xC4, 0x3B, 0x00, 0x12, 0xF6, 0xD8, 0x7A, 0x0A, 
0x00, 0x10, 0xA9, 0x09, 0xDE, 0x27, 0x00, 0x00, 0x00, 0x00, 0x00, 0x00, 0x00, 0x00, 0x00, 0x00, 
0x00, 0x00, 0x8E, 0x25, 0x00, 0x46, 0xCF, 0x08, 0x00, 0x00, 0x00, 0x00, 0x00, 0x00, 0x00, 0x00, 
0x00, 0x00, 0x67, 0x4E, 0x00, 0x00, 0x00, 0x7A, 0xCD, 0x25, 0x00, 0x00, 0x00, 0x00, 0x00, 0x00, 
0x00, 0x0A, 0x87, 0x55, 0x00, 0x00, 0x00, 0x00, 0x00, 0x50, 0xE6, 0xA3, 0x48, 0x1F, 0x05, 0x10, 
0x3A, 0x83, 0xC6, 0x38, 0x00, 0x00, 0x00, 0x00, 0x00, 0x00, 0x00, 0x10, 0x73, 0xC0, 0xED, 0xFB, 
0xEA, 0xBA, 0x66, 0x06, 0x00, 0x00, 0x00, 0x00, 0x00, 0x00, 0x00, 0x00, 0x00, 0x00, 0x00, 0x00, 
0x00, 0x0B, 0xD9, 0x00, 0x00, 0x00, 0x00, 0x00, 0x00, 0x00, 0x00, 0x00, 0x00, 0x00, 0x8C, 0xFF, 
0x00, 0x00, 0x00, 0x00, 0x00, 0x00, 0x00, 0x00, 0x00, 0x00, 0x5B, 0x55, 0xFF, 0x00, 0x00, 0x00, 
0x00, 0x00, 0x00, 0x00, 0x00, 0x00, 0x23, 0x9C, 0x00, 0xFF, 0x00, 0x00, 0x00, 0x00, 0x00, 0x00, 
0x00, 0x00, 0x05, 0xB4, 0x14, 0x00, 0xFF, 0x00, 0x00, 0x00, 0x00, 0x00, 0x00, 0x00, 0x00, 0x8B, 
0x52, 0x00, 0x00, 0xFF, 0x00, 0x00, 0x00, 0x00, 0x00, 0x00, 0x00, 0x46, 0xA4, 0x00, 0x00, 0x00, 
0xFF, 0x00, 0x00, 0x00, 0x00, 0x00, 0x00, 0x17, 0xD0, 0x12, 0x00, 0x00, 0x00, 0xFF, 0x00, 0x00, 
0x00, 0x00, 0x00, 0x01, 0xB9, 0xFF, 0xFF, 0xFF, 0xFF, 0xFF, 0xFF, 0x00, 0x00, 0x00, 0x00, 0x00, 
0x75, 0x8E, 0x00, 0x00, 0x00, 0x00, 0x00, 0xFF, 0x00, 0x00, 0x00, 0x00, 0x50, 0xC1, 0x06, 0x00, 
0x00, 0x00, 0x00, 0x09, 0xF4, 0x00, 0x00, 0x0B, 0x6B, 0xF9, 0x44, 0x00, 0x00, 0x00, 0x00, 0x0B, 
0x70, 0xFD, 0x3A, 0x02, 0xC6, 0xFF, 0xFF, 0xFF, 0x21, 0x00, 0x00, 0x00, 0xF6, 0xFF, 0xFF, 0xFF, 
0x95, 0x00, 0x00, 0x00, 0x00, 0xEA, 0xFF, 0xFF, 0xFF, 0xFB, 0xD0, 0x3C, 0x00, 0x00, 0x00, 0x00, 
0x00, 0x04, 0x8B, 0xBC, 0x0B, 0x0E, 0x3B, 0xBE, 0x45, 0x00, 0x00, 0x00, 0x00, 0x00, 0x8B, 0x60, 
0x00, 0x00, 0x00, 0x20, 0xE1, 0x00, 0x00, 0x00, 0x00, 0x00, 0xD1, 0x0F, 0x00, 0x00, 0x00, 0x16, 
0xEC, 0x00, 0x00, 0x00, 0x00, 0x2F, 0xB0, 0x00, 0x00, 0x00, 0x00, 0x6D, 0xAB, 0x00, 0x00, 0x00, 
0x00, 0x85, 0x58, 0x02, 0x0D, 0x2E, 0x7A, 0xDF, 0x23, 0x00, 0x00, 0x00, 0x00, 0xDB, 0xFF, 0xFF, 
0xFF, 0xFF, 0xCC, 0x13, 0x00, 0x00, 0x00, 0x00, 0x32, 0xB6, 0x00, 0x05, 0x1D, 0x5A, 0xE0, 0x4F, 
0x00, 0x00, 0x00, 0x00, 0x88, 0x63, 0x00, 0x00, 0x00, 0x00, 0x32, 0xDB, 0x00, 0x00, 0x00, 0x00, 
0xD9, 0x14, 0x00, 0x00, 0x00, 0x00, 0x13, 0xF2, 0x00, 0x00, 0x00, 0x3A, 0xBE, 0x00, 0x00, 0x00, 
0x00, 0x00, 0x66, 0xAC, 0x00, 0x00, 0x1A, 0xC1, 0x7B, 0x07, 0x02, 0x0D, 0x2D, 0x79, 0xDB, 0x1E, 
0x00, 0x70, 0xFF, 0xFF, 0xFF, 0xFF, 0xFD, 0xF3, 0xD1, 0x86, 0x15, 0x00, 0x00, 0x00, 0x00, 0x00, 
0x00, 0x13, 0x79, 0xC8, 0xF2, 0xF0, 0xAA, 0x33, 0x55, 0xAC, 0x00, 0x00, 0x00, 0x5B, 0xDB, 0x7F, 
0x2D, 0x0D, 0x1A, 0x68, 0xF2, 0xFF, 0x86, 0x00, 0x00, 0x8F, 0xB8, 0x14, 0x00, 0x00, 0x00, 0x00, 
0x00, 0x6A, 0xFF, 0x5F, 0x00, 0x63, 0x9E, 0x01, 0x00, 0x00, 0x00, 0x00, 0x00, 0x00, 0x1D, 0xFF, 
0x39, 0x19, 0xAC, 0x04, 0x00, 0x00, 0x00, 0x00, 0x00, 0x00, 0x00, 0x05, 0xFF, 0x13, 0x83, 0x40, 
0x00, 0x00, 0x00, 0x00, 0x00, 0x00, 0x00, 0x00, 0x00, 0x00, 0x00, 0xCE, 0x1A, 0x00, 0x00, 0x00, 
0x00, 0x00, 0x00, 0x00, 0x00, 0x00, 0x00, 0x00, 0xF5, 0x09, 0x00, 0x00, 0x00, 0x00, 0x00, 0x00, 
0x00, 0x00, 0x00, 0x00, 0x00, 0xF2, 0x07, 0x00, 0x00, 0x00, 0x00, 0x00, 0x00, 0x00, 0x00, 0x00, 
0x00, 0x00, 0xC4, 0x3B, 0x00, 0x00, 0x00, 0x00, 0x00, 0x00, 0x00, 0x00, 0x00, 0x00, 0x00, 0x57, 
0xC7, 0x0A, 0x00, 0x00, 0x00, 0x00, 0x00, 0x00, 0x37, 0x7A, 0x00, 0x00, 0x00, 0x8F, 0xD5, 0x59, 
0x18, 0x04, 0x14, 0x43, 0x9E, 0x99, 0x03, 0x00, 0x00, 0x00, 0x00, 0x48, 0xB1, 0xE7, 0xF9, 0xE4, 
0xB1, 0x4B, 0x00, 0x00, 0x00, 0x00, 0x00, 0x00, 0x00, 0x00, 0xCA, 0xFF, 0xFF, 0xFF, 0xFB, 0xE9, 
0xBD, 0x58, 0x00, 0x00, 0x00, 0x00, 0x00, 0x00, 0x03, 0x8D, 0xC8, 0x04, 0x03, 0x18, 0x53, 0xCD, 
0x8F, 0x00, 0x00, 0x00, 0x00, 0x00, 0x00, 0x83, 0x74, 0x00, 0x00, 0x00, 0x00, 0x06, 0xC5, 0x43, 
0x00, 0x00, 0x00, 0x00, 0x00, 0xCC, 0x21, 0x00, 0x00, 0x00, 0x00, 0x00, 0x44, 0xAF, 0x00, 0x00, 
0x00, 0x00, 0x23, 0xCC, 0x00, 0x00, 0x00, 0x00, 0x00, 0x00, 0x0E, 0xE7, 0x00, 0x00, 0x00, 0x00, 
0x79, 0x79, 0x00, 0x00, 0x00, 0x00, 0x00, 0x00, 0x09, 0xF9, 0x00, 0x00, 0x00, 0x00, 0xCF, 0x25, 
0x00, 0x00, 0x00, 0x00, 0x00, 0x00, 0x24, 0xE2, 0x00, 0x00, 0x00, 0x25, 0xD1, 0x00, 0x00, 0x00, 
0x00, 0x00, 0x00, 0x00, 0x64, 0xA7, 0x00, 0x00, 0x00, 0x7C, 0x7E, 0x00, 0x00, 0x00, 0x00, 0x00, 
0x00, 0x01, 0xC8, 0x4C, 0x00, 0x00, 0x00, 0xD2, 0x2A, 0x00, 0x00, 0x00, 0x00, 0x00, 0x00, 0x6E, 
0xC5, 0x01, 0x00, 0x00, 0x2D, 0xCF, 0x00, 0x00, 0x00, 0x00, 0x00, 0x01, 0x6E, 0xD5, 0x19, 0x00, 
0x00, 0x18, 0xBC, 0x87, 0x04, 0x07, 0x18, 0x3C, 0x77, 0xD2, 0xB1, 0x13, 0x00, 0x00, 0x70, 0xFF, 
0xFF, 0xFF, 0xFF, 0xFF, 0xF3, 0xDB, 0xA5, 0x44, 0x00, 0x00, 0x00, 0x00, 0x00, 0x00, 0x00, 0x00, 
0xCC, 0xFF, 0xFF, 0xFF, 0xFF, 0xFF, 0xFF, 0xFF, 0xBA, 0x00, 0x00, 0x00, 0x00, 0x04, 0x87, 0xC6, 
0x00, 0x00, 0x06, 0x60, 0xFF, 0x6F, 0x00, 0x00, 0x00, 0x00, 0x00, 0x82, 0x74, 0x00, 0x00, 0x00, 
0x00, 0xF9, 0x25, 0x00, 0x00, 0x00, 0x00, 0x00, 0xCC, 0x22, 0x00, 0x00, 0x00, 0x00, 0x00, 0x00, 
0x00, 0x00, 0x00, 0x00, 0x23, 0xCE, 0x00, 0x00, 0x01, 0xE5, 0x00, 0x00, 0x00, 0x00, 0x00, 0x00, 
0x00, 0x79, 0x7D, 0x00, 0x11, 0x7E, 0xB2, 0x00, 0x00, 0x00, 0x00, 0x00, 0x00, 0x00, 0xCF, 0xFF, 
0xFF, 0xFF, 0xFF, 0x7F, 0x00, 0x00, 0x00, 0x00, 0x00, 0x00, 0x24, 0xC7, 0x00, 0x03, 0x31, 0xF6, 
0x4C, 0x00, 0x00, 0x00, 0x00, 0x00, 0x00, 0x7B, 0x78, 0x00, 0x00, 0x00, 0xE8, 0x19, 0x00, 0x00, 
0x00, 0x00, 0x00, 0x00, 0xD1, 0x29, 0x00, 0x00, 0x00, 0x00, 0x00, 0x00, 0x00, 0x00, 0x00, 0x00, 
0x2C, 0xD6, 0x00, 0x00, 0x00, 0x00, 0x00, 0x44, 0xC4, 0x00, 0x00, 0x00, 0x15, 0xB7, 0x88, 0x04, 
0x00, 0x04, 0x12, 0x44, 0xE4, 0x4F, 0x00, 0x00, 0x64, 0xFF, 0xFF, 0xFF, 0xFF, 0xFF, 0xFF, 0xFF, 
0xFF, 0xD8, 0x01, 0x00, 0x00, 0x00, 0x00, 0x00, 0x00, 0xCE, 0xFF, 0xFF, 0xFF, 0xFF, 0xFF, 0xFF, 
0xFF, 0xBA, 0x00, 0x00, 0x00, 0x00, 0x04, 0x87, 0xCA, 0x00, 0x00, 0x03, 0x4A, 0xFC, 0x6F, 0x00, 
0x00, 0x00, 0x00, 0x00, 0x80, 0x78, 0x00, 0x00, 0x00, 0x00, 0xEF, 0x25, 0x00, 0x00, 0x00, 0x00, 
0x00, 0xCA, 0x26, 0x00, 0x00, 0x00, 0x00, 0x00, 0x00, 0x00, 0x00, 0x00, 0x00, 0x21, 0xD2, 0x00, 
0x00, 0x00, 0xD6, 0x00, 0x00, 0x00, 0x00, 0x00, 0x00, 0x00, 0x77, 0x81, 0x00, 0x10, 0x66, 0xB1, 
0x00, 0x00, 0x00, 0x00, 0x00, 0x00, 0x00, 0xCE, 0xFF, 0xFF, 0xFF, 0xFF, 0x7F, 0x00, 0x00, 0x00, 
0x00, 0x00, 0x00, 0x24, 0xC6, 0x00, 0x09, 0x44, 0xF9, 0x4C, 0x00, 0x00, 0x00, 0x00, 0x00, 0x00, 
0x7B, 0x77, 0x00, 0x00, 0x00, 0xEC, 0x19, 0x00, 0x00, 0x00, 0x00, 0x00, 0x00, 0xD1, 0x27, 0x00, 
0x00, 0x00, 0x00, 0x00, 0x00, 0x00, 0x00, 0x00, 0x00, 0x2D, 0xCC, 0x00, 0x00, 0x00, 0x00, 0x00, 
0x00, 0x00, 0x00, 0x00, 0x00, 0x17, 0xBA, 0x8D, 0x0F, 0x00, 0x00, 0x00, 0x00, 0x00, 0x00, 0x00, 
0x00, 0x68, 0xFF, 0xFF, 0xFF, 0xFF, 0x19, 0x00, 0x00, 0x00, 0x00, 0x00, 0x00, 0x00, 0x00, 0x00, 
0x00, 0x00, 0x2C, 0x8E, 0xD5, 0xF3, 0xEB, 0xAE, 0x3D, 0x49, 0xAC, 0x00, 0x00, 0x00, 0x05, 0x91, 
0xCB, 0x67, 0x23, 0x09, 0x1C, 0x6C, 0xF2, 0xFF, 0x86, 0x00, 0x00, 0x04, 0xB3, 0x6D, 0x02, 0x00, 
0x00, 0x00, 0x00, 0x00, 0x53, 0xFF, 0x5F, 0x00, 0x00, 0x8C, 0x4F, 0x00, 0x00, 0x00, 0x00, 0x00, 
0x00, 0x00, 0x03, 0xF5, 0x39, 0x00, 0x28, 0xB5, 0x00, 0x00, 0x00, 0x00, 0x00, 0x00, 0x00, 0x00, 
0x00, 0xF4, 0x13, 0x00, 0x8E, 0x5C, 0x00, 0x00, 0x00, 0x00, 0x00, 0x00, 0x00, 0x00, 0x00, 0x00, 
0x00, 0x00, 0xD7, 0x22, 0x00, 0x00, 0x00, 0x00, 0x00, 0x00, 0x62, 0xFF, 0xFF, 0xFF, 0xFF, 0x6F, 
0xF5, 0x07, 0x00, 0x00, 0x00, 0x00, 0x00, 0x00, 0x00, 0x13, 0xAE, 0xDC, 0x26, 0x01, 0xEC, 0x0E, 
0x00, 0x00, 0x00, 0x00, 0x00, 0x00, 0x00, 0x00, 0xB1, 0x65, 0x00, 0x00, 0xAE, 0x59, 0x00, 0x00, 
0x00, 0x00, 0x00, 0x00, 0x00, 0x04, 0xEE, 0x15, 0x00, 0x00, 0x37, 0xE0, 0x20, 0x00, 0x00, 0x00, 
0x00, 0x00, 0x00, 0x40, 0xC4, 0x00, 0x00, 0x00, 0x00, 0x62, 0xE7, 0x7A, 0x2E, 0x0B, 0x01, 0x04, 
0x13, 0x94, 0x76, 0x00, 0x00, 0x00, 0x00, 0x00, 0x2A, 0x92, 0xD7, 0xF1, 0xF9, 0xE8, 0xC5, 0x8B, 
0x18, 0x00, 0x00, 0x00, 0x00, 0x00, 0x00, 0x00, 0xE0, 0xFF, 0xFF, 0xFF, 0xAD, 0x00, 0x00, 0x00, 
0xE0, 0xFF, 0xFF, 0xFF, 0xBD, 0x00, 0x00, 0x00, 0x00, 0x05, 0x93, 0xCE, 0x27, 0x01, 0x00, 0x00, 
0x00, 0x05, 0x96, 0xD1, 0x2B, 0x01, 0x00, 0x00, 0x00, 0x00, 0x00, 0x8E, 0x43, 0x00, 0x00, 0x00, 
0x00, 0x00, 0x00, 0x91, 0x44, 0x00, 0x00, 0x00, 0x00, 0x00, 0x00, 0x00, 0xC7, 0x04, 0x00, 0x00, 
0x00, 0x00, 0x00, 0x01, 0xCC, 0x04, 0x00, 0x00, 0x00, 0x00, 0x00, 0x00, 0x2F, 0xA5, 0x00, 0x00, 
0x00, 0x00, 0x00, 0x00, 0x42, 0xA3, 0x00, 0x00, 0x00, 0x00, 0x00, 0x00, 0x00, 0x86, 0x57, 0x00, 
0x00, 0x00, 0x00, 0x00, 0x00, 0xA3, 0x54, 0x00, 0x00, 0x00, 0x00, 0x00, 0x00, 0x00, 0xDB, 0xFF, 
0xFF, 0xFF, 0xFF, 0xFF, 0xFF, 0xFF, 0xF8, 0x0D, 0x00, 0x00, 0x00, 0x00, 0x00, 0x00, 0x32, 0xB4, 
0x00, 0x00, 0x00, 0x00, 0x00, 0x00, 0x48, 0xB6, 0x00, 0x00, 0x00, 0x00, 0x00, 0x00, 0x00, 0x89, 
0x66, 0x00, 0x00, 0x00, 0x00, 0x00, 0x00, 0x97, 0x67, 0x00, 0x00, 0x00, 0x00, 0x00, 0x00, 0x00, 
0xDD, 0x19, 0x00, 0x00, 0x00, 0x00, 0x00, 0x01, 0xE3, 0x1A, 0x00, 0x00, 0x00, 0x00, 0x00, 0x00, 
0x3B, 0xC3, 0x00, 0x00, 0x00, 0x00, 0x00, 0x00, 0x3B, 0xBF, 0x00, 0x00, 0x00, 0x00, 0x00, 0x01, 
0x1A, 0xC3, 0x96, 0x0D, 0x00, 0x00, 0x00, 0x01, 0x1A, 0xC3, 0x84, 0x0D, 0x00, 0x00, 0x00, 0x00, 
0x78, 0xFF, 0xFF, 0xFF, 0xFE, 0x03, 0x00, 0x00, 0x92, 0xFF, 0xFF, 0xFF, 0xFB, 0x02, 0x00, 0x00, 
0x00, 0x00, 0x00, 0x00, 0x00, 0xD4, 0xFF, 0xFF, 0xFF, 0x8D, 0x00, 0x00, 0x00, 0x00, 0x05, 0x87, 
0xD7, 0x2A, 0x00, 0x00, 0x00, 0x00, 0x00, 0x00, 0x7F, 0x54, 0x00, 0x00, 0x00, 0x00, 0x00, 0x00, 
0x00, 0xC1, 0x09, 0x00, 0x00, 0x00, 0x00, 0x00, 0x00, 0x22, 0xAF, 0x00, 0x00, 0x00, 0x00, 0x00, 
0x00, 0x00, 0x78, 0x61, 0x00, 0x00, 0x00, 0x00, 0x00, 0x00, 0x00, 0xCC, 0x15, 0x00, 0x00, 0x00, 
0x00, 0x00, 0x00, 0x25, 0xC3, 0x00, 0x00, 0x00, 0x00, 0x00, 0x00, 0x00, 0x7C, 0x74, 0x00, 0x00, 
0x00, 0x00, 0x00, 0x00, 0x00, 0xD1, 0x26, 0x00, 0x00, 0x00, 0x00, 0x00, 0x00, 0x2E, 0xC8, 0x00, 
0x00, 0x00, 0x00, 0x00, 0x01, 0x1D, 0xBE, 0x7E, 0x0F, 0x00, 0x00, 0x00, 0x00, 0x92, 0xFF, 0xFF, 
0xFF, 0xFF, 0x29, 0x00, 0x00, 0x00, 0x00, 0x00, 0x00, 0x00, 0x00, 0x00, 0x22, 0xFF, 0xFF, 0xFF, 
0xFF, 0x41, 0x00, 0x00, 0x00, 0x00, 0x00, 0x00, 0x00, 0x15, 0xA7, 0xA1, 0x13, 0x00, 0x00, 0x00, 
0x00, 0x00, 0x00, 0x00, 0x00, 0x00, 0xC6, 0x13, 0x00, 0x00, 0x00, 0x00, 0x00, 0x00, 0x00, 0x00, 
0x00, 0x24, 0xB0, 0x00, 0x00, 0x00, 0x00, 0x00, 0x00, 0x00, 0x00, 0x00, 0x00, 0x7D, 0x61, 0x00, 
0x00, 0x00, 0x00, 0x00, 0x00, 0x00, 0x00, 0x00, 0x00, 0xD3, 0x15, 0x00, 0x00, 0x00, 0x00, 0x00, 
0x00, 0x00, 0x00, 0x00, 0x30, 0xC3, 0x00, 0x00, 0x00, 0x00, 0x00, 0x00, 0x00, 0x00, 0x00, 0x00, 
0x88, 0x74, 0x00, 0x00, 0x00, 0x00, 0x00, 0x00, 0x00, 0x00, 0x00, 0x00, 0xD8, 0x25, 0x00, 0x00, 
0x00, 0x00, 0x00, 0x00, 0x00, 0x00, 0x00, 0x3E, 0xCA, 0x00, 0x00, 0x00, 0x00, 0x00, 0xAC, 0xCC, 
0x00, 0x00, 0x17, 0xD9, 0x57, 0x00, 0x00, 0x00, 0x00, 0x00, 0xF0, 0x52, 0x17, 0x60, 0xE0, 0x9D, 
0x00, 0x00, 0x00, 0x00, 0x00, 0x00, 0x5E, 0xE5, 0xF5, 0xCC, 0x62, 0x00, 0x00, 0x00, 0x00, 0x00, 
0x00, 0x00, 0x00, 0x00, 0x00, 0x00, 0xBE, 0xFF, 0xFF, 0xFF, 0x73, 0x00, 0xA8, 0xFF, 0xFF, 0xFF, 
0x93, 0x00, 0x00, 0x00, 0x00, 0x03, 0x8D, 0xD3, 0x22, 0x00, 0x00, 0x34, 0xFA, 0x99, 0x39, 0x07, 
0x00, 0x00, 0x00, 0x00, 0x00, 0x83, 0x53, 0x00, 0x00, 0x70, 0xAD, 0x26, 0x00, 0x00, 0x00, 0x00, 
0x00, 0x00, 0x00, 0x00, 0xC8, 0x0E, 0x07, 0xA1, 0x8A, 0x02, 0x00, 0x00, 0x00, 0x00, 0x00, 0x00, 
0x00, 0x00, 0x23, 0xC6, 0x18, 0xC0, 0x5F, 0x00, 0x00, 0x00, 0x00, 0x00, 0x00, 0x00, 0x00, 0x00, 
0x00, 0x7A, 0xB5, 0xCD, 0x3C, 0x00, 0x00, 0x00, 0x00, 0x00, 0x00, 0x00, 0x00, 0x00, 0x00, 0x00, 
0xCF, 0xF0, 0x20, 0x00, 0x00, 0x00, 0x00, 0x00, 0x00, 0x00, 0x00, 0x00, 0x00, 0x00, 0x26, 0xC4, 
0x8C, 0x77, 0x00, 0x00, 0x00, 0x00, 0x00, 0x00, 0x00, 0x00, 0x00, 0x00, 0x00, 0x7D, 0x75, 0x01, 
0xAA, 0x56, 0x00, 0x00, 0x00, 0x00, 0x00, 0x00, 0x00, 0x00, 0x00, 0x00, 0xD3, 0x26, 0x00, 0x08, 
0xBE, 0x3A, 0x00, 0x00, 0x00, 0x00, 0x00, 0x00, 0x00, 0x00, 0x2F, 0xD2, 0x00, 0x00, 0x00, 0x15, 
0xCB, 0x25, 0x00, 0x00, 0x00, 0x00, 0x00, 0x00, 0x17, 0xBB, 0x93, 0x0D, 0x00, 0x00, 0x0B, 0x76, 
0xE9, 0x60, 0x11, 0x00, 0x00, 0x00, 0x6C, 0xFF, 0xFF, 0xFF, 0xFF, 0x1B, 0x00, 0xCC, 0xFF, 0xFF, 
0xFF, 0xFF, 0x45, 0x00, 0x00, 0x00, 0x00, 0x00, 0x00, 0xDA, 0xFF, 0xFF, 0xFF, 0xCD, 0x00, 0x00, 
0x00, 0x00, 0x00, 0x00, 0x04, 0x84, 0xD8, 0x2B, 0x03, 0x00, 0x00, 0x00, 0x00, 0x00, 0x00, 0x00, 
0x81, 0x58, 0x00, 0x00, 0x00, 0x00, 0x00, 0x00, 0x00, 0x00, 0x00, 0xC4, 0x0A, 0x00, 0x00, 0x00, 
0x00, 0x00, 0x00, 0x00, 0x00, 0x24, 0xB1, 0x00, 0x00, 0x00, 0x00, 0x00, 0x00, 0x00, 0x00, 0x00, 
0x7B, 0x62, 0x00, 0x00, 0x00, 0x00, 0x00, 0x00, 0x00, 0x00, 0x00, 0xCE, 0x15, 0x00, 0x00, 0x00, 
0x00, 0x00, 0x00, 0x00, 0x00, 0x26, 0xC3, 0x00, 0x00, 0x00, 0x00, 0x00, 0x00, 0x00, 0x00, 0x00, 
0x7D, 0x74, 0x00, 0x00, 0x00, 0x00, 0x00, 0x00, 0x00, 0x00, 0x00, 0xD3, 0x25, 0x00, 0x00, 0x00, 
0x00, 0xD6, 0x2A, 0x00, 0x00, 0x2F, 0xD1, 0x00, 0x00, 0x00, 0x00, 0x3E, 0xD0, 0x00, 0x01, 0x1B, 
0xBE, 0x9B, 0x03, 0x00, 0x0F, 0x4B, 0xE7, 0x76, 0x00, 0x82, 0xFF, 0xFF, 0xFF, 0xFF, 0xFF, 0xFF, 
0xFF, 0xFE, 0x1E, 0x00, 0x00, 0x00, 0x00, 0x00, 0xE2, 0xE9, 0xFF, 0x17, 0x00, 0x00, 0x00, 0x00, 
0x00, 0x00, 0x00, 0x00, 0x53, 0xFF, 0xFF, 0xB0, 0x00, 0x00, 0x00, 0x00, 0x00, 0x79, 0xFF, 0x37, 
0x00, 0x00, 0x00, 0x00, 0x00, 0x00, 0x00, 0x25, 0xF1, 0xC4, 0x1E, 0x03, 0x00, 0x00, 0x00, 0x00, 
0x00, 0xC7, 0xE1, 0x56, 0x00, 0x00, 0x00, 0x00, 0x00, 0x00, 0x09, 0xC5, 0xEA, 0x3A, 0x00, 0x00, 
0x00, 0x00, 0x00, 0x00, 0x17, 0xE8, 0x92, 0x76, 0x00, 0x00, 0x00, 0x00, 0x00, 0x00, 0x9F, 0x6D, 
0xE5, 0x01, 0x00, 0x00, 0x00, 0x00, 0x00, 0x00, 0x65, 0x9D, 0x76, 0x96, 0x00, 0x00, 0x00, 0x00, 
0x00, 0x65, 0x92, 0x63, 0x9B, 0x00, 0x00, 0x00, 0x00, 0x00, 0x00, 0x00, 0xB3, 0x4E, 0x5D, 0xB5, 
0x00, 0x00, 0x00, 0x00, 0x31, 0xBF, 0x06, 0xB1, 0x4D, 0x00, 0x00, 0x00, 0x00, 0x00, 0x00, 0x0A, 
0xED, 0x09, 0x43, 0xD5, 0x00, 0x00, 0x00, 0x10, 0xC9, 0x1D, 0x09, 0xEB, 0x09, 0x00, 0x00, 0x00, 
0x00, 0x00, 0x00, 0x50, 0xB1, 0x00, 0x29, 0xF4, 0x00, 0x00, 0x01, 0xAF, 0x47, 0x00, 0x4F, 0xB0, 
0x00, 0x00, 0x00, 0x00, 0x00, 0x00, 0x00, 0x9F, 0x62, 0x00, 0x10, 0xFF, 0x14, 0x00, 0x77, 0x80, 
0x00, 0x00, 0x9D, 0x62, 0x00, 0x00, 0x00, 0x00, 0x00, 0x00, 0x02, 0xE8, 0x16, 0x00, 0x00, 0xF5, 
0x34, 0x3F, 0xB5, 0x02, 0x00, 0x02, 0xE7, 0x16, 0x00, 0x00, 0x00, 0x00, 0x00, 0x00, 0x3C, 0xBA, 
0x00, 0x00, 0x00, 0xDC, 0x6C, 0xCA, 0x14, 0x00, 0x00, 0x49, 0xC5, 0x00, 0x00, 0x00, 0x00, 0x00, 
0x01, 0x1C, 0xBC, 0x6C, 0x0B, 0x00, 0x00, 0xC3, 0xF3, 0x38, 0x00, 0x01, 0x21, 0xD1, 0xA0, 0x07, 
0x00, 0x00, 0x00, 0x00, 0xCA, 0xFF, 0xFF, 0xFF, 0xFA, 0x01, 0x00, 0xA9, 0x6E, 0x00, 0x00, 0xB4, 
0xFF, 0xFF, 0xFF, 0xFF, 0x15, 0x00, 0x00, 0x00, 0x00, 0x00, 0x00, 0x6E, 0xFF, 0xFF, 0xD4, 0x00, 
0x00, 0x00, 0x00, 0x00, 0x9A, 0xFF, 0xFF, 0xFF, 0xE9, 0x00, 0x00, 0x00, 0x00, 0x09, 0x83, 0xFF, 
0x2F, 0x00, 0x00, 0x00, 0x00, 0x01, 0x5B, 0xFF, 0x68, 0x05, 0x00, 0x00, 0x00, 0x00, 0x00, 0xB3, 
0xBF, 0x8A, 0x00, 0x00, 0x00, 0x00, 0x00, 0x78, 0xC1, 0x00, 0x00, 0x00, 0x00, 0x00, 0x00, 0x0A, 
0xED, 0x23, 0xE0, 0x02, 0x00, 0x00, 0x00, 0x00, 0xCB, 0x65, 0x00, 0x00, 0x00, 0x00, 0x00, 0x00, 
0x50, 0xB1, 0x00, 0xBC, 0x40, 0x00, 0x00, 0x00, 0x1C, 0xFA, 0x13, 0x00, 0x00, 0x00, 0x00, 0x00, 
0x00, 0x9E, 0x62, 0x00, 0x61, 0x9B, 0x00, 0x00, 0x00, 0x6D, 0xB8, 0x00, 0x00, 0x00, 0x00, 0x00, 
0x00, 0x02, 0xE7, 0x16, 0x00, 0x0E, 0xE6, 0x06, 0x00, 0x00, 0xBE, 0x62, 0x00, 0x00, 0x00, 0x00, 
0x00, 0x00, 0x3B, 0xC5, 0x00, 0x00, 0x00, 0xAC, 0x50, 0x00, 0x13, 0xF6, 0x11, 0x00, 0x00, 0x00, 
0x00, 0x00, 0x00, 0x89, 0x76, 0x00, 0x00, 0x00, 0x51, 0xAB, 0x00, 0x60, 0xB5, 0x00, 0x00, 0x00, 
0x00, 0x00, 0x00, 0x00, 0xD7, 0x28, 0x00, 0x00, 0x00, 0x07, 0xE6, 0x0E, 0xB1, 0x5E, 0x00, 0x00, 
0x00, 0x00, 0x00, 0x00, 0x25, 0xCE, 0x00, 0x00, 0x00, 0x00, 0x00, 0x9B, 0x6D, 0xEF, 0x0F, 0x00, 
0x00, 0x00, 0x00, 0x01, 0x19, 0xB5, 0x85, 0x0D, 0x00, 0x00, 0x00, 0x00, 0x40, 0xF1, 0xB1, 0x00, 
0x00, 0x00, 0x00, 0x00, 0x9A, 0xFF, 0xFF, 0xFF, 0xF3, 0x00, 0x00, 0x00, 0x00, 0x02, 0xE3, 0x5B, 
0x00, 0x00, 0x00, 0x00, 0x00, 0x00, 0x00, 0x00, 0x00, 0x00, 0x4D, 0xAB, 0xE4, 0xF8, 0xE3, 0x95, 
0x14, 0x00, 0x00, 0x00, 0x00, 0x1E, 0xC2, 0xCE, 0x5D, 0x1C, 0x07, 0x24, 0x7D, 0xD9, 0x12, 0x00, 
0x00, 0x2E, 0xE8, 0x79, 0x01, 0x00, 0x00, 0x00, 0x00, 0x00, 0x74, 0x92, 0x00, 0x1A, 0xE0, 0x57, 
0x00, 0x00, 0x00, 0x00, 0x00, 0x00, 0x00, 0x16, 0xE4, 0x00, 0xAB, 0x58, 0x00, 0x00, 0x00, 0x00, 
0x00, 0x00, 0x00, 0x00, 0x0D, 0xF9, 0x3A, 0x91, 0x00, 0x00, 0x00, 0x00, 0x00, 0x00, 0x00, 0x00, 
0x00, 0x27, 0xDF, 0x9E, 0x4C, 0x00, 0x00, 0x00, 0x00, 0x00, 0x00, 0x00, 0x00, 0x00, 0x60, 0xA1, 
0xDB, 0x1E, 0x00, 0x00, 0x00, 0x00, 0x00, 0x00, 0x00, 0x00, 0x00, 0xA9, 0x42, 0xF7, 0x08, 0x00, 
0x00, 0x00, 0x00, 0x00, 0x00, 0x00, 0x00, 0x1A, 0xBD, 0x00, 0xE2, 0x1B, 0x00, 0x00, 0x00, 0x00, 
0x00, 0x00, 0x00, 0x00, 0xA4, 0x2A, 0x00, 0x91, 0x7C, 0x00, 0x00, 0x00, 0x00, 0x00, 0x00, 0x2D, 
0x9E, 0x4D, 0x00, 0x00, 0x12, 0xD9, 0x83, 0x25, 0x07, 0x1B, 0x5E, 0xC0, 0xDA, 0x3A, 0x00, 0x00, 
0x00, 0x00, 0x15, 0x93, 0xE1, 0xFA, 0xEB, 0xB8, 0x5F, 0x05, 0x00, 0x00, 0x00, 0x00, 0x00, 0x00, 
0x00, 0x00, 0xD6, 0xFF, 0xFF, 0xFF, 0xFC, 0xDD, 0x84, 0x07, 0x00, 0x00, 0x00, 0x00, 0x0B, 0x94, 
0xC0, 0x11, 0x02, 0x0C, 0x59, 0x8D, 0x00, 0x00, 0x00, 0x00, 0x00, 0x87, 0x65, 0x00, 0x00, 0x00, 
0x06, 0xE8, 0x00, 0x00, 0x00, 0x00, 0x00, 0xCB, 0x13, 0x00, 0x00, 0x00, 0x11, 0xEB, 0x00, 0x00, 
0x00, 0x00, 0x25, 0xB7, 0x00, 0x00, 0x00, 0x00, 0x4F, 0x98, 0x00, 0x00, 0x00, 0x00, 0x7B, 0x80, 
0x0B, 0x08, 0x1E, 0x4C, 0xB4, 0x10, 0x00, 0x00, 0x00, 0x00, 0xCD, 0xA8, 0xE8, 0xFF, 0xF3, 0x98, 
0x0F, 0x00, 0x00, 0x00, 0x00, 0x26, 0xC1, 0x00, 0x00, 0x00, 0x01, 0x00, 0x00, 0x00, 0x00, 0x00, 
0x00, 0x7D, 0x73, 0x00, 0x00, 0x00, 0x00, 0x00, 0x00, 0x00, 0x00, 0x00, 0x00, 0xD2, 0x24, 0x00, 
0x00, 0x00, 0x00, 0x00, 0x00, 0x00, 0x00, 0x00, 0x31, 0xCA, 0x00, 0x00, 0x00, 0x00, 0x00, 0x00, 
0x00, 0x00, 0x01, 0x19, 0xBF, 0x9C, 0x10, 0x00, 0x00, 0x00, 0x00, 0x00, 0x00, 0x00, 0x76, 0xFF, 
0xFF, 0xFF, 0xFF, 0x11, 0x00, 0x00, 0x00, 0x00, 0x00, 0x00, 0x00, 0x00, 0x00, 0x00, 0x00, 0x4B, 
0xAD, 0xE8, 0xF9, 0xE2, 0x98, 0x17, 0x00, 0x00, 0x00, 0x00, 0x18, 0xBF, 0xCD, 0x5D, 0x1C, 0x07, 
0x24, 0x80, 0xDD, 0x14, 0x00, 0x00, 0x30, 0xE2, 0x76, 0x01, 0x00, 0x00, 0x00, 0x00, 0x00, 0x76, 
0x94, 0x00, 0x11, 0xDD, 0x5B, 0x00, 0x00, 0x00, 0x00, 0x00, 0x00, 0x00, 0x16, 0xE4, 0x00, 0xAE, 
0x75, 0x00, 0x00, 0x00, 0x00, 0x00, 0x00, 0x00, 0x00, 0x0E, 0xF9, 0x39, 0xC5, 0x00, 0x00, 0x00, 
0x00, 0x00, 0x00, 0x00, 0x00, 0x00, 0x2B, 0xDE, 0x9E, 0x6C, 0x00, 0x00, 0x00, 0x00, 0x00, 0x00, 
0x00, 0x00, 0x00, 0x6B, 0x9D, 0xDF, 0x2A, 0x00, 0x00, 0x00, 0x00, 0x00, 0x00, 0x00, 0x00, 0x00, 
0xB9, 0x37, 0xF9, 0x0C, 0x00, 0x00, 0x00, 0x00, 0x00, 0x00, 0x00, 0x00, 0x39, 0xA9, 0x00, 0xE5, 
0x1B, 0x00, 0x00, 0x00, 0x00, 0x00, 0x00, 0x00, 0x1F, 0xC6, 0x15, 0x00, 0xA5, 0x7C, 0x00, 0x00, 
0x00, 0x00, 0x00, 0x00, 0x5A, 0xD0, 0x2B, 0x00, 0x00, 0x31, 0xF6, 0x83, 0x25, 0x07, 0x1C, 0x5F, 
0xCD, 0xB6, 0x1B, 0x00, 0x00, 0x00, 0x00, 0x4D, 0xD8, 0xFF, 0xF7, 0xD7, 0x99, 0x3A, 0x00, 0x00, 
0x00, 0x00, 0x00, 0x00, 0x00, 0x59, 0x83, 0x00, 0x00, 0x00, 0x00, 0x00, 0x00, 0x00, 0x00, 0x00, 
0x00, 0x28, 0x82, 0x00, 0x00, 0x00, 0x00, 0x00, 0x00, 0x00, 0x5E, 0x9C, 0x00, 0x0A, 0xD4, 0xF9, 
0xE3, 0xAB, 0x78, 0x32, 0x09, 0x13, 0x70, 0xAB, 0x08, 0x00, 0x17, 0x00, 0x00, 0x00, 0x01, 0x6F, 
0xE8, 0xEE, 0xC0, 0x5C, 0x00, 0x00, 0x00, 0x00, 0x00, 0x00, 0x00, 0xC6, 0xFF, 0xFF, 0xFF, 0xFB, 
0xDF, 0x86, 0x05, 0x00, 0x00, 0x00, 0x00, 0x00, 0x0A, 0x94, 0xCB, 0x08, 0x05, 0x17, 0x77, 0x85, 
0x00, 0x00, 0x00, 0x00, 0x00, 0x00, 0x82, 0x73, 0x00, 0x00, 0x00, 0x0C, 0xE2, 0x00, 0x00, 0x00, 
0x00, 0x00, 0x00, 0xC8, 0x1D, 0x00, 0x00, 0x00, 0x11, 0xEE, 0x00, 0x00, 0x00, 0x00, 0x00, 0x21, 
0xC3, 0x00, 0x00, 0x00, 0x00, 0x57, 0xB0, 0x00, 0x00, 0x00, 0x00, 0x00, 0x77, 0x77, 0x03, 0x08, 
0x20, 0x5E, 0xD7, 0x28, 0x00, 0x00, 0x00, 0x00, 0x00, 0xCD, 0xE5, 0xF1, 0xFE, 0xF8, 0xAF, 0x25, 
0x00, 0x00, 0x00, 0x00, 0x00, 0x23, 0xE1, 0x01, 0x00, 0x5A, 0xA7, 0x00, 0x00, 0x00, 0x00, 0x00, 
0x00, 0x00, 0x7A, 0x89, 0x00, 0x00, 0x09, 0xE8, 0x0E, 0x00, 0x00, 0x00, 0x00, 0x00, 0x00, 0xD1, 
0x30, 0x00, 0x00, 0x00, 0x9E, 0x62, 0x00, 0x00, 0x00, 0x00, 0x00, 0x2C, 0xDC, 0x00, 0x00, 0x00, 
0x00, 0x40, 0xC6, 0x00, 0x00, 0x00, 0x00, 0x1C, 0xBE, 0xB3, 0x12, 0x00, 0x00, 0x00, 0x01, 0xE0, 
0x87, 0x15, 0x00, 0x66, 0xFF, 0xFF, 0xFF, 0xFF, 0x11, 0x00, 0x00, 0x00, 0x83, 0xFF, 0xFF, 0x2D, 
0x00, 0x00, 0x00, 0x4F, 0xC7, 0xF1, 0xE8, 0x9B, 0x24, 0x52, 0xDF, 0x00, 0x00, 0x6B, 0xC2, 0x35, 
0x09, 0x18, 0x5B, 0xE3, 0xFF, 0x9F, 0x00, 0x00, 0xE5, 0x17, 0x00, 0x00, 0x00, 0x00, 0x31, 0xFF, 
0x5F, 0x00, 0x00, 0xE5, 0x44, 0x00, 0x00, 0x00, 0x00, 0x00, 0xFC, 0x1F, 0x00, 0x00, 0x34, 0xDA, 
0x3D, 0x00, 0x00, 0x00, 0x00, 0x00, 0x00, 0x00, 0x00, 0x00, 0x67, 0xE9, 0x67, 0x00, 0x00, 0x00, 
0x00, 0x00, 0x00, 0x00, 0x00, 0x00, 0x13, 0xB7, 0x99, 0x05, 0x00, 0x00, 0x00, 0x00, 0x00, 0x00, 
0x00, 0x00, 0x01, 0x73, 0xB0, 0x09, 0x00, 0x00, 0x00, 0xD8, 0x00, 0x00, 0x00, 0x00, 0x00, 0x22, 
0x6E, 0x00, 0x00, 0x20, 0xFB, 0x07, 0x00, 0x00, 0x00, 0x00, 0x02, 0xE5, 0x00, 0x00, 0x61, 0xFF, 
0x58, 0x00, 0x00, 0x00, 0x00, 0x39, 0xC0, 0x00, 0x00, 0xA1, 0xFF, 0xF2, 0x6C, 0x1B, 0x0C, 0x44, 
0xD6, 0x3A, 0x00, 0x00, 0xE0, 0x49, 0x3A, 0xAC, 0xEF, 0xF2, 0xB9, 0x37, 0x00, 0x00, 0x00, 0x00, 
0x27, 0xFF, 0xFF, 0xFF, 0xFF, 0xFF, 0xFF, 0xFF, 0xFF, 0xEC, 0x03, 0x00, 0x76, 0xE0, 0x44, 0x07, 
0x58, 0xA3, 0x00, 0x03, 0x86, 0xA1, 0x00, 0x00, 0xC5, 0x44, 0x00, 0x00, 0xA7, 0x54, 0x00, 0x00, 
0x86, 0x53, 0x00, 0x00, 0x00, 0x00, 0x00, 0x05, 0xE9, 0x0D, 0x00, 0x00, 0x00, 0x00, 0x00, 0x00, 
0x00, 0x00, 0x00, 0x45, 0xB6, 0x00, 0x00, 0x00, 0x00, 0x00, 0x00, 0x00, 0x00, 0x00, 0x00, 0x94, 
0x67, 0x00, 0x00, 0x00, 0x00, 0x00, 0x00, 0x00, 0x00, 0x00, 0x00, 0xE1, 0x1A, 0x00, 0x00, 0x00, 
0x00, 0x00, 0x00, 0x00, 0x00, 0x00, 0x32, 0xC9, 0x00, 0x00, 0x00, 0x00, 0x00, 0x00, 0x00, 0x00, 
0x00, 0x00, 0x81, 0x7A, 0x00, 0x00, 0x00, 0x00, 0x00, 0x00, 0x00, 0x00, 0x00, 0x00, 0xD0, 0x2B, 
0x00, 0x00, 0x00, 0x00, 0x00, 0x00, 0x00, 0x00, 0x00, 0x2D, 0xC3, 0x00, 0x00, 0x00, 0x00, 0x00, 
0x00, 0x00, 0x00, 0x00, 0x18, 0xBF, 0x80, 0x08, 0x00, 0x00, 0x00, 0x00, 0x00, 0x00, 0x00, 0x96, 
0xFF, 0xFF, 0xFF, 0xFF, 0x57, 0x00, 0x00, 0x00, 0x00, 0x00, 0x00, 0x12, 0xFF, 0xFF, 0xFF, 0xFF, 
0xD9, 0x00, 0x00, 0x00, 0x00, 0xE2, 0xFF, 0xFF, 0xFF, 0x8D, 0x00, 0x0F, 0x98, 0xC6, 0x25, 0x03, 
0x00, 0x00, 0x00, 0x00, 0x0E, 0x6A, 0xC6, 0x1F, 0x01, 0x00, 0x00, 0x90, 0x41, 0x00, 0x00, 0x00, 
0x00, 0x00, 0x00, 0x00, 0x73, 0x40, 0x00, 0x00, 0x00, 0x01, 0xCB, 0x03, 0x00, 0x00, 0x00, 0x00, 
0x00, 0x00, 0x01, 0xCA, 0x03, 0x00, 0x00, 0x00, 0x3B, 0x9F, 0x00, 0x00, 0x00, 0x00, 0x00, 0x00, 
0x00, 0x3A, 0x9F, 0x00, 0x00, 0x00, 0x00, 0x95, 0x4E, 0x00, 0x00, 0x00, 0x00, 0x00, 0x00, 0x00, 
0x92, 0x50, 0x00, 0x00, 0x00, 0x04, 0xE0, 0x09, 0x00, 0x00, 0x00, 0x00, 0x00, 0x00, 0x02, 0xDD, 
0x0A, 0x00, 0x00, 0x00, 0x49, 0xAF, 0x00, 0x00, 0x00, 0x00, 0x00, 0x00, 0x00, 0x46, 0xB1, 0x00, 
0x00, 0x00, 0x00, 0x8C, 0x6B, 0x00, 0x00, 0x00, 0x00, 0x00, 0x00, 0x00, 0xAA, 0x5C, 0x00, 0x00, 
0x00, 0x00, 0xA1, 0x44, 0x00, 0x00, 0x00, 0x00, 0x00, 0x00, 0x1E, 0xE8, 0x0A, 0x00, 0x00, 0x00, 
0x00, 0x75, 0x3A, 0x00, 0x00, 0x00, 0x00, 0x00, 0x02, 0xB2, 0x77, 0x00, 0x00, 0x00, 0x00, 0x00, 
0x0B, 0xB6, 0x65, 0x1F, 0x05, 0x0A, 0x3B, 0xB9, 0x9D, 0x01, 0x00, 0x00, 0x00, 0x00, 0x00, 0x00, 
0x0D, 0x8A, 0xDE, 0xFA, 0xEB, 0xBC, 0x53, 0x00, 0x00, 0x00, 0x00, 0x00, 0x00, 0x00, 0x8C, 0xFF, 
0xFF, 0xFF, 0xFB, 0x02, 0x00, 0x00, 0xC6, 0xFF, 0xFF, 0xFF, 0x67, 0x00, 0x2C, 0xF7, 0x51, 0x04, 
0x00, 0x00, 0x00, 0x0D, 0xB4, 0xDE, 0x47, 0x03, 0x00, 0x00, 0xE7, 0x02, 0x00, 0x00, 0x00, 0x00, 
0x33, 0xDD, 0x18, 0x00, 0x00, 0x00, 0x0D, 0xD8, 0x00, 0x00, 0x00, 0x00, 0x07, 0xB8, 0x2A, 0x00, 
0x00, 0x00, 0x00, 0x33, 0xB5, 0x00, 0x00, 0x00, 0x00, 0x9D, 0x4F, 0x00, 0x00, 0x00, 0x00, 0x00, 
0x59, 0x91, 0x00, 0x00, 0x00, 0x71, 0x82, 0x00, 0x00, 0x00, 0x00, 0x00, 0x00, 0x80, 0x6D, 0x00, 
0x00, 0x46, 0xB0, 0x01, 0x00, 0x00, 0x00, 0x00, 0x00, 0x00, 0xA6, 0x4A, 0x00, 0x25, 0xC9, 0x0F, 
0x00, 0x00, 0x00, 0x00, 0x00, 0x00, 0x00, 0xCC, 0x26, 0x0E, 0xCA, 0x2A, 0x00, 0x00, 0x00, 0x00, 
0x00, 0x00, 0x00, 0x00, 0xEE, 0x08, 0xB3, 0x53, 0x00, 0x00, 0x00, 0x00, 0x00, 0x00, 0x00, 0x00, 
0x19, 0xDF, 0x89, 0x86, 0x00, 0x00, 0x00, 0x00, 0x00, 0x00, 0x00, 0x00, 0x00, 0x3F, 0xF4, 0xB7, 
0x02, 0x00, 0x00, 0x00, 0x00, 0x00, 0x00, 0x00, 0x00, 0x00, 0x65, 0xDC, 0x11, 0x00, 0x00, 0x00, 
0x00, 0x00, 0x00, 0x00, 0x00, 0x00, 0x00, 0x3A, 0xFF, 0xFF, 0xFF, 0xFF, 0x09, 0xC2, 0xFF, 0xFF, 
0xFF, 0xFF, 0x35, 0x00, 0xEE, 0xFF, 0xFF, 0xFF, 0x37, 0x00, 0x1B, 0xE2, 0x80, 0x08, 0x00, 0x06, 
0x48, 0xFF, 0x6A, 0x06, 0x00, 0x00, 0x21, 0xE0, 0x76, 0x24, 0x00, 0x00, 0x00, 0xDE, 0x20, 0x00, 
0x00, 0x00, 0x85, 0xFF, 0x22, 0x00, 0x00, 0x00, 0x6D, 0x78, 0x00, 0x00, 0x00, 0x00, 0x01, 0xF7, 
0x05, 0x00, 0x00, 0x28, 0xD1, 0xF8, 0x05, 0x00, 0x00, 0x31, 0xC7, 0x03, 0x00, 0x00, 0x00, 0x00, 
0x16, 0xE9, 0x00, 0x00, 0x00, 0xBE, 0x52, 0xE7, 0x00, 0x00, 0x01, 0xC6, 0x34, 0x00, 0x00, 0x00, 
0x00, 0x00, 0x32, 0xCF, 0x00, 0x00, 0x5F, 0xA1, 0x2E, 0xCC, 0x00, 0x00, 0x67, 0x95, 0x00, 0x00, 
0x00, 0x00, 0x00, 0x00, 0x4D, 0xB5, 0x00, 0x11, 0xD8, 0x15, 0x4A, 0xB2, 0x00, 0x15, 0xD6, 0x10, 
0x00, 0x00, 0x00, 0x00, 0x00, 0x00, 0x69, 0x9A, 0x00, 0x9A, 0x65, 0x00, 0x66, 0x99, 0x00, 0xA0, 
0x5C, 0x00, 0x00, 0x00, 0x00, 0x00, 0x00, 0x00, 0x84, 0x80, 0x39, 0xC4, 0x01, 0x00, 0x82, 0x81, 
0x3E, 0xBE, 0x00, 0x00, 0x00, 0x00, 0x00, 0x00, 0x00, 0x00, 0xA0, 0x6A, 0xCC, 0x2D, 0x00, 0x00, 
0x9E, 0x6E, 0xCE, 0x29, 0x00, 0x00, 0x00, 0x00, 0x00, 0x00, 0x00, 0x00, 0xBB, 0xC0, 0x8B, 0x00, 
0x00, 0x00, 0xBA, 0xC7, 0x86, 0x00, 0x00, 0x00, 0x00, 0x00, 0x00, 0x00, 0x00, 0x00, 0xD7, 0xE1, 
0x0B, 0x00, 0x00, 0x00, 0xD6, 0xE0, 0x0A, 0x00, 0x00, 0x00, 0x00, 0x00, 0x00, 0x00, 0x00, 0x00, 
0xF2, 0x4F, 0x00, 0x00, 0x00, 0x00, 0xF2, 0x4E, 0x00, 0x00, 0x00, 0x00, 0x00, 0x00, 0x00, 0x00, 
0x00, 0x00, 0x00, 0x00, 0x14, 0xFF, 0xFF, 0xFF, 0xF5, 0x00, 0x00, 0x07, 0xFE, 0xFF, 0xFF, 0xFF, 
0xA1, 0x00, 0x00, 0x00, 0x00, 0x1D, 0xC5, 0x8A, 0x04, 0x00, 0x00, 0x00, 0x2A, 0xF8, 0xAB, 0x46, 
0x0A, 0x00, 0x00, 0x00, 0x00, 0x00, 0x3C, 0xD0, 0x00, 0x00, 0x00, 0x0F, 0xC5, 0x56, 0x00, 0x00, 
0x00, 0x00, 0x00, 0x00, 0x00, 0x00, 0x00, 0xE2, 0x1C, 0x00, 0x0C, 0xB8, 0x3E, 0x00, 0x00, 0x00, 
0x00, 0x00, 0x00, 0x00, 0x00, 0x00, 0x00, 0x9A, 0x63, 0x0D, 0xB8, 0x3D, 0x00, 0x00, 0x00, 0x00, 
0x00, 0x00, 0x00, 0x00, 0x00, 0x00, 0x00, 0x51, 0xB7, 0xB8, 0x3B, 0x00, 0x00, 0x00, 0x00, 0x00, 
0x00, 0x00, 0x00, 0x00, 0x00, 0x00, 0x00, 0x1B, 0xFF, 0x3D, 0x00, 0x00, 0x00, 0x00, 0x00, 0x00, 
0x00, 0x00, 0x00, 0x00, 0x00, 0x00, 0x0E, 0xB8, 0xDA, 0x3B, 0x00, 0x00, 0x00, 0x00, 0x00, 0x00, 
0x00, 0x00, 0x00, 0x00, 0x00, 0x0E, 0xB9, 0x39, 0x78, 0x84, 0x00, 0x00, 0x00, 0x00, 0x00, 0x00, 
0x00, 0x00, 0x00, 0x00, 0x0E, 0xB9, 0x38, 0x00, 0x30, 0xCC, 0x00, 0x00, 0x00, 0x00, 0x00, 0x00, 
0x00, 0x00, 0x00, 0x20, 0xB1, 0x36, 0x00, 0x00, 0x01, 0xE4, 0x15, 0x00, 0x00, 0x00, 0x00, 0x00, 
0x00, 0x1E, 0x78, 0xF2, 0x35, 0x00, 0x00, 0x00, 0x0E, 0xBD, 0x93, 0x14, 0x01, 0x00, 0x00, 0x00, 
0x00, 0xFF, 0xFF, 0xFF, 0xFF, 0x0D, 0x00, 0x12, 0xFF, 0xFF, 0xFF, 0xFF, 0x65, 0x00, 0x00, 0x00, 
0x00, 0x10, 0xFF, 0xFF, 0xFF, 0xFF, 0x2B, 0x00, 0xD6, 0xFF, 0xFF, 0xFF, 0x85, 0x00, 0x17, 0xBB, 
0x8E, 0x0B, 0x00, 0x00, 0x07, 0x90, 0xC7, 0x36, 0x03, 0x00, 0x00, 0x31, 0xC5, 0x00, 0x00, 0x00, 
0x59, 0xAB, 0x08, 0x00, 0x00, 0x00, 0x00, 0x00, 0xDB, 0x19, 0x00, 0x40, 0xC8, 0x0B, 0x00, 0x00, 
0x00, 0x00, 0x00, 0x00, 0x89, 0x5F, 0x23, 0xD0, 0x1A, 0x00, 0x00, 0x00, 0x00, 0x00, 0x00, 0x00, 
0x35, 0xB4, 0xC9, 0x2E, 0x00, 0x00, 0x00, 0x00, 0x00, 0x00, 0x00, 0x00, 0x00, 0xF2, 0x49, 0x00, 
0x00, 0x00, 0x00, 0x00, 0x00, 0x00, 0x00, 0x00, 0x2A, 0xD3, 0x00, 0x00, 0x00, 0x00, 0x00, 0x00, 
0x00, 0x00, 0x00, 0x00, 0x74, 0x8A, 0x00, 0x00, 0x00, 0x00, 0x00, 0x00, 0x00, 0x00, 0x00, 0x00, 
0xBE, 0x41, 0x00, 0x00, 0x00, 0x00, 0x00, 0x00, 0x00, 0x00, 0x00, 0x16, 0xE8, 0x05, 0x00, 0x00, 
0x00, 0x00, 0x00, 0x00, 0x00, 0x01, 0x18, 0xAE, 0xB2, 0x0F, 0x00, 0x00, 0x00, 0x00, 0x00, 0x00, 
0x00, 0x80, 0xFF, 0xFF, 0xFF, 0xFF, 0x53, 0x00, 0x00, 0x00, 0x00, 0x00, 0x00, 0x00, 0x00, 0x2F, 
0xFF, 0xFF, 0xFF, 0xFF, 0xFF, 0xFF, 0xFF, 0xFF, 0xE2, 0x00, 0x00, 0x7B, 0xBB, 0x27, 0x09, 0x02, 
0x00, 0x00, 0x0E, 0xBC, 0x29, 0x00, 0x00, 0xC6, 0x38, 0x00, 0x00, 0x00, 0x00, 0x07, 0xB3, 0x38, 
0x00, 0x00, 0x00, 0x00, 0x00, 0x00, 0x00, 0x00, 0x02, 0xA7, 0x49, 0x00, 0x00, 0x00, 0x00, 0x00, 
0x00, 0x00, 0x00, 0x00, 0x96, 0x5D, 0x00, 0x00, 0x00, 0x00, 0x00, 0x00, 0x00, 0x00, 0x00, 0x81, 
0x73, 0x00, 0x00, 0x00, 0x00, 0x00, 0x00, 0x00, 0x00, 0x00, 0x6A, 0x89, 0x00, 0x00, 0x00, 0x00, 
0x00, 0x00, 0x00, 0x00, 0x00, 0x55, 0x9D, 0x00, 0x00, 0x00, 0x00, 0x00, 0x00, 0x00, 0x00, 0x00, 
0x43, 0xAC, 0x04, 0x00, 0x00, 0x00, 0x00, 0x00, 0x00, 0x00, 0x00, 0x33, 0xB7, 0x09, 0x00, 0x00, 
0x00, 0x00, 0x00, 0x00, 0x00, 0x00, 0x25, 0xBE, 0x11, 0x00, 0x00, 0x00, 0x00, 0x4C, 0xD2, 0x00, 
0x00, 0x19, 0xC0, 0x1B, 0x00, 0x02, 0x0B, 0x22, 0x6E, 0xF2, 0x77, 0x00, 0x00, 0xC9, 0xFF, 0xFF, 
0xFF, 0xFF, 0xFF, 0xFF, 0xFF, 0xFE, 0x1E, 0x00, 0x00, 0x00, 0x00, 0x00, 0x00, 0x00, 0xBF, 0xFF, 
0xFF, 0xFF, 0x41, 0x00, 0x00, 0x00, 0x00, 0x10, 0xE8, 0x03, 0x00, 0x00, 0x00, 0x00, 0x00, 0x00, 
0x00, 0x58, 0xA3, 0x00, 0x00, 0x00, 0x00, 0x00, 0x00, 0x00, 0x00, 0xA5, 0x56, 0x00, 0x00, 0x00, 
0x00, 0x00, 0x00, 0x00, 0x03, 0xE8, 0x0F, 0x00, 0x00, 0x00, 0x00, 0x00, 0x00, 0x00, 0x3F, 0xBC, 
0x00, 0x00, 0x00, 0x00, 0x00, 0x00, 0x00, 0x00, 0x8C, 0x6F, 0x00, 0x00, 0x00, 0x00, 0x00, 0x00, 
0x00, 0x00, 0xD9, 0x23, 0x00, 0x00, 0x00, 0x00, 0x00, 0x00, 0x00, 0x26, 0xD5, 0x00, 0x00, 0x00, 
0x00, 0x00, 0x00, 0x00, 0x00, 0x73, 0x88, 0x00, 0x00, 0x00, 0x00, 0x00, 0x00, 0x00, 0x00, 0xBF, 
0x3B, 0x00, 0x00, 0x00, 0x00, 0x00, 0x00, 0x00, 0x10, 0xE7, 0x03, 0x00, 0x00, 0x00, 0x00, 0x00, 
0x00, 0x00, 0x59, 0xA1, 0x00, 0x00, 0x00, 0x00, 0x00, 0x00, 0x00, 0x00, 0xA6, 0x54, 0x00, 0x00, 
0x00, 0x00, 0x00, 0x00, 0x00, 0x04, 0xE8, 0x0E, 0x00, 0x00, 0x00, 0x00, 0x00, 0x00, 0x00, 0x40, 
0xBA, 0x00, 0x00, 0x00, 0x00, 0x00, 0x00, 0x00, 0x00, 0x8D, 0x6E, 0x00, 0x00, 0x00, 0x00, 0x00, 
0x00, 0x00, 0x00, 0xDA, 0xFF, 0xFF, 0xFF, 0x27, 0x00, 0x00, 0x00, 0x00, 0x00, 0xEE, 0x12, 0x00, 
0xC9, 0x36, 0x00, 0xA5, 0x5B, 0x00, 0x80, 0x7F, 0x00, 0x5C, 0xA4, 0x00, 0x37, 0xC8, 0x00, 0x12, 
0xED, 0x00, 0x00, 0xEE, 0x12, 0x00, 0xC9, 0x36, 0x00, 0xA5, 0x5B, 0x00, 0x80, 0x7F, 0x00, 0x5C, 
0xA4, 0x00, 0x37, 0xC8, 0x00, 0x12, 0xED, 0x00, 0x00, 0x00, 0x00, 0x17, 0xFF, 0xFF, 0xFF, 0xFF, 
0xF6, 0x08, 0x00, 0x00, 0x00, 0x00, 0x00, 0x00, 0x00, 0x00, 0x49, 0xB5, 0x00, 0x00, 0x00, 0x00, 
0x00, 0x00, 0x00, 0x00, 0x00, 0x92, 0x6C, 0x00, 0x00, 0x00, 0x00, 0x00, 0x00, 0x00, 0x00, 0x00, 
0xDB, 0x23, 0x00, 0x00, 0x00, 0x00, 0x00, 0x00, 0x00, 0x00, 0x24, 0xDA, 0x00, 0x00, 0x00, 0x00, 
0x00, 0x00, 0x00, 0x00, 0x00, 0x6E, 0x91, 0x00, 0x00, 0x00, 0x00, 0x00, 0x00, 0x00, 0x00, 0x00, 
0xB7, 0x48, 0x00, 0x00, 0x00, 0x00, 0x00, 0x00, 0x00, 0x00, 0x09, 0xED, 0x08, 0x00, 0x00, 0x00, 
0x00, 0x00, 0x00, 0x00, 0x00, 0x4A, 0xB6, 0x00, 0x00, 0x00, 0x00, 0x00, 0x00, 0x00, 0x00, 0x00, 
0x93, 0x6C, 0x00, 0x00, 0x00, 0x00, 0x00, 0x00, 0x00, 0x00, 0x00, 0xDC, 0x24, 0x00, 0x00, 0x00, 
0x00, 0x00, 0x00, 0x00, 0x00, 0x25, 0xDA, 0x00, 0x00, 0x00, 0x00, 0x00, 0x00, 0x00, 0x00, 0x00, 
0x6F, 0x91, 0x00, 0x00, 0x00, 0x00, 0x00, 0x00, 0x00, 0x00, 0x00, 0xB8, 0x48, 0x00, 0x00, 0x00, 
0x00, 0x00, 0x00, 0x00, 0x00, 0x09, 0xEE, 0x09, 0x00, 0x00, 0x00, 0x00, 0x00, 0x00, 0x00, 0x00, 
0x4A, 0xB6, 0x00, 0x00, 0x00, 0x00, 0x00, 0x00, 0x00, 0x00, 0x00, 0x93, 0x6D, 0x00, 0x00, 0x00, 
0x00, 0x00, 0xDA, 0xFF, 0xFF, 0xFF, 0xFF, 0x24, 0x00, 0x00, 0x00, 0x00, 0x00, 0x00, 0x00, 0x00, 
0x49, 0xFF, 0x49, 0x00, 0x00, 0x00, 0x00, 0x00, 0x04, 0xD2, 0x6F, 0xD6, 0x04, 0x00, 0x00, 0x00, 
0x00, 0x6E, 0x93, 0x00, 0xAD, 0x6D, 0x00, 0x00, 0x00, 0x12, 0xDB, 0x12, 0x00, 0x1E, 0xE3, 0x12, 
0x00, 0x00, 0x93, 0x6E, 0x00, 0x00, 0x00, 0x7D, 0x92, 0x00, 0x29, 0xD2, 0x04, 0x00, 0x00, 0x00, 
0x07, 0xD8, 0x28, 0xB7, 0x49, 0x00, 0x00, 0x00, 0x00, 0x00, 0x4C, 0xB6, 0xFF, 0xFF, 0xFF, 0xFF, 
0xFF, 0xFF, 0xFF, 0xFF, 0xFF, 0xFF, 0xD5, 0x2A, 0x80, 0x7F, 0x2B, 0xD5, 0x00, 0x00, 0x00, 0x3E, 
0xC1, 0xF3, 0x8A, 0x7D, 0x9B, 0x00, 0x00, 0x66, 0xDA, 0x48, 0x0B, 0x72, 0xD8, 0x4C, 0x00, 0x4E, 
0xD2, 0x15, 0x00, 0x00, 0x20, 0xF4, 0x08, 0x10, 0xDA, 0x23, 0x00, 0x00, 0x00, 0x3F, 0xAD, 0x00, 
0x74, 0x6D, 0x00, 0x00, 0x00, 0x00, 0x97, 0x5E, 0x00, 0xCA, 0x0E, 0x00, 0x00, 0x00, 0x2E, 0xF7, 
0x12, 0x00, 0xEF, 0x02, 0x00, 0x00, 0x1C, 0xA9, 0xBC, 0x00, 0x00, 0xE1, 0x5F, 0x0B, 0x56, 0x8C, 
0x88, 0x71, 0x67, 0x9E, 0x51, 0xEB, 0xDF, 0x6B, 0x01, 0x7D, 0xD0, 0x99, 0x0D, 0x00, 0x00, 0x4A, 
0xFA, 0xFF, 0x2A, 0x00, 0x00, 0x00, 0x00, 0x00, 0x00, 0x1C, 0xD7, 0x00, 0x00, 0x00, 0x00, 0x00, 
0x00, 0x00, 0x75, 0x87, 0x00, 0x00, 0x00, 0x00, 0x00, 0x00, 0x00, 0xC5, 0x35, 0x00, 0x00, 0x00, 
0x00, 0x00, 0x00, 0x16, 0xE0, 0x00, 0x00, 0x00, 0x00, 0x00, 0x00, 0x00, 0x65, 0x92, 0x68, 0xD8, 
0xF6, 0xBE, 0x21, 0x00, 0x00, 0xB5, 0xD1, 0x73, 0x1B, 0x10, 0x97, 0xBD, 0x00, 0x0C, 0xF4, 0x38, 
0x00, 0x00, 0x00, 0x0E, 0xF4, 0x00, 0x55, 0xA3, 0x00, 0x00, 0x00, 0x00, 0x14, 0xDF, 0x00, 0xA5, 
0x48, 0x00, 0x00, 0x00, 0x00, 0x42, 0xA2, 0x05, 0xE0, 0x06, 0x00, 0x00, 0x00, 0x00, 0x99, 0x34, 
0x45, 0xA5, 0x00, 0x00, 0x00, 0x00, 0x43, 0x8B, 0x00, 0x94, 0x54, 0x00, 0x0A, 0x37, 0x94, 0x9D, 
0x05, 0x00, 0x22, 0x9B, 0xE0, 0xF3, 0xC3, 0x54, 0x00, 0x00, 0x00, 0x00, 0x00, 0x00, 0x49, 0xBB, 
0xEF, 0xE9, 0x6B, 0x00, 0x06, 0x9D, 0xAB, 0x41, 0x0D, 0x1C, 0xF1, 0x00, 0x9D, 0x74, 0x00, 0x00, 
0x00, 0x00, 0xB7, 0x47, 0xD2, 0x02, 0x00, 0x00, 0x00, 0x00, 0x00, 0xB4, 0x56, 0x00, 0x00, 0x00, 
0x00, 0x00, 0x00, 0xE9, 0x17, 0x00, 0x00, 0x00, 0x00, 0x00, 0x00, 0xF0, 0x09, 0x00, 0x00, 0x00, 
0x22, 0x9E, 0x0A, 0xAA, 0x65, 0x09, 0x0D, 0x5D, 0xDF, 0x4F, 0x00, 0x15, 0xA8, 0xEE, 0xED, 0xAB, 
0x2A, 0x00, 0x00, 0x00, 0x00, 0x00, 0x00, 0x00, 0x00, 0x00, 0x00, 0xF8, 0xFF, 0x24, 0x00, 0x00, 
0x00, 0x00, 0x00, 0x00, 0x00, 0x00, 0x28, 0xCE, 0x00, 0x00, 0x00, 0x00, 0x00, 0x00, 0x00, 0x00, 
0x00, 0x78, 0x77, 0x00, 0x00, 0x00, 0x00, 0x00, 0x00, 0x00, 0x00, 0x00, 0xC6, 0x21, 0x00, 0x00, 
0x00, 0x00, 0x00, 0x00, 0x00, 0x00, 0x17, 0xC8, 0x00, 0x00, 0x00, 0x00, 0x00, 0x3A, 0xBB, 0xF3, 
0x8B, 0x64, 0x74, 0x00, 0x00, 0x00, 0x05, 0x96, 0x9F, 0x2E, 0x09, 0x59, 0xD6, 0x1E, 0x00, 0x00, 
0x00, 0xA2, 0x68, 0x00, 0x00, 0x00, 0x02, 0xC3, 0x00, 0x00, 0x00, 0x3E, 0x93, 0x00, 0x00, 0x00, 
0x00, 0x36, 0x70, 0x00, 0x00, 0x00, 0x98, 0x14, 0x00, 0x00, 0x00, 0x00, 0xAB, 0x1B, 0x00, 0x00, 
0x00, 0xBB, 0x00, 0x00, 0x00, 0x00, 0x31, 0xB1, 0x00, 0x00, 0x00, 0x00, 0xEE, 0x03, 0x00, 0x00, 
0x41, 0x62, 0x70, 0x00, 0x02, 0x00, 0x00, 0xD3, 0x5D, 0x0E, 0x73, 0x58, 0x83, 0x53, 0x77, 0x9F, 
0x00, 0x00, 0x3F, 0xE2, 0xDF, 0x55, 0x00, 0x77, 0xDE, 0x85, 0x04, 0x00, 0x00, 0x00, 0x00, 0x00, 
0x4E, 0xBC, 0xEE, 0xEB, 0x69, 0x00, 0x06, 0xA0, 0xB8, 0x41, 0x09, 0x3A, 0xF1, 0x00, 0x96, 0x71, 
0x00, 0x00, 0x00, 0x3C, 0xCB, 0x3E, 0xA5, 0x00, 0x00, 0x00, 0x3F, 0xD7, 0x39, 0xAE, 0x47, 0x31, 
0x69, 0xC0, 0xC2, 0x2C, 0x00, 0xE7, 0xEC, 0xC3, 0x8A, 0x3A, 0x00, 0x00, 0x00, 0xEE, 0x03, 0x00, 
0x00, 0x00, 0x00, 0x40, 0x51, 0x9E, 0x68, 0x0D, 0x04, 0x29, 0x96, 0xCA, 0x26, 0x0E, 0xA1, 0xEB, 
0xF1, 0xBE, 0x5D, 0x03, 0x00, 0x00, 0x00, 0x00, 0x00, 0x00, 0x00, 0x00, 0x00, 0x00, 0x4C, 0xCE, 
0xF6, 0x95, 0x00, 0x00, 0x00, 0x00, 0x00, 0x00, 0x00, 0x00, 0x6A, 0xC2, 0x2F, 0x0A, 0xD1, 0x00, 
0x00, 0x00, 0x00, 0x00, 0x00, 0x00, 0x2E, 0xC7, 0x08, 0x00, 0x00, 0x00, 0x00, 0x00, 0x00, 0x00, 
0x00, 0x00, 0x00, 0xBD, 0x43, 0x00, 0x00, 0x00, 0x00, 0x00, 0x00, 0x00, 0x00, 0x01, 0x15, 0x8B, 
0xD9, 0x00, 0x00, 0x00, 0x00, 0x00, 0x00, 0x00, 0x00, 0x00, 0xCA, 0xFF, 0xFF, 0xFF, 0xF9, 0x04, 
0x00, 0x00, 0x00, 0x00, 0x00, 0x00, 0x00, 0x00, 0x00, 0xB4, 0x4C, 0x00, 0x00, 0x00, 0x00, 0x00, 
0x00, 0x00, 0x00, 0x00, 0x00, 0x0A, 0xEC, 0x08, 0x00, 0x00, 0x00, 0x00, 0x00, 0x00, 0x00, 0x00, 
0x00, 0x00, 0x50, 0xAF, 0x00, 0x00, 0x00, 0x00, 0x00, 0x00, 0x00, 0x00, 0x00, 0x00, 0x00, 0x9E, 
0x61, 0x00, 0x00, 0x00, 0x00, 0x00, 0x00, 0x00, 0x00, 0x00, 0x00, 0x02, 0xE6, 0x15, 0x00, 0x00, 
0x00, 0x00, 0x00, 0x00, 0x00, 0x00, 0x00, 0x00, 0x3B, 0xC1, 0x00, 0x00, 0x00, 0x00, 0x00, 0x00, 
0x00, 0x00, 0x00, 0x00, 0x00, 0x88, 0x6B, 0x00, 0x00, 0x00, 0x00, 0x00, 0x00, 0x00, 0x00, 0x00, 
0x00, 0x00, 0xCF, 0x14, 0x00, 0x00, 0x00, 0x00, 0x00, 0x00, 0x00, 0x00, 0x00, 0x00, 0x23, 0xA7, 
0x00, 0x00, 0x00, 0x00, 0x00, 0x00, 0x00, 0x00, 0x00, 0x00, 0x00, 0x80, 0x2E, 0x00, 0x00, 0x00, 
0x00, 0x00, 0x00, 0x00, 0x00, 0xD1, 0x0E, 0x65, 0x84, 0x00, 0x00, 0x00, 0x00, 0x00, 0x00, 0x00, 
0x00, 0x00, 0xB4, 0xED, 0x81, 0x02, 0x00, 0x00, 0x00, 0x00, 0x00, 0x00, 0x00, 0x00, 0x00, 0x00, 
0x00, 0x00, 0x2B, 0xAA, 0xEB, 0xF9, 0xBC, 0x1A, 0x00, 0x00, 0x00, 0x00, 0x35, 0xEE, 0x77, 0x1B, 
0x0D, 0x78, 0xFF, 0xFF, 0x23, 0x00, 0x00, 0xC7, 0x6C, 0x00, 0x00, 0x00, 0x0F, 0xF2, 0x00, 0x00, 
0x00, 0x00, 0xF8, 0x10, 0x00, 0x00, 0x00, 0x71, 0xE4, 0x00, 0x00, 0x00, 0x00, 0xCC, 0x7E, 0x0E, 
0x1B, 0x73, 0xF6, 0x60, 0x00, 0x00, 0x00, 0x00, 0x34, 0xDE, 0xFF, 0xE9, 0xB5, 0x3B, 0x00, 0x00, 
0x00, 0x00, 0x00, 0x39, 0x92, 0x34, 0x00, 0x00, 0x00, 0x00, 0x00, 0x00, 0x00, 0x00, 0xE8, 0x34, 
0x00, 0x00, 0x00, 0x00, 0x00, 0x00, 0x00, 0x00, 0x0E, 0xC2, 0xF1, 0xDF, 0xAB, 0x77, 0x26, 0x00, 
0x00, 0x00, 0x00, 0x38, 0x02, 0x02, 0x2C, 0x62, 0x99, 0xC6, 0x41, 0x00, 0x00, 0xA6, 0x08, 0x00, 
0x00, 0x00, 0x00, 0x00, 0x1B, 0xEE, 0x00, 0x00, 0xD1, 0x69, 0x2B, 0x10, 0x05, 0x16, 0x49, 0xB4, 
0x84, 0x00, 0x00, 0x18, 0x92, 0xD7, 0xF7, 0xF9, 0xE3, 0xAD, 0x4B, 0x00, 0x00, 0x00, 0x00, 0x00, 
0x51, 0xF6, 0xFC, 0x13, 0x00, 0x00, 0x00, 0x00, 0x00, 0x00, 0x24, 0xC3, 0x00, 0x00, 0x00, 0x00, 
0x00, 0x00, 0x00, 0x7C, 0x76, 0x00, 0x00, 0x00, 0x00, 0x00, 0x00, 0x00, 0xCA, 0x28, 0x00, 0x00, 
0x00, 0x00, 0x00, 0x00, 0x19, 0xD9, 0x00, 0x00, 0x00, 0x00, 0x00, 0x00, 0x00, 0x67, 0x8D, 0x00, 
0x4C, 0xDC, 0xDE, 0x14, 0x00, 0x00, 0xB5, 0x40, 0x4A, 0x8F, 0x17, 0xD6, 0x47, 0x00, 0x0B, 0xE6, 
0x1E, 0x66, 0x00, 0x08, 0xF4, 0x20, 0x00, 0x52, 0xA5, 0x54, 0x00, 0x00, 0x50, 0xD0, 0x00, 0x00, 
0xA0, 0x80, 0x0E, 0x00, 0x00, 0xA6, 0x79, 0x00, 0x02, 0xEA, 0x2E, 0x00, 0x00, 0x08, 0xF2, 0x23, 
0x00, 0x3D, 0xCB, 0x00, 0x00, 0x00, 0x50, 0xCB, 0x00, 0x05, 0x8B, 0x72, 0x00, 0x00, 0x00, 0x9F, 
0x75, 0x85, 0x9C, 0xD9, 0x26, 0x00, 0x00, 0x00, 0xA8, 0xD9, 0x76, 0x02, 0x00, 0x00, 0x00, 0xB4, 
0x00, 0x00, 0x00, 0x00, 0x00, 0x00, 0x00, 0x00, 0x00, 0xCA, 0xFC, 0x9B, 0x00, 0x00, 0xA8, 0x4B, 
0x00, 0x0B, 0xEA, 0x07, 0x00, 0x57, 0xAA, 0x00, 0x00, 0xAC, 0x5A, 0x00, 0x0A, 0xEF, 0x0F, 0x00, 
0x55, 0xBA, 0x01, 0x09, 0xA2, 0x6E, 0x7D, 0xA2, 0xA5, 0xD5, 0x83, 0x04, 0x00, 0x00, 0x00, 0x00, 
0x00, 0x00, 0x00, 0x00, 0xB4, 0x00, 0x00, 0x00, 0x00, 0x00, 0x00, 0x00, 0x00, 0x00, 0x00, 0x00, 
0x00, 0x00, 0x00, 0x00, 0x00, 0x00, 0x00, 0x00, 0x00, 0x00, 0x00, 0x00, 0xC8, 0xFF, 0x91, 0x00, 
0x00, 0x00, 0x00, 0x00, 0x00, 0x00, 0xA7, 0x44, 0x00, 0x00, 0x00, 0x00, 0x00, 0x00, 0x07, 0xE5, 
0x05, 0x00, 0x00, 0x00, 0x00, 0x00, 0x00, 0x4B, 0xAA, 0x00, 0x00, 0x00, 0x00, 0x00, 0x00, 0x00, 
0x9A, 0x5D, 0x00, 0x00, 0x00, 0x00, 0x00, 0x00, 0x01, 0xE4, 0x13, 0x00, 0x00, 0x00, 0x00, 0x00, 
0x00, 0x38, 0xC3, 0x00, 0x00, 0x00, 0x00, 0x00, 0x00, 0x00, 0x87, 0x76, 0x00, 0x00, 0x00, 0x00, 
0x00, 0x00, 0x00, 0xD6, 0x29, 0x00, 0x00, 0x00, 0x00, 0x00, 0x00, 0x25, 0xD8, 0x00, 0x00, 0x00, 
0x00, 0x00, 0x00, 0x00, 0x82, 0x70, 0x00, 0x00, 0x00, 0x00, 0xD0, 0x08, 0x53, 0xC4, 0x06, 0x00, 
0x00, 0x00, 0x00, 0xBD, 0xEB, 0x9A, 0x10, 0x00, 0x00, 0x00, 0x00, 0x00, 0x00, 0x00, 0x72, 0xEF, 
0xFF, 0x24, 0x00, 0x00, 0x00, 0x00, 0x00, 0x00, 0x00, 0x27, 0xD6, 0x00, 0x00, 0x00, 0x00, 0x00, 
0x00, 0x00, 0x00, 0x76, 0x87, 0x00, 0x00, 0x00, 0x00, 0x00, 0x00, 0x00, 0x00, 0xC5, 0x39, 0x00, 
0x00, 0x00, 0x00, 0x00, 0x00, 0x00, 0x16, 0xE6, 0x02, 0x00, 0x00, 0x00, 0x00, 0x00, 0x00, 0x00, 
0x63, 0x9C, 0x00, 0xAE, 0xFF, 0xFF, 0xFF, 0xB3, 0x00, 0x00, 0xB1, 0x4D, 0x00, 0x22, 0xCF, 0x88, 
0x2D, 0x07, 0x00, 0x09, 0xEC, 0x09, 0x5C, 0xCE, 0x33, 0x00, 0x00, 0x00, 0x00, 0x4F, 0xBE, 0xA3, 
0xA3, 0x0D, 0x00, 0x00, 0x00, 0x00, 0x00, 0x9E, 0xF1, 0xF2, 0x0F, 0x00, 0x00, 0x00, 0x00, 0x00, 
0x02, 0xE7, 0x26, 0xBE, 0x41, 0x00, 0x00, 0x00, 0x00, 0x00, 0x3B, 0xC4, 0x00, 0x90, 0x72, 0x00, 
0x00, 0x00, 0x00, 0x00, 0x8A, 0x75, 0x00, 0x5D, 0xAF, 0x67, 0x99, 0x00, 0x00, 0x00, 0xD9, 0x27, 
0x00, 0x20, 0xF4, 0x9F, 0x08, 0x00, 0x00, 0x00, 0x00, 0x00, 0x52, 0xFA, 0xFC, 0x13, 0x00, 0x00, 
0x00, 0x28, 0xC1, 0x00, 0x00, 0x00, 0x00, 0x7D, 0x72, 0x00, 0x00, 0x00, 0x00, 0xCE, 0x23, 0x00, 
0x00, 0x00, 0x1F, 0xD3, 0x00, 0x00, 0x00, 0x00, 0x71, 0x85, 0x00, 0x00, 0x00, 0x00, 0xC2, 0x36, 
0x00, 0x00, 0x00, 0x15, 0xE3, 0x01, 0x00, 0x00, 0x00, 0x64, 0x98, 0x00, 0x00, 0x00, 0x00, 0xB6, 
0x4A, 0x00, 0x00, 0x00, 0x0D, 0xEC, 0x07, 0x00, 0x00, 0x00, 0x58, 0xAC, 0x35, 0xA4, 0x00, 0x00, 
0xA4, 0x66, 0xA5, 0x37, 0x00, 0x00, 0xA8, 0xC9, 0x48, 0x00, 0x00, 0x00, 0x00, 0xB0, 0xF7, 0x93, 
0x00, 0x43, 0xDA, 0xE3, 0x1B, 0x00, 0x46, 0xD4, 0xE3, 0x15, 0x00, 0x00, 0xAF, 0x5B, 0x4D, 0x94, 
0x1A, 0xDB, 0x4F, 0x53, 0x9F, 0x16, 0xDB, 0x42, 0x00, 0x08, 0xF5, 0x47, 0x7F, 0x00, 0x08, 0xF4, 
0x49, 0x86, 0x00, 0x0C, 0xF7, 0x1C, 0x00, 0x4D, 0xEA, 0x6F, 0x00, 0x00, 0x4B, 0xCC, 0x70, 0x00, 
0x00, 0x58, 0xCE, 0x00, 0x00, 0x9C, 0xE0, 0x0F, 0x00, 0x00, 0x9B, 0xA8, 0x06, 0x00, 0x00, 0xAE, 
0x76, 0x00, 0x02, 0xE9, 0x60, 0x00, 0x00, 0x01, 0xE8, 0x2D, 0x00, 0x00, 0x0C, 0xF5, 0x1F, 0x00, 
0x3A, 0xDF, 0x04, 0x00, 0x00, 0x3A, 0xCA, 0x00, 0x00, 0x00, 0x57, 0xC4, 0x01, 0x09, 0x89, 0x6E, 
0x00, 0x00, 0x00, 0x89, 0x61, 0x00, 0x00, 0x00, 0xA3, 0x72, 0x8D, 0x99, 0xC6, 0x0B, 0x00, 0x00, 
0x00, 0xC5, 0x08, 0x00, 0x00, 0x00, 0xAC, 0xDC, 0x75, 0x01, 0x00, 0xDA, 0xFD, 0x7F, 0x00, 0x33, 
0xD1, 0xE0, 0x17, 0x00, 0x00, 0xA4, 0x21, 0x38, 0xA6, 0x19, 0xD5, 0x4A, 0x00, 0x08, 0xB5, 0x3F, 
0xA0, 0x05, 0x08, 0xF4, 0x20, 0x00, 0x4B, 0xB4, 0xB3, 0x06, 0x00, 0x52, 0xCD, 0x00, 0x00, 0x9B, 
0xE6, 0x13, 0x00, 0x00, 0xA9, 0x74, 0x00, 0x02, 0xE8, 0x54, 0x00, 0x00, 0x0B, 0xF3, 0x1D, 0x00, 
0x3A, 0xD8, 0x01, 0x00, 0x00, 0x57, 0xC2, 0x00, 0x05, 0x89, 0x71, 0x00, 0x00, 0x00, 0xA5, 0x6E, 
0x83, 0x95, 0xD8, 0x25, 0x00, 0x00, 0x00, 0xAE, 0xD3, 0x74, 0x02, 0x00, 0x00, 0x00, 0x4E, 0xBA, 
0xEE, 0xE6, 0x8D, 0x08, 0x00, 0x0B, 0xA6, 0x98, 0x33, 0x0A, 0x14, 0x92, 0x8F, 0x00, 0xAA, 0x6C, 
0x00, 0x00, 0x00, 0x00, 0x0C, 0xE7, 0x51, 0xC3, 0x00, 0x00, 0x00, 0x00, 0x00, 0x15, 0xEF, 0xBD, 
0x54, 0x00, 0x00, 0x00, 0x00, 0x00, 0x51, 0xC0, 0xEE, 0x14, 0x00, 0x00, 0x00, 0x00, 0x00, 0xBA, 
0x5B, 0xE7, 0x05, 0x00, 0x00, 0x00, 0x00, 0x5B, 0xBB, 0x02, 0x8E, 0x53, 0x07, 0x08, 0x2B, 0x8A, 
0xB6, 0x12, 0x00, 0x08, 0x8C, 0xE5, 0xF1, 0xC3, 0x5D, 0x02, 0x00, 0x00, 0x00, 0x00, 0x00, 0x00, 
0xD2, 0xFF, 0x97, 0x28, 0xB2, 0xF3, 0xD3, 0x30, 0x00, 0x00, 0x00, 0x00, 0x00, 0xBA, 0x8A, 0xB1, 
0x36, 0x08, 0x6C, 0xCB, 0x00, 0x00, 0x00, 0x00, 0x0B, 0xF7, 0xA7, 0x02, 0x00, 0x00, 0x09, 0xFA, 
0x00, 0x00, 0x00, 0x00, 0x52, 0xDE, 0x09, 0x00, 0x00, 0x00, 0x23, 0xF4, 0x00, 0x00, 0x00, 0x00, 
0xA0, 0x6B, 0x00, 0x00, 0x00, 0x00, 0x53, 0xB5, 0x00, 0x00, 0x00, 0x02, 0xE7, 0x13, 0x00, 0x00, 
0x00, 0x00, 0xA5, 0x3B, 0x00, 0x00, 0x00, 0x3D, 0xC2, 0x00, 0x00, 0x00, 0x00, 0x55, 0x81, 0x00, 
0x00, 0x00, 0x00, 0x8B, 0xDA, 0x39, 0x0D, 0x40, 0xB2, 0x8B, 0x00, 0x00, 0x00, 0x00, 0x00, 0xCF, 
0x6E, 0xF2, 0xEF, 0xB7, 0x44, 0x00, 0x00, 0x00, 0x00, 0x00, 0x28, 0xBE, 0x00, 0x00, 0x00, 0x00, 
0x00, 0x00, 0x00, 0x00, 0x00, 0x00, 0x76, 0x7F, 0x00, 0x00, 0x00, 0x00, 0x00, 0x00, 0x00, 0x00, 
0x02, 0x24, 0xDF, 0x4D, 0x01, 0x00, 0x00, 0x00, 0x00, 0x00, 0x00, 0x00, 0x98, 0xFF, 0xFF, 0xFF, 
0x9B, 0x00, 0x00, 0x00, 0x00, 0x00, 0x00, 0x00, 0x00, 0x00, 0x00, 0x1B, 0x96, 0xE6, 0xEA, 0x57, 
0x86, 0x9C, 0x00, 0x00, 0x45, 0xE1, 0x77, 0x18, 0x11, 0x89, 0xD5, 0x4D, 0x00, 0x3E, 0xDD, 0x2A, 
0x00, 0x00, 0x00, 0x3D, 0xF5, 0x09, 0x14, 0xD8, 0x26, 0x00, 0x00, 0x00, 0x00, 0x74, 0xAF, 0x00, 
0x89, 0x64, 0x00, 0x00, 0x00, 0x00, 0x00, 0xBF, 0x60, 0x00, 0xDA, 0x0B, 0x00, 0x00, 0x00, 0x00, 
0x2D, 0xFB, 0x14, 0x00, 0xF6, 0x04, 0x00, 0x00, 0x00, 0x1E, 0x9A, 0xC2, 0x00, 0x00, 0xC5, 0x75, 
0x0A, 0x20, 0x7A, 0x69, 0x8F, 0x73, 0x00, 0x00, 0x2D, 0xD0, 0xF5, 0xBB, 0x3D, 0x00, 0xDC, 0x24, 
0x00, 0x00, 0x00, 0x00, 0x00, 0x00, 0x00, 0x2A, 0xD5, 0x00, 0x00, 0x00, 0x00, 0x00, 0x00, 0x00, 
0x00, 0x77, 0x87, 0x00, 0x00, 0x00, 0x00, 0x00, 0x00, 0x06, 0x32, 0xE6, 0x43, 0x00, 0x00, 0x00, 
0x00, 0x00, 0x00, 0xF8, 0xFF, 0xFF, 0xFF, 0x43, 0x00, 0x00, 0x00, 0xE0, 0xFF, 0x9B, 0x06, 0x9B, 
0xDD, 0x00, 0x00, 0xA8, 0x45, 0x38, 0x72, 0xB3, 0x00, 0x09, 0xDE, 0x46, 0x03, 0x00, 0x00, 0x00, 
0x4E, 0xBC, 0x2A, 0x00, 0x00, 0x00, 0x00, 0x9D, 0x94, 0x00, 0x00, 0x00, 0x00, 0x02, 0xE9, 0x2B, 
0x00, 0x00, 0x00, 0x00, 0x3B, 0xC7, 0x00, 0x00, 0x00, 0x00, 0x00, 0x8A, 0x77, 0x00, 0x00, 0x00, 
0x00, 0x00, 0xD9, 0x28, 0x00, 0x00, 0x00, 0x00, 0x00, 0x00, 0x00, 0x2B, 0xBF, 0xF4, 0xC4, 0x2B, 
0x80, 0x00, 0x00, 0xD5, 0x4A, 0x0E, 0x9A, 0xFF, 0x7F, 0x00, 0x00, 0xE9, 0x26, 0x00, 0x16, 0xFF, 
0x2A, 0x00, 0x00, 0x60, 0xD6, 0x17, 0x00, 0x00, 0x00, 0x00, 0x00, 0x00, 0x77, 0xD6, 0x11, 0x00, 
0x00, 0x00, 0x00, 0x00, 0x00, 0x8E, 0xA6, 0x00, 0x00, 0x2A, 0xFF, 0x14, 0x00, 0x11, 0xF3, 0x00, 
0x00, 0x80, 0xFF, 0x8C, 0x0C, 0x59, 0xB5, 0x00, 0x00, 0x68, 0x45, 0xD5, 0xEE, 0xA6, 0x14, 0x00, 
0x00, 0x00, 0x00, 0x00, 0xA7, 0x4A, 0x00, 0x00, 0x00, 0x05, 0xDF, 0x0A, 0x00, 0x00, 0x0D, 0x9D, 
0xB8, 0x00, 0x00, 0x39, 0xEE, 0xFF, 0xFF, 0xFF, 0xFF, 0x00, 0x12, 0xFD, 0x23, 0x00, 0x00, 0x00, 
0x57, 0xDB, 0x00, 0x00, 0x00, 0x00, 0x9E, 0x92, 0x00, 0x00, 0x00, 0x00, 0xE4, 0x4A, 0x00, 0x00, 
0x00, 0x2D, 0xF7, 0x0A, 0x00, 0x00, 0x00, 0x73, 0xB8, 0x02, 0x09, 0x00, 0x00, 0xAF, 0x67, 0x7D, 
0x9D, 0x00, 0x00, 0x9F, 0xC8, 0x8A, 0x05, 0x00, 0x00, 0x00, 0x74, 0xED, 0x26, 0x00, 0x00, 0x00, 
0x75, 0x87, 0x63, 0xB1, 0xC0, 0x53, 0x00, 0x00, 0x00, 0xBE, 0x38, 0x2B, 0x1F, 0xF1, 0x23, 0x00, 
0x00, 0x15, 0xE3, 0x01, 0x00, 0x53, 0xD0, 0x00, 0x00, 0x00, 0x79, 0x9A, 0x00, 0x00, 0xAF, 0x74, 
0x00, 0x00, 0x1D, 0xD8, 0x4A, 0x00, 0x10, 0xF6, 0x1A, 0x00, 0x06, 0x5E, 0xDA, 0x07, 0x00, 0x5D, 
0xBF, 0x00, 0x01, 0x64, 0x3B, 0xAD, 0x00, 0x02, 0x9C, 0x7A, 0x0A, 0x67, 0x11, 0x7F, 0x6B, 0x73, 
0xA9, 0x81, 0xD9, 0x74, 0x07, 0x00, 0x80, 0xD7, 0x93, 0x0A, 0x25, 0x70, 0xBB, 0x1B, 0x00, 0x00, 
0xCB, 0xB1, 0xFF, 0xFF, 0xFF, 0x63, 0x00, 0x00, 0x8E, 0xF4, 0x0A, 0x3F, 0xFE, 0x7F, 0x00, 0x00, 
0x03, 0xBF, 0x00, 0x00, 0xBE, 0xAA, 0x00, 0x00, 0x4D, 0x5D, 0x00, 0x00, 0x7F, 0xD4, 0x00, 0x07, 
0xB4, 0x04, 0x00, 0x00, 0x55, 0xE4, 0x00, 0x85, 0x52, 0x00, 0x00, 0x00, 0x33, 0xF2, 0x3C, 0xB5, 
0x00, 0x00, 0x00, 0x00, 0x1D, 0xFE, 0xD7, 0x1E, 0x00, 0x00, 0x00, 0x00, 0x0A, 0xFF, 0x5A, 0x00, 
0x00, 0x00, 0x37, 0xA6, 0x63, 0x00, 0x00, 0x00, 0x07, 0xD9, 0x00, 0x00, 0xCB, 0xBC, 0xFF, 0xFF, 
0x97, 0x00, 0x00, 0x00, 0x84, 0xFF, 0x00, 0x00, 0x5F, 0xEB, 0x0A, 0xA3, 0xB9, 0x00, 0x00, 0x2B, 
0xA6, 0xFF, 0x00, 0x00, 0x00, 0x9A, 0x00, 0x58, 0xD0, 0x00, 0x01, 0xB5, 0x18, 0xFF, 0x00, 0x00, 
0x46, 0x4C, 0x00, 0x3A, 0xE0, 0x00, 0x6B, 0x62, 0x00, 0xFF, 0x00, 0x05, 0x9E, 0x01, 0x00, 0x25, 
0xED, 0x1A, 0xAE, 0x00, 0x00, 0xFF, 0x00, 0x7A, 0x38, 0x00, 0x00, 0x16, 0xF8, 0xA4, 0x22, 0x00, 
0x00, 0xFF, 0x3E, 0x9E, 0x00, 0x00, 0x00, 0x0B, 0xFF, 0x73, 0x00, 0x00, 0x00, 0xFF, 0xD5, 0x18, 
0x00, 0x00, 0x00, 0x04, 0xCB, 0x03, 0x00, 0x00, 0x00, 0xFF, 0x5A, 0x00, 0x00, 0x00, 0x00, 0x00, 
0x3B, 0xB3, 0x5E, 0x00, 0x2D, 0xCD, 0xC6, 0x00, 0x00, 0xFF, 0xFF, 0xD0, 0x23, 0x75, 0x02, 0x00, 
0x00, 0x00, 0x03, 0x4D, 0xFC, 0x9D, 0x01, 0x00, 0x00, 0x00, 0x00, 0x00, 0x00, 0xAE, 0x73, 0x00, 
0x00, 0x00, 0x00, 0x00, 0x00, 0x00, 0x69, 0xBB, 0x00, 0x00, 0x00, 0x00, 0x00, 0x00, 0x0C, 0x86, 
0xEC, 0x0E, 0x00, 0x00, 0x00, 0x00, 0x00, 0x80, 0x13, 0xB2, 0x57, 0x0E, 0x00, 0xCB, 0x70, 0x66, 
0x3F, 0x00, 0x68, 0xB3, 0xC6, 0x00, 0xBA, 0xE1, 0x4B, 0x00, 0x00, 0x15, 0xE0, 0x30, 0x00, 0x00, 
0x00, 0x00, 0x3B, 0xB3, 0x3B, 0x00, 0x00, 0xC5, 0xAC, 0x00, 0x00, 0x00, 0xFF, 0xFF, 0x41, 0x00, 
0x00, 0x99, 0xF2, 0x00, 0x00, 0x00, 0x07, 0xAD, 0x7D, 0x00, 0x00, 0x00, 0x8A, 0x00, 0x00, 0x00, 
0x00, 0x60, 0xB3, 0x00, 0x00, 0x37, 0x58, 0x00, 0x00, 0x00, 0x00, 0x44, 0xC4, 0x00, 0x00, 0x94, 
0x01, 0x00, 0x00, 0x00, 0x00, 0x35, 0xD5, 0x00, 0x5E, 0x45, 0x00, 0x00, 0x00, 0x00, 0x00, 0x27, 
0xE6, 0x17, 0x9B, 0x00, 0x00, 0x00, 0x00, 0x00, 0x00, 0x19, 0xF7, 0x9D, 0x17, 0x00, 0x00, 0x00, 
0x00, 0x00, 0x00, 0x0A, 0xFE, 0x52, 0x00, 0x00, 0x00, 0x00, 0x00, 0x00, 0x00, 0x47, 0x77, 0x00, 
0x00, 0x00, 0x00, 0x00, 0x00, 0x00, 0x2F, 0x8A, 0x00, 0x00, 0x00, 0x00, 0x00, 0xAF, 0x72, 0x52, 
0x7D, 0x01, 0x00, 0x00, 0x00, 0x00, 0x00, 0xC8, 0xD8, 0x59, 0x00, 0x00, 0x00, 0x00, 0x00, 0x00, 
0x00, 0x00, 0x4D, 0xFF, 0xFF, 0xFF, 0xFF, 0xFF, 0xFF, 0x7F, 0x00, 0xC4, 0x67, 0x03, 0x00, 0x00, 
0x00, 0x00, 0x00, 0x00, 0x00, 0x00, 0x00, 0x00, 0x00, 0x00, 0x00, 0x00, 0x00, 0x00, 0x00, 0x00, 
0x00, 0x00, 0x00, 0x00, 0x00, 0x00, 0x00, 0x00, 0x00, 0x00, 0x00, 0x00, 0x00, 0x00, 0x00, 0x00, 
0x00, 0x00, 0x00, 0x00, 0x00, 0x00, 0x00, 0x00, 0x00, 0x00, 0x00, 0x00, 0x00, 0x00, 0x00, 0x00, 
0x00, 0x00, 0x00, 0x00, 0x00, 0x03, 0x5F, 0xC3, 0x00, 0x7F, 0xFF, 0xFF, 0xFF, 0xFF, 0xFF, 0xFF, 
0x4B, 0x00, 0x00, 0x00, 0x00, 0x00, 0x0C, 0x76, 0xBA, 0x00, 0x00, 0x00, 0x1C, 0xB6, 0x16, 0x00, 
0x00, 0x00, 0x00, 0xBE, 0x6D, 0x00, 0x00, 0x00, 0x00, 0x26, 0xFF, 0x42, 0x00, 0x00, 0x00, 0x00, 
0x54, 0xFF, 0x25, 0x00, 0x00, 0x00, 0x00, 0x6F, 0xE9, 0x02, 0x00, 0x00, 0x00, 0x00, 0xB7, 0x62, 
0x00, 0x00, 0x00, 0x20, 0x94, 0x66, 0x00, 0x00, 0x00, 0x00, 0xD8, 0x1A, 0x00, 0x00, 0x00, 0x00, 
0x00, 0x65, 0x82, 0x00, 0x00, 0x00, 0x00, 0x00, 0x0F, 0xE9, 0x00, 0x00, 0x00, 0x00, 0x00, 0x28, 
0xF1, 0x00, 0x00, 0x00, 0x00, 0x00, 0x72, 0xBC, 0x00, 0x00, 0x00, 0x00, 0x00, 0xBC, 0x6F, 0x00, 
0x00, 0x00, 0x00, 0x00, 0xEF, 0x24, 0x00, 0x00, 0x00, 0x00, 0x00, 0xF2, 0x0F, 0x00, 0x00, 0x00, 
0x00, 0x00, 0xB3, 0x73, 0x00, 0x00, 0x00, 0x00, 0x00, 0x1E, 0xC9, 0x0D, 0x00, 0x00, 0x00, 0x00, 
0xFF, 0xFF, 0xFF, 0xFF, 0xFF, 0xFF, 0xFF, 0xFF, 0xFF, 0xFF, 0xFF, 0xFF, 0xFF, 0xFF, 0xFF, 0xFF, 
0xFF, 0xFF, 0x00, 0x00, 0x00, 0x00, 0x0B, 0xCA, 0x1E, 0x00, 0x00, 0x00, 0x00, 0x00, 0x75, 0xB2, 
0x00, 0x00, 0x00, 0x00, 0x00, 0x10, 0xF2, 0x00, 0x00, 0x00, 0x00, 0x00, 0x24, 0xEE, 0x00, 0x00, 
0x00, 0x00, 0x00, 0x6E, 0xBC, 0x00, 0x00, 0x00, 0x00, 0x00, 0xBC, 0x73, 0x00, 0x00, 0x00, 0x00, 
0x00, 0xF2, 0x28, 0x00, 0x00, 0x00, 0x00, 0x00, 0xEB, 0x0E, 0x00, 0x00, 0x00, 0x00, 0x00, 0x87, 
0x65, 0x00, 0x00, 0x00, 0x00, 0x00, 0x19, 0xD7, 0x00, 0x00, 0x00, 0x00, 0x65, 0x96, 0x21, 0x00, 
0x00, 0x00, 0x62, 0xB8, 0x00, 0x00, 0x00, 0x00, 0x04, 0xEC, 0x6F, 0x00, 0x00, 0x00, 0x00, 0x2A, 
0xFF, 0x53, 0x00, 0x00, 0x00, 0x00, 0x45, 0xFF, 0x25, 0x00, 0x00, 0x00, 0x00, 0x6E, 0xBC, 0x00, 
0x00, 0x00, 0x00, 0x16, 0xB6, 0x1B, 0x00, 0x00, 0x00, 0xBB, 0x77, 0x0D, 0x00, 0x00, 0x00, 0x00, 
0x1F, 0xC9, 0xF1, 0xB9, 0x5D, 0x08, 0x00, 0x00, 0x09, 0xEC, 0xAB, 0xAA, 0x10, 0x37, 0xAA, 0xEB, 
0x8C, 0x31, 0x3D, 0xAB, 0xEC, 0x23, 0x00, 0x00, 0x00, 0x2F, 0xAC, 0xF1, 0xC4, 0x1D, 0x00, 0xFF, 
0xFF, 0xFF, 0xFF, 0xFF, 0xFF, 0xFF, 0x00, 0x00, 0x00, 0x00, 0xFF, 0xFF, 0xFF, 0xFF, 0xFF, 0xFF, 
0xFF, 0x00, 0x00, 0x00, 0x00, 0x00, 0x66, 0xD8, 0xF2, 0xB3, 0x1B, 0x00, 0x00, 0x00, 0x00, 0x67, 
0xC3, 0x23, 0x14, 0xB9, 0xC3, 0x00, 0x00, 0x00, 0x00, 0xD8, 0x23, 0x00, 0x00, 0x47, 0xD0, 0x00, 
0x00, 0x00, 0x00, 0xF4, 0x13, 0x00, 0x00, 0x00, 0x00, 0x00, 0x00, 0x00, 0x00, 0xCA, 0x54, 0x00, 
0x00, 0x00, 0x00, 0x00, 0x00, 0x00, 0x00, 0x51, 0xDF, 0x10, 0x00, 0x00, 0x00, 0x00, 0x00, 0x34, 
0xD3, 0xFE, 0xFF, 0xB0, 0x00, 0x00, 0x00, 0x00, 0x00, 0xCE, 0x58, 0x0C, 0x69, 0xF8, 0x60, 0x00, 
0x00, 0x00, 0x00, 0xF8, 0x11, 0x00, 0x00, 0x70, 0xCD, 0x00, 0x00, 0x00, 0x00, 0xD6, 0x64, 0x00, 
0x00, 0x0F, 0xF4, 0x00, 0x00, 0x00, 0x00, 0x5E, 0xF1, 0x5B, 0x10, 0x55, 0xCA, 0x00, 0x00, 0x00, 
0x00, 0x00, 0xAA, 0xFF, 0xFF, 0xD5, 0x30, 0x00, 0x00, 0x00, 0x00, 0x00, 0x0E, 0xDF, 0x4A, 0x00, 
0x00, 0x00, 0x00, 0x00, 0x00, 0x00, 0x00, 0x56, 0xC0, 0x00, 0x00, 0x00, 0x00, 0x00, 0x00, 0x00, 
0x00, 0x14, 0xF1, 0x00, 0x00, 0x00, 0x00, 0xD3, 0x3D, 0x00, 0x00, 0x21, 0xDB, 0x00, 0x00, 0x00, 
0x00, 0xC7, 0xBA, 0x13, 0x20, 0xBE, 0x6D, 0x00, 0x00, 0x00, 0x00, 0x20, 0xB6, 0xF3, 0xDD, 0x6F, 
0x01, 0x00, 0x00, 0x00, 0x00, 0x00, 0x00, 0x00, 0x1F, 0x81, 0xCF, 0xF0, 0xF0, 0xCF, 0x81, 0x1F, 
0x00, 0x00, 0x00, 0x00, 0x00, 0x6F, 0xF3, 0xA4, 0x4A, 0x1A, 0x08, 0x22, 0x69, 0xD0, 0x6E, 0x00, 
0x00, 0x00, 0x76, 0xDE, 0x34, 0x00, 0x00, 0x00, 0x00, 0x00, 0x00, 0x0B, 0xB0, 0x73, 0x00, 0x2E, 
0xED, 0x26, 0x00, 0x2F, 0xAE, 0xED, 0xFA, 0xD6, 0xD5, 0x00, 0x0C, 0xD9, 0x2A, 0x9D, 0x7F, 0x00, 
0x3C, 0xCB, 0x3D, 0x0C, 0x28, 0x88, 0xFF, 0x00, 0x00, 0x6B, 0x9B, 0xDD, 0x27, 0x00, 0xCB, 0x34, 
0x00, 0x00, 0x00, 0x00, 0x00, 0x00, 0x00, 0x21, 0xDB, 0xF7, 0x09, 0x00, 0xF9, 0x0A, 0x00, 0x00, 
0x00, 0x00, 0x00, 0x00, 0x00, 0x08, 0xF6, 0xDD, 0x23, 0x00, 0xD9, 0x35, 0x00, 0x00, 0x00, 0x00, 
0x00, 0x00, 0x00, 0x25, 0xDB, 0x9D, 0x75, 0x00, 0x57, 0xD0, 0x37, 0x07, 0x12, 0x6C, 0xA4, 0x00, 
0x00, 0x79, 0x9B, 0x2E, 0xE4, 0x12, 0x00, 0x42, 0xC2, 0xF1, 0xE9, 0x92, 0x0A, 0x00, 0x16, 0xE5, 
0x2A, 0x00, 0x75, 0xB5, 0x05, 0x00, 0x00, 0x00, 0x00, 0x00, 0x00, 0x0B, 0xBE, 0x71, 0x00, 0x00, 
0x00, 0x6E, 0xB6, 0x47, 0x16, 0x04, 0x05, 0x1B, 0x55, 0xC8, 0x6C, 0x00, 0x00, 0x00, 0x00, 0x00, 
0x20, 0x84, 0xD0, 0xF1, 0xF0, 0xCF, 0x82, 0x1F, 0x00, 0x00, 0x00, 0x00, 0x00, 0x00, 0x1F, 0xC0, 
0x1F, 0x1F, 0xC0, 0x1F, 0x00, 0x00, 0x1E, 0xC0, 0x21, 0x1E, 0xC0, 0x21, 0x00, 0x00, 0x1D, 0xC0, 
0x22, 0x1D, 0xC0, 0x22, 0x00, 0x00, 0x1C, 0xC0, 0x23, 0x1C, 0xC0, 0x23, 0x00, 0x00, 0x00, 0xD2, 
0x2D, 0x00, 0xD2, 0x2D, 0x00, 0x00, 0x00, 0x00, 0xAD, 0x53, 0x00, 0xAD, 0x53, 0x00, 0x00, 0x00, 
0x00, 0x57, 0xA9, 0x00, 0x57, 0xA9, 0x00, 0x00, 0x00, 0x00, 0x0B, 0xEA, 0x0A, 0x0B, 0xEA, 0x0A, 
0x00, 0x00, 0x00, 0x00, 0xAB, 0x55, 0x00, 0xAB, 0x55, 0x00, 0x00, 0x00, 0xC4, 0xFF, 0xFF, 0xFF, 
0xFF, 0xFF, 0x31, 0x00, 0x00, 0x00, 0x1F, 0x81, 0xCF, 0xF0, 0xF0, 0xCF, 0x81, 0x1F, 0x00, 0x00, 
0x00, 0x00, 0x00, 0x6F, 0xEA, 0x8D, 0x36, 0x0F, 0x0F, 0x36, 0x8D, 0xEA, 0x6E, 0x00, 0x00, 0x00, 
0x76, 0xCF, 0x21, 0x00, 0x00, 0x00, 0x00, 0x00, 0x00, 0x22, 0xD0, 0x73, 0x00, 0x2E, 0xE6, 0x1A, 
0xFF, 0xFF, 0xFF, 0xFF, 0xEF, 0xBA, 0x2C, 0x00, 0x1C, 0xE7, 0x2A, 0x9D, 0x76, 0x00, 0x32, 0xFF, 
0x0B, 0x06, 0x22, 0x7F, 0xD8, 0x00, 0x00, 0x79, 0x9B, 0xDD, 0x24, 0x00, 0x01, 0xFF, 0x02, 0x0B, 
0x26, 0x79, 0xD6, 0x00, 0x00, 0x25, 0xDB, 0xF7, 0x08, 0x00, 0x00, 0xFF, 0xFF, 0xFF, 0xEA, 0xA0, 
0x20, 0x00, 0x00, 0x09, 0xF6, 0xDD, 0x23, 0x00, 0x02, 0xFF, 0x02, 0x96, 0x7C, 0x00, 0x00, 0x00, 
0x00, 0x25, 0xDB, 0x9D, 0x75, 0x00, 0x34, 0xFF, 0x00, 0x00, 0x80, 0x90, 0x01, 0x00, 0x00, 0x79, 
0x9B, 0x2E, 0xE5, 0x19, 0xFF, 0xFF, 0xFF, 0x00, 0x00, 0x6B, 0xB3, 0xCB, 0x1B, 0xE6, 0x2A, 0x00, 
0x75, 0xCD, 0x1F, 0x00, 0x00, 0x00, 0x00, 0x00, 0x00, 0x20, 0xCE, 0x71, 0x00, 0x00, 0x00, 0x6E, 
0xE8, 0x89, 0x34, 0x0F, 0x0F, 0x34, 0x8A, 0xE8, 0x6C, 0x00, 0x00, 0x00, 0x00, 0x00, 0x20, 0x84, 
0xD0, 0xF1, 0xF0, 0xCF, 0x82, 0x1F, 0x00, 0x00, 0x00, 0x06, 0x8A, 0xE7, 0xE7, 0x8A, 0x06, 0x8B, 
0xB6, 0x1C, 0x1C, 0xB8, 0x8A, 0xE8, 0x1B, 0x00, 0x00, 0x1C, 0xE7, 0xE8, 0x1B, 0x00, 0x00, 0x1C, 
0xE7, 0x8B, 0xB4, 0x1B, 0x1B, 0xB6, 0x8A, 0x06, 0x8B, 0xE8, 0xE8, 0x8B, 0x06, 0x00, 0x00, 0x00, 
0x00, 0x00, 0xFF, 0x00, 0x00, 0x00, 0x00, 0x00, 0x00, 0x00, 0x00, 0x00, 0x00, 0xFF, 0x00, 0x00, 
0x00, 0x00, 0x00, 0x00, 0x00, 0x00, 0x00, 0x00, 0xFF, 0x00, 0x00, 0x00, 0x00, 0x00, 0x00, 0x00, 
0x00, 0x00, 0x00, 0xFF, 0x00, 0x00, 0x00, 0x00, 0x00, 0x00, 0x00, 0x00, 0x00, 0x00, 0xFF, 0x00, 
0x00, 0x00, 0x00, 0x00, 0xFF, 0xFF, 0xFF, 0xFF, 0xFF, 0xFF, 0xFF, 0xFF, 0xFF, 0xFF, 0xFC, 0x00, 
0x00, 0x00, 0x00, 0x00, 0xFF, 0x00, 0x00, 0x00, 0x00, 0x00, 0x00, 0x00, 0x00, 0x00, 0x00, 0xFF, 
0x00, 0x00, 0x00, 0x00, 0x00, 0x00, 0x00, 0x00, 0x00, 0x00, 0xFF, 0x00, 0x00, 0x00, 0x00, 0x00, 
0x00, 0x00, 0x00, 0x00, 0x00, 0xFF, 0x00, 0x00, 0x00, 0x00, 0x00, 0xFF, 0xFF, 0xFF, 0xFF, 0xFF, 
0xFF, 0xFF, 0xFF, 0xFF, 0xFF, 0xFD, 0x2A, 0xD4, 0x80, 0x7F, 0xD5, 0x2A, 0xB5, 0x00, 0x00, 0x00, 
0x56, 0xAA, 0x00, 0x56, 0xAA, 0x00, 0x00, 0x00, 0x00, 0x0A, 0xEA, 0x0A, 0x0A, 0xEA, 0x0A, 0x00, 
0x00, 0x00, 0x00, 0xAA, 0x55, 0x00, 0xAA, 0x55, 0x00, 0x00, 0x00, 0x00, 0x55, 0xAB, 0x00, 0x55, 
0xAB, 0x00, 0x00, 0x00, 0x00, 0x2C, 0xD3, 0x00, 0x2C, 0xD3, 0x00, 0x00, 0x00, 0x21, 0xC0, 0x1E, 
0x21, 0xC0, 0x1E, 0x00, 0x00, 0x21, 0xC0, 0x1E, 0x21, 0xC0, 0x1E, 0x00, 0x00, 0x20, 0xC0, 0x1F, 
0x20, 0xC0, 0x1F, 0x00, 0x00, 0x20, 0xC0, 0x1F, 0x20, 0xC0, 0x1F, 0x00, 0x00, 0x00, 0x7F, 0x6D, 
0x00, 0x00, 0x00, 0x00, 0x6D, 0x80, 0x6D, 0xF9, 0x4B, 0x00, 0x00, 0x4C, 0xF9, 0x6C, 0x00, 0x4B, 
0xE6, 0x30, 0x30, 0xE5, 0x49, 0x00, 0x00, 0x00, 0x2F, 0xC7, 0xC5, 0x2C, 0x00, 0x00, 0x00, 0x00, 
0x2F, 0xC6, 0xC7, 0x30, 0x00, 0x00, 0x00, 0x4A, 0xE6, 0x2F, 0x2F, 0xE7, 0x4C, 0x00, 0x6D, 0xF9, 
0x4A, 0x00, 0x00, 0x4B, 0xF9, 0x6D, 0x80, 0x6D, 0x00, 0x00, 0x00, 0x00, 0x6D, 0x7F, 0x00, 0x00, 
0x00, 0x00, 0xB4, 0x00, 0x00, 0x00, 0x00, 0x00, 0x00, 0x00, 0x00, 0x00, 0x00, 0x00, 0x00, 0x00, 
0x00, 0x00, 0x00, 0x00, 0x00, 0x00, 0x00, 0x00, 0x00, 0xFF, 0xFF, 0xFF, 0xFF, 0xFF, 0xFF, 0xFF, 
0xFF, 0xFF, 0x00, 0x00, 0x00, 0x00, 0x00, 0x00, 0x00, 0x00, 0x00, 0x00, 0x00, 0x00, 0x00, 0x00, 
0x00, 0x00, 0x00, 0x00, 0x00, 0x00, 0x00, 0x00, 0xB4, 0x00, 0x00, 0x00, 0x00, 0x00, 0x00, 0x00, 
0x00, 0x00, 0x00, 0x00, 0x3A, 0xF0, 0x68, 0x00, 0xB3, 0xD7, 0x07, 0x00, 0x00, 0x00, 0x00, 0x00, 
0x00, 0x00, 0x47, 0xFD, 0x7B, 0x00, 0xC8, 0xE9, 0x0B, 0x00, 0x00, 0x00, 0x00, 0x00, 0x00, 0x00, 
0x00, 0x0E, 0x00, 0x00, 0x05, 0x09, 0x00, 0x00, 0x00, 0x00, 0x00, 0x39, 0x40, 0x40, 0x40, 0x40, 
0x40, 0x40, 0x40, 0x40, 0x26, 0x00, 0x00, 0x00, 0x00, 0x26, 0xB4, 0xFF, 0xAD, 0x78, 0x79, 0x84, 
0xC0, 0xFF, 0x72, 0x00, 0x00, 0x00, 0x00, 0x00, 0x94, 0xFF, 0x2C, 0x00, 0x00, 0x00, 0x00, 0xB5, 
0x31, 0x00, 0x00, 0x00, 0x00, 0x00, 0xD1, 0xE2, 0x00, 0x00, 0x00, 0x00, 0x00, 0x6B, 0x02, 0x00, 
0x00, 0x00, 0x00, 0x1B, 0xFF, 0x99, 0x00, 0x00, 0x00, 0x13, 0x00, 0x00, 0x00, 0x00, 0x00, 0x00, 
0x00, 0x66, 0xFF, 0x4F, 0x00, 0x00, 0x3A, 0x4F, 0x00, 0x00, 0x00, 0x00, 0x00, 0x00, 0x00, 0xB0, 
0xFF, 0x58, 0x53, 0x79, 0xE5, 0x0D, 0x00, 0x00, 0x00, 0x00, 0x00, 0x00, 0x07, 0xF3, 0xCF, 0x64, 
0x69, 0xB5, 0xC0, 0x00, 0x00, 0x00, 0x00, 0x00, 0x00, 0x00, 0x46, 0xFF, 0x74, 0x00, 0x00, 0x1E, 
0x78, 0x00, 0x00, 0x00, 0x00, 0x00, 0x00, 0x00, 0x90, 0xFF, 0x2A, 0x00, 0x00, 0x1C, 0x25, 0x00, 
0x00, 0x00, 0x00, 0x00, 0x00, 0x00, 0xDB, 0xDF, 0x00, 0x00, 0x00, 0x00, 0x00, 0x00, 0x53, 0x00, 
0x00, 0x00, 0x00, 0x26, 0xFF, 0x95, 0x00, 0x00, 0x00, 0x00, 0x00, 0x2F, 0x98, 0x00, 0x00, 0x00, 
0x00, 0x7D, 0xFF, 0x61, 0x00, 0x00, 0x00, 0x04, 0x56, 0xEF, 0x49, 0x00, 0x00, 0x24, 0x7B, 0xF5, 
0xFF, 0xDF, 0xAC, 0xAE, 0xC3, 0xEB, 0xFF, 0xED, 0x05, 0x00, 0x00, 0x00, 0x00, 0x00, 0x00, 0x00, 
0x00, 0x00, 0x00, 0x00, 0x0B, 0xD9, 0x00, 0x00, 0x00, 0x00, 0x00, 0x00, 0x00, 0x00, 0x00, 0x00, 
0x00, 0x8C, 0xFF, 0x00, 0x00, 0x00, 0x00, 0x00, 0x00, 0x00, 0x00, 0x00, 0x00, 0x5B, 0x55, 0xFF, 
0x00, 0x00, 0x00, 0x00, 0x00, 0x00, 0x00, 0x00, 0x00, 0x23, 0x9C, 0x00, 0xFF, 0x00, 0x00, 0x00, 
0x00, 0x00, 0x00, 0x00, 0x00, 0x05, 0xB4, 0x14, 0x00, 0xFF, 0x00, 0x00, 0x00, 0x00, 0x00, 0x00, 
0x00, 0x00, 0x8B, 0x52, 0x00, 0x00, 0xFF, 0x00, 0x00, 0x00, 0x00, 0x00, 0x00, 0x00, 0x46, 0xA4, 
0x00, 0x00, 0x00, 0xFF, 0x00, 0x00, 0x00, 0x00, 0x00, 0x00, 0x17, 0xD0, 0x12, 0x00, 0x00, 0x00, 
0xFF, 0x00, 0x00, 0x00, 0x00, 0x00, 0x01, 0xB9, 0xFF, 0xFF, 0xFF, 0xFF, 0xFF, 0xFF, 0x00, 0x00, 
0x00, 0x00, 0x00, 0x75, 0x8E, 0x00, 0x00, 0x00, 0x00, 0x00, 0xFF, 0x00, 0x00, 0x00, 0x00, 0x50, 
0xC1, 0x06, 0x00, 0x00, 0x00, 0x00, 0x09, 0xF4, 0x00, 0x00, 0x0B, 0x6B, 0xF9, 0x44, 0x00, 0x00, 
0x00, 0x00, 0x0B, 0x70, 0xFD, 0x3A, 0x02, 0xC6, 0xFF, 0xFF, 0xFF, 0x21, 0x00, 0x00, 0x00, 0xF6, 
0xFF, 0xFF, 0xFF, 0x95, 0x00, 0x00, 0x00, 0x00, 0xB6, 0xFF, 0xFF, 0xFF, 0xFF, 0xFF, 0xFF, 0xFF, 
0xFF, 0xA2, 0x00, 0x00, 0x00, 0x00, 0x05, 0x8E, 0x8F, 0x00, 0x00, 0x01, 0x08, 0x39, 0xE7, 0x61, 
0x00, 0x00, 0x00, 0x00, 0x00, 0xB9, 0x40, 0x00, 0x00, 0x00, 0x00, 0x00, 0xCD, 0x20, 0x00, 0x00, 
0x00, 0x00, 0x11, 0xE9, 0x04, 0x00, 0x00, 0x00, 0x00, 0x00, 0x00, 0x00, 0x00, 0x00, 0x00, 0x00, 
0x5C, 0xA2, 0x00, 0x00, 0x00, 0x00, 0x00, 0x00, 0x00, 0x00, 0x00, 0x00, 0x00, 0x00, 0xAA, 0x53, 
0x00, 0x00, 0x00, 0x00, 0x00, 0x00, 0x00, 0x00, 0x00, 0x00, 0x00, 0x06, 0xF2, 0xFF, 0xFF, 0xF5, 
0xE3, 0xB0, 0x40, 0x00, 0x00, 0x00, 0x00, 0x00, 0x00, 0x48, 0xB8, 0x00, 0x08, 0x14, 0x2F, 0x68, 
0xDE, 0x54, 0x00, 0x00, 0x00, 0x00, 0x00, 0x96, 0x69, 0x00, 0x00, 0x00, 0x00, 0x00, 0x2F, 0xDB, 
0x00, 0x00, 0x00, 0x00, 0x00, 0xE3, 0x1C, 0x00, 0x00, 0x00, 0x00, 0x00, 0x10, 0xD9, 0x00, 0x00, 
0x00, 0x00, 0x38, 0xCC, 0x00, 0x00, 0x00, 0x00, 0x00, 0x01, 0x91, 0x4D, 0x00, 0x00, 0x02, 0x1E, 
0xC5, 0x8D, 0x0D, 0x02, 0x08, 0x22, 0x59, 0xB9, 0x58, 0x00, 0x00, 0x00, 0x88, 0xFF, 0xFF, 0xFF, 
0xFF, 0xFF, 0xFD, 0xED, 0xB3, 0x2B, 0x00, 0x00, 0x00, 0x00, 0x00, 0x00, 0x00, 0x00, 0xEA, 0xFF, 
0xFF, 0xFF, 0xFB, 0xD0, 0x3C, 0x00, 0x00, 0x00, 0x00, 0x00, 0x04, 0x8B, 0xBC, 0x0B, 0x0E, 0x3B, 
0xBE, 0x45, 0x00, 0x00, 0x00, 0x00, 0x00, 0x8B, 0x60, 0x00, 0x00, 0x00, 0x20, 0xE1, 0x00, 0x00, 
0x00, 0x00, 0x00, 0xD1, 0x0F, 0x00, 0x00, 0x00, 0x16, 0xEC, 0x00, 0x00, 0x00, 0x00, 0x2F, 0xB0, 
0x00, 0x00, 0x00, 0x00, 0x6D, 0xAB, 0x00, 0x00, 0x00, 0x00, 0x85, 0x58, 0x02, 0x0D, 0x2E, 0x7A, 
0xDF, 0x23, 0x00, 0x00, 0x00, 0x00, 0xDB, 0xFF, 0xFF, 0xFF, 0xFF, 0xCC, 0x13, 0x00, 0x00, 0x00, 
0x00, 0x32, 0xB6, 0x00, 0x05, 0x1D, 0x5A, 0xE0, 0x4F, 0x00, 0x00, 0x00, 0x00, 0x88, 0x63, 0x00, 
0x00, 0x00, 0x00, 0x32, 0xDB, 0x00, 0x00, 0x00, 0x00, 0xD9, 0x14, 0x00, 0x00, 0x00, 0x00, 0x13, 
0xF2, 0x00, 0x00, 0x00, 0x3A, 0xBE, 0x00, 0x00, 0x00, 0x00, 0x00, 0x66, 0xAC, 0x00, 0x00, 0x1A, 
0xC1, 0x7B, 0x07, 0x02, 0x0D, 0x2D, 0x79, 0xDB, 0x1E, 0x00, 0x70, 0xFF, 0xFF, 0xFF, 0xFF, 0xFD, 
0xF3, 0xD1, 0x86, 0x15, 0x00, 0x00, 0x00, 0x00, 0x00, 0x05, 0x40, 0x40, 0x40, 0x40, 0x40, 0x40, 
0x40, 0x40, 0x40, 0x40, 0x0E, 0x00, 0x00, 0x00, 0x05, 0x31, 0xBF, 0xFF, 0xAB, 0x70, 0x70, 0x71, 
0x82, 0xD4, 0xFB, 0x10, 0x00, 0x00, 0x00, 0x00, 0x00, 0x99, 0xFF, 0x2F, 0x00, 0x00, 0x00, 0x00, 
0x20, 0xC1, 0x00, 0x00, 0x00, 0x00, 0x00, 0x00, 0xD4, 0xE4, 0x00, 0x00, 0x00, 0x00, 0x00, 0x0A, 
0x77, 0x00, 0x00, 0x00, 0x00, 0x00, 0x1F, 0xFF, 0x99, 0x00, 0x00, 0x00, 0x00, 0x00, 0x06, 0x12, 
0x00, 0x00, 0x00, 0x00, 0x00, 0x6B, 0xFF, 0x4E, 0x00, 0x00, 0x00, 0x00, 0x00, 0x00, 0x00, 0x00, 
0x00, 0x00, 0x00, 0x00, 0xB8, 0xF8, 0x0A, 0x00, 0x00, 0x00, 0x00, 0x00, 0x00, 0x00, 0x00, 0x00, 
0x00, 0x00, 0x0B, 0xF8, 0xB7, 0x00, 0x00, 0x00, 0x00, 0x00, 0x00, 0x00, 0x00, 0x00, 0x00, 0x00, 
0x00, 0x50, 0xFF, 0x6C, 0x00, 0x00, 0x00, 0x00, 0x00, 0x00, 0x00, 0x00, 0x00, 0x00, 0x00, 0x00, 
0x9D, 0xFF, 0x21, 0x00, 0x00, 0x00, 0x00, 0x00, 0x00, 0x00, 0x00, 0x00, 0x00, 0x00, 0x01, 0xE7, 
0xD6, 0x00, 0x00, 0x00, 0x00, 0x00, 0x00, 0x00, 0x00, 0x00, 0x00, 0x00, 0x00, 0x37, 0xFF, 0x8B, 
0x00, 0x00, 0x00, 0x00, 0x00, 0x00, 0x00, 0x00, 0x00, 0x00, 0x00, 0x00, 0x97, 0xFF, 0x4E, 0x00, 
0x00, 0x00, 0x00, 0x00, 0x00, 0x00, 0x00, 0x00, 0x00, 0x42, 0x8D, 0xFB, 0xFF, 0xBB, 0x62, 0x00, 
0x00, 0x00, 0x00, 0x00, 0x00, 0x00, 0x00, 0x00, 0x00, 0x00, 0x00, 0x00, 0x00, 0x13, 0xFF, 0xFF, 
0xFF, 0xFF, 0xFF, 0xFF, 0xFF, 0xFF, 0xFF, 0xED, 0x00, 0x00, 0x00, 0x00, 0x00, 0x00, 0x12, 0xBD, 
0x0E, 0x00, 0x00, 0x00, 0x4E, 0xE2, 0x38, 0x06, 0x00, 0x00, 0x00, 0x00, 0x00, 0x00, 0x00, 0x87, 
0x00, 0x00, 0x00, 0x00, 0xA2, 0x5F, 0x00, 0x00, 0x00, 0x00, 0x00, 0x00, 0x00, 0x00, 0x0E, 0x7A, 
0x00, 0x00, 0x00, 0x05, 0xEA, 0x10, 0x00, 0x00, 0x00, 0x00, 0x00, 0x00, 0x00, 0x00, 0x63, 0x37, 
0x00, 0x00, 0x00, 0x49, 0xB7, 0x00, 0x00, 0x00, 0x00, 0x00, 0x00, 0x00, 0x00, 0x00, 0xAE, 0x01, 
0x00, 0x00, 0x00, 0x9D, 0x63, 0x00, 0x00, 0x00, 0x00, 0x00, 0x00, 0x00, 0x00, 0x33, 0x92, 0x00, 
0x00, 0x00, 0x04, 0xE8, 0x13, 0x00, 0x00, 0x00, 0x00, 0x00, 0x00, 0x00, 0x00, 0xA8, 0x36, 0x00, 
0x00, 0x00, 0x45, 0xBB, 0x00, 0x00, 0x00, 0x00, 0x00, 0x00, 0x00, 0x00, 0x2B, 0xCE, 0x00, 0x00, 
0x00, 0x00, 0x98, 0x67, 0x00, 0x00, 0x00, 0x00, 0x00, 0x00, 0x00, 0x01, 0xBD, 0x60, 0x00, 0x00, 
0x00, 0x02, 0xE5, 0x16, 0x00, 0x00, 0x00, 0x00, 0x00, 0x00, 0x00, 0x73, 0xDC, 0x05, 0x00, 0x00, 
0x00, 0x42, 0xBE, 0x00, 0x00, 0x00, 0x00, 0x00, 0x00, 0x1B, 0x7D, 0xFD, 0x50, 0x00, 0x00, 0x01, 
0x18, 0xBC, 0x9C, 0x17, 0x04, 0x00, 0x00, 0x00, 0x19, 0xFF, 0xFF, 0xFF, 0xFF, 0xFF, 0xFF, 0xFF, 
0xFF, 0xFF, 0xFF, 0xFF, 0xFF, 0x00, 0x00, 0x00, 0x4D, 0xFD, 0x8E, 0x27, 0x05, 0x00, 0x00, 0x00, 
0x00, 0x04, 0x32, 0xDF, 0xFF, 0x00, 0x00, 0x00, 0x80, 0x70, 0x00, 0x00, 0x00, 0x00, 0x00, 0x00, 
0x00, 0x00, 0x00, 0x62, 0xFF, 0x00, 0x00, 0x00, 0x9D, 0x01, 0x00, 0x00, 0x00, 0x00, 0x00, 0x00, 
0x00, 0x00, 0x00, 0x38, 0xFF, 0x00, 0x00, 0x00, 0xCD, 0x00, 0x00, 0x00, 0x00, 0x00, 0x00, 0x00, 
0x00, 0x00, 0x00, 0x18, 0xFF, 0x00, 0x00, 0x00, 0x00, 0x00, 0x00, 0x00, 0xCC, 0xFF, 0xFF, 0xFF, 
0xFF, 0xFF, 0xFF, 0xFF, 0xBA, 0x00, 0x00, 0x00, 0x00, 0x04, 0x87, 0xC6, 0x00, 0x00, 0x06, 0x60, 
0xFF, 0x6F, 0x00, 0x00, 0x00, 0x00, 0x00, 0x82, 0x74, 0x00, 0x00, 0x00, 0x00, 0xF9, 0x25, 0x00, 
0x00, 0x00, 0x00, 0x00, 0xCC, 0x22, 0x00, 0x00, 0x00, 0x00, 0x00, 0x00, 0x00, 0x00, 0x00, 0x00, 
0x23, 0xCE, 0x00, 0x00, 0x01, 0xE5, 0x00, 0x00, 0x00, 0x00, 0x00, 0x00, 0x00, 0x79, 0x7D, 0x00, 
0x11, 0x7E, 0xB2, 0x00, 0x00, 0x00, 0x00, 0x00, 0x00, 0x00, 0xCF, 0xFF, 0xFF, 0xFF, 0xFF, 0x7F, 
0x00, 0x00, 0x00, 0x00, 0x00, 0x00, 0x24, 0xC7, 0x00, 0x03, 0x31, 0xF6, 0x4C, 0x00, 0x00, 0x00, 
0x00, 0x00, 0x00, 0x7B, 0x78, 0x00, 0x00, 0x00, 0xE8, 0x19, 0x00, 0x00, 0x00, 0x00, 0x00, 0x00, 
0xD1, 0x29, 0x00, 0x00, 0x00, 0x00, 0x00, 0x00, 0x00, 0x00, 0x00, 0x00, 0x2C, 0xD6, 0x00, 0x00, 
0x00, 0x00, 0x00, 0x44, 0xC4, 0x00, 0x00, 0x00, 0x15, 0xB7, 0x88, 0x04, 0x00, 0x04, 0x12, 0x44, 
0xE4, 0x4F, 0x00, 0x00, 0x64, 0xFF, 0xFF, 0xFF, 0xFF, 0xFF, 0xFF, 0xFF, 0xFF, 0xD8, 0x01, 0x00, 
0x00, 0x00, 0x00, 0x00, 0x00, 0x00, 0xAE, 0xF1, 0x6B, 0x00, 0x00, 0x00, 0xE6, 0xFF, 0xFF, 0xFF, 
0xA7, 0x00, 0x00, 0x00, 0x90, 0xF3, 0xAE, 0x00, 0x00, 0x00, 0x00, 0x00, 0xCA, 0x53, 0xEF, 0x02, 
0x00, 0x00, 0x08, 0x9E, 0xC4, 0x21, 0x03, 0x00, 0x00, 0x5A, 0x66, 0x8C, 0xC8, 0x00, 0x00, 0x00, 
0x00, 0x00, 0x00, 0x00, 0xF5, 0x0F, 0x00, 0x00, 0x00, 0xBB, 0x3A, 0x00, 0x00, 0x00, 0x02, 0xC4, 
0x09, 0x00, 0x00, 0x00, 0x00, 0x00, 0x00, 0x00, 0x00, 0x03, 0xF9, 0x01, 0x00, 0x00, 0x14, 0xE5, 
0x02, 0x00, 0x00, 0x00, 0x54, 0x5E, 0x00, 0x00, 0x00, 0x00, 0x00, 0x00, 0x00, 0x00, 0x00, 0x07, 
0xF1, 0x00, 0x00, 0x00, 0x61, 0x9B, 0x00, 0x00, 0x00, 0x0D, 0x6F, 0x00, 0x00, 0x00, 0x00, 0x00, 
0x00, 0x00, 0x00, 0x00, 0x00, 0x00, 0xD4, 0x70, 0x10, 0x00, 0xB0, 0x4B, 0x05, 0x19, 0x43, 0x3D, 
0x00, 0x00, 0x00, 0x00, 0x00, 0x00, 0x00, 0x00, 0x00, 0x00, 0x00, 0x00, 0x7F, 0xFF, 0xFF, 0xFF, 
0xFF, 0xFF, 0xFF, 0xB1, 0x10, 0x00, 0x00, 0x00, 0x00, 0x00, 0x00, 0x00, 0x00, 0x00, 0x00, 0x00, 
0x00, 0x56, 0x83, 0x0A, 0x01, 0x50, 0xAF, 0x01, 0x26, 0xDE, 0x13, 0x00, 0x00, 0x00, 0x00, 0x00, 
0x00, 0x00, 0x00, 0x00, 0x00, 0x00, 0x49, 0xAA, 0x01, 0x00, 0x00, 0x9F, 0x60, 0x00, 0x00, 0x62, 
0x7B, 0x00, 0x00, 0x00, 0x00, 0x00, 0x00, 0x00, 0x00, 0x00, 0x00, 0x3D, 0xC9, 0x0C, 0x00, 0x00, 
0x02, 0xE7, 0x13, 0x00, 0x00, 0x03, 0xBE, 0x06, 0x00, 0x00, 0x00, 0x00, 0x00, 0x00, 0x00, 0x00, 
0x32, 0xDD, 0x21, 0x00, 0x00, 0x00, 0x49, 0xBB, 0x00, 0x00, 0x00, 0x00, 0x53, 0x61, 0x00, 0x00, 
0x00, 0x00, 0x00, 0x0C, 0x35, 0x94, 0xF3, 0x40, 0x00, 0x00, 0x02, 0x23, 0xD1, 0x70, 0x11, 0x00, 
0x00, 0x00, 0x00, 0xAA, 0x12, 0x00, 0x00, 0x00, 0x00, 0xEE, 0xFF, 0xFF, 0x69, 0x00, 0x00, 0x00, 
0x82, 0xFF, 0xFF, 0xFF, 0xF1, 0x00, 0x00, 0x00, 0x00, 0x44, 0xF5, 0xF2, 0xFC, 0x0F, 0x00, 0x00, 
0x00, 0xFF, 0x31, 0x69, 0xCF, 0xF6, 0xE0, 0x93, 0x11, 0x00, 0x00, 0xFF, 0xFF, 0xA7, 0x3B, 0x0E, 
0x0B, 0x68, 0xB7, 0x00, 0x00, 0xFF, 0x72, 0x00, 0x00, 0x00, 0x00, 0x12, 0xEE, 0x00, 0x00, 0x00, 
0x00, 0x00, 0x00, 0x00, 0x00, 0x84, 0x9C, 0x00, 0x00, 0x00, 0x00, 0x03, 0x13, 0x41, 0xA9, 0xAD, 
0x0B, 0x00, 0x00, 0x00, 0x00, 0xE6, 0xFF, 0xFD, 0x6B, 0x00, 0x00, 0x00, 0x00, 0x00, 0x00, 0x05, 
0x18, 0x52, 0xDA, 0x50, 0x00, 0x00, 0x00, 0x00, 0x00, 0x00, 0x00, 0x00, 0x36, 0xDA, 0x00, 0x00, 
0x00, 0x00, 0x00, 0x00, 0x00, 0x00, 0x0B, 0xF6, 0x00, 0x00, 0x00, 0x00, 0x00, 0x00, 0x00, 0x00, 
0x54, 0xC6, 0x00, 0x98, 0x09, 0x00, 0x00, 0x00, 0x00, 0x15, 0xDF, 0x4E, 0x00, 0x80, 0xD6, 0x4F, 
0x0D, 0x0E, 0x51, 0xDB, 0x85, 0x00, 0x00, 0x00, 0x55, 0xCC, 0xF7, 0xF0, 0xBD, 0x4F, 0x00, 0x00, 
0x00, 0x00, 0x00, 0x00, 0x00, 0xE0, 0xFF, 0xFF, 0xFF, 0xAF, 0x00, 0x00, 0x01, 0xF7, 0xFD, 0xFF, 
0xFF, 0x97, 0x00, 0x00, 0x00, 0x00, 0x0D, 0x6B, 0xD6, 0x29, 0x04, 0x00, 0x00, 0x00, 0x45, 0xF6, 
0xAF, 0x22, 0x03, 0x00, 0x00, 0x00, 0x00, 0x00, 0xA4, 0x46, 0x00, 0x00, 0x00, 0x00, 0x4A, 0xB5, 
0xE0, 0x05, 0x00, 0x00, 0x00, 0x00, 0x00, 0x00, 0x00, 0xCC, 0x04, 0x00, 0x00, 0x00, 0x4F, 0x7E, 
0x7B, 0x9C, 0x00, 0x00, 0x00, 0x00, 0x00, 0x00, 0x00, 0x2F, 0xA4, 0x00, 0x00, 0x00, 0x54, 0x7F, 
0x00, 0xB9, 0x5A, 0x00, 0x00, 0x00, 0x00, 0x00, 0x00, 0x00, 0x85, 0x55, 0x00, 0x00, 0x59, 0x81, 
0x00, 0x03, 0xF2, 0x18, 0x00, 0x00, 0x00, 0x00, 0x00, 0x00, 0x00, 0xD3, 0x0D, 0x00, 0x5F, 0x83, 
0x00, 0x00, 0x35, 0xD6, 0x00, 0x00, 0x00, 0x00, 0x00, 0x00, 0x00, 0x31, 0xB7, 0x00, 0x65, 0x84, 
0x00, 0x00, 0x00, 0x73, 0x94, 0x00, 0x00, 0x00, 0x00, 0x00, 0x00, 0x00, 0x86, 0x68, 0x6A, 0x85, 
0x00, 0x00, 0x00, 0x00, 0xB1, 0x52, 0x00, 0x00, 0x00, 0x00, 0x00, 0x00, 0x00, 0xDA, 0x8C, 0x86, 
0x00, 0x00, 0x00, 0x00, 0x01, 0xEA, 0x12, 0x00, 0x00, 0x00, 0x00, 0x00, 0x00, 0x2E, 0xFE, 0x87, 
0x00, 0x00, 0x00, 0x00, 0x00, 0x42, 0xBF, 0x00, 0x00, 0x00, 0x00, 0x00, 0x01, 0x13, 0x8B, 0xAF, 
0x03, 0x00, 0x00, 0x00, 0x01, 0x1D, 0xC8, 0x87, 0x09, 0x00, 0x00, 0x00, 0x00, 0x74, 0xFF, 0xFF, 
0xFF, 0xE7, 0x00, 0x00, 0x00, 0x72, 0xFF, 0xFF, 0xFF, 0xED, 0x00, 0x00, 0x00, 0x00, 0x00, 0x00, 
0x00, 0x00, 0x00, 0x00, 0x00, 0x00, 0xCA, 0xA8, 0x00, 0x00, 0x01, 0x9B, 0xCF, 0x00, 0x00, 0x00, 
0x00, 0x00, 0x00, 0x00, 0x00, 0x00, 0x00, 0xC6, 0xFF, 0x69, 0x0C, 0x7F, 0xFF, 0xB4, 0x00, 0x00, 
0x00, 0x00, 0x00, 0x00, 0x00, 0x00, 0x00, 0x00, 0x17, 0xA4, 0xED, 0xF2, 0xCC, 0x70, 0x06, 0x00, 
0x00, 0x00, 0x00, 0x00, 0x00, 0x00, 0x00, 0x00, 0x00, 0x00, 0x00, 0x00, 0x00, 0x00, 0x00, 0x00, 
0x00, 0x00, 0x00, 0x00, 0x00, 0x00, 0xE0, 0xFF, 0xFF, 0xFF, 0xAF, 0x00, 0x00, 0x01, 0xF7, 0xFD, 
0xFF, 0xFF, 0x97, 0x00, 0x00, 0x00, 0x00, 0x08, 0x92, 0xD7, 0x29, 0x04, 0x00, 0x00, 0x00, 0x45, 
0xF6, 0xB6, 0x22, 0x03, 0x00, 0x00, 0x00, 0x00, 0x00, 0xA4, 0x46, 0x00, 0x00, 0x00, 0x00, 0x4A, 
0xBD, 0xF2, 0x0D, 0x00, 0x00, 0x00, 0x00, 0x00, 0x00, 0x00, 0xCC, 0x04, 0x00, 0x00, 0x00, 0x4F, 
0xB8, 0x50, 0xB7, 0x00, 0x00, 0x00, 0x00, 0x00, 0x00, 0x00, 0x2F, 0xA4, 0x00, 0x00, 0x00, 0x54, 
0xBC, 0x0A, 0x8C, 0x71, 0x00, 0x00, 0x00, 0x00, 0x00, 0x00, 0x00, 0x85, 0x55, 0x00, 0x00, 0x59, 
0xC0, 0x0C, 0x00, 0xD2, 0x2B, 0x00, 0x00, 0x00, 0x00, 0x00, 0x00, 0x00, 0xD3, 0x0D, 0x00, 0x5F, 
0xC3, 0x0D, 0x00, 0x18, 0xE3, 0x00, 0x00, 0x00, 0x00, 0x00, 0x00, 0x00, 0x31, 0xB7, 0x00, 0x65, 
0xC7, 0x0E, 0x00, 0x00, 0x5E, 0x9F, 0x00, 0x00, 0x00, 0x00, 0x00, 0x00, 0x00, 0x86, 0x68, 0x6A, 
0xCA, 0x0F, 0x00, 0x00, 0x00, 0xA4, 0x59, 0x00, 0x00, 0x00, 0x00, 0x00, 0x00, 0x00, 0xDA, 0x8C, 
0xCC, 0x11, 0x00, 0x00, 0x00, 0x01, 0xE6, 0x14, 0x00, 0x00, 0x00, 0x00, 0x00, 0x00, 0x2E, 0xFE, 
0xCF, 0x12, 0x00, 0x00, 0x00, 0x00, 0x42, 0xBB, 0x00, 0x00, 0x00, 0x00, 0x00, 0x01, 0x13, 0x8B, 
0xE3, 0x17, 0x00, 0x00, 0x00, 0x01, 0x1D, 0xC8, 0x75, 0x08, 0x00, 0x00, 0x00, 0x00, 0x74, 0xFF, 
0xFF, 0xFF, 0xE7, 0x00, 0x00, 0x00, 0x72, 0xFF, 0xFF, 0xFF, 0xED, 0x00, 0x00, 0x00, 0x00, 0x00, 
0x00, 0x00, 0x00, 0xE2, 0xFF, 0xFF, 0xFF, 0xEF, 0x00, 0x00, 0x22, 0xC3, 0xF7, 0xA8, 0x00, 0x00, 
0x00, 0x00, 0x05, 0x8F, 0xD7, 0x2A, 0x05, 0x00, 0x02, 0x9C, 0x1E, 0xC7, 0xC5, 0x00, 0x00, 0x00, 
0x00, 0x00, 0xC4, 0x45, 0x00, 0x00, 0x00, 0x59, 0x4E, 0x00, 0x00, 0x00, 0x00, 0x00, 0x00, 0x00, 
0x16, 0xED, 0x03, 0x00, 0x00, 0x04, 0xA8, 0x01, 0x00, 0x00, 0x00, 0x00, 0x00, 0x00, 0x00, 0x63, 
0xAB, 0x00, 0x00, 0x00, 0x7C, 0x42, 0x00, 0x00, 0x00, 0x00, 0x00, 0x00, 0x00, 0x00, 0xB2, 0x64, 
0x06, 0x1E, 0x83, 0x7C, 0x00, 0x00, 0x00, 0x00, 0x00, 0x00, 0x00, 0x00, 0x0A, 0xF6, 0xFF, 0xFF, 
0xFD, 0x52, 0x00, 0x00, 0x00, 0x00, 0x00, 0x00, 0x00, 0x00, 0x00, 0x50, 0xD7, 0x03, 0x0D, 0x80, 
0xA3, 0x00, 0x00, 0x00, 0x00, 0x00, 0x00, 0x00, 0x00, 0x00, 0x9F, 0x7A, 0x00, 0x00, 0x02, 0xD5, 
0x22, 0x00, 0x00, 0x00, 0x00, 0x00, 0x00, 0x00, 0x02, 0xE9, 0x1F, 0x00, 0x00, 0x00, 0x66, 0x95, 
0x00, 0x00, 0x00, 0x00, 0x00, 0x00, 0x00, 0x40, 0xBE, 0x00, 0x00, 0x00, 0x00, 0x08, 0xDF, 0x14, 
0x00, 0x00, 0x00, 0x00, 0x01, 0x1D, 0xC4, 0x96, 0x11, 0x00, 0x00, 0x00, 0x00, 0x7E, 0x87, 0x00, 
0x00, 0x00, 0x00, 0x98, 0xFF, 0xFF, 0xFF, 0xFF, 0x06, 0x00, 0x00, 0x00, 0x14, 0xF4, 0xE4, 0xF9, 
0x00, 0x00, 0x00, 0x00, 0x00, 0x00, 0x0B, 0xFF, 0xFF, 0xFF, 0xFF, 0xFF, 0xFF, 0xFF, 0xFF, 0xFF, 
0xF3, 0x00, 0x00, 0x00, 0x00, 0x00, 0x0B, 0x42, 0xFF, 0x30, 0x00, 0x00, 0x1F, 0xF5, 0x49, 0x08, 
0x00, 0x00, 0x00, 0x00, 0x00, 0x00, 0x21, 0xEE, 0x03, 0x00, 0x00, 0x73, 0x8E, 0x00, 0x00, 0x00, 
0x00, 0x00, 0x00, 0x00, 0x00, 0x69, 0xA4, 0x00, 0x00, 0x00, 0xC7, 0x39, 0x00, 0x00, 0x00, 0x00, 
0x00, 0x00, 0x00, 0x00, 0xBF, 0x4A, 0x00, 0x00, 0x1B, 0xE1, 0x01, 0x00, 0x00, 0x00, 0x00, 0x00, 
0x00, 0x00, 0x1D, 0xE3, 0x04, 0x00, 0x00, 0x6F, 0x90, 0x00, 0x00, 0x00, 0x00, 0x00, 0x00, 0x00, 
0x00, 0x7A, 0x82, 0x00, 0x00, 0x00, 0xC3, 0x3C, 0x00, 0x00, 0x00, 0x00, 0x00, 0x00, 0x00, 0x01, 
0xD7, 0x1B, 0x00, 0x00, 0x18, 0xE3, 0x01, 0x00, 0x00, 0x00, 0x00, 0x00, 0x00, 0x00, 0x43, 0xA7, 
0x00, 0x00, 0x00, 0x6B, 0x93, 0x00, 0x00, 0x00, 0x00, 0x00, 0x00, 0x00, 0x00, 0xAE, 0x32, 0x00, 
0x00, 0x00, 0xBF, 0x3E, 0x00, 0x00, 0x00, 0x00, 0xC3, 0xA8, 0x00, 0x28, 0xB2, 0x00, 0x00, 0x00, 
0x1F, 0xC5, 0x00, 0x00, 0x00, 0x00, 0x00, 0xEA, 0xFC, 0x2A, 0xC0, 0x2B, 0x00, 0x00, 0x16, 0xAF, 
0x81, 0x1C, 0x01, 0x00, 0x00, 0x00, 0x57, 0xE9, 0xE6, 0x53, 0x00, 0x00, 0x34, 0xFF, 0xFF, 0xFF, 
0xFF, 0x2F, 0x00, 0x00, 0x00, 0x00, 0x00, 0x00, 0x00, 0xE2, 0xE9, 0xFF, 0x17, 0x00, 0x00, 0x00, 
0x00, 0x00, 0x00, 0x00, 0x00, 0x53, 0xFF, 0xFF, 0xB0, 0x00, 0x00, 0x00, 0x00, 0x00, 0x79, 0xFF, 
0x37, 0x00, 0x00, 0x00, 0x00, 0x00, 0x00, 0x00, 0x25, 0xF1, 0xC4, 0x1E, 0x03, 0x00, 0x00, 0x00, 
0x00, 0x00, 0xC7, 0xE1, 0x56, 0x00, 0x00, 0x00, 0x00, 0x00, 0x00, 0x09, 0xC5, 0xEA, 0x3A, 0x00, 
0x00, 0x00, 0x00, 0x00, 0x00, 0x17, 0xE8, 0x92, 0x76, 0x00, 0x00, 0x00, 0x00, 0x00, 0x00, 0x9F, 
0x6D, 0xE5, 0x01, 0x00, 0x00, 0x00, 0x00, 0x00, 0x00, 0x65, 0x9D, 0x76, 0x96, 0x00, 0x00, 0x00, 
0x00, 0x00, 0x65, 0x92, 0x63, 0x9B, 0x00, 0x00, 0x00, 0x00, 0x00, 0x00, 0x00, 0xB3, 0x4E, 0x5D, 
0xB5, 0x00, 0x00, 0x00, 0x00, 0x31, 0xBF, 0x06, 0xB1, 0x4D, 0x00, 0x00, 0x00, 0x00, 0x00, 0x00, 
0x0A, 0xED, 0x09, 0x43, 0xD5, 0x00, 0x00, 0x00, 0x10, 0xC9, 0x1D, 0x09, 0xEB, 0x09, 0x00, 0x00, 
0x00, 0x00, 0x00, 0x00, 0x50, 0xB1, 0x00, 0x29, 0xF4, 0x00, 0x00, 0x01, 0xAF, 0x47, 0x00, 0x4F, 
0xB0, 0x00, 0x00, 0x00, 0x00, 0x00, 0x00, 0x00, 0x9F, 0x62, 0x00, 0x10, 0xFF, 0x14, 0x00, 0x77, 
0x80, 0x00, 0x00, 0x9D, 0x62, 0x00, 0x00, 0x00, 0x00, 0x00, 0x00, 0x02, 0xE8, 0x16, 0x00, 0x00, 
0xF5, 0x34, 0x3F, 0xB5, 0x02, 0x00, 0x02, 0xE7, 0x16, 0x00, 0x00, 0x00, 0x00, 0x00, 0x00, 0x3C, 
0xBA, 0x00, 0x00, 0x00, 0xDC, 0x6C, 0xCA, 0x14, 0x00, 0x00, 0x49, 0xC5, 0x00, 0x00, 0x00, 0x00, 
0x00, 0x01, 0x1C, 0xBC, 0x6C, 0x0B, 0x00, 0x00, 0xC3, 0xF3, 0x38, 0x00, 0x01, 0x21, 0xD1, 0xA0, 
0x07, 0x00, 0x00, 0x00, 0x00, 0xCA, 0xFF, 0xFF, 0xFF, 0xFA, 0x01, 0x00, 0xA9, 0x6E, 0x00, 0x00, 
0xB4, 0xFF, 0xFF, 0xFF, 0xFF, 0x15, 0x00, 0x00, 0x00, 0x00, 0x00, 0x00, 0x00, 0xE0, 0xFF, 0xFF, 
0xFF, 0xAD, 0x00, 0x00, 0x00, 0xE0, 0xFF, 0xFF, 0xFF, 0xBD, 0x00, 0x00, 0x00, 0x00, 0x05, 0x93, 
0xCE, 0x27, 0x01, 0x00, 0x00, 0x00, 0x05, 0x96, 0xD1, 0x2B, 0x01, 0x00, 0x00, 0x00, 0x00, 0x00, 
0x8E, 0x43, 0x00, 0x00, 0x00, 0x00, 0x00, 0x00, 0x91, 0x44, 0x00, 0x00, 0x00, 0x00, 0x00, 0x00, 
0x00, 0xC7, 0x04, 0x00, 0x00, 0x00, 0x00, 0x00, 0x01, 0xCC, 0x04, 0x00, 0x00, 0x00, 0x00, 0x00, 
0x00, 0x2F, 0xA5, 0x00, 0x00, 0x00, 0x00, 0x00, 0x00, 0x42, 0xA3, 0x00, 0x00, 0x00, 0x00, 0x00, 
0x00, 0x00, 0x86, 0x57, 0x00, 0x00, 0x00, 0x00, 0x00, 0x00, 0xA3, 0x54, 0x00, 0x00, 0x00, 0x00, 
0x00, 0x00, 0x00, 0xDB, 0xFF, 0xFF, 0xFF, 0xFF, 0xFF, 0xFF, 0xFF, 0xF8, 0x0D, 0x00, 0x00, 0x00, 
0x00, 0x00, 0x00, 0x32, 0xB4, 0x00, 0x00, 0x00, 0x00, 0x00, 0x00, 0x48, 0xB6, 0x00, 0x00, 0x00, 
0x00, 0x00, 0x00, 0x00, 0x89, 0x66, 0x00, 0x00, 0x00, 0x00, 0x00, 0x00, 0x97, 0x67, 0x00, 0x00, 
0x00, 0x00, 0x00, 0x00, 0x00, 0xDD, 0x19, 0x00, 0x00, 0x00, 0x00, 0x00, 0x01, 0xE3, 0x1A, 0x00, 
0x00, 0x00, 0x00, 0x00, 0x00, 0x3B, 0xC3, 0x00, 0x00, 0x00, 0x00, 0x00, 0x00, 0x3B, 0xBF, 0x00, 
0x00, 0x00, 0x00, 0x00, 0x01, 0x1A, 0xC3, 0x96, 0x0D, 0x00, 0x00, 0x00, 0x01, 0x1A, 0xC3, 0x84, 
0x0D, 0x00, 0x00, 0x00, 0x00, 0x78, 0xFF, 0xFF, 0xFF, 0xFE, 0x03, 0x00, 0x00, 0x92, 0xFF, 0xFF, 
0xFF, 0xFB, 0x02, 0x00, 0x00, 0x00, 0x00, 0x00, 0x00, 0x00, 0x00, 0x4D, 0xAB, 0xE4, 0xF8, 0xE3, 
0x95, 0x14, 0x00, 0x00, 0x00, 0x00, 0x1E, 0xC2, 0xCE, 0x5D, 0x1C, 0x07, 0x24, 0x7D, 0xD9, 0x12, 
0x00, 0x00, 0x2E, 0xE8, 0x79, 0x01, 0x00, 0x00, 0x00, 0x00, 0x00, 0x74, 0x92, 0x00, 0x1A, 0xE0, 
0x57, 0x00, 0x00, 0x00, 0x00, 0x00, 0x00, 0x00, 0x16, 0xE4, 0x00, 0xAB, 0x58, 0x00, 0x00, 0x00, 
0x00, 0x00, 0x00, 0x00, 0x00, 0x0D, 0xF9, 0x3A, 0x91, 0x00, 0x00, 0x00, 0x00, 0x00, 0x00, 0x00, 
0x00, 0x00, 0x27, 0xDF, 0x9E, 0x4C, 0x00, 0x00, 0x00, 0x00, 0x00, 0x00, 0x00, 0x00, 0x00, 0x60, 
0xA1, 0xDB, 0x1E, 0x00, 0x00, 0x00, 0x00, 0x00, 0x00, 0x00, 0x00, 0x00, 0xA9, 0x42, 0xF7, 0x08, 
0x00, 0x00, 0x00, 0x00, 0x00, 0x00, 0x00, 0x00, 0x1A, 0xBD, 0x00, 0xE2, 0x1B, 0x00, 0x00, 0x00, 
0x00, 0x00, 0x00, 0x00, 0x00, 0xA4, 0x2A, 0x00, 0x91, 0x7C, 0x00, 0x00, 0x00, 0x00, 0x00, 0x00, 
0x2D, 0x9E, 0x4D, 0x00, 0x00, 0x12, 0xD9, 0x83, 0x25, 0x07, 0x1B, 0x5E, 0xC0, 0xDA, 0x3A, 0x00, 
0x00, 0x00, 0x00, 0x15, 0x93, 0xE1, 0xFA, 0xEB, 0xB8, 0x5F, 0x05, 0x00, 0x00, 0x00, 0x00, 0x00, 
0x00, 0x00, 0x07, 0x40, 0x40, 0x40, 0x40, 0x40, 0x40, 0x40, 0x40, 0x40, 0x40, 0x40, 0x40, 0x40, 
0x04, 0x00, 0x00, 0x00, 0x05, 0x34, 0xC8, 0xFF, 0xB0, 0x70, 0x70, 0x70, 0x70, 0x70, 0xB2, 0xFF, 
0xAC, 0x2F, 0x00, 0x00, 0x00, 0x00, 0x00, 0x00, 0x93, 0xFF, 0x38, 0x00, 0x00, 0x00, 0x00, 0x00, 
0xB1, 0xFB, 0x17, 0x00, 0x00, 0x00, 0x00, 0x00, 0x00, 0x00, 0xD1, 0xEB, 0x02, 0x00, 0x00, 0x00, 
0x00, 0x07, 0xF4, 0xBC, 0x00, 0x00, 0x00, 0x00, 0x00, 0x00, 0x00, 0x1E, 0xFF, 0xA2, 0x00, 0x00, 
0x00, 0x00, 0x00, 0x48, 0xFF, 0x70, 0x00, 0x00, 0x00, 0x00, 0x00, 0x00, 0x00, 0x6A, 0xFF, 0x58, 
0x00, 0x00, 0x00, 0x00, 0x00, 0x94, 0xFF, 0x26, 0x00, 0x00, 0x00, 0x00, 0x00, 0x00, 0x00, 0xB6, 
0xFC, 0x11, 0x00, 0x00, 0x00, 0x00, 0x00, 0xDF, 0xDB, 0x00, 0x00, 0x00, 0x00, 0x00, 0x00, 0x00, 
0x0A, 0xF7, 0xC2, 0x00, 0x00, 0x00, 0x00, 0x00, 0x2B, 0xFF, 0x90, 0x00, 0x00, 0x00, 0x00, 0x00, 
0x00, 0x00, 0x4E, 0xFF, 0x78, 0x00, 0x00, 0x00, 0x00, 0x00, 0x76, 0xFF, 0x45, 0x00, 0x00, 0x00, 
0x00, 0x00, 0x00, 0x00, 0x9A, 0xFF, 0x2D, 0x00, 0x00, 0x00, 0x00, 0x00, 0xC2, 0xF4, 0x07, 0x00, 
0x00, 0x00, 0x00, 0x00, 0x00, 0x00, 0xE4, 0xE2, 0x00, 0x00, 0x00, 0x00, 0x00, 0x11, 0xFC, 0xB0, 
0x00, 0x00, 0x00, 0x00, 0x00, 0x00, 0x00, 0x32, 0xFF, 0x9B, 0x00, 0x00, 0x00, 0x00, 0x00, 0x5D, 
0xFF, 0x69, 0x00, 0x00, 0x00, 0x00, 0x00, 0x00, 0x00, 0x8E, 0xFF, 0x6A, 0x00, 0x00, 0x00, 0x00, 
0x00, 0xC1, 0xFF, 0x31, 0x00, 0x00, 0x00, 0x00, 0x00, 0x31, 0x86, 0xFB, 0xFF, 0xCD, 0x54, 0x00, 
0x00, 0x3E, 0xA2, 0xFF, 0xFF, 0xA4, 0x31, 0x00, 0x00, 0x00, 0x00, 0x00, 0x00, 0x00, 0x00, 0xD6, 
0xFF, 0xFF, 0xFF, 0xFC, 0xDD, 0x84, 0x07, 0x00, 0x00, 0x00, 0x00, 0x0B, 0x94, 0xC0, 0x11, 0x02, 
0x0C, 0x59, 0x8D, 0x00, 0x00, 0x00, 0x00, 0x00, 0x87, 0x65, 0x00, 0x00, 0x00, 0x06, 0xE8, 0x00, 
0x00, 0x00, 0x00, 0x00, 0xCB, 0x13, 0x00, 0x00, 0x00, 0x11, 0xEB, 0x00, 0x00, 0x00, 0x00, 0x25, 
0xB7, 0x00, 0x00, 0x00, 0x00, 0x4F, 0x98, 0x00, 0x00, 0x00, 0x00, 0x7B, 0x80, 0x0B, 0x08, 0x1E, 
0x4C, 0xB4, 0x10, 0x00, 0x00, 0x00, 0x00, 0xCD, 0xA8, 0xE8, 0xFF, 0xF3, 0x98, 0x0F, 0x00, 0x00, 
0x00, 0x00, 0x26, 0xC1, 0x00, 0x00, 0x00, 0x01, 0x00, 0x00, 0x00, 0x00, 0x00, 0x00, 0x7D, 0x73, 
0x00, 0x00, 0x00, 0x00, 0x00, 0x00, 0x00, 0x00, 0x00, 0x00, 0xD2, 0x24, 0x00, 0x00, 0x00, 0x00, 
0x00, 0x00, 0x00, 0x00, 0x00, 0x31, 0xCA, 0x00, 0x00, 0x00, 0x00, 0x00, 0x00, 0x00, 0x00, 0x01, 
0x19, 0xBF, 0x9C, 0x10, 0x00, 0x00, 0x00, 0x00, 0x00, 0x00, 0x00, 0x76, 0xFF, 0xFF, 0xFF, 0xFF, 
0x11, 0x00, 0x00, 0x00, 0x00, 0x00, 0x00, 0x00, 0x00, 0x00, 0x00, 0x13, 0x79, 0xC8, 0xF2, 0xF0, 
0xAA, 0x33, 0x55, 0xAC, 0x00, 0x00, 0x00, 0x5B, 0xDB, 0x7F, 0x2D, 0x0D, 0x1A, 0x68, 0xF2, 0xFF, 
0x86, 0x00, 0x00, 0x8F, 0xB8, 0x14, 0x00, 0x00, 0x00, 0x00, 0x00, 0x6A, 0xFF, 0x5F, 0x00, 0x63, 
0x9E, 0x01, 0x00, 0x00, 0x00, 0x00, 0x00, 0x00, 0x1D, 0xFF, 0x39, 0x19, 0xAC, 0x04, 0x00, 0x00, 
0x00, 0x00, 0x00, 0x00, 0x00, 0x05, 0xFF, 0x13, 0x83, 0x40, 0x00, 0x00, 0x00, 0x00, 0x00, 0x00, 
0x00, 0x00, 0x00, 0x00, 0x00, 0xCE, 0x1A, 0x00, 0x00, 0x00, 0x00, 0x00, 0x00, 0x00, 0x00, 0x00, 
0x00, 0x00, 0xF5, 0x09, 0x00, 0x00, 0x00, 0x00, 0x00, 0x00, 0x00, 0x00, 0x00, 0x00, 0x00, 0xF2, 
0x07, 0x00, 0x00, 0x00, 0x00, 0x00, 0x00, 0x00, 0x00, 0x00, 0x00, 0x00, 0xC4, 0x3B, 0x00, 0x00, 
0x00, 0x00, 0x00, 0x00, 0x00, 0x00, 0x00, 0x00, 0x00, 0x57, 0xC7, 0x0A, 0x00, 0x00, 0x00, 0x00, 
0x00, 0x00, 0x37, 0x7A, 0x00, 0x00, 0x00, 0x8F, 0xD5, 0x59, 0x18, 0x04, 0x14, 0x43, 0x9E, 0x99, 
0x03, 0x00, 0x00, 0x00, 0x00, 0x48, 0xB1, 0xE7, 0xF9, 0xE4, 0xB1, 0x4B, 0x00, 0x00, 0x00, 0x00, 
0x00, 0x27, 0xFF, 0xFF, 0xFF, 0xFF, 0xFF, 0xFF, 0xFF, 0xFF, 0xEC, 0x03, 0x00, 0x76, 0xE0, 0x44, 
0x07, 0x58, 0xA3, 0x00, 0x03, 0x86, 0xA1, 0x00, 0x00, 0xC5, 0x44, 0x00, 0x00, 0xA7, 0x54, 0x00, 
0x00, 0x86, 0x53, 0x00, 0x00, 0x00, 0x00, 0x00, 0x05, 0xE9, 0x0D, 0x00, 0x00, 0x00, 0x00, 0x00, 
0x00, 0x00, 0x00, 0x00, 0x45, 0xB6, 0x00, 0x00, 0x00, 0x00, 0x00, 0x00, 0x00, 0x00, 0x00, 0x00, 
0x94, 0x67, 0x00, 0x00, 0x00, 0x00, 0x00, 0x00, 0x00, 0x00, 0x00, 0x00, 0xE1, 0x1A, 0x00, 0x00, 
0x00, 0x00, 0x00, 0x00, 0x00, 0x00, 0x00, 0x32, 0xC9, 0x00, 0x00, 0x00, 0x00, 0x00, 0x00, 0x00, 
0x00, 0x00, 0x00, 0x81, 0x7A, 0x00, 0x00, 0x00, 0x00, 0x00, 0x00, 0x00, 0x00, 0x00, 0x00, 0xD0, 
0x2B, 0x00, 0x00, 0x00, 0x00, 0x00, 0x00, 0x00, 0x00, 0x00, 0x2D, 0xC3, 0x00, 0x00, 0x00, 0x00, 
0x00, 0x00, 0x00, 0x00, 0x00, 0x18, 0xBF, 0x80, 0x08, 0x00, 0x00, 0x00, 0x00, 0x00, 0x00, 0x00, 
0x96, 0xFF, 0xFF, 0xFF, 0xFF, 0x57, 0x00, 0x00, 0x00, 0x00, 0x00, 0x00, 0xC7, 0xEF, 0xF9, 0xFF, 
0xFF, 0x55, 0x00, 0x00, 0x22, 0xFF, 0xFF, 0xFE, 0xF5, 0x00, 0x00, 0x53, 0xC2, 0x01, 0x00, 0x00, 
0x00, 0x00, 0x22, 0xDB, 0x18, 0x00, 0x00, 0x00, 0x08, 0xEB, 0x02, 0x00, 0x00, 0x00, 0x00, 0xAE, 
0x54, 0x00, 0x00, 0x00, 0x00, 0x00, 0xC3, 0x2C, 0x00, 0x00, 0x00, 0x41, 0xC1, 0x00, 0x00, 0x00, 
0x00, 0x00, 0x00, 0x85, 0x63, 0x00, 0x00, 0x03, 0xCE, 0x30, 0x00, 0x00, 0x00, 0x00, 0x00, 0x00, 
0x47, 0x9A, 0x00, 0x00, 0x68, 0x9A, 0x00, 0x00, 0x00, 0x00, 0x00, 0x00, 0x00, 0x0C, 0xCD, 0x00, 
0x0F, 0xDC, 0x16, 0x00, 0x00, 0x00, 0x00, 0x00, 0x00, 0x00, 0x00, 0xC7, 0x0C, 0x8E, 0x74, 0x00, 
0x00, 0x00, 0x00, 0x00, 0x00, 0x00, 0x00, 0x00, 0x8C, 0x67, 0xD5, 0x06, 0x00, 0x00, 0x00, 0x00, 
0x00, 0x00, 0x00, 0x00, 0x00, 0x4E, 0xF7, 0x50, 0x00, 0x00, 0x00, 0x00, 0x00, 0x00, 0x00, 0x00, 
0x00, 0x00, 0x2E, 0xD1, 0x01, 0x00, 0x00, 0x00, 0x00, 0x00, 0x00, 0xD5, 0xD5, 0x1D, 0x3C, 0xD8, 
0x39, 0x00, 0x00, 0x00, 0x00, 0x00, 0x00, 0x00, 0x5A, 0xE0, 0xF4, 0xC2, 0x3C, 0x00, 0x00, 0x00, 
0x00, 0x00, 0x00, 0x00, 0x00, 0x00, 0x00, 0x00, 0x00, 0x00, 0x00, 0xD2, 0xFF, 0xFF, 0xFF, 0xF6, 
0xD0, 0x00, 0x00, 0x00, 0x00, 0x00, 0x00, 0x00, 0x00, 0x00, 0x01, 0x06, 0x84, 0x9B, 0x00, 0x00, 
0x00, 0x00, 0x00, 0x00, 0x00, 0x00, 0x3A, 0x9A, 0xCF, 0xEB, 0xF9, 0xFF, 0xFD, 0xEF, 0xC9, 0x7E, 
0x11, 0x00, 0x00, 0x06, 0x9A, 0xBE, 0x6E, 0x3E, 0x1E, 0x21, 0xE7, 0x07, 0x11, 0x2D, 0x60, 0xAE, 
0x29, 0x05, 0xA6, 0x41, 0x00, 0x00, 0x00, 0x00, 0x62, 0x9D, 0x00, 0x00, 0x00, 0x00, 0x06, 0xAF, 
0x7C, 0x4E, 0x00, 0x00, 0x00, 0x00, 0x00, 0xB1, 0x4E, 0x00, 0x00, 0x00, 0x00, 0x00, 0xE9, 0xCF, 
0x00, 0x00, 0x00, 0x00, 0x00, 0x09, 0xEC, 0x09, 0x00, 0x00, 0x00, 0x00, 0x00, 0xC8, 0xEE, 0x05, 
0x00, 0x00, 0x00, 0x00, 0x4F, 0xB0, 0x00, 0x00, 0x00, 0x00, 0x00, 0x53, 0x7B, 0xBB, 0x4D, 0x00, 
0x00, 0x00, 0x00, 0x9E, 0x61, 0x00, 0x00, 0x00, 0x00, 0x5E, 0xAF, 0x04, 0x27, 0xD3, 0x6E, 0x2B, 
0x0D, 0x05, 0xE7, 0x1E, 0x18, 0x3E, 0x76, 0xC7, 0x83, 0x05, 0x00, 0x00, 0x12, 0x81, 0xC9, 0xED, 
0xFC, 0xFE, 0xED, 0xD4, 0xA5, 0x66, 0x12, 0x00, 0x00, 0x00, 0x00, 0x00, 0x00, 0x00, 0x03, 0xA6, 
0x9A, 0x05, 0x00, 0x00, 0x00, 0x00, 0x00, 0x00, 0x00, 0x00, 0x00, 0x00, 0xEA, 0xFF, 0xFF, 0xFF, 
0xE7, 0x00, 0x00, 0x00, 0x00, 0x00, 0x00, 0x00, 0x00, 0x00, 0x00, 0x14, 0xFF, 0xFF, 0xFF, 0xF5, 
0x00, 0x00, 0x07, 0xFE, 0xFF, 0xFF, 0xFF, 0xA1, 0x00, 0x00, 0x00, 0x00, 0x1D, 0xC5, 0x8A, 0x04, 
0x00, 0x00, 0x00, 0x2A, 0xF8, 0xAB, 0x46, 0x0A, 0x00, 0x00, 0x00, 0x00, 0x00, 0x3C, 0xD0, 0x00, 
0x00, 0x00, 0x0F, 0xC5, 0x56, 0x00, 0x00, 0x00, 0x00, 0x00, 0x00, 0x00, 0x00, 0x00, 0xE2, 0x1C, 
0x00, 0x0C, 0xB8, 0x3E, 0x00, 0x00, 0x00, 0x00, 0x00, 0x00, 0x00, 0x00, 0x00, 0x00, 0x9A, 0x63, 
0x0D, 0xB8, 0x3D, 0x00, 0x00, 0x00, 0x00, 0x00, 0x00, 0x00, 0x00, 0x00, 0x00, 0x00, 0x51, 0xB7, 
0xB8, 0x3B, 0x00, 0x00, 0x00, 0x00, 0x00, 0x00, 0x00, 0x00, 0x00, 0x00, 0x00, 0x00, 0x1B, 0xFF, 
0x3D, 0x00, 0x00, 0x00, 0x00, 0x00, 0x00, 0x00, 0x00, 0x00, 0x00, 0x00, 0x00, 0x0E, 0xB8, 0xDA, 
0x3B, 0x00, 0x00, 0x00, 0x00, 0x00, 0x00, 0x00, 0x00, 0x00, 0x00, 0x00, 0x0E, 0xB9, 0x39, 0x78, 
0x84, 0x00, 0x00, 0x00, 0x00, 0x00, 0x00, 0x00, 0x00, 0x00, 0x00, 0x0E, 0xB9, 0x38, 0x00, 0x30, 
0xCC, 0x00, 0x00, 0x00, 0x00, 0x00, 0x00, 0x00, 0x00, 0x00, 0x20, 0xB1, 0x36, 0x00, 0x00, 0x01, 
0xE4, 0x15, 0x00, 0x00, 0x00, 0x00, 0x00, 0x00, 0x1E, 0x78, 0xF2, 0x35, 0x00, 0x00, 0x00, 0x0E, 
0xBD, 0x93, 0x14, 0x01, 0x00, 0x00, 0x00, 0x00, 0xFF, 0xFF, 0xFF, 0xFF, 0x0D, 0x00, 0x12, 0xFF, 
0xFF, 0xFF, 0xFF, 0x65, 0x00, 0x00, 0x00, 0x00, 0x00, 0x00, 0x00, 0x00, 0xC0, 0xFF, 0xFF, 0xF5, 
0xB2, 0x00, 0x00, 0x00, 0xE6, 0xFF, 0xFF, 0xFF, 0xB9, 0x00, 0x00, 0x00, 0x00, 0x05, 0x8C, 0xAA, 
0x00, 0x00, 0x00, 0x00, 0x00, 0x09, 0x9E, 0xD4, 0x28, 0x04, 0x00, 0x00, 0x00, 0x00, 0x00, 0x8A, 
0x47, 0x00, 0x00, 0x00, 0x00, 0x00, 0x00, 0x98, 0x43, 0x00, 0x00, 0x00, 0x00, 0x00, 0x00, 0x00, 
0xC8, 0x06, 0x00, 0x00, 0x00, 0x00, 0x00, 0x00, 0xCD, 0x03, 0x00, 0x00, 0x00, 0x00, 0x00, 0x00, 
0x2C, 0xA8, 0x00, 0x00, 0x00, 0x00, 0x00, 0x00, 0x36, 0xA2, 0x00, 0x00, 0x00, 0x00, 0x00, 0x00, 
0x00, 0x83, 0x58, 0x00, 0x00, 0x00, 0x00, 0x00, 0x00, 0x8B, 0x54, 0x00, 0x00, 0x00, 0x00, 0x00, 
0x00, 0x00, 0xD4, 0x0F, 0x00, 0x00, 0x00, 0x00, 0x00, 0x00, 0xD9, 0x0D, 0x00, 0x00, 0x00, 0x00, 
0x00, 0x00, 0x31, 0xB9, 0x00, 0x00, 0x00, 0x00, 0x00, 0x00, 0x36, 0xB8, 0x00, 0x00, 0x00, 0x00, 
0x00, 0x00, 0x00, 0x88, 0x6A, 0x00, 0x00, 0x00, 0x00, 0x00, 0x00, 0x8C, 0x6A, 0x00, 0x00, 0x00, 
0x00, 0x00, 0x00, 0x00, 0xDD, 0x1B, 0x00, 0x00, 0x00, 0x00, 0x00, 0x00, 0xDF, 0x1C, 0x00, 0x00, 
0x00, 0x00, 0x00, 0x00, 0x3E, 0xB7, 0x00, 0x00, 0x00, 0x00, 0x00, 0x00, 0x48, 0xCB, 0x00, 0x00, 
0x00, 0x00, 0x00, 0x01, 0x1C, 0xC7, 0x90, 0x13, 0x01, 0x00, 0x00, 0x03, 0x2D, 0xD9, 0x92, 0x18, 
0x04, 0x00, 0x00, 0x00, 0x7A, 0xFF, 0xFF, 0xFF, 0xFF, 0xFF, 0xFF, 0xFF, 0xFF, 0xFF, 0xFF, 0xFF, 
0xFF, 0xE5, 0x00, 0x00, 0x00, 0x00, 0x00, 0x00, 0x00, 0x00, 0x00, 0x00, 0x00, 0x00, 0x02, 0x16, 
0x91, 0xFF, 0xB2, 0x00, 0x00, 0x00, 0x00, 0x00, 0x00, 0x00, 0x00, 0x00, 0x00, 0x00, 0x00, 0x00, 
0x00, 0x03, 0xE8, 0x7F, 0x00, 0x00, 0x00, 0x00, 0x00, 0x00, 0x00, 0x00, 0x00, 0x00, 0x00, 0x00, 
0x00, 0x00, 0x00, 0xCA, 0x4C, 0x00, 0x00, 0x00, 0x00, 0x00, 0x00, 0x00, 0x00, 0x00, 0x00, 0x00, 
0x00, 0x00, 0x00, 0x00, 0xE8, 0x19, 0x00, 0x00, 0x00, 0xB6, 0xFF, 0xFF, 0xFF, 0xDF, 0x00, 0x00, 
0x05, 0xFE, 0xFF, 0xFF, 0xF3, 0xAC, 0x05, 0x88, 0xDB, 0x27, 0x04, 0x00, 0x00, 0x00, 0x06, 0x8E, 
0x9A, 0x00, 0x00, 0x00, 0x99, 0x6B, 0x00, 0x00, 0x00, 0x00, 0x00, 0x00, 0xC2, 0x38, 0x00, 0x00, 
0x04, 0xEA, 0x10, 0x00, 0x00, 0x00, 0x00, 0x00, 0x11, 0xE3, 0x01, 0x00, 0x00, 0x32, 0xD3, 0x00, 
0x00, 0x00, 0x00, 0x00, 0x00, 0x58, 0x99, 0x00, 0x00, 0x00, 0x44, 0xD9, 0x00, 0x00, 0x00, 0x00, 
0x00, 0x00, 0xA2, 0x4A, 0x00, 0x00, 0x00, 0x12, 0xF1, 0x85, 0x1B, 0x05, 0x18, 0x3A, 0x83, 0xE5, 
0x07, 0x00, 0x00, 0x00, 0x00, 0x40, 0xC7, 0xF2, 0xEF, 0xD0, 0x8F, 0x7E, 0xAC, 0x00, 0x00, 0x00, 
0x00, 0x00, 0x00, 0x00, 0x00, 0x00, 0x00, 0x00, 0x99, 0x5D, 0x00, 0x00, 0x00, 0x00, 0x00, 0x00, 
0x00, 0x00, 0x00, 0x00, 0x02, 0xE4, 0x12, 0x00, 0x00, 0x00, 0x00, 0x00, 0x00, 0x00, 0x00, 0x00, 
0x00, 0x43, 0xA3, 0x00, 0x00, 0x00, 0x00, 0x00, 0x00, 0x00, 0x00, 0x00, 0x02, 0x23, 0xBF, 0x4C, 
0x11, 0x00, 0x00, 0x00, 0x00, 0x00, 0x00, 0x00, 0x00, 0x86, 0xFF, 0xFF, 0xFF, 0xF3, 0x00, 0x00, 
0x00, 0x00, 0x00, 0x00, 0x00, 0x00, 0xC2, 0xFF, 0xFF, 0xFA, 0x83, 0x00, 0x00, 0x62, 0xFF, 0xF7, 
0xDA, 0x73, 0x00, 0x00, 0x62, 0xFF, 0xFF, 0xF7, 0x80, 0x00, 0x00, 0x00, 0x00, 0x08, 0xA0, 0x9F, 
0x00, 0x00, 0x00, 0x00, 0x02, 0x7B, 0x88, 0x00, 0x00, 0x00, 0x00, 0x05, 0x79, 0x9C, 0x00, 0x00, 
0x00, 0x00, 0x00, 0x00, 0x00, 0x95, 0x3B, 0x00, 0x00, 0x00, 0x00, 0x00, 0x95, 0x33, 0x00, 0x00, 
0x00, 0x00, 0x00, 0x96, 0x3B, 0x00, 0x00, 0x00, 0x00, 0x00, 0x00, 0x00, 0xC8, 0x02, 0x00, 0x00, 
0x00, 0x00, 0x00, 0xC4, 0x00, 0x00, 0x00, 0x00, 0x00, 0x00, 0xC9, 0x02, 0x00, 0x00, 0x00, 0x00, 
0x00, 0x00, 0x35, 0x9C, 0x00, 0x00, 0x00, 0x00, 0x00, 0x35, 0x97, 0x00, 0x00, 0x00, 0x00, 0x00, 
0x35, 0x9E, 0x00, 0x00, 0x00, 0x00, 0x00, 0x00, 0x00, 0x8A, 0x4D, 0x00, 0x00, 0x00, 0x00, 0x00, 
0x8A, 0x48, 0x00, 0x00, 0x00, 0x00, 0x00, 0x8A, 0x50, 0x00, 0x00, 0x00, 0x00, 0x00, 0x00, 0x00, 
0xD3, 0x09, 0x00, 0x00, 0x00, 0x00, 0x00, 0xD1, 0x07, 0x00, 0x00, 0x00, 0x00, 0x00, 0xD5, 0x0A, 
0x00, 0x00, 0x00, 0x00, 0x00, 0x00, 0x33, 0xAF, 0x00, 0x00, 0x00, 0x00, 0x00, 0x34, 0xAC, 0x00, 
0x00, 0x00, 0x00, 0x00, 0x34, 0xB3, 0x00, 0x00, 0x00, 0x00, 0x00, 0x00, 0x00, 0x88, 0x60, 0x00, 
0x00, 0x00, 0x00, 0x00, 0x89, 0x5D, 0x00, 0x00, 0x00, 0x00, 0x00, 0x89, 0x65, 0x00, 0x00, 0x00, 
0x00, 0x00, 0x00, 0x00, 0xD5, 0x14, 0x00, 0x00, 0x00, 0x00, 0x00, 0xD8, 0x12, 0x00, 0x00, 0x00, 
0x00, 0x00, 0xDB, 0x18, 0x00, 0x00, 0x00, 0x00, 0x00, 0x00, 0x33, 0x89, 0x00, 0x00, 0x00, 0x00, 
0x00, 0x36, 0x8C, 0x00, 0x00, 0x00, 0x00, 0x00, 0x34, 0xAB, 0x00, 0x00, 0x00, 0x00, 0x00, 0x00, 
0x06, 0x92, 0x69, 0x0D, 0x00, 0x00, 0x00, 0x05, 0x9A, 0x5F, 0x11, 0x00, 0x00, 0x01, 0x0E, 0x99, 
0x4E, 0x18, 0x05, 0x00, 0x00, 0x00, 0x09, 0xFF, 0xFF, 0xFF, 0xFF, 0xFF, 0xFF, 0xFF, 0xFF, 0xFF, 
0xFF, 0xFF, 0xFF, 0xFF, 0xFF, 0xFF, 0xFF, 0xFF, 0xFF, 0xFD, 0x02, 0x00, 0x00, 0x00, 0x00, 0x00, 
0x00, 0xB6, 0xFF, 0xFF, 0xFA, 0x8F, 0x00, 0x00, 0x56, 0xFF, 0xFA, 0xD7, 0x83, 0x00, 0x00, 0x56, 
0xFF, 0xFF, 0xF7, 0x8C, 0x00, 0x00, 0x00, 0x00, 0x07, 0x95, 0xAB, 0x00, 0x00, 0x00, 0x00, 0x02, 
0x70, 0x98, 0x00, 0x00, 0x00, 0x00, 0x04, 0x6E, 0xA6, 0x00, 0x00, 0x00, 0x00, 0x00, 0x00, 0x00, 
0x89, 0x47, 0x00, 0x00, 0x00, 0x00, 0x00, 0x89, 0x44, 0x00, 0x00, 0x00, 0x00, 0x00, 0x8A, 0x44, 
0x00, 0x00, 0x00, 0x00, 0x00, 0x00, 0x00, 0xC6, 0x06, 0x00, 0x00, 0x00, 0x00, 0x00, 0xC4, 0x05, 
0x00, 0x00, 0x00, 0x00, 0x00, 0xC4, 0x05, 0x00, 0x00, 0x00, 0x00, 0x00, 0x00, 0x29, 0xA8, 0x00, 
0x00, 0x00, 0x00, 0x00, 0x28, 0xA6, 0x00, 0x00, 0x00, 0x00, 0x00, 0x29, 0xA5, 0x00, 0x00, 0x00, 
0x00, 0x00, 0x00, 0x00, 0x7E, 0x5A, 0x00, 0x00, 0x00, 0x00, 0x00, 0x7D, 0x59, 0x00, 0x00, 0x00, 
0x00, 0x00, 0x7E, 0x58, 0x00, 0x00, 0x00, 0x00, 0x00, 0x00, 0x00, 0xCD, 0x10, 0x00, 0x00, 0x00, 
0x00, 0x00, 0xCD, 0x10, 0x00, 0x00, 0x00, 0x00, 0x00, 0xCD, 0x0F, 0x00, 0x00, 0x00, 0x00, 0x00, 
0x00, 0x27, 0xBC, 0x00, 0x00, 0x00, 0x00, 0x00, 0x27, 0xBC, 0x00, 0x00, 0x00, 0x00, 0x00, 0x28, 
0xBA, 0x00, 0x00, 0x00, 0x00, 0x00, 0x00, 0x00, 0x7C, 0x6D, 0x00, 0x00, 0x00, 0x00, 0x00, 0x7C, 
0x6E, 0x00, 0x00, 0x00, 0x00, 0x00, 0x7D, 0x6D, 0x00, 0x00, 0x00, 0x00, 0x00, 0x00, 0x00, 0xCF, 
0x1E, 0x00, 0x00, 0x00, 0x00, 0x00, 0xCF, 0x20, 0x00, 0x00, 0x00, 0x00, 0x00, 0xD1, 0x1F, 0x00, 
0x00, 0x00, 0x00, 0x00, 0x00, 0x27, 0xAF, 0x00, 0x00, 0x00, 0x00, 0x00, 0x29, 0xB4, 0x00, 0x00, 
0x00, 0x00, 0x00, 0x28, 0xBD, 0x00, 0x00, 0x00, 0x00, 0x00, 0x00, 0x07, 0x9C, 0x7F, 0x0F, 0x00, 
0x00, 0x01, 0x14, 0xAD, 0x85, 0x14, 0x00, 0x00, 0x00, 0x0D, 0xA3, 0x74, 0x1B, 0x05, 0x00, 0x00, 
0x00, 0x3A, 0xFF, 0xFF, 0xFF, 0xFF, 0xFF, 0xFF, 0xFF, 0xFF, 0xFF, 0xFF, 0xFF, 0xFF, 0xFF, 0xFF, 
0xFF, 0xFF, 0xFF, 0xFF, 0xF0, 0x01, 0x00, 0x00, 0x00, 0x00, 0x00, 0x00, 0x00, 0x00, 0x00, 0x00, 
0x00, 0x00, 0x00, 0x00, 0x00, 0x00, 0x00, 0x00, 0x0D, 0x76, 0xFF, 0xBE, 0x00, 0x00, 0x00, 0x00, 
0x00, 0x00, 0x00, 0x00, 0x00, 0x00, 0x00, 0x00, 0x00, 0x00, 0x00, 0x00, 0x00, 0x00, 0x00, 0x00, 
0x01, 0xE3, 0x8B, 0x00, 0x00, 0x00, 0x00, 0x00, 0x00, 0x00, 0x00, 0x00, 0x00, 0x00, 0x00, 0x00, 
0x00, 0x00, 0x00, 0x00, 0x00, 0x00, 0x00, 0x00, 0xC3, 0x58, 0x00, 0x00, 0x00, 0x00, 0x00, 0x00, 
0x00, 0x00, 0x00, 0x00, 0x00, 0x00, 0x00, 0x00, 0x00, 0x00, 0x00, 0x00, 0x00, 0x00, 0x00, 0xE0, 
0x25, 0x00, 0x00, 0x00, 0x19, 0xFD, 0xFF, 0xFF, 0xFF, 0xFF, 0xFF, 0xFF, 0xC9, 0x00, 0x00, 0x00, 
0x74, 0xFA, 0x7F, 0x28, 0x0A, 0x51, 0xD9, 0x2B, 0x04, 0x00, 0x00, 0x00, 0xD1, 0x59, 0x00, 0x00, 
0x00, 0xA1, 0x5D, 0x00, 0x00, 0x00, 0x00, 0x00, 0x00, 0x00, 0x00, 0x00, 0x05, 0xE9, 0x10, 0x00, 
0x00, 0x00, 0x00, 0x00, 0x00, 0x00, 0x00, 0x00, 0x47, 0xB7, 0x00, 0x00, 0x00, 0x00, 0x00, 0x00, 
0x00, 0x00, 0x00, 0x00, 0x9B, 0x65, 0x00, 0x00, 0x00, 0x00, 0x00, 0x00, 0x00, 0x00, 0x00, 0x03, 
0xEA, 0xFF, 0xFF, 0xF6, 0xE4, 0xB1, 0x42, 0x00, 0x00, 0x00, 0x00, 0x41, 0xBB, 0x00, 0x08, 0x16, 
0x3A, 0x89, 0xF4, 0x55, 0x00, 0x00, 0x00, 0x94, 0x64, 0x00, 0x00, 0x00, 0x00, 0x00, 0x49, 0xDB, 
0x00, 0x00, 0x01, 0xE0, 0x12, 0x00, 0x00, 0x00, 0x00, 0x00, 0x01, 0xDA, 0x00, 0x00, 0x3F, 0xB5, 
0x00, 0x00, 0x00, 0x00, 0x00, 0x00, 0x3D, 0xA0, 0x02, 0x1E, 0xC9, 0x6F, 0x0C, 0x02, 0x09, 0x22, 
0x53, 0xA7, 0xD8, 0x1A, 0x90, 0xFF, 0xFF, 0xFF, 0xFF, 0xFF, 0xFD, 0xF0, 0xCC, 0x81, 0x12, 0x00, 
0x00, 0x00, 0x00, 0x00, 0xB2, 0xFF, 0xFF, 0xFF, 0xC5, 0x00, 0x00, 0x00, 0x00, 0x00, 0x00, 0xEC, 
0xFF, 0xFF, 0xFF, 0x85, 0x00, 0x00, 0x00, 0x00, 0x06, 0x93, 0xDD, 0x2D, 0x05, 0x00, 0x00, 0x00, 
0x00, 0x00, 0x00, 0x08, 0x9A, 0xC8, 0x1B, 0x01, 0x00, 0x00, 0x00, 0x00, 0x00, 0x8F, 0x4D, 0x00, 
0x00, 0x00, 0x00, 0x00, 0x00, 0x00, 0x00, 0x00, 0x96, 0x39, 0x00, 0x00, 0x00, 0x00, 0x00, 0x00, 
0x00, 0xCA, 0x04, 0x00, 0x00, 0x00, 0x00, 0x00, 0x00, 0x00, 0x00, 0x01, 0xC8, 0x01, 0x00, 0x00, 
0x00, 0x00, 0x00, 0x00, 0x31, 0xA5, 0x00, 0x00, 0x00, 0x00, 0x00, 0x00, 0x00, 0x00, 0x00, 0x39, 
0x9A, 0x00, 0x00, 0x00, 0x00, 0x00, 0x00, 0x00, 0x87, 0x57, 0x00, 0x00, 0x00, 0x00, 0x00, 0x00, 
0x00, 0x00, 0x00, 0x8F, 0x4B, 0x00, 0x00, 0x00, 0x00, 0x00, 0x00, 0x00, 0xDB, 0xFF, 0xFF, 0xFA, 
0xE6, 0xB4, 0x40, 0x00, 0x00, 0x00, 0x01, 0xD8, 0x08, 0x00, 0x00, 0x00, 0x00, 0x00, 0x00, 0x32, 
0xB6, 0x00, 0x08, 0x16, 0x3B, 0x8A, 0xF4, 0x54, 0x00, 0x00, 0x3B, 0xAE, 0x00, 0x00, 0x00, 0x00, 
0x00, 0x00, 0x00, 0x88, 0x63, 0x00, 0x00, 0x00, 0x00, 0x00, 0x49, 0xDB, 0x00, 0x00, 0x91, 0x60, 
0x00, 0x00, 0x00, 0x00, 0x00, 0x00, 0x00, 0xD9, 0x14, 0x00, 0x00, 0x00, 0x00, 0x00, 0x15, 0xEF, 
0x00, 0x01, 0xE1, 0x14, 0x00, 0x00, 0x00, 0x00, 0x00, 0x00, 0x37, 0xBE, 0x00, 0x00, 0x00, 0x00, 
0x00, 0x00, 0x7D, 0xA5, 0x00, 0x42, 0xB4, 0x00, 0x00, 0x00, 0x00, 0x00, 0x02, 0x1D, 0xC4, 0x7D, 
0x0C, 0x02, 0x07, 0x19, 0x40, 0x95, 0xD9, 0x1C, 0x22, 0xCE, 0x64, 0x0D, 0x00, 0x00, 0x00, 0x00, 
0x88, 0xFF, 0xFF, 0xFF, 0xFF, 0xFF, 0xFD, 0xF0, 0xCD, 0x83, 0x12, 0xA6, 0xFF, 0xFF, 0xFF, 0xFF, 
0x15, 0x00, 0x00, 0x00, 0x00, 0x00, 0x00, 0x00, 0xB2, 0xFF, 0xFF, 0xFF, 0xC5, 0x00, 0x00, 0x00, 
0x00, 0x00, 0x00, 0x00, 0x06, 0x93, 0xDD, 0x2D, 0x05, 0x00, 0x00, 0x00, 0x00, 0x00, 0x00, 0x00, 
0x00, 0x8F, 0x4D, 0x00, 0x00, 0x00, 0x00, 0x00, 0x00, 0x00, 0x00, 0x00, 0x00, 0xCA, 0x04, 0x00, 
0x00, 0x00, 0x00, 0x00, 0x00, 0x00, 0x00, 0x00, 0x31, 0xA5, 0x00, 0x00, 0x00, 0x00, 0x00, 0x00, 
0x00, 0x00, 0x00, 0x00, 0x87, 0x57, 0x00, 0x00, 0x00, 0x00, 0x00, 0x00, 0x00, 0x00, 0x00, 0x00, 
0xDB, 0xFF, 0xFF, 0xFA, 0xE6, 0xB4, 0x40, 0x00, 0x00, 0x00, 0x00, 0x32, 0xB6, 0x00, 0x08, 0x14, 
0x2F, 0x68, 0xDE, 0x54, 0x00, 0x00, 0x00, 0x88, 0x63, 0x00, 0x00, 0x00, 0x00, 0x00, 0x2F, 0xDB, 
0x00, 0x00, 0x00, 0xD9, 0x14, 0x00, 0x00, 0x00, 0x00, 0x00, 0x11, 0xEF, 0x00, 0x00, 0x37, 0xBE, 
0x00, 0x00, 0x00, 0x00, 0x00, 0x00, 0x65, 0xA5, 0x02, 0x1D, 0xC4, 0x7D, 0x0C, 0x02, 0x06, 0x14, 
0x35, 0x7B, 0xD0, 0x1A, 0x88, 0xFF, 0xFF, 0xFF, 0xFF, 0xFF, 0xFD, 0xF0, 0xCD, 0x83, 0x12, 0x00, 
0x00, 0x00, 0x20, 0xFF, 0x30, 0x49, 0xAA, 0xE8, 0xF6, 0xCD, 0x6A, 0x02, 0x00, 0x00, 0x00, 0x61, 
0xFF, 0xFD, 0x9A, 0x36, 0x0E, 0x0C, 0x43, 0xC5, 0xA5, 0x00, 0x00, 0x00, 0xA1, 0xF5, 0x49, 0x00, 
0x00, 0x00, 0x00, 0x00, 0x05, 0xC6, 0x5B, 0x00, 0x00, 0xE0, 0x60, 0x00, 0x00, 0x00, 0x00, 0x00, 
0x00, 0x00, 0x43, 0xC1, 0x00, 0x00, 0x00, 0x00, 0x00, 0x00, 0x00, 0x00, 0x00, 0x00, 0x00, 0x0A, 
0xF1, 0x00, 0x00, 0x00, 0x00, 0x00, 0x00, 0x00, 0x00, 0x00, 0x00, 0x00, 0x00, 0xF9, 0x00, 0x00, 
0x00, 0x00, 0x00, 0x00, 0xE6, 0xFF, 0xFF, 0xFF, 0xFF, 0xFF, 0xDD, 0x00, 0x00, 0x00, 0x00, 0x00, 
0x00, 0x00, 0x00, 0x00, 0x00, 0x00, 0x28, 0x9B, 0x00, 0x00, 0x00, 0x00, 0x00, 0x00, 0x00, 0x00, 
0x00, 0x00, 0x00, 0x8B, 0x32, 0x0F, 0x00, 0x00, 0x00, 0x00, 0x00, 0x00, 0x00, 0x00, 0x00, 0x30, 
0x87, 0x00, 0x83, 0x57, 0x00, 0x00, 0x00, 0x00, 0x00, 0x00, 0x00, 0x37, 0xA7, 0x05, 0x00, 0x03, 
0xA1, 0xC8, 0x62, 0x21, 0x07, 0x0F, 0x40, 0x9E, 0x9A, 0x07, 0x00, 0x00, 0x00, 0x00, 0x53, 0xB8, 
0xE9, 0xFB, 0xE5, 0xA8, 0x41, 0x00, 0x00, 0x00, 0x00, 0x00, 0x00, 0x00, 0x00, 0xE2, 0xFF, 0xFF, 
0xFF, 0x91, 0x00, 0x00, 0x00, 0x00, 0x07, 0x62, 0xBA, 0xEC, 0xFA, 0xE1, 0x96, 0x16, 0x00, 0x00, 
0x00, 0x00, 0x00, 0x07, 0x97, 0xCE, 0x1F, 0x01, 0x00, 0x00, 0x00, 0x3E, 0xCB, 0x88, 0x3A, 0x17, 
0x04, 0x11, 0x4A, 0xBE, 0x14, 0x00, 0x00, 0x00, 0x00, 0x00, 0x90, 0x41, 0x00, 0x00, 0x00, 0x00, 
0x62, 0xBE, 0x19, 0x00, 0x00, 0x00, 0x00, 0x00, 0x00, 0x4F, 0x97, 0x00, 0x00, 0x00, 0x00, 0x00, 
0xC7, 0x03, 0x00, 0x00, 0x00, 0x4F, 0xD7, 0x10, 0x00, 0x00, 0x00, 0x00, 0x00, 0x00, 0x00, 0x10, 
0xE7, 0x00, 0x00, 0x00, 0x00, 0x31, 0xA1, 0x00, 0x00, 0x00, 0x15, 0xEB, 0x43, 0x00, 0x00, 0x00, 
0x00, 0x00, 0x00, 0x00, 0x00, 0x0B, 0xF9, 0x00, 0x00, 0x00, 0x00, 0x87, 0x53, 0x00, 0x00, 0x00, 
0x88, 0xC3, 0x00, 0x00, 0x00, 0x00, 0x00, 0x00, 0x00, 0x00, 0x00, 0x21, 0xE2, 0x00, 0x00, 0x00, 
0x00, 0xDC, 0xFF, 0xFF, 0xFF, 0xFF, 0xFF, 0x64, 0x00, 0x00, 0x00, 0x00, 0x00, 0x00, 0x00, 0x00, 
0x00, 0x52, 0xA6, 0x00, 0x00, 0x00, 0x33, 0xB8, 0x00, 0x00, 0x00, 0x00, 0xEA, 0x25, 0x00, 0x00, 
0x00, 0x00, 0x00, 0x00, 0x00, 0x00, 0x00, 0x8F, 0x45, 0x00, 0x00, 0x00, 0x89, 0x69, 0x00, 0x00, 
0x00, 0x00, 0xFA, 0x09, 0x00, 0x00, 0x00, 0x00, 0x00, 0x00, 0x00, 0x00, 0x13, 0xAD, 0x00, 0x00, 
0x00, 0x00, 0xDC, 0x1B, 0x00, 0x00, 0x00, 0x00, 0xE8, 0x1B, 0x00, 0x00, 0x00, 0x00, 0x00, 0x00, 
0x00, 0x0A, 0xAF, 0x24, 0x00, 0x00, 0x00, 0x3A, 0xC2, 0x00, 0x00, 0x00, 0x00, 0x00, 0x9A, 0x7C, 
0x00, 0x00, 0x00, 0x00, 0x00, 0x00, 0x39, 0xCC, 0x46, 0x00, 0x00, 0x01, 0x1F, 0xCB, 0x86, 0x0D, 
0x00, 0x00, 0x00, 0x00, 0x18, 0xE0, 0x84, 0x25, 0x07, 0x1A, 0x57, 0xB8, 0xDA, 0x36, 0x00, 0x00, 
0x00, 0x9E, 0xFF, 0xFF, 0xFF, 0xFF, 0x1B, 0x00, 0x00, 0x00, 0x00, 0x1D, 0x9E, 0xE6, 0xFB, 0xED, 
0xBB, 0x63, 0x06, 0x00, 0x00, 0x00, 0x00, 0x00, 0x00, 0x00, 0x00, 0x00, 0x00, 0x13, 0x89, 0xD5, 
0xF6, 0xFF, 0xFF, 0xFF, 0xFF, 0xFF, 0xAF, 0x00, 0x00, 0x00, 0x00, 0x00, 0x25, 0xD5, 0x6E, 0x29, 
0x0D, 0x03, 0x13, 0x6B, 0xDC, 0x31, 0x05, 0x00, 0x00, 0x00, 0x00, 0x00, 0xBA, 0x60, 0x00, 0x00, 
0x00, 0x00, 0x00, 0xA0, 0x49, 0x00, 0x00, 0x00, 0x00, 0x00, 0x00, 0x00, 0xF7, 0x13, 0x00, 0x00, 
0x00, 0x00, 0x08, 0xDB, 0x02, 0x00, 0x00, 0x00, 0x00, 0x00, 0x00, 0x00, 0xDF, 0x26, 0x00, 0x00, 
0x00, 0x00, 0x53, 0x9D, 0x00, 0x00, 0x00, 0x00, 0x00, 0x00, 0x00, 0x00, 0x6C, 0xD6, 0x51, 0x16, 
0x04, 0x0F, 0xB2, 0x4F, 0x00, 0x00, 0x00, 0x00, 0x00, 0x00, 0x00, 0x00, 0x00, 0x6C, 0xF7, 0xFF, 
0xF9, 0xF1, 0xF6, 0x0A, 0x00, 0x00, 0x00, 0x00, 0x00, 0x00, 0x00, 0x00, 0x4C, 0xAF, 0x05, 0x00, 
0x00, 0x34, 0xB1, 0x00, 0x00, 0x00, 0x00, 0x00, 0x00, 0x00, 0x00, 0x3D, 0xB9, 0x09, 0x00, 0x00, 
0x00, 0x8E, 0x62, 0x00, 0x00, 0x00, 0x00, 0x00, 0x00, 0x00, 0x31, 0xBF, 0x0F, 0x00, 0x00, 0x00, 
0x02, 0xE2, 0x16, 0x00, 0x00, 0x00, 0x00, 0x00, 0x00, 0x26, 0xC2, 0x15, 0x00, 0x00, 0x00, 0x00, 
0x46, 0xBE, 0x00, 0x00, 0x00, 0x00, 0x00, 0x0F, 0x51, 0xC3, 0x1D, 0x00, 0x00, 0x00, 0x01, 0x1C, 
0xC7, 0x93, 0x0D, 0x00, 0x00, 0x00, 0x00, 0xFF, 0xE9, 0x26, 0x00, 0x00, 0x00, 0x00, 0x5E, 0xFF, 
0xFF, 0xFF, 0xF8, 0x03, 0x00, 0x00, 0x00, 0x00, 0x00, 0x00, 0x3E, 0xC1, 0xF3, 0x8A, 0x7D, 0x9B, 
0x00, 0x00, 0x66, 0xDA, 0x48, 0x0B, 0x72, 0xD8, 0x4C, 0x00, 0x4E, 0xD2, 0x15, 0x00, 0x00, 0x20, 
0xF4, 0x08, 0x10, 0xDA, 0x23, 0x00, 0x00, 0x00, 0x3F, 0xAD, 0x00, 0x74, 0x6D, 0x00, 0x00, 0x00, 
0x00, 0x97, 0x5E, 0x00, 0xCA, 0x0E, 0x00, 0x00, 0x00, 0x2E, 0xF7, 0x12, 0x00, 0xEF, 0x02, 0x00, 
0x00, 0x1C, 0xA9, 0xBC, 0x00, 0x00, 0xE1, 0x5F, 0x0B, 0x56, 0x8C, 0x88, 0x71, 0x67, 0x9E, 0x51, 
0xEB, 0xDF, 0x6B, 0x01, 0x7D, 0xD0, 0x99, 0x0D, 0x00, 0x00, 0x00, 0x00, 0x00, 0x00, 0x02, 0x4C, 
0xCF, 0x00, 0x00, 0x00, 0x18, 0x96, 0xDA, 0xEF, 0xC6, 0x2B, 0x00, 0x00, 0x1E, 0xD1, 0x5C, 0x16, 
0x00, 0x00, 0x00, 0x00, 0x01, 0xC6, 0x3F, 0x00, 0x00, 0x00, 0x00, 0x00, 0x00, 0x54, 0xAD, 0x00, 
0x00, 0x00, 0x00, 0x00, 0x00, 0x00, 0xC3, 0x40, 0x3F, 0xC4, 0xF3, 0xB6, 0x16, 0x00, 0x21, 0xE1, 
0x67, 0xA1, 0x2B, 0x09, 0x68, 0xA4, 0x00, 0x6C, 0xDD, 0x8C, 0x00, 0x00, 0x00, 0x07, 0xEA, 0x00, 
0xB1, 0xD0, 0x04, 0x00, 0x00, 0x00, 0x20, 0xF6, 0x00, 0xDC, 0x58, 0x00, 0x00, 0x00, 0x00, 0x68, 
0xD1, 0x00, 0xF6, 0x15, 0x00, 0x00, 0x00, 0x04, 0xD8, 0x7D, 0x00, 0xE9, 0x0D, 0x00, 0x00, 0x00, 
0x82, 0xE1, 0x0F, 0x00, 0x9B, 0x90, 0x11, 0x19, 0x8A, 0xEC, 0x32, 0x00, 0x00, 0x10, 0xA9, 0xF1, 
0xEA, 0x9F, 0x1D, 0x00, 0x00, 0x00, 0x00, 0x00, 0x0A, 0x7B, 0xD4, 0xF7, 0xE4, 0x46, 0x00, 0x1D, 
0xC9, 0x7F, 0x27, 0x09, 0x36, 0xE0, 0x08, 0xC9, 0x39, 0x00, 0x00, 0x00, 0x67, 0xAD, 0x74, 0x97, 
0x24, 0x49, 0x78, 0xBE, 0xB2, 0x10, 0xD0, 0xFF, 0xFF, 0xFF, 0xFF, 0xA8, 0x04, 0x00, 0xF7, 0x33, 
0x00, 0x00, 0x11, 0x77, 0xA6, 0x00, 0xE9, 0x0A, 0x00, 0x00, 0x00, 0x1C, 0xF4, 0x00, 0xA1, 0x83, 
0x13, 0x0B, 0x3E, 0xCB, 0x9B, 0x00, 0x12, 0xA0, 0xE8, 0xF4, 0xCF, 0x6A, 0x03, 0x00, 0x00, 0x00, 
0x0A, 0x96, 0xF1, 0xE5, 0x5C, 0x00, 0x00, 0x8C, 0x48, 0x0C, 0x51, 0xEE, 0x00, 0x00, 0x00, 0x00, 
0x00, 0x1A, 0xC7, 0x00, 0x00, 0x00, 0x00, 0x1C, 0x62, 0x16, 0x00, 0x01, 0x39, 0x39, 0x1C, 0x00, 
0x00, 0x29, 0x82, 0x12, 0x00, 0x00, 0x00, 0x00, 0xCD, 0x15, 0x00, 0x00, 0x00, 0x00, 0x00, 0xEF, 
0x73, 0x0B, 0x1E, 0x65, 0x89, 0x00, 0x5A, 0xE0, 0xF8, 0xD5, 0x70, 0x04, 0x00, 0x00, 0x00, 0x00, 
0x19, 0xCE, 0x56, 0x00, 0x00, 0x00, 0x00, 0x00, 0x00, 0x01, 0x36, 0x88, 0x9A, 0x04, 0x00, 0x00, 
0x00, 0x00, 0x00, 0x00, 0x00, 0x20, 0x79, 0x00, 0x00, 0x00, 0x00, 0x00, 0x00, 0x00, 0x00, 0x44, 
0x3C, 0x00, 0x00, 0x00, 0x39, 0xAF, 0xED, 0xED, 0xA0, 0xA3, 0x00, 0x02, 0x81, 0x81, 0x2B, 0x09, 
0x12, 0x8B, 0xE5, 0x00, 0x97, 0x48, 0x00, 0x00, 0x00, 0x00, 0x0C, 0xFA, 0x51, 0xAB, 0x00, 0x00, 
0x00, 0x00, 0x00, 0x0F, 0xEA, 0xC2, 0x48, 0x00, 0x00, 0x00, 0x00, 0x00, 0x3A, 0xB3, 0xF4, 0x10, 
0x00, 0x00, 0x00, 0x00, 0x00, 0x99, 0x4E, 0xE6, 0x08, 0x00, 0x00, 0x00, 0x00, 0x5A, 0xAD, 0x00, 
0x8F, 0x6D, 0x0B, 0x07, 0x36, 0xA4, 0xBA, 0x0C, 0x00, 0x09, 0x93, 0xE9, 0xF3, 0xC7, 0x64, 0x02, 
0x00, 0x00, 0x00, 0x00, 0x00, 0x4E, 0xBC, 0xEE, 0xEB, 0x69, 0x00, 0x06, 0xA0, 0xB8, 0x41, 0x09, 
0x3A, 0xF1, 0x00, 0x96, 0x71, 0x00, 0x00, 0x00, 0x3C, 0xCB, 0x3E, 0xA5, 0x00, 0x00, 0x00, 0x3F, 
0xD7, 0x39, 0xAE, 0x47, 0x31, 0x69, 0xC0, 0xC2, 0x2C, 0x00, 0xE7, 0xEC, 0xC3, 0x8A, 0x3A, 0x00, 
0x00, 0x00, 0xEE, 0x03, 0x00, 0x00, 0x00, 0x00, 0x40, 0x51, 0x9E, 0x68, 0x0D, 0x04, 0x29, 0x96, 
0xCA, 0x26, 0x0E, 0xA1, 0xEB, 0xF1, 0xBE, 0x5D, 0x03, 0x00, 0x00, 0x06, 0x8E, 0xEE, 0xDD, 0x35, 
0x00, 0x00, 0x1C, 0xE3, 0x00, 0x00, 0x00, 0x06, 0x72, 0xC6, 0xDF, 0xDF, 0x5A, 0x00, 0x82, 0x46, 
0x0B, 0x8B, 0xC6, 0x00, 0x00, 0x56, 0xAB, 0x00, 0x00, 0x1F, 0xB9, 0x48, 0x01, 0x00, 0x04, 0xA4, 
0x00, 0x0B, 0x00, 0x00, 0x12, 0xF6, 0x00, 0x00, 0x8F, 0x73, 0x00, 0x10, 0xD8, 0x30, 0x00, 0x00, 
0x00, 0x00, 0xBD, 0x00, 0x00, 0x00, 0x00, 0x0A, 0xF1, 0x00, 0x00, 0xC8, 0x3B, 0x00, 0x90, 0x98, 
0x00, 0x00, 0x00, 0x00, 0x00, 0x00, 0x00, 0x00, 0x00, 0x00, 0x3D, 0xFF, 0xFF, 0xFF, 0xFF, 0xFF, 
0xFF, 0xFF, 0x35, 0x00, 0x00, 0x00, 0x00, 0x00, 0x00, 0x00, 0x00, 0x00, 0x00, 0xA9, 0x96, 0x00, 
0x39, 0xC3, 0x00, 0x00, 0xF1, 0x07, 0x00, 0x00, 0x00, 0x00, 0x00, 0x00, 0xB4, 0x00, 0x00, 0x57, 
0xFB, 0x27, 0x00, 0x72, 0x8B, 0x00, 0x00, 0xEF, 0x08, 0x00, 0x00, 0x00, 0x09, 0x76, 0x00, 0x96, 
0x0E, 0x70, 0xF9, 0x6C, 0x00, 0x00, 0xAB, 0x53, 0x00, 0x00, 0xA6, 0x5A, 0x0A, 0x09, 0x45, 0xA7, 
0x16, 0x00, 0x80, 0xF3, 0xD0, 0x54, 0x00, 0x00, 0x00, 0xE4, 0x1B, 0x00, 0x00, 0x12, 0xA5, 0xED, 
0xE9, 0x95, 0x11, 0x00, 0x00, 0x00, 0x00, 0x40, 0xFF, 0xFF, 0xF8, 0x69, 0x00, 0x00, 0xC0, 0x8D, 
0x19, 0x44, 0xE7, 0x00, 0x00, 0x00, 0x00, 0x00, 0x14, 0xE8, 0x00, 0x00, 0x00, 0x0B, 0x30, 0xAA, 
0x5D, 0x00, 0x00, 0x0D, 0xF8, 0x8D, 0x14, 0x00, 0x00, 0x00, 0x00, 0x08, 0x70, 0x8B, 0x00, 0x00, 
0x00, 0x00, 0x00, 0x16, 0xEC, 0x00, 0x7F, 0x34, 0x07, 0x2E, 0xB3, 0x56, 0x00, 0x12, 0xAE, 0xF5, 
0xD8, 0x2B, 0x00, 0x00, 0x00, 0x74, 0xED, 0x26, 0x00, 0x00, 0x00, 0x75, 0x87, 0x63, 0xB1, 0xC0, 
0x53, 0x00, 0x00, 0x00, 0xBE, 0x38, 0x2B, 0x1F, 0xF1, 0x23, 0x00, 0x00, 0x15, 0xE3, 0x01, 0x00, 
0x53, 0xD0, 0x00, 0x00, 0x00, 0x79, 0x9A, 0x00, 0x00, 0xAF, 0x74, 0x00, 0x00, 0x1D, 0xD8, 0x4A, 
0x00, 0x10, 0xF6, 0x1A, 0x00, 0x06, 0x5E, 0xDA, 0x07, 0x00, 0x5D, 0xBF, 0x00, 0x01, 0x64, 0x3B, 
0xAD, 0x00, 0x02, 0x9C, 0x7A, 0x0A, 0x67, 0x11, 0x7F, 0x6B, 0x73, 0xA9, 0x81, 0xD9, 0x74, 0x07, 
0x00, 0x80, 0xD7, 0x93, 0x0A, 0x00, 0x00, 0x00, 0xCE, 0xC9, 0x1D, 0x6F, 0xAA, 0x00, 0x00, 0x00, 
0x00, 0x7D, 0xED, 0xEF, 0x99, 0x09, 0x00, 0x00, 0x00, 0x00, 0x00, 0x00, 0x00, 0x00, 0x00, 0x00, 
0x00, 0x79, 0xEE, 0x28, 0x00, 0x00, 0x00, 0x78, 0x8A, 0x5F, 0xB7, 0xC2, 0x54, 0x00, 0x00, 0x00, 
0xD0, 0x3F, 0x2D, 0x22, 0xF2, 0x23, 0x00, 0x00, 0x2E, 0xF0, 0x04, 0x00, 0x52, 0xD0, 0x00, 0x00, 
0x00, 0xA1, 0xA9, 0x00, 0x00, 0xAC, 0x74, 0x00, 0x00, 0x2B, 0xF3, 0x5E, 0x00, 0x0D, 0xF4, 0x1A, 
0x00, 0x00, 0x8E, 0xE7, 0x15, 0x00, 0x58, 0xBF, 0x00, 0x00, 0x4C, 0x6D, 0xBF, 0x07, 0x40, 0x99, 
0x7D, 0x00, 0x28, 0x3B, 0x88, 0x7A, 0x8B, 0x86, 0x76, 0xEF, 0xA7, 0x37, 0x00, 0x75, 0xEE, 0x7C, 
0x00, 0x02, 0x45, 0xA4, 0x91, 0x00, 0x00, 0x2B, 0xE0, 0xB6, 0x3B, 0xF5, 0xFF, 0x4C, 0x00, 0x00, 
0xB7, 0x6C, 0xCC, 0x00, 0x00, 0xD6, 0x08, 0x00, 0x45, 0x91, 0x00, 0x00, 0x00, 0x19, 0xAC, 0x0C, 
0x5F, 0x9D, 0x03, 0x00, 0x00, 0x00, 0x70, 0xFF, 0xFF, 0xBE, 0x02, 0x00, 0x00, 0x00, 0x00, 0xC7, 
0x1E, 0x27, 0xBE, 0x39, 0x00, 0x00, 0x00, 0x22, 0xC3, 0x00, 0x00, 0x36, 0xC0, 0x00, 0x00, 0x00, 
0x7B, 0x75, 0x00, 0x00, 0x00, 0xCC, 0x43, 0x00, 0x00, 0xD4, 0x27, 0x00, 0x00, 0x00, 0x45, 0xE5, 
0xD5, 0x00, 0x00, 0x00, 0x0B, 0xFF, 0xFF, 0xFF, 0xFF, 0xFF, 0x9B, 0x00, 0x00, 0x00, 0x00, 0x1D, 
0xE7, 0x5E, 0x01, 0xB0, 0x4D, 0x00, 0x00, 0x00, 0x00, 0x07, 0xEB, 0x09, 0x08, 0xEA, 0x09, 0x00, 
0x00, 0x00, 0x00, 0x47, 0xB0, 0x00, 0x4D, 0xAF, 0x00, 0x00, 0x00, 0x00, 0x00, 0x97, 0x5D, 0x00, 
0x9B, 0x60, 0x00, 0x00, 0x00, 0x00, 0x02, 0xDF, 0x0F, 0x01, 0xE5, 0x14, 0x00, 0x00, 0x00, 0x00, 
0x45, 0xA3, 0x00, 0x38, 0xC2, 0x00, 0x00, 0x00, 0xCC, 0x3D, 0xBB, 0x2D, 0x00, 0x81, 0x89, 0x2A, 
0xAD, 0x83, 0xCC, 0xE4, 0x58, 0x00, 0x00, 0x87, 0xF9, 0xCF, 0x58, 0x00, 0x00, 0x00, 0x00, 0x35, 
0xA1, 0xB9, 0x00, 0x00, 0x00, 0x00, 0x1D, 0xF5, 0x9C, 0x00, 0x00, 0x00, 0x11, 0xED, 0xE4, 0xDE, 
0x00, 0x00, 0x00, 0x00, 0xA8, 0xF5, 0x4E, 0x00, 0x00, 0x00, 0x00, 0x67, 0x92, 0xF7, 0x01, 0x00, 
0x00, 0x3E, 0xBD, 0xEC, 0x09, 0x00, 0x00, 0x00, 0x00, 0xA0, 0x50, 0xE5, 0x18, 0x00, 0x02, 0xC9, 
0x73, 0xB1, 0x00, 0x00, 0x00, 0x00, 0x00, 0xD6, 0x11, 0xC8, 0x35, 0x00, 0x69, 0x89, 0x9C, 0x63, 
0x00, 0x00, 0x00, 0x00, 0x16, 0xC8, 0x00, 0xAA, 0x51, 0x11, 0xD3, 0x0F, 0xE6, 0x17, 0x00, 0x00, 
0x00, 0x00, 0x65, 0x79, 0x00, 0x8D, 0x6E, 0x94, 0x5E, 0x38, 0xC7, 0x00, 0x00, 0x00, 0xC9, 0xB6, 
0xE8, 0x1B, 0x00, 0x70, 0xB7, 0xC3, 0x01, 0x81, 0x86, 0x22, 0xA9, 0x85, 0xC4, 0xDE, 0x4E, 0x00, 
0x00, 0x53, 0xFE, 0x34, 0x00, 0x82, 0xF5, 0xBF, 0x4B, 0x00, 0x00, 0x33, 0x9A, 0x93, 0x00, 0x00, 
0x00, 0x7E, 0x81, 0x00, 0xF5, 0xFF, 0x50, 0x00, 0x00, 0x00, 0xC9, 0x36, 0x00, 0x00, 0xCE, 0x0A, 
0x00, 0x00, 0x15, 0xE6, 0x01, 0x00, 0x18, 0xB0, 0x00, 0x00, 0x00, 0x5F, 0x9E, 0x00, 0x00, 0x6F, 
0xFF, 0xFF, 0xFF, 0xFF, 0xFF, 0x52, 0x00, 0x00, 0xC6, 0x19, 0x00, 0x00, 0x04, 0xE9, 0x0C, 0x00, 
0x21, 0xC6, 0x00, 0x00, 0x00, 0x3D, 0xBA, 0x00, 0x00, 0x7A, 0x77, 0x00, 0x00, 0x00, 0x83, 0x9A, 
0x9C, 0x8C, 0xD3, 0x27, 0x00, 0x00, 0x00, 0x81, 0xEA, 0x72, 0x00, 0x00, 0x00, 0x00, 0x4E, 0xBA, 
0xEE, 0xE6, 0x8D, 0x08, 0x00, 0x0B, 0xA6, 0x98, 0x33, 0x0A, 0x14, 0x92, 0x8F, 0x00, 0xAA, 0x6C, 
0x00, 0x00, 0x00, 0x00, 0x0C, 0xE7, 0x51, 0xC3, 0x00, 0x00, 0x00, 0x00, 0x00, 0x15, 0xEF, 0xBD, 
0x54, 0x00, 0x00, 0x00, 0x00, 0x00, 0x51, 0xC0, 0xEE, 0x14, 0x00, 0x00, 0x00, 0x00, 0x00, 0xBA, 
0x5B, 0xE7, 0x05, 0x00, 0x00, 0x00, 0x00, 0x5B, 0xBB, 0x02, 0x8E, 0x53, 0x07, 0x08, 0x2B, 0x8A, 
0xB6, 0x12, 0x00, 0x08, 0x8C, 0xE5, 0xF1, 0xC3, 0x5D, 0x02, 0x00, 0x00, 0x00, 0xDA, 0xFD, 0x7F, 
0x00, 0x33, 0xD1, 0xE0, 0x17, 0x00, 0x00, 0xA4, 0x21, 0x38, 0xA6, 0x19, 0xD5, 0x4A, 0x00, 0x08, 
0xB5, 0x3F, 0xA0, 0x05, 0x08, 0xF4, 0x20, 0x00, 0x4B, 0xB4, 0xB3, 0x06, 0x00, 0x52, 0xCD, 0x00, 
0x00, 0x9B, 0xE6, 0x13, 0x00, 0x00, 0xA9, 0x74, 0x00, 0x02, 0xE8, 0x54, 0x00, 0x00, 0x0B, 0xF3, 
0x1D, 0x00, 0x3A, 0xD8, 0x01, 0x00, 0x00, 0x57, 0xC2, 0x00, 0x05, 0x89, 0x71, 0x00, 0x00, 0x00, 
0xA5, 0x6E, 0x83, 0x95, 0xD8, 0x25, 0x00, 0x00, 0x00, 0xAE, 0xD3, 0x74, 0x02, 0x00, 0x00, 0x00, 
0x00, 0xD2, 0xFF, 0x97, 0x28, 0xB2, 0xF3, 0xD3, 0x30, 0x00, 0x00, 0x00, 0x00, 0x00, 0xBA, 0x8A, 
0xB1, 0x36, 0x08, 0x6C, 0xCB, 0x00, 0x00, 0x00, 0x00, 0x0B, 0xF7, 0xA7, 0x02, 0x00, 0x00, 0x09, 
0xFA, 0x00, 0x00, 0x00, 0x00, 0x52, 0xDE, 0x09, 0x00, 0x00, 0x00, 0x23, 0xF4, 0x00, 0x00, 0x00, 
0x00, 0xA0, 0x6B, 0x00, 0x00, 0x00, 0x00, 0x53, 0xB5, 0x00, 0x00, 0x00, 0x02, 0xE7, 0x13, 0x00, 
0x00, 0x00, 0x00, 0xA5, 0x3B, 0x00, 0x00, 0x00, 0x3D, 0xC2, 0x00, 0x00, 0x00, 0x00, 0x55, 0x81, 
0x00, 0x00, 0x00, 0x00, 0x8B, 0xDA, 0x39, 0x0D, 0x40, 0xB2, 0x8B, 0x00, 0x00, 0x00, 0x00, 0x00, 
0xCF, 0x6E, 0xF2, 0xEF, 0xB7, 0x44, 0x00, 0x00, 0x00, 0x00, 0x00, 0x28, 0xBE, 0x00, 0x00, 0x00, 
0x00, 0x00, 0x00, 0x00, 0x00, 0x00, 0x00, 0x76, 0x7F, 0x00, 0x00, 0x00, 0x00, 0x00, 0x00, 0x00, 
0x00, 0x02, 0x24, 0xDF, 0x4D, 0x01, 0x00, 0x00, 0x00, 0x00, 0x00, 0x00, 0x00, 0x98, 0xFF, 0xFF, 
0xFF, 0x9B, 0x00, 0x00, 0x00, 0x00, 0x00, 0x00, 0x00, 0x00, 0x00, 0x00, 0x49, 0xBB, 0xEF, 0xE9, 
0x6B, 0x00, 0x06, 0x9D, 0xAB, 0x41, 0x0D, 0x1C, 0xF1, 0x00, 0x9D, 0x74, 0x00, 0x00, 0x00, 0x00, 
0xB7, 0x47, 0xD2, 0x02, 0x00, 0x00, 0x00, 0x00, 0x00, 0xB4, 0x56, 0x00, 0x00, 0x00, 0x00, 0x00, 
0x00, 0xE9, 0x17, 0x00, 0x00, 0x00, 0x00, 0x00, 0x00, 0xF0, 0x09, 0x00, 0x00, 0x00, 0x22, 0x9E, 
0x0A, 0xAA, 0x65, 0x09, 0x0D, 0x5D, 0xDF, 0x4F, 0x00, 0x15, 0xA8, 0xEE, 0xED, 0xAB, 0x2A, 0x00, 
0x00, 0x00, 0xB0, 0xF7, 0x93, 0x00, 0x43, 0xDA, 0xE3, 0x1B, 0x00, 0x46, 0xD4, 0xE3, 0x15, 0x00, 
0x00, 0xAF, 0x5B, 0x4D, 0x94, 0x1A, 0xDB, 0x4F, 0x53, 0x9F, 0x16, 0xDB, 0x42, 0x00, 0x08, 0xF5, 
0x47, 0x7F, 0x00, 0x08, 0xF4, 0x49, 0x86, 0x00, 0x0C, 0xF7, 0x1C, 0x00, 0x4D, 0xEA, 0x6F, 0x00, 
0x00, 0x4B, 0xCC, 0x70, 0x00, 0x00, 0x58, 0xCE, 0x00, 0x00, 0x9C, 0xE0, 0x0F, 0x00, 0x00, 0x9B, 
0xA8, 0x06, 0x00, 0x00, 0xAE, 0x76, 0x00, 0x02, 0xE9, 0x60, 0x00, 0x00, 0x01, 0xE8, 0x2D, 0x00, 
0x00, 0x0C, 0xF5, 0x1F, 0x00, 0x3A, 0xDF, 0x04, 0x00, 0x00, 0x3A, 0xCA, 0x00, 0x00, 0x00, 0x57, 
0xC4, 0x01, 0x09, 0x89, 0x6E, 0x00, 0x00, 0x00, 0x89, 0x61, 0x00, 0x00, 0x00, 0xA3, 0x72, 0x8D, 
0x99, 0xC6, 0x0B, 0x00, 0x00, 0x00, 0xC5, 0x08, 0x00, 0x00, 0x00, 0xAC, 0xDC, 0x75, 0x01, 0x00, 
0x00, 0x00, 0x3B, 0xB3, 0x3B, 0x00, 0x00, 0xC5, 0xAC, 0x00, 0x00, 0x00, 0xFF, 0xFF, 0x41, 0x00, 
0x00, 0x99, 0xF2, 0x00, 0x00, 0x00, 0x07, 0xAD, 0x7D, 0x00, 0x00, 0x00, 0x8A, 0x00, 0x00, 0x00, 
0x00, 0x60, 0xB3, 0x00, 0x00, 0x37, 0x58, 0x00, 0x00, 0x00, 0x00, 0x44, 0xC4, 0x00, 0x00, 0x94, 
0x01, 0x00, 0x00, 0x00, 0x00, 0x35, 0xD5, 0x00, 0x5E, 0x45, 0x00, 0x00, 0x00, 0x00, 0x00, 0x27, 
0xE6, 0x17, 0x9B, 0x00, 0x00, 0x00, 0x00, 0x00, 0x00, 0x19, 0xF7, 0x9D, 0x17, 0x00, 0x00, 0x00, 
0x00, 0x00, 0x00, 0x0A, 0xFE, 0x52, 0x00, 0x00, 0x00, 0x00, 0x00, 0x00, 0x00, 0x47, 0x77, 0x00, 
0x00, 0x00, 0x00, 0x00, 0x00, 0x00, 0x2F, 0x8A, 0x00, 0x00, 0x00, 0x00, 0x00, 0xAF, 0x72, 0x52, 
0x7D, 0x01, 0x00, 0x00, 0x00, 0x00, 0x00, 0xC8, 0xD8, 0x59, 0x00, 0x00, 0x00, 0x00, 0x00, 0x00, 
0x00, 0x00, 0x00, 0x00, 0x00, 0x00, 0x00, 0xF2, 0xFB, 0xFF, 0x1D, 0x00, 0x00, 0x00, 0x00, 0x00, 
0x00, 0x00, 0x00, 0x00, 0x4A, 0xCF, 0x00, 0x00, 0x00, 0x00, 0x00, 0x00, 0x00, 0x00, 0x00, 0x00, 
0x75, 0x82, 0x00, 0x00, 0x00, 0x00, 0x00, 0x00, 0x00, 0x00, 0x00, 0x00, 0xC3, 0x35, 0x00, 0x00, 
0x00, 0x00, 0x00, 0x00, 0x00, 0x00, 0x00, 0x14, 0xE3, 0x01, 0x00, 0x00, 0x00, 0x00, 0x00, 0x24, 
0xB2, 0xF2, 0xD0, 0x72, 0xAB, 0xAD, 0xF4, 0xBC, 0x19, 0x00, 0x2B, 0xE1, 0x6A, 0x13, 0x1F, 0xE8, 
0xD9, 0x4A, 0x0B, 0x5A, 0xA9, 0x07, 0xD6, 0x4E, 0x00, 0x00, 0x09, 0xF4, 0x32, 0x00, 0x00, 0x08, 
0xEC, 0x6B, 0xC2, 0x00, 0x00, 0x00, 0x4F, 0xB7, 0x00, 0x00, 0x00, 0x1F, 0xF5, 0xC7, 0x62, 0x00, 
0x00, 0x00, 0xA0, 0x5F, 0x00, 0x00, 0x00, 0x50, 0xCB, 0xF5, 0x20, 0x00, 0x00, 0x06, 0xE9, 0x14, 
0x00, 0x00, 0x00, 0x98, 0x72, 0xF0, 0x08, 0x00, 0x00, 0x62, 0xC2, 0x00, 0x00, 0x00, 0x15, 0xCA, 
0x0A, 0xB2, 0x5B, 0x0C, 0x57, 0xF3, 0xC3, 0x12, 0x0F, 0x47, 0xBF, 0x2B, 0x00, 0x23, 0xCC, 0xF1, 
0xA8, 0xED, 0x74, 0xEA, 0xF1, 0xA9, 0x1F, 0x00, 0x00, 0x00, 0x00, 0x00, 0x29, 0xD5, 0x00, 0x00, 
0x00, 0x00, 0x00, 0x00, 0x00, 0x00, 0x00, 0x00, 0x78, 0x86, 0x00, 0x00, 0x00, 0x00, 0x00, 0x00, 
0x00, 0x00, 0x02, 0x26, 0xE3, 0x53, 0x02, 0x00, 0x00, 0x00, 0x00, 0x00, 0x00, 0x00, 0x9A, 0xFF, 
0xFF, 0xFF, 0xA7, 0x00, 0x00, 0x00, 0x00, 0x00, 0x00, 0x00, 0x00, 0x3B, 0xB3, 0x5E, 0x00, 0x2D, 
0xCD, 0xC6, 0x00, 0x00, 0xFF, 0xFF, 0xD0, 0x23, 0x75, 0x02, 0x00, 0x00, 0x00, 0x03, 0x4D, 0xFC, 
0x9D, 0x01, 0x00, 0x00, 0x00, 0x00, 0x00, 0x00, 0xAE, 0x73, 0x00, 0x00, 0x00, 0x00, 0x00, 0x00, 
0x00, 0x69, 0xBB, 0x00, 0x00, 0x00, 0x00, 0x00, 0x00, 0x0C, 0x86, 0xEC, 0x0E, 0x00, 0x00, 0x00, 
0x00, 0x00, 0x80, 0x13, 0xB2, 0x57, 0x0E, 0x00, 0xCB, 0x70, 0x66, 0x3F, 0x00, 0x68, 0xB3, 0xC6, 
0x00, 0xBA, 0xE1, 0x4B, 0x00, 0x00, 0x15, 0xE0, 0x30, 0x00, 0x00, 0x79, 0xEE, 0x28, 0x00, 0x00, 
0x00, 0x78, 0x87, 0x5F, 0xB7, 0xC2, 0x54, 0x00, 0x00, 0x00, 0xD1, 0x38, 0x2D, 0x22, 0xF2, 0x23, 
0x00, 0x00, 0x31, 0xE7, 0x01, 0x00, 0x52, 0xD0, 0x00, 0x00, 0x00, 0xA5, 0x9A, 0x00, 0x00, 0xAC, 
0x74, 0x00, 0x00, 0x2D, 0xF2, 0x4A, 0x00, 0x0D, 0xF4, 0x1A, 0x00, 0x00, 0x8C, 0xD1, 0x07, 0x00, 
0x58, 0xBF, 0x00, 0x00, 0x49, 0x58, 0xAE, 0x0A, 0x3F, 0x99, 0x7B, 0x01, 0x4A, 0x4B, 0x6C, 0x77, 
0xA7, 0x53, 0x74, 0xEB, 0xB9, 0x44, 0x00, 0x8C, 0xE4, 0x3F, 0x00, 0x00, 0x00, 0x00, 0x00, 0x00, 
0x71, 0x2F, 0x00, 0x00, 0x00, 0x00, 0x00, 0x00, 0x00, 0xE3, 0x00, 0x00, 0x00, 0x00, 0x00, 0x00, 
0x00, 0x58, 0xC9, 0x00, 0x00, 0x00, 0x00, 0x00, 0x00, 0x00, 0xC3, 0x21, 0x00, 0x00, 0x00, 0x0D, 
0xF9, 0xFF, 0xD5, 0x00, 0x00, 0x00, 0x7E, 0x63, 0x00, 0x00, 0x00, 0x74, 0x98, 0x00, 0x00, 0x00, 
0xC8, 0x1D, 0x00, 0x00, 0x00, 0x9E, 0x5C, 0x00, 0x00, 0x15, 0xD3, 0x00, 0x00, 0x00, 0x00, 0xE3, 
0x20, 0x00, 0x00, 0x5E, 0x8E, 0x00, 0x00, 0x00, 0x00, 0xEE, 0x2E, 0x0E, 0x4F, 0xD4, 0x46, 0x00, 
0x00, 0x00, 0x00, 0x5B, 0xEB, 0xE5, 0x76, 0xE9, 0x08, 0x00, 0x00, 0x00, 0x00, 0x00, 0x00, 0x00, 
0x41, 0xB8, 0x00, 0x13, 0x3A, 0x00, 0x00, 0x00, 0x00, 0x00, 0x85, 0x86, 0x50, 0xD8, 0x50, 0x00, 
0x00, 0x00, 0x00, 0x00, 0x85, 0xF6, 0xB2, 0x27, 0x00, 0x00, 0x7A, 0xEE, 0x4E, 0x00, 0x00, 0x00, 
0x92, 0x7C, 0x00, 0x00, 0x00, 0x86, 0x80, 0x00, 0x6A, 0x9F, 0xCA, 0x5B, 0x00, 0x00, 0x11, 0xF3, 
0x2F, 0x00, 0x00, 0x00, 0xD9, 0x32, 0x00, 0x19, 0x1D, 0xF4, 0x15, 0x00, 0x00, 0x7C, 0xE0, 0x00, 
0x00, 0x00, 0x3F, 0xE3, 0x00, 0x00, 0x00, 0x5E, 0xB7, 0x00, 0x00, 0x0A, 0xEA, 0x93, 0x00, 0x00, 
0x00, 0xB6, 0x96, 0x00, 0x00, 0x00, 0xB9, 0x5C, 0x00, 0x00, 0x80, 0xF8, 0x45, 0x00, 0x00, 0x4B, 
0xF2, 0x48, 0x00, 0x00, 0x16, 0xF2, 0x0C, 0x00, 0x1B, 0xC1, 0xEC, 0x05, 0x00, 0x14, 0x8C, 0xEB, 
0x07, 0x00, 0x00, 0x63, 0x99, 0x00, 0x04, 0xA7, 0x83, 0xAA, 0x00, 0x04, 0x82, 0x62, 0xAC, 0x00, 
0x11, 0x34, 0xA3, 0x78, 0x46, 0xAF, 0x40, 0xA5, 0x6F, 0x0C, 0x78, 0x13, 0xA5, 0x79, 0x39, 0xD8, 
0x64, 0x7E, 0xF8, 0xC2, 0x32, 0x00, 0x85, 0xE1, 0x89, 0x0C, 0x00, 0xAE, 0xF5, 0xBA, 0x37, 0x00, 
0x00, 0x77, 0xEE, 0x56, 0x00, 0x00, 0x00, 0x88, 0x7C, 0x00, 0x00, 0x00, 0x85, 0x80, 0x00, 0x68, 
0x9F, 0xCA, 0x60, 0x00, 0x00, 0x01, 0xDF, 0x2F, 0x00, 0x00, 0x00, 0xD6, 0x32, 0x00, 0x19, 0x1D, 
0xF6, 0x18, 0x00, 0x00, 0x3F, 0xE0, 0x00, 0x00, 0x00, 0x38, 0xE3, 0x00, 0x00, 0x00, 0x5E, 0xBC, 
0x00, 0x00, 0x00, 0xAC, 0x93, 0x00, 0x00, 0x00, 0xAD, 0x96, 0x00, 0x00, 0x00, 0xB9, 0x62, 0x00, 
0x00, 0x2C, 0xF7, 0x45, 0x00, 0x00, 0x41, 0xF2, 0x48, 0x00, 0x00, 0x16, 0xF5, 0x10, 0x00, 0x00, 
0x90, 0xEC, 0x05, 0x00, 0x10, 0x88, 0xEB, 0x07, 0x00, 0x00, 0x63, 0xB3, 0x00, 0x00, 0x68, 0x8A, 
0xAA, 0x00, 0x03, 0x7D, 0x63, 0xAC, 0x00, 0x0F, 0x33, 0xA3, 0x9C, 0x1D, 0x7F, 0x4C, 0xA5, 0x6F, 
0x0B, 0x75, 0x14, 0xA5, 0x77, 0x30, 0xB1, 0x3F, 0x7C, 0xF8, 0xC9, 0x3C, 0x00, 0x85, 0xE1, 0x8B, 
0x0D, 0x00, 0xBC, 0xEF, 0x99, 0x0B, 0x00, 0x00, 0x00, 0x00, 0x00, 0x00, 0x00, 0x00, 0x00, 0x00, 
0x00, 0x6E, 0x4A, 0x00, 0x00, 0x00, 0x00, 0x00, 0x00, 0x00, 0x00, 0x00, 0x00, 0x00, 0x00, 0x00, 
0xE6, 0x00, 0x00, 0x00, 0x00, 0x00, 0x00, 0x00, 0x00, 0x00, 0x00, 0x00, 0x00, 0x00, 0x5A, 0xCB, 
0x00, 0x00, 0x00, 0x00, 0x00, 0x00, 0x00, 0x00, 0x00, 0x00, 0x00, 0x00, 0x00, 0xC3, 0x23, 0x00, 
0x00, 0x00, 0x00, 0x40, 0xFF, 0xFF, 0x70, 0x00, 0x00, 0x00, 0xC0, 0x35, 0xDE, 0x22, 0x00, 0x00, 
0x00, 0x00, 0x2E, 0xD3, 0x00, 0x00, 0x00, 0x00, 0x00, 0x7C, 0x85, 0x5E, 0xE2, 0xDB, 0x3E, 0x00, 
0xCA, 0xCB, 0x77, 0x13, 0x4E, 0xDA, 0x12, 0xFE, 0x86, 0x00, 0x00, 0x10, 0xF7, 0x36, 0xFF, 0x39, 
0x00, 0x00, 0x5E, 0xBC, 0x0E, 0xEF, 0x69, 0x0A, 0x4E, 0xE5, 0x32, 0x00, 0x40, 0xD6, 0xF7, 0xC0, 
0x34, 0x00, 0x00, 0xEF, 0xFE, 0xA9, 0x00, 0x00, 0x00, 0x00, 0x00, 0x27, 0x76, 0xC5, 0x60, 0x00, 
0x00, 0x00, 0xBD, 0x4E, 0x00, 0x00, 0x00, 0x00, 0x00, 0xF1, 0xF3, 0xFC, 0x15, 0x00, 0x00, 0x0B, 
0xE1, 0x06, 0x00, 0x00, 0x00, 0x00, 0x00, 0x00, 0x16, 0xC0, 0x00, 0x00, 0x00, 0x5F, 0x98, 0x58, 
0xE1, 0xDB, 0x3C, 0x00, 0x00, 0x00, 0x59, 0x6F, 0x00, 0x00, 0x00, 0xC0, 0xC6, 0x79, 0x13, 0x4C, 
0xD8, 0x00, 0x00, 0x00, 0xB5, 0x1F, 0x00, 0x00, 0x11, 0xFE, 0x8A, 0x00, 0x00, 0x0F, 0xF7, 0x00, 
0x00, 0x17, 0xC9, 0x00, 0x00, 0x00, 0x30, 0xFF, 0x3B, 0x00, 0x00, 0x5C, 0xBD, 0x00, 0x00, 0x72, 
0x7C, 0x00, 0x19, 0x46, 0x06, 0xDC, 0x5A, 0x07, 0x4D, 0xE4, 0x34, 0x00, 0x00, 0xCC, 0x47, 0x4D, 
0xD9, 0x4B, 0x00, 0x1E, 0xB8, 0xF6, 0xC1, 0x36, 0x00, 0x00, 0x00, 0xD0, 0xF3, 0xAC, 0x24, 0x00, 
0x00, 0xEF, 0xFE, 0xA9, 0x00, 0x00, 0x00, 0x00, 0x00, 0xBD, 0x4E, 0x00, 0x00, 0x00, 0x00, 0x0B, 
0xE1, 0x06, 0x00, 0x00, 0x00, 0x00, 0x5F, 0x98, 0x55, 0xD2, 0xDB, 0x3C, 0x00, 0xC0, 0xC5, 0x79, 
0x13, 0x4C, 0xD8, 0x11, 0xFE, 0x8A, 0x00, 0x00, 0x0F, 0xF7, 0x33, 0xFF, 0x3C, 0x00, 0x00, 0x5C, 
0xBD, 0x10, 0xF4, 0x78, 0x0E, 0x4D, 0xE4, 0x34, 0x00, 0x53, 0xDE, 0xF7, 0xC1, 0x36, 0x00, 0x00, 
0x2A, 0xFF, 0x3A, 0xB6, 0xE4, 0x46, 0x00, 0x00, 0x80, 0xF5, 0x63, 0x0E, 0x20, 0xB0, 0x22, 0x00, 
0xD5, 0x54, 0x00, 0x00, 0x00, 0x27, 0x9E, 0x00, 0x00, 0x00, 0x00, 0x00, 0x00, 0x06, 0xF1, 0x00, 
0x00, 0x00, 0xFF, 0xFF, 0xFF, 0xFF, 0xE0, 0x00, 0x00, 0x00, 0x00, 0x00, 0x00, 0x53, 0x95, 0x00, 
0x00, 0x00, 0x00, 0x00, 0x0A, 0xC6, 0x1F, 0x4D, 0xA3, 0x2D, 0x0B, 0x34, 0xBC, 0x52, 0x00, 0x00, 
0x56, 0xE3, 0xF6, 0xC0, 0x3C, 0x00, 0x00, 0x2F, 0xF8, 0xFF, 0x90, 0x00, 0x00, 0x03, 0x66, 0xC9, 
0xF7, 0xE4, 0x89, 0x07, 0x00, 0x00, 0xD3, 0x43, 0x00, 0x11, 0xB6, 0x7C, 0x2A, 0x09, 0x12, 0x8E, 
0x8B, 0x00, 0x0C, 0xE9, 0x05, 0x06, 0xC1, 0x2F, 0x00, 0x00, 0x00, 0x00, 0x0D, 0xE5, 0x00, 0x53, 
0xAA, 0x00, 0x7B, 0x72, 0x00, 0x00, 0x00, 0x00, 0x00, 0x0F, 0xF4, 0x00, 0xA1, 0xFF, 0xFF, 0xFE, 
0x11, 0x00, 0x00, 0x00, 0x00, 0x00, 0x3D, 0xC7, 0x03, 0xE8, 0x13, 0x00, 0xE0, 0x00, 0x00, 0x00, 
0x00, 0x00, 0x00, 0xA0, 0x63, 0x3D, 0xC2, 0x00, 0x00, 0xF2, 0x04, 0x00, 0x00, 0x00, 0x00, 0x63, 
0xBB, 0x02, 0x8B, 0x74, 0x00, 0x00, 0xA3, 0x53, 0x07, 0x08, 0x37, 0xA6, 0xBD, 0x0F, 0x00, 0xD9, 
0x26, 0x00, 0x00, 0x0D, 0x98, 0xE8, 0xF5, 0xC9, 0x65, 0x02, 0x00, 0x00, 0x00, 0x00, 0x00, 0x00, 
0x47, 0xCC, 0xFA, 0xFF, 0xFA, 0x0B, 0x00, 0x00, 0x00, 0x4D, 0xC1, 0x36, 0x0A, 0x32, 0xC1, 0x00, 
0x00, 0x00, 0x00, 0xE4, 0x1A, 0x00, 0x00, 0x74, 0x7D, 0x00, 0x00, 0x00, 0x00, 0xAD, 0x70, 0x12, 
0x02, 0xC7, 0x39, 0x00, 0x00, 0x00, 0x00, 0x03, 0x65, 0xFD, 0xFF, 0xF1, 0x04, 0x00, 0x00, 0x00, 
0x00, 0x0B, 0xBD, 0x4F, 0x3F, 0xB1, 0x00, 0x00, 0x00, 0x00, 0x05, 0xB2, 0x44, 0x00, 0x86, 0x6D, 
0x00, 0x00, 0x00, 0x07, 0xA7, 0x5A, 0x00, 0x00, 0xD0, 0x41, 0x89, 0x07, 0xF1, 0xEF, 0x72, 0x00, 
0x00, 0x00, 0xD6, 0xE1, 0x47, 0x00, 0x00, 0x00, 0x00, 0x00, 0x08, 0x02, 0x00, 0x00, 0x0A, 0x00, 
0x00, 0x00, 0x00, 0x16, 0xF0, 0xB4, 0x00, 0x8E, 0xF9, 0x32, 0x00, 0x00, 0x00, 0x12, 0xE4, 0xA5, 
0x00, 0x80, 0xF0, 0x2B, 0x00, 0x00, 0x00, 0x00, 0x00, 0x00, 0x00, 0x00, 0x00, 0x00, 0x00, 0x00, 
0x00, 0x00, 0x00, 0x00, 0x00, 0x00, 0x00, 0x00, 0x00, 0x00, 0x00, 0x02, 0x54, 0x7E, 0x93, 0xAE, 
0x1E, 0x00, 0x00, 0x00, 0x14, 0xBC, 0x64, 0x00, 0x00, 0xDB, 0x8D, 0x00, 0x00, 0x07, 0xCC, 0x77, 
0x00, 0x00, 0x23, 0xFA, 0x54, 0x00, 0x00, 0x85, 0xE5, 0x05, 0x00, 0x26, 0xD7, 0x80, 0x00, 0x00, 
0x0B, 0xEF, 0xAC, 0x58, 0x91, 0x9F, 0x31, 0x00, 0x00, 0x00, 0x3F, 0xFF, 0x87, 0x25, 0x03, 0x00, 
0x00, 0x00, 0x00, 0x00, 0x54, 0xFF, 0x62, 0x00, 0x00, 0x00, 0x00, 0x1E, 0x00, 0x00, 0x1F, 0xFB, 
0xD2, 0x15, 0x00, 0x09, 0x75, 0x49, 0x00, 0x00, 0x00, 0x6B, 0xFA, 0xF4, 0xCE, 0xA7, 0x25, 0x00, 
0x00, 0x00, 0x00, 0x00, 0x0F, 0x32, 0x15, 0x00, 0x00, 0x00, 0x00, 0x00, 0x00, 0x00, 0x00, 0x00, 
0xFF, 0xFF, 0xFF, 0xFF, 0xFF, 0xFF, 0xFF, 0xFF, 0xFF, 0xFF, 0xFF, 0xFF, 0xFF, 0xFF, 0xFF, 0xFF, 
0xFF, 0xFF, 0xFF, 0xFF, 0xFF, 0xFF, 0xFF, 0xFF, 0xFF, 0xFF, 0xFF, 0xFF, 0xFF, 0xFF, 0xFF, 0xFF, 
0xFF, 0xFF, 0xFF, 0xFF, 0xFF, 0xFF, 0xFF, 0xFF, 0xFF, 0xFF, 0xFF, 0xFF, 0xFF, 0xFF, 0xFF, 0xFF, 
0x00, 0x56, 0xC0, 0x64, 0xA5, 0x29, 0xE6, 0x52, 0x00, 0xBF, 0xCB, 0x00, 0x00, 0xCA, 0xBD, 0x00, 
0x52, 0xE6, 0x2A, 0xA6, 0x66, 0xC0, 0x57, 0x00, 0x00, 0xCA, 0xBD, 0x00, 0x52, 0xE6, 0x2A, 0xA6, 
0x66, 0xC0, 0x57, 0x00, 0x99, 0xCA, 0xE3, 0x6C, 0x11, 0x00, 0x54, 0x86, 0x00, 0x52, 0xBC, 0x00, 
0x00, 0x4E, 0xBC, 0x69, 0x9C, 0x27, 0x00, 0x67, 0xA0, 0x2D, 0xEA, 0x48, 0x00, 0x00, 0xE8, 0x4E, 
0x00, 0xC4, 0xC9, 0x00, 0x00, 0xC5, 0xC9, 0x00, 0x00, 0xC7, 0xC2, 0x00, 0x00, 0xC6, 0xC2, 0x00, 
0x4F, 0xE8, 0x00, 0x00, 0x4B, 0xE9, 0x2D, 0xA0, 0x68, 0x00, 0x28, 0xA0, 0x68, 0xBD, 0x4E, 0x00, 
0x00, 0xBD, 0x4F, 0x00, 0x00, 0xC7, 0xC2, 0x00, 0x00, 0xC6, 0xC2, 0x00, 0x51, 0xE9, 0x00, 0x00, 
0x4B, 0xE9, 0x2D, 0xA0, 0x69, 0x00, 0x28, 0xA0, 0x68, 0xBD, 0x4E, 0x00, 0x00, 0xBD, 0x51, 0x00, 
0x00, 0x00, 0x00, 0x00, 0x00, 0x00, 0x00, 0x10, 0xCC, 0xD1, 0x00, 0x15, 0xC8, 0xD2, 0x6A, 0xFF, 
0xC6, 0x00, 0x70, 0xFF, 0xC7, 0x97, 0xFF, 0x4C, 0x00, 0x9B, 0xFF, 0x5B, 0xB8, 0xC8, 0x00, 0x00, 
0xBB, 0xD6, 0x03, 0xD5, 0x43, 0x00, 0x00, 0xD7, 0x52, 0x00, 0xB0, 0x00, 0x00, 0x00, 0xBD, 0x00, 
0x00, 0x00, 0x00, 0x00, 0x1F, 0xC0, 0x1F, 0x00, 0x00, 0x1F, 0xC0, 0x20, 0x00, 0x00, 0x1E, 0xC0, 
0x21, 0x00, 0x00, 0x1E, 0xC0, 0x21, 0x00, 0x00, 0x00, 0xD4, 0x2B, 0x00, 0x00, 0x00, 0x00, 0xAC, 
0x54, 0x00, 0x00, 0x00, 0x00, 0x56, 0xA9, 0x00, 0x00, 0x00, 0x00, 0x0B, 0xEA, 0x0A, 0x00, 0x00, 
0x00, 0x00, 0xAB, 0x55, 0x00, 0x00, 0x00, 0x00, 0x00, 0x00, 0x56, 0xAA, 0x00, 0x00, 0x00, 0x00, 
0x0A, 0xEA, 0x0A, 0x00, 0x00, 0x00, 0x00, 0xAA, 0x56, 0x00, 0x00, 0x00, 0x00, 0x54, 0xAC, 0x00, 
0x00, 0x00, 0x00, 0x2D, 0xD2, 0x00, 0x00, 0x00, 0x23, 0xC0, 0x1C, 0x00, 0x00, 0x22, 0xC0, 0x1D, 
0x00, 0x00, 0x21, 0xC0, 0x1E, 0x00, 0x00, 0x20, 0xC0, 0x1F, 0x00, 0x00, 0x00, 0x00, 0x00, 0x00, 
0x00, 0x00, 0x00, 0x00, 0x44, 0xBB, 0x00, 0x00, 0x00, 0x00, 0x00, 0x00, 0x01, 0xCA, 0x34, 0x00, 
0x00, 0x00, 0x00, 0x00, 0x00, 0x56, 0xAA, 0x00, 0x00, 0x00, 0x00, 0x00, 0x00, 0x04, 0xD5, 0x26, 
0x00, 0x00, 0x00, 0x00, 0x00, 0x00, 0x67, 0x99, 0x00, 0x00, 0x00, 0x00, 0x00, 0x00, 0x09, 0xDB, 
0x1A, 0x00, 0x00, 0x00, 0x00, 0x00, 0x00, 0x78, 0x88, 0x00, 0x00, 0x00, 0x00, 0x00, 0x00, 0x11, 
0xDD, 0x11, 0x00, 0x00, 0x00, 0x00, 0x00, 0x00, 0x89, 0x77, 0x00, 0x00, 0x00, 0x00, 0x00, 0x00, 
0x1A, 0xDB, 0x09, 0x00, 0x00, 0x00, 0x00, 0x00, 0x00, 0x9A, 0x66, 0x00, 0x00, 0x00, 0x00, 0x00, 
0x00, 0x26, 0xD5, 0x04, 0x00, 0x00, 0x00, 0x00, 0x00, 0x00, 0xAB, 0x55, 0x00, 0x00, 0x00, 0x00, 
0x00, 0x00, 0x34, 0xCA, 0x01, 0x00, 0x00, 0x00, 0x00, 0x00, 0x00, 0xBC, 0x44, 0x00, 0x00, 0x00, 
0x00, 0x00, 0x00, 0x00, 0x00, 0x00, 0x00, 0x00, 0x00, 0x00, 0x00, 0x00, 0x00, 0x8A, 0x66, 0x00, 
0x00, 0x00, 0x00, 0x00, 0x00, 0x00, 0x00, 0x00, 0x00, 0x00, 0x00, 0x00, 0x00, 0x00, 0x88, 0xD7, 
0x05, 0x00, 0x00, 0x00, 0x00, 0x00, 0x00, 0x00, 0x00, 0x00, 0x00, 0x00, 0x00, 0x00, 0x15, 0xAE, 
0xF9, 0x34, 0x00, 0x00, 0x00, 0x00, 0x00, 0x00, 0x00, 0x00, 0x00, 0x00, 0x00, 0x00, 0x00, 0x00, 
0xDF, 0xFF, 0xFF, 0xFF, 0xFF, 0xFF, 0xFF, 0xFF, 0xFF, 0xFF, 0xFF, 0xFF, 0xFF, 0xFF, 0xFF, 0xFF, 
0xFF, 0xFF, 0x17, 0xAC, 0xF8, 0x34, 0x00, 0x00, 0x00, 0x00, 0x00, 0x00, 0x00, 0x00, 0x00, 0x00, 
0x00, 0x00, 0x00, 0x00, 0x00, 0x00, 0x81, 0xDB, 0x05, 0x00, 0x00, 0x00, 0x00, 0x00, 0x00, 0x00, 
0x00, 0x00, 0x00, 0x00, 0x00, 0x00, 0x00, 0x00, 0x00, 0x87, 0x6B, 0x00, 0x00, 0x00, 0x00, 0x00, 
0x00, 0x00, 0x00, 0x00, 0x00, 0x00, 0x00, 0x00, 0x00, 0x00, 0x15, 0xDB, 0x0D, 0x00, 0x00, 0x00, 
0x00, 0xAB, 0xFF, 0x9A, 0x00, 0x00, 0x00, 0x7F, 0xFF, 0xFF, 0xFF, 0x73, 0x00, 0x7B, 0xFB, 0x79, 
0xFF, 0x77, 0xFB, 0x77, 0xBC, 0x30, 0x00, 0xFF, 0x00, 0x30, 0xBA, 0x00, 0x00, 0x00, 0xFF, 0x00, 
0x00, 0x00, 0x00, 0x00, 0x00, 0xFF, 0x00, 0x00, 0x00, 0x00, 0x00, 0x00, 0xFF, 0x00, 0x00, 0x00, 
0x00, 0x00, 0x00, 0xFF, 0x00, 0x00, 0x00, 0x00, 0x00, 0x00, 0xFF, 0x00, 0x00, 0x00, 0x00, 0x00, 
0x00, 0xFF, 0x00, 0x00, 0x00, 0x00, 0x00, 0x00, 0xFF, 0x00, 0x00, 0x00, 0x00, 0x00, 0x00, 0xFF, 
0x00, 0x00, 0x00, 0x00, 0x00, 0x00, 0xFF, 0x00, 0x00, 0x00, 0x00, 0x00, 0x00, 0xFF, 0x00, 0x00, 
0x00, 0x00, 0x00, 0x00, 0xFF, 0x00, 0x00, 0x00, 0x00, 0x00, 0x00, 0xFF, 0x00, 0x00, 0x00, 0x00, 
0x00, 0x00, 0x00, 0x00, 0x00, 0x00, 0x00, 0x00, 0x00, 0x00, 0x00, 0x00, 0x67, 0x89, 0x00, 0x00, 
0x00, 0x00, 0x00, 0x00, 0x00, 0x00, 0x00, 0x00, 0x00, 0x00, 0x00, 0x00, 0x00, 0x00, 0x05, 0xD7, 
0x88, 0x00, 0x00, 0x00, 0x00, 0x00, 0x00, 0x00, 0x00, 0x00, 0x00, 0x00, 0x00, 0x00, 0x00, 0x00, 
0x00, 0x33, 0xF8, 0xAF, 0x16, 0xFF, 0xFF, 0xFF, 0xFF, 0xFF, 0xFF, 0xFF, 0xFF, 0xFF, 0xFF, 0xFF, 
0xFF, 0xFF, 0xFF, 0xFF, 0xFF, 0xFF, 0xDF, 0x00, 0x00, 0x00, 0x00, 0x00, 0x00, 0x00, 0x00, 0x00, 
0x00, 0x00, 0x00, 0x00, 0x00, 0x33, 0xF9, 0xAA, 0x16, 0x00, 0x00, 0x00, 0x00, 0x00, 0x00, 0x00, 
0x00, 0x00, 0x00, 0x00, 0x00, 0x00, 0x04, 0xD9, 0x7F, 0x00, 0x00, 0x00, 0x00, 0x00, 0x00, 0x00, 
0x00, 0x00, 0x00, 0x00, 0x00, 0x00, 0x00, 0x00, 0x68, 0x86, 0x00, 0x00, 0x00, 0x00, 0x00, 0x00, 
0xFF, 0x00, 0x00, 0x00, 0x00, 0x00, 0x00, 0xFF, 0x00, 0x00, 0x00, 0x00, 0x00, 0x00, 0xFF, 0x00, 
0x00, 0x00, 0x00, 0x00, 0x00, 0xFF, 0x00, 0x00, 0x00, 0x00, 0x00, 0x00, 0xFF, 0x00, 0x00, 0x00, 
0x00, 0x00, 0x00, 0xFF, 0x00, 0x00, 0x00, 0x00, 0x00, 0x00, 0xFF, 0x00, 0x00, 0x00, 0x00, 0x00, 
0x00, 0xFF, 0x00, 0x00, 0x00, 0x00, 0x00, 0x00, 0xFF, 0x00, 0x00, 0x00, 0x00, 0x00, 0x00, 0xFF, 
0x00, 0x00, 0x00, 0x00, 0x00, 0x00, 0xFF, 0x00, 0x00, 0x00, 0x00, 0x00, 0x00, 0xFF, 0x00, 0x00, 
0x00, 0xBD, 0x32, 0x00, 0xFF, 0x00, 0x30, 0xB9, 0x7C, 0xFB, 0x79, 0xFF, 0x76, 0xFB, 0x78, 0x00, 
0x81, 0xFF, 0xFF, 0xFF, 0x75, 0x00, 0x00, 0x00, 0xAD, 0xFF, 0x9D, 0x00, 0x00, 0x00, 0x00, 0x15, 
0xDC, 0x0D, 0x00, 0x00, 0x00, 0x00, 0x00, 0x93, 0x5F, 0x00, 0x00, 0x00, 0x00, 0x00, 0x00, 0x00, 
0x00, 0x61, 0x93, 0x00, 0x00, 0x00, 0x00, 0x00, 0x87, 0xD6, 0x03, 0x00, 0x00, 0x00, 0x00, 0x00, 
0x00, 0x00, 0x00, 0x04, 0xD6, 0x86, 0x00, 0x00, 0x11, 0xA7, 0xF7, 0x2F, 0x00, 0x00, 0x00, 0x00, 
0x00, 0x00, 0x00, 0x00, 0x00, 0x00, 0x2F, 0xF7, 0xA7, 0x11, 0xDD, 0xFF, 0xFF, 0xFF, 0xFF, 0xFF, 
0xFF, 0xFF, 0xFF, 0xFF, 0xFF, 0xFF, 0xFF, 0xFF, 0xFF, 0xFF, 0xFF, 0xDD, 0x13, 0xAB, 0xF7, 0x2E, 
0x00, 0x00, 0x00, 0x00, 0x00, 0x00, 0x00, 0x00, 0x00, 0x00, 0x2F, 0xF7, 0xAB, 0x13, 0x00, 0x00, 
0x8A, 0xD6, 0x03, 0x00, 0x00, 0x00, 0x00, 0x00, 0x00, 0x00, 0x00, 0x04, 0xD6, 0x8A, 0x00, 0x00, 
0x00, 0x00, 0x00, 0x94, 0x5F, 0x00, 0x00, 0x00, 0x00, 0x00, 0x00, 0x00, 0x00, 0x60, 0x94, 0x00, 
0x00, 0x00, 0x00, 0x00, 0x11, 0xDE, 0x11, 0x00, 0x00, 0x00, 0x00, 0xA2, 0xFF, 0xA2, 0x00, 0x00, 
0x00, 0x77, 0xFF, 0xFF, 0xFF, 0x76, 0x00, 0x78, 0xFC, 0x7B, 0xFF, 0x7A, 0xFC, 0x78, 0xBE, 0x37, 
0x00, 0xFF, 0x00, 0x37, 0xBE, 0x00, 0x00, 0x00, 0xFF, 0x00, 0x00, 0x00, 0x00, 0x00, 0x00, 0xFF, 
0x00, 0x00, 0x00, 0x00, 0x00, 0x00, 0xFF, 0x00, 0x00, 0x00, 0x00, 0x00, 0x00, 0xFF, 0x00, 0x00, 
0x00, 0x00, 0x00, 0x00, 0xFF, 0x00, 0x00, 0x00, 0x00, 0x00, 0x00, 0xFF, 0x00, 0x00, 0x00, 0x00, 
0x00, 0x00, 0xFF, 0x00, 0x00, 0x00, 0x00, 0x00, 0x00, 0xFF, 0x00, 0x00, 0x00, 0xBE, 0x38, 0x00, 
0xFF, 0x00, 0x38, 0xBD, 0x79, 0xFC, 0x7C, 0xFF, 0x7D, 0xFC, 0x79, 0x00, 0x79, 0xFF, 0xFF, 0xFF, 
0x78, 0x00, 0x00, 0x00, 0xA4, 0xFF, 0xA4, 0x00, 0x00, 0x00, 0x00, 0x11, 0xDE, 0x11, 0x00, 0x00, 
0xFF, 0xFF, 0xFF, 0xFF, 0xFF, 0xFF, 0xFF, 0xFF, 0xFF, 0xFF, 0x00, 0x00, 0x00, 0x00, 0x00, 0x00, 
0x00, 0x44, 0xBB, 0x00, 0x00, 0x00, 0x00, 0x00, 0x00, 0x01, 0xCA, 0x34, 0x00, 0x00, 0x00, 0x00, 
0x00, 0x00, 0x56, 0xAA, 0x00, 0x00, 0x00, 0x00, 0x00, 0x00, 0x04, 0xD5, 0x26, 0x00, 0x00, 0x00, 
0x00, 0x00, 0x00, 0x67, 0x99, 0x00, 0x00, 0x00, 0x00, 0x00, 0x00, 0x09, 0xDB, 0x1A, 0x00, 0x00, 
0x00, 0x00, 0x00, 0x00, 0x78, 0x88, 0x00, 0x00, 0x00, 0x00, 0x00, 0x00, 0x11, 0xDD, 0x11, 0x00, 
0x00, 0x00, 0x00, 0x00, 0x00, 0x89, 0x77, 0x00, 0x00, 0x00, 0x00, 0x00, 0x00, 0x1A, 0xDB, 0x09, 
0x00, 0x00, 0x00, 0x00, 0x00, 0x00, 0x9A, 0x66, 0x00, 0x00, 0x00, 0x00, 0x00, 0x00, 0x26, 0xD5, 
0x04, 0x00, 0x00, 0x00, 0x00, 0x00, 0x00, 0xAB, 0x55, 0x00, 0x00, 0x00, 0x00, 0x00, 0x00, 0x34, 
0xCA, 0x01, 0x00, 0x00, 0x00, 0x00, 0x00, 0x00, 0xBC, 0x44, 0x00, 0x00, 0x00, 0x00, 0x00, 0x00, 
0x00, 0xB5, 0x00, 0x00, 0x00, 0x00, 0x00, 0x00, 0x00, 0x00, 0x00, 0x0B, 0xE7, 0x00, 0x00, 0x00, 
0x00, 0x00, 0x00, 0x00, 0x00, 0x00, 0x37, 0xBE, 0x00, 0x00, 0x00, 0x00, 0x00, 0x00, 0x00, 0x00, 
0x00, 0x63, 0x93, 0x00, 0x00, 0x00, 0x00, 0x00, 0x00, 0x00, 0x00, 0x00, 0x8F, 0x68, 0x00, 0x00, 
0x00, 0x00, 0x00, 0x00, 0x00, 0x00, 0x00, 0xBB, 0x3C, 0x00, 0x00, 0x00, 0x00, 0x00, 0x00, 0x00, 
0x00, 0x00, 0xE6, 0x11, 0x00, 0x00, 0x00, 0x00, 0x00, 0x00, 0x00, 0x00, 0x13, 0xE6, 0x00, 0x00, 
0x00, 0x06, 0x2F, 0x00, 0x00, 0x00, 0x00, 0x40, 0xBB, 0x00, 0x03, 0x61, 0xD8, 0xDB, 0x07, 0x00, 
0x00, 0x00, 0x6C, 0x8F, 0x00, 0x0F, 0x95, 0x1D, 0x83, 0x65, 0x00, 0x00, 0x00, 0x98, 0x64, 0x00, 
0x00, 0x00, 0x00, 0x14, 0xD0, 0x02, 0x00, 0x00, 0xC4, 0x39, 0x00, 0x00, 0x00, 0x00, 0x00, 0x93, 
0x55, 0x00, 0x00, 0xEE, 0x0F, 0x00, 0x00, 0x00, 0x00, 0x00, 0x1F, 0xC8, 0x00, 0x1C, 0xE2, 0x00, 
0x00, 0x00, 0x00, 0x00, 0x00, 0x00, 0xA3, 0x44, 0x48, 0xB7, 0x00, 0x00, 0x00, 0x00, 0x00, 0x00, 
0x00, 0x2C, 0xBA, 0x75, 0x8C, 0x00, 0x00, 0x00, 0x00, 0x00, 0x00, 0x00, 0x00, 0xB3, 0xD0, 0x60, 
0x00, 0x00, 0x00, 0x00, 0x00, 0x00, 0x00, 0x00, 0x3C, 0xFF, 0x35, 0x00, 0x00, 0x00, 0x00, 0x00, 
0x00, 0x00, 0x00, 0x00, 0xC2, 0x0C, 0x00, 0x00, 0x00, 0x00, 0x00, 0x00, 0x00, 0x00, 0x00, 0x2F, 
0x00, 0x00, 0x00, 0x00, 0x00, 0x00, 0x00, 0x00, 0x00, 0x01, 0x78, 0xE0, 0xF8, 0xCC, 0x43, 0x00, 
0x08, 0x8E, 0xE8, 0xED, 0x85, 0x02, 0x71, 0xF6, 0x4E, 0x0C, 0x57, 0xEE, 0x3E, 0x92, 0x69, 0x0B, 
0x0A, 0x60, 0x7F, 0xED, 0x7E, 0x00, 0x00, 0x00, 0x69, 0xBF, 0xE9, 0x09, 0x00, 0x00, 0x00, 0x7E, 
0xF8, 0x14, 0x00, 0x00, 0x00, 0x17, 0xF5, 0xE7, 0x0B, 0x00, 0x00, 0x00, 0x58, 0xCD, 0x00, 0x00, 
0x00, 0x00, 0x11, 0xF4, 0x88, 0x6A, 0x09, 0x12, 0x57, 0xC3, 0x59, 0x42, 0x00, 0x00, 0x00, 0x56, 
0xBD, 0x05, 0x7D, 0xDE, 0xF6, 0xC3, 0x2F, 0x00, 0x8C, 0x41, 0x0B, 0x4A, 0xE4, 0x3D, 0x00, 0x00, 
0x00, 0x00, 0x00, 0x00, 0x00, 0x0B, 0x9D, 0xF2, 0xD6, 0x48, 0x00, 0x0A, 0x90, 0xEC, 0xE5, 0x86, 
0x15, 0x00, 0x00, 0x00, 0x21, 0xE6, 0x99, 0xBC, 0x1B, 0x1F, 0x85, 0xE6, 0x85, 0x18, 0x1A, 0xB6, 
0x90, 0xED, 0x28, 0x00, 0x00, 0x00, 0x13, 0x87, 0xE6, 0xEA, 0x92, 0x09, 0x00, 0x00, 0x00, 0x00, 
0x00, 0x00, 0x00, 0x00, 0x00, 0x00, 0x00, 0x00, 0x00, 0x00, 0x00, 0x00, 0x00, 0x00, 0x00, 0x00, 
0x00, 0x00, 0x09, 0x91, 0xEC, 0xE5, 0x85, 0x14, 0x00, 0x00, 0x00, 0x21, 0xE6, 0x97, 0xBC, 0x1B, 
0x1F, 0x85, 0xE4, 0x80, 0x17, 0x19, 0xB4, 0x90, 0xED, 0x28, 0x00, 0x00, 0x00, 0x14, 0x8B, 0xE6, 
0xEA, 0x92, 0x09, 0x00, 0x00, 0x00, 0x00, 0x00, 0x00, 0x00, 0xB1, 0x4B, 0x00, 0x00, 0x00, 0x00, 
0x00, 0x00, 0x00, 0x00, 0x15, 0xE2, 0x03, 0x00, 0x00, 0x00, 0x00, 0x00, 0x00, 0x00, 0x00, 0x71, 
0x8B, 0x00, 0x00, 0x00, 0x00, 0x00, 0x00, 0x00, 0x00, 0x00, 0xD0, 0x2B, 0x00, 0x00, 0x00, 0x00, 
0x00, 0x00, 0x00, 0x00, 0x2F, 0xCB, 0x00, 0x00, 0x00, 0x00, 0xFF, 0xFF, 0xFF, 0xFF, 0xFF, 0xFF, 
0xFF, 0xFF, 0xFF, 0xFF, 0xFF, 0x00, 0x00, 0x00, 0x00, 0x05, 0xE4, 0x12, 0x00, 0x00, 0x00, 0x00, 
0x00, 0x00, 0x00, 0x00, 0x51, 0xAB, 0x00, 0x00, 0x00, 0x00, 0x00, 0x00, 0x00, 0x00, 0x00, 0xB0, 
0x4B, 0x00, 0x00, 0x00, 0x00, 0x00, 0xFF, 0xFF, 0xFF, 0xFF, 0xFF, 0xFF, 0xFF, 0xFF, 0xFF, 0xFF, 
0xFF, 0x00, 0x00, 0x00, 0x71, 0x8B, 0x00, 0x00, 0x00, 0x00, 0x00, 0x00, 0x00, 0x00, 0x00, 0xD0, 
0x2B, 0x00, 0x00, 0x00, 0x00, 0x00, 0x00, 0x00, 0x00, 0x30, 0xCB, 0x00, 0x00, 0x00, 0x00, 0x00, 
0x00, 0x00, 0x00, 0x00, 0x91, 0x6B, 0x00, 0x00, 0x00, 0x00, 0x00, 0x00, 0x00, 0x00, 0x05, 0xE4, 
0x12, 0x00, 0x00, 0x00, 0x00, 0x00, 0x00, 0x00, 0x00, 0x50, 0xAB, 0x00, 0x00, 0x00, 0x00, 0x00, 
0x00, 0x00, 0x00, 0x00, 0x00, 0x00, 0x00, 0x0C, 0x33, 0x40, 0x1E, 0x00, 0x00, 0x00, 0x00, 0x00, 
0x00, 0x00, 0x18, 0x9F, 0xE3, 0xB8, 0xAB, 0xD2, 0xCA, 0x4D, 0x00, 0x00, 0x00, 0x00, 0x32, 0xDE, 
0x69, 0x07, 0x00, 0x00, 0x00, 0x2F, 0xC8, 0x87, 0x00, 0x00, 0x0F, 0xDA, 0x3A, 0x00, 0x00, 0x00, 
0x00, 0x00, 0x00, 0x05, 0xC2, 0x5A, 0x00, 0x76, 0x87, 0x00, 0x0A, 0x01, 0x00, 0x00, 0x00, 0x0C, 
0x00, 0x1F, 0xDC, 0x02, 0xCF, 0x20, 0x00, 0xD8, 0x7C, 0x00, 0x00, 0x15, 0xFB, 0x44, 0x00, 0xB4, 
0x3E, 0xE7, 0x00, 0x00, 0x42, 0x1D, 0x00, 0x00, 0x00, 0x53, 0x0B, 0x00, 0x87, 0x64, 0xE7, 0x00, 
0x00, 0x00, 0x00, 0x00, 0x00, 0x00, 0x00, 0x00, 0x00, 0x8B, 0x60, 0xC7, 0x2A, 0x00, 0x28, 0x09, 
0x00, 0x00, 0x00, 0x32, 0x01, 0x00, 0xBE, 0x37, 0x68, 0x97, 0x00, 0x48, 0xAF, 0x20, 0x0A, 0x63, 
0xAD, 0x00, 0x2D, 0xD5, 0x00, 0x07, 0xCD, 0x50, 0x00, 0x48, 0xBA, 0xCC, 0x87, 0x08, 0x10, 0xD1, 
0x47, 0x00, 0x00, 0x21, 0xD3, 0x88, 0x17, 0x00, 0x00, 0x03, 0x4F, 0xD9, 0x6B, 0x00, 0x00, 0x00, 
0x00, 0x0B, 0x7F, 0xDD, 0xD7, 0xCA, 0xE7, 0xAC, 0x34, 0x00, 0x00, 0x00, 0x00, 0x00, 0x00, 0x00, 
0x00, 0x11, 0x1D, 0x03, 0x00, 0x00, 0x00, 0x00, 0x00, 0x00, 0x00, 0x00, 0x00, 0x03, 0x29, 0x43, 
0x2B, 0x04, 0x00, 0x00, 0x00, 0x00, 0x00, 0x00, 0x03, 0x77, 0xE3, 0xFF, 0xFF, 0xFF, 0xE6, 0x7C, 
0x05, 0x00, 0x00, 0x00, 0x0A, 0xC1, 0xFF, 0xFF, 0xFF, 0xFF, 0xFF, 0xFF, 0xFF, 0xC8, 0x0E, 0x00, 
0x00, 0x9F, 0xFF, 0xFF, 0xFF, 0xFF, 0xFF, 0xFF, 0xFF, 0xFF, 0xFF, 0xAA, 0x00, 0x27, 0xFF, 0xFF, 
0xFE, 0xF6, 0xFF, 0xFF, 0xFF, 0xF7, 0xFC, 0xFF, 0xFF, 0x32, 0x7F, 0xFF, 0xFF, 0x77, 0x33, 0xFF, 
0xFF, 0xFF, 0x3E, 0x6B, 0xFF, 0xFF, 0x8E, 0xA5, 0xFF, 0xFF, 0xDE, 0xC2, 0xFF, 0xFF, 0xFF, 0xC6, 
0xD9, 0xFF, 0xFF, 0xB4, 0xA1, 0xFF, 0xFF, 0xFF, 0xFF, 0xFF, 0xFF, 0xFF, 0xFF, 0xFF, 0xFF, 0xFF, 
0xB0, 0x77, 0xFF, 0xFF, 0xF2, 0xDB, 0xFF, 0xFF, 0xFF, 0xDD, 0xEE, 0xFF, 0xFF, 0x87, 0x1B, 0xFC, 
0xFF, 0xEE, 0x3A, 0xC2, 0xF8, 0xC8, 0x39, 0xE6, 0xFF, 0xFF, 0x28, 0x00, 0x86, 0xFF, 0xFF, 0xDF, 
0x5C, 0x30, 0x58, 0xDA, 0xFF, 0xFF, 0x95, 0x00, 0x00, 0x03, 0xA4, 0xFF, 0xFF, 0xFF, 0xFF, 0xFF, 
0xFF, 0xFF, 0xAE, 0x07, 0x00, 0x00, 0x00, 0x00, 0x58, 0xC6, 0xFE, 0xFF, 0xFE, 0xCB, 0x5E, 0x00, 
0x00, 0x00, 0x00, 0x00, 0x00, 0x00, 0x00, 0x07, 0x1F, 0x09, 0x00, 0x00, 0x00, 0x00, 0x00, 0x00, 
0x00, 0x00, 0x00, 0x00, 0x00, 0x00, 0x00, 0x48, 0x52, 0x00, 0x00, 0x00, 0x00, 0x00, 0x00, 0x00, 
0x00, 0x00, 0x00, 0x00, 0x00, 0x00, 0x00, 0x00, 0x00, 0x00, 0x58, 0x64, 0x00, 0x00, 0x00, 0x00, 
0x00, 0x00, 0x00, 0x00, 0x00, 0x00, 0x01, 0x9F, 0x0F, 0x00, 0x00, 0x00, 0x00, 0x58, 0x64, 0x00, 
0x00, 0x00, 0x00, 0x0C, 0xA1, 0x05, 0x00, 0x00, 0x00, 0x00, 0x41, 0xC2, 0x12, 0x00, 0x07, 0x46, 
0xA6, 0xAE, 0x4C, 0x0D, 0x00, 0x0E, 0xBB, 0x42, 0x00, 0x00, 0x00, 0x00, 0x00, 0x00, 0x43, 0xC8, 
0x65, 0xC0, 0x72, 0x3D, 0x3D, 0x73, 0xCA, 0x67, 0xBF, 0x42, 0x00, 0x00, 0x00, 0x00, 0x00, 0x00, 
0x00, 0x00, 0x85, 0xA0, 0x08, 0x00, 0x00, 0x00, 0x00, 0x09, 0xA3, 0x8C, 0x00, 0x00, 0x00, 0x00, 
0x00, 0x00, 0x00, 0x00, 0x15, 0xBB, 0x04, 0x00, 0x00, 0x00, 0x00, 0x00, 0x00, 0x05, 0xC3, 0x1C, 
0x00, 0x00, 0x00, 0x00, 0x00, 0x00, 0x00, 0x74, 0x53, 0x00, 0x00, 0x00, 0x00, 0x00, 0x00, 0x00, 
0x00, 0x55, 0x80, 0x00, 0x00, 0x00, 0x00, 0x2C, 0x2C, 0x2C, 0xB7, 0x15, 0x00, 0x00, 0x00, 0x00, 
0x00, 0x00, 0x00, 0x00, 0x17, 0xBC, 0x20, 0x20, 0x20, 0x01, 0x80, 0x80, 0x80, 0xD4, 0x0B, 0x00, 
0x00, 0x00, 0x00, 0x00, 0x00, 0x00, 0x00, 0x0C, 0xDE, 0x8C, 0x8C, 0x8C, 0x04, 0x00, 0x00, 0x00, 
0x7B, 0x36, 0x00, 0x00, 0x00, 0x00, 0x00, 0x00, 0x00, 0x00, 0x38, 0x90, 0x00, 0x00, 0x00, 0x00, 
0x00, 0x00, 0x00, 0x30, 0x99, 0x00, 0x00, 0x00, 0x00, 0x00, 0x00, 0x00, 0x00, 0x9E, 0x37, 0x00, 
0x00, 0x00, 0x00, 0x00, 0x00, 0x00, 0x00, 0x9D, 0x4C, 0x00, 0x00, 0x00, 0x00, 0x00, 0x00, 0x50, 
0xA8, 0x00, 0x00, 0x00, 0x00, 0x00, 0x00, 0x00, 0x00, 0x0D, 0xC0, 0xBB, 0x83, 0x16, 0x00, 0x00, 
0x17, 0x85, 0xBD, 0xC7, 0x14, 0x00, 0x00, 0x00, 0x00, 0x00, 0x00, 0x0D, 0xBD, 0x4A, 0x00, 0x47, 
0xA2, 0xC2, 0xC7, 0xAB, 0x51, 0x00, 0x3C, 0xC3, 0x12, 0x00, 0x00, 0x00, 0x00, 0x01, 0xB5, 0x40, 
0x00, 0x00, 0x00, 0x00, 0x58, 0x64, 0x00, 0x00, 0x00, 0x00, 0x3A, 0xBD, 0x04, 0x00, 0x00, 0x00, 
0x00, 0x10, 0x00, 0x00, 0x00, 0x00, 0x00, 0x58, 0x64, 0x00, 0x00, 0x00, 0x00, 0x00, 0x13, 0x00, 
0x00, 0x00, 0x00, 0x00, 0x00, 0x00, 0x00, 0x00, 0x00, 0x00, 0x58, 0x64, 0x00, 0x00, 0x00, 0x00, 
0x00, 0x00, 0x00, 0x00, 0x00, 0x00, 0x00, 0x00, 0x00, 0x00, 0x00, 0x00, 0x00, 0x0F, 0x11, 0x00, 
0x00, 0x00, 0x00, 0x00, 0x00, 0x00, 0x00, 0x00, 0x00, 0x00, 0x01, 0x45, 0x8A, 0x8C, 0x8A, 0x41, 
0x00, 0x00, 0x00, 0x00, 0x0E, 0x98, 0x53, 0x04, 0x00, 0x04, 0x55, 0x95, 0x0D, 0x00, 0x00, 0x92, 
0x18, 0x00, 0x00, 0x00, 0x00, 0x00, 0x1B, 0x93, 0x00, 0x32, 0x5D, 0x00, 0x00, 0x00, 0x00, 0x00, 
0x00, 0x00, 0x64, 0x32, 0x7C, 0x0A, 0x00, 0x00, 0x00, 0x00, 0x00, 0x00, 0x00, 0x0D, 0x7C, 0x81, 
0x00, 0x00, 0x00, 0x00, 0x00, 0x00, 0x00, 0x00, 0x00, 0x88, 0x72, 0x0F, 0x00, 0x00, 0x00, 0x00, 
0x00, 0x00, 0x00, 0x13, 0x78, 0x20, 0x69, 0x00, 0x00, 0x00, 0x00, 0x00, 0x00, 0x00, 0x6D, 0x27, 
0x00, 0x78, 0x31, 0x00, 0x00, 0x00, 0x00, 0x00, 0x34, 0x7C, 0x00, 0x00, 0x02, 0x74, 0x72, 0x1F, 
0x05, 0x20, 0x75, 0x79, 0x01, 0x00, 0x00, 0x00, 0x00, 0x18, 0x64, 0xC8, 0x65, 0x1D, 0x00, 0x00, 
0x00, 0x00, 0x00, 0x00, 0x00, 0x00, 0x94, 0x00, 0x00, 0x00, 0x00, 0x00, 0x00, 0x00, 0x00, 0x00, 
0x00, 0x94, 0x00, 0x00, 0x00, 0x00, 0x00, 0x00, 0x00, 0x00, 0x00, 0x00, 0x94, 0x00, 0x00, 0x00, 
0x00, 0x00, 0x2B, 0x94, 0x94, 0x94, 0x94, 0xD2, 0x94, 0x94, 0x94, 0x94, 0x25, 0x00, 0x00, 0x00, 
0x00, 0x00, 0x94, 0x00, 0x00, 0x00, 0x00, 0x00, 0x00, 0x00, 0x00, 0x00, 0x00, 0x94, 0x00, 0x00, 
0x00, 0x00, 0x00, 0x00, 0x00, 0x00, 0x00, 0x00, 0x94, 0x00, 0x00, 0x00, 0x00, 0x00, 0x00, 0x00, 
0x00, 0x00, 0x00, 0x94, 0x00, 0x00, 0x00, 0x00, 0x00, 0x00, 0x00, 0x00, 0x00, 0x00, 0x29, 0x00, 
0x00, 0x00, 0x00, 0x00, 0x00, 0x00, 0x00, 0x00, 0x00, 0x00, 0x00, 0x00, 0x00, 0x28, 0xA2, 0x39, 
0x00, 0x00, 0x00, 0x00, 0x00, 0x00, 0x00, 0x00, 0x2A, 0x94, 0x7C, 0xBA, 0x83, 0x00, 0x00, 0x00, 
0x00, 0x00, 0x00, 0x2C, 0x95, 0x77, 0x0D, 0x50, 0x51, 0x98, 0x00, 0x00, 0x00, 0x00, 0x00, 0x05, 
0x71, 0x0C, 0x00, 0x00, 0x9F, 0x02, 0x8F, 0x07, 0x00, 0x00, 0x00, 0x00, 0x00, 0x00, 0x00, 0x00, 
0x3F, 0x62, 0x00, 0x58, 0x3E, 0x00, 0x00, 0x00, 0x00, 0x00, 0x00, 0x00, 0x00, 0x9B, 0x06, 0x00, 
0x19, 0x7B, 0x00, 0x00, 0x00, 0x00, 0x00, 0x00, 0x00, 0x2E, 0x72, 0x00, 0x00, 0x00, 0x88, 0x00, 
0x00, 0x00, 0x00, 0x00, 0x00, 0x00, 0x95, 0x0D, 0x00, 0x00, 0x00, 0x00, 0x00, 0x00, 0x06, 0x5D, 
0x8D, 0x8C, 0x83, 0x8A, 0x00, 0x00, 0x00, 0x00, 0x00, 0x00, 0x28, 0x9D, 0x3B, 0x00, 0x00, 0x17, 
0x7B, 0x61, 0x00, 0x00, 0x00, 0x00, 0x12, 0x98, 0x03, 0x00, 0x00, 0x00, 0x00, 0x00, 0x56, 0x50, 
0x00, 0x00, 0x00, 0x81, 0x1A, 0x00, 0x00, 0x00, 0x00, 0x00, 0x00, 0x00, 0x90, 0x02, 0x00, 0x00, 
0x8F, 0x00, 0x00, 0x00, 0x00, 0x00, 0x00, 0x00, 0x00, 0x5B, 0x2E, 0x00, 0x00, 0x87, 0x00, 0x00, 
0x00, 0x00, 0x00, 0x00, 0x00, 0x00, 0x3F, 0x47, 0x00, 0x00, 0x85, 0x00, 0x00, 0x00, 0x00, 0x00, 
0x00, 0x00, 0x00, 0x5C, 0x2A, 0x00, 0x00, 0x6C, 0x21, 0x00, 0x00, 0x00, 0x00, 0x00, 0x00, 0x00, 
0x8E, 0x00, 0x00, 0x00, 0x09, 0x98, 0x0B, 0x00, 0x00, 0x00, 0x00, 0x00, 0x6A, 0x44, 0x00, 0x00, 
0x00, 0x00, 0x1A, 0x95, 0x4E, 0x0A, 0x02, 0x2B, 0x8A, 0x52, 0x00, 0x00, 0x00, 0x00, 0x00, 0x00, 
0x00, 0x3C, 0x79, 0x82, 0x5C, 0x0B, 0x00, 0x00, 0x00, 0x00, 0x00, 0x00, 0x00, 0x00, 0x00, 0x55, 
0x09, 0x00, 0x00, 0x00, 0x00, 0x00, 0x00, 0x00, 0x01, 0xCC, 0x62, 0x00, 0x00, 0x00, 0x00, 0x00, 
0x00, 0x00, 0x7E, 0xFF, 0xEB, 0x1F, 0x00, 0x00, 0x00, 0x00, 0x00, 0x6E, 0xFE, 0xFF, 0xFF, 0xDD, 
0x1D, 0x00, 0x00, 0x00, 0x81, 0xFF, 0xFF, 0xFF, 0xFF, 0xFF, 0xDE, 0x20, 0x00, 0x69, 0xFF, 0xFF, 
0xFF, 0xFF, 0xFF, 0xFF, 0xFF, 0xD7, 0x0A, 0xE4, 0xFF, 0xFF, 0xFF, 0xFF, 0xFF, 0xFF, 0xFF, 0xFF, 
0x60, 0xEE, 0xFF, 0xFF, 0xFF, 0xDF, 0xF6, 0xFF, 0xFF, 0xFF, 0x6E, 0x76, 0xFF, 0xFF, 0xD9, 0x70, 
0x5F, 0xFB, 0xFF, 0xE0, 0x15, 0x00, 0x2A, 0x41, 0x06, 0xA0, 0x32, 0x1E, 0x43, 0x0C, 0x00, 0x00, 
0x00, 0x00, 0x40, 0xFB, 0xC1, 0x0B, 0x00, 0x00, 0x00, 0x07, 0x66, 0xA1, 0xFA, 0xFF, 0xFF, 0xE3, 
0x8A, 0x3C, 0x00, 0x00, 0x00, 0x00, 0x00, 0x2B, 0xC5, 0xF7, 0xCD, 0x36, 0x00, 0x00, 0x00, 0x00, 
0x00, 0x00, 0x00, 0x01, 0xDA, 0xFF, 0xFF, 0xFF, 0xE9, 0x0B, 0x00, 0x00, 0x00, 0x00, 0x00, 0x00, 
0x1C, 0xFF, 0xFF, 0xFF, 0xFF, 0xFF, 0x36, 0x00, 0x00, 0x00, 0x00, 0x00, 0x07, 0x0C, 0xF0, 0xFF, 
0xFF, 0xFF, 0xF7, 0x19, 0x0B, 0x00, 0x00, 0x00, 0x79, 0xF9, 0xF3, 0xE5, 0xFF, 0xFF, 0xFF, 0xEA, 
0xF2, 0xFD, 0x98, 0x01, 0x36, 0xFF, 0xFF, 0xFF, 0xFF, 0xFF, 0xFF, 0xFF, 0xFF, 0xFF, 0xFF, 0xFF, 
0x55, 0x6C, 0xFF, 0xFF, 0xFF, 0xFF, 0xFF, 0xFF, 0xFF, 0xFF, 0xFF, 0xFF, 0xFF, 0x88, 0x45, 0xFF, 
0xFF, 0xFF, 0xFF, 0xF9, 0x88, 0xEE, 0xFF, 0xFF, 0xFF, 0xFF, 0x5F, 0x00, 0x9E, 0xFF, 0xFF, 0xF2, 
0x53, 0x8A, 0x38, 0xDF, 0xFF, 0xFF, 0xB4, 0x03, 0x00, 0x00, 0x2D, 0x47, 0x10, 0x19, 0xF8, 0x2F, 
0x08, 0x44, 0x36, 0x01, 0x00, 0x00, 0x00, 0x00, 0x00, 0x0C, 0xBE, 0xFF, 0xD4, 0x1B, 0x00, 0x00, 
0x00, 0x00, 0x00, 0x00, 0x32, 0x91, 0xE6, 0xFF, 0xFF, 0xFF, 0xF4, 0x9F, 0x46, 0x00, 0x00, 0x21, 
0xC1, 0xF7, 0xC4, 0x29, 0x00, 0x63, 0xE5, 0xF0, 0x8F, 0x02, 0xBE, 0xFF, 0xFF, 0xFF, 0xDF, 0x45, 
0xFE, 0xFF, 0xFF, 0xFF, 0x65, 0xF4, 0xFF, 0xFF, 0xFF, 0xFF, 0xEB, 0xFF, 0xFF, 0xFF, 0xFF, 0x9A, 
0xD1, 0xFF, 0xFF, 0xFF, 0xFF, 0xFF, 0xFF, 0xFF, 0xFF, 0xFF, 0x76, 0x63, 0xFF, 0xFF, 0xFF, 0xFF, 
0xFF, 0xFF, 0xFF, 0xFF, 0xF6, 0x1C, 0x02, 0xC1, 0xFF, 0xFF, 0xFF, 0xFF, 0xFF, 0xFF, 0xFF, 0x7A, 
0x00, 0x00, 0x1B, 0xEA, 0xFF, 0xFF, 0xFF, 0xFF, 0xFF, 0xBF, 0x02, 0x00, 0x00, 0x00, 0x47, 0xFE, 
0xFF, 0xFF, 0xFF, 0xE8, 0x18, 0x00, 0x00, 0x00, 0x00, 0x00, 0x8B, 0xFF, 0xFF, 0xFE, 0x42, 0x00, 
0x00, 0x00, 0x00, 0x00, 0x00, 0x07, 0xD8, 0xFF, 0x96, 0x00, 0x00, 0x00, 0x00, 0x00, 0x00, 0x00, 
0x00, 0x50, 0xF3, 0x13, 0x00, 0x00, 0x00, 0x00, 0x00, 0x00, 0x00, 0x00, 0x01, 0x7C, 0x00, 0x00, 
0x00, 0x00, 0x00, 0x00, 0x00, 0x00, 0x00, 0x00, 0x04, 0x00, 0x00, 0x00, 0x00, 0x00, 0x00, 0x00, 
0x00, 0x05, 0x9C, 0x02, 0x00, 0x00, 0x00, 0x00, 0x00, 0x00, 0x7B, 0xFF, 0x6F, 0x00, 0x00, 0x00, 
0x00, 0x00, 0x33, 0xFA, 0xFF, 0xF6, 0x2A, 0x00, 0x00, 0x00, 0x0F, 0xDC, 0xFF, 0xFF, 0xFF, 0xD2, 
0x09, 0x00, 0x01, 0xAF, 0xFF, 0xFF, 0xFF, 0xFF, 0xFF, 0xA3, 0x00, 0x82, 0xFF, 0xFF, 0xFF, 0xFF, 
0xFF, 0xFF, 0xFF, 0x76, 0xAB, 0xFF, 0xFF, 0xFF, 0xFF, 0xFF, 0xFF, 0xFF, 0x9B, 0x0C, 0xD4, 0xFF, 
0xFF, 0xFF, 0xFF, 0xFF, 0xC6, 0x05, 0x00, 0x26, 0xF3, 0xFF, 0xFF, 0xFF, 0xEA, 0x1B, 0x00, 0x00, 
0x00, 0x5A, 0xFF, 0xFF, 0xFF, 0x4A, 0x00, 0x00, 0x00, 0x00, 0x00, 0xA4, 0xFF, 0x94, 0x00, 0x00, 
0x00, 0x00, 0x00, 0x00, 0x11, 0xCA, 0x0C, 0x00, 0x00, 0x00, 0x00, 0x00, 0x00, 0x00, 0x08, 0x00, 
0x00, 0x00, 0x00, 0x00, 0x00, 0x00, 0x00, 0x14, 0x4E, 0x45, 0x1A, 0x00, 0x00, 0x00, 0x00, 0x00, 
0x00, 0x40, 0xFF, 0xFF, 0xFD, 0x89, 0x00, 0x00, 0x00, 0x00, 0x00, 0x40, 0xFA, 0xF8, 0xFF, 0xFF, 
0x43, 0x00, 0x00, 0x00, 0x00, 0x40, 0xB8, 0x01, 0x3E, 0xE2, 0x8B, 0x00, 0x00, 0x00, 0x00, 0x40, 
0xB8, 0x00, 0x00, 0x6C, 0xA1, 0x00, 0x00, 0x00, 0x00, 0x40, 0xB8, 0x00, 0x00, 0x28, 0x4F, 0x00, 
0x00, 0x00, 0x00, 0x40, 0xB8, 0x00, 0x00, 0x00, 0x00, 0x00, 0x00, 0x00, 0x00, 0x40, 0xB8, 0x00, 
0x00, 0x00, 0x00, 0x00, 0x00, 0x00, 0x00, 0x40, 0xB8, 0x00, 0x00, 0x00, 0x00, 0x00, 0x01, 0x25, 
0x2B, 0x41, 0xB8, 0x00, 0x00, 0x00, 0x00, 0x0E, 0xC5, 0xFF, 0xFF, 0xF1, 0xB8, 0x00, 0x00, 0x00, 
0x00, 0x7E, 0xFF, 0xFF, 0xFF, 0xFF, 0xAF, 0x00, 0x00, 0x00, 0x00, 0x94, 0xFF, 0xFF, 0xFF, 0xFF, 
0x85, 0x00, 0x00, 0x00, 0x00, 0x35, 0xF5, 0xFF, 0xFF, 0xD0, 0x14, 0x00, 0x00, 0x00, 0x00, 0x00, 
0x1A, 0x51, 0x3C, 0x02, 0x00, 0x00, 0x00, 0x00, 0x00, 0x00, 0x00, 0x00, 0x00, 0x00, 0x00, 0x00, 
0x00, 0x00, 0x00, 0x11, 0x5D, 0xA9, 0x00, 0x00, 0x00, 0x00, 0x00, 0x00, 0x00, 0x1E, 0x6D, 0xBD, 
0xFB, 0xFF, 0xFC, 0x00, 0x00, 0x00, 0x00, 0x00, 0x69, 0xCE, 0xFF, 0xFF, 0xFF, 0xFF, 0xFF, 0xFC, 
0x00, 0x00, 0x00, 0x00, 0x00, 0xC8, 0xFF, 0xFF, 0xFD, 0xC6, 0x77, 0x27, 0xFC, 0x00, 0x00, 0x00, 
0x00, 0x00, 0xC8, 0xBB, 0x64, 0x17, 0x00, 0x00, 0x00, 0xFC, 0x00, 0x00, 0x00, 0x00, 0x00, 0xC8, 
0x30, 0x00, 0x00, 0x00, 0x00, 0x00, 0xFC, 0x00, 0x00, 0x00, 0x00, 0x00, 0xC8, 0x30, 0x00, 0x00, 
0x00, 0x00, 0x00, 0xFC, 0x00, 0x00, 0x00, 0x00, 0x00, 0xC8, 0x30, 0x00, 0x00, 0x00, 0x00, 0x00, 
0xFC, 0x00, 0x00, 0x00, 0x00, 0x00, 0xC8, 0x30, 0x00, 0x00, 0x00, 0x00, 0x00, 0xFC, 0x00, 0x00, 
0x00, 0x00, 0x00, 0xC8, 0x30, 0x00, 0x00, 0x34, 0x52, 0x20, 0xFC, 0x00, 0x00, 0x00, 0x00, 0x00, 
0xC8, 0x30, 0x01, 0xA6, 0xFF, 0xFF, 0xFE, 0xFB, 0x00, 0x00, 0x25, 0x4D, 0x26, 0xC8, 0x30, 0x3E, 
0xFF, 0xFF, 0xFF, 0xFF, 0xF1, 0x00, 0x7B, 0xFE, 0xFF, 0xFF, 0xFC, 0x2F, 0x46, 0xFF, 0xFF, 0xFF, 
0xFF, 0xC2, 0x10, 0xFD, 0xFF, 0xFF, 0xFF, 0xFF, 0x25, 0x04, 0xBB, 0xFF, 0xFF, 0xDA, 0x2C, 0x18, 
0xFF, 0xFF, 0xFF, 0xFF, 0xF0, 0x05, 0x00, 0x01, 0x28, 0x2C, 0x01, 0x00, 0x00, 0x98, 0xFF, 0xFF, 
0xEE, 0x4F, 0x00, 0x00, 0x00, 0x00, 0x00, 0x00, 0x00, 0x00, 0x00, 0x24, 0x35, 0x08, 0x00, 0x00, 
0x00, 0x00, 0x00, 0x00, 0x00, 0x00, 0x00, 0x00, 0x00, 0x00, 0x00, 0x00, 0x00, 0x00, 0x00, 0x24, 
0xDB, 0x00, 0x00, 0x00, 0x00, 0x00, 0x00, 0x00, 0x00, 0x00, 0x00, 0x6E, 0x92, 0x00, 0x00, 0x00, 
0x00, 0x00, 0x24, 0xDB, 0x00, 0x00, 0x00, 0xB7, 0x9F, 0x8D, 0x00, 0x00, 0x00, 0x00, 0x6D, 0x92, 
0x00, 0x20, 0x89, 0xF0, 0x6E, 0x0F, 0x00, 0x00, 0x00, 0x00, 0xB6, 0x8B, 0xAE, 0xAF, 0x8C, 0xB6, 
0x00, 0x00, 0x00, 0x00, 0x0E, 0x6D, 0xF1, 0x8A, 0x20, 0x00, 0x93, 0x6D, 0x00, 0x00, 0x00, 0x00, 
0x8F, 0x9F, 0xB7, 0x00, 0x00, 0x00, 0xDC, 0x24, 0x00, 0x00, 0x00, 0x00, 0x00, 0x93, 0x6D, 0x00, 
0x00, 0x25, 0xDB, 0x00, 0x00, 0x00, 0x00, 0x00, 0x00, 0xDC, 0x24, 0x00, 0x00, 0x6E, 0x92, 0x00, 
0x00, 0x00, 0x00, 0x00, 0x25, 0xDC, 0x00, 0x00, 0x00, 0xB8, 0x9F, 0x8D, 0x00, 0x00, 0x00, 0x00, 
0x6E, 0x92, 0x00, 0x20, 0x89, 0xF0, 0x6E, 0x0F, 0x00, 0x00, 0x00, 0x00, 0xB7, 0x8B, 0xAE, 0xAF, 
0x8C, 0xB5, 0x00, 0x00, 0x00, 0x00, 0x0E, 0x6D, 0xF0, 0x8A, 0x20, 0x00, 0x93, 0x6C, 0x00, 0x00, 
0x00, 0x00, 0x8F, 0x9F, 0xB6, 0x00, 0x00, 0x00, 0xDC, 0x24, 0x00, 0x00, 0x00, 0x00, 0x00, 0x93, 
0x6D, 0x00, 0x00, 0x00, 0x00, 0x00, 0x00, 0x00, 0x00, 0x00, 0x00, 0xDC, 0x24, 0x00, 0x00, 0x00, 
0x00, 0x00, 0x00, 0x00, 0x00, 0x00, 0x00, 0x24, 0x7A, 0x54, 0x69, 0x6D, 0x65, 0x73, 0x20, 0x4E, 
0x65, 0x77, 0x20, 0x52, 0x6F, 0x6D, 0x61, 0x6E, 0x20, 0x49, 0x74, 0x61, 0x6C, 0x69, 0x63, 0x20, 
0xD0, 0x9A, 0xD1, 0x83, 0xD1, 0x80, 0xD1, 0x81, 0xD0, 0xB8, 0xD0, 0xB2, 0x00, 0x1B, 0x7A, 0x54, 
0x69, 0x6D, 0x65, 0x73, 0x4E, 0x65, 0x77, 0x52, 0x6F, 0x6D, 0x61, 0x6E, 0x49, 0x74, 0x61, 0x6C, 
0x69, 0x63, 0x2D, 0x49, 0x74, 0x61, 0x6C, 0x69, 0x63, 0x01};