const uint8_t  zTimesNRItalic28[] PROGMEM = {
0x00, 0x00, 0x00, 0xEC, 0x00, 0x00, 0x00, 0x0B, 0x00, 0x00, 0x00, 0x1C, 0x00, 0x00, 0x00, 0x00, 
0x00, 0x00, 0x00, 0x14, 0x00, 0x00, 0x00, 0x06, 0x00, 0x00, 0x00, 0x00, 0x00, 0x00, 0x00, 0x01, 
0x00, 0x00, 0x00, 0x01, 0x00, 0x00, 0x00, 0x00, 0x00, 0x00, 0x00, 0x38, 0xFF, 0xFF, 0xFF, 0xE4, 
0x00, 0x00, 0x00, 0x00, 0x00, 0x00, 0x00, 0x00, 0x00, 0x00, 0x00, 0x01, 0x00, 0x00, 0x00, 0x01, 
0x00, 0x00, 0x00, 0x00, 0x00, 0x00, 0x00, 0x38, 0xFF, 0xFF, 0xFF, 0xE4, 0x00, 0x00, 0x00, 0x00, 
0x00, 0x00, 0x00, 0x09, 0x00, 0x00, 0x00, 0x01, 0x00, 0x00, 0x00, 0x01, 0x00, 0x00, 0x00, 0x00, 
0x00, 0x00, 0x00, 0x38, 0xFF, 0xFF, 0xFF, 0xE4, 0x00, 0x00, 0x00, 0x00, 0x00, 0x00, 0x00, 0x0A, 
0x00, 0x00, 0x00, 0x01, 0x00, 0x00, 0x00, 0x01, 0x00, 0x00, 0x00, 0x00, 0x00, 0x00, 0x00, 0x38, 
0xFF, 0xFF, 0xFF, 0xE4, 0x00, 0x00, 0x00, 0x00, 0x00, 0x00, 0x00, 0x0D, 0x00, 0x00, 0x00, 0x01, 
0x00, 0x00, 0x00, 0x01, 0x00, 0x00, 0x00, 0x00, 0x00, 0x00, 0x00, 0x38, 0xFF, 0xFF, 0xFF, 0xE4, 
0x00, 0x00, 0x00, 0x00, 0x00, 0x00, 0x00, 0x1D, 0x00, 0x00, 0x00, 0x01, 0x00, 0x00, 0x00, 0x01, 
0x00, 0x00, 0x00, 0x00, 0x00, 0x00, 0x00, 0x38, 0xFF, 0xFF, 0xFF, 0xE4, 0x00, 0x00, 0x00, 0x00, 
0x00, 0x00, 0x00, 0x20, 0x00, 0x00, 0x00, 0x01, 0x00, 0x00, 0x00, 0x01, 0x00, 0x00, 0x00, 0x07, 
0x00, 0x00, 0x00, 0x38, 0xFF, 0xFF, 0xFF, 0xE4, 0x00, 0x00, 0x00, 0x00, 0x00, 0x00, 0x00, 0x21, 
0x00, 0x00, 0x00, 0x13, 0x00, 0x00, 0x00, 0x06, 0x00, 0x00, 0x00, 0x09, 0x00, 0x00, 0x00, 0x13, 
0x00, 0x00, 0x00, 0x02, 0x00, 0x00, 0x00, 0x00, 0x00, 0x00, 0x00, 0x22, 0x00, 0x00, 0x00, 0x08, 
0x00, 0x00, 0x00, 0x0A, 0x00, 0x00, 0x00, 0x0D, 0x00, 0x00, 0x00, 0x13, 0x00, 0x00, 0x00, 0x04, 
0x00, 0x00, 0x00, 0x00, 0x00, 0x00, 0x00, 0x23, 0x00, 0x00, 0x00, 0x14, 0x00, 0x00, 0x00, 0x0D, 
0x00, 0x00, 0x00, 0x0E, 0x00, 0x00, 0x00, 0x14, 0x00, 0x00, 0x00, 0x01, 0x00, 0x00, 0x00, 0x00, 
0x00, 0x00, 0x00, 0x24, 0x00, 0x00, 0x00, 0x16, 0x00, 0x00, 0x00, 0x0C, 0x00, 0x00, 0x00, 0x0E, 
0x00, 0x00, 0x00, 0x14, 0x00, 0x00, 0x00, 0x01, 0x00, 0x00, 0x00, 0x00, 0x00, 0x00, 0x00, 0x25, 
0x00, 0x00, 0x00, 0x13, 0x00, 0x00, 0x00, 0x16, 0x00, 0x00, 0x00, 0x17, 0x00, 0x00, 0x00, 0x13, 
0x00, 0x00, 0x00, 0x00, 0x00, 0x00, 0x00, 0x00, 0x00, 0x00, 0x00, 0x26, 0x00, 0x00, 0x00, 0x13, 
0x00, 0x00, 0x00, 0x14, 0x00, 0x00, 0x00, 0x15, 0x00, 0x00, 0x00, 0x13, 0x00, 0x00, 0x00, 0x01, 
0x00, 0x00, 0x00, 0x00, 0x00, 0x00, 0x00, 0x27, 0x00, 0x00, 0x00, 0x08, 0x00, 0x00, 0x00, 0x04, 
0x00, 0x00, 0x00, 0x06, 0x00, 0x00, 0x00, 0x13, 0x00, 0x00, 0x00, 0x03, 0x00, 0x00, 0x00, 0x00, 
0x00, 0x00, 0x00, 0x28, 0x00, 0x00, 0x00, 0x1A, 0x00, 0x00, 0x00, 0x0A, 0x00, 0x00, 0x00, 0x09, 
0x00, 0x00, 0x00, 0x14, 0x00, 0x00, 0x00, 0x02, 0x00, 0x00, 0x00, 0x00, 0x00, 0x00, 0x00, 0x29, 
0x00, 0x00, 0x00, 0x1A, 0x00, 0x00, 0x00, 0x0A, 0x00, 0x00, 0x00, 0x09, 0x00, 0x00, 0x00, 0x14, 
0xFF, 0xFF, 0xFF, 0xFD, 0x00, 0x00, 0x00, 0x00, 0x00, 0x00, 0x00, 0x2A, 0x00, 0x00, 0x00, 0x0A, 
0x00, 0x00, 0x00, 0x0B, 0x00, 0x00, 0x00, 0x0E, 0x00, 0x00, 0x00, 0x14, 0x00, 0x00, 0x00, 0x04, 
0x00, 0x00, 0x00, 0x00, 0x00, 0x00, 0x00, 0x2B, 0x00, 0x00, 0x00, 0x0F, 0x00, 0x00, 0x00, 0x0F, 
0x00, 0x00, 0x00, 0x13, 0x00, 0x00, 0x00, 0x11, 0x00, 0x00, 0x00, 0x02, 0x00, 0x00, 0x00, 0x00, 
0x00, 0x00, 0x00, 0x2C, 0x00, 0x00, 0x00, 0x06, 0x00, 0x00, 0x00, 0x04, 0x00, 0x00, 0x00, 0x07, 
0x00, 0x00, 0x00, 0x03, 0xFF, 0xFF, 0xFF, 0xFF, 0x00, 0x00, 0x00, 0x00, 0x00, 0x00, 0x00, 0x2D, 
0x00, 0x00, 0x00, 0x02, 0x00, 0x00, 0x00, 0x08, 0x00, 0x00, 0x00, 0x09, 0x00, 0x00, 0x00, 0x07, 
0x00, 0x00, 0x00, 0x01, 0x00, 0x00, 0x00, 0x00, 0x00, 0x00, 0x00, 0x2E, 0x00, 0x00, 0x00, 0x03, 
0x00, 0x00, 0x00, 0x03, 0x00, 0x00, 0x00, 0x07, 0x00, 0x00, 0x00, 0x03, 0x00, 0x00, 0x00, 0x00, 
0x00, 0x00, 0x00, 0x00, 0x00, 0x00, 0x00, 0x2F, 0x00, 0x00, 0x00, 0x14, 0x00, 0x00, 0x00, 0x0C, 
0x00, 0x00, 0x00, 0x08, 0x00, 0x00, 0x00, 0x14, 0xFF, 0xFF, 0xFF, 0xFF, 0x00, 0x00, 0x00, 0x00, 
0x00, 0x00, 0x00, 0x30, 0x00, 0x00, 0x00, 0x13, 0x00, 0x00, 0x00, 0x0C, 0x00, 0x00, 0x00, 0x0E, 
0x00, 0x00, 0x00, 0x13, 0x00, 0x00, 0x00, 0x02, 0x00, 0x00, 0x00, 0x00, 0x00, 0x00, 0x00, 0x31, 
0x00, 0x00, 0x00, 0x13, 0x00, 0x00, 0x00, 0x0B, 0x00, 0x00, 0x00, 0x0E, 0x00, 0x00, 0x00, 0x13, 
0x00, 0x00, 0x00, 0x01, 0x00, 0x00, 0x00, 0x00, 0x00, 0x00, 0x00, 0x32, 0x00, 0x00, 0x00, 0x13, 
0x00, 0x00, 0x00, 0x0D, 0x00, 0x00, 0x00, 0x0E, 0x00, 0x00, 0x00, 0x13, 0x00, 0x00, 0x00, 0x00, 
0x00, 0x00, 0x00, 0x00, 0x00, 0x00, 0x00, 0x33, 0x00, 0x00, 0x00, 0x13, 0x00, 0x00, 0x00, 0x0C, 
0x00, 0x00, 0x00, 0x0E, 0x00, 0x00, 0x00, 0x13, 0x00, 0x00, 0x00, 0x01, 0x00, 0x00, 0x00, 0x00, 
0x00, 0x00, 0x00, 0x34, 0x00, 0x00, 0x00, 0x13, 0x00, 0x00, 0x00, 0x0E, 0x00, 0x00, 0x00, 0x0E, 
0x00, 0x00, 0x00, 0x13, 0x00, 0x00, 0x00, 0x00, 0x00, 0x00, 0x00, 0x00, 0x00, 0x00, 0x00, 0x35, 
0x00, 0x00, 0x00, 0x13, 0x00, 0x00, 0x00, 0x0D, 0x00, 0x00, 0x00, 0x0E, 0x00, 0x00, 0x00, 0x13, 
0x00, 0x00, 0x00, 0x01, 0x00, 0x00, 0x00, 0x00, 0x00, 0x00, 0x00, 0x36, 0x00, 0x00, 0x00, 0x13, 
0x00, 0x00, 0x00, 0x0D, 0x00, 0x00, 0x00, 0x0E, 0x00, 0x00, 0x00, 0x13, 0x00, 0x00, 0x00, 0x02, 
0x00, 0x00, 0x00, 0x00, 0x00, 0x00, 0x00, 0x37, 0x00, 0x00, 0x00, 0x13, 0x00, 0x00, 0x00, 0x0C, 
0x00, 0x00, 0x00, 0x0E, 0x00, 0x00, 0x00, 0x13, 0x00, 0x00, 0x00, 0x03, 0x00, 0x00, 0x00, 0x00, 
0x00, 0x00, 0x00, 0x38, 0x00, 0x00, 0x00, 0x13, 0x00, 0x00, 0x00, 0x0D, 0x00, 0x00, 0x00, 0x0E, 
0x00, 0x00, 0x00, 0x13, 0x00, 0x00, 0x00, 0x01, 0x00, 0x00, 0x00, 0x00, 0x00, 0x00, 0x00, 0x39, 
0x00, 0x00, 0x00, 0x13, 0x00, 0x00, 0x00, 0x0D, 0x00, 0x00, 0x00, 0x0E, 0x00, 0x00, 0x00, 0x13, 
0x00, 0x00, 0x00, 0x01, 0x00, 0x00, 0x00, 0x00, 0x00, 0x00, 0x00, 0x3A, 0x00, 0x00, 0x00, 0x0D, 
0x00, 0x00, 0x00, 0x06, 0x00, 0x00, 0x00, 0x09, 0x00, 0x00, 0x00, 0x0D, 0x00, 0x00, 0x00, 0x02, 
0x00, 0x00, 0x00, 0x00, 0x00, 0x00, 0x00, 0x3C, 0x00, 0x00, 0x00, 0x0D, 0x00, 0x00, 0x00, 0x0F, 
0x00, 0x00, 0x00, 0x13, 0x00, 0x00, 0x00, 0x10, 0x00, 0x00, 0x00, 0x02, 0x00, 0x00, 0x00, 0x00, 
0x00, 0x00, 0x00, 0x3D, 0x00, 0x00, 0x00, 0x05, 0x00, 0x00, 0x00, 0x0F, 0x00, 0x00, 0x00, 0x13, 
0x00, 0x00, 0x00, 0x0C, 0x00, 0x00, 0x00, 0x03, 0x00, 0x00, 0x00, 0x00, 0x00, 0x00, 0x00, 0x3E, 
0x00, 0x00, 0x00, 0x0D, 0x00, 0x00, 0x00, 0x0F, 0x00, 0x00, 0x00, 0x13, 0x00, 0x00, 0x00, 0x10, 
0x00, 0x00, 0x00, 0x02, 0x00, 0x00, 0x00, 0x00, 0x00, 0x00, 0x00, 0x3F, 0x00, 0x00, 0x00, 0x13, 
0x00, 0x00, 0x00, 0x0A, 0x00, 0x00, 0x00, 0x0E, 0x00, 0x00, 0x00, 0x13, 0x00, 0x00, 0x00, 0x03, 
0x00, 0x00, 0x00, 0x00, 0x00, 0x00, 0x00, 0x40, 0x00, 0x00, 0x00, 0x1B, 0x00, 0x00, 0x00, 0x18, 
0x00, 0x00, 0x00, 0x1A, 0x00, 0x00, 0x00, 0x14, 0x00, 0x00, 0x00, 0x01, 0x00, 0x00, 0x00, 0x00, 
0x00, 0x00, 0x00, 0x41, 0x00, 0x00, 0x00, 0x13, 0x00, 0x00, 0x00, 0x13, 0x00, 0x00, 0x00, 0x11, 
0x00, 0x00, 0x00, 0x13, 0xFF, 0xFF, 0xFF, 0xFD, 0x00, 0x00, 0x00, 0x00, 0x00, 0x00, 0x00, 0x42, 
0x00, 0x00, 0x00, 0x13, 0x00, 0x00, 0x00, 0x12, 0x00, 0x00, 0x00, 0x11, 0x00, 0x00, 0x00, 0x13, 
0xFF, 0xFF, 0xFF, 0xFE, 0x00, 0x00, 0x00, 0x00, 0x00, 0x00, 0x00, 0x43, 0x00, 0x00, 0x00, 0x13, 
0x00, 0x00, 0x00, 0x12, 0x00, 0x00, 0x00, 0x13, 0x00, 0x00, 0x00, 0x13, 0x00, 0x00, 0x00, 0x01, 
0x00, 0x00, 0x00, 0x00, 0x00, 0x00, 0x00, 0x44, 0x00, 0x00, 0x00, 0x13, 0x00, 0x00, 0x00, 0x15, 
0x00, 0x00, 0x00, 0x14, 0x00, 0x00, 0x00, 0x13, 0xFF, 0xFF, 0xFF, 0xFE, 0x00, 0x00, 0x00, 0x00, 
0x00, 0x00, 0x00, 0x45, 0x00, 0x00, 0x00, 0x13, 0x00, 0x00, 0x00, 0x13, 0x00, 0x00, 0x00, 0x11, 
0x00, 0x00, 0x00, 0x13, 0xFF, 0xFF, 0xFF, 0xFE, 0x00, 0x00, 0x00, 0x00, 0x00, 0x00, 0x00, 0x46, 
0x00, 0x00, 0x00, 0x13, 0x00, 0x00, 0x00, 0x14, 0x00, 0x00, 0x00, 0x10, 0x00, 0x00, 0x00, 0x13, 
0xFF, 0xFF, 0xFF, 0xFE, 0x00, 0x00, 0x00, 0x00, 0x00, 0x00, 0x00, 0x47, 0x00, 0x00, 0x00, 0x13, 
0x00, 0x00, 0x00, 0x14, 0x00, 0x00, 0x00, 0x14, 0x00, 0x00, 0x00, 0x13, 0x00, 0x00, 0x00, 0x01, 
0x00, 0x00, 0x00, 0x00, 0x00, 0x00, 0x00, 0x48, 0x00, 0x00, 0x00, 0x13, 0x00, 0x00, 0x00, 0x18, 
0x00, 0x00, 0x00, 0x14, 0x00, 0x00, 0x00, 0x13, 0xFF, 0xFF, 0xFF, 0xFE, 0x00, 0x00, 0x00, 0x00, 
0x00, 0x00, 0x00, 0x49, 0x00, 0x00, 0x00, 0x13, 0x00, 0x00, 0x00, 0x0D, 0x00, 0x00, 0x00, 0x09, 
0x00, 0x00, 0x00, 0x13, 0xFF, 0xFF, 0xFF, 0xFE, 0x00, 0x00, 0x00, 0x00, 0x00, 0x00, 0x00, 0x4A, 
0x00, 0x00, 0x00, 0x13, 0x00, 0x00, 0x00, 0x10, 0x00, 0x00, 0x00, 0x0C, 0x00, 0x00, 0x00, 0x13, 
0xFF, 0xFF, 0xFF, 0xFE, 0x00, 0x00, 0x00, 0x00, 0x00, 0x00, 0x00, 0x4B, 0x00, 0x00, 0x00, 0x13, 
0x00, 0x00, 0x00, 0x17, 0x00, 0x00, 0x00, 0x12, 0x00, 0x00, 0x00, 0x13, 0xFF, 0xFF, 0xFF, 0xFE, 
0x00, 0x00, 0x00, 0x00, 0x00, 0x00, 0x00, 0x4C, 0x00, 0x00, 0x00, 0x13, 0x00, 0x00, 0x00, 0x11, 
0x00, 0x00, 0x00, 0x10, 0x00, 0x00, 0x00, 0x13, 0xFF, 0xFF, 0xFF, 0xFE, 0x00, 0x00, 0x00, 0x00, 
0x00, 0x00, 0x00, 0x4D, 0x00, 0x00, 0x00, 0x13, 0x00, 0x00, 0x00, 0x1D, 0x00, 0x00, 0x00, 0x17, 
0x00, 0x00, 0x00, 0x13, 0xFF, 0xFF, 0xFF, 0xFD, 0x00, 0x00, 0x00, 0x00, 0x00, 0x00, 0x00, 0x4E, 
0x00, 0x00, 0x00, 0x13, 0x00, 0x00, 0x00, 0x17, 0x00, 0x00, 0x00, 0x13, 0x00, 0x00, 0x00, 0x13, 
0xFF, 0xFF, 0xFF, 0xFE, 0x00, 0x00, 0x00, 0x00, 0x00, 0x00, 0x00, 0x4F, 0x00, 0x00, 0x00, 0x13, 
0x00, 0x00, 0x00, 0x12, 0x00, 0x00, 0x00, 0x14, 0x00, 0x00, 0x00, 0x13, 0x00, 0x00, 0x00, 0x01, 
0x00, 0x00, 0x00, 0x00, 0x00, 0x00, 0x00, 0x50, 0x00, 0x00, 0x00, 0x13, 0x00, 0x00, 0x00, 0x12, 
0x00, 0x00, 0x00, 0x10, 0x00, 0x00, 0x00, 0x13, 0xFF, 0xFF, 0xFF, 0xFE, 0x00, 0x00, 0x00, 0x00, 
0x00, 0x00, 0x00, 0x51, 0x00, 0x00, 0x00, 0x19, 0x00, 0x00, 0x00, 0x12, 0x00, 0x00, 0x00, 0x14, 
0x00, 0x00, 0x00, 0x13, 0x00, 0x00, 0x00, 0x01, 0x00, 0x00, 0x00, 0x00, 0x00, 0x00, 0x00, 0x52, 
0x00, 0x00, 0x00, 0x13, 0x00, 0x00, 0x00, 0x13, 0x00, 0x00, 0x00, 0x11, 0x00, 0x00, 0x00, 0x13, 
0xFF, 0xFF, 0xFF, 0xFD, 0x00, 0x00, 0x00, 0x00, 0x00, 0x00, 0x00, 0x53, 0x00, 0x00, 0x00, 0x13, 
0x00, 0x00, 0x00, 0x0F, 0x00, 0x00, 0x00, 0x0E, 0x00, 0x00, 0x00, 0x13, 0x00, 0x00, 0x00, 0x00, 
0x00, 0x00, 0x00, 0x00, 0x00, 0x00, 0x00, 0x54, 0x00, 0x00, 0x00, 0x13, 0x00, 0x00, 0x00, 0x11, 
0x00, 0x00, 0x00, 0x10, 0x00, 0x00, 0x00, 0x13, 0x00, 0x00, 0x00, 0x01, 0x00, 0x00, 0x00, 0x00, 
0x00, 0x00, 0x00, 0x55, 0x00, 0x00, 0x00, 0x13, 0x00, 0x00, 0x00, 0x15, 0x00, 0x00, 0x00, 0x14, 
0x00, 0x00, 0x00, 0x13, 0x00, 0x00, 0x00, 0x02, 0x00, 0x00, 0x00, 0x00, 0x00, 0x00, 0x00, 0x56, 
0x00, 0x00, 0x00, 0x13, 0x00, 0x00, 0x00, 0x13, 0x00, 0x00, 0x00, 0x11, 0x00, 0x00, 0x00, 0x13, 
0x00, 0x00, 0x00, 0x02, 0x00, 0x00, 0x00, 0x00, 0x00, 0x00, 0x00, 0x57, 0x00, 0x00, 0x00, 0x13, 
0x00, 0x00, 0x00, 0x18, 0x00, 0x00, 0x00, 0x16, 0x00, 0x00, 0x00, 0x13, 0x00, 0x00, 0x00, 0x02, 
0x00, 0x00, 0x00, 0x00, 0x00, 0x00, 0x00, 0x58, 0x00, 0x00, 0x00, 0x13, 0x00, 0x00, 0x00, 0x17, 
0x00, 0x00, 0x00, 0x11, 0x00, 0x00, 0x00, 0x13, 0xFF, 0xFF, 0xFF, 0xFD, 0x00, 0x00, 0x00, 0x00, 
0x00, 0x00, 0x00, 0x59, 0x00, 0x00, 0x00, 0x13, 0x00, 0x00, 0x00, 0x10, 0x00, 0x00, 0x00, 0x0F, 
0x00, 0x00, 0x00, 0x13, 0x00, 0x00, 0x00, 0x01, 0x00, 0x00, 0x00, 0x00, 0x00, 0x00, 0x00, 0x5A, 
0x00, 0x00, 0x00, 0x13, 0x00, 0x00, 0x00, 0x11, 0x00, 0x00, 0x00, 0x10, 0x00, 0x00, 0x00, 0x13, 
0x00, 0x00, 0x00, 0x00, 0x00, 0x00, 0x00, 0x00, 0x00, 0x00, 0x00, 0x5B, 0x00, 0x00, 0x00, 0x1A, 
0x00, 0x00, 0x00, 0x0D, 0x00, 0x00, 0x00, 0x0A, 0x00, 0x00, 0x00, 0x14, 0x00, 0x00, 0x00, 0x00, 
0x00, 0x00, 0x00, 0x00, 0x00, 0x00, 0x00, 0x5C, 0x00, 0x00, 0x00, 0x14, 0x00, 0x00, 0x00, 0x04, 
0x00, 0x00, 0x00, 0x08, 0x00, 0x00, 0x00, 0x14, 0x00, 0x00, 0x00, 0x03, 0x00, 0x00, 0x00, 0x00, 
0x00, 0x00, 0x00, 0x5D, 0x00, 0x00, 0x00, 0x1A, 0x00, 0x00, 0x00, 0x0E, 0x00, 0x00, 0x00, 0x0B, 
0x00, 0x00, 0x00, 0x14, 0xFF, 0xFF, 0xFF, 0xFD, 0x00, 0x00, 0x00, 0x00, 0x00, 0x00, 0x00, 0x5E, 
0x00, 0x00, 0x00, 0x0A, 0x00, 0x00, 0x00, 0x0D, 0x00, 0x00, 0x00, 0x0C, 0x00, 0x00, 0x00, 0x13, 
0x00, 0x00, 0x00, 0x01, 0x00, 0x00, 0x00, 0x00, 0x00, 0x00, 0x00, 0x5F, 0x00, 0x00, 0x00, 0x01, 
0x00, 0x00, 0x00, 0x0F, 0x00, 0x00, 0x00, 0x0E, 0xFF, 0xFF, 0xFF, 0xFB, 0xFF, 0xFF, 0xFF, 0xFF, 
0x00, 0x00, 0x00, 0x00, 0x00, 0x00, 0x00, 0x60, 0x00, 0x00, 0x00, 0x05, 0x00, 0x00, 0x00, 0x04, 
0x00, 0x00, 0x00, 0x09, 0x00, 0x00, 0x00, 0x14, 0x00, 0x00, 0x00, 0x05, 0x00, 0x00, 0x00, 0x00, 
0x00, 0x00, 0x00, 0x61, 0x00, 0x00, 0x00, 0x0D, 0x00, 0x00, 0x00, 0x0D, 0x00, 0x00, 0x00, 0x0E, 
0x00, 0x00, 0x00, 0x0D, 0x00, 0x00, 0x00, 0x01, 0x00, 0x00, 0x00, 0x00, 0x00, 0x00, 0x00, 0x62, 
0x00, 0x00, 0x00, 0x14, 0x00, 0x00, 0x00, 0x0C, 0x00, 0x00, 0x00, 0x0D, 0x00, 0x00, 0x00, 0x14, 
0x00, 0x00, 0x00, 0x00, 0x00, 0x00, 0x00, 0x00, 0x00, 0x00, 0x00, 0x63, 0x00, 0x00, 0x00, 0x0D, 
0x00, 0x00, 0x00, 0x0B, 0x00, 0x00, 0x00, 0x0C, 0x00, 0x00, 0x00, 0x0D, 0x00, 0x00, 0x00, 0x01, 
0x00, 0x00, 0x00, 0x00, 0x00, 0x00, 0x00, 0x64, 0x00, 0x00, 0x00, 0x14, 0x00, 0x00, 0x00, 0x10, 
0x00, 0x00, 0x00, 0x0F, 0x00, 0x00, 0x00, 0x14, 0x00, 0x00, 0x00, 0x01, 0x00, 0x00, 0x00, 0x00, 
0x00, 0x00, 0x00, 0x65, 0x00, 0x00, 0x00, 0x0D, 0x00, 0x00, 0x00, 0x0A, 0x00, 0x00, 0x00, 0x0C, 
0x00, 0x00, 0x00, 0x0D, 0x00, 0x00, 0x00, 0x01, 0x00, 0x00, 0x00, 0x00, 0x00, 0x00, 0x00, 0x66, 
0x00, 0x00, 0x00, 0x1A, 0x00, 0x00, 0x00, 0x12, 0x00, 0x00, 0x00, 0x08, 0x00, 0x00, 0x00, 0x14, 
0xFF, 0xFF, 0xFF, 0xFB, 0x00, 0x00, 0x00, 0x00, 0x00, 0x00, 0x00, 0x67, 0x00, 0x00, 0x00, 0x13, 
0x00, 0x00, 0x00, 0x10, 0x00, 0x00, 0x00, 0x0E, 0x00, 0x00, 0x00, 0x0D, 0xFF, 0xFF, 0xFF, 0xFF, 
0x00, 0x00, 0x00, 0x00, 0x00, 0x00, 0x00, 0x68, 0x00, 0x00, 0x00, 0x14, 0x00, 0x00, 0x00, 0x0D, 
0x00, 0x00, 0x00, 0x0E, 0x00, 0x00, 0x00, 0x14, 0x00, 0x00, 0x00, 0x00, 0x00, 0x00, 0x00, 0x00, 
0x00, 0x00, 0x00, 0x69, 0x00, 0x00, 0x00, 0x12, 0x00, 0x00, 0x00, 0x06, 0x00, 0x00, 0x00, 0x08, 
0x00, 0x00, 0x00, 0x12, 0x00, 0x00, 0x00, 0x01, 0x00, 0x00, 0x00, 0x00, 0x00, 0x00, 0x00, 0x6A, 
0x00, 0x00, 0x00, 0x18, 0x00, 0x00, 0x00, 0x0D, 0x00, 0x00, 0x00, 0x07, 0x00, 0x00, 0x00, 0x12, 
0xFF, 0xFF, 0xFF, 0xFB, 0x00, 0x00, 0x00, 0x00, 0x00, 0x00, 0x00, 0x6B, 0x00, 0x00, 0x00, 0x14, 
0x00, 0x00, 0x00, 0x0E, 0x00, 0x00, 0x00, 0x0C, 0x00, 0x00, 0x00, 0x14, 0x00, 0x00, 0x00, 0x00, 
0x00, 0x00, 0x00, 0x00, 0x00, 0x00, 0x00, 0x6C, 0x00, 0x00, 0x00, 0x14, 0x00, 0x00, 0x00, 0x08, 
0x00, 0x00, 0x00, 0x08, 0x00, 0x00, 0x00, 0x14, 0x00, 0x00, 0x00, 0x01, 0x00, 0x00, 0x00, 0x00, 
0x00, 0x00, 0x00, 0x6D, 0x00, 0x00, 0x00, 0x0D, 0x00, 0x00, 0x00, 0x13, 0x00, 0x00, 0x00, 0x14, 
0x00, 0x00, 0x00, 0x0D, 0x00, 0x00, 0x00, 0x00, 0x00, 0x00, 0x00, 0x00, 0x00, 0x00, 0x00, 0x6E, 
0x00, 0x00, 0x00, 0x0D, 0x00, 0x00, 0x00, 0x0D, 0x00, 0x00, 0x00, 0x0E, 0x00, 0x00, 0x00, 0x0D, 
0x00, 0x00, 0x00, 0x00, 0x00, 0x00, 0x00, 0x00, 0x00, 0x00, 0x00, 0x6F, 0x00, 0x00, 0x00, 0x0D, 
0x00, 0x00, 0x00, 0x0C, 0x00, 0x00, 0x00, 0x0E, 0x00, 0x00, 0x00, 0x0D, 0x00, 0x00, 0x00, 0x01, 
0x00, 0x00, 0x00, 0x00, 0x00, 0x00, 0x00, 0x70, 0x00, 0x00, 0x00, 0x13, 0x00, 0x00, 0x00, 0x10, 
0x00, 0x00, 0x00, 0x0E, 0x00, 0x00, 0x00, 0x0D, 0xFF, 0xFF, 0xFF, 0xFD, 0x00, 0x00, 0x00, 0x00, 
0x00, 0x00, 0x00, 0x71, 0x00, 0x00, 0x00, 0x13, 0x00, 0x00, 0x00, 0x0D, 0x00, 0x00, 0x00, 0x0E, 
0x00, 0x00, 0x00, 0x0D, 0x00, 0x00, 0x00, 0x01, 0x00, 0x00, 0x00, 0x00, 0x00, 0x00, 0x00, 0x72, 
0x00, 0x00, 0x00, 0x0D, 0x00, 0x00, 0x00, 0x0B, 0x00, 0x00, 0x00, 0x0B, 0x00, 0x00, 0x00, 0x0D, 
0x00, 0x00, 0x00, 0x01, 0x00, 0x00, 0x00, 0x00, 0x00, 0x00, 0x00, 0x73, 0x00, 0x00, 0x00, 0x0D, 
0x00, 0x00, 0x00, 0x0B, 0x00, 0x00, 0x00, 0x0B, 0x00, 0x00, 0x00, 0x0D, 0x00, 0x00, 0x00, 0x00, 
0x00, 0x00, 0x00, 0x00, 0x00, 0x00, 0x00, 0x74, 0x00, 0x00, 0x00, 0x11, 0x00, 0x00, 0x00, 0x08, 
0x00, 0x00, 0x00, 0x08, 0x00, 0x00, 0x00, 0x11, 0x00, 0x00, 0x00, 0x01, 0x00, 0x00, 0x00, 0x00, 
0x00, 0x00, 0x00, 0x75, 0x00, 0x00, 0x00, 0x0D, 0x00, 0x00, 0x00, 0x0E, 0x00, 0x00, 0x00, 0x0E, 
0x00, 0x00, 0x00, 0x0D, 0x00, 0x00, 0x00, 0x00, 0x00, 0x00, 0x00, 0x00, 0x00, 0x00, 0x00, 0x76, 
0x00, 0x00, 0x00, 0x0D, 0x00, 0x00, 0x00, 0x0C, 0x00, 0x00, 0x00, 0x0C, 0x00, 0x00, 0x00, 0x0D, 
0x00, 0x00, 0x00, 0x00, 0x00, 0x00, 0x00, 0x00, 0x00, 0x00, 0x00, 0x77, 0x00, 0x00, 0x00, 0x0D, 
0x00, 0x00, 0x00, 0x11, 0x00, 0x00, 0x00, 0x12, 0x00, 0x00, 0x00, 0x0D, 0x00, 0x00, 0x00, 0x01, 
0x00, 0x00, 0x00, 0x00, 0x00, 0x00, 0x00, 0x78, 0x00, 0x00, 0x00, 0x0D, 0x00, 0x00, 0x00, 0x0D, 
0x00, 0x00, 0x00, 0x0C, 0x00, 0x00, 0x00, 0x0D, 0xFF, 0xFF, 0xFF, 0xFF, 0x00, 0x00, 0x00, 0x00, 
0x00, 0x00, 0x00, 0x79, 0x00, 0x00, 0x00, 0x13, 0x00, 0x00, 0x00, 0x0E, 0x00, 0x00, 0x00, 0x0C, 
0x00, 0x00, 0x00, 0x0D, 0xFF, 0xFF, 0xFF, 0xFE, 0x00, 0x00, 0x00, 0x00, 0x00, 0x00, 0x00, 0x7A, 
0x00, 0x00, 0x00, 0x0D, 0x00, 0x00, 0x00, 0x0B, 0x00, 0x00, 0x00, 0x0B, 0x00, 0x00, 0x00, 0x0D, 
0x00, 0x00, 0x00, 0x00, 0x00, 0x00, 0x00, 0x00, 0x00, 0x00, 0x00, 0x7B, 0x00, 0x00, 0x00, 0x1A, 
0x00, 0x00, 0x00, 0x0B, 0x00, 0x00, 0x00, 0x0B, 0x00, 0x00, 0x00, 0x14, 0x00, 0x00, 0x00, 0x02, 
0x00, 0x00, 0x00, 0x00, 0x00, 0x00, 0x00, 0x7C, 0x00, 0x00, 0x00, 0x19, 0x00, 0x00, 0x00, 0x01, 
0x00, 0x00, 0x00, 0x08, 0x00, 0x00, 0x00, 0x14, 0x00, 0x00, 0x00, 0x03, 0x00, 0x00, 0x00, 0x00, 
0x00, 0x00, 0x00, 0x7D, 0x00, 0x00, 0x00, 0x1A, 0x00, 0x00, 0x00, 0x0B, 0x00, 0x00, 0x00, 0x0B, 
0x00, 0x00, 0x00, 0x14, 0xFF, 0xFF, 0xFF, 0xFE, 0x00, 0x00, 0x00, 0x00, 0x00, 0x00, 0x00, 0x7E, 
0x00, 0x00, 0x00, 0x04, 0x00, 0x00, 0x00, 0x0F, 0x00, 0x00, 0x00, 0x0F, 0x00, 0x00, 0x00, 0x09, 
0x00, 0x00, 0x00, 0x01, 0x00, 0x00, 0x00, 0x00, 0x00, 0x00, 0x00, 0xA0, 0x00, 0x00, 0x00, 0x01, 
0x00, 0x00, 0x00, 0x01, 0x00, 0x00, 0x00, 0x07, 0x00, 0x00, 0x00, 0x38, 0xFF, 0xFF, 0xFF, 0xE4, 
0x00, 0x00, 0x00, 0x00, 0x00, 0x00, 0x00, 0xA6, 0x00, 0x00, 0x00, 0x19, 0x00, 0x00, 0x00, 0x01, 
0x00, 0x00, 0x00, 0x08, 0x00, 0x00, 0x00, 0x14, 0x00, 0x00, 0x00, 0x03, 0x00, 0x00, 0x00, 0x00, 
0x00, 0x00, 0x00, 0xA7, 0x00, 0x00, 0x00, 0x1A, 0x00, 0x00, 0x00, 0x0E, 0x00, 0x00, 0x00, 0x0E, 
0x00, 0x00, 0x00, 0x14, 0x00, 0x00, 0x00, 0x00, 0x00, 0x00, 0x00, 0x00, 0x00, 0x00, 0x00, 0xA9, 
0x00, 0x00, 0x00, 0x13, 0x00, 0x00, 0x00, 0x13, 0x00, 0x00, 0x00, 0x14, 0x00, 0x00, 0x00, 0x13, 
0x00, 0x00, 0x00, 0x01, 0x00, 0x00, 0x00, 0x00, 0x00, 0x00, 0x00, 0xAB, 0x00, 0x00, 0x00, 0x0D, 
0x00, 0x00, 0x00, 0x0D, 0x00, 0x00, 0x00, 0x0E, 0x00, 0x00, 0x00, 0x0D, 0x00, 0x00, 0x00, 0x01, 
0x00, 0x00, 0x00, 0x00, 0x00, 0x00, 0x00, 0xAD, 0x00, 0x00, 0x00, 0x02, 0x00, 0x00, 0x00, 0x08, 
0x00, 0x00, 0x00, 0x09, 0x00, 0x00, 0x00, 0x07, 0x00, 0x00, 0x00, 0x01, 0x00, 0x00, 0x00, 0x00, 
0x00, 0x00, 0x00, 0xAE, 0x00, 0x00, 0x00, 0x13, 0x00, 0x00, 0x00, 0x14, 0x00, 0x00, 0x00, 0x16, 
0x00, 0x00, 0x00, 0x13, 0x00, 0x00, 0x00, 0x01, 0x00, 0x00, 0x00, 0x00, 0x00, 0x00, 0x00, 0xB0, 
0x00, 0x00, 0x00, 0x09, 0x00, 0x00, 0x00, 0x09, 0x00, 0x00, 0x00, 0x0C, 0x00, 0x00, 0x00, 0x13, 
0x00, 0x00, 0x00, 0x03, 0x00, 0x00, 0x00, 0x00, 0x00, 0x00, 0x00, 0xB1, 0x00, 0x00, 0x00, 0x0E, 
0x00, 0x00, 0x00, 0x0F, 0x00, 0x00, 0x00, 0x0F, 0x00, 0x00, 0x00, 0x10, 0x00, 0x00, 0x00, 0x00, 
0x00, 0x00, 0x00, 0x00, 0x00, 0x00, 0x00, 0xB4, 0x00, 0x00, 0x00, 0x05, 0x00, 0x00, 0x00, 0x04, 
0x00, 0x00, 0x00, 0x09, 0x00, 0x00, 0x00, 0x13, 0x00, 0x00, 0x00, 0x05, 0x00, 0x00, 0x00, 0x00, 
0x00, 0x00, 0x00, 0xB7, 0x00, 0x00, 0x00, 0x02, 0x00, 0x00, 0x00, 0x02, 0x00, 0x00, 0x00, 0x07, 
0x00, 0x00, 0x00, 0x0A, 0x00, 0x00, 0x00, 0x03, 0x00, 0x00, 0x00, 0x00, 0x00, 0x00, 0x00, 0xBB, 
0x00, 0x00, 0x00, 0x0D, 0x00, 0x00, 0x00, 0x0D, 0x00, 0x00, 0x00, 0x0E, 0x00, 0x00, 0x00, 0x0D, 
0x00, 0x00, 0x00, 0x00, 0x00, 0x00, 0x00, 0x00, 0x00, 0x00, 0x00, 0xD7, 0x00, 0x00, 0x00, 0x0B, 
0x00, 0x00, 0x00, 0x0B, 0x00, 0x00, 0x00, 0x13, 0x00, 0x00, 0x00, 0x0F, 0x00, 0x00, 0x00, 0x04, 
0x00, 0x00, 0x00, 0x00, 0x00, 0x00, 0x00, 0xF7, 0x00, 0x00, 0x00, 0x0B, 0x00, 0x00, 0x00, 0x0E, 
0x00, 0x00, 0x00, 0x0F, 0x00, 0x00, 0x00, 0x0F, 0x00, 0x00, 0x00, 0x01, 0x00, 0x00, 0x00, 0x00, 
0x00, 0x00, 0x04, 0x01, 0x00, 0x00, 0x00, 0x18, 0x00, 0x00, 0x00, 0x13, 0x00, 0x00, 0x00, 0x11, 
0x00, 0x00, 0x00, 0x18, 0xFF, 0xFF, 0xFF, 0xFF, 0x00, 0x00, 0x00, 0x00, 0x00, 0x00, 0x04, 0x10, 
0x00, 0x00, 0x00, 0x13, 0x00, 0x00, 0x00, 0x13, 0x00, 0x00, 0x00, 0x11, 0x00, 0x00, 0x00, 0x13, 
0xFF, 0xFF, 0xFF, 0xFD, 0x00, 0x00, 0x00, 0x00, 0x00, 0x00, 0x04, 0x11, 0x00, 0x00, 0x00, 0x13, 
0x00, 0x00, 0x00, 0x14, 0x00, 0x00, 0x00, 0x11, 0x00, 0x00, 0x00, 0x13, 0xFF, 0xFF, 0xFF, 0xFE, 
0x00, 0x00, 0x00, 0x00, 0x00, 0x00, 0x04, 0x12, 0x00, 0x00, 0x00, 0x13, 0x00, 0x00, 0x00, 0x12, 
0x00, 0x00, 0x00, 0x11, 0x00, 0x00, 0x00, 0x13, 0xFF, 0xFF, 0xFF, 0xFE, 0x00, 0x00, 0x00, 0x00, 
0x00, 0x00, 0x04, 0x13, 0x00, 0x00, 0x00, 0x13, 0x00, 0x00, 0x00, 0x14, 0x00, 0x00, 0x00, 0x10, 
0x00, 0x00, 0x00, 0x13, 0xFF, 0xFF, 0xFF, 0xFF, 0x00, 0x00, 0x00, 0x00, 0x00, 0x00, 0x04, 0x14, 
0x00, 0x00, 0x00, 0x18, 0x00, 0x00, 0x00, 0x17, 0x00, 0x00, 0x00, 0x12, 0x00, 0x00, 0x00, 0x13, 
0xFF, 0xFF, 0xFF, 0xFD, 0x00, 0x00, 0x00, 0x00, 0x00, 0x00, 0x04, 0x15, 0x00, 0x00, 0x00, 0x13, 
0x00, 0x00, 0x00, 0x13, 0x00, 0x00, 0x00, 0x11, 0x00, 0x00, 0x00, 0x13, 0xFF, 0xFF, 0xFF, 0xFE, 
0x00, 0x00, 0x00, 0x00, 0x00, 0x00, 0x04, 0x16, 0x00, 0x00, 0x00, 0x13, 0x00, 0x00, 0x00, 0x1D, 
0x00, 0x00, 0x00, 0x1A, 0x00, 0x00, 0x00, 0x13, 0xFF, 0xFF, 0xFF, 0xFE, 0x00, 0x00, 0x00, 0x00, 
0x00, 0x00, 0x04, 0x17, 0x00, 0x00, 0x00, 0x13, 0x00, 0x00, 0x00, 0x0E, 0x00, 0x00, 0x00, 0x0E, 
0x00, 0x00, 0x00, 0x13, 0x00, 0x00, 0x00, 0x00, 0x00, 0x00, 0x00, 0x00, 0x00, 0x00, 0x04, 0x18, 
0x00, 0x00, 0x00, 0x13, 0x00, 0x00, 0x00, 0x18, 0x00, 0x00, 0x00, 0x14, 0x00, 0x00, 0x00, 0x13, 
0xFF, 0xFF, 0xFF, 0xFE, 0x00, 0x00, 0x00, 0x00, 0x00, 0x00, 0x04, 0x19, 0x00, 0x00, 0x00, 0x19, 
0x00, 0x00, 0x00, 0x18, 0x00, 0x00, 0x00, 0x14, 0x00, 0x00, 0x00, 0x19, 0xFF, 0xFF, 0xFF, 0xFE, 
0x00, 0x00, 0x00, 0x00, 0x00, 0x00, 0x04, 0x1A, 0x00, 0x00, 0x00, 0x13, 0x00, 0x00, 0x00, 0x16, 
0x00, 0x00, 0x00, 0x13, 0x00, 0x00, 0x00, 0x13, 0xFF, 0xFF, 0xFF, 0xFF, 0x00, 0x00, 0x00, 0x00, 
0x00, 0x00, 0x04, 0x1B, 0x00, 0x00, 0x00, 0x13, 0x00, 0x00, 0x00, 0x15, 0x00, 0x00, 0x00, 0x13, 
0x00, 0x00, 0x00, 0x13, 0xFF, 0xFF, 0xFF, 0xFF, 0x00, 0x00, 0x00, 0x00, 0x00, 0x00, 0x04, 0x1C, 
0x00, 0x00, 0x00, 0x13, 0x00, 0x00, 0x00, 0x1D, 0x00, 0x00, 0x00, 0x17, 0x00, 0x00, 0x00, 0x13, 
0xFF, 0xFF, 0xFF, 0xFD, 0x00, 0x00, 0x00, 0x00, 0x00, 0x00, 0x04, 0x1D, 0x00, 0x00, 0x00, 0x13, 
0x00, 0x00, 0x00, 0x18, 0x00, 0x00, 0x00, 0x14, 0x00, 0x00, 0x00, 0x13, 0xFF, 0xFF, 0xFF, 0xFE, 
0x00, 0x00, 0x00, 0x00, 0x00, 0x00, 0x04, 0x1E, 0x00, 0x00, 0x00, 0x13, 0x00, 0x00, 0x00, 0x12, 
0x00, 0x00, 0x00, 0x14, 0x00, 0x00, 0x00, 0x13, 0x00, 0x00, 0x00, 0x01, 0x00, 0x00, 0x00, 0x00, 
0x00, 0x00, 0x04, 0x1F, 0x00, 0x00, 0x00, 0x13, 0x00, 0x00, 0x00, 0x18, 0x00, 0x00, 0x00, 0x14, 
0x00, 0x00, 0x00, 0x13, 0xFF, 0xFF, 0xFF, 0xFF, 0x00, 0x00, 0x00, 0x00, 0x00, 0x00, 0x04, 0x20, 
0x00, 0x00, 0x00, 0x13, 0x00, 0x00, 0x00, 0x12, 0x00, 0x00, 0x00, 0x10, 0x00, 0x00, 0x00, 0x13, 
0xFF, 0xFF, 0xFF, 0xFE, 0x00, 0x00, 0x00, 0x00, 0x00, 0x00, 0x04, 0x21, 0x00, 0x00, 0x00, 0x13, 
0x00, 0x00, 0x00, 0x12, 0x00, 0x00, 0x00, 0x13, 0x00, 0x00, 0x00, 0x13, 0x00, 0x00, 0x00, 0x01, 
0x00, 0x00, 0x00, 0x00, 0x00, 0x00, 0x04, 0x22, 0x00, 0x00, 0x00, 0x13, 0x00, 0x00, 0x00, 0x11, 
0x00, 0x00, 0x00, 0x10, 0x00, 0x00, 0x00, 0x13, 0x00, 0x00, 0x00, 0x01, 0x00, 0x00, 0x00, 0x00, 
0x00, 0x00, 0x04, 0x23, 0x00, 0x00, 0x00, 0x13, 0x00, 0x00, 0x00, 0x14, 0x00, 0x00, 0x00, 0x13, 
0x00, 0x00, 0x00, 0x13, 0x00, 0x00, 0x00, 0x02, 0x00, 0x00, 0x00, 0x00, 0x00, 0x00, 0x04, 0x24, 
0x00, 0x00, 0x00, 0x13, 0x00, 0x00, 0x00, 0x14, 0x00, 0x00, 0x00, 0x17, 0x00, 0x00, 0x00, 0x13, 
0x00, 0x00, 0x00, 0x02, 0x00, 0x00, 0x00, 0x00, 0x00, 0x00, 0x04, 0x25, 0x00, 0x00, 0x00, 0x13, 
0x00, 0x00, 0x00, 0x17, 0x00, 0x00, 0x00, 0x11, 0x00, 0x00, 0x00, 0x13, 0xFF, 0xFF, 0xFF, 0xFD, 
0x00, 0x00, 0x00, 0x00, 0x00, 0x00, 0x04, 0x26, 0x00, 0x00, 0x00, 0x19, 0x00, 0x00, 0x00, 0x18, 
0x00, 0x00, 0x00, 0x14, 0x00, 0x00, 0x00, 0x13, 0xFF, 0xFF, 0xFF, 0xFE, 0x00, 0x00, 0x00, 0x00, 
0x00, 0x00, 0x04, 0x27, 0x00, 0x00, 0x00, 0x13, 0x00, 0x00, 0x00, 0x13, 0x00, 0x00, 0x00, 0x13, 
0x00, 0x00, 0x00, 0x13, 0x00, 0x00, 0x00, 0x03, 0x00, 0x00, 0x00, 0x00, 0x00, 0x00, 0x04, 0x28, 
0x00, 0x00, 0x00, 0x13, 0x00, 0x00, 0x00, 0x20, 0x00, 0x00, 0x00, 0x1D, 0x00, 0x00, 0x00, 0x13, 
0xFF, 0xFF, 0xFF, 0xFF, 0x00, 0x00, 0x00, 0x00, 0x00, 0x00, 0x04, 0x29, 0x00, 0x00, 0x00, 0x19, 
0x00, 0x00, 0x00, 0x1F, 0x00, 0x00, 0x00, 0x1D, 0x00, 0x00, 0x00, 0x13, 0xFF, 0xFF, 0xFF, 0xFF, 
0x00, 0x00, 0x00, 0x00, 0x00, 0x00, 0x04, 0x2A, 0x00, 0x00, 0x00, 0x13, 0x00, 0x00, 0x00, 0x11, 
0x00, 0x00, 0x00, 0x13, 0x00, 0x00, 0x00, 0x13, 0x00, 0x00, 0x00, 0x01, 0x00, 0x00, 0x00, 0x00, 
0x00, 0x00, 0x04, 0x2B, 0x00, 0x00, 0x00, 0x13, 0x00, 0x00, 0x00, 0x1D, 0x00, 0x00, 0x00, 0x18, 
0x00, 0x00, 0x00, 0x13, 0xFF, 0xFF, 0xFF, 0xFE, 0x00, 0x00, 0x00, 0x00, 0x00, 0x00, 0x04, 0x2C, 
0x00, 0x00, 0x00, 0x13, 0x00, 0x00, 0x00, 0x11, 0x00, 0x00, 0x00, 0x11, 0x00, 0x00, 0x00, 0x13, 
0xFF, 0xFF, 0xFF, 0xFE, 0x00, 0x00, 0x00, 0x00, 0x00, 0x00, 0x04, 0x2D, 0x00, 0x00, 0x00, 0x13, 
0x00, 0x00, 0x00, 0x12, 0x00, 0x00, 0x00, 0x12, 0x00, 0x00, 0x00, 0x13, 0xFF, 0xFF, 0xFF, 0xFF, 
0x00, 0x00, 0x00, 0x00, 0x00, 0x00, 0x04, 0x2E, 0x00, 0x00, 0x00, 0x13, 0x00, 0x00, 0x00, 0x1E, 
0x00, 0x00, 0x00, 0x1D, 0x00, 0x00, 0x00, 0x13, 0xFF, 0xFF, 0xFF, 0xFE, 0x00, 0x00, 0x00, 0x00, 
0x00, 0x00, 0x04, 0x2F, 0x00, 0x00, 0x00, 0x13, 0x00, 0x00, 0x00, 0x17, 0x00, 0x00, 0x00, 0x12, 
0x00, 0x00, 0x00, 0x13, 0xFF, 0xFF, 0xFF, 0xFE, 0x00, 0x00, 0x00, 0x00, 0x00, 0x00, 0x04, 0x30, 
0x00, 0x00, 0x00, 0x0D, 0x00, 0x00, 0x00, 0x0D, 0x00, 0x00, 0x00, 0x0E, 0x00, 0x00, 0x00, 0x0D, 
0x00, 0x00, 0x00, 0x01, 0x00, 0x00, 0x00, 0x00, 0x00, 0x00, 0x04, 0x31, 0x00, 0x00, 0x00, 0x14, 
0x00, 0x00, 0x00, 0x0E, 0x00, 0x00, 0x00, 0x0E, 0x00, 0x00, 0x00, 0x14, 0x00, 0x00, 0x00, 0x01, 
0x00, 0x00, 0x00, 0x00, 0x00, 0x00, 0x04, 0x32, 0x00, 0x00, 0x00, 0x0D, 0x00, 0x00, 0x00, 0x0B, 
0x00, 0x00, 0x00, 0x0C, 0x00, 0x00, 0x00, 0x0D, 0x00, 0x00, 0x00, 0x01, 0x00, 0x00, 0x00, 0x00, 
0x00, 0x00, 0x04, 0x33, 0x00, 0x00, 0x00, 0x0D, 0x00, 0x00, 0x00, 0x0B, 0x00, 0x00, 0x00, 0x0B, 
0x00, 0x00, 0x00, 0x0D, 0x00, 0x00, 0x00, 0x00, 0x00, 0x00, 0x00, 0x00, 0x00, 0x00, 0x04, 0x34, 
0x00, 0x00, 0x00, 0x13, 0x00, 0x00, 0x00, 0x0C, 0x00, 0x00, 0x00, 0x0E, 0x00, 0x00, 0x00, 0x13, 
0x00, 0x00, 0x00, 0x01, 0x00, 0x00, 0x00, 0x00, 0x00, 0x00, 0x04, 0x35, 0x00, 0x00, 0x00, 0x0D, 
0x00, 0x00, 0x00, 0x0A, 0x00, 0x00, 0x00, 0x0C, 0x00, 0x00, 0x00, 0x0D, 0x00, 0x00, 0x00, 0x01, 
0x00, 0x00, 0x00, 0x00, 0x00, 0x00, 0x04, 0x36, 0x00, 0x00, 0x00, 0x0D, 0x00, 0x00, 0x00, 0x1A, 
0x00, 0x00, 0x00, 0x1A, 0x00, 0x00, 0x00, 0x0D, 0x00, 0x00, 0x00, 0x00, 0x00, 0x00, 0x00, 0x00, 
0x00, 0x00, 0x04, 0x37, 0x00, 0x00, 0x00, 0x0D, 0x00, 0x00, 0x00, 0x0B, 0x00, 0x00, 0x00, 0x0B, 
0x00, 0x00, 0x00, 0x0D, 0xFF, 0xFF, 0xFF, 0xFF, 0x00, 0x00, 0x00, 0x00, 0x00, 0x00, 0x04, 0x38, 
0x00, 0x00, 0x00, 0x0D, 0x00, 0x00, 0x00, 0x0E, 0x00, 0x00, 0x00, 0x0E, 0x00, 0x00, 0x00, 0x0D, 
0x00, 0x00, 0x00, 0x00, 0x00, 0x00, 0x00, 0x00, 0x00, 0x00, 0x04, 0x39, 0x00, 0x00, 0x00, 0x11, 
0x00, 0x00, 0x00, 0x0E, 0x00, 0x00, 0x00, 0x0E, 0x00, 0x00, 0x00, 0x11, 0x00, 0x00, 0x00, 0x00, 
0x00, 0x00, 0x00, 0x00, 0x00, 0x00, 0x04, 0x3A, 0x00, 0x00, 0x00, 0x0D, 0x00, 0x00, 0x00, 0x0C, 
0x00, 0x00, 0x00, 0x0D, 0x00, 0x00, 0x00, 0x0D, 0x00, 0x00, 0x00, 0x01, 0x00, 0x00, 0x00, 0x00, 
0x00, 0x00, 0x04, 0x3B, 0x00, 0x00, 0x00, 0x0D, 0x00, 0x00, 0x00, 0x0D, 0x00, 0x00, 0x00, 0x0C, 
0x00, 0x00, 0x00, 0x0D, 0xFF, 0xFF, 0xFF, 0xFF, 0x00, 0x00, 0x00, 0x00, 0x00, 0x00, 0x04, 0x3C, 
0x00, 0x00, 0x00, 0x0D, 0x00, 0x00, 0x00, 0x12, 0x00, 0x00, 0x00, 0x12, 0x00, 0x00, 0x00, 0x0D, 
0xFF, 0xFF, 0xFF, 0xFF, 0x00, 0x00, 0x00, 0x00, 0x00, 0x00, 0x04, 0x3D, 0x00, 0x00, 0x00, 0x0D, 
0x00, 0x00, 0x00, 0x0C, 0x00, 0x00, 0x00, 0x0E, 0x00, 0x00, 0x00, 0x0D, 0x00, 0x00, 0x00, 0x01, 
0x00, 0x00, 0x00, 0x00, 0x00, 0x00, 0x04, 0x3E, 0x00, 0x00, 0x00, 0x0D, 0x00, 0x00, 0x00, 0x0C, 
0x00, 0x00, 0x00, 0x0E, 0x00, 0x00, 0x00, 0x0D, 0x00, 0x00, 0x00, 0x01, 0x00, 0x00, 0x00, 0x00, 
0x00, 0x00, 0x04, 0x3F, 0x00, 0x00, 0x00, 0x0D, 0x00, 0x00, 0x00, 0x0D, 0x00, 0x00, 0x00, 0x0E, 
0x00, 0x00, 0x00, 0x0D, 0x00, 0x00, 0x00, 0x00, 0x00, 0x00, 0x00, 0x00, 0x00, 0x00, 0x04, 0x40, 
0x00, 0x00, 0x00, 0x13, 0x00, 0x00, 0x00, 0x10, 0x00, 0x00, 0x00, 0x0E, 0x00, 0x00, 0x00, 0x0D, 
0xFF, 0xFF, 0xFF, 0xFD, 0x00, 0x00, 0x00, 0x00, 0x00, 0x00, 0x04, 0x41, 0x00, 0x00, 0x00, 0x0D, 
0x00, 0x00, 0x00, 0x0B, 0x00, 0x00, 0x00, 0x0C, 0x00, 0x00, 0x00, 0x0D, 0x00, 0x00, 0x00, 0x01, 
0x00, 0x00, 0x00, 0x00, 0x00, 0x00, 0x04, 0x42, 0x00, 0x00, 0x00, 0x0D, 0x00, 0x00, 0x00, 0x13, 
0x00, 0x00, 0x00, 0x14, 0x00, 0x00, 0x00, 0x0D, 0x00, 0x00, 0x00, 0x00, 0x00, 0x00, 0x00, 0x00, 
0x00, 0x00, 0x04, 0x43, 0x00, 0x00, 0x00, 0x13, 0x00, 0x00, 0x00, 0x0E, 0x00, 0x00, 0x00, 0x0C, 
0x00, 0x00, 0x00, 0x0D, 0xFF, 0xFF, 0xFF, 0xFE, 0x00, 0x00, 0x00, 0x00, 0x00, 0x00, 0x04, 0x44, 
0x00, 0x00, 0x00, 0x1A, 0x00, 0x00, 0x00, 0x12, 0x00, 0x00, 0x00, 0x14, 0x00, 0x00, 0x00, 0x14, 
0x00, 0x00, 0x00, 0x01, 0x00, 0x00, 0x00, 0x00, 0x00, 0x00, 0x04, 0x45, 0x00, 0x00, 0x00, 0x0D, 
0x00, 0x00, 0x00, 0x0D, 0x00, 0x00, 0x00, 0x0C, 0x00, 0x00, 0x00, 0x0D, 0xFF, 0xFF, 0xFF, 0xFF, 
0x00, 0x00, 0x00, 0x00, 0x00, 0x00, 0x04, 0x46, 0x00, 0x00, 0x00, 0x12, 0x00, 0x00, 0x00, 0x0E, 
0x00, 0x00, 0x00, 0x0E, 0x00, 0x00, 0x00, 0x0D, 0x00, 0x00, 0x00, 0x00, 0x00, 0x00, 0x00, 0x00, 
0x00, 0x00, 0x04, 0x47, 0x00, 0x00, 0x00, 0x0D, 0x00, 0x00, 0x00, 0x0C, 0x00, 0x00, 0x00, 0x0D, 
0x00, 0x00, 0x00, 0x0D, 0x00, 0x00, 0x00, 0x00, 0x00, 0x00, 0x00, 0x00, 0x00, 0x00, 0x04, 0x48, 
0x00, 0x00, 0x00, 0x0D, 0x00, 0x00, 0x00, 0x15, 0x00, 0x00, 0x00, 0x15, 0x00, 0x00, 0x00, 0x0D, 
0x00, 0x00, 0x00, 0x00, 0x00, 0x00, 0x00, 0x00, 0x00, 0x00, 0x04, 0x49, 0x00, 0x00, 0x00, 0x12, 
0x00, 0x00, 0x00, 0x15, 0x00, 0x00, 0x00, 0x15, 0x00, 0x00, 0x00, 0x0D, 0x00, 0x00, 0x00, 0x00, 
0x00, 0x00, 0x00, 0x00, 0x00, 0x00, 0x04, 0x4A, 0x00, 0x00, 0x00, 0x0D, 0x00, 0x00, 0x00, 0x0C, 
0x00, 0x00, 0x00, 0x0F, 0x00, 0x00, 0x00, 0x0D, 0x00, 0x00, 0x00, 0x01, 0x00, 0x00, 0x00, 0x00, 
0x00, 0x00, 0x04, 0x4B, 0x00, 0x00, 0x00, 0x0D, 0x00, 0x00, 0x00, 0x13, 0x00, 0x00, 0x00, 0x13, 
0x00, 0x00, 0x00, 0x0D, 0x00, 0x00, 0x00, 0x00, 0x00, 0x00, 0x00, 0x00, 0x00, 0x00, 0x04, 0x4C, 
0x00, 0x00, 0x00, 0x0D, 0x00, 0x00, 0x00, 0x0B, 0x00, 0x00, 0x00, 0x0D, 0x00, 0x00, 0x00, 0x0D, 
0x00, 0x00, 0x00, 0x00, 0x00, 0x00, 0x00, 0x00, 0x00, 0x00, 0x04, 0x4D, 0x00, 0x00, 0x00, 0x0D, 
0x00, 0x00, 0x00, 0x0B, 0x00, 0x00, 0x00, 0x0C, 0x00, 0x00, 0x00, 0x0D, 0x00, 0x00, 0x00, 0x00, 
0x00, 0x00, 0x00, 0x00, 0x00, 0x00, 0x04, 0x4E, 0x00, 0x00, 0x00, 0x0D, 0x00, 0x00, 0x00, 0x12, 
0x00, 0x00, 0x00, 0x14, 0x00, 0x00, 0x00, 0x0D, 0x00, 0x00, 0x00, 0x01, 0x00, 0x00, 0x00, 0x00, 
0x00, 0x00, 0x04, 0x4F, 0x00, 0x00, 0x00, 0x0D, 0x00, 0x00, 0x00, 0x0E, 0x00, 0x00, 0x00, 0x0D, 
0x00, 0x00, 0x00, 0x0D, 0xFF, 0xFF, 0xFF, 0xFF, 0x00, 0x00, 0x00, 0x00, 0x00, 0x00, 0x04, 0x51, 
0x00, 0x00, 0x00, 0x14, 0x00, 0x00, 0x00, 0x0E, 0x00, 0x00, 0x00, 0x0C, 0x00, 0x00, 0x00, 0x13, 
0x00, 0x00, 0x00, 0x00, 0x00, 0x00, 0x00, 0x00, 0x00, 0x00, 0x20, 0x0C, 0x00, 0x00, 0x00, 0x01, 
0x00, 0x00, 0x00, 0x01, 0x00, 0x00, 0x00, 0x00, 0x00, 0x00, 0x00, 0x38, 0xFF, 0xFF, 0xFF, 0xE4, 
0x00, 0x00, 0x00, 0x00, 0x00, 0x00, 0x20, 0x0D, 0x00, 0x00, 0x00, 0x01, 0x00, 0x00, 0x00, 0x01, 
0x00, 0x00, 0x00, 0x00, 0x00, 0x00, 0x00, 0x38, 0xFF, 0xFF, 0xFF, 0xE4, 0x00, 0x00, 0x00, 0x00, 
0x00, 0x00, 0x20, 0x0E, 0x00, 0x00, 0x00, 0x01, 0x00, 0x00, 0x00, 0x01, 0x00, 0x00, 0x00, 0x00, 
0x00, 0x00, 0x00, 0x38, 0xFF, 0xFF, 0xFF, 0xE4, 0x00, 0x00, 0x00, 0x00, 0x00, 0x00, 0x20, 0x0F, 
0x00, 0x00, 0x00, 0x01, 0x00, 0x00, 0x00, 0x01, 0x00, 0x00, 0x00, 0x00, 0x00, 0x00, 0x00, 0x38, 
0xFF, 0xFF, 0xFF, 0xE4, 0x00, 0x00, 0x00, 0x00, 0x00, 0x00, 0x20, 0x13, 0x00, 0x00, 0x00, 0x01, 
0x00, 0x00, 0x00, 0x0F, 0x00, 0x00, 0x00, 0x0E, 0x00, 0x00, 0x00, 0x07, 0xFF, 0xFF, 0xFF, 0xFF, 
0x00, 0x00, 0x00, 0x00, 0x00, 0x00, 0x20, 0x14, 0x00, 0x00, 0x00, 0x01, 0x00, 0x00, 0x00, 0x1A, 
0x00, 0x00, 0x00, 0x19, 0x00, 0x00, 0x00, 0x07, 0xFF, 0xFF, 0xFF, 0xFF, 0x00, 0x00, 0x00, 0x00, 
0x00, 0x00, 0x20, 0x15, 0x00, 0x00, 0x00, 0x02, 0x00, 0x00, 0x00, 0x1C, 0x00, 0x00, 0x00, 0x1C, 
0x00, 0x00, 0x00, 0x08, 0x00, 0x00, 0x00, 0x01, 0x00, 0x00, 0x00, 0x00, 0x00, 0x00, 0x20, 0x18, 
0x00, 0x00, 0x00, 0x06, 0x00, 0x00, 0x00, 0x04, 0x00, 0x00, 0x00, 0x09, 0x00, 0x00, 0x00, 0x13, 
0x00, 0x00, 0x00, 0x06, 0x00, 0x00, 0x00, 0x00, 0x00, 0x00, 0x20, 0x19, 0x00, 0x00, 0x00, 0x06, 
0x00, 0x00, 0x00, 0x04, 0x00, 0x00, 0x00, 0x09, 0x00, 0x00, 0x00, 0x13, 0x00, 0x00, 0x00, 0x06, 
0x00, 0x00, 0x00, 0x00, 0x00, 0x00, 0x20, 0x1A, 0x00, 0x00, 0x00, 0x06, 0x00, 0x00, 0x00, 0x04, 
0x00, 0x00, 0x00, 0x09, 0x00, 0x00, 0x00, 0x02, 0x00, 0x00, 0x00, 0x01, 0x00, 0x00, 0x00, 0x00, 
0x00, 0x00, 0x20, 0x1B, 0x00, 0x00, 0x00, 0x06, 0x00, 0x00, 0x00, 0x03, 0x00, 0x00, 0x00, 0x09, 
0x00, 0x00, 0x00, 0x13, 0x00, 0x00, 0x00, 0x06, 0x00, 0x00, 0x00, 0x00, 0x00, 0x00, 0x20, 0x1C, 
0x00, 0x00, 0x00, 0x06, 0x00, 0x00, 0x00, 0x0A, 0x00, 0x00, 0x00, 0x10, 0x00, 0x00, 0x00, 0x13, 
0x00, 0x00, 0x00, 0x05, 0x00, 0x00, 0x00, 0x00, 0x00, 0x00, 0x20, 0x1D, 0x00, 0x00, 0x00, 0x06, 
0x00, 0x00, 0x00, 0x0A, 0x00, 0x00, 0x00, 0x10, 0x00, 0x00, 0x00, 0x13, 0x00, 0x00, 0x00, 0x05, 
0x00, 0x00, 0x00, 0x00, 0x00, 0x00, 0x20, 0x1E, 0x00, 0x00, 0x00, 0x06, 0x00, 0x00, 0x00, 0x0A, 
0x00, 0x00, 0x00, 0x10, 0x00, 0x00, 0x00, 0x02, 0x00, 0x00, 0x00, 0x01, 0x00, 0x00, 0x00, 0x00, 
0x00, 0x00, 0x20, 0x28, 0x00, 0x00, 0x00, 0x01, 0x00, 0x00, 0x00, 0x01, 0x00, 0x00, 0x00, 0x00, 
0x00, 0x00, 0x00, 0x38, 0xFF, 0xFF, 0xFF, 0xE4, 0x00, 0x00, 0x00, 0x00, 0x00, 0x00, 0x20, 0x29, 
0x00, 0x00, 0x00, 0x01, 0x00, 0x00, 0x00, 0x01, 0x00, 0x00, 0x00, 0x00, 0x00, 0x00, 0x00, 0x38, 
0xFF, 0xFF, 0xFF, 0xE4, 0x00, 0x00, 0x00, 0x00, 0x00, 0x00, 0x20, 0x2A, 0x00, 0x00, 0x00, 0x01, 
0x00, 0x00, 0x00, 0x01, 0x00, 0x00, 0x00, 0x00, 0x00, 0x00, 0x00, 0x38, 0xFF, 0xFF, 0xFF, 0xE4, 
0x00, 0x00, 0x00, 0x00, 0x00, 0x00, 0x20, 0x2B, 0x00, 0x00, 0x00, 0x01, 0x00, 0x00, 0x00, 0x01, 
0x00, 0x00, 0x00, 0x00, 0x00, 0x00, 0x00, 0x38, 0xFF, 0xFF, 0xFF, 0xE4, 0x00, 0x00, 0x00, 0x00, 
0x00, 0x00, 0x20, 0x2C, 0x00, 0x00, 0x00, 0x01, 0x00, 0x00, 0x00, 0x01, 0x00, 0x00, 0x00, 0x00, 
0x00, 0x00, 0x00, 0x38, 0xFF, 0xFF, 0xFF, 0xE4, 0x00, 0x00, 0x00, 0x00, 0x00, 0x00, 0x20, 0x2D, 
0x00, 0x00, 0x00, 0x01, 0x00, 0x00, 0x00, 0x01, 0x00, 0x00, 0x00, 0x00, 0x00, 0x00, 0x00, 0x38, 
0xFF, 0xFF, 0xFF, 0xE4, 0x00, 0x00, 0x00, 0x00, 0x00, 0x00, 0x20, 0x2E, 0x00, 0x00, 0x00, 0x01, 
0x00, 0x00, 0x00, 0x01, 0x00, 0x00, 0x00, 0x00, 0x00, 0x00, 0x00, 0x38, 0xFF, 0xFF, 0xFF, 0xE4, 
0x00, 0x00, 0x00, 0x00, 0x00, 0x00, 0x20, 0x33, 0x00, 0x00, 0x00, 0x08, 0x00, 0x00, 0x00, 0x0A, 
0x00, 0x00, 0x00, 0x0C, 0x00, 0x00, 0x00, 0x13, 0x00, 0x00, 0x00, 0x04, 0x00, 0x00, 0x00, 0x00, 
0x00, 0x00, 0x20, 0x39, 0x00, 0x00, 0x00, 0x0D, 0x00, 0x00, 0x00, 0x08, 0x00, 0x00, 0x00, 0x09, 
0x00, 0x00, 0x00, 0x0D, 0x00, 0x00, 0x00, 0x01, 0x00, 0x00, 0x00, 0x00, 0x00, 0x00, 0x20, 0x3A, 
0x00, 0x00, 0x00, 0x0D, 0x00, 0x00, 0x00, 0x08, 0x00, 0x00, 0x00, 0x09, 0x00, 0x00, 0x00, 0x0D, 
0x00, 0x00, 0x00, 0x00, 0x00, 0x00, 0x00, 0x00, 0x00, 0x00, 0x20, 0x44, 0x00, 0x00, 0x00, 0x14, 
0x00, 0x00, 0x00, 0x0F, 0x00, 0x00, 0x00, 0x05, 0x00, 0x00, 0x00, 0x13, 0xFF, 0xFF, 0xFF, 0xFB, 
0x00, 0x00, 0x00, 0x00, 0x00, 0x00, 0x20, 0x6A, 0x00, 0x00, 0x00, 0x01, 0x00, 0x00, 0x00, 0x01, 
0x00, 0x00, 0x00, 0x00, 0x00, 0x00, 0x00, 0x38, 0xFF, 0xFF, 0xFF, 0xE4, 0x00, 0x00, 0x00, 0x00, 
0x00, 0x00, 0x20, 0x6B, 0x00, 0x00, 0x00, 0x01, 0x00, 0x00, 0x00, 0x01, 0x00, 0x00, 0x00, 0x00, 
0x00, 0x00, 0x00, 0x38, 0xFF, 0xFF, 0xFF, 0xE4, 0x00, 0x00, 0x00, 0x00, 0x00, 0x00, 0x20, 0x6C, 
0x00, 0x00, 0x00, 0x01, 0x00, 0x00, 0x00, 0x01, 0x00, 0x00, 0x00, 0x00, 0x00, 0x00, 0x00, 0x38, 
0xFF, 0xFF, 0xFF, 0xE4, 0x00, 0x00, 0x00, 0x00, 0x00, 0x00, 0x20, 0x6D, 0x00, 0x00, 0x00, 0x01, 
0x00, 0x00, 0x00, 0x01, 0x00, 0x00, 0x00, 0x00, 0x00, 0x00, 0x00, 0x38, 0xFF, 0xFF, 0xFF, 0xE4, 
0x00, 0x00, 0x00, 0x00, 0x00, 0x00, 0x20, 0x6E, 0x00, 0x00, 0x00, 0x01, 0x00, 0x00, 0x00, 0x01, 
0x00, 0x00, 0x00, 0x00, 0x00, 0x00, 0x00, 0x38, 0xFF, 0xFF, 0xFF, 0xE4, 0x00, 0x00, 0x00, 0x00, 
0x00, 0x00, 0x20, 0x6F, 0x00, 0x00, 0x00, 0x01, 0x00, 0x00, 0x00, 0x01, 0x00, 0x00, 0x00, 0x00, 
0x00, 0x00, 0x00, 0x38, 0xFF, 0xFF, 0xFF, 0xE4, 0x00, 0x00, 0x00, 0x00, 0x00, 0x00, 0x21, 0x90, 
0x00, 0x00, 0x00, 0x0A, 0x00, 0x00, 0x00, 0x1A, 0x00, 0x00, 0x00, 0x1C, 0x00, 0x00, 0x00, 0x0D, 
0x00, 0x00, 0x00, 0x01, 0x00, 0x00, 0x00, 0x00, 0x00, 0x00, 0x21, 0x91, 0x00, 0x00, 0x00, 0x19, 
0x00, 0x00, 0x00, 0x0A, 0x00, 0x00, 0x00, 0x0E, 0x00, 0x00, 0x00, 0x13, 0x00, 0x00, 0x00, 0x02, 
0x00, 0x00, 0x00, 0x00, 0x00, 0x00, 0x21, 0x92, 0x00, 0x00, 0x00, 0x0A, 0x00, 0x00, 0x00, 0x1A, 
0x00, 0x00, 0x00, 0x1C, 0x00, 0x00, 0x00, 0x0D, 0x00, 0x00, 0x00, 0x01, 0x00, 0x00, 0x00, 0x00, 
0x00, 0x00, 0x21, 0x93, 0x00, 0x00, 0x00, 0x18, 0x00, 0x00, 0x00, 0x0A, 0x00, 0x00, 0x00, 0x0E, 
0x00, 0x00, 0x00, 0x12, 0x00, 0x00, 0x00, 0x02, 0x00, 0x00, 0x00, 0x00, 0x00, 0x00, 0x21, 0x94, 
0x00, 0x00, 0x00, 0x0A, 0x00, 0x00, 0x00, 0x1A, 0x00, 0x00, 0x00, 0x1C, 0x00, 0x00, 0x00, 0x0D, 
0x00, 0x00, 0x00, 0x01, 0x00, 0x00, 0x00, 0x00, 0x00, 0x00, 0x21, 0x95, 0x00, 0x00, 0x00, 0x1A, 
0x00, 0x00, 0x00, 0x0A, 0x00, 0x00, 0x00, 0x0E, 0x00, 0x00, 0x00, 0x14, 0x00, 0x00, 0x00, 0x02, 
0x00, 0x00, 0x00, 0x00, 0x00, 0x00, 0x22, 0x12, 0x00, 0x00, 0x00, 0x01, 0x00, 0x00, 0x00, 0x0F, 
0x00, 0x00, 0x00, 0x13, 0x00, 0x00, 0x00, 0x0A, 0x00, 0x00, 0x00, 0x02, 0x00, 0x00, 0x00, 0x00, 
0x00, 0x00, 0x22, 0x15, 0x00, 0x00, 0x00, 0x14, 0x00, 0x00, 0x00, 0x0F, 0x00, 0x00, 0x00, 0x05, 
0x00, 0x00, 0x00, 0x13, 0xFF, 0xFF, 0xFF, 0xFB, 0x00, 0x00, 0x00, 0x00, 0x00, 0x00, 0x22, 0x19, 
0x00, 0x00, 0x00, 0x02, 0x00, 0x00, 0x00, 0x02, 0x00, 0x00, 0x00, 0x07, 0x00, 0x00, 0x00, 0x0A, 
0x00, 0x00, 0x00, 0x03, 0x00, 0x00, 0x00, 0x00, 0x00, 0x00, 0x22, 0x1A, 0x00, 0x00, 0x00, 0x1B, 
0x00, 0x00, 0x00, 0x0E, 0x00, 0x00, 0x00, 0x0F, 0x00, 0x00, 0x00, 0x1A, 0x00, 0x00, 0x00, 0x01, 
0x00, 0x00, 0x00, 0x00, 0x00, 0x00, 0x22, 0x1E, 0x00, 0x00, 0x00, 0x0B, 0x00, 0x00, 0x00, 0x13, 
0x00, 0x00, 0x00, 0x15, 0x00, 0x00, 0x00, 0x0D, 0x00, 0x00, 0x00, 0x01, 0x00, 0x00, 0x00, 0x00, 
0x00, 0x00, 0x22, 0x48, 0x00, 0x00, 0x00, 0x0A, 0x00, 0x00, 0x00, 0x0E, 0x00, 0x00, 0x00, 0x10, 
0x00, 0x00, 0x00, 0x0E, 0x00, 0x00, 0x00, 0x01, 0x00, 0x00, 0x00, 0x00, 0x00, 0x00, 0x22, 0x60, 
0x00, 0x00, 0x00, 0x16, 0x00, 0x00, 0x00, 0x0F, 0x00, 0x00, 0x00, 0x0F, 0x00, 0x00, 0x00, 0x12, 
0x00, 0x00, 0x00, 0x00, 0x00, 0x00, 0x00, 0x00, 0x00, 0x00, 0x26, 0x3A, 0x00, 0x00, 0x00, 0x12, 
0x00, 0x00, 0x00, 0x13, 0x00, 0x00, 0x00, 0x1D, 0x00, 0x00, 0x00, 0x10, 0x00, 0x00, 0x00, 0x05, 
0x00, 0x00, 0x00, 0x00, 0x00, 0x00, 0x26, 0x3B, 0x00, 0x00, 0x00, 0x12, 0x00, 0x00, 0x00, 0x12, 
0x00, 0x00, 0x00, 0x1D, 0x00, 0x00, 0x00, 0x10, 0x00, 0x00, 0x00, 0x06, 0x00, 0x00, 0x00, 0x00, 
0x00, 0x00, 0x26, 0x3C, 0x00, 0x00, 0x00, 0x1B, 0x00, 0x00, 0x00, 0x1A, 0x00, 0x00, 0x00, 0x19, 
0x00, 0x00, 0x00, 0x17, 0x00, 0x00, 0x00, 0x00, 0x00, 0x00, 0x00, 0x00, 0x00, 0x00, 0x26, 0x40, 
0x00, 0x00, 0x00, 0x1B, 0x00, 0x00, 0x00, 0x0F, 0x00, 0x00, 0x00, 0x15, 0x00, 0x00, 0x00, 0x15, 
0x00, 0x00, 0x00, 0x03, 0x00, 0x00, 0x00, 0x00, 0x00, 0x00, 0x26, 0x42, 0x00, 0x00, 0x00, 0x1B, 
0x00, 0x00, 0x00, 0x13, 0x00, 0x00, 0x00, 0x15, 0x00, 0x00, 0x00, 0x17, 0x00, 0x00, 0x00, 0x01, 
0x00, 0x00, 0x00, 0x00, 0x00, 0x00, 0x26, 0x60, 0x00, 0x00, 0x00, 0x11, 0x00, 0x00, 0x00, 0x0E, 
0x00, 0x00, 0x00, 0x0F, 0x00, 0x00, 0x00, 0x11, 0x00, 0x00, 0x00, 0x01, 0x00, 0x00, 0x00, 0x00, 
0x00, 0x00, 0x26, 0x63, 0x00, 0x00, 0x00, 0x11, 0x00, 0x00, 0x00, 0x12, 0x00, 0x00, 0x00, 0x12, 
0x00, 0x00, 0x00, 0x11, 0x00, 0x00, 0x00, 0x00, 0x00, 0x00, 0x00, 0x00, 0x00, 0x00, 0x26, 0x65, 
0x00, 0x00, 0x00, 0x12, 0x00, 0x00, 0x00, 0x0F, 0x00, 0x00, 0x00, 0x11, 0x00, 0x00, 0x00, 0x11, 
0x00, 0x00, 0x00, 0x01, 0x00, 0x00, 0x00, 0x00, 0x00, 0x00, 0x26, 0x66, 0x00, 0x00, 0x00, 0x12, 
0x00, 0x00, 0x00, 0x0D, 0x00, 0x00, 0x00, 0x0E, 0x00, 0x00, 0x00, 0x11, 0x00, 0x00, 0x00, 0x01, 
0x00, 0x00, 0x00, 0x00, 0x00, 0x00, 0x26, 0x6A, 0x00, 0x00, 0x00, 0x14, 0x00, 0x00, 0x00, 0x0E, 
0x00, 0x00, 0x00, 0x0E, 0x00, 0x00, 0x00, 0x13, 0x00, 0x00, 0x00, 0x00, 0x00, 0x00, 0x00, 0x00, 
0x00, 0x00, 0x26, 0x6B, 0x00, 0x00, 0x00, 0x17, 0x00, 0x00, 0x00, 0x12, 0x00, 0x00, 0x00, 0x15, 
0x00, 0x00, 0x00, 0x15, 0x00, 0x00, 0x00, 0x01, 0x00, 0x00, 0x00, 0x00, 0x00, 0x00, 0x26, 0x6F, 
0x00, 0x00, 0x00, 0x17, 0x00, 0x00, 0x00, 0x12, 0x00, 0x00, 0x00, 0x0E, 0x00, 0x00, 0x00, 0x14, 
0xFF, 0xFF, 0xFF, 0xFF, 0x00, 0x00, 0x00, 0x00, 0x00, 0x00, 0x00, 0x00, 0x00, 0x00, 0x00, 0x00, 
0x00, 0x00, 0x00, 0x5E, 0xC9, 0x00, 0x00, 0x00, 0x00, 0xCF, 0xF8, 0x00, 0x00, 0x00, 0x0A, 0xFD, 
0xD8, 0x00, 0x00, 0x00, 0x2D, 0xFF, 0xA5, 0x00, 0x00, 0x00, 0x50, 0xFF, 0x6D, 0x00, 0x00, 0x00, 
0x71, 0xFF, 0x32, 0x00, 0x00, 0x00, 0x92, 0xF3, 0x03, 0x00, 0x00, 0x00, 0xB3, 0xB8, 0x00, 0x00, 
0x00, 0x00, 0xD6, 0x79, 0x00, 0x00, 0x00, 0x02, 0xF7, 0x3A, 0x00, 0x00, 0x00, 0x21, 0xF5, 0x05, 
0x00, 0x00, 0x00, 0x4B, 0xBB, 0x00, 0x00, 0x00, 0x00, 0x7A, 0x84, 0x00, 0x00, 0x00, 0x00, 0xAE, 
0x4F, 0x00, 0x00, 0x00, 0x00, 0xE5, 0x1A, 0x00, 0x00, 0x00, 0x00, 0x00, 0x00, 0x00, 0x00, 0x00, 
0x00, 0x00, 0x00, 0x00, 0x00, 0xC5, 0xC4, 0x00, 0x00, 0x00, 0x00, 0xC7, 0xC5, 0x00, 0x00, 0x00, 
0x00, 0x00, 0x69, 0xEE, 0xC2, 0x00, 0x00, 0x00, 0x60, 0xE2, 0xC7, 0x18, 0xFA, 0xFF, 0xE0, 0x00, 
0x00, 0x1E, 0xFD, 0xFF, 0xDC, 0x54, 0xFF, 0xFF, 0x8B, 0x00, 0x00, 0x5F, 0xFF, 0xFF, 0x82, 0x7A, 
0xFF, 0xFF, 0x2C, 0x00, 0x00, 0x80, 0xFF, 0xF7, 0x19, 0x99, 0xFF, 0xAE, 0x00, 0x00, 0x00, 0x9F, 
0xFF, 0x8D, 0x00, 0xB6, 0xF8, 0x22, 0x00, 0x00, 0x00, 0xBB, 0xF2, 0x14, 0x00, 0xD4, 0x86, 0x00, 
0x00, 0x00, 0x00, 0xD7, 0x7E, 0x00, 0x00, 0xD7, 0x0C, 0x00, 0x00, 0x00, 0x00, 0xDD, 0x0D, 0x00, 
0x00, 0x00, 0x00, 0x00, 0x00, 0x19, 0xE1, 0x00, 0x00, 0x00, 0x00, 0x19, 0xE1, 0x00, 0x00, 0x00, 
0x00, 0x00, 0x4D, 0xAE, 0x00, 0x00, 0x00, 0x00, 0x4D, 0xAE, 0x00, 0x00, 0x00, 0x00, 0x00, 0x81, 
0x7B, 0x00, 0x00, 0x00, 0x00, 0x81, 0x7B, 0x00, 0x00, 0x00, 0x00, 0x00, 0xB4, 0x47, 0x00, 0x00, 
0x00, 0x00, 0xB4, 0x47, 0x00, 0x00, 0x00, 0x00, 0x00, 0xE7, 0x14, 0x00, 0x00, 0x00, 0x00, 0xE7, 
0x14, 0x00, 0x00, 0x00, 0x00, 0x1B, 0xE0, 0x00, 0x00, 0x00, 0x00, 0x1B, 0xE0, 0x00, 0x00, 0x00, 
0x00, 0x00, 0x4E, 0xAD, 0x00, 0x00, 0x00, 0x00, 0x4E, 0xAD, 0x00, 0x00, 0xFF, 0xFF, 0xFF, 0xFF, 
0xFF, 0xFF, 0xFF, 0xFF, 0xFF, 0xFF, 0xFF, 0xFF, 0xFF, 0x00, 0x00, 0x00, 0xB2, 0x49, 0x00, 0x00, 
0x00, 0x00, 0xB2, 0x49, 0x00, 0x00, 0x00, 0x00, 0x00, 0xE5, 0x16, 0x00, 0x00, 0x00, 0x00, 0xE5, 
0x16, 0x00, 0x00, 0x00, 0x00, 0x18, 0xE3, 0x00, 0x00, 0x00, 0x00, 0x18, 0xE3, 0x00, 0x00, 0x00, 
0x00, 0x00, 0x4B, 0xB0, 0x00, 0x00, 0x00, 0x00, 0x4B, 0xB0, 0x00, 0x00, 0x00, 0x00, 0x00, 0x7E, 
0x7D, 0x00, 0x00, 0x00, 0x00, 0x7E, 0x7D, 0x00, 0x00, 0x00, 0xFF, 0xFF, 0xFF, 0xFF, 0xFF, 0xFF, 
0xFF, 0xFF, 0xFF, 0xFF, 0xFF, 0xFF, 0xFF, 0x00, 0x00, 0xE6, 0x16, 0x00, 0x00, 0x00, 0x00, 0xE6, 
0x16, 0x00, 0x00, 0x00, 0x00, 0x19, 0xE2, 0x00, 0x00, 0x00, 0x00, 0x19, 0xE2, 0x00, 0x00, 0x00, 
0x00, 0x00, 0x4D, 0xAF, 0x00, 0x00, 0x00, 0x00, 0x4D, 0xAF, 0x00, 0x00, 0x00, 0x00, 0x00, 0x80, 
0x7B, 0x00, 0x00, 0x00, 0x00, 0x80, 0x7B, 0x00, 0x00, 0x00, 0x00, 0x00, 0xB3, 0x48, 0x00, 0x00, 
0x00, 0x00, 0xB3, 0x48, 0x00, 0x00, 0x00, 0x00, 0x00, 0xE6, 0x15, 0x00, 0x00, 0x00, 0x00, 0xE6, 
0x15, 0x00, 0x00, 0x00, 0x00, 0x00, 0x00, 0x00, 0x00, 0x00, 0x00, 0x00, 0x00, 0xD2, 0x2A, 0x00, 
0x00, 0x00, 0x00, 0x00, 0x00, 0x14, 0x9C, 0xEE, 0xFF, 0xFF, 0x99, 0x29, 0x00, 0x00, 0x00, 0x00, 
0x13, 0xDA, 0xDE, 0x30, 0x55, 0xC1, 0xDC, 0xFA, 0x6D, 0x00, 0x00, 0x00, 0x93, 0xFF, 0x4E, 0x00, 
0x96, 0x66, 0x43, 0xFF, 0xD4, 0x00, 0x00, 0x00, 0xE2, 0xFF, 0x10, 0x00, 0xD8, 0x25, 0x03, 0xFC, 
0x7F, 0x00, 0x00, 0x00, 0xFA, 0xFF, 0x16, 0x19, 0xE3, 0x00, 0x00, 0xF7, 0x2A, 0x00, 0x00, 0x00, 
0xE4, 0xFF, 0x4D, 0x5B, 0xA2, 0x00, 0x00, 0x00, 0x00, 0x00, 0x00, 0x00, 0xA2, 0xFF, 0xC8, 0x9E, 
0x60, 0x00, 0x00, 0x00, 0x00, 0x00, 0x00, 0x00, 0x2D, 0xFA, 0xFF, 0xFC, 0x2D, 0x00, 0x00, 0x00, 
0x00, 0x00, 0x00, 0x00, 0x00, 0x74, 0xFF, 0xFF, 0xDC, 0x2C, 0x00, 0x00, 0x00, 0x00, 0x00, 0x00, 
0x00, 0x00, 0xA3, 0xFF, 0xFF, 0xF0, 0x38, 0x00, 0x00, 0x00, 0x00, 0x00, 0x00, 0x00, 0xA3, 0xAE, 
0xFC, 0xFF, 0xED, 0x1E, 0x00, 0x00, 0x00, 0x00, 0x00, 0x00, 0xE3, 0x16, 0x51, 0xFD, 0xFF, 0x9D, 
0x00, 0x00, 0x00, 0x00, 0x00, 0x28, 0xD4, 0x00, 0x00, 0x84, 0xFF, 0xE7, 0x00, 0x20, 0xEE, 0x00, 
0x00, 0x6A, 0x92, 0x00, 0x00, 0x1B, 0xFF, 0xF4, 0x00, 0x61, 0xDC, 0x00, 0x00, 0xAC, 0x51, 0x00, 
0x00, 0x0E, 0xFF, 0xCE, 0x00, 0xA1, 0xF1, 0x01, 0x01, 0xEA, 0x11, 0x00, 0x00, 0x4C, 0xFF, 0x70, 
0x00, 0xE0, 0xFF, 0x44, 0x30, 0xCE, 0x00, 0x00, 0x0C, 0xD3, 0xD5, 0x0B, 0x00, 0x7E, 0xFF, 0xDB, 
0x93, 0x8C, 0x0A, 0x4F, 0xD7, 0xD7, 0x23, 0x00, 0x00, 0x00, 0x4C, 0xC8, 0xFF, 0xF7, 0xE6, 0xBF, 
0x6F, 0x08, 0x00, 0x00, 0x00, 0x00, 0x00, 0x03, 0xEB, 0x0B, 0x00, 0x00, 0x00, 0x00, 0x00, 0x00, 
0x00, 0x00, 0x00, 0x37, 0xC4, 0x00, 0x00, 0x00, 0x00, 0x00, 0x00, 0x00, 0x00, 0x00, 0x00, 0x02, 
0x68, 0xD0, 0xF7, 0xDB, 0x5D, 0x00, 0x00, 0x00, 0x00, 0x00, 0x00, 0x00, 0x00, 0x00, 0x00, 0x1F, 
0xE0, 0xE0, 0x1F, 0x00, 0x0B, 0xB7, 0xFE, 0x78, 0x0D, 0x6B, 0xFF, 0x4B, 0x00, 0x00, 0x00, 0x00, 
0x00, 0x00, 0x00, 0x00, 0x1F, 0xE0, 0xE0, 0x1F, 0x00, 0x00, 0xB0, 0xFF, 0x8F, 0x00, 0x00, 0x09, 
0xFF, 0xC8, 0x00, 0x00, 0x00, 0x00, 0x00, 0x00, 0x00, 0x1F, 0xE0, 0xE0, 0x1F, 0x00, 0x00, 0x54, 
0xFF, 0xF1, 0x0F, 0x00, 0x00, 0x1E, 0xFF, 0xF3, 0x00, 0x00, 0x00, 0x00, 0x00, 0x00, 0x1F, 0xE0, 
0xE0, 0x1F, 0x00, 0x00, 0x00, 0xBA, 0xFF, 0x9B, 0x00, 0x00, 0x00, 0x4F, 0xFF, 0xEE, 0x00, 0x00, 
0x00, 0x00, 0x00, 0x1F, 0xE0, 0xE0, 0x1F, 0x00, 0x00, 0x00, 0x00, 0xEE, 0xFF, 0x4D, 0x00, 0x00, 
0x00, 0xA5, 0xFF, 0xBD, 0x00, 0x00, 0x00, 0x00, 0x1F, 0xE0, 0xE0, 0x1F, 0x00, 0x00, 0x00, 0x00, 
0x00, 0xF9, 0xFF, 0x1D, 0x00, 0x00, 0x19, 0xF7, 0xFF, 0x5C, 0x00, 0x00, 0x00, 0x1F, 0xE0, 0xE0, 
0x1F, 0x00, 0x00, 0x00, 0x00, 0x00, 0x00, 0xCD, 0xFF, 0x08, 0x00, 0x00, 0xA5, 0xFF, 0xBD, 0x02, 
0x00, 0x00, 0x1F, 0xE0, 0xE0, 0x1F, 0x00, 0x00, 0x00, 0x00, 0x00, 0x00, 0x00, 0x52, 0xFF, 0x6B, 
0x0B, 0x80, 0xFF, 0xC7, 0x12, 0x00, 0x00, 0x1F, 0xE0, 0xE0, 0x1F, 0x00, 0x00, 0x00, 0x00, 0x00, 
0x00, 0x00, 0x00, 0x00, 0x57, 0xD7, 0xF9, 0xD8, 0x76, 0x06, 0x00, 0x00, 0x1F, 0xE0, 0xE0, 0x1F, 
0x00, 0x00, 0x02, 0x69, 0xD2, 0xF8, 0xD8, 0x56, 0x00, 0x00, 0x00, 0x00, 0x00, 0x00, 0x00, 0x00, 
0x00, 0x1F, 0xE0, 0xE0, 0x1F, 0x00, 0x00, 0x0A, 0xB6, 0xFF, 0x7A, 0x0D, 0x6B, 0xFF, 0x51, 0x00, 
0x00, 0x00, 0x00, 0x00, 0x00, 0x00, 0x1F, 0xE0, 0xE0, 0x1F, 0x00, 0x00, 0x00, 0xAC, 0xFF, 0x9B, 
0x00, 0x00, 0x09, 0xFF, 0xCC, 0x00, 0x00, 0x00, 0x00, 0x00, 0x00, 0x1F, 0xE0, 0xE0, 0x1F, 0x00, 
0x00, 0x00, 0x4F, 0xFF, 0xF6, 0x15, 0x00, 0x00, 0x1E, 0xFF, 0xF8, 0x00, 0x00, 0x00, 0x00, 0x00, 
0x1F, 0xE0, 0xE0, 0x1F, 0x00, 0x00, 0x00, 0x00, 0xB5, 0xFF, 0xA3, 0x00, 0x00, 0x00, 0x50, 0xFF, 
0xE7, 0x00, 0x00, 0x00, 0x00, 0x1F, 0xE0, 0xE0, 0x1F, 0x00, 0x00, 0x00, 0x00, 0x00, 0xEC, 0xFF, 
0x51, 0x00, 0x00, 0x00, 0xA5, 0xFF, 0xB6, 0x00, 0x00, 0x00, 0x1F, 0xE0, 0xE0, 0x1F, 0x00, 0x00, 
0x00, 0x00, 0x00, 0x00, 0xF5, 0xFF, 0x1E, 0x00, 0x00, 0x1E, 0xF8, 0xFF, 0x4F, 0x00, 0x00, 0x1F, 
0xE0, 0xE0, 0x1F, 0x00, 0x00, 0x00, 0x00, 0x00, 0x00, 0x00, 0xCB, 0xFF, 0x09, 0x00, 0x00, 0xA6, 
0xFF, 0xB2, 0x00, 0x00, 0x1F, 0xE0, 0xE0, 0x1F, 0x00, 0x00, 0x00, 0x00, 0x00, 0x00, 0x00, 0x00, 
0x50, 0xFF, 0x6C, 0x0C, 0x81, 0xFF, 0xBE, 0x11, 0x00, 0x1F, 0xE0, 0xE0, 0x1F, 0x00, 0x00, 0x00, 
0x00, 0x00, 0x00, 0x00, 0x00, 0x00, 0x00, 0x5E, 0xD9, 0xF7, 0xD0, 0x6A, 0x04, 0x00, 0x00, 0x00, 
0x00, 0x00, 0x00, 0x00, 0x00, 0x00, 0x00, 0x00, 0x44, 0xBD, 0xF3, 0xEB, 0xA2, 0x12, 0x00, 0x00, 
0x00, 0x00, 0x00, 0x00, 0x00, 0x00, 0x00, 0x00, 0x00, 0x00, 0x00, 0x6E, 0xE2, 0x3D, 0x0D, 0x8D, 
0xFF, 0xAD, 0x00, 0x00, 0x00, 0x00, 0x00, 0x00, 0x00, 0x00, 0x00, 0x00, 0x00, 0x00, 0x32, 0xFC, 
0x53, 0x00, 0x00, 0x0D, 0xFF, 0xF3, 0x00, 0x00, 0x00, 0x00, 0x00, 0x00, 0x00, 0x00, 0x00, 0x00, 
0x00, 0x00, 0xA1, 0xFF, 0x13, 0x00, 0x00, 0x1B, 0xFF, 0xDA, 0x00, 0x00, 0x00, 0x00, 0x00, 0x00, 
0x00, 0x00, 0x00, 0x00, 0x00, 0x00, 0xDF, 0xFF, 0x01, 0x00, 0x00, 0x8A, 0xFF, 0x63, 0x00, 0x00, 
0x00, 0x00, 0x00, 0x00, 0x00, 0x00, 0x00, 0x00, 0x00, 0x00, 0xF9, 0xFF, 0x00, 0x03, 0x78, 0xFE, 
0x86, 0x00, 0x00, 0x00, 0x00, 0x00, 0x00, 0x00, 0x00, 0x00, 0x00, 0x00, 0x00, 0x00, 0xFF, 0xFF, 
0x65, 0xD8, 0xC4, 0x41, 0x00, 0x00, 0x00, 0x00, 0x00, 0x00, 0x00, 0x00, 0x00, 0x00, 0x00, 0x00, 
0x00, 0x23, 0xFF, 0xFF, 0x86, 0x2D, 0x00, 0x00, 0x00, 0x00, 0x00, 0x00, 0x00, 0x00, 0x00, 0x00, 
0x00, 0x00, 0x02, 0x50, 0xBE, 0xBA, 0xF8, 0xFF, 0x3A, 0x00, 0x00, 0x00, 0x00, 0x00, 0x00, 0x00, 
0x00, 0x00, 0x00, 0x00, 0x00, 0x3B, 0xD1, 0xC7, 0x33, 0x00, 0xC2, 0xFF, 0x82, 0x00, 0x00, 0x10, 
0xFF, 0xFF, 0xFF, 0xFF, 0xFF, 0xFF, 0x88, 0x00, 0x55, 0xFB, 0x9F, 0x04, 0x00, 0x00, 0x81, 0xFF, 
0xD6, 0x00, 0x00, 0x00, 0x0D, 0xEC, 0xFF, 0xE7, 0x75, 0x2C, 0x06, 0x24, 0xF7, 0xCA, 0x04, 0x00, 
0x00, 0x00, 0x2E, 0xFF, 0xFF, 0x31, 0x00, 0x00, 0x32, 0xFF, 0xBD, 0x11, 0x00, 0x00, 0x00, 0x9E, 
0xFF, 0x4A, 0x00, 0x00, 0x00, 0x00, 0x00, 0xD4, 0xFF, 0x98, 0x00, 0x06, 0xCA, 0xB3, 0x07, 0x00, 
0x00, 0x00, 0x00, 0xE5, 0xFF, 0x0B, 0x00, 0x00, 0x00, 0x00, 0x00, 0x6B, 0xFF, 0xF6, 0x19, 0xA3, 
0xB9, 0x07, 0x00, 0x00, 0x00, 0x00, 0x00, 0xFA, 0xFF, 0x0B, 0x00, 0x00, 0x00, 0x00, 0x00, 0x0B, 
0xED, 0xFF, 0xE3, 0xBA, 0x09, 0x00, 0x00, 0x00, 0x00, 0x00, 0x00, 0xE3, 0xFF, 0x48, 0x00, 0x00, 
0x00, 0x00, 0x00, 0x00, 0x6D, 0xFF, 0xFF, 0x34, 0x00, 0x00, 0x00, 0x00, 0x00, 0x00, 0x00, 0x97, 
0xFF, 0xCE, 0x09, 0x00, 0x00, 0x00, 0x00, 0x00, 0x69, 0xFF, 0xFF, 0xC7, 0x07, 0x00, 0x00, 0x00, 
0x00, 0x00, 0x00, 0x17, 0xE2, 0xFF, 0xCD, 0x48, 0x0B, 0x0A, 0x3B, 0xA4, 0x58, 0x7E, 0xFF, 0xFF, 
0xB9, 0x26, 0x18, 0x94, 0x89, 0x00, 0x00, 0x00, 0x18, 0x97, 0xE2, 0xFB, 0xEF, 0xC7, 0x7A, 0x10, 
0x00, 0x00, 0x4C, 0xC0, 0xF2, 0xF6, 0xCC, 0x5D, 0x00, 0x00, 0x00, 0x00, 0x6B, 0xEF, 0xC1, 0x18, 
0xFA, 0xFF, 0xDE, 0x56, 0xFF, 0xFF, 0x77, 0x7A, 0xFF, 0xEB, 0x0C, 0x99, 0xFF, 0x73, 0x00, 0xB6, 
0xE6, 0x09, 0x00, 0xD4, 0x6C, 0x00, 0x00, 0xD4, 0x07, 0x00, 0x00, 0x00, 0x00, 0x00, 0x00, 0x00, 
0x00, 0x00, 0x00, 0x05, 0x74, 0x00, 0x00, 0x00, 0x00, 0x00, 0x00, 0x00, 0x16, 0x9A, 0x1A, 0x00, 
0x00, 0x00, 0x00, 0x00, 0x00, 0x21, 0xB8, 0x16, 0x00, 0x00, 0x00, 0x00, 0x00, 0x00, 0x26, 0xDB, 
0x2E, 0x00, 0x00, 0x00, 0x00, 0x00, 0x00, 0x1D, 0xE6, 0x66, 0x00, 0x00, 0x00, 0x00, 0x00, 0x00, 
0x0C, 0xD0, 0xC6, 0x00, 0x00, 0x00, 0x00, 0x00, 0x00, 0x00, 0xA9, 0xFF, 0x3C, 0x00, 0x00, 0x00, 
0x00, 0x00, 0x00, 0x55, 0xFF, 0xC4, 0x00, 0x00, 0x00, 0x00, 0x00, 0x00, 0x0D, 0xE9, 0xFF, 0x57, 
0x00, 0x00, 0x00, 0x00, 0x00, 0x00, 0x77, 0xFF, 0xED, 0x07, 0x00, 0x00, 0x00, 0x00, 0x00, 0x02, 
0xE6, 0xFF, 0x9D, 0x00, 0x00, 0x00, 0x00, 0x00, 0x00, 0x3E, 0xFF, 0xFF, 0x4E, 0x00, 0x00, 0x00, 
0x00, 0x00, 0x00, 0x87, 0xFF, 0xFB, 0x0C, 0x00, 0x00, 0x00, 0x00, 0x00, 0x00, 0xB7, 0xFF, 0xC7, 
0x00, 0x00, 0x00, 0x00, 0x00, 0x00, 0x00, 0xDF, 0xFF, 0x8F, 0x00, 0x00, 0x00, 0x00, 0x00, 0x00, 
0x00, 0xF1, 0xFF, 0x5F, 0x00, 0x00, 0x00, 0x00, 0x00, 0x00, 0x00, 0xFC, 0xFF, 0x39, 0x00, 0x00, 
0x00, 0x00, 0x00, 0x00, 0x00, 0xF5, 0xFF, 0x1B, 0x00, 0x00, 0x00, 0x00, 0x00, 0x00, 0x00, 0xE4, 
0xFF, 0x0A, 0x00, 0x00, 0x00, 0x00, 0x00, 0x00, 0x00, 0xC2, 0xFF, 0x03, 0x00, 0x00, 0x00, 0x00, 
0x00, 0x00, 0x00, 0x97, 0xFF, 0x14, 0x00, 0x00, 0x00, 0x00, 0x00, 0x00, 0x00, 0x59, 0xFF, 0x2A, 
0x00, 0x00, 0x00, 0x00, 0x00, 0x00, 0x00, 0x19, 0xFF, 0x46, 0x00, 0x00, 0x00, 0x00, 0x00, 0x00, 
0x00, 0x00, 0xCF, 0x7C, 0x00, 0x00, 0x00, 0x00, 0x00, 0x00, 0x00, 0x00, 0x7C, 0xB6, 0x00, 0x00, 
0x00, 0x00, 0x00, 0x00, 0x00, 0x00, 0x29, 0xD2, 0x00, 0x00, 0x00, 0x00, 0x00, 0x00, 0x00, 0x00, 
0x00, 0x00, 0x00, 0x00, 0x00, 0x00, 0xCE, 0x29, 0x00, 0x00, 0x00, 0x00, 0x00, 0x00, 0x00, 0x00, 
0xB9, 0x7B, 0x00, 0x00, 0x00, 0x00, 0x00, 0x00, 0x00, 0x00, 0x80, 0xCE, 0x00, 0x00, 0x00, 0x00, 
0x00, 0x00, 0x00, 0x00, 0x49, 0xFF, 0x18, 0x00, 0x00, 0x00, 0x00, 0x00, 0x00, 0x00, 0x2C, 0xFF, 
0x56, 0x00, 0x00, 0x00, 0x00, 0x00, 0x00, 0x00, 0x16, 0xFF, 0x93, 0x00, 0x00, 0x00, 0x00, 0x00, 
0x00, 0x00, 0x04, 0xFF, 0xBF, 0x00, 0x00, 0x00, 0x00, 0x00, 0x00, 0x00, 0x0B, 0xFF, 0xE3, 0x00, 
0x00, 0x00, 0x00, 0x00, 0x00, 0x00, 0x1B, 0xFF, 0xF3, 0x00, 0x00, 0x00, 0x00, 0x00, 0x00, 0x00, 
0x39, 0xFF, 0xFC, 0x00, 0x00, 0x00, 0x00, 0x00, 0x00, 0x00, 0x5E, 0xFF, 0xEF, 0x00, 0x00, 0x00, 
0x00, 0x00, 0x00, 0x00, 0x8F, 0xFF, 0xDE, 0x00, 0x00, 0x00, 0x00, 0x00, 0x00, 0x00, 0xC5, 0xFF, 
0xB6, 0x00, 0x00, 0x00, 0x00, 0x00, 0x00, 0x0A, 0xFA, 0xFF, 0x86, 0x00, 0x00, 0x00, 0x00, 0x00, 
0x00, 0x4B, 0xFF, 0xFF, 0x3B, 0x00, 0x00, 0x00, 0x00, 0x00, 0x00, 0x9B, 0xFF, 0xE4, 0x02, 0x00, 
0x00, 0x00, 0x00, 0x00, 0x05, 0xEA, 0xFF, 0x74, 0x00, 0x00, 0x00, 0x00, 0x00, 0x00, 0x52, 0xFF, 
0xE7, 0x0C, 0x00, 0x00, 0x00, 0x00, 0x00, 0x00, 0xBE, 0xFF, 0x51, 0x00, 0x00, 0x00, 0x00, 0x00, 
0x00, 0x35, 0xFF, 0xA6, 0x00, 0x00, 0x00, 0x00, 0x00, 0x00, 0x00, 0xBF, 0xCE, 0x0B, 0x00, 0x00, 
0x00, 0x00, 0x00, 0x00, 0x5C, 0xE5, 0x1B, 0x00, 0x00, 0x00, 0x00, 0x00, 0x00, 0x27, 0xD6, 0x25, 
0x00, 0x00, 0x00, 0x00, 0x00, 0x00, 0x11, 0xB1, 0x20, 0x00, 0x00, 0x00, 0x00, 0x00, 0x00, 0x14, 
0x92, 0x16, 0x00, 0x00, 0x00, 0x00, 0x00, 0x00, 0x00, 0x6E, 0x05, 0x00, 0x00, 0x00, 0x00, 0x00, 
0x00, 0x00, 0x00, 0x00, 0x00, 0x00, 0x00, 0xA5, 0xF5, 0x77, 0x00, 0x00, 0x00, 0x00, 0x00, 0x00, 
0x00, 0x00, 0xA8, 0xFF, 0xB3, 0x00, 0x00, 0x00, 0x00, 0xC0, 0xEC, 0x75, 0x00, 0x6C, 0xFF, 0x7B, 
0x00, 0x73, 0xEE, 0xBF, 0xAD, 0xFF, 0xFF, 0x88, 0x37, 0xFF, 0x41, 0x85, 0xFF, 0xFF, 0xB4, 0x00, 
0x2D, 0x65, 0x9B, 0x8C, 0xFF, 0x9D, 0xA2, 0x6B, 0x2E, 0x00, 0x00, 0x33, 0x6D, 0xA9, 0x8C, 0xFF, 
0x84, 0xA1, 0x6D, 0x33, 0x00, 0xAC, 0xFF, 0xFF, 0x78, 0x33, 0xFF, 0x3B, 0x7A, 0xFF, 0xFF, 0xAE, 
0xBB, 0xEA, 0x69, 0x00, 0x76, 0xFF, 0x78, 0x00, 0x6C, 0xEC, 0xC1, 0x00, 0x00, 0x00, 0x00, 0xA8, 
0xFF, 0xB1, 0x00, 0x00, 0x00, 0x00, 0x00, 0x00, 0x00, 0x00, 0x6E, 0xF4, 0x76, 0x00, 0x00, 0x00, 
0x00, 0x00, 0x00, 0x00, 0x00, 0x00, 0x00, 0x00, 0xFF, 0x00, 0x00, 0x00, 0x00, 0x00, 0x00, 0x00, 
0x00, 0x00, 0x00, 0x00, 0x00, 0x00, 0x00, 0xFF, 0x00, 0x00, 0x00, 0x00, 0x00, 0x00, 0x00, 0x00, 
0x00, 0x00, 0x00, 0x00, 0x00, 0x00, 0xFF, 0x00, 0x00, 0x00, 0x00, 0x00, 0x00, 0x00, 0x00, 0x00, 
0x00, 0x00, 0x00, 0x00, 0x00, 0xFF, 0x00, 0x00, 0x00, 0x00, 0x00, 0x00, 0x00, 0x00, 0x00, 0x00, 
0x00, 0x00, 0x00, 0x00, 0xFF, 0x00, 0x00, 0x00, 0x00, 0x00, 0x00, 0x00, 0x00, 0x00, 0x00, 0x00, 
0x00, 0x00, 0x00, 0xFF, 0x00, 0x00, 0x00, 0x00, 0x00, 0x00, 0x00, 0x00, 0x00, 0x00, 0x00, 0x00, 
0x00, 0x00, 0xFF, 0x00, 0x00, 0x00, 0x00, 0x00, 0x00, 0x00, 0xFF, 0xFF, 0xFF, 0xFF, 0xFF, 0xFF, 
0xFF, 0xFF, 0xFF, 0xFF, 0xFF, 0xFF, 0xFF, 0xFF, 0xFF, 0x00, 0x00, 0x00, 0x00, 0x00, 0x00, 0x00, 
0xFF, 0x00, 0x00, 0x00, 0x00, 0x00, 0x00, 0x00, 0x00, 0x00, 0x00, 0x00, 0x00, 0x00, 0x00, 0xFF, 
0x00, 0x00, 0x00, 0x00, 0x00, 0x00, 0x00, 0x00, 0x00, 0x00, 0x00, 0x00, 0x00, 0x00, 0xFF, 0x00, 
0x00, 0x00, 0x00, 0x00, 0x00, 0x00, 0x00, 0x00, 0x00, 0x00, 0x00, 0x00, 0x00, 0xFF, 0x00, 0x00, 
0x00, 0x00, 0x00, 0x00, 0x00, 0x00, 0x00, 0x00, 0x00, 0x00, 0x00, 0x00, 0xFF, 0x00, 0x00, 0x00, 
0x00, 0x00, 0x00, 0x00, 0x00, 0x00, 0x00, 0x00, 0x00, 0x00, 0x00, 0xFF, 0x00, 0x00, 0x00, 0x00, 
0x00, 0x00, 0x00, 0x00, 0x00, 0x00, 0x00, 0x00, 0x00, 0x00, 0xFF, 0x00, 0x00, 0x00, 0x00, 0x00, 
0x00, 0x00, 0x00, 0x93, 0xF3, 0x7D, 0x00, 0xEC, 0xFF, 0xF3, 0x00, 0x3E, 0xFF, 0xD0, 0x00, 0x31, 
0xFF, 0x5E, 0x47, 0xE7, 0x94, 0x01, 0xBA, 0x5C, 0x00, 0x00, 0x98, 0xFF, 0xFF, 0xFF, 0xFF, 0xFF, 
0xFF, 0x68, 0xDD, 0xFF, 0xFF, 0xFF, 0xFF, 0xFF, 0xFF, 0x22, 0x87, 0xF3, 0x87, 0xF4, 0xFF, 0xF3, 
0x87, 0xF4, 0x84, 0x00, 0x00, 0x00, 0x00, 0x00, 0x00, 0x00, 0x00, 0x00, 0x00, 0x46, 0xB9, 0x00, 
0x00, 0x00, 0x00, 0x00, 0x00, 0x00, 0x00, 0x00, 0x02, 0xCE, 0x2F, 0x00, 0x00, 0x00, 0x00, 0x00, 
0x00, 0x00, 0x00, 0x00, 0x60, 0x9F, 0x00, 0x00, 0x00, 0x00, 0x00, 0x00, 0x00, 0x00, 0x00, 0x09, 
0xDA, 0x1C, 0x00, 0x00, 0x00, 0x00, 0x00, 0x00, 0x00, 0x00, 0x00, 0x7A, 0x85, 0x00, 0x00, 0x00, 
0x00, 0x00, 0x00, 0x00, 0x00, 0x00, 0x14, 0xDC, 0x0E, 0x00, 0x00, 0x00, 0x00, 0x00, 0x00, 0x00, 
0x00, 0x00, 0x93, 0x6C, 0x00, 0x00, 0x00, 0x00, 0x00, 0x00, 0x00, 0x00, 0x00, 0x25, 0xD5, 0x05, 
0x00, 0x00, 0x00, 0x00, 0x00, 0x00, 0x00, 0x00, 0x00, 0xAD, 0x52, 0x00, 0x00, 0x00, 0x00, 0x00, 
0x00, 0x00, 0x00, 0x00, 0x3A, 0xC4, 0x00, 0x00, 0x00, 0x00, 0x00, 0x00, 0x00, 0x00, 0x00, 0x00, 
0xC5, 0x39, 0x00, 0x00, 0x00, 0x00, 0x00, 0x00, 0x00, 0x00, 0x00, 0x53, 0xAC, 0x00, 0x00, 0x00, 
0x00, 0x00, 0x00, 0x00, 0x00, 0x00, 0x05, 0xD5, 0x25, 0x00, 0x00, 0x00, 0x00, 0x00, 0x00, 0x00, 
0x00, 0x00, 0x6D, 0x92, 0x00, 0x00, 0x00, 0x00, 0x00, 0x00, 0x00, 0x00, 0x00, 0x0E, 0xDC, 0x14, 
0x00, 0x00, 0x00, 0x00, 0x00, 0x00, 0x00, 0x00, 0x00, 0x87, 0x79, 0x00, 0x00, 0x00, 0x00, 0x00, 
0x00, 0x00, 0x00, 0x00, 0x1C, 0xDA, 0x09, 0x00, 0x00, 0x00, 0x00, 0x00, 0x00, 0x00, 0x00, 0x00, 
0xA0, 0x5F, 0x00, 0x00, 0x00, 0x00, 0x00, 0x00, 0x00, 0x00, 0x00, 0x2F, 0xCE, 0x02, 0x00, 0x00, 
0x00, 0x00, 0x00, 0x00, 0x00, 0x00, 0x00, 0xBA, 0x46, 0x00, 0x00, 0x00, 0x00, 0x00, 0x00, 0x00, 
0x00, 0x00, 0x00, 0x00, 0x00, 0x00, 0x00, 0x00, 0x4C, 0xC2, 0xF6, 0xEC, 0x99, 0x0F, 0x00, 0x00, 
0x00, 0x00, 0x00, 0x83, 0xFE, 0x87, 0x16, 0x24, 0xCB, 0xC9, 0x04, 0x00, 0x00, 0x00, 0x70, 0xFF, 
0x88, 0x00, 0x00, 0x00, 0x38, 0xFF, 0x66, 0x00, 0x00, 0x30, 0xFA, 0xE7, 0x09, 0x00, 0x00, 0x00, 
0x0A, 0xFF, 0xBA, 0x00, 0x00, 0xC0, 0xFF, 0x78, 0x00, 0x00, 0x00, 0x00, 0x0C, 0xFF, 0xE6, 0x00, 
0x42, 0xFF, 0xFB, 0x16, 0x00, 0x00, 0x00, 0x00, 0x1D, 0xFF, 0xF9, 0x00, 0xB0, 0xFF, 0xB7, 0x00, 
0x00, 0x00, 0x00, 0x00, 0x41, 0xFF, 0xF5, 0x12, 0xFB, 0xFF, 0x65, 0x00, 0x00, 0x00, 0x00, 0x00, 
0x6B, 0xFF, 0xE0, 0x5D, 0xFF, 0xFF, 0x1B, 0x00, 0x00, 0x00, 0x00, 0x00, 0xA3, 0xFF, 0xCA, 0x9C, 
0xFF, 0xD9, 0x00, 0x00, 0x00, 0x00, 0x00, 0x00, 0xE0, 0xFF, 0x96, 0xCB, 0xFF, 0x9C, 0x00, 0x00, 
0x00, 0x00, 0x00, 0x23, 0xFF, 0xFF, 0x59, 0xEB, 0xFF, 0x69, 0x00, 0x00, 0x00, 0x00, 0x00, 0x71, 
0xFF, 0xFD, 0x19, 0xFA, 0xFF, 0x3D, 0x00, 0x00, 0x00, 0x00, 0x00, 0xBE, 0xFF, 0xB3, 0x00, 0xFA, 
0xFF, 0x1C, 0x00, 0x00, 0x00, 0x00, 0x1C, 0xFD, 0xFF, 0x4B, 0x00, 0xE8, 0xFF, 0x09, 0x00, 0x00, 
0x00, 0x00, 0x81, 0xFF, 0xC6, 0x02, 0x00, 0xBB, 0xFF, 0x07, 0x00, 0x00, 0x00, 0x11, 0xEE, 0xFA, 
0x2C, 0x00, 0x00, 0x6A, 0xFF, 0x33, 0x00, 0x00, 0x00, 0xA3, 0xFF, 0x70, 0x00, 0x00, 0x00, 0x06, 
0xCE, 0xC7, 0x23, 0x12, 0x90, 0xFE, 0x7B, 0x00, 0x00, 0x00, 0x00, 0x00, 0x11, 0x9A, 0xED, 0xF6, 
0xC4, 0x41, 0x00, 0x00, 0x00, 0x00, 0x00, 0x00, 0x00, 0x00, 0x00, 0x00, 0x17, 0x51, 0x8A, 0xC4, 
0xF3, 0x0E, 0x00, 0x00, 0x00, 0x00, 0x00, 0xC7, 0xE3, 0xFF, 0xFF, 0xC6, 0x00, 0x00, 0x00, 0x00, 
0x00, 0x00, 0x00, 0x00, 0xA5, 0xFF, 0x83, 0x00, 0x00, 0x00, 0x00, 0x00, 0x00, 0x00, 0x00, 0xBF, 
0xFF, 0x40, 0x00, 0x00, 0x00, 0x00, 0x00, 0x00, 0x00, 0x10, 0xFD, 0xF6, 0x07, 0x00, 0x00, 0x00, 
0x00, 0x00, 0x00, 0x00, 0x51, 0xFF, 0xBA, 0x00, 0x00, 0x00, 0x00, 0x00, 0x00, 0x00, 0x00, 0x94, 
0xFF, 0x77, 0x00, 0x00, 0x00, 0x00, 0x00, 0x00, 0x00, 0x00, 0xD7, 0xFF, 0x34, 0x00, 0x00, 0x00, 
0x00, 0x00, 0x00, 0x00, 0x1A, 0xFF, 0xEF, 0x02, 0x00, 0x00, 0x00, 0x00, 0x00, 0x00, 0x00, 0x5D, 
0xFF, 0xAE, 0x00, 0x00, 0x00, 0x00, 0x00, 0x00, 0x00, 0x00, 0xA0, 0xFF, 0x6B, 0x00, 0x00, 0x00, 
0x00, 0x00, 0x00, 0x00, 0x00, 0xE3, 0xFF, 0x28, 0x00, 0x00, 0x00, 0x00, 0x00, 0x00, 0x00, 0x26, 
0xFF, 0xE5, 0x00, 0x00, 0x00, 0x00, 0x00, 0x00, 0x00, 0x00, 0x69, 0xFF, 0xA2, 0x00, 0x00, 0x00, 
0x00, 0x00, 0x00, 0x00, 0x00, 0xAC, 0xFF, 0x5F, 0x00, 0x00, 0x00, 0x00, 0x00, 0x00, 0x00, 0x07, 
0xEE, 0xFF, 0x1C, 0x00, 0x00, 0x00, 0x00, 0x00, 0x00, 0x00, 0x5F, 0xFF, 0xD9, 0x00, 0x00, 0x00, 
0x00, 0x00, 0x00, 0x09, 0x43, 0xE8, 0xFF, 0xE7, 0x30, 0x07, 0x00, 0x00, 0x00, 0x44, 0xFF, 0xFF, 
0xFF, 0xFF, 0xFF, 0xFF, 0xAD, 0x00, 0x00, 0x00, 0x00, 0x00, 0x00, 0x00, 0x00, 0x24, 0x9B, 0xDC, 
0xF8, 0xDE, 0x8B, 0x0E, 0x00, 0x00, 0x00, 0x00, 0x00, 0x55, 0xF9, 0xFF, 0xFF, 0xFF, 0xFF, 0xFF, 
0xD6, 0x13, 0x00, 0x00, 0x00, 0x3E, 0xFC, 0x95, 0x28, 0x09, 0x29, 0x95, 0xFE, 0xFF, 0x9B, 0x00, 
0x00, 0x00, 0xB5, 0x6C, 0x00, 0x00, 0x00, 0x00, 0x00, 0x8E, 0xFF, 0xEB, 0x00, 0x00, 0x00, 0x00, 
0x00, 0x00, 0x00, 0x00, 0x00, 0x00, 0x24, 0xFF, 0xF8, 0x00, 0x00, 0x00, 0x00, 0x00, 0x00, 0x00, 
0x00, 0x00, 0x00, 0x07, 0xFF, 0xD9, 0x00, 0x00, 0x00, 0x00, 0x00, 0x00, 0x00, 0x00, 0x00, 0x00, 
0x27, 0xFF, 0x91, 0x00, 0x00, 0x00, 0x00, 0x00, 0x00, 0x00, 0x00, 0x00, 0x00, 0x79, 0xF9, 0x21, 
0x00, 0x00, 0x00, 0x00, 0x00, 0x00, 0x00, 0x00, 0x00, 0x13, 0xEB, 0x7F, 0x00, 0x00, 0x00, 0x00, 
0x00, 0x00, 0x00, 0x00, 0x00, 0x01, 0xB2, 0xC2, 0x04, 0x00, 0x00, 0x00, 0x00, 0x00, 0x00, 0x00, 
0x00, 0x00, 0x84, 0xD1, 0x12, 0x00, 0x00, 0x00, 0x00, 0x00, 0x00, 0x00, 0x00, 0x00, 0x6A, 0xD3, 
0x15, 0x00, 0x00, 0x00, 0x00, 0x00, 0x00, 0x00, 0x00, 0x00, 0x61, 0xCC, 0x14, 0x00, 0x00, 0x00, 
0x00, 0x00, 0x00, 0x00, 0x00, 0x00, 0x65, 0xC1, 0x10, 0x00, 0x00, 0x00, 0x00, 0x00, 0x00, 0x00, 
0x00, 0x00, 0x73, 0xAF, 0x08, 0x00, 0x00, 0x00, 0x00, 0x00, 0x00, 0x00, 0x00, 0x01, 0x89, 0x95, 
0x03, 0x00, 0x00, 0x00, 0x2E, 0xCC, 0x00, 0x00, 0x00, 0x06, 0xA4, 0x72, 0x00, 0x00, 0x00, 0x00, 
0x1E, 0xC6, 0x67, 0x00, 0x00, 0x13, 0xC2, 0xFF, 0xFF, 0xFF, 0xFF, 0xFF, 0xFF, 0xFF, 0xF4, 0x0E, 
0x00, 0x00, 0xDC, 0xFF, 0xFF, 0xFF, 0xFF, 0xFF, 0xFF, 0xFF, 0xFF, 0x9E, 0x00, 0x00, 0x00, 0x00, 
0x00, 0x00, 0x00, 0x00, 0x01, 0x71, 0xDF, 0xF6, 0xD2, 0x67, 0x01, 0x00, 0x00, 0x00, 0x00, 0x00, 
0x8D, 0xFF, 0xFF, 0xFF, 0xFF, 0xFF, 0x85, 0x00, 0x00, 0x00, 0x00, 0x47, 0xF7, 0x62, 0x0C, 0x2D, 
0xC8, 0xFF, 0xED, 0x00, 0x00, 0x00, 0x00, 0xC3, 0x59, 0x00, 0x00, 0x00, 0x27, 0xFF, 0xE8, 0x00, 
0x00, 0x00, 0x00, 0x00, 0x00, 0x00, 0x00, 0x00, 0x10, 0xFF, 0x92, 0x00, 0x00, 0x00, 0x00, 0x00, 
0x00, 0x00, 0x00, 0x00, 0x84, 0xC6, 0x0F, 0x00, 0x00, 0x00, 0x00, 0x00, 0x00, 0x00, 0x1C, 0x7A, 
0x68, 0x04, 0x00, 0x00, 0x00, 0x00, 0x13, 0x3A, 0x71, 0xB7, 0xFC, 0xC3, 0x27, 0x00, 0x00, 0x00, 
0x00, 0x00, 0xFF, 0xFF, 0xFF, 0xFF, 0xFF, 0xFF, 0xE5, 0x1A, 0x00, 0x00, 0x00, 0x00, 0x0F, 0x2F, 
0x6F, 0xC9, 0xFF, 0xFF, 0xFF, 0x91, 0x00, 0x00, 0x00, 0x00, 0x00, 0x00, 0x00, 0x00, 0x5B, 0xF9, 
0xFF, 0xDD, 0x00, 0x00, 0x00, 0x00, 0x00, 0x00, 0x00, 0x00, 0x00, 0x76, 0xFF, 0xF8, 0x00, 0x00, 
0x00, 0x00, 0x00, 0x00, 0x00, 0x00, 0x00, 0x19, 0xFF, 0xE9, 0x00, 0x00, 0x00, 0x00, 0x00, 0x00, 
0x00, 0x00, 0x00, 0x11, 0xFF, 0xB1, 0x00, 0x00, 0x00, 0x00, 0x00, 0x00, 0x00, 0x00, 0x00, 0x46, 
0xFF, 0x4F, 0x00, 0x00, 0x00, 0x00, 0x00, 0x00, 0x00, 0x00, 0x01, 0xC2, 0xBB, 0x01, 0x00, 0xA1, 
0xF7, 0xCE, 0x7A, 0x2F, 0x09, 0x1A, 0x9D, 0xE2, 0x15, 0x00, 0x00, 0xEA, 0xFF, 0xFF, 0xFF, 0xFF, 
0xFF, 0xFF, 0xBA, 0x16, 0x00, 0x00, 0x00, 0x38, 0xB7, 0xEA, 0xF7, 0xDB, 0xA8, 0x44, 0x01, 0x00, 
0x00, 0x00, 0x00, 0x00, 0x00, 0x00, 0x00, 0x00, 0x00, 0x00, 0x00, 0x00, 0x00, 0x00, 0x37, 0xF5, 
0x2F, 0x00, 0x00, 0x00, 0x00, 0x00, 0x00, 0x00, 0x00, 0x00, 0x00, 0x25, 0xEB, 0xF4, 0x03, 0x00, 
0x00, 0x00, 0x00, 0x00, 0x00, 0x00, 0x00, 0x00, 0x16, 0xDC, 0xFF, 0xBF, 0x00, 0x00, 0x00, 0x00, 
0x00, 0x00, 0x00, 0x00, 0x00, 0x0B, 0xBE, 0xB7, 0xFF, 0x87, 0x00, 0x00, 0x00, 0x00, 0x00, 0x00, 
0x00, 0x00, 0x03, 0xB0, 0x48, 0xBD, 0xFF, 0x4F, 0x00, 0x00, 0x00, 0x00, 0x00, 0x00, 0x00, 0x00, 
0x9A, 0x61, 0x02, 0xF2, 0xFF, 0x17, 0x00, 0x00, 0x00, 0x00, 0x00, 0x00, 0x00, 0x7E, 0x7E, 0x00, 
0x2D, 0xFF, 0xDF, 0x00, 0x00, 0x00, 0x00, 0x00, 0x00, 0x00, 0x61, 0x9B, 0x00, 0x00, 0x65, 0xFF, 
0xA7, 0x00, 0x00, 0x00, 0x00, 0x00, 0x00, 0x48, 0xB0, 0x04, 0x00, 0x00, 0x9D, 0xFF, 0x6F, 0x00, 
0x00, 0x00, 0x00, 0x00, 0x32, 0xBE, 0x0B, 0x00, 0x00, 0x00, 0xD5, 0xFF, 0x37, 0x00, 0x00, 0x00, 
0x00, 0x21, 0xC5, 0x16, 0x00, 0x00, 0x00, 0x0E, 0xFD, 0xF8, 0x06, 0x00, 0x00, 0x00, 0x13, 0xC4, 
0x25, 0x00, 0x00, 0x00, 0x00, 0x44, 0xFF, 0xC7, 0x00, 0x00, 0x00, 0x00, 0xAA, 0xFF, 0xFF, 0xFF, 
0xFF, 0xFF, 0xFF, 0xFF, 0xFF, 0xFF, 0xFF, 0x2F, 0x00, 0x06, 0xF4, 0xFF, 0xFF, 0xFF, 0xFF, 0xFF, 
0xFF, 0xFF, 0xFF, 0xFF, 0xEE, 0x01, 0x00, 0x00, 0x00, 0x00, 0x00, 0x00, 0x00, 0x00, 0x00, 0xEB, 
0xFF, 0x1F, 0x00, 0x00, 0x00, 0x00, 0x00, 0x00, 0x00, 0x00, 0x00, 0x00, 0x25, 0xFF, 0xE7, 0x00, 
0x00, 0x00, 0x00, 0x00, 0x00, 0x00, 0x00, 0x00, 0x00, 0x00, 0x5D, 0xFF, 0xAF, 0x00, 0x00, 0x00, 
0x00, 0x00, 0x00, 0x00, 0x00, 0x00, 0x00, 0x00, 0x95, 0xFF, 0x77, 0x00, 0x00, 0x00, 0x00, 0x00, 
0x00, 0x00, 0x00, 0x00, 0x00, 0x00, 0xCC, 0xFF, 0x3F, 0x00, 0x00, 0x00, 0x00, 0x00, 0x00, 0x00, 
0x00, 0x00, 0x00, 0xB1, 0xFF, 0xFF, 0xFF, 0xFF, 0xFF, 0x63, 0x00, 0x00, 0x00, 0x00, 0x00, 0x24, 
0xFD, 0xFF, 0xFF, 0xFF, 0xFF, 0xFF, 0x23, 0x00, 0x00, 0x00, 0x00, 0x00, 0x93, 0x6A, 0x00, 0x00, 
0x00, 0x00, 0x00, 0x00, 0x00, 0x00, 0x00, 0x00, 0x10, 0xE2, 0x0B, 0x00, 0x00, 0x00, 0x00, 0x00, 
0x00, 0x00, 0x00, 0x00, 0x00, 0x75, 0xBB, 0x20, 0x00, 0x00, 0x00, 0x00, 0x00, 0x00, 0x00, 0x00, 
0x00, 0x04, 0xE2, 0xFF, 0xFF, 0xD4, 0x4E, 0x00, 0x00, 0x00, 0x00, 0x00, 0x00, 0x00, 0x57, 0xFF, 
0xFF, 0xFF, 0xFF, 0xFF, 0x85, 0x00, 0x00, 0x00, 0x00, 0x00, 0x00, 0x06, 0x29, 0x5E, 0xB7, 0xFF, 
0xFF, 0xFF, 0x42, 0x00, 0x00, 0x00, 0x00, 0x00, 0x00, 0x00, 0x00, 0x00, 0x60, 0xFE, 0xFF, 0xAF, 
0x00, 0x00, 0x00, 0x00, 0x00, 0x00, 0x00, 0x00, 0x00, 0x00, 0x9C, 0xFF, 0xE8, 0x00, 0x00, 0x00, 
0x00, 0x00, 0x00, 0x00, 0x00, 0x00, 0x00, 0x34, 0xFF, 0xF9, 0x00, 0x00, 0x00, 0x00, 0x00, 0x00, 
0x00, 0x00, 0x00, 0x00, 0x0D, 0xFF, 0xE5, 0x00, 0x00, 0x00, 0x00, 0x00, 0x00, 0x00, 0x00, 0x00, 
0x00, 0x0C, 0xFF, 0xBC, 0x00, 0x00, 0x00, 0x00, 0x00, 0x00, 0x00, 0x00, 0x00, 0x00, 0x39, 0xFF, 
0x69, 0x00, 0x00, 0x00, 0x00, 0x00, 0x00, 0x00, 0x00, 0x00, 0x00, 0x9D, 0xE5, 0x0B, 0x00, 0x00, 
0x11, 0x33, 0x03, 0x00, 0x00, 0x00, 0x00, 0x55, 0xFD, 0x51, 0x00, 0x00, 0x00, 0xDA, 0xFF, 0xD2, 
0x3D, 0x04, 0x20, 0x88, 0xFB, 0x75, 0x00, 0x00, 0x00, 0x00, 0xDA, 0xFF, 0xFF, 0xFF, 0xFF, 0xFF, 
0xEA, 0x56, 0x00, 0x00, 0x00, 0x00, 0x00, 0x2C, 0xBB, 0xF1, 0xEC, 0xC4, 0x6E, 0x10, 0x00, 0x00, 
0x00, 0x00, 0x00, 0x00, 0x00, 0x00, 0x00, 0x00, 0x00, 0x00, 0x00, 0x00, 0x01, 0x41, 0x8E, 0xC8, 
0xED, 0x00, 0x00, 0x00, 0x00, 0x00, 0x00, 0x00, 0x51, 0xD5, 0xFE, 0xAA, 0x49, 0x12, 0x00, 0x00, 
0x00, 0x00, 0x00, 0x14, 0xB1, 0xFF, 0xDF, 0x3A, 0x00, 0x00, 0x00, 0x00, 0x00, 0x00, 0x00, 0x2B, 
0xE1, 0xFF, 0xCC, 0x14, 0x00, 0x00, 0x00, 0x00, 0x00, 0x00, 0x00, 0x23, 0xE6, 0xFF, 0xD4, 0x11, 
0x00, 0x00, 0x00, 0x00, 0x00, 0x00, 0x00, 0x17, 0xDF, 0xFF, 0xEF, 0x21, 0x00, 0x00, 0x00, 0x00, 
0x00, 0x00, 0x00, 0x00, 0xA8, 0xFF, 0xFF, 0x57, 0x00, 0x00, 0x00, 0x00, 0x00, 0x00, 0x00, 0x00, 
0x46, 0xFF, 0xFF, 0xE8, 0xAD, 0xED, 0xF0, 0xAA, 0x21, 0x00, 0x00, 0x00, 0x00, 0xD2, 0xFF, 0xF8, 
0x73, 0x19, 0x11, 0x62, 0xF2, 0xEA, 0x1E, 0x00, 0x00, 0x3D, 0xFF, 0xFF, 0x99, 0x00, 0x00, 0x00, 
0x00, 0x65, 0xFF, 0xA0, 0x00, 0x00, 0x8D, 0xFF, 0xFE, 0x25, 0x00, 0x00, 0x00, 0x00, 0x18, 0xFF, 
0xE7, 0x00, 0x00, 0xC9, 0xFF, 0xC2, 0x00, 0x00, 0x00, 0x00, 0x00, 0x08, 0xFF, 0xFA, 0x00, 0x00, 
0xEE, 0xFF, 0x6D, 0x00, 0x00, 0x00, 0x00, 0x00, 0x1F, 0xFF, 0xE8, 0x00, 0x00, 0xFC, 0xFF, 0x30, 
0x00, 0x00, 0x00, 0x00, 0x00, 0x55, 0xFF, 0xB7, 0x00, 0x00, 0xEF, 0xFF, 0x0D, 0x00, 0x00, 0x00, 
0x00, 0x00, 0xAD, 0xFF, 0x63, 0x00, 0x00, 0xBE, 0xFF, 0x0F, 0x00, 0x00, 0x00, 0x00, 0x30, 0xFD, 
0xDA, 0x05, 0x00, 0x00, 0x5E, 0xFF, 0x53, 0x00, 0x00, 0x00, 0x0D, 0xD4, 0xF5, 0x30, 0x00, 0x00, 
0x00, 0x02, 0xBF, 0xE8, 0x4B, 0x0B, 0x3A, 0xCF, 0xE9, 0x38, 0x00, 0x00, 0x00, 0x00, 0x00, 0x0C, 
0x8D, 0xE4, 0xF9, 0xDC, 0x89, 0x12, 0x00, 0x00, 0x00, 0x00, 0x00, 0x00, 0x40, 0xFF, 0xFF, 0xFF, 
0xFF, 0xFF, 0xFF, 0xFF, 0xFF, 0xFF, 0xE9, 0x00, 0xC0, 0xFF, 0xFF, 0xFF, 0xFF, 0xFF, 0xFF, 0xFF, 
0xFF, 0xFF, 0x6B, 0x40, 0xFC, 0x7F, 0x21, 0x07, 0x00, 0x00, 0x00, 0x00, 0x22, 0xD6, 0x05, 0xC0, 
0x6A, 0x00, 0x00, 0x00, 0x00, 0x00, 0x00, 0x00, 0xA7, 0x57, 0x00, 0x00, 0x00, 0x00, 0x00, 0x00, 
0x00, 0x00, 0x00, 0x32, 0xCB, 0x01, 0x00, 0x00, 0x00, 0x00, 0x00, 0x00, 0x00, 0x00, 0x00, 0xBA, 
0x44, 0x00, 0x00, 0x00, 0x00, 0x00, 0x00, 0x00, 0x00, 0x00, 0x43, 0xBA, 0x00, 0x00, 0x00, 0x00, 
0x00, 0x00, 0x00, 0x00, 0x00, 0x01, 0xCA, 0x32, 0x00, 0x00, 0x00, 0x00, 0x00, 0x00, 0x00, 0x00, 
0x00, 0x58, 0xA6, 0x00, 0x00, 0x00, 0x00, 0x00, 0x00, 0x00, 0x00, 0x00, 0x05, 0xD6, 0x22, 0x00, 
0x00, 0x00, 0x00, 0x00, 0x00, 0x00, 0x00, 0x00, 0x6B, 0x93, 0x00, 0x00, 0x00, 0x00, 0x00, 0x00, 
0x00, 0x00, 0x00, 0x0C, 0xDB, 0x16, 0x00, 0x00, 0x00, 0x00, 0x00, 0x00, 0x00, 0x00, 0x00, 0x7F, 
0x7F, 0x00, 0x00, 0x00, 0x00, 0x00, 0x00, 0x00, 0x00, 0x00, 0x15, 0xDB, 0x0C, 0x00, 0x00, 0x00, 
0x00, 0x00, 0x00, 0x00, 0x00, 0x00, 0x92, 0x6B, 0x00, 0x00, 0x00, 0x00, 0x00, 0x00, 0x00, 0x00, 
0x00, 0x21, 0xD6, 0x05, 0x00, 0x00, 0x00, 0x00, 0x00, 0x00, 0x00, 0x00, 0x00, 0xA6, 0x58, 0x00, 
0x00, 0x00, 0x00, 0x00, 0x00, 0x00, 0x00, 0x00, 0x31, 0xCB, 0x01, 0x00, 0x00, 0x00, 0x00, 0x00, 
0x00, 0x00, 0x00, 0x00, 0x87, 0x44, 0x00, 0x00, 0x00, 0x00, 0x00, 0x00, 0x00, 0x00, 0x00, 0x00, 
0x00, 0x00, 0x00, 0x00, 0x09, 0x81, 0xDA, 0xF9, 0xEA, 0xA6, 0x24, 0x00, 0x00, 0x00, 0x00, 0x00, 
0x0B, 0xC8, 0xDA, 0x3A, 0x0C, 0x44, 0xE2, 0xEF, 0x2B, 0x00, 0x00, 0x00, 0x00, 0x89, 0xFF, 0x3F, 
0x00, 0x00, 0x00, 0x4B, 0xFF, 0xBA, 0x00, 0x00, 0x00, 0x00, 0xE3, 0xFF, 0x09, 0x00, 0x00, 0x00, 
0x0E, 0xFF, 0xF7, 0x00, 0x00, 0x00, 0x00, 0xF9, 0xFF, 0x20, 0x00, 0x00, 0x00, 0x18, 0xFF, 0xE7, 
0x00, 0x00, 0x00, 0x00, 0xD8, 0xFF, 0x83, 0x00, 0x00, 0x00, 0x59, 0xFF, 0x92, 0x00, 0x00, 0x00, 
0x00, 0x7F, 0xFF, 0xF6, 0x26, 0x00, 0x13, 0xDA, 0xD4, 0x0F, 0x00, 0x00, 0x00, 0x00, 0x0D, 0xE1, 
0xFF, 0xD0, 0x4B, 0xD1, 0x9D, 0x10, 0x00, 0x00, 0x00, 0x00, 0x00, 0x00, 0x56, 0xFF, 0xFF, 0xE6, 
0x22, 0x00, 0x00, 0x00, 0x00, 0x00, 0x00, 0x24, 0xA2, 0xA6, 0x87, 0xFF, 0xFF, 0x76, 0x00, 0x00, 
0x00, 0x00, 0x03, 0x82, 0xE9, 0x46, 0x00, 0x00, 0xA1, 0xFF, 0xF8, 0x20, 0x00, 0x00, 0x01, 0xAA, 
0xFB, 0x3A, 0x00, 0x00, 0x00, 0x0F, 0xEA, 0xFF, 0x93, 0x00, 0x00, 0x67, 0xFF, 0x93, 0x00, 0x00, 
0x00, 0x00, 0x00, 0x76, 0xFF, 0xDE, 0x00, 0x00, 0xD4, 0xFF, 0x32, 0x00, 0x00, 0x00, 0x00, 0x00, 
0x24, 0xFF, 0xF8, 0x00, 0x00, 0xF9, 0xFF, 0x07, 0x00, 0x00, 0x00, 0x00, 0x00, 0x07, 0xFF, 0xE1, 
0x00, 0x00, 0xDD, 0xFF, 0x1C, 0x00, 0x00, 0x00, 0x00, 0x00, 0x2C, 0xFF, 0x93, 0x00, 0x00, 0x7A, 
0xFF, 0x79, 0x00, 0x00, 0x00, 0x00, 0x01, 0xAF, 0xE9, 0x18, 0x00, 0x00, 0x05, 0xB4, 0xFA, 0x7F, 
0x21, 0x06, 0x31, 0xB1, 0xE5, 0x32, 0x00, 0x00, 0x00, 0x00, 0x02, 0x68, 0xC9, 0xF4, 0xF7, 0xD4, 
0x84, 0x12, 0x00, 0x00, 0x00, 0x00, 0x00, 0x00, 0x00, 0x00, 0x00, 0x08, 0x7A, 0xD6, 0xF8, 0xE1, 
0x88, 0x09, 0x00, 0x00, 0x00, 0x00, 0x00, 0x1E, 0xD6, 0xD5, 0x3E, 0x0C, 0x51, 0xEE, 0xB7, 0x01, 
0x00, 0x00, 0x00, 0x14, 0xDF, 0xE0, 0x13, 0x00, 0x00, 0x00, 0x62, 0xFF, 0x58, 0x00, 0x00, 0x00, 
0xAF, 0xFF, 0x46, 0x00, 0x00, 0x00, 0x00, 0x18, 0xFF, 0xBA, 0x00, 0x00, 0x37, 0xFF, 0xC8, 0x00, 
0x00, 0x00, 0x00, 0x00, 0x07, 0xFF, 0xED, 0x00, 0x00, 0x98, 0xFF, 0x6F, 0x00, 0x00, 0x00, 0x00, 
0x00, 0x1B, 0xFF, 0xFB, 0x00, 0x00, 0xD6, 0xFF, 0x34, 0x00, 0x00, 0x00, 0x00, 0x00, 0x48, 0xFF, 
0xED, 0x00, 0x00, 0xF3, 0xFF, 0x10, 0x00, 0x00, 0x00, 0x00, 0x00, 0x82, 0xFF, 0xC8, 0x00, 0x00, 
0xF9, 0xFF, 0x05, 0x00, 0x00, 0x00, 0x00, 0x00, 0xD5, 0xFF, 0x8E, 0x00, 0x00, 0xD8, 0xFF, 0x1D, 
0x00, 0x00, 0x00, 0x00, 0x31, 0xFF, 0xFF, 0x3C, 0x00, 0x00, 0x86, 0xFF, 0x6C, 0x00, 0x00, 0x00, 
0x00, 0xA1, 0xFF, 0xD2, 0x00, 0x00, 0x00, 0x10, 0xE1, 0xF2, 0x60, 0x11, 0x1B, 0x7B, 0xFA, 0xFF, 
0x46, 0x00, 0x00, 0x00, 0x00, 0x1F, 0xAA, 0xEF, 0xF4, 0xBC, 0xEE, 0xFF, 0xAA, 0x00, 0x00, 0x00, 
0x00, 0x00, 0x00, 0x00, 0x00, 0x00, 0x72, 0xFF, 0xE0, 0x18, 0x00, 0x00, 0x00, 0x00, 0x00, 0x00, 
0x00, 0x00, 0x47, 0xF9, 0xE8, 0x24, 0x00, 0x00, 0x00, 0x00, 0x00, 0x00, 0x00, 0x00, 0x46, 0xF5, 
0xDE, 0x2C, 0x00, 0x00, 0x00, 0x00, 0x00, 0x00, 0x00, 0x0C, 0x85, 0xFD, 0xA9, 0x0F, 0x00, 0x00, 
0x00, 0x00, 0x00, 0x14, 0x44, 0x8D, 0xEF, 0xCB, 0x4C, 0x00, 0x00, 0x00, 0x00, 0x00, 0x00, 0x00, 
0xEE, 0xC9, 0x91, 0x43, 0x00, 0x00, 0x00, 0x00, 0x00, 0x00, 0x00, 0x00, 0x00, 0x00, 0x00, 0x00, 
0x87, 0xF3, 0x87, 0x00, 0x00, 0x00, 0xF4, 0xFF, 0xF3, 0x00, 0x00, 0x00, 0x86, 0xF4, 0x86, 0x00, 
0x00, 0x00, 0x00, 0x00, 0x00, 0x00, 0x00, 0x00, 0x00, 0x00, 0x00, 0x00, 0x00, 0x00, 0x00, 0x00, 
0x00, 0x00, 0x00, 0x00, 0x00, 0x00, 0x00, 0x00, 0x00, 0x00, 0x00, 0x00, 0x00, 0x00, 0x00, 0x00, 
0x00, 0x00, 0x00, 0x00, 0x00, 0x00, 0x00, 0x00, 0x00, 0x87, 0xF3, 0x87, 0x00, 0x00, 0x00, 0xF4, 
0xFF, 0xF3, 0x00, 0x00, 0x00, 0x87, 0xF4, 0x87, 0x00, 0x00, 0x00, 0x00, 0x00, 0x00, 0x00, 0x00, 
0x00, 0x00, 0x00, 0x00, 0x00, 0x00, 0x00, 0x0C, 0x66, 0xCC, 0x00, 0x00, 0x00, 0x00, 0x00, 0x00, 
0x00, 0x00, 0x00, 0x00, 0x33, 0x99, 0xE6, 0x9A, 0x33, 0x00, 0x00, 0x00, 0x00, 0x00, 0x00, 0x00, 
0x0C, 0x66, 0xCC, 0xCD, 0x66, 0x0C, 0x00, 0x00, 0x00, 0x00, 0x00, 0x00, 0x00, 0x33, 0x99, 0xE5, 
0x99, 0x32, 0x00, 0x00, 0x00, 0x00, 0x00, 0x00, 0x00, 0x0C, 0x66, 0xCB, 0xCC, 0x66, 0x0C, 0x00, 
0x00, 0x00, 0x00, 0x00, 0x00, 0x00, 0x33, 0x99, 0xE5, 0x99, 0x32, 0x00, 0x00, 0x00, 0x00, 0x00, 
0x00, 0x00, 0x00, 0x00, 0x00, 0xFF, 0xC3, 0x17, 0x00, 0x00, 0x00, 0x00, 0x00, 0x00, 0x00, 0x00, 
0x00, 0x00, 0x00, 0x00, 0x33, 0x9A, 0xE5, 0x98, 0x31, 0x00, 0x00, 0x00, 0x00, 0x00, 0x00, 0x00, 
0x00, 0x00, 0x00, 0x00, 0x00, 0x0D, 0x67, 0xCC, 0xCB, 0x65, 0x0C, 0x00, 0x00, 0x00, 0x00, 0x00, 
0x00, 0x00, 0x00, 0x00, 0x00, 0x00, 0x00, 0x33, 0x9A, 0xE5, 0x98, 0x32, 0x00, 0x00, 0x00, 0x00, 
0x00, 0x00, 0x00, 0x00, 0x00, 0x00, 0x00, 0x00, 0x0D, 0x67, 0xCC, 0xCC, 0x65, 0x0C, 0x00, 0x00, 
0x00, 0x00, 0x00, 0x00, 0x00, 0x00, 0x00, 0x00, 0x00, 0x00, 0x33, 0x9A, 0xE6, 0x99, 0x33, 0x00, 
0x00, 0x00, 0x00, 0x00, 0x00, 0x00, 0x00, 0x00, 0x00, 0x00, 0x00, 0x0D, 0x67, 0xCD, 0xFF, 0xFF, 
0xFF, 0xFF, 0xFF, 0xFF, 0xFF, 0xFF, 0xFF, 0xFF, 0xFF, 0xFF, 0xFF, 0xFF, 0xFF, 0x00, 0x00, 0x00, 
0x00, 0x00, 0x00, 0x00, 0x00, 0x00, 0x00, 0x00, 0x00, 0x00, 0x00, 0x00, 0x00, 0x00, 0x00, 0x00, 
0x00, 0x00, 0x00, 0x00, 0x00, 0x00, 0x00, 0x00, 0x00, 0x00, 0x00, 0x00, 0x00, 0x00, 0x00, 0x00, 
0x00, 0x00, 0x00, 0x00, 0x00, 0x00, 0x00, 0x00, 0x00, 0x00, 0xFF, 0xFF, 0xFF, 0xFF, 0xFF, 0xFF, 
0xFF, 0xFF, 0xFF, 0xFF, 0xFF, 0xFF, 0xFF, 0xFF, 0xFF, 0xCC, 0x66, 0x0C, 0x00, 0x00, 0x00, 0x00, 
0x00, 0x00, 0x00, 0x00, 0x00, 0x00, 0x00, 0x00, 0x33, 0x9A, 0xE6, 0x99, 0x33, 0x00, 0x00, 0x00, 
0x00, 0x00, 0x00, 0x00, 0x00, 0x00, 0x00, 0x00, 0x00, 0x0D, 0x67, 0xCD, 0xCC, 0x66, 0x0C, 0x00, 
0x00, 0x00, 0x00, 0x00, 0x00, 0x00, 0x00, 0x00, 0x00, 0x00, 0x00, 0x34, 0x9A, 0xE6, 0x99, 0x33, 
0x00, 0x00, 0x00, 0x00, 0x00, 0x00, 0x00, 0x00, 0x00, 0x00, 0x00, 0x00, 0x0D, 0x67, 0xCD, 0xCC, 
0x66, 0x0C, 0x00, 0x00, 0x00, 0x00, 0x00, 0x00, 0x00, 0x00, 0x00, 0x00, 0x00, 0x00, 0x34, 0x9B, 
0xE6, 0x99, 0x33, 0x00, 0x00, 0x00, 0x00, 0x00, 0x00, 0x00, 0x00, 0x00, 0x00, 0x00, 0x00, 0x16, 
0xC1, 0xFF, 0x00, 0x00, 0x00, 0x00, 0x00, 0x00, 0x00, 0x00, 0x00, 0x00, 0x2C, 0x92, 0xE2, 0x9A, 
0x33, 0x00, 0x00, 0x00, 0x00, 0x00, 0x00, 0x00, 0x0A, 0x60, 0xC6, 0xCC, 0x67, 0x0C, 0x00, 0x00, 
0x00, 0x00, 0x00, 0x00, 0x00, 0x2D, 0x93, 0xE3, 0x9A, 0x33, 0x00, 0x00, 0x00, 0x00, 0x00, 0x00, 
0x00, 0x0A, 0x61, 0xC7, 0xCC, 0x67, 0x0C, 0x00, 0x00, 0x00, 0x00, 0x00, 0x00, 0x00, 0x2F, 0x95, 
0xE3, 0x9A, 0x33, 0x00, 0x00, 0x00, 0x00, 0x00, 0x00, 0x00, 0x00, 0x00, 0x00, 0xCC, 0x67, 0x0C, 
0x00, 0x00, 0x00, 0x00, 0x00, 0x00, 0x00, 0x00, 0x00, 0x00, 0x00, 0x00, 0x00, 0x00, 0x2C, 0xAC, 
0xEC, 0xFA, 0xDE, 0x8E, 0x11, 0x00, 0x00, 0x34, 0xF4, 0x87, 0x1B, 0x0D, 0x4F, 0xE8, 0xDA, 0x15, 
0x00, 0xC5, 0xFF, 0x01, 0x00, 0x00, 0x00, 0x4D, 0xFF, 0x9E, 0x00, 0xF8, 0xFF, 0x00, 0x00, 0x00, 
0x00, 0x0B, 0xFF, 0xEE, 0x00, 0xB1, 0xBC, 0x00, 0x00, 0x00, 0x00, 0x20, 0xFF, 0xF2, 0x00, 0x00, 
0x00, 0x00, 0x00, 0x00, 0x00, 0x79, 0xFF, 0xBE, 0x00, 0x00, 0x00, 0x00, 0x00, 0x00, 0x1E, 0xF1, 
0xFE, 0x45, 0x00, 0x00, 0x00, 0x00, 0x00, 0x06, 0xC7, 0xFF, 0x74, 0x00, 0x00, 0x00, 0x00, 0x00, 
0x00, 0xA2, 0xFD, 0x6C, 0x00, 0x00, 0x00, 0x00, 0x00, 0x00, 0x7D, 0xF4, 0x4D, 0x00, 0x00, 0x00, 
0x00, 0x00, 0x00, 0x47, 0xF3, 0x3C, 0x00, 0x00, 0x00, 0x00, 0x00, 0x00, 0x0B, 0xE4, 0x5A, 0x00, 
0x00, 0x00, 0x00, 0x00, 0x00, 0x00, 0x65, 0xCC, 0x00, 0x00, 0x00, 0x00, 0x00, 0x00, 0x00, 0x00, 
0xB8, 0x66, 0x00, 0x00, 0x00, 0x00, 0x00, 0x00, 0x00, 0x00, 0xE9, 0x21, 0x00, 0x00, 0x00, 0x00, 
0x00, 0x00, 0x00, 0x00, 0x00, 0x00, 0x00, 0x00, 0x00, 0x00, 0x00, 0x00, 0x00, 0x00, 0x00, 0x00, 
0x00, 0x00, 0x00, 0x00, 0x00, 0x00, 0xC5, 0xC3, 0x00, 0x00, 0x00, 0x00, 0x00, 0x00, 0x00, 0x00, 
0xC5, 0xC5, 0x00, 0x00, 0x00, 0x00, 0x00, 0x00, 0x00, 0x00, 0x00, 0x00, 0x00, 0x00, 0x00, 0x00, 
0x00, 0x00, 0x1A, 0x72, 0xB2, 0xE0, 0xF5, 0xFA, 0xE8, 0xBE, 0x7C, 0x21, 0x00, 0x00, 0x00, 0x00, 
0x00, 0x00, 0x00, 0x00, 0x00, 0x00, 0x00, 0x00, 0x23, 0xA4, 0xE9, 0x93, 0x4D, 0x1D, 0x08, 0x08, 
0x1F, 0x52, 0xA3, 0xF5, 0x9E, 0x13, 0x00, 0x00, 0x00, 0x00, 0x00, 0x00, 0x00, 0x00, 0x00, 0x6A, 
0xEA, 0x78, 0x09, 0x00, 0x00, 0x00, 0x00, 0x00, 0x00, 0x00, 0x00, 0x1E, 0xC0, 0xDF, 0x26, 0x00, 
0x00, 0x00, 0x00, 0x00, 0x00, 0x02, 0x96, 0xD4, 0x27, 0x00, 0x00, 0x00, 0x00, 0x00, 0x00, 0x00, 
0x00, 0x00, 0x00, 0x00, 0x02, 0x8D, 0xDD, 0x11, 0x00, 0x00, 0x00, 0x00, 0x00, 0x8E, 0xD1, 0x13, 
0x00, 0x00, 0x00, 0x00, 0x00, 0x00, 0x00, 0x00, 0x00, 0x00, 0x00, 0x00, 0x00, 0x02, 0xBA, 0x98, 
0x00, 0x00, 0x00, 0x00, 0x55, 0xEC, 0x1D, 0x00, 0x00, 0x00, 0x00, 0x00, 0x00, 0x00, 0x00, 0x00, 
0x00, 0x00, 0x00, 0x00, 0x00, 0x00, 0x18, 0xF0, 0x1B, 0x00, 0x00, 0x0E, 0xE7, 0x57, 0x00, 0x00, 
0x00, 0x00, 0x00, 0x00, 0x00, 0x41, 0xC1, 0xF6, 0xC8, 0x23, 0x11, 0x66, 0xBA, 0x09, 0x00, 0x99, 
0x76, 0x00, 0x00, 0x7D, 0xC5, 0x00, 0x00, 0x00, 0x00, 0x00, 0x00, 0x00, 0x82, 0xFE, 0x97, 0x1D, 
0x16, 0x6C, 0xC4, 0xFF, 0xB8, 0x00, 0x00, 0x48, 0xBC, 0x00, 0x05, 0xE8, 0x4D, 0x00, 0x00, 0x00, 
0x00, 0x00, 0x00, 0x8F, 0xFF, 0x7C, 0x00, 0x00, 0x00, 0x1A, 0xFD, 0xFF, 0x6E, 0x00, 0x00, 0x18, 
0xE7, 0x00, 0x46, 0xE3, 0x02, 0x00, 0x00, 0x00, 0x00, 0x00, 0x64, 0xFF, 0xA7, 0x00, 0x00, 0x00, 
0x00, 0x0D, 0xFF, 0xFF, 0x24, 0x00, 0x00, 0x05, 0xFA, 0x00, 0x8F, 0x96, 0x00, 0x00, 0x00, 0x00, 
0x00, 0x1C, 0xF4, 0xEB, 0x11, 0x00, 0x00, 0x00, 0x00, 0x2D, 0xFF, 0xD9, 0x00, 0x00, 0x00, 0x11, 
0xF7, 0x00, 0xC1, 0x56, 0x00, 0x00, 0x00, 0x00, 0x00, 0x9E, 0xFF, 0x6D, 0x00, 0x00, 0x00, 0x00, 
0x00, 0x6C, 0xFF, 0x8F, 0x00, 0x00, 0x00, 0x28, 0xE1, 0x00, 0xE6, 0x28, 0x00, 0x00, 0x00, 0x00, 
0x19, 0xFA, 0xEB, 0x09, 0x00, 0x00, 0x00, 0x00, 0x00, 0xB9, 0xFF, 0x44, 0x00, 0x00, 0x00, 0x4D, 
0xB7, 0x00, 0xF7, 0x0F, 0x00, 0x00, 0x00, 0x00, 0x73, 0xFF, 0x93, 0x00, 0x00, 0x00, 0x00, 0x00, 
0x23, 0xFC, 0xF2, 0x06, 0x00, 0x00, 0x00, 0x93, 0x79, 0x00, 0xFB, 0x03, 0x00, 0x00, 0x00, 0x00, 
0xBC, 0xFF, 0x3F, 0x00, 0x00, 0x00, 0x00, 0x00, 0xAA, 0xFF, 0xAF, 0x00, 0x00, 0x00, 0x00, 0xDB, 
0x27, 0x00, 0xED, 0x0C, 0x00, 0x00, 0x00, 0x00, 0xEB, 0xFF, 0x11, 0x00, 0x00, 0x00, 0x00, 0x66, 
0xFE, 0xFF, 0x68, 0x00, 0x00, 0x00, 0x44, 0xC0, 0x00, 0x00, 0xCE, 0x24, 0x00, 0x00, 0x00, 0x00, 
0xF9, 0xFF, 0x18, 0x00, 0x00, 0x00, 0x59, 0xB1, 0xDF, 0xFF, 0x2C, 0x00, 0x00, 0x02, 0xC9, 0x40, 
0x00, 0x00, 0x9E, 0x51, 0x00, 0x00, 0x00, 0x00, 0xDD, 0xFF, 0xA7, 0x11, 0x25, 0x97, 0xC7, 0x0C, 
0xF7, 0xFF, 0x08, 0x00, 0x00, 0x8A, 0x99, 0x00, 0x00, 0x00, 0x57, 0x96, 0x00, 0x00, 0x00, 0x00, 
0x82, 0xFF, 0xFF, 0xFF, 0xFF, 0xBE, 0x0F, 0x00, 0xEC, 0xFF, 0x3F, 0x22, 0xA7, 0xA6, 0x05, 0x00, 
0x0C, 0xB3, 0x0D, 0xDA, 0x07, 0x00, 0x00, 0x00, 0x08, 0x9C, 0xF1, 0xD1, 0x67, 0x03, 0x00, 0x00, 
0x66, 0xED, 0xF4, 0xBD, 0x51, 0x00, 0x00, 0x00, 0x77, 0x4F, 0x00, 0x8B, 0x68, 0x00, 0x00, 0x00, 
0x00, 0x00, 0x00, 0x00, 0x00, 0x00, 0x00, 0x00, 0x00, 0x00, 0x00, 0x00, 0x00, 0x00, 0x00, 0x1E, 
0xA9, 0x00, 0x00, 0x11, 0xD6, 0x14, 0x00, 0x00, 0x00, 0x00, 0x00, 0x00, 0x00, 0x00, 0x00, 0x00, 
0x00, 0x00, 0x00, 0x00, 0x00, 0x00, 0x05, 0xA7, 0x1C, 0x00, 0x00, 0x00, 0x4E, 0xBE, 0x06, 0x00, 
0x00, 0x00, 0x00, 0x00, 0x00, 0x00, 0x00, 0x00, 0x00, 0x00, 0x00, 0x00, 0x00, 0x02, 0x9A, 0x39, 
0x00, 0x00, 0x00, 0x00, 0x00, 0x6F, 0xBB, 0x10, 0x00, 0x00, 0x00, 0x00, 0x00, 0x00, 0x00, 0x00, 
0x00, 0x00, 0x00, 0x00, 0x0F, 0xA8, 0x40, 0x00, 0x00, 0x00, 0x00, 0x00, 0x00, 0x00, 0x5B, 0xD8, 
0x5A, 0x03, 0x00, 0x00, 0x00, 0x00, 0x00, 0x00, 0x00, 0x00, 0x02, 0x5C, 0xBF, 0x31, 0x00, 0x00, 
0x00, 0x00, 0x00, 0x00, 0x00, 0x00, 0x00, 0x20, 0xA7, 0xDD, 0x88, 0x45, 0x1A, 0x06, 0x09, 0x1B, 
0x48, 0x87, 0xD9, 0x8E, 0x0C, 0x00, 0x00, 0x00, 0x00, 0x00, 0x00, 0x00, 0x00, 0x00, 0x00, 0x00, 
0x00, 0x21, 0x77, 0xB8, 0xE4, 0xF8, 0xF5, 0xE0, 0xB4, 0x6E, 0x16, 0x00, 0x00, 0x00, 0x00, 0x00, 
0x00, 0x00, 0x00, 0x00, 0x00, 0x00, 0x00, 0x00, 0x00, 0x00, 0x00, 0x00, 0x00, 0x00, 0x00, 0x00, 
0x00, 0x23, 0xE8, 0x00, 0x00, 0x00, 0x00, 0x00, 0x00, 0x00, 0x00, 0x00, 0x00, 0x00, 0x00, 0x00, 
0x00, 0x00, 0x00, 0x07, 0xCD, 0xE6, 0x00, 0x00, 0x00, 0x00, 0x00, 0x00, 0x00, 0x00, 0x00, 0x00, 
0x00, 0x00, 0x00, 0x00, 0x00, 0x00, 0x96, 0xFF, 0xD6, 0x00, 0x00, 0x00, 0x00, 0x00, 0x00, 0x00, 
0x00, 0x00, 0x00, 0x00, 0x00, 0x00, 0x00, 0x00, 0x57, 0xBF, 0xFF, 0xC5, 0x00, 0x00, 0x00, 0x00, 
0x00, 0x00, 0x00, 0x00, 0x00, 0x00, 0x00, 0x00, 0x00, 0x00, 0x25, 0xCA, 0x3B, 0xFF, 0xB5, 0x00, 
0x00, 0x00, 0x00, 0x00, 0x00, 0x00, 0x00, 0x00, 0x00, 0x00, 0x00, 0x00, 0x08, 0xC6, 0x2C, 0x43, 
0xFF, 0xA4, 0x00, 0x00, 0x00, 0x00, 0x00, 0x00, 0x00, 0x00, 0x00, 0x00, 0x00, 0x00, 0x00, 0x9A, 
0x61, 0x00, 0x57, 0xFF, 0x94, 0x00, 0x00, 0x00, 0x00, 0x00, 0x00, 0x00, 0x00, 0x00, 0x00, 0x00, 
0x00, 0x5A, 0x9F, 0x00, 0x00, 0x6B, 0xFF, 0x83, 0x00, 0x00, 0x00, 0x00, 0x00, 0x00, 0x00, 0x00, 
0x00, 0x00, 0x00, 0x27, 0xC7, 0x0A, 0x00, 0x00, 0x7F, 0xFF, 0x72, 0x00, 0x00, 0x00, 0x00, 0x00, 
0x00, 0x00, 0x00, 0x00, 0x00, 0x09, 0xC6, 0x28, 0x00, 0x00, 0x00, 0x93, 0xFF, 0x62, 0x00, 0x00, 
0x00, 0x00, 0x00, 0x00, 0x00, 0x00, 0x00, 0x00, 0x9D, 0x5A, 0x00, 0x00, 0x00, 0x00, 0xA7, 0xFF, 
0x51, 0x00, 0x00, 0x00, 0x00, 0x00, 0x00, 0x00, 0x00, 0x00, 0x5E, 0x98, 0x00, 0x00, 0x00, 0x00, 
0x00, 0xBA, 0xFF, 0x41, 0x00, 0x00, 0x00, 0x00, 0x00, 0x00, 0x00, 0x00, 0x2A, 0xF4, 0xFF, 0xFF, 
0xFF, 0xFF, 0xFF, 0xFF, 0xFF, 0xFF, 0x30, 0x00, 0x00, 0x00, 0x00, 0x00, 0x00, 0x00, 0x0A, 0xC6, 
0x22, 0x00, 0x00, 0x00, 0x00, 0x00, 0x00, 0xE2, 0xFF, 0x20, 0x00, 0x00, 0x00, 0x00, 0x00, 0x00, 
0x00, 0xA0, 0x53, 0x00, 0x00, 0x00, 0x00, 0x00, 0x00, 0x00, 0xF4, 0xFF, 0x0F, 0x00, 0x00, 0x00, 
0x00, 0x00, 0x00, 0x70, 0x8E, 0x00, 0x00, 0x00, 0x00, 0x00, 0x00, 0x00, 0x0A, 0xFF, 0xFB, 0x01, 
0x00, 0x00, 0x00, 0x00, 0x00, 0x5D, 0xD7, 0x03, 0x00, 0x00, 0x00, 0x00, 0x00, 0x00, 0x00, 0x31, 
0xFF, 0xEC, 0x00, 0x00, 0x00, 0x00, 0x1C, 0x87, 0xFD, 0xD9, 0x1E, 0x00, 0x00, 0x00, 0x00, 0x00, 
0x01, 0x1F, 0xB3, 0xFF, 0xFF, 0x63, 0x0B, 0x00, 0x34, 0xFF, 0xFF, 0xFF, 0xFF, 0xFF, 0x1F, 0x00, 
0x00, 0x00, 0x00, 0xC0, 0xFF, 0xFF, 0xFF, 0xFF, 0xFF, 0xFF, 0x37, 0x00, 0x00, 0x00, 0x00, 0x00, 
0xBC, 0xFF, 0xFF, 0xFF, 0xFF, 0xFF, 0xFF, 0xF9, 0xE5, 0xB2, 0x5E, 0x04, 0x00, 0x00, 0x00, 0x00, 
0x00, 0x00, 0x04, 0x22, 0xD2, 0xFF, 0xA7, 0x0F, 0x03, 0x10, 0x37, 0x8F, 0xFC, 0xCC, 0x14, 0x00, 
0x00, 0x00, 0x00, 0x00, 0x00, 0x00, 0xA6, 0xFF, 0x5D, 0x00, 0x00, 0x00, 0x00, 0x00, 0x69, 0xFF, 
0xA2, 0x00, 0x00, 0x00, 0x00, 0x00, 0x00, 0x00, 0xDC, 0xFF, 0x1D, 0x00, 0x00, 0x00, 0x00, 0x00, 
0x0C, 0xFF, 0xF0, 0x00, 0x00, 0x00, 0x00, 0x00, 0x00, 0x1F, 0xFF, 0xDC, 0x00, 0x00, 0x00, 0x00, 
0x00, 0x00, 0x16, 0xFF, 0xED, 0x00, 0x00, 0x00, 0x00, 0x00, 0x00, 0x64, 0xFF, 0x9C, 0x00, 0x00, 
0x00, 0x00, 0x00, 0x00, 0x74, 0xFF, 0xA4, 0x00, 0x00, 0x00, 0x00, 0x00, 0x00, 0xA8, 0xFF, 0x5C, 
0x00, 0x00, 0x00, 0x00, 0x00, 0x4F, 0xF7, 0xEB, 0x1F, 0x00, 0x00, 0x00, 0x00, 0x00, 0x01, 0xEA, 
0xFF, 0x1C, 0x01, 0x0C, 0x27, 0x5A, 0xB5, 0xFF, 0xC6, 0x28, 0x00, 0x00, 0x00, 0x00, 0x00, 0x00, 
0x2F, 0xFF, 0xFF, 0xFF, 0xFF, 0xFF, 0xFF, 0xFF, 0xE6, 0x43, 0x00, 0x00, 0x00, 0x00, 0x00, 0x00, 
0x00, 0x00, 0x73, 0xFF, 0x95, 0x00, 0x04, 0x12, 0x35, 0x7A, 0xE8, 0xEB, 0x4B, 0x00, 0x00, 0x00, 
0x00, 0x00, 0x00, 0x00, 0xB7, 0xFF, 0x52, 0x00, 0x00, 0x00, 0x00, 0x00, 0x13, 0xD3, 0xFB, 0x3C, 
0x00, 0x00, 0x00, 0x00, 0x00, 0x06, 0xF4, 0xFD, 0x11, 0x00, 0x00, 0x00, 0x00, 0x00, 0x00, 0x43, 
0xFF, 0xBE, 0x00, 0x00, 0x00, 0x00, 0x00, 0x3F, 0xFF, 0xCC, 0x00, 0x00, 0x00, 0x00, 0x00, 0x00, 
0x00, 0x0A, 0xFF, 0xF2, 0x00, 0x00, 0x00, 0x00, 0x00, 0x83, 0xFF, 0x88, 0x00, 0x00, 0x00, 0x00, 
0x00, 0x00, 0x00, 0x13, 0xFF, 0xE6, 0x00, 0x00, 0x00, 0x00, 0x00, 0xC6, 0xFF, 0x45, 0x00, 0x00, 
0x00, 0x00, 0x00, 0x00, 0x00, 0x54, 0xFF, 0xAD, 0x00, 0x00, 0x00, 0x00, 0x14, 0xFB, 0xF8, 0x09, 
0x00, 0x00, 0x00, 0x00, 0x00, 0x00, 0x0C, 0xD9, 0xFF, 0x3F, 0x00, 0x00, 0x00, 0x00, 0x72, 0xFF, 
0xBE, 0x00, 0x00, 0x00, 0x00, 0x00, 0x00, 0x26, 0xCE, 0xFF, 0x92, 0x00, 0x00, 0x00, 0x09, 0x43, 
0xEA, 0xFF, 0x97, 0x19, 0x07, 0x04, 0x18, 0x4B, 0xA0, 0xFA, 0xF8, 0x81, 0x01, 0x00, 0x00, 0x2E, 
0xFF, 0xFF, 0xFF, 0xFF, 0xFF, 0xFF, 0xFF, 0xFE, 0xF6, 0xE4, 0xBD, 0x78, 0x1C, 0x00, 0x00, 0x00, 
0x00, 0x00, 0x00, 0x00, 0x00, 0x00, 0x00, 0x00, 0x22, 0x7E, 0xBF, 0xEA, 0xF9, 0xE3, 0xA8, 0x51, 
0x0E, 0x76, 0xD4, 0x00, 0x00, 0x00, 0x00, 0x00, 0x1E, 0xA6, 0xD4, 0x6B, 0x27, 0x08, 0x0A, 0x3D, 
0xB7, 0xFF, 0xFF, 0xFF, 0x7F, 0x00, 0x00, 0x00, 0x00, 0x5A, 0xF1, 0x84, 0x04, 0x00, 0x00, 0x00, 
0x00, 0x00, 0x01, 0xB7, 0xFF, 0xFF, 0x2A, 0x00, 0x00, 0x00, 0x74, 0xFE, 0x6A, 0x00, 0x00, 0x00, 
0x00, 0x00, 0x00, 0x00, 0x00, 0x48, 0xFF, 0xD4, 0x00, 0x00, 0x00, 0x59, 0xFF, 0x91, 0x00, 0x00, 
0x00, 0x00, 0x00, 0x00, 0x00, 0x00, 0x00, 0x13, 0xFF, 0x7F, 0x00, 0x00, 0x1C, 0xF1, 0xDD, 0x09, 
0x00, 0x00, 0x00, 0x00, 0x00, 0x00, 0x00, 0x00, 0x00, 0x04, 0xFF, 0x2A, 0x00, 0x00, 0xA3, 0xFF, 
0x5F, 0x00, 0x00, 0x00, 0x00, 0x00, 0x00, 0x00, 0x00, 0x00, 0x00, 0x00, 0x00, 0x00, 0x00, 0x1F, 
0xFC, 0xE8, 0x04, 0x00, 0x00, 0x00, 0x00, 0x00, 0x00, 0x00, 0x00, 0x00, 0x00, 0x00, 0x00, 0x00, 
0x00, 0x77, 0xFF, 0x92, 0x00, 0x00, 0x00, 0x00, 0x00, 0x00, 0x00, 0x00, 0x00, 0x00, 0x00, 0x00, 
0x00, 0x00, 0x00, 0xBB, 0xFF, 0x4F, 0x00, 0x00, 0x00, 0x00, 0x00, 0x00, 0x00, 0x00, 0x00, 0x00, 
0x00, 0x00, 0x00, 0x00, 0x00, 0xE8, 0xFF, 0x20, 0x00, 0x00, 0x00, 0x00, 0x00, 0x00, 0x00, 0x00, 
0x00, 0x00, 0x00, 0x00, 0x00, 0x00, 0x00, 0xFA, 0xFF, 0x08, 0x00, 0x00, 0x00, 0x00, 0x00, 0x00, 
0x00, 0x00, 0x00, 0x00, 0x00, 0x00, 0x00, 0x00, 0x00, 0xEC, 0xFF, 0x06, 0x00, 0x00, 0x00, 0x00, 
0x00, 0x00, 0x00, 0x00, 0x00, 0x00, 0x00, 0x00, 0x00, 0x00, 0x00, 0xCA, 0xFF, 0x22, 0x00, 0x00, 
0x00, 0x00, 0x00, 0x00, 0x00, 0x00, 0x00, 0x00, 0x00, 0x00, 0x00, 0x00, 0x00, 0x79, 0xFF, 0x69, 
0x00, 0x00, 0x00, 0x00, 0x00, 0x00, 0x00, 0x00, 0x00, 0x00, 0x00, 0x00, 0x00, 0x00, 0x00, 0x18, 
0xF1, 0xDE, 0x0C, 0x00, 0x00, 0x00, 0x00, 0x00, 0x00, 0x00, 0x00, 0x00, 0x3E, 0x8D, 0x00, 0x00, 
0x00, 0x00, 0x56, 0xFF, 0xB8, 0x0E, 0x00, 0x00, 0x00, 0x00, 0x00, 0x00, 0x01, 0x63, 0xA8, 0x05, 
0x00, 0x00, 0x00, 0x00, 0x00, 0x55, 0xF1, 0xE1, 0x6F, 0x26, 0x08, 0x0E, 0x28, 0x6A, 0xC6, 0x89, 
0x03, 0x00, 0x00, 0x00, 0x00, 0x00, 0x00, 0x00, 0x17, 0x75, 0xC5, 0xE6, 0xF9, 0xE4, 0xC7, 0x7D, 
0x1F, 0x00, 0x00, 0x00, 0x00, 0x00, 0x00, 0x00, 0x00, 0x00, 0x00, 0x00, 0xA4, 0xFF, 0xFF, 0xFF, 
0xFF, 0xFF, 0xFE, 0xF6, 0xE6, 0xCA, 0x98, 0x4B, 0x02, 0x00, 0x00, 0x00, 0x00, 0x00, 0x00, 0x00, 
0x00, 0x02, 0x21, 0xDD, 0xFF, 0x97, 0x08, 0x01, 0x0A, 0x1D, 0x4D, 0x9F, 0xF7, 0xCE, 0x26, 0x00, 
0x00, 0x00, 0x00, 0x00, 0x00, 0x00, 0x00, 0x00, 0xB7, 0xFF, 0x51, 0x00, 0x00, 0x00, 0x00, 0x00, 
0x00, 0x28, 0xD7, 0xEB, 0x24, 0x00, 0x00, 0x00, 0x00, 0x00, 0x00, 0x00, 0x00, 0xE5, 0xFD, 0x12, 
0x00, 0x00, 0x00, 0x00, 0x00, 0x00, 0x00, 0x1E, 0xF2, 0xC7, 0x01, 0x00, 0x00, 0x00, 0x00, 0x00, 
0x00, 0x26, 0xFF, 0xCE, 0x00, 0x00, 0x00, 0x00, 0x00, 0x00, 0x00, 0x00, 0x00, 0x87, 0xFF, 0x4E, 
0x00, 0x00, 0x00, 0x00, 0x00, 0x00, 0x6A, 0xFF, 0x8D, 0x00, 0x00, 0x00, 0x00, 0x00, 0x00, 0x00, 
0x00, 0x00, 0x39, 0xFF, 0xAB, 0x00, 0x00, 0x00, 0x00, 0x00, 0x00, 0xAE, 0xFF, 0x4B, 0x00, 0x00, 
0x00, 0x00, 0x00, 0x00, 0x00, 0x00, 0x00, 0x12, 0xFF, 0xE3, 0x00, 0x00, 0x00, 0x00, 0x00, 0x02, 
0xEE, 0xFC, 0x0E, 0x00, 0x00, 0x00, 0x00, 0x00, 0x00, 0x00, 0x00, 0x00, 0x03, 0xFF, 0xFA, 0x00, 
0x00, 0x00, 0x00, 0x00, 0x35, 0xFF, 0xC8, 0x00, 0x00, 0x00, 0x00, 0x00, 0x00, 0x00, 0x00, 0x00, 
0x00, 0x0D, 0xFF, 0xEF, 0x00, 0x00, 0x00, 0x00, 0x00, 0x78, 0xFF, 0x87, 0x00, 0x00, 0x00, 0x00, 
0x00, 0x00, 0x00, 0x00, 0x00, 0x00, 0x2A, 0xFF, 0xD5, 0x00, 0x00, 0x00, 0x00, 0x00, 0xBC, 0xFF, 
0x46, 0x00, 0x00, 0x00, 0x00, 0x00, 0x00, 0x00, 0x00, 0x00, 0x00, 0x5B, 0xFF, 0x99, 0x00, 0x00, 
0x00, 0x00, 0x08, 0xF7, 0xFA, 0x0A, 0x00, 0x00, 0x00, 0x00, 0x00, 0x00, 0x00, 0x00, 0x00, 0x00, 
0xA5, 0xFF, 0x4E, 0x00, 0x00, 0x00, 0x00, 0x43, 0xFF, 0xC3, 0x00, 0x00, 0x00, 0x00, 0x00, 0x00, 
0x00, 0x00, 0x00, 0x00, 0x15, 0xF7, 0xE3, 0x03, 0x00, 0x00, 0x00, 0x00, 0x87, 0xFF, 0x81, 0x00, 
0x00, 0x00, 0x00, 0x00, 0x00, 0x00, 0x00, 0x00, 0x00, 0xA3, 0xFF, 0x62, 0x00, 0x00, 0x00, 0x00, 
0x00, 0xCA, 0xFF, 0x40, 0x00, 0x00, 0x00, 0x00, 0x00, 0x00, 0x00, 0x00, 0x00, 0x4B, 0xFF, 0xAF, 
0x01, 0x00, 0x00, 0x00, 0x00, 0x17, 0xFC, 0xF5, 0x07, 0x00, 0x00, 0x00, 0x00, 0x00, 0x00, 0x00, 
0x00, 0x4C, 0xF7, 0xB7, 0x09, 0x00, 0x00, 0x00, 0x00, 0x00, 0x79, 0xFF, 0xB1, 0x00, 0x00, 0x00, 
0x00, 0x00, 0x00, 0x00, 0x11, 0x89, 0xF9, 0x92, 0x04, 0x00, 0x00, 0x00, 0x00, 0x0A, 0x49, 0xF0, 
0xFF, 0xAD, 0x0C, 0x03, 0x0E, 0x1E, 0x42, 0x6D, 0xB3, 0xF7, 0xCC, 0x3F, 0x00, 0x00, 0x00, 0x00, 
0x00, 0x42, 0xFF, 0xFF, 0xFF, 0xFF, 0xFF, 0xFF, 0xFF, 0xFD, 0xF0, 0xE1, 0xBD, 0x86, 0x39, 0x00, 
0x00, 0x00, 0x00, 0x00, 0x00, 0x00, 0x00, 0x00, 0x00, 0x00, 0x00, 0xA6, 0xFF, 0xFF, 0xFF, 0xFF, 
0xFF, 0xFF, 0xFF, 0xFF, 0xFF, 0xFF, 0xFF, 0xFF, 0xDF, 0x00, 0x00, 0x00, 0x00, 0x00, 0x02, 0x22, 
0xDC, 0xFF, 0x94, 0x00, 0x00, 0x00, 0x02, 0x0C, 0x37, 0xC2, 0xFF, 0x9F, 0x00, 0x00, 0x00, 0x00, 
0x00, 0x00, 0x00, 0xB3, 0xFF, 0x57, 0x00, 0x00, 0x00, 0x00, 0x00, 0x00, 0x0F, 0xFA, 0x5F, 0x00, 
0x00, 0x00, 0x00, 0x00, 0x00, 0x00, 0xE1, 0xFF, 0x1A, 0x00, 0x00, 0x00, 0x00, 0x00, 0x00, 0x00, 
0xF3, 0x1F, 0x00, 0x00, 0x00, 0x00, 0x00, 0x00, 0x22, 0xFF, 0xDC, 0x00, 0x00, 0x00, 0x00, 0x00, 
0x00, 0x00, 0x00, 0x00, 0x00, 0x00, 0x00, 0x00, 0x00, 0x00, 0x00, 0x66, 0xFF, 0x9E, 0x00, 0x00, 
0x00, 0x00, 0x00, 0x00, 0x00, 0x00, 0x00, 0x00, 0x00, 0x00, 0x00, 0x00, 0x00, 0x00, 0xA9, 0xFF, 
0x61, 0x00, 0x00, 0x00, 0x00, 0x25, 0xDA, 0x00, 0x00, 0x00, 0x00, 0x00, 0x00, 0x00, 0x00, 0x00, 
0x01, 0xEA, 0xFF, 0x23, 0x00, 0x00, 0x00, 0x00, 0x85, 0x91, 0x00, 0x00, 0x00, 0x00, 0x00, 0x00, 
0x00, 0x00, 0x00, 0x30, 0xFF, 0xE6, 0x00, 0x00, 0x00, 0x11, 0x5F, 0xF7, 0x48, 0x00, 0x00, 0x00, 
0x00, 0x00, 0x00, 0x00, 0x00, 0x00, 0x73, 0xFF, 0xFF, 0xFF, 0xFF, 0xFF, 0xFF, 0xFF, 0xF6, 0x09, 
0x00, 0x00, 0x00, 0x00, 0x00, 0x00, 0x00, 0x00, 0x00, 0xB7, 0xFF, 0x55, 0x00, 0x02, 0x10, 0x61, 
0xFB, 0xB6, 0x00, 0x00, 0x00, 0x00, 0x00, 0x00, 0x00, 0x00, 0x00, 0x05, 0xF4, 0xFE, 0x14, 0x00, 
0x00, 0x00, 0x00, 0xCD, 0x6D, 0x00, 0x00, 0x00, 0x00, 0x00, 0x00, 0x00, 0x00, 0x00, 0x3E, 0xFF, 
0xCF, 0x00, 0x00, 0x00, 0x00, 0x00, 0xEB, 0x24, 0x00, 0x00, 0x00, 0x00, 0x00, 0x00, 0x00, 0x00, 
0x00, 0x81, 0xFF, 0x8B, 0x00, 0x00, 0x00, 0x00, 0x00, 0x00, 0x00, 0x00, 0x00, 0x00, 0x00, 0x00, 
0x00, 0x00, 0x00, 0x00, 0xC4, 0xFF, 0x48, 0x00, 0x00, 0x00, 0x00, 0x00, 0x00, 0x00, 0x00, 0x00, 
0x00, 0x00, 0x00, 0x00, 0x00, 0x00, 0x11, 0xFA, 0xF9, 0x0A, 0x00, 0x00, 0x00, 0x00, 0x00, 0x00, 
0x00, 0x00, 0x78, 0xBF, 0x00, 0x00, 0x00, 0x00, 0x00, 0x6D, 0xFF, 0xC1, 0x00, 0x00, 0x00, 0x00, 
0x00, 0x00, 0x00, 0x06, 0x82, 0xFF, 0x3F, 0x00, 0x00, 0x00, 0x08, 0x42, 0xEA, 0xFF, 0xBF, 0x0D, 
0x00, 0x00, 0x04, 0x12, 0x34, 0x71, 0xD9, 0xFF, 0xBF, 0x00, 0x00, 0x00, 0x2E, 0xFF, 0xFF, 0xFF, 
0xFF, 0xFF, 0xFF, 0xFF, 0xFF, 0xFF, 0xFF, 0xFF, 0xFF, 0xFF, 0xFF, 0x3F, 0x00, 0x00, 0x00, 0x00, 
0x00, 0x00, 0x00, 0x00, 0xA8, 0xFF, 0xFF, 0xFF, 0xFF, 0xFF, 0xFF, 0xFF, 0xFF, 0xFF, 0xFF, 0xFF, 
0xFF, 0xFF, 0xDF, 0x00, 0x00, 0x00, 0x00, 0x00, 0x02, 0x22, 0xDD, 0xFF, 0x98, 0x00, 0x00, 0x00, 
0x00, 0x00, 0x02, 0x13, 0x88, 0xFF, 0x9F, 0x00, 0x00, 0x00, 0x00, 0x00, 0x00, 0x00, 0xB0, 0xFF, 
0x5B, 0x00, 0x00, 0x00, 0x00, 0x00, 0x00, 0x00, 0x01, 0xE8, 0x5F, 0x00, 0x00, 0x00, 0x00, 0x00, 
0x00, 0x00, 0xDD, 0xFF, 0x1D, 0x00, 0x00, 0x00, 0x00, 0x00, 0x00, 0x00, 0x00, 0xEE, 0x1F, 0x00, 
0x00, 0x00, 0x00, 0x00, 0x00, 0x1F, 0xFF, 0xE0, 0x00, 0x00, 0x00, 0x00, 0x00, 0x00, 0x00, 0x00, 
0x00, 0x00, 0x00, 0x00, 0x00, 0x00, 0x00, 0x00, 0x00, 0x63, 0xFF, 0xA2, 0x00, 0x00, 0x00, 0x00, 
0x00, 0x00, 0x00, 0x00, 0x00, 0x00, 0x00, 0x00, 0x00, 0x00, 0x00, 0x00, 0x00, 0xA7, 0xFF, 0x65, 
0x00, 0x00, 0x00, 0x00, 0x00, 0x2F, 0xDA, 0x00, 0x00, 0x00, 0x00, 0x00, 0x00, 0x00, 0x00, 0x00, 
0x01, 0xE9, 0xFF, 0x27, 0x00, 0x00, 0x00, 0x00, 0x00, 0x9D, 0x91, 0x00, 0x00, 0x00, 0x00, 0x00, 
0x00, 0x00, 0x00, 0x00, 0x2F, 0xFF, 0xEA, 0x00, 0x00, 0x00, 0x00, 0x11, 0x6B, 0xFD, 0x48, 0x00, 
0x00, 0x00, 0x00, 0x00, 0x00, 0x00, 0x00, 0x00, 0x73, 0xFF, 0xFF, 0xFF, 0xFF, 0xFF, 0xFF, 0xFF, 
0xFF, 0xF6, 0x09, 0x00, 0x00, 0x00, 0x00, 0x00, 0x00, 0x00, 0x00, 0x00, 0xB7, 0xFF, 0x55, 0x00, 
0x00, 0x04, 0x1E, 0x80, 0xFF, 0xB6, 0x00, 0x00, 0x00, 0x00, 0x00, 0x00, 0x00, 0x00, 0x00, 0x05, 
0xF4, 0xFE, 0x14, 0x00, 0x00, 0x00, 0x00, 0x00, 0xDB, 0x6D, 0x00, 0x00, 0x00, 0x00, 0x00, 0x00, 
0x00, 0x00, 0x00, 0x3E, 0xFF, 0xCE, 0x00, 0x00, 0x00, 0x00, 0x00, 0x00, 0xE6, 0x24, 0x00, 0x00, 
0x00, 0x00, 0x00, 0x00, 0x00, 0x00, 0x00, 0x82, 0xFF, 0x8A, 0x00, 0x00, 0x00, 0x00, 0x00, 0x00, 
0x00, 0x00, 0x00, 0x00, 0x00, 0x00, 0x00, 0x00, 0x00, 0x00, 0x00, 0xC6, 0xFF, 0x47, 0x00, 0x00, 
0x00, 0x00, 0x00, 0x00, 0x00, 0x00, 0x00, 0x00, 0x00, 0x00, 0x00, 0x00, 0x00, 0x00, 0x14, 0xFB, 
0xF7, 0x0A, 0x00, 0x00, 0x00, 0x00, 0x00, 0x00, 0x00, 0x00, 0x00, 0x00, 0x00, 0x00, 0x00, 0x00, 
0x00, 0x00, 0x73, 0xFF, 0xB0, 0x00, 0x00, 0x00, 0x00, 0x00, 0x00, 0x00, 0x00, 0x00, 0x00, 0x00, 
0x00, 0x00, 0x00, 0x00, 0x08, 0x45, 0xED, 0xFF, 0xBF, 0x21, 0x05, 0x00, 0x00, 0x00, 0x00, 0x00, 
0x00, 0x00, 0x00, 0x00, 0x00, 0x00, 0x00, 0x32, 0xFF, 0xFF, 0xFF, 0xFF, 0xFF, 0xFF, 0xAD, 0x00, 
0x00, 0x00, 0x00, 0x00, 0x00, 0x00, 0x00, 0x00, 0x00, 0x00, 0x00, 0x00, 0x00, 0x00, 0x00, 0x00, 
0x00, 0x09, 0x61, 0xB0, 0xE2, 0xF9, 0xEF, 0xD1, 0x87, 0x31, 0x0E, 0x81, 0xD4, 0x00, 0x00, 0x00, 
0x00, 0x00, 0x00, 0x00, 0x5E, 0xEA, 0xCC, 0x64, 0x2B, 0x0B, 0x0D, 0x40, 0xB7, 0xFF, 0xFF, 0xFF, 
0x7F, 0x00, 0x00, 0x00, 0x00, 0x00, 0x07, 0xAA, 0xF8, 0x69, 0x00, 0x00, 0x00, 0x00, 0x00, 0x00, 
0x00, 0xA2, 0xFF, 0xFF, 0x2A, 0x00, 0x00, 0x00, 0x00, 0x05, 0xBC, 0xFA, 0x40, 0x00, 0x00, 0x00, 
0x00, 0x00, 0x00, 0x00, 0x00, 0x13, 0xFB, 0xD4, 0x00, 0x00, 0x00, 0x00, 0x00, 0x92, 0xFF, 0x66, 
0x00, 0x00, 0x00, 0x00, 0x00, 0x00, 0x00, 0x00, 0x00, 0x00, 0xE5, 0x7F, 0x00, 0x00, 0x00, 0x00, 
0x40, 0xFF, 0xBA, 0x00, 0x00, 0x00, 0x00, 0x00, 0x00, 0x00, 0x00, 0x00, 0x00, 0x00, 0xF2, 0x2A, 
0x00, 0x00, 0x00, 0x00, 0xC7, 0xFF, 0x2E, 0x00, 0x00, 0x00, 0x00, 0x00, 0x00, 0x00, 0x00, 0x00, 
0x00, 0x00, 0x00, 0x00, 0x00, 0x00, 0x00, 0x37, 0xFF, 0xC5, 0x00, 0x00, 0x00, 0x00, 0x00, 0x00, 
0x00, 0x00, 0x00, 0x00, 0x00, 0x00, 0x00, 0x00, 0x00, 0x00, 0x00, 0x89, 0xFF, 0x71, 0x00, 0x00, 
0x00, 0x00, 0x00, 0x00, 0x00, 0x00, 0x00, 0x00, 0x00, 0x00, 0x00, 0x00, 0x00, 0x00, 0x00, 0xCA, 
0xFF, 0x38, 0x00, 0x00, 0x00, 0x00, 0x00, 0x00, 0x00, 0x00, 0x24, 0xFF, 0xFF, 0xFF, 0xFF, 0xFF, 
0xFF, 0xFF, 0x35, 0xE5, 0xFF, 0x16, 0x00, 0x00, 0x00, 0x00, 0x00, 0x00, 0x00, 0x00, 0x00, 0x08, 
0x38, 0xE0, 0xFF, 0xFB, 0x5F, 0x0E, 0x00, 0xF8, 0xFF, 0x05, 0x00, 0x00, 0x00, 0x00, 0x00, 0x00, 
0x00, 0x00, 0x00, 0x00, 0x00, 0xA4, 0xFF, 0x9C, 0x00, 0x00, 0x00, 0xE0, 0xFF, 0x0E, 0x00, 0x00, 
0x00, 0x00, 0x00, 0x00, 0x00, 0x00, 0x00, 0x00, 0x00, 0xC9, 0xFF, 0x46, 0x00, 0x00, 0x00, 0xAE, 
0xFF, 0x3C, 0x00, 0x00, 0x00, 0x00, 0x00, 0x00, 0x00, 0x00, 0x00, 0x00, 0x0F, 0xFA, 0xF4, 0x07, 
0x00, 0x00, 0x00, 0x4E, 0xFF, 0x98, 0x00, 0x00, 0x00, 0x00, 0x00, 0x00, 0x00, 0x00, 0x00, 0x00, 
0x55, 0xFF, 0xB3, 0x00, 0x00, 0x00, 0x00, 0x02, 0xC0, 0xF9, 0x32, 0x00, 0x00, 0x00, 0x00, 0x00, 
0x00, 0x00, 0x00, 0x00, 0x9F, 0xFF, 0x6B, 0x00, 0x00, 0x00, 0x00, 0x00, 0x1A, 0xE2, 0xE4, 0x2F, 
0x00, 0x00, 0x00, 0x00, 0x00, 0x00, 0x00, 0x01, 0xE8, 0xFF, 0x23, 0x00, 0x00, 0x00, 0x00, 0x00, 
0x00, 0x13, 0xB2, 0xF9, 0x9C, 0x49, 0x18, 0x05, 0x06, 0x13, 0x32, 0x6E, 0xFF, 0xDA, 0x00, 0x00, 
0x00, 0x00, 0x00, 0x00, 0x00, 0x00, 0x00, 0x3D, 0x94, 0xCD, 0xEE, 0xFB, 0xF5, 0xE4, 0xCE, 0x9F, 
0x65, 0x20, 0x00, 0x00, 0x00, 0x00, 0x00, 0x00, 0x00, 0x00, 0x00, 0x00, 0xB2, 0xFF, 0xFF, 0xFF, 
0xFF, 0xFF, 0xFF, 0x5B, 0x00, 0x00, 0x00, 0xB2, 0xFF, 0xFF, 0xFF, 0xFF, 0xFF, 0xFF, 0x77, 0x00, 
0x00, 0x00, 0x00, 0x00, 0x03, 0x22, 0xDE, 0xFF, 0xFD, 0x6D, 0x0F, 0x00, 0x00, 0x00, 0x00, 0x02, 
0x1E, 0xD9, 0xFF, 0xFE, 0x73, 0x11, 0x00, 0x00, 0x00, 0x00, 0x00, 0x00, 0x00, 0x00, 0xB3, 0xFF, 
0xA1, 0x00, 0x00, 0x00, 0x00, 0x00, 0x00, 0x00, 0x00, 0xB8, 0xFF, 0xA4, 0x00, 0x00, 0x00, 0x00, 
0x00, 0x00, 0x00, 0x00, 0x00, 0x00, 0xE1, 0xFF, 0x38, 0x00, 0x00, 0x00, 0x00, 0x00, 0x00, 0x00, 
0x03, 0xEF, 0xFF, 0x39, 0x00, 0x00, 0x00, 0x00, 0x00, 0x00, 0x00, 0x00, 0x00, 0x22, 0xFF, 0xEA, 
0x01, 0x00, 0x00, 0x00, 0x00, 0x00, 0x00, 0x00, 0x33, 0xFF, 0xEA, 0x01, 0x00, 0x00, 0x00, 0x00, 
0x00, 0x00, 0x00, 0x00, 0x00, 0x66, 0xFF, 0xA8, 0x00, 0x00, 0x00, 0x00, 0x00, 0x00, 0x00, 0x00, 
0x72, 0xFF, 0xA8, 0x00, 0x00, 0x00, 0x00, 0x00, 0x00, 0x00, 0x00, 0x00, 0x00, 0xA9, 0xFF, 0x64, 
0x00, 0x00, 0x00, 0x00, 0x00, 0x00, 0x00, 0x00, 0xB1, 0xFF, 0x64, 0x00, 0x00, 0x00, 0x00, 0x00, 
0x00, 0x00, 0x00, 0x00, 0x01, 0xEA, 0xFF, 0x21, 0x00, 0x00, 0x00, 0x00, 0x00, 0x00, 0x00, 0x02, 
0xEE, 0xFF, 0x21, 0x00, 0x00, 0x00, 0x00, 0x00, 0x00, 0x00, 0x00, 0x00, 0x2F, 0xFF, 0xFF, 0xFF, 
0xFF, 0xFF, 0xFF, 0xFF, 0xFF, 0xFF, 0xFF, 0xFF, 0xFF, 0xDD, 0x00, 0x00, 0x00, 0x00, 0x00, 0x00, 
0x00, 0x00, 0x00, 0x00, 0x73, 0xFF, 0x99, 0x00, 0x00, 0x00, 0x00, 0x00, 0x00, 0x00, 0x00, 0x72, 
0xFF, 0x9A, 0x00, 0x00, 0x00, 0x00, 0x00, 0x00, 0x00, 0x00, 0x00, 0x00, 0xB6, 0xFF, 0x56, 0x00, 
0x00, 0x00, 0x00, 0x00, 0x00, 0x00, 0x00, 0xB5, 0xFF, 0x57, 0x00, 0x00, 0x00, 0x00, 0x00, 0x00, 
0x00, 0x00, 0x00, 0x05, 0xF3, 0xFE, 0x15, 0x00, 0x00, 0x00, 0x00, 0x00, 0x00, 0x00, 0x05, 0xF3, 
0xFE, 0x15, 0x00, 0x00, 0x00, 0x00, 0x00, 0x00, 0x00, 0x00, 0x00, 0x3D, 0xFF, 0xCF, 0x00, 0x00, 
0x00, 0x00, 0x00, 0x00, 0x00, 0x00, 0x3C, 0xFF, 0xD0, 0x00, 0x00, 0x00, 0x00, 0x00, 0x00, 0x00, 
0x00, 0x00, 0x00, 0x80, 0xFF, 0x8C, 0x00, 0x00, 0x00, 0x00, 0x00, 0x00, 0x00, 0x00, 0x80, 0xFF, 
0x8C, 0x00, 0x00, 0x00, 0x00, 0x00, 0x00, 0x00, 0x00, 0x00, 0x00, 0xC3, 0xFF, 0x49, 0x00, 0x00, 
0x00, 0x00, 0x00, 0x00, 0x00, 0x00, 0xC3, 0xFF, 0x49, 0x00, 0x00, 0x00, 0x00, 0x00, 0x00, 0x00, 
0x00, 0x00, 0x12, 0xFA, 0xF8, 0x0B, 0x00, 0x00, 0x00, 0x00, 0x00, 0x00, 0x00, 0x11, 0xFA, 0xF8, 
0x0B, 0x00, 0x00, 0x00, 0x00, 0x00, 0x00, 0x00, 0x00, 0x00, 0x71, 0xFF, 0xB7, 0x00, 0x00, 0x00, 
0x00, 0x00, 0x00, 0x00, 0x00, 0x6E, 0xFF, 0xB7, 0x00, 0x00, 0x00, 0x00, 0x00, 0x00, 0x00, 0x00, 
0x08, 0x44, 0xEB, 0xFF, 0xC7, 0x22, 0x04, 0x00, 0x00, 0x00, 0x00, 0x08, 0x42, 0xEA, 0xFF, 0xC7, 
0x22, 0x04, 0x00, 0x00, 0x00, 0x00, 0x00, 0x32, 0xFF, 0xFF, 0xFF, 0xFF, 0xFF, 0xFF, 0xA1, 0x00, 
0x00, 0x00, 0x2C, 0xFF, 0xFF, 0xFF, 0xFF, 0xFF, 0xFF, 0x9B, 0x00, 0x00, 0x00, 0x00, 0x00, 0x00, 
0x00, 0x00, 0x00, 0x00, 0xB2, 0xFF, 0xFF, 0xFF, 0xFF, 0xFF, 0xFF, 0x13, 0x00, 0x00, 0x00, 0x00, 
0x00, 0x03, 0x25, 0xDC, 0xFF, 0xF9, 0x5C, 0x09, 0x00, 0x00, 0x00, 0x00, 0x00, 0x00, 0x00, 0x00, 
0xAC, 0xFF, 0x8D, 0x00, 0x00, 0x00, 0x00, 0x00, 0x00, 0x00, 0x00, 0x00, 0x00, 0xDE, 0xFF, 0x33, 
0x00, 0x00, 0x00, 0x00, 0x00, 0x00, 0x00, 0x00, 0x00, 0x20, 0xFF, 0xE8, 0x01, 0x00, 0x00, 0x00, 
0x00, 0x00, 0x00, 0x00, 0x00, 0x00, 0x64, 0xFF, 0xA5, 0x00, 0x00, 0x00, 0x00, 0x00, 0x00, 0x00, 
0x00, 0x00, 0x00, 0xA8, 0xFF, 0x62, 0x00, 0x00, 0x00, 0x00, 0x00, 0x00, 0x00, 0x00, 0x00, 0x01, 
0xEA, 0xFF, 0x1E, 0x00, 0x00, 0x00, 0x00, 0x00, 0x00, 0x00, 0x00, 0x00, 0x30, 0xFF, 0xDB, 0x00, 
0x00, 0x00, 0x00, 0x00, 0x00, 0x00, 0x00, 0x00, 0x00, 0x73, 0xFF, 0x97, 0x00, 0x00, 0x00, 0x00, 
0x00, 0x00, 0x00, 0x00, 0x00, 0x00, 0xB7, 0xFF, 0x54, 0x00, 0x00, 0x00, 0x00, 0x00, 0x00, 0x00, 
0x00, 0x00, 0x06, 0xF4, 0xFD, 0x13, 0x00, 0x00, 0x00, 0x00, 0x00, 0x00, 0x00, 0x00, 0x00, 0x3F, 
0xFF, 0xCD, 0x00, 0x00, 0x00, 0x00, 0x00, 0x00, 0x00, 0x00, 0x00, 0x00, 0x82, 0xFF, 0x8A, 0x00, 
0x00, 0x00, 0x00, 0x00, 0x00, 0x00, 0x00, 0x00, 0x00, 0xC6, 0xFF, 0x46, 0x00, 0x00, 0x00, 0x00, 
0x00, 0x00, 0x00, 0x00, 0x00, 0x15, 0xFB, 0xF7, 0x0A, 0x00, 0x00, 0x00, 0x00, 0x00, 0x00, 0x00, 
0x00, 0x00, 0x7B, 0xFF, 0xB1, 0x00, 0x00, 0x00, 0x00, 0x00, 0x00, 0x00, 0x00, 0x0D, 0x53, 0xF3, 
0xFF, 0xC3, 0x22, 0x06, 0x00, 0x00, 0x00, 0x00, 0x00, 0x70, 0xFF, 0xFF, 0xFF, 0xFF, 0xFF, 0xFF, 
0xC3, 0x00, 0x00, 0x00, 0x00, 0x00, 0x00, 0x00, 0x00, 0x00, 0x00, 0x00, 0x00, 0x00, 0x09, 0xFE, 
0xFF, 0xFF, 0xFF, 0xFF, 0xFF, 0xC3, 0x00, 0x00, 0x00, 0x00, 0x00, 0x00, 0x00, 0x00, 0x00, 0x14, 
0x69, 0xFF, 0xFF, 0xCB, 0x34, 0x07, 0x00, 0x00, 0x00, 0x00, 0x00, 0x00, 0x00, 0x00, 0x00, 0x00, 
0x05, 0xFC, 0xFF, 0x2F, 0x00, 0x00, 0x00, 0x00, 0x00, 0x00, 0x00, 0x00, 0x00, 0x00, 0x00, 0x00, 
0x3B, 0xFF, 0xD2, 0x00, 0x00, 0x00, 0x00, 0x00, 0x00, 0x00, 0x00, 0x00, 0x00, 0x00, 0x00, 0x00, 
0x82, 0xFF, 0x89, 0x00, 0x00, 0x00, 0x00, 0x00, 0x00, 0x00, 0x00, 0x00, 0x00, 0x00, 0x00, 0x00, 
0xC5, 0xFF, 0x45, 0x00, 0x00, 0x00, 0x00, 0x00, 0x00, 0x00, 0x00, 0x00, 0x00, 0x00, 0x00, 0x0B, 
0xFA, 0xF9, 0x09, 0x00, 0x00, 0x00, 0x00, 0x00, 0x00, 0x00, 0x00, 0x00, 0x00, 0x00, 0x00, 0x49, 
0xFF, 0xBF, 0x00, 0x00, 0x00, 0x00, 0x00, 0x00, 0x00, 0x00, 0x00, 0x00, 0x00, 0x00, 0x00, 0x8C, 
0xFF, 0x7C, 0x00, 0x00, 0x00, 0x00, 0x00, 0x00, 0x00, 0x00, 0x00, 0x00, 0x00, 0x00, 0x00, 0xCE, 
0xFF, 0x39, 0x00, 0x00, 0x00, 0x00, 0x00, 0x00, 0x00, 0x00, 0x00, 0x00, 0x00, 0x00, 0x12, 0xFD, 
0xF2, 0x04, 0x00, 0x00, 0x00, 0x00, 0x00, 0x00, 0x00, 0x00, 0x00, 0x00, 0x00, 0x00, 0x54, 0xFF, 
0xB3, 0x00, 0x00, 0x00, 0x00, 0x00, 0x00, 0x00, 0x00, 0x00, 0x00, 0x00, 0x00, 0x00, 0x98, 0xFF, 
0x6F, 0x00, 0x00, 0x00, 0x00, 0x00, 0x00, 0x00, 0x00, 0x00, 0x00, 0x00, 0x00, 0x01, 0xDF, 0xFD, 
0x1B, 0x00, 0x00, 0x00, 0x00, 0x00, 0x58, 0xEF, 0x98, 0x00, 0x00, 0x00, 0x00, 0x4B, 0xFF, 0xB6, 
0x00, 0x00, 0x00, 0x00, 0x00, 0x00, 0xE2, 0xFF, 0xF1, 0x00, 0x00, 0x00, 0x07, 0xD0, 0xFE, 0x38, 
0x00, 0x00, 0x00, 0x00, 0x00, 0x00, 0xEE, 0xFF, 0x72, 0x00, 0x00, 0x02, 0xA9, 0xFF, 0x84, 0x00, 
0x00, 0x00, 0x00, 0x00, 0x00, 0x00, 0x9C, 0xFF, 0x3B, 0x0B, 0x48, 0xC3, 0xFD, 0x83, 0x02, 0x00, 
0x00, 0x00, 0x00, 0x00, 0x00, 0x00, 0x0C, 0x94, 0xE5, 0xF6, 0xDA, 0x99, 0x30, 0x00, 0x00, 0x00, 
0x00, 0x00, 0x00, 0x00, 0x00, 0x00, 0x00, 0x00, 0x00, 0x00, 0x00, 0x94, 0xFF, 0xFF, 0xFF, 0xFF, 
0xFF, 0xFF, 0x19, 0x00, 0x00, 0x05, 0xFC, 0xFF, 0xFF, 0xFF, 0xFF, 0xFD, 0x05, 0x00, 0x00, 0x00, 
0x00, 0x00, 0x01, 0x21, 0xDE, 0xFF, 0xF6, 0x55, 0x08, 0x00, 0x00, 0x00, 0x00, 0x42, 0xFF, 0xFF, 
0xBB, 0x51, 0x14, 0x00, 0x00, 0x00, 0x00, 0x00, 0x00, 0x00, 0x00, 0xB6, 0xFF, 0x90, 0x00, 0x00, 
0x00, 0x00, 0x00, 0x03, 0x98, 0xDD, 0x43, 0x00, 0x00, 0x00, 0x00, 0x00, 0x00, 0x00, 0x00, 0x00, 
0x00, 0x00, 0xE2, 0xFF, 0x32, 0x00, 0x00, 0x00, 0x00, 0x23, 0xC1, 0x8B, 0x09, 0x00, 0x00, 0x00, 
0x00, 0x00, 0x00, 0x00, 0x00, 0x00, 0x00, 0x00, 0x22, 0xFF, 0xDC, 0x00, 0x00, 0x00, 0x01, 0x6A, 
0xD1, 0x3B, 0x00, 0x00, 0x00, 0x00, 0x00, 0x00, 0x00, 0x00, 0x00, 0x00, 0x00, 0x00, 0x00, 0x66, 
0xFF, 0x87, 0x00, 0x00, 0x1E, 0xBB, 0x99, 0x0B, 0x00, 0x00, 0x00, 0x00, 0x00, 0x00, 0x00, 0x00, 
0x00, 0x00, 0x00, 0x00, 0x00, 0x00, 0xA9, 0xFF, 0x32, 0x00, 0x62, 0xD7, 0x49, 0x00, 0x00, 0x00, 
0x00, 0x00, 0x00, 0x00, 0x00, 0x00, 0x00, 0x00, 0x00, 0x00, 0x00, 0x00, 0x01, 0xEA, 0xDD, 0x1A, 
0xB4, 0xA8, 0x12, 0x00, 0x00, 0x00, 0x00, 0x00, 0x00, 0x00, 0x00, 0x00, 0x00, 0x00, 0x00, 0x00, 
0x00, 0x00, 0x00, 0x2F, 0xFF, 0xD2, 0xEE, 0x68, 0x00, 0x00, 0x00, 0x00, 0x00, 0x00, 0x00, 0x00, 
0x00, 0x00, 0x00, 0x00, 0x00, 0x00, 0x00, 0x00, 0x00, 0x00, 0x73, 0xFF, 0xF0, 0xFF, 0xB2, 0x01, 
0x00, 0x00, 0x00, 0x00, 0x00, 0x00, 0x00, 0x00, 0x00, 0x00, 0x00, 0x00, 0x00, 0x00, 0x00, 0x00, 
0x00, 0xB6, 0xFF, 0x54, 0xCC, 0xFF, 0x7A, 0x00, 0x00, 0x00, 0x00, 0x00, 0x00, 0x00, 0x00, 0x00, 
0x00, 0x00, 0x00, 0x00, 0x00, 0x00, 0x00, 0x05, 0xF3, 0xFC, 0x0E, 0x1F, 0xEC, 0xFD, 0x44, 0x00, 
0x00, 0x00, 0x00, 0x00, 0x00, 0x00, 0x00, 0x00, 0x00, 0x00, 0x00, 0x00, 0x00, 0x00, 0x3D, 0xFF, 
0xC9, 0x00, 0x00, 0x47, 0xFD, 0xEB, 0x1D, 0x00, 0x00, 0x00, 0x00, 0x00, 0x00, 0x00, 0x00, 0x00, 
0x00, 0x00, 0x00, 0x00, 0x00, 0x80, 0xFF, 0x88, 0x00, 0x00, 0x00, 0x7D, 0xFF, 0xC9, 0x06, 0x00, 
0x00, 0x00, 0x00, 0x00, 0x00, 0x00, 0x00, 0x00, 0x00, 0x00, 0x00, 0x00, 0xC3, 0xFF, 0x47, 0x00, 
0x00, 0x00, 0x01, 0xB4, 0xFF, 0x97, 0x00, 0x00, 0x00, 0x00, 0x00, 0x00, 0x00, 0x00, 0x00, 0x00, 
0x00, 0x00, 0x12, 0xFA, 0xF8, 0x0B, 0x00, 0x00, 0x00, 0x00, 0x11, 0xE3, 0xFF, 0x5F, 0x00, 0x00, 
0x00, 0x00, 0x00, 0x00, 0x00, 0x00, 0x00, 0x00, 0x00, 0x71, 0xFF, 0xB0, 0x00, 0x00, 0x00, 0x00, 
0x00, 0x00, 0x6A, 0xFF, 0xF9, 0x50, 0x00, 0x00, 0x00, 0x00, 0x00, 0x00, 0x00, 0x00, 0x08, 0x44, 
0xEB, 0xFF, 0xC0, 0x22, 0x05, 0x00, 0x00, 0x00, 0x18, 0xA6, 0xFF, 0xFF, 0xFC, 0x89, 0x26, 0x06, 
0x00, 0x00, 0x00, 0x00, 0x32, 0xFF, 0xFF, 0xFF, 0xFF, 0xFF, 0xFF, 0xB3, 0x00, 0x00, 0x18, 0xFF, 
0xFF, 0xFF, 0xFF, 0xFF, 0xFF, 0xFF, 0xC1, 0x00, 0x00, 0x00, 0x00, 0x00, 0x00, 0x00, 0x00, 0x00, 
0xBA, 0xFF, 0xFF, 0xFF, 0xFF, 0xFF, 0xFF, 0x95, 0x00, 0x00, 0x00, 0x00, 0x00, 0x00, 0x00, 0x00, 
0x00, 0x04, 0x25, 0xD8, 0xFF, 0xFA, 0x61, 0x11, 0x01, 0x00, 0x00, 0x00, 0x00, 0x00, 0x00, 0x00, 
0x00, 0x00, 0x00, 0x00, 0xAD, 0xFF, 0x94, 0x00, 0x00, 0x00, 0x00, 0x00, 0x00, 0x00, 0x00, 0x00, 
0x00, 0x00, 0x00, 0x00, 0x00, 0xE0, 0xFF, 0x34, 0x00, 0x00, 0x00, 0x00, 0x00, 0x00, 0x00, 0x00, 
0x00, 0x00, 0x00, 0x00, 0x00, 0x23, 0xFF, 0xE6, 0x00, 0x00, 0x00, 0x00, 0x00, 0x00, 0x00, 0x00, 
0x00, 0x00, 0x00, 0x00, 0x00, 0x00, 0x67, 0xFF, 0xA3, 0x00, 0x00, 0x00, 0x00, 0x00, 0x00, 0x00, 
0x00, 0x00, 0x00, 0x00, 0x00, 0x00, 0x00, 0xAB, 0xFF, 0x60, 0x00, 0x00, 0x00, 0x00, 0x00, 0x00, 
0x00, 0x00, 0x00, 0x00, 0x00, 0x00, 0x00, 0x01, 0xEC, 0xFF, 0x1D, 0x00, 0x00, 0x00, 0x00, 0x00, 
0x00, 0x00, 0x00, 0x00, 0x00, 0x00, 0x00, 0x00, 0x32, 0xFF, 0xD9, 0x00, 0x00, 0x00, 0x00, 0x00, 
0x00, 0x00, 0x00, 0x00, 0x00, 0x00, 0x00, 0x00, 0x00, 0x75, 0xFF, 0x96, 0x00, 0x00, 0x00, 0x00, 
0x00, 0x00, 0x00, 0x00, 0x00, 0x00, 0x00, 0x00, 0x00, 0x00, 0xB9, 0xFF, 0x52, 0x00, 0x00, 0x00, 
0x00, 0x00, 0x00, 0x00, 0x00, 0x00, 0x00, 0x00, 0x00, 0x00, 0x06, 0xF5, 0xFD, 0x12, 0x00, 0x00, 
0x00, 0x00, 0x00, 0x00, 0x00, 0x00, 0x00, 0x00, 0x00, 0x00, 0x00, 0x40, 0xFF, 0xCC, 0x00, 0x00, 
0x00, 0x00, 0x00, 0x00, 0x00, 0x00, 0x00, 0x00, 0x00, 0x00, 0x00, 0x00, 0x84, 0xFF, 0x88, 0x00, 
0x00, 0x00, 0x00, 0x00, 0x00, 0x00, 0x00, 0x00, 0x00, 0x00, 0x00, 0x00, 0x00, 0xC7, 0xFF, 0x45, 
0x00, 0x00, 0x00, 0x00, 0x00, 0x00, 0x00, 0x00, 0x36, 0xDA, 0x00, 0x00, 0x00, 0x14, 0xFC, 0xF8, 
0x09, 0x00, 0x00, 0x00, 0x00, 0x00, 0x00, 0x00, 0x00, 0xC1, 0x7C, 0x00, 0x00, 0x00, 0x79, 0xFF, 
0xBB, 0x00, 0x00, 0x00, 0x00, 0x00, 0x00, 0x00, 0x00, 0x6F, 0xFE, 0x1F, 0x00, 0x0B, 0x4D, 0xF1, 
0xFF, 0xC0, 0x10, 0x00, 0x00, 0x02, 0x10, 0x25, 0x5A, 0xB1, 0xFF, 0xBE, 0x00, 0x54, 0xFF, 0xFF, 
0xFF, 0xFF, 0xFF, 0xFF, 0xFF, 0xFF, 0xFF, 0xFF, 0xFF, 0xFF, 0xFF, 0xFF, 0x5F, 0x00, 0x00, 0x00, 
0x00, 0x00, 0x00, 0xAE, 0xFF, 0xFF, 0xFF, 0x5E, 0x00, 0x00, 0x00, 0x00, 0x00, 0x00, 0x00, 0x00, 
0x00, 0x00, 0x00, 0x00, 0x00, 0x00, 0x5F, 0xFF, 0xFF, 0xFF, 0x70, 0x00, 0x00, 0x00, 0x00, 0x00, 
0x03, 0x15, 0x96, 0xFF, 0x8D, 0x00, 0x00, 0x00, 0x00, 0x00, 0x00, 0x00, 0x00, 0x00, 0x00, 0x00, 
0x00, 0x00, 0x2E, 0xF6, 0xF8, 0x57, 0x13, 0x01, 0x00, 0x00, 0x00, 0x00, 0x00, 0x00, 0x00, 0xA9, 
0xFF, 0xBB, 0x00, 0x00, 0x00, 0x00, 0x00, 0x00, 0x00, 0x00, 0x00, 0x00, 0x00, 0x00, 0x0F, 0xDB, 
0xFF, 0x8D, 0x00, 0x00, 0x00, 0x00, 0x00, 0x00, 0x00, 0x00, 0x00, 0x01, 0xEA, 0xFF, 0xEA, 0x00, 
0x00, 0x00, 0x00, 0x00, 0x00, 0x00, 0x00, 0x00, 0x00, 0x00, 0x01, 0xAF, 0xFF, 0xFF, 0x2C, 0x00, 
0x00, 0x00, 0x00, 0x00, 0x00, 0x00, 0x00, 0x00, 0x2F, 0xD0, 0xED, 0xFF, 0x18, 0x00, 0x00, 0x00, 
0x00, 0x00, 0x00, 0x00, 0x00, 0x00, 0x00, 0x78, 0xB4, 0xFF, 0xE1, 0x00, 0x00, 0x00, 0x00, 0x00, 
0x00, 0x00, 0x00, 0x00, 0x00, 0x72, 0x8D, 0xC0, 0xFF, 0x46, 0x00, 0x00, 0x00, 0x00, 0x00, 0x00, 
0x00, 0x00, 0x00, 0x40, 0xB8, 0x75, 0xFF, 0x9D, 0x00, 0x00, 0x00, 0x00, 0x00, 0x00, 0x00, 0x00, 
0x00, 0x00, 0xB5, 0x4A, 0x91, 0xFF, 0x75, 0x00, 0x00, 0x00, 0x00, 0x00, 0x00, 0x00, 0x00, 0x1A, 
0xCC, 0x15, 0xB6, 0xFF, 0x5A, 0x00, 0x00, 0x00, 0x00, 0x00, 0x00, 0x00, 0x00, 0x00, 0x05, 0xEE, 
0x0C, 0x63, 0xFF, 0xA3, 0x00, 0x00, 0x00, 0x00, 0x00, 0x00, 0x00, 0x04, 0xBE, 0x39, 0x05, 0xF3, 
0xFF, 0x17, 0x00, 0x00, 0x00, 0x00, 0x00, 0x00, 0x00, 0x00, 0x00, 0x3C, 0xC3, 0x00, 0x35, 0xFF, 
0xD1, 0x00, 0x00, 0x00, 0x00, 0x00, 0x00, 0x00, 0x90, 0x6D, 0x00, 0x3D, 0xFF, 0xD3, 0x00, 0x00, 
0x00, 0x00, 0x00, 0x00, 0x00, 0x00, 0x00, 0x00, 0x7F, 0x80, 0x00, 0x09, 0xFD, 0xFA, 0x05, 0x00, 
0x00, 0x00, 0x00, 0x00, 0x55, 0xA7, 0x00, 0x00, 0x80, 0xFF, 0x8F, 0x00, 0x00, 0x00, 0x00, 0x00, 
0x00, 0x00, 0x00, 0x00, 0x00, 0xC2, 0x3C, 0x00, 0x00, 0xD9, 0xFF, 0x2E, 0x00, 0x00, 0x00, 0x00, 
0x28, 0xC9, 0x0C, 0x00, 0x00, 0xC3, 0xFF, 0x4C, 0x00, 0x00, 0x00, 0x00, 0x00, 0x00, 0x00, 0x00, 
0x00, 0x0B, 0xEE, 0x05, 0x00, 0x00, 0xAB, 0xFF, 0x5C, 0x00, 0x00, 0x00, 0x0B, 0xC9, 0x28, 0x00, 
0x00, 0x0C, 0xFA, 0xFB, 0x0D, 0x00, 0x00, 0x00, 0x00, 0x00, 0x00, 0x00, 0x00, 0x00, 0x48, 0xB6, 
0x00, 0x00, 0x00, 0x7C, 0xFF, 0x8B, 0x00, 0x00, 0x00, 0xA6, 0x56, 0x00, 0x00, 0x00, 0x4A, 0xFF, 
0xC5, 0x00, 0x00, 0x00, 0x00, 0x00, 0x00, 0x00, 0x00, 0x00, 0x00, 0x8C, 0x72, 0x00, 0x00, 0x00, 
0x4E, 0xFF, 0xB9, 0x00, 0x00, 0x6E, 0x90, 0x00, 0x00, 0x00, 0x00, 0x8D, 0xFF, 0x82, 0x00, 0x00, 
0x00, 0x00, 0x00, 0x00, 0x00, 0x00, 0x00, 0x00, 0xCF, 0x2F, 0x00, 0x00, 0x00, 0x20, 0xFF, 0xE7, 
0x00, 0x39, 0xBF, 0x05, 0x00, 0x00, 0x00, 0x00, 0xD1, 0xFF, 0x3E, 0x00, 0x00, 0x00, 0x00, 0x00, 
0x00, 0x00, 0x00, 0x00, 0x13, 0xE7, 0x01, 0x00, 0x00, 0x00, 0x00, 0xF0, 0xFF, 0x2B, 0xCD, 0x1B, 
0x00, 0x00, 0x00, 0x00, 0x25, 0xFF, 0xF5, 0x06, 0x00, 0x00, 0x00, 0x00, 0x00, 0x00, 0x00, 0x00, 
0x00, 0x75, 0xA2, 0x00, 0x00, 0x00, 0x00, 0x00, 0xC4, 0xFF, 0xE0, 0x42, 0x00, 0x00, 0x00, 0x00, 
0x00, 0x8A, 0xFF, 0xB2, 0x00, 0x00, 0x00, 0x00, 0x00, 0x00, 0x00, 0x00, 0x0F, 0x52, 0xF2, 0xBF, 
0x21, 0x04, 0x00, 0x00, 0x00, 0x96, 0xFF, 0x78, 0x00, 0x00, 0x00, 0x00, 0x0C, 0x57, 0xF8, 0xFF, 
0xC6, 0x21, 0x03, 0x00, 0x00, 0x00, 0x00, 0x00, 0x7C, 0xFF, 0xFF, 0xFF, 0xFF, 0xFF, 0x9D, 0x00, 
0x00, 0x00, 0x67, 0xB1, 0x01, 0x00, 0x00, 0x00, 0x92, 0xFF, 0xFF, 0xFF, 0xFF, 0xFF, 0xFF, 0xDB, 
0x00, 0x00, 0x00, 0x00, 0x00, 0x00, 0x00, 0x00, 0x00, 0x78, 0xFF, 0xFF, 0xFF, 0xD7, 0x00, 0x00, 
0x00, 0x00, 0x00, 0x00, 0x00, 0x3C, 0xFF, 0xFF, 0xFF, 0xFF, 0xFF, 0x97, 0x00, 0x00, 0x00, 0x00, 
0x03, 0x19, 0x67, 0xF5, 0xFF, 0x42, 0x00, 0x00, 0x00, 0x00, 0x00, 0x00, 0x00, 0x0F, 0x92, 0xFF, 
0x9D, 0x1A, 0x01, 0x00, 0x00, 0x00, 0x00, 0x00, 0x00, 0x00, 0x9A, 0xFF, 0xAB, 0x00, 0x00, 0x00, 
0x00, 0x00, 0x00, 0x00, 0x00, 0x59, 0xDB, 0x03, 0x00, 0x00, 0x00, 0x00, 0x00, 0x00, 0x00, 0x00, 
0x00, 0xD5, 0xFB, 0xFB, 0x1A, 0x00, 0x00, 0x00, 0x00, 0x00, 0x00, 0x00, 0x8C, 0x7B, 0x00, 0x00, 
0x00, 0x00, 0x00, 0x00, 0x00, 0x00, 0x00, 0x18, 0xE2, 0xA0, 0xFF, 0x7F, 0x00, 0x00, 0x00, 0x00, 
0x00, 0x00, 0x00, 0xCF, 0x2B, 0x00, 0x00, 0x00, 0x00, 0x00, 0x00, 0x00, 0x00, 0x00, 0x5C, 0xA0, 
0x37, 0xFF, 0xE4, 0x04, 0x00, 0x00, 0x00, 0x00, 0x00, 0x15, 0xE4, 0x00, 0x00, 0x00, 0x00, 0x00, 
0x00, 0x00, 0x00, 0x00, 0x00, 0x9F, 0x5C, 0x00, 0xCC, 0xFF, 0x52, 0x00, 0x00, 0x00, 0x00, 0x00, 
0x5A, 0xA1, 0x00, 0x00, 0x00, 0x00, 0x00, 0x00, 0x00, 0x00, 0x00, 0x00, 0xE1, 0x1A, 0x00, 0x63, 
0xFF, 0xBC, 0x00, 0x00, 0x00, 0x00, 0x00, 0x9F, 0x5B, 0x00, 0x00, 0x00, 0x00, 0x00, 0x00, 0x00, 
0x00, 0x00, 0x25, 0xD6, 0x00, 0x00, 0x0A, 0xEF, 0xFE, 0x26, 0x00, 0x00, 0x00, 0x00, 0xE3, 0x17, 
0x00, 0x00, 0x00, 0x00, 0x00, 0x00, 0x00, 0x00, 0x00, 0x69, 0x93, 0x00, 0x00, 0x00, 0x90, 0xFF, 
0x8F, 0x00, 0x00, 0x00, 0x2A, 0xD1, 0x00, 0x00, 0x00, 0x00, 0x00, 0x00, 0x00, 0x00, 0x00, 0x00, 
0xAC, 0x50, 0x00, 0x00, 0x00, 0x27, 0xFF, 0xEF, 0x09, 0x00, 0x00, 0x70, 0x8C, 0x00, 0x00, 0x00, 
0x00, 0x00, 0x00, 0x00, 0x00, 0x00, 0x02, 0xE9, 0x10, 0x00, 0x00, 0x00, 0x00, 0xBD, 0xFF, 0x62, 
0x00, 0x00, 0xB5, 0x46, 0x00, 0x00, 0x00, 0x00, 0x00, 0x00, 0x00, 0x00, 0x00, 0x32, 0xC9, 0x00, 
0x00, 0x00, 0x00, 0x00, 0x53, 0xFF, 0xCC, 0x00, 0x06, 0xEC, 0x09, 0x00, 0x00, 0x00, 0x00, 0x00, 
0x00, 0x00, 0x00, 0x00, 0x75, 0x86, 0x00, 0x00, 0x00, 0x00, 0x00, 0x04, 0xE5, 0xFF, 0x36, 0x40, 
0xBC, 0x00, 0x00, 0x00, 0x00, 0x00, 0x00, 0x00, 0x00, 0x00, 0x00, 0xB9, 0x43, 0x00, 0x00, 0x00, 
0x00, 0x00, 0x00, 0x80, 0xFF, 0x9F, 0x85, 0x77, 0x00, 0x00, 0x00, 0x00, 0x00, 0x00, 0x00, 0x00, 
0x00, 0x0A, 0xEB, 0x08, 0x00, 0x00, 0x00, 0x00, 0x00, 0x00, 0x1A, 0xFB, 0xF6, 0xD7, 0x31, 0x00, 
0x00, 0x00, 0x00, 0x00, 0x00, 0x00, 0x00, 0x00, 0x67, 0xBF, 0x00, 0x00, 0x00, 0x00, 0x00, 0x00, 
0x00, 0x00, 0xAC, 0xFF, 0xEB, 0x01, 0x00, 0x00, 0x00, 0x00, 0x00, 0x00, 0x00, 0x09, 0x43, 0xEA, 
0xD7, 0x27, 0x05, 0x00, 0x00, 0x00, 0x00, 0x00, 0x00, 0x43, 0xFF, 0xA7, 0x00, 0x00, 0x00, 0x00, 
0x00, 0x00, 0x00, 0x48, 0xFF, 0xFF, 0xFF, 0xFF, 0xFF, 0x89, 0x00, 0x00, 0x00, 0x00, 0x00, 0x00, 
0x00, 0xD8, 0x62, 0x00, 0x00, 0x00, 0x00, 0x00, 0x00, 0x00, 0x00, 0x00, 0x00, 0x00, 0x00, 0x00, 
0x00, 0x0A, 0x59, 0xAE, 0xDA, 0xF5, 0xEC, 0xC7, 0x6D, 0x09, 0x00, 0x00, 0x00, 0x00, 0x00, 0x00, 
0x00, 0x01, 0x5D, 0xE6, 0xCA, 0x64, 0x20, 0x07, 0x16, 0x5C, 0xE1, 0xCF, 0x1D, 0x00, 0x00, 0x00, 
0x00, 0x00, 0x0A, 0xAE, 0xF9, 0x67, 0x01, 0x00, 0x00, 0x00, 0x00, 0x00, 0x1D, 0xEC, 0xC5, 0x02, 
0x00, 0x00, 0x00, 0x0F, 0xCD, 0xF3, 0x41, 0x00, 0x00, 0x00, 0x00, 0x00, 0x00, 0x00, 0x00, 0x6F, 
0xFF, 0x59, 0x00, 0x00, 0x04, 0xBA, 0xFF, 0x55, 0x00, 0x00, 0x00, 0x00, 0x00, 0x00, 0x00, 0x00, 
0x00, 0x1F, 0xFF, 0xB8, 0x00, 0x00, 0x87, 0xFF, 0x95, 0x00, 0x00, 0x00, 0x00, 0x00, 0x00, 0x00, 
0x00, 0x00, 0x00, 0x05, 0xFF, 0xE7, 0x00, 0x26, 0xF9, 0xF0, 0x12, 0x00, 0x00, 0x00, 0x00, 0x00, 
0x00, 0x00, 0x00, 0x00, 0x00, 0x10, 0xFF, 0xF9, 0x00, 0xB2, 0xFF, 0x79, 0x00, 0x00, 0x00, 0x00, 
0x00, 0x00, 0x00, 0x00, 0x00, 0x00, 0x00, 0x34, 0xFF, 0xE8, 0x28, 0xFF, 0xF6, 0x11, 0x00, 0x00, 
0x00, 0x00, 0x00, 0x00, 0x00, 0x00, 0x00, 0x00, 0x00, 0x6E, 0xFF, 0xBD, 0x82, 0xFF, 0xA9, 0x00, 
0x00, 0x00, 0x00, 0x00, 0x00, 0x00, 0x00, 0x00, 0x00, 0x00, 0x00, 0xBB, 0xFF, 0x7F, 0xC3, 0xFF, 
0x5E, 0x00, 0x00, 0x00, 0x00, 0x00, 0x00, 0x00, 0x00, 0x00, 0x00, 0x00, 0x1F, 0xFD, 0xFF, 0x29, 
0xEC, 0xFF, 0x2A, 0x00, 0x00, 0x00, 0x00, 0x00, 0x00, 0x00, 0x00, 0x00, 0x00, 0x00, 0x99, 0xFF, 
0xBD, 0x00, 0xFB, 0xFF, 0x0C, 0x00, 0x00, 0x00, 0x00, 0x00, 0x00, 0x00, 0x00, 0x00, 0x00, 0x24, 
0xFB, 0xFF, 0x41, 0x00, 0xE7, 0xFF, 0x05, 0x00, 0x00, 0x00, 0x00, 0x00, 0x00, 0x00, 0x00, 0x00, 
0x01, 0xB4, 0xFF, 0xA8, 0x00, 0x00, 0xB3, 0xFF, 0x26, 0x00, 0x00, 0x00, 0x00, 0x00, 0x00, 0x00, 
0x00, 0x00, 0x7E, 0xFF, 0xE0, 0x13, 0x00, 0x00, 0x58, 0xFF, 0x7A, 0x00, 0x00, 0x00, 0x00, 0x00, 
0x00, 0x00, 0x00, 0x5C, 0xFE, 0xEA, 0x2D, 0x00, 0x00, 0x00, 0x01, 0xC5, 0xF0, 0x21, 0x00, 0x00, 
0x00, 0x00, 0x00, 0x04, 0x7E, 0xFE, 0xD5, 0x28, 0x00, 0x00, 0x00, 0x00, 0x00, 0x18, 0xCE, 0xE5, 
0x60, 0x17, 0x06, 0x1F, 0x65, 0xD4, 0xF5, 0x85, 0x09, 0x00, 0x00, 0x00, 0x00, 0x00, 0x00, 0x00, 
0x09, 0x68, 0xC5, 0xE9, 0xFA, 0xE7, 0xB8, 0x6F, 0x14, 0x00, 0x00, 0x00, 0x00, 0x00, 0x00, 0x00, 
0x00, 0x00, 0x00, 0x00, 0x00, 0xAC, 0xFF, 0xFF, 0xFF, 0xFF, 0xFF, 0xFF, 0xFD, 0xEE, 0xC4, 0x6F, 
0x06, 0x00, 0x00, 0x00, 0x00, 0x00, 0x00, 0x08, 0x36, 0xE2, 0xFF, 0xA6, 0x1E, 0x08, 0x0B, 0x2A, 
0x88, 0xFA, 0xC8, 0x0D, 0x00, 0x00, 0x00, 0x00, 0x00, 0x00, 0x00, 0xAF, 0xFF, 0x57, 0x00, 0x00, 
0x00, 0x00, 0x00, 0x72, 0xFF, 0x90, 0x00, 0x00, 0x00, 0x00, 0x00, 0x00, 0x00, 0xDE, 0xFF, 0x19, 
0x00, 0x00, 0x00, 0x00, 0x00, 0x18, 0xFF, 0xE7, 0x00, 0x00, 0x00, 0x00, 0x00, 0x00, 0x21, 0xFF, 
0xD9, 0x00, 0x00, 0x00, 0x00, 0x00, 0x00, 0x12, 0xFF, 0xF4, 0x00, 0x00, 0x00, 0x00, 0x00, 0x00, 
0x66, 0xFF, 0x9A, 0x00, 0x00, 0x00, 0x00, 0x00, 0x00, 0x48, 0xFF, 0xC9, 0x00, 0x00, 0x00, 0x00, 
0x00, 0x00, 0xAA, 0xFF, 0x5C, 0x00, 0x00, 0x00, 0x00, 0x00, 0x01, 0xBB, 0xFF, 0x5F, 0x00, 0x00, 
0x00, 0x00, 0x00, 0x01, 0xEB, 0xFF, 0x1D, 0x00, 0x00, 0x00, 0x00, 0x01, 0x85, 0xFF, 0xAD, 0x02, 
0x00, 0x00, 0x00, 0x00, 0x00, 0x31, 0xFF, 0xF9, 0x65, 0x22, 0x06, 0x1A, 0x56, 0xC2, 0xFC, 0x90, 
0x07, 0x00, 0x00, 0x00, 0x00, 0x00, 0x00, 0x75, 0xFF, 0xB7, 0x90, 0xD3, 0xF5, 0xED, 0xCF, 0x88, 
0x2A, 0x00, 0x00, 0x00, 0x00, 0x00, 0x00, 0x00, 0x00, 0xB8, 0xFF, 0x57, 0x00, 0x00, 0x00, 0x00, 
0x00, 0x00, 0x00, 0x00, 0x00, 0x00, 0x00, 0x00, 0x00, 0x00, 0x06, 0xF5, 0xFE, 0x15, 0x00, 0x00, 
0x00, 0x00, 0x00, 0x00, 0x00, 0x00, 0x00, 0x00, 0x00, 0x00, 0x00, 0x00, 0x3F, 0xFF, 0xD0, 0x00, 
0x00, 0x00, 0x00, 0x00, 0x00, 0x00, 0x00, 0x00, 0x00, 0x00, 0x00, 0x00, 0x00, 0x00, 0x83, 0xFF, 
0x8C, 0x00, 0x00, 0x00, 0x00, 0x00, 0x00, 0x00, 0x00, 0x00, 0x00, 0x00, 0x00, 0x00, 0x00, 0x00, 
0xC7, 0xFF, 0x48, 0x00, 0x00, 0x00, 0x00, 0x00, 0x00, 0x00, 0x00, 0x00, 0x00, 0x00, 0x00, 0x00, 
0x00, 0x16, 0xFC, 0xF6, 0x0A, 0x00, 0x00, 0x00, 0x00, 0x00, 0x00, 0x00, 0x00, 0x00, 0x00, 0x00, 
0x00, 0x00, 0x00, 0x7B, 0xFF, 0xB2, 0x00, 0x00, 0x00, 0x00, 0x00, 0x00, 0x00, 0x00, 0x00, 0x00, 
0x00, 0x00, 0x00, 0x0F, 0x50, 0xF2, 0xFF, 0xC2, 0x1F, 0x03, 0x00, 0x00, 0x00, 0x00, 0x00, 0x00, 
0x00, 0x00, 0x00, 0x00, 0x48, 0xFF, 0xFF, 0xFF, 0xFF, 0xFF, 0xFF, 0xA1, 0x00, 0x00, 0x00, 0x00, 
0x00, 0x00, 0x00, 0x00, 0x00, 0x00, 0x00, 0x00, 0x00, 0x00, 0x00, 0x00, 0x00, 0x08, 0x5C, 0xAE, 
0xE3, 0xF9, 0xE9, 0xC5, 0x6A, 0x09, 0x00, 0x00, 0x00, 0x00, 0x00, 0x00, 0x00, 0x00, 0x60, 0xE5, 
0xC8, 0x62, 0x20, 0x07, 0x17, 0x5E, 0xE3, 0xD0, 0x1E, 0x00, 0x00, 0x00, 0x00, 0x00, 0x10, 0xB3, 
0xF8, 0x64, 0x01, 0x00, 0x00, 0x00, 0x00, 0x00, 0x1F, 0xED, 0xC8, 0x03, 0x00, 0x00, 0x00, 0x14, 
0xCF, 0xF2, 0x3F, 0x00, 0x00, 0x00, 0x00, 0x00, 0x00, 0x00, 0x00, 0x71, 0xFF, 0x5D, 0x00, 0x00, 
0x05, 0xC3, 0xFF, 0x51, 0x00, 0x00, 0x00, 0x00, 0x00, 0x00, 0x00, 0x00, 0x00, 0x20, 0xFF, 0xB9, 
0x00, 0x00, 0x88, 0xFF, 0x91, 0x00, 0x00, 0x00, 0x00, 0x00, 0x00, 0x00, 0x00, 0x00, 0x00, 0x05, 
0xFF, 0xE7, 0x00, 0x2C, 0xFB, 0xEE, 0x10, 0x00, 0x00, 0x00, 0x00, 0x00, 0x00, 0x00, 0x00, 0x00, 
0x00, 0x10, 0xFF, 0xF9, 0x00, 0xAD, 0xFF, 0x75, 0x00, 0x00, 0x00, 0x00, 0x00, 0x00, 0x00, 0x00, 
0x00, 0x00, 0x00, 0x35, 0xFF, 0xE8, 0x21, 0xFE, 0xF5, 0x0F, 0x00, 0x00, 0x00, 0x00, 0x00, 0x00, 
0x00, 0x00, 0x00, 0x00, 0x00, 0x6F, 0xFF, 0xBD, 0x7B, 0xFF, 0xA6, 0x00, 0x00, 0x00, 0x00, 0x00, 
0x00, 0x00, 0x00, 0x00, 0x00, 0x00, 0x00, 0xBD, 0xFF, 0x7E, 0xBC, 0xFF, 0x5D, 0x00, 0x00, 0x00, 
0x00, 0x00, 0x00, 0x00, 0x00, 0x00, 0x00, 0x00, 0x20, 0xFE, 0xFF, 0x25, 0xE8, 0xFF, 0x29, 0x00, 
0x00, 0x00, 0x00, 0x00, 0x00, 0x00, 0x00, 0x00, 0x00, 0x00, 0x9B, 0xFF, 0xB4, 0x00, 0xFA, 0xFF, 
0x0B, 0x00, 0x00, 0x00, 0x00, 0x00, 0x00, 0x00, 0x00, 0x00, 0x00, 0x25, 0xFB, 0xFD, 0x32, 0x00, 
0xF0, 0xFF, 0x05, 0x00, 0x00, 0x00, 0x00, 0x00, 0x00, 0x00, 0x00, 0x00, 0x01, 0xB6, 0xFF, 0x8F, 
0x00, 0x00, 0xBF, 0xFF, 0x26, 0x00, 0x00, 0x00, 0x00, 0x00, 0x00, 0x00, 0x00, 0x00, 0x7F, 0xFF, 
0xCB, 0x09, 0x00, 0x00, 0x65, 0xFF, 0x7A, 0x00, 0x00, 0x00, 0x00, 0x00, 0x00, 0x00, 0x00, 0x5C, 
0xFE, 0xD9, 0x1A, 0x00, 0x00, 0x00, 0x05, 0xD7, 0xF0, 0x21, 0x00, 0x00, 0x00, 0x00, 0x00, 0x04, 
0x7E, 0xFE, 0xC0, 0x16, 0x00, 0x00, 0x00, 0x00, 0x00, 0x29, 0xE6, 0xE5, 0x60, 0x17, 0x06, 0x20, 
0x65, 0xD4, 0xE9, 0x6D, 0x02, 0x00, 0x00, 0x00, 0x00, 0x00, 0x00, 0x00, 0x16, 0x8D, 0xE0, 0xFF, 
0xF6, 0xDC, 0xA7, 0x5A, 0x09, 0x00, 0x00, 0x00, 0x00, 0x00, 0x00, 0x00, 0x00, 0x00, 0x00, 0x00, 
0x53, 0x8C, 0x00, 0x00, 0x00, 0x00, 0x00, 0x00, 0x00, 0x00, 0x00, 0x00, 0x00, 0x00, 0x00, 0x00, 
0x00, 0x25, 0x99, 0x01, 0x00, 0x00, 0x00, 0x00, 0x00, 0x00, 0x00, 0x00, 0x00, 0x00, 0x00, 0x00, 
0x00, 0x00, 0x09, 0x90, 0x06, 0x00, 0x00, 0x00, 0x00, 0x00, 0x00, 0x00, 0x00, 0x00, 0x7B, 0xAA, 
0x00, 0x00, 0x00, 0x00, 0x9E, 0xFF, 0xFF, 0xF0, 0xC6, 0x8A, 0x51, 0x20, 0x08, 0x0D, 0x3A, 0xAB, 
0xD7, 0x10, 0x00, 0x00, 0x00, 0x64, 0xFF, 0xFF, 0xFF, 0xFF, 0xFF, 0xFF, 0xFF, 0xFF, 0xFF, 0xFF, 
0xFF, 0xBF, 0x16, 0x00, 0x00, 0x00, 0x03, 0x07, 0x01, 0x13, 0x36, 0x64, 0x96, 0xC7, 0xEC, 0xF9, 
0xDD, 0xAA, 0x47, 0x01, 0x00, 0x00, 0x00, 0x00, 0x00, 0x00, 0x00, 0x00, 0x00, 0x9C, 0xFF, 0xFF, 
0xFF, 0xFF, 0xFF, 0xFF, 0xF7, 0xE5, 0xB7, 0x63, 0x04, 0x00, 0x00, 0x00, 0x00, 0x00, 0x00, 0x00, 
0x07, 0x4E, 0xF8, 0xFF, 0x9E, 0x0D, 0x04, 0x17, 0x4A, 0xB3, 0xFF, 0xC4, 0x0C, 0x00, 0x00, 0x00, 
0x00, 0x00, 0x00, 0x00, 0x00, 0xC2, 0xFF, 0x56, 0x00, 0x00, 0x00, 0x00, 0x00, 0x95, 0xFF, 0x8C, 
0x00, 0x00, 0x00, 0x00, 0x00, 0x00, 0x00, 0x00, 0xDF, 0xFF, 0x16, 0x00, 0x00, 0x00, 0x00, 0x00, 
0x1D, 0xFF, 0xE3, 0x00, 0x00, 0x00, 0x00, 0x00, 0x00, 0x00, 0x1F, 0xFF, 0xD5, 0x00, 0x00, 0x00, 
0x00, 0x00, 0x00, 0x09, 0xFF, 0xF9, 0x00, 0x00, 0x00, 0x00, 0x00, 0x00, 0x00, 0x63, 0xFF, 0x95, 
0x00, 0x00, 0x00, 0x00, 0x00, 0x00, 0x36, 0xFF, 0xDD, 0x00, 0x00, 0x00, 0x00, 0x00, 0x00, 0x00, 
0xA7, 0xFF, 0x54, 0x00, 0x00, 0x00, 0x00, 0x00, 0x00, 0xAE, 0xFF, 0x8D, 0x00, 0x00, 0x00, 0x00, 
0x00, 0x00, 0x01, 0xE9, 0xFE, 0x15, 0x00, 0x00, 0x00, 0x00, 0x05, 0x91, 0xFF, 0xEB, 0x16, 0x00, 
0x00, 0x00, 0x00, 0x00, 0x00, 0x2E, 0xFF, 0xDC, 0x13, 0x04, 0x0C, 0x2C, 0x6D, 0xD7, 0xFF, 0xE9, 
0x36, 0x00, 0x00, 0x00, 0x00, 0x00, 0x00, 0x00, 0x72, 0xFF, 0xE7, 0xD9, 0xE7, 0xF4, 0xFE, 0xFF, 
0xDD, 0x80, 0x13, 0x00, 0x00, 0x00, 0x00, 0x00, 0x00, 0x00, 0x00, 0xB5, 0xFF, 0x58, 0x00, 0x00, 
0x00, 0x70, 0xFF, 0xA6, 0x00, 0x00, 0x00, 0x00, 0x00, 0x00, 0x00, 0x00, 0x00, 0x05, 0xF3, 0xFE, 
0x15, 0x00, 0x00, 0x00, 0x1E, 0xFF, 0xF1, 0x06, 0x00, 0x00, 0x00, 0x00, 0x00, 0x00, 0x00, 0x00, 
0x3D, 0xFF, 0xD0, 0x00, 0x00, 0x00, 0x00, 0x00, 0xCC, 0xFF, 0x48, 0x00, 0x00, 0x00, 0x00, 0x00, 
0x00, 0x00, 0x00, 0x80, 0xFF, 0x8C, 0x00, 0x00, 0x00, 0x00, 0x00, 0x7A, 0xFF, 0x99, 0x00, 0x00, 
0x00, 0x00, 0x00, 0x00, 0x00, 0x00, 0xC4, 0xFF, 0x49, 0x00, 0x00, 0x00, 0x00, 0x00, 0x28, 0xFF, 
0xE8, 0x02, 0x00, 0x00, 0x00, 0x00, 0x00, 0x00, 0x13, 0xFA, 0xF9, 0x0B, 0x00, 0x00, 0x00, 0x00, 
0x00, 0x00, 0xD7, 0xFF, 0x43, 0x00, 0x00, 0x00, 0x00, 0x00, 0x00, 0x78, 0xFF, 0xC0, 0x00, 0x00, 
0x00, 0x00, 0x00, 0x00, 0x00, 0x85, 0xFF, 0xC0, 0x00, 0x00, 0x00, 0x00, 0x0B, 0x4E, 0xF2, 0xFF, 
0xD9, 0x24, 0x04, 0x00, 0x00, 0x00, 0x00, 0x00, 0x33, 0xFF, 0xFF, 0x9D, 0x2B, 0x06, 0x2C, 0xFF, 
0xFF, 0xFF, 0xFF, 0xFF, 0xFF, 0xA3, 0x00, 0x00, 0x00, 0x00, 0x00, 0x00, 0xE0, 0xFF, 0xFF, 0xFF, 
0x87, 0x00, 0x00, 0x00, 0x00, 0x00, 0x05, 0x77, 0xD4, 0xF8, 0xEC, 0xBD, 0x5F, 0x0D, 0x65, 0xD4, 
0x00, 0x00, 0x00, 0x00, 0x06, 0xBD, 0xEC, 0x53, 0x0C, 0x1C, 0x88, 0xFF, 0xFF, 0xFF, 0x7F, 0x00, 
0x00, 0x00, 0x00, 0x7C, 0xFF, 0x56, 0x00, 0x00, 0x00, 0x00, 0x9A, 0xFF, 0xFF, 0x2A, 0x00, 0x00, 
0x00, 0x00, 0xDB, 0xFF, 0x0D, 0x00, 0x00, 0x00, 0x00, 0x26, 0xFF, 0xD4, 0x00, 0x00, 0x00, 0x00, 
0x00, 0xF9, 0xFF, 0x21, 0x00, 0x00, 0x00, 0x00, 0x03, 0xFA, 0x7F, 0x00, 0x00, 0x00, 0x00, 0x00, 
0xE2, 0xFF, 0x8D, 0x00, 0x00, 0x00, 0x00, 0x00, 0xFA, 0x2A, 0x00, 0x00, 0x00, 0x00, 0x00, 0x93, 
0xFF, 0xFD, 0x4F, 0x00, 0x00, 0x00, 0x00, 0x00, 0x00, 0x00, 0x00, 0x00, 0x00, 0x00, 0x14, 0xE2, 
0xFF, 0xF6, 0x3F, 0x00, 0x00, 0x00, 0x00, 0x00, 0x00, 0x00, 0x00, 0x00, 0x00, 0x00, 0x28, 0xEC, 
0xFF, 0xF3, 0x39, 0x00, 0x00, 0x00, 0x00, 0x00, 0x00, 0x00, 0x00, 0x00, 0x00, 0x00, 0x34, 0xF1, 
0xFF, 0xEF, 0x2A, 0x00, 0x00, 0x00, 0x00, 0x00, 0x00, 0x00, 0x00, 0x00, 0x00, 0x00, 0x40, 0xF8, 
0xFF, 0xDC, 0x0D, 0x00, 0x00, 0x00, 0x00, 0x00, 0x00, 0x00, 0x00, 0x00, 0x00, 0x00, 0x5A, 0xFF, 
0xFF, 0x80, 0x00, 0x00, 0x00, 0x00, 0x24, 0xF5, 0x00, 0x00, 0x00, 0x00, 0x00, 0x00, 0x98, 0xFF, 
0xD8, 0x00, 0x00, 0x00, 0x00, 0x6E, 0xEA, 0x00, 0x00, 0x00, 0x00, 0x00, 0x00, 0x26, 0xFF, 0xF7, 
0x00, 0x00, 0x00, 0x00, 0xB7, 0xF7, 0x02, 0x00, 0x00, 0x00, 0x00, 0x00, 0x09, 0xFF, 0xE2, 0x00, 
0x00, 0x00, 0x09, 0xF6, 0xFF, 0x3A, 0x00, 0x00, 0x00, 0x00, 0x00, 0x2D, 0xFF, 0x9E, 0x00, 0x00, 
0x00, 0x49, 0xFF, 0xFF, 0xBF, 0x04, 0x00, 0x00, 0x00, 0x00, 0x9A, 0xF8, 0x2B, 0x00, 0x00, 0x00, 
0x92, 0xFF, 0xFF, 0xFF, 0xBC, 0x36, 0x07, 0x17, 0x80, 0xF7, 0x5B, 0x00, 0x00, 0x00, 0x00, 0xDB, 
0x64, 0x15, 0x5E, 0xB1, 0xE6, 0xF9, 0xE1, 0x9F, 0x2D, 0x00, 0x00, 0x00, 0x00, 0x00, 0x00, 0x22, 
0xFF, 0xFF, 0xFF, 0xFF, 0xFF, 0xFF, 0xFF, 0xFF, 0xFF, 0xFF, 0xFF, 0xFF, 0xFF, 0xF1, 0x04, 0x00, 
0x67, 0xFF, 0xF1, 0x85, 0x38, 0x13, 0x41, 0xFF, 0xCD, 0x00, 0x00, 0x02, 0x2F, 0xF6, 0xB2, 0x00, 
0x00, 0xAB, 0xE3, 0x24, 0x00, 0x00, 0x00, 0x81, 0xFF, 0x8A, 0x00, 0x00, 0x00, 0x00, 0xC3, 0x6F, 
0x00, 0x01, 0xEC, 0x4B, 0x00, 0x00, 0x00, 0x00, 0xC4, 0xFF, 0x47, 0x00, 0x00, 0x00, 0x00, 0xC9, 
0x2C, 0x00, 0x32, 0xDB, 0x00, 0x00, 0x00, 0x00, 0x0C, 0xFA, 0xF9, 0x0A, 0x00, 0x00, 0x00, 0x11, 
0xE2, 0x00, 0x00, 0x00, 0x00, 0x00, 0x00, 0x00, 0x00, 0x4B, 0xFF, 0xC0, 0x00, 0x00, 0x00, 0x00, 
0x00, 0x00, 0x00, 0x00, 0x00, 0x00, 0x00, 0x00, 0x00, 0x00, 0x8E, 0xFF, 0x7D, 0x00, 0x00, 0x00, 
0x00, 0x00, 0x00, 0x00, 0x00, 0x00, 0x00, 0x00, 0x00, 0x00, 0x00, 0xD1, 0xFF, 0x39, 0x00, 0x00, 
0x00, 0x00, 0x00, 0x00, 0x00, 0x00, 0x00, 0x00, 0x00, 0x00, 0x00, 0x16, 0xFE, 0xF2, 0x04, 0x00, 
0x00, 0x00, 0x00, 0x00, 0x00, 0x00, 0x00, 0x00, 0x00, 0x00, 0x00, 0x00, 0x58, 0xFF, 0xB3, 0x00, 
0x00, 0x00, 0x00, 0x00, 0x00, 0x00, 0x00, 0x00, 0x00, 0x00, 0x00, 0x00, 0x00, 0x9B, 0xFF, 0x6F, 
0x00, 0x00, 0x00, 0x00, 0x00, 0x00, 0x00, 0x00, 0x00, 0x00, 0x00, 0x00, 0x00, 0x00, 0xDE, 0xFF, 
0x2C, 0x00, 0x00, 0x00, 0x00, 0x00, 0x00, 0x00, 0x00, 0x00, 0x00, 0x00, 0x00, 0x00, 0x22, 0xFF, 
0xE8, 0x00, 0x00, 0x00, 0x00, 0x00, 0x00, 0x00, 0x00, 0x00, 0x00, 0x00, 0x00, 0x00, 0x00, 0x65, 
0xFF, 0xA5, 0x00, 0x00, 0x00, 0x00, 0x00, 0x00, 0x00, 0x00, 0x00, 0x00, 0x00, 0x00, 0x00, 0x00, 
0xA9, 0xFF, 0x61, 0x00, 0x00, 0x00, 0x00, 0x00, 0x00, 0x00, 0x00, 0x00, 0x00, 0x00, 0x00, 0x00, 
0x0A, 0xF3, 0xFB, 0x12, 0x00, 0x00, 0x00, 0x00, 0x00, 0x00, 0x00, 0x00, 0x00, 0x00, 0x00, 0x00, 
0x00, 0x65, 0xFF, 0xC3, 0x00, 0x00, 0x00, 0x00, 0x00, 0x00, 0x00, 0x00, 0x00, 0x00, 0x00, 0x00, 
0x09, 0x44, 0xEA, 0xFF, 0xD8, 0x24, 0x03, 0x00, 0x00, 0x00, 0x00, 0x00, 0x00, 0x00, 0x00, 0x00, 
0x68, 0xFF, 0xFF, 0xFF, 0xFF, 0xFF, 0xFF, 0xFF, 0x2D, 0x00, 0x00, 0x00, 0x00, 0x00, 0x00, 0x00, 
0x00, 0x00, 0xF2, 0xFF, 0xFF, 0xFF, 0xFF, 0xFF, 0xFF, 0x93, 0x00, 0x00, 0x00, 0x00, 0x00, 0xAC, 
0xFF, 0xFF, 0xFF, 0xFF, 0xFF, 0x2F, 0x00, 0x0B, 0x35, 0xE3, 0xFF, 0xF9, 0x64, 0x15, 0x02, 0x00, 
0x00, 0x00, 0x00, 0x00, 0x09, 0x38, 0xE1, 0xF2, 0x4A, 0x09, 0x00, 0x00, 0x00, 0x00, 0xB7, 0xFF, 
0x8F, 0x00, 0x00, 0x00, 0x00, 0x00, 0x00, 0x00, 0x00, 0x00, 0x00, 0xAB, 0x7E, 0x00, 0x00, 0x00, 
0x00, 0x00, 0x00, 0xE5, 0xFF, 0x2E, 0x00, 0x00, 0x00, 0x00, 0x00, 0x00, 0x00, 0x00, 0x00, 0x00, 
0xDD, 0x20, 0x00, 0x00, 0x00, 0x00, 0x00, 0x25, 0xFF, 0xE5, 0x00, 0x00, 0x00, 0x00, 0x00, 0x00, 
0x00, 0x00, 0x00, 0x00, 0x22, 0xD6, 0x00, 0x00, 0x00, 0x00, 0x00, 0x00, 0x6C, 0xFF, 0xA0, 0x00, 
0x00, 0x00, 0x00, 0x00, 0x00, 0x00, 0x00, 0x00, 0x00, 0x68, 0x93, 0x00, 0x00, 0x00, 0x00, 0x00, 
0x00, 0xB2, 0xFF, 0x5A, 0x00, 0x00, 0x00, 0x00, 0x00, 0x00, 0x00, 0x00, 0x00, 0x00, 0xAC, 0x4F, 
0x00, 0x00, 0x00, 0x00, 0x00, 0x05, 0xF2, 0xFE, 0x16, 0x00, 0x00, 0x00, 0x00, 0x00, 0x00, 0x00, 
0x00, 0x00, 0x02, 0xE9, 0x0F, 0x00, 0x00, 0x00, 0x00, 0x00, 0x3E, 0xFF, 0xCF, 0x00, 0x00, 0x00, 
0x00, 0x00, 0x00, 0x00, 0x00, 0x00, 0x00, 0x32, 0xC7, 0x00, 0x00, 0x00, 0x00, 0x00, 0x00, 0x84, 
0xFF, 0x8A, 0x00, 0x00, 0x00, 0x00, 0x00, 0x00, 0x00, 0x00, 0x00, 0x00, 0x76, 0x83, 0x00, 0x00, 
0x00, 0x00, 0x00, 0x00, 0xC8, 0xFF, 0x45, 0x00, 0x00, 0x00, 0x00, 0x00, 0x00, 0x00, 0x00, 0x00, 
0x00, 0xBB, 0x3F, 0x00, 0x00, 0x00, 0x00, 0x00, 0x0D, 0xFC, 0xF7, 0x08, 0x00, 0x00, 0x00, 0x00, 
0x00, 0x00, 0x00, 0x00, 0x00, 0x14, 0xEE, 0x05, 0x00, 0x00, 0x00, 0x00, 0x00, 0x40, 0xFF, 0xC1, 
0x00, 0x00, 0x00, 0x00, 0x00, 0x00, 0x00, 0x00, 0x00, 0x00, 0x68, 0xAF, 0x00, 0x00, 0x00, 0x00, 
0x00, 0x00, 0x5B, 0xFF, 0x96, 0x00, 0x00, 0x00, 0x00, 0x00, 0x00, 0x00, 0x00, 0x00, 0x00, 0xC1, 
0x5D, 0x00, 0x00, 0x00, 0x00, 0x00, 0x00, 0x5C, 0xFF, 0x7F, 0x00, 0x00, 0x00, 0x00, 0x00, 0x00, 
0x00, 0x00, 0x00, 0x34, 0xF1, 0x0B, 0x00, 0x00, 0x00, 0x00, 0x00, 0x00, 0x23, 0xFE, 0xAC, 0x00, 
0x00, 0x00, 0x00, 0x00, 0x00, 0x00, 0x00, 0x02, 0xC4, 0x86, 0x00, 0x00, 0x00, 0x00, 0x00, 0x00, 
0x00, 0x00, 0x98, 0xFE, 0x50, 0x00, 0x00, 0x00, 0x00, 0x00, 0x00, 0x03, 0x9C, 0xC7, 0x07, 0x00, 
0x00, 0x00, 0x00, 0x00, 0x00, 0x00, 0x00, 0x04, 0xA2, 0xFD, 0x9C, 0x3C, 0x0E, 0x05, 0x1B, 0x5A, 
0xD0, 0xA9, 0x10, 0x00, 0x00, 0x00, 0x00, 0x00, 0x00, 0x00, 0x00, 0x00, 0x00, 0x00, 0x46, 0xAA, 
0xE3, 0xF9, 0xEF, 0xD5, 0x9C, 0x3C, 0x00, 0x00, 0x00, 0x00, 0x00, 0x00, 0x00, 0x00, 0x00, 0x00, 
0x2E, 0xFF, 0xFF, 0xFF, 0xFF, 0xFF, 0xFF, 0xD7, 0x00, 0x00, 0x00, 0x00, 0xD2, 0xFF, 0xFF, 0xFF, 
0xFF, 0xFF, 0x2D, 0x00, 0x08, 0x59, 0xFE, 0xFF, 0xC4, 0x25, 0x04, 0x00, 0x00, 0x00, 0x00, 0x14, 
0xB2, 0xFF, 0xFC, 0x86, 0x1B, 0x00, 0x00, 0x00, 0x00, 0xE2, 0xFF, 0x4C, 0x00, 0x00, 0x00, 0x00, 
0x00, 0x00, 0x00, 0x7E, 0xF7, 0x47, 0x00, 0x00, 0x00, 0x00, 0x00, 0x00, 0xEE, 0xFF, 0x26, 0x00, 
0x00, 0x00, 0x00, 0x00, 0x00, 0x03, 0xD6, 0x51, 0x00, 0x00, 0x00, 0x00, 0x00, 0x00, 0x0B, 0xFF, 
0xFD, 0x06, 0x00, 0x00, 0x00, 0x00, 0x00, 0x00, 0x6B, 0x7A, 0x00, 0x00, 0x00, 0x00, 0x00, 0x00, 
0x00, 0x2D, 0xFF, 0xE1, 0x00, 0x00, 0x00, 0x00, 0x00, 0x00, 0x1A, 0x9D, 0x01, 0x00, 0x00, 0x00, 
0x00, 0x00, 0x00, 0x00, 0x4F, 0xFF, 0xBF, 0x00, 0x00, 0x00, 0x00, 0x00, 0x07, 0xA0, 0x0D, 0x00, 
0x00, 0x00, 0x00, 0x00, 0x00, 0x00, 0x00, 0x71, 0xFF, 0x9D, 0x00, 0x00, 0x00, 0x00, 0x00, 0x92, 
0x28, 0x00, 0x00, 0x00, 0x00, 0x00, 0x00, 0x00, 0x00, 0x00, 0x93, 0xFF, 0x7A, 0x00, 0x00, 0x00, 
0x00, 0x6E, 0x51, 0x00, 0x00, 0x00, 0x00, 0x00, 0x00, 0x00, 0x00, 0x00, 0x00, 0xB5, 0xFF, 0x58, 
0x00, 0x00, 0x00, 0x42, 0x81, 0x00, 0x00, 0x00, 0x00, 0x00, 0x00, 0x00, 0x00, 0x00, 0x00, 0x00, 
0xD7, 0xFF, 0x35, 0x00, 0x00, 0x21, 0xA6, 0x02, 0x00, 0x00, 0x00, 0x00, 0x00, 0x00, 0x00, 0x00, 
0x00, 0x00, 0x01, 0xF7, 0xFF, 0x13, 0x00, 0x0B, 0xB1, 0x13, 0x00, 0x00, 0x00, 0x00, 0x00, 0x00, 
0x00, 0x00, 0x00, 0x00, 0x00, 0x1B, 0xFF, 0xF1, 0x00, 0x00, 0xA2, 0x31, 0x00, 0x00, 0x00, 0x00, 
0x00, 0x00, 0x00, 0x00, 0x00, 0x00, 0x00, 0x00, 0x3D, 0xFF, 0xCE, 0x00, 0x7B, 0x5E, 0x00, 0x00, 
0x00, 0x00, 0x00, 0x00, 0x00, 0x00, 0x00, 0x00, 0x00, 0x00, 0x00, 0x5F, 0xFF, 0xAC, 0x4C, 0x92, 
0x00, 0x00, 0x00, 0x00, 0x00, 0x00, 0x00, 0x00, 0x00, 0x00, 0x00, 0x00, 0x00, 0x00, 0x81, 0xFF, 
0xB2, 0xB6, 0x05, 0x00, 0x00, 0x00, 0x00, 0x00, 0x00, 0x00, 0x00, 0x00, 0x00, 0x00, 0x00, 0x00, 
0x00, 0xA3, 0xFF, 0xE7, 0x19, 0x00, 0x00, 0x00, 0x00, 0x00, 0x00, 0x00, 0x00, 0x00, 0x00, 0x00, 
0x00, 0x00, 0x00, 0x00, 0xC5, 0xFA, 0x3B, 0x00, 0x00, 0x00, 0x00, 0x00, 0x00, 0x00, 0x00, 0x00, 
0x00, 0x00, 0x00, 0x00, 0x00, 0x00, 0x00, 0xE7, 0x6C, 0x00, 0x00, 0x00, 0x00, 0x00, 0x00, 0x00, 
0x00, 0x00, 0x00, 0x00, 0x00, 0x00, 0x00, 0x00, 0x00, 0x4C, 0xFF, 0xFF, 0xFF, 0xFF, 0xFF, 0xFF, 
0x4F, 0xAA, 0xFF, 0xFF, 0xFF, 0xFF, 0xFF, 0xFF, 0x7B, 0x00, 0x1E, 0xFF, 0xFF, 0xFF, 0xFF, 0xFF, 
0x49, 0x01, 0x1C, 0xAD, 0xFF, 0xFF, 0x64, 0x10, 0x00, 0x05, 0x26, 0xB5, 0xFF, 0xF9, 0x4C, 0x0B, 
0x01, 0x00, 0x00, 0x2A, 0xE4, 0xFF, 0x9A, 0x2D, 0x01, 0x00, 0x00, 0x52, 0xFF, 0xCF, 0x00, 0x00, 
0x00, 0x00, 0x00, 0x61, 0xFF, 0xBE, 0x00, 0x00, 0x00, 0x00, 0x00, 0x02, 0xE5, 0x78, 0x00, 0x00, 
0x00, 0x00, 0x00, 0x63, 0xFF, 0xA1, 0x00, 0x00, 0x00, 0x00, 0x04, 0xD3, 0xFF, 0x9D, 0x00, 0x00, 
0x00, 0x00, 0x00, 0x67, 0xA4, 0x00, 0x00, 0x00, 0x00, 0x00, 0x00, 0x7E, 0xFF, 0x86, 0x00, 0x00, 
0x00, 0x00, 0x6F, 0xF6, 0xFF, 0x83, 0x00, 0x00, 0x00, 0x00, 0x22, 0xCE, 0x0C, 0x00, 0x00, 0x00, 
0x00, 0x00, 0x00, 0x99, 0xFF, 0x6D, 0x00, 0x00, 0x00, 0x16, 0xD9, 0xA8, 0xFF, 0x69, 0x00, 0x00, 
0x00, 0x00, 0xB7, 0x44, 0x00, 0x00, 0x00, 0x00, 0x00, 0x00, 0x00, 0xB4, 0xFF, 0x54, 0x00, 0x00, 
0x00, 0x9E, 0x61, 0xB3, 0xFF, 0x50, 0x00, 0x00, 0x00, 0x55, 0xA7, 0x00, 0x00, 0x00, 0x00, 0x00, 
0x00, 0x00, 0x00, 0xCE, 0xFF, 0x3A, 0x00, 0x00, 0x36, 0xC7, 0x01, 0xCD, 0xFF, 0x38, 0x00, 0x00, 
0x0D, 0xD6, 0x19, 0x00, 0x00, 0x00, 0x00, 0x00, 0x00, 0x00, 0x00, 0xE9, 0xFF, 0x21, 0x00, 0x01, 
0xC8, 0x35, 0x00, 0xE8, 0xFF, 0x20, 0x00, 0x00, 0x8F, 0x6D, 0x00, 0x00, 0x00, 0x00, 0x00, 0x00, 
0x00, 0x00, 0x05, 0xFE, 0xFF, 0x08, 0x00, 0x64, 0x9C, 0x00, 0x04, 0xFD, 0xFF, 0x08, 0x00, 0x2F, 
0xCA, 0x03, 0x00, 0x00, 0x00, 0x00, 0x00, 0x00, 0x00, 0x00, 0x1E, 0xFF, 0xEE, 0x00, 0x10, 0xDA, 
0x15, 0x00, 0x1D, 0xFF, 0xF0, 0x00, 0x01, 0xC5, 0x36, 0x00, 0x00, 0x00, 0x00, 0x00, 0x00, 0x00, 
0x00, 0x00, 0x39, 0xFF, 0xD5, 0x00, 0x93, 0x6D, 0x00, 0x00, 0x38, 0xFF, 0xD8, 0x00, 0x66, 0x97, 
0x00, 0x00, 0x00, 0x00, 0x00, 0x00, 0x00, 0x00, 0x00, 0x00, 0x53, 0xFF, 0xBC, 0x2D, 0xCF, 0x03, 
0x00, 0x00, 0x53, 0xFF, 0xC0, 0x15, 0xD7, 0x11, 0x00, 0x00, 0x00, 0x00, 0x00, 0x00, 0x00, 0x00, 
0x00, 0x00, 0x6E, 0xFF, 0xA3, 0xC0, 0x40, 0x00, 0x00, 0x00, 0x6D, 0xFF, 0xA8, 0xA0, 0x5D, 0x00, 
0x00, 0x00, 0x00, 0x00, 0x00, 0x00, 0x00, 0x00, 0x00, 0x00, 0x88, 0xFF, 0xDD, 0xA8, 0x00, 0x00, 
0x00, 0x00, 0x88, 0xFF, 0xCD, 0xBF, 0x00, 0x00, 0x00, 0x00, 0x00, 0x00, 0x00, 0x00, 0x00, 0x00, 
0x00, 0x00, 0xA3, 0xFF, 0xF4, 0x1C, 0x00, 0x00, 0x00, 0x00, 0xA3, 0xFF, 0xFA, 0x2A, 0x00, 0x00, 
0x00, 0x00, 0x00, 0x00, 0x00, 0x00, 0x00, 0x00, 0x00, 0x00, 0xBE, 0xFF, 0x79, 0x00, 0x00, 0x00, 
0x00, 0x00, 0xBD, 0xFF, 0x87, 0x00, 0x00, 0x00, 0x00, 0x00, 0x00, 0x00, 0x00, 0x00, 0x00, 0x00, 
0x00, 0x00, 0xD8, 0xDB, 0x07, 0x00, 0x00, 0x00, 0x00, 0x00, 0xD8, 0xE0, 0x0A, 0x00, 0x00, 0x00, 
0x00, 0x00, 0x00, 0x00, 0x00, 0x00, 0x00, 0x00, 0x00, 0x00, 0xF3, 0x4B, 0x00, 0x00, 0x00, 0x00, 
0x00, 0x00, 0xF3, 0x4E, 0x00, 0x00, 0x00, 0x00, 0x00, 0x00, 0x00, 0x00, 0x00, 0x00, 0x00, 0x00, 
0x00, 0x00, 0x00, 0x00, 0x00, 0x00, 0x00, 0xD2, 0xFF, 0xFF, 0xFF, 0xFF, 0xFF, 0x73, 0x00, 0x00, 
0x00, 0x74, 0xFF, 0xFF, 0xFF, 0xFF, 0xFF, 0x6B, 0x00, 0x00, 0x00, 0x00, 0x00, 0x00, 0x11, 0x62, 
0xFB, 0xFF, 0xB1, 0x0F, 0x00, 0x00, 0x00, 0x00, 0x03, 0x5B, 0xFF, 0xE9, 0x7B, 0x2B, 0x03, 0x00, 
0x00, 0x00, 0x00, 0x00, 0x00, 0x00, 0x00, 0x9D, 0xFF, 0x98, 0x00, 0x00, 0x00, 0x00, 0x00, 0x01, 
0xB8, 0xB3, 0x12, 0x00, 0x00, 0x00, 0x00, 0x00, 0x00, 0x00, 0x00, 0x00, 0x00, 0x00, 0x3A, 0xFF, 
0xDF, 0x00, 0x00, 0x00, 0x00, 0x00, 0x83, 0x8D, 0x01, 0x00, 0x00, 0x00, 0x00, 0x00, 0x00, 0x00, 
0x00, 0x00, 0x00, 0x00, 0x00, 0x01, 0xE7, 0xFF, 0x24, 0x00, 0x00, 0x00, 0x69, 0x91, 0x00, 0x00, 
0x00, 0x00, 0x00, 0x00, 0x00, 0x00, 0x00, 0x00, 0x00, 0x00, 0x00, 0x00, 0x00, 0xA3, 0xFF, 0x6A, 
0x00, 0x00, 0x5B, 0xA0, 0x01, 0x00, 0x00, 0x00, 0x00, 0x00, 0x00, 0x00, 0x00, 0x00, 0x00, 0x00, 
0x00, 0x00, 0x00, 0x00, 0x5D, 0xFF, 0xAF, 0x00, 0x4E, 0xAD, 0x04, 0x00, 0x00, 0x00, 0x00, 0x00, 
0x00, 0x00, 0x00, 0x00, 0x00, 0x00, 0x00, 0x00, 0x00, 0x00, 0x00, 0x17, 0xFE, 0xF0, 0x46, 0xB8, 
0x08, 0x00, 0x00, 0x00, 0x00, 0x00, 0x00, 0x00, 0x00, 0x00, 0x00, 0x00, 0x00, 0x00, 0x00, 0x00, 
0x00, 0x00, 0x00, 0xD1, 0xFF, 0xC7, 0x0D, 0x00, 0x00, 0x00, 0x00, 0x00, 0x00, 0x00, 0x00, 0x00, 
0x00, 0x00, 0x00, 0x00, 0x00, 0x00, 0x00, 0x00, 0x00, 0x00, 0x8D, 0xFF, 0x81, 0x00, 0x00, 0x00, 
0x00, 0x00, 0x00, 0x00, 0x00, 0x00, 0x00, 0x00, 0x00, 0x00, 0x00, 0x00, 0x00, 0x00, 0x00, 0x00, 
0x20, 0xD7, 0xFF, 0xC7, 0x00, 0x00, 0x00, 0x00, 0x00, 0x00, 0x00, 0x00, 0x00, 0x00, 0x00, 0x00, 
0x00, 0x00, 0x00, 0x00, 0x00, 0x00, 0x17, 0xC2, 0x2C, 0xF7, 0xFC, 0x10, 0x00, 0x00, 0x00, 0x00, 
0x00, 0x00, 0x00, 0x00, 0x00, 0x00, 0x00, 0x00, 0x00, 0x00, 0x00, 0x00, 0x10, 0xBF, 0x2D, 0x00, 
0xBB, 0xFF, 0x53, 0x00, 0x00, 0x00, 0x00, 0x00, 0x00, 0x00, 0x00, 0x00, 0x00, 0x00, 0x00, 0x00, 
0x00, 0x00, 0x0A, 0xBA, 0x39, 0x00, 0x00, 0x76, 0xFF, 0x98, 0x00, 0x00, 0x00, 0x00, 0x00, 0x00, 
0x00, 0x00, 0x00, 0x00, 0x00, 0x00, 0x00, 0x00, 0x06, 0xB2, 0x47, 0x00, 0x00, 0x00, 0x30, 0xFF, 
0xDC, 0x00, 0x00, 0x00, 0x00, 0x00, 0x00, 0x00, 0x00, 0x00, 0x00, 0x00, 0x00, 0x00, 0x0A, 0xA6, 
0x50, 0x00, 0x00, 0x00, 0x00, 0x01, 0xE8, 0xFF, 0x20, 0x00, 0x00, 0x00, 0x00, 0x00, 0x00, 0x00, 
0x00, 0x00, 0x00, 0x00, 0x33, 0xD4, 0x48, 0x00, 0x00, 0x00, 0x00, 0x00, 0x00, 0xA3, 0xFF, 0x76, 
0x00, 0x00, 0x00, 0x00, 0x00, 0x00, 0x00, 0x00, 0x10, 0x3C, 0x98, 0xFC, 0xF0, 0x2A, 0x02, 0x00, 
0x00, 0x00, 0x03, 0x27, 0xC6, 0xFF, 0xF4, 0x61, 0x12, 0x01, 0x00, 0x00, 0x00, 0x00, 0x00, 0xFF, 
0xFF, 0xFF, 0xFF, 0xFF, 0xFF, 0x55, 0x00, 0x00, 0x00, 0x98, 0xFF, 0xFF, 0xFF, 0xFF, 0xFF, 0xFF, 
0x45, 0x00, 0x00, 0x00, 0x00, 0x00, 0x00, 0x4C, 0xFF, 0xFF, 0xFF, 0xFF, 0xFF, 0xFF, 0x25, 0x00, 
0x92, 0xFF, 0xFF, 0xFF, 0xFF, 0xD1, 0x00, 0x02, 0x28, 0xBC, 0xFF, 0xFE, 0x42, 0x0A, 0x00, 0x00, 
0x03, 0x1B, 0xCC, 0xDC, 0x4D, 0x0A, 0x00, 0x00, 0x00, 0x20, 0xFC, 0xFA, 0x05, 0x00, 0x00, 0x00, 
0x00, 0x20, 0xCC, 0x16, 0x00, 0x00, 0x00, 0x00, 0x00, 0x00, 0xC2, 0xFF, 0x42, 0x00, 0x00, 0x00, 
0x08, 0xBA, 0x24, 0x00, 0x00, 0x00, 0x00, 0x00, 0x00, 0x00, 0x8A, 0xFF, 0x84, 0x00, 0x00, 0x00, 
0x91, 0x50, 0x00, 0x00, 0x00, 0x00, 0x00, 0x00, 0x00, 0x00, 0x52, 0xFF, 0xC3, 0x00, 0x00, 0x46, 
0x9A, 0x00, 0x00, 0x00, 0x00, 0x00, 0x00, 0x00, 0x00, 0x00, 0x19, 0xFF, 0xF9, 0x08, 0x13, 0xC2, 
0x0C, 0x00, 0x00, 0x00, 0x00, 0x00, 0x00, 0x00, 0x00, 0x00, 0x00, 0xE1, 0xFF, 0x40, 0xA9, 0x38, 
0x00, 0x00, 0x00, 0x00, 0x00, 0x00, 0x00, 0x00, 0x00, 0x00, 0x00, 0xA9, 0xFF, 0xD0, 0x80, 0x00, 
0x00, 0x00, 0x00, 0x00, 0x00, 0x00, 0x00, 0x00, 0x00, 0x00, 0x00, 0x80, 0xFF, 0xC9, 0x04, 0x00, 
0x00, 0x00, 0x00, 0x00, 0x00, 0x00, 0x00, 0x00, 0x00, 0x00, 0x00, 0xB5, 0xFF, 0x5B, 0x00, 0x00, 
0x00, 0x00, 0x00, 0x00, 0x00, 0x00, 0x00, 0x00, 0x00, 0x00, 0x05, 0xF3, 0xFF, 0x18, 0x00, 0x00, 
0x00, 0x00, 0x00, 0x00, 0x00, 0x00, 0x00, 0x00, 0x00, 0x00, 0x3D, 0xFF, 0xD3, 0x00, 0x00, 0x00, 
0x00, 0x00, 0x00, 0x00, 0x00, 0x00, 0x00, 0x00, 0x00, 0x00, 0x81, 0xFF, 0x8E, 0x00, 0x00, 0x00, 
0x00, 0x00, 0x00, 0x00, 0x00, 0x00, 0x00, 0x00, 0x00, 0x00, 0xC5, 0xFF, 0x4A, 0x00, 0x00, 0x00, 
0x00, 0x00, 0x00, 0x00, 0x00, 0x00, 0x00, 0x00, 0x00, 0x16, 0xFB, 0xF7, 0x0A, 0x00, 0x00, 0x00, 
0x00, 0x00, 0x00, 0x00, 0x00, 0x00, 0x00, 0x00, 0x00, 0x7D, 0xFF, 0xC8, 0x00, 0x00, 0x00, 0x00, 
0x00, 0x00, 0x00, 0x00, 0x00, 0x00, 0x00, 0x10, 0x59, 0xF5, 0xFF, 0xE5, 0x31, 0x07, 0x00, 0x00, 
0x00, 0x00, 0x00, 0x00, 0x00, 0x00, 0x74, 0xFF, 0xFF, 0xFF, 0xFF, 0xFF, 0xFF, 0xF3, 0x00, 0x00, 
0x00, 0x00, 0x00, 0x00, 0x00, 0x00, 0x00, 0x00, 0x00, 0x01, 0xEA, 0xFF, 0xFF, 0xFF, 0xFF, 0xFF, 
0xFF, 0xFF, 0xFF, 0xFF, 0xFF, 0xFF, 0xE6, 0x00, 0x00, 0x00, 0x33, 0xFF, 0x95, 0x2F, 0x11, 0x06, 
0x01, 0x00, 0x00, 0x00, 0x29, 0xF2, 0xF8, 0x38, 0x00, 0x00, 0x00, 0x7A, 0xAC, 0x00, 0x00, 0x00, 
0x00, 0x00, 0x00, 0x00, 0x10, 0xDA, 0xFF, 0x62, 0x00, 0x00, 0x00, 0x00, 0xC1, 0x45, 0x00, 0x00, 
0x00, 0x00, 0x00, 0x00, 0x02, 0xB7, 0xFF, 0x92, 0x00, 0x00, 0x00, 0x00, 0x00, 0x00, 0x00, 0x00, 
0x00, 0x00, 0x00, 0x00, 0x00, 0x89, 0xFF, 0xC0, 0x04, 0x00, 0x00, 0x00, 0x00, 0x00, 0x00, 0x00, 
0x00, 0x00, 0x00, 0x00, 0x00, 0x58, 0xFF, 0xE0, 0x15, 0x00, 0x00, 0x00, 0x00, 0x00, 0x00, 0x00, 
0x00, 0x00, 0x00, 0x00, 0x00, 0x30, 0xF5, 0xF5, 0x31, 0x00, 0x00, 0x00, 0x00, 0x00, 0x00, 0x00, 
0x00, 0x00, 0x00, 0x00, 0x00, 0x14, 0xE0, 0xFF, 0x58, 0x00, 0x00, 0x00, 0x00, 0x00, 0x00, 0x00, 
0x00, 0x00, 0x00, 0x00, 0x00, 0x04, 0xBF, 0xFF, 0x88, 0x00, 0x00, 0x00, 0x00, 0x00, 0x00, 0x00, 
0x00, 0x00, 0x00, 0x00, 0x00, 0x00, 0x93, 0xFF, 0xB7, 0x02, 0x00, 0x00, 0x00, 0x00, 0x00, 0x00, 
0x00, 0x00, 0x00, 0x00, 0x00, 0x00, 0x62, 0xFF, 0xDA, 0x10, 0x00, 0x00, 0x00, 0x00, 0x00, 0x00, 
0x00, 0x00, 0x00, 0x00, 0x00, 0x00, 0x38, 0xF8, 0xF2, 0x29, 0x00, 0x00, 0x00, 0x00, 0x00, 0x00, 
0x00, 0x00, 0x00, 0x00, 0x00, 0x00, 0x1A, 0xE6, 0xFE, 0x4F, 0x00, 0x00, 0x00, 0x00, 0x00, 0x00, 
0x00, 0x00, 0x00, 0x00, 0x00, 0x00, 0x07, 0xC7, 0xFF, 0x7E, 0x00, 0x00, 0x00, 0x00, 0x00, 0x00, 
0x00, 0x00, 0x00, 0x00, 0x00, 0x00, 0x00, 0x9E, 0xFF, 0xAE, 0x01, 0x00, 0x00, 0x00, 0x00, 0x00, 
0x00, 0x00, 0x00, 0x00, 0x00, 0x00, 0x00, 0x6D, 0xFF, 0xD4, 0x0C, 0x00, 0x00, 0x00, 0x00, 0x00, 
0x00, 0x00, 0x51, 0xC5, 0x00, 0x00, 0x00, 0x40, 0xFB, 0xEE, 0x23, 0x00, 0x00, 0x00, 0x00, 0x00, 
0x00, 0x00, 0x35, 0xED, 0x51, 0x00, 0x00, 0x1F, 0xEB, 0xFC, 0x46, 0x00, 0x00, 0x02, 0x08, 0x12, 
0x26, 0x50, 0xA1, 0xFC, 0xDB, 0x02, 0x00, 0x00, 0xC5, 0xFF, 0xFF, 0xFF, 0xFF, 0xFF, 0xFF, 0xFF, 
0xFF, 0xFF, 0xFF, 0xFF, 0xFF, 0x69, 0x00, 0x00, 0x00, 0x00, 0x00, 0x00, 0x00, 0x00, 0x00, 0xAC, 
0xFF, 0xFF, 0xFF, 0xFF, 0xFF, 0x53, 0x00, 0x00, 0x00, 0x00, 0x00, 0x01, 0xEA, 0xFF, 0x23, 0x00, 
0x00, 0x00, 0x00, 0x00, 0x00, 0x00, 0x00, 0x00, 0x2B, 0xFF, 0xE4, 0x00, 0x00, 0x00, 0x00, 0x00, 
0x00, 0x00, 0x00, 0x00, 0x00, 0x6B, 0xFF, 0xA4, 0x00, 0x00, 0x00, 0x00, 0x00, 0x00, 0x00, 0x00, 
0x00, 0x00, 0xAA, 0xFF, 0x65, 0x00, 0x00, 0x00, 0x00, 0x00, 0x00, 0x00, 0x00, 0x00, 0x00, 0xE8, 
0xFF, 0x25, 0x00, 0x00, 0x00, 0x00, 0x00, 0x00, 0x00, 0x00, 0x00, 0x29, 0xFF, 0xE6, 0x00, 0x00, 
0x00, 0x00, 0x00, 0x00, 0x00, 0x00, 0x00, 0x00, 0x69, 0xFF, 0xA6, 0x00, 0x00, 0x00, 0x00, 0x00, 
0x00, 0x00, 0x00, 0x00, 0x00, 0xA8, 0xFF, 0x67, 0x00, 0x00, 0x00, 0x00, 0x00, 0x00, 0x00, 0x00, 
0x00, 0x00, 0xE7, 0xFF, 0x27, 0x00, 0x00, 0x00, 0x00, 0x00, 0x00, 0x00, 0x00, 0x00, 0x27, 0xFF, 
0xE7, 0x00, 0x00, 0x00, 0x00, 0x00, 0x00, 0x00, 0x00, 0x00, 0x00, 0x67, 0xFF, 0xA8, 0x00, 0x00, 
0x00, 0x00, 0x00, 0x00, 0x00, 0x00, 0x00, 0x00, 0xA7, 0xFF, 0x69, 0x00, 0x00, 0x00, 0x00, 0x00, 
0x00, 0x00, 0x00, 0x00, 0x00, 0xE5, 0xFF, 0x29, 0x00, 0x00, 0x00, 0x00, 0x00, 0x00, 0x00, 0x00, 
0x00, 0x26, 0xFF, 0xE9, 0x00, 0x00, 0x00, 0x00, 0x00, 0x00, 0x00, 0x00, 0x00, 0x00, 0x65, 0xFF, 
0xAA, 0x00, 0x00, 0x00, 0x00, 0x00, 0x00, 0x00, 0x00, 0x00, 0x00, 0xA5, 0xFF, 0x6B, 0x00, 0x00, 
0x00, 0x00, 0x00, 0x00, 0x00, 0x00, 0x00, 0x00, 0xE4, 0xFF, 0x2B, 0x00, 0x00, 0x00, 0x00, 0x00, 
0x00, 0x00, 0x00, 0x00, 0x24, 0xFF, 0xEB, 0x01, 0x00, 0x00, 0x00, 0x00, 0x00, 0x00, 0x00, 0x00, 
0x00, 0x63, 0xFF, 0xAC, 0x00, 0x00, 0x00, 0x00, 0x00, 0x00, 0x00, 0x00, 0x00, 0x00, 0xA3, 0xFF, 
0x6D, 0x00, 0x00, 0x00, 0x00, 0x00, 0x00, 0x00, 0x00, 0x00, 0x00, 0xE2, 0xFF, 0x2D, 0x00, 0x00, 
0x00, 0x00, 0x00, 0x00, 0x00, 0x00, 0x00, 0x22, 0xFF, 0xEC, 0x01, 0x00, 0x00, 0x00, 0x00, 0x00, 
0x00, 0x00, 0x00, 0x00, 0x61, 0xFF, 0xAE, 0x00, 0x00, 0x00, 0x00, 0x00, 0x00, 0x00, 0x00, 0x00, 
0x00, 0xA1, 0xFF, 0x6F, 0x00, 0x00, 0x00, 0x00, 0x00, 0x00, 0x00, 0x00, 0x00, 0x00, 0xE0, 0xFF, 
0xFF, 0xFF, 0xFF, 0xFF, 0x1F, 0x00, 0x00, 0x00, 0x00, 0x00, 0x00, 0xED, 0x13, 0x00, 0x00, 0xC7, 
0x39, 0x00, 0x00, 0xA0, 0x5F, 0x00, 0x00, 0x7A, 0x86, 0x00, 0x00, 0x54, 0xAC, 0x00, 0x00, 0x2D, 
0xD2, 0x00, 0x00, 0x08, 0xF5, 0x01, 0x00, 0x00, 0xE0, 0x1F, 0x00, 0x00, 0xBA, 0x46, 0x00, 0x00, 
0x94, 0x6C, 0x00, 0x00, 0x6D, 0x92, 0x00, 0x00, 0x47, 0xB9, 0x00, 0x00, 0x20, 0xDF, 0x00, 0x00, 
0x02, 0xF5, 0x08, 0x00, 0x00, 0xD4, 0x2C, 0x00, 0x00, 0xAD, 0x52, 0x00, 0x00, 0x87, 0x79, 0x00, 
0x00, 0x60, 0x9F, 0x00, 0x00, 0x3A, 0xC6, 0x00, 0x00, 0x13, 0xEC, 0x00, 0x00, 0x00, 0x00, 0x00, 
0x00, 0x23, 0xFF, 0xFF, 0xFF, 0xFF, 0xFF, 0xFF, 0x1F, 0x00, 0x00, 0x00, 0x00, 0x00, 0x00, 0x00, 
0x00, 0x00, 0x00, 0x3D, 0xFF, 0xD6, 0x00, 0x00, 0x00, 0x00, 0x00, 0x00, 0x00, 0x00, 0x00, 0x00, 
0x00, 0x85, 0xFF, 0x8E, 0x00, 0x00, 0x00, 0x00, 0x00, 0x00, 0x00, 0x00, 0x00, 0x00, 0x00, 0xCE, 
0xFF, 0x45, 0x00, 0x00, 0x00, 0x00, 0x00, 0x00, 0x00, 0x00, 0x00, 0x00, 0x17, 0xFE, 0xF5, 0x07, 
0x00, 0x00, 0x00, 0x00, 0x00, 0x00, 0x00, 0x00, 0x00, 0x00, 0x5F, 0xFF, 0xB4, 0x00, 0x00, 0x00, 
0x00, 0x00, 0x00, 0x00, 0x00, 0x00, 0x00, 0x00, 0xA7, 0xFF, 0x6B, 0x00, 0x00, 0x00, 0x00, 0x00, 
0x00, 0x00, 0x00, 0x00, 0x00, 0x02, 0xEC, 0xFF, 0x23, 0x00, 0x00, 0x00, 0x00, 0x00, 0x00, 0x00, 
0x00, 0x00, 0x00, 0x38, 0xFF, 0xDA, 0x00, 0x00, 0x00, 0x00, 0x00, 0x00, 0x00, 0x00, 0x00, 0x00, 
0x00, 0x81, 0xFF, 0x91, 0x00, 0x00, 0x00, 0x00, 0x00, 0x00, 0x00, 0x00, 0x00, 0x00, 0x00, 0xC9, 
0xFF, 0x49, 0x00, 0x00, 0x00, 0x00, 0x00, 0x00, 0x00, 0x00, 0x00, 0x00, 0x13, 0xFD, 0xF7, 0x09, 
0x00, 0x00, 0x00, 0x00, 0x00, 0x00, 0x00, 0x00, 0x00, 0x00, 0x5A, 0xFF, 0xB7, 0x00, 0x00, 0x00, 
0x00, 0x00, 0x00, 0x00, 0x00, 0x00, 0x00, 0x00, 0xA3, 0xFF, 0x6F, 0x00, 0x00, 0x00, 0x00, 0x00, 
0x00, 0x00, 0x00, 0x00, 0x00, 0x01, 0xE9, 0xFF, 0x26, 0x00, 0x00, 0x00, 0x00, 0x00, 0x00, 0x00, 
0x00, 0x00, 0x00, 0x34, 0xFF, 0xDE, 0x00, 0x00, 0x00, 0x00, 0x00, 0x00, 0x00, 0x00, 0x00, 0x00, 
0x00, 0x7C, 0xFF, 0x95, 0x00, 0x00, 0x00, 0x00, 0x00, 0x00, 0x00, 0x00, 0x00, 0x00, 0x00, 0xC5, 
0xFF, 0x4C, 0x00, 0x00, 0x00, 0x00, 0x00, 0x00, 0x00, 0x00, 0x00, 0x00, 0x10, 0xFC, 0xF9, 0x0B, 
0x00, 0x00, 0x00, 0x00, 0x00, 0x00, 0x00, 0x00, 0x00, 0x00, 0x56, 0xFF, 0xBB, 0x00, 0x00, 0x00, 
0x00, 0x00, 0x00, 0x00, 0x00, 0x00, 0x00, 0x00, 0x9E, 0xFF, 0x73, 0x00, 0x00, 0x00, 0x00, 0x00, 
0x00, 0x00, 0x00, 0x00, 0x00, 0x00, 0xE5, 0xFF, 0x2A, 0x00, 0x00, 0x00, 0x00, 0x00, 0x00, 0x00, 
0x00, 0x00, 0x00, 0x2F, 0xFF, 0xE1, 0x00, 0x00, 0x00, 0x00, 0x00, 0x00, 0x00, 0x00, 0x00, 0x00, 
0x00, 0x78, 0xFF, 0x99, 0x00, 0x00, 0x00, 0x00, 0x00, 0x00, 0x00, 0x00, 0x00, 0x00, 0x00, 0xC0, 
0xFF, 0x50, 0x00, 0x00, 0x00, 0x00, 0x00, 0x00, 0x00, 0xDC, 0xFF, 0xFF, 0xFF, 0xFF, 0xFA, 0x0D, 
0x00, 0x00, 0x00, 0x00, 0x00, 0x00, 0x00, 0x00, 0x00, 0x00, 0x00, 0x00, 0x4C, 0xFF, 0x4C, 0x00, 
0x00, 0x00, 0x00, 0x00, 0x00, 0x00, 0x00, 0x00, 0x08, 0xDD, 0xFF, 0xDD, 0x08, 0x00, 0x00, 0x00, 
0x00, 0x00, 0x00, 0x00, 0x00, 0x80, 0xF4, 0x5E, 0xFC, 0x7F, 0x00, 0x00, 0x00, 0x00, 0x00, 0x00, 
0x00, 0x22, 0xF7, 0x6A, 0x00, 0x86, 0xF7, 0x21, 0x00, 0x00, 0x00, 0x00, 0x00, 0x00, 0xB3, 0xBB, 
0x01, 0x00, 0x05, 0xCE, 0xB3, 0x00, 0x00, 0x00, 0x00, 0x00, 0x4C, 0xF1, 0x1D, 0x00, 0x00, 0x00, 
0x2A, 0xF7, 0x4C, 0x00, 0x00, 0x00, 0x08, 0xDD, 0x60, 0x00, 0x00, 0x00, 0x00, 0x00, 0x70, 0xDD, 
0x08, 0x00, 0x00, 0x80, 0xB2, 0x00, 0x00, 0x00, 0x00, 0x00, 0x00, 0x01, 0xBC, 0x7F, 0x00, 0x22, 
0xE3, 0x18, 0x00, 0x00, 0x00, 0x00, 0x00, 0x00, 0x00, 0x1C, 0xE6, 0x21, 0xB3, 0x56, 0x00, 0x00, 
0x00, 0x00, 0x00, 0x00, 0x00, 0x00, 0x00, 0x59, 0xB3, 0xFF, 0xFF, 0xFF, 0xFF, 0xFF, 0xFF, 0xFF, 
0xFF, 0xFF, 0xFF, 0xFF, 0xFF, 0xFF, 0xFF, 0xFF, 0xB3, 0xFF, 0x33, 0x00, 0x22, 0xF7, 0x99, 0x00, 
0x00, 0x80, 0xF2, 0x0C, 0x00, 0x08, 0xDE, 0x66, 0x00, 0x00, 0x4D, 0xCC, 0x00, 0x00, 0x00, 0x00, 
0x01, 0x64, 0xD1, 0xF6, 0xAE, 0x06, 0x26, 0x93, 0x49, 0x00, 0x00, 0x00, 0x09, 0xB5, 0xD5, 0x45, 
0x0C, 0x67, 0x72, 0xF2, 0xFE, 0x14, 0x00, 0x00, 0x0C, 0xC0, 0xCC, 0x0F, 0x00, 0x00, 0x00, 0xD3, 
0xFF, 0xCE, 0x00, 0x00, 0x00, 0xA1, 0xF0, 0x1C, 0x00, 0x00, 0x00, 0x00, 0xDB, 0xFF, 0x8A, 0x00, 
0x00, 0x4A, 0xFF, 0x6D, 0x00, 0x00, 0x00, 0x00, 0x00, 0xF0, 0xFF, 0x47, 0x00, 0x03, 0xDC, 0xE5, 
0x05, 0x00, 0x00, 0x00, 0x00, 0x2E, 0xFF, 0xF9, 0x0A, 0x00, 0x51, 0xFF, 0x81, 0x00, 0x00, 0x00, 
0x00, 0x00, 0x8B, 0xFF, 0xBF, 0x00, 0x00, 0xA6, 0xFF, 0x35, 0x00, 0x00, 0x00, 0x00, 0x18, 0xF2, 
0xFF, 0x7C, 0x00, 0x00, 0xDF, 0xFF, 0x0A, 0x00, 0x00, 0x00, 0x00, 0xA9, 0xF2, 0xFF, 0x38, 0x00, 
0x00, 0xF9, 0xFF, 0x11, 0x00, 0x00, 0x01, 0x91, 0x7A, 0xFE, 0xF1, 0x03, 0x00, 0x00, 0xE8, 0xFF, 
0x95, 0x0D, 0x32, 0xB7, 0x93, 0x59, 0xFF, 0xB0, 0x2C, 0x8B, 0x00, 0x9D, 0xFF, 0xFF, 0xFF, 0xFF, 
0x9A, 0x01, 0x91, 0xFF, 0x8C, 0xBA, 0x41, 0x00, 0x11, 0xAD, 0xF2, 0xCF, 0x58, 0x00, 0x00, 0x6D, 
0xF6, 0xC0, 0x34, 0x00, 0x00, 0x00, 0x00, 0x0F, 0x3F, 0x71, 0xA2, 0xD4, 0x36, 0x00, 0x00, 0x00, 
0x00, 0x00, 0x00, 0xC3, 0xED, 0xFF, 0xFF, 0xED, 0x03, 0x00, 0x00, 0x00, 0x00, 0x00, 0x00, 0x00, 
0x00, 0x6C, 0xFF, 0xA6, 0x00, 0x00, 0x00, 0x00, 0x00, 0x00, 0x00, 0x00, 0x00, 0x9D, 0xFF, 0x5C, 
0x00, 0x00, 0x00, 0x00, 0x00, 0x00, 0x00, 0x00, 0x02, 0xED, 0xFD, 0x14, 0x00, 0x00, 0x00, 0x00, 
0x00, 0x00, 0x00, 0x00, 0x36, 0xFF, 0xC7, 0x00, 0x00, 0x00, 0x00, 0x00, 0x00, 0x00, 0x00, 0x00, 
0x7D, 0xFF, 0x7D, 0x00, 0x00, 0x00, 0x00, 0x00, 0x00, 0x00, 0x00, 0x00, 0xC4, 0xFF, 0x33, 0x36, 
0xBC, 0xF5, 0xE1, 0x6C, 0x00, 0x00, 0x00, 0x0F, 0xFB, 0xE7, 0x4D, 0xF9, 0xFF, 0xFF, 0xFF, 0xFF, 
0x56, 0x00, 0x00, 0x52, 0xFF, 0xCD, 0xCF, 0x56, 0x14, 0x25, 0xCA, 0xFF, 0xCB, 0x00, 0x00, 0x99, 
0xFF, 0xD0, 0x10, 0x00, 0x00, 0x00, 0x32, 0xFF, 0xF3, 0x00, 0x00, 0xDF, 0xFF, 0x34, 0x00, 0x00, 
0x00, 0x00, 0x08, 0xFF, 0xF3, 0x00, 0x26, 0xFF, 0xC8, 0x00, 0x00, 0x00, 0x00, 0x00, 0x1F, 0xFF, 
0xCF, 0x00, 0x6D, 0xFF, 0x79, 0x00, 0x00, 0x00, 0x00, 0x00, 0x45, 0xFF, 0x8C, 0x00, 0xB4, 0xFF, 
0x2F, 0x00, 0x00, 0x00, 0x00, 0x00, 0x99, 0xFF, 0x2D, 0x06, 0xF4, 0xE4, 0x00, 0x00, 0x00, 0x00, 
0x00, 0x0C, 0xEE, 0xA8, 0x00, 0x42, 0xFF, 0x9B, 0x00, 0x00, 0x00, 0x00, 0x00, 0x89, 0xE9, 0x14, 
0x00, 0x89, 0xFF, 0x51, 0x00, 0x00, 0x00, 0x00, 0x56, 0xF0, 0x41, 0x00, 0x00, 0x32, 0xE4, 0xA9, 
0x34, 0x0B, 0x31, 0x9E, 0xE5, 0x34, 0x00, 0x00, 0x00, 0x00, 0x10, 0x8B, 0xE1, 0xF9, 0xD6, 0x7F, 
0x0F, 0x00, 0x00, 0x00, 0x00, 0x00, 0x00, 0x00, 0x00, 0x04, 0x62, 0xC0, 0xF2, 0xF2, 0xC0, 0x2E, 
0x00, 0x00, 0x00, 0x23, 0xD2, 0xB5, 0x3D, 0x0B, 0x31, 0xFF, 0xD6, 0x00, 0x00, 0x39, 0xEB, 0x7D, 
0x00, 0x00, 0x00, 0x00, 0xFF, 0xF1, 0x00, 0x17, 0xE9, 0xA2, 0x00, 0x00, 0x00, 0x00, 0x00, 0xCF, 
0x88, 0x00, 0xB5, 0xEE, 0x10, 0x00, 0x00, 0x00, 0x00, 0x00, 0x00, 0x00, 0x3E, 0xFF, 0x89, 0x00, 
0x00, 0x00, 0x00, 0x00, 0x00, 0x00, 0x00, 0x9E, 0xFF, 0x39, 0x00, 0x00, 0x00, 0x00, 0x00, 0x00, 
0x00, 0x00, 0xDD, 0xFF, 0x0D, 0x00, 0x00, 0x00, 0x00, 0x00, 0x00, 0x00, 0x00, 0xF9, 0xFF, 0x0B, 
0x00, 0x00, 0x00, 0x00, 0x00, 0x44, 0x13, 0x00, 0xF3, 0xFF, 0x46, 0x00, 0x00, 0x00, 0x00, 0x65, 
0xE2, 0x1A, 0x00, 0xBF, 0xFF, 0xDE, 0x41, 0x0A, 0x28, 0x98, 0xED, 0x2F, 0x00, 0x00, 0x44, 0xFD, 
0xFF, 0xFF, 0xFF, 0xFF, 0xE9, 0x30, 0x00, 0x00, 0x00, 0x00, 0x49, 0xC8, 0xF8, 0xEE, 0xA0, 0x1B, 
0x00, 0x00, 0x00, 0x00, 0x00, 0x00, 0x00, 0x00, 0x00, 0x00, 0x00, 0x00, 0x00, 0x00, 0x07, 0x36, 
0x6B, 0xA0, 0xD5, 0x26, 0x00, 0x00, 0x00, 0x00, 0x00, 0x00, 0x00, 0x00, 0x00, 0x00, 0x84, 0xEF, 
0xFF, 0xFF, 0xE4, 0x00, 0x00, 0x00, 0x00, 0x00, 0x00, 0x00, 0x00, 0x00, 0x00, 0x00, 0x00, 0x00, 
0x7D, 0xFF, 0x9F, 0x00, 0x00, 0x00, 0x00, 0x00, 0x00, 0x00, 0x00, 0x00, 0x00, 0x00, 0x00, 0x00, 
0xA9, 0xFF, 0x5A, 0x00, 0x00, 0x00, 0x00, 0x00, 0x00, 0x00, 0x00, 0x00, 0x00, 0x00, 0x00, 0x01, 
0xEA, 0xFE, 0x17, 0x00, 0x00, 0x00, 0x00, 0x00, 0x00, 0x00, 0x00, 0x00, 0x00, 0x00, 0x00, 0x30, 
0xFF, 0xD0, 0x00, 0x00, 0x00, 0x00, 0x00, 0x00, 0x00, 0x00, 0x00, 0x00, 0x00, 0x00, 0x00, 0x74, 
0xFF, 0x8C, 0x00, 0x00, 0x00, 0x00, 0x00, 0x00, 0x00, 0x16, 0x89, 0xDC, 0xF8, 0xC8, 0x28, 0xB8, 
0xFF, 0x47, 0x00, 0x00, 0x00, 0x00, 0x00, 0x00, 0x4E, 0xE9, 0x7C, 0x1A, 0x13, 0x99, 0xDF, 0xF5, 
0xF8, 0x0A, 0x00, 0x00, 0x00, 0x00, 0x00, 0x7B, 0xF1, 0x3B, 0x00, 0x00, 0x00, 0x07, 0xFB, 0xFF, 
0xBD, 0x00, 0x00, 0x00, 0x00, 0x00, 0x6C, 0xFE, 0x4A, 0x00, 0x00, 0x00, 0x00, 0x06, 0xFD, 0xFF, 
0x78, 0x00, 0x00, 0x00, 0x00, 0x34, 0xF9, 0x90, 0x00, 0x00, 0x00, 0x00, 0x00, 0x3C, 0xFF, 0xFF, 
0x33, 0x00, 0x00, 0x00, 0x02, 0xD2, 0xEB, 0x0B, 0x00, 0x00, 0x00, 0x00, 0x00, 0x9E, 0xFF, 0xED, 
0x02, 0x00, 0x00, 0x00, 0x52, 0xFF, 0x81, 0x00, 0x00, 0x00, 0x00, 0x00, 0x28, 0xFB, 0xFF, 0xAA, 
0x00, 0x00, 0x00, 0x00, 0xAE, 0xFF, 0x32, 0x00, 0x00, 0x00, 0x00, 0x02, 0xC6, 0xF5, 0xFF, 0x65, 
0x00, 0x00, 0x00, 0x00, 0xE7, 0xFF, 0x0C, 0x00, 0x00, 0x00, 0x00, 0x88, 0xBF, 0xD4, 0xFF, 0x20, 
0x00, 0x00, 0x00, 0x00, 0xF8, 0xFF, 0x16, 0x00, 0x00, 0x00, 0x6C, 0xE5, 0x2F, 0xFE, 0xDC, 0x00, 
0x00, 0x00, 0x00, 0x00, 0xD9, 0xFF, 0xA4, 0x13, 0x21, 0x99, 0xF1, 0x33, 0x5A, 0xFF, 0x9C, 0x3D, 
0x9B, 0x00, 0x00, 0x00, 0x75, 0xFF, 0xFF, 0xFF, 0xFF, 0xE8, 0x37, 0x00, 0x8F, 0xFF, 0x9C, 0xC0, 
0x26, 0x00, 0x00, 0x00, 0x03, 0x84, 0xE8, 0xE5, 0x94, 0x17, 0x00, 0x00, 0x63, 0xF3, 0xAF, 0x1E, 
0x00, 0x00, 0x00, 0x00, 0x00, 0x00, 0x00, 0x00, 0x25, 0x9B, 0xE3, 0xF7, 0xCE, 0x36, 0x00, 0x00, 
0x00, 0x5D, 0xEB, 0x67, 0x0D, 0x54, 0xFF, 0xD6, 0x00, 0x00, 0x68, 0xF4, 0x36, 0x00, 0x00, 0x0D, 
0xFF, 0xF1, 0x00, 0x2C, 0xF9, 0x6A, 0x00, 0x00, 0x00, 0x4E, 0xFF, 0xB8, 0x00, 0xC8, 0xDF, 0x04, 
0x00, 0x00, 0x11, 0xD7, 0xFC, 0x38, 0x46, 0xFF, 0x80, 0x00, 0x00, 0x27, 0xCC, 0xFA, 0x5C, 0x00, 
0xA1, 0xFF, 0x4B, 0x49, 0x9D, 0xF8, 0xC2, 0x31, 0x00, 0x00, 0xDD, 0xFF, 0xEC, 0xBF, 0x84, 0x33, 
0x00, 0x00, 0x00, 0x00, 0xF9, 0xFF, 0x00, 0x00, 0x00, 0x00, 0x00, 0x00, 0x13, 0x00, 0xE8, 0xFF, 
0x2E, 0x00, 0x00, 0x00, 0x00, 0x47, 0xD3, 0x00, 0xAF, 0xFF, 0xD6, 0x3F, 0x09, 0x24, 0x8D, 0xF2, 
0x3D, 0x00, 0x36, 0xFD, 0xFF, 0xFF, 0xFF, 0xFF, 0xE0, 0x36, 0x00, 0x00, 0x00, 0x54, 0xD6, 0xF8, 
0xD8, 0x7F, 0x10, 0x00, 0x00, 0x00, 0x00, 0x00, 0x00, 0x00, 0x00, 0x00, 0x00, 0x00, 0x00, 0x00, 
0x00, 0x00, 0x00, 0x48, 0xBE, 0xF4, 0xDB, 0x47, 0x00, 0x00, 0x00, 0x00, 0x00, 0x00, 0x00, 0x00, 
0x00, 0x00, 0x00, 0x01, 0x90, 0xE4, 0x40, 0x12, 0xFF, 0xE9, 0x00, 0x00, 0x00, 0x00, 0x00, 0x00, 
0x00, 0x00, 0x00, 0x00, 0x00, 0x89, 0xFB, 0x32, 0x00, 0x00, 0xCE, 0xB5, 0x00, 0x00, 0x00, 0x00, 
0x00, 0x00, 0x00, 0x00, 0x00, 0x00, 0x3D, 0xFE, 0x99, 0x00, 0x00, 0x00, 0x00, 0x00, 0x00, 0x00, 
0x00, 0x00, 0x00, 0x00, 0x00, 0x00, 0x00, 0x01, 0xCD, 0xFF, 0x26, 0x00, 0x00, 0x00, 0x00, 0x00, 
0x00, 0x00, 0x00, 0x00, 0x00, 0x00, 0x00, 0x00, 0x00, 0x60, 0xFF, 0xC3, 0x00, 0x00, 0x00, 0x00, 
0x00, 0x00, 0x00, 0x00, 0x00, 0x00, 0x00, 0x00, 0x00, 0x09, 0x4A, 0xF0, 0xFF, 0x63, 0x00, 0x00, 
0x00, 0x00, 0x00, 0x00, 0x00, 0x00, 0x00, 0x00, 0x00, 0x1E, 0xD1, 0xFF, 0xFF, 0xFF, 0xFF, 0xFF, 
0xFF, 0x90, 0x04, 0x00, 0x00, 0x00, 0x00, 0x00, 0x00, 0x00, 0x00, 0x00, 0x00, 0x00, 0x33, 0xFF, 
0xDA, 0x00, 0x00, 0x00, 0x00, 0x00, 0x00, 0x00, 0x00, 0x00, 0x00, 0x00, 0x00, 0x00, 0x00, 0x00, 
0x70, 0xFF, 0x9F, 0x00, 0x00, 0x00, 0x00, 0x00, 0x00, 0x00, 0x00, 0x00, 0x00, 0x00, 0x00, 0x00, 
0x00, 0x00, 0xAE, 0xFF, 0x64, 0x00, 0x00, 0x00, 0x00, 0x00, 0x00, 0x00, 0x00, 0x00, 0x00, 0x00, 
0x00, 0x00, 0x00, 0x00, 0xEA, 0xFF, 0x29, 0x00, 0x00, 0x00, 0x00, 0x00, 0x00, 0x00, 0x00, 0x00, 
0x00, 0x00, 0x00, 0x00, 0x00, 0x29, 0xFF, 0xED, 0x01, 0x00, 0x00, 0x00, 0x00, 0x00, 0x00, 0x00, 
0x00, 0x00, 0x00, 0x00, 0x00, 0x00, 0x00, 0x66, 0xFF, 0xB3, 0x00, 0x00, 0x00, 0x00, 0x00, 0x00, 
0x00, 0x00, 0x00, 0x00, 0x00, 0x00, 0x00, 0x00, 0x00, 0xA3, 0xFF, 0x78, 0x00, 0x00, 0x00, 0x00, 
0x00, 0x00, 0x00, 0x00, 0x00, 0x00, 0x00, 0x00, 0x00, 0x00, 0x00, 0xE1, 0xFF, 0x35, 0x00, 0x00, 
0x00, 0x00, 0x00, 0x00, 0x00, 0x00, 0x00, 0x00, 0x00, 0x00, 0x00, 0x00, 0x1E, 0xFF, 0xEC, 0x02, 
0x00, 0x00, 0x00, 0x00, 0x00, 0x00, 0x00, 0x00, 0x00, 0x00, 0x00, 0x00, 0x00, 0x00, 0x5C, 0xFF, 
0xA0, 0x00, 0x00, 0x00, 0x00, 0x00, 0x00, 0x00, 0x00, 0x00, 0x00, 0x00, 0x00, 0x00, 0x00, 0x00, 
0x9A, 0xFF, 0x4D, 0x00, 0x00, 0x00, 0x00, 0x00, 0x00, 0x00, 0x00, 0x00, 0x00, 0x00, 0x00, 0x00, 
0x00, 0x00, 0xDB, 0xEC, 0x05, 0x00, 0x00, 0x00, 0x00, 0x00, 0x00, 0x00, 0x00, 0x00, 0x00, 0x00, 
0x00, 0x00, 0x00, 0x1D, 0xFF, 0x89, 0x00, 0x00, 0x00, 0x00, 0x00, 0x00, 0x00, 0x00, 0x00, 0x00, 
0x00, 0x00, 0x00, 0x00, 0x00, 0x62, 0xF5, 0x18, 0x00, 0x00, 0x00, 0x00, 0x00, 0x00, 0x00, 0x00, 
0x00, 0x00, 0x00, 0x00, 0x00, 0x00, 0x00, 0xBD, 0x82, 0x00, 0x00, 0x00, 0x00, 0x00, 0x00, 0x00, 
0x00, 0x00, 0x00, 0x00, 0xA9, 0xCA, 0x00, 0x00, 0x40, 0xD0, 0x07, 0x00, 0x00, 0x00, 0x00, 0x00, 
0x00, 0x00, 0x00, 0x00, 0x00, 0x00, 0xF3, 0xFF, 0x0E, 0x50, 0xC7, 0x1E, 0x00, 0x00, 0x00, 0x00, 
0x00, 0x00, 0x00, 0x00, 0x00, 0x00, 0x00, 0x00, 0x68, 0xEE, 0xE1, 0x89, 0x10, 0x00, 0x00, 0x00, 
0x00, 0x00, 0x00, 0x00, 0x00, 0x00, 0x00, 0x00, 0x00, 0x00, 0x00, 0x00, 0x00, 0x00, 0x00, 0x27, 
0x95, 0xD8, 0xF5, 0xF7, 0xC8, 0x4A, 0x00, 0x00, 0x00, 0x00, 0x00, 0x00, 0x00, 0x00, 0x62, 0xF8, 
0xCE, 0x3D, 0x08, 0x24, 0xB6, 0xFF, 0xFF, 0xFF, 0xFF, 0x33, 0x00, 0x00, 0x00, 0x44, 0xFE, 0xDB, 
0x0E, 0x00, 0x00, 0x00, 0x19, 0xFF, 0xDC, 0x00, 0x00, 0x00, 0x00, 0x00, 0x00, 0xC4, 0xFF, 0x55, 
0x00, 0x00, 0x00, 0x00, 0x17, 0xFF, 0xF7, 0x00, 0x00, 0x00, 0x00, 0x00, 0x00, 0xF6, 0xFF, 0x0D, 
0x00, 0x00, 0x00, 0x00, 0x61, 0xFF, 0xCC, 0x00, 0x00, 0x00, 0x00, 0x00, 0x00, 0xDC, 0xFF, 0x1D, 
0x00, 0x00, 0x00, 0x0D, 0xDA, 0xFF, 0x53, 0x00, 0x00, 0x00, 0x00, 0x00, 0x00, 0x65, 0xFF, 0xBF, 
0x29, 0x08, 0x41, 0xD9, 0xFD, 0x74, 0x00, 0x00, 0x00, 0x00, 0x00, 0x00, 0x00, 0x00, 0x60, 0xD9, 
0xFF, 0xFA, 0xDC, 0x9C, 0x30, 0x00, 0x00, 0x00, 0x00, 0x00, 0x00, 0x00, 0x00, 0x00, 0x08, 0xA9, 
0xB3, 0x0E, 0x00, 0x00, 0x00, 0x00, 0x00, 0x00, 0x00, 0x00, 0x00, 0x00, 0x00, 0x00, 0x97, 0xFF, 
0x12, 0x00, 0x00, 0x00, 0x00, 0x00, 0x00, 0x00, 0x00, 0x00, 0x00, 0x00, 0x00, 0x00, 0xF2, 0xFF, 
0x77, 0x11, 0x00, 0x00, 0x00, 0x00, 0x00, 0x00, 0x00, 0x00, 0x00, 0x00, 0x00, 0x00, 0xAF, 0xFF, 
0xFF, 0xFB, 0xBB, 0x59, 0x05, 0x00, 0x00, 0x00, 0x00, 0x00, 0x00, 0x00, 0x13, 0x7F, 0x9F, 0x76, 
0xD1, 0xFF, 0xFF, 0xFF, 0xCE, 0x1E, 0x00, 0x00, 0x00, 0x00, 0x00, 0x70, 0xE0, 0x43, 0x00, 0x00, 
0x00, 0x34, 0x98, 0xF8, 0xFF, 0xB9, 0x00, 0x00, 0x00, 0x00, 0x76, 0xFF, 0x53, 0x00, 0x00, 0x00, 
0x00, 0x00, 0x00, 0x4F, 0xFF, 0xF3, 0x00, 0x00, 0x00, 0x00, 0xED, 0xFF, 0x0E, 0x00, 0x00, 0x00, 
0x00, 0x00, 0x00, 0x09, 0xFF, 0xD0, 0x00, 0x00, 0x00, 0x00, 0xD7, 0xFF, 0x54, 0x00, 0x00, 0x00, 
0x00, 0x00, 0x00, 0x64, 0xFF, 0x5A, 0x00, 0x00, 0x00, 0x00, 0x44, 0xF5, 0xF5, 0x82, 0x2A, 0x0A, 
0x13, 0x3D, 0x9F, 0xF6, 0x72, 0x00, 0x00, 0x00, 0x00, 0x00, 0x00, 0x1F, 0x89, 0xCB, 0xEF, 0xFB, 
0xEB, 0xC9, 0x85, 0x1F, 0x00, 0x00, 0x00, 0x00, 0x00, 0x00, 0x00, 0x00, 0x10, 0x43, 0x77, 0xAB, 
0xD5, 0x05, 0x00, 0x00, 0x00, 0x00, 0x00, 0x00, 0x00, 0xC2, 0xE9, 0xFF, 0xFF, 0xBA, 0x00, 0x00, 
0x00, 0x00, 0x00, 0x00, 0x00, 0x00, 0x00, 0x00, 0x77, 0xFF, 0x79, 0x00, 0x00, 0x00, 0x00, 0x00, 
0x00, 0x00, 0x00, 0x00, 0x00, 0xA0, 0xFF, 0x39, 0x00, 0x00, 0x00, 0x00, 0x00, 0x00, 0x00, 0x00, 
0x00, 0x01, 0xEC, 0xF3, 0x04, 0x00, 0x00, 0x00, 0x00, 0x00, 0x00, 0x00, 0x00, 0x00, 0x31, 0xFF, 
0xB7, 0x00, 0x00, 0x00, 0x00, 0x00, 0x00, 0x00, 0x00, 0x00, 0x00, 0x74, 0xFF, 0x76, 0x00, 0x00, 
0x00, 0x00, 0x00, 0x00, 0x00, 0x00, 0x00, 0x00, 0xB8, 0xFF, 0x36, 0x00, 0x00, 0x16, 0x96, 0xE9, 
0xE6, 0x39, 0x00, 0x00, 0x06, 0xF4, 0xF1, 0x03, 0x00, 0x35, 0xE8, 0xFF, 0xFF, 0xFF, 0xBB, 0x00, 
0x00, 0x3E, 0xFF, 0xB4, 0x00, 0x32, 0xF0, 0x90, 0x17, 0x79, 0xFF, 0xD3, 0x00, 0x00, 0x81, 0xFF, 
0x73, 0x1D, 0xE3, 0x55, 0x00, 0x00, 0x79, 0xFF, 0xB2, 0x00, 0x00, 0xC5, 0xFF, 0x3B, 0xCB, 0x55, 
0x00, 0x00, 0x00, 0xBA, 0xFF, 0x74, 0x00, 0x0C, 0xFB, 0xEF, 0x9C, 0x86, 0x00, 0x00, 0x00, 0x0B, 
0xF8, 0xFF, 0x2A, 0x00, 0x4B, 0xFF, 0xF5, 0xC4, 0x03, 0x00, 0x00, 0x00, 0x4E, 0xFF, 0xDF, 0x00, 
0x00, 0x8E, 0xFF, 0xEE, 0x1E, 0x00, 0x00, 0x00, 0x00, 0x98, 0xFF, 0x94, 0x00, 0x00, 0xD2, 0xFF, 
0x6B, 0x00, 0x00, 0x00, 0x00, 0x00, 0xE1, 0xFF, 0x4A, 0x00, 0x16, 0xFE, 0xF2, 0x08, 0x00, 0x00, 
0x00, 0x00, 0x2C, 0xFF, 0xF6, 0x09, 0x00, 0x58, 0xFF, 0xAD, 0x00, 0x00, 0x00, 0x00, 0x00, 0x74, 
0xFF, 0xB4, 0x3C, 0xA2, 0x9B, 0xFF, 0x6C, 0x00, 0x00, 0x00, 0x00, 0x00, 0xB0, 0xFF, 0xA0, 0xB5, 
0x20, 0xDE, 0xFF, 0x2C, 0x00, 0x00, 0x00, 0x00, 0x00, 0x90, 0xEE, 0xA4, 0x14, 0x00, 0x00, 0x00, 
0x00, 0x00, 0xC5, 0xC4, 0x00, 0x00, 0x00, 0x00, 0xC3, 0xC3, 0x00, 0x00, 0x00, 0x00, 0x00, 0x00, 
0x00, 0x00, 0x00, 0x00, 0x00, 0x00, 0x00, 0x00, 0x00, 0x00, 0x00, 0x00, 0x09, 0x38, 0x6A, 0x9C, 
0xCE, 0x52, 0x9A, 0xE3, 0xF8, 0xFF, 0xFE, 0x16, 0x00, 0x00, 0x45, 0xFF, 0xCF, 0x00, 0x00, 0x00, 
0x77, 0xFF, 0x8B, 0x00, 0x00, 0x00, 0xC5, 0xFF, 0x46, 0x00, 0x00, 0x10, 0xFC, 0xF8, 0x09, 0x00, 
0x00, 0x55, 0xFF, 0xBD, 0x00, 0x00, 0x00, 0x9E, 0xFF, 0x78, 0x00, 0x00, 0x00, 0xE5, 0xFF, 0x33, 
0x00, 0x00, 0x2F, 0xFF, 0xED, 0x02, 0x00, 0x00, 0x75, 0xFF, 0xAB, 0x3C, 0xA7, 0x00, 0xB0, 0xFF, 
0x97, 0xB6, 0x28, 0x00, 0x8E, 0xF2, 0xB0, 0x1D, 0x00, 0x00, 0x00, 0x00, 0x00, 0x00, 0x00, 0x00, 
0x00, 0x00, 0x00, 0x00, 0x00, 0xC5, 0xC4, 0x00, 0x00, 0x00, 0x00, 0x00, 0x00, 0x00, 0x00, 0x00, 
0x00, 0x00, 0xC7, 0xC5, 0x00, 0x00, 0x00, 0x00, 0x00, 0x00, 0x00, 0x00, 0x00, 0x00, 0x00, 0x00, 
0x00, 0x00, 0x00, 0x00, 0x00, 0x00, 0x00, 0x00, 0x00, 0x00, 0x00, 0x00, 0x00, 0x00, 0x00, 0x00, 
0x00, 0x00, 0x00, 0x00, 0x00, 0x00, 0x00, 0x00, 0x00, 0x00, 0x00, 0x00, 0x00, 0x00, 0x00, 0x00, 
0x00, 0x0A, 0x3A, 0x6F, 0xA3, 0xD7, 0x21, 0x00, 0x00, 0x00, 0x00, 0x00, 0x00, 0x00, 0x9A, 0xE6, 
0xFC, 0xFF, 0xE4, 0x00, 0x00, 0x00, 0x00, 0x00, 0x00, 0x00, 0x00, 0x00, 0x00, 0x4C, 0xFF, 0xA5, 
0x00, 0x00, 0x00, 0x00, 0x00, 0x00, 0x00, 0x00, 0x00, 0x00, 0x73, 0xFF, 0x66, 0x00, 0x00, 0x00, 
0x00, 0x00, 0x00, 0x00, 0x00, 0x00, 0x00, 0xC2, 0xFF, 0x27, 0x00, 0x00, 0x00, 0x00, 0x00, 0x00, 
0x00, 0x00, 0x00, 0x0B, 0xFA, 0xE7, 0x00, 0x00, 0x00, 0x00, 0x00, 0x00, 0x00, 0x00, 0x00, 0x00, 
0x49, 0xFF, 0xA8, 0x00, 0x00, 0x00, 0x00, 0x00, 0x00, 0x00, 0x00, 0x00, 0x00, 0x8D, 0xFF, 0x69, 
0x00, 0x00, 0x00, 0x00, 0x00, 0x00, 0x00, 0x00, 0x00, 0x00, 0xD0, 0xFF, 0x2A, 0x00, 0x00, 0x00, 
0x00, 0x00, 0x00, 0x00, 0x00, 0x00, 0x15, 0xFE, 0xEA, 0x00, 0x00, 0x00, 0x00, 0x00, 0x00, 0x00, 
0x00, 0x00, 0x00, 0x58, 0xFF, 0xAB, 0x00, 0x00, 0x00, 0x00, 0x00, 0x00, 0x00, 0x00, 0x00, 0x00, 
0x9B, 0xFF, 0x6C, 0x00, 0x00, 0x00, 0x00, 0x00, 0x00, 0x00, 0x00, 0x00, 0x00, 0xDE, 0xFF, 0x2D, 
0x00, 0x00, 0x00, 0x00, 0x00, 0x00, 0x00, 0x00, 0x00, 0x22, 0xFF, 0xDC, 0x00, 0x00, 0x00, 0x00, 
0x00, 0x00, 0x00, 0x00, 0x00, 0x00, 0x65, 0xFF, 0x7C, 0x00, 0x00, 0x00, 0x00, 0x00, 0x00, 0x00, 
0x00, 0x00, 0x00, 0xB7, 0xF0, 0x11, 0x00, 0x00, 0x00, 0x00, 0x00, 0xA8, 0xCB, 0x00, 0x00, 0x2E, 
0xFE, 0x5F, 0x00, 0x00, 0x00, 0x00, 0x00, 0x00, 0xF3, 0xFF, 0x0C, 0x44, 0xD9, 0x77, 0x00, 0x00, 
0x00, 0x00, 0x00, 0x00, 0x00, 0x76, 0xF2, 0xED, 0xAF, 0x38, 0x00, 0x00, 0x00, 0x00, 0x00, 0x00, 
0x00, 0x00, 0x00, 0x00, 0x07, 0x38, 0x6F, 0xA6, 0xD4, 0x07, 0x00, 0x00, 0x00, 0x00, 0x00, 0x00, 
0x00, 0x00, 0x44, 0xEA, 0xFE, 0xFF, 0xBD, 0x00, 0x00, 0x00, 0x00, 0x00, 0x00, 0x00, 0x00, 0x00, 
0x00, 0x00, 0x8C, 0xFF, 0x7C, 0x00, 0x00, 0x00, 0x00, 0x00, 0x00, 0x00, 0x00, 0x00, 0x00, 0x00, 
0xAA, 0xFF, 0x3B, 0x00, 0x00, 0x00, 0x00, 0x00, 0x00, 0x00, 0x00, 0x00, 0x00, 0x01, 0xEA, 0xF4, 
0x05, 0x00, 0x00, 0x00, 0x00, 0x00, 0x00, 0x00, 0x00, 0x00, 0x00, 0x2F, 0xFF, 0xB8, 0x00, 0x00, 
0x00, 0x00, 0x00, 0x00, 0x00, 0x00, 0x00, 0x00, 0x00, 0x73, 0xFF, 0x77, 0x00, 0x00, 0x00, 0x00, 
0x00, 0x00, 0x00, 0x00, 0x00, 0x00, 0x00, 0xB6, 0xFF, 0x36, 0x00, 0x5C, 0xFF, 0xFF, 0xFF, 0xFF, 
0xFF, 0x95, 0x00, 0x00, 0x05, 0xF3, 0xF1, 0x03, 0x00, 0x00, 0x0B, 0xD4, 0xFF, 0xA3, 0x33, 0x05, 
0x00, 0x00, 0x3D, 0xFF, 0xB3, 0x00, 0x00, 0x00, 0x22, 0xE8, 0x66, 0x00, 0x00, 0x00, 0x00, 0x00, 
0x80, 0xFF, 0x72, 0x00, 0x00, 0x55, 0xCE, 0x31, 0x00, 0x00, 0x00, 0x00, 0x00, 0x00, 0xC3, 0xFF, 
0x31, 0x07, 0x95, 0xAA, 0x0F, 0x00, 0x00, 0x00, 0x00, 0x00, 0x00, 0x0C, 0xFA, 0xED, 0x29, 0xCF, 
0xED, 0x01, 0x00, 0x00, 0x00, 0x00, 0x00, 0x00, 0x00, 0x4A, 0xFF, 0xE9, 0xCE, 0xE5, 0xFF, 0x32, 
0x00, 0x00, 0x00, 0x00, 0x00, 0x00, 0x00, 0x8E, 0xFF, 0xAE, 0x0C, 0x9F, 0xFF, 0x77, 0x00, 0x00, 
0x00, 0x00, 0x00, 0x00, 0x00, 0xD1, 0xFF, 0x30, 0x00, 0x60, 0xFF, 0xBC, 0x00, 0x00, 0x00, 0x00, 
0x00, 0x00, 0x15, 0xFE, 0xED, 0x02, 0x00, 0x1F, 0xFF, 0xF8, 0x0B, 0x00, 0x58, 0xA9, 0x00, 0x00, 
0x58, 0xFF, 0xAE, 0x00, 0x00, 0x00, 0xD9, 0xFF, 0x50, 0x3D, 0xE9, 0x33, 0x00, 0x00, 0x9B, 0xFF, 
0x6D, 0x00, 0x00, 0x00, 0x8D, 0xFF, 0xE7, 0xFD, 0x57, 0x00, 0x00, 0x00, 0xDE, 0xFF, 0x2C, 0x00, 
0x00, 0x00, 0x2F, 0xF5, 0xDC, 0x4E, 0x00, 0x00, 0x00, 0x00, 0x00, 0x00, 0x0E, 0x40, 0x74, 0xA7, 
0xD9, 0x12, 0x00, 0x00, 0xB8, 0xEC, 0xFE, 0xFF, 0xD0, 0x00, 0x00, 0x00, 0x00, 0x00, 0x67, 0xFF, 
0x8E, 0x00, 0x00, 0x00, 0x00, 0x00, 0x94, 0xFF, 0x4B, 0x00, 0x00, 0x00, 0x00, 0x00, 0xE3, 0xFB, 
0x0D, 0x00, 0x00, 0x00, 0x00, 0x29, 0xFF, 0xC7, 0x00, 0x00, 0x00, 0x00, 0x00, 0x6F, 0xFF, 0x84, 
0x00, 0x00, 0x00, 0x00, 0x00, 0xB5, 0xFF, 0x42, 0x00, 0x00, 0x00, 0x00, 0x06, 0xF4, 0xF7, 0x08, 
0x00, 0x00, 0x00, 0x00, 0x41, 0xFF, 0xBD, 0x00, 0x00, 0x00, 0x00, 0x00, 0x87, 0xFF, 0x7B, 0x00, 
0x00, 0x00, 0x00, 0x00, 0xCD, 0xFF, 0x39, 0x00, 0x00, 0x00, 0x00, 0x14, 0xFE, 0xF2, 0x04, 0x00, 
0x00, 0x00, 0x00, 0x59, 0xFF, 0xB4, 0x00, 0x00, 0x00, 0x00, 0x00, 0x9F, 0xFF, 0x72, 0x00, 0x00, 
0x00, 0x00, 0x00, 0xE4, 0xFF, 0x30, 0x00, 0x00, 0x00, 0x00, 0x2B, 0xFF, 0xEC, 0x01, 0x1F, 0x82, 
0x00, 0x00, 0x6F, 0xFF, 0xAE, 0x00, 0xA1, 0x65, 0x00, 0x00, 0xA9, 0xFF, 0x9D, 0x65, 0x7A, 0x00, 
0x00, 0x00, 0x7E, 0xF0, 0xCF, 0x4F, 0x00, 0x00, 0x00, 0x00, 0x03, 0x30, 0x67, 0x9E, 0xD5, 0x1D, 
0x00, 0x06, 0x83, 0xE7, 0xE3, 0x31, 0x00, 0x00, 0x00, 0x4F, 0xCF, 0xEE, 0x4B, 0x30, 0xE6, 0xFB, 
0xFF, 0xDD, 0x00, 0x0C, 0xC1, 0xFF, 0xFF, 0xFF, 0xAD, 0x00, 0x00, 0x7E, 0xFF, 0xFF, 0xFF, 0xBE, 
0x00, 0x00, 0x64, 0xFF, 0x9C, 0x03, 0xB9, 0xC6, 0x28, 0x79, 0xFF, 0xCC, 0x00, 0x67, 0xD6, 0x31, 
0x7E, 0xFF, 0xD1, 0x00, 0x00, 0x82, 0xFF, 0x5A, 0x85, 0xC8, 0x0A, 0x00, 0x7B, 0xFF, 0xA7, 0x34, 
0xD4, 0x17, 0x00, 0x74, 0xFF, 0xB3, 0x00, 0x00, 0xC4, 0xFF, 0x4E, 0xE4, 0x18, 0x00, 0x00, 0xB8, 
0xFF, 0x66, 0xC7, 0x29, 0x00, 0x00, 0xB9, 0xFF, 0x72, 0x00, 0x0C, 0xFA, 0xD9, 0xC9, 0x49, 0x00, 
0x00, 0x06, 0xF5, 0xFD, 0x90, 0x67, 0x00, 0x00, 0x0E, 0xFB, 0xFF, 0x27, 0x00, 0x4B, 0xFF, 0xEE, 
0x9F, 0x00, 0x00, 0x00, 0x41, 0xFF, 0xE0, 0xB8, 0x00, 0x00, 0x00, 0x54, 0xFF, 0xDC, 0x00, 0x00, 
0x8E, 0xFF, 0xF7, 0x1B, 0x00, 0x00, 0x00, 0x86, 0xFF, 0xFE, 0x35, 0x00, 0x00, 0x00, 0x9E, 0xFF, 
0x90, 0x00, 0x00, 0xD1, 0xFF, 0x98, 0x00, 0x00, 0x00, 0x00, 0xCB, 0xFF, 0xB5, 0x00, 0x00, 0x00, 
0x01, 0xE6, 0xFF, 0x44, 0x00, 0x16, 0xFE, 0xFF, 0x39, 0x00, 0x00, 0x00, 0x12, 0xFD, 0xFF, 0x45, 
0x00, 0x00, 0x00, 0x31, 0xFF, 0xF3, 0x06, 0x00, 0x58, 0xFF, 0xE0, 0x00, 0x00, 0x00, 0x00, 0x54, 
0xFF, 0xE0, 0x01, 0x00, 0x00, 0x00, 0x77, 0xFF, 0xB1, 0x42, 0xA8, 0x9B, 0xFF, 0x8A, 0x00, 0x00, 
0x00, 0x00, 0x99, 0xFF, 0x86, 0x00, 0x00, 0x00, 0x00, 0xB0, 0xFF, 0xA9, 0xBC, 0x1D, 0xDE, 0xFF, 
0x36, 0x00, 0x00, 0x00, 0x00, 0xDE, 0xFF, 0x34, 0x00, 0x00, 0x00, 0x00, 0x91, 0xF3, 0xA6, 0x15, 
0x00, 0x0A, 0x3B, 0x6F, 0xA4, 0xD8, 0x1D, 0x00, 0x00, 0x18, 0x9A, 0xEB, 0xE4, 0x39, 0x52, 0xEC, 
0xF9, 0xFF, 0xE0, 0x00, 0x00, 0x36, 0xEA, 0xFF, 0xFF, 0xFF, 0xBF, 0x00, 0x00, 0x4D, 0xFF, 0xA1, 
0x00, 0x30, 0xF1, 0xA0, 0x1C, 0x75, 0xFF, 0xD6, 0x00, 0x00, 0x7A, 0xFF, 0x62, 0x1A, 0xE4, 0x67, 
0x00, 0x00, 0x74, 0xFF, 0xB1, 0x00, 0x00, 0xC6, 0xFF, 0x29, 0xC7, 0x6D, 0x00, 0x00, 0x00, 0xB6, 
0xFF, 0x71, 0x00, 0x0D, 0xFB, 0xE4, 0x90, 0x9E, 0x00, 0x00, 0x00, 0x0A, 0xF7, 0xFF, 0x27, 0x00, 
0x4C, 0xFF, 0xE9, 0xD8, 0x09, 0x00, 0x00, 0x00, 0x4D, 0xFF, 0xDB, 0x00, 0x00, 0x8F, 0xFF, 0xFD, 
0x3A, 0x00, 0x00, 0x00, 0x00, 0x99, 0xFF, 0x8F, 0x00, 0x00, 0xD2, 0xFF, 0xA2, 0x00, 0x00, 0x00, 
0x00, 0x00, 0xE3, 0xFF, 0x43, 0x00, 0x16, 0xFE, 0xFE, 0x2A, 0x00, 0x00, 0x00, 0x00, 0x2F, 0xFF, 
0xF1, 0x05, 0x00, 0x58, 0xFF, 0xB4, 0x00, 0x00, 0x00, 0x00, 0x00, 0x76, 0xFF, 0xAC, 0x40, 0xA1, 
0x9B, 0xFF, 0x6A, 0x00, 0x00, 0x00, 0x00, 0x00, 0xAF, 0xFF, 0x96, 0xB8, 0x1D, 0xDE, 0xFF, 0x2B, 
0x00, 0x00, 0x00, 0x00, 0x00, 0x96, 0xF3, 0xA7, 0x18, 0x00, 0x00, 0x00, 0x00, 0x00, 0x0D, 0x76, 
0xCC, 0xF6, 0xF0, 0xAC, 0x24, 0x00, 0x00, 0x00, 0x00, 0x3F, 0xE8, 0xCD, 0x44, 0x0C, 0x30, 0xCE, 
0xEB, 0x20, 0x00, 0x00, 0x5C, 0xFA, 0xBE, 0x0A, 0x00, 0x00, 0x00, 0x35, 0xFF, 0xA2, 0x00, 0x2F, 
0xF8, 0xE7, 0x16, 0x00, 0x00, 0x00, 0x00, 0x08, 0xFF, 0xE9, 0x03, 0xD3, 0xFF, 0x60, 0x00, 0x00, 
0x00, 0x00, 0x00, 0x13, 0xFF, 0xFB, 0x56, 0xFF, 0xDD, 0x02, 0x00, 0x00, 0x00, 0x00, 0x00, 0x3C, 
0xFF, 0xE7, 0xAF, 0xFF, 0x7C, 0x00, 0x00, 0x00, 0x00, 0x00, 0x00, 0x7F, 0xFF, 0xB4, 0xE7, 0xFF, 
0x38, 0x00, 0x00, 0x00, 0x00, 0x00, 0x02, 0xDF, 0xFF, 0x61, 0xFB, 0xFF, 0x11, 0x00, 0x00, 0x00, 
0x00, 0x00, 0x62, 0xFF, 0xE2, 0x08, 0xE9, 0xFF, 0x09, 0x00, 0x00, 0x00, 0x00, 0x16, 0xE8, 0xFE, 
0x42, 0x00, 0xA1, 0xFF, 0x3C, 0x00, 0x00, 0x00, 0x09, 0xBE, 0xFE, 0x75, 0x00, 0x00, 0x1F, 0xEA, 
0xD6, 0x37, 0x0B, 0x3F, 0xCA, 0xF1, 0x52, 0x00, 0x00, 0x00, 0x00, 0x22, 0xA9, 0xEE, 0xF9, 0xD3, 
0x82, 0x15, 0x00, 0x00, 0x00, 0x00, 0x00, 0x00, 0x00, 0x00, 0x09, 0x38, 0x6A, 0x9C, 0xCE, 0x53, 
0x0A, 0x81, 0xDE, 0xEF, 0x94, 0x05, 0x00, 0x00, 0x00, 0x00, 0x9B, 0xEC, 0xFD, 0xFF, 0xFF, 0x2E, 
0xAA, 0x3E, 0x0F, 0xA3, 0xFF, 0x79, 0x00, 0x00, 0x00, 0x00, 0x00, 0x00, 0x6B, 0xFF, 0xDF, 0xB5, 
0x19, 0x00, 0x00, 0x1E, 0xFF, 0xD9, 0x00, 0x00, 0x00, 0x00, 0x00, 0x00, 0x7D, 0xFF, 0xFF, 0x50, 
0x00, 0x00, 0x00, 0x06, 0xFF, 0xF8, 0x00, 0x00, 0x00, 0x00, 0x00, 0x00, 0xC2, 0xFF, 0xC0, 0x00, 
0x00, 0x00, 0x00, 0x19, 0xFF, 0xE9, 0x00, 0x00, 0x00, 0x00, 0x00, 0x0B, 0xFA, 0xFF, 0x3D, 0x00, 
0x00, 0x00, 0x00, 0x49, 0xFF, 0xBE, 0x00, 0x00, 0x00, 0x00, 0x00, 0x49, 0xFF, 0xDD, 0x00, 0x00, 
0x00, 0x00, 0x00, 0x8E, 0xFF, 0x75, 0x00, 0x00, 0x00, 0x00, 0x00, 0x8C, 0xFF, 0x82, 0x00, 0x00, 
0x00, 0x00, 0x04, 0xE5, 0xF6, 0x14, 0x00, 0x00, 0x00, 0x00, 0x00, 0xD0, 0xFF, 0x3C, 0x00, 0x00, 
0x00, 0x00, 0x5E, 0xFF, 0x89, 0x00, 0x00, 0x00, 0x00, 0x00, 0x14, 0xFE, 0xF4, 0x05, 0x00, 0x00, 
0x00, 0x12, 0xE9, 0xDD, 0x0A, 0x00, 0x00, 0x00, 0x00, 0x00, 0x57, 0xFF, 0xB8, 0x00, 0x00, 0x00, 
0x02, 0xAD, 0xF2, 0x2E, 0x00, 0x00, 0x00, 0x00, 0x00, 0x00, 0x9A, 0xFF, 0xE2, 0x49, 0x0D, 0x2B, 
0xB6, 0xE6, 0x3B, 0x00, 0x00, 0x00, 0x00, 0x00, 0x00, 0x00, 0xDD, 0xFF, 0xD8, 0xF6, 0xF8, 0xD8, 
0x86, 0x15, 0x00, 0x00, 0x00, 0x00, 0x00, 0x00, 0x00, 0x20, 0xFF, 0xEB, 0x01, 0x00, 0x00, 0x00, 
0x00, 0x00, 0x00, 0x00, 0x00, 0x00, 0x00, 0x00, 0x00, 0x64, 0xFF, 0xA9, 0x00, 0x00, 0x00, 0x00, 
0x00, 0x00, 0x00, 0x00, 0x00, 0x00, 0x00, 0x00, 0x00, 0xA7, 0xFF, 0x65, 0x00, 0x00, 0x00, 0x00, 
0x00, 0x00, 0x00, 0x00, 0x00, 0x00, 0x00, 0x00, 0x0D, 0xF2, 0xFE, 0x1D, 0x00, 0x00, 0x00, 0x00, 
0x00, 0x00, 0x00, 0x00, 0x00, 0x00, 0x02, 0x1D, 0xA0, 0xFF, 0xF4, 0x23, 0x02, 0x00, 0x00, 0x00, 
0x00, 0x00, 0x00, 0x00, 0x00, 0x00, 0x7E, 0xFF, 0xFF, 0xFF, 0xFF, 0xFF, 0xE7, 0x00, 0x00, 0x00, 
0x00, 0x00, 0x00, 0x00, 0x00, 0x00, 0x00, 0x00, 0x00, 0x00, 0x05, 0x75, 0xDB, 0xF5, 0xAB, 0x09, 
0x27, 0x94, 0x4C, 0x00, 0x00, 0x00, 0x14, 0xC9, 0xCD, 0x3A, 0x0E, 0x85, 0x88, 0xF6, 0xFF, 0x17, 
0x00, 0x00, 0x1B, 0xD6, 0xC9, 0x0D, 0x00, 0x00, 0x02, 0xE2, 0xFF, 0xD3, 0x00, 0x00, 0x02, 0xC3, 
0xEE, 0x1D, 0x00, 0x00, 0x00, 0x00, 0xDA, 0xFF, 0x8F, 0x00, 0x00, 0x73, 0xFF, 0x68, 0x00, 0x00, 
0x00, 0x00, 0x04, 0xFB, 0xFF, 0x4C, 0x00, 0x11, 0xF2, 0xDD, 0x02, 0x00, 0x00, 0x00, 0x00, 0x3F, 
0xFF, 0xFB, 0x0D, 0x00, 0x70, 0xFF, 0x76, 0x00, 0x00, 0x00, 0x00, 0x00, 0x92, 0xFF, 0xC5, 0x00, 
0x00, 0xBF, 0xFF, 0x2E, 0x00, 0x00, 0x00, 0x00, 0x18, 0xF2, 0xFF, 0x81, 0x00, 0x00, 0xEE, 0xFF, 
0x0A, 0x00, 0x00, 0x00, 0x00, 0x88, 0xFF, 0xFF, 0x3E, 0x00, 0x00, 0xF8, 0xFF, 0x14, 0x00, 0x00, 
0x00, 0x88, 0x7C, 0xFF, 0xF4, 0x06, 0x00, 0x00, 0xD6, 0xFF, 0x99, 0x0F, 0x30, 0xB2, 0x73, 0x7C, 
0xFF, 0xB7, 0x00, 0x00, 0x00, 0x77, 0xFF, 0xFF, 0xFF, 0xFF, 0x87, 0x00, 0xB8, 0xFF, 0x73, 0x00, 
0x00, 0x00, 0x07, 0xA5, 0xF6, 0xD1, 0x53, 0x00, 0x02, 0xF1, 0xFF, 0x30, 0x00, 0x00, 0x00, 0x00, 
0x00, 0x00, 0x00, 0x00, 0x00, 0x31, 0xFF, 0xEB, 0x01, 0x00, 0x00, 0x00, 0x00, 0x00, 0x00, 0x00, 
0x00, 0x00, 0x6D, 0xFF, 0xA9, 0x00, 0x00, 0x00, 0x00, 0x00, 0x00, 0x00, 0x00, 0x00, 0x00, 0xAB, 
0xFF, 0x66, 0x00, 0x00, 0x00, 0x00, 0x00, 0x00, 0x00, 0x00, 0x00, 0x12, 0xF6, 0xFE, 0x1C, 0x00, 
0x00, 0x00, 0x00, 0x00, 0x00, 0x00, 0x09, 0x2B, 0xBB, 0xFF, 0xF9, 0x2F, 0x05, 0x00, 0x00, 0x00, 
0x00, 0x00, 0x07, 0xFE, 0xFF, 0xFF, 0xFF, 0xFF, 0xFF, 0x8D, 0x00, 0x00, 0x00, 0x09, 0x38, 0x6A, 
0x9C, 0xCF, 0x4D, 0x00, 0x00, 0x4F, 0xDB, 0xC8, 0x50, 0xEF, 0xFC, 0xFF, 0xFC, 0x10, 0x00, 0x78, 
0xFF, 0xFF, 0xE5, 0x00, 0x00, 0x47, 0xFF, 0xC4, 0x00, 0x69, 0x71, 0x3D, 0xEF, 0x69, 0x00, 0x00, 
0x74, 0xFF, 0x7D, 0x3C, 0x8C, 0x00, 0x00, 0x00, 0x00, 0x00, 0x00, 0xC2, 0xFF, 0x44, 0xAF, 0x06, 
0x00, 0x00, 0x00, 0x00, 0x00, 0x0B, 0xFA, 0xEB, 0x97, 0x2E, 0x00, 0x00, 0x00, 0x00, 0x00, 0x00, 
0x49, 0xFF, 0xDF, 0x88, 0x00, 0x00, 0x00, 0x00, 0x00, 0x00, 0x00, 0x8D, 0xFF, 0xE9, 0x0C, 0x00, 
0x00, 0x00, 0x00, 0x00, 0x00, 0x00, 0xD0, 0xFF, 0x7B, 0x00, 0x00, 0x00, 0x00, 0x00, 0x00, 0x00, 
0x15, 0xFE, 0xFD, 0x1B, 0x00, 0x00, 0x00, 0x00, 0x00, 0x00, 0x00, 0x57, 0xFF, 0xBE, 0x00, 0x00, 
0x00, 0x00, 0x00, 0x00, 0x00, 0x00, 0x9B, 0xFF, 0x6F, 0x00, 0x00, 0x00, 0x00, 0x00, 0x00, 0x00, 
0x00, 0xDE, 0xFF, 0x2D, 0x00, 0x00, 0x00, 0x00, 0x00, 0x00, 0x00, 0x00, 0x00, 0x00, 0x00, 0x00, 
0x5D, 0xD0, 0xF5, 0xD7, 0x5F, 0x19, 0xB5, 0x00, 0x00, 0x00, 0x76, 0xFF, 0x84, 0x0C, 0x38, 0xDE, 
0xFF, 0x9F, 0x00, 0x00, 0x00, 0xE8, 0xFF, 0x0D, 0x00, 0x00, 0x50, 0xFF, 0x5F, 0x00, 0x00, 0x00, 
0xF2, 0xFF, 0x47, 0x00, 0x00, 0x14, 0xFF, 0x1F, 0x00, 0x00, 0x00, 0xA1, 0xFF, 0xE5, 0x1E, 0x00, 
0x00, 0x00, 0x00, 0x00, 0x00, 0x00, 0x16, 0xE5, 0xFF, 0xD7, 0x12, 0x00, 0x00, 0x00, 0x00, 0x00, 
0x00, 0x00, 0x34, 0xF5, 0xFF, 0xBC, 0x02, 0x00, 0x00, 0x00, 0x00, 0x00, 0x00, 0x00, 0x53, 0xFE, 
0xFF, 0x6B, 0x00, 0x00, 0x00, 0x00, 0x00, 0x00, 0x00, 0x00, 0x8F, 0xFF, 0xD5, 0x00, 0x00, 0x20, 
0xFF, 0x16, 0x00, 0x00, 0x00, 0x1E, 0xFF, 0xF7, 0x00, 0x00, 0x61, 0xFF, 0x56, 0x00, 0x00, 0x00, 
0x1A, 0xFF, 0xC1, 0x00, 0x00, 0xA1, 0xFF, 0xE5, 0x4C, 0x0D, 0x1F, 0xB4, 0xF0, 0x2E, 0x00, 0x00, 
0xAD, 0x16, 0x61, 0xC7, 0xF6, 0xEA, 0xA5, 0x23, 0x00, 0x00, 0x00, 0x00, 0x00, 0x00, 0x00, 0x04, 
0xEC, 0x18, 0x00, 0x00, 0x00, 0x00, 0x00, 0x4C, 0xDA, 0x00, 0x00, 0x00, 0x00, 0x00, 0x02, 0xC8, 
0x9C, 0x00, 0x00, 0x00, 0x00, 0x2C, 0xB5, 0xFF, 0x5E, 0x00, 0x00, 0x09, 0xCC, 0xFF, 0xFF, 0xFF, 
0xFF, 0xFF, 0xFF, 0x00, 0x00, 0x36, 0xFF, 0xE4, 0x00, 0x00, 0x00, 0x00, 0x00, 0x77, 0xFF, 0xA7, 
0x00, 0x00, 0x00, 0x00, 0x00, 0xB9, 0xFF, 0x69, 0x00, 0x00, 0x00, 0x00, 0x05, 0xF5, 0xFF, 0x2B, 
0x00, 0x00, 0x00, 0x00, 0x3D, 0xFF, 0xEB, 0x01, 0x00, 0x00, 0x00, 0x00, 0x7F, 0xFF, 0xAF, 0x00, 
0x00, 0x00, 0x00, 0x00, 0xC1, 0xFF, 0x71, 0x00, 0x00, 0x00, 0x00, 0x09, 0xF9, 0xFF, 0x33, 0x00, 
0x00, 0x00, 0x00, 0x44, 0xFF, 0xF1, 0x03, 0x00, 0x00, 0x00, 0x00, 0x7E, 0xFF, 0xB0, 0x00, 0x5D, 
0xAE, 0x00, 0x00, 0xA7, 0xFF, 0x7F, 0x48, 0xD0, 0x1C, 0x00, 0x00, 0x6C, 0xF4, 0xE5, 0x8F, 0x0F, 
0x00, 0x00, 0x00, 0x00, 0x00, 0x09, 0x90, 0xEE, 0x86, 0x00, 0x00, 0x00, 0x00, 0x00, 0xEA, 0xFF, 
0x1F, 0x00, 0x0E, 0xC2, 0xC5, 0xFF, 0xEC, 0x00, 0x00, 0x00, 0x00, 0x29, 0xFF, 0xDE, 0x00, 0x00, 
0xA9, 0x79, 0x4A, 0xFF, 0xEE, 0x00, 0x00, 0x00, 0x00, 0x63, 0xFF, 0x9E, 0x00, 0x02, 0x45, 0x04, 
0x8B, 0xFF, 0xBB, 0x00, 0x00, 0x00, 0x00, 0x9A, 0xFF, 0x5D, 0x00, 0x00, 0x00, 0x00, 0xD6, 0xFF, 
0x75, 0x00, 0x00, 0x00, 0x00, 0xDF, 0xFF, 0x1D, 0x00, 0x00, 0x00, 0x20, 0xFF, 0xFF, 0x28, 0x00, 
0x00, 0x00, 0x38, 0xFF, 0xDC, 0x00, 0x00, 0x00, 0x00, 0x6B, 0xFF, 0xDA, 0x00, 0x00, 0x00, 0x00, 
0xAF, 0xFF, 0x9C, 0x00, 0x00, 0x00, 0x00, 0xB5, 0xFF, 0x8C, 0x00, 0x00, 0x00, 0x52, 0xB7, 0xFF, 
0x5B, 0x00, 0x00, 0x00, 0x08, 0xF6, 0xFF, 0x3E, 0x00, 0x00, 0x1C, 0x7B, 0xC7, 0xFF, 0x1B, 0x00, 
0x00, 0x00, 0x44, 0xFF, 0xEE, 0x03, 0x00, 0x05, 0x95, 0x18, 0xFC, 0xDB, 0x00, 0x00, 0x00, 0x00, 
0x7C, 0xFF, 0xAD, 0x00, 0x02, 0x8F, 0x21, 0x52, 0xFF, 0xA0, 0x32, 0xA2, 0x00, 0x00, 0x9D, 0xFF, 
0xB8, 0x42, 0xA0, 0x2E, 0x00, 0x88, 0xFF, 0x94, 0xB9, 0x32, 0x00, 0x00, 0x4D, 0xEC, 0xEA, 0x93, 
0x13, 0x00, 0x00, 0x6B, 0xF2, 0xBF, 0x28, 0x00, 0x00, 0x1C, 0x55, 0x8E, 0xC7, 0x9C, 0x00, 0x00, 
0x00, 0x00, 0xA3, 0xF2, 0x6E, 0xFF, 0xFF, 0xFF, 0xFF, 0xEE, 0x04, 0x00, 0x00, 0x00, 0xE5, 0xFF, 
0xF2, 0x0E, 0x14, 0xAC, 0xFF, 0xFF, 0x35, 0x00, 0x00, 0x00, 0x4A, 0xFF, 0xE0, 0x00, 0x00, 0x23, 
0xFF, 0xFF, 0x64, 0x00, 0x00, 0x00, 0x00, 0x9D, 0x9E, 0x00, 0x00, 0x00, 0xDF, 0xFF, 0x8A, 0x00, 
0x00, 0x00, 0x00, 0xB4, 0x32, 0x00, 0x00, 0x00, 0xAD, 0xFF, 0xAB, 0x00, 0x00, 0x00, 0x46, 0xA8, 
0x00, 0x00, 0x00, 0x00, 0x86, 0xFF, 0xC3, 0x00, 0x00, 0x0F, 0xD4, 0x1D, 0x00, 0x00, 0x00, 0x00, 
0x67, 0xFF, 0xD4, 0x00, 0x00, 0xA1, 0x64, 0x00, 0x00, 0x00, 0x00, 0x00, 0x4F, 0xFF, 0xE3, 0x00, 
0x59, 0xAD, 0x00, 0x00, 0x00, 0x00, 0x00, 0x00, 0x38, 0xFF, 0xF1, 0x33, 0xD5, 0x10, 0x00, 0x00, 
0x00, 0x00, 0x00, 0x00, 0x25, 0xFF, 0xFD, 0xD8, 0x2E, 0x00, 0x00, 0x00, 0x00, 0x00, 0x00, 0x00, 
0x14, 0xFF, 0xFC, 0x4A, 0x00, 0x00, 0x00, 0x00, 0x00, 0x00, 0x00, 0x00, 0x07, 0xFF, 0x6D, 0x00, 
0x00, 0x00, 0x00, 0x00, 0x00, 0x21, 0x63, 0xA6, 0xDB, 0x05, 0x00, 0x00, 0x00, 0x00, 0x2C, 0xFC, 
0x00, 0x00, 0x00, 0x00, 0xC2, 0xA1, 0xFF, 0xFF, 0xFF, 0xFF, 0x3B, 0x00, 0x00, 0x00, 0x00, 0xBA, 
0xFF, 0x00, 0x00, 0x00, 0x00, 0xE5, 0xF6, 0x09, 0x27, 0xF2, 0xFF, 0x6C, 0x00, 0x00, 0x00, 0x4D, 
0xFF, 0xFF, 0x00, 0x00, 0x00, 0x00, 0x69, 0xDB, 0x00, 0x00, 0xAA, 0xFF, 0x90, 0x00, 0x00, 0x05, 
0xD9, 0xFF, 0xFF, 0x00, 0x00, 0x00, 0x00, 0x68, 0x8B, 0x00, 0x00, 0x7C, 0xFF, 0xAF, 0x00, 0x00, 
0x70, 0xB2, 0xFF, 0xFF, 0x00, 0x00, 0x00, 0x01, 0xC8, 0x1D, 0x00, 0x00, 0x60, 0xFF, 0xC4, 0x00, 
0x13, 0xE5, 0x21, 0xFF, 0xFF, 0x00, 0x00, 0x00, 0x65, 0x84, 0x00, 0x00, 0x00, 0x4A, 0xFF, 0xD6, 
0x00, 0x94, 0x7E, 0x00, 0xFF, 0xFF, 0x00, 0x00, 0x1C, 0xCE, 0x0B, 0x00, 0x00, 0x00, 0x37, 0xFF, 
0xE5, 0x29, 0xD8, 0x07, 0x00, 0xFF, 0xFF, 0x00, 0x00, 0xB5, 0x40, 0x00, 0x00, 0x00, 0x00, 0x28, 
0xFF, 0xF5, 0xB7, 0x4A, 0x00, 0x00, 0xFF, 0xFF, 0x00, 0x76, 0x8F, 0x00, 0x00, 0x00, 0x00, 0x00, 
0x1C, 0xFF, 0xFF, 0xAF, 0x00, 0x00, 0x00, 0xFF, 0xFF, 0x3E, 0xC9, 0x06, 0x00, 0x00, 0x00, 0x00, 
0x00, 0x11, 0xFF, 0xF5, 0x1F, 0x00, 0x00, 0x00, 0xFF, 0xFF, 0xD7, 0x24, 0x00, 0x00, 0x00, 0x00, 
0x00, 0x00, 0x0A, 0xFF, 0x7B, 0x00, 0x00, 0x00, 0x00, 0xFF, 0xFD, 0x4B, 0x00, 0x00, 0x00, 0x00, 
0x00, 0x00, 0x00, 0x03, 0xDA, 0x06, 0x00, 0x00, 0x00, 0x00, 0xFF, 0x72, 0x00, 0x00, 0x00, 0x00, 
0x00, 0x00, 0x00, 0x22, 0x68, 0xAE, 0xD6, 0x0B, 0x00, 0x00, 0x00, 0x18, 0xB0, 0xF2, 0x8A, 0x00, 
0xFF, 0xFF, 0xFF, 0xFF, 0x6D, 0x00, 0x00, 0x17, 0xDF, 0xFF, 0xFF, 0xF6, 0x00, 0x04, 0x20, 0xBC, 
0xFF, 0xD3, 0x00, 0x07, 0xB9, 0x41, 0x3D, 0xDF, 0xA7, 0x00, 0x00, 0x00, 0x22, 0xFD, 0xFF, 0x2C, 
0x7D, 0x45, 0x00, 0x00, 0x00, 0x00, 0x00, 0x00, 0x00, 0x00, 0xB8, 0xFF, 0x9E, 0x8D, 0x00, 0x00, 
0x00, 0x00, 0x00, 0x00, 0x00, 0x00, 0x00, 0x5B, 0xFF, 0xF4, 0x11, 0x00, 0x00, 0x00, 0x00, 0x00, 
0x00, 0x00, 0x00, 0x00, 0x0A, 0xF3, 0xFF, 0x1E, 0x00, 0x00, 0x00, 0x00, 0x00, 0x00, 0x00, 0x00, 
0x00, 0x00, 0xB6, 0xFF, 0x71, 0x00, 0x00, 0x00, 0x00, 0x00, 0x00, 0x00, 0x00, 0x00, 0x3D, 0xDD, 
0xFF, 0xC5, 0x00, 0x00, 0x00, 0x00, 0x00, 0x00, 0x00, 0x00, 0x20, 0xD8, 0x26, 0xF9, 0xFE, 0x1B, 
0x00, 0x08, 0x2F, 0x00, 0xB7, 0xA0, 0x2C, 0xDB, 0x57, 0x00, 0xB8, 0xFF, 0x6A, 0x00, 0x8F, 0x92, 
0x00, 0xF8, 0xFF, 0xFF, 0x8E, 0x00, 0x00, 0x65, 0xFF, 0xDC, 0xA5, 0xB2, 0x06, 0x00, 0x96, 0xED, 
0x7C, 0x01, 0x00, 0x00, 0x0D, 0xC5, 0xEF, 0x82, 0x03, 0x00, 0x00, 0x00, 0x00, 0x1D, 0x59, 0x95, 
0xD1, 0x87, 0x00, 0x00, 0x00, 0x00, 0xA3, 0xF1, 0x64, 0x00, 0x00, 0xFF, 0xFF, 0xFF, 0xFF, 0xEC, 
0x02, 0x00, 0x00, 0x00, 0xEE, 0xFF, 0xEC, 0x00, 0x00, 0x09, 0x0D, 0x8E, 0xFF, 0xFF, 0x24, 0x00, 
0x00, 0x00, 0x3C, 0xC4, 0xEB, 0x00, 0x00, 0x00, 0x00, 0x16, 0xFF, 0xFF, 0x43, 0x00, 0x00, 0x00, 
0x00, 0x1D, 0xB1, 0x00, 0x00, 0x00, 0x00, 0x00, 0xEB, 0xFF, 0x5D, 0x00, 0x00, 0x00, 0x00, 0x83, 
0x4C, 0x00, 0x00, 0x00, 0x00, 0x00, 0xCE, 0xFF, 0x74, 0x00, 0x00, 0x00, 0x1B, 0xBA, 0x00, 0x00, 
0x00, 0x00, 0x00, 0x00, 0xB6, 0xFF, 0x8B, 0x00, 0x00, 0x00, 0xA0, 0x32, 0x00, 0x00, 0x00, 0x00, 
0x00, 0x00, 0x9D, 0xFF, 0xA2, 0x00, 0x00, 0x40, 0x8A, 0x00, 0x00, 0x00, 0x00, 0x00, 0x00, 0x00, 
0x84, 0xFF, 0xBA, 0x00, 0x0A, 0xB4, 0x09, 0x00, 0x00, 0x00, 0x00, 0x00, 0x00, 0x00, 0x6C, 0xFF, 
0xD1, 0x00, 0x8C, 0x35, 0x00, 0x00, 0x00, 0x00, 0x00, 0x00, 0x00, 0x00, 0x53, 0xFF, 0xE8, 0x45, 
0x6F, 0x00, 0x00, 0x00, 0x00, 0x00, 0x00, 0x00, 0x00, 0x00, 0x3A, 0xFF, 0xFC, 0x9A, 0x00, 0x00, 
0x00, 0x00, 0x00, 0x00, 0x00, 0x00, 0x00, 0x00, 0x22, 0xFF, 0xDA, 0x12, 0x00, 0x00, 0x00, 0x00, 
0x00, 0x00, 0x00, 0x00, 0x00, 0x00, 0x0B, 0xED, 0x26, 0x00, 0x00, 0x00, 0x00, 0x00, 0x00, 0x00, 
0x00, 0x00, 0x00, 0x01, 0x94, 0x40, 0x00, 0x00, 0x00, 0x00, 0x00, 0x00, 0x00, 0x00, 0x00, 0x00, 
0x03, 0x9C, 0x61, 0x00, 0x00, 0x00, 0x00, 0x00, 0x00, 0x00, 0x00, 0x7E, 0xDC, 0x28, 0xBD, 0x86, 
0x00, 0x00, 0x00, 0x00, 0x00, 0x00, 0x00, 0x00, 0x00, 0xF3, 0xFF, 0xFF, 0x99, 0x00, 0x00, 0x00, 
0x00, 0x00, 0x00, 0x00, 0x00, 0x00, 0x00, 0xB2, 0xE2, 0x6C, 0x00, 0x00, 0x00, 0x00, 0x00, 0x00, 
0x00, 0x00, 0x00, 0x00, 0x00, 0x00, 0x00, 0x14, 0xFE, 0xFF, 0xFF, 0xFF, 0xFF, 0xFF, 0xFF, 0x9C, 
0x00, 0x00, 0x57, 0xFF, 0xFF, 0xFF, 0xFF, 0xFF, 0xFF, 0xCE, 0x08, 0x00, 0x00, 0x9B, 0xD4, 0x22, 
0x02, 0x00, 0x00, 0x57, 0x22, 0x00, 0x00, 0x00, 0xDE, 0x3C, 0x00, 0x00, 0x00, 0x3D, 0x47, 0x00, 
0x00, 0x00, 0x00, 0x00, 0x00, 0x00, 0x00, 0x20, 0x70, 0x00, 0x00, 0x00, 0x00, 0x00, 0x00, 0x00, 
0x00, 0x0B, 0x8E, 0x03, 0x00, 0x00, 0x00, 0x00, 0x00, 0x00, 0x00, 0x01, 0x91, 0x15, 0x00, 0x00, 
0x00, 0x00, 0x00, 0x00, 0x00, 0x00, 0x7A, 0x39, 0x00, 0x00, 0x00, 0x00, 0x00, 0x00, 0x00, 0x00, 
0x52, 0x6C, 0x00, 0x00, 0x00, 0x00, 0x00, 0x00, 0x00, 0x00, 0x2E, 0x9C, 0x00, 0x00, 0x00, 0x36, 
0xDD, 0x00, 0x00, 0x00, 0x14, 0xB6, 0x0C, 0x00, 0x03, 0x1E, 0xC9, 0x99, 0x00, 0x00, 0x05, 0xC0, 
0xFF, 0xFF, 0xFF, 0xFF, 0xFF, 0xFF, 0x55, 0x00, 0x00, 0x97, 0xFF, 0xFF, 0xFF, 0xFF, 0xFF, 0xFF, 
0xFE, 0x13, 0x00, 0x00, 0x00, 0x00, 0x00, 0x00, 0x00, 0x00, 0x00, 0x00, 0x35, 0x9F, 0xCD, 0x00, 
0x00, 0x00, 0x00, 0x00, 0x00, 0x0E, 0xA8, 0x8E, 0x1B, 0x03, 0x00, 0x00, 0x00, 0x00, 0x00, 0x17, 
0xD6, 0x8A, 0x00, 0x00, 0x00, 0x00, 0x00, 0x00, 0x00, 0x01, 0xBC, 0xF3, 0x0A, 0x00, 0x00, 0x00, 
0x00, 0x00, 0x00, 0x00, 0x44, 0xFF, 0xC4, 0x00, 0x00, 0x00, 0x00, 0x00, 0x00, 0x00, 0x00, 0x9A, 
0xFF, 0xA8, 0x00, 0x00, 0x00, 0x00, 0x00, 0x00, 0x00, 0x00, 0xC6, 0xFF, 0x8B, 0x00, 0x00, 0x00, 
0x00, 0x00, 0x00, 0x00, 0x00, 0xE3, 0xFF, 0x61, 0x00, 0x00, 0x00, 0x00, 0x00, 0x00, 0x00, 0x03, 
0xFA, 0xF6, 0x16, 0x00, 0x00, 0x00, 0x00, 0x00, 0x00, 0x00, 0x42, 0xFF, 0x73, 0x00, 0x00, 0x00, 
0x00, 0x00, 0x00, 0x00, 0x1B, 0xD9, 0x85, 0x00, 0x00, 0x00, 0x00, 0x00, 0x00, 0x1E, 0x6D, 0xC3, 
0x47, 0x00, 0x00, 0x00, 0x00, 0x00, 0x00, 0x00, 0xFF, 0x7E, 0x01, 0x00, 0x00, 0x00, 0x00, 0x00, 
0x00, 0x00, 0x00, 0x2B, 0xCC, 0x94, 0x02, 0x00, 0x00, 0x00, 0x00, 0x00, 0x00, 0x00, 0x00, 0x30, 
0xFF, 0x73, 0x00, 0x00, 0x00, 0x00, 0x00, 0x00, 0x00, 0x00, 0x09, 0xFF, 0xDC, 0x00, 0x00, 0x00, 
0x00, 0x00, 0x00, 0x00, 0x00, 0x41, 0xFF, 0xF2, 0x00, 0x00, 0x00, 0x00, 0x00, 0x00, 0x00, 0x00, 
0xA4, 0xFF, 0xC6, 0x00, 0x00, 0x00, 0x00, 0x00, 0x00, 0x00, 0x18, 0xFA, 0xFF, 0x6C, 0x00, 0x00, 
0x00, 0x00, 0x00, 0x00, 0x00, 0x79, 0xFF, 0xF2, 0x0E, 0x00, 0x00, 0x00, 0x00, 0x00, 0x00, 0x00, 
0xCA, 0xFF, 0x8F, 0x00, 0x00, 0x00, 0x00, 0x00, 0x00, 0x00, 0x00, 0xF2, 0xFF, 0x32, 0x00, 0x00, 
0x00, 0x00, 0x00, 0x00, 0x00, 0x00, 0xEE, 0xFF, 0x08, 0x00, 0x00, 0x00, 0x00, 0x00, 0x00, 0x00, 
0x00, 0xA2, 0xFF, 0x3A, 0x00, 0x00, 0x00, 0x00, 0x00, 0x00, 0x00, 0x00, 0x1A, 0xDB, 0xDF, 0x45, 
0x01, 0x00, 0x00, 0x00, 0x00, 0x00, 0x00, 0x00, 0x0D, 0x8B, 0xDB, 0x13, 0x00, 0x00, 0x00, 0x00, 
0x00, 0x00, 0xFF, 0xFF, 0xFF, 0xFF, 0xFF, 0xFF, 0xFF, 0xFF, 0xFF, 0xFF, 0xFF, 0xFF, 0xFF, 0xFF, 
0xFF, 0xFF, 0xFF, 0xFF, 0xFF, 0xFF, 0xFF, 0xFF, 0xFF, 0xFF, 0xFF, 0x00, 0x00, 0x00, 0x00, 0x00, 
0x00, 0x11, 0xDB, 0x8C, 0x0D, 0x00, 0x00, 0x00, 0x00, 0x00, 0x00, 0x00, 0x01, 0x43, 0xDD, 0xDC, 
0x19, 0x00, 0x00, 0x00, 0x00, 0x00, 0x00, 0x00, 0x00, 0x39, 0xFF, 0xA2, 0x00, 0x00, 0x00, 0x00, 
0x00, 0x00, 0x00, 0x00, 0x08, 0xFF, 0xED, 0x00, 0x00, 0x00, 0x00, 0x00, 0x00, 0x00, 0x00, 0x32, 
0xFF, 0xF2, 0x00, 0x00, 0x00, 0x00, 0x00, 0x00, 0x00, 0x00, 0x90, 0xFF, 0xCA, 0x00, 0x00, 0x00, 
0x00, 0x00, 0x00, 0x00, 0x0E, 0xF3, 0xFF, 0x79, 0x00, 0x00, 0x00, 0x00, 0x00, 0x00, 0x00, 0x6D, 
0xFF, 0xFB, 0x19, 0x00, 0x00, 0x00, 0x00, 0x00, 0x00, 0x00, 0xC7, 0xFF, 0xA5, 0x00, 0x00, 0x00, 
0x00, 0x00, 0x00, 0x00, 0x00, 0xF3, 0xFF, 0x41, 0x00, 0x00, 0x00, 0x00, 0x00, 0x00, 0x00, 0x00, 
0xDD, 0xFF, 0x09, 0x00, 0x00, 0x00, 0x00, 0x00, 0x00, 0x00, 0x00, 0x76, 0xFF, 0x2F, 0x00, 0x00, 
0x00, 0x00, 0x00, 0x00, 0x00, 0x00, 0x02, 0x98, 0xCC, 0x2C, 0x00, 0x00, 0x00, 0x00, 0x00, 0x00, 
0x00, 0x00, 0x01, 0x7E, 0xFF, 0x00, 0x00, 0x00, 0x00, 0x00, 0x00, 0x00, 0x46, 0xC4, 0x6F, 0x1E, 
0x00, 0x00, 0x00, 0x00, 0x00, 0x00, 0x83, 0xDB, 0x1C, 0x00, 0x00, 0x00, 0x00, 0x00, 0x00, 0x00, 
0x70, 0xFF, 0x42, 0x00, 0x00, 0x00, 0x00, 0x00, 0x00, 0x00, 0x16, 0xF4, 0xF9, 0x03, 0x00, 0x00, 
0x00, 0x00, 0x00, 0x00, 0x00, 0x64, 0xFF, 0xE0, 0x00, 0x00, 0x00, 0x00, 0x00, 0x00, 0x00, 0x00, 
0x90, 0xFF, 0xC2, 0x00, 0x00, 0x00, 0x00, 0x00, 0x00, 0x00, 0x00, 0xAC, 0xFF, 0x98, 0x00, 0x00, 
0x00, 0x00, 0x00, 0x00, 0x00, 0x00, 0xC5, 0xFF, 0x41, 0x00, 0x00, 0x00, 0x00, 0x00, 0x00, 0x00, 
0x0A, 0xF3, 0xBB, 0x01, 0x00, 0x00, 0x00, 0x00, 0x00, 0x00, 0x00, 0x87, 0xD5, 0x16, 0x00, 0x00, 
0x00, 0x00, 0x00, 0x03, 0x19, 0x8B, 0xA9, 0x0E, 0x00, 0x00, 0x00, 0x00, 0x00, 0x00, 0xCF, 0xA0, 
0x36, 0x00, 0x00, 0x00, 0x00, 0x00, 0x00, 0x00, 0x00, 0x00, 0x5B, 0xDD, 0xF1, 0xB9, 0x51, 0x02, 
0x00, 0x00, 0x00, 0x00, 0x00, 0x00, 0x21, 0xE9, 0x3E, 0xD1, 0x1A, 0x1C, 0x67, 0xCC, 0xD4, 0x53, 
0x01, 0x00, 0x00, 0x00, 0x00, 0x83, 0xB6, 0xB9, 0x54, 0x00, 0x00, 0x00, 0x00, 0x3C, 0xAE, 0xCC, 
0x5C, 0x0F, 0x1B, 0x7C, 0xFA, 0x37, 0xEA, 0x18, 0x00, 0x00, 0x00, 0x00, 0x00, 0x00, 0x1F, 0x86, 
0xD1, 0xF7, 0xD8, 0x52, 0x00, 0x00, 0xFF, 0xFF, 0xFF, 0xFF, 0xFF, 0xFF, 0xFF, 0xFF, 0xFF, 0xFF, 
0x00, 0x00, 0x00, 0x00, 0x00, 0xFF, 0xFF, 0xFF, 0xFF, 0xFF, 0xFF, 0xFF, 0xFF, 0xFF, 0xFF, 0x00, 
0x00, 0x00, 0x00, 0x00, 0x00, 0x00, 0x06, 0x7E, 0xDF, 0xF6, 0xCD, 0x53, 0x00, 0x00, 0x00, 0x00, 
0x00, 0x00, 0x00, 0x02, 0xB0, 0x76, 0x16, 0x1C, 0xA3, 0xFF, 0x6C, 0x00, 0x00, 0x00, 0x00, 0x00, 
0x00, 0x6A, 0x7A, 0x00, 0x00, 0x00, 0x10, 0xFC, 0xEB, 0x00, 0x00, 0x00, 0x00, 0x00, 0x00, 0xCB, 
0x1A, 0x00, 0x00, 0x00, 0x00, 0xAB, 0xC2, 0x00, 0x00, 0x00, 0x00, 0x00, 0x00, 0xF6, 0x0B, 0x00, 
0x00, 0x00, 0x00, 0x00, 0x00, 0x00, 0x00, 0x00, 0x00, 0x00, 0x00, 0xF2, 0x40, 0x00, 0x00, 0x00, 
0x00, 0x00, 0x00, 0x00, 0x00, 0x00, 0x00, 0x00, 0x00, 0xB7, 0xBD, 0x01, 0x00, 0x00, 0x00, 0x00, 
0x00, 0x00, 0x00, 0x00, 0x00, 0x00, 0x00, 0x36, 0xFC, 0x86, 0x00, 0x00, 0x00, 0x00, 0x00, 0x00, 
0x00, 0x00, 0x00, 0x00, 0x00, 0x00, 0x6E, 0xFF, 0x69, 0x00, 0x00, 0x00, 0x00, 0x00, 0x00, 0x00, 
0x00, 0x4A, 0xC7, 0xF3, 0xFF, 0xFF, 0xFC, 0x48, 0x00, 0x00, 0x00, 0x00, 0x00, 0x00, 0x5D, 0xB4, 
0x26, 0x0A, 0x3A, 0xAA, 0xFF, 0xEE, 0x14, 0x00, 0x00, 0x00, 0x00, 0x00, 0xD8, 0x12, 0x00, 0x00, 
0x00, 0x00, 0x64, 0xFF, 0x92, 0x00, 0x00, 0x00, 0x00, 0x00, 0xFA, 0x23, 0x00, 0x00, 0x00, 0x00, 
0x00, 0x97, 0xE3, 0x00, 0x00, 0x00, 0x00, 0x00, 0xE2, 0x9B, 0x00, 0x00, 0x00, 0x00, 0x00, 0x25, 
0xF9, 0x00, 0x00, 0x00, 0x00, 0x00, 0x93, 0xFF, 0x7F, 0x01, 0x00, 0x00, 0x00, 0x13, 0xD3, 0x00, 
0x00, 0x00, 0x00, 0x00, 0x17, 0xE9, 0xFF, 0xBE, 0x43, 0x0A, 0x20, 0xB2, 0x55, 0x00, 0x00, 0x00, 
0x00, 0x00, 0x00, 0x3F, 0xFA, 0xFF, 0xFF, 0xFC, 0xD2, 0x54, 0x00, 0x00, 0x00, 0x00, 0x00, 0x00, 
0x00, 0x00, 0x5E, 0xFF, 0x64, 0x00, 0x00, 0x00, 0x00, 0x00, 0x00, 0x00, 0x00, 0x00, 0x00, 0x00, 
0x00, 0x83, 0xF8, 0x27, 0x00, 0x00, 0x00, 0x00, 0x00, 0x00, 0x00, 0x00, 0x00, 0x00, 0x00, 0x02, 
0xC5, 0xA7, 0x00, 0x00, 0x00, 0x00, 0x00, 0x00, 0x00, 0x00, 0x00, 0x00, 0x00, 0x00, 0x47, 0xED, 
0x00, 0x00, 0x00, 0x00, 0x00, 0x00, 0x00, 0x00, 0x00, 0x00, 0x00, 0x00, 0x0C, 0xF6, 0x00, 0x00, 
0x00, 0x00, 0x00, 0xC2, 0xCB, 0x05, 0x00, 0x00, 0x00, 0x00, 0x1D, 0xCB, 0x00, 0x00, 0x00, 0x00, 
0x00, 0xEA, 0xFF, 0x50, 0x00, 0x00, 0x00, 0x00, 0x85, 0x61, 0x00, 0x00, 0x00, 0x00, 0x00, 0x66, 
0xFF, 0xDE, 0x3D, 0x08, 0x23, 0x8E, 0x9D, 0x00, 0x00, 0x00, 0x00, 0x00, 0x00, 0x00, 0x41, 0xBA, 
0xE9, 0xF8, 0xCD, 0x64, 0x00, 0x00, 0x00, 0x00, 0x00, 0x00, 0x00, 0x00, 0x00, 0x00, 0x00, 0x00, 
0x1B, 0x7A, 0xC2, 0xED, 0xFB, 0xED, 0xC2, 0x79, 0x1A, 0x00, 0x00, 0x00, 0x00, 0x00, 0x00, 0x00, 
0x00, 0x0B, 0x8E, 0xF3, 0xA5, 0x51, 0x1C, 0x05, 0x0C, 0x31, 0x79, 0xDA, 0x8C, 0x0A, 0x00, 0x00, 
0x00, 0x00, 0x00, 0x1A, 0xD1, 0xC6, 0x22, 0x00, 0x00, 0x00, 0x00, 0x00, 0x00, 0x00, 0x05, 0x8F, 
0xD0, 0x1A, 0x00, 0x00, 0x00, 0x0B, 0xD2, 0x95, 0x03, 0x00, 0x44, 0xA9, 0xE2, 0xF9, 0xF3, 0xC9, 
0x92, 0xDC, 0x00, 0x61, 0xD1, 0x0A, 0x00, 0x00, 0x8F, 0xBE, 0x03, 0x0A, 0xA8, 0xDE, 0x56, 0x11, 
0x09, 0x2C, 0x87, 0xFB, 0xFF, 0x00, 0x00, 0x9D, 0x8E, 0x00, 0x1D, 0xEF, 0x18, 0x01, 0xB3, 0xE4, 
0x17, 0x00, 0x00, 0x00, 0x00, 0x00, 0x58, 0xFF, 0x00, 0x00, 0x0C, 0xE6, 0x1C, 0x7D, 0x95, 0x00, 
0x5C, 0xFF, 0x6E, 0x00, 0x00, 0x00, 0x00, 0x00, 0x00, 0x00, 0x00, 0x00, 0x00, 0x00, 0x8B, 0x7C, 
0xC4, 0x43, 0x00, 0xC1, 0xFF, 0x2E, 0x00, 0x00, 0x00, 0x00, 0x00, 0x00, 0x00, 0x00, 0x00, 0x00, 
0x00, 0x3F, 0xC3, 0xEE, 0x13, 0x00, 0xF1, 0xFF, 0x0C, 0x00, 0x00, 0x00, 0x00, 0x00, 0x00, 0x00, 
0x00, 0x00, 0x00, 0x00, 0x13, 0xED, 0xFC, 0x04, 0x00, 0xF7, 0xFF, 0x09, 0x00, 0x00, 0x00, 0x00, 
0x00, 0x00, 0x00, 0x00, 0x00, 0x00, 0x00, 0x04, 0xFB, 0xEE, 0x13, 0x00, 0xD4, 0xFF, 0x26, 0x00, 
0x00, 0x00, 0x00, 0x00, 0x00, 0x00, 0x00, 0x00, 0x00, 0x00, 0x13, 0xED, 0xC5, 0x41, 0x00, 0x80, 
0xFF, 0x6C, 0x00, 0x00, 0x00, 0x00, 0x00, 0x00, 0x00, 0x00, 0x00, 0x00, 0x00, 0x42, 0xC3, 0x7F, 
0x91, 0x00, 0x0F, 0xDF, 0xE3, 0x13, 0x00, 0x00, 0x00, 0x00, 0x00, 0x74, 0xA4, 0x00, 0x00, 0x00, 
0x91, 0x7B, 0x1E, 0xEC, 0x13, 0x00, 0x29, 0xDF, 0xDA, 0x52, 0x0F, 0x0A, 0x37, 0xA5, 0xCD, 0x16, 
0x00, 0x00, 0x13, 0xEB, 0x1C, 0x00, 0x93, 0xB1, 0x00, 0x00, 0x0E, 0x7C, 0xD0, 0xF5, 0xF2, 0xCC, 
0x71, 0x06, 0x00, 0x00, 0x01, 0xB2, 0x8E, 0x00, 0x00, 0x0C, 0xD4, 0x83, 0x00, 0x00, 0x00, 0x00, 
0x00, 0x00, 0x00, 0x00, 0x00, 0x00, 0x01, 0x84, 0xD1, 0x0B, 0x00, 0x00, 0x00, 0x1C, 0xD4, 0xB1, 
0x13, 0x00, 0x00, 0x00, 0x00, 0x00, 0x00, 0x00, 0x14, 0xB4, 0xD2, 0x1B, 0x00, 0x00, 0x00, 0x00, 
0x00, 0x0C, 0x93, 0xEC, 0x90, 0x41, 0x13, 0x04, 0x13, 0x41, 0x92, 0xED, 0x90, 0x0B, 0x00, 0x00, 
0x00, 0x00, 0x00, 0x00, 0x00, 0x00, 0x1E, 0x7F, 0xC5, 0xEE, 0xFC, 0xEE, 0xC4, 0x7D, 0x1D, 0x00, 
0x00, 0x00, 0x00, 0x00, 0x00, 0x00, 0x00, 0x00, 0x00, 0x1F, 0xCE, 0x25, 0x00, 0x00, 0x1F, 0xCE, 
0x25, 0x00, 0x00, 0x00, 0x00, 0x1F, 0xDA, 0x41, 0x00, 0x00, 0x1F, 0xDA, 0x41, 0x00, 0x00, 0x00, 
0x00, 0x1E, 0xDE, 0x65, 0x00, 0x00, 0x1E, 0xDE, 0x65, 0x00, 0x00, 0x00, 0x00, 0x1D, 0xDD, 0x8D, 
0x00, 0x00, 0x1D, 0xDD, 0x8D, 0x00, 0x00, 0x00, 0x00, 0x1D, 0xDD, 0xB3, 0x02, 0x00, 0x1D, 0xDD, 
0xB3, 0x02, 0x00, 0x00, 0x00, 0x1C, 0xDC, 0xD1, 0x0C, 0x00, 0x1C, 0xDC, 0xD1, 0x0C, 0x00, 0x00, 
0x00, 0x00, 0xCD, 0xFF, 0x29, 0x00, 0x00, 0xCD, 0xFF, 0x29, 0x00, 0x00, 0x00, 0x00, 0x00, 0x7A, 
0xFF, 0x5F, 0x00, 0x00, 0x7A, 0xFF, 0x5F, 0x00, 0x00, 0x00, 0x00, 0x00, 0x0A, 0xE5, 0xC2, 0x00, 
0x00, 0x0A, 0xE5, 0xC2, 0x00, 0x00, 0x00, 0x00, 0x00, 0x00, 0x65, 0xFF, 0x26, 0x00, 0x00, 0x65, 
0xFF, 0x26, 0x00, 0x00, 0x00, 0x00, 0x00, 0x03, 0xD7, 0x88, 0x00, 0x00, 0x03, 0xD7, 0x88, 0x00, 
0x00, 0x00, 0x00, 0x00, 0x00, 0x50, 0xE7, 0x04, 0x00, 0x00, 0x50, 0xE7, 0x04, 0x00, 0x00, 0x00, 
0x00, 0x00, 0x00, 0xC5, 0x4E, 0x00, 0x00, 0x00, 0xC5, 0x4E, 0x00, 0x00, 0x00, 0x98, 0xFF, 0xFF, 
0xFF, 0xFF, 0xFF, 0xFF, 0x68, 0xDD, 0xFF, 0xFF, 0xFF, 0xFF, 0xFF, 0xFF, 0x22, 0x00, 0x00, 0x00, 
0x00, 0x00, 0x08, 0x5D, 0xAB, 0xDF, 0xF7, 0xF7, 0xDE, 0xAB, 0x5C, 0x08, 0x00, 0x00, 0x00, 0x00, 
0x00, 0x00, 0x00, 0x00, 0x02, 0x6B, 0xE9, 0xB4, 0x5D, 0x24, 0x07, 0x08, 0x24, 0x5D, 0xB4, 0xE8, 
0x69, 0x02, 0x00, 0x00, 0x00, 0x00, 0x00, 0x0D, 0xB7, 0xD3, 0x31, 0x00, 0x00, 0x00, 0x00, 0x00, 
0x00, 0x00, 0x00, 0x31, 0xD4, 0xB5, 0x0C, 0x00, 0x00, 0x00, 0x04, 0xBE, 0xA4, 0x07, 0x00, 0x00, 
0x00, 0x00, 0x00, 0x00, 0x00, 0x00, 0x00, 0x00, 0x07, 0xA5, 0xBD, 0x04, 0x00, 0x00, 0x7D, 0xC7, 
0x06, 0x00, 0xFF, 0xFF, 0xFF, 0xFF, 0xFF, 0xF1, 0xCE, 0x63, 0x01, 0x00, 0x00, 0x07, 0xCA, 0x7C, 
0x00, 0x16, 0xEC, 0x1D, 0x00, 0x00, 0x48, 0xFF, 0xFF, 0x19, 0x0C, 0x43, 0xD5, 0xFF, 0x7B, 0x00, 
0x00, 0x00, 0x20, 0xED, 0x16, 0x76, 0x99, 0x00, 0x00, 0x00, 0x04, 0xFF, 0xFF, 0x00, 0x00, 0x00, 
0x28, 0xFF, 0xE5, 0x00, 0x00, 0x00, 0x00, 0x9C, 0x75, 0xC1, 0x45, 0x00, 0x00, 0x00, 0x00, 0xFF, 
0xFF, 0x00, 0x00, 0x00, 0x20, 0xFF, 0xE5, 0x00, 0x00, 0x00, 0x00, 0x46, 0xC0, 0xED, 0x13, 0x00, 
0x00, 0x00, 0x00, 0xFF, 0xFF, 0x05, 0x16, 0x4E, 0xD3, 0xFF, 0x6B, 0x00, 0x00, 0x00, 0x00, 0x15, 
0xEC, 0xFC, 0x04, 0x00, 0x00, 0x00, 0x00, 0xFF, 0xFF, 0xFF, 0xFF, 0xFF, 0xB4, 0x47, 0x00, 0x00, 
0x00, 0x00, 0x00, 0x04, 0xFB, 0xED, 0x14, 0x00, 0x00, 0x00, 0x00, 0xFF, 0xFF, 0x00, 0x97, 0xFF, 
0x73, 0x00, 0x00, 0x00, 0x00, 0x00, 0x00, 0x14, 0xEC, 0xC1, 0x45, 0x00, 0x00, 0x00, 0x00, 0xFF, 
0xFF, 0x00, 0x05, 0xC5, 0xFC, 0x40, 0x00, 0x00, 0x00, 0x00, 0x00, 0x45, 0xC0, 0x77, 0x99, 0x00, 
0x00, 0x00, 0x06, 0xFF, 0xFF, 0x00, 0x00, 0x19, 0xE6, 0xEA, 0x1D, 0x00, 0x00, 0x00, 0x00, 0x99, 
0x75, 0x16, 0xEC, 0x1C, 0x00, 0x00, 0x49, 0xFF, 0xFF, 0x00, 0x00, 0x00, 0x3B, 0xFA, 0xCA, 0x24, 
0x03, 0x00, 0x1C, 0xEC, 0x15, 0x00, 0x7C, 0xC5, 0x05, 0x00, 0xFF, 0xFF, 0xFF, 0xFF, 0x00, 0x00, 
0x00, 0x6A, 0xFF, 0xFF, 0xB0, 0x06, 0xC6, 0x7C, 0x00, 0x00, 0x04, 0xBD, 0xA1, 0x06, 0x00, 0x00, 
0x00, 0x00, 0x00, 0x00, 0x00, 0x00, 0x00, 0x00, 0x07, 0xA2, 0xBC, 0x04, 0x00, 0x00, 0x00, 0x0D, 
0xB7, 0xD0, 0x2C, 0x00, 0x00, 0x00, 0x00, 0x00, 0x00, 0x00, 0x00, 0x2E, 0xD2, 0xB6, 0x0C, 0x00, 
0x00, 0x00, 0x00, 0x00, 0x02, 0x6D, 0xE9, 0xAF, 0x5A, 0x22, 0x07, 0x07, 0x22, 0x5A, 0xB1, 0xEA, 
0x6D, 0x02, 0x00, 0x00, 0x00, 0x00, 0x00, 0x00, 0x00, 0x00, 0x0A, 0x61, 0xAE, 0xE0, 0xF8, 0xF8, 
0xE0, 0xAE, 0x60, 0x0A, 0x00, 0x00, 0x00, 0x00, 0x00, 0x00, 0x09, 0x83, 0xDE, 0xF9, 0xDE, 0x83, 
0x09, 0x00, 0x09, 0xC6, 0xA7, 0x29, 0x06, 0x29, 0xA9, 0xC6, 0x09, 0x84, 0xA6, 0x00, 0x00, 0x00, 
0x00, 0x00, 0xA9, 0x83, 0xDF, 0x28, 0x00, 0x00, 0x00, 0x00, 0x00, 0x29, 0xDE, 0xFA, 0x05, 0x00, 
0x00, 0x00, 0x00, 0x00, 0x06, 0xF9, 0xDF, 0x29, 0x00, 0x00, 0x00, 0x00, 0x00, 0x2A, 0xDD, 0x85, 
0xA7, 0x00, 0x00, 0x00, 0x00, 0x00, 0xAA, 0x83, 0x0A, 0xC9, 0xA6, 0x28, 0x05, 0x29, 0xAA, 0xC6, 
0x09, 0x00, 0x0A, 0x85, 0xDF, 0xFA, 0xDF, 0x84, 0x09, 0x00, 0x00, 0x00, 0x00, 0x00, 0x00, 0x00, 
0x00, 0xFF, 0x00, 0x00, 0x00, 0x00, 0x00, 0x00, 0x00, 0x00, 0x00, 0x00, 0x00, 0x00, 0x00, 0x00, 
0xFF, 0x00, 0x00, 0x00, 0x00, 0x00, 0x00, 0x00, 0x00, 0x00, 0x00, 0x00, 0x00, 0x00, 0x00, 0xFF, 
0x00, 0x00, 0x00, 0x00, 0x00, 0x00, 0x00, 0x00, 0x00, 0x00, 0x00, 0x00, 0x00, 0x00, 0xFF, 0x00, 
0x00, 0x00, 0x00, 0x00, 0x00, 0x00, 0x00, 0x00, 0x00, 0x00, 0x00, 0x00, 0x00, 0xFF, 0x00, 0x00, 
0x00, 0x00, 0x00, 0x00, 0x00, 0x00, 0x00, 0x00, 0x00, 0x00, 0x00, 0x00, 0xFF, 0x00, 0x00, 0x00, 
0x00, 0x00, 0x00, 0x00, 0x00, 0x00, 0x00, 0x00, 0x00, 0x00, 0x00, 0xFF, 0x00, 0x00, 0x00, 0x00, 
0x00, 0x00, 0x00, 0xFF, 0xFF, 0xFF, 0xFF, 0xFF, 0xFF, 0xFF, 0xFF, 0xFF, 0xFF, 0xFF, 0xFF, 0xFF, 
0xFF, 0xFC, 0x00, 0x00, 0x00, 0x00, 0x00, 0x00, 0x00, 0xFF, 0x00, 0x00, 0x00, 0x00, 0x00, 0x00, 
0x00, 0x00, 0x00, 0x00, 0x00, 0x00, 0x00, 0x00, 0xFF, 0x00, 0x00, 0x00, 0x00, 0x00, 0x00, 0x00, 
0x00, 0x00, 0x00, 0x00, 0x00, 0x00, 0x00, 0xFF, 0x00, 0x00, 0x00, 0x00, 0x00, 0x00, 0x00, 0x00, 
0x00, 0x00, 0x00, 0x00, 0x00, 0x00, 0xFF, 0x00, 0x00, 0x00, 0x00, 0x00, 0x00, 0x00, 0x00, 0x00, 
0x00, 0x00, 0x00, 0x00, 0x00, 0xFF, 0x00, 0x00, 0x00, 0x00, 0x00, 0x00, 0x00, 0xFF, 0xFF, 0xFF, 
0xFF, 0xFF, 0xFF, 0xFF, 0xFF, 0xFF, 0xFF, 0xFF, 0xFF, 0xFF, 0xFF, 0xFD, 0x00, 0x33, 0xFF, 0xB2, 
0x00, 0x9A, 0xF7, 0x22, 0x0C, 0xF3, 0x7F, 0x00, 0x67, 0xDD, 0x08, 0x00, 0xCD, 0x4C, 0x00, 0x00, 
0xC5, 0xC4, 0xC7, 0xC5, 0x00, 0x00, 0x00, 0x4F, 0xC4, 0x00, 0x00, 0x00, 0x4F, 0xC4, 0x00, 0x00, 
0x00, 0x00, 0x00, 0x00, 0x04, 0xE7, 0x4F, 0x00, 0x00, 0x04, 0xE7, 0x4F, 0x00, 0x00, 0x00, 0x00, 
0x00, 0x00, 0x89, 0xD5, 0x03, 0x00, 0x00, 0x89, 0xD5, 0x03, 0x00, 0x00, 0x00, 0x00, 0x00, 0x27, 
0xFF, 0x63, 0x00, 0x00, 0x27, 0xFF, 0x63, 0x00, 0x00, 0x00, 0x00, 0x00, 0x00, 0xC4, 0xE4, 0x09, 
0x00, 0x00, 0xC4, 0xE4, 0x09, 0x00, 0x00, 0x00, 0x00, 0x00, 0x61, 0xFF, 0x77, 0x00, 0x00, 0x61, 
0xFF, 0x77, 0x00, 0x00, 0x00, 0x00, 0x00, 0x28, 0xFF, 0xCD, 0x00, 0x00, 0x28, 0xFF, 0xCD, 0x00, 
0x00, 0x00, 0x00, 0x0B, 0xCF, 0xDE, 0x1E, 0x00, 0x0B, 0xCF, 0xDE, 0x1E, 0x00, 0x00, 0x00, 0x02, 
0xB1, 0xDE, 0x1E, 0x00, 0x02, 0xB1, 0xDE, 0x1E, 0x00, 0x00, 0x00, 0x00, 0x8C, 0xDE, 0x1E, 0x00, 
0x00, 0x8C, 0xDE, 0x1E, 0x00, 0x00, 0x00, 0x00, 0x63, 0xDF, 0x1F, 0x00, 0x00, 0x63, 0xDF, 0x1F, 
0x00, 0x00, 0x00, 0x00, 0x40, 0xDA, 0x1F, 0x00, 0x00, 0x40, 0xDA, 0x1F, 0x00, 0x00, 0x00, 0x00, 
0x25, 0xCD, 0x1F, 0x00, 0x00, 0x25, 0xCD, 0x1F, 0x00, 0x00, 0x00, 0x00, 0x00, 0x7F, 0x79, 0x00, 
0x00, 0x00, 0x00, 0x00, 0x00, 0x00, 0x79, 0x80, 0x79, 0xFF, 0x6B, 0x00, 0x00, 0x00, 0x00, 0x00, 
0x6C, 0xFF, 0x78, 0x00, 0x6B, 0xFC, 0x5F, 0x00, 0x00, 0x00, 0x5F, 0xFC, 0x69, 0x00, 0x00, 0x00, 
0x5E, 0xF8, 0x54, 0x00, 0x54, 0xF7, 0x5A, 0x00, 0x00, 0x00, 0x00, 0x00, 0x52, 0xF3, 0x83, 0xF1, 
0x4D, 0x00, 0x00, 0x00, 0x00, 0x00, 0x00, 0x00, 0x80, 0xFF, 0x7B, 0x00, 0x00, 0x00, 0x00, 0x00, 
0x00, 0x00, 0x51, 0xF1, 0x7C, 0xF1, 0x51, 0x00, 0x00, 0x00, 0x00, 0x00, 0x5E, 0xF7, 0x4F, 0x00, 
0x50, 0xF8, 0x5D, 0x00, 0x00, 0x00, 0x6A, 0xFC, 0x5C, 0x00, 0x00, 0x00, 0x5C, 0xFC, 0x6A, 0x00, 
0x78, 0xFF, 0x69, 0x00, 0x00, 0x00, 0x00, 0x00, 0x6A, 0xFF, 0x78, 0x80, 0x78, 0x00, 0x00, 0x00, 
0x00, 0x00, 0x00, 0x00, 0x78, 0x7F, 0x00, 0x00, 0x00, 0x00, 0x00, 0x00, 0xC5, 0xC3, 0x00, 0x00, 
0x00, 0x00, 0x00, 0x00, 0x00, 0x00, 0x00, 0x00, 0x00, 0x00, 0xC5, 0xC3, 0x00, 0x00, 0x00, 0x00, 
0x00, 0x00, 0x00, 0x00, 0x00, 0x00, 0x00, 0x00, 0x00, 0x00, 0x00, 0x00, 0x00, 0x00, 0x00, 0x00, 
0x00, 0x00, 0x00, 0x00, 0x00, 0x00, 0x00, 0x00, 0x00, 0x00, 0x00, 0x00, 0x00, 0x00, 0x00, 0x00, 
0x00, 0x00, 0x00, 0x00, 0x00, 0x00, 0x00, 0x00, 0x00, 0x00, 0x00, 0x00, 0xFF, 0xFF, 0xFF, 0xFF, 
0xFF, 0xFF, 0xFF, 0xFF, 0xFF, 0xFF, 0xFF, 0xFF, 0xFF, 0xFF, 0x00, 0x00, 0x00, 0x00, 0x00, 0x00, 
0x00, 0x00, 0x00, 0x00, 0x00, 0x00, 0x00, 0x00, 0x00, 0x00, 0x00, 0x00, 0x00, 0x00, 0x00, 0x00, 
0x00, 0x00, 0x00, 0x00, 0x00, 0x00, 0x00, 0x00, 0x00, 0x00, 0x00, 0x00, 0x00, 0x00, 0x00, 0x00, 
0x00, 0x00, 0x00, 0x00, 0x00, 0x00, 0x00, 0x00, 0x00, 0x00, 0xC5, 0xC3, 0x00, 0x00, 0x00, 0x00, 
0x00, 0x00, 0x00, 0x00, 0x00, 0x00, 0x00, 0x00, 0xC3, 0xC3, 0x00, 0x00, 0x00, 0x00, 0x00, 0x00, 
0x00, 0x00, 0x00, 0x00, 0x00, 0x00, 0x00, 0x00, 0x00, 0x00, 0x3C, 0xBD, 0x71, 0x00, 0x00, 0x52, 
0xBF, 0x5A, 0x00, 0x00, 0x00, 0x00, 0x00, 0x00, 0x00, 0x00, 0x00, 0x00, 0x00, 0xC1, 0xFF, 0xFF, 
0x11, 0x00, 0xE1, 0xFF, 0xED, 0x00, 0x00, 0x00, 0x00, 0x00, 0x00, 0x00, 0x00, 0x00, 0x00, 0x00, 
0x7D, 0xFF, 0xC8, 0x02, 0x00, 0x9D, 0xFF, 0xA9, 0x00, 0x00, 0x00, 0x00, 0x00, 0x00, 0x00, 0x00, 
0x00, 0x00, 0x00, 0x00, 0x19, 0x04, 0x00, 0x00, 0x00, 0x1B, 0x01, 0x00, 0x00, 0x00, 0x00, 0x00, 
0x00, 0x00, 0x00, 0x00, 0x00, 0x00, 0x00, 0x00, 0x00, 0x00, 0x00, 0x00, 0x00, 0x00, 0x00, 0x00, 
0x00, 0x00, 0x00, 0x00, 0x5E, 0x8C, 0x8C, 0x8C, 0x8C, 0x8C, 0x8C, 0x8C, 0x8C, 0x8C, 0x8C, 0x8C, 
0x8C, 0x58, 0x00, 0x00, 0x00, 0x00, 0x00, 0x00, 0x1E, 0xE1, 0xFF, 0xFB, 0x75, 0x74, 0x74, 0x79, 
0x8A, 0xC2, 0xFF, 0xFF, 0x6F, 0x00, 0x00, 0x00, 0x00, 0x00, 0x00, 0x00, 0xC0, 0xFF, 0xC2, 0x00, 
0x00, 0x00, 0x00, 0x00, 0x00, 0x67, 0xFF, 0x2E, 0x00, 0x00, 0x00, 0x00, 0x00, 0x00, 0x01, 0xEE, 
0xFF, 0x79, 0x00, 0x00, 0x00, 0x00, 0x00, 0x00, 0x00, 0xD6, 0x01, 0x00, 0x00, 0x00, 0x00, 0x00, 
0x00, 0x32, 0xFF, 0xFF, 0x2F, 0x00, 0x00, 0x00, 0x00, 0x00, 0x00, 0x00, 0x8E, 0x00, 0x00, 0x00, 
0x00, 0x00, 0x00, 0x00, 0x7D, 0xFF, 0xE4, 0x00, 0x00, 0x00, 0x00, 0x00, 0x00, 0x00, 0x00, 0x00, 
0x00, 0x00, 0x00, 0x00, 0x00, 0x00, 0x00, 0xC8, 0xFF, 0x9B, 0x00, 0x00, 0x00, 0x00, 0x5C, 0x2A, 
0x00, 0x00, 0x00, 0x00, 0x00, 0x00, 0x00, 0x00, 0x00, 0x14, 0xFD, 0xFF, 0x52, 0x00, 0x00, 0x00, 
0x16, 0xCC, 0x01, 0x00, 0x00, 0x00, 0x00, 0x00, 0x00, 0x00, 0x00, 0x00, 0x5D, 0xFF, 0xFF, 0x45, 
0x38, 0x42, 0x6D, 0xDB, 0xA4, 0x00, 0x00, 0x00, 0x00, 0x00, 0x00, 0x00, 0x00, 0x00, 0x00, 0xA7, 
0xFF, 0xEA, 0xC0, 0xC1, 0xCE, 0xF9, 0xFF, 0x5C, 0x00, 0x00, 0x00, 0x00, 0x00, 0x00, 0x00, 0x00, 
0x00, 0x03, 0xED, 0xFF, 0x7B, 0x00, 0x00, 0x00, 0x37, 0xFE, 0x16, 0x00, 0x00, 0x00, 0x00, 0x00, 
0x00, 0x00, 0x00, 0x00, 0x3C, 0xFF, 0xFF, 0x30, 0x00, 0x00, 0x00, 0x00, 0xBD, 0x00, 0x00, 0x00, 
0x00, 0x00, 0x00, 0x00, 0x00, 0x00, 0x00, 0x86, 0xFF, 0xE5, 0x00, 0x00, 0x00, 0x00, 0x0C, 0x74, 
0x00, 0x00, 0x00, 0x00, 0x00, 0x00, 0x00, 0x00, 0x00, 0x00, 0xD0, 0xFF, 0x9A, 0x00, 0x00, 0x00, 
0x00, 0x00, 0x00, 0x00, 0x00, 0x04, 0x11, 0x00, 0x00, 0x00, 0x00, 0x00, 0x1B, 0xFF, 0xFF, 0x4F, 
0x00, 0x00, 0x00, 0x00, 0x00, 0x00, 0x00, 0x00, 0x76, 0x3A, 0x00, 0x00, 0x00, 0x00, 0x00, 0x65, 
0xFF, 0xF9, 0x0B, 0x00, 0x00, 0x00, 0x00, 0x00, 0x00, 0x00, 0x31, 0xD9, 0x01, 0x00, 0x00, 0x00, 
0x00, 0x00, 0xB7, 0xFF, 0xC4, 0x00, 0x00, 0x00, 0x00, 0x00, 0x00, 0x00, 0x35, 0xE9, 0x8C, 0x00, 
0x00, 0x00, 0x00, 0x00, 0x2A, 0xFC, 0xFF, 0xC6, 0x05, 0x00, 0x00, 0x00, 0x10, 0x43, 0x9C, 0xFA, 
0xFF, 0x35, 0x00, 0x00, 0x00, 0x46, 0x99, 0xED, 0xFF, 0xFF, 0xFF, 0xFA, 0xF0, 0xF0, 0xF8, 0xFF, 
0xFF, 0xFF, 0xFF, 0xDE, 0x00, 0x00, 0x00, 0x00, 0x00, 0x00, 0x00, 0x00, 0x00, 0x00, 0x00, 0x00, 
0x00, 0x00, 0x00, 0x00, 0x00, 0x00, 0x00, 0x23, 0xE8, 0x00, 0x00, 0x00, 0x00, 0x00, 0x00, 0x00, 
0x00, 0x00, 0x00, 0x00, 0x00, 0x00, 0x00, 0x00, 0x00, 0x07, 0xCD, 0xE6, 0x00, 0x00, 0x00, 0x00, 
0x00, 0x00, 0x00, 0x00, 0x00, 0x00, 0x00, 0x00, 0x00, 0x00, 0x00, 0x00, 0x96, 0xFF, 0xD6, 0x00, 
0x00, 0x00, 0x00, 0x00, 0x00, 0x00, 0x00, 0x00, 0x00, 0x00, 0x00, 0x00, 0x00, 0x00, 0x57, 0xBF, 
0xFF, 0xC5, 0x00, 0x00, 0x00, 0x00, 0x00, 0x00, 0x00, 0x00, 0x00, 0x00, 0x00, 0x00, 0x00, 0x00, 
0x25, 0xCA, 0x3B, 0xFF, 0xB5, 0x00, 0x00, 0x00, 0x00, 0x00, 0x00, 0x00, 0x00, 0x00, 0x00, 0x00, 
0x00, 0x00, 0x08, 0xC6, 0x2C, 0x43, 0xFF, 0xA4, 0x00, 0x00, 0x00, 0x00, 0x00, 0x00, 0x00, 0x00, 
0x00, 0x00, 0x00, 0x00, 0x00, 0x9A, 0x61, 0x00, 0x57, 0xFF, 0x94, 0x00, 0x00, 0x00, 0x00, 0x00, 
0x00, 0x00, 0x00, 0x00, 0x00, 0x00, 0x00, 0x5A, 0x9F, 0x00, 0x00, 0x6B, 0xFF, 0x83, 0x00, 0x00, 
0x00, 0x00, 0x00, 0x00, 0x00, 0x00, 0x00, 0x00, 0x00, 0x27, 0xC7, 0x0A, 0x00, 0x00, 0x7F, 0xFF, 
0x72, 0x00, 0x00, 0x00, 0x00, 0x00, 0x00, 0x00, 0x00, 0x00, 0x00, 0x09, 0xC6, 0x28, 0x00, 0x00, 
0x00, 0x93, 0xFF, 0x62, 0x00, 0x00, 0x00, 0x00, 0x00, 0x00, 0x00, 0x00, 0x00, 0x00, 0x9D, 0x5A, 
0x00, 0x00, 0x00, 0x00, 0xA7, 0xFF, 0x51, 0x00, 0x00, 0x00, 0x00, 0x00, 0x00, 0x00, 0x00, 0x00, 
0x5E, 0x98, 0x00, 0x00, 0x00, 0x00, 0x00, 0xBA, 0xFF, 0x41, 0x00, 0x00, 0x00, 0x00, 0x00, 0x00, 
0x00, 0x00, 0x2A, 0xF4, 0xFF, 0xFF, 0xFF, 0xFF, 0xFF, 0xFF, 0xFF, 0xFF, 0x30, 0x00, 0x00, 0x00, 
0x00, 0x00, 0x00, 0x00, 0x0A, 0xC6, 0x22, 0x00, 0x00, 0x00, 0x00, 0x00, 0x00, 0xE2, 0xFF, 0x20, 
0x00, 0x00, 0x00, 0x00, 0x00, 0x00, 0x00, 0xA0, 0x53, 0x00, 0x00, 0x00, 0x00, 0x00, 0x00, 0x00, 
0xF4, 0xFF, 0x0F, 0x00, 0x00, 0x00, 0x00, 0x00, 0x00, 0x70, 0x8E, 0x00, 0x00, 0x00, 0x00, 0x00, 
0x00, 0x00, 0x0A, 0xFF, 0xFB, 0x01, 0x00, 0x00, 0x00, 0x00, 0x00, 0x5D, 0xD7, 0x03, 0x00, 0x00, 
0x00, 0x00, 0x00, 0x00, 0x00, 0x31, 0xFF, 0xEC, 0x00, 0x00, 0x00, 0x00, 0x1C, 0x87, 0xFD, 0xD9, 
0x1E, 0x00, 0x00, 0x00, 0x00, 0x00, 0x01, 0x1F, 0xB3, 0xFF, 0xFF, 0x63, 0x0B, 0x00, 0x34, 0xFF, 
0xFF, 0xFF, 0xFF, 0xFF, 0x1F, 0x00, 0x00, 0x00, 0x00, 0xC0, 0xFF, 0xFF, 0xFF, 0xFF, 0xFF, 0xFF, 
0x37, 0x00, 0x00, 0x00, 0x00, 0x00, 0x6A, 0xFF, 0xFF, 0xFF, 0xFF, 0xFF, 0xFF, 0xFF, 0xFF, 0xFF, 
0xFF, 0xFF, 0xFF, 0xFF, 0x51, 0x00, 0x00, 0x00, 0x00, 0x00, 0x03, 0x24, 0xD3, 0xFF, 0xB5, 0x00, 
0x00, 0x00, 0x01, 0x08, 0x20, 0x8A, 0xFF, 0xF9, 0x0D, 0x00, 0x00, 0x00, 0x00, 0x00, 0x00, 0x00, 
0xA9, 0xFF, 0x71, 0x00, 0x00, 0x00, 0x00, 0x00, 0x00, 0x00, 0xD8, 0xBB, 0x00, 0x00, 0x00, 0x00, 
0x00, 0x00, 0x00, 0x00, 0xDD, 0xFF, 0x2D, 0x00, 0x00, 0x00, 0x00, 0x00, 0x00, 0x00, 0xBB, 0x70, 
0x00, 0x00, 0x00, 0x00, 0x00, 0x00, 0x00, 0x21, 0xFF, 0xE8, 0x00, 0x00, 0x00, 0x00, 0x00, 0x00, 
0x00, 0x00, 0xDF, 0x25, 0x00, 0x00, 0x00, 0x00, 0x00, 0x00, 0x00, 0x66, 0xFF, 0xA5, 0x00, 0x00, 
0x00, 0x00, 0x00, 0x00, 0x00, 0x00, 0x00, 0x00, 0x00, 0x00, 0x00, 0x00, 0x00, 0x00, 0x00, 0xA9, 
0xFF, 0x61, 0x00, 0x00, 0x00, 0x00, 0x00, 0x00, 0x00, 0x00, 0x00, 0x00, 0x00, 0x00, 0x00, 0x00, 
0x00, 0x00, 0x01, 0xEB, 0xFF, 0x1D, 0x00, 0x00, 0x00, 0x00, 0x00, 0x00, 0x00, 0x00, 0x00, 0x00, 
0x00, 0x00, 0x00, 0x00, 0x00, 0x00, 0x31, 0xFF, 0xFF, 0xFF, 0xFF, 0xFC, 0xF1, 0xD4, 0x9D, 0x2D, 
0x00, 0x00, 0x00, 0x00, 0x00, 0x00, 0x00, 0x00, 0x00, 0x00, 0x74, 0xFF, 0x99, 0x01, 0x0C, 0x1C, 
0x49, 0x98, 0xF7, 0xFC, 0x6B, 0x00, 0x00, 0x00, 0x00, 0x00, 0x00, 0x00, 0x00, 0x00, 0xB8, 0xFF, 
0x56, 0x00, 0x00, 0x00, 0x00, 0x00, 0x34, 0xED, 0xFD, 0x3C, 0x00, 0x00, 0x00, 0x00, 0x00, 0x00, 
0x00, 0x06, 0xF5, 0xFE, 0x14, 0x00, 0x00, 0x00, 0x00, 0x00, 0x00, 0x65, 0xFF, 0xB5, 0x00, 0x00, 
0x00, 0x00, 0x00, 0x00, 0x00, 0x3F, 0xFF, 0xCE, 0x00, 0x00, 0x00, 0x00, 0x00, 0x00, 0x00, 0x17, 
0xFF, 0xEB, 0x00, 0x00, 0x00, 0x00, 0x00, 0x00, 0x00, 0x83, 0xFF, 0x8A, 0x00, 0x00, 0x00, 0x00, 
0x00, 0x00, 0x00, 0x0E, 0xFF, 0xF5, 0x00, 0x00, 0x00, 0x00, 0x00, 0x00, 0x00, 0xC6, 0xFF, 0x47, 
0x00, 0x00, 0x00, 0x00, 0x00, 0x00, 0x00, 0x4E, 0xFF, 0xC2, 0x00, 0x00, 0x00, 0x00, 0x00, 0x00, 
0x10, 0xFB, 0xF9, 0x0A, 0x00, 0x00, 0x00, 0x00, 0x00, 0x00, 0x07, 0xD0, 0xFF, 0x58, 0x00, 0x00, 
0x00, 0x00, 0x00, 0x00, 0x72, 0xFF, 0xBF, 0x00, 0x00, 0x00, 0x00, 0x00, 0x00, 0x0E, 0xB2, 0xFF, 
0xB2, 0x00, 0x00, 0x00, 0x00, 0x00, 0x10, 0x4E, 0xF0, 0xFF, 0x98, 0x1F, 0x0D, 0x04, 0x12, 0x39, 
0x7D, 0xE4, 0xFF, 0xB0, 0x0B, 0x00, 0x00, 0x00, 0x00, 0x4E, 0xFF, 0xFF, 0xFF, 0xFF, 0xFF, 0xFF, 
0xFF, 0xFF, 0xFA, 0xEA, 0xCE, 0x97, 0x46, 0x00, 0x00, 0x00, 0x00, 0x00, 0x00, 0x00, 0x00, 0x00, 
0x00, 0x00, 0xBC, 0xFF, 0xFF, 0xFF, 0xFF, 0xFF, 0xFF, 0xF9, 0xE5, 0xB2, 0x5E, 0x04, 0x00, 0x00, 
0x00, 0x00, 0x00, 0x00, 0x04, 0x22, 0xD2, 0xFF, 0xA7, 0x0F, 0x03, 0x10, 0x37, 0x8F, 0xFC, 0xCC, 
0x14, 0x00, 0x00, 0x00, 0x00, 0x00, 0x00, 0x00, 0xA6, 0xFF, 0x5D, 0x00, 0x00, 0x00, 0x00, 0x00, 
0x69, 0xFF, 0xA2, 0x00, 0x00, 0x00, 0x00, 0x00, 0x00, 0x00, 0xDC, 0xFF, 0x1D, 0x00, 0x00, 0x00, 
0x00, 0x00, 0x0C, 0xFF, 0xF0, 0x00, 0x00, 0x00, 0x00, 0x00, 0x00, 0x1F, 0xFF, 0xDC, 0x00, 0x00, 
0x00, 0x00, 0x00, 0x00, 0x16, 0xFF, 0xED, 0x00, 0x00, 0x00, 0x00, 0x00, 0x00, 0x64, 0xFF, 0x9C, 
0x00, 0x00, 0x00, 0x00, 0x00, 0x00, 0x74, 0xFF, 0xA4, 0x00, 0x00, 0x00, 0x00, 0x00, 0x00, 0xA8, 
0xFF, 0x5C, 0x00, 0x00, 0x00, 0x00, 0x00, 0x4F, 0xF7, 0xEB, 0x1F, 0x00, 0x00, 0x00, 0x00, 0x00, 
0x01, 0xEA, 0xFF, 0x1C, 0x01, 0x0C, 0x27, 0x5A, 0xB5, 0xFF, 0xC6, 0x28, 0x00, 0x00, 0x00, 0x00, 
0x00, 0x00, 0x2F, 0xFF, 0xFF, 0xFF, 0xFF, 0xFF, 0xFF, 0xFF, 0xE6, 0x43, 0x00, 0x00, 0x00, 0x00, 
0x00, 0x00, 0x00, 0x00, 0x73, 0xFF, 0x95, 0x00, 0x04, 0x12, 0x35, 0x7A, 0xE8, 0xEB, 0x4B, 0x00, 
0x00, 0x00, 0x00, 0x00, 0x00, 0x00, 0xB7, 0xFF, 0x52, 0x00, 0x00, 0x00, 0x00, 0x00, 0x13, 0xD3, 
0xFB, 0x3C, 0x00, 0x00, 0x00, 0x00, 0x00, 0x06, 0xF4, 0xFD, 0x11, 0x00, 0x00, 0x00, 0x00, 0x00, 
0x00, 0x43, 0xFF, 0xBE, 0x00, 0x00, 0x00, 0x00, 0x00, 0x3F, 0xFF, 0xCC, 0x00, 0x00, 0x00, 0x00, 
0x00, 0x00, 0x00, 0x0A, 0xFF, 0xF2, 0x00, 0x00, 0x00, 0x00, 0x00, 0x83, 0xFF, 0x88, 0x00, 0x00, 
0x00, 0x00, 0x00, 0x00, 0x00, 0x13, 0xFF, 0xE6, 0x00, 0x00, 0x00, 0x00, 0x00, 0xC6, 0xFF, 0x45, 
0x00, 0x00, 0x00, 0x00, 0x00, 0x00, 0x00, 0x54, 0xFF, 0xAD, 0x00, 0x00, 0x00, 0x00, 0x14, 0xFB, 
0xF8, 0x09, 0x00, 0x00, 0x00, 0x00, 0x00, 0x00, 0x0C, 0xD9, 0xFF, 0x3F, 0x00, 0x00, 0x00, 0x00, 
0x72, 0xFF, 0xBE, 0x00, 0x00, 0x00, 0x00, 0x00, 0x00, 0x26, 0xCE, 0xFF, 0x92, 0x00, 0x00, 0x00, 
0x09, 0x43, 0xEA, 0xFF, 0x97, 0x19, 0x07, 0x04, 0x18, 0x4B, 0xA0, 0xFA, 0xF8, 0x81, 0x01, 0x00, 
0x00, 0x2E, 0xFF, 0xFF, 0xFF, 0xFF, 0xFF, 0xFF, 0xFF, 0xFE, 0xF6, 0xE4, 0xBD, 0x78, 0x1C, 0x00, 
0x00, 0x00, 0x00, 0x00, 0x00, 0x00, 0x00, 0x00, 0x84, 0x8C, 0x8C, 0x8C, 0x8C, 0x8C, 0x8C, 0x8C, 
0x8C, 0x8C, 0x8C, 0x8C, 0x8C, 0x8C, 0x45, 0x00, 0x00, 0x00, 0x00, 0x00, 0x05, 0x31, 0xEA, 0xFF, 
0xFE, 0x6D, 0x68, 0x68, 0x68, 0x69, 0x76, 0xA4, 0xFB, 0xFF, 0x44, 0x00, 0x00, 0x00, 0x00, 0x00, 
0x00, 0x00, 0xC7, 0xFF, 0xC9, 0x00, 0x00, 0x00, 0x00, 0x00, 0x00, 0x00, 0x81, 0xF3, 0x06, 0x00, 
0x00, 0x00, 0x00, 0x00, 0x00, 0x02, 0xEF, 0xFF, 0x7D, 0x00, 0x00, 0x00, 0x00, 0x00, 0x00, 0x00, 
0x43, 0xAE, 0x00, 0x00, 0x00, 0x00, 0x00, 0x00, 0x00, 0x36, 0xFF, 0xFF, 0x32, 0x00, 0x00, 0x00, 
0x00, 0x00, 0x00, 0x00, 0x45, 0x63, 0x00, 0x00, 0x00, 0x00, 0x00, 0x00, 0x00, 0x82, 0xFF, 0xE5, 
0x01, 0x00, 0x00, 0x00, 0x00, 0x00, 0x00, 0x00, 0x1F, 0x11, 0x00, 0x00, 0x00, 0x00, 0x00, 0x00, 
0x00, 0xCF, 0xFF, 0x9B, 0x00, 0x00, 0x00, 0x00, 0x00, 0x00, 0x00, 0x00, 0x00, 0x00, 0x00, 0x00, 
0x00, 0x00, 0x00, 0x00, 0x1B, 0xFF, 0xFF, 0x50, 0x00, 0x00, 0x00, 0x00, 0x00, 0x00, 0x00, 0x00, 
0x00, 0x00, 0x00, 0x00, 0x00, 0x00, 0x00, 0x00, 0x68, 0xFF, 0xF8, 0x0B, 0x00, 0x00, 0x00, 0x00, 
0x00, 0x00, 0x00, 0x00, 0x00, 0x00, 0x00, 0x00, 0x00, 0x00, 0x00, 0x00, 0xB4, 0xFF, 0xB9, 0x00, 
0x00, 0x00, 0x00, 0x00, 0x00, 0x00, 0x00, 0x00, 0x00, 0x00, 0x00, 0x00, 0x00, 0x00, 0x00, 0x09, 
0xF6, 0xFF, 0x6D, 0x00, 0x00, 0x00, 0x00, 0x00, 0x00, 0x00, 0x00, 0x00, 0x00, 0x00, 0x00, 0x00, 
0x00, 0x00, 0x00, 0x4D, 0xFF, 0xFF, 0x22, 0x00, 0x00, 0x00, 0x00, 0x00, 0x00, 0x00, 0x00, 0x00, 
0x00, 0x00, 0x00, 0x00, 0x00, 0x00, 0x00, 0x9A, 0xFF, 0xD6, 0x00, 0x00, 0x00, 0x00, 0x00, 0x00, 
0x00, 0x00, 0x00, 0x00, 0x00, 0x00, 0x00, 0x00, 0x00, 0x00, 0x01, 0xE5, 0xFF, 0x8B, 0x00, 0x00, 
0x00, 0x00, 0x00, 0x00, 0x00, 0x00, 0x00, 0x00, 0x00, 0x00, 0x00, 0x00, 0x00, 0x00, 0x33, 0xFF, 
0xFF, 0x40, 0x00, 0x00, 0x00, 0x00, 0x00, 0x00, 0x00, 0x00, 0x00, 0x00, 0x00, 0x00, 0x00, 0x00, 
0x00, 0x00, 0x80, 0xFF, 0xF0, 0x04, 0x00, 0x00, 0x00, 0x00, 0x00, 0x00, 0x00, 0x00, 0x00, 0x00, 
0x00, 0x00, 0x00, 0x00, 0x00, 0x00, 0xD7, 0xFF, 0xAF, 0x00, 0x00, 0x00, 0x00, 0x00, 0x00, 0x00, 
0x00, 0x00, 0x00, 0x00, 0x00, 0x00, 0x00, 0x00, 0x00, 0x53, 0xFF, 0xFF, 0x9F, 0x00, 0x00, 0x00, 
0x00, 0x00, 0x00, 0x00, 0x00, 0x00, 0x00, 0x00, 0x00, 0x00, 0x00, 0x7B, 0xA8, 0xF8, 0xFF, 0xFF, 
0xFD, 0xB3, 0x80, 0x00, 0x00, 0x00, 0x00, 0x00, 0x00, 0x00, 0x00, 0x00, 0x00, 0x00, 0x00, 0x00, 
0x00, 0x00, 0x00, 0x00, 0x00, 0x00, 0x00, 0x1D, 0xFF, 0xFF, 0xFF, 0xFF, 0xFF, 0xFF, 0xFF, 0xFF, 
0xFF, 0xFF, 0xFF, 0xFF, 0xFF, 0xE3, 0x00, 0x00, 0x00, 0x00, 0x00, 0x00, 0x00, 0x00, 0x00, 0x14, 
0x6A, 0xA8, 0x00, 0x00, 0x00, 0x00, 0x00, 0x81, 0xFF, 0xFF, 0x91, 0x2B, 0x09, 0x00, 0x00, 0x00, 
0x00, 0x00, 0x00, 0x00, 0x00, 0x00, 0x00, 0x1A, 0x72, 0x00, 0x00, 0x00, 0x00, 0x00, 0xC2, 0xFF, 
0xA2, 0x00, 0x00, 0x00, 0x00, 0x00, 0x00, 0x00, 0x00, 0x00, 0x00, 0x00, 0x00, 0x00, 0x43, 0x3B, 
0x00, 0x00, 0x00, 0x00, 0x09, 0xF9, 0xFE, 0x23, 0x00, 0x00, 0x00, 0x00, 0x00, 0x00, 0x00, 0x00, 
0x00, 0x00, 0x00, 0x00, 0x00, 0x7D, 0x08, 0x00, 0x00, 0x00, 0x00, 0x44, 0xFF, 0xCD, 0x00, 0x00, 
0x00, 0x00, 0x00, 0x00, 0x00, 0x00, 0x00, 0x00, 0x00, 0x00, 0x00, 0x00, 0x96, 0x00, 0x00, 0x00, 
0x00, 0x00, 0x85, 0xFF, 0x8C, 0x00, 0x00, 0x00, 0x00, 0x00, 0x00, 0x00, 0x00, 0x00, 0x00, 0x00, 
0x00, 0x00, 0x2A, 0x84, 0x00, 0x00, 0x00, 0x00, 0x00, 0xC6, 0xFF, 0x4B, 0x00, 0x00, 0x00, 0x00, 
0x00, 0x00, 0x00, 0x00, 0x00, 0x00, 0x00, 0x00, 0x00, 0x84, 0x3E, 0x00, 0x00, 0x00, 0x00, 0x0C, 
0xFB, 0xFC, 0x0E, 0x00, 0x00, 0x00, 0x00, 0x00, 0x00, 0x00, 0x00, 0x00, 0x00, 0x00, 0x00, 0x02, 
0xD5, 0x05, 0x00, 0x00, 0x00, 0x00, 0x48, 0xFF, 0xC8, 0x00, 0x00, 0x00, 0x00, 0x00, 0x00, 0x00, 
0x00, 0x00, 0x00, 0x00, 0x00, 0x00, 0x48, 0xAB, 0x00, 0x00, 0x00, 0x00, 0x00, 0x89, 0xFF, 0x87, 
0x00, 0x00, 0x00, 0x00, 0x00, 0x00, 0x00, 0x00, 0x00, 0x00, 0x00, 0x00, 0x00, 0xB2, 0x5B, 0x00, 
0x00, 0x00, 0x00, 0x00, 0xCA, 0xFF, 0x46, 0x00, 0x00, 0x00, 0x00, 0x00, 0x00, 0x00, 0x00, 0x00, 
0x00, 0x00, 0x00, 0x22, 0xF4, 0x0E, 0x00, 0x00, 0x00, 0x00, 0x0E, 0xFC, 0xFA, 0x0B, 0x00, 0x00, 
0x00, 0x00, 0x00, 0x00, 0x00, 0x00, 0x00, 0x00, 0x00, 0x00, 0x97, 0xA7, 0x00, 0x00, 0x00, 0x00, 
0x00, 0x4C, 0xFF, 0xC3, 0x00, 0x00, 0x00, 0x00, 0x00, 0x00, 0x00, 0x00, 0x00, 0x00, 0x00, 0x00, 
0x20, 0xF9, 0x44, 0x00, 0x00, 0x00, 0x00, 0x00, 0x8D, 0xFF, 0x82, 0x00, 0x00, 0x00, 0x00, 0x00, 
0x00, 0x00, 0x00, 0x00, 0x00, 0x00, 0x00, 0xA8, 0xD7, 0x00, 0x00, 0x00, 0x00, 0x00, 0x00, 0xD2, 
0xFF, 0x41, 0x00, 0x00, 0x00, 0x00, 0x00, 0x00, 0x00, 0x00, 0x00, 0x00, 0x00, 0x49, 0xFF, 0x61, 
0x00, 0x00, 0x00, 0x00, 0x00, 0x1D, 0xFF, 0xF7, 0x08, 0x00, 0x00, 0x00, 0x00, 0x00, 0x00, 0x00, 
0x00, 0x00, 0x00, 0x20, 0xE9, 0xDB, 0x04, 0x00, 0x00, 0x00, 0x00, 0x00, 0x74, 0xFF, 0xB5, 0x00, 
0x00, 0x00, 0x00, 0x00, 0x00, 0x00, 0x00, 0x00, 0x1E, 0x6B, 0xE9, 0xFF, 0x4C, 0x00, 0x00, 0x00, 
0x00, 0x06, 0x37, 0xE5, 0xFF, 0xD2, 0x31, 0x09, 0x00, 0x00, 0x00, 0x00, 0x00, 0x00, 0x2A, 0xFF, 
0xFF, 0xFF, 0xFF, 0xFF, 0xFF, 0xFF, 0xFF, 0xFF, 0xFF, 0xFF, 0xFF, 0xFF, 0xFF, 0xFF, 0xD4, 0x00, 
0x00, 0x00, 0x00, 0x00, 0x00, 0x80, 0xFF, 0xEC, 0x74, 0x27, 0x08, 0x00, 0x00, 0x00, 0x00, 0x00, 
0x00, 0x07, 0x2B, 0xB9, 0xFF, 0x7F, 0x00, 0x00, 0x00, 0x00, 0x00, 0x00, 0xD5, 0xD8, 0x18, 0x00, 
0x00, 0x00, 0x00, 0x00, 0x00, 0x00, 0x00, 0x00, 0x00, 0x00, 0x0C, 0xED, 0x2A, 0x00, 0x00, 0x00, 
0x00, 0x00, 0x2A, 0xF8, 0x25, 0x00, 0x00, 0x00, 0x00, 0x00, 0x00, 0x00, 0x00, 0x00, 0x00, 0x00, 
0x00, 0x00, 0x86, 0x00, 0x00, 0x00, 0x00, 0x00, 0x00, 0x80, 0x8C, 0x00, 0x00, 0x00, 0x00, 0x00, 
0x00, 0x00, 0x00, 0x00, 0x00, 0x00, 0x00, 0x00, 0x01, 0x51, 0x00, 0x00, 0x00, 0x00, 0x00, 0x00, 
0xD5, 0x2D, 0x00, 0x00, 0x00, 0x00, 0x00, 0x00, 0x00, 0x00, 0x00, 0x00, 0x00, 0x00, 0x00, 0x85, 
0x2A, 0x00, 0x00, 0x00, 0x00, 0x00, 0x00, 0x00, 0x00, 0x00, 0x00, 0x00, 0xA6, 0xFF, 0xFF, 0xFF, 
0xFF, 0xFF, 0xFF, 0xFF, 0xFF, 0xFF, 0xFF, 0xFF, 0xFF, 0xDF, 0x00, 0x00, 0x00, 0x00, 0x00, 0x02, 
0x22, 0xDC, 0xFF, 0x94, 0x00, 0x00, 0x00, 0x02, 0x0C, 0x37, 0xC2, 0xFF, 0x9F, 0x00, 0x00, 0x00, 
0x00, 0x00, 0x00, 0x00, 0xB3, 0xFF, 0x57, 0x00, 0x00, 0x00, 0x00, 0x00, 0x00, 0x0F, 0xFA, 0x5F, 
0x00, 0x00, 0x00, 0x00, 0x00, 0x00, 0x00, 0xE1, 0xFF, 0x1A, 0x00, 0x00, 0x00, 0x00, 0x00, 0x00, 
0x00, 0xF3, 0x1F, 0x00, 0x00, 0x00, 0x00, 0x00, 0x00, 0x22, 0xFF, 0xDC, 0x00, 0x00, 0x00, 0x00, 
0x00, 0x00, 0x00, 0x00, 0x00, 0x00, 0x00, 0x00, 0x00, 0x00, 0x00, 0x00, 0x66, 0xFF, 0x9E, 0x00, 
0x00, 0x00, 0x00, 0x00, 0x00, 0x00, 0x00, 0x00, 0x00, 0x00, 0x00, 0x00, 0x00, 0x00, 0x00, 0xA9, 
0xFF, 0x61, 0x00, 0x00, 0x00, 0x00, 0x25, 0xDA, 0x00, 0x00, 0x00, 0x00, 0x00, 0x00, 0x00, 0x00, 
0x00, 0x01, 0xEA, 0xFF, 0x23, 0x00, 0x00, 0x00, 0x00, 0x85, 0x91, 0x00, 0x00, 0x00, 0x00, 0x00, 
0x00, 0x00, 0x00, 0x00, 0x30, 0xFF, 0xE6, 0x00, 0x00, 0x00, 0x11, 0x5F, 0xF7, 0x48, 0x00, 0x00, 
0x00, 0x00, 0x00, 0x00, 0x00, 0x00, 0x00, 0x73, 0xFF, 0xFF, 0xFF, 0xFF, 0xFF, 0xFF, 0xFF, 0xF6, 
0x09, 0x00, 0x00, 0x00, 0x00, 0x00, 0x00, 0x00, 0x00, 0x00, 0xB7, 0xFF, 0x55, 0x00, 0x02, 0x10, 
0x61, 0xFB, 0xB6, 0x00, 0x00, 0x00, 0x00, 0x00, 0x00, 0x00, 0x00, 0x00, 0x05, 0xF4, 0xFE, 0x14, 
0x00, 0x00, 0x00, 0x00, 0xCD, 0x6D, 0x00, 0x00, 0x00, 0x00, 0x00, 0x00, 0x00, 0x00, 0x00, 0x3E, 
0xFF, 0xCF, 0x00, 0x00, 0x00, 0x00, 0x00, 0xEB, 0x24, 0x00, 0x00, 0x00, 0x00, 0x00, 0x00, 0x00, 
0x00, 0x00, 0x81, 0xFF, 0x8B, 0x00, 0x00, 0x00, 0x00, 0x00, 0x00, 0x00, 0x00, 0x00, 0x00, 0x00, 
0x00, 0x00, 0x00, 0x00, 0x00, 0xC4, 0xFF, 0x48, 0x00, 0x00, 0x00, 0x00, 0x00, 0x00, 0x00, 0x00, 
0x00, 0x00, 0x00, 0x00, 0x00, 0x00, 0x00, 0x11, 0xFA, 0xF9, 0x0A, 0x00, 0x00, 0x00, 0x00, 0x00, 
0x00, 0x00, 0x00, 0x78, 0xBF, 0x00, 0x00, 0x00, 0x00, 0x00, 0x6D, 0xFF, 0xC1, 0x00, 0x00, 0x00, 
0x00, 0x00, 0x00, 0x00, 0x06, 0x82, 0xFF, 0x3F, 0x00, 0x00, 0x00, 0x08, 0x42, 0xEA, 0xFF, 0xBF, 
0x0D, 0x00, 0x00, 0x04, 0x12, 0x34, 0x71, 0xD9, 0xFF, 0xBF, 0x00, 0x00, 0x00, 0x2E, 0xFF, 0xFF, 
0xFF, 0xFF, 0xFF, 0xFF, 0xFF, 0xFF, 0xFF, 0xFF, 0xFF, 0xFF, 0xFF, 0xFF, 0x3F, 0x00, 0x00, 0x00, 
0x00, 0x00, 0x00, 0x00, 0x00, 0x00, 0x5A, 0xDE, 0xF1, 0xA7, 0x12, 0x00, 0x00, 0x00, 0xB2, 0xFF, 
0xFF, 0xFF, 0xFF, 0xFF, 0xFF, 0x3F, 0x00, 0x00, 0x07, 0x8F, 0xEA, 0xE8, 0x63, 0x00, 0x00, 0x00, 
0x00, 0x00, 0x00, 0xEF, 0xFF, 0xFF, 0xFF, 0xA8, 0x00, 0x00, 0x00, 0x05, 0x33, 0xEA, 0xFF, 0xFB, 
0x6B, 0x15, 0x00, 0x00, 0x00, 0x94, 0xFF, 0xFF, 0xFF, 0xF1, 0x00, 0x00, 0x00, 0x00, 0x00, 0x00, 
0x89, 0xF1, 0x90, 0x1F, 0xF5, 0x03, 0x00, 0x00, 0x00, 0x00, 0xC0, 0xFF, 0x93, 0x00, 0x00, 0x00, 
0x00, 0x2F, 0xBA, 0x13, 0x90, 0xF1, 0x9A, 0x00, 0x00, 0x00, 0x00, 0x00, 0x00, 0x00, 0x00, 0x00, 
0x00, 0xEB, 0x17, 0x00, 0x00, 0x00, 0x00, 0xE9, 0xFF, 0x2C, 0x00, 0x00, 0x00, 0x00, 0xAF, 0x37, 
0x00, 0x00, 0x00, 0x00, 0x00, 0x00, 0x00, 0x00, 0x00, 0x00, 0x00, 0x00, 0x00, 0x00, 0xF6, 0x0A, 
0x00, 0x00, 0x00, 0x2C, 0xFF, 0xE2, 0x00, 0x00, 0x00, 0x00, 0x21, 0xC8, 0x00, 0x00, 0x00, 0x00, 
0x00, 0x00, 0x00, 0x00, 0x00, 0x00, 0x00, 0x00, 0x00, 0x00, 0x0C, 0xF3, 0x00, 0x00, 0x00, 0x00, 
0x71, 0xFF, 0x9F, 0x00, 0x00, 0x00, 0x00, 0x85, 0x5D, 0x00, 0x00, 0x00, 0x00, 0x00, 0x00, 0x00, 
0x00, 0x00, 0x00, 0x00, 0x00, 0x00, 0x00, 0x1B, 0xE4, 0x00, 0x00, 0x00, 0x00, 0xB4, 0xFF, 0x5C, 
0x00, 0x00, 0x00, 0x0E, 0xCA, 0x05, 0x00, 0x00, 0x00, 0x00, 0x00, 0x00, 0x00, 0x00, 0x00, 0x00, 
0x00, 0x00, 0x00, 0x00, 0x0A, 0xF7, 0x0B, 0x00, 0x00, 0x04, 0xF2, 0xFF, 0x19, 0x00, 0x00, 0x00, 
0x9F, 0x4B, 0x00, 0x00, 0x00, 0x00, 0x00, 0x00, 0x00, 0x00, 0x00, 0x00, 0x00, 0x00, 0x00, 0x00, 
0x00, 0x00, 0xA2, 0xAA, 0x25, 0x04, 0x3A, 0xFF, 0xD5, 0x00, 0x10, 0x3E, 0xB0, 0x6D, 0x00, 0x00, 
0x00, 0x00, 0x00, 0x00, 0x00, 0x00, 0x00, 0x00, 0x00, 0x00, 0x00, 0x00, 0x00, 0x00, 0x06, 0x58, 
0xEC, 0xFF, 0xFF, 0xFF, 0xFF, 0xFF, 0xFF, 0xFF, 0xFC, 0x41, 0x00, 0x00, 0x00, 0x00, 0x00, 0x00, 
0x00, 0x00, 0x00, 0x00, 0x00, 0x00, 0x00, 0x00, 0x00, 0x00, 0x30, 0xDC, 0xF6, 0x75, 0x11, 0x01, 
0xC2, 0xFF, 0x51, 0x27, 0xC2, 0xFF, 0xA7, 0x00, 0x00, 0x00, 0x00, 0x00, 0x00, 0x00, 0x00, 0x00, 
0x00, 0x00, 0x00, 0x00, 0x00, 0x00, 0x35, 0xF0, 0xF4, 0x31, 0x00, 0x00, 0x0B, 0xFA, 0xFB, 0x0E, 
0x00, 0x20, 0xFB, 0xFB, 0x1A, 0x00, 0x00, 0x00, 0x00, 0x00, 0x00, 0x00, 0x00, 0x00, 0x00, 0x00, 
0x00, 0x00, 0x1B, 0xE6, 0xFE, 0x53, 0x00, 0x00, 0x00, 0x4A, 0xFF, 0xC6, 0x00, 0x00, 0x00, 0xA9, 
0xFF, 0x87, 0x00, 0x00, 0x00, 0x00, 0x00, 0x00, 0x00, 0x00, 0x00, 0x00, 0x00, 0x00, 0x08, 0xCB, 
0xFF, 0x80, 0x00, 0x00, 0x00, 0x00, 0x8E, 0xFF, 0x82, 0x00, 0x00, 0x00, 0x41, 0xFF, 0xEE, 0x0B, 
0x00, 0x00, 0x00, 0x00, 0x00, 0x00, 0x00, 0x00, 0x00, 0x00, 0x00, 0xA5, 0xFF, 0xAD, 0x01, 0x00, 
0x00, 0x00, 0x00, 0xD2, 0xFF, 0x3E, 0x00, 0x00, 0x00, 0x00, 0xD7, 0xFF, 0x6D, 0x00, 0x00, 0x00, 
0x00, 0x00, 0x00, 0x00, 0x00, 0x00, 0x00, 0x78, 0xFF, 0xD1, 0x0B, 0x00, 0x00, 0x00, 0x00, 0x21, 
0xFE, 0xF4, 0x05, 0x00, 0x00, 0x00, 0x00, 0x6F, 0xFF, 0xDE, 0x03, 0x00, 0x00, 0x00, 0x00, 0x00, 
0x00, 0x00, 0x01, 0x78, 0xFD, 0xEB, 0x20, 0x00, 0x00, 0x00, 0x00, 0x00, 0x8B, 0xFF, 0xB3, 0x00, 
0x00, 0x00, 0x00, 0x00, 0x10, 0xF5, 0xFF, 0x5F, 0x00, 0x00, 0x00, 0x00, 0x00, 0x09, 0x3E, 0xBE, 
0xFF, 0xFA, 0x3F, 0x00, 0x00, 0x00, 0x00, 0x14, 0x5E, 0xF8, 0xFF, 0xCD, 0x2A, 0x05, 0x00, 0x00, 
0x00, 0x00, 0x9D, 0xFF, 0xE9, 0x3C, 0x0B, 0x00, 0x00, 0x00, 0xEA, 0xFF, 0xFF, 0xFF, 0x68, 0x00, 
0x00, 0x00, 0x00, 0x46, 0xFF, 0xFF, 0xFF, 0xFF, 0xFF, 0xFF, 0x99, 0x00, 0x00, 0x00, 0x00, 0x34, 
0xFF, 0xFF, 0xFF, 0xFF, 0x15, 0x00, 0x00, 0x00, 0x00, 0x00, 0x00, 0x33, 0xFF, 0x33, 0x53, 0xB7, 
0xEE, 0xF3, 0xC2, 0x46, 0x00, 0x00, 0x00, 0x00, 0x00, 0x9A, 0xFF, 0xDE, 0x62, 0x22, 0x09, 0x2D, 
0xBB, 0xFD, 0x48, 0x00, 0x00, 0x00, 0x0C, 0xF3, 0xBF, 0x0A, 0x00, 0x00, 0x00, 0x00, 0x20, 0xFF, 
0xCE, 0x00, 0x00, 0x00, 0x67, 0xDC, 0x0B, 0x00, 0x00, 0x00, 0x00, 0x00, 0x0F, 0xFF, 0xF9, 0x00, 
0x00, 0x00, 0xCD, 0x4C, 0x00, 0x00, 0x00, 0x00, 0x00, 0x00, 0x3B, 0xFF, 0xE1, 0x00, 0x00, 0x00, 
0x00, 0x00, 0x00, 0x00, 0x00, 0x00, 0x00, 0x00, 0xAA, 0xFF, 0x8D, 0x00, 0x00, 0x00, 0x00, 0x00, 
0x00, 0x00, 0x00, 0x00, 0x00, 0x67, 0xFF, 0xD9, 0x10, 0x00, 0x00, 0x00, 0x00, 0x00, 0x00, 0x04, 
0x16, 0x46, 0xA8, 0xFF, 0xC0, 0x16, 0x00, 0x00, 0x00, 0x00, 0x00, 0x00, 0x00, 0xDC, 0xFF, 0xFF, 
0xFF, 0x80, 0x00, 0x00, 0x00, 0x00, 0x00, 0x00, 0x00, 0x00, 0x00, 0x06, 0x18, 0x45, 0xAA, 0xFF, 
0xA2, 0x04, 0x00, 0x00, 0x00, 0x00, 0x00, 0x00, 0x00, 0x00, 0x00, 0x00, 0x00, 0xA3, 0xFF, 0x77, 
0x00, 0x00, 0x00, 0x00, 0x00, 0x00, 0x00, 0x00, 0x00, 0x00, 0x00, 0x28, 0xFF, 0xDC, 0x00, 0x00, 
0x00, 0x00, 0x00, 0x00, 0x00, 0x00, 0x00, 0x00, 0x00, 0x09, 0xFF, 0xF6, 0x00, 0x00, 0x00, 0x00, 
0x00, 0x00, 0x00, 0x00, 0x00, 0x00, 0x00, 0x2F, 0xFF, 0xD7, 0x00, 0x00, 0x00, 0x00, 0x00, 0x00, 
0x00, 0x00, 0x00, 0x00, 0x00, 0x8C, 0xFF, 0x87, 0x00, 0x00, 0x00, 0x00, 0x00, 0x00, 0x00, 0x00, 
0x00, 0x00, 0x29, 0xF7, 0xEE, 0x14, 0x00, 0xAC, 0x35, 0x00, 0x00, 0x00, 0x00, 0x00, 0x00, 0x1A, 
0xD9, 0xFB, 0x46, 0x00, 0x00, 0x5A, 0xED, 0xA9, 0x4B, 0x14, 0x06, 0x21, 0x70, 0xEB, 0xEC, 0x45, 
0x00, 0x00, 0x00, 0x00, 0x12, 0x7E, 0xC9, 0xEE, 0xFB, 0xEB, 0xC2, 0x76, 0x0E, 0x00, 0x00, 0x00, 
0x00, 0x00, 0x00, 0x00, 0x00, 0x00, 0xA8, 0xFF, 0xFF, 0xFF, 0xFF, 0xFF, 0xFF, 0x55, 0x00, 0x00, 
0x00, 0x5C, 0xFF, 0xFF, 0xFF, 0xFF, 0xFF, 0xFF, 0x51, 0x00, 0x00, 0x00, 0x00, 0x00, 0x02, 0x17, 
0x97, 0xFF, 0xFD, 0x73, 0x1A, 0x01, 0x00, 0x00, 0x00, 0x01, 0x16, 0xA3, 0xFF, 0xFA, 0x68, 0x19, 
0x00, 0x00, 0x00, 0x00, 0x00, 0x00, 0x00, 0x00, 0x5E, 0xFF, 0xA5, 0x00, 0x00, 0x00, 0x00, 0x00, 
0x00, 0x00, 0x00, 0xA0, 0xFF, 0x8F, 0x00, 0x00, 0x00, 0x00, 0x00, 0x00, 0x00, 0x00, 0x00, 0x00, 
0xA5, 0xFF, 0x3C, 0x00, 0x00, 0x00, 0x00, 0x00, 0x00, 0x00, 0x93, 0xF6, 0xFF, 0x26, 0x00, 0x00, 
0x00, 0x00, 0x00, 0x00, 0x00, 0x00, 0x00, 0x16, 0xF8, 0xE9, 0x01, 0x00, 0x00, 0x00, 0x00, 0x00, 
0x00, 0x91, 0x74, 0xF2, 0xD7, 0x00, 0x00, 0x00, 0x00, 0x00, 0x00, 0x00, 0x00, 0x00, 0x00, 0x67, 
0xFF, 0xA7, 0x00, 0x00, 0x00, 0x00, 0x00, 0x00, 0x8F, 0x70, 0x40, 0xFF, 0x95, 0x00, 0x00, 0x00, 
0x00, 0x00, 0x00, 0x00, 0x00, 0x00, 0x00, 0xAA, 0xFF, 0x63, 0x00, 0x00, 0x00, 0x00, 0x00, 0x8C, 
0x73, 0x00, 0x88, 0xFF, 0x53, 0x00, 0x00, 0x00, 0x00, 0x00, 0x00, 0x00, 0x00, 0x00, 0x01, 0xEB, 
0xFF, 0x20, 0x00, 0x00, 0x00, 0x00, 0x8A, 0x75, 0x00, 0x00, 0xD0, 0xFE, 0x13, 0x00, 0x00, 0x00, 
0x00, 0x00, 0x00, 0x00, 0x00, 0x00, 0x31, 0xFF, 0xDD, 0x00, 0x00, 0x00, 0x00, 0x87, 0x78, 0x00, 
0x00, 0x18, 0xFE, 0xCF, 0x00, 0x00, 0x00, 0x00, 0x00, 0x00, 0x00, 0x00, 0x00, 0x00, 0x74, 0xFF, 
0x9A, 0x00, 0x00, 0x00, 0x85, 0x7B, 0x00, 0x00, 0x00, 0x5F, 0xFF, 0x8D, 0x00, 0x00, 0x00, 0x00, 
0x00, 0x00, 0x00, 0x00, 0x00, 0x00, 0xB7, 0xFF, 0x56, 0x00, 0x00, 0x82, 0x7D, 0x00, 0x00, 0x00, 
0x00, 0xA7, 0xFF, 0x4C, 0x00, 0x00, 0x00, 0x00, 0x00, 0x00, 0x00, 0x00, 0x00, 0x05, 0xF4, 0xFE, 
0x15, 0x00, 0x81, 0x7F, 0x00, 0x00, 0x00, 0x00, 0x02, 0xEC, 0xFC, 0x0E, 0x00, 0x00, 0x00, 0x00, 
0x00, 0x00, 0x00, 0x00, 0x00, 0x3D, 0xFF, 0xD0, 0x00, 0x7E, 0x82, 0x00, 0x00, 0x00, 0x00, 0x00, 
0x36, 0xFF, 0xC8, 0x00, 0x00, 0x00, 0x00, 0x00, 0x00, 0x00, 0x00, 0x00, 0x00, 0x81, 0xFF, 0x8C, 
0x7B, 0x84, 0x00, 0x00, 0x00, 0x00, 0x00, 0x00, 0x7E, 0xFF, 0x86, 0x00, 0x00, 0x00, 0x00, 0x00, 
0x00, 0x00, 0x00, 0x00, 0x00, 0xC4, 0xFF, 0xBF, 0x87, 0x00, 0x00, 0x00, 0x00, 0x00, 0x00, 0x00, 
0xC5, 0xFF, 0x44, 0x00, 0x00, 0x00, 0x00, 0x00, 0x00, 0x00, 0x00, 0x00, 0x0D, 0xFA, 0xFF, 0x8A, 
0x00, 0x00, 0x00, 0x00, 0x00, 0x00, 0x00, 0x1C, 0xFD, 0xF4, 0x09, 0x00, 0x00, 0x00, 0x00, 0x00, 
0x00, 0x00, 0x00, 0x00, 0x6A, 0xFF, 0xDF, 0x00, 0x00, 0x00, 0x00, 0x00, 0x00, 0x00, 0x00, 0x84, 
0xFF, 0xAC, 0x00, 0x00, 0x00, 0x00, 0x00, 0x00, 0x00, 0x00, 0x0C, 0x43, 0xEC, 0xFF, 0xFA, 0x46, 
0x08, 0x00, 0x00, 0x00, 0x00, 0x0F, 0x50, 0xF4, 0xFF, 0xBD, 0x1B, 0x02, 0x00, 0x00, 0x00, 0x00, 
0x00, 0x2C, 0xFF, 0xFF, 0xFF, 0xFF, 0xFF, 0xFF, 0xD9, 0x00, 0x00, 0x00, 0x38, 0xFF, 0xFF, 0xFF, 
0xFF, 0xFF, 0xFF, 0x7D, 0x00, 0x00, 0x00, 0x00, 0x00, 0x00, 0x00, 0x00, 0x00, 0x00, 0x00, 0x00, 
0x00, 0x00, 0x00, 0x00, 0xBC, 0x8D, 0x00, 0x00, 0x00, 0x00, 0x00, 0x7B, 0xC9, 0x00, 0x00, 0x00, 
0x00, 0x00, 0x00, 0x00, 0x00, 0x00, 0x00, 0x00, 0x00, 0x00, 0x00, 0x00, 0xEE, 0xF5, 0x19, 0x00, 
0x00, 0x00, 0x2A, 0xF8, 0xE4, 0x00, 0x00, 0x00, 0x00, 0x00, 0x00, 0x00, 0x00, 0x00, 0x00, 0x00, 
0x00, 0x00, 0x00, 0x00, 0x6A, 0xFF, 0xC9, 0x2E, 0x07, 0x3F, 0xDD, 0xF3, 0x49, 0x00, 0x00, 0x00, 
0x00, 0x00, 0x00, 0x00, 0x00, 0x00, 0x00, 0x00, 0x00, 0x00, 0x00, 0x00, 0x00, 0x41, 0xBB, 0xED, 
0xF1, 0xD1, 0x83, 0x1B, 0x00, 0x00, 0x00, 0x00, 0x00, 0x00, 0x00, 0x00, 0x00, 0x00, 0x00, 0x00, 
0x00, 0x00, 0x00, 0x00, 0x00, 0x00, 0x00, 0x00, 0x00, 0x00, 0x00, 0x00, 0x00, 0x00, 0x00, 0x00, 
0x00, 0x00, 0x00, 0x00, 0x00, 0x00, 0x00, 0x00, 0x00, 0x00, 0x00, 0x00, 0x00, 0x00, 0x00, 0x00, 
0x00, 0x00, 0x00, 0x00, 0x00, 0x00, 0x00, 0x00, 0x00, 0x00, 0x00, 0x00, 0x00, 0x00, 0xA8, 0xFF, 
0xFF, 0xFF, 0xFF, 0xFF, 0xFF, 0x55, 0x00, 0x00, 0x00, 0x5C, 0xFF, 0xFF, 0xFF, 0xFF, 0xFF, 0xFF, 
0x55, 0x00, 0x00, 0x00, 0x00, 0x00, 0x02, 0x17, 0x97, 0xFF, 0xFD, 0x73, 0x1A, 0x01, 0x00, 0x00, 
0x00, 0x01, 0x16, 0xA3, 0xFF, 0xFB, 0x6B, 0x1A, 0x01, 0x00, 0x00, 0x00, 0x00, 0x00, 0x00, 0x00, 
0x5E, 0xFF, 0xA5, 0x00, 0x00, 0x00, 0x00, 0x00, 0x00, 0x00, 0x01, 0xA3, 0xFF, 0x93, 0x00, 0x00, 
0x00, 0x00, 0x00, 0x00, 0x00, 0x00, 0x00, 0x00, 0xA5, 0xFF, 0x3C, 0x00, 0x00, 0x00, 0x00, 0x00, 
0x00, 0x01, 0x96, 0xF6, 0xFF, 0x2A, 0x00, 0x00, 0x00, 0x00, 0x00, 0x00, 0x00, 0x00, 0x00, 0x16, 
0xF8, 0xE9, 0x01, 0x00, 0x00, 0x00, 0x00, 0x00, 0x00, 0x94, 0x72, 0xF5, 0xDB, 0x00, 0x00, 0x00, 
0x00, 0x00, 0x00, 0x00, 0x00, 0x00, 0x00, 0x67, 0xFF, 0xA7, 0x00, 0x00, 0x00, 0x00, 0x00, 0x00, 
0x91, 0x6D, 0x44, 0xFF, 0x99, 0x00, 0x00, 0x00, 0x00, 0x00, 0x00, 0x00, 0x00, 0x00, 0x00, 0xAA, 
0xFF, 0x63, 0x00, 0x00, 0x00, 0x00, 0x00, 0x8F, 0x70, 0x00, 0x8B, 0xFF, 0x57, 0x00, 0x00, 0x00, 
0x00, 0x00, 0x00, 0x00, 0x00, 0x00, 0x01, 0xEB, 0xFF, 0x20, 0x00, 0x00, 0x00, 0x00, 0x8C, 0x73, 
0x00, 0x00, 0xD2, 0xFF, 0x16, 0x00, 0x00, 0x00, 0x00, 0x00, 0x00, 0x00, 0x00, 0x00, 0x31, 0xFF, 
0xDD, 0x00, 0x00, 0x00, 0x00, 0x89, 0x76, 0x00, 0x00, 0x1A, 0xFF, 0xD4, 0x00, 0x00, 0x00, 0x00, 
0x00, 0x00, 0x00, 0x00, 0x00, 0x00, 0x74, 0xFF, 0x9A, 0x00, 0x00, 0x00, 0x86, 0x79, 0x00, 0x00, 
0x00, 0x61, 0xFF, 0x92, 0x00, 0x00, 0x00, 0x00, 0x00, 0x00, 0x00, 0x00, 0x00, 0x00, 0xB7, 0xFF, 
0x56, 0x00, 0x00, 0x83, 0x7C, 0x00, 0x00, 0x00, 0x00, 0xA8, 0xFF, 0x50, 0x00, 0x00, 0x00, 0x00, 
0x00, 0x00, 0x00, 0x00, 0x00, 0x05, 0xF4, 0xFE, 0x15, 0x00, 0x81, 0x7E, 0x00, 0x00, 0x00, 0x00, 
0x02, 0xEC, 0xFD, 0x11, 0x00, 0x00, 0x00, 0x00, 0x00, 0x00, 0x00, 0x00, 0x00, 0x3D, 0xFF, 0xD0, 
0x00, 0x7F, 0x80, 0x00, 0x00, 0x00, 0x00, 0x00, 0x37, 0xFF, 0xCC, 0x00, 0x00, 0x00, 0x00, 0x00, 
0x00, 0x00, 0x00, 0x00, 0x00, 0x81, 0xFF, 0x8C, 0x7C, 0x83, 0x00, 0x00, 0x00, 0x00, 0x00, 0x00, 
0x7E, 0xFF, 0x8B, 0x00, 0x00, 0x00, 0x00, 0x00, 0x00, 0x00, 0x00, 0x00, 0x00, 0xC4, 0xFF, 0xBF, 
0x86, 0x00, 0x00, 0x00, 0x00, 0x00, 0x00, 0x00, 0xC5, 0xFF, 0x49, 0x00, 0x00, 0x00, 0x00, 0x00, 
0x00, 0x00, 0x00, 0x00, 0x0D, 0xFA, 0xFF, 0x89, 0x00, 0x00, 0x00, 0x00, 0x00, 0x00, 0x00, 0x1C, 
0xFD, 0xF7, 0x0B, 0x00, 0x00, 0x00, 0x00, 0x00, 0x00, 0x00, 0x00, 0x00, 0x6A, 0xFF, 0xDF, 0x00, 
0x00, 0x00, 0x00, 0x00, 0x00, 0x00, 0x00, 0x84, 0xFF, 0xB1, 0x00, 0x00, 0x00, 0x00, 0x00, 0x00, 
0x00, 0x00, 0x0C, 0x43, 0xEC, 0xFF, 0xFA, 0x46, 0x08, 0x00, 0x00, 0x00, 0x00, 0x0F, 0x50, 0xF4, 
0xFF, 0xC0, 0x1C, 0x02, 0x00, 0x00, 0x00, 0x00, 0x00, 0x2C, 0xFF, 0xFF, 0xFF, 0xFF, 0xFF, 0xFF, 
0xD9, 0x00, 0x00, 0x00, 0x38, 0xFF, 0xFF, 0xFF, 0xFF, 0xFF, 0xFF, 0x81, 0x00, 0x00, 0x00, 0x00, 
0x00, 0x00, 0x00, 0x00, 0x00, 0x00, 0xB4, 0xFF, 0xFF, 0xFF, 0xFF, 0xFF, 0xFF, 0xA7, 0x00, 0x00, 
0x00, 0x00, 0x30, 0xB7, 0xF4, 0xE3, 0x5F, 0x00, 0x00, 0x00, 0x00, 0x00, 0x05, 0x2C, 0xE4, 0xFF, 
0xFB, 0x66, 0x14, 0x02, 0x00, 0x00, 0x00, 0x21, 0xEF, 0xFF, 0xFF, 0xFF, 0xF0, 0x00, 0x00, 0x00, 
0x00, 0x00, 0x00, 0x00, 0xB8, 0xFF, 0x9B, 0x00, 0x00, 0x00, 0x00, 0x00, 0x00, 0xB4, 0x5B, 0x19, 
0xB2, 0xF5, 0x8A, 0x00, 0x00, 0x00, 0x00, 0x00, 0x00, 0x01, 0xEA, 0xFF, 0x34, 0x00, 0x00, 0x00, 
0x00, 0x00, 0x39, 0xB4, 0x00, 0x00, 0x00, 0x00, 0x00, 0x00, 0x00, 0x00, 0x00, 0x00, 0x00, 0x2F, 
0xFF, 0xE2, 0x00, 0x00, 0x00, 0x00, 0x00, 0x00, 0xB5, 0x2F, 0x00, 0x00, 0x00, 0x00, 0x00, 0x00, 
0x00, 0x00, 0x00, 0x00, 0x00, 0x72, 0xFF, 0xA0, 0x00, 0x00, 0x00, 0x00, 0x00, 0x3C, 0xA0, 0x00, 
0x00, 0x00, 0x00, 0x00, 0x00, 0x00, 0x00, 0x00, 0x00, 0x00, 0x00, 0xB6, 0xFF, 0x5F, 0x00, 0x00, 
0x00, 0x00, 0x05, 0xBE, 0x18, 0x00, 0x00, 0x00, 0x00, 0x00, 0x00, 0x00, 0x00, 0x00, 0x00, 0x00, 
0x05, 0xF3, 0xFF, 0x1F, 0x00, 0x00, 0x00, 0x02, 0x9D, 0x54, 0x00, 0x00, 0x00, 0x00, 0x00, 0x00, 
0x00, 0x00, 0x00, 0x00, 0x00, 0x00, 0x3D, 0xFF, 0xDF, 0x00, 0x03, 0x14, 0x41, 0xB6, 0x60, 0x00, 
0x00, 0x00, 0x00, 0x00, 0x00, 0x00, 0x00, 0x00, 0x00, 0x00, 0x00, 0x00, 0x80, 0xFF, 0xFF, 0xFF, 
0xFF, 0xFF, 0xB7, 0x25, 0x00, 0x00, 0x00, 0x00, 0x00, 0x00, 0x00, 0x00, 0x00, 0x00, 0x00, 0x00, 
0x00, 0x00, 0xC3, 0xFF, 0x59, 0x0E, 0x6E, 0xFE, 0xF0, 0x1B, 0x00, 0x00, 0x00, 0x00, 0x00, 0x00, 
0x00, 0x00, 0x00, 0x00, 0x00, 0x00, 0x00, 0x0C, 0xFA, 0xFD, 0x13, 0x00, 0x00, 0x9A, 0xFF, 0x95, 
0x00, 0x00, 0x00, 0x00, 0x00, 0x00, 0x00, 0x00, 0x00, 0x00, 0x00, 0x00, 0x00, 0x4A, 0xFF, 0xCB, 
0x00, 0x00, 0x00, 0x1B, 0xF9, 0xF6, 0x14, 0x00, 0x00, 0x00, 0x00, 0x00, 0x00, 0x00, 0x00, 0x00, 
0x00, 0x00, 0x00, 0x8D, 0xFF, 0x85, 0x00, 0x00, 0x00, 0x00, 0xA0, 0xFF, 0x7E, 0x00, 0x00, 0x00, 
0x00, 0x00, 0x00, 0x00, 0x00, 0x00, 0x00, 0x00, 0x00, 0xD1, 0xFF, 0x3F, 0x00, 0x00, 0x00, 0x00, 
0x2D, 0xFF, 0xE9, 0x08, 0x00, 0x00, 0x00, 0x00, 0x00, 0x00, 0x00, 0x00, 0x00, 0x00, 0x17, 0xFE, 
0xF3, 0x05, 0x00, 0x00, 0x00, 0x00, 0x00, 0xB9, 0xFF, 0x66, 0x00, 0x00, 0x00, 0x00, 0x00, 0x00, 
0x00, 0x00, 0x00, 0x00, 0x75, 0xFF, 0xB5, 0x00, 0x00, 0x00, 0x00, 0x00, 0x00, 0x45, 0xFF, 0xD9, 
0x03, 0x00, 0x00, 0x00, 0x00, 0x00, 0x00, 0x00, 0x0B, 0x51, 0xED, 0xFF, 0xDA, 0x36, 0x08, 0x00, 
0x00, 0x00, 0x00, 0x00, 0xD1, 0xFF, 0x8D, 0x19, 0x06, 0x00, 0x00, 0x00, 0x00, 0x5E, 0xFF, 0xFF, 
0xFF, 0xFF, 0xFF, 0xFF, 0xAD, 0x00, 0x00, 0x00, 0x00, 0x00, 0x5E, 0xFF, 0xFF, 0xFF, 0xFF, 0x00, 
0x00, 0x00, 0x00, 0x00, 0x00, 0x00, 0x00, 0x00, 0x00, 0x00, 0x0F, 0xFF, 0xFF, 0xFF, 0xFF, 0xFF, 
0xFF, 0xFF, 0xFF, 0xFF, 0xFF, 0xFF, 0xFF, 0xD1, 0x00, 0x00, 0x00, 0x00, 0x00, 0x00, 0x00, 0x00, 
0x11, 0x61, 0xFF, 0x4C, 0x00, 0x00, 0x00, 0x00, 0xD6, 0xFF, 0xD0, 0x3C, 0x09, 0x00, 0x00, 0x00, 
0x00, 0x00, 0x00, 0x00, 0x00, 0x00, 0x09, 0xFF, 0x1C, 0x00, 0x00, 0x00, 0x12, 0xFE, 0xFF, 0x2E, 
0x00, 0x00, 0x00, 0x00, 0x00, 0x00, 0x00, 0x00, 0x00, 0x00, 0x00, 0x35, 0xDF, 0x00, 0x00, 0x00, 
0x00, 0x4C, 0xFF, 0xC8, 0x00, 0x00, 0x00, 0x00, 0x00, 0x00, 0x00, 0x00, 0x00, 0x00, 0x00, 0x00, 
0x77, 0x9D, 0x00, 0x00, 0x00, 0x00, 0x87, 0xFF, 0x81, 0x00, 0x00, 0x00, 0x00, 0x00, 0x00, 0x00, 
0x00, 0x00, 0x00, 0x00, 0x00, 0xC2, 0x52, 0x00, 0x00, 0x00, 0x00, 0xC3, 0xFF, 0x45, 0x00, 0x00, 
0x00, 0x00, 0x00, 0x00, 0x00, 0x00, 0x00, 0x00, 0x00, 0x14, 0xF5, 0x0B, 0x00, 0x00, 0x00, 0x06, 
0xF7, 0xFD, 0x0D, 0x00, 0x00, 0x00, 0x00, 0x00, 0x00, 0x00, 0x00, 0x00, 0x00, 0x00, 0x65, 0xB2, 
0x00, 0x00, 0x00, 0x00, 0x39, 0xFF, 0xCF, 0x00, 0x00, 0x00, 0x00, 0x00, 0x00, 0x00, 0x00, 0x00, 
0x00, 0x00, 0x00, 0xBA, 0x5A, 0x00, 0x00, 0x00, 0x00, 0x74, 0xFF, 0x94, 0x00, 0x00, 0x00, 0x00, 
0x00, 0x00, 0x00, 0x00, 0x00, 0x00, 0x00, 0x15, 0xF2, 0x0C, 0x00, 0x00, 0x00, 0x00, 0xAF, 0xFF, 
0x59, 0x00, 0x00, 0x00, 0x00, 0x00, 0x00, 0x00, 0x00, 0x00, 0x00, 0x00, 0x6B, 0xA6, 0x00, 0x00, 
0x00, 0x00, 0x00, 0xE9, 0xFF, 0x1E, 0x00, 0x00, 0x00, 0x00, 0x00, 0x00, 0x00, 0x00, 0x00, 0x00, 
0x00, 0xC5, 0x47, 0x00, 0x00, 0x00, 0x00, 0x26, 0xFF, 0xE3, 0x00, 0x00, 0x00, 0x00, 0x00, 0x00, 
0x00, 0x00, 0x00, 0x00, 0x00, 0x22, 0xE2, 0x02, 0x00, 0x00, 0x00, 0x00, 0x61, 0xFF, 0xA8, 0x00, 
0x00, 0x00, 0x00, 0x00, 0x00, 0x00, 0x00, 0x00, 0x00, 0x00, 0x80, 0x80, 0x00, 0x00, 0x00, 0x00, 
0x00, 0x9C, 0xFF, 0x6D, 0x00, 0x00, 0x00, 0x00, 0x00, 0x00, 0x00, 0x00, 0x00, 0x00, 0x02, 0xDC, 
0x1A, 0x00, 0x00, 0x00, 0x00, 0x00, 0xD7, 0xFF, 0x32, 0x00, 0x00, 0x00, 0x00, 0x00, 0x90, 0xF1, 
0x5E, 0x00, 0x00, 0x4F, 0xA1, 0x00, 0x00, 0x00, 0x00, 0x00, 0x1E, 0xFE, 0xEC, 0x02, 0x00, 0x00, 
0x00, 0x00, 0x00, 0xF3, 0xFF, 0xE0, 0x00, 0x02, 0xC5, 0x26, 0x00, 0x00, 0x00, 0x00, 0x00, 0x85, 
0xFF, 0xB5, 0x00, 0x00, 0x00, 0x00, 0x00, 0x00, 0xB4, 0xFF, 0xFF, 0x31, 0x8C, 0x7B, 0x00, 0x00, 
0x00, 0x00, 0x11, 0x56, 0xF5, 0xFF, 0xDD, 0x31, 0x05, 0x00, 0x00, 0x00, 0x00, 0x17, 0xAC, 0xF1, 
0xE4, 0x71, 0x00, 0x00, 0x00, 0x00, 0x15, 0xFF, 0xFF, 0xFF, 0xFF, 0xFF, 0xFF, 0x9D, 0x00, 0x00, 
0x00, 0x00, 0x00, 0x00, 0x00, 0x00, 0x00, 0xAE, 0xFF, 0xFF, 0xFF, 0x5E, 0x00, 0x00, 0x00, 0x00, 
0x00, 0x00, 0x00, 0x00, 0x00, 0x00, 0x00, 0x00, 0x00, 0x00, 0x5F, 0xFF, 0xFF, 0xFF, 0x70, 0x00, 
0x00, 0x00, 0x00, 0x00, 0x03, 0x15, 0x96, 0xFF, 0x8D, 0x00, 0x00, 0x00, 0x00, 0x00, 0x00, 0x00, 
0x00, 0x00, 0x00, 0x00, 0x00, 0x00, 0x2E, 0xF6, 0xF8, 0x57, 0x13, 0x01, 0x00, 0x00, 0x00, 0x00, 
0x00, 0x00, 0x00, 0xA9, 0xFF, 0xBB, 0x00, 0x00, 0x00, 0x00, 0x00, 0x00, 0x00, 0x00, 0x00, 0x00, 
0x00, 0x00, 0x0F, 0xDB, 0xFF, 0x8D, 0x00, 0x00, 0x00, 0x00, 0x00, 0x00, 0x00, 0x00, 0x00, 0x01, 
0xEA, 0xFF, 0xEA, 0x00, 0x00, 0x00, 0x00, 0x00, 0x00, 0x00, 0x00, 0x00, 0x00, 0x00, 0x01, 0xAF, 
0xFF, 0xFF, 0x2C, 0x00, 0x00, 0x00, 0x00, 0x00, 0x00, 0x00, 0x00, 0x00, 0x2F, 0xD0, 0xED, 0xFF, 
0x18, 0x00, 0x00, 0x00, 0x00, 0x00, 0x00, 0x00, 0x00, 0x00, 0x00, 0x78, 0xB4, 0xFF, 0xE1, 0x00, 
0x00, 0x00, 0x00, 0x00, 0x00, 0x00, 0x00, 0x00, 0x00, 0x72, 0x8D, 0xC0, 0xFF, 0x46, 0x00, 0x00, 
0x00, 0x00, 0x00, 0x00, 0x00, 0x00, 0x00, 0x40, 0xB8, 0x75, 0xFF, 0x9D, 0x00, 0x00, 0x00, 0x00, 
0x00, 0x00, 0x00, 0x00, 0x00, 0x00, 0xB5, 0x4A, 0x91, 0xFF, 0x75, 0x00, 0x00, 0x00, 0x00, 0x00, 
0x00, 0x00, 0x00, 0x1A, 0xCC, 0x15, 0xB6, 0xFF, 0x5A, 0x00, 0x00, 0x00, 0x00, 0x00, 0x00, 0x00, 
0x00, 0x00, 0x05, 0xEE, 0x0C, 0x63, 0xFF, 0xA3, 0x00, 0x00, 0x00, 0x00, 0x00, 0x00, 0x00, 0x04, 
0xBE, 0x39, 0x05, 0xF3, 0xFF, 0x17, 0x00, 0x00, 0x00, 0x00, 0x00, 0x00, 0x00, 0x00, 0x00, 0x3C, 
0xC3, 0x00, 0x35, 0xFF, 0xD1, 0x00, 0x00, 0x00, 0x00, 0x00, 0x00, 0x00, 0x90, 0x6D, 0x00, 0x3D, 
0xFF, 0xD3, 0x00, 0x00, 0x00, 0x00, 0x00, 0x00, 0x00, 0x00, 0x00, 0x00, 0x7F, 0x80, 0x00, 0x09, 
0xFD, 0xFA, 0x05, 0x00, 0x00, 0x00, 0x00, 0x00, 0x55, 0xA7, 0x00, 0x00, 0x80, 0xFF, 0x8F, 0x00, 
0x00, 0x00, 0x00, 0x00, 0x00, 0x00, 0x00, 0x00, 0x00, 0xC2, 0x3C, 0x00, 0x00, 0xD9, 0xFF, 0x2E, 
0x00, 0x00, 0x00, 0x00, 0x28, 0xC9, 0x0C, 0x00, 0x00, 0xC3, 0xFF, 0x4C, 0x00, 0x00, 0x00, 0x00, 
0x00, 0x00, 0x00, 0x00, 0x00, 0x0B, 0xEE, 0x05, 0x00, 0x00, 0xAB, 0xFF, 0x5C, 0x00, 0x00, 0x00, 
0x0B, 0xC9, 0x28, 0x00, 0x00, 0x0C, 0xFA, 0xFB, 0x0D, 0x00, 0x00, 0x00, 0x00, 0x00, 0x00, 0x00, 
0x00, 0x00, 0x48, 0xB6, 0x00, 0x00, 0x00, 0x7C, 0xFF, 0x8B, 0x00, 0x00, 0x00, 0xA6, 0x56, 0x00, 
0x00, 0x00, 0x4A, 0xFF, 0xC5, 0x00, 0x00, 0x00, 0x00, 0x00, 0x00, 0x00, 0x00, 0x00, 0x00, 0x8C, 
0x72, 0x00, 0x00, 0x00, 0x4E, 0xFF, 0xB9, 0x00, 0x00, 0x6E, 0x90, 0x00, 0x00, 0x00, 0x00, 0x8D, 
0xFF, 0x82, 0x00, 0x00, 0x00, 0x00, 0x00, 0x00, 0x00, 0x00, 0x00, 0x00, 0xCF, 0x2F, 0x00, 0x00, 
0x00, 0x20, 0xFF, 0xE7, 0x00, 0x39, 0xBF, 0x05, 0x00, 0x00, 0x00, 0x00, 0xD1, 0xFF, 0x3E, 0x00, 
0x00, 0x00, 0x00, 0x00, 0x00, 0x00, 0x00, 0x00, 0x13, 0xE7, 0x01, 0x00, 0x00, 0x00, 0x00, 0xF0, 
0xFF, 0x2B, 0xCD, 0x1B, 0x00, 0x00, 0x00, 0x00, 0x25, 0xFF, 0xF5, 0x06, 0x00, 0x00, 0x00, 0x00, 
0x00, 0x00, 0x00, 0x00, 0x00, 0x75, 0xA2, 0x00, 0x00, 0x00, 0x00, 0x00, 0xC4, 0xFF, 0xE0, 0x42, 
0x00, 0x00, 0x00, 0x00, 0x00, 0x8A, 0xFF, 0xB2, 0x00, 0x00, 0x00, 0x00, 0x00, 0x00, 0x00, 0x00, 
0x0F, 0x52, 0xF2, 0xBF, 0x21, 0x04, 0x00, 0x00, 0x00, 0x96, 0xFF, 0x78, 0x00, 0x00, 0x00, 0x00, 
0x0C, 0x57, 0xF8, 0xFF, 0xC6, 0x21, 0x03, 0x00, 0x00, 0x00, 0x00, 0x00, 0x7C, 0xFF, 0xFF, 0xFF, 
0xFF, 0xFF, 0x9D, 0x00, 0x00, 0x00, 0x67, 0xB1, 0x01, 0x00, 0x00, 0x00, 0x92, 0xFF, 0xFF, 0xFF, 
0xFF, 0xFF, 0xFF, 0xDB, 0x00, 0x00, 0x00, 0x00, 0x00, 0x00, 0x00, 0x00, 0x00, 0x00, 0xB2, 0xFF, 
0xFF, 0xFF, 0xFF, 0xFF, 0xFF, 0x5B, 0x00, 0x00, 0x00, 0xB2, 0xFF, 0xFF, 0xFF, 0xFF, 0xFF, 0xFF, 
0x77, 0x00, 0x00, 0x00, 0x00, 0x00, 0x03, 0x22, 0xDE, 0xFF, 0xFD, 0x6D, 0x0F, 0x00, 0x00, 0x00, 
0x00, 0x02, 0x1E, 0xD9, 0xFF, 0xFE, 0x73, 0x11, 0x00, 0x00, 0x00, 0x00, 0x00, 0x00, 0x00, 0x00, 
0xB3, 0xFF, 0xA1, 0x00, 0x00, 0x00, 0x00, 0x00, 0x00, 0x00, 0x00, 0xB8, 0xFF, 0xA4, 0x00, 0x00, 
0x00, 0x00, 0x00, 0x00, 0x00, 0x00, 0x00, 0x00, 0xE1, 0xFF, 0x38, 0x00, 0x00, 0x00, 0x00, 0x00, 
0x00, 0x00, 0x03, 0xEF, 0xFF, 0x39, 0x00, 0x00, 0x00, 0x00, 0x00, 0x00, 0x00, 0x00, 0x00, 0x22, 
0xFF, 0xEA, 0x01, 0x00, 0x00, 0x00, 0x00, 0x00, 0x00, 0x00, 0x33, 0xFF, 0xEA, 0x01, 0x00, 0x00, 
0x00, 0x00, 0x00, 0x00, 0x00, 0x00, 0x00, 0x66, 0xFF, 0xA8, 0x00, 0x00, 0x00, 0x00, 0x00, 0x00, 
0x00, 0x00, 0x72, 0xFF, 0xA8, 0x00, 0x00, 0x00, 0x00, 0x00, 0x00, 0x00, 0x00, 0x00, 0x00, 0xA9, 
0xFF, 0x64, 0x00, 0x00, 0x00, 0x00, 0x00, 0x00, 0x00, 0x00, 0xB1, 0xFF, 0x64, 0x00, 0x00, 0x00, 
0x00, 0x00, 0x00, 0x00, 0x00, 0x00, 0x01, 0xEA, 0xFF, 0x21, 0x00, 0x00, 0x00, 0x00, 0x00, 0x00, 
0x00, 0x02, 0xEE, 0xFF, 0x21, 0x00, 0x00, 0x00, 0x00, 0x00, 0x00, 0x00, 0x00, 0x00, 0x2F, 0xFF, 
0xFF, 0xFF, 0xFF, 0xFF, 0xFF, 0xFF, 0xFF, 0xFF, 0xFF, 0xFF, 0xFF, 0xDD, 0x00, 0x00, 0x00, 0x00, 
0x00, 0x00, 0x00, 0x00, 0x00, 0x00, 0x73, 0xFF, 0x99, 0x00, 0x00, 0x00, 0x00, 0x00, 0x00, 0x00, 
0x00, 0x72, 0xFF, 0x9A, 0x00, 0x00, 0x00, 0x00, 0x00, 0x00, 0x00, 0x00, 0x00, 0x00, 0xB6, 0xFF, 
0x56, 0x00, 0x00, 0x00, 0x00, 0x00, 0x00, 0x00, 0x00, 0xB5, 0xFF, 0x57, 0x00, 0x00, 0x00, 0x00, 
0x00, 0x00, 0x00, 0x00, 0x00, 0x05, 0xF3, 0xFE, 0x15, 0x00, 0x00, 0x00, 0x00, 0x00, 0x00, 0x00, 
0x05, 0xF3, 0xFE, 0x15, 0x00, 0x00, 0x00, 0x00, 0x00, 0x00, 0x00, 0x00, 0x00, 0x3D, 0xFF, 0xCF, 
0x00, 0x00, 0x00, 0x00, 0x00, 0x00, 0x00, 0x00, 0x3C, 0xFF, 0xD0, 0x00, 0x00, 0x00, 0x00, 0x00, 
0x00, 0x00, 0x00, 0x00, 0x00, 0x80, 0xFF, 0x8C, 0x00, 0x00, 0x00, 0x00, 0x00, 0x00, 0x00, 0x00, 
0x80, 0xFF, 0x8C, 0x00, 0x00, 0x00, 0x00, 0x00, 0x00, 0x00, 0x00, 0x00, 0x00, 0xC3, 0xFF, 0x49, 
0x00, 0x00, 0x00, 0x00, 0x00, 0x00, 0x00, 0x00, 0xC3, 0xFF, 0x49, 0x00, 0x00, 0x00, 0x00, 0x00, 
0x00, 0x00, 0x00, 0x00, 0x12, 0xFA, 0xF8, 0x0B, 0x00, 0x00, 0x00, 0x00, 0x00, 0x00, 0x00, 0x11, 
0xFA, 0xF8, 0x0B, 0x00, 0x00, 0x00, 0x00, 0x00, 0x00, 0x00, 0x00, 0x00, 0x71, 0xFF, 0xB7, 0x00, 
0x00, 0x00, 0x00, 0x00, 0x00, 0x00, 0x00, 0x6E, 0xFF, 0xB7, 0x00, 0x00, 0x00, 0x00, 0x00, 0x00, 
0x00, 0x00, 0x08, 0x44, 0xEB, 0xFF, 0xC7, 0x22, 0x04, 0x00, 0x00, 0x00, 0x00, 0x08, 0x42, 0xEA, 
0xFF, 0xC7, 0x22, 0x04, 0x00, 0x00, 0x00, 0x00, 0x00, 0x32, 0xFF, 0xFF, 0xFF, 0xFF, 0xFF, 0xFF, 
0xA1, 0x00, 0x00, 0x00, 0x2C, 0xFF, 0xFF, 0xFF, 0xFF, 0xFF, 0xFF, 0x9B, 0x00, 0x00, 0x00, 0x00, 
0x00, 0x00, 0x00, 0x00, 0x00, 0x00, 0x00, 0x00, 0x0A, 0x59, 0xAE, 0xDA, 0xF5, 0xEC, 0xC7, 0x6D, 
0x09, 0x00, 0x00, 0x00, 0x00, 0x00, 0x00, 0x00, 0x01, 0x5D, 0xE6, 0xCA, 0x64, 0x20, 0x07, 0x16, 
0x5C, 0xE1, 0xCF, 0x1D, 0x00, 0x00, 0x00, 0x00, 0x00, 0x0A, 0xAE, 0xF9, 0x67, 0x01, 0x00, 0x00, 
0x00, 0x00, 0x00, 0x1D, 0xEC, 0xC5, 0x02, 0x00, 0x00, 0x00, 0x0F, 0xCD, 0xF3, 0x41, 0x00, 0x00, 
0x00, 0x00, 0x00, 0x00, 0x00, 0x00, 0x6F, 0xFF, 0x59, 0x00, 0x00, 0x04, 0xBA, 0xFF, 0x55, 0x00, 
0x00, 0x00, 0x00, 0x00, 0x00, 0x00, 0x00, 0x00, 0x1F, 0xFF, 0xB8, 0x00, 0x00, 0x87, 0xFF, 0x95, 
0x00, 0x00, 0x00, 0x00, 0x00, 0x00, 0x00, 0x00, 0x00, 0x00, 0x05, 0xFF, 0xE7, 0x00, 0x26, 0xF9, 
0xF0, 0x12, 0x00, 0x00, 0x00, 0x00, 0x00, 0x00, 0x00, 0x00, 0x00, 0x00, 0x10, 0xFF, 0xF9, 0x00, 
0xB2, 0xFF, 0x79, 0x00, 0x00, 0x00, 0x00, 0x00, 0x00, 0x00, 0x00, 0x00, 0x00, 0x00, 0x34, 0xFF, 
0xE8, 0x28, 0xFF, 0xF6, 0x11, 0x00, 0x00, 0x00, 0x00, 0x00, 0x00, 0x00, 0x00, 0x00, 0x00, 0x00, 
0x6E, 0xFF, 0xBD, 0x82, 0xFF, 0xA9, 0x00, 0x00, 0x00, 0x00, 0x00, 0x00, 0x00, 0x00, 0x00, 0x00, 
0x00, 0x00, 0xBB, 0xFF, 0x7F, 0xC3, 0xFF, 0x5E, 0x00, 0x00, 0x00, 0x00, 0x00, 0x00, 0x00, 0x00, 
0x00, 0x00, 0x00, 0x1F, 0xFD, 0xFF, 0x29, 0xEC, 0xFF, 0x2A, 0x00, 0x00, 0x00, 0x00, 0x00, 0x00, 
0x00, 0x00, 0x00, 0x00, 0x00, 0x99, 0xFF, 0xBD, 0x00, 0xFB, 0xFF, 0x0C, 0x00, 0x00, 0x00, 0x00, 
0x00, 0x00, 0x00, 0x00, 0x00, 0x00, 0x24, 0xFB, 0xFF, 0x41, 0x00, 0xE7, 0xFF, 0x05, 0x00, 0x00, 
0x00, 0x00, 0x00, 0x00, 0x00, 0x00, 0x00, 0x01, 0xB4, 0xFF, 0xA8, 0x00, 0x00, 0xB3, 0xFF, 0x26, 
0x00, 0x00, 0x00, 0x00, 0x00, 0x00, 0x00, 0x00, 0x00, 0x7E, 0xFF, 0xE0, 0x13, 0x00, 0x00, 0x58, 
0xFF, 0x7A, 0x00, 0x00, 0x00, 0x00, 0x00, 0x00, 0x00, 0x00, 0x5C, 0xFE, 0xEA, 0x2D, 0x00, 0x00, 
0x00, 0x01, 0xC5, 0xF0, 0x21, 0x00, 0x00, 0x00, 0x00, 0x00, 0x04, 0x7E, 0xFE, 0xD5, 0x28, 0x00, 
0x00, 0x00, 0x00, 0x00, 0x18, 0xCE, 0xE5, 0x60, 0x17, 0x06, 0x1F, 0x65, 0xD4, 0xF5, 0x85, 0x09, 
0x00, 0x00, 0x00, 0x00, 0x00, 0x00, 0x00, 0x09, 0x68, 0xC5, 0xE9, 0xFA, 0xE7, 0xB8, 0x6F, 0x14, 
0x00, 0x00, 0x00, 0x00, 0x00, 0x00, 0x00, 0x00, 0x00, 0x00, 0x00, 0x01, 0x87, 0x8C, 0x8C, 0x8C, 
0x8C, 0x8C, 0x8C, 0x8C, 0x8C, 0x8C, 0x8C, 0x8C, 0x8C, 0x8C, 0x8C, 0x8C, 0x8C, 0x8C, 0x40, 0x00, 
0x00, 0x00, 0x00, 0x00, 0x06, 0x3F, 0xF1, 0xFF, 0xFF, 0x70, 0x68, 0x68, 0x68, 0x68, 0x68, 0x68, 
0x68, 0xA7, 0xFF, 0xFF, 0x8E, 0x16, 0x00, 0x00, 0x00, 0x00, 0x00, 0x00, 0x00, 0x00, 0xC2, 0xFF, 
0xD2, 0x00, 0x00, 0x00, 0x00, 0x00, 0x00, 0x00, 0x00, 0xA7, 0xFF, 0xDC, 0x03, 0x00, 0x00, 0x00, 
0x00, 0x00, 0x00, 0x00, 0x00, 0x01, 0xEA, 0xFF, 0x88, 0x00, 0x00, 0x00, 0x00, 0x00, 0x00, 0x00, 
0x03, 0xEE, 0xFF, 0x7D, 0x00, 0x00, 0x00, 0x00, 0x00, 0x00, 0x00, 0x00, 0x00, 0x36, 0xFF, 0xFF, 
0x3D, 0x00, 0x00, 0x00, 0x00, 0x00, 0x00, 0x00, 0x3E, 0xFF, 0xFF, 0x2D, 0x00, 0x00, 0x00, 0x00, 
0x00, 0x00, 0x00, 0x00, 0x00, 0x82, 0xFF, 0xEF, 0x03, 0x00, 0x00, 0x00, 0x00, 0x00, 0x00, 0x00, 
0x89, 0xFF, 0xE2, 0x00, 0x00, 0x00, 0x00, 0x00, 0x00, 0x00, 0x00, 0x00, 0x00, 0xCE, 0xFF, 0xA8, 
0x00, 0x00, 0x00, 0x00, 0x00, 0x00, 0x00, 0x00, 0xD4, 0xFF, 0x97, 0x00, 0x00, 0x00, 0x00, 0x00, 
0x00, 0x00, 0x00, 0x00, 0x1A, 0xFF, 0xFF, 0x5E, 0x00, 0x00, 0x00, 0x00, 0x00, 0x00, 0x00, 0x20, 
0xFF, 0xFF, 0x4C, 0x00, 0x00, 0x00, 0x00, 0x00, 0x00, 0x00, 0x00, 0x00, 0x66, 0xFF, 0xFD, 0x16, 
0x00, 0x00, 0x00, 0x00, 0x00, 0x00, 0x00, 0x6B, 0xFF, 0xF7, 0x0A, 0x00, 0x00, 0x00, 0x00, 0x00, 
0x00, 0x00, 0x00, 0x00, 0xB2, 0xFF, 0xC9, 0x00, 0x00, 0x00, 0x00, 0x00, 0x00, 0x00, 0x00, 0xB7, 
0xFF, 0xB6, 0x00, 0x00, 0x00, 0x00, 0x00, 0x00, 0x00, 0x00, 0x00, 0x08, 0xF5, 0xFF, 0x7F, 0x00, 
0x00, 0x00, 0x00, 0x00, 0x00, 0x00, 0x0A, 0xF7, 0xFF, 0x6B, 0x00, 0x00, 0x00, 0x00, 0x00, 0x00, 
0x00, 0x00, 0x00, 0x4B, 0xFF, 0xFF, 0x34, 0x00, 0x00, 0x00, 0x00, 0x00, 0x00, 0x00, 0x4D, 0xFF, 
0xFF, 0x20, 0x00, 0x00, 0x00, 0x00, 0x00, 0x00, 0x00, 0x00, 0x00, 0x97, 0xFF, 0xE8, 0x01, 0x00, 
0x00, 0x00, 0x00, 0x00, 0x00, 0x00, 0x99, 0xFF, 0xD4, 0x00, 0x00, 0x00, 0x00, 0x00, 0x00, 0x00, 
0x00, 0x00, 0x00, 0xE2, 0xFF, 0xA0, 0x00, 0x00, 0x00, 0x00, 0x00, 0x00, 0x00, 0x00, 0xE3, 0xFF, 
0x89, 0x00, 0x00, 0x00, 0x00, 0x00, 0x00, 0x00, 0x00, 0x00, 0x2F, 0xFF, 0xFF, 0x55, 0x00, 0x00, 
0x00, 0x00, 0x00, 0x00, 0x00, 0x30, 0xFF, 0xFF, 0x3E, 0x00, 0x00, 0x00, 0x00, 0x00, 0x00, 0x00, 
0x00, 0x00, 0x7B, 0xFF, 0xFD, 0x11, 0x00, 0x00, 0x00, 0x00, 0x00, 0x00, 0x00, 0x7D, 0xFF, 0xF1, 
0x04, 0x00, 0x00, 0x00, 0x00, 0x00, 0x00, 0x00, 0x00, 0x00, 0xCF, 0xFF, 0xD5, 0x00, 0x00, 0x00, 
0x00, 0x00, 0x00, 0x00, 0x00, 0xD7, 0xFF, 0xB7, 0x00, 0x00, 0x00, 0x00, 0x00, 0x00, 0x00, 0x00, 
0x00, 0x4B, 0xFF, 0xFF, 0xD1, 0x00, 0x00, 0x00, 0x00, 0x00, 0x00, 0x00, 0x5C, 0xFF, 0xFF, 0xA8, 
0x00, 0x00, 0x00, 0x00, 0x00, 0x00, 0x00, 0x5F, 0x9D, 0xF6, 0xFF, 0xFF, 0xFF, 0xBE, 0x66, 0x00, 
0x00, 0x00, 0x5A, 0xAD, 0xFD, 0xFF, 0xFF, 0xFC, 0xA9, 0x45, 0x00, 0x00, 0x00, 0x00, 0x00, 0x00, 
0x00, 0x00, 0x00, 0x00, 0xAC, 0xFF, 0xFF, 0xFF, 0xFF, 0xFF, 0xFF, 0xFD, 0xEE, 0xC4, 0x6F, 0x06, 
0x00, 0x00, 0x00, 0x00, 0x00, 0x00, 0x08, 0x36, 0xE2, 0xFF, 0xA6, 0x1E, 0x08, 0x0B, 0x2A, 0x88, 
0xFA, 0xC8, 0x0D, 0x00, 0x00, 0x00, 0x00, 0x00, 0x00, 0x00, 0xAF, 0xFF, 0x57, 0x00, 0x00, 0x00, 
0x00, 0x00, 0x72, 0xFF, 0x90, 0x00, 0x00, 0x00, 0x00, 0x00, 0x00, 0x00, 0xDE, 0xFF, 0x19, 0x00, 
0x00, 0x00, 0x00, 0x00, 0x18, 0xFF, 0xE7, 0x00, 0x00, 0x00, 0x00, 0x00, 0x00, 0x21, 0xFF, 0xD9, 
0x00, 0x00, 0x00, 0x00, 0x00, 0x00, 0x12, 0xFF, 0xF4, 0x00, 0x00, 0x00, 0x00, 0x00, 0x00, 0x66, 
0xFF, 0x9A, 0x00, 0x00, 0x00, 0x00, 0x00, 0x00, 0x48, 0xFF, 0xC9, 0x00, 0x00, 0x00, 0x00, 0x00, 
0x00, 0xAA, 0xFF, 0x5C, 0x00, 0x00, 0x00, 0x00, 0x00, 0x01, 0xBB, 0xFF, 0x5F, 0x00, 0x00, 0x00, 
0x00, 0x00, 0x01, 0xEB, 0xFF, 0x1D, 0x00, 0x00, 0x00, 0x00, 0x01, 0x85, 0xFF, 0xAD, 0x02, 0x00, 
0x00, 0x00, 0x00, 0x00, 0x31, 0xFF, 0xF9, 0x65, 0x22, 0x06, 0x1A, 0x56, 0xC2, 0xFC, 0x90, 0x07, 
0x00, 0x00, 0x00, 0x00, 0x00, 0x00, 0x75, 0xFF, 0xB7, 0x90, 0xD3, 0xF5, 0xED, 0xCF, 0x88, 0x2A, 
0x00, 0x00, 0x00, 0x00, 0x00, 0x00, 0x00, 0x00, 0xB8, 0xFF, 0x57, 0x00, 0x00, 0x00, 0x00, 0x00, 
0x00, 0x00, 0x00, 0x00, 0x00, 0x00, 0x00, 0x00, 0x00, 0x06, 0xF5, 0xFE, 0x15, 0x00, 0x00, 0x00, 
0x00, 0x00, 0x00, 0x00, 0x00, 0x00, 0x00, 0x00, 0x00, 0x00, 0x00, 0x3F, 0xFF, 0xD0, 0x00, 0x00, 
0x00, 0x00, 0x00, 0x00, 0x00, 0x00, 0x00, 0x00, 0x00, 0x00, 0x00, 0x00, 0x00, 0x83, 0xFF, 0x8C, 
0x00, 0x00, 0x00, 0x00, 0x00, 0x00, 0x00, 0x00, 0x00, 0x00, 0x00, 0x00, 0x00, 0x00, 0x00, 0xC7, 
0xFF, 0x48, 0x00, 0x00, 0x00, 0x00, 0x00, 0x00, 0x00, 0x00, 0x00, 0x00, 0x00, 0x00, 0x00, 0x00, 
0x16, 0xFC, 0xF6, 0x0A, 0x00, 0x00, 0x00, 0x00, 0x00, 0x00, 0x00, 0x00, 0x00, 0x00, 0x00, 0x00, 
0x00, 0x00, 0x7B, 0xFF, 0xB2, 0x00, 0x00, 0x00, 0x00, 0x00, 0x00, 0x00, 0x00, 0x00, 0x00, 0x00, 
0x00, 0x00, 0x0F, 0x50, 0xF2, 0xFF, 0xC2, 0x1F, 0x03, 0x00, 0x00, 0x00, 0x00, 0x00, 0x00, 0x00, 
0x00, 0x00, 0x00, 0x48, 0xFF, 0xFF, 0xFF, 0xFF, 0xFF, 0xFF, 0xA1, 0x00, 0x00, 0x00, 0x00, 0x00, 
0x00, 0x00, 0x00, 0x00, 0x00, 0x00, 0x00, 0x00, 0x00, 0x00, 0x00, 0x00, 0x22, 0x7E, 0xBF, 0xEA, 
0xF9, 0xE3, 0xA8, 0x51, 0x0E, 0x76, 0xD4, 0x00, 0x00, 0x00, 0x00, 0x00, 0x1E, 0xA6, 0xD4, 0x6B, 
0x27, 0x08, 0x0A, 0x3D, 0xB7, 0xFF, 0xFF, 0xFF, 0x7F, 0x00, 0x00, 0x00, 0x00, 0x5A, 0xF1, 0x84, 
0x04, 0x00, 0x00, 0x00, 0x00, 0x00, 0x01, 0xB7, 0xFF, 0xFF, 0x2A, 0x00, 0x00, 0x00, 0x74, 0xFE, 
0x6A, 0x00, 0x00, 0x00, 0x00, 0x00, 0x00, 0x00, 0x00, 0x48, 0xFF, 0xD4, 0x00, 0x00, 0x00, 0x59, 
0xFF, 0x91, 0x00, 0x00, 0x00, 0x00, 0x00, 0x00, 0x00, 0x00, 0x00, 0x13, 0xFF, 0x7F, 0x00, 0x00, 
0x1C, 0xF1, 0xDD, 0x09, 0x00, 0x00, 0x00, 0x00, 0x00, 0x00, 0x00, 0x00, 0x00, 0x04, 0xFF, 0x2A, 
0x00, 0x00, 0xA3, 0xFF, 0x5F, 0x00, 0x00, 0x00, 0x00, 0x00, 0x00, 0x00, 0x00, 0x00, 0x00, 0x00, 
0x00, 0x00, 0x00, 0x1F, 0xFC, 0xE8, 0x04, 0x00, 0x00, 0x00, 0x00, 0x00, 0x00, 0x00, 0x00, 0x00, 
0x00, 0x00, 0x00, 0x00, 0x00, 0x77, 0xFF, 0x92, 0x00, 0x00, 0x00, 0x00, 0x00, 0x00, 0x00, 0x00, 
0x00, 0x00, 0x00, 0x00, 0x00, 0x00, 0x00, 0xBB, 0xFF, 0x4F, 0x00, 0x00, 0x00, 0x00, 0x00, 0x00, 
0x00, 0x00, 0x00, 0x00, 0x00, 0x00, 0x00, 0x00, 0x00, 0xE8, 0xFF, 0x20, 0x00, 0x00, 0x00, 0x00, 
0x00, 0x00, 0x00, 0x00, 0x00, 0x00, 0x00, 0x00, 0x00, 0x00, 0x00, 0xFA, 0xFF, 0x08, 0x00, 0x00, 
0x00, 0x00, 0x00, 0x00, 0x00, 0x00, 0x00, 0x00, 0x00, 0x00, 0x00, 0x00, 0x00, 0xEC, 0xFF, 0x06, 
0x00, 0x00, 0x00, 0x00, 0x00, 0x00, 0x00, 0x00, 0x00, 0x00, 0x00, 0x00, 0x00, 0x00, 0x00, 0xCA, 
0xFF, 0x22, 0x00, 0x00, 0x00, 0x00, 0x00, 0x00, 0x00, 0x00, 0x00, 0x00, 0x00, 0x00, 0x00, 0x00, 
0x00, 0x79, 0xFF, 0x69, 0x00, 0x00, 0x00, 0x00, 0x00, 0x00, 0x00, 0x00, 0x00, 0x00, 0x00, 0x00, 
0x00, 0x00, 0x00, 0x18, 0xF1, 0xDE, 0x0C, 0x00, 0x00, 0x00, 0x00, 0x00, 0x00, 0x00, 0x00, 0x00, 
0x3E, 0x8D, 0x00, 0x00, 0x00, 0x00, 0x56, 0xFF, 0xB8, 0x0E, 0x00, 0x00, 0x00, 0x00, 0x00, 0x00, 
0x01, 0x63, 0xA8, 0x05, 0x00, 0x00, 0x00, 0x00, 0x00, 0x55, 0xF1, 0xE1, 0x6F, 0x26, 0x08, 0x0E, 
0x28, 0x6A, 0xC6, 0x89, 0x03, 0x00, 0x00, 0x00, 0x00, 0x00, 0x00, 0x00, 0x17, 0x75, 0xC5, 0xE6, 
0xF9, 0xE4, 0xC7, 0x7D, 0x1F, 0x00, 0x00, 0x00, 0x00, 0x00, 0x00, 0x00, 0x22, 0xFF, 0xFF, 0xFF, 
0xFF, 0xFF, 0xFF, 0xFF, 0xFF, 0xFF, 0xFF, 0xFF, 0xFF, 0xFF, 0xF1, 0x04, 0x00, 0x67, 0xFF, 0xF1, 
0x85, 0x38, 0x13, 0x41, 0xFF, 0xCD, 0x00, 0x00, 0x02, 0x2F, 0xF6, 0xB2, 0x00, 0x00, 0xAB, 0xE3, 
0x24, 0x00, 0x00, 0x00, 0x81, 0xFF, 0x8A, 0x00, 0x00, 0x00, 0x00, 0xC3, 0x6F, 0x00, 0x01, 0xEC, 
0x4B, 0x00, 0x00, 0x00, 0x00, 0xC4, 0xFF, 0x47, 0x00, 0x00, 0x00, 0x00, 0xC9, 0x2C, 0x00, 0x32, 
0xDB, 0x00, 0x00, 0x00, 0x00, 0x0C, 0xFA, 0xF9, 0x0A, 0x00, 0x00, 0x00, 0x11, 0xE2, 0x00, 0x00, 
0x00, 0x00, 0x00, 0x00, 0x00, 0x00, 0x4B, 0xFF, 0xC0, 0x00, 0x00, 0x00, 0x00, 0x00, 0x00, 0x00, 
0x00, 0x00, 0x00, 0x00, 0x00, 0x00, 0x00, 0x8E, 0xFF, 0x7D, 0x00, 0x00, 0x00, 0x00, 0x00, 0x00, 
0x00, 0x00, 0x00, 0x00, 0x00, 0x00, 0x00, 0x00, 0xD1, 0xFF, 0x39, 0x00, 0x00, 0x00, 0x00, 0x00, 
0x00, 0x00, 0x00, 0x00, 0x00, 0x00, 0x00, 0x00, 0x16, 0xFE, 0xF2, 0x04, 0x00, 0x00, 0x00, 0x00, 
0x00, 0x00, 0x00, 0x00, 0x00, 0x00, 0x00, 0x00, 0x00, 0x58, 0xFF, 0xB3, 0x00, 0x00, 0x00, 0x00, 
0x00, 0x00, 0x00, 0x00, 0x00, 0x00, 0x00, 0x00, 0x00, 0x00, 0x9B, 0xFF, 0x6F, 0x00, 0x00, 0x00, 
0x00, 0x00, 0x00, 0x00, 0x00, 0x00, 0x00, 0x00, 0x00, 0x00, 0x00, 0xDE, 0xFF, 0x2C, 0x00, 0x00, 
0x00, 0x00, 0x00, 0x00, 0x00, 0x00, 0x00, 0x00, 0x00, 0x00, 0x00, 0x22, 0xFF, 0xE8, 0x00, 0x00, 
0x00, 0x00, 0x00, 0x00, 0x00, 0x00, 0x00, 0x00, 0x00, 0x00, 0x00, 0x00, 0x65, 0xFF, 0xA5, 0x00, 
0x00, 0x00, 0x00, 0x00, 0x00, 0x00, 0x00, 0x00, 0x00, 0x00, 0x00, 0x00, 0x00, 0xA9, 0xFF, 0x61, 
0x00, 0x00, 0x00, 0x00, 0x00, 0x00, 0x00, 0x00, 0x00, 0x00, 0x00, 0x00, 0x00, 0x0A, 0xF3, 0xFB, 
0x12, 0x00, 0x00, 0x00, 0x00, 0x00, 0x00, 0x00, 0x00, 0x00, 0x00, 0x00, 0x00, 0x00, 0x65, 0xFF, 
0xC3, 0x00, 0x00, 0x00, 0x00, 0x00, 0x00, 0x00, 0x00, 0x00, 0x00, 0x00, 0x00, 0x09, 0x44, 0xEA, 
0xFF, 0xD8, 0x24, 0x03, 0x00, 0x00, 0x00, 0x00, 0x00, 0x00, 0x00, 0x00, 0x00, 0x68, 0xFF, 0xFF, 
0xFF, 0xFF, 0xFF, 0xFF, 0xFF, 0x2D, 0x00, 0x00, 0x00, 0x00, 0x00, 0x00, 0x00, 0x00, 0x1C, 0xFF, 
0xFF, 0xFF, 0xFF, 0xFF, 0xFF, 0xFF, 0x43, 0x00, 0x00, 0x00, 0x00, 0x18, 0xFF, 0xFF, 0xFF, 0xFF, 
0xFF, 0x5F, 0x00, 0x15, 0x4B, 0xD2, 0xFF, 0xFF, 0x68, 0x0F, 0x00, 0x00, 0x00, 0x00, 0x00, 0x00, 
0x0C, 0x77, 0xFF, 0x90, 0x20, 0x01, 0x00, 0x00, 0x00, 0x2D, 0xFF, 0xFE, 0x03, 0x00, 0x00, 0x00, 
0x00, 0x00, 0x00, 0x00, 0x00, 0x81, 0x9A, 0x00, 0x00, 0x00, 0x00, 0x00, 0x00, 0x00, 0xD4, 0xFF, 
0x2B, 0x00, 0x00, 0x00, 0x00, 0x00, 0x00, 0x00, 0x1B, 0xD5, 0x0C, 0x00, 0x00, 0x00, 0x00, 0x00, 
0x00, 0x00, 0x98, 0xFF, 0x63, 0x00, 0x00, 0x00, 0x00, 0x00, 0x00, 0x00, 0xAB, 0x4F, 0x00, 0x00, 
0x00, 0x00, 0x00, 0x00, 0x00, 0x00, 0x61, 0xFF, 0x9B, 0x00, 0x00, 0x00, 0x00, 0x00, 0x00, 0x45, 
0xB4, 0x00, 0x00, 0x00, 0x00, 0x00, 0x00, 0x00, 0x00, 0x00, 0x2A, 0xFF, 0xD3, 0x00, 0x00, 0x00, 
0x00, 0x00, 0x07, 0xD1, 0x21, 0x00, 0x00, 0x00, 0x00, 0x00, 0x00, 0x00, 0x00, 0x00, 0x01, 0xF1, 
0xFD, 0x0E, 0x00, 0x00, 0x00, 0x00, 0x7D, 0x7C, 0x00, 0x00, 0x00, 0x00, 0x00, 0x00, 0x00, 0x00, 
0x00, 0x00, 0x00, 0xBC, 0xFF, 0x44, 0x00, 0x00, 0x00, 0x21, 0xD0, 0x07, 0x00, 0x00, 0x00, 0x00, 
0x00, 0x00, 0x00, 0x00, 0x00, 0x00, 0x00, 0x85, 0xFF, 0x7C, 0x00, 0x00, 0x00, 0xB3, 0x45, 0x00, 
0x00, 0x00, 0x00, 0x00, 0x00, 0x00, 0x00, 0x00, 0x00, 0x00, 0x00, 0x4E, 0xFF, 0xB4, 0x00, 0x00, 
0x4F, 0xA9, 0x00, 0x00, 0x00, 0x00, 0x00, 0x00, 0x00, 0x00, 0x00, 0x00, 0x00, 0x00, 0x00, 0x17, 
0xFF, 0xEC, 0x00, 0x0A, 0xD3, 0x1B, 0x00, 0x00, 0x00, 0x00, 0x00, 0x00, 0x00, 0x00, 0x00, 0x00, 
0x00, 0x00, 0x00, 0x00, 0xE1, 0xFF, 0x25, 0x86, 0x72, 0x00, 0x00, 0x00, 0x00, 0x00, 0x00, 0x00, 
0x00, 0x00, 0x00, 0x00, 0x00, 0x00, 0x00, 0x00, 0xAA, 0xFF, 0x84, 0xCB, 0x04, 0x00, 0x00, 0x00, 
0x00, 0x00, 0x00, 0x00, 0x00, 0x00, 0x00, 0x00, 0x00, 0x00, 0x00, 0x00, 0x73, 0xFF, 0xFD, 0x3B, 
0x00, 0x00, 0x00, 0x00, 0x00, 0x00, 0x00, 0x00, 0x00, 0x00, 0x00, 0x00, 0x00, 0x00, 0x00, 0x00, 
0x3C, 0xFF, 0x96, 0x00, 0x00, 0x00, 0x00, 0x00, 0x00, 0x00, 0x00, 0x00, 0x00, 0x00, 0x00, 0xAB, 
0xF7, 0x9D, 0x00, 0x00, 0x1B, 0xDB, 0x0C, 0x00, 0x00, 0x00, 0x00, 0x00, 0x00, 0x00, 0x00, 0x00, 
0x00, 0x00, 0x00, 0xCF, 0xFF, 0xFF, 0x48, 0x23, 0xBA, 0x2E, 0x00, 0x00, 0x00, 0x00, 0x00, 0x00, 
0x00, 0x00, 0x00, 0x00, 0x00, 0x00, 0x00, 0x1A, 0x9F, 0xE6, 0xF8, 0xC3, 0x31, 0x00, 0x00, 0x00, 
0x00, 0x00, 0x00, 0x00, 0x00, 0x00, 0x00, 0x00, 0x00, 0x00, 0x00, 0x00, 0x00, 0x00, 0x00, 0x00, 
0x00, 0x26, 0xFF, 0xFF, 0xFF, 0xFF, 0xFF, 0xFF, 0xFF, 0xFF, 0x1D, 0x00, 0x00, 0x00, 0x00, 0x00, 
0x00, 0x00, 0x00, 0x00, 0x00, 0x00, 0x0D, 0x37, 0xE0, 0xFF, 0xF9, 0x6D, 0x1E, 0x05, 0x00, 0x00, 
0x00, 0x00, 0x00, 0x00, 0x00, 0x00, 0x00, 0x00, 0x00, 0x00, 0x00, 0x00, 0xB6, 0xFF, 0x7D, 0x00, 
0x00, 0x00, 0x00, 0x00, 0x00, 0x00, 0x00, 0x00, 0x00, 0x00, 0x00, 0x2D, 0x80, 0xBD, 0xE3, 0xF7, 
0xFF, 0xFF, 0xFB, 0xEE, 0xD1, 0xA0, 0x4C, 0x02, 0x00, 0x00, 0x00, 0x00, 0x00, 0x35, 0xBF, 0xFF, 
0xC0, 0x6C, 0x30, 0x3D, 0xFF, 0xDD, 0x08, 0x1C, 0x45, 0x8C, 0xEF, 0xCD, 0x26, 0x00, 0x00, 0x00, 
0x70, 0xFC, 0xE5, 0x43, 0x00, 0x00, 0x00, 0x72, 0xFF, 0x9A, 0x00, 0x00, 0x00, 0x00, 0x18, 0xD2, 
0xEA, 0x1C, 0x00, 0x68, 0xFF, 0xE3, 0x1F, 0x00, 0x00, 0x00, 0x00, 0xB5, 0xFF, 0x57, 0x00, 0x00, 
0x00, 0x00, 0x00, 0x3D, 0xFF, 0xA1, 0x22, 0xF7, 0xFE, 0x3C, 0x00, 0x00, 0x00, 0x00, 0x05, 0xF3, 
0xFE, 0x15, 0x00, 0x00, 0x00, 0x00, 0x00, 0x08, 0xFF, 0xE8, 0x93, 0xFF, 0xA8, 0x00, 0x00, 0x00, 
0x00, 0x00, 0x3D, 0xFF, 0xD0, 0x00, 0x00, 0x00, 0x00, 0x00, 0x00, 0x18, 0xFF, 0xF5, 0xDC, 0xFF, 
0x46, 0x00, 0x00, 0x00, 0x00, 0x00, 0x80, 0xFF, 0x8D, 0x00, 0x00, 0x00, 0x00, 0x00, 0x00, 0x53, 
0xFF, 0xD5, 0xF9, 0xFF, 0x11, 0x00, 0x00, 0x00, 0x00, 0x00, 0xC4, 0xFF, 0x4A, 0x00, 0x00, 0x00, 
0x00, 0x00, 0x00, 0xC0, 0xFF, 0x84, 0xE6, 0xFF, 0x09, 0x00, 0x00, 0x00, 0x00, 0x0C, 0xFA, 0xFA, 
0x0C, 0x00, 0x00, 0x00, 0x00, 0x00, 0x6A, 0xFF, 0xEA, 0x16, 0xA8, 0xFF, 0x4A, 0x00, 0x00, 0x00, 
0x00, 0x4B, 0xFF, 0xC3, 0x00, 0x00, 0x00, 0x00, 0x00, 0x57, 0xFC, 0xF7, 0x45, 0x00, 0x2C, 0xF6, 
0xD8, 0x13, 0x00, 0x00, 0x00, 0x8F, 0xFF, 0x80, 0x00, 0x00, 0x00, 0x0F, 0x8F, 0xFF, 0xE5, 0x3F, 
0x00, 0x00, 0x00, 0x45, 0xEB, 0xE3, 0x6B, 0x26, 0x08, 0xD2, 0xFF, 0x46, 0x20, 0x4D, 0x93, 0xF0, 
0xEC, 0x8A, 0x0E, 0x00, 0x00, 0x00, 0x00, 0x00, 0x12, 0x78, 0xC1, 0xE5, 0xF9, 0xFF, 0xFF, 0xF1, 
0xD9, 0xBB, 0x87, 0x4C, 0x06, 0x00, 0x00, 0x00, 0x00, 0x00, 0x00, 0x00, 0x00, 0x00, 0x00, 0x00, 
0x5C, 0xFF, 0xB9, 0x00, 0x00, 0x00, 0x00, 0x00, 0x00, 0x00, 0x00, 0x00, 0x00, 0x00, 0x00, 0x00, 
0x00, 0x00, 0x04, 0x1E, 0xCC, 0xFF, 0xCA, 0x1E, 0x03, 0x00, 0x00, 0x00, 0x00, 0x00, 0x00, 0x00, 
0x00, 0x00, 0x00, 0x00, 0x00, 0x00, 0xEA, 0xFF, 0xFF, 0xFF, 0xFF, 0xFF, 0x99, 0x00, 0x00, 0x00, 
0x00, 0x00, 0x00, 0x00, 0x00, 0x00, 0x00, 0x00, 0x00, 0x00, 0x00, 0x00, 0xD2, 0xFF, 0xFF, 0xFF, 
0xFF, 0xFF, 0x73, 0x00, 0x00, 0x00, 0x74, 0xFF, 0xFF, 0xFF, 0xFF, 0xFF, 0x6B, 0x00, 0x00, 0x00, 
0x00, 0x00, 0x00, 0x11, 0x62, 0xFB, 0xFF, 0xB1, 0x0F, 0x00, 0x00, 0x00, 0x00, 0x03, 0x5B, 0xFF, 
0xE9, 0x7B, 0x2B, 0x03, 0x00, 0x00, 0x00, 0x00, 0x00, 0x00, 0x00, 0x00, 0x9D, 0xFF, 0x98, 0x00, 
0x00, 0x00, 0x00, 0x00, 0x01, 0xB8, 0xB3, 0x12, 0x00, 0x00, 0x00, 0x00, 0x00, 0x00, 0x00, 0x00, 
0x00, 0x00, 0x00, 0x3A, 0xFF, 0xDF, 0x00, 0x00, 0x00, 0x00, 0x00, 0x83, 0x8D, 0x01, 0x00, 0x00, 
0x00, 0x00, 0x00, 0x00, 0x00, 0x00, 0x00, 0x00, 0x00, 0x00, 0x01, 0xE7, 0xFF, 0x24, 0x00, 0x00, 
0x00, 0x69, 0x91, 0x00, 0x00, 0x00, 0x00, 0x00, 0x00, 0x00, 0x00, 0x00, 0x00, 0x00, 0x00, 0x00, 
0x00, 0x00, 0xA3, 0xFF, 0x6A, 0x00, 0x00, 0x5B, 0xA0, 0x01, 0x00, 0x00, 0x00, 0x00, 0x00, 0x00, 
0x00, 0x00, 0x00, 0x00, 0x00, 0x00, 0x00, 0x00, 0x00, 0x5D, 0xFF, 0xAF, 0x00, 0x4E, 0xAD, 0x04, 
0x00, 0x00, 0x00, 0x00, 0x00, 0x00, 0x00, 0x00, 0x00, 0x00, 0x00, 0x00, 0x00, 0x00, 0x00, 0x00, 
0x17, 0xFE, 0xF0, 0x46, 0xB8, 0x08, 0x00, 0x00, 0x00, 0x00, 0x00, 0x00, 0x00, 0x00, 0x00, 0x00, 
0x00, 0x00, 0x00, 0x00, 0x00, 0x00, 0x00, 0x00, 0xD1, 0xFF, 0xC7, 0x0D, 0x00, 0x00, 0x00, 0x00, 
0x00, 0x00, 0x00, 0x00, 0x00, 0x00, 0x00, 0x00, 0x00, 0x00, 0x00, 0x00, 0x00, 0x00, 0x00, 0x8D, 
0xFF, 0x81, 0x00, 0x00, 0x00, 0x00, 0x00, 0x00, 0x00, 0x00, 0x00, 0x00, 0x00, 0x00, 0x00, 0x00, 
0x00, 0x00, 0x00, 0x00, 0x00, 0x20, 0xD7, 0xFF, 0xC7, 0x00, 0x00, 0x00, 0x00, 0x00, 0x00, 0x00, 
0x00, 0x00, 0x00, 0x00, 0x00, 0x00, 0x00, 0x00, 0x00, 0x00, 0x00, 0x17, 0xC2, 0x2C, 0xF7, 0xFC, 
0x10, 0x00, 0x00, 0x00, 0x00, 0x00, 0x00, 0x00, 0x00, 0x00, 0x00, 0x00, 0x00, 0x00, 0x00, 0x00, 
0x00, 0x10, 0xBF, 0x2D, 0x00, 0xBB, 0xFF, 0x53, 0x00, 0x00, 0x00, 0x00, 0x00, 0x00, 0x00, 0x00, 
0x00, 0x00, 0x00, 0x00, 0x00, 0x00, 0x00, 0x0A, 0xBA, 0x39, 0x00, 0x00, 0x76, 0xFF, 0x98, 0x00, 
0x00, 0x00, 0x00, 0x00, 0x00, 0x00, 0x00, 0x00, 0x00, 0x00, 0x00, 0x00, 0x00, 0x06, 0xB2, 0x47, 
0x00, 0x00, 0x00, 0x30, 0xFF, 0xDC, 0x00, 0x00, 0x00, 0x00, 0x00, 0x00, 0x00, 0x00, 0x00, 0x00, 
0x00, 0x00, 0x00, 0x0A, 0xA6, 0x50, 0x00, 0x00, 0x00, 0x00, 0x01, 0xE8, 0xFF, 0x20, 0x00, 0x00, 
0x00, 0x00, 0x00, 0x00, 0x00, 0x00, 0x00, 0x00, 0x00, 0x33, 0xD4, 0x48, 0x00, 0x00, 0x00, 0x00, 
0x00, 0x00, 0xA3, 0xFF, 0x76, 0x00, 0x00, 0x00, 0x00, 0x00, 0x00, 0x00, 0x00, 0x10, 0x3C, 0x98, 
0xFC, 0xF0, 0x2A, 0x02, 0x00, 0x00, 0x00, 0x03, 0x27, 0xC6, 0xFF, 0xF4, 0x61, 0x12, 0x01, 0x00, 
0x00, 0x00, 0x00, 0x00, 0xFF, 0xFF, 0xFF, 0xFF, 0xFF, 0xFF, 0x55, 0x00, 0x00, 0x00, 0x98, 0xFF, 
0xFF, 0xFF, 0xFF, 0xFF, 0xFF, 0x45, 0x00, 0x00, 0x00, 0x00, 0x00, 0x00, 0x00, 0x00, 0x00, 0x00, 
0x92, 0xFF, 0xFF, 0xFF, 0xFF, 0xFF, 0xFF, 0x49, 0x00, 0x00, 0x00, 0xBE, 0xFF, 0xFF, 0xFF, 0xFF, 
0xFF, 0xFF, 0x77, 0x00, 0x00, 0x00, 0x00, 0x00, 0x03, 0x26, 0xE1, 0xFF, 0xF5, 0x54, 0x11, 0x00, 
0x00, 0x00, 0x00, 0x07, 0x31, 0xEA, 0xFF, 0xFF, 0x7B, 0x1B, 0x02, 0x00, 0x00, 0x00, 0x00, 0x00, 
0x00, 0x00, 0xB6, 0xFF, 0x8E, 0x00, 0x00, 0x00, 0x00, 0x00, 0x00, 0x00, 0x00, 0xCA, 0xFF, 0xA7, 
0x00, 0x00, 0x00, 0x00, 0x00, 0x00, 0x00, 0x00, 0x00, 0x00, 0xE2, 0xFF, 0x34, 0x00, 0x00, 0x00, 
0x00, 0x00, 0x00, 0x00, 0x00, 0xED, 0xFF, 0x3A, 0x00, 0x00, 0x00, 0x00, 0x00, 0x00, 0x00, 0x00, 
0x00, 0x21, 0xFF, 0xEA, 0x01, 0x00, 0x00, 0x00, 0x00, 0x00, 0x00, 0x00, 0x28, 0xFF, 0xE9, 0x00, 
0x00, 0x00, 0x00, 0x00, 0x00, 0x00, 0x00, 0x00, 0x00, 0x64, 0xFF, 0xA8, 0x00, 0x00, 0x00, 0x00, 
0x00, 0x00, 0x00, 0x00, 0x68, 0xFF, 0xA6, 0x00, 0x00, 0x00, 0x00, 0x00, 0x00, 0x00, 0x00, 0x00, 
0x00, 0xA7, 0xFF, 0x65, 0x00, 0x00, 0x00, 0x00, 0x00, 0x00, 0x00, 0x00, 0xAB, 0xFF, 0x63, 0x00, 
0x00, 0x00, 0x00, 0x00, 0x00, 0x00, 0x00, 0x00, 0x01, 0xE9, 0xFF, 0x21, 0x00, 0x00, 0x00, 0x00, 
0x00, 0x00, 0x00, 0x02, 0xEC, 0xFF, 0x20, 0x00, 0x00, 0x00, 0x00, 0x00, 0x00, 0x00, 0x00, 0x00, 
0x2E, 0xFF, 0xDE, 0x00, 0x00, 0x00, 0x00, 0x00, 0x00, 0x00, 0x00, 0x32, 0xFF, 0xDC, 0x00, 0x00, 
0x00, 0x00, 0x00, 0x00, 0x00, 0x00, 0x00, 0x00, 0x72, 0xFF, 0x9A, 0x00, 0x00, 0x00, 0x00, 0x00, 
0x00, 0x00, 0x00, 0x75, 0xFF, 0x99, 0x00, 0x00, 0x00, 0x00, 0x00, 0x00, 0x00, 0x00, 0x00, 0x00, 
0xB5, 0xFF, 0x57, 0x00, 0x00, 0x00, 0x00, 0x00, 0x00, 0x00, 0x00, 0xB8, 0xFF, 0x56, 0x00, 0x00, 
0x00, 0x00, 0x00, 0x00, 0x00, 0x00, 0x00, 0x05, 0xF3, 0xFE, 0x15, 0x00, 0x00, 0x00, 0x00, 0x00, 
0x00, 0x00, 0x06, 0xF5, 0xFE, 0x14, 0x00, 0x00, 0x00, 0x00, 0x00, 0x00, 0x00, 0x00, 0x00, 0x3D, 
0xFF, 0xD0, 0x00, 0x00, 0x00, 0x00, 0x00, 0x00, 0x00, 0x00, 0x3E, 0xFF, 0xCF, 0x00, 0x00, 0x00, 
0x00, 0x00, 0x00, 0x00, 0x00, 0x00, 0x00, 0x80, 0xFF, 0x8D, 0x00, 0x00, 0x00, 0x00, 0x00, 0x00, 
0x00, 0x00, 0x81, 0xFF, 0x8C, 0x00, 0x00, 0x00, 0x00, 0x00, 0x00, 0x00, 0x00, 0x00, 0x00, 0xC4, 
0xFF, 0x49, 0x00, 0x00, 0x00, 0x00, 0x00, 0x00, 0x00, 0x00, 0xC5, 0xFF, 0x48, 0x00, 0x00, 0x00, 
0x00, 0x00, 0x00, 0x00, 0x00, 0x00, 0x14, 0xFB, 0xFA, 0x0C, 0x00, 0x00, 0x00, 0x00, 0x00, 0x00, 
0x00, 0x1B, 0xFD, 0xF9, 0x0B, 0x00, 0x00, 0x00, 0x00, 0x00, 0x00, 0x00, 0x00, 0x00, 0x75, 0xFF, 
0xD0, 0x00, 0x00, 0x00, 0x00, 0x00, 0x00, 0x00, 0x00, 0x81, 0xFF, 0xB9, 0x00, 0x00, 0x00, 0x00, 
0x00, 0x00, 0x00, 0x00, 0x0E, 0x4B, 0xEF, 0xFF, 0xEF, 0x39, 0x08, 0x00, 0x00, 0x00, 0x01, 0x0E, 
0x55, 0xF7, 0xFF, 0xE4, 0x4D, 0x17, 0x06, 0x00, 0x00, 0x00, 0x00, 0x38, 0xFF, 0xFF, 0xFF, 0xFF, 
0xFF, 0xFF, 0xFF, 0xFF, 0xFF, 0xFF, 0xFF, 0xFF, 0xFF, 0xFF, 0xFF, 0xFF, 0xFF, 0xFF, 0xDA, 0x00, 
0x00, 0x00, 0x00, 0x00, 0x00, 0x00, 0x00, 0x00, 0x00, 0x00, 0x00, 0x00, 0x00, 0x00, 0x00, 0x00, 
0x03, 0x12, 0x4A, 0xDD, 0xFF, 0xFF, 0x91, 0x00, 0x00, 0x00, 0x00, 0x00, 0x00, 0x00, 0x00, 0x00, 
0x00, 0x00, 0x00, 0x00, 0x00, 0x00, 0x00, 0x00, 0x00, 0x00, 0x00, 0x2E, 0xFE, 0xFF, 0x48, 0x00, 
0x00, 0x00, 0x00, 0x00, 0x00, 0x00, 0x00, 0x00, 0x00, 0x00, 0x00, 0x00, 0x00, 0x00, 0x00, 0x00, 
0x00, 0x00, 0x00, 0x00, 0xCA, 0xF6, 0x09, 0x00, 0x00, 0x00, 0x00, 0x00, 0x00, 0x00, 0x00, 0x00, 
0x00, 0x00, 0x00, 0x00, 0x00, 0x00, 0x00, 0x00, 0x00, 0x00, 0x00, 0x00, 0xAE, 0xB6, 0x00, 0x00, 
0x00, 0x00, 0x00, 0x00, 0x00, 0x00, 0x00, 0x00, 0x00, 0x00, 0x00, 0x00, 0x00, 0x00, 0x00, 0x00, 
0x00, 0x00, 0x00, 0x00, 0xBF, 0x6D, 0x00, 0x00, 0x00, 0x00, 0x00, 0x00, 0x00, 0x00, 0x00, 0x00, 
0x00, 0x00, 0x00, 0x00, 0x00, 0x00, 0x00, 0x00, 0x00, 0x00, 0x00, 0x00, 0xE9, 0x24, 0x00, 0x00, 
0x00, 0x00, 0x00, 0xC6, 0xFF, 0xFF, 0xFF, 0xFF, 0xFF, 0xFF, 0x55, 0x00, 0x00, 0x00, 0xF5, 0xFF, 
0xFF, 0xFF, 0xFF, 0xFF, 0xFF, 0x6B, 0x09, 0x7E, 0xFF, 0xFF, 0xFF, 0x6D, 0x15, 0x01, 0x00, 0x00, 
0x00, 0x08, 0x30, 0xE7, 0xFF, 0xF9, 0x6A, 0x1B, 0x01, 0x00, 0x2D, 0xFF, 0xFF, 0xB5, 0x00, 0x00, 
0x00, 0x00, 0x00, 0x00, 0x00, 0x00, 0xC3, 0xFF, 0x90, 0x00, 0x00, 0x00, 0x00, 0x5B, 0xFF, 0xFF, 
0x4D, 0x00, 0x00, 0x00, 0x00, 0x00, 0x00, 0x00, 0x01, 0xEE, 0xFF, 0x2F, 0x00, 0x00, 0x00, 0x00, 
0xA1, 0xFF, 0xCE, 0x00, 0x00, 0x00, 0x00, 0x00, 0x00, 0x00, 0x00, 0x32, 0xFF, 0xE3, 0x00, 0x00, 
0x00, 0x00, 0x01, 0xE7, 0xFF, 0x4F, 0x00, 0x00, 0x00, 0x00, 0x00, 0x00, 0x00, 0x00, 0x7F, 0xFF, 
0x9F, 0x00, 0x00, 0x00, 0x00, 0x30, 0xFF, 0xDC, 0x00, 0x00, 0x00, 0x00, 0x00, 0x00, 0x00, 0x00, 
0x00, 0xCD, 0xFF, 0x5B, 0x00, 0x00, 0x00, 0x00, 0x66, 0xFF, 0xA2, 0x00, 0x00, 0x00, 0x00, 0x00, 
0x00, 0x00, 0x00, 0x1A, 0xFE, 0xFF, 0x18, 0x00, 0x00, 0x00, 0x00, 0x5B, 0xFF, 0xBA, 0x00, 0x00, 
0x00, 0x00, 0x00, 0x00, 0x00, 0x01, 0x7E, 0xFF, 0xD4, 0x00, 0x00, 0x00, 0x00, 0x00, 0x0A, 0xD7, 
0xFF, 0x98, 0x33, 0x10, 0x04, 0x12, 0x3A, 0x7B, 0xCF, 0xF5, 0xFF, 0x90, 0x00, 0x00, 0x00, 0x00, 
0x00, 0x00, 0x13, 0x8B, 0xD5, 0xF5, 0xFC, 0xF0, 0xD0, 0xA0, 0x5E, 0x11, 0xE8, 0xFF, 0x4C, 0x00, 
0x00, 0x00, 0x00, 0x00, 0x00, 0x00, 0x00, 0x00, 0x00, 0x00, 0x00, 0x00, 0x00, 0x00, 0x24, 0xFF, 
0xFB, 0x0D, 0x00, 0x00, 0x00, 0x00, 0x00, 0x00, 0x00, 0x00, 0x00, 0x00, 0x00, 0x00, 0x00, 0x00, 
0x00, 0x60, 0xFF, 0xC5, 0x00, 0x00, 0x00, 0x00, 0x00, 0x00, 0x00, 0x00, 0x00, 0x00, 0x00, 0x00, 
0x00, 0x00, 0x00, 0x00, 0x9C, 0xFF, 0x82, 0x00, 0x00, 0x00, 0x00, 0x00, 0x00, 0x00, 0x00, 0x00, 
0x00, 0x00, 0x00, 0x00, 0x00, 0x00, 0x00, 0xD8, 0xFF, 0x3E, 0x00, 0x00, 0x00, 0x00, 0x00, 0x00, 
0x00, 0x00, 0x00, 0x00, 0x00, 0x00, 0x00, 0x00, 0x00, 0x1B, 0xFF, 0xF2, 0x05, 0x00, 0x00, 0x00, 
0x00, 0x00, 0x00, 0x00, 0x00, 0x00, 0x00, 0x00, 0x00, 0x00, 0x00, 0x00, 0x83, 0xFF, 0xAA, 0x00, 
0x00, 0x00, 0x00, 0x00, 0x00, 0x00, 0x00, 0x00, 0x00, 0x00, 0x00, 0x00, 0x00, 0x12, 0x5C, 0xF7, 
0xFF, 0xCC, 0x23, 0x03, 0x00, 0x00, 0x00, 0x00, 0x00, 0x00, 0x00, 0x00, 0x00, 0x00, 0x00, 0x4A, 
0xFF, 0xFF, 0xFF, 0xFF, 0xFF, 0xFF, 0x8D, 0x00, 0x00, 0x00, 0x00, 0x00, 0x00, 0x00, 0x00, 0x00, 
0x00, 0x94, 0xFF, 0xFF, 0xFF, 0xFF, 0xFF, 0xF9, 0x02, 0x00, 0x0C, 0xFF, 0xFF, 0xFF, 0xFF, 0xFF, 
0xEF, 0x00, 0x00, 0x00, 0x0C, 0xFF, 0xFF, 0xFF, 0xFF, 0xFF, 0xFC, 0x06, 0x00, 0x00, 0x00, 0x00, 
0x00, 0x05, 0x2F, 0xEB, 0xFF, 0xF6, 0x5E, 0x11, 0x00, 0x00, 0x00, 0x2A, 0xED, 0xFF, 0xE1, 0x32, 
0x06, 0x00, 0x00, 0x00, 0x00, 0x25, 0xEC, 0xFF, 0xF2, 0x56, 0x11, 0x00, 0x00, 0x00, 0x00, 0x00, 
0x00, 0x00, 0x00, 0xCB, 0xFF, 0x87, 0x00, 0x00, 0x00, 0x00, 0x00, 0x00, 0xCA, 0xFF, 0x6C, 0x00, 
0x00, 0x00, 0x00, 0x00, 0x00, 0x00, 0xCC, 0xFF, 0x81, 0x00, 0x00, 0x00, 0x00, 0x00, 0x00, 0x00, 
0x00, 0x00, 0x02, 0xF1, 0xFF, 0x27, 0x00, 0x00, 0x00, 0x00, 0x00, 0x02, 0xEF, 0xFF, 0x1E, 0x00, 
0x00, 0x00, 0x00, 0x00, 0x00, 0x01, 0xEE, 0xFF, 0x25, 0x00, 0x00, 0x00, 0x00, 0x00, 0x00, 0x00, 
0x00, 0x00, 0x32, 0xFF, 0xDB, 0x00, 0x00, 0x00, 0x00, 0x00, 0x00, 0x2E, 0xFF, 0xDB, 0x00, 0x00, 
0x00, 0x00, 0x00, 0x00, 0x00, 0x2A, 0xFF, 0xDD, 0x00, 0x00, 0x00, 0x00, 0x00, 0x00, 0x00, 0x00, 
0x00, 0x00, 0x75, 0xFF, 0x97, 0x00, 0x00, 0x00, 0x00, 0x00, 0x00, 0x70, 0xFF, 0x98, 0x00, 0x00, 
0x00, 0x00, 0x00, 0x00, 0x00, 0x6D, 0xFF, 0x9A, 0x00, 0x00, 0x00, 0x00, 0x00, 0x00, 0x00, 0x00, 
0x00, 0x00, 0xB8, 0xFF, 0x54, 0x00, 0x00, 0x00, 0x00, 0x00, 0x00, 0xB4, 0xFF, 0x55, 0x00, 0x00, 
0x00, 0x00, 0x00, 0x00, 0x00, 0xB1, 0xFF, 0x56, 0x00, 0x00, 0x00, 0x00, 0x00, 0x00, 0x00, 0x00, 
0x00, 0x06, 0xF4, 0xFD, 0x13, 0x00, 0x00, 0x00, 0x00, 0x00, 0x04, 0xF2, 0xFE, 0x14, 0x00, 0x00, 
0x00, 0x00, 0x00, 0x00, 0x03, 0xF0, 0xFE, 0x15, 0x00, 0x00, 0x00, 0x00, 0x00, 0x00, 0x00, 0x00, 
0x00, 0x3E, 0xFF, 0xCD, 0x00, 0x00, 0x00, 0x00, 0x00, 0x00, 0x3A, 0xFF, 0xD0, 0x00, 0x00, 0x00, 
0x00, 0x00, 0x00, 0x00, 0x38, 0xFF, 0xD0, 0x00, 0x00, 0x00, 0x00, 0x00, 0x00, 0x00, 0x00, 0x00, 
0x00, 0x81, 0xFF, 0x8A, 0x00, 0x00, 0x00, 0x00, 0x00, 0x00, 0x7D, 0xFF, 0x8D, 0x00, 0x00, 0x00, 
0x00, 0x00, 0x00, 0x00, 0x7C, 0xFF, 0x8D, 0x00, 0x00, 0x00, 0x00, 0x00, 0x00, 0x00, 0x00, 0x00, 
0x00, 0xC4, 0xFF, 0x47, 0x00, 0x00, 0x00, 0x00, 0x00, 0x00, 0xC0, 0xFF, 0x4A, 0x00, 0x00, 0x00, 
0x00, 0x00, 0x00, 0x00, 0xBF, 0xFF, 0x49, 0x00, 0x00, 0x00, 0x00, 0x00, 0x00, 0x00, 0x00, 0x00, 
0x0C, 0xFA, 0xF9, 0x0A, 0x00, 0x00, 0x00, 0x00, 0x00, 0x0A, 0xF9, 0xFB, 0x0C, 0x00, 0x00, 0x00, 
0x00, 0x00, 0x00, 0x09, 0xF8, 0xFA, 0x0C, 0x00, 0x00, 0x00, 0x00, 0x00, 0x00, 0x00, 0x00, 0x00, 
0x4A, 0xFF, 0xC0, 0x00, 0x00, 0x00, 0x00, 0x00, 0x00, 0x46, 0xFF, 0xC5, 0x00, 0x00, 0x00, 0x00, 
0x00, 0x00, 0x00, 0x46, 0xFF, 0xC3, 0x00, 0x00, 0x00, 0x00, 0x00, 0x00, 0x00, 0x00, 0x00, 0x00, 
0x8D, 0xFF, 0x7C, 0x00, 0x00, 0x00, 0x00, 0x00, 0x00, 0x89, 0xFF, 0x82, 0x00, 0x00, 0x00, 0x00, 
0x00, 0x00, 0x00, 0x8A, 0xFF, 0x7F, 0x00, 0x00, 0x00, 0x00, 0x00, 0x00, 0x00, 0x00, 0x00, 0x00, 
0xD0, 0xFF, 0x39, 0x00, 0x00, 0x00, 0x00, 0x00, 0x00, 0xCC, 0xFF, 0x3F, 0x00, 0x00, 0x00, 0x00, 
0x00, 0x00, 0x00, 0xCE, 0xFF, 0x3C, 0x00, 0x00, 0x00, 0x00, 0x00, 0x00, 0x00, 0x00, 0x00, 0x19, 
0xFE, 0xF6, 0x05, 0x00, 0x00, 0x00, 0x00, 0x00, 0x16, 0xFE, 0xF7, 0x06, 0x00, 0x00, 0x00, 0x00, 
0x00, 0x00, 0x15, 0xFE, 0xF5, 0x05, 0x00, 0x00, 0x00, 0x00, 0x00, 0x00, 0x00, 0x00, 0x00, 0x6E, 
0xFF, 0xCE, 0x00, 0x00, 0x00, 0x00, 0x00, 0x00, 0x69, 0xFF, 0xCC, 0x00, 0x00, 0x00, 0x00, 0x00, 
0x00, 0x00, 0x68, 0xFF, 0xBE, 0x00, 0x00, 0x00, 0x00, 0x00, 0x00, 0x00, 0x00, 0x0B, 0x3A, 0xE5, 
0xFF, 0xF1, 0x27, 0x02, 0x00, 0x00, 0x06, 0x28, 0xDC, 0xFF, 0xED, 0x37, 0x08, 0x00, 0x00, 0x00, 
0x0B, 0x39, 0xE2, 0xFF, 0xE6, 0x54, 0x1D, 0x09, 0x00, 0x00, 0x00, 0x00, 0x3C, 0xFF, 0xFF, 0xFF, 
0xFF, 0xFF, 0xFF, 0xFF, 0xFF, 0xFF, 0xFF, 0xFF, 0xFF, 0xFF, 0xFF, 0xFF, 0xFF, 0xFF, 0xFF, 0xFF, 
0xFF, 0xFF, 0xFF, 0xFF, 0xFF, 0xFF, 0xFF, 0xFF, 0x31, 0x00, 0x00, 0x00, 0x00, 0x00, 0x00, 0x00, 
0x07, 0xFC, 0xFF, 0xFF, 0xFF, 0xFF, 0xFF, 0x8B, 0x00, 0x00, 0x00, 0x7C, 0xFF, 0xFF, 0xFF, 0xFF, 
0xFF, 0x73, 0x00, 0x00, 0x7C, 0xFF, 0xFF, 0xFF, 0xFF, 0xFF, 0x93, 0x00, 0x00, 0x00, 0x00, 0x00, 
0x10, 0x80, 0xFF, 0xFF, 0xC1, 0x30, 0x04, 0x00, 0x00, 0x00, 0x07, 0x81, 0xFF, 0xFF, 0xA8, 0x1F, 
0x01, 0x00, 0x00, 0x06, 0x7B, 0xFF, 0xFF, 0xB7, 0x2D, 0x04, 0x00, 0x00, 0x00, 0x00, 0x00, 0x00, 
0x3B, 0xFF, 0xFB, 0x1C, 0x00, 0x00, 0x00, 0x00, 0x00, 0x00, 0x3A, 0xFF, 0xF5, 0x10, 0x00, 0x00, 
0x00, 0x00, 0x00, 0x3C, 0xFF, 0xFA, 0x17, 0x00, 0x00, 0x00, 0x00, 0x00, 0x00, 0x00, 0x00, 0x64, 
0xFF, 0xB7, 0x00, 0x00, 0x00, 0x00, 0x00, 0x00, 0x00, 0x62, 0xFF, 0xB1, 0x00, 0x00, 0x00, 0x00, 
0x00, 0x00, 0x60, 0xFF, 0xB5, 0x00, 0x00, 0x00, 0x00, 0x00, 0x00, 0x00, 0x00, 0x00, 0xA2, 0xFF, 
0x6B, 0x00, 0x00, 0x00, 0x00, 0x00, 0x00, 0x00, 0x9E, 0xFF, 0x6D, 0x00, 0x00, 0x00, 0x00, 0x00, 
0x00, 0x9A, 0xFF, 0x6D, 0x00, 0x00, 0x00, 0x00, 0x00, 0x00, 0x00, 0x00, 0x00, 0xE4, 0xFF, 0x27, 
0x00, 0x00, 0x00, 0x00, 0x00, 0x00, 0x00, 0xE0, 0xFF, 0x2A, 0x00, 0x00, 0x00, 0x00, 0x00, 0x00, 
0xDD, 0xFF, 0x2A, 0x00, 0x00, 0x00, 0x00, 0x00, 0x00, 0x00, 0x00, 0x28, 0xFF, 0xE4, 0x00, 0x00, 
0x00, 0x00, 0x00, 0x00, 0x00, 0x24, 0xFF, 0xE7, 0x00, 0x00, 0x00, 0x00, 0x00, 0x00, 0x20, 0xFF, 
0xE7, 0x00, 0x00, 0x00, 0x00, 0x00, 0x00, 0x00, 0x00, 0x00, 0x6B, 0xFF, 0xA1, 0x00, 0x00, 0x00, 
0x00, 0x00, 0x00, 0x00, 0x67, 0xFF, 0xA4, 0x00, 0x00, 0x00, 0x00, 0x00, 0x00, 0x65, 0xFF, 0xA4, 
0x00, 0x00, 0x00, 0x00, 0x00, 0x00, 0x00, 0x00, 0x00, 0xAE, 0xFF, 0x5D, 0x00, 0x00, 0x00, 0x00, 
0x00, 0x00, 0x00, 0xAA, 0xFF, 0x61, 0x00, 0x00, 0x00, 0x00, 0x00, 0x00, 0xA8, 0xFF, 0x61, 0x00, 
0x00, 0x00, 0x00, 0x00, 0x00, 0x00, 0x00, 0x02, 0xEE, 0xFF, 0x1A, 0x00, 0x00, 0x00, 0x00, 0x00, 
0x00, 0x01, 0xEB, 0xFF, 0x1E, 0x00, 0x00, 0x00, 0x00, 0x00, 0x01, 0xEA, 0xFF, 0x1F, 0x00, 0x00, 
0x00, 0x00, 0x00, 0x00, 0x00, 0x00, 0x34, 0xFF, 0xD7, 0x00, 0x00, 0x00, 0x00, 0x00, 0x00, 0x00, 
0x30, 0xFF, 0xDB, 0x00, 0x00, 0x00, 0x00, 0x00, 0x00, 0x2F, 0xFF, 0xDB, 0x00, 0x00, 0x00, 0x00, 
0x00, 0x00, 0x00, 0x00, 0x00, 0x77, 0xFF, 0x93, 0x00, 0x00, 0x00, 0x00, 0x00, 0x00, 0x00, 0x73, 
0xFF, 0x98, 0x00, 0x00, 0x00, 0x00, 0x00, 0x00, 0x73, 0xFF, 0x99, 0x00, 0x00, 0x00, 0x00, 0x00, 
0x00, 0x00, 0x00, 0x00, 0xBA, 0xFF, 0x50, 0x00, 0x00, 0x00, 0x00, 0x00, 0x00, 0x00, 0xB6, 0xFF, 
0x55, 0x00, 0x00, 0x00, 0x00, 0x00, 0x00, 0xB6, 0xFF, 0x56, 0x00, 0x00, 0x00, 0x00, 0x00, 0x00, 
0x00, 0x00, 0x07, 0xF6, 0xFC, 0x10, 0x00, 0x00, 0x00, 0x00, 0x00, 0x00, 0x05, 0xF3, 0xFE, 0x14, 
0x00, 0x00, 0x00, 0x00, 0x00, 0x05, 0xF4, 0xFE, 0x15, 0x00, 0x00, 0x00, 0x00, 0x00, 0x00, 0x00, 
0x00, 0x40, 0xFF, 0xC9, 0x00, 0x00, 0x00, 0x00, 0x00, 0x00, 0x00, 0x3C, 0xFF, 0xCF, 0x00, 0x00, 
0x00, 0x00, 0x00, 0x00, 0x3E, 0xFF, 0xD0, 0x00, 0x00, 0x00, 0x00, 0x00, 0x00, 0x00, 0x00, 0x00, 
0x87, 0xFF, 0x8B, 0x00, 0x00, 0x00, 0x00, 0x00, 0x00, 0x00, 0x85, 0xFF, 0x8E, 0x00, 0x00, 0x00, 
0x00, 0x00, 0x00, 0x83, 0xFF, 0x8E, 0x00, 0x00, 0x00, 0x00, 0x00, 0x00, 0x00, 0x00, 0x00, 0xD9, 
0xFF, 0x5E, 0x00, 0x00, 0x00, 0x00, 0x00, 0x00, 0x01, 0xDA, 0xFF, 0x5C, 0x00, 0x00, 0x00, 0x00, 
0x00, 0x00, 0xD4, 0xFF, 0x53, 0x00, 0x00, 0x00, 0x00, 0x00, 0x00, 0x00, 0x10, 0x73, 0xFF, 0xFF, 
0x9B, 0x12, 0x00, 0x00, 0x00, 0x02, 0x14, 0x84, 0xFF, 0xFF, 0x9A, 0x12, 0x00, 0x00, 0x00, 0x0F, 
0x70, 0xFF, 0xFF, 0xAA, 0x31, 0x0D, 0x01, 0x00, 0x00, 0x00, 0x52, 0xFF, 0xFF, 0xFF, 0xFF, 0xFF, 
0xFF, 0xFF, 0xFF, 0xFF, 0xFF, 0xFF, 0xFF, 0xFF, 0xFF, 0xFF, 0xFF, 0xFF, 0xFF, 0xFF, 0xFF, 0xFF, 
0xFF, 0xFF, 0xFF, 0xFF, 0xFF, 0x6A, 0x00, 0x00, 0x00, 0x00, 0x00, 0x00, 0x00, 0x00, 0x00, 0x00, 
0x00, 0x00, 0x00, 0x00, 0x00, 0x00, 0x00, 0x00, 0x00, 0x00, 0x00, 0x00, 0x00, 0x00, 0x03, 0x15, 
0x64, 0xFC, 0xFF, 0xFF, 0x22, 0x00, 0x00, 0x00, 0x00, 0x00, 0x00, 0x00, 0x00, 0x00, 0x00, 0x00, 
0x00, 0x00, 0x00, 0x00, 0x00, 0x00, 0x00, 0x00, 0x00, 0x00, 0x00, 0x00, 0x00, 0x00, 0x00, 0x00, 
0x98, 0xFF, 0xD8, 0x00, 0x00, 0x00, 0x00, 0x00, 0x00, 0x00, 0x00, 0x00, 0x00, 0x00, 0x00, 0x00, 
0x00, 0x00, 0x00, 0x00, 0x00, 0x00, 0x00, 0x00, 0x00, 0x00, 0x00, 0x00, 0x00, 0x00, 0x00, 0x46, 
0xFF, 0x8F, 0x00, 0x00, 0x00, 0x00, 0x00, 0x00, 0x00, 0x00, 0x00, 0x00, 0x00, 0x00, 0x00, 0x00, 
0x00, 0x00, 0x00, 0x00, 0x00, 0x00, 0x00, 0x00, 0x00, 0x00, 0x00, 0x00, 0x00, 0x00, 0x28, 0xFF, 
0x46, 0x00, 0x00, 0x00, 0x00, 0x00, 0x00, 0x00, 0x00, 0x00, 0x00, 0x00, 0x00, 0x00, 0x00, 0x00, 
0x00, 0x00, 0x00, 0x00, 0x00, 0x00, 0x00, 0x00, 0x00, 0x00, 0x00, 0x00, 0x00, 0x2D, 0xF5, 0x08, 
0x00, 0x00, 0x00, 0x00, 0x00, 0x00, 0x00, 0x00, 0x00, 0x00, 0x00, 0x00, 0x00, 0x00, 0x00, 0x00, 
0x00, 0x00, 0x00, 0x00, 0x00, 0x00, 0x00, 0x00, 0x00, 0x00, 0x00, 0x00, 0x55, 0xB4, 0x00, 0x00, 
0x00, 0x00, 0x00, 0x00, 0x00, 0xC0, 0xFF, 0xFF, 0xFF, 0xFF, 0xFF, 0xFF, 0xFF, 0xFF, 0xFF, 0x33, 
0x00, 0x00, 0x00, 0x00, 0x00, 0x0C, 0xFA, 0xF6, 0x76, 0x2A, 0x0D, 0x83, 0xFF, 0xED, 0x4F, 0x12, 
0x00, 0x00, 0x00, 0x00, 0x00, 0x00, 0x4E, 0xFE, 0x42, 0x00, 0x00, 0x00, 0xC3, 0xFF, 0x6F, 0x00, 
0x00, 0x00, 0x00, 0x00, 0x00, 0x00, 0x00, 0x95, 0x9D, 0x00, 0x00, 0x00, 0x0A, 0xF9, 0xFC, 0x12, 
0x00, 0x00, 0x00, 0x00, 0x00, 0x00, 0x00, 0x00, 0xDC, 0x32, 0x00, 0x00, 0x00, 0x46, 0xFF, 0xCA, 
0x00, 0x00, 0x00, 0x00, 0x00, 0x00, 0x00, 0x00, 0x00, 0x00, 0x00, 0x00, 0x00, 0x00, 0x87, 0xFF, 
0x88, 0x00, 0x00, 0x00, 0x00, 0x00, 0x00, 0x00, 0x00, 0x00, 0x00, 0x00, 0x00, 0x00, 0x00, 0xC9, 
0xFF, 0x46, 0x00, 0x00, 0x00, 0x00, 0x00, 0x00, 0x00, 0x00, 0x00, 0x00, 0x00, 0x00, 0x00, 0x0D, 
0xFC, 0xFA, 0x0A, 0x00, 0x00, 0x00, 0x00, 0x00, 0x00, 0x00, 0x00, 0x00, 0x00, 0x00, 0x00, 0x00, 
0x4C, 0xFF, 0xFF, 0xFF, 0xFF, 0xFB, 0xEF, 0xD2, 0x9A, 0x2A, 0x00, 0x00, 0x00, 0x00, 0x00, 0x00, 
0x00, 0x8D, 0xFF, 0x82, 0x01, 0x0D, 0x1E, 0x4A, 0x9B, 0xF8, 0xFB, 0x65, 0x00, 0x00, 0x00, 0x00, 
0x00, 0x00, 0xCF, 0xFF, 0x41, 0x00, 0x00, 0x00, 0x00, 0x00, 0x36, 0xED, 0xFD, 0x39, 0x00, 0x00, 
0x00, 0x00, 0x12, 0xFD, 0xF7, 0x08, 0x00, 0x00, 0x00, 0x00, 0x00, 0x00, 0x65, 0xFF, 0xB3, 0x00, 
0x00, 0x00, 0x00, 0x52, 0xFF, 0xBE, 0x00, 0x00, 0x00, 0x00, 0x00, 0x00, 0x00, 0x17, 0xFF, 0xEB, 
0x00, 0x00, 0x00, 0x00, 0x93, 0xFF, 0x7D, 0x00, 0x00, 0x00, 0x00, 0x00, 0x00, 0x00, 0x0E, 0xFF, 
0xF5, 0x00, 0x00, 0x00, 0x00, 0xD5, 0xFF, 0x3B, 0x00, 0x00, 0x00, 0x00, 0x00, 0x00, 0x00, 0x4E, 
0xFF, 0xC2, 0x00, 0x00, 0x00, 0x19, 0xFF, 0xF4, 0x05, 0x00, 0x00, 0x00, 0x00, 0x00, 0x00, 0x07, 
0xD0, 0xFF, 0x58, 0x00, 0x00, 0x00, 0x7C, 0xFF, 0xB8, 0x00, 0x00, 0x00, 0x00, 0x00, 0x00, 0x0E, 
0xB2, 0xFF, 0xB2, 0x00, 0x00, 0x10, 0x51, 0xF3, 0xFF, 0x94, 0x1F, 0x0D, 0x04, 0x12, 0x3A, 0x7D, 
0xE4, 0xFF, 0xAF, 0x0B, 0x00, 0x5A, 0xFF, 0xFF, 0xFF, 0xFF, 0xFF, 0xFF, 0xFF, 0xFF, 0xF9, 0xEA, 
0xCD, 0x96, 0x44, 0x00, 0x00, 0x00, 0x00, 0x00, 0x00, 0x00, 0x00, 0x68, 0xFF, 0xFF, 0xFF, 0xFF, 
0xFF, 0xFF, 0x87, 0x00, 0x00, 0x00, 0x00, 0x00, 0x00, 0x00, 0x00, 0xBE, 0xFF, 0xFF, 0xFF, 0xFF, 
0xFF, 0xFF, 0x1F, 0x00, 0x00, 0x00, 0x00, 0x00, 0x02, 0x26, 0xD9, 0xFF, 0xFF, 0x7B, 0x1D, 0x03, 
0x00, 0x00, 0x00, 0x00, 0x00, 0x00, 0x00, 0x00, 0x05, 0x28, 0xE0, 0xFF, 0xF5, 0x4F, 0x0D, 0x00, 
0x00, 0x00, 0x00, 0x00, 0x00, 0x00, 0x00, 0xA8, 0xFF, 0xB1, 0x00, 0x00, 0x00, 0x00, 0x00, 0x00, 
0x00, 0x00, 0x00, 0x00, 0x00, 0x00, 0x00, 0xB7, 0xFF, 0x8C, 0x00, 0x00, 0x00, 0x00, 0x00, 0x00, 
0x00, 0x00, 0x00, 0x00, 0xDC, 0xFF, 0x45, 0x00, 0x00, 0x00, 0x00, 0x00, 0x00, 0x00, 0x00, 0x00, 
0x00, 0x00, 0x00, 0x00, 0xE7, 0xFF, 0x2B, 0x00, 0x00, 0x00, 0x00, 0x00, 0x00, 0x00, 0x00, 0x00, 
0x20, 0xFF, 0xEB, 0x02, 0x00, 0x00, 0x00, 0x00, 0x00, 0x00, 0x00, 0x00, 0x00, 0x00, 0x00, 0x00, 
0x2C, 0xFF, 0xDF, 0x00, 0x00, 0x00, 0x00, 0x00, 0x00, 0x00, 0x00, 0x00, 0x00, 0x65, 0xFF, 0xA9, 
0x00, 0x00, 0x00, 0x00, 0x00, 0x00, 0x00, 0x00, 0x00, 0x00, 0x00, 0x00, 0x00, 0x70, 0xFF, 0x9B, 
0x00, 0x00, 0x00, 0x00, 0x00, 0x00, 0x00, 0x00, 0x00, 0x00, 0xA9, 0xFF, 0x65, 0x00, 0x00, 0x00, 
0x00, 0x00, 0x00, 0x00, 0x00, 0x00, 0x00, 0x00, 0x00, 0x00, 0xB4, 0xFF, 0x57, 0x00, 0x00, 0x00, 
0x00, 0x00, 0x00, 0x00, 0x00, 0x00, 0x01, 0xEA, 0xFF, 0x21, 0x00, 0x00, 0x00, 0x00, 0x00, 0x00, 
0x00, 0x00, 0x00, 0x00, 0x00, 0x00, 0x04, 0xF2, 0xFE, 0x15, 0x00, 0x00, 0x00, 0x00, 0x00, 0x00, 
0x00, 0x00, 0x00, 0x30, 0xFF, 0xFF, 0xFF, 0xFF, 0xFC, 0xF1, 0xD5, 0x9E, 0x2F, 0x00, 0x00, 0x00, 
0x00, 0x00, 0x00, 0x3C, 0xFF, 0xD0, 0x00, 0x00, 0x00, 0x00, 0x00, 0x00, 0x00, 0x00, 0x00, 0x00, 
0x74, 0xFF, 0x99, 0x01, 0x0C, 0x1C, 0x49, 0x98, 0xF7, 0xFC, 0x6B, 0x00, 0x00, 0x00, 0x00, 0x00, 
0x7F, 0xFF, 0x8C, 0x00, 0x00, 0x00, 0x00, 0x00, 0x00, 0x00, 0x00, 0x00, 0x00, 0xB8, 0xFF, 0x56, 
0x00, 0x00, 0x00, 0x00, 0x00, 0x34, 0xED, 0xFD, 0x3C, 0x00, 0x00, 0x00, 0x00, 0xC3, 0xFF, 0x49, 
0x00, 0x00, 0x00, 0x00, 0x00, 0x00, 0x00, 0x00, 0x00, 0x06, 0xF5, 0xFE, 0x14, 0x00, 0x00, 0x00, 
0x00, 0x00, 0x00, 0x65, 0xFF, 0xB5, 0x00, 0x00, 0x00, 0x0C, 0xFA, 0xFA, 0x0B, 0x00, 0x00, 0x00, 
0x00, 0x00, 0x00, 0x00, 0x00, 0x00, 0x3F, 0xFF, 0xCE, 0x00, 0x00, 0x00, 0x00, 0x00, 0x00, 0x00, 
0x17, 0xFF, 0xEB, 0x00, 0x00, 0x00, 0x4B, 0xFF, 0xC2, 0x00, 0x00, 0x00, 0x00, 0x00, 0x00, 0x00, 
0x00, 0x00, 0x00, 0x83, 0xFF, 0x8A, 0x00, 0x00, 0x00, 0x00, 0x00, 0x00, 0x00, 0x0E, 0xFF, 0xF5, 
0x00, 0x00, 0x00, 0x8E, 0xFF, 0x7E, 0x00, 0x00, 0x00, 0x00, 0x00, 0x00, 0x00, 0x00, 0x00, 0x00, 
0xC6, 0xFF, 0x47, 0x00, 0x00, 0x00, 0x00, 0x00, 0x00, 0x00, 0x4E, 0xFF, 0xC2, 0x00, 0x00, 0x00, 
0xD2, 0xFF, 0x3A, 0x00, 0x00, 0x00, 0x00, 0x00, 0x00, 0x00, 0x00, 0x00, 0x10, 0xFB, 0xF9, 0x0A, 
0x00, 0x00, 0x00, 0x00, 0x00, 0x00, 0x07, 0xD0, 0xFF, 0x58, 0x00, 0x00, 0x1D, 0xFE, 0xF1, 0x04, 
0x00, 0x00, 0x00, 0x00, 0x00, 0x00, 0x00, 0x00, 0x00, 0x72, 0xFF, 0xBF, 0x00, 0x00, 0x00, 0x00, 
0x00, 0x00, 0x0E, 0xB2, 0xFF, 0xB2, 0x00, 0x00, 0x00, 0x86, 0xFF, 0xA7, 0x00, 0x00, 0x00, 0x00, 
0x00, 0x00, 0x00, 0x00, 0x10, 0x4C, 0xEF, 0xFF, 0x98, 0x1F, 0x0D, 0x04, 0x12, 0x39, 0x7D, 0xE4, 
0xFF, 0xB0, 0x0B, 0x00, 0x0E, 0x56, 0xF8, 0xFF, 0xBA, 0x21, 0x05, 0x00, 0x00, 0x00, 0x00, 0x00, 
0x4E, 0xFF, 0xFF, 0xFF, 0xFF, 0xFF, 0xFF, 0xFF, 0xFF, 0xFA, 0xEA, 0xCE, 0x97, 0x46, 0x00, 0x00, 
0x7C, 0xFF, 0xFF, 0xFF, 0xFF, 0xFF, 0xFF, 0xB7, 0x00, 0x00, 0x00, 0x00, 0x00, 0x00, 0x00, 0x00, 
0x00, 0x00, 0x68, 0xFF, 0xFF, 0xFF, 0xFF, 0xFF, 0xFF, 0x87, 0x00, 0x00, 0x00, 0x00, 0x00, 0x00, 
0x00, 0x00, 0x00, 0x02, 0x26, 0xD9, 0xFF, 0xFF, 0x7B, 0x1D, 0x03, 0x00, 0x00, 0x00, 0x00, 0x00, 
0x00, 0x00, 0x00, 0x00, 0x00, 0x00, 0xA8, 0xFF, 0xB1, 0x00, 0x00, 0x00, 0x00, 0x00, 0x00, 0x00, 
0x00, 0x00, 0x00, 0x00, 0x00, 0x00, 0x00, 0xDC, 0xFF, 0x45, 0x00, 0x00, 0x00, 0x00, 0x00, 0x00, 
0x00, 0x00, 0x00, 0x00, 0x00, 0x00, 0x00, 0x20, 0xFF, 0xEB, 0x02, 0x00, 0x00, 0x00, 0x00, 0x00, 
0x00, 0x00, 0x00, 0x00, 0x00, 0x00, 0x00, 0x00, 0x65, 0xFF, 0xA9, 0x00, 0x00, 0x00, 0x00, 0x00, 
0x00, 0x00, 0x00, 0x00, 0x00, 0x00, 0x00, 0x00, 0x00, 0xA9, 0xFF, 0x65, 0x00, 0x00, 0x00, 0x00, 
0x00, 0x00, 0x00, 0x00, 0x00, 0x00, 0x00, 0x00, 0x00, 0x01, 0xEA, 0xFF, 0x21, 0x00, 0x00, 0x00, 
0x00, 0x00, 0x00, 0x00, 0x00, 0x00, 0x00, 0x00, 0x00, 0x00, 0x30, 0xFF, 0xFF, 0xFF, 0xFF, 0xFC, 
0xF1, 0xD5, 0x9E, 0x2F, 0x00, 0x00, 0x00, 0x00, 0x00, 0x00, 0x00, 0x74, 0xFF, 0x99, 0x01, 0x0C, 
0x1C, 0x49, 0x98, 0xF7, 0xFC, 0x6B, 0x00, 0x00, 0x00, 0x00, 0x00, 0x00, 0xB8, 0xFF, 0x56, 0x00, 
0x00, 0x00, 0x00, 0x00, 0x34, 0xED, 0xFD, 0x3C, 0x00, 0x00, 0x00, 0x00, 0x06, 0xF5, 0xFE, 0x14, 
0x00, 0x00, 0x00, 0x00, 0x00, 0x00, 0x65, 0xFF, 0xB5, 0x00, 0x00, 0x00, 0x00, 0x3F, 0xFF, 0xCE, 
0x00, 0x00, 0x00, 0x00, 0x00, 0x00, 0x00, 0x17, 0xFF, 0xEB, 0x00, 0x00, 0x00, 0x00, 0x83, 0xFF, 
0x8A, 0x00, 0x00, 0x00, 0x00, 0x00, 0x00, 0x00, 0x0E, 0xFF, 0xF5, 0x00, 0x00, 0x00, 0x00, 0xC6, 
0xFF, 0x47, 0x00, 0x00, 0x00, 0x00, 0x00, 0x00, 0x00, 0x4E, 0xFF, 0xC2, 0x00, 0x00, 0x00, 0x10, 
0xFB, 0xF9, 0x0A, 0x00, 0x00, 0x00, 0x00, 0x00, 0x00, 0x07, 0xD0, 0xFF, 0x58, 0x00, 0x00, 0x00, 
0x72, 0xFF, 0xBF, 0x00, 0x00, 0x00, 0x00, 0x00, 0x00, 0x0E, 0xB2, 0xFF, 0xB2, 0x00, 0x00, 0x10, 
0x4C, 0xEF, 0xFF, 0x98, 0x1F, 0x0D, 0x04, 0x12, 0x39, 0x7D, 0xE4, 0xFF, 0xB0, 0x0B, 0x00, 0x4E, 
0xFF, 0xFF, 0xFF, 0xFF, 0xFF, 0xFF, 0xFF, 0xFF, 0xFA, 0xEA, 0xCE, 0x97, 0x46, 0x00, 0x00, 0x00, 
0x00, 0x00, 0x00, 0x33, 0xFF, 0x3C, 0x1C, 0x5F, 0xA3, 0xD8, 0xF4, 0xF1, 0xD3, 0x8D, 0x1F, 0x00, 
0x00, 0x00, 0x00, 0x00, 0x00, 0x9A, 0xFF, 0xFF, 0xD7, 0x72, 0x31, 0x13, 0x09, 0x27, 0x72, 0xE9, 
0xF7, 0x60, 0x00, 0x00, 0x00, 0x00, 0x0C, 0xF3, 0xFA, 0x74, 0x00, 0x00, 0x00, 0x00, 0x00, 0x00, 
0x00, 0x16, 0xD0, 0xFF, 0x57, 0x00, 0x00, 0x00, 0x67, 0xFA, 0x43, 0x00, 0x00, 0x00, 0x00, 0x00, 
0x00, 0x00, 0x00, 0x00, 0x21, 0xF3, 0xF0, 0x11, 0x00, 0x00, 0xCD, 0x68, 0x00, 0x00, 0x00, 0x00, 
0x00, 0x00, 0x00, 0x00, 0x00, 0x00, 0x00, 0x8D, 0xFF, 0x77, 0x00, 0x00, 0x00, 0x00, 0x00, 0x00, 
0x00, 0x00, 0x00, 0x00, 0x00, 0x00, 0x00, 0x00, 0x00, 0x3B, 0xFF, 0xC0, 0x00, 0x00, 0x00, 0x00, 
0x00, 0x00, 0x00, 0x00, 0x00, 0x00, 0x00, 0x00, 0x00, 0x00, 0x00, 0x10, 0xFF, 0xEA, 0x00, 0x00, 
0x00, 0x00, 0x00, 0x00, 0x00, 0x00, 0x00, 0x00, 0x00, 0x00, 0x00, 0x00, 0x00, 0x01, 0xFF, 0xFA, 
0x00, 0x00, 0x00, 0x00, 0x00, 0x00, 0x00, 0x00, 0x00, 0x00, 0x00, 0x00, 0x00, 0x00, 0x00, 0x00, 
0xFF, 0xF0, 0x00, 0x00, 0x00, 0x00, 0x00, 0x00, 0x00, 0xDC, 0xFF, 0xFF, 0xFF, 0xFF, 0xFF, 0xFF, 
0xFF, 0xFF, 0xFF, 0xD0, 0x00, 0x00, 0x00, 0x00, 0x00, 0x00, 0x00, 0x00, 0x00, 0x00, 0x00, 0x00, 
0x00, 0x00, 0x00, 0x21, 0xFF, 0x99, 0x00, 0x00, 0x00, 0x00, 0x00, 0x00, 0x00, 0x00, 0x00, 0x00, 
0x00, 0x00, 0x00, 0x00, 0x00, 0x66, 0xFF, 0x46, 0x00, 0x00, 0x00, 0x00, 0x00, 0x00, 0x00, 0x00, 
0x00, 0x00, 0x00, 0x00, 0x00, 0x00, 0x00, 0xC5, 0xD6, 0x02, 0x18, 0x00, 0x00, 0x00, 0x00, 0x00, 
0x00, 0x00, 0x00, 0x00, 0x00, 0x00, 0x00, 0x00, 0x3B, 0xFF, 0x4F, 0x00, 0x9F, 0x2D, 0x00, 0x00, 
0x00, 0x00, 0x00, 0x00, 0x00, 0x00, 0x00, 0x00, 0x00, 0x07, 0xD4, 0xA5, 0x00, 0x00, 0x19, 0xD3, 
0x30, 0x00, 0x00, 0x00, 0x00, 0x00, 0x00, 0x00, 0x00, 0x00, 0x04, 0xAF, 0xCA, 0x0A, 0x00, 0x00, 
0x00, 0x3C, 0xE9, 0x61, 0x00, 0x00, 0x00, 0x00, 0x00, 0x00, 0x00, 0x1C, 0xC1, 0xBF, 0x0F, 0x00, 
0x00, 0x00, 0x00, 0x00, 0x3A, 0xE4, 0xCA, 0x5F, 0x1D, 0x04, 0x13, 0x40, 0x93, 0xEB, 0x7C, 0x03, 
0x00, 0x00, 0x00, 0x00, 0x00, 0x00, 0x00, 0x0B, 0x71, 0xC4, 0xF0, 0xFB, 0xEB, 0xBF, 0x75, 0x17, 
0x00, 0x00, 0x00, 0x00, 0x00, 0x00, 0x00, 0x00, 0x00, 0x00, 0x00, 0xB2, 0xFF, 0xFF, 0xFF, 0xFF, 
0xFF, 0xFF, 0x3B, 0x00, 0x00, 0x00, 0x00, 0x00, 0x00, 0x0D, 0x6B, 0xB7, 0xE4, 0xF9, 0xEC, 0xC3, 
0x6F, 0x07, 0x00, 0x00, 0x00, 0x00, 0x00, 0x00, 0x00, 0x05, 0x25, 0xDB, 0xFF, 0xFC, 0x5D, 0x0F, 
0x00, 0x00, 0x00, 0x00, 0x00, 0x02, 0x73, 0xEE, 0xC3, 0x57, 0x1A, 0x05, 0x1A, 0x66, 0xE8, 0xD4, 
0x1B, 0x00, 0x00, 0x00, 0x00, 0x00, 0x00, 0x00, 0x00, 0xAF, 0xFF, 0x9E, 0x00, 0x00, 0x00, 0x00, 
0x00, 0x00, 0x17, 0xC2, 0xF7, 0x61, 0x00, 0x00, 0x00, 0x00, 0x00, 0x00, 0x21, 0xEC, 0xCA, 0x04, 
0x00, 0x00, 0x00, 0x00, 0x00, 0x00, 0x00, 0xDE, 0xFF, 0x38, 0x00, 0x00, 0x00, 0x00, 0x00, 0x20, 
0xDB, 0xF7, 0x41, 0x00, 0x00, 0x00, 0x00, 0x00, 0x00, 0x00, 0x00, 0x6E, 0xFF, 0x62, 0x00, 0x00, 
0x00, 0x00, 0x00, 0x00, 0x20, 0xFF, 0xEA, 0x01, 0x00, 0x00, 0x00, 0x00, 0x10, 0xDA, 0xFF, 0x58, 
0x00, 0x00, 0x00, 0x00, 0x00, 0x00, 0x00, 0x00, 0x00, 0x1F, 0xFF, 0xBE, 0x00, 0x00, 0x00, 0x00, 
0x00, 0x00, 0x64, 0xFF, 0xA8, 0x00, 0x00, 0x00, 0x00, 0x00, 0xB4, 0xFF, 0xA1, 0x00, 0x00, 0x00, 
0x00, 0x00, 0x00, 0x00, 0x00, 0x00, 0x00, 0x04, 0xFF, 0xEE, 0x00, 0x00, 0x00, 0x00, 0x00, 0x00, 
0xA8, 0xFF, 0x65, 0x00, 0x00, 0x00, 0x00, 0x56, 0xFF, 0xEC, 0x14, 0x00, 0x00, 0x00, 0x00, 0x00, 
0x00, 0x00, 0x00, 0x00, 0x00, 0x0F, 0xFF, 0xFA, 0x00, 0x00, 0x00, 0x00, 0x00, 0x01, 0xEA, 0xFF, 
0x21, 0x00, 0x00, 0x00, 0x02, 0xDD, 0xFF, 0x73, 0x00, 0x00, 0x00, 0x00, 0x00, 0x00, 0x00, 0x00, 
0x00, 0x00, 0x00, 0x35, 0xFF, 0xE9, 0x00, 0x00, 0x00, 0x00, 0x00, 0x30, 0xFF, 0xDD, 0x00, 0x00, 
0x00, 0x00, 0x50, 0xFF, 0xF2, 0x0F, 0x00, 0x00, 0x00, 0x00, 0x00, 0x00, 0x00, 0x00, 0x00, 0x00, 
0x00, 0x6F, 0xFF, 0xC1, 0x00, 0x00, 0x00, 0x00, 0x00, 0x73, 0xFF, 0xFF, 0xFF, 0xFF, 0xFF, 0xFF, 
0xFF, 0xFF, 0xA0, 0x00, 0x00, 0x00, 0x00, 0x00, 0x00, 0x00, 0x00, 0x00, 0x00, 0x00, 0x00, 0xBD, 
0xFF, 0x85, 0x00, 0x00, 0x00, 0x00, 0x00, 0xB7, 0xFF, 0x55, 0x00, 0x00, 0x00, 0x00, 0xD0, 0xFF, 
0x5C, 0x00, 0x00, 0x00, 0x00, 0x00, 0x00, 0x00, 0x00, 0x00, 0x00, 0x00, 0x20, 0xFE, 0xFF, 0x2E, 
0x00, 0x00, 0x00, 0x00, 0x06, 0xF4, 0xFE, 0x14, 0x00, 0x00, 0x00, 0x00, 0xF1, 0xFF, 0x27, 0x00, 
0x00, 0x00, 0x00, 0x00, 0x00, 0x00, 0x00, 0x00, 0x00, 0x00, 0x9A, 0xFF, 0xC1, 0x00, 0x00, 0x00, 
0x00, 0x00, 0x3F, 0xFF, 0xCE, 0x00, 0x00, 0x00, 0x00, 0x00, 0xFC, 0xFF, 0x10, 0x00, 0x00, 0x00, 
0x00, 0x00, 0x00, 0x00, 0x00, 0x00, 0x00, 0x2C, 0xFC, 0xFF, 0x3D, 0x00, 0x00, 0x00, 0x00, 0x00, 
0x82, 0xFF, 0x8A, 0x00, 0x00, 0x00, 0x00, 0x00, 0xEB, 0xFF, 0x05, 0x00, 0x00, 0x00, 0x00, 0x00, 
0x00, 0x00, 0x00, 0x00, 0x01, 0xBA, 0xFF, 0x9D, 0x00, 0x00, 0x00, 0x00, 0x00, 0x00, 0xC6, 0xFF, 
0x47, 0x00, 0x00, 0x00, 0x00, 0x00, 0xB6, 0xFF, 0x25, 0x00, 0x00, 0x00, 0x00, 0x00, 0x00, 0x00, 
0x00, 0x00, 0x8B, 0xFF, 0xD7, 0x0E, 0x00, 0x00, 0x00, 0x00, 0x00, 0x14, 0xFB, 0xF7, 0x0A, 0x00, 
0x00, 0x00, 0x00, 0x00, 0x5A, 0xFF, 0x79, 0x00, 0x00, 0x00, 0x00, 0x00, 0x00, 0x00, 0x00, 0x6D, 
0xFF, 0xE4, 0x24, 0x00, 0x00, 0x00, 0x00, 0x00, 0x00, 0x7A, 0xFF, 0xB3, 0x00, 0x00, 0x00, 0x00, 
0x00, 0x00, 0x03, 0xC8, 0xF0, 0x23, 0x00, 0x00, 0x00, 0x00, 0x00, 0x04, 0x84, 0xFE, 0xD3, 0x21, 
0x00, 0x00, 0x00, 0x00, 0x00, 0x0D, 0x4F, 0xF4, 0xFF, 0xC1, 0x1E, 0x04, 0x00, 0x00, 0x00, 0x00, 
0x00, 0x1B, 0xD7, 0xE6, 0x63, 0x19, 0x05, 0x1D, 0x64, 0xD8, 0xF7, 0x88, 0x08, 0x00, 0x00, 0x00, 
0x00, 0x00, 0x70, 0xFF, 0xFF, 0xFF, 0xFF, 0xFF, 0xFF, 0xC1, 0x00, 0x00, 0x00, 0x00, 0x00, 0x00, 
0x09, 0x74, 0xC8, 0xEF, 0xFA, 0xE9, 0xBC, 0x74, 0x17, 0x00, 0x00, 0x00, 0x00, 0x00, 0x00, 0x00, 
0x00, 0x00, 0x00, 0x00, 0x00, 0x00, 0x00, 0x00, 0x00, 0x01, 0x4A, 0xA3, 0xD9, 0xF3, 0xFF, 0xFF, 
0xFF, 0xFF, 0xFF, 0xFF, 0xFF, 0xFF, 0x63, 0x00, 0x00, 0x00, 0x00, 0x00, 0x00, 0x00, 0x00, 0x1B, 
0xC2, 0xFF, 0xC4, 0x5B, 0x20, 0x07, 0x0A, 0x22, 0xA1, 0xFF, 0xFF, 0x85, 0x1F, 0x02, 0x00, 0x00, 
0x00, 0x00, 0x00, 0x00, 0x00, 0x10, 0xDD, 0xFF, 0x77, 0x00, 0x00, 0x00, 0x00, 0x00, 0x00, 0xB7, 
0xFF, 0xA7, 0x00, 0x00, 0x00, 0x00, 0x00, 0x00, 0x00, 0x00, 0x00, 0x00, 0x90, 0xFF, 0x9F, 0x00, 
0x00, 0x00, 0x00, 0x00, 0x00, 0x05, 0xF4, 0xFF, 0x38, 0x00, 0x00, 0x00, 0x00, 0x00, 0x00, 0x00, 
0x00, 0x00, 0x00, 0xE3, 0xFF, 0x31, 0x00, 0x00, 0x00, 0x00, 0x00, 0x00, 0x3D, 0xFF, 0xE2, 0x00, 
0x00, 0x00, 0x00, 0x00, 0x00, 0x00, 0x00, 0x00, 0x00, 0x00, 0xF9, 0xFF, 0x07, 0x00, 0x00, 0x00, 
0x00, 0x00, 0x00, 0x80, 0xFF, 0x9D, 0x00, 0x00, 0x00, 0x00, 0x00, 0x00, 0x00, 0x00, 0x00, 0x00, 
0x00, 0xD3, 0xFF, 0x19, 0x00, 0x00, 0x00, 0x00, 0x00, 0x00, 0xC3, 0xFF, 0x5A, 0x00, 0x00, 0x00, 
0x00, 0x00, 0x00, 0x00, 0x00, 0x00, 0x00, 0x00, 0x5D, 0xFF, 0x8A, 0x00, 0x00, 0x00, 0x00, 0x00, 
0x0B, 0xFA, 0xFF, 0x17, 0x00, 0x00, 0x00, 0x00, 0x00, 0x00, 0x00, 0x00, 0x00, 0x00, 0x00, 0x00, 
0x72, 0xFC, 0xB3, 0x4A, 0x1B, 0x05, 0x11, 0x63, 0xFF, 0xD2, 0x00, 0x00, 0x00, 0x00, 0x00, 0x00, 
0x00, 0x00, 0x00, 0x00, 0x00, 0x00, 0x00, 0x00, 0x2E, 0xD5, 0xFB, 0xFC, 0xFA, 0xEF, 0xF6, 0xFF, 
0x8E, 0x00, 0x00, 0x00, 0x00, 0x00, 0x00, 0x00, 0x00, 0x00, 0x00, 0x00, 0x00, 0x00, 0x2E, 0xE0, 
0xF2, 0x2F, 0x00, 0x00, 0x00, 0xC2, 0xFF, 0x4B, 0x00, 0x00, 0x00, 0x00, 0x00, 0x00, 0x00, 0x00, 
0x00, 0x00, 0x00, 0x00, 0x25, 0xEA, 0xFB, 0x48, 0x00, 0x00, 0x00, 0x0B, 0xFA, 0xFA, 0x0C, 0x00, 
0x00, 0x00, 0x00, 0x00, 0x00, 0x00, 0x00, 0x00, 0x00, 0x00, 0x15, 0xDD, 0xFF, 0x65, 0x00, 0x00, 
0x00, 0x00, 0x4A, 0xFF, 0xC3, 0x00, 0x00, 0x00, 0x00, 0x00, 0x00, 0x00, 0x00, 0x00, 0x00, 0x00, 
0x09, 0xC7, 0xFF, 0x86, 0x00, 0x00, 0x00, 0x00, 0x00, 0x8E, 0xFF, 0x7F, 0x00, 0x00, 0x00, 0x00, 
0x00, 0x00, 0x00, 0x00, 0x00, 0x00, 0x01, 0xAC, 0xFF, 0xA7, 0x01, 0x00, 0x00, 0x00, 0x00, 0x00, 
0xD2, 0xFF, 0x3B, 0x00, 0x00, 0x00, 0x00, 0x00, 0x00, 0x00, 0x00, 0x00, 0x00, 0x8C, 0xFF, 0xC3, 
0x07, 0x00, 0x00, 0x00, 0x00, 0x00, 0x23, 0xFF, 0xE9, 0x03, 0x00, 0x00, 0x00, 0x00, 0x00, 0x00, 
0x00, 0x00, 0x00, 0x72, 0xFF, 0xD9, 0x12, 0x00, 0x00, 0x00, 0x00, 0x00, 0x00, 0x87, 0xFF, 0x9E, 
0x00, 0x00, 0x00, 0x00, 0x00, 0x00, 0x00, 0x14, 0x4A, 0xBE, 0xFF, 0xEA, 0x22, 0x00, 0x00, 0x00, 
0x00, 0x00, 0x0F, 0x4E, 0xF3, 0xFF, 0xBC, 0x24, 0x05, 0x00, 0x00, 0x00, 0x00, 0x00, 0xFF, 0xFF, 
0xFF, 0xF6, 0x38, 0x00, 0x00, 0x00, 0x00, 0x00, 0x19, 0xFF, 0xFF, 0xFF, 0xFF, 0xFF, 0xFF, 0x8D, 
0x00, 0x00, 0x00, 0x00, 0x00, 0x00, 0x00, 0x00, 0x00, 0x01, 0x64, 0xD1, 0xF6, 0xAE, 0x06, 0x26, 
0x93, 0x49, 0x00, 0x00, 0x00, 0x09, 0xB5, 0xD5, 0x45, 0x0C, 0x67, 0x72, 0xF2, 0xFE, 0x14, 0x00, 
0x00, 0x0C, 0xC0, 0xCC, 0x0F, 0x00, 0x00, 0x00, 0xD3, 0xFF, 0xCE, 0x00, 0x00, 0x00, 0xA1, 0xF0, 
0x1C, 0x00, 0x00, 0x00, 0x00, 0xDB, 0xFF, 0x8A, 0x00, 0x00, 0x4A, 0xFF, 0x6D, 0x00, 0x00, 0x00, 
0x00, 0x00, 0xF0, 0xFF, 0x47, 0x00, 0x03, 0xDC, 0xE5, 0x05, 0x00, 0x00, 0x00, 0x00, 0x2E, 0xFF, 
0xF9, 0x0A, 0x00, 0x51, 0xFF, 0x81, 0x00, 0x00, 0x00, 0x00, 0x00, 0x8B, 0xFF, 0xBF, 0x00, 0x00, 
0xA6, 0xFF, 0x35, 0x00, 0x00, 0x00, 0x00, 0x18, 0xF2, 0xFF, 0x7C, 0x00, 0x00, 0xDF, 0xFF, 0x0A, 
0x00, 0x00, 0x00, 0x00, 0xA9, 0xF2, 0xFF, 0x38, 0x00, 0x00, 0xF9, 0xFF, 0x11, 0x00, 0x00, 0x01, 
0x91, 0x7A, 0xFE, 0xF1, 0x03, 0x00, 0x00, 0xE8, 0xFF, 0x95, 0x0D, 0x32, 0xB7, 0x93, 0x59, 0xFF, 
0xB0, 0x2C, 0x8B, 0x00, 0x9D, 0xFF, 0xFF, 0xFF, 0xFF, 0x9A, 0x01, 0x91, 0xFF, 0x8C, 0xBA, 0x41, 
0x00, 0x11, 0xAD, 0xF2, 0xCF, 0x58, 0x00, 0x00, 0x6D, 0xF6, 0xC0, 0x34, 0x00, 0x00, 0x00, 0x00, 
0x00, 0x00, 0x00, 0x00, 0x00, 0x00, 0x00, 0x00, 0x00, 0x13, 0x6B, 0xCF, 0x00, 0x00, 0x00, 0x00, 
0x00, 0x00, 0x1D, 0x7C, 0xB9, 0xE0, 0xF8, 0xFF, 0xF9, 0x3F, 0x00, 0x00, 0x00, 0x00, 0x00, 0x6A, 
0xF8, 0xFF, 0xFF, 0xF7, 0xDE, 0xAC, 0x35, 0x00, 0x00, 0x00, 0x00, 0x00, 0x77, 0xE8, 0x79, 0x36, 
0x13, 0x00, 0x00, 0x00, 0x00, 0x00, 0x00, 0x00, 0x00, 0x49, 0xCC, 0x16, 0x00, 0x00, 0x00, 0x00, 
0x00, 0x00, 0x00, 0x00, 0x00, 0x00, 0x0A, 0xCE, 0x18, 0x00, 0x00, 0x00, 0x00, 0x00, 0x00, 0x00, 
0x00, 0x00, 0x00, 0x00, 0x7A, 0x5F, 0x00, 0x00, 0x00, 0x00, 0x00, 0x00, 0x00, 0x00, 0x00, 0x00, 
0x00, 0x09, 0xC3, 0x02, 0x12, 0x76, 0xCB, 0xEF, 0xF1, 0xB0, 0x27, 0x00, 0x00, 0x00, 0x00, 0x61, 
0x62, 0x46, 0xEA, 0xD3, 0x50, 0x10, 0x1C, 0xB2, 0xEF, 0x23, 0x00, 0x00, 0x00, 0xB6, 0x67, 0xFE, 
0xBC, 0x0B, 0x00, 0x00, 0x00, 0x1E, 0xFF, 0xA4, 0x00, 0x00, 0x1D, 0xDC, 0xFA, 0xE1, 0x12, 0x00, 
0x00, 0x00, 0x00, 0x06, 0xFF, 0xE7, 0x00, 0x00, 0x67, 0xFF, 0xFF, 0x52, 0x00, 0x00, 0x00, 0x00, 
0x00, 0x19, 0xFF, 0xFA, 0x00, 0x00, 0xA7, 0xFF, 0xD3, 0x00, 0x00, 0x00, 0x00, 0x00, 0x00, 0x46, 
0xFF, 0xE7, 0x00, 0x00, 0xD5, 0xFF, 0x73, 0x00, 0x00, 0x00, 0x00, 0x00, 0x00, 0x88, 0xFF, 0xBC, 
0x00, 0x00, 0xF2, 0xFF, 0x32, 0x00, 0x00, 0x00, 0x00, 0x00, 0x02, 0xE0, 0xFF, 0x6F, 0x00, 0x00, 
0xFB, 0xFF, 0x0F, 0x00, 0x00, 0x00, 0x00, 0x00, 0x58, 0xFF, 0xEB, 0x0C, 0x00, 0x00, 0xE3, 0xFF, 
0x0A, 0x00, 0x00, 0x00, 0x00, 0x0A, 0xDB, 0xFF, 0x59, 0x00, 0x00, 0x00, 0x99, 0xFF, 0x41, 0x00, 
0x00, 0x00, 0x01, 0x9F, 0xFF, 0x86, 0x00, 0x00, 0x00, 0x00, 0x1C, 0xEC, 0xDC, 0x40, 0x0A, 0x31, 
0xB1, 0xF7, 0x71, 0x00, 0x00, 0x00, 0x00, 0x00, 0x00, 0x27, 0xB0, 0xF0, 0xF5, 0xD8, 0x8E, 0x22, 
0x00, 0x00, 0x00, 0x00, 0x00, 0x00, 0x00, 0x00, 0x00, 0x00, 0x21, 0x8B, 0xD5, 0xF4, 0xF0, 0xC2, 
0x38, 0x00, 0x00, 0x00, 0x6F, 0xF7, 0xBC, 0x35, 0x08, 0x5A, 0xFF, 0xE4, 0x00, 0x00, 0x87, 0xFF, 
0xA9, 0x03, 0x00, 0x00, 0x13, 0xFF, 0xDA, 0x00, 0x5A, 0xFF, 0xDD, 0x0B, 0x00, 0x00, 0x01, 0x98, 
0xEF, 0x3A, 0x0D, 0xEC, 0xFF, 0x54, 0x00, 0x00, 0x2D, 0xB4, 0xA3, 0x1D, 0x00, 0x72, 0xFF, 0xDE, 
0x35, 0x76, 0xC6, 0xE9, 0x68, 0x08, 0x00, 0x00, 0xBF, 0xFF, 0xEF, 0x84, 0x2D, 0x0B, 0x3A, 0xD6, 
0xDA, 0x23, 0x00, 0xEA, 0xFF, 0x53, 0x00, 0x00, 0x00, 0x00, 0x33, 0xFF, 0xB6, 0x00, 0xFB, 0xFF, 
0x19, 0x00, 0x00, 0x00, 0x00, 0x0D, 0xFF, 0xF2, 0x00, 0xEA, 0xFF, 0x07, 0x00, 0x00, 0x00, 0x00, 
0x3A, 0xFF, 0xE1, 0x00, 0xAC, 0xFF, 0x2F, 0x00, 0x00, 0x00, 0x00, 0xB9, 0xFF, 0x78, 0x00, 0x2E, 
0xF5, 0xCD, 0x36, 0x08, 0x24, 0xA3, 0xFF, 0x9E, 0x03, 0x00, 0x00, 0x2E, 0xAC, 0xEA, 0xFC, 0xEB, 
0xB4, 0x4C, 0x00, 0x00, 0x00, 0x00, 0x00, 0x00, 0x00, 0x50, 0xB8, 0xEC, 0xF3, 0xD6, 0x7D, 0x08, 
0x00, 0x00, 0x0B, 0xA5, 0x83, 0x25, 0x07, 0x28, 0xAE, 0xFF, 0xA2, 0x00, 0x00, 0x8E, 0x27, 0x00, 
0x00, 0x00, 0x00, 0x13, 0xFF, 0xF1, 0x00, 0x00, 0x00, 0x00, 0x00, 0x00, 0x00, 0x00, 0x2C, 0xFF, 
0xBE, 0x00, 0x00, 0x00, 0x00, 0x00, 0x00, 0x00, 0x08, 0xBE, 0xD1, 0x23, 0x00, 0x00, 0x00, 0x00, 
0x00, 0x02, 0x52, 0xAB, 0x5F, 0x03, 0x00, 0x00, 0x00, 0x00, 0x1D, 0x7D, 0x91, 0x42, 0x00, 0x00, 
0x00, 0x00, 0x00, 0x21, 0xA6, 0xBD, 0x2D, 0x00, 0x00, 0x00, 0x00, 0x00, 0x00, 0x37, 0xF3, 0xAF, 
0x03, 0x00, 0x00, 0x00, 0x00, 0x00, 0x00, 0x00, 0xC6, 0xFF, 0x20, 0x00, 0x00, 0x00, 0x00, 0x00, 
0x00, 0x00, 0x00, 0xF2, 0xFF, 0x25, 0x00, 0x00, 0x00, 0x00, 0x00, 0x00, 0x00, 0x00, 0xA9, 0xFF, 
0xCE, 0x3F, 0x0D, 0x0E, 0x2B, 0x58, 0xA2, 0x7E, 0x00, 0x0B, 0x84, 0xD7, 0xF3, 0xF8, 0xE6, 0xBB, 
0x7B, 0x21, 0x00, 0x00, 0x00, 0x00, 0x00, 0x00, 0x23, 0xCC, 0x5E, 0x01, 0x00, 0x00, 0x00, 0x00, 
0x00, 0x00, 0x00, 0x00, 0x03, 0x40, 0xA6, 0xC5, 0x1E, 0x00, 0x00, 0x00, 0x00, 0x00, 0x00, 0x00, 
0x00, 0x00, 0x00, 0x37, 0xCB, 0x28, 0x00, 0x00, 0x00, 0x00, 0x00, 0x00, 0x00, 0x00, 0x00, 0x00, 
0x23, 0xCD, 0x11, 0x00, 0x00, 0x00, 0x00, 0x00, 0x00, 0x00, 0x00, 0x00, 0x00, 0x71, 0x98, 0x00, 
0x00, 0x00, 0x00, 0x00, 0x00, 0x00, 0x00, 0x00, 0x00, 0x13, 0xFA, 0x20, 0x00, 0x00, 0x00, 0x00, 
0x0C, 0x79, 0xD2, 0xF6, 0xE1, 0x79, 0xDE, 0x81, 0x00, 0x00, 0x00, 0x39, 0xE0, 0xCD, 0x43, 0x0B, 
0x2B, 0xC7, 0xFF, 0xC3, 0x00, 0x00, 0x49, 0xF6, 0xBF, 0x0A, 0x00, 0x00, 0x00, 0x33, 0xFF, 0xEA, 
0x00, 0x2E, 0xF3, 0xE8, 0x16, 0x00, 0x00, 0x00, 0x00, 0x09, 0xFF, 0xFA, 0x02, 0xD1, 0xFF, 0x5F, 
0x00, 0x00, 0x00, 0x00, 0x00, 0x11, 0xFF, 0xED, 0x5A, 0xFF, 0xDB, 0x01, 0x00, 0x00, 0x00, 0x00, 
0x00, 0x36, 0xFF, 0xD2, 0xB2, 0xFF, 0x79, 0x00, 0x00, 0x00, 0x00, 0x00, 0x00, 0x79, 0xFF, 0x95, 
0xE6, 0xFF, 0x35, 0x00, 0x00, 0x00, 0x00, 0x00, 0x01, 0xDB, 0xFF, 0x41, 0xFA, 0xFF, 0x0F, 0x00, 
0x00, 0x00, 0x00, 0x00, 0x5F, 0xFF, 0xC9, 0x00, 0xE8, 0xFF, 0x0A, 0x00, 0x00, 0x00, 0x00, 0x15, 
0xE7, 0xF8, 0x2D, 0x00, 0xA2, 0xFF, 0x40, 0x00, 0x00, 0x00, 0x09, 0xBD, 0xFC, 0x5B, 0x00, 0x00, 
0x22, 0xEF, 0xD9, 0x3B, 0x0B, 0x39, 0xC7, 0xED, 0x53, 0x00, 0x00, 0x00, 0x00, 0x2A, 0xB4, 0xF3, 
0xF2, 0xD1, 0x81, 0x16, 0x00, 0x00, 0x00, 0x00, 0x00, 0x00, 0x00, 0x00, 0x25, 0x9B, 0xE3, 0xF7, 
0xCE, 0x36, 0x00, 0x00, 0x00, 0x5D, 0xEB, 0x67, 0x0D, 0x54, 0xFF, 0xD6, 0x00, 0x00, 0x68, 0xF4, 
0x36, 0x00, 0x00, 0x0D, 0xFF, 0xF1, 0x00, 0x2C, 0xF9, 0x6A, 0x00, 0x00, 0x00, 0x4E, 0xFF, 0xB8, 
0x00, 0xC8, 0xDF, 0x04, 0x00, 0x00, 0x11, 0xD7, 0xFC, 0x38, 0x46, 0xFF, 0x80, 0x00, 0x00, 0x27, 
0xCC, 0xFA, 0x5C, 0x00, 0xA1, 0xFF, 0x4B, 0x49, 0x9D, 0xF8, 0xC2, 0x31, 0x00, 0x00, 0xDD, 0xFF, 
0xEC, 0xBF, 0x84, 0x33, 0x00, 0x00, 0x00, 0x00, 0xF9, 0xFF, 0x00, 0x00, 0x00, 0x00, 0x00, 0x00, 
0x13, 0x00, 0xE8, 0xFF, 0x2E, 0x00, 0x00, 0x00, 0x00, 0x47, 0xD3, 0x00, 0xAF, 0xFF, 0xD6, 0x3F, 
0x09, 0x24, 0x8D, 0xF2, 0x3D, 0x00, 0x36, 0xFD, 0xFF, 0xFF, 0xFF, 0xFF, 0xE0, 0x36, 0x00, 0x00, 
0x00, 0x54, 0xD6, 0xF8, 0xD8, 0x7F, 0x10, 0x00, 0x00, 0x00, 0x00, 0x00, 0x00, 0x06, 0x67, 0xC9, 
0xF0, 0xF1, 0xB8, 0x35, 0x00, 0x00, 0x00, 0x1D, 0xFF, 0xEC, 0x01, 0x00, 0x00, 0x00, 0x32, 0xA8, 
0xE9, 0xF2, 0xAE, 0x15, 0x00, 0x00, 0x17, 0xB1, 0x64, 0x19, 0x15, 0x6F, 0xF7, 0xF8, 0x34, 0x00, 
0x00, 0x59, 0xFF, 0xB2, 0x00, 0x00, 0x00, 0x7D, 0xFC, 0x83, 0x10, 0x03, 0x8E, 0xA6, 0x00, 0x0D, 
0xA7, 0x17, 0x00, 0x00, 0x00, 0x00, 0x72, 0xFF, 0xB7, 0x00, 0x00, 0x95, 0xFF, 0x77, 0x00, 0x00, 
0x8C, 0xFF, 0x6C, 0x00, 0x00, 0x00, 0x95, 0xED, 0x00, 0x86, 0x16, 0x00, 0x00, 0x00, 0x00, 0x00, 
0x1D, 0xFF, 0xF1, 0x00, 0x00, 0xD0, 0xFF, 0x3B, 0x00, 0x59, 0xFF, 0xAE, 0x00, 0x00, 0x00, 0x00, 
0xF0, 0xF0, 0x00, 0x13, 0x00, 0x00, 0x00, 0x00, 0x00, 0x00, 0x08, 0xFF, 0xF5, 0x00, 0x0E, 0xFD, 
0xF9, 0x07, 0x0C, 0xE8, 0xF9, 0x1F, 0x00, 0x00, 0x00, 0x00, 0xCD, 0x8C, 0x00, 0x00, 0x00, 0x00, 
0x00, 0x00, 0x00, 0x00, 0x23, 0xFF, 0xDC, 0x00, 0x46, 0xFF, 0xC5, 0x00, 0x64, 0xFF, 0xA4, 0x00, 
0x00, 0x00, 0x00, 0x00, 0x00, 0x00, 0x00, 0x00, 0x00, 0x00, 0x00, 0x00, 0x00, 0x00, 0x63, 0xFF, 
0xFF, 0xFF, 0xFF, 0xFF, 0xFF, 0xFF, 0xFF, 0xFF, 0x4D, 0x00, 0x00, 0x00, 0x00, 0x00, 0x00, 0x00, 
0x00, 0x00, 0x00, 0x00, 0x00, 0x00, 0x00, 0x00, 0xC8, 0xFF, 0x60, 0x00, 0xBA, 0xFF, 0x51, 0x00, 
0xDC, 0xFF, 0x17, 0x00, 0x00, 0x00, 0x00, 0x00, 0x00, 0x00, 0x00, 0x00, 0x00, 0x00, 0x00, 0x00, 
0x00, 0x55, 0xFF, 0xDD, 0x06, 0x02, 0xF2, 0xFF, 0x17, 0x00, 0xF6, 0xFF, 0x06, 0x00, 0x00, 0x00, 
0x00, 0x00, 0x00, 0x00, 0x94, 0xD0, 0x00, 0x00, 0x00, 0x00, 0x23, 0xED, 0xFD, 0x44, 0x00, 0x31, 
0xFF, 0xDB, 0x00, 0x00, 0xE2, 0xFF, 0x1F, 0x00, 0x00, 0x00, 0x00, 0x00, 0x00, 0x00, 0xF5, 0xA4, 
0x00, 0x00, 0x00, 0x29, 0xE1, 0xFE, 0x6D, 0x00, 0x00, 0x6C, 0xFF, 0x9F, 0x00, 0x00, 0xAB, 0xFF, 
0x72, 0x00, 0x00, 0x00, 0x00, 0x1F, 0x7B, 0x00, 0xCA, 0x71, 0x0A, 0x2B, 0x86, 0xF7, 0xEC, 0x54, 
0x00, 0x00, 0x00, 0xA7, 0xFF, 0x64, 0x00, 0x00, 0x2D, 0xFA, 0xF3, 0x5A, 0x0D, 0x1E, 0x74, 0x8B, 
0x04, 0x00, 0x26, 0xB9, 0xF2, 0xF4, 0xCB, 0x7A, 0x12, 0x00, 0x00, 0x00, 0x00, 0xE2, 0xFF, 0x29, 
0x00, 0x00, 0x00, 0x43, 0xC9, 0xF8, 0xE9, 0xB1, 0x44, 0x00, 0x00, 0x00, 0x00, 0x00, 0x2A, 0xFF, 
0x35, 0x5C, 0xC8, 0xF5, 0xDD, 0x81, 0x07, 0x00, 0x00, 0x80, 0xFF, 0x9D, 0x34, 0x0B, 0x17, 0x99, 
0xFF, 0x9D, 0x00, 0x00, 0xD5, 0x6C, 0x00, 0x00, 0x00, 0x00, 0x0D, 0xFF, 0xF2, 0x00, 0x00, 0x00, 
0x00, 0x00, 0x00, 0x00, 0x00, 0x48, 0xFF, 0xCA, 0x00, 0x00, 0x00, 0x00, 0x04, 0x12, 0x37, 0x83, 
0xF4, 0xC9, 0x24, 0x00, 0x00, 0x00, 0x13, 0xFE, 0xFF, 0xFC, 0x98, 0x2C, 0x00, 0x00, 0x00, 0x00, 
0x00, 0x00, 0x04, 0x20, 0x75, 0xF3, 0xAF, 0x0E, 0x00, 0x00, 0x00, 0x00, 0x00, 0x00, 0x00, 0x00, 
0x56, 0xFF, 0x9E, 0x00, 0x00, 0x00, 0x00, 0x00, 0x00, 0x00, 0x00, 0x0C, 0xFF, 0xEE, 0x00, 0x00, 
0x00, 0x00, 0x00, 0x00, 0x00, 0x00, 0x30, 0xFF, 0xE1, 0x00, 0x80, 0x0E, 0x00, 0x00, 0x00, 0x00, 
0x06, 0xBF, 0xFF, 0x79, 0x00, 0x17, 0xB0, 0x55, 0x11, 0x0B, 0x46, 0xC9, 0xFF, 0xA2, 0x02, 0x00, 
0x00, 0x11, 0x88, 0xDC, 0xF8, 0xE8, 0xB1, 0x4D, 0x00, 0x00, 0x00, 0x00, 0x00, 0x09, 0x90, 0xEE, 
0x86, 0x00, 0x00, 0x00, 0x00, 0x00, 0xEA, 0xFF, 0x1F, 0x00, 0x0E, 0xC2, 0xC5, 0xFF, 0xEC, 0x00, 
0x00, 0x00, 0x00, 0x29, 0xFF, 0xDE, 0x00, 0x00, 0xA9, 0x79, 0x4A, 0xFF, 0xEE, 0x00, 0x00, 0x00, 
0x00, 0x63, 0xFF, 0x9E, 0x00, 0x02, 0x45, 0x04, 0x8B, 0xFF, 0xBB, 0x00, 0x00, 0x00, 0x00, 0x9A, 
0xFF, 0x5D, 0x00, 0x00, 0x00, 0x00, 0xD6, 0xFF, 0x75, 0x00, 0x00, 0x00, 0x00, 0xDF, 0xFF, 0x1D, 
0x00, 0x00, 0x00, 0x20, 0xFF, 0xFF, 0x28, 0x00, 0x00, 0x00, 0x38, 0xFF, 0xDC, 0x00, 0x00, 0x00, 
0x00, 0x6B, 0xFF, 0xDA, 0x00, 0x00, 0x00, 0x00, 0xAF, 0xFF, 0x9C, 0x00, 0x00, 0x00, 0x00, 0xB5, 
0xFF, 0x8C, 0x00, 0x00, 0x00, 0x52, 0xB7, 0xFF, 0x5B, 0x00, 0x00, 0x00, 0x08, 0xF6, 0xFF, 0x3E, 
0x00, 0x00, 0x1C, 0x7B, 0xC7, 0xFF, 0x1B, 0x00, 0x00, 0x00, 0x44, 0xFF, 0xEE, 0x03, 0x00, 0x05, 
0x95, 0x18, 0xFC, 0xDB, 0x00, 0x00, 0x00, 0x00, 0x7C, 0xFF, 0xAD, 0x00, 0x02, 0x8F, 0x21, 0x52, 
0xFF, 0xA0, 0x32, 0xA2, 0x00, 0x00, 0x9D, 0xFF, 0xB8, 0x42, 0xA0, 0x2E, 0x00, 0x88, 0xFF, 0x94, 
0xB9, 0x32, 0x00, 0x00, 0x4D, 0xEC, 0xEA, 0x93, 0x13, 0x00, 0x00, 0x6B, 0xF2, 0xBF, 0x28, 0x00, 
0x00, 0x00, 0x00, 0x00, 0x00, 0x00, 0x00, 0xB2, 0xEE, 0x7B, 0x00, 0x00, 0x3C, 0xB1, 0x00, 0x00, 
0x00, 0x00, 0x00, 0x00, 0x00, 0xDF, 0xFF, 0xFF, 0x52, 0x28, 0xBC, 0x1C, 0x00, 0x00, 0x00, 0x00, 
0x00, 0x00, 0x00, 0x31, 0xBF, 0xF4, 0xE8, 0x9E, 0x1B, 0x00, 0x00, 0x00, 0x00, 0x00, 0x00, 0x00, 
0x00, 0x00, 0x00, 0x00, 0x00, 0x00, 0x00, 0x00, 0x00, 0x00, 0x00, 0x10, 0x9A, 0xEE, 0x87, 0x00, 
0x00, 0x00, 0x00, 0x00, 0xE9, 0xFF, 0x20, 0x00, 0x10, 0xCD, 0xC6, 0xFF, 0xEC, 0x00, 0x00, 0x00, 
0x00, 0x26, 0xFF, 0xE3, 0x00, 0x00, 0xAD, 0x7F, 0x4C, 0xFF, 0xEE, 0x00, 0x00, 0x00, 0x00, 0x66, 
0xFF, 0xA5, 0x00, 0x02, 0x46, 0x04, 0x8C, 0xFF, 0xBA, 0x00, 0x00, 0x00, 0x00, 0xAB, 0xFF, 0x67, 
0x00, 0x00, 0x00, 0x00, 0xD5, 0xFF, 0x74, 0x00, 0x00, 0x00, 0x08, 0xF2, 0xFF, 0x29, 0x00, 0x00, 
0x00, 0x1E, 0xFF, 0xFF, 0x27, 0x00, 0x00, 0x00, 0x5A, 0xFF, 0xEA, 0x00, 0x00, 0x00, 0x00, 0x68, 
0xFF, 0xDA, 0x00, 0x00, 0x00, 0x04, 0xCF, 0xFF, 0xAD, 0x00, 0x00, 0x00, 0x00, 0xB1, 0xFF, 0x8C, 
0x00, 0x00, 0x00, 0x72, 0xAC, 0xFF, 0x6F, 0x00, 0x00, 0x00, 0x06, 0xF3, 0xFF, 0x3E, 0x00, 0x00, 
0x2C, 0x75, 0xBF, 0xFF, 0x31, 0x00, 0x00, 0x00, 0x3F, 0xFF, 0xEE, 0x03, 0x00, 0x0D, 0x92, 0x0B, 
0xF8, 0xF2, 0x02, 0x00, 0x00, 0x00, 0x79, 0xFF, 0xAD, 0x00, 0x06, 0x8D, 0x12, 0x3E, 0xFF, 0xBD, 
0x2B, 0x9F, 0x00, 0x00, 0x99, 0xFF, 0xB5, 0x4A, 0x9D, 0x19, 0x00, 0x73, 0xFF, 0xA1, 0xA3, 0x31, 
0x00, 0x00, 0x49, 0xEC, 0xE9, 0x89, 0x0B, 0x00, 0x00, 0x58, 0xF0, 0xBA, 0x29, 0x00, 0x00, 0x03, 
0x33, 0x6F, 0xAA, 0xE6, 0x55, 0x00, 0x00, 0x00, 0x92, 0xF3, 0x7A, 0x5A, 0xEB, 0xFF, 0xFF, 0xFE, 
0x14, 0x00, 0x00, 0x4D, 0xFF, 0xFF, 0xF3, 0x00, 0x00, 0x6A, 0xFF, 0xCF, 0x00, 0x00, 0x00, 0xBA, 
0x4B, 0xE1, 0xA3, 0x00, 0x00, 0x7E, 0xFF, 0x8B, 0x00, 0x00, 0x30, 0xB4, 0x00, 0x00, 0x00, 0x00, 
0x00, 0xC3, 0xFF, 0x48, 0x00, 0x07, 0x70, 0x06, 0x00, 0x00, 0x00, 0x00, 0x0C, 0xFA, 0xFA, 0x0F, 
0x2E, 0x3D, 0x01, 0x00, 0x00, 0x00, 0x00, 0x00, 0x4B, 0xFF, 0xFF, 0xFB, 0x56, 0x00, 0x00, 0x00, 
0x00, 0x00, 0x00, 0x00, 0x8F, 0xFF, 0x7E, 0x2F, 0xE1, 0x5E, 0x00, 0x00, 0x00, 0x00, 0x00, 0x00, 
0xD3, 0xFF, 0x39, 0x00, 0x52, 0xFD, 0x47, 0x00, 0x00, 0x00, 0x00, 0x17, 0xFF, 0xF1, 0x04, 0x00, 
0x00, 0xBD, 0xE9, 0x15, 0x00, 0x00, 0x00, 0x5B, 0xFF, 0xB1, 0x00, 0x00, 0x00, 0x36, 0xFF, 0xA7, 
0x00, 0x00, 0x00, 0x9F, 0xFF, 0x6D, 0x00, 0x00, 0x00, 0x00, 0xB7, 0xFF, 0x71, 0x0E, 0x00, 0xE2, 
0xFF, 0x29, 0x00, 0x00, 0x00, 0x00, 0x3D, 0xFF, 0xFF, 0xFF, 0x00, 0x00, 0x00, 0x00, 0x00, 0x11, 
0xFF, 0xFF, 0xFF, 0xFF, 0xFF, 0xFF, 0xFF, 0x20, 0x00, 0x00, 0x00, 0x00, 0x01, 0x9B, 0xF6, 0x24, 
0x01, 0x2C, 0xFF, 0xE1, 0x00, 0x00, 0x00, 0x00, 0x00, 0x00, 0x74, 0xB7, 0x00, 0x00, 0x6A, 0xFF, 
0xA3, 0x00, 0x00, 0x00, 0x00, 0x00, 0x00, 0xA5, 0x78, 0x00, 0x00, 0xA8, 0xFF, 0x64, 0x00, 0x00, 
0x00, 0x00, 0x00, 0x00, 0xDF, 0x36, 0x00, 0x00, 0xE5, 0xFF, 0x26, 0x00, 0x00, 0x00, 0x00, 0x00, 
0x1C, 0xEE, 0x03, 0x00, 0x24, 0xFF, 0xE7, 0x00, 0x00, 0x00, 0x00, 0x00, 0x00, 0x5B, 0xAA, 0x00, 
0x00, 0x63, 0xFF, 0xA9, 0x00, 0x00, 0x00, 0x00, 0x00, 0x00, 0x9D, 0x60, 0x00, 0x00, 0xA1, 0xFF, 
0x6A, 0x00, 0x00, 0x00, 0x00, 0x00, 0x00, 0xDC, 0x13, 0x00, 0x00, 0xDF, 0xFF, 0x2C, 0x00, 0x00, 
0x00, 0x00, 0x00, 0x2A, 0xB6, 0x00, 0x00, 0x1C, 0xFF, 0xEC, 0x01, 0x00, 0x00, 0x00, 0x00, 0x00, 
0x80, 0x4E, 0x00, 0x00, 0x58, 0xFF, 0xB1, 0x3A, 0xA6, 0x00, 0xC8, 0xAA, 0x28, 0xAF, 0x00, 0x00, 
0x00, 0x8B, 0xFF, 0x90, 0xA2, 0x1F, 0x00, 0xBE, 0xF8, 0xB2, 0x15, 0x00, 0x00, 0x00, 0x6C, 0xF6, 
0xBA, 0x22, 0x00, 0x00, 0x00, 0x00, 0x00, 0x00, 0x21, 0x63, 0xA6, 0xE8, 0x6C, 0x00, 0x00, 0x00, 
0x00, 0x00, 0x13, 0xEF, 0xFF, 0x59, 0x00, 0x00, 0x00, 0x18, 0xE0, 0xFC, 0xFF, 0xFF, 0x85, 0x00, 
0x00, 0x00, 0x00, 0x00, 0x91, 0xFF, 0xFF, 0x17, 0x00, 0x00, 0x00, 0x00, 0x00, 0xB1, 0xD2, 0xFF, 
0x9F, 0x00, 0x00, 0x00, 0x00, 0x23, 0xEE, 0xFF, 0xD2, 0x00, 0x00, 0x00, 0x00, 0x00, 0x00, 0xD2, 
0x7F, 0xFF, 0xB8, 0x00, 0x00, 0x00, 0x00, 0xAA, 0xB2, 0xFF, 0x8F, 0x00, 0x00, 0x00, 0x00, 0x00, 
0x0A, 0xEB, 0x3A, 0xFF, 0xD1, 0x00, 0x00, 0x00, 0x3A, 0xA4, 0xC1, 0xFF, 0x4B, 0x00, 0x00, 0x00, 
0x00, 0x00, 0x3D, 0xB3, 0x1E, 0xFF, 0xEB, 0x00, 0x00, 0x00, 0xBE, 0x2A, 0xF9, 0xFB, 0x0D, 0x00, 
0x00, 0x00, 0x00, 0x00, 0x75, 0x72, 0x06, 0xFE, 0xFE, 0x05, 0x00, 0x55, 0x89, 0x49, 0xFF, 0xC4, 
0x00, 0x00, 0x00, 0x00, 0x00, 0x00, 0xB0, 0x2E, 0x00, 0xEC, 0xFF, 0x1D, 0x06, 0xC8, 0x0F, 0x8D, 
0xFF, 0x81, 0x00, 0x00, 0x00, 0x00, 0x00, 0x02, 0xD2, 0x00, 0x00, 0xD2, 0xFF, 0x37, 0x70, 0x6D, 
0x00, 0xD1, 0xFF, 0x3D, 0x00, 0x00, 0x00, 0x00, 0x00, 0x3A, 0x95, 0x00, 0x00, 0xB9, 0xFF, 0x61, 
0xC7, 0x05, 0x15, 0xFE, 0xF4, 0x05, 0x00, 0x00, 0x00, 0x00, 0x00, 0x9E, 0x39, 0x00, 0x00, 0xA0, 
0xFF, 0xE5, 0x52, 0x00, 0x56, 0xFF, 0xB6, 0x39, 0xA8, 0x00, 0xC0, 0xD5, 0x92, 0xBA, 0x00, 0x00, 
0x00, 0x86, 0xFF, 0xC3, 0x00, 0x00, 0x89, 0xFF, 0x8A, 0x9B, 0x1D, 0x00, 0xC7, 0xF6, 0xA3, 0x0E, 
0x00, 0x00, 0x00, 0x6D, 0xFF, 0x37, 0x00, 0x00, 0x66, 0xF2, 0xA1, 0x14, 0x00, 0x00, 0x00, 0x20, 
0x60, 0xA0, 0xE0, 0x52, 0x00, 0x00, 0x02, 0xF0, 0xFF, 0x1C, 0x00, 0xF2, 0xFE, 0xFF, 0xFD, 0x12, 
0x00, 0x00, 0x30, 0xFF, 0xDF, 0x00, 0x00, 0x00, 0x6F, 0xFF, 0xCC, 0x00, 0x00, 0x00, 0x6E, 0xFF, 
0xA1, 0x00, 0x00, 0x00, 0x80, 0xFF, 0x8A, 0x00, 0x00, 0x00, 0xAB, 0xFF, 0x63, 0x00, 0x00, 0x00, 
0xC1, 0xFF, 0x47, 0x00, 0x00, 0x00, 0xE7, 0xFF, 0x26, 0x00, 0x00, 0x0B, 0xF9, 0xFA, 0x0B, 0x00, 
0x00, 0x25, 0xFF, 0xE7, 0x00, 0x00, 0x00, 0x49, 0xFF, 0xFF, 0xFF, 0xFF, 0xFF, 0xFF, 0xFF, 0xAA, 
0x00, 0x00, 0x00, 0x8C, 0xFF, 0x7D, 0x00, 0x00, 0x00, 0xA3, 0xFF, 0x6D, 0x00, 0x00, 0x00, 0xD0, 
0xFF, 0x3A, 0x00, 0x00, 0x00, 0xDF, 0xFF, 0x2F, 0x00, 0x00, 0x15, 0xFE, 0xF2, 0x04, 0x00, 0x00, 
0x1B, 0xFF, 0xEF, 0x02, 0x00, 0x00, 0x57, 0xFF, 0xB3, 0x00, 0x00, 0x00, 0x57, 0xFF, 0xB4, 0x59, 
0x9F, 0x00, 0x9B, 0xFF, 0x70, 0x00, 0x00, 0x00, 0x86, 0xFF, 0xD6, 0xBE, 0x0A, 0x00, 0xDE, 0xFF, 
0x2D, 0x00, 0x00, 0x00, 0x65, 0xF2, 0x9F, 0x0E, 0x00, 0x00, 0x00, 0x00, 0x00, 0x00, 0x0D, 0x76, 
0xCC, 0xF6, 0xF0, 0xAC, 0x24, 0x00, 0x00, 0x00, 0x00, 0x3F, 0xE8, 0xCD, 0x44, 0x0C, 0x30, 0xCE, 
0xEB, 0x20, 0x00, 0x00, 0x5C, 0xFA, 0xBE, 0x0A, 0x00, 0x00, 0x00, 0x35, 0xFF, 0xA2, 0x00, 0x2F, 
0xF8, 0xE7, 0x16, 0x00, 0x00, 0x00, 0x00, 0x08, 0xFF, 0xE9, 0x03, 0xD3, 0xFF, 0x60, 0x00, 0x00, 
0x00, 0x00, 0x00, 0x13, 0xFF, 0xFB, 0x56, 0xFF, 0xDD, 0x02, 0x00, 0x00, 0x00, 0x00, 0x00, 0x3C, 
0xFF, 0xE7, 0xAF, 0xFF, 0x7C, 0x00, 0x00, 0x00, 0x00, 0x00, 0x00, 0x7F, 0xFF, 0xB4, 0xE7, 0xFF, 
0x38, 0x00, 0x00, 0x00, 0x00, 0x00, 0x02, 0xDF, 0xFF, 0x61, 0xFB, 0xFF, 0x11, 0x00, 0x00, 0x00, 
0x00, 0x00, 0x62, 0xFF, 0xE2, 0x08, 0xE9, 0xFF, 0x09, 0x00, 0x00, 0x00, 0x00, 0x16, 0xE8, 0xFE, 
0x42, 0x00, 0xA1, 0xFF, 0x3C, 0x00, 0x00, 0x00, 0x09, 0xBE, 0xFE, 0x75, 0x00, 0x00, 0x1F, 0xEA, 
0xD6, 0x37, 0x0B, 0x3F, 0xCA, 0xF1, 0x52, 0x00, 0x00, 0x00, 0x00, 0x22, 0xA9, 0xEE, 0xF9, 0xD3, 
0x82, 0x15, 0x00, 0x00, 0x00, 0x00, 0x0A, 0x3B, 0x6F, 0xA4, 0xD8, 0x1D, 0x00, 0x00, 0x18, 0x9A, 
0xEB, 0xE4, 0x39, 0x52, 0xEC, 0xF9, 0xFF, 0xE0, 0x00, 0x00, 0x36, 0xEA, 0xFF, 0xFF, 0xFF, 0xBF, 
0x00, 0x00, 0x4D, 0xFF, 0xA1, 0x00, 0x30, 0xF1, 0xA0, 0x1C, 0x75, 0xFF, 0xD6, 0x00, 0x00, 0x7A, 
0xFF, 0x62, 0x1A, 0xE4, 0x67, 0x00, 0x00, 0x74, 0xFF, 0xB1, 0x00, 0x00, 0xC6, 0xFF, 0x29, 0xC7, 
0x6D, 0x00, 0x00, 0x00, 0xB6, 0xFF, 0x71, 0x00, 0x0D, 0xFB, 0xE4, 0x90, 0x9E, 0x00, 0x00, 0x00, 
0x0A, 0xF7, 0xFF, 0x27, 0x00, 0x4C, 0xFF, 0xE9, 0xD8, 0x09, 0x00, 0x00, 0x00, 0x4D, 0xFF, 0xDB, 
0x00, 0x00, 0x8F, 0xFF, 0xFD, 0x3A, 0x00, 0x00, 0x00, 0x00, 0x99, 0xFF, 0x8F, 0x00, 0x00, 0xD2, 
0xFF, 0xA2, 0x00, 0x00, 0x00, 0x00, 0x00, 0xE3, 0xFF, 0x43, 0x00, 0x16, 0xFE, 0xFE, 0x2A, 0x00, 
0x00, 0x00, 0x00, 0x2F, 0xFF, 0xF1, 0x05, 0x00, 0x58, 0xFF, 0xB4, 0x00, 0x00, 0x00, 0x00, 0x00, 
0x76, 0xFF, 0xAC, 0x40, 0xA1, 0x9B, 0xFF, 0x6A, 0x00, 0x00, 0x00, 0x00, 0x00, 0xAF, 0xFF, 0x96, 
0xB8, 0x1D, 0xDE, 0xFF, 0x2B, 0x00, 0x00, 0x00, 0x00, 0x00, 0x96, 0xF3, 0xA7, 0x18, 0x00, 0x00, 
0x00, 0x00, 0x00, 0x09, 0x38, 0x6A, 0x9C, 0xCE, 0x53, 0x0A, 0x81, 0xDE, 0xEF, 0x94, 0x05, 0x00, 
0x00, 0x00, 0x00, 0x9B, 0xEC, 0xFD, 0xFF, 0xFF, 0x2E, 0xAA, 0x3E, 0x0F, 0xA3, 0xFF, 0x79, 0x00, 
0x00, 0x00, 0x00, 0x00, 0x00, 0x6B, 0xFF, 0xDF, 0xB5, 0x19, 0x00, 0x00, 0x1E, 0xFF, 0xD9, 0x00, 
0x00, 0x00, 0x00, 0x00, 0x00, 0x7D, 0xFF, 0xFF, 0x50, 0x00, 0x00, 0x00, 0x06, 0xFF, 0xF8, 0x00, 
0x00, 0x00, 0x00, 0x00, 0x00, 0xC2, 0xFF, 0xC0, 0x00, 0x00, 0x00, 0x00, 0x19, 0xFF, 0xE9, 0x00, 
0x00, 0x00, 0x00, 0x00, 0x0B, 0xFA, 0xFF, 0x3D, 0x00, 0x00, 0x00, 0x00, 0x49, 0xFF, 0xBE, 0x00, 
0x00, 0x00, 0x00, 0x00, 0x49, 0xFF, 0xDD, 0x00, 0x00, 0x00, 0x00, 0x00, 0x8E, 0xFF, 0x75, 0x00, 
0x00, 0x00, 0x00, 0x00, 0x8C, 0xFF, 0x82, 0x00, 0x00, 0x00, 0x00, 0x04, 0xE5, 0xF6, 0x14, 0x00, 
0x00, 0x00, 0x00, 0x00, 0xD0, 0xFF, 0x3C, 0x00, 0x00, 0x00, 0x00, 0x5E, 0xFF, 0x89, 0x00, 0x00, 
0x00, 0x00, 0x00, 0x14, 0xFE, 0xF4, 0x05, 0x00, 0x00, 0x00, 0x12, 0xE9, 0xDD, 0x0A, 0x00, 0x00, 
0x00, 0x00, 0x00, 0x57, 0xFF, 0xB8, 0x00, 0x00, 0x00, 0x02, 0xAD, 0xF2, 0x2E, 0x00, 0x00, 0x00, 
0x00, 0x00, 0x00, 0x9A, 0xFF, 0xE2, 0x49, 0x0D, 0x2B, 0xB6, 0xE6, 0x3B, 0x00, 0x00, 0x00, 0x00, 
0x00, 0x00, 0x00, 0xDD, 0xFF, 0xD8, 0xF6, 0xF8, 0xD8, 0x86, 0x15, 0x00, 0x00, 0x00, 0x00, 0x00, 
0x00, 0x00, 0x20, 0xFF, 0xEB, 0x01, 0x00, 0x00, 0x00, 0x00, 0x00, 0x00, 0x00, 0x00, 0x00, 0x00, 
0x00, 0x00, 0x64, 0xFF, 0xA9, 0x00, 0x00, 0x00, 0x00, 0x00, 0x00, 0x00, 0x00, 0x00, 0x00, 0x00, 
0x00, 0x00, 0xA7, 0xFF, 0x65, 0x00, 0x00, 0x00, 0x00, 0x00, 0x00, 0x00, 0x00, 0x00, 0x00, 0x00, 
0x00, 0x0D, 0xF2, 0xFE, 0x1D, 0x00, 0x00, 0x00, 0x00, 0x00, 0x00, 0x00, 0x00, 0x00, 0x00, 0x02, 
0x1D, 0xA0, 0xFF, 0xF4, 0x23, 0x02, 0x00, 0x00, 0x00, 0x00, 0x00, 0x00, 0x00, 0x00, 0x00, 0x7E, 
0xFF, 0xFF, 0xFF, 0xFF, 0xFF, 0xE7, 0x00, 0x00, 0x00, 0x00, 0x00, 0x00, 0x00, 0x00, 0x00, 0x00, 
0x00, 0x00, 0x00, 0x04, 0x62, 0xC0, 0xF2, 0xF2, 0xC0, 0x2E, 0x00, 0x00, 0x00, 0x23, 0xD2, 0xB5, 
0x3D, 0x0B, 0x31, 0xFF, 0xD6, 0x00, 0x00, 0x39, 0xEB, 0x7D, 0x00, 0x00, 0x00, 0x00, 0xFF, 0xF1, 
0x00, 0x17, 0xE9, 0xA2, 0x00, 0x00, 0x00, 0x00, 0x00, 0xCF, 0x88, 0x00, 0xB5, 0xEE, 0x10, 0x00, 
0x00, 0x00, 0x00, 0x00, 0x00, 0x00, 0x3E, 0xFF, 0x89, 0x00, 0x00, 0x00, 0x00, 0x00, 0x00, 0x00, 
0x00, 0x9E, 0xFF, 0x39, 0x00, 0x00, 0x00, 0x00, 0x00, 0x00, 0x00, 0x00, 0xDD, 0xFF, 0x0D, 0x00, 
0x00, 0x00, 0x00, 0x00, 0x00, 0x00, 0x00, 0xF9, 0xFF, 0x0B, 0x00, 0x00, 0x00, 0x00, 0x00, 0x44, 
0x13, 0x00, 0xF3, 0xFF, 0x46, 0x00, 0x00, 0x00, 0x00, 0x65, 0xE2, 0x1A, 0x00, 0xBF, 0xFF, 0xDE, 
0x41, 0x0A, 0x28, 0x98, 0xED, 0x2F, 0x00, 0x00, 0x44, 0xFD, 0xFF, 0xFF, 0xFF, 0xFF, 0xE9, 0x30, 
0x00, 0x00, 0x00, 0x00, 0x49, 0xC8, 0xF8, 0xEE, 0xA0, 0x1B, 0x00, 0x00, 0x00, 0x00, 0x03, 0x30, 
0x67, 0x9E, 0xD5, 0x1D, 0x00, 0x06, 0x83, 0xE7, 0xE3, 0x31, 0x00, 0x00, 0x00, 0x4F, 0xCF, 0xEE, 
0x4B, 0x30, 0xE6, 0xFB, 0xFF, 0xDD, 0x00, 0x0C, 0xC1, 0xFF, 0xFF, 0xFF, 0xAD, 0x00, 0x00, 0x7E, 
0xFF, 0xFF, 0xFF, 0xBE, 0x00, 0x00, 0x64, 0xFF, 0x9C, 0x03, 0xB9, 0xC6, 0x28, 0x79, 0xFF, 0xCC, 
0x00, 0x67, 0xD6, 0x31, 0x7E, 0xFF, 0xD1, 0x00, 0x00, 0x82, 0xFF, 0x5A, 0x85, 0xC8, 0x0A, 0x00, 
0x7B, 0xFF, 0xA7, 0x34, 0xD4, 0x17, 0x00, 0x74, 0xFF, 0xB3, 0x00, 0x00, 0xC4, 0xFF, 0x4E, 0xE4, 
0x18, 0x00, 0x00, 0xB8, 0xFF, 0x66, 0xC7, 0x29, 0x00, 0x00, 0xB9, 0xFF, 0x72, 0x00, 0x0C, 0xFA, 
0xD9, 0xC9, 0x49, 0x00, 0x00, 0x06, 0xF5, 0xFD, 0x90, 0x67, 0x00, 0x00, 0x0E, 0xFB, 0xFF, 0x27, 
0x00, 0x4B, 0xFF, 0xEE, 0x9F, 0x00, 0x00, 0x00, 0x41, 0xFF, 0xE0, 0xB8, 0x00, 0x00, 0x00, 0x54, 
0xFF, 0xDC, 0x00, 0x00, 0x8E, 0xFF, 0xF7, 0x1B, 0x00, 0x00, 0x00, 0x86, 0xFF, 0xFE, 0x35, 0x00, 
0x00, 0x00, 0x9E, 0xFF, 0x90, 0x00, 0x00, 0xD1, 0xFF, 0x98, 0x00, 0x00, 0x00, 0x00, 0xCB, 0xFF, 
0xB5, 0x00, 0x00, 0x00, 0x01, 0xE6, 0xFF, 0x44, 0x00, 0x16, 0xFE, 0xFF, 0x39, 0x00, 0x00, 0x00, 
0x12, 0xFD, 0xFF, 0x45, 0x00, 0x00, 0x00, 0x31, 0xFF, 0xF3, 0x06, 0x00, 0x58, 0xFF, 0xE0, 0x00, 
0x00, 0x00, 0x00, 0x54, 0xFF, 0xE0, 0x01, 0x00, 0x00, 0x00, 0x77, 0xFF, 0xB1, 0x42, 0xA8, 0x9B, 
0xFF, 0x8A, 0x00, 0x00, 0x00, 0x00, 0x99, 0xFF, 0x86, 0x00, 0x00, 0x00, 0x00, 0xB0, 0xFF, 0xA9, 
0xBC, 0x1D, 0xDE, 0xFF, 0x36, 0x00, 0x00, 0x00, 0x00, 0xDE, 0xFF, 0x34, 0x00, 0x00, 0x00, 0x00, 
0x91, 0xF3, 0xA6, 0x15, 0x00, 0x00, 0x00, 0x1D, 0x59, 0x95, 0xD1, 0x87, 0x00, 0x00, 0x00, 0x00, 
0xA3, 0xF1, 0x64, 0x00, 0x00, 0xFF, 0xFF, 0xFF, 0xFF, 0xEC, 0x02, 0x00, 0x00, 0x00, 0xEE, 0xFF, 
0xEC, 0x00, 0x00, 0x09, 0x0D, 0x8E, 0xFF, 0xFF, 0x24, 0x00, 0x00, 0x00, 0x3C, 0xC4, 0xEB, 0x00, 
0x00, 0x00, 0x00, 0x16, 0xFF, 0xFF, 0x43, 0x00, 0x00, 0x00, 0x00, 0x1D, 0xB1, 0x00, 0x00, 0x00, 
0x00, 0x00, 0xEB, 0xFF, 0x5D, 0x00, 0x00, 0x00, 0x00, 0x83, 0x4C, 0x00, 0x00, 0x00, 0x00, 0x00, 
0xCE, 0xFF, 0x74, 0x00, 0x00, 0x00, 0x1B, 0xBA, 0x00, 0x00, 0x00, 0x00, 0x00, 0x00, 0xB6, 0xFF, 
0x8B, 0x00, 0x00, 0x00, 0xA0, 0x32, 0x00, 0x00, 0x00, 0x00, 0x00, 0x00, 0x9D, 0xFF, 0xA2, 0x00, 
0x00, 0x40, 0x8A, 0x00, 0x00, 0x00, 0x00, 0x00, 0x00, 0x00, 0x84, 0xFF, 0xBA, 0x00, 0x0A, 0xB4, 
0x09, 0x00, 0x00, 0x00, 0x00, 0x00, 0x00, 0x00, 0x6C, 0xFF, 0xD1, 0x00, 0x8C, 0x35, 0x00, 0x00, 
0x00, 0x00, 0x00, 0x00, 0x00, 0x00, 0x53, 0xFF, 0xE8, 0x45, 0x6F, 0x00, 0x00, 0x00, 0x00, 0x00, 
0x00, 0x00, 0x00, 0x00, 0x3A, 0xFF, 0xFC, 0x9A, 0x00, 0x00, 0x00, 0x00, 0x00, 0x00, 0x00, 0x00, 
0x00, 0x00, 0x22, 0xFF, 0xDA, 0x12, 0x00, 0x00, 0x00, 0x00, 0x00, 0x00, 0x00, 0x00, 0x00, 0x00, 
0x0B, 0xED, 0x26, 0x00, 0x00, 0x00, 0x00, 0x00, 0x00, 0x00, 0x00, 0x00, 0x00, 0x01, 0x94, 0x40, 
0x00, 0x00, 0x00, 0x00, 0x00, 0x00, 0x00, 0x00, 0x00, 0x00, 0x03, 0x9C, 0x61, 0x00, 0x00, 0x00, 
0x00, 0x00, 0x00, 0x00, 0x00, 0x7E, 0xDC, 0x28, 0xBD, 0x86, 0x00, 0x00, 0x00, 0x00, 0x00, 0x00, 
0x00, 0x00, 0x00, 0xF3, 0xFF, 0xFF, 0x99, 0x00, 0x00, 0x00, 0x00, 0x00, 0x00, 0x00, 0x00, 0x00, 
0x00, 0xB2, 0xE2, 0x6C, 0x00, 0x00, 0x00, 0x00, 0x00, 0x00, 0x00, 0x00, 0x00, 0x00, 0x00, 0x00, 
0x00, 0x00, 0x00, 0x00, 0x00, 0x00, 0x00, 0x00, 0x1F, 0x5F, 0x9F, 0xDA, 0x0C, 0x00, 0x00, 0x00, 
0x00, 0x00, 0x00, 0x00, 0x00, 0x00, 0x00, 0x00, 0x00, 0x00, 0xEE, 0xFD, 0xFF, 0xC9, 0x00, 0x00, 
0x00, 0x00, 0x00, 0x00, 0x00, 0x00, 0x00, 0x00, 0x00, 0x00, 0x00, 0x00, 0x00, 0x8B, 0xFF, 0x8A, 
0x00, 0x00, 0x00, 0x00, 0x00, 0x00, 0x00, 0x00, 0x00, 0x00, 0x00, 0x00, 0x00, 0x00, 0x00, 0xA9, 
0xFF, 0x4B, 0x00, 0x00, 0x00, 0x00, 0x00, 0x00, 0x00, 0x00, 0x00, 0x00, 0x00, 0x00, 0x00, 0x00, 
0x01, 0xEA, 0xFD, 0x0F, 0x00, 0x00, 0x00, 0x00, 0x00, 0x00, 0x00, 0x00, 0x00, 0x00, 0x00, 0x00, 
0x00, 0x00, 0x30, 0xFF, 0xCD, 0x00, 0x00, 0x00, 0x00, 0x00, 0x00, 0x00, 0x00, 0x00, 0x00, 0x00, 
0x00, 0x00, 0x00, 0x00, 0x74, 0xFF, 0x8E, 0x00, 0x00, 0x00, 0x00, 0x00, 0x00, 0x00, 0x00, 0x00, 
0x01, 0x65, 0xCC, 0xF4, 0xCD, 0x20, 0xB7, 0xFF, 0x4F, 0x61, 0xD9, 0xF7, 0xC6, 0x3A, 0x00, 0x00, 
0x00, 0x08, 0xB4, 0xFF, 0x93, 0x1E, 0x19, 0x7D, 0xF4, 0xFE, 0x8F, 0x8F, 0x18, 0x14, 0xA2, 0xF7, 
0x2F, 0x00, 0x00, 0xA9, 0xFF, 0x8F, 0x00, 0x00, 0x00, 0x74, 0xFF, 0xFB, 0x83, 0x00, 0x00, 0x00, 
0x1B, 0xFF, 0xAD, 0x00, 0x5E, 0xFF, 0xE3, 0x0A, 0x00, 0x00, 0x00, 0x83, 0xFF, 0xDB, 0x04, 0x00, 
0x00, 0x00, 0x07, 0xFF, 0xEB, 0x08, 0xE9, 0xFF, 0x6A, 0x00, 0x00, 0x00, 0x00, 0xCF, 0xFF, 0x69, 
0x00, 0x00, 0x00, 0x00, 0x23, 0xFF, 0xFA, 0x63, 0xFF, 0xED, 0x08, 0x00, 0x00, 0x00, 0x22, 0xFF, 
0xFB, 0x11, 0x00, 0x00, 0x00, 0x00, 0x5D, 0xFF, 0xE6, 0xB2, 0xFF, 0x94, 0x00, 0x00, 0x00, 0x00, 
0x78, 0xFF, 0xC1, 0x00, 0x00, 0x00, 0x00, 0x00, 0xB1, 0xFF, 0xB6, 0xE6, 0xFF, 0x49, 0x00, 0x00, 
0x00, 0x00, 0xD2, 0xFF, 0x7C, 0x00, 0x00, 0x00, 0x00, 0x1A, 0xFA, 0xFF, 0x68, 0xF9, 0xFF, 0x17, 
0x00, 0x00, 0x00, 0x2F, 0xFF, 0xFF, 0x39, 0x00, 0x00, 0x00, 0x00, 0x8B, 0xFF, 0xE8, 0x09, 0xE4, 
0xFF, 0x04, 0x00, 0x00, 0x00, 0x9D, 0xFF, 0xF2, 0x04, 0x00, 0x00, 0x00, 0x23, 0xF8, 0xFF, 0x56, 
0x00, 0xAE, 0xFF, 0x1E, 0x00, 0x00, 0x33, 0xFB, 0xFF, 0xC2, 0x00, 0x00, 0x00, 0x09, 0xC5, 0xFF, 
0x93, 0x00, 0x00, 0x3A, 0xFE, 0x9C, 0x0F, 0x44, 0xE4, 0xFE, 0xFF, 0xEB, 0x44, 0x09, 0x37, 0xC5, 
0xFF, 0x90, 0x01, 0x00, 0x00, 0x00, 0x5D, 0xDE, 0xF9, 0xD3, 0x68, 0xE2, 0xFF, 0x4A, 0xBD, 0xF7, 
0xEC, 0xB4, 0x43, 0x00, 0x00, 0x00, 0x00, 0x00, 0x00, 0x00, 0x00, 0x00, 0x24, 0xFF, 0xE7, 0x00, 
0x00, 0x00, 0x00, 0x00, 0x00, 0x00, 0x00, 0x00, 0x00, 0x00, 0x00, 0x00, 0x00, 0x00, 0x67, 0xFF, 
0xA5, 0x00, 0x00, 0x00, 0x00, 0x00, 0x00, 0x00, 0x00, 0x00, 0x00, 0x00, 0x00, 0x00, 0x00, 0x00, 
0xAA, 0xFF, 0x62, 0x00, 0x00, 0x00, 0x00, 0x00, 0x00, 0x00, 0x00, 0x00, 0x00, 0x00, 0x00, 0x00, 
0x00, 0x10, 0xF5, 0xFF, 0x1B, 0x00, 0x00, 0x00, 0x00, 0x00, 0x00, 0x00, 0x00, 0x00, 0x00, 0x00, 
0x00, 0x02, 0x1D, 0xA4, 0xFF, 0xFE, 0x3D, 0x09, 0x00, 0x00, 0x00, 0x00, 0x00, 0x00, 0x00, 0x00, 
0x00, 0x00, 0x00, 0x84, 0xFF, 0xFF, 0xFF, 0xFF, 0xFF, 0xFD, 0x08, 0x00, 0x00, 0x00, 0x00, 0x00, 
0x00, 0x00, 0x00, 0x00, 0x22, 0x68, 0xAE, 0xD6, 0x0B, 0x00, 0x00, 0x00, 0x18, 0xB0, 0xF2, 0x8A, 
0x00, 0xFF, 0xFF, 0xFF, 0xFF, 0x6D, 0x00, 0x00, 0x17, 0xDF, 0xFF, 0xFF, 0xF6, 0x00, 0x04, 0x20, 
0xBC, 0xFF, 0xD3, 0x00, 0x07, 0xB9, 0x41, 0x3D, 0xDF, 0xA7, 0x00, 0x00, 0x00, 0x22, 0xFD, 0xFF, 
0x2C, 0x7D, 0x45, 0x00, 0x00, 0x00, 0x00, 0x00, 0x00, 0x00, 0x00, 0xB8, 0xFF, 0x9E, 0x8D, 0x00, 
0x00, 0x00, 0x00, 0x00, 0x00, 0x00, 0x00, 0x00, 0x5B, 0xFF, 0xF4, 0x11, 0x00, 0x00, 0x00, 0x00, 
0x00, 0x00, 0x00, 0x00, 0x00, 0x0A, 0xF3, 0xFF, 0x1E, 0x00, 0x00, 0x00, 0x00, 0x00, 0x00, 0x00, 
0x00, 0x00, 0x00, 0xB6, 0xFF, 0x71, 0x00, 0x00, 0x00, 0x00, 0x00, 0x00, 0x00, 0x00, 0x00, 0x3D, 
0xDD, 0xFF, 0xC5, 0x00, 0x00, 0x00, 0x00, 0x00, 0x00, 0x00, 0x00, 0x20, 0xD8, 0x26, 0xF9, 0xFE, 
0x1B, 0x00, 0x08, 0x2F, 0x00, 0xB7, 0xA0, 0x2C, 0xDB, 0x57, 0x00, 0xB8, 0xFF, 0x6A, 0x00, 0x8F, 
0x92, 0x00, 0xF8, 0xFF, 0xFF, 0x8E, 0x00, 0x00, 0x65, 0xFF, 0xDC, 0xA5, 0xB2, 0x06, 0x00, 0x96, 
0xED, 0x7C, 0x01, 0x00, 0x00, 0x0D, 0xC5, 0xEF, 0x82, 0x03, 0x00, 0x00, 0x00, 0x00, 0x10, 0x9A, 
0xEE, 0x87, 0x00, 0x00, 0x00, 0x00, 0x00, 0xE9, 0xFF, 0x1F, 0x00, 0x10, 0xCD, 0xC6, 0xFF, 0xEC, 
0x00, 0x00, 0x00, 0x00, 0x25, 0xFF, 0xDD, 0x00, 0x00, 0xAD, 0x7F, 0x4C, 0xFF, 0xEE, 0x00, 0x00, 
0x00, 0x00, 0x64, 0xFF, 0x9C, 0x00, 0x02, 0x46, 0x04, 0x8C, 0xFF, 0xBA, 0x00, 0x00, 0x00, 0x00, 
0xA8, 0xFF, 0x5B, 0x00, 0x00, 0x00, 0x00, 0xD5, 0xFF, 0x74, 0x00, 0x00, 0x00, 0x06, 0xEF, 0xFF, 
0x1B, 0x00, 0x00, 0x00, 0x1E, 0xFF, 0xFF, 0x27, 0x00, 0x00, 0x00, 0x57, 0xFF, 0xD9, 0x00, 0x00, 
0x00, 0x00, 0x68, 0xFF, 0xDA, 0x00, 0x00, 0x00, 0x04, 0xCD, 0xFF, 0x98, 0x00, 0x00, 0x00, 0x00, 
0xB1, 0xFF, 0x8C, 0x00, 0x00, 0x00, 0x73, 0xAA, 0xFF, 0x57, 0x00, 0x00, 0x00, 0x06, 0xF3, 0xFF, 
0x3E, 0x00, 0x00, 0x32, 0x71, 0xBF, 0xFF, 0x17, 0x00, 0x00, 0x00, 0x3F, 0xFF, 0xEE, 0x03, 0x00, 
0x11, 0x91, 0x09, 0xF8, 0xD6, 0x00, 0x00, 0x00, 0x00, 0x79, 0xFF, 0xAD, 0x00, 0x08, 0x8E, 0x0D, 
0x3E, 0xFF, 0x9C, 0x30, 0x9E, 0x00, 0x00, 0x99, 0xFF, 0xB6, 0x46, 0x94, 0x14, 0x00, 0x73, 0xFF, 
0x86, 0xB5, 0x2D, 0x00, 0x00, 0x4A, 0xED, 0xE7, 0x82, 0x08, 0x00, 0x00, 0x7A, 0xDE, 0xFB, 0x4A, 
0x00, 0x00, 0x00, 0x00, 0x00, 0x00, 0x00, 0x00, 0x00, 0x00, 0x35, 0xDF, 0x5E, 0x00, 0x00, 0x00, 
0x00, 0x00, 0x00, 0x00, 0x00, 0x00, 0x00, 0x00, 0xED, 0xD7, 0x00, 0x00, 0x00, 0x00, 0x00, 0x00, 
0x00, 0x00, 0x00, 0x00, 0x00, 0x01, 0xED, 0xEE, 0x00, 0x00, 0x00, 0x00, 0x00, 0x00, 0x00, 0x00, 
0x00, 0x00, 0x00, 0x72, 0xFF, 0x83, 0x00, 0x00, 0x00, 0x00, 0x00, 0x00, 0x00, 0x00, 0x00, 0x00, 
0x00, 0xD2, 0x5D, 0x00, 0x00, 0x00, 0x00, 0x00, 0x00, 0x20, 0x62, 0xA3, 0xE4, 0x4C, 0x00, 0x00, 
0x00, 0x02, 0xF0, 0xDF, 0x13, 0xF5, 0xF2, 0xFF, 0xFD, 0x10, 0x00, 0x00, 0x00, 0x30, 0xFF, 0xA7, 
0x00, 0x00, 0x2F, 0xFF, 0xCF, 0x00, 0x00, 0x00, 0x00, 0x6D, 0xFF, 0x6E, 0x00, 0x00, 0x74, 0xFF, 
0x91, 0x00, 0x00, 0x00, 0x00, 0xAB, 0xFF, 0x36, 0x00, 0x00, 0xBE, 0xFF, 0x53, 0x00, 0x00, 0x00, 
0x00, 0xE7, 0xF8, 0x06, 0x00, 0x00, 0xF3, 0xFF, 0x1E, 0x00, 0x00, 0x00, 0x26, 0xFF, 0xC5, 0x00, 
0x00, 0x00, 0xCE, 0xFF, 0x61, 0x07, 0x1B, 0x6B, 0xDA, 0xFF, 0x8D, 0x00, 0x00, 0x00, 0x21, 0xB1, 
0xF1, 0xF3, 0xBF, 0x5D, 0xA6, 0xFF, 0x54, 0x00, 0x00, 0x00, 0x00, 0x00, 0x00, 0x00, 0x00, 0x00, 
0xE0, 0xFF, 0x1C, 0x00, 0x00, 0x00, 0x00, 0x00, 0x00, 0x00, 0x00, 0x1C, 0xFF, 0xE4, 0x00, 0x00, 
0x00, 0x00, 0x00, 0x00, 0x00, 0x00, 0x00, 0x56, 0xFF, 0xAC, 0x3E, 0x98, 0x00, 0x00, 0x00, 0x00, 
0x00, 0x00, 0x00, 0x84, 0xFF, 0xA5, 0xB2, 0x18, 0x00, 0x00, 0x00, 0x00, 0x00, 0x00, 0x00, 0x68, 
0xF4, 0xA5, 0x12, 0x00, 0x00, 0x00, 0x37, 0xBE, 0xF5, 0x85, 0x00, 0x00, 0x00, 0x00, 0x02, 0xEC, 
0xFF, 0x1F, 0x00, 0x00, 0x00, 0x01, 0xEB, 0xFF, 0x23, 0x00, 0x46, 0xBC, 0x57, 0xFF, 0xE0, 0x00, 
0x00, 0x00, 0x00, 0x34, 0xFF, 0xE0, 0x00, 0x00, 0x00, 0x00, 0x2F, 0xFF, 0xE2, 0x00, 0x02, 0x93, 
0x1D, 0x66, 0xFF, 0xDF, 0x00, 0x00, 0x00, 0x00, 0x83, 0xFF, 0xA0, 0x00, 0x00, 0x00, 0x00, 0x78, 
0xFF, 0xA2, 0x00, 0x00, 0x00, 0x00, 0xA5, 0xFF, 0xAF, 0x00, 0x00, 0x00, 0x00, 0xD3, 0xFF, 0x60, 
0x00, 0x00, 0x00, 0x00, 0xC9, 0xFF, 0x61, 0x00, 0x00, 0x00, 0x01, 0xE8, 0xFF, 0x66, 0x00, 0x00, 
0x00, 0x36, 0xFF, 0xFF, 0x20, 0x00, 0x00, 0x00, 0x27, 0xFF, 0xFF, 0x20, 0x00, 0x00, 0x00, 0x31, 
0xFF, 0xFF, 0x1C, 0x00, 0x00, 0x00, 0xA0, 0xFF, 0xE1, 0x00, 0x00, 0x00, 0x00, 0x9B, 0xFF, 0xE0, 
0x00, 0x00, 0x00, 0x00, 0x7A, 0xFF, 0xCF, 0x00, 0x00, 0x00, 0x26, 0xF6, 0xFF, 0xA1, 0x00, 0x00, 
0x00, 0x1E, 0xF3, 0xFF, 0x9F, 0x00, 0x00, 0x00, 0x00, 0xC1, 0xFF, 0x83, 0x00, 0x00, 0x00, 0xA7, 
0xC6, 0xFF, 0x61, 0x00, 0x00, 0x00, 0xA4, 0xC1, 0xFF, 0x5F, 0x00, 0x00, 0x00, 0x09, 0xF9, 0xFF, 
0x37, 0x00, 0x00, 0x5A, 0x74, 0xEE, 0xFF, 0x21, 0x00, 0x00, 0x46, 0x77, 0xE6, 0xFF, 0x1E, 0x00, 
0x00, 0x00, 0x42, 0xFF, 0xEB, 0x02, 0x00, 0x29, 0xA9, 0x3B, 0xFF, 0xE2, 0x00, 0x00, 0x10, 0x9D, 
0x31, 0xFF, 0xDE, 0x00, 0x00, 0x00, 0x00, 0x76, 0xFF, 0xAF, 0x00, 0x1B, 0xB4, 0x10, 0x75, 0xFF, 
0xA9, 0x00, 0x04, 0x8E, 0x12, 0x72, 0xFF, 0xA2, 0x00, 0x5B, 0x90, 0x00, 0x94, 0xFF, 0xCB, 0x5C, 
0xB4, 0x19, 0x00, 0x94, 0xFF, 0xBC, 0x42, 0x92, 0x1C, 0x00, 0xA7, 0xFF, 0x99, 0x64, 0xC6, 0x17, 
0x00, 0x45, 0xEE, 0xE6, 0x87, 0x0B, 0x00, 0x00, 0x44, 0xEC, 0xE6, 0x88, 0x0C, 0x00, 0x00, 0x89, 
0xF8, 0xD7, 0x75, 0x05, 0x00, 0x00, 0x00, 0x35, 0xBD, 0xF5, 0x99, 0x00, 0x00, 0x00, 0x00, 0x01, 
0xEC, 0xFF, 0x1F, 0x00, 0x00, 0x00, 0x01, 0xEB, 0xFF, 0x23, 0x00, 0x45, 0xBB, 0x57, 0xFF, 0xF4, 
0x00, 0x00, 0x00, 0x00, 0x33, 0xFF, 0xE0, 0x00, 0x00, 0x00, 0x00, 0x2D, 0xFF, 0xE2, 0x00, 0x02, 
0x93, 0x1D, 0x66, 0xFF, 0xE8, 0x00, 0x00, 0x00, 0x00, 0x80, 0xFF, 0xA0, 0x00, 0x00, 0x00, 0x00, 
0x75, 0xFF, 0xA2, 0x00, 0x00, 0x00, 0x00, 0xA5, 0xFF, 0xB5, 0x00, 0x00, 0x00, 0x00, 0xCE, 0xFF, 
0x60, 0x00, 0x00, 0x00, 0x00, 0xC6, 0xFF, 0x61, 0x00, 0x00, 0x00, 0x01, 0xE8, 0xFF, 0x6A, 0x00, 
0x00, 0x00, 0x2E, 0xFF, 0xFF, 0x20, 0x00, 0x00, 0x00, 0x23, 0xFF, 0xFF, 0x20, 0x00, 0x00, 0x00, 
0x31, 0xFF, 0xFF, 0x1F, 0x00, 0x00, 0x00, 0x97, 0xFF, 0xE1, 0x00, 0x00, 0x00, 0x00, 0x96, 0xFF, 
0xE0, 0x00, 0x00, 0x00, 0x00, 0x7A, 0xFF, 0xD1, 0x00, 0x00, 0x00, 0x1D, 0xF3, 0xFF, 0xA1, 0x00, 
0x00, 0x00, 0x1A, 0xF1, 0xFF, 0x9F, 0x00, 0x00, 0x00, 0x00, 0xC1, 0xFF, 0x85, 0x00, 0x00, 0x00, 
0x97, 0xC6, 0xFF, 0x61, 0x00, 0x00, 0x00, 0x9F, 0xC1, 0xFF, 0x5F, 0x00, 0x00, 0x00, 0x09, 0xF9, 
0xFF, 0x39, 0x00, 0x00, 0x47, 0x74, 0xEE, 0xFF, 0x21, 0x00, 0x00, 0x42, 0x78, 0xE6, 0xFF, 0x1E, 
0x00, 0x00, 0x00, 0x42, 0xFF, 0xEC, 0x02, 0x00, 0x1B, 0x9F, 0x3B, 0xFF, 0xE2, 0x00, 0x00, 0x0F, 
0x9D, 0x32, 0xFF, 0xDE, 0x00, 0x00, 0x00, 0x00, 0x76, 0xFF, 0xAD, 0x00, 0x0F, 0xA4, 0x10, 0x75, 
0xFF, 0xA9, 0x00, 0x03, 0x8D, 0x14, 0x72, 0xFF, 0xA2, 0x00, 0x51, 0x98, 0x00, 0x94, 0xFF, 0xB8, 
0x3D, 0xA2, 0x19, 0x00, 0x94, 0xFF, 0xBC, 0x42, 0x92, 0x1D, 0x00, 0xA7, 0xFF, 0x90, 0x51, 0xE7, 
0x2B, 0x00, 0x45, 0xEE, 0xE6, 0x87, 0x0B, 0x00, 0x00, 0x44, 0xEC, 0xE7, 0x8A, 0x0D, 0x00, 0x00, 
0x87, 0xF8, 0xDB, 0xFA, 0x44, 0x00, 0x00, 0x00, 0x00, 0x00, 0x00, 0x00, 0x00, 0x00, 0x00, 0x00, 
0x00, 0x00, 0x00, 0x00, 0x00, 0x00, 0x2E, 0xDB, 0x59, 0x00, 0x00, 0x00, 0x00, 0x00, 0x00, 0x00, 
0x00, 0x00, 0x00, 0x00, 0x00, 0x00, 0x00, 0x00, 0x00, 0x00, 0x00, 0xEA, 0xDC, 0x00, 0x00, 0x00, 
0x00, 0x00, 0x00, 0x00, 0x00, 0x00, 0x00, 0x00, 0x00, 0x00, 0x00, 0x00, 0x00, 0x00, 0x00, 0x01, 
0xF0, 0xEE, 0x00, 0x00, 0x00, 0x00, 0x00, 0x00, 0x00, 0x00, 0x00, 0x00, 0x00, 0x00, 0x00, 0x00, 
0x00, 0x00, 0x00, 0x00, 0x72, 0xFF, 0x7F, 0x00, 0x00, 0x00, 0x00, 0x00, 0x00, 0x00, 0x00, 0x00, 
0x00, 0x00, 0x00, 0x00, 0x00, 0x00, 0x00, 0x00, 0x00, 0xD0, 0x5B, 0x00, 0x00, 0x00, 0x00, 0x2A, 
0xFF, 0xFF, 0xFF, 0xFF, 0xFF, 0x2B, 0x00, 0x00, 0x00, 0x00, 0x00, 0x80, 0xFF, 0xFF, 0xFF, 0xFF, 
0xEA, 0x01, 0x00, 0x00, 0x00, 0x00, 0x00, 0xD5, 0x6C, 0x07, 0x65, 0xFF, 0xAB, 0x00, 0x00, 0x00, 
0x00, 0x00, 0x00, 0x00, 0x00, 0x00, 0xA5, 0xFF, 0x6B, 0x00, 0x00, 0x00, 0x00, 0x00, 0x00, 0x00, 
0x00, 0x00, 0xE4, 0xFF, 0x2B, 0x00, 0x00, 0x00, 0x00, 0x00, 0x00, 0x00, 0x00, 0x25, 0xFF, 0xEA, 
0x06, 0x6D, 0xCE, 0xF6, 0xE0, 0x7E, 0x04, 0x00, 0x00, 0x65, 0xFF, 0xC7, 0xAD, 0x5C, 0x12, 0x13, 
0x9E, 0xFF, 0x8D, 0x00, 0x00, 0xA5, 0xFF, 0xD0, 0x12, 0x00, 0x00, 0x00, 0x10, 0xFF, 0xE7, 0x00, 
0x00, 0xE6, 0xFF, 0x2C, 0x00, 0x00, 0x00, 0x00, 0x16, 0xFF, 0xEF, 0x00, 0x18, 0xFF, 0xDC, 0x00, 
0x00, 0x00, 0x00, 0x00, 0x67, 0xFF, 0xAA, 0x00, 0x07, 0xF9, 0xED, 0x05, 0x00, 0x00, 0x00, 0x22, 
0xEB, 0xF1, 0x23, 0x00, 0x00, 0x8E, 0xFF, 0xA2, 0x1A, 0x0C, 0x59, 0xE6, 0xE3, 0x36, 0x00, 0x00, 
0x00, 0x05, 0x7E, 0xDB, 0xFA, 0xF3, 0xCB, 0x79, 0x0F, 0x00, 0x00, 0x00, 0x1F, 0x5D, 0x9C, 0xDA, 
0x63, 0x00, 0x00, 0x00, 0x00, 0x00, 0x00, 0x00, 0x1B, 0x52, 0x8A, 0xC1, 0xD7, 0x01, 0x00, 0xEA, 
0xF3, 0xFF, 0xFF, 0x1C, 0x00, 0x00, 0x00, 0x00, 0x00, 0x00, 0x00, 0xEE, 0xF1, 0xFF, 0xFF, 0x8C, 
0x00, 0x00, 0x00, 0x49, 0xFF, 0xD4, 0x00, 0x00, 0x00, 0x00, 0x00, 0x00, 0x00, 0x00, 0x00, 0x14, 
0xFF, 0xFF, 0x35, 0x00, 0x00, 0x00, 0x69, 0xFF, 0x8C, 0x00, 0x00, 0x00, 0x00, 0x00, 0x00, 0x00, 
0x00, 0x00, 0x39, 0xFF, 0xDE, 0x00, 0x00, 0x00, 0x00, 0xB4, 0xFF, 0x44, 0x00, 0x00, 0x00, 0x00, 
0x00, 0x00, 0x00, 0x00, 0x00, 0x8C, 0xFF, 0x87, 0x00, 0x00, 0x00, 0x0B, 0xF7, 0xF5, 0x0C, 0x6C, 
0xCD, 0xF5, 0xDF, 0x7F, 0x05, 0x00, 0x00, 0x01, 0xE2, 0xFF, 0x30, 0x00, 0x00, 0x00, 0x51, 0xFF, 
0xD0, 0xAD, 0x5C, 0x11, 0x13, 0x9E, 0xFF, 0x8A, 0x00, 0x00, 0x3C, 0xFF, 0xD8, 0x00, 0x00, 0x00, 
0x00, 0x9F, 0xFF, 0xD3, 0x13, 0x00, 0x00, 0x00, 0x10, 0xFF, 0xE7, 0x00, 0x00, 0x94, 0xFF, 0x81, 
0x00, 0x00, 0x00, 0x00, 0xE6, 0xFF, 0x30, 0x00, 0x00, 0x00, 0x00, 0x15, 0xFF, 0xEF, 0x00, 0x03, 
0xE8, 0xFF, 0x2A, 0x00, 0x00, 0x00, 0x18, 0xFF, 0xE0, 0x00, 0x00, 0x00, 0x00, 0x00, 0x64, 0xFF, 
0xAA, 0x00, 0x43, 0xFF, 0xD3, 0x00, 0x00, 0x00, 0x00, 0x06, 0xF9, 0xF0, 0x06, 0x00, 0x00, 0x00, 
0x20, 0xEA, 0xF1, 0x23, 0x00, 0x99, 0xFF, 0x7D, 0x00, 0x66, 0x95, 0x00, 0x00, 0x8C, 0xFF, 0xA6, 
0x1C, 0x0C, 0x58, 0xE6, 0xE3, 0x36, 0x00, 0x00, 0xE5, 0xFF, 0x50, 0x6A, 0xAC, 0x0A, 0x00, 0x00, 
0x04, 0x7C, 0xDA, 0xFA, 0xF3, 0xCB, 0x79, 0x0F, 0x00, 0x00, 0x00, 0xB3, 0xF7, 0xCC, 0x5B, 0x00, 
0x00, 0x00, 0x00, 0x1F, 0x5D, 0x9C, 0xDA, 0x63, 0x00, 0x00, 0x00, 0x00, 0x00, 0x00, 0xEA, 0xF3, 
0xFF, 0xFF, 0x1C, 0x00, 0x00, 0x00, 0x00, 0x00, 0x00, 0x00, 0x49, 0xFF, 0xD4, 0x00, 0x00, 0x00, 
0x00, 0x00, 0x00, 0x00, 0x00, 0x69, 0xFF, 0x8C, 0x00, 0x00, 0x00, 0x00, 0x00, 0x00, 0x00, 0x00, 
0xB4, 0xFF, 0x44, 0x00, 0x00, 0x00, 0x00, 0x00, 0x00, 0x00, 0x0B, 0xF7, 0xF5, 0x0C, 0x6C, 0xCD, 
0xF5, 0xDF, 0x7F, 0x05, 0x00, 0x51, 0xFF, 0xD0, 0xAD, 0x5C, 0x11, 0x13, 0x9E, 0xFF, 0x8A, 0x00, 
0x9F, 0xFF, 0xD3, 0x13, 0x00, 0x00, 0x00, 0x10, 0xFF, 0xE7, 0x00, 0xE6, 0xFF, 0x30, 0x00, 0x00, 
0x00, 0x00, 0x15, 0xFF, 0xEF, 0x18, 0xFF, 0xE0, 0x00, 0x00, 0x00, 0x00, 0x00, 0x64, 0xFF, 0xAA, 
0x06, 0xF9, 0xF0, 0x06, 0x00, 0x00, 0x00, 0x20, 0xEA, 0xF1, 0x23, 0x00, 0x8C, 0xFF, 0xA6, 0x1C, 
0x0C, 0x58, 0xE6, 0xE3, 0x36, 0x00, 0x00, 0x04, 0x7C, 0xDA, 0xFA, 0xF3, 0xCB, 0x79, 0x0F, 0x00, 
0x00, 0x00, 0x00, 0x20, 0xFF, 0x37, 0x6B, 0xDE, 0xF4, 0xB0, 0x21, 0x00, 0x00, 0x00, 0x61, 0xFF, 
0xC4, 0x35, 0x09, 0x4C, 0xF3, 0xE5, 0x16, 0x00, 0x00, 0xA1, 0xD2, 0x0B, 0x00, 0x00, 0x00, 0x7F, 
0xFF, 0x8F, 0x00, 0x00, 0xE0, 0x43, 0x00, 0x00, 0x00, 0x00, 0x29, 0xFF, 0xD9, 0x00, 0x00, 0x00, 
0x00, 0x00, 0x00, 0x00, 0x00, 0x0A, 0xFF, 0xF7, 0x00, 0x00, 0x00, 0x00, 0x00, 0x00, 0x00, 0x00, 
0x0B, 0xFF, 0xF4, 0x00, 0x00, 0x00, 0x00, 0xFF, 0xFF, 0xFF, 0xFF, 0xFF, 0xFF, 0xD8, 0x00, 0x00, 
0x00, 0x00, 0x00, 0x00, 0x00, 0x00, 0x5C, 0xFF, 0x98, 0x00, 0x00, 0x00, 0x00, 0x00, 0x00, 0x00, 
0x00, 0xB4, 0xFF, 0x34, 0x00, 0x00, 0x00, 0x00, 0x00, 0x00, 0x00, 0x2C, 0xFD, 0xAC, 0x00, 0xBB, 
0x63, 0x00, 0x00, 0x00, 0x00, 0x08, 0xC8, 0xE2, 0x16, 0x00, 0x24, 0xE2, 0x83, 0x1D, 0x07, 0x3C, 
0xC8, 0xDF, 0x26, 0x00, 0x00, 0x00, 0x1B, 0x96, 0xE0, 0xF7, 0xDA, 0x85, 0x0E, 0x00, 0x00, 0x00, 
0x03, 0x32, 0x6F, 0xAC, 0xE8, 0x2B, 0x00, 0x00, 0x00, 0x00, 0x0E, 0x78, 0xCE, 0xF6, 0xF0, 0xAB, 
0x21, 0x00, 0x56, 0xF3, 0xFF, 0xFF, 0xEA, 0x01, 0x00, 0x00, 0x00, 0x44, 0xE5, 0xCE, 0x44, 0x0C, 
0x2C, 0xC9, 0xE8, 0x1C, 0x00, 0x00, 0x6B, 0xFF, 0xAB, 0x00, 0x00, 0x00, 0x57, 0xFB, 0xC1, 0x0B, 
0x00, 0x00, 0x00, 0x36, 0xFF, 0x9D, 0x00, 0x00, 0x7F, 0xFF, 0x6B, 0x00, 0x00, 0x35, 0xF8, 0xE9, 
0x17, 0x00, 0x00, 0x00, 0x00, 0x09, 0xFF, 0xE6, 0x00, 0x00, 0xC2, 0xFF, 0x2B, 0x00, 0x02, 0xD1, 
0xFF, 0x62, 0x00, 0x00, 0x00, 0x00, 0x00, 0x11, 0xFF, 0xFA, 0x00, 0x0B, 0xFA, 0xEA, 0x01, 0x00, 
0x53, 0xFF, 0xDE, 0x02, 0x00, 0x00, 0x00, 0x00, 0x00, 0x3A, 0xFF, 0xE5, 0x00, 0x49, 0xFF, 0xFF, 
0xFF, 0xFF, 0xFF, 0xFF, 0x7C, 0x00, 0x00, 0x00, 0x00, 0x00, 0x00, 0x81, 0xFF, 0xB5, 0x00, 0x8D, 
0xFF, 0x6B, 0x00, 0x00, 0xD6, 0xFF, 0x38, 0x00, 0x00, 0x00, 0x00, 0x00, 0x04, 0xE1, 0xFF, 0x63, 
0x00, 0xD0, 0xFF, 0x2B, 0x00, 0x00, 0xF6, 0xFF, 0x10, 0x00, 0x00, 0x00, 0x00, 0x00, 0x67, 0xFF, 
0xE0, 0x06, 0x15, 0xFE, 0xEA, 0x01, 0x00, 0x00, 0xF3, 0xFF, 0x09, 0x00, 0x00, 0x00, 0x00, 0x17, 
0xEA, 0xFC, 0x42, 0x00, 0x57, 0xFF, 0xAB, 0x00, 0x00, 0x00, 0xB0, 0xFF, 0x3C, 0x00, 0x00, 0x00, 
0x09, 0xBD, 0xFE, 0x69, 0x00, 0x00, 0x9B, 0xFF, 0x6B, 0x00, 0x00, 0x00, 0x27, 0xF1, 0xD5, 0x37, 
0x0B, 0x3C, 0xC8, 0xF0, 0x58, 0x00, 0x00, 0x00, 0xDE, 0xFF, 0x2B, 0x00, 0x00, 0x00, 0x00, 0x2A, 
0xB1, 0xF1, 0xF5, 0xD5, 0x86, 0x18, 0x00, 0x00, 0x00, 0x00, 0x00, 0x00, 0x00, 0x00, 0x00, 0x1D, 
0x92, 0xD5, 0xF4, 0xFF, 0xFF, 0xFF, 0xFF, 0x28, 0x00, 0x00, 0x00, 0x00, 0x2C, 0xEE, 0xFB, 0x7B, 
0x1D, 0x06, 0x37, 0xFF, 0xE2, 0x00, 0x00, 0x00, 0x00, 0x00, 0xBF, 0xFF, 0x81, 0x00, 0x00, 0x00, 
0x64, 0xFF, 0x9C, 0x00, 0x00, 0x00, 0x00, 0x00, 0xF8, 0xFF, 0x1B, 0x00, 0x00, 0x00, 0xAF, 0xFF, 
0x56, 0x00, 0x00, 0x00, 0x00, 0x00, 0xE0, 0xFF, 0x18, 0x00, 0x00, 0x06, 0xF3, 0xFD, 0x12, 0x00, 
0x00, 0x00, 0x00, 0x00, 0x66, 0xFF, 0xB6, 0x2E, 0x08, 0x48, 0xFF, 0xCA, 0x00, 0x00, 0x00, 0x00, 
0x00, 0x00, 0x00, 0x47, 0xF7, 0xFF, 0xFF, 0xFF, 0xFF, 0x84, 0x00, 0x00, 0x00, 0x00, 0x00, 0x00, 
0x0C, 0xCA, 0xFF, 0x82, 0x0D, 0xC4, 0xFF, 0x3E, 0x00, 0x00, 0x00, 0x00, 0x00, 0x02, 0xB4, 0xFF, 
0x8A, 0x00, 0x0F, 0xFB, 0xF2, 0x05, 0x00, 0x00, 0x00, 0x00, 0x00, 0x88, 0xFF, 0xB9, 0x02, 0x00, 
0x54, 0xFF, 0xB2, 0x00, 0x00, 0x00, 0x00, 0x00, 0x57, 0xFF, 0xE0, 0x13, 0x00, 0x00, 0x9D, 0xFF, 
0x6C, 0x00, 0x6E, 0x9B, 0x11, 0x5F, 0xF8, 0xF8, 0x34, 0x00, 0x00, 0x00, 0xE0, 0xFF, 0x4A, 0x75, 
0xB7, 0x0D, 0xFF, 0xFF, 0xFF, 0x64, 0x00, 0x00, 0x00, 0x00, 0xC0, 0xF6, 0xCD, 0x63, 0x01, 0x00, 
0x00, 0x00, 0x00, 0x00, 0x00, 0x00, 0x40, 0x1E, 0x00, 0x00, 0x05, 0x46, 0x15, 0x00, 0x00, 0x00, 
0x00, 0x00, 0x00, 0x7A, 0xFF, 0xF1, 0x16, 0x00, 0x9E, 0xFF, 0xDF, 0x02, 0x00, 0x00, 0x00, 0x00, 
0x00, 0x99, 0xFF, 0xFF, 0x28, 0x00, 0xBD, 0xFF, 0xF7, 0x09, 0x00, 0x00, 0x00, 0x00, 0x00, 0x15, 
0x8D, 0x5D, 0x00, 0x00, 0x25, 0x92, 0x49, 0x00, 0x00, 0x00, 0x00, 0x00, 0x00, 0x00, 0x00, 0x00, 
0x00, 0x00, 0x00, 0x00, 0x00, 0x00, 0x00, 0x00, 0x00, 0x00, 0x00, 0x00, 0x00, 0x00, 0x00, 0x00, 
0x00, 0x00, 0x00, 0x00, 0x00, 0x00, 0x00, 0x00, 0x00, 0x00, 0x00, 0x23, 0x51, 0x55, 0x2A, 0x00, 
0x00, 0x00, 0x00, 0x00, 0x00, 0x00, 0x00, 0x4B, 0xC7, 0x99, 0x5A, 0x95, 0xFF, 0x8B, 0x00, 0x00, 
0x00, 0x00, 0x00, 0x03, 0x8C, 0xE5, 0x33, 0x00, 0x00, 0x00, 0xF4, 0xFA, 0x02, 0x00, 0x00, 0x00, 
0x00, 0xA5, 0xF5, 0x2C, 0x00, 0x00, 0x00, 0x24, 0xFF, 0xD8, 0x00, 0x00, 0x00, 0x00, 0x69, 0xFF, 
0x78, 0x00, 0x00, 0x00, 0x04, 0xB9, 0xFF, 0x50, 0x00, 0x00, 0x00, 0x1A, 0xF6, 0xF1, 0x0D, 0x00, 
0x00, 0x19, 0xB7, 0xF6, 0x61, 0x00, 0x00, 0x00, 0x00, 0x89, 0xFF, 0xA4, 0x07, 0x39, 0x8E, 0xEA, 
0x9C, 0x20, 0x00, 0x00, 0x00, 0x00, 0x00, 0xDE, 0xFF, 0xCD, 0xAC, 0x85, 0x4D, 0x0B, 0x00, 0x00, 
0x00, 0x00, 0x00, 0x00, 0x0F, 0xFF, 0xFF, 0x47, 0x00, 0x00, 0x00, 0x00, 0x00, 0x00, 0x00, 0x00, 
0x00, 0x00, 0x19, 0xFF, 0xFF, 0x54, 0x00, 0x00, 0x00, 0x00, 0x00, 0x00, 0x15, 0x00, 0x00, 0x00, 
0x02, 0xEC, 0xFF, 0xB6, 0x00, 0x00, 0x00, 0x00, 0x00, 0x5B, 0x8F, 0x01, 0x00, 0x00, 0x00, 0x7C, 
0xFF, 0xFF, 0xAB, 0x38, 0x21, 0x4F, 0xB7, 0x78, 0x00, 0x00, 0x00, 0x00, 0x00, 0x04, 0x9B, 0xFF, 
0xFF, 0xFF, 0xFB, 0xAE, 0x2A, 0x00, 0x00, 0x00, 0x00, 0x00, 0x00, 0x00, 0x00, 0x1E, 0x4B, 0x3F, 
0x14, 0x00, 0x00, 0x00, 0x00, 0x00, 0x00, 0x00, 0x00, 0x00, 0x00, 0x00, 0xFF, 0xFF, 0xFF, 0xFF, 
0xFF, 0xFF, 0xFF, 0xFF, 0xFF, 0xFF, 0xFF, 0xFF, 0xFF, 0xFF, 0xFF, 0xFF, 0xFF, 0xFF, 0xFF, 0xFF, 
0xFF, 0xFE, 0xFE, 0xFE, 0xFE, 0xFE, 0xFE, 0xFD, 0xFD, 0xFD, 0xFD, 0xFD, 0xFD, 0xFD, 0xFC, 0xFC, 
0xFC, 0xFC, 0xFC, 0xFC, 0xFB, 0xFF, 0xFF, 0xFF, 0xFF, 0xFF, 0xFF, 0xFF, 0xFF, 0xFF, 0xFF, 0xFF, 
0xFF, 0xFF, 0xFF, 0xFF, 0xFF, 0xFF, 0xFF, 0xFF, 0xFF, 0xFF, 0xFF, 0xFF, 0xFF, 0xFF, 0xFF, 0xFF, 
0xFF, 0xFF, 0xFF, 0xFF, 0xFF, 0xFF, 0xFF, 0xFF, 0xFF, 0xFF, 0xFF, 0xFF, 0xFF, 0xFF, 0xFF, 0xFF, 
0xFF, 0xFF, 0xFF, 0xFF, 0xFF, 0xFF, 0xFF, 0xFF, 0xFF, 0xFF, 0xFF, 0xFF, 0xFF, 0x00, 0x00, 0x5C, 
0xBA, 0x01, 0x94, 0xE4, 0x43, 0x5F, 0xFF, 0x32, 0x00, 0xD1, 0xFF, 0x3D, 0x00, 0xF3, 0xFF, 0xEB, 
0x00, 0x7D, 0xF4, 0x92, 0x00, 0x00, 0x93, 0xF3, 0x7D, 0x00, 0xEC, 0xFF, 0xF3, 0x00, 0x3E, 0xFF, 
0xD0, 0x00, 0x31, 0xFF, 0x5E, 0x46, 0xE6, 0x94, 0x01, 0xBA, 0x5C, 0x00, 0x00, 0x00, 0x93, 0xF3, 
0x7D, 0x00, 0xEC, 0xFF, 0xF3, 0x00, 0x3E, 0xFF, 0xD0, 0x00, 0x31, 0xFF, 0x5E, 0x47, 0xE7, 0x94, 
0x01, 0xBA, 0x5C, 0x00, 0x00, 0x4A, 0xEC, 0xAB, 0xD4, 0xFF, 0xE6, 0xF8, 0xE3, 0x39, 0xDF, 0x23, 
0x00, 0xA7, 0x43, 0x00, 0x39, 0xB1, 0x00, 0x00, 0x00, 0x51, 0xB5, 0x00, 0x00, 0x00, 0x00, 0x54, 
0xBA, 0x01, 0x94, 0xE1, 0x42, 0x00, 0x00, 0x01, 0x97, 0xE5, 0x4C, 0x68, 0xFF, 0x27, 0x00, 0x00, 
0x00, 0x63, 0xFF, 0x2B, 0x00, 0xD7, 0xFF, 0x36, 0x00, 0x00, 0x00, 0xD5, 0xFF, 0x3B, 0x00, 0xF5, 
0xFF, 0xE3, 0x00, 0x00, 0x00, 0xF5, 0xFF, 0xE7, 0x00, 0x86, 0xF5, 0x92, 0x00, 0x00, 0x00, 0x85, 
0xF4, 0x92, 0x00, 0x00, 0x92, 0xF4, 0x86, 0x00, 0x00, 0x00, 0x90, 0xF4, 0x86, 0x00, 0xE8, 0xFF, 
0xF4, 0x00, 0x00, 0x00, 0xE4, 0xFF, 0xF5, 0x00, 0x3E, 0xFF, 0xD5, 0x00, 0x00, 0x00, 0x3A, 0xFF, 
0xD6, 0x00, 0x2A, 0xFF, 0x64, 0x00, 0x00, 0x00, 0x2A, 0xFF, 0x67, 0x4A, 0xE4, 0x8C, 0x01, 0x00, 
0x00, 0x43, 0xE3, 0x92, 0x01, 0xB7, 0x4E, 0x00, 0x00, 0x00, 0x00, 0xB6, 0x4E, 0x00, 0x00, 0x00, 
0x91, 0xF4, 0x85, 0x00, 0x00, 0x00, 0x90, 0xF4, 0x86, 0x00, 0xE8, 0xFF, 0xF4, 0x00, 0x00, 0x00, 
0xE4, 0xFF, 0xF5, 0x00, 0x3E, 0xFF, 0xD5, 0x00, 0x00, 0x00, 0x3A, 0xFF, 0xD6, 0x00, 0x2A, 0xFF, 
0x65, 0x00, 0x00, 0x00, 0x2A, 0xFF, 0x67, 0x4A, 0xE4, 0x8E, 0x01, 0x00, 0x00, 0x43, 0xE3, 0x93, 
0x01, 0xB7, 0x4F, 0x00, 0x00, 0x00, 0x00, 0xB6, 0x4F, 0x00, 0x00, 0x00, 0x00, 0x00, 0x00, 0x00, 
0x00, 0x00, 0x00, 0x69, 0xEE, 0xC2, 0x00, 0x00, 0x00, 0x60, 0xE2, 0xC7, 0x18, 0xFA, 0xFF, 0xE0, 
0x00, 0x00, 0x1E, 0xFD, 0xFF, 0xDC, 0x54, 0xFF, 0xFF, 0x8B, 0x00, 0x00, 0x5F, 0xFF, 0xFF, 0x82, 
0x7A, 0xFF, 0xFF, 0x2C, 0x00, 0x00, 0x80, 0xFF, 0xF7, 0x19, 0x99, 0xFF, 0xAE, 0x00, 0x00, 0x00, 
0x9F, 0xFF, 0x8D, 0x00, 0xB6, 0xF8, 0x22, 0x00, 0x00, 0x00, 0xBB, 0xF2, 0x14, 0x00, 0xD4, 0x86, 
0x00, 0x00, 0x00, 0x00, 0xD7, 0x7E, 0x00, 0x00, 0xD7, 0x0C, 0x00, 0x00, 0x00, 0x00, 0xDD, 0x0D, 
0x00, 0x00, 0x00, 0x00, 0x00, 0x00, 0x00, 0x1F, 0xCD, 0x25, 0x00, 0x00, 0x00, 0x00, 0x1F, 0xDA, 
0x40, 0x00, 0x00, 0x00, 0x00, 0x1F, 0xDF, 0x63, 0x00, 0x00, 0x00, 0x00, 0x1E, 0xDE, 0x8B, 0x00, 
0x00, 0x00, 0x00, 0x1E, 0xDE, 0xB1, 0x02, 0x00, 0x00, 0x00, 0x1E, 0xDE, 0xCF, 0x0B, 0x00, 0x00, 
0x00, 0x00, 0xCE, 0xFF, 0x28, 0x00, 0x00, 0x00, 0x00, 0x00, 0x78, 0xFF, 0x60, 0x00, 0x00, 0x00, 
0x00, 0x00, 0x09, 0xE4, 0xC3, 0x00, 0x00, 0x00, 0x00, 0x00, 0x00, 0x64, 0xFF, 0x26, 0x00, 0x00, 
0x00, 0x00, 0x00, 0x03, 0xD6, 0x88, 0x00, 0x00, 0x00, 0x00, 0x00, 0x00, 0x50, 0xE7, 0x04, 0x00, 
0x00, 0x00, 0x00, 0x00, 0x00, 0xC4, 0x4E, 0x00, 0x00, 0x00, 0x00, 0x00, 0x00, 0x4F, 0xC4, 0x00, 
0x00, 0x00, 0x00, 0x00, 0x00, 0x04, 0xE7, 0x4F, 0x00, 0x00, 0x00, 0x00, 0x00, 0x00, 0x89, 0xD6, 
0x03, 0x00, 0x00, 0x00, 0x00, 0x00, 0x26, 0xFF, 0x64, 0x00, 0x00, 0x00, 0x00, 0x00, 0x00, 0xC3, 
0xE5, 0x09, 0x00, 0x00, 0x00, 0x00, 0x00, 0x60, 0xFF, 0x79, 0x00, 0x00, 0x00, 0x00, 0x00, 0x29, 
0xFF, 0xCC, 0x00, 0x00, 0x00, 0x00, 0x0C, 0xD1, 0xDC, 0x1C, 0x00, 0x00, 0x00, 0x02, 0xB3, 0xDD, 
0x1D, 0x00, 0x00, 0x00, 0x00, 0x8E, 0xDD, 0x1D, 0x00, 0x00, 0x00, 0x00, 0x64, 0xDE, 0x1E, 0x00, 
0x00, 0x00, 0x00, 0x41, 0xDA, 0x1F, 0x00, 0x00, 0x00, 0x00, 0x25, 0xCE, 0x1F, 0x00, 0x00, 0x00, 
0x00, 0x00, 0x00, 0x00, 0x00, 0x00, 0x00, 0x00, 0x00, 0x00, 0x00, 0x00, 0x00, 0x00, 0x00, 0x59, 
0xA5, 0x00, 0x00, 0x00, 0x00, 0x00, 0x00, 0x00, 0x00, 0x00, 0x00, 0x00, 0x00, 0x1D, 0xD2, 0x10, 
0x00, 0x00, 0x00, 0x00, 0x00, 0x00, 0x00, 0x00, 0x00, 0x00, 0x00, 0x01, 0xBC, 0x41, 0x00, 0x00, 
0x00, 0x00, 0x00, 0x00, 0x00, 0x00, 0x00, 0x00, 0x00, 0x00, 0x73, 0x8C, 0x00, 0x00, 0x00, 0x00, 
0x00, 0x00, 0x00, 0x00, 0x00, 0x00, 0x00, 0x00, 0x2D, 0xCA, 0x07, 0x00, 0x00, 0x00, 0x00, 0x00, 
0x00, 0x00, 0x00, 0x00, 0x00, 0x00, 0x07, 0xCB, 0x2D, 0x00, 0x00, 0x00, 0x00, 0x00, 0x00, 0x00, 
0x00, 0x00, 0x00, 0x00, 0x00, 0x8D, 0x72, 0x00, 0x00, 0x00, 0x00, 0x00, 0x00, 0x00, 0x00, 0x00, 
0x00, 0x00, 0x00, 0x41, 0xBC, 0x01, 0x00, 0x00, 0x00, 0x00, 0x00, 0x00, 0x00, 0x00, 0x00, 0x00, 
0x00, 0x10, 0xD2, 0x1D, 0x00, 0x00, 0x00, 0x00, 0x00, 0x00, 0x00, 0x00, 0x00, 0x00, 0x00, 0x00, 
0xA6, 0x59, 0x00, 0x00, 0x00, 0x00, 0x00, 0x00, 0x00, 0x00, 0x00, 0x00, 0x00, 0x00, 0x59, 0xA5, 
0x00, 0x00, 0x00, 0x00, 0x00, 0x00, 0x00, 0x00, 0x00, 0x00, 0x00, 0x00, 0x1D, 0xD2, 0x10, 0x00, 
0x00, 0x00, 0x00, 0x00, 0x00, 0x00, 0x00, 0x00, 0x00, 0x00, 0x01, 0xBC, 0x41, 0x00, 0x00, 0x00, 
0x00, 0x00, 0x00, 0x00, 0x00, 0x00, 0x00, 0x00, 0x00, 0x73, 0x8C, 0x00, 0x00, 0x00, 0x00, 0x00, 
0x00, 0x00, 0x00, 0x00, 0x00, 0x00, 0x00, 0x2D, 0xCA, 0x07, 0x00, 0x00, 0x00, 0x00, 0x00, 0x00, 
0x00, 0x00, 0x00, 0x00, 0x00, 0x07, 0xCB, 0x2D, 0x00, 0x00, 0x00, 0x00, 0x00, 0x00, 0x00, 0x00, 
0x00, 0x00, 0x00, 0x00, 0x8D, 0x72, 0x00, 0x00, 0x00, 0x00, 0x00, 0x00, 0x00, 0x00, 0x00, 0x00, 
0x00, 0x00, 0x41, 0xBC, 0x01, 0x00, 0x00, 0x00, 0x00, 0x00, 0x00, 0x00, 0x00, 0x00, 0x00, 0x00, 
0x10, 0xD2, 0x1D, 0x00, 0x00, 0x00, 0x00, 0x00, 0x00, 0x00, 0x00, 0x00, 0x00, 0x00, 0x00, 0xA6, 
0x59, 0x00, 0x00, 0x00, 0x00, 0x00, 0x00, 0x00, 0x00, 0x00, 0x00, 0x00, 0x00, 0x00, 0x00, 0x00, 
0x00, 0x00, 0x00, 0x00, 0x00, 0x00, 0x00, 0x00, 0x0C, 0xC3, 0x75, 0x00, 0x00, 0x00, 0x00, 0x00, 
0x00, 0x00, 0x00, 0x00, 0x00, 0x00, 0x00, 0x00, 0x00, 0x00, 0x00, 0x00, 0x00, 0x00, 0x00, 0x00, 
0x00, 0x0D, 0xC2, 0xDE, 0x08, 0x00, 0x00, 0x00, 0x00, 0x00, 0x00, 0x00, 0x00, 0x00, 0x00, 0x00, 
0x00, 0x00, 0x00, 0x00, 0x00, 0x00, 0x00, 0x00, 0x00, 0x00, 0x1D, 0xD1, 0xFD, 0x42, 0x00, 0x00, 
0x00, 0x00, 0x00, 0x00, 0x00, 0x00, 0x00, 0x00, 0x00, 0x00, 0x00, 0x00, 0x00, 0x00, 0x00, 0x00, 
0x00, 0x00, 0x00, 0x58, 0xED, 0xFF, 0x75, 0x00, 0x00, 0x00, 0x00, 0x00, 0x00, 0x00, 0x00, 0x00, 
0x00, 0x00, 0x00, 0x00, 0x00, 0x00, 0x00, 0x00, 0x00, 0x00, 0x00, 0x00, 0xC8, 0xFF, 0xFF, 0xFF, 
0xFF, 0xFF, 0xFF, 0xFF, 0xFF, 0xFF, 0xFF, 0xFF, 0xFF, 0xFF, 0xFF, 0xFF, 0xFF, 0xFF, 0xFF, 0xFF, 
0xFF, 0xFF, 0xFF, 0xFF, 0xFF, 0xFF, 0xA3, 0xFE, 0xFF, 0xFF, 0xFF, 0xFF, 0xFF, 0xFF, 0xFF, 0xFF, 
0xFF, 0xFF, 0xFF, 0xFF, 0xFF, 0xFF, 0xFF, 0xFF, 0xFF, 0xFF, 0xFF, 0xFF, 0xFF, 0xFF, 0xFF, 0xFF, 
0x00, 0x3C, 0xDF, 0xFF, 0x7E, 0x00, 0x00, 0x00, 0x00, 0x00, 0x00, 0x00, 0x00, 0x00, 0x00, 0x00, 
0x00, 0x00, 0x00, 0x00, 0x00, 0x00, 0x00, 0x00, 0x00, 0x00, 0x00, 0x00, 0x11, 0xC3, 0xFE, 0x4A, 
0x00, 0x00, 0x00, 0x00, 0x00, 0x00, 0x00, 0x00, 0x00, 0x00, 0x00, 0x00, 0x00, 0x00, 0x00, 0x00, 
0x00, 0x00, 0x00, 0x00, 0x00, 0x00, 0x00, 0x08, 0xB7, 0xE3, 0x0C, 0x00, 0x00, 0x00, 0x00, 0x00, 
0x00, 0x00, 0x00, 0x00, 0x00, 0x00, 0x00, 0x00, 0x00, 0x00, 0x00, 0x00, 0x00, 0x00, 0x00, 0x00, 
0x00, 0x00, 0x09, 0xBE, 0x7F, 0x00, 0x00, 0x00, 0x00, 0x00, 0x00, 0x00, 0x00, 0x00, 0x00, 0x00, 
0x00, 0x00, 0x00, 0x00, 0x00, 0x00, 0x00, 0x00, 0x00, 0x00, 0x00, 0x00, 0xC6, 0xA5, 0x00, 0x00, 
0x00, 0x00, 0x00, 0x00, 0x00, 0x4E, 0xFF, 0xFD, 0x32, 0x00, 0x00, 0x00, 0x00, 0x00, 0x10, 0xE3, 
0xFF, 0xFF, 0xD1, 0x07, 0x00, 0x00, 0x00, 0x02, 0xB7, 0xFF, 0xFF, 0xFF, 0xFF, 0xA2, 0x00, 0x00, 
0x00, 0x93, 0xFF, 0xBB, 0xFF, 0xFF, 0xBD, 0xFF, 0x86, 0x00, 0x86, 0xFD, 0x86, 0x03, 0xFF, 0xFF, 
0x05, 0x8A, 0xFC, 0x81, 0xBB, 0x30, 0x00, 0x00, 0xFF, 0xFF, 0x00, 0x00, 0x32, 0xBD, 0x00, 0x00, 
0x00, 0x00, 0xFF, 0xFF, 0x00, 0x00, 0x00, 0x00, 0x00, 0x00, 0x00, 0x00, 0xFF, 0xFF, 0x00, 0x00, 
0x00, 0x00, 0x00, 0x00, 0x00, 0x00, 0xFF, 0xFF, 0x00, 0x00, 0x00, 0x00, 0x00, 0x00, 0x00, 0x00, 
0xFF, 0xFF, 0x00, 0x00, 0x00, 0x00, 0x00, 0x00, 0x00, 0x00, 0xFF, 0xFF, 0x00, 0x00, 0x00, 0x00, 
0x00, 0x00, 0x00, 0x00, 0xFF, 0xFF, 0x00, 0x00, 0x00, 0x00, 0x00, 0x00, 0x00, 0x00, 0xFF, 0xFF, 
0x00, 0x00, 0x00, 0x00, 0x00, 0x00, 0x00, 0x00, 0xFF, 0xFF, 0x00, 0x00, 0x00, 0x00, 0x00, 0x00, 
0x00, 0x00, 0xFF, 0xFF, 0x00, 0x00, 0x00, 0x00, 0x00, 0x00, 0x00, 0x00, 0xFF, 0xFF, 0x00, 0x00, 
0x00, 0x00, 0x00, 0x00, 0x00, 0x00, 0xFF, 0xFF, 0x00, 0x00, 0x00, 0x00, 0x00, 0x00, 0x00, 0x00, 
0xFF, 0xFF, 0x00, 0x00, 0x00, 0x00, 0x00, 0x00, 0x00, 0x00, 0xFF, 0xFF, 0x00, 0x00, 0x00, 0x00, 
0x00, 0x00, 0x00, 0x00, 0xFF, 0xFF, 0x00, 0x00, 0x00, 0x00, 0x00, 0x00, 0x00, 0x00, 0xFF, 0xFF, 
0x00, 0x00, 0x00, 0x00, 0x00, 0x00, 0x00, 0x00, 0xFF, 0xFF, 0x00, 0x00, 0x00, 0x00, 0x00, 0x00, 
0x00, 0x00, 0xFF, 0xFF, 0x00, 0x00, 0x00, 0x00, 0x00, 0x00, 0x00, 0x00, 0xFF, 0xFF, 0x00, 0x00, 
0x00, 0x00, 0x00, 0x00, 0x00, 0x00, 0x00, 0x00, 0x00, 0x00, 0x00, 0x00, 0x00, 0x00, 0x00, 0x00, 
0x00, 0x00, 0x00, 0x00, 0x00, 0x77, 0xC2, 0x0B, 0x00, 0x00, 0x00, 0x00, 0x00, 0x00, 0x00, 0x00, 
0x00, 0x00, 0x00, 0x00, 0x00, 0x00, 0x00, 0x00, 0x00, 0x00, 0x00, 0x00, 0x00, 0x00, 0x00, 0x08, 
0xDE, 0xC1, 0x0C, 0x00, 0x00, 0x00, 0x00, 0x00, 0x00, 0x00, 0x00, 0x00, 0x00, 0x00, 0x00, 0x00, 
0x00, 0x00, 0x00, 0x00, 0x00, 0x00, 0x00, 0x00, 0x00, 0x00, 0x41, 0xFD, 0xD0, 0x1C, 0x00, 0x00, 
0x00, 0x00, 0x00, 0x00, 0x00, 0x00, 0x00, 0x00, 0x00, 0x00, 0x00, 0x00, 0x00, 0x00, 0x00, 0x00, 
0x00, 0x00, 0x00, 0x00, 0x00, 0x75, 0xFF, 0xEB, 0x57, 0x00, 0xFF, 0xFF, 0xFF, 0xFF, 0xFF, 0xFF, 
0xFF, 0xFF, 0xFF, 0xFF, 0xFF, 0xFF, 0xFF, 0xFF, 0xFF, 0xFF, 0xFF, 0xFF, 0xFF, 0xFF, 0xFF, 0xFF, 
0xFF, 0xFF, 0xFF, 0xC8, 0xFF, 0xFF, 0xFF, 0xFF, 0xFF, 0xFF, 0xFF, 0xFF, 0xFF, 0xFF, 0xFF, 0xFF, 
0xFF, 0xFF, 0xFF, 0xFF, 0xFF, 0xFF, 0xFF, 0xFF, 0xFF, 0xFF, 0xFF, 0xFF, 0xFE, 0xA4, 0x00, 0x00, 
0x00, 0x00, 0x00, 0x00, 0x00, 0x00, 0x00, 0x00, 0x00, 0x00, 0x00, 0x00, 0x00, 0x00, 0x00, 0x00, 
0x00, 0x00, 0x00, 0x7F, 0xFF, 0xDF, 0x3C, 0x00, 0x00, 0x00, 0x00, 0x00, 0x00, 0x00, 0x00, 0x00, 
0x00, 0x00, 0x00, 0x00, 0x00, 0x00, 0x00, 0x00, 0x00, 0x00, 0x00, 0x00, 0x4A, 0xFE, 0xC3, 0x11, 
0x00, 0x00, 0x00, 0x00, 0x00, 0x00, 0x00, 0x00, 0x00, 0x00, 0x00, 0x00, 0x00, 0x00, 0x00, 0x00, 
0x00, 0x00, 0x00, 0x00, 0x00, 0x0C, 0xE3, 0xB7, 0x08, 0x00, 0x00, 0x00, 0x00, 0x00, 0x00, 0x00, 
0x00, 0x00, 0x00, 0x00, 0x00, 0x00, 0x00, 0x00, 0x00, 0x00, 0x00, 0x00, 0x00, 0x00, 0x00, 0x80, 
0xBE, 0x09, 0x00, 0x00, 0x00, 0x00, 0x00, 0x00, 0x00, 0x00, 0xFF, 0xFF, 0x00, 0x00, 0x00, 0x00, 
0x00, 0x00, 0x00, 0x00, 0xFF, 0xFF, 0x00, 0x00, 0x00, 0x00, 0x00, 0x00, 0x00, 0x00, 0xFF, 0xFF, 
0x00, 0x00, 0x00, 0x00, 0x00, 0x00, 0x00, 0x00, 0xFF, 0xFF, 0x00, 0x00, 0x00, 0x00, 0x00, 0x00, 
0x00, 0x00, 0xFF, 0xFF, 0x00, 0x00, 0x00, 0x00, 0x00, 0x00, 0x00, 0x00, 0xFF, 0xFF, 0x00, 0x00, 
0x00, 0x00, 0x00, 0x00, 0x00, 0x00, 0xFF, 0xFF, 0x00, 0x00, 0x00, 0x00, 0x00, 0x00, 0x00, 0x00, 
0xFF, 0xFF, 0x00, 0x00, 0x00, 0x00, 0x00, 0x00, 0x00, 0x00, 0xFF, 0xFF, 0x00, 0x00, 0x00, 0x00, 
0x00, 0x00, 0x00, 0x00, 0xFF, 0xFF, 0x00, 0x00, 0x00, 0x00, 0x00, 0x00, 0x00, 0x00, 0xFF, 0xFF, 
0x00, 0x00, 0x00, 0x00, 0x00, 0x00, 0x00, 0x00, 0xFF, 0xFF, 0x00, 0x00, 0x00, 0x00, 0x00, 0x00, 
0x00, 0x00, 0xFF, 0xFF, 0x00, 0x00, 0x00, 0x00, 0x00, 0x00, 0x00, 0x00, 0xFF, 0xFF, 0x00, 0x00, 
0x00, 0x00, 0x00, 0x00, 0x00, 0x00, 0xFF, 0xFF, 0x00, 0x00, 0x00, 0x00, 0x00, 0x00, 0x00, 0x00, 
0xFF, 0xFF, 0x00, 0x00, 0x00, 0x00, 0x00, 0x00, 0x00, 0x00, 0xFF, 0xFF, 0x00, 0x00, 0x00, 0x00, 
0xBA, 0x2D, 0x00, 0x00, 0xFF, 0xFF, 0x00, 0x00, 0x31, 0xBC, 0x86, 0xFB, 0x80, 0x02, 0xFF, 0xFF, 
0x05, 0x89, 0xFC, 0x81, 0x00, 0x93, 0xFF, 0xB7, 0xFF, 0xFF, 0xBD, 0xFF, 0x86, 0x00, 0x00, 0x02, 
0xB7, 0xFF, 0xFF, 0xFF, 0xFF, 0xA3, 0x00, 0x00, 0x00, 0x00, 0x10, 0xE4, 0xFF, 0xFF, 0xD1, 0x07, 
0x00, 0x00, 0x00, 0x00, 0x00, 0x4E, 0xFF, 0xFD, 0x32, 0x00, 0x00, 0x00, 0x00, 0x00, 0x00, 0x00, 
0xC6, 0xA6, 0x00, 0x00, 0x00, 0x00, 0x00, 0x00, 0x00, 0x00, 0x0F, 0xCF, 0x6A, 0x00, 0x00, 0x00, 
0x00, 0x00, 0x00, 0x00, 0x00, 0x00, 0x00, 0x00, 0x00, 0x6B, 0xCE, 0x0E, 0x00, 0x00, 0x00, 0x00, 
0x00, 0x00, 0x00, 0x0D, 0xC6, 0xDA, 0x04, 0x00, 0x00, 0x00, 0x00, 0x00, 0x00, 0x00, 0x00, 0x00, 
0x00, 0x00, 0x00, 0x05, 0xDB, 0xC5, 0x0D, 0x00, 0x00, 0x00, 0x00, 0x00, 0x18, 0xCC, 0xFB, 0x3E, 
0x00, 0x00, 0x00, 0x00, 0x00, 0x00, 0x00, 0x00, 0x00, 0x00, 0x00, 0x00, 0x00, 0x00, 0x3F, 0xFB, 
0xCB, 0x17, 0x00, 0x00, 0x00, 0x4B, 0xE7, 0xFF, 0x6B, 0x00, 0x00, 0x00, 0x00, 0x00, 0x00, 0x00, 
0x00, 0x00, 0x00, 0x00, 0x00, 0x00, 0x00, 0x00, 0x00, 0x6B, 0xFF, 0xE7, 0x4B, 0x00, 0xB8, 0xFF, 
0xFF, 0xFF, 0xFF, 0xFF, 0xFF, 0xFF, 0xFF, 0xFF, 0xFF, 0xFF, 0xFF, 0xFF, 0xFF, 0xFF, 0xFF, 0xFF, 
0xFF, 0xFF, 0xFF, 0xFF, 0xFF, 0xFF, 0xFF, 0xB7, 0xBC, 0xFF, 0xFF, 0xFF, 0xFF, 0xFF, 0xFF, 0xFF, 
0xFF, 0xFF, 0xFF, 0xFF, 0xFF, 0xFF, 0xFF, 0xFF, 0xFF, 0xFF, 0xFF, 0xFF, 0xFF, 0xFF, 0xFF, 0xFF, 
0xFF, 0xBC, 0x00, 0x4E, 0xE9, 0xFF, 0x6A, 0x00, 0x00, 0x00, 0x00, 0x00, 0x00, 0x00, 0x00, 0x00, 
0x00, 0x00, 0x00, 0x00, 0x00, 0x00, 0x00, 0x6C, 0xFF, 0xE9, 0x4E, 0x00, 0x00, 0x00, 0x1B, 0xD2, 
0xFA, 0x3E, 0x00, 0x00, 0x00, 0x00, 0x00, 0x00, 0x00, 0x00, 0x00, 0x00, 0x00, 0x00, 0x00, 0x00, 
0x3E, 0xFB, 0xD2, 0x1B, 0x00, 0x00, 0x00, 0x00, 0x00, 0x0F, 0xCA, 0xDA, 0x04, 0x00, 0x00, 0x00, 
0x00, 0x00, 0x00, 0x00, 0x00, 0x00, 0x00, 0x00, 0x00, 0x05, 0xDA, 0xC9, 0x0F, 0x00, 0x00, 0x00, 
0x00, 0x00, 0x00, 0x00, 0x11, 0xD1, 0x6A, 0x00, 0x00, 0x00, 0x00, 0x00, 0x00, 0x00, 0x00, 0x00, 
0x00, 0x00, 0x00, 0x6B, 0xD1, 0x11, 0x00, 0x00, 0x00, 0x00, 0x00, 0x00, 0x00, 0x00, 0xB8, 0xB7, 
0x00, 0x00, 0x00, 0x00, 0x00, 0x00, 0x00, 0x3D, 0xFF, 0xFF, 0x3E, 0x00, 0x00, 0x00, 0x00, 0x00, 
0x09, 0xD8, 0xFF, 0xFF, 0xD8, 0x09, 0x00, 0x00, 0x00, 0x00, 0xA9, 0xFF, 0xFF, 0xFF, 0xFF, 0xA9, 
0x00, 0x00, 0x00, 0x8A, 0xFF, 0xB8, 0xFF, 0xFF, 0xB8, 0xFF, 0x89, 0x00, 0x83, 0xFE, 0x8A, 0x03, 
0xFF, 0xFF, 0x03, 0x8A, 0xFE, 0x83, 0xBB, 0x32, 0x00, 0x00, 0xFF, 0xFF, 0x00, 0x00, 0x32, 0xBB, 
0x00, 0x00, 0x00, 0x00, 0xFF, 0xFF, 0x00, 0x00, 0x00, 0x00, 0x00, 0x00, 0x00, 0x00, 0xFF, 0xFF, 
0x00, 0x00, 0x00, 0x00, 0x00, 0x00, 0x00, 0x00, 0xFF, 0xFF, 0x00, 0x00, 0x00, 0x00, 0x00, 0x00, 
0x00, 0x00, 0xFF, 0xFF, 0x00, 0x00, 0x00, 0x00, 0x00, 0x00, 0x00, 0x00, 0xFF, 0xFF, 0x00, 0x00, 
0x00, 0x00, 0x00, 0x00, 0x00, 0x00, 0xFF, 0xFF, 0x00, 0x00, 0x00, 0x00, 0x00, 0x00, 0x00, 0x00, 
0xFF, 0xFF, 0x00, 0x00, 0x00, 0x00, 0x00, 0x00, 0x00, 0x00, 0xFF, 0xFF, 0x00, 0x00, 0x00, 0x00, 
0x00, 0x00, 0x00, 0x00, 0xFF, 0xFF, 0x00, 0x00, 0x00, 0x00, 0x00, 0x00, 0x00, 0x00, 0xFF, 0xFF, 
0x00, 0x00, 0x00, 0x00, 0x00, 0x00, 0x00, 0x00, 0xFF, 0xFF, 0x00, 0x00, 0x00, 0x00, 0x00, 0x00, 
0x00, 0x00, 0xFF, 0xFF, 0x00, 0x00, 0x00, 0x00, 0xBB, 0x32, 0x00, 0x00, 0xFF, 0xFF, 0x00, 0x00, 
0x32, 0xBA, 0x83, 0xFE, 0x8B, 0x03, 0xFF, 0xFF, 0x03, 0x8B, 0xFE, 0x82, 0x00, 0x8A, 0xFF, 0xBA, 
0xFF, 0xFF, 0xBB, 0xFF, 0x8A, 0x00, 0x00, 0x01, 0xA9, 0xFF, 0xFF, 0xFF, 0xFF, 0xA9, 0x00, 0x00, 
0x00, 0x00, 0x09, 0xD9, 0xFF, 0xFF, 0xD9, 0x09, 0x00, 0x00, 0x00, 0x00, 0x00, 0x3D, 0xFF, 0xFF, 
0x3E, 0x00, 0x00, 0x00, 0x00, 0x00, 0x00, 0x00, 0xB7, 0xB7, 0x00, 0x00, 0x00, 0x00, 0xFF, 0xFF, 
0xFF, 0xFF, 0xFF, 0xFF, 0xFF, 0xFF, 0xFF, 0xFF, 0xFF, 0xFF, 0xFF, 0xFF, 0xFF, 0x00, 0x00, 0x00, 
0x00, 0x00, 0x00, 0x00, 0x00, 0x00, 0x00, 0x00, 0x00, 0x00, 0x59, 0xA5, 0x00, 0x00, 0x00, 0x00, 
0x00, 0x00, 0x00, 0x00, 0x00, 0x00, 0x00, 0x00, 0x1D, 0xD2, 0x10, 0x00, 0x00, 0x00, 0x00, 0x00, 
0x00, 0x00, 0x00, 0x00, 0x00, 0x00, 0x01, 0xBC, 0x41, 0x00, 0x00, 0x00, 0x00, 0x00, 0x00, 0x00, 
0x00, 0x00, 0x00, 0x00, 0x00, 0x73, 0x8C, 0x00, 0x00, 0x00, 0x00, 0x00, 0x00, 0x00, 0x00, 0x00, 
0x00, 0x00, 0x00, 0x2D, 0xCA, 0x07, 0x00, 0x00, 0x00, 0x00, 0x00, 0x00, 0x00, 0x00, 0x00, 0x00, 
0x00, 0x07, 0xCB, 0x2D, 0x00, 0x00, 0x00, 0x00, 0x00, 0x00, 0x00, 0x00, 0x00, 0x00, 0x00, 0x00, 
0x8D, 0x72, 0x00, 0x00, 0x00, 0x00, 0x00, 0x00, 0x00, 0x00, 0x00, 0x00, 0x00, 0x00, 0x41, 0xBC, 
0x01, 0x00, 0x00, 0x00, 0x00, 0x00, 0x00, 0x00, 0x00, 0x00, 0x00, 0x00, 0x10, 0xD2, 0x1D, 0x00, 
0x00, 0x00, 0x00, 0x00, 0x00, 0x00, 0x00, 0x00, 0x00, 0x00, 0x00, 0xA6, 0x59, 0x00, 0x00, 0x00, 
0x00, 0x00, 0x00, 0x00, 0x00, 0x00, 0x00, 0x00, 0x00, 0x59, 0xA5, 0x00, 0x00, 0x00, 0x00, 0x00, 
0x00, 0x00, 0x00, 0x00, 0x00, 0x00, 0x00, 0x1D, 0xD2, 0x10, 0x00, 0x00, 0x00, 0x00, 0x00, 0x00, 
0x00, 0x00, 0x00, 0x00, 0x00, 0x01, 0xBC, 0x41, 0x00, 0x00, 0x00, 0x00, 0x00, 0x00, 0x00, 0x00, 
0x00, 0x00, 0x00, 0x00, 0x73, 0x8C, 0x00, 0x00, 0x00, 0x00, 0x00, 0x00, 0x00, 0x00, 0x00, 0x00, 
0x00, 0x00, 0x2D, 0xCA, 0x07, 0x00, 0x00, 0x00, 0x00, 0x00, 0x00, 0x00, 0x00, 0x00, 0x00, 0x00, 
0x07, 0xCB, 0x2D, 0x00, 0x00, 0x00, 0x00, 0x00, 0x00, 0x00, 0x00, 0x00, 0x00, 0x00, 0x00, 0x8D, 
0x72, 0x00, 0x00, 0x00, 0x00, 0x00, 0x00, 0x00, 0x00, 0x00, 0x00, 0x00, 0x00, 0x41, 0xBC, 0x01, 
0x00, 0x00, 0x00, 0x00, 0x00, 0x00, 0x00, 0x00, 0x00, 0x00, 0x00, 0x10, 0xD2, 0x1D, 0x00, 0x00, 
0x00, 0x00, 0x00, 0x00, 0x00, 0x00, 0x00, 0x00, 0x00, 0x00, 0xA6, 0x59, 0x00, 0x00, 0x00, 0x00, 
0x00, 0x00, 0x00, 0x00, 0x00, 0x00, 0x00, 0x00, 0x00, 0xC5, 0xC4, 0xC7, 0xC5, 0x00, 0x00, 0x00, 
0x00, 0x00, 0x00, 0x00, 0x00, 0x00, 0x00, 0x00, 0x00, 0x23, 0xEC, 0x00, 0x00, 0x00, 0x00, 0x00, 
0x00, 0x00, 0x00, 0x00, 0x00, 0x00, 0x00, 0x48, 0xC6, 0x00, 0x00, 0x00, 0x00, 0x00, 0x00, 0x00, 
0x00, 0x00, 0x00, 0x00, 0x00, 0x6D, 0xA0, 0x00, 0x00, 0x00, 0x00, 0x00, 0x00, 0x00, 0x00, 0x00, 
0x00, 0x00, 0x00, 0x92, 0x7B, 0x00, 0x00, 0x00, 0x00, 0x00, 0x00, 0x00, 0x00, 0x00, 0x00, 0x00, 
0x00, 0xB8, 0x55, 0x00, 0x00, 0x00, 0x00, 0x00, 0x00, 0x00, 0x00, 0x00, 0x00, 0x00, 0x00, 0xDD, 
0x2F, 0x00, 0x00, 0x00, 0x00, 0x00, 0x00, 0x00, 0x00, 0x00, 0x00, 0x00, 0x05, 0xFB, 0x0A, 0x00, 
0x00, 0x00, 0x00, 0x00, 0x00, 0x00, 0x00, 0x00, 0x00, 0x00, 0x27, 0xE3, 0x00, 0x00, 0x00, 0x00, 
0x00, 0x00, 0x00, 0x00, 0x00, 0x00, 0x00, 0x00, 0x4C, 0xBD, 0x00, 0x00, 0x00, 0x00, 0x00, 0x00, 
0x00, 0x00, 0x00, 0x00, 0x00, 0x00, 0x72, 0x97, 0x00, 0x00, 0x00, 0x00, 0x00, 0x01, 0x00, 0x00, 
0x00, 0x00, 0x00, 0x00, 0x97, 0x71, 0x00, 0x00, 0x00, 0x1F, 0x94, 0xBC, 0x00, 0x00, 0x00, 0x00, 
0x00, 0x00, 0xBC, 0x4B, 0x00, 0x26, 0x9E, 0xD9, 0xF6, 0xFF, 0x41, 0x00, 0x00, 0x00, 0x00, 0x00, 
0xE1, 0x25, 0x00, 0x7D, 0x5E, 0x04, 0x92, 0xFF, 0xBD, 0x00, 0x00, 0x00, 0x00, 0x08, 0xF8, 0x04, 
0x00, 0x00, 0x00, 0x00, 0x1C, 0xF9, 0xFF, 0x38, 0x00, 0x00, 0x00, 0x2C, 0xD9, 0x00, 0x00, 0x00, 
0x00, 0x00, 0x00, 0x9B, 0xFF, 0xB4, 0x00, 0x00, 0x00, 0x51, 0xB3, 0x00, 0x00, 0x00, 0x00, 0x00, 
0x00, 0x22, 0xFC, 0xFF, 0x30, 0x00, 0x00, 0x76, 0x8D, 0x00, 0x00, 0x00, 0x00, 0x00, 0x00, 0x00, 
0xA3, 0xFF, 0xAC, 0x00, 0x00, 0x9B, 0x67, 0x00, 0x00, 0x00, 0x00, 0x00, 0x00, 0x00, 0x29, 0xFE, 
0xFE, 0x29, 0x00, 0xC0, 0x41, 0x00, 0x00, 0x00, 0x00, 0x00, 0x00, 0x00, 0x00, 0xAC, 0xFF, 0xA3, 
0x00, 0xE5, 0x1B, 0x00, 0x00, 0x00, 0x00, 0x00, 0x00, 0x00, 0x00, 0x30, 0xFF, 0xFC, 0x2E, 0xF3, 
0x00, 0x00, 0x00, 0x00, 0x00, 0x00, 0x00, 0x00, 0x00, 0x00, 0xB4, 0xFF, 0xC8, 0xCF, 0x00, 0x00, 
0x00, 0x00, 0x00, 0x00, 0x00, 0x00, 0x00, 0x00, 0x38, 0xFF, 0xFF, 0xA9, 0x00, 0x00, 0x00, 0x00, 
0x00, 0x00, 0x00, 0x00, 0x00, 0x00, 0x00, 0xBD, 0xFF, 0x83, 0x00, 0x00, 0x00, 0x00, 0x00, 0x00, 
0x00, 0x00, 0x00, 0x00, 0x00, 0x41, 0xFF, 0x5D, 0x00, 0x00, 0x00, 0x00, 0x00, 0x00, 0x00, 0x00, 
0x00, 0x00, 0x00, 0x00, 0xC5, 0x37, 0x00, 0x00, 0x00, 0x00, 0x00, 0x00, 0x00, 0x00, 0x00, 0x00, 
0x00, 0x00, 0x49, 0x11, 0x00, 0x00, 0x00, 0x00, 0x00, 0x00, 0x00, 0x00, 0x00, 0x00, 0x00, 0x00, 
0x00, 0x26, 0x9D, 0xDD, 0xF7, 0xE9, 0xAB, 0x32, 0x00, 0x00, 0x00, 0x11, 0x92, 0xE6, 0xF7, 0xD2, 
0x6A, 0x00, 0x00, 0x36, 0xF3, 0xFD, 0x7F, 0x17, 0x0B, 0x57, 0xE1, 0x5F, 0x00, 0x12, 0xD6, 0x97, 
0x28, 0x09, 0x2F, 0xAC, 0x91, 0x08, 0xDC, 0xFF, 0x7D, 0x00, 0x00, 0x00, 0x00, 0x22, 0xE9, 0x32, 
0x93, 0x94, 0x00, 0x00, 0x00, 0x00, 0x01, 0xAA, 0xB6, 0xFF, 0xE4, 0x06, 0x00, 0x00, 0x00, 0x00, 
0x00, 0x70, 0xA9, 0xE4, 0x27, 0x00, 0x00, 0x00, 0x00, 0x00, 0x18, 0xFD, 0xFF, 0x7A, 0x00, 0x00, 
0x00, 0x00, 0x00, 0x00, 0x20, 0xE7, 0xFA, 0x0A, 0x00, 0x00, 0x00, 0x00, 0x00, 0x46, 0xFF, 0xFA, 
0x16, 0x00, 0x00, 0x00, 0x00, 0x00, 0x00, 0x05, 0xFA, 0xE0, 0x2F, 0x00, 0x00, 0x00, 0x00, 0x00, 
0xB4, 0xFF, 0xEA, 0x07, 0x00, 0x00, 0x00, 0x00, 0x00, 0x00, 0x16, 0xE6, 0x87, 0xA4, 0x00, 0x00, 
0x00, 0x00, 0x3E, 0xFF, 0xF3, 0x7C, 0x73, 0x00, 0x00, 0x00, 0x00, 0x00, 0x00, 0x59, 0xA7, 0x0B, 
0xC6, 0x9A, 0x22, 0x0B, 0x5A, 0xED, 0xFA, 0x55, 0x00, 0xA7, 0x2B, 0x00, 0x00, 0x00, 0x00, 0x0F, 
0xD6, 0x33, 0x00, 0x06, 0x78, 0xD4, 0xF8, 0xEC, 0xB5, 0x3A, 0x00, 0x00, 0x14, 0xC6, 0x65, 0x16, 
0x0A, 0x49, 0xD2, 0x67, 0x00, 0x00, 0x00, 0x00, 0x00, 0x00, 0x00, 0x00, 0x00, 0x00, 0x00, 0x00, 
0x11, 0x93, 0xE3, 0xF5, 0xBD, 0x3F, 0x00, 0x00, 0x00, 0x54, 0xC0, 0xF3, 0xEB, 0xA3, 0x40, 0x00, 
0x00, 0x00, 0x00, 0x00, 0x32, 0xE9, 0x74, 0xE6, 0x51, 0x0E, 0x19, 0x69, 0xCD, 0xD2, 0x64, 0x12, 
0x0E, 0x4C, 0xDE, 0x78, 0xE6, 0x3D, 0x00, 0x00, 0x00, 0x00, 0x00, 0x3C, 0xA6, 0xEC, 0xEF, 0xC4, 
0x56, 0x00, 0x00, 0x00, 0x00, 0x00, 0x00, 0x00, 0x00, 0x00, 0x00, 0x00, 0x00, 0x00, 0x00, 0x00, 
0x00, 0x00, 0x00, 0x00, 0x00, 0x00, 0x00, 0x00, 0x00, 0x00, 0x00, 0x00, 0x00, 0x00, 0x00, 0x00, 
0x00, 0x00, 0x00, 0x00, 0x00, 0x00, 0x00, 0x00, 0x00, 0x00, 0x00, 0x00, 0x00, 0x00, 0x00, 0x00, 
0x00, 0x00, 0x00, 0x00, 0x00, 0x00, 0x00, 0x00, 0x00, 0x00, 0x00, 0x55, 0xC0, 0xF3, 0xEB, 0xA2, 
0x3D, 0x00, 0x00, 0x00, 0x00, 0x00, 0x31, 0xE9, 0x74, 0xE6, 0x51, 0x0E, 0x19, 0x69, 0xCE, 0xCE, 
0x5F, 0x11, 0x0E, 0x49, 0xDC, 0x78, 0xE6, 0x3D, 0x00, 0x00, 0x00, 0x00, 0x00, 0x3E, 0xA8, 0xEC, 
0xEF, 0xC4, 0x56, 0x00, 0x00, 0x00, 0x00, 0x00, 0x00, 0x00, 0x00, 0x00, 0x00, 0x00, 0x00, 0xB5, 
0x4B, 0x00, 0x00, 0x00, 0x00, 0x00, 0x00, 0x00, 0x00, 0x00, 0x00, 0x00, 0x00, 0x1F, 0xDD, 0x02, 
0x00, 0x00, 0x00, 0x00, 0x00, 0x00, 0x00, 0x00, 0x00, 0x00, 0x00, 0x00, 0x86, 0x7A, 0x00, 0x00, 
0x00, 0x00, 0x00, 0x00, 0x00, 0x00, 0x00, 0x00, 0x00, 0x00, 0x05, 0xE2, 0x17, 0x00, 0x00, 0x00, 
0x00, 0x00, 0x00, 0x00, 0x00, 0x00, 0x00, 0x00, 0x00, 0x57, 0xA9, 0x00, 0x00, 0x00, 0x00, 0x00, 
0x00, 0x00, 0x00, 0x00, 0x00, 0x00, 0x00, 0x00, 0xBF, 0x40, 0x00, 0x00, 0x00, 0x00, 0x00, 0x00, 
0x00, 0x00, 0x00, 0x00, 0x00, 0x00, 0x28, 0xD6, 0x00, 0x00, 0x00, 0x00, 0x00, 0xFF, 0xFF, 0xFF, 
0xFF, 0xFF, 0xFF, 0xFF, 0xFF, 0xFF, 0xFF, 0xFF, 0xFF, 0xFF, 0xFF, 0xFF, 0x00, 0x00, 0x00, 0x00, 
0x00, 0x00, 0x00, 0x09, 0xE5, 0x10, 0x00, 0x00, 0x00, 0x00, 0x00, 0x00, 0x00, 0x00, 0x00, 0x00, 
0x00, 0x00, 0x61, 0x9E, 0x00, 0x00, 0x00, 0x00, 0x00, 0x00, 0x00, 0x00, 0x00, 0x00, 0x00, 0x00, 
0x00, 0xCA, 0x35, 0x00, 0x00, 0x00, 0x00, 0x00, 0x00, 0x00, 0x00, 0x00, 0x00, 0x00, 0x00, 0x33, 
0xCC, 0x00, 0x00, 0x00, 0x00, 0x00, 0x00, 0x00, 0x00, 0x00, 0x00, 0x00, 0x00, 0x00, 0x9C, 0x64, 
0x00, 0x00, 0x00, 0x00, 0x00, 0x00, 0x00, 0xFF, 0xFF, 0xFF, 0xFF, 0xFF, 0xFF, 0xFF, 0xFF, 0xFF, 
0xFF, 0xFF, 0xFF, 0xFF, 0xFF, 0xFF, 0x00, 0x00, 0x00, 0x00, 0x00, 0x71, 0x8F, 0x00, 0x00, 0x00, 
0x00, 0x00, 0x00, 0x00, 0x00, 0x00, 0x00, 0x00, 0x00, 0x00, 0xD7, 0x27, 0x00, 0x00, 0x00, 0x00, 
0x00, 0x00, 0x00, 0x00, 0x00, 0x00, 0x00, 0x00, 0x42, 0xBE, 0x00, 0x00, 0x00, 0x00, 0x00, 0x00, 
0x00, 0x00, 0x00, 0x00, 0x00, 0x00, 0x00, 0xAA, 0x55, 0x00, 0x00, 0x00, 0x00, 0x00, 0x00, 0x00, 
0x00, 0x00, 0x00, 0x00, 0x00, 0x17, 0xE2, 0x05, 0x00, 0x00, 0x00, 0x00, 0x00, 0x00, 0x00, 0x00, 
0x00, 0x00, 0x00, 0x00, 0x7B, 0x84, 0x00, 0x00, 0x00, 0x00, 0x00, 0x00, 0x00, 0x00, 0x00, 0x00, 
0x00, 0x00, 0x02, 0xDE, 0x1F, 0x00, 0x00, 0x00, 0x00, 0x00, 0x00, 0x00, 0x00, 0x00, 0x00, 0x00, 
0x00, 0x4C, 0xB4, 0x00, 0x00, 0x00, 0x00, 0x00, 0x00, 0x00, 0x00, 0x00, 0x00, 0x00, 0x00, 0x00, 
0x00, 0x00, 0x00, 0x05, 0x51, 0x99, 0xC1, 0xCA, 0xB4, 0x7F, 0x29, 0x00, 0x00, 0x00, 0x00, 0x00, 
0x00, 0x00, 0x00, 0x00, 0x00, 0x4D, 0xE2, 0xFC, 0xBB, 0x93, 0x81, 0xA1, 0xDA, 0xFF, 0xAF, 0x16, 
0x00, 0x00, 0x00, 0x00, 0x00, 0x00, 0x01, 0x8E, 0xFD, 0x90, 0x1B, 0x00, 0x00, 0x00, 0x00, 0x00, 
0x41, 0xCF, 0xE7, 0x3D, 0x00, 0x00, 0x00, 0x00, 0x00, 0x76, 0xF5, 0x47, 0x00, 0x00, 0x00, 0x00, 
0x00, 0x00, 0x00, 0x00, 0x07, 0x9C, 0xED, 0x1E, 0x00, 0x00, 0x00, 0x34, 0xFB, 0x5E, 0x00, 0x00, 
0x00, 0x00, 0x00, 0x00, 0x00, 0x00, 0x00, 0x00, 0x03, 0xC1, 0xC6, 0x01, 0x00, 0x00, 0xB4, 0xB8, 
0x00, 0x00, 0x00, 0x00, 0x00, 0x00, 0x00, 0x00, 0x00, 0x00, 0x00, 0x00, 0x22, 0xFD, 0x4C, 0x00, 
0x13, 0xFC, 0x4D, 0x00, 0x09, 0xD4, 0xC5, 0x01, 0x00, 0x00, 0x00, 0x3D, 0xF0, 0x79, 0x00, 0x00, 
0xB6, 0xA9, 0x00, 0x4A, 0xFE, 0x08, 0x00, 0x11, 0xF3, 0xE8, 0x04, 0x00, 0x00, 0x00, 0x55, 0xFF, 
0x9C, 0x00, 0x00, 0x6F, 0xE5, 0x00, 0x65, 0xE5, 0x00, 0x00, 0x00, 0x19, 0x14, 0x00, 0x00, 0x00, 
0x00, 0x00, 0x27, 0x05, 0x00, 0x00, 0x4E, 0xFE, 0x02, 0x63, 0xEA, 0x00, 0x00, 0x00, 0x00, 0x00, 
0x00, 0x00, 0x00, 0x00, 0x00, 0x00, 0x00, 0x00, 0x00, 0x54, 0xFC, 0x01, 0x42, 0xFF, 0x0E, 0x00, 
0x00, 0x00, 0x00, 0x00, 0x00, 0x00, 0x00, 0x00, 0x00, 0x00, 0x00, 0x00, 0x76, 0xDD, 0x00, 0x0B, 
0xF6, 0x5E, 0x00, 0x00, 0x52, 0x4B, 0x00, 0x00, 0x00, 0x00, 0x01, 0x88, 0x18, 0x00, 0x00, 0xC7, 
0x9D, 0x00, 0x00, 0xA0, 0xCA, 0x02, 0x00, 0x36, 0xEB, 0x4F, 0x00, 0x00, 0x0F, 0x9B, 0xC8, 0x03, 
0x00, 0x35, 0xFF, 0x3B, 0x00, 0x00, 0x21, 0xF1, 0x7C, 0x00, 0x00, 0x4B, 0xEA, 0xE7, 0xD5, 0xF6, 
0xBB, 0x13, 0x00, 0x0C, 0xD8, 0xAD, 0x00, 0x00, 0x00, 0x00, 0x54, 0xFC, 0x70, 0x00, 0x00, 0x0A, 
0x47, 0x5A, 0x30, 0x00, 0x00, 0x17, 0xBE, 0xDE, 0x0F, 0x00, 0x00, 0x00, 0x00, 0x00, 0x5F, 0xF5, 
0xB8, 0x41, 0x00, 0x00, 0x00, 0x00, 0x0E, 0x6B, 0xE8, 0xCC, 0x22, 0x00, 0x00, 0x00, 0x00, 0x00, 
0x00, 0x00, 0x2B, 0xBC, 0xFF, 0xE4, 0xBE, 0xAD, 0xCB, 0xF5, 0xF3, 0x85, 0x06, 0x00, 0x00, 0x00, 
0x00, 0x00, 0x00, 0x00, 0x00, 0x00, 0x00, 0x25, 0x6B, 0x93, 0x9B, 0x87, 0x53, 0x0B, 0x00, 0x00, 
0x00, 0x00, 0x00, 0x00, 0x00, 0x00, 0x00, 0x00, 0x00, 0x28, 0x7E, 0xB3, 0xCA, 0xC1, 0x9A, 0x52, 
0x06, 0x00, 0x00, 0x00, 0x00, 0x00, 0x00, 0x00, 0x00, 0x15, 0xAC, 0xFE, 0xFF, 0xFF, 0xFF, 0xFF, 
0xFF, 0xFF, 0xE3, 0x51, 0x00, 0x00, 0x00, 0x00, 0x00, 0x00, 0x39, 0xE5, 0xFF, 0xFF, 0xFF, 0xFF, 
0xFF, 0xFF, 0xFF, 0xFF, 0xFF, 0xFF, 0x94, 0x02, 0x00, 0x00, 0x00, 0x1B, 0xEA, 0xFF, 0xFF, 0xFF, 
0xFF, 0xFF, 0xFF, 0xFF, 0xFF, 0xFF, 0xFF, 0xFF, 0xFF, 0x7C, 0x00, 0x00, 0x00, 0xBF, 0xFF, 0xFF, 
0xFF, 0xFF, 0xFF, 0xFF, 0xFF, 0xFF, 0xFF, 0xFF, 0xFF, 0xFF, 0xFF, 0xFC, 0x3A, 0x00, 0x44, 0xFF, 
0xFF, 0xFF, 0xFF, 0xFF, 0xFF, 0xFF, 0xFF, 0xFF, 0xFF, 0xFF, 0xFF, 0xFF, 0xFF, 0xFF, 0xBC, 0x00, 
0x9F, 0xFF, 0xFF, 0xFF, 0x8D, 0x0F, 0xBE, 0xFF, 0xFF, 0xFF, 0xFF, 0x3F, 0x26, 0xF2, 0xFF, 0xFF, 
0xFE, 0x1B, 0xDA, 0xFF, 0xFF, 0xFF, 0x6A, 0x00, 0xA3, 0xFF, 0xFF, 0xFF, 0xFE, 0x1C, 0x09, 0xE9, 
0xFF, 0xFF, 0xFF, 0x55, 0xF5, 0xFF, 0xFF, 0xFF, 0xFB, 0xD6, 0xFF, 0xFF, 0xFF, 0xFF, 0xFF, 0xED, 
0xE4, 0xFF, 0xFF, 0xFF, 0xFF, 0x70, 0xF3, 0xFF, 0xFF, 0xFF, 0xFF, 0xFF, 0xFF, 0xFF, 0xFF, 0xFF, 
0xFF, 0xFF, 0xFF, 0xFF, 0xFF, 0xFF, 0xFF, 0x6D, 0xD2, 0xFF, 0xFF, 0xFF, 0xFF, 0xFF, 0xFF, 0xFF, 
0xFF, 0xFF, 0xFF, 0xFF, 0xFF, 0xFF, 0xFF, 0xFF, 0xFF, 0x4D, 0x92, 0xFF, 0xFF, 0xFF, 0xEC, 0x76, 
0xFE, 0xFF, 0xFF, 0xFF, 0xFF, 0xB7, 0xA6, 0xFF, 0xFF, 0xFF, 0xFA, 0x12, 0x31, 0xFF, 0xFF, 0xFF, 
0xFE, 0x40, 0x60, 0xEE, 0xFF, 0xFF, 0xB4, 0x14, 0xC0, 0xFF, 0xFF, 0xFF, 0xAB, 0x00, 0x00, 0xA2, 
0xFF, 0xFF, 0xFF, 0xF0, 0x49, 0x08, 0x2A, 0x19, 0x13, 0xAE, 0xFF, 0xFF, 0xFF, 0xF4, 0x28, 0x00, 
0x00, 0x0B, 0xD7, 0xFF, 0xFF, 0xFF, 0xFF, 0xD1, 0xA6, 0xB6, 0xF4, 0xFF, 0xFF, 0xFF, 0xFF, 0x5D, 
0x00, 0x00, 0x00, 0x00, 0x1D, 0xC7, 0xFF, 0xFF, 0xFF, 0xFF, 0xFF, 0xFF, 0xFF, 0xFF, 0xFF, 0xF7, 
0x67, 0x00, 0x00, 0x00, 0x00, 0x00, 0x00, 0x05, 0x80, 0xF1, 0xFF, 0xFF, 0xFF, 0xFF, 0xFF, 0xFF, 
0xBF, 0x2F, 0x00, 0x00, 0x00, 0x00, 0x00, 0x00, 0x00, 0x00, 0x00, 0x0A, 0x50, 0x85, 0x9B, 0x93, 
0x6D, 0x27, 0x00, 0x00, 0x00, 0x00, 0x00, 0x00, 0x00, 0x00, 0x00, 0x00, 0x00, 0x00, 0x00, 0x00, 
0x00, 0x00, 0x00, 0x00, 0x23, 0x06, 0x00, 0x00, 0x00, 0x00, 0x00, 0x00, 0x00, 0x00, 0x00, 0x00, 
0x00, 0x00, 0x00, 0x00, 0x00, 0x00, 0x00, 0x00, 0x00, 0x00, 0x00, 0x00, 0x00, 0x00, 0xE4, 0x28, 
0x00, 0x00, 0x00, 0x00, 0x00, 0x00, 0x00, 0x00, 0x00, 0x00, 0x00, 0x00, 0x00, 0x00, 0x00, 0x00, 
0x00, 0x00, 0x00, 0x00, 0x00, 0x00, 0x00, 0x00, 0xE4, 0x28, 0x00, 0x00, 0x00, 0x00, 0x00, 0x00, 
0x00, 0x00, 0x00, 0x00, 0x00, 0x00, 0x00, 0x00, 0x01, 0x3E, 0x00, 0x00, 0x00, 0x00, 0x00, 0x00, 
0x00, 0x00, 0xE4, 0x28, 0x00, 0x00, 0x00, 0x00, 0x00, 0x00, 0x00, 0x2F, 0x13, 0x00, 0x00, 0x00, 
0x00, 0x00, 0x1A, 0xE8, 0x65, 0x00, 0x00, 0x00, 0x00, 0x00, 0x00, 0x00, 0xE4, 0x28, 0x00, 0x00, 
0x00, 0x00, 0x00, 0x00, 0x35, 0xEA, 0x48, 0x00, 0x00, 0x00, 0x00, 0x00, 0x00, 0x2D, 0xEA, 0x6D, 
0x00, 0x00, 0x00, 0x03, 0x40, 0x77, 0xF3, 0x94, 0x57, 0x11, 0x00, 0x00, 0x00, 0x39, 0xEC, 0x54, 
0x00, 0x00, 0x00, 0x00, 0x00, 0x00, 0x00, 0x00, 0x2E, 0xEC, 0x75, 0x01, 0x62, 0xE0, 0xCE, 0x94, 
0x78, 0x8E, 0xBF, 0xF6, 0x92, 0x0D, 0x3C, 0xEE, 0x54, 0x00, 0x00, 0x00, 0x00, 0x00, 0x00, 0x00, 
0x00, 0x00, 0x00, 0x30, 0xED, 0xD8, 0xCB, 0x34, 0x00, 0x00, 0x00, 0x00, 0x00, 0x23, 0xAF, 0xDF, 
0xEF, 0x54, 0x00, 0x00, 0x00, 0x00, 0x00, 0x00, 0x00, 0x00, 0x00, 0x00, 0x00, 0x00, 0xB0, 0xA5, 
0x06, 0x00, 0x00, 0x00, 0x00, 0x00, 0x00, 0x00, 0x00, 0x7C, 0xE5, 0x0F, 0x00, 0x00, 0x00, 0x00, 
0x00, 0x00, 0x00, 0x00, 0x00, 0x00, 0x00, 0x55, 0xD3, 0x09, 0x00, 0x00, 0x00, 0x00, 0x00, 0x00, 
0x00, 0x00, 0x00, 0x00, 0xAC, 0x9A, 0x00, 0x00, 0x00, 0x00, 0x00, 0x00, 0x00, 0x00, 0x00, 0x00, 
0x00, 0xD4, 0x4C, 0x00, 0x00, 0x00, 0x00, 0x00, 0x00, 0x00, 0x00, 0x00, 0x00, 0x00, 0x1F, 0xF8, 
0x1C, 0x00, 0x00, 0x00, 0x00, 0x00, 0x00, 0x00, 0x00, 0x00, 0x27, 0xE5, 0x02, 0x00, 0x00, 0x00, 
0x00, 0x00, 0x00, 0x00, 0x00, 0x00, 0x00, 0x00, 0x00, 0xB6, 0x6A, 0x00, 0x00, 0x00, 0x00, 0x00, 
0x08, 0x08, 0x08, 0x08, 0x5A, 0xB7, 0x00, 0x00, 0x00, 0x00, 0x00, 0x00, 0x00, 0x00, 0x00, 0x00, 
0x00, 0x00, 0x00, 0x84, 0x94, 0x00, 0x00, 0x00, 0x00, 0x00, 0xE8, 0xE8, 0xE8, 0xE8, 0xF1, 0xA0, 
0x00, 0x00, 0x00, 0x00, 0x00, 0x00, 0x00, 0x00, 0x00, 0x00, 0x00, 0x00, 0x00, 0x6C, 0xFB, 0xF4, 
0xF4, 0xF4, 0xF4, 0x39, 0x00, 0x00, 0x00, 0x00, 0x4E, 0xBA, 0x00, 0x00, 0x00, 0x00, 0x00, 0x00, 
0x00, 0x00, 0x00, 0x00, 0x00, 0x00, 0x00, 0x88, 0x90, 0x00, 0x00, 0x00, 0x00, 0x00, 0x00, 0x00, 
0x00, 0x00, 0x1A, 0xEA, 0x05, 0x00, 0x00, 0x00, 0x00, 0x00, 0x00, 0x00, 0x00, 0x00, 0x00, 0x00, 
0x00, 0xBE, 0x58, 0x00, 0x00, 0x00, 0x00, 0x00, 0x00, 0x00, 0x00, 0x00, 0x00, 0xC3, 0x56, 0x00, 
0x00, 0x00, 0x00, 0x00, 0x00, 0x00, 0x00, 0x00, 0x00, 0x00, 0x27, 0xF0, 0x0D, 0x00, 0x00, 0x00, 
0x00, 0x00, 0x00, 0x00, 0x00, 0x00, 0x00, 0x42, 0xDE, 0x10, 0x00, 0x00, 0x00, 0x00, 0x00, 0x00, 
0x00, 0x00, 0x00, 0x02, 0xBD, 0x7F, 0x00, 0x00, 0x00, 0x00, 0x00, 0x00, 0x00, 0x00, 0x00, 0x00, 
0x00, 0x00, 0xA6, 0xBA, 0x0F, 0x00, 0x00, 0x00, 0x00, 0x00, 0x00, 0x00, 0x04, 0x95, 0xE4, 0x06, 
0x00, 0x00, 0x00, 0x00, 0x00, 0x00, 0x00, 0x00, 0x00, 0x00, 0x00, 0x39, 0xF1, 0xBF, 0xDD, 0x4F, 
0x03, 0x00, 0x00, 0x00, 0x00, 0x3B, 0xC5, 0xCD, 0xE7, 0x7B, 0x00, 0x00, 0x00, 0x00, 0x00, 0x00, 
0x00, 0x00, 0x00, 0x00, 0x38, 0xEF, 0x65, 0x00, 0x47, 0xC7, 0xE4, 0xAF, 0x94, 0xA9, 0xD8, 0xE6, 
0x71, 0x04, 0x28, 0xE6, 0x74, 0x00, 0x00, 0x00, 0x00, 0x00, 0x00, 0x00, 0x00, 0x37, 0xEC, 0x5A, 
0x00, 0x00, 0x00, 0x00, 0x1D, 0x54, 0xEF, 0x78, 0x34, 0x02, 0x00, 0x00, 0x00, 0x27, 0xE6, 0x6F, 
0x00, 0x00, 0x00, 0x00, 0x00, 0x00, 0x19, 0xE9, 0x4F, 0x00, 0x00, 0x00, 0x00, 0x00, 0x00, 0x00, 
0xE4, 0x28, 0x00, 0x00, 0x00, 0x00, 0x00, 0x00, 0x27, 0xE5, 0x4F, 0x00, 0x00, 0x00, 0x00, 0x00, 
0x00, 0x21, 0x00, 0x00, 0x00, 0x00, 0x00, 0x00, 0x00, 0x00, 0xE4, 0x28, 0x00, 0x00, 0x00, 0x00, 
0x00, 0x00, 0x00, 0x1F, 0x06, 0x00, 0x00, 0x00, 0x00, 0x00, 0x00, 0x00, 0x00, 0x00, 0x00, 0x00, 
0x00, 0x00, 0x00, 0x00, 0xE4, 0x28, 0x00, 0x00, 0x00, 0x00, 0x00, 0x00, 0x00, 0x00, 0x00, 0x00, 
0x00, 0x00, 0x00, 0x00, 0x00, 0x00, 0x00, 0x00, 0x00, 0x00, 0x00, 0x00, 0x00, 0x00, 0xE4, 0x28, 
0x00, 0x00, 0x00, 0x00, 0x00, 0x00, 0x00, 0x00, 0x00, 0x00, 0x00, 0x00, 0x00, 0x00, 0x00, 0x00, 
0x00, 0x00, 0x00, 0x00, 0x00, 0x00, 0x00, 0x00, 0x0A, 0x01, 0x00, 0x00, 0x00, 0x00, 0x00, 0x00, 
0x00, 0x00, 0x00, 0x00, 0x00, 0x00, 0x00, 0x00, 0x00, 0x00, 0x02, 0x49, 0x7A, 0x93, 0x7A, 0x48, 
0x02, 0x00, 0x00, 0x00, 0x00, 0x00, 0x00, 0x00, 0x56, 0xC8, 0x85, 0x49, 0x30, 0x4A, 0x87, 0xC8, 
0x53, 0x00, 0x00, 0x00, 0x00, 0x00, 0x88, 0x99, 0x08, 0x00, 0x00, 0x00, 0x00, 0x00, 0x0A, 0x9D, 
0x84, 0x00, 0x00, 0x00, 0x58, 0x94, 0x00, 0x00, 0x00, 0x00, 0x00, 0x00, 0x00, 0x00, 0x00, 0x9A, 
0x54, 0x00, 0x04, 0xC6, 0x07, 0x00, 0x00, 0x00, 0x00, 0x00, 0x00, 0x00, 0x00, 0x00, 0x08, 0xC6, 
0x03, 0x50, 0x78, 0x00, 0x00, 0x00, 0x00, 0x00, 0x00, 0x00, 0x00, 0x00, 0x00, 0x00, 0x7D, 0x4F, 
0x85, 0x37, 0x00, 0x00, 0x00, 0x00, 0x00, 0x00, 0x00, 0x00, 0x00, 0x00, 0x00, 0x3C, 0x84, 0x9F, 
0x1B, 0x00, 0x00, 0x00, 0x00, 0x00, 0x00, 0x00, 0x00, 0x00, 0x00, 0x00, 0x1F, 0xA0, 0x89, 0x29, 
0x00, 0x00, 0x00, 0x00, 0x00, 0x00, 0x00, 0x00, 0x00, 0x00, 0x00, 0x2E, 0x91, 0x5A, 0x62, 0x00, 
0x00, 0x00, 0x00, 0x00, 0x00, 0x00, 0x00, 0x00, 0x00, 0x00, 0x67, 0x5E, 0x08, 0xB7, 0x00, 0x00, 
0x00, 0x00, 0x00, 0x00, 0x00, 0x00, 0x00, 0x00, 0x01, 0xBF, 0x11, 0x00, 0x6D, 0x70, 0x00, 0x00, 
0x00, 0x00, 0x00, 0x00, 0x00, 0x00, 0x00, 0x74, 0x74, 0x00, 0x00, 0x00, 0xA1, 0x6B, 0x00, 0x00, 
0x00, 0x00, 0x00, 0x00, 0x00, 0x6F, 0xA1, 0x01, 0x00, 0x00, 0x00, 0x01, 0x74, 0xB5, 0x53, 0x17, 
0x05, 0x19, 0x55, 0xB9, 0x7C, 0x01, 0x00, 0x00, 0x00, 0x00, 0x00, 0x00, 0x10, 0x6B, 0x9E, 0xF1, 
0x9F, 0x6C, 0x17, 0x00, 0x00, 0x00, 0x00, 0x00, 0x00, 0x00, 0x00, 0x00, 0x00, 0x00, 0xD0, 0x00, 
0x00, 0x00, 0x00, 0x00, 0x00, 0x00, 0x00, 0x00, 0x00, 0x00, 0x00, 0x00, 0x00, 0xD0, 0x00, 0x00, 
0x00, 0x00, 0x00, 0x00, 0x00, 0x00, 0x00, 0x00, 0x00, 0x00, 0x00, 0x00, 0xD0, 0x00, 0x00, 0x00, 
0x00, 0x00, 0x00, 0x00, 0x00, 0x00, 0x00, 0x00, 0x00, 0x00, 0x00, 0xD0, 0x00, 0x00, 0x00, 0x00, 
0x00, 0x00, 0x00, 0x00, 0x00, 0x00, 0x00, 0x00, 0x00, 0x00, 0xD0, 0x00, 0x00, 0x00, 0x00, 0x00, 
0x00, 0x00, 0x2D, 0xD0, 0xD0, 0xD0, 0xD0, 0xD0, 0xD0, 0xF7, 0xD0, 0xD0, 0xD0, 0xD0, 0xD0, 0xD0, 
0x20, 0x00, 0x00, 0x00, 0x00, 0x00, 0x00, 0x00, 0xD0, 0x00, 0x00, 0x00, 0x00, 0x00, 0x00, 0x00, 
0x00, 0x00, 0x00, 0x00, 0x00, 0x00, 0x00, 0xD0, 0x00, 0x00, 0x00, 0x00, 0x00, 0x00, 0x00, 0x00, 
0x00, 0x00, 0x00, 0x00, 0x00, 0x00, 0xD0, 0x00, 0x00, 0x00, 0x00, 0x00, 0x00, 0x00, 0x00, 0x00, 
0x00, 0x00, 0x00, 0x00, 0x00, 0xD0, 0x00, 0x00, 0x00, 0x00, 0x00, 0x00, 0x00, 0x00, 0x00, 0x00, 
0x00, 0x00, 0x00, 0x00, 0xD0, 0x00, 0x00, 0x00, 0x00, 0x00, 0x00, 0x00, 0x00, 0x00, 0x00, 0x00, 
0x00, 0x00, 0x00, 0xD0, 0x00, 0x00, 0x00, 0x00, 0x00, 0x00, 0x00, 0x00, 0x00, 0x00, 0x00, 0x00, 
0x00, 0x00, 0x00, 0x00, 0x00, 0x00, 0x00, 0x00, 0x00, 0x00, 0x0D, 0x00, 0x00, 0x00, 0x00, 0x00, 
0x00, 0x00, 0x00, 0x00, 0x00, 0x00, 0x00, 0x00, 0x00, 0x00, 0x00, 0x1F, 0x98, 0xF9, 0x3A, 0x00, 
0x00, 0x00, 0x00, 0x00, 0x00, 0x00, 0x00, 0x00, 0x00, 0x00, 0x00, 0x00, 0x21, 0x9B, 0xC4, 0x93, 
0xE3, 0x79, 0x00, 0x00, 0x00, 0x00, 0x00, 0x00, 0x00, 0x00, 0x00, 0x00, 0x00, 0x23, 0x9D, 0xC1, 
0x48, 0x00, 0xBD, 0x41, 0xB7, 0x00, 0x00, 0x00, 0x00, 0x00, 0x00, 0x00, 0x00, 0x00, 0x25, 0xA0, 
0xBE, 0x45, 0x00, 0x00, 0x37, 0xA9, 0x00, 0xD2, 0x03, 0x00, 0x00, 0x00, 0x00, 0x00, 0x00, 0x00, 
0x00, 0x63, 0x42, 0x00, 0x00, 0x00, 0x00, 0xAF, 0x33, 0x00, 0xA1, 0x34, 0x00, 0x00, 0x00, 0x00, 
0x00, 0x00, 0x00, 0x00, 0x00, 0x00, 0x00, 0x00, 0x00, 0x28, 0xB9, 0x00, 0x00, 0x62, 0x72, 0x00, 
0x00, 0x00, 0x00, 0x00, 0x00, 0x00, 0x00, 0x00, 0x00, 0x00, 0x00, 0x00, 0x9E, 0x43, 0x00, 0x00, 
0x24, 0xB1, 0x00, 0x00, 0x00, 0x00, 0x00, 0x00, 0x00, 0x00, 0x00, 0x00, 0x00, 0x00, 0x1B, 0xC6, 
0x00, 0x00, 0x00, 0x00, 0xD2, 0x01, 0x00, 0x00, 0x00, 0x00, 0x00, 0x00, 0x00, 0x00, 0x00, 0x00, 
0x00, 0x8D, 0x55, 0x00, 0x00, 0x00, 0x00, 0xA7, 0x2D, 0x00, 0x00, 0x00, 0x00, 0x00, 0x00, 0x00, 
0x00, 0x00, 0x00, 0x11, 0xCF, 0x02, 0x00, 0x00, 0x00, 0x00, 0x28, 0x12, 0x00, 0x00, 0x00, 0x00, 
0x00, 0x00, 0x00, 0x00, 0x00, 0x00, 0x7C, 0x67, 0x00, 0x00, 0x00, 0x00, 0x00, 0x00, 0x00, 0x00, 
0x00, 0x00, 0x00, 0x0E, 0x5F, 0x9D, 0xB4, 0xA9, 0x79, 0xD3, 0x07, 0x00, 0x00, 0x00, 0x00, 0x00, 
0x00, 0x00, 0x00, 0x00, 0x00, 0x5D, 0xC5, 0x70, 0x27, 0x09, 0x1B, 0x4F, 0xB1, 0x89, 0x07, 0x00, 
0x00, 0x00, 0x00, 0x00, 0x00, 0x00, 0x00, 0x7B, 0x95, 0x07, 0x00, 0x00, 0x00, 0x00, 0x00, 0x00, 
0x52, 0xB4, 0x06, 0x00, 0x00, 0x00, 0x00, 0x00, 0x00, 0x4D, 0xA3, 0x00, 0x00, 0x00, 0x00, 0x00, 
0x00, 0x00, 0x00, 0x00, 0x4D, 0x98, 0x00, 0x00, 0x00, 0x00, 0x00, 0x01, 0xCA, 0x0D, 0x00, 0x00, 
0x00, 0x00, 0x00, 0x00, 0x00, 0x00, 0x00, 0x00, 0xA5, 0x2F, 0x00, 0x00, 0x00, 0x00, 0x35, 0x95, 
0x00, 0x00, 0x00, 0x00, 0x00, 0x00, 0x00, 0x00, 0x00, 0x00, 0x00, 0x3E, 0x8C, 0x00, 0x00, 0x00, 
0x00, 0x67, 0x5E, 0x00, 0x00, 0x00, 0x00, 0x00, 0x00, 0x00, 0x00, 0x00, 0x00, 0x00, 0x08, 0xBE, 
0x00, 0x00, 0x00, 0x00, 0x74, 0x46, 0x00, 0x00, 0x00, 0x00, 0x00, 0x00, 0x00, 0x00, 0x00, 0x00, 
0x00, 0x00, 0xBB, 0x00, 0x00, 0x00, 0x00, 0x58, 0x5B, 0x00, 0x00, 0x00, 0x00, 0x00, 0x00, 0x00, 
0x00, 0x00, 0x00, 0x00, 0x06, 0xAD, 0x00, 0x00, 0x00, 0x00, 0x24, 0x99, 0x00, 0x00, 0x00, 0x00, 
0x00, 0x00, 0x00, 0x00, 0x00, 0x00, 0x00, 0x44, 0x7A, 0x00, 0x00, 0x00, 0x00, 0x00, 0xB2, 0x17, 
0x00, 0x00, 0x00, 0x00, 0x00, 0x00, 0x00, 0x00, 0x00, 0x00, 0xB2, 0x1A, 0x00, 0x00, 0x00, 0x00, 
0x00, 0x30, 0xB0, 0x03, 0x00, 0x00, 0x00, 0x00, 0x00, 0x00, 0x00, 0x00, 0x68, 0x81, 0x00, 0x00, 
0x00, 0x00, 0x00, 0x00, 0x00, 0x5C, 0xAE, 0x12, 0x00, 0x00, 0x00, 0x00, 0x00, 0x02, 0x73, 0xAA, 
0x03, 0x00, 0x00, 0x00, 0x00, 0x00, 0x00, 0x00, 0x00, 0x35, 0xBB, 0x8A, 0x47, 0x2E, 0x3B, 0x6F, 
0xBC, 0x71, 0x00, 0x00, 0x00, 0x00, 0x00, 0x00, 0x00, 0x00, 0x00, 0x00, 0x00, 0x00, 0x33, 0x6D, 
0x8A, 0x79, 0x4F, 0x06, 0x00, 0x00, 0x00, 0x00, 0x00, 0x00, 0x00, 0x00, 0x00, 0x00, 0x00, 0x00, 
0x00, 0x00, 0x36, 0x00, 0x00, 0x00, 0x00, 0x00, 0x00, 0x00, 0x00, 0x00, 0x00, 0x00, 0x00, 0x00, 
0xBF, 0x1D, 0x00, 0x00, 0x00, 0x00, 0x00, 0x00, 0x00, 0x00, 0x00, 0x00, 0x00, 0x3B, 0xFF, 0x97, 
0x00, 0x00, 0x00, 0x00, 0x00, 0x00, 0x00, 0x00, 0x00, 0x00, 0x11, 0xDB, 0xFF, 0xFD, 0x45, 0x00, 
0x00, 0x00, 0x00, 0x00, 0x00, 0x00, 0x00, 0x09, 0xBC, 0xFF, 0xFF, 0xFF, 0xF1, 0x35, 0x00, 0x00, 
0x00, 0x00, 0x00, 0x00, 0x10, 0xC3, 0xFF, 0xFF, 0xFF, 0xFF, 0xFF, 0xF0, 0x3C, 0x00, 0x00, 0x00, 
0x00, 0x17, 0xD0, 0xFF, 0xFF, 0xFF, 0xFF, 0xFF, 0xFF, 0xFF, 0xF5, 0x44, 0x00, 0x00, 0x0B, 0xD5, 
0xFF, 0xFF, 0xFF, 0xFF, 0xFF, 0xFF, 0xFF, 0xFF, 0xFF, 0xF6, 0x34, 0x00, 0x90, 0xFF, 0xFF, 0xFF, 
0xFF, 0xFF, 0xFF, 0xFF, 0xFF, 0xFF, 0xFF, 0xFF, 0xD5, 0x01, 0xE7, 0xFF, 0xFF, 0xFF, 0xFF, 0xFF, 
0xFF, 0xFF, 0xFF, 0xFF, 0xFF, 0xFF, 0xFF, 0x31, 0xF1, 0xFF, 0xFF, 0xFF, 0xFF, 0xFF, 0xEE, 0xFF, 
0xFF, 0xFF, 0xFF, 0xFF, 0xFF, 0x3B, 0xAA, 0xFF, 0xFF, 0xFF, 0xFF, 0xF0, 0x76, 0x9E, 0xFF, 0xFF, 
0xFF, 0xFF, 0xEA, 0x0B, 0x16, 0xC2, 0xFF, 0xFF, 0xDA, 0x35, 0x90, 0x0C, 0x9F, 0xFE, 0xFF, 0xE8, 
0x41, 0x00, 0x00, 0x01, 0x23, 0x29, 0x03, 0x01, 0xDC, 0x41, 0x00, 0x19, 0x2E, 0x07, 0x00, 0x00, 
0x00, 0x00, 0x00, 0x00, 0x00, 0x62, 0xFF, 0xC1, 0x02, 0x00, 0x00, 0x00, 0x00, 0x00, 0x00, 0x00, 
0x00, 0x01, 0x62, 0xF8, 0xFF, 0xFF, 0xB0, 0x1A, 0x00, 0x00, 0x00, 0x00, 0x00, 0x5D, 0x9B, 0xDC, 
0xFF, 0xFF, 0xFF, 0xFF, 0xFF, 0xFB, 0xBD, 0x93, 0x04, 0x00, 0x00, 0x00, 0x00, 0x00, 0x00, 0x00, 
0x06, 0x74, 0xC1, 0xCB, 0x94, 0x1C, 0x00, 0x00, 0x00, 0x00, 0x00, 0x00, 0x00, 0x00, 0x00, 0x00, 
0x00, 0x03, 0xB9, 0xFF, 0xFF, 0xFF, 0xFF, 0xEA, 0x24, 0x00, 0x00, 0x00, 0x00, 0x00, 0x00, 0x00, 
0x00, 0x00, 0x00, 0x59, 0xFF, 0xFF, 0xFF, 0xFF, 0xFF, 0xFF, 0xB0, 0x00, 0x00, 0x00, 0x00, 0x00, 
0x00, 0x00, 0x00, 0x00, 0x00, 0x96, 0xFF, 0xFF, 0xFF, 0xFF, 0xFF, 0xFF, 0xEE, 0x00, 0x00, 0x00, 
0x00, 0x00, 0x00, 0x00, 0x00, 0x00, 0x00, 0x86, 0xFF, 0xFF, 0xFF, 0xFF, 0xFF, 0xFF, 0xD6, 0x00, 
0x00, 0x00, 0x00, 0x00, 0x00, 0x00, 0x03, 0x3D, 0x3F, 0x3A, 0xFE, 0xFF, 0xFF, 0xFF, 0xFF, 0xFF, 
0x7F, 0x39, 0x4E, 0x15, 0x00, 0x00, 0x00, 0x19, 0xCF, 0xFF, 0xFF, 0xEC, 0xF2, 0xFF, 0xFF, 0xFF, 
0xFF, 0xFF, 0xE2, 0xFF, 0xFF, 0xF5, 0x57, 0x00, 0x00, 0xBD, 0xFF, 0xFF, 0xFF, 0xFF, 0xFF, 0xFF, 
0xFF, 0xFF, 0xFF, 0xFF, 0xFF, 0xFF, 0xFF, 0xFF, 0xF9, 0x26, 0x21, 0xFF, 0xFF, 0xFF, 0xFF, 0xFF, 
0xFF, 0xFF, 0xFF, 0xFF, 0xFF, 0xFF, 0xFF, 0xFF, 0xFF, 0xFF, 0xFF, 0x7E, 0x3A, 0xFF, 0xFF, 0xFF, 
0xFF, 0xFF, 0xFF, 0xFF, 0xFF, 0xFF, 0xFF, 0xFF, 0xFF, 0xFF, 0xFF, 0xFF, 0xFF, 0x95, 0x19, 0xFE, 
0xFF, 0xFF, 0xFF, 0xFF, 0xFF, 0xFF, 0xB8, 0xB7, 0xFF, 0xFF, 0xFF, 0xFF, 0xFF, 0xFF, 0xFF, 0x71, 
0x00, 0xA3, 0xFF, 0xFF, 0xFF, 0xFF, 0xFF, 0xE5, 0x31, 0x79, 0xA4, 0xFF, 0xFF, 0xFF, 0xFF, 0xFF, 
0xE9, 0x12, 0x00, 0x0A, 0xA5, 0xFF, 0xFF, 0xFF, 0xB8, 0x1F, 0x4A, 0xAF, 0x02, 0x7B, 0xF1, 0xFF, 
0xFF, 0xD7, 0x2F, 0x00, 0x00, 0x00, 0x00, 0x1C, 0x3C, 0x1B, 0x00, 0x00, 0xB1, 0xF5, 0x17, 0x00, 
0x08, 0x34, 0x2D, 0x01, 0x00, 0x00, 0x00, 0x00, 0x00, 0x00, 0x00, 0x00, 0x00, 0x57, 0xFF, 0xFF, 
0xB3, 0x05, 0x00, 0x00, 0x00, 0x00, 0x00, 0x00, 0x00, 0x00, 0x00, 0x00, 0x00, 0x08, 0x70, 0xFB, 
0xFF, 0xFF, 0xFF, 0xBD, 0x24, 0x00, 0x00, 0x00, 0x00, 0x00, 0x00, 0x00, 0x00, 0x45, 0xB1, 0xF2, 
0xFF, 0xFF, 0xFF, 0xFF, 0xFF, 0xFF, 0xFE, 0xCC, 0x89, 0x00, 0x00, 0x00, 0x00, 0x30, 0xA6, 0xC9, 
0xAA, 0x39, 0x00, 0x00, 0x00, 0x3F, 0xAC, 0xCC, 0xA0, 0x26, 0x00, 0x3B, 0xF7, 0xFF, 0xFF, 0xFF, 
0xFC, 0x50, 0x00, 0x62, 0xFF, 0xFF, 0xFF, 0xFF, 0xF2, 0x2D, 0xC5, 0xFF, 0xFF, 0xFF, 0xFF, 0xFF, 
0xEE, 0x22, 0xF8, 0xFF, 0xFF, 0xFF, 0xFF, 0xFF, 0xB3, 0xF9, 0xFF, 0xFF, 0xFF, 0xFF, 0xFF, 0xFF, 
0xD7, 0xFF, 0xFF, 0xFF, 0xFF, 0xFF, 0xFF, 0xE0, 0xEB, 0xFF, 0xFF, 0xFF, 0xFF, 0xFF, 0xFF, 0xFF, 
0xFF, 0xFF, 0xFF, 0xFF, 0xFF, 0xFF, 0xCB, 0xA7, 0xFF, 0xFF, 0xFF, 0xFF, 0xFF, 0xFF, 0xFF, 0xFF, 
0xFF, 0xFF, 0xFF, 0xFF, 0xFF, 0x89, 0x30, 0xFD, 0xFF, 0xFF, 0xFF, 0xFF, 0xFF, 0xFF, 0xFF, 0xFF, 
0xFF, 0xFF, 0xFF, 0xFC, 0x25, 0x00, 0x8C, 0xFF, 0xFF, 0xFF, 0xFF, 0xFF, 0xFF, 0xFF, 0xFF, 0xFF, 
0xFF, 0xFF, 0x8D, 0x00, 0x00, 0x06, 0xCC, 0xFF, 0xFF, 0xFF, 0xFF, 0xFF, 0xFF, 0xFF, 0xFF, 0xFF, 
0xD4, 0x08, 0x00, 0x00, 0x00, 0x22, 0xF0, 0xFF, 0xFF, 0xFF, 0xFF, 0xFF, 0xFF, 0xFF, 0xF3, 0x29, 
0x00, 0x00, 0x00, 0x00, 0x00, 0x54, 0xFF, 0xFF, 0xFF, 0xFF, 0xFF, 0xFF, 0xFF, 0x57, 0x00, 0x00, 
0x00, 0x00, 0x00, 0x00, 0x00, 0x98, 0xFF, 0xFF, 0xFF, 0xFF, 0xFF, 0x94, 0x00, 0x00, 0x00, 0x00, 
0x00, 0x00, 0x00, 0x00, 0x0A, 0xD9, 0xFF, 0xFF, 0xFF, 0xD4, 0x07, 0x00, 0x00, 0x00, 0x00, 0x00, 
0x00, 0x00, 0x00, 0x00, 0x3C, 0xFE, 0xFF, 0xFD, 0x35, 0x00, 0x00, 0x00, 0x00, 0x00, 0x00, 0x00, 
0x00, 0x00, 0x00, 0x00, 0xA6, 0xFF, 0xA1, 0x00, 0x00, 0x00, 0x00, 0x00, 0x00, 0x00, 0x00, 0x00, 
0x00, 0x00, 0x00, 0x2B, 0xFD, 0x27, 0x00, 0x00, 0x00, 0x00, 0x00, 0x00, 0x00, 0x00, 0x00, 0x00, 
0x00, 0x00, 0x00, 0x8E, 0x00, 0x00, 0x00, 0x00, 0x00, 0x00, 0x00, 0x00, 0x00, 0x00, 0x00, 0x00, 
0x00, 0x00, 0x09, 0x00, 0x00, 0x00, 0x00, 0x00, 0x00, 0x00, 0x00, 0x00, 0x00, 0x00, 0x00, 0x0D, 
0x5F, 0x00, 0x00, 0x00, 0x00, 0x00, 0x00, 0x00, 0x00, 0x00, 0x00, 0x00, 0x90, 0xF5, 0x22, 0x00, 
0x00, 0x00, 0x00, 0x00, 0x00, 0x00, 0x00, 0x00, 0x38, 0xFC, 0xFF, 0xBD, 0x01, 0x00, 0x00, 0x00, 
0x00, 0x00, 0x00, 0x00, 0x0C, 0xDC, 0xFF, 0xFF, 0xFF, 0x75, 0x00, 0x00, 0x00, 0x00, 0x00, 0x00, 
0x00, 0xA0, 0xFF, 0xFF, 0xFF, 0xFF, 0xF9, 0x32, 0x00, 0x00, 0x00, 0x00, 0x00, 0x62, 0xFF, 0xFF, 
0xFF, 0xFF, 0xFF, 0xFF, 0xDC, 0x0F, 0x00, 0x00, 0x00, 0x32, 0xF7, 0xFF, 0xFF, 0xFF, 0xFF, 0xFF, 
0xFF, 0xFF, 0xB1, 0x01, 0x00, 0x15, 0xE0, 0xFF, 0xFF, 0xFF, 0xFF, 0xFF, 0xFF, 0xFF, 0xFF, 0xFF, 
0x80, 0x00, 0xBE, 0xFF, 0xFF, 0xFF, 0xFF, 0xFF, 0xFF, 0xFF, 0xFF, 0xFF, 0xFF, 0xFE, 0x49, 0x63, 
0xFF, 0xFF, 0xFF, 0xFF, 0xFF, 0xFF, 0xFF, 0xFF, 0xFF, 0xFF, 0xD4, 0x0E, 0x00, 0x95, 0xFF, 0xFF, 
0xFF, 0xFF, 0xFF, 0xFF, 0xFF, 0xFF, 0xEF, 0x23, 0x00, 0x00, 0x05, 0xC6, 0xFF, 0xFF, 0xFF, 0xFF, 
0xFF, 0xFF, 0xFE, 0x4C, 0x00, 0x00, 0x00, 0x00, 0x1C, 0xEB, 0xFF, 0xFF, 0xFF, 0xFF, 0xFF, 0x88, 
0x00, 0x00, 0x00, 0x00, 0x00, 0x00, 0x4A, 0xFF, 0xFF, 0xFF, 0xFF, 0xC9, 0x04, 0x00, 0x00, 0x00, 
0x00, 0x00, 0x00, 0x00, 0x93, 0xFF, 0xFF, 0xF3, 0x24, 0x00, 0x00, 0x00, 0x00, 0x00, 0x00, 0x00, 
0x00, 0x09, 0xD8, 0xFF, 0x68, 0x00, 0x00, 0x00, 0x00, 0x00, 0x00, 0x00, 0x00, 0x00, 0x00, 0x3C, 
0xC5, 0x01, 0x00, 0x00, 0x00, 0x00, 0x00, 0x00, 0x00, 0x00, 0x00, 0x00, 0x00, 0x10, 0x00, 0x00, 
0x00, 0x00, 0x00, 0x00, 0x00, 0x00, 0x00, 0x00, 0x00, 0x00, 0x3A, 0xA2, 0x9C, 0x8C, 0x56, 0x07, 
0x00, 0x00, 0x00, 0x00, 0x00, 0x00, 0x00, 0x00, 0x5C, 0xFF, 0xFF, 0xFF, 0xFF, 0xD7, 0x23, 0x00, 
0x00, 0x00, 0x00, 0x00, 0x00, 0x00, 0x5C, 0xFF, 0xFF, 0xFF, 0xFF, 0xFF, 0xCA, 0x00, 0x00, 0x00, 
0x00, 0x00, 0x00, 0x00, 0x5C, 0xFF, 0x81, 0x9D, 0xE4, 0xFF, 0xFF, 0x32, 0x00, 0x00, 0x00, 0x00, 
0x00, 0x00, 0x5C, 0xFF, 0x00, 0x00, 0x06, 0x9F, 0xFF, 0x68, 0x00, 0x00, 0x00, 0x00, 0x00, 0x00, 
0x5C, 0xFF, 0x00, 0x00, 0x00, 0x0E, 0xF9, 0x7B, 0x00, 0x00, 0x00, 0x00, 0x00, 0x00, 0x5C, 0xFF, 
0x00, 0x00, 0x00, 0x00, 0xDF, 0x80, 0x00, 0x00, 0x00, 0x00, 0x00, 0x00, 0x5C, 0xFF, 0x00, 0x00, 
0x00, 0x00, 0x11, 0x0A, 0x00, 0x00, 0x00, 0x00, 0x00, 0x00, 0x5C, 0xFF, 0x00, 0x00, 0x00, 0x00, 
0x00, 0x00, 0x00, 0x00, 0x00, 0x00, 0x00, 0x00, 0x5C, 0xFF, 0x00, 0x00, 0x00, 0x00, 0x00, 0x00, 
0x00, 0x00, 0x00, 0x00, 0x00, 0x00, 0x5C, 0xFF, 0x00, 0x00, 0x00, 0x00, 0x00, 0x00, 0x00, 0x00, 
0x00, 0x00, 0x00, 0x00, 0x5C, 0xFF, 0x00, 0x00, 0x00, 0x00, 0x00, 0x00, 0x00, 0x00, 0x00, 0x00, 
0x00, 0x00, 0x5C, 0xFF, 0x00, 0x00, 0x00, 0x00, 0x00, 0x00, 0x00, 0x0C, 0x87, 0xD0, 0xE4, 0xB8, 
0xA2, 0xFF, 0x00, 0x00, 0x00, 0x00, 0x00, 0x00, 0x06, 0xCF, 0xFF, 0xFF, 0xFF, 0xFF, 0xFF, 0xFF, 
0x00, 0x00, 0x00, 0x00, 0x00, 0x00, 0x58, 0xFF, 0xFF, 0xFF, 0xFF, 0xFF, 0xFF, 0xF3, 0x00, 0x00, 
0x00, 0x00, 0x00, 0x00, 0x77, 0xFF, 0xFF, 0xFF, 0xFF, 0xFF, 0xFF, 0xD5, 0x00, 0x00, 0x00, 0x00, 
0x00, 0x00, 0x4B, 0xFF, 0xFF, 0xFF, 0xFF, 0xFF, 0xFF, 0x7E, 0x00, 0x00, 0x00, 0x00, 0x00, 0x00, 
0x01, 0xAF, 0xFF, 0xFF, 0xFF, 0xFF, 0xA1, 0x05, 0x00, 0x00, 0x00, 0x00, 0x00, 0x00, 0x00, 0x00, 
0x45, 0x74, 0x69, 0x28, 0x00, 0x00, 0x00, 0x00, 0x00, 0x00, 0x00, 0x00, 0x00, 0x00, 0x00, 0x00, 
0x00, 0x00, 0x00, 0x00, 0x00, 0x00, 0x00, 0x00, 0x00, 0x00, 0x02, 0x3D, 0x8D, 0x23, 0x00, 0x00, 
0x00, 0x00, 0x00, 0x00, 0x00, 0x00, 0x00, 0x00, 0x00, 0x09, 0x4E, 0x9D, 0xEA, 0xFF, 0xFF, 0x30, 
0x00, 0x00, 0x00, 0x00, 0x00, 0x00, 0x00, 0x00, 0x13, 0x5F, 0xAE, 0xF5, 0xFF, 0xFF, 0xFF, 0xFF, 
0xFF, 0x30, 0x00, 0x00, 0x00, 0x00, 0x00, 0x00, 0x57, 0xBF, 0xFC, 0xFF, 0xFF, 0xFF, 0xFF, 0xFF, 
0xFF, 0xFF, 0xFF, 0x30, 0x00, 0x00, 0x00, 0x00, 0x00, 0x00, 0xB4, 0xFF, 0xFF, 0xFF, 0xFF, 0xFF, 
0xFF, 0xE8, 0x9B, 0x76, 0xFF, 0x30, 0x00, 0x00, 0x00, 0x00, 0x00, 0x00, 0xB4, 0xFF, 0xFF, 0xFF, 
0xD7, 0x88, 0x39, 0x01, 0x00, 0x34, 0xFF, 0x30, 0x00, 0x00, 0x00, 0x00, 0x00, 0x00, 0xB4, 0xE2, 
0x75, 0x26, 0x00, 0x00, 0x00, 0x00, 0x00, 0x34, 0xFF, 0x30, 0x00, 0x00, 0x00, 0x00, 0x00, 0x00, 
0xB4, 0xA8, 0x00, 0x00, 0x00, 0x00, 0x00, 0x00, 0x00, 0x34, 0xFF, 0x30, 0x00, 0x00, 0x00, 0x00, 
0x00, 0x00, 0xB4, 0xA8, 0x00, 0x00, 0x00, 0x00, 0x00, 0x00, 0x00, 0x34, 0xFF, 0x30, 0x00, 0x00, 
0x00, 0x00, 0x00, 0x00, 0xB4, 0xA8, 0x00, 0x00, 0x00, 0x00, 0x00, 0x00, 0x00, 0x34, 0xFF, 0x30, 
0x00, 0x00, 0x00, 0x00, 0x00, 0x00, 0xB4, 0xA8, 0x00, 0x00, 0x00, 0x00, 0x00, 0x00, 0x00, 0x34, 
0xFF, 0x30, 0x00, 0x00, 0x00, 0x00, 0x00, 0x00, 0xB4, 0xA8, 0x00, 0x00, 0x00, 0x00, 0x00, 0x00, 
0x00, 0x34, 0xFF, 0x30, 0x00, 0x00, 0x00, 0x00, 0x00, 0x00, 0xB4, 0xA8, 0x00, 0x00, 0x00, 0x00, 
0x00, 0x00, 0x00, 0x34, 0xFF, 0x30, 0x00, 0x00, 0x00, 0x00, 0x00, 0x00, 0xB4, 0xA8, 0x00, 0x00, 
0x00, 0x10, 0x57, 0x77, 0x59, 0x42, 0xFF, 0x30, 0x00, 0x00, 0x00, 0x00, 0x00, 0x00, 0xB4, 0xA8, 
0x00, 0x00, 0x43, 0xE8, 0xFF, 0xFF, 0xFF, 0xFD, 0xFF, 0x30, 0x00, 0x00, 0x00, 0x00, 0x00, 0x00, 
0xB4, 0xA8, 0x00, 0x0D, 0xED, 0xFF, 0xFF, 0xFF, 0xFF, 0xFF, 0xFF, 0x2C, 0x00, 0x07, 0x68, 0x99, 
0x97, 0x58, 0xBB, 0xA8, 0x00, 0x45, 0xFF, 0xFF, 0xFF, 0xFF, 0xFF, 0xFF, 0xFF, 0x1A, 0x18, 0xD7, 
0xFF, 0xFF, 0xFF, 0xFF, 0xFF, 0xA8, 0x00, 0x32, 0xFF, 0xFF, 0xFF, 0xFF, 0xFF, 0xFF, 0xE1, 0x00, 
0x99, 0xFF, 0xFF, 0xFF, 0xFF, 0xFF, 0xFF, 0xA0, 0x00, 0x03, 0xCA, 0xFF, 0xFF, 0xFF, 0xFF, 0xFB, 
0x54, 0x00, 0xD0, 0xFF, 0xFF, 0xFF, 0xFF, 0xFF, 0xFF, 0x8A, 0x00, 0x00, 0x15, 0x99, 0xD9, 0xDC, 
0xA9, 0x36, 0x00, 0x00, 0xB4, 0xFF, 0xFF, 0xFF, 0xFF, 0xFF, 0xFF, 0x45, 0x00, 0x00, 0x00, 0x00, 
0x00, 0x00, 0x00, 0x00, 0x00, 0x00, 0x40, 0xFD, 0xFF, 0xFF, 0xFF, 0xFF, 0x99, 0x00, 0x00, 0x00, 
0x00, 0x00, 0x00, 0x00, 0x00, 0x00, 0x00, 0x00, 0x00, 0x34, 0x9C, 0xB7, 0x9A, 0x43, 0x00, 0x00, 
0x00, 0x00, 0x00, 0x00, 0x00, 0x00, 0x00, 0x00, 0x00, 0x00, 0x00, 0x00, 0x00, 0x00, 0x00, 0x00, 
0x00, 0x00, 0x00, 0x00, 0x00, 0x00, 0x00, 0x00, 0x26, 0xD9, 0x00, 0x00, 0x00, 0x00, 0x00, 0x00, 
0x00, 0x00, 0x00, 0x00, 0x00, 0x00, 0x00, 0x00, 0x00, 0x00, 0x73, 0x8C, 0x00, 0x00, 0x00, 0x00, 
0x00, 0x00, 0x00, 0x00, 0x00, 0x00, 0x00, 0x00, 0x00, 0x00, 0x00, 0x00, 0xC0, 0x40, 0x00, 0x00, 
0x00, 0x00, 0x00, 0x00, 0x00, 0x00, 0x00, 0x26, 0xD9, 0x00, 0x00, 0x00, 0x00, 0x10, 0xEA, 0x0C, 
0x5E, 0x9E, 0x00, 0x00, 0x00, 0x00, 0x00, 0x00, 0x00, 0x73, 0x8C, 0x00, 0x00, 0x00, 0x00, 0x5E, 
0xEB, 0xEB, 0xFF, 0x81, 0x00, 0x00, 0x00, 0x00, 0x00, 0x00, 0x00, 0xC0, 0x3F, 0x00, 0x01, 0x47, 
0xB3, 0xFD, 0xFF, 0xC5, 0x5A, 0x06, 0x00, 0x00, 0x00, 0x00, 0x00, 0x00, 0x11, 0xEA, 0x14, 0x70, 
0xDA, 0xFF, 0xF9, 0xFB, 0x33, 0x00, 0x00, 0x00, 0x00, 0x00, 0x00, 0x00, 0x00, 0x00, 0x67, 0xF0, 
0xF5, 0xFF, 0xDC, 0x73, 0x50, 0xC0, 0x00, 0x00, 0x00, 0x00, 0x00, 0x00, 0x00, 0x06, 0x5A, 0xC5, 
0xFF, 0xFD, 0xB4, 0x49, 0x01, 0x00, 0x8B, 0x73, 0x00, 0x00, 0x00, 0x00, 0x00, 0x00, 0x00, 0x83, 
0xFF, 0xEF, 0xFB, 0x25, 0x00, 0x00, 0x00, 0x00, 0xD8, 0x27, 0x00, 0x00, 0x00, 0x00, 0x00, 0x00, 
0x00, 0xA1, 0x5F, 0x49, 0xBD, 0x00, 0x00, 0x00, 0x00, 0x25, 0xDA, 0x00, 0x00, 0x00, 0x00, 0x00, 
0x00, 0x00, 0x00, 0x00, 0x00, 0x8E, 0x71, 0x00, 0x00, 0x00, 0x00, 0x72, 0x8D, 0x00, 0x00, 0x00, 
0x00, 0x00, 0x00, 0x00, 0x00, 0x00, 0x00, 0xDA, 0x24, 0x00, 0x00, 0x00, 0x00, 0xBF, 0x48, 0x5E, 
0x9E, 0x00, 0x00, 0x00, 0x00, 0x00, 0x00, 0x00, 0x28, 0xD7, 0x00, 0x00, 0x00, 0x00, 0x25, 0xFB, 
0xEF, 0xFF, 0x81, 0x00, 0x00, 0x00, 0x00, 0x00, 0x00, 0x00, 0x74, 0x8A, 0x00, 0x01, 0x48, 0xB3, 
0xFD, 0xFF, 0xC6, 0x5B, 0x06, 0x00, 0x00, 0x00, 0x00, 0x00, 0x00, 0x00, 0xC1, 0x4F, 0x72, 0xDC, 
0xFF, 0xF5, 0xF0, 0x66, 0x00, 0x00, 0x00, 0x00, 0x00, 0x00, 0x00, 0x00, 0x00, 0x33, 0xFB, 0xF9, 
0xFF, 0xDA, 0x71, 0x14, 0xEA, 0x11, 0x00, 0x00, 0x00, 0x00, 0x00, 0x00, 0x06, 0x59, 0xC4, 0xFF, 
0xFD, 0xB4, 0x48, 0x01, 0x00, 0x40, 0xBF, 0x00, 0x00, 0x00, 0x00, 0x00, 0x00, 0x00, 0x83, 0xFF, 
0xEB, 0xEB, 0x5D, 0x00, 0x00, 0x00, 0x00, 0x8D, 0x72, 0x00, 0x00, 0x00, 0x00, 0x00, 0x00, 0x00, 
0xA1, 0x5F, 0x0C, 0xEA, 0x10, 0x00, 0x00, 0x00, 0x00, 0xDA, 0x26, 0x00, 0x00, 0x00, 0x00, 0x00, 
0x00, 0x00, 0x00, 0x00, 0x41, 0xBF, 0x00, 0x00, 0x00, 0x00, 0x00, 0x00, 0x00, 0x00, 0x00, 0x00, 
0x00, 0x00, 0x00, 0x00, 0x00, 0x00, 0x8D, 0x72, 0x00, 0x00, 0x00, 0x00, 0x00, 0x00, 0x00, 0x00, 
0x00, 0x00, 0x00, 0x00, 0x00, 0x00, 0x00, 0x00, 0xDA, 0x26, 0x00, 0x00, 0x00, 0x00, 0x00, 0x00, 
0x00, 0x00, 0x00, 0x00, 0x00, 0x00, 0x00, 0x00, 0x00, 0x24, 0x7A, 0x54, 0x69, 0x6D, 0x65, 0x73, 
0x20, 0x4E, 0x65, 0x77, 0x20, 0x52, 0x6F, 0x6D, 0x61, 0x6E, 0x20, 0x49, 0x74, 0x61, 0x6C, 0x69, 
0x63, 0x20, 0xD0, 0x9A, 0xD1, 0x83, 0xD1, 0x80, 0xD1, 0x81, 0xD0, 0xB8, 0xD0, 0xB2, 0x00, 0x1B, 
0x7A, 0x54, 0x69, 0x6D, 0x65, 0x73, 0x4E, 0x65, 0x77, 0x52, 0x6F, 0x6D, 0x61, 0x6E, 0x49, 0x74, 
0x61, 0x6C, 0x69, 0x63, 0x2D, 0x49, 0x74, 0x61, 0x6C, 0x69, 0x63, 0x01};