const uint8_t  zTimesNR16[] PROGMEM = {
0x00, 0x00, 0x00, 0xE9, 0x00, 0x00, 0x00, 0x0B, 0x00, 0x00, 0x00, 0x10, 0x00, 0x00, 0x00, 0x00, 
0x00, 0x00, 0x00, 0x0B, 0x00, 0x00, 0x00, 0x03, 0x00, 0x00, 0x00, 0x00, 0x00, 0x00, 0x00, 0x01, 
0x00, 0x00, 0x00, 0x01, 0x00, 0x00, 0x00, 0x00, 0x00, 0x00, 0x00, 0x20, 0xFF, 0xFF, 0xFF, 0xF0, 
0x00, 0x00, 0x00, 0x00, 0x00, 0x00, 0x00, 0x00, 0x00, 0x00, 0x00, 0x01, 0x00, 0x00, 0x00, 0x01, 
0x00, 0x00, 0x00, 0x00, 0x00, 0x00, 0x00, 0x20, 0xFF, 0xFF, 0xFF, 0xF0, 0x00, 0x00, 0x00, 0x00, 
0x00, 0x00, 0x00, 0x09, 0x00, 0x00, 0x00, 0x01, 0x00, 0x00, 0x00, 0x01, 0x00, 0x00, 0x00, 0x00, 
0x00, 0x00, 0x00, 0x20, 0xFF, 0xFF, 0xFF, 0xF0, 0x00, 0x00, 0x00, 0x00, 0x00, 0x00, 0x00, 0x0A, 
0x00, 0x00, 0x00, 0x01, 0x00, 0x00, 0x00, 0x01, 0x00, 0x00, 0x00, 0x00, 0x00, 0x00, 0x00, 0x20, 
0xFF, 0xFF, 0xFF, 0xF0, 0x00, 0x00, 0x00, 0x00, 0x00, 0x00, 0x00, 0x0D, 0x00, 0x00, 0x00, 0x01, 
0x00, 0x00, 0x00, 0x01, 0x00, 0x00, 0x00, 0x00, 0x00, 0x00, 0x00, 0x20, 0xFF, 0xFF, 0xFF, 0xF0, 
0x00, 0x00, 0x00, 0x00, 0x00, 0x00, 0x00, 0x1D, 0x00, 0x00, 0x00, 0x01, 0x00, 0x00, 0x00, 0x01, 
0x00, 0x00, 0x00, 0x00, 0x00, 0x00, 0x00, 0x20, 0xFF, 0xFF, 0xFF, 0xF0, 0x00, 0x00, 0x00, 0x00, 
0x00, 0x00, 0x00, 0x20, 0x00, 0x00, 0x00, 0x01, 0x00, 0x00, 0x00, 0x01, 0x00, 0x00, 0x00, 0x04, 
0x00, 0x00, 0x00, 0x20, 0xFF, 0xFF, 0xFF, 0xF0, 0x00, 0x00, 0x00, 0x00, 0x00, 0x00, 0x00, 0x21, 
0x00, 0x00, 0x00, 0x0B, 0x00, 0x00, 0x00, 0x01, 0x00, 0x00, 0x00, 0x05, 0x00, 0x00, 0x00, 0x0B, 
0x00, 0x00, 0x00, 0x02, 0x00, 0x00, 0x00, 0x00, 0x00, 0x00, 0x00, 0x22, 0x00, 0x00, 0x00, 0x04, 
0x00, 0x00, 0x00, 0x03, 0x00, 0x00, 0x00, 0x05, 0x00, 0x00, 0x00, 0x0B, 0x00, 0x00, 0x00, 0x01, 
0x00, 0x00, 0x00, 0x00, 0x00, 0x00, 0x00, 0x23, 0x00, 0x00, 0x00, 0x0B, 0x00, 0x00, 0x00, 0x08, 
0x00, 0x00, 0x00, 0x08, 0x00, 0x00, 0x00, 0x0B, 0x00, 0x00, 0x00, 0x00, 0x00, 0x00, 0x00, 0x00, 
0x00, 0x00, 0x00, 0x24, 0x00, 0x00, 0x00, 0x0D, 0x00, 0x00, 0x00, 0x06, 0x00, 0x00, 0x00, 0x08, 
0x00, 0x00, 0x00, 0x0C, 0x00, 0x00, 0x00, 0x01, 0x00, 0x00, 0x00, 0x00, 0x00, 0x00, 0x00, 0x25, 
0x00, 0x00, 0x00, 0x0B, 0x00, 0x00, 0x00, 0x0C, 0x00, 0x00, 0x00, 0x0D, 0x00, 0x00, 0x00, 0x0B, 
0x00, 0x00, 0x00, 0x00, 0x00, 0x00, 0x00, 0x00, 0x00, 0x00, 0x00, 0x26, 0x00, 0x00, 0x00, 0x0B, 
0x00, 0x00, 0x00, 0x0B, 0x00, 0x00, 0x00, 0x0C, 0x00, 0x00, 0x00, 0x0B, 0x00, 0x00, 0x00, 0x01, 
0x00, 0x00, 0x00, 0x00, 0x00, 0x00, 0x00, 0x27, 0x00, 0x00, 0x00, 0x04, 0x00, 0x00, 0x00, 0x01, 
0x00, 0x00, 0x00, 0x03, 0x00, 0x00, 0x00, 0x0B, 0x00, 0x00, 0x00, 0x01, 0x00, 0x00, 0x00, 0x00, 
0x00, 0x00, 0x00, 0x28, 0x00, 0x00, 0x00, 0x0E, 0x00, 0x00, 0x00, 0x04, 0x00, 0x00, 0x00, 0x05, 
0x00, 0x00, 0x00, 0x0B, 0x00, 0x00, 0x00, 0x01, 0x00, 0x00, 0x00, 0x00, 0x00, 0x00, 0x00, 0x29, 
0x00, 0x00, 0x00, 0x0E, 0x00, 0x00, 0x00, 0x04, 0x00, 0x00, 0x00, 0x05, 0x00, 0x00, 0x00, 0x0B, 
0x00, 0x00, 0x00, 0x00, 0x00, 0x00, 0x00, 0x00, 0x00, 0x00, 0x00, 0x2A, 0x00, 0x00, 0x00, 0x06, 
0x00, 0x00, 0x00, 0x07, 0x00, 0x00, 0x00, 0x08, 0x00, 0x00, 0x00, 0x0B, 0x00, 0x00, 0x00, 0x01, 
0x00, 0x00, 0x00, 0x00, 0x00, 0x00, 0x00, 0x2B, 0x00, 0x00, 0x00, 0x09, 0x00, 0x00, 0x00, 0x09, 
0x00, 0x00, 0x00, 0x09, 0x00, 0x00, 0x00, 0x0A, 0x00, 0x00, 0x00, 0x00, 0x00, 0x00, 0x00, 0x00, 
0x00, 0x00, 0x00, 0x2C, 0x00, 0x00, 0x00, 0x03, 0x00, 0x00, 0x00, 0x02, 0x00, 0x00, 0x00, 0x04, 
0x00, 0x00, 0x00, 0x01, 0x00, 0x00, 0x00, 0x01, 0x00, 0x00, 0x00, 0x00, 0x00, 0x00, 0x00, 0x2D, 
0x00, 0x00, 0x00, 0x01, 0x00, 0x00, 0x00, 0x04, 0x00, 0x00, 0x00, 0x06, 0x00, 0x00, 0x00, 0x04, 
0x00, 0x00, 0x00, 0x01, 0x00, 0x00, 0x00, 0x00, 0x00, 0x00, 0x00, 0x2E, 0x00, 0x00, 0x00, 0x01, 
0x00, 0x00, 0x00, 0x01, 0x00, 0x00, 0x00, 0x04, 0x00, 0x00, 0x00, 0x01, 0x00, 0x00, 0x00, 0x01, 
0x00, 0x00, 0x00, 0x00, 0x00, 0x00, 0x00, 0x2F, 0x00, 0x00, 0x00, 0x0B, 0x00, 0x00, 0x00, 0x04, 
0x00, 0x00, 0x00, 0x04, 0x00, 0x00, 0x00, 0x0B, 0x00, 0x00, 0x00, 0x00, 0x00, 0x00, 0x00, 0x00, 
0x00, 0x00, 0x00, 0x30, 0x00, 0x00, 0x00, 0x0B, 0x00, 0x00, 0x00, 0x06, 0x00, 0x00, 0x00, 0x08, 
0x00, 0x00, 0x00, 0x0B, 0x00, 0x00, 0x00, 0x01, 0x00, 0x00, 0x00, 0x00, 0x00, 0x00, 0x00, 0x31, 
0x00, 0x00, 0x00, 0x0B, 0x00, 0x00, 0x00, 0x04, 0x00, 0x00, 0x00, 0x08, 0x00, 0x00, 0x00, 0x0B, 
0x00, 0x00, 0x00, 0x02, 0x00, 0x00, 0x00, 0x00, 0x00, 0x00, 0x00, 0x32, 0x00, 0x00, 0x00, 0x0B, 
0x00, 0x00, 0x00, 0x06, 0x00, 0x00, 0x00, 0x08, 0x00, 0x00, 0x00, 0x0B, 0x00, 0x00, 0x00, 0x01, 
0x00, 0x00, 0x00, 0x00, 0x00, 0x00, 0x00, 0x33, 0x00, 0x00, 0x00, 0x0B, 0x00, 0x00, 0x00, 0x06, 
0x00, 0x00, 0x00, 0x08, 0x00, 0x00, 0x00, 0x0B, 0x00, 0x00, 0x00, 0x01, 0x00, 0x00, 0x00, 0x00, 
0x00, 0x00, 0x00, 0x34, 0x00, 0x00, 0x00, 0x0B, 0x00, 0x00, 0x00, 0x07, 0x00, 0x00, 0x00, 0x08, 
0x00, 0x00, 0x00, 0x0B, 0x00, 0x00, 0x00, 0x00, 0x00, 0x00, 0x00, 0x00, 0x00, 0x00, 0x00, 0x35, 
0x00, 0x00, 0x00, 0x0B, 0x00, 0x00, 0x00, 0x06, 0x00, 0x00, 0x00, 0x08, 0x00, 0x00, 0x00, 0x0B, 
0x00, 0x00, 0x00, 0x01, 0x00, 0x00, 0x00, 0x00, 0x00, 0x00, 0x00, 0x36, 0x00, 0x00, 0x00, 0x0B, 
0x00, 0x00, 0x00, 0x06, 0x00, 0x00, 0x00, 0x08, 0x00, 0x00, 0x00, 0x0B, 0x00, 0x00, 0x00, 0x01, 
0x00, 0x00, 0x00, 0x00, 0x00, 0x00, 0x00, 0x37, 0x00, 0x00, 0x00, 0x0B, 0x00, 0x00, 0x00, 0x08, 
0x00, 0x00, 0x00, 0x08, 0x00, 0x00, 0x00, 0x0B, 0x00, 0x00, 0x00, 0x00, 0x00, 0x00, 0x00, 0x00, 
0x00, 0x00, 0x00, 0x38, 0x00, 0x00, 0x00, 0x0B, 0x00, 0x00, 0x00, 0x06, 0x00, 0x00, 0x00, 0x08, 
0x00, 0x00, 0x00, 0x0B, 0x00, 0x00, 0x00, 0x01, 0x00, 0x00, 0x00, 0x00, 0x00, 0x00, 0x00, 0x39, 
0x00, 0x00, 0x00, 0x0B, 0x00, 0x00, 0x00, 0x07, 0x00, 0x00, 0x00, 0x08, 0x00, 0x00, 0x00, 0x0B, 
0x00, 0x00, 0x00, 0x01, 0x00, 0x00, 0x00, 0x00, 0x00, 0x00, 0x00, 0x3A, 0x00, 0x00, 0x00, 0x07, 
0x00, 0x00, 0x00, 0x01, 0x00, 0x00, 0x00, 0x03, 0x00, 0x00, 0x00, 0x07, 0x00, 0x00, 0x00, 0x01, 
0x00, 0x00, 0x00, 0x00, 0x00, 0x00, 0x00, 0x3C, 0x00, 0x00, 0x00, 0x07, 0x00, 0x00, 0x00, 0x07, 
0x00, 0x00, 0x00, 0x09, 0x00, 0x00, 0x00, 0x09, 0x00, 0x00, 0x00, 0x01, 0x00, 0x00, 0x00, 0x00, 
0x00, 0x00, 0x00, 0x3D, 0x00, 0x00, 0x00, 0x04, 0x00, 0x00, 0x00, 0x09, 0x00, 0x00, 0x00, 0x09, 
0x00, 0x00, 0x00, 0x07, 0x00, 0x00, 0x00, 0x00, 0x00, 0x00, 0x00, 0x00, 0x00, 0x00, 0x00, 0x3E, 
0x00, 0x00, 0x00, 0x07, 0x00, 0x00, 0x00, 0x07, 0x00, 0x00, 0x00, 0x09, 0x00, 0x00, 0x00, 0x09, 
0x00, 0x00, 0x00, 0x01, 0x00, 0x00, 0x00, 0x00, 0x00, 0x00, 0x00, 0x3F, 0x00, 0x00, 0x00, 0x0B, 
0x00, 0x00, 0x00, 0x05, 0x00, 0x00, 0x00, 0x07, 0x00, 0x00, 0x00, 0x0B, 0x00, 0x00, 0x00, 0x01, 
0x00, 0x00, 0x00, 0x00, 0x00, 0x00, 0x00, 0x40, 0x00, 0x00, 0x00, 0x0F, 0x00, 0x00, 0x00, 0x0E, 
0x00, 0x00, 0x00, 0x0F, 0x00, 0x00, 0x00, 0x0B, 0x00, 0x00, 0x00, 0x01, 0x00, 0x00, 0x00, 0x00, 
0x00, 0x00, 0x00, 0x41, 0x00, 0x00, 0x00, 0x0B, 0x00, 0x00, 0x00, 0x0B, 0x00, 0x00, 0x00, 0x0B, 
0x00, 0x00, 0x00, 0x0B, 0x00, 0x00, 0x00, 0x00, 0x00, 0x00, 0x00, 0x00, 0x00, 0x00, 0x00, 0x42, 
0x00, 0x00, 0x00, 0x0B, 0x00, 0x00, 0x00, 0x09, 0x00, 0x00, 0x00, 0x0A, 0x00, 0x00, 0x00, 0x0B, 
0x00, 0x00, 0x00, 0x00, 0x00, 0x00, 0x00, 0x00, 0x00, 0x00, 0x00, 0x43, 0x00, 0x00, 0x00, 0x0B, 
0x00, 0x00, 0x00, 0x09, 0x00, 0x00, 0x00, 0x0B, 0x00, 0x00, 0x00, 0x0B, 0x00, 0x00, 0x00, 0x01, 
0x00, 0x00, 0x00, 0x00, 0x00, 0x00, 0x00, 0x44, 0x00, 0x00, 0x00, 0x0B, 0x00, 0x00, 0x00, 0x0A, 
0x00, 0x00, 0x00, 0x0B, 0x00, 0x00, 0x00, 0x0B, 0x00, 0x00, 0x00, 0x00, 0x00, 0x00, 0x00, 0x00, 
0x00, 0x00, 0x00, 0x45, 0x00, 0x00, 0x00, 0x0B, 0x00, 0x00, 0x00, 0x09, 0x00, 0x00, 0x00, 0x09, 
0x00, 0x00, 0x00, 0x0B, 0x00, 0x00, 0x00, 0x00, 0x00, 0x00, 0x00, 0x00, 0x00, 0x00, 0x00, 0x46, 
0x00, 0x00, 0x00, 0x0B, 0x00, 0x00, 0x00, 0x08, 0x00, 0x00, 0x00, 0x09, 0x00, 0x00, 0x00, 0x0B, 
0x00, 0x00, 0x00, 0x00, 0x00, 0x00, 0x00, 0x00, 0x00, 0x00, 0x00, 0x47, 0x00, 0x00, 0x00, 0x0B, 
0x00, 0x00, 0x00, 0x0B, 0x00, 0x00, 0x00, 0x0B, 0x00, 0x00, 0x00, 0x0B, 0x00, 0x00, 0x00, 0x01, 
0x00, 0x00, 0x00, 0x00, 0x00, 0x00, 0x00, 0x48, 0x00, 0x00, 0x00, 0x0B, 0x00, 0x00, 0x00, 0x0B, 
0x00, 0x00, 0x00, 0x0B, 0x00, 0x00, 0x00, 0x0B, 0x00, 0x00, 0x00, 0x00, 0x00, 0x00, 0x00, 0x00, 
0x00, 0x00, 0x00, 0x49, 0x00, 0x00, 0x00, 0x0B, 0x00, 0x00, 0x00, 0x05, 0x00, 0x00, 0x00, 0x05, 
0x00, 0x00, 0x00, 0x0B, 0x00, 0x00, 0x00, 0x00, 0x00, 0x00, 0x00, 0x00, 0x00, 0x00, 0x00, 0x4A, 
0x00, 0x00, 0x00, 0x0B, 0x00, 0x00, 0x00, 0x06, 0x00, 0x00, 0x00, 0x06, 0x00, 0x00, 0x00, 0x0B, 
0x00, 0x00, 0x00, 0x00, 0x00, 0x00, 0x00, 0x00, 0x00, 0x00, 0x00, 0x4B, 0x00, 0x00, 0x00, 0x0B, 
0x00, 0x00, 0x00, 0x0B, 0x00, 0x00, 0x00, 0x0C, 0x00, 0x00, 0x00, 0x0B, 0x00, 0x00, 0x00, 0x00, 
0x00, 0x00, 0x00, 0x00, 0x00, 0x00, 0x00, 0x4C, 0x00, 0x00, 0x00, 0x0B, 0x00, 0x00, 0x00, 0x09, 
0x00, 0x00, 0x00, 0x09, 0x00, 0x00, 0x00, 0x0B, 0x00, 0x00, 0x00, 0x00, 0x00, 0x00, 0x00, 0x00, 
0x00, 0x00, 0x00, 0x4D, 0x00, 0x00, 0x00, 0x0B, 0x00, 0x00, 0x00, 0x0E, 0x00, 0x00, 0x00, 0x0E, 
0x00, 0x00, 0x00, 0x0B, 0x00, 0x00, 0x00, 0x00, 0x00, 0x00, 0x00, 0x00, 0x00, 0x00, 0x00, 0x4E, 
0x00, 0x00, 0x00, 0x0C, 0x00, 0x00, 0x00, 0x0D, 0x00, 0x00, 0x00, 0x0C, 0x00, 0x00, 0x00, 0x0B, 
0xFF, 0xFF, 0xFF, 0xFF, 0x00, 0x00, 0x00, 0x00, 0x00, 0x00, 0x00, 0x4F, 0x00, 0x00, 0x00, 0x0B, 
0x00, 0x00, 0x00, 0x0A, 0x00, 0x00, 0x00, 0x0C, 0x00, 0x00, 0x00, 0x0B, 0x00, 0x00, 0x00, 0x01, 
0x00, 0x00, 0x00, 0x00, 0x00, 0x00, 0x00, 0x50, 0x00, 0x00, 0x00, 0x0B, 0x00, 0x00, 0x00, 0x08, 
0x00, 0x00, 0x00, 0x09, 0x00, 0x00, 0x00, 0x0B, 0x00, 0x00, 0x00, 0x00, 0x00, 0x00, 0x00, 0x00, 
0x00, 0x00, 0x00, 0x51, 0x00, 0x00, 0x00, 0x0E, 0x00, 0x00, 0x00, 0x0A, 0x00, 0x00, 0x00, 0x0C, 
0x00, 0x00, 0x00, 0x0B, 0x00, 0x00, 0x00, 0x01, 0x00, 0x00, 0x00, 0x00, 0x00, 0x00, 0x00, 0x52, 
0x00, 0x00, 0x00, 0x0B, 0x00, 0x00, 0x00, 0x0B, 0x00, 0x00, 0x00, 0x0A, 0x00, 0x00, 0x00, 0x0B, 
0x00, 0x00, 0x00, 0x00, 0x00, 0x00, 0x00, 0x00, 0x00, 0x00, 0x00, 0x53, 0x00, 0x00, 0x00, 0x0B, 
0x00, 0x00, 0x00, 0x07, 0x00, 0x00, 0x00, 0x09, 0x00, 0x00, 0x00, 0x0B, 0x00, 0x00, 0x00, 0x01, 
0x00, 0x00, 0x00, 0x00, 0x00, 0x00, 0x00, 0x54, 0x00, 0x00, 0x00, 0x0B, 0x00, 0x00, 0x00, 0x09, 
0x00, 0x00, 0x00, 0x09, 0x00, 0x00, 0x00, 0x0B, 0x00, 0x00, 0x00, 0x00, 0x00, 0x00, 0x00, 0x00, 
0x00, 0x00, 0x00, 0x55, 0x00, 0x00, 0x00, 0x0B, 0x00, 0x00, 0x00, 0x0B, 0x00, 0x00, 0x00, 0x0B, 
0x00, 0x00, 0x00, 0x0B, 0x00, 0x00, 0x00, 0x00, 0x00, 0x00, 0x00, 0x00, 0x00, 0x00, 0x00, 0x56, 
0x00, 0x00, 0x00, 0x0B, 0x00, 0x00, 0x00, 0x0B, 0x00, 0x00, 0x00, 0x0B, 0x00, 0x00, 0x00, 0x0B, 
0x00, 0x00, 0x00, 0x00, 0x00, 0x00, 0x00, 0x00, 0x00, 0x00, 0x00, 0x57, 0x00, 0x00, 0x00, 0x0B, 
0x00, 0x00, 0x00, 0x0F, 0x00, 0x00, 0x00, 0x0F, 0x00, 0x00, 0x00, 0x0B, 0x00, 0x00, 0x00, 0x00, 
0x00, 0x00, 0x00, 0x00, 0x00, 0x00, 0x00, 0x58, 0x00, 0x00, 0x00, 0x0B, 0x00, 0x00, 0x00, 0x0B, 
0x00, 0x00, 0x00, 0x0B, 0x00, 0x00, 0x00, 0x0B, 0x00, 0x00, 0x00, 0x00, 0x00, 0x00, 0x00, 0x00, 
0x00, 0x00, 0x00, 0x59, 0x00, 0x00, 0x00, 0x0B, 0x00, 0x00, 0x00, 0x0C, 0x00, 0x00, 0x00, 0x0B, 
0x00, 0x00, 0x00, 0x0B, 0x00, 0x00, 0x00, 0x00, 0x00, 0x00, 0x00, 0x00, 0x00, 0x00, 0x00, 0x5A, 
0x00, 0x00, 0x00, 0x0B, 0x00, 0x00, 0x00, 0x09, 0x00, 0x00, 0x00, 0x09, 0x00, 0x00, 0x00, 0x0B, 
0x00, 0x00, 0x00, 0x00, 0x00, 0x00, 0x00, 0x00, 0x00, 0x00, 0x00, 0x5B, 0x00, 0x00, 0x00, 0x0E, 
0x00, 0x00, 0x00, 0x03, 0x00, 0x00, 0x00, 0x05, 0x00, 0x00, 0x00, 0x0B, 0x00, 0x00, 0x00, 0x01, 
0x00, 0x00, 0x00, 0x00, 0x00, 0x00, 0x00, 0x5C, 0x00, 0x00, 0x00, 0x0B, 0x00, 0x00, 0x00, 0x04, 
0x00, 0x00, 0x00, 0x04, 0x00, 0x00, 0x00, 0x0B, 0x00, 0x00, 0x00, 0x00, 0x00, 0x00, 0x00, 0x00, 
0x00, 0x00, 0x00, 0x5D, 0x00, 0x00, 0x00, 0x0E, 0x00, 0x00, 0x00, 0x03, 0x00, 0x00, 0x00, 0x05, 
0x00, 0x00, 0x00, 0x0B, 0x00, 0x00, 0x00, 0x01, 0x00, 0x00, 0x00, 0x00, 0x00, 0x00, 0x00, 0x5E, 
0x00, 0x00, 0x00, 0x06, 0x00, 0x00, 0x00, 0x08, 0x00, 0x00, 0x00, 0x08, 0x00, 0x00, 0x00, 0x0B, 
0x00, 0x00, 0x00, 0x00, 0x00, 0x00, 0x00, 0x00, 0x00, 0x00, 0x00, 0x5F, 0x00, 0x00, 0x00, 0x01, 
0x00, 0x00, 0x00, 0x08, 0x00, 0x00, 0x00, 0x08, 0xFF, 0xFF, 0xFF, 0xFE, 0x00, 0x00, 0x00, 0x00, 
0x00, 0x00, 0x00, 0x00, 0x00, 0x00, 0x00, 0x60, 0x00, 0x00, 0x00, 0x03, 0x00, 0x00, 0x00, 0x02, 
0x00, 0x00, 0x00, 0x05, 0x00, 0x00, 0x00, 0x0B, 0x00, 0x00, 0x00, 0x01, 0x00, 0x00, 0x00, 0x00, 
0x00, 0x00, 0x00, 0x61, 0x00, 0x00, 0x00, 0x07, 0x00, 0x00, 0x00, 0x06, 0x00, 0x00, 0x00, 0x07, 
0x00, 0x00, 0x00, 0x07, 0x00, 0x00, 0x00, 0x01, 0x00, 0x00, 0x00, 0x00, 0x00, 0x00, 0x00, 0x62, 
0x00, 0x00, 0x00, 0x0B, 0x00, 0x00, 0x00, 0x07, 0x00, 0x00, 0x00, 0x08, 0x00, 0x00, 0x00, 0x0B, 
0x00, 0x00, 0x00, 0x00, 0x00, 0x00, 0x00, 0x00, 0x00, 0x00, 0x00, 0x63, 0x00, 0x00, 0x00, 0x07, 
0x00, 0x00, 0x00, 0x05, 0x00, 0x00, 0x00, 0x07, 0x00, 0x00, 0x00, 0x07, 0x00, 0x00, 0x00, 0x01, 
0x00, 0x00, 0x00, 0x00, 0x00, 0x00, 0x00, 0x64, 0x00, 0x00, 0x00, 0x0B, 0x00, 0x00, 0x00, 0x07, 
0x00, 0x00, 0x00, 0x08, 0x00, 0x00, 0x00, 0x0B, 0x00, 0x00, 0x00, 0x01, 0x00, 0x00, 0x00, 0x00, 
0x00, 0x00, 0x00, 0x65, 0x00, 0x00, 0x00, 0x07, 0x00, 0x00, 0x00, 0x05, 0x00, 0x00, 0x00, 0x07, 
0x00, 0x00, 0x00, 0x07, 0x00, 0x00, 0x00, 0x01, 0x00, 0x00, 0x00, 0x00, 0x00, 0x00, 0x00, 0x66, 
0x00, 0x00, 0x00, 0x0B, 0x00, 0x00, 0x00, 0x06, 0x00, 0x00, 0x00, 0x04, 0x00, 0x00, 0x00, 0x0B, 
0x00, 0x00, 0x00, 0x00, 0x00, 0x00, 0x00, 0x00, 0x00, 0x00, 0x00, 0x67, 0x00, 0x00, 0x00, 0x0A, 
0x00, 0x00, 0x00, 0x07, 0x00, 0x00, 0x00, 0x07, 0x00, 0x00, 0x00, 0x07, 0x00, 0x00, 0x00, 0x00, 
0x00, 0x00, 0x00, 0x00, 0x00, 0x00, 0x00, 0x68, 0x00, 0x00, 0x00, 0x0B, 0x00, 0x00, 0x00, 0x07, 
0x00, 0x00, 0x00, 0x07, 0x00, 0x00, 0x00, 0x0B, 0x00, 0x00, 0x00, 0x00, 0x00, 0x00, 0x00, 0x00, 
0x00, 0x00, 0x00, 0x69, 0x00, 0x00, 0x00, 0x0B, 0x00, 0x00, 0x00, 0x03, 0x00, 0x00, 0x00, 0x03, 
0x00, 0x00, 0x00, 0x0B, 0x00, 0x00, 0x00, 0x00, 0x00, 0x00, 0x00, 0x00, 0x00, 0x00, 0x00, 0x6A, 
0x00, 0x00, 0x00, 0x0E, 0x00, 0x00, 0x00, 0x04, 0x00, 0x00, 0x00, 0x04, 0x00, 0x00, 0x00, 0x0B, 
0xFF, 0xFF, 0xFF, 0xFF, 0x00, 0x00, 0x00, 0x00, 0x00, 0x00, 0x00, 0x6B, 0x00, 0x00, 0x00, 0x0B, 
0x00, 0x00, 0x00, 0x08, 0x00, 0x00, 0x00, 0x08, 0x00, 0x00, 0x00, 0x0B, 0x00, 0x00, 0x00, 0x00, 
0x00, 0x00, 0x00, 0x00, 0x00, 0x00, 0x00, 0x6C, 0x00, 0x00, 0x00, 0x0B, 0x00, 0x00, 0x00, 0x03, 
0x00, 0x00, 0x00, 0x03, 0x00, 0x00, 0x00, 0x0B, 0x00, 0x00, 0x00, 0x00, 0x00, 0x00, 0x00, 0x00, 
0x00, 0x00, 0x00, 0x6D, 0x00, 0x00, 0x00, 0x07, 0x00, 0x00, 0x00, 0x0B, 0x00, 0x00, 0x00, 0x0B, 
0x00, 0x00, 0x00, 0x07, 0x00, 0x00, 0x00, 0x00, 0x00, 0x00, 0x00, 0x00, 0x00, 0x00, 0x00, 0x6E, 
0x00, 0x00, 0x00, 0x07, 0x00, 0x00, 0x00, 0x07, 0x00, 0x00, 0x00, 0x07, 0x00, 0x00, 0x00, 0x07, 
0x00, 0x00, 0x00, 0x00, 0x00, 0x00, 0x00, 0x00, 0x00, 0x00, 0x00, 0x6F, 0x00, 0x00, 0x00, 0x07, 
0x00, 0x00, 0x00, 0x06, 0x00, 0x00, 0x00, 0x08, 0x00, 0x00, 0x00, 0x07, 0x00, 0x00, 0x00, 0x01, 
0x00, 0x00, 0x00, 0x00, 0x00, 0x00, 0x00, 0x70, 0x00, 0x00, 0x00, 0x0A, 0x00, 0x00, 0x00, 0x07, 
0x00, 0x00, 0x00, 0x08, 0x00, 0x00, 0x00, 0x07, 0x00, 0x00, 0x00, 0x00, 0x00, 0x00, 0x00, 0x00, 
0x00, 0x00, 0x00, 0x71, 0x00, 0x00, 0x00, 0x0A, 0x00, 0x00, 0x00, 0x07, 0x00, 0x00, 0x00, 0x08, 
0x00, 0x00, 0x00, 0x07, 0x00, 0x00, 0x00, 0x01, 0x00, 0x00, 0x00, 0x00, 0x00, 0x00, 0x00, 0x72, 
0x00, 0x00, 0x00, 0x07, 0x00, 0x00, 0x00, 0x05, 0x00, 0x00, 0x00, 0x05, 0x00, 0x00, 0x00, 0x07, 
0x00, 0x00, 0x00, 0x00, 0x00, 0x00, 0x00, 0x00, 0x00, 0x00, 0x00, 0x73, 0x00, 0x00, 0x00, 0x08, 
0x00, 0x00, 0x00, 0x04, 0x00, 0x00, 0x00, 0x06, 0x00, 0x00, 0x00, 0x08, 0x00, 0x00, 0x00, 0x01, 
0x00, 0x00, 0x00, 0x00, 0x00, 0x00, 0x00, 0x74, 0x00, 0x00, 0x00, 0x09, 0x00, 0x00, 0x00, 0x04, 
0x00, 0x00, 0x00, 0x04, 0x00, 0x00, 0x00, 0x09, 0x00, 0x00, 0x00, 0x00, 0x00, 0x00, 0x00, 0x00, 
0x00, 0x00, 0x00, 0x75, 0x00, 0x00, 0x00, 0x07, 0x00, 0x00, 0x00, 0x07, 0x00, 0x00, 0x00, 0x07, 
0x00, 0x00, 0x00, 0x07, 0x00, 0x00, 0x00, 0x00, 0x00, 0x00, 0x00, 0x00, 0x00, 0x00, 0x00, 0x76, 
0x00, 0x00, 0x00, 0x07, 0x00, 0x00, 0x00, 0x09, 0x00, 0x00, 0x00, 0x07, 0x00, 0x00, 0x00, 0x07, 
0xFF, 0xFF, 0xFF, 0xFF, 0x00, 0x00, 0x00, 0x00, 0x00, 0x00, 0x00, 0x77, 0x00, 0x00, 0x00, 0x07, 
0x00, 0x00, 0x00, 0x0D, 0x00, 0x00, 0x00, 0x0B, 0x00, 0x00, 0x00, 0x07, 0xFF, 0xFF, 0xFF, 0xFF, 
0x00, 0x00, 0x00, 0x00, 0x00, 0x00, 0x00, 0x78, 0x00, 0x00, 0x00, 0x07, 0x00, 0x00, 0x00, 0x07, 
0x00, 0x00, 0x00, 0x07, 0x00, 0x00, 0x00, 0x07, 0x00, 0x00, 0x00, 0x00, 0x00, 0x00, 0x00, 0x00, 
0x00, 0x00, 0x00, 0x79, 0x00, 0x00, 0x00, 0x0A, 0x00, 0x00, 0x00, 0x09, 0x00, 0x00, 0x00, 0x07, 
0x00, 0x00, 0x00, 0x07, 0xFF, 0xFF, 0xFF, 0xFF, 0x00, 0x00, 0x00, 0x00, 0x00, 0x00, 0x00, 0x7A, 
0x00, 0x00, 0x00, 0x07, 0x00, 0x00, 0x00, 0x06, 0x00, 0x00, 0x00, 0x06, 0x00, 0x00, 0x00, 0x07, 
0x00, 0x00, 0x00, 0x00, 0x00, 0x00, 0x00, 0x00, 0x00, 0x00, 0x00, 0x7B, 0x00, 0x00, 0x00, 0x0E, 
0x00, 0x00, 0x00, 0x04, 0x00, 0x00, 0x00, 0x07, 0x00, 0x00, 0x00, 0x0B, 0x00, 0x00, 0x00, 0x02, 
0x00, 0x00, 0x00, 0x00, 0x00, 0x00, 0x00, 0x7C, 0x00, 0x00, 0x00, 0x0F, 0x00, 0x00, 0x00, 0x01, 
0x00, 0x00, 0x00, 0x03, 0x00, 0x00, 0x00, 0x0B, 0x00, 0x00, 0x00, 0x01, 0x00, 0x00, 0x00, 0x00, 
0x00, 0x00, 0x00, 0x7D, 0x00, 0x00, 0x00, 0x0E, 0x00, 0x00, 0x00, 0x04, 0x00, 0x00, 0x00, 0x08, 
0x00, 0x00, 0x00, 0x0B, 0x00, 0x00, 0x00, 0x01, 0x00, 0x00, 0x00, 0x00, 0x00, 0x00, 0x00, 0x7E, 
0x00, 0x00, 0x00, 0x02, 0x00, 0x00, 0x00, 0x09, 0x00, 0x00, 0x00, 0x09, 0x00, 0x00, 0x00, 0x05, 
0x00, 0x00, 0x00, 0x00, 0x00, 0x00, 0x00, 0x00, 0x00, 0x00, 0x00, 0xA0, 0x00, 0x00, 0x00, 0x01, 
0x00, 0x00, 0x00, 0x01, 0x00, 0x00, 0x00, 0x04, 0x00, 0x00, 0x00, 0x20, 0xFF, 0xFF, 0xFF, 0xF0, 
0x00, 0x00, 0x00, 0x00, 0x00, 0x00, 0x00, 0xA6, 0x00, 0x00, 0x00, 0x0F, 0x00, 0x00, 0x00, 0x01, 
0x00, 0x00, 0x00, 0x03, 0x00, 0x00, 0x00, 0x0B, 0x00, 0x00, 0x00, 0x01, 0x00, 0x00, 0x00, 0x00, 
0x00, 0x00, 0x00, 0xA7, 0x00, 0x00, 0x00, 0x0E, 0x00, 0x00, 0x00, 0x06, 0x00, 0x00, 0x00, 0x08, 
0x00, 0x00, 0x00, 0x0B, 0x00, 0x00, 0x00, 0x01, 0x00, 0x00, 0x00, 0x00, 0x00, 0x00, 0x00, 0xA9, 
0x00, 0x00, 0x00, 0x0B, 0x00, 0x00, 0x00, 0x0B, 0x00, 0x00, 0x00, 0x0C, 0x00, 0x00, 0x00, 0x0B, 
0x00, 0x00, 0x00, 0x01, 0x00, 0x00, 0x00, 0x00, 0x00, 0x00, 0x00, 0xAB, 0x00, 0x00, 0x00, 0x07, 
0x00, 0x00, 0x00, 0x06, 0x00, 0x00, 0x00, 0x07, 0x00, 0x00, 0x00, 0x07, 0x00, 0x00, 0x00, 0x00, 
0x00, 0x00, 0x00, 0x00, 0x00, 0x00, 0x00, 0xAD, 0x00, 0x00, 0x00, 0x01, 0x00, 0x00, 0x00, 0x04, 
0x00, 0x00, 0x00, 0x06, 0x00, 0x00, 0x00, 0x04, 0x00, 0x00, 0x00, 0x01, 0x00, 0x00, 0x00, 0x00, 
0x00, 0x00, 0x00, 0xAE, 0x00, 0x00, 0x00, 0x0B, 0x00, 0x00, 0x00, 0x0B, 0x00, 0x00, 0x00, 0x0C, 
0x00, 0x00, 0x00, 0x0B, 0x00, 0x00, 0x00, 0x01, 0x00, 0x00, 0x00, 0x00, 0x00, 0x00, 0x00, 0xB0, 
0x00, 0x00, 0x00, 0x05, 0x00, 0x00, 0x00, 0x05, 0x00, 0x00, 0x00, 0x06, 0x00, 0x00, 0x00, 0x0B, 
0x00, 0x00, 0x00, 0x01, 0x00, 0x00, 0x00, 0x00, 0x00, 0x00, 0x00, 0xB1, 0x00, 0x00, 0x00, 0x09, 
0x00, 0x00, 0x00, 0x09, 0x00, 0x00, 0x00, 0x09, 0x00, 0x00, 0x00, 0x0A, 0x00, 0x00, 0x00, 0x00, 
0x00, 0x00, 0x00, 0x00, 0x00, 0x00, 0x00, 0xB4, 0x00, 0x00, 0x00, 0x03, 0x00, 0x00, 0x00, 0x02, 
0x00, 0x00, 0x00, 0x05, 0x00, 0x00, 0x00, 0x0B, 0x00, 0x00, 0x00, 0x02, 0x00, 0x00, 0x00, 0x00, 
0x00, 0x00, 0x00, 0xBB, 0x00, 0x00, 0x00, 0x07, 0x00, 0x00, 0x00, 0x06, 0x00, 0x00, 0x00, 0x07, 
0x00, 0x00, 0x00, 0x07, 0x00, 0x00, 0x00, 0x00, 0x00, 0x00, 0x00, 0x00, 0x00, 0x00, 0x00, 0xD7, 
0x00, 0x00, 0x00, 0x06, 0x00, 0x00, 0x00, 0x06, 0x00, 0x00, 0x00, 0x09, 0x00, 0x00, 0x00, 0x08, 
0x00, 0x00, 0x00, 0x01, 0x00, 0x00, 0x00, 0x00, 0x00, 0x00, 0x00, 0xF7, 0x00, 0x00, 0x00, 0x05, 
0x00, 0x00, 0x00, 0x09, 0x00, 0x00, 0x00, 0x09, 0x00, 0x00, 0x00, 0x08, 0x00, 0x00, 0x00, 0x00, 
0x00, 0x00, 0x00, 0x00, 0x00, 0x00, 0x04, 0x01, 0x00, 0x00, 0x00, 0x0E, 0x00, 0x00, 0x00, 0x0A, 
0x00, 0x00, 0x00, 0x0A, 0x00, 0x00, 0x00, 0x0E, 0x00, 0x00, 0x00, 0x00, 0x00, 0x00, 0x00, 0x00, 
0x00, 0x00, 0x04, 0x10, 0x00, 0x00, 0x00, 0x0B, 0x00, 0x00, 0x00, 0x0B, 0x00, 0x00, 0x00, 0x0B, 
0x00, 0x00, 0x00, 0x0B, 0x00, 0x00, 0x00, 0x00, 0x00, 0x00, 0x00, 0x00, 0x00, 0x00, 0x04, 0x11, 
0x00, 0x00, 0x00, 0x0B, 0x00, 0x00, 0x00, 0x09, 0x00, 0x00, 0x00, 0x09, 0x00, 0x00, 0x00, 0x0B, 
0x00, 0x00, 0x00, 0x00, 0x00, 0x00, 0x00, 0x00, 0x00, 0x00, 0x04, 0x12, 0x00, 0x00, 0x00, 0x0B, 
0x00, 0x00, 0x00, 0x09, 0x00, 0x00, 0x00, 0x0A, 0x00, 0x00, 0x00, 0x0B, 0x00, 0x00, 0x00, 0x00, 
0x00, 0x00, 0x00, 0x00, 0x00, 0x00, 0x04, 0x13, 0x00, 0x00, 0x00, 0x0B, 0x00, 0x00, 0x00, 0x09, 
0x00, 0x00, 0x00, 0x09, 0x00, 0x00, 0x00, 0x0B, 0x00, 0x00, 0x00, 0x00, 0x00, 0x00, 0x00, 0x00, 
0x00, 0x00, 0x04, 0x14, 0x00, 0x00, 0x00, 0x0E, 0x00, 0x00, 0x00, 0x0A, 0x00, 0x00, 0x00, 0x0B, 
0x00, 0x00, 0x00, 0x0B, 0x00, 0x00, 0x00, 0x01, 0x00, 0x00, 0x00, 0x00, 0x00, 0x00, 0x04, 0x15, 
0x00, 0x00, 0x00, 0x0B, 0x00, 0x00, 0x00, 0x09, 0x00, 0x00, 0x00, 0x09, 0x00, 0x00, 0x00, 0x0B, 
0x00, 0x00, 0x00, 0x00, 0x00, 0x00, 0x00, 0x00, 0x00, 0x00, 0x04, 0x16, 0x00, 0x00, 0x00, 0x0B, 
0x00, 0x00, 0x00, 0x0F, 0x00, 0x00, 0x00, 0x0E, 0x00, 0x00, 0x00, 0x0B, 0x00, 0x00, 0x00, 0x00, 
0x00, 0x00, 0x00, 0x00, 0x00, 0x00, 0x04, 0x17, 0x00, 0x00, 0x00, 0x0B, 0x00, 0x00, 0x00, 0x07, 
0x00, 0x00, 0x00, 0x08, 0x00, 0x00, 0x00, 0x0B, 0x00, 0x00, 0x00, 0x00, 0x00, 0x00, 0x00, 0x00, 
0x00, 0x00, 0x04, 0x18, 0x00, 0x00, 0x00, 0x0B, 0x00, 0x00, 0x00, 0x0B, 0x00, 0x00, 0x00, 0x0B, 
0x00, 0x00, 0x00, 0x0B, 0x00, 0x00, 0x00, 0x00, 0x00, 0x00, 0x00, 0x00, 0x00, 0x00, 0x04, 0x19, 
0x00, 0x00, 0x00, 0x0F, 0x00, 0x00, 0x00, 0x0B, 0x00, 0x00, 0x00, 0x0B, 0x00, 0x00, 0x00, 0x0F, 
0x00, 0x00, 0x00, 0x00, 0x00, 0x00, 0x00, 0x00, 0x00, 0x00, 0x04, 0x1A, 0x00, 0x00, 0x00, 0x0B, 
0x00, 0x00, 0x00, 0x0B, 0x00, 0x00, 0x00, 0x0B, 0x00, 0x00, 0x00, 0x0B, 0x00, 0x00, 0x00, 0x00, 
0x00, 0x00, 0x00, 0x00, 0x00, 0x00, 0x04, 0x1B, 0x00, 0x00, 0x00, 0x0B, 0x00, 0x00, 0x00, 0x0A, 
0x00, 0x00, 0x00, 0x0B, 0x00, 0x00, 0x00, 0x0B, 0x00, 0x00, 0x00, 0x01, 0x00, 0x00, 0x00, 0x00, 
0x00, 0x00, 0x04, 0x1C, 0x00, 0x00, 0x00, 0x0B, 0x00, 0x00, 0x00, 0x0E, 0x00, 0x00, 0x00, 0x0E, 
0x00, 0x00, 0x00, 0x0B, 0x00, 0x00, 0x00, 0x00, 0x00, 0x00, 0x00, 0x00, 0x00, 0x00, 0x04, 0x1D, 
0x00, 0x00, 0x00, 0x0B, 0x00, 0x00, 0x00, 0x0B, 0x00, 0x00, 0x00, 0x0B, 0x00, 0x00, 0x00, 0x0B, 
0x00, 0x00, 0x00, 0x00, 0x00, 0x00, 0x00, 0x00, 0x00, 0x00, 0x04, 0x1E, 0x00, 0x00, 0x00, 0x0B, 
0x00, 0x00, 0x00, 0x0A, 0x00, 0x00, 0x00, 0x0C, 0x00, 0x00, 0x00, 0x0B, 0x00, 0x00, 0x00, 0x01, 
0x00, 0x00, 0x00, 0x00, 0x00, 0x00, 0x04, 0x1F, 0x00, 0x00, 0x00, 0x0B, 0x00, 0x00, 0x00, 0x0C, 
0x00, 0x00, 0x00, 0x0C, 0x00, 0x00, 0x00, 0x0B, 0x00, 0x00, 0x00, 0x00, 0x00, 0x00, 0x00, 0x00, 
0x00, 0x00, 0x04, 0x20, 0x00, 0x00, 0x00, 0x0B, 0x00, 0x00, 0x00, 0x08, 0x00, 0x00, 0x00, 0x09, 
0x00, 0x00, 0x00, 0x0B, 0x00, 0x00, 0x00, 0x00, 0x00, 0x00, 0x00, 0x00, 0x00, 0x00, 0x04, 0x21, 
0x00, 0x00, 0x00, 0x0B, 0x00, 0x00, 0x00, 0x09, 0x00, 0x00, 0x00, 0x0B, 0x00, 0x00, 0x00, 0x0B, 
0x00, 0x00, 0x00, 0x01, 0x00, 0x00, 0x00, 0x00, 0x00, 0x00, 0x04, 0x22, 0x00, 0x00, 0x00, 0x0B, 
0x00, 0x00, 0x00, 0x09, 0x00, 0x00, 0x00, 0x09, 0x00, 0x00, 0x00, 0x0B, 0x00, 0x00, 0x00, 0x00, 
0x00, 0x00, 0x00, 0x00, 0x00, 0x00, 0x04, 0x23, 0x00, 0x00, 0x00, 0x0B, 0x00, 0x00, 0x00, 0x0B, 
0x00, 0x00, 0x00, 0x0B, 0x00, 0x00, 0x00, 0x0B, 0x00, 0x00, 0x00, 0x00, 0x00, 0x00, 0x00, 0x00, 
0x00, 0x00, 0x04, 0x24, 0x00, 0x00, 0x00, 0x0B, 0x00, 0x00, 0x00, 0x0B, 0x00, 0x00, 0x00, 0x0D, 
0x00, 0x00, 0x00, 0x0B, 0x00, 0x00, 0x00, 0x01, 0x00, 0x00, 0x00, 0x00, 0x00, 0x00, 0x04, 0x25, 
0x00, 0x00, 0x00, 0x0B, 0x00, 0x00, 0x00, 0x0B, 0x00, 0x00, 0x00, 0x0B, 0x00, 0x00, 0x00, 0x0B, 
0x00, 0x00, 0x00, 0x00, 0x00, 0x00, 0x00, 0x00, 0x00, 0x00, 0x04, 0x26, 0x00, 0x00, 0x00, 0x0E, 
0x00, 0x00, 0x00, 0x0B, 0x00, 0x00, 0x00, 0x0B, 0x00, 0x00, 0x00, 0x0B, 0x00, 0x00, 0x00, 0x00, 
0x00, 0x00, 0x00, 0x00, 0x00, 0x00, 0x04, 0x27, 0x00, 0x00, 0x00, 0x0B, 0x00, 0x00, 0x00, 0x0A, 
0x00, 0x00, 0x00, 0x0A, 0x00, 0x00, 0x00, 0x0B, 0x00, 0x00, 0x00, 0x00, 0x00, 0x00, 0x00, 0x00, 
0x00, 0x00, 0x04, 0x28, 0x00, 0x00, 0x00, 0x0B, 0x00, 0x00, 0x00, 0x0F, 0x00, 0x00, 0x00, 0x0F, 
0x00, 0x00, 0x00, 0x0B, 0x00, 0x00, 0x00, 0x00, 0x00, 0x00, 0x00, 0x00, 0x00, 0x00, 0x04, 0x29, 
0x00, 0x00, 0x00, 0x0E, 0x00, 0x00, 0x00, 0x0F, 0x00, 0x00, 0x00, 0x0F, 0x00, 0x00, 0x00, 0x0B, 
0x00, 0x00, 0x00, 0x00, 0x00, 0x00, 0x00, 0x00, 0x00, 0x00, 0x04, 0x2A, 0x00, 0x00, 0x00, 0x0B, 
0x00, 0x00, 0x00, 0x0A, 0x00, 0x00, 0x00, 0x0B, 0x00, 0x00, 0x00, 0x0B, 0x00, 0x00, 0x00, 0x01, 
0x00, 0x00, 0x00, 0x00, 0x00, 0x00, 0x04, 0x2B, 0x00, 0x00, 0x00, 0x0B, 0x00, 0x00, 0x00, 0x0E, 
0x00, 0x00, 0x00, 0x0E, 0x00, 0x00, 0x00, 0x0B, 0x00, 0x00, 0x00, 0x00, 0x00, 0x00, 0x00, 0x00, 
0x00, 0x00, 0x04, 0x2C, 0x00, 0x00, 0x00, 0x0B, 0x00, 0x00, 0x00, 0x09, 0x00, 0x00, 0x00, 0x09, 
0x00, 0x00, 0x00, 0x0B, 0x00, 0x00, 0x00, 0x00, 0x00, 0x00, 0x00, 0x00, 0x00, 0x00, 0x04, 0x2D, 
0x00, 0x00, 0x00, 0x0C, 0x00, 0x00, 0x00, 0x0A, 0x00, 0x00, 0x00, 0x0B, 0x00, 0x00, 0x00, 0x0B, 
0x00, 0x00, 0x00, 0x00, 0x00, 0x00, 0x00, 0x00, 0x00, 0x00, 0x04, 0x2E, 0x00, 0x00, 0x00, 0x0B, 
0x00, 0x00, 0x00, 0x0F, 0x00, 0x00, 0x00, 0x10, 0x00, 0x00, 0x00, 0x0B, 0x00, 0x00, 0x00, 0x00, 
0x00, 0x00, 0x00, 0x00, 0x00, 0x00, 0x04, 0x2F, 0x00, 0x00, 0x00, 0x0B, 0x00, 0x00, 0x00, 0x0C, 
0x00, 0x00, 0x00, 0x0B, 0x00, 0x00, 0x00, 0x0B, 0xFF, 0xFF, 0xFF, 0xFF, 0x00, 0x00, 0x00, 0x00, 
0x00, 0x00, 0x04, 0x30, 0x00, 0x00, 0x00, 0x07, 0x00, 0x00, 0x00, 0x06, 0x00, 0x00, 0x00, 0x07, 
0x00, 0x00, 0x00, 0x07, 0x00, 0x00, 0x00, 0x01, 0x00, 0x00, 0x00, 0x00, 0x00, 0x00, 0x04, 0x31, 
0x00, 0x00, 0x00, 0x0B, 0x00, 0x00, 0x00, 0x06, 0x00, 0x00, 0x00, 0x08, 0x00, 0x00, 0x00, 0x0B, 
0x00, 0x00, 0x00, 0x01, 0x00, 0x00, 0x00, 0x00, 0x00, 0x00, 0x04, 0x32, 0x00, 0x00, 0x00, 0x07, 
0x00, 0x00, 0x00, 0x07, 0x00, 0x00, 0x00, 0x08, 0x00, 0x00, 0x00, 0x07, 0x00, 0x00, 0x00, 0x00, 
0x00, 0x00, 0x00, 0x00, 0x00, 0x00, 0x04, 0x33, 0x00, 0x00, 0x00, 0x07, 0x00, 0x00, 0x00, 0x06, 
0x00, 0x00, 0x00, 0x06, 0x00, 0x00, 0x00, 0x07, 0x00, 0x00, 0x00, 0x00, 0x00, 0x00, 0x00, 0x00, 
0x00, 0x00, 0x04, 0x34, 0x00, 0x00, 0x00, 0x09, 0x00, 0x00, 0x00, 0x07, 0x00, 0x00, 0x00, 0x08, 
0x00, 0x00, 0x00, 0x07, 0x00, 0x00, 0x00, 0x00, 0x00, 0x00, 0x00, 0x00, 0x00, 0x00, 0x04, 0x35, 
0x00, 0x00, 0x00, 0x07, 0x00, 0x00, 0x00, 0x05, 0x00, 0x00, 0x00, 0x07, 0x00, 0x00, 0x00, 0x07, 
0x00, 0x00, 0x00, 0x01, 0x00, 0x00, 0x00, 0x00, 0x00, 0x00, 0x04, 0x36, 0x00, 0x00, 0x00, 0x07, 
0x00, 0x00, 0x00, 0x09, 0x00, 0x00, 0x00, 0x0B, 0x00, 0x00, 0x00, 0x07, 0x00, 0x00, 0x00, 0x01, 
0x00, 0x00, 0x00, 0x00, 0x00, 0x00, 0x04, 0x37, 0x00, 0x00, 0x00, 0x07, 0x00, 0x00, 0x00, 0x05, 
0x00, 0x00, 0x00, 0x06, 0x00, 0x00, 0x00, 0x07, 0x00, 0x00, 0x00, 0x00, 0x00, 0x00, 0x00, 0x00, 
0x00, 0x00, 0x04, 0x38, 0x00, 0x00, 0x00, 0x07, 0x00, 0x00, 0x00, 0x07, 0x00, 0x00, 0x00, 0x09, 
0x00, 0x00, 0x00, 0x07, 0x00, 0x00, 0x00, 0x01, 0x00, 0x00, 0x00, 0x00, 0x00, 0x00, 0x04, 0x39, 
0x00, 0x00, 0x00, 0x0A, 0x00, 0x00, 0x00, 0x07, 0x00, 0x00, 0x00, 0x09, 0x00, 0x00, 0x00, 0x0A, 
0x00, 0x00, 0x00, 0x01, 0x00, 0x00, 0x00, 0x00, 0x00, 0x00, 0x04, 0x3A, 0x00, 0x00, 0x00, 0x07, 
0x00, 0x00, 0x00, 0x07, 0x00, 0x00, 0x00, 0x07, 0x00, 0x00, 0x00, 0x07, 0x00, 0x00, 0x00, 0x00, 
0x00, 0x00, 0x00, 0x00, 0x00, 0x00, 0x04, 0x3B, 0x00, 0x00, 0x00, 0x07, 0x00, 0x00, 0x00, 0x07, 
0x00, 0x00, 0x00, 0x08, 0x00, 0x00, 0x00, 0x07, 0x00, 0x00, 0x00, 0x00, 0x00, 0x00, 0x00, 0x00, 
0x00, 0x00, 0x04, 0x3C, 0x00, 0x00, 0x00, 0x07, 0x00, 0x00, 0x00, 0x09, 0x00, 0x00, 0x00, 0x0A, 
0x00, 0x00, 0x00, 0x07, 0x00, 0x00, 0x00, 0x01, 0x00, 0x00, 0x00, 0x00, 0x00, 0x00, 0x04, 0x3D, 
0x00, 0x00, 0x00, 0x07, 0x00, 0x00, 0x00, 0x07, 0x00, 0x00, 0x00, 0x09, 0x00, 0x00, 0x00, 0x07, 
0x00, 0x00, 0x00, 0x01, 0x00, 0x00, 0x00, 0x00, 0x00, 0x00, 0x04, 0x3E, 0x00, 0x00, 0x00, 0x07, 
0x00, 0x00, 0x00, 0x06, 0x00, 0x00, 0x00, 0x08, 0x00, 0x00, 0x00, 0x07, 0x00, 0x00, 0x00, 0x01, 
0x00, 0x00, 0x00, 0x00, 0x00, 0x00, 0x04, 0x3F, 0x00, 0x00, 0x00, 0x07, 0x00, 0x00, 0x00, 0x07, 
0x00, 0x00, 0x00, 0x09, 0x00, 0x00, 0x00, 0x07, 0x00, 0x00, 0x00, 0x01, 0x00, 0x00, 0x00, 0x00, 
0x00, 0x00, 0x04, 0x40, 0x00, 0x00, 0x00, 0x0A, 0x00, 0x00, 0x00, 0x07, 0x00, 0x00, 0x00, 0x08, 
0x00, 0x00, 0x00, 0x07, 0x00, 0x00, 0x00, 0x00, 0x00, 0x00, 0x00, 0x00, 0x00, 0x00, 0x04, 0x41, 
0x00, 0x00, 0x00, 0x07, 0x00, 0x00, 0x00, 0x05, 0x00, 0x00, 0x00, 0x07, 0x00, 0x00, 0x00, 0x07, 
0x00, 0x00, 0x00, 0x01, 0x00, 0x00, 0x00, 0x00, 0x00, 0x00, 0x04, 0x42, 0x00, 0x00, 0x00, 0x07, 
0x00, 0x00, 0x00, 0x07, 0x00, 0x00, 0x00, 0x07, 0x00, 0x00, 0x00, 0x07, 0x00, 0x00, 0x00, 0x00, 
0x00, 0x00, 0x00, 0x00, 0x00, 0x00, 0x04, 0x43, 0x00, 0x00, 0x00, 0x0A, 0x00, 0x00, 0x00, 0x09, 
0x00, 0x00, 0x00, 0x07, 0x00, 0x00, 0x00, 0x07, 0xFF, 0xFF, 0xFF, 0xFF, 0x00, 0x00, 0x00, 0x00, 
0x00, 0x00, 0x04, 0x44, 0x00, 0x00, 0x00, 0x0E, 0x00, 0x00, 0x00, 0x07, 0x00, 0x00, 0x00, 0x09, 
0x00, 0x00, 0x00, 0x0B, 0x00, 0x00, 0x00, 0x01, 0x00, 0x00, 0x00, 0x00, 0x00, 0x00, 0x04, 0x45, 
0x00, 0x00, 0x00, 0x07, 0x00, 0x00, 0x00, 0x07, 0x00, 0x00, 0x00, 0x07, 0x00, 0x00, 0x00, 0x07, 
0x00, 0x00, 0x00, 0x00, 0x00, 0x00, 0x00, 0x00, 0x00, 0x00, 0x04, 0x46, 0x00, 0x00, 0x00, 0x09, 
0x00, 0x00, 0x00, 0x07, 0x00, 0x00, 0x00, 0x09, 0x00, 0x00, 0x00, 0x07, 0x00, 0x00, 0x00, 0x01, 
0x00, 0x00, 0x00, 0x00, 0x00, 0x00, 0x04, 0x47, 0x00, 0x00, 0x00, 0x07, 0x00, 0x00, 0x00, 0x07, 
0x00, 0x00, 0x00, 0x08, 0x00, 0x00, 0x00, 0x07, 0x00, 0x00, 0x00, 0x00, 0x00, 0x00, 0x00, 0x00, 
0x00, 0x00, 0x04, 0x48, 0x00, 0x00, 0x00, 0x07, 0x00, 0x00, 0x00, 0x0B, 0x00, 0x00, 0x00, 0x0B, 
0x00, 0x00, 0x00, 0x07, 0x00, 0x00, 0x00, 0x00, 0x00, 0x00, 0x00, 0x00, 0x00, 0x00, 0x04, 0x49, 
0x00, 0x00, 0x00, 0x09, 0x00, 0x00, 0x00, 0x0B, 0x00, 0x00, 0x00, 0x0B, 0x00, 0x00, 0x00, 0x07, 
0x00, 0x00, 0x00, 0x00, 0x00, 0x00, 0x00, 0x00, 0x00, 0x00, 0x04, 0x4A, 0x00, 0x00, 0x00, 0x07, 
0x00, 0x00, 0x00, 0x07, 0x00, 0x00, 0x00, 0x08, 0x00, 0x00, 0x00, 0x07, 0x00, 0x00, 0x00, 0x00, 
0x00, 0x00, 0x00, 0x00, 0x00, 0x00, 0x04, 0x4B, 0x00, 0x00, 0x00, 0x07, 0x00, 0x00, 0x00, 0x09, 
0x00, 0x00, 0x00, 0x0B, 0x00, 0x00, 0x00, 0x07, 0x00, 0x00, 0x00, 0x01, 0x00, 0x00, 0x00, 0x00, 
0x00, 0x00, 0x04, 0x4C, 0x00, 0x00, 0x00, 0x07, 0x00, 0x00, 0x00, 0x06, 0x00, 0x00, 0x00, 0x07, 
0x00, 0x00, 0x00, 0x07, 0x00, 0x00, 0x00, 0x00, 0x00, 0x00, 0x00, 0x00, 0x00, 0x00, 0x04, 0x4D, 
0x00, 0x00, 0x00, 0x09, 0x00, 0x00, 0x00, 0x07, 0x00, 0x00, 0x00, 0x07, 0x00, 0x00, 0x00, 0x08, 
0x00, 0x00, 0x00, 0x00, 0x00, 0x00, 0x00, 0x00, 0x00, 0x00, 0x04, 0x4E, 0x00, 0x00, 0x00, 0x07, 
0x00, 0x00, 0x00, 0x0B, 0x00, 0x00, 0x00, 0x0C, 0x00, 0x00, 0x00, 0x07, 0x00, 0x00, 0x00, 0x00, 
0x00, 0x00, 0x00, 0x00, 0x00, 0x00, 0x04, 0x4F, 0x00, 0x00, 0x00, 0x07, 0x00, 0x00, 0x00, 0x08, 
0x00, 0x00, 0x00, 0x07, 0x00, 0x00, 0x00, 0x07, 0xFF, 0xFF, 0xFF, 0xFF, 0x00, 0x00, 0x00, 0x00, 
0x00, 0x00, 0x04, 0x51, 0x00, 0x00, 0x00, 0x0C, 0x00, 0x00, 0x00, 0x07, 0x00, 0x00, 0x00, 0x07, 
0x00, 0x00, 0x00, 0x0B, 0x00, 0x00, 0x00, 0x00, 0x00, 0x00, 0x00, 0x00, 0x00, 0x00, 0x20, 0x0C, 
0x00, 0x00, 0x00, 0x01, 0x00, 0x00, 0x00, 0x01, 0x00, 0x00, 0x00, 0x00, 0x00, 0x00, 0x00, 0x20, 
0xFF, 0xFF, 0xFF, 0xF0, 0x00, 0x00, 0x00, 0x00, 0x00, 0x00, 0x20, 0x0D, 0x00, 0x00, 0x00, 0x01, 
0x00, 0x00, 0x00, 0x01, 0x00, 0x00, 0x00, 0x00, 0x00, 0x00, 0x00, 0x20, 0xFF, 0xFF, 0xFF, 0xF0, 
0x00, 0x00, 0x00, 0x00, 0x00, 0x00, 0x20, 0x0E, 0x00, 0x00, 0x00, 0x01, 0x00, 0x00, 0x00, 0x01, 
0x00, 0x00, 0x00, 0x00, 0x00, 0x00, 0x00, 0x20, 0xFF, 0xFF, 0xFF, 0xF0, 0x00, 0x00, 0x00, 0x00, 
0x00, 0x00, 0x20, 0x0F, 0x00, 0x00, 0x00, 0x01, 0x00, 0x00, 0x00, 0x01, 0x00, 0x00, 0x00, 0x00, 
0x00, 0x00, 0x00, 0x20, 0xFF, 0xFF, 0xFF, 0xF0, 0x00, 0x00, 0x00, 0x00, 0x00, 0x00, 0x20, 0x12, 
0x00, 0x00, 0x00, 0x01, 0x00, 0x00, 0x00, 0x08, 0x00, 0x00, 0x00, 0x08, 0x00, 0x00, 0x00, 0x05, 
0x00, 0x00, 0x00, 0x00, 0x00, 0x00, 0x00, 0x00, 0x00, 0x00, 0x20, 0x13, 0x00, 0x00, 0x00, 0x01, 
0x00, 0x00, 0x00, 0x08, 0x00, 0x00, 0x00, 0x08, 0x00, 0x00, 0x00, 0x05, 0x00, 0x00, 0x00, 0x00, 
0x00, 0x00, 0x00, 0x00, 0x00, 0x00, 0x20, 0x14, 0x00, 0x00, 0x00, 0x01, 0x00, 0x00, 0x00, 0x10, 
0x00, 0x00, 0x00, 0x10, 0x00, 0x00, 0x00, 0x05, 0x00, 0x00, 0x00, 0x00, 0x00, 0x00, 0x00, 0x00, 
0x00, 0x00, 0x20, 0x15, 0x00, 0x00, 0x00, 0x01, 0x00, 0x00, 0x00, 0x0F, 0x00, 0x00, 0x00, 0x10, 
0x00, 0x00, 0x00, 0x05, 0x00, 0x00, 0x00, 0x01, 0x00, 0x00, 0x00, 0x00, 0x00, 0x00, 0x20, 0x18, 
0x00, 0x00, 0x00, 0x03, 0x00, 0x00, 0x00, 0x02, 0x00, 0x00, 0x00, 0x05, 0x00, 0x00, 0x00, 0x0B, 
0x00, 0x00, 0x00, 0x01, 0x00, 0x00, 0x00, 0x00, 0x00, 0x00, 0x20, 0x19, 0x00, 0x00, 0x00, 0x03, 
0x00, 0x00, 0x00, 0x02, 0x00, 0x00, 0x00, 0x05, 0x00, 0x00, 0x00, 0x0B, 0x00, 0x00, 0x00, 0x01, 
0x00, 0x00, 0x00, 0x00, 0x00, 0x00, 0x20, 0x1A, 0x00, 0x00, 0x00, 0x03, 0x00, 0x00, 0x00, 0x02, 
0x00, 0x00, 0x00, 0x05, 0x00, 0x00, 0x00, 0x01, 0x00, 0x00, 0x00, 0x01, 0x00, 0x00, 0x00, 0x00, 
0x00, 0x00, 0x20, 0x1B, 0x00, 0x00, 0x00, 0x05, 0x00, 0x00, 0x00, 0x02, 0x00, 0x00, 0x00, 0x05, 
0x00, 0x00, 0x00, 0x0B, 0x00, 0x00, 0x00, 0x01, 0x00, 0x00, 0x00, 0x00, 0x00, 0x00, 0x20, 0x1C, 
0x00, 0x00, 0x00, 0x03, 0x00, 0x00, 0x00, 0x05, 0x00, 0x00, 0x00, 0x06, 0x00, 0x00, 0x00, 0x0B, 
0x00, 0x00, 0x00, 0x00, 0x00, 0x00, 0x00, 0x00, 0x00, 0x00, 0x20, 0x1D, 0x00, 0x00, 0x00, 0x03, 
0x00, 0x00, 0x00, 0x05, 0x00, 0x00, 0x00, 0x06, 0x00, 0x00, 0x00, 0x0B, 0x00, 0x00, 0x00, 0x00, 
0x00, 0x00, 0x00, 0x00, 0x00, 0x00, 0x20, 0x1E, 0x00, 0x00, 0x00, 0x03, 0x00, 0x00, 0x00, 0x05, 
0x00, 0x00, 0x00, 0x06, 0x00, 0x00, 0x00, 0x01, 0x00, 0x00, 0x00, 0x00, 0x00, 0x00, 0x00, 0x00, 
0x00, 0x00, 0x20, 0x1F, 0x00, 0x00, 0x00, 0x05, 0x00, 0x00, 0x00, 0x06, 0x00, 0x00, 0x00, 0x07, 
0x00, 0x00, 0x00, 0x0B, 0x00, 0x00, 0x00, 0x00, 0x00, 0x00, 0x00, 0x00, 0x00, 0x00, 0x20, 0x28, 
0x00, 0x00, 0x00, 0x01, 0x00, 0x00, 0x00, 0x01, 0x00, 0x00, 0x00, 0x00, 0x00, 0x00, 0x00, 0x20, 
0xFF, 0xFF, 0xFF, 0xF0, 0x00, 0x00, 0x00, 0x00, 0x00, 0x00, 0x20, 0x29, 0x00, 0x00, 0x00, 0x01, 
0x00, 0x00, 0x00, 0x01, 0x00, 0x00, 0x00, 0x00, 0x00, 0x00, 0x00, 0x20, 0xFF, 0xFF, 0xFF, 0xF0, 
0x00, 0x00, 0x00, 0x00, 0x00, 0x00, 0x20, 0x2A, 0x00, 0x00, 0x00, 0x01, 0x00, 0x00, 0x00, 0x01, 
0x00, 0x00, 0x00, 0x00, 0x00, 0x00, 0x00, 0x20, 0xFF, 0xFF, 0xFF, 0xF0, 0x00, 0x00, 0x00, 0x00, 
0x00, 0x00, 0x20, 0x2B, 0x00, 0x00, 0x00, 0x01, 0x00, 0x00, 0x00, 0x01, 0x00, 0x00, 0x00, 0x00, 
0x00, 0x00, 0x00, 0x20, 0xFF, 0xFF, 0xFF, 0xF0, 0x00, 0x00, 0x00, 0x00, 0x00, 0x00, 0x20, 0x2C, 
0x00, 0x00, 0x00, 0x01, 0x00, 0x00, 0x00, 0x01, 0x00, 0x00, 0x00, 0x00, 0x00, 0x00, 0x00, 0x20, 
0xFF, 0xFF, 0xFF, 0xF0, 0x00, 0x00, 0x00, 0x00, 0x00, 0x00, 0x20, 0x2D, 0x00, 0x00, 0x00, 0x01, 
0x00, 0x00, 0x00, 0x01, 0x00, 0x00, 0x00, 0x00, 0x00, 0x00, 0x00, 0x20, 0xFF, 0xFF, 0xFF, 0xF0, 
0x00, 0x00, 0x00, 0x00, 0x00, 0x00, 0x20, 0x2E, 0x00, 0x00, 0x00, 0x01, 0x00, 0x00, 0x00, 0x01, 
0x00, 0x00, 0x00, 0x00, 0x00, 0x00, 0x00, 0x20, 0xFF, 0xFF, 0xFF, 0xF0, 0x00, 0x00, 0x00, 0x00, 
0x00, 0x00, 0x20, 0x32, 0x00, 0x00, 0x00, 0x04, 0x00, 0x00, 0x00, 0x02, 0x00, 0x00, 0x00, 0x03, 
0x00, 0x00, 0x00, 0x0B, 0x00, 0x00, 0x00, 0x01, 0x00, 0x00, 0x00, 0x00, 0x00, 0x00, 0x20, 0x33, 
0x00, 0x00, 0x00, 0x04, 0x00, 0x00, 0x00, 0x05, 0x00, 0x00, 0x00, 0x07, 0x00, 0x00, 0x00, 0x0B, 
0x00, 0x00, 0x00, 0x01, 0x00, 0x00, 0x00, 0x00, 0x00, 0x00, 0x20, 0x39, 0x00, 0x00, 0x00, 0x07, 
0x00, 0x00, 0x00, 0x03, 0x00, 0x00, 0x00, 0x05, 0x00, 0x00, 0x00, 0x07, 0x00, 0x00, 0x00, 0x01, 
0x00, 0x00, 0x00, 0x00, 0x00, 0x00, 0x20, 0x3A, 0x00, 0x00, 0x00, 0x07, 0x00, 0x00, 0x00, 0x03, 
0x00, 0x00, 0x00, 0x05, 0x00, 0x00, 0x00, 0x07, 0x00, 0x00, 0x00, 0x01, 0x00, 0x00, 0x00, 0x00, 
0x00, 0x00, 0x20, 0x3E, 0x00, 0x00, 0x00, 0x01, 0x00, 0x00, 0x00, 0x06, 0x00, 0x00, 0x00, 0x05, 
0x00, 0x00, 0x00, 0x0A, 0x00, 0x00, 0x00, 0x00, 0x00, 0x00, 0x00, 0x00, 0x00, 0x00, 0x20, 0x6A, 
0x00, 0x00, 0x00, 0x01, 0x00, 0x00, 0x00, 0x01, 0x00, 0x00, 0x00, 0x00, 0x00, 0x00, 0x00, 0x20, 
0xFF, 0xFF, 0xFF, 0xF0, 0x00, 0x00, 0x00, 0x00, 0x00, 0x00, 0x20, 0x6B, 0x00, 0x00, 0x00, 0x01, 
0x00, 0x00, 0x00, 0x01, 0x00, 0x00, 0x00, 0x00, 0x00, 0x00, 0x00, 0x20, 0xFF, 0xFF, 0xFF, 0xF0, 
0x00, 0x00, 0x00, 0x00, 0x00, 0x00, 0x20, 0x6C, 0x00, 0x00, 0x00, 0x01, 0x00, 0x00, 0x00, 0x01, 
0x00, 0x00, 0x00, 0x00, 0x00, 0x00, 0x00, 0x20, 0xFF, 0xFF, 0xFF, 0xF0, 0x00, 0x00, 0x00, 0x00, 
0x00, 0x00, 0x20, 0x6D, 0x00, 0x00, 0x00, 0x01, 0x00, 0x00, 0x00, 0x01, 0x00, 0x00, 0x00, 0x00, 
0x00, 0x00, 0x00, 0x20, 0xFF, 0xFF, 0xFF, 0xF0, 0x00, 0x00, 0x00, 0x00, 0x00, 0x00, 0x20, 0x6E, 
0x00, 0x00, 0x00, 0x01, 0x00, 0x00, 0x00, 0x01, 0x00, 0x00, 0x00, 0x00, 0x00, 0x00, 0x00, 0x20, 
0xFF, 0xFF, 0xFF, 0xF0, 0x00, 0x00, 0x00, 0x00, 0x00, 0x00, 0x20, 0x6F, 0x00, 0x00, 0x00, 0x01, 
0x00, 0x00, 0x00, 0x01, 0x00, 0x00, 0x00, 0x00, 0x00, 0x00, 0x00, 0x20, 0xFF, 0xFF, 0xFF, 0xF0, 
0x00, 0x00, 0x00, 0x00, 0x00, 0x00, 0x21, 0x90, 0x00, 0x00, 0x00, 0x05, 0x00, 0x00, 0x00, 0x0F, 
0x00, 0x00, 0x00, 0x10, 0x00, 0x00, 0x00, 0x07, 0x00, 0x00, 0x00, 0x01, 0x00, 0x00, 0x00, 0x00, 
0x00, 0x00, 0x21, 0x91, 0x00, 0x00, 0x00, 0x0E, 0x00, 0x00, 0x00, 0x05, 0x00, 0x00, 0x00, 0x07, 
0x00, 0x00, 0x00, 0x0B, 0x00, 0x00, 0x00, 0x01, 0x00, 0x00, 0x00, 0x00, 0x00, 0x00, 0x21, 0x92, 
0x00, 0x00, 0x00, 0x05, 0x00, 0x00, 0x00, 0x0F, 0x00, 0x00, 0x00, 0x10, 0x00, 0x00, 0x00, 0x07, 
0x00, 0x00, 0x00, 0x01, 0x00, 0x00, 0x00, 0x00, 0x00, 0x00, 0x21, 0x93, 0x00, 0x00, 0x00, 0x0E, 
0x00, 0x00, 0x00, 0x05, 0x00, 0x00, 0x00, 0x07, 0x00, 0x00, 0x00, 0x0B, 0x00, 0x00, 0x00, 0x01, 
0x00, 0x00, 0x00, 0x00, 0x00, 0x00, 0x21, 0x94, 0x00, 0x00, 0x00, 0x05, 0x00, 0x00, 0x00, 0x0E, 
0x00, 0x00, 0x00, 0x10, 0x00, 0x00, 0x00, 0x07, 0x00, 0x00, 0x00, 0x01, 0x00, 0x00, 0x00, 0x00, 
0x00, 0x00, 0x21, 0x95, 0x00, 0x00, 0x00, 0x0F, 0x00, 0x00, 0x00, 0x05, 0x00, 0x00, 0x00, 0x07, 
0x00, 0x00, 0x00, 0x0B, 0x00, 0x00, 0x00, 0x01, 0x00, 0x00, 0x00, 0x00, 0x00, 0x00, 0x22, 0x1E, 
0x00, 0x00, 0x00, 0x06, 0x00, 0x00, 0x00, 0x0A, 0x00, 0x00, 0x00, 0x0B, 0x00, 0x00, 0x00, 0x07, 
0x00, 0x00, 0x00, 0x00, 0x00, 0x00, 0x00, 0x00, 0x00, 0x00, 0x22, 0x48, 0x00, 0x00, 0x00, 0x06, 
0x00, 0x00, 0x00, 0x09, 0x00, 0x00, 0x00, 0x09, 0x00, 0x00, 0x00, 0x08, 0x00, 0x00, 0x00, 0x00, 
0x00, 0x00, 0x00, 0x00, 0x00, 0x00, 0x22, 0x60, 0x00, 0x00, 0x00, 0x0D, 0x00, 0x00, 0x00, 0x09, 
0x00, 0x00, 0x00, 0x09, 0x00, 0x00, 0x00, 0x0B, 0x00, 0x00, 0x00, 0x00, 0x00, 0x00, 0x00, 0x00, 
0x00, 0x00, 0x26, 0x3A, 0x00, 0x00, 0x00, 0x0A, 0x00, 0x00, 0x00, 0x0A, 0x00, 0x00, 0x00, 0x10, 
0x00, 0x00, 0x00, 0x09, 0x00, 0x00, 0x00, 0x03, 0x00, 0x00, 0x00, 0x00, 0x00, 0x00, 0x26, 0x3B, 
0x00, 0x00, 0x00, 0x0A, 0x00, 0x00, 0x00, 0x0A, 0x00, 0x00, 0x00, 0x11, 0x00, 0x00, 0x00, 0x09, 
0x00, 0x00, 0x00, 0x03, 0x00, 0x00, 0x00, 0x00, 0x00, 0x00, 0x26, 0x3C, 0x00, 0x00, 0x00, 0x0F, 
0x00, 0x00, 0x00, 0x0F, 0x00, 0x00, 0x00, 0x0F, 0x00, 0x00, 0x00, 0x0D, 0x00, 0x00, 0x00, 0x00, 
0x00, 0x00, 0x00, 0x00, 0x00, 0x00, 0x26, 0x40, 0x00, 0x00, 0x00, 0x0F, 0x00, 0x00, 0x00, 0x09, 
0x00, 0x00, 0x00, 0x0C, 0x00, 0x00, 0x00, 0x0C, 0x00, 0x00, 0x00, 0x01, 0x00, 0x00, 0x00, 0x00, 
0x00, 0x00, 0x26, 0x42, 0x00, 0x00, 0x00, 0x0F, 0x00, 0x00, 0x00, 0x0A, 0x00, 0x00, 0x00, 0x0C, 
0x00, 0x00, 0x00, 0x0D, 0x00, 0x00, 0x00, 0x00, 0x00, 0x00, 0x00, 0x00, 0x00, 0x00, 0x26, 0x60, 
0x00, 0x00, 0x00, 0x0A, 0x00, 0x00, 0x00, 0x07, 0x00, 0x00, 0x00, 0x08, 0x00, 0x00, 0x00, 0x0A, 
0x00, 0x00, 0x00, 0x00, 0x00, 0x00, 0x00, 0x00, 0x00, 0x00, 0x26, 0x63, 0x00, 0x00, 0x00, 0x0A, 
0x00, 0x00, 0x00, 0x0B, 0x00, 0x00, 0x00, 0x0B, 0x00, 0x00, 0x00, 0x0A, 0x00, 0x00, 0x00, 0x00, 
0x00, 0x00, 0x00, 0x00, 0x00, 0x00, 0x26, 0x65, 0x00, 0x00, 0x00, 0x0A, 0x00, 0x00, 0x00, 0x09, 
0x00, 0x00, 0x00, 0x0A, 0x00, 0x00, 0x00, 0x0A, 0x00, 0x00, 0x00, 0x00, 0x00, 0x00, 0x00, 0x00, 
0x00, 0x00, 0x26, 0x66, 0x00, 0x00, 0x00, 0x09, 0x00, 0x00, 0x00, 0x07, 0x00, 0x00, 0x00, 0x08, 
0x00, 0x00, 0x00, 0x09, 0x00, 0x00, 0x00, 0x00, 0x00, 0x00, 0x00, 0x00, 0x00, 0x00, 0x26, 0x6A, 
0x00, 0x00, 0x00, 0x0B, 0x00, 0x00, 0x00, 0x08, 0x00, 0x00, 0x00, 0x08, 0x00, 0x00, 0x00, 0x0B, 
0x00, 0x00, 0x00, 0x00, 0x00, 0x00, 0x00, 0x00, 0x00, 0x00, 0x26, 0x6B, 0x00, 0x00, 0x00, 0x0D, 
0x00, 0x00, 0x00, 0x0B, 0x00, 0x00, 0x00, 0x0C, 0x00, 0x00, 0x00, 0x0C, 0x00, 0x00, 0x00, 0x00, 
0x00, 0x00, 0x00, 0x00, 0x00, 0x00, 0x00, 0x00, 0x00, 0x00, 0x00, 0xB7, 0xFE, 0xFF, 0xFF, 0xFF, 
0xFF, 0xFF, 0xFF, 0xFF, 0x00, 0xB4, 0xC9, 0x00, 0xC9, 0xFF, 0x00, 0xFF, 0xFF, 0x00, 0xFF, 0xFF, 
0x00, 0xFF, 0x00, 0x00, 0x17, 0xE3, 0x00, 0x17, 0xE3, 0x00, 0x00, 0x00, 0x47, 0xB4, 0x00, 0x47, 
0xB4, 0x00, 0x00, 0x00, 0x76, 0x85, 0x00, 0x76, 0x85, 0x00, 0x00, 0x00, 0xA5, 0x57, 0x00, 0xA5, 
0x57, 0x00, 0xFF, 0xFF, 0xFF, 0xFF, 0xFF, 0xFF, 0xFF, 0xFF, 0x00, 0x05, 0xF2, 0x04, 0x05, 0xF2, 
0x04, 0x00, 0x00, 0x2D, 0xCE, 0x00, 0x2D, 0xCE, 0x00, 0x00, 0xFF, 0xFF, 0xFF, 0xFF, 0xFF, 0xFF, 
0xFF, 0xFF, 0x00, 0x8C, 0x70, 0x00, 0x8C, 0x70, 0x00, 0x00, 0x00, 0xBA, 0x41, 0x00, 0xBA, 0x41, 
0x00, 0x00, 0x00, 0xE8, 0x13, 0x00, 0xE8, 0x13, 0x00, 0x00, 0x00, 0x00, 0xFF, 0x00, 0x00, 0x00, 
0x2E, 0xD3, 0xFF, 0xE5, 0xA1, 0x27, 0xC8, 0x52, 0xFF, 0x02, 0x89, 0xFC, 0xF8, 0x0F, 0xFF, 0x00, 
0x12, 0xFF, 0xD6, 0x55, 0xFF, 0x00, 0x00, 0x00, 0x4A, 0xFA, 0xFF, 0x13, 0x00, 0x00, 0x00, 0x5A, 
0xFF, 0xE9, 0x53, 0x00, 0x00, 0x00, 0xFF, 0x4D, 0xF2, 0x68, 0x00, 0x00, 0xFF, 0x00, 0x46, 0xE5, 
0xFF, 0x0D, 0xFF, 0x00, 0x0F, 0xEC, 0xFE, 0x65, 0xFF, 0x1E, 0x97, 0x90, 0x56, 0xDA, 0xFF, 0xE1, 
0x84, 0x06, 0x00, 0x00, 0xFF, 0x00, 0x00, 0x00, 0x2A, 0xDA, 0xDC, 0x2B, 0x00, 0x00, 0x00, 0x00, 
0x17, 0xCF, 0x14, 0x00, 0xB6, 0x53, 0x5A, 0xB5, 0x00, 0x00, 0x00, 0x01, 0xB7, 0x42, 0x00, 0x00, 
0xF4, 0x08, 0x0C, 0xF0, 0x00, 0x00, 0x00, 0x77, 0x85, 0x00, 0x00, 0x00, 0xF5, 0x08, 0x0C, 0xF1, 
0x00, 0x00, 0x36, 0xC1, 0x04, 0x00, 0x00, 0x00, 0xBB, 0x56, 0x5C, 0xBB, 0x00, 0x0E, 0xCD, 0x20, 
0x00, 0x00, 0x00, 0x00, 0x2E, 0xDE, 0xDB, 0x2D, 0x00, 0xA5, 0x56, 0x00, 0x2D, 0xDD, 0xD9, 0x2A, 
0x00, 0x00, 0x00, 0x00, 0x61, 0x9B, 0x00, 0x00, 0xBB, 0x56, 0x5A, 0xB8, 0x00, 0x00, 0x00, 0x26, 
0xCA, 0x0A, 0x00, 0x00, 0xF5, 0x0B, 0x0C, 0xF4, 0x00, 0x00, 0x06, 0xC6, 0x2E, 0x00, 0x00, 0x00, 
0xF5, 0x09, 0x0B, 0xF0, 0x00, 0x00, 0x90, 0x6B, 0x00, 0x00, 0x00, 0x00, 0xBB, 0x56, 0x5D, 0xBC, 
0x00, 0x4B, 0xAF, 0x00, 0x00, 0x00, 0x00, 0x00, 0x2C, 0xDC, 0xDB, 0x2E, 0x00, 0x00, 0x1B, 0xAE, 
0xF2, 0xDE, 0x49, 0x00, 0x00, 0x00, 0x00, 0x00, 0x00, 0xBF, 0x6A, 0x09, 0x56, 0xE6, 0x00, 0x00, 
0x00, 0x00, 0x00, 0x00, 0xF7, 0x0A, 0x00, 0x12, 0xEA, 0x00, 0x00, 0x00, 0x00, 0x00, 0x00, 0xCA, 
0x50, 0x17, 0xA4, 0x79, 0x00, 0x00, 0x00, 0x00, 0x00, 0x00, 0x49, 0xF1, 0xFC, 0x79, 0x00, 0xFF, 
0xFF, 0xFF, 0x00, 0x00, 0x47, 0xB9, 0xC3, 0xFF, 0x22, 0x00, 0x77, 0xD6, 0x1F, 0x00, 0x3F, 0xB3, 
0x0A, 0x1B, 0xF2, 0x7C, 0x00, 0x96, 0x36, 0x00, 0x00, 0xBC, 0x1C, 0x00, 0x00, 0x5F, 0xF1, 0x4D, 
0x7F, 0x00, 0x00, 0x00, 0xF3, 0x21, 0x00, 0x00, 0x00, 0x94, 0xDE, 0x05, 0x00, 0x01, 0x0E, 0xC8, 
0xC3, 0x2B, 0x08, 0x2A, 0x8A, 0xE3, 0x7F, 0x0D, 0x5E, 0xD2, 0x24, 0xB9, 0xF4, 0xEE, 0xAA, 0x2B, 
0x15, 0xA7, 0xF5, 0xD7, 0x36, 0xC9, 0xFF, 0xFF, 0xFF, 0x00, 0x00, 0x18, 0xB6, 0x00, 0x18, 0xC9, 
0x49, 0x00, 0xB2, 0x30, 0x00, 0x41, 0x9C, 0x00, 0x00, 0xA1, 0x49, 0x00, 0x00, 0xDD, 0x19, 0x00, 
0x00, 0xF9, 0x05, 0x00, 0x00, 0xF5, 0x08, 0x00, 0x00, 0xD9, 0x1F, 0x00, 0x00, 0x9A, 0x4F, 0x00, 
0x00, 0x3C, 0x9F, 0x00, 0x00, 0x00, 0xAF, 0x3F, 0x00, 0x00, 0x13, 0xCA, 0x51, 0x00, 0x00, 0x15, 
0xB0, 0xB1, 0x16, 0x00, 0x00, 0x51, 0xCD, 0x13, 0x00, 0x00, 0x41, 0xAF, 0x00, 0x00, 0x00, 0x9E, 
0x3A, 0x00, 0x00, 0x4F, 0x99, 0x00, 0x00, 0x20, 0xD9, 0x00, 0x00, 0x09, 0xF4, 0x00, 0x00, 0x06, 
0xF7, 0x00, 0x00, 0x1A, 0xDC, 0x00, 0x00, 0x4A, 0xA0, 0x00, 0x00, 0x9B, 0x40, 0x00, 0x30, 0xB2, 
0x00, 0x4A, 0xCA, 0x19, 0x00, 0xB7, 0x19, 0x00, 0x00, 0x00, 0x00, 0x26, 0xED, 0x31, 0x00, 0x00, 
0xD6, 0xB4, 0x2C, 0xFF, 0x34, 0xB4, 0xD5, 0x3A, 0x67, 0x99, 0xFF, 0x9A, 0x67, 0x38, 0x35, 0x6D, 
0xAC, 0xFF, 0x82, 0x28, 0x2F, 0xD2, 0xB2, 0x2C, 0xFF, 0x30, 0xB3, 0xD6, 0x00, 0x00, 0x2B, 0xED, 
0x31, 0x00, 0x00, 0x00, 0x00, 0x00, 0x00, 0xFF, 0x00, 0x00, 0x00, 0x00, 0x00, 0x00, 0x00, 0x00, 
0xFF, 0x00, 0x00, 0x00, 0x00, 0x00, 0x00, 0x00, 0x00, 0xFF, 0x00, 0x00, 0x00, 0x00, 0x00, 0x00, 
0x00, 0x00, 0xFF, 0x00, 0x00, 0x00, 0x00, 0xFF, 0xFF, 0xFF, 0xFF, 0xFF, 0xFF, 0xFF, 0xFF, 0xFF, 
0x00, 0x00, 0x00, 0x00, 0xFF, 0x00, 0x00, 0x00, 0x00, 0x00, 0x00, 0x00, 0x00, 0xFF, 0x00, 0x00, 
0x00, 0x00, 0x00, 0x00, 0x00, 0x00, 0xFF, 0x00, 0x00, 0x00, 0x00, 0x00, 0x00, 0x00, 0x00, 0xFF, 
0x00, 0x00, 0x00, 0x00, 0xC7, 0xB2, 0x13, 0xE6, 0x83, 0x3C, 0xFF, 0xFF, 0xFF, 0xFF, 0xB6, 0x00, 
0x00, 0x22, 0xD8, 0x00, 0x00, 0x69, 0x93, 0x00, 0x00, 0xAF, 0x4D, 0x00, 0x03, 0xEB, 0x0C, 0x00, 
0x3B, 0xC1, 0x00, 0x00, 0x80, 0x7B, 0x00, 0x00, 0xC6, 0x36, 0x00, 0x0F, 0xE9, 0x02, 0x00, 0x52, 
0xAA, 0x00, 0x00, 0x98, 0x64, 0x00, 0x00, 0xDD, 0x1E, 0x00, 0x00, 0x00, 0x41, 0xDE, 0xE5, 0x4B, 
0x00, 0x18, 0xD8, 0x28, 0x25, 0xCF, 0x1D, 0x84, 0x6D, 0x00, 0x00, 0x61, 0x8B, 0xC9, 0x30, 0x00, 
0x00, 0x23, 0xD0, 0xED, 0x19, 0x00, 0x00, 0x0A, 0xF2, 0xFB, 0x06, 0x00, 0x00, 0x04, 0xFB, 0xEA, 
0x0F, 0x00, 0x00, 0x11, 0xEC, 0xCA, 0x29, 0x00, 0x00, 0x2E, 0xC9, 0x7D, 0x6D, 0x00, 0x00, 0x67, 
0x84, 0x1C, 0xD3, 0x20, 0x29, 0xD2, 0x1A, 0x00, 0x4E, 0xE6, 0xDB, 0x41, 0x00, 0x0B, 0x6B, 0xDB, 
0x00, 0xC3, 0xDC, 0xFF, 0x00, 0x00, 0x0C, 0xFF, 0x00, 0x00, 0x00, 0xFF, 0x00, 0x00, 0x00, 0xFF, 
0x00, 0x00, 0x00, 0xFF, 0x00, 0x00, 0x00, 0xFF, 0x00, 0x00, 0x00, 0xFF, 0x00, 0x00, 0x00, 0xFF, 
0x00, 0x00, 0x16, 0xFF, 0x16, 0x00, 0xFF, 0xFF, 0xFF, 0x05, 0x8C, 0xE8, 0xDA, 0x3F, 0x00, 0x7A, 
0x6B, 0x0E, 0x34, 0xD0, 0x2F, 0x6A, 0x00, 0x00, 0x00, 0x43, 0xC5, 0x00, 0x00, 0x00, 0x00, 0x0B, 
0xEB, 0x00, 0x00, 0x00, 0x00, 0x1F, 0x99, 0x00, 0x00, 0x00, 0x00, 0x6A, 0x16, 0x00, 0x00, 0x00, 
0x19, 0x36, 0x00, 0x00, 0x00, 0x06, 0x24, 0x00, 0x00, 0x00, 0x02, 0x11, 0x00, 0x00, 0x00, 0x04, 
0x10, 0x00, 0x03, 0x53, 0xBB, 0xB4, 0xFF, 0xFF, 0xFF, 0xFF, 0x88, 0x06, 0x8C, 0xE7, 0xF2, 0xB9, 
0x24, 0x84, 0x4A, 0x09, 0x11, 0x7C, 0xD0, 0x07, 0x00, 0x00, 0x00, 0x0D, 0xE7, 0x00, 0x00, 0x00, 
0x00, 0x41, 0x4F, 0x00, 0x02, 0x28, 0x81, 0x5B, 0x00, 0x00, 0x58, 0xFF, 0xFF, 0xFD, 0x53, 0x00, 
0x00, 0x19, 0x56, 0xBA, 0xDA, 0x00, 0x00, 0x00, 0x00, 0x2F, 0xF3, 0x00, 0x00, 0x00, 0x00, 0x12, 
0xC1, 0x00, 0x00, 0x00, 0x1A, 0xA6, 0x3B, 0xBA, 0xFB, 0xF1, 0xBA, 0x3B, 0x00, 0x00, 0x00, 0x00, 
0x00, 0x1E, 0xED, 0x00, 0x00, 0x00, 0x00, 0x05, 0xC2, 0xFF, 0x00, 0x00, 0x00, 0x00, 0x8D, 0x6D, 
0xFF, 0x00, 0x00, 0x00, 0x4E, 0xA1, 0x00, 0xFF, 0x00, 0x00, 0x1F, 0xBC, 0x09, 0x00, 0xFF, 0x00, 
0x05, 0xB4, 0x20, 0x00, 0x00, 0xFF, 0x00, 0x8A, 0x44, 0x00, 0x00, 0x00, 0xFF, 0x00, 0xFF, 0xFF, 
0xFF, 0xFF, 0xFF, 0xFF, 0xFF, 0x00, 0x00, 0x00, 0x00, 0x00, 0xFF, 0x00, 0x00, 0x00, 0x00, 0x00, 
0x00, 0xFF, 0x00, 0x00, 0x00, 0x00, 0x00, 0x00, 0xFF, 0x00, 0x00, 0x1D, 0xF8, 0xFF, 0xFF, 0xBB, 
0x00, 0x99, 0x69, 0x00, 0x00, 0x00, 0x21, 0xDA, 0x06, 0x00, 0x00, 0x00, 0x9F, 0xF3, 0xC0, 0x94, 
0x51, 0x00, 0x0A, 0x29, 0x5A, 0x66, 0xF5, 0x55, 0x00, 0x00, 0x00, 0x00, 0x79, 0xC7, 0x00, 0x00, 
0x00, 0x00, 0x1B, 0xF3, 0x00, 0x00, 0x00, 0x00, 0x14, 0xF3, 0x00, 0x00, 0x00, 0x00, 0x56, 0xA8, 
0x44, 0x01, 0x09, 0x51, 0xD3, 0x19, 0xAE, 0xE8, 0xE7, 0x9D, 0x16, 0x00, 0x00, 0x00, 0x1C, 0xAF, 
0xE6, 0xFB, 0x00, 0x13, 0xCE, 0x3E, 0x05, 0x06, 0x00, 0xAD, 0x60, 0x00, 0x00, 0x00, 0x3C, 0xC7, 
0x00, 0x00, 0x00, 0x00, 0xA3, 0x9B, 0xCE, 0xED, 0x70, 0x00, 0xE1, 0x58, 0x0D, 0x30, 0xDA, 0x51, 
0xF9, 0x00, 0x00, 0x00, 0x49, 0xC9, 0xED, 0x0D, 0x00, 0x00, 0x0D, 0xF2, 0xB3, 0x52, 0x00, 0x00, 
0x1C, 0xC5, 0x3E, 0xDD, 0x2B, 0x14, 0xAC, 0x51, 0x00, 0x61, 0xE6, 0xE9, 0x6B, 0x00, 0x39, 0xFF, 
0xFF, 0xFF, 0xFF, 0xFF, 0xFF, 0x13, 0x88, 0x39, 0x05, 0x00, 0x00, 0x26, 0xD6, 0x00, 0x19, 0x00, 
0x00, 0x00, 0x00, 0x73, 0x89, 0x00, 0x00, 0x00, 0x00, 0x00, 0x00, 0xBF, 0x3D, 0x00, 0x00, 0x00, 
0x00, 0x00, 0x10, 0xE8, 0x03, 0x00, 0x00, 0x00, 0x00, 0x00, 0x58, 0xA4, 0x00, 0x00, 0x00, 0x00, 
0x00, 0x00, 0xA5, 0x57, 0x00, 0x00, 0x00, 0x00, 0x00, 0x03, 0xE8, 0x0F, 0x00, 0x00, 0x00, 0x00, 
0x00, 0x3D, 0xBE, 0x00, 0x00, 0x00, 0x00, 0x00, 0x00, 0x8A, 0x72, 0x00, 0x00, 0x00, 0x00, 0x00, 
0x00, 0xD6, 0x26, 0x00, 0x00, 0x00, 0x0F, 0x9B, 0xE9, 0xEC, 0xA3, 0x13, 0xA4, 0x6D, 0x0C, 0x11, 
0x92, 0xB1, 0xF0, 0x0E, 0x00, 0x00, 0x0D, 0xF3, 0xBE, 0x69, 0x00, 0x00, 0x31, 0xAF, 0x1E, 0xE3, 
0x77, 0x26, 0x9D, 0x10, 0x00, 0x3F, 0xFE, 0xE1, 0x13, 0x00, 0x09, 0x93, 0x62, 0x78, 0xD7, 0x1D, 
0xA2, 0x2E, 0x00, 0x00, 0x75, 0xB9, 0xF4, 0x0D, 0x00, 0x00, 0x11, 0xF3, 0xBA, 0x8C, 0x11, 0x0E, 
0x7D, 0xB2, 0x16, 0xA7, 0xEC, 0xEC, 0xA2, 0x13, 0x00, 0x7B, 0xEB, 0xE7, 0x60, 0x00, 0x00, 0x70, 
0x9D, 0x12, 0x2E, 0xDD, 0x3C, 0x00, 0xD1, 0x0E, 0x00, 0x00, 0x56, 0xB2, 0x00, 0xF5, 0x0D, 0x00, 
0x00, 0x0F, 0xEC, 0x00, 0xBB, 0x43, 0x00, 0x00, 0x00, 0xFE, 0x02, 0x34, 0xCB, 0x28, 0x1F, 0x8C, 
0xFD, 0x05, 0x00, 0x45, 0xE4, 0xD1, 0x7B, 0xD0, 0x00, 0x00, 0x00, 0x00, 0x00, 0xA5, 0x60, 0x00, 
0x00, 0x00, 0x00, 0x6D, 0xAB, 0x00, 0x00, 0x0C, 0x3C, 0xA9, 0xB0, 0x0A, 0x00, 0x00, 0xF9, 0xD1, 
0x67, 0x02, 0x00, 0x00, 0x00, 0xB4, 0x00, 0x00, 0x00, 0x00, 0x00, 0xB4, 0x00, 0x00, 0x00, 0x00, 
0x06, 0x5B, 0xC8, 0x00, 0x00, 0x18, 0x7F, 0xE0, 0xA1, 0x32, 0x36, 0xA4, 0xDF, 0x7D, 0x16, 0x00, 
0x00, 0xFF, 0xAE, 0x0A, 0x00, 0x00, 0x00, 0x00, 0x37, 0xA5, 0xDF, 0x7C, 0x15, 0x00, 0x00, 0x00, 
0x00, 0x18, 0x80, 0xE0, 0xA0, 0x32, 0x00, 0x00, 0x00, 0x00, 0x06, 0x5C, 0xC9, 0xFF, 0xFF, 0xFF, 
0xFF, 0xFF, 0xFF, 0xFF, 0xFF, 0xFF, 0x00, 0x00, 0x00, 0x00, 0x00, 0x00, 0x00, 0x00, 0x00, 0x00, 
0x00, 0x00, 0x00, 0x00, 0x00, 0x00, 0x00, 0x00, 0xFF, 0xFF, 0xFF, 0xFF, 0xFF, 0xFF, 0xFF, 0xFF, 
0xFF, 0xC8, 0x5B, 0x05, 0x00, 0x00, 0x00, 0x00, 0x33, 0xA1, 0xE0, 0x7F, 0x18, 0x00, 0x00, 0x00, 
0x00, 0x16, 0x7D, 0xDF, 0xA4, 0x36, 0x00, 0x00, 0x00, 0x00, 0x0A, 0xAE, 0xFF, 0x00, 0x00, 0x15, 
0x7C, 0xDF, 0xA5, 0x36, 0x32, 0xA0, 0xE0, 0x80, 0x18, 0x00, 0x00, 0xC9, 0x5C, 0x06, 0x00, 0x00, 
0x00, 0x00, 0x3D, 0xD2, 0xF5, 0xC6, 0x2B, 0xB8, 0x19, 0x05, 0x50, 0xD0, 0xBB, 0x00, 0x00, 0x08, 
0xEF, 0x00, 0x00, 0x00, 0x3C, 0xAF, 0x00, 0x00, 0x00, 0xA7, 0x2F, 0x00, 0x00, 0x14, 0x8D, 0x00, 
0x00, 0x00, 0x5B, 0x1A, 0x00, 0x00, 0x00, 0x8B, 0x00, 0x00, 0x00, 0x00, 0xD7, 0x00, 0x00, 0x00, 
0x00, 0x00, 0x00, 0x00, 0x00, 0x00, 0xB4, 0x00, 0x00, 0x00, 0x00, 0x00, 0x04, 0x5D, 0xB9, 0xEC, 
0xF9, 0xE0, 0x9F, 0x30, 0x00, 0x00, 0x00, 0x00, 0x00, 0x1C, 0xCA, 0xBD, 0x4F, 0x1C, 0x09, 0x29, 
0x7F, 0xF0, 0x66, 0x00, 0x00, 0x00, 0x1B, 0xE6, 0x72, 0x00, 0x00, 0x00, 0x00, 0x00, 0x00, 0x2C, 
0xED, 0x32, 0x00, 0x01, 0xBC, 0x84, 0x00, 0x00, 0x42, 0xD9, 0xC8, 0x18, 0x8E, 0x1B, 0x74, 0xA2, 
0x00, 0x42, 0xDE, 0x07, 0x00, 0x3E, 0xE0, 0x37, 0x3D, 0xDF, 0xC5, 0x00, 0x1E, 0xE3, 0x00, 0xA2, 
0x7D, 0x00, 0x08, 0xDE, 0x44, 0x00, 0x0A, 0xFF, 0x69, 0x00, 0x08, 0xF7, 0x00, 0xD7, 0x31, 0x00, 
0x68, 0xBA, 0x00, 0x00, 0x38, 0xF9, 0x12, 0x00, 0x27, 0xDD, 0x00, 0xF4, 0x11, 0x00, 0xC0, 0x4F, 
0x00, 0x00, 0x89, 0xAB, 0x00, 0x00, 0x7B, 0x95, 0x00, 0xED, 0x0C, 0x00, 0xEF, 0x0E, 0x00, 0x25, 
0xF2, 0x4C, 0x00, 0x1B, 0xEA, 0x2A, 0x00, 0xCD, 0x2E, 0x00, 0xEF, 0x39, 0x33, 0x70, 0xF4, 0x1F, 
0x44, 0xDD, 0x75, 0x00, 0x00, 0x7F, 0x83, 0x00, 0x7D, 0xEF, 0x82, 0x01, 0xBE, 0xF6, 0xC8, 0x53, 
0x00, 0x1A, 0xB1, 0x1C, 0xE1, 0x1B, 0x00, 0x00, 0x00, 0x00, 0x00, 0x00, 0x00, 0x00, 0x02, 0xA7, 
0x2B, 0x00, 0x60, 0xC8, 0x14, 0x00, 0x00, 0x00, 0x00, 0x00, 0x00, 0x09, 0xA8, 0x50, 0x00, 0x00, 
0x00, 0x61, 0xD8, 0x59, 0x0B, 0x00, 0x07, 0x28, 0x70, 0xC9, 0x44, 0x00, 0x00, 0x00, 0x00, 0x00, 
0x1D, 0x82, 0xCE, 0xE7, 0xF6, 0xD1, 0x80, 0x13, 0x00, 0x00, 0x00, 0x00, 0x00, 0x00, 0x00, 0x22, 
0xED, 0x06, 0x00, 0x00, 0x00, 0x00, 0x00, 0x00, 0x00, 0x00, 0x77, 0xF7, 0x4D, 0x00, 0x00, 0x00, 
0x00, 0x00, 0x00, 0x00, 0x00, 0xCB, 0x76, 0xA6, 0x00, 0x00, 0x00, 0x00, 0x00, 0x00, 0x00, 0x20, 
0xE2, 0x03, 0xDA, 0x0B, 0x00, 0x00, 0x00, 0x00, 0x00, 0x00, 0x74, 0x8E, 0x00, 0x93, 0x58, 0x00, 
0x00, 0x00, 0x00, 0x00, 0x00, 0xC9, 0x38, 0x00, 0x3F, 0xB2, 0x00, 0x00, 0x00, 0x00, 0x00, 0x1E, 
0xE0, 0x01, 0x00, 0x02, 0xE1, 0x11, 0x00, 0x00, 0x00, 0x00, 0x72, 0xFF, 0xFF, 0xFF, 0xFF, 0xFF, 
0x64, 0x00, 0x00, 0x00, 0x00, 0xC6, 0x37, 0x00, 0x00, 0x00, 0x3E, 0xBD, 0x00, 0x00, 0x08, 0x75, 
0xE2, 0x0B, 0x00, 0x00, 0x00, 0x05, 0xDC, 0x6B, 0x07, 0xA8, 0xFF, 0xFF, 0xF8, 0x00, 0x00, 0x00, 
0xB4, 0xFF, 0xFF, 0xBC, 0xFF, 0xFF, 0xFF, 0xFF, 0xF9, 0xDC, 0x38, 0x00, 0x00, 0x02, 0x36, 0xFF, 
0x18, 0x03, 0x1B, 0xB3, 0x11, 0x00, 0x00, 0x00, 0xFF, 0x00, 0x00, 0x00, 0x49, 0xA3, 0x00, 0x00, 
0x00, 0xFF, 0x00, 0x00, 0x00, 0x27, 0xE0, 0x00, 0x00, 0x00, 0xFF, 0x09, 0x03, 0x2F, 0xD4, 0x44, 
0x00, 0x00, 0x00, 0xFF, 0xFF, 0xFF, 0xFF, 0xD2, 0x29, 0x00, 0x00, 0x00, 0xFF, 0x06, 0x03, 0x15, 
0x5F, 0xEB, 0x60, 0x00, 0x00, 0xFF, 0x00, 0x00, 0x00, 0x00, 0x3F, 0xE3, 0x00, 0x00, 0xFF, 0x00, 
0x00, 0x00, 0x00, 0x1F, 0xEA, 0x02, 0x36, 0xFF, 0x23, 0x0A, 0x0F, 0x41, 0xCD, 0x71, 0xFF, 0xFF, 
0xFF, 0xFF, 0xFF, 0xF5, 0xD4, 0x68, 0x00, 0x00, 0x00, 0x45, 0xBD, 0xF0, 0xE3, 0x7F, 0x3C, 0xFF, 
0x00, 0x6E, 0xB6, 0x33, 0x09, 0x23, 0x7A, 0xEF, 0xFF, 0x2F, 0xC7, 0x03, 0x00, 0x00, 0x00, 0x00, 
0x38, 0xFF, 0x9D, 0x57, 0x00, 0x00, 0x00, 0x00, 0x00, 0x00, 0xFA, 0xE0, 0x1A, 0x00, 0x00, 0x00, 
0x00, 0x00, 0x00, 0x00, 0xF9, 0x05, 0x00, 0x00, 0x00, 0x00, 0x00, 0x00, 0x00, 0xEC, 0x11, 0x00, 
0x00, 0x00, 0x00, 0x00, 0x00, 0x00, 0xB0, 0x45, 0x00, 0x00, 0x00, 0x00, 0x00, 0x00, 0x00, 0x3B, 
0xBA, 0x01, 0x00, 0x00, 0x00, 0x00, 0x6B, 0xB2, 0x00, 0x69, 0xB2, 0x34, 0x08, 0x1B, 0x81, 0xE1, 
0x1E, 0x00, 0x00, 0x3C, 0xBB, 0xF4, 0xE9, 0xA5, 0x20, 0x00, 0xFF, 0xFF, 0xFF, 0xFF, 0xFB, 0xEA, 
0xB9, 0x46, 0x00, 0x00, 0x02, 0x34, 0xFF, 0x27, 0x08, 0x17, 0x60, 0xE2, 0x6A, 0x00, 0x00, 0x00, 
0xFF, 0x00, 0x00, 0x00, 0x00, 0x19, 0xDF, 0x2F, 0x00, 0x00, 0xFF, 0x00, 0x00, 0x00, 0x00, 0x00, 
0x63, 0xA3, 0x00, 0x00, 0xFF, 0x00, 0x00, 0x00, 0x00, 0x00, 0x1A, 0xE0, 0x00, 0x00, 0xFF, 0x00, 
0x00, 0x00, 0x00, 0x00, 0x05, 0xF9, 0x00, 0x00, 0xFF, 0x00, 0x00, 0x00, 0x00, 0x00, 0x1A, 0xE2, 
0x00, 0x00, 0xFF, 0x00, 0x00, 0x00, 0x00, 0x00, 0x63, 0x9B, 0x00, 0x00, 0xFF, 0x00, 0x00, 0x00, 
0x00, 0x19, 0xD6, 0x22, 0x02, 0x34, 0xFF, 0x1F, 0x04, 0x15, 0x5E, 0xDF, 0x4B, 0x00, 0xFF, 0xFF, 
0xFF, 0xFF, 0xFC, 0xE9, 0xAF, 0x37, 0x00, 0x00, 0xFF, 0xFF, 0xFF, 0xFF, 0xFF, 0xFF, 0xFF, 0xFF, 
0x00, 0x02, 0x30, 0xFF, 0x00, 0x00, 0x01, 0x4A, 0xFF, 0x00, 0x00, 0x00, 0xFF, 0x00, 0x00, 0x00, 
0x00, 0x00, 0x00, 0x00, 0x00, 0xFF, 0x00, 0x00, 0x00, 0x00, 0x00, 0x00, 0x00, 0x00, 0xFF, 0x00, 
0x00, 0x41, 0xFF, 0x00, 0x00, 0x00, 0x00, 0xFF, 0xFF, 0xFF, 0xFF, 0xFF, 0x00, 0x00, 0x00, 0x00, 
0xFF, 0x00, 0x00, 0x4E, 0xFF, 0x00, 0x00, 0x00, 0x00, 0xFF, 0x00, 0x00, 0x00, 0x00, 0x00, 0x00, 
0x00, 0x00, 0xFF, 0x00, 0x00, 0x00, 0x00, 0x44, 0xD3, 0x03, 0x34, 0xFF, 0x13, 0x00, 0x02, 0x32, 
0xE0, 0x7B, 0xFF, 0xFF, 0xFF, 0xFF, 0xFF, 0xFF, 0xFF, 0xFF, 0x23, 0xFF, 0xFF, 0xFF, 0xFF, 0xFF, 
0xFF, 0xFF, 0xFF, 0x04, 0x36, 0xFF, 0x00, 0x00, 0x01, 0x14, 0xF7, 0x00, 0x00, 0xFF, 0x00, 0x00, 
0x00, 0x00, 0x00, 0x00, 0x00, 0xFF, 0x00, 0x00, 0x00, 0x00, 0x00, 0x00, 0x00, 0xFF, 0x00, 0x00, 
0x3F, 0xFF, 0x00, 0x00, 0x00, 0xFF, 0xFF, 0xFF, 0xFF, 0xFF, 0x00, 0x00, 0x00, 0xFF, 0x00, 0x00, 
0x3C, 0xFF, 0x00, 0x00, 0x00, 0xFF, 0x00, 0x00, 0x00, 0x00, 0x00, 0x00, 0x00, 0xFF, 0x00, 0x00, 
0x00, 0x00, 0x00, 0x02, 0x34, 0xFF, 0x35, 0x04, 0x00, 0x00, 0x00, 0xFF, 0xFF, 0xFF, 0xFF, 0xFF, 
0x00, 0x00, 0x00, 0x00, 0x00, 0x32, 0xB6, 0xEE, 0xEC, 0x98, 0x2C, 0xFF, 0x00, 0x00, 0x00, 0x55, 
0xBD, 0x36, 0x08, 0x1A, 0x6A, 0xF1, 0xFF, 0x00, 0x00, 0x20, 0xD6, 0x0E, 0x00, 0x00, 0x00, 0x00, 
0x4B, 0xFF, 0x00, 0x00, 0x94, 0x64, 0x00, 0x00, 0x00, 0x00, 0x00, 0x00, 0x00, 0x00, 0x00, 0xDC, 
0x20, 0x00, 0x00, 0x00, 0x00, 0x00, 0x00, 0x00, 0x00, 0x00, 0xF9, 0x08, 0x00, 0x00, 0x00, 0x00, 
0xFF, 0xFF, 0xFF, 0xFF, 0x00, 0xEC, 0x22, 0x00, 0x00, 0x00, 0x00, 0x04, 0x3A, 0xFF, 0x3B, 0x04, 
0xAF, 0x76, 0x00, 0x00, 0x00, 0x00, 0x00, 0x00, 0xFF, 0x00, 0x00, 0x3A, 0xF0, 0x2F, 0x00, 0x00, 
0x00, 0x00, 0x00, 0xFF, 0x00, 0x00, 0x00, 0x6E, 0xF4, 0x7D, 0x25, 0x06, 0x18, 0x54, 0xFF, 0x00, 
0x00, 0x00, 0x00, 0x3B, 0xAE, 0xE8, 0xF9, 0xE2, 0xB2, 0x50, 0x00, 0x00, 0xFF, 0xFF, 0xFF, 0xFF, 
0xFF, 0x00, 0xFF, 0xFF, 0xFF, 0xFF, 0xFF, 0x04, 0x36, 0xFF, 0x35, 0x03, 0x00, 0x04, 0x36, 0xFF, 
0x34, 0x03, 0x00, 0x00, 0xFF, 0x00, 0x00, 0x00, 0x00, 0x00, 0xFF, 0x00, 0x00, 0x00, 0x00, 0xFF, 
0x00, 0x00, 0x00, 0x00, 0x00, 0xFF, 0x00, 0x00, 0x00, 0x00, 0xFF, 0x00, 0x00, 0x00, 0x00, 0x00, 
0xFF, 0x00, 0x00, 0x00, 0x00, 0xFF, 0xFF, 0xFF, 0xFF, 0xFF, 0xFF, 0xFF, 0x00, 0x00, 0x00, 0x00, 
0xFF, 0x00, 0x00, 0x00, 0x00, 0x00, 0xFF, 0x00, 0x00, 0x00, 0x00, 0xFF, 0x00, 0x00, 0x00, 0x00, 
0x00, 0xFF, 0x00, 0x00, 0x00, 0x00, 0xFF, 0x00, 0x00, 0x00, 0x00, 0x00, 0xFF, 0x00, 0x00, 0x02, 
0x34, 0xFF, 0x36, 0x04, 0x00, 0x02, 0x34, 0xFF, 0x36, 0x04, 0xFF, 0xFF, 0xFF, 0xFF, 0xFF, 0x00, 
0xFF, 0xFF, 0xFF, 0xFF, 0xFF, 0xFF, 0xFF, 0xFF, 0xFF, 0xFF, 0x04, 0x36, 0xFF, 0x34, 0x02, 0x00, 
0x00, 0xFF, 0x00, 0x00, 0x00, 0x00, 0xFF, 0x00, 0x00, 0x00, 0x00, 0xFF, 0x00, 0x00, 0x00, 0x00, 
0xFF, 0x00, 0x00, 0x00, 0x00, 0xFF, 0x00, 0x00, 0x00, 0x00, 0xFF, 0x00, 0x00, 0x00, 0x00, 0xFF, 
0x00, 0x00, 0x02, 0x34, 0xFF, 0x36, 0x04, 0xFF, 0xFF, 0xFF, 0xFF, 0xFF, 0x00, 0xFF, 0xFF, 0xFF, 
0xFF, 0xFF, 0x00, 0x04, 0x36, 0xFF, 0x34, 0x02, 0x00, 0x00, 0x00, 0xFF, 0x00, 0x00, 0x00, 0x00, 
0x00, 0xFF, 0x00, 0x00, 0x00, 0x00, 0x00, 0xFF, 0x00, 0x00, 0x00, 0x00, 0x00, 0xFF, 0x00, 0x00, 
0x00, 0x00, 0x00, 0xFF, 0x00, 0x00, 0x00, 0x00, 0x00, 0xFB, 0x00, 0x00, 0x00, 0x00, 0x00, 0xE2, 
0x00, 0x00, 0xCD, 0x47, 0x29, 0x94, 0x00, 0x00, 0xA1, 0xF5, 0xB0, 0x0C, 0x00, 0x00, 0xFF, 0xFF, 
0xFF, 0xFF, 0xFF, 0x00, 0x88, 0xFF, 0xFF, 0xFF, 0x68, 0x04, 0x36, 0xFF, 0x35, 0x04, 0x00, 0x02, 
0x85, 0xD1, 0x3C, 0x03, 0x00, 0x00, 0xF7, 0x00, 0x00, 0x00, 0x46, 0xB4, 0x0C, 0x00, 0x00, 0x00, 
0x00, 0xE6, 0x00, 0x00, 0x54, 0xAC, 0x07, 0x00, 0x00, 0x00, 0x00, 0x00, 0xD5, 0x00, 0x74, 0xE3, 
0x09, 0x00, 0x00, 0x00, 0x00, 0x00, 0x00, 0xD5, 0x82, 0xFF, 0x6A, 0x00, 0x00, 0x00, 0x00, 0x00, 
0x00, 0x00, 0xFF, 0x5B, 0x79, 0xC7, 0x11, 0x00, 0x00, 0x00, 0x00, 0x00, 0x00, 0xFF, 0x36, 0x00, 
0x72, 0xD1, 0x17, 0x00, 0x00, 0x00, 0x00, 0x00, 0xFF, 0x12, 0x00, 0x00, 0x6C, 0xD9, 0x1F, 0x00, 
0x00, 0x02, 0x34, 0xFF, 0x37, 0x04, 0x00, 0x00, 0x9F, 0xE9, 0x6B, 0x1F, 0xFF, 0xFF, 0xFF, 0xFF, 
0xFF, 0x00, 0x50, 0xFF, 0xFF, 0xFF, 0xFF, 0xFF, 0xFF, 0xFF, 0xFF, 0xFF, 0x00, 0x00, 0x00, 0x00, 
0x02, 0x34, 0xFF, 0x35, 0x04, 0x00, 0x00, 0x00, 0x00, 0x00, 0x00, 0xFF, 0x00, 0x00, 0x00, 0x00, 
0x00, 0x00, 0x00, 0x00, 0xFF, 0x00, 0x00, 0x00, 0x00, 0x00, 0x00, 0x00, 0x00, 0xFF, 0x00, 0x00, 
0x00, 0x00, 0x00, 0x00, 0x00, 0x00, 0xFF, 0x00, 0x00, 0x00, 0x00, 0x00, 0x00, 0x00, 0x00, 0xFF, 
0x00, 0x00, 0x00, 0x00, 0x00, 0x00, 0x00, 0x00, 0xFF, 0x00, 0x00, 0x00, 0x00, 0x00, 0x00, 0x00, 
0x00, 0xFF, 0x00, 0x00, 0x00, 0x00, 0x3C, 0xCC, 0x02, 0x36, 0xFF, 0x22, 0x00, 0x04, 0x35, 0xDB, 
0x73, 0xFF, 0xFF, 0xFF, 0xFF, 0xFF, 0xFF, 0xFF, 0xFA, 0x16, 0xFF, 0xFF, 0xFF, 0x70, 0x00, 0x00, 
0x00, 0x00, 0x00, 0x00, 0x3C, 0xFF, 0xFF, 0xFF, 0x05, 0x48, 0xFF, 0xD6, 0x01, 0x00, 0x00, 0x00, 
0x00, 0x00, 0x9E, 0xFF, 0x36, 0x03, 0x00, 0x00, 0xFF, 0xA5, 0x46, 0x00, 0x00, 0x00, 0x00, 0x10, 
0xAD, 0xFF, 0x00, 0x00, 0x00, 0x00, 0xFF, 0x2D, 0xAF, 0x00, 0x00, 0x00, 0x00, 0x6E, 0x56, 0xFF, 
0x00, 0x00, 0x00, 0x00, 0xFF, 0x00, 0xB0, 0x1E, 0x00, 0x00, 0x00, 0xC1, 0x07, 0xFF, 0x00, 0x00, 
0x00, 0x00, 0xFF, 0x00, 0x3A, 0x86, 0x00, 0x00, 0x3A, 0x94, 0x00, 0xFF, 0x00, 0x00, 0x00, 0x00, 
0xFF, 0x00, 0x00, 0xAB, 0x06, 0x00, 0xA0, 0x33, 0x00, 0xFF, 0x00, 0x00, 0x00, 0x00, 0xFF, 0x00, 
0x00, 0x48, 0x5B, 0x0F, 0xC8, 0x00, 0x00, 0xFF, 0x00, 0x00, 0x00, 0x00, 0xFF, 0x00, 0x00, 0x00, 
0x95, 0x6C, 0x71, 0x00, 0x00, 0xFF, 0x00, 0x00, 0x02, 0x36, 0xFF, 0x34, 0x02, 0x00, 0x56, 0xE2, 
0x16, 0x02, 0x36, 0xFF, 0x36, 0x02, 0xFF, 0xFF, 0xFF, 0xFF, 0xFF, 0x00, 0x02, 0x8A, 0x00, 0xFF, 
0xFF, 0xFF, 0xFF, 0xFF, 0x18, 0xFF, 0xFF, 0x95, 0x00, 0x00, 0x00, 0x00, 0xFF, 0xFF, 0xFF, 0xFF, 
0xFF, 0x00, 0x00, 0x00, 0xFF, 0x62, 0x00, 0x00, 0x00, 0x02, 0x36, 0xFF, 0x36, 0x02, 0x00, 0x00, 
0x00, 0xFF, 0xB9, 0x36, 0x00, 0x00, 0x00, 0x00, 0xFF, 0x00, 0x00, 0x00, 0x00, 0x00, 0xFF, 0x18, 
0xCA, 0x17, 0x00, 0x00, 0x00, 0xFF, 0x00, 0x00, 0x00, 0x00, 0x00, 0xFF, 0x00, 0x3C, 0xBE, 0x05, 
0x00, 0x00, 0xFF, 0x00, 0x00, 0x00, 0x00, 0x00, 0xFF, 0x00, 0x00, 0x70, 0x95, 0x00, 0x00, 0xFF, 
0x00, 0x00, 0x00, 0x00, 0x00, 0xFF, 0x00, 0x00, 0x00, 0xA9, 0x62, 0x00, 0xFF, 0x00, 0x00, 0x00, 
0x00, 0x00, 0xFF, 0x00, 0x00, 0x00, 0x0C, 0xCE, 0x36, 0xFF, 0x00, 0x00, 0x00, 0x00, 0x00, 0xFF, 
0x00, 0x00, 0x00, 0x00, 0x28, 0xD7, 0xFF, 0x00, 0x00, 0x00, 0x02, 0x36, 0xFF, 0x34, 0x02, 0x00, 
0x00, 0x00, 0x55, 0xFF, 0x00, 0x00, 0x00, 0xFF, 0xFF, 0xFF, 0xFF, 0xFF, 0x00, 0x00, 0x00, 0x00, 
0x8E, 0x00, 0x00, 0x00, 0x00, 0x00, 0x00, 0x00, 0x00, 0x00, 0x00, 0x00, 0x00, 0x04, 0x00, 0x00, 
0x00, 0x00, 0x41, 0xB9, 0xF1, 0xF4, 0xBB, 0x3B, 0x00, 0x00, 0x00, 0x6E, 0xCB, 0x45, 0x12, 0x16, 
0x48, 0xCA, 0x60, 0x00, 0x38, 0xCB, 0x07, 0x00, 0x00, 0x00, 0x00, 0x08, 0xCC, 0x31, 0xAC, 0x50, 
0x00, 0x00, 0x00, 0x00, 0x00, 0x00, 0x57, 0xA8, 0xE9, 0x13, 0x00, 0x00, 0x00, 0x00, 0x00, 0x00, 
0x19, 0xE8, 0xFA, 0x04, 0x00, 0x00, 0x00, 0x00, 0x00, 0x00, 0x05, 0xFA, 0xE6, 0x19, 0x00, 0x00, 
0x00, 0x00, 0x00, 0x00, 0x12, 0xE5, 0xA6, 0x5A, 0x00, 0x00, 0x00, 0x00, 0x00, 0x00, 0x4A, 0xA6, 
0x2F, 0xD0, 0x0B, 0x00, 0x00, 0x00, 0x00, 0x06, 0xC3, 0x32, 0x00, 0x5D, 0xCD, 0x48, 0x12, 0x0B, 
0x44, 0xC5, 0x6A, 0x00, 0x00, 0x00, 0x36, 0xB5, 0xF3, 0xF3, 0xBC, 0x42, 0x00, 0x00, 0xFF, 0xFF, 
0xFF, 0xFF, 0xF7, 0xD8, 0x59, 0x00, 0x02, 0x34, 0xFF, 0x13, 0x07, 0x2F, 0xA0, 0x47, 0x00, 0x00, 
0xFF, 0x00, 0x00, 0x00, 0x0A, 0xCB, 0x00, 0x00, 0xFF, 0x00, 0x00, 0x00, 0x04, 0xED, 0x00, 0x00, 
0xFF, 0x00, 0x00, 0x00, 0x36, 0x95, 0x00, 0x00, 0xFF, 0x51, 0x04, 0x38, 0xC2, 0x17, 0x00, 0x00, 
0xFF, 0xFA, 0xFE, 0xCE, 0x32, 0x00, 0x00, 0x00, 0xFF, 0x00, 0x00, 0x00, 0x00, 0x00, 0x00, 0x00, 
0xFF, 0x00, 0x00, 0x00, 0x00, 0x00, 0x02, 0x34, 0xFF, 0x34, 0x02, 0x00, 0x00, 0x00, 0xFF, 0xFF, 
0xFF, 0xFF, 0xFF, 0x00, 0x00, 0x00, 0x00, 0x00, 0x3D, 0xB8, 0xF0, 0xF4, 0xBF, 0x44, 0x00, 0x00, 
0x00, 0x67, 0xC8, 0x46, 0x13, 0x0E, 0x49, 0xCE, 0x6A, 0x00, 0x32, 0xC6, 0x06, 0x00, 0x00, 0x00, 
0x00, 0x0C, 0xD4, 0x33, 0xA7, 0x4E, 0x00, 0x00, 0x00, 0x00, 0x00, 0x00, 0x64, 0xA6, 0xE7, 0x13, 
0x00, 0x00, 0x00, 0x00, 0x00, 0x00, 0x1F, 0xE5, 0xFA, 0x04, 0x00, 0x00, 0x00, 0x00, 0x00, 0x00, 
0x07, 0xFA, 0xE8, 0x17, 0x00, 0x00, 0x00, 0x00, 0x00, 0x00, 0x12, 0xE9, 0xAE, 0x59, 0x00, 0x00, 
0x00, 0x00, 0x00, 0x00, 0x4C, 0xAB, 0x3D, 0xD3, 0x0B, 0x00, 0x00, 0x00, 0x00, 0x06, 0xC6, 0x36, 
0x00, 0x71, 0xD2, 0x4A, 0x13, 0x14, 0x47, 0xCA, 0x61, 0x00, 0x00, 0x00, 0x43, 0xC8, 0xFF, 0xFF, 
0xC3, 0x43, 0x00, 0x00, 0x00, 0x00, 0x00, 0x00, 0x78, 0xFE, 0x6A, 0x00, 0x00, 0x00, 0x00, 0x00, 
0x00, 0x00, 0x00, 0x4D, 0xE3, 0xA7, 0x43, 0x11, 0x00, 0x00, 0x00, 0x00, 0x00, 0x00, 0x0A, 0x6A, 
0xBF, 0xF1, 0xFF, 0xFF, 0xFF, 0xFF, 0xF8, 0xD3, 0x33, 0x00, 0x00, 0x00, 0x00, 0x02, 0x34, 0xFF, 
0x00, 0x05, 0x32, 0xAC, 0x17, 0x00, 0x00, 0x00, 0x00, 0x00, 0xFF, 0x00, 0x00, 0x00, 0x1D, 0xB1, 
0x00, 0x00, 0x00, 0x00, 0x00, 0xFF, 0x00, 0x00, 0x00, 0x2A, 0xD4, 0x00, 0x00, 0x00, 0x00, 0x00, 
0xFF, 0x01, 0x14, 0x51, 0xDA, 0x63, 0x00, 0x00, 0x00, 0x00, 0x00, 0xFF, 0xFE, 0xFF, 0xDF, 0x6B, 
0x00, 0x00, 0x00, 0x00, 0x00, 0x00, 0xFF, 0x03, 0x06, 0x93, 0x04, 0x00, 0x00, 0x00, 0x00, 0x00, 
0x00, 0xFF, 0x00, 0x00, 0x2C, 0x84, 0x00, 0x00, 0x00, 0x00, 0x00, 0x00, 0xFF, 0x00, 0x00, 0x00, 
0x77, 0x4C, 0x00, 0x00, 0x00, 0x02, 0x36, 0xFF, 0x34, 0x02, 0x00, 0x03, 0xB8, 0x67, 0x18, 0x01, 
0xFF, 0xFF, 0xFF, 0xFF, 0xFF, 0x00, 0x00, 0x27, 0xF7, 0xFF, 0x64, 0x00, 0x05, 0x8E, 0xEA, 0x86, 
0x2E, 0xFF, 0x16, 0x55, 0x12, 0x19, 0x52, 0xDC, 0xFF, 0xDB, 0x0D, 0x00, 0x00, 0x00, 0x30, 0xFF, 
0xA6, 0x55, 0x00, 0x00, 0x00, 0x00, 0x00, 0x07, 0x8A, 0xAF, 0x24, 0x00, 0x00, 0x00, 0x00, 0x00, 
0x17, 0x7C, 0x7D, 0x1D, 0x00, 0x00, 0x00, 0x00, 0x00, 0x0F, 0xB4, 0x54, 0x00, 0x00, 0x00, 0x00, 
0x00, 0x26, 0xDF, 0xFF, 0x64, 0x00, 0x00, 0x00, 0x16, 0xB4, 0xFF, 0xF7, 0x6C, 0x11, 0x17, 0x8A, 
0x15, 0xFF, 0x29, 0x85, 0xEC, 0xCB, 0x22, 0x00, 0xFF, 0xFF, 0xFF, 0xFF, 0xFF, 0xFF, 0xFF, 0xFF, 
0xFF, 0xFF, 0x81, 0x06, 0x00, 0xFF, 0x00, 0x0E, 0x90, 0xFF, 0xD4, 0x0E, 0x00, 0x00, 0xFF, 0x00, 
0x00, 0x0F, 0xD4, 0x00, 0x00, 0x00, 0x00, 0xFF, 0x00, 0x00, 0x00, 0x00, 0x00, 0x00, 0x00, 0x00, 
0xFF, 0x00, 0x00, 0x00, 0x00, 0x00, 0x00, 0x00, 0x00, 0xFF, 0x00, 0x00, 0x00, 0x00, 0x00, 0x00, 
0x00, 0x00, 0xFF, 0x00, 0x00, 0x00, 0x00, 0x00, 0x00, 0x00, 0x00, 0xFF, 0x00, 0x00, 0x00, 0x00, 
0x00, 0x00, 0x00, 0x00, 0xFF, 0x00, 0x00, 0x00, 0x00, 0x00, 0x00, 0x02, 0x36, 0xFF, 0x34, 0x02, 
0x00, 0x00, 0x00, 0x00, 0xFF, 0xFF, 0xFF, 0xFF, 0xFF, 0x00, 0x00, 0xFF, 0xFF, 0xFF, 0xFF, 0xFF, 
0x00, 0xFF, 0xFF, 0xFF, 0xFF, 0xFF, 0x02, 0x3A, 0xFF, 0x38, 0x02, 0x00, 0x02, 0x34, 0xFF, 0x3C, 
0x03, 0x00, 0x00, 0xFF, 0x00, 0x00, 0x00, 0x00, 0x00, 0xFF, 0x00, 0x00, 0x00, 0x00, 0xFF, 0x00, 
0x00, 0x00, 0x00, 0x00, 0xFF, 0x00, 0x00, 0x00, 0x00, 0xFF, 0x00, 0x00, 0x00, 0x00, 0x00, 0xFF, 
0x00, 0x00, 0x00, 0x00, 0xFF, 0x00, 0x00, 0x00, 0x00, 0x00, 0xFF, 0x00, 0x00, 0x00, 0x00, 0xFF, 
0x02, 0x00, 0x00, 0x00, 0x04, 0xFA, 0x00, 0x00, 0x00, 0x00, 0xF5, 0x12, 0x00, 0x00, 0x00, 0x14, 
0xE3, 0x00, 0x00, 0x00, 0x00, 0xD3, 0x40, 0x00, 0x00, 0x00, 0x51, 0x9A, 0x00, 0x00, 0x00, 0x00, 
0x3A, 0xCE, 0x28, 0x09, 0x4D, 0xD5, 0x1A, 0x00, 0x00, 0x00, 0x00, 0x00, 0x50, 0xDA, 0xF8, 0xD8, 
0x43, 0x00, 0x00, 0x00, 0xE4, 0xFF, 0xFF, 0xD0, 0x00, 0x00, 0x00, 0xC4, 0xFF, 0xFF, 0xE0, 0x13, 
0x90, 0xCA, 0x10, 0x00, 0x00, 0x00, 0x13, 0xCF, 0x93, 0x15, 0x00, 0x16, 0xCC, 0x00, 0x00, 0x00, 
0x00, 0x00, 0xCB, 0x1C, 0x00, 0x00, 0x00, 0xB5, 0x2D, 0x00, 0x00, 0x00, 0x27, 0xBC, 0x00, 0x00, 
0x00, 0x00, 0x5A, 0x8F, 0x00, 0x00, 0x00, 0x8A, 0x5F, 0x00, 0x00, 0x00, 0x00, 0x0A, 0xDE, 0x06, 
0x00, 0x04, 0xDD, 0x0C, 0x00, 0x00, 0x00, 0x00, 0x00, 0xA2, 0x53, 0x00, 0x50, 0xA4, 0x00, 0x00, 
0x00, 0x00, 0x00, 0x00, 0x46, 0xB5, 0x00, 0xB4, 0x46, 0x00, 0x00, 0x00, 0x00, 0x00, 0x00, 0x03, 
0xE3, 0x35, 0xE2, 0x03, 0x00, 0x00, 0x00, 0x00, 0x00, 0x00, 0x00, 0x8E, 0xE0, 0x8B, 0x00, 0x00, 
0x00, 0x00, 0x00, 0x00, 0x00, 0x00, 0x32, 0xFF, 0x2E, 0x00, 0x00, 0x00, 0x00, 0xA4, 0xFF, 0xFF, 
0xB4, 0x00, 0xC4, 0xFF, 0xFF, 0xFF, 0x0C, 0x00, 0xD4, 0xFF, 0xFF, 0xA8, 0x09, 0x80, 0xCC, 0x0A, 
0x00, 0x08, 0x91, 0xF6, 0x18, 0x00, 0x00, 0x0A, 0xC4, 0x8A, 0x0B, 0x00, 0x00, 0x8A, 0x22, 0x00, 
0x00, 0x12, 0xCC, 0x00, 0x00, 0x00, 0x02, 0xD3, 0x0C, 0x00, 0x00, 0x00, 0x32, 0xA2, 0x00, 0x00, 
0x00, 0x1D, 0x24, 0x00, 0x00, 0x2C, 0x9E, 0x00, 0x00, 0x00, 0x00, 0x00, 0xCF, 0x06, 0x00, 0x00, 
0x55, 0x97, 0x00, 0x00, 0x64, 0x68, 0x00, 0x00, 0x00, 0x00, 0x00, 0x8D, 0x49, 0x00, 0x00, 0x6D, 
0xD4, 0x13, 0x00, 0x9B, 0x31, 0x00, 0x00, 0x00, 0x00, 0x00, 0x3B, 0x9D, 0x00, 0x24, 0x58, 0x7C, 
0x7B, 0x00, 0xC8, 0x04, 0x00, 0x00, 0x00, 0x00, 0x00, 0x01, 0xD3, 0x04, 0x81, 0x0C, 0x1B, 0xE3, 
0x13, 0xC0, 0x00, 0x00, 0x00, 0x00, 0x00, 0x00, 0x00, 0x96, 0x4A, 0x97, 0x00, 0x00, 0xB5, 0xA0, 
0x8C, 0x00, 0x00, 0x00, 0x00, 0x00, 0x00, 0x00, 0x44, 0xDF, 0x58, 0x00, 0x00, 0x52, 0xFF, 0x55, 
0x00, 0x00, 0x00, 0x00, 0x00, 0x00, 0x00, 0x04, 0xE3, 0x0C, 0x00, 0x00, 0x05, 0xE8, 0x1F, 0x00, 
0x00, 0x00, 0xD0, 0xFF, 0xFF, 0xFF, 0xAC, 0x00, 0x34, 0xFF, 0xFF, 0xFF, 0x80, 0x0B, 0x61, 0xE0, 
0x61, 0x08, 0x00, 0x00, 0x24, 0xEE, 0x54, 0x06, 0x00, 0x00, 0x2B, 0xA9, 0x04, 0x00, 0x00, 0x78, 
0x43, 0x00, 0x00, 0x00, 0x00, 0x00, 0x4C, 0x89, 0x00, 0x51, 0x79, 0x00, 0x00, 0x00, 0x00, 0x00, 
0x00, 0x00, 0xC1, 0x73, 0xAD, 0x01, 0x00, 0x00, 0x00, 0x00, 0x00, 0x00, 0x00, 0x45, 0xFC, 0x1C, 
0x00, 0x00, 0x00, 0x00, 0x00, 0x00, 0x00, 0x00, 0x92, 0x99, 0x8B, 0x00, 0x00, 0x00, 0x00, 0x00, 
0x00, 0x00, 0x2C, 0xC8, 0x02, 0x9A, 0x46, 0x00, 0x00, 0x00, 0x00, 0x00, 0x00, 0xBB, 0x34, 0x00, 
0x16, 0xD8, 0x1F, 0x00, 0x00, 0x06, 0x3E, 0xBD, 0x84, 0x00, 0x00, 0x00, 0x6B, 0xE4, 0x4C, 0x09, 
0x9C, 0xFF, 0xFF, 0xFF, 0x2C, 0x00, 0x3C, 0xFF, 0xFF, 0xFF, 0x90, 0x28, 0xFF, 0xFF, 0xFF, 0xB8, 
0x00, 0x00, 0x88, 0xFF, 0xFF, 0xFF, 0x5C, 0x00, 0x15, 0x7A, 0xBC, 0x05, 0x00, 0x00, 0x06, 0xCE, 
0x80, 0x28, 0x00, 0x00, 0x00, 0x00, 0xCB, 0x43, 0x00, 0x00, 0xAF, 0x42, 0x00, 0x00, 0x00, 0x00, 
0x00, 0x00, 0x50, 0xB2, 0x00, 0x58, 0xA5, 0x00, 0x00, 0x00, 0x00, 0x00, 0x00, 0x00, 0x01, 0xD1, 
0x32, 0xD9, 0x19, 0x00, 0x00, 0x00, 0x00, 0x00, 0x00, 0x00, 0x00, 0x5A, 0xEE, 0x71, 0x00, 0x00, 
0x00, 0x00, 0x00, 0x00, 0x00, 0x00, 0x00, 0x03, 0xFF, 0x04, 0x00, 0x00, 0x00, 0x00, 0x00, 0x00, 
0x00, 0x00, 0x00, 0x00, 0xFF, 0x00, 0x00, 0x00, 0x00, 0x00, 0x00, 0x00, 0x00, 0x00, 0x00, 0x00, 
0xFF, 0x00, 0x00, 0x00, 0x00, 0x00, 0x00, 0x00, 0x00, 0x00, 0x02, 0x36, 0xFF, 0x36, 0x02, 0x00, 
0x00, 0x00, 0x00, 0x00, 0x00, 0x00, 0xFF, 0xFF, 0xFF, 0xFF, 0xFF, 0x00, 0x00, 0x00, 0x00, 0x00, 
0xFF, 0xFF, 0xFF, 0xFF, 0xFF, 0xFF, 0xE9, 0x15, 0x00, 0xFF, 0x89, 0x07, 0x00, 0x00, 0xB0, 0x4C, 
0x00, 0x00, 0xFF, 0x18, 0x00, 0x00, 0x64, 0x99, 0x00, 0x00, 0x00, 0x04, 0x00, 0x00, 0x22, 0xCF, 
0x0B, 0x00, 0x00, 0x00, 0x00, 0x00, 0x03, 0xC1, 0x38, 0x00, 0x00, 0x00, 0x00, 0x00, 0x00, 0x7B, 
0x82, 0x00, 0x00, 0x00, 0x00, 0x00, 0x00, 0x32, 0xC6, 0x04, 0x00, 0x00, 0x00, 0x00, 0x00, 0x09, 
0xCD, 0x27, 0x00, 0x00, 0x00, 0x01, 0x1D, 0x00, 0x93, 0x6B, 0x00, 0x00, 0x00, 0x00, 0x51, 0xC2, 
0x46, 0xB7, 0x00, 0x00, 0x00, 0x00, 0x07, 0xBD, 0x5A, 0xE5, 0xFF, 0xFF, 0xFF, 0xFF, 0xFF, 0xFF, 
0xEC, 0x07, 0xFF, 0xFF, 0xFF, 0xFF, 0x00, 0x00, 0xFF, 0x00, 0x00, 0xFF, 0x00, 0x00, 0xFF, 0x00, 
0x00, 0xFF, 0x00, 0x00, 0xFF, 0x00, 0x00, 0xFF, 0x00, 0x00, 0xFF, 0x00, 0x00, 0xFF, 0x00, 0x00, 
0xFF, 0x00, 0x00, 0xFF, 0x00, 0x00, 0xFF, 0x00, 0x00, 0xFF, 0xFF, 0xFF, 0xDD, 0x1E, 0x00, 0x00, 
0x98, 0x64, 0x00, 0x00, 0x52, 0xAA, 0x00, 0x00, 0x0F, 0xE9, 0x02, 0x00, 0x00, 0xC6, 0x36, 0x00, 
0x00, 0x80, 0x7B, 0x00, 0x00, 0x3B, 0xC1, 0x00, 0x00, 0x04, 0xEB, 0x0C, 0x00, 0x00, 0xAF, 0x4D, 
0x00, 0x00, 0x69, 0x93, 0x00, 0x00, 0x23, 0xD9, 0xFF, 0xFF, 0xFF, 0x00, 0x00, 0xFF, 0x00, 0x00, 
0xFF, 0x00, 0x00, 0xFF, 0x00, 0x00, 0xFF, 0x00, 0x00, 0xFF, 0x00, 0x00, 0xFF, 0x00, 0x00, 0xFF, 
0x00, 0x00, 0xFF, 0x00, 0x00, 0xFF, 0x00, 0x00, 0xFF, 0x00, 0x00, 0xFF, 0x00, 0x00, 0xFF, 0xFF, 
0xFF, 0xFF, 0x00, 0x00, 0x40, 0xC3, 0xBD, 0x3F, 0x00, 0x00, 0x00, 0x00, 0xC0, 0x42, 0x3C, 0xBF, 
0x00, 0x00, 0x00, 0x40, 0xC1, 0x00, 0x00, 0xBD, 0x3F, 0x00, 0x00, 0xC0, 0x41, 0x00, 0x00, 0x3C, 
0xBF, 0x00, 0x40, 0xC0, 0x00, 0x00, 0x00, 0x00, 0xBD, 0x3F, 0xC0, 0x40, 0x00, 0x00, 0x00, 0x00, 
0x3C, 0xBF, 0xFF, 0xFF, 0xFF, 0xFF, 0xFF, 0xFF, 0xFF, 0xFF, 0xB4, 0x2A, 0x24, 0x78, 0x00, 0x59, 
0x5E, 0xD9, 0xF9, 0xE4, 0x60, 0x00, 0xD7, 0x22, 0x05, 0x3D, 0xF2, 0x00, 0x00, 0x07, 0x64, 0xCD, 
0xFF, 0x00, 0x31, 0xCA, 0x7F, 0x28, 0xFF, 0x00, 0xD5, 0x27, 0x00, 0x12, 0xFF, 0x00, 0xEE, 0x50, 
0x1A, 0x70, 0xFD, 0x0B, 0x6A, 0xF1, 0xC4, 0x0F, 0xD3, 0x83, 0x4A, 0xD9, 0x00, 0x00, 0x00, 0x00, 
0x00, 0xE7, 0xFF, 0x00, 0x00, 0x00, 0x00, 0x00, 0x08, 0xFF, 0x00, 0x00, 0x00, 0x00, 0x00, 0x00, 
0xFF, 0x00, 0x00, 0x00, 0x00, 0x00, 0x00, 0xFF, 0x3F, 0xD5, 0xEA, 0x66, 0x00, 0x00, 0xFF, 0x5D, 
0x10, 0x2C, 0xCB, 0x4D, 0x00, 0xFF, 0x00, 0x00, 0x00, 0x2F, 0xC5, 0x00, 0xFF, 0x00, 0x00, 0x00, 
0x0A, 0xF6, 0x00, 0xFF, 0x00, 0x00, 0x00, 0x37, 0xCB, 0x00, 0xF4, 0x65, 0x11, 0x2B, 0xCD, 0x49, 
0x00, 0x31, 0xC5, 0xF5, 0xC9, 0x43, 0x00, 0x02, 0x81, 0xE8, 0xE7, 0x63, 0x71, 0x7B, 0x0D, 0x63, 
0xD5, 0xD8, 0x10, 0x00, 0x00, 0x00, 0xF9, 0x00, 0x00, 0x00, 0x00, 0xEB, 0x03, 0x00, 0x00, 0x00, 
0xA5, 0x43, 0x02, 0x2B, 0xDB, 0x15, 0xB2, 0xED, 0xC0, 0x5D, 0x00, 0x00, 0x00, 0x00, 0x4A, 0xD9, 
0x00, 0x00, 0x00, 0x00, 0x00, 0xE9, 0xFF, 0x00, 0x00, 0x00, 0x00, 0x00, 0x08, 0xFF, 0x00, 0x00, 
0x00, 0x00, 0x00, 0x00, 0xFF, 0x00, 0x00, 0x51, 0xD7, 0xF3, 0x58, 0xFF, 0x00, 0x3B, 0xC8, 0x27, 
0x15, 0x87, 0xFF, 0x00, 0xBD, 0x2F, 0x00, 0x00, 0x11, 0xFF, 0x00, 0xEF, 0x0B, 0x00, 0x00, 0x00, 
0xFF, 0x00, 0x9E, 0x40, 0x00, 0x00, 0x0E, 0xFF, 0x08, 0x15, 0xC2, 0x40, 0x0E, 0x89, 0xFF, 0xE8, 
0x00, 0x2A, 0xD5, 0xE4, 0x42, 0xDB, 0x4B, 0x07, 0x98, 0xEE, 0xC8, 0x21, 0x81, 0x5E, 0x09, 0x51, 
0xB1, 0xDB, 0xFF, 0xFF, 0xFF, 0xEF, 0xF0, 0x00, 0x00, 0x00, 0x00, 0xC3, 0x00, 0x00, 0x00, 0x00, 
0x7D, 0x64, 0x0D, 0x08, 0x6F, 0x0C, 0xA5, 0xF3, 0xDD, 0x4E, 0x00, 0x05, 0x8A, 0xEC, 0xE8, 0x6C, 
0x00, 0x85, 0x53, 0x10, 0x56, 0xD4, 0x00, 0xE1, 0x05, 0x00, 0x00, 0x00, 0x00, 0xFD, 0x00, 0x00, 
0x00, 0x00, 0xFF, 0xFF, 0xFF, 0xFF, 0x00, 0x00, 0x00, 0xFF, 0x00, 0x00, 0x00, 0x00, 0x00, 0xFF, 
0x00, 0x00, 0x00, 0x00, 0x00, 0xFF, 0x00, 0x00, 0x00, 0x00, 0x00, 0xFF, 0x00, 0x00, 0x00, 0x00, 
0x1F, 0xFF, 0x37, 0x01, 0x00, 0x00, 0xFF, 0xFF, 0xFF, 0xFF, 0x00, 0x00, 0x00, 0x26, 0xC0, 0xF8, 
0xFF, 0xFF, 0xF4, 0x00, 0xCA, 0x59, 0x0A, 0x82, 0xC9, 0x00, 0x00, 0xF4, 0x0C, 0x00, 0x0D, 0xF5, 
0x00, 0x00, 0x94, 0x81, 0x0A, 0x56, 0xC0, 0x00, 0x00, 0x2D, 0xC7, 0xF3, 0xC3, 0x23, 0x00, 0x00, 
0xD3, 0x1F, 0x00, 0x00, 0x00, 0x00, 0x00, 0xC0, 0xFF, 0xFF, 0xFF, 0xF2, 0x61, 0x2D, 0x48, 0x00, 
0x00, 0x04, 0x32, 0xEF, 0xE0, 0x69, 0x17, 0x04, 0x15, 0x76, 0xA5, 0x4E, 0xC2, 0xF0, 0xF3, 0xD5, 
0x83, 0x10, 0x4A, 0xD9, 0x00, 0x00, 0x00, 0x00, 0x00, 0xE7, 0xFF, 0x00, 0x00, 0x00, 0x00, 0x00, 
0x08, 0xFF, 0x00, 0x00, 0x00, 0x00, 0x00, 0x00, 0xFF, 0x00, 0x00, 0x00, 0x00, 0x00, 0x00, 0xFF, 
0x23, 0xC8, 0xF2, 0x65, 0x00, 0x00, 0xFF, 0x6B, 0x15, 0x51, 0xE6, 0x00, 0x00, 0xFF, 0x00, 0x00, 
0x04, 0xFC, 0x00, 0x00, 0xFF, 0x00, 0x00, 0x00, 0xFF, 0x00, 0x00, 0xFF, 0x00, 0x00, 0x00, 0xFF, 
0x00, 0x22, 0xFF, 0x1B, 0x00, 0x19, 0xFF, 0x1E, 0xFF, 0xFF, 0xFF, 0x00, 0xFF, 0xFF, 0xFF, 0x00, 
0xB4, 0x00, 0x00, 0x00, 0x00, 0x00, 0x00, 0x00, 0x00, 0x00, 0x00, 0x4A, 0xD9, 0x00, 0xE9, 0xFF, 
0x00, 0x09, 0xFF, 0x00, 0x00, 0xFF, 0x00, 0x00, 0xFF, 0x00, 0x1E, 0xFF, 0x1E, 0xFF, 0xFF, 0xFF, 
0x00, 0x00, 0x00, 0xB4, 0x00, 0x00, 0x00, 0x00, 0x00, 0x00, 0x00, 0x00, 0x00, 0x00, 0x00, 0x00, 
0x00, 0x00, 0x49, 0xD8, 0x00, 0x00, 0xE9, 0xFF, 0x00, 0x00, 0x09, 0xFF, 0x00, 0x00, 0x00, 0xFF, 
0x00, 0x00, 0x00, 0xFF, 0x00, 0x00, 0x00, 0xFF, 0x00, 0x00, 0x00, 0xFD, 0x00, 0x00, 0x02, 0xE4, 
0x00, 0x00, 0x2F, 0x9D, 0xC5, 0xF4, 0xAF, 0x14, 0x4B, 0xDA, 0x00, 0x00, 0x00, 0x00, 0x00, 0x00, 
0xE5, 0xFF, 0x00, 0x00, 0x00, 0x00, 0x00, 0x00, 0x08, 0xFF, 0x00, 0x00, 0x00, 0x00, 0x00, 0x00, 
0x00, 0xFF, 0x00, 0x00, 0x00, 0x00, 0x00, 0x00, 0x00, 0xFF, 0x00, 0x02, 0xBD, 0xFF, 0xFF, 0x00, 
0x00, 0xFF, 0x00, 0x1E, 0x9F, 0x77, 0x1A, 0x00, 0x00, 0xFF, 0x6C, 0xD1, 0x35, 0x00, 0x00, 0x00, 
0x00, 0xFF, 0x6D, 0x92, 0x00, 0x00, 0x00, 0x00, 0x00, 0xFF, 0x00, 0x73, 0x85, 0x00, 0x00, 0x00, 
0x22, 0xFF, 0x19, 0x00, 0x77, 0x7E, 0x00, 0x00, 0xFF, 0xFF, 0xFF, 0x00, 0x64, 0xFF, 0xB9, 0xF5, 
0x4A, 0xD9, 0x00, 0xE5, 0xFF, 0x00, 0x08, 0xFF, 0x00, 0x00, 0xFF, 0x00, 0x00, 0xFF, 0x00, 0x00, 
0xFF, 0x00, 0x00, 0xFF, 0x00, 0x00, 0xFF, 0x00, 0x00, 0xFF, 0x00, 0x1E, 0xFF, 0x1C, 0xFF, 0xFF, 
0xFF, 0x49, 0xD8, 0x1F, 0xBF, 0xF1, 0x63, 0x28, 0xCD, 0xF3, 0x68, 0x00, 0xE9, 0xFF, 0x60, 0x15, 
0x54, 0xEE, 0x6C, 0x16, 0x46, 0xEB, 0x00, 0x09, 0xFF, 0x00, 0x00, 0x03, 0xFF, 0x00, 0x00, 0x02, 
0xFF, 0x00, 0x00, 0xFF, 0x00, 0x00, 0x00, 0xFF, 0x00, 0x00, 0x00, 0xFF, 0x00, 0x00, 0xFF, 0x00, 
0x00, 0x00, 0xFF, 0x00, 0x00, 0x00, 0xFF, 0x00, 0x1F, 0xFF, 0x1B, 0x00, 0x1B, 0xFF, 0x1B, 0x00, 
0x20, 0xFF, 0x22, 0xFF, 0xFF, 0xFF, 0x00, 0xFF, 0xFF, 0xFF, 0x00, 0xFF, 0xFF, 0xFF, 0x49, 0xD8, 
0x23, 0xC7, 0xF2, 0x68, 0x00, 0xE9, 0xFF, 0x74, 0x19, 0x4A, 0xEB, 0x00, 0x08, 0xFF, 0x00, 0x00, 
0x03, 0xFF, 0x00, 0x00, 0xFF, 0x00, 0x00, 0x00, 0xFF, 0x00, 0x00, 0xFF, 0x00, 0x00, 0x00, 0xFF, 
0x00, 0x20, 0xFF, 0x1B, 0x00, 0x1B, 0xFF, 0x1D, 0xFF, 0xFF, 0xFF, 0x00, 0xFF, 0xFF, 0xFF, 0x00, 
0x55, 0xE6, 0xEC, 0x67, 0x00, 0x35, 0xBB, 0x18, 0x4C, 0xF0, 0x40, 0xBF, 0x20, 0x00, 0x00, 0x60, 
0xD3, 0xF6, 0x10, 0x00, 0x00, 0x0C, 0xF5, 0xCE, 0x58, 0x00, 0x00, 0x1D, 0xB9, 0x3A, 0xE1, 0x40, 
0x17, 0xAC, 0x31, 0x00, 0x6A, 0xEF, 0xE6, 0x55, 0x00, 0x48, 0xD5, 0x31, 0xD0, 0xEF, 0x52, 0x00, 
0xEB, 0xFF, 0x67, 0x12, 0x26, 0xC9, 0x4F, 0x0B, 0xFF, 0x00, 0x00, 0x00, 0x3A, 0xDA, 0x00, 0xFF, 
0x00, 0x00, 0x00, 0x0B, 0xF8, 0x00, 0xFF, 0x05, 0x00, 0x00, 0x2B, 0xD0, 0x00, 0xFF, 0x8F, 0x0D, 
0x20, 0xC0, 0x5B, 0x00, 0xFF, 0x6A, 0xF4, 0xDA, 0x61, 0x00, 0x00, 0xFF, 0x00, 0x00, 0x00, 0x00, 
0x00, 0x1A, 0xFF, 0x19, 0x00, 0x00, 0x00, 0x00, 0xFF, 0xFF, 0xFF, 0x00, 0x00, 0x00, 0x00, 0x00, 
0x4F, 0xD2, 0xF1, 0x3B, 0xA6, 0x00, 0x4C, 0x94, 0x26, 0x19, 0xCF, 0xFF, 0x00, 0x9C, 0x00, 0x00, 
0x00, 0x0C, 0xFF, 0x00, 0xEC, 0x02, 0x00, 0x00, 0x00, 0xFF, 0x00, 0xE4, 0x1B, 0x00, 0x00, 0x0F, 
0xFF, 0x00, 0x8F, 0x92, 0x13, 0x12, 0x95, 0xFF, 0x00, 0x0A, 0x9E, 0xF0, 0x9E, 0x08, 0xFF, 0x00, 
0x00, 0x00, 0x00, 0x00, 0x00, 0xFF, 0x00, 0x00, 0x00, 0x00, 0x00, 0x1D, 0xFF, 0x1B, 0x00, 0x00, 
0x00, 0x00, 0xFF, 0xFF, 0xFF, 0x49, 0xD8, 0x69, 0xE9, 0xC1, 0xED, 0xFF, 0x54, 0x00, 0x00, 0x08, 
0xFF, 0x00, 0x00, 0x00, 0x00, 0xFF, 0x00, 0x00, 0x00, 0x00, 0xFF, 0x00, 0x00, 0x00, 0x21, 0xFF, 
0x07, 0x00, 0x00, 0xFF, 0xFF, 0xDC, 0x00, 0x00, 0x00, 0x03, 0x0C, 0x00, 0x65, 0xF5, 0xA9, 0xFF, 
0xEE, 0x2B, 0x56, 0xFF, 0xD6, 0x6A, 0x04, 0x00, 0x1C, 0xA6, 0xDD, 0x3A, 0x00, 0x00, 0x49, 0xE0, 
0xFF, 0x63, 0x31, 0xEC, 0xFF, 0x64, 0xEC, 0x68, 0x00, 0xFF, 0x00, 0x00, 0x2B, 0xFF, 0x00, 0x00, 
0xD6, 0xFF, 0xFF, 0xAC, 0x00, 0xFF, 0x00, 0x00, 0x00, 0xFF, 0x00, 0x00, 0x00, 0xFF, 0x00, 0x00, 
0x00, 0xFF, 0x00, 0x00, 0x00, 0xFB, 0x46, 0xD0, 0x00, 0x9C, 0xEA, 0x3E, 0xFF, 0xFF, 0x00, 0x00, 
0xFF, 0xFF, 0x00, 0x21, 0xFF, 0x00, 0x00, 0x26, 0xFF, 0x00, 0x00, 0xFF, 0x00, 0x00, 0x00, 0xFF, 
0x00, 0x00, 0xFF, 0x00, 0x00, 0x00, 0xFF, 0x00, 0x00, 0xFF, 0x03, 0x00, 0x00, 0xFF, 0x08, 0x00, 
0xED, 0x4B, 0x14, 0x6C, 0xFF, 0xE6, 0x00, 0x68, 0xF3, 0xC4, 0x22, 0xD9, 0x4A, 0x48, 0xFF, 0xFF, 
0xDC, 0x00, 0xA4, 0xFF, 0xFF, 0x14, 0x00, 0x14, 0xB3, 0x0B, 0x00, 0x04, 0xC9, 0x07, 0x00, 0x00, 
0x00, 0x91, 0x2F, 0x00, 0x3C, 0x88, 0x00, 0x00, 0x00, 0x00, 0x38, 0x9C, 0x00, 0xA5, 0x32, 0x00, 
0x00, 0x00, 0x00, 0x00, 0xD3, 0x28, 0xD4, 0x00, 0x00, 0x00, 0x00, 0x00, 0x00, 0x84, 0xDC, 0x85, 
0x00, 0x00, 0x00, 0x00, 0x00, 0x00, 0x29, 0xFF, 0x2F, 0x00, 0x00, 0x00, 0x24, 0xFF, 0xFF, 0x8C, 
0x24, 0xFF, 0xFC, 0xF3, 0x5F, 0x98, 0xFF, 0xFF, 0x08, 0x00, 0x1E, 0xE7, 0x16, 0x00, 0x01, 0xE5, 
0x17, 0x00, 0x1B, 0xE5, 0x11, 0x00, 0x00, 0x00, 0x9E, 0x62, 0x00, 0x33, 0xFE, 0x67, 0x00, 0x73, 
0x88, 0x00, 0x00, 0x00, 0x00, 0x4D, 0xB5, 0x00, 0xA1, 0x8E, 0xBA, 0x00, 0xD2, 0x29, 0x00, 0x00, 
0x00, 0x00, 0x08, 0xEC, 0x24, 0xD9, 0x06, 0xE5, 0x43, 0xCA, 0x00, 0x00, 0x00, 0x00, 0x00, 0x00, 
0xAA, 0xCE, 0x77, 0x00, 0x9E, 0xE1, 0x6A, 0x00, 0x00, 0x00, 0x00, 0x00, 0x00, 0x59, 0xF7, 0x13, 
0x00, 0x4F, 0xF9, 0x12, 0x00, 0x00, 0x00, 0xFF, 0xFF, 0xFF, 0x50, 0xFF, 0xFF, 0xFF, 0x17, 0x8F, 
0x75, 0x0B, 0xAB, 0x99, 0x09, 0x00, 0x00, 0xA4, 0x69, 0x89, 0x02, 0x00, 0x00, 0x00, 0x55, 0xF2, 
0x17, 0x00, 0x00, 0x00, 0x00, 0xC7, 0x6F, 0xAE, 0x00, 0x00, 0x23, 0xAD, 0x5F, 0x00, 0x60, 0x9C, 
0x17, 0xFF, 0xFF, 0xFF, 0x00, 0xFF, 0xFF, 0xFF, 0x58, 0xFF, 0xFF, 0x9C, 0x00, 0x98, 0xFF, 0xFF, 
0x0C, 0x02, 0x3B, 0xD5, 0x16, 0x00, 0x02, 0xE1, 0x33, 0x00, 0x00, 0x00, 0x88, 0x76, 0x00, 0x40, 
0xC3, 0x00, 0x00, 0x00, 0x00, 0x21, 0xD9, 0x01, 0xAC, 0x59, 0x00, 0x00, 0x00, 0x00, 0x00, 0xB7, 
0x5F, 0xE5, 0x06, 0x00, 0x00, 0x00, 0x00, 0x00, 0x4E, 0xF7, 0x86, 0x00, 0x00, 0x00, 0x00, 0x00, 
0x00, 0x04, 0xF5, 0x1F, 0x00, 0x00, 0x00, 0x00, 0x00, 0x00, 0x3D, 0xB2, 0x00, 0x00, 0x00, 0x00, 
0x00, 0x00, 0x07, 0xAF, 0x40, 0x00, 0x00, 0x00, 0x00, 0x00, 0xC7, 0xE3, 0x46, 0x00, 0x00, 0x00, 
0x00, 0x00, 0x00, 0xFF, 0xFF, 0xFF, 0xFF, 0xE8, 0x00, 0xFF, 0x29, 0x08, 0xBF, 0x37, 0x00, 0x00, 
0x00, 0xA5, 0x58, 0x00, 0x00, 0x00, 0x80, 0x7F, 0x00, 0x00, 0x00, 0x58, 0xA5, 0x00, 0x00, 0x00, 
0x37, 0xBF, 0x08, 0x00, 0x27, 0xFF, 0xE8, 0xFF, 0xFF, 0xFF, 0xFF, 0xFF, 0x00, 0x00, 0x65, 0xD9, 
0x00, 0x6E, 0x9D, 0x20, 0x00, 0xF2, 0x05, 0x00, 0x00, 0xFF, 0x00, 0x00, 0x02, 0xF4, 0x00, 0x00, 
0x59, 0xB7, 0x00, 0x00, 0xFF, 0x40, 0x00, 0x00, 0x66, 0xB1, 0x00, 0x00, 0x06, 0xF3, 0x00, 0x00, 
0x00, 0xFF, 0x00, 0x00, 0x00, 0xFF, 0x00, 0x00, 0x00, 0xDF, 0x0F, 0x00, 0x00, 0x6A, 0xB4, 0x28, 
0x00, 0x00, 0x6A, 0xDB, 0xFF, 0xFF, 0xFF, 0xFF, 0xFF, 0xFF, 0xFF, 0xFF, 0xFF, 0xFF, 0xFF, 0xFF, 
0xFF, 0xFF, 0xFF, 0xCB, 0x47, 0x00, 0x00, 0x20, 0x9C, 0x68, 0x00, 0x00, 0x06, 0xF2, 0x00, 0x00, 
0x00, 0xFF, 0x00, 0x00, 0x00, 0xF7, 0x02, 0x00, 0x00, 0xC1, 0x59, 0x00, 0x00, 0x42, 0xFF, 0x00, 
0x00, 0xA9, 0x66, 0x00, 0x00, 0xE8, 0x06, 0x00, 0x00, 0xFF, 0x00, 0x00, 0x00, 0xFF, 0x00, 0x00, 
0x0E, 0xDE, 0x00, 0x26, 0xB1, 0x68, 0x00, 0xDB, 0x69, 0x00, 0x00, 0x51, 0xE7, 0xEF, 0xA5, 0x5F, 
0x2D, 0x0B, 0x46, 0xE3, 0xE4, 0x3F, 0x12, 0x47, 0x87, 0xC7, 0xF5, 0xE3, 0x4B, 0x00, 0xFF, 0xFF, 
0xFF, 0xFF, 0xFF, 0xFF, 0x00, 0x00, 0x00, 0xFF, 0xFF, 0xFF, 0xFF, 0xFF, 0xFF, 0x00, 0x3A, 0xDA, 
0xEF, 0x75, 0x00, 0x00, 0xD7, 0x53, 0x15, 0xDA, 0x00, 0x00, 0xE8, 0x0F, 0x00, 0x00, 0x00, 0x00, 
0x73, 0x96, 0x00, 0x00, 0x00, 0x04, 0x86, 0xA6, 0xA1, 0x05, 0x00, 0x92, 0x42, 0x00, 0x81, 0xBA, 
0x0C, 0xF2, 0x12, 0x00, 0x00, 0x79, 0xB0, 0xB3, 0x74, 0x00, 0x00, 0x0E, 0xF1, 0x0D, 0xBE, 0x74, 
0x00, 0x3C, 0x8E, 0x00, 0x07, 0xA5, 0x89, 0x75, 0x03, 0x00, 0x00, 0x01, 0x9C, 0x66, 0x00, 0x00, 
0x00, 0x00, 0x12, 0xEB, 0x00, 0x00, 0xD8, 0x12, 0x53, 0xD6, 0x00, 0x00, 0x74, 0xF0, 0xDB, 0x3C, 
0x00, 0x00, 0x00, 0x1E, 0x90, 0xDD, 0xF7, 0xDD, 0x90, 0x1E, 0x00, 0x00, 0x00, 0x47, 0xDF, 0x78, 
0x24, 0x08, 0x26, 0x84, 0xE8, 0x45, 0x00, 0x20, 0xD8, 0x1D, 0x50, 0xCF, 0xFA, 0xFF, 0xFF, 0x3A, 
0xE8, 0x1D, 0x93, 0x66, 0x52, 0xBD, 0x22, 0x17, 0x78, 0xFF, 0x00, 0x84, 0x8F, 0xDE, 0x1D, 0xD2, 
0x2A, 0x00, 0x00, 0x00, 0x00, 0x00, 0x26, 0xDD, 0xF8, 0x06, 0xF4, 0x08, 0x00, 0x00, 0x00, 0x00, 
0x00, 0x08, 0xF7, 0xDE, 0x1B, 0xAC, 0x2A, 0x00, 0x00, 0x00, 0x00, 0x00, 0x25, 0xDD, 0x94, 0x68, 
0x31, 0xB8, 0x1D, 0x07, 0x40, 0xE6, 0x00, 0x81, 0x90, 0x21, 0xDE, 0x28, 0x53, 0xD8, 0xF7, 0xD3, 
0x49, 0x38, 0xE8, 0x1E, 0x00, 0x49, 0xE2, 0x70, 0x1E, 0x07, 0x25, 0x82, 0xE9, 0x47, 0x00, 0x00, 
0x00, 0x22, 0x95, 0xDF, 0xF8, 0xDE, 0x94, 0x21, 0x00, 0x00, 0x00, 0x49, 0xB6, 0x00, 0x49, 0xB6, 
0x04, 0xD2, 0x29, 0x04, 0xD2, 0x29, 0x6E, 0x92, 0x00, 0x6E, 0x92, 0x00, 0xDB, 0x24, 0x00, 0xDB, 
0x24, 0x00, 0x6E, 0x92, 0x00, 0x6E, 0x92, 0x00, 0x04, 0xD2, 0x28, 0x04, 0xD2, 0x28, 0x00, 0x49, 
0xB6, 0x00, 0x49, 0xB6, 0xFF, 0xFF, 0xFF, 0xFF, 0x00, 0x00, 0x1E, 0x90, 0xDD, 0xF7, 0xDD, 0x90, 
0x1E, 0x00, 0x00, 0x00, 0x47, 0xE6, 0x84, 0x26, 0x08, 0x26, 0x84, 0xE8, 0x45, 0x00, 0x20, 0xDA, 
0xFF, 0xFF, 0xFF, 0xF9, 0xCE, 0x3D, 0x3A, 0xE8, 0x1D, 0x93, 0x60, 0x15, 0xFF, 0x09, 0x10, 0x6C, 
0xE2, 0x00, 0x84, 0x8F, 0xDE, 0x1A, 0x00, 0xFF, 0x03, 0x16, 0x69, 0xD1, 0x00, 0x26, 0xDD, 0xF8, 
0x06, 0x00, 0xFF, 0xFF, 0xFF, 0xAB, 0x1C, 0x00, 0x08, 0xF7, 0xDE, 0x1E, 0x00, 0xFF, 0x00, 0x5F, 
0x9A, 0x03, 0x00, 0x25, 0xDD, 0x94, 0x70, 0x16, 0xFF, 0x11, 0x00, 0x51, 0xAD, 0x1D, 0x81, 0x90, 
0x21, 0xE3, 0xFF, 0xFF, 0xFF, 0x00, 0x00, 0x44, 0xFF, 0xE8, 0x1E, 0x00, 0x49, 0xE8, 0x80, 0x25, 
0x08, 0x25, 0x82, 0xE9, 0x47, 0x00, 0x00, 0x00, 0x22, 0x95, 0xDF, 0xF8, 0xDE, 0x94, 0x21, 0x00, 
0x00, 0x1F, 0xBD, 0xF3, 0xBC, 0x1E, 0xBE, 0x78, 0x0C, 0x78, 0xBC, 0xF4, 0x0C, 0x00, 0x0C, 0xF3, 
0xBC, 0x78, 0x0C, 0x78, 0xBC, 0x1E, 0xBC, 0xF4, 0xBC, 0x1E, 0x00, 0x00, 0x00, 0x00, 0xFF, 0x00, 
0x00, 0x00, 0x00, 0x00, 0x00, 0x00, 0x00, 0xFF, 0x00, 0x00, 0x00, 0x00, 0x00, 0x00, 0x00, 0x00, 
0xFF, 0x00, 0x00, 0x00, 0x00, 0x00, 0x00, 0x00, 0x00, 0xFF, 0x00, 0x00, 0x00, 0x00, 0xFF, 0xFF, 
0xFF, 0xFF, 0xFF, 0xFF, 0xFF, 0xFF, 0xFF, 0x00, 0x00, 0x00, 0x00, 0xFF, 0x00, 0x00, 0x00, 0x00, 
0x00, 0x00, 0x00, 0x00, 0xFF, 0x00, 0x00, 0x00, 0x00, 0x00, 0x00, 0x00, 0x00, 0xFF, 0x00, 0x00, 
0x00, 0x00, 0xFF, 0xFF, 0xFF, 0xFF, 0xFF, 0xFF, 0xFF, 0xFF, 0xFF, 0x2A, 0xB2, 0x78, 0x22, 0x56, 
0x00, 0xB7, 0x49, 0x00, 0xB7, 0x49, 0x00, 0x29, 0xD2, 0x04, 0x29, 0xD2, 0x04, 0x00, 0x93, 0x6D, 
0x00, 0x93, 0x6D, 0x00, 0x25, 0xDB, 0x00, 0x25, 0xDB, 0x00, 0x93, 0x6D, 0x00, 0x93, 0x6D, 0x29, 
0xD2, 0x04, 0x29, 0xD2, 0x04, 0xB7, 0x49, 0x00, 0xB7, 0x49, 0x00, 0x8C, 0x18, 0x00, 0x00, 0x18, 
0x8C, 0x20, 0xB7, 0x18, 0x18, 0xB7, 0x1F, 0x00, 0x20, 0xB7, 0xB7, 0x1F, 0x00, 0x00, 0x18, 0xB7, 
0xB7, 0x18, 0x00, 0x18, 0xB7, 0x1F, 0x20, 0xB7, 0x18, 0x98, 0x1F, 0x00, 0x00, 0x20, 0x97, 0x00, 
0x00, 0x00, 0x00, 0xB4, 0x00, 0x00, 0x00, 0x00, 0x00, 0x00, 0x00, 0x00, 0x00, 0x00, 0x00, 0x00, 
0x00, 0xFF, 0xFF, 0xFF, 0xFF, 0xFF, 0xFF, 0xFF, 0xFF, 0xFF, 0x00, 0x00, 0x00, 0x00, 0x00, 0x00, 
0x00, 0x00, 0x00, 0x00, 0x00, 0x00, 0x00, 0xB4, 0x00, 0x00, 0x00, 0x00, 0x00, 0x00, 0x02, 0x3C, 
0x04, 0x0D, 0x37, 0x00, 0x00, 0x00, 0x00, 0x00, 0x35, 0xFF, 0x49, 0x75, 0xFD, 0x0C, 0x00, 0x00, 
0x00, 0x00, 0x02, 0x3F, 0x05, 0x0E, 0x38, 0x00, 0x00, 0x00, 0x32, 0x7B, 0x98, 0x95, 0x94, 0x94, 
0x96, 0x98, 0x4E, 0x00, 0x00, 0x3B, 0xFF, 0x58, 0x00, 0x00, 0x00, 0x41, 0x88, 0x00, 0x00, 0x28, 
0xFF, 0x58, 0x00, 0x00, 0x00, 0x00, 0x44, 0x00, 0x00, 0x28, 0xFF, 0x58, 0x00, 0x00, 0x00, 0x1E, 
0x00, 0x00, 0x00, 0x28, 0xFF, 0x58, 0x00, 0x00, 0x08, 0x7F, 0x00, 0x00, 0x00, 0x28, 0xFF, 0xB6, 
0x90, 0x92, 0xCD, 0xA0, 0x00, 0x00, 0x00, 0x28, 0xFF, 0x58, 0x00, 0x00, 0x06, 0x78, 0x00, 0x00, 
0x00, 0x28, 0xFF, 0x58, 0x00, 0x00, 0x00, 0x18, 0x00, 0x00, 0x00, 0x28, 0xFF, 0x58, 0x00, 0x00, 
0x00, 0x00, 0x12, 0x2F, 0x00, 0x2C, 0xFF, 0x5A, 0x00, 0x00, 0x00, 0x03, 0x9E, 0x0C, 0x35, 0xA3, 
0xFF, 0xCF, 0x94, 0x94, 0x99, 0xD3, 0xAB, 0x00, 0x00, 0x00, 0x00, 0x00, 0x22, 0xED, 0x06, 0x00, 
0x00, 0x00, 0x00, 0x00, 0x00, 0x00, 0x00, 0x77, 0xF7, 0x4D, 0x00, 0x00, 0x00, 0x00, 0x00, 0x00, 
0x00, 0x00, 0xCB, 0x76, 0xA6, 0x00, 0x00, 0x00, 0x00, 0x00, 0x00, 0x00, 0x20, 0xE2, 0x03, 0xDA, 
0x0B, 0x00, 0x00, 0x00, 0x00, 0x00, 0x00, 0x74, 0x8E, 0x00, 0x93, 0x58, 0x00, 0x00, 0x00, 0x00, 
0x00, 0x00, 0xC9, 0x38, 0x00, 0x3F, 0xB2, 0x00, 0x00, 0x00, 0x00, 0x00, 0x1E, 0xE0, 0x01, 0x00, 
0x02, 0xE1, 0x11, 0x00, 0x00, 0x00, 0x00, 0x72, 0xFF, 0xFF, 0xFF, 0xFF, 0xFF, 0x64, 0x00, 0x00, 
0x00, 0x00, 0xC6, 0x37, 0x00, 0x00, 0x00, 0x3E, 0xBD, 0x00, 0x00, 0x08, 0x75, 0xE2, 0x0B, 0x00, 
0x00, 0x00, 0x05, 0xDC, 0x6B, 0x07, 0xA8, 0xFF, 0xFF, 0xF8, 0x00, 0x00, 0x00, 0xB4, 0xFF, 0xFF, 
0xBC, 0xFF, 0xFF, 0xFF, 0xFF, 0xFF, 0xFF, 0xFF, 0xB4, 0x00, 0x07, 0x3B, 0xFF, 0x00, 0x00, 0x0C, 
0x63, 0xE6, 0x00, 0x00, 0x00, 0xFF, 0x00, 0x00, 0x00, 0x00, 0x00, 0x00, 0x00, 0x00, 0xFF, 0x00, 
0x00, 0x00, 0x00, 0x00, 0x00, 0x00, 0x00, 0xFF, 0x00, 0x00, 0x00, 0x00, 0x00, 0x00, 0x00, 0x00, 
0xFF, 0xFF, 0xFA, 0xEA, 0xC4, 0x52, 0x00, 0x00, 0x00, 0xFF, 0x07, 0x0A, 0x22, 0x62, 0xD4, 0x2F, 
0x00, 0x00, 0xFF, 0x00, 0x00, 0x00, 0x00, 0x1E, 0xBB, 0x00, 0x00, 0xFF, 0x00, 0x00, 0x00, 0x00, 
0x28, 0xC6, 0x06, 0x3A, 0xFF, 0x0D, 0x04, 0x1D, 0x66, 0xE0, 0x42, 0xFF, 0xFF, 0xFF, 0xFF, 0xFF, 
0xF6, 0xCF, 0x5D, 0x00, 0xFF, 0xFF, 0xFF, 0xFF, 0xF9, 0xDC, 0x38, 0x00, 0x00, 0x02, 0x36, 0xFF, 
0x18, 0x03, 0x1B, 0xB3, 0x11, 0x00, 0x00, 0x00, 0xFF, 0x00, 0x00, 0x00, 0x49, 0xA3, 0x00, 0x00, 
0x00, 0xFF, 0x00, 0x00, 0x00, 0x27, 0xE0, 0x00, 0x00, 0x00, 0xFF, 0x09, 0x03, 0x2F, 0xD4, 0x44, 
0x00, 0x00, 0x00, 0xFF, 0xFF, 0xFF, 0xFF, 0xD2, 0x29, 0x00, 0x00, 0x00, 0xFF, 0x06, 0x03, 0x15, 
0x5F, 0xEB, 0x60, 0x00, 0x00, 0xFF, 0x00, 0x00, 0x00, 0x00, 0x3F, 0xE3, 0x00, 0x00, 0xFF, 0x00, 
0x00, 0x00, 0x00, 0x1F, 0xEA, 0x02, 0x36, 0xFF, 0x23, 0x0A, 0x0F, 0x41, 0xCD, 0x71, 0xFF, 0xFF, 
0xFF, 0xFF, 0xFF, 0xF5, 0xD4, 0x68, 0x00, 0xFF, 0xFF, 0xFF, 0xFF, 0xFF, 0xFF, 0xFF, 0xFF, 0xE7, 
0x07, 0x3A, 0xFF, 0x00, 0x00, 0x00, 0x06, 0x5C, 0xF7, 0x00, 0x00, 0xFF, 0x00, 0x00, 0x00, 0x00, 
0x00, 0x00, 0x00, 0x00, 0xFF, 0x00, 0x00, 0x00, 0x00, 0x00, 0x00, 0x00, 0x00, 0xFF, 0x00, 0x00, 
0x00, 0x00, 0x00, 0x00, 0x00, 0x00, 0xFF, 0x00, 0x00, 0x00, 0x00, 0x00, 0x00, 0x00, 0x00, 0xFF, 
0x00, 0x00, 0x00, 0x00, 0x00, 0x00, 0x00, 0x00, 0xFF, 0x00, 0x00, 0x00, 0x00, 0x00, 0x00, 0x00, 
0x00, 0xFF, 0x00, 0x00, 0x00, 0x00, 0x00, 0x00, 0x06, 0x3A, 0xFF, 0x3A, 0x06, 0x00, 0x00, 0x00, 
0x00, 0xFF, 0xFF, 0xFF, 0xFF, 0xFF, 0x00, 0x00, 0x00, 0x00, 0x00, 0xFF, 0xFF, 0xFF, 0xFF, 0xFF, 
0xFF, 0xFF, 0xFF, 0xFF, 0x00, 0x08, 0x5E, 0xF8, 0x00, 0x00, 0x00, 0xFF, 0x58, 0x0A, 0x00, 0x00, 
0x05, 0xEB, 0x00, 0x00, 0x00, 0xFF, 0x04, 0x00, 0x00, 0x00, 0x0B, 0xD9, 0x00, 0x00, 0x00, 0xFF, 
0x00, 0x00, 0x00, 0x00, 0x1E, 0xC4, 0x00, 0x00, 0x00, 0xFF, 0x00, 0x00, 0x00, 0x00, 0x3B, 0xA4, 
0x00, 0x00, 0x00, 0xFF, 0x00, 0x00, 0x00, 0x00, 0x69, 0x7A, 0x00, 0x00, 0x00, 0xFF, 0x00, 0x00, 
0x00, 0x00, 0xA1, 0x37, 0x00, 0x00, 0x00, 0xFF, 0x00, 0x00, 0x00, 0x0B, 0xCB, 0x00, 0x00, 0x00, 
0x00, 0xFF, 0x01, 0x00, 0x00, 0x82, 0x4F, 0x00, 0x00, 0x00, 0x27, 0xFF, 0x0B, 0x00, 0xAA, 0xFF, 
0xFF, 0xFF, 0xFF, 0xFF, 0xFF, 0xFF, 0xA7, 0x00, 0xFF, 0x8C, 0x18, 0x02, 0x00, 0x02, 0x1D, 0x6F, 
0xFF, 0x00, 0xFF, 0x25, 0x00, 0x00, 0x00, 0x00, 0x00, 0x11, 0xFF, 0x00, 0xFF, 0x0C, 0x00, 0x00, 
0x00, 0x00, 0x00, 0x0C, 0xFF, 0x00, 0xFF, 0xFF, 0xFF, 0xFF, 0xFF, 0xFF, 0xFF, 0xFF, 0x00, 0x02, 
0x30, 0xFF, 0x00, 0x00, 0x01, 0x4A, 0xFF, 0x00, 0x00, 0x00, 0xFF, 0x00, 0x00, 0x00, 0x00, 0x00, 
0x00, 0x00, 0x00, 0xFF, 0x00, 0x00, 0x00, 0x00, 0x00, 0x00, 0x00, 0x00, 0xFF, 0x00, 0x00, 0x41, 
0xFF, 0x00, 0x00, 0x00, 0x00, 0xFF, 0xFF, 0xFF, 0xFF, 0xFF, 0x00, 0x00, 0x00, 0x00, 0xFF, 0x00, 
0x00, 0x4E, 0xFF, 0x00, 0x00, 0x00, 0x00, 0xFF, 0x00, 0x00, 0x00, 0x00, 0x00, 0x00, 0x00, 0x00, 
0xFF, 0x00, 0x00, 0x00, 0x00, 0x44, 0xD3, 0x03, 0x34, 0xFF, 0x13, 0x00, 0x02, 0x32, 0xE0, 0x7B, 
0xFF, 0xFF, 0xFF, 0xFF, 0xFF, 0xFF, 0xFF, 0xFF, 0x23, 0xB8, 0xF9, 0xC4, 0x24, 0x00, 0xFF, 0xFF, 
0xFF, 0xFF, 0xFF, 0x00, 0x28, 0xC7, 0xF9, 0xB7, 0x00, 0x00, 0x15, 0xB1, 0x00, 0x07, 0x3A, 0xFF, 
0x39, 0x06, 0x00, 0xB8, 0x14, 0x00, 0x00, 0x00, 0x00, 0x00, 0x9C, 0x28, 0x00, 0x00, 0xFF, 0x00, 
0x00, 0x2C, 0x98, 0x00, 0x00, 0x00, 0x00, 0x00, 0x00, 0x45, 0x89, 0x00, 0x00, 0xFF, 0x00, 0x00, 
0x8C, 0x3F, 0x00, 0x00, 0x00, 0x00, 0x00, 0x00, 0x02, 0xC2, 0x39, 0x01, 0xFF, 0x00, 0x38, 0xC4, 
0x01, 0x00, 0x00, 0x00, 0x00, 0x00, 0x00, 0x00, 0x32, 0xFF, 0xFA, 0xFF, 0xF8, 0xFF, 0x2D, 0x00, 
0x00, 0x00, 0x00, 0x00, 0x00, 0x00, 0x10, 0xD3, 0x7C, 0x04, 0xFF, 0x04, 0x40, 0x6F, 0x00, 0x00, 
0x00, 0x00, 0x00, 0x00, 0x00, 0x60, 0xE1, 0x05, 0x00, 0xFF, 0x00, 0x00, 0xAB, 0x17, 0x00, 0x00, 
0x00, 0x00, 0x00, 0x00, 0xC9, 0x5D, 0x00, 0x00, 0xFF, 0x00, 0x00, 0x54, 0xA3, 0x00, 0x00, 0x00, 
0x00, 0x00, 0x71, 0xC5, 0x01, 0x06, 0x3A, 0xFF, 0x39, 0x06, 0x01, 0xC7, 0x5E, 0x00, 0x00, 0xDA, 
0xD8, 0xFD, 0x32, 0x00, 0xFF, 0xFF, 0xFF, 0xFF, 0xFF, 0x00, 0x34, 0xFC, 0xBE, 0xCE, 0x00, 0xFF, 
0x67, 0xB9, 0xF5, 0xCD, 0x30, 0x00, 0xFF, 0xC6, 0x28, 0x0A, 0x75, 0xD0, 0x00, 0xFF, 0x2B, 0x00, 
0x00, 0x0E, 0xED, 0x00, 0x00, 0x00, 0x05, 0x27, 0xAD, 0x69, 0x00, 0x00, 0x00, 0xFF, 0xFC, 0x6B, 
0x00, 0x00, 0x00, 0x00, 0x11, 0x4A, 0xDC, 0x4E, 0x00, 0x00, 0x00, 0x00, 0x00, 0x41, 0xCD, 0x00, 
0x00, 0x00, 0x00, 0x00, 0x0B, 0xF7, 0xB9, 0x55, 0x00, 0x00, 0x00, 0x33, 0xE1, 0x3B, 0xF0, 0x67, 
0x0E, 0x28, 0xCA, 0x70, 0x00, 0x44, 0xCE, 0xF5, 0xD2, 0x5F, 0x00, 0xFF, 0xFF, 0xFF, 0xFF, 0xFF, 
0x00, 0xFF, 0xFF, 0xFF, 0xFF, 0xFF, 0x07, 0x3A, 0xFF, 0x39, 0x06, 0x00, 0x06, 0x3C, 0xFF, 0x3A, 
0x06, 0x00, 0x00, 0xFF, 0x00, 0x00, 0x00, 0x00, 0x6A, 0xFF, 0x00, 0x00, 0x00, 0x00, 0xFF, 0x00, 
0x00, 0x00, 0x44, 0x90, 0xFF, 0x00, 0x00, 0x00, 0x00, 0xFF, 0x00, 0x00, 0x26, 0xAA, 0x04, 0xFF, 
0x00, 0x00, 0x00, 0x00, 0xFF, 0x00, 0x11, 0xB3, 0x11, 0x00, 0xFF, 0x00, 0x00, 0x00, 0x00, 0xFF, 
0x04, 0xAA, 0x26, 0x00, 0x00, 0xFF, 0x00, 0x00, 0x00, 0x00, 0xFF, 0x91, 0x44, 0x00, 0x00, 0x00, 
0xFF, 0x00, 0x00, 0x00, 0x00, 0xFF, 0x6A, 0x00, 0x00, 0x00, 0x00, 0xFF, 0x00, 0x00, 0x06, 0x3A, 
0xFF, 0x32, 0x05, 0x00, 0x06, 0x3A, 0xFF, 0x3A, 0x06, 0xFF, 0xFF, 0xFF, 0xFF, 0xFF, 0x00, 0xFF, 
0xFF, 0xFF, 0xFF, 0xFF, 0x00, 0x00, 0xD1, 0x6E, 0x00, 0x00, 0x00, 0x71, 0xD1, 0x00, 0x00, 0x00, 
0x00, 0xCF, 0xF9, 0x59, 0x0F, 0x59, 0xF9, 0xCD, 0x00, 0x00, 0x00, 0x00, 0x22, 0xA9, 0xE7, 0xFA, 
0xE7, 0xA9, 0x20, 0x00, 0x00, 0x00, 0x00, 0x00, 0x00, 0x00, 0x00, 0x00, 0x00, 0x00, 0x00, 0x00, 
0xFF, 0xFF, 0xFF, 0xFF, 0xFF, 0x00, 0xFF, 0xFF, 0xFF, 0xFF, 0xFF, 0x07, 0x3A, 0xFF, 0x39, 0x06, 
0x00, 0x06, 0x3C, 0xFF, 0x3A, 0x06, 0x00, 0x00, 0xFF, 0x00, 0x00, 0x00, 0x00, 0x6A, 0xFF, 0x00, 
0x00, 0x00, 0x00, 0xFF, 0x00, 0x00, 0x00, 0x44, 0x90, 0xFF, 0x00, 0x00, 0x00, 0x00, 0xFF, 0x00, 
0x00, 0x26, 0xAA, 0x04, 0xFF, 0x00, 0x00, 0x00, 0x00, 0xFF, 0x00, 0x11, 0xB3, 0x11, 0x00, 0xFF, 
0x00, 0x00, 0x00, 0x00, 0xFF, 0x04, 0xAA, 0x26, 0x00, 0x00, 0xFF, 0x00, 0x00, 0x00, 0x00, 0xFF, 
0x91, 0x44, 0x00, 0x00, 0x00, 0xFF, 0x00, 0x00, 0x00, 0x00, 0xFF, 0x6A, 0x00, 0x00, 0x00, 0x00, 
0xFF, 0x00, 0x00, 0x06, 0x3A, 0xFF, 0x32, 0x05, 0x00, 0x06, 0x3A, 0xFF, 0x3A, 0x06, 0xFF, 0xFF, 
0xFF, 0xFF, 0xFF, 0x00, 0xFF, 0xFF, 0xFF, 0xFF, 0xFF, 0xFF, 0xFF, 0xFF, 0xFF, 0xFF, 0x00, 0x09, 
0xA9, 0xF6, 0xC1, 0x00, 0x07, 0x3A, 0xFF, 0x39, 0x06, 0x00, 0x77, 0x4D, 0x5D, 0xC8, 0x00, 0x00, 
0x00, 0xFF, 0x00, 0x00, 0x02, 0xCB, 0x03, 0x00, 0x00, 0x00, 0x00, 0x00, 0xFF, 0x00, 0x00, 0x59, 
0x7B, 0x00, 0x00, 0x00, 0x00, 0x00, 0x00, 0xFF, 0x05, 0x4A, 0xB7, 0x06, 0x00, 0x00, 0x00, 0x00, 
0x00, 0x00, 0xFF, 0xFF, 0xF0, 0x0A, 0x00, 0x00, 0x00, 0x00, 0x00, 0x00, 0x00, 0xFF, 0x08, 0x99, 
0x70, 0x00, 0x00, 0x00, 0x00, 0x00, 0x00, 0x00, 0xFF, 0x00, 0x04, 0xBE, 0x3C, 0x00, 0x00, 0x00, 
0x00, 0x00, 0x00, 0xFF, 0x00, 0x00, 0x1D, 0xD6, 0x1C, 0x00, 0x00, 0x00, 0x06, 0x3A, 0xFF, 0x39, 
0x06, 0x00, 0x57, 0xD9, 0x26, 0x00, 0x00, 0xFF, 0xFF, 0xFF, 0xFF, 0xFF, 0x00, 0x00, 0xA8, 0xF9, 
0xA0, 0x2A, 0x00, 0xFF, 0xFF, 0xFF, 0xFF, 0xFF, 0xFF, 0xFF, 0xFF, 0xFF, 0x00, 0x0B, 0x5B, 0xFF, 
0x00, 0x00, 0x00, 0xFF, 0x3A, 0x06, 0x00, 0x00, 0x05, 0xFF, 0x00, 0x00, 0x00, 0xFF, 0x00, 0x00, 
0x00, 0x00, 0x00, 0xFF, 0x00, 0x00, 0x00, 0xFF, 0x00, 0x00, 0x00, 0x00, 0x00, 0xFC, 0x00, 0x00, 
0x00, 0xFF, 0x00, 0x00, 0x00, 0x00, 0x04, 0xF6, 0x00, 0x00, 0x00, 0xFF, 0x00, 0x00, 0x00, 0x00, 
0x0B, 0xE7, 0x00, 0x00, 0x00, 0xFF, 0x00, 0x00, 0x00, 0x00, 0x1F, 0xCF, 0x00, 0x00, 0x00, 0xFF, 
0x00, 0x00, 0x00, 0x00, 0x47, 0xA2, 0x00, 0x00, 0x00, 0xFF, 0x00, 0x00, 0xCF, 0x2F, 0xAF, 0x4D, 
0x00, 0x06, 0x3A, 0xFF, 0x3A, 0x06, 0xB7, 0xF2, 0x84, 0x00, 0x00, 0xFF, 0xFF, 0xFF, 0xFF, 0xFF, 
0xFF, 0xFF, 0xFF, 0x70, 0x00, 0x00, 0x00, 0x00, 0x00, 0x00, 0x3C, 0xFF, 0xFF, 0xFF, 0x05, 0x48, 
0xFF, 0xD6, 0x01, 0x00, 0x00, 0x00, 0x00, 0x00, 0x9E, 0xFF, 0x36, 0x03, 0x00, 0x00, 0xFF, 0xA5, 
0x46, 0x00, 0x00, 0x00, 0x00, 0x10, 0xAD, 0xFF, 0x00, 0x00, 0x00, 0x00, 0xFF, 0x2D, 0xAF, 0x00, 
0x00, 0x00, 0x00, 0x6E, 0x56, 0xFF, 0x00, 0x00, 0x00, 0x00, 0xFF, 0x00, 0xB0, 0x1E, 0x00, 0x00, 
0x00, 0xC1, 0x07, 0xFF, 0x00, 0x00, 0x00, 0x00, 0xFF, 0x00, 0x3A, 0x86, 0x00, 0x00, 0x3A, 0x94, 
0x00, 0xFF, 0x00, 0x00, 0x00, 0x00, 0xFF, 0x00, 0x00, 0xAB, 0x06, 0x00, 0xA0, 0x33, 0x00, 0xFF, 
0x00, 0x00, 0x00, 0x00, 0xFF, 0x00, 0x00, 0x48, 0x5B, 0x0F, 0xC8, 0x00, 0x00, 0xFF, 0x00, 0x00, 
0x00, 0x00, 0xFF, 0x00, 0x00, 0x00, 0x95, 0x6C, 0x71, 0x00, 0x00, 0xFF, 0x00, 0x00, 0x02, 0x36, 
0xFF, 0x34, 0x02, 0x00, 0x56, 0xE2, 0x16, 0x02, 0x36, 0xFF, 0x36, 0x02, 0xFF, 0xFF, 0xFF, 0xFF, 
0xFF, 0x00, 0x02, 0x8A, 0x00, 0xFF, 0xFF, 0xFF, 0xFF, 0xFF, 0xFF, 0xFF, 0xFF, 0xFF, 0xFF, 0x00, 
0xFF, 0xFF, 0xFF, 0xFF, 0xFF, 0x04, 0x36, 0xFF, 0x35, 0x03, 0x00, 0x04, 0x36, 0xFF, 0x34, 0x03, 
0x00, 0x00, 0xFF, 0x00, 0x00, 0x00, 0x00, 0x00, 0xFF, 0x00, 0x00, 0x00, 0x00, 0xFF, 0x00, 0x00, 
0x00, 0x00, 0x00, 0xFF, 0x00, 0x00, 0x00, 0x00, 0xFF, 0x00, 0x00, 0x00, 0x00, 0x00, 0xFF, 0x00, 
0x00, 0x00, 0x00, 0xFF, 0xFF, 0xFF, 0xFF, 0xFF, 0xFF, 0xFF, 0x00, 0x00, 0x00, 0x00, 0xFF, 0x00, 
0x00, 0x00, 0x00, 0x00, 0xFF, 0x00, 0x00, 0x00, 0x00, 0xFF, 0x00, 0x00, 0x00, 0x00, 0x00, 0xFF, 
0x00, 0x00, 0x00, 0x00, 0xFF, 0x00, 0x00, 0x00, 0x00, 0x00, 0xFF, 0x00, 0x00, 0x02, 0x34, 0xFF, 
0x36, 0x04, 0x00, 0x02, 0x34, 0xFF, 0x36, 0x04, 0xFF, 0xFF, 0xFF, 0xFF, 0xFF, 0x00, 0xFF, 0xFF, 
0xFF, 0xFF, 0xFF, 0x00, 0x00, 0x41, 0xB9, 0xF1, 0xF4, 0xBB, 0x3B, 0x00, 0x00, 0x00, 0x6E, 0xCB, 
0x45, 0x12, 0x16, 0x48, 0xCA, 0x60, 0x00, 0x38, 0xCB, 0x07, 0x00, 0x00, 0x00, 0x00, 0x08, 0xCC, 
0x31, 0xAC, 0x50, 0x00, 0x00, 0x00, 0x00, 0x00, 0x00, 0x57, 0xA8, 0xE9, 0x13, 0x00, 0x00, 0x00, 
0x00, 0x00, 0x00, 0x19, 0xE8, 0xFA, 0x04, 0x00, 0x00, 0x00, 0x00, 0x00, 0x00, 0x05, 0xFA, 0xE6, 
0x19, 0x00, 0x00, 0x00, 0x00, 0x00, 0x00, 0x12, 0xE5, 0xA6, 0x5A, 0x00, 0x00, 0x00, 0x00, 0x00, 
0x00, 0x4A, 0xA6, 0x2F, 0xD0, 0x0B, 0x00, 0x00, 0x00, 0x00, 0x06, 0xC3, 0x32, 0x00, 0x5D, 0xCD, 
0x48, 0x12, 0x0B, 0x44, 0xC5, 0x6A, 0x00, 0x00, 0x00, 0x36, 0xB5, 0xF3, 0xF3, 0xBC, 0x42, 0x00, 
0x00, 0x3A, 0x85, 0x98, 0x95, 0x94, 0x94, 0x94, 0x94, 0x97, 0x98, 0x68, 0x14, 0x00, 0x48, 0xFF, 
0x54, 0x00, 0x00, 0x00, 0x00, 0xC4, 0xD5, 0x00, 0x00, 0x00, 0x2D, 0xFF, 0x54, 0x00, 0x00, 0x00, 
0x00, 0xC4, 0xBC, 0x00, 0x00, 0x00, 0x2C, 0xFF, 0x54, 0x00, 0x00, 0x00, 0x00, 0xC4, 0xBC, 0x00, 
0x00, 0x00, 0x2C, 0xFF, 0x54, 0x00, 0x00, 0x00, 0x00, 0xC4, 0xBC, 0x00, 0x00, 0x00, 0x2C, 0xFF, 
0x54, 0x00, 0x00, 0x00, 0x00, 0xC4, 0xBC, 0x00, 0x00, 0x00, 0x2C, 0xFF, 0x54, 0x00, 0x00, 0x00, 
0x00, 0xC4, 0xBC, 0x00, 0x00, 0x00, 0x2C, 0xFF, 0x54, 0x00, 0x00, 0x00, 0x00, 0xC4, 0xBC, 0x00, 
0x00, 0x00, 0x2C, 0xFF, 0x54, 0x00, 0x00, 0x00, 0x00, 0xC4, 0xBC, 0x00, 0x00, 0x00, 0x35, 0xFF, 
0x5C, 0x00, 0x00, 0x00, 0x00, 0xCD, 0xC4, 0x00, 0x00, 0x3C, 0xAE, 0xFF, 0xC4, 0x4C, 0x00, 0x16, 
0x6D, 0xFA, 0xF7, 0x6C, 0x15, 0xFF, 0xFF, 0xFF, 0xFF, 0xF7, 0xD8, 0x59, 0x00, 0x02, 0x34, 0xFF, 
0x13, 0x07, 0x2F, 0xA0, 0x47, 0x00, 0x00, 0xFF, 0x00, 0x00, 0x00, 0x0A, 0xCB, 0x00, 0x00, 0xFF, 
0x00, 0x00, 0x00, 0x04, 0xED, 0x00, 0x00, 0xFF, 0x00, 0x00, 0x00, 0x36, 0x95, 0x00, 0x00, 0xFF, 
0x51, 0x04, 0x38, 0xC2, 0x17, 0x00, 0x00, 0xFF, 0xFA, 0xFE, 0xCE, 0x32, 0x00, 0x00, 0x00, 0xFF, 
0x00, 0x00, 0x00, 0x00, 0x00, 0x00, 0x00, 0xFF, 0x00, 0x00, 0x00, 0x00, 0x00, 0x02, 0x34, 0xFF, 
0x34, 0x02, 0x00, 0x00, 0x00, 0xFF, 0xFF, 0xFF, 0xFF, 0xFF, 0x00, 0x00, 0x00, 0x00, 0x00, 0x45, 
0xBD, 0xF0, 0xE3, 0x7F, 0x3C, 0xFF, 0x00, 0x6E, 0xB6, 0x33, 0x09, 0x23, 0x7A, 0xEF, 0xFF, 0x2F, 
0xC7, 0x03, 0x00, 0x00, 0x00, 0x00, 0x38, 0xFF, 0x9D, 0x57, 0x00, 0x00, 0x00, 0x00, 0x00, 0x00, 
0xFA, 0xE0, 0x1A, 0x00, 0x00, 0x00, 0x00, 0x00, 0x00, 0x00, 0xF9, 0x05, 0x00, 0x00, 0x00, 0x00, 
0x00, 0x00, 0x00, 0xEC, 0x11, 0x00, 0x00, 0x00, 0x00, 0x00, 0x00, 0x00, 0xB0, 0x45, 0x00, 0x00, 
0x00, 0x00, 0x00, 0x00, 0x00, 0x3B, 0xBA, 0x01, 0x00, 0x00, 0x00, 0x00, 0x6B, 0xB2, 0x00, 0x69, 
0xB2, 0x34, 0x08, 0x1B, 0x81, 0xE1, 0x1E, 0x00, 0x00, 0x3C, 0xBB, 0xF4, 0xE9, 0xA5, 0x20, 0x00, 
0xFF, 0xFF, 0xFF, 0xFF, 0xFF, 0xFF, 0xFF, 0xFF, 0xFF, 0xFF, 0x81, 0x06, 0x00, 0xFF, 0x00, 0x0E, 
0x90, 0xFF, 0xD4, 0x0E, 0x00, 0x00, 0xFF, 0x00, 0x00, 0x0F, 0xD4, 0x00, 0x00, 0x00, 0x00, 0xFF, 
0x00, 0x00, 0x00, 0x00, 0x00, 0x00, 0x00, 0x00, 0xFF, 0x00, 0x00, 0x00, 0x00, 0x00, 0x00, 0x00, 
0x00, 0xFF, 0x00, 0x00, 0x00, 0x00, 0x00, 0x00, 0x00, 0x00, 0xFF, 0x00, 0x00, 0x00, 0x00, 0x00, 
0x00, 0x00, 0x00, 0xFF, 0x00, 0x00, 0x00, 0x00, 0x00, 0x00, 0x00, 0x00, 0xFF, 0x00, 0x00, 0x00, 
0x00, 0x00, 0x00, 0x02, 0x36, 0xFF, 0x34, 0x02, 0x00, 0x00, 0x00, 0x00, 0xFF, 0xFF, 0xFF, 0xFF, 
0xFF, 0x00, 0x00, 0xFF, 0xFF, 0xFF, 0xFF, 0x00, 0x00, 0x00, 0xFF, 0xFF, 0xFF, 0xFF, 0x0E, 0x4F, 
0xDF, 0x36, 0x00, 0x00, 0x00, 0x23, 0xFA, 0x75, 0x1A, 0x00, 0x00, 0x42, 0xBB, 0x00, 0x00, 0x00, 
0x47, 0xB4, 0x00, 0x00, 0x00, 0x00, 0x00, 0xA3, 0x5C, 0x00, 0x00, 0x8E, 0x6E, 0x00, 0x00, 0x00, 
0x00, 0x00, 0x15, 0xD7, 0x12, 0x00, 0xD5, 0x27, 0x00, 0x00, 0x00, 0x00, 0x00, 0x00, 0x64, 0x9C, 
0x1B, 0xE0, 0x00, 0x00, 0x00, 0x00, 0x00, 0x00, 0x00, 0x01, 0xC1, 0x9F, 0x9B, 0x00, 0x00, 0x00, 
0x00, 0x00, 0x00, 0x00, 0x00, 0x2A, 0xFA, 0x4D, 0x00, 0x00, 0x00, 0x00, 0x00, 0x00, 0x00, 0x00, 
0x0B, 0xCE, 0x05, 0x00, 0x00, 0x00, 0x00, 0x00, 0x00, 0x00, 0x09, 0xA6, 0x56, 0x00, 0x00, 0x00, 
0x00, 0x00, 0x00, 0xB3, 0xF8, 0xD5, 0x54, 0x00, 0x00, 0x00, 0x00, 0x00, 0x00, 0x00, 0x00, 0xFF, 
0xFF, 0xFF, 0xFF, 0xFF, 0x00, 0x00, 0x00, 0x00, 0x00, 0x00, 0x05, 0x43, 0xFF, 0x4C, 0x09, 0x00, 
0x00, 0x00, 0x00, 0x3B, 0xAE, 0xE4, 0xF8, 0xFF, 0xF8, 0xE4, 0xAC, 0x38, 0x00, 0x4C, 0xE3, 0x5E, 
0x1B, 0x05, 0xFF, 0x06, 0x1C, 0x5E, 0xE4, 0x4B, 0xD4, 0x3C, 0x00, 0x00, 0x00, 0xFF, 0x00, 0x00, 
0x00, 0x40, 0xD3, 0xF8, 0x0A, 0x00, 0x00, 0x00, 0xFF, 0x00, 0x00, 0x00, 0x0A, 0xF7, 0xCE, 0x4D, 
0x00, 0x00, 0x00, 0xFF, 0x00, 0x00, 0x00, 0x4C, 0xCC, 0x45, 0xEA, 0x65, 0x1B, 0x05, 0xFF, 0x06, 
0x1D, 0x66, 0xEB, 0x42, 0x00, 0x35, 0xA9, 0xE3, 0xFA, 0xFF, 0xFA, 0xE3, 0xAA, 0x36, 0x00, 0x00, 
0x00, 0x00, 0x07, 0x44, 0xFF, 0x45, 0x07, 0x00, 0x00, 0x00, 0x00, 0x00, 0x00, 0xFF, 0xFF, 0xFF, 
0xFF, 0xFF, 0x00, 0x00, 0x00, 0xD0, 0xFF, 0xFF, 0xFF, 0xAC, 0x00, 0x34, 0xFF, 0xFF, 0xFF, 0x80, 
0x0B, 0x61, 0xE0, 0x61, 0x08, 0x00, 0x00, 0x24, 0xEE, 0x54, 0x06, 0x00, 0x00, 0x2B, 0xA9, 0x04, 
0x00, 0x00, 0x78, 0x43, 0x00, 0x00, 0x00, 0x00, 0x00, 0x4C, 0x89, 0x00, 0x51, 0x79, 0x00, 0x00, 
0x00, 0x00, 0x00, 0x00, 0x00, 0xC1, 0x73, 0xAD, 0x01, 0x00, 0x00, 0x00, 0x00, 0x00, 0x00, 0x00, 
0x45, 0xFC, 0x1C, 0x00, 0x00, 0x00, 0x00, 0x00, 0x00, 0x00, 0x00, 0x92, 0x99, 0x8B, 0x00, 0x00, 
0x00, 0x00, 0x00, 0x00, 0x00, 0x2C, 0xC8, 0x02, 0x9A, 0x46, 0x00, 0x00, 0x00, 0x00, 0x00, 0x00, 
0xBB, 0x34, 0x00, 0x16, 0xD8, 0x1F, 0x00, 0x00, 0x06, 0x3E, 0xBD, 0x84, 0x00, 0x00, 0x00, 0x6B, 
0xE4, 0x4C, 0x09, 0x9C, 0xFF, 0xFF, 0xFF, 0x2C, 0x00, 0x3C, 0xFF, 0xFF, 0xFF, 0x90, 0xFF, 0xFF, 
0xFF, 0xFF, 0xFF, 0x00, 0xFF, 0xFF, 0xFF, 0xFF, 0xFF, 0x07, 0x3A, 0xFF, 0x3A, 0x06, 0x00, 0x07, 
0x3A, 0xFF, 0x3A, 0x06, 0x00, 0x00, 0xFF, 0x00, 0x00, 0x00, 0x00, 0x00, 0xFF, 0x00, 0x00, 0x00, 
0x00, 0xFF, 0x00, 0x00, 0x00, 0x00, 0x00, 0xFF, 0x00, 0x00, 0x00, 0x00, 0xFF, 0x00, 0x00, 0x00, 
0x00, 0x00, 0xFF, 0x00, 0x00, 0x00, 0x00, 0xFF, 0x00, 0x00, 0x00, 0x00, 0x00, 0xFF, 0x00, 0x00, 
0x00, 0x00, 0xFF, 0x00, 0x00, 0x00, 0x00, 0x00, 0xFF, 0x00, 0x00, 0x00, 0x00, 0xFF, 0x00, 0x00, 
0x00, 0x00, 0x00, 0xFF, 0x00, 0x00, 0x00, 0x00, 0xFF, 0x00, 0x00, 0x00, 0x00, 0x00, 0xFF, 0x00, 
0x00, 0x06, 0x3A, 0xFF, 0x11, 0x00, 0x00, 0x00, 0x12, 0xFF, 0x05, 0x00, 0xFF, 0xFF, 0xFF, 0xFF, 
0xFF, 0xFF, 0xFF, 0xFF, 0xFF, 0x52, 0x08, 0x00, 0x00, 0x00, 0x00, 0x00, 0x00, 0x01, 0x21, 0x7F, 
0xFB, 0xFF, 0x00, 0x00, 0x00, 0x00, 0x00, 0x00, 0x00, 0x00, 0x00, 0x83, 0xFF, 0x00, 0x00, 0x00, 
0x00, 0x00, 0x00, 0x00, 0x00, 0x00, 0x1E, 0xFF, 0xFF, 0xFF, 0xFF, 0xFF, 0x00, 0xFF, 0xFF, 0xFF, 
0xFF, 0xFF, 0x04, 0x32, 0xFF, 0x2E, 0x00, 0x04, 0x30, 0xFF, 0x31, 0x03, 0x00, 0x00, 0xFF, 0x00, 
0x00, 0x00, 0x00, 0xFF, 0x00, 0x00, 0x00, 0x00, 0xFF, 0x00, 0x00, 0x00, 0x00, 0xFF, 0x00, 0x00, 
0x00, 0x00, 0xFC, 0x07, 0x00, 0x00, 0x00, 0xFF, 0x00, 0x00, 0x00, 0x00, 0xE6, 0x68, 0x0D, 0x3B, 
0xB6, 0xFF, 0x00, 0x00, 0x00, 0x00, 0x53, 0xE4, 0xEC, 0xAE, 0x3B, 0xFF, 0x00, 0x00, 0x00, 0x00, 
0x00, 0x00, 0x00, 0x00, 0x00, 0xFF, 0x00, 0x00, 0x00, 0x00, 0x00, 0x00, 0x00, 0x00, 0x00, 0xFF, 
0x00, 0x00, 0x00, 0x00, 0x00, 0x00, 0x00, 0x04, 0x33, 0xFF, 0x35, 0x05, 0x00, 0x00, 0x00, 0x00, 
0x00, 0xFF, 0xFF, 0xFF, 0xFF, 0xFF, 0xFF, 0xFF, 0xFF, 0xFF, 0x00, 0xFF, 0xFF, 0xFF, 0xFF, 0xFF, 
0x00, 0xFF, 0xFF, 0xFF, 0xFF, 0x08, 0x3F, 0xFF, 0x3E, 0x00, 0x0A, 0x44, 0xFF, 0x42, 0x09, 0x00, 
0x3E, 0xFF, 0x39, 0x06, 0x00, 0x00, 0xFF, 0x00, 0x00, 0x00, 0x00, 0xFF, 0x00, 0x00, 0x00, 0x00, 
0xFF, 0x00, 0x00, 0x00, 0x00, 0xFF, 0x00, 0x00, 0x00, 0x00, 0xFF, 0x00, 0x00, 0x00, 0x00, 0xFF, 
0x00, 0x00, 0x00, 0x00, 0xFF, 0x00, 0x00, 0x00, 0x00, 0xFF, 0x00, 0x00, 0x00, 0x00, 0xFF, 0x00, 
0x00, 0x00, 0x00, 0xFF, 0x00, 0x00, 0x00, 0x00, 0xFF, 0x00, 0x00, 0x00, 0x00, 0xFF, 0x00, 0x00, 
0x00, 0x00, 0xFF, 0x00, 0x00, 0x00, 0x00, 0xFF, 0x00, 0x00, 0x00, 0x00, 0xFF, 0x00, 0x00, 0x00, 
0x00, 0xFF, 0x00, 0x00, 0x00, 0x00, 0xFF, 0x00, 0x00, 0x00, 0x00, 0xFF, 0x00, 0x00, 0x00, 0x00, 
0xFF, 0x00, 0x00, 0x00, 0x00, 0xFF, 0x00, 0x00, 0x00, 0x00, 0xFF, 0x00, 0x00, 0x06, 0x3A, 0xFF, 
0x14, 0x00, 0x00, 0x18, 0xFF, 0x1A, 0x00, 0x00, 0x0E, 0xFF, 0x31, 0x03, 0xFF, 0xFF, 0xFF, 0xFF, 
0xFF, 0xFF, 0xFF, 0xFF, 0xFF, 0xFF, 0xFF, 0xFF, 0xFF, 0xFF, 0xFF, 0xFF, 0xFF, 0xFF, 0xFF, 0x00, 
0xFF, 0xFF, 0xFF, 0xFF, 0xFF, 0x00, 0xFF, 0xFF, 0xFF, 0xFF, 0x08, 0x3F, 0xFF, 0x3E, 0x00, 0x0A, 
0x44, 0xFF, 0x42, 0x09, 0x00, 0x3E, 0xFF, 0x39, 0x06, 0x00, 0x00, 0xFF, 0x00, 0x00, 0x00, 0x00, 
0xFF, 0x00, 0x00, 0x00, 0x00, 0xFF, 0x00, 0x00, 0x00, 0x00, 0xFF, 0x00, 0x00, 0x00, 0x00, 0xFF, 
0x00, 0x00, 0x00, 0x00, 0xFF, 0x00, 0x00, 0x00, 0x00, 0xFF, 0x00, 0x00, 0x00, 0x00, 0xFF, 0x00, 
0x00, 0x00, 0x00, 0xFF, 0x00, 0x00, 0x00, 0x00, 0xFF, 0x00, 0x00, 0x00, 0x00, 0xFF, 0x00, 0x00, 
0x00, 0x00, 0xFF, 0x00, 0x00, 0x00, 0x00, 0xFF, 0x00, 0x00, 0x00, 0x00, 0xFF, 0x00, 0x00, 0x00, 
0x00, 0xFF, 0x00, 0x00, 0x00, 0x00, 0xFF, 0x00, 0x00, 0x00, 0x00, 0xFF, 0x00, 0x00, 0x00, 0x00, 
0xFF, 0x00, 0x00, 0x00, 0x00, 0xFF, 0x00, 0x00, 0x00, 0x00, 0xFF, 0x00, 0x00, 0x00, 0x00, 0xFF, 
0x00, 0x00, 0x06, 0x3A, 0xFF, 0x14, 0x00, 0x00, 0x18, 0xFF, 0x1A, 0x00, 0x00, 0x0E, 0xFF, 0x04, 
0x00, 0xFF, 0xFF, 0xFF, 0xFF, 0xFF, 0xFF, 0xFF, 0xFF, 0xFF, 0xFF, 0xFF, 0xFF, 0xFF, 0x95, 0x00, 
0x00, 0x00, 0x00, 0x00, 0x00, 0x00, 0x00, 0x00, 0x00, 0x01, 0x13, 0x66, 0xFA, 0xFF, 0x00, 0x00, 
0x00, 0x00, 0x00, 0x00, 0x00, 0x00, 0x00, 0x00, 0x00, 0x00, 0x00, 0x84, 0xFF, 0x00, 0x00, 0x00, 
0x00, 0x00, 0x00, 0x00, 0x00, 0x00, 0x00, 0x00, 0x00, 0x00, 0x25, 0xFF, 0x00, 0xB9, 0xFF, 0xFF, 
0xFF, 0xFF, 0xFF, 0x00, 0x00, 0x00, 0x00, 0xE8, 0x3F, 0x01, 0xFF, 0x3A, 0x06, 0x00, 0x00, 0x00, 
0x00, 0x00, 0x00, 0x00, 0xFF, 0x00, 0x00, 0x00, 0x00, 0x00, 0x00, 0x00, 0x00, 0x00, 0xFF, 0x00, 
0x00, 0x00, 0x00, 0x00, 0x00, 0x00, 0x00, 0x00, 0xFF, 0x00, 0x00, 0x00, 0x00, 0x00, 0x00, 0x00, 
0x00, 0x00, 0xFF, 0xFF, 0xFA, 0xE9, 0xB1, 0x34, 0x00, 0x00, 0x00, 0x00, 0xFF, 0x07, 0x0A, 0x22, 
0x62, 0xD4, 0x56, 0x00, 0x00, 0x00, 0xFF, 0x00, 0x00, 0x00, 0x00, 0x1E, 0xE3, 0x00, 0x00, 0x00, 
0xFF, 0x00, 0x00, 0x00, 0x00, 0x28, 0xBC, 0x00, 0x06, 0x3A, 0xFF, 0x0F, 0x04, 0x1D, 0x66, 0xDD, 
0x33, 0x00, 0xFF, 0xFF, 0xFF, 0xFF, 0xFF, 0xF6, 0xCE, 0x55, 0x00, 0xFF, 0xFF, 0xFF, 0xFF, 0xFF, 
0x00, 0x00, 0x00, 0x00, 0xFF, 0xFF, 0xFF, 0xFF, 0xFF, 0x07, 0x3A, 0xFF, 0x3A, 0x06, 0x00, 0x00, 
0x00, 0x00, 0x03, 0x48, 0xFF, 0x37, 0x05, 0x00, 0x00, 0xFF, 0x00, 0x00, 0x00, 0x00, 0x00, 0x00, 
0x00, 0x01, 0xFF, 0x00, 0x00, 0x00, 0x00, 0xFF, 0x00, 0x00, 0x00, 0x00, 0x00, 0x00, 0x00, 0x00, 
0xFF, 0x00, 0x00, 0x00, 0x00, 0xFF, 0x00, 0x00, 0x00, 0x00, 0x00, 0x00, 0x00, 0x00, 0xFF, 0x00, 
0x00, 0x00, 0x00, 0xFF, 0xFF, 0xFA, 0xE9, 0xB1, 0x34, 0x00, 0x00, 0x00, 0xFF, 0x00, 0x00, 0x00, 
0x00, 0xFF, 0x07, 0x0A, 0x22, 0x62, 0xD4, 0x56, 0x00, 0x00, 0xFF, 0x00, 0x00, 0x00, 0x00, 0xFF, 
0x00, 0x00, 0x00, 0x00, 0x1E, 0xE3, 0x00, 0x00, 0xFF, 0x00, 0x00, 0x00, 0x00, 0xFF, 0x00, 0x00, 
0x00, 0x00, 0x28, 0xBC, 0x00, 0x00, 0xFF, 0x00, 0x00, 0x06, 0x3A, 0xFF, 0x0F, 0x04, 0x1D, 0x66, 
0xDD, 0x33, 0x04, 0x32, 0xFF, 0x36, 0x03, 0xFF, 0xFF, 0xFF, 0xFF, 0xFF, 0xF6, 0xCE, 0x55, 0x00, 
0xFF, 0xFF, 0xFF, 0xFF, 0xFF, 0xFF, 0xFF, 0xFF, 0xFF, 0xFF, 0x00, 0x00, 0x00, 0x00, 0x07, 0x3A, 
0xFF, 0x3A, 0x06, 0x00, 0x00, 0x00, 0x00, 0x00, 0x00, 0xFF, 0x00, 0x00, 0x00, 0x00, 0x00, 0x00, 
0x00, 0x00, 0xFF, 0x00, 0x00, 0x00, 0x00, 0x00, 0x00, 0x00, 0x00, 0xFF, 0x00, 0x00, 0x00, 0x00, 
0x00, 0x00, 0x00, 0x00, 0xFF, 0xFF, 0xFA, 0xE9, 0xB1, 0x34, 0x00, 0x00, 0x00, 0xFF, 0x07, 0x0A, 
0x22, 0x62, 0xD4, 0x56, 0x00, 0x00, 0xFF, 0x00, 0x00, 0x00, 0x00, 0x1E, 0xE3, 0x00, 0x00, 0xFF, 
0x00, 0x00, 0x00, 0x00, 0x28, 0xBC, 0x06, 0x3A, 0xFF, 0x0D, 0x04, 0x1D, 0x66, 0xDD, 0x33, 0xFF, 
0xFF, 0xFF, 0xFF, 0xFF, 0xF6, 0xCE, 0x55, 0x00, 0x00, 0x8A, 0x6B, 0xA0, 0x90, 0x97, 0x76, 0x0F, 
0x00, 0x00, 0x00, 0xFC, 0x92, 0x0B, 0x00, 0x00, 0x67, 0xDC, 0x2B, 0x00, 0x09, 0xAD, 0x00, 0x00, 
0x00, 0x00, 0x00, 0x8F, 0xDF, 0x11, 0x0E, 0x39, 0x00, 0x00, 0x00, 0x00, 0x00, 0x23, 0xFF, 0x7E, 
0x00, 0x00, 0x00, 0x00, 0x00, 0x00, 0x00, 0x00, 0xED, 0xD2, 0x00, 0x00, 0x00, 0x00, 0x8D, 0x93, 
0x93, 0x93, 0xEE, 0xF2, 0x00, 0x00, 0x00, 0x00, 0x00, 0x00, 0x00, 0x00, 0xE4, 0xEA, 0x00, 0x00, 
0x00, 0x00, 0x00, 0x00, 0x00, 0x11, 0xFC, 0xB5, 0x1A, 0x00, 0x00, 0x00, 0x00, 0x00, 0x00, 0x6D, 
0xFF, 0x4A, 0x17, 0x66, 0x01, 0x00, 0x00, 0x00, 0x2C, 0xF0, 0x95, 0x00, 0x00, 0x1E, 0x87, 0x77, 
0x64, 0x91, 0xDD, 0x71, 0x00, 0x00, 0x00, 0x00, 0x00, 0x18, 0x38, 0x2C, 0x03, 0x00, 0x00, 0x00, 
0xFF, 0xFF, 0xFF, 0xFF, 0xFF, 0x00, 0x00, 0x26, 0xA4, 0xEC, 0xF5, 0xC0, 0x46, 0x00, 0x00, 0x02, 
0x30, 0xFF, 0x32, 0x02, 0x00, 0x55, 0xBD, 0x41, 0x0A, 0x0B, 0x42, 0xC6, 0x71, 0x00, 0x00, 0x00, 
0xFF, 0x00, 0x00, 0x33, 0xC6, 0x06, 0x00, 0x00, 0x00, 0x00, 0x08, 0xD0, 0x3A, 0x00, 0x00, 0xFF, 
0x00, 0x00, 0xAF, 0x4D, 0x00, 0x00, 0x00, 0x00, 0x00, 0x00, 0x58, 0xAD, 0x00, 0x00, 0xFF, 0x00, 
0x00, 0xEE, 0x12, 0x00, 0x00, 0x00, 0x00, 0x00, 0x00, 0x19, 0xE9, 0x00, 0x00, 0xFF, 0xFF, 0xFF, 
0xFF, 0x04, 0x00, 0x00, 0x00, 0x00, 0x00, 0x00, 0x04, 0xFA, 0x00, 0x00, 0xFF, 0x00, 0x00, 0xE9, 
0x18, 0x00, 0x00, 0x00, 0x00, 0x00, 0x00, 0x12, 0xE5, 0x00, 0x00, 0xFF, 0x00, 0x00, 0xA9, 0x5A, 
0x00, 0x00, 0x00, 0x00, 0x00, 0x00, 0x4B, 0xA4, 0x00, 0x00, 0xFF, 0x00, 0x00, 0x28, 0xCC, 0x0A, 
0x00, 0x00, 0x00, 0x00, 0x05, 0xC3, 0x31, 0x04, 0x32, 0xFF, 0x36, 0x03, 0x00, 0x51, 0xC2, 0x40, 
0x0A, 0x0A, 0x40, 0xC1, 0x6C, 0x00, 0xFF, 0xFF, 0xFF, 0xFF, 0xFF, 0x00, 0x00, 0x3A, 0xBC, 0xF1, 
0xF3, 0xBE, 0x45, 0x00, 0x00, 0x00, 0x00, 0x00, 0x00, 0x1C, 0x6C, 0x8C, 0x96, 0x97, 0x97, 0x6A, 
0x1D, 0x00, 0x00, 0x00, 0x3C, 0xF5, 0xB2, 0x20, 0x07, 0xA7, 0xF2, 0x03, 0x00, 0x00, 0x00, 0x00, 
0xBE, 0xFC, 0x0E, 0x00, 0x00, 0x9B, 0xE0, 0x00, 0x00, 0x00, 0x00, 0x00, 0xCB, 0xF3, 0x01, 0x00, 
0x00, 0x9B, 0xDF, 0x00, 0x00, 0x00, 0x00, 0x00, 0x6B, 0xFF, 0x5B, 0x00, 0x00, 0x9B, 0xDF, 0x00, 
0x00, 0x00, 0x00, 0x00, 0x00, 0x58, 0xC9, 0xB0, 0x7E, 0xC8, 0xDF, 0x00, 0x00, 0x00, 0x00, 0x00, 
0x00, 0x01, 0xB7, 0xE2, 0x1B, 0xA1, 0xDF, 0x00, 0x00, 0x00, 0x00, 0x00, 0x00, 0x72, 0xFC, 0x3D, 
0x00, 0x9B, 0xDF, 0x00, 0x00, 0x00, 0x00, 0x00, 0x31, 0xF9, 0x7F, 0x00, 0x00, 0x9B, 0xDF, 0x00, 
0x00, 0x00, 0x00, 0x15, 0xDD, 0xC2, 0x03, 0x00, 0x00, 0xA2, 0xE6, 0x00, 0x00, 0x0B, 0x70, 0xDF, 
0xEE, 0x1D, 0x00, 0x0A, 0x59, 0xE7, 0xFF, 0x74, 0x1E, 0x5E, 0xD9, 0xF9, 0xE4, 0x60, 0x00, 0xD7, 
0x22, 0x05, 0x3D, 0xF2, 0x00, 0x00, 0x07, 0x64, 0xCD, 0xFF, 0x00, 0x31, 0xCA, 0x7F, 0x28, 0xFF, 
0x00, 0xD5, 0x27, 0x00, 0x12, 0xFF, 0x00, 0xEE, 0x50, 0x1A, 0x70, 0xFD, 0x0B, 0x6A, 0xF1, 0xC4, 
0x0F, 0xD3, 0x83, 0x00, 0x53, 0xDD, 0xFA, 0xF0, 0x84, 0x15, 0xAB, 0x1C, 0x02, 0x00, 0x00, 0x65, 
0x16, 0x00, 0x00, 0x00, 0x00, 0x67, 0x00, 0x00, 0x00, 0x00, 0x00, 0x6A, 0x5C, 0xDB, 0xE9, 0x6B, 
0x00, 0xB0, 0x97, 0x0F, 0x32, 0xDC, 0x56, 0xF5, 0x14, 0x00, 0x00, 0x48, 0xD2, 0xD7, 0x0E, 0x00, 
0x00, 0x0C, 0xF7, 0x91, 0x46, 0x00, 0x00, 0x16, 0xCB, 0x20, 0xD0, 0x34, 0x0E, 0x93, 0x47, 0x00, 
0x4B, 0xE5, 0xE2, 0x54, 0x00, 0xFF, 0xFF, 0xFF, 0xFF, 0xF6, 0xCE, 0x45, 0x1A, 0xFF, 0x00, 0x09, 
0x1E, 0x6B, 0xE9, 0x00, 0xFF, 0x01, 0x0A, 0x24, 0x7F, 0xDD, 0x00, 0xFF, 0xFF, 0xFF, 0xFF, 0xFE, 
0x50, 0x00, 0xFF, 0x01, 0x09, 0x23, 0x79, 0xDB, 0x1F, 0xFF, 0x14, 0x04, 0x15, 0x6A, 0xE9, 0xFF, 
0xFF, 0xFF, 0xFF, 0xF1, 0xC4, 0x42, 0xFF, 0xFF, 0xFF, 0xFF, 0xFF, 0x5D, 0x1A, 0xFF, 0x00, 0x03, 
0x52, 0xC9, 0x00, 0xFF, 0x00, 0x00, 0x00, 0x00, 0x00, 0xFF, 0x00, 0x00, 0x00, 0x00, 0x00, 0xFF, 
0x00, 0x00, 0x00, 0x00, 0x1F, 0xFF, 0x19, 0x00, 0x00, 0x00, 0xFF, 0xFF, 0xFF, 0x00, 0x00, 0x00, 
0x00, 0xFF, 0xFF, 0xFF, 0xFF, 0xFF, 0xFF, 0x00, 0x44, 0xFD, 0x00, 0x00, 0xFF, 0x1B, 0x00, 0x09, 
0xF2, 0x00, 0x00, 0xFF, 0x00, 0x00, 0x2C, 0xD5, 0x00, 0x00, 0xFF, 0x00, 0x00, 0x74, 0x9F, 0x00, 
0x00, 0xFF, 0x00, 0x28, 0xE5, 0x40, 0x00, 0x0B, 0xFF, 0x24, 0xFF, 0xFF, 0xFF, 0xFF, 0xFF, 0xFF, 
0xFF, 0xFF, 0x89, 0x08, 0x00, 0x09, 0x87, 0xFF, 0xFF, 0x1D, 0x00, 0x00, 0x00, 0x19, 0xFF, 0x07, 
0x98, 0xEE, 0xC8, 0x21, 0x81, 0x5E, 0x09, 0x51, 0xB1, 0xDB, 0xFF, 0xFF, 0xFF, 0xEF, 0xF0, 0x00, 
0x00, 0x00, 0x00, 0xC3, 0x00, 0x00, 0x00, 0x00, 0x7D, 0x64, 0x0D, 0x08, 0x6F, 0x0C, 0xA5, 0xF3, 
0xDD, 0x4E, 0xC4, 0x86, 0x04, 0xFF, 0xFF, 0xFF, 0x05, 0x8F, 0xC0, 0x00, 0x17, 0x57, 0x2D, 0xFF, 
0x2C, 0x58, 0x88, 0x00, 0x00, 0x00, 0x9D, 0x1B, 0xFF, 0x1C, 0xC7, 0x20, 0x00, 0x00, 0x00, 0x80, 
0xFF, 0xFF, 0xFF, 0x84, 0x00, 0x00, 0x00, 0x1D, 0xD6, 0x17, 0xFF, 0x17, 0xD7, 0x1D, 0x00, 0x00, 
0x97, 0x66, 0x26, 0xFF, 0x24, 0x67, 0x98, 0x00, 0xE8, 0xE4, 0x07, 0xFF, 0xFF, 0xFF, 0x07, 0xE4, 
0xE7, 0xFF, 0x76, 0xE1, 0xE3, 0x5A, 0xFF, 0x7A, 0x11, 0x3F, 0xEF, 0x00, 0x00, 0x0C, 0x6C, 0xC4, 
0x00, 0x00, 0xFF, 0xEA, 0x28, 0x00, 0x00, 0x0D, 0x5F, 0xD0, 0x73, 0x36, 0x09, 0x4F, 0xEC, 0x10, 
0xB0, 0xF6, 0xDC, 0x4F, 0xFF, 0xFF, 0xFF, 0x00, 0xFF, 0xFF, 0xFF, 0x1C, 0xFF, 0x1A, 0x00, 0x2A, 
0xFF, 0x1A, 0x00, 0xFF, 0x00, 0x15, 0xAA, 0xFF, 0x00, 0x00, 0xFF, 0x55, 0xD5, 0x55, 0xFF, 0x00, 
0x00, 0xFF, 0xAB, 0x15, 0x00, 0xFF, 0x00, 0x1F, 0xFF, 0x26, 0x00, 0x20, 0xFF, 0x19, 0xFF, 0xFF, 
0xFF, 0x00, 0xFF, 0xFF, 0xFF, 0x00, 0xDC, 0x6A, 0x09, 0x67, 0xD8, 0x00, 0x00, 0x68, 0xE0, 0xF9, 
0xD3, 0x4E, 0x00, 0x00, 0x00, 0x00, 0x00, 0x00, 0x00, 0x00, 0xFF, 0xFF, 0xFF, 0x00, 0xFF, 0xFF, 
0xFF, 0x1C, 0xFF, 0x1A, 0x00, 0x2A, 0xFF, 0x1A, 0x00, 0xFF, 0x00, 0x15, 0xAA, 0xFF, 0x00, 0x00, 
0xFF, 0x55, 0xD5, 0x55, 0xFF, 0x00, 0x00, 0xFF, 0xAB, 0x15, 0x00, 0xFF, 0x00, 0x1F, 0xFF, 0x26, 
0x00, 0x20, 0xFF, 0x19, 0xFF, 0xFF, 0xFF, 0x00, 0xFF, 0xFF, 0xFF, 0xFF, 0xFF, 0xFF, 0x00, 0x3C, 
0x9A, 0xC0, 0x1A, 0xFF, 0x18, 0x04, 0x8C, 0x00, 0x00, 0x00, 0xFF, 0x12, 0x8C, 0x8F, 0x00, 0x00, 
0x00, 0xFF, 0xFF, 0xE1, 0x06, 0x00, 0x00, 0x00, 0xFF, 0x06, 0xA0, 0x5B, 0x00, 0x00, 0x1F, 0xFF, 
0x19, 0x0E, 0xD0, 0x1E, 0x00, 0xFF, 0xFF, 0xFF, 0x00, 0x44, 0xE6, 0xEB, 0x00, 0xFF, 0xFF, 0xFF, 
0xFF, 0xFF, 0xFF, 0x00, 0x20, 0xFF, 0x00, 0x00, 0xFF, 0x1A, 0x00, 0x00, 0xFF, 0x00, 0x00, 0xFF, 
0x00, 0x00, 0x01, 0xFF, 0x00, 0x00, 0xFF, 0x00, 0x00, 0x09, 0xF8, 0x00, 0x00, 0xFF, 0x00, 0xCA, 
0x4B, 0xDD, 0x00, 0x1C, 0xFF, 0x19, 0xC6, 0xEE, 0x5E, 0x00, 0xFF, 0xFF, 0xFF, 0xFF, 0xFF, 0xD1, 
0x00, 0x00, 0x00, 0x9C, 0xFF, 0xFF, 0x1A, 0xFF, 0xCA, 0x2E, 0x00, 0x0E, 0xCE, 0xFF, 0x1A, 0x00, 
0xFF, 0x72, 0x8A, 0x00, 0x6B, 0x72, 0xFF, 0x00, 0x00, 0xFF, 0x1B, 0xE1, 0x02, 0xCA, 0x13, 0xFF, 
0x00, 0x00, 0xFF, 0x00, 0xC1, 0x7D, 0xA3, 0x00, 0xFF, 0x00, 0x1F, 0xFF, 0x21, 0x69, 0xFD, 0x3B, 
0x26, 0xFF, 0x1D, 0xFF, 0xFF, 0xFF, 0x14, 0xCF, 0x00, 0xFF, 0xFF, 0xFF, 0xFF, 0xFF, 0xFF, 0x00, 
0xFF, 0xFF, 0xFF, 0x1D, 0xFF, 0x1C, 0x00, 0x1C, 0xFF, 0x1C, 0x00, 0xFF, 0x00, 0x00, 0x00, 0xFF, 
0x00, 0x00, 0xFF, 0xFF, 0xFF, 0xFF, 0xFF, 0x00, 0x00, 0xFF, 0x00, 0x00, 0x00, 0xFF, 0x00, 0x1F, 
0xFF, 0x1E, 0x00, 0x20, 0xFF, 0x1E, 0xFF, 0xFF, 0xFF, 0x00, 0xFF, 0xFF, 0xFF, 0x00, 0x55, 0xE6, 
0xEC, 0x67, 0x00, 0x35, 0xBB, 0x18, 0x4C, 0xF0, 0x40, 0xBF, 0x20, 0x00, 0x00, 0x60, 0xD3, 0xF6, 
0x10, 0x00, 0x00, 0x0C, 0xF5, 0xCE, 0x58, 0x00, 0x00, 0x1D, 0xB9, 0x3A, 0xE1, 0x40, 0x17, 0xAC, 
0x31, 0x00, 0x6A, 0xEF, 0xE6, 0x55, 0x00, 0xFF, 0xFF, 0xFF, 0xFF, 0xFF, 0xFF, 0xFF, 0x1A, 0xFF, 
0x00, 0x00, 0x00, 0xFF, 0x1A, 0x00, 0xFF, 0x00, 0x00, 0x00, 0xFF, 0x00, 0x00, 0xFF, 0x00, 0x00, 
0x00, 0xFF, 0x00, 0x00, 0xFF, 0x00, 0x00, 0x00, 0xFF, 0x00, 0x1F, 0xFF, 0x19, 0x00, 0x20, 0xFF, 
0x19, 0xFF, 0xFF, 0xFF, 0x00, 0xFF, 0xFF, 0xFF, 0x48, 0xD5, 0x31, 0xD0, 0xEF, 0x52, 0x00, 0xEB, 
0xFF, 0x67, 0x12, 0x26, 0xC9, 0x4F, 0x0B, 0xFF, 0x00, 0x00, 0x00, 0x3A, 0xDA, 0x00, 0xFF, 0x00, 
0x00, 0x00, 0x0B, 0xF8, 0x00, 0xFF, 0x05, 0x00, 0x00, 0x2B, 0xD0, 0x00, 0xFF, 0x8F, 0x0D, 0x20, 
0xC0, 0x5B, 0x00, 0xFF, 0x6A, 0xF4, 0xDA, 0x61, 0x00, 0x00, 0xFF, 0x00, 0x00, 0x00, 0x00, 0x00, 
0x1A, 0xFF, 0x19, 0x00, 0x00, 0x00, 0x00, 0xFF, 0xFF, 0xFF, 0x00, 0x00, 0x00, 0x00, 0x02, 0x81, 
0xE8, 0xE7, 0x63, 0x71, 0x7B, 0x0D, 0x63, 0xD5, 0xD8, 0x10, 0x00, 0x00, 0x00, 0xF9, 0x00, 0x00, 
0x00, 0x00, 0xEB, 0x03, 0x00, 0x00, 0x00, 0xA5, 0x43, 0x02, 0x2B, 0xDB, 0x15, 0xB2, 0xED, 0xC0, 
0x5D, 0x5F, 0xFF, 0xFF, 0xFF, 0xFF, 0xFF, 0x54, 0xCA, 0x4B, 0x00, 0xFF, 0x01, 0x4A, 0xC6, 0x00, 
0x00, 0x00, 0xFF, 0x00, 0x00, 0x00, 0x00, 0x00, 0x00, 0xFF, 0x00, 0x00, 0x00, 0x00, 0x00, 0x00, 
0xFF, 0x00, 0x00, 0x00, 0x00, 0x00, 0x1F, 0xFF, 0x15, 0x00, 0x00, 0x00, 0x00, 0xFF, 0xFF, 0xFF, 
0x00, 0x00, 0x58, 0xFF, 0xFF, 0x9C, 0x00, 0x98, 0xFF, 0xFF, 0x0C, 0x02, 0x3B, 0xD5, 0x16, 0x00, 
0x02, 0xE1, 0x33, 0x00, 0x00, 0x00, 0x88, 0x76, 0x00, 0x40, 0xC3, 0x00, 0x00, 0x00, 0x00, 0x21, 
0xD9, 0x01, 0xAC, 0x59, 0x00, 0x00, 0x00, 0x00, 0x00, 0xB7, 0x5F, 0xE5, 0x06, 0x00, 0x00, 0x00, 
0x00, 0x00, 0x4E, 0xF7, 0x86, 0x00, 0x00, 0x00, 0x00, 0x00, 0x00, 0x04, 0xF5, 0x1F, 0x00, 0x00, 
0x00, 0x00, 0x00, 0x00, 0x3D, 0xB2, 0x00, 0x00, 0x00, 0x00, 0x00, 0x00, 0x07, 0xAF, 0x40, 0x00, 
0x00, 0x00, 0x00, 0x00, 0xC7, 0xE3, 0x46, 0x00, 0x00, 0x00, 0x00, 0x00, 0x00, 0x00, 0x4A, 0xD9, 
0x00, 0x00, 0x00, 0x00, 0x00, 0xAA, 0xFF, 0x00, 0x00, 0x00, 0x00, 0x00, 0x04, 0xFF, 0x00, 0x00, 
0x00, 0x00, 0x00, 0x00, 0xFF, 0x00, 0x00, 0x00, 0x25, 0xE0, 0xBC, 0xFF, 0xBF, 0xDF, 0x20, 0xA1, 
0x77, 0x1A, 0xFF, 0x07, 0x6E, 0x9C, 0xE6, 0x19, 0x00, 0xFF, 0x00, 0x16, 0xE4, 0xF9, 0x04, 0x00, 
0xFF, 0x00, 0x04, 0xF9, 0xE3, 0x12, 0x00, 0xFF, 0x00, 0x14, 0xE3, 0x9E, 0x6F, 0x10, 0xFF, 0x14, 
0x70, 0x9C, 0x22, 0xDE, 0xC2, 0xFF, 0xC1, 0xDD, 0x20, 0x00, 0x00, 0x00, 0xFF, 0x00, 0x00, 0x00, 
0x00, 0x00, 0x1D, 0xFF, 0x15, 0x00, 0x00, 0x00, 0x00, 0xFF, 0xFF, 0xFF, 0x00, 0x00, 0xFF, 0xFF, 
0xFF, 0x50, 0xFF, 0xFF, 0xFF, 0x17, 0x8F, 0x75, 0x0B, 0xAB, 0x99, 0x09, 0x00, 0x00, 0xA4, 0x69, 
0x89, 0x02, 0x00, 0x00, 0x00, 0x55, 0xF2, 0x17, 0x00, 0x00, 0x00, 0x00, 0xC7, 0x6F, 0xAE, 0x00, 
0x00, 0x23, 0xAD, 0x5F, 0x00, 0x60, 0x9C, 0x17, 0xFF, 0xFF, 0xFF, 0x00, 0xFF, 0xFF, 0xFF, 0xFF, 
0xFF, 0xFF, 0x00, 0xFF, 0xFF, 0xFF, 0x1A, 0xFF, 0x1A, 0x00, 0x1E, 0xFF, 0x1A, 0x00, 0xFF, 0x00, 
0x00, 0x00, 0xFF, 0x00, 0x00, 0xFF, 0x00, 0x00, 0x00, 0xFF, 0x00, 0x00, 0xFF, 0x00, 0x00, 0x00, 
0xFF, 0x00, 0x1F, 0xFF, 0x0D, 0x00, 0x0E, 0xFF, 0x01, 0xFF, 0xFF, 0xFF, 0xFF, 0xFF, 0xFF, 0x49, 
0x00, 0x00, 0x00, 0x00, 0x17, 0x9F, 0xFF, 0x00, 0x00, 0x00, 0x00, 0x00, 0x15, 0xFF, 0xFF, 0xFF, 
0xFF, 0x00, 0xFF, 0xFF, 0xFF, 0x20, 0xFF, 0x15, 0x00, 0x11, 0xFF, 0x1A, 0x00, 0xFF, 0x1D, 0x14, 
0x90, 0xFF, 0x00, 0x00, 0xC6, 0xF9, 0xD1, 0x53, 0xFF, 0x00, 0x00, 0x00, 0x00, 0x00, 0x00, 0xFF, 
0x00, 0x00, 0x00, 0x00, 0x00, 0x18, 0xFF, 0x1D, 0x00, 0x00, 0x00, 0x00, 0xFF, 0xFF, 0xFF, 0xFF, 
0xFF, 0xFF, 0x00, 0xFF, 0xFF, 0xFF, 0x00, 0xFF, 0xFF, 0xFF, 0x1A, 0xFF, 0x1A, 0x00, 0x1C, 0xFF, 
0x23, 0x00, 0x1A, 0xFF, 0x1A, 0x00, 0xFF, 0x00, 0x00, 0x00, 0xFF, 0x00, 0x00, 0x00, 0xFF, 0x00, 
0x00, 0xFF, 0x00, 0x00, 0x00, 0xFF, 0x00, 0x00, 0x00, 0xFF, 0x00, 0x00, 0xFF, 0x00, 0x00, 0x00, 
0xFF, 0x00, 0x00, 0x00, 0xFF, 0x00, 0x20, 0xFF, 0x13, 0x00, 0x10, 0xFF, 0x10, 0x00, 0x0E, 0xFF, 
0x16, 0xFF, 0xFF, 0xFF, 0xFF, 0xFF, 0xFF, 0xFF, 0xFF, 0xFF, 0xFF, 0xFF, 0xFF, 0xFF, 0xFF, 0x00, 
0xFF, 0xFF, 0xFF, 0x00, 0xFF, 0xFF, 0xFF, 0x1A, 0xFF, 0x1A, 0x00, 0x1C, 0xFF, 0x23, 0x00, 0x1A, 
0xFF, 0x1A, 0x00, 0xFF, 0x00, 0x00, 0x00, 0xFF, 0x00, 0x00, 0x00, 0xFF, 0x00, 0x00, 0xFF, 0x00, 
0x00, 0x00, 0xFF, 0x00, 0x00, 0x00, 0xFF, 0x00, 0x00, 0xFF, 0x00, 0x00, 0x00, 0xFF, 0x00, 0x00, 
0x00, 0xFF, 0x00, 0x20, 0xFF, 0x13, 0x00, 0x10, 0xFF, 0x10, 0x00, 0x0E, 0xFF, 0x00, 0xFF, 0xFF, 
0xFF, 0xFF, 0xFF, 0xFF, 0xFF, 0xFF, 0xFF, 0xFF, 0x24, 0x00, 0x00, 0x00, 0x00, 0x00, 0x00, 0x00, 
0x01, 0x1A, 0xA4, 0xFF, 0x00, 0x00, 0x00, 0x00, 0x00, 0x00, 0x00, 0x00, 0x00, 0x18, 0xFF, 0x5C, 
0xFF, 0xFF, 0xFF, 0x00, 0x00, 0x00, 0xC9, 0x33, 0xFF, 0x15, 0x00, 0x00, 0x00, 0x00, 0x00, 0xFF, 
0x00, 0x00, 0x00, 0x00, 0x00, 0x00, 0xFF, 0xFF, 0xF4, 0xC7, 0x40, 0x00, 0x00, 0xFF, 0x04, 0x0D, 
0x66, 0xE4, 0x00, 0x20, 0xFF, 0x0B, 0x0B, 0x5F, 0xE1, 0x00, 0xFF, 0xFF, 0xFF, 0xF4, 0xCA, 0x3F, 
0xFF, 0xFF, 0xFF, 0x00, 0x00, 0x00, 0xFF, 0xFF, 0xFF, 0x1A, 0xFF, 0x14, 0x00, 0x00, 0x00, 0x19, 
0xFF, 0x1E, 0x00, 0xFF, 0x00, 0x00, 0x00, 0x00, 0x00, 0xFF, 0x00, 0x00, 0xFF, 0xFC, 0xF1, 0xC4, 
0x3D, 0x00, 0xFF, 0x00, 0x00, 0xFF, 0x01, 0x12, 0x64, 0xE3, 0x00, 0xFF, 0x00, 0x1F, 0xFF, 0x0D, 
0x0D, 0x64, 0xDE, 0x1A, 0xFF, 0x1D, 0xFF, 0xFF, 0xFF, 0xF6, 0xC9, 0x39, 0xFF, 0xFF, 0xFF, 0xFF, 
0xFF, 0xFF, 0x00, 0x00, 0x00, 0x1A, 0xFF, 0x14, 0x00, 0x00, 0x00, 0x00, 0xFF, 0x00, 0x00, 0x00, 
0x00, 0x00, 0xFF, 0xFC, 0xF1, 0xC4, 0x3D, 0x00, 0xFF, 0x01, 0x12, 0x64, 0xE3, 0x1F, 0xFF, 0x0D, 
0x0D, 0x64, 0xDE, 0xFF, 0xFF, 0xFF, 0xF6, 0xC9, 0x39, 0x0B, 0x15, 0x41, 0x52, 0x0E, 0x00, 0x00, 
0x4B, 0xC7, 0x37, 0x65, 0xE3, 0x32, 0x00, 0x4B, 0x29, 0x00, 0x00, 0x95, 0xD5, 0x04, 0x04, 0x00, 
0x08, 0x0F, 0x58, 0xFF, 0x2F, 0x00, 0x00, 0x39, 0x6F, 0x84, 0xFF, 0x47, 0x00, 0x00, 0x00, 0x00, 
0x38, 0xFF, 0x20, 0x2E, 0x00, 0x00, 0x00, 0x7A, 0xB0, 0x00, 0x20, 0x6E, 0x4E, 0x7A, 0xBB, 0x17, 
0x00, 0x00, 0x01, 0x2B, 0x23, 0x00, 0x00, 0x00, 0xFF, 0xFF, 0xFF, 0x00, 0x00, 0x55, 0xD0, 0xF7, 
0xDA, 0x62, 0x00, 0x1D, 0xFF, 0x1B, 0x00, 0x54, 0xB1, 0x20, 0x0F, 0x57, 0xED, 0x57, 0x00, 0xFF, 
0x00, 0x00, 0xCE, 0x1A, 0x00, 0x00, 0x00, 0x5A, 0xD3, 0x00, 0xFF, 0xFF, 0xFF, 0xFF, 0x13, 0x00, 
0x00, 0x00, 0x11, 0xF5, 0x00, 0xFF, 0x00, 0x00, 0xC8, 0x64, 0x00, 0x00, 0x00, 0x19, 0xC7, 0x1A, 
0xFF, 0x19, 0x00, 0x42, 0xF0, 0x5E, 0x10, 0x1A, 0xA7, 0x4B, 0xFF, 0xFF, 0xFF, 0x00, 0x00, 0x59, 
0xD8, 0xF7, 0xD1, 0x56, 0x00, 0x00, 0x00, 0x4D, 0xD3, 0xF7, 0xFF, 0xFF, 0xFF, 0x00, 0x00, 0xED, 
0x5C, 0x0E, 0x0A, 0xFF, 0x1F, 0x00, 0x00, 0xB2, 0x83, 0x21, 0x05, 0xFF, 0x00, 0x00, 0x00, 0x04, 
0x77, 0xFF, 0xFE, 0xFF, 0x00, 0x00, 0x00, 0x03, 0xBA, 0x3D, 0x00, 0xFF, 0x00, 0x00, 0x02, 0x8A, 
0x71, 0x00, 0x20, 0xFF, 0x1F, 0x04, 0xFF, 0xAB, 0x00, 0x00, 0xFF, 0xFF, 0xFF, 0x00, 0x07, 0x54, 
0x06, 0x19, 0x4A, 0x00, 0x00, 0x40, 0xFF, 0x3C, 0x80, 0xF7, 0x05, 0x00, 0x01, 0x27, 0x00, 0x07, 
0x21, 0x00, 0x00, 0x00, 0x15, 0x54, 0x43, 0x05, 0x00, 0x00, 0x4A, 0x88, 0x3D, 0xB1, 0xCD, 0x0B, 
0x0C, 0xC2, 0x01, 0x00, 0x10, 0xFF, 0x75, 0x43, 0xDA, 0x74, 0x74, 0x74, 0x87, 0x53, 0x5F, 0xD5, 
0x00, 0x00, 0x00, 0x00, 0x00, 0x42, 0xFE, 0x33, 0x00, 0x00, 0x00, 0x41, 0x08, 0xDF, 0xE0, 0x47, 
0x1B, 0x7B, 0x3D, 0x00, 0x35, 0xE0, 0xFF, 0xFC, 0x73, 0x00, 0x00, 0x00, 0x02, 0x28, 0x10, 0x00, 
0x00, 0x00, 0x00, 0x00, 0x00, 0xFF, 0xFF, 0xFF, 0xFF, 0xFF, 0xFF, 0xFF, 0xFF, 0xFF, 0xFF, 0xFF, 
0xFF, 0xFF, 0xFF, 0xFF, 0xFF, 0xFF, 0xFF, 0xFF, 0xFF, 0xFF, 0xFF, 0xFF, 0xFF, 0xFF, 0xFF, 0xFF, 
0xFF, 0xFF, 0xFF, 0xFF, 0xFF, 0xFF, 0xFF, 0xFF, 0xFF, 0xFF, 0xFF, 0xFF, 0xFF, 0xFF, 0xFF, 0xFF, 
0xFF, 0xFF, 0xFF, 0xFF, 0x43, 0xA8, 0xE6, 0x38, 0xB3, 0xC8, 0xCA, 0xB0, 0x0E, 0xE6, 0x6C, 0x42, 
0xC7, 0xB2, 0x13, 0xE6, 0x83, 0x3C, 0x8B, 0xCB, 0xF2, 0xD4, 0xEB, 0x09, 0x95, 0x82, 0x09, 0xAC, 
0x46, 0x6A, 0x00, 0x4B, 0x66, 0xE9, 0x0E, 0x00, 0xEA, 0x0D, 0xB1, 0xC8, 0x00, 0xB2, 0xC7, 0xC6, 
0xB0, 0x00, 0xC8, 0xAD, 0x0F, 0xEA, 0x00, 0x10, 0xE8, 0x6A, 0x4B, 0x00, 0x6C, 0x46, 0xC6, 0xB0, 
0x00, 0xC8, 0xAD, 0x0F, 0xEA, 0x00, 0x10, 0xE8, 0x6A, 0x4B, 0x00, 0x6C, 0x46, 0x8B, 0xCB, 0x00, 
0x00, 0x8B, 0xCB, 0xF2, 0xD4, 0x00, 0x00, 0xF2, 0xD4, 0xEB, 0x09, 0x00, 0x00, 0xEB, 0x09, 0x95, 
0x82, 0x00, 0x00, 0x95, 0x82, 0x09, 0xAC, 0x00, 0x00, 0x09, 0xAC, 0x00, 0x00, 0x00, 0x00, 0x00, 
0x00, 0x00, 0x02, 0xC4, 0x4D, 0xC4, 0x99, 0x76, 0xDE, 0x27, 0x02, 0xC4, 0x00, 0x02, 0xC4, 0x4D, 
0xC4, 0x00, 0x4D, 0xC4, 0x99, 0x76, 0x00, 0x99, 0x76, 0xDE, 0x27, 0x00, 0xDE, 0x27, 0x00, 0x49, 
0xB6, 0x04, 0xD2, 0x29, 0x6E, 0x92, 0x00, 0xDB, 0x24, 0x00, 0x6E, 0x92, 0x00, 0x04, 0xD2, 0x28, 
0x00, 0x49, 0xB6, 0xB7, 0x49, 0x00, 0x29, 0xD2, 0x04, 0x00, 0x93, 0x6D, 0x00, 0x25, 0xDB, 0x00, 
0x93, 0x6D, 0x29, 0xD2, 0x04, 0xB7, 0x49, 0x00, 0xFF, 0xFF, 0xFF, 0xFF, 0xFF, 0xFF, 0x00, 0x00, 
0x00, 0x00, 0x00, 0x00, 0x00, 0x59, 0x96, 0x00, 0x00, 0x00, 0x00, 0x00, 0x00, 0x00, 0x00, 0x00, 
0x00, 0x00, 0x00, 0x38, 0x8A, 0x03, 0x00, 0x00, 0x00, 0x00, 0x00, 0x00, 0x00, 0x00, 0x00, 0x00, 
0x00, 0x00, 0xEA, 0xFF, 0xFF, 0xFF, 0xFF, 0xFF, 0xFF, 0xFF, 0xFF, 0xFF, 0xFF, 0xFF, 0xFF, 0xFF, 
0xFF, 0x33, 0x86, 0x03, 0x00, 0x00, 0x00, 0x00, 0x00, 0x00, 0x00, 0x00, 0x00, 0x00, 0x00, 0x00, 
0x00, 0x57, 0x93, 0x00, 0x00, 0x00, 0x00, 0x00, 0x00, 0x00, 0x00, 0x00, 0x00, 0x00, 0x00, 0x00, 
0x35, 0xE7, 0x2D, 0x00, 0x5A, 0x88, 0xFF, 0x84, 0x55, 0x95, 0x02, 0xFF, 0x03, 0x93, 0x00, 0x00, 
0xFF, 0x00, 0x00, 0x00, 0x00, 0xFF, 0x00, 0x00, 0x00, 0x00, 0xFF, 0x00, 0x00, 0x00, 0x00, 0xFF, 
0x00, 0x00, 0x00, 0x00, 0xFF, 0x00, 0x00, 0x00, 0x00, 0xFF, 0x00, 0x00, 0x00, 0x00, 0xFF, 0x00, 
0x00, 0x00, 0x00, 0xFF, 0x00, 0x00, 0x00, 0x00, 0xFF, 0x00, 0x00, 0x00, 0x00, 0xFF, 0x00, 0x00, 
0x00, 0x00, 0xFF, 0x00, 0x00, 0x00, 0x00, 0x00, 0x00, 0x00, 0x00, 0x00, 0x00, 0x00, 0x00, 0x00, 
0x00, 0x96, 0x59, 0x00, 0x00, 0x00, 0x00, 0x00, 0x00, 0x00, 0x00, 0x00, 0x00, 0x00, 0x00, 0x00, 
0x03, 0x89, 0x38, 0xFF, 0xFF, 0xFF, 0xFF, 0xFF, 0xFF, 0xFF, 0xFF, 0xFF, 0xFF, 0xFF, 0xFF, 0xFF, 
0xFF, 0xE9, 0x00, 0x00, 0x00, 0x00, 0x00, 0x00, 0x00, 0x00, 0x00, 0x00, 0x00, 0x00, 0x03, 0x85, 
0x31, 0x00, 0x00, 0x00, 0x00, 0x00, 0x00, 0x00, 0x00, 0x00, 0x00, 0x00, 0x00, 0x93, 0x57, 0x00, 
0x00, 0x00, 0xFF, 0x00, 0x00, 0x00, 0x00, 0xFF, 0x00, 0x00, 0x00, 0x00, 0xFF, 0x00, 0x00, 0x00, 
0x00, 0xFF, 0x00, 0x00, 0x00, 0x00, 0xFF, 0x00, 0x00, 0x00, 0x00, 0xFF, 0x00, 0x00, 0x00, 0x00, 
0xFF, 0x00, 0x00, 0x00, 0x00, 0xFF, 0x00, 0x00, 0x00, 0x00, 0xFF, 0x00, 0x00, 0x00, 0x00, 0xFF, 
0x00, 0x00, 0x00, 0x00, 0xFF, 0x00, 0x00, 0x94, 0x02, 0xFF, 0x03, 0x92, 0x5A, 0x88, 0xFF, 0x85, 
0x55, 0x00, 0x35, 0xE8, 0x2F, 0x00, 0x00, 0x56, 0x97, 0x00, 0x00, 0x00, 0x00, 0x00, 0x00, 0x00, 
0x00, 0x98, 0x56, 0x00, 0x32, 0x86, 0x04, 0x00, 0x00, 0x00, 0x00, 0x00, 0x00, 0x00, 0x00, 0x04, 
0x85, 0x30, 0xE9, 0xFF, 0xFF, 0xFF, 0xFF, 0xFF, 0xFF, 0xFF, 0xFF, 0xFF, 0xFF, 0xFF, 0xFF, 0xE9, 
0x35, 0x87, 0x04, 0x00, 0x00, 0x00, 0x00, 0x00, 0x00, 0x00, 0x00, 0x04, 0x85, 0x33, 0x00, 0x57, 
0x97, 0x00, 0x00, 0x00, 0x00, 0x00, 0x00, 0x00, 0x00, 0x98, 0x56, 0x00, 0x00, 0x33, 0xEA, 0x33, 
0x00, 0x56, 0x85, 0xFF, 0x86, 0x56, 0x98, 0x04, 0xFF, 0x04, 0x98, 0x00, 0x00, 0xFF, 0x00, 0x00, 
0x00, 0x00, 0xFF, 0x00, 0x00, 0x00, 0x00, 0xFF, 0x00, 0x00, 0x00, 0x00, 0xFF, 0x00, 0x00, 0x00, 
0x00, 0xFF, 0x00, 0x00, 0x00, 0x00, 0xFF, 0x00, 0x00, 0x00, 0x00, 0xFF, 0x00, 0x00, 0x00, 0x00, 
0xFF, 0x00, 0x00, 0x00, 0x00, 0xFF, 0x00, 0x00, 0x97, 0x04, 0xFF, 0x04, 0x97, 0x57, 0x87, 0xFF, 
0x87, 0x57, 0x00, 0x35, 0xEB, 0x35, 0x00, 0x1B, 0xC3, 0xF0, 0x6B, 0x00, 0x72, 0xDC, 0xEE, 0x9D, 
0x0C, 0xAD, 0x8D, 0x0D, 0x6E, 0x8D, 0xE1, 0x2F, 0x0E, 0x8E, 0x98, 0xEF, 0x10, 0x00, 0x00, 0xE2, 
0x76, 0x00, 0x00, 0x13, 0xEA, 0xEC, 0x11, 0x00, 0x43, 0xFE, 0x42, 0x00, 0x00, 0x10, 0xE9, 0xA3, 
0x87, 0x17, 0xBB, 0x3F, 0x94, 0x24, 0x0E, 0x8B, 0x98, 0x14, 0xB2, 0xD9, 0x19, 0x00, 0x18, 0xBE, 
0xF2, 0xA6, 0x0E, 0x4C, 0xE1, 0xF2, 0xC2, 0x83, 0x43, 0x0F, 0x45, 0xE3, 0xDF, 0x3F, 0x12, 0x47, 
0x87, 0xC8, 0xF4, 0xE4, 0x4B, 0x00, 0x00, 0x00, 0x00, 0x00, 0x00, 0x00, 0x00, 0x00, 0x00, 0x00, 
0x00, 0x00, 0x00, 0x00, 0x00, 0x00, 0x00, 0x4C, 0xE1, 0xF2, 0xC2, 0x83, 0x43, 0x0F, 0x45, 0xE3, 
0xDF, 0x3F, 0x12, 0x47, 0x86, 0xC6, 0xF4, 0xE4, 0x4B, 0x00, 0x00, 0x00, 0x00, 0x00, 0x00, 0xB2, 
0x4A, 0x00, 0x00, 0x00, 0x00, 0x00, 0x00, 0x17, 0xE0, 0x03, 0x00, 0x00, 0x00, 0x00, 0x00, 0x00, 
0x76, 0x85, 0x00, 0x00, 0x00, 0x00, 0x00, 0x00, 0x00, 0xD7, 0x24, 0x00, 0x00, 0x00, 0x00, 0x00, 
0x00, 0x3B, 0xC1, 0x00, 0x00, 0x00, 0xFF, 0xFF, 0xFF, 0xFF, 0xFF, 0xFF, 0xFF, 0xFF, 0xFF, 0x00, 
0x00, 0x00, 0x0C, 0xE5, 0x09, 0x00, 0x00, 0x00, 0x00, 0x00, 0x00, 0x63, 0x98, 0x00, 0x00, 0x00, 
0x00, 0xFF, 0xFF, 0xFF, 0xFF, 0xFF, 0xFF, 0xFF, 0xFF, 0xFF, 0x00, 0x00, 0x29, 0xD2, 0x00, 0x00, 
0x00, 0x00, 0x00, 0x00, 0x00, 0x8C, 0x70, 0x00, 0x00, 0x00, 0x00, 0x00, 0x00, 0x04, 0xE2, 0x14, 
0x00, 0x00, 0x00, 0x00, 0x00, 0x00, 0x4F, 0xAC, 0x00, 0x00, 0x00, 0x00, 0x00, 0x00, 0x00, 0x00, 
0x49, 0xB9, 0xEE, 0xEF, 0xB8, 0x46, 0x00, 0x00, 0x00, 0x84, 0xDA, 0x54, 0x10, 0x10, 0x55, 0xDC, 
0x83, 0x00, 0x49, 0xDA, 0x0F, 0x00, 0x00, 0x00, 0x00, 0x10, 0xDC, 0x49, 0xBA, 0x53, 0x00, 0xB4, 
0x00, 0x00, 0xB4, 0x00, 0x56, 0xBA, 0xEF, 0x10, 0x00, 0x00, 0x00, 0x00, 0x00, 0x00, 0x11, 0xEF, 
0xEF, 0x10, 0x00, 0x00, 0x00, 0x00, 0x00, 0x00, 0x10, 0xEE, 0xBB, 0x53, 0x00, 0xB8, 0x56, 0x55, 
0xB7, 0x00, 0x53, 0xB9, 0x4B, 0xDA, 0x10, 0x3F, 0xE3, 0xE2, 0x3D, 0x10, 0xDA, 0x47, 0x00, 0x85, 
0xDB, 0x55, 0x10, 0x10, 0x55, 0xDB, 0x83, 0x00, 0x00, 0x00, 0x4B, 0xBB, 0xEF, 0xEF, 0xBB, 0x4A, 
0x00, 0x00, 0x00, 0x00, 0x49, 0xB9, 0xEE, 0xEF, 0xB8, 0x46, 0x00, 0x00, 0x00, 0x84, 0xFF, 0xFF, 
0xFF, 0xFF, 0xFF, 0xFF, 0x83, 0x00, 0x49, 0xFF, 0xFF, 0xFF, 0xFF, 0xFF, 0xFF, 0xFF, 0xFF, 0x49, 
0xBA, 0xFF, 0xFF, 0x4C, 0xFF, 0xFF, 0x4C, 0xFF, 0xFF, 0xBA, 0xEF, 0xFF, 0xFF, 0xFF, 0xFF, 0xFF, 
0xFF, 0xFF, 0xFF, 0xEF, 0xEF, 0xFF, 0xFF, 0xFF, 0xFF, 0xFF, 0xFF, 0xFF, 0xFF, 0xEE, 0xBB, 0xFF, 
0xFF, 0x47, 0xAA, 0xA9, 0x48, 0xFF, 0xFF, 0xB9, 0x4B, 0xFF, 0xFF, 0xC0, 0x1C, 0x1D, 0xC2, 0xFF, 
0xFF, 0x47, 0x00, 0x85, 0xFF, 0xFF, 0xFF, 0xFF, 0xFF, 0xFF, 0x83, 0x00, 0x00, 0x00, 0x4B, 0xBB, 
0xEF, 0xEF, 0xBB, 0x4A, 0x00, 0x00, 0x00, 0x00, 0x00, 0x00, 0x00, 0x00, 0x00, 0xFF, 0x00, 0x00, 
0x00, 0x00, 0x00, 0x00, 0x00, 0x00, 0x1F, 0x18, 0x00, 0x00, 0x00, 0x00, 0xFF, 0x00, 0x00, 0x00, 
0x00, 0x18, 0x1F, 0x00, 0x00, 0x20, 0xB8, 0x19, 0x00, 0x00, 0x00, 0xFF, 0x00, 0x00, 0x00, 0x19, 
0xB8, 0x1F, 0x00, 0x00, 0x00, 0x20, 0xB9, 0x41, 0xA1, 0xE6, 0xFF, 0xE8, 0xAC, 0x44, 0xB9, 0x1F, 
0x00, 0x00, 0x00, 0x00, 0x00, 0x45, 0xFF, 0xA9, 0x2E, 0x08, 0x2F, 0xAB, 0xFF, 0x4B, 0x00, 0x00, 
0x00, 0x00, 0x00, 0x00, 0xA5, 0xAA, 0x00, 0x00, 0x00, 0x00, 0x00, 0xAA, 0xAD, 0x00, 0x00, 0x00, 
0x00, 0x00, 0x00, 0xE7, 0x2E, 0x00, 0x00, 0x00, 0x00, 0x00, 0x2E, 0xE8, 0x00, 0x00, 0x00, 0xFF, 
0xFF, 0xFF, 0xFF, 0x08, 0x00, 0x00, 0x00, 0x00, 0x00, 0x08, 0xFF, 0xFF, 0xFF, 0xFF, 0x00, 0x00, 
0x00, 0xE8, 0x2D, 0x00, 0x00, 0x00, 0x00, 0x00, 0x2E, 0xE4, 0x00, 0x00, 0x00, 0x00, 0x00, 0x00, 
0xA8, 0xA6, 0x00, 0x00, 0x00, 0x00, 0x00, 0xAA, 0x9F, 0x00, 0x00, 0x00, 0x00, 0x00, 0x00, 0x47, 
0xFF, 0xA6, 0x2D, 0x08, 0x2D, 0xA9, 0xFF, 0x42, 0x00, 0x00, 0x00, 0x00, 0x00, 0x1F, 0xB7, 0x40, 
0xA5, 0xEB, 0xFF, 0xE8, 0xAA, 0x46, 0xB9, 0x1E, 0x00, 0x00, 0x00, 0x1F, 0xB7, 0x19, 0x00, 0x00, 
0x00, 0xFF, 0x00, 0x00, 0x00, 0x1A, 0xB8, 0x1F, 0x00, 0x00, 0x20, 0x18, 0x00, 0x00, 0x00, 0x00, 
0xFF, 0x00, 0x00, 0x00, 0x00, 0x19, 0x1F, 0x00, 0x00, 0x00, 0x00, 0x00, 0x00, 0x00, 0x00, 0xFF, 
0x00, 0x00, 0x00, 0x00, 0x00, 0x00, 0x00, 0x00, 0x24, 0xAC, 0xEE, 0xEF, 0xAB, 0x25, 0x00, 0x00, 
0x23, 0xE8, 0x73, 0x13, 0x13, 0x73, 0xE9, 0x24, 0x00, 0xAA, 0x72, 0x00, 0x00, 0x00, 0x00, 0x73, 
0xAA, 0x00, 0xEF, 0x12, 0x00, 0x00, 0x00, 0x00, 0x12, 0xEF, 0x00, 0xEE, 0x18, 0x00, 0x00, 0x00, 
0x00, 0x18, 0xEC, 0x00, 0xA9, 0x74, 0x00, 0x00, 0x00, 0x00, 0x75, 0xBB, 0x00, 0x20, 0xE3, 0x74, 
0x18, 0x18, 0x74, 0xF8, 0x41, 0x00, 0x00, 0x1B, 0xA0, 0xED, 0xFF, 0xE4, 0x61, 0x00, 0x00, 0x00, 
0x00, 0x00, 0x00, 0xFF, 0x00, 0x00, 0x00, 0x00, 0x00, 0x00, 0x00, 0x00, 0xFF, 0x00, 0x00, 0x00, 
0x00, 0x00, 0x00, 0x00, 0x00, 0xFF, 0x00, 0x00, 0x00, 0x00, 0xFF, 0xFF, 0xFF, 0xFF, 0xFF, 0xFF, 
0xFF, 0xFF, 0xFF, 0x00, 0x00, 0x00, 0x00, 0xFF, 0x00, 0x00, 0x00, 0x00, 0x00, 0x00, 0x00, 0x00, 
0xFF, 0x00, 0x00, 0x00, 0x00, 0x00, 0x00, 0x00, 0x00, 0xFF, 0x00, 0x00, 0x00, 0x00, 0x00, 0x00, 
0x00, 0x00, 0x00, 0x00, 0x7F, 0xEF, 0x21, 0x00, 0x00, 0x00, 0x00, 0x00, 0x00, 0x7C, 0x95, 0xE7, 
0x68, 0x00, 0x00, 0x00, 0x00, 0x00, 0x73, 0x4D, 0x76, 0x9C, 0x8E, 0x00, 0x00, 0x00, 0x00, 0x00, 
0x24, 0x00, 0xC5, 0x50, 0x85, 0x2B, 0x00, 0x00, 0x00, 0x00, 0x00, 0x16, 0xF5, 0x0B, 0x50, 0x84, 
0x00, 0x00, 0x00, 0x00, 0x00, 0x63, 0xB7, 0x00, 0x1B, 0xCE, 0x00, 0x00, 0x00, 0x00, 0x00, 0xB1, 
0x6B, 0x00, 0x00, 0x00, 0x00, 0x32, 0xBE, 0xF6, 0xC5, 0xF6, 0x20, 0x00, 0x00, 0x00, 0x2E, 0xED, 
0x73, 0x13, 0x13, 0x73, 0xB1, 0x08, 0x00, 0x00, 0xB5, 0x72, 0x00, 0x00, 0x00, 0x00, 0x73, 0x86, 
0x00, 0x00, 0xF4, 0x12, 0x00, 0x00, 0x00, 0x00, 0x12, 0xE3, 0x00, 0x00, 0xF0, 0x18, 0x00, 0x00, 
0x00, 0x00, 0x18, 0xF4, 0x00, 0x00, 0xAD, 0x74, 0x00, 0x00, 0x00, 0x00, 0x75, 0xBC, 0x00, 0x00, 
0x26, 0xEA, 0x74, 0x18, 0x18, 0x74, 0xF0, 0x33, 0x00, 0x00, 0x00, 0x25, 0xAC, 0xEF, 0xF1, 0xB4, 
0x2F, 0x00, 0x00, 0x00, 0x00, 0x00, 0x00, 0x13, 0x00, 0x00, 0x00, 0x00, 0x00, 0x00, 0xAC, 0x01, 
0x00, 0x00, 0x00, 0x00, 0x5B, 0xFF, 0x6A, 0x00, 0x00, 0x00, 0x44, 0xF6, 0xFF, 0xFB, 0x4E, 0x00, 
0x3F, 0xF7, 0xFF, 0xFF, 0xFF, 0xF8, 0x3C, 0xCF, 0xFF, 0xFF, 0xFF, 0xFF, 0xFF, 0xD4, 0xF1, 0xFF, 
0xFF, 0xE3, 0xFF, 0xFF, 0xF2, 0x72, 0xF3, 0xB2, 0x63, 0xAD, 0xF2, 0x6F, 0x00, 0x12, 0x6C, 0xF9, 
0x67, 0x11, 0x00, 0x00, 0xFF, 0xFF, 0xFF, 0xFF, 0xFF, 0x00, 0x00, 0x00, 0x00, 0x25, 0xC2, 0xF4, 
0xBF, 0x22, 0x00, 0x00, 0x00, 0x00, 0x00, 0x00, 0xC6, 0xFF, 0xFF, 0xFF, 0xC4, 0x00, 0x00, 0x00, 
0x00, 0x00, 0x00, 0xEF, 0xFF, 0xFF, 0xFF, 0xEB, 0x00, 0x00, 0x00, 0x20, 0xC0, 0xEA, 0xDE, 0xFF, 
0xFF, 0xFF, 0xE0, 0xF0, 0xC3, 0x23, 0xBF, 0xFF, 0xFF, 0xFF, 0xFF, 0xFF, 0xFF, 0xFF, 0xFF, 0xFF, 
0xC2, 0xF4, 0xFF, 0xFF, 0xFF, 0xFF, 0xFF, 0xFF, 0xFF, 0xFF, 0xFF, 0xF4, 0xC3, 0xFF, 0xFF, 0xFF, 
0xC1, 0xFB, 0xC9, 0xFF, 0xFF, 0xFF, 0xC0, 0x28, 0xCB, 0xF4, 0xAB, 0x40, 0xFF, 0x4B, 0xA0, 0xEF, 
0xCB, 0x26, 0x00, 0x00, 0x15, 0x4A, 0xD8, 0xFF, 0xDA, 0x50, 0x16, 0x00, 0x00, 0x00, 0x2C, 0xFF, 
0xFF, 0xFF, 0xFF, 0xFF, 0xFF, 0xFF, 0x37, 0x00, 0x44, 0xDE, 0xED, 0x7A, 0x00, 0x80, 0xEE, 0xDC, 
0x44, 0xE2, 0xFF, 0xFF, 0xFF, 0x96, 0xFF, 0xFF, 0xFF, 0xE4, 0xE9, 0xFF, 0xFF, 0xFF, 0xFF, 0xFF, 
0xFF, 0xFF, 0xEA, 0x89, 0xFF, 0xFF, 0xFF, 0xFF, 0xFF, 0xFF, 0xFF, 0x91, 0x0B, 0xD5, 0xFF, 0xFF, 
0xFF, 0xFF, 0xFF, 0xDF, 0x10, 0x00, 0x27, 0xF2, 0xFF, 0xFF, 0xFF, 0xF6, 0x31, 0x00, 0x00, 0x00, 
0x53, 0xFF, 0xFF, 0xFF, 0x5A, 0x00, 0x00, 0x00, 0x00, 0x00, 0x95, 0xFF, 0x9B, 0x00, 0x00, 0x00, 
0x00, 0x00, 0x00, 0x0F, 0xE5, 0x10, 0x00, 0x00, 0x00, 0x00, 0x00, 0x00, 0x00, 0x2B, 0x00, 0x00, 
0x00, 0x00, 0x00, 0x00, 0x04, 0x9F, 0x05, 0x00, 0x00, 0x00, 0x00, 0x87, 0xFF, 0x88, 0x00, 0x00, 
0x00, 0x50, 0xFE, 0xFF, 0xFE, 0x4E, 0x00, 0x2D, 0xF2, 0xFF, 0xFF, 0xFF, 0xF2, 0x2C, 0xC8, 0xFF, 
0xFF, 0xFF, 0xFF, 0xFF, 0xC5, 0x30, 0xF3, 0xFF, 0xFF, 0xFF, 0xF1, 0x2A, 0x00, 0x51, 0xFE, 0xFF, 
0xFE, 0x4B, 0x00, 0x00, 0x00, 0x8A, 0xFF, 0x86, 0x00, 0x00, 0x00, 0x00, 0x04, 0x9E, 0x04, 0x00, 
0x00, 0x00, 0x00, 0x00, 0x00, 0xFE, 0xF4, 0xB7, 0x1A, 0x00, 0x00, 0x00, 0x00, 0xFF, 0xFF, 0xFF, 
0xAD, 0x00, 0x00, 0x00, 0x00, 0xFF, 0x14, 0x88, 0xE6, 0x00, 0x00, 0x00, 0x00, 0xFF, 0x00, 0x0C, 
0xFF, 0x00, 0x00, 0x00, 0x00, 0xFF, 0x00, 0x00, 0x00, 0x00, 0x00, 0x00, 0x00, 0xFF, 0x00, 0x00, 
0x00, 0x00, 0x00, 0x00, 0x00, 0xFF, 0x00, 0x00, 0x00, 0x37, 0xCE, 0xF6, 0xC8, 0xFF, 0x00, 0x00, 
0x00, 0xDA, 0xFF, 0xFF, 0xFF, 0xFB, 0x00, 0x00, 0x00, 0xEB, 0xFF, 0xFF, 0xFF, 0xD1, 0x00, 0x00, 
0x00, 0x56, 0xE4, 0xF6, 0xBD, 0x2C, 0x00, 0x00, 0x00, 0x00, 0x00, 0x00, 0x00, 0x00, 0x00, 0x00, 
0x09, 0x48, 0x91, 0xDA, 0x00, 0x00, 0x00, 0x00, 0x24, 0x6D, 0xB6, 0xF6, 0xFF, 0xFF, 0xFF, 0x00, 
0x00, 0x00, 0x00, 0xFF, 0xFF, 0xFF, 0xF3, 0x9A, 0x33, 0xFF, 0x00, 0x00, 0x00, 0x00, 0xFF, 0xCD, 
0x67, 0x0C, 0x00, 0x00, 0xFF, 0x00, 0x00, 0x00, 0x00, 0xFF, 0x00, 0x00, 0x00, 0x00, 0x00, 0xFF, 
0x00, 0x00, 0x00, 0x00, 0xFF, 0x00, 0x00, 0x00, 0x00, 0x00, 0xFF, 0x00, 0x00, 0x00, 0x00, 0xFF, 
0x00, 0x00, 0x00, 0x00, 0x00, 0xFF, 0x00, 0x00, 0x00, 0x00, 0xFF, 0x00, 0x1E, 0xBF, 0xF6, 0xD0, 
0xFF, 0x00, 0x00, 0x00, 0x00, 0xFF, 0x00, 0xB8, 0xFF, 0xFF, 0xFF, 0xFC, 0x37, 0xCE, 0xF6, 0xC8, 
0xFF, 0x00, 0xF2, 0xFF, 0xFF, 0xFF, 0xD5, 0xDA, 0xFF, 0xFF, 0xFF, 0xFB, 0x00, 0x78, 0xEA, 0xF7, 
0xC0, 0x2F, 0xEB, 0xFF, 0xFF, 0xFF, 0xD2, 0x00, 0x00, 0x00, 0x00, 0x00, 0x00, 0x56, 0xE4, 0xF7, 
0xC0, 0x2F, 0x00, 0x00, 0x00, 0x00, 0x00, 0x00, 0x00, 0x08, 0x7A, 0x54, 0x69, 0x6D, 0x65, 0x73, 
0x4E, 0x52, 0x00, 0x08, 0x7A, 0x54, 0x69, 0x6D, 0x65, 0x73, 0x4E, 0x52, 0x01};