const uint8_t  zCalibriItalic28[] PROGMEM = {
0x00, 0x00, 0x00, 0xC7, 0x00, 0x00, 0x00, 0x0B, 0x00, 0x00, 0x00, 0x1C, 0x00, 0x00, 0x00, 0x00, 
0x00, 0x00, 0x00, 0x13, 0x00, 0x00, 0x00, 0x05, 0x00, 0x00, 0x00, 0x00, 0x00, 0x00, 0x00, 0x01, 
0x00, 0x00, 0x00, 0x01, 0x00, 0x00, 0x00, 0x00, 0x00, 0x00, 0x00, 0x38, 0xFF, 0xFF, 0xFF, 0xE4, 
0x00, 0x00, 0x00, 0x00, 0x00, 0x00, 0x00, 0x00, 0x00, 0x00, 0x00, 0x01, 0x00, 0x00, 0x00, 0x01, 
0x00, 0x00, 0x00, 0x00, 0x00, 0x00, 0x00, 0x38, 0xFF, 0xFF, 0xFF, 0xE4, 0x00, 0x00, 0x00, 0x00, 
0x00, 0x00, 0x00, 0x09, 0x00, 0x00, 0x00, 0x01, 0x00, 0x00, 0x00, 0x01, 0x00, 0x00, 0x00, 0x00, 
0x00, 0x00, 0x00, 0x38, 0xFF, 0xFF, 0xFF, 0xE4, 0x00, 0x00, 0x00, 0x00, 0x00, 0x00, 0x00, 0x0A, 
0x00, 0x00, 0x00, 0x01, 0x00, 0x00, 0x00, 0x01, 0x00, 0x00, 0x00, 0x00, 0x00, 0x00, 0x00, 0x38, 
0xFF, 0xFF, 0xFF, 0xE4, 0x00, 0x00, 0x00, 0x00, 0x00, 0x00, 0x00, 0x0D, 0x00, 0x00, 0x00, 0x01, 
0x00, 0x00, 0x00, 0x01, 0x00, 0x00, 0x00, 0x00, 0x00, 0x00, 0x00, 0x38, 0xFF, 0xFF, 0xFF, 0xE4, 
0x00, 0x00, 0x00, 0x00, 0x00, 0x00, 0x00, 0x1D, 0x00, 0x00, 0x00, 0x01, 0x00, 0x00, 0x00, 0x01, 
0x00, 0x00, 0x00, 0x00, 0x00, 0x00, 0x00, 0x38, 0xFF, 0xFF, 0xFF, 0xE4, 0x00, 0x00, 0x00, 0x00, 
0x00, 0x00, 0x00, 0x20, 0x00, 0x00, 0x00, 0x01, 0x00, 0x00, 0x00, 0x01, 0x00, 0x00, 0x00, 0x06, 
0x00, 0x00, 0x00, 0x38, 0xFF, 0xFF, 0xFF, 0xE4, 0x00, 0x00, 0x00, 0x00, 0x00, 0x00, 0x00, 0x21, 
0x00, 0x00, 0x00, 0x14, 0x00, 0x00, 0x00, 0x07, 0x00, 0x00, 0x00, 0x09, 0x00, 0x00, 0x00, 0x13, 
0x00, 0x00, 0x00, 0x02, 0x00, 0x00, 0x00, 0x00, 0x00, 0x00, 0x00, 0x22, 0x00, 0x00, 0x00, 0x09, 
0x00, 0x00, 0x00, 0x09, 0x00, 0x00, 0x00, 0x0B, 0x00, 0x00, 0x00, 0x14, 0x00, 0x00, 0x00, 0x03, 
0x00, 0x00, 0x00, 0x00, 0x00, 0x00, 0x00, 0x23, 0x00, 0x00, 0x00, 0x13, 0x00, 0x00, 0x00, 0x0F, 
0x00, 0x00, 0x00, 0x0E, 0x00, 0x00, 0x00, 0x12, 0x00, 0x00, 0x00, 0x00, 0x00, 0x00, 0x00, 0x00, 
0x00, 0x00, 0x00, 0x24, 0x00, 0x00, 0x00, 0x19, 0x00, 0x00, 0x00, 0x0E, 0x00, 0x00, 0x00, 0x0E, 
0x00, 0x00, 0x00, 0x15, 0x00, 0x00, 0x00, 0x00, 0x00, 0x00, 0x00, 0x00, 0x00, 0x00, 0x00, 0x25, 
0x00, 0x00, 0x00, 0x14, 0x00, 0x00, 0x00, 0x13, 0x00, 0x00, 0x00, 0x14, 0x00, 0x00, 0x00, 0x13, 
0x00, 0x00, 0x00, 0x01, 0x00, 0x00, 0x00, 0x00, 0x00, 0x00, 0x00, 0x26, 0x00, 0x00, 0x00, 0x14, 
0x00, 0x00, 0x00, 0x10, 0x00, 0x00, 0x00, 0x13, 0x00, 0x00, 0x00, 0x13, 0x00, 0x00, 0x00, 0x01, 
0x00, 0x00, 0x00, 0x00, 0x00, 0x00, 0x00, 0x27, 0x00, 0x00, 0x00, 0x09, 0x00, 0x00, 0x00, 0x04, 
0x00, 0x00, 0x00, 0x06, 0x00, 0x00, 0x00, 0x14, 0x00, 0x00, 0x00, 0x03, 0x00, 0x00, 0x00, 0x00, 
0x00, 0x00, 0x00, 0x28, 0x00, 0x00, 0x00, 0x19, 0x00, 0x00, 0x00, 0x09, 0x00, 0x00, 0x00, 0x08, 
0x00, 0x00, 0x00, 0x14, 0x00, 0x00, 0x00, 0x01, 0x00, 0x00, 0x00, 0x00, 0x00, 0x00, 0x00, 0x29, 
0x00, 0x00, 0x00, 0x19, 0x00, 0x00, 0x00, 0x09, 0x00, 0x00, 0x00, 0x08, 0x00, 0x00, 0x00, 0x14, 
0xFF, 0xFF, 0xFF, 0xFF, 0x00, 0x00, 0x00, 0x00, 0x00, 0x00, 0x00, 0x2A, 0x00, 0x00, 0x00, 0x0B, 
0x00, 0x00, 0x00, 0x0B, 0x00, 0x00, 0x00, 0x0E, 0x00, 0x00, 0x00, 0x14, 0x00, 0x00, 0x00, 0x03, 
0x00, 0x00, 0x00, 0x00, 0x00, 0x00, 0x00, 0x2B, 0x00, 0x00, 0x00, 0x0E, 0x00, 0x00, 0x00, 0x0D, 
0x00, 0x00, 0x00, 0x0E, 0x00, 0x00, 0x00, 0x0F, 0x00, 0x00, 0x00, 0x01, 0x00, 0x00, 0x00, 0x00, 
0x00, 0x00, 0x00, 0x2C, 0x00, 0x00, 0x00, 0x08, 0x00, 0x00, 0x00, 0x07, 0x00, 0x00, 0x00, 0x07, 
0x00, 0x00, 0x00, 0x04, 0xFF, 0xFF, 0xFF, 0xFE, 0x00, 0x00, 0x00, 0x00, 0x00, 0x00, 0x00, 0x2E, 
0x00, 0x00, 0x00, 0x05, 0x00, 0x00, 0x00, 0x04, 0x00, 0x00, 0x00, 0x07, 0x00, 0x00, 0x00, 0x04, 
0x00, 0x00, 0x00, 0x01, 0x00, 0x00, 0x00, 0x00, 0x00, 0x00, 0x00, 0x2F, 0x00, 0x00, 0x00, 0x19, 
0x00, 0x00, 0x00, 0x10, 0x00, 0x00, 0x00, 0x0B, 0x00, 0x00, 0x00, 0x15, 0xFF, 0xFF, 0xFF, 0xFE, 
0x00, 0x00, 0x00, 0x00, 0x00, 0x00, 0x00, 0x30, 0x00, 0x00, 0x00, 0x13, 0x00, 0x00, 0x00, 0x0E, 
0x00, 0x00, 0x00, 0x0E, 0x00, 0x00, 0x00, 0x12, 0x00, 0x00, 0x00, 0x01, 0x00, 0x00, 0x00, 0x00, 
0x00, 0x00, 0x00, 0x31, 0x00, 0x00, 0x00, 0x12, 0x00, 0x00, 0x00, 0x0B, 0x00, 0x00, 0x00, 0x0E, 
0x00, 0x00, 0x00, 0x12, 0x00, 0x00, 0x00, 0x01, 0x00, 0x00, 0x00, 0x00, 0x00, 0x00, 0x00, 0x32, 
0x00, 0x00, 0x00, 0x12, 0x00, 0x00, 0x00, 0x0E, 0x00, 0x00, 0x00, 0x0E, 0x00, 0x00, 0x00, 0x12, 
0x00, 0x00, 0x00, 0x00, 0x00, 0x00, 0x00, 0x00, 0x00, 0x00, 0x00, 0x33, 0x00, 0x00, 0x00, 0x13, 
0x00, 0x00, 0x00, 0x0E, 0x00, 0x00, 0x00, 0x0E, 0x00, 0x00, 0x00, 0x12, 0x00, 0x00, 0x00, 0x00, 
0x00, 0x00, 0x00, 0x00, 0x00, 0x00, 0x00, 0x34, 0x00, 0x00, 0x00, 0x13, 0x00, 0x00, 0x00, 0x0E, 
0x00, 0x00, 0x00, 0x0E, 0x00, 0x00, 0x00, 0x12, 0x00, 0x00, 0x00, 0x00, 0x00, 0x00, 0x00, 0x00, 
0x00, 0x00, 0x00, 0x35, 0x00, 0x00, 0x00, 0x13, 0x00, 0x00, 0x00, 0x0E, 0x00, 0x00, 0x00, 0x0E, 
0x00, 0x00, 0x00, 0x12, 0x00, 0x00, 0x00, 0x00, 0x00, 0x00, 0x00, 0x00, 0x00, 0x00, 0x00, 0x36, 
0x00, 0x00, 0x00, 0x13, 0x00, 0x00, 0x00, 0x0E, 0x00, 0x00, 0x00, 0x0E, 0x00, 0x00, 0x00, 0x12, 
0x00, 0x00, 0x00, 0x01, 0x00, 0x00, 0x00, 0x00, 0x00, 0x00, 0x00, 0x37, 0x00, 0x00, 0x00, 0x13, 
0x00, 0x00, 0x00, 0x0D, 0x00, 0x00, 0x00, 0x0E, 0x00, 0x00, 0x00, 0x12, 0x00, 0x00, 0x00, 0x02, 
0x00, 0x00, 0x00, 0x00, 0x00, 0x00, 0x00, 0x38, 0x00, 0x00, 0x00, 0x13, 0x00, 0x00, 0x00, 0x0E, 
0x00, 0x00, 0x00, 0x0E, 0x00, 0x00, 0x00, 0x12, 0x00, 0x00, 0x00, 0x00, 0x00, 0x00, 0x00, 0x00, 
0x00, 0x00, 0x00, 0x39, 0x00, 0x00, 0x00, 0x13, 0x00, 0x00, 0x00, 0x0E, 0x00, 0x00, 0x00, 0x0E, 
0x00, 0x00, 0x00, 0x12, 0x00, 0x00, 0x00, 0x00, 0x00, 0x00, 0x00, 0x00, 0x00, 0x00, 0x00, 0x3A, 
0x00, 0x00, 0x00, 0x0E, 0x00, 0x00, 0x00, 0x06, 0x00, 0x00, 0x00, 0x08, 0x00, 0x00, 0x00, 0x0D, 
0x00, 0x00, 0x00, 0x01, 0x00, 0x00, 0x00, 0x00, 0x00, 0x00, 0x00, 0x3B, 0x00, 0x00, 0x00, 0x11, 
0x00, 0x00, 0x00, 0x09, 0x00, 0x00, 0x00, 0x08, 0x00, 0x00, 0x00, 0x0D, 0xFF, 0xFF, 0xFF, 0xFE, 
0x00, 0x00, 0x00, 0x00, 0x00, 0x00, 0x00, 0x3C, 0x00, 0x00, 0x00, 0x0E, 0x00, 0x00, 0x00, 0x0E, 
0x00, 0x00, 0x00, 0x0E, 0x00, 0x00, 0x00, 0x0F, 0x00, 0x00, 0x00, 0x01, 0x00, 0x00, 0x00, 0x00, 
0x00, 0x00, 0x00, 0x3D, 0x00, 0x00, 0x00, 0x08, 0x00, 0x00, 0x00, 0x0D, 0x00, 0x00, 0x00, 0x0E, 
0x00, 0x00, 0x00, 0x0C, 0x00, 0x00, 0x00, 0x01, 0x00, 0x00, 0x00, 0x00, 0x00, 0x00, 0x00, 0x3E, 
0x00, 0x00, 0x00, 0x0E, 0x00, 0x00, 0x00, 0x0E, 0x00, 0x00, 0x00, 0x0E, 0x00, 0x00, 0x00, 0x0F, 
0x00, 0x00, 0x00, 0x00, 0x00, 0x00, 0x00, 0x00, 0x00, 0x00, 0x00, 0x3F, 0x00, 0x00, 0x00, 0x14, 
0x00, 0x00, 0x00, 0x0B, 0x00, 0x00, 0x00, 0x0D, 0x00, 0x00, 0x00, 0x13, 0x00, 0x00, 0x00, 0x03, 
0x00, 0x00, 0x00, 0x00, 0x00, 0x00, 0x00, 0x40, 0x00, 0x00, 0x00, 0x17, 0x00, 0x00, 0x00, 0x16, 
0x00, 0x00, 0x00, 0x19, 0x00, 0x00, 0x00, 0x13, 0x00, 0x00, 0x00, 0x02, 0x00, 0x00, 0x00, 0x00, 
0x00, 0x00, 0x00, 0x41, 0x00, 0x00, 0x00, 0x13, 0x00, 0x00, 0x00, 0x10, 0x00, 0x00, 0x00, 0x10, 
0x00, 0x00, 0x00, 0x12, 0xFF, 0xFF, 0xFF, 0xFF, 0x00, 0x00, 0x00, 0x00, 0x00, 0x00, 0x00, 0x42, 
0x00, 0x00, 0x00, 0x12, 0x00, 0x00, 0x00, 0x0E, 0x00, 0x00, 0x00, 0x0F, 0x00, 0x00, 0x00, 0x12, 
0x00, 0x00, 0x00, 0x01, 0x00, 0x00, 0x00, 0x00, 0x00, 0x00, 0x00, 0x43, 0x00, 0x00, 0x00, 0x13, 
0x00, 0x00, 0x00, 0x0F, 0x00, 0x00, 0x00, 0x0F, 0x00, 0x00, 0x00, 0x12, 0x00, 0x00, 0x00, 0x01, 
0x00, 0x00, 0x00, 0x00, 0x00, 0x00, 0x00, 0x44, 0x00, 0x00, 0x00, 0x12, 0x00, 0x00, 0x00, 0x10, 
0x00, 0x00, 0x00, 0x11, 0x00, 0x00, 0x00, 0x12, 0x00, 0x00, 0x00, 0x01, 0x00, 0x00, 0x00, 0x00, 
0x00, 0x00, 0x00, 0x45, 0x00, 0x00, 0x00, 0x12, 0x00, 0x00, 0x00, 0x0E, 0x00, 0x00, 0x00, 0x0E, 
0x00, 0x00, 0x00, 0x12, 0x00, 0x00, 0x00, 0x01, 0x00, 0x00, 0x00, 0x00, 0x00, 0x00, 0x00, 0x46, 
0x00, 0x00, 0x00, 0x13, 0x00, 0x00, 0x00, 0x0D, 0x00, 0x00, 0x00, 0x0D, 0x00, 0x00, 0x00, 0x12, 
0x00, 0x00, 0x00, 0x01, 0x00, 0x00, 0x00, 0x00, 0x00, 0x00, 0x00, 0x47, 0x00, 0x00, 0x00, 0x13, 
0x00, 0x00, 0x00, 0x11, 0x00, 0x00, 0x00, 0x12, 0x00, 0x00, 0x00, 0x12, 0x00, 0x00, 0x00, 0x01, 
0x00, 0x00, 0x00, 0x00, 0x00, 0x00, 0x00, 0x48, 0x00, 0x00, 0x00, 0x13, 0x00, 0x00, 0x00, 0x11, 
0x00, 0x00, 0x00, 0x11, 0x00, 0x00, 0x00, 0x12, 0x00, 0x00, 0x00, 0x01, 0x00, 0x00, 0x00, 0x00, 
0x00, 0x00, 0x00, 0x49, 0x00, 0x00, 0x00, 0x13, 0x00, 0x00, 0x00, 0x06, 0x00, 0x00, 0x00, 0x07, 
0x00, 0x00, 0x00, 0x12, 0x00, 0x00, 0x00, 0x01, 0x00, 0x00, 0x00, 0x00, 0x00, 0x00, 0x00, 0x4A, 
0x00, 0x00, 0x00, 0x13, 0x00, 0x00, 0x00, 0x0A, 0x00, 0x00, 0x00, 0x09, 0x00, 0x00, 0x00, 0x12, 
0xFF, 0xFF, 0xFF, 0xFF, 0x00, 0x00, 0x00, 0x00, 0x00, 0x00, 0x00, 0x4B, 0x00, 0x00, 0x00, 0x13, 
0x00, 0x00, 0x00, 0x0F, 0x00, 0x00, 0x00, 0x0F, 0x00, 0x00, 0x00, 0x12, 0x00, 0x00, 0x00, 0x01, 
0x00, 0x00, 0x00, 0x00, 0x00, 0x00, 0x00, 0x4C, 0x00, 0x00, 0x00, 0x12, 0x00, 0x00, 0x00, 0x0A, 
0x00, 0x00, 0x00, 0x0C, 0x00, 0x00, 0x00, 0x12, 0x00, 0x00, 0x00, 0x01, 0x00, 0x00, 0x00, 0x00, 
0x00, 0x00, 0x00, 0x4D, 0x00, 0x00, 0x00, 0x13, 0x00, 0x00, 0x00, 0x17, 0x00, 0x00, 0x00, 0x18, 
0x00, 0x00, 0x00, 0x12, 0x00, 0x00, 0x00, 0x01, 0x00, 0x00, 0x00, 0x00, 0x00, 0x00, 0x00, 0x4E, 
0x00, 0x00, 0x00, 0x13, 0x00, 0x00, 0x00, 0x11, 0x00, 0x00, 0x00, 0x12, 0x00, 0x00, 0x00, 0x12, 
0x00, 0x00, 0x00, 0x01, 0x00, 0x00, 0x00, 0x00, 0x00, 0x00, 0x00, 0x4F, 0x00, 0x00, 0x00, 0x13, 
0x00, 0x00, 0x00, 0x11, 0x00, 0x00, 0x00, 0x12, 0x00, 0x00, 0x00, 0x12, 0x00, 0x00, 0x00, 0x01, 
0x00, 0x00, 0x00, 0x00, 0x00, 0x00, 0x00, 0x50, 0x00, 0x00, 0x00, 0x13, 0x00, 0x00, 0x00, 0x0E, 
0x00, 0x00, 0x00, 0x0E, 0x00, 0x00, 0x00, 0x12, 0x00, 0x00, 0x00, 0x01, 0x00, 0x00, 0x00, 0x00, 
0x00, 0x00, 0x00, 0x51, 0x00, 0x00, 0x00, 0x15, 0x00, 0x00, 0x00, 0x11, 0x00, 0x00, 0x00, 0x13, 
0x00, 0x00, 0x00, 0x12, 0x00, 0x00, 0x00, 0x01, 0x00, 0x00, 0x00, 0x00, 0x00, 0x00, 0x00, 0x52, 
0x00, 0x00, 0x00, 0x13, 0x00, 0x00, 0x00, 0x0E, 0x00, 0x00, 0x00, 0x0F, 0x00, 0x00, 0x00, 0x12, 
0x00, 0x00, 0x00, 0x01, 0x00, 0x00, 0x00, 0x00, 0x00, 0x00, 0x00, 0x53, 0x00, 0x00, 0x00, 0x13, 
0x00, 0x00, 0x00, 0x0D, 0x00, 0x00, 0x00, 0x0D, 0x00, 0x00, 0x00, 0x12, 0x00, 0x00, 0x00, 0x00, 
0x00, 0x00, 0x00, 0x00, 0x00, 0x00, 0x00, 0x54, 0x00, 0x00, 0x00, 0x13, 0x00, 0x00, 0x00, 0x0E, 
0x00, 0x00, 0x00, 0x0E, 0x00, 0x00, 0x00, 0x12, 0x00, 0x00, 0x00, 0x02, 0x00, 0x00, 0x00, 0x00, 
0x00, 0x00, 0x00, 0x55, 0x00, 0x00, 0x00, 0x13, 0x00, 0x00, 0x00, 0x10, 0x00, 0x00, 0x00, 0x12, 
0x00, 0x00, 0x00, 0x12, 0x00, 0x00, 0x00, 0x02, 0x00, 0x00, 0x00, 0x00, 0x00, 0x00, 0x00, 0x56, 
0x00, 0x00, 0x00, 0x13, 0x00, 0x00, 0x00, 0x10, 0x00, 0x00, 0x00, 0x10, 0x00, 0x00, 0x00, 0x12, 
0x00, 0x00, 0x00, 0x02, 0x00, 0x00, 0x00, 0x00, 0x00, 0x00, 0x00, 0x57, 0x00, 0x00, 0x00, 0x13, 
0x00, 0x00, 0x00, 0x18, 0x00, 0x00, 0x00, 0x19, 0x00, 0x00, 0x00, 0x12, 0x00, 0x00, 0x00, 0x03, 
0x00, 0x00, 0x00, 0x00, 0x00, 0x00, 0x00, 0x58, 0x00, 0x00, 0x00, 0x13, 0x00, 0x00, 0x00, 0x11, 
0x00, 0x00, 0x00, 0x0F, 0x00, 0x00, 0x00, 0x12, 0xFF, 0xFF, 0xFF, 0xFF, 0x00, 0x00, 0x00, 0x00, 
0x00, 0x00, 0x00, 0x59, 0x00, 0x00, 0x00, 0x13, 0x00, 0x00, 0x00, 0x0E, 0x00, 0x00, 0x00, 0x0E, 
0x00, 0x00, 0x00, 0x12, 0x00, 0x00, 0x00, 0x02, 0x00, 0x00, 0x00, 0x00, 0x00, 0x00, 0x00, 0x5A, 
0x00, 0x00, 0x00, 0x12, 0x00, 0x00, 0x00, 0x10, 0x00, 0x00, 0x00, 0x0D, 0x00, 0x00, 0x00, 0x12, 
0xFF, 0xFF, 0xFF, 0xFF, 0x00, 0x00, 0x00, 0x00, 0x00, 0x00, 0x00, 0x5B, 0x00, 0x00, 0x00, 0x19, 
0x00, 0x00, 0x00, 0x0A, 0x00, 0x00, 0x00, 0x09, 0x00, 0x00, 0x00, 0x14, 0x00, 0x00, 0x00, 0x00, 
0x00, 0x00, 0x00, 0x00, 0x00, 0x00, 0x00, 0x5C, 0x00, 0x00, 0x00, 0x18, 0x00, 0x00, 0x00, 0x07, 
0x00, 0x00, 0x00, 0x0B, 0x00, 0x00, 0x00, 0x14, 0x00, 0x00, 0x00, 0x02, 0x00, 0x00, 0x00, 0x00, 
0x00, 0x00, 0x00, 0x5D, 0x00, 0x00, 0x00, 0x19, 0x00, 0x00, 0x00, 0x0A, 0x00, 0x00, 0x00, 0x09, 
0x00, 0x00, 0x00, 0x14, 0xFF, 0xFF, 0xFF, 0xFF, 0x00, 0x00, 0x00, 0x00, 0x00, 0x00, 0x00, 0x5E, 
0x00, 0x00, 0x00, 0x0B, 0x00, 0x00, 0x00, 0x0C, 0x00, 0x00, 0x00, 0x0E, 0x00, 0x00, 0x00, 0x12, 
0x00, 0x00, 0x00, 0x01, 0x00, 0x00, 0x00, 0x00, 0x00, 0x00, 0x00, 0x5F, 0x00, 0x00, 0x00, 0x02, 
0x00, 0x00, 0x00, 0x0F, 0x00, 0x00, 0x00, 0x0E, 0xFF, 0xFF, 0xFF, 0xFD, 0xFF, 0xFF, 0xFF, 0xFD, 
0x00, 0x00, 0x00, 0x00, 0x00, 0x00, 0x00, 0x60, 0x00, 0x00, 0x00, 0x06, 0x00, 0x00, 0x00, 0x05, 
0x00, 0x00, 0x00, 0x08, 0x00, 0x00, 0x00, 0x14, 0x00, 0x00, 0x00, 0x04, 0x00, 0x00, 0x00, 0x00, 
0x00, 0x00, 0x00, 0x61, 0x00, 0x00, 0x00, 0x0F, 0x00, 0x00, 0x00, 0x0D, 0x00, 0x00, 0x00, 0x0E, 
0x00, 0x00, 0x00, 0x0E, 0x00, 0x00, 0x00, 0x01, 0x00, 0x00, 0x00, 0x00, 0x00, 0x00, 0x00, 0x62, 
0x00, 0x00, 0x00, 0x15, 0x00, 0x00, 0x00, 0x0E, 0x00, 0x00, 0x00, 0x0E, 0x00, 0x00, 0x00, 0x14, 
0x00, 0x00, 0x00, 0x00, 0x00, 0x00, 0x00, 0x00, 0x00, 0x00, 0x00, 0x63, 0x00, 0x00, 0x00, 0x0F, 
0x00, 0x00, 0x00, 0x0B, 0x00, 0x00, 0x00, 0x0C, 0x00, 0x00, 0x00, 0x0E, 0x00, 0x00, 0x00, 0x01, 
0x00, 0x00, 0x00, 0x00, 0x00, 0x00, 0x00, 0x64, 0x00, 0x00, 0x00, 0x14, 0x00, 0x00, 0x00, 0x0E, 
0x00, 0x00, 0x00, 0x0E, 0x00, 0x00, 0x00, 0x13, 0x00, 0x00, 0x00, 0x01, 0x00, 0x00, 0x00, 0x00, 
0x00, 0x00, 0x00, 0x65, 0x00, 0x00, 0x00, 0x0F, 0x00, 0x00, 0x00, 0x0C, 0x00, 0x00, 0x00, 0x0D, 
0x00, 0x00, 0x00, 0x0E, 0x00, 0x00, 0x00, 0x01, 0x00, 0x00, 0x00, 0x00, 0x00, 0x00, 0x00, 0x66, 
0x00, 0x00, 0x00, 0x19, 0x00, 0x00, 0x00, 0x0F, 0x00, 0x00, 0x00, 0x09, 0x00, 0x00, 0x00, 0x14, 
0xFF, 0xFF, 0xFF, 0xFD, 0x00, 0x00, 0x00, 0x00, 0x00, 0x00, 0x00, 0x67, 0x00, 0x00, 0x00, 0x13, 
0x00, 0x00, 0x00, 0x0E, 0x00, 0x00, 0x00, 0x0E, 0x00, 0x00, 0x00, 0x0E, 0x00, 0x00, 0x00, 0x00, 
0x00, 0x00, 0x00, 0x00, 0x00, 0x00, 0x00, 0x68, 0x00, 0x00, 0x00, 0x15, 0x00, 0x00, 0x00, 0x0D, 
0x00, 0x00, 0x00, 0x0E, 0x00, 0x00, 0x00, 0x14, 0x00, 0x00, 0x00, 0x00, 0x00, 0x00, 0x00, 0x00, 
0x00, 0x00, 0x00, 0x69, 0x00, 0x00, 0x00, 0x14, 0x00, 0x00, 0x00, 0x07, 0x00, 0x00, 0x00, 0x06, 
0x00, 0x00, 0x00, 0x13, 0x00, 0x00, 0x00, 0x00, 0x00, 0x00, 0x00, 0x00, 0x00, 0x00, 0x00, 0x6A, 
0x00, 0x00, 0x00, 0x18, 0x00, 0x00, 0x00, 0x0A, 0x00, 0x00, 0x00, 0x07, 0x00, 0x00, 0x00, 0x13, 
0xFF, 0xFF, 0xFF, 0xFD, 0x00, 0x00, 0x00, 0x00, 0x00, 0x00, 0x00, 0x6B, 0x00, 0x00, 0x00, 0x15, 
0x00, 0x00, 0x00, 0x0D, 0x00, 0x00, 0x00, 0x0D, 0x00, 0x00, 0x00, 0x14, 0x00, 0x00, 0x00, 0x00, 
0x00, 0x00, 0x00, 0x00, 0x00, 0x00, 0x00, 0x6C, 0x00, 0x00, 0x00, 0x15, 0x00, 0x00, 0x00, 0x07, 
0x00, 0x00, 0x00, 0x06, 0x00, 0x00, 0x00, 0x14, 0x00, 0x00, 0x00, 0x00, 0x00, 0x00, 0x00, 0x00, 
0x00, 0x00, 0x00, 0x6D, 0x00, 0x00, 0x00, 0x0F, 0x00, 0x00, 0x00, 0x15, 0x00, 0x00, 0x00, 0x16, 
0x00, 0x00, 0x00, 0x0E, 0x00, 0x00, 0x00, 0x00, 0x00, 0x00, 0x00, 0x00, 0x00, 0x00, 0x00, 0x6E, 
0x00, 0x00, 0x00, 0x0F, 0x00, 0x00, 0x00, 0x0D, 0x00, 0x00, 0x00, 0x0E, 0x00, 0x00, 0x00, 0x0E, 
0x00, 0x00, 0x00, 0x00, 0x00, 0x00, 0x00, 0x00, 0x00, 0x00, 0x00, 0x6F, 0x00, 0x00, 0x00, 0x0F, 
0x00, 0x00, 0x00, 0x0D, 0x00, 0x00, 0x00, 0x0E, 0x00, 0x00, 0x00, 0x0E, 0x00, 0x00, 0x00, 0x01, 
0x00, 0x00, 0x00, 0x00, 0x00, 0x00, 0x00, 0x70, 0x00, 0x00, 0x00, 0x13, 0x00, 0x00, 0x00, 0x0F, 
0x00, 0x00, 0x00, 0x0E, 0x00, 0x00, 0x00, 0x0E, 0xFF, 0xFF, 0xFF, 0xFF, 0x00, 0x00, 0x00, 0x00, 
0x00, 0x00, 0x00, 0x71, 0x00, 0x00, 0x00, 0x13, 0x00, 0x00, 0x00, 0x0D, 0x00, 0x00, 0x00, 0x0E, 
0x00, 0x00, 0x00, 0x0E, 0x00, 0x00, 0x00, 0x01, 0x00, 0x00, 0x00, 0x00, 0x00, 0x00, 0x00, 0x72, 
0x00, 0x00, 0x00, 0x0F, 0x00, 0x00, 0x00, 0x0B, 0x00, 0x00, 0x00, 0x0A, 0x00, 0x00, 0x00, 0x0E, 
0x00, 0x00, 0x00, 0x00, 0x00, 0x00, 0x00, 0x00, 0x00, 0x00, 0x00, 0x73, 0x00, 0x00, 0x00, 0x0F, 
0x00, 0x00, 0x00, 0x0B, 0x00, 0x00, 0x00, 0x0B, 0x00, 0x00, 0x00, 0x0E, 0x00, 0x00, 0x00, 0x00, 
0x00, 0x00, 0x00, 0x00, 0x00, 0x00, 0x00, 0x74, 0x00, 0x00, 0x00, 0x12, 0x00, 0x00, 0x00, 0x09, 
0x00, 0x00, 0x00, 0x09, 0x00, 0x00, 0x00, 0x11, 0x00, 0x00, 0x00, 0x01, 0x00, 0x00, 0x00, 0x00, 
0x00, 0x00, 0x00, 0x75, 0x00, 0x00, 0x00, 0x0F, 0x00, 0x00, 0x00, 0x0D, 0x00, 0x00, 0x00, 0x0E, 
0x00, 0x00, 0x00, 0x0E, 0x00, 0x00, 0x00, 0x01, 0x00, 0x00, 0x00, 0x00, 0x00, 0x00, 0x00, 0x76, 
0x00, 0x00, 0x00, 0x0F, 0x00, 0x00, 0x00, 0x0C, 0x00, 0x00, 0x00, 0x0C, 0x00, 0x00, 0x00, 0x0E, 
0x00, 0x00, 0x00, 0x01, 0x00, 0x00, 0x00, 0x00, 0x00, 0x00, 0x00, 0x77, 0x00, 0x00, 0x00, 0x0F, 
0x00, 0x00, 0x00, 0x14, 0x00, 0x00, 0x00, 0x14, 0x00, 0x00, 0x00, 0x0E, 0x00, 0x00, 0x00, 0x01, 
0x00, 0x00, 0x00, 0x00, 0x00, 0x00, 0x00, 0x78, 0x00, 0x00, 0x00, 0x0F, 0x00, 0x00, 0x00, 0x0E, 
0x00, 0x00, 0x00, 0x0C, 0x00, 0x00, 0x00, 0x0E, 0xFF, 0xFF, 0xFF, 0xFF, 0x00, 0x00, 0x00, 0x00, 
0x00, 0x00, 0x00, 0x79, 0x00, 0x00, 0x00, 0x13, 0x00, 0x00, 0x00, 0x0D, 0x00, 0x00, 0x00, 0x0D, 
0x00, 0x00, 0x00, 0x0E, 0x00, 0x00, 0x00, 0x00, 0x00, 0x00, 0x00, 0x00, 0x00, 0x00, 0x00, 0x7A, 
0x00, 0x00, 0x00, 0x0D, 0x00, 0x00, 0x00, 0x0B, 0x00, 0x00, 0x00, 0x0B, 0x00, 0x00, 0x00, 0x0D, 
0x00, 0x00, 0x00, 0x00, 0x00, 0x00, 0x00, 0x00, 0x00, 0x00, 0x00, 0x7B, 0x00, 0x00, 0x00, 0x19, 
0x00, 0x00, 0x00, 0x0A, 0x00, 0x00, 0x00, 0x09, 0x00, 0x00, 0x00, 0x14, 0x00, 0x00, 0x00, 0x01, 
0x00, 0x00, 0x00, 0x00, 0x00, 0x00, 0x00, 0x7C, 0x00, 0x00, 0x00, 0x19, 0x00, 0x00, 0x00, 0x08, 
0x00, 0x00, 0x00, 0x0D, 0x00, 0x00, 0x00, 0x14, 0x00, 0x00, 0x00, 0x03, 0x00, 0x00, 0x00, 0x00, 
0x00, 0x00, 0x00, 0x7D, 0x00, 0x00, 0x00, 0x19, 0x00, 0x00, 0x00, 0x0A, 0x00, 0x00, 0x00, 0x09, 
0x00, 0x00, 0x00, 0x14, 0xFF, 0xFF, 0xFF, 0xFF, 0x00, 0x00, 0x00, 0x00, 0x00, 0x00, 0x00, 0x7E, 
0x00, 0x00, 0x00, 0x06, 0x00, 0x00, 0x00, 0x0D, 0x00, 0x00, 0x00, 0x0E, 0x00, 0x00, 0x00, 0x10, 
0x00, 0x00, 0x00, 0x02, 0x00, 0x00, 0x00, 0x00, 0x00, 0x00, 0x00, 0xA0, 0x00, 0x00, 0x00, 0x01, 
0x00, 0x00, 0x00, 0x01, 0x00, 0x00, 0x00, 0x06, 0x00, 0x00, 0x00, 0x38, 0xFF, 0xFF, 0xFF, 0xE4, 
0x00, 0x00, 0x00, 0x00, 0x00, 0x00, 0x00, 0xA6, 0x00, 0x00, 0x00, 0x1A, 0x00, 0x00, 0x00, 0x08, 
0x00, 0x00, 0x00, 0x0E, 0x00, 0x00, 0x00, 0x14, 0x00, 0x00, 0x00, 0x03, 0x00, 0x00, 0x00, 0x00, 
0x00, 0x00, 0x00, 0xA7, 0x00, 0x00, 0x00, 0x16, 0x00, 0x00, 0x00, 0x0D, 0x00, 0x00, 0x00, 0x0E, 
0x00, 0x00, 0x00, 0x13, 0x00, 0x00, 0x00, 0x00, 0x00, 0x00, 0x00, 0x00, 0x00, 0x00, 0x00, 0xA9, 
0x00, 0x00, 0x00, 0x15, 0x00, 0x00, 0x00, 0x14, 0x00, 0x00, 0x00, 0x17, 0x00, 0x00, 0x00, 0x14, 
0x00, 0x00, 0x00, 0x02, 0x00, 0x00, 0x00, 0x00, 0x00, 0x00, 0x00, 0xAB, 0x00, 0x00, 0x00, 0x0C, 
0x00, 0x00, 0x00, 0x0D, 0x00, 0x00, 0x00, 0x0E, 0x00, 0x00, 0x00, 0x0D, 0x00, 0x00, 0x00, 0x01, 
0x00, 0x00, 0x00, 0x00, 0x00, 0x00, 0x00, 0xAE, 0x00, 0x00, 0x00, 0x0C, 0x00, 0x00, 0x00, 0x0B, 
0x00, 0x00, 0x00, 0x0E, 0x00, 0x00, 0x00, 0x14, 0x00, 0x00, 0x00, 0x03, 0x00, 0x00, 0x00, 0x00, 
0x00, 0x00, 0x00, 0xB0, 0x00, 0x00, 0x00, 0x07, 0x00, 0x00, 0x00, 0x07, 0x00, 0x00, 0x00, 0x09, 
0x00, 0x00, 0x00, 0x13, 0x00, 0x00, 0x00, 0x03, 0x00, 0x00, 0x00, 0x00, 0x00, 0x00, 0x00, 0xB1, 
0x00, 0x00, 0x00, 0x11, 0x00, 0x00, 0x00, 0x0E, 0x00, 0x00, 0x00, 0x0E, 0x00, 0x00, 0x00, 0x11, 
0x00, 0x00, 0x00, 0x00, 0x00, 0x00, 0x00, 0x00, 0x00, 0x00, 0x00, 0xB4, 0x00, 0x00, 0x00, 0x06, 
0x00, 0x00, 0x00, 0x06, 0x00, 0x00, 0x00, 0x08, 0x00, 0x00, 0x00, 0x14, 0x00, 0x00, 0x00, 0x03, 
0x00, 0x00, 0x00, 0x00, 0x00, 0x00, 0x00, 0xBB, 0x00, 0x00, 0x00, 0x0C, 0x00, 0x00, 0x00, 0x0C, 
0x00, 0x00, 0x00, 0x0E, 0x00, 0x00, 0x00, 0x0D, 0x00, 0x00, 0x00, 0x01, 0x00, 0x00, 0x00, 0x00, 
0x00, 0x00, 0x00, 0xD7, 0x00, 0x00, 0x00, 0x0C, 0x00, 0x00, 0x00, 0x0E, 0x00, 0x00, 0x00, 0x0E, 
0x00, 0x00, 0x00, 0x0E, 0x00, 0x00, 0x00, 0x00, 0x00, 0x00, 0x00, 0x00, 0x00, 0x00, 0x00, 0xF7, 
0x00, 0x00, 0x00, 0x0E, 0x00, 0x00, 0x00, 0x0E, 0x00, 0x00, 0x00, 0x0E, 0x00, 0x00, 0x00, 0x0F, 
0x00, 0x00, 0x00, 0x00, 0x00, 0x00, 0x00, 0x00, 0x00, 0x00, 0x04, 0x01, 0x00, 0x00, 0x00, 0x17, 
0x00, 0x00, 0x00, 0x0E, 0x00, 0x00, 0x00, 0x0E, 0x00, 0x00, 0x00, 0x17, 0x00, 0x00, 0x00, 0x01, 
0x00, 0x00, 0x00, 0x00, 0x00, 0x00, 0x04, 0x10, 0x00, 0x00, 0x00, 0x13, 0x00, 0x00, 0x00, 0x10, 
0x00, 0x00, 0x00, 0x10, 0x00, 0x00, 0x00, 0x12, 0xFF, 0xFF, 0xFF, 0xFF, 0x00, 0x00, 0x00, 0x00, 
0x00, 0x00, 0x04, 0x11, 0x00, 0x00, 0x00, 0x12, 0x00, 0x00, 0x00, 0x0E, 0x00, 0x00, 0x00, 0x0F, 
0x00, 0x00, 0x00, 0x12, 0x00, 0x00, 0x00, 0x01, 0x00, 0x00, 0x00, 0x00, 0x00, 0x00, 0x04, 0x12, 
0x00, 0x00, 0x00, 0x12, 0x00, 0x00, 0x00, 0x0E, 0x00, 0x00, 0x00, 0x0F, 0x00, 0x00, 0x00, 0x12, 
0x00, 0x00, 0x00, 0x01, 0x00, 0x00, 0x00, 0x00, 0x00, 0x00, 0x04, 0x13, 0x00, 0x00, 0x00, 0x13, 
0x00, 0x00, 0x00, 0x0D, 0x00, 0x00, 0x00, 0x0C, 0x00, 0x00, 0x00, 0x12, 0x00, 0x00, 0x00, 0x01, 
0x00, 0x00, 0x00, 0x00, 0x00, 0x00, 0x04, 0x14, 0x00, 0x00, 0x00, 0x17, 0x00, 0x00, 0x00, 0x15, 
0x00, 0x00, 0x00, 0x12, 0x00, 0x00, 0x00, 0x12, 0xFF, 0xFF, 0xFF, 0xFD, 0x00, 0x00, 0x00, 0x00, 
0x00, 0x00, 0x04, 0x15, 0x00, 0x00, 0x00, 0x12, 0x00, 0x00, 0x00, 0x0E, 0x00, 0x00, 0x00, 0x0E, 
0x00, 0x00, 0x00, 0x12, 0x00, 0x00, 0x00, 0x01, 0x00, 0x00, 0x00, 0x00, 0x00, 0x00, 0x04, 0x16, 
0x00, 0x00, 0x00, 0x13, 0x00, 0x00, 0x00, 0x17, 0x00, 0x00, 0x00, 0x16, 0x00, 0x00, 0x00, 0x12, 
0x00, 0x00, 0x00, 0x00, 0x00, 0x00, 0x00, 0x00, 0x00, 0x00, 0x04, 0x17, 0x00, 0x00, 0x00, 0x13, 
0x00, 0x00, 0x00, 0x0D, 0x00, 0x00, 0x00, 0x0D, 0x00, 0x00, 0x00, 0x12, 0x00, 0x00, 0x00, 0x00, 
0x00, 0x00, 0x00, 0x00, 0x00, 0x00, 0x04, 0x18, 0x00, 0x00, 0x00, 0x13, 0x00, 0x00, 0x00, 0x11, 
0x00, 0x00, 0x00, 0x12, 0x00, 0x00, 0x00, 0x12, 0x00, 0x00, 0x00, 0x01, 0x00, 0x00, 0x00, 0x00, 
0x00, 0x00, 0x04, 0x19, 0x00, 0x00, 0x00, 0x18, 0x00, 0x00, 0x00, 0x11, 0x00, 0x00, 0x00, 0x12, 
0x00, 0x00, 0x00, 0x17, 0x00, 0x00, 0x00, 0x01, 0x00, 0x00, 0x00, 0x00, 0x00, 0x00, 0x04, 0x1A, 
0x00, 0x00, 0x00, 0x13, 0x00, 0x00, 0x00, 0x0F, 0x00, 0x00, 0x00, 0x0F, 0x00, 0x00, 0x00, 0x12, 
0x00, 0x00, 0x00, 0x01, 0x00, 0x00, 0x00, 0x00, 0x00, 0x00, 0x04, 0x1B, 0x00, 0x00, 0x00, 0x13, 
0x00, 0x00, 0x00, 0x13, 0x00, 0x00, 0x00, 0x11, 0x00, 0x00, 0x00, 0x12, 0xFF, 0xFF, 0xFF, 0xFE, 
0x00, 0x00, 0x00, 0x00, 0x00, 0x00, 0x04, 0x1C, 0x00, 0x00, 0x00, 0x13, 0x00, 0x00, 0x00, 0x17, 
0x00, 0x00, 0x00, 0x18, 0x00, 0x00, 0x00, 0x12, 0x00, 0x00, 0x00, 0x01, 0x00, 0x00, 0x00, 0x00, 
0x00, 0x00, 0x04, 0x1D, 0x00, 0x00, 0x00, 0x13, 0x00, 0x00, 0x00, 0x11, 0x00, 0x00, 0x00, 0x11, 
0x00, 0x00, 0x00, 0x12, 0x00, 0x00, 0x00, 0x01, 0x00, 0x00, 0x00, 0x00, 0x00, 0x00, 0x04, 0x1E, 
0x00, 0x00, 0x00, 0x13, 0x00, 0x00, 0x00, 0x11, 0x00, 0x00, 0x00, 0x12, 0x00, 0x00, 0x00, 0x12, 
0x00, 0x00, 0x00, 0x01, 0x00, 0x00, 0x00, 0x00, 0x00, 0x00, 0x04, 0x1F, 0x00, 0x00, 0x00, 0x13, 
0x00, 0x00, 0x00, 0x11, 0x00, 0x00, 0x00, 0x11, 0x00, 0x00, 0x00, 0x12, 0x00, 0x00, 0x00, 0x01, 
0x00, 0x00, 0x00, 0x00, 0x00, 0x00, 0x04, 0x20, 0x00, 0x00, 0x00, 0x13, 0x00, 0x00, 0x00, 0x0E, 
0x00, 0x00, 0x00, 0x0E, 0x00, 0x00, 0x00, 0x12, 0x00, 0x00, 0x00, 0x01, 0x00, 0x00, 0x00, 0x00, 
0x00, 0x00, 0x04, 0x21, 0x00, 0x00, 0x00, 0x13, 0x00, 0x00, 0x00, 0x0F, 0x00, 0x00, 0x00, 0x0F, 
0x00, 0x00, 0x00, 0x12, 0x00, 0x00, 0x00, 0x01, 0x00, 0x00, 0x00, 0x00, 0x00, 0x00, 0x04, 0x22, 
0x00, 0x00, 0x00, 0x13, 0x00, 0x00, 0x00, 0x0E, 0x00, 0x00, 0x00, 0x0E, 0x00, 0x00, 0x00, 0x12, 
0x00, 0x00, 0x00, 0x02, 0x00, 0x00, 0x00, 0x00, 0x00, 0x00, 0x04, 0x23, 0x00, 0x00, 0x00, 0x13, 
0x00, 0x00, 0x00, 0x10, 0x00, 0x00, 0x00, 0x0F, 0x00, 0x00, 0x00, 0x12, 0x00, 0x00, 0x00, 0x01, 
0x00, 0x00, 0x00, 0x00, 0x00, 0x00, 0x04, 0x24, 0x00, 0x00, 0x00, 0x14, 0x00, 0x00, 0x00, 0x12, 
0x00, 0x00, 0x00, 0x14, 0x00, 0x00, 0x00, 0x13, 0x00, 0x00, 0x00, 0x01, 0x00, 0x00, 0x00, 0x00, 
0x00, 0x00, 0x04, 0x25, 0x00, 0x00, 0x00, 0x13, 0x00, 0x00, 0x00, 0x11, 0x00, 0x00, 0x00, 0x0F, 
0x00, 0x00, 0x00, 0x12, 0xFF, 0xFF, 0xFF, 0xFF, 0x00, 0x00, 0x00, 0x00, 0x00, 0x00, 0x04, 0x26, 
0x00, 0x00, 0x00, 0x17, 0x00, 0x00, 0x00, 0x11, 0x00, 0x00, 0x00, 0x12, 0x00, 0x00, 0x00, 0x12, 
0x00, 0x00, 0x00, 0x01, 0x00, 0x00, 0x00, 0x00, 0x00, 0x00, 0x04, 0x27, 0x00, 0x00, 0x00, 0x13, 
0x00, 0x00, 0x00, 0x0E, 0x00, 0x00, 0x00, 0x10, 0x00, 0x00, 0x00, 0x12, 0x00, 0x00, 0x00, 0x02, 
0x00, 0x00, 0x00, 0x00, 0x00, 0x00, 0x04, 0x28, 0x00, 0x00, 0x00, 0x12, 0x00, 0x00, 0x00, 0x18, 
0x00, 0x00, 0x00, 0x18, 0x00, 0x00, 0x00, 0x12, 0x00, 0x00, 0x00, 0x01, 0x00, 0x00, 0x00, 0x00, 
0x00, 0x00, 0x04, 0x29, 0x00, 0x00, 0x00, 0x17, 0x00, 0x00, 0x00, 0x18, 0x00, 0x00, 0x00, 0x19, 
0x00, 0x00, 0x00, 0x12, 0x00, 0x00, 0x00, 0x01, 0x00, 0x00, 0x00, 0x00, 0x00, 0x00, 0x04, 0x2A, 
0x00, 0x00, 0x00, 0x12, 0x00, 0x00, 0x00, 0x0F, 0x00, 0x00, 0x00, 0x11, 0x00, 0x00, 0x00, 0x12, 
0x00, 0x00, 0x00, 0x02, 0x00, 0x00, 0x00, 0x00, 0x00, 0x00, 0x04, 0x2B, 0x00, 0x00, 0x00, 0x13, 
0x00, 0x00, 0x00, 0x15, 0x00, 0x00, 0x00, 0x15, 0x00, 0x00, 0x00, 0x12, 0x00, 0x00, 0x00, 0x01, 
0x00, 0x00, 0x00, 0x00, 0x00, 0x00, 0x04, 0x2C, 0x00, 0x00, 0x00, 0x12, 0x00, 0x00, 0x00, 0x0E, 
0x00, 0x00, 0x00, 0x0F, 0x00, 0x00, 0x00, 0x12, 0x00, 0x00, 0x00, 0x01, 0x00, 0x00, 0x00, 0x00, 
0x00, 0x00, 0x04, 0x2D, 0x00, 0x00, 0x00, 0x13, 0x00, 0x00, 0x00, 0x0F, 0x00, 0x00, 0x00, 0x0F, 
0x00, 0x00, 0x00, 0x12, 0x00, 0x00, 0x00, 0x00, 0x00, 0x00, 0x00, 0x00, 0x00, 0x00, 0x04, 0x2E, 
0x00, 0x00, 0x00, 0x13, 0x00, 0x00, 0x00, 0x18, 0x00, 0x00, 0x00, 0x19, 0x00, 0x00, 0x00, 0x12, 
0x00, 0x00, 0x00, 0x01, 0x00, 0x00, 0x00, 0x00, 0x00, 0x00, 0x04, 0x2F, 0x00, 0x00, 0x00, 0x13, 
0x00, 0x00, 0x00, 0x11, 0x00, 0x00, 0x00, 0x10, 0x00, 0x00, 0x00, 0x12, 0xFF, 0xFF, 0xFF, 0xFF, 
0x00, 0x00, 0x00, 0x00, 0x00, 0x00, 0x04, 0x30, 0x00, 0x00, 0x00, 0x0F, 0x00, 0x00, 0x00, 0x0D, 
0x00, 0x00, 0x00, 0x0E, 0x00, 0x00, 0x00, 0x0E, 0x00, 0x00, 0x00, 0x01, 0x00, 0x00, 0x00, 0x00, 
0x00, 0x00, 0x04, 0x31, 0x00, 0x00, 0x00, 0x15, 0x00, 0x00, 0x00, 0x0F, 0x00, 0x00, 0x00, 0x0F, 
0x00, 0x00, 0x00, 0x14, 0x00, 0x00, 0x00, 0x01, 0x00, 0x00, 0x00, 0x00, 0x00, 0x00, 0x04, 0x32, 
0x00, 0x00, 0x00, 0x0F, 0x00, 0x00, 0x00, 0x0C, 0x00, 0x00, 0x00, 0x0D, 0x00, 0x00, 0x00, 0x0E, 
0x00, 0x00, 0x00, 0x01, 0x00, 0x00, 0x00, 0x00, 0x00, 0x00, 0x04, 0x33, 0x00, 0x00, 0x00, 0x0F, 
0x00, 0x00, 0x00, 0x0B, 0x00, 0x00, 0x00, 0x0C, 0x00, 0x00, 0x00, 0x0E, 0x00, 0x00, 0x00, 0x00, 
0x00, 0x00, 0x00, 0x00, 0x00, 0x00, 0x04, 0x34, 0x00, 0x00, 0x00, 0x15, 0x00, 0x00, 0x00, 0x0D, 
0x00, 0x00, 0x00, 0x0F, 0x00, 0x00, 0x00, 0x14, 0x00, 0x00, 0x00, 0x01, 0x00, 0x00, 0x00, 0x00, 
0x00, 0x00, 0x04, 0x35, 0x00, 0x00, 0x00, 0x0F, 0x00, 0x00, 0x00, 0x0C, 0x00, 0x00, 0x00, 0x0D, 
0x00, 0x00, 0x00, 0x0E, 0x00, 0x00, 0x00, 0x01, 0x00, 0x00, 0x00, 0x00, 0x00, 0x00, 0x04, 0x36, 
0x00, 0x00, 0x00, 0x0F, 0x00, 0x00, 0x00, 0x17, 0x00, 0x00, 0x00, 0x16, 0x00, 0x00, 0x00, 0x0E, 
0xFF, 0xFF, 0xFF, 0xFF, 0x00, 0x00, 0x00, 0x00, 0x00, 0x00, 0x04, 0x37, 0x00, 0x00, 0x00, 0x0F, 
0x00, 0x00, 0x00, 0x0B, 0x00, 0x00, 0x00, 0x0C, 0x00, 0x00, 0x00, 0x0E, 0x00, 0x00, 0x00, 0x00, 
0x00, 0x00, 0x00, 0x00, 0x00, 0x00, 0x04, 0x38, 0x00, 0x00, 0x00, 0x0F, 0x00, 0x00, 0x00, 0x0D, 
0x00, 0x00, 0x00, 0x0E, 0x00, 0x00, 0x00, 0x0E, 0x00, 0x00, 0x00, 0x01, 0x00, 0x00, 0x00, 0x00, 
0x00, 0x00, 0x04, 0x39, 0x00, 0x00, 0x00, 0x14, 0x00, 0x00, 0x00, 0x0D, 0x00, 0x00, 0x00, 0x0E, 
0x00, 0x00, 0x00, 0x13, 0x00, 0x00, 0x00, 0x01, 0x00, 0x00, 0x00, 0x00, 0x00, 0x00, 0x04, 0x3A, 
0x00, 0x00, 0x00, 0x0F, 0x00, 0x00, 0x00, 0x0D, 0x00, 0x00, 0x00, 0x0D, 0x00, 0x00, 0x00, 0x0E, 
0x00, 0x00, 0x00, 0x00, 0x00, 0x00, 0x00, 0x00, 0x00, 0x00, 0x04, 0x3B, 0x00, 0x00, 0x00, 0x0F, 
0x00, 0x00, 0x00, 0x0F, 0x00, 0x00, 0x00, 0x0E, 0x00, 0x00, 0x00, 0x0E, 0xFF, 0xFF, 0xFF, 0xFF, 
0x00, 0x00, 0x00, 0x00, 0x00, 0x00, 0x04, 0x3C, 0x00, 0x00, 0x00, 0x0E, 0x00, 0x00, 0x00, 0x12, 
0x00, 0x00, 0x00, 0x13, 0x00, 0x00, 0x00, 0x0D, 0x00, 0x00, 0x00, 0x00, 0x00, 0x00, 0x00, 0x00, 
0x00, 0x00, 0x04, 0x3D, 0x00, 0x00, 0x00, 0x0F, 0x00, 0x00, 0x00, 0x0E, 0x00, 0x00, 0x00, 0x0F, 
0x00, 0x00, 0x00, 0x0E, 0x00, 0x00, 0x00, 0x00, 0x00, 0x00, 0x00, 0x00, 0x00, 0x00, 0x04, 0x3E, 
0x00, 0x00, 0x00, 0x0F, 0x00, 0x00, 0x00, 0x0D, 0x00, 0x00, 0x00, 0x0E, 0x00, 0x00, 0x00, 0x0E, 
0x00, 0x00, 0x00, 0x01, 0x00, 0x00, 0x00, 0x00, 0x00, 0x00, 0x04, 0x3F, 0x00, 0x00, 0x00, 0x0E, 
0x00, 0x00, 0x00, 0x0E, 0x00, 0x00, 0x00, 0x0F, 0x00, 0x00, 0x00, 0x0D, 0x00, 0x00, 0x00, 0x00, 
0x00, 0x00, 0x00, 0x00, 0x00, 0x00, 0x04, 0x40, 0x00, 0x00, 0x00, 0x13, 0x00, 0x00, 0x00, 0x0F, 
0x00, 0x00, 0x00, 0x0E, 0x00, 0x00, 0x00, 0x0E, 0xFF, 0xFF, 0xFF, 0xFF, 0x00, 0x00, 0x00, 0x00, 
0x00, 0x00, 0x04, 0x41, 0x00, 0x00, 0x00, 0x0F, 0x00, 0x00, 0x00, 0x0B, 0x00, 0x00, 0x00, 0x0C, 
0x00, 0x00, 0x00, 0x0E, 0x00, 0x00, 0x00, 0x01, 0x00, 0x00, 0x00, 0x00, 0x00, 0x00, 0x04, 0x42, 
0x00, 0x00, 0x00, 0x0F, 0x00, 0x00, 0x00, 0x15, 0x00, 0x00, 0x00, 0x16, 0x00, 0x00, 0x00, 0x0E, 
0x00, 0x00, 0x00, 0x00, 0x00, 0x00, 0x00, 0x00, 0x00, 0x00, 0x04, 0x43, 0x00, 0x00, 0x00, 0x13, 
0x00, 0x00, 0x00, 0x0D, 0x00, 0x00, 0x00, 0x0D, 0x00, 0x00, 0x00, 0x0E, 0x00, 0x00, 0x00, 0x00, 
0x00, 0x00, 0x00, 0x00, 0x00, 0x00, 0x04, 0x44, 0x00, 0x00, 0x00, 0x19, 0x00, 0x00, 0x00, 0x12, 
0x00, 0x00, 0x00, 0x14, 0x00, 0x00, 0x00, 0x14, 0x00, 0x00, 0x00, 0x01, 0x00, 0x00, 0x00, 0x00, 
0x00, 0x00, 0x04, 0x45, 0x00, 0x00, 0x00, 0x0F, 0x00, 0x00, 0x00, 0x0E, 0x00, 0x00, 0x00, 0x0C, 
0x00, 0x00, 0x00, 0x0E, 0xFF, 0xFF, 0xFF, 0xFF, 0x00, 0x00, 0x00, 0x00, 0x00, 0x00, 0x04, 0x46, 
0x00, 0x00, 0x00, 0x13, 0x00, 0x00, 0x00, 0x0D, 0x00, 0x00, 0x00, 0x0F, 0x00, 0x00, 0x00, 0x0E, 
0x00, 0x00, 0x00, 0x01, 0x00, 0x00, 0x00, 0x00, 0x00, 0x00, 0x04, 0x47, 0x00, 0x00, 0x00, 0x0F, 
0x00, 0x00, 0x00, 0x0C, 0x00, 0x00, 0x00, 0x0D, 0x00, 0x00, 0x00, 0x0E, 0x00, 0x00, 0x00, 0x01, 
0x00, 0x00, 0x00, 0x00, 0x00, 0x00, 0x04, 0x48, 0x00, 0x00, 0x00, 0x0F, 0x00, 0x00, 0x00, 0x14, 
0x00, 0x00, 0x00, 0x16, 0x00, 0x00, 0x00, 0x0E, 0x00, 0x00, 0x00, 0x01, 0x00, 0x00, 0x00, 0x00, 
0x00, 0x00, 0x04, 0x49, 0x00, 0x00, 0x00, 0x13, 0x00, 0x00, 0x00, 0x14, 0x00, 0x00, 0x00, 0x16, 
0x00, 0x00, 0x00, 0x0E, 0x00, 0x00, 0x00, 0x01, 0x00, 0x00, 0x00, 0x00, 0x00, 0x00, 0x04, 0x4A, 
0x00, 0x00, 0x00, 0x0E, 0x00, 0x00, 0x00, 0x0D, 0x00, 0x00, 0x00, 0x0F, 0x00, 0x00, 0x00, 0x0D, 
0x00, 0x00, 0x00, 0x01, 0x00, 0x00, 0x00, 0x00, 0x00, 0x00, 0x04, 0x4B, 0x00, 0x00, 0x00, 0x0F, 
0x00, 0x00, 0x00, 0x11, 0x00, 0x00, 0x00, 0x13, 0x00, 0x00, 0x00, 0x0E, 0x00, 0x00, 0x00, 0x01, 
0x00, 0x00, 0x00, 0x00, 0x00, 0x00, 0x04, 0x4C, 0x00, 0x00, 0x00, 0x0F, 0x00, 0x00, 0x00, 0x0B, 
0x00, 0x00, 0x00, 0x0D, 0x00, 0x00, 0x00, 0x0E, 0x00, 0x00, 0x00, 0x01, 0x00, 0x00, 0x00, 0x00, 
0x00, 0x00, 0x04, 0x4D, 0x00, 0x00, 0x00, 0x0F, 0x00, 0x00, 0x00, 0x0C, 0x00, 0x00, 0x00, 0x0C, 
0x00, 0x00, 0x00, 0x0E, 0x00, 0x00, 0x00, 0x00, 0x00, 0x00, 0x00, 0x00, 0x00, 0x00, 0x04, 0x4E, 
0x00, 0x00, 0x00, 0x0F, 0x00, 0x00, 0x00, 0x14, 0x00, 0x00, 0x00, 0x14, 0x00, 0x00, 0x00, 0x0E, 
0x00, 0x00, 0x00, 0x00, 0x00, 0x00, 0x00, 0x00, 0x00, 0x00, 0x04, 0x4F, 0x00, 0x00, 0x00, 0x0F, 
0x00, 0x00, 0x00, 0x0E, 0x00, 0x00, 0x00, 0x0D, 0x00, 0x00, 0x00, 0x0E, 0xFF, 0xFF, 0xFF, 0xFF, 
0x00, 0x00, 0x00, 0x00, 0x00, 0x00, 0x04, 0x51, 0x00, 0x00, 0x00, 0x13, 0x00, 0x00, 0x00, 0x0C, 
0x00, 0x00, 0x00, 0x0D, 0x00, 0x00, 0x00, 0x12, 0x00, 0x00, 0x00, 0x01, 0x00, 0x00, 0x00, 0x00, 
0x00, 0x00, 0x20, 0x0C, 0x00, 0x00, 0x00, 0x01, 0x00, 0x00, 0x00, 0x01, 0x00, 0x00, 0x00, 0x00, 
0x00, 0x00, 0x00, 0x38, 0xFF, 0xFF, 0xFF, 0xE4, 0x00, 0x00, 0x00, 0x00, 0x00, 0x00, 0x20, 0x0D, 
0x00, 0x00, 0x00, 0x01, 0x00, 0x00, 0x00, 0x01, 0x00, 0x00, 0x00, 0x00, 0x00, 0x00, 0x00, 0x38, 
0xFF, 0xFF, 0xFF, 0xE4, 0x00, 0x00, 0x00, 0x00, 0x00, 0x00, 0x20, 0x0E, 0x00, 0x00, 0x00, 0x01, 
0x00, 0x00, 0x00, 0x01, 0x00, 0x00, 0x00, 0x00, 0x00, 0x00, 0x00, 0x38, 0xFF, 0xFF, 0xFF, 0xE4, 
0x00, 0x00, 0x00, 0x00, 0x00, 0x00, 0x20, 0x0F, 0x00, 0x00, 0x00, 0x01, 0x00, 0x00, 0x00, 0x01, 
0x00, 0x00, 0x00, 0x00, 0x00, 0x00, 0x00, 0x38, 0xFF, 0xFF, 0xFF, 0xE4, 0x00, 0x00, 0x00, 0x00, 
0x00, 0x00, 0x20, 0x28, 0x00, 0x00, 0x00, 0x01, 0x00, 0x00, 0x00, 0x01, 0x00, 0x00, 0x00, 0x00, 
0x00, 0x00, 0x00, 0x38, 0xFF, 0xFF, 0xFF, 0xE4, 0x00, 0x00, 0x00, 0x00, 0x00, 0x00, 0x20, 0x29, 
0x00, 0x00, 0x00, 0x01, 0x00, 0x00, 0x00, 0x01, 0x00, 0x00, 0x00, 0x00, 0x00, 0x00, 0x00, 0x38, 
0xFF, 0xFF, 0xFF, 0xE4, 0x00, 0x00, 0x00, 0x00, 0x00, 0x00, 0x20, 0x2A, 0x00, 0x00, 0x00, 0x01, 
0x00, 0x00, 0x00, 0x01, 0x00, 0x00, 0x00, 0x00, 0x00, 0x00, 0x00, 0x38, 0xFF, 0xFF, 0xFF, 0xE4, 
0x00, 0x00, 0x00, 0x00, 0x00, 0x00, 0x20, 0x2B, 0x00, 0x00, 0x00, 0x01, 0x00, 0x00, 0x00, 0x01, 
0x00, 0x00, 0x00, 0x00, 0x00, 0x00, 0x00, 0x38, 0xFF, 0xFF, 0xFF, 0xE4, 0x00, 0x00, 0x00, 0x00, 
0x00, 0x00, 0x20, 0x2C, 0x00, 0x00, 0x00, 0x01, 0x00, 0x00, 0x00, 0x01, 0x00, 0x00, 0x00, 0x00, 
0x00, 0x00, 0x00, 0x38, 0xFF, 0xFF, 0xFF, 0xE4, 0x00, 0x00, 0x00, 0x00, 0x00, 0x00, 0x20, 0x2D, 
0x00, 0x00, 0x00, 0x01, 0x00, 0x00, 0x00, 0x01, 0x00, 0x00, 0x00, 0x00, 0x00, 0x00, 0x00, 0x38, 
0xFF, 0xFF, 0xFF, 0xE4, 0x00, 0x00, 0x00, 0x00, 0x00, 0x00, 0x20, 0x2E, 0x00, 0x00, 0x00, 0x01, 
0x00, 0x00, 0x00, 0x01, 0x00, 0x00, 0x00, 0x00, 0x00, 0x00, 0x00, 0x38, 0xFF, 0xFF, 0xFF, 0xE4, 
0x00, 0x00, 0x00, 0x00, 0x00, 0x00, 0x20, 0x6A, 0x00, 0x00, 0x00, 0x01, 0x00, 0x00, 0x00, 0x01, 
0x00, 0x00, 0x00, 0x00, 0x00, 0x00, 0x00, 0x38, 0xFF, 0xFF, 0xFF, 0xE4, 0x00, 0x00, 0x00, 0x00, 
0x00, 0x00, 0x20, 0x6B, 0x00, 0x00, 0x00, 0x01, 0x00, 0x00, 0x00, 0x01, 0x00, 0x00, 0x00, 0x00, 
0x00, 0x00, 0x00, 0x38, 0xFF, 0xFF, 0xFF, 0xE4, 0x00, 0x00, 0x00, 0x00, 0x00, 0x00, 0x20, 0x6C, 
0x00, 0x00, 0x00, 0x01, 0x00, 0x00, 0x00, 0x01, 0x00, 0x00, 0x00, 0x00, 0x00, 0x00, 0x00, 0x38, 
0xFF, 0xFF, 0xFF, 0xE4, 0x00, 0x00, 0x00, 0x00, 0x00, 0x00, 0x20, 0x6D, 0x00, 0x00, 0x00, 0x01, 
0x00, 0x00, 0x00, 0x01, 0x00, 0x00, 0x00, 0x00, 0x00, 0x00, 0x00, 0x38, 0xFF, 0xFF, 0xFF, 0xE4, 
0x00, 0x00, 0x00, 0x00, 0x00, 0x00, 0x20, 0x6E, 0x00, 0x00, 0x00, 0x01, 0x00, 0x00, 0x00, 0x01, 
0x00, 0x00, 0x00, 0x00, 0x00, 0x00, 0x00, 0x38, 0xFF, 0xFF, 0xFF, 0xE4, 0x00, 0x00, 0x00, 0x00, 
0x00, 0x00, 0x20, 0x6F, 0x00, 0x00, 0x00, 0x01, 0x00, 0x00, 0x00, 0x01, 0x00, 0x00, 0x00, 0x00, 
0x00, 0x00, 0x00, 0x38, 0xFF, 0xFF, 0xFF, 0xE4, 0x00, 0x00, 0x00, 0x00, 0x00, 0x00, 0x22, 0x12, 
0x00, 0x00, 0x00, 0x03, 0x00, 0x00, 0x00, 0x0D, 0x00, 0x00, 0x00, 0x0E, 0x00, 0x00, 0x00, 0x09, 
0x00, 0x00, 0x00, 0x01, 0x00, 0x00, 0x00, 0x00, 0x00, 0x00, 0x22, 0x1E, 0x00, 0x00, 0x00, 0x09, 
0x00, 0x00, 0x00, 0x16, 0x00, 0x00, 0x00, 0x18, 0x00, 0x00, 0x00, 0x0D, 0x00, 0x00, 0x00, 0x01, 
0x00, 0x00, 0x00, 0x00, 0x00, 0x00, 0x22, 0x48, 0x00, 0x00, 0x00, 0x0A, 0x00, 0x00, 0x00, 0x0D, 
0x00, 0x00, 0x00, 0x0E, 0x00, 0x00, 0x00, 0x0D, 0x00, 0x00, 0x00, 0x01, 0x00, 0x00, 0x00, 0x00, 
0x00, 0x00, 0x22, 0x60, 0x00, 0x00, 0x00, 0x0F, 0x00, 0x00, 0x00, 0x0D, 0x00, 0x00, 0x00, 0x0E, 
0x00, 0x00, 0x00, 0x0F, 0x00, 0x00, 0x00, 0x01, 0x00, 0x00, 0x00, 0x00, 0x00, 0x00, 0x00, 0x00, 
0x00, 0x00, 0x00, 0x00, 0x00, 0x00, 0x00, 0x7F, 0xC4, 0x6F, 0x00, 0x00, 0x00, 0x00, 0xF0, 0xFF, 
0x84, 0x00, 0x00, 0x00, 0x20, 0xFF, 0xFF, 0x4C, 0x00, 0x00, 0x00, 0x4F, 0xFF, 0xFF, 0x14, 0x00, 
0x00, 0x00, 0x7D, 0xFF, 0xDC, 0x00, 0x00, 0x00, 0x00, 0xAB, 0xFF, 0xA4, 0x00, 0x00, 0x00, 0x00, 
0xD9, 0xFF, 0x6D, 0x00, 0x00, 0x00, 0x0A, 0xFD, 0xFF, 0x35, 0x00, 0x00, 0x00, 0x36, 0xFF, 0xF7, 
0x05, 0x00, 0x00, 0x00, 0x64, 0xFF, 0xC5, 0x00, 0x00, 0x00, 0x00, 0x93, 0xFF, 0x8D, 0x00, 0x00, 
0x00, 0x00, 0xC1, 0xFF, 0x56, 0x00, 0x00, 0x00, 0x00, 0xEE, 0xFF, 0x1E, 0x00, 0x00, 0x00, 0x1D, 
0xFF, 0xE6, 0x00, 0x00, 0x00, 0x00, 0x09, 0x52, 0x2F, 0x00, 0x00, 0x00, 0x00, 0x00, 0x00, 0x00, 
0x00, 0x00, 0x00, 0x0B, 0xCA, 0xF4, 0x70, 0x00, 0x00, 0x00, 0x55, 0xFF, 0xFF, 0x84, 0x00, 0x00, 
0x00, 0x5F, 0xFF, 0xF2, 0x2C, 0x00, 0x00, 0x00, 0x00, 0x1C, 0x0B, 0x00, 0x00, 0x00, 0x00, 0x00, 
0x01, 0x14, 0x05, 0x00, 0x00, 0x03, 0x14, 0x02, 0x00, 0x9D, 0xFF, 0xA4, 0x00, 0x00, 0xC2, 0xFF, 
0x7D, 0x00, 0xCE, 0xFF, 0x6C, 0x00, 0x00, 0xF1, 0xFF, 0x45, 0x01, 0xF4, 0xFF, 0x2B, 0x00, 0x1A, 
0xFF, 0xFA, 0x0A, 0x1E, 0xFF, 0xE9, 0x00, 0x00, 0x42, 0xFF, 0xC4, 0x00, 0x46, 0xFF, 0xA8, 0x00, 
0x00, 0x6A, 0xFF, 0x83, 0x00, 0x6E, 0xFF, 0x67, 0x00, 0x00, 0x92, 0xFF, 0x43, 0x00, 0x90, 0xFE, 
0x24, 0x00, 0x00, 0xB5, 0xF4, 0x09, 0x00, 0x08, 0x11, 0x00, 0x00, 0x00, 0x0B, 0x0D, 0x00, 0x00, 
0x00, 0x00, 0x00, 0x00, 0x00, 0x00, 0x79, 0xC3, 0x35, 0x00, 0x00, 0x00, 0x9D, 0xC1, 0x10, 0x00, 
0x00, 0x00, 0x00, 0x00, 0x07, 0xF2, 0xFB, 0x12, 0x00, 0x00, 0x2D, 0xFF, 0xDA, 0x00, 0x00, 0x00, 
0x00, 0x00, 0x00, 0x4E, 0xFF, 0xB9, 0x00, 0x00, 0x00, 0x7F, 0xFF, 0x89, 0x00, 0x00, 0x00, 0x00, 
0x00, 0x00, 0xA1, 0xFF, 0x66, 0x00, 0x00, 0x00, 0xD2, 0xFF, 0x37, 0x00, 0x00, 0x00, 0x00, 0x00, 
0x05, 0xEF, 0xFC, 0x15, 0x00, 0x00, 0x25, 0xFF, 0xE4, 0x01, 0x00, 0x00, 0x00, 0x73, 0xFB, 0xFC, 
0xFF, 0xFF, 0xFC, 0xFC, 0xFC, 0xFD, 0xFF, 0xFE, 0xFC, 0x91, 0x00, 0x00, 0x77, 0xC4, 0xEE, 0xFF, 
0xD6, 0xC4, 0xC4, 0xC4, 0xF9, 0xFF, 0xCC, 0xC3, 0x46, 0x00, 0x00, 0x00, 0x02, 0xE7, 0xFE, 0x1C, 
0x00, 0x00, 0x1A, 0xFE, 0xEC, 0x04, 0x00, 0x00, 0x00, 0x00, 0x00, 0x3E, 0xFF, 0xC7, 0x00, 0x00, 
0x00, 0x6D, 0xFF, 0x9C, 0x00, 0x00, 0x00, 0x00, 0x00, 0x00, 0x93, 0xFF, 0x73, 0x00, 0x00, 0x00, 
0xC0, 0xFF, 0x46, 0x00, 0x00, 0x00, 0x00, 0x00, 0x01, 0xE4, 0xFF, 0x21, 0x00, 0x00, 0x16, 0xFC, 
0xED, 0x04, 0x00, 0x00, 0x00, 0x46, 0xB7, 0xC0, 0xFF, 0xFA, 0xB8, 0xB8, 0xB8, 0xCC, 0xFF, 0xEC, 
0xB8, 0x69, 0x00, 0x00, 0x98, 0xFF, 0xFF, 0xFF, 0xFF, 0xFF, 0xFF, 0xFF, 0xFF, 0xFF, 0xFF, 0xFF, 
0x6F, 0x00, 0x00, 0x01, 0x05, 0xE3, 0xFF, 0x27, 0x04, 0x04, 0x18, 0xFC, 0xEF, 0x08, 0x03, 0x00, 
0x00, 0x00, 0x00, 0x37, 0xFF, 0xD0, 0x00, 0x00, 0x00, 0x63, 0xFF, 0xA2, 0x00, 0x00, 0x00, 0x00, 
0x00, 0x00, 0x8A, 0xFF, 0x7D, 0x00, 0x00, 0x00, 0xB6, 0xFF, 0x50, 0x00, 0x00, 0x00, 0x00, 0x00, 
0x00, 0xDC, 0xFF, 0x2B, 0x00, 0x00, 0x0F, 0xF9, 0xF4, 0x09, 0x00, 0x00, 0x00, 0x00, 0x00, 0x2A, 
0xFF, 0xD3, 0x00, 0x00, 0x00, 0x57, 0xFF, 0xA3, 0x00, 0x00, 0x00, 0x00, 0x00, 0x00, 0x00, 0x11, 
0x05, 0x00, 0x00, 0x00, 0x03, 0x11, 0x01, 0x00, 0x00, 0x00, 0x00, 0x00, 0x00, 0x00, 0x00, 0x00, 
0x00, 0x00, 0x00, 0x00, 0x00, 0x00, 0x19, 0xC9, 0x82, 0x00, 0x00, 0x00, 0x00, 0x00, 0x00, 0x00, 
0x00, 0x00, 0x00, 0x00, 0x6A, 0xFF, 0x6C, 0x00, 0x00, 0x00, 0x00, 0x00, 0x00, 0x00, 0x00, 0x00, 
0x00, 0x00, 0xB8, 0xFF, 0x20, 0x00, 0x00, 0x00, 0x00, 0x00, 0x00, 0x00, 0x00, 0x2D, 0x77, 0x9E, 
0xF9, 0xF6, 0x70, 0x22, 0x00, 0x00, 0x00, 0x00, 0x00, 0x1A, 0xB6, 0xFF, 0xFF, 0xFF, 0xFF, 0xFF, 
0xFF, 0xFD, 0x68, 0x00, 0x00, 0x00, 0x14, 0xDF, 0xFF, 0xEE, 0x82, 0x47, 0x3C, 0x5A, 0xAB, 0xFC, 
0x8C, 0x00, 0x00, 0x00, 0x93, 0xFF, 0xEC, 0x21, 0x00, 0x00, 0x00, 0x00, 0x00, 0x26, 0x1C, 0x00, 
0x00, 0x00, 0xE9, 0xFF, 0x8D, 0x00, 0x00, 0x00, 0x00, 0x00, 0x00, 0x00, 0x00, 0x00, 0x00, 0x09, 
0xFF, 0xFF, 0x6D, 0x00, 0x00, 0x00, 0x00, 0x00, 0x00, 0x00, 0x00, 0x00, 0x00, 0x01, 0xF3, 0xFF, 
0xCB, 0x0E, 0x00, 0x00, 0x00, 0x00, 0x00, 0x00, 0x00, 0x00, 0x00, 0x00, 0x89, 0xFF, 0xFF, 0xDD, 
0x62, 0x09, 0x00, 0x00, 0x00, 0x00, 0x00, 0x00, 0x00, 0x00, 0x05, 0x9D, 0xFF, 0xFF, 0xFF, 0xEF, 
0x8A, 0x17, 0x00, 0x00, 0x00, 0x00, 0x00, 0x00, 0x00, 0x00, 0x38, 0xAA, 0xFA, 0xFF, 0xFF, 0xEC, 
0x45, 0x00, 0x00, 0x00, 0x00, 0x00, 0x00, 0x00, 0x00, 0x00, 0x16, 0x88, 0xFB, 0xFF, 0xEE, 0x1A, 
0x00, 0x00, 0x00, 0x00, 0x00, 0x00, 0x00, 0x00, 0x00, 0x00, 0x58, 0xFF, 0xFF, 0x6E, 0x00, 0x00, 
0x00, 0x00, 0x00, 0x00, 0x00, 0x00, 0x00, 0x00, 0x01, 0xFC, 0xFF, 0x80, 0x00, 0x00, 0x00, 0x00, 
0x00, 0x00, 0x00, 0x00, 0x00, 0x00, 0x22, 0xFF, 0xFF, 0x60, 0x00, 0x07, 0x0F, 0x00, 0x00, 0x00, 
0x00, 0x00, 0x00, 0x00, 0xA0, 0xFF, 0xF6, 0x16, 0x00, 0x71, 0xEF, 0x83, 0x2B, 0x03, 0x00, 0x11, 
0x4B, 0xBD, 0xFF, 0xFF, 0x70, 0x00, 0x00, 0x7C, 0xFF, 0xFF, 0xFF, 0xFE, 0xFC, 0xFF, 0xFF, 0xFF, 
0xF5, 0x6A, 0x00, 0x00, 0x00, 0x03, 0x5E, 0xB0, 0xE7, 0xFF, 0xFD, 0xE7, 0xBF, 0x78, 0x14, 0x00, 
0x00, 0x00, 0x00, 0x00, 0x00, 0x00, 0x78, 0xFF, 0x60, 0x00, 0x00, 0x00, 0x00, 0x00, 0x00, 0x00, 
0x00, 0x00, 0x00, 0x00, 0xC7, 0xFD, 0x15, 0x00, 0x00, 0x00, 0x00, 0x00, 0x00, 0x00, 0x00, 0x00, 
0x00, 0x16, 0xFD, 0xC4, 0x00, 0x00, 0x00, 0x00, 0x00, 0x00, 0x00, 0x00, 0x00, 0x00, 0x00, 0x0B, 
0x53, 0x23, 0x00, 0x00, 0x00, 0x00, 0x00, 0x00, 0x00, 0x00, 0x00, 0x00, 0x00, 0x00, 0x00, 0x00, 
0x00, 0x00, 0x00, 0x00, 0x00, 0x00, 0x00, 0x00, 0x00, 0x00, 0x00, 0x08, 0x33, 0x10, 0x00, 0x00, 
0x00, 0x20, 0xA0, 0xD9, 0xD8, 0x95, 0x11, 0x00, 0x00, 0x00, 0x00, 0x00, 0x00, 0x0D, 0xCC, 0xFC, 
0x43, 0x00, 0x00, 0x39, 0xF4, 0xF7, 0xAD, 0xCF, 0xFF, 0xB6, 0x00, 0x00, 0x00, 0x00, 0x00, 0x06, 
0xBB, 0xFF, 0x66, 0x00, 0x00, 0x05, 0xE0, 0xFD, 0x3E, 0x00, 0x05, 0xEA, 0xFE, 0x09, 0x00, 0x00, 
0x00, 0x01, 0xA5, 0xFF, 0x80, 0x00, 0x00, 0x00, 0x53, 0xFF, 0xA9, 0x00, 0x00, 0x00, 0xD1, 0xFF, 
0x18, 0x00, 0x00, 0x00, 0x8D, 0xFF, 0x99, 0x00, 0x00, 0x00, 0x00, 0x97, 0xFF, 0x5A, 0x00, 0x00, 
0x00, 0xED, 0xF9, 0x05, 0x00, 0x00, 0x74, 0xFF, 0xB0, 0x03, 0x00, 0x00, 0x00, 0x00, 0xBC, 0xFF, 
0x2E, 0x00, 0x00, 0x28, 0xFF, 0xC7, 0x00, 0x00, 0x5A, 0xFE, 0xC4, 0x09, 0x00, 0x00, 0x00, 0x00, 
0x00, 0xBE, 0xFF, 0x29, 0x00, 0x00, 0x91, 0xFF, 0x6C, 0x00, 0x45, 0xFA, 0xD5, 0x11, 0x00, 0x00, 
0x00, 0x00, 0x00, 0x00, 0x94, 0xFF, 0x9B, 0x34, 0x7B, 0xFD, 0xD3, 0x08, 0x33, 0xF3, 0xE3, 0x1D, 
0x00, 0x00, 0x00, 0x00, 0x00, 0x00, 0x00, 0x1E, 0xDC, 0xFF, 0xFF, 0xFF, 0xC1, 0x1F, 0x23, 0xE9, 
0xEF, 0x2C, 0x00, 0x00, 0x06, 0x00, 0x00, 0x00, 0x00, 0x00, 0x00, 0x07, 0x3D, 0x55, 0x34, 0x01, 
0x16, 0xDC, 0xF7, 0x3D, 0x02, 0x70, 0xE3, 0xFF, 0xF3, 0x91, 0x07, 0x00, 0x00, 0x00, 0x00, 0x00, 
0x00, 0x00, 0x0C, 0xCB, 0xFD, 0x52, 0x00, 0xA2, 0xFF, 0xC2, 0x81, 0xD3, 0xFF, 0x75, 0x00, 0x00, 
0x00, 0x00, 0x00, 0x00, 0x05, 0xB9, 0xFF, 0x69, 0x00, 0x4D, 0xFF, 0xC0, 0x04, 0x00, 0x38, 0xFF, 
0xB7, 0x00, 0x00, 0x00, 0x00, 0x00, 0x01, 0xA3, 0xFF, 0x82, 0x00, 0x00, 0xB4, 0xFF, 0x42, 0x00, 
0x00, 0x27, 0xFF, 0xBE, 0x00, 0x00, 0x00, 0x00, 0x00, 0x8B, 0xFF, 0x9C, 0x00, 0x00, 0x01, 0xF1, 
0xF5, 0x04, 0x00, 0x00, 0x47, 0xFF, 0xA0, 0x00, 0x00, 0x00, 0x00, 0x70, 0xFF, 0xB2, 0x03, 0x00, 
0x00, 0x13, 0xFF, 0xD3, 0x00, 0x00, 0x00, 0x87, 0xFF, 0x67, 0x00, 0x00, 0x00, 0x58, 0xFE, 0xC6, 
0x09, 0x00, 0x00, 0x00, 0x0E, 0xFF, 0xDA, 0x00, 0x00, 0x11, 0xEB, 0xF6, 0x11, 0x00, 0x00, 0x43, 
0xF9, 0xD7, 0x12, 0x00, 0x00, 0x00, 0x00, 0x00, 0xDA, 0xFF, 0x83, 0x65, 0xD1, 0xFF, 0x6A, 0x00, 
0x00, 0x2F, 0xF2, 0xE5, 0x1E, 0x00, 0x00, 0x00, 0x00, 0x00, 0x00, 0x3E, 0xE3, 0xFF, 0xFF, 0xEE, 
0x64, 0x00, 0x00, 0x00, 0x3C, 0x79, 0x23, 0x00, 0x00, 0x00, 0x00, 0x00, 0x00, 0x00, 0x00, 0x02, 
0x21, 0x29, 0x05, 0x00, 0x00, 0x00, 0x00, 0x00, 0x00, 0x00, 0x00, 0x00, 0x00, 0x06, 0x49, 0x6B, 
0x7F, 0x6F, 0x39, 0x00, 0x00, 0x00, 0x00, 0x00, 0x00, 0x00, 0x00, 0x00, 0x66, 0xEC, 0xFF, 0xFF, 
0xFF, 0xFF, 0xFF, 0xC6, 0x15, 0x00, 0x00, 0x00, 0x00, 0x00, 0x00, 0x6E, 0xFF, 0xFF, 0xBF, 0x6A, 
0x63, 0xA0, 0xFF, 0xFF, 0x9A, 0x00, 0x00, 0x00, 0x00, 0x00, 0x0B, 0xF3, 0xFF, 0x9E, 0x01, 0x00, 
0x00, 0x00, 0xB2, 0xFF, 0xD1, 0x00, 0x00, 0x00, 0x00, 0x00, 0x43, 0xFF, 0xFF, 0x26, 0x00, 0x00, 
0x00, 0x00, 0xB4, 0xFF, 0xBA, 0x00, 0x00, 0x00, 0x00, 0x00, 0x4B, 0xFF, 0xFF, 0x1B, 0x00, 0x00, 
0x00, 0x39, 0xFB, 0xFF, 0x5C, 0x00, 0x00, 0x00, 0x00, 0x00, 0x1E, 0xFF, 0xFF, 0x54, 0x00, 0x00, 
0x5A, 0xF3, 0xFF, 0xA4, 0x00, 0x00, 0x00, 0x00, 0x00, 0x00, 0x00, 0xCB, 0xFF, 0xBC, 0x34, 0xBB, 
0xFF, 0xFD, 0x87, 0x02, 0x00, 0x00, 0x00, 0x00, 0x00, 0x00, 0x00, 0x57, 0xFF, 0xFF, 0xFF, 0xFF, 
0xCB, 0x38, 0x00, 0x00, 0x00, 0x00, 0x00, 0x00, 0x00, 0x00, 0x2D, 0xBF, 0xFF, 0xFF, 0xFF, 0x5E, 
0x01, 0x00, 0x00, 0x00, 0x20, 0xBE, 0xAD, 0x00, 0x00, 0x68, 0xF8, 0xFF, 0xDB, 0xFC, 0xFF, 0x91, 
0x00, 0x00, 0x00, 0x00, 0x6A, 0xFF, 0xC9, 0x00, 0x70, 0xFF, 0xFF, 0x88, 0x07, 0x8B, 0xFF, 0xFE, 
0x44, 0x00, 0x00, 0x00, 0xBB, 0xFF, 0x82, 0x31, 0xFC, 0xFF, 0x7A, 0x00, 0x00, 0x08, 0xD2, 0xFF, 
0xE9, 0x1C, 0x00, 0x35, 0xFF, 0xFD, 0x20, 0xA7, 0xFF, 0xD8, 0x03, 0x00, 0x00, 0x00, 0x28, 0xF2, 
0xFF, 0xCD, 0x14, 0xD6, 0xFF, 0x9C, 0x00, 0xE3, 0xFF, 0x9A, 0x00, 0x00, 0x00, 0x00, 0x00, 0x4D, 
0xFD, 0xFF, 0xEC, 0xFF, 0xE6, 0x16, 0x00, 0xEB, 0xFF, 0xA2, 0x00, 0x00, 0x00, 0x00, 0x00, 0x00, 
0x76, 0xFF, 0xFF, 0xFF, 0x47, 0x00, 0x00, 0xB7, 0xFF, 0xF8, 0x43, 0x00, 0x00, 0x00, 0x06, 0x5F, 
0xE3, 0xFF, 0xFF, 0xFF, 0xD2, 0x22, 0x00, 0x32, 0xF5, 0xFF, 0xFF, 0xCD, 0xB0, 0xC1, 0xF4, 0xFF, 
0xFF, 0xB4, 0x63, 0xF4, 0xFF, 0xF7, 0xA5, 0x00, 0x31, 0xBC, 0xFE, 0xFF, 0xFF, 0xFF, 0xF1, 0xAA, 
0x3D, 0x00, 0x00, 0x2D, 0xCD, 0xFF, 0xBE, 0x00, 0x00, 0x00, 0x0E, 0x33, 0x3A, 0x25, 0x04, 0x00, 
0x00, 0x00, 0x00, 0x00, 0x01, 0x2E, 0x11, 0x00, 0x01, 0x14, 0x05, 0x00, 0x9D, 0xFF, 0xA9, 0x00, 
0xCE, 0xFF, 0x71, 0x01, 0xF4, 0xFF, 0x30, 0x1E, 0xFF, 0xEE, 0x02, 0x46, 0xFF, 0xAF, 0x00, 0x6E, 
0xFF, 0x6F, 0x00, 0x90, 0xFD, 0x29, 0x00, 0x07, 0x11, 0x00, 0x00, 0x00, 0x00, 0x00, 0x00, 0x00, 
0x00, 0x35, 0x62, 0x1B, 0x00, 0x00, 0x00, 0x00, 0x00, 0x25, 0xF7, 0xF7, 0x22, 0x00, 0x00, 0x00, 
0x00, 0x01, 0xC0, 0xFF, 0x7E, 0x00, 0x00, 0x00, 0x00, 0x00, 0x60, 0xFF, 0xDE, 0x07, 0x00, 0x00, 
0x00, 0x00, 0x09, 0xE4, 0xFF, 0x5F, 0x00, 0x00, 0x00, 0x00, 0x00, 0x77, 0xFF, 0xD8, 0x03, 0x00, 
0x00, 0x00, 0x00, 0x06, 0xE6, 0xFF, 0x69, 0x00, 0x00, 0x00, 0x00, 0x00, 0x60, 0xFF, 0xF0, 0x0C, 
0x00, 0x00, 0x00, 0x00, 0x00, 0xC2, 0xFF, 0x9C, 0x00, 0x00, 0x00, 0x00, 0x00, 0x1F, 0xFE, 0xFF, 
0x42, 0x00, 0x00, 0x00, 0x00, 0x00, 0x6C, 0xFF, 0xF0, 0x03, 0x00, 0x00, 0x00, 0x00, 0x00, 0xB2, 
0xFF, 0xAE, 0x00, 0x00, 0x00, 0x00, 0x00, 0x00, 0xE9, 0xFF, 0x71, 0x00, 0x00, 0x00, 0x00, 0x00, 
0x19, 0xFF, 0xFF, 0x40, 0x00, 0x00, 0x00, 0x00, 0x00, 0x3A, 0xFF, 0xFF, 0x17, 0x00, 0x00, 0x00, 
0x00, 0x00, 0x54, 0xFF, 0xF8, 0x01, 0x00, 0x00, 0x00, 0x00, 0x00, 0x61, 0xFF, 0xE5, 0x00, 0x00, 
0x00, 0x00, 0x00, 0x00, 0x65, 0xFF, 0xDB, 0x00, 0x00, 0x00, 0x00, 0x00, 0x00, 0x5C, 0xFF, 0xDD, 
0x00, 0x00, 0x00, 0x00, 0x00, 0x00, 0x4B, 0xFF, 0xE7, 0x00, 0x00, 0x00, 0x00, 0x00, 0x00, 0x2C, 
0xFF, 0xF9, 0x00, 0x00, 0x00, 0x00, 0x00, 0x00, 0x07, 0xF7, 0xFF, 0x16, 0x00, 0x00, 0x00, 0x00, 
0x00, 0x00, 0xC1, 0xFF, 0x3D, 0x00, 0x00, 0x00, 0x00, 0x00, 0x00, 0x83, 0xFF, 0x73, 0x00, 0x00, 
0x00, 0x00, 0x00, 0x00, 0x2F, 0xB3, 0x62, 0x00, 0x00, 0x00, 0x00, 0x00, 0x00, 0x00, 0x00, 0x00, 
0x00, 0x3B, 0x5F, 0x09, 0x00, 0x00, 0x00, 0x00, 0x00, 0x00, 0xA3, 0xFF, 0x50, 0x00, 0x00, 0x00, 
0x00, 0x00, 0x00, 0x6D, 0xFF, 0x8F, 0x00, 0x00, 0x00, 0x00, 0x00, 0x00, 0x43, 0xFF, 0xCD, 0x00, 
0x00, 0x00, 0x00, 0x00, 0x00, 0x21, 0xFF, 0xFD, 0x06, 0x00, 0x00, 0x00, 0x00, 0x00, 0x09, 0xFF, 
0xFF, 0x24, 0x00, 0x00, 0x00, 0x00, 0x00, 0x00, 0xFC, 0xFF, 0x3C, 0x00, 0x00, 0x00, 0x00, 0x00, 
0x00, 0xF6, 0xFF, 0x46, 0x00, 0x00, 0x00, 0x00, 0x00, 0x01, 0xFE, 0xFF, 0x47, 0x00, 0x00, 0x00, 
0x00, 0x00, 0x0F, 0xFF, 0xFF, 0x3D, 0x00, 0x00, 0x00, 0x00, 0x00, 0x2E, 0xFF, 0xFF, 0x26, 0x00, 
0x00, 0x00, 0x00, 0x00, 0x52, 0xFF, 0xFF, 0x0A, 0x00, 0x00, 0x00, 0x00, 0x00, 0x83, 0xFF, 0xDD, 
0x00, 0x00, 0x00, 0x00, 0x00, 0x00, 0xB9, 0xFF, 0xA9, 0x00, 0x00, 0x00, 0x00, 0x00, 0x07, 0xF6, 
0xFF, 0x66, 0x00, 0x00, 0x00, 0x00, 0x00, 0x47, 0xFF, 0xFF, 0x1E, 0x00, 0x00, 0x00, 0x00, 0x00, 
0x9E, 0xFF, 0xC4, 0x00, 0x00, 0x00, 0x00, 0x00, 0x09, 0xEF, 0xFF, 0x65, 0x00, 0x00, 0x00, 0x00, 
0x00, 0x64, 0xFF, 0xEC, 0x0A, 0x00, 0x00, 0x00, 0x00, 0x00, 0xD1, 0xFF, 0x83, 0x00, 0x00, 0x00, 
0x00, 0x00, 0x51, 0xFF, 0xEE, 0x11, 0x00, 0x00, 0x00, 0x00, 0x02, 0xD2, 0xFF, 0x74, 0x00, 0x00, 
0x00, 0x00, 0x00, 0x68, 0xFF, 0xD6, 0x07, 0x00, 0x00, 0x00, 0x00, 0x16, 0xEE, 0xFE, 0x3B, 0x00, 
0x00, 0x00, 0x00, 0x00, 0x48, 0xB5, 0x6D, 0x00, 0x00, 0x00, 0x00, 0x00, 0x00, 0x00, 0x00, 0x00, 
0x00, 0x00, 0x21, 0x58, 0x1F, 0x00, 0x00, 0x00, 0x00, 0x00, 0x00, 0x00, 0x00, 0xA6, 0xFF, 0x55, 
0x00, 0x00, 0x00, 0x00, 0x0B, 0x5E, 0x01, 0x00, 0xBF, 0xF8, 0x0C, 0x00, 0x5B, 0x19, 0x00, 0x9F, 
0xFF, 0xA8, 0x08, 0xD8, 0xB3, 0x23, 0xBD, 0xFF, 0x80, 0x00, 0x55, 0xD6, 0xFF, 0xC8, 0xF3, 0xC7, 
0xF6, 0xFE, 0xB9, 0x35, 0x00, 0x00, 0x02, 0x62, 0xF9, 0xFF, 0xFB, 0x89, 0x21, 0x00, 0x00, 0x00, 
0x33, 0x9A, 0xF4, 0xFC, 0xFD, 0xFF, 0xD2, 0x53, 0x01, 0x00, 0x7A, 0xFF, 0xFF, 0x9B, 0x9E, 0xDC, 
0x58, 0xF7, 0xFF, 0xAE, 0x00, 0x51, 0xDE, 0x43, 0x00, 0xDE, 0xC5, 0x00, 0x35, 0xDF, 0x4B, 0x00, 
0x00, 0x01, 0x00, 0x2E, 0xFF, 0xAD, 0x00, 0x00, 0x00, 0x00, 0x00, 0x00, 0x00, 0x00, 0x54, 0xD9, 
0x6E, 0x00, 0x00, 0x00, 0x00, 0x00, 0x00, 0x00, 0x00, 0x00, 0x00, 0x00, 0x12, 0x47, 0x16, 0x00, 
0x00, 0x00, 0x00, 0x00, 0x00, 0x00, 0x00, 0x00, 0x00, 0x9C, 0xFF, 0x66, 0x00, 0x00, 0x00, 0x00, 
0x00, 0x00, 0x00, 0x00, 0x00, 0x00, 0xD0, 0xFF, 0x34, 0x00, 0x00, 0x00, 0x00, 0x00, 0x00, 0x00, 
0x00, 0x00, 0x08, 0xFB, 0xFA, 0x07, 0x00, 0x00, 0x00, 0x00, 0x00, 0x00, 0x00, 0x00, 0x00, 0x37, 
0xFF, 0xCF, 0x00, 0x00, 0x00, 0x00, 0x00, 0x00, 0x00, 0x00, 0x00, 0x00, 0x6A, 0xFF, 0x9C, 0x00, 
0x00, 0x00, 0x00, 0x00, 0x6E, 0xD8, 0xD8, 0xD8, 0xD8, 0xED, 0xFF, 0xEB, 0xD8, 0xD8, 0xD8, 0xD7, 
0x3C, 0xBE, 0xFF, 0xFF, 0xFF, 0xFF, 0xFF, 0xFF, 0xFF, 0xFF, 0xFF, 0xFF, 0xFD, 0x28, 0x0F, 0x1C, 
0x1C, 0x1C, 0x22, 0xFC, 0xFB, 0x21, 0x1C, 0x1C, 0x1C, 0x14, 0x00, 0x00, 0x00, 0x00, 0x00, 0x35, 
0xFF, 0xCF, 0x00, 0x00, 0x00, 0x00, 0x00, 0x00, 0x00, 0x00, 0x00, 0x00, 0x69, 0xFF, 0x9A, 0x00, 
0x00, 0x00, 0x00, 0x00, 0x00, 0x00, 0x00, 0x00, 0x00, 0x9E, 0xFF, 0x66, 0x00, 0x00, 0x00, 0x00, 
0x00, 0x00, 0x00, 0x00, 0x00, 0x00, 0xD2, 0xFF, 0x32, 0x00, 0x00, 0x00, 0x00, 0x00, 0x00, 0x00, 
0x00, 0x00, 0x00, 0x6C, 0x72, 0x03, 0x00, 0x00, 0x00, 0x00, 0x00, 0x00, 0x00, 0x00, 0x00, 0x00, 
0x05, 0x08, 0x00, 0x00, 0x00, 0x00, 0x3A, 0xF9, 0xFC, 0x29, 0x00, 0x00, 0x00, 0x86, 0xFF, 0xFF, 
0x1B, 0x00, 0x00, 0x00, 0xBF, 0xFF, 0xBB, 0x00, 0x00, 0x00, 0x53, 0xFF, 0xF2, 0x26, 0x00, 0x00, 
0x17, 0xEB, 0xFB, 0x48, 0x00, 0x00, 0x00, 0xB2, 0xFF, 0x65, 0x00, 0x00, 0x00, 0x48, 0xED, 0x79, 
0x00, 0x00, 0x00, 0x00, 0x00, 0x06, 0x01, 0x00, 0x81, 0xFE, 0xE7, 0x07, 0xE8, 0xFF, 0xFB, 0x05, 
0xE4, 0xFF, 0xA6, 0x00, 0x0A, 0x18, 0x00, 0x00, 0x00, 0x00, 0x00, 0x00, 0x00, 0x00, 0x00, 0x00, 
0x00, 0x00, 0x00, 0x00, 0x00, 0x06, 0x12, 0x00, 0x00, 0x00, 0x00, 0x00, 0x00, 0x00, 0x00, 0x00, 
0x00, 0x00, 0x00, 0x00, 0x18, 0xEB, 0xFF, 0x40, 0x00, 0x00, 0x00, 0x00, 0x00, 0x00, 0x00, 0x00, 
0x00, 0x00, 0x00, 0x00, 0x9C, 0xFF, 0xC6, 0x00, 0x00, 0x00, 0x00, 0x00, 0x00, 0x00, 0x00, 0x00, 
0x00, 0x00, 0x00, 0x2F, 0xFD, 0xFE, 0x37, 0x00, 0x00, 0x00, 0x00, 0x00, 0x00, 0x00, 0x00, 0x00, 
0x00, 0x00, 0x00, 0xBC, 0xFF, 0xA5, 0x00, 0x00, 0x00, 0x00, 0x00, 0x00, 0x00, 0x00, 0x00, 0x00, 
0x00, 0x00, 0x4E, 0xFF, 0xF6, 0x1D, 0x00, 0x00, 0x00, 0x00, 0x00, 0x00, 0x00, 0x00, 0x00, 0x00, 
0x00, 0x05, 0xD9, 0xFF, 0x83, 0x00, 0x00, 0x00, 0x00, 0x00, 0x00, 0x00, 0x00, 0x00, 0x00, 0x00, 
0x00, 0x6F, 0xFF, 0xE6, 0x0C, 0x00, 0x00, 0x00, 0x00, 0x00, 0x00, 0x00, 0x00, 0x00, 0x00, 0x00, 
0x11, 0xED, 0xFF, 0x62, 0x00, 0x00, 0x00, 0x00, 0x00, 0x00, 0x00, 0x00, 0x00, 0x00, 0x00, 0x00, 
0x90, 0xFF, 0xCF, 0x02, 0x00, 0x00, 0x00, 0x00, 0x00, 0x00, 0x00, 0x00, 0x00, 0x00, 0x00, 0x26, 
0xFA, 0xFF, 0x41, 0x00, 0x00, 0x00, 0x00, 0x00, 0x00, 0x00, 0x00, 0x00, 0x00, 0x00, 0x00, 0xB2, 
0xFF, 0xAF, 0x00, 0x00, 0x00, 0x00, 0x00, 0x00, 0x00, 0x00, 0x00, 0x00, 0x00, 0x00, 0x42, 0xFF, 
0xFA, 0x25, 0x00, 0x00, 0x00, 0x00, 0x00, 0x00, 0x00, 0x00, 0x00, 0x00, 0x00, 0x02, 0xD0, 0xFF, 
0x8E, 0x00, 0x00, 0x00, 0x00, 0x00, 0x00, 0x00, 0x00, 0x00, 0x00, 0x00, 0x00, 0x64, 0xFF, 0xEC, 
0x11, 0x00, 0x00, 0x00, 0x00, 0x00, 0x00, 0x00, 0x00, 0x00, 0x00, 0x00, 0x0C, 0xE7, 0xFF, 0x6C, 
0x00, 0x00, 0x00, 0x00, 0x00, 0x00, 0x00, 0x00, 0x00, 0x00, 0x00, 0x00, 0x85, 0xFF, 0xD7, 0x04, 
0x00, 0x00, 0x00, 0x00, 0x00, 0x00, 0x00, 0x00, 0x00, 0x00, 0x00, 0x1E, 0xF7, 0xFF, 0x4B, 0x00, 
0x00, 0x00, 0x00, 0x00, 0x00, 0x00, 0x00, 0x00, 0x00, 0x00, 0x00, 0xA6, 0xFF, 0xBA, 0x00, 0x00, 
0x00, 0x00, 0x00, 0x00, 0x00, 0x00, 0x00, 0x00, 0x00, 0x00, 0x38, 0xFE, 0xFC, 0x2D, 0x00, 0x00, 
0x00, 0x00, 0x00, 0x00, 0x00, 0x00, 0x00, 0x00, 0x00, 0x00, 0xC7, 0xFF, 0x99, 0x00, 0x00, 0x00, 
0x00, 0x00, 0x00, 0x00, 0x00, 0x00, 0x00, 0x00, 0x00, 0x58, 0xFF, 0xF2, 0x16, 0x00, 0x00, 0x00, 
0x00, 0x00, 0x00, 0x00, 0x00, 0x00, 0x00, 0x00, 0x08, 0xE0, 0xFF, 0x77, 0x00, 0x00, 0x00, 0x00, 
0x00, 0x00, 0x00, 0x00, 0x00, 0x00, 0x00, 0x00, 0x7A, 0xFF, 0xDF, 0x07, 0x00, 0x00, 0x00, 0x00, 
0x00, 0x00, 0x00, 0x00, 0x00, 0x00, 0x00, 0x00, 0xAE, 0xCD, 0x45, 0x00, 0x00, 0x00, 0x00, 0x00, 
0x00, 0x00, 0x00, 0x00, 0x00, 0x00, 0x00, 0x00, 0x00, 0x00, 0x00, 0x00, 0x03, 0x5F, 0xB5, 0xE1, 
0xEE, 0xD6, 0x8F, 0x18, 0x00, 0x00, 0x00, 0x00, 0x00, 0x1A, 0xCC, 0xFF, 0xFF, 0xFE, 0xFF, 0xFF, 
0xFF, 0xE4, 0x1B, 0x00, 0x00, 0x00, 0x07, 0xCD, 0xFF, 0xE5, 0x52, 0x06, 0x0E, 0x64, 0xF9, 0xFF, 
0x9F, 0x00, 0x00, 0x00, 0x8C, 0xFF, 0xE7, 0x1A, 0x00, 0x00, 0x00, 0x00, 0x9A, 0xFF, 0xEE, 0x00, 
0x00, 0x17, 0xF7, 0xFF, 0x5F, 0x00, 0x00, 0x00, 0x00, 0x00, 0x5D, 0xFF, 0xFF, 0x12, 0x00, 0x83, 
0xFF, 0xE7, 0x06, 0x00, 0x00, 0x00, 0x00, 0x00, 0x47, 0xFF, 0xFF, 0x1D, 0x00, 0xDA, 0xFF, 0x8C, 
0x00, 0x00, 0x00, 0x00, 0x00, 0x00, 0x53, 0xFF, 0xFF, 0x11, 0x2A, 0xFF, 0xFF, 0x42, 0x00, 0x00, 
0x00, 0x00, 0x00, 0x00, 0x6F, 0xFF, 0xF4, 0x00, 0x65, 0xFF, 0xFB, 0x08, 0x00, 0x00, 0x00, 0x00, 
0x00, 0x00, 0x92, 0xFF, 0xD1, 0x00, 0x98, 0xFF, 0xD1, 0x00, 0x00, 0x00, 0x00, 0x00, 0x00, 0x00, 
0xC4, 0xFF, 0x9F, 0x00, 0xBF, 0xFF, 0xA8, 0x00, 0x00, 0x00, 0x00, 0x00, 0x00, 0x07, 0xF5, 0xFF, 
0x66, 0x00, 0xDE, 0xFF, 0x8A, 0x00, 0x00, 0x00, 0x00, 0x00, 0x00, 0x45, 0xFF, 0xFF, 0x1F, 0x00, 
0xF0, 0xFF, 0x77, 0x00, 0x00, 0x00, 0x00, 0x00, 0x00, 0x9C, 0xFF, 0xCE, 0x00, 0x00, 0xED, 0xFF, 
0x83, 0x00, 0x00, 0x00, 0x00, 0x00, 0x15, 0xF7, 0xFF, 0x64, 0x00, 0x00, 0xD2, 0xFF, 0xAD, 0x00, 
0x00, 0x00, 0x00, 0x00, 0x9B, 0xFF, 0xE2, 0x06, 0x00, 0x00, 0x92, 0xFF, 0xFB, 0x3C, 0x00, 0x00, 
0x08, 0x8F, 0xFF, 0xFC, 0x42, 0x00, 0x00, 0x00, 0x20, 0xF2, 0xFF, 0xFB, 0xC8, 0xB4, 0xE8, 0xFF, 
0xFD, 0x6C, 0x00, 0x00, 0x00, 0x00, 0x00, 0x34, 0xCF, 0xFF, 0xFF, 0xFF, 0xFE, 0xC6, 0x41, 0x00, 
0x00, 0x00, 0x00, 0x00, 0x00, 0x00, 0x00, 0x1F, 0x3C, 0x37, 0x16, 0x00, 0x00, 0x00, 0x00, 0x00, 
0x00, 0x00, 0x00, 0x00, 0x00, 0x00, 0x00, 0x00, 0x00, 0x51, 0xBF, 0xC9, 0x1A, 0x00, 0x00, 0x00, 
0x00, 0x00, 0x31, 0xC0, 0xFF, 0xFF, 0xF9, 0x06, 0x00, 0x00, 0x00, 0x19, 0x9E, 0xFD, 0xFF, 0xF6, 
0xFF, 0xCC, 0x00, 0x00, 0x00, 0x05, 0xE1, 0xFF, 0xCB, 0x46, 0xBC, 0xFF, 0x99, 0x00, 0x00, 0x00, 
0x22, 0xD2, 0x53, 0x00, 0x00, 0xEE, 0xFF, 0x66, 0x00, 0x00, 0x00, 0x00, 0x00, 0x00, 0x00, 0x22, 
0xFF, 0xFF, 0x33, 0x00, 0x00, 0x00, 0x00, 0x00, 0x00, 0x00, 0x55, 0xFF, 0xFA, 0x06, 0x00, 0x00, 
0x00, 0x00, 0x00, 0x00, 0x00, 0x88, 0xFF, 0xCE, 0x00, 0x00, 0x00, 0x00, 0x00, 0x00, 0x00, 0x00, 
0xBB, 0xFF, 0x9B, 0x00, 0x00, 0x00, 0x00, 0x00, 0x00, 0x00, 0x00, 0xED, 0xFF, 0x68, 0x00, 0x00, 
0x00, 0x00, 0x00, 0x00, 0x00, 0x22, 0xFF, 0xFF, 0x35, 0x00, 0x00, 0x00, 0x00, 0x00, 0x00, 0x00, 
0x55, 0xFF, 0xFA, 0x07, 0x00, 0x00, 0x00, 0x00, 0x00, 0x00, 0x00, 0x88, 0xFF, 0xCF, 0x00, 0x00, 
0x00, 0x00, 0x00, 0x00, 0x00, 0x00, 0xBB, 0xFF, 0x9C, 0x00, 0x00, 0x00, 0x00, 0x00, 0x00, 0x00, 
0x00, 0xED, 0xFF, 0x69, 0x00, 0x00, 0x00, 0x00, 0x00, 0x00, 0x00, 0x21, 0xFF, 0xFF, 0x36, 0x00, 
0x00, 0x00, 0x5E, 0xE3, 0xE4, 0xE4, 0xEA, 0xFF, 0xFF, 0xE6, 0xE4, 0xE4, 0x84, 0xA3, 0xFF, 0xFF, 
0xFF, 0xFF, 0xFF, 0xFF, 0xFF, 0xFF, 0xFF, 0x65, 0x00, 0x00, 0x00, 0x00, 0x00, 0x37, 0x90, 0xCD, 
0xE9, 0xE6, 0xB8, 0x4E, 0x00, 0x00, 0x00, 0x00, 0x00, 0x03, 0xB3, 0xFF, 0xFF, 0xFF, 0xFF, 0xFF, 
0xFF, 0xFF, 0x72, 0x00, 0x00, 0x00, 0x00, 0x46, 0xFF, 0xDA, 0x75, 0x3D, 0x2F, 0x78, 0xFB, 0xFF, 
0xF5, 0x0C, 0x00, 0x00, 0x00, 0x2F, 0x5E, 0x02, 0x00, 0x00, 0x00, 0x00, 0x9F, 0xFF, 0xFF, 0x35, 
0x00, 0x00, 0x00, 0x00, 0x00, 0x00, 0x00, 0x00, 0x00, 0x00, 0x77, 0xFF, 0xFF, 0x35, 0x00, 0x00, 
0x00, 0x00, 0x00, 0x00, 0x00, 0x00, 0x00, 0x00, 0x9E, 0xFF, 0xFB, 0x0D, 0x00, 0x00, 0x00, 0x00, 
0x00, 0x00, 0x00, 0x00, 0x00, 0x0D, 0xEF, 0xFF, 0xB5, 0x00, 0x00, 0x00, 0x00, 0x00, 0x00, 0x00, 
0x00, 0x00, 0x00, 0x8C, 0xFF, 0xFE, 0x37, 0x00, 0x00, 0x00, 0x00, 0x00, 0x00, 0x00, 0x00, 0x00, 
0x3E, 0xFC, 0xFF, 0x8E, 0x00, 0x00, 0x00, 0x00, 0x00, 0x00, 0x00, 0x00, 0x00, 0x27, 0xEB, 0xFF, 
0xBA, 0x04, 0x00, 0x00, 0x00, 0x00, 0x00, 0x00, 0x00, 0x00, 0x27, 0xE5, 0xFF, 0xC7, 0x0C, 0x00, 
0x00, 0x00, 0x00, 0x00, 0x00, 0x00, 0x00, 0x35, 0xEA, 0xFF, 0xC3, 0x0E, 0x00, 0x00, 0x00, 0x00, 
0x00, 0x00, 0x00, 0x00, 0x4C, 0xF4, 0xFF, 0xAE, 0x09, 0x00, 0x00, 0x00, 0x00, 0x00, 0x00, 0x00, 
0x00, 0x69, 0xFC, 0xFF, 0x90, 0x02, 0x00, 0x00, 0x00, 0x00, 0x00, 0x00, 0x00, 0x01, 0x88, 0xFF, 
0xFC, 0x6A, 0x00, 0x00, 0x00, 0x00, 0x00, 0x00, 0x00, 0x00, 0x03, 0xA5, 0xFF, 0xF3, 0x4A, 0x00, 
0x00, 0x00, 0x00, 0x00, 0x00, 0x00, 0x00, 0x00, 0x60, 0xFF, 0xFF, 0xFF, 0xFF, 0xFF, 0xFF, 0xFF, 
0xFF, 0xFF, 0xFF, 0x8C, 0x00, 0x00, 0x7F, 0xFF, 0xFF, 0xFF, 0xFF, 0xFF, 0xFF, 0xFF, 0xFF, 0xFF, 
0xFF, 0x5B, 0x00, 0x00, 0x00, 0x00, 0x00, 0x00, 0x00, 0x35, 0x8F, 0xCD, 0xE9, 0xE9, 0xBF, 0x5A, 
0x00, 0x00, 0x00, 0x00, 0x00, 0x04, 0xAF, 0xFF, 0xFF, 0xFF, 0xFF, 0xFF, 0xFF, 0xFF, 0x7C, 0x00, 
0x00, 0x00, 0x00, 0x42, 0xFF, 0xBE, 0x56, 0x1C, 0x07, 0x3F, 0xE7, 0xFF, 0xF5, 0x08, 0x00, 0x00, 
0x00, 0x25, 0x40, 0x00, 0x00, 0x00, 0x00, 0x00, 0x7B, 0xFF, 0xFF, 0x25, 0x00, 0x00, 0x00, 0x00, 
0x00, 0x00, 0x00, 0x00, 0x00, 0x00, 0x6C, 0xFF, 0xFF, 0x16, 0x00, 0x00, 0x00, 0x00, 0x00, 0x00, 
0x00, 0x00, 0x00, 0x00, 0xB3, 0xFF, 0xCF, 0x00, 0x00, 0x00, 0x00, 0x00, 0x00, 0x00, 0x00, 0x00, 
0x00, 0x5C, 0xFF, 0xFF, 0x44, 0x00, 0x00, 0x00, 0x00, 0x00, 0x00, 0x00, 0x09, 0x34, 0xA8, 0xFF, 
0xFA, 0x63, 0x00, 0x00, 0x00, 0x00, 0x00, 0x1E, 0xF3, 0xFF, 0xFF, 0xFF, 0xFF, 0xAF, 0x2D, 0x00, 
0x00, 0x00, 0x00, 0x00, 0x00, 0x3A, 0xDB, 0xDC, 0xE3, 0xFD, 0xFF, 0xFE, 0xAE, 0x11, 0x00, 0x00, 
0x00, 0x00, 0x00, 0x00, 0x00, 0x00, 0x00, 0x0F, 0x7C, 0xFE, 0xFF, 0xB9, 0x00, 0x00, 0x00, 0x00, 
0x00, 0x00, 0x00, 0x00, 0x00, 0x00, 0x00, 0x9C, 0xFF, 0xFF, 0x1C, 0x00, 0x00, 0x00, 0x00, 0x00, 
0x00, 0x00, 0x00, 0x00, 0x00, 0x65, 0xFF, 0xFF, 0x36, 0x00, 0x00, 0x00, 0x00, 0x00, 0x00, 0x00, 
0x00, 0x00, 0x00, 0x88, 0xFF, 0xFF, 0x18, 0x00, 0x00, 0x00, 0x00, 0x00, 0x00, 0x00, 0x00, 0x00, 
0x17, 0xEC, 0xFF, 0xC3, 0x00, 0x00, 0x57, 0xCB, 0x4D, 0x03, 0x00, 0x00, 0x00, 0x35, 0xD6, 0xFF, 
0xFB, 0x3A, 0x00, 0x00, 0x7A, 0xFF, 0xFF, 0xEC, 0xC5, 0xB6, 0xD9, 0xFF, 0xFF, 0xF5, 0x5A, 0x00, 
0x00, 0x00, 0x0B, 0x83, 0xE4, 0xFF, 0xFF, 0xFF, 0xFF, 0xF1, 0x9B, 0x28, 0x00, 0x00, 0x00, 0x00, 
0x00, 0x00, 0x00, 0x20, 0x3B, 0x3E, 0x2A, 0x05, 0x00, 0x00, 0x00, 0x00, 0x00, 0x00, 0x00, 0x00, 
0x00, 0x00, 0x00, 0x00, 0x00, 0x00, 0x00, 0x4D, 0xB7, 0xC4, 0xA8, 0x05, 0x00, 0x00, 0x00, 0x00, 
0x00, 0x00, 0x00, 0x00, 0x33, 0xF7, 0xFF, 0xFF, 0xEA, 0x00, 0x00, 0x00, 0x00, 0x00, 0x00, 0x00, 
0x00, 0x15, 0xE1, 0xFE, 0xE1, 0xFF, 0xB6, 0x00, 0x00, 0x00, 0x00, 0x00, 0x00, 0x00, 0x03, 0xBE, 
0xFF, 0x86, 0xCC, 0xFF, 0x83, 0x00, 0x00, 0x00, 0x00, 0x00, 0x00, 0x00, 0x8D, 0xFF, 0xB8, 0x08, 
0xF9, 0xFF, 0x4F, 0x00, 0x00, 0x00, 0x00, 0x00, 0x00, 0x58, 0xFF, 0xDE, 0x12, 0x31, 0xFF, 0xFF, 
0x1B, 0x00, 0x00, 0x00, 0x00, 0x00, 0x2E, 0xF5, 0xF6, 0x30, 0x00, 0x64, 0xFF, 0xE8, 0x00, 0x00, 
0x00, 0x00, 0x00, 0x11, 0xDC, 0xFF, 0x5C, 0x00, 0x00, 0x97, 0xFF, 0xB4, 0x00, 0x00, 0x00, 0x00, 
0x02, 0xB7, 0xFF, 0x90, 0x00, 0x00, 0x00, 0xCA, 0xFF, 0x80, 0x00, 0x00, 0x00, 0x00, 0x85, 0xFF, 
0xC1, 0x04, 0x00, 0x00, 0x05, 0xF8, 0xFF, 0x4D, 0x00, 0x00, 0x00, 0x51, 0xFE, 0xE4, 0x17, 0x00, 
0x00, 0x00, 0x30, 0xFF, 0xFF, 0x19, 0x00, 0x00, 0x20, 0xF2, 0xF9, 0x37, 0x00, 0x00, 0x00, 0x00, 
0x63, 0xFF, 0xE5, 0x00, 0x00, 0x00, 0x84, 0xFF, 0xFF, 0xFF, 0xFF, 0xFF, 0xFF, 0xFF, 0xFF, 0xFF, 
0xFF, 0xFF, 0xFD, 0x1D, 0x91, 0xF0, 0xF0, 0xF0, 0xF0, 0xF0, 0xF0, 0xF0, 0xFE, 0xFF, 0xF6, 0xF0, 
0xD2, 0x04, 0x00, 0x00, 0x00, 0x00, 0x00, 0x00, 0x00, 0x06, 0xF9, 0xFF, 0x4B, 0x00, 0x00, 0x00, 
0x00, 0x00, 0x00, 0x00, 0x00, 0x00, 0x00, 0x32, 0xFF, 0xFF, 0x18, 0x00, 0x00, 0x00, 0x00, 0x00, 
0x00, 0x00, 0x00, 0x00, 0x00, 0x63, 0xFF, 0xE6, 0x00, 0x00, 0x00, 0x00, 0x00, 0x00, 0x00, 0x00, 
0x00, 0x00, 0x00, 0x8E, 0xFF, 0xAA, 0x00, 0x00, 0x00, 0x00, 0x00, 0x00, 0x00, 0x00, 0x00, 0x00, 
0x00, 0x04, 0x12, 0x01, 0x00, 0x00, 0x00, 0x00, 0x00, 0x00, 0x00, 0x00, 0x35, 0xAA, 0xB0, 0xB0, 
0xB0, 0xB0, 0xB0, 0xB0, 0xB0, 0x58, 0x00, 0x00, 0x00, 0x00, 0xAE, 0xFF, 0xFF, 0xFF, 0xFF, 0xFF, 
0xFF, 0xFF, 0xFF, 0x71, 0x00, 0x00, 0x00, 0x00, 0xE3, 0xFF, 0x70, 0x5C, 0x5C, 0x5C, 0x5C, 0x5C, 
0x5A, 0x0C, 0x00, 0x00, 0x00, 0x16, 0xFF, 0xF3, 0x02, 0x00, 0x00, 0x00, 0x00, 0x00, 0x00, 0x00, 
0x00, 0x00, 0x00, 0x4B, 0xFF, 0xC3, 0x00, 0x00, 0x00, 0x00, 0x00, 0x00, 0x00, 0x00, 0x00, 0x00, 
0x00, 0x7E, 0xFF, 0x90, 0x00, 0x00, 0x00, 0x00, 0x00, 0x00, 0x00, 0x00, 0x00, 0x00, 0x00, 0xB2, 
0xFF, 0x5D, 0x00, 0x00, 0x00, 0x00, 0x00, 0x00, 0x00, 0x00, 0x00, 0x00, 0x00, 0xE6, 0xFF, 0xC6, 
0xC3, 0xBF, 0xA8, 0x70, 0x16, 0x00, 0x00, 0x00, 0x00, 0x00, 0x12, 0xFF, 0xFF, 0xFF, 0xFF, 0xFF, 
0xFF, 0xFF, 0xF2, 0x52, 0x00, 0x00, 0x00, 0x00, 0x01, 0x38, 0x32, 0x1F, 0x1B, 0x2F, 0x72, 0xEE, 
0xFF, 0xF6, 0x19, 0x00, 0x00, 0x00, 0x00, 0x00, 0x00, 0x00, 0x00, 0x00, 0x00, 0x48, 0xFF, 0xFF, 
0x64, 0x00, 0x00, 0x00, 0x00, 0x00, 0x00, 0x00, 0x00, 0x00, 0x00, 0x10, 0xFF, 0xFF, 0x72, 0x00, 
0x00, 0x00, 0x00, 0x00, 0x00, 0x00, 0x00, 0x00, 0x00, 0x25, 0xFF, 0xFF, 0x54, 0x00, 0x00, 0x00, 
0x00, 0x00, 0x00, 0x00, 0x00, 0x00, 0x00, 0x70, 0xFF, 0xFB, 0x17, 0x00, 0x00, 0x00, 0x00, 0x00, 
0x00, 0x00, 0x00, 0x00, 0x1C, 0xE9, 0xFF, 0xAB, 0x00, 0x00, 0x40, 0x8F, 0x1F, 0x00, 0x00, 0x00, 
0x01, 0x4B, 0xE2, 0xFF, 0xE8, 0x18, 0x00, 0x00, 0x91, 0xFF, 0xFF, 0xD8, 0xBA, 0xBC, 0xE7, 0xFF, 
0xFF, 0xDA, 0x2D, 0x00, 0x00, 0x00, 0x2C, 0xAE, 0xF6, 0xFF, 0xFF, 0xFF, 0xFF, 0xD9, 0x76, 0x0E, 
0x00, 0x00, 0x00, 0x00, 0x00, 0x00, 0x05, 0x2B, 0x3F, 0x39, 0x1C, 0x00, 0x00, 0x00, 0x00, 0x00, 
0x00, 0x00, 0x00, 0x00, 0x00, 0x00, 0x00, 0x00, 0x34, 0x94, 0xD0, 0xE7, 0xE1, 0xC4, 0x81, 0x09, 
0x00, 0x00, 0x00, 0x00, 0x10, 0xA8, 0xFF, 0xFF, 0xFF, 0xF7, 0xFD, 0xFF, 0xFF, 0x37, 0x00, 0x00, 
0x00, 0x11, 0xD1, 0xFF, 0xED, 0x6D, 0x16, 0x00, 0x03, 0x34, 0x76, 0x05, 0x00, 0x00, 0x00, 0xB4, 
0xFF, 0xDB, 0x1E, 0x00, 0x00, 0x00, 0x00, 0x00, 0x00, 0x00, 0x00, 0x00, 0x4C, 0xFF, 0xF5, 0x29, 
0x00, 0x00, 0x00, 0x00, 0x00, 0x00, 0x00, 0x00, 0x00, 0x01, 0xD6, 0xFF, 0x83, 0x00, 0x00, 0x00, 
0x00, 0x00, 0x00, 0x00, 0x00, 0x00, 0x00, 0x40, 0xFF, 0xFD, 0x1A, 0x00, 0x00, 0x00, 0x00, 0x00, 
0x00, 0x00, 0x00, 0x00, 0x00, 0x9B, 0xFF, 0xC1, 0x33, 0x91, 0xC4, 0xD7, 0xCB, 0x95, 0x27, 0x00, 
0x00, 0x00, 0x00, 0xE4, 0xFF, 0xF4, 0xFF, 0xFF, 0xFF, 0xFF, 0xFF, 0xFF, 0xF7, 0x41, 0x00, 0x00, 
0x1D, 0xFF, 0xFF, 0xEB, 0x84, 0x36, 0x0D, 0x0F, 0x50, 0xEE, 0xFF, 0xCC, 0x00, 0x00, 0x4B, 0xFF, 
0xFF, 0x1B, 0x00, 0x00, 0x00, 0x00, 0x00, 0x7C, 0xFF, 0xFA, 0x05, 0x00, 0x6C, 0xFF, 0xEE, 0x00, 
0x00, 0x00, 0x00, 0x00, 0x00, 0x5D, 0xFF, 0xFE, 0x06, 0x00, 0x83, 0xFF, 0xD6, 0x00, 0x00, 0x00, 
0x00, 0x00, 0x00, 0x80, 0xFF, 0xE4, 0x00, 0x00, 0x86, 0xFF, 0xD4, 0x00, 0x00, 0x00, 0x00, 0x00, 
0x00, 0xCE, 0xFF, 0x9A, 0x00, 0x00, 0x6A, 0xFF, 0xF2, 0x03, 0x00, 0x00, 0x00, 0x00, 0x59, 0xFF, 
0xFE, 0x35, 0x00, 0x00, 0x3E, 0xFF, 0xFF, 0x71, 0x00, 0x00, 0x00, 0x55, 0xF6, 0xFF, 0x9D, 0x00, 
0x00, 0x00, 0x01, 0xC7, 0xFF, 0xFF, 0xCD, 0xAE, 0xD7, 0xFF, 0xFF, 0xAE, 0x06, 0x00, 0x00, 0x00, 
0x00, 0x14, 0xB0, 0xFE, 0xFF, 0xFF, 0xFF, 0xDB, 0x6B, 0x03, 0x00, 0x00, 0x00, 0x00, 0x00, 0x00, 
0x00, 0x16, 0x3A, 0x3B, 0x1D, 0x00, 0x00, 0x00, 0x00, 0x00, 0x00, 0x00, 0x00, 0x37, 0xAF, 0xB0, 
0xB0, 0xB0, 0xB0, 0xB0, 0xB0, 0xB0, 0xB0, 0xB0, 0xA2, 0x00, 0x9D, 0xFF, 0xFF, 0xFF, 0xFF, 0xFF, 
0xFF, 0xFF, 0xFF, 0xFF, 0xFF, 0xE8, 0x00, 0x33, 0x60, 0x60, 0x60, 0x60, 0x60, 0x60, 0x60, 0x6F, 
0xFC, 0xFF, 0x92, 0x00, 0x00, 0x00, 0x00, 0x00, 0x00, 0x00, 0x00, 0x00, 0x9A, 0xFF, 0xE9, 0x12, 
0x00, 0x00, 0x00, 0x00, 0x00, 0x00, 0x00, 0x00, 0x40, 0xFE, 0xFF, 0x59, 0x00, 0x00, 0x00, 0x00, 
0x00, 0x00, 0x00, 0x00, 0x09, 0xDB, 0xFF, 0xB6, 0x00, 0x00, 0x00, 0x00, 0x00, 0x00, 0x00, 0x00, 
0x00, 0x89, 0xFF, 0xF4, 0x1F, 0x00, 0x00, 0x00, 0x00, 0x00, 0x00, 0x00, 0x00, 0x32, 0xFB, 0xFF, 
0x71, 0x00, 0x00, 0x00, 0x00, 0x00, 0x00, 0x00, 0x00, 0x04, 0xCF, 0xFF, 0xCC, 0x03, 0x00, 0x00, 
0x00, 0x00, 0x00, 0x00, 0x00, 0x00, 0x79, 0xFF, 0xFB, 0x30, 0x00, 0x00, 0x00, 0x00, 0x00, 0x00, 
0x00, 0x00, 0x26, 0xF7, 0xFF, 0x8A, 0x00, 0x00, 0x00, 0x00, 0x00, 0x00, 0x00, 0x00, 0x01, 0xC1, 
0xFF, 0xDD, 0x0A, 0x00, 0x00, 0x00, 0x00, 0x00, 0x00, 0x00, 0x00, 0x68, 0xFF, 0xFF, 0x45, 0x00, 
0x00, 0x00, 0x00, 0x00, 0x00, 0x00, 0x00, 0x1C, 0xF1, 0xFF, 0xA2, 0x00, 0x00, 0x00, 0x00, 0x00, 
0x00, 0x00, 0x00, 0x00, 0xB2, 0xFF, 0xEB, 0x14, 0x00, 0x00, 0x00, 0x00, 0x00, 0x00, 0x00, 0x00, 
0x58, 0xFF, 0xFF, 0x5D, 0x00, 0x00, 0x00, 0x00, 0x00, 0x00, 0x00, 0x00, 0x13, 0xE9, 0xFF, 0xBB, 
0x00, 0x00, 0x00, 0x00, 0x00, 0x00, 0x00, 0x00, 0x00, 0x8D, 0xFF, 0xEC, 0x22, 0x00, 0x00, 0x00, 
0x00, 0x00, 0x00, 0x00, 0x00, 0x00, 0x04, 0x12, 0x04, 0x00, 0x00, 0x00, 0x00, 0x00, 0x00, 0x00, 
0x00, 0x00, 0x00, 0x00, 0x00, 0x00, 0x00, 0x00, 0x0F, 0x6B, 0xBC, 0xDC, 0xEE, 0xDC, 0xA2, 0x2F, 
0x00, 0x00, 0x00, 0x00, 0x00, 0x37, 0xE2, 0xFF, 0xFF, 0xEC, 0xEE, 0xFF, 0xFF, 0xF9, 0x45, 0x00, 
0x00, 0x00, 0x19, 0xEA, 0xFF, 0xC2, 0x2C, 0x00, 0x00, 0x2C, 0xDF, 0xFF, 0xC5, 0x00, 0x00, 0x00, 
0x88, 0xFF, 0xDE, 0x0A, 0x00, 0x00, 0x00, 0x00, 0x73, 0xFF, 0xEB, 0x00, 0x00, 0x00, 0xCA, 0xFF, 
0x8C, 0x00, 0x00, 0x00, 0x00, 0x00, 0x85, 0xFF, 0xCE, 0x00, 0x00, 0x00, 0xD3, 0xFF, 0x8A, 0x00, 
0x00, 0x00, 0x00, 0x19, 0xED, 0xFF, 0x67, 0x00, 0x00, 0x00, 0x9A, 0xFF, 0xE7, 0x1D, 0x00, 0x00, 
0x24, 0xD4, 0xFF, 0xBE, 0x02, 0x00, 0x00, 0x00, 0x1D, 0xE5, 0xFF, 0xE6, 0x58, 0x82, 0xF4, 0xFF, 
0xAA, 0x08, 0x00, 0x00, 0x00, 0x00, 0x00, 0x1F, 0xC6, 0xFF, 0xFF, 0xFF, 0xE4, 0x4C, 0x00, 0x00, 
0x00, 0x00, 0x00, 0x00, 0x0C, 0x88, 0xF4, 0xFF, 0xF8, 0xFF, 0xFD, 0x8E, 0x07, 0x00, 0x00, 0x00, 
0x00, 0x36, 0xE0, 0xFF, 0xD8, 0x53, 0x0C, 0x8B, 0xFE, 0xFF, 0xB8, 0x04, 0x00, 0x00, 0x36, 0xF4, 
0xFF, 0x8F, 0x06, 0x00, 0x00, 0x00, 0x61, 0xFF, 0xFF, 0x63, 0x00, 0x02, 0xD6, 0xFF, 0x99, 0x00, 
0x00, 0x00, 0x00, 0x00, 0x00, 0xCF, 0xFF, 0xA6, 0x00, 0x39, 0xFF, 0xFF, 0x28, 0x00, 0x00, 0x00, 
0x00, 0x00, 0x00, 0xC6, 0xFF, 0xA2, 0x00, 0x59, 0xFF, 0xFF, 0x11, 0x00, 0x00, 0x00, 0x00, 0x00, 
0x17, 0xF7, 0xFF, 0x65, 0x00, 0x3B, 0xFF, 0xFF, 0x7C, 0x00, 0x00, 0x00, 0x00, 0x1C, 0xC6, 0xFF, 
0xDF, 0x0B, 0x00, 0x01, 0xC1, 0xFF, 0xFF, 0xD3, 0x9D, 0x9A, 0xBC, 0xF9, 0xFF, 0xE3, 0x2F, 0x00, 
0x00, 0x00, 0x0E, 0x94, 0xF3, 0xFF, 0xFF, 0xFF, 0xFF, 0xE1, 0x87, 0x10, 0x00, 0x00, 0x00, 0x00, 
0x00, 0x00, 0x05, 0x2C, 0x3F, 0x3B, 0x22, 0x01, 0x00, 0x00, 0x00, 0x00, 0x00, 0x00, 0x00, 0x00, 
0x00, 0x00, 0x09, 0x6E, 0xC2, 0xE7, 0xED, 0xCF, 0x7B, 0x08, 0x00, 0x00, 0x00, 0x00, 0x00, 0x3C, 
0xE8, 0xFF, 0xFF, 0xF8, 0xFE, 0xFF, 0xFF, 0xBD, 0x02, 0x00, 0x00, 0x00, 0x37, 0xF4, 0xFF, 0xC0, 
0x33, 0x03, 0x0B, 0x88, 0xFF, 0xFF, 0x57, 0x00, 0x00, 0x03, 0xD2, 0xFF, 0xC1, 0x06, 0x00, 0x00, 
0x00, 0x01, 0xD9, 0xFF, 0x94, 0x00, 0x00, 0x50, 0xFF, 0xFD, 0x28, 0x00, 0x00, 0x00, 0x00, 0x00, 
0xA9, 0xFF, 0xB3, 0x00, 0x00, 0x9E, 0xFF, 0xC8, 0x00, 0x00, 0x00, 0x00, 0x00, 0x00, 0xA0, 0xFF, 
0xBA, 0x00, 0x00, 0xC7, 0xFF, 0x99, 0x00, 0x00, 0x00, 0x00, 0x00, 0x00, 0xB4, 0xFF, 0xA8, 0x00, 
0x00, 0xD1, 0xFF, 0x9C, 0x00, 0x00, 0x00, 0x00, 0x00, 0x00, 0xDA, 0xFF, 0x89, 0x00, 0x00, 0xAC, 
0xFF, 0xEC, 0x22, 0x00, 0x00, 0x00, 0x21, 0x8B, 0xFD, 0xFF, 0x61, 0x00, 0x00, 0x45, 0xFE, 0xFF, 
0xF7, 0xC5, 0xB7, 0xD8, 0xFF, 0xFF, 0xFF, 0xFF, 0x29, 0x00, 0x00, 0x00, 0x53, 0xD8, 0xFF, 0xFF, 
0xFF, 0xE9, 0x95, 0xA2, 0xFF, 0xE8, 0x01, 0x00, 0x00, 0x00, 0x00, 0x00, 0x13, 0x24, 0x17, 0x00, 
0x00, 0xD3, 0xFF, 0x91, 0x00, 0x00, 0x00, 0x00, 0x00, 0x00, 0x00, 0x00, 0x00, 0x00, 0x34, 0xFF, 
0xFF, 0x33, 0x00, 0x00, 0x00, 0x00, 0x00, 0x00, 0x00, 0x00, 0x00, 0x01, 0xBC, 0xFF, 0xAC, 0x00, 
0x00, 0x00, 0x00, 0x00, 0x00, 0x00, 0x00, 0x00, 0x00, 0x82, 0xFF, 0xF7, 0x22, 0x00, 0x00, 0x06, 
0x2A, 0x00, 0x00, 0x00, 0x00, 0x18, 0xA2, 0xFF, 0xFE, 0x59, 0x00, 0x00, 0x00, 0x59, 0xFF, 0xE0, 
0xB3, 0xAA, 0xC6, 0xFC, 0xFF, 0xF1, 0x56, 0x00, 0x00, 0x00, 0x00, 0x37, 0xDC, 0xFF, 0xFF, 0xFF, 
0xFF, 0xEB, 0x92, 0x1B, 0x00, 0x00, 0x00, 0x00, 0x00, 0x00, 0x00, 0x1E, 0x3C, 0x3B, 0x25, 0x01, 
0x00, 0x00, 0x00, 0x00, 0x00, 0x00, 0x00, 0x00, 0x00, 0x02, 0x67, 0x7D, 0x15, 0x00, 0x00, 0x58, 
0xFF, 0xFF, 0x61, 0x00, 0x00, 0x90, 0xFF, 0xFF, 0x34, 0x00, 0x00, 0x38, 0x9C, 0x69, 0x00, 0x00, 
0x00, 0x00, 0x00, 0x00, 0x00, 0x00, 0x00, 0x00, 0x00, 0x00, 0x00, 0x00, 0x00, 0x00, 0x00, 0x00, 
0x00, 0x00, 0x00, 0x00, 0x00, 0x00, 0x00, 0x00, 0x00, 0x00, 0x00, 0x00, 0x00, 0x00, 0x00, 0x02, 
0x00, 0x00, 0x00, 0x15, 0xDD, 0xFD, 0x5D, 0x00, 0x00, 0x64, 0xFF, 0xFF, 0x6C, 0x00, 0x00, 0x6D, 
0xFF, 0xED, 0x1F, 0x00, 0x00, 0x00, 0x19, 0x07, 0x00, 0x00, 0x00, 0x00, 0x00, 0x00, 0x00, 0x00, 
0x02, 0x69, 0x7C, 0x17, 0x00, 0x00, 0x00, 0x00, 0x00, 0x58, 0xFF, 0xFF, 0x64, 0x00, 0x00, 0x00, 
0x00, 0x00, 0x90, 0xFF, 0xFF, 0x36, 0x00, 0x00, 0x00, 0x00, 0x00, 0x3A, 0x9C, 0x6A, 0x00, 0x00, 
0x00, 0x00, 0x00, 0x00, 0x00, 0x00, 0x00, 0x00, 0x00, 0x00, 0x00, 0x00, 0x00, 0x00, 0x00, 0x00, 
0x00, 0x00, 0x00, 0x00, 0x00, 0x00, 0x00, 0x00, 0x00, 0x00, 0x00, 0x00, 0x00, 0x00, 0x00, 0x00, 
0x00, 0x00, 0x00, 0x00, 0x00, 0x00, 0x00, 0x00, 0x00, 0x00, 0x00, 0x00, 0x00, 0x00, 0x00, 0x00, 
0x01, 0x0B, 0x00, 0x00, 0x00, 0x00, 0x00, 0x00, 0x00, 0xD0, 0xFF, 0x85, 0x00, 0x00, 0x00, 0x00, 
0x00, 0x23, 0xFF, 0xFF, 0x79, 0x00, 0x00, 0x00, 0x00, 0x00, 0x5F, 0xFF, 0xF8, 0x1E, 0x00, 0x00, 
0x00, 0x00, 0x10, 0xE3, 0xFF, 0x71, 0x00, 0x00, 0x00, 0x00, 0x00, 0xA3, 0xFF, 0x9C, 0x00, 0x00, 
0x00, 0x00, 0x00, 0x51, 0xFF, 0xBA, 0x04, 0x00, 0x00, 0x00, 0x00, 0x02, 0xD7, 0xBC, 0x0E, 0x00, 
0x00, 0x00, 0x00, 0x00, 0x00, 0x00, 0x00, 0x00, 0x00, 0x00, 0x00, 0x00, 0x00, 0x00, 0x00, 0x01, 
0x45, 0x02, 0x00, 0x00, 0x00, 0x00, 0x00, 0x00, 0x00, 0x00, 0x00, 0x07, 0x63, 0xD7, 0xFB, 0x06, 
0x00, 0x00, 0x00, 0x00, 0x00, 0x00, 0x00, 0x10, 0x79, 0xE7, 0xFF, 0xFF, 0x9B, 0x00, 0x00, 0x00, 
0x00, 0x00, 0x00, 0x1E, 0x8E, 0xF3, 0xFF, 0xFD, 0xB2, 0x41, 0x00, 0x00, 0x00, 0x00, 0x00, 0x30, 
0xA4, 0xFB, 0xFF, 0xF4, 0x94, 0x25, 0x00, 0x00, 0x00, 0x00, 0x00, 0x44, 0xB9, 0xFF, 0xFF, 0xE2, 
0x75, 0x10, 0x00, 0x00, 0x00, 0x00, 0x00, 0x00, 0x84, 0xFF, 0xFF, 0xC8, 0x57, 0x04, 0x00, 0x00, 
0x00, 0x00, 0x00, 0x00, 0x00, 0x00, 0xC9, 0xFF, 0xE9, 0x51, 0x00, 0x00, 0x00, 0x00, 0x00, 0x00, 
0x00, 0x00, 0x00, 0x00, 0x40, 0xD2, 0xFF, 0xFF, 0xC7, 0x3E, 0x00, 0x00, 0x00, 0x00, 0x00, 0x00, 
0x00, 0x00, 0x00, 0x02, 0x64, 0xE7, 0xFF, 0xFF, 0xB5, 0x2D, 0x00, 0x00, 0x00, 0x00, 0x00, 0x00, 
0x00, 0x00, 0x00, 0x0C, 0x83, 0xF6, 0xFF, 0xFD, 0xA2, 0x20, 0x00, 0x00, 0x00, 0x00, 0x00, 0x00, 
0x00, 0x00, 0x00, 0x1C, 0xA1, 0xFE, 0xFF, 0xF9, 0x7B, 0x00, 0x00, 0x00, 0x00, 0x00, 0x00, 0x00, 
0x00, 0x00, 0x00, 0x32, 0xC0, 0xFF, 0xCB, 0x00, 0x00, 0x00, 0x00, 0x00, 0x00, 0x00, 0x00, 0x00, 
0x00, 0x00, 0x00, 0x4F, 0x5D, 0x00, 0x00, 0x00, 0x00, 0x44, 0x80, 0x80, 0x80, 0x80, 0x80, 0x80, 
0x80, 0x80, 0x80, 0x80, 0x35, 0x00, 0xDF, 0xFF, 0xFF, 0xFF, 0xFF, 0xFF, 0xFF, 0xFF, 0xFF, 0xFF, 
0xFF, 0x6F, 0x00, 0x58, 0x6C, 0x6C, 0x6C, 0x6C, 0x6C, 0x6C, 0x6C, 0x6C, 0x6C, 0x69, 0x0E, 0x00, 
0x00, 0x00, 0x00, 0x00, 0x00, 0x00, 0x00, 0x00, 0x00, 0x00, 0x00, 0x00, 0x00, 0x00, 0x00, 0x00, 
0x00, 0x00, 0x00, 0x00, 0x00, 0x00, 0x00, 0x00, 0x00, 0x14, 0x30, 0x30, 0x30, 0x30, 0x30, 0x30, 
0x30, 0x30, 0x30, 0x30, 0x0C, 0x00, 0xD8, 0xFF, 0xFF, 0xFF, 0xFF, 0xFF, 0xFF, 0xFF, 0xFF, 0xFF, 
0xFF, 0x69, 0x00, 0xAE, 0xBC, 0xBC, 0xBC, 0xBC, 0xBC, 0xBC, 0xBC, 0xBC, 0xBC, 0xB8, 0x20, 0x00, 
0x00, 0x00, 0x01, 0x49, 0x01, 0x00, 0x00, 0x00, 0x00, 0x00, 0x00, 0x00, 0x00, 0x00, 0x00, 0x00, 
0x34, 0xFF, 0xCD, 0x3F, 0x00, 0x00, 0x00, 0x00, 0x00, 0x00, 0x00, 0x00, 0x00, 0x00, 0x2D, 0xF3, 
0xFF, 0xFF, 0xAE, 0x24, 0x00, 0x00, 0x00, 0x00, 0x00, 0x00, 0x00, 0x00, 0x00, 0x17, 0x95, 0xFA, 
0xFF, 0xF9, 0x8D, 0x10, 0x00, 0x00, 0x00, 0x00, 0x00, 0x00, 0x00, 0x00, 0x00, 0x24, 0xA9, 0xFE, 
0xFF, 0xEC, 0x6D, 0x04, 0x00, 0x00, 0x00, 0x00, 0x00, 0x00, 0x00, 0x00, 0x00, 0x34, 0xBD, 0xFF, 
0xFF, 0xD8, 0x4C, 0x00, 0x00, 0x00, 0x00, 0x00, 0x00, 0x00, 0x00, 0x00, 0x00, 0x48, 0xCF, 0xFF, 
0xFF, 0x4F, 0x00, 0x00, 0x00, 0x00, 0x00, 0x00, 0x00, 0x00, 0x00, 0x44, 0xB6, 0xFF, 0xFF, 0x30, 
0x00, 0x00, 0x00, 0x00, 0x00, 0x00, 0x07, 0x62, 0xD3, 0xFF, 0xFF, 0xCB, 0x51, 0x00, 0x00, 0x00, 
0x00, 0x00, 0x17, 0x80, 0xE9, 0xFF, 0xFF, 0xB7, 0x41, 0x00, 0x00, 0x00, 0x00, 0x00, 0x2E, 0x9E, 
0xF8, 0xFF, 0xFA, 0xA2, 0x2D, 0x00, 0x00, 0x00, 0x00, 0x00, 0x0B, 0xB7, 0xFF, 0xFF, 0xF2, 0x8D, 
0x1C, 0x00, 0x00, 0x00, 0x00, 0x00, 0x00, 0x00, 0x65, 0xFF, 0xE6, 0x78, 0x10, 0x00, 0x00, 0x00, 
0x00, 0x00, 0x00, 0x00, 0x00, 0x00, 0x50, 0x64, 0x07, 0x00, 0x00, 0x00, 0x00, 0x00, 0x00, 0x00, 
0x00, 0x00, 0x00, 0x00, 0x00, 0x00, 0x3C, 0x86, 0xB2, 0xC0, 0xA6, 0x64, 0x0A, 0x00, 0x00, 0x01, 
0xBB, 0xFF, 0xFF, 0xFF, 0xFF, 0xFF, 0xFF, 0xD6, 0x19, 0x00, 0x20, 0xFC, 0xA7, 0x4E, 0x26, 0x31, 
0x85, 0xFC, 0xFF, 0xAD, 0x00, 0x06, 0x20, 0x00, 0x00, 0x00, 0x00, 0x00, 0x93, 0xFF, 0xFB, 0x0E, 
0x00, 0x00, 0x00, 0x00, 0x00, 0x00, 0x00, 0x46, 0xFF, 0xFF, 0x29, 0x00, 0x00, 0x00, 0x00, 0x00, 
0x00, 0x00, 0x4B, 0xFF, 0xFF, 0x1D, 0x00, 0x00, 0x00, 0x00, 0x00, 0x00, 0x00, 0x7F, 0xFF, 0xE9, 
0x00, 0x00, 0x00, 0x00, 0x00, 0x00, 0x00, 0x18, 0xEA, 0xFF, 0x8A, 0x00, 0x00, 0x00, 0x00, 0x00, 
0x07, 0x50, 0xDD, 0xFF, 0xDB, 0x0E, 0x00, 0x00, 0x00, 0x6F, 0xEB, 0xFD, 0xFF, 0xFF, 0xBC, 0x19, 
0x00, 0x00, 0x00, 0x00, 0xD4, 0xFF, 0xC0, 0x7E, 0x37, 0x00, 0x00, 0x00, 0x00, 0x00, 0x05, 0xFA, 
0xFF, 0x33, 0x00, 0x00, 0x00, 0x00, 0x00, 0x00, 0x00, 0x2D, 0xFF, 0xF5, 0x04, 0x00, 0x00, 0x00, 
0x00, 0x00, 0x00, 0x00, 0x59, 0xFF, 0xBF, 0x00, 0x00, 0x00, 0x00, 0x00, 0x00, 0x00, 0x00, 0x19, 
0x55, 0x1F, 0x00, 0x00, 0x00, 0x00, 0x00, 0x00, 0x00, 0x00, 0x00, 0x00, 0x00, 0x00, 0x00, 0x00, 
0x00, 0x00, 0x00, 0x00, 0x1D, 0xD8, 0xF2, 0x4E, 0x00, 0x00, 0x00, 0x00, 0x00, 0x00, 0x00, 0x79, 
0xFF, 0xFF, 0x5D, 0x00, 0x00, 0x00, 0x00, 0x00, 0x00, 0x00, 0x82, 0xFF, 0xE7, 0x14, 0x00, 0x00, 
0x00, 0x00, 0x00, 0x00, 0x00, 0x02, 0x1E, 0x07, 0x00, 0x00, 0x00, 0x00, 0x00, 0x00, 0x00, 0x00, 
0x00, 0x00, 0x00, 0x00, 0x00, 0x00, 0x00, 0x00, 0x00, 0x00, 0x00, 0x04, 0x12, 0x1B, 0x0D, 0x00, 
0x00, 0x00, 0x00, 0x00, 0x00, 0x00, 0x00, 0x00, 0x00, 0x00, 0x00, 0x00, 0x00, 0x03, 0x49, 0x9E, 
0xD6, 0xFD, 0xFF, 0xFF, 0xFF, 0xF2, 0xBC, 0x67, 0x0B, 0x00, 0x00, 0x00, 0x00, 0x00, 0x00, 0x00, 
0x00, 0x00, 0x55, 0xDB, 0xFF, 0xFF, 0xF1, 0xC4, 0xB1, 0xAF, 0xC0, 0xEE, 0xFF, 0xFF, 0xE0, 0x37, 
0x00, 0x00, 0x00, 0x00, 0x00, 0x00, 0x07, 0xA4, 0xFF, 0xFC, 0x9E, 0x38, 0x01, 0x00, 0x00, 0x00, 
0x00, 0x01, 0x42, 0xCB, 0xFF, 0xF0, 0x26, 0x00, 0x00, 0x00, 0x00, 0x05, 0xB8, 0xFF, 0xD4, 0x2D, 
0x00, 0x00, 0x00, 0x00, 0x00, 0x00, 0x00, 0x00, 0x00, 0x06, 0xC1, 0xFF, 0xAA, 0x00, 0x00, 0x00, 
0x00, 0x98, 0xFF, 0xC7, 0x0D, 0x00, 0x00, 0x00, 0x21, 0x28, 0x03, 0x00, 0x00, 0x07, 0x00, 0x00, 
0x33, 0xFF, 0xF7, 0x09, 0x00, 0x00, 0x4B, 0xFF, 0xED, 0x19, 0x00, 0x00, 0x49, 0xDC, 0xFF, 0xFF, 
0xDC, 0x2F, 0x9A, 0xFE, 0x14, 0x00, 0x00, 0xED, 0xFF, 0x2D, 0x00, 0x04, 0xDA, 0xFF, 0x5B, 0x00, 
0x00, 0x74, 0xFF, 0xFB, 0xAD, 0xA6, 0xFA, 0xE4, 0xEF, 0xCD, 0x00, 0x00, 0x00, 0xD9, 0xFF, 0x3A, 
0x00, 0x58, 0xFF, 0xD0, 0x00, 0x00, 0x3F, 0xFD, 0xF6, 0x42, 0x00, 0x00, 0x56, 0xFF, 0xFF, 0x7B, 
0x00, 0x00, 0x00, 0xE7, 0xFF, 0x2A, 0x00, 0xB9, 0xFF, 0x61, 0x00, 0x00, 0xC8, 0xFF, 0x71, 0x00, 
0x00, 0x00, 0x00, 0xED, 0xFF, 0x29, 0x00, 0x00, 0x0C, 0xFD, 0xFD, 0x0C, 0x0D, 0xF9, 0xF9, 0x0B, 
0x00, 0x36, 0xFF, 0xEB, 0x08, 0x00, 0x00, 0x00, 0x32, 0xFF, 0xD8, 0x00, 0x00, 0x00, 0x3E, 0xFF, 
0xD2, 0x00, 0x50, 0xFF, 0xBE, 0x00, 0x00, 0x80, 0xFF, 0x9D, 0x00, 0x00, 0x00, 0x00, 0x9B, 0xFF, 
0x86, 0x00, 0x00, 0x00, 0x8D, 0xFF, 0x89, 0x00, 0x83, 0xFF, 0x86, 0x00, 0x00, 0xAF, 0xFF, 0x67, 
0x00, 0x00, 0x00, 0x27, 0xF8, 0xFF, 0x3B, 0x00, 0x00, 0x0B, 0xE8, 0xFF, 0x25, 0x00, 0xAE, 0xFF, 
0x5F, 0x00, 0x00, 0xC2, 0xFF, 0x5C, 0x00, 0x00, 0x15, 0xD9, 0xFF, 0xFF, 0x0C, 0x00, 0x00, 0x87, 
0xFF, 0xA9, 0x00, 0x00, 0xC7, 0xFF, 0x48, 0x00, 0x00, 0xAF, 0xFF, 0xB4, 0x1F, 0x52, 0xE5, 0xEC, 
0xCE, 0xFF, 0x4E, 0x10, 0x7C, 0xFF, 0xEB, 0x15, 0x00, 0x00, 0xCA, 0xFF, 0x4C, 0x00, 0x00, 0x59, 
0xFF, 0xFF, 0xFF, 0xFF, 0xDD, 0x33, 0x73, 0xFF, 0xFF, 0xFF, 0xFF, 0xE6, 0x35, 0x00, 0x00, 0x00, 
0xB7, 0xFF, 0x69, 0x00, 0x00, 0x00, 0x5F, 0xB1, 0xAD, 0x6A, 0x0A, 0x00, 0x03, 0x6E, 0xB2, 0xAF, 
0x75, 0x10, 0x00, 0x00, 0x00, 0x00, 0x85, 0xFF, 0xB5, 0x00, 0x00, 0x00, 0x00, 0x00, 0x00, 0x00, 
0x00, 0x00, 0x00, 0x00, 0x00, 0x00, 0x00, 0x00, 0x00, 0x00, 0x00, 0x00, 0x30, 0xFE, 0xFF, 0x50, 
0x00, 0x00, 0x00, 0x00, 0x00, 0x00, 0x00, 0x00, 0x00, 0x00, 0x00, 0x00, 0x00, 0x00, 0x00, 0x00, 
0x00, 0x00, 0x00, 0x95, 0xFF, 0xFB, 0x7A, 0x0A, 0x00, 0x00, 0x00, 0x00, 0x00, 0x00, 0x00, 0x24, 
0x00, 0x00, 0x00, 0x00, 0x00, 0x00, 0x00, 0x00, 0x00, 0x09, 0xAF, 0xFF, 0xFF, 0xF3, 0xB8, 0x91, 
0x81, 0x83, 0x94, 0xB6, 0xE7, 0xF9, 0x02, 0x00, 0x00, 0x00, 0x00, 0x00, 0x00, 0x00, 0x00, 0x00, 
0x00, 0x50, 0xBA, 0xF9, 0xFF, 0xFF, 0xFF, 0xFF, 0xFF, 0xFF, 0xE8, 0x7D, 0x00, 0x00, 0x00, 0x00, 
0x00, 0x00, 0x00, 0x00, 0x00, 0x00, 0x00, 0x00, 0x00, 0x09, 0x2F, 0x47, 0x51, 0x4B, 0x3D, 0x1B, 
0x00, 0x00, 0x00, 0x00, 0x00, 0x00, 0x00, 0x00, 0x00, 0x00, 0x00, 0x00, 0x00, 0x00, 0x00, 0x00, 
0x00, 0x00, 0x00, 0x27, 0xB5, 0xC4, 0x8B, 0x00, 0x00, 0x00, 0x00, 0x00, 0x00, 0x00, 0x00, 0x00, 
0x00, 0x00, 0x00, 0xBC, 0xFF, 0xFF, 0xF5, 0x01, 0x00, 0x00, 0x00, 0x00, 0x00, 0x00, 0x00, 0x00, 
0x00, 0x00, 0x4C, 0xFF, 0xF4, 0xFF, 0xFF, 0x20, 0x00, 0x00, 0x00, 0x00, 0x00, 0x00, 0x00, 0x00, 
0x00, 0x04, 0xD6, 0xFF, 0x6D, 0xF8, 0xFF, 0x4A, 0x00, 0x00, 0x00, 0x00, 0x00, 0x00, 0x00, 0x00, 
0x00, 0x6A, 0xFF, 0xDB, 0x05, 0xD5, 0xFF, 0x73, 0x00, 0x00, 0x00, 0x00, 0x00, 0x00, 0x00, 0x00, 
0x0E, 0xEA, 0xFF, 0x55, 0x00, 0xAF, 0xFF, 0x9C, 0x00, 0x00, 0x00, 0x00, 0x00, 0x00, 0x00, 0x00, 
0x89, 0xFF, 0xC9, 0x00, 0x00, 0x88, 0xFF, 0xC6, 0x00, 0x00, 0x00, 0x00, 0x00, 0x00, 0x00, 0x1F, 
0xF8, 0xFF, 0x40, 0x00, 0x00, 0x62, 0xFF, 0xEF, 0x00, 0x00, 0x00, 0x00, 0x00, 0x00, 0x00, 0xA7, 
0xFF, 0xB5, 0x00, 0x00, 0x00, 0x3B, 0xFF, 0xFF, 0x18, 0x00, 0x00, 0x00, 0x00, 0x00, 0x37, 0xFE, 
0xFD, 0x2D, 0x00, 0x00, 0x00, 0x15, 0xFF, 0xFF, 0x42, 0x00, 0x00, 0x00, 0x00, 0x00, 0xC5, 0xFF, 
0xA0, 0x00, 0x00, 0x00, 0x00, 0x00, 0xEE, 0xFF, 0x6B, 0x00, 0x00, 0x00, 0x00, 0x55, 0xFF, 0xFF, 
0x9F, 0x84, 0x84, 0x84, 0x84, 0x84, 0xE9, 0xFF, 0x95, 0x00, 0x00, 0x00, 0x06, 0xDD, 0xFF, 0xFF, 
0xFF, 0xFF, 0xFF, 0xFF, 0xFF, 0xFF, 0xFF, 0xFF, 0xBE, 0x00, 0x00, 0x00, 0x74, 0xFF, 0xF1, 0x5A, 
0x58, 0x58, 0x58, 0x58, 0x58, 0x58, 0xA9, 0xFF, 0xE7, 0x00, 0x00, 0x13, 0xEF, 0xFF, 0x7B, 0x00, 
0x00, 0x00, 0x00, 0x00, 0x00, 0x00, 0x5B, 0xFF, 0xFF, 0x11, 0x00, 0x93, 0xFF, 0xE6, 0x0A, 0x00, 
0x00, 0x00, 0x00, 0x00, 0x00, 0x00, 0x34, 0xFF, 0xFF, 0x3A, 0x26, 0xFB, 0xFF, 0x65, 0x00, 0x00, 
0x00, 0x00, 0x00, 0x00, 0x00, 0x00, 0x0D, 0xFF, 0xFF, 0x63, 0x98, 0xFF, 0xD1, 0x03, 0x00, 0x00, 
0x00, 0x00, 0x00, 0x00, 0x00, 0x00, 0x00, 0xE1, 0xFF, 0x77, 0x05, 0x11, 0x02, 0x00, 0x00, 0x00, 
0x00, 0x00, 0x00, 0x00, 0x00, 0x00, 0x00, 0x07, 0x12, 0x00, 0x00, 0x00, 0x00, 0x2A, 0xA3, 0xB0, 
0xB0, 0xB0, 0xAD, 0x9F, 0x76, 0x25, 0x00, 0x00, 0x00, 0x00, 0x00, 0x9E, 0xFF, 0xFF, 0xFF, 0xFF, 
0xFF, 0xFF, 0xFF, 0xFC, 0x74, 0x00, 0x00, 0x00, 0x00, 0xD3, 0xFF, 0x95, 0x38, 0x38, 0x3F, 0x73, 
0xEA, 0xFF, 0xFD, 0x22, 0x00, 0x00, 0x0A, 0xFC, 0xFF, 0x4B, 0x00, 0x00, 0x00, 0x00, 0x4D, 0xFF, 
0xFF, 0x57, 0x00, 0x00, 0x3A, 0xFF, 0xFF, 0x19, 0x00, 0x00, 0x00, 0x00, 0x2F, 0xFF, 0xFF, 0x43, 
0x00, 0x00, 0x6D, 0xFF, 0xE7, 0x00, 0x00, 0x00, 0x00, 0x00, 0x66, 0xFF, 0xF8, 0x13, 0x00, 0x00, 
0xA0, 0xFF, 0xB4, 0x00, 0x00, 0x00, 0x00, 0x0C, 0xDF, 0xFF, 0x93, 0x00, 0x00, 0x00, 0xD3, 0xFF, 
0x89, 0x0C, 0x0C, 0x15, 0x49, 0xCF, 0xFF, 0xBA, 0x07, 0x00, 0x00, 0x0A, 0xFC, 0xFF, 0xFF, 0xFF, 
0xFF, 0xFF, 0xFF, 0xFF, 0xA4, 0x03, 0x00, 0x00, 0x00, 0x3A, 0xFF, 0xFF, 0xD4, 0xD4, 0xD4, 0xE0, 
0xFA, 0xFF, 0xFF, 0xB9, 0x09, 0x00, 0x00, 0x6D, 0xFF, 0xE1, 0x00, 0x00, 0x00, 0x00, 0x0D, 0x89, 
0xFF, 0xFF, 0x79, 0x00, 0x00, 0xA0, 0xFF, 0xAE, 0x00, 0x00, 0x00, 0x00, 0x00, 0x00, 0xD3, 0xFF, 
0xBE, 0x00, 0x00, 0xD3, 0xFF, 0x7C, 0x00, 0x00, 0x00, 0x00, 0x00, 0x00, 0xB4, 0xFF, 0xC3, 0x00, 
0x0A, 0xFC, 0xFF, 0x49, 0x00, 0x00, 0x00, 0x00, 0x00, 0x05, 0xE6, 0xFF, 0x96, 0x00, 0x3A, 0xFF, 
0xFF, 0x17, 0x00, 0x00, 0x00, 0x00, 0x00, 0x7C, 0xFF, 0xFF, 0x34, 0x00, 0x6D, 0xFF, 0xE4, 0x00, 
0x00, 0x00, 0x00, 0x1F, 0x8B, 0xFE, 0xFF, 0x91, 0x00, 0x00, 0xA0, 0xFF, 0xFC, 0xF0, 0xF0, 0xF0, 
0xF8, 0xFF, 0xFF, 0xFE, 0x8B, 0x04, 0x00, 0x00, 0xA1, 0xFF, 0xFF, 0xFF, 0xFF, 0xFF, 0xF6, 0xD8, 
0x92, 0x2F, 0x00, 0x00, 0x00, 0x00, 0x00, 0x00, 0x00, 0x00, 0x00, 0x00, 0x17, 0x78, 0xBB, 0xDA, 
0xDB, 0xBB, 0x83, 0x1D, 0x00, 0x00, 0x00, 0x00, 0x00, 0x03, 0x7B, 0xF7, 0xFF, 0xFF, 0xFF, 0xFF, 
0xFF, 0xFF, 0xF7, 0x55, 0x00, 0x00, 0x00, 0x07, 0xB1, 0xFF, 0xFF, 0xC8, 0x5F, 0x30, 0x2D, 0x5A, 
0xC2, 0xFF, 0x99, 0x00, 0x00, 0x00, 0xA0, 0xFF, 0xFF, 0x79, 0x01, 0x00, 0x00, 0x00, 0x00, 0x00, 
0x71, 0x3C, 0x00, 0x00, 0x56, 0xFF, 0xFF, 0x8F, 0x00, 0x00, 0x00, 0x00, 0x00, 0x00, 0x00, 0x00, 
0x00, 0x00, 0x05, 0xE1, 0xFF, 0xCD, 0x04, 0x00, 0x00, 0x00, 0x00, 0x00, 0x00, 0x00, 0x00, 0x00, 
0x00, 0x5A, 0xFF, 0xFF, 0x52, 0x00, 0x00, 0x00, 0x00, 0x00, 0x00, 0x00, 0x00, 0x00, 0x00, 0x00, 
0xAC, 0xFF, 0xE0, 0x02, 0x00, 0x00, 0x00, 0x00, 0x00, 0x00, 0x00, 0x00, 0x00, 0x00, 0x06, 0xF2, 
0xFF, 0x98, 0x00, 0x00, 0x00, 0x00, 0x00, 0x00, 0x00, 0x00, 0x00, 0x00, 0x00, 0x37, 0xFF, 0xFF, 
0x57, 0x00, 0x00, 0x00, 0x00, 0x00, 0x00, 0x00, 0x00, 0x00, 0x00, 0x00, 0x59, 0xFF, 0xFF, 0x39, 
0x00, 0x00, 0x00, 0x00, 0x00, 0x00, 0x00, 0x00, 0x00, 0x00, 0x00, 0x68, 0xFF, 0xFF, 0x25, 0x00, 
0x00, 0x00, 0x00, 0x00, 0x00, 0x00, 0x00, 0x00, 0x00, 0x00, 0x5F, 0xFF, 0xFF, 0x32, 0x00, 0x00, 
0x00, 0x00, 0x00, 0x00, 0x00, 0x00, 0x00, 0x00, 0x00, 0x40, 0xFF, 0xFF, 0x6C, 0x00, 0x00, 0x00, 
0x00, 0x00, 0x00, 0x00, 0x00, 0x00, 0x00, 0x00, 0x09, 0xF3, 0xFF, 0xE4, 0x0A, 0x00, 0x00, 0x00, 
0x00, 0x00, 0x00, 0x3D, 0x08, 0x00, 0x00, 0x00, 0x88, 0xFF, 0xFF, 0xC1, 0x2D, 0x00, 0x00, 0x05, 
0x49, 0xBB, 0xFF, 0x13, 0x00, 0x00, 0x00, 0x08, 0xC4, 0xFF, 0xFF, 0xFF, 0xEB, 0xE1, 0xF8, 0xFF, 
0xFF, 0xB8, 0x00, 0x00, 0x00, 0x00, 0x00, 0x07, 0x80, 0xE7, 0xFF, 0xFF, 0xFF, 0xF9, 0xBF, 0x5C, 
0x03, 0x00, 0x00, 0x00, 0x00, 0x00, 0x00, 0x00, 0x00, 0x1F, 0x32, 0x23, 0x08, 0x00, 0x00, 0x00, 
0x00, 0x00, 0x00, 0x00, 0x00, 0x00, 0x2C, 0xA3, 0xB0, 0xB0, 0xB0, 0xAC, 0x9D, 0x80, 0x46, 0x03, 
0x00, 0x00, 0x00, 0x00, 0x00, 0x00, 0x9F, 0xFF, 0xFF, 0xFF, 0xFF, 0xFF, 0xFF, 0xFF, 0xFF, 0xE1, 
0x4B, 0x00, 0x00, 0x00, 0x00, 0x00, 0xD3, 0xFF, 0x9F, 0x44, 0x44, 0x4B, 0x63, 0xA4, 0xFA, 0xFF, 
0xFE, 0x58, 0x00, 0x00, 0x00, 0x0A, 0xFC, 0xFF, 0x50, 0x00, 0x00, 0x00, 0x00, 0x00, 0x2E, 0xE9, 
0xFF, 0xEF, 0x0F, 0x00, 0x00, 0x3A, 0xFF, 0xFF, 0x1D, 0x00, 0x00, 0x00, 0x00, 0x00, 0x00, 0x54, 
0xFF, 0xFF, 0x60, 0x00, 0x00, 0x6D, 0xFF, 0xE9, 0x00, 0x00, 0x00, 0x00, 0x00, 0x00, 0x00, 0x04, 
0xF3, 0xFF, 0x96, 0x00, 0x00, 0xA0, 0xFF, 0xB6, 0x00, 0x00, 0x00, 0x00, 0x00, 0x00, 0x00, 0x00, 
0xD3, 0xFF, 0xAA, 0x00, 0x00, 0xD3, 0xFF, 0x83, 0x00, 0x00, 0x00, 0x00, 0x00, 0x00, 0x00, 0x00, 
0xDB, 0xFF, 0xA1, 0x00, 0x0A, 0xFC, 0xFF, 0x50, 0x00, 0x00, 0x00, 0x00, 0x00, 0x00, 0x00, 0x00, 
0xF2, 0xFF, 0x8C, 0x00, 0x3A, 0xFF, 0xFF, 0x1D, 0x00, 0x00, 0x00, 0x00, 0x00, 0x00, 0x00, 0x24, 
0xFF, 0xFF, 0x5F, 0x00, 0x6D, 0xFF, 0xEA, 0x00, 0x00, 0x00, 0x00, 0x00, 0x00, 0x00, 0x00, 0x69, 
0xFF, 0xFF, 0x28, 0x00, 0xA0, 0xFF, 0xB7, 0x00, 0x00, 0x00, 0x00, 0x00, 0x00, 0x00, 0x00, 0xCC, 
0xFF, 0xCD, 0x00, 0x00, 0xD3, 0xFF, 0x84, 0x00, 0x00, 0x00, 0x00, 0x00, 0x00, 0x00, 0x4F, 0xFF, 
0xFF, 0x63, 0x00, 0x0A, 0xFC, 0xFF, 0x51, 0x00, 0x00, 0x00, 0x00, 0x00, 0x00, 0x16, 0xE2, 0xFF, 
0xCE, 0x02, 0x00, 0x3A, 0xFF, 0xFF, 0x1D, 0x00, 0x00, 0x00, 0x00, 0x00, 0x28, 0xD7, 0xFF, 0xF0, 
0x2C, 0x00, 0x00, 0x6D, 0xFF, 0xEA, 0x00, 0x00, 0x00, 0x0D, 0x3E, 0x95, 0xF7, 0xFF, 0xF0, 0x3E, 
0x00, 0x00, 0x00, 0xA0, 0xFF, 0xFE, 0xF8, 0xF8, 0xFC, 0xFF, 0xFF, 0xFF, 0xFF, 0xB6, 0x1C, 0x00, 
0x00, 0x00, 0x00, 0xA9, 0xFF, 0xFF, 0xFF, 0xFF, 0xFA, 0xEC, 0xC9, 0x85, 0x29, 0x00, 0x00, 0x00, 
0x00, 0x00, 0x00, 0x00, 0x00, 0x00, 0x29, 0xA5, 0xB0, 0xB0, 0xB0, 0xB0, 0xB0, 0xB0, 0xB0, 0xAF, 
0x18, 0x00, 0x00, 0x00, 0x9A, 0xFF, 0xFF, 0xFF, 0xFF, 0xFF, 0xFF, 0xFF, 0xFF, 0xFC, 0x15, 0x00, 
0x00, 0x00, 0xD0, 0xFF, 0xA2, 0x44, 0x44, 0x44, 0x44, 0x44, 0x44, 0x31, 0x00, 0x00, 0x00, 0x08, 
0xFB, 0xFF, 0x53, 0x00, 0x00, 0x00, 0x00, 0x00, 0x00, 0x00, 0x00, 0x00, 0x00, 0x37, 0xFF, 0xFF, 
0x1F, 0x00, 0x00, 0x00, 0x00, 0x00, 0x00, 0x00, 0x00, 0x00, 0x00, 0x6A, 0xFF, 0xEB, 0x00, 0x00, 
0x00, 0x00, 0x00, 0x00, 0x00, 0x00, 0x00, 0x00, 0x00, 0x9E, 0xFF, 0xB8, 0x00, 0x00, 0x00, 0x00, 
0x00, 0x00, 0x00, 0x00, 0x00, 0x00, 0x00, 0xD1, 0xFF, 0x9F, 0x30, 0x30, 0x30, 0x30, 0x30, 0x1B, 
0x00, 0x00, 0x00, 0x00, 0x09, 0xFB, 0xFF, 0xFF, 0xFF, 0xFF, 0xFF, 0xFF, 0xFF, 0xAE, 0x00, 0x00, 
0x00, 0x00, 0x38, 0xFF, 0xFF, 0xBC, 0xB8, 0xB8, 0xB8, 0xB8, 0xB8, 0x4F, 0x00, 0x00, 0x00, 0x00, 
0x6B, 0xFF, 0xED, 0x00, 0x00, 0x00, 0x00, 0x00, 0x00, 0x00, 0x00, 0x00, 0x00, 0x00, 0x9F, 0xFF, 
0xBA, 0x00, 0x00, 0x00, 0x00, 0x00, 0x00, 0x00, 0x00, 0x00, 0x00, 0x00, 0xD2, 0xFF, 0x85, 0x00, 
0x00, 0x00, 0x00, 0x00, 0x00, 0x00, 0x00, 0x00, 0x00, 0x09, 0xFC, 0xFF, 0x51, 0x00, 0x00, 0x00, 
0x00, 0x00, 0x00, 0x00, 0x00, 0x00, 0x00, 0x39, 0xFF, 0xFF, 0x1C, 0x00, 0x00, 0x00, 0x00, 0x00, 
0x00, 0x00, 0x00, 0x00, 0x00, 0x6D, 0xFF, 0xE8, 0x00, 0x00, 0x00, 0x00, 0x00, 0x00, 0x00, 0x00, 
0x00, 0x00, 0x00, 0xA0, 0xFF, 0xFD, 0xF4, 0xF4, 0xF4, 0xF4, 0xF4, 0xF4, 0xF2, 0x1A, 0x00, 0x00, 
0x00, 0xAB, 0xFF, 0xFF, 0xFF, 0xFF, 0xFF, 0xFF, 0xFF, 0xFF, 0xE5, 0x05, 0x00, 0x00, 0x00, 0x00, 
0x00, 0x00, 0x29, 0xA5, 0xB0, 0xB0, 0xB0, 0xB0, 0xB0, 0xB0, 0xB0, 0x7A, 0x00, 0x00, 0x00, 0x9A, 
0xFF, 0xFF, 0xFF, 0xFF, 0xFF, 0xFF, 0xFF, 0xFF, 0xA2, 0x00, 0x00, 0x00, 0xCF, 0xFF, 0xA7, 0x4C, 
0x4C, 0x4C, 0x4C, 0x4C, 0x4C, 0x18, 0x00, 0x00, 0x07, 0xFA, 0xFF, 0x55, 0x00, 0x00, 0x00, 0x00, 
0x00, 0x00, 0x00, 0x00, 0x00, 0x36, 0xFF, 0xFF, 0x22, 0x00, 0x00, 0x00, 0x00, 0x00, 0x00, 0x00, 
0x00, 0x00, 0x69, 0xFF, 0xEF, 0x00, 0x00, 0x00, 0x00, 0x00, 0x00, 0x00, 0x00, 0x00, 0x00, 0x9D, 
0xFF, 0xBC, 0x00, 0x00, 0x00, 0x00, 0x00, 0x00, 0x00, 0x00, 0x00, 0x00, 0xD0, 0xFF, 0x89, 0x00, 
0x00, 0x00, 0x00, 0x00, 0x00, 0x00, 0x00, 0x00, 0x08, 0xFB, 0xFF, 0xD0, 0xB0, 0xB0, 0xB0, 0xB0, 
0xB0, 0x85, 0x00, 0x00, 0x00, 0x37, 0xFF, 0xFF, 0xFF, 0xFF, 0xFF, 0xFF, 0xFF, 0xFF, 0xAE, 0x00, 
0x00, 0x00, 0x6A, 0xFF, 0xEF, 0x48, 0x48, 0x48, 0x48, 0x48, 0x48, 0x18, 0x00, 0x00, 0x00, 0x9D, 
0xFF, 0xBC, 0x00, 0x00, 0x00, 0x00, 0x00, 0x00, 0x00, 0x00, 0x00, 0x00, 0xD0, 0xFF, 0x89, 0x00, 
0x00, 0x00, 0x00, 0x00, 0x00, 0x00, 0x00, 0x00, 0x08, 0xFB, 0xFF, 0x55, 0x00, 0x00, 0x00, 0x00, 
0x00, 0x00, 0x00, 0x00, 0x00, 0x37, 0xFF, 0xFF, 0x21, 0x00, 0x00, 0x00, 0x00, 0x00, 0x00, 0x00, 
0x00, 0x00, 0x6A, 0xFF, 0xED, 0x00, 0x00, 0x00, 0x00, 0x00, 0x00, 0x00, 0x00, 0x00, 0x00, 0x9E, 
0xFF, 0xBA, 0x00, 0x00, 0x00, 0x00, 0x00, 0x00, 0x00, 0x00, 0x00, 0x00, 0xC9, 0xFF, 0x7E, 0x00, 
0x00, 0x00, 0x00, 0x00, 0x00, 0x00, 0x00, 0x00, 0x00, 0x06, 0x0F, 0x00, 0x00, 0x00, 0x00, 0x00, 
0x00, 0x00, 0x00, 0x00, 0x00, 0x00, 0x00, 0x00, 0x00, 0x00, 0x00, 0x00, 0x00, 0x3F, 0x92, 0xC9, 
0xE3, 0xE7, 0xCF, 0xA0, 0x53, 0x03, 0x00, 0x00, 0x00, 0x00, 0x00, 0x00, 0x40, 0xCF, 0xFF, 0xFF, 
0xFF, 0xFF, 0xFF, 0xFF, 0xFF, 0xFF, 0xD8, 0x26, 0x00, 0x00, 0x00, 0x00, 0x80, 0xFE, 0xFF, 0xEC, 
0x88, 0x3F, 0x1D, 0x1C, 0x3B, 0x83, 0xE9, 0xFF, 0x70, 0x00, 0x00, 0x00, 0x84, 0xFF, 0xFF, 0xAB, 
0x10, 0x00, 0x00, 0x00, 0x00, 0x00, 0x00, 0x0D, 0x81, 0x22, 0x00, 0x00, 0x4F, 0xFF, 0xFF, 0x9C, 
0x02, 0x00, 0x00, 0x00, 0x00, 0x00, 0x00, 0x00, 0x00, 0x00, 0x00, 0x00, 0x0B, 0xE4, 0xFF, 0xCB, 
0x02, 0x00, 0x00, 0x00, 0x00, 0x00, 0x00, 0x00, 0x00, 0x00, 0x00, 0x00, 0x00, 0x70, 0xFF, 0xFD, 
0x33, 0x00, 0x00, 0x00, 0x00, 0x00, 0x00, 0x00, 0x00, 0x00, 0x00, 0x00, 0x00, 0x00, 0xD3, 0xFF, 
0xC0, 0x00, 0x00, 0x00, 0x00, 0x00, 0x00, 0x00, 0x00, 0x00, 0x00, 0x00, 0x00, 0x00, 0x1F, 0xFF, 
0xFF, 0x69, 0x00, 0x00, 0x00, 0x00, 0x66, 0xB0, 0xB0, 0xB0, 0xB0, 0xB0, 0xA2, 0x05, 0x00, 0x52, 
0xFF, 0xFF, 0x30, 0x00, 0x00, 0x00, 0x00, 0xDB, 0xFF, 0xFF, 0xFF, 0xFF, 0xFF, 0xFB, 0x07, 0x00, 
0x71, 0xFF, 0xFF, 0x14, 0x00, 0x00, 0x00, 0x00, 0x31, 0x40, 0x40, 0x40, 0xAB, 0xFF, 0xD1, 0x00, 
0x00, 0x7B, 0xFF, 0xFF, 0x06, 0x00, 0x00, 0x00, 0x00, 0x00, 0x00, 0x00, 0x00, 0xBC, 0xFF, 0x9D, 
0x00, 0x00, 0x6C, 0xFF, 0xFF, 0x21, 0x00, 0x00, 0x00, 0x00, 0x00, 0x00, 0x00, 0x00, 0xED, 0xFF, 
0x6A, 0x00, 0x00, 0x3F, 0xFF, 0xFF, 0x6D, 0x00, 0x00, 0x00, 0x00, 0x00, 0x00, 0x00, 0x21, 0xFF, 
0xFF, 0x37, 0x00, 0x00, 0x05, 0xE6, 0xFF, 0xE8, 0x1B, 0x00, 0x00, 0x00, 0x00, 0x00, 0x00, 0x54, 
0xFF, 0xFB, 0x08, 0x00, 0x00, 0x00, 0x61, 0xFF, 0xFF, 0xE3, 0x57, 0x07, 0x00, 0x00, 0x03, 0x44, 
0xC0, 0xFF, 0xD1, 0x00, 0x00, 0x00, 0x00, 0x00, 0x84, 0xFF, 0xFF, 0xFF, 0xF7, 0xD9, 0xDD, 0xF9, 
0xFF, 0xFF, 0xFF, 0x7D, 0x00, 0x00, 0x00, 0x00, 0x00, 0x00, 0x40, 0xB7, 0xF8, 0xFF, 0xFF, 0xFF, 
0xFF, 0xE1, 0x9E, 0x40, 0x00, 0x00, 0x00, 0x00, 0x00, 0x00, 0x00, 0x00, 0x00, 0x07, 0x29, 0x3A, 
0x2F, 0x15, 0x00, 0x00, 0x00, 0x00, 0x00, 0x00, 0x00, 0x00, 0x00, 0x00, 0x47, 0xBF, 0x9B, 0x00, 
0x00, 0x00, 0x00, 0x00, 0x00, 0x00, 0x09, 0xAF, 0xBF, 0x29, 0x00, 0x00, 0x00, 0x9F, 0xFF, 0xB8, 
0x00, 0x00, 0x00, 0x00, 0x00, 0x00, 0x00, 0x3B, 0xFF, 0xFF, 0x1C, 0x00, 0x00, 0x00, 0xD2, 0xFF, 
0x86, 0x00, 0x00, 0x00, 0x00, 0x00, 0x00, 0x00, 0x6F, 0xFF, 0xE9, 0x00, 0x00, 0x00, 0x09, 0xFC, 
0xFF, 0x53, 0x00, 0x00, 0x00, 0x00, 0x00, 0x00, 0x00, 0xA2, 0xFF, 0xB6, 0x00, 0x00, 0x00, 0x38, 
0xFF, 0xFF, 0x20, 0x00, 0x00, 0x00, 0x00, 0x00, 0x00, 0x00, 0xD5, 0xFF, 0x83, 0x00, 0x00, 0x00, 
0x6B, 0xFF, 0xED, 0x00, 0x00, 0x00, 0x00, 0x00, 0x00, 0x00, 0x0B, 0xFD, 0xFF, 0x50, 0x00, 0x00, 
0x00, 0x9E, 0xFF, 0xBB, 0x00, 0x00, 0x00, 0x00, 0x00, 0x00, 0x00, 0x3C, 0xFF, 0xFF, 0x1D, 0x00, 
0x00, 0x00, 0xD1, 0xFF, 0xAB, 0x40, 0x40, 0x40, 0x40, 0x40, 0x40, 0x40, 0x8E, 0xFF, 0xEA, 0x00, 
0x00, 0x00, 0x09, 0xFB, 0xFF, 0xFF, 0xFF, 0xFF, 0xFF, 0xFF, 0xFF, 0xFF, 0xFF, 0xFF, 0xFF, 0xB7, 
0x00, 0x00, 0x00, 0x38, 0xFF, 0xFF, 0xCE, 0xCC, 0xCC, 0xCC, 0xCC, 0xCC, 0xCC, 0xCC, 0xFB, 0xFF, 
0x83, 0x00, 0x00, 0x00, 0x6B, 0xFF, 0xEB, 0x00, 0x00, 0x00, 0x00, 0x00, 0x00, 0x00, 0x0B, 0xFD, 
0xFF, 0x50, 0x00, 0x00, 0x00, 0x9E, 0xFF, 0xB8, 0x00, 0x00, 0x00, 0x00, 0x00, 0x00, 0x00, 0x3B, 
0xFF, 0xFF, 0x1D, 0x00, 0x00, 0x00, 0xD1, 0xFF, 0x85, 0x00, 0x00, 0x00, 0x00, 0x00, 0x00, 0x00, 
0x6E, 0xFF, 0xEA, 0x00, 0x00, 0x00, 0x08, 0xFB, 0xFF, 0x53, 0x00, 0x00, 0x00, 0x00, 0x00, 0x00, 
0x00, 0xA1, 0xFF, 0xB7, 0x00, 0x00, 0x00, 0x37, 0xFF, 0xFF, 0x20, 0x00, 0x00, 0x00, 0x00, 0x00, 
0x00, 0x00, 0xD3, 0xFF, 0x84, 0x00, 0x00, 0x00, 0x6A, 0xFF, 0xED, 0x00, 0x00, 0x00, 0x00, 0x00, 
0x00, 0x00, 0x09, 0xFC, 0xFF, 0x51, 0x00, 0x00, 0x00, 0x9D, 0xFF, 0xBA, 0x00, 0x00, 0x00, 0x00, 
0x00, 0x00, 0x00, 0x39, 0xFF, 0xFF, 0x1E, 0x00, 0x00, 0x00, 0xC8, 0xFF, 0x7E, 0x00, 0x00, 0x00, 
0x00, 0x00, 0x00, 0x00, 0x64, 0xFF, 0xE1, 0x00, 0x00, 0x00, 0x00, 0x06, 0x0E, 0x00, 0x00, 0x00, 
0x00, 0x00, 0x00, 0x00, 0x00, 0x00, 0x10, 0x03, 0x00, 0x00, 0x00, 0x00, 0x00, 0x00, 0x00, 0x46, 
0xBF, 0x9A, 0x00, 0x00, 0x00, 0x9F, 0xFF, 0xB8, 0x00, 0x00, 0x00, 0xD2, 0xFF, 0x85, 0x00, 0x00, 
0x09, 0xFC, 0xFF, 0x52, 0x00, 0x00, 0x38, 0xFF, 0xFF, 0x1F, 0x00, 0x00, 0x6B, 0xFF, 0xEC, 0x00, 
0x00, 0x00, 0x9E, 0xFF, 0xB9, 0x00, 0x00, 0x00, 0xD1, 0xFF, 0x86, 0x00, 0x00, 0x09, 0xFB, 0xFF, 
0x53, 0x00, 0x00, 0x38, 0xFF, 0xFF, 0x1F, 0x00, 0x00, 0x6B, 0xFF, 0xEC, 0x00, 0x00, 0x00, 0x9E, 
0xFF, 0xB9, 0x00, 0x00, 0x00, 0xD1, 0xFF, 0x86, 0x00, 0x00, 0x08, 0xFB, 0xFF, 0x53, 0x00, 0x00, 
0x37, 0xFF, 0xFF, 0x20, 0x00, 0x00, 0x6A, 0xFF, 0xED, 0x00, 0x00, 0x00, 0x9D, 0xFF, 0xBA, 0x00, 
0x00, 0x00, 0xC8, 0xFF, 0x7E, 0x00, 0x00, 0x00, 0x06, 0x0E, 0x00, 0x00, 0x00, 0x00, 0x00, 0x00, 
0x00, 0x00, 0x00, 0x00, 0x00, 0x57, 0xC2, 0x8B, 0x00, 0x00, 0x00, 0x00, 0x00, 0x00, 0x00, 0xB7, 
0xFF, 0xA4, 0x00, 0x00, 0x00, 0x00, 0x00, 0x00, 0x00, 0xEA, 0xFF, 0x71, 0x00, 0x00, 0x00, 0x00, 
0x00, 0x00, 0x1D, 0xFF, 0xFF, 0x3E, 0x00, 0x00, 0x00, 0x00, 0x00, 0x00, 0x50, 0xFF, 0xFE, 0x0D, 
0x00, 0x00, 0x00, 0x00, 0x00, 0x00, 0x83, 0xFF, 0xD8, 0x00, 0x00, 0x00, 0x00, 0x00, 0x00, 0x00, 
0xB6, 0xFF, 0xA5, 0x00, 0x00, 0x00, 0x00, 0x00, 0x00, 0x00, 0xE9, 0xFF, 0x71, 0x00, 0x00, 0x00, 
0x00, 0x00, 0x00, 0x1C, 0xFF, 0xFF, 0x3E, 0x00, 0x00, 0x00, 0x00, 0x00, 0x00, 0x4F, 0xFF, 0xFE, 
0x0D, 0x00, 0x00, 0x00, 0x00, 0x00, 0x00, 0x82, 0xFF, 0xD8, 0x00, 0x00, 0x00, 0x00, 0x00, 0x00, 
0x00, 0xB5, 0xFF, 0xA5, 0x00, 0x00, 0x00, 0x00, 0x00, 0x00, 0x00, 0xE8, 0xFF, 0x72, 0x00, 0x00, 
0x00, 0x00, 0x00, 0x00, 0x1E, 0xFF, 0xFF, 0x3E, 0x00, 0x00, 0x00, 0x00, 0x00, 0x00, 0x65, 0xFF, 
0xF3, 0x06, 0x00, 0x00, 0x3E, 0x15, 0x00, 0x14, 0xD9, 0xFF, 0xA5, 0x00, 0x00, 0x00, 0xDD, 0xF8, 
0xD8, 0xF4, 0xFF, 0xF4, 0x1D, 0x00, 0x00, 0x00, 0xCA, 0xFF, 0xFF, 0xFF, 0xD4, 0x31, 0x00, 0x00, 
0x00, 0x00, 0x00, 0x23, 0x3A, 0x28, 0x00, 0x00, 0x00, 0x00, 0x00, 0x00, 0x00, 0x00, 0x00, 0x47, 
0xBF, 0x9C, 0x00, 0x00, 0x00, 0x00, 0x00, 0x07, 0x93, 0xC3, 0x76, 0x00, 0x00, 0x00, 0x9F, 0xFF, 
0xBC, 0x00, 0x00, 0x00, 0x00, 0x07, 0xB6, 0xFF, 0xF4, 0x3B, 0x00, 0x00, 0x00, 0xD2, 0xFF, 0x89, 
0x00, 0x00, 0x00, 0x06, 0xB3, 0xFF, 0xF2, 0x3C, 0x00, 0x00, 0x00, 0x09, 0xFC, 0xFF, 0x55, 0x00, 
0x00, 0x05, 0xB0, 0xFF, 0xF0, 0x38, 0x00, 0x00, 0x00, 0x00, 0x39, 0xFF, 0xFF, 0x22, 0x00, 0x04, 
0xAD, 0xFF, 0xEE, 0x33, 0x00, 0x00, 0x00, 0x00, 0x00, 0x6C, 0xFF, 0xEE, 0x00, 0x04, 0xAA, 0xFF, 
0xEB, 0x30, 0x00, 0x00, 0x00, 0x00, 0x00, 0x00, 0x9F, 0xFF, 0xBB, 0x03, 0xA8, 0xFF, 0xE9, 0x2C, 
0x00, 0x00, 0x00, 0x00, 0x00, 0x00, 0x00, 0xD2, 0xFF, 0x8B, 0xA4, 0xFF, 0xE6, 0x29, 0x00, 0x00, 
0x00, 0x00, 0x00, 0x00, 0x00, 0x09, 0xFB, 0xFF, 0xDF, 0xFF, 0xF3, 0x25, 0x00, 0x00, 0x00, 0x00, 
0x00, 0x00, 0x00, 0x00, 0x38, 0xFF, 0xFF, 0x7A, 0xFF, 0xFF, 0x40, 0x00, 0x00, 0x00, 0x00, 0x00, 
0x00, 0x00, 0x00, 0x6B, 0xFF, 0xE9, 0x02, 0xCF, 0xFF, 0xCD, 0x01, 0x00, 0x00, 0x00, 0x00, 0x00, 
0x00, 0x00, 0x9E, 0xFF, 0xB6, 0x00, 0x44, 0xFF, 0xFF, 0x5F, 0x00, 0x00, 0x00, 0x00, 0x00, 0x00, 
0x00, 0xD1, 0xFF, 0x84, 0x00, 0x00, 0xB8, 0xFF, 0xE4, 0x0A, 0x00, 0x00, 0x00, 0x00, 0x00, 0x08, 
0xFB, 0xFF, 0x51, 0x00, 0x00, 0x2E, 0xFD, 0xFF, 0x7F, 0x00, 0x00, 0x00, 0x00, 0x00, 0x38, 0xFF, 
0xFF, 0x1E, 0x00, 0x00, 0x00, 0x9F, 0xFF, 0xF4, 0x1A, 0x00, 0x00, 0x00, 0x00, 0x6B, 0xFF, 0xEC, 
0x00, 0x00, 0x00, 0x00, 0x1C, 0xF6, 0xFF, 0x9E, 0x00, 0x00, 0x00, 0x00, 0x9E, 0xFF, 0xB9, 0x00, 
0x00, 0x00, 0x00, 0x00, 0x86, 0xFF, 0xFD, 0x30, 0x00, 0x00, 0x00, 0xC9, 0xFF, 0x7E, 0x00, 0x00, 
0x00, 0x00, 0x00, 0x0E, 0xE7, 0xFF, 0x91, 0x00, 0x00, 0x00, 0x06, 0x0E, 0x00, 0x00, 0x00, 0x00, 
0x00, 0x00, 0x00, 0x05, 0x11, 0x01, 0x00, 0x00, 0x00, 0x00, 0x00, 0x00, 0x47, 0xBF, 0x9B, 0x00, 
0x00, 0x00, 0x00, 0x00, 0x00, 0x00, 0x9F, 0xFF, 0xB8, 0x00, 0x00, 0x00, 0x00, 0x00, 0x00, 0x00, 
0xD3, 0xFF, 0x85, 0x00, 0x00, 0x00, 0x00, 0x00, 0x00, 0x09, 0xFC, 0xFF, 0x52, 0x00, 0x00, 0x00, 
0x00, 0x00, 0x00, 0x39, 0xFF, 0xFF, 0x1F, 0x00, 0x00, 0x00, 0x00, 0x00, 0x00, 0x6C, 0xFF, 0xEC, 
0x00, 0x00, 0x00, 0x00, 0x00, 0x00, 0x00, 0xA0, 0xFF, 0xB9, 0x00, 0x00, 0x00, 0x00, 0x00, 0x00, 
0x00, 0xD3, 0xFF, 0x86, 0x00, 0x00, 0x00, 0x00, 0x00, 0x00, 0x09, 0xFC, 0xFF, 0x53, 0x00, 0x00, 
0x00, 0x00, 0x00, 0x00, 0x39, 0xFF, 0xFF, 0x21, 0x00, 0x00, 0x00, 0x00, 0x00, 0x00, 0x6D, 0xFF, 
0xED, 0x00, 0x00, 0x00, 0x00, 0x00, 0x00, 0x00, 0xA0, 0xFF, 0xBB, 0x00, 0x00, 0x00, 0x00, 0x00, 
0x00, 0x00, 0xD3, 0xFF, 0x88, 0x00, 0x00, 0x00, 0x00, 0x00, 0x00, 0x09, 0xFC, 0xFF, 0x55, 0x00, 
0x00, 0x00, 0x00, 0x00, 0x00, 0x3A, 0xFF, 0xFF, 0x22, 0x00, 0x00, 0x00, 0x00, 0x00, 0x00, 0x6D, 
0xFF, 0xF0, 0x08, 0x08, 0x08, 0x08, 0x08, 0x08, 0x01, 0xA0, 0xFF, 0xFF, 0xFF, 0xFF, 0xFF, 0xFF, 
0xFF, 0xFF, 0x76, 0xA9, 0xFF, 0xFF, 0xFF, 0xFF, 0xFF, 0xFF, 0xFF, 0xFD, 0x41, 0x00, 0x00, 0x00, 
0x27, 0xA6, 0xAF, 0x98, 0x19, 0x00, 0x00, 0x00, 0x00, 0x00, 0x00, 0x00, 0x00, 0x00, 0x00, 0x0A, 
0x84, 0xAE, 0xAF, 0x52, 0x00, 0x00, 0x00, 0x9F, 0xFF, 0xFF, 0xFF, 0x92, 0x00, 0x00, 0x00, 0x00, 
0x00, 0x00, 0x00, 0x00, 0x00, 0x00, 0xA6, 0xFF, 0xFF, 0xFF, 0x96, 0x00, 0x00, 0x00, 0xD5, 0xFF, 
0xDF, 0xFF, 0xC9, 0x00, 0x00, 0x00, 0x00, 0x00, 0x00, 0x00, 0x00, 0x00, 0x48, 0xFF, 0xED, 0xF2, 
0xFF, 0x66, 0x00, 0x00, 0x0B, 0xFD, 0xFF, 0x7D, 0xFF, 0xF7, 0x04, 0x00, 0x00, 0x00, 0x00, 0x00, 
0x00, 0x00, 0x09, 0xDD, 0xFF, 0x79, 0xFF, 0xFF, 0x33, 0x00, 0x00, 0x3B, 0xFF, 0xFE, 0x1C, 0xFE, 
0xFF, 0x2F, 0x00, 0x00, 0x00, 0x00, 0x00, 0x00, 0x00, 0x85, 0xFF, 0xC7, 0x48, 0xFF, 0xFA, 0x06, 
0x00, 0x00, 0x6E, 0xFF, 0xD8, 0x00, 0xDD, 0xFF, 0x63, 0x00, 0x00, 0x00, 0x00, 0x00, 0x00, 0x29, 
0xFA, 0xFC, 0x30, 0x79, 0xFF, 0xCD, 0x00, 0x00, 0x00, 0xA1, 0xFF, 0xA5, 0x00, 0xAC, 0xFF, 0x96, 
0x00, 0x00, 0x00, 0x00, 0x00, 0x00, 0xC0, 0xFF, 0x91, 0x00, 0xAC, 0xFF, 0x9A, 0x00, 0x00, 0x00, 
0xD4, 0xFF, 0x72, 0x00, 0x7B, 0xFF, 0xC9, 0x00, 0x00, 0x00, 0x00, 0x00, 0x60, 0xFF, 0xE6, 0x0E, 
0x00, 0xDF, 0xFF, 0x68, 0x00, 0x00, 0x09, 0xFC, 0xFF, 0x3F, 0x00, 0x4A, 0xFF, 0xF8, 0x05, 0x00, 
0x00, 0x00, 0x13, 0xEB, 0xFF, 0x59, 0x00, 0x12, 0xFF, 0xFF, 0x35, 0x00, 0x00, 0x39, 0xFF, 0xFE, 
0x0E, 0x00, 0x19, 0xFF, 0xFF, 0x30, 0x00, 0x00, 0x00, 0x9D, 0xFF, 0xBC, 0x00, 0x00, 0x45, 0xFF, 
0xFA, 0x07, 0x00, 0x00, 0x6C, 0xFF, 0xD9, 0x00, 0x00, 0x00, 0xE8, 0xFF, 0x63, 0x00, 0x00, 0x3C, 
0xFE, 0xF9, 0x27, 0x00, 0x00, 0x78, 0xFF, 0xCF, 0x00, 0x00, 0x00, 0x9F, 0xFF, 0xA6, 0x00, 0x00, 
0x00, 0xB8, 0xFF, 0x97, 0x00, 0x05, 0xD4, 0xFF, 0x85, 0x00, 0x00, 0x00, 0xAB, 0xFF, 0x9C, 0x00, 
0x00, 0x00, 0xD2, 0xFF, 0x72, 0x00, 0x00, 0x00, 0x87, 0xFF, 0xCA, 0x00, 0x78, 0xFF, 0xDF, 0x09, 
0x00, 0x00, 0x00, 0xDE, 0xFF, 0x69, 0x00, 0x00, 0x09, 0xFB, 0xFF, 0x3F, 0x00, 0x00, 0x00, 0x56, 
0xFF, 0xF8, 0x25, 0xF5, 0xFF, 0x4D, 0x00, 0x00, 0x00, 0x11, 0xFF, 0xFF, 0x36, 0x00, 0x00, 0x38, 
0xFF, 0xFE, 0x0E, 0x00, 0x00, 0x00, 0x25, 0xFF, 0xFF, 0xD7, 0xFF, 0xB1, 0x00, 0x00, 0x00, 0x00, 
0x43, 0xFF, 0xFB, 0x08, 0x00, 0x00, 0x6A, 0xFF, 0xD9, 0x00, 0x00, 0x00, 0x00, 0x01, 0xF2, 0xFF, 
0xFF, 0xF5, 0x1F, 0x00, 0x00, 0x00, 0x00, 0x76, 0xFF, 0xD1, 0x00, 0x00, 0x00, 0x9D, 0xFF, 0xA6, 
0x00, 0x00, 0x00, 0x00, 0x00, 0xC4, 0xFF, 0xFF, 0x79, 0x00, 0x00, 0x00, 0x00, 0x00, 0xA9, 0xFF, 
0x9E, 0x00, 0x00, 0x00, 0xC9, 0xFF, 0x6A, 0x00, 0x00, 0x00, 0x00, 0x00, 0x8B, 0xFF, 0xCF, 0x06, 
0x00, 0x00, 0x00, 0x00, 0x00, 0xD4, 0xFF, 0x62, 0x00, 0x00, 0x00, 0x06, 0x0D, 0x00, 0x00, 0x00, 
0x00, 0x00, 0x00, 0x01, 0x11, 0x02, 0x00, 0x00, 0x00, 0x00, 0x00, 0x00, 0x07, 0x0D, 0x00, 0x00, 
0x00, 0x00, 0x00, 0x00, 0x00, 0x28, 0xA2, 0xAE, 0x66, 0x00, 0x00, 0x00, 0x00, 0x00, 0x00, 0x00, 
0x30, 0xB4, 0x90, 0x00, 0x00, 0x00, 0xA0, 0xFF, 0xFF, 0xFD, 0x24, 0x00, 0x00, 0x00, 0x00, 0x00, 
0x00, 0x82, 0xFF, 0xB9, 0x00, 0x00, 0x00, 0xD5, 0xFF, 0xFE, 0xFF, 0x82, 0x00, 0x00, 0x00, 0x00, 
0x00, 0x00, 0xB5, 0xFF, 0x86, 0x00, 0x00, 0x0A, 0xFC, 0xFF, 0xAB, 0xFF, 0xDB, 0x00, 0x00, 0x00, 
0x00, 0x00, 0x00, 0xE8, 0xFF, 0x53, 0x00, 0x00, 0x3A, 0xFF, 0xF2, 0x3A, 0xFF, 0xFF, 0x35, 0x00, 
0x00, 0x00, 0x00, 0x1C, 0xFF, 0xFF, 0x1F, 0x00, 0x00, 0x6D, 0xFF, 0xC5, 0x01, 0xE3, 0xFF, 0x8F, 
0x00, 0x00, 0x00, 0x00, 0x4F, 0xFF, 0xEB, 0x00, 0x00, 0x00, 0xA0, 0xFF, 0x94, 0x00, 0x8D, 0xFF, 
0xE6, 0x02, 0x00, 0x00, 0x00, 0x82, 0xFF, 0xB8, 0x00, 0x00, 0x00, 0xD3, 0xFF, 0x62, 0x00, 0x34, 
0xFF, 0xFF, 0x42, 0x00, 0x00, 0x00, 0xB6, 0xFF, 0x85, 0x00, 0x00, 0x09, 0xFC, 0xFF, 0x30, 0x00, 
0x00, 0xDA, 0xFF, 0x9B, 0x00, 0x00, 0x00, 0xE9, 0xFF, 0x52, 0x00, 0x00, 0x39, 0xFF, 0xF8, 0x05, 
0x00, 0x00, 0x81, 0xFF, 0xEE, 0x06, 0x00, 0x1C, 0xFF, 0xFF, 0x1E, 0x00, 0x00, 0x6C, 0xFF, 0xCA, 
0x00, 0x00, 0x00, 0x27, 0xFF, 0xFF, 0x4E, 0x00, 0x4F, 0xFF, 0xEA, 0x00, 0x00, 0x00, 0x9F, 0xFF, 
0x97, 0x00, 0x00, 0x00, 0x00, 0xCD, 0xFF, 0xA8, 0x00, 0x82, 0xFF, 0xB7, 0x00, 0x00, 0x00, 0xD2, 
0xFF, 0x64, 0x00, 0x00, 0x00, 0x00, 0x73, 0xFF, 0xF4, 0x0A, 0xB3, 0xFF, 0x84, 0x00, 0x00, 0x09, 
0xFB, 0xFF, 0x31, 0x00, 0x00, 0x00, 0x00, 0x1B, 0xFD, 0xFF, 0x58, 0xE2, 0xFF, 0x51, 0x00, 0x00, 
0x38, 0xFF, 0xF9, 0x05, 0x00, 0x00, 0x00, 0x00, 0x00, 0xC0, 0xFF, 0xC2, 0xFF, 0xFF, 0x1D, 0x00, 
0x00, 0x6B, 0xFF, 0xCC, 0x00, 0x00, 0x00, 0x00, 0x00, 0x00, 0x66, 0xFF, 0xFF, 0xFF, 0xEA, 0x00, 
0x00, 0x00, 0x9E, 0xFF, 0x99, 0x00, 0x00, 0x00, 0x00, 0x00, 0x00, 0x11, 0xF8, 0xFF, 0xFF, 0xB6, 
0x00, 0x00, 0x00, 0xC9, 0xFF, 0x5D, 0x00, 0x00, 0x00, 0x00, 0x00, 0x00, 0x00, 0x86, 0xFF, 0xFD, 
0x5D, 0x00, 0x00, 0x00, 0x07, 0x0C, 0x00, 0x00, 0x00, 0x00, 0x00, 0x00, 0x00, 0x00, 0x00, 0x07, 
0x07, 0x00, 0x00, 0x00, 0x00, 0x00, 0x00, 0x00, 0x00, 0x00, 0x00, 0x1C, 0x7B, 0xBF, 0xDF, 0xEF, 
0xE1, 0xB7, 0x67, 0x08, 0x00, 0x00, 0x00, 0x00, 0x00, 0x00, 0x06, 0x8A, 0xF9, 0xFF, 0xFF, 0xFF, 
0xFF, 0xFF, 0xFF, 0xFF, 0xD3, 0x1D, 0x00, 0x00, 0x00, 0x00, 0x0B, 0xC1, 0xFF, 0xFF, 0xB0, 0x4D, 
0x20, 0x18, 0x3D, 0xA4, 0xFF, 0xFF, 0xCB, 0x01, 0x00, 0x00, 0x00, 0xB3, 0xFF, 0xF7, 0x55, 0x00, 
0x00, 0x00, 0x00, 0x00, 0x00, 0x8F, 0xFF, 0xFF, 0x49, 0x00, 0x00, 0x64, 0xFF, 0xFF, 0x58, 0x00, 
0x00, 0x00, 0x00, 0x00, 0x00, 0x00, 0x12, 0xFC, 0xFF, 0x90, 0x00, 0x09, 0xE7, 0xFF, 0xB1, 0x00, 
0x00, 0x00, 0x00, 0x00, 0x00, 0x00, 0x00, 0x00, 0xE2, 0xFF, 0xB2, 0x00, 0x60, 0xFF, 0xFF, 0x3C, 
0x00, 0x00, 0x00, 0x00, 0x00, 0x00, 0x00, 0x00, 0x00, 0xCA, 0xFF, 0xB8, 0x00, 0xBA, 0xFF, 0xDB, 
0x00, 0x00, 0x00, 0x00, 0x00, 0x00, 0x00, 0x00, 0x00, 0x00, 0xDA, 0xFF, 0xA4, 0x07, 0xF9, 0xFF, 
0x8F, 0x00, 0x00, 0x00, 0x00, 0x00, 0x00, 0x00, 0x00, 0x00, 0x02, 0xF4, 0xFF, 0x8B, 0x32, 0xFF, 
0xFF, 0x5B, 0x00, 0x00, 0x00, 0x00, 0x00, 0x00, 0x00, 0x00, 0x00, 0x2C, 0xFF, 0xFF, 0x5E, 0x4E, 
0xFF, 0xFF, 0x30, 0x00, 0x00, 0x00, 0x00, 0x00, 0x00, 0x00, 0x00, 0x00, 0x6C, 0xFF, 0xFF, 0x1E, 
0x62, 0xFF, 0xFF, 0x1C, 0x00, 0x00, 0x00, 0x00, 0x00, 0x00, 0x00, 0x00, 0x00, 0xCE, 0xFF, 0xCC, 
0x00, 0x69, 0xFF, 0xFF, 0x28, 0x00, 0x00, 0x00, 0x00, 0x00, 0x00, 0x00, 0x00, 0x39, 0xFF, 0xFF, 
0x66, 0x00, 0x54, 0xFF, 0xFF, 0x48, 0x00, 0x00, 0x00, 0x00, 0x00, 0x00, 0x00, 0x05, 0xCA, 0xFF, 
0xDF, 0x06, 0x00, 0x1E, 0xFF, 0xFF, 0xA7, 0x00, 0x00, 0x00, 0x00, 0x00, 0x00, 0x04, 0xA1, 0xFF, 
0xFE, 0x42, 0x00, 0x00, 0x00, 0xB6, 0xFF, 0xFF, 0x8B, 0x0D, 0x00, 0x00, 0x01, 0x3C, 0xC5, 0xFF, 
0xFF, 0x6E, 0x00, 0x00, 0x00, 0x00, 0x1D, 0xE5, 0xFF, 0xFF, 0xFA, 0xD4, 0xCF, 0xEC, 0xFF, 0xFF, 
0xF3, 0x5B, 0x00, 0x00, 0x00, 0x00, 0x00, 0x00, 0x17, 0x9B, 0xF3, 0xFF, 0xFF, 0xFF, 0xFF, 0xE2, 
0x8D, 0x18, 0x00, 0x00, 0x00, 0x00, 0x00, 0x00, 0x00, 0x00, 0x00, 0x03, 0x2A, 0x3D, 0x36, 0x1E, 
0x00, 0x00, 0x00, 0x00, 0x00, 0x00, 0x00, 0x00, 0x00, 0x00, 0x00, 0x28, 0x9F, 0xB0, 0xB0, 0xB0, 
0xAC, 0x9B, 0x6A, 0x13, 0x00, 0x00, 0x00, 0x00, 0x00, 0xA0, 0xFF, 0xFF, 0xFF, 0xFF, 0xFF, 0xFF, 
0xFF, 0xF4, 0x4F, 0x00, 0x00, 0x00, 0x00, 0xD5, 0xFF, 0x9D, 0x40, 0x40, 0x49, 0x7D, 0xEE, 0xFF, 
0xF4, 0x17, 0x00, 0x00, 0x0A, 0xFC, 0xFF, 0x51, 0x00, 0x00, 0x00, 0x00, 0x42, 0xFF, 0xFF, 0x66, 
0x00, 0x00, 0x3A, 0xFF, 0xFF, 0x1E, 0x00, 0x00, 0x00, 0x00, 0x01, 0xF8, 0xFF, 0x83, 0x00, 0x00, 
0x6D, 0xFF, 0xEC, 0x00, 0x00, 0x00, 0x00, 0x00, 0x0A, 0xFF, 0xFF, 0x6D, 0x00, 0x00, 0xA0, 0xFF, 
0xBA, 0x00, 0x00, 0x00, 0x00, 0x00, 0x4C, 0xFF, 0xFF, 0x31, 0x00, 0x00, 0xD3, 0xFF, 0x88, 0x00, 
0x00, 0x00, 0x00, 0x06, 0xCD, 0xFF, 0xCF, 0x00, 0x00, 0x09, 0xFC, 0xFF, 0x56, 0x00, 0x00, 0x00, 
0x1E, 0xB7, 0xFF, 0xFC, 0x36, 0x00, 0x00, 0x39, 0xFF, 0xFF, 0xBA, 0xA8, 0xAA, 0xC3, 0xFA, 0xFF, 
0xF6, 0x51, 0x00, 0x00, 0x00, 0x6C, 0xFF, 0xFF, 0xFF, 0xFF, 0xFF, 0xFF, 0xF8, 0x9F, 0x2A, 0x00, 
0x00, 0x00, 0x00, 0x9F, 0xFF, 0xC5, 0x44, 0x44, 0x40, 0x2E, 0x08, 0x00, 0x00, 0x00, 0x00, 0x00, 
0x00, 0xD2, 0xFF, 0x85, 0x00, 0x00, 0x00, 0x00, 0x00, 0x00, 0x00, 0x00, 0x00, 0x00, 0x08, 0xFB, 
0xFF, 0x52, 0x00, 0x00, 0x00, 0x00, 0x00, 0x00, 0x00, 0x00, 0x00, 0x00, 0x37, 0xFF, 0xFF, 0x1F, 
0x00, 0x00, 0x00, 0x00, 0x00, 0x00, 0x00, 0x00, 0x00, 0x00, 0x6A, 0xFF, 0xEC, 0x00, 0x00, 0x00, 
0x00, 0x00, 0x00, 0x00, 0x00, 0x00, 0x00, 0x00, 0x9D, 0xFF, 0xBA, 0x00, 0x00, 0x00, 0x00, 0x00, 
0x00, 0x00, 0x00, 0x00, 0x00, 0x00, 0xC8, 0xFF, 0x7E, 0x00, 0x00, 0x00, 0x00, 0x00, 0x00, 0x00, 
0x00, 0x00, 0x00, 0x00, 0x07, 0x0E, 0x00, 0x00, 0x00, 0x00, 0x00, 0x00, 0x00, 0x00, 0x00, 0x00, 
0x00, 0x00, 0x00, 0x00, 0x00, 0x00, 0x00, 0x00, 0x1C, 0x7B, 0xBF, 0xDF, 0xEF, 0xE1, 0xB7, 0x67, 
0x08, 0x00, 0x00, 0x00, 0x00, 0x00, 0x00, 0x06, 0x8B, 0xF9, 0xFF, 0xFF, 0xFF, 0xFF, 0xFF, 0xFF, 
0xFF, 0xD3, 0x1D, 0x00, 0x00, 0x00, 0x00, 0x0C, 0xC4, 0xFF, 0xFF, 0xAE, 0x4B, 0x20, 0x18, 0x3E, 
0xA6, 0xFF, 0xFF, 0xC8, 0x00, 0x00, 0x00, 0x01, 0xB6, 0xFF, 0xF7, 0x53, 0x00, 0x00, 0x00, 0x00, 
0x00, 0x00, 0x93, 0xFF, 0xFF, 0x45, 0x00, 0x00, 0x68, 0xFF, 0xFF, 0x58, 0x00, 0x00, 0x00, 0x00, 
0x00, 0x00, 0x00, 0x15, 0xFE, 0xFF, 0x8C, 0x00, 0x0A, 0xE9, 0xFF, 0xB1, 0x00, 0x00, 0x00, 0x00, 
0x00, 0x00, 0x00, 0x00, 0x00, 0xE6, 0xFF, 0xAE, 0x00, 0x63, 0xFF, 0xFF, 0x3B, 0x00, 0x00, 0x00, 
0x00, 0x00, 0x00, 0x00, 0x00, 0x00, 0xCE, 0xFF, 0xB7, 0x00, 0xBE, 0xFF, 0xD8, 0x00, 0x00, 0x00, 
0x00, 0x00, 0x00, 0x00, 0x00, 0x00, 0x00, 0xDE, 0xFF, 0xAA, 0x09, 0xFA, 0xFF, 0x8B, 0x00, 0x00, 
0x00, 0x00, 0x00, 0x00, 0x00, 0x00, 0x00, 0x04, 0xF7, 0xFF, 0x89, 0x36, 0xFF, 0xFF, 0x57, 0x00, 
0x00, 0x00, 0x00, 0x00, 0x00, 0x00, 0x00, 0x00, 0x30, 0xFF, 0xFF, 0x5C, 0x50, 0xFF, 0xFF, 0x2C, 
0x00, 0x00, 0x00, 0x00, 0x00, 0x00, 0x00, 0x00, 0x00, 0x6F, 0xFF, 0xFF, 0x19, 0x63, 0xFF, 0xFF, 
0x18, 0x00, 0x00, 0x00, 0x00, 0x00, 0x00, 0x00, 0x00, 0x00, 0xD0, 0xFF, 0xC8, 0x00, 0x69, 0xFF, 
0xFF, 0x24, 0x00, 0x00, 0x00, 0x00, 0x00, 0x00, 0x00, 0x00, 0x3A, 0xFF, 0xFF, 0x61, 0x00, 0x54, 
0xFF, 0xFF, 0x44, 0x00, 0x00, 0x00, 0x00, 0x00, 0x00, 0x00, 0x05, 0xCA, 0xFF, 0xD9, 0x06, 0x00, 
0x1E, 0xFF, 0xFF, 0xA3, 0x00, 0x00, 0x00, 0x00, 0x00, 0x00, 0x04, 0xA2, 0xFF, 0xFD, 0x43, 0x00, 
0x00, 0x00, 0xB6, 0xFF, 0xFF, 0x88, 0x0D, 0x00, 0x00, 0x01, 0x3E, 0xC7, 0xFF, 0xFF, 0x68, 0x00, 
0x00, 0x00, 0x00, 0x1D, 0xE5, 0xFF, 0xFF, 0xFA, 0xD4, 0xCF, 0xEC, 0xFF, 0xFF, 0xFF, 0xF9, 0x4C, 
0x00, 0x00, 0x00, 0x00, 0x00, 0x17, 0x9B, 0xF3, 0xFF, 0xFF, 0xFF, 0xFF, 0xDF, 0x7F, 0xC8, 0xFF, 
0xFD, 0x87, 0x09, 0x00, 0x00, 0x00, 0x00, 0x00, 0x04, 0x2A, 0x3D, 0x33, 0x18, 0x01, 0x00, 0x10, 
0xBF, 0xFF, 0xFF, 0xE4, 0x4F, 0x00, 0x00, 0x00, 0x00, 0x00, 0x00, 0x00, 0x00, 0x00, 0x00, 0x00, 
0x00, 0x05, 0x80, 0xF8, 0xFF, 0x8C, 0x00, 0x00, 0x00, 0x00, 0x00, 0x00, 0x00, 0x00, 0x00, 0x00, 
0x00, 0x00, 0x00, 0x00, 0x1C, 0x79, 0x26, 0x00, 0x00, 0x00, 0x28, 0xA2, 0xB0, 0xB0, 0xB0, 0xAD, 
0x9E, 0x73, 0x22, 0x00, 0x00, 0x00, 0x00, 0x00, 0x9A, 0xFF, 0xFF, 0xFF, 0xFF, 0xFF, 0xFF, 0xFF, 
0xFB, 0x73, 0x00, 0x00, 0x00, 0x00, 0xCF, 0xFF, 0xA3, 0x40, 0x40, 0x4E, 0x7D, 0xEC, 0xFF, 0xFE, 
0x2F, 0x00, 0x00, 0x07, 0xFA, 0xFF, 0x57, 0x00, 0x00, 0x00, 0x00, 0x45, 0xFF, 0xFF, 0x75, 0x00, 
0x00, 0x36, 0xFF, 0xFF, 0x23, 0x00, 0x00, 0x00, 0x00, 0x0C, 0xFF, 0xFF, 0x7A, 0x00, 0x00, 0x69, 
0xFF, 0xEE, 0x00, 0x00, 0x00, 0x00, 0x00, 0x33, 0xFF, 0xFF, 0x51, 0x00, 0x00, 0x9C, 0xFF, 0xBB, 
0x00, 0x00, 0x00, 0x00, 0x00, 0xAF, 0xFF, 0xE9, 0x09, 0x00, 0x00, 0xD0, 0xFF, 0x88, 0x00, 0x00, 
0x00, 0x24, 0xAA, 0xFF, 0xFD, 0x50, 0x00, 0x00, 0x07, 0xFB, 0xFF, 0xE1, 0xCC, 0xCE, 0xE2, 0xFF, 
0xFF, 0xEA, 0x51, 0x00, 0x00, 0x00, 0x36, 0xFF, 0xFF, 0xFF, 0xFF, 0xFF, 0xFF, 0xFF, 0xAD, 0x0D, 
0x00, 0x00, 0x00, 0x00, 0x69, 0xFF, 0xEE, 0x1C, 0x20, 0x47, 0xC3, 0xFF, 0xFE, 0x43, 0x00, 0x00, 
0x00, 0x00, 0x9D, 0xFF, 0xBC, 0x00, 0x00, 0x00, 0x07, 0xE0, 0xFF, 0xB9, 0x00, 0x00, 0x00, 0x00, 
0xD0, 0xFF, 0x88, 0x00, 0x00, 0x00, 0x00, 0x80, 0xFF, 0xF8, 0x07, 0x00, 0x00, 0x08, 0xFB, 0xFF, 
0x55, 0x00, 0x00, 0x00, 0x00, 0x46, 0xFF, 0xFF, 0x33, 0x00, 0x00, 0x36, 0xFF, 0xFF, 0x21, 0x00, 
0x00, 0x00, 0x00, 0x1A, 0xFF, 0xFF, 0x62, 0x00, 0x00, 0x6A, 0xFF, 0xEE, 0x00, 0x00, 0x00, 0x00, 
0x00, 0x00, 0xEE, 0xFF, 0x91, 0x00, 0x00, 0x9D, 0xFF, 0xBB, 0x00, 0x00, 0x00, 0x00, 0x00, 0x00, 
0xC3, 0xFF, 0xC0, 0x00, 0x00, 0xC8, 0xFF, 0x7E, 0x00, 0x00, 0x00, 0x00, 0x00, 0x00, 0x91, 0xFF, 
0xD8, 0x00, 0x00, 0x07, 0x0E, 0x00, 0x00, 0x00, 0x00, 0x00, 0x00, 0x00, 0x02, 0x12, 0x06, 0x00, 
0x00, 0x00, 0x00, 0x00, 0x00, 0x00, 0x2A, 0x94, 0xD4, 0xED, 0xE2, 0xB7, 0x64, 0x04, 0x00, 0x00, 
0x00, 0x00, 0x75, 0xFC, 0xFF, 0xFF, 0xFF, 0xFF, 0xFF, 0xFF, 0x85, 0x00, 0x00, 0x00, 0x5D, 0xFF, 
0xFF, 0xA8, 0x33, 0x0E, 0x27, 0x70, 0xE2, 0x6F, 0x00, 0x00, 0x01, 0xE2, 0xFF, 0xB1, 0x00, 0x00, 
0x00, 0x00, 0x00, 0x05, 0x03, 0x00, 0x00, 0x27, 0xFF, 0xFF, 0x4D, 0x00, 0x00, 0x00, 0x00, 0x00, 
0x00, 0x00, 0x00, 0x00, 0x35, 0xFF, 0xFF, 0x46, 0x00, 0x00, 0x00, 0x00, 0x00, 0x00, 0x00, 0x00, 
0x00, 0x10, 0xFB, 0xFF, 0xC3, 0x06, 0x00, 0x00, 0x00, 0x00, 0x00, 0x00, 0x00, 0x00, 0x00, 0x90, 
0xFF, 0xFF, 0xCB, 0x2A, 0x00, 0x00, 0x00, 0x00, 0x00, 0x00, 0x00, 0x00, 0x08, 0xB2, 0xFF, 0xFF, 
0xFA, 0x89, 0x0A, 0x00, 0x00, 0x00, 0x00, 0x00, 0x00, 0x00, 0x01, 0x6D, 0xF1, 0xFF, 0xFF, 0xD1, 
0x18, 0x00, 0x00, 0x00, 0x00, 0x00, 0x00, 0x00, 0x00, 0x17, 0xAF, 0xFF, 0xFF, 0xB8, 0x00, 0x00, 
0x00, 0x00, 0x00, 0x00, 0x00, 0x00, 0x00, 0x00, 0xAB, 0xFF, 0xFF, 0x31, 0x00, 0x00, 0x00, 0x00, 
0x00, 0x00, 0x00, 0x00, 0x00, 0x36, 0xFF, 0xFF, 0x55, 0x00, 0x00, 0x00, 0x00, 0x00, 0x00, 0x00, 
0x00, 0x00, 0x3F, 0xFF, 0xFF, 0x43, 0x00, 0x0B, 0x00, 0x00, 0x00, 0x00, 0x00, 0x00, 0x00, 0xAE, 
0xFF, 0xF3, 0x09, 0x00, 0xC3, 0xC7, 0x48, 0x01, 0x00, 0x00, 0x11, 0x91, 0xFF, 0xFF, 0x78, 0x00, 
0x00, 0xDE, 0xFF, 0xFF, 0xF2, 0xCF, 0xD2, 0xFB, 0xFF, 0xFF, 0x98, 0x01, 0x00, 0x00, 0x26, 0xA3, 
0xF2, 0xFF, 0xFF, 0xFF, 0xFD, 0xC3, 0x4C, 0x00, 0x00, 0x00, 0x00, 0x00, 0x00, 0x05, 0x2A, 0x3E, 
0x33, 0x0F, 0x00, 0x00, 0x00, 0x00, 0x00, 0x00, 0x4E, 0xB0, 0xB0, 0xB0, 0xB0, 0xB0, 0xB0, 0xB0, 
0xB0, 0xB0, 0xB0, 0xB0, 0xB0, 0x5B, 0xB8, 0xFF, 0xFF, 0xFF, 0xFF, 0xFF, 0xFF, 0xFF, 0xFF, 0xFF, 
0xFF, 0xFF, 0xFF, 0x74, 0x32, 0x4C, 0x4C, 0x4C, 0x4C, 0xB2, 0xFF, 0xDC, 0x4C, 0x4C, 0x4C, 0x4C, 
0x4B, 0x0B, 0x00, 0x00, 0x00, 0x00, 0x00, 0xBE, 0xFF, 0xA1, 0x00, 0x00, 0x00, 0x00, 0x00, 0x00, 
0x00, 0x00, 0x00, 0x00, 0x01, 0xEF, 0xFF, 0x6E, 0x00, 0x00, 0x00, 0x00, 0x00, 0x00, 0x00, 0x00, 
0x00, 0x00, 0x24, 0xFF, 0xFF, 0x3B, 0x00, 0x00, 0x00, 0x00, 0x00, 0x00, 0x00, 0x00, 0x00, 0x00, 
0x57, 0xFF, 0xFC, 0x0A, 0x00, 0x00, 0x00, 0x00, 0x00, 0x00, 0x00, 0x00, 0x00, 0x00, 0x8A, 0xFF, 
0xD4, 0x00, 0x00, 0x00, 0x00, 0x00, 0x00, 0x00, 0x00, 0x00, 0x00, 0x00, 0xBD, 0xFF, 0xA1, 0x00, 
0x00, 0x00, 0x00, 0x00, 0x00, 0x00, 0x00, 0x00, 0x00, 0x00, 0xEF, 0xFF, 0x6D, 0x00, 0x00, 0x00, 
0x00, 0x00, 0x00, 0x00, 0x00, 0x00, 0x00, 0x23, 0xFF, 0xFF, 0x3A, 0x00, 0x00, 0x00, 0x00, 0x00, 
0x00, 0x00, 0x00, 0x00, 0x00, 0x56, 0xFF, 0xFC, 0x0A, 0x00, 0x00, 0x00, 0x00, 0x00, 0x00, 0x00, 
0x00, 0x00, 0x00, 0x89, 0xFF, 0xD3, 0x00, 0x00, 0x00, 0x00, 0x00, 0x00, 0x00, 0x00, 0x00, 0x00, 
0x00, 0xBC, 0xFF, 0xA0, 0x00, 0x00, 0x00, 0x00, 0x00, 0x00, 0x00, 0x00, 0x00, 0x00, 0x00, 0xEE, 
0xFF, 0x6C, 0x00, 0x00, 0x00, 0x00, 0x00, 0x00, 0x00, 0x00, 0x00, 0x00, 0x23, 0xFF, 0xFF, 0x39, 
0x00, 0x00, 0x00, 0x00, 0x00, 0x00, 0x00, 0x00, 0x00, 0x00, 0x56, 0xFF, 0xFC, 0x0A, 0x00, 0x00, 
0x00, 0x00, 0x00, 0x00, 0x00, 0x00, 0x00, 0x00, 0x80, 0xFF, 0xC9, 0x00, 0x00, 0x00, 0x00, 0x00, 
0x00, 0x00, 0x00, 0x00, 0x00, 0x00, 0x01, 0x10, 0x02, 0x00, 0x00, 0x00, 0x00, 0x00, 0x00, 0x00, 
0x00, 0x00, 0x00, 0x00, 0x4D, 0xC0, 0x92, 0x00, 0x00, 0x00, 0x00, 0x00, 0x00, 0x00, 0x00, 0x4F, 
0xC0, 0x90, 0x00, 0x00, 0xA7, 0xFF, 0xAC, 0x00, 0x00, 0x00, 0x00, 0x00, 0x00, 0x00, 0x00, 0xAB, 
0xFF, 0xAC, 0x00, 0x00, 0xDA, 0xFF, 0x79, 0x00, 0x00, 0x00, 0x00, 0x00, 0x00, 0x00, 0x00, 0xDE, 
0xFF, 0x79, 0x00, 0x0E, 0xFE, 0xFF, 0x47, 0x00, 0x00, 0x00, 0x00, 0x00, 0x00, 0x00, 0x11, 0xFF, 
0xFF, 0x45, 0x00, 0x40, 0xFF, 0xFF, 0x14, 0x00, 0x00, 0x00, 0x00, 0x00, 0x00, 0x00, 0x44, 0xFF, 
0xFF, 0x12, 0x00, 0x73, 0xFF, 0xE1, 0x00, 0x00, 0x00, 0x00, 0x00, 0x00, 0x00, 0x00, 0x77, 0xFF, 
0xDE, 0x00, 0x00, 0xA6, 0xFF, 0xAE, 0x00, 0x00, 0x00, 0x00, 0x00, 0x00, 0x00, 0x00, 0xAA, 0xFF, 
0xAB, 0x00, 0x00, 0xD9, 0xFF, 0x7B, 0x00, 0x00, 0x00, 0x00, 0x00, 0x00, 0x00, 0x00, 0xDD, 0xFF, 
0x78, 0x00, 0x0E, 0xFE, 0xFF, 0x48, 0x00, 0x00, 0x00, 0x00, 0x00, 0x00, 0x00, 0x11, 0xFF, 0xFF, 
0x44, 0x00, 0x40, 0xFF, 0xFF, 0x16, 0x00, 0x00, 0x00, 0x00, 0x00, 0x00, 0x00, 0x44, 0xFF, 0xFF, 
0x12, 0x00, 0x73, 0xFF, 0xE3, 0x00, 0x00, 0x00, 0x00, 0x00, 0x00, 0x00, 0x00, 0x77, 0xFF, 0xDE, 
0x00, 0x00, 0xA3, 0xFF, 0xB3, 0x00, 0x00, 0x00, 0x00, 0x00, 0x00, 0x00, 0x00, 0xAF, 0xFF, 0xA9, 
0x00, 0x00, 0xC6, 0xFF, 0x92, 0x00, 0x00, 0x00, 0x00, 0x00, 0x00, 0x00, 0x0C, 0xF6, 0xFF, 0x66, 
0x00, 0x00, 0xD1, 0xFF, 0x95, 0x00, 0x00, 0x00, 0x00, 0x00, 0x00, 0x00, 0x63, 0xFF, 0xF8, 0x17, 
0x00, 0x00, 0xB9, 0xFF, 0xD4, 0x01, 0x00, 0x00, 0x00, 0x00, 0x00, 0x22, 0xEA, 0xFF, 0x94, 0x00, 
0x00, 0x00, 0x6C, 0xFF, 0xFF, 0x92, 0x09, 0x00, 0x00, 0x03, 0x55, 0xE7, 0xFF, 0xD9, 0x0D, 0x00, 
0x00, 0x00, 0x06, 0xCB, 0xFF, 0xFF, 0xF4, 0xCA, 0xC9, 0xEF, 0xFF, 0xFF, 0xCE, 0x1A, 0x00, 0x00, 
0x00, 0x00, 0x00, 0x0D, 0x90, 0xF0, 0xFF, 0xFF, 0xFF, 0xFF, 0xD7, 0x6E, 0x05, 0x00, 0x00, 0x00, 
0x00, 0x00, 0x00, 0x00, 0x00, 0x03, 0x2A, 0x3E, 0x37, 0x17, 0x00, 0x00, 0x00, 0x00, 0x00, 0x00, 
0x00, 0x00, 0x36, 0xC3, 0xB6, 0x09, 0x00, 0x00, 0x00, 0x00, 0x00, 0x00, 0x00, 0x00, 0x03, 0xA0, 
0xC4, 0x5B, 0x3E, 0xFF, 0xFF, 0x30, 0x00, 0x00, 0x00, 0x00, 0x00, 0x00, 0x00, 0x00, 0x63, 0xFF, 
0xFD, 0x2D, 0x17, 0xFF, 0xFF, 0x53, 0x00, 0x00, 0x00, 0x00, 0x00, 0x00, 0x00, 0x07, 0xE2, 0xFF, 
0x9E, 0x00, 0x00, 0xF0, 0xFF, 0x77, 0x00, 0x00, 0x00, 0x00, 0x00, 0x00, 0x00, 0x72, 0xFF, 0xF6, 
0x1B, 0x00, 0x00, 0xCA, 0xFF, 0x9A, 0x00, 0x00, 0x00, 0x00, 0x00, 0x00, 0x0D, 0xEB, 0xFF, 0x84, 
0x00, 0x00, 0x00, 0xA3, 0xFF, 0xBD, 0x00, 0x00, 0x00, 0x00, 0x00, 0x00, 0x81, 0xFF, 0xEA, 0x0D, 
0x00, 0x00, 0x00, 0x7D, 0xFF, 0xE1, 0x00, 0x00, 0x00, 0x00, 0x00, 0x15, 0xF3, 0xFF, 0x6A, 0x00, 
0x00, 0x00, 0x00, 0x56, 0xFF, 0xFD, 0x07, 0x00, 0x00, 0x00, 0x00, 0x90, 0xFF, 0xD9, 0x04, 0x00, 
0x00, 0x00, 0x00, 0x2F, 0xFF, 0xFF, 0x28, 0x00, 0x00, 0x00, 0x1E, 0xF8, 0xFF, 0x50, 0x00, 0x00, 
0x00, 0x00, 0x00, 0x0A, 0xFE, 0xFF, 0x4B, 0x00, 0x00, 0x00, 0xA0, 0xFF, 0xC3, 0x00, 0x00, 0x00, 
0x00, 0x00, 0x00, 0x00, 0xE2, 0xFF, 0x6F, 0x00, 0x00, 0x2A, 0xFC, 0xFF, 0x37, 0x00, 0x00, 0x00, 
0x00, 0x00, 0x00, 0x00, 0xBB, 0xFF, 0x92, 0x00, 0x00, 0xAF, 0xFF, 0xAA, 0x00, 0x00, 0x00, 0x00, 
0x00, 0x00, 0x00, 0x00, 0x95, 0xFF, 0xB6, 0x00, 0x37, 0xFF, 0xFA, 0x23, 0x00, 0x00, 0x00, 0x00, 
0x00, 0x00, 0x00, 0x00, 0x6E, 0xFF, 0xD9, 0x00, 0xBE, 0xFF, 0x90, 0x00, 0x00, 0x00, 0x00, 0x00, 
0x00, 0x00, 0x00, 0x00, 0x47, 0xFF, 0xFA, 0x49, 0xFF, 0xF0, 0x13, 0x00, 0x00, 0x00, 0x00, 0x00, 
0x00, 0x00, 0x00, 0x00, 0x21, 0xFF, 0xFF, 0xE1, 0xFF, 0x76, 0x00, 0x00, 0x00, 0x00, 0x00, 0x00, 
0x00, 0x00, 0x00, 0x00, 0x02, 0xF7, 0xFF, 0xFF, 0xE1, 0x08, 0x00, 0x00, 0x00, 0x00, 0x00, 0x00, 
0x00, 0x00, 0x00, 0x00, 0x00, 0xCB, 0xFF, 0xFD, 0x56, 0x00, 0x00, 0x00, 0x00, 0x00, 0x00, 0x00, 
0x00, 0x00, 0x00, 0x00, 0x00, 0x04, 0x12, 0x09, 0x00, 0x00, 0x00, 0x00, 0x00, 0x00, 0x00, 0x00, 
0x00, 0x00, 0xB0, 0xC2, 0x3E, 0x00, 0x00, 0x00, 0x00, 0x00, 0x00, 0x00, 0x82, 0xC4, 0x8A, 0x00, 
0x00, 0x00, 0x00, 0x00, 0x00, 0x00, 0x1D, 0xB7, 0xC1, 0x1F, 0xF2, 0xFF, 0x76, 0x00, 0x00, 0x00, 
0x00, 0x00, 0x00, 0x29, 0xFE, 0xFF, 0xD9, 0x00, 0x00, 0x00, 0x00, 0x00, 0x00, 0x00, 0x94, 0xFF, 
0xE2, 0x05, 0xDD, 0xFF, 0x87, 0x00, 0x00, 0x00, 0x00, 0x00, 0x00, 0x9D, 0xFF, 0xFF, 0xED, 0x00, 
0x00, 0x00, 0x00, 0x00, 0x00, 0x14, 0xF6, 0xFF, 0x6B, 0x00, 0xC7, 0xFF, 0x98, 0x00, 0x00, 0x00, 
0x00, 0x00, 0x19, 0xF9, 0xFF, 0xFF, 0xFD, 0x02, 0x00, 0x00, 0x00, 0x00, 0x00, 0x81, 0xFF, 0xE7, 
0x08, 0x00, 0xB1, 0xFF, 0xAA, 0x00, 0x00, 0x00, 0x00, 0x00, 0x88, 0xFF, 0xC4, 0xFF, 0xFF, 0x13, 
0x00, 0x00, 0x00, 0x00, 0x0A, 0xEC, 0xFF, 0x72, 0x00, 0x00, 0x9B, 0xFF, 0xBB, 0x00, 0x00, 0x00, 
0x00, 0x0D, 0xEF, 0xFE, 0x3E, 0xFF, 0xFF, 0x26, 0x00, 0x00, 0x00, 0x00, 0x6E, 0xFF, 0xEA, 0x0A, 
0x00, 0x00, 0x84, 0xFF, 0xCC, 0x00, 0x00, 0x00, 0x00, 0x72, 0xFF, 0xB4, 0x02, 0xFD, 0xFF, 0x3A, 
0x00, 0x00, 0x00, 0x03, 0xDF, 0xFF, 0x78, 0x00, 0x00, 0x00, 0x6E, 0xFF, 0xDD, 0x00, 0x00, 0x00, 
0x04, 0xE2, 0xFF, 0x41, 0x00, 0xED, 0xFF, 0x4D, 0x00, 0x00, 0x00, 0x5A, 0xFF, 0xEE, 0x0D, 0x00, 
0x00, 0x00, 0x58, 0xFF, 0xEE, 0x00, 0x00, 0x00, 0x5C, 0xFF, 0xCD, 0x00, 0x00, 0xD9, 0xFF, 0x60, 
0x00, 0x00, 0x00, 0xCF, 0xFF, 0x7E, 0x00, 0x00, 0x00, 0x00, 0x42, 0xFF, 0xFD, 0x02, 0x00, 0x00, 
0xD0, 0xFF, 0x59, 0x00, 0x00, 0xC5, 0xFF, 0x73, 0x00, 0x00, 0x47, 0xFF, 0xF1, 0x10, 0x00, 0x00, 
0x00, 0x00, 0x2C, 0xFF, 0xFF, 0x11, 0x00, 0x47, 0xFF, 0xE1, 0x04, 0x00, 0x00, 0xB1, 0xFF, 0x86, 
0x00, 0x00, 0xBD, 0xFF, 0x85, 0x00, 0x00, 0x00, 0x00, 0x00, 0x15, 0xFF, 0xFF, 0x22, 0x00, 0xBC, 
0xFF, 0x72, 0x00, 0x00, 0x00, 0x9D, 0xFF, 0x9A, 0x00, 0x33, 0xFF, 0xF4, 0x14, 0x00, 0x00, 0x00, 
0x00, 0x00, 0x02, 0xFC, 0xFF, 0x33, 0x31, 0xFF, 0xF0, 0x0D, 0x00, 0x00, 0x00, 0x89, 0xFF, 0xAD, 
0x00, 0xAA, 0xFF, 0x8B, 0x00, 0x00, 0x00, 0x00, 0x00, 0x00, 0x00, 0xE9, 0xFF, 0x44, 0xA6, 0xFF, 
0x8A, 0x00, 0x00, 0x00, 0x00, 0x75, 0xFF, 0xC0, 0x22, 0xFC, 0xF7, 0x18, 0x00, 0x00, 0x00, 0x00, 
0x00, 0x00, 0x00, 0xD3, 0xFF, 0x74, 0xFB, 0xFA, 0x1C, 0x00, 0x00, 0x00, 0x00, 0x61, 0xFF, 0xD3, 
0x96, 0xFF, 0x92, 0x00, 0x00, 0x00, 0x00, 0x00, 0x00, 0x00, 0x00, 0xBC, 0xFF, 0xEA, 0xFF, 0xA3, 
0x00, 0x00, 0x00, 0x00, 0x00, 0x4D, 0xFF, 0xF1, 0xF6, 0xF9, 0x1C, 0x00, 0x00, 0x00, 0x00, 0x00, 
0x00, 0x00, 0x00, 0xA6, 0xFF, 0xFF, 0xFF, 0x2F, 0x00, 0x00, 0x00, 0x00, 0x00, 0x39, 0xFF, 0xFF, 
0xFF, 0x98, 0x00, 0x00, 0x00, 0x00, 0x00, 0x00, 0x00, 0x00, 0x00, 0x83, 0xFF, 0xFF, 0xB0, 0x00, 
0x00, 0x00, 0x00, 0x00, 0x00, 0x1C, 0xFB, 0xFF, 0xF0, 0x1F, 0x00, 0x00, 0x00, 0x00, 0x00, 0x00, 
0x00, 0x00, 0x00, 0x00, 0x0F, 0x10, 0x00, 0x00, 0x00, 0x00, 0x00, 0x00, 0x00, 0x00, 0x08, 0x12, 
0x04, 0x00, 0x00, 0x00, 0x00, 0x00, 0x00, 0x00, 0x00, 0x00, 0x00, 0x00, 0x00, 0x00, 0x8F, 0xC4, 
0x74, 0x00, 0x00, 0x00, 0x00, 0x00, 0x00, 0x03, 0x95, 0xC4, 0x82, 0x00, 0x00, 0x00, 0x00, 0xA1, 
0xFF, 0xF4, 0x0C, 0x00, 0x00, 0x00, 0x00, 0x00, 0x84, 0xFF, 0xFC, 0x41, 0x00, 0x00, 0x00, 0x00, 
0x3E, 0xFF, 0xFF, 0x60, 0x00, 0x00, 0x00, 0x00, 0x47, 0xFE, 0xFF, 0x72, 0x00, 0x00, 0x00, 0x00, 
0x00, 0x00, 0xD8, 0xFF, 0xBF, 0x00, 0x00, 0x00, 0x1C, 0xEB, 0xFF, 0xA6, 0x00, 0x00, 0x00, 0x00, 
0x00, 0x00, 0x00, 0x75, 0xFF, 0xFE, 0x20, 0x00, 0x04, 0xC5, 0xFF, 0xD1, 0x0A, 0x00, 0x00, 0x00, 
0x00, 0x00, 0x00, 0x00, 0x16, 0xFA, 0xFF, 0x7E, 0x00, 0x8C, 0xFF, 0xEE, 0x22, 0x00, 0x00, 0x00, 
0x00, 0x00, 0x00, 0x00, 0x00, 0x00, 0xAC, 0xFF, 0xDC, 0x4F, 0xFF, 0xFD, 0x48, 0x00, 0x00, 0x00, 
0x00, 0x00, 0x00, 0x00, 0x00, 0x00, 0x00, 0x48, 0xFF, 0xFF, 0xF8, 0xFF, 0x7A, 0x00, 0x00, 0x00, 
0x00, 0x00, 0x00, 0x00, 0x00, 0x00, 0x00, 0x00, 0x02, 0xE2, 0xFF, 0xFF, 0xAE, 0x01, 0x00, 0x00, 
0x00, 0x00, 0x00, 0x00, 0x00, 0x00, 0x00, 0x00, 0x00, 0x3C, 0xFA, 0xFF, 0xFF, 0x86, 0x00, 0x00, 
0x00, 0x00, 0x00, 0x00, 0x00, 0x00, 0x00, 0x00, 0x00, 0x1A, 0xE7, 0xFF, 0xE4, 0xFF, 0xE8, 0x05, 
0x00, 0x00, 0x00, 0x00, 0x00, 0x00, 0x00, 0x00, 0x00, 0x06, 0xC6, 0xFF, 0xC2, 0x2E, 0xFF, 0xFF, 
0x56, 0x00, 0x00, 0x00, 0x00, 0x00, 0x00, 0x00, 0x00, 0x00, 0x98, 0xFF, 0xEA, 0x1A, 0x00, 0xC9, 
0xFF, 0xBE, 0x00, 0x00, 0x00, 0x00, 0x00, 0x00, 0x00, 0x00, 0x62, 0xFF, 0xFD, 0x45, 0x00, 0x00, 
0x69, 0xFF, 0xFF, 0x27, 0x00, 0x00, 0x00, 0x00, 0x00, 0x00, 0x35, 0xF8, 0xFF, 0x82, 0x00, 0x00, 
0x00, 0x10, 0xF8, 0xFF, 0x8D, 0x00, 0x00, 0x00, 0x00, 0x00, 0x15, 0xE2, 0xFF, 0xBE, 0x02, 0x00, 
0x00, 0x00, 0x00, 0xA8, 0xFF, 0xED, 0x08, 0x00, 0x00, 0x00, 0x04, 0xBE, 0xFF, 0xE7, 0x18, 0x00, 
0x00, 0x00, 0x00, 0x00, 0x48, 0xFF, 0xFF, 0x5D, 0x00, 0x00, 0x00, 0x6F, 0xFF, 0xF7, 0x40, 0x00, 
0x00, 0x00, 0x00, 0x00, 0x00, 0x02, 0xE0, 0xFF, 0xA3, 0x00, 0x00, 0x00, 0x02, 0x11, 0x07, 0x00, 
0x00, 0x00, 0x00, 0x00, 0x00, 0x00, 0x00, 0x06, 0x12, 0x03, 0x00, 0x00, 0x00, 0x37, 0xC2, 0xB2, 
0x09, 0x00, 0x00, 0x00, 0x00, 0x00, 0x00, 0x22, 0xB5, 0xC1, 0x33, 0x28, 0xFF, 0xFF, 0x4D, 0x00, 
0x00, 0x00, 0x00, 0x00, 0x02, 0xC4, 0xFF, 0xD0, 0x06, 0x00, 0xDB, 0xFF, 0x98, 0x00, 0x00, 0x00, 
0x00, 0x00, 0x75, 0xFF, 0xF7, 0x2B, 0x00, 0x00, 0x8E, 0xFF, 0xE2, 0x00, 0x00, 0x00, 0x00, 0x2A, 
0xF8, 0xFF, 0x70, 0x00, 0x00, 0x00, 0x40, 0xFF, 0xFF, 0x2E, 0x00, 0x00, 0x04, 0xCB, 0xFF, 0xBB, 
0x01, 0x00, 0x00, 0x00, 0x04, 0xEE, 0xFF, 0x78, 0x00, 0x00, 0x7D, 0xFF, 0xED, 0x1B, 0x00, 0x00, 
0x00, 0x00, 0x00, 0xA6, 0xFF, 0xBC, 0x00, 0x2D, 0xF9, 0xFF, 0x55, 0x00, 0x00, 0x00, 0x00, 0x00, 
0x00, 0x58, 0xFF, 0xF6, 0x08, 0xCA, 0xFF, 0xA2, 0x00, 0x00, 0x00, 0x00, 0x00, 0x00, 0x00, 0x10, 
0xFB, 0xFF, 0xA0, 0xFF, 0xE0, 0x0E, 0x00, 0x00, 0x00, 0x00, 0x00, 0x00, 0x00, 0x00, 0xBE, 0xFF, 
0xFF, 0xFD, 0x3E, 0x00, 0x00, 0x00, 0x00, 0x00, 0x00, 0x00, 0x00, 0x00, 0x70, 0xFF, 0xFF, 0x87, 
0x00, 0x00, 0x00, 0x00, 0x00, 0x00, 0x00, 0x00, 0x00, 0x00, 0x54, 0xFF, 0xFB, 0x0A, 0x00, 0x00, 
0x00, 0x00, 0x00, 0x00, 0x00, 0x00, 0x00, 0x00, 0x87, 0xFF, 0xD1, 0x00, 0x00, 0x00, 0x00, 0x00, 
0x00, 0x00, 0x00, 0x00, 0x00, 0x00, 0xBA, 0xFF, 0x9E, 0x00, 0x00, 0x00, 0x00, 0x00, 0x00, 0x00, 
0x00, 0x00, 0x00, 0x00, 0xED, 0xFF, 0x6C, 0x00, 0x00, 0x00, 0x00, 0x00, 0x00, 0x00, 0x00, 0x00, 
0x00, 0x21, 0xFF, 0xFF, 0x39, 0x00, 0x00, 0x00, 0x00, 0x00, 0x00, 0x00, 0x00, 0x00, 0x00, 0x55, 
0xFF, 0xFC, 0x0A, 0x00, 0x00, 0x00, 0x00, 0x00, 0x00, 0x00, 0x00, 0x00, 0x00, 0x7F, 0xFF, 0xC9, 
0x00, 0x00, 0x00, 0x00, 0x00, 0x00, 0x00, 0x00, 0x00, 0x00, 0x00, 0x01, 0x10, 0x02, 0x00, 0x00, 
0x00, 0x00, 0x00, 0x00, 0x00, 0x00, 0x00, 0x00, 0x00, 0x00, 0x00, 0x77, 0xB0, 0xB0, 0xB0, 0xB0, 
0xB0, 0xB0, 0xB0, 0xB0, 0xB0, 0xAA, 0x18, 0x00, 0x00, 0x00, 0x00, 0xF2, 0xFF, 0xFF, 0xFF, 0xFF, 
0xFF, 0xFF, 0xFF, 0xFF, 0xFF, 0xFF, 0x29, 0x00, 0x00, 0x00, 0x00, 0x3D, 0x48, 0x48, 0x48, 0x48, 
0x48, 0x48, 0x53, 0xEF, 0xFF, 0xCA, 0x01, 0x00, 0x00, 0x00, 0x00, 0x00, 0x00, 0x00, 0x00, 0x00, 
0x00, 0x01, 0xAE, 0xFF, 0xE9, 0x1E, 0x00, 0x00, 0x00, 0x00, 0x00, 0x00, 0x00, 0x00, 0x00, 0x00, 
0x00, 0x84, 0xFF, 0xF9, 0x3A, 0x00, 0x00, 0x00, 0x00, 0x00, 0x00, 0x00, 0x00, 0x00, 0x00, 0x00, 
0x59, 0xFF, 0xFF, 0x5F, 0x00, 0x00, 0x00, 0x00, 0x00, 0x00, 0x00, 0x00, 0x00, 0x00, 0x00, 0x36, 
0xF7, 0xFF, 0x89, 0x00, 0x00, 0x00, 0x00, 0x00, 0x00, 0x00, 0x00, 0x00, 0x00, 0x00, 0x1C, 0xE6, 
0xFF, 0xB2, 0x02, 0x00, 0x00, 0x00, 0x00, 0x00, 0x00, 0x00, 0x00, 0x00, 0x00, 0x0A, 0xCD, 0xFF, 
0xD2, 0x0D, 0x00, 0x00, 0x00, 0x00, 0x00, 0x00, 0x00, 0x00, 0x00, 0x00, 0x01, 0xAB, 0xFF, 0xEA, 
0x20, 0x00, 0x00, 0x00, 0x00, 0x00, 0x00, 0x00, 0x00, 0x00, 0x00, 0x00, 0x82, 0xFF, 0xF9, 0x3C, 
0x00, 0x00, 0x00, 0x00, 0x00, 0x00, 0x00, 0x00, 0x00, 0x00, 0x00, 0x57, 0xFF, 0xFF, 0x61, 0x00, 
0x00, 0x00, 0x00, 0x00, 0x00, 0x00, 0x00, 0x00, 0x00, 0x00, 0x35, 0xF6, 0xFF, 0x8C, 0x00, 0x00, 
0x00, 0x00, 0x00, 0x00, 0x00, 0x00, 0x00, 0x00, 0x00, 0x1B, 0xE5, 0xFF, 0xB4, 0x02, 0x00, 0x00, 
0x00, 0x00, 0x00, 0x00, 0x00, 0x00, 0x00, 0x00, 0x09, 0xCB, 0xFF, 0xD4, 0x0D, 0x00, 0x00, 0x00, 
0x00, 0x00, 0x00, 0x00, 0x00, 0x00, 0x00, 0x00, 0xA2, 0xFF, 0xEB, 0x21, 0x00, 0x00, 0x00, 0x00, 
0x00, 0x00, 0x00, 0x00, 0x00, 0x00, 0x00, 0x2A, 0xFF, 0xFF, 0xFE, 0xFC, 0xFC, 0xFC, 0xFC, 0xFC, 
0xFC, 0xFC, 0xFC, 0x6D, 0x00, 0x00, 0x00, 0x3B, 0xFA, 0xFF, 0xFF, 0xFF, 0xFF, 0xFF, 0xFF, 0xFF, 
0xFF, 0xFF, 0xFE, 0x45, 0x00, 0x00, 0x00, 0x00, 0x00, 0x00, 0x00, 0x00, 0x04, 0x1F, 0x20, 0x20, 
0x15, 0x00, 0x00, 0x00, 0x00, 0x02, 0xDA, 0xFF, 0xFF, 0xFF, 0xBF, 0x00, 0x00, 0x00, 0x00, 0x2A, 
0xFF, 0xF5, 0x8C, 0x8C, 0x46, 0x00, 0x00, 0x00, 0x00, 0x5E, 0xFF, 0xC2, 0x00, 0x00, 0x00, 0x00, 
0x00, 0x00, 0x00, 0x91, 0xFF, 0x8F, 0x00, 0x00, 0x00, 0x00, 0x00, 0x00, 0x00, 0xC4, 0xFF, 0x5C, 
0x00, 0x00, 0x00, 0x00, 0x00, 0x00, 0x02, 0xF4, 0xFF, 0x29, 0x00, 0x00, 0x00, 0x00, 0x00, 0x00, 
0x2A, 0xFF, 0xF3, 0x02, 0x00, 0x00, 0x00, 0x00, 0x00, 0x00, 0x5D, 0xFF, 0xC2, 0x00, 0x00, 0x00, 
0x00, 0x00, 0x00, 0x00, 0x90, 0xFF, 0x8F, 0x00, 0x00, 0x00, 0x00, 0x00, 0x00, 0x00, 0xC3, 0xFF, 
0x5C, 0x00, 0x00, 0x00, 0x00, 0x00, 0x00, 0x02, 0xF3, 0xFF, 0x29, 0x00, 0x00, 0x00, 0x00, 0x00, 
0x00, 0x2A, 0xFF, 0xF4, 0x02, 0x00, 0x00, 0x00, 0x00, 0x00, 0x00, 0x5D, 0xFF, 0xC3, 0x00, 0x00, 
0x00, 0x00, 0x00, 0x00, 0x00, 0x90, 0xFF, 0x90, 0x00, 0x00, 0x00, 0x00, 0x00, 0x00, 0x00, 0xC3, 
0xFF, 0x5C, 0x00, 0x00, 0x00, 0x00, 0x00, 0x00, 0x02, 0xF3, 0xFF, 0x29, 0x00, 0x00, 0x00, 0x00, 
0x00, 0x00, 0x29, 0xFF, 0xF4, 0x02, 0x00, 0x00, 0x00, 0x00, 0x00, 0x00, 0x5C, 0xFF, 0xC3, 0x00, 
0x00, 0x00, 0x00, 0x00, 0x00, 0x00, 0x90, 0xFF, 0x90, 0x00, 0x00, 0x00, 0x00, 0x00, 0x00, 0x00, 
0xC3, 0xFF, 0x5D, 0x00, 0x00, 0x00, 0x00, 0x00, 0x00, 0x02, 0xF3, 0xFF, 0x29, 0x00, 0x00, 0x00, 
0x00, 0x00, 0x00, 0x29, 0xFF, 0xFC, 0x4A, 0x48, 0x17, 0x00, 0x00, 0x00, 0x00, 0x55, 0xFF, 0xFF, 
0xFF, 0xFF, 0x5B, 0x00, 0x00, 0x00, 0x00, 0x10, 0x5E, 0x60, 0x60, 0x5E, 0x0A, 0x00, 0x00, 0x00, 
0x00, 0x23, 0xFA, 0xF0, 0x08, 0x00, 0x00, 0x00, 0x0B, 0xFE, 0xFF, 0x30, 0x00, 0x00, 0x00, 0x00, 
0xE0, 0xFF, 0x5A, 0x00, 0x00, 0x00, 0x00, 0xB6, 0xFF, 0x85, 0x00, 0x00, 0x00, 0x00, 0x8C, 0xFF, 
0xB0, 0x00, 0x00, 0x00, 0x00, 0x62, 0xFF, 0xDA, 0x00, 0x00, 0x00, 0x00, 0x37, 0xFF, 0xFD, 0x08, 
0x00, 0x00, 0x00, 0x0D, 0xFF, 0xFF, 0x30, 0x00, 0x00, 0x00, 0x00, 0xE3, 0xFF, 0x5A, 0x00, 0x00, 
0x00, 0x00, 0xB9, 0xFF, 0x85, 0x00, 0x00, 0x00, 0x00, 0x8F, 0xFF, 0xB0, 0x00, 0x00, 0x00, 0x00, 
0x65, 0xFF, 0xDA, 0x00, 0x00, 0x00, 0x00, 0x3A, 0xFF, 0xFD, 0x08, 0x00, 0x00, 0x00, 0x10, 0xFF, 
0xFF, 0x30, 0x00, 0x00, 0x00, 0x00, 0xE6, 0xFF, 0x5A, 0x00, 0x00, 0x00, 0x00, 0xBC, 0xFF, 0x85, 
0x00, 0x00, 0x00, 0x00, 0x92, 0xFF, 0xB0, 0x00, 0x00, 0x00, 0x00, 0x68, 0xFF, 0xDA, 0x00, 0x00, 
0x00, 0x00, 0x3D, 0xFF, 0xFD, 0x08, 0x00, 0x00, 0x00, 0x12, 0xFF, 0xFF, 0x30, 0x00, 0x00, 0x00, 
0x00, 0xE9, 0xFF, 0x5A, 0x00, 0x00, 0x00, 0x00, 0xBF, 0xFF, 0x85, 0x00, 0x00, 0x00, 0x00, 0x95, 
0xFF, 0xB0, 0x00, 0x00, 0x00, 0x00, 0x48, 0xBD, 0x85, 0x00, 0x00, 0x00, 0x00, 0x00, 0x1E, 0x20, 
0x20, 0x1D, 0x00, 0x00, 0x00, 0x00, 0x00, 0x52, 0xFF, 0xFF, 0xFF, 0xFF, 0x50, 0x00, 0x00, 0x00, 
0x00, 0x36, 0x8C, 0x8C, 0xFD, 0xFF, 0x39, 0x00, 0x00, 0x00, 0x00, 0x00, 0x00, 0x21, 0xFF, 0xFC, 
0x09, 0x00, 0x00, 0x00, 0x00, 0x00, 0x00, 0x54, 0xFF, 0xD2, 0x00, 0x00, 0x00, 0x00, 0x00, 0x00, 
0x00, 0x87, 0xFF, 0x9E, 0x00, 0x00, 0x00, 0x00, 0x00, 0x00, 0x00, 0xBA, 0xFF, 0x6B, 0x00, 0x00, 
0x00, 0x00, 0x00, 0x00, 0x00, 0xEC, 0xFF, 0x37, 0x00, 0x00, 0x00, 0x00, 0x00, 0x00, 0x21, 0xFF, 
0xFB, 0x08, 0x00, 0x00, 0x00, 0x00, 0x00, 0x00, 0x54, 0xFF, 0xD0, 0x00, 0x00, 0x00, 0x00, 0x00, 
0x00, 0x00, 0x87, 0xFF, 0x9D, 0x00, 0x00, 0x00, 0x00, 0x00, 0x00, 0x00, 0xBA, 0xFF, 0x69, 0x00, 
0x00, 0x00, 0x00, 0x00, 0x00, 0x00, 0xEC, 0xFF, 0x36, 0x00, 0x00, 0x00, 0x00, 0x00, 0x00, 0x20, 
0xFF, 0xFA, 0x07, 0x00, 0x00, 0x00, 0x00, 0x00, 0x00, 0x54, 0xFF, 0xCF, 0x00, 0x00, 0x00, 0x00, 
0x00, 0x00, 0x00, 0x87, 0xFF, 0x9B, 0x00, 0x00, 0x00, 0x00, 0x00, 0x00, 0x00, 0xBA, 0xFF, 0x68, 
0x00, 0x00, 0x00, 0x00, 0x00, 0x00, 0x00, 0xEC, 0xFF, 0x34, 0x00, 0x00, 0x00, 0x00, 0x00, 0x00, 
0x20, 0xFF, 0xFA, 0x07, 0x00, 0x00, 0x00, 0x00, 0x00, 0x00, 0x53, 0xFF, 0xCD, 0x00, 0x00, 0x00, 
0x00, 0x00, 0x00, 0x00, 0x87, 0xFF, 0x9A, 0x00, 0x00, 0x00, 0x00, 0x00, 0x00, 0x00, 0xBA, 0xFF, 
0x66, 0x00, 0x00, 0x00, 0x00, 0x1E, 0x48, 0x48, 0xED, 0xFF, 0x33, 0x00, 0x00, 0x00, 0x00, 0xB9, 
0xFF, 0xFF, 0xFF, 0xF3, 0x06, 0x00, 0x00, 0x00, 0x00, 0x46, 0x60, 0x60, 0x5F, 0x2C, 0x00, 0x00, 
0x00, 0x00, 0x00, 0x00, 0x00, 0x00, 0x00, 0x00, 0x00, 0x3C, 0xCA, 0xD5, 0x5D, 0x00, 0x00, 0x00, 
0x00, 0x00, 0x00, 0x00, 0x0A, 0xDE, 0xFF, 0xFF, 0xC0, 0x00, 0x00, 0x00, 0x00, 0x00, 0x00, 0x00, 
0x8C, 0xFF, 0xC7, 0xFF, 0xF8, 0x08, 0x00, 0x00, 0x00, 0x00, 0x00, 0x32, 0xFC, 0xEF, 0x18, 0xF3, 
0xFF, 0x3F, 0x00, 0x00, 0x00, 0x00, 0x03, 0xCE, 0xFF, 0x6B, 0x00, 0xBE, 0xFF, 0x7F, 0x00, 0x00, 
0x00, 0x00, 0x75, 0xFF, 0xCE, 0x03, 0x00, 0x84, 0xFF, 0xBF, 0x00, 0x00, 0x00, 0x22, 0xF5, 0xFE, 
0x3A, 0x00, 0x00, 0x4B, 0xFF, 0xF7, 0x07, 0x00, 0x00, 0xBA, 0xFF, 0x9F, 0x00, 0x00, 0x00, 0x13, 
0xFE, 0xFF, 0x3E, 0x00, 0x5E, 0xFF, 0xF0, 0x16, 0x00, 0x00, 0x00, 0x00, 0xD8, 0xFF, 0x7E, 0x0E, 
0xEC, 0xFF, 0x6C, 0x00, 0x00, 0x00, 0x00, 0x00, 0x9F, 0xFF, 0xB7, 0x06, 0x3D, 0x30, 0x00, 0x00, 
0x00, 0x00, 0x00, 0x00, 0x13, 0x3E, 0x22, 0x0A, 0xC5, 0xD4, 0xD4, 0xD4, 0xD4, 0xD4, 0xD4, 0xD4, 
0xD4, 0xD4, 0xD4, 0xD4, 0xD4, 0xC0, 0x2B, 0xFB, 0xFC, 0xFC, 0xFC, 0xFC, 0xFC, 0xFC, 0xFC, 0xFC, 
0xFC, 0xFC, 0xFC, 0xFC, 0xBC, 0x19, 0x23, 0x00, 0x00, 0x00, 0xCE, 0xFF, 0x86, 0x00, 0x00, 0x2A, 
0xF5, 0xFA, 0x26, 0x00, 0x00, 0x63, 0xFF, 0xB6, 0x00, 0x00, 0x00, 0xA4, 0xFF, 0x40, 0x00, 0x00, 
0x01, 0x12, 0x01, 0x00, 0x00, 0x00, 0x00, 0x00, 0x1F, 0x3C, 0x29, 0x00, 0x00, 0x00, 0x0E, 0x02, 
0x00, 0x00, 0x00, 0x35, 0xC7, 0xFF, 0xFF, 0xFF, 0xD6, 0x39, 0x71, 0xFF, 0x7F, 0x00, 0x00, 0x44, 
0xF8, 0xFF, 0xE9, 0xB5, 0xD5, 0xFF, 0xF6, 0xD7, 0xFF, 0x54, 0x00, 0x17, 0xE9, 0xFF, 0xB2, 0x0B, 
0x00, 0x00, 0x59, 0xF8, 0xFF, 0xFF, 0x21, 0x00, 0x9D, 0xFF, 0xDC, 0x07, 0x00, 0x00, 0x00, 0x00, 
0x7A, 0xFF, 0xEE, 0x00, 0x13, 0xF7, 0xFF, 0x5B, 0x00, 0x00, 0x00, 0x00, 0x00, 0x84, 0xFF, 0xBB, 
0x00, 0x63, 0xFF, 0xF3, 0x0A, 0x00, 0x00, 0x00, 0x00, 0x00, 0xB7, 0xFF, 0x88, 0x00, 0x9E, 0xFF, 
0xBB, 0x00, 0x00, 0x00, 0x00, 0x00, 0x04, 0xF2, 0xFF, 0x55, 0x00, 0xC9, 0xFF, 0x8D, 0x00, 0x00, 
0x00, 0x00, 0x00, 0x52, 0xFF, 0xFF, 0x22, 0x00, 0xDD, 0xFF, 0x7C, 0x00, 0x00, 0x00, 0x00, 0x07, 
0xD4, 0xFF, 0xEE, 0x00, 0x00, 0xD4, 0xFF, 0x8E, 0x00, 0x00, 0x00, 0x00, 0x89, 0xFF, 0xFF, 0xBC, 
0x00, 0x00, 0xB3, 0xFF, 0xDD, 0x0D, 0x00, 0x05, 0x85, 0xFF, 0xE9, 0xFF, 0x89, 0x00, 0x00, 0x58, 
0xFF, 0xFF, 0xE5, 0xB6, 0xE8, 0xFF, 0xA1, 0xB1, 0xFF, 0x56, 0x00, 0x00, 0x00, 0x87, 0xFC, 0xFF, 
0xFF, 0xE4, 0x66, 0x00, 0xDA, 0xF9, 0x1E, 0x00, 0x00, 0x00, 0x00, 0x14, 0x3C, 0x30, 0x03, 0x00, 
0x00, 0x0A, 0x09, 0x00, 0x00, 0x00, 0x00, 0x00, 0x00, 0x00, 0x00, 0x07, 0x01, 0x00, 0x00, 0x00, 
0x00, 0x00, 0x00, 0x00, 0x00, 0x00, 0x00, 0x00, 0x71, 0xFF, 0xB4, 0x00, 0x00, 0x00, 0x00, 0x00, 
0x00, 0x00, 0x00, 0x00, 0x00, 0x00, 0xB1, 0xFF, 0x8F, 0x00, 0x00, 0x00, 0x00, 0x00, 0x00, 0x00, 
0x00, 0x00, 0x00, 0x00, 0xE4, 0xFF, 0x5C, 0x00, 0x00, 0x00, 0x00, 0x00, 0x00, 0x00, 0x00, 0x00, 
0x00, 0x17, 0xFF, 0xFF, 0x29, 0x00, 0x00, 0x00, 0x00, 0x00, 0x00, 0x00, 0x00, 0x00, 0x00, 0x4A, 
0xFF, 0xF4, 0x02, 0x00, 0x00, 0x00, 0x00, 0x00, 0x00, 0x00, 0x00, 0x00, 0x00, 0x7D, 0xFF, 0xC3, 
0x00, 0x00, 0x16, 0x3C, 0x21, 0x01, 0x00, 0x00, 0x00, 0x00, 0x00, 0xB0, 0xFF, 0x8B, 0x1F, 0xA5, 
0xFD, 0xFF, 0xFF, 0xC5, 0x1A, 0x00, 0x00, 0x00, 0x00, 0xE3, 0xFF, 0x7D, 0xEB, 0xFE, 0xC5, 0xC0, 
0xFE, 0xFF, 0xB9, 0x00, 0x00, 0x00, 0x16, 0xFF, 0xFF, 0xEA, 0xD8, 0x2F, 0x00, 0x00, 0x85, 0xFF, 
0xFF, 0x1D, 0x00, 0x00, 0x49, 0xFF, 0xFF, 0xE3, 0x17, 0x00, 0x00, 0x00, 0x21, 0xFF, 0xFF, 0x49, 
0x00, 0x00, 0x7C, 0xFF, 0xFF, 0x47, 0x00, 0x00, 0x00, 0x00, 0x0A, 0xFF, 0xFF, 0x50, 0x00, 0x00, 
0xAF, 0xFF, 0xC4, 0x00, 0x00, 0x00, 0x00, 0x00, 0x1D, 0xFF, 0xFF, 0x3B, 0x00, 0x00, 0xE2, 0xFF, 
0x68, 0x00, 0x00, 0x00, 0x00, 0x00, 0x49, 0xFF, 0xFE, 0x13, 0x00, 0x15, 0xFF, 0xFF, 0x2A, 0x00, 
0x00, 0x00, 0x00, 0x00, 0x89, 0xFF, 0xD3, 0x00, 0x00, 0x48, 0xFF, 0xF5, 0x03, 0x00, 0x00, 0x00, 
0x00, 0x03, 0xE4, 0xFF, 0x7C, 0x00, 0x00, 0x7B, 0xFF, 0xE2, 0x06, 0x00, 0x00, 0x00, 0x00, 0x74, 
0xFF, 0xF8, 0x15, 0x00, 0x00, 0xAE, 0xFF, 0xFF, 0xAB, 0x0C, 0x00, 0x00, 0x55, 0xF8, 0xFF, 0x75, 
0x00, 0x00, 0x00, 0xE1, 0xFF, 0xD4, 0xFF, 0xEE, 0xB7, 0xC9, 0xFF, 0xFF, 0xB1, 0x01, 0x00, 0x00, 
0x0B, 0xFF, 0xE4, 0x0F, 0xA4, 0xFC, 0xFF, 0xFF, 0xF2, 0x81, 0x04, 0x00, 0x00, 0x00, 0x00, 0x0D, 
0x06, 0x00, 0x00, 0x15, 0x3B, 0x33, 0x07, 0x00, 0x00, 0x00, 0x00, 0x00, 0x00, 0x00, 0x00, 0x00, 
0x00, 0x11, 0x34, 0x34, 0x0F, 0x00, 0x00, 0x00, 0x00, 0x00, 0x2C, 0xB6, 0xFC, 0xFF, 0xFF, 0xFC, 
0xAE, 0x1B, 0x00, 0x00, 0x42, 0xF5, 0xFF, 0xEC, 0xB2, 0xB7, 0xF4, 0xFF, 0xA1, 0x00, 0x1D, 0xEB, 
0xFF, 0xAA, 0x0B, 0x00, 0x00, 0x16, 0xAB, 0x64, 0x00, 0xAA, 0xFF, 0xCB, 0x02, 0x00, 0x00, 0x00, 
0x00, 0x00, 0x00, 0x20, 0xFC, 0xFF, 0x41, 0x00, 0x00, 0x00, 0x00, 0x00, 0x00, 0x00, 0x74, 0xFF, 
0xE0, 0x01, 0x00, 0x00, 0x00, 0x00, 0x00, 0x00, 0x00, 0xB1, 0xFF, 0xA1, 0x00, 0x00, 0x00, 0x00, 
0x00, 0x00, 0x00, 0x00, 0xDB, 0xFF, 0x78, 0x00, 0x00, 0x00, 0x00, 0x00, 0x00, 0x00, 0x00, 0xED, 
0xFF, 0x6E, 0x00, 0x00, 0x00, 0x00, 0x00, 0x00, 0x00, 0x00, 0xE8, 0xFF, 0x8D, 0x00, 0x00, 0x00, 
0x00, 0x00, 0x07, 0x00, 0x00, 0xBB, 0xFF, 0xEC, 0x22, 0x00, 0x00, 0x0B, 0x75, 0xD8, 0x00, 0x00, 
0x51, 0xFF, 0xFF, 0xF6, 0xC3, 0xCB, 0xF4, 0xFF, 0xA5, 0x00, 0x00, 0x00, 0x6D, 0xEF, 0xFF, 0xFF, 
0xFF, 0xE8, 0x83, 0x0B, 0x00, 0x00, 0x00, 0x00, 0x05, 0x30, 0x3E, 0x27, 0x01, 0x00, 0x00, 0x00, 
0x00, 0x00, 0x00, 0x00, 0x00, 0x00, 0x00, 0x00, 0x00, 0x00, 0x00, 0x00, 0x6D, 0xF7, 0xA6, 0x00, 
0x00, 0x00, 0x00, 0x00, 0x00, 0x00, 0x00, 0x00, 0x00, 0x00, 0xB2, 0xFF, 0x89, 0x00, 0x00, 0x00, 
0x00, 0x00, 0x00, 0x00, 0x00, 0x00, 0x00, 0x00, 0xE6, 0xFF, 0x56, 0x00, 0x00, 0x00, 0x00, 0x00, 
0x00, 0x00, 0x00, 0x00, 0x00, 0x19, 0xFF, 0xFF, 0x23, 0x00, 0x00, 0x00, 0x00, 0x00, 0x00, 0x00, 
0x00, 0x00, 0x00, 0x4D, 0xFF, 0xEF, 0x01, 0x00, 0x00, 0x00, 0x00, 0x00, 0x1F, 0x3C, 0x25, 0x00, 
0x00, 0x81, 0xFF, 0xBD, 0x00, 0x00, 0x00, 0x00, 0x36, 0xC9, 0xFF, 0xFF, 0xFF, 0xD2, 0x35, 0xB5, 
0xFF, 0x89, 0x00, 0x00, 0x00, 0x46, 0xF8, 0xFF, 0xE9, 0xB5, 0xD7, 0xFF, 0xF3, 0xF1, 0xFF, 0x56, 
0x00, 0x00, 0x18, 0xEA, 0xFF, 0xB3, 0x0C, 0x00, 0x00, 0x5E, 0xFA, 0xFF, 0xFF, 0x23, 0x00, 0x00, 
0x9C, 0xFF, 0xDB, 0x08, 0x00, 0x00, 0x00, 0x00, 0x7E, 0xFF, 0xEF, 0x01, 0x00, 0x14, 0xF7, 0xFF, 
0x59, 0x00, 0x00, 0x00, 0x00, 0x00, 0x82, 0xFF, 0xBD, 0x00, 0x00, 0x64, 0xFF, 0xF3, 0x09, 0x00, 
0x00, 0x00, 0x00, 0x00, 0xB5, 0xFF, 0x89, 0x00, 0x00, 0xA2, 0xFF, 0xBB, 0x00, 0x00, 0x00, 0x00, 
0x00, 0x04, 0xF0, 0xFF, 0x56, 0x00, 0x00, 0xCB, 0xFF, 0x8F, 0x00, 0x00, 0x00, 0x00, 0x00, 0x4E, 
0xFF, 0xFF, 0x23, 0x00, 0x00, 0xDE, 0xFF, 0x7D, 0x00, 0x00, 0x00, 0x00, 0x01, 0xCB, 0xFF, 0xEF, 
0x01, 0x00, 0x00, 0xD8, 0xFF, 0x90, 0x00, 0x00, 0x00, 0x00, 0x7B, 0xFF, 0xFF, 0xBD, 0x00, 0x00, 
0x00, 0xAE, 0xFF, 0xDE, 0x0D, 0x00, 0x05, 0x81, 0xFF, 0xEC, 0xFF, 0x89, 0x00, 0x00, 0x00, 0x4E, 
0xFF, 0xFF, 0xE3, 0xB6, 0xE8, 0xFF, 0xA8, 0xB0, 0xFF, 0x56, 0x00, 0x00, 0x00, 0x00, 0x7E, 0xF9, 
0xFF, 0xFF, 0xE5, 0x6C, 0x01, 0xD6, 0xFA, 0x1F, 0x00, 0x00, 0x00, 0x00, 0x00, 0x0F, 0x37, 0x30, 
0x03, 0x00, 0x00, 0x0A, 0x0A, 0x00, 0x00, 0x00, 0x00, 0x00, 0x00, 0x00, 0x00, 0x00, 0x06, 0x30, 
0x3E, 0x29, 0x01, 0x00, 0x00, 0x00, 0x00, 0x00, 0x15, 0x98, 0xF4, 0xFF, 0xFF, 0xFF, 0xE2, 0x56, 
0x00, 0x00, 0x00, 0x24, 0xE6, 0xFF, 0xE6, 0x9A, 0x8D, 0xCE, 0xFF, 0xFE, 0x3D, 0x00, 0x13, 0xDA, 
0xFF, 0xA7, 0x0E, 0x00, 0x00, 0x04, 0xD3, 0xFF, 0x8E, 0x00, 0x95, 0xFF, 0xCB, 0x05, 0x00, 0x00, 
0x00, 0x00, 0xC8, 0xFF, 0x8E, 0x1A, 0xF8, 0xFF, 0x46, 0x00, 0x00, 0x00, 0x12, 0x84, 0xFF, 0xFC, 
0x34, 0x6C, 0xFF, 0xFE, 0xB1, 0xB1, 0xBA, 0xD5, 0xFC, 0xFF, 0xEF, 0x57, 0x00, 0xB0, 0xFF, 0xFA, 
0xF4, 0xEF, 0xE5, 0xCD, 0xA5, 0x63, 0x0D, 0x00, 0x00, 0xD8, 0xFF, 0x75, 0x00, 0x00, 0x00, 0x00, 
0x00, 0x00, 0x00, 0x00, 0x00, 0xED, 0xFF, 0x64, 0x00, 0x00, 0x00, 0x00, 0x00, 0x00, 0x00, 0x00, 
0x00, 0xE5, 0xFF, 0x80, 0x00, 0x00, 0x00, 0x00, 0x00, 0x00, 0x00, 0x00, 0x00, 0xB4, 0xFF, 0xE2, 
0x14, 0x00, 0x00, 0x00, 0x00, 0x20, 0x2C, 0x00, 0x00, 0x3F, 0xFD, 0xFF, 0xED, 0xA9, 0x96, 0xAA, 
0xD8, 0xFF, 0x7A, 0x00, 0x00, 0x00, 0x51, 0xDF, 0xFF, 0xFF, 0xFF, 0xFF, 0xF3, 0xA8, 0x16, 0x00, 
0x00, 0x00, 0x00, 0x01, 0x24, 0x3D, 0x3C, 0x25, 0x03, 0x00, 0x00, 0x00, 0x00, 0x00, 0x00, 0x00, 
0x00, 0x00, 0x00, 0x00, 0x00, 0x00, 0x00, 0x01, 0x1A, 0x1B, 0x01, 0x00, 0x00, 0x00, 0x00, 0x00, 
0x00, 0x00, 0x00, 0x00, 0x01, 0x71, 0xE8, 0xFF, 0xFF, 0xE7, 0x17, 0x00, 0x00, 0x00, 0x00, 0x00, 
0x00, 0x00, 0x00, 0x7E, 0xFF, 0xFF, 0xD8, 0xCA, 0xF3, 0x0E, 0x00, 0x00, 0x00, 0x00, 0x00, 0x00, 
0x00, 0x1C, 0xFA, 0xFF, 0x6D, 0x00, 0x00, 0x05, 0x00, 0x00, 0x00, 0x00, 0x00, 0x00, 0x00, 0x00, 
0x74, 0xFF, 0xDB, 0x01, 0x00, 0x00, 0x00, 0x00, 0x00, 0x00, 0x00, 0x00, 0x00, 0x00, 0x00, 0xB2, 
0xFF, 0x95, 0x00, 0x00, 0x00, 0x00, 0x00, 0x00, 0x00, 0x00, 0x00, 0x00, 0x00, 0x00, 0xE6, 0xFF, 
0x60, 0x00, 0x00, 0x00, 0x00, 0x00, 0x00, 0x00, 0x00, 0x00, 0x33, 0xFC, 0xFF, 0xFF, 0xFF, 0xFF, 
0xFF, 0xFF, 0x4C, 0x00, 0x00, 0x00, 0x00, 0x00, 0x00, 0x51, 0xE0, 0xEB, 0xFF, 0xFC, 0xE0, 0xE0, 
0xD8, 0x1A, 0x00, 0x00, 0x00, 0x00, 0x00, 0x00, 0x00, 0x00, 0x7C, 0xFF, 0xC3, 0x00, 0x00, 0x00, 
0x00, 0x00, 0x00, 0x00, 0x00, 0x00, 0x00, 0x00, 0x00, 0xB0, 0xFF, 0x90, 0x00, 0x00, 0x00, 0x00, 
0x00, 0x00, 0x00, 0x00, 0x00, 0x00, 0x00, 0x00, 0xE3, 0xFF, 0x5D, 0x00, 0x00, 0x00, 0x00, 0x00, 
0x00, 0x00, 0x00, 0x00, 0x00, 0x00, 0x16, 0xFF, 0xFF, 0x29, 0x00, 0x00, 0x00, 0x00, 0x00, 0x00, 
0x00, 0x00, 0x00, 0x00, 0x00, 0x4A, 0xFF, 0xF4, 0x02, 0x00, 0x00, 0x00, 0x00, 0x00, 0x00, 0x00, 
0x00, 0x00, 0x00, 0x00, 0x7E, 0xFF, 0xC3, 0x00, 0x00, 0x00, 0x00, 0x00, 0x00, 0x00, 0x00, 0x00, 
0x00, 0x00, 0x00, 0xB1, 0xFF, 0x90, 0x00, 0x00, 0x00, 0x00, 0x00, 0x00, 0x00, 0x00, 0x00, 0x00, 
0x00, 0x00, 0xE5, 0xFF, 0x5D, 0x00, 0x00, 0x00, 0x00, 0x00, 0x00, 0x00, 0x00, 0x00, 0x00, 0x00, 
0x18, 0xFF, 0xFF, 0x29, 0x00, 0x00, 0x00, 0x00, 0x00, 0x00, 0x00, 0x00, 0x00, 0x00, 0x00, 0x4C, 
0xFF, 0xF4, 0x02, 0x00, 0x00, 0x00, 0x00, 0x00, 0x00, 0x00, 0x00, 0x00, 0x00, 0x00, 0x7F, 0xFF, 
0xC3, 0x00, 0x00, 0x00, 0x00, 0x00, 0x00, 0x00, 0x00, 0x00, 0x00, 0x00, 0x00, 0xB9, 0xFF, 0x8E, 
0x00, 0x00, 0x00, 0x00, 0x00, 0x00, 0x00, 0x00, 0x00, 0x00, 0x00, 0x11, 0xF5, 0xFF, 0x4C, 0x00, 
0x00, 0x00, 0x00, 0x00, 0x00, 0x00, 0x00, 0x00, 0x00, 0x06, 0xA3, 0xFF, 0xE2, 0x05, 0x00, 0x00, 
0x00, 0x00, 0x00, 0x00, 0x00, 0x00, 0x7A, 0xE8, 0xF8, 0xFF, 0xFD, 0x4B, 0x00, 0x00, 0x00, 0x00, 
0x00, 0x00, 0x00, 0x00, 0x00, 0x86, 0xF1, 0xF0, 0xBC, 0x3F, 0x00, 0x00, 0x00, 0x00, 0x00, 0x00, 
0x00, 0x00, 0x00, 0x00, 0x00, 0x00, 0x00, 0x00, 0x00, 0x00, 0x1F, 0x3C, 0x29, 0x00, 0x00, 0x00, 
0x0E, 0x02, 0x00, 0x00, 0x00, 0x00, 0x35, 0xC9, 0xFF, 0xFF, 0xFF, 0xD6, 0x39, 0x71, 0xFF, 0x7F, 
0x00, 0x00, 0x00, 0x44, 0xF8, 0xFF, 0xE7, 0xB4, 0xD5, 0xFF, 0xF6, 0xD7, 0xFF, 0x54, 0x00, 0x00, 
0x17, 0xE8, 0xFF, 0xB1, 0x0A, 0x00, 0x00, 0x59, 0xF8, 0xFF, 0xFF, 0x20, 0x00, 0x00, 0x9A, 0xFF, 
0xDB, 0x08, 0x00, 0x00, 0x00, 0x00, 0x7A, 0xFF, 0xEC, 0x00, 0x00, 0x11, 0xF6, 0xFF, 0x59, 0x00, 
0x00, 0x00, 0x00, 0x00, 0x84, 0xFF, 0xB9, 0x00, 0x00, 0x60, 0xFF, 0xF3, 0x09, 0x00, 0x00, 0x00, 
0x00, 0x00, 0xB7, 0xFF, 0x86, 0x00, 0x00, 0x9F, 0xFF, 0xBA, 0x00, 0x00, 0x00, 0x00, 0x00, 0x05, 
0xF2, 0xFF, 0x52, 0x00, 0x00, 0xC9, 0xFF, 0x8D, 0x00, 0x00, 0x00, 0x00, 0x00, 0x54, 0xFF, 0xFF, 
0x1F, 0x00, 0x00, 0xDD, 0xFF, 0x7C, 0x00, 0x00, 0x00, 0x00, 0x07, 0xD6, 0xFF, 0xEB, 0x00, 0x00, 
0x00, 0xD1, 0xFF, 0x8D, 0x00, 0x00, 0x00, 0x00, 0x8A, 0xFF, 0xFF, 0xB8, 0x00, 0x00, 0x00, 0xAE, 
0xFF, 0xDD, 0x0E, 0x00, 0x05, 0x85, 0xFF, 0xF1, 0xFF, 0x84, 0x00, 0x00, 0x00, 0x4B, 0xFF, 0xFF, 
0xE5, 0xB6, 0xE8, 0xFF, 0x9D, 0xD8, 0xFF, 0x51, 0x00, 0x00, 0x00, 0x00, 0x86, 0xFC, 0xFF, 0xFF, 
0xE2, 0x63, 0x16, 0xFF, 0xFF, 0x1D, 0x00, 0x00, 0x00, 0x00, 0x00, 0x13, 0x3C, 0x30, 0x03, 0x00, 
0x4D, 0xFF, 0xE8, 0x00, 0x00, 0x00, 0x00, 0x00, 0x00, 0x00, 0x00, 0x00, 0x00, 0x00, 0xA8, 0xFF, 
0xA2, 0x00, 0x00, 0x00, 0x00, 0xA6, 0x68, 0x11, 0x00, 0x00, 0x0E, 0x84, 0xFF, 0xFC, 0x32, 0x00, 
0x00, 0x00, 0x11, 0xFF, 0xFF, 0xFD, 0xE4, 0xE5, 0xFC, 0xFF, 0xFC, 0x66, 0x00, 0x00, 0x00, 0x00, 
0x00, 0x50, 0xAF, 0xD8, 0xF2, 0xF3, 0xD7, 0x99, 0x2C, 0x00, 0x00, 0x00, 0x00, 0x00, 0x00, 0x00, 
0x00, 0x00, 0x00, 0x07, 0x01, 0x00, 0x00, 0x00, 0x00, 0x00, 0x00, 0x00, 0x00, 0x00, 0x00, 0x71, 
0xFF, 0xB5, 0x00, 0x00, 0x00, 0x00, 0x00, 0x00, 0x00, 0x00, 0x00, 0x00, 0xB1, 0xFF, 0x8F, 0x00, 
0x00, 0x00, 0x00, 0x00, 0x00, 0x00, 0x00, 0x00, 0x00, 0xE4, 0xFF, 0x5D, 0x00, 0x00, 0x00, 0x00, 
0x00, 0x00, 0x00, 0x00, 0x00, 0x17, 0xFF, 0xFF, 0x2B, 0x00, 0x00, 0x00, 0x00, 0x00, 0x00, 0x00, 
0x00, 0x00, 0x4A, 0xFF, 0xF5, 0x03, 0x00, 0x00, 0x00, 0x00, 0x00, 0x00, 0x00, 0x00, 0x00, 0x7D, 
0xFF, 0xC6, 0x00, 0x00, 0x16, 0x3D, 0x2B, 0x00, 0x00, 0x00, 0x00, 0x00, 0xB0, 0xFF, 0x8E, 0x22, 
0xA9, 0xFE, 0xFF, 0xFF, 0xC0, 0x15, 0x00, 0x00, 0x00, 0xE3, 0xFF, 0x81, 0xED, 0xFD, 0xC4, 0xC8, 
0xFF, 0xFF, 0x92, 0x00, 0x00, 0x16, 0xFF, 0xFF, 0xEB, 0xD7, 0x2D, 0x00, 0x00, 0xA6, 0xFF, 0xD3, 
0x00, 0x00, 0x49, 0xFF, 0xFF, 0xE4, 0x17, 0x00, 0x00, 0x00, 0x71, 0xFF, 0xE0, 0x00, 0x00, 0x7C, 
0xFF, 0xFF, 0x4A, 0x00, 0x00, 0x00, 0x00, 0x81, 0xFF, 0xC5, 0x00, 0x00, 0xAF, 0xFF, 0xC8, 0x00, 
0x00, 0x00, 0x00, 0x00, 0xAA, 0xFF, 0x98, 0x00, 0x00, 0xE2, 0xFF, 0x6C, 0x00, 0x00, 0x00, 0x00, 
0x00, 0xDD, 0xFF, 0x65, 0x00, 0x15, 0xFF, 0xFF, 0x2D, 0x00, 0x00, 0x00, 0x00, 0x11, 0xFF, 0xFF, 
0x32, 0x00, 0x48, 0xFF, 0xF5, 0x03, 0x00, 0x00, 0x00, 0x00, 0x44, 0xFF, 0xF9, 0x06, 0x00, 0x7B, 
0xFF, 0xC5, 0x00, 0x00, 0x00, 0x00, 0x00, 0x77, 0xFF, 0xCC, 0x00, 0x00, 0xAE, 0xFF, 0x92, 0x00, 
0x00, 0x00, 0x00, 0x00, 0xAA, 0xFF, 0x99, 0x00, 0x00, 0xE1, 0xFF, 0x5F, 0x00, 0x00, 0x00, 0x00, 
0x00, 0xDD, 0xFF, 0x66, 0x00, 0x0E, 0xFF, 0xFD, 0x27, 0x00, 0x00, 0x00, 0x00, 0x0A, 0xFE, 0xFD, 
0x2D, 0x00, 0x00, 0x0D, 0x0A, 0x00, 0x00, 0x00, 0x00, 0x00, 0x00, 0x0D, 0x0B, 0x00, 0x00, 0x00, 
0x00, 0x00, 0x00, 0x04, 0x1D, 0x06, 0x00, 0x00, 0x00, 0x00, 0xCB, 0xFF, 0xAB, 0x00, 0x00, 0x00, 
0x1F, 0xFF, 0xFF, 0x98, 0x00, 0x00, 0x00, 0x04, 0x7A, 0x80, 0x15, 0x00, 0x00, 0x00, 0x00, 0x00, 
0x00, 0x00, 0x00, 0x00, 0x00, 0x01, 0x10, 0x02, 0x00, 0x00, 0x00, 0x00, 0xA7, 0xFF, 0x86, 0x00, 
0x00, 0x00, 0x00, 0xE2, 0xFF, 0x5D, 0x00, 0x00, 0x00, 0x15, 0xFF, 0xFF, 0x2A, 0x00, 0x00, 0x00, 
0x48, 0xFF, 0xF4, 0x02, 0x00, 0x00, 0x00, 0x7C, 0xFF, 0xC4, 0x00, 0x00, 0x00, 0x00, 0xAF, 0xFF, 
0x90, 0x00, 0x00, 0x00, 0x00, 0xE2, 0xFF, 0x5D, 0x00, 0x00, 0x00, 0x15, 0xFF, 0xFF, 0x2A, 0x00, 
0x00, 0x00, 0x48, 0xFF, 0xF4, 0x02, 0x00, 0x00, 0x00, 0x7B, 0xFF, 0xC4, 0x00, 0x00, 0x00, 0x00, 
0xAE, 0xFF, 0x91, 0x00, 0x00, 0x00, 0x00, 0xE1, 0xFF, 0x5E, 0x00, 0x00, 0x00, 0x0E, 0xFF, 0xFD, 
0x27, 0x00, 0x00, 0x00, 0x00, 0x0D, 0x0A, 0x00, 0x00, 0x00, 0x00, 0x00, 0x00, 0x00, 0x00, 0x00, 
0x00, 0x00, 0x00, 0x1A, 0x0D, 0x00, 0x00, 0x00, 0x00, 0x00, 0x00, 0x00, 0x87, 0xFF, 0xEE, 0x00, 
0x00, 0x00, 0x00, 0x00, 0x00, 0x00, 0xD9, 0xFF, 0xD8, 0x00, 0x00, 0x00, 0x00, 0x00, 0x00, 0x00, 
0x59, 0x89, 0x30, 0x00, 0x00, 0x00, 0x00, 0x00, 0x00, 0x00, 0x00, 0x00, 0x00, 0x00, 0x00, 0x00, 
0x00, 0x00, 0x00, 0x00, 0x0D, 0x05, 0x00, 0x00, 0x00, 0x00, 0x00, 0x00, 0x00, 0x69, 0xFF, 0xC9, 
0x00, 0x00, 0x00, 0x00, 0x00, 0x00, 0x00, 0xA6, 0xFF, 0xA0, 0x00, 0x00, 0x00, 0x00, 0x00, 0x00, 
0x00, 0xDA, 0xFF, 0x6D, 0x00, 0x00, 0x00, 0x00, 0x00, 0x00, 0x0E, 0xFE, 0xFF, 0x39, 0x00, 0x00, 
0x00, 0x00, 0x00, 0x00, 0x40, 0xFF, 0xFC, 0x0A, 0x00, 0x00, 0x00, 0x00, 0x00, 0x00, 0x73, 0xFF, 
0xD2, 0x00, 0x00, 0x00, 0x00, 0x00, 0x00, 0x00, 0xA6, 0xFF, 0x9F, 0x00, 0x00, 0x00, 0x00, 0x00, 
0x00, 0x00, 0xD9, 0xFF, 0x6B, 0x00, 0x00, 0x00, 0x00, 0x00, 0x00, 0x0E, 0xFE, 0xFF, 0x37, 0x00, 
0x00, 0x00, 0x00, 0x00, 0x00, 0x40, 0xFF, 0xFB, 0x08, 0x00, 0x00, 0x00, 0x00, 0x00, 0x00, 0x73, 
0xFF, 0xD0, 0x00, 0x00, 0x00, 0x00, 0x00, 0x00, 0x00, 0xA6, 0xFF, 0x9D, 0x00, 0x00, 0x00, 0x00, 
0x00, 0x00, 0x00, 0xD9, 0xFF, 0x69, 0x00, 0x00, 0x00, 0x00, 0x00, 0x00, 0x11, 0xFE, 0xFF, 0x33, 
0x00, 0x00, 0x00, 0x00, 0x00, 0x00, 0x57, 0xFF, 0xEB, 0x02, 0x00, 0x00, 0x00, 0x00, 0x00, 0x1D, 
0xD7, 0xFF, 0x9C, 0x00, 0x00, 0x00, 0x00, 0x7E, 0xF5, 0xFF, 0xFF, 0xEC, 0x1D, 0x00, 0x00, 0x00, 
0x00, 0x8E, 0xF4, 0xED, 0xAE, 0x26, 0x00, 0x00, 0x00, 0x00, 0x00, 0x00, 0x00, 0x00, 0x00, 0x00, 
0x07, 0x01, 0x00, 0x00, 0x00, 0x00, 0x00, 0x00, 0x00, 0x00, 0x00, 0x00, 0x71, 0xFF, 0xB5, 0x00, 
0x00, 0x00, 0x00, 0x00, 0x00, 0x00, 0x00, 0x00, 0x00, 0xB1, 0xFF, 0x8E, 0x00, 0x00, 0x00, 0x00, 
0x00, 0x00, 0x00, 0x00, 0x00, 0x00, 0xE4, 0xFF, 0x5B, 0x00, 0x00, 0x00, 0x00, 0x00, 0x00, 0x00, 
0x00, 0x00, 0x17, 0xFF, 0xFF, 0x27, 0x00, 0x00, 0x00, 0x00, 0x00, 0x00, 0x00, 0x00, 0x00, 0x4B, 
0xFF, 0xF2, 0x01, 0x00, 0x00, 0x00, 0x00, 0x00, 0x00, 0x00, 0x00, 0x00, 0x7E, 0xFF, 0xC0, 0x00, 
0x00, 0x00, 0x00, 0x00, 0x0E, 0x06, 0x00, 0x00, 0x00, 0xB1, 0xFF, 0x8D, 0x00, 0x00, 0x00, 0x18, 
0xCA, 0xFF, 0xCD, 0x00, 0x00, 0x00, 0xE4, 0xFF, 0x5A, 0x00, 0x00, 0x24, 0xDE, 0xFF, 0xD4, 0x1F, 
0x00, 0x00, 0x17, 0xFF, 0xFF, 0x26, 0x00, 0x34, 0xEA, 0xFF, 0xBA, 0x0F, 0x00, 0x00, 0x00, 0x4B, 
0xFF, 0xF1, 0x01, 0x45, 0xF3, 0xFF, 0x9A, 0x04, 0x00, 0x00, 0x00, 0x00, 0x7E, 0xFF, 0xBF, 0x5A, 
0xFA, 0xFE, 0x76, 0x00, 0x00, 0x00, 0x00, 0x00, 0x00, 0xB1, 0xFF, 0xDF, 0xFE, 0xFF, 0x5A, 0x00, 
0x00, 0x00, 0x00, 0x00, 0x00, 0x00, 0xE5, 0xFF, 0x81, 0xF9, 0xFF, 0x7E, 0x00, 0x00, 0x00, 0x00, 
0x00, 0x00, 0x18, 0xFF, 0xFF, 0x2A, 0x89, 0xFF, 0xF6, 0x1F, 0x00, 0x00, 0x00, 0x00, 0x00, 0x4B, 
0xFF, 0xF4, 0x02, 0x0D, 0xE7, 0xFF, 0xAD, 0x00, 0x00, 0x00, 0x00, 0x00, 0x7E, 0xFF, 0xC4, 0x00, 
0x00, 0x61, 0xFF, 0xFF, 0x44, 0x00, 0x00, 0x00, 0x00, 0xB2, 0xFF, 0x91, 0x00, 0x00, 0x01, 0xCB, 
0xFF, 0xD6, 0x05, 0x00, 0x00, 0x00, 0xE5, 0xFF, 0x5E, 0x00, 0x00, 0x00, 0x3A, 0xFF, 0xFF, 0x73, 
0x00, 0x00, 0x11, 0xFF, 0xFC, 0x27, 0x00, 0x00, 0x00, 0x00, 0xA3, 0xFF, 0xDA, 0x00, 0x00, 0x00, 
0x0D, 0x0A, 0x00, 0x00, 0x00, 0x00, 0x00, 0x01, 0x11, 0x05, 0x00, 0x00, 0x00, 0x00, 0x00, 0x00, 
0x00, 0x07, 0x01, 0x00, 0x00, 0x00, 0x00, 0x71, 0xFF, 0xB5, 0x00, 0x00, 0x00, 0x00, 0xB1, 0xFF, 
0x8E, 0x00, 0x00, 0x00, 0x00, 0xE4, 0xFF, 0x5B, 0x00, 0x00, 0x00, 0x17, 0xFF, 0xFF, 0x28, 0x00, 
0x00, 0x00, 0x4A, 0xFF, 0xF3, 0x02, 0x00, 0x00, 0x00, 0x7D, 0xFF, 0xC2, 0x00, 0x00, 0x00, 0x00, 
0xB0, 0xFF, 0x8F, 0x00, 0x00, 0x00, 0x00, 0xE3, 0xFF, 0x5C, 0x00, 0x00, 0x00, 0x16, 0xFF, 0xFF, 
0x29, 0x00, 0x00, 0x00, 0x49, 0xFF, 0xF4, 0x02, 0x00, 0x00, 0x00, 0x7C, 0xFF, 0xC3, 0x00, 0x00, 
0x00, 0x00, 0xAF, 0xFF, 0x90, 0x00, 0x00, 0x00, 0x00, 0xE2, 0xFF, 0x5D, 0x00, 0x00, 0x00, 0x15, 
0xFF, 0xFF, 0x2A, 0x00, 0x00, 0x00, 0x48, 0xFF, 0xF4, 0x02, 0x00, 0x00, 0x00, 0x7B, 0xFF, 0xC4, 
0x00, 0x00, 0x00, 0x00, 0xAE, 0xFF, 0x91, 0x00, 0x00, 0x00, 0x00, 0xE1, 0xFF, 0x5E, 0x00, 0x00, 
0x00, 0x0E, 0xFF, 0xFD, 0x27, 0x00, 0x00, 0x00, 0x00, 0x0D, 0x0A, 0x00, 0x00, 0x00, 0x00, 0x00, 
0x00, 0x00, 0x01, 0x0F, 0x00, 0x00, 0x00, 0x1B, 0x3B, 0x1A, 0x00, 0x00, 0x00, 0x00, 0x00, 0x21, 
0x3E, 0x1F, 0x00, 0x00, 0x00, 0x00, 0x00, 0xA4, 0xFF, 0x44, 0x28, 0xB2, 0xFF, 0xFF, 0xFF, 0xAE, 
0x05, 0x00, 0x34, 0xC0, 0xFF, 0xFF, 0xFF, 0x99, 0x01, 0x00, 0x00, 0x00, 0xE0, 0xFF, 0x5C, 0xF2, 
0xFB, 0xBF, 0xCE, 0xFF, 0xFF, 0x69, 0x55, 0xF8, 0xF7, 0xBA, 0xD8, 0xFF, 0xFF, 0x56, 0x00, 0x00, 
0x13, 0xFF, 0xF9, 0xEF, 0xD3, 0x27, 0x00, 0x01, 0xC3, 0xFF, 0xCD, 0xF8, 0xC3, 0x1B, 0x00, 0x06, 
0xE0, 0xFF, 0x94, 0x00, 0x00, 0x46, 0xFF, 0xFF, 0xDF, 0x14, 0x00, 0x00, 0x00, 0x91, 0xFF, 0xFF, 
0xCD, 0x0A, 0x00, 0x00, 0x00, 0xB2, 0xFF, 0xA0, 0x00, 0x00, 0x7A, 0xFF, 0xFF, 0x41, 0x00, 0x00, 
0x00, 0x00, 0xA2, 0xFF, 0xFB, 0x29, 0x00, 0x00, 0x00, 0x00, 0xC0, 0xFF, 0x85, 0x00, 0x00, 0xAD, 
0xFF, 0xC0, 0x00, 0x00, 0x00, 0x00, 0x00, 0xCE, 0xFF, 0xA4, 0x00, 0x00, 0x00, 0x00, 0x00, 0xEA, 
0xFF, 0x58, 0x00, 0x00, 0xE0, 0xFF, 0x68, 0x00, 0x00, 0x00, 0x00, 0x07, 0xFA, 0xFF, 0x4C, 0x00, 
0x00, 0x00, 0x00, 0x1E, 0xFF, 0xFF, 0x24, 0x00, 0x14, 0xFF, 0xFF, 0x2A, 0x00, 0x00, 0x00, 0x00, 
0x35, 0xFF, 0xFE, 0x0F, 0x00, 0x00, 0x00, 0x00, 0x51, 0xFF, 0xF0, 0x01, 0x00, 0x47, 0xFF, 0xF4, 
0x02, 0x00, 0x00, 0x00, 0x00, 0x68, 0xFF, 0xDB, 0x00, 0x00, 0x00, 0x00, 0x00, 0x84, 0xFF, 0xBD, 
0x00, 0x00, 0x7A, 0xFF, 0xC4, 0x00, 0x00, 0x00, 0x00, 0x00, 0x9B, 0xFF, 0xA8, 0x00, 0x00, 0x00, 
0x00, 0x00, 0xB7, 0xFF, 0x8A, 0x00, 0x00, 0xAD, 0xFF, 0x91, 0x00, 0x00, 0x00, 0x00, 0x00, 0xCE, 
0xFF, 0x75, 0x00, 0x00, 0x00, 0x00, 0x00, 0xE9, 0xFF, 0x56, 0x00, 0x00, 0xE1, 0xFF, 0x5E, 0x00, 
0x00, 0x00, 0x00, 0x06, 0xFA, 0xFF, 0x42, 0x00, 0x00, 0x00, 0x00, 0x1D, 0xFF, 0xFF, 0x23, 0x00, 
0x0E, 0xFF, 0xFD, 0x27, 0x00, 0x00, 0x00, 0x00, 0x2C, 0xFF, 0xF7, 0x10, 0x00, 0x00, 0x00, 0x00, 
0x49, 0xFF, 0xE8, 0x00, 0x00, 0x00, 0x0D, 0x0A, 0x00, 0x00, 0x00, 0x00, 0x00, 0x00, 0x0F, 0x08, 
0x00, 0x00, 0x00, 0x00, 0x00, 0x00, 0x11, 0x06, 0x00, 0x00, 0x00, 0x00, 0x00, 0x01, 0x0F, 0x00, 
0x00, 0x00, 0x18, 0x3D, 0x2A, 0x00, 0x00, 0x00, 0x00, 0x00, 0xA4, 0xFF, 0x44, 0x28, 0xB0, 0xFF, 
0xFF, 0xFF, 0xBC, 0x12, 0x00, 0x00, 0x00, 0xE0, 0xFF, 0x5D, 0xF2, 0xFD, 0xC3, 0xC6, 0xFF, 0xFF, 
0x8E, 0x00, 0x00, 0x13, 0xFF, 0xF8, 0xEA, 0xD4, 0x2A, 0x00, 0x00, 0xA9, 0xFF, 0xD3, 0x00, 0x00, 
0x46, 0xFF, 0xFF, 0xE0, 0x14, 0x00, 0x00, 0x00, 0x71, 0xFF, 0xE0, 0x00, 0x00, 0x7A, 0xFF, 0xFF, 
0x44, 0x00, 0x00, 0x00, 0x00, 0x7F, 0xFF, 0xC5, 0x00, 0x00, 0xAD, 0xFF, 0xC3, 0x00, 0x00, 0x00, 
0x00, 0x00, 0xAA, 0xFF, 0x98, 0x00, 0x00, 0xE0, 0xFF, 0x68, 0x00, 0x00, 0x00, 0x00, 0x00, 0xDD, 
0xFF, 0x64, 0x00, 0x14, 0xFF, 0xFF, 0x2A, 0x00, 0x00, 0x00, 0x00, 0x11, 0xFF, 0xFF, 0x31, 0x00, 
0x47, 0xFF, 0xF4, 0x02, 0x00, 0x00, 0x00, 0x00, 0x44, 0xFF, 0xF8, 0x05, 0x00, 0x7A, 0xFF, 0xC4, 
0x00, 0x00, 0x00, 0x00, 0x00, 0x77, 0xFF, 0xCA, 0x00, 0x00, 0xAD, 0xFF, 0x91, 0x00, 0x00, 0x00, 
0x00, 0x00, 0xAA, 0xFF, 0x96, 0x00, 0x00, 0xE1, 0xFF, 0x5E, 0x00, 0x00, 0x00, 0x00, 0x00, 0xDD, 
0xFF, 0x63, 0x00, 0x0E, 0xFF, 0xFD, 0x27, 0x00, 0x00, 0x00, 0x00, 0x0A, 0xFE, 0xFD, 0x2A, 0x00, 
0x00, 0x0D, 0x0A, 0x00, 0x00, 0x00, 0x00, 0x00, 0x00, 0x0D, 0x0B, 0x00, 0x00, 0x00, 0x00, 0x00, 
0x00, 0x00, 0x08, 0x31, 0x3F, 0x2C, 0x03, 0x00, 0x00, 0x00, 0x00, 0x00, 0x00, 0x1A, 0x9F, 0xF7, 
0xFF, 0xFF, 0xFF, 0xEF, 0x7F, 0x03, 0x00, 0x00, 0x00, 0x2B, 0xEC, 0xFF, 0xF4, 0xB5, 0xAE, 0xE1, 
0xFF, 0xFF, 0x8F, 0x00, 0x00, 0x1B, 0xE5, 0xFF, 0xBC, 0x1B, 0x00, 0x00, 0x06, 0xAA, 0xFF, 0xFA, 
0x12, 0x00, 0xA3, 0xFF, 0xD4, 0x0B, 0x00, 0x00, 0x00, 0x00, 0x2C, 0xFF, 0xFF, 0x47, 0x27, 0xFE, 
0xFF, 0x4A, 0x00, 0x00, 0x00, 0x00, 0x00, 0x0B, 0xFF, 0xFF, 0x55, 0x76, 0xFF, 0xE1, 0x01, 0x00, 
0x00, 0x00, 0x00, 0x00, 0x17, 0xFF, 0xFF, 0x40, 0xB9, 0xFF, 0xA3, 0x00, 0x00, 0x00, 0x00, 0x00, 
0x00, 0x3B, 0xFF, 0xFF, 0x21, 0xD7, 0xFF, 0x80, 0x00, 0x00, 0x00, 0x00, 0x00, 0x00, 0x7B, 0xFF, 
0xDE, 0x00, 0xEA, 0xFF, 0x76, 0x00, 0x00, 0x00, 0x00, 0x00, 0x02, 0xDD, 0xFF, 0x8E, 0x00, 0xDD, 
0xFF, 0x95, 0x00, 0x00, 0x00, 0x00, 0x00, 0x74, 0xFF, 0xF5, 0x19, 0x00, 0xA4, 0xFF, 0xF0, 0x26, 
0x00, 0x00, 0x01, 0x6C, 0xFC, 0xFF, 0x6F, 0x00, 0x00, 0x2E, 0xF8, 0xFF, 0xF6, 0xB9, 0xA3, 0xD8, 
0xFF, 0xFF, 0x81, 0x00, 0x00, 0x00, 0x00, 0x3F, 0xD1, 0xFF, 0xFF, 0xFF, 0xFF, 0xC7, 0x3C, 0x00, 
0x00, 0x00, 0x00, 0x00, 0x00, 0x00, 0x1D, 0x3C, 0x3A, 0x19, 0x00, 0x00, 0x00, 0x00, 0x00, 0x00, 
0x00, 0x00, 0x00, 0x00, 0x01, 0x0F, 0x00, 0x00, 0x00, 0x18, 0x3D, 0x29, 0x00, 0x00, 0x00, 0x00, 
0x00, 0x00, 0x00, 0xA1, 0xFF, 0x4C, 0x26, 0xAE, 0xFF, 0xFF, 0xFF, 0xCD, 0x1F, 0x00, 0x00, 0x00, 
0x00, 0x00, 0xE0, 0xFF, 0x5E, 0xF0, 0xFD, 0xC4, 0xC5, 0xFF, 0xFF, 0xBB, 0x00, 0x00, 0x00, 0x00, 
0x13, 0xFF, 0xFA, 0xE9, 0xD3, 0x2B, 0x00, 0x00, 0x7C, 0xFF, 0xFF, 0x20, 0x00, 0x00, 0x00, 0x46, 
0xFF, 0xFF, 0xDE, 0x13, 0x00, 0x00, 0x00, 0x1C, 0xFF, 0xFF, 0x44, 0x00, 0x00, 0x00, 0x7A, 0xFF, 
0xFF, 0x40, 0x00, 0x00, 0x00, 0x00, 0x0A, 0xFF, 0xFF, 0x4F, 0x00, 0x00, 0x00, 0xAD, 0xFF, 0xBF, 
0x00, 0x00, 0x00, 0x00, 0x00, 0x1D, 0xFF, 0xFF, 0x3A, 0x00, 0x00, 0x00, 0xE1, 0xFF, 0x65, 0x00, 
0x00, 0x00, 0x00, 0x00, 0x4B, 0xFF, 0xFE, 0x12, 0x00, 0x00, 0x14, 0xFF, 0xFF, 0x27, 0x00, 0x00, 
0x00, 0x00, 0x00, 0x8B, 0xFF, 0xD5, 0x00, 0x00, 0x00, 0x47, 0xFF, 0xF3, 0x02, 0x00, 0x00, 0x00, 
0x00, 0x04, 0xE6, 0xFF, 0x7F, 0x00, 0x00, 0x00, 0x7B, 0xFF, 0xE4, 0x08, 0x00, 0x00, 0x00, 0x00, 
0x75, 0xFF, 0xF9, 0x17, 0x00, 0x00, 0x00, 0xAE, 0xFF, 0xFF, 0xB1, 0x0D, 0x00, 0x00, 0x55, 0xF7, 
0xFF, 0x78, 0x00, 0x00, 0x00, 0x00, 0xE1, 0xFF, 0xEA, 0xFF, 0xF0, 0xB8, 0xC9, 0xFF, 0xFF, 0xB1, 
0x01, 0x00, 0x00, 0x00, 0x15, 0xFF, 0xFF, 0x33, 0x9F, 0xFB, 0xFF, 0xFF, 0xF2, 0x81, 0x04, 0x00, 
0x00, 0x00, 0x00, 0x48, 0xFF, 0xF2, 0x01, 0x00, 0x13, 0x3A, 0x33, 0x07, 0x00, 0x00, 0x00, 0x00, 
0x00, 0x00, 0x7C, 0xFF, 0xC2, 0x00, 0x00, 0x00, 0x00, 0x00, 0x00, 0x00, 0x00, 0x00, 0x00, 0x00, 
0x00, 0xAF, 0xFF, 0x8F, 0x00, 0x00, 0x00, 0x00, 0x00, 0x00, 0x00, 0x00, 0x00, 0x00, 0x00, 0x00, 
0xE2, 0xFF, 0x5C, 0x00, 0x00, 0x00, 0x00, 0x00, 0x00, 0x00, 0x00, 0x00, 0x00, 0x00, 0x0A, 0xF0, 
0xEE, 0x23, 0x00, 0x00, 0x00, 0x00, 0x00, 0x00, 0x00, 0x00, 0x00, 0x00, 0x00, 0x00, 0x00, 0x00, 
0x00, 0x00, 0x1F, 0x3C, 0x29, 0x00, 0x00, 0x00, 0x0E, 0x02, 0x00, 0x00, 0x00, 0x36, 0xC9, 0xFF, 
0xFF, 0xFF, 0xD6, 0x39, 0x71, 0xFF, 0x7F, 0x00, 0x00, 0x47, 0xF8, 0xFF, 0xE8, 0xB5, 0xD5, 0xFF, 
0xF6, 0xD7, 0xFF, 0x54, 0x00, 0x18, 0xEA, 0xFF, 0xB3, 0x09, 0x00, 0x00, 0x59, 0xF8, 0xFF, 0xFF, 
0x21, 0x00, 0x9D, 0xFF, 0xDC, 0x07, 0x00, 0x00, 0x00, 0x00, 0x7A, 0xFF, 0xED, 0x00, 0x12, 0xF6, 
0xFF, 0x5B, 0x00, 0x00, 0x00, 0x00, 0x00, 0x84, 0xFF, 0xBA, 0x00, 0x61, 0xFF, 0xF4, 0x0A, 0x00, 
0x00, 0x00, 0x00, 0x00, 0xB7, 0xFF, 0x87, 0x00, 0x9D, 0xFF, 0xBD, 0x00, 0x00, 0x00, 0x00, 0x00, 
0x05, 0xF2, 0xFF, 0x54, 0x00, 0xC8, 0xFF, 0x90, 0x00, 0x00, 0x00, 0x00, 0x00, 0x54, 0xFF, 0xFF, 
0x21, 0x00, 0xDC, 0xFF, 0x7D, 0x00, 0x00, 0x00, 0x00, 0x07, 0xD6, 0xFF, 0xEE, 0x00, 0x00, 0xD1, 
0xFF, 0x8F, 0x00, 0x00, 0x00, 0x00, 0x8A, 0xFF, 0xFF, 0xBB, 0x00, 0x00, 0xAE, 0xFF, 0xDE, 0x0C, 
0x00, 0x05, 0x85, 0xFF, 0xF1, 0xFF, 0x88, 0x00, 0x00, 0x4A, 0xFF, 0xFF, 0xE3, 0xB6, 0xE8, 0xFF, 
0x9D, 0xD7, 0xFF, 0x54, 0x00, 0x00, 0x00, 0x77, 0xFC, 0xFF, 0xFF, 0xE2, 0x63, 0x1A, 0xFF, 0xFF, 
0x21, 0x00, 0x00, 0x00, 0x00, 0x14, 0x3C, 0x30, 0x03, 0x00, 0x51, 0xFF, 0xEE, 0x00, 0x00, 0x00, 
0x00, 0x00, 0x00, 0x00, 0x00, 0x00, 0x00, 0x86, 0xFF, 0xBB, 0x00, 0x00, 0x00, 0x00, 0x00, 0x00, 
0x00, 0x00, 0x00, 0x00, 0xBA, 0xFF, 0x88, 0x00, 0x00, 0x00, 0x00, 0x00, 0x00, 0x00, 0x00, 0x00, 
0x00, 0xED, 0xFF, 0x55, 0x00, 0x00, 0x00, 0x00, 0x00, 0x00, 0x00, 0x00, 0x00, 0x13, 0xF2, 0xEC, 
0x1C, 0x00, 0x00, 0x00, 0x00, 0x00, 0x00, 0x01, 0x0F, 0x00, 0x00, 0x07, 0x35, 0x26, 0x00, 0x00, 
0x00, 0x00, 0xA8, 0xFF, 0x43, 0x51, 0xE8, 0xFF, 0xFF, 0x41, 0x00, 0x00, 0x00, 0xE3, 0xFF, 0x6F, 
0xFD, 0xFD, 0xEA, 0xFC, 0x1A, 0x00, 0x00, 0x16, 0xFF, 0xF8, 0xF1, 0xD1, 0x27, 0x00, 0x1A, 0x00, 
0x00, 0x00, 0x49, 0xFF, 0xFF, 0xDF, 0x13, 0x00, 0x00, 0x00, 0x00, 0x00, 0x00, 0x7C, 0xFF, 0xFF, 
0x43, 0x00, 0x00, 0x00, 0x00, 0x00, 0x00, 0x00, 0xAF, 0xFF, 0xCA, 0x00, 0x00, 0x00, 0x00, 0x00, 
0x00, 0x00, 0x00, 0xE2, 0xFF, 0x72, 0x00, 0x00, 0x00, 0x00, 0x00, 0x00, 0x00, 0x15, 0xFF, 0xFF, 
0x27, 0x00, 0x00, 0x00, 0x00, 0x00, 0x00, 0x00, 0x48, 0xFF, 0xF2, 0x01, 0x00, 0x00, 0x00, 0x00, 
0x00, 0x00, 0x00, 0x7B, 0xFF, 0xC2, 0x00, 0x00, 0x00, 0x00, 0x00, 0x00, 0x00, 0x00, 0xAE, 0xFF, 
0x90, 0x00, 0x00, 0x00, 0x00, 0x00, 0x00, 0x00, 0x00, 0xE1, 0xFF, 0x5E, 0x00, 0x00, 0x00, 0x00, 
0x00, 0x00, 0x00, 0x0E, 0xFF, 0xFD, 0x27, 0x00, 0x00, 0x00, 0x00, 0x00, 0x00, 0x00, 0x00, 0x0D, 
0x0A, 0x00, 0x00, 0x00, 0x00, 0x00, 0x00, 0x00, 0x00, 0x00, 0x00, 0x00, 0x00, 0x00, 0x15, 0x3A, 
0x37, 0x10, 0x00, 0x00, 0x00, 0x00, 0x00, 0x28, 0xBB, 0xFE, 0xFF, 0xFF, 0xFD, 0xB8, 0x0E, 0x00, 
0x00, 0x23, 0xED, 0xFF, 0xD1, 0x8B, 0x92, 0xDA, 0xFF, 0x20, 0x00, 0x00, 0xA4, 0xFF, 0xB8, 0x02, 
0x00, 0x00, 0x02, 0x38, 0x00, 0x00, 0x00, 0xE3, 0xFF, 0x64, 0x00, 0x00, 0x00, 0x00, 0x00, 0x00, 
0x00, 0x00, 0xDE, 0xFF, 0xBF, 0x10, 0x00, 0x00, 0x00, 0x00, 0x00, 0x00, 0x00, 0x6F, 0xFF, 0xFF, 
0xE6, 0x6F, 0x06, 0x00, 0x00, 0x00, 0x00, 0x00, 0x00, 0x6B, 0xF1, 0xFF, 0xFF, 0xDB, 0x27, 0x00, 
0x00, 0x00, 0x00, 0x00, 0x00, 0x14, 0x8B, 0xFC, 0xFF, 0xE0, 0x07, 0x00, 0x00, 0x00, 0x00, 0x00, 
0x00, 0x00, 0x55, 0xFF, 0xFF, 0x35, 0x00, 0x00, 0x00, 0x00, 0x00, 0x00, 0x00, 0x25, 0xFF, 0xFF, 
0x2A, 0x00, 0x69, 0x43, 0x00, 0x00, 0x00, 0x02, 0x97, 0xFF, 0xDB, 0x01, 0x00, 0xD7, 0xFF, 0xCE, 
0x95, 0x9D, 0xD8, 0xFF, 0xF9, 0x42, 0x00, 0x00, 0x54, 0xDB, 0xFF, 0xFF, 0xFF, 0xFE, 0xC0, 0x35, 
0x00, 0x00, 0x00, 0x00, 0x00, 0x20, 0x3C, 0x39, 0x13, 0x00, 0x00, 0x00, 0x00, 0x00, 0x00, 0x00, 
0x00, 0x15, 0x56, 0x38, 0x00, 0x00, 0x00, 0x00, 0x00, 0x00, 0x89, 0xFF, 0xB5, 0x00, 0x00, 0x00, 
0x00, 0x00, 0x00, 0xBE, 0xFF, 0x82, 0x00, 0x00, 0x00, 0x00, 0x00, 0x01, 0xF0, 0xFF, 0x4E, 0x00, 
0x00, 0x00, 0x3E, 0xFC, 0xFF, 0xFF, 0xFF, 0xFF, 0xFF, 0xFF, 0xA2, 0x5B, 0xE0, 0xEE, 0xFF, 0xFA, 
0xE0, 0xE0, 0xDF, 0x63, 0x00, 0x00, 0x90, 0xFF, 0xB7, 0x00, 0x00, 0x00, 0x00, 0x00, 0x00, 0xC3, 
0xFF, 0x83, 0x00, 0x00, 0x00, 0x00, 0x00, 0x02, 0xF3, 0xFF, 0x4F, 0x00, 0x00, 0x00, 0x00, 0x00, 
0x29, 0xFF, 0xFF, 0x1B, 0x00, 0x00, 0x00, 0x00, 0x00, 0x5C, 0xFF, 0xE7, 0x00, 0x00, 0x00, 0x00, 
0x00, 0x00, 0x8F, 0xFF, 0xB4, 0x00, 0x00, 0x00, 0x00, 0x00, 0x00, 0xC1, 0xFF, 0x80, 0x00, 0x00, 
0x00, 0x00, 0x00, 0x00, 0xEE, 0xFF, 0x5C, 0x00, 0x00, 0x00, 0x00, 0x00, 0x00, 0xFB, 0xFF, 0x6D, 
0x00, 0x00, 0x04, 0x00, 0x00, 0x00, 0xD5, 0xFF, 0xF5, 0xBB, 0xD7, 0x7A, 0x00, 0x00, 0x00, 0x45, 
0xEC, 0xFF, 0xFF, 0xF2, 0x32, 0x00, 0x00, 0x00, 0x00, 0x09, 0x2D, 0x33, 0x09, 0x00, 0x00, 0x00, 
0x00, 0x00, 0x02, 0x10, 0x01, 0x00, 0x00, 0x00, 0x00, 0x00, 0x01, 0x10, 0x02, 0x00, 0x00, 0xBA, 
0xFF, 0x77, 0x00, 0x00, 0x00, 0x00, 0x00, 0xAF, 0xFF, 0x82, 0x00, 0x02, 0xF4, 0xFF, 0x4D, 0x00, 
0x00, 0x00, 0x00, 0x00, 0xEA, 0xFF, 0x58, 0x00, 0x29, 0xFF, 0xFF, 0x1B, 0x00, 0x00, 0x00, 0x00, 
0x1E, 0xFF, 0xFF, 0x24, 0x00, 0x5B, 0xFF, 0xE8, 0x00, 0x00, 0x00, 0x00, 0x00, 0x50, 0xFF, 0xF0, 
0x01, 0x00, 0x8E, 0xFF, 0xB6, 0x00, 0x00, 0x00, 0x00, 0x00, 0x83, 0xFF, 0xBE, 0x00, 0x00, 0xC0, 
0xFF, 0x84, 0x00, 0x00, 0x00, 0x00, 0x00, 0xB6, 0xFF, 0x8A, 0x00, 0x01, 0xF0, 0xFF, 0x51, 0x00, 
0x00, 0x00, 0x00, 0x04, 0xF1, 0xFF, 0x57, 0x00, 0x25, 0xFF, 0xFF, 0x1F, 0x00, 0x00, 0x00, 0x00, 
0x52, 0xFF, 0xFF, 0x24, 0x00, 0x53, 0xFF, 0xF2, 0x00, 0x00, 0x00, 0x00, 0x02, 0xCF, 0xFF, 0xEF, 
0x01, 0x00, 0x71, 0xFF, 0xE3, 0x00, 0x00, 0x00, 0x00, 0x82, 0xFF, 0xFF, 0xBD, 0x00, 0x00, 0x65, 
0xFF, 0xFA, 0x1A, 0x00, 0x05, 0x85, 0xFF, 0xE3, 0xFF, 0x8A, 0x00, 0x00, 0x29, 0xFD, 0xFF, 0xE6, 
0xB5, 0xE7, 0xFF, 0xA7, 0xA7, 0xFF, 0x56, 0x00, 0x00, 0x00, 0x71, 0xFA, 0xFF, 0xFF, 0xE7, 0x6B, 
0x01, 0xCF, 0xFC, 0x20, 0x00, 0x00, 0x00, 0x00, 0x14, 0x3D, 0x33, 0x05, 0x00, 0x00, 0x09, 0x0B, 
0x00, 0x00, 0x00, 0x00, 0x0D, 0x07, 0x00, 0x00, 0x00, 0x00, 0x00, 0x00, 0x01, 0x10, 0x04, 0x42, 
0xFF, 0xF2, 0x01, 0x00, 0x00, 0x00, 0x00, 0x00, 0xAC, 0xFF, 0xA6, 0x31, 0xFF, 0xFF, 0x1D, 0x00, 
0x00, 0x00, 0x00, 0x11, 0xFA, 0xFF, 0x55, 0x0A, 0xFE, 0xFF, 0x42, 0x00, 0x00, 0x00, 0x00, 0x67, 
0xFF, 0xEE, 0x07, 0x00, 0xE1, 0xFF, 0x67, 0x00, 0x00, 0x00, 0x00, 0xC7, 0xFF, 0x94, 0x00, 0x00, 
0xB9, 0xFF, 0x8C, 0x00, 0x00, 0x00, 0x33, 0xFF, 0xFD, 0x27, 0x00, 0x00, 0x91, 0xFF, 0xB1, 0x00, 
0x00, 0x00, 0x9F, 0xFF, 0xAD, 0x00, 0x00, 0x00, 0x69, 0xFF, 0xD6, 0x00, 0x00, 0x22, 0xFA, 0xFF, 
0x35, 0x00, 0x00, 0x00, 0x41, 0xFF, 0xF9, 0x02, 0x00, 0xA5, 0xFF, 0xAC, 0x00, 0x00, 0x00, 0x00, 
0x19, 0xFF, 0xFF, 0x20, 0x35, 0xFD, 0xF8, 0x22, 0x00, 0x00, 0x00, 0x00, 0x00, 0xF0, 0xFF, 0x49, 
0xCE, 0xFF, 0x89, 0x00, 0x00, 0x00, 0x00, 0x00, 0x00, 0xC8, 0xFF, 0xD2, 0xFF, 0xD5, 0x09, 0x00, 
0x00, 0x00, 0x00, 0x00, 0x00, 0xA0, 0xFF, 0xFF, 0xF8, 0x2E, 0x00, 0x00, 0x00, 0x00, 0x00, 0x00, 
0x00, 0x71, 0xFF, 0xFE, 0x69, 0x00, 0x00, 0x00, 0x00, 0x00, 0x00, 0x00, 0x00, 0x00, 0x10, 0x0D, 
0x00, 0x00, 0x00, 0x00, 0x00, 0x00, 0x00, 0x00, 0x08, 0x0C, 0x00, 0x00, 0x00, 0x00, 0x00, 0x00, 
0x07, 0x0B, 0x00, 0x00, 0x00, 0x00, 0x00, 0x00, 0x08, 0x0C, 0x00, 0x06, 0xF9, 0xFF, 0x39, 0x00, 
0x00, 0x00, 0x00, 0x29, 0xF9, 0xFF, 0x2D, 0x00, 0x00, 0x00, 0x00, 0x39, 0xFD, 0xFF, 0x16, 0x00, 
0xF3, 0xFF, 0x57, 0x00, 0x00, 0x00, 0x00, 0x9E, 0xFF, 0xFF, 0x4C, 0x00, 0x00, 0x00, 0x00, 0x98, 
0xFF, 0xC9, 0x00, 0x00, 0xD7, 0xFF, 0x6F, 0x00, 0x00, 0x00, 0x19, 0xF9, 0xFF, 0xFF, 0x66, 0x00, 
0x00, 0x00, 0x05, 0xED, 0xFF, 0x69, 0x00, 0x00, 0xBB, 0xFF, 0x88, 0x00, 0x00, 0x00, 0x88, 0xFF, 
0xF2, 0xFF, 0x7F, 0x00, 0x00, 0x00, 0x54, 0xFF, 0xF7, 0x11, 0x00, 0x00, 0x9E, 0xFF, 0xA0, 0x00, 
0x00, 0x0D, 0xEF, 0xEF, 0x89, 0xFF, 0x98, 0x00, 0x00, 0x00, 0xBD, 0xFF, 0x9B, 0x00, 0x00, 0x00, 
0x82, 0xFF, 0xB9, 0x00, 0x00, 0x73, 0xFF, 0x87, 0x63, 0xFF, 0xB1, 0x00, 0x00, 0x27, 0xFF, 0xFE, 
0x28, 0x00, 0x00, 0x00, 0x65, 0xFF, 0xD1, 0x00, 0x05, 0xE2, 0xF8, 0x18, 0x49, 0xFF, 0xCB, 0x00, 
0x00, 0x9E, 0xFF, 0xB3, 0x00, 0x00, 0x00, 0x00, 0x49, 0xFF, 0xE9, 0x00, 0x5D, 0xFF, 0x9B, 0x00, 
0x2F, 0xFF, 0xE4, 0x00, 0x1E, 0xFA, 0xFE, 0x32, 0x00, 0x00, 0x00, 0x00, 0x2D, 0xFF, 0xFD, 0x04, 
0xD1, 0xFE, 0x27, 0x00, 0x16, 0xFF, 0xFB, 0x02, 0x9B, 0xFF, 0xA6, 0x00, 0x00, 0x00, 0x00, 0x00, 
0x10, 0xFF, 0xFF, 0x62, 0xFF, 0xAF, 0x00, 0x00, 0x01, 0xFA, 0xFF, 0x46, 0xFD, 0xF9, 0x22, 0x00, 
0x00, 0x00, 0x00, 0x00, 0x00, 0xF3, 0xFF, 0xE4, 0xFF, 0x39, 0x00, 0x00, 0x00, 0xE2, 0xFF, 0xE2, 
0xFF, 0x7C, 0x00, 0x00, 0x00, 0x00, 0x00, 0x00, 0x00, 0xD7, 0xFF, 0xFF, 0xC3, 0x00, 0x00, 0x00, 
0x00, 0xC8, 0xFF, 0xFF, 0xCF, 0x04, 0x00, 0x00, 0x00, 0x00, 0x00, 0x00, 0x00, 0xB1, 0xFF, 0xFB, 
0x46, 0x00, 0x00, 0x00, 0x00, 0xA7, 0xFF, 0xF3, 0x30, 0x00, 0x00, 0x00, 0x00, 0x00, 0x00, 0x00, 
0x00, 0x02, 0x12, 0x08, 0x00, 0x00, 0x00, 0x00, 0x00, 0x02, 0x13, 0x07, 0x00, 0x00, 0x00, 0x00, 
0x00, 0x00, 0x00, 0x00, 0x00, 0x00, 0x07, 0x0F, 0x00, 0x00, 0x00, 0x00, 0x00, 0x00, 0x03, 0x10, 
0x02, 0x00, 0x00, 0x00, 0xDB, 0xFF, 0x84, 0x00, 0x00, 0x00, 0x00, 0x25, 0xEA, 0xFF, 0x67, 0x00, 
0x00, 0x00, 0x7E, 0xFF, 0xEC, 0x08, 0x00, 0x00, 0x0D, 0xD5, 0xFF, 0xA7, 0x00, 0x00, 0x00, 0x00, 
0x15, 0xF7, 0xFF, 0x63, 0x00, 0x01, 0xAE, 0xFF, 0xCA, 0x08, 0x00, 0x00, 0x00, 0x00, 0x00, 0x9D, 
0xFF, 0xD0, 0x00, 0x7E, 0xFF, 0xE4, 0x1A, 0x00, 0x00, 0x00, 0x00, 0x00, 0x00, 0x2C, 0xFF, 0xFF, 
0x88, 0xFE, 0xF6, 0x34, 0x00, 0x00, 0x00, 0x00, 0x00, 0x00, 0x00, 0x00, 0xBB, 0xFF, 0xFF, 0xFF, 
0x57, 0x00, 0x00, 0x00, 0x00, 0x00, 0x00, 0x00, 0x00, 0x00, 0x91, 0xFF, 0xFF, 0xC1, 0x00, 0x00, 
0x00, 0x00, 0x00, 0x00, 0x00, 0x00, 0x00, 0x57, 0xFE, 0xFC, 0xFF, 0xFC, 0x1F, 0x00, 0x00, 0x00, 
0x00, 0x00, 0x00, 0x00, 0x37, 0xF7, 0xFE, 0x55, 0xDF, 0xFF, 0x8E, 0x00, 0x00, 0x00, 0x00, 0x00, 
0x00, 0x1E, 0xE8, 0xFF, 0x85, 0x00, 0x76, 0xFF, 0xF2, 0x0E, 0x00, 0x00, 0x00, 0x00, 0x0D, 0xD2, 
0xFF, 0xB7, 0x02, 0x00, 0x12, 0xF6, 0xFF, 0x73, 0x00, 0x00, 0x00, 0x03, 0xB4, 0xFF, 0xDC, 0x11, 
0x00, 0x00, 0x00, 0x9E, 0xFF, 0xE1, 0x04, 0x00, 0x00, 0x75, 0xFF, 0xEF, 0x2C, 0x00, 0x00, 0x00, 
0x00, 0x31, 0xFE, 0xFF, 0x40, 0x00, 0x00, 0x03, 0x12, 0x04, 0x00, 0x00, 0x00, 0x00, 0x00, 0x00, 
0x0C, 0x0D, 0x00, 0x00, 0x00, 0x00, 0x00, 0x0C, 0x08, 0x00, 0x00, 0x00, 0x00, 0x00, 0x00, 0x00, 
0x10, 0x04, 0x00, 0x3E, 0xFF, 0xF7, 0x07, 0x00, 0x00, 0x00, 0x00, 0x00, 0xA6, 0xFF, 0xA7, 0x00, 
0x26, 0xFF, 0xFF, 0x2C, 0x00, 0x00, 0x00, 0x00, 0x0E, 0xF7, 0xFF, 0x5D, 0x00, 0x03, 0xF7, 0xFF, 
0x55, 0x00, 0x00, 0x00, 0x00, 0x5E, 0xFF, 0xF2, 0x0A, 0x00, 0x00, 0xCF, 0xFF, 0x7E, 0x00, 0x00, 
0x00, 0x00, 0xC1, 0xFF, 0x98, 0x00, 0x00, 0x00, 0xA4, 0xFF, 0xA6, 0x00, 0x00, 0x00, 0x2B, 0xFF, 
0xFE, 0x29, 0x00, 0x00, 0x00, 0x79, 0xFF, 0xCF, 0x00, 0x00, 0x00, 0x99, 0xFF, 0xB6, 0x00, 0x00, 
0x00, 0x00, 0x4D, 0xFF, 0xF6, 0x01, 0x00, 0x1E, 0xF9, 0xFF, 0x3F, 0x00, 0x00, 0x00, 0x00, 0x22, 
0xFF, 0xFF, 0x20, 0x00, 0x99, 0xFF, 0xB5, 0x00, 0x00, 0x00, 0x00, 0x00, 0x01, 0xF5, 0xFF, 0x49, 
0x2E, 0xFB, 0xFD, 0x2E, 0x00, 0x00, 0x00, 0x00, 0x00, 0x00, 0xCC, 0xFF, 0x74, 0xC8, 0xFF, 0x9C, 
0x00, 0x00, 0x00, 0x00, 0x00, 0x00, 0x00, 0xA0, 0xFF, 0xEA, 0xFF, 0xE9, 0x11, 0x00, 0x00, 0x00, 
0x00, 0x00, 0x00, 0x00, 0x75, 0xFF, 0xFF, 0xFF, 0x4E, 0x00, 0x00, 0x00, 0x00, 0x00, 0x00, 0x00, 
0x00, 0x4A, 0xFF, 0xFF, 0x98, 0x00, 0x00, 0x00, 0x00, 0x00, 0x00, 0x00, 0x00, 0x00, 0x98, 0xFF, 
0xD4, 0x09, 0x00, 0x00, 0x00, 0x00, 0x00, 0x00, 0x00, 0x00, 0x5E, 0xFF, 0xF6, 0x2B, 0x00, 0x00, 
0x00, 0x00, 0x00, 0x00, 0x00, 0x00, 0x2F, 0xF6, 0xFF, 0x65, 0x00, 0x00, 0x00, 0x00, 0x00, 0x00, 
0x00, 0x00, 0x10, 0xDC, 0xFF, 0xA9, 0x00, 0x00, 0x00, 0x00, 0x00, 0x00, 0x00, 0x00, 0x00, 0x84, 
0xF8, 0xC5, 0x0F, 0x00, 0x00, 0x00, 0x00, 0x00, 0x00, 0x00, 0x00, 0x00, 0x00, 0x00, 0x4D, 0xFE, 
0xFF, 0xFF, 0xFF, 0xFF, 0xFF, 0xFF, 0xB1, 0x00, 0x00, 0x6C, 0xE4, 0xE4, 0xE4, 0xE4, 0xE6, 0xFF, 
0xFF, 0x8C, 0x00, 0x00, 0x00, 0x00, 0x00, 0x00, 0x00, 0x8A, 0xFF, 0xE5, 0x17, 0x00, 0x00, 0x00, 
0x00, 0x00, 0x00, 0x5D, 0xFF, 0xF7, 0x36, 0x00, 0x00, 0x00, 0x00, 0x00, 0x00, 0x38, 0xF8, 0xFF, 
0x5A, 0x00, 0x00, 0x00, 0x00, 0x00, 0x00, 0x1D, 0xE8, 0xFF, 0x86, 0x00, 0x00, 0x00, 0x00, 0x00, 
0x00, 0x0A, 0xCE, 0xFF, 0xB1, 0x02, 0x00, 0x00, 0x00, 0x00, 0x00, 0x01, 0xAB, 0xFF, 0xD3, 0x0C, 
0x00, 0x00, 0x00, 0x00, 0x00, 0x00, 0x82, 0xFF, 0xEB, 0x21, 0x00, 0x00, 0x00, 0x00, 0x00, 0x00, 
0x56, 0xFE, 0xFA, 0x3E, 0x00, 0x00, 0x00, 0x00, 0x00, 0x00, 0x2F, 0xF6, 0xFF, 0x65, 0x00, 0x00, 
0x00, 0x00, 0x00, 0x00, 0x00, 0xBC, 0xFF, 0xFE, 0xE8, 0xE8, 0xE8, 0xE8, 0xE8, 0xC1, 0x00, 0x00, 
0xDA, 0xFF, 0xFF, 0xFF, 0xFF, 0xFF, 0xFF, 0xFF, 0xA7, 0x00, 0x00, 0x00, 0x00, 0x00, 0x00, 0x00, 
0x00, 0x02, 0x2D, 0x3B, 0x0B, 0x00, 0x00, 0x00, 0x00, 0x00, 0x2A, 0xDD, 0xFF, 0xFF, 0x53, 0x00, 
0x00, 0x00, 0x00, 0x02, 0xD4, 0xFF, 0xC0, 0x7C, 0x0B, 0x00, 0x00, 0x00, 0x00, 0x44, 0xFF, 0xDC, 
0x03, 0x00, 0x00, 0x00, 0x00, 0x00, 0x00, 0x8D, 0xFF, 0x89, 0x00, 0x00, 0x00, 0x00, 0x00, 0x00, 
0x00, 0xC5, 0xFF, 0x4D, 0x00, 0x00, 0x00, 0x00, 0x00, 0x00, 0x02, 0xF4, 0xFF, 0x1A, 0x00, 0x00, 
0x00, 0x00, 0x00, 0x00, 0x2A, 0xFF, 0xE8, 0x00, 0x00, 0x00, 0x00, 0x00, 0x00, 0x00, 0x65, 0xFF, 
0xAD, 0x00, 0x00, 0x00, 0x00, 0x00, 0x00, 0x00, 0xB5, 0xFF, 0x60, 0x00, 0x00, 0x00, 0x00, 0x00, 
0x00, 0x4F, 0xFF, 0xE0, 0x06, 0x00, 0x00, 0x00, 0x00, 0x2C, 0xA9, 0xFB, 0xE5, 0x2D, 0x00, 0x00, 
0x00, 0x00, 0x00, 0x90, 0xFF, 0xE7, 0x2D, 0x00, 0x00, 0x00, 0x00, 0x00, 0x00, 0x0E, 0x7C, 0xFF, 
0xDF, 0x03, 0x00, 0x00, 0x00, 0x00, 0x00, 0x00, 0x00, 0xE5, 0xFF, 0x31, 0x00, 0x00, 0x00, 0x00, 
0x00, 0x00, 0x00, 0xD4, 0xFF, 0x3C, 0x00, 0x00, 0x00, 0x00, 0x00, 0x00, 0x03, 0xF5, 0xFF, 0x1A, 
0x00, 0x00, 0x00, 0x00, 0x00, 0x00, 0x2C, 0xFF, 0xE8, 0x00, 0x00, 0x00, 0x00, 0x00, 0x00, 0x00, 
0x61, 0xFF, 0xB5, 0x00, 0x00, 0x00, 0x00, 0x00, 0x00, 0x00, 0x95, 0xFF, 0x81, 0x00, 0x00, 0x00, 
0x00, 0x00, 0x00, 0x00, 0xBE, 0xFF, 0x53, 0x00, 0x00, 0x00, 0x00, 0x00, 0x00, 0x00, 0xD6, 0xFF, 
0x3C, 0x00, 0x00, 0x00, 0x00, 0x00, 0x00, 0x00, 0xCC, 0xFF, 0xA4, 0x4F, 0x00, 0x00, 0x00, 0x00, 
0x00, 0x00, 0x75, 0xFF, 0xFF, 0xED, 0x00, 0x00, 0x00, 0x00, 0x00, 0x00, 0x00, 0x38, 0x61, 0x39, 
0x00, 0x00, 0x00, 0x00, 0x00, 0x00, 0x00, 0x00, 0x00, 0x04, 0x87, 0x8F, 0x04, 0x00, 0x00, 0x00, 
0x00, 0x33, 0xFF, 0xEC, 0x00, 0x00, 0x00, 0x00, 0x00, 0x66, 0xFF, 0xB9, 0x00, 0x00, 0x00, 0x00, 
0x00, 0x99, 0xFF, 0x85, 0x00, 0x00, 0x00, 0x00, 0x00, 0xCC, 0xFF, 0x52, 0x00, 0x00, 0x00, 0x00, 
0x06, 0xF9, 0xFF, 0x1F, 0x00, 0x00, 0x00, 0x00, 0x32, 0xFF, 0xEB, 0x00, 0x00, 0x00, 0x00, 0x00, 
0x66, 0xFF, 0xB8, 0x00, 0x00, 0x00, 0x00, 0x00, 0x99, 0xFF, 0x85, 0x00, 0x00, 0x00, 0x00, 0x00, 
0xCC, 0xFF, 0x52, 0x00, 0x00, 0x00, 0x00, 0x05, 0xF9, 0xFF, 0x1F, 0x00, 0x00, 0x00, 0x00, 0x32, 
0xFF, 0xEB, 0x00, 0x00, 0x00, 0x00, 0x00, 0x65, 0xFF, 0xB8, 0x00, 0x00, 0x00, 0x00, 0x00, 0x98, 
0xFF, 0x85, 0x00, 0x00, 0x00, 0x00, 0x00, 0xCB, 0xFF, 0x52, 0x00, 0x00, 0x00, 0x00, 0x05, 0xF8, 
0xFF, 0x1F, 0x00, 0x00, 0x00, 0x00, 0x31, 0xFF, 0xEB, 0x00, 0x00, 0x00, 0x00, 0x00, 0x64, 0xFF, 
0xB8, 0x00, 0x00, 0x00, 0x00, 0x00, 0x97, 0xFF, 0x85, 0x00, 0x00, 0x00, 0x00, 0x00, 0xCA, 0xFF, 
0x52, 0x00, 0x00, 0x00, 0x00, 0x05, 0xF8, 0xFF, 0x1E, 0x00, 0x00, 0x00, 0x00, 0x30, 0xFF, 0xEB, 
0x00, 0x00, 0x00, 0x00, 0x00, 0x64, 0xFF, 0xB8, 0x00, 0x00, 0x00, 0x00, 0x00, 0x97, 0xFF, 0x85, 
0x00, 0x00, 0x00, 0x00, 0x00, 0xB6, 0xF6, 0x45, 0x00, 0x00, 0x00, 0x00, 0x00, 0x00, 0x00, 0x00, 
0x00, 0x00, 0x1D, 0x38, 0x12, 0x00, 0x00, 0x00, 0x00, 0x00, 0x00, 0x00, 0xE7, 0xFF, 0xF8, 0x54, 
0x00, 0x00, 0x00, 0x00, 0x00, 0x00, 0x77, 0xC5, 0xFF, 0xC7, 0x00, 0x00, 0x00, 0x00, 0x00, 0x00, 
0x00, 0x42, 0xFF, 0xD9, 0x00, 0x00, 0x00, 0x00, 0x00, 0x00, 0x00, 0x54, 0xFF, 0xC1, 0x00, 0x00, 
0x00, 0x00, 0x00, 0x00, 0x00, 0x7C, 0xFF, 0x98, 0x00, 0x00, 0x00, 0x00, 0x00, 0x00, 0x00, 0xB0, 
0xFF, 0x66, 0x00, 0x00, 0x00, 0x00, 0x00, 0x00, 0x00, 0xE5, 0xFF, 0x32, 0x00, 0x00, 0x00, 0x00, 
0x00, 0x00, 0x11, 0xFF, 0xFB, 0x05, 0x00, 0x00, 0x00, 0x00, 0x00, 0x00, 0x1F, 0xFF, 0xF1, 0x00, 
0x00, 0x00, 0x00, 0x00, 0x00, 0x00, 0x07, 0xF5, 0xFF, 0x2A, 0x00, 0x00, 0x00, 0x00, 0x00, 0x00, 
0x00, 0x78, 0xFE, 0xE7, 0x66, 0x00, 0x00, 0x00, 0x00, 0x00, 0x00, 0x51, 0xDB, 0xFF, 0x95, 0x00, 
0x00, 0x00, 0x00, 0x00, 0x6B, 0xFF, 0xD3, 0x3F, 0x04, 0x00, 0x00, 0x00, 0x00, 0x15, 0xF4, 0xF7, 
0x23, 0x00, 0x00, 0x00, 0x00, 0x00, 0x00, 0x6D, 0xFF, 0xAC, 0x00, 0x00, 0x00, 0x00, 0x00, 0x00, 
0x00, 0xAD, 0xFF, 0x65, 0x00, 0x00, 0x00, 0x00, 0x00, 0x00, 0x00, 0xE3, 0xFF, 0x30, 0x00, 0x00, 
0x00, 0x00, 0x00, 0x00, 0x16, 0xFF, 0xF7, 0x04, 0x00, 0x00, 0x00, 0x00, 0x00, 0x00, 0x49, 0xFF, 
0xC8, 0x00, 0x00, 0x00, 0x00, 0x00, 0x00, 0x00, 0x82, 0xFF, 0x91, 0x00, 0x00, 0x00, 0x00, 0x00, 
0x00, 0x00, 0xD4, 0xFF, 0x4D, 0x00, 0x00, 0x00, 0x00, 0x04, 0x54, 0x9B, 0xFF, 0xE4, 0x05, 0x00, 
0x00, 0x00, 0x00, 0x50, 0xFF, 0xFF, 0xE9, 0x3D, 0x00, 0x00, 0x00, 0x00, 0x00, 0x1A, 0x65, 0x56, 
0x13, 0x00, 0x00, 0x00, 0x00, 0x00, 0x00, 0x00, 0x00, 0x40, 0x72, 0x5E, 0x19, 0x00, 0x00, 0x00, 
0x00, 0x00, 0x08, 0x02, 0x06, 0xA4, 0xFF, 0xFF, 0xFF, 0xF3, 0x4E, 0x00, 0x00, 0x00, 0x35, 0xFF, 
0x88, 0x6E, 0xFF, 0xD4, 0x6E, 0xA6, 0xFF, 0xF7, 0x32, 0x00, 0x00, 0x7B, 0xFF, 0x6D, 0xD0, 0xFB, 
0x1E, 0x00, 0x00, 0x92, 0xFF, 0xEB, 0x6D, 0x76, 0xF4, 0xEE, 0x13, 0xEE, 0xCD, 0x00, 0x00, 0x00, 
0x05, 0xB4, 0xFF, 0xFF, 0xFF, 0xF4, 0x50, 0x00, 0x15, 0x0C, 0x00, 0x00, 0x00, 0x00, 0x01, 0x53, 
0x89, 0x79, 0x24, 0x00, 0x00, 0x00, 0x00, 0x00, 0x00, 0x00, 0x00, 0x5D, 0xDB, 0x79, 0x00, 0x00, 
0x00, 0x00, 0x00, 0xB0, 0xFF, 0x73, 0x00, 0x00, 0x00, 0x00, 0x00, 0xE2, 0xFF, 0x3F, 0x00, 0x00, 
0x00, 0x00, 0x15, 0xFF, 0xFE, 0x0E, 0x00, 0x00, 0x00, 0x00, 0x48, 0xFF, 0xD8, 0x00, 0x00, 0x00, 
0x00, 0x00, 0x7B, 0xFF, 0xA4, 0x00, 0x00, 0x00, 0x00, 0x00, 0xAE, 0xFF, 0x71, 0x00, 0x00, 0x00, 
0x00, 0x00, 0xE0, 0xFF, 0x3D, 0x00, 0x00, 0x00, 0x00, 0x13, 0xFF, 0xFD, 0x0C, 0x00, 0x00, 0x00, 
0x00, 0x3C, 0xFF, 0xCA, 0x00, 0x00, 0x00, 0x00, 0x00, 0x00, 0x09, 0x02, 0x00, 0x00, 0x00, 0x00, 
0x00, 0x00, 0x00, 0x00, 0x00, 0x00, 0x00, 0x00, 0x00, 0x00, 0x00, 0x00, 0x00, 0x00, 0x00, 0x00, 
0x00, 0x00, 0x00, 0x00, 0x00, 0x00, 0x00, 0x00, 0x00, 0x00, 0x00, 0x00, 0x00, 0x00, 0x00, 0x00, 
0x4A, 0xB3, 0x5C, 0x00, 0x00, 0x00, 0x00, 0x00, 0xAC, 0xFF, 0x73, 0x00, 0x00, 0x00, 0x00, 0x00, 
0xDF, 0xFF, 0x3F, 0x00, 0x00, 0x00, 0x00, 0x13, 0xFF, 0xFE, 0x0E, 0x00, 0x00, 0x00, 0x00, 0x46, 
0xFF, 0xD8, 0x00, 0x00, 0x00, 0x00, 0x00, 0x79, 0xFF, 0xA4, 0x00, 0x00, 0x00, 0x00, 0x00, 0xAD, 
0xFF, 0x70, 0x00, 0x00, 0x00, 0x00, 0x00, 0xE0, 0xFF, 0x3D, 0x00, 0x00, 0x00, 0x00, 0x13, 0xFF, 
0xFD, 0x0C, 0x00, 0x00, 0x00, 0x00, 0x46, 0xFF, 0xD5, 0x00, 0x00, 0x00, 0x00, 0x00, 0x16, 0x55, 
0x2D, 0x00, 0x00, 0x00, 0x00, 0x00, 0x00, 0x00, 0x00, 0x00, 0x00, 0x00, 0x00, 0x0F, 0x45, 0x5D, 
0x4D, 0x14, 0x00, 0x00, 0x00, 0x00, 0x00, 0x00, 0x07, 0x8C, 0xF6, 0xFF, 0xFF, 0xFF, 0xFB, 0x6E, 
0x00, 0x00, 0x00, 0x00, 0x00, 0xA4, 0xFF, 0xF1, 0x86, 0x62, 0x8A, 0xEB, 0x96, 0x00, 0x00, 0x00, 
0x00, 0x2D, 0xFF, 0xFE, 0x34, 0x00, 0x00, 0x00, 0x12, 0x19, 0x00, 0x00, 0x00, 0x00, 0x69, 0xFF, 
0xDE, 0x00, 0x00, 0x00, 0x00, 0x00, 0x00, 0x00, 0x00, 0x00, 0x00, 0x65, 0xFF, 0xFB, 0x21, 0x00, 
0x00, 0x00, 0x00, 0x00, 0x00, 0x00, 0x00, 0x00, 0x16, 0xF8, 0xFF, 0xE4, 0x59, 0x02, 0x00, 0x00, 
0x00, 0x00, 0x00, 0x00, 0x19, 0xC1, 0xFF, 0xFF, 0xFF, 0xFF, 0xDD, 0x62, 0x01, 0x00, 0x00, 0x00, 
0x10, 0xD6, 0xFF, 0xB4, 0x30, 0x8D, 0xF1, 0xFF, 0xFF, 0xB1, 0x02, 0x00, 0x00, 0x8F, 0xFF, 0xC5, 
0x04, 0x00, 0x00, 0x0F, 0x8D, 0xFF, 0xFF, 0x66, 0x00, 0x02, 0xF2, 0xFF, 0x57, 0x00, 0x00, 0x00, 
0x00, 0x00, 0xB6, 0xFF, 0xA3, 0x00, 0x0A, 0xFF, 0xFF, 0x4D, 0x00, 0x00, 0x00, 0x00, 0x00, 0xA2, 
0xFF, 0x9E, 0x00, 0x00, 0xDC, 0xFF, 0xD3, 0x22, 0x00, 0x00, 0x00, 0x10, 0xEB, 0xFF, 0x4A, 0x00, 
0x00, 0x4D, 0xFB, 0xFF, 0xF9, 0x9C, 0x26, 0x18, 0xC2, 0xFF, 0xB5, 0x00, 0x00, 0x00, 0x00, 0x3A, 
0xCB, 0xFF, 0xFF, 0xFB, 0xF4, 0xFF, 0xB4, 0x0A, 0x00, 0x00, 0x00, 0x00, 0x00, 0x00, 0x45, 0xC5, 
0xFF, 0xFF, 0xB9, 0x00, 0x00, 0x00, 0x00, 0x00, 0x00, 0x00, 0x00, 0x00, 0x00, 0x96, 0xFF, 0xFA, 
0x0E, 0x00, 0x00, 0x00, 0x00, 0x00, 0x00, 0x00, 0x00, 0x00, 0x33, 0xFF, 0xFF, 0x1F, 0x00, 0x00, 
0x00, 0x13, 0x00, 0x00, 0x00, 0x00, 0x00, 0x70, 0xFF, 0xE7, 0x02, 0x00, 0x00, 0x01, 0xEA, 0xB2, 
0x3F, 0x12, 0x1C, 0x6B, 0xF4, 0xFF, 0x70, 0x00, 0x00, 0x00, 0x05, 0xE2, 0xFF, 0xFF, 0xFF, 0xFF, 
0xFF, 0xFE, 0x89, 0x01, 0x00, 0x00, 0x00, 0x00, 0x0E, 0x6C, 0xAD, 0xC2, 0xAF, 0x87, 0x2A, 0x00, 
0x00, 0x00, 0x00, 0x00, 0x00, 0x00, 0x00, 0x00, 0x00, 0x00, 0x00, 0x00, 0x00, 0x00, 0x0F, 0x1E, 
0x1C, 0x0C, 0x00, 0x00, 0x00, 0x00, 0x00, 0x00, 0x00, 0x00, 0x00, 0x00, 0x00, 0x00, 0x09, 0x63, 
0xB6, 0xEC, 0xFF, 0xFF, 0xFF, 0xFF, 0xE5, 0xA4, 0x40, 0x00, 0x00, 0x00, 0x00, 0x00, 0x00, 0x00, 
0x00, 0x5C, 0xE8, 0xFF, 0xE9, 0xAA, 0x82, 0x74, 0x7A, 0x95, 0xCD, 0xFF, 0xFF, 0xA6, 0x08, 0x00, 
0x00, 0x00, 0x00, 0x01, 0x92, 0xFF, 0xDE, 0x54, 0x03, 0x00, 0x00, 0x00, 0x00, 0x00, 0x00, 0x2F, 
0xCB, 0xFF, 0x96, 0x00, 0x00, 0x00, 0x00, 0x72, 0xFF, 0xC2, 0x13, 0x00, 0x00, 0x12, 0x52, 0x6A, 
0x5A, 0x19, 0x00, 0x00, 0x0E, 0xE2, 0xFE, 0x31, 0x00, 0x00, 0x33, 0xFA, 0xD4, 0x08, 0x00, 0x04, 
0x85, 0xF7, 0xFF, 0xFF, 0xFF, 0xF8, 0x80, 0x00, 0x00, 0x63, 0xFF, 0x86, 0x00, 0x00, 0xB7, 0xFC, 
0x31, 0x00, 0x00, 0x9D, 0xFF, 0xE2, 0x66, 0x44, 0x6B, 0xDA, 0xE1, 0x00, 0x00, 0x1C, 0xFF, 0xB9, 
0x00, 0x2B, 0xFF, 0xAF, 0x00, 0x00, 0x5D, 0xFF, 0xD8, 0x14, 0x00, 0x00, 0x00, 0x0C, 0x37, 0x00, 
0x00, 0x02, 0xFE, 0xCD, 0x00, 0x81, 0xFF, 0x47, 0x00, 0x02, 0xDB, 0xFF, 0x41, 0x00, 0x00, 0x00, 
0x00, 0x00, 0x00, 0x00, 0x00, 0x00, 0xFD, 0xC9, 0x00, 0xC6, 0xF8, 0x08, 0x00, 0x43, 0xFF, 0xD8, 
0x00, 0x00, 0x00, 0x00, 0x00, 0x00, 0x00, 0x00, 0x00, 0x10, 0xFF, 0xB7, 0x02, 0xF7, 0xC9, 0x00, 
0x00, 0x83, 0xFF, 0x92, 0x00, 0x00, 0x00, 0x00, 0x00, 0x00, 0x00, 0x00, 0x00, 0x32, 0xFF, 0x95, 
0x1F, 0xFF, 0xA4, 0x00, 0x00, 0xAD, 0xFF, 0x68, 0x00, 0x00, 0x00, 0x00, 0x00, 0x00, 0x00, 0x00, 
0x00, 0x68, 0xFF, 0x66, 0x35, 0xFF, 0x91, 0x00, 0x00, 0xBD, 0xFF, 0x5F, 0x00, 0x00, 0x00, 0x00, 
0x00, 0x00, 0x00, 0x00, 0x00, 0xAC, 0xFF, 0x1F, 0x3B, 0xFF, 0x92, 0x00, 0x00, 0xA5, 0xFF, 0x8A, 
0x00, 0x00, 0x00, 0x00, 0x1B, 0x1B, 0x00, 0x00, 0x17, 0xF9, 0xCC, 0x00, 0x28, 0xFF, 0xAA, 0x00, 
0x00, 0x69, 0xFF, 0xF2, 0x5C, 0x22, 0x39, 0x84, 0xF3, 0x44, 0x00, 0x00, 0x89, 0xFF, 0x59, 0x00, 
0x07, 0xF3, 0xE8, 0x02, 0x00, 0x04, 0xBF, 0xFF, 0xFF, 0xFF, 0xFF, 0xFF, 0xAA, 0x05, 0x00, 0x36, 
0xFC, 0xD1, 0x04, 0x00, 0x00, 0xA8, 0xFF, 0x6C, 0x00, 0x00, 0x01, 0x50, 0x82, 0x94, 0x75, 0x2B, 
0x00, 0x00, 0x32, 0xE5, 0xF4, 0x28, 0x00, 0x00, 0x00, 0x21, 0xF4, 0xFA, 0x6C, 0x01, 0x00, 0x00, 
0x00, 0x00, 0x00, 0x00, 0x06, 0x6B, 0xF5, 0xF8, 0x4F, 0x00, 0x00, 0x00, 0x00, 0x00, 0x4C, 0xF2, 
0xFF, 0xDE, 0x94, 0x6A, 0x58, 0x5B, 0x70, 0xA2, 0xED, 0xFF, 0xD6, 0x36, 0x00, 0x00, 0x00, 0x00, 
0x00, 0x00, 0x00, 0x1C, 0x8F, 0xE3, 0xFF, 0xFF, 0xFF, 0xFF, 0xFF, 0xF5, 0xB7, 0x5A, 0x03, 0x00, 
0x00, 0x00, 0x00, 0x00, 0x00, 0x00, 0x00, 0x00, 0x00, 0x00, 0x18, 0x36, 0x40, 0x39, 0x25, 0x02, 
0x00, 0x00, 0x00, 0x00, 0x00, 0x00, 0x00, 0x00, 0x00, 0x00, 0x00, 0x00, 0x21, 0xC1, 0xC4, 0x06, 
0x00, 0x0C, 0x7D, 0x83, 0x06, 0x00, 0x00, 0x00, 0x0C, 0xD3, 0xFF, 0x71, 0x00, 0x03, 0xB5, 0xFF, 
0x9C, 0x00, 0x00, 0x00, 0x01, 0xB0, 0xFF, 0xAC, 0x00, 0x00, 0x93, 0xFF, 0xC7, 0x06, 0x00, 0x00, 
0x00, 0x85, 0xFF, 0xDA, 0x0E, 0x00, 0x6C, 0xFF, 0xE6, 0x1A, 0x00, 0x00, 0x00, 0x58, 0xFF, 0xF6, 
0x2E, 0x00, 0x49, 0xFC, 0xF9, 0x3A, 0x00, 0x00, 0x00, 0x1A, 0xF6, 0xFF, 0x60, 0x00, 0x12, 0xF1, 
0xFF, 0x66, 0x00, 0x00, 0x00, 0x00, 0x17, 0xFC, 0xFF, 0x26, 0x00, 0x0E, 0xF5, 0xFF, 0x2F, 0x00, 
0x00, 0x00, 0x00, 0x00, 0xAC, 0xFF, 0x87, 0x00, 0x00, 0x94, 0xFF, 0x9A, 0x00, 0x00, 0x00, 0x00, 
0x00, 0x3F, 0xFF, 0xE5, 0x03, 0x00, 0x21, 0xFC, 0xF5, 0x10, 0x00, 0x00, 0x00, 0x00, 0x00, 0xD1, 
0xFF, 0x4A, 0x00, 0x00, 0xA9, 0xFF, 0x70, 0x00, 0x00, 0x00, 0x00, 0x00, 0x64, 0xFF, 0xAC, 0x00, 
0x00, 0x33, 0xFF, 0xDA, 0x00, 0x00, 0x00, 0x00, 0x00, 0x09, 0x96, 0x7A, 0x00, 0x00, 0x00, 0x47, 
0x45, 0x00, 0x00, 0x00, 0x00, 0x00, 0x00, 0x00, 0x0A, 0x2F, 0x30, 0x0C, 0x00, 0x00, 0x00, 0x00, 
0x00, 0x19, 0x9E, 0xF4, 0xDE, 0xE2, 0xF9, 0xA4, 0x14, 0x00, 0x00, 0x28, 0xE6, 0x96, 0x18, 0x00, 
0x00, 0x27, 0xC2, 0xD6, 0x0D, 0x04, 0xD6, 0x8B, 0x0A, 0xDA, 0xF4, 0xE9, 0x9C, 0x0C, 0xE0, 0x7F, 
0x5B, 0xE1, 0x09, 0x3D, 0xFF, 0x30, 0x7D, 0xFF, 0x22, 0x7A, 0xD1, 0xA3, 0x92, 0x00, 0x71, 0xF5, 
0x5F, 0xBF, 0xC6, 0x03, 0x53, 0xED, 0xBD, 0x79, 0x00, 0xA4, 0xE4, 0xD3, 0xE8, 0x16, 0x00, 0x5D, 
0xDB, 0xAC, 0x91, 0x00, 0xD7, 0x85, 0x11, 0xFE, 0x67, 0x00, 0xA4, 0x9B, 0x64, 0xE6, 0x13, 0xD5, 
0x43, 0x00, 0xC2, 0x74, 0x35, 0xF7, 0x29, 0x07, 0xD0, 0xB9, 0x1C, 0x00, 0x00, 0x00, 0x5B, 0xEE, 
0x68, 0x00, 0x00, 0x15, 0xB3, 0xF8, 0xD0, 0xB7, 0xDE, 0xDE, 0x4D, 0x00, 0x00, 0x00, 0x00, 0x00, 
0x23, 0x57, 0x60, 0x3B, 0x02, 0x00, 0x00, 0x00, 0x00, 0x02, 0x58, 0x8C, 0x7B, 0x24, 0x00, 0x07, 
0xC3, 0xFF, 0xE1, 0xF9, 0xF7, 0x3B, 0x7F, 0xFF, 0x5C, 0x00, 0x2B, 0xF9, 0xB8, 0xC2, 0xF1, 0x00, 
0x00, 0x00, 0xE0, 0xD7, 0xAF, 0xFC, 0x21, 0x00, 0x36, 0xFD, 0xA0, 0x42, 0xFD, 0xED, 0xBC, 0xF6, 
0xE8, 0x1A, 0x00, 0x35, 0x98, 0xAF, 0x81, 0x13, 0x00, 0x00, 0x00, 0x00, 0x00, 0x00, 0x00, 0x00, 
0x00, 0x20, 0x19, 0x00, 0x00, 0x00, 0x00, 0x00, 0x00, 0x00, 0x00, 0x00, 0x00, 0x00, 0x30, 0xFF, 
0xC4, 0x00, 0x00, 0x00, 0x00, 0x00, 0x00, 0x00, 0x00, 0x00, 0x00, 0x00, 0x67, 0xFF, 0x94, 0x00, 
0x00, 0x00, 0x00, 0x00, 0x00, 0x00, 0x00, 0x00, 0x00, 0x00, 0x9A, 0xFF, 0x60, 0x00, 0x00, 0x00, 
0x00, 0x00, 0x00, 0x00, 0x00, 0x00, 0x00, 0x00, 0xCD, 0xFF, 0x2C, 0x00, 0x00, 0x00, 0x00, 0x00, 
0x00, 0x00, 0x00, 0x00, 0x00, 0x06, 0xF9, 0xF5, 0x03, 0x00, 0x00, 0x00, 0x00, 0x00, 0x10, 0xBD, 
0xC8, 0xC8, 0xC8, 0xCE, 0xFF, 0xF7, 0xC8, 0xC8, 0xC8, 0xC8, 0x72, 0x00, 0x48, 0xFF, 0xFF, 0xFF, 
0xFF, 0xFF, 0xFF, 0xFF, 0xFF, 0xFF, 0xFF, 0xFF, 0x73, 0x00, 0x02, 0x1F, 0x20, 0x20, 0x20, 0xA7, 
0xFF, 0x74, 0x20, 0x20, 0x20, 0x1F, 0x02, 0x00, 0x00, 0x00, 0x00, 0x00, 0x00, 0xCB, 0xFF, 0x30, 
0x00, 0x00, 0x00, 0x00, 0x00, 0x00, 0x00, 0x00, 0x00, 0x00, 0x05, 0xF8, 0xF7, 0x04, 0x00, 0x00, 
0x00, 0x00, 0x00, 0x00, 0x00, 0x00, 0x00, 0x00, 0x31, 0xFF, 0xC8, 0x00, 0x00, 0x00, 0x00, 0x00, 
0x00, 0x00, 0x00, 0x00, 0x00, 0x00, 0x64, 0xFF, 0x94, 0x00, 0x00, 0x00, 0x00, 0x00, 0x00, 0x00, 
0x00, 0x00, 0x00, 0x00, 0x2F, 0x73, 0x23, 0x00, 0x00, 0x00, 0x00, 0x00, 0x00, 0x00, 0x00, 0x00, 
0x00, 0x00, 0x00, 0x00, 0x00, 0x00, 0x00, 0x00, 0x00, 0x00, 0x00, 0xA8, 0xF0, 0xF0, 0xF0, 0xF0, 
0xF0, 0xF0, 0xF0, 0xF0, 0xF0, 0xF0, 0xA7, 0x00, 0x00, 0xE4, 0xFF, 0xFF, 0xFF, 0xFF, 0xFF, 0xFF, 
0xFF, 0xFF, 0xFF, 0xFF, 0x7C, 0x00, 0x00, 0x00, 0x00, 0x00, 0x0A, 0x27, 0x09, 0x00, 0x00, 0x14, 
0xE6, 0xFF, 0x55, 0x00, 0x00, 0xAA, 0xFF, 0x90, 0x00, 0x00, 0x55, 0xFF, 0xBB, 0x03, 0x00, 0x09, 
0xEA, 0xDA, 0x11, 0x00, 0x00, 0x00, 0x0E, 0x04, 0x00, 0x00, 0x00, 0x00, 0x00, 0x28, 0x87, 0x46, 
0x00, 0x00, 0x29, 0xCD, 0x8B, 0x00, 0x00, 0x00, 0x00, 0x27, 0xFE, 0xE3, 0x05, 0x00, 0x0A, 0xF1, 
0xFB, 0x1B, 0x00, 0x00, 0x00, 0x00, 0xBB, 0xFF, 0x5E, 0x00, 0x00, 0x99, 0xFF, 0x84, 0x00, 0x00, 
0x00, 0x00, 0x50, 0xFF, 0xD2, 0x00, 0x00, 0x37, 0xFF, 0xEB, 0x08, 0x00, 0x00, 0x00, 0x03, 0xE2, 
0xFF, 0x47, 0x00, 0x00, 0xD4, 0xFF, 0x61, 0x00, 0x00, 0x00, 0x00, 0x81, 0xFF, 0xB1, 0x00, 0x00, 
0x7A, 0xFF, 0xC2, 0x00, 0x00, 0x00, 0x12, 0xDD, 0xFF, 0x83, 0x00, 0x0E, 0xDA, 0xFF, 0x94, 0x00, 
0x00, 0x03, 0xBB, 0xFF, 0xB3, 0x02, 0x00, 0xAC, 0xFF, 0xC7, 0x07, 0x00, 0x00, 0x8D, 0xFF, 0xD0, 
0x0C, 0x00, 0x72, 0xFF, 0xE2, 0x17, 0x00, 0x00, 0x5B, 0xFF, 0xE6, 0x1C, 0x00, 0x3B, 0xFB, 0xF5, 
0x31, 0x00, 0x00, 0x30, 0xF6, 0xF5, 0x33, 0x00, 0x15, 0xE4, 0xFE, 0x53, 0x00, 0x00, 0x00, 0x1E, 
0x55, 0x2A, 0x00, 0x00, 0x3C, 0x9C, 0x5F, 0x00, 0x00, 0x00, 0x00, 0x00, 0x00, 0x00, 0x50, 0x1D, 
0x00, 0x00, 0x00, 0x00, 0x00, 0x00, 0x00, 0x53, 0x25, 0x00, 0x00, 0x51, 0xFF, 0xCD, 0x09, 0x00, 
0x00, 0x00, 0x00, 0x03, 0x93, 0xFF, 0xB9, 0x00, 0x00, 0x15, 0xE1, 0xFF, 0xA3, 0x00, 0x00, 0x00, 
0x10, 0xBA, 0xFF, 0xE1, 0x2F, 0x00, 0x00, 0x00, 0x32, 0xF6, 0xFF, 0x70, 0x00, 0x25, 0xD8, 0xFF, 
0xC6, 0x17, 0x00, 0x00, 0x00, 0x00, 0x00, 0x5A, 0xFF, 0xFB, 0x78, 0xEE, 0xFF, 0xA3, 0x07, 0x00, 
0x00, 0x00, 0x00, 0x00, 0x00, 0x00, 0x8C, 0xFF, 0xFF, 0xFE, 0x79, 0x00, 0x00, 0x00, 0x00, 0x00, 
0x00, 0x00, 0x00, 0x03, 0x93, 0xFF, 0xFF, 0xDC, 0x0A, 0x00, 0x00, 0x00, 0x00, 0x00, 0x00, 0x00, 
0x10, 0xB9, 0xFF, 0xE3, 0xE0, 0xFF, 0xA8, 0x00, 0x00, 0x00, 0x00, 0x00, 0x00, 0x25, 0xD8, 0xFF, 
0xC9, 0x18, 0x31, 0xF6, 0xFF, 0x75, 0x00, 0x00, 0x00, 0x00, 0x43, 0xEE, 0xFF, 0xA7, 0x08, 0x00, 
0x00, 0x5D, 0xFF, 0xFC, 0x45, 0x00, 0x00, 0x2F, 0xFB, 0xFE, 0x7E, 0x00, 0x00, 0x00, 0x00, 0x00, 
0x92, 0xFF, 0xE4, 0x00, 0x00, 0x09, 0xA9, 0x54, 0x00, 0x00, 0x00, 0x00, 0x00, 0x00, 0x05, 0xA4, 
0x48, 0x00, 0x00, 0x00, 0x00, 0x00, 0x00, 0x00, 0x00, 0x00, 0x58, 0x90, 0x49, 0x00, 0x00, 0x00, 
0x00, 0x00, 0x00, 0x00, 0x00, 0x00, 0x00, 0x38, 0xFF, 0xFF, 0xCB, 0x00, 0x00, 0x00, 0x00, 0x00, 
0x00, 0x00, 0x00, 0x00, 0x00, 0x73, 0xFF, 0xFF, 0xA3, 0x00, 0x00, 0x00, 0x00, 0x00, 0x00, 0x00, 
0x00, 0x00, 0x00, 0x30, 0xB3, 0xA4, 0x1D, 0x00, 0x00, 0x00, 0x00, 0x00, 0x00, 0x00, 0x00, 0x00, 
0x00, 0x00, 0x00, 0x00, 0x00, 0x00, 0x00, 0x00, 0x00, 0x00, 0x00, 0x00, 0x00, 0x00, 0x00, 0x00, 
0x00, 0x00, 0x00, 0x00, 0x00, 0x00, 0x00, 0x03, 0xBB, 0xD4, 0xD4, 0xD4, 0xD4, 0xD4, 0xD4, 0xD4, 
0xD4, 0xD4, 0xD4, 0xD4, 0x57, 0x22, 0xFF, 0xFF, 0xFF, 0xFF, 0xFF, 0xFF, 0xFF, 0xFF, 0xFF, 0xFF, 
0xFF, 0xFF, 0x48, 0x00, 0x12, 0x14, 0x14, 0x14, 0x14, 0x14, 0x14, 0x14, 0x14, 0x14, 0x14, 0x11, 
0x00, 0x00, 0x00, 0x00, 0x00, 0x00, 0x00, 0x00, 0x00, 0x00, 0x00, 0x00, 0x00, 0x00, 0x00, 0x00, 
0x00, 0x00, 0x00, 0x00, 0x42, 0x70, 0x32, 0x00, 0x00, 0x00, 0x00, 0x00, 0x00, 0x00, 0x00, 0x00, 
0x00, 0x32, 0xFE, 0xFF, 0xC5, 0x00, 0x00, 0x00, 0x00, 0x00, 0x00, 0x00, 0x00, 0x00, 0x00, 0x76, 
0xFF, 0xFF, 0xA7, 0x00, 0x00, 0x00, 0x00, 0x00, 0x00, 0x00, 0x00, 0x00, 0x00, 0x3E, 0xCC, 0xBB, 
0x28, 0x00, 0x00, 0x00, 0x00, 0x00, 0x00, 0x00, 0x00, 0x00, 0x00, 0x00, 0x0E, 0x2D, 0x04, 0x00, 
0x00, 0x00, 0x1F, 0x21, 0x00, 0x00, 0x00, 0x00, 0x00, 0x04, 0xE5, 0xFF, 0x7D, 0x00, 0x00, 0x47, 
0xFF, 0xFF, 0x25, 0x00, 0x00, 0x00, 0x00, 0x23, 0xFF, 0xFF, 0x67, 0x00, 0x00, 0x7F, 0xFF, 0xF9, 
0x12, 0x00, 0x00, 0x00, 0x00, 0x02, 0x5D, 0x5B, 0x05, 0x00, 0x00, 0x1A, 0x69, 0x39, 0x00, 0x00, 
0x00, 0x00, 0x00, 0x00, 0x00, 0x00, 0x00, 0x00, 0x00, 0x00, 0x00, 0x00, 0x00, 0x00, 0x00, 0x00, 
0x29, 0xA5, 0xB0, 0xB0, 0xB0, 0xB0, 0xB0, 0xB0, 0xB0, 0xAF, 0x18, 0x00, 0x00, 0x00, 0x9A, 0xFF, 
0xFF, 0xFF, 0xFF, 0xFF, 0xFF, 0xFF, 0xFF, 0xFC, 0x15, 0x00, 0x00, 0x00, 0xD0, 0xFF, 0xA2, 0x44, 
0x44, 0x44, 0x44, 0x44, 0x44, 0x31, 0x00, 0x00, 0x00, 0x08, 0xFB, 0xFF, 0x53, 0x00, 0x00, 0x00, 
0x00, 0x00, 0x00, 0x00, 0x00, 0x00, 0x00, 0x37, 0xFF, 0xFF, 0x1F, 0x00, 0x00, 0x00, 0x00, 0x00, 
0x00, 0x00, 0x00, 0x00, 0x00, 0x6A, 0xFF, 0xEB, 0x00, 0x00, 0x00, 0x00, 0x00, 0x00, 0x00, 0x00, 
0x00, 0x00, 0x00, 0x9E, 0xFF, 0xB8, 0x00, 0x00, 0x00, 0x00, 0x00, 0x00, 0x00, 0x00, 0x00, 0x00, 
0x00, 0xD1, 0xFF, 0x9F, 0x30, 0x30, 0x30, 0x30, 0x30, 0x1B, 0x00, 0x00, 0x00, 0x00, 0x09, 0xFB, 
0xFF, 0xFF, 0xFF, 0xFF, 0xFF, 0xFF, 0xFF, 0xAE, 0x00, 0x00, 0x00, 0x00, 0x38, 0xFF, 0xFF, 0xBC, 
0xB8, 0xB8, 0xB8, 0xB8, 0xB8, 0x4F, 0x00, 0x00, 0x00, 0x00, 0x6B, 0xFF, 0xED, 0x00, 0x00, 0x00, 
0x00, 0x00, 0x00, 0x00, 0x00, 0x00, 0x00, 0x00, 0x9F, 0xFF, 0xBA, 0x00, 0x00, 0x00, 0x00, 0x00, 
0x00, 0x00, 0x00, 0x00, 0x00, 0x00, 0xD2, 0xFF, 0x85, 0x00, 0x00, 0x00, 0x00, 0x00, 0x00, 0x00, 
0x00, 0x00, 0x00, 0x09, 0xFC, 0xFF, 0x51, 0x00, 0x00, 0x00, 0x00, 0x00, 0x00, 0x00, 0x00, 0x00, 
0x00, 0x39, 0xFF, 0xFF, 0x1C, 0x00, 0x00, 0x00, 0x00, 0x00, 0x00, 0x00, 0x00, 0x00, 0x00, 0x6D, 
0xFF, 0xE8, 0x00, 0x00, 0x00, 0x00, 0x00, 0x00, 0x00, 0x00, 0x00, 0x00, 0x00, 0xA0, 0xFF, 0xFD, 
0xF4, 0xF4, 0xF4, 0xF4, 0xF4, 0xF4, 0xF2, 0x1A, 0x00, 0x00, 0x00, 0xAB, 0xFF, 0xFF, 0xFF, 0xFF, 
0xFF, 0xFF, 0xFF, 0xFF, 0xE5, 0x05, 0x00, 0x00, 0x00, 0x00, 0x00, 0x00, 0x00, 0x00, 0x00, 0x00, 
0x00, 0x00, 0x27, 0xB5, 0xC4, 0x8B, 0x00, 0x00, 0x00, 0x00, 0x00, 0x00, 0x00, 0x00, 0x00, 0x00, 
0x00, 0x00, 0xBC, 0xFF, 0xFF, 0xF5, 0x01, 0x00, 0x00, 0x00, 0x00, 0x00, 0x00, 0x00, 0x00, 0x00, 
0x00, 0x4C, 0xFF, 0xF4, 0xFF, 0xFF, 0x20, 0x00, 0x00, 0x00, 0x00, 0x00, 0x00, 0x00, 0x00, 0x00, 
0x04, 0xD6, 0xFF, 0x6D, 0xF8, 0xFF, 0x4A, 0x00, 0x00, 0x00, 0x00, 0x00, 0x00, 0x00, 0x00, 0x00, 
0x6A, 0xFF, 0xDB, 0x05, 0xD5, 0xFF, 0x73, 0x00, 0x00, 0x00, 0x00, 0x00, 0x00, 0x00, 0x00, 0x0E, 
0xEA, 0xFF, 0x55, 0x00, 0xAF, 0xFF, 0x9C, 0x00, 0x00, 0x00, 0x00, 0x00, 0x00, 0x00, 0x00, 0x89, 
0xFF, 0xC9, 0x00, 0x00, 0x88, 0xFF, 0xC6, 0x00, 0x00, 0x00, 0x00, 0x00, 0x00, 0x00, 0x1F, 0xF8, 
0xFF, 0x40, 0x00, 0x00, 0x62, 0xFF, 0xEF, 0x00, 0x00, 0x00, 0x00, 0x00, 0x00, 0x00, 0xA7, 0xFF, 
0xB5, 0x00, 0x00, 0x00, 0x3B, 0xFF, 0xFF, 0x18, 0x00, 0x00, 0x00, 0x00, 0x00, 0x37, 0xFE, 0xFD, 
0x2D, 0x00, 0x00, 0x00, 0x15, 0xFF, 0xFF, 0x42, 0x00, 0x00, 0x00, 0x00, 0x00, 0xC5, 0xFF, 0xA0, 
0x00, 0x00, 0x00, 0x00, 0x00, 0xEE, 0xFF, 0x6B, 0x00, 0x00, 0x00, 0x00, 0x55, 0xFF, 0xFF, 0x9F, 
0x84, 0x84, 0x84, 0x84, 0x84, 0xE9, 0xFF, 0x95, 0x00, 0x00, 0x00, 0x06, 0xDD, 0xFF, 0xFF, 0xFF, 
0xFF, 0xFF, 0xFF, 0xFF, 0xFF, 0xFF, 0xFF, 0xBE, 0x00, 0x00, 0x00, 0x74, 0xFF, 0xF1, 0x5A, 0x58, 
0x58, 0x58, 0x58, 0x58, 0x58, 0xA9, 0xFF, 0xE7, 0x00, 0x00, 0x13, 0xEF, 0xFF, 0x7B, 0x00, 0x00, 
0x00, 0x00, 0x00, 0x00, 0x00, 0x5B, 0xFF, 0xFF, 0x11, 0x00, 0x93, 0xFF, 0xE6, 0x0A, 0x00, 0x00, 
0x00, 0x00, 0x00, 0x00, 0x00, 0x34, 0xFF, 0xFF, 0x3A, 0x26, 0xFB, 0xFF, 0x65, 0x00, 0x00, 0x00, 
0x00, 0x00, 0x00, 0x00, 0x00, 0x0D, 0xFF, 0xFF, 0x63, 0x98, 0xFF, 0xD1, 0x03, 0x00, 0x00, 0x00, 
0x00, 0x00, 0x00, 0x00, 0x00, 0x00, 0xE1, 0xFF, 0x77, 0x05, 0x11, 0x02, 0x00, 0x00, 0x00, 0x00, 
0x00, 0x00, 0x00, 0x00, 0x00, 0x00, 0x07, 0x12, 0x00, 0x00, 0x00, 0x00, 0x27, 0xA4, 0xB0, 0xB0, 
0xB0, 0xB0, 0xB0, 0xB0, 0xB0, 0xB0, 0xA7, 0x00, 0x00, 0x00, 0x9D, 0xFF, 0xFF, 0xFF, 0xFF, 0xFF, 
0xFF, 0xFF, 0xFF, 0xFF, 0xE0, 0x00, 0x00, 0x00, 0xD2, 0xFF, 0xA7, 0x4C, 0x4C, 0x4C, 0x4C, 0x4C, 
0x4C, 0x4C, 0x29, 0x00, 0x00, 0x09, 0xFB, 0xFF, 0x56, 0x00, 0x00, 0x00, 0x00, 0x00, 0x00, 0x00, 
0x00, 0x00, 0x00, 0x38, 0xFF, 0xFF, 0x24, 0x00, 0x00, 0x00, 0x00, 0x00, 0x00, 0x00, 0x00, 0x00, 
0x00, 0x6C, 0xFF, 0xF0, 0x01, 0x00, 0x00, 0x00, 0x00, 0x00, 0x00, 0x00, 0x00, 0x00, 0x00, 0x9F, 
0xFF, 0xBE, 0x00, 0x00, 0x00, 0x00, 0x00, 0x00, 0x00, 0x00, 0x00, 0x00, 0x00, 0xD2, 0xFF, 0xA3, 
0x2C, 0x2B, 0x27, 0x18, 0x00, 0x00, 0x00, 0x00, 0x00, 0x00, 0x09, 0xFC, 0xFF, 0xFF, 0xFF, 0xFF, 
0xFF, 0xFF, 0xEF, 0x91, 0x15, 0x00, 0x00, 0x00, 0x39, 0xFF, 0xFF, 0xB8, 0xB4, 0xB5, 0xBE, 0xE8, 
0xFF, 0xFF, 0xD9, 0x14, 0x00, 0x00, 0x6C, 0xFF, 0xEE, 0x00, 0x00, 0x00, 0x00, 0x00, 0x61, 0xFE, 
0xFF, 0x8A, 0x00, 0x00, 0xA0, 0xFF, 0xBB, 0x00, 0x00, 0x00, 0x00, 0x00, 0x00, 0xBB, 0xFF, 0xC8, 
0x00, 0x00, 0xD3, 0xFF, 0x87, 0x00, 0x00, 0x00, 0x00, 0x00, 0x00, 0xAB, 0xFF, 0xC7, 0x00, 0x09, 
0xFC, 0xFF, 0x53, 0x00, 0x00, 0x00, 0x00, 0x00, 0x04, 0xE2, 0xFF, 0x96, 0x00, 0x39, 0xFF, 0xFF, 
0x20, 0x00, 0x00, 0x00, 0x00, 0x00, 0x7A, 0xFF, 0xFF, 0x38, 0x00, 0x6D, 0xFF, 0xEC, 0x00, 0x00, 
0x00, 0x01, 0x2A, 0x9C, 0xFF, 0xFF, 0x94, 0x00, 0x00, 0xA0, 0xFF, 0xFD, 0xF0, 0xF0, 0xF1, 0xFA, 
0xFF, 0xFF, 0xFD, 0x89, 0x02, 0x00, 0x00, 0xA2, 0xFF, 0xFF, 0xFF, 0xFF, 0xFC, 0xEF, 0xC5, 0x85, 
0x27, 0x00, 0x00, 0x00, 0x00, 0x00, 0x00, 0x00, 0x2A, 0xA3, 0xB0, 0xB0, 0xB0, 0xAD, 0x9F, 0x76, 
0x25, 0x00, 0x00, 0x00, 0x00, 0x00, 0x9E, 0xFF, 0xFF, 0xFF, 0xFF, 0xFF, 0xFF, 0xFF, 0xFC, 0x74, 
0x00, 0x00, 0x00, 0x00, 0xD3, 0xFF, 0x95, 0x38, 0x38, 0x3F, 0x73, 0xEA, 0xFF, 0xFD, 0x22, 0x00, 
0x00, 0x0A, 0xFC, 0xFF, 0x4B, 0x00, 0x00, 0x00, 0x00, 0x4D, 0xFF, 0xFF, 0x57, 0x00, 0x00, 0x3A, 
0xFF, 0xFF, 0x19, 0x00, 0x00, 0x00, 0x00, 0x2F, 0xFF, 0xFF, 0x43, 0x00, 0x00, 0x6D, 0xFF, 0xE7, 
0x00, 0x00, 0x00, 0x00, 0x00, 0x66, 0xFF, 0xF8, 0x13, 0x00, 0x00, 0xA0, 0xFF, 0xB4, 0x00, 0x00, 
0x00, 0x00, 0x0C, 0xDF, 0xFF, 0x93, 0x00, 0x00, 0x00, 0xD3, 0xFF, 0x89, 0x0C, 0x0C, 0x15, 0x49, 
0xCF, 0xFF, 0xBA, 0x07, 0x00, 0x00, 0x0A, 0xFC, 0xFF, 0xFF, 0xFF, 0xFF, 0xFF, 0xFF, 0xFF, 0xA4, 
0x03, 0x00, 0x00, 0x00, 0x3A, 0xFF, 0xFF, 0xD4, 0xD4, 0xD4, 0xE0, 0xFA, 0xFF, 0xFF, 0xB9, 0x09, 
0x00, 0x00, 0x6D, 0xFF, 0xE1, 0x00, 0x00, 0x00, 0x00, 0x0D, 0x89, 0xFF, 0xFF, 0x79, 0x00, 0x00, 
0xA0, 0xFF, 0xAE, 0x00, 0x00, 0x00, 0x00, 0x00, 0x00, 0xD3, 0xFF, 0xBE, 0x00, 0x00, 0xD3, 0xFF, 
0x7C, 0x00, 0x00, 0x00, 0x00, 0x00, 0x00, 0xB4, 0xFF, 0xC3, 0x00, 0x0A, 0xFC, 0xFF, 0x49, 0x00, 
0x00, 0x00, 0x00, 0x00, 0x05, 0xE6, 0xFF, 0x96, 0x00, 0x3A, 0xFF, 0xFF, 0x17, 0x00, 0x00, 0x00, 
0x00, 0x00, 0x7C, 0xFF, 0xFF, 0x34, 0x00, 0x6D, 0xFF, 0xE4, 0x00, 0x00, 0x00, 0x00, 0x1F, 0x8B, 
0xFE, 0xFF, 0x91, 0x00, 0x00, 0xA0, 0xFF, 0xFC, 0xF0, 0xF0, 0xF0, 0xF8, 0xFF, 0xFF, 0xFE, 0x8B, 
0x04, 0x00, 0x00, 0xA1, 0xFF, 0xFF, 0xFF, 0xFF, 0xFF, 0xF6, 0xD8, 0x92, 0x2F, 0x00, 0x00, 0x00, 
0x00, 0x00, 0x00, 0x00, 0x25, 0xA5, 0xB0, 0xB0, 0xB0, 0xB0, 0xB0, 0xB0, 0xB0, 0xA0, 0x00, 0x00, 
0x00, 0x9D, 0xFF, 0xFF, 0xFF, 0xFF, 0xFF, 0xFF, 0xFF, 0xFF, 0xD6, 0x00, 0x00, 0x00, 0xD3, 0xFF, 
0xA8, 0x54, 0x54, 0x54, 0x54, 0x54, 0x54, 0x2C, 0x00, 0x00, 0x09, 0xFC, 0xFF, 0x53, 0x00, 0x00, 
0x00, 0x00, 0x00, 0x00, 0x00, 0x00, 0x00, 0x39, 0xFF, 0xFF, 0x20, 0x00, 0x00, 0x00, 0x00, 0x00, 
0x00, 0x00, 0x00, 0x00, 0x6C, 0xFF, 0xED, 0x00, 0x00, 0x00, 0x00, 0x00, 0x00, 0x00, 0x00, 0x00, 
0x00, 0x9F, 0xFF, 0xBA, 0x00, 0x00, 0x00, 0x00, 0x00, 0x00, 0x00, 0x00, 0x00, 0x00, 0xD2, 0xFF, 
0x87, 0x00, 0x00, 0x00, 0x00, 0x00, 0x00, 0x00, 0x00, 0x00, 0x09, 0xFB, 0xFF, 0x53, 0x00, 0x00, 
0x00, 0x00, 0x00, 0x00, 0x00, 0x00, 0x00, 0x38, 0xFF, 0xFF, 0x20, 0x00, 0x00, 0x00, 0x00, 0x00, 
0x00, 0x00, 0x00, 0x00, 0x6B, 0xFF, 0xED, 0x00, 0x00, 0x00, 0x00, 0x00, 0x00, 0x00, 0x00, 0x00, 
0x00, 0x9E, 0xFF, 0xBA, 0x00, 0x00, 0x00, 0x00, 0x00, 0x00, 0x00, 0x00, 0x00, 0x00, 0xD1, 0xFF, 
0x87, 0x00, 0x00, 0x00, 0x00, 0x00, 0x00, 0x00, 0x00, 0x00, 0x08, 0xFB, 0xFF, 0x54, 0x00, 0x00, 
0x00, 0x00, 0x00, 0x00, 0x00, 0x00, 0x00, 0x37, 0xFF, 0xFF, 0x21, 0x00, 0x00, 0x00, 0x00, 0x00, 
0x00, 0x00, 0x00, 0x00, 0x6A, 0xFF, 0xED, 0x00, 0x00, 0x00, 0x00, 0x00, 0x00, 0x00, 0x00, 0x00, 
0x00, 0x9D, 0xFF, 0xBA, 0x00, 0x00, 0x00, 0x00, 0x00, 0x00, 0x00, 0x00, 0x00, 0x00, 0xC9, 0xFF, 
0x7F, 0x00, 0x00, 0x00, 0x00, 0x00, 0x00, 0x00, 0x00, 0x00, 0x00, 0x07, 0x10, 0x00, 0x00, 0x00, 
0x00, 0x00, 0x00, 0x00, 0x00, 0x00, 0x00, 0x00, 0x00, 0x00, 0x00, 0x00, 0x00, 0x00, 0x00, 0x00, 
0x00, 0x00, 0x2E, 0xA8, 0xB0, 0xB0, 0xB0, 0xB0, 0xB0, 0xB0, 0xB0, 0xA5, 0x15, 0x00, 0x00, 0x00, 
0x00, 0x00, 0x00, 0x00, 0x00, 0x00, 0x00, 0xB1, 0xFF, 0xFF, 0xFF, 0xFF, 0xFF, 0xFF, 0xFF, 0xFF, 
0xFF, 0x22, 0x00, 0x00, 0x00, 0x00, 0x00, 0x00, 0x00, 0x00, 0x00, 0x0C, 0xF7, 0xFF, 0x81, 0x50, 
0x50, 0x50, 0x50, 0x9E, 0xFF, 0xEF, 0x01, 0x00, 0x00, 0x00, 0x00, 0x00, 0x00, 0x00, 0x00, 0x00, 
0x55, 0xFF, 0xF6, 0x0B, 0x00, 0x00, 0x00, 0x00, 0x9D, 0xFF, 0xBD, 0x00, 0x00, 0x00, 0x00, 0x00, 
0x00, 0x00, 0x00, 0x00, 0x00, 0xA9, 0xFF, 0xAF, 0x00, 0x00, 0x00, 0x00, 0x00, 0xD0, 0xFF, 0x8A, 
0x00, 0x00, 0x00, 0x00, 0x00, 0x00, 0x00, 0x00, 0x00, 0x0A, 0xF4, 0xFF, 0x5A, 0x00, 0x00, 0x00, 
0x00, 0x08, 0xFB, 0xFF, 0x57, 0x00, 0x00, 0x00, 0x00, 0x00, 0x00, 0x00, 0x00, 0x00, 0x55, 0xFF, 
0xF6, 0x0C, 0x00, 0x00, 0x00, 0x00, 0x36, 0xFF, 0xFF, 0x24, 0x00, 0x00, 0x00, 0x00, 0x00, 0x00, 
0x00, 0x00, 0x00, 0xAF, 0xFF, 0xA9, 0x00, 0x00, 0x00, 0x00, 0x00, 0x69, 0xFF, 0xF0, 0x01, 0x00, 
0x00, 0x00, 0x00, 0x00, 0x00, 0x00, 0x00, 0x12, 0xF9, 0xFF, 0x4E, 0x00, 0x00, 0x00, 0x00, 0x00, 
0x9D, 0xFF, 0xBE, 0x00, 0x00, 0x00, 0x00, 0x00, 0x00, 0x00, 0x00, 0x00, 0x6C, 0xFF, 0xE9, 0x04, 
0x00, 0x00, 0x00, 0x00, 0x00, 0xD0, 0xFF, 0x8B, 0x00, 0x00, 0x00, 0x00, 0x00, 0x00, 0x00, 0x00, 
0x00, 0xD3, 0xFF, 0x88, 0x00, 0x00, 0x00, 0x00, 0x00, 0x07, 0xFB, 0xFF, 0x58, 0x00, 0x00, 0x00, 
0x00, 0x00, 0x00, 0x00, 0x00, 0x43, 0xFF, 0xFC, 0x1F, 0x00, 0x00, 0x00, 0x00, 0x00, 0x36, 0xFF, 
0xFF, 0x25, 0x00, 0x00, 0x00, 0x00, 0x00, 0x00, 0x00, 0x00, 0xBC, 0xFF, 0xA5, 0x00, 0x00, 0x00, 
0x00, 0x00, 0x00, 0x69, 0xFF, 0xF1, 0x01, 0x00, 0x00, 0x00, 0x00, 0x00, 0x00, 0x00, 0x48, 0xFF, 
0xFA, 0x26, 0x00, 0x00, 0x00, 0x00, 0x00, 0x00, 0x9C, 0xFF, 0xBF, 0x00, 0x00, 0x00, 0x00, 0x00, 
0x00, 0x00, 0x14, 0xE4, 0xFF, 0x7F, 0x00, 0x00, 0x00, 0x00, 0x00, 0x00, 0x00, 0xCF, 0xFF, 0x8C, 
0x00, 0x00, 0x00, 0x00, 0x00, 0x00, 0x08, 0xC3, 0xFF, 0xB3, 0x04, 0x00, 0x00, 0x00, 0x00, 0x00, 
0x00, 0x07, 0xFA, 0xFF, 0x59, 0x00, 0x00, 0x00, 0x00, 0x00, 0xCF, 0xFF, 0xFF, 0xFF, 0xFF, 0xFF, 
0xFF, 0xFF, 0xFF, 0xFF, 0xFF, 0xFF, 0xFF, 0xFF, 0xFF, 0xFF, 0xFF, 0x5B, 0x00, 0x00, 0x18, 0xFF, 
0xFF, 0xFF, 0xFF, 0xFF, 0xFF, 0xFF, 0xFF, 0xFF, 0xFF, 0xFF, 0xFF, 0xFF, 0xFF, 0xFF, 0xFF, 0xFF, 
0x3E, 0x00, 0x00, 0x4B, 0xFF, 0xB9, 0x00, 0x00, 0x00, 0x00, 0x00, 0x00, 0x00, 0x00, 0x00, 0x00, 
0x00, 0x00, 0x02, 0xF3, 0xFE, 0x0D, 0x00, 0x00, 0x7C, 0xFF, 0x86, 0x00, 0x00, 0x00, 0x00, 0x00, 
0x00, 0x00, 0x00, 0x00, 0x00, 0x00, 0x00, 0x29, 0xFF, 0xD8, 0x00, 0x00, 0x00, 0xAE, 0xFF, 0x52, 
0x00, 0x00, 0x00, 0x00, 0x00, 0x00, 0x00, 0x00, 0x00, 0x00, 0x00, 0x00, 0x5C, 0xFF, 0xA4, 0x00, 
0x00, 0x00, 0xE0, 0xFF, 0x1E, 0x00, 0x00, 0x00, 0x00, 0x00, 0x00, 0x00, 0x00, 0x00, 0x00, 0x00, 
0x00, 0x8F, 0xFF, 0x71, 0x00, 0x00, 0x02, 0xA7, 0x97, 0x00, 0x00, 0x00, 0x00, 0x00, 0x00, 0x00, 
0x00, 0x00, 0x00, 0x00, 0x00, 0x00, 0x71, 0xAA, 0x26, 0x00, 0x00, 0x00, 0x00, 0x00, 0x29, 0xA5, 
0xB0, 0xB0, 0xB0, 0xB0, 0xB0, 0xB0, 0xB0, 0xAF, 0x18, 0x00, 0x00, 0x00, 0x9A, 0xFF, 0xFF, 0xFF, 
0xFF, 0xFF, 0xFF, 0xFF, 0xFF, 0xFC, 0x15, 0x00, 0x00, 0x00, 0xD0, 0xFF, 0xA2, 0x44, 0x44, 0x44, 
0x44, 0x44, 0x44, 0x31, 0x00, 0x00, 0x00, 0x08, 0xFB, 0xFF, 0x53, 0x00, 0x00, 0x00, 0x00, 0x00, 
0x00, 0x00, 0x00, 0x00, 0x00, 0x37, 0xFF, 0xFF, 0x1F, 0x00, 0x00, 0x00, 0x00, 0x00, 0x00, 0x00, 
0x00, 0x00, 0x00, 0x6A, 0xFF, 0xEB, 0x00, 0x00, 0x00, 0x00, 0x00, 0x00, 0x00, 0x00, 0x00, 0x00, 
0x00, 0x9E, 0xFF, 0xB8, 0x00, 0x00, 0x00, 0x00, 0x00, 0x00, 0x00, 0x00, 0x00, 0x00, 0x00, 0xD1, 
0xFF, 0x9F, 0x30, 0x30, 0x30, 0x30, 0x30, 0x1B, 0x00, 0x00, 0x00, 0x00, 0x09, 0xFB, 0xFF, 0xFF, 
0xFF, 0xFF, 0xFF, 0xFF, 0xFF, 0xAE, 0x00, 0x00, 0x00, 0x00, 0x38, 0xFF, 0xFF, 0xBC, 0xB8, 0xB8, 
0xB8, 0xB8, 0xB8, 0x4F, 0x00, 0x00, 0x00, 0x00, 0x6B, 0xFF, 0xED, 0x00, 0x00, 0x00, 0x00, 0x00, 
0x00, 0x00, 0x00, 0x00, 0x00, 0x00, 0x9F, 0xFF, 0xBA, 0x00, 0x00, 0x00, 0x00, 0x00, 0x00, 0x00, 
0x00, 0x00, 0x00, 0x00, 0xD2, 0xFF, 0x85, 0x00, 0x00, 0x00, 0x00, 0x00, 0x00, 0x00, 0x00, 0x00, 
0x00, 0x09, 0xFC, 0xFF, 0x51, 0x00, 0x00, 0x00, 0x00, 0x00, 0x00, 0x00, 0x00, 0x00, 0x00, 0x39, 
0xFF, 0xFF, 0x1C, 0x00, 0x00, 0x00, 0x00, 0x00, 0x00, 0x00, 0x00, 0x00, 0x00, 0x6D, 0xFF, 0xE8, 
0x00, 0x00, 0x00, 0x00, 0x00, 0x00, 0x00, 0x00, 0x00, 0x00, 0x00, 0xA0, 0xFF, 0xFD, 0xF4, 0xF4, 
0xF4, 0xF4, 0xF4, 0xF4, 0xF2, 0x1A, 0x00, 0x00, 0x00, 0xAB, 0xFF, 0xFF, 0xFF, 0xFF, 0xFF, 0xFF, 
0xFF, 0xFF, 0xE5, 0x05, 0x00, 0x00, 0x00, 0x00, 0x00, 0x00, 0x05, 0xAF, 0xBF, 0x2B, 0x00, 0x00, 
0x00, 0x00, 0x00, 0x7B, 0xC2, 0x5E, 0x00, 0x00, 0x00, 0x00, 0x00, 0x50, 0xBF, 0x9E, 0x00, 0x00, 
0x00, 0x03, 0xFB, 0xFF, 0x64, 0x00, 0x00, 0x00, 0x00, 0x00, 0xE7, 0xFF, 0x68, 0x00, 0x00, 0x00, 
0x00, 0x09, 0xE7, 0xFF, 0x8B, 0x00, 0x00, 0x00, 0x00, 0xDD, 0xFF, 0x81, 0x00, 0x00, 0x00, 0x00, 
0x1B, 0xFF, 0xFF, 0x34, 0x00, 0x00, 0x00, 0x00, 0x74, 0xFF, 0xF0, 0x13, 0x00, 0x00, 0x00, 0x00, 
0xB9, 0xFF, 0x9D, 0x00, 0x00, 0x00, 0x00, 0x4F, 0xFF, 0xFA, 0x07, 0x00, 0x00, 0x00, 0x0B, 0xEA, 
0xFF, 0x7A, 0x00, 0x00, 0x00, 0x00, 0x00, 0x96, 0xFF, 0xBA, 0x00, 0x00, 0x00, 0x00, 0x82, 0xFF, 
0xCD, 0x00, 0x00, 0x00, 0x00, 0x77, 0xFF, 0xE6, 0x0A, 0x00, 0x00, 0x00, 0x00, 0x00, 0x6C, 0xFF, 
0xE5, 0x00, 0x00, 0x00, 0x00, 0xB6, 0xFF, 0x9A, 0x00, 0x00, 0x00, 0x19, 0xF0, 0xFF, 0x5F, 0x00, 
0x00, 0x00, 0x00, 0x00, 0x00, 0x35, 0xFF, 0xFF, 0x3A, 0x00, 0x00, 0x00, 0xE9, 0xFF, 0x66, 0x00, 
0x00, 0x0A, 0xC0, 0xFF, 0xBD, 0x01, 0x00, 0x00, 0x00, 0x00, 0x00, 0x00, 0x00, 0xCB, 0xFF, 0xE2, 
0x5A, 0x27, 0x36, 0xFF, 0xFF, 0x4F, 0x32, 0x62, 0xD6, 0xFF, 0xD5, 0x14, 0x00, 0x00, 0x00, 0x00, 
0x00, 0x00, 0x00, 0x00, 0x19, 0xB3, 0xFF, 0xFF, 0xFF, 0xFF, 0xFF, 0xFF, 0xFF, 0xFF, 0xFF, 0xF5, 
0x83, 0x0C, 0x00, 0x00, 0x00, 0x00, 0x00, 0x00, 0x00, 0x00, 0x0E, 0x9E, 0xFA, 0xFF, 0xFF, 0xEE, 
0xF6, 0xFF, 0xF9, 0xEA, 0xFE, 0xFF, 0xFF, 0xBF, 0x16, 0x00, 0x00, 0x00, 0x00, 0x00, 0x00, 0x00, 
0x0E, 0xD2, 0xFF, 0xE1, 0x60, 0x0F, 0x00, 0xB3, 0xFF, 0xA1, 0x00, 0x08, 0x5E, 0xF2, 0xFF, 0xBC, 
0x00, 0x00, 0x00, 0x00, 0x00, 0x00, 0x00, 0xB2, 0xFF, 0xDF, 0x1D, 0x00, 0x00, 0x00, 0xE6, 0xFF, 
0x6D, 0x00, 0x00, 0x00, 0x6A, 0xFF, 0xFF, 0x25, 0x00, 0x00, 0x00, 0x00, 0x00, 0x53, 0xFF, 0xFE, 
0x3F, 0x00, 0x00, 0x00, 0x19, 0xFF, 0xFF, 0x39, 0x00, 0x00, 0x00, 0x16, 0xFF, 0xFF, 0x5D, 0x00, 
0x00, 0x00, 0x00, 0x05, 0xDB, 0xFF, 0xA7, 0x00, 0x00, 0x00, 0x00, 0x4C, 0xFF, 0xFC, 0x09, 0x00, 
0x00, 0x00, 0x00, 0xE5, 0xFF, 0x83, 0x00, 0x00, 0x00, 0x00, 0x6D, 0xFF, 0xFC, 0x25, 0x00, 0x00, 
0x00, 0x00, 0x7F, 0xFF, 0xD2, 0x00, 0x00, 0x00, 0x00, 0x00, 0xC4, 0xFF, 0xA7, 0x00, 0x00, 0x00, 
0x0D, 0xEA, 0xFF, 0x9C, 0x00, 0x00, 0x00, 0x00, 0x00, 0xB3, 0xFF, 0x9E, 0x00, 0x00, 0x00, 0x00, 
0x00, 0xA3, 0xFF, 0xCB, 0x00, 0x00, 0x00, 0x83, 0xFF, 0xF8, 0x1E, 0x00, 0x00, 0x00, 0x00, 0x00, 
0xE6, 0xFF, 0x6A, 0x00, 0x00, 0x00, 0x00, 0x00, 0x82, 0xFF, 0xEF, 0x00, 0x00, 0x00, 0xEE, 0xFF, 
0x88, 0x00, 0x00, 0x00, 0x00, 0x00, 0x12, 0xFF, 0xFC, 0x31, 0x00, 0x00, 0x00, 0x00, 0x00, 0x59, 
0xFF, 0xF5, 0x04, 0x00, 0x00, 0x0A, 0x0D, 0x00, 0x00, 0x00, 0x00, 0x00, 0x00, 0x00, 0x0B, 0x08, 
0x00, 0x00, 0x00, 0x00, 0x00, 0x00, 0x00, 0x0E, 0x08, 0x00, 0x00, 0x00, 0x00, 0x00, 0x00, 0x00, 
0x2C, 0x85, 0xC2, 0xE3, 0xEE, 0xD8, 0x9D, 0x2C, 0x00, 0x00, 0x00, 0x00, 0x64, 0xFF, 0xFF, 0xFF, 
0xFF, 0xFF, 0xFF, 0xFF, 0xF9, 0x41, 0x00, 0x00, 0x00, 0xB8, 0xD0, 0x72, 0x32, 0x15, 0x25, 0x7F, 
0xFF, 0xFF, 0xC8, 0x00, 0x00, 0x00, 0x1C, 0x00, 0x00, 0x00, 0x00, 0x00, 0x00, 0xB6, 0xFF, 0xF8, 
0x00, 0x00, 0x00, 0x00, 0x00, 0x00, 0x00, 0x00, 0x00, 0x00, 0x9B, 0xFF, 0xEB, 0x00, 0x00, 0x00, 
0x00, 0x00, 0x00, 0x00, 0x00, 0x00, 0x03, 0xDB, 0xFF, 0xA5, 0x00, 0x00, 0x00, 0x00, 0x00, 0x00, 
0x00, 0x00, 0x02, 0x91, 0xFF, 0xF2, 0x25, 0x00, 0x00, 0x00, 0x0D, 0x24, 0x25, 0x3E, 0x6C, 0xD9, 
0xFF, 0xE3, 0x31, 0x00, 0x00, 0x00, 0x00, 0xC6, 0xFF, 0xFF, 0xFF, 0xFF, 0xF6, 0x7D, 0x0F, 0x00, 
0x00, 0x00, 0x00, 0x00, 0xB0, 0xC4, 0xC6, 0xD7, 0xFB, 0xFF, 0xF8, 0x76, 0x00, 0x00, 0x00, 0x00, 
0x00, 0x00, 0x00, 0x00, 0x00, 0x13, 0xA6, 0xFF, 0xFF, 0x49, 0x00, 0x00, 0x00, 0x00, 0x00, 0x00, 
0x00, 0x00, 0x00, 0x0B, 0xFC, 0xFF, 0xA4, 0x00, 0x00, 0x00, 0x00, 0x00, 0x00, 0x00, 0x00, 0x00, 
0x00, 0xE4, 0xFF, 0xBB, 0x00, 0x00, 0x00, 0x00, 0x00, 0x00, 0x00, 0x00, 0x00, 0x10, 0xFA, 0xFF, 
0x9B, 0x00, 0x00, 0x00, 0x00, 0x00, 0x00, 0x00, 0x00, 0x00, 0x92, 0xFF, 0xFF, 0x47, 0x00, 0x94, 
0x70, 0x13, 0x00, 0x00, 0x00, 0x28, 0xAC, 0xFF, 0xFF, 0xB3, 0x00, 0x00, 0xEE, 0xFF, 0xFC, 0xDD, 
0xC9, 0xDF, 0xFF, 0xFF, 0xFF, 0xB4, 0x0B, 0x00, 0x00, 0x65, 0xD6, 0xFF, 0xFF, 0xFF, 0xFF, 0xFA, 
0xC0, 0x53, 0x00, 0x00, 0x00, 0x00, 0x00, 0x00, 0x17, 0x37, 0x3E, 0x2D, 0x0A, 0x00, 0x00, 0x00, 
0x00, 0x00, 0x00, 0x00, 0x00, 0x00, 0x46, 0xC1, 0x9E, 0x00, 0x00, 0x00, 0x00, 0x00, 0x00, 0x00, 
0x00, 0x5B, 0xC1, 0x8F, 0x00, 0x00, 0x00, 0x9F, 0xFF, 0xBC, 0x00, 0x00, 0x00, 0x00, 0x00, 0x00, 
0x00, 0x49, 0xFC, 0xFF, 0xA4, 0x00, 0x00, 0x00, 0xD3, 0xFF, 0x89, 0x00, 0x00, 0x00, 0x00, 0x00, 
0x00, 0x2E, 0xF2, 0xFF, 0xFF, 0x71, 0x00, 0x00, 0x09, 0xFC, 0xFF, 0x55, 0x00, 0x00, 0x00, 0x00, 
0x00, 0x1A, 0xE3, 0xFF, 0xFF, 0xFF, 0x3D, 0x00, 0x00, 0x39, 0xFF, 0xFF, 0x22, 0x00, 0x00, 0x00, 
0x00, 0x0B, 0xCD, 0xFF, 0xE5, 0xFF, 0xFD, 0x0C, 0x00, 0x00, 0x6C, 0xFF, 0xEE, 0x00, 0x00, 0x00, 
0x00, 0x02, 0xB1, 0xFF, 0xE0, 0x84, 0xFF, 0xD7, 0x00, 0x00, 0x00, 0x9F, 0xFF, 0xBB, 0x00, 0x00, 
0x00, 0x00, 0x91, 0xFF, 0xF4, 0x30, 0xAF, 0xFF, 0xA3, 0x00, 0x00, 0x00, 0xD3, 0xFF, 0x88, 0x00, 
0x00, 0x00, 0x6C, 0xFF, 0xFE, 0x51, 0x00, 0xE7, 0xFF, 0x70, 0x00, 0x00, 0x09, 0xFC, 0xFF, 0x55, 
0x00, 0x00, 0x4B, 0xFC, 0xFF, 0x74, 0x00, 0x1B, 0xFF, 0xFF, 0x3D, 0x00, 0x00, 0x39, 0xFF, 0xFF, 
0x22, 0x00, 0x30, 0xF3, 0xFF, 0x95, 0x00, 0x00, 0x4F, 0xFF, 0xFD, 0x0C, 0x00, 0x00, 0x6C, 0xFF, 
0xEE, 0x00, 0x1B, 0xE4, 0xFF, 0xB2, 0x03, 0x00, 0x00, 0x82, 0xFF, 0xD6, 0x00, 0x00, 0x00, 0x9F, 
0xFF, 0xB9, 0x0B, 0xCF, 0xFF, 0xCB, 0x0B, 0x00, 0x00, 0x00, 0xB4, 0xFF, 0xA3, 0x00, 0x00, 0x00, 
0xD3, 0xFF, 0x80, 0xAF, 0xFF, 0xDF, 0x17, 0x00, 0x00, 0x00, 0x00, 0xE7, 0xFF, 0x70, 0x00, 0x00, 
0x09, 0xFC, 0xFF, 0xB9, 0xFF, 0xEE, 0x29, 0x00, 0x00, 0x00, 0x00, 0x1A, 0xFF, 0xFF, 0x3C, 0x00, 
0x00, 0x39, 0xFF, 0xFF, 0xFF, 0xF9, 0x3F, 0x00, 0x00, 0x00, 0x00, 0x00, 0x4C, 0xFF, 0xFD, 0x0C, 
0x00, 0x00, 0x6C, 0xFF, 0xFF, 0xFE, 0x5A, 0x00, 0x00, 0x00, 0x00, 0x00, 0x00, 0x7F, 0xFF, 0xD6, 
0x00, 0x00, 0x00, 0x9F, 0xFF, 0xFF, 0x79, 0x00, 0x00, 0x00, 0x00, 0x00, 0x00, 0x00, 0xB2, 0xFF, 
0xA2, 0x00, 0x00, 0x00, 0xCC, 0xFF, 0x96, 0x00, 0x00, 0x00, 0x00, 0x00, 0x00, 0x00, 0x00, 0xDE, 
0xFF, 0x67, 0x00, 0x00, 0x00, 0x09, 0x0E, 0x00, 0x00, 0x00, 0x00, 0x00, 0x00, 0x00, 0x00, 0x00, 
0x09, 0x0F, 0x00, 0x00, 0x00, 0x00, 0x00, 0x00, 0x00, 0x00, 0x00, 0x00, 0x00, 0x99, 0xBF, 0x13, 
0x00, 0x00, 0x00, 0x62, 0xC2, 0x58, 0x00, 0x00, 0x00, 0x00, 0x00, 0x00, 0x00, 0x00, 0xEE, 0xFF, 
0x28, 0x00, 0x00, 0x0D, 0xE4, 0xFF, 0x4E, 0x00, 0x00, 0x00, 0x00, 0x00, 0x00, 0x00, 0x00, 0xBE, 
0xFF, 0xCD, 0x72, 0x7B, 0xD6, 0xFF, 0xBC, 0x01, 0x00, 0x00, 0x00, 0x00, 0x00, 0x00, 0x00, 0x00, 
0x25, 0xC8, 0xFF, 0xFF, 0xFF, 0xF5, 0x92, 0x0A, 0x00, 0x00, 0x00, 0x00, 0x00, 0x00, 0x00, 0x00, 
0x00, 0x00, 0x00, 0x22, 0x3B, 0x33, 0x0B, 0x00, 0x00, 0x00, 0x00, 0x00, 0x00, 0x00, 0x46, 0xC1, 
0x9E, 0x00, 0x00, 0x00, 0x00, 0x00, 0x00, 0x00, 0x00, 0x5B, 0xC1, 0x8F, 0x00, 0x00, 0x00, 0x9F, 
0xFF, 0xBC, 0x00, 0x00, 0x00, 0x00, 0x00, 0x00, 0x00, 0x49, 0xFC, 0xFF, 0xA4, 0x00, 0x00, 0x00, 
0xD3, 0xFF, 0x89, 0x00, 0x00, 0x00, 0x00, 0x00, 0x00, 0x2E, 0xF2, 0xFF, 0xFF, 0x71, 0x00, 0x00, 
0x09, 0xFC, 0xFF, 0x55, 0x00, 0x00, 0x00, 0x00, 0x00, 0x1A, 0xE3, 0xFF, 0xFF, 0xFF, 0x3D, 0x00, 
0x00, 0x39, 0xFF, 0xFF, 0x22, 0x00, 0x00, 0x00, 0x00, 0x0B, 0xCD, 0xFF, 0xE5, 0xFF, 0xFD, 0x0C, 
0x00, 0x00, 0x6C, 0xFF, 0xEE, 0x00, 0x00, 0x00, 0x00, 0x02, 0xB1, 0xFF, 0xE0, 0x84, 0xFF, 0xD7, 
0x00, 0x00, 0x00, 0x9F, 0xFF, 0xBB, 0x00, 0x00, 0x00, 0x00, 0x91, 0xFF, 0xF4, 0x30, 0xAF, 0xFF, 
0xA3, 0x00, 0x00, 0x00, 0xD3, 0xFF, 0x88, 0x00, 0x00, 0x00, 0x6C, 0xFF, 0xFE, 0x51, 0x00, 0xE7, 
0xFF, 0x70, 0x00, 0x00, 0x09, 0xFC, 0xFF, 0x55, 0x00, 0x00, 0x4B, 0xFC, 0xFF, 0x74, 0x00, 0x1B, 
0xFF, 0xFF, 0x3D, 0x00, 0x00, 0x39, 0xFF, 0xFF, 0x22, 0x00, 0x30, 0xF3, 0xFF, 0x95, 0x00, 0x00, 
0x4F, 0xFF, 0xFD, 0x0C, 0x00, 0x00, 0x6C, 0xFF, 0xEE, 0x00, 0x1B, 0xE4, 0xFF, 0xB2, 0x03, 0x00, 
0x00, 0x82, 0xFF, 0xD6, 0x00, 0x00, 0x00, 0x9F, 0xFF, 0xB9, 0x0B, 0xCF, 0xFF, 0xCB, 0x0B, 0x00, 
0x00, 0x00, 0xB4, 0xFF, 0xA3, 0x00, 0x00, 0x00, 0xD3, 0xFF, 0x80, 0xAF, 0xFF, 0xDF, 0x17, 0x00, 
0x00, 0x00, 0x00, 0xE7, 0xFF, 0x70, 0x00, 0x00, 0x09, 0xFC, 0xFF, 0xB9, 0xFF, 0xEE, 0x29, 0x00, 
0x00, 0x00, 0x00, 0x1A, 0xFF, 0xFF, 0x3C, 0x00, 0x00, 0x39, 0xFF, 0xFF, 0xFF, 0xF9, 0x3F, 0x00, 
0x00, 0x00, 0x00, 0x00, 0x4C, 0xFF, 0xFD, 0x0C, 0x00, 0x00, 0x6C, 0xFF, 0xFF, 0xFE, 0x5A, 0x00, 
0x00, 0x00, 0x00, 0x00, 0x00, 0x7F, 0xFF, 0xD6, 0x00, 0x00, 0x00, 0x9F, 0xFF, 0xFF, 0x79, 0x00, 
0x00, 0x00, 0x00, 0x00, 0x00, 0x00, 0xB2, 0xFF, 0xA2, 0x00, 0x00, 0x00, 0xCC, 0xFF, 0x96, 0x00, 
0x00, 0x00, 0x00, 0x00, 0x00, 0x00, 0x00, 0xDE, 0xFF, 0x67, 0x00, 0x00, 0x00, 0x09, 0x0E, 0x00, 
0x00, 0x00, 0x00, 0x00, 0x00, 0x00, 0x00, 0x00, 0x09, 0x0F, 0x00, 0x00, 0x00, 0x00, 0x00, 0x00, 
0x00, 0x47, 0xBF, 0x9D, 0x00, 0x00, 0x00, 0x00, 0x00, 0x00, 0x81, 0xC3, 0x76, 0x00, 0x00, 0x00, 
0x9F, 0xFF, 0xBC, 0x00, 0x00, 0x00, 0x00, 0x00, 0x41, 0xFF, 0xFF, 0x52, 0x00, 0x00, 0x00, 0xD2, 
0xFF, 0x88, 0x00, 0x00, 0x00, 0x00, 0x01, 0xCC, 0xFF, 0xC0, 0x00, 0x00, 0x00, 0x09, 0xFC, 0xFF, 
0x55, 0x00, 0x00, 0x00, 0x00, 0x5B, 0xFF, 0xFD, 0x30, 0x00, 0x00, 0x00, 0x39, 0xFF, 0xFF, 0x21, 
0x00, 0x00, 0x00, 0x09, 0xE0, 0xFF, 0x99, 0x00, 0x00, 0x00, 0x00, 0x6C, 0xFF, 0xED, 0x00, 0x00, 
0x00, 0x00, 0x8C, 0xFF, 0xEB, 0x14, 0x00, 0x00, 0x00, 0x00, 0x9F, 0xFF, 0xBA, 0x00, 0x00, 0x00, 
0x5B, 0xFD, 0xFF, 0x55, 0x00, 0x00, 0x00, 0x00, 0x00, 0xD2, 0xFF, 0x99, 0x25, 0x44, 0x9F, 0xFD, 
0xFE, 0x75, 0x00, 0x00, 0x00, 0x00, 0x00, 0x09, 0xFB, 0xFF, 0xFF, 0xFF, 0xFF, 0xFF, 0xCA, 0x40, 
0x00, 0x00, 0x00, 0x00, 0x00, 0x00, 0x38, 0xFF, 0xFF, 0xE9, 0xF6, 0xFF, 0xFF, 0xF6, 0x73, 0x00, 
0x00, 0x00, 0x00, 0x00, 0x00, 0x6B, 0xFF, 0xEF, 0x01, 0x01, 0x28, 0xB8, 0xFF, 0xFF, 0x48, 0x00, 
0x00, 0x00, 0x00, 0x00, 0x9E, 0xFF, 0xBD, 0x00, 0x00, 0x00, 0x0B, 0xDC, 0xFF, 0xB5, 0x00, 0x00, 
0x00, 0x00, 0x00, 0xD1, 0xFF, 0x89, 0x00, 0x00, 0x00, 0x00, 0x78, 0xFF, 0xF2, 0x02, 0x00, 0x00, 
0x00, 0x08, 0xFB, 0xFF, 0x55, 0x00, 0x00, 0x00, 0x00, 0x3E, 0xFF, 0xFF, 0x29, 0x00, 0x00, 0x00, 
0x38, 0xFF, 0xFF, 0x22, 0x00, 0x00, 0x00, 0x00, 0x10, 0xFF, 0xFF, 0x5B, 0x00, 0x00, 0x00, 0x6B, 
0xFF, 0xED, 0x00, 0x00, 0x00, 0x00, 0x00, 0x00, 0xE2, 0xFF, 0x8E, 0x00, 0x00, 0x00, 0x9E, 0xFF, 
0xBA, 0x00, 0x00, 0x00, 0x00, 0x00, 0x00, 0xB3, 0xFF, 0xC0, 0x00, 0x00, 0x00, 0xC9, 0xFF, 0x7E, 
0x00, 0x00, 0x00, 0x00, 0x00, 0x00, 0x7F, 0xFF, 0xD5, 0x00, 0x00, 0x00, 0x06, 0x0E, 0x00, 0x00, 
0x00, 0x00, 0x00, 0x00, 0x00, 0x00, 0x10, 0x06, 0x00, 0x00, 0x00, 0x00, 0x00, 0x00, 0x00, 0x00, 
0x00, 0x00, 0x00, 0x00, 0x3F, 0xAD, 0xB0, 0xB0, 0xB0, 0xB0, 0xB0, 0xB0, 0xB0, 0x7A, 0x00, 0x00, 
0x00, 0x00, 0x00, 0x00, 0x00, 0x00, 0x00, 0xC7, 0xFF, 0xFF, 0xFF, 0xFF, 0xFF, 0xFF, 0xFF, 0xFF, 
0xC2, 0x00, 0x00, 0x00, 0x00, 0x00, 0x00, 0x00, 0x00, 0x1A, 0xFE, 0xFF, 0x6E, 0x54, 0x54, 0x54, 
0x54, 0xDE, 0xFF, 0x90, 0x00, 0x00, 0x00, 0x00, 0x00, 0x00, 0x00, 0x00, 0x6A, 0xFF, 0xE2, 0x00, 
0x00, 0x00, 0x00, 0x03, 0xF5, 0xFF, 0x5D, 0x00, 0x00, 0x00, 0x00, 0x00, 0x00, 0x00, 0x00, 0xBC, 
0xFF, 0x91, 0x00, 0x00, 0x00, 0x00, 0x2B, 0xFF, 0xFF, 0x2A, 0x00, 0x00, 0x00, 0x00, 0x00, 0x00, 
0x00, 0x15, 0xFC, 0xFF, 0x3E, 0x00, 0x00, 0x00, 0x00, 0x5E, 0xFF, 0xF4, 0x02, 0x00, 0x00, 0x00, 
0x00, 0x00, 0x00, 0x00, 0x67, 0xFF, 0xE6, 0x02, 0x00, 0x00, 0x00, 0x00, 0x91, 0xFF, 0xC4, 0x00, 
0x00, 0x00, 0x00, 0x00, 0x00, 0x00, 0x00, 0xC2, 0xFF, 0x92, 0x00, 0x00, 0x00, 0x00, 0x00, 0xC5, 
0xFF, 0x91, 0x00, 0x00, 0x00, 0x00, 0x00, 0x00, 0x00, 0x21, 0xFE, 0xFF, 0x38, 0x00, 0x00, 0x00, 
0x00, 0x03, 0xF5, 0xFF, 0x5E, 0x00, 0x00, 0x00, 0x00, 0x00, 0x00, 0x00, 0x81, 0xFF, 0xDB, 0x00, 
0x00, 0x00, 0x00, 0x00, 0x2B, 0xFF, 0xFF, 0x2B, 0x00, 0x00, 0x00, 0x00, 0x00, 0x00, 0x03, 0xE3, 
0xFF, 0x7B, 0x00, 0x00, 0x00, 0x00, 0x00, 0x5E, 0xFF, 0xF5, 0x03, 0x00, 0x00, 0x00, 0x00, 0x00, 
0x00, 0x54, 0xFF, 0xFB, 0x19, 0x00, 0x00, 0x00, 0x00, 0x00, 0x91, 0xFF, 0xC5, 0x00, 0x00, 0x00, 
0x00, 0x00, 0x00, 0x00, 0xC7, 0xFF, 0xA7, 0x00, 0x00, 0x00, 0x00, 0x00, 0x00, 0xC4, 0xFF, 0x92, 
0x00, 0x00, 0x00, 0x00, 0x00, 0x00, 0x4D, 0xFF, 0xFE, 0x2F, 0x00, 0x00, 0x00, 0x00, 0x00, 0x02, 
0xF4, 0xFF, 0x5F, 0x00, 0x00, 0x00, 0x00, 0x00, 0x10, 0xE0, 0xFF, 0xA4, 0x00, 0x00, 0x00, 0x00, 
0x00, 0x00, 0x2B, 0xFF, 0xFF, 0x2C, 0x00, 0x00, 0x00, 0x00, 0x29, 0xC4, 0xFF, 0xEB, 0x18, 0x00, 
0x00, 0x00, 0x00, 0x00, 0x00, 0x5E, 0xFF, 0xF6, 0x03, 0x00, 0x00, 0x00, 0xCE, 0xFF, 0xFF, 0xF8, 
0x42, 0x00, 0x00, 0x00, 0x00, 0x00, 0x00, 0x00, 0x91, 0xFF, 0xC6, 0x00, 0x00, 0x00, 0x17, 0xFF, 
0xFF, 0xC7, 0x34, 0x00, 0x00, 0x00, 0x00, 0x00, 0x00, 0x00, 0x00, 0xBD, 0xFF, 0x8B, 0x00, 0x00, 
0x00, 0x00, 0x2E, 0x17, 0x00, 0x00, 0x00, 0x00, 0x00, 0x00, 0x00, 0x00, 0x00, 0x00, 0x07, 0x11, 
0x00, 0x00, 0x00, 0x00, 0x00, 0x00, 0x00, 0x27, 0xA6, 0xAF, 0x98, 0x19, 0x00, 0x00, 0x00, 0x00, 
0x00, 0x00, 0x00, 0x00, 0x00, 0x00, 0x0A, 0x84, 0xAE, 0xAF, 0x52, 0x00, 0x00, 0x00, 0x9F, 0xFF, 
0xFF, 0xFF, 0x92, 0x00, 0x00, 0x00, 0x00, 0x00, 0x00, 0x00, 0x00, 0x00, 0x00, 0xA6, 0xFF, 0xFF, 
0xFF, 0x96, 0x00, 0x00, 0x00, 0xD5, 0xFF, 0xDF, 0xFF, 0xC9, 0x00, 0x00, 0x00, 0x00, 0x00, 0x00, 
0x00, 0x00, 0x00, 0x48, 0xFF, 0xED, 0xF2, 0xFF, 0x66, 0x00, 0x00, 0x0B, 0xFD, 0xFF, 0x7D, 0xFF, 
0xF7, 0x04, 0x00, 0x00, 0x00, 0x00, 0x00, 0x00, 0x00, 0x09, 0xDD, 0xFF, 0x79, 0xFF, 0xFF, 0x33, 
0x00, 0x00, 0x3B, 0xFF, 0xFE, 0x1C, 0xFE, 0xFF, 0x2F, 0x00, 0x00, 0x00, 0x00, 0x00, 0x00, 0x00, 
0x85, 0xFF, 0xC7, 0x48, 0xFF, 0xFA, 0x06, 0x00, 0x00, 0x6E, 0xFF, 0xD8, 0x00, 0xDD, 0xFF, 0x63, 
0x00, 0x00, 0x00, 0x00, 0x00, 0x00, 0x29, 0xFA, 0xFC, 0x30, 0x79, 0xFF, 0xCD, 0x00, 0x00, 0x00, 
0xA1, 0xFF, 0xA5, 0x00, 0xAC, 0xFF, 0x96, 0x00, 0x00, 0x00, 0x00, 0x00, 0x00, 0xC0, 0xFF, 0x91, 
0x00, 0xAC, 0xFF, 0x9A, 0x00, 0x00, 0x00, 0xD4, 0xFF, 0x72, 0x00, 0x7B, 0xFF, 0xC9, 0x00, 0x00, 
0x00, 0x00, 0x00, 0x60, 0xFF, 0xE6, 0x0E, 0x00, 0xDF, 0xFF, 0x68, 0x00, 0x00, 0x09, 0xFC, 0xFF, 
0x3F, 0x00, 0x4A, 0xFF, 0xF8, 0x05, 0x00, 0x00, 0x00, 0x13, 0xEB, 0xFF, 0x59, 0x00, 0x12, 0xFF, 
0xFF, 0x35, 0x00, 0x00, 0x39, 0xFF, 0xFE, 0x0E, 0x00, 0x19, 0xFF, 0xFF, 0x30, 0x00, 0x00, 0x00, 
0x9D, 0xFF, 0xBC, 0x00, 0x00, 0x45, 0xFF, 0xFA, 0x07, 0x00, 0x00, 0x6C, 0xFF, 0xD9, 0x00, 0x00, 
0x00, 0xE8, 0xFF, 0x63, 0x00, 0x00, 0x3C, 0xFE, 0xF9, 0x27, 0x00, 0x00, 0x78, 0xFF, 0xCF, 0x00, 
0x00, 0x00, 0x9F, 0xFF, 0xA6, 0x00, 0x00, 0x00, 0xB8, 0xFF, 0x97, 0x00, 0x05, 0xD4, 0xFF, 0x85, 
0x00, 0x00, 0x00, 0xAB, 0xFF, 0x9C, 0x00, 0x00, 0x00, 0xD2, 0xFF, 0x72, 0x00, 0x00, 0x00, 0x87, 
0xFF, 0xCA, 0x00, 0x78, 0xFF, 0xDF, 0x09, 0x00, 0x00, 0x00, 0xDE, 0xFF, 0x69, 0x00, 0x00, 0x09, 
0xFB, 0xFF, 0x3F, 0x00, 0x00, 0x00, 0x56, 0xFF, 0xF8, 0x25, 0xF5, 0xFF, 0x4D, 0x00, 0x00, 0x00, 
0x11, 0xFF, 0xFF, 0x36, 0x00, 0x00, 0x38, 0xFF, 0xFE, 0x0E, 0x00, 0x00, 0x00, 0x25, 0xFF, 0xFF, 
0xD7, 0xFF, 0xB1, 0x00, 0x00, 0x00, 0x00, 0x43, 0xFF, 0xFB, 0x08, 0x00, 0x00, 0x6A, 0xFF, 0xD9, 
0x00, 0x00, 0x00, 0x00, 0x01, 0xF2, 0xFF, 0xFF, 0xF5, 0x1F, 0x00, 0x00, 0x00, 0x00, 0x76, 0xFF, 
0xD1, 0x00, 0x00, 0x00, 0x9D, 0xFF, 0xA6, 0x00, 0x00, 0x00, 0x00, 0x00, 0xC4, 0xFF, 0xFF, 0x79, 
0x00, 0x00, 0x00, 0x00, 0x00, 0xA9, 0xFF, 0x9E, 0x00, 0x00, 0x00, 0xC9, 0xFF, 0x6A, 0x00, 0x00, 
0x00, 0x00, 0x00, 0x8B, 0xFF, 0xCF, 0x06, 0x00, 0x00, 0x00, 0x00, 0x00, 0xD4, 0xFF, 0x62, 0x00, 
0x00, 0x00, 0x06, 0x0D, 0x00, 0x00, 0x00, 0x00, 0x00, 0x00, 0x01, 0x11, 0x02, 0x00, 0x00, 0x00, 
0x00, 0x00, 0x00, 0x07, 0x0D, 0x00, 0x00, 0x00, 0x00, 0x00, 0x00, 0x00, 0x47, 0xBF, 0x9B, 0x00, 
0x00, 0x00, 0x00, 0x00, 0x00, 0x00, 0x09, 0xAF, 0xBF, 0x29, 0x00, 0x00, 0x00, 0x9F, 0xFF, 0xB8, 
0x00, 0x00, 0x00, 0x00, 0x00, 0x00, 0x00, 0x3B, 0xFF, 0xFF, 0x1C, 0x00, 0x00, 0x00, 0xD2, 0xFF, 
0x86, 0x00, 0x00, 0x00, 0x00, 0x00, 0x00, 0x00, 0x6F, 0xFF, 0xE9, 0x00, 0x00, 0x00, 0x09, 0xFC, 
0xFF, 0x53, 0x00, 0x00, 0x00, 0x00, 0x00, 0x00, 0x00, 0xA2, 0xFF, 0xB6, 0x00, 0x00, 0x00, 0x38, 
0xFF, 0xFF, 0x20, 0x00, 0x00, 0x00, 0x00, 0x00, 0x00, 0x00, 0xD5, 0xFF, 0x83, 0x00, 0x00, 0x00, 
0x6B, 0xFF, 0xED, 0x00, 0x00, 0x00, 0x00, 0x00, 0x00, 0x00, 0x0B, 0xFD, 0xFF, 0x50, 0x00, 0x00, 
0x00, 0x9E, 0xFF, 0xBB, 0x00, 0x00, 0x00, 0x00, 0x00, 0x00, 0x00, 0x3C, 0xFF, 0xFF, 0x1D, 0x00, 
0x00, 0x00, 0xD1, 0xFF, 0xAB, 0x40, 0x40, 0x40, 0x40, 0x40, 0x40, 0x40, 0x8E, 0xFF, 0xEA, 0x00, 
0x00, 0x00, 0x09, 0xFB, 0xFF, 0xFF, 0xFF, 0xFF, 0xFF, 0xFF, 0xFF, 0xFF, 0xFF, 0xFF, 0xFF, 0xB7, 
0x00, 0x00, 0x00, 0x38, 0xFF, 0xFF, 0xCE, 0xCC, 0xCC, 0xCC, 0xCC, 0xCC, 0xCC, 0xCC, 0xFB, 0xFF, 
0x83, 0x00, 0x00, 0x00, 0x6B, 0xFF, 0xEB, 0x00, 0x00, 0x00, 0x00, 0x00, 0x00, 0x00, 0x0B, 0xFD, 
0xFF, 0x50, 0x00, 0x00, 0x00, 0x9E, 0xFF, 0xB8, 0x00, 0x00, 0x00, 0x00, 0x00, 0x00, 0x00, 0x3B, 
0xFF, 0xFF, 0x1D, 0x00, 0x00, 0x00, 0xD1, 0xFF, 0x85, 0x00, 0x00, 0x00, 0x00, 0x00, 0x00, 0x00, 
0x6E, 0xFF, 0xEA, 0x00, 0x00, 0x00, 0x08, 0xFB, 0xFF, 0x53, 0x00, 0x00, 0x00, 0x00, 0x00, 0x00, 
0x00, 0xA1, 0xFF, 0xB7, 0x00, 0x00, 0x00, 0x37, 0xFF, 0xFF, 0x20, 0x00, 0x00, 0x00, 0x00, 0x00, 
0x00, 0x00, 0xD3, 0xFF, 0x84, 0x00, 0x00, 0x00, 0x6A, 0xFF, 0xED, 0x00, 0x00, 0x00, 0x00, 0x00, 
0x00, 0x00, 0x09, 0xFC, 0xFF, 0x51, 0x00, 0x00, 0x00, 0x9D, 0xFF, 0xBA, 0x00, 0x00, 0x00, 0x00, 
0x00, 0x00, 0x00, 0x39, 0xFF, 0xFF, 0x1E, 0x00, 0x00, 0x00, 0xC8, 0xFF, 0x7E, 0x00, 0x00, 0x00, 
0x00, 0x00, 0x00, 0x00, 0x64, 0xFF, 0xE1, 0x00, 0x00, 0x00, 0x00, 0x06, 0x0E, 0x00, 0x00, 0x00, 
0x00, 0x00, 0x00, 0x00, 0x00, 0x00, 0x10, 0x03, 0x00, 0x00, 0x00, 0x00, 0x00, 0x00, 0x00, 0x00, 
0x00, 0x00, 0x1C, 0x7B, 0xBF, 0xDF, 0xEF, 0xE1, 0xB7, 0x67, 0x08, 0x00, 0x00, 0x00, 0x00, 0x00, 
0x00, 0x06, 0x8A, 0xF9, 0xFF, 0xFF, 0xFF, 0xFF, 0xFF, 0xFF, 0xFF, 0xD3, 0x1D, 0x00, 0x00, 0x00, 
0x00, 0x0B, 0xC1, 0xFF, 0xFF, 0xB0, 0x4D, 0x20, 0x18, 0x3D, 0xA4, 0xFF, 0xFF, 0xCB, 0x01, 0x00, 
0x00, 0x00, 0xB3, 0xFF, 0xF7, 0x55, 0x00, 0x00, 0x00, 0x00, 0x00, 0x00, 0x8F, 0xFF, 0xFF, 0x49, 
0x00, 0x00, 0x64, 0xFF, 0xFF, 0x58, 0x00, 0x00, 0x00, 0x00, 0x00, 0x00, 0x00, 0x12, 0xFC, 0xFF, 
0x90, 0x00, 0x09, 0xE7, 0xFF, 0xB1, 0x00, 0x00, 0x00, 0x00, 0x00, 0x00, 0x00, 0x00, 0x00, 0xE2, 
0xFF, 0xB2, 0x00, 0x60, 0xFF, 0xFF, 0x3C, 0x00, 0x00, 0x00, 0x00, 0x00, 0x00, 0x00, 0x00, 0x00, 
0xCA, 0xFF, 0xB8, 0x00, 0xBA, 0xFF, 0xDB, 0x00, 0x00, 0x00, 0x00, 0x00, 0x00, 0x00, 0x00, 0x00, 
0x00, 0xDA, 0xFF, 0xA4, 0x07, 0xF9, 0xFF, 0x8F, 0x00, 0x00, 0x00, 0x00, 0x00, 0x00, 0x00, 0x00, 
0x00, 0x02, 0xF4, 0xFF, 0x8B, 0x32, 0xFF, 0xFF, 0x5B, 0x00, 0x00, 0x00, 0x00, 0x00, 0x00, 0x00, 
0x00, 0x00, 0x2C, 0xFF, 0xFF, 0x5E, 0x4E, 0xFF, 0xFF, 0x30, 0x00, 0x00, 0x00, 0x00, 0x00, 0x00, 
0x00, 0x00, 0x00, 0x6C, 0xFF, 0xFF, 0x1E, 0x62, 0xFF, 0xFF, 0x1C, 0x00, 0x00, 0x00, 0x00, 0x00, 
0x00, 0x00, 0x00, 0x00, 0xCE, 0xFF, 0xCC, 0x00, 0x69, 0xFF, 0xFF, 0x28, 0x00, 0x00, 0x00, 0x00, 
0x00, 0x00, 0x00, 0x00, 0x39, 0xFF, 0xFF, 0x66, 0x00, 0x54, 0xFF, 0xFF, 0x48, 0x00, 0x00, 0x00, 
0x00, 0x00, 0x00, 0x00, 0x05, 0xCA, 0xFF, 0xDF, 0x06, 0x00, 0x1E, 0xFF, 0xFF, 0xA7, 0x00, 0x00, 
0x00, 0x00, 0x00, 0x00, 0x04, 0xA1, 0xFF, 0xFE, 0x42, 0x00, 0x00, 0x00, 0xB6, 0xFF, 0xFF, 0x8B, 
0x0D, 0x00, 0x00, 0x01, 0x3C, 0xC5, 0xFF, 0xFF, 0x6E, 0x00, 0x00, 0x00, 0x00, 0x1D, 0xE5, 0xFF, 
0xFF, 0xFA, 0xD4, 0xCF, 0xEC, 0xFF, 0xFF, 0xF3, 0x5B, 0x00, 0x00, 0x00, 0x00, 0x00, 0x00, 0x17, 
0x9B, 0xF3, 0xFF, 0xFF, 0xFF, 0xFF, 0xE2, 0x8D, 0x18, 0x00, 0x00, 0x00, 0x00, 0x00, 0x00, 0x00, 
0x00, 0x00, 0x03, 0x2A, 0x3D, 0x36, 0x1E, 0x00, 0x00, 0x00, 0x00, 0x00, 0x00, 0x00, 0x00, 0x00, 
0x00, 0x00, 0x27, 0xA6, 0xB0, 0xB0, 0xB0, 0xB0, 0xB0, 0xB0, 0xB0, 0xB0, 0xB0, 0xB0, 0xA1, 0x0E, 
0x00, 0x00, 0x00, 0x9D, 0xFF, 0xFF, 0xFF, 0xFF, 0xFF, 0xFF, 0xFF, 0xFF, 0xFF, 0xFF, 0xFF, 0xFF, 
0x13, 0x00, 0x00, 0x00, 0xD3, 0xFF, 0xA8, 0x58, 0x58, 0x58, 0x58, 0x58, 0x58, 0x58, 0xAC, 0xFF, 
0xE0, 0x00, 0x00, 0x00, 0x09, 0xFC, 0xFF, 0x50, 0x00, 0x00, 0x00, 0x00, 0x00, 0x00, 0x00, 0xAB, 
0xFF, 0xAD, 0x00, 0x00, 0x00, 0x39, 0xFF, 0xFF, 0x1D, 0x00, 0x00, 0x00, 0x00, 0x00, 0x00, 0x00, 
0xDF, 0xFF, 0x79, 0x00, 0x00, 0x00, 0x6C, 0xFF, 0xEA, 0x00, 0x00, 0x00, 0x00, 0x00, 0x00, 0x00, 
0x12, 0xFF, 0xFF, 0x46, 0x00, 0x00, 0x00, 0x9F, 0xFF, 0xB7, 0x00, 0x00, 0x00, 0x00, 0x00, 0x00, 
0x00, 0x45, 0xFF, 0xFF, 0x13, 0x00, 0x00, 0x00, 0xD2, 0xFF, 0x84, 0x00, 0x00, 0x00, 0x00, 0x00, 
0x00, 0x00, 0x78, 0xFF, 0xE0, 0x00, 0x00, 0x00, 0x09, 0xFB, 0xFF, 0x51, 0x00, 0x00, 0x00, 0x00, 
0x00, 0x00, 0x00, 0xAB, 0xFF, 0xAC, 0x00, 0x00, 0x00, 0x38, 0xFF, 0xFF, 0x1E, 0x00, 0x00, 0x00, 
0x00, 0x00, 0x00, 0x00, 0xDF, 0xFF, 0x79, 0x00, 0x00, 0x00, 0x6B, 0xFF, 0xEC, 0x00, 0x00, 0x00, 
0x00, 0x00, 0x00, 0x00, 0x12, 0xFF, 0xFF, 0x46, 0x00, 0x00, 0x00, 0x9E, 0xFF, 0xB9, 0x00, 0x00, 
0x00, 0x00, 0x00, 0x00, 0x00, 0x45, 0xFF, 0xFF, 0x13, 0x00, 0x00, 0x00, 0xD1, 0xFF, 0x86, 0x00, 
0x00, 0x00, 0x00, 0x00, 0x00, 0x00, 0x78, 0xFF, 0xDF, 0x00, 0x00, 0x00, 0x08, 0xFB, 0xFF, 0x53, 
0x00, 0x00, 0x00, 0x00, 0x00, 0x00, 0x00, 0xAB, 0xFF, 0xAC, 0x00, 0x00, 0x00, 0x37, 0xFF, 0xFF, 
0x20, 0x00, 0x00, 0x00, 0x00, 0x00, 0x00, 0x00, 0xDF, 0xFF, 0x79, 0x00, 0x00, 0x00, 0x6A, 0xFF, 
0xED, 0x00, 0x00, 0x00, 0x00, 0x00, 0x00, 0x00, 0x12, 0xFF, 0xFF, 0x46, 0x00, 0x00, 0x00, 0x9D, 
0xFF, 0xBA, 0x00, 0x00, 0x00, 0x00, 0x00, 0x00, 0x00, 0x45, 0xFF, 0xFF, 0x13, 0x00, 0x00, 0x00, 
0xC9, 0xFF, 0x7F, 0x00, 0x00, 0x00, 0x00, 0x00, 0x00, 0x00, 0x70, 0xFF, 0xD8, 0x00, 0x00, 0x00, 
0x00, 0x07, 0x10, 0x00, 0x00, 0x00, 0x00, 0x00, 0x00, 0x00, 0x00, 0x01, 0x12, 0x05, 0x00, 0x00, 
0x00, 0x00, 0x00, 0x00, 0x00, 0x28, 0x9F, 0xB0, 0xB0, 0xB0, 0xAC, 0x9B, 0x6A, 0x13, 0x00, 0x00, 
0x00, 0x00, 0x00, 0xA0, 0xFF, 0xFF, 0xFF, 0xFF, 0xFF, 0xFF, 0xFF, 0xF4, 0x4F, 0x00, 0x00, 0x00, 
0x00, 0xD5, 0xFF, 0x9D, 0x40, 0x40, 0x49, 0x7D, 0xEE, 0xFF, 0xF4, 0x17, 0x00, 0x00, 0x0A, 0xFC, 
0xFF, 0x51, 0x00, 0x00, 0x00, 0x00, 0x42, 0xFF, 0xFF, 0x66, 0x00, 0x00, 0x3A, 0xFF, 0xFF, 0x1E, 
0x00, 0x00, 0x00, 0x00, 0x01, 0xF8, 0xFF, 0x83, 0x00, 0x00, 0x6D, 0xFF, 0xEC, 0x00, 0x00, 0x00, 
0x00, 0x00, 0x0A, 0xFF, 0xFF, 0x6D, 0x00, 0x00, 0xA0, 0xFF, 0xBA, 0x00, 0x00, 0x00, 0x00, 0x00, 
0x4C, 0xFF, 0xFF, 0x31, 0x00, 0x00, 0xD3, 0xFF, 0x88, 0x00, 0x00, 0x00, 0x00, 0x06, 0xCD, 0xFF, 
0xCF, 0x00, 0x00, 0x09, 0xFC, 0xFF, 0x56, 0x00, 0x00, 0x00, 0x1E, 0xB7, 0xFF, 0xFC, 0x36, 0x00, 
0x00, 0x39, 0xFF, 0xFF, 0xBA, 0xA8, 0xAA, 0xC3, 0xFA, 0xFF, 0xF6, 0x51, 0x00, 0x00, 0x00, 0x6C, 
0xFF, 0xFF, 0xFF, 0xFF, 0xFF, 0xFF, 0xF8, 0x9F, 0x2A, 0x00, 0x00, 0x00, 0x00, 0x9F, 0xFF, 0xC5, 
0x44, 0x44, 0x40, 0x2E, 0x08, 0x00, 0x00, 0x00, 0x00, 0x00, 0x00, 0xD2, 0xFF, 0x85, 0x00, 0x00, 
0x00, 0x00, 0x00, 0x00, 0x00, 0x00, 0x00, 0x00, 0x08, 0xFB, 0xFF, 0x52, 0x00, 0x00, 0x00, 0x00, 
0x00, 0x00, 0x00, 0x00, 0x00, 0x00, 0x37, 0xFF, 0xFF, 0x1F, 0x00, 0x00, 0x00, 0x00, 0x00, 0x00, 
0x00, 0x00, 0x00, 0x00, 0x6A, 0xFF, 0xEC, 0x00, 0x00, 0x00, 0x00, 0x00, 0x00, 0x00, 0x00, 0x00, 
0x00, 0x00, 0x9D, 0xFF, 0xBA, 0x00, 0x00, 0x00, 0x00, 0x00, 0x00, 0x00, 0x00, 0x00, 0x00, 0x00, 
0xC8, 0xFF, 0x7E, 0x00, 0x00, 0x00, 0x00, 0x00, 0x00, 0x00, 0x00, 0x00, 0x00, 0x00, 0x07, 0x0E, 
0x00, 0x00, 0x00, 0x00, 0x00, 0x00, 0x00, 0x00, 0x00, 0x00, 0x00, 0x00, 0x00, 0x00, 0x00, 0x00, 
0x00, 0x00, 0x17, 0x78, 0xBB, 0xDA, 0xDB, 0xBB, 0x83, 0x1D, 0x00, 0x00, 0x00, 0x00, 0x00, 0x03, 
0x7B, 0xF7, 0xFF, 0xFF, 0xFF, 0xFF, 0xFF, 0xFF, 0xF7, 0x55, 0x00, 0x00, 0x00, 0x07, 0xB1, 0xFF, 
0xFF, 0xC8, 0x5F, 0x30, 0x2D, 0x5A, 0xC2, 0xFF, 0x99, 0x00, 0x00, 0x00, 0xA0, 0xFF, 0xFF, 0x79, 
0x01, 0x00, 0x00, 0x00, 0x00, 0x00, 0x71, 0x3C, 0x00, 0x00, 0x56, 0xFF, 0xFF, 0x8F, 0x00, 0x00, 
0x00, 0x00, 0x00, 0x00, 0x00, 0x00, 0x00, 0x00, 0x05, 0xE1, 0xFF, 0xCD, 0x04, 0x00, 0x00, 0x00, 
0x00, 0x00, 0x00, 0x00, 0x00, 0x00, 0x00, 0x5A, 0xFF, 0xFF, 0x52, 0x00, 0x00, 0x00, 0x00, 0x00, 
0x00, 0x00, 0x00, 0x00, 0x00, 0x00, 0xAC, 0xFF, 0xE0, 0x02, 0x00, 0x00, 0x00, 0x00, 0x00, 0x00, 
0x00, 0x00, 0x00, 0x00, 0x06, 0xF2, 0xFF, 0x98, 0x00, 0x00, 0x00, 0x00, 0x00, 0x00, 0x00, 0x00, 
0x00, 0x00, 0x00, 0x37, 0xFF, 0xFF, 0x57, 0x00, 0x00, 0x00, 0x00, 0x00, 0x00, 0x00, 0x00, 0x00, 
0x00, 0x00, 0x59, 0xFF, 0xFF, 0x39, 0x00, 0x00, 0x00, 0x00, 0x00, 0x00, 0x00, 0x00, 0x00, 0x00, 
0x00, 0x68, 0xFF, 0xFF, 0x25, 0x00, 0x00, 0x00, 0x00, 0x00, 0x00, 0x00, 0x00, 0x00, 0x00, 0x00, 
0x5F, 0xFF, 0xFF, 0x32, 0x00, 0x00, 0x00, 0x00, 0x00, 0x00, 0x00, 0x00, 0x00, 0x00, 0x00, 0x40, 
0xFF, 0xFF, 0x6C, 0x00, 0x00, 0x00, 0x00, 0x00, 0x00, 0x00, 0x00, 0x00, 0x00, 0x00, 0x09, 0xF3, 
0xFF, 0xE4, 0x0A, 0x00, 0x00, 0x00, 0x00, 0x00, 0x00, 0x3D, 0x08, 0x00, 0x00, 0x00, 0x88, 0xFF, 
0xFF, 0xC1, 0x2D, 0x00, 0x00, 0x05, 0x49, 0xBB, 0xFF, 0x13, 0x00, 0x00, 0x00, 0x08, 0xC4, 0xFF, 
0xFF, 0xFF, 0xEB, 0xE1, 0xF8, 0xFF, 0xFF, 0xB8, 0x00, 0x00, 0x00, 0x00, 0x00, 0x07, 0x80, 0xE7, 
0xFF, 0xFF, 0xFF, 0xF9, 0xBF, 0x5C, 0x03, 0x00, 0x00, 0x00, 0x00, 0x00, 0x00, 0x00, 0x00, 0x1F, 
0x32, 0x23, 0x08, 0x00, 0x00, 0x00, 0x00, 0x00, 0x00, 0x4E, 0xB0, 0xB0, 0xB0, 0xB0, 0xB0, 0xB0, 
0xB0, 0xB0, 0xB0, 0xB0, 0xB0, 0xB0, 0x5B, 0xB8, 0xFF, 0xFF, 0xFF, 0xFF, 0xFF, 0xFF, 0xFF, 0xFF, 
0xFF, 0xFF, 0xFF, 0xFF, 0x74, 0x32, 0x4C, 0x4C, 0x4C, 0x4C, 0xB2, 0xFF, 0xDC, 0x4C, 0x4C, 0x4C, 
0x4C, 0x4B, 0x0B, 0x00, 0x00, 0x00, 0x00, 0x00, 0xBE, 0xFF, 0xA1, 0x00, 0x00, 0x00, 0x00, 0x00, 
0x00, 0x00, 0x00, 0x00, 0x00, 0x01, 0xEF, 0xFF, 0x6E, 0x00, 0x00, 0x00, 0x00, 0x00, 0x00, 0x00, 
0x00, 0x00, 0x00, 0x24, 0xFF, 0xFF, 0x3B, 0x00, 0x00, 0x00, 0x00, 0x00, 0x00, 0x00, 0x00, 0x00, 
0x00, 0x57, 0xFF, 0xFC, 0x0A, 0x00, 0x00, 0x00, 0x00, 0x00, 0x00, 0x00, 0x00, 0x00, 0x00, 0x8A, 
0xFF, 0xD4, 0x00, 0x00, 0x00, 0x00, 0x00, 0x00, 0x00, 0x00, 0x00, 0x00, 0x00, 0xBD, 0xFF, 0xA1, 
0x00, 0x00, 0x00, 0x00, 0x00, 0x00, 0x00, 0x00, 0x00, 0x00, 0x00, 0xEF, 0xFF, 0x6D, 0x00, 0x00, 
0x00, 0x00, 0x00, 0x00, 0x00, 0x00, 0x00, 0x00, 0x23, 0xFF, 0xFF, 0x3A, 0x00, 0x00, 0x00, 0x00, 
0x00, 0x00, 0x00, 0x00, 0x00, 0x00, 0x56, 0xFF, 0xFC, 0x0A, 0x00, 0x00, 0x00, 0x00, 0x00, 0x00, 
0x00, 0x00, 0x00, 0x00, 0x89, 0xFF, 0xD3, 0x00, 0x00, 0x00, 0x00, 0x00, 0x00, 0x00, 0x00, 0x00, 
0x00, 0x00, 0xBC, 0xFF, 0xA0, 0x00, 0x00, 0x00, 0x00, 0x00, 0x00, 0x00, 0x00, 0x00, 0x00, 0x00, 
0xEE, 0xFF, 0x6C, 0x00, 0x00, 0x00, 0x00, 0x00, 0x00, 0x00, 0x00, 0x00, 0x00, 0x23, 0xFF, 0xFF, 
0x39, 0x00, 0x00, 0x00, 0x00, 0x00, 0x00, 0x00, 0x00, 0x00, 0x00, 0x56, 0xFF, 0xFC, 0x0A, 0x00, 
0x00, 0x00, 0x00, 0x00, 0x00, 0x00, 0x00, 0x00, 0x00, 0x80, 0xFF, 0xC9, 0x00, 0x00, 0x00, 0x00, 
0x00, 0x00, 0x00, 0x00, 0x00, 0x00, 0x00, 0x01, 0x10, 0x02, 0x00, 0x00, 0x00, 0x00, 0x00, 0x00, 
0x00, 0x00, 0x00, 0x00, 0x65, 0xC3, 0x83, 0x00, 0x00, 0x00, 0x00, 0x00, 0x00, 0x00, 0x00, 0x01, 
0x98, 0xC8, 0x7E, 0x00, 0x6B, 0xFF, 0xFB, 0x10, 0x00, 0x00, 0x00, 0x00, 0x00, 0x00, 0x00, 0x64, 
0xFF, 0xFF, 0x43, 0x00, 0x1E, 0xFF, 0xFF, 0x58, 0x00, 0x00, 0x00, 0x00, 0x00, 0x00, 0x10, 0xEA, 
0xFF, 0xA7, 0x00, 0x00, 0x00, 0xD0, 0xFF, 0xA4, 0x00, 0x00, 0x00, 0x00, 0x00, 0x00, 0x94, 0xFF, 
0xF1, 0x19, 0x00, 0x00, 0x00, 0x83, 0xFF, 0xED, 0x03, 0x00, 0x00, 0x00, 0x00, 0x2E, 0xFC, 0xFF, 
0x6E, 0x00, 0x00, 0x00, 0x00, 0x35, 0xFF, 0xFF, 0x3D, 0x00, 0x00, 0x00, 0x00, 0xC1, 0xFF, 0xCF, 
0x03, 0x00, 0x00, 0x00, 0x00, 0x01, 0xE5, 0xFF, 0x89, 0x00, 0x00, 0x00, 0x5A, 0xFF, 0xFE, 0x38, 
0x00, 0x00, 0x00, 0x00, 0x00, 0x00, 0x99, 0xFF, 0xD4, 0x00, 0x00, 0x0B, 0xE5, 0xFF, 0x9A, 0x00, 
0x00, 0x00, 0x00, 0x00, 0x00, 0x00, 0x4B, 0xFF, 0xFF, 0x1C, 0x00, 0x87, 0xFF, 0xEB, 0x12, 0x00, 
0x00, 0x00, 0x00, 0x00, 0x00, 0x00, 0x08, 0xF5, 0xFF, 0x62, 0x20, 0xF8, 0xFF, 0x61, 0x00, 0x00, 
0x00, 0x00, 0x00, 0x00, 0x00, 0x00, 0x00, 0xB0, 0xFF, 0xA5, 0xA8, 0xFF, 0xC4, 0x01, 0x00, 0x00, 
0x00, 0x00, 0x00, 0x00, 0x00, 0x00, 0x00, 0x62, 0xFF, 0xF4, 0xFF, 0xFB, 0x2D, 0x00, 0x00, 0x00, 
0x00, 0x00, 0x00, 0x00, 0x00, 0x00, 0x00, 0x16, 0xFD, 0xFF, 0xFF, 0x8D, 0x00, 0x00, 0x00, 0x00, 
0x00, 0x00, 0x00, 0x00, 0x00, 0x00, 0x00, 0x00, 0xD8, 0xFF, 0xE2, 0x0C, 0x00, 0x00, 0x00, 0x00, 
0x00, 0x00, 0x00, 0x00, 0x00, 0x00, 0x00, 0x5B, 0xFF, 0xFF, 0x4D, 0x00, 0x00, 0x00, 0x00, 0x00, 
0x00, 0x00, 0x00, 0x49, 0x22, 0x02, 0x58, 0xF8, 0xFF, 0x9E, 0x00, 0x00, 0x00, 0x00, 0x00, 0x00, 
0x00, 0x00, 0x00, 0xE4, 0xFF, 0xFB, 0xFF, 0xFF, 0xC6, 0x09, 0x00, 0x00, 0x00, 0x00, 0x00, 0x00, 
0x00, 0x00, 0x00, 0xD2, 0xFF, 0xFF, 0xFC, 0xA2, 0x0D, 0x00, 0x00, 0x00, 0x00, 0x00, 0x00, 0x00, 
0x00, 0x00, 0x00, 0x01, 0x25, 0x29, 0x0B, 0x00, 0x00, 0x00, 0x00, 0x00, 0x00, 0x00, 0x00, 0x00, 
0x00, 0x00, 0x00, 0x00, 0x00, 0x00, 0x00, 0x00, 0x00, 0x00, 0x00, 0x00, 0x01, 0x62, 0x71, 0x15, 
0x00, 0x00, 0x00, 0x00, 0x00, 0x00, 0x00, 0x00, 0x00, 0x00, 0x00, 0x00, 0x00, 0x00, 0x2E, 0xFF, 
0xFF, 0x2A, 0x00, 0x00, 0x00, 0x00, 0x00, 0x00, 0x00, 0x00, 0x00, 0x00, 0x00, 0x00, 0x00, 0x00, 
0x63, 0xFF, 0xF2, 0x02, 0x00, 0x00, 0x00, 0x00, 0x00, 0x00, 0x00, 0x00, 0x00, 0x00, 0x17, 0x6D, 
0xAD, 0xD8, 0xF6, 0xFF, 0xFD, 0xDE, 0xB7, 0x72, 0x14, 0x00, 0x00, 0x00, 0x00, 0x00, 0x0B, 0x92, 
0xF9, 0xFF, 0xFF, 0xFE, 0xFE, 0xFF, 0xFA, 0xFF, 0xFF, 0xFF, 0xF4, 0x5F, 0x00, 0x00, 0x00, 0x17, 
0xD4, 0xFF, 0xFC, 0x9F, 0x38, 0x0A, 0xF5, 0xFF, 0x56, 0x0C, 0x4E, 0xCF, 0xFF, 0xFE, 0x42, 0x00, 
0x01, 0xBD, 0xFF, 0xEB, 0x31, 0x00, 0x00, 0x2C, 0xFF, 0xFF, 0x24, 0x00, 0x00, 0x0D, 0xE0, 0xFF, 
0xB3, 0x00, 0x65, 0xFF, 0xFE, 0x38, 0x00, 0x00, 0x00, 0x5E, 0xFF, 0xF0, 0x01, 0x00, 0x00, 0x00, 
0x8F, 0xFF, 0xE6, 0x00, 0xC9, 0xFF, 0xA8, 0x00, 0x00, 0x00, 0x00, 0x91, 0xFF, 0xBE, 0x00, 0x00, 
0x00, 0x00, 0x70, 0xFF, 0xE9, 0x15, 0xFF, 0xFF, 0x53, 0x00, 0x00, 0x00, 0x00, 0xC4, 0xFF, 0x8B, 
0x00, 0x00, 0x00, 0x00, 0x87, 0xFF, 0xCE, 0x33, 0xFF, 0xFF, 0x28, 0x00, 0x00, 0x00, 0x02, 0xF4, 
0xFF, 0x58, 0x00, 0x00, 0x00, 0x00, 0xC9, 0xFF, 0x99, 0x41, 0xFF, 0xFF, 0x2B, 0x00, 0x00, 0x00, 
0x2A, 0xFF, 0xFF, 0x25, 0x00, 0x00, 0x00, 0x3F, 0xFF, 0xFF, 0x44, 0x26, 0xFF, 0xFF, 0x5C, 0x00, 
0x00, 0x00, 0x5D, 0xFF, 0xF1, 0x01, 0x00, 0x00, 0x1B, 0xDC, 0xFF, 0xC9, 0x01, 0x00, 0xD4, 0xFF, 
0xE3, 0x2D, 0x00, 0x00, 0x90, 0xFF, 0xC0, 0x00, 0x00, 0x4F, 0xDE, 0xFF, 0xEB, 0x25, 0x00, 0x00, 
0x39, 0xF5, 0xFF, 0xFD, 0xBB, 0x89, 0xD9, 0xFF, 0xCC, 0x98, 0xD7, 0xFF, 0xFF, 0xD5, 0x29, 0x00, 
0x00, 0x00, 0x00, 0x28, 0xB0, 0xFC, 0xFF, 0xFF, 0xFF, 0xFF, 0xFF, 0xFF, 0xFF, 0xCE, 0x68, 0x05, 
0x00, 0x00, 0x00, 0x00, 0x00, 0x00, 0x00, 0x0E, 0x42, 0x83, 0xFF, 0xFF, 0x71, 0x47, 0x16, 0x00, 
0x00, 0x00, 0x00, 0x00, 0x00, 0x00, 0x00, 0x00, 0x00, 0x00, 0x00, 0x62, 0xFF, 0xF0, 0x01, 0x00, 
0x00, 0x00, 0x00, 0x00, 0x00, 0x00, 0x00, 0x00, 0x00, 0x00, 0x00, 0x00, 0x00, 0x8D, 0xFF, 0xB6, 
0x00, 0x00, 0x00, 0x00, 0x00, 0x00, 0x00, 0x00, 0x00, 0x00, 0x00, 0x00, 0x00, 0x00, 0x00, 0x03, 
0x12, 0x02, 0x00, 0x00, 0x00, 0x00, 0x00, 0x00, 0x00, 0x00, 0x00, 0x00, 0x00, 0x00, 0x00, 0x8F, 
0xC4, 0x74, 0x00, 0x00, 0x00, 0x00, 0x00, 0x00, 0x03, 0x95, 0xC4, 0x82, 0x00, 0x00, 0x00, 0x00, 
0xA1, 0xFF, 0xF4, 0x0C, 0x00, 0x00, 0x00, 0x00, 0x00, 0x84, 0xFF, 0xFC, 0x41, 0x00, 0x00, 0x00, 
0x00, 0x3E, 0xFF, 0xFF, 0x60, 0x00, 0x00, 0x00, 0x00, 0x47, 0xFE, 0xFF, 0x72, 0x00, 0x00, 0x00, 
0x00, 0x00, 0x00, 0xD8, 0xFF, 0xBF, 0x00, 0x00, 0x00, 0x1C, 0xEB, 0xFF, 0xA6, 0x00, 0x00, 0x00, 
0x00, 0x00, 0x00, 0x00, 0x75, 0xFF, 0xFE, 0x20, 0x00, 0x04, 0xC5, 0xFF, 0xD1, 0x0A, 0x00, 0x00, 
0x00, 0x00, 0x00, 0x00, 0x00, 0x16, 0xFA, 0xFF, 0x7E, 0x00, 0x8C, 0xFF, 0xEE, 0x22, 0x00, 0x00, 
0x00, 0x00, 0x00, 0x00, 0x00, 0x00, 0x00, 0xAC, 0xFF, 0xDC, 0x4F, 0xFF, 0xFD, 0x48, 0x00, 0x00, 
0x00, 0x00, 0x00, 0x00, 0x00, 0x00, 0x00, 0x00, 0x48, 0xFF, 0xFF, 0xF8, 0xFF, 0x7A, 0x00, 0x00, 
0x00, 0x00, 0x00, 0x00, 0x00, 0x00, 0x00, 0x00, 0x00, 0x02, 0xE2, 0xFF, 0xFF, 0xAE, 0x01, 0x00, 
0x00, 0x00, 0x00, 0x00, 0x00, 0x00, 0x00, 0x00, 0x00, 0x00, 0x3C, 0xFA, 0xFF, 0xFF, 0x86, 0x00, 
0x00, 0x00, 0x00, 0x00, 0x00, 0x00, 0x00, 0x00, 0x00, 0x00, 0x1A, 0xE7, 0xFF, 0xE4, 0xFF, 0xE8, 
0x05, 0x00, 0x00, 0x00, 0x00, 0x00, 0x00, 0x00, 0x00, 0x00, 0x06, 0xC6, 0xFF, 0xC2, 0x2E, 0xFF, 
0xFF, 0x56, 0x00, 0x00, 0x00, 0x00, 0x00, 0x00, 0x00, 0x00, 0x00, 0x98, 0xFF, 0xEA, 0x1A, 0x00, 
0xC9, 0xFF, 0xBE, 0x00, 0x00, 0x00, 0x00, 0x00, 0x00, 0x00, 0x00, 0x62, 0xFF, 0xFD, 0x45, 0x00, 
0x00, 0x69, 0xFF, 0xFF, 0x27, 0x00, 0x00, 0x00, 0x00, 0x00, 0x00, 0x35, 0xF8, 0xFF, 0x82, 0x00, 
0x00, 0x00, 0x10, 0xF8, 0xFF, 0x8D, 0x00, 0x00, 0x00, 0x00, 0x00, 0x15, 0xE2, 0xFF, 0xBE, 0x02, 
0x00, 0x00, 0x00, 0x00, 0xA8, 0xFF, 0xED, 0x08, 0x00, 0x00, 0x00, 0x04, 0xBE, 0xFF, 0xE7, 0x18, 
0x00, 0x00, 0x00, 0x00, 0x00, 0x48, 0xFF, 0xFF, 0x5D, 0x00, 0x00, 0x00, 0x6F, 0xFF, 0xF7, 0x40, 
0x00, 0x00, 0x00, 0x00, 0x00, 0x00, 0x02, 0xE0, 0xFF, 0xA3, 0x00, 0x00, 0x00, 0x02, 0x11, 0x07, 
0x00, 0x00, 0x00, 0x00, 0x00, 0x00, 0x00, 0x00, 0x06, 0x12, 0x03, 0x00, 0x00, 0x00, 0x00, 0x00, 
0x00, 0x47, 0xC1, 0x9E, 0x00, 0x00, 0x00, 0x00, 0x00, 0x00, 0x00, 0x18, 0xB7, 0xBE, 0x18, 0x00, 
0x00, 0x00, 0x9F, 0xFF, 0xBC, 0x00, 0x00, 0x00, 0x00, 0x00, 0x00, 0x00, 0x57, 0xFF, 0xFB, 0x08, 
0x00, 0x00, 0x00, 0xD3, 0xFF, 0x88, 0x00, 0x00, 0x00, 0x00, 0x00, 0x00, 0x00, 0x8B, 0xFF, 0xD0, 
0x00, 0x00, 0x00, 0x09, 0xFC, 0xFF, 0x55, 0x00, 0x00, 0x00, 0x00, 0x00, 0x00, 0x00, 0xBE, 0xFF, 
0x9C, 0x00, 0x00, 0x00, 0x39, 0xFF, 0xFF, 0x21, 0x00, 0x00, 0x00, 0x00, 0x00, 0x00, 0x01, 0xEF, 
0xFF, 0x69, 0x00, 0x00, 0x00, 0x6C, 0xFF, 0xED, 0x00, 0x00, 0x00, 0x00, 0x00, 0x00, 0x00, 0x24, 
0xFF, 0xFF, 0x35, 0x00, 0x00, 0x00, 0xA0, 0xFF, 0xBA, 0x00, 0x00, 0x00, 0x00, 0x00, 0x00, 0x00, 
0x57, 0xFF, 0xFA, 0x07, 0x00, 0x00, 0x00, 0xD3, 0xFF, 0x87, 0x00, 0x00, 0x00, 0x00, 0x00, 0x00, 
0x00, 0x8B, 0xFF, 0xCD, 0x00, 0x00, 0x00, 0x09, 0xFC, 0xFF, 0x54, 0x00, 0x00, 0x00, 0x00, 0x00, 
0x00, 0x00, 0xBE, 0xFF, 0x9A, 0x00, 0x00, 0x00, 0x39, 0xFF, 0xFF, 0x20, 0x00, 0x00, 0x00, 0x00, 
0x00, 0x00, 0x01, 0xEF, 0xFF, 0x66, 0x00, 0x00, 0x00, 0x6D, 0xFF, 0xEC, 0x00, 0x00, 0x00, 0x00, 
0x00, 0x00, 0x00, 0x24, 0xFF, 0xFF, 0x32, 0x00, 0x00, 0x00, 0xA0, 0xFF, 0xB9, 0x00, 0x00, 0x00, 
0x00, 0x00, 0x00, 0x00, 0x57, 0xFF, 0xF9, 0x05, 0x00, 0x00, 0x00, 0xD3, 0xFF, 0x86, 0x00, 0x00, 
0x00, 0x00, 0x00, 0x00, 0x00, 0x8B, 0xFF, 0xCB, 0x00, 0x00, 0x00, 0x09, 0xFC, 0xFF, 0x52, 0x00, 
0x00, 0x00, 0x00, 0x00, 0x00, 0x00, 0xBE, 0xFF, 0x97, 0x00, 0x00, 0x00, 0x3A, 0xFF, 0xFF, 0x1F, 
0x00, 0x00, 0x00, 0x00, 0x00, 0x00, 0x01, 0xEF, 0xFF, 0x63, 0x00, 0x00, 0x00, 0x6D, 0xFF, 0xED, 
0x08, 0x08, 0x08, 0x08, 0x08, 0x08, 0x08, 0x2A, 0xFF, 0xFF, 0x37, 0x07, 0x00, 0x00, 0xA0, 0xFF, 
0xFF, 0xFF, 0xFF, 0xFF, 0xFF, 0xFF, 0xFF, 0xFF, 0xFF, 0xFF, 0xFF, 0xFF, 0xFF, 0x3A, 0x00, 0xA6, 
0xFF, 0xFF, 0xFF, 0xFF, 0xFF, 0xFF, 0xFF, 0xFF, 0xFF, 0xFF, 0xFF, 0xFF, 0xFF, 0xFF, 0x19, 0x00, 
0x00, 0x00, 0x00, 0x00, 0x00, 0x00, 0x00, 0x00, 0x00, 0x00, 0x00, 0x00, 0x19, 0xFF, 0xE7, 0x00, 
0x00, 0x00, 0x00, 0x00, 0x00, 0x00, 0x00, 0x00, 0x00, 0x00, 0x00, 0x00, 0x00, 0x4E, 0xFF, 0xB5, 
0x00, 0x00, 0x00, 0x00, 0x00, 0x00, 0x00, 0x00, 0x00, 0x00, 0x00, 0x00, 0x00, 0x00, 0x82, 0xFF, 
0x83, 0x00, 0x00, 0x00, 0x00, 0x00, 0x00, 0x00, 0x00, 0x00, 0x00, 0x00, 0x00, 0x00, 0x00, 0xB6, 
0xFF, 0x51, 0x00, 0x00, 0x00, 0x00, 0x00, 0x00, 0x00, 0x00, 0x00, 0x00, 0x00, 0x00, 0x00, 0x00, 
0x8B, 0xA7, 0x14, 0x00, 0x00, 0x00, 0x20, 0xB9, 0xB9, 0x0C, 0x00, 0x00, 0x00, 0x00, 0x00, 0x00, 
0xA3, 0xC1, 0x3A, 0x00, 0x65, 0xFF, 0xF0, 0x01, 0x00, 0x00, 0x00, 0x00, 0x00, 0x20, 0xFF, 0xFF, 
0x34, 0x00, 0x99, 0xFF, 0xC0, 0x00, 0x00, 0x00, 0x00, 0x00, 0x00, 0x53, 0xFF, 0xFA, 0x07, 0x00, 
0xCE, 0xFF, 0x8F, 0x00, 0x00, 0x00, 0x00, 0x00, 0x00, 0x87, 0xFF, 0xCE, 0x00, 0x07, 0xFA, 0xFF, 
0x5D, 0x00, 0x00, 0x00, 0x00, 0x00, 0x00, 0xBA, 0xFF, 0x9B, 0x00, 0x35, 0xFF, 0xFF, 0x2D, 0x00, 
0x00, 0x00, 0x00, 0x00, 0x00, 0xED, 0xFF, 0x68, 0x00, 0x5C, 0xFF, 0xFF, 0x0D, 0x00, 0x00, 0x00, 
0x00, 0x00, 0x21, 0xFF, 0xFF, 0x35, 0x00, 0x61, 0xFF, 0xFF, 0x23, 0x00, 0x00, 0x00, 0x00, 0x00, 
0x55, 0xFF, 0xFA, 0x07, 0x00, 0x3B, 0xFF, 0xFF, 0xBB, 0x28, 0x00, 0x00, 0x00, 0x07, 0x91, 0xFF, 
0xCF, 0x00, 0x00, 0x01, 0xBD, 0xFF, 0xFF, 0xFF, 0xFA, 0xEE, 0xF5, 0xFF, 0xFF, 0xFF, 0x9B, 0x00, 
0x00, 0x00, 0x08, 0x7E, 0xD4, 0xF7, 0xFF, 0xFF, 0xFF, 0xED, 0xFF, 0xFF, 0x68, 0x00, 0x00, 0x00, 
0x00, 0x00, 0x00, 0x00, 0x0A, 0x0F, 0x04, 0x20, 0xFF, 0xFF, 0x35, 0x00, 0x00, 0x00, 0x00, 0x00, 
0x00, 0x00, 0x00, 0x00, 0x00, 0x53, 0xFF, 0xFB, 0x07, 0x00, 0x00, 0x00, 0x00, 0x00, 0x00, 0x00, 
0x00, 0x00, 0x00, 0x85, 0xFF, 0xCF, 0x00, 0x00, 0x00, 0x00, 0x00, 0x00, 0x00, 0x00, 0x00, 0x00, 
0x00, 0xB8, 0xFF, 0x9C, 0x00, 0x00, 0x00, 0x00, 0x00, 0x00, 0x00, 0x00, 0x00, 0x00, 0x00, 0xEA, 
0xFF, 0x69, 0x00, 0x00, 0x00, 0x00, 0x00, 0x00, 0x00, 0x00, 0x00, 0x00, 0x1D, 0xFF, 0xFF, 0x36, 
0x00, 0x00, 0x00, 0x00, 0x00, 0x00, 0x00, 0x00, 0x00, 0x00, 0x48, 0xFF, 0xF2, 0x08, 0x00, 0x00, 
0x00, 0x00, 0x00, 0x00, 0x00, 0x00, 0x00, 0x00, 0x00, 0x0E, 0x05, 0x00, 0x00, 0x00, 0x00, 0x00, 
0x00, 0x00, 0x49, 0xC2, 0x96, 0x00, 0x00, 0x00, 0x00, 0x00, 0x00, 0x8B, 0xC4, 0x4F, 0x00, 0x00, 
0x00, 0x00, 0x00, 0x19, 0xB8, 0xBC, 0x12, 0x00, 0x00, 0x00, 0xA0, 0xFF, 0xAF, 0x00, 0x00, 0x00, 
0x00, 0x00, 0x04, 0xF7, 0xFF, 0x54, 0x00, 0x00, 0x00, 0x00, 0x00, 0x58, 0xFF, 0xF7, 0x04, 0x00, 
0x00, 0x00, 0xD4, 0xFF, 0x7C, 0x00, 0x00, 0x00, 0x00, 0x00, 0x2F, 0xFF, 0xFF, 0x20, 0x00, 0x00, 
0x00, 0x00, 0x00, 0x8C, 0xFF, 0xC9, 0x00, 0x00, 0x00, 0x0A, 0xFC, 0xFF, 0x49, 0x00, 0x00, 0x00, 
0x00, 0x00, 0x62, 0xFF, 0xED, 0x00, 0x00, 0x00, 0x00, 0x00, 0x00, 0xBF, 0xFF, 0x95, 0x00, 0x00, 
0x00, 0x3A, 0xFF, 0xFF, 0x16, 0x00, 0x00, 0x00, 0x00, 0x00, 0x95, 0xFF, 0xBA, 0x00, 0x00, 0x00, 
0x00, 0x00, 0x01, 0xF0, 0xFF, 0x62, 0x00, 0x00, 0x00, 0x6D, 0xFF, 0xE3, 0x00, 0x00, 0x00, 0x00, 
0x00, 0x00, 0xC8, 0xFF, 0x86, 0x00, 0x00, 0x00, 0x00, 0x00, 0x25, 0xFF, 0xFF, 0x2F, 0x00, 0x00, 
0x00, 0xA1, 0xFF, 0xB0, 0x00, 0x00, 0x00, 0x00, 0x00, 0x04, 0xF7, 0xFF, 0x53, 0x00, 0x00, 0x00, 
0x00, 0x00, 0x59, 0xFF, 0xF7, 0x04, 0x00, 0x00, 0x00, 0xD4, 0xFF, 0x7D, 0x00, 0x00, 0x00, 0x00, 
0x00, 0x2E, 0xFF, 0xFF, 0x20, 0x00, 0x00, 0x00, 0x00, 0x00, 0x8C, 0xFF, 0xC8, 0x00, 0x00, 0x00, 
0x0A, 0xFC, 0xFF, 0x4A, 0x00, 0x00, 0x00, 0x00, 0x00, 0x61, 0xFF, 0xEC, 0x00, 0x00, 0x00, 0x00, 
0x00, 0x00, 0xBF, 0xFF, 0x95, 0x00, 0x00, 0x00, 0x3B, 0xFF, 0xFF, 0x17, 0x00, 0x00, 0x00, 0x00, 
0x00, 0x94, 0xFF, 0xB9, 0x00, 0x00, 0x00, 0x00, 0x00, 0x01, 0xF1, 0xFF, 0x62, 0x00, 0x00, 0x00, 
0x6E, 0xFF, 0xE4, 0x00, 0x00, 0x00, 0x00, 0x00, 0x00, 0xC7, 0xFF, 0x86, 0x00, 0x00, 0x00, 0x00, 
0x00, 0x26, 0xFF, 0xFF, 0x2F, 0x00, 0x00, 0x00, 0xA1, 0xFF, 0xB1, 0x00, 0x00, 0x00, 0x00, 0x00, 
0x03, 0xF6, 0xFF, 0x52, 0x00, 0x00, 0x00, 0x00, 0x00, 0x59, 0xFF, 0xF7, 0x04, 0x00, 0x00, 0x00, 
0xD5, 0xFF, 0x7E, 0x00, 0x00, 0x00, 0x00, 0x00, 0x2D, 0xFF, 0xFF, 0x1F, 0x00, 0x00, 0x00, 0x00, 
0x00, 0x8D, 0xFF, 0xC8, 0x00, 0x00, 0x00, 0x0B, 0xFD, 0xFF, 0x4B, 0x00, 0x00, 0x00, 0x00, 0x00, 
0x60, 0xFF, 0xEB, 0x00, 0x00, 0x00, 0x00, 0x00, 0x00, 0xC0, 0xFF, 0x95, 0x00, 0x00, 0x00, 0x3B, 
0xFF, 0xFF, 0x18, 0x00, 0x00, 0x00, 0x00, 0x00, 0x93, 0xFF, 0xB8, 0x00, 0x00, 0x00, 0x00, 0x00, 
0x01, 0xF1, 0xFF, 0x62, 0x00, 0x00, 0x00, 0x6E, 0xFF, 0xE5, 0x00, 0x00, 0x00, 0x00, 0x00, 0x00, 
0xC6, 0xFF, 0x85, 0x00, 0x00, 0x00, 0x00, 0x00, 0x26, 0xFF, 0xFF, 0x2E, 0x00, 0x00, 0x00, 0xA2, 
0xFF, 0xFF, 0xFF, 0xFF, 0xFF, 0xFF, 0xFF, 0xFF, 0xFF, 0xFF, 0xFF, 0xFF, 0xFF, 0xFF, 0xFF, 0xFF, 
0xFF, 0xFF, 0xF7, 0x04, 0x00, 0x00, 0x00, 0xA3, 0xFF, 0xFF, 0xFF, 0xFF, 0xFF, 0xFF, 0xFF, 0xFF, 
0xFF, 0xFF, 0xFF, 0xFF, 0xFF, 0xFF, 0xFF, 0xFF, 0xFF, 0xFF, 0x92, 0x00, 0x00, 0x00, 0x00, 0x00, 
0x00, 0x00, 0x49, 0xC2, 0x96, 0x00, 0x00, 0x00, 0x00, 0x00, 0x00, 0x8C, 0xC4, 0x50, 0x00, 0x00, 
0x00, 0x00, 0x00, 0x16, 0xB6, 0xBD, 0x13, 0x00, 0x00, 0x00, 0xA0, 0xFF, 0xAF, 0x00, 0x00, 0x00, 
0x00, 0x00, 0x04, 0xF7, 0xFF, 0x53, 0x00, 0x00, 0x00, 0x00, 0x00, 0x58, 0xFF, 0xF7, 0x04, 0x00, 
0x00, 0x00, 0xD3, 0xFF, 0x7C, 0x00, 0x00, 0x00, 0x00, 0x00, 0x2F, 0xFF, 0xFF, 0x20, 0x00, 0x00, 
0x00, 0x00, 0x00, 0x8C, 0xFF, 0xC8, 0x00, 0x00, 0x00, 0x0A, 0xFC, 0xFF, 0x49, 0x00, 0x00, 0x00, 
0x00, 0x00, 0x62, 0xFF, 0xEC, 0x00, 0x00, 0x00, 0x00, 0x00, 0x00, 0xBF, 0xFF, 0x95, 0x00, 0x00, 
0x00, 0x3A, 0xFF, 0xFF, 0x16, 0x00, 0x00, 0x00, 0x00, 0x00, 0x95, 0xFF, 0xB9, 0x00, 0x00, 0x00, 
0x00, 0x00, 0x01, 0xF0, 0xFF, 0x62, 0x00, 0x00, 0x00, 0x6D, 0xFF, 0xE3, 0x00, 0x00, 0x00, 0x00, 
0x00, 0x00, 0xC8, 0xFF, 0x86, 0x00, 0x00, 0x00, 0x00, 0x00, 0x25, 0xFF, 0xFF, 0x2E, 0x00, 0x00, 
0x00, 0xA0, 0xFF, 0xB0, 0x00, 0x00, 0x00, 0x00, 0x00, 0x04, 0xF7, 0xFF, 0x53, 0x00, 0x00, 0x00, 
0x00, 0x00, 0x59, 0xFF, 0xF7, 0x04, 0x00, 0x00, 0x00, 0xD3, 0xFF, 0x7D, 0x00, 0x00, 0x00, 0x00, 
0x00, 0x2E, 0xFF, 0xFF, 0x1F, 0x00, 0x00, 0x00, 0x00, 0x00, 0x8C, 0xFF, 0xC8, 0x00, 0x00, 0x00, 
0x0A, 0xFC, 0xFF, 0x4A, 0x00, 0x00, 0x00, 0x00, 0x00, 0x61, 0xFF, 0xEC, 0x00, 0x00, 0x00, 0x00, 
0x00, 0x00, 0xBF, 0xFF, 0x94, 0x00, 0x00, 0x00, 0x3A, 0xFF, 0xFF, 0x17, 0x00, 0x00, 0x00, 0x00, 
0x00, 0x94, 0xFF, 0xB9, 0x00, 0x00, 0x00, 0x00, 0x00, 0x01, 0xF1, 0xFF, 0x61, 0x00, 0x00, 0x00, 
0x6D, 0xFF, 0xE4, 0x00, 0x00, 0x00, 0x00, 0x00, 0x00, 0xC7, 0xFF, 0x85, 0x00, 0x00, 0x00, 0x00, 
0x00, 0x26, 0xFF, 0xFF, 0x2E, 0x00, 0x00, 0x00, 0xA0, 0xFF, 0xB1, 0x00, 0x00, 0x00, 0x00, 0x00, 
0x03, 0xF6, 0xFF, 0x52, 0x00, 0x00, 0x00, 0x00, 0x00, 0x59, 0xFF, 0xF6, 0x04, 0x00, 0x00, 0x00, 
0xD3, 0xFF, 0x7E, 0x00, 0x00, 0x00, 0x00, 0x00, 0x2D, 0xFF, 0xFF, 0x1F, 0x00, 0x00, 0x00, 0x00, 
0x00, 0x8D, 0xFF, 0xC7, 0x00, 0x00, 0x00, 0x0A, 0xFC, 0xFF, 0x4B, 0x00, 0x00, 0x00, 0x00, 0x00, 
0x60, 0xFF, 0xEB, 0x00, 0x00, 0x00, 0x00, 0x00, 0x00, 0xC0, 0xFF, 0x94, 0x00, 0x00, 0x00, 0x3A, 
0xFF, 0xFF, 0x18, 0x00, 0x00, 0x00, 0x00, 0x00, 0x93, 0xFF, 0xB8, 0x00, 0x00, 0x00, 0x00, 0x00, 
0x01, 0xF1, 0xFF, 0x60, 0x00, 0x00, 0x00, 0x6D, 0xFF, 0xE5, 0x00, 0x00, 0x00, 0x00, 0x00, 0x00, 
0xC6, 0xFF, 0x85, 0x00, 0x00, 0x00, 0x00, 0x00, 0x26, 0xFF, 0xFF, 0x2D, 0x00, 0x00, 0x00, 0xA0, 
0xFF, 0xFF, 0xFF, 0xFF, 0xFF, 0xFF, 0xFF, 0xFF, 0xFF, 0xFF, 0xFF, 0xFF, 0xFF, 0xFF, 0xFF, 0xFF, 
0xFF, 0xFF, 0xFF, 0xFF, 0xFE, 0x38, 0x00, 0xA4, 0xFF, 0xFF, 0xFF, 0xFF, 0xFF, 0xFF, 0xFF, 0xFF, 
0xFF, 0xFF, 0xFF, 0xFF, 0xFF, 0xFF, 0xFF, 0xFF, 0xFF, 0xFF, 0xFF, 0xFF, 0xFF, 0x1D, 0x00, 0x00, 
0x00, 0x00, 0x00, 0x00, 0x00, 0x00, 0x00, 0x00, 0x00, 0x00, 0x00, 0x00, 0x00, 0x00, 0x00, 0x00, 
0x00, 0x00, 0x19, 0xFF, 0xEA, 0x00, 0x00, 0x00, 0x00, 0x00, 0x00, 0x00, 0x00, 0x00, 0x00, 0x00, 
0x00, 0x00, 0x00, 0x00, 0x00, 0x00, 0x00, 0x00, 0x00, 0x00, 0x4D, 0xFF, 0xB7, 0x00, 0x00, 0x00, 
0x00, 0x00, 0x00, 0x00, 0x00, 0x00, 0x00, 0x00, 0x00, 0x00, 0x00, 0x00, 0x00, 0x00, 0x00, 0x00, 
0x00, 0x00, 0x80, 0xFF, 0x84, 0x00, 0x00, 0x00, 0x00, 0x00, 0x00, 0x00, 0x00, 0x00, 0x00, 0x00, 
0x00, 0x00, 0x00, 0x00, 0x00, 0x00, 0x00, 0x00, 0x00, 0x00, 0xB3, 0xFF, 0x51, 0x00, 0x00, 0x00, 
0x00, 0x00, 0x00, 0x00, 0x00, 0x00, 0x00, 0x00, 0x00, 0x00, 0x00, 0x00, 0x00, 0x00, 0x00, 0x00, 
0x00, 0x00, 0x8B, 0xA7, 0x14, 0x00, 0x00, 0x55, 0xB0, 0xB0, 0xB0, 0xB0, 0xB0, 0xA8, 0x16, 0x00, 
0x00, 0x00, 0x00, 0x00, 0x00, 0x00, 0xC1, 0xFF, 0xFF, 0xFF, 0xFF, 0xFF, 0xFF, 0x2C, 0x00, 0x00, 
0x00, 0x00, 0x00, 0x00, 0x00, 0x35, 0x4C, 0x4C, 0x4C, 0x93, 0xFF, 0xF7, 0x04, 0x00, 0x00, 0x00, 
0x00, 0x00, 0x00, 0x00, 0x00, 0x00, 0x00, 0x00, 0x91, 0xFF, 0xC9, 0x00, 0x00, 0x00, 0x00, 0x00, 
0x00, 0x00, 0x00, 0x00, 0x00, 0x00, 0x00, 0xC4, 0xFF, 0x97, 0x00, 0x00, 0x00, 0x00, 0x00, 0x00, 
0x00, 0x00, 0x00, 0x00, 0x00, 0x02, 0xF4, 0xFF, 0x64, 0x00, 0x00, 0x00, 0x00, 0x00, 0x00, 0x00, 
0x00, 0x00, 0x00, 0x00, 0x2A, 0xFF, 0xFF, 0x32, 0x00, 0x00, 0x00, 0x00, 0x00, 0x00, 0x00, 0x00, 
0x00, 0x00, 0x00, 0x5D, 0xFF, 0xFF, 0xC0, 0xBC, 0xBB, 0xB4, 0x9C, 0x5F, 0x0A, 0x00, 0x00, 0x00, 
0x00, 0x00, 0x90, 0xFF, 0xFF, 0xFF, 0xFF, 0xFF, 0xFF, 0xFF, 0xFF, 0xDF, 0x23, 0x00, 0x00, 0x00, 
0x00, 0xC3, 0xFF, 0xA8, 0x38, 0x38, 0x3C, 0x50, 0x94, 0xFB, 0xFF, 0xD4, 0x01, 0x00, 0x00, 0x02, 
0xF3, 0xFF, 0x62, 0x00, 0x00, 0x00, 0x00, 0x00, 0x72, 0xFF, 0xFF, 0x39, 0x00, 0x00, 0x29, 0xFF, 
0xFF, 0x2F, 0x00, 0x00, 0x00, 0x00, 0x00, 0x1E, 0xFF, 0xFF, 0x58, 0x00, 0x00, 0x5C, 0xFF, 0xF7, 
0x04, 0x00, 0x00, 0x00, 0x00, 0x00, 0x2F, 0xFF, 0xFF, 0x43, 0x00, 0x00, 0x8F, 0xFF, 0xC9, 0x00, 
0x00, 0x00, 0x00, 0x00, 0x00, 0x77, 0xFF, 0xF9, 0x0C, 0x00, 0x00, 0xC2, 0xFF, 0x96, 0x00, 0x00, 
0x00, 0x00, 0x00, 0x22, 0xEC, 0xFF, 0x9B, 0x00, 0x00, 0x02, 0xF3, 0xFF, 0x63, 0x00, 0x00, 0x00, 
0x12, 0x5F, 0xE6, 0xFF, 0xE0, 0x17, 0x00, 0x00, 0x28, 0xFF, 0xFF, 0xF7, 0xF4, 0xF4, 0xF8, 0xFF, 
0xFF, 0xFF, 0xCB, 0x22, 0x00, 0x00, 0x00, 0x32, 0xFA, 0xFF, 0xFF, 0xFF, 0xFE, 0xF4, 0xDB, 0xA7, 
0x50, 0x03, 0x00, 0x00, 0x00, 0x00, 0x00, 0x00, 0x48, 0xC1, 0x9F, 0x00, 0x00, 0x00, 0x00, 0x00, 
0x00, 0x00, 0x00, 0x00, 0x00, 0x00, 0x19, 0xB8, 0xBF, 0x16, 0x00, 0x00, 0x00, 0xA0, 0xFF, 0xBB, 
0x00, 0x00, 0x00, 0x00, 0x00, 0x00, 0x00, 0x00, 0x00, 0x00, 0x00, 0x58, 0xFF, 0xF9, 0x06, 0x00, 
0x00, 0x00, 0xD3, 0xFF, 0x88, 0x00, 0x00, 0x00, 0x00, 0x00, 0x00, 0x00, 0x00, 0x00, 0x00, 0x00, 
0x8B, 0xFF, 0xCC, 0x00, 0x00, 0x00, 0x0A, 0xFC, 0xFF, 0x54, 0x00, 0x00, 0x00, 0x00, 0x00, 0x00, 
0x00, 0x00, 0x00, 0x00, 0x00, 0xBF, 0xFF, 0x99, 0x00, 0x00, 0x00, 0x3A, 0xFF, 0xFF, 0x21, 0x00, 
0x00, 0x00, 0x00, 0x00, 0x00, 0x00, 0x00, 0x00, 0x00, 0x01, 0xF0, 0xFF, 0x66, 0x00, 0x00, 0x00, 
0x6D, 0xFF, 0xED, 0x00, 0x00, 0x00, 0x00, 0x00, 0x00, 0x00, 0x00, 0x00, 0x00, 0x00, 0x25, 0xFF, 
0xFF, 0x33, 0x00, 0x00, 0x00, 0xA0, 0xFF, 0xBA, 0x00, 0x00, 0x00, 0x00, 0x00, 0x00, 0x00, 0x00, 
0x00, 0x00, 0x00, 0x58, 0xFF, 0xFA, 0x06, 0x00, 0x00, 0x00, 0xD3, 0xFF, 0xDD, 0xAC, 0xAB, 0xA7, 
0x95, 0x6B, 0x1A, 0x00, 0x00, 0x00, 0x00, 0x00, 0x8B, 0xFF, 0xCD, 0x00, 0x00, 0x00, 0x0A, 0xFC, 
0xFF, 0xFF, 0xFF, 0xFF, 0xFF, 0xFF, 0xFF, 0xF8, 0x63, 0x00, 0x00, 0x00, 0x00, 0xBF, 0xFF, 0x9A, 
0x00, 0x00, 0x00, 0x3A, 0xFF, 0xFF, 0x58, 0x44, 0x44, 0x4D, 0x76, 0xE5, 0xFF, 0xFE, 0x3C, 0x00, 
0x00, 0x01, 0xF0, 0xFF, 0x67, 0x00, 0x00, 0x00, 0x6D, 0xFF, 0xEF, 0x00, 0x00, 0x00, 0x00, 0x00, 
0x1B, 0xF3, 0xFF, 0xA4, 0x00, 0x00, 0x25, 0xFF, 0xFF, 0x35, 0x00, 0x00, 0x00, 0xA0, 0xFF, 0xBC, 
0x00, 0x00, 0x00, 0x00, 0x00, 0x00, 0xB6, 0xFF, 0xC4, 0x00, 0x00, 0x58, 0xFF, 0xFA, 0x07, 0x00, 
0x00, 0x00, 0xD3, 0xFF, 0x88, 0x00, 0x00, 0x00, 0x00, 0x00, 0x00, 0xC7, 0xFF, 0xAF, 0x00, 0x00, 
0x8B, 0xFF, 0xCF, 0x00, 0x00, 0x00, 0x0A, 0xFC, 0xFF, 0x54, 0x00, 0x00, 0x00, 0x00, 0x00, 0x17, 
0xF8, 0xFF, 0x6F, 0x00, 0x00, 0xBF, 0xFF, 0x9C, 0x00, 0x00, 0x00, 0x3A, 0xFF, 0xFF, 0x20, 0x00, 
0x00, 0x00, 0x00, 0x00, 0xA5, 0xFF, 0xF1, 0x12, 0x00, 0x01, 0xF0, 0xFF, 0x69, 0x00, 0x00, 0x00, 
0x6D, 0xFF, 0xEC, 0x00, 0x00, 0x00, 0x05, 0x37, 0xB4, 0xFF, 0xFF, 0x61, 0x00, 0x00, 0x25, 0xFF, 
0xFF, 0x36, 0x00, 0x00, 0x00, 0xA0, 0xFF, 0xFD, 0xF0, 0xF0, 0xF2, 0xFE, 0xFF, 0xFF, 0xF5, 0x63, 
0x00, 0x00, 0x00, 0x58, 0xFF, 0xFB, 0x08, 0x00, 0x00, 0x00, 0xA4, 0xFF, 0xFF, 0xFF, 0xFF, 0xF8, 
0xEA, 0xBE, 0x78, 0x18, 0x00, 0x00, 0x00, 0x00, 0x84, 0xFF, 0xC8, 0x00, 0x00, 0x00, 0x00, 0x00, 
0x00, 0x00, 0x00, 0x00, 0x00, 0x00, 0x00, 0x00, 0x00, 0x00, 0x00, 0x00, 0x00, 0x02, 0x12, 0x03, 
0x00, 0x00, 0x00, 0x00, 0x00, 0x00, 0x00, 0x46, 0xC1, 0x9E, 0x00, 0x00, 0x00, 0x00, 0x00, 0x00, 
0x00, 0x00, 0x00, 0x00, 0x00, 0x9F, 0xFF, 0xBC, 0x00, 0x00, 0x00, 0x00, 0x00, 0x00, 0x00, 0x00, 
0x00, 0x00, 0x00, 0xD3, 0xFF, 0x88, 0x00, 0x00, 0x00, 0x00, 0x00, 0x00, 0x00, 0x00, 0x00, 0x00, 
0x09, 0xFC, 0xFF, 0x55, 0x00, 0x00, 0x00, 0x00, 0x00, 0x00, 0x00, 0x00, 0x00, 0x00, 0x39, 0xFF, 
0xFF, 0x21, 0x00, 0x00, 0x00, 0x00, 0x00, 0x00, 0x00, 0x00, 0x00, 0x00, 0x6C, 0xFF, 0xEE, 0x00, 
0x00, 0x00, 0x00, 0x00, 0x00, 0x00, 0x00, 0x00, 0x00, 0x00, 0xA0, 0xFF, 0xBB, 0x00, 0x00, 0x00, 
0x00, 0x00, 0x00, 0x00, 0x00, 0x00, 0x00, 0x00, 0xD3, 0xFF, 0xE5, 0xBC, 0xBC, 0xB9, 0xAF, 0x8D, 
0x40, 0x00, 0x00, 0x00, 0x00, 0x09, 0xFC, 0xFF, 0xFF, 0xFF, 0xFF, 0xFF, 0xFF, 0xFF, 0xFF, 0xA8, 
0x04, 0x00, 0x00, 0x39, 0xFF, 0xFF, 0x4D, 0x38, 0x38, 0x41, 0x5E, 0xC2, 0xFF, 0xFF, 0x82, 0x00, 
0x00, 0x6D, 0xFF, 0xED, 0x00, 0x00, 0x00, 0x00, 0x00, 0x03, 0xC7, 0xFF, 0xE9, 0x00, 0x00, 0xA0, 
0xFF, 0xBA, 0x00, 0x00, 0x00, 0x00, 0x00, 0x00, 0x76, 0xFF, 0xFF, 0x08, 0x00, 0xD3, 0xFF, 0x86, 
0x00, 0x00, 0x00, 0x00, 0x00, 0x00, 0x87, 0xFF, 0xF3, 0x00, 0x09, 0xFC, 0xFF, 0x53, 0x00, 0x00, 
0x00, 0x00, 0x00, 0x00, 0xCD, 0xFF, 0xB3, 0x00, 0x3A, 0xFF, 0xFF, 0x1F, 0x00, 0x00, 0x00, 0x00, 
0x00, 0x64, 0xFF, 0xFF, 0x45, 0x00, 0x6D, 0xFF, 0xEB, 0x00, 0x00, 0x00, 0x01, 0x25, 0x8C, 0xFC, 
0xFF, 0xA0, 0x00, 0x00, 0xA0, 0xFF, 0xFD, 0xF4, 0xF4, 0xF4, 0xFB, 0xFF, 0xFF, 0xFF, 0x95, 0x06, 
0x00, 0x00, 0xA4, 0xFF, 0xFF, 0xFF, 0xFF, 0xFB, 0xF0, 0xCC, 0x8F, 0x2E, 0x00, 0x00, 0x00, 0x00, 
0x00, 0x00, 0x00, 0x00, 0x10, 0x6A, 0xAF, 0xD4, 0xEA, 0xDF, 0xB1, 0x4D, 0x01, 0x00, 0x00, 0x00, 
0x00, 0x00, 0x4F, 0xF2, 0xFF, 0xFF, 0xFF, 0xFF, 0xFF, 0xFF, 0xFF, 0xBA, 0x0A, 0x00, 0x00, 0x00, 
0x00, 0xC3, 0xF5, 0x9F, 0x4D, 0x29, 0x1C, 0x44, 0xB1, 0xFF, 0xFF, 0xA7, 0x00, 0x00, 0x00, 0x00, 
0x5D, 0x18, 0x00, 0x00, 0x00, 0x00, 0x00, 0x00, 0x99, 0xFF, 0xFF, 0x31, 0x00, 0x00, 0x00, 0x00, 
0x00, 0x00, 0x00, 0x00, 0x00, 0x00, 0x00, 0x15, 0xFB, 0xFF, 0x80, 0x00, 0x00, 0x00, 0x00, 0x00, 
0x00, 0x00, 0x00, 0x00, 0x00, 0x00, 0x00, 0xD0, 0xFF, 0xAD, 0x00, 0x00, 0x00, 0x00, 0x00, 0x00, 
0x00, 0x00, 0x00, 0x00, 0x00, 0x00, 0xBC, 0xFF, 0xBF, 0x00, 0x00, 0x00, 0x0F, 0x24, 0x24, 0x24, 
0x24, 0x24, 0x24, 0x24, 0x24, 0xCF, 0xFF, 0xB5, 0x00, 0x00, 0x00, 0xCC, 0xFF, 0xFF, 0xFF, 0xFF, 
0xFF, 0xFF, 0xFF, 0xFF, 0xFF, 0xFF, 0x95, 0x00, 0x00, 0x00, 0xBF, 0xD0, 0xD0, 0xD0, 0xD0, 0xD0, 
0xD0, 0xD0, 0xDA, 0xFF, 0xFF, 0x6B, 0x00, 0x00, 0x00, 0x00, 0x00, 0x00, 0x00, 0x00, 0x00, 0x00, 
0x00, 0x61, 0xFF, 0xFF, 0x2C, 0x00, 0x00, 0x00, 0x00, 0x00, 0x00, 0x00, 0x00, 0x00, 0x00, 0x00, 
0xAF, 0xFF, 0xDF, 0x01, 0x00, 0x00, 0x00, 0x00, 0x00, 0x00, 0x00, 0x00, 0x00, 0x00, 0x21, 0xFC, 
0xFF, 0x7E, 0x00, 0x00, 0x00, 0x00, 0x00, 0x00, 0x00, 0x00, 0x00, 0x00, 0x00, 0xB3, 0xFF, 0xEE, 
0x16, 0x00, 0x16, 0x1B, 0x00, 0x00, 0x00, 0x00, 0x00, 0x00, 0x00, 0x87, 0xFF, 0xFF, 0x64, 0x00, 
0x00, 0x7B, 0xED, 0x67, 0x0B, 0x00, 0x00, 0x00, 0x30, 0xB3, 0xFF, 0xFF, 0xA4, 0x01, 0x00, 0x00, 
0x7E, 0xFF, 0xFF, 0xFA, 0xD6, 0xCD, 0xE7, 0xFF, 0xFF, 0xFD, 0x8A, 0x03, 0x00, 0x00, 0x00, 0x02, 
0x6A, 0xD4, 0xFF, 0xFF, 0xFF, 0xFF, 0xF0, 0xA3, 0x30, 0x00, 0x00, 0x00, 0x00, 0x00, 0x00, 0x00, 
0x00, 0x14, 0x32, 0x39, 0x25, 0x02, 0x00, 0x00, 0x00, 0x00, 0x00, 0x00, 0x00, 0x00, 0x00, 0x00, 
0x46, 0xC1, 0x9E, 0x00, 0x00, 0x00, 0x00, 0x00, 0x00, 0x02, 0x49, 0xA7, 0xD9, 0xED, 0xE8, 0xCB, 
0x89, 0x1F, 0x00, 0x00, 0x00, 0x00, 0x00, 0x00, 0x9F, 0xFF, 0xBC, 0x00, 0x00, 0x00, 0x00, 0x00, 
0x34, 0xDA, 0xFF, 0xFF, 0xFF, 0xFF, 0xFF, 0xFF, 0xFF, 0xF6, 0x53, 0x00, 0x00, 0x00, 0x00, 0x00, 
0xD2, 0xFF, 0x88, 0x00, 0x00, 0x00, 0x00, 0x54, 0xF8, 0xFF, 0xDC, 0x6C, 0x2B, 0x15, 0x27, 0x71, 
0xEF, 0xFF, 0xF7, 0x28, 0x00, 0x00, 0x00, 0x09, 0xFC, 0xFF, 0x54, 0x00, 0x00, 0x00, 0x32, 0xF6, 
0xFF, 0xA4, 0x07, 0x00, 0x00, 0x00, 0x00, 0x00, 0x37, 0xFC, 0xFF, 0x99, 0x00, 0x00, 0x00, 0x38, 
0xFF, 0xFF, 0x20, 0x00, 0x00, 0x03, 0xD6, 0xFF, 0xC8, 0x03, 0x00, 0x00, 0x00, 0x00, 0x00, 0x00, 
0x00, 0xBD, 0xFF, 0xDE, 0x00, 0x00, 0x00, 0x6B, 0xFF, 0xEB, 0x00, 0x00, 0x00, 0x5E, 0xFF, 0xF8, 
0x27, 0x00, 0x00, 0x00, 0x00, 0x00, 0x00, 0x00, 0x00, 0x93, 0xFF, 0xFD, 0x01, 0x00, 0x00, 0x9E, 
0xFF, 0xB8, 0x00, 0x00, 0x00, 0xC8, 0xFF, 0xA4, 0x00, 0x00, 0x00, 0x00, 0x00, 0x00, 0x00, 0x00, 
0x00, 0x7D, 0xFF, 0xFF, 0x07, 0x00, 0x00, 0xD1, 0xFF, 0x9F, 0x30, 0x30, 0x42, 0xFE, 0xFF, 0x44, 
0x00, 0x00, 0x00, 0x00, 0x00, 0x00, 0x00, 0x00, 0x00, 0x8C, 0xFF, 0xFA, 0x00, 0x00, 0x09, 0xFB, 
0xFF, 0xFF, 0xFF, 0xFF, 0xFF, 0xFF, 0xF7, 0x03, 0x00, 0x00, 0x00, 0x00, 0x00, 0x00, 0x00, 0x00, 
0x00, 0xA7, 0xFF, 0xDD, 0x00, 0x00, 0x38, 0xFF, 0xFF, 0xD2, 0xD0, 0xD0, 0xEF, 0xFF, 0xCA, 0x00, 
0x00, 0x00, 0x00, 0x00, 0x00, 0x00, 0x00, 0x00, 0x00, 0xDA, 0xFF, 0xB2, 0x00, 0x00, 0x6B, 0xFF, 
0xEC, 0x00, 0x00, 0x00, 0xBC, 0xFF, 0xA6, 0x00, 0x00, 0x00, 0x00, 0x00, 0x00, 0x00, 0x00, 0x00, 
0x19, 0xFE, 0xFF, 0x72, 0x00, 0x00, 0x9E, 0xFF, 0xB9, 0x00, 0x00, 0x00, 0xD5, 0xFF, 0x96, 0x00, 
0x00, 0x00, 0x00, 0x00, 0x00, 0x00, 0x00, 0x00, 0x76, 0xFF, 0xFF, 0x22, 0x00, 0x00, 0xD1, 0xFF, 
0x86, 0x00, 0x00, 0x00, 0xD6, 0xFF, 0xA0, 0x00, 0x00, 0x00, 0x00, 0x00, 0x00, 0x00, 0x00, 0x03, 
0xDA, 0xFF, 0xBA, 0x00, 0x00, 0x08, 0xFB, 0xFF, 0x53, 0x00, 0x00, 0x00, 0xC3, 0xFF, 0xC2, 0x00, 
0x00, 0x00, 0x00, 0x00, 0x00, 0x00, 0x00, 0x71, 0xFF, 0xFF, 0x3D, 0x00, 0x00, 0x37, 0xFF, 0xFF, 
0x20, 0x00, 0x00, 0x00, 0x90, 0xFF, 0xFE, 0x2D, 0x00, 0x00, 0x00, 0x00, 0x00, 0x00, 0x4B, 0xFA, 
0xFF, 0x98, 0x00, 0x00, 0x00, 0x6A, 0xFF, 0xED, 0x00, 0x00, 0x00, 0x00, 0x31, 0xFE, 0xFF, 0xD6, 
0x31, 0x00, 0x00, 0x00, 0x1A, 0x8B, 0xFB, 0xFF, 0xC7, 0x08, 0x00, 0x00, 0x00, 0x9D, 0xFF, 0xBA, 
0x00, 0x00, 0x00, 0x00, 0x00, 0x85, 0xFF, 0xFF, 0xFF, 0xE3, 0xCD, 0xDD, 0xFE, 0xFF, 0xFF, 0xA4, 
0x08, 0x00, 0x00, 0x00, 0x00, 0xC9, 0xFF, 0x7F, 0x00, 0x00, 0x00, 0x00, 0x00, 0x00, 0x5D, 0xD6, 
0xFF, 0xFF, 0xFF, 0xFF, 0xFB, 0xAE, 0x3F, 0x00, 0x00, 0x00, 0x00, 0x00, 0x00, 0x07, 0x10, 0x00, 
0x00, 0x00, 0x00, 0x00, 0x00, 0x00, 0x00, 0x00, 0x19, 0x37, 0x3F, 0x2E, 0x08, 0x00, 0x00, 0x00, 
0x00, 0x00, 0x00, 0x00, 0x00, 0x00, 0x00, 0x00, 0x00, 0x00, 0x00, 0x00, 0x04, 0x48, 0x83, 0xA1, 
0xAE, 0xB0, 0xB0, 0xB0, 0xAB, 0x1B, 0x00, 0x00, 0x00, 0x00, 0x00, 0x00, 0x5A, 0xE6, 0xFF, 0xFF, 
0xFF, 0xFF, 0xFF, 0xFF, 0xFF, 0xFF, 0x36, 0x00, 0x00, 0x00, 0x00, 0x00, 0x76, 0xFF, 0xFF, 0xD9, 
0x7B, 0x4D, 0x40, 0x40, 0x87, 0xFF, 0xFB, 0x08, 0x00, 0x00, 0x00, 0x00, 0x2C, 0xFC, 0xFF, 0xA7, 
0x06, 0x00, 0x00, 0x00, 0x00, 0x8B, 0xFF, 0xD1, 0x00, 0x00, 0x00, 0x00, 0x00, 0x8C, 0xFF, 0xF4, 
0x0E, 0x00, 0x00, 0x00, 0x00, 0x00, 0xBE, 0xFF, 0x9D, 0x00, 0x00, 0x00, 0x00, 0x00, 0xBB, 0xFF, 
0xC3, 0x00, 0x00, 0x00, 0x00, 0x00, 0x00, 0xEF, 0xFF, 0x6A, 0x00, 0x00, 0x00, 0x00, 0x00, 0xBF, 
0xFF, 0xD2, 0x00, 0x00, 0x00, 0x00, 0x00, 0x23, 0xFF, 0xFF, 0x37, 0x00, 0x00, 0x00, 0x00, 0x00, 
0x82, 0xFF, 0xFF, 0x6D, 0x02, 0x00, 0x00, 0x00, 0x56, 0xFF, 0xFB, 0x08, 0x00, 0x00, 0x00, 0x00, 
0x00, 0x0D, 0xC2, 0xFF, 0xFF, 0xE2, 0xB7, 0xA8, 0xA8, 0xD1, 0xFF, 0xD0, 0x00, 0x00, 0x00, 0x00, 
0x00, 0x00, 0x00, 0x04, 0xA0, 0xFF, 0xFF, 0xFF, 0xFF, 0xFF, 0xFF, 0xFF, 0x9D, 0x00, 0x00, 0x00, 
0x00, 0x00, 0x00, 0x02, 0xA9, 0xFF, 0xFD, 0xA4, 0x64, 0x49, 0x48, 0xF6, 0xFF, 0x6A, 0x00, 0x00, 
0x00, 0x00, 0x00, 0x00, 0x85, 0xFF, 0xF8, 0x43, 0x00, 0x00, 0x00, 0x1F, 0xFF, 0xFF, 0x37, 0x00, 
0x00, 0x00, 0x00, 0x00, 0x32, 0xFC, 0xFF, 0x6C, 0x00, 0x00, 0x00, 0x00, 0x53, 0xFF, 0xFB, 0x08, 
0x00, 0x00, 0x00, 0x00, 0x00, 0xC4, 0xFF, 0xCD, 0x02, 0x00, 0x00, 0x00, 0x00, 0x86, 0xFF, 0xD0, 
0x00, 0x00, 0x00, 0x00, 0x00, 0x57, 0xFF, 0xFF, 0x44, 0x00, 0x00, 0x00, 0x00, 0x00, 0xBA, 0xFF, 
0x9D, 0x00, 0x00, 0x00, 0x00, 0x08, 0xE0, 0xFF, 0xBB, 0x00, 0x00, 0x00, 0x00, 0x00, 0x00, 0xEC, 
0xFF, 0x6A, 0x00, 0x00, 0x00, 0x00, 0x7A, 0xFF, 0xFE, 0x32, 0x00, 0x00, 0x00, 0x00, 0x00, 0x21, 
0xFF, 0xFF, 0x36, 0x00, 0x00, 0x00, 0x03, 0xEF, 0xFF, 0x9C, 0x00, 0x00, 0x00, 0x00, 0x00, 0x00, 
0x4D, 0xFF, 0xF3, 0x08, 0x00, 0x00, 0x00, 0x00, 0x0B, 0x0F, 0x00, 0x00, 0x00, 0x00, 0x00, 0x00, 
0x00, 0x00, 0x11, 0x07, 0x00, 0x00, 0x00, 0x00, 0x00, 0x00, 0x00, 0x00, 0x00, 0x1F, 0x3C, 0x29, 
0x00, 0x00, 0x00, 0x0E, 0x02, 0x00, 0x00, 0x00, 0x35, 0xC7, 0xFF, 0xFF, 0xFF, 0xD6, 0x39, 0x71, 
0xFF, 0x7F, 0x00, 0x00, 0x44, 0xF8, 0xFF, 0xE9, 0xB5, 0xD5, 0xFF, 0xF6, 0xD7, 0xFF, 0x54, 0x00, 
0x17, 0xE9, 0xFF, 0xB2, 0x0B, 0x00, 0x00, 0x59, 0xF8, 0xFF, 0xFF, 0x21, 0x00, 0x9D, 0xFF, 0xDC, 
0x07, 0x00, 0x00, 0x00, 0x00, 0x7A, 0xFF, 0xEE, 0x00, 0x13, 0xF7, 0xFF, 0x5B, 0x00, 0x00, 0x00, 
0x00, 0x00, 0x84, 0xFF, 0xBB, 0x00, 0x63, 0xFF, 0xF3, 0x0A, 0x00, 0x00, 0x00, 0x00, 0x00, 0xB7, 
0xFF, 0x88, 0x00, 0x9E, 0xFF, 0xBB, 0x00, 0x00, 0x00, 0x00, 0x00, 0x04, 0xF2, 0xFF, 0x55, 0x00, 
0xC9, 0xFF, 0x8D, 0x00, 0x00, 0x00, 0x00, 0x00, 0x52, 0xFF, 0xFF, 0x22, 0x00, 0xDD, 0xFF, 0x7C, 
0x00, 0x00, 0x00, 0x00, 0x07, 0xD4, 0xFF, 0xEE, 0x00, 0x00, 0xD4, 0xFF, 0x8E, 0x00, 0x00, 0x00, 
0x00, 0x89, 0xFF, 0xFF, 0xBC, 0x00, 0x00, 0xB3, 0xFF, 0xDD, 0x0D, 0x00, 0x05, 0x85, 0xFF, 0xE9, 
0xFF, 0x89, 0x00, 0x00, 0x58, 0xFF, 0xFF, 0xE5, 0xB6, 0xE8, 0xFF, 0xA1, 0xB1, 0xFF, 0x56, 0x00, 
0x00, 0x00, 0x87, 0xFC, 0xFF, 0xFF, 0xE4, 0x66, 0x00, 0xDA, 0xF9, 0x1E, 0x00, 0x00, 0x00, 0x00, 
0x14, 0x3C, 0x30, 0x03, 0x00, 0x00, 0x0A, 0x09, 0x00, 0x00, 0x00, 0x00, 0x00, 0x00, 0x00, 0x00, 
0x00, 0x00, 0x00, 0x00, 0x00, 0x00, 0x00, 0x00, 0x0D, 0x07, 0x00, 0x00, 0x00, 0x00, 0x00, 0x00, 
0x00, 0x09, 0x3A, 0x6A, 0x93, 0xBB, 0xE4, 0xFF, 0x59, 0x00, 0x00, 0x00, 0x00, 0x00, 0x26, 0xA3, 
0xF5, 0xFF, 0xFF, 0xFF, 0xFF, 0xFF, 0xF3, 0x20, 0x00, 0x00, 0x00, 0x00, 0x66, 0xFA, 0xFF, 0xFF, 
0xD2, 0x9C, 0x73, 0x4B, 0x22, 0x02, 0x00, 0x00, 0x00, 0x00, 0x61, 0xFF, 0xFF, 0x9A, 0x21, 0x00, 
0x00, 0x00, 0x00, 0x00, 0x00, 0x00, 0x00, 0x00, 0x18, 0xF3, 0xFF, 0x69, 0x00, 0x00, 0x00, 0x00, 
0x00, 0x00, 0x00, 0x00, 0x00, 0x00, 0x00, 0x87, 0xFF, 0xB5, 0x00, 0x00, 0x08, 0x1D, 0x0A, 0x00, 
0x00, 0x00, 0x00, 0x00, 0x00, 0x07, 0xEF, 0xFF, 0x38, 0x6C, 0xD1, 0xFE, 0xFF, 0xFC, 0xBE, 0x30, 
0x00, 0x00, 0x00, 0x00, 0x4D, 0xFF, 0xD0, 0xC2, 0xFF, 0xEE, 0xC1, 0xCE, 0xFE, 0xFF, 0xF0, 0x1E, 
0x00, 0x00, 0x00, 0x9E, 0xFF, 0xFA, 0xF7, 0x69, 0x05, 0x00, 0x00, 0x4B, 0xFE, 0xFF, 0x86, 0x00, 
0x00, 0x00, 0xDE, 0xFF, 0xFE, 0x47, 0x00, 0x00, 0x00, 0x00, 0x00, 0xBE, 0xFF, 0xB2, 0x00, 0x00, 
0x18, 0xFF, 0xFF, 0x9C, 0x00, 0x00, 0x00, 0x00, 0x00, 0x00, 0x98, 0xFF, 0xC7, 0x00, 0x00, 0x47, 
0xFF, 0xFF, 0x2F, 0x00, 0x00, 0x00, 0x00, 0x00, 0x00, 0x9C, 0xFF, 0xB1, 0x00, 0x00, 0x6E, 0xFF, 
0xEB, 0x00, 0x00, 0x00, 0x00, 0x00, 0x00, 0x00, 0xBB, 0xFF, 0x90, 0x00, 0x00, 0x88, 0xFF, 0xCE, 
0x00, 0x00, 0x00, 0x00, 0x00, 0x00, 0x08, 0xF2, 0xFF, 0x49, 0x00, 0x00, 0x87, 0xFF, 0xC9, 0x00, 
0x00, 0x00, 0x00, 0x00, 0x00, 0x60, 0xFF, 0xEE, 0x08, 0x00, 0x00, 0x70, 0xFF, 0xEB, 0x02, 0x00, 
0x00, 0x00, 0x00, 0x17, 0xE5, 0xFF, 0x6F, 0x00, 0x00, 0x00, 0x3C, 0xFF, 0xFF, 0x74, 0x00, 0x00, 
0x00, 0x2A, 0xD4, 0xFF, 0xC6, 0x05, 0x00, 0x00, 0x00, 0x00, 0xBF, 0xFF, 0xFF, 0xCF, 0xA8, 0xC3, 
0xFE, 0xFF, 0xC9, 0x0F, 0x00, 0x00, 0x00, 0x00, 0x00, 0x10, 0xA5, 0xFB, 0xFF, 0xFF, 0xFF, 0xE4, 
0x69, 0x05, 0x00, 0x00, 0x00, 0x00, 0x00, 0x00, 0x00, 0x00, 0x0F, 0x35, 0x3E, 0x26, 0x01, 0x00, 
0x00, 0x00, 0x00, 0x00, 0x00, 0x00, 0x00, 0x00, 0x00, 0x00, 0x00, 0x0D, 0x31, 0x3E, 0x24, 0x00, 
0x00, 0x00, 0x00, 0x00, 0x00, 0x23, 0xAA, 0xF9, 0xFF, 0xFF, 0xFF, 0xD9, 0x47, 0x00, 0x00, 0x00, 
0x42, 0xF1, 0xFF, 0xCE, 0x8D, 0x81, 0xCF, 0xFF, 0xF9, 0x21, 0x00, 0x20, 0xF0, 0xFF, 0x83, 0x00, 
0x00, 0x00, 0x09, 0xEA, 0xFF, 0x62, 0x00, 0xA9, 0xFF, 0xB1, 0x00, 0x00, 0x00, 0x00, 0x01, 0xEC, 
0xFF, 0x4D, 0x17, 0xFB, 0xFF, 0x2E, 0x00, 0x00, 0x00, 0x06, 0x8A, 0xFF, 0xD1, 0x05, 0x70, 0xFF, 
0xFB, 0xAC, 0xAC, 0xAC, 0xBE, 0xE9, 0xF8, 0xA1, 0x12, 0x00, 0xAB, 0xFF, 0xF1, 0xE0, 0xE0, 0xE1, 
0xF4, 0xFF, 0xFA, 0xA1, 0x0B, 0x00, 0xDB, 0xFF, 0x75, 0x00, 0x00, 0x00, 0x01, 0x47, 0xEE, 0xFF, 
0x8D, 0x00, 0xF5, 0xFF, 0x5C, 0x00, 0x00, 0x00, 0x00, 0x00, 0x96, 0xFF, 0xBF, 0x00, 0xEC, 0xFF, 
0x6C, 0x00, 0x00, 0x00, 0x00, 0x00, 0xB8, 0xFF, 0xA3, 0x00, 0xC5, 0xFF, 0xC1, 0x02, 0x00, 0x00, 
0x00, 0x59, 0xFF, 0xFF, 0x44, 0x00, 0x58, 0xFF, 0xFF, 0xCF, 0x8B, 0x86, 0xC0, 0xFF, 0xFF, 0x89, 
0x00, 0x00, 0x00, 0x63, 0xE8, 0xFF, 0xFF, 0xFF, 0xFE, 0xC8, 0x51, 0x00, 0x00, 0x00, 0x00, 0x00, 
0x02, 0x2A, 0x3E, 0x30, 0x13, 0x00, 0x00, 0x00, 0x00, 0x00, 0x00, 0x00, 0x00, 0x00, 0x01, 0x24, 
0x3C, 0x26, 0x06, 0x00, 0x00, 0x00, 0x00, 0x01, 0x83, 0xEA, 0xFF, 0xFF, 0xFF, 0xF0, 0x7F, 0x03, 
0x00, 0x00, 0x49, 0xFF, 0xE6, 0xAC, 0x97, 0xC4, 0xFF, 0xFF, 0x7E, 0x00, 0x00, 0x3A, 0x50, 0x02, 
0x00, 0x00, 0x00, 0xA4, 0xFF, 0xD5, 0x00, 0x00, 0x00, 0x00, 0x00, 0x00, 0x00, 0x00, 0x88, 0xFF, 
0xD2, 0x00, 0x00, 0x00, 0x00, 0x00, 0x00, 0x01, 0x5B, 0xF6, 0xFF, 0x7C, 0x00, 0x00, 0x00, 0x00, 
0x2F, 0x84, 0xDC, 0xFF, 0xFF, 0xA9, 0x04, 0x00, 0x00, 0x47, 0xCC, 0xFF, 0xFF, 0xFE, 0xC0, 0x4D, 
0x00, 0x00, 0x00, 0x7D, 0xFF, 0xFF, 0xD1, 0x6B, 0x19, 0x00, 0x00, 0x00, 0x00, 0x35, 0xFF, 0xFF, 
0x77, 0x00, 0x00, 0x00, 0x00, 0x00, 0x00, 0x00, 0x82, 0xFF, 0xDE, 0x00, 0x00, 0x00, 0x00, 0x00, 
0x00, 0x00, 0x00, 0x88, 0xFF, 0xF2, 0x17, 0x00, 0x00, 0x00, 0x17, 0x7A, 0x5A, 0x00, 0x39, 0xFE, 
0xFF, 0xF0, 0xB3, 0xAE, 0xCD, 0xFD, 0xFF, 0x5E, 0x00, 0x00, 0x54, 0xD9, 0xFF, 0xFF, 0xFF, 0xFF, 
0xE3, 0x8A, 0x07, 0x00, 0x00, 0x00, 0x01, 0x27, 0x3F, 0x39, 0x1C, 0x00, 0x00, 0x00, 0x00, 0x00, 
0x00, 0x00, 0x00, 0x00, 0x02, 0x05, 0x00, 0x00, 0x00, 0x00, 0x00, 0x00, 0x00, 0x00, 0x00, 0x00, 
0x00, 0xBA, 0xFF, 0xED, 0xB5, 0x51, 0x00, 0x00, 0x00, 0x00, 0x00, 0x00, 0x00, 0x00, 0xD2, 0xFC, 
0xFF, 0xFF, 0xFF, 0xA7, 0x03, 0x00, 0x00, 0x00, 0x00, 0x00, 0x00, 0x00, 0x01, 0x35, 0xAF, 0xFF, 
0xFF, 0x81, 0x00, 0x00, 0x00, 0x00, 0x00, 0x00, 0x00, 0x00, 0x00, 0x00, 0x9F, 0xFF, 0xF3, 0x0F, 
0x00, 0x00, 0x00, 0x00, 0x00, 0x00, 0x00, 0x00, 0x00, 0x12, 0xF9, 0xFF, 0x52, 0x00, 0x00, 0x00, 
0x00, 0x00, 0x0D, 0x2B, 0x1D, 0x01, 0x00, 0xC5, 0xFF, 0x84, 0x00, 0x00, 0x00, 0x28, 0xB1, 0xFB, 
0xFF, 0xFF, 0xDA, 0x45, 0xA7, 0xFF, 0x98, 0x00, 0x00, 0x3C, 0xF4, 0xFF, 0xF5, 0xBF, 0xCD, 0xFF, 
0xF9, 0xB4, 0xFF, 0xA1, 0x00, 0x1A, 0xE7, 0xFF, 0xC0, 0x15, 0x00, 0x00, 0x5A, 0xFF, 0xFF, 0xFF, 
0x94, 0x00, 0x9F, 0xFF, 0xDC, 0x08, 0x00, 0x00, 0x00, 0x00, 0xCA, 0xFF, 0xFF, 0x79, 0x1A, 0xF9, 
0xFF, 0x55, 0x00, 0x00, 0x00, 0x00, 0x00, 0x8C, 0xFF, 0xFF, 0x54, 0x69, 0xFF, 0xEE, 0x06, 0x00, 
0x00, 0x00, 0x00, 0x00, 0x77, 0xFF, 0xFF, 0x20, 0xAA, 0xFF, 0xB3, 0x00, 0x00, 0x00, 0x00, 0x00, 
0x00, 0x8C, 0xFF, 0xE0, 0x00, 0xCF, 0xFF, 0x87, 0x00, 0x00, 0x00, 0x00, 0x00, 0x00, 0xCB, 0xFF, 
0x8D, 0x00, 0xE1, 0xFF, 0x7A, 0x00, 0x00, 0x00, 0x00, 0x00, 0x32, 0xFF, 0xFD, 0x2B, 0x00, 0xCD, 
0xFF, 0x99, 0x00, 0x00, 0x00, 0x00, 0x07, 0xC6, 0xFF, 0xA3, 0x00, 0x00, 0xA5, 0xFF, 0xF0, 0x20, 
0x00, 0x00, 0x1B, 0xB6, 0xFF, 0xE1, 0x19, 0x00, 0x00, 0x3B, 0xFE, 0xFF, 0xF1, 0xB7, 0xBB, 0xF6, 
0xFF, 0xEA, 0x2A, 0x00, 0x00, 0x00, 0x00, 0x58, 0xE8, 0xFF, 0xFF, 0xFF, 0xF5, 0x9D, 0x18, 0x00, 
0x00, 0x00, 0x00, 0x00, 0x00, 0x03, 0x2D, 0x3F, 0x30, 0x06, 0x00, 0x00, 0x00, 0x00, 0x00, 0x00, 
0x00, 0x00, 0x00, 0x00, 0x00, 0x06, 0x30, 0x3E, 0x29, 0x01, 0x00, 0x00, 0x00, 0x00, 0x00, 0x15, 
0x98, 0xF4, 0xFF, 0xFF, 0xFF, 0xE2, 0x56, 0x00, 0x00, 0x00, 0x24, 0xE6, 0xFF, 0xE6, 0x9A, 0x8D, 
0xCE, 0xFF, 0xFE, 0x3D, 0x00, 0x13, 0xDA, 0xFF, 0xA7, 0x0E, 0x00, 0x00, 0x04, 0xD3, 0xFF, 0x8E, 
0x00, 0x95, 0xFF, 0xCB, 0x05, 0x00, 0x00, 0x00, 0x00, 0xC8, 0xFF, 0x8E, 0x1A, 0xF8, 0xFF, 0x46, 
0x00, 0x00, 0x00, 0x12, 0x84, 0xFF, 0xFC, 0x34, 0x6C, 0xFF, 0xFE, 0xB1, 0xB1, 0xBA, 0xD5, 0xFC, 
0xFF, 0xEF, 0x57, 0x00, 0xB0, 0xFF, 0xFA, 0xF4, 0xEF, 0xE5, 0xCD, 0xA5, 0x63, 0x0D, 0x00, 0x00, 
0xD8, 0xFF, 0x75, 0x00, 0x00, 0x00, 0x00, 0x00, 0x00, 0x00, 0x00, 0x00, 0xED, 0xFF, 0x64, 0x00, 
0x00, 0x00, 0x00, 0x00, 0x00, 0x00, 0x00, 0x00, 0xE5, 0xFF, 0x80, 0x00, 0x00, 0x00, 0x00, 0x00, 
0x00, 0x00, 0x00, 0x00, 0xB4, 0xFF, 0xE2, 0x14, 0x00, 0x00, 0x00, 0x00, 0x20, 0x2C, 0x00, 0x00, 
0x3F, 0xFD, 0xFF, 0xED, 0xA9, 0x96, 0xAA, 0xD8, 0xFF, 0x7A, 0x00, 0x00, 0x00, 0x51, 0xDF, 0xFF, 
0xFF, 0xFF, 0xFF, 0xF3, 0xA8, 0x16, 0x00, 0x00, 0x00, 0x00, 0x01, 0x24, 0x3D, 0x3C, 0x25, 0x03, 
0x00, 0x00, 0x00, 0x00, 0x00, 0x00, 0x00, 0x00, 0x26, 0x2E, 0x04, 0x00, 0x00, 0x00, 0x00, 0x00, 
0x07, 0x0C, 0x00, 0x00, 0x00, 0x00, 0x00, 0x00, 0x29, 0x32, 0x04, 0x00, 0x00, 0x00, 0x9D, 0xFF, 
0xFF, 0xE5, 0x26, 0x00, 0x00, 0x00, 0x1C, 0xFC, 0xFF, 0x1C, 0x00, 0x00, 0x00, 0x39, 0xD6, 0xFF, 
0xFF, 0xA0, 0x00, 0x00, 0x00, 0xCC, 0xAF, 0xED, 0xFF, 0xA8, 0x00, 0x00, 0x00, 0x51, 0xFF, 0xEE, 
0x00, 0x00, 0x00, 0x35, 0xF6, 0xFF, 0xCC, 0xBC, 0x70, 0x00, 0x00, 0x00, 0x00, 0x00, 0x69, 0xFF, 
0xEA, 0x00, 0x00, 0x00, 0x84, 0xFF, 0xBB, 0x00, 0x00, 0x03, 0xD0, 0xFF, 0xA0, 0x00, 0x00, 0x00, 
0x00, 0x00, 0x00, 0x00, 0x00, 0x37, 0xFF, 0xFF, 0x06, 0x00, 0x00, 0xB7, 0xFF, 0x88, 0x00, 0x00, 
0x5E, 0xFF, 0xEC, 0x0B, 0x00, 0x00, 0x00, 0x00, 0x00, 0x00, 0x00, 0x00, 0x2F, 0xFF, 0xFF, 0x0D, 
0x00, 0x00, 0xEA, 0xFF, 0x55, 0x00, 0x00, 0xB6, 0xFF, 0x89, 0x00, 0x00, 0x00, 0x00, 0x00, 0x00, 
0x00, 0x00, 0x00, 0x3F, 0xFF, 0xFF, 0x9E, 0x9C, 0xA1, 0xFF, 0xFF, 0xAF, 0x9C, 0x9C, 0xF9, 0xFF, 
0x3C, 0x00, 0x00, 0x00, 0x00, 0x00, 0x00, 0x00, 0x00, 0x00, 0x65, 0xFF, 0xFF, 0xFF, 0xFF, 0xFF, 
0xFF, 0xFF, 0xFF, 0xFF, 0xFF, 0xFF, 0xFD, 0x09, 0x00, 0x00, 0x00, 0x00, 0x00, 0x00, 0x00, 0x00, 
0x00, 0x99, 0xFF, 0xAB, 0x28, 0x28, 0x95, 0xFF, 0xC1, 0x28, 0x28, 0x72, 0xFF, 0xE3, 0x00, 0x00, 
0x00, 0x00, 0x00, 0x00, 0x00, 0x00, 0x00, 0x01, 0xE1, 0xFF, 0x55, 0x00, 0x00, 0xB2, 0xFF, 0x86, 
0x00, 0x00, 0x68, 0xFF, 0xD6, 0x00, 0x00, 0x00, 0x00, 0x00, 0x00, 0x00, 0x00, 0x00, 0x50, 0xFF, 
0xEF, 0x0D, 0x00, 0x00, 0xE6, 0xFF, 0x53, 0x00, 0x00, 0x65, 0xFF, 0xDC, 0x00, 0x00, 0x00, 0x00, 
0x00, 0x00, 0x00, 0x00, 0x18, 0xE0, 0xFF, 0x76, 0x00, 0x00, 0x1B, 0xFF, 0xFF, 0x1F, 0x00, 0x00, 
0x49, 0xFF, 0xFA, 0x0F, 0x00, 0x00, 0x00, 0x00, 0x03, 0xCF, 0xB5, 0xEA, 0xFF, 0xCE, 0x08, 0x00, 
0x00, 0x4F, 0xFF, 0xEC, 0x00, 0x00, 0x00, 0x0A, 0xF3, 0xFF, 0xD6, 0xC1, 0x91, 0x00, 0x00, 0x1A, 
0xFA, 0xFF, 0xFE, 0xAC, 0x13, 0x00, 0x00, 0x00, 0x7D, 0xFF, 0xB4, 0x00, 0x00, 0x00, 0x00, 0x6F, 
0xFD, 0xFF, 0xFE, 0x50, 0x00, 0x00, 0x00, 0x17, 0x3B, 0x1A, 0x00, 0x00, 0x00, 0x00, 0x00, 0x02, 
0x11, 0x02, 0x00, 0x00, 0x00, 0x00, 0x00, 0x1B, 0x3F, 0x1D, 0x00, 0x00, 0x00, 0x00, 0x00, 0x00, 
0x00, 0x00, 0x1F, 0x3B, 0x2D, 0x0D, 0x00, 0x00, 0x00, 0x00, 0x16, 0x91, 0xE7, 0xFF, 0xFF, 0xFF, 
0xFC, 0xA5, 0x07, 0x00, 0x00, 0xAB, 0xFF, 0xD5, 0x9F, 0x8C, 0xB9, 0xFF, 0xFF, 0x93, 0x00, 0x00, 
0x80, 0x36, 0x00, 0x00, 0x00, 0x00, 0x9F, 0xFF, 0xDA, 0x00, 0x00, 0x00, 0x00, 0x00, 0x00, 0x00, 
0x00, 0x8A, 0xFF, 0xB5, 0x00, 0x00, 0x00, 0x00, 0x00, 0x00, 0x00, 0x46, 0xF2, 0xFB, 0x39, 0x00, 
0x00, 0x02, 0x84, 0x95, 0xA8, 0xD4, 0xFF, 0xD9, 0x42, 0x00, 0x00, 0x00, 0x30, 0xFF, 0xFF, 0xFF, 
0xFF, 0xFC, 0x9F, 0x18, 0x00, 0x00, 0x00, 0x03, 0x23, 0x24, 0x32, 0x6F, 0xEB, 0xFF, 0xCA, 0x00, 
0x00, 0x00, 0x00, 0x00, 0x00, 0x00, 0x00, 0x5A, 0xFF, 0xFF, 0x13, 0x00, 0x00, 0x00, 0x00, 0x00, 
0x00, 0x00, 0x6B, 0xFF, 0xF9, 0x07, 0x66, 0x2C, 0x00, 0x00, 0x00, 0x00, 0x2E, 0xE9, 0xFF, 0xA4, 
0x00, 0xE8, 0xFD, 0xBE, 0x93, 0x94, 0xBC, 0xFD, 0xFF, 0xD4, 0x15, 0x00, 0x54, 0xD5, 0xFF, 0xFF, 
0xFF, 0xFF, 0xE5, 0x81, 0x0A, 0x00, 0x00, 0x00, 0x00, 0x1C, 0x3B, 0x3B, 0x21, 0x00, 0x00, 0x00, 
0x00, 0x00, 0x00, 0x00, 0x02, 0x10, 0x01, 0x00, 0x00, 0x00, 0x00, 0x00, 0x01, 0x10, 0x02, 0x00, 
0x00, 0xBA, 0xFF, 0x77, 0x00, 0x00, 0x00, 0x00, 0x00, 0xAF, 0xFF, 0x82, 0x00, 0x02, 0xF4, 0xFF, 
0x4D, 0x00, 0x00, 0x00, 0x00, 0x00, 0xEA, 0xFF, 0x58, 0x00, 0x29, 0xFF, 0xFF, 0x1B, 0x00, 0x00, 
0x00, 0x00, 0x1E, 0xFF, 0xFF, 0x24, 0x00, 0x5B, 0xFF, 0xE8, 0x00, 0x00, 0x00, 0x00, 0x00, 0x50, 
0xFF, 0xF0, 0x01, 0x00, 0x8E, 0xFF, 0xB6, 0x00, 0x00, 0x00, 0x00, 0x00, 0x83, 0xFF, 0xBE, 0x00, 
0x00, 0xC0, 0xFF, 0x84, 0x00, 0x00, 0x00, 0x00, 0x00, 0xB6, 0xFF, 0x8A, 0x00, 0x01, 0xF0, 0xFF, 
0x51, 0x00, 0x00, 0x00, 0x00, 0x04, 0xF1, 0xFF, 0x57, 0x00, 0x25, 0xFF, 0xFF, 0x1F, 0x00, 0x00, 
0x00, 0x00, 0x52, 0xFF, 0xFF, 0x24, 0x00, 0x53, 0xFF, 0xF2, 0x00, 0x00, 0x00, 0x00, 0x02, 0xCF, 
0xFF, 0xEF, 0x01, 0x00, 0x71, 0xFF, 0xE3, 0x00, 0x00, 0x00, 0x00, 0x82, 0xFF, 0xFF, 0xBD, 0x00, 
0x00, 0x65, 0xFF, 0xFA, 0x1A, 0x00, 0x05, 0x85, 0xFF, 0xE3, 0xFF, 0x8A, 0x00, 0x00, 0x29, 0xFD, 
0xFF, 0xE6, 0xB5, 0xE7, 0xFF, 0xA7, 0xA7, 0xFF, 0x56, 0x00, 0x00, 0x00, 0x71, 0xFA, 0xFF, 0xFF, 
0xE7, 0x6B, 0x01, 0xCF, 0xFC, 0x20, 0x00, 0x00, 0x00, 0x00, 0x14, 0x3D, 0x33, 0x05, 0x00, 0x00, 
0x09, 0x0B, 0x00, 0x00, 0x00, 0x00, 0x00, 0x00, 0x00, 0xC8, 0xEB, 0x14, 0x00, 0x00, 0x00, 0x7E, 
0xEE, 0x69, 0x00, 0x00, 0x00, 0x00, 0xF3, 0xFF, 0x23, 0x00, 0x00, 0x14, 0xEA, 0xFF, 0x44, 0x00, 
0x00, 0x00, 0x00, 0xBE, 0xFF, 0xC7, 0x67, 0x75, 0xDB, 0xFF, 0xB2, 0x00, 0x00, 0x00, 0x00, 0x00, 
0x26, 0xCD, 0xFF, 0xFF, 0xFF, 0xF7, 0x93, 0x07, 0x00, 0x00, 0x00, 0x00, 0x00, 0x00, 0x01, 0x2D, 
0x47, 0x34, 0x0E, 0x00, 0x00, 0x00, 0x00, 0x00, 0x02, 0x10, 0x01, 0x00, 0x00, 0x00, 0x00, 0x00, 
0x01, 0x10, 0x02, 0x00, 0x00, 0xBA, 0xFF, 0x77, 0x00, 0x00, 0x00, 0x00, 0x00, 0xAF, 0xFF, 0x82, 
0x00, 0x02, 0xF4, 0xFF, 0x4D, 0x00, 0x00, 0x00, 0x00, 0x00, 0xEA, 0xFF, 0x58, 0x00, 0x29, 0xFF, 
0xFF, 0x1B, 0x00, 0x00, 0x00, 0x00, 0x1E, 0xFF, 0xFF, 0x24, 0x00, 0x5B, 0xFF, 0xE8, 0x00, 0x00, 
0x00, 0x00, 0x00, 0x50, 0xFF, 0xF0, 0x01, 0x00, 0x8E, 0xFF, 0xB6, 0x00, 0x00, 0x00, 0x00, 0x00, 
0x83, 0xFF, 0xBE, 0x00, 0x00, 0xC0, 0xFF, 0x84, 0x00, 0x00, 0x00, 0x00, 0x00, 0xB6, 0xFF, 0x8A, 
0x00, 0x01, 0xF0, 0xFF, 0x51, 0x00, 0x00, 0x00, 0x00, 0x04, 0xF1, 0xFF, 0x57, 0x00, 0x25, 0xFF, 
0xFF, 0x1F, 0x00, 0x00, 0x00, 0x00, 0x52, 0xFF, 0xFF, 0x24, 0x00, 0x53, 0xFF, 0xF2, 0x00, 0x00, 
0x00, 0x00, 0x02, 0xCF, 0xFF, 0xEF, 0x01, 0x00, 0x71, 0xFF, 0xE3, 0x00, 0x00, 0x00, 0x00, 0x82, 
0xFF, 0xFF, 0xBD, 0x00, 0x00, 0x65, 0xFF, 0xFA, 0x1A, 0x00, 0x05, 0x85, 0xFF, 0xE3, 0xFF, 0x8A, 
0x00, 0x00, 0x29, 0xFD, 0xFF, 0xE6, 0xB5, 0xE7, 0xFF, 0xA7, 0xA7, 0xFF, 0x56, 0x00, 0x00, 0x00, 
0x71, 0xFA, 0xFF, 0xFF, 0xE7, 0x6B, 0x01, 0xCF, 0xFC, 0x20, 0x00, 0x00, 0x00, 0x00, 0x14, 0x3D, 
0x33, 0x05, 0x00, 0x00, 0x09, 0x0B, 0x00, 0x00, 0x00, 0x00, 0x00, 0x00, 0x01, 0x0F, 0x02, 0x00, 
0x00, 0x00, 0x00, 0x00, 0x0C, 0x09, 0x00, 0x00, 0x00, 0xAB, 0xFF, 0x8C, 0x00, 0x00, 0x00, 0x00, 
0x8D, 0xFF, 0xD5, 0x00, 0x00, 0x00, 0xE4, 0xFF, 0x5F, 0x00, 0x00, 0x00, 0x31, 0xFD, 0xFF, 0x48, 
0x00, 0x00, 0x17, 0xFF, 0xFF, 0x2C, 0x00, 0x00, 0x01, 0xC5, 0xFF, 0xA4, 0x00, 0x00, 0x00, 0x4B, 
0xFF, 0xF5, 0x03, 0x00, 0x00, 0x6A, 0xFF, 0xEB, 0x15, 0x00, 0x00, 0x00, 0x7E, 0xFF, 0xC5, 0x00, 
0x00, 0x4D, 0xF7, 0xFC, 0x49, 0x00, 0x00, 0x00, 0x00, 0xB1, 0xFF, 0xDB, 0x9F, 0xC5, 0xFF, 0xEC, 
0x50, 0x00, 0x00, 0x00, 0x00, 0x00, 0xE5, 0xFF, 0xFF, 0xFF, 0xFF, 0xFC, 0x67, 0x00, 0x00, 0x00, 
0x00, 0x00, 0x18, 0xFF, 0xFF, 0x50, 0x3D, 0x77, 0xF9, 0xFF, 0x5F, 0x00, 0x00, 0x00, 0x00, 0x4B, 
0xFF, 0xF3, 0x02, 0x00, 0x00, 0x81, 0xFF, 0xDF, 0x01, 0x00, 0x00, 0x00, 0x7E, 0xFF, 0xC3, 0x00, 
0x00, 0x00, 0x2B, 0xFF, 0xFF, 0x2D, 0x00, 0x00, 0x00, 0xB2, 0xFF, 0x90, 0x00, 0x00, 0x00, 0x01, 
0xF0, 0xFF, 0x6B, 0x00, 0x00, 0x00, 0xE5, 0xFF, 0x5E, 0x00, 0x00, 0x00, 0x00, 0xBC, 0xFF, 0xA8, 
0x00, 0x00, 0x12, 0xFF, 0xFC, 0x27, 0x00, 0x00, 0x00, 0x00, 0x80, 0xFF, 0xD3, 0x00, 0x00, 0x00, 
0x0C, 0x0A, 0x00, 0x00, 0x00, 0x00, 0x00, 0x00, 0x11, 0x07, 0x00, 0x00, 0x00, 0x00, 0x00, 0x00, 
0x00, 0x00, 0x00, 0x00, 0x00, 0x00, 0x00, 0x01, 0x05, 0x00, 0x00, 0x00, 0x00, 0x00, 0x00, 0x00, 
0x00, 0x00, 0x15, 0x7C, 0xC1, 0xED, 0xFD, 0xFF, 0xFD, 0x4A, 0x00, 0x00, 0x00, 0x00, 0x00, 0x00, 
0x5B, 0xF4, 0xFF, 0xFF, 0xFA, 0xEE, 0xFF, 0xFF, 0x3C, 0x00, 0x00, 0x00, 0x00, 0x00, 0x57, 0xFF, 
0xFF, 0xA6, 0x33, 0x02, 0x3E, 0xFF, 0xFD, 0x0B, 0x00, 0x00, 0x00, 0x00, 0x12, 0xEF, 0xFF, 0x86, 
0x00, 0x00, 0x00, 0x71, 0xFF, 0xD5, 0x00, 0x00, 0x00, 0x00, 0x00, 0x7D, 0xFF, 0xD9, 0x03, 0x00, 
0x00, 0x00, 0xA4, 0xFF, 0xA2, 0x00, 0x00, 0x00, 0x00, 0x00, 0xDB, 0xFF, 0x6C, 0x00, 0x00, 0x00, 
0x00, 0xD7, 0xFF, 0x6F, 0x00, 0x00, 0x00, 0x00, 0x24, 0xFF, 0xFF, 0x19, 0x00, 0x00, 0x00, 0x0C, 
0xFD, 0xFF, 0x3B, 0x00, 0x00, 0x00, 0x00, 0x66, 0xFF, 0xD4, 0x00, 0x00, 0x00, 0x00, 0x3D, 0xFF, 
0xFD, 0x0B, 0x00, 0x00, 0x00, 0x00, 0xA8, 0xFF, 0x94, 0x00, 0x00, 0x00, 0x00, 0x70, 0xFF, 0xD5, 
0x00, 0x00, 0x00, 0x00, 0x08, 0xEF, 0xFF, 0x4A, 0x00, 0x00, 0x00, 0x00, 0xA3, 0xFF, 0xA1, 0x00, 
0x00, 0x00, 0x00, 0x82, 0xFF, 0xE9, 0x05, 0x00, 0x00, 0x00, 0x00, 0xD6, 0xFF, 0x6E, 0x00, 0x00, 
0x87, 0xED, 0xFF, 0xFF, 0x73, 0x00, 0x00, 0x00, 0x00, 0x0B, 0xFD, 0xFF, 0x3B, 0x00, 0x00, 0xE4, 
0xFF, 0xFD, 0x94, 0x03, 0x00, 0x00, 0x00, 0x00, 0x33, 0xFF, 0xF4, 0x0A, 0x00, 0x00, 0x32, 0x38, 
0x10, 0x00, 0x00, 0x00, 0x00, 0x00, 0x00, 0x00, 0x0D, 0x06, 0x00, 0x00, 0x00, 0x00, 0x00, 0x00, 
0x0A, 0xCA, 0xFF, 0xED, 0x36, 0x00, 0x00, 0x00, 0x00, 0x00, 0x1D, 0xD0, 0xFE, 0xFC, 0x49, 0x00, 
0x00, 0x00, 0x5D, 0xFF, 0xFC, 0xFF, 0x82, 0x00, 0x00, 0x00, 0x00, 0x00, 0xB1, 0xFF, 0xFB, 0xFF, 
0x52, 0x00, 0x00, 0x00, 0xAF, 0xFF, 0xB7, 0xFF, 0xA9, 0x00, 0x00, 0x00, 0x00, 0x3D, 0xFF, 0xCD, 
0xE0, 0xFF, 0x3E, 0x00, 0x00, 0x0A, 0xF5, 0xFF, 0x52, 0xFF, 0xCF, 0x00, 0x00, 0x00, 0x00, 0xC7, 
0xFF, 0x4A, 0xFB, 0xFF, 0x2A, 0x00, 0x00, 0x51, 0xFF, 0xD7, 0x10, 0xFF, 0xF4, 0x00, 0x00, 0x00, 
0x54, 0xFF, 0xBF, 0x1B, 0xFF, 0xFF, 0x16, 0x00, 0x00, 0xA2, 0xFF, 0x88, 0x00, 0xED, 0xFF, 0x1B, 
0x00, 0x04, 0xDA, 0xFF, 0x38, 0x36, 0xFF, 0xFE, 0x03, 0x00, 0x04, 0xEE, 0xFF, 0x37, 0x00, 0xCA, 
0xFF, 0x41, 0x00, 0x6A, 0xFF, 0xAA, 0x00, 0x4A, 0xFF, 0xED, 0x00, 0x00, 0x44, 0xFF, 0xE4, 0x01, 
0x00, 0xA6, 0xFF, 0x5F, 0x0B, 0xE8, 0xFA, 0x23, 0x00, 0x5D, 0xFF, 0xD9, 0x00, 0x00, 0x95, 0xFF, 
0x94, 0x00, 0x00, 0x82, 0xFF, 0x7C, 0x77, 0xFF, 0x90, 0x00, 0x00, 0x6F, 0xFF, 0xC5, 0x00, 0x01, 
0xE4, 0xFF, 0x42, 0x00, 0x00, 0x5E, 0xFF, 0xA0, 0xEA, 0xEF, 0x13, 0x00, 0x00, 0x81, 0xFF, 0xB1, 
0x00, 0x37, 0xFF, 0xED, 0x04, 0x00, 0x00, 0x39, 0xFF, 0xF9, 0xFF, 0x75, 0x00, 0x00, 0x00, 0x94, 
0xFF, 0x9C, 0x00, 0x88, 0xFF, 0x9F, 0x00, 0x00, 0x00, 0x15, 0xFF, 0xFF, 0xE0, 0x07, 0x00, 0x00, 
0x00, 0xA6, 0xFF, 0x88, 0x00, 0xD2, 0xFF, 0x48, 0x00, 0x00, 0x00, 0x00, 0xE8, 0xFE, 0x55, 0x00, 
0x00, 0x00, 0x00, 0xB5, 0xFF, 0x64, 0x00, 0x0B, 0x0D, 0x00, 0x00, 0x00, 0x00, 0x00, 0x08, 0x0C, 
0x00, 0x00, 0x00, 0x00, 0x00, 0x08, 0x10, 0x00, 0x00, 0x00, 0x00, 0x00, 0x01, 0x10, 0x02, 0x00, 
0x00, 0x00, 0x00, 0x00, 0x00, 0x0C, 0x07, 0x00, 0x00, 0x00, 0xA8, 0xFF, 0x87, 0x00, 0x00, 0x00, 
0x00, 0x00, 0x57, 0xFF, 0xDA, 0x00, 0x00, 0x00, 0xE2, 0xFF, 0x5D, 0x00, 0x00, 0x00, 0x00, 0x00, 
0x92, 0xFF, 0xB1, 0x00, 0x00, 0x15, 0xFF, 0xFF, 0x29, 0x00, 0x00, 0x00, 0x00, 0x00, 0xC4, 0xFF, 
0x7E, 0x00, 0x00, 0x48, 0xFF, 0xF4, 0x02, 0x00, 0x00, 0x00, 0x00, 0x02, 0xF4, 0xFF, 0x4B, 0x00, 
0x00, 0x7C, 0xFF, 0xC3, 0x00, 0x00, 0x00, 0x00, 0x00, 0x29, 0xFF, 0xFF, 0x18, 0x00, 0x00, 0xAF, 
0xFF, 0xDD, 0xA4, 0xA4, 0xA4, 0xA4, 0xA4, 0xBE, 0xFF, 0xE4, 0x00, 0x00, 0x00, 0xE2, 0xFF, 0xFF, 
0xFF, 0xFF, 0xFF, 0xFF, 0xFF, 0xFF, 0xFF, 0xB1, 0x00, 0x00, 0x15, 0xFF, 0xFF, 0x5B, 0x40, 0x40, 
0x40, 0x40, 0x40, 0xD8, 0xFF, 0x7E, 0x00, 0x00, 0x48, 0xFF, 0xF4, 0x02, 0x00, 0x00, 0x00, 0x00, 
0x02, 0xF4, 0xFF, 0x4B, 0x00, 0x00, 0x7B, 0xFF, 0xC4, 0x00, 0x00, 0x00, 0x00, 0x00, 0x2A, 0xFF, 
0xFF, 0x18, 0x00, 0x00, 0xAE, 0xFF, 0x91, 0x00, 0x00, 0x00, 0x00, 0x00, 0x5C, 0xFF, 0xE5, 0x00, 
0x00, 0x00, 0xE1, 0xFF, 0x5E, 0x00, 0x00, 0x00, 0x00, 0x00, 0x8E, 0xFF, 0xB2, 0x00, 0x00, 0x0E, 
0xFF, 0xFD, 0x27, 0x00, 0x00, 0x00, 0x00, 0x00, 0xB9, 0xFF, 0x77, 0x00, 0x00, 0x00, 0x0D, 0x0A, 
0x00, 0x00, 0x00, 0x00, 0x00, 0x00, 0x07, 0x10, 0x00, 0x00, 0x00, 0x00, 0x00, 0x00, 0x00, 0x00, 
0x08, 0x31, 0x3F, 0x2C, 0x03, 0x00, 0x00, 0x00, 0x00, 0x00, 0x00, 0x1A, 0x9F, 0xF7, 0xFF, 0xFF, 
0xFF, 0xEF, 0x7F, 0x03, 0x00, 0x00, 0x00, 0x2B, 0xEC, 0xFF, 0xF4, 0xB5, 0xAE, 0xE1, 0xFF, 0xFF, 
0x8F, 0x00, 0x00, 0x1B, 0xE5, 0xFF, 0xBC, 0x1B, 0x00, 0x00, 0x06, 0xAA, 0xFF, 0xFA, 0x12, 0x00, 
0xA3, 0xFF, 0xD4, 0x0B, 0x00, 0x00, 0x00, 0x00, 0x2C, 0xFF, 0xFF, 0x47, 0x27, 0xFE, 0xFF, 0x4A, 
0x00, 0x00, 0x00, 0x00, 0x00, 0x0B, 0xFF, 0xFF, 0x55, 0x76, 0xFF, 0xE1, 0x01, 0x00, 0x00, 0x00, 
0x00, 0x00, 0x17, 0xFF, 0xFF, 0x40, 0xB9, 0xFF, 0xA3, 0x00, 0x00, 0x00, 0x00, 0x00, 0x00, 0x3B, 
0xFF, 0xFF, 0x21, 0xD7, 0xFF, 0x80, 0x00, 0x00, 0x00, 0x00, 0x00, 0x00, 0x7B, 0xFF, 0xDE, 0x00, 
0xEA, 0xFF, 0x76, 0x00, 0x00, 0x00, 0x00, 0x00, 0x02, 0xDD, 0xFF, 0x8E, 0x00, 0xDD, 0xFF, 0x95, 
0x00, 0x00, 0x00, 0x00, 0x00, 0x74, 0xFF, 0xF5, 0x19, 0x00, 0xA4, 0xFF, 0xF0, 0x26, 0x00, 0x00, 
0x01, 0x6C, 0xFC, 0xFF, 0x6F, 0x00, 0x00, 0x2E, 0xF8, 0xFF, 0xF6, 0xB9, 0xA3, 0xD8, 0xFF, 0xFF, 
0x81, 0x00, 0x00, 0x00, 0x00, 0x3F, 0xD1, 0xFF, 0xFF, 0xFF, 0xFF, 0xC7, 0x3C, 0x00, 0x00, 0x00, 
0x00, 0x00, 0x00, 0x00, 0x1D, 0x3C, 0x3A, 0x19, 0x00, 0x00, 0x00, 0x00, 0x00, 0x00, 0x00, 0x00, 
0x00, 0x8B, 0xFF, 0xFF, 0xFF, 0xFF, 0xFF, 0xFF, 0xFF, 0xFF, 0xFF, 0x92, 0x00, 0x00, 0x00, 0xE4, 
0xFF, 0xEF, 0xE8, 0xE8, 0xE8, 0xE8, 0xE8, 0xFC, 0xFF, 0x83, 0x00, 0x00, 0x17, 0xFF, 0xFF, 0x31, 
0x00, 0x00, 0x00, 0x00, 0x01, 0xF0, 0xFF, 0x50, 0x00, 0x00, 0x4A, 0xFF, 0xF8, 0x05, 0x00, 0x00, 
0x00, 0x00, 0x25, 0xFF, 0xFF, 0x1D, 0x00, 0x00, 0x7D, 0xFF, 0xC9, 0x00, 0x00, 0x00, 0x00, 0x00, 
0x58, 0xFF, 0xE9, 0x00, 0x00, 0x00, 0xB0, 0xFF, 0x95, 0x00, 0x00, 0x00, 0x00, 0x00, 0x8B, 0xFF, 
0xB6, 0x00, 0x00, 0x00, 0xE2, 0xFF, 0x62, 0x00, 0x00, 0x00, 0x00, 0x00, 0xBE, 0xFF, 0x83, 0x00, 
0x00, 0x15, 0xFF, 0xFF, 0x2E, 0x00, 0x00, 0x00, 0x00, 0x01, 0xF0, 0xFF, 0x4F, 0x00, 0x00, 0x48, 
0xFF, 0xF6, 0x04, 0x00, 0x00, 0x00, 0x00, 0x24, 0xFF, 0xFF, 0x1C, 0x00, 0x00, 0x7B, 0xFF, 0xC7, 
0x00, 0x00, 0x00, 0x00, 0x00, 0x57, 0xFF, 0xE9, 0x00, 0x00, 0x00, 0xAE, 0xFF, 0x93, 0x00, 0x00, 
0x00, 0x00, 0x00, 0x8A, 0xFF, 0xB6, 0x00, 0x00, 0x00, 0xE1, 0xFF, 0x5F, 0x00, 0x00, 0x00, 0x00, 
0x00, 0xBD, 0xFF, 0x82, 0x00, 0x00, 0x0E, 0xFF, 0xFC, 0x27, 0x00, 0x00, 0x00, 0x00, 0x00, 0xE9, 
0xFF, 0x48, 0x00, 0x00, 0x00, 0x0D, 0x0A, 0x00, 0x00, 0x00, 0x00, 0x00, 0x00, 0x0A, 0x0D, 0x00, 
0x00, 0x00, 0x00, 0x00, 0x00, 0x00, 0x01, 0x0F, 0x00, 0x00, 0x00, 0x18, 0x3D, 0x29, 0x00, 0x00, 
0x00, 0x00, 0x00, 0x00, 0x00, 0xA1, 0xFF, 0x4C, 0x26, 0xAE, 0xFF, 0xFF, 0xFF, 0xCD, 0x1F, 0x00, 
0x00, 0x00, 0x00, 0x00, 0xE0, 0xFF, 0x5E, 0xF0, 0xFD, 0xC4, 0xC5, 0xFF, 0xFF, 0xBB, 0x00, 0x00, 
0x00, 0x00, 0x13, 0xFF, 0xFA, 0xE9, 0xD3, 0x2B, 0x00, 0x00, 0x7C, 0xFF, 0xFF, 0x20, 0x00, 0x00, 
0x00, 0x46, 0xFF, 0xFF, 0xDE, 0x13, 0x00, 0x00, 0x00, 0x1C, 0xFF, 0xFF, 0x44, 0x00, 0x00, 0x00, 
0x7A, 0xFF, 0xFF, 0x40, 0x00, 0x00, 0x00, 0x00, 0x0A, 0xFF, 0xFF, 0x4F, 0x00, 0x00, 0x00, 0xAD, 
0xFF, 0xBF, 0x00, 0x00, 0x00, 0x00, 0x00, 0x1D, 0xFF, 0xFF, 0x3A, 0x00, 0x00, 0x00, 0xE1, 0xFF, 
0x65, 0x00, 0x00, 0x00, 0x00, 0x00, 0x4B, 0xFF, 0xFE, 0x12, 0x00, 0x00, 0x14, 0xFF, 0xFF, 0x27, 
0x00, 0x00, 0x00, 0x00, 0x00, 0x8B, 0xFF, 0xD5, 0x00, 0x00, 0x00, 0x47, 0xFF, 0xF3, 0x02, 0x00, 
0x00, 0x00, 0x00, 0x04, 0xE6, 0xFF, 0x7F, 0x00, 0x00, 0x00, 0x7B, 0xFF, 0xE4, 0x08, 0x00, 0x00, 
0x00, 0x00, 0x75, 0xFF, 0xF9, 0x17, 0x00, 0x00, 0x00, 0xAE, 0xFF, 0xFF, 0xB1, 0x0D, 0x00, 0x00, 
0x55, 0xF7, 0xFF, 0x78, 0x00, 0x00, 0x00, 0x00, 0xE1, 0xFF, 0xEA, 0xFF, 0xF0, 0xB8, 0xC9, 0xFF, 
0xFF, 0xB1, 0x01, 0x00, 0x00, 0x00, 0x15, 0xFF, 0xFF, 0x33, 0x9F, 0xFB, 0xFF, 0xFF, 0xF2, 0x81, 
0x04, 0x00, 0x00, 0x00, 0x00, 0x48, 0xFF, 0xF2, 0x01, 0x00, 0x13, 0x3A, 0x33, 0x07, 0x00, 0x00, 
0x00, 0x00, 0x00, 0x00, 0x7C, 0xFF, 0xC2, 0x00, 0x00, 0x00, 0x00, 0x00, 0x00, 0x00, 0x00, 0x00, 
0x00, 0x00, 0x00, 0xAF, 0xFF, 0x8F, 0x00, 0x00, 0x00, 0x00, 0x00, 0x00, 0x00, 0x00, 0x00, 0x00, 
0x00, 0x00, 0xE2, 0xFF, 0x5C, 0x00, 0x00, 0x00, 0x00, 0x00, 0x00, 0x00, 0x00, 0x00, 0x00, 0x00, 
0x0A, 0xF0, 0xEE, 0x23, 0x00, 0x00, 0x00, 0x00, 0x00, 0x00, 0x00, 0x00, 0x00, 0x00, 0x00, 0x00, 
0x00, 0x00, 0x00, 0x00, 0x11, 0x34, 0x34, 0x0F, 0x00, 0x00, 0x00, 0x00, 0x00, 0x2C, 0xB6, 0xFC, 
0xFF, 0xFF, 0xFC, 0xAE, 0x1B, 0x00, 0x00, 0x42, 0xF5, 0xFF, 0xEC, 0xB2, 0xB7, 0xF4, 0xFF, 0xA1, 
0x00, 0x1D, 0xEB, 0xFF, 0xAA, 0x0B, 0x00, 0x00, 0x16, 0xAB, 0x64, 0x00, 0xAA, 0xFF, 0xCB, 0x02, 
0x00, 0x00, 0x00, 0x00, 0x00, 0x00, 0x20, 0xFC, 0xFF, 0x41, 0x00, 0x00, 0x00, 0x00, 0x00, 0x00, 
0x00, 0x74, 0xFF, 0xE0, 0x01, 0x00, 0x00, 0x00, 0x00, 0x00, 0x00, 0x00, 0xB1, 0xFF, 0xA1, 0x00, 
0x00, 0x00, 0x00, 0x00, 0x00, 0x00, 0x00, 0xDB, 0xFF, 0x78, 0x00, 0x00, 0x00, 0x00, 0x00, 0x00, 
0x00, 0x00, 0xED, 0xFF, 0x6E, 0x00, 0x00, 0x00, 0x00, 0x00, 0x00, 0x00, 0x00, 0xE8, 0xFF, 0x8D, 
0x00, 0x00, 0x00, 0x00, 0x00, 0x07, 0x00, 0x00, 0xBB, 0xFF, 0xEC, 0x22, 0x00, 0x00, 0x0B, 0x75, 
0xD8, 0x00, 0x00, 0x51, 0xFF, 0xFF, 0xF6, 0xC3, 0xCB, 0xF4, 0xFF, 0xA5, 0x00, 0x00, 0x00, 0x6D, 
0xEF, 0xFF, 0xFF, 0xFF, 0xE8, 0x83, 0x0B, 0x00, 0x00, 0x00, 0x00, 0x05, 0x30, 0x3E, 0x27, 0x01, 
0x00, 0x00, 0x00, 0x00, 0x00, 0x00, 0x00, 0x01, 0x0F, 0x00, 0x00, 0x00, 0x1B, 0x3B, 0x1A, 0x00, 
0x00, 0x00, 0x00, 0x00, 0x21, 0x3E, 0x1F, 0x00, 0x00, 0x00, 0x00, 0x00, 0xA4, 0xFF, 0x44, 0x28, 
0xB2, 0xFF, 0xFF, 0xFF, 0xAE, 0x05, 0x00, 0x34, 0xC0, 0xFF, 0xFF, 0xFF, 0x99, 0x01, 0x00, 0x00, 
0x00, 0xE0, 0xFF, 0x5C, 0xF2, 0xFB, 0xBF, 0xCE, 0xFF, 0xFF, 0x69, 0x55, 0xF8, 0xF7, 0xBA, 0xD8, 
0xFF, 0xFF, 0x56, 0x00, 0x00, 0x13, 0xFF, 0xF9, 0xEF, 0xD3, 0x27, 0x00, 0x01, 0xC3, 0xFF, 0xCD, 
0xF8, 0xC3, 0x1B, 0x00, 0x06, 0xE0, 0xFF, 0x94, 0x00, 0x00, 0x46, 0xFF, 0xFF, 0xDF, 0x14, 0x00, 
0x00, 0x00, 0x91, 0xFF, 0xFF, 0xCD, 0x0A, 0x00, 0x00, 0x00, 0xB2, 0xFF, 0xA0, 0x00, 0x00, 0x7A, 
0xFF, 0xFF, 0x41, 0x00, 0x00, 0x00, 0x00, 0xA2, 0xFF, 0xFB, 0x29, 0x00, 0x00, 0x00, 0x00, 0xC0, 
0xFF, 0x85, 0x00, 0x00, 0xAD, 0xFF, 0xC0, 0x00, 0x00, 0x00, 0x00, 0x00, 0xCE, 0xFF, 0xA4, 0x00, 
0x00, 0x00, 0x00, 0x00, 0xEA, 0xFF, 0x58, 0x00, 0x00, 0xE0, 0xFF, 0x68, 0x00, 0x00, 0x00, 0x00, 
0x07, 0xFA, 0xFF, 0x4C, 0x00, 0x00, 0x00, 0x00, 0x1E, 0xFF, 0xFF, 0x24, 0x00, 0x14, 0xFF, 0xFF, 
0x2A, 0x00, 0x00, 0x00, 0x00, 0x35, 0xFF, 0xFE, 0x0F, 0x00, 0x00, 0x00, 0x00, 0x51, 0xFF, 0xF0, 
0x01, 0x00, 0x47, 0xFF, 0xF4, 0x02, 0x00, 0x00, 0x00, 0x00, 0x68, 0xFF, 0xDB, 0x00, 0x00, 0x00, 
0x00, 0x00, 0x84, 0xFF, 0xBD, 0x00, 0x00, 0x7A, 0xFF, 0xC4, 0x00, 0x00, 0x00, 0x00, 0x00, 0x9B, 
0xFF, 0xA8, 0x00, 0x00, 0x00, 0x00, 0x00, 0xB7, 0xFF, 0x8A, 0x00, 0x00, 0xAD, 0xFF, 0x91, 0x00, 
0x00, 0x00, 0x00, 0x00, 0xCE, 0xFF, 0x75, 0x00, 0x00, 0x00, 0x00, 0x00, 0xE9, 0xFF, 0x56, 0x00, 
0x00, 0xE1, 0xFF, 0x5E, 0x00, 0x00, 0x00, 0x00, 0x06, 0xFA, 0xFF, 0x42, 0x00, 0x00, 0x00, 0x00, 
0x1D, 0xFF, 0xFF, 0x23, 0x00, 0x0E, 0xFF, 0xFD, 0x27, 0x00, 0x00, 0x00, 0x00, 0x2C, 0xFF, 0xF7, 
0x10, 0x00, 0x00, 0x00, 0x00, 0x49, 0xFF, 0xE8, 0x00, 0x00, 0x00, 0x0D, 0x0A, 0x00, 0x00, 0x00, 
0x00, 0x00, 0x00, 0x0F, 0x08, 0x00, 0x00, 0x00, 0x00, 0x00, 0x00, 0x11, 0x06, 0x00, 0x00, 0x00, 
0x00, 0x0C, 0x08, 0x00, 0x00, 0x00, 0x00, 0x00, 0x00, 0x00, 0x10, 0x04, 0x00, 0x3E, 0xFF, 0xF7, 
0x07, 0x00, 0x00, 0x00, 0x00, 0x00, 0xA6, 0xFF, 0xA7, 0x00, 0x26, 0xFF, 0xFF, 0x2C, 0x00, 0x00, 
0x00, 0x00, 0x0E, 0xF7, 0xFF, 0x5D, 0x00, 0x03, 0xF7, 0xFF, 0x55, 0x00, 0x00, 0x00, 0x00, 0x5E, 
0xFF, 0xF2, 0x0A, 0x00, 0x00, 0xCF, 0xFF, 0x7E, 0x00, 0x00, 0x00, 0x00, 0xC1, 0xFF, 0x98, 0x00, 
0x00, 0x00, 0xA4, 0xFF, 0xA6, 0x00, 0x00, 0x00, 0x2B, 0xFF, 0xFE, 0x29, 0x00, 0x00, 0x00, 0x79, 
0xFF, 0xCF, 0x00, 0x00, 0x00, 0x99, 0xFF, 0xB6, 0x00, 0x00, 0x00, 0x00, 0x4D, 0xFF, 0xF6, 0x01, 
0x00, 0x1E, 0xF9, 0xFF, 0x3F, 0x00, 0x00, 0x00, 0x00, 0x22, 0xFF, 0xFF, 0x20, 0x00, 0x99, 0xFF, 
0xB5, 0x00, 0x00, 0x00, 0x00, 0x00, 0x01, 0xF5, 0xFF, 0x49, 0x2E, 0xFB, 0xFD, 0x2E, 0x00, 0x00, 
0x00, 0x00, 0x00, 0x00, 0xCC, 0xFF, 0x74, 0xC8, 0xFF, 0x9C, 0x00, 0x00, 0x00, 0x00, 0x00, 0x00, 
0x00, 0xA0, 0xFF, 0xEA, 0xFF, 0xE9, 0x11, 0x00, 0x00, 0x00, 0x00, 0x00, 0x00, 0x00, 0x75, 0xFF, 
0xFF, 0xFF, 0x4E, 0x00, 0x00, 0x00, 0x00, 0x00, 0x00, 0x00, 0x00, 0x4A, 0xFF, 0xFF, 0x98, 0x00, 
0x00, 0x00, 0x00, 0x00, 0x00, 0x00, 0x00, 0x00, 0x98, 0xFF, 0xD4, 0x09, 0x00, 0x00, 0x00, 0x00, 
0x00, 0x00, 0x00, 0x00, 0x5E, 0xFF, 0xF6, 0x2B, 0x00, 0x00, 0x00, 0x00, 0x00, 0x00, 0x00, 0x00, 
0x2F, 0xF6, 0xFF, 0x65, 0x00, 0x00, 0x00, 0x00, 0x00, 0x00, 0x00, 0x00, 0x10, 0xDC, 0xFF, 0xA9, 
0x00, 0x00, 0x00, 0x00, 0x00, 0x00, 0x00, 0x00, 0x00, 0x84, 0xF8, 0xC5, 0x0F, 0x00, 0x00, 0x00, 
0x00, 0x00, 0x00, 0x00, 0x00, 0x00, 0x00, 0x00, 0x00, 0x00, 0x00, 0x00, 0x00, 0x00, 0x00, 0x00, 
0x05, 0x17, 0x01, 0x00, 0x00, 0x00, 0x00, 0x00, 0x00, 0x00, 0x00, 0x00, 0x00, 0x00, 0x00, 0x00, 
0x00, 0x00, 0xD2, 0xFF, 0x5C, 0x00, 0x00, 0x00, 0x00, 0x00, 0x00, 0x00, 0x00, 0x00, 0x00, 0x00, 
0x00, 0x00, 0x00, 0x10, 0xFE, 0xFF, 0x2F, 0x00, 0x00, 0x00, 0x00, 0x00, 0x00, 0x00, 0x00, 0x00, 
0x00, 0x00, 0x00, 0x00, 0x00, 0x44, 0xFF, 0xF8, 0x04, 0x00, 0x00, 0x00, 0x00, 0x00, 0x00, 0x00, 
0x00, 0x00, 0x00, 0x00, 0x00, 0x00, 0x00, 0x78, 0xFF, 0xCA, 0x00, 0x00, 0x00, 0x00, 0x00, 0x00, 
0x00, 0x00, 0x00, 0x00, 0x00, 0x00, 0x00, 0x00, 0x00, 0xAC, 0xFF, 0x97, 0x00, 0x00, 0x00, 0x00, 
0x00, 0x00, 0x00, 0x00, 0x00, 0x00, 0x02, 0x2D, 0x3C, 0x11, 0x00, 0xDF, 0xFF, 0x5F, 0x00, 0x20, 
0x39, 0x11, 0x00, 0x00, 0x00, 0x00, 0x00, 0x4D, 0xE1, 0xFF, 0xFF, 0xF9, 0x7F, 0xFF, 0xFE, 0x2F, 
0xAD, 0xFF, 0xFF, 0xFC, 0x7B, 0x00, 0x00, 0x00, 0x57, 0xFD, 0xFF, 0xD6, 0xB6, 0xF2, 0xFF, 0xFF, 
0xCC, 0xD6, 0xFC, 0xBD, 0xDC, 0xFF, 0xFF, 0x3D, 0x00, 0x19, 0xEF, 0xFF, 0x9A, 0x01, 0x00, 0x16, 
0xD6, 0xFF, 0xEE, 0xEC, 0x34, 0x00, 0x0A, 0xEA, 0xFF, 0x89, 0x00, 0x9F, 0xFF, 0xD5, 0x03, 0x00, 
0x00, 0x00, 0xB0, 0xFF, 0xFF, 0x47, 0x00, 0x00, 0x00, 0xB9, 0xFF, 0xA2, 0x0D, 0xF5, 0xFF, 0x58, 
0x00, 0x00, 0x00, 0x00, 0xE2, 0xFF, 0xB5, 0x00, 0x00, 0x00, 0x00, 0xBC, 0xFF, 0x99, 0x5D, 0xFF, 
0xF5, 0x0A, 0x00, 0x00, 0x00, 0x14, 0xFF, 0xFF, 0x4C, 0x00, 0x00, 0x00, 0x00, 0xD5, 0xFF, 0x82, 
0x98, 0xFF, 0xBB, 0x00, 0x00, 0x00, 0x00, 0x4D, 0xFF, 0xF8, 0x09, 0x00, 0x00, 0x00, 0x06, 0xFB, 
0xFF, 0x50, 0xCB, 0xFF, 0x8C, 0x00, 0x00, 0x00, 0x00, 0x98, 0xFF, 0xC8, 0x00, 0x00, 0x00, 0x00, 
0x43, 0xFF, 0xFE, 0x17, 0xE4, 0xFF, 0x72, 0x00, 0x00, 0x00, 0x0F, 0xF0, 0xFF, 0x96, 0x00, 0x00, 
0x00, 0x00, 0x98, 0xFF, 0xBC, 0x00, 0xED, 0xFF, 0x70, 0x00, 0x00, 0x00, 0x8F, 0xFF, 0xFF, 0x63, 
0x00, 0x00, 0x00, 0x1D, 0xF8, 0xFF, 0x56, 0x00, 0xD4, 0xFF, 0xAA, 0x00, 0x00, 0x69, 0xFE, 0xE9, 
0xFF, 0x9C, 0x03, 0x00, 0x10, 0xCB, 0xFF, 0xC0, 0x01, 0x00, 0x85, 0xFF, 0xFF, 0xC5, 0xD0, 0xFF, 
0xA7, 0xF3, 0xFF, 0xFF, 0xDD, 0xB4, 0xEA, 0xFF, 0xEB, 0x23, 0x00, 0x00, 0x0E, 0xB7, 0xFF, 0xFF, 
0xF9, 0x80, 0x62, 0xFF, 0xCE, 0xAA, 0xFF, 0xFF, 0xFF, 0xC1, 0x25, 0x00, 0x00, 0x00, 0x00, 0x00, 
0x2A, 0x3D, 0x12, 0x00, 0xA4, 0xFF, 0x96, 0x00, 0x23, 0x3E, 0x20, 0x00, 0x00, 0x00, 0x00, 0x00, 
0x00, 0x00, 0x00, 0x00, 0x00, 0x00, 0xDF, 0xFF, 0x63, 0x00, 0x00, 0x00, 0x00, 0x00, 0x00, 0x00, 
0x00, 0x00, 0x00, 0x00, 0x00, 0x00, 0x00, 0x13, 0xFF, 0xFF, 0x30, 0x00, 0x00, 0x00, 0x00, 0x00, 
0x00, 0x00, 0x00, 0x00, 0x00, 0x00, 0x00, 0x00, 0x00, 0x46, 0xFF, 0xF8, 0x05, 0x00, 0x00, 0x00, 
0x00, 0x00, 0x00, 0x00, 0x00, 0x00, 0x00, 0x00, 0x00, 0x00, 0x00, 0x64, 0xF8, 0xB3, 0x00, 0x00, 
0x00, 0x00, 0x00, 0x00, 0x00, 0x00, 0x00, 0x00, 0x00, 0x00, 0x00, 0x07, 0x0F, 0x00, 0x00, 0x00, 
0x00, 0x00, 0x00, 0x03, 0x10, 0x02, 0x00, 0x00, 0x00, 0xDB, 0xFF, 0x84, 0x00, 0x00, 0x00, 0x00, 
0x25, 0xEA, 0xFF, 0x67, 0x00, 0x00, 0x00, 0x7E, 0xFF, 0xEC, 0x08, 0x00, 0x00, 0x0D, 0xD5, 0xFF, 
0xA7, 0x00, 0x00, 0x00, 0x00, 0x15, 0xF7, 0xFF, 0x63, 0x00, 0x01, 0xAE, 0xFF, 0xCA, 0x08, 0x00, 
0x00, 0x00, 0x00, 0x00, 0x9D, 0xFF, 0xD0, 0x00, 0x7E, 0xFF, 0xE4, 0x1A, 0x00, 0x00, 0x00, 0x00, 
0x00, 0x00, 0x2C, 0xFF, 0xFF, 0x88, 0xFE, 0xF6, 0x34, 0x00, 0x00, 0x00, 0x00, 0x00, 0x00, 0x00, 
0x00, 0xBB, 0xFF, 0xFF, 0xFF, 0x57, 0x00, 0x00, 0x00, 0x00, 0x00, 0x00, 0x00, 0x00, 0x00, 0x91, 
0xFF, 0xFF, 0xC1, 0x00, 0x00, 0x00, 0x00, 0x00, 0x00, 0x00, 0x00, 0x00, 0x57, 0xFE, 0xFC, 0xFF, 
0xFC, 0x1F, 0x00, 0x00, 0x00, 0x00, 0x00, 0x00, 0x00, 0x37, 0xF7, 0xFE, 0x55, 0xDF, 0xFF, 0x8E, 
0x00, 0x00, 0x00, 0x00, 0x00, 0x00, 0x1E, 0xE8, 0xFF, 0x85, 0x00, 0x76, 0xFF, 0xF2, 0x0E, 0x00, 
0x00, 0x00, 0x00, 0x0D, 0xD2, 0xFF, 0xB7, 0x02, 0x00, 0x12, 0xF6, 0xFF, 0x73, 0x00, 0x00, 0x00, 
0x03, 0xB4, 0xFF, 0xDC, 0x11, 0x00, 0x00, 0x00, 0x9E, 0xFF, 0xE1, 0x04, 0x00, 0x00, 0x75, 0xFF, 
0xEF, 0x2C, 0x00, 0x00, 0x00, 0x00, 0x31, 0xFE, 0xFF, 0x40, 0x00, 0x00, 0x03, 0x12, 0x04, 0x00, 
0x00, 0x00, 0x00, 0x00, 0x00, 0x0C, 0x0D, 0x00, 0x00, 0x00, 0x00, 0x00, 0x02, 0x10, 0x01, 0x00, 
0x00, 0x00, 0x00, 0x00, 0x01, 0x10, 0x02, 0x00, 0x00, 0xB9, 0xFF, 0x76, 0x00, 0x00, 0x00, 0x00, 
0x00, 0xAF, 0xFF, 0x83, 0x00, 0x02, 0xF3, 0xFF, 0x4D, 0x00, 0x00, 0x00, 0x00, 0x00, 0xEB, 0xFF, 
0x59, 0x00, 0x29, 0xFF, 0xFF, 0x1A, 0x00, 0x00, 0x00, 0x00, 0x1F, 0xFF, 0xFF, 0x25, 0x00, 0x5C, 
0xFF, 0xE7, 0x00, 0x00, 0x00, 0x00, 0x00, 0x53, 0xFF, 0xF1, 0x01, 0x00, 0x8F, 0xFF, 0xB4, 0x00, 
0x00, 0x00, 0x00, 0x00, 0x87, 0xFF, 0xBF, 0x00, 0x00, 0xC2, 0xFF, 0x81, 0x00, 0x00, 0x00, 0x00, 
0x00, 0xBB, 0xFF, 0x8B, 0x00, 0x01, 0xF2, 0xFF, 0x4F, 0x00, 0x00, 0x00, 0x00, 0x07, 0xF5, 0xFF, 
0x58, 0x00, 0x27, 0xFF, 0xFF, 0x1C, 0x00, 0x00, 0x00, 0x00, 0x59, 0xFF, 0xFF, 0x25, 0x00, 0x56, 
0xFF, 0xEF, 0x00, 0x00, 0x00, 0x00, 0x04, 0xD5, 0xFF, 0xF0, 0x01, 0x00, 0x72, 0xFF, 0xE0, 0x00, 
0x00, 0x00, 0x00, 0x89, 0xFF, 0xFF, 0xC2, 0x00, 0x00, 0x65, 0xFF, 0xFA, 0x1B, 0x00, 0x06, 0x8A, 
0xFF, 0xDC, 0xFF, 0xC5, 0x04, 0x00, 0x29, 0xFD, 0xFF, 0xE6, 0xB6, 0xE9, 0xFF, 0xA2, 0x85, 0xFF, 
0xFF, 0xFA, 0x7B, 0x00, 0x71, 0xFA, 0xFF, 0xFF, 0xE6, 0x6A, 0x00, 0x25, 0xD7, 0xFF, 0xFF, 0x64, 
0x00, 0x00, 0x14, 0x3D, 0x32, 0x04, 0x00, 0x00, 0x00, 0x00, 0xAE, 0xFF, 0x31, 0x00, 0x00, 0x00, 
0x00, 0x00, 0x00, 0x00, 0x00, 0x00, 0x00, 0xE1, 0xF8, 0x05, 0x00, 0x00, 0x00, 0x00, 0x00, 0x00, 
0x00, 0x00, 0x00, 0x16, 0xFF, 0xCA, 0x00, 0x00, 0x00, 0x00, 0x00, 0x00, 0x00, 0x00, 0x00, 0x00, 
0x4C, 0xFF, 0x97, 0x00, 0x00, 0x00, 0x00, 0x00, 0x00, 0x00, 0x00, 0x00, 0x00, 0x2B, 0x79, 0x2C, 
0x00, 0x00, 0x03, 0x0F, 0x00, 0x00, 0x00, 0x00, 0x00, 0x00, 0x05, 0x0E, 0x00, 0x00, 0xD9, 0xFF, 
0x5A, 0x00, 0x00, 0x00, 0x00, 0x07, 0xF2, 0xFF, 0x3A, 0x15, 0xFF, 0xFF, 0x30, 0x00, 0x00, 0x00, 
0x00, 0x36, 0xFF, 0xFF, 0x12, 0x48, 0xFF, 0xF7, 0x04, 0x00, 0x00, 0x00, 0x00, 0x89, 0xFF, 0xDD, 
0x00, 0x77, 0xFF, 0xC8, 0x00, 0x00, 0x00, 0x00, 0x09, 0xE3, 0xFF, 0xAA, 0x00, 0x9D, 0xFF, 0xAB, 
0x00, 0x00, 0x00, 0x00, 0x90, 0xFF, 0xFF, 0x76, 0x00, 0xA1, 0xFF, 0xC8, 0x00, 0x00, 0x00, 0x69, 
0xFE, 0xFF, 0xFF, 0x43, 0x00, 0x76, 0xFF, 0xFF, 0x96, 0x74, 0xC0, 0xFF, 0xD2, 0xFF, 0xFF, 0x11, 
0x00, 0x0D, 0xD3, 0xFF, 0xFF, 0xFF, 0xF8, 0x86, 0x66, 0xFF, 0xDC, 0x00, 0x00, 0x00, 0x05, 0x4C, 
0x6E, 0x59, 0x14, 0x00, 0x94, 0xFF, 0xA9, 0x00, 0x00, 0x00, 0x00, 0x00, 0x00, 0x00, 0x00, 0x00, 
0xC7, 0xFF, 0x75, 0x00, 0x00, 0x00, 0x00, 0x00, 0x00, 0x00, 0x00, 0x03, 0xF6, 0xFF, 0x42, 0x00, 
0x00, 0x00, 0x00, 0x00, 0x00, 0x00, 0x00, 0x2D, 0xFF, 0xFE, 0x10, 0x00, 0x00, 0x00, 0x00, 0x00, 
0x00, 0x00, 0x00, 0x5A, 0xFF, 0xD4, 0x00, 0x00, 0x00, 0x00, 0x00, 0x00, 0x00, 0x00, 0x00, 0x01, 
0x12, 0x05, 0x00, 0x00, 0x00, 0x00, 0x00, 0x01, 0x10, 0x02, 0x00, 0x00, 0x00, 0x00, 0x00, 0x06, 
0x0D, 0x00, 0x00, 0x00, 0x00, 0x00, 0x00, 0x0C, 0x07, 0x00, 0x00, 0xAB, 0xFF, 0x80, 0x00, 0x00, 
0x00, 0x00, 0x0A, 0xF4, 0xFF, 0x2C, 0x00, 0x00, 0x00, 0x00, 0x56, 0xFF, 0xDB, 0x00, 0x00, 0xE6, 
0xFF, 0x55, 0x00, 0x00, 0x00, 0x00, 0x3B, 0xFF, 0xFA, 0x07, 0x00, 0x00, 0x00, 0x00, 0x93, 0xFF, 
0xB0, 0x00, 0x19, 0xFF, 0xFF, 0x23, 0x00, 0x00, 0x00, 0x00, 0x6E, 0xFF, 0xCF, 0x00, 0x00, 0x00, 
0x00, 0x00, 0xC6, 0xFF, 0x7D, 0x00, 0x4D, 0xFF, 0xEF, 0x01, 0x00, 0x00, 0x00, 0x00, 0xA1, 0xFF, 
0x9C, 0x00, 0x00, 0x00, 0x00, 0x03, 0xF5, 0xFF, 0x49, 0x00, 0x80, 0xFF, 0xBD, 0x00, 0x00, 0x00, 
0x00, 0x00, 0xD4, 0xFF, 0x69, 0x00, 0x00, 0x00, 0x00, 0x2C, 0xFF, 0xFF, 0x15, 0x00, 0xB3, 0xFF, 
0x8B, 0x00, 0x00, 0x00, 0x00, 0x0A, 0xFC, 0xFF, 0x37, 0x00, 0x00, 0x00, 0x00, 0x5F, 0xFF, 0xE1, 
0x00, 0x00, 0xE6, 0xFF, 0x58, 0x00, 0x00, 0x00, 0x00, 0x46, 0xFF, 0xFB, 0x08, 0x00, 0x00, 0x00, 
0x00, 0x9D, 0xFF, 0xAE, 0x00, 0x19, 0xFF, 0xFF, 0x25, 0x00, 0x00, 0x00, 0x00, 0xA0, 0xFF, 0xD1, 
0x00, 0x00, 0x00, 0x00, 0x08, 0xED, 0xFF, 0x7A, 0x00, 0x48, 0xFF, 0xF7, 0x02, 0x00, 0x00, 0x00, 
0x2E, 0xFA, 0xFF, 0xA6, 0x00, 0x00, 0x00, 0x00, 0x7D, 0xFF, 0xFF, 0x46, 0x00, 0x62, 0xFF, 0xE9, 
0x00, 0x00, 0x00, 0x06, 0xCC, 0xFF, 0xFF, 0x95, 0x00, 0x00, 0x00, 0x2C, 0xF9, 0xFF, 0xFF, 0x13, 
0x00, 0x57, 0xFF, 0xFD, 0x1E, 0x00, 0x12, 0xB6, 0xFA, 0xCC, 0xFF, 0xC5, 0x00, 0x00, 0x38, 0xE6, 
0xE2, 0xFF, 0xDF, 0x00, 0x00, 0x20, 0xFB, 0xFF, 0xE5, 0xB7, 0xF2, 0xFA, 0x5C, 0x66, 0xFF, 0xFF, 
0xCB, 0xC5, 0xFE, 0xE1, 0x6F, 0xFF, 0xAB, 0x00, 0x00, 0x00, 0x6E, 0xFB, 0xFF, 0xFF, 0xC9, 0x39, 
0x00, 0x05, 0xB3, 0xFF, 0xFF, 0xFD, 0x9F, 0x17, 0x78, 0xFF, 0x72, 0x00, 0x00, 0x00, 0x00, 0x10, 
0x38, 0x28, 0x00, 0x00, 0x00, 0x00, 0x00, 0x20, 0x3C, 0x16, 0x00, 0x00, 0x03, 0x11, 0x00, 0x00, 
0x00, 0x00, 0x00, 0x01, 0x10, 0x02, 0x00, 0x00, 0x00, 0x00, 0x00, 0x06, 0x0D, 0x00, 0x00, 0x00, 
0x00, 0x00, 0x00, 0x0C, 0x07, 0x00, 0x00, 0xAB, 0xFF, 0x80, 0x00, 0x00, 0x00, 0x00, 0x0A, 0xF4, 
0xFF, 0x2C, 0x00, 0x00, 0x00, 0x00, 0x56, 0xFF, 0xDB, 0x00, 0x00, 0xE6, 0xFF, 0x55, 0x00, 0x00, 
0x00, 0x00, 0x3B, 0xFF, 0xFA, 0x07, 0x00, 0x00, 0x00, 0x00, 0x92, 0xFF, 0xB0, 0x00, 0x19, 0xFF, 
0xFF, 0x23, 0x00, 0x00, 0x00, 0x00, 0x6E, 0xFF, 0xCF, 0x00, 0x00, 0x00, 0x00, 0x00, 0xC5, 0xFF, 
0x7D, 0x00, 0x4D, 0xFF, 0xEF, 0x01, 0x00, 0x00, 0x00, 0x00, 0xA1, 0xFF, 0x9C, 0x00, 0x00, 0x00, 
0x00, 0x02, 0xF4, 0xFF, 0x49, 0x00, 0x80, 0xFF, 0xBD, 0x00, 0x00, 0x00, 0x00, 0x00, 0xD5, 0xFF, 
0x69, 0x00, 0x00, 0x00, 0x00, 0x2A, 0xFF, 0xFF, 0x16, 0x00, 0xB3, 0xFF, 0x8B, 0x00, 0x00, 0x00, 
0x00, 0x0C, 0xFD, 0xFF, 0x37, 0x00, 0x00, 0x00, 0x00, 0x5D, 0xFF, 0xE2, 0x00, 0x00, 0xE6, 0xFF, 
0x58, 0x00, 0x00, 0x00, 0x00, 0x56, 0xFF, 0xFB, 0x08, 0x00, 0x00, 0x00, 0x00, 0xAA, 0xFF, 0xAF, 
0x00, 0x19, 0xFF, 0xFF, 0x25, 0x00, 0x00, 0x00, 0x00, 0xAB, 0xFF, 0xD1, 0x00, 0x00, 0x00, 0x00, 
0x0A, 0xF5, 0xFF, 0x7B, 0x00, 0x48, 0xFF, 0xF7, 0x02, 0x00, 0x00, 0x00, 0x25, 0xFA, 0xFF, 0xA6, 
0x00, 0x00, 0x00, 0x00, 0x74, 0xFF, 0xFF, 0x48, 0x00, 0x62, 0xFF, 0xE9, 0x00, 0x00, 0x00, 0x07, 
0xC6, 0xFF, 0xFF, 0x95, 0x00, 0x00, 0x00, 0x2C, 0xF5, 0xFF, 0xFF, 0x16, 0x00, 0x57, 0xFF, 0xFD, 
0x1E, 0x00, 0x14, 0xB9, 0xFA, 0xCC, 0xFF, 0xC5, 0x00, 0x00, 0x3B, 0xE7, 0xDA, 0xFF, 0xFE, 0x17, 
0x00, 0x20, 0xFB, 0xFF, 0xE5, 0xB8, 0xF3, 0xFA, 0x5C, 0x66, 0xFF, 0xFF, 0xCB, 0xC6, 0xFF, 0xDD, 
0x50, 0xFF, 0xFF, 0xFC, 0xD1, 0x00, 0x6E, 0xFB, 0xFF, 0xFF, 0xC9, 0x39, 0x00, 0x05, 0xB3, 0xFF, 
0xFF, 0xFD, 0x9E, 0x16, 0x02, 0xAB, 0xFB, 0xFF, 0xC0, 0x00, 0x00, 0x10, 0x38, 0x28, 0x00, 0x00, 
0x00, 0x00, 0x00, 0x20, 0x3C, 0x16, 0x00, 0x00, 0x00, 0x00, 0x56, 0xFF, 0x8D, 0x00, 0x00, 0x00, 
0x00, 0x00, 0x00, 0x00, 0x00, 0x00, 0x00, 0x00, 0x00, 0x00, 0x00, 0x00, 0x00, 0x00, 0x88, 0xFF, 
0x59, 0x00, 0x00, 0x00, 0x00, 0x00, 0x00, 0x00, 0x00, 0x00, 0x00, 0x00, 0x00, 0x00, 0x00, 0x00, 
0x00, 0x00, 0xBC, 0xFF, 0x26, 0x00, 0x00, 0x00, 0x00, 0x00, 0x00, 0x00, 0x00, 0x00, 0x00, 0x00, 
0x00, 0x00, 0x00, 0x00, 0x00, 0x01, 0xEF, 0xF2, 0x01, 0x00, 0x00, 0x00, 0x00, 0x00, 0x00, 0x00, 
0x00, 0x00, 0x00, 0x00, 0x00, 0x00, 0x00, 0x00, 0x00, 0x05, 0x74, 0x56, 0x00, 0x8B, 0xFF, 0xFF, 
0xFF, 0xFF, 0xFF, 0x67, 0x00, 0x00, 0x00, 0x00, 0x00, 0x00, 0xC4, 0xFF, 0xFF, 0xFF, 0xFF, 0xFF, 
0x53, 0x00, 0x00, 0x00, 0x00, 0x00, 0x00, 0x04, 0x08, 0x08, 0x2B, 0xFF, 0xFF, 0x20, 0x00, 0x00, 
0x00, 0x00, 0x00, 0x00, 0x00, 0x00, 0x00, 0x57, 0xFF, 0xED, 0x00, 0x00, 0x00, 0x00, 0x00, 0x00, 
0x00, 0x00, 0x00, 0x00, 0x8A, 0xFF, 0xDB, 0x82, 0xA1, 0xA6, 0x87, 0x4F, 0x02, 0x00, 0x00, 0x00, 
0x00, 0xBD, 0xFF, 0xFF, 0xFF, 0xFF, 0xFF, 0xFF, 0xFF, 0xC0, 0x0B, 0x00, 0x00, 0x00, 0xEF, 0xFF, 
0x94, 0x41, 0x28, 0x33, 0x8C, 0xFF, 0xFF, 0x7E, 0x00, 0x00, 0x23, 0xFF, 0xFF, 0x1B, 0x00, 0x00, 
0x00, 0x00, 0xB6, 0xFF, 0xC1, 0x00, 0x00, 0x53, 0xFF, 0xEC, 0x00, 0x00, 0x00, 0x00, 0x00, 0x9A, 
0xFF, 0xBC, 0x00, 0x00, 0x6F, 0xFF, 0xDE, 0x00, 0x00, 0x00, 0x00, 0x05, 0xDA, 0xFF, 0x8D, 0x00, 
0x00, 0x5C, 0xFF, 0xFE, 0x2D, 0x00, 0x00, 0x05, 0x93, 0xFF, 0xFA, 0x29, 0x00, 0x00, 0x11, 0xEB, 
0xFF, 0xEF, 0xA2, 0xA1, 0xDD, 0xFF, 0xFE, 0x68, 0x00, 0x00, 0x00, 0x00, 0x30, 0xCC, 0xFF, 0xFF, 
0xFF, 0xFD, 0xBF, 0x3F, 0x00, 0x00, 0x00, 0x00, 0x00, 0x00, 0x00, 0x1D, 0x39, 0x34, 0x0F, 0x00, 
0x00, 0x00, 0x00, 0x00, 0x00, 0x02, 0x10, 0x00, 0x00, 0x00, 0x00, 0x00, 0x00, 0x00, 0x00, 0x00, 
0x00, 0x00, 0x0E, 0x05, 0x00, 0x00, 0xC7, 0xFF, 0x67, 0x00, 0x00, 0x00, 0x00, 0x00, 0x00, 0x00, 
0x00, 0x00, 0x73, 0xFF, 0xBE, 0x00, 0x07, 0xFA, 0xFF, 0x3E, 0x00, 0x00, 0x00, 0x00, 0x00, 0x00, 
0x00, 0x00, 0x00, 0xAE, 0xFF, 0x95, 0x00, 0x37, 0xFF, 0xFE, 0x0D, 0x00, 0x00, 0x00, 0x00, 0x00, 
0x00, 0x00, 0x00, 0x00, 0xE1, 0xFF, 0x62, 0x00, 0x6A, 0xFF, 0xD9, 0x00, 0x00, 0x00, 0x00, 0x00, 
0x00, 0x00, 0x00, 0x00, 0x14, 0xFF, 0xFF, 0x2F, 0x00, 0x9D, 0xFF, 0xC7, 0x6F, 0x8C, 0x8B, 0x6A, 
0x2A, 0x00, 0x00, 0x00, 0x00, 0x48, 0xFF, 0xF7, 0x04, 0x00, 0xD1, 0xFF, 0xFF, 0xFF, 0xFF, 0xFF, 
0xFF, 0xFE, 0x8D, 0x00, 0x00, 0x00, 0x7B, 0xFF, 0xC8, 0x00, 0x08, 0xFB, 0xFF, 0x96, 0x4E, 0x37, 
0x4A, 0xAE, 0xFF, 0xFF, 0x4C, 0x00, 0x00, 0xAE, 0xFF, 0x95, 0x00, 0x38, 0xFF, 0xFD, 0x0D, 0x00, 
0x00, 0x00, 0x02, 0xD8, 0xFF, 0x94, 0x00, 0x00, 0xE1, 0xFF, 0x62, 0x00, 0x68, 0xFF, 0xDA, 0x00, 
0x00, 0x00, 0x00, 0x00, 0xB9, 0xFF, 0x90, 0x00, 0x14, 0xFF, 0xFF, 0x2F, 0x00, 0x85, 0xFF, 0xC8, 
0x00, 0x00, 0x00, 0x00, 0x0E, 0xEE, 0xFF, 0x60, 0x00, 0x47, 0xFF, 0xF7, 0x04, 0x00, 0x75, 0xFF, 
0xF5, 0x15, 0x00, 0x00, 0x0A, 0xA9, 0xFF, 0xE8, 0x0E, 0x00, 0x7A, 0xFF, 0xC9, 0x00, 0x00, 0x23, 
0xF9, 0xFF, 0xE5, 0x9C, 0xA5, 0xE4, 0xFF, 0xF7, 0x43, 0x00, 0x00, 0xAD, 0xFF, 0x96, 0x00, 0x00, 
0x00, 0x48, 0xDE, 0xFF, 0xFF, 0xFF, 0xF9, 0xAE, 0x29, 0x00, 0x00, 0x00, 0xD8, 0xFF, 0x5C, 0x00, 
0x00, 0x00, 0x00, 0x00, 0x25, 0x3B, 0x2F, 0x08, 0x00, 0x00, 0x00, 0x00, 0x00, 0x09, 0x0E, 0x00, 
0x00, 0x00, 0x00, 0x00, 0x02, 0x10, 0x00, 0x00, 0x00, 0x00, 0x00, 0x00, 0x00, 0x00, 0x00, 0xC7, 
0xFF, 0x68, 0x00, 0x00, 0x00, 0x00, 0x00, 0x00, 0x00, 0x07, 0xFA, 0xFF, 0x3E, 0x00, 0x00, 0x00, 
0x00, 0x00, 0x00, 0x00, 0x37, 0xFF, 0xFE, 0x0D, 0x00, 0x00, 0x00, 0x00, 0x00, 0x00, 0x00, 0x6A, 
0xFF, 0xD9, 0x00, 0x00, 0x00, 0x00, 0x00, 0x00, 0x00, 0x00, 0x9D, 0xFF, 0xD0, 0x86, 0xA2, 0xAA, 
0x8E, 0x48, 0x01, 0x00, 0x00, 0xD1, 0xFF, 0xFF, 0xFF, 0xFF, 0xFF, 0xFF, 0xFF, 0xBA, 0x0A, 0x08, 
0xFB, 0xFF, 0x87, 0x3F, 0x28, 0x36, 0x8F, 0xFF, 0xFF, 0x80, 0x38, 0xFF, 0xFE, 0x0C, 0x00, 0x00, 
0x00, 0x00, 0xB6, 0xFF, 0xC5, 0x67, 0xFF, 0xDE, 0x00, 0x00, 0x00, 0x00, 0x00, 0x96, 0xFF, 0xC0, 
0x81, 0xFF, 0xCE, 0x00, 0x00, 0x00, 0x00, 0x05, 0xD7, 0xFF, 0x90, 0x6C, 0xFF, 0xFA, 0x20, 0x00, 
0x00, 0x07, 0x98, 0xFF, 0xFA, 0x2A, 0x1B, 0xF4, 0xFF, 0xEE, 0xA7, 0xA9, 0xE2, 0xFF, 0xFE, 0x65, 
0x00, 0x00, 0x3D, 0xD6, 0xFF, 0xFF, 0xFF, 0xFC, 0xBB, 0x3C, 0x00, 0x00, 0x00, 0x00, 0x00, 0x21, 
0x3A, 0x32, 0x0D, 0x00, 0x00, 0x00, 0x00, 0x00, 0x00, 0x00, 0x00, 0x02, 0x29, 0x3D, 0x2D, 0x03, 
0x00, 0x00, 0x00, 0x00, 0x00, 0x0E, 0x8B, 0xEB, 0xFF, 0xFF, 0xFF, 0xEC, 0x6D, 0x00, 0x00, 0x00, 
0x00, 0xB5, 0xFF, 0xDC, 0xA7, 0x9A, 0xD2, 0xFF, 0xFF, 0x77, 0x00, 0x00, 0x00, 0xC9, 0x51, 0x01, 
0x00, 0x00, 0x02, 0x99, 0xFF, 0xF4, 0x0D, 0x00, 0x00, 0x00, 0x00, 0x00, 0x00, 0x00, 0x00, 0x12, 
0xFF, 0xFF, 0x48, 0x00, 0x00, 0x00, 0x00, 0x00, 0x00, 0x00, 0x00, 0x00, 0xE9, 0xFF, 0x62, 0x00, 
0x00, 0x3B, 0x84, 0x84, 0x84, 0x84, 0x84, 0x84, 0xF2, 0xFF, 0x55, 0x00, 0x00, 0xB2, 0xFF, 0xFF, 
0xFF, 0xFF, 0xFF, 0xFF, 0xFF, 0xFF, 0x34, 0x00, 0x00, 0x1A, 0x2C, 0x2C, 0x2C, 0x2C, 0x2C, 0x7E, 
0xFF, 0xF2, 0x03, 0x00, 0x00, 0x00, 0x00, 0x00, 0x00, 0x00, 0x00, 0xBC, 0xFF, 0xA2, 0x00, 0x00, 
0x00, 0x00, 0x00, 0x00, 0x00, 0x00, 0x3C, 0xFE, 0xFE, 0x2C, 0x00, 0x98, 0x60, 0x01, 0x00, 0x00, 
0x00, 0x39, 0xE9, 0xFF, 0x97, 0x00, 0x00, 0xD7, 0xFF, 0xD8, 0x9A, 0x92, 0xC0, 0xFE, 0xFF, 0xAF, 
0x06, 0x00, 0x00, 0x39, 0xC7, 0xFF, 0xFF, 0xFF, 0xFF, 0xDA, 0x64, 0x01, 0x00, 0x00, 0x00, 0x00, 
0x00, 0x15, 0x39, 0x3B, 0x1F, 0x00, 0x00, 0x00, 0x00, 0x00, 0x00, 0x00, 0x00, 0x00, 0x01, 0x10, 
0x02, 0x00, 0x00, 0x00, 0x00, 0x00, 0x00, 0x0E, 0x34, 0x3D, 0x24, 0x00, 0x00, 0x00, 0x00, 0x00, 
0x00, 0x00, 0xA8, 0xFF, 0x86, 0x00, 0x00, 0x00, 0x00, 0x2D, 0xB2, 0xFA, 0xFF, 0xFF, 0xFF, 0xE1, 
0x5C, 0x00, 0x00, 0x00, 0x00, 0x00, 0xE3, 0xFF, 0x5C, 0x00, 0x00, 0x00, 0x5A, 0xF8, 0xFF, 0xE6, 
0xAB, 0xB7, 0xEE, 0xFF, 0xFF, 0x55, 0x00, 0x00, 0x00, 0x16, 0xFF, 0xFF, 0x28, 0x00, 0x00, 0x40, 
0xFC, 0xFF, 0x8F, 0x08, 0x00, 0x00, 0x15, 0xD5, 0xFF, 0xD0, 0x00, 0x00, 0x00, 0x49, 0xFF, 0xF3, 
0x02, 0x00, 0x04, 0xDC, 0xFF, 0xA0, 0x00, 0x00, 0x00, 0x00, 0x00, 0x65, 0xFF, 0xFE, 0x0A, 0x00, 
0x00, 0x7C, 0xFF, 0xC2, 0x00, 0x00, 0x59, 0xFF, 0xF8, 0x16, 0x00, 0x00, 0x00, 0x00, 0x00, 0x46, 
0xFF, 0xFF, 0x16, 0x00, 0x00, 0xAF, 0xFF, 0xD8, 0x98, 0x98, 0xD6, 0xFF, 0xAA, 0x00, 0x00, 0x00, 
0x00, 0x00, 0x00, 0x53, 0xFF, 0xFE, 0x04, 0x00, 0x00, 0xE2, 0xFF, 0xFF, 0xFF, 0xFF, 0xFF, 0xFF, 
0x6B, 0x00, 0x00, 0x00, 0x00, 0x00, 0x00, 0x77, 0xFF, 0xE5, 0x00, 0x00, 0x16, 0xFF, 0xFF, 0x50, 
0x34, 0x3E, 0xFF, 0xFF, 0x46, 0x00, 0x00, 0x00, 0x00, 0x00, 0x00, 0xB7, 0xFF, 0xA2, 0x00, 0x00, 
0x49, 0xFF, 0xF3, 0x02, 0x00, 0x19, 0xFF, 0xFF, 0x3A, 0x00, 0x00, 0x00, 0x00, 0x00, 0x21, 0xFC, 
0xFF, 0x52, 0x00, 0x00, 0x7C, 0xFF, 0xC3, 0x00, 0x00, 0x0B, 0xFF, 0xFF, 0x59, 0x00, 0x00, 0x00, 
0x00, 0x01, 0xB1, 0xFF, 0xD0, 0x01, 0x00, 0x00, 0xAF, 0xFF, 0x90, 0x00, 0x00, 0x00, 0xD3, 0xFF, 
0xCB, 0x10, 0x00, 0x00, 0x0D, 0x9E, 0xFF, 0xF8, 0x3B, 0x00, 0x00, 0x00, 0xE2, 0xFF, 0x5D, 0x00, 
0x00, 0x00, 0x58, 0xFF, 0xFF, 0xEB, 0xB6, 0xB1, 0xED, 0xFF, 0xF9, 0x4E, 0x00, 0x00, 0x00, 0x0E, 
0xFE, 0xFC, 0x26, 0x00, 0x00, 0x00, 0x00, 0x5F, 0xE5, 0xFF, 0xFF, 0xFF, 0xFC, 0xAA, 0x22, 0x00, 
0x00, 0x00, 0x00, 0x00, 0x0B, 0x08, 0x00, 0x00, 0x00, 0x00, 0x00, 0x00, 0x01, 0x27, 0x3E, 0x36, 
0x0E, 0x00, 0x00, 0x00, 0x00, 0x00, 0x00, 0x00, 0x00, 0x00, 0x00, 0x00, 0x00, 0x00, 0x05, 0x1E, 
0x26, 0x1F, 0x11, 0x01, 0x00, 0x00, 0x00, 0x00, 0x00, 0x02, 0x63, 0xBE, 0xFB, 0xFF, 0xFF, 0xFF, 
0xFF, 0xF5, 0x37, 0x00, 0x00, 0x00, 0x07, 0xBE, 0xFF, 0xFA, 0xBB, 0x98, 0x92, 0xAC, 0xFF, 0xFF, 
0x34, 0x00, 0x00, 0x00, 0x86, 0xFF, 0xDC, 0x22, 0x00, 0x00, 0x00, 0x42, 0xFF, 0xFA, 0x07, 0x00, 
0x00, 0x00, 0xE1, 0xFF, 0x67, 0x00, 0x00, 0x00, 0x00, 0x74, 0xFF, 0xCE, 0x00, 0x00, 0x00, 0x00, 
0xF1, 0xFF, 0x5A, 0x00, 0x00, 0x00, 0x00, 0xA6, 0xFF, 0x9B, 0x00, 0x00, 0x00, 0x00, 0xAD, 0xFF, 
0xE0, 0x5F, 0x35, 0x2C, 0x2C, 0xDB, 0xFF, 0x68, 0x00, 0x00, 0x00, 0x00, 0x0E, 0x95, 0xF9, 0xFF, 
0xFF, 0xFF, 0xFF, 0xFF, 0xFF, 0x35, 0x00, 0x00, 0x00, 0x00, 0x1C, 0xC7, 0xFF, 0xDD, 0x92, 0x78, 
0x9F, 0xFF, 0xFA, 0x07, 0x00, 0x00, 0x00, 0x09, 0xD4, 0xFF, 0xA8, 0x06, 0x00, 0x00, 0x72, 0xFF, 
0xCF, 0x00, 0x00, 0x00, 0x00, 0x89, 0xFF, 0xDE, 0x09, 0x00, 0x00, 0x00, 0xA5, 0xFF, 0x9C, 0x00, 
0x00, 0x00, 0x28, 0xFA, 0xFF, 0x4E, 0x00, 0x00, 0x00, 0x00, 0xD9, 0xFF, 0x69, 0x00, 0x00, 0x00, 
0xBB, 0xFF, 0xBA, 0x00, 0x00, 0x00, 0x00, 0x0E, 0xFE, 0xFF, 0x36, 0x00, 0x00, 0x3E, 0xFF, 0xF4, 
0x29, 0x00, 0x00, 0x00, 0x00, 0x38, 0xFF, 0xF4, 0x08, 0x00, 0x00, 0x00, 0x11, 0x06, 0x00, 0x00, 
0x00, 0x00, 0x00, 0x00, 0x10, 0x08, 0x00, 0x00, 0x00, 0x00, 0x00, 0x00, 0x00, 0x76, 0xE0, 0x79, 
0x00, 0x00, 0x99, 0xE0, 0x57, 0x00, 0x00, 0x00, 0x00, 0xE2, 0xFF, 0x9C, 0x00, 0x0C, 0xFE, 0xFF, 
0x71, 0x00, 0x00, 0x00, 0x00, 0x78, 0x9B, 0x25, 0x00, 0x03, 0x90, 0x93, 0x11, 0x00, 0x00, 0x00, 
0x00, 0x00, 0x00, 0x00, 0x00, 0x00, 0x00, 0x00, 0x00, 0x00, 0x00, 0x00, 0x00, 0x00, 0x06, 0x30, 
0x3E, 0x29, 0x01, 0x00, 0x00, 0x00, 0x00, 0x00, 0x15, 0x98, 0xF4, 0xFF, 0xFF, 0xFF, 0xE2, 0x56, 
0x00, 0x00, 0x00, 0x24, 0xE6, 0xFF, 0xE6, 0x9A, 0x8D, 0xCE, 0xFF, 0xFE, 0x3D, 0x00, 0x13, 0xDA, 
0xFF, 0xA7, 0x0E, 0x00, 0x00, 0x04, 0xD3, 0xFF, 0x8E, 0x00, 0x95, 0xFF, 0xCB, 0x05, 0x00, 0x00, 
0x00, 0x00, 0xC8, 0xFF, 0x8E, 0x1A, 0xF8, 0xFF, 0x46, 0x00, 0x00, 0x00, 0x12, 0x84, 0xFF, 0xFC, 
0x34, 0x6C, 0xFF, 0xFE, 0xB1, 0xB1, 0xBA, 0xD5, 0xFC, 0xFF, 0xEF, 0x57, 0x00, 0xB0, 0xFF, 0xFA, 
0xF4, 0xEF, 0xE5, 0xCD, 0xA5, 0x63, 0x0D, 0x00, 0x00, 0xD8, 0xFF, 0x75, 0x00, 0x00, 0x00, 0x00, 
0x00, 0x00, 0x00, 0x00, 0x00, 0xED, 0xFF, 0x64, 0x00, 0x00, 0x00, 0x00, 0x00, 0x00, 0x00, 0x00, 
0x00, 0xE5, 0xFF, 0x80, 0x00, 0x00, 0x00, 0x00, 0x00, 0x00, 0x00, 0x00, 0x00, 0xB4, 0xFF, 0xE2, 
0x14, 0x00, 0x00, 0x00, 0x00, 0x20, 0x2C, 0x00, 0x00, 0x3F, 0xFD, 0xFF, 0xED, 0xA9, 0x96, 0xAA, 
0xD8, 0xFF, 0x7A, 0x00, 0x00, 0x00, 0x51, 0xDF, 0xFF, 0xFF, 0xFF, 0xFF, 0xF3, 0xA8, 0x16, 0x00, 
0x00, 0x00, 0x00, 0x01, 0x24, 0x3D, 0x3C, 0x25, 0x03, 0x00, 0x00, 0x00, 0x00, 0x00, 0x00, 0x00, 
0x00, 0x00, 0x00, 0x00, 0x00, 0x00, 0x00, 0x00, 0x00, 0x00, 0x00, 0x00, 0x00, 0x00, 0x59, 0xD3, 
0xD4, 0xD4, 0xD4, 0xD4, 0xD4, 0xD4, 0xD4, 0xD4, 0xD4, 0xD2, 0x1C, 0xAA, 0xFF, 0xFF, 0xFF, 0xFF, 
0xFF, 0xFF, 0xFF, 0xFF, 0xFF, 0xFF, 0xF2, 0x0E, 0x0C, 0x1C, 0x1C, 0x1C, 0x1C, 0x1C, 0x1C, 0x1C, 
0x1C, 0x1C, 0x1C, 0x10, 0x00, 0x00, 0x00, 0x00, 0x37, 0x97, 0xBF, 0xB9, 0x82, 0x1C, 0x00, 0x00, 
0x00, 0x00, 0x00, 0x00, 0x26, 0x81, 0xB2, 0xC9, 0xA8, 0x45, 0x00, 0x00, 0x00, 0x8C, 0xFF, 0xFF, 
0xF8, 0xFF, 0xFF, 0xFA, 0x83, 0x06, 0x00, 0x00, 0x33, 0xB6, 0xFF, 0xFF, 0xFC, 0xFD, 0xFF, 0xFF, 
0x58, 0x00, 0x66, 0xFF, 0xE1, 0x3B, 0x00, 0x15, 0x7A, 0xF5, 0xFF, 0xCB, 0x34, 0x9D, 0xFE, 0xFF, 
0xBA, 0x47, 0x07, 0x09, 0x98, 0xFF, 0xD9, 0x00, 0xDE, 0xFF, 0x43, 0x00, 0x00, 0x00, 0x00, 0x25, 
0xD0, 0xFF, 0xFF, 0xFF, 0xD7, 0x45, 0x00, 0x00, 0x00, 0x00, 0x28, 0xFF, 0xFA, 0x15, 0xFF, 0xFC, 
0x03, 0x00, 0x00, 0x00, 0x00, 0x20, 0xB9, 0xFF, 0xFF, 0xFF, 0x6C, 0x00, 0x00, 0x00, 0x00, 0x00, 
0x4A, 0xFF, 0xD3, 0x0E, 0xFF, 0xFF, 0x2A, 0x00, 0x00, 0x12, 0x84, 0xF7, 0xFF, 0xCB, 0x97, 0xFF, 
0xFF, 0xAC, 0x1C, 0x00, 0x00, 0x13, 0xCE, 0xFF, 0x72, 0x00, 0xB7, 0xFF, 0xF2, 0xAF, 0xB8, 0xF6, 
0xFF, 0xE5, 0x67, 0x02, 0x00, 0x58, 0xED, 0xFF, 0xFA, 0xBC, 0xB2, 0xEC, 0xFF, 0xBD, 0x04, 0x00, 
0x18, 0xB4, 0xFD, 0xFF, 0xFE, 0xCD, 0x69, 0x09, 0x00, 0x00, 0x00, 0x00, 0x16, 0x8C, 0xEE, 0xFF, 
0xFF, 0xEB, 0x81, 0x07, 0x00, 0x00, 0x00, 0x00, 0x0F, 0x25, 0x0B, 0x00, 0x00, 0x00, 0x00, 0x00, 
0x00, 0x00, 0x00, 0x00, 0x00, 0x1C, 0x17, 0x00, 0x00, 0x00, 0x00, 0x00, 0x00, 0x00, 0x06, 0x17, 
0x02, 0x00, 0x00, 0x00, 0x00, 0x00, 0x00, 0x00, 0x00, 0x10, 0x9D, 0xF8, 0xFF, 0xED, 0x8B, 0x11, 
0x00, 0x00, 0x05, 0x67, 0x0E, 0x00, 0xCD, 0xFF, 0xF4, 0xDD, 0xFD, 0xFF, 0xEE, 0x94, 0x81, 0xD5, 
0xFF, 0x6D, 0x00, 0x9E, 0x89, 0x0A, 0x00, 0x21, 0xA2, 0xFE, 0xFF, 0xFF, 0xFF, 0xA7, 0x0A, 0x00, 
0x00, 0x00, 0x00, 0x00, 0x00, 0x00, 0x27, 0x6B, 0x74, 0x35, 0x00, 0x00, 0x00, 0x00, 0x03, 0x12, 
0x00, 0x00, 0x00, 0x00, 0x00, 0x00, 0x00, 0x00, 0x00, 0x0F, 0x96, 0xF4, 0xFF, 0xEB, 0x85, 0x0D, 
0x00, 0x00, 0x04, 0x64, 0x0D, 0x00, 0xCC, 0xFF, 0xF6, 0xE1, 0xFE, 0xFF, 0xEA, 0x90, 0x7A, 0xD1, 
0xFF, 0x6B, 0x00, 0xA6, 0x8E, 0x0C, 0x00, 0x26, 0xA9, 0xFF, 0xFF, 0xFF, 0xFF, 0xAA, 0x0A, 0x00, 
0x00, 0x00, 0x00, 0x00, 0x00, 0x00, 0x2A, 0x6F, 0x78, 0x38, 0x00, 0x00, 0x00, 0x00, 0x00, 0x00, 
0x00, 0x00, 0x00, 0x00, 0x00, 0x00, 0x15, 0x9F, 0x92, 0x00, 0x00, 0x00, 0x00, 0x00, 0x00, 0x00, 
0x00, 0x00, 0x01, 0xB7, 0xFF, 0x79, 0x00, 0x00, 0x00, 0x00, 0x00, 0x00, 0x00, 0x00, 0x00, 0x77, 
0xFF, 0xB9, 0x01, 0x00, 0x00, 0x48, 0x80, 0x80, 0x80, 0x80, 0x80, 0x87, 0xFB, 0xFF, 0x95, 0x80, 
0x3B, 0x00, 0xDF, 0xFF, 0xFF, 0xFF, 0xFF, 0xFF, 0xFF, 0xFF, 0xFF, 0xFF, 0xFF, 0x74, 0x00, 0x5B, 
0x6C, 0x6C, 0x6C, 0x6C, 0xD5, 0xFF, 0xAD, 0x6C, 0x6C, 0x6B, 0x12, 0x00, 0x00, 0x00, 0x00, 0x00, 
0x4D, 0xFF, 0xD4, 0x09, 0x00, 0x00, 0x00, 0x00, 0x00, 0x00, 0x00, 0x00, 0x1D, 0xED, 0xF6, 0x2B, 
0x00, 0x00, 0x00, 0x00, 0x00, 0x17, 0x30, 0x30, 0x30, 0xC4, 0xFF, 0x91, 0x30, 0x30, 0x30, 0x30, 
0x0F, 0x00, 0xD6, 0xFF, 0xFF, 0xFF, 0xFF, 0xFF, 0xFF, 0xFF, 0xFF, 0xFF, 0xFF, 0x6A, 0x00, 0xAE, 
0xBC, 0xDA, 0xFF, 0xEE, 0xBC, 0xBC, 0xBC, 0xBC, 0xBC, 0xB9, 0x23, 0x00, 0x00, 0x0D, 0xDA, 0xFE, 
0x46, 0x00, 0x00, 0x00, 0x00, 0x00, 0x00, 0x00, 0x00, 0x00, 0xA4, 0xFF, 0x84, 0x00, 0x00, 0x00, 
0x00, 0x00, 0x00, 0x00, 0x00, 0x00, 0x44, 0xFF, 0xBD, 0x03, 0x00, 0x00, 0x00, 0x00, 0x00, 0x00, 
0x00, 0x00, 0x00, 0x00, 0x0C, 0x00, 0x00, 0x00, 0x00, 0x00, 0x00, 0x00, 0x00, 0x00, 0x00, 0x00, 
0x00, 0x15, 0x7A, 0x43, 0x61, 0x6C, 0x69, 0x62, 0x72, 0x69, 0x49, 0x74, 0x61, 0x6C, 0x69, 0x63, 
0x20, 0x49, 0x74, 0x61, 0x6C, 0x69, 0x63, 0x00, 0x15, 0x7A, 0x43, 0x61, 0x6C, 0x69, 0x62, 0x72, 
0x69, 0x49, 0x74, 0x61, 0x6C, 0x69, 0x63, 0x2D, 0x49, 0x74, 0x61, 0x6C, 0x69, 0x63, 0x01};