const uint8_t  zTimesNRItalic14[] PROGMEM = {
0x00, 0x00, 0x00, 0xEC, 0x00, 0x00, 0x00, 0x0B, 0x00, 0x00, 0x00, 0x0E, 0x00, 0x00, 0x00, 0x00, 
0x00, 0x00, 0x00, 0x0A, 0x00, 0x00, 0x00, 0x03, 0x00, 0x00, 0x00, 0x00, 0x00, 0x00, 0x00, 0x01, 
0x00, 0x00, 0x00, 0x01, 0x00, 0x00, 0x00, 0x00, 0x00, 0x00, 0x00, 0x1C, 0xFF, 0xFF, 0xFF, 0xF2, 
0x00, 0x00, 0x00, 0x00, 0x00, 0x00, 0x00, 0x00, 0x00, 0x00, 0x00, 0x01, 0x00, 0x00, 0x00, 0x01, 
0x00, 0x00, 0x00, 0x00, 0x00, 0x00, 0x00, 0x1C, 0xFF, 0xFF, 0xFF, 0xF2, 0x00, 0x00, 0x00, 0x00, 
0x00, 0x00, 0x00, 0x09, 0x00, 0x00, 0x00, 0x01, 0x00, 0x00, 0x00, 0x01, 0x00, 0x00, 0x00, 0x00, 
0x00, 0x00, 0x00, 0x1C, 0xFF, 0xFF, 0xFF, 0xF2, 0x00, 0x00, 0x00, 0x00, 0x00, 0x00, 0x00, 0x0A, 
0x00, 0x00, 0x00, 0x01, 0x00, 0x00, 0x00, 0x01, 0x00, 0x00, 0x00, 0x00, 0x00, 0x00, 0x00, 0x1C, 
0xFF, 0xFF, 0xFF, 0xF2, 0x00, 0x00, 0x00, 0x00, 0x00, 0x00, 0x00, 0x0D, 0x00, 0x00, 0x00, 0x01, 
0x00, 0x00, 0x00, 0x01, 0x00, 0x00, 0x00, 0x00, 0x00, 0x00, 0x00, 0x1C, 0xFF, 0xFF, 0xFF, 0xF2, 
0x00, 0x00, 0x00, 0x00, 0x00, 0x00, 0x00, 0x1D, 0x00, 0x00, 0x00, 0x01, 0x00, 0x00, 0x00, 0x01, 
0x00, 0x00, 0x00, 0x00, 0x00, 0x00, 0x00, 0x1C, 0xFF, 0xFF, 0xFF, 0xF2, 0x00, 0x00, 0x00, 0x00, 
0x00, 0x00, 0x00, 0x20, 0x00, 0x00, 0x00, 0x01, 0x00, 0x00, 0x00, 0x01, 0x00, 0x00, 0x00, 0x04, 
0x00, 0x00, 0x00, 0x1C, 0xFF, 0xFF, 0xFF, 0xF2, 0x00, 0x00, 0x00, 0x00, 0x00, 0x00, 0x00, 0x21, 
0x00, 0x00, 0x00, 0x0A, 0x00, 0x00, 0x00, 0x03, 0x00, 0x00, 0x00, 0x04, 0x00, 0x00, 0x00, 0x0A, 
0x00, 0x00, 0x00, 0x01, 0x00, 0x00, 0x00, 0x00, 0x00, 0x00, 0x00, 0x22, 0x00, 0x00, 0x00, 0x04, 
0x00, 0x00, 0x00, 0x05, 0x00, 0x00, 0x00, 0x07, 0x00, 0x00, 0x00, 0x0A, 0x00, 0x00, 0x00, 0x02, 
0x00, 0x00, 0x00, 0x00, 0x00, 0x00, 0x00, 0x23, 0x00, 0x00, 0x00, 0x0A, 0x00, 0x00, 0x00, 0x07, 
0x00, 0x00, 0x00, 0x07, 0x00, 0x00, 0x00, 0x0A, 0x00, 0x00, 0x00, 0x00, 0x00, 0x00, 0x00, 0x00, 
0x00, 0x00, 0x00, 0x24, 0x00, 0x00, 0x00, 0x0C, 0x00, 0x00, 0x00, 0x06, 0x00, 0x00, 0x00, 0x07, 
0x00, 0x00, 0x00, 0x0B, 0x00, 0x00, 0x00, 0x01, 0x00, 0x00, 0x00, 0x00, 0x00, 0x00, 0x00, 0x25, 
0x00, 0x00, 0x00, 0x0A, 0x00, 0x00, 0x00, 0x0C, 0x00, 0x00, 0x00, 0x0B, 0x00, 0x00, 0x00, 0x0A, 
0x00, 0x00, 0x00, 0x00, 0x00, 0x00, 0x00, 0x00, 0x00, 0x00, 0x00, 0x26, 0x00, 0x00, 0x00, 0x0A, 
0x00, 0x00, 0x00, 0x0B, 0x00, 0x00, 0x00, 0x0C, 0x00, 0x00, 0x00, 0x0A, 0x00, 0x00, 0x00, 0x00, 
0x00, 0x00, 0x00, 0x00, 0x00, 0x00, 0x00, 0x27, 0x00, 0x00, 0x00, 0x04, 0x00, 0x00, 0x00, 0x02, 
0x00, 0x00, 0x00, 0x03, 0x00, 0x00, 0x00, 0x0A, 0x00, 0x00, 0x00, 0x02, 0x00, 0x00, 0x00, 0x00, 
0x00, 0x00, 0x00, 0x28, 0x00, 0x00, 0x00, 0x0D, 0x00, 0x00, 0x00, 0x05, 0x00, 0x00, 0x00, 0x05, 
0x00, 0x00, 0x00, 0x0A, 0x00, 0x00, 0x00, 0x01, 0x00, 0x00, 0x00, 0x00, 0x00, 0x00, 0x00, 0x29, 
0x00, 0x00, 0x00, 0x0D, 0x00, 0x00, 0x00, 0x05, 0x00, 0x00, 0x00, 0x05, 0x00, 0x00, 0x00, 0x0A, 
0xFF, 0xFF, 0xFF, 0xFF, 0x00, 0x00, 0x00, 0x00, 0x00, 0x00, 0x00, 0x2A, 0x00, 0x00, 0x00, 0x05, 
0x00, 0x00, 0x00, 0x05, 0x00, 0x00, 0x00, 0x07, 0x00, 0x00, 0x00, 0x0A, 0x00, 0x00, 0x00, 0x02, 
0x00, 0x00, 0x00, 0x00, 0x00, 0x00, 0x00, 0x2B, 0x00, 0x00, 0x00, 0x07, 0x00, 0x00, 0x00, 0x07, 
0x00, 0x00, 0x00, 0x09, 0x00, 0x00, 0x00, 0x08, 0x00, 0x00, 0x00, 0x01, 0x00, 0x00, 0x00, 0x00, 
0x00, 0x00, 0x00, 0x2C, 0x00, 0x00, 0x00, 0x03, 0x00, 0x00, 0x00, 0x02, 0x00, 0x00, 0x00, 0x04, 
0x00, 0x00, 0x00, 0x01, 0xFF, 0xFF, 0xFF, 0xFF, 0x00, 0x00, 0x00, 0x00, 0x00, 0x00, 0x00, 0x2D, 
0x00, 0x00, 0x00, 0x01, 0x00, 0x00, 0x00, 0x05, 0x00, 0x00, 0x00, 0x05, 0x00, 0x00, 0x00, 0x04, 
0x00, 0x00, 0x00, 0x00, 0x00, 0x00, 0x00, 0x00, 0x00, 0x00, 0x00, 0x2E, 0x00, 0x00, 0x00, 0x01, 
0x00, 0x00, 0x00, 0x01, 0x00, 0x00, 0x00, 0x04, 0x00, 0x00, 0x00, 0x01, 0x00, 0x00, 0x00, 0x00, 
0x00, 0x00, 0x00, 0x00, 0x00, 0x00, 0x00, 0x2F, 0x00, 0x00, 0x00, 0x0A, 0x00, 0x00, 0x00, 0x06, 
0x00, 0x00, 0x00, 0x04, 0x00, 0x00, 0x00, 0x0A, 0xFF, 0xFF, 0xFF, 0xFF, 0x00, 0x00, 0x00, 0x00, 
0x00, 0x00, 0x00, 0x30, 0x00, 0x00, 0x00, 0x0A, 0x00, 0x00, 0x00, 0x06, 0x00, 0x00, 0x00, 0x07, 
0x00, 0x00, 0x00, 0x0A, 0x00, 0x00, 0x00, 0x01, 0x00, 0x00, 0x00, 0x00, 0x00, 0x00, 0x00, 0x31, 
0x00, 0x00, 0x00, 0x0A, 0x00, 0x00, 0x00, 0x05, 0x00, 0x00, 0x00, 0x07, 0x00, 0x00, 0x00, 0x0A, 
0x00, 0x00, 0x00, 0x01, 0x00, 0x00, 0x00, 0x00, 0x00, 0x00, 0x00, 0x32, 0x00, 0x00, 0x00, 0x0A, 
0x00, 0x00, 0x00, 0x06, 0x00, 0x00, 0x00, 0x07, 0x00, 0x00, 0x00, 0x0A, 0x00, 0x00, 0x00, 0x00, 
0x00, 0x00, 0x00, 0x00, 0x00, 0x00, 0x00, 0x33, 0x00, 0x00, 0x00, 0x0A, 0x00, 0x00, 0x00, 0x06, 
0x00, 0x00, 0x00, 0x07, 0x00, 0x00, 0x00, 0x0A, 0x00, 0x00, 0x00, 0x00, 0x00, 0x00, 0x00, 0x00, 
0x00, 0x00, 0x00, 0x34, 0x00, 0x00, 0x00, 0x0A, 0x00, 0x00, 0x00, 0x07, 0x00, 0x00, 0x00, 0x07, 
0x00, 0x00, 0x00, 0x0A, 0x00, 0x00, 0x00, 0x00, 0x00, 0x00, 0x00, 0x00, 0x00, 0x00, 0x00, 0x35, 
0x00, 0x00, 0x00, 0x0A, 0x00, 0x00, 0x00, 0x07, 0x00, 0x00, 0x00, 0x07, 0x00, 0x00, 0x00, 0x0A, 
0x00, 0x00, 0x00, 0x00, 0x00, 0x00, 0x00, 0x00, 0x00, 0x00, 0x00, 0x36, 0x00, 0x00, 0x00, 0x0A, 
0x00, 0x00, 0x00, 0x06, 0x00, 0x00, 0x00, 0x07, 0x00, 0x00, 0x00, 0x0A, 0x00, 0x00, 0x00, 0x01, 
0x00, 0x00, 0x00, 0x00, 0x00, 0x00, 0x00, 0x37, 0x00, 0x00, 0x00, 0x0A, 0x00, 0x00, 0x00, 0x06, 
0x00, 0x00, 0x00, 0x07, 0x00, 0x00, 0x00, 0x0A, 0x00, 0x00, 0x00, 0x01, 0x00, 0x00, 0x00, 0x00, 
0x00, 0x00, 0x00, 0x38, 0x00, 0x00, 0x00, 0x0A, 0x00, 0x00, 0x00, 0x06, 0x00, 0x00, 0x00, 0x07, 
0x00, 0x00, 0x00, 0x0A, 0x00, 0x00, 0x00, 0x00, 0x00, 0x00, 0x00, 0x00, 0x00, 0x00, 0x00, 0x39, 
0x00, 0x00, 0x00, 0x0A, 0x00, 0x00, 0x00, 0x06, 0x00, 0x00, 0x00, 0x07, 0x00, 0x00, 0x00, 0x0A, 
0x00, 0x00, 0x00, 0x00, 0x00, 0x00, 0x00, 0x00, 0x00, 0x00, 0x00, 0x3A, 0x00, 0x00, 0x00, 0x07, 
0x00, 0x00, 0x00, 0x02, 0x00, 0x00, 0x00, 0x05, 0x00, 0x00, 0x00, 0x07, 0x00, 0x00, 0x00, 0x01, 
0x00, 0x00, 0x00, 0x00, 0x00, 0x00, 0x00, 0x3C, 0x00, 0x00, 0x00, 0x07, 0x00, 0x00, 0x00, 0x08, 
0x00, 0x00, 0x00, 0x0A, 0x00, 0x00, 0x00, 0x08, 0x00, 0x00, 0x00, 0x01, 0x00, 0x00, 0x00, 0x00, 
0x00, 0x00, 0x00, 0x3D, 0x00, 0x00, 0x00, 0x04, 0x00, 0x00, 0x00, 0x07, 0x00, 0x00, 0x00, 0x09, 
0x00, 0x00, 0x00, 0x07, 0x00, 0x00, 0x00, 0x01, 0x00, 0x00, 0x00, 0x00, 0x00, 0x00, 0x00, 0x3E, 
0x00, 0x00, 0x00, 0x07, 0x00, 0x00, 0x00, 0x08, 0x00, 0x00, 0x00, 0x0A, 0x00, 0x00, 0x00, 0x08, 
0x00, 0x00, 0x00, 0x01, 0x00, 0x00, 0x00, 0x00, 0x00, 0x00, 0x00, 0x3F, 0x00, 0x00, 0x00, 0x0A, 
0x00, 0x00, 0x00, 0x05, 0x00, 0x00, 0x00, 0x07, 0x00, 0x00, 0x00, 0x0A, 0x00, 0x00, 0x00, 0x01, 
0x00, 0x00, 0x00, 0x00, 0x00, 0x00, 0x00, 0x40, 0x00, 0x00, 0x00, 0x0D, 0x00, 0x00, 0x00, 0x0C, 
0x00, 0x00, 0x00, 0x0D, 0x00, 0x00, 0x00, 0x0A, 0x00, 0x00, 0x00, 0x01, 0x00, 0x00, 0x00, 0x00, 
0x00, 0x00, 0x00, 0x41, 0x00, 0x00, 0x00, 0x0A, 0x00, 0x00, 0x00, 0x0A, 0x00, 0x00, 0x00, 0x09, 
0x00, 0x00, 0x00, 0x0A, 0xFF, 0xFF, 0xFF, 0xFF, 0x00, 0x00, 0x00, 0x00, 0x00, 0x00, 0x00, 0x42, 
0x00, 0x00, 0x00, 0x0A, 0x00, 0x00, 0x00, 0x0A, 0x00, 0x00, 0x00, 0x09, 0x00, 0x00, 0x00, 0x0A, 
0xFF, 0xFF, 0xFF, 0xFF, 0x00, 0x00, 0x00, 0x00, 0x00, 0x00, 0x00, 0x43, 0x00, 0x00, 0x00, 0x0A, 
0x00, 0x00, 0x00, 0x09, 0x00, 0x00, 0x00, 0x09, 0x00, 0x00, 0x00, 0x0A, 0x00, 0x00, 0x00, 0x01, 
0x00, 0x00, 0x00, 0x00, 0x00, 0x00, 0x00, 0x44, 0x00, 0x00, 0x00, 0x0A, 0x00, 0x00, 0x00, 0x0B, 
0x00, 0x00, 0x00, 0x0A, 0x00, 0x00, 0x00, 0x0A, 0xFF, 0xFF, 0xFF, 0xFF, 0x00, 0x00, 0x00, 0x00, 
0x00, 0x00, 0x00, 0x45, 0x00, 0x00, 0x00, 0x0A, 0x00, 0x00, 0x00, 0x0A, 0x00, 0x00, 0x00, 0x09, 
0x00, 0x00, 0x00, 0x0A, 0xFF, 0xFF, 0xFF, 0xFF, 0x00, 0x00, 0x00, 0x00, 0x00, 0x00, 0x00, 0x46, 
0x00, 0x00, 0x00, 0x0A, 0x00, 0x00, 0x00, 0x0B, 0x00, 0x00, 0x00, 0x09, 0x00, 0x00, 0x00, 0x0A, 
0xFF, 0xFF, 0xFF, 0xFF, 0x00, 0x00, 0x00, 0x00, 0x00, 0x00, 0x00, 0x47, 0x00, 0x00, 0x00, 0x0A, 
0x00, 0x00, 0x00, 0x0A, 0x00, 0x00, 0x00, 0x0A, 0x00, 0x00, 0x00, 0x0A, 0x00, 0x00, 0x00, 0x01, 
0x00, 0x00, 0x00, 0x00, 0x00, 0x00, 0x00, 0x48, 0x00, 0x00, 0x00, 0x0A, 0x00, 0x00, 0x00, 0x0D, 
0x00, 0x00, 0x00, 0x0A, 0x00, 0x00, 0x00, 0x0A, 0xFF, 0xFF, 0xFF, 0xFF, 0x00, 0x00, 0x00, 0x00, 
0x00, 0x00, 0x00, 0x49, 0x00, 0x00, 0x00, 0x0A, 0x00, 0x00, 0x00, 0x07, 0x00, 0x00, 0x00, 0x05, 
0x00, 0x00, 0x00, 0x0A, 0xFF, 0xFF, 0xFF, 0xFF, 0x00, 0x00, 0x00, 0x00, 0x00, 0x00, 0x00, 0x4A, 
0x00, 0x00, 0x00, 0x0A, 0x00, 0x00, 0x00, 0x08, 0x00, 0x00, 0x00, 0x06, 0x00, 0x00, 0x00, 0x0A, 
0xFF, 0xFF, 0xFF, 0xFF, 0x00, 0x00, 0x00, 0x00, 0x00, 0x00, 0x00, 0x4B, 0x00, 0x00, 0x00, 0x0A, 
0x00, 0x00, 0x00, 0x0C, 0x00, 0x00, 0x00, 0x09, 0x00, 0x00, 0x00, 0x0A, 0xFF, 0xFF, 0xFF, 0xFF, 
0x00, 0x00, 0x00, 0x00, 0x00, 0x00, 0x00, 0x4C, 0x00, 0x00, 0x00, 0x0A, 0x00, 0x00, 0x00, 0x09, 
0x00, 0x00, 0x00, 0x08, 0x00, 0x00, 0x00, 0x0A, 0xFF, 0xFF, 0xFF, 0xFF, 0x00, 0x00, 0x00, 0x00, 
0x00, 0x00, 0x00, 0x4D, 0x00, 0x00, 0x00, 0x0A, 0x00, 0x00, 0x00, 0x0F, 0x00, 0x00, 0x00, 0x0C, 
0x00, 0x00, 0x00, 0x0A, 0xFF, 0xFF, 0xFF, 0xFE, 0x00, 0x00, 0x00, 0x00, 0x00, 0x00, 0x00, 0x4E, 
0x00, 0x00, 0x00, 0x0A, 0x00, 0x00, 0x00, 0x0E, 0x00, 0x00, 0x00, 0x09, 0x00, 0x00, 0x00, 0x0A, 
0xFF, 0xFF, 0xFF, 0xFE, 0x00, 0x00, 0x00, 0x00, 0x00, 0x00, 0x00, 0x4F, 0x00, 0x00, 0x00, 0x0A, 
0x00, 0x00, 0x00, 0x09, 0x00, 0x00, 0x00, 0x0A, 0x00, 0x00, 0x00, 0x0A, 0x00, 0x00, 0x00, 0x01, 
0x00, 0x00, 0x00, 0x00, 0x00, 0x00, 0x00, 0x50, 0x00, 0x00, 0x00, 0x0A, 0x00, 0x00, 0x00, 0x0A, 
0x00, 0x00, 0x00, 0x09, 0x00, 0x00, 0x00, 0x0A, 0xFF, 0xFF, 0xFF, 0xFF, 0x00, 0x00, 0x00, 0x00, 
0x00, 0x00, 0x00, 0x51, 0x00, 0x00, 0x00, 0x0D, 0x00, 0x00, 0x00, 0x0A, 0x00, 0x00, 0x00, 0x0A, 
0x00, 0x00, 0x00, 0x0A, 0x00, 0x00, 0x00, 0x00, 0x00, 0x00, 0x00, 0x00, 0x00, 0x00, 0x00, 0x52, 
0x00, 0x00, 0x00, 0x0A, 0x00, 0x00, 0x00, 0x0A, 0x00, 0x00, 0x00, 0x09, 0x00, 0x00, 0x00, 0x0A, 
0xFF, 0xFF, 0xFF, 0xFF, 0x00, 0x00, 0x00, 0x00, 0x00, 0x00, 0x00, 0x53, 0x00, 0x00, 0x00, 0x0A, 
0x00, 0x00, 0x00, 0x08, 0x00, 0x00, 0x00, 0x07, 0x00, 0x00, 0x00, 0x0A, 0x00, 0x00, 0x00, 0x00, 
0x00, 0x00, 0x00, 0x00, 0x00, 0x00, 0x00, 0x54, 0x00, 0x00, 0x00, 0x0A, 0x00, 0x00, 0x00, 0x0A, 
0x00, 0x00, 0x00, 0x08, 0x00, 0x00, 0x00, 0x0A, 0x00, 0x00, 0x00, 0x00, 0x00, 0x00, 0x00, 0x00, 
0x00, 0x00, 0x00, 0x55, 0x00, 0x00, 0x00, 0x0A, 0x00, 0x00, 0x00, 0x0B, 0x00, 0x00, 0x00, 0x0A, 
0x00, 0x00, 0x00, 0x0A, 0x00, 0x00, 0x00, 0x01, 0x00, 0x00, 0x00, 0x00, 0x00, 0x00, 0x00, 0x56, 
0x00, 0x00, 0x00, 0x0A, 0x00, 0x00, 0x00, 0x0A, 0x00, 0x00, 0x00, 0x09, 0x00, 0x00, 0x00, 0x0A, 
0x00, 0x00, 0x00, 0x01, 0x00, 0x00, 0x00, 0x00, 0x00, 0x00, 0x00, 0x57, 0x00, 0x00, 0x00, 0x0A, 
0x00, 0x00, 0x00, 0x0D, 0x00, 0x00, 0x00, 0x0B, 0x00, 0x00, 0x00, 0x0A, 0x00, 0x00, 0x00, 0x00, 
0x00, 0x00, 0x00, 0x00, 0x00, 0x00, 0x00, 0x58, 0x00, 0x00, 0x00, 0x0A, 0x00, 0x00, 0x00, 0x0C, 
0x00, 0x00, 0x00, 0x09, 0x00, 0x00, 0x00, 0x0A, 0xFF, 0xFF, 0xFF, 0xFF, 0x00, 0x00, 0x00, 0x00, 
0x00, 0x00, 0x00, 0x59, 0x00, 0x00, 0x00, 0x0A, 0x00, 0x00, 0x00, 0x09, 0x00, 0x00, 0x00, 0x08, 
0x00, 0x00, 0x00, 0x0A, 0x00, 0x00, 0x00, 0x01, 0x00, 0x00, 0x00, 0x00, 0x00, 0x00, 0x00, 0x5A, 
0x00, 0x00, 0x00, 0x0A, 0x00, 0x00, 0x00, 0x08, 0x00, 0x00, 0x00, 0x08, 0x00, 0x00, 0x00, 0x0A, 
0x00, 0x00, 0x00, 0x00, 0x00, 0x00, 0x00, 0x00, 0x00, 0x00, 0x00, 0x5B, 0x00, 0x00, 0x00, 0x0D, 
0x00, 0x00, 0x00, 0x07, 0x00, 0x00, 0x00, 0x06, 0x00, 0x00, 0x00, 0x0A, 0x00, 0x00, 0x00, 0x00, 
0x00, 0x00, 0x00, 0x00, 0x00, 0x00, 0x00, 0x5C, 0x00, 0x00, 0x00, 0x0A, 0x00, 0x00, 0x00, 0x02, 
0x00, 0x00, 0x00, 0x04, 0x00, 0x00, 0x00, 0x0A, 0x00, 0x00, 0x00, 0x01, 0x00, 0x00, 0x00, 0x00, 
0x00, 0x00, 0x00, 0x5D, 0x00, 0x00, 0x00, 0x0D, 0x00, 0x00, 0x00, 0x08, 0x00, 0x00, 0x00, 0x06, 
0x00, 0x00, 0x00, 0x0A, 0xFF, 0xFF, 0xFF, 0xFF, 0x00, 0x00, 0x00, 0x00, 0x00, 0x00, 0x00, 0x5E, 
0x00, 0x00, 0x00, 0x04, 0x00, 0x00, 0x00, 0x07, 0x00, 0x00, 0x00, 0x06, 0x00, 0x00, 0x00, 0x09, 
0x00, 0x00, 0x00, 0x00, 0x00, 0x00, 0x00, 0x00, 0x00, 0x00, 0x00, 0x5F, 0x00, 0x00, 0x00, 0x01, 
0x00, 0x00, 0x00, 0x07, 0x00, 0x00, 0x00, 0x07, 0xFF, 0xFF, 0xFF, 0xFE, 0x00, 0x00, 0x00, 0x00, 
0x00, 0x00, 0x00, 0x00, 0x00, 0x00, 0x00, 0x60, 0x00, 0x00, 0x00, 0x02, 0x00, 0x00, 0x00, 0x02, 
0x00, 0x00, 0x00, 0x04, 0x00, 0x00, 0x00, 0x0A, 0x00, 0x00, 0x00, 0x02, 0x00, 0x00, 0x00, 0x00, 
0x00, 0x00, 0x00, 0x61, 0x00, 0x00, 0x00, 0x07, 0x00, 0x00, 0x00, 0x08, 0x00, 0x00, 0x00, 0x07, 
0x00, 0x00, 0x00, 0x07, 0x00, 0x00, 0x00, 0x00, 0x00, 0x00, 0x00, 0x00, 0x00, 0x00, 0x00, 0x62, 
0x00, 0x00, 0x00, 0x0A, 0x00, 0x00, 0x00, 0x06, 0x00, 0x00, 0x00, 0x07, 0x00, 0x00, 0x00, 0x0A, 
0x00, 0x00, 0x00, 0x00, 0x00, 0x00, 0x00, 0x00, 0x00, 0x00, 0x00, 0x63, 0x00, 0x00, 0x00, 0x07, 
0x00, 0x00, 0x00, 0x05, 0x00, 0x00, 0x00, 0x06, 0x00, 0x00, 0x00, 0x07, 0x00, 0x00, 0x00, 0x00, 
0x00, 0x00, 0x00, 0x00, 0x00, 0x00, 0x00, 0x64, 0x00, 0x00, 0x00, 0x0A, 0x00, 0x00, 0x00, 0x08, 
0x00, 0x00, 0x00, 0x07, 0x00, 0x00, 0x00, 0x0A, 0x00, 0x00, 0x00, 0x00, 0x00, 0x00, 0x00, 0x00, 
0x00, 0x00, 0x00, 0x65, 0x00, 0x00, 0x00, 0x07, 0x00, 0x00, 0x00, 0x05, 0x00, 0x00, 0x00, 0x06, 
0x00, 0x00, 0x00, 0x07, 0x00, 0x00, 0x00, 0x00, 0x00, 0x00, 0x00, 0x00, 0x00, 0x00, 0x00, 0x66, 
0x00, 0x00, 0x00, 0x0D, 0x00, 0x00, 0x00, 0x09, 0x00, 0x00, 0x00, 0x05, 0x00, 0x00, 0x00, 0x0A, 
0xFF, 0xFF, 0xFF, 0xFE, 0x00, 0x00, 0x00, 0x00, 0x00, 0x00, 0x00, 0x67, 0x00, 0x00, 0x00, 0x0A, 
0x00, 0x00, 0x00, 0x08, 0x00, 0x00, 0x00, 0x07, 0x00, 0x00, 0x00, 0x07, 0x00, 0x00, 0x00, 0x00, 
0x00, 0x00, 0x00, 0x00, 0x00, 0x00, 0x00, 0x68, 0x00, 0x00, 0x00, 0x0A, 0x00, 0x00, 0x00, 0x07, 
0x00, 0x00, 0x00, 0x07, 0x00, 0x00, 0x00, 0x0A, 0x00, 0x00, 0x00, 0x00, 0x00, 0x00, 0x00, 0x00, 
0x00, 0x00, 0x00, 0x69, 0x00, 0x00, 0x00, 0x09, 0x00, 0x00, 0x00, 0x04, 0x00, 0x00, 0x00, 0x04, 
0x00, 0x00, 0x00, 0x09, 0x00, 0x00, 0x00, 0x00, 0x00, 0x00, 0x00, 0x00, 0x00, 0x00, 0x00, 0x6A, 
0x00, 0x00, 0x00, 0x0C, 0x00, 0x00, 0x00, 0x05, 0x00, 0x00, 0x00, 0x04, 0x00, 0x00, 0x00, 0x09, 
0xFF, 0xFF, 0xFF, 0xFE, 0x00, 0x00, 0x00, 0x00, 0x00, 0x00, 0x00, 0x6B, 0x00, 0x00, 0x00, 0x0A, 
0x00, 0x00, 0x00, 0x07, 0x00, 0x00, 0x00, 0x07, 0x00, 0x00, 0x00, 0x0A, 0x00, 0x00, 0x00, 0x00, 
0x00, 0x00, 0x00, 0x00, 0x00, 0x00, 0x00, 0x6C, 0x00, 0x00, 0x00, 0x0A, 0x00, 0x00, 0x00, 0x04, 
0x00, 0x00, 0x00, 0x04, 0x00, 0x00, 0x00, 0x0A, 0x00, 0x00, 0x00, 0x00, 0x00, 0x00, 0x00, 0x00, 
0x00, 0x00, 0x00, 0x6D, 0x00, 0x00, 0x00, 0x07, 0x00, 0x00, 0x00, 0x0B, 0x00, 0x00, 0x00, 0x0A, 
0x00, 0x00, 0x00, 0x07, 0xFF, 0xFF, 0xFF, 0xFF, 0x00, 0x00, 0x00, 0x00, 0x00, 0x00, 0x00, 0x6E, 
0x00, 0x00, 0x00, 0x07, 0x00, 0x00, 0x00, 0x07, 0x00, 0x00, 0x00, 0x07, 0x00, 0x00, 0x00, 0x07, 
0x00, 0x00, 0x00, 0x00, 0x00, 0x00, 0x00, 0x00, 0x00, 0x00, 0x00, 0x6F, 0x00, 0x00, 0x00, 0x07, 
0x00, 0x00, 0x00, 0x06, 0x00, 0x00, 0x00, 0x07, 0x00, 0x00, 0x00, 0x07, 0x00, 0x00, 0x00, 0x00, 
0x00, 0x00, 0x00, 0x00, 0x00, 0x00, 0x00, 0x70, 0x00, 0x00, 0x00, 0x0A, 0x00, 0x00, 0x00, 0x08, 
0x00, 0x00, 0x00, 0x07, 0x00, 0x00, 0x00, 0x07, 0xFF, 0xFF, 0xFF, 0xFE, 0x00, 0x00, 0x00, 0x00, 
0x00, 0x00, 0x00, 0x71, 0x00, 0x00, 0x00, 0x0A, 0x00, 0x00, 0x00, 0x08, 0x00, 0x00, 0x00, 0x07, 
0x00, 0x00, 0x00, 0x07, 0x00, 0x00, 0x00, 0x00, 0x00, 0x00, 0x00, 0x00, 0x00, 0x00, 0x00, 0x72, 
0x00, 0x00, 0x00, 0x07, 0x00, 0x00, 0x00, 0x05, 0x00, 0x00, 0x00, 0x05, 0x00, 0x00, 0x00, 0x07, 
0x00, 0x00, 0x00, 0x00, 0x00, 0x00, 0x00, 0x00, 0x00, 0x00, 0x00, 0x73, 0x00, 0x00, 0x00, 0x07, 
0x00, 0x00, 0x00, 0x04, 0x00, 0x00, 0x00, 0x05, 0x00, 0x00, 0x00, 0x07, 0x00, 0x00, 0x00, 0x00, 
0x00, 0x00, 0x00, 0x00, 0x00, 0x00, 0x00, 0x74, 0x00, 0x00, 0x00, 0x09, 0x00, 0x00, 0x00, 0x04, 
0x00, 0x00, 0x00, 0x04, 0x00, 0x00, 0x00, 0x09, 0x00, 0x00, 0x00, 0x00, 0x00, 0x00, 0x00, 0x00, 
0x00, 0x00, 0x00, 0x75, 0x00, 0x00, 0x00, 0x07, 0x00, 0x00, 0x00, 0x07, 0x00, 0x00, 0x00, 0x07, 
0x00, 0x00, 0x00, 0x07, 0x00, 0x00, 0x00, 0x00, 0x00, 0x00, 0x00, 0x00, 0x00, 0x00, 0x00, 0x76, 
0x00, 0x00, 0x00, 0x07, 0x00, 0x00, 0x00, 0x06, 0x00, 0x00, 0x00, 0x07, 0x00, 0x00, 0x00, 0x07, 
0x00, 0x00, 0x00, 0x00, 0x00, 0x00, 0x00, 0x00, 0x00, 0x00, 0x00, 0x77, 0x00, 0x00, 0x00, 0x07, 
0x00, 0x00, 0x00, 0x08, 0x00, 0x00, 0x00, 0x09, 0x00, 0x00, 0x00, 0x07, 0x00, 0x00, 0x00, 0x00, 
0x00, 0x00, 0x00, 0x00, 0x00, 0x00, 0x00, 0x78, 0x00, 0x00, 0x00, 0x07, 0x00, 0x00, 0x00, 0x06, 
0x00, 0x00, 0x00, 0x06, 0x00, 0x00, 0x00, 0x07, 0x00, 0x00, 0x00, 0x00, 0x00, 0x00, 0x00, 0x00, 
0x00, 0x00, 0x00, 0x79, 0x00, 0x00, 0x00, 0x0A, 0x00, 0x00, 0x00, 0x07, 0x00, 0x00, 0x00, 0x06, 
0x00, 0x00, 0x00, 0x07, 0xFF, 0xFF, 0xFF, 0xFE, 0x00, 0x00, 0x00, 0x00, 0x00, 0x00, 0x00, 0x7A, 
0x00, 0x00, 0x00, 0x07, 0x00, 0x00, 0x00, 0x06, 0x00, 0x00, 0x00, 0x05, 0x00, 0x00, 0x00, 0x07, 
0xFF, 0xFF, 0xFF, 0xFF, 0x00, 0x00, 0x00, 0x00, 0x00, 0x00, 0x00, 0x7B, 0x00, 0x00, 0x00, 0x0D, 
0x00, 0x00, 0x00, 0x06, 0x00, 0x00, 0x00, 0x05, 0x00, 0x00, 0x00, 0x0A, 0x00, 0x00, 0x00, 0x01, 
0x00, 0x00, 0x00, 0x00, 0x00, 0x00, 0x00, 0x7C, 0x00, 0x00, 0x00, 0x0D, 0x00, 0x00, 0x00, 0x01, 
0x00, 0x00, 0x00, 0x04, 0x00, 0x00, 0x00, 0x0A, 0x00, 0x00, 0x00, 0x02, 0x00, 0x00, 0x00, 0x00, 
0x00, 0x00, 0x00, 0x7D, 0x00, 0x00, 0x00, 0x0D, 0x00, 0x00, 0x00, 0x06, 0x00, 0x00, 0x00, 0x05, 
0x00, 0x00, 0x00, 0x0A, 0xFF, 0xFF, 0xFF, 0xFF, 0x00, 0x00, 0x00, 0x00, 0x00, 0x00, 0x00, 0x7E, 
0x00, 0x00, 0x00, 0x02, 0x00, 0x00, 0x00, 0x07, 0x00, 0x00, 0x00, 0x08, 0x00, 0x00, 0x00, 0x05, 
0x00, 0x00, 0x00, 0x00, 0x00, 0x00, 0x00, 0x00, 0x00, 0x00, 0x00, 0xA0, 0x00, 0x00, 0x00, 0x01, 
0x00, 0x00, 0x00, 0x01, 0x00, 0x00, 0x00, 0x04, 0x00, 0x00, 0x00, 0x1C, 0xFF, 0xFF, 0xFF, 0xF2, 
0x00, 0x00, 0x00, 0x00, 0x00, 0x00, 0x00, 0xA6, 0x00, 0x00, 0x00, 0x0D, 0x00, 0x00, 0x00, 0x01, 
0x00, 0x00, 0x00, 0x04, 0x00, 0x00, 0x00, 0x0A, 0x00, 0x00, 0x00, 0x02, 0x00, 0x00, 0x00, 0x00, 
0x00, 0x00, 0x00, 0xA7, 0x00, 0x00, 0x00, 0x0D, 0x00, 0x00, 0x00, 0x06, 0x00, 0x00, 0x00, 0x07, 
0x00, 0x00, 0x00, 0x0A, 0x00, 0x00, 0x00, 0x00, 0x00, 0x00, 0x00, 0x00, 0x00, 0x00, 0x00, 0xA9, 
0x00, 0x00, 0x00, 0x0A, 0x00, 0x00, 0x00, 0x0A, 0x00, 0x00, 0x00, 0x0A, 0x00, 0x00, 0x00, 0x0A, 
0x00, 0x00, 0x00, 0x00, 0x00, 0x00, 0x00, 0x00, 0x00, 0x00, 0x00, 0xAB, 0x00, 0x00, 0x00, 0x07, 
0x00, 0x00, 0x00, 0x07, 0x00, 0x00, 0x00, 0x07, 0x00, 0x00, 0x00, 0x07, 0x00, 0x00, 0x00, 0x01, 
0x00, 0x00, 0x00, 0x00, 0x00, 0x00, 0x00, 0xAD, 0x00, 0x00, 0x00, 0x01, 0x00, 0x00, 0x00, 0x05, 
0x00, 0x00, 0x00, 0x05, 0x00, 0x00, 0x00, 0x04, 0x00, 0x00, 0x00, 0x00, 0x00, 0x00, 0x00, 0x00, 
0x00, 0x00, 0x00, 0xAE, 0x00, 0x00, 0x00, 0x0A, 0x00, 0x00, 0x00, 0x0A, 0x00, 0x00, 0x00, 0x0B, 
0x00, 0x00, 0x00, 0x0A, 0x00, 0x00, 0x00, 0x01, 0x00, 0x00, 0x00, 0x00, 0x00, 0x00, 0x00, 0xB0, 
0x00, 0x00, 0x00, 0x04, 0x00, 0x00, 0x00, 0x04, 0x00, 0x00, 0x00, 0x06, 0x00, 0x00, 0x00, 0x0A, 
0x00, 0x00, 0x00, 0x01, 0x00, 0x00, 0x00, 0x00, 0x00, 0x00, 0x00, 0xB1, 0x00, 0x00, 0x00, 0x08, 
0x00, 0x00, 0x00, 0x07, 0x00, 0x00, 0x00, 0x07, 0x00, 0x00, 0x00, 0x09, 0x00, 0x00, 0x00, 0x00, 
0x00, 0x00, 0x00, 0x00, 0x00, 0x00, 0x00, 0xB4, 0x00, 0x00, 0x00, 0x02, 0x00, 0x00, 0x00, 0x02, 
0x00, 0x00, 0x00, 0x05, 0x00, 0x00, 0x00, 0x09, 0x00, 0x00, 0x00, 0x03, 0x00, 0x00, 0x00, 0x00, 
0x00, 0x00, 0x00, 0xB7, 0x00, 0x00, 0x00, 0x01, 0x00, 0x00, 0x00, 0x01, 0x00, 0x00, 0x00, 0x04, 
0x00, 0x00, 0x00, 0x05, 0x00, 0x00, 0x00, 0x01, 0x00, 0x00, 0x00, 0x00, 0x00, 0x00, 0x00, 0xBB, 
0x00, 0x00, 0x00, 0x07, 0x00, 0x00, 0x00, 0x07, 0x00, 0x00, 0x00, 0x07, 0x00, 0x00, 0x00, 0x07, 
0xFF, 0xFF, 0xFF, 0xFF, 0x00, 0x00, 0x00, 0x00, 0x00, 0x00, 0x00, 0xD7, 0x00, 0x00, 0x00, 0x06, 
0x00, 0x00, 0x00, 0x06, 0x00, 0x00, 0x00, 0x09, 0x00, 0x00, 0x00, 0x08, 0x00, 0x00, 0x00, 0x02, 
0x00, 0x00, 0x00, 0x00, 0x00, 0x00, 0x00, 0xF7, 0x00, 0x00, 0x00, 0x05, 0x00, 0x00, 0x00, 0x07, 
0x00, 0x00, 0x00, 0x07, 0x00, 0x00, 0x00, 0x07, 0x00, 0x00, 0x00, 0x01, 0x00, 0x00, 0x00, 0x00, 
0x00, 0x00, 0x04, 0x01, 0x00, 0x00, 0x00, 0x0C, 0x00, 0x00, 0x00, 0x0A, 0x00, 0x00, 0x00, 0x09, 
0x00, 0x00, 0x00, 0x0C, 0xFF, 0xFF, 0xFF, 0xFF, 0x00, 0x00, 0x00, 0x00, 0x00, 0x00, 0x04, 0x10, 
0x00, 0x00, 0x00, 0x0A, 0x00, 0x00, 0x00, 0x0A, 0x00, 0x00, 0x00, 0x09, 0x00, 0x00, 0x00, 0x0A, 
0xFF, 0xFF, 0xFF, 0xFF, 0x00, 0x00, 0x00, 0x00, 0x00, 0x00, 0x04, 0x11, 0x00, 0x00, 0x00, 0x0A, 
0x00, 0x00, 0x00, 0x0A, 0x00, 0x00, 0x00, 0x08, 0x00, 0x00, 0x00, 0x0A, 0xFF, 0xFF, 0xFF, 0xFF, 
0x00, 0x00, 0x00, 0x00, 0x00, 0x00, 0x04, 0x12, 0x00, 0x00, 0x00, 0x0A, 0x00, 0x00, 0x00, 0x0A, 
0x00, 0x00, 0x00, 0x09, 0x00, 0x00, 0x00, 0x0A, 0xFF, 0xFF, 0xFF, 0xFF, 0x00, 0x00, 0x00, 0x00, 
0x00, 0x00, 0x04, 0x13, 0x00, 0x00, 0x00, 0x0A, 0x00, 0x00, 0x00, 0x0B, 0x00, 0x00, 0x00, 0x08, 
0x00, 0x00, 0x00, 0x0A, 0xFF, 0xFF, 0xFF, 0xFF, 0x00, 0x00, 0x00, 0x00, 0x00, 0x00, 0x04, 0x14, 
0x00, 0x00, 0x00, 0x0D, 0x00, 0x00, 0x00, 0x0C, 0x00, 0x00, 0x00, 0x09, 0x00, 0x00, 0x00, 0x0A, 
0xFF, 0xFF, 0xFF, 0xFE, 0x00, 0x00, 0x00, 0x00, 0x00, 0x00, 0x04, 0x15, 0x00, 0x00, 0x00, 0x0A, 
0x00, 0x00, 0x00, 0x0A, 0x00, 0x00, 0x00, 0x09, 0x00, 0x00, 0x00, 0x0A, 0xFF, 0xFF, 0xFF, 0xFF, 
0x00, 0x00, 0x00, 0x00, 0x00, 0x00, 0x04, 0x16, 0x00, 0x00, 0x00, 0x0A, 0x00, 0x00, 0x00, 0x0F, 
0x00, 0x00, 0x00, 0x0D, 0x00, 0x00, 0x00, 0x0A, 0xFF, 0xFF, 0xFF, 0xFF, 0x00, 0x00, 0x00, 0x00, 
0x00, 0x00, 0x04, 0x17, 0x00, 0x00, 0x00, 0x0A, 0x00, 0x00, 0x00, 0x07, 0x00, 0x00, 0x00, 0x07, 
0x00, 0x00, 0x00, 0x0A, 0x00, 0x00, 0x00, 0x00, 0x00, 0x00, 0x00, 0x00, 0x00, 0x00, 0x04, 0x18, 
0x00, 0x00, 0x00, 0x0A, 0x00, 0x00, 0x00, 0x0C, 0x00, 0x00, 0x00, 0x0A, 0x00, 0x00, 0x00, 0x0A, 
0xFF, 0xFF, 0xFF, 0xFF, 0x00, 0x00, 0x00, 0x00, 0x00, 0x00, 0x04, 0x19, 0x00, 0x00, 0x00, 0x0E, 
0x00, 0x00, 0x00, 0x0C, 0x00, 0x00, 0x00, 0x0A, 0x00, 0x00, 0x00, 0x0E, 0xFF, 0xFF, 0xFF, 0xFF, 
0x00, 0x00, 0x00, 0x00, 0x00, 0x00, 0x04, 0x1A, 0x00, 0x00, 0x00, 0x0A, 0x00, 0x00, 0x00, 0x0B, 
0x00, 0x00, 0x00, 0x09, 0x00, 0x00, 0x00, 0x0A, 0xFF, 0xFF, 0xFF, 0xFF, 0x00, 0x00, 0x00, 0x00, 
0x00, 0x00, 0x04, 0x1B, 0x00, 0x00, 0x00, 0x0A, 0x00, 0x00, 0x00, 0x0B, 0x00, 0x00, 0x00, 0x09, 
0x00, 0x00, 0x00, 0x0A, 0x00, 0x00, 0x00, 0x00, 0x00, 0x00, 0x00, 0x00, 0x00, 0x00, 0x04, 0x1C, 
0x00, 0x00, 0x00, 0x0A, 0x00, 0x00, 0x00, 0x0F, 0x00, 0x00, 0x00, 0x0C, 0x00, 0x00, 0x00, 0x0A, 
0xFF, 0xFF, 0xFF, 0xFE, 0x00, 0x00, 0x00, 0x00, 0x00, 0x00, 0x04, 0x1D, 0x00, 0x00, 0x00, 0x0A, 
0x00, 0x00, 0x00, 0x0D, 0x00, 0x00, 0x00, 0x0A, 0x00, 0x00, 0x00, 0x0A, 0xFF, 0xFF, 0xFF, 0xFF, 
0x00, 0x00, 0x00, 0x00, 0x00, 0x00, 0x04, 0x1E, 0x00, 0x00, 0x00, 0x0A, 0x00, 0x00, 0x00, 0x09, 
0x00, 0x00, 0x00, 0x0A, 0x00, 0x00, 0x00, 0x0A, 0x00, 0x00, 0x00, 0x01, 0x00, 0x00, 0x00, 0x00, 
0x00, 0x00, 0x04, 0x1F, 0x00, 0x00, 0x00, 0x0A, 0x00, 0x00, 0x00, 0x0D, 0x00, 0x00, 0x00, 0x0A, 
0x00, 0x00, 0x00, 0x0A, 0xFF, 0xFF, 0xFF, 0xFF, 0x00, 0x00, 0x00, 0x00, 0x00, 0x00, 0x04, 0x20, 
0x00, 0x00, 0x00, 0x0A, 0x00, 0x00, 0x00, 0x0A, 0x00, 0x00, 0x00, 0x09, 0x00, 0x00, 0x00, 0x0A, 
0xFF, 0xFF, 0xFF, 0xFF, 0x00, 0x00, 0x00, 0x00, 0x00, 0x00, 0x04, 0x21, 0x00, 0x00, 0x00, 0x0A, 
0x00, 0x00, 0x00, 0x09, 0x00, 0x00, 0x00, 0x09, 0x00, 0x00, 0x00, 0x0A, 0x00, 0x00, 0x00, 0x01, 
0x00, 0x00, 0x00, 0x00, 0x00, 0x00, 0x04, 0x22, 0x00, 0x00, 0x00, 0x0A, 0x00, 0x00, 0x00, 0x0A, 
0x00, 0x00, 0x00, 0x08, 0x00, 0x00, 0x00, 0x0A, 0x00, 0x00, 0x00, 0x00, 0x00, 0x00, 0x00, 0x00, 
0x00, 0x00, 0x04, 0x23, 0x00, 0x00, 0x00, 0x0A, 0x00, 0x00, 0x00, 0x0C, 0x00, 0x00, 0x00, 0x09, 
0x00, 0x00, 0x00, 0x0A, 0x00, 0x00, 0x00, 0x00, 0x00, 0x00, 0x00, 0x00, 0x00, 0x00, 0x04, 0x24, 
0x00, 0x00, 0x00, 0x0A, 0x00, 0x00, 0x00, 0x0A, 0x00, 0x00, 0x00, 0x0B, 0x00, 0x00, 0x00, 0x0A, 
0x00, 0x00, 0x00, 0x01, 0x00, 0x00, 0x00, 0x00, 0x00, 0x00, 0x04, 0x25, 0x00, 0x00, 0x00, 0x0A, 
0x00, 0x00, 0x00, 0x0C, 0x00, 0x00, 0x00, 0x09, 0x00, 0x00, 0x00, 0x0A, 0xFF, 0xFF, 0xFF, 0xFF, 
0x00, 0x00, 0x00, 0x00, 0x00, 0x00, 0x04, 0x26, 0x00, 0x00, 0x00, 0x0D, 0x00, 0x00, 0x00, 0x0C, 
0x00, 0x00, 0x00, 0x0A, 0x00, 0x00, 0x00, 0x0A, 0xFF, 0xFF, 0xFF, 0xFF, 0x00, 0x00, 0x00, 0x00, 
0x00, 0x00, 0x04, 0x27, 0x00, 0x00, 0x00, 0x0A, 0x00, 0x00, 0x00, 0x0B, 0x00, 0x00, 0x00, 0x0A, 
0x00, 0x00, 0x00, 0x0A, 0x00, 0x00, 0x00, 0x01, 0x00, 0x00, 0x00, 0x00, 0x00, 0x00, 0x04, 0x28, 
0x00, 0x00, 0x00, 0x0A, 0x00, 0x00, 0x00, 0x11, 0x00, 0x00, 0x00, 0x0F, 0x00, 0x00, 0x00, 0x0A, 
0xFF, 0xFF, 0xFF, 0xFF, 0x00, 0x00, 0x00, 0x00, 0x00, 0x00, 0x04, 0x29, 0x00, 0x00, 0x00, 0x0D, 
0x00, 0x00, 0x00, 0x11, 0x00, 0x00, 0x00, 0x0F, 0x00, 0x00, 0x00, 0x0A, 0xFF, 0xFF, 0xFF, 0xFF, 
0x00, 0x00, 0x00, 0x00, 0x00, 0x00, 0x04, 0x2A, 0x00, 0x00, 0x00, 0x0A, 0x00, 0x00, 0x00, 0x09, 
0x00, 0x00, 0x00, 0x09, 0x00, 0x00, 0x00, 0x0A, 0x00, 0x00, 0x00, 0x00, 0x00, 0x00, 0x00, 0x00, 
0x00, 0x00, 0x04, 0x2B, 0x00, 0x00, 0x00, 0x0A, 0x00, 0x00, 0x00, 0x0E, 0x00, 0x00, 0x00, 0x0C, 
0x00, 0x00, 0x00, 0x0A, 0xFF, 0xFF, 0xFF, 0xFF, 0x00, 0x00, 0x00, 0x00, 0x00, 0x00, 0x04, 0x2C, 
0x00, 0x00, 0x00, 0x0A, 0x00, 0x00, 0x00, 0x09, 0x00, 0x00, 0x00, 0x08, 0x00, 0x00, 0x00, 0x0A, 
0xFF, 0xFF, 0xFF, 0xFF, 0x00, 0x00, 0x00, 0x00, 0x00, 0x00, 0x04, 0x2D, 0x00, 0x00, 0x00, 0x0A, 
0x00, 0x00, 0x00, 0x09, 0x00, 0x00, 0x00, 0x09, 0x00, 0x00, 0x00, 0x0A, 0x00, 0x00, 0x00, 0x00, 
0x00, 0x00, 0x00, 0x00, 0x00, 0x00, 0x04, 0x2E, 0x00, 0x00, 0x00, 0x0A, 0x00, 0x00, 0x00, 0x0F, 
0x00, 0x00, 0x00, 0x0E, 0x00, 0x00, 0x00, 0x0A, 0xFF, 0xFF, 0xFF, 0xFF, 0x00, 0x00, 0x00, 0x00, 
0x00, 0x00, 0x04, 0x2F, 0x00, 0x00, 0x00, 0x0A, 0x00, 0x00, 0x00, 0x0B, 0x00, 0x00, 0x00, 0x09, 
0x00, 0x00, 0x00, 0x0A, 0xFF, 0xFF, 0xFF, 0xFF, 0x00, 0x00, 0x00, 0x00, 0x00, 0x00, 0x04, 0x30, 
0x00, 0x00, 0x00, 0x07, 0x00, 0x00, 0x00, 0x08, 0x00, 0x00, 0x00, 0x07, 0x00, 0x00, 0x00, 0x07, 
0x00, 0x00, 0x00, 0x00, 0x00, 0x00, 0x00, 0x00, 0x00, 0x00, 0x04, 0x31, 0x00, 0x00, 0x00, 0x0A, 
0x00, 0x00, 0x00, 0x07, 0x00, 0x00, 0x00, 0x07, 0x00, 0x00, 0x00, 0x0A, 0x00, 0x00, 0x00, 0x00, 
0x00, 0x00, 0x00, 0x00, 0x00, 0x00, 0x04, 0x32, 0x00, 0x00, 0x00, 0x07, 0x00, 0x00, 0x00, 0x05, 
0x00, 0x00, 0x00, 0x06, 0x00, 0x00, 0x00, 0x07, 0x00, 0x00, 0x00, 0x00, 0x00, 0x00, 0x00, 0x00, 
0x00, 0x00, 0x04, 0x33, 0x00, 0x00, 0x00, 0x07, 0x00, 0x00, 0x00, 0x05, 0x00, 0x00, 0x00, 0x05, 
0x00, 0x00, 0x00, 0x07, 0x00, 0x00, 0x00, 0x00, 0x00, 0x00, 0x00, 0x00, 0x00, 0x00, 0x04, 0x34, 
0x00, 0x00, 0x00, 0x0A, 0x00, 0x00, 0x00, 0x07, 0x00, 0x00, 0x00, 0x07, 0x00, 0x00, 0x00, 0x0A, 
0x00, 0x00, 0x00, 0x00, 0x00, 0x00, 0x00, 0x00, 0x00, 0x00, 0x04, 0x35, 0x00, 0x00, 0x00, 0x07, 
0x00, 0x00, 0x00, 0x05, 0x00, 0x00, 0x00, 0x06, 0x00, 0x00, 0x00, 0x07, 0x00, 0x00, 0x00, 0x00, 
0x00, 0x00, 0x00, 0x00, 0x00, 0x00, 0x04, 0x36, 0x00, 0x00, 0x00, 0x07, 0x00, 0x00, 0x00, 0x0D, 
0x00, 0x00, 0x00, 0x0E, 0x00, 0x00, 0x00, 0x07, 0x00, 0x00, 0x00, 0x00, 0x00, 0x00, 0x00, 0x00, 
0x00, 0x00, 0x04, 0x37, 0x00, 0x00, 0x00, 0x07, 0x00, 0x00, 0x00, 0x05, 0x00, 0x00, 0x00, 0x05, 
0x00, 0x00, 0x00, 0x07, 0x00, 0x00, 0x00, 0x00, 0x00, 0x00, 0x00, 0x00, 0x00, 0x00, 0x04, 0x38, 
0x00, 0x00, 0x00, 0x07, 0x00, 0x00, 0x00, 0x07, 0x00, 0x00, 0x00, 0x07, 0x00, 0x00, 0x00, 0x07, 
0x00, 0x00, 0x00, 0x00, 0x00, 0x00, 0x00, 0x00, 0x00, 0x00, 0x04, 0x39, 0x00, 0x00, 0x00, 0x0A, 
0x00, 0x00, 0x00, 0x07, 0x00, 0x00, 0x00, 0x07, 0x00, 0x00, 0x00, 0x0A, 0x00, 0x00, 0x00, 0x00, 
0x00, 0x00, 0x00, 0x00, 0x00, 0x00, 0x04, 0x3A, 0x00, 0x00, 0x00, 0x07, 0x00, 0x00, 0x00, 0x07, 
0x00, 0x00, 0x00, 0x07, 0x00, 0x00, 0x00, 0x07, 0x00, 0x00, 0x00, 0x00, 0x00, 0x00, 0x00, 0x00, 
0x00, 0x00, 0x04, 0x3B, 0x00, 0x00, 0x00, 0x07, 0x00, 0x00, 0x00, 0x07, 0x00, 0x00, 0x00, 0x06, 
0x00, 0x00, 0x00, 0x07, 0xFF, 0xFF, 0xFF, 0xFF, 0x00, 0x00, 0x00, 0x00, 0x00, 0x00, 0x04, 0x3C, 
0x00, 0x00, 0x00, 0x07, 0x00, 0x00, 0x00, 0x0B, 0x00, 0x00, 0x00, 0x09, 0x00, 0x00, 0x00, 0x07, 
0xFF, 0xFF, 0xFF, 0xFF, 0x00, 0x00, 0x00, 0x00, 0x00, 0x00, 0x04, 0x3D, 0x00, 0x00, 0x00, 0x07, 
0x00, 0x00, 0x00, 0x07, 0x00, 0x00, 0x00, 0x08, 0x00, 0x00, 0x00, 0x07, 0x00, 0x00, 0x00, 0x00, 
0x00, 0x00, 0x00, 0x00, 0x00, 0x00, 0x04, 0x3E, 0x00, 0x00, 0x00, 0x07, 0x00, 0x00, 0x00, 0x06, 
0x00, 0x00, 0x00, 0x07, 0x00, 0x00, 0x00, 0x07, 0x00, 0x00, 0x00, 0x00, 0x00, 0x00, 0x00, 0x00, 
0x00, 0x00, 0x04, 0x3F, 0x00, 0x00, 0x00, 0x07, 0x00, 0x00, 0x00, 0x07, 0x00, 0x00, 0x00, 0x07, 
0x00, 0x00, 0x00, 0x07, 0x00, 0x00, 0x00, 0x00, 0x00, 0x00, 0x00, 0x00, 0x00, 0x00, 0x04, 0x40, 
0x00, 0x00, 0x00, 0x0A, 0x00, 0x00, 0x00, 0x08, 0x00, 0x00, 0x00, 0x07, 0x00, 0x00, 0x00, 0x07, 
0xFF, 0xFF, 0xFF, 0xFE, 0x00, 0x00, 0x00, 0x00, 0x00, 0x00, 0x04, 0x41, 0x00, 0x00, 0x00, 0x07, 
0x00, 0x00, 0x00, 0x05, 0x00, 0x00, 0x00, 0x06, 0x00, 0x00, 0x00, 0x07, 0x00, 0x00, 0x00, 0x00, 
0x00, 0x00, 0x00, 0x00, 0x00, 0x00, 0x04, 0x42, 0x00, 0x00, 0x00, 0x07, 0x00, 0x00, 0x00, 0x0B, 
0x00, 0x00, 0x00, 0x0A, 0x00, 0x00, 0x00, 0x07, 0xFF, 0xFF, 0xFF, 0xFF, 0x00, 0x00, 0x00, 0x00, 
0x00, 0x00, 0x04, 0x43, 0x00, 0x00, 0x00, 0x0A, 0x00, 0x00, 0x00, 0x07, 0x00, 0x00, 0x00, 0x06, 
0x00, 0x00, 0x00, 0x07, 0xFF, 0xFF, 0xFF, 0xFE, 0x00, 0x00, 0x00, 0x00, 0x00, 0x00, 0x04, 0x44, 
0x00, 0x00, 0x00, 0x0D, 0x00, 0x00, 0x00, 0x09, 0x00, 0x00, 0x00, 0x0A, 0x00, 0x00, 0x00, 0x0A, 
0x00, 0x00, 0x00, 0x00, 0x00, 0x00, 0x00, 0x00, 0x00, 0x00, 0x04, 0x45, 0x00, 0x00, 0x00, 0x07, 
0x00, 0x00, 0x00, 0x06, 0x00, 0x00, 0x00, 0x06, 0x00, 0x00, 0x00, 0x07, 0x00, 0x00, 0x00, 0x00, 
0x00, 0x00, 0x00, 0x00, 0x00, 0x00, 0x04, 0x46, 0x00, 0x00, 0x00, 0x0A, 0x00, 0x00, 0x00, 0x07, 
0x00, 0x00, 0x00, 0x07, 0x00, 0x00, 0x00, 0x07, 0x00, 0x00, 0x00, 0x00, 0x00, 0x00, 0x00, 0x00, 
0x00, 0x00, 0x04, 0x47, 0x00, 0x00, 0x00, 0x07, 0x00, 0x00, 0x00, 0x06, 0x00, 0x00, 0x00, 0x07, 
0x00, 0x00, 0x00, 0x07, 0x00, 0x00, 0x00, 0x00, 0x00, 0x00, 0x00, 0x00, 0x00, 0x00, 0x04, 0x48, 
0x00, 0x00, 0x00, 0x07, 0x00, 0x00, 0x00, 0x0B, 0x00, 0x00, 0x00, 0x0B, 0x00, 0x00, 0x00, 0x07, 
0x00, 0x00, 0x00, 0x00, 0x00, 0x00, 0x00, 0x00, 0x00, 0x00, 0x04, 0x49, 0x00, 0x00, 0x00, 0x0A, 
0x00, 0x00, 0x00, 0x0B, 0x00, 0x00, 0x00, 0x0B, 0x00, 0x00, 0x00, 0x07, 0x00, 0x00, 0x00, 0x00, 
0x00, 0x00, 0x00, 0x00, 0x00, 0x00, 0x04, 0x4A, 0x00, 0x00, 0x00, 0x07, 0x00, 0x00, 0x00, 0x06, 
0x00, 0x00, 0x00, 0x07, 0x00, 0x00, 0x00, 0x07, 0x00, 0x00, 0x00, 0x00, 0x00, 0x00, 0x00, 0x00, 
0x00, 0x00, 0x04, 0x4B, 0x00, 0x00, 0x00, 0x07, 0x00, 0x00, 0x00, 0x09, 0x00, 0x00, 0x00, 0x09, 
0x00, 0x00, 0x00, 0x07, 0x00, 0x00, 0x00, 0x00, 0x00, 0x00, 0x00, 0x00, 0x00, 0x00, 0x04, 0x4C, 
0x00, 0x00, 0x00, 0x07, 0x00, 0x00, 0x00, 0x05, 0x00, 0x00, 0x00, 0x06, 0x00, 0x00, 0x00, 0x07, 
0x00, 0x00, 0x00, 0x00, 0x00, 0x00, 0x00, 0x00, 0x00, 0x00, 0x04, 0x4D, 0x00, 0x00, 0x00, 0x07, 
0x00, 0x00, 0x00, 0x05, 0x00, 0x00, 0x00, 0x06, 0x00, 0x00, 0x00, 0x07, 0x00, 0x00, 0x00, 0x00, 
0x00, 0x00, 0x00, 0x00, 0x00, 0x00, 0x04, 0x4E, 0x00, 0x00, 0x00, 0x07, 0x00, 0x00, 0x00, 0x09, 
0x00, 0x00, 0x00, 0x0A, 0x00, 0x00, 0x00, 0x07, 0x00, 0x00, 0x00, 0x00, 0x00, 0x00, 0x00, 0x00, 
0x00, 0x00, 0x04, 0x4F, 0x00, 0x00, 0x00, 0x07, 0x00, 0x00, 0x00, 0x07, 0x00, 0x00, 0x00, 0x07, 
0x00, 0x00, 0x00, 0x07, 0xFF, 0xFF, 0xFF, 0xFF, 0x00, 0x00, 0x00, 0x00, 0x00, 0x00, 0x04, 0x51, 
0x00, 0x00, 0x00, 0x0B, 0x00, 0x00, 0x00, 0x07, 0x00, 0x00, 0x00, 0x06, 0x00, 0x00, 0x00, 0x0A, 
0x00, 0x00, 0x00, 0x00, 0x00, 0x00, 0x00, 0x00, 0x00, 0x00, 0x20, 0x0C, 0x00, 0x00, 0x00, 0x01, 
0x00, 0x00, 0x00, 0x01, 0x00, 0x00, 0x00, 0x00, 0x00, 0x00, 0x00, 0x1C, 0xFF, 0xFF, 0xFF, 0xF2, 
0x00, 0x00, 0x00, 0x00, 0x00, 0x00, 0x20, 0x0D, 0x00, 0x00, 0x00, 0x01, 0x00, 0x00, 0x00, 0x01, 
0x00, 0x00, 0x00, 0x00, 0x00, 0x00, 0x00, 0x1C, 0xFF, 0xFF, 0xFF, 0xF2, 0x00, 0x00, 0x00, 0x00, 
0x00, 0x00, 0x20, 0x0E, 0x00, 0x00, 0x00, 0x01, 0x00, 0x00, 0x00, 0x01, 0x00, 0x00, 0x00, 0x00, 
0x00, 0x00, 0x00, 0x1C, 0xFF, 0xFF, 0xFF, 0xF2, 0x00, 0x00, 0x00, 0x00, 0x00, 0x00, 0x20, 0x0F, 
0x00, 0x00, 0x00, 0x01, 0x00, 0x00, 0x00, 0x01, 0x00, 0x00, 0x00, 0x00, 0x00, 0x00, 0x00, 0x1C, 
0xFF, 0xFF, 0xFF, 0xF2, 0x00, 0x00, 0x00, 0x00, 0x00, 0x00, 0x20, 0x13, 0x00, 0x00, 0x00, 0x01, 
0x00, 0x00, 0x00, 0x07, 0x00, 0x00, 0x00, 0x07, 0x00, 0x00, 0x00, 0x04, 0x00, 0x00, 0x00, 0x00, 
0x00, 0x00, 0x00, 0x00, 0x00, 0x00, 0x20, 0x14, 0x00, 0x00, 0x00, 0x01, 0x00, 0x00, 0x00, 0x0C, 
0x00, 0x00, 0x00, 0x0C, 0x00, 0x00, 0x00, 0x04, 0x00, 0x00, 0x00, 0x00, 0x00, 0x00, 0x00, 0x00, 
0x00, 0x00, 0x20, 0x15, 0x00, 0x00, 0x00, 0x01, 0x00, 0x00, 0x00, 0x0E, 0x00, 0x00, 0x00, 0x0E, 
0x00, 0x00, 0x00, 0x04, 0x00, 0x00, 0x00, 0x00, 0x00, 0x00, 0x00, 0x00, 0x00, 0x00, 0x20, 0x18, 
0x00, 0x00, 0x00, 0x03, 0x00, 0x00, 0x00, 0x02, 0x00, 0x00, 0x00, 0x05, 0x00, 0x00, 0x00, 0x0A, 
0x00, 0x00, 0x00, 0x03, 0x00, 0x00, 0x00, 0x00, 0x00, 0x00, 0x20, 0x19, 0x00, 0x00, 0x00, 0x03, 
0x00, 0x00, 0x00, 0x02, 0x00, 0x00, 0x00, 0x05, 0x00, 0x00, 0x00, 0x0A, 0x00, 0x00, 0x00, 0x02, 
0x00, 0x00, 0x00, 0x00, 0x00, 0x00, 0x20, 0x1A, 0x00, 0x00, 0x00, 0x03, 0x00, 0x00, 0x00, 0x02, 
0x00, 0x00, 0x00, 0x05, 0x00, 0x00, 0x00, 0x01, 0x00, 0x00, 0x00, 0x00, 0x00, 0x00, 0x00, 0x00, 
0x00, 0x00, 0x20, 0x1B, 0x00, 0x00, 0x00, 0x03, 0x00, 0x00, 0x00, 0x03, 0x00, 0x00, 0x00, 0x05, 
0x00, 0x00, 0x00, 0x0A, 0x00, 0x00, 0x00, 0x03, 0x00, 0x00, 0x00, 0x00, 0x00, 0x00, 0x20, 0x1C, 
0x00, 0x00, 0x00, 0x03, 0x00, 0x00, 0x00, 0x05, 0x00, 0x00, 0x00, 0x08, 0x00, 0x00, 0x00, 0x0A, 
0x00, 0x00, 0x00, 0x03, 0x00, 0x00, 0x00, 0x00, 0x00, 0x00, 0x20, 0x1D, 0x00, 0x00, 0x00, 0x03, 
0x00, 0x00, 0x00, 0x05, 0x00, 0x00, 0x00, 0x08, 0x00, 0x00, 0x00, 0x0A, 0x00, 0x00, 0x00, 0x02, 
0x00, 0x00, 0x00, 0x00, 0x00, 0x00, 0x20, 0x1E, 0x00, 0x00, 0x00, 0x03, 0x00, 0x00, 0x00, 0x05, 
0x00, 0x00, 0x00, 0x08, 0x00, 0x00, 0x00, 0x01, 0x00, 0x00, 0x00, 0x00, 0x00, 0x00, 0x00, 0x00, 
0x00, 0x00, 0x20, 0x28, 0x00, 0x00, 0x00, 0x01, 0x00, 0x00, 0x00, 0x01, 0x00, 0x00, 0x00, 0x00, 
0x00, 0x00, 0x00, 0x1C, 0xFF, 0xFF, 0xFF, 0xF2, 0x00, 0x00, 0x00, 0x00, 0x00, 0x00, 0x20, 0x29, 
0x00, 0x00, 0x00, 0x01, 0x00, 0x00, 0x00, 0x01, 0x00, 0x00, 0x00, 0x00, 0x00, 0x00, 0x00, 0x1C, 
0xFF, 0xFF, 0xFF, 0xF2, 0x00, 0x00, 0x00, 0x00, 0x00, 0x00, 0x20, 0x2A, 0x00, 0x00, 0x00, 0x01, 
0x00, 0x00, 0x00, 0x01, 0x00, 0x00, 0x00, 0x00, 0x00, 0x00, 0x00, 0x1C, 0xFF, 0xFF, 0xFF, 0xF2, 
0x00, 0x00, 0x00, 0x00, 0x00, 0x00, 0x20, 0x2B, 0x00, 0x00, 0x00, 0x01, 0x00, 0x00, 0x00, 0x01, 
0x00, 0x00, 0x00, 0x00, 0x00, 0x00, 0x00, 0x1C, 0xFF, 0xFF, 0xFF, 0xF2, 0x00, 0x00, 0x00, 0x00, 
0x00, 0x00, 0x20, 0x2C, 0x00, 0x00, 0x00, 0x01, 0x00, 0x00, 0x00, 0x01, 0x00, 0x00, 0x00, 0x00, 
0x00, 0x00, 0x00, 0x1C, 0xFF, 0xFF, 0xFF, 0xF2, 0x00, 0x00, 0x00, 0x00, 0x00, 0x00, 0x20, 0x2D, 
0x00, 0x00, 0x00, 0x01, 0x00, 0x00, 0x00, 0x01, 0x00, 0x00, 0x00, 0x00, 0x00, 0x00, 0x00, 0x1C, 
0xFF, 0xFF, 0xFF, 0xF2, 0x00, 0x00, 0x00, 0x00, 0x00, 0x00, 0x20, 0x2E, 0x00, 0x00, 0x00, 0x01, 
0x00, 0x00, 0x00, 0x01, 0x00, 0x00, 0x00, 0x00, 0x00, 0x00, 0x00, 0x1C, 0xFF, 0xFF, 0xFF, 0xF2, 
0x00, 0x00, 0x00, 0x00, 0x00, 0x00, 0x20, 0x33, 0x00, 0x00, 0x00, 0x04, 0x00, 0x00, 0x00, 0x05, 
0x00, 0x00, 0x00, 0x06, 0x00, 0x00, 0x00, 0x0A, 0x00, 0x00, 0x00, 0x02, 0x00, 0x00, 0x00, 0x00, 
0x00, 0x00, 0x20, 0x39, 0x00, 0x00, 0x00, 0x07, 0x00, 0x00, 0x00, 0x05, 0x00, 0x00, 0x00, 0x05, 
0x00, 0x00, 0x00, 0x07, 0x00, 0x00, 0x00, 0x01, 0x00, 0x00, 0x00, 0x00, 0x00, 0x00, 0x20, 0x3A, 
0x00, 0x00, 0x00, 0x07, 0x00, 0x00, 0x00, 0x05, 0x00, 0x00, 0x00, 0x05, 0x00, 0x00, 0x00, 0x07, 
0xFF, 0xFF, 0xFF, 0xFF, 0x00, 0x00, 0x00, 0x00, 0x00, 0x00, 0x20, 0x44, 0x00, 0x00, 0x00, 0x09, 
0x00, 0x00, 0x00, 0x06, 0x00, 0x00, 0x00, 0x02, 0x00, 0x00, 0x00, 0x09, 0xFF, 0xFF, 0xFF, 0xFE, 
0x00, 0x00, 0x00, 0x00, 0x00, 0x00, 0x20, 0x6A, 0x00, 0x00, 0x00, 0x01, 0x00, 0x00, 0x00, 0x01, 
0x00, 0x00, 0x00, 0x00, 0x00, 0x00, 0x00, 0x1C, 0xFF, 0xFF, 0xFF, 0xF2, 0x00, 0x00, 0x00, 0x00, 
0x00, 0x00, 0x20, 0x6B, 0x00, 0x00, 0x00, 0x01, 0x00, 0x00, 0x00, 0x01, 0x00, 0x00, 0x00, 0x00, 
0x00, 0x00, 0x00, 0x1C, 0xFF, 0xFF, 0xFF, 0xF2, 0x00, 0x00, 0x00, 0x00, 0x00, 0x00, 0x20, 0x6C, 
0x00, 0x00, 0x00, 0x01, 0x00, 0x00, 0x00, 0x01, 0x00, 0x00, 0x00, 0x00, 0x00, 0x00, 0x00, 0x1C, 
0xFF, 0xFF, 0xFF, 0xF2, 0x00, 0x00, 0x00, 0x00, 0x00, 0x00, 0x20, 0x6D, 0x00, 0x00, 0x00, 0x01, 
0x00, 0x00, 0x00, 0x01, 0x00, 0x00, 0x00, 0x00, 0x00, 0x00, 0x00, 0x1C, 0xFF, 0xFF, 0xFF, 0xF2, 
0x00, 0x00, 0x00, 0x00, 0x00, 0x00, 0x20, 0x6E, 0x00, 0x00, 0x00, 0x01, 0x00, 0x00, 0x00, 0x01, 
0x00, 0x00, 0x00, 0x00, 0x00, 0x00, 0x00, 0x1C, 0xFF, 0xFF, 0xFF, 0xF2, 0x00, 0x00, 0x00, 0x00, 
0x00, 0x00, 0x20, 0x6F, 0x00, 0x00, 0x00, 0x01, 0x00, 0x00, 0x00, 0x01, 0x00, 0x00, 0x00, 0x00, 
0x00, 0x00, 0x00, 0x1C, 0xFF, 0xFF, 0xFF, 0xF2, 0x00, 0x00, 0x00, 0x00, 0x00, 0x00, 0x21, 0x90, 
0x00, 0x00, 0x00, 0x05, 0x00, 0x00, 0x00, 0x0C, 0x00, 0x00, 0x00, 0x0E, 0x00, 0x00, 0x00, 0x07, 
0x00, 0x00, 0x00, 0x01, 0x00, 0x00, 0x00, 0x00, 0x00, 0x00, 0x21, 0x91, 0x00, 0x00, 0x00, 0x0C, 
0x00, 0x00, 0x00, 0x05, 0x00, 0x00, 0x00, 0x07, 0x00, 0x00, 0x00, 0x0A, 0x00, 0x00, 0x00, 0x01, 
0x00, 0x00, 0x00, 0x00, 0x00, 0x00, 0x21, 0x92, 0x00, 0x00, 0x00, 0x05, 0x00, 0x00, 0x00, 0x0C, 
0x00, 0x00, 0x00, 0x0E, 0x00, 0x00, 0x00, 0x07, 0x00, 0x00, 0x00, 0x01, 0x00, 0x00, 0x00, 0x00, 
0x00, 0x00, 0x21, 0x93, 0x00, 0x00, 0x00, 0x0C, 0x00, 0x00, 0x00, 0x05, 0x00, 0x00, 0x00, 0x07, 
0x00, 0x00, 0x00, 0x09, 0x00, 0x00, 0x00, 0x01, 0x00, 0x00, 0x00, 0x00, 0x00, 0x00, 0x21, 0x94, 
0x00, 0x00, 0x00, 0x05, 0x00, 0x00, 0x00, 0x0C, 0x00, 0x00, 0x00, 0x0E, 0x00, 0x00, 0x00, 0x07, 
0x00, 0x00, 0x00, 0x01, 0x00, 0x00, 0x00, 0x00, 0x00, 0x00, 0x21, 0x95, 0x00, 0x00, 0x00, 0x0D, 
0x00, 0x00, 0x00, 0x05, 0x00, 0x00, 0x00, 0x07, 0x00, 0x00, 0x00, 0x0A, 0x00, 0x00, 0x00, 0x01, 
0x00, 0x00, 0x00, 0x00, 0x00, 0x00, 0x22, 0x12, 0x00, 0x00, 0x00, 0x01, 0x00, 0x00, 0x00, 0x08, 
0x00, 0x00, 0x00, 0x0A, 0x00, 0x00, 0x00, 0x05, 0x00, 0x00, 0x00, 0x01, 0x00, 0x00, 0x00, 0x00, 
0x00, 0x00, 0x22, 0x15, 0x00, 0x00, 0x00, 0x09, 0x00, 0x00, 0x00, 0x06, 0x00, 0x00, 0x00, 0x02, 
0x00, 0x00, 0x00, 0x09, 0xFF, 0xFF, 0xFF, 0xFE, 0x00, 0x00, 0x00, 0x00, 0x00, 0x00, 0x22, 0x19, 
0x00, 0x00, 0x00, 0x01, 0x00, 0x00, 0x00, 0x01, 0x00, 0x00, 0x00, 0x04, 0x00, 0x00, 0x00, 0x05, 
0x00, 0x00, 0x00, 0x01, 0x00, 0x00, 0x00, 0x00, 0x00, 0x00, 0x22, 0x1A, 0x00, 0x00, 0x00, 0x0E, 
0x00, 0x00, 0x00, 0x08, 0x00, 0x00, 0x00, 0x08, 0x00, 0x00, 0x00, 0x0D, 0x00, 0x00, 0x00, 0x00, 
0x00, 0x00, 0x00, 0x00, 0x00, 0x00, 0x22, 0x1E, 0x00, 0x00, 0x00, 0x06, 0x00, 0x00, 0x00, 0x09, 
0x00, 0x00, 0x00, 0x0A, 0x00, 0x00, 0x00, 0x07, 0x00, 0x00, 0x00, 0x00, 0x00, 0x00, 0x00, 0x00, 
0x00, 0x00, 0x22, 0x48, 0x00, 0x00, 0x00, 0x05, 0x00, 0x00, 0x00, 0x07, 0x00, 0x00, 0x00, 0x07, 
0x00, 0x00, 0x00, 0x07, 0x00, 0x00, 0x00, 0x00, 0x00, 0x00, 0x00, 0x00, 0x00, 0x00, 0x22, 0x60, 
0x00, 0x00, 0x00, 0x0B, 0x00, 0x00, 0x00, 0x08, 0x00, 0x00, 0x00, 0x08, 0x00, 0x00, 0x00, 0x09, 
0x00, 0x00, 0x00, 0x00, 0x00, 0x00, 0x00, 0x00, 0x00, 0x00, 0x26, 0x3A, 0x00, 0x00, 0x00, 0x09, 
0x00, 0x00, 0x00, 0x0A, 0x00, 0x00, 0x00, 0x0E, 0x00, 0x00, 0x00, 0x08, 0x00, 0x00, 0x00, 0x02, 
0x00, 0x00, 0x00, 0x00, 0x00, 0x00, 0x26, 0x3B, 0x00, 0x00, 0x00, 0x09, 0x00, 0x00, 0x00, 0x09, 
0x00, 0x00, 0x00, 0x0F, 0x00, 0x00, 0x00, 0x08, 0x00, 0x00, 0x00, 0x03, 0x00, 0x00, 0x00, 0x00, 
0x00, 0x00, 0x26, 0x3C, 0x00, 0x00, 0x00, 0x0E, 0x00, 0x00, 0x00, 0x0D, 0x00, 0x00, 0x00, 0x0D, 
0x00, 0x00, 0x00, 0x0C, 0x00, 0x00, 0x00, 0x00, 0x00, 0x00, 0x00, 0x00, 0x00, 0x00, 0x26, 0x40, 
0x00, 0x00, 0x00, 0x0E, 0x00, 0x00, 0x00, 0x08, 0x00, 0x00, 0x00, 0x0B, 0x00, 0x00, 0x00, 0x0B, 
0x00, 0x00, 0x00, 0x01, 0x00, 0x00, 0x00, 0x00, 0x00, 0x00, 0x26, 0x42, 0x00, 0x00, 0x00, 0x0E, 
0x00, 0x00, 0x00, 0x0A, 0x00, 0x00, 0x00, 0x0B, 0x00, 0x00, 0x00, 0x0C, 0x00, 0x00, 0x00, 0x00, 
0x00, 0x00, 0x00, 0x00, 0x00, 0x00, 0x26, 0x60, 0x00, 0x00, 0x00, 0x09, 0x00, 0x00, 0x00, 0x07, 
0x00, 0x00, 0x00, 0x07, 0x00, 0x00, 0x00, 0x09, 0x00, 0x00, 0x00, 0x00, 0x00, 0x00, 0x00, 0x00, 
0x00, 0x00, 0x26, 0x63, 0x00, 0x00, 0x00, 0x09, 0x00, 0x00, 0x00, 0x09, 0x00, 0x00, 0x00, 0x09, 
0x00, 0x00, 0x00, 0x09, 0x00, 0x00, 0x00, 0x00, 0x00, 0x00, 0x00, 0x00, 0x00, 0x00, 0x26, 0x65, 
0x00, 0x00, 0x00, 0x0A, 0x00, 0x00, 0x00, 0x08, 0x00, 0x00, 0x00, 0x08, 0x00, 0x00, 0x00, 0x09, 
0x00, 0x00, 0x00, 0x00, 0x00, 0x00, 0x00, 0x00, 0x00, 0x00, 0x26, 0x66, 0x00, 0x00, 0x00, 0x0A, 
0x00, 0x00, 0x00, 0x07, 0x00, 0x00, 0x00, 0x07, 0x00, 0x00, 0x00, 0x09, 0x00, 0x00, 0x00, 0x00, 
0x00, 0x00, 0x00, 0x00, 0x00, 0x00, 0x26, 0x6A, 0x00, 0x00, 0x00, 0x0B, 0x00, 0x00, 0x00, 0x07, 
0x00, 0x00, 0x00, 0x07, 0x00, 0x00, 0x00, 0x0A, 0x00, 0x00, 0x00, 0x00, 0x00, 0x00, 0x00, 0x00, 
0x00, 0x00, 0x26, 0x6B, 0x00, 0x00, 0x00, 0x0C, 0x00, 0x00, 0x00, 0x0A, 0x00, 0x00, 0x00, 0x0B, 
0x00, 0x00, 0x00, 0x0B, 0x00, 0x00, 0x00, 0x00, 0x00, 0x00, 0x00, 0x00, 0x00, 0x00, 0x26, 0x6F, 
0x00, 0x00, 0x00, 0x0B, 0x00, 0x00, 0x00, 0x0A, 0x00, 0x00, 0x00, 0x07, 0x00, 0x00, 0x00, 0x0A, 
0xFF, 0xFF, 0xFF, 0xFF, 0x00, 0x00, 0x00, 0x00, 0x00, 0x00, 0x00, 0x00, 0x00, 0x00, 0x00, 0x00, 
0x00, 0xB3, 0x00, 0x0A, 0xEA, 0x00, 0x2A, 0xCA, 0x00, 0x49, 0xA5, 0x00, 0x68, 0x80, 0x00, 0x8B, 
0x57, 0x00, 0xB6, 0x31, 0x00, 0xE7, 0x10, 0x00, 0x00, 0x00, 0xB4, 0x00, 0x00, 0x57, 0xDC, 0x00, 
0x5F, 0xDD, 0xB3, 0x9D, 0x00, 0xB7, 0xA5, 0xCE, 0x20, 0x00, 0xD4, 0x2A, 0x87, 0x00, 0x00, 0x92, 
0x00, 0x00, 0x0C, 0xEE, 0x00, 0x0C, 0xEE, 0x00, 0x00, 0x26, 0xD5, 0x00, 0x26, 0xD5, 0x00, 0x00, 
0x3F, 0xBC, 0x00, 0x3F, 0xBC, 0x00, 0xFF, 0xFF, 0xFF, 0xFF, 0xFF, 0xFF, 0xFF, 0x00, 0x75, 0x87, 
0x00, 0x75, 0x87, 0x00, 0x00, 0x8C, 0x6F, 0x00, 0x8C, 0x6F, 0x00, 0xFF, 0xFF, 0xFF, 0xFF, 0xFF, 
0xFF, 0xFF, 0x00, 0xC1, 0x3A, 0x00, 0xC1, 0x3A, 0x00, 0x00, 0xDA, 0x21, 0x00, 0xDA, 0x21, 0x00, 
0x00, 0xF3, 0x08, 0x00, 0xF3, 0x08, 0x00, 0x00, 0x00, 0x00, 0x03, 0xEE, 0x0C, 0x00, 0x28, 0xC7, 
0xFD, 0xF5, 0x5E, 0x00, 0xCA, 0x63, 0x71, 0xC3, 0xFF, 0x00, 0xF6, 0x11, 0xAC, 0x55, 0xFD, 0x00, 
0xB2, 0x98, 0xE8, 0x17, 0x00, 0x00, 0x16, 0xD1, 0xFA, 0x1D, 0x00, 0x00, 0x00, 0x62, 0xED, 0xA3, 
0x00, 0x00, 0x00, 0x9E, 0x79, 0xE9, 0x00, 0xF8, 0x00, 0xD9, 0x33, 0xF3, 0x00, 0xFF, 0x68, 0xE8, 
0x6A, 0xB0, 0x00, 0x6F, 0xEF, 0xFD, 0xCF, 0x22, 0x00, 0x00, 0x8E, 0x71, 0x00, 0x00, 0x00, 0x00, 
0x07, 0x9D, 0xEF, 0x73, 0x00, 0x00, 0x00, 0x00, 0x1F, 0xC0, 0x1F, 0x00, 0x78, 0x57, 0x21, 0xED, 
0x00, 0x00, 0x00, 0x1F, 0xC0, 0x1F, 0x00, 0x00, 0xBC, 0x00, 0x00, 0xC6, 0x00, 0x00, 0x1F, 0xC0, 
0x1F, 0x00, 0x00, 0x00, 0xEB, 0x1D, 0x53, 0x80, 0x00, 0x1F, 0xC0, 0x1F, 0x00, 0x00, 0x00, 0x00, 
0x72, 0xF1, 0xA4, 0x0A, 0x1F, 0xC0, 0x1F, 0x00, 0x00, 0x00, 0x00, 0x00, 0x00, 0x00, 0x00, 0x1F, 
0xC0, 0x1F, 0x07, 0x9D, 0xEF, 0x6F, 0x00, 0x00, 0x00, 0x00, 0x1F, 0xC0, 0x1F, 0x00, 0x77, 0x56, 
0x20, 0xEC, 0x00, 0x00, 0x00, 0x1F, 0xC0, 0x1F, 0x00, 0x00, 0xC0, 0x00, 0x00, 0xC8, 0x00, 0x00, 
0x1F, 0xC0, 0x1F, 0x00, 0x00, 0x00, 0xEE, 0x1F, 0x55, 0x81, 0x00, 0x1F, 0xC0, 0x1F, 0x00, 0x00, 
0x00, 0x00, 0x77, 0xF3, 0xA9, 0x0A, 0x00, 0x00, 0x00, 0x00, 0x00, 0x14, 0xB4, 0xF3, 0x93, 0x00, 
0x00, 0x00, 0x00, 0x00, 0x00, 0x00, 0xA2, 0x57, 0x32, 0xF1, 0x00, 0x00, 0x00, 0x00, 0x00, 0x00, 
0x00, 0xEB, 0x04, 0x4A, 0x92, 0x00, 0x00, 0x00, 0x00, 0x00, 0x00, 0x00, 0xFF, 0x7A, 0x69, 0x02, 
0x00, 0x00, 0x00, 0x00, 0x06, 0x5E, 0x74, 0xFA, 0x27, 0x00, 0x00, 0x00, 0x00, 0x00, 0x20, 0xAC, 
0x25, 0x00, 0xD1, 0x7D, 0x07, 0xEF, 0xFF, 0xFF, 0x44, 0xBB, 0x2B, 0x00, 0x00, 0xA2, 0xE0, 0x05, 
0x87, 0xB8, 0x2F, 0x02, 0xF8, 0x16, 0x00, 0x00, 0x62, 0xFF, 0xA6, 0xA1, 0x04, 0x00, 0x00, 0xD2, 
0xAB, 0x19, 0x08, 0x4A, 0xFF, 0xFF, 0x85, 0x16, 0x66, 0xA7, 0x38, 0xD5, 0xF4, 0xC8, 0x54, 0x52, 
0xC4, 0xEC, 0xF1, 0x9B, 0x09, 0x59, 0xDC, 0xB3, 0x9C, 0xCE, 0x20, 0x87, 0x00, 0x00, 0x00, 0x00, 
0x05, 0x4C, 0x00, 0x00, 0x0A, 0x79, 0x05, 0x00, 0x03, 0xAA, 0x1A, 0x00, 0x00, 0x82, 0x85, 0x00, 
0x00, 0x1C, 0xF8, 0x19, 0x00, 0x00, 0x7E, 0xBD, 0x00, 0x00, 0x00, 0xC9, 0x76, 0x00, 0x00, 0x00, 
0xE9, 0x3E, 0x00, 0x00, 0x00, 0xF8, 0x19, 0x00, 0x00, 0x00, 0xE2, 0x06, 0x00, 0x00, 0x00, 0xBC, 
0x1F, 0x00, 0x00, 0x00, 0x7A, 0x61, 0x00, 0x00, 0x00, 0x29, 0xC4, 0x00, 0x00, 0x00, 0x00, 0x00, 
0x00, 0xC3, 0x29, 0x00, 0x00, 0x00, 0x64, 0x7A, 0x00, 0x00, 0x00, 0x21, 0xBB, 0x00, 0x00, 0x00, 
0x07, 0xE1, 0x00, 0x00, 0x00, 0x1B, 0xF8, 0x00, 0x00, 0x00, 0x3F, 0xE8, 0x00, 0x00, 0x00, 0x78, 
0xC9, 0x00, 0x00, 0x00, 0xBE, 0x7D, 0x00, 0x00, 0x18, 0xF8, 0x1C, 0x00, 0x00, 0x83, 0x7F, 0x00, 
0x00, 0x17, 0xA7, 0x03, 0x00, 0x04, 0x74, 0x09, 0x00, 0x00, 0x47, 0x05, 0x00, 0x00, 0x00, 0x00, 
0x05, 0xE0, 0x07, 0x00, 0xD1, 0x59, 0xFF, 0x58, 0xD0, 0x1D, 0x8E, 0xFF, 0x91, 0x1E, 0xCE, 0x53, 
0xFF, 0x57, 0xD0, 0x00, 0x05, 0xE0, 0x07, 0x00, 0x00, 0x00, 0x00, 0xFF, 0x00, 0x00, 0x00, 0x00, 
0x00, 0x00, 0xFF, 0x00, 0x00, 0x00, 0x00, 0x00, 0x00, 0xFF, 0x00, 0x00, 0x00, 0xFF, 0xFF, 0xFF, 
0xFF, 0xFF, 0xFF, 0xFF, 0x00, 0x00, 0x00, 0xFF, 0x00, 0x00, 0x00, 0x00, 0x00, 0x00, 0xFF, 0x00, 
0x00, 0x00, 0x00, 0x00, 0x00, 0xFF, 0x00, 0x00, 0x00, 0x00, 0xA8, 0x1C, 0x3D, 0xBC, 0x24, 0xD8, 
0xFF, 0xFF, 0xFF, 0x23, 0xB4, 0x00, 0x00, 0x00, 0x00, 0x40, 0xBF, 0x00, 0x00, 0x00, 0x00, 0xC0, 
0x3F, 0x00, 0x00, 0x00, 0x40, 0xBF, 0x00, 0x00, 0x00, 0x00, 0xC0, 0x3F, 0x00, 0x00, 0x00, 0x40, 
0xBF, 0x00, 0x00, 0x00, 0x00, 0xC0, 0x3F, 0x00, 0x00, 0x00, 0x40, 0xBF, 0x00, 0x00, 0x00, 0x00, 
0xC0, 0x3F, 0x00, 0x00, 0x00, 0x40, 0xBF, 0x00, 0x00, 0x00, 0x00, 0xC0, 0x3F, 0x00, 0x00, 0x00, 
0x00, 0x00, 0x00, 0x64, 0xE8, 0xD8, 0x2D, 0x00, 0x4F, 0xDD, 0x25, 0x47, 0xBA, 0x05, 0xE2, 0x4A, 
0x00, 0x06, 0xEE, 0x5B, 0xBB, 0x00, 0x00, 0x16, 0xF8, 0xAA, 0x27, 0x00, 0x00, 0x31, 0xE1, 0xE0, 
0x02, 0x00, 0x00, 0x5C, 0xAE, 0xF7, 0x00, 0x00, 0x00, 0x96, 0x61, 0xEE, 0x01, 0x00, 0x33, 0xE4, 
0x0B, 0xBB, 0x43, 0x2F, 0xE3, 0x57, 0x00, 0x2F, 0xD9, 0xE6, 0x66, 0x00, 0x00, 0x00, 0x00, 0x84, 
0xFC, 0xCF, 0x00, 0x00, 0x00, 0x77, 0x88, 0x00, 0x00, 0x00, 0xB9, 0x40, 0x00, 0x00, 0x09, 0xEA, 
0x05, 0x00, 0x00, 0x49, 0xB1, 0x00, 0x00, 0x00, 0x91, 0x69, 0x00, 0x00, 0x00, 0xD9, 0x22, 0x00, 
0x00, 0x21, 0xD9, 0x00, 0x00, 0x07, 0x96, 0x96, 0x02, 0x00, 0xF8, 0xFF, 0xFF, 0x73, 0x00, 0x00, 
0x00, 0x2A, 0xD1, 0xEA, 0x4B, 0x00, 0x00, 0xC1, 0x58, 0x59, 0xDE, 0x00, 0x00, 0x00, 0x00, 0x08, 
0xF0, 0x00, 0x00, 0x00, 0x00, 0x1F, 0xB7, 0x00, 0x00, 0x00, 0x00, 0x7F, 0x39, 0x00, 0x00, 0x00, 
0x2E, 0x76, 0x00, 0x00, 0x00, 0x13, 0x80, 0x00, 0x00, 0x00, 0x0B, 0x7D, 0x05, 0x00, 0x00, 0x09, 
0x7A, 0x08, 0x49, 0xD1, 0x00, 0xBB, 0xFF, 0xFF, 0xFF, 0x75, 0x00, 0x00, 0x00, 0x23, 0xCD, 0xF0, 
0x6A, 0x00, 0x00, 0xC2, 0x62, 0x3C, 0xF0, 0x00, 0x00, 0x00, 0x00, 0x25, 0xAF, 0x00, 0x00, 0x1D, 
0x58, 0x69, 0x07, 0x00, 0x00, 0xFF, 0xF0, 0x4B, 0x00, 0x00, 0x00, 0x14, 0x5B, 0xD1, 0x00, 0x00, 
0x00, 0x00, 0x00, 0xE2, 0x00, 0x00, 0x00, 0x00, 0x13, 0xC2, 0x00, 0x00, 0x00, 0x05, 0x8C, 0x43, 
0x00, 0xBF, 0xF9, 0xD0, 0x4B, 0x00, 0x00, 0x00, 0x00, 0x00, 0x00, 0x00, 0x3E, 0xA7, 0x00, 0x00, 
0x00, 0x00, 0x3E, 0xF4, 0x6B, 0x00, 0x00, 0x00, 0x3D, 0xB5, 0xE4, 0x23, 0x00, 0x00, 0x3D, 0xB5, 
0x2C, 0xDA, 0x00, 0x00, 0x3C, 0xB6, 0x0B, 0x69, 0x93, 0x00, 0x1F, 0xB7, 0x0C, 0x00, 0xB0, 0x4B, 
0x00, 0x6C, 0xFF, 0xFF, 0xFF, 0xFF, 0xFB, 0x0C, 0x00, 0x00, 0x00, 0x41, 0xBB, 0x00, 0x00, 0x00, 
0x00, 0x00, 0x89, 0x73, 0x00, 0x00, 0x00, 0x00, 0x00, 0xD0, 0x2B, 0x00, 0x00, 0x00, 0x00, 0x00, 
0x98, 0xFF, 0xFF, 0xA1, 0x00, 0x00, 0x10, 0xE3, 0x0A, 0x00, 0x00, 0x00, 0x00, 0x74, 0x96, 0x00, 
0x00, 0x00, 0x00, 0x02, 0xDE, 0xF4, 0x42, 0x00, 0x00, 0x00, 0x00, 0x15, 0x54, 0xDE, 0x53, 0x00, 
0x00, 0x00, 0x00, 0x00, 0x3A, 0xE6, 0x00, 0x00, 0x00, 0x00, 0x00, 0x0B, 0xE4, 0x00, 0x00, 0x00, 
0x00, 0x00, 0x44, 0x84, 0x00, 0x82, 0x5D, 0x07, 0x41, 0xA2, 0x05, 0x00, 0xAB, 0xF8, 0xDB, 0x78, 
0x04, 0x00, 0x00, 0x00, 0x00, 0x00, 0x24, 0x92, 0xC8, 0x00, 0x00, 0x58, 0xB7, 0x0E, 0x00, 0x00, 
0x4B, 0xE4, 0x0F, 0x00, 0x00, 0x0D, 0xEA, 0xDF, 0xEA, 0x49, 0x00, 0x74, 0xE6, 0x1E, 0x5D, 0xD2, 
0x00, 0xC5, 0x80, 0x00, 0x08, 0xF7, 0x00, 0xEE, 0x2E, 0x00, 0x1E, 0xDF, 0x00, 0xF5, 0x0A, 0x00, 
0x6D, 0xA3, 0x00, 0xC0, 0x54, 0x28, 0xE2, 0x29, 0x00, 0x32, 0xDE, 0xE5, 0x52, 0x00, 0x00, 0x40, 
0xFF, 0xFF, 0xFF, 0xFF, 0xD7, 0xC0, 0x65, 0x04, 0x00, 0xA6, 0x57, 0x00, 0x00, 0x00, 0x2A, 0xD1, 
0x01, 0x00, 0x00, 0x00, 0xAB, 0x52, 0x00, 0x00, 0x00, 0x2E, 0xCC, 0x01, 0x00, 0x00, 0x00, 0xB0, 
0x4C, 0x00, 0x00, 0x00, 0x32, 0xC8, 0x00, 0x00, 0x00, 0x00, 0xB5, 0x46, 0x00, 0x00, 0x00, 0x37, 
0xC3, 0x00, 0x00, 0x00, 0x00, 0xA0, 0x41, 0x00, 0x00, 0x00, 0x00, 0x00, 0x00, 0x3A, 0xDC, 0xE8, 
0x4D, 0x00, 0x00, 0xD3, 0x41, 0x47, 0xE4, 0x00, 0x00, 0xF4, 0x0D, 0x09, 0xE8, 0x00, 0x00, 0xBF, 
0x5E, 0x5E, 0x6A, 0x00, 0x00, 0x6A, 0xEF, 0x42, 0x00, 0x0B, 0x86, 0x2E, 0x98, 0x4B, 0x00, 0x9E, 
0x42, 0x00, 0x2B, 0xD0, 0x00, 0xF2, 0x0A, 0x00, 0x0C, 0xEE, 0x00, 0xCD, 0x69, 0x0C, 0x87, 0x9E, 
0x00, 0x30, 0xD0, 0xF1, 0xA6, 0x0F, 0x00, 0x00, 0x00, 0x4F, 0xE4, 0xDB, 0x2E, 0x00, 0x28, 0xDE, 
0x25, 0x54, 0xBD, 0x00, 0xA3, 0x68, 0x00, 0x0A, 0xF4, 0x00, 0xE0, 0x1C, 0x00, 0x2C, 0xEE, 0x00, 
0xF8, 0x07, 0x00, 0x7C, 0xC5, 0x00, 0xD2, 0x53, 0x1C, 0xE5, 0x74, 0x00, 0x4C, 0xEB, 0xE3, 0xEA, 
0x0D, 0x00, 0x00, 0x0B, 0xDC, 0x4B, 0x00, 0x01, 0x20, 0xAF, 0x59, 0x00, 0x00, 0xEB, 0xA4, 0x25, 
0x00, 0x00, 0x00, 0x00, 0xB4, 0x00, 0x00, 0x00, 0x00, 0x00, 0x00, 0x00, 0x00, 0x00, 0x00, 0xB5, 
0x00, 0x00, 0x00, 0x00, 0x00, 0x00, 0x15, 0x6F, 0xCF, 0x00, 0x00, 0x05, 0x4F, 0xAF, 0xE4, 0x90, 
0x2F, 0x2F, 0x8F, 0xE4, 0xAF, 0x4F, 0x05, 0x00, 0x00, 0xFF, 0xD2, 0x27, 0x00, 0x00, 0x00, 0x00, 
0x00, 0x30, 0x91, 0xE4, 0xAD, 0x4C, 0x04, 0x00, 0x00, 0x00, 0x00, 0x05, 0x51, 0xB1, 0xE2, 0x8C, 
0x2C, 0x00, 0x00, 0x00, 0x00, 0x00, 0x15, 0x71, 0xD0, 0xFF, 0xFF, 0xFF, 0xFF, 0xFF, 0xFF, 0xFF, 
0x00, 0x00, 0x00, 0x00, 0x00, 0x00, 0x00, 0x00, 0x00, 0x00, 0x00, 0x00, 0x00, 0x00, 0xFF, 0xFF, 
0xFF, 0xFF, 0xFF, 0xFF, 0xFF, 0xCF, 0x6F, 0x14, 0x00, 0x00, 0x00, 0x00, 0x00, 0x28, 0x89, 0xDF, 
0xAF, 0x4F, 0x05, 0x00, 0x00, 0x00, 0x00, 0x03, 0x49, 0xA9, 0xE2, 0x8F, 0x2F, 0x00, 0x00, 0x00, 
0x00, 0x00, 0x26, 0xD0, 0xFF, 0x00, 0x00, 0x05, 0x50, 0xB0, 0xE5, 0x91, 0x30, 0x30, 0x90, 0xE5, 
0xB1, 0x51, 0x05, 0x00, 0x00, 0xD0, 0x71, 0x15, 0x00, 0x00, 0x00, 0x00, 0x00, 0x00, 0x48, 0xE7, 
0xDF, 0x3F, 0x00, 0xDD, 0x23, 0x4F, 0xDA, 0x00, 0xCD, 0x00, 0x01, 0xDE, 0x00, 0x00, 0x00, 0x18, 
0x68, 0x00, 0x00, 0x07, 0x99, 0x0A, 0x00, 0x00, 0x6D, 0x18, 0x00, 0x00, 0x4C, 0x65, 0x00, 0x00, 
0x00, 0xDB, 0x1A, 0x00, 0x00, 0x00, 0x00, 0x00, 0x00, 0x00, 0xB4, 0x00, 0x00, 0x00, 0x00, 0x00, 
0x00, 0x00, 0x41, 0xAF, 0xE4, 0xF6, 0xD3, 0x74, 0x04, 0x00, 0x00, 0x00, 0x05, 0x95, 0xAC, 0x49, 
0x16, 0x0C, 0x42, 0xC6, 0xBC, 0x03, 0x00, 0x00, 0x8B, 0x4B, 0x00, 0x0D, 0xBA, 0xAF, 0x31, 0x87, 
0xC7, 0x6B, 0x00, 0x35, 0x90, 0x00, 0x00, 0x85, 0x46, 0x33, 0xEC, 0x72, 0x44, 0xCA, 0x00, 0x99, 
0x46, 0x00, 0x28, 0x99, 0x00, 0x00, 0xFE, 0x26, 0x0C, 0xF3, 0x00, 0xD9, 0x1A, 0x00, 0x8A, 0x36, 
0x00, 0x00, 0xD0, 0x00, 0x0F, 0xEF, 0x00, 0xF5, 0x07, 0x00, 0xC7, 0x00, 0x00, 0x32, 0x85, 0x00, 
0x45, 0xC2, 0x00, 0xEC, 0x0F, 0x00, 0xF1, 0x00, 0x0C, 0xDF, 0x3C, 0x00, 0xAF, 0x67, 0x00, 0xC4, 
0x3C, 0x00, 0xF3, 0x33, 0x51, 0xF6, 0x1D, 0x82, 0xCE, 0x04, 0x00, 0x69, 0xA3, 0x00, 0x9B, 0xC7, 
0x11, 0xC9, 0xEF, 0xA2, 0x13, 0x22, 0xB1, 0x08, 0xD1, 0x61, 0x00, 0x00, 0x00, 0x00, 0x00, 0x00, 
0x1E, 0xB6, 0x21, 0x00, 0x22, 0xD3, 0xA6, 0x3F, 0x10, 0x0D, 0x2E, 0x82, 0xAA, 0x1D, 0x00, 0x00, 
0x00, 0x0A, 0x6F, 0xC9, 0xF0, 0xF2, 0xB3, 0x4A, 0x00, 0x00, 0x00, 0x00, 0x00, 0x00, 0x00, 0x00, 
0x00, 0x18, 0xF1, 0x00, 0x00, 0x00, 0x00, 0x00, 0x00, 0x00, 0x00, 0x95, 0xFF, 0x00, 0x00, 0x00, 
0x00, 0x00, 0x00, 0x00, 0x41, 0x7E, 0xFF, 0x00, 0x00, 0x00, 0x00, 0x00, 0x00, 0x05, 0xC6, 0x0F, 
0xFF, 0x00, 0x00, 0x00, 0x00, 0x00, 0x00, 0x79, 0x7F, 0x00, 0xFF, 0x00, 0x00, 0x00, 0x00, 0x00, 
0x1E, 0xE5, 0x0F, 0x00, 0xFF, 0x00, 0x00, 0x00, 0x00, 0x00, 0xB0, 0xFF, 0xFF, 0xFF, 0xFF, 0x00, 
0x00, 0x00, 0x00, 0x4B, 0xC3, 0x01, 0x00, 0x00, 0xFC, 0x00, 0x00, 0x09, 0x5C, 0xDC, 0x27, 0x00, 
0x00, 0x3D, 0xFA, 0x1F, 0x00, 0x9E, 0xFF, 0xFF, 0x69, 0x00, 0x5E, 0xFF, 0xFF, 0xFF, 0x1D, 0x00, 
0x00, 0x00, 0x94, 0xFF, 0xFF, 0xFF, 0xF5, 0xBD, 0x2E, 0x00, 0x00, 0x00, 0x02, 0x9F, 0x58, 0x03, 
0x16, 0x79, 0xDB, 0x00, 0x00, 0x00, 0x00, 0xB6, 0x1F, 0x00, 0x00, 0x19, 0xE8, 0x00, 0x00, 0x00, 
0x0A, 0xE3, 0x01, 0x12, 0x44, 0xC4, 0x60, 0x00, 0x00, 0x00, 0x4F, 0xFF, 0xFF, 0xFF, 0xE1, 0x2F, 
0x00, 0x00, 0x00, 0x00, 0x9C, 0x58, 0x03, 0x15, 0x80, 0x98, 0x00, 0x00, 0x00, 0x01, 0xDE, 0x0C, 
0x00, 0x00, 0x0B, 0xF4, 0x00, 0x00, 0x00, 0x37, 0xAC, 0x00, 0x00, 0x00, 0x37, 0xDE, 0x00, 0x00, 
0x0A, 0xA7, 0x62, 0x03, 0x1B, 0x69, 0xE8, 0x6A, 0x00, 0x02, 0xFD, 0xFF, 0xFF, 0xFF, 0xF6, 0xC7, 
0x5A, 0x00, 0x00, 0x00, 0x00, 0x0D, 0x7C, 0xD8, 0xF1, 0x8C, 0x41, 0xDF, 0x00, 0x1E, 0xCF, 0x79, 
0x19, 0x0E, 0x64, 0xFF, 0x9F, 0x03, 0xC9, 0x57, 0x00, 0x00, 0x00, 0x20, 0xFF, 0x5F, 0x5E, 0xB4, 
0x00, 0x00, 0x00, 0x00, 0x04, 0xFF, 0x1F, 0xBC, 0x4C, 0x00, 0x00, 0x00, 0x00, 0x00, 0x00, 0x00, 
0xEA, 0x14, 0x00, 0x00, 0x00, 0x00, 0x00, 0x00, 0x00, 0xF7, 0x0C, 0x00, 0x00, 0x00, 0x00, 0x00, 
0x00, 0x00, 0xCA, 0x4B, 0x00, 0x00, 0x00, 0x00, 0x66, 0x00, 0x00, 0x56, 0xE3, 0x4B, 0x0C, 0x22, 
0x96, 0x2B, 0x00, 0x00, 0x00, 0x5F, 0xD8, 0xF6, 0xC9, 0x3A, 0x00, 0x00, 0x00, 0x00, 0x00, 0x00, 
0x88, 0xFF, 0xFF, 0xFC, 0xEA, 0xB6, 0x3A, 0x00, 0x00, 0x00, 0x00, 0x01, 0xA3, 0x6D, 0x02, 0x1B, 
0x65, 0xE9, 0x31, 0x00, 0x00, 0x00, 0x00, 0xB8, 0x24, 0x00, 0x00, 0x00, 0x5E, 0xB0, 0x00, 0x00, 
0x00, 0x0A, 0xD4, 0x00, 0x00, 0x00, 0x00, 0x16, 0xEE, 0x00, 0x00, 0x00, 0x4F, 0x96, 0x00, 0x00, 
0x00, 0x00, 0x0C, 0xF6, 0x00, 0x00, 0x00, 0x9D, 0x50, 0x00, 0x00, 0x00, 0x00, 0x35, 0xCE, 0x00, 
0x00, 0x01, 0xE3, 0x0E, 0x00, 0x00, 0x00, 0x00, 0x98, 0x7C, 0x00, 0x00, 0x37, 0xC3, 0x00, 0x00, 
0x00, 0x00, 0x4E, 0xDF, 0x0F, 0x00, 0x09, 0xA8, 0x7A, 0x07, 0x1F, 0x41, 0x97, 0xD9, 0x26, 0x00, 
0x08, 0xFF, 0xFF, 0xFF, 0xFF, 0xF5, 0xD2, 0x80, 0x0D, 0x00, 0x00, 0x00, 0x00, 0x00, 0x8A, 0xFF, 
0xFF, 0xFF, 0xFF, 0xFF, 0xFF, 0x00, 0x00, 0x00, 0x02, 0xA6, 0x7C, 0x00, 0x00, 0x33, 0xFF, 0x00, 
0x00, 0x00, 0x00, 0xB7, 0x1F, 0x14, 0xE5, 0x00, 0xFA, 0x00, 0x00, 0x00, 0x0B, 0xB7, 0x00, 0x62, 
0xB2, 0x00, 0x00, 0x00, 0x00, 0x00, 0x51, 0xFF, 0xFF, 0xFF, 0x7F, 0x00, 0x00, 0x00, 0x00, 0x00, 
0x9F, 0x60, 0x18, 0xF6, 0x4C, 0x00, 0x00, 0x00, 0x00, 0x02, 0xE7, 0x16, 0x00, 0xEF, 0x19, 0x00, 
0x00, 0x00, 0x00, 0x39, 0xC6, 0x00, 0x00, 0x00, 0x4C, 0xD4, 0x00, 0x00, 0x09, 0xAA, 0x7C, 0x00, 
0x0D, 0x53, 0xEE, 0x7F, 0x00, 0x05, 0xFE, 0xFF, 0xFF, 0xFF, 0xFF, 0xFF, 0xFF, 0x2A, 0x00, 0x00, 
0x00, 0x00, 0x8C, 0xFF, 0xFF, 0xFF, 0xFF, 0xFF, 0xFF, 0xFF, 0x00, 0x00, 0x00, 0x02, 0xA3, 0x80, 
0x00, 0x00, 0x00, 0x29, 0xFF, 0x00, 0x00, 0x00, 0x00, 0xB5, 0x22, 0x19, 0xE5, 0x00, 0x00, 0xF7, 
0x00, 0x00, 0x00, 0x0A, 0xB9, 0x00, 0x6A, 0xB2, 0x00, 0x00, 0x00, 0x00, 0x00, 0x00, 0x4F, 0xFF, 
0xFF, 0xFF, 0x7F, 0x00, 0x00, 0x00, 0x00, 0x00, 0x00, 0x9C, 0x64, 0x28, 0xFE, 0x4C, 0x00, 0x00, 
0x00, 0x00, 0x00, 0x01, 0xE6, 0x18, 0x00, 0xF3, 0x19, 0x00, 0x00, 0x00, 0x00, 0x00, 0x37, 0xC9, 
0x00, 0x00, 0x00, 0x00, 0x00, 0x00, 0x00, 0x00, 0x09, 0xA8, 0x80, 0x00, 0x00, 0x00, 0x00, 0x00, 
0x00, 0x00, 0x05, 0xFE, 0xFF, 0xFF, 0x61, 0x00, 0x00, 0x00, 0x00, 0x00, 0x00, 0x00, 0x00, 0x24, 
0xA4, 0xEA, 0xE7, 0x63, 0x47, 0xD4, 0x00, 0x00, 0x39, 0xE5, 0x69, 0x13, 0x0E, 0x7B, 0xFF, 0x7F, 
0x00, 0x0E, 0xE0, 0x3E, 0x00, 0x00, 0x00, 0x00, 0xF9, 0x2A, 0x00, 0x77, 0xA3, 0x00, 0x00, 0x00, 
0x00, 0x00, 0x00, 0x00, 0x00, 0xCA, 0x3D, 0x00, 0x00, 0x00, 0x00, 0x00, 0x00, 0x00, 0x00, 0xF4, 
0x14, 0x00, 0x00, 0x00, 0x8A, 0xFF, 0xFF, 0xFF, 0x1F, 0xF3, 0x12, 0x00, 0x00, 0x00, 0x01, 0x50, 
0xE2, 0x1B, 0x00, 0xB9, 0x62, 0x00, 0x00, 0x00, 0x00, 0x42, 0x83, 0x00, 0x00, 0x37, 0xEB, 0x63, 
0x18, 0x00, 0x00, 0xB7, 0x2F, 0x00, 0x00, 0x00, 0x3A, 0xBA, 0xEF, 0xEF, 0xAD, 0x99, 0x00, 0x00, 
0x00, 0x00, 0x00, 0x00, 0x8E, 0xFF, 0xFF, 0xE5, 0x00, 0x8E, 0xFF, 0xFF, 0xFC, 0x01, 0x00, 0x00, 
0x00, 0x02, 0xA0, 0x76, 0x0E, 0x00, 0x01, 0xA6, 0x89, 0x0D, 0x00, 0x00, 0x00, 0x00, 0x00, 0xB7, 
0x44, 0x00, 0x00, 0x00, 0xCD, 0x46, 0x00, 0x00, 0x00, 0x00, 0x00, 0x0A, 0xED, 0x09, 0x00, 0x00, 
0x0F, 0xF1, 0x08, 0x00, 0x00, 0x00, 0x00, 0x00, 0x50, 0xFF, 0xFF, 0xFF, 0xFF, 0xFF, 0xAF, 0x00, 
0x00, 0x00, 0x00, 0x00, 0x00, 0x9D, 0x64, 0x00, 0x00, 0x00, 0x9F, 0x62, 0x00, 0x00, 0x00, 0x00, 
0x00, 0x01, 0xE6, 0x18, 0x00, 0x00, 0x02, 0xE7, 0x17, 0x00, 0x00, 0x00, 0x00, 0x00, 0x38, 0xC8, 
0x00, 0x00, 0x00, 0x38, 0xC7, 0x00, 0x00, 0x00, 0x00, 0x00, 0x09, 0xA9, 0x80, 0x00, 0x00, 0x09, 
0xA9, 0x80, 0x00, 0x00, 0x00, 0x00, 0x05, 0xFE, 0xFF, 0xFF, 0x57, 0x05, 0xFE, 0xFF, 0xFF, 0x55, 
0x00, 0x00, 0x00, 0x00, 0x00, 0x00, 0x8E, 0xFF, 0xFF, 0xCD, 0x00, 0x00, 0x00, 0x02, 0xA0, 0x92, 
0x0B, 0x00, 0x00, 0x00, 0x00, 0xB6, 0x36, 0x00, 0x00, 0x00, 0x00, 0x0A, 0xEA, 0x07, 0x00, 0x00, 
0x00, 0x00, 0x4F, 0xAE, 0x00, 0x00, 0x00, 0x00, 0x00, 0x9C, 0x61, 0x00, 0x00, 0x00, 0x00, 0x01, 
0xE5, 0x17, 0x00, 0x00, 0x00, 0x00, 0x37, 0xC8, 0x00, 0x00, 0x00, 0x00, 0x0B, 0xAE, 0x7F, 0x00, 
0x00, 0x00, 0x24, 0xFF, 0xFF, 0xFF, 0x69, 0x00, 0x00, 0x00, 0x00, 0x00, 0x00, 0xC4, 0xFF, 0xFF, 
0x8D, 0x00, 0x00, 0x00, 0x00, 0x0D, 0xDA, 0x7A, 0x04, 0x00, 0x00, 0x00, 0x00, 0x05, 0xED, 0x0F, 
0x00, 0x00, 0x00, 0x00, 0x00, 0x42, 0xBE, 0x00, 0x00, 0x00, 0x00, 0x00, 0x00, 0x8D, 0x72, 0x00, 
0x00, 0x00, 0x00, 0x00, 0x00, 0xD8, 0x25, 0x00, 0x00, 0x00, 0x00, 0x00, 0x24, 0xD9, 0x00, 0x00, 
0x00, 0x00, 0x00, 0x00, 0x82, 0x85, 0x00, 0x00, 0x00, 0xD0, 0x0C, 0x56, 0xE7, 0x1B, 0x00, 0x00, 
0x00, 0xAA, 0xF7, 0xCA, 0x37, 0x00, 0x00, 0x00, 0x00, 0x00, 0x00, 0x00, 0x80, 0xFF, 0xFF, 0xC7, 
0x00, 0xE4, 0xFF, 0xFF, 0x2F, 0x00, 0x00, 0x00, 0x01, 0xA6, 0x7B, 0x0A, 0x19, 0xB5, 0x79, 0x24, 
0x00, 0x00, 0x00, 0x00, 0x00, 0xBA, 0x33, 0x31, 0xC2, 0x25, 0x00, 0x00, 0x00, 0x00, 0x00, 0x00, 
0x0A, 0xE8, 0x4A, 0xB6, 0x13, 0x00, 0x00, 0x00, 0x00, 0x00, 0x00, 0x00, 0x50, 0xE6, 0xA4, 0x08, 
0x00, 0x00, 0x00, 0x00, 0x00, 0x00, 0x00, 0x00, 0x9D, 0xE5, 0x56, 0x00, 0x00, 0x00, 0x00, 0x00, 
0x00, 0x00, 0x00, 0x01, 0xE6, 0x25, 0xCB, 0x28, 0x00, 0x00, 0x00, 0x00, 0x00, 0x00, 0x00, 0x38, 
0xC8, 0x00, 0x2A, 0xC9, 0x0B, 0x00, 0x00, 0x00, 0x00, 0x00, 0x09, 0xA9, 0x7F, 0x01, 0x00, 0x6D, 
0xB9, 0x2A, 0x05, 0x00, 0x00, 0x05, 0xFE, 0xFF, 0xFF, 0x61, 0x1C, 0xFF, 0xFF, 0xFF, 0x99, 0x00, 
0x00, 0x00, 0x00, 0x00, 0x92, 0xFF, 0xFF, 0xFE, 0x01, 0x00, 0x00, 0x00, 0x00, 0x02, 0xA2, 0x89, 
0x0B, 0x00, 0x00, 0x00, 0x00, 0x00, 0x00, 0xB8, 0x40, 0x00, 0x00, 0x00, 0x00, 0x00, 0x00, 0x0B, 
0xEB, 0x07, 0x00, 0x00, 0x00, 0x00, 0x00, 0x00, 0x51, 0xAC, 0x00, 0x00, 0x00, 0x00, 0x00, 0x00, 
0x00, 0x9F, 0x5F, 0x00, 0x00, 0x00, 0x00, 0x00, 0x00, 0x02, 0xE7, 0x15, 0x00, 0x00, 0x00, 0x00, 
0x00, 0x00, 0x3A, 0xC4, 0x00, 0x00, 0x00, 0x9E, 0x5C, 0x00, 0x0B, 0xAB, 0x7B, 0x00, 0x08, 0x3E, 
0xEA, 0x12, 0x18, 0xFF, 0xFF, 0xFF, 0xFF, 0xFF, 0xFF, 0xBF, 0x00, 0x00, 0x00, 0x00, 0x8A, 0xFF, 
0xF9, 0x02, 0x00, 0x00, 0x00, 0x00, 0x00, 0x3A, 0xFB, 0xF4, 0x00, 0x00, 0x00, 0x03, 0x8B, 0xFF, 
0x1C, 0x00, 0x00, 0x00, 0x00, 0x11, 0xE1, 0xB2, 0x0B, 0x00, 0x00, 0x00, 0x00, 0xC0, 0xD6, 0x3C, 
0x00, 0x00, 0x00, 0x00, 0xAB, 0xF2, 0x41, 0x00, 0x00, 0x00, 0x00, 0x10, 0xD5, 0x99, 0x5D, 0x00, 
0x00, 0x00, 0x6C, 0x8C, 0xEA, 0x04, 0x00, 0x00, 0x00, 0x00, 0x59, 0x92, 0x7D, 0x7D, 0x00, 0x00, 
0x30, 0xB4, 0x5B, 0xA6, 0x00, 0x00, 0x00, 0x00, 0x00, 0xA5, 0x4B, 0x61, 0x9E, 0x00, 0x0C, 0xC1, 
0x17, 0xA6, 0x59, 0x00, 0x00, 0x00, 0x00, 0x03, 0xE6, 0x0B, 0x46, 0xBE, 0x00, 0x9F, 0x44, 0x03, 
0xE9, 0x11, 0x00, 0x00, 0x00, 0x00, 0x3D, 0xBC, 0x00, 0x2A, 0xDF, 0x5F, 0x83, 0x00, 0x3F, 0xBF, 
0x00, 0x00, 0x00, 0x00, 0x09, 0xA4, 0x7C, 0x01, 0x0D, 0xFC, 0xB6, 0x03, 0x10, 0xBB, 0x7A, 0x00, 
0x00, 0x00, 0x32, 0xFF, 0xFF, 0xFF, 0x61, 0x00, 0xDD, 0x1B, 0x34, 0xFF, 0xFF, 0xFF, 0x6F, 0x00, 
0x00, 0x00, 0x00, 0x00, 0xE2, 0xFF, 0x97, 0x00, 0x00, 0x00, 0x62, 0xFF, 0xFF, 0xFF, 0x11, 0x00, 
0x00, 0x00, 0x0B, 0xA3, 0xEF, 0x08, 0x00, 0x00, 0x00, 0x7F, 0xD6, 0x1B, 0x00, 0x00, 0x00, 0x00, 
0x00, 0xB2, 0xE0, 0x57, 0x00, 0x00, 0x00, 0x95, 0x6B, 0x00, 0x00, 0x00, 0x00, 0x00, 0x09, 0xE9, 
0x4D, 0xB7, 0x00, 0x00, 0x00, 0xDB, 0x12, 0x00, 0x00, 0x00, 0x00, 0x00, 0x4C, 0xAD, 0x02, 0xDF, 
0x1A, 0x00, 0x32, 0xAC, 0x00, 0x00, 0x00, 0x00, 0x00, 0x00, 0x9A, 0x60, 0x00, 0x85, 0x77, 0x00, 
0x81, 0x4C, 0x00, 0x00, 0x00, 0x00, 0x00, 0x01, 0xE3, 0x16, 0x00, 0x25, 0xD6, 0x00, 0xB8, 0x04, 
0x00, 0x00, 0x00, 0x00, 0x00, 0x34, 0xC7, 0x00, 0x00, 0x00, 0xC5, 0x56, 0x8B, 0x00, 0x00, 0x00, 
0x00, 0x00, 0x0A, 0xA3, 0x88, 0x01, 0x00, 0x00, 0x65, 0xEC, 0x2C, 0x00, 0x00, 0x00, 0x00, 0x18, 
0xFF, 0xFF, 0xFF, 0x55, 0x00, 0x00, 0x0E, 0xC1, 0x00, 0x00, 0x00, 0x00, 0x00, 0x00, 0x00, 0x00, 
0x4D, 0xBF, 0xF3, 0xE7, 0x56, 0x00, 0x00, 0x03, 0x97, 0xC2, 0x46, 0x09, 0x22, 0xB7, 0x3E, 0x00, 
0x8C, 0x75, 0x01, 0x00, 0x00, 0x00, 0x23, 0xCE, 0x2F, 0x9D, 0x00, 0x00, 0x00, 0x00, 0x00, 0x07, 
0xF5, 0x9A, 0x40, 0x00, 0x00, 0x00, 0x00, 0x00, 0x19, 0xD6, 0xDE, 0x17, 0x00, 0x00, 0x00, 0x00, 
0x00, 0x2D, 0x8D, 0xF8, 0x05, 0x00, 0x00, 0x00, 0x00, 0x00, 0x78, 0x27, 0xE0, 0x27, 0x00, 0x00, 
0x00, 0x00, 0x66, 0x80, 0x00, 0x7E, 0xBE, 0x23, 0x09, 0x48, 0xC6, 0x9F, 0x04, 0x00, 0x03, 0x8A, 
0xEA, 0xF0, 0xC2, 0x54, 0x00, 0x00, 0x00, 0x00, 0x00, 0x00, 0x92, 0xFF, 0xFF, 0xFF, 0xF1, 0xB4, 
0x1D, 0x00, 0x00, 0x00, 0x05, 0xAC, 0x6E, 0x05, 0x11, 0x84, 0xBA, 0x00, 0x00, 0x00, 0x00, 0xBB, 
0x24, 0x00, 0x00, 0x0B, 0xF4, 0x00, 0x00, 0x00, 0x0C, 0xDE, 0x00, 0x00, 0x00, 0x46, 0xCE, 0x00, 
0x00, 0x00, 0x52, 0xBE, 0x0F, 0x0C, 0x52, 0xE4, 0x47, 0x00, 0x00, 0x00, 0x9F, 0xAE, 0xDE, 0xF3, 
0xBC, 0x3C, 0x00, 0x00, 0x00, 0x02, 0xE6, 0x13, 0x00, 0x00, 0x00, 0x00, 0x00, 0x00, 0x00, 0x38, 
0xC3, 0x00, 0x00, 0x00, 0x00, 0x00, 0x00, 0x00, 0x0B, 0xAD, 0x79, 0x00, 0x00, 0x00, 0x00, 0x00, 
0x00, 0x12, 0xFF, 0xFF, 0xFF, 0x55, 0x00, 0x00, 0x00, 0x00, 0x00, 0x00, 0x00, 0x00, 0x02, 0x56, 
0xBF, 0xF0, 0xE5, 0x4A, 0x00, 0x00, 0x00, 0x0F, 0xB6, 0xC5, 0x46, 0x09, 0x22, 0xB1, 0x30, 0x00, 
0x00, 0xB3, 0x83, 0x01, 0x00, 0x00, 0x00, 0x23, 0xC7, 0x00, 0x48, 0xA7, 0x00, 0x00, 0x00, 0x00, 
0x00, 0x07, 0xF4, 0x00, 0xA2, 0x3D, 0x00, 0x00, 0x00, 0x00, 0x00, 0x22, 0xD5, 0x00, 0xDE, 0x15, 
0x00, 0x00, 0x00, 0x00, 0x00, 0x59, 0x8A, 0x00, 0xF8, 0x04, 0x00, 0x00, 0x00, 0x00, 0x00, 0xAD, 
0x22, 0x00, 0xE7, 0x0D, 0x00, 0x00, 0x00, 0x00, 0x56, 0x77, 0x00, 0x00, 0x9E, 0x59, 0x0A, 0x08, 
0x47, 0xBA, 0x8F, 0x02, 0x00, 0x00, 0x17, 0xCC, 0xFF, 0xEC, 0xB7, 0x47, 0x00, 0x00, 0x00, 0x00, 
0x03, 0x77, 0x4B, 0x00, 0x00, 0x00, 0x00, 0x00, 0x00, 0x07, 0xAE, 0xFF, 0xE2, 0x75, 0x17, 0x1B, 
0x89, 0x95, 0x00, 0x00, 0x03, 0x2C, 0x7E, 0xD2, 0xF8, 0xD4, 0x6B, 0x01, 0x00, 0x00, 0x00, 0x00, 
0x88, 0xFF, 0xFF, 0xFF, 0xED, 0xBA, 0x2C, 0x00, 0x00, 0x00, 0x0B, 0xB3, 0x81, 0x04, 0x18, 0x7B, 
0xD3, 0x00, 0x00, 0x00, 0x00, 0xB2, 0x1C, 0x00, 0x00, 0x1C, 0xED, 0x00, 0x00, 0x00, 0x0A, 0xB0, 
0x03, 0x14, 0x4C, 0xCF, 0x86, 0x00, 0x00, 0x00, 0x4F, 0xF2, 0xF6, 0xFF, 0xD0, 0x6A, 0x01, 0x00, 
0x00, 0x00, 0x9C, 0x43, 0x00, 0x9E, 0x58, 0x00, 0x00, 0x00, 0x00, 0x01, 0xE0, 0x08, 0x00, 0x30, 
0xB1, 0x00, 0x00, 0x00, 0x00, 0x37, 0xBF, 0x00, 0x00, 0x00, 0xBC, 0x11, 0x00, 0x00, 0x0A, 0xAC, 
0x86, 0x00, 0x00, 0x00, 0x55, 0x93, 0x0C, 0x03, 0xFE, 0xFF, 0xFF, 0x5B, 0x00, 0x00, 0x04, 0xE2, 
0xF9, 0x00, 0x00, 0x26, 0xC6, 0xF2, 0x8F, 0x38, 0xD4, 0x00, 0x00, 0xC3, 0x60, 0x0B, 0x75, 0xFF, 
0x7F, 0x00, 0x00, 0xF7, 0x03, 0x00, 0x02, 0xFD, 0x2A, 0x00, 0x00, 0xC8, 0x42, 0x00, 0x00, 0x00, 
0x00, 0x00, 0x00, 0x28, 0xE0, 0x5A, 0x00, 0x00, 0x00, 0x00, 0x00, 0x00, 0x2A, 0xEA, 0x64, 0x00, 
0x00, 0x00, 0x00, 0x00, 0x00, 0x49, 0xE6, 0x00, 0x00, 0x2A, 0xFA, 0x00, 0x00, 0x0C, 0xF4, 0x00, 
0x00, 0x80, 0xFF, 0x69, 0x0A, 0x74, 0xAD, 0x00, 0x00, 0xD5, 0x3C, 0x9E, 0xF4, 0xBD, 0x1A, 0x00, 
0x00, 0x00, 0x26, 0xFF, 0xFF, 0xFF, 0xFF, 0xFF, 0xFF, 0xED, 0x03, 0x00, 0x72, 0xBE, 0x1E, 0x60, 
0x9D, 0x00, 0x32, 0xA5, 0x00, 0x00, 0x00, 0x00, 0x00, 0xAB, 0x50, 0x00, 0x00, 0x00, 0x00, 0x00, 
0x00, 0x00, 0x06, 0xEA, 0x0B, 0x00, 0x00, 0x00, 0x00, 0x00, 0x00, 0x00, 0x45, 0xB6, 0x00, 0x00, 
0x00, 0x00, 0x00, 0x00, 0x00, 0x00, 0x92, 0x69, 0x00, 0x00, 0x00, 0x00, 0x00, 0x00, 0x00, 0x00, 
0xDE, 0x1D, 0x00, 0x00, 0x00, 0x00, 0x00, 0x00, 0x00, 0x2C, 0xCF, 0x00, 0x00, 0x00, 0x00, 0x00, 
0x00, 0x00, 0x0E, 0xAC, 0x7F, 0x00, 0x00, 0x00, 0x00, 0x00, 0x00, 0x1E, 0xFF, 0xFF, 0xFF, 0x9D, 
0x00, 0x00, 0x00, 0x00, 0x00, 0x00, 0xB4, 0xFF, 0xFF, 0xFC, 0x01, 0x00, 0x8E, 0xFF, 0xFF, 0xD5, 
0x00, 0x08, 0xAF, 0x7A, 0x0D, 0x00, 0x00, 0x05, 0xAD, 0x68, 0x08, 0x00, 0x00, 0xBD, 0x33, 0x00, 
0x00, 0x00, 0x00, 0xBA, 0x27, 0x00, 0x00, 0x0E, 0xEB, 0x05, 0x00, 0x00, 0x00, 0x0A, 0xEC, 0x08, 
0x00, 0x00, 0x58, 0xA8, 0x00, 0x00, 0x00, 0x00, 0x4E, 0xAF, 0x00, 0x00, 0x00, 0xA6, 0x5A, 0x00, 
0x00, 0x00, 0x00, 0x9B, 0x62, 0x00, 0x00, 0x00, 0xEA, 0x11, 0x00, 0x00, 0x00, 0x07, 0xEA, 0x15, 
0x00, 0x00, 0x0B, 0xDF, 0x00, 0x00, 0x00, 0x00, 0x6D, 0xA9, 0x00, 0x00, 0x00, 0x00, 0xC9, 0x6A, 
0x10, 0x12, 0x61, 0xCD, 0x1C, 0x00, 0x00, 0x00, 0x00, 0x1F, 0xB3, 0xF1, 0xEC, 0x9E, 0x0F, 0x00, 
0x00, 0x00, 0x00, 0x18, 0xFF, 0xFF, 0xFF, 0x5D, 0x0E, 0xFF, 0xFF, 0xFF, 0x17, 0x00, 0x1B, 0xF9, 
0x46, 0x00, 0x00, 0x7B, 0xDC, 0x33, 0x00, 0x00, 0x05, 0xF2, 0x03, 0x00, 0x12, 0xD1, 0x25, 0x00, 
0x00, 0x00, 0x31, 0xC8, 0x00, 0x00, 0xB1, 0x54, 0x00, 0x00, 0x00, 0x00, 0x64, 0x96, 0x00, 0x6F, 
0x96, 0x00, 0x00, 0x00, 0x00, 0x00, 0x97, 0x63, 0x32, 0xCA, 0x08, 0x00, 0x00, 0x00, 0x00, 0x00, 
0xCA, 0x3D, 0xCE, 0x27, 0x00, 0x00, 0x00, 0x00, 0x00, 0x04, 0xF0, 0xAA, 0x5D, 0x00, 0x00, 0x00, 
0x00, 0x00, 0x00, 0x30, 0xFD, 0xA0, 0x00, 0x00, 0x00, 0x00, 0x00, 0x00, 0x00, 0x63, 0xD7, 0x0B, 
0x00, 0x00, 0x00, 0x00, 0x00, 0x00, 0x00, 0x2A, 0xFF, 0xFF, 0xFF, 0x1D, 0xE8, 0xFF, 0xFF, 0x45, 
0xFF, 0xFF, 0xFF, 0x27, 0x00, 0x46, 0xE4, 0x10, 0x00, 0x50, 0xCD, 0x08, 0x00, 0x77, 0xDD, 0x2A, 
0x00, 0x00, 0x44, 0xB9, 0x00, 0x00, 0x5B, 0xAE, 0x00, 0x00, 0x56, 0xAA, 0x00, 0x00, 0x00, 0x5D, 
0xA4, 0x00, 0x09, 0x90, 0x8C, 0x00, 0x01, 0xC2, 0x24, 0x00, 0x00, 0x00, 0x76, 0x8E, 0x00, 0x76, 
0x35, 0x8F, 0x00, 0x60, 0x7A, 0x00, 0x00, 0x00, 0x00, 0x8F, 0x79, 0x19, 0x7F, 0x3D, 0x7B, 0x0C, 
0xB9, 0x05, 0x00, 0x00, 0x00, 0x00, 0xA8, 0x63, 0x8A, 0x0F, 0x68, 0x67, 0x85, 0x38, 0x00, 0x00, 
0x00, 0x00, 0x00, 0xC1, 0x80, 0x67, 0x00, 0x94, 0x75, 0x8C, 0x00, 0x00, 0x00, 0x00, 0x00, 0x00, 
0xDA, 0xC2, 0x03, 0x00, 0xBF, 0xCB, 0x0E, 0x00, 0x00, 0x00, 0x00, 0x00, 0x00, 0xF3, 0x48, 0x00, 
0x00, 0xEA, 0x50, 0x00, 0x00, 0x00, 0x00, 0x00, 0x00, 0x00, 0x00, 0x00, 0xB4, 0xFF, 0xFF, 0x69, 
0xC6, 0xFF, 0xFF, 0xFF, 0xE9, 0x00, 0x00, 0x00, 0x0A, 0xAE, 0x8D, 0x00, 0x00, 0x23, 0xE5, 0x73, 
0x1A, 0x00, 0x00, 0x00, 0x00, 0x38, 0xCA, 0x00, 0x17, 0xC0, 0x2C, 0x00, 0x00, 0x00, 0x00, 0x00, 
0x00, 0x02, 0xEB, 0x2D, 0xBC, 0x27, 0x00, 0x00, 0x00, 0x00, 0x00, 0x00, 0x00, 0x00, 0xAB, 0xD7, 
0x24, 0x00, 0x00, 0x00, 0x00, 0x00, 0x00, 0x00, 0x00, 0x1E, 0xD6, 0x9D, 0x00, 0x00, 0x00, 0x00, 
0x00, 0x00, 0x00, 0x00, 0x21, 0xBC, 0x3A, 0xE3, 0x00, 0x00, 0x00, 0x00, 0x00, 0x00, 0x00, 0x25, 
0xBC, 0x1B, 0x00, 0xD6, 0x2A, 0x00, 0x00, 0x00, 0x00, 0x14, 0x63, 0xB7, 0x12, 0x00, 0x03, 0x9D, 
0x86, 0x04, 0x00, 0x00, 0x00, 0xFF, 0xFF, 0xFF, 0x4D, 0x00, 0x9E, 0xFF, 0xFF, 0xED, 0x00, 0x00, 
0x00, 0x48, 0xFF, 0xFF, 0xED, 0x00, 0x6C, 0xFF, 0xFF, 0x81, 0x01, 0x4C, 0xE4, 0x09, 0x00, 0x02, 
0xB0, 0x68, 0x04, 0x00, 0x00, 0xE3, 0x10, 0x00, 0x6D, 0x82, 0x00, 0x00, 0x00, 0x00, 0xAB, 0x37, 
0x43, 0x9F, 0x01, 0x00, 0x00, 0x00, 0x00, 0x71, 0x81, 0xAB, 0x06, 0x00, 0x00, 0x00, 0x00, 0x00, 
0x48, 0xD9, 0x0F, 0x00, 0x00, 0x00, 0x00, 0x00, 0x00, 0x82, 0x7A, 0x00, 0x00, 0x00, 0x00, 0x00, 
0x00, 0x00, 0xCC, 0x2F, 0x00, 0x00, 0x00, 0x00, 0x00, 0x02, 0x4B, 0xE4, 0x06, 0x00, 0x00, 0x00, 
0x00, 0x00, 0xC2, 0xFF, 0xFF, 0xE9, 0x00, 0x00, 0x00, 0x00, 0x00, 0x00, 0x2C, 0xFF, 0xFF, 0xFF, 
0xFF, 0xFF, 0xE7, 0x00, 0x7A, 0x9E, 0x09, 0x00, 0x04, 0xC1, 0x3F, 0x00, 0xC9, 0x2F, 0x00, 0x00, 
0x8E, 0x78, 0x00, 0x00, 0x00, 0x00, 0x00, 0x51, 0xB2, 0x01, 0x00, 0x00, 0x00, 0x00, 0x24, 0xD0, 
0x11, 0x00, 0x00, 0x00, 0x00, 0x08, 0xC8, 0x34, 0x00, 0x00, 0x00, 0x00, 0x00, 0x9C, 0x69, 0x00, 
0x00, 0x00, 0x00, 0x00, 0x5F, 0xA5, 0x00, 0x00, 0x19, 0xDD, 0x00, 0x2D, 0xCC, 0x0B, 0x01, 0x0B, 
0x87, 0x99, 0x00, 0xD3, 0xFF, 0xFF, 0xFF, 0xFF, 0xFF, 0x55, 0x00, 0x00, 0x00, 0x00, 0x75, 0xFF, 
0xFF, 0x8B, 0x00, 0x00, 0x00, 0xBD, 0x43, 0x00, 0x00, 0x00, 0x00, 0x0C, 0xED, 0x06, 0x00, 0x00, 
0x00, 0x00, 0x4E, 0xB1, 0x00, 0x00, 0x00, 0x00, 0x00, 0x97, 0x69, 0x00, 0x00, 0x00, 0x00, 0x00, 
0xDF, 0x20, 0x00, 0x00, 0x00, 0x00, 0x28, 0xD7, 0x00, 0x00, 0x00, 0x00, 0x00, 0x71, 0x8E, 0x00, 
0x00, 0x00, 0x00, 0x00, 0xB9, 0x46, 0x00, 0x00, 0x00, 0x00, 0x0A, 0xED, 0x08, 0x00, 0x00, 0x00, 
0x00, 0x4B, 0xB4, 0x00, 0x00, 0x00, 0x00, 0x00, 0x93, 0x6C, 0x00, 0x00, 0x00, 0x00, 0x00, 0xDC, 
0xFF, 0xFF, 0x23, 0x00, 0x00, 0x00, 0xF3, 0x0C, 0xDA, 0x26, 0xC0, 0x3F, 0xA7, 0x59, 0x8D, 0x72, 
0x74, 0x8C, 0x5A, 0xA6, 0x40, 0xBF, 0x27, 0xD9, 0x0D, 0xF3, 0x00, 0x00, 0x00, 0x11, 0xFF, 0xFF, 
0xF4, 0x09, 0x00, 0x00, 0x00, 0x00, 0x00, 0x52, 0xAA, 0x00, 0x00, 0x00, 0x00, 0x00, 0x00, 0xA4, 
0x57, 0x00, 0x00, 0x00, 0x00, 0x00, 0x06, 0xE8, 0x0D, 0x00, 0x00, 0x00, 0x00, 0x00, 0x4A, 0xB1, 
0x00, 0x00, 0x00, 0x00, 0x00, 0x00, 0x9D, 0x5E, 0x00, 0x00, 0x00, 0x00, 0x00, 0x03, 0xE6, 0x11, 
0x00, 0x00, 0x00, 0x00, 0x00, 0x43, 0xB8, 0x00, 0x00, 0x00, 0x00, 0x00, 0x00, 0x96, 0x65, 0x00, 
0x00, 0x00, 0x00, 0x00, 0x02, 0xE3, 0x15, 0x00, 0x00, 0x00, 0x00, 0x00, 0x3C, 0xBF, 0x00, 0x00, 
0x00, 0x00, 0x00, 0x00, 0x8F, 0x6C, 0x00, 0x00, 0x00, 0x00, 0xEC, 0xFF, 0xFE, 0x1B, 0x00, 0x00, 
0x00, 0x00, 0x00, 0x00, 0x60, 0xFF, 0x5F, 0x00, 0x00, 0x00, 0x2A, 0xDF, 0x4D, 0xE8, 0x2A, 0x00, 
0x0A, 0xCF, 0x3D, 0x00, 0x4B, 0xD1, 0x0A, 0xA0, 0x67, 0x00, 0x00, 0x00, 0x6D, 0x9F, 0xFF, 0xFF, 
0xFF, 0xFF, 0xFF, 0xFF, 0xFF, 0xC0, 0x3F, 0x40, 0xBF, 0x00, 0x00, 0x4F, 0xD8, 0xD5, 0x5E, 0xEA, 
0x02, 0x00, 0x61, 0xDA, 0x37, 0x1B, 0xC1, 0xA0, 0x00, 0x25, 0xE3, 0x1C, 0x00, 0x00, 0xCF, 0x53, 
0x00, 0x99, 0x6E, 0x00, 0x00, 0x18, 0xF4, 0x0D, 0x00, 0xE3, 0x17, 0x00, 0x00, 0xA3, 0xB9, 0x00, 
0x00, 0xF5, 0x39, 0x1D, 0x83, 0xA4, 0x78, 0x48, 0x00, 0x85, 0xF4, 0xB0, 0x16, 0xA7, 0xB0, 0x48, 
0x00, 0x00, 0x98, 0xFF, 0x15, 0x00, 0x00, 0x00, 0x00, 0x6D, 0x00, 0x00, 0x00, 0x00, 0x00, 0x93, 
0x00, 0x00, 0x00, 0x00, 0x17, 0xA9, 0x96, 0xF1, 0x63, 0x00, 0x66, 0xD1, 0x30, 0x44, 0xE9, 0x00, 
0xB6, 0x4C, 0x00, 0x09, 0xF1, 0x0D, 0xD6, 0x01, 0x00, 0x38, 0xBF, 0x57, 0x87, 0x00, 0x00, 0xA6, 
0x5A, 0xA8, 0x32, 0x0E, 0x83, 0xB6, 0x01, 0x3F, 0xD1, 0xEE, 0x93, 0x09, 0x00, 0x00, 0x11, 0xA2, 
0xF2, 0xB6, 0x06, 0xC8, 0x62, 0x0D, 0xCB, 0x71, 0x90, 0x00, 0x00, 0x00, 0xCF, 0x2D, 0x00, 0x00, 
0x00, 0xF6, 0x07, 0x00, 0x20, 0x03, 0xE5, 0x3F, 0x4E, 0xC2, 0x07, 0x61, 0xEF, 0xBE, 0x15, 0x00, 
0x00, 0x00, 0x00, 0x00, 0x00, 0x7D, 0xFA, 0x57, 0x00, 0x00, 0x00, 0x00, 0x00, 0x00, 0x77, 0x19, 
0x00, 0x00, 0x00, 0x00, 0x00, 0x00, 0x9E, 0x00, 0x00, 0x00, 0x3D, 0xC7, 0xEE, 0x4B, 0x97, 0x00, 
0x00, 0x57, 0xD2, 0x34, 0x14, 0xD0, 0x5B, 0x00, 0x26, 0xDF, 0x1A, 0x00, 0x00, 0xD2, 0x1C, 0x00, 
0x9F, 0x63, 0x00, 0x00, 0x3C, 0xDD, 0x00, 0x00, 0xE8, 0x10, 0x00, 0x12, 0xB0, 0x9E, 0x00, 0x00, 
0xF0, 0x39, 0x2A, 0x99, 0x93, 0x6E, 0x55, 0x00, 0x74, 0xF3, 0xAC, 0x11, 0xA4, 0xAF, 0x38, 0x00, 
0x00, 0x18, 0xA7, 0xF1, 0xA7, 0x0B, 0xCB, 0x59, 0x25, 0xF6, 0x7A, 0x64, 0x00, 0x4E, 0xBB, 0xD0, 
0x35, 0x6E, 0xDE, 0x25, 0xF7, 0xE3, 0x96, 0x19, 0x00, 0xDF, 0x3A, 0x0E, 0x68, 0x81, 0x58, 0xEE, 
0xED, 0xBD, 0x48, 0x00, 0x00, 0x00, 0x00, 0x00, 0x00, 0x65, 0xE2, 0xB4, 0x00, 0x00, 0x00, 0x00, 
0x00, 0x65, 0xCE, 0x1C, 0xD2, 0x00, 0x00, 0x00, 0x01, 0x35, 0xE9, 0x32, 0x00, 0x00, 0x00, 0x00, 
0x00, 0xC2, 0xFF, 0xFF, 0xBB, 0x00, 0x00, 0x00, 0x00, 0x00, 0x00, 0x77, 0x85, 0x00, 0x00, 0x00, 
0x00, 0x00, 0x00, 0x00, 0xBD, 0x42, 0x00, 0x00, 0x00, 0x00, 0x00, 0x00, 0x0A, 0xEF, 0x07, 0x00, 
0x00, 0x00, 0x00, 0x00, 0x00, 0x49, 0xB9, 0x00, 0x00, 0x00, 0x00, 0x00, 0x00, 0x00, 0x8F, 0x68, 
0x00, 0x00, 0x00, 0x00, 0x00, 0x00, 0x00, 0xD1, 0x16, 0x00, 0x00, 0x00, 0x00, 0x00, 0x00, 0x23, 
0xA3, 0x00, 0x00, 0x00, 0x00, 0x00, 0xD1, 0x14, 0xA6, 0x1E, 0x00, 0x00, 0x00, 0x00, 0x00, 0xBF, 
0xDB, 0x3E, 0x00, 0x00, 0x00, 0x00, 0x00, 0x00, 0x00, 0x15, 0xA4, 0xEC, 0xFF, 0xFF, 0xFF, 0x19, 
0x00, 0xB8, 0x87, 0x0F, 0x32, 0xF2, 0x00, 0x00, 0x00, 0xF2, 0x34, 0x0F, 0x87, 0xBE, 0x00, 0x00, 
0x00, 0x70, 0xF5, 0xF0, 0xA9, 0x19, 0x00, 0x00, 0x00, 0x5C, 0x5F, 0x02, 0x00, 0x00, 0x00, 0x00, 
0x00, 0xEE, 0x70, 0x18, 0x00, 0x00, 0x00, 0x00, 0x28, 0x90, 0xA1, 0xE7, 0xC6, 0x41, 0x00, 0x00, 
0xCB, 0x11, 0x00, 0x01, 0x51, 0xED, 0x00, 0x00, 0xEE, 0x69, 0x0C, 0x11, 0x76, 0xC6, 0x00, 0x00, 
0x4D, 0xCB, 0xF4, 0xEC, 0xA5, 0x1A, 0x00, 0x00, 0x00, 0x9A, 0xF6, 0x32, 0x00, 0x00, 0x00, 0x00, 
0x00, 0x6C, 0x06, 0x00, 0x00, 0x00, 0x00, 0x00, 0x8C, 0x00, 0x00, 0x00, 0x00, 0x00, 0x10, 0x95, 
0x01, 0x80, 0xEC, 0x38, 0x00, 0x59, 0x66, 0x76, 0x48, 0x90, 0x31, 0x00, 0xA6, 0x75, 0x3C, 0x00, 
0xBC, 0x52, 0x04, 0xEE, 0x54, 0x00, 0x0F, 0xF9, 0x1F, 0x40, 0xB8, 0x00, 0x00, 0x58, 0xC8, 0x00, 
0x8D, 0x6E, 0x00, 0x00, 0xA3, 0x81, 0x57, 0xDA, 0x25, 0x00, 0x00, 0xC5, 0xA7, 0x2F, 0x00, 0x00, 
0xB4, 0x00, 0x00, 0x00, 0x00, 0x00, 0x33, 0xF2, 0xFF, 0x2A, 0x00, 0x5E, 0xD1, 0x00, 0x00, 0xB0, 
0x77, 0x00, 0x0B, 0xF5, 0x1F, 0x00, 0x54, 0xC4, 0x00, 0x00, 0xA4, 0x7B, 0x5A, 0x00, 0xC5, 0xAB, 
0x38, 0x00, 0x00, 0x00, 0x00, 0x00, 0xB4, 0x00, 0x00, 0x00, 0x00, 0x00, 0x00, 0x00, 0x37, 0xF8, 
0xB2, 0x00, 0x00, 0x00, 0x00, 0x6D, 0x00, 0x00, 0x00, 0x10, 0x7B, 0x00, 0x00, 0x00, 0x48, 0x62, 
0x00, 0x00, 0x00, 0x82, 0x48, 0x00, 0x00, 0x00, 0xBC, 0x2D, 0x00, 0x00, 0x02, 0xEF, 0x11, 0x00, 
0x00, 0x2F, 0x78, 0x00, 0xD0, 0x47, 0x8B, 0x00, 0x00, 0xCF, 0xAB, 0x09, 0x00, 0x00, 0x00, 0x9E, 
0xF9, 0x0F, 0x00, 0x00, 0x00, 0x00, 0x00, 0x5A, 0x00, 0x00, 0x00, 0x00, 0x00, 0x00, 0x7E, 0x00, 
0x00, 0x00, 0x00, 0x00, 0x11, 0x8F, 0x6A, 0xFF, 0xFF, 0xCB, 0x00, 0x5B, 0x6A, 0x1E, 0xD6, 0x87, 
0x13, 0x00, 0xA7, 0x9A, 0xE5, 0x41, 0x00, 0x00, 0x04, 0xEF, 0xA4, 0xEC, 0x11, 0x00, 0x00, 0x41, 
0xBA, 0x00, 0xB6, 0x46, 0x00, 0x00, 0x8D, 0x6F, 0x00, 0x77, 0x87, 0xB3, 0x00, 0xDA, 0x25, 0x00, 
0x2C, 0xE4, 0x2C, 0x00, 0x00, 0x8C, 0xF8, 0x45, 0x00, 0x00, 0x74, 0x0C, 0x00, 0x00, 0x94, 0x00, 
0x00, 0x18, 0x8F, 0x00, 0x00, 0x66, 0x54, 0x00, 0x00, 0xB5, 0x18, 0x00, 0x0C, 0xD4, 0x00, 0x00, 
0x54, 0xA0, 0x00, 0x00, 0xA1, 0x6E, 0x00, 0x00, 0xC8, 0xA5, 0x00, 0x00, 0x02, 0xA0, 0xF4, 0x12, 
0x3B, 0xE1, 0x4A, 0x01, 0x86, 0xEF, 0x3E, 0x00, 0x00, 0x5A, 0x1C, 0x80, 0x74, 0x8A, 0x69, 0x56, 
0x91, 0x6B, 0x00, 0x00, 0xA6, 0x60, 0x08, 0x04, 0xA3, 0x5E, 0x00, 0xC2, 0x66, 0x00, 0x04, 0xEA, 
0x27, 0x00, 0x2E, 0xE9, 0x18, 0x12, 0xFA, 0x1C, 0x00, 0x40, 0xBA, 0x00, 0x00, 0x7C, 0x7C, 0x00, 
0x5D, 0xC3, 0x00, 0x00, 0x8D, 0x6B, 0x00, 0x00, 0xB4, 0x04, 0x00, 0xA6, 0x81, 0x5B, 0x00, 0xDA, 
0x23, 0x00, 0x1A, 0xBF, 0x00, 0x00, 0xC5, 0xB1, 0x31, 0x86, 0xF4, 0x0A, 0x03, 0x8B, 0xED, 0x34, 
0x00, 0x54, 0x04, 0x9A, 0x4B, 0xB1, 0x11, 0x00, 0x91, 0x96, 0x39, 0x13, 0xF9, 0x17, 0x04, 0xE9, 
0x3D, 0x00, 0x43, 0xD1, 0x00, 0x41, 0xB0, 0x00, 0x00, 0x71, 0x9D, 0x00, 0x8D, 0x3D, 0x00, 0x00, 
0xA5, 0x76, 0x58, 0xDA, 0x08, 0x00, 0x00, 0xC6, 0xA4, 0x31, 0x00, 0x0A, 0x8D, 0xEA, 0xDF, 0x3E, 
0x06, 0xBF, 0x6B, 0x0D, 0x46, 0xD4, 0x80, 0x62, 0x00, 0x00, 0x00, 0xEF, 0xCE, 0x01, 0x00, 0x00, 
0x0C, 0xD1, 0xE7, 0x00, 0x00, 0x00, 0x68, 0x76, 0xD5, 0x4C, 0x09, 0x57, 0xC0, 0x07, 0x3E, 0xDE, 
0xED, 0x97, 0x0E, 0x00, 0x00, 0x00, 0x33, 0xF9, 0x2C, 0x5B, 0xED, 0x5E, 0x00, 0x00, 0x00, 0x5B, 
0x77, 0x4D, 0x37, 0xD2, 0x00, 0x00, 0x00, 0xA7, 0x8B, 0x00, 0x13, 0xF0, 0x00, 0x00, 0x04, 0xEC, 
0x1A, 0x00, 0x4A, 0xB8, 0x00, 0x00, 0x40, 0xBD, 0x00, 0x00, 0xB9, 0x4E, 0x00, 0x00, 0x8D, 0x9F, 
0x0F, 0x86, 0xAF, 0x00, 0x00, 0x00, 0xD9, 0xE5, 0xF3, 0x9A, 0x0A, 0x00, 0x00, 0x26, 0xBE, 0x00, 
0x00, 0x00, 0x00, 0x00, 0x05, 0x8B, 0x6A, 0x00, 0x00, 0x00, 0x00, 0x00, 0xCC, 0xFF, 0xFF, 0x67, 
0x00, 0x00, 0x00, 0x00, 0x00, 0x00, 0x5D, 0xE0, 0xD2, 0x65, 0xEA, 0x03, 0x00, 0x76, 0xD5, 0x31, 
0x1A, 0xCF, 0x99, 0x00, 0x35, 0xE6, 0x1A, 0x00, 0x00, 0xE2, 0x45, 0x00, 0xAB, 0x64, 0x00, 0x00, 
0x32, 0xEC, 0x04, 0x00, 0xEB, 0x10, 0x00, 0x00, 0x9F, 0x9D, 0x00, 0x00, 0xED, 0x3D, 0x1A, 0x71, 
0xB3, 0x49, 0x00, 0x00, 0x71, 0xF2, 0xB0, 0x13, 0xD7, 0x05, 0x00, 0x00, 0x00, 0x00, 0x00, 0x2D, 
0xA1, 0x00, 0x00, 0x00, 0x00, 0x00, 0x0A, 0x96, 0x64, 0x00, 0x00, 0x00, 0x00, 0x10, 0xFF, 0xFF, 
0xFF, 0x2F, 0x00, 0x00, 0x9E, 0xF9, 0x33, 0xBD, 0x79, 0x00, 0x62, 0x50, 0x99, 0x3B, 0x00, 0xA9, 
0x26, 0x00, 0x00, 0x05, 0xD4, 0x02, 0x00, 0x00, 0x43, 0x9F, 0x00, 0x00, 0x00, 0x8F, 0x63, 0x00, 
0x00, 0x00, 0xDA, 0x26, 0x00, 0x00, 0x00, 0x00, 0x90, 0xFC, 0xFF, 0x00, 0xF3, 0x18, 0x00, 0x00, 
0xA7, 0x54, 0x00, 0x00, 0x0D, 0xC8, 0x33, 0x00, 0x00, 0x2A, 0xD0, 0xFF, 0x3F, 0x36, 0xEC, 0xFF, 
0xFF, 0xE9, 0x55, 0x00, 0x00, 0xAC, 0x36, 0x00, 0x16, 0xCF, 0x03, 0x7B, 0xFB, 0xFF, 0xFF, 0x00, 
0x90, 0x72, 0x00, 0x00, 0xD7, 0x2F, 0x00, 0x1E, 0xEA, 0x01, 0x00, 0x65, 0xA9, 0x00, 0x00, 0xA9, 
0x65, 0x4C, 0x00, 0xB9, 0xA1, 0x3D, 0x00, 0x59, 0xCF, 0x66, 0x00, 0x00, 0xD5, 0x2F, 0x94, 0xB8, 
0x59, 0x00, 0x09, 0xFC, 0x08, 0x00, 0xCA, 0x60, 0x00, 0x00, 0xD5, 0x00, 0x1A, 0xFC, 0x1A, 0x00, 
0x29, 0xB3, 0x00, 0x67, 0xBE, 0x00, 0x0A, 0x91, 0x80, 0x00, 0xAB, 0x69, 0x0B, 0x67, 0x85, 0x66, 
0x54, 0xA9, 0x9E, 0x4F, 0x01, 0xB0, 0xAA, 0x3E, 0xFF, 0x4D, 0x00, 0x00, 0xCF, 0xC2, 0x66, 0x98, 
0x00, 0x00, 0x2E, 0xE3, 0x39, 0xBB, 0x00, 0x00, 0x43, 0x7D, 0x23, 0xD9, 0x00, 0x22, 0xC1, 0x09, 
0x16, 0xED, 0x1A, 0xD1, 0x30, 0x00, 0x0C, 0xFD, 0xDD, 0x5B, 0x00, 0x00, 0x04, 0xFF, 0x74, 0x00, 
0x00, 0x00, 0xFF, 0xA0, 0x00, 0x00, 0x9D, 0x00, 0xC8, 0xC3, 0x51, 0xC7, 0x00, 0x05, 0xEE, 0x00, 
0x0C, 0xAC, 0x26, 0xDF, 0x00, 0x2A, 0xFF, 0x00, 0x0F, 0x7E, 0x17, 0xF0, 0x00, 0x28, 0xFF, 0x00, 
0x8F, 0x1F, 0x0D, 0xFF, 0x24, 0x1C, 0xFF, 0x46, 0x88, 0x00, 0x06, 0xFF, 0xA2, 0x00, 0xFF, 0xD2, 
0x0F, 0x00, 0x02, 0xFF, 0x75, 0x00, 0xFF, 0x57, 0x00, 0x00, 0xFF, 0xFF, 0x62, 0x06, 0xA5, 0xD0, 
0x03, 0x3D, 0xC7, 0x75, 0x19, 0x00, 0x00, 0x00, 0xE3, 0x3E, 0x00, 0x00, 0x00, 0x0F, 0xE4, 0x46, 
0x00, 0x00, 0x00, 0x48, 0x89, 0x7E, 0x00, 0x00, 0x01, 0x54, 0x51, 0xB9, 0x75, 0x00, 0xCD, 0x1B, 
0x15, 0xE1, 0x82, 0x00, 0x00, 0x00, 0xFF, 0x8E, 0x00, 0xCC, 0xBE, 0x00, 0x00, 0x5C, 0xB8, 0x00, 
0x40, 0xB6, 0x00, 0x00, 0x38, 0xC9, 0x00, 0x00, 0x62, 0x00, 0x00, 0x2B, 0xD7, 0x00, 0x42, 0x1A, 
0x00, 0x00, 0x20, 0xE6, 0x07, 0x4A, 0x00, 0x00, 0x00, 0x15, 0xF5, 0x4B, 0x02, 0x00, 0x00, 0x00, 
0x0A, 0xF6, 0x22, 0x00, 0x00, 0x00, 0x00, 0x2A, 0x72, 0x00, 0x00, 0x00, 0xBA, 0x40, 0x8D, 0x02, 
0x00, 0x00, 0x00, 0xD8, 0x84, 0x01, 0x00, 0x00, 0x00, 0x00, 0x00, 0x8F, 0xFF, 0xFF, 0xFF, 0x94, 
0x00, 0xDA, 0x35, 0x00, 0x26, 0x04, 0x00, 0x00, 0x00, 0x1D, 0x0C, 0x00, 0x00, 0x00, 0x15, 0x15, 
0x00, 0x00, 0x00, 0x0C, 0x1D, 0x00, 0x00, 0x00, 0x04, 0x26, 0x00, 0x32, 0xD9, 0x00, 0x95, 0xFF, 
0xFF, 0xFF, 0x8D, 0x00, 0x00, 0x00, 0x00, 0x0D, 0x6A, 0xA9, 0x00, 0x00, 0x11, 0xC0, 0x12, 0x00, 
0x00, 0x00, 0x81, 0x99, 0x00, 0x00, 0x00, 0x00, 0xB9, 0x61, 0x00, 0x00, 0x00, 0x02, 0xDF, 0x21, 
0x00, 0x00, 0x1E, 0x97, 0x64, 0x00, 0x00, 0x00, 0xE2, 0x2A, 0x00, 0x00, 0x00, 0x00, 0x55, 0xC2, 
0x00, 0x00, 0x00, 0x00, 0x1C, 0xEC, 0x00, 0x00, 0x00, 0x00, 0x84, 0x8A, 0x00, 0x00, 0x00, 0x00, 
0xE3, 0x1D, 0x00, 0x00, 0x00, 0x00, 0xE7, 0x51, 0x00, 0x00, 0x00, 0x00, 0x46, 0xDB, 0x07, 0x00, 
0x00, 0x00, 0xFF, 0xFF, 0xFF, 0xFF, 0xFF, 0xFF, 0xFF, 0xFF, 0xFF, 0xFF, 0xFF, 0xFF, 0xFF, 0x00, 
0x00, 0x00, 0x07, 0xDB, 0x46, 0x00, 0x00, 0x00, 0x00, 0x53, 0xE7, 0x00, 0x00, 0x00, 0x00, 0x1D, 
0xE3, 0x00, 0x00, 0x00, 0x00, 0x8B, 0x85, 0x00, 0x00, 0x00, 0x00, 0xEC, 0x1C, 0x00, 0x00, 0x00, 
0x00, 0xC6, 0x52, 0x00, 0x00, 0x00, 0x00, 0x2B, 0xE2, 0x00, 0x00, 0x00, 0x69, 0x99, 0x1E, 0x00, 
0x00, 0x39, 0xE1, 0x02, 0x00, 0x00, 0x00, 0x6B, 0xB8, 0x00, 0x00, 0x00, 0x00, 0x9B, 0x7F, 0x00, 
0x00, 0x00, 0x12, 0xBF, 0x10, 0x00, 0x00, 0xAC, 0x69, 0x0C, 0x00, 0x00, 0x00, 0x6B, 0xF4, 0xD7, 
0x94, 0x4A, 0x16, 0xE8, 0xE9, 0x3E, 0x21, 0x75, 0xCF, 0xF3, 0x65, 0x00, 0xFF, 0xFF, 0xFF, 0xFF, 
0xFF, 0x00, 0x00, 0x00, 0xFF, 0xFF, 0xFF, 0xFF, 0xFF, 0x00, 0x00, 0x00, 0x56, 0xEE, 0x8A, 0x00, 
0x00, 0x00, 0xE1, 0x50, 0x90, 0x00, 0x00, 0x00, 0xEC, 0x0A, 0x00, 0x00, 0x00, 0x00, 0x73, 0x1A, 
0x00, 0x00, 0x53, 0xDF, 0xFE, 0x65, 0x00, 0x00, 0xEE, 0x2A, 0xA1, 0xB4, 0x00, 0x00, 0xF0, 0x1E, 
0x22, 0xEF, 0x00, 0x00, 0xB8, 0xA2, 0x2F, 0xF3, 0x00, 0x00, 0x64, 0xFF, 0xFA, 0x7C, 0x00, 0x00, 
0x1E, 0xFF, 0x00, 0x00, 0x00, 0x00, 0x0A, 0xFF, 0x00, 0x00, 0x00, 0x8D, 0x4E, 0xE2, 0x00, 0x00, 
0x00, 0x90, 0xF0, 0x5C, 0x00, 0x00, 0x00, 0x00, 0x00, 0x49, 0xB9, 0xEE, 0xEF, 0xB9, 0x47, 0x00, 
0x00, 0x00, 0x84, 0xDA, 0x53, 0x10, 0x11, 0x55, 0xDC, 0x83, 0x00, 0x49, 0xDA, 0x15, 0x86, 0xDD, 
0xC8, 0xD0, 0x10, 0xDC, 0x49, 0xBA, 0x53, 0x86, 0x89, 0x09, 0x16, 0xFF, 0x00, 0x56, 0xBA, 0xEF, 
0x10, 0xE6, 0x0F, 0x00, 0x00, 0x00, 0x00, 0x11, 0xEF, 0xF0, 0x10, 0xED, 0x11, 0x00, 0x00, 0x00, 
0x00, 0x10, 0xEE, 0xBC, 0x55, 0x9D, 0x85, 0x0F, 0x77, 0xB8, 0x00, 0x55, 0xBA, 0x4C, 0xDB, 0x1F, 
0xA4, 0xF0, 0xCD, 0x25, 0x10, 0xDC, 0x49, 0x00, 0x87, 0xDA, 0x53, 0x10, 0x10, 0x55, 0xDC, 0x85, 
0x00, 0x00, 0x00, 0x4B, 0xBB, 0xEF, 0xEF, 0xBB, 0x4B, 0x00, 0x00, 0x00, 0x00, 0x1F, 0xB2, 0x32, 
0xC0, 0x1F, 0x00, 0x1F, 0xB7, 0x35, 0xC0, 0x20, 0x00, 0x1E, 0xBC, 0x3A, 0xC0, 0x21, 0x00, 0x00, 
0xD1, 0x2C, 0xD1, 0x2E, 0x00, 0x00, 0x00, 0x94, 0x62, 0x94, 0x6C, 0x00, 0x00, 0x00, 0x27, 0xC6, 
0x27, 0xD7, 0x01, 0x00, 0x00, 0x00, 0xB7, 0x2D, 0xB7, 0x48, 0x00, 0x00, 0xD8, 0xFF, 0xFF, 0xFF, 
0x23, 0x00, 0x00, 0x49, 0xB9, 0xEE, 0xEF, 0xB9, 0x47, 0x00, 0x00, 0x00, 0x84, 0xDA, 0x54, 0x10, 
0x11, 0x54, 0xDA, 0x83, 0x00, 0x49, 0xFF, 0xFF, 0xFF, 0xFA, 0xD1, 0x42, 0x10, 0xDC, 0x49, 0xBA, 
0x57, 0x30, 0xFF, 0x08, 0x51, 0xE6, 0x00, 0x56, 0xBA, 0xEF, 0x10, 0x00, 0xFF, 0x07, 0x57, 0xD3, 
0x00, 0x11, 0xEF, 0xF0, 0x10, 0x00, 0xFF, 0xFF, 0xB1, 0x1E, 0x00, 0x10, 0xEE, 0xBC, 0x58, 0x34, 
0xFF, 0x1E, 0xBC, 0x1C, 0x00, 0x55, 0xBA, 0x4C, 0xFF, 0xFF, 0xFF, 0xFF, 0xFF, 0xBF, 0xB5, 0xDC, 
0x49, 0x00, 0x87, 0xDA, 0x53, 0x10, 0x10, 0x55, 0xDC, 0x85, 0x00, 0x00, 0x00, 0x4B, 0xBB, 0xEF, 
0xEF, 0xBB, 0x4B, 0x00, 0x00, 0x49, 0xE3, 0xE3, 0x47, 0xE4, 0x3A, 0x3B, 0xE3, 0xE4, 0x3A, 0x3C, 
0xE3, 0x4B, 0xE4, 0xE4, 0x49, 0x00, 0x00, 0x00, 0xFF, 0x00, 0x00, 0x00, 0x00, 0x00, 0x00, 0xFF, 
0x00, 0x00, 0x00, 0x00, 0x00, 0x00, 0xFF, 0x00, 0x00, 0x00, 0xFF, 0xFF, 0xFF, 0xFF, 0xFF, 0xFF, 
0xFF, 0x00, 0x00, 0x00, 0xFF, 0x00, 0x00, 0x00, 0x00, 0x00, 0x00, 0xFF, 0x00, 0x00, 0x00, 0x00, 
0x00, 0x00, 0xFF, 0x00, 0x00, 0x00, 0xFF, 0xFF, 0xFF, 0xFF, 0xFF, 0xFF, 0xFF, 0x40, 0xBF, 0xC0, 
0x3F, 0xB5, 0x00, 0x00, 0x49, 0xB6, 0x16, 0xB2, 0x00, 0x00, 0x00, 0x01, 0xD8, 0x26, 0xB5, 0x26, 
0x00, 0x00, 0x00, 0x6D, 0x93, 0x5B, 0x93, 0x00, 0x00, 0x00, 0x2E, 0xD1, 0x27, 0xD1, 0x00, 0x00, 
0x21, 0xC0, 0x2B, 0xAF, 0x1E, 0x00, 0x20, 0xC0, 0x22, 0x94, 0x1F, 0x00, 0x20, 0xC0, 0x1F, 0x73, 
0x1F, 0x00, 0x00, 0x8D, 0x01, 0x00, 0x00, 0x01, 0x8D, 0x66, 0xA1, 0x06, 0x06, 0xA0, 0x64, 0x00, 
0x38, 0xA3, 0xA2, 0x36, 0x00, 0x00, 0x38, 0xA4, 0xA5, 0x39, 0x00, 0x65, 0xA1, 0x06, 0x07, 0xA2, 
0x66, 0x8E, 0x01, 0x00, 0x00, 0x01, 0x8E, 0x00, 0x00, 0x00, 0xB4, 0x00, 0x00, 0x00, 0x00, 0x00, 
0x00, 0x00, 0x00, 0x00, 0x00, 0xFF, 0xFF, 0xFF, 0xFF, 0xFF, 0xFF, 0xFF, 0x00, 0x00, 0x00, 0x00, 
0x00, 0x00, 0x00, 0x00, 0x00, 0x00, 0xB4, 0x00, 0x00, 0x00, 0x00, 0x00, 0x00, 0x00, 0x00, 0x38, 
0xBF, 0x02, 0xB0, 0x47, 0x00, 0x00, 0x00, 0x00, 0x00, 0x1A, 0x6F, 0x00, 0x66, 0x23, 0x00, 0x00, 
0x00, 0x39, 0x44, 0x44, 0x44, 0x44, 0x44, 0x38, 0x00, 0x00, 0x00, 0x08, 0xEC, 0x8E, 0x3C, 0x44, 
0x94, 0xA9, 0x00, 0x00, 0x00, 0x0D, 0xFB, 0x29, 0x00, 0x00, 0x01, 0x5A, 0x00, 0x00, 0x00, 0x52, 
0xDF, 0x00, 0x00, 0x21, 0x00, 0x00, 0x00, 0x00, 0x00, 0x9C, 0xA4, 0x20, 0x5A, 0x5B, 0x00, 0x00, 
0x00, 0x00, 0x00, 0xE5, 0x88, 0x64, 0xCC, 0x1B, 0x00, 0x00, 0x00, 0x00, 0x31, 0xF8, 0x0B, 0x00, 
0x4C, 0x00, 0x00, 0x00, 0x00, 0x00, 0x7C, 0xBA, 0x00, 0x00, 0x00, 0x00, 0x33, 0x00, 0x00, 0x00, 
0xC7, 0x74, 0x00, 0x00, 0x00, 0x59, 0x58, 0x00, 0x11, 0x6D, 0xFF, 0xB3, 0x78, 0x86, 0xBC, 0xF5, 
0x0C, 0x00, 0x00, 0x00, 0x00, 0x00, 0x00, 0x00, 0x18, 0xF1, 0x00, 0x00, 0x00, 0x00, 0x00, 0x00, 
0x00, 0x00, 0x95, 0xFF, 0x00, 0x00, 0x00, 0x00, 0x00, 0x00, 0x00, 0x41, 0x7E, 0xFF, 0x00, 0x00, 
0x00, 0x00, 0x00, 0x00, 0x05, 0xC6, 0x0F, 0xFF, 0x00, 0x00, 0x00, 0x00, 0x00, 0x00, 0x79, 0x7F, 
0x00, 0xFF, 0x00, 0x00, 0x00, 0x00, 0x00, 0x1E, 0xE5, 0x0F, 0x00, 0xFF, 0x00, 0x00, 0x00, 0x00, 
0x00, 0xB0, 0xFF, 0xFF, 0xFF, 0xFF, 0x00, 0x00, 0x00, 0x00, 0x4B, 0xC3, 0x01, 0x00, 0x00, 0xFC, 
0x00, 0x00, 0x09, 0x5C, 0xDC, 0x27, 0x00, 0x00, 0x3D, 0xFA, 0x1F, 0x00, 0x9E, 0xFF, 0xFF, 0x69, 
0x00, 0x5E, 0xFF, 0xFF, 0xFF, 0x1D, 0x00, 0x00, 0x00, 0x72, 0xFF, 0xFF, 0xFF, 0xFF, 0xFF, 0x2C, 
0x00, 0x00, 0x00, 0x02, 0x58, 0x8F, 0x00, 0x09, 0xD6, 0x0E, 0x00, 0x00, 0x00, 0x00, 0xAA, 0x45, 
0x00, 0x00, 0x00, 0x00, 0x00, 0x00, 0x00, 0x0B, 0xEB, 0x06, 0x00, 0x00, 0x00, 0x00, 0x00, 0x00, 
0x00, 0x51, 0xFF, 0xFD, 0xDA, 0x34, 0x00, 0x00, 0x00, 0x00, 0x00, 0x9E, 0x61, 0x12, 0x94, 0xC4, 
0x00, 0x00, 0x00, 0x00, 0x01, 0xE6, 0x16, 0x00, 0x0E, 0xF7, 0x00, 0x00, 0x00, 0x00, 0x37, 0xC7, 
0x00, 0x00, 0x2D, 0xD5, 0x00, 0x00, 0x00, 0x09, 0xA4, 0x85, 0x07, 0x33, 0xCC, 0x4F, 0x00, 0x00, 
0x14, 0xFF, 0xFF, 0xFF, 0xFE, 0xE2, 0x60, 0x00, 0x00, 0x00, 0x00, 0x00, 0x00, 0x94, 0xFF, 0xFF, 
0xFF, 0xF5, 0xBD, 0x2E, 0x00, 0x00, 0x00, 0x02, 0x9F, 0x58, 0x03, 0x16, 0x79, 0xDB, 0x00, 0x00, 
0x00, 0x00, 0xB6, 0x1F, 0x00, 0x00, 0x19, 0xE8, 0x00, 0x00, 0x00, 0x0A, 0xE3, 0x01, 0x12, 0x44, 
0xC4, 0x60, 0x00, 0x00, 0x00, 0x4F, 0xFF, 0xFF, 0xFF, 0xE1, 0x2F, 0x00, 0x00, 0x00, 0x00, 0x9C, 
0x58, 0x03, 0x15, 0x80, 0x98, 0x00, 0x00, 0x00, 0x01, 0xDE, 0x0C, 0x00, 0x00, 0x0B, 0xF4, 0x00, 
0x00, 0x00, 0x37, 0xAC, 0x00, 0x00, 0x00, 0x37, 0xDE, 0x00, 0x00, 0x0A, 0xA7, 0x62, 0x03, 0x1B, 
0x69, 0xE8, 0x6A, 0x00, 0x02, 0xFD, 0xFF, 0xFF, 0xFF, 0xF6, 0xC7, 0x5A, 0x00, 0x00, 0x00, 0x00, 
0x00, 0x42, 0x44, 0x44, 0x44, 0x44, 0x44, 0x44, 0x11, 0x00, 0x00, 0x00, 0x0E, 0xED, 0x8B, 0x34, 
0x34, 0x4A, 0xDD, 0x14, 0x00, 0x00, 0x00, 0x0D, 0xFC, 0x2A, 0x00, 0x00, 0x00, 0x68, 0x00, 0x00, 
0x00, 0x00, 0x53, 0xDF, 0x00, 0x00, 0x00, 0x00, 0x0C, 0x00, 0x00, 0x00, 0x00, 0xA0, 0x94, 0x00, 
0x00, 0x00, 0x00, 0x00, 0x00, 0x00, 0x00, 0x02, 0xEA, 0x49, 0x00, 0x00, 0x00, 0x00, 0x00, 0x00, 
0x00, 0x00, 0x39, 0xF6, 0x08, 0x00, 0x00, 0x00, 0x00, 0x00, 0x00, 0x00, 0x00, 0x86, 0xB4, 0x00, 
0x00, 0x00, 0x00, 0x00, 0x00, 0x00, 0x00, 0x00, 0xD7, 0x6B, 0x00, 0x00, 0x00, 0x00, 0x00, 0x00, 
0x00, 0x20, 0x82, 0xFF, 0x9A, 0x20, 0x00, 0x00, 0x00, 0x00, 0x00, 0x00, 0x00, 0x00, 0x00, 0x00, 
0x1B, 0xFF, 0xFF, 0xFF, 0xFF, 0xFF, 0xFF, 0xF3, 0x00, 0x00, 0x00, 0x00, 0x00, 0x2B, 0xE1, 0x04, 
0x00, 0x47, 0xB4, 0x10, 0x00, 0x00, 0x00, 0x00, 0x00, 0x49, 0x72, 0x00, 0x00, 0x9B, 0x38, 0x00, 
0x00, 0x00, 0x00, 0x00, 0x00, 0xAA, 0x0E, 0x00, 0x03, 0xD4, 0x01, 0x00, 0x00, 0x00, 0x00, 0x00, 
0x3B, 0x82, 0x00, 0x00, 0x44, 0x9F, 0x00, 0x00, 0x00, 0x00, 0x00, 0x00, 0xB6, 0x12, 0x00, 0x00, 
0x99, 0x54, 0x00, 0x00, 0x00, 0x00, 0x00, 0x54, 0x7D, 0x00, 0x00, 0x03, 0xE4, 0x0E, 0x00, 0x00, 
0x00, 0x00, 0x0E, 0xC6, 0x0A, 0x00, 0x00, 0x46, 0xBE, 0x00, 0x00, 0x00, 0x00, 0x20, 0xB9, 0x51, 
0x00, 0x00, 0x10, 0xC2, 0x80, 0x03, 0x00, 0x00, 0x20, 0xFF, 0xFF, 0xFF, 0xFF, 0xFF, 0xFF, 0xFF, 
0xFF, 0xFF, 0x00, 0x00, 0x61, 0xD6, 0x3E, 0x06, 0x00, 0x00, 0x00, 0x07, 0x6D, 0xFF, 0x00, 0x00, 
0x9E, 0x21, 0x00, 0x00, 0x00, 0x00, 0x00, 0x00, 0x01, 0xF5, 0x00, 0x00, 0xD2, 0x00, 0x00, 0x00, 
0x00, 0x00, 0x00, 0x00, 0x00, 0xF8, 0x00, 0x00, 0x00, 0x00, 0x00, 0x8A, 0xFF, 0xFF, 0xFF, 0xFF, 
0xFF, 0xFF, 0x00, 0x00, 0x00, 0x02, 0xA6, 0x7C, 0x00, 0x00, 0x33, 0xFF, 0x00, 0x00, 0x00, 0x00, 
0xB7, 0x1F, 0x14, 0xE5, 0x00, 0xFA, 0x00, 0x00, 0x00, 0x0B, 0xB7, 0x00, 0x62, 0xB2, 0x00, 0x00, 
0x00, 0x00, 0x00, 0x51, 0xFF, 0xFF, 0xFF, 0x7F, 0x00, 0x00, 0x00, 0x00, 0x00, 0x9F, 0x60, 0x18, 
0xF6, 0x4C, 0x00, 0x00, 0x00, 0x00, 0x02, 0xE7, 0x16, 0x00, 0xEF, 0x19, 0x00, 0x00, 0x00, 0x00, 
0x39, 0xC6, 0x00, 0x00, 0x00, 0x4C, 0xD4, 0x00, 0x00, 0x09, 0xAA, 0x7C, 0x00, 0x0D, 0x53, 0xEE, 
0x7F, 0x00, 0x05, 0xFE, 0xFF, 0xFF, 0xFF, 0xFF, 0xFF, 0xFF, 0x2A, 0x00, 0x00, 0x00, 0xAE, 0xF5, 
0x94, 0x00, 0x96, 0xFF, 0xFF, 0xDF, 0x00, 0x11, 0xB3, 0xF6, 0xAE, 0x00, 0x00, 0xCA, 0x53, 0xFA, 
0x08, 0x06, 0x6F, 0xB7, 0x0E, 0x00, 0xBA, 0x4A, 0x8C, 0xC8, 0x00, 0x00, 0x00, 0x00, 0xF7, 0x00, 
0x00, 0xB5, 0x43, 0x00, 0x2A, 0xAD, 0x00, 0x00, 0x00, 0x00, 0x00, 0x00, 0x00, 0xEB, 0x2F, 0x10, 
0xEC, 0x08, 0x2E, 0xBE, 0x20, 0x00, 0x00, 0x00, 0x00, 0x00, 0x00, 0x00, 0xA7, 0xFF, 0xFF, 0xFF, 
0xFF, 0xFB, 0x2F, 0x00, 0x00, 0x00, 0x00, 0x00, 0x00, 0x00, 0x0C, 0xFF, 0x70, 0xA8, 0x61, 0x47, 
0xED, 0x47, 0x00, 0x00, 0x00, 0x00, 0x00, 0x00, 0x00, 0x55, 0xB6, 0x06, 0xEB, 0x12, 0x00, 0x4A, 
0x97, 0x00, 0x00, 0x00, 0x00, 0x00, 0x00, 0x2B, 0xD2, 0x12, 0x41, 0xC1, 0x00, 0x00, 0x00, 0x97, 
0x14, 0x00, 0x00, 0x00, 0x0A, 0x41, 0xD4, 0x32, 0x0E, 0xB7, 0x7D, 0x00, 0x00, 0x00, 0x11, 0x6F, 
0x00, 0x00, 0x00, 0xF6, 0xFF, 0x63, 0x10, 0xFF, 0xFF, 0xFF, 0x55, 0x00, 0x00, 0x00, 0x51, 0xE0, 
0xF8, 0x09, 0x00, 0x00, 0xFF, 0x43, 0xD2, 0xE7, 0x56, 0x00, 0x00, 0xFF, 0x91, 0x1D, 0x3A, 0xEA, 
0x00, 0x00, 0x00, 0x00, 0x00, 0x25, 0xD4, 0x00, 0x00, 0x00, 0x0B, 0x34, 0xB1, 0x32, 0x00, 0x00, 
0x00, 0xEE, 0xE1, 0x1D, 0x00, 0x00, 0x00, 0x00, 0x0E, 0x78, 0xAE, 0x00, 0x00, 0x00, 0x00, 0x00, 
0x0C, 0xF4, 0x00, 0x00, 0x00, 0x00, 0x00, 0x50, 0xCA, 0x00, 0xAE, 0x39, 0x0D, 0x49, 0xE8, 0x49, 
0x00, 0x5E, 0xDB, 0xFB, 0xDA, 0x5C, 0x00, 0x00, 0x00, 0x00, 0x00, 0x90, 0xFF, 0xFF, 0xE7, 0x00, 
0x94, 0xFF, 0xFF, 0xC7, 0x00, 0x00, 0x00, 0x06, 0x71, 0xBD, 0x10, 0x00, 0x52, 0xFD, 0x7D, 0x0A, 
0x00, 0x00, 0x00, 0x00, 0xB6, 0x4A, 0x00, 0x3B, 0xCD, 0xF6, 0x15, 0x00, 0x00, 0x00, 0x00, 0x0C, 
0xEC, 0x07, 0x27, 0xCF, 0x4B, 0xD3, 0x00, 0x00, 0x00, 0x00, 0x00, 0x51, 0xAE, 0x18, 0xCC, 0x29, 
0x71, 0x8F, 0x00, 0x00, 0x00, 0x00, 0x00, 0x9E, 0x6E, 0xC3, 0x39, 0x00, 0xB4, 0x4B, 0x00, 0x00, 
0x00, 0x00, 0x01, 0xE8, 0xCC, 0x4B, 0x00, 0x04, 0xED, 0x0C, 0x00, 0x00, 0x00, 0x00, 0x37, 0xFF, 
0x61, 0x00, 0x00, 0x3B, 0xC2, 0x00, 0x00, 0x00, 0x00, 0x08, 0x9F, 0xAC, 0x01, 0x00, 0x0B, 0xB2, 
0x80, 0x01, 0x00, 0x00, 0x06, 0xFF, 0xFF, 0xFF, 0x81, 0x03, 0xFE, 0xFF, 0xFF, 0x4B, 0x00, 0x00, 
0x00, 0x00, 0x00, 0x00, 0x00, 0xB9, 0x00, 0x00, 0xB4, 0x00, 0x00, 0x00, 0x00, 0x00, 0x00, 0x00, 
0x00, 0xD9, 0x49, 0x5A, 0xD3, 0x00, 0x00, 0x00, 0x00, 0x00, 0x00, 0x00, 0x00, 0x3B, 0xDF, 0xDE, 
0x38, 0x00, 0x00, 0x00, 0x00, 0x00, 0x00, 0x00, 0x00, 0x00, 0x00, 0x00, 0x00, 0x00, 0x00, 0x00, 
0x00, 0x00, 0x00, 0x90, 0xFF, 0xFF, 0xE7, 0x00, 0x94, 0xFF, 0xFF, 0xC7, 0x00, 0x00, 0x00, 0x03, 
0x7A, 0xBD, 0x10, 0x00, 0x52, 0xFD, 0x8B, 0x0A, 0x00, 0x00, 0x00, 0x00, 0xB6, 0x4A, 0x00, 0x3B, 
0xCD, 0xF6, 0x19, 0x00, 0x00, 0x00, 0x00, 0x0C, 0xEC, 0x07, 0x27, 0xCF, 0x4B, 0xD3, 0x00, 0x00, 
0x00, 0x00, 0x00, 0x51, 0xAE, 0x18, 0xCC, 0x29, 0x71, 0x8F, 0x00, 0x00, 0x00, 0x00, 0x00, 0x9E, 
0x6E, 0xC3, 0x39, 0x00, 0xB4, 0x4B, 0x00, 0x00, 0x00, 0x00, 0x01, 0xE8, 0xCC, 0x4B, 0x00, 0x04, 
0xED, 0x0C, 0x00, 0x00, 0x00, 0x00, 0x37, 0xFF, 0x61, 0x00, 0x00, 0x3B, 0xC2, 0x00, 0x00, 0x00, 
0x00, 0x08, 0x9F, 0xAC, 0x01, 0x00, 0x0B, 0xB2, 0x80, 0x01, 0x00, 0x00, 0x06, 0xFF, 0xFF, 0xFF, 
0x81, 0x03, 0xFE, 0xFF, 0xFF, 0x4B, 0x00, 0x00, 0x00, 0x00, 0x00, 0x8E, 0xFF, 0xFF, 0xFF, 0x13, 
0x2D, 0xDA, 0xC3, 0x00, 0x00, 0x00, 0x07, 0x9C, 0xB7, 0x10, 0x00, 0x8A, 0x4E, 0xCF, 0x00, 0x00, 
0x00, 0x00, 0xC1, 0x43, 0x00, 0x54, 0x4A, 0x00, 0x00, 0x00, 0x00, 0x00, 0x10, 0xC5, 0x06, 0x3F, 
0xBD, 0x01, 0x00, 0x00, 0x00, 0x00, 0x00, 0x59, 0xFF, 0xFF, 0xF7, 0x3A, 0x00, 0x00, 0x00, 0x00, 
0x00, 0x00, 0xA6, 0x44, 0xAC, 0x60, 0x00, 0x00, 0x00, 0x00, 0x00, 0x00, 0x04, 0xE4, 0x06, 0x28, 
0xCF, 0x00, 0x00, 0x00, 0x00, 0x00, 0x00, 0x40, 0xB8, 0x00, 0x00, 0xB3, 0x47, 0x00, 0x00, 0x00, 
0x00, 0x0A, 0xAB, 0x81, 0x01, 0x00, 0x40, 0xBE, 0x00, 0x00, 0x00, 0x20, 0xFF, 0xFF, 0xFF, 0x63, 
0x00, 0x00, 0xCD, 0xDA, 0xF4, 0x00, 0x00, 0x07, 0xFF, 0xFF, 0xFF, 0xFF, 0xFF, 0xFF, 0xFF, 0xFF, 
0x93, 0x00, 0x00, 0x08, 0x32, 0xFF, 0x23, 0x00, 0x00, 0xB5, 0x74, 0x04, 0x00, 0x00, 0x00, 0x25, 
0xE3, 0x00, 0x00, 0x13, 0xE6, 0x05, 0x00, 0x00, 0x00, 0x00, 0x62, 0x96, 0x00, 0x00, 0x67, 0x96, 
0x00, 0x00, 0x00, 0x00, 0x00, 0xA6, 0x41, 0x00, 0x00, 0xC0, 0x3C, 0x00, 0x00, 0x00, 0x00, 0x02, 
0xD0, 0x02, 0x00, 0x1B, 0xE0, 0x01, 0x00, 0x00, 0x00, 0x00, 0x38, 0x8B, 0x00, 0x00, 0x72, 0x8A, 
0x00, 0x00, 0x00, 0x00, 0x00, 0x8D, 0x29, 0x00, 0x00, 0xCB, 0x31, 0x00, 0x00, 0x00, 0xCA, 0x2D, 
0xAB, 0x00, 0x02, 0x50, 0xE1, 0x06, 0x00, 0x00, 0x00, 0xAB, 0xE3, 0x2B, 0x00, 0x8E, 0xFF, 0xFF, 
0xC1, 0x00, 0x00, 0x00, 0x00, 0x00, 0x00, 0x8A, 0xFF, 0xF9, 0x02, 0x00, 0x00, 0x00, 0x00, 0x00, 
0x3A, 0xFB, 0xF4, 0x00, 0x00, 0x00, 0x03, 0x8B, 0xFF, 0x1C, 0x00, 0x00, 0x00, 0x00, 0x11, 0xE1, 
0xB2, 0x0B, 0x00, 0x00, 0x00, 0x00, 0xC0, 0xD6, 0x3C, 0x00, 0x00, 0x00, 0x00, 0xAB, 0xF2, 0x41, 
0x00, 0x00, 0x00, 0x00, 0x10, 0xD5, 0x99, 0x5D, 0x00, 0x00, 0x00, 0x6C, 0x8C, 0xEA, 0x04, 0x00, 
0x00, 0x00, 0x00, 0x59, 0x92, 0x7D, 0x7D, 0x00, 0x00, 0x30, 0xB4, 0x5B, 0xA6, 0x00, 0x00, 0x00, 
0x00, 0x00, 0xA5, 0x4B, 0x61, 0x9E, 0x00, 0x0C, 0xC1, 0x17, 0xA6, 0x59, 0x00, 0x00, 0x00, 0x00, 
0x03, 0xE6, 0x0B, 0x46, 0xBE, 0x00, 0x9F, 0x44, 0x03, 0xE9, 0x11, 0x00, 0x00, 0x00, 0x00, 0x3D, 
0xBC, 0x00, 0x2A, 0xDF, 0x5F, 0x83, 0x00, 0x3F, 0xBF, 0x00, 0x00, 0x00, 0x00, 0x09, 0xA4, 0x7C, 
0x01, 0x0D, 0xFC, 0xB6, 0x03, 0x10, 0xBB, 0x7A, 0x00, 0x00, 0x00, 0x32, 0xFF, 0xFF, 0xFF, 0x61, 
0x00, 0xDD, 0x1B, 0x34, 0xFF, 0xFF, 0xFF, 0x6F, 0x00, 0x00, 0x00, 0x00, 0x00, 0x8E, 0xFF, 0xFF, 
0xE5, 0x00, 0x8E, 0xFF, 0xFF, 0xFC, 0x01, 0x00, 0x00, 0x00, 0x02, 0xA0, 0x76, 0x0E, 0x00, 0x01, 
0xA6, 0x89, 0x0D, 0x00, 0x00, 0x00, 0x00, 0x00, 0xB7, 0x44, 0x00, 0x00, 0x00, 0xCD, 0x46, 0x00, 
0x00, 0x00, 0x00, 0x00, 0x0A, 0xED, 0x09, 0x00, 0x00, 0x0F, 0xF1, 0x08, 0x00, 0x00, 0x00, 0x00, 
0x00, 0x50, 0xFF, 0xFF, 0xFF, 0xFF, 0xFF, 0xAF, 0x00, 0x00, 0x00, 0x00, 0x00, 0x00, 0x9D, 0x64, 
0x00, 0x00, 0x00, 0x9F, 0x62, 0x00, 0x00, 0x00, 0x00, 0x00, 0x01, 0xE6, 0x18, 0x00, 0x00, 0x02, 
0xE7, 0x17, 0x00, 0x00, 0x00, 0x00, 0x00, 0x38, 0xC8, 0x00, 0x00, 0x00, 0x38, 0xC7, 0x00, 0x00, 
0x00, 0x00, 0x00, 0x09, 0xA9, 0x80, 0x00, 0x00, 0x09, 0xA9, 0x80, 0x00, 0x00, 0x00, 0x00, 0x05, 
0xFE, 0xFF, 0xFF, 0x57, 0x05, 0xFE, 0xFF, 0xFF, 0x55, 0x00, 0x00, 0x00, 0x00, 0x00, 0x00, 0x4D, 
0xBF, 0xF3, 0xE7, 0x56, 0x00, 0x00, 0x03, 0x97, 0xC2, 0x46, 0x09, 0x22, 0xB7, 0x3E, 0x00, 0x8C, 
0x75, 0x01, 0x00, 0x00, 0x00, 0x23, 0xCE, 0x2F, 0x9D, 0x00, 0x00, 0x00, 0x00, 0x00, 0x07, 0xF5, 
0x9A, 0x40, 0x00, 0x00, 0x00, 0x00, 0x00, 0x19, 0xD6, 0xDE, 0x17, 0x00, 0x00, 0x00, 0x00, 0x00, 
0x2D, 0x8D, 0xF8, 0x05, 0x00, 0x00, 0x00, 0x00, 0x00, 0x78, 0x27, 0xE0, 0x27, 0x00, 0x00, 0x00, 
0x00, 0x66, 0x80, 0x00, 0x7E, 0xBE, 0x23, 0x09, 0x48, 0xC6, 0x9F, 0x04, 0x00, 0x03, 0x8A, 0xEA, 
0xF0, 0xC2, 0x54, 0x00, 0x00, 0x00, 0x00, 0x00, 0x00, 0x43, 0x44, 0x44, 0x44, 0x44, 0x44, 0x44, 
0x44, 0x44, 0x10, 0x00, 0x00, 0x00, 0x12, 0xED, 0x8E, 0x34, 0x34, 0x34, 0x6E, 0xF7, 0x2B, 0x00, 
0x00, 0x00, 0x00, 0x0D, 0xFA, 0x2F, 0x00, 0x00, 0x00, 0x8D, 0xAC, 0x00, 0x00, 0x00, 0x00, 0x00, 
0x54, 0xE4, 0x00, 0x00, 0x00, 0x00, 0xD9, 0x5E, 0x00, 0x00, 0x00, 0x00, 0x00, 0xA0, 0x9A, 0x00, 
0x00, 0x00, 0x23, 0xFD, 0x15, 0x00, 0x00, 0x00, 0x00, 0x02, 0xEA, 0x50, 0x00, 0x00, 0x00, 0x6F, 
0xC8, 0x00, 0x00, 0x00, 0x00, 0x00, 0x39, 0xF9, 0x0C, 0x00, 0x00, 0x00, 0xBA, 0x7E, 0x00, 0x00, 
0x00, 0x00, 0x00, 0x85, 0xBB, 0x00, 0x00, 0x00, 0x0C, 0xF9, 0x33, 0x00, 0x00, 0x00, 0x00, 0x00, 
0xD3, 0x77, 0x00, 0x00, 0x00, 0x56, 0xEB, 0x01, 0x00, 0x00, 0x00, 0x18, 0x7A, 0xFF, 0xA2, 0x19, 
0x00, 0x41, 0xD7, 0xED, 0x3B, 0x00, 0x00, 0x00, 0x00, 0x00, 0x00, 0x92, 0xFF, 0xFF, 0xFF, 0xF1, 
0xB4, 0x1D, 0x00, 0x00, 0x00, 0x05, 0xAC, 0x6E, 0x05, 0x11, 0x84, 0xBA, 0x00, 0x00, 0x00, 0x00, 
0xBB, 0x24, 0x00, 0x00, 0x0B, 0xF4, 0x00, 0x00, 0x00, 0x0C, 0xDE, 0x00, 0x00, 0x00, 0x46, 0xCE, 
0x00, 0x00, 0x00, 0x52, 0xBE, 0x0F, 0x0C, 0x52, 0xE4, 0x47, 0x00, 0x00, 0x00, 0x9F, 0xAE, 0xDE, 
0xF3, 0xBC, 0x3C, 0x00, 0x00, 0x00, 0x02, 0xE6, 0x13, 0x00, 0x00, 0x00, 0x00, 0x00, 0x00, 0x00, 
0x38, 0xC3, 0x00, 0x00, 0x00, 0x00, 0x00, 0x00, 0x00, 0x0B, 0xAD, 0x79, 0x00, 0x00, 0x00, 0x00, 
0x00, 0x00, 0x12, 0xFF, 0xFF, 0xFF, 0x55, 0x00, 0x00, 0x00, 0x00, 0x00, 0x00, 0x00, 0x0D, 0x7C, 
0xD8, 0xF1, 0x8C, 0x41, 0xDF, 0x00, 0x1E, 0xCF, 0x79, 0x19, 0x0E, 0x64, 0xFF, 0x9F, 0x03, 0xC9, 
0x57, 0x00, 0x00, 0x00, 0x20, 0xFF, 0x5F, 0x5E, 0xB4, 0x00, 0x00, 0x00, 0x00, 0x04, 0xFF, 0x1F, 
0xBC, 0x4C, 0x00, 0x00, 0x00, 0x00, 0x00, 0x00, 0x00, 0xEA, 0x14, 0x00, 0x00, 0x00, 0x00, 0x00, 
0x00, 0x00, 0xF7, 0x0C, 0x00, 0x00, 0x00, 0x00, 0x00, 0x00, 0x00, 0xCA, 0x4B, 0x00, 0x00, 0x00, 
0x00, 0x66, 0x00, 0x00, 0x56, 0xE3, 0x4B, 0x0C, 0x22, 0x96, 0x2B, 0x00, 0x00, 0x00, 0x5F, 0xD8, 
0xF6, 0xC9, 0x3A, 0x00, 0x00, 0x00, 0x00, 0x26, 0xFF, 0xFF, 0xFF, 0xFF, 0xFF, 0xFF, 0xED, 0x03, 
0x00, 0x72, 0xBE, 0x1E, 0x60, 0x9D, 0x00, 0x32, 0xA5, 0x00, 0x00, 0x00, 0x00, 0x00, 0xAB, 0x50, 
0x00, 0x00, 0x00, 0x00, 0x00, 0x00, 0x00, 0x06, 0xEA, 0x0B, 0x00, 0x00, 0x00, 0x00, 0x00, 0x00, 
0x00, 0x45, 0xB6, 0x00, 0x00, 0x00, 0x00, 0x00, 0x00, 0x00, 0x00, 0x92, 0x69, 0x00, 0x00, 0x00, 
0x00, 0x00, 0x00, 0x00, 0x00, 0xDE, 0x1D, 0x00, 0x00, 0x00, 0x00, 0x00, 0x00, 0x00, 0x2C, 0xCF, 
0x00, 0x00, 0x00, 0x00, 0x00, 0x00, 0x00, 0x0E, 0xAC, 0x7F, 0x00, 0x00, 0x00, 0x00, 0x00, 0x00, 
0x1E, 0xFF, 0xFF, 0xFF, 0x9D, 0x00, 0x00, 0x00, 0x00, 0x00, 0x0E, 0xFF, 0xFF, 0xFF, 0xFF, 0x21, 
0x00, 0x00, 0x92, 0xFF, 0xFF, 0x7D, 0x00, 0x12, 0x6C, 0xFF, 0x20, 0x00, 0x00, 0x00, 0x06, 0xCC, 
0x7F, 0x05, 0x00, 0x00, 0x00, 0xC7, 0x31, 0x00, 0x00, 0x00, 0x4C, 0xB1, 0x00, 0x00, 0x00, 0x00, 
0x00, 0x7B, 0x79, 0x00, 0x00, 0x16, 0xD2, 0x16, 0x00, 0x00, 0x00, 0x00, 0x00, 0x35, 0xC2, 0x00, 
0x00, 0xB2, 0x4D, 0x00, 0x00, 0x00, 0x00, 0x00, 0x00, 0x02, 0xE7, 0x0E, 0x68, 0x9B, 0x00, 0x00, 
0x00, 0x00, 0x00, 0x00, 0x00, 0x00, 0xA7, 0x78, 0xD2, 0x0C, 0x00, 0x00, 0x00, 0x00, 0x00, 0x00, 
0x00, 0x00, 0x60, 0xFE, 0x3D, 0x00, 0x00, 0x00, 0x00, 0x00, 0x00, 0x00, 0xD4, 0x1B, 0x8A, 0x96, 
0x00, 0x00, 0x00, 0x00, 0x00, 0x00, 0x00, 0x00, 0x99, 0xEE, 0x8D, 0x04, 0x00, 0x00, 0x00, 0x00, 
0x00, 0x00, 0x00, 0x00, 0x00, 0x94, 0xFF, 0xFF, 0xFF, 0x93, 0x00, 0x00, 0x00, 0x00, 0x00, 0x02, 
0x11, 0x74, 0x36, 0x04, 0x00, 0x00, 0x00, 0x1D, 0xA5, 0xE2, 0xF8, 0xFD, 0xF4, 0xD8, 0x95, 0x11, 
0x23, 0xD1, 0x64, 0x26, 0x1A, 0xDC, 0x0B, 0x27, 0x91, 0xB6, 0xB8, 0x50, 0x00, 0x00, 0x58, 0x77, 
0x00, 0x00, 0x11, 0xF5, 0xF4, 0x0C, 0x00, 0x00, 0x9C, 0x13, 0x00, 0x00, 0x61, 0xBD, 0xBD, 0x72, 
0x13, 0x05, 0x8E, 0x0D, 0x2D, 0x77, 0xD4, 0x23, 0x14, 0x9F, 0xE8, 0xFD, 0xFE, 0xEC, 0xC1, 0x75, 
0x0D, 0x00, 0x00, 0x00, 0x00, 0x84, 0x4A, 0x01, 0x00, 0x00, 0x00, 0x00, 0x00, 0xE7, 0xEA, 0xFD, 
0xFF, 0xFF, 0x51, 0x00, 0x00, 0x00, 0x00, 0x00, 0x00, 0xB4, 0xFF, 0xFF, 0x69, 0xC6, 0xFF, 0xFF, 
0xFF, 0xE9, 0x00, 0x00, 0x00, 0x0A, 0xAE, 0x8D, 0x00, 0x00, 0x23, 0xE5, 0x73, 0x1A, 0x00, 0x00, 
0x00, 0x00, 0x38, 0xCA, 0x00, 0x17, 0xC0, 0x2C, 0x00, 0x00, 0x00, 0x00, 0x00, 0x00, 0x02, 0xEB, 
0x2D, 0xBC, 0x27, 0x00, 0x00, 0x00, 0x00, 0x00, 0x00, 0x00, 0x00, 0xAB, 0xD7, 0x24, 0x00, 0x00, 
0x00, 0x00, 0x00, 0x00, 0x00, 0x00, 0x1E, 0xD6, 0x9D, 0x00, 0x00, 0x00, 0x00, 0x00, 0x00, 0x00, 
0x00, 0x21, 0xBC, 0x3A, 0xE3, 0x00, 0x00, 0x00, 0x00, 0x00, 0x00, 0x00, 0x25, 0xBC, 0x1B, 0x00, 
0xD6, 0x2A, 0x00, 0x00, 0x00, 0x00, 0x14, 0x63, 0xB7, 0x12, 0x00, 0x03, 0x9D, 0x86, 0x04, 0x00, 
0x00, 0x00, 0xFF, 0xFF, 0xFF, 0x4D, 0x00, 0x9E, 0xFF, 0xFF, 0xED, 0x00, 0x00, 0x00, 0x00, 0x00, 
0x00, 0x7E, 0xFF, 0xFF, 0xDF, 0x00, 0x96, 0xFF, 0xFF, 0xF5, 0x00, 0x00, 0x00, 0x05, 0x88, 0xB9, 
0x0E, 0x00, 0x06, 0x95, 0xBD, 0x10, 0x00, 0x00, 0x00, 0x00, 0xB9, 0x45, 0x00, 0x00, 0x00, 0xBE, 
0x46, 0x00, 0x00, 0x00, 0x00, 0x0B, 0xE8, 0x05, 0x00, 0x00, 0x0D, 0xEA, 0x05, 0x00, 0x00, 0x00, 
0x00, 0x51, 0xA8, 0x00, 0x00, 0x00, 0x54, 0xAA, 0x00, 0x00, 0x00, 0x00, 0x00, 0x9E, 0x5C, 0x00, 
0x00, 0x00, 0xA0, 0x5D, 0x00, 0x00, 0x00, 0x00, 0x02, 0xE6, 0x13, 0x00, 0x00, 0x02, 0xE7, 0x14, 
0x00, 0x00, 0x00, 0x00, 0x39, 0xC3, 0x00, 0x00, 0x00, 0x3A, 0xC5, 0x00, 0x00, 0x00, 0x00, 0x0B, 
0xAE, 0x84, 0x00, 0x00, 0x09, 0xB1, 0x87, 0x03, 0x00, 0x00, 0x09, 0xFF, 0xFF, 0xFF, 0xFF, 0xFF, 
0xFF, 0xFF, 0xFF, 0xDF, 0x00, 0x00, 0x00, 0x00, 0x00, 0x00, 0x00, 0x00, 0x02, 0x3E, 0xFD, 0x9F, 
0x00, 0x00, 0x00, 0x00, 0x00, 0x00, 0x00, 0x00, 0x00, 0x00, 0xD4, 0x5F, 0x00, 0x00, 0x00, 0x00, 
0x00, 0x00, 0x00, 0x00, 0x00, 0x00, 0xE2, 0x1F, 0x00, 0x00, 0x60, 0xFF, 0xFF, 0xFF, 0x1B, 0x00, 
0xB0, 0xFF, 0xFF, 0xFF, 0x75, 0x03, 0x84, 0xE3, 0x1A, 0x00, 0x00, 0x04, 0x5F, 0xC7, 0x21, 0x02, 
0x00, 0xBF, 0x74, 0x00, 0x00, 0x00, 0x00, 0xB6, 0x49, 0x00, 0x00, 0x0B, 0xE9, 0x0B, 0x00, 0x00, 
0x00, 0x1F, 0xEE, 0x05, 0x00, 0x00, 0x25, 0xDE, 0x23, 0x03, 0x09, 0x20, 0x93, 0xA7, 0x00, 0x00, 
0x00, 0x00, 0x62, 0xD6, 0xF6, 0xDA, 0x97, 0xDE, 0x5A, 0x00, 0x00, 0x00, 0x00, 0x00, 0x00, 0x00, 
0x00, 0x09, 0xF3, 0x11, 0x00, 0x00, 0x00, 0x00, 0x00, 0x00, 0x00, 0x00, 0x46, 0xBF, 0x00, 0x00, 
0x00, 0x00, 0x00, 0x00, 0x00, 0x00, 0x0D, 0xB2, 0x79, 0x00, 0x00, 0x00, 0x00, 0x00, 0x00, 0x00, 
0x16, 0xFF, 0xFF, 0xFF, 0x4D, 0x00, 0x00, 0x00, 0x00, 0x00, 0x7A, 0xFF, 0xFF, 0xFF, 0xBF, 0x3A, 
0xFF, 0xFF, 0xFF, 0xB5, 0x3A, 0xFF, 0xFF, 0xFF, 0xBD, 0x00, 0x00, 0x01, 0x11, 0xB2, 0x91, 0x0C, 
0x00, 0x13, 0xB9, 0x87, 0x0C, 0x00, 0x11, 0xB7, 0x94, 0x0D, 0x00, 0x00, 0x00, 0x00, 0xC0, 0x2F, 
0x00, 0x00, 0x00, 0xC2, 0x3C, 0x00, 0x00, 0x00, 0xBD, 0x32, 0x00, 0x00, 0x00, 0x00, 0x10, 0xE9, 
0x03, 0x00, 0x00, 0x10, 0xEA, 0x04, 0x00, 0x00, 0x0E, 0xEB, 0x05, 0x00, 0x00, 0x00, 0x00, 0x59, 
0xA4, 0x00, 0x00, 0x00, 0x59, 0xA6, 0x00, 0x00, 0x00, 0x56, 0xAA, 0x00, 0x00, 0x00, 0x00, 0x00, 
0xA6, 0x57, 0x00, 0x00, 0x00, 0xA5, 0x59, 0x00, 0x00, 0x00, 0xA4, 0x5E, 0x00, 0x00, 0x00, 0x00, 
0x04, 0xE9, 0x0F, 0x00, 0x00, 0x03, 0xE9, 0x11, 0x00, 0x00, 0x03, 0xEA, 0x14, 0x00, 0x00, 0x00, 
0x00, 0x40, 0xBD, 0x00, 0x00, 0x00, 0x3C, 0xC0, 0x00, 0x00, 0x00, 0x3F, 0xC5, 0x00, 0x00, 0x00, 
0x00, 0x00, 0x9A, 0x82, 0x00, 0x00, 0x00, 0x96, 0x85, 0x00, 0x00, 0x00, 0x94, 0x82, 0x03, 0x00, 
0x00, 0x99, 0xF5, 0xFF, 0xFF, 0xFF, 0xFF, 0xF1, 0xFD, 0xFF, 0xFF, 0xFF, 0xFA, 0xFE, 0xFF, 0xFF, 
0x99, 0x00, 0x00, 0x00, 0xBA, 0xFF, 0xFF, 0xFF, 0x83, 0x7A, 0xFF, 0xFF, 0xFF, 0x75, 0x7A, 0xFF, 
0xFF, 0xFF, 0x7D, 0x00, 0x00, 0x03, 0x1C, 0xE5, 0x5B, 0x05, 0x02, 0x21, 0xE9, 0x4F, 0x05, 0x02, 
0x1E, 0xE8, 0x5C, 0x05, 0x00, 0x00, 0x00, 0x09, 0xEB, 0x00, 0x00, 0x00, 0x09, 0xEE, 0x06, 0x00, 
0x00, 0x07, 0xE9, 0x00, 0x00, 0x00, 0x00, 0x00, 0x4C, 0xB5, 0x00, 0x00, 0x00, 0x4C, 0xB2, 0x00, 
0x00, 0x00, 0x48, 0xB5, 0x00, 0x00, 0x00, 0x00, 0x00, 0x99, 0x68, 0x00, 0x00, 0x00, 0x98, 0x66, 
0x00, 0x00, 0x00, 0x96, 0x68, 0x00, 0x00, 0x00, 0x00, 0x01, 0xE4, 0x1C, 0x00, 0x00, 0x00, 0xE2, 
0x1A, 0x00, 0x00, 0x00, 0xE2, 0x1C, 0x00, 0x00, 0x00, 0x00, 0x33, 0xCE, 0x00, 0x00, 0x00, 0x31, 
0xCD, 0x00, 0x00, 0x00, 0x31, 0xCE, 0x00, 0x00, 0x00, 0x00, 0x00, 0x80, 0x81, 0x00, 0x00, 0x00, 
0x7D, 0x80, 0x00, 0x00, 0x00, 0x7F, 0x81, 0x00, 0x00, 0x00, 0x00, 0x01, 0xD4, 0x47, 0x00, 0x00, 
0x09, 0xD6, 0x46, 0x00, 0x00, 0x01, 0xD2, 0x3C, 0x00, 0x00, 0x00, 0x28, 0xF8, 0xFF, 0xFF, 0xFF, 
0xFF, 0xFF, 0xFF, 0xFF, 0xFF, 0xFF, 0xF9, 0xFF, 0x9F, 0x00, 0x00, 0x00, 0x00, 0x00, 0x00, 0x00, 
0x00, 0x00, 0x00, 0x00, 0x00, 0x00, 0x03, 0x71, 0xFF, 0x5F, 0x00, 0x00, 0x00, 0x00, 0x00, 0x00, 
0x00, 0x00, 0x00, 0x00, 0x00, 0x00, 0x00, 0x00, 0x1C, 0xFF, 0x1F, 0x00, 0x00, 0x00, 0x00, 0x00, 
0x00, 0x00, 0x00, 0x00, 0x00, 0x00, 0x00, 0x00, 0x00, 0x26, 0xDF, 0x00, 0x00, 0x00, 0x00, 0x00, 
0x19, 0xFD, 0xFF, 0xFF, 0xFF, 0xD5, 0x00, 0x00, 0x00, 0x74, 0xC6, 0x21, 0x84, 0x8A, 0x09, 0x00, 
0x00, 0x00, 0xD1, 0x30, 0x00, 0xCC, 0x2F, 0x00, 0x00, 0x00, 0x00, 0x00, 0x00, 0x17, 0xE3, 0x00, 
0x00, 0x00, 0x00, 0x00, 0x00, 0x00, 0x61, 0xFF, 0xFF, 0xF1, 0xB0, 0x17, 0x00, 0x00, 0x00, 0xAC, 
0x4D, 0x0F, 0x26, 0x84, 0xAE, 0x00, 0x00, 0x05, 0xE3, 0x07, 0x00, 0x00, 0x0E, 0xF4, 0x00, 0x00, 
0x41, 0xA6, 0x00, 0x00, 0x00, 0x3C, 0xDC, 0x00, 0x0A, 0xAB, 0x60, 0x05, 0x19, 0x5B, 0xE5, 0x67, 
0x1C, 0xFF, 0xFF, 0xFF, 0xFF, 0xF8, 0xD5, 0x6B, 0x00, 0x00, 0x00, 0x72, 0xFF, 0xFF, 0xFF, 0xED, 
0x00, 0x00, 0x00, 0x9A, 0xFF, 0xFF, 0xD1, 0x00, 0x00, 0x01, 0x12, 0xB2, 0x8F, 0x0D, 0x00, 0x00, 
0x00, 0x03, 0xB0, 0x87, 0x0D, 0x00, 0x00, 0x00, 0x00, 0xBC, 0x31, 0x00, 0x00, 0x00, 0x00, 0x00, 
0xC1, 0x3A, 0x00, 0x00, 0x00, 0x00, 0x0C, 0xE9, 0x05, 0x00, 0x00, 0x00, 0x00, 0x10, 0xEA, 0x03, 
0x00, 0x00, 0x00, 0x00, 0x52, 0xFF, 0xFF, 0xF1, 0xB2, 0x19, 0x00, 0x59, 0xA5, 0x00, 0x00, 0x00, 
0x00, 0x00, 0x9E, 0x55, 0x0E, 0x24, 0x73, 0xB1, 0x00, 0xA6, 0x58, 0x00, 0x00, 0x00, 0x00, 0x01, 
0xDE, 0x0A, 0x00, 0x00, 0x09, 0xF5, 0x04, 0xEA, 0x10, 0x00, 0x00, 0x00, 0x00, 0x37, 0xAB, 0x00, 
0x00, 0x00, 0x3B, 0xDC, 0x3F, 0xBF, 0x00, 0x00, 0x00, 0x00, 0x09, 0xA4, 0x64, 0x05, 0x18, 0x5A, 
0xE4, 0x73, 0xB4, 0x77, 0x00, 0x00, 0x00, 0x14, 0xFF, 0xFF, 0xFF, 0xFF, 0xF8, 0xD6, 0x98, 0xFF, 
0xFF, 0xFF, 0x61, 0x00, 0x00, 0x00, 0x00, 0x72, 0xFF, 0xFF, 0xFF, 0xED, 0x00, 0x00, 0x00, 0x00, 
0x01, 0x12, 0xB2, 0x72, 0x0C, 0x00, 0x00, 0x00, 0x00, 0x00, 0x00, 0xBC, 0x23, 0x00, 0x00, 0x00, 
0x00, 0x00, 0x00, 0x0C, 0xE9, 0x05, 0x00, 0x00, 0x00, 0x00, 0x00, 0x00, 0x52, 0xFF, 0xFF, 0xF1, 
0xB2, 0x19, 0x00, 0x00, 0x00, 0x9E, 0x55, 0x0D, 0x21, 0x48, 0xA8, 0x00, 0x00, 0x01, 0xDE, 0x0A, 
0x00, 0x00, 0x01, 0xED, 0x00, 0x00, 0x37, 0xAB, 0x00, 0x00, 0x00, 0x3B, 0xCD, 0x00, 0x09, 0xA4, 
0x64, 0x05, 0x18, 0x5A, 0xD9, 0x36, 0x14, 0xFF, 0xFF, 0xFF, 0xFF, 0xF8, 0xC8, 0x35, 0x00, 0x00, 
0x2A, 0xFF, 0x30, 0x91, 0xEF, 0xE2, 0x6B, 0x00, 0x00, 0x80, 0xFC, 0x81, 0x1D, 0x0B, 0x41, 0xDA, 
0x4D, 0x00, 0xD5, 0x61, 0x00, 0x00, 0x00, 0x00, 0x38, 0xC2, 0x00, 0x00, 0x00, 0x00, 0x00, 0x00, 
0x00, 0x03, 0xEE, 0x00, 0x00, 0x00, 0x00, 0xF0, 0xFF, 0xFF, 0xFF, 0xEF, 0x00, 0x00, 0x00, 0x00, 
0x00, 0x00, 0x00, 0x2B, 0xC8, 0x00, 0x00, 0x00, 0x00, 0x00, 0x00, 0x00, 0x87, 0x6C, 0x08, 0x00, 
0x00, 0x00, 0x00, 0x00, 0x38, 0xD0, 0x09, 0x7A, 0x7A, 0x29, 0x06, 0x15, 0x6A, 0xD4, 0x29, 0x00, 
0x00, 0x67, 0xD3, 0xF8, 0xE1, 0x92, 0x17, 0x00, 0x00, 0x00, 0x00, 0x00, 0x92, 0xFF, 0xFF, 0xCD, 
0x00, 0x00, 0x19, 0x9B, 0xEA, 0xED, 0x9B, 0x08, 0x00, 0x00, 0x00, 0x03, 0x8A, 0xB0, 0x09, 0x00, 
0x28, 0xCC, 0x56, 0x11, 0x10, 0x87, 0x87, 0x00, 0x00, 0x00, 0x00, 0xB4, 0x46, 0x00, 0x0F, 0xD1, 
0x1E, 0x00, 0x00, 0x00, 0x13, 0xE1, 0x00, 0x00, 0x00, 0x0B, 0xEB, 0x06, 0x00, 0x82, 0x72, 0x00, 
0x00, 0x00, 0x00, 0x0B, 0xF6, 0x00, 0x00, 0x00, 0x51, 0xFF, 0xFF, 0xFF, 0xFF, 0x17, 0x00, 0x00, 
0x00, 0x00, 0x33, 0xDA, 0x00, 0x00, 0x00, 0x9E, 0x61, 0x00, 0x00, 0xDB, 0x00, 0x00, 0x00, 0x00, 
0x00, 0x82, 0x9C, 0x00, 0x00, 0x01, 0xE6, 0x16, 0x00, 0x00, 0xF0, 0x00, 0x00, 0x00, 0x00, 0x04, 
0xE3, 0x3A, 0x00, 0x00, 0x37, 0xC7, 0x00, 0x00, 0x00, 0xD8, 0x19, 0x00, 0x00, 0x00, 0x5F, 0xAB, 
0x00, 0x00, 0x0A, 0xAD, 0x7F, 0x01, 0x00, 0x00, 0x7C, 0x6E, 0x08, 0x0A, 0x48, 0xB9, 0x14, 0x00, 
0x24, 0xFF, 0xFF, 0xFF, 0x69, 0x00, 0x00, 0x08, 0xA4, 0xF6, 0xE2, 0x8D, 0x10, 0x00, 0x00, 0x00, 
0x00, 0x00, 0x00, 0x0E, 0x92, 0xE3, 0xFE, 0xFF, 0xFF, 0xEF, 0x00, 0x00, 0x00, 0x00, 0xA9, 0x56, 
0x0C, 0x05, 0x99, 0x89, 0x0F, 0x00, 0x00, 0x00, 0x00, 0xF4, 0x06, 0x00, 0x05, 0xCA, 0x02, 0x00, 
0x00, 0x00, 0x00, 0x00, 0xD6, 0x60, 0x07, 0x5B, 0x9D, 0x00, 0x00, 0x00, 0x00, 0x00, 0x00, 0x37, 
0xF1, 0xFC, 0xFB, 0x63, 0x00, 0x00, 0x00, 0x00, 0x00, 0x05, 0xC3, 0x40, 0x00, 0xC5, 0x28, 0x00, 
0x00, 0x00, 0x00, 0x00, 0x8E, 0x74, 0x00, 0x0A, 0xE7, 0x01, 0x00, 0x00, 0x00, 0x00, 0x57, 0xAB, 
0x00, 0x00, 0x46, 0xB3, 0x00, 0x00, 0x00, 0x09, 0x46, 0xCB, 0x0D, 0x00, 0x0B, 0xB7, 0x73, 0x00, 
0x00, 0x00, 0xFF, 0xF3, 0x29, 0x00, 0x01, 0xF9, 0xFF, 0xFF, 0x4B, 0x00, 0x00, 0x00, 0x00, 0x4F, 
0xD8, 0xD5, 0x5E, 0xEA, 0x02, 0x00, 0x61, 0xDA, 0x37, 0x1B, 0xC1, 0xA0, 0x00, 0x25, 0xE3, 0x1C, 
0x00, 0x00, 0xCF, 0x53, 0x00, 0x99, 0x6E, 0x00, 0x00, 0x18, 0xF4, 0x0D, 0x00, 0xE3, 0x17, 0x00, 
0x00, 0xA3, 0xB9, 0x00, 0x00, 0xF5, 0x39, 0x1D, 0x83, 0xA4, 0x78, 0x48, 0x00, 0x85, 0xF4, 0xB0, 
0x16, 0xA7, 0xB0, 0x48, 0x00, 0x00, 0x00, 0x00, 0x00, 0x00, 0x3A, 0xCA, 0x00, 0x00, 0x38, 0xC0, 
0xEE, 0xD7, 0x3A, 0x00, 0x2D, 0xB2, 0x12, 0x01, 0x00, 0x00, 0x00, 0xBE, 0x68, 0xDE, 0xDB, 0x3B, 
0x00, 0x36, 0xDD, 0x90, 0x16, 0x3C, 0xD2, 0x00, 0x90, 0xC0, 0x01, 0x00, 0x13, 0xF8, 0x00, 0xD4, 
0x42, 0x00, 0x00, 0x4C, 0xDC, 0x00, 0xF5, 0x0D, 0x00, 0x00, 0xBF, 0x84, 0x00, 0xDF, 0x51, 0x0D, 
0x89, 0xD3, 0x0B, 0x00, 0x4B, 0xE3, 0xF2, 0xA3, 0x14, 0x00, 0x00, 0x00, 0x0F, 0xA7, 0xF6, 0xAC, 
0x00, 0xB6, 0x5C, 0x27, 0xEE, 0x53, 0xA0, 0x52, 0xCA, 0x6F, 0xB7, 0xFF, 0xFF, 0xBD, 0x1B, 0xF2, 
0x1E, 0x02, 0x3E, 0xD9, 0xD9, 0x43, 0x0B, 0x6F, 0xD8, 0x45, 0xDD, 0xF5, 0xBE, 0x2B, 0x00, 0x17, 
0xC1, 0xF4, 0x8E, 0x00, 0x7A, 0x20, 0x36, 0xF2, 0x00, 0x00, 0x00, 0x4D, 0x6B, 0x00, 0x3A, 0x50, 
0x21, 0x00, 0x85, 0x45, 0x00, 0x00, 0x00, 0xF4, 0x36, 0x20, 0x7C, 0x00, 0x9A, 0xF6, 0xBD, 0x18, 
0x00, 0x00, 0x00, 0x11, 0xB1, 0x18, 0x00, 0x00, 0x00, 0x00, 0x01, 0x41, 0xA5, 0x08, 0x00, 0x00, 
0x00, 0x00, 0x00, 0x2D, 0x6A, 0x00, 0x00, 0x09, 0x91, 0xF0, 0xD2, 0xC1, 0x00, 0x04, 0xB0, 0x54, 
0x0A, 0x43, 0xEE, 0x00, 0x74, 0x81, 0x00, 0x00, 0x07, 0xFF, 0x02, 0xD8, 0x2C, 0x00, 0x00, 0x23, 
0xEF, 0x00, 0xF9, 0x09, 0x00, 0x00, 0x65, 0x9B, 0x00, 0xD5, 0x4D, 0x07, 0x3C, 0xBE, 0x13, 0x00, 
0x42, 0xE2, 0xF0, 0xA0, 0x16, 0x00, 0x00, 0x00, 0x18, 0xA7, 0xF1, 0xA7, 0x0B, 0xCB, 0x59, 0x25, 
0xF6, 0x7A, 0x64, 0x00, 0x4E, 0xBB, 0xD0, 0x35, 0x6E, 0xDE, 0x25, 0xF7, 0xE3, 0x96, 0x19, 0x00, 
0xDF, 0x3A, 0x0E, 0x68, 0x81, 0x58, 0xEE, 0xED, 0xBD, 0x48, 0x00, 0x15, 0xBD, 0xF1, 0x69, 0x00, 
0x24, 0xD6, 0x00, 0x1B, 0xA2, 0xD7, 0x8A, 0x00, 0x72, 0x1A, 0x54, 0xEA, 0x00, 0x6E, 0x8D, 0x14, 
0xD2, 0x2A, 0x02, 0xBF, 0x00, 0x04, 0x00, 0x0A, 0xF4, 0x00, 0xB7, 0x44, 0x91, 0x8A, 0x00, 0x00, 
0xBC, 0x00, 0x00, 0x00, 0x37, 0xFF, 0xFF, 0xFF, 0xFF, 0xFF, 0x2A, 0x00, 0x00, 0x00, 0x00, 0x00, 
0x00, 0xB3, 0x57, 0x49, 0xB2, 0x00, 0xF4, 0x08, 0x00, 0x00, 0x00, 0xAB, 0x13, 0x93, 0x5C, 0x00, 
0x92, 0x69, 0x00, 0xE7, 0x5A, 0x1D, 0x73, 0x00, 0xB0, 0xE8, 0x4E, 0x00, 0x00, 0xDB, 0x20, 0x00, 
0x64, 0xF0, 0xBE, 0x15, 0x00, 0x00, 0x40, 0xFF, 0xFF, 0xA7, 0x00, 0xC0, 0x6B, 0x2D, 0xF7, 0x00, 
0x00, 0x0B, 0x67, 0xC9, 0x00, 0x09, 0xFF, 0xBA, 0x14, 0x00, 0x00, 0x3A, 0xE7, 0x00, 0x00, 0x04, 
0x62, 0xE6, 0x00, 0x79, 0xEB, 0xE0, 0x3D, 0x00, 0x59, 0xCF, 0x66, 0x00, 0x00, 0xD5, 0x2F, 0x94, 
0xB8, 0x59, 0x00, 0x09, 0xFC, 0x08, 0x00, 0xCA, 0x60, 0x00, 0x00, 0xD5, 0x00, 0x1A, 0xFC, 0x1A, 
0x00, 0x29, 0xB3, 0x00, 0x67, 0xBE, 0x00, 0x0A, 0x91, 0x80, 0x00, 0xAB, 0x69, 0x0B, 0x67, 0x85, 
0x66, 0x54, 0xA9, 0x9E, 0x4F, 0x01, 0xB0, 0xAA, 0x3E, 0x00, 0x00, 0xCB, 0x1D, 0x6F, 0xBB, 0x00, 
0x00, 0x00, 0x91, 0xF5, 0xC4, 0x1B, 0x00, 0x00, 0x00, 0x00, 0x00, 0x00, 0x00, 0x00, 0x1D, 0xCE, 
0x59, 0x00, 0x00, 0x7B, 0x30, 0x82, 0xBF, 0x26, 0x00, 0x00, 0x8C, 0x0C, 0x00, 0xD1, 0x4F, 0x00, 
0x00, 0x98, 0x00, 0x1D, 0xFA, 0x13, 0x00, 0x07, 0xA8, 0x00, 0x68, 0xB8, 0x00, 0x00, 0x54, 0x9B, 
0x00, 0xA9, 0x66, 0x01, 0x3B, 0x86, 0x77, 0x37, 0x9E, 0xA6, 0x49, 0x04, 0xA7, 0xC7, 0x1A, 0x7D, 
0xFE, 0xF0, 0x04, 0x43, 0xE7, 0xBB, 0x00, 0x87, 0xA7, 0x0A, 0xDB, 0x11, 0x00, 0x00, 0xC1, 0x5F, 
0x92, 0x61, 0x00, 0x00, 0x0D, 0xFA, 0xFF, 0x8F, 0x00, 0x00, 0x00, 0x4F, 0xC0, 0x51, 0xE0, 0x04, 
0x00, 0x00, 0x96, 0x73, 0x00, 0xB6, 0x57, 0x00, 0x00, 0xDD, 0x26, 0x00, 0x3B, 0xE3, 0xCE, 0x00, 
0x00, 0x07, 0xFF, 0xFF, 0xFF, 0xFF, 0x74, 0x00, 0x00, 0xC2, 0x81, 0x02, 0xCD, 0x3F, 0x00, 0x00, 
0xC1, 0x4B, 0x04, 0xF5, 0x0C, 0x00, 0x09, 0xEC, 0x09, 0x2D, 0xD3, 0x00, 0x00, 0x4F, 0xA8, 0x00, 
0x5D, 0x9D, 0x00, 0x00, 0xAF, 0x42, 0x00, 0x92, 0x65, 0x00, 0xD8, 0x99, 0x00, 0x00, 0xAD, 0xDE, 
0x5E, 0x00, 0x00, 0x8D, 0xFF, 0x67, 0x00, 0x00, 0x00, 0x2E, 0xE9, 0x04, 0x00, 0x00, 0x12, 0xF9, 
0x8E, 0x00, 0x00, 0x06, 0xCE, 0xA7, 0x00, 0x00, 0x00, 0x29, 0xC9, 0x98, 0x00, 0x00, 0x83, 0xCC, 
0x5A, 0x00, 0x00, 0x00, 0x4A, 0x9C, 0x8A, 0x00, 0x3B, 0x8F, 0xEA, 0x11, 0x00, 0x00, 0x00, 0x73, 
0x63, 0x74, 0x14, 0xC7, 0x4F, 0xC0, 0x00, 0x00, 0x00, 0x00, 0xB7, 0x18, 0x41, 0xC0, 0x66, 0x8A, 
0x73, 0x00, 0x00, 0xC5, 0xB7, 0x66, 0x00, 0x0D, 0xCD, 0x02, 0xA9, 0x9B, 0x59, 0x00, 0xF9, 0xFF, 
0xED, 0x03, 0x00, 0x55, 0xAB, 0x00, 0x76, 0xA5, 0x00, 0x00, 0x95, 0x6A, 0x00, 0xC3, 0x59, 0x00, 
0x00, 0xD4, 0x29, 0x0E, 0xFB, 0xFF, 0xFF, 0xFF, 0xE8, 0x00, 0x50, 0xBD, 0x00, 0x00, 0x59, 0xA7, 
0x00, 0x97, 0x71, 0x00, 0x00, 0x96, 0x9D, 0xA8, 0xDD, 0x25, 0x00, 0x00, 0xAB, 0xAF, 0x0C, 0x00, 
0x0A, 0x8D, 0xEA, 0xDF, 0x3E, 0x06, 0xBF, 0x6B, 0x0D, 0x46, 0xD4, 0x80, 0x62, 0x00, 0x00, 0x00, 
0xEF, 0xCE, 0x01, 0x00, 0x00, 0x0C, 0xD1, 0xE7, 0x00, 0x00, 0x00, 0x68, 0x76, 0xD5, 0x4C, 0x09, 
0x57, 0xC0, 0x07, 0x3E, 0xDE, 0xED, 0x97, 0x0E, 0x00, 0x86, 0xF4, 0x0A, 0x03, 0x8B, 0xED, 0x34, 
0x00, 0x54, 0x04, 0x9A, 0x4B, 0xB1, 0x11, 0x00, 0x91, 0x96, 0x39, 0x13, 0xF9, 0x17, 0x04, 0xE9, 
0x3D, 0x00, 0x43, 0xD1, 0x00, 0x41, 0xB0, 0x00, 0x00, 0x71, 0x9D, 0x00, 0x8D, 0x3D, 0x00, 0x00, 
0xA5, 0x76, 0x58, 0xDA, 0x08, 0x00, 0x00, 0xC6, 0xA4, 0x31, 0x00, 0x00, 0x33, 0xF9, 0x2C, 0x5B, 
0xED, 0x5E, 0x00, 0x00, 0x00, 0x5B, 0x77, 0x4D, 0x37, 0xD2, 0x00, 0x00, 0x00, 0xA7, 0x8B, 0x00, 
0x13, 0xF0, 0x00, 0x00, 0x04, 0xEC, 0x1A, 0x00, 0x4A, 0xB8, 0x00, 0x00, 0x40, 0xBD, 0x00, 0x00, 
0xB9, 0x4E, 0x00, 0x00, 0x8D, 0x9F, 0x0F, 0x86, 0xAF, 0x00, 0x00, 0x00, 0xD9, 0xE5, 0xF3, 0x9A, 
0x0A, 0x00, 0x00, 0x26, 0xBE, 0x00, 0x00, 0x00, 0x00, 0x00, 0x05, 0x8B, 0x6A, 0x00, 0x00, 0x00, 
0x00, 0x00, 0xCC, 0xFF, 0xFF, 0x67, 0x00, 0x00, 0x00, 0x00, 0x00, 0x11, 0xA2, 0xF2, 0xB6, 0x06, 
0xC8, 0x62, 0x0D, 0xCB, 0x71, 0x90, 0x00, 0x00, 0x00, 0xCF, 0x2D, 0x00, 0x00, 0x00, 0xF6, 0x07, 
0x00, 0x20, 0x03, 0xE5, 0x3F, 0x4E, 0xC2, 0x07, 0x61, 0xEF, 0xBE, 0x15, 0x00, 0x02, 0xA0, 0xF4, 
0x12, 0x3B, 0xE1, 0x4A, 0x01, 0x86, 0xEF, 0x3E, 0x00, 0x00, 0x5A, 0x1C, 0x80, 0x74, 0x8A, 0x69, 
0x56, 0x91, 0x6B, 0x00, 0x00, 0xA6, 0x60, 0x08, 0x04, 0xA3, 0x5E, 0x00, 0xC2, 0x66, 0x00, 0x04, 
0xEA, 0x27, 0x00, 0x2E, 0xE9, 0x18, 0x12, 0xFA, 0x1C, 0x00, 0x40, 0xBA, 0x00, 0x00, 0x7C, 0x7C, 
0x00, 0x5D, 0xC3, 0x00, 0x00, 0x8D, 0x6B, 0x00, 0x00, 0xB4, 0x04, 0x00, 0xA6, 0x81, 0x5B, 0x00, 
0xDA, 0x23, 0x00, 0x1A, 0xBF, 0x00, 0x00, 0xC5, 0xB1, 0x31, 0x00, 0x00, 0xFF, 0x8E, 0x00, 0xCC, 
0xBE, 0x00, 0x00, 0x5C, 0xB8, 0x00, 0x40, 0xB6, 0x00, 0x00, 0x38, 0xC9, 0x00, 0x00, 0x62, 0x00, 
0x00, 0x2B, 0xD7, 0x00, 0x42, 0x1A, 0x00, 0x00, 0x20, 0xE6, 0x07, 0x4A, 0x00, 0x00, 0x00, 0x15, 
0xF5, 0x4B, 0x02, 0x00, 0x00, 0x00, 0x0A, 0xF6, 0x22, 0x00, 0x00, 0x00, 0x00, 0x2A, 0x72, 0x00, 
0x00, 0x00, 0xBA, 0x40, 0x8D, 0x02, 0x00, 0x00, 0x00, 0xD8, 0x84, 0x01, 0x00, 0x00, 0x00, 0x00, 
0x00, 0x00, 0x00, 0x00, 0xF7, 0xFE, 0xC7, 0x00, 0x00, 0x00, 0x00, 0x00, 0x00, 0x00, 0x80, 0x80, 
0x00, 0x00, 0x00, 0x00, 0x00, 0x00, 0x00, 0xC0, 0x38, 0x00, 0x00, 0x00, 0x1D, 0xB9, 0xF3, 0x5C, 
0xE9, 0xA1, 0xED, 0x51, 0x09, 0xBD, 0x4E, 0x0D, 0x99, 0xE4, 0x39, 0x2D, 0xDC, 0x79, 0x62, 0x00, 
0x00, 0xAD, 0x71, 0x00, 0x08, 0xF9, 0xD6, 0x2A, 0x00, 0x15, 0xF4, 0x13, 0x00, 0x23, 0xDA, 0xF9, 
0x0C, 0x00, 0x7D, 0xBE, 0x00, 0x00, 0x55, 0x82, 0xDE, 0x2F, 0x3D, 0xF3, 0x8F, 0x07, 0x33, 0xB0, 
0x0D, 0x58, 0xEE, 0xC3, 0xF1, 0xA4, 0xF4, 0xBB, 0x1F, 0x00, 0x00, 0x00, 0x27, 0xD9, 0x00, 0x00, 
0x00, 0x00, 0x00, 0x00, 0x05, 0x8D, 0x96, 0x03, 0x00, 0x00, 0x00, 0x00, 0x00, 0xCE, 0xFF, 0xFF, 
0xFF, 0x73, 0x00, 0x00, 0x00, 0xFF, 0xFF, 0x62, 0x06, 0xA5, 0xD0, 0x03, 0x3D, 0xC7, 0x75, 0x19, 
0x00, 0x00, 0x00, 0xE3, 0x3E, 0x00, 0x00, 0x00, 0x0F, 0xE4, 0x46, 0x00, 0x00, 0x00, 0x48, 0x89, 
0x7E, 0x00, 0x00, 0x01, 0x54, 0x51, 0xB9, 0x75, 0x00, 0xCD, 0x1B, 0x15, 0xE1, 0x82, 0x00, 0x1D, 
0xCE, 0x56, 0x00, 0x00, 0x86, 0x19, 0x82, 0xB9, 0x1D, 0x00, 0x00, 0x8F, 0x01, 0x00, 0xD1, 0x52, 
0x00, 0x04, 0xBB, 0x00, 0x1D, 0xFA, 0x13, 0x00, 0x5F, 0xB0, 0x00, 0x68, 0xB8, 0x00, 0x14, 0x9C, 
0x8C, 0x00, 0xA9, 0x66, 0x07, 0x5E, 0x86, 0x65, 0x03, 0x9F, 0xA4, 0x56, 0x03, 0xA9, 0xAF, 0x01, 
0x00, 0x00, 0x00, 0x00, 0xB3, 0x09, 0x00, 0x00, 0x00, 0x00, 0x3E, 0xE5, 0x00, 0x00, 0x00, 0x00, 
0x00, 0xD1, 0x3B, 0x00, 0x00, 0x07, 0xF0, 0xD7, 0x00, 0x55, 0xAE, 0x00, 0x5C, 0x7B, 0x00, 0x95, 
0x6D, 0x00, 0xF3, 0x28, 0x32, 0xE0, 0x2B, 0x00, 0x91, 0xF2, 0x8C, 0xE7, 0x00, 0x00, 0x00, 0x00, 
0x56, 0xA7, 0x00, 0x00, 0x00, 0x00, 0x95, 0x77, 0x53, 0x00, 0x00, 0x00, 0xAB, 0xB1, 0x2F, 0x12, 
0xCA, 0x47, 0x00, 0x00, 0x93, 0x2E, 0x00, 0x00, 0xB9, 0x2D, 0x80, 0xC2, 0x47, 0x00, 0x00, 0xA3, 
0x08, 0x00, 0x00, 0xC0, 0x06, 0x00, 0xC7, 0x5B, 0x00, 0x03, 0xC4, 0x00, 0x00, 0x0D, 0xCC, 0x00, 
0x18, 0xF7, 0x10, 0x00, 0x48, 0xB2, 0x00, 0x00, 0x7C, 0xAA, 0x00, 0x66, 0xB3, 0x00, 0x03, 0xC5, 
0x88, 0x00, 0x27, 0xF4, 0x7E, 0x00, 0xAB, 0x66, 0x0C, 0x96, 0xC5, 0x5A, 0x12, 0xBE, 0xB2, 0x5E, 
0x51, 0xA4, 0xD4, 0x96, 0x21, 0xA6, 0xA6, 0x77, 0x14, 0xC5, 0xAC, 0x39, 0x10, 0xC2, 0x69, 0x00, 
0x00, 0x75, 0x68, 0x00, 0x00, 0x8B, 0x67, 0x7E, 0xC2, 0x7B, 0x00, 0x00, 0xAD, 0x33, 0x00, 0x00, 
0xB6, 0x30, 0x00, 0xC7, 0x61, 0x00, 0x0F, 0xEF, 0x05, 0x00, 0x0F, 0xEB, 0x03, 0x18, 0xF8, 0x11, 
0x00, 0x7A, 0xC7, 0x00, 0x00, 0x83, 0xC0, 0x00, 0x66, 0xB3, 0x00, 0x19, 0xF1, 0x91, 0x00, 0x2C, 
0xF7, 0x88, 0x00, 0xAB, 0x62, 0x08, 0xB2, 0xC7, 0x5A, 0x13, 0xC1, 0xB2, 0x5E, 0x51, 0xA4, 0xA9, 
0x7D, 0x22, 0xA6, 0xA5, 0x77, 0x13, 0xC4, 0xC0, 0x3A, 0x00, 0x00, 0x00, 0x00, 0x00, 0x00, 0x00, 
0x00, 0xB5, 0x35, 0x00, 0x00, 0x00, 0x00, 0x00, 0x00, 0x00, 0x00, 0x3D, 0xED, 0x00, 0x00, 0x00, 
0x00, 0x00, 0x00, 0x00, 0x00, 0x00, 0xD5, 0x49, 0x00, 0x00, 0x40, 0xFF, 0xFF, 0xE4, 0x01, 0x00, 
0xC0, 0x41, 0x5C, 0x92, 0x00, 0x00, 0x00, 0x00, 0xB2, 0x3F, 0x00, 0x00, 0x00, 0x10, 0xED, 0x9F, 
0xF0, 0x91, 0x00, 0x58, 0xDD, 0x31, 0x27, 0xF3, 0x00, 0x6F, 0xAA, 0x0E, 0x7E, 0xAF, 0x00, 0x17, 
0xCD, 0xF2, 0xAA, 0x13, 0x00, 0xFB, 0xF6, 0x0C, 0x00, 0x00, 0xF6, 0xFF, 0x4E, 0x00, 0x7A, 0xA9, 
0x00, 0x00, 0x00, 0x0D, 0xFF, 0x15, 0x00, 0xBC, 0x50, 0x00, 0x00, 0x00, 0x35, 0xDB, 0x00, 0x12, 
0xF4, 0xA1, 0xF0, 0x93, 0x00, 0x6A, 0xA1, 0x00, 0x57, 0xDE, 0x31, 0x27, 0xF3, 0x00, 0x9E, 0x68, 
0x00, 0x6B, 0xAE, 0x0E, 0x7D, 0xB1, 0x00, 0xD2, 0x81, 0xA3, 0x16, 0xCD, 0xF2, 0xAC, 0x14, 0x00, 
0xE0, 0xB3, 0x0F, 0x00, 0xFB, 0xF6, 0x0C, 0x00, 0x00, 0x7A, 0xA9, 0x00, 0x00, 0x00, 0xBC, 0x50, 
0x00, 0x00, 0x12, 0xF4, 0xA1, 0xF0, 0x93, 0x57, 0xDE, 0x31, 0x27, 0xF3, 0x6B, 0xAE, 0x0E, 0x7D, 
0xB1, 0x16, 0xCD, 0xF2, 0xAC, 0x14, 0x00, 0x40, 0xFF, 0xFD, 0x42, 0x00, 0xC0, 0x64, 0x49, 0xCA, 
0x00, 0x00, 0x00, 0x0A, 0xF6, 0x00, 0x00, 0xFF, 0xFF, 0xE1, 0x00, 0x00, 0x00, 0x43, 0xA2, 0xCE, 
0x69, 0x17, 0xC3, 0x2B, 0x33, 0xDD, 0xE6, 0x55, 0x00, 0x7A, 0xFF, 0xB6, 0x00, 0x0F, 0x93, 0xE9, 
0xDE, 0x3C, 0x00, 0x8B, 0x73, 0x0C, 0xB8, 0x4A, 0x09, 0x44, 0xD3, 0x00, 0xC2, 0x31, 0x84, 0x74, 
0x00, 0x00, 0x07, 0xF8, 0x0D, 0xFB, 0xFF, 0xFF, 0x28, 0x00, 0x00, 0x24, 0xD8, 0x50, 0xA6, 0x00, 
0xF0, 0x08, 0x00, 0x00, 0x66, 0x7A, 0x96, 0x63, 0x00, 0xE4, 0x4C, 0x07, 0x3E, 0xAB, 0x07, 0xDD, 
0x21, 0x00, 0x4B, 0xE3, 0xF1, 0x9C, 0x0F, 0x00, 0x00, 0x00, 0x4C, 0xDD, 0xFE, 0xF9, 0x04, 0x00, 
0x00, 0xE6, 0x59, 0x24, 0xD3, 0x00, 0x00, 0x00, 0xD8, 0x2C, 0x5B, 0xA8, 0x00, 0x00, 0x00, 0x17, 
0xC9, 0xFF, 0x7D, 0x00, 0x00, 0x00, 0x78, 0x7B, 0xA6, 0x52, 0x00, 0x00, 0x0A, 0xDD, 0x31, 0xD0, 
0x7E, 0xA9, 0xE1, 0xE0, 0x63, 0x00, 0xE3, 0xB6, 0x11, 0x00, 0x00, 0x00, 0x0F, 0x00, 0x0C, 0x01, 
0x00, 0x00, 0x3D, 0xF9, 0x09, 0xCD, 0x6F, 0x00, 0x00, 0x04, 0x32, 0x00, 0x28, 0x0E, 0x00, 0x00, 
0x00, 0x07, 0x26, 0x0A, 0x00, 0x00, 0x00, 0x6D, 0x68, 0x45, 0xDE, 0x00, 0x00, 0x82, 0x6D, 0x00, 
0x38, 0xC9, 0x00, 0x24, 0xE7, 0x14, 0x65, 0x97, 0x15, 0x00, 0x76, 0xC5, 0x4A, 0x14, 0x00, 0x00, 
0x00, 0x7E, 0xC4, 0x00, 0x00, 0x16, 0x29, 0x00, 0x1E, 0xE3, 0xB9, 0x8E, 0x58, 0x00, 0x00, 0x00, 
0x06, 0x22, 0x06, 0x00, 0x00, 0x00, 0x00, 0x00, 0x00, 0x00, 0xFF, 0xFF, 0xFF, 0xFF, 0xFF, 0xFF, 
0xFF, 0xFF, 0xFF, 0xFE, 0xFE, 0xFE, 0xFD, 0xFD, 0xFD, 0xFC, 0xFC, 0xFC, 0xFB, 0xFF, 0xFF, 0xFF, 
0xFF, 0xFF, 0xFF, 0xFF, 0xFF, 0xFF, 0xFF, 0xFF, 0xFF, 0xFF, 0xFF, 0x26, 0xBC, 0x3F, 0x1A, 0xA8, 
0x00, 0x00, 0xA8, 0x1B, 0x3D, 0xBC, 0x24, 0x00, 0xA8, 0x1C, 0x3D, 0xBC, 0x24, 0xB0, 0xD2, 0x00, 
0xEC, 0x55, 0x00, 0x45, 0xAB, 0x23, 0x22, 0xB7, 0x00, 0x24, 0xB8, 0x36, 0x1B, 0x00, 0xCF, 0x46, 
0xA2, 0x00, 0x00, 0xCE, 0x00, 0x00, 0xA7, 0x00, 0x00, 0xA4, 0x1D, 0x3D, 0x00, 0x1A, 0x34, 0xB8, 
0x23, 0x00, 0xB8, 0x21, 0x00, 0xA7, 0x00, 0x00, 0xA4, 0x1D, 0x3D, 0x00, 0x1A, 0x35, 0xB8, 0x24, 
0x00, 0xB8, 0x23, 0x00, 0x00, 0x00, 0x00, 0x00, 0x00, 0x00, 0x57, 0xDC, 0x00, 0x5F, 0xDD, 0xB3, 
0x9D, 0x00, 0xB7, 0xA5, 0xCE, 0x20, 0x00, 0xD4, 0x2A, 0x87, 0x00, 0x00, 0x92, 0x00, 0x00, 0x00, 
0x1F, 0xC0, 0x1F, 0x00, 0x1F, 0xC0, 0x20, 0x00, 0x1E, 0xC0, 0x21, 0x00, 0x00, 0xD1, 0x2E, 0x00, 
0x00, 0x00, 0x94, 0x6C, 0x00, 0x00, 0x00, 0x27, 0xD7, 0x01, 0x00, 0x00, 0x00, 0xB7, 0x48, 0x00, 
0x00, 0x00, 0x00, 0x49, 0xB6, 0x00, 0x00, 0x00, 0x01, 0xD8, 0x26, 0x00, 0x00, 0x00, 0x6D, 0x93, 
0x00, 0x00, 0x00, 0x2E, 0xD1, 0x00, 0x00, 0x21, 0xC0, 0x1E, 0x00, 0x20, 0xC0, 0x1F, 0x00, 0x20, 
0xC0, 0x1F, 0x00, 0x00, 0x00, 0x00, 0x00, 0x00, 0x47, 0x9A, 0x00, 0x00, 0x00, 0x02, 0xC8, 0x1A, 
0x00, 0x00, 0x00, 0x64, 0x84, 0x00, 0x00, 0x00, 0x0B, 0xD2, 0x0E, 0x00, 0x00, 0x00, 0x80, 0x6F, 
0x00, 0x00, 0x00, 0x19, 0xD3, 0x06, 0x00, 0x00, 0x00, 0x9D, 0x5A, 0x00, 0x00, 0x00, 0x2D, 0xCB, 
0x01, 0x00, 0x00, 0x00, 0xB9, 0x45, 0x00, 0x00, 0x00, 0x00, 0x00, 0x00, 0x00, 0x00, 0x00, 0x00, 
0x00, 0x0C, 0xA1, 0x02, 0x00, 0x00, 0x00, 0x00, 0x00, 0x00, 0x00, 0x00, 0x21, 0xC7, 0x41, 0x00, 
0x00, 0x00, 0x00, 0x00, 0x00, 0x00, 0x00, 0x00, 0xE3, 0xFF, 0xFF, 0xFF, 0xFF, 0xFF, 0xFF, 0xFF, 
0xFF, 0xFF, 0xFF, 0xFF, 0x1A, 0xC1, 0x42, 0x00, 0x00, 0x00, 0x00, 0x00, 0x00, 0x00, 0x00, 0x00, 
0x00, 0x0A, 0xA0, 0x03, 0x00, 0x00, 0x00, 0x00, 0x00, 0x00, 0x00, 0x00, 0x00, 0x13, 0xDC, 0x10, 
0x00, 0x00, 0xAC, 0xFF, 0x9C, 0x00, 0x87, 0xEE, 0xFF, 0xED, 0x80, 0xB8, 0x21, 0xFF, 0x21, 0xB7, 
0x00, 0x00, 0xFF, 0x00, 0x00, 0x00, 0x00, 0xFF, 0x00, 0x00, 0x00, 0x00, 0xFF, 0x00, 0x00, 0x00, 
0x00, 0xFF, 0x00, 0x00, 0x00, 0x00, 0xFF, 0x00, 0x00, 0x00, 0x00, 0xFF, 0x00, 0x00, 0x00, 0x00, 
0xFF, 0x00, 0x00, 0x00, 0x00, 0xFF, 0x00, 0x00, 0x00, 0x00, 0x00, 0x00, 0x00, 0x00, 0x00, 0x00, 
0x03, 0xA1, 0x0C, 0x00, 0x00, 0x00, 0x00, 0x00, 0x00, 0x00, 0x00, 0x00, 0x00, 0x41, 0xC5, 0x20, 
0xFF, 0xFF, 0xFF, 0xFF, 0xFF, 0xFF, 0xFF, 0xFF, 0xFF, 0xFF, 0xFF, 0xE2, 0x00, 0x00, 0x00, 0x00, 
0x00, 0x00, 0x00, 0x00, 0x00, 0x42, 0xC1, 0x1A, 0x00, 0x00, 0x00, 0x00, 0x00, 0x00, 0x00, 0x00, 
0x03, 0xA0, 0x0A, 0x00, 0x00, 0x00, 0xFF, 0x00, 0x00, 0x00, 0x00, 0xFF, 0x00, 0x00, 0x00, 0x00, 
0xFF, 0x00, 0x00, 0x00, 0x00, 0xFF, 0x00, 0x00, 0x00, 0x00, 0xFF, 0x00, 0x00, 0x00, 0x00, 0xFF, 
0x00, 0x00, 0x00, 0x00, 0xFF, 0x00, 0x00, 0x00, 0x00, 0xFF, 0x00, 0x00, 0xB8, 0x21, 0xFF, 0x21, 
0xB6, 0x87, 0xEE, 0xFF, 0xED, 0x80, 0x00, 0xAC, 0xFF, 0x9D, 0x00, 0x00, 0x13, 0xDC, 0x10, 0x00, 
0x00, 0x0D, 0xA4, 0x02, 0x00, 0x00, 0x00, 0x00, 0x02, 0xA4, 0x0D, 0x00, 0x1C, 0xC3, 0x3F, 0x00, 
0x00, 0x00, 0x00, 0x00, 0x00, 0x3F, 0xC3, 0x1C, 0xE3, 0xFF, 0xFF, 0xFF, 0xFF, 0xFF, 0xFF, 0xFF, 
0xFF, 0xFF, 0xFF, 0xE2, 0x1F, 0xC5, 0x3E, 0x00, 0x00, 0x00, 0x00, 0x00, 0x00, 0x3E, 0xC5, 0x1E, 
0x00, 0x0D, 0xA4, 0x02, 0x00, 0x00, 0x00, 0x00, 0x02, 0xA5, 0x0D, 0x00, 0x00, 0x14, 0xE0, 0x14, 
0x00, 0x00, 0xA2, 0xFF, 0xA2, 0x00, 0x82, 0xEE, 0xFF, 0xEE, 0x81, 0xBB, 0x23, 0xFF, 0x23, 0xBB, 
0x00, 0x00, 0xFF, 0x00, 0x00, 0x00, 0x00, 0xFF, 0x00, 0x00, 0x00, 0x00, 0xFF, 0x00, 0x00, 0x00, 
0x00, 0xFF, 0x00, 0x00, 0x00, 0x00, 0xFF, 0x00, 0x00, 0xBA, 0x23, 0xFF, 0x23, 0xBA, 0x82, 0xEE, 
0xFF, 0xEE, 0x82, 0x00, 0xA5, 0xFF, 0xA5, 0x00, 0x00, 0x15, 0xE0, 0x15, 0x00, 0xFF, 0xFF, 0xFF, 
0xFF, 0xFF, 0xFF, 0xFF, 0xFF, 0x00, 0x00, 0x00, 0x00, 0x47, 0x9A, 0x00, 0x00, 0x00, 0x02, 0xC8, 
0x1A, 0x00, 0x00, 0x00, 0x64, 0x84, 0x00, 0x00, 0x00, 0x0B, 0xD2, 0x0E, 0x00, 0x00, 0x00, 0x80, 
0x6F, 0x00, 0x00, 0x00, 0x19, 0xD3, 0x06, 0x00, 0x00, 0x00, 0x9D, 0x5A, 0x00, 0x00, 0x00, 0x2D, 
0xCB, 0x01, 0x00, 0x00, 0x00, 0xB9, 0x45, 0x00, 0x00, 0x00, 0x00, 0xB5, 0x00, 0x00, 0x00, 0x00, 
0x00, 0x00, 0x1E, 0xE9, 0x00, 0x00, 0x00, 0x00, 0x00, 0x00, 0x49, 0xBD, 0x00, 0x00, 0x00, 0x00, 
0x00, 0x00, 0x74, 0x91, 0x00, 0x00, 0x00, 0x00, 0x00, 0x00, 0xA0, 0x65, 0x00, 0x00, 0x00, 0x00, 
0x00, 0x00, 0xCB, 0x39, 0x0C, 0x76, 0xA4, 0x00, 0x00, 0x01, 0xF3, 0x0E, 0x52, 0x8A, 0xD9, 0x3A, 
0x00, 0x22, 0xE1, 0x00, 0x00, 0x00, 0x5C, 0xBA, 0x00, 0x4D, 0xB5, 0x00, 0x00, 0x00, 0x02, 0xD8, 
0x3B, 0x78, 0x89, 0x00, 0x00, 0x00, 0x00, 0x5A, 0xBB, 0xA4, 0x5D, 0x00, 0x00, 0x00, 0x00, 0x02, 
0xD7, 0xEF, 0x31, 0x00, 0x00, 0x00, 0x00, 0x00, 0x59, 0xFC, 0x08, 0x00, 0x00, 0x00, 0x00, 0x00, 
0x02, 0xAF, 0x00, 0x00, 0x00, 0x00, 0x00, 0x00, 0x00, 0x18, 0x00, 0x00, 0x00, 0x51, 0xE0, 0x38, 
0x1C, 0xC7, 0xF6, 0x50, 0x00, 0x51, 0xF5, 0x5B, 0x80, 0xB3, 0x87, 0x58, 0xF5, 0x50, 0xFA, 0x50, 
0x00, 0x2F, 0xEC, 0x06, 0x00, 0x52, 0xFA, 0xFA, 0x50, 0x00, 0x64, 0xBA, 0x00, 0x00, 0x51, 0xFA, 
0x52, 0xF5, 0x67, 0xD4, 0x62, 0x56, 0x53, 0xF5, 0x51, 0x00, 0x52, 0xEF, 0x74, 0x00, 0x6E, 0xED, 
0x51, 0x00, 0x49, 0xDE, 0xE4, 0x83, 0x1F, 0x49, 0xE3, 0xDF, 0x45, 0x20, 0x83, 0xE4, 0xE6, 0x4E, 
0x00, 0x00, 0x00, 0x00, 0x00, 0x00, 0x00, 0x4A, 0xDE, 0xE4, 0x83, 0x1C, 0x49, 0xE3, 0xDF, 0x45, 
0x20, 0x82, 0xE3, 0xE6, 0x4E, 0x00, 0x00, 0x00, 0x00, 0x00, 0xAF, 0x50, 0x00, 0x00, 0x00, 0x00, 
0x00, 0x12, 0xE7, 0x06, 0x00, 0x00, 0x00, 0x00, 0x00, 0x69, 0x96, 0x00, 0x00, 0xFF, 0xFF, 0xFF, 
0xFF, 0xFF, 0xFF, 0xFF, 0xFF, 0x00, 0x00, 0x00, 0x24, 0xDB, 0x00, 0x00, 0x00, 0x00, 0x00, 0x00, 
0x81, 0x7E, 0x00, 0x00, 0x00, 0xFF, 0xFF, 0xFF, 0xFF, 0xFF, 0xFF, 0xFF, 0xFF, 0x00, 0x00, 0x3B, 
0xC4, 0x00, 0x00, 0x00, 0x00, 0x00, 0x00, 0x98, 0x67, 0x00, 0x00, 0x00, 0x00, 0x00, 0x06, 0xE7, 
0x11, 0x00, 0x00, 0x00, 0x00, 0x00, 0x52, 0xAE, 0x00, 0x00, 0x00, 0x00, 0x00, 0x00, 0x00, 0x14, 
0x89, 0xA5, 0xA4, 0x9D, 0x32, 0x00, 0x00, 0x00, 0x1D, 0xB4, 0x2B, 0x00, 0x00, 0x10, 0x96, 0x53, 
0x00, 0x00, 0xA1, 0x18, 0x00, 0x00, 0x00, 0x00, 0x01, 0xA9, 0x0E, 0x12, 0x92, 0x03, 0xD1, 0x00, 
0x00, 0x98, 0x3D, 0x49, 0x5E, 0x2B, 0x74, 0x00, 0x07, 0x00, 0x00, 0x07, 0x00, 0x28, 0x7B, 0x0F, 
0x96, 0x00, 0x2C, 0x00, 0x00, 0x26, 0x05, 0x50, 0x5A, 0x00, 0x9C, 0x1E, 0x5F, 0x95, 0x80, 0x91, 
0x04, 0xAF, 0x0B, 0x00, 0x15, 0xB1, 0x3F, 0x14, 0x21, 0x1E, 0xA3, 0x43, 0x00, 0x00, 0x00, 0x0B, 
0x73, 0xA4, 0xA3, 0x8C, 0x21, 0x00, 0x00, 0x00, 0x05, 0x72, 0xC8, 0xDF, 0xB8, 0x4F, 0x00, 0x00, 
0x06, 0xC3, 0xFF, 0xFF, 0xFF, 0xFF, 0xFF, 0x86, 0x00, 0x7B, 0xFF, 0xFF, 0xFF, 0xFF, 0xFF, 0xFF, 
0xFF, 0x38, 0xD7, 0xFF, 0x4B, 0xDE, 0xFF, 0x9D, 0x8C, 0xFF, 0x96, 0xF3, 0xFF, 0xF8, 0xFF, 0xFF, 
0xFC, 0xFB, 0xFF, 0xB3, 0xD3, 0xFF, 0xD5, 0xFD, 0xFF, 0xE9, 0xE9, 0xFF, 0x92, 0x72, 0xFF, 0xCA, 
0x5A, 0x86, 0x5B, 0xF0, 0xFD, 0x31, 0x03, 0xB0, 0xFF, 0xF4, 0xD8, 0xFC, 0xFD, 0x70, 0x00, 0x00, 
0x01, 0x5B, 0xB0, 0xC7, 0xA0, 0x38, 0x00, 0x00, 0x00, 0x00, 0x00, 0x00, 0x00, 0x00, 0x0A, 0x00, 
0x00, 0x00, 0x00, 0x00, 0x00, 0x00, 0x00, 0x00, 0x00, 0x00, 0x00, 0x84, 0x00, 0x00, 0x00, 0x00, 
0x00, 0x00, 0x00, 0x4F, 0x18, 0x00, 0x00, 0x00, 0x84, 0x00, 0x00, 0x00, 0x53, 0x16, 0x00, 0x00, 
0x0B, 0x9D, 0x1E, 0x51, 0x7F, 0xA1, 0x83, 0x28, 0x57, 0x65, 0x00, 0x00, 0x00, 0x00, 0x0C, 0xC5, 
0x42, 0x00, 0x00, 0x08, 0x83, 0x8D, 0x00, 0x00, 0x00, 0x00, 0x00, 0x45, 0x4A, 0x00, 0x00, 0x00, 
0x00, 0x00, 0x97, 0x06, 0x00, 0x00, 0x04, 0x04, 0x81, 0x00, 0x00, 0x00, 0x00, 0x00, 0x00, 0x50, 
0x37, 0x00, 0x00, 0x74, 0x74, 0xA3, 0x00, 0x00, 0x00, 0x00, 0x00, 0x00, 0x3F, 0x9C, 0x78, 0x4B, 
0x00, 0x00, 0x6A, 0x16, 0x00, 0x00, 0x00, 0x00, 0x00, 0x77, 0x14, 0x00, 0x00, 0x00, 0x00, 0x0B, 
0x91, 0x03, 0x00, 0x00, 0x00, 0x27, 0x85, 0x00, 0x00, 0x00, 0x00, 0x00, 0x59, 0x86, 0x88, 0x63, 
0x4D, 0x7E, 0x82, 0x9D, 0x1D, 0x00, 0x00, 0x00, 0x4E, 0x65, 0x00, 0x00, 0x16, 0x9A, 0x09, 0x00, 
0x0A, 0x99, 0x13, 0x00, 0x00, 0x07, 0x00, 0x00, 0x00, 0x00, 0x84, 0x00, 0x00, 0x00, 0x08, 0x01, 
0x00, 0x00, 0x00, 0x00, 0x00, 0x00, 0x00, 0x46, 0x00, 0x00, 0x00, 0x00, 0x00, 0x00, 0x00, 0x00, 
0x00, 0x2F, 0x41, 0x12, 0x00, 0x00, 0x00, 0x21, 0x71, 0x34, 0x1E, 0x57, 0x5D, 0x00, 0x01, 0x6F, 
0x00, 0x00, 0x00, 0x00, 0x2A, 0x47, 0x35, 0x2A, 0x00, 0x00, 0x00, 0x00, 0x00, 0x63, 0x4A, 0x15, 
0x00, 0x00, 0x00, 0x00, 0x00, 0x60, 0x19, 0x4C, 0x00, 0x00, 0x00, 0x00, 0x02, 0x63, 0x00, 0x65, 
0x20, 0x00, 0x00, 0x01, 0x69, 0x15, 0x00, 0x00, 0x53, 0x65, 0x6D, 0x61, 0x16, 0x00, 0x00, 0x00, 
0x00, 0x00, 0x68, 0x00, 0x00, 0x00, 0x00, 0x00, 0x00, 0x00, 0x68, 0x00, 0x00, 0x00, 0x0B, 0x68, 
0x68, 0x68, 0xA5, 0x68, 0x68, 0x3C, 0x00, 0x00, 0x00, 0x00, 0x68, 0x00, 0x00, 0x00, 0x00, 0x00, 
0x00, 0x00, 0x68, 0x00, 0x00, 0x00, 0x00, 0x00, 0x00, 0x00, 0x68, 0x00, 0x00, 0x00, 0x00, 0x00, 
0x00, 0x00, 0x00, 0x00, 0x00, 0x00, 0x03, 0x00, 0x00, 0x00, 0x00, 0x00, 0x00, 0x00, 0x2F, 0x83, 
0xA4, 0x00, 0x00, 0x00, 0x00, 0x00, 0x31, 0x71, 0x42, 0x68, 0x72, 0x00, 0x00, 0x00, 0x00, 0x00, 
0x29, 0x00, 0x0A, 0x66, 0x41, 0x29, 0x00, 0x00, 0x00, 0x00, 0x00, 0x00, 0x61, 0x10, 0x09, 0x60, 
0x00, 0x00, 0x00, 0x00, 0x00, 0x04, 0x6C, 0x00, 0x00, 0x43, 0x00, 0x00, 0x03, 0x3D, 0x52, 0x71, 
0x1A, 0x00, 0x00, 0x00, 0x00, 0x1D, 0x6D, 0x26, 0x09, 0x41, 0x66, 0x01, 0x00, 0x00, 0x00, 0x6F, 
0x00, 0x00, 0x00, 0x00, 0x14, 0x58, 0x00, 0x00, 0x25, 0x3C, 0x00, 0x00, 0x00, 0x00, 0x00, 0x62, 
0x00, 0x00, 0x31, 0x2F, 0x00, 0x00, 0x00, 0x00, 0x00, 0x64, 0x00, 0x00, 0x08, 0x60, 0x00, 0x00, 
0x00, 0x00, 0x00, 0x69, 0x00, 0x00, 0x00, 0x54, 0x39, 0x00, 0x00, 0x02, 0x6A, 0x20, 0x00, 0x00, 
0x00, 0x00, 0x40, 0x67, 0x64, 0x67, 0x1C, 0x00, 0x00, 0x00, 0x00, 0x00, 0x00, 0x12, 0x00, 0x00, 
0x00, 0x00, 0x00, 0x12, 0xAD, 0x00, 0x00, 0x00, 0x00, 0x02, 0xA9, 0xFF, 0x5E, 0x00, 0x00, 0x05, 
0xA6, 0xFF, 0xFF, 0xFC, 0x5C, 0x00, 0x99, 0xFF, 0xFF, 0xFF, 0xFF, 0xFD, 0x3E, 0xF0, 0xFF, 0xFF, 
0xFC, 0xFF, 0xFF, 0x93, 0xA3, 0xFF, 0xC1, 0x76, 0xE8, 0xFA, 0x4D, 0x00, 0x15, 0x21, 0xB9, 0x07, 
0x0E, 0x00, 0x18, 0x65, 0xDD, 0xFF, 0xAF, 0x53, 0x00, 0x00, 0x00, 0x00, 0x1C, 0x5F, 0x28, 0x00, 
0x00, 0x00, 0x00, 0x00, 0x15, 0xEC, 0xFF, 0xF9, 0x30, 0x00, 0x00, 0x00, 0x00, 0x45, 0xFF, 0xFF, 
0xFF, 0x6E, 0x00, 0x00, 0x05, 0x7D, 0x97, 0xFC, 0xFF, 0xFF, 0xA8, 0x91, 0x13, 0x72, 0xFF, 0xFF, 
0xFF, 0xFF, 0xFF, 0xFF, 0xFF, 0xA2, 0x90, 0xFF, 0xFF, 0xFF, 0xDB, 0xFF, 0xFF, 0xFF, 0xBF, 0x2A, 
0xE7, 0xFF, 0xB2, 0x68, 0x84, 0xFB, 0xF4, 0x47, 0x00, 0x05, 0x17, 0x15, 0xE9, 0x32, 0x0A, 0x08, 
0x00, 0x00, 0x11, 0x6C, 0xDB, 0xFF, 0xEE, 0x7C, 0x22, 0x00, 0x09, 0x58, 0x33, 0x00, 0x10, 0x5E, 
0x2E, 0x00, 0xBA, 0xFF, 0xFE, 0x58, 0xD7, 0xFF, 0xFC, 0x33, 0xF4, 0xFF, 0xFF, 0xF5, 0xFF, 0xFF, 
0xFF, 0x6A, 0xB1, 0xFF, 0xFF, 0xFF, 0xFF, 0xFF, 0xFE, 0x2B, 0x24, 0xF3, 0xFF, 0xFF, 0xFF, 0xFF, 
0x96, 0x00, 0x00, 0x5B, 0xFF, 0xFF, 0xFF, 0xD1, 0x08, 0x00, 0x00, 0x00, 0xA2, 0xFF, 0xF5, 0x27, 
0x00, 0x00, 0x00, 0x00, 0x11, 0xEB, 0x77, 0x00, 0x00, 0x00, 0x00, 0x00, 0x00, 0x7D, 0x0F, 0x00, 
0x00, 0x00, 0x00, 0x00, 0x00, 0x03, 0x00, 0x00, 0x00, 0x00, 0x00, 0x00, 0x04, 0x18, 0x00, 0x00, 
0x00, 0x00, 0x00, 0x7B, 0xB6, 0x00, 0x00, 0x00, 0x00, 0x2C, 0xF8, 0xFF, 0x68, 0x00, 0x00, 0x0C, 
0xD7, 0xFF, 0xFF, 0xF7, 0x30, 0x00, 0xAE, 0xFF, 0xFF, 0xFF, 0xFF, 0xDF, 0x13, 0x80, 0xFF, 0xFF, 
0xFF, 0xFF, 0xBB, 0x04, 0x01, 0xB3, 0xFF, 0xFF, 0xE2, 0x13, 0x00, 0x00, 0x12, 0xE4, 0xFC, 0x3B, 
0x00, 0x00, 0x00, 0x00, 0x49, 0x8A, 0x00, 0x00, 0x00, 0x00, 0x00, 0x00, 0x04, 0x00, 0x00, 0x00, 
0x00, 0x00, 0x00, 0x35, 0x47, 0x13, 0x00, 0x00, 0x00, 0x00, 0xAC, 0xFF, 0xF0, 0x33, 0x00, 0x00, 
0x00, 0xAC, 0x4D, 0xA8, 0x9D, 0x00, 0x00, 0x00, 0xAC, 0x00, 0x06, 0xB5, 0x00, 0x00, 0x00, 0xAC, 
0x00, 0x00, 0x05, 0x00, 0x00, 0x00, 0xAC, 0x00, 0x00, 0x00, 0x00, 0x00, 0x00, 0xAC, 0x00, 0x00, 
0x00, 0x34, 0xD4, 0xE7, 0xE8, 0x00, 0x00, 0x00, 0xB0, 0xFF, 0xFF, 0xF2, 0x00, 0x00, 0x00, 0x7D, 
0xFF, 0xFF, 0x8C, 0x00, 0x00, 0x00, 0x00, 0x2E, 0x25, 0x00, 0x00, 0x00, 0x00, 0x00, 0x00, 0x00, 
0x00, 0x00, 0x00, 0x00, 0x00, 0x34, 0x09, 0x00, 0x00, 0x00, 0x00, 0x04, 0x43, 0x93, 0xE3, 0xFF, 
0x18, 0x00, 0x00, 0x00, 0x41, 0xEE, 0xFF, 0xFF, 0xDF, 0xDD, 0x18, 0x00, 0x00, 0x00, 0x58, 0xD6, 
0x7F, 0x2F, 0x00, 0x9C, 0x18, 0x00, 0x00, 0x00, 0x58, 0x54, 0x00, 0x00, 0x00, 0x9C, 0x18, 0x00, 
0x00, 0x00, 0x58, 0x54, 0x00, 0x00, 0x00, 0x9C, 0x18, 0x00, 0x00, 0x00, 0x58, 0x54, 0x00, 0x00, 
0x00, 0x9C, 0x18, 0x00, 0x00, 0x00, 0x58, 0x54, 0x0F, 0x93, 0xB4, 0xD0, 0x18, 0x00, 0x1C, 0x4E, 
0x71, 0x54, 0x8B, 0xFF, 0xFF, 0xFF, 0x11, 0x28, 0xF5, 0xFF, 0xFF, 0x52, 0x80, 0xFF, 0xFF, 0xCC, 
0x00, 0x5F, 0xFF, 0xFF, 0xFF, 0x34, 0x05, 0x5B, 0x60, 0x0D, 0x00, 0x10, 0xB3, 0xD4, 0x79, 0x00, 
0x00, 0x00, 0x00, 0x00, 0x00, 0x00, 0x00, 0x00, 0x00, 0x00, 0x00, 0x00, 0x26, 0xD9, 0x00, 0x00, 
0x00, 0x00, 0x00, 0x00, 0x00, 0x00, 0x74, 0x8D, 0x00, 0x00, 0x00, 0x00, 0x12, 0xE7, 0x05, 0x00, 
0xC1, 0xAD, 0xA8, 0x00, 0x00, 0x00, 0x65, 0xB1, 0x71, 0xCA, 0xF1, 0x69, 0x14, 0x00, 0x13, 0x67, 
0xDC, 0xCB, 0x72, 0x76, 0xA6, 0x00, 0x00, 0x00, 0xAA, 0x94, 0xE5, 0x02, 0x00, 0xA7, 0x58, 0x00, 
0x00, 0x00, 0x00, 0x71, 0x8E, 0x00, 0x04, 0xEF, 0x8C, 0xA9, 0x00, 0x00, 0x00, 0xCA, 0x51, 0x72, 
0xCC, 0xDF, 0x68, 0x14, 0x00, 0x13, 0x6C, 0xFF, 0xC9, 0x71, 0xA6, 0x72, 0x00, 0x00, 0x00, 0xAA, 
0xD1, 0x87, 0x00, 0x00, 0xDA, 0x26, 0x00, 0x00, 0x00, 0x00, 0xD4, 0x2C, 0x00, 0x00, 0x00, 0x00, 
0x00, 0x00, 0x00, 0x00, 0x24, 0x7A, 0x54, 0x69, 0x6D, 0x65, 0x73, 0x20, 0x4E, 0x65, 0x77, 0x20, 
0x52, 0x6F, 0x6D, 0x61, 0x6E, 0x20, 0x49, 0x74, 0x61, 0x6C, 0x69, 0x63, 0x20, 0xD0, 0x9A, 0xD1, 
0x83, 0xD1, 0x80, 0xD1, 0x81, 0xD0, 0xB8, 0xD0, 0xB2, 0x00, 0x1B, 0x7A, 0x54, 0x69, 0x6D, 0x65, 
0x73, 0x4E, 0x65, 0x77, 0x52, 0x6F, 0x6D, 0x61, 0x6E, 0x49, 0x74, 0x61, 0x6C, 0x69, 0x63, 0x2D, 
0x49, 0x74, 0x61, 0x6C, 0x69, 0x63, 0x01};