const uint8_t  zCalibriItalic18[] PROGMEM = {
0x00, 0x00, 0x00, 0xC7, 0x00, 0x00, 0x00, 0x0B, 0x00, 0x00, 0x00, 0x12, 0x00, 0x00, 0x00, 0x00, 
0x00, 0x00, 0x00, 0x0C, 0x00, 0x00, 0x00, 0x03, 0x00, 0x00, 0x00, 0x00, 0x00, 0x00, 0x00, 0x01, 
0x00, 0x00, 0x00, 0x01, 0x00, 0x00, 0x00, 0x00, 0x00, 0x00, 0x00, 0x24, 0xFF, 0xFF, 0xFF, 0xEE, 
0x00, 0x00, 0x00, 0x00, 0x00, 0x00, 0x00, 0x00, 0x00, 0x00, 0x00, 0x01, 0x00, 0x00, 0x00, 0x01, 
0x00, 0x00, 0x00, 0x00, 0x00, 0x00, 0x00, 0x24, 0xFF, 0xFF, 0xFF, 0xEE, 0x00, 0x00, 0x00, 0x00, 
0x00, 0x00, 0x00, 0x09, 0x00, 0x00, 0x00, 0x01, 0x00, 0x00, 0x00, 0x01, 0x00, 0x00, 0x00, 0x00, 
0x00, 0x00, 0x00, 0x24, 0xFF, 0xFF, 0xFF, 0xEE, 0x00, 0x00, 0x00, 0x00, 0x00, 0x00, 0x00, 0x0A, 
0x00, 0x00, 0x00, 0x01, 0x00, 0x00, 0x00, 0x01, 0x00, 0x00, 0x00, 0x00, 0x00, 0x00, 0x00, 0x24, 
0xFF, 0xFF, 0xFF, 0xEE, 0x00, 0x00, 0x00, 0x00, 0x00, 0x00, 0x00, 0x0D, 0x00, 0x00, 0x00, 0x01, 
0x00, 0x00, 0x00, 0x01, 0x00, 0x00, 0x00, 0x00, 0x00, 0x00, 0x00, 0x24, 0xFF, 0xFF, 0xFF, 0xEE, 
0x00, 0x00, 0x00, 0x00, 0x00, 0x00, 0x00, 0x1D, 0x00, 0x00, 0x00, 0x01, 0x00, 0x00, 0x00, 0x01, 
0x00, 0x00, 0x00, 0x00, 0x00, 0x00, 0x00, 0x24, 0xFF, 0xFF, 0xFF, 0xEE, 0x00, 0x00, 0x00, 0x00, 
0x00, 0x00, 0x00, 0x20, 0x00, 0x00, 0x00, 0x01, 0x00, 0x00, 0x00, 0x01, 0x00, 0x00, 0x00, 0x04, 
0x00, 0x00, 0x00, 0x24, 0xFF, 0xFF, 0xFF, 0xEE, 0x00, 0x00, 0x00, 0x00, 0x00, 0x00, 0x00, 0x21, 
0x00, 0x00, 0x00, 0x0C, 0x00, 0x00, 0x00, 0x04, 0x00, 0x00, 0x00, 0x06, 0x00, 0x00, 0x00, 0x0C, 
0x00, 0x00, 0x00, 0x02, 0x00, 0x00, 0x00, 0x00, 0x00, 0x00, 0x00, 0x22, 0x00, 0x00, 0x00, 0x05, 
0x00, 0x00, 0x00, 0x05, 0x00, 0x00, 0x00, 0x07, 0x00, 0x00, 0x00, 0x0C, 0x00, 0x00, 0x00, 0x02, 
0x00, 0x00, 0x00, 0x00, 0x00, 0x00, 0x00, 0x23, 0x00, 0x00, 0x00, 0x0B, 0x00, 0x00, 0x00, 0x0B, 
0x00, 0x00, 0x00, 0x09, 0x00, 0x00, 0x00, 0x0B, 0xFF, 0xFF, 0xFF, 0xFF, 0x00, 0x00, 0x00, 0x00, 
0x00, 0x00, 0x00, 0x24, 0x00, 0x00, 0x00, 0x11, 0x00, 0x00, 0x00, 0x09, 0x00, 0x00, 0x00, 0x09, 
0x00, 0x00, 0x00, 0x0E, 0x00, 0x00, 0x00, 0x00, 0x00, 0x00, 0x00, 0x00, 0x00, 0x00, 0x00, 0x25, 
0x00, 0x00, 0x00, 0x0D, 0x00, 0x00, 0x00, 0x0D, 0x00, 0x00, 0x00, 0x0D, 0x00, 0x00, 0x00, 0x0C, 
0x00, 0x00, 0x00, 0x00, 0x00, 0x00, 0x00, 0x00, 0x00, 0x00, 0x00, 0x26, 0x00, 0x00, 0x00, 0x0C, 
0x00, 0x00, 0x00, 0x0A, 0x00, 0x00, 0x00, 0x0C, 0x00, 0x00, 0x00, 0x0C, 0x00, 0x00, 0x00, 0x01, 
0x00, 0x00, 0x00, 0x00, 0x00, 0x00, 0x00, 0x27, 0x00, 0x00, 0x00, 0x05, 0x00, 0x00, 0x00, 0x02, 
0x00, 0x00, 0x00, 0x04, 0x00, 0x00, 0x00, 0x0C, 0x00, 0x00, 0x00, 0x02, 0x00, 0x00, 0x00, 0x00, 
0x00, 0x00, 0x00, 0x28, 0x00, 0x00, 0x00, 0x0F, 0x00, 0x00, 0x00, 0x06, 0x00, 0x00, 0x00, 0x05, 
0x00, 0x00, 0x00, 0x0C, 0x00, 0x00, 0x00, 0x01, 0x00, 0x00, 0x00, 0x00, 0x00, 0x00, 0x00, 0x29, 
0x00, 0x00, 0x00, 0x0F, 0x00, 0x00, 0x00, 0x06, 0x00, 0x00, 0x00, 0x05, 0x00, 0x00, 0x00, 0x0C, 
0xFF, 0xFF, 0xFF, 0xFE, 0x00, 0x00, 0x00, 0x00, 0x00, 0x00, 0x00, 0x2A, 0x00, 0x00, 0x00, 0x07, 
0x00, 0x00, 0x00, 0x08, 0x00, 0x00, 0x00, 0x09, 0x00, 0x00, 0x00, 0x0C, 0x00, 0x00, 0x00, 0x02, 
0x00, 0x00, 0x00, 0x00, 0x00, 0x00, 0x00, 0x2B, 0x00, 0x00, 0x00, 0x08, 0x00, 0x00, 0x00, 0x07, 
0x00, 0x00, 0x00, 0x09, 0x00, 0x00, 0x00, 0x09, 0x00, 0x00, 0x00, 0x01, 0x00, 0x00, 0x00, 0x00, 
0x00, 0x00, 0x00, 0x2C, 0x00, 0x00, 0x00, 0x05, 0x00, 0x00, 0x00, 0x04, 0x00, 0x00, 0x00, 0x04, 
0x00, 0x00, 0x00, 0x02, 0xFF, 0xFF, 0xFF, 0xFE, 0x00, 0x00, 0x00, 0x00, 0x00, 0x00, 0x00, 0x2E, 
0x00, 0x00, 0x00, 0x02, 0x00, 0x00, 0x00, 0x02, 0x00, 0x00, 0x00, 0x05, 0x00, 0x00, 0x00, 0x02, 
0x00, 0x00, 0x00, 0x01, 0x00, 0x00, 0x00, 0x00, 0x00, 0x00, 0x00, 0x2F, 0x00, 0x00, 0x00, 0x0F, 
0x00, 0x00, 0x00, 0x0B, 0x00, 0x00, 0x00, 0x07, 0x00, 0x00, 0x00, 0x0D, 0xFF, 0xFF, 0xFF, 0xFE, 
0x00, 0x00, 0x00, 0x00, 0x00, 0x00, 0x00, 0x30, 0x00, 0x00, 0x00, 0x0B, 0x00, 0x00, 0x00, 0x09, 
0x00, 0x00, 0x00, 0x09, 0x00, 0x00, 0x00, 0x0B, 0x00, 0x00, 0x00, 0x00, 0x00, 0x00, 0x00, 0x00, 
0x00, 0x00, 0x00, 0x31, 0x00, 0x00, 0x00, 0x0B, 0x00, 0x00, 0x00, 0x08, 0x00, 0x00, 0x00, 0x09, 
0x00, 0x00, 0x00, 0x0B, 0x00, 0x00, 0x00, 0x00, 0x00, 0x00, 0x00, 0x00, 0x00, 0x00, 0x00, 0x32, 
0x00, 0x00, 0x00, 0x0B, 0x00, 0x00, 0x00, 0x09, 0x00, 0x00, 0x00, 0x09, 0x00, 0x00, 0x00, 0x0B, 
0x00, 0x00, 0x00, 0x00, 0x00, 0x00, 0x00, 0x00, 0x00, 0x00, 0x00, 0x33, 0x00, 0x00, 0x00, 0x0B, 
0x00, 0x00, 0x00, 0x09, 0x00, 0x00, 0x00, 0x09, 0x00, 0x00, 0x00, 0x0B, 0x00, 0x00, 0x00, 0x00, 
0x00, 0x00, 0x00, 0x00, 0x00, 0x00, 0x00, 0x34, 0x00, 0x00, 0x00, 0x0B, 0x00, 0x00, 0x00, 0x09, 
0x00, 0x00, 0x00, 0x09, 0x00, 0x00, 0x00, 0x0B, 0x00, 0x00, 0x00, 0x00, 0x00, 0x00, 0x00, 0x00, 
0x00, 0x00, 0x00, 0x35, 0x00, 0x00, 0x00, 0x0B, 0x00, 0x00, 0x00, 0x09, 0x00, 0x00, 0x00, 0x09, 
0x00, 0x00, 0x00, 0x0B, 0x00, 0x00, 0x00, 0x00, 0x00, 0x00, 0x00, 0x00, 0x00, 0x00, 0x00, 0x36, 
0x00, 0x00, 0x00, 0x0B, 0x00, 0x00, 0x00, 0x0A, 0x00, 0x00, 0x00, 0x09, 0x00, 0x00, 0x00, 0x0B, 
0x00, 0x00, 0x00, 0x00, 0x00, 0x00, 0x00, 0x00, 0x00, 0x00, 0x00, 0x37, 0x00, 0x00, 0x00, 0x0B, 
0x00, 0x00, 0x00, 0x09, 0x00, 0x00, 0x00, 0x09, 0x00, 0x00, 0x00, 0x0B, 0x00, 0x00, 0x00, 0x01, 
0x00, 0x00, 0x00, 0x00, 0x00, 0x00, 0x00, 0x38, 0x00, 0x00, 0x00, 0x0B, 0x00, 0x00, 0x00, 0x09, 
0x00, 0x00, 0x00, 0x09, 0x00, 0x00, 0x00, 0x0B, 0x00, 0x00, 0x00, 0x00, 0x00, 0x00, 0x00, 0x00, 
0x00, 0x00, 0x00, 0x39, 0x00, 0x00, 0x00, 0x0B, 0x00, 0x00, 0x00, 0x09, 0x00, 0x00, 0x00, 0x09, 
0x00, 0x00, 0x00, 0x0B, 0x00, 0x00, 0x00, 0x00, 0x00, 0x00, 0x00, 0x00, 0x00, 0x00, 0x00, 0x3A, 
0x00, 0x00, 0x00, 0x08, 0x00, 0x00, 0x00, 0x05, 0x00, 0x00, 0x00, 0x05, 0x00, 0x00, 0x00, 0x08, 
0x00, 0x00, 0x00, 0x00, 0x00, 0x00, 0x00, 0x00, 0x00, 0x00, 0x00, 0x3B, 0x00, 0x00, 0x00, 0x0B, 
0x00, 0x00, 0x00, 0x07, 0x00, 0x00, 0x00, 0x05, 0x00, 0x00, 0x00, 0x08, 0xFF, 0xFF, 0xFF, 0xFE, 
0x00, 0x00, 0x00, 0x00, 0x00, 0x00, 0x00, 0x3C, 0x00, 0x00, 0x00, 0x09, 0x00, 0x00, 0x00, 0x08, 
0x00, 0x00, 0x00, 0x09, 0x00, 0x00, 0x00, 0x0A, 0x00, 0x00, 0x00, 0x01, 0x00, 0x00, 0x00, 0x00, 
0x00, 0x00, 0x00, 0x3D, 0x00, 0x00, 0x00, 0x04, 0x00, 0x00, 0x00, 0x09, 0x00, 0x00, 0x00, 0x09, 
0x00, 0x00, 0x00, 0x07, 0x00, 0x00, 0x00, 0x00, 0x00, 0x00, 0x00, 0x00, 0x00, 0x00, 0x00, 0x3E, 
0x00, 0x00, 0x00, 0x09, 0x00, 0x00, 0x00, 0x09, 0x00, 0x00, 0x00, 0x09, 0x00, 0x00, 0x00, 0x0A, 
0x00, 0x00, 0x00, 0x00, 0x00, 0x00, 0x00, 0x00, 0x00, 0x00, 0x00, 0x3F, 0x00, 0x00, 0x00, 0x0C, 
0x00, 0x00, 0x00, 0x06, 0x00, 0x00, 0x00, 0x08, 0x00, 0x00, 0x00, 0x0C, 0x00, 0x00, 0x00, 0x02, 
0x00, 0x00, 0x00, 0x00, 0x00, 0x00, 0x00, 0x40, 0x00, 0x00, 0x00, 0x0D, 0x00, 0x00, 0x00, 0x0E, 
0x00, 0x00, 0x00, 0x10, 0x00, 0x00, 0x00, 0x0B, 0x00, 0x00, 0x00, 0x01, 0x00, 0x00, 0x00, 0x00, 
0x00, 0x00, 0x00, 0x41, 0x00, 0x00, 0x00, 0x0B, 0x00, 0x00, 0x00, 0x0B, 0x00, 0x00, 0x00, 0x0A, 
0x00, 0x00, 0x00, 0x0B, 0xFF, 0xFF, 0xFF, 0xFF, 0x00, 0x00, 0x00, 0x00, 0x00, 0x00, 0x00, 0x42, 
0x00, 0x00, 0x00, 0x0B, 0x00, 0x00, 0x00, 0x0A, 0x00, 0x00, 0x00, 0x0A, 0x00, 0x00, 0x00, 0x0B, 
0x00, 0x00, 0x00, 0x00, 0x00, 0x00, 0x00, 0x00, 0x00, 0x00, 0x00, 0x43, 0x00, 0x00, 0x00, 0x0B, 
0x00, 0x00, 0x00, 0x0A, 0x00, 0x00, 0x00, 0x09, 0x00, 0x00, 0x00, 0x0B, 0x00, 0x00, 0x00, 0x01, 
0x00, 0x00, 0x00, 0x00, 0x00, 0x00, 0x00, 0x44, 0x00, 0x00, 0x00, 0x0B, 0x00, 0x00, 0x00, 0x0B, 
0x00, 0x00, 0x00, 0x0B, 0x00, 0x00, 0x00, 0x0B, 0x00, 0x00, 0x00, 0x00, 0x00, 0x00, 0x00, 0x00, 
0x00, 0x00, 0x00, 0x45, 0x00, 0x00, 0x00, 0x0B, 0x00, 0x00, 0x00, 0x0A, 0x00, 0x00, 0x00, 0x09, 
0x00, 0x00, 0x00, 0x0B, 0x00, 0x00, 0x00, 0x00, 0x00, 0x00, 0x00, 0x00, 0x00, 0x00, 0x00, 0x46, 
0x00, 0x00, 0x00, 0x0B, 0x00, 0x00, 0x00, 0x09, 0x00, 0x00, 0x00, 0x08, 0x00, 0x00, 0x00, 0x0B, 
0x00, 0x00, 0x00, 0x00, 0x00, 0x00, 0x00, 0x00, 0x00, 0x00, 0x00, 0x47, 0x00, 0x00, 0x00, 0x0B, 
0x00, 0x00, 0x00, 0x0B, 0x00, 0x00, 0x00, 0x0B, 0x00, 0x00, 0x00, 0x0B, 0x00, 0x00, 0x00, 0x01, 
0x00, 0x00, 0x00, 0x00, 0x00, 0x00, 0x00, 0x48, 0x00, 0x00, 0x00, 0x0B, 0x00, 0x00, 0x00, 0x0C, 
0x00, 0x00, 0x00, 0x0B, 0x00, 0x00, 0x00, 0x0B, 0x00, 0x00, 0x00, 0x00, 0x00, 0x00, 0x00, 0x00, 
0x00, 0x00, 0x00, 0x49, 0x00, 0x00, 0x00, 0x0B, 0x00, 0x00, 0x00, 0x05, 0x00, 0x00, 0x00, 0x05, 
0x00, 0x00, 0x00, 0x0B, 0x00, 0x00, 0x00, 0x00, 0x00, 0x00, 0x00, 0x00, 0x00, 0x00, 0x00, 0x4A, 
0x00, 0x00, 0x00, 0x0B, 0x00, 0x00, 0x00, 0x07, 0x00, 0x00, 0x00, 0x06, 0x00, 0x00, 0x00, 0x0B, 
0xFF, 0xFF, 0xFF, 0xFF, 0x00, 0x00, 0x00, 0x00, 0x00, 0x00, 0x00, 0x4B, 0x00, 0x00, 0x00, 0x0B, 
0x00, 0x00, 0x00, 0x0A, 0x00, 0x00, 0x00, 0x09, 0x00, 0x00, 0x00, 0x0B, 0x00, 0x00, 0x00, 0x00, 
0x00, 0x00, 0x00, 0x00, 0x00, 0x00, 0x00, 0x4C, 0x00, 0x00, 0x00, 0x0B, 0x00, 0x00, 0x00, 0x07, 
0x00, 0x00, 0x00, 0x08, 0x00, 0x00, 0x00, 0x0B, 0x00, 0x00, 0x00, 0x00, 0x00, 0x00, 0x00, 0x00, 
0x00, 0x00, 0x00, 0x4D, 0x00, 0x00, 0x00, 0x0B, 0x00, 0x00, 0x00, 0x10, 0x00, 0x00, 0x00, 0x0F, 
0x00, 0x00, 0x00, 0x0B, 0x00, 0x00, 0x00, 0x00, 0x00, 0x00, 0x00, 0x00, 0x00, 0x00, 0x00, 0x4E, 
0x00, 0x00, 0x00, 0x0B, 0x00, 0x00, 0x00, 0x0C, 0x00, 0x00, 0x00, 0x0C, 0x00, 0x00, 0x00, 0x0B, 
0x00, 0x00, 0x00, 0x00, 0x00, 0x00, 0x00, 0x00, 0x00, 0x00, 0x00, 0x4F, 0x00, 0x00, 0x00, 0x0B, 
0x00, 0x00, 0x00, 0x0B, 0x00, 0x00, 0x00, 0x0C, 0x00, 0x00, 0x00, 0x0B, 0x00, 0x00, 0x00, 0x01, 
0x00, 0x00, 0x00, 0x00, 0x00, 0x00, 0x00, 0x50, 0x00, 0x00, 0x00, 0x0B, 0x00, 0x00, 0x00, 0x0A, 
0x00, 0x00, 0x00, 0x09, 0x00, 0x00, 0x00, 0x0B, 0x00, 0x00, 0x00, 0x00, 0x00, 0x00, 0x00, 0x00, 
0x00, 0x00, 0x00, 0x51, 0x00, 0x00, 0x00, 0x0D, 0x00, 0x00, 0x00, 0x0B, 0x00, 0x00, 0x00, 0x0C, 
0x00, 0x00, 0x00, 0x0B, 0x00, 0x00, 0x00, 0x01, 0x00, 0x00, 0x00, 0x00, 0x00, 0x00, 0x00, 0x52, 
0x00, 0x00, 0x00, 0x0B, 0x00, 0x00, 0x00, 0x0A, 0x00, 0x00, 0x00, 0x0A, 0x00, 0x00, 0x00, 0x0B, 
0x00, 0x00, 0x00, 0x00, 0x00, 0x00, 0x00, 0x00, 0x00, 0x00, 0x00, 0x53, 0x00, 0x00, 0x00, 0x0B, 
0x00, 0x00, 0x00, 0x08, 0x00, 0x00, 0x00, 0x08, 0x00, 0x00, 0x00, 0x0B, 0x00, 0x00, 0x00, 0x00, 
0x00, 0x00, 0x00, 0x00, 0x00, 0x00, 0x00, 0x54, 0x00, 0x00, 0x00, 0x0B, 0x00, 0x00, 0x00, 0x09, 
0x00, 0x00, 0x00, 0x09, 0x00, 0x00, 0x00, 0x0B, 0x00, 0x00, 0x00, 0x01, 0x00, 0x00, 0x00, 0x00, 
0x00, 0x00, 0x00, 0x55, 0x00, 0x00, 0x00, 0x0B, 0x00, 0x00, 0x00, 0x0B, 0x00, 0x00, 0x00, 0x0C, 
0x00, 0x00, 0x00, 0x0B, 0x00, 0x00, 0x00, 0x01, 0x00, 0x00, 0x00, 0x00, 0x00, 0x00, 0x00, 0x56, 
0x00, 0x00, 0x00, 0x0B, 0x00, 0x00, 0x00, 0x0B, 0x00, 0x00, 0x00, 0x0A, 0x00, 0x00, 0x00, 0x0B, 
0x00, 0x00, 0x00, 0x01, 0x00, 0x00, 0x00, 0x00, 0x00, 0x00, 0x00, 0x57, 0x00, 0x00, 0x00, 0x0B, 
0x00, 0x00, 0x00, 0x10, 0x00, 0x00, 0x00, 0x10, 0x00, 0x00, 0x00, 0x0B, 0x00, 0x00, 0x00, 0x01, 
0x00, 0x00, 0x00, 0x00, 0x00, 0x00, 0x00, 0x58, 0x00, 0x00, 0x00, 0x0B, 0x00, 0x00, 0x00, 0x0C, 
0x00, 0x00, 0x00, 0x09, 0x00, 0x00, 0x00, 0x0B, 0xFF, 0xFF, 0xFF, 0xFF, 0x00, 0x00, 0x00, 0x00, 
0x00, 0x00, 0x00, 0x59, 0x00, 0x00, 0x00, 0x0B, 0x00, 0x00, 0x00, 0x09, 0x00, 0x00, 0x00, 0x09, 
0x00, 0x00, 0x00, 0x0B, 0x00, 0x00, 0x00, 0x01, 0x00, 0x00, 0x00, 0x00, 0x00, 0x00, 0x00, 0x5A, 
0x00, 0x00, 0x00, 0x0B, 0x00, 0x00, 0x00, 0x0B, 0x00, 0x00, 0x00, 0x08, 0x00, 0x00, 0x00, 0x0B, 
0xFF, 0xFF, 0xFF, 0xFF, 0x00, 0x00, 0x00, 0x00, 0x00, 0x00, 0x00, 0x5B, 0x00, 0x00, 0x00, 0x0F, 
0x00, 0x00, 0x00, 0x06, 0x00, 0x00, 0x00, 0x06, 0x00, 0x00, 0x00, 0x0C, 0x00, 0x00, 0x00, 0x00, 
0x00, 0x00, 0x00, 0x00, 0x00, 0x00, 0x00, 0x5C, 0x00, 0x00, 0x00, 0x0F, 0x00, 0x00, 0x00, 0x03, 
0x00, 0x00, 0x00, 0x07, 0x00, 0x00, 0x00, 0x0D, 0x00, 0x00, 0x00, 0x02, 0x00, 0x00, 0x00, 0x00, 
0x00, 0x00, 0x00, 0x5D, 0x00, 0x00, 0x00, 0x0F, 0x00, 0x00, 0x00, 0x07, 0x00, 0x00, 0x00, 0x06, 
0x00, 0x00, 0x00, 0x0C, 0xFF, 0xFF, 0xFF, 0xFF, 0x00, 0x00, 0x00, 0x00, 0x00, 0x00, 0x00, 0x5E, 
0x00, 0x00, 0x00, 0x07, 0x00, 0x00, 0x00, 0x08, 0x00, 0x00, 0x00, 0x09, 0x00, 0x00, 0x00, 0x0B, 
0x00, 0x00, 0x00, 0x01, 0x00, 0x00, 0x00, 0x00, 0x00, 0x00, 0x00, 0x5F, 0x00, 0x00, 0x00, 0x01, 
0x00, 0x00, 0x00, 0x0A, 0x00, 0x00, 0x00, 0x09, 0xFF, 0xFF, 0xFF, 0xFE, 0xFF, 0xFF, 0xFF, 0xFE, 
0x00, 0x00, 0x00, 0x00, 0x00, 0x00, 0x00, 0x60, 0x00, 0x00, 0x00, 0x03, 0x00, 0x00, 0x00, 0x05, 
0x00, 0x00, 0x00, 0x05, 0x00, 0x00, 0x00, 0x0C, 0x00, 0x00, 0x00, 0x02, 0x00, 0x00, 0x00, 0x00, 
0x00, 0x00, 0x00, 0x61, 0x00, 0x00, 0x00, 0x08, 0x00, 0x00, 0x00, 0x09, 0x00, 0x00, 0x00, 0x09, 
0x00, 0x00, 0x00, 0x08, 0x00, 0x00, 0x00, 0x00, 0x00, 0x00, 0x00, 0x00, 0x00, 0x00, 0x00, 0x62, 
0x00, 0x00, 0x00, 0x0C, 0x00, 0x00, 0x00, 0x09, 0x00, 0x00, 0x00, 0x09, 0x00, 0x00, 0x00, 0x0C, 
0x00, 0x00, 0x00, 0x00, 0x00, 0x00, 0x00, 0x00, 0x00, 0x00, 0x00, 0x63, 0x00, 0x00, 0x00, 0x08, 
0x00, 0x00, 0x00, 0x08, 0x00, 0x00, 0x00, 0x07, 0x00, 0x00, 0x00, 0x08, 0x00, 0x00, 0x00, 0x00, 
0x00, 0x00, 0x00, 0x00, 0x00, 0x00, 0x00, 0x64, 0x00, 0x00, 0x00, 0x0C, 0x00, 0x00, 0x00, 0x0A, 
0x00, 0x00, 0x00, 0x09, 0x00, 0x00, 0x00, 0x0C, 0x00, 0x00, 0x00, 0x00, 0x00, 0x00, 0x00, 0x00, 
0x00, 0x00, 0x00, 0x65, 0x00, 0x00, 0x00, 0x08, 0x00, 0x00, 0x00, 0x08, 0x00, 0x00, 0x00, 0x09, 
0x00, 0x00, 0x00, 0x08, 0x00, 0x00, 0x00, 0x00, 0x00, 0x00, 0x00, 0x00, 0x00, 0x00, 0x00, 0x66, 
0x00, 0x00, 0x00, 0x0F, 0x00, 0x00, 0x00, 0x0A, 0x00, 0x00, 0x00, 0x06, 0x00, 0x00, 0x00, 0x0C, 
0xFF, 0xFF, 0xFF, 0xFE, 0x00, 0x00, 0x00, 0x00, 0x00, 0x00, 0x00, 0x67, 0x00, 0x00, 0x00, 0x0B, 
0x00, 0x00, 0x00, 0x09, 0x00, 0x00, 0x00, 0x09, 0x00, 0x00, 0x00, 0x08, 0x00, 0x00, 0x00, 0x00, 
0x00, 0x00, 0x00, 0x00, 0x00, 0x00, 0x00, 0x68, 0x00, 0x00, 0x00, 0x0C, 0x00, 0x00, 0x00, 0x09, 
0x00, 0x00, 0x00, 0x09, 0x00, 0x00, 0x00, 0x0C, 0x00, 0x00, 0x00, 0x00, 0x00, 0x00, 0x00, 0x00, 
0x00, 0x00, 0x00, 0x69, 0x00, 0x00, 0x00, 0x0C, 0x00, 0x00, 0x00, 0x05, 0x00, 0x00, 0x00, 0x04, 
0x00, 0x00, 0x00, 0x0C, 0x00, 0x00, 0x00, 0x00, 0x00, 0x00, 0x00, 0x00, 0x00, 0x00, 0x00, 0x6A, 
0x00, 0x00, 0x00, 0x0F, 0x00, 0x00, 0x00, 0x07, 0x00, 0x00, 0x00, 0x04, 0x00, 0x00, 0x00, 0x0C, 
0xFF, 0xFF, 0xFF, 0xFE, 0x00, 0x00, 0x00, 0x00, 0x00, 0x00, 0x00, 0x6B, 0x00, 0x00, 0x00, 0x0C, 
0x00, 0x00, 0x00, 0x09, 0x00, 0x00, 0x00, 0x08, 0x00, 0x00, 0x00, 0x0C, 0x00, 0x00, 0x00, 0x00, 
0x00, 0x00, 0x00, 0x00, 0x00, 0x00, 0x00, 0x6C, 0x00, 0x00, 0x00, 0x0C, 0x00, 0x00, 0x00, 0x05, 
0x00, 0x00, 0x00, 0x04, 0x00, 0x00, 0x00, 0x0C, 0x00, 0x00, 0x00, 0x00, 0x00, 0x00, 0x00, 0x00, 
0x00, 0x00, 0x00, 0x6D, 0x00, 0x00, 0x00, 0x08, 0x00, 0x00, 0x00, 0x0E, 0x00, 0x00, 0x00, 0x0E, 
0x00, 0x00, 0x00, 0x08, 0x00, 0x00, 0x00, 0x00, 0x00, 0x00, 0x00, 0x00, 0x00, 0x00, 0x00, 0x6E, 
0x00, 0x00, 0x00, 0x08, 0x00, 0x00, 0x00, 0x09, 0x00, 0x00, 0x00, 0x09, 0x00, 0x00, 0x00, 0x08, 
0x00, 0x00, 0x00, 0x00, 0x00, 0x00, 0x00, 0x00, 0x00, 0x00, 0x00, 0x6F, 0x00, 0x00, 0x00, 0x08, 
0x00, 0x00, 0x00, 0x09, 0x00, 0x00, 0x00, 0x09, 0x00, 0x00, 0x00, 0x08, 0x00, 0x00, 0x00, 0x00, 
0x00, 0x00, 0x00, 0x00, 0x00, 0x00, 0x00, 0x70, 0x00, 0x00, 0x00, 0x0B, 0x00, 0x00, 0x00, 0x09, 
0x00, 0x00, 0x00, 0x09, 0x00, 0x00, 0x00, 0x08, 0x00, 0x00, 0x00, 0x00, 0x00, 0x00, 0x00, 0x00, 
0x00, 0x00, 0x00, 0x71, 0x00, 0x00, 0x00, 0x0B, 0x00, 0x00, 0x00, 0x09, 0x00, 0x00, 0x00, 0x09, 
0x00, 0x00, 0x00, 0x08, 0x00, 0x00, 0x00, 0x00, 0x00, 0x00, 0x00, 0x00, 0x00, 0x00, 0x00, 0x72, 
0x00, 0x00, 0x00, 0x08, 0x00, 0x00, 0x00, 0x07, 0x00, 0x00, 0x00, 0x06, 0x00, 0x00, 0x00, 0x08, 
0x00, 0x00, 0x00, 0x00, 0x00, 0x00, 0x00, 0x00, 0x00, 0x00, 0x00, 0x73, 0x00, 0x00, 0x00, 0x08, 
0x00, 0x00, 0x00, 0x07, 0x00, 0x00, 0x00, 0x07, 0x00, 0x00, 0x00, 0x08, 0x00, 0x00, 0x00, 0x00, 
0x00, 0x00, 0x00, 0x00, 0x00, 0x00, 0x00, 0x74, 0x00, 0x00, 0x00, 0x0A, 0x00, 0x00, 0x00, 0x07, 
0x00, 0x00, 0x00, 0x06, 0x00, 0x00, 0x00, 0x0A, 0x00, 0x00, 0x00, 0x00, 0x00, 0x00, 0x00, 0x00, 
0x00, 0x00, 0x00, 0x75, 0x00, 0x00, 0x00, 0x08, 0x00, 0x00, 0x00, 0x09, 0x00, 0x00, 0x00, 0x09, 
0x00, 0x00, 0x00, 0x08, 0x00, 0x00, 0x00, 0x00, 0x00, 0x00, 0x00, 0x00, 0x00, 0x00, 0x00, 0x76, 
0x00, 0x00, 0x00, 0x08, 0x00, 0x00, 0x00, 0x08, 0x00, 0x00, 0x00, 0x08, 0x00, 0x00, 0x00, 0x08, 
0x00, 0x00, 0x00, 0x01, 0x00, 0x00, 0x00, 0x00, 0x00, 0x00, 0x00, 0x77, 0x00, 0x00, 0x00, 0x08, 
0x00, 0x00, 0x00, 0x0C, 0x00, 0x00, 0x00, 0x0D, 0x00, 0x00, 0x00, 0x08, 0x00, 0x00, 0x00, 0x01, 
0x00, 0x00, 0x00, 0x00, 0x00, 0x00, 0x00, 0x78, 0x00, 0x00, 0x00, 0x08, 0x00, 0x00, 0x00, 0x09, 
0x00, 0x00, 0x00, 0x08, 0x00, 0x00, 0x00, 0x08, 0xFF, 0xFF, 0xFF, 0xFF, 0x00, 0x00, 0x00, 0x00, 
0x00, 0x00, 0x00, 0x79, 0x00, 0x00, 0x00, 0x0B, 0x00, 0x00, 0x00, 0x09, 0x00, 0x00, 0x00, 0x08, 
0x00, 0x00, 0x00, 0x08, 0x00, 0x00, 0x00, 0x00, 0x00, 0x00, 0x00, 0x00, 0x00, 0x00, 0x00, 0x7A, 
0x00, 0x00, 0x00, 0x08, 0x00, 0x00, 0x00, 0x07, 0x00, 0x00, 0x00, 0x07, 0x00, 0x00, 0x00, 0x08, 
0x00, 0x00, 0x00, 0x00, 0x00, 0x00, 0x00, 0x00, 0x00, 0x00, 0x00, 0x7B, 0x00, 0x00, 0x00, 0x0F, 
0x00, 0x00, 0x00, 0x06, 0x00, 0x00, 0x00, 0x06, 0x00, 0x00, 0x00, 0x0C, 0x00, 0x00, 0x00, 0x00, 
0x00, 0x00, 0x00, 0x00, 0x00, 0x00, 0x00, 0x7C, 0x00, 0x00, 0x00, 0x0F, 0x00, 0x00, 0x00, 0x05, 
0x00, 0x00, 0x00, 0x08, 0x00, 0x00, 0x00, 0x0C, 0x00, 0x00, 0x00, 0x02, 0x00, 0x00, 0x00, 0x00, 
0x00, 0x00, 0x00, 0x7D, 0x00, 0x00, 0x00, 0x0F, 0x00, 0x00, 0x00, 0x07, 0x00, 0x00, 0x00, 0x06, 
0x00, 0x00, 0x00, 0x0C, 0x00, 0x00, 0x00, 0x00, 0x00, 0x00, 0x00, 0x00, 0x00, 0x00, 0x00, 0x7E, 
0x00, 0x00, 0x00, 0x03, 0x00, 0x00, 0x00, 0x08, 0x00, 0x00, 0x00, 0x09, 0x00, 0x00, 0x00, 0x0A, 
0x00, 0x00, 0x00, 0x01, 0x00, 0x00, 0x00, 0x00, 0x00, 0x00, 0x00, 0xA0, 0x00, 0x00, 0x00, 0x01, 
0x00, 0x00, 0x00, 0x01, 0x00, 0x00, 0x00, 0x04, 0x00, 0x00, 0x00, 0x24, 0xFF, 0xFF, 0xFF, 0xEE, 
0x00, 0x00, 0x00, 0x00, 0x00, 0x00, 0x00, 0xA6, 0x00, 0x00, 0x00, 0x0F, 0x00, 0x00, 0x00, 0x04, 
0x00, 0x00, 0x00, 0x09, 0x00, 0x00, 0x00, 0x0C, 0x00, 0x00, 0x00, 0x02, 0x00, 0x00, 0x00, 0x00, 
0x00, 0x00, 0x00, 0xA7, 0x00, 0x00, 0x00, 0x0E, 0x00, 0x00, 0x00, 0x09, 0x00, 0x00, 0x00, 0x09, 
0x00, 0x00, 0x00, 0x0C, 0x00, 0x00, 0x00, 0x00, 0x00, 0x00, 0x00, 0x00, 0x00, 0x00, 0x00, 0xA9, 
0x00, 0x00, 0x00, 0x0C, 0x00, 0x00, 0x00, 0x0C, 0x00, 0x00, 0x00, 0x0F, 0x00, 0x00, 0x00, 0x0C, 
0x00, 0x00, 0x00, 0x02, 0x00, 0x00, 0x00, 0x00, 0x00, 0x00, 0x00, 0xAB, 0x00, 0x00, 0x00, 0x07, 
0x00, 0x00, 0x00, 0x09, 0x00, 0x00, 0x00, 0x09, 0x00, 0x00, 0x00, 0x08, 0x00, 0x00, 0x00, 0x00, 
0x00, 0x00, 0x00, 0x00, 0x00, 0x00, 0x00, 0xAE, 0x00, 0x00, 0x00, 0x07, 0x00, 0x00, 0x00, 0x07, 
0x00, 0x00, 0x00, 0x09, 0x00, 0x00, 0x00, 0x0C, 0x00, 0x00, 0x00, 0x02, 0x00, 0x00, 0x00, 0x00, 
0x00, 0x00, 0x00, 0xB0, 0x00, 0x00, 0x00, 0x04, 0x00, 0x00, 0x00, 0x04, 0x00, 0x00, 0x00, 0x06, 
0x00, 0x00, 0x00, 0x0C, 0x00, 0x00, 0x00, 0x02, 0x00, 0x00, 0x00, 0x00, 0x00, 0x00, 0x00, 0xB1, 
0x00, 0x00, 0x00, 0x09, 0x00, 0x00, 0x00, 0x09, 0x00, 0x00, 0x00, 0x09, 0x00, 0x00, 0x00, 0x09, 
0x00, 0x00, 0x00, 0x00, 0x00, 0x00, 0x00, 0x00, 0x00, 0x00, 0x00, 0xB4, 0x00, 0x00, 0x00, 0x03, 
0x00, 0x00, 0x00, 0x05, 0x00, 0x00, 0x00, 0x05, 0x00, 0x00, 0x00, 0x0C, 0x00, 0x00, 0x00, 0x02, 
0x00, 0x00, 0x00, 0x00, 0x00, 0x00, 0x00, 0xBB, 0x00, 0x00, 0x00, 0x07, 0x00, 0x00, 0x00, 0x09, 
0x00, 0x00, 0x00, 0x09, 0x00, 0x00, 0x00, 0x08, 0x00, 0x00, 0x00, 0x00, 0x00, 0x00, 0x00, 0x00, 
0x00, 0x00, 0x00, 0xD7, 0x00, 0x00, 0x00, 0x09, 0x00, 0x00, 0x00, 0x0A, 0x00, 0x00, 0x00, 0x09, 
0x00, 0x00, 0x00, 0x0A, 0x00, 0x00, 0x00, 0x00, 0x00, 0x00, 0x00, 0x00, 0x00, 0x00, 0x00, 0xF7, 
0x00, 0x00, 0x00, 0x09, 0x00, 0x00, 0x00, 0x08, 0x00, 0x00, 0x00, 0x09, 0x00, 0x00, 0x00, 0x09, 
0x00, 0x00, 0x00, 0x00, 0x00, 0x00, 0x00, 0x00, 0x00, 0x00, 0x04, 0x01, 0x00, 0x00, 0x00, 0x0F, 
0x00, 0x00, 0x00, 0x0A, 0x00, 0x00, 0x00, 0x09, 0x00, 0x00, 0x00, 0x0F, 0x00, 0x00, 0x00, 0x00, 
0x00, 0x00, 0x00, 0x00, 0x00, 0x00, 0x04, 0x10, 0x00, 0x00, 0x00, 0x0B, 0x00, 0x00, 0x00, 0x0B, 
0x00, 0x00, 0x00, 0x0A, 0x00, 0x00, 0x00, 0x0B, 0xFF, 0xFF, 0xFF, 0xFF, 0x00, 0x00, 0x00, 0x00, 
0x00, 0x00, 0x04, 0x11, 0x00, 0x00, 0x00, 0x0B, 0x00, 0x00, 0x00, 0x09, 0x00, 0x00, 0x00, 0x0A, 
0x00, 0x00, 0x00, 0x0B, 0x00, 0x00, 0x00, 0x01, 0x00, 0x00, 0x00, 0x00, 0x00, 0x00, 0x04, 0x12, 
0x00, 0x00, 0x00, 0x0B, 0x00, 0x00, 0x00, 0x0A, 0x00, 0x00, 0x00, 0x0A, 0x00, 0x00, 0x00, 0x0B, 
0x00, 0x00, 0x00, 0x00, 0x00, 0x00, 0x00, 0x00, 0x00, 0x00, 0x04, 0x13, 0x00, 0x00, 0x00, 0x0B, 
0x00, 0x00, 0x00, 0x08, 0x00, 0x00, 0x00, 0x08, 0x00, 0x00, 0x00, 0x0B, 0x00, 0x00, 0x00, 0x01, 
0x00, 0x00, 0x00, 0x00, 0x00, 0x00, 0x04, 0x14, 0x00, 0x00, 0x00, 0x0E, 0x00, 0x00, 0x00, 0x0C, 
0x00, 0x00, 0x00, 0x0C, 0x00, 0x00, 0x00, 0x0B, 0xFF, 0xFF, 0xFF, 0xFF, 0x00, 0x00, 0x00, 0x00, 
0x00, 0x00, 0x04, 0x15, 0x00, 0x00, 0x00, 0x0B, 0x00, 0x00, 0x00, 0x0A, 0x00, 0x00, 0x00, 0x09, 
0x00, 0x00, 0x00, 0x0B, 0x00, 0x00, 0x00, 0x00, 0x00, 0x00, 0x00, 0x00, 0x00, 0x00, 0x04, 0x16, 
0x00, 0x00, 0x00, 0x0B, 0x00, 0x00, 0x00, 0x10, 0x00, 0x00, 0x00, 0x0E, 0x00, 0x00, 0x00, 0x0B, 
0xFF, 0xFF, 0xFF, 0xFF, 0x00, 0x00, 0x00, 0x00, 0x00, 0x00, 0x04, 0x17, 0x00, 0x00, 0x00, 0x0B, 
0x00, 0x00, 0x00, 0x08, 0x00, 0x00, 0x00, 0x09, 0x00, 0x00, 0x00, 0x0B, 0x00, 0x00, 0x00, 0x00, 
0x00, 0x00, 0x00, 0x00, 0x00, 0x00, 0x04, 0x18, 0x00, 0x00, 0x00, 0x0B, 0x00, 0x00, 0x00, 0x0B, 
0x00, 0x00, 0x00, 0x0C, 0x00, 0x00, 0x00, 0x0B, 0x00, 0x00, 0x00, 0x01, 0x00, 0x00, 0x00, 0x00, 
0x00, 0x00, 0x04, 0x19, 0x00, 0x00, 0x00, 0x10, 0x00, 0x00, 0x00, 0x0C, 0x00, 0x00, 0x00, 0x0C, 
0x00, 0x00, 0x00, 0x0F, 0x00, 0x00, 0x00, 0x00, 0x00, 0x00, 0x00, 0x00, 0x00, 0x00, 0x04, 0x1A, 
0x00, 0x00, 0x00, 0x0B, 0x00, 0x00, 0x00, 0x0A, 0x00, 0x00, 0x00, 0x0A, 0x00, 0x00, 0x00, 0x0B, 
0x00, 0x00, 0x00, 0x01, 0x00, 0x00, 0x00, 0x00, 0x00, 0x00, 0x04, 0x1B, 0x00, 0x00, 0x00, 0x0B, 
0x00, 0x00, 0x00, 0x0C, 0x00, 0x00, 0x00, 0x0B, 0x00, 0x00, 0x00, 0x0B, 0xFF, 0xFF, 0xFF, 0xFF, 
0x00, 0x00, 0x00, 0x00, 0x00, 0x00, 0x04, 0x1C, 0x00, 0x00, 0x00, 0x0B, 0x00, 0x00, 0x00, 0x10, 
0x00, 0x00, 0x00, 0x0F, 0x00, 0x00, 0x00, 0x0B, 0x00, 0x00, 0x00, 0x00, 0x00, 0x00, 0x00, 0x00, 
0x00, 0x00, 0x04, 0x1D, 0x00, 0x00, 0x00, 0x0B, 0x00, 0x00, 0x00, 0x0C, 0x00, 0x00, 0x00, 0x0B, 
0x00, 0x00, 0x00, 0x0B, 0x00, 0x00, 0x00, 0x00, 0x00, 0x00, 0x00, 0x00, 0x00, 0x00, 0x04, 0x1E, 
0x00, 0x00, 0x00, 0x0B, 0x00, 0x00, 0x00, 0x0B, 0x00, 0x00, 0x00, 0x0C, 0x00, 0x00, 0x00, 0x0B, 
0x00, 0x00, 0x00, 0x01, 0x00, 0x00, 0x00, 0x00, 0x00, 0x00, 0x04, 0x1F, 0x00, 0x00, 0x00, 0x0B, 
0x00, 0x00, 0x00, 0x0B, 0x00, 0x00, 0x00, 0x0B, 0x00, 0x00, 0x00, 0x0B, 0x00, 0x00, 0x00, 0x01, 
0x00, 0x00, 0x00, 0x00, 0x00, 0x00, 0x04, 0x20, 0x00, 0x00, 0x00, 0x0B, 0x00, 0x00, 0x00, 0x0A, 
0x00, 0x00, 0x00, 0x09, 0x00, 0x00, 0x00, 0x0B, 0x00, 0x00, 0x00, 0x00, 0x00, 0x00, 0x00, 0x00, 
0x00, 0x00, 0x04, 0x21, 0x00, 0x00, 0x00, 0x0B, 0x00, 0x00, 0x00, 0x0A, 0x00, 0x00, 0x00, 0x09, 
0x00, 0x00, 0x00, 0x0B, 0x00, 0x00, 0x00, 0x01, 0x00, 0x00, 0x00, 0x00, 0x00, 0x00, 0x04, 0x22, 
0x00, 0x00, 0x00, 0x0B, 0x00, 0x00, 0x00, 0x09, 0x00, 0x00, 0x00, 0x09, 0x00, 0x00, 0x00, 0x0B, 
0x00, 0x00, 0x00, 0x01, 0x00, 0x00, 0x00, 0x00, 0x00, 0x00, 0x04, 0x23, 0x00, 0x00, 0x00, 0x0B, 
0x00, 0x00, 0x00, 0x0A, 0x00, 0x00, 0x00, 0x0A, 0x00, 0x00, 0x00, 0x0B, 0x00, 0x00, 0x00, 0x01, 
0x00, 0x00, 0x00, 0x00, 0x00, 0x00, 0x04, 0x24, 0x00, 0x00, 0x00, 0x0C, 0x00, 0x00, 0x00, 0x0C, 
0x00, 0x00, 0x00, 0x0D, 0x00, 0x00, 0x00, 0x0C, 0x00, 0x00, 0x00, 0x01, 0x00, 0x00, 0x00, 0x00, 
0x00, 0x00, 0x04, 0x25, 0x00, 0x00, 0x00, 0x0B, 0x00, 0x00, 0x00, 0x0C, 0x00, 0x00, 0x00, 0x09, 
0x00, 0x00, 0x00, 0x0B, 0xFF, 0xFF, 0xFF, 0xFF, 0x00, 0x00, 0x00, 0x00, 0x00, 0x00, 0x04, 0x26, 
0x00, 0x00, 0x00, 0x0E, 0x00, 0x00, 0x00, 0x0A, 0x00, 0x00, 0x00, 0x0C, 0x00, 0x00, 0x00, 0x0B, 
0x00, 0x00, 0x00, 0x01, 0x00, 0x00, 0x00, 0x00, 0x00, 0x00, 0x04, 0x27, 0x00, 0x00, 0x00, 0x0B, 
0x00, 0x00, 0x00, 0x0A, 0x00, 0x00, 0x00, 0x0A, 0x00, 0x00, 0x00, 0x0B, 0x00, 0x00, 0x00, 0x01, 
0x00, 0x00, 0x00, 0x00, 0x00, 0x00, 0x04, 0x28, 0x00, 0x00, 0x00, 0x0B, 0x00, 0x00, 0x00, 0x0F, 
0x00, 0x00, 0x00, 0x10, 0x00, 0x00, 0x00, 0x0B, 0x00, 0x00, 0x00, 0x01, 0x00, 0x00, 0x00, 0x00, 
0x00, 0x00, 0x04, 0x29, 0x00, 0x00, 0x00, 0x0E, 0x00, 0x00, 0x00, 0x0F, 0x00, 0x00, 0x00, 0x10, 
0x00, 0x00, 0x00, 0x0B, 0x00, 0x00, 0x00, 0x01, 0x00, 0x00, 0x00, 0x00, 0x00, 0x00, 0x04, 0x2A, 
0x00, 0x00, 0x00, 0x0B, 0x00, 0x00, 0x00, 0x09, 0x00, 0x00, 0x00, 0x0B, 0x00, 0x00, 0x00, 0x0B, 
0x00, 0x00, 0x00, 0x01, 0x00, 0x00, 0x00, 0x00, 0x00, 0x00, 0x04, 0x2B, 0x00, 0x00, 0x00, 0x0B, 
0x00, 0x00, 0x00, 0x0D, 0x00, 0x00, 0x00, 0x0E, 0x00, 0x00, 0x00, 0x0B, 0x00, 0x00, 0x00, 0x01, 
0x00, 0x00, 0x00, 0x00, 0x00, 0x00, 0x04, 0x2C, 0x00, 0x00, 0x00, 0x0B, 0x00, 0x00, 0x00, 0x08, 
0x00, 0x00, 0x00, 0x0A, 0x00, 0x00, 0x00, 0x0B, 0x00, 0x00, 0x00, 0x01, 0x00, 0x00, 0x00, 0x00, 
0x00, 0x00, 0x04, 0x2D, 0x00, 0x00, 0x00, 0x0B, 0x00, 0x00, 0x00, 0x09, 0x00, 0x00, 0x00, 0x0A, 
0x00, 0x00, 0x00, 0x0B, 0x00, 0x00, 0x00, 0x00, 0x00, 0x00, 0x00, 0x00, 0x00, 0x00, 0x04, 0x2E, 
0x00, 0x00, 0x00, 0x0B, 0x00, 0x00, 0x00, 0x0E, 0x00, 0x00, 0x00, 0x10, 0x00, 0x00, 0x00, 0x0B, 
0x00, 0x00, 0x00, 0x01, 0x00, 0x00, 0x00, 0x00, 0x00, 0x00, 0x04, 0x2F, 0x00, 0x00, 0x00, 0x0B, 
0x00, 0x00, 0x00, 0x0B, 0x00, 0x00, 0x00, 0x0A, 0x00, 0x00, 0x00, 0x0B, 0xFF, 0xFF, 0xFF, 0xFF, 
0x00, 0x00, 0x00, 0x00, 0x00, 0x00, 0x04, 0x30, 0x00, 0x00, 0x00, 0x08, 0x00, 0x00, 0x00, 0x09, 
0x00, 0x00, 0x00, 0x09, 0x00, 0x00, 0x00, 0x08, 0x00, 0x00, 0x00, 0x00, 0x00, 0x00, 0x00, 0x00, 
0x00, 0x00, 0x04, 0x31, 0x00, 0x00, 0x00, 0x0D, 0x00, 0x00, 0x00, 0x09, 0x00, 0x00, 0x00, 0x0A, 
0x00, 0x00, 0x00, 0x0D, 0x00, 0x00, 0x00, 0x01, 0x00, 0x00, 0x00, 0x00, 0x00, 0x00, 0x04, 0x32, 
0x00, 0x00, 0x00, 0x08, 0x00, 0x00, 0x00, 0x07, 0x00, 0x00, 0x00, 0x09, 0x00, 0x00, 0x00, 0x08, 
0x00, 0x00, 0x00, 0x01, 0x00, 0x00, 0x00, 0x00, 0x00, 0x00, 0x04, 0x33, 0x00, 0x00, 0x00, 0x08, 
0x00, 0x00, 0x00, 0x06, 0x00, 0x00, 0x00, 0x07, 0x00, 0x00, 0x00, 0x08, 0x00, 0x00, 0x00, 0x00, 
0x00, 0x00, 0x00, 0x00, 0x00, 0x00, 0x04, 0x34, 0x00, 0x00, 0x00, 0x0C, 0x00, 0x00, 0x00, 0x08, 
0x00, 0x00, 0x00, 0x09, 0x00, 0x00, 0x00, 0x0C, 0x00, 0x00, 0x00, 0x01, 0x00, 0x00, 0x00, 0x00, 
0x00, 0x00, 0x04, 0x35, 0x00, 0x00, 0x00, 0x08, 0x00, 0x00, 0x00, 0x08, 0x00, 0x00, 0x00, 0x09, 
0x00, 0x00, 0x00, 0x08, 0x00, 0x00, 0x00, 0x00, 0x00, 0x00, 0x00, 0x00, 0x00, 0x00, 0x04, 0x36, 
0x00, 0x00, 0x00, 0x08, 0x00, 0x00, 0x00, 0x0E, 0x00, 0x00, 0x00, 0x0E, 0x00, 0x00, 0x00, 0x08, 
0x00, 0x00, 0x00, 0x00, 0x00, 0x00, 0x00, 0x00, 0x00, 0x00, 0x04, 0x37, 0x00, 0x00, 0x00, 0x08, 
0x00, 0x00, 0x00, 0x07, 0x00, 0x00, 0x00, 0x08, 0x00, 0x00, 0x00, 0x08, 0x00, 0x00, 0x00, 0x00, 
0x00, 0x00, 0x00, 0x00, 0x00, 0x00, 0x04, 0x38, 0x00, 0x00, 0x00, 0x08, 0x00, 0x00, 0x00, 0x09, 
0x00, 0x00, 0x00, 0x09, 0x00, 0x00, 0x00, 0x08, 0x00, 0x00, 0x00, 0x00, 0x00, 0x00, 0x00, 0x00, 
0x00, 0x00, 0x04, 0x39, 0x00, 0x00, 0x00, 0x0E, 0x00, 0x00, 0x00, 0x08, 0x00, 0x00, 0x00, 0x09, 
0x00, 0x00, 0x00, 0x0D, 0x00, 0x00, 0x00, 0x01, 0x00, 0x00, 0x00, 0x00, 0x00, 0x00, 0x04, 0x3A, 
0x00, 0x00, 0x00, 0x08, 0x00, 0x00, 0x00, 0x08, 0x00, 0x00, 0x00, 0x08, 0x00, 0x00, 0x00, 0x08, 
0x00, 0x00, 0x00, 0x01, 0x00, 0x00, 0x00, 0x00, 0x00, 0x00, 0x04, 0x3B, 0x00, 0x00, 0x00, 0x08, 
0x00, 0x00, 0x00, 0x0A, 0x00, 0x00, 0x00, 0x09, 0x00, 0x00, 0x00, 0x08, 0xFF, 0xFF, 0xFF, 0xFF, 
0x00, 0x00, 0x00, 0x00, 0x00, 0x00, 0x04, 0x3C, 0x00, 0x00, 0x00, 0x08, 0x00, 0x00, 0x00, 0x0C, 
0x00, 0x00, 0x00, 0x0C, 0x00, 0x00, 0x00, 0x08, 0x00, 0x00, 0x00, 0x00, 0x00, 0x00, 0x00, 0x00, 
0x00, 0x00, 0x04, 0x3D, 0x00, 0x00, 0x00, 0x08, 0x00, 0x00, 0x00, 0x08, 0x00, 0x00, 0x00, 0x09, 
0x00, 0x00, 0x00, 0x08, 0x00, 0x00, 0x00, 0x01, 0x00, 0x00, 0x00, 0x00, 0x00, 0x00, 0x04, 0x3E, 
0x00, 0x00, 0x00, 0x08, 0x00, 0x00, 0x00, 0x09, 0x00, 0x00, 0x00, 0x09, 0x00, 0x00, 0x00, 0x08, 
0x00, 0x00, 0x00, 0x00, 0x00, 0x00, 0x00, 0x00, 0x00, 0x00, 0x04, 0x3F, 0x00, 0x00, 0x00, 0x08, 
0x00, 0x00, 0x00, 0x08, 0x00, 0x00, 0x00, 0x09, 0x00, 0x00, 0x00, 0x08, 0x00, 0x00, 0x00, 0x01, 
0x00, 0x00, 0x00, 0x00, 0x00, 0x00, 0x04, 0x40, 0x00, 0x00, 0x00, 0x0B, 0x00, 0x00, 0x00, 0x09, 
0x00, 0x00, 0x00, 0x09, 0x00, 0x00, 0x00, 0x08, 0x00, 0x00, 0x00, 0x00, 0x00, 0x00, 0x00, 0x00, 
0x00, 0x00, 0x04, 0x41, 0x00, 0x00, 0x00, 0x08, 0x00, 0x00, 0x00, 0x08, 0x00, 0x00, 0x00, 0x07, 
0x00, 0x00, 0x00, 0x08, 0x00, 0x00, 0x00, 0x00, 0x00, 0x00, 0x00, 0x00, 0x00, 0x00, 0x04, 0x42, 
0x00, 0x00, 0x00, 0x08, 0x00, 0x00, 0x00, 0x0E, 0x00, 0x00, 0x00, 0x0E, 0x00, 0x00, 0x00, 0x08, 
0x00, 0x00, 0x00, 0x00, 0x00, 0x00, 0x00, 0x00, 0x00, 0x00, 0x04, 0x43, 0x00, 0x00, 0x00, 0x0B, 
0x00, 0x00, 0x00, 0x09, 0x00, 0x00, 0x00, 0x08, 0x00, 0x00, 0x00, 0x08, 0x00, 0x00, 0x00, 0x00, 
0x00, 0x00, 0x00, 0x00, 0x00, 0x00, 0x04, 0x44, 0x00, 0x00, 0x00, 0x0F, 0x00, 0x00, 0x00, 0x0B, 
0x00, 0x00, 0x00, 0x0D, 0x00, 0x00, 0x00, 0x0C, 0x00, 0x00, 0x00, 0x01, 0x00, 0x00, 0x00, 0x00, 
0x00, 0x00, 0x04, 0x45, 0x00, 0x00, 0x00, 0x08, 0x00, 0x00, 0x00, 0x09, 0x00, 0x00, 0x00, 0x08, 
0x00, 0x00, 0x00, 0x08, 0xFF, 0xFF, 0xFF, 0xFF, 0x00, 0x00, 0x00, 0x00, 0x00, 0x00, 0x04, 0x46, 
0x00, 0x00, 0x00, 0x0B, 0x00, 0x00, 0x00, 0x09, 0x00, 0x00, 0x00, 0x0A, 0x00, 0x00, 0x00, 0x08, 
0x00, 0x00, 0x00, 0x00, 0x00, 0x00, 0x00, 0x00, 0x00, 0x00, 0x04, 0x47, 0x00, 0x00, 0x00, 0x08, 
0x00, 0x00, 0x00, 0x08, 0x00, 0x00, 0x00, 0x08, 0x00, 0x00, 0x00, 0x08, 0x00, 0x00, 0x00, 0x00, 
0x00, 0x00, 0x00, 0x00, 0x00, 0x00, 0x04, 0x48, 0x00, 0x00, 0x00, 0x08, 0x00, 0x00, 0x00, 0x0E, 
0x00, 0x00, 0x00, 0x0E, 0x00, 0x00, 0x00, 0x08, 0x00, 0x00, 0x00, 0x00, 0x00, 0x00, 0x00, 0x00, 
0x00, 0x00, 0x04, 0x49, 0x00, 0x00, 0x00, 0x0B, 0x00, 0x00, 0x00, 0x0E, 0x00, 0x00, 0x00, 0x0E, 
0x00, 0x00, 0x00, 0x08, 0x00, 0x00, 0x00, 0x00, 0x00, 0x00, 0x00, 0x00, 0x00, 0x00, 0x04, 0x4A, 
0x00, 0x00, 0x00, 0x08, 0x00, 0x00, 0x00, 0x08, 0x00, 0x00, 0x00, 0x0A, 0x00, 0x00, 0x00, 0x08, 
0x00, 0x00, 0x00, 0x01, 0x00, 0x00, 0x00, 0x00, 0x00, 0x00, 0x04, 0x4B, 0x00, 0x00, 0x00, 0x08, 
0x00, 0x00, 0x00, 0x0C, 0x00, 0x00, 0x00, 0x0C, 0x00, 0x00, 0x00, 0x08, 0x00, 0x00, 0x00, 0x00, 
0x00, 0x00, 0x00, 0x00, 0x00, 0x00, 0x04, 0x4C, 0x00, 0x00, 0x00, 0x08, 0x00, 0x00, 0x00, 0x08, 
0x00, 0x00, 0x00, 0x08, 0x00, 0x00, 0x00, 0x08, 0x00, 0x00, 0x00, 0x00, 0x00, 0x00, 0x00, 0x00, 
0x00, 0x00, 0x04, 0x4D, 0x00, 0x00, 0x00, 0x08, 0x00, 0x00, 0x00, 0x07, 0x00, 0x00, 0x00, 0x08, 
0x00, 0x00, 0x00, 0x08, 0x00, 0x00, 0x00, 0x00, 0x00, 0x00, 0x00, 0x00, 0x00, 0x00, 0x04, 0x4E, 
0x00, 0x00, 0x00, 0x08, 0x00, 0x00, 0x00, 0x0B, 0x00, 0x00, 0x00, 0x0D, 0x00, 0x00, 0x00, 0x08, 
0x00, 0x00, 0x00, 0x01, 0x00, 0x00, 0x00, 0x00, 0x00, 0x00, 0x04, 0x4F, 0x00, 0x00, 0x00, 0x09, 
0x00, 0x00, 0x00, 0x09, 0x00, 0x00, 0x00, 0x09, 0x00, 0x00, 0x00, 0x08, 0xFF, 0xFF, 0xFF, 0xFF, 
0x00, 0x00, 0x00, 0x00, 0x00, 0x00, 0x04, 0x51, 0x00, 0x00, 0x00, 0x0D, 0x00, 0x00, 0x00, 0x09, 
0x00, 0x00, 0x00, 0x09, 0x00, 0x00, 0x00, 0x0C, 0x00, 0x00, 0x00, 0x00, 0x00, 0x00, 0x00, 0x00, 
0x00, 0x00, 0x20, 0x0C, 0x00, 0x00, 0x00, 0x01, 0x00, 0x00, 0x00, 0x01, 0x00, 0x00, 0x00, 0x00, 
0x00, 0x00, 0x00, 0x24, 0xFF, 0xFF, 0xFF, 0xEE, 0x00, 0x00, 0x00, 0x00, 0x00, 0x00, 0x20, 0x0D, 
0x00, 0x00, 0x00, 0x01, 0x00, 0x00, 0x00, 0x01, 0x00, 0x00, 0x00, 0x00, 0x00, 0x00, 0x00, 0x24, 
0xFF, 0xFF, 0xFF, 0xEE, 0x00, 0x00, 0x00, 0x00, 0x00, 0x00, 0x20, 0x0E, 0x00, 0x00, 0x00, 0x01, 
0x00, 0x00, 0x00, 0x01, 0x00, 0x00, 0x00, 0x00, 0x00, 0x00, 0x00, 0x24, 0xFF, 0xFF, 0xFF, 0xEE, 
0x00, 0x00, 0x00, 0x00, 0x00, 0x00, 0x20, 0x0F, 0x00, 0x00, 0x00, 0x01, 0x00, 0x00, 0x00, 0x01, 
0x00, 0x00, 0x00, 0x00, 0x00, 0x00, 0x00, 0x24, 0xFF, 0xFF, 0xFF, 0xEE, 0x00, 0x00, 0x00, 0x00, 
0x00, 0x00, 0x20, 0x28, 0x00, 0x00, 0x00, 0x01, 0x00, 0x00, 0x00, 0x01, 0x00, 0x00, 0x00, 0x00, 
0x00, 0x00, 0x00, 0x24, 0xFF, 0xFF, 0xFF, 0xEE, 0x00, 0x00, 0x00, 0x00, 0x00, 0x00, 0x20, 0x29, 
0x00, 0x00, 0x00, 0x01, 0x00, 0x00, 0x00, 0x01, 0x00, 0x00, 0x00, 0x00, 0x00, 0x00, 0x00, 0x24, 
0xFF, 0xFF, 0xFF, 0xEE, 0x00, 0x00, 0x00, 0x00, 0x00, 0x00, 0x20, 0x2A, 0x00, 0x00, 0x00, 0x01, 
0x00, 0x00, 0x00, 0x01, 0x00, 0x00, 0x00, 0x00, 0x00, 0x00, 0x00, 0x24, 0xFF, 0xFF, 0xFF, 0xEE, 
0x00, 0x00, 0x00, 0x00, 0x00, 0x00, 0x20, 0x2B, 0x00, 0x00, 0x00, 0x01, 0x00, 0x00, 0x00, 0x01, 
0x00, 0x00, 0x00, 0x00, 0x00, 0x00, 0x00, 0x24, 0xFF, 0xFF, 0xFF, 0xEE, 0x00, 0x00, 0x00, 0x00, 
0x00, 0x00, 0x20, 0x2C, 0x00, 0x00, 0x00, 0x01, 0x00, 0x00, 0x00, 0x01, 0x00, 0x00, 0x00, 0x00, 
0x00, 0x00, 0x00, 0x24, 0xFF, 0xFF, 0xFF, 0xEE, 0x00, 0x00, 0x00, 0x00, 0x00, 0x00, 0x20, 0x2D, 
0x00, 0x00, 0x00, 0x01, 0x00, 0x00, 0x00, 0x01, 0x00, 0x00, 0x00, 0x00, 0x00, 0x00, 0x00, 0x24, 
0xFF, 0xFF, 0xFF, 0xEE, 0x00, 0x00, 0x00, 0x00, 0x00, 0x00, 0x20, 0x2E, 0x00, 0x00, 0x00, 0x01, 
0x00, 0x00, 0x00, 0x01, 0x00, 0x00, 0x00, 0x00, 0x00, 0x00, 0x00, 0x24, 0xFF, 0xFF, 0xFF, 0xEE, 
0x00, 0x00, 0x00, 0x00, 0x00, 0x00, 0x20, 0x6A, 0x00, 0x00, 0x00, 0x01, 0x00, 0x00, 0x00, 0x01, 
0x00, 0x00, 0x00, 0x00, 0x00, 0x00, 0x00, 0x24, 0xFF, 0xFF, 0xFF, 0xEE, 0x00, 0x00, 0x00, 0x00, 
0x00, 0x00, 0x20, 0x6B, 0x00, 0x00, 0x00, 0x01, 0x00, 0x00, 0x00, 0x01, 0x00, 0x00, 0x00, 0x00, 
0x00, 0x00, 0x00, 0x24, 0xFF, 0xFF, 0xFF, 0xEE, 0x00, 0x00, 0x00, 0x00, 0x00, 0x00, 0x20, 0x6C, 
0x00, 0x00, 0x00, 0x01, 0x00, 0x00, 0x00, 0x01, 0x00, 0x00, 0x00, 0x00, 0x00, 0x00, 0x00, 0x24, 
0xFF, 0xFF, 0xFF, 0xEE, 0x00, 0x00, 0x00, 0x00, 0x00, 0x00, 0x20, 0x6D, 0x00, 0x00, 0x00, 0x01, 
0x00, 0x00, 0x00, 0x01, 0x00, 0x00, 0x00, 0x00, 0x00, 0x00, 0x00, 0x24, 0xFF, 0xFF, 0xFF, 0xEE, 
0x00, 0x00, 0x00, 0x00, 0x00, 0x00, 0x20, 0x6E, 0x00, 0x00, 0x00, 0x01, 0x00, 0x00, 0x00, 0x01, 
0x00, 0x00, 0x00, 0x00, 0x00, 0x00, 0x00, 0x24, 0xFF, 0xFF, 0xFF, 0xEE, 0x00, 0x00, 0x00, 0x00, 
0x00, 0x00, 0x20, 0x6F, 0x00, 0x00, 0x00, 0x01, 0x00, 0x00, 0x00, 0x01, 0x00, 0x00, 0x00, 0x00, 
0x00, 0x00, 0x00, 0x24, 0xFF, 0xFF, 0xFF, 0xEE, 0x00, 0x00, 0x00, 0x00, 0x00, 0x00, 0x22, 0x12, 
0x00, 0x00, 0x00, 0x01, 0x00, 0x00, 0x00, 0x08, 0x00, 0x00, 0x00, 0x09, 0x00, 0x00, 0x00, 0x05, 
0x00, 0x00, 0x00, 0x01, 0x00, 0x00, 0x00, 0x00, 0x00, 0x00, 0x22, 0x1E, 0x00, 0x00, 0x00, 0x05, 
0x00, 0x00, 0x00, 0x0D, 0x00, 0x00, 0x00, 0x0F, 0x00, 0x00, 0x00, 0x08, 0x00, 0x00, 0x00, 0x01, 
0x00, 0x00, 0x00, 0x00, 0x00, 0x00, 0x22, 0x48, 0x00, 0x00, 0x00, 0x05, 0x00, 0x00, 0x00, 0x08, 
0x00, 0x00, 0x00, 0x09, 0x00, 0x00, 0x00, 0x07, 0x00, 0x00, 0x00, 0x01, 0x00, 0x00, 0x00, 0x00, 
0x00, 0x00, 0x22, 0x60, 0x00, 0x00, 0x00, 0x08, 0x00, 0x00, 0x00, 0x0A, 0x00, 0x00, 0x00, 0x09, 
0x00, 0x00, 0x00, 0x09, 0x00, 0x00, 0x00, 0x00, 0x00, 0x00, 0x00, 0x00, 0x00, 0x00, 0x00, 0x00, 
0x00, 0x00, 0x00, 0x00, 0x08, 0xEE, 0x81, 0x00, 0x34, 0xFF, 0x55, 0x00, 0x64, 0xFF, 0x1C, 0x00, 
0x94, 0xE3, 0x00, 0x00, 0xC3, 0xAB, 0x00, 0x01, 0xF1, 0x72, 0x00, 0x23, 0xFF, 0x39, 0x00, 0x52, 
0xF9, 0x07, 0x00, 0x7B, 0xC1, 0x00, 0x00, 0x00, 0x00, 0x00, 0x00, 0xEF, 0xD9, 0x00, 0x00, 0xF1, 
0x7A, 0x00, 0x00, 0x0E, 0xE2, 0x00, 0x0E, 0xE2, 0x46, 0xBA, 0x00, 0x46, 0xBA, 0x80, 0x7F, 0x00, 
0x80, 0x7F, 0xBB, 0x45, 0x00, 0xBB, 0x45, 0xE6, 0x0E, 0x00, 0xE6, 0x0E, 0x00, 0x00, 0x00, 0x00, 
0x1B, 0xD9, 0x00, 0x00, 0x1B, 0xD9, 0x00, 0x00, 0x00, 0x00, 0x00, 0x79, 0x86, 0x00, 0x00, 0x79, 
0x89, 0x00, 0x00, 0x00, 0x00, 0x00, 0xD7, 0x27, 0x00, 0x00, 0xD7, 0x2B, 0x00, 0x00, 0x00, 0xA0, 
0xFF, 0xFF, 0xFF, 0xFF, 0xFF, 0xFF, 0xFC, 0x1D, 0x00, 0x00, 0x00, 0x9E, 0x62, 0x00, 0x00, 0x9A, 
0x65, 0x00, 0x00, 0x00, 0x00, 0x07, 0xE8, 0x0F, 0x00, 0x06, 0xE6, 0x10, 0x00, 0x00, 0x00, 0x00, 
0x53, 0xAD, 0x00, 0x00, 0x4F, 0xAD, 0x00, 0x00, 0x00, 0x10, 0xF9, 0xFF, 0xFF, 0xFF, 0xFF, 0xFF, 
0xFF, 0xA6, 0x00, 0x00, 0x00, 0x1D, 0xDF, 0x02, 0x00, 0x1D, 0xDD, 0x01, 0x00, 0x00, 0x00, 0x00, 
0x80, 0x7F, 0x00, 0x00, 0x80, 0x7E, 0x00, 0x00, 0x00, 0x00, 0x00, 0xDB, 0x1E, 0x00, 0x00, 0xDB, 
0x1D, 0x00, 0x00, 0x00, 0x00, 0x00, 0x00, 0x00, 0x00, 0x00, 0x00, 0x3A, 0x2D, 0x00, 0x00, 0x00, 
0x00, 0x00, 0x00, 0x00, 0xD9, 0x55, 0x00, 0x00, 0x00, 0x00, 0x00, 0x25, 0x63, 0xFF, 0x3B, 0x00, 
0x00, 0x00, 0x11, 0xA9, 0xFF, 0xED, 0xEE, 0xFF, 0x9B, 0x00, 0x00, 0xA7, 0xED, 0x3A, 0x00, 0x00, 
0x32, 0x57, 0x00, 0x06, 0xFB, 0x8A, 0x00, 0x00, 0x00, 0x00, 0x00, 0x00, 0x0A, 0xFD, 0xB7, 0x03, 
0x00, 0x00, 0x00, 0x00, 0x00, 0x00, 0x97, 0xFF, 0xD3, 0x64, 0x08, 0x00, 0x00, 0x00, 0x00, 0x00, 
0x54, 0xC4, 0xFF, 0xE5, 0x3A, 0x00, 0x00, 0x00, 0x00, 0x00, 0x00, 0x3B, 0xEC, 0xDC, 0x00, 0x00, 
0x00, 0x00, 0x00, 0x00, 0x00, 0x9C, 0xFF, 0x04, 0x02, 0x00, 0x00, 0x00, 0x00, 0x06, 0xD6, 0xD3, 
0x00, 0xA5, 0xA9, 0x5D, 0x49, 0x65, 0xD0, 0xF9, 0x45, 0x00, 0x49, 0xC3, 0xF8, 0xFD, 0xE4, 0xA3, 
0x2C, 0x00, 0x00, 0x00, 0x00, 0xCB, 0x64, 0x00, 0x00, 0x00, 0x00, 0x00, 0x00, 0x18, 0xFC, 0x18, 
0x00, 0x00, 0x00, 0x00, 0x00, 0x00, 0x04, 0x1C, 0x00, 0x00, 0x00, 0x00, 0x00, 0x00, 0x00, 0x00, 
0x00, 0x49, 0x74, 0x41, 0x00, 0x00, 0x00, 0x00, 0x05, 0x96, 0x49, 0x00, 0x00, 0x9D, 0xD4, 0x87, 
0xF7, 0x46, 0x00, 0x00, 0x01, 0xA5, 0xB4, 0x04, 0x00, 0x35, 0xF9, 0x1B, 0x00, 0xC2, 0x79, 0x00, 
0x00, 0x8D, 0xC8, 0x0A, 0x00, 0x00, 0x7B, 0xC0, 0x00, 0x00, 0xD8, 0x63, 0x00, 0x74, 0xD9, 0x13, 
0x00, 0x00, 0x00, 0x8D, 0xAD, 0x00, 0x2D, 0xFC, 0x1D, 0x5A, 0xE5, 0x20, 0x00, 0x00, 0x00, 0x00, 
0x53, 0xF4, 0x9B, 0xE2, 0x7A, 0x45, 0xEC, 0x2F, 0x00, 0x00, 0x00, 0x00, 0x00, 0x00, 0x3E, 0x65, 
0x32, 0x33, 0xEC, 0x42, 0x51, 0xB5, 0xBD, 0x4F, 0x00, 0x00, 0x00, 0x00, 0x00, 0x23, 0xE7, 0x58, 
0x48, 0xF1, 0x4F, 0x79, 0xF3, 0x02, 0x00, 0x00, 0x00, 0x16, 0xDC, 0x71, 0x00, 0xBE, 0x87, 0x00, 
0x30, 0xFF, 0x0D, 0x00, 0x00, 0x0C, 0xCC, 0x8B, 0x00, 0x00, 0xF2, 0x47, 0x00, 0x5B, 0xE6, 0x00, 
0x00, 0x05, 0xB9, 0xA4, 0x01, 0x00, 0x00, 0xF2, 0x51, 0x06, 0xC6, 0x88, 0x00, 0x00, 0xA4, 0xBA, 
0x05, 0x00, 0x00, 0x00, 0x84, 0xFA, 0xEC, 0xAB, 0x09, 0x00, 0x02, 0x4A, 0x0B, 0x00, 0x00, 0x00, 
0x00, 0x00, 0x0E, 0x0A, 0x00, 0x00, 0x00, 0x00, 0x00, 0x04, 0x7C, 0xD9, 0xF7, 0xDB, 0x4C, 0x00, 
0x00, 0x00, 0x00, 0x8E, 0xBB, 0x2C, 0x06, 0x4A, 0xE7, 0x00, 0x00, 0x00, 0x00, 0xEF, 0x14, 0x00, 
0x00, 0x20, 0xE6, 0x00, 0x00, 0x00, 0x00, 0xEF, 0x1D, 0x00, 0x1D, 0xCA, 0x77, 0x00, 0x00, 0x00, 
0x00, 0xA5, 0x91, 0x87, 0xF1, 0x85, 0x01, 0x00, 0x00, 0x00, 0x00, 0x78, 0xFF, 0xC9, 0x34, 0x00, 
0x00, 0x00, 0x5C, 0x00, 0x96, 0xEF, 0xBE, 0xD1, 0x08, 0x00, 0x00, 0x36, 0xD7, 0x6D, 0xD3, 0x1A, 
0x09, 0xD7, 0xA6, 0x01, 0x05, 0xC1, 0x7C, 0xD9, 0x37, 0x00, 0x00, 0x2A, 0xF2, 0x93, 0xB4, 0xE0, 
0x0C, 0xF4, 0x0C, 0x00, 0x00, 0x00, 0x4F, 0xFF, 0xFE, 0x34, 0x00, 0xB8, 0x95, 0x1B, 0x09, 0x46, 
0xCC, 0xE3, 0xF2, 0xAA, 0x0C, 0x19, 0xAA, 0xED, 0xF6, 0xCF, 0x72, 0x08, 0x2B, 0xCB, 0xD9, 0x0E, 
0xDF, 0x46, 0xBA, 0x80, 0x7F, 0xBB, 0x45, 0xE3, 0x0E, 0x00, 0x00, 0x00, 0x37, 0xCE, 0x01, 0x00, 
0x00, 0x0F, 0xDA, 0x30, 0x00, 0x00, 0x00, 0x96, 0x87, 0x00, 0x00, 0x00, 0x2A, 0xE7, 0x0B, 0x00, 
0x00, 0x00, 0xA7, 0x77, 0x00, 0x00, 0x00, 0x18, 0xF3, 0x13, 0x00, 0x00, 0x00, 0x6B, 0xBA, 0x00, 
0x00, 0x00, 0x00, 0xAE, 0x75, 0x00, 0x00, 0x00, 0x00, 0xD8, 0x38, 0x00, 0x00, 0x00, 0x00, 0xEE, 
0x1D, 0x00, 0x00, 0x00, 0x00, 0xFC, 0x06, 0x00, 0x00, 0x00, 0x00, 0xEE, 0x0D, 0x00, 0x00, 0x00, 
0x00, 0xC6, 0x35, 0x00, 0x00, 0x00, 0x00, 0x78, 0x7E, 0x00, 0x00, 0x00, 0x00, 0x1F, 0xDF, 0x00, 
0x00, 0x00, 0x00, 0x00, 0x00, 0x00, 0x00, 0xDC, 0x1E, 0x00, 0x00, 0x00, 0x00, 0x84, 0x73, 0x00, 
0x00, 0x00, 0x00, 0x39, 0xC1, 0x00, 0x00, 0x00, 0x00, 0x0E, 0xEC, 0x00, 0x00, 0x00, 0x00, 0x07, 
0xFB, 0x00, 0x00, 0x00, 0x00, 0x1E, 0xEC, 0x00, 0x00, 0x00, 0x00, 0x38, 0xD5, 0x00, 0x00, 0x00, 
0x00, 0x6C, 0xAB, 0x00, 0x00, 0x00, 0x00, 0xB5, 0x68, 0x00, 0x00, 0x00, 0x14, 0xF2, 0x15, 0x00, 
0x00, 0x00, 0x79, 0xA3, 0x00, 0x00, 0x00, 0x0C, 0xE7, 0x27, 0x00, 0x00, 0x00, 0x89, 0x92, 0x00, 
0x00, 0x00, 0x31, 0xDA, 0x0E, 0x00, 0x00, 0x01, 0xCF, 0x3C, 0x00, 0x00, 0x00, 0x00, 0x03, 0x00, 
0x23, 0xFB, 0x31, 0x00, 0x00, 0x00, 0xC3, 0x76, 0x3E, 0xE6, 0x1E, 0xC1, 0x4D, 0x03, 0x9C, 0xFD, 
0xBE, 0xD4, 0xEC, 0xC3, 0x2E, 0x00, 0x00, 0x6C, 0xFF, 0xFC, 0x56, 0x00, 0x00, 0x3A, 0xC9, 0xEA, 
0xE5, 0xCA, 0xF8, 0x7F, 0x00, 0x6C, 0xBA, 0x24, 0xF7, 0x20, 0x92, 0x9F, 0x00, 0x01, 0x00, 0x52, 
0xF0, 0x06, 0x00, 0x01, 0x00, 0x00, 0x00, 0x00, 0x0E, 0xE5, 0x00, 0x00, 0x00, 0x00, 0x00, 0x4F, 
0xC9, 0x00, 0x00, 0x00, 0x00, 0x00, 0x93, 0x9A, 0x00, 0x00, 0x00, 0x00, 0x00, 0xD6, 0x6B, 0x00, 
0x00, 0xE9, 0xFF, 0xFF, 0xFF, 0xFF, 0xFF, 0xE8, 0x00, 0x00, 0x53, 0xE6, 0x04, 0x00, 0x00, 0x00, 
0x00, 0xA0, 0x82, 0x00, 0x00, 0x00, 0x00, 0x00, 0xE0, 0x1D, 0x00, 0x00, 0x00, 0x00, 0x00, 0x01, 
0xD6, 0x00, 0x00, 0x23, 0xCF, 0x00, 0x00, 0x98, 0x64, 0x00, 0x43, 0xCA, 0x02, 0x03, 0xD3, 0x31, 
0x00, 0xD0, 0xDD, 0xF1, 0xAB, 0x00, 0x00, 0x00, 0x00, 0x00, 0x00, 0x00, 0x00, 0x1E, 0xD6, 0x03, 
0x00, 0x00, 0x00, 0x00, 0x00, 0x00, 0x00, 0x00, 0xA7, 0x68, 0x00, 0x00, 0x00, 0x00, 0x00, 0x00, 
0x00, 0x00, 0x38, 0xD3, 0x03, 0x00, 0x00, 0x00, 0x00, 0x00, 0x00, 0x00, 0x00, 0xC6, 0x48, 0x00, 
0x00, 0x00, 0x00, 0x00, 0x00, 0x00, 0x00, 0x58, 0xB8, 0x00, 0x00, 0x00, 0x00, 0x00, 0x00, 0x00, 
0x00, 0x07, 0xDC, 0x2B, 0x00, 0x00, 0x00, 0x00, 0x00, 0x00, 0x00, 0x00, 0x78, 0x97, 0x00, 0x00, 
0x00, 0x00, 0x00, 0x00, 0x00, 0x00, 0x16, 0xE3, 0x16, 0x00, 0x00, 0x00, 0x00, 0x00, 0x00, 0x00, 
0x00, 0x98, 0x77, 0x00, 0x00, 0x00, 0x00, 0x00, 0x00, 0x00, 0x00, 0x2B, 0xDC, 0x07, 0x00, 0x00, 
0x00, 0x00, 0x00, 0x00, 0x00, 0x00, 0xB8, 0x57, 0x00, 0x00, 0x00, 0x00, 0x00, 0x00, 0x00, 0x00, 
0x49, 0xC6, 0x00, 0x00, 0x00, 0x00, 0x00, 0x00, 0x00, 0x00, 0x03, 0xD4, 0x38, 0x00, 0x00, 0x00, 
0x00, 0x00, 0x00, 0x00, 0x00, 0x69, 0xA6, 0x00, 0x00, 0x00, 0x00, 0x00, 0x00, 0x00, 0x00, 0x03, 
0xDC, 0x1E, 0x00, 0x00, 0x00, 0x00, 0x00, 0x00, 0x00, 0x00, 0x00, 0x00, 0x00, 0x45, 0xC1, 0xF6, 
0xE7, 0xA0, 0x11, 0x00, 0x00, 0x4E, 0xF8, 0x63, 0x0E, 0x32, 0xEC, 0x9E, 0x00, 0x0E, 0xED, 0x7B, 
0x00, 0x00, 0x00, 0x9A, 0xE5, 0x00, 0x73, 0xF4, 0x0D, 0x00, 0x00, 0x00, 0x89, 0xF6, 0x00, 0xC6, 
0xB1, 0x00, 0x00, 0x00, 0x00, 0xA0, 0xE1, 0x08, 0xFA, 0x78, 0x00, 0x00, 0x00, 0x00, 0xC7, 0xB6, 
0x2F, 0xFF, 0x4F, 0x00, 0x00, 0x00, 0x0A, 0xF7, 0x77, 0x47, 0xFF, 0x39, 0x00, 0x00, 0x00, 0x55, 
0xFF, 0x25, 0x36, 0xFF, 0x4A, 0x00, 0x00, 0x02, 0xCA, 0xAD, 0x00, 0x09, 0xE5, 0xBA, 0x16, 0x1A, 
0x9D, 0xE5, 0x19, 0x00, 0x00, 0x35, 0xC4, 0xF3, 0xEE, 0xA1, 0x17, 0x00, 0x00, 0x00, 0x00, 0x00, 
0x00, 0x2D, 0xBB, 0xFA, 0x0B, 0x00, 0x00, 0x11, 0x98, 0xFC, 0xFF, 0xDA, 0x00, 0x00, 0x00, 0x8C, 
0xBC, 0x52, 0xDA, 0xA7, 0x00, 0x00, 0x00, 0x07, 0x00, 0x0C, 0xFD, 0x74, 0x00, 0x00, 0x00, 0x00, 
0x00, 0x3F, 0xFF, 0x41, 0x00, 0x00, 0x00, 0x00, 0x00, 0x73, 0xFE, 0x0F, 0x00, 0x00, 0x00, 0x00, 
0x00, 0xA7, 0xDA, 0x00, 0x00, 0x00, 0x00, 0x00, 0x00, 0xDB, 0xA7, 0x00, 0x00, 0x00, 0x00, 0x00, 
0x0F, 0xFE, 0x74, 0x00, 0x00, 0x00, 0x00, 0x00, 0x42, 0xFF, 0x41, 0x00, 0x00, 0x16, 0xFA, 0xFF, 
0xFF, 0xFF, 0xFF, 0xFF, 0x56, 0x00, 0x00, 0x10, 0x82, 0xD6, 0xF8, 0xE2, 0x69, 0x00, 0x00, 0x00, 
0x8E, 0x7E, 0x21, 0x12, 0xB1, 0xFF, 0x39, 0x00, 0x00, 0x00, 0x00, 0x00, 0x00, 0x4F, 0xFF, 0x68, 
0x00, 0x00, 0x00, 0x00, 0x00, 0x00, 0x75, 0xFF, 0x3C, 0x00, 0x00, 0x00, 0x00, 0x00, 0x0E, 0xE3, 
0xC5, 0x00, 0x00, 0x00, 0x00, 0x00, 0x03, 0xB1, 0xEA, 0x20, 0x00, 0x00, 0x00, 0x00, 0x07, 0xAC, 
0xEE, 0x31, 0x00, 0x00, 0x00, 0x00, 0x0E, 0xBD, 0xE3, 0x2A, 0x00, 0x00, 0x00, 0x00, 0x17, 0xCF, 
0xD5, 0x1C, 0x00, 0x00, 0x00, 0x00, 0x22, 0xDD, 0xC6, 0x12, 0x00, 0x00, 0x00, 0x00, 0x00, 0xA6, 
0xFF, 0xFF, 0xFF, 0xFF, 0xFF, 0xFF, 0x4F, 0x00, 0x00, 0x00, 0x10, 0x83, 0xD6, 0xF7, 0xE1, 0x77, 
0x00, 0x00, 0x00, 0x8D, 0x7E, 0x21, 0x0B, 0x92, 0xFF, 0x3C, 0x00, 0x00, 0x00, 0x00, 0x00, 0x00, 
0x45, 0xFF, 0x59, 0x00, 0x00, 0x00, 0x00, 0x00, 0x00, 0x8C, 0xF9, 0x1F, 0x00, 0x00, 0x00, 0x00, 
0x1D, 0x7F, 0xF8, 0x62, 0x00, 0x00, 0x00, 0x9B, 0xFF, 0xFF, 0xF5, 0x6E, 0x00, 0x00, 0x00, 0x00, 
0x00, 0x00, 0x15, 0x7A, 0xFF, 0x7D, 0x00, 0x00, 0x00, 0x00, 0x00, 0x00, 0x00, 0xE7, 0xC5, 0x00, 
0x00, 0x00, 0x00, 0x00, 0x00, 0x1D, 0xFC, 0x9C, 0x00, 0x81, 0x86, 0x22, 0x0C, 0x40, 0xD1, 0xE9, 
0x20, 0x00, 0x0E, 0x95, 0xE7, 0xF8, 0xDF, 0x95, 0x19, 0x00, 0x00, 0x00, 0x00, 0x00, 0x00, 0x00, 
0x34, 0xEA, 0xFA, 0x3B, 0x00, 0x00, 0x00, 0x00, 0x1C, 0xE6, 0xD3, 0xFF, 0x14, 0x00, 0x00, 0x00, 
0x0B, 0xCF, 0x9C, 0x97, 0xE0, 0x00, 0x00, 0x00, 0x02, 0xB1, 0xC0, 0x05, 0xCB, 0xAD, 0x00, 0x00, 
0x00, 0x8D, 0xDB, 0x12, 0x05, 0xF8, 0x79, 0x00, 0x00, 0x64, 0xEF, 0x27, 0x00, 0x33, 0xFF, 0x45, 
0x00, 0x3F, 0xF6, 0x44, 0x00, 0x00, 0x66, 0xFF, 0x12, 0x00, 0xB0, 0xFF, 0xFF, 0xFF, 0xFF, 0xFF, 
0xFF, 0xFF, 0x64, 0x00, 0x00, 0x00, 0x00, 0x00, 0xCE, 0xAA, 0x00, 0x00, 0x00, 0x00, 0x00, 0x00, 
0x06, 0xF9, 0x77, 0x00, 0x00, 0x00, 0x00, 0x00, 0x00, 0x2B, 0xFB, 0x3E, 0x00, 0x00, 0x00, 0x00, 
0x31, 0xFA, 0xFF, 0xFF, 0xFF, 0xFF, 0x9A, 0x00, 0x00, 0x71, 0xDA, 0x00, 0x00, 0x00, 0x00, 0x00, 
0x00, 0x00, 0xA5, 0xA9, 0x00, 0x00, 0x00, 0x00, 0x00, 0x00, 0x00, 0xDA, 0x77, 0x00, 0x00, 0x00, 
0x00, 0x00, 0x00, 0x09, 0xFC, 0xFA, 0xFC, 0xEA, 0xA6, 0x1A, 0x00, 0x00, 0x00, 0x00, 0x00, 0x0C, 
0x4A, 0xF1, 0xC0, 0x00, 0x00, 0x00, 0x00, 0x00, 0x00, 0x00, 0xA0, 0xFD, 0x03, 0x00, 0x00, 0x00, 
0x00, 0x00, 0x00, 0xB5, 0xE8, 0x00, 0x00, 0x00, 0x00, 0x00, 0x00, 0x23, 0xF8, 0x8F, 0x00, 0x84, 
0x79, 0x18, 0x09, 0x49, 0xDF, 0xD1, 0x0E, 0x00, 0x0F, 0x97, 0xED, 0xF3, 0xD2, 0x7B, 0x09, 0x00, 
0x00, 0x00, 0x00, 0x00, 0x02, 0x5B, 0xCC, 0xF7, 0xF6, 0xD9, 0x14, 0x00, 0x00, 0x02, 0xA7, 0xDD, 
0x48, 0x08, 0x00, 0x00, 0x00, 0x00, 0x00, 0x7B, 0xE5, 0x13, 0x00, 0x00, 0x00, 0x00, 0x00, 0x00, 
0x14, 0xF5, 0x5D, 0x00, 0x00, 0x00, 0x00, 0x00, 0x00, 0x00, 0x6D, 0xFE, 0x9A, 0xD9, 0xF6, 0xDC, 
0x6A, 0x00, 0x00, 0x00, 0xB5, 0xEE, 0x6D, 0x18, 0x0C, 0x86, 0xFF, 0x33, 0x00, 0x00, 0xE7, 0x92, 
0x00, 0x00, 0x00, 0x20, 0xFF, 0x5F, 0x00, 0x03, 0xFF, 0x78, 0x00, 0x00, 0x00, 0x3E, 0xFF, 0x3F, 
0x00, 0x01, 0xF9, 0x87, 0x00, 0x00, 0x00, 0xA0, 0xE1, 0x04, 0x00, 0x00, 0xBE, 0xDF, 0x25, 0x12, 
0x7D, 0xF8, 0x47, 0x00, 0x00, 0x00, 0x20, 0xB6, 0xF0, 0xEA, 0xB5, 0x37, 0x00, 0x00, 0x00, 0x00, 
0xD0, 0xFF, 0xFF, 0xFF, 0xFF, 0xFF, 0xFF, 0x8B, 0x00, 0x00, 0x00, 0x00, 0x00, 0x00, 0x8C, 0xF7, 
0x26, 0x00, 0x00, 0x00, 0x00, 0x00, 0x34, 0xFC, 0x79, 0x00, 0x00, 0x00, 0x00, 0x00, 0x05, 0xD2, 
0xD1, 0x05, 0x00, 0x00, 0x00, 0x00, 0x00, 0x7E, 0xFD, 0x36, 0x00, 0x00, 0x00, 0x00, 0x00, 0x2A, 
0xF9, 0x90, 0x00, 0x00, 0x00, 0x00, 0x00, 0x02, 0xC7, 0xE1, 0x0C, 0x00, 0x00, 0x00, 0x00, 0x00, 
0x70, 0xFF, 0x4A, 0x00, 0x00, 0x00, 0x00, 0x00, 0x21, 0xF4, 0xA7, 0x00, 0x00, 0x00, 0x00, 0x00, 
0x00, 0xBA, 0xED, 0x16, 0x00, 0x00, 0x00, 0x00, 0x00, 0x53, 0xFA, 0x5C, 0x00, 0x00, 0x00, 0x00, 
0x00, 0x00, 0x00, 0x00, 0x00, 0x61, 0xCD, 0xF5, 0xF5, 0xB9, 0x28, 0x00, 0x00, 0x79, 0xF4, 0x58, 
0x0E, 0x26, 0xDD, 0xCA, 0x00, 0x00, 0xEB, 0x8D, 0x00, 0x00, 0x00, 0xAF, 0xD8, 0x00, 0x00, 0xF1, 
0x95, 0x00, 0x00, 0x3B, 0xF9, 0x74, 0x00, 0x00, 0x71, 0xFD, 0x8F, 0x8D, 0xF2, 0x7B, 0x01, 0x00, 
0x00, 0x21, 0xC9, 0xFE, 0xFF, 0x94, 0x04, 0x00, 0x00, 0x65, 0xF7, 0x8E, 0x17, 0x64, 0xF7, 0xA6, 
0x00, 0x3E, 0xFE, 0x5D, 0x00, 0x00, 0x00, 0x80, 0xFF, 0x16, 0x8F, 0xFA, 0x01, 0x00, 0x00, 0x00, 
0x8C, 0xF6, 0x09, 0x6F, 0xFF, 0x65, 0x0C, 0x14, 0x64, 0xF8, 0x7C, 0x00, 0x02, 0x7F, 0xE0, 0xFC, 
0xEF, 0xC2, 0x57, 0x00, 0x00, 0x00, 0x00, 0x00, 0x5F, 0xCA, 0xF2, 0xE4, 0x8E, 0x06, 0x00, 0x00, 
0x8A, 0xED, 0x4E, 0x0C, 0x4C, 0xFE, 0x6F, 0x00, 0x31, 0xFE, 0x53, 0x00, 0x00, 0x00, 0xCE, 0xB0, 
0x00, 0x88, 0xEE, 0x02, 0x00, 0x00, 0x00, 0xC2, 0xB7, 0x00, 0xA7, 0xD6, 0x00, 0x00, 0x00, 0x00, 
0xDB, 0x9C, 0x00, 0x7C, 0xFA, 0x45, 0x06, 0x24, 0x7F, 0xFC, 0x6D, 0x00, 0x0B, 0x9D, 0xE9, 0xF3, 
0xCE, 0xB1, 0xFF, 0x26, 0x00, 0x00, 0x00, 0x00, 0x00, 0x00, 0xAC, 0xBF, 0x00, 0x00, 0x00, 0x00, 
0x00, 0x00, 0x49, 0xFA, 0x30, 0x00, 0x2B, 0x2E, 0x05, 0x15, 0x72, 0xF3, 0x57, 0x00, 0x00, 0x68, 
0xE6, 0xFD, 0xED, 0xAC, 0x2D, 0x00, 0x00, 0x00, 0x00, 0x00, 0xB8, 0xEF, 0x03, 0x00, 0x03, 0xED, 
0xC7, 0x00, 0x00, 0x00, 0x00, 0x00, 0x00, 0x00, 0x00, 0x00, 0x00, 0x00, 0x00, 0x00, 0x00, 0x00, 
0x00, 0x00, 0x00, 0x00, 0x00, 0x00, 0x00, 0xC1, 0xEB, 0x02, 0x00, 0x05, 0xF2, 0xBD, 0x00, 0x00, 
0x00, 0x00, 0x00, 0x00, 0xBB, 0xF1, 0x05, 0x00, 0x00, 0x00, 0x03, 0xEE, 0xC7, 0x00, 0x00, 0x00, 
0x00, 0x00, 0x00, 0x00, 0x00, 0x00, 0x00, 0x00, 0x00, 0x00, 0x00, 0x00, 0x00, 0x00, 0x00, 0x00, 
0x00, 0x00, 0x00, 0x00, 0x00, 0x00, 0x00, 0x00, 0x00, 0x00, 0x00, 0x00, 0x01, 0xCF, 0x02, 0x00, 
0x00, 0x00, 0x00, 0x25, 0xD3, 0x00, 0x00, 0x00, 0x00, 0x00, 0x9B, 0x73, 0x00, 0x00, 0x00, 0x00, 
0x45, 0xE0, 0x09, 0x00, 0x00, 0x00, 0x04, 0xDC, 0x54, 0x00, 0x00, 0x00, 0x00, 0x00, 0x00, 0x00, 
0x00, 0x00, 0x00, 0x07, 0x5B, 0x00, 0x00, 0x00, 0x00, 0x17, 0x80, 0xDC, 0x83, 0x00, 0x00, 0x31, 
0xA1, 0xDE, 0x78, 0x10, 0x00, 0x4B, 0xC1, 0xD1, 0x5F, 0x06, 0x00, 0x00, 0x00, 0xF6, 0x80, 0x00, 
0x00, 0x00, 0x00, 0x00, 0x00, 0x68, 0xE6, 0xAB, 0x24, 0x00, 0x00, 0x00, 0x00, 0x00, 0x0A, 0x7C, 
0xEC, 0x91, 0x13, 0x00, 0x00, 0x00, 0x00, 0x00, 0x14, 0x91, 0xE9, 0x7F, 0x00, 0x00, 0x00, 0x00, 
0x00, 0x00, 0x21, 0x62, 0x00, 0x00, 0x15, 0xFF, 0xFF, 0xFF, 0xFF, 0xFF, 0xFF, 0xE3, 0x00, 0x00, 
0x00, 0x00, 0x00, 0x00, 0x00, 0x00, 0x00, 0x00, 0x00, 0x00, 0x00, 0x00, 0x00, 0x00, 0x00, 0x00, 
0x01, 0xFA, 0xFF, 0xFF, 0xFF, 0xFF, 0xFF, 0xE6, 0x00, 0x00, 0x56, 0x5C, 0x02, 0x00, 0x00, 0x00, 
0x00, 0x00, 0x00, 0x6A, 0xC1, 0xD4, 0x4D, 0x00, 0x00, 0x00, 0x00, 0x00, 0x00, 0x00, 0x5E, 0xE9, 
0xC3, 0x3A, 0x00, 0x00, 0x00, 0x00, 0x00, 0x00, 0x10, 0x96, 0xFD, 0xB0, 0x1E, 0x00, 0x00, 0x00, 
0x00, 0x00, 0x00, 0x75, 0xFF, 0x0C, 0x00, 0x00, 0x00, 0x00, 0x45, 0xC3, 0xEE, 0x89, 0x0D, 0x00, 
0x00, 0x4A, 0xC7, 0xD8, 0x6A, 0x0A, 0x00, 0x00, 0x4C, 0xCB, 0xBB, 0x4B, 0x01, 0x00, 0x00, 0x00, 
0x00, 0x77, 0x2C, 0x00, 0x00, 0x00, 0x00, 0x00, 0x00, 0x00, 0x6D, 0xC5, 0xEF, 0xF7, 0xBE, 0x1D, 
0x9D, 0x46, 0x12, 0x12, 0xA1, 0xB2, 0x00, 0x00, 0x00, 0x00, 0x18, 0xF4, 0x00, 0x00, 0x00, 0x00, 
0x11, 0xEA, 0x00, 0x00, 0x00, 0x00, 0x60, 0xB3, 0x00, 0x00, 0x09, 0x57, 0xE2, 0x2D, 0x10, 0xE3, 
0xEA, 0xA6, 0x26, 0x00, 0x47, 0xC5, 0x00, 0x00, 0x00, 0x00, 0x72, 0x8B, 0x00, 0x00, 0x00, 0x00, 
0x00, 0x00, 0x00, 0x00, 0x00, 0x00, 0xAE, 0xEB, 0x00, 0x00, 0x00, 0x00, 0xE8, 0xBE, 0x00, 0x00, 
0x00, 0x00, 0x00, 0x00, 0x00, 0x00, 0x11, 0x6E, 0xC1, 0xEB, 0xFB, 0xF4, 0xD2, 0x89, 0x18, 0x00, 
0x00, 0x00, 0x00, 0x67, 0xE9, 0x98, 0x3E, 0x12, 0x04, 0x0E, 0x39, 0x99, 0xEA, 0x29, 0x00, 0x00, 
0x90, 0xC4, 0x19, 0x00, 0x00, 0x00, 0x00, 0x00, 0x00, 0x00, 0x7B, 0xB3, 0x00, 0x5F, 0xCB, 0x07, 
0x0D, 0x90, 0xE3, 0xF4, 0xA7, 0x89, 0xC1, 0x00, 0x1D, 0xF2, 0x09, 0xE2, 0x24, 0x03, 0xBE, 0xBE, 
0x32, 0x0D, 0x99, 0xFE, 0x46, 0x00, 0x09, 0xF6, 0x5F, 0xA5, 0x00, 0x61, 0xCF, 0x08, 0x00, 0x00, 
0x59, 0xCA, 0x00, 0x00, 0x2E, 0xD4, 0xAE, 0x51, 0x00, 0xC3, 0x4B, 0x00, 0x00, 0x30, 0xFC, 0x4F, 
0x00, 0x00, 0x77, 0x95, 0xE1, 0x1B, 0x00, 0xF5, 0x0B, 0x00, 0x00, 0xA3, 0xEC, 0x01, 0x00, 0x0D, 
0xE2, 0x30, 0xFA, 0x04, 0x00, 0xEC, 0x58, 0x09, 0x70, 0xD8, 0xE8, 0x17, 0x23, 0xBB, 0x90, 0x00, 
0xED, 0x21, 0x00, 0x5C, 0xE5, 0xF6, 0xA2, 0x14, 0xAD, 0xF7, 0xE7, 0x79, 0x02, 0x00, 0xA2, 0x98, 
0x00, 0x00, 0x00, 0x00, 0x00, 0x00, 0x00, 0x00, 0x00, 0x00, 0x00, 0x00, 0x16, 0xD9, 0xB9, 0x52, 
0x17, 0x04, 0x00, 0x00, 0x00, 0x00, 0x00, 0x00, 0x00, 0x00, 0x00, 0x09, 0x71, 0xC0, 0xED, 0xFC, 
0xFF, 0xFF, 0xF7, 0x00, 0x00, 0x00, 0x00, 0x00, 0x00, 0x00, 0x00, 0x00, 0x00, 0x00, 0x91, 0xFD, 
0x87, 0x00, 0x00, 0x00, 0x00, 0x00, 0x00, 0x00, 0x30, 0xFD, 0xE6, 0xBD, 0x00, 0x00, 0x00, 0x00, 
0x00, 0x00, 0x00, 0xC0, 0xB8, 0x8B, 0xEB, 0x00, 0x00, 0x00, 0x00, 0x00, 0x00, 0x55, 0xFD, 0x2D, 
0x62, 0xFF, 0x18, 0x00, 0x00, 0x00, 0x00, 0x08, 0xDF, 0x9D, 0x00, 0x3A, 0xFF, 0x46, 0x00, 0x00, 
0x00, 0x00, 0x7C, 0xF5, 0x1A, 0x00, 0x11, 0xFF, 0x73, 0x00, 0x00, 0x00, 0x1B, 0xF4, 0x82, 0x00, 
0x00, 0x00, 0xE8, 0xA1, 0x00, 0x00, 0x00, 0xA3, 0xFF, 0xFF, 0xFF, 0xFF, 0xFF, 0xFF, 0xCE, 0x00, 
0x00, 0x37, 0xFE, 0x5D, 0x00, 0x00, 0x00, 0x00, 0x8C, 0xF8, 0x04, 0x01, 0xC8, 0xD0, 0x02, 0x00, 
0x00, 0x00, 0x00, 0x63, 0xFF, 0x29, 0x4B, 0xFA, 0x46, 0x00, 0x00, 0x00, 0x00, 0x00, 0x36, 0xFD, 
0x49, 0x00, 0x00, 0x24, 0xF4, 0xFF, 0xFF, 0xF7, 0xC8, 0x44, 0x00, 0x00, 0x00, 0x66, 0xFF, 0x13, 
0x00, 0x20, 0xC8, 0xF4, 0x08, 0x00, 0x00, 0x99, 0xE1, 0x00, 0x00, 0x00, 0x7A, 0xFF, 0x1F, 0x00, 
0x00, 0xCD, 0xB0, 0x00, 0x00, 0x00, 0xB1, 0xE2, 0x03, 0x00, 0x06, 0xF9, 0x80, 0x00, 0x14, 0x74, 
0xF7, 0x48, 0x00, 0x00, 0x33, 0xFF, 0xFF, 0xFF, 0xFF, 0xFF, 0xA3, 0x09, 0x00, 0x00, 0x67, 0xFF, 
0x12, 0x00, 0x0A, 0x56, 0xFA, 0x94, 0x00, 0x00, 0x9A, 0xE0, 0x00, 0x00, 0x00, 0x00, 0xD0, 0xC9, 
0x00, 0x00, 0xCD, 0xAE, 0x00, 0x00, 0x00, 0x10, 0xF2, 0x99, 0x00, 0x06, 0xF9, 0x7C, 0x00, 0x05, 
0x2F, 0xBE, 0xE6, 0x1D, 0x00, 0x22, 0xFC, 0xFF, 0xFF, 0xFA, 0xDF, 0x94, 0x17, 0x00, 0x00, 0x00, 
0x00, 0x00, 0x41, 0xBC, 0xF3, 0xF4, 0xCC, 0x69, 0x00, 0x00, 0x00, 0x8E, 0xF3, 0x6B, 0x10, 0x11, 
0x56, 0xCF, 0x01, 0x00, 0x76, 0xF9, 0x3A, 0x00, 0x00, 0x00, 0x00, 0x00, 0x00, 0x1B, 0xF4, 0x88, 
0x00, 0x00, 0x00, 0x00, 0x00, 0x00, 0x00, 0x79, 0xFE, 0x19, 0x00, 0x00, 0x00, 0x00, 0x00, 0x00, 
0x00, 0xC3, 0xD1, 0x00, 0x00, 0x00, 0x00, 0x00, 0x00, 0x00, 0x00, 0xE4, 0xAD, 0x00, 0x00, 0x00, 
0x00, 0x00, 0x00, 0x00, 0x00, 0xEB, 0xAF, 0x00, 0x00, 0x00, 0x00, 0x00, 0x00, 0x00, 0x00, 0xBE, 
0xE4, 0x06, 0x00, 0x00, 0x00, 0x00, 0x00, 0x00, 0x00, 0x3B, 0xFE, 0xA5, 0x20, 0x0B, 0x38, 0xA5, 
0x56, 0x00, 0x00, 0x00, 0x40, 0xC0, 0xEE, 0xF4, 0xCC, 0x79, 0x07, 0x00, 0x00, 0x00, 0x00, 0x25, 
0xF5, 0xFF, 0xFF, 0xF8, 0xDC, 0x95, 0x17, 0x00, 0x00, 0x00, 0x67, 0xFF, 0x19, 0x00, 0x0E, 0x57, 
0xE7, 0xE0, 0x12, 0x00, 0x00, 0x9A, 0xE6, 0x00, 0x00, 0x00, 0x00, 0x45, 0xFF, 0x7B, 0x00, 0x00, 
0xCD, 0xB3, 0x00, 0x00, 0x00, 0x00, 0x02, 0xF6, 0xB1, 0x00, 0x06, 0xF9, 0x80, 0x00, 0x00, 0x00, 
0x00, 0x00, 0xEE, 0xB2, 0x00, 0x34, 0xFF, 0x4D, 0x00, 0x00, 0x00, 0x00, 0x0E, 0xFE, 0x93, 0x00, 
0x68, 0xFF, 0x1A, 0x00, 0x00, 0x00, 0x00, 0x4F, 0xFF, 0x52, 0x00, 0x9B, 0xE7, 0x00, 0x00, 0x00, 
0x00, 0x00, 0xC2, 0xE4, 0x06, 0x00, 0xCE, 0xB4, 0x00, 0x00, 0x00, 0x00, 0x7A, 0xFF, 0x53, 0x00, 
0x07, 0xFA, 0x81, 0x00, 0x08, 0x32, 0xA9, 0xF8, 0x6A, 0x00, 0x00, 0x26, 0xFE, 0xFF, 0xFF, 0xF8, 
0xDB, 0x93, 0x29, 0x00, 0x00, 0x00, 0x00, 0x00, 0x24, 0xF6, 0xFF, 0xFF, 0xFF, 0xFF, 0xF7, 0x0A, 
0x00, 0x00, 0x66, 0xFF, 0x1D, 0x00, 0x00, 0x00, 0x00, 0x00, 0x00, 0x00, 0x99, 0xE9, 0x00, 0x00, 
0x00, 0x00, 0x00, 0x00, 0x00, 0x00, 0xCD, 0xB5, 0x00, 0x00, 0x00, 0x00, 0x00, 0x00, 0x00, 0x06, 
0xF9, 0x81, 0x00, 0x00, 0x00, 0x00, 0x00, 0x00, 0x00, 0x33, 0xFF, 0xFF, 0xFF, 0xFF, 0xFF, 0x59, 
0x00, 0x00, 0x00, 0x67, 0xFF, 0x19, 0x00, 0x00, 0x00, 0x00, 0x00, 0x00, 0x00, 0x9A, 0xE5, 0x00, 
0x00, 0x00, 0x00, 0x00, 0x00, 0x00, 0x00, 0xCD, 0xB1, 0x00, 0x00, 0x00, 0x00, 0x00, 0x00, 0x00, 
0x06, 0xF9, 0x7D, 0x00, 0x00, 0x00, 0x00, 0x00, 0x00, 0x00, 0x25, 0xFE, 0xFF, 0xFF, 0xFF, 0xFF, 
0xFB, 0x17, 0x00, 0x00, 0x00, 0x00, 0x26, 0xF7, 0xFF, 0xFF, 0xFF, 0xFF, 0xBB, 0x00, 0x00, 0x67, 
0xFF, 0x1D, 0x00, 0x00, 0x00, 0x00, 0x00, 0x00, 0x9B, 0xE9, 0x00, 0x00, 0x00, 0x00, 0x00, 0x00, 
0x00, 0xCE, 0xB5, 0x00, 0x00, 0x00, 0x00, 0x00, 0x00, 0x07, 0xFA, 0x81, 0x00, 0x00, 0x00, 0x00, 
0x00, 0x00, 0x35, 0xFF, 0xFF, 0xFF, 0xFF, 0xFF, 0x73, 0x00, 0x00, 0x68, 0xFF, 0x1A, 0x00, 0x00, 
0x00, 0x00, 0x00, 0x00, 0x9B, 0xE7, 0x00, 0x00, 0x00, 0x00, 0x00, 0x00, 0x00, 0xCE, 0xB4, 0x00, 
0x00, 0x00, 0x00, 0x00, 0x00, 0x07, 0xFA, 0x81, 0x00, 0x00, 0x00, 0x00, 0x00, 0x00, 0x2D, 0xFC, 
0x48, 0x00, 0x00, 0x00, 0x00, 0x00, 0x00, 0x00, 0x00, 0x00, 0x22, 0x90, 0xDD, 0xFA, 0xF2, 0xCF, 
0x84, 0x0B, 0x00, 0x00, 0x6A, 0xF7, 0x98, 0x31, 0x0B, 0x1A, 0x5F, 0xD5, 0x1B, 0x00, 0x6B, 0xF9, 
0x4F, 0x00, 0x00, 0x00, 0x00, 0x00, 0x00, 0x00, 0x22, 0xF6, 0x80, 0x00, 0x00, 0x00, 0x00, 0x00, 
0x00, 0x00, 0x00, 0x89, 0xF5, 0x0C, 0x00, 0x00, 0x00, 0x00, 0x00, 0x00, 0x00, 0x00, 0xD4, 0xB2, 
0x00, 0x00, 0x1D, 0xFC, 0xFF, 0xFF, 0xFF, 0x3C, 0x00, 0xF3, 0x92, 0x00, 0x00, 0x00, 0x00, 0x00, 
0x6A, 0xFF, 0x1C, 0x00, 0xF3, 0xA2, 0x00, 0x00, 0x00, 0x00, 0x00, 0x9D, 0xE8, 0x00, 0x00, 0xB9, 
0xE5, 0x0E, 0x00, 0x00, 0x00, 0x00, 0xD0, 0xB4, 0x00, 0x00, 0x32, 0xF4, 0xC5, 0x3A, 0x0C, 0x1E, 
0x7F, 0xFC, 0x7D, 0x00, 0x00, 0x00, 0x2A, 0xA7, 0xE6, 0xFB, 0xED, 0xC2, 0x74, 0x0B, 0x00, 0x00, 
0x00, 0x00, 0x2F, 0xF8, 0x46, 0x00, 0x00, 0x00, 0x00, 0x7B, 0xEF, 0x01, 0x00, 0x00, 0x68, 0xFF, 
0x1D, 0x00, 0x00, 0x00, 0x00, 0xB8, 0xC8, 0x00, 0x00, 0x00, 0x9B, 0xEA, 0x00, 0x00, 0x00, 0x00, 
0x00, 0xEB, 0x95, 0x00, 0x00, 0x00, 0xCF, 0xB7, 0x00, 0x00, 0x00, 0x00, 0x1F, 0xFF, 0x62, 0x00, 
0x00, 0x07, 0xFA, 0x85, 0x00, 0x00, 0x00, 0x00, 0x52, 0xFF, 0x2F, 0x00, 0x00, 0x36, 0xFF, 0xFF, 
0xFF, 0xFF, 0xFF, 0xFF, 0xFF, 0xF7, 0x04, 0x00, 0x00, 0x69, 0xFF, 0x19, 0x00, 0x00, 0x00, 0x00, 
0xBA, 0xC8, 0x00, 0x00, 0x00, 0x9D, 0xE6, 0x00, 0x00, 0x00, 0x00, 0x00, 0xEC, 0x95, 0x00, 0x00, 
0x00, 0xD0, 0xB3, 0x00, 0x00, 0x00, 0x00, 0x21, 0xFF, 0x62, 0x00, 0x00, 0x08, 0xFB, 0x7F, 0x00, 
0x00, 0x00, 0x00, 0x54, 0xFF, 0x2F, 0x00, 0x00, 0x31, 0xFC, 0x46, 0x00, 0x00, 0x00, 0x00, 0x7F, 
0xEF, 0x04, 0x00, 0x00, 0x00, 0x00, 0x2F, 0xF8, 0x46, 0x00, 0x00, 0x67, 0xFF, 0x1C, 0x00, 0x00, 
0x9B, 0xE9, 0x00, 0x00, 0x00, 0xCE, 0xB5, 0x00, 0x00, 0x06, 0xFA, 0x82, 0x00, 0x00, 0x34, 0xFF, 
0x4F, 0x00, 0x00, 0x67, 0xFF, 0x1C, 0x00, 0x00, 0x9B, 0xE9, 0x00, 0x00, 0x00, 0xCE, 0xB5, 0x00, 
0x00, 0x06, 0xFA, 0x82, 0x00, 0x00, 0x2D, 0xFC, 0x48, 0x00, 0x00, 0x00, 0x00, 0x00, 0x00, 0x03, 
0xEB, 0x82, 0x00, 0x00, 0x00, 0x00, 0x2C, 0xFF, 0x58, 0x00, 0x00, 0x00, 0x00, 0x5F, 0xFF, 0x24, 
0x00, 0x00, 0x00, 0x00, 0x93, 0xEF, 0x01, 0x00, 0x00, 0x00, 0x00, 0xC6, 0xBD, 0x00, 0x00, 0x00, 
0x00, 0x03, 0xF6, 0x89, 0x00, 0x00, 0x00, 0x00, 0x2D, 0xFF, 0x56, 0x00, 0x00, 0x00, 0x00, 0x61, 
0xFF, 0x22, 0x00, 0x00, 0x00, 0x00, 0x98, 0xE5, 0x00, 0x00, 0x2C, 0x19, 0x25, 0xED, 0x84, 0x00, 
0x00, 0x81, 0xF6, 0xED, 0x99, 0x08, 0x00, 0x00, 0x00, 0x00, 0x2F, 0xF8, 0x46, 0x00, 0x00, 0x14, 
0xC9, 0xD1, 0x00, 0x00, 0x68, 0xFF, 0x1C, 0x00, 0x16, 0xD4, 0xD5, 0x19, 0x00, 0x00, 0x9C, 0xE9, 
0x00, 0x19, 0xD7, 0xCE, 0x14, 0x00, 0x00, 0x00, 0xCF, 0xB5, 0x1C, 0xDA, 0xC5, 0x0F, 0x00, 0x00, 
0x00, 0x07, 0xFA, 0xA1, 0xDD, 0xBD, 0x0B, 0x00, 0x00, 0x00, 0x00, 0x36, 0xFF, 0xCB, 0xFF, 0x37, 
0x00, 0x00, 0x00, 0x00, 0x00, 0x6A, 0xFF, 0x26, 0xE6, 0xC1, 0x00, 0x00, 0x00, 0x00, 0x00, 0x9D, 
0xE5, 0x00, 0x5F, 0xFF, 0x58, 0x00, 0x00, 0x00, 0x00, 0xD1, 0xB2, 0x00, 0x01, 0xC8, 0xE3, 0x0B, 
0x00, 0x00, 0x09, 0xFB, 0x7F, 0x00, 0x00, 0x37, 0xFE, 0x85, 0x00, 0x00, 0x31, 0xFC, 0x46, 0x00, 
0x00, 0x00, 0x9B, 0xF3, 0x0D, 0x00, 0x00, 0x00, 0x2F, 0xF8, 0x46, 0x00, 0x00, 0x00, 0x00, 0x67, 
0xFF, 0x1C, 0x00, 0x00, 0x00, 0x00, 0x9B, 0xE8, 0x00, 0x00, 0x00, 0x00, 0x00, 0xCE, 0xB5, 0x00, 
0x00, 0x00, 0x00, 0x07, 0xFA, 0x82, 0x00, 0x00, 0x00, 0x00, 0x35, 0xFF, 0x4E, 0x00, 0x00, 0x00, 
0x00, 0x68, 0xFF, 0x1B, 0x00, 0x00, 0x00, 0x00, 0x9B, 0xE8, 0x00, 0x00, 0x00, 0x00, 0x00, 0xCE, 
0xB4, 0x00, 0x00, 0x00, 0x00, 0x07, 0xFA, 0x81, 0x00, 0x00, 0x00, 0x00, 0x25, 0xFE, 0xFF, 0xFF, 
0xFF, 0xFF, 0x97, 0x00, 0x00, 0x27, 0xF5, 0xF9, 0x51, 0x00, 0x00, 0x00, 0x00, 0x00, 0x00, 0x69, 
0xF7, 0xFB, 0x15, 0x00, 0x00, 0x67, 0xFE, 0xDC, 0xA0, 0x00, 0x00, 0x00, 0x00, 0x00, 0x24, 0xF7, 
0xDA, 0xF2, 0x02, 0x00, 0x00, 0x9B, 0xD9, 0x9B, 0xD7, 0x00, 0x00, 0x00, 0x00, 0x00, 0xBE, 0xB8, 
0xB6, 0xC1, 0x00, 0x00, 0x00, 0xCE, 0xA6, 0x67, 0xFE, 0x10, 0x00, 0x00, 0x00, 0x62, 0xF6, 0x22, 
0xE8, 0x8F, 0x00, 0x00, 0x06, 0xFA, 0x73, 0x32, 0xFF, 0x45, 0x00, 0x00, 0x16, 0xED, 0x79, 0x1C, 
0xFF, 0x5C, 0x00, 0x00, 0x34, 0xFF, 0x41, 0x05, 0xF7, 0x7C, 0x00, 0x00, 0xA6, 0xD4, 0x05, 0x4E, 
0xFF, 0x29, 0x00, 0x00, 0x67, 0xFE, 0x0F, 0x00, 0xC9, 0xB4, 0x00, 0x48, 0xFE, 0x3B, 0x00, 0x81, 
0xF4, 0x02, 0x00, 0x00, 0x9B, 0xDB, 0x00, 0x00, 0x94, 0xEB, 0x0B, 0xDF, 0x99, 0x00, 0x00, 0xB4, 
0xC3, 0x00, 0x00, 0x00, 0xCE, 0xA8, 0x00, 0x00, 0x5F, 0xFF, 0xAE, 0xE8, 0x10, 0x00, 0x00, 0xE7, 
0x91, 0x00, 0x00, 0x06, 0xFA, 0x76, 0x00, 0x00, 0x2B, 0xFF, 0xFF, 0x5A, 0x00, 0x00, 0x19, 0xFF, 
0x5E, 0x00, 0x00, 0x2D, 0xFB, 0x3D, 0x00, 0x00, 0x02, 0xEA, 0xB2, 0x00, 0x00, 0x00, 0x44, 0xF9, 
0x27, 0x00, 0x00, 0x00, 0x00, 0x25, 0xF4, 0xE2, 0x0C, 0x00, 0x00, 0x00, 0x0F, 0xF6, 0x5A, 0x00, 
0x00, 0x69, 0xEE, 0xEC, 0x5E, 0x00, 0x00, 0x00, 0x42, 0xFF, 0x2E, 0x00, 0x00, 0x9D, 0xC2, 0x9E, 
0xBD, 0x00, 0x00, 0x00, 0x76, 0xF6, 0x03, 0x00, 0x00, 0xD0, 0x94, 0x46, 0xFE, 0x1E, 0x00, 0x00, 
0xA9, 0xC6, 0x00, 0x00, 0x08, 0xFB, 0x63, 0x03, 0xE6, 0x7B, 0x00, 0x00, 0xDD, 0x92, 0x00, 0x00, 
0x37, 0xFF, 0x31, 0x00, 0x8A, 0xD9, 0x00, 0x11, 0xFF, 0x5E, 0x00, 0x00, 0x6A, 0xF9, 0x05, 0x00, 
0x2B, 0xFF, 0x38, 0x43, 0xFF, 0x2B, 0x00, 0x00, 0x9E, 0xCD, 0x00, 0x00, 0x00, 0xCC, 0x97, 0x75, 
0xF4, 0x02, 0x00, 0x00, 0xD1, 0x9B, 0x00, 0x00, 0x00, 0x6D, 0xEE, 0xAA, 0xC3, 0x00, 0x00, 0x09, 
0xFB, 0x69, 0x00, 0x00, 0x00, 0x14, 0xFA, 0xFC, 0x8F, 0x00, 0x00, 0x32, 0xFB, 0x32, 0x00, 0x00, 
0x00, 0x00, 0xA3, 0xFD, 0x49, 0x00, 0x00, 0x00, 0x00, 0x00, 0x42, 0xBA, 0xEF, 0xF5, 0xD3, 0x7C, 
0x08, 0x00, 0x00, 0x00, 0x98, 0xF1, 0x66, 0x11, 0x11, 0x5A, 0xF2, 0xB3, 0x00, 0x00, 0x7C, 0xF7, 
0x2C, 0x00, 0x00, 0x00, 0x00, 0x7E, 0xFF, 0x1D, 0x19, 0xF6, 0x7C, 0x00, 0x00, 0x00, 0x00, 0x00, 
0x4A, 0xFF, 0x44, 0x7E, 0xFB, 0x17, 0x00, 0x00, 0x00, 0x00, 0x00, 0x4F, 0xFF, 0x3E, 0xC2, 0xCE, 
0x00, 0x00, 0x00, 0x00, 0x00, 0x00, 0x78, 0xFF, 0x19, 0xE7, 0xA5, 0x00, 0x00, 0x00, 0x00, 0x00, 
0x00, 0xBB, 0xD4, 0x00, 0xED, 0xA0, 0x00, 0x00, 0x00, 0x00, 0x00, 0x28, 0xFE, 0x67, 0x00, 0xC8, 
0xD1, 0x00, 0x00, 0x00, 0x00, 0x06, 0xC5, 0xCE, 0x06, 0x00, 0x53, 0xFF, 0x8C, 0x1C, 0x07, 0x3A, 
0xCD, 0xD8, 0x1A, 0x00, 0x00, 0x00, 0x51, 0xC6, 0xED, 0xF7, 0xD2, 0x74, 0x06, 0x00, 0x00, 0x00, 
0x00, 0x00, 0x25, 0xF3, 0xFF, 0xFF, 0xF6, 0xC4, 0x3B, 0x00, 0x00, 0x00, 0x68, 0xFF, 0x1A, 0x00, 
0x1A, 0xBC, 0xF1, 0x11, 0x00, 0x00, 0x9C, 0xE8, 0x00, 0x00, 0x00, 0x4E, 0xFF, 0x41, 0x00, 0x00, 
0xCF, 0xB5, 0x00, 0x00, 0x00, 0x5D, 0xFF, 0x2B, 0x00, 0x07, 0xFA, 0x83, 0x00, 0x00, 0x00, 0xB8, 
0xD6, 0x00, 0x00, 0x36, 0xFF, 0x51, 0x01, 0x1F, 0x97, 0xF4, 0x3A, 0x00, 0x00, 0x6A, 0xFF, 0xFF, 
0xFD, 0xE4, 0xA9, 0x2D, 0x00, 0x00, 0x00, 0x9D, 0xE5, 0x00, 0x00, 0x00, 0x00, 0x00, 0x00, 0x00, 
0x00, 0xD0, 0xB2, 0x00, 0x00, 0x00, 0x00, 0x00, 0x00, 0x00, 0x08, 0xFB, 0x7F, 0x00, 0x00, 0x00, 
0x00, 0x00, 0x00, 0x00, 0x30, 0xFC, 0x46, 0x00, 0x00, 0x00, 0x00, 0x00, 0x00, 0x00, 0x00, 0x00, 
0x00, 0x42, 0xBA, 0xEF, 0xFA, 0xE1, 0x94, 0x11, 0x00, 0x00, 0x00, 0x98, 0xF1, 0x64, 0x11, 0x11, 
0x5B, 0xF3, 0xC9, 0x01, 0x00, 0x7F, 0xF7, 0x2C, 0x00, 0x00, 0x00, 0x00, 0x82, 0xFF, 0x3F, 0x1C, 
0xF8, 0x7C, 0x00, 0x00, 0x00, 0x00, 0x00, 0x4E, 0xFF, 0x65, 0x81, 0xFB, 0x17, 0x00, 0x00, 0x00, 
0x00, 0x00, 0x53, 0xFF, 0x5D, 0xC3, 0xCE, 0x00, 0x00, 0x00, 0x00, 0x00, 0x00, 0x7C, 0xFF, 0x35, 
0xE7, 0xA5, 0x00, 0x00, 0x00, 0x00, 0x00, 0x00, 0xBE, 0xED, 0x03, 0xED, 0x9F, 0x00, 0x00, 0x00, 
0x00, 0x00, 0x28, 0xFE, 0x8C, 0x00, 0xC8, 0xCE, 0x00, 0x00, 0x00, 0x00, 0x06, 0xC5, 0xE7, 0x12, 
0x00, 0x53, 0xFF, 0x8A, 0x1C, 0x07, 0x3A, 0xCD, 0xFF, 0x4D, 0x00, 0x00, 0x00, 0x51, 0xC6, 0xED, 
0xF5, 0xD3, 0x51, 0xD5, 0xCF, 0x05, 0x00, 0x00, 0x00, 0x00, 0x00, 0x00, 0x00, 0x00, 0x2B, 0xF0, 
0x91, 0x00, 0x00, 0x00, 0x00, 0x00, 0x00, 0x00, 0x00, 0x00, 0x33, 0xD8, 0x1D, 0x00, 0x00, 0x26, 
0xF5, 0xFF, 0xFF, 0xF2, 0xCA, 0x4E, 0x00, 0x00, 0x00, 0x67, 0xFF, 0x1D, 0x00, 0x1C, 0xB6, 0xFB, 
0x1E, 0x00, 0x00, 0x9B, 0xEA, 0x00, 0x00, 0x00, 0x5C, 0xFF, 0x3F, 0x00, 0x00, 0xCE, 0xB7, 0x00, 
0x00, 0x00, 0x97, 0xF6, 0x13, 0x00, 0x06, 0xFA, 0x85, 0x00, 0x1E, 0x78, 0xFA, 0x6B, 0x00, 0x00, 
0x34, 0xFF, 0xFF, 0xFF, 0xFF, 0xE3, 0x3C, 0x00, 0x00, 0x00, 0x67, 0xFF, 0x1A, 0x0E, 0x81, 0xFF, 
0x59, 0x00, 0x00, 0x00, 0x9B, 0xE7, 0x00, 0x00, 0x01, 0xE6, 0xB5, 0x00, 0x00, 0x00, 0xCE, 0xB4, 
0x00, 0x00, 0x00, 0xAE, 0xEA, 0x00, 0x00, 0x06, 0xFA, 0x82, 0x00, 0x00, 0x00, 0x81, 0xFF, 0x1B, 
0x00, 0x2D, 0xFC, 0x48, 0x00, 0x00, 0x00, 0x4C, 0xFD, 0x3E, 0x00, 0x00, 0x00, 0x09, 0x7F, 0xD6, 
0xF6, 0xD5, 0x5D, 0x00, 0x01, 0xB3, 0xE1, 0x3D, 0x0D, 0x4D, 0xCC, 0x00, 0x36, 0xFF, 0x65, 0x00, 
0x00, 0x00, 0x00, 0x00, 0x3F, 0xFF, 0x70, 0x00, 0x00, 0x00, 0x00, 0x00, 0x07, 0xD8, 0xF6, 0x70, 
0x05, 0x00, 0x00, 0x00, 0x00, 0x19, 0xB3, 0xFF, 0xD6, 0x2D, 0x00, 0x00, 0x00, 0x00, 0x00, 0x46, 
0xED, 0xE4, 0x07, 0x00, 0x00, 0x00, 0x00, 0x00, 0x6C, 0xFF, 0x30, 0x00, 0x00, 0x00, 0x00, 0x00, 
0x86, 0xFC, 0x15, 0xD0, 0x6B, 0x16, 0x11, 0x5F, 0xF6, 0x85, 0x00, 0x59, 0xC5, 0xF4, 0xF5, 0xC4, 
0x50, 0x00, 0x00, 0x88, 0xFF, 0xFF, 0xFF, 0xFF, 0xFF, 0xFF, 0xFF, 0xE7, 0x00, 0x00, 0x00, 0x4A, 
0xFF, 0x39, 0x00, 0x00, 0x00, 0x00, 0x00, 0x00, 0x7D, 0xFC, 0x0A, 0x00, 0x00, 0x00, 0x00, 0x00, 
0x00, 0xB0, 0xD3, 0x00, 0x00, 0x00, 0x00, 0x00, 0x00, 0x00, 0xE3, 0x9F, 0x00, 0x00, 0x00, 0x00, 
0x00, 0x00, 0x16, 0xFF, 0x6C, 0x00, 0x00, 0x00, 0x00, 0x00, 0x00, 0x49, 0xFF, 0x38, 0x00, 0x00, 
0x00, 0x00, 0x00, 0x00, 0x7C, 0xFB, 0x09, 0x00, 0x00, 0x00, 0x00, 0x00, 0x00, 0xAF, 0xD1, 0x00, 
0x00, 0x00, 0x00, 0x00, 0x00, 0x00, 0xE2, 0x9E, 0x00, 0x00, 0x00, 0x00, 0x00, 0x00, 0x0F, 0xFB, 
0x62, 0x00, 0x00, 0x00, 0x00, 0x00, 0x00, 0x33, 0xF9, 0x3E, 0x00, 0x00, 0x00, 0x00, 0x25, 0xF8, 
0x4E, 0x00, 0x6C, 0xFF, 0x15, 0x00, 0x00, 0x00, 0x00, 0x5C, 0xFF, 0x23, 0x00, 0x9F, 0xE1, 0x00, 
0x00, 0x00, 0x00, 0x00, 0x8F, 0xEF, 0x00, 0x00, 0xD3, 0xAE, 0x00, 0x00, 0x00, 0x00, 0x00, 0xC3, 
0xBC, 0x00, 0x0A, 0xFC, 0x7B, 0x00, 0x00, 0x00, 0x00, 0x02, 0xF3, 0x88, 0x00, 0x3A, 0xFF, 0x48, 
0x00, 0x00, 0x00, 0x00, 0x2A, 0xFF, 0x54, 0x00, 0x6D, 0xFF, 0x15, 0x00, 0x00, 0x00, 0x00, 0x5E, 
0xFF, 0x20, 0x00, 0x95, 0xF8, 0x00, 0x00, 0x00, 0x00, 0x00, 0xA8, 0xD4, 0x00, 0x00, 0x93, 0xF9, 
0x0D, 0x00, 0x00, 0x00, 0x28, 0xF6, 0x71, 0x00, 0x00, 0x41, 0xFF, 0x9D, 0x1B, 0x0F, 0x4F, 0xDF, 
0xB0, 0x02, 0x00, 0x00, 0x00, 0x53, 0xCA, 0xF6, 0xEF, 0xC8, 0x64, 0x04, 0x00, 0x00, 0x00, 0x51, 
0xFC, 0x33, 0x00, 0x00, 0x00, 0x00, 0x00, 0x80, 0xF6, 0x17, 0x31, 0xFF, 0x5E, 0x00, 0x00, 0x00, 
0x00, 0x1B, 0xF6, 0x8D, 0x00, 0x09, 0xFD, 0x86, 0x00, 0x00, 0x00, 0x00, 0x9E, 0xEC, 0x10, 0x00, 
0x00, 0xDC, 0xAD, 0x00, 0x00, 0x00, 0x2C, 0xFD, 0x6B, 0x00, 0x00, 0x00, 0xB1, 0xD4, 0x00, 0x00, 
0x00, 0xB5, 0xD6, 0x04, 0x00, 0x00, 0x00, 0x86, 0xF8, 0x03, 0x00, 0x40, 0xFF, 0x49, 0x00, 0x00, 
0x00, 0x00, 0x5B, 0xFF, 0x23, 0x01, 0xCB, 0xB9, 0x00, 0x00, 0x00, 0x00, 0x00, 0x31, 0xFF, 0x4A, 
0x58, 0xFC, 0x2B, 0x00, 0x00, 0x00, 0x00, 0x00, 0x08, 0xFD, 0x77, 0xDD, 0x96, 0x00, 0x00, 0x00, 
0x00, 0x00, 0x00, 0x00, 0xDB, 0xED, 0xF0, 0x15, 0x00, 0x00, 0x00, 0x00, 0x00, 0x00, 0x00, 0xA7, 
0xFC, 0x6E, 0x00, 0x00, 0x00, 0x00, 0x00, 0x00, 0x1C, 0xFC, 0x62, 0x00, 0x00, 0x00, 0x00, 0xAB, 
0xFA, 0x15, 0x00, 0x00, 0x00, 0x03, 0xD6, 0xA7, 0x0B, 0xFF, 0x7E, 0x00, 0x00, 0x00, 0x2B, 0xFE, 
0xFF, 0x2E, 0x00, 0x00, 0x00, 0x5B, 0xFF, 0x39, 0x00, 0xF2, 0x91, 0x00, 0x00, 0x00, 0xA2, 0xE4, 
0xFF, 0x44, 0x00, 0x00, 0x01, 0xD3, 0xB9, 0x00, 0x00, 0xD9, 0xA5, 0x00, 0x00, 0x1E, 0xFB, 0x61, 
0xFF, 0x5B, 0x00, 0x00, 0x4E, 0xFF, 0x39, 0x00, 0x00, 0xC0, 0xB9, 0x00, 0x00, 0x91, 0xD1, 0x03, 
0xFD, 0x71, 0x00, 0x00, 0xC6, 0xB8, 0x00, 0x00, 0x00, 0xA6, 0xCD, 0x00, 0x13, 0xF5, 0x5B, 0x00, 
0xEA, 0x87, 0x00, 0x40, 0xFF, 0x38, 0x00, 0x00, 0x00, 0x8D, 0xE1, 0x00, 0x81, 0xE0, 0x04, 0x00, 
0xD3, 0x9E, 0x00, 0xB9, 0xB7, 0x00, 0x00, 0x00, 0x00, 0x73, 0xF5, 0x0B, 0xED, 0x6D, 0x00, 0x00, 
0xBC, 0xB4, 0x32, 0xFF, 0x37, 0x00, 0x00, 0x00, 0x00, 0x5A, 0xFF, 0x79, 0xEC, 0x0A, 0x00, 0x00, 
0xA5, 0xCA, 0xAB, 0xB6, 0x00, 0x00, 0x00, 0x00, 0x00, 0x41, 0xFF, 0xF0, 0x7F, 0x00, 0x00, 0x00, 
0x8E, 0xF3, 0xFD, 0x36, 0x00, 0x00, 0x00, 0x00, 0x00, 0x21, 0xF9, 0xEB, 0x13, 0x00, 0x00, 0x00, 
0x6D, 0xFD, 0xAB, 0x00, 0x00, 0x00, 0x00, 0x00, 0x00, 0x00, 0x00, 0xEA, 0xA4, 0x00, 0x00, 0x00, 
0x06, 0xC2, 0xD9, 0x03, 0x00, 0x00, 0x00, 0x99, 0xFA, 0x16, 0x00, 0x00, 0x98, 0xF5, 0x2F, 0x00, 
0x00, 0x00, 0x00, 0x32, 0xFF, 0x76, 0x00, 0x61, 0xFF, 0x55, 0x00, 0x00, 0x00, 0x00, 0x00, 0x00, 
0xCA, 0xDA, 0x33, 0xF7, 0x85, 0x00, 0x00, 0x00, 0x00, 0x00, 0x00, 0x00, 0x63, 0xFF, 0xEF, 0xB3, 
0x02, 0x00, 0x00, 0x00, 0x00, 0x00, 0x00, 0x00, 0x3F, 0xFF, 0xFF, 0x23, 0x00, 0x00, 0x00, 0x00, 
0x00, 0x00, 0x00, 0x18, 0xE4, 0xC4, 0xFF, 0x77, 0x00, 0x00, 0x00, 0x00, 0x00, 0x00, 0x06, 0xC5, 
0xD8, 0x0D, 0xC5, 0xDE, 0x02, 0x00, 0x00, 0x00, 0x00, 0x00, 0x9C, 0xF3, 0x2A, 0x00, 0x5E, 0xFF, 
0x4B, 0x00, 0x00, 0x00, 0x00, 0x6D, 0xFF, 0x57, 0x00, 0x00, 0x08, 0xEE, 0xB5, 0x00, 0x00, 0x00, 
0x2D, 0xF8, 0x8A, 0x00, 0x00, 0x00, 0x00, 0x8B, 0xFA, 0x11, 0x00, 0x00, 0x49, 0xFB, 0x3F, 0x00, 
0x00, 0x00, 0x18, 0xE4, 0x99, 0x0C, 0xF7, 0x92, 0x00, 0x00, 0x00, 0xB6, 0xE1, 0x10, 0x00, 0xB2, 
0xE1, 0x00, 0x00, 0x6A, 0xFC, 0x3C, 0x00, 0x00, 0x60, 0xFF, 0x2F, 0x25, 0xF5, 0x7F, 0x00, 0x00, 
0x00, 0x12, 0xFB, 0x77, 0xC6, 0xC3, 0x03, 0x00, 0x00, 0x00, 0x00, 0xBC, 0xF1, 0xEF, 0x1E, 0x00, 
0x00, 0x00, 0x00, 0x00, 0x6F, 0xFF, 0x59, 0x00, 0x00, 0x00, 0x00, 0x00, 0x00, 0x80, 0xFC, 0x08, 
0x00, 0x00, 0x00, 0x00, 0x00, 0x00, 0xB3, 0xD3, 0x00, 0x00, 0x00, 0x00, 0x00, 0x00, 0x00, 0xE5, 
0xA1, 0x00, 0x00, 0x00, 0x00, 0x00, 0x00, 0x11, 0xFB, 0x66, 0x00, 0x00, 0x00, 0x00, 0x00, 0x00, 
0x00, 0x0C, 0xF7, 0xFF, 0xFF, 0xFF, 0xFF, 0xFF, 0xFC, 0x10, 0x00, 0x00, 0x00, 0x00, 0x00, 0x00, 
0x00, 0x2F, 0xF5, 0x97, 0x00, 0x00, 0x00, 0x00, 0x00, 0x00, 0x00, 0x15, 0xE0, 0xC4, 0x06, 0x00, 
0x00, 0x00, 0x00, 0x00, 0x00, 0x05, 0xC2, 0xE1, 0x16, 0x00, 0x00, 0x00, 0x00, 0x00, 0x00, 0x00, 
0x9A, 0xF5, 0x30, 0x00, 0x00, 0x00, 0x00, 0x00, 0x00, 0x00, 0x6D, 0xFF, 0x55, 0x00, 0x00, 0x00, 
0x00, 0x00, 0x00, 0x00, 0x42, 0xFB, 0x82, 0x00, 0x00, 0x00, 0x00, 0x00, 0x00, 0x00, 0x23, 0xED, 
0xAF, 0x01, 0x00, 0x00, 0x00, 0x00, 0x00, 0x00, 0x0D, 0xD4, 0xD2, 0x0C, 0x00, 0x00, 0x00, 0x00, 
0x00, 0x00, 0x00, 0xB0, 0xEB, 0x20, 0x00, 0x00, 0x00, 0x00, 0x00, 0x00, 0x00, 0x2C, 0xFE, 0xFF, 
0xFF, 0xFF, 0xFF, 0xFF, 0xFF, 0x40, 0x00, 0x00, 0x00, 0x00, 0x04, 0xD9, 0xFF, 0xE7, 0x00, 0x00, 
0x32, 0xFF, 0x1F, 0x00, 0x00, 0x00, 0x6A, 0xE7, 0x00, 0x00, 0x00, 0x00, 0xA1, 0xAF, 0x00, 0x00, 
0x00, 0x00, 0xD9, 0x77, 0x00, 0x00, 0x00, 0x11, 0xFE, 0x3F, 0x00, 0x00, 0x00, 0x49, 0xFC, 0x0B, 
0x00, 0x00, 0x00, 0x80, 0xCF, 0x00, 0x00, 0x00, 0x00, 0xB8, 0x97, 0x00, 0x00, 0x00, 0x01, 0xEE, 
0x5F, 0x00, 0x00, 0x00, 0x28, 0xFF, 0x27, 0x00, 0x00, 0x00, 0x5F, 0xEE, 0x01, 0x00, 0x00, 0x00, 
0x97, 0xB7, 0x00, 0x00, 0x00, 0x00, 0xCF, 0x7F, 0x00, 0x00, 0x00, 0x00, 0xED, 0xFF, 0xED, 0x00, 
0x00, 0x00, 0xF1, 0x0A, 0x00, 0xDA, 0x2D, 0x00, 0xB7, 0x50, 0x00, 0x93, 0x74, 0x00, 0x6F, 0x98, 
0x00, 0x4B, 0xBB, 0x00, 0x28, 0xDF, 0x00, 0x06, 0xFA, 0x06, 0x00, 0xE0, 0x27, 0x00, 0xBD, 0x4A, 
0x00, 0x99, 0x6E, 0x00, 0x75, 0x92, 0x00, 0x51, 0xB6, 0x00, 0x2E, 0xD9, 0x00, 0x0A, 0xF0, 0x00, 
0x00, 0x00, 0x85, 0xFF, 0xFF, 0x57, 0x00, 0x00, 0x00, 0x00, 0x1D, 0xFF, 0x33, 0x00, 0x00, 0x00, 
0x00, 0x59, 0xF4, 0x04, 0x00, 0x00, 0x00, 0x00, 0x94, 0xBD, 0x00, 0x00, 0x00, 0x00, 0x00, 0xCF, 
0x82, 0x00, 0x00, 0x00, 0x00, 0x0D, 0xFC, 0x47, 0x00, 0x00, 0x00, 0x00, 0x45, 0xFD, 0x0F, 0x00, 
0x00, 0x00, 0x00, 0x80, 0xD1, 0x00, 0x00, 0x00, 0x00, 0x00, 0xBB, 0x96, 0x00, 0x00, 0x00, 0x00, 
0x03, 0xF2, 0x5B, 0x00, 0x00, 0x00, 0x00, 0x31, 0xFF, 0x20, 0x00, 0x00, 0x00, 0x00, 0x6C, 0xE5, 
0x00, 0x00, 0x00, 0x00, 0x00, 0xA7, 0xAA, 0x00, 0x00, 0x00, 0x00, 0x00, 0xE2, 0x70, 0x00, 0x00, 
0x00, 0xAC, 0xFF, 0xF9, 0x29, 0x00, 0x00, 0x00, 0x00, 0x00, 0x00, 0x3B, 0xF6, 0xD6, 0x00, 0x00, 
0x00, 0x00, 0x00, 0xC7, 0xDC, 0xFF, 0x28, 0x00, 0x00, 0x00, 0x55, 0xE3, 0x22, 0xFB, 0x6D, 0x00, 
0x00, 0x05, 0xDC, 0x5A, 0x00, 0xB4, 0xB3, 0x00, 0x00, 0x6E, 0xC5, 0x00, 0x00, 0x54, 0xF3, 0x05, 
0x0E, 0xE9, 0x34, 0x00, 0x00, 0x06, 0xED, 0x3D, 0x7B, 0x97, 0x00, 0x00, 0x00, 0x00, 0x99, 0x71, 
0x02, 0xFE, 0xFF, 0xFF, 0xFF, 0xFF, 0xFF, 0xFF, 0xFF, 0xE6, 0x03, 0xC9, 0x2F, 0x00, 0x00, 0x00, 
0x24, 0xD0, 0x20, 0x00, 0x00, 0x00, 0x3A, 0xD0, 0x03, 0x00, 0x00, 0x17, 0xAA, 0xF6, 0xE8, 0x79, 
0xAF, 0x8B, 0x00, 0x0E, 0xD9, 0xA8, 0x17, 0x27, 0xCA, 0xFF, 0x60, 0x00, 0x8B, 0xE1, 0x08, 0x00, 
0x00, 0x49, 0xFF, 0x2D, 0x02, 0xEE, 0x84, 0x00, 0x00, 0x00, 0x7B, 0xF6, 0x04, 0x28, 0xFF, 0x4C, 
0x00, 0x00, 0x00, 0xCF, 0xC8, 0x00, 0x36, 0xFF, 0x3D, 0x00, 0x00, 0x58, 0xFF, 0x95, 0x00, 0x13, 
0xF8, 0x8F, 0x0F, 0x60, 0xDB, 0xF9, 0x62, 0x00, 0x00, 0x62, 0xE3, 0xF0, 0xAA, 0x39, 0xFA, 0x2B, 
0x00, 0x00, 0x00, 0x2F, 0xFA, 0x38, 0x00, 0x00, 0x00, 0x00, 0x00, 0x00, 0x66, 0xFE, 0x0F, 0x00, 
0x00, 0x00, 0x00, 0x00, 0x00, 0x98, 0xDA, 0x00, 0x00, 0x00, 0x00, 0x00, 0x00, 0x00, 0xCA, 0xA8, 
0x00, 0x00, 0x00, 0x00, 0x00, 0x00, 0x04, 0xF7, 0x77, 0x87, 0xE5, 0xEE, 0x86, 0x00, 0x00, 0x2F, 
0xFF, 0xDD, 0x85, 0x0F, 0x63, 0xFF, 0x40, 0x00, 0x61, 0xFF, 0x8C, 0x00, 0x00, 0x07, 0xFF, 0x6F, 
0x00, 0x93, 0xF5, 0x0B, 0x00, 0x00, 0x15, 0xFF, 0x5E, 0x00, 0xC6, 0xAF, 0x00, 0x00, 0x00, 0x4D, 
0xFF, 0x26, 0x02, 0xF4, 0x7F, 0x00, 0x00, 0x00, 0xB8, 0xC1, 0x00, 0x2A, 0xFF, 0xE6, 0x3B, 0x0E, 
0x80, 0xF5, 0x2E, 0x00, 0x54, 0xE0, 0x4F, 0xDD, 0xFA, 0xC6, 0x33, 0x00, 0x00, 0x00, 0x00, 0x17, 
0xA0, 0xF0, 0xEF, 0x97, 0x09, 0x00, 0x12, 0xDB, 0xA7, 0x1E, 0x1B, 0xA8, 0x3D, 0x00, 0x95, 0xD6, 
0x05, 0x00, 0x00, 0x00, 0x00, 0x06, 0xF4, 0x71, 0x00, 0x00, 0x00, 0x00, 0x00, 0x33, 0xFF, 0x3B, 
0x00, 0x00, 0x00, 0x00, 0x00, 0x3F, 0xFF, 0x36, 0x00, 0x00, 0x00, 0x00, 0x00, 0x15, 0xF8, 0x9D, 
0x0D, 0x21, 0x92, 0x4B, 0x00, 0x00, 0x56, 0xD8, 0xF8, 0xDE, 0x81, 0x05, 0x00, 0x00, 0x00, 0x00, 
0x00, 0x00, 0x00, 0x00, 0x0D, 0xF3, 0x5A, 0x00, 0x00, 0x00, 0x00, 0x00, 0x00, 0x00, 0x40, 0xFF, 
0x31, 0x00, 0x00, 0x00, 0x00, 0x00, 0x00, 0x00, 0x75, 0xF8, 0x05, 0x00, 0x00, 0x00, 0x00, 0x00, 
0x00, 0x00, 0xA9, 0xCB, 0x00, 0x00, 0x00, 0x1A, 0xAE, 0xF7, 0xE3, 0x6F, 0xDE, 0x98, 0x00, 0x00, 
0x10, 0xDB, 0xA9, 0x18, 0x2A, 0xD3, 0xFF, 0x65, 0x00, 0x00, 0x8C, 0xE0, 0x08, 0x00, 0x00, 0x4D, 
0xFF, 0x32, 0x00, 0x02, 0xED, 0x84, 0x00, 0x00, 0x00, 0x78, 0xF9, 0x05, 0x00, 0x27, 0xFF, 0x4A, 
0x00, 0x00, 0x00, 0xCC, 0xCB, 0x00, 0x00, 0x37, 0xFF, 0x3E, 0x00, 0x00, 0x53, 0xFF, 0x98, 0x00, 
0x00, 0x13, 0xFA, 0x8D, 0x0F, 0x5F, 0xD9, 0xF6, 0x65, 0x00, 0x00, 0x00, 0x67, 0xE7, 0xF0, 0xAA, 
0x2E, 0xF7, 0x2C, 0x00, 0x00, 0x00, 0x00, 0x0E, 0x89, 0xDC, 0xF5, 0xCE, 0x46, 0x00, 0x0D, 0xCC, 
0xA7, 0x23, 0x0B, 0xA6, 0xEB, 0x00, 0x8D, 0xCB, 0x03, 0x0E, 0x40, 0xD2, 0xC4, 0x05, 0xF2, 0xFF, 
0xFD, 0xF0, 0xCD, 0x85, 0x10, 0x32, 0xFF, 0x3E, 0x00, 0x00, 0x00, 0x00, 0x00, 0x3D, 0xFF, 0x41, 
0x00, 0x00, 0x00, 0x00, 0x00, 0x12, 0xF4, 0xB0, 0x15, 0x12, 0x56, 0xB7, 0x00, 0x00, 0x47, 0xCD, 
0xF5, 0xF4, 0xC9, 0x56, 0x00, 0x00, 0x00, 0x00, 0x00, 0x00, 0x1F, 0xB9, 0xF5, 0xEA, 0x18, 0x00, 
0x00, 0x00, 0x00, 0x00, 0xC8, 0xBC, 0x12, 0x1D, 0x00, 0x00, 0x00, 0x00, 0x00, 0x2C, 0xFF, 0x41, 
0x00, 0x00, 0x00, 0x00, 0x00, 0x00, 0x00, 0x6B, 0xFD, 0x0A, 0x00, 0x00, 0x00, 0x00, 0x00, 0x00, 
0xEA, 0xFF, 0xFF, 0xFF, 0xD2, 0x00, 0x00, 0x00, 0x00, 0x00, 0x00, 0xCA, 0xA5, 0x00, 0x00, 0x00, 
0x00, 0x00, 0x00, 0x00, 0x05, 0xF8, 0x72, 0x00, 0x00, 0x00, 0x00, 0x00, 0x00, 0x00, 0x31, 0xFF, 
0x3F, 0x00, 0x00, 0x00, 0x00, 0x00, 0x00, 0x00, 0x65, 0xFE, 0x0E, 0x00, 0x00, 0x00, 0x00, 0x00, 
0x00, 0x00, 0x98, 0xD9, 0x00, 0x00, 0x00, 0x00, 0x00, 0x00, 0x00, 0x00, 0xCC, 0xA5, 0x00, 0x00, 
0x00, 0x00, 0x00, 0x00, 0x00, 0x05, 0xF9, 0x72, 0x00, 0x00, 0x00, 0x00, 0x00, 0x00, 0x00, 0x3A, 
0xFF, 0x36, 0x00, 0x00, 0x00, 0x00, 0x00, 0x05, 0x0D, 0xB4, 0xD4, 0x01, 0x00, 0x00, 0x00, 0x00, 
0x00, 0x9B, 0xF7, 0xC3, 0x29, 0x00, 0x00, 0x00, 0x00, 0x00, 0x00, 0x00, 0x00, 0x18, 0xAD, 0xF7, 
0xE5, 0x69, 0xAF, 0x8B, 0x00, 0x0F, 0xD9, 0xA8, 0x17, 0x28, 0xCF, 0xFE, 0x5F, 0x00, 0x8A, 0xE2, 
0x09, 0x00, 0x00, 0x4C, 0xFF, 0x2D, 0x01, 0xEC, 0x83, 0x00, 0x00, 0x00, 0x7A, 0xF6, 0x03, 0x26, 
0xFF, 0x4B, 0x00, 0x00, 0x00, 0xCF, 0xC7, 0x00, 0x35, 0xFF, 0x3E, 0x00, 0x00, 0x58, 0xFF, 0x94, 
0x00, 0x13, 0xF9, 0x8E, 0x0F, 0x60, 0xD9, 0xFC, 0x61, 0x00, 0x00, 0x63, 0xE3, 0xEF, 0xA7, 0x54, 
0xFF, 0x2E, 0x00, 0x00, 0x00, 0x00, 0x00, 0x00, 0x78, 0xED, 0x04, 0x00, 0x40, 0xB6, 0x2A, 0x08, 
0x40, 0xE9, 0x80, 0x00, 0x00, 0x07, 0x87, 0xE0, 0xF6, 0xD6, 0x73, 0x01, 0x00, 0x00, 0x00, 0x00, 
0x2F, 0xFA, 0x38, 0x00, 0x00, 0x00, 0x00, 0x00, 0x00, 0x66, 0xFF, 0x10, 0x00, 0x00, 0x00, 0x00, 
0x00, 0x00, 0x98, 0xDD, 0x00, 0x00, 0x00, 0x00, 0x00, 0x00, 0x00, 0xCA, 0xAB, 0x00, 0x00, 0x00, 
0x00, 0x00, 0x00, 0x04, 0xF7, 0x7A, 0x87, 0xE5, 0xEE, 0x88, 0x00, 0x00, 0x2F, 0xFF, 0xDB, 0x84, 
0x0E, 0x7D, 0xFF, 0x23, 0x00, 0x61, 0xFF, 0x8E, 0x00, 0x00, 0x4E, 0xFF, 0x2E, 0x00, 0x93, 0xF6, 
0x0E, 0x00, 0x00, 0x70, 0xFC, 0x09, 0x00, 0xC6, 0xAE, 0x00, 0x00, 0x00, 0xA2, 0xD4, 0x00, 0x02, 
0xF4, 0x78, 0x00, 0x00, 0x00, 0xD4, 0xA2, 0x00, 0x2A, 0xFF, 0x45, 0x00, 0x00, 0x09, 0xFC, 0x71, 
0x00, 0x55, 0xF7, 0x13, 0x00, 0x00, 0x31, 0xFC, 0x39, 0x00, 0x00, 0x00, 0x47, 0xF7, 0x55, 0x00, 
0x00, 0x70, 0xF4, 0x33, 0x00, 0x00, 0x00, 0x00, 0x00, 0x00, 0x00, 0x00, 0x00, 0x00, 0x00, 0x06, 
0xF2, 0x6B, 0x00, 0x00, 0x33, 0xFF, 0x40, 0x00, 0x00, 0x65, 0xFE, 0x0F, 0x00, 0x00, 0x97, 0xDA, 
0x00, 0x00, 0x00, 0xCA, 0xA8, 0x00, 0x00, 0x04, 0xF7, 0x75, 0x00, 0x00, 0x2E, 0xFF, 0x42, 0x00, 
0x00, 0x59, 0xF7, 0x10, 0x00, 0x00, 0x00, 0x00, 0x00, 0x00, 0x23, 0xF1, 0x80, 0x00, 0x00, 0x00, 
0x00, 0x44, 0xF9, 0x57, 0x00, 0x00, 0x00, 0x00, 0x00, 0x00, 0x00, 0x00, 0x00, 0x00, 0x00, 0x00, 
0x00, 0x00, 0x00, 0x00, 0x00, 0x00, 0xCE, 0x97, 0x00, 0x00, 0x00, 0x00, 0x0C, 0xFD, 0x6C, 0x00, 
0x00, 0x00, 0x00, 0x3D, 0xFF, 0x39, 0x00, 0x00, 0x00, 0x00, 0x70, 0xFC, 0x09, 0x00, 0x00, 0x00, 
0x00, 0xA2, 0xD2, 0x00, 0x00, 0x00, 0x00, 0x00, 0xD5, 0x9F, 0x00, 0x00, 0x00, 0x00, 0x0A, 0xFC, 
0x6B, 0x00, 0x00, 0x00, 0x00, 0x3A, 0xFF, 0x38, 0x00, 0x00, 0x00, 0x00, 0x70, 0xF6, 0x08, 0x00, 
0x00, 0x02, 0x13, 0xD1, 0xA5, 0x00, 0x00, 0x00, 0xA1, 0xF5, 0xB4, 0x16, 0x00, 0x00, 0x00, 0x00, 
0x00, 0x2F, 0xFA, 0x38, 0x00, 0x00, 0x00, 0x00, 0x00, 0x00, 0x66, 0xFE, 0x0F, 0x00, 0x00, 0x00, 
0x00, 0x00, 0x00, 0x99, 0xDA, 0x00, 0x00, 0x00, 0x00, 0x00, 0x00, 0x00, 0xCB, 0xA7, 0x00, 0x00, 
0x00, 0x00, 0x00, 0x00, 0x05, 0xF8, 0x74, 0x00, 0x1E, 0xD7, 0xE7, 0x15, 0x00, 0x30, 0xFF, 0x40, 
0x29, 0xE3, 0xD2, 0x1F, 0x00, 0x00, 0x63, 0xFE, 0x45, 0xEC, 0xB2, 0x0C, 0x00, 0x00, 0x00, 0x96, 
0xE9, 0xF2, 0xC1, 0x02, 0x00, 0x00, 0x00, 0x00, 0xC8, 0xAA, 0x96, 0xFA, 0x2B, 0x00, 0x00, 0x00, 
0x04, 0xF6, 0x78, 0x0F, 0xE6, 0xC5, 0x01, 0x00, 0x00, 0x2E, 0xFF, 0x45, 0x00, 0x54, 0xFF, 0x68, 
0x00, 0x00, 0x59, 0xF7, 0x13, 0x00, 0x00, 0xAF, 0xE8, 0x03, 0x00, 0x00, 0x00, 0x2F, 0xFA, 0x38, 
0x00, 0x00, 0x66, 0xFE, 0x0F, 0x00, 0x00, 0x98, 0xDB, 0x00, 0x00, 0x00, 0xCA, 0xA8, 0x00, 0x00, 
0x04, 0xF7, 0x76, 0x00, 0x00, 0x2F, 0xFF, 0x43, 0x00, 0x00, 0x61, 0xFF, 0x11, 0x00, 0x00, 0x93, 
0xDE, 0x00, 0x00, 0x00, 0xC6, 0xAB, 0x00, 0x00, 0x02, 0xF4, 0x78, 0x00, 0x00, 0x2A, 0xFF, 0x46, 
0x00, 0x00, 0x55, 0xF7, 0x13, 0x00, 0x00, 0x00, 0x04, 0xF0, 0x51, 0x91, 0xE8, 0xEE, 0x78, 0x09, 
0x87, 0xE4, 0xEE, 0x90, 0x00, 0x00, 0x30, 0xFF, 0xDB, 0x7F, 0x0D, 0x91, 0xFC, 0xC3, 0x8C, 0x0F, 
0x84, 0xFF, 0x29, 0x00, 0x62, 0xFF, 0x87, 0x00, 0x00, 0x60, 0xFF, 0x9B, 0x00, 0x00, 0x50, 0xFF, 
0x2E, 0x00, 0x95, 0xF4, 0x0B, 0x00, 0x00, 0x87, 0xFC, 0x17, 0x00, 0x00, 0x73, 0xFB, 0x09, 0x00, 
0xC8, 0xAD, 0x00, 0x00, 0x00, 0xB9, 0xC1, 0x00, 0x00, 0x00, 0xA6, 0xD1, 0x00, 0x03, 0xF6, 0x77, 
0x00, 0x00, 0x00, 0xEB, 0x8B, 0x00, 0x00, 0x00, 0xD9, 0x9D, 0x00, 0x2D, 0xFF, 0x44, 0x00, 0x00, 
0x1E, 0xFF, 0x58, 0x00, 0x00, 0x0E, 0xFE, 0x69, 0x00, 0x59, 0xF7, 0x11, 0x00, 0x00, 0x48, 0xF9, 
0x22, 0x00, 0x00, 0x38, 0xFB, 0x30, 0x00, 0x00, 0x04, 0xF0, 0x51, 0x90, 0xE6, 0xEE, 0x95, 0x00, 
0x00, 0x30, 0xFF, 0xDB, 0x81, 0x0E, 0x83, 0xFF, 0x36, 0x00, 0x62, 0xFF, 0x87, 0x00, 0x00, 0x4A, 
0xFF, 0x41, 0x00, 0x95, 0xF4, 0x0B, 0x00, 0x00, 0x6F, 0xFF, 0x17, 0x00, 0xC8, 0xAD, 0x00, 0x00, 
0x00, 0xA2, 0xE0, 0x00, 0x03, 0xF6, 0x77, 0x00, 0x00, 0x00, 0xD5, 0xA8, 0x00, 0x2D, 0xFF, 0x44, 
0x00, 0x00, 0x0B, 0xFD, 0x71, 0x00, 0x59, 0xF7, 0x11, 0x00, 0x00, 0x34, 0xFB, 0x35, 0x00, 0x00, 
0x00, 0x11, 0x8E, 0xDF, 0xF5, 0xD1, 0x58, 0x00, 0x00, 0x12, 0xD4, 0xBB, 0x28, 0x0E, 0x86, 0xFD, 
0x2E, 0x00, 0x98, 0xDE, 0x0A, 0x00, 0x00, 0x0F, 0xFF, 0x6A, 0x09, 0xF5, 0x77, 0x00, 0x00, 0x00, 
0x13, 0xFF, 0x65, 0x34, 0xFF, 0x43, 0x00, 0x00, 0x00, 0x4B, 0xFF, 0x2F, 0x37, 0xFF, 0x3E, 0x00, 
0x00, 0x00, 0xB9, 0xC9, 0x00, 0x0C, 0xED, 0xAC, 0x15, 0x18, 0x98, 0xEC, 0x2C, 0x00, 0x00, 0x3E, 
0xC5, 0xF2, 0xE8, 0xA5, 0x23, 0x00, 0x00, 0x00, 0x04, 0xED, 0x52, 0x8D, 0xE6, 0xEA, 0x87, 0x00, 
0x00, 0x30, 0xFF, 0xD8, 0x84, 0x0F, 0x5E, 0xFF, 0x3E, 0x00, 0x62, 0xFF, 0x89, 0x00, 0x00, 0x08, 
0xFF, 0x6B, 0x00, 0x95, 0xF4, 0x0B, 0x00, 0x00, 0x17, 0xFF, 0x5E, 0x00, 0xC8, 0xAD, 0x00, 0x00, 
0x00, 0x50, 0xFF, 0x24, 0x03, 0xF6, 0x80, 0x00, 0x00, 0x00, 0xB8, 0xBF, 0x00, 0x2D, 0xFF, 0xE9, 
0x3E, 0x0E, 0x7F, 0xF4, 0x2C, 0x00, 0x60, 0xFF, 0x65, 0xDC, 0xFA, 0xC7, 0x31, 0x00, 0x00, 0x93, 
0xDE, 0x00, 0x00, 0x00, 0x00, 0x00, 0x00, 0x00, 0xC6, 0xAD, 0x00, 0x00, 0x00, 0x00, 0x00, 0x00, 
0x00, 0xEF, 0x74, 0x00, 0x00, 0x00, 0x00, 0x00, 0x00, 0x00, 0x00, 0x00, 0x18, 0xAC, 0xF6, 0xE5, 
0x69, 0xAF, 0x8B, 0x00, 0x10, 0xDC, 0xA6, 0x18, 0x28, 0xCF, 0xFE, 0x61, 0x00, 0x8C, 0xE1, 0x08, 
0x00, 0x00, 0x4C, 0xFF, 0x2F, 0x02, 0xED, 0x82, 0x00, 0x00, 0x00, 0x7A, 0xF7, 0x04, 0x28, 0xFF, 
0x4A, 0x00, 0x00, 0x00, 0xCF, 0xCA, 0x00, 0x35, 0xFF, 0x3E, 0x00, 0x00, 0x58, 0xFF, 0x97, 0x00, 
0x12, 0xF8, 0x8F, 0x0F, 0x60, 0xDA, 0xFC, 0x65, 0x00, 0x00, 0x61, 0xE3, 0xEF, 0xA5, 0x55, 0xFF, 
0x32, 0x00, 0x00, 0x00, 0x00, 0x00, 0x00, 0x73, 0xF9, 0x06, 0x00, 0x00, 0x00, 0x00, 0x00, 0x00, 
0xA8, 0xCE, 0x00, 0x00, 0x00, 0x00, 0x00, 0x00, 0x00, 0xD3, 0x93, 0x00, 0x00, 0x00, 0x06, 0xF2, 
0x59, 0xB4, 0xF7, 0x62, 0x00, 0x33, 0xFF, 0xE0, 0x65, 0x12, 0x0B, 0x00, 0x65, 0xFF, 0x7F, 0x00, 
0x00, 0x00, 0x00, 0x97, 0xF4, 0x0A, 0x00, 0x00, 0x00, 0x00, 0xCA, 0xAD, 0x00, 0x00, 0x00, 0x00, 
0x04, 0xF7, 0x77, 0x00, 0x00, 0x00, 0x00, 0x2E, 0xFF, 0x44, 0x00, 0x00, 0x00, 0x00, 0x59, 0xF7, 
0x11, 0x00, 0x00, 0x00, 0x00, 0x00, 0x00, 0x6C, 0xD9, 0xF5, 0xA5, 0x08, 0x00, 0x60, 0xEF, 0x36, 
0x11, 0x9A, 0x3E, 0x00, 0x9C, 0xD7, 0x04, 0x00, 0x00, 0x00, 0x00, 0x42, 0xF8, 0xD5, 0x5A, 0x01, 
0x00, 0x00, 0x00, 0x20, 0x9B, 0xFE, 0x86, 0x00, 0x00, 0x00, 0x00, 0x00, 0xA3, 0xCA, 0x00, 0xA2, 
0x4E, 0x0A, 0x2F, 0xDF, 0x7E, 0x00, 0x36, 0xCC, 0xF7, 0xDB, 0x79, 0x03, 0x00, 0x00, 0x00, 0x3A, 
0xFB, 0x2B, 0x00, 0x00, 0x00, 0x00, 0x73, 0xF8, 0x05, 0x00, 0x00, 0x02, 0xF0, 0xFF, 0xFF, 0xFF, 
0xF9, 0x11, 0x00, 0x00, 0xD6, 0x9D, 0x00, 0x00, 0x00, 0x00, 0x0B, 0xFD, 0x6A, 0x00, 0x00, 0x00, 
0x00, 0x3C, 0xFF, 0x37, 0x00, 0x00, 0x00, 0x00, 0x6F, 0xFB, 0x08, 0x00, 0x00, 0x00, 0x00, 0xA0, 
0xD5, 0x00, 0x00, 0x00, 0x00, 0x00, 0xAF, 0xE2, 0x10, 0x1E, 0x00, 0x00, 0x00, 0x46, 0xE4, 0xFA, 
0x96, 0x00, 0x00, 0x00, 0x0E, 0xF5, 0x63, 0x00, 0x00, 0x00, 0xD8, 0x8F, 0x00, 0x3E, 0xFF, 0x39, 
0x00, 0x00, 0x12, 0xFF, 0x63, 0x00, 0x70, 0xFC, 0x0A, 0x00, 0x00, 0x44, 0xFF, 0x30, 0x00, 0xA1, 
0xD5, 0x00, 0x00, 0x00, 0x79, 0xF8, 0x05, 0x00, 0xD2, 0xA3, 0x00, 0x00, 0x00, 0xCC, 0xC9, 0x00, 
0x04, 0xFB, 0x7B, 0x00, 0x00, 0x56, 0xFF, 0x96, 0x00, 0x02, 0xF7, 0xA5, 0x0E, 0x5E, 0xDD, 0xF6, 
0x63, 0x00, 0x00, 0x69, 0xE8, 0xF1, 0xAB, 0x33, 0xFA, 0x2C, 0x00, 0xF2, 0x7F, 0x00, 0x00, 0x00, 
0x7B, 0xF1, 0x06, 0xD6, 0xAE, 0x00, 0x00, 0x01, 0xDE, 0x9D, 0x00, 0xAA, 0xD8, 0x00, 0x00, 0x45, 
0xFF, 0x33, 0x00, 0x7F, 0xFB, 0x06, 0x00, 0xB8, 0xBB, 0x00, 0x00, 0x53, 0xFF, 0x2B, 0x3F, 0xFE, 
0x3A, 0x00, 0x00, 0x28, 0xFF, 0x59, 0xD1, 0xA3, 0x00, 0x00, 0x00, 0x03, 0xF8, 0xE2, 0xE5, 0x15, 
0x00, 0x00, 0x00, 0x00, 0xC8, 0xF7, 0x3F, 0x00, 0x00, 0x00, 0x00, 0xC9, 0xAE, 0x00, 0x00, 0x00, 
0xC9, 0xC7, 0x00, 0x00, 0x00, 0xAF, 0xC1, 0xB5, 0xD1, 0x00, 0x00, 0x49, 0xFF, 0xEB, 0x00, 0x00, 
0x18, 0xFC, 0x69, 0x96, 0xEC, 0x00, 0x00, 0xC2, 0xD1, 0xFF, 0x08, 0x00, 0x7C, 0xF1, 0x0E, 0x78, 
0xFF, 0x08, 0x3B, 0xF3, 0x4A, 0xFF, 0x24, 0x06, 0xE4, 0x89, 0x00, 0x5A, 0xFF, 0x22, 0xB4, 0x8C, 
0x1A, 0xFF, 0x40, 0x69, 0xF3, 0x17, 0x00, 0x3B, 0xFF, 0x6B, 0xF7, 0x19, 0x02, 0xFA, 0x69, 0xE5, 
0x7B, 0x00, 0x00, 0x1D, 0xFF, 0xEC, 0x97, 0x00, 0x00, 0xDF, 0xEA, 0xD7, 0x08, 0x00, 0x00, 0x03, 
0xF0, 0xF1, 0x21, 0x00, 0x00, 0xBA, 0xF5, 0x36, 0x00, 0x00, 0x00, 0x00, 0x00, 0x98, 0xDD, 0x05, 
0x00, 0x0A, 0xC7, 0xBE, 0x00, 0x00, 0x32, 0xFF, 0x5C, 0x01, 0xAD, 0xDE, 0x15, 0x00, 0x00, 0x00, 
0xBF, 0xCF, 0x86, 0xF0, 0x2A, 0x00, 0x00, 0x00, 0x00, 0x4C, 0xFF, 0xFD, 0x47, 0x00, 0x00, 0x00, 
0x00, 0x00, 0x9E, 0xFA, 0xFF, 0x2C, 0x00, 0x00, 0x00, 0x00, 0x7D, 0xF4, 0x3B, 0xEC, 0xA0, 0x00, 
0x00, 0x00, 0x5B, 0xFD, 0x52, 0x00, 0x82, 0xFA, 0x1B, 0x00, 0x2D, 0xF5, 0x79, 0x00, 0x00, 0x15, 
0xF2, 0x7A, 0x00, 0x00, 0xEE, 0x87, 0x00, 0x00, 0x00, 0x78, 0xF3, 0x06, 0x00, 0xCB, 0xB9, 0x00, 
0x00, 0x00, 0xDA, 0xA3, 0x00, 0x00, 0x9A, 0xE6, 0x00, 0x00, 0x41, 0xFF, 0x38, 0x00, 0x00, 0x6A, 
0xFF, 0x12, 0x00, 0xB1, 0xC8, 0x00, 0x00, 0x00, 0x3A, 0xFF, 0x3E, 0x35, 0xFF, 0x46, 0x00, 0x00, 
0x00, 0x0B, 0xFD, 0x6E, 0xCA, 0xB8, 0x00, 0x00, 0x00, 0x00, 0x00, 0xD9, 0xEB, 0xF1, 0x1F, 0x00, 
0x00, 0x00, 0x00, 0x00, 0xA8, 0xFF, 0x5F, 0x00, 0x00, 0x00, 0x00, 0x00, 0x16, 0xE2, 0xA0, 0x00, 
0x00, 0x00, 0x00, 0x00, 0x05, 0xC2, 0xD1, 0x09, 0x00, 0x00, 0x00, 0x00, 0x00, 0x87, 0xE8, 0x24, 
0x00, 0x00, 0x00, 0x00, 0x00, 0x00, 0x00, 0x68, 0xFF, 0xFF, 0xFF, 0xFF, 0xCF, 0x00, 0x00, 0x00, 
0x00, 0x52, 0xFC, 0x50, 0x00, 0x00, 0x00, 0x2E, 0xF4, 0x7C, 0x00, 0x00, 0x00, 0x14, 0xDF, 0xAB, 
0x01, 0x00, 0x00, 0x05, 0xC0, 0xD1, 0x0B, 0x00, 0x00, 0x00, 0x97, 0xEB, 0x20, 0x00, 0x00, 0x00, 
0x69, 0xFB, 0x40, 0x00, 0x00, 0x00, 0x00, 0xEE, 0xFF, 0xFF, 0xFF, 0xFF, 0x9F, 0x00, 0x00, 0x00, 
0x00, 0x1A, 0xB5, 0xED, 0x00, 0x00, 0x00, 0xB4, 0xB5, 0x11, 0x00, 0x00, 0x11, 0xFE, 0x2E, 0x00, 
0x00, 0x00, 0x45, 0xF4, 0x02, 0x00, 0x00, 0x00, 0x78, 0xC6, 0x00, 0x00, 0x00, 0x00, 0xBA, 0x87, 
0x00, 0x00, 0x00, 0x50, 0xF9, 0x2B, 0x00, 0x00, 0xB4, 0xFF, 0x88, 0x00, 0x00, 0x00, 0x00, 0x7E, 
0xDB, 0x00, 0x00, 0x00, 0x00, 0x6C, 0xD8, 0x00, 0x00, 0x00, 0x00, 0x9E, 0xAA, 0x00, 0x00, 0x00, 
0x00, 0xCF, 0x79, 0x00, 0x00, 0x00, 0x01, 0xF8, 0x67, 0x00, 0x00, 0x00, 0x0A, 0xFF, 0xB5, 0x01, 
0x00, 0x00, 0x00, 0xA1, 0xF0, 0x00, 0x00, 0x00, 0x00, 0x00, 0x0E, 0xF5, 0x26, 0x00, 0x00, 0x42, 
0xF6, 0x03, 0x00, 0x00, 0x77, 0xC8, 0x00, 0x00, 0x00, 0xAC, 0x96, 0x00, 0x00, 0x00, 0xE1, 0x65, 
0x00, 0x00, 0x16, 0xFF, 0x33, 0x00, 0x00, 0x4B, 0xFA, 0x07, 0x00, 0x00, 0x80, 0xCF, 0x00, 0x00, 
0x00, 0xB5, 0x9E, 0x00, 0x00, 0x00, 0xEA, 0x6C, 0x00, 0x00, 0x1F, 0xFF, 0x3A, 0x00, 0x00, 0x54, 
0xFD, 0x0B, 0x00, 0x00, 0x89, 0xD7, 0x00, 0x00, 0x00, 0xBF, 0xA5, 0x00, 0x00, 0x00, 0xEB, 0x6C, 
0x00, 0x00, 0x00, 0x00, 0x00, 0x00, 0xF0, 0xC2, 0x0D, 0x00, 0x00, 0x00, 0x00, 0x15, 0xF9, 0x47, 
0x00, 0x00, 0x00, 0x00, 0x05, 0xFB, 0x3C, 0x00, 0x00, 0x00, 0x00, 0x31, 0xFF, 0x10, 0x00, 0x00, 
0x00, 0x00, 0x60, 0xDF, 0x00, 0x00, 0x00, 0x00, 0x00, 0x71, 0xCF, 0x00, 0x00, 0x00, 0x00, 0x00, 
0x56, 0xEE, 0x07, 0x00, 0x00, 0x00, 0x00, 0x3A, 0xFD, 0xDE, 0x14, 0x00, 0x00, 0x12, 0xEF, 0x6C, 
0x04, 0x00, 0x00, 0x00, 0x5D, 0xE7, 0x01, 0x00, 0x00, 0x00, 0x00, 0x94, 0xB0, 0x00, 0x00, 0x00, 
0x00, 0x00, 0xC6, 0x7F, 0x00, 0x00, 0x00, 0x00, 0x09, 0xF7, 0x48, 0x00, 0x00, 0x00, 0x06, 0x84, 
0xE7, 0x08, 0x00, 0x00, 0x00, 0xED, 0xD1, 0x3B, 0x00, 0x00, 0x00, 0x00, 0x1A, 0xB0, 0xF0, 0xD7, 
0x3D, 0x00, 0x07, 0xE6, 0xB4, 0x90, 0x0F, 0x69, 0xF0, 0x39, 0x56, 0xC2, 0xE9, 0x0E, 0x00, 0x00, 
0x70, 0xEB, 0xDA, 0x30, 0x00, 0x00, 0x00, 0x0E, 0xE2, 0x00, 0x00, 0x40, 0xBE, 0x00, 0x00, 0x74, 
0x8A, 0x00, 0x00, 0xA8, 0x55, 0x00, 0x00, 0xDC, 0x21, 0x00, 0x0B, 0xE8, 0x00, 0x00, 0x00, 0x00, 
0x00, 0x00, 0x00, 0x00, 0x00, 0x00, 0x00, 0x00, 0x00, 0x00, 0xDB, 0x16, 0x00, 0x1E, 0xE1, 0x00, 
0x00, 0x53, 0xAC, 0x00, 0x00, 0x88, 0x77, 0x00, 0x00, 0xBE, 0x42, 0x00, 0x00, 0xE8, 0x0F, 0x00, 
0x00, 0x00, 0x00, 0x00, 0x0A, 0x93, 0xEA, 0xF0, 0x81, 0x00, 0x00, 0x00, 0x00, 0x9E, 0xA2, 0x1B, 
0x1C, 0xBB, 0xAC, 0x00, 0x00, 0x00, 0xF3, 0x11, 0x00, 0x00, 0x00, 0x00, 0x00, 0x00, 0x00, 0xDD, 
0x79, 0x03, 0x00, 0x00, 0x00, 0x00, 0x00, 0x15, 0xDB, 0xFD, 0xDD, 0x6C, 0x04, 0x00, 0x00, 0x00, 
0x99, 0xA6, 0x12, 0x6C, 0xDE, 0xB6, 0x00, 0x00, 0x00, 0xE9, 0x18, 0x00, 0x00, 0x0E, 0xEC, 0x1F, 
0x00, 0x00, 0xEE, 0x33, 0x00, 0x00, 0x07, 0xEC, 0x11, 0x00, 0x00, 0x79, 0xF5, 0x8E, 0x27, 0xA2, 
0xAA, 0x00, 0x00, 0x00, 0x00, 0x44, 0xBF, 0xFF, 0xD4, 0x12, 0x00, 0x00, 0x00, 0x00, 0x00, 0x00, 
0x5C, 0xE2, 0x00, 0x00, 0x00, 0x00, 0x00, 0x00, 0x00, 0x1A, 0xE5, 0x00, 0x00, 0x06, 0xA0, 0x1B, 
0x0D, 0x3C, 0xC6, 0x70, 0x00, 0x00, 0x06, 0x98, 0xF1, 0xF3, 0xC8, 0x5C, 0x00, 0x00, 0x00, 0x00, 
0x00, 0x00, 0x34, 0x9D, 0xD5, 0xF4, 0xF0, 0xD4, 0x8C, 0x1A, 0x00, 0x00, 0x01, 0x83, 0xDD, 0x6A, 
0x27, 0x09, 0x13, 0x38, 0x95, 0xEA, 0x24, 0x00, 0x74, 0xC2, 0x10, 0x1B, 0xB3, 0xF7, 0xD3, 0x29, 
0x00, 0x80, 0xAC, 0x18, 0xE8, 0x18, 0x09, 0xD6, 0x75, 0x12, 0x42, 0xC7, 0x00, 0x1B, 0xED, 0x79, 
0x8C, 0x00, 0x6D, 0xA5, 0x00, 0x00, 0x00, 0x00, 0x00, 0x04, 0xFB, 0xBE, 0x3E, 0x00, 0xC1, 0x41, 
0x00, 0x00, 0x00, 0x00, 0x00, 0x16, 0xE7, 0xE8, 0x12, 0x00, 0xEE, 0x0E, 0x00, 0x00, 0x00, 0x00, 
0x00, 0x45, 0xBA, 0xFC, 0x03, 0x00, 0xF9, 0x08, 0x00, 0x00, 0x00, 0x00, 0x00, 0x96, 0x72, 0xF1, 
0x19, 0x00, 0xD3, 0x68, 0x0B, 0x46, 0xBB, 0x00, 0x1F, 0xE9, 0x12, 0xB3, 0x75, 0x00, 0x45, 0xE0, 
0xF6, 0xB5, 0x24, 0x15, 0xCB, 0x64, 0x00, 0x2C, 0xED, 0x88, 0x2B, 0x0B, 0x0B, 0x29, 0x76, 0xE1, 
0x75, 0x00, 0x00, 0x00, 0x24, 0x9A, 0xDE, 0xF6, 0xF8, 0xDC, 0x94, 0x2B, 0x00, 0x00, 0x00, 0x00, 
0x00, 0x00, 0x50, 0xC6, 0x02, 0x4E, 0xC5, 0x02, 0x00, 0x00, 0x56, 0xD6, 0x17, 0x4E, 0xD3, 0x16, 
0x00, 0x00, 0x5D, 0xDF, 0x1F, 0x4E, 0xDC, 0x1E, 0x00, 0x00, 0x16, 0xFD, 0x2F, 0x06, 0xF7, 0x2E, 
0x00, 0x00, 0x00, 0x00, 0xD8, 0x4D, 0x00, 0xC6, 0x4C, 0x00, 0x00, 0x00, 0x00, 0x7A, 0xA2, 0x00, 
0x6F, 0x9F, 0x00, 0x00, 0x00, 0x00, 0x1D, 0xE6, 0x02, 0x1A, 0xE3, 0x04, 0x00, 0x00, 0x00, 0x31, 
0xC2, 0xF7, 0xDB, 0x7D, 0x04, 0x2E, 0xE3, 0x51, 0x0D, 0x2F, 0xC9, 0x80, 0xBD, 0x55, 0x14, 0xF8, 
0xD1, 0x2B, 0xE1, 0xF6, 0x0E, 0x73, 0xFF, 0x8A, 0x0F, 0xF6, 0xE5, 0x24, 0xAB, 0x44, 0xBF, 0x58, 
0xBA, 0x87, 0xBD, 0x24, 0x0D, 0x55, 0xE3, 0x29, 0x06, 0x87, 0xE0, 0xF6, 0xB9, 0x2A, 0x00, 0x36, 
0xD0, 0xF1, 0x71, 0xD5, 0x4C, 0x2C, 0xF1, 0xEE, 0x39, 0x36, 0xDC, 0x5C, 0xE5, 0xE7, 0x4B, 0x00, 
0x00, 0x00, 0x00, 0x0B, 0xE8, 0x00, 0x00, 0x00, 0x00, 0x00, 0x00, 0x00, 0x31, 0xCE, 0x00, 0x00, 
0x00, 0x00, 0x00, 0x00, 0x00, 0x58, 0xA7, 0x00, 0x00, 0x00, 0x00, 0xE5, 0xFF, 0xFF, 0xFF, 0xFF, 
0xFF, 0xFF, 0xE3, 0x00, 0x00, 0x00, 0x00, 0xA8, 0x57, 0x00, 0x00, 0x00, 0x00, 0x00, 0x00, 0x00, 
0xCF, 0x30, 0x00, 0x00, 0x00, 0x00, 0x00, 0x00, 0x00, 0xE8, 0x0B, 0x00, 0x00, 0x00, 0x00, 0x00, 
0x00, 0x00, 0x00, 0x00, 0x00, 0x00, 0x00, 0xE7, 0xFF, 0xFF, 0xFF, 0xFF, 0xFF, 0xFF, 0xE2, 0x00, 
0x00, 0x00, 0x33, 0xD2, 0x03, 0x00, 0x20, 0xD0, 0x23, 0x00, 0x05, 0xC4, 0x35, 0x00, 0x00, 0x00, 
0x00, 0x01, 0xE2, 0x1C, 0x01, 0xE6, 0x1C, 0x00, 0x00, 0x00, 0x00, 0xA0, 0x77, 0x00, 0xA3, 0x77, 
0x00, 0x00, 0x00, 0x00, 0x4D, 0xD4, 0x00, 0x4E, 0xD4, 0x00, 0x00, 0x00, 0x00, 0x2F, 0xFE, 0x13, 
0x2F, 0xFE, 0x14, 0x00, 0x00, 0x1E, 0xDF, 0x60, 0x1F, 0xE0, 0x60, 0x00, 0x00, 0x16, 0xD5, 0x59, 
0x17, 0xD6, 0x59, 0x00, 0x00, 0x02, 0xC7, 0x50, 0x03, 0xCB, 0x50, 0x00, 0x00, 0x00, 0x00, 0x00, 
0x03, 0x00, 0x00, 0x00, 0x00, 0x00, 0x08, 0x00, 0x00, 0x02, 0xD9, 0x39, 0x00, 0x00, 0x00, 0x7E, 
0xF3, 0x09, 0x00, 0x00, 0x7B, 0xED, 0x29, 0x03, 0x98, 0xF6, 0x55, 0x00, 0x00, 0x00, 0x00, 0xA9, 
0xE2, 0xB3, 0xE7, 0x35, 0x00, 0x00, 0x00, 0x00, 0x00, 0x25, 0xFB, 0xFB, 0x26, 0x00, 0x00, 0x00, 
0x00, 0x00, 0x32, 0xE5, 0xAD, 0xED, 0xA4, 0x00, 0x00, 0x00, 0x00, 0x51, 0xEF, 0x6E, 0x00, 0x52, 
0xFF, 0x74, 0x00, 0x00, 0x0F, 0xDC, 0x38, 0x00, 0x00, 0x00, 0x9B, 0xCF, 0x00, 0x00, 0x00, 0x04, 
0x00, 0x00, 0x00, 0x00, 0x04, 0x04, 0x00, 0x00, 0x00, 0x00, 0x00, 0x00, 0xB3, 0xEF, 0x02, 0x00, 
0x00, 0x00, 0x00, 0x04, 0xEC, 0xC9, 0x00, 0x00, 0x00, 0x00, 0x00, 0x00, 0x00, 0x00, 0x00, 0x00, 
0x00, 0x00, 0x00, 0x00, 0x00, 0x00, 0x00, 0x00, 0x0D, 0xFF, 0xFF, 0xFF, 0xFF, 0xFF, 0xFF, 0xE8, 
0x00, 0x00, 0x00, 0x00, 0x00, 0x00, 0x00, 0x00, 0x00, 0x00, 0x00, 0x00, 0x00, 0x00, 0x00, 0x00, 
0x00, 0x00, 0x00, 0xC8, 0xEA, 0x02, 0x00, 0x00, 0x00, 0x00, 0x03, 0xF2, 0xB7, 0x00, 0x00, 0x00, 
0x00, 0x00, 0x00, 0x00, 0x38, 0x13, 0x00, 0x0E, 0x3C, 0x00, 0x00, 0x00, 0x00, 0x2E, 0xFF, 0x71, 
0x00, 0x8E, 0xFF, 0x15, 0x00, 0x00, 0x00, 0x0E, 0x66, 0x12, 0x00, 0x34, 0x53, 0x00, 0x00, 0x00, 
0x00, 0x51, 0x60, 0x60, 0x60, 0x60, 0x5F, 0x08, 0x00, 0x00, 0x33, 0xFF, 0xEA, 0xE4, 0xE4, 0xE4, 
0xDB, 0x0B, 0x00, 0x00, 0x69, 0xFF, 0x1B, 0x00, 0x00, 0x00, 0x00, 0x00, 0x00, 0x00, 0x9C, 0xE6, 
0x00, 0x00, 0x00, 0x00, 0x00, 0x00, 0x00, 0x00, 0xCF, 0xB1, 0x00, 0x00, 0x00, 0x00, 0x00, 0x00, 
0x00, 0x07, 0xFA, 0xCB, 0x8C, 0x8C, 0x8C, 0x47, 0x00, 0x00, 0x00, 0x36, 0xFF, 0xBF, 0xAC, 0xAC, 
0xAC, 0x44, 0x00, 0x00, 0x00, 0x69, 0xFF, 0x18, 0x00, 0x00, 0x00, 0x00, 0x00, 0x00, 0x00, 0x9C, 
0xE4, 0x00, 0x00, 0x00, 0x00, 0x00, 0x00, 0x00, 0x00, 0xCF, 0xB0, 0x00, 0x00, 0x00, 0x00, 0x00, 
0x00, 0x00, 0x07, 0xFA, 0xA2, 0x40, 0x40, 0x40, 0x3F, 0x06, 0x00, 0x00, 0x25, 0xFE, 0xFF, 0xFF, 
0xFF, 0xFF, 0xFA, 0x16, 0x00, 0x00, 0x00, 0x00, 0x00, 0x00, 0x00, 0x00, 0x91, 0xFD, 0x87, 0x00, 
0x00, 0x00, 0x00, 0x00, 0x00, 0x00, 0x30, 0xFD, 0xE6, 0xBD, 0x00, 0x00, 0x00, 0x00, 0x00, 0x00, 
0x00, 0xC0, 0xB8, 0x8B, 0xEB, 0x00, 0x00, 0x00, 0x00, 0x00, 0x00, 0x55, 0xFD, 0x2D, 0x62, 0xFF, 
0x18, 0x00, 0x00, 0x00, 0x00, 0x08, 0xDF, 0x9D, 0x00, 0x3A, 0xFF, 0x46, 0x00, 0x00, 0x00, 0x00, 
0x7C, 0xF5, 0x1A, 0x00, 0x11, 0xFF, 0x73, 0x00, 0x00, 0x00, 0x1B, 0xF4, 0x82, 0x00, 0x00, 0x00, 
0xE8, 0xA1, 0x00, 0x00, 0x00, 0xA3, 0xFF, 0xFF, 0xFF, 0xFF, 0xFF, 0xFF, 0xCE, 0x00, 0x00, 0x37, 
0xFE, 0x5D, 0x00, 0x00, 0x00, 0x00, 0x8C, 0xF8, 0x04, 0x01, 0xC8, 0xD0, 0x02, 0x00, 0x00, 0x00, 
0x00, 0x63, 0xFF, 0x29, 0x4B, 0xFA, 0x46, 0x00, 0x00, 0x00, 0x00, 0x00, 0x36, 0xFD, 0x49, 0x00, 
0x03, 0xE8, 0xFF, 0xFF, 0xFF, 0xFF, 0xFF, 0xE1, 0x00, 0x2E, 0xFF, 0x45, 0x00, 0x00, 0x00, 0x00, 
0x00, 0x00, 0x62, 0xFF, 0x13, 0x00, 0x00, 0x00, 0x00, 0x00, 0x00, 0x97, 0xDF, 0x00, 0x00, 0x00, 
0x00, 0x00, 0x00, 0x00, 0xCB, 0xAD, 0x00, 0x00, 0x00, 0x00, 0x00, 0x00, 0x05, 0xF8, 0xFF, 0xFF, 
0xFC, 0xE8, 0xA0, 0x15, 0x00, 0x33, 0xFF, 0x46, 0x00, 0x03, 0x1C, 0x93, 0xC0, 0x00, 0x68, 0xFF, 
0x14, 0x00, 0x00, 0x00, 0x10, 0xF7, 0x00, 0x9C, 0xE2, 0x00, 0x00, 0x00, 0x00, 0x45, 0xC7, 0x00, 
0xD0, 0xB0, 0x00, 0x01, 0x11, 0x5A, 0xE0, 0x39, 0x00, 0xF5, 0xFF, 0xFF, 0xF9, 0xE0, 0x9F, 0x29, 
0x00, 0x00, 0x00, 0x00, 0x24, 0xF4, 0xFF, 0xFF, 0xF7, 0xC8, 0x44, 0x00, 0x00, 0x00, 0x66, 0xFF, 
0x13, 0x00, 0x20, 0xC8, 0xF4, 0x08, 0x00, 0x00, 0x99, 0xE1, 0x00, 0x00, 0x00, 0x7A, 0xFF, 0x1F, 
0x00, 0x00, 0xCD, 0xB0, 0x00, 0x00, 0x00, 0xB1, 0xE2, 0x03, 0x00, 0x06, 0xF9, 0x80, 0x00, 0x14, 
0x74, 0xF7, 0x48, 0x00, 0x00, 0x33, 0xFF, 0xFF, 0xFF, 0xFF, 0xFF, 0xA3, 0x09, 0x00, 0x00, 0x67, 
0xFF, 0x12, 0x00, 0x0A, 0x56, 0xFA, 0x94, 0x00, 0x00, 0x9A, 0xE0, 0x00, 0x00, 0x00, 0x00, 0xD0, 
0xC9, 0x00, 0x00, 0xCD, 0xAE, 0x00, 0x00, 0x00, 0x10, 0xF2, 0x99, 0x00, 0x06, 0xF9, 0x7C, 0x00, 
0x05, 0x2F, 0xBE, 0xE6, 0x1D, 0x00, 0x22, 0xFC, 0xFF, 0xFF, 0xFA, 0xDF, 0x94, 0x17, 0x00, 0x00, 
0x00, 0x04, 0xE9, 0xFF, 0xFF, 0xFF, 0xFF, 0xE5, 0x00, 0x2E, 0xFF, 0x43, 0x00, 0x00, 0x00, 0x00, 
0x00, 0x61, 0xFF, 0x13, 0x00, 0x00, 0x00, 0x00, 0x00, 0x93, 0xE3, 0x00, 0x00, 0x00, 0x00, 0x00, 
0x00, 0xC5, 0xB3, 0x00, 0x00, 0x00, 0x00, 0x00, 0x02, 0xF4, 0x83, 0x00, 0x00, 0x00, 0x00, 0x00, 
0x2A, 0xFF, 0x53, 0x00, 0x00, 0x00, 0x00, 0x00, 0x5D, 0xFF, 0x23, 0x00, 0x00, 0x00, 0x00, 0x00, 
0x8F, 0xF1, 0x01, 0x00, 0x00, 0x00, 0x00, 0x00, 0xC2, 0xC3, 0x00, 0x00, 0x00, 0x00, 0x00, 0x00, 
0xED, 0x88, 0x00, 0x00, 0x00, 0x00, 0x00, 0x00, 0x00, 0x00, 0x00, 0x00, 0x00, 0x4C, 0xFA, 0xFF, 
0xFF, 0xFF, 0xFF, 0xEF, 0x00, 0x00, 0x00, 0x00, 0x00, 0xB7, 0xC7, 0x00, 0x00, 0x00, 0xC4, 0xCE, 
0x00, 0x00, 0x00, 0x00, 0x16, 0xFB, 0x4E, 0x00, 0x00, 0x03, 0xF5, 0x98, 0x00, 0x00, 0x00, 0x00, 
0x71, 0xD1, 0x01, 0x00, 0x00, 0x30, 0xFF, 0x61, 0x00, 0x00, 0x00, 0x00, 0xCF, 0x57, 0x00, 0x00, 
0x00, 0x66, 0xFF, 0x2B, 0x00, 0x00, 0x00, 0x2B, 0xE2, 0x03, 0x00, 0x00, 0x00, 0x9C, 0xF2, 0x02, 
0x00, 0x00, 0x00, 0x88, 0x81, 0x00, 0x00, 0x00, 0x00, 0xD3, 0xBE, 0x00, 0x00, 0x00, 0x06, 0xE2, 
0x1E, 0x00, 0x00, 0x00, 0x0B, 0xFC, 0x87, 0x00, 0x00, 0x00, 0x68, 0x9A, 0x00, 0x00, 0x00, 0x00, 
0x3F, 0xFF, 0x51, 0x00, 0x00, 0x1F, 0xD1, 0x13, 0x00, 0x00, 0x00, 0x00, 0x75, 0xFF, 0x1B, 0x00, 
0x17, 0xFC, 0xFF, 0xFF, 0xFF, 0xFF, 0xFF, 0xFF, 0xFF, 0xFF, 0xE6, 0x00, 0x5F, 0xF3, 0x07, 0x00, 
0x00, 0x00, 0x00, 0x00, 0x00, 0x9C, 0xA1, 0x00, 0xA7, 0xAB, 0x00, 0x00, 0x00, 0x00, 0x00, 0x00, 
0x01, 0xE8, 0x59, 0x00, 0xE6, 0x55, 0x00, 0x00, 0x00, 0x00, 0x00, 0x00, 0x2F, 0xFB, 0x14, 0x00, 
0x00, 0x00, 0x24, 0xF6, 0xFF, 0xFF, 0xFF, 0xFF, 0xF7, 0x0A, 0x00, 0x00, 0x66, 0xFF, 0x1D, 0x00, 
0x00, 0x00, 0x00, 0x00, 0x00, 0x00, 0x99, 0xE9, 0x00, 0x00, 0x00, 0x00, 0x00, 0x00, 0x00, 0x00, 
0xCD, 0xB5, 0x00, 0x00, 0x00, 0x00, 0x00, 0x00, 0x00, 0x06, 0xF9, 0x81, 0x00, 0x00, 0x00, 0x00, 
0x00, 0x00, 0x00, 0x33, 0xFF, 0xFF, 0xFF, 0xFF, 0xFF, 0x59, 0x00, 0x00, 0x00, 0x67, 0xFF, 0x19, 
0x00, 0x00, 0x00, 0x00, 0x00, 0x00, 0x00, 0x9A, 0xE5, 0x00, 0x00, 0x00, 0x00, 0x00, 0x00, 0x00, 
0x00, 0xCD, 0xB1, 0x00, 0x00, 0x00, 0x00, 0x00, 0x00, 0x00, 0x06, 0xF9, 0x7D, 0x00, 0x00, 0x00, 
0x00, 0x00, 0x00, 0x00, 0x25, 0xFE, 0xFF, 0xFF, 0xFF, 0xFF, 0xFB, 0x17, 0x00, 0x00, 0x00, 0x00, 
0x00, 0xE7, 0x81, 0x00, 0x00, 0x00, 0x0D, 0xF5, 0x52, 0x00, 0x00, 0x2B, 0xEF, 0x53, 0x00, 0x00, 
0x00, 0xB1, 0xD1, 0x00, 0x00, 0x00, 0x3C, 0xFF, 0x2D, 0x00, 0x02, 0xC8, 0xBB, 0x01, 0x00, 0x00, 
0x00, 0x5A, 0xFF, 0x1F, 0x00, 0x00, 0x6D, 0xF9, 0x04, 0x00, 0x71, 0xF0, 0x1D, 0x00, 0x00, 0x00, 
0x00, 0x10, 0xFD, 0x6E, 0x00, 0x00, 0x9E, 0xCE, 0x00, 0x1C, 0xF4, 0x60, 0x00, 0x00, 0x00, 0x00, 
0x00, 0x00, 0xCD, 0xE2, 0x34, 0x04, 0xCF, 0x9F, 0x20, 0xC5, 0x9F, 0x00, 0x00, 0x00, 0x00, 0x00, 
0x00, 0x0B, 0x9D, 0xFF, 0xFF, 0xFF, 0xFF, 0xFF, 0xFF, 0xB6, 0x0D, 0x00, 0x00, 0x00, 0x00, 0x00, 
0x1C, 0xDC, 0xD8, 0x55, 0x16, 0x32, 0xFF, 0x40, 0x18, 0xA7, 0xDC, 0x11, 0x00, 0x00, 0x00, 0x01, 
0xC5, 0xD6, 0x0E, 0x00, 0x00, 0x62, 0xFF, 0x12, 0x00, 0x1B, 0xFF, 0x6D, 0x00, 0x00, 0x00, 0x48, 
0xFF, 0x50, 0x00, 0x00, 0x00, 0x93, 0xE3, 0x00, 0x00, 0x00, 0xCA, 0xCE, 0x00, 0x00, 0x00, 0xB0, 
0xE6, 0x04, 0x00, 0x00, 0x00, 0xC4, 0xB5, 0x00, 0x00, 0x00, 0x6D, 0xFF, 0x3A, 0x00, 0x17, 0xF9, 
0x7D, 0x00, 0x00, 0x00, 0x00, 0xEE, 0x7C, 0x00, 0x00, 0x00, 0x14, 0xFC, 0x79, 0x00, 0x00, 0x00, 
0x20, 0x9D, 0xE6, 0xF2, 0xBF, 0x2E, 0x00, 0x00, 0xB7, 0x52, 0x10, 0x12, 0x80, 0xD1, 0x00, 0x00, 
0x00, 0x00, 0x00, 0x00, 0x0A, 0xF2, 0x00, 0x00, 0x00, 0x00, 0x00, 0x00, 0x4C, 0xB0, 0x00, 0x00, 
0x00, 0x01, 0x1B, 0x6A, 0xC4, 0x1E, 0x00, 0x00, 0xEC, 0xFF, 0xFF, 0xBE, 0x10, 0x00, 0x00, 0x00, 
0x00, 0x01, 0x1A, 0x92, 0xB0, 0x00, 0x00, 0x00, 0x00, 0x00, 0x00, 0x0C, 0xF6, 0x00, 0x00, 0x00, 
0x00, 0x00, 0x00, 0x41, 0xD3, 0x00, 0xCF, 0x55, 0x0D, 0x17, 0x5D, 0xE5, 0x4E, 0x00, 0x4D, 0xCC, 
0xF9, 0xF1, 0xBA, 0x40, 0x00, 0x00, 0x00, 0x0D, 0xF6, 0x5C, 0x00, 0x00, 0x00, 0x00, 0x39, 0xF2, 
0x60, 0x00, 0x3C, 0xFF, 0x36, 0x00, 0x00, 0x00, 0x24, 0xEB, 0xFF, 0x39, 0x00, 0x6D, 0xFD, 0x0A, 
0x00, 0x00, 0x14, 0xDB, 0xF2, 0xFE, 0x0B, 0x00, 0x9D, 0xD8, 0x00, 0x00, 0x08, 0xC5, 0xCB, 0xA5, 
0xDA, 0x00, 0x00, 0xCE, 0xAA, 0x00, 0x01, 0xAB, 0xE3, 0x1A, 0xCE, 0xAB, 0x00, 0x05, 0xF9, 0x7B, 
0x00, 0x8C, 0xF1, 0x2E, 0x04, 0xF8, 0x7C, 0x00, 0x2F, 0xFF, 0x4D, 0x69, 0xFA, 0x44, 0x00, 0x2E, 
0xFF, 0x4C, 0x00, 0x60, 0xFF, 0x64, 0xFB, 0x5F, 0x00, 0x00, 0x60, 0xFF, 0x1D, 0x00, 0x90, 0xFD, 
0xEE, 0x7D, 0x00, 0x00, 0x00, 0x91, 0xED, 0x00, 0x00, 0xC1, 0xFF, 0x9C, 0x00, 0x00, 0x00, 0x00, 
0xC2, 0xBE, 0x00, 0x00, 0xEB, 0xB0, 0x04, 0x00, 0x00, 0x00, 0x00, 0xEC, 0x86, 0x00, 0x00, 0x00, 
0x00, 0x00, 0x00, 0x00, 0x77, 0x4D, 0x00, 0x00, 0x73, 0x5C, 0x00, 0x00, 0x00, 0x00, 0x00, 0x00, 
0xC4, 0xB9, 0x23, 0x58, 0xFA, 0x51, 0x00, 0x00, 0x00, 0x00, 0x00, 0x00, 0x3A, 0xC8, 0xEC, 0xD1, 
0x61, 0x00, 0x00, 0x00, 0x00, 0x05, 0x64, 0x28, 0x00, 0x00, 0x00, 0x00, 0x05, 0x61, 0x2A, 0x00, 
0x00, 0x36, 0xFF, 0x4E, 0x00, 0x00, 0x00, 0x00, 0x9F, 0xFF, 0x51, 0x00, 0x00, 0x69, 0xFF, 0x1B, 
0x00, 0x00, 0x00, 0x7C, 0xFF, 0xFF, 0x1E, 0x00, 0x00, 0x9D, 0xE8, 0x00, 0x00, 0x00, 0x58, 0xFE, 
0xDA, 0xEB, 0x00, 0x00, 0x00, 0xD0, 0xB5, 0x00, 0x00, 0x3A, 0xF8, 0x8B, 0xC5, 0xB8, 0x00, 0x00, 
0x08, 0xFB, 0x82, 0x00, 0x23, 0xEB, 0xB0, 0x07, 0xF8, 0x85, 0x00, 0x00, 0x37, 0xFF, 0x50, 0x11, 
0xD8, 0xCA, 0x0A, 0x31, 0xFF, 0x51, 0x00, 0x00, 0x6A, 0xFF, 0x21, 0xBF, 0xDE, 0x17, 0x00, 0x63, 
0xFF, 0x1E, 0x00, 0x00, 0x9D, 0xE1, 0x9D, 0xEE, 0x28, 0x00, 0x00, 0x96, 0xEB, 0x00, 0x00, 0x00, 
0xD1, 0xF2, 0xF9, 0x3E, 0x00, 0x00, 0x00, 0xC9, 0xB8, 0x00, 0x00, 0x08, 0xFB, 0xFE, 0x5A, 0x00, 
0x00, 0x00, 0x04, 0xF7, 0x85, 0x00, 0x00, 0x34, 0xFF, 0x78, 0x00, 0x00, 0x00, 0x00, 0x2B, 0xFF, 
0x4E, 0x00, 0x00, 0x00, 0x08, 0x00, 0x00, 0x00, 0x00, 0x00, 0x00, 0x08, 0x00, 0x00, 0x00, 0x00, 
0x0D, 0xF4, 0x5A, 0x00, 0x00, 0x00, 0x2D, 0xF8, 0x67, 0x00, 0x3C, 0xFF, 0x35, 0x00, 0x00, 0x16, 
0xE0, 0xAF, 0x02, 0x00, 0x6D, 0xFC, 0x09, 0x00, 0x05, 0xC6, 0xCA, 0x0A, 0x00, 0x00, 0x9E, 0xD6, 
0x00, 0x00, 0x72, 0xFC, 0x26, 0x00, 0x00, 0x00, 0xCF, 0xA7, 0x0E, 0x67, 0xFA, 0x84, 0x00, 0x00, 
0x00, 0x06, 0xF9, 0xFF, 0xFF, 0xFF, 0xCB, 0x12, 0x00, 0x00, 0x00, 0x31, 0xFF, 0x48, 0x0A, 0x3E, 
0xD5, 0xDD, 0x0D, 0x00, 0x00, 0x62, 0xFF, 0x1A, 0x00, 0x00, 0x33, 0xFF, 0x67, 0x00, 0x00, 0x93, 
0xEB, 0x00, 0x00, 0x00, 0x00, 0xD1, 0xCC, 0x00, 0x00, 0xC4, 0xBD, 0x00, 0x00, 0x00, 0x00, 0x70, 
0xFF, 0x34, 0x00, 0xEE, 0x84, 0x00, 0x00, 0x00, 0x00, 0x1B, 0xFA, 0x73, 0x00, 0x00, 0x00, 0x00, 
0x00, 0x00, 0x4C, 0xFD, 0xFF, 0xFF, 0xFF, 0xFF, 0x84, 0x00, 0x00, 0x00, 0x00, 0x00, 0xB3, 0xC3, 
0x00, 0x00, 0x1A, 0xFF, 0x64, 0x00, 0x00, 0x00, 0x00, 0x16, 0xFB, 0x6C, 0x00, 0x00, 0x4F, 0xFF, 
0x30, 0x00, 0x00, 0x00, 0x00, 0x74, 0xF6, 0x13, 0x00, 0x00, 0x84, 0xF7, 0x04, 0x00, 0x00, 0x00, 
0x00, 0xD6, 0x98, 0x00, 0x00, 0x00, 0xB8, 0xC8, 0x00, 0x00, 0x00, 0x00, 0x3A, 0xFB, 0x21, 0x00, 
0x00, 0x00, 0xEC, 0x94, 0x00, 0x00, 0x00, 0x00, 0x9B, 0xA5, 0x00, 0x00, 0x00, 0x22, 0xFF, 0x60, 
0x00, 0x00, 0x00, 0x0F, 0xF3, 0x33, 0x00, 0x00, 0x00, 0x56, 0xFF, 0x2C, 0x00, 0x00, 0x00, 0x86, 
0xB7, 0x00, 0x00, 0x00, 0x00, 0x8B, 0xF5, 0x03, 0x00, 0x02, 0x4D, 0xEE, 0x27, 0x00, 0x00, 0x00, 
0x00, 0xBF, 0xC4, 0x00, 0x00, 0xD1, 0xCF, 0x39, 0x00, 0x00, 0x00, 0x00, 0x00, 0xE9, 0x8A, 0x00, 
0x00, 0x00, 0x00, 0x27, 0xF5, 0xF9, 0x51, 0x00, 0x00, 0x00, 0x00, 0x00, 0x00, 0x69, 0xF7, 0xFB, 
0x15, 0x00, 0x00, 0x67, 0xFE, 0xDC, 0xA0, 0x00, 0x00, 0x00, 0x00, 0x00, 0x24, 0xF7, 0xDA, 0xF2, 
0x02, 0x00, 0x00, 0x9B, 0xD9, 0x9B, 0xD7, 0x00, 0x00, 0x00, 0x00, 0x00, 0xBE, 0xB8, 0xB6, 0xC1, 
0x00, 0x00, 0x00, 0xCE, 0xA6, 0x67, 0xFE, 0x10, 0x00, 0x00, 0x00, 0x62, 0xF6, 0x22, 0xE8, 0x8F, 
0x00, 0x00, 0x06, 0xFA, 0x73, 0x32, 0xFF, 0x45, 0x00, 0x00, 0x16, 0xED, 0x79, 0x1C, 0xFF, 0x5C, 
0x00, 0x00, 0x34, 0xFF, 0x41, 0x05, 0xF7, 0x7C, 0x00, 0x00, 0xA6, 0xD4, 0x05, 0x4E, 0xFF, 0x29, 
0x00, 0x00, 0x67, 0xFE, 0x0F, 0x00, 0xC9, 0xB4, 0x00, 0x48, 0xFE, 0x3B, 0x00, 0x81, 0xF4, 0x02, 
0x00, 0x00, 0x9B, 0xDB, 0x00, 0x00, 0x94, 0xEB, 0x0B, 0xDF, 0x99, 0x00, 0x00, 0xB4, 0xC3, 0x00, 
0x00, 0x00, 0xCE, 0xA8, 0x00, 0x00, 0x5F, 0xFF, 0xAE, 0xE8, 0x10, 0x00, 0x00, 0xE7, 0x91, 0x00, 
0x00, 0x06, 0xFA, 0x76, 0x00, 0x00, 0x2B, 0xFF, 0xFF, 0x5A, 0x00, 0x00, 0x19, 0xFF, 0x5E, 0x00, 
0x00, 0x2D, 0xFB, 0x3D, 0x00, 0x00, 0x02, 0xEA, 0xB2, 0x00, 0x00, 0x00, 0x44, 0xF9, 0x27, 0x00, 
0x00, 0x00, 0x00, 0x2F, 0xF8, 0x46, 0x00, 0x00, 0x00, 0x00, 0x7B, 0xEF, 0x01, 0x00, 0x00, 0x68, 
0xFF, 0x1D, 0x00, 0x00, 0x00, 0x00, 0xB8, 0xC8, 0x00, 0x00, 0x00, 0x9B, 0xEA, 0x00, 0x00, 0x00, 
0x00, 0x00, 0xEB, 0x95, 0x00, 0x00, 0x00, 0xCF, 0xB7, 0x00, 0x00, 0x00, 0x00, 0x1F, 0xFF, 0x62, 
0x00, 0x00, 0x07, 0xFA, 0x85, 0x00, 0x00, 0x00, 0x00, 0x52, 0xFF, 0x2F, 0x00, 0x00, 0x36, 0xFF, 
0xFF, 0xFF, 0xFF, 0xFF, 0xFF, 0xFF, 0xF7, 0x04, 0x00, 0x00, 0x69, 0xFF, 0x19, 0x00, 0x00, 0x00, 
0x00, 0xBA, 0xC8, 0x00, 0x00, 0x00, 0x9D, 0xE6, 0x00, 0x00, 0x00, 0x00, 0x00, 0xEC, 0x95, 0x00, 
0x00, 0x00, 0xD0, 0xB3, 0x00, 0x00, 0x00, 0x00, 0x21, 0xFF, 0x62, 0x00, 0x00, 0x08, 0xFB, 0x7F, 
0x00, 0x00, 0x00, 0x00, 0x54, 0xFF, 0x2F, 0x00, 0x00, 0x31, 0xFC, 0x46, 0x00, 0x00, 0x00, 0x00, 
0x7F, 0xEF, 0x04, 0x00, 0x00, 0x00, 0x00, 0x00, 0x42, 0xBA, 0xEF, 0xF5, 0xD3, 0x7C, 0x08, 0x00, 
0x00, 0x00, 0x98, 0xF1, 0x66, 0x11, 0x11, 0x5A, 0xF2, 0xB3, 0x00, 0x00, 0x7C, 0xF7, 0x2C, 0x00, 
0x00, 0x00, 0x00, 0x7E, 0xFF, 0x1D, 0x19, 0xF6, 0x7C, 0x00, 0x00, 0x00, 0x00, 0x00, 0x4A, 0xFF, 
0x44, 0x7E, 0xFB, 0x17, 0x00, 0x00, 0x00, 0x00, 0x00, 0x4F, 0xFF, 0x3E, 0xC2, 0xCE, 0x00, 0x00, 
0x00, 0x00, 0x00, 0x00, 0x78, 0xFF, 0x19, 0xE7, 0xA5, 0x00, 0x00, 0x00, 0x00, 0x00, 0x00, 0xBB, 
0xD4, 0x00, 0xED, 0xA0, 0x00, 0x00, 0x00, 0x00, 0x00, 0x28, 0xFE, 0x67, 0x00, 0xC8, 0xD1, 0x00, 
0x00, 0x00, 0x00, 0x06, 0xC5, 0xCE, 0x06, 0x00, 0x53, 0xFF, 0x8C, 0x1C, 0x07, 0x3A, 0xCD, 0xD8, 
0x1A, 0x00, 0x00, 0x00, 0x51, 0xC6, 0xED, 0xF7, 0xD2, 0x74, 0x06, 0x00, 0x00, 0x00, 0x00, 0x04, 
0xEB, 0xFF, 0xFF, 0xFF, 0xFF, 0xFF, 0xFF, 0xFF, 0x83, 0x00, 0x2E, 0xFF, 0x3F, 0x00, 0x00, 0x00, 
0x00, 0x1A, 0xFF, 0x64, 0x00, 0x61, 0xFF, 0x10, 0x00, 0x00, 0x00, 0x00, 0x4F, 0xFF, 0x31, 0x00, 
0x93, 0xE0, 0x00, 0x00, 0x00, 0x00, 0x00, 0x84, 0xF8, 0x05, 0x00, 0xC5, 0xB0, 0x00, 0x00, 0x00, 
0x00, 0x00, 0xB8, 0xC9, 0x00, 0x02, 0xF4, 0x81, 0x00, 0x00, 0x00, 0x00, 0x00, 0xEC, 0x96, 0x00, 
0x2A, 0xFF, 0x51, 0x00, 0x00, 0x00, 0x00, 0x22, 0xFF, 0x62, 0x00, 0x5D, 0xFF, 0x21, 0x00, 0x00, 
0x00, 0x00, 0x56, 0xFF, 0x2E, 0x00, 0x8F, 0xF1, 0x01, 0x00, 0x00, 0x00, 0x00, 0x8B, 0xF6, 0x04, 
0x00, 0xC2, 0xC2, 0x00, 0x00, 0x00, 0x00, 0x00, 0xBF, 0xC7, 0x00, 0x00, 0xED, 0x88, 0x00, 0x00, 
0x00, 0x00, 0x00, 0xEE, 0x86, 0x00, 0x00, 0x00, 0x00, 0x25, 0xF3, 0xFF, 0xFF, 0xF6, 0xC4, 0x3B, 
0x00, 0x00, 0x00, 0x68, 0xFF, 0x1A, 0x00, 0x1A, 0xBC, 0xF1, 0x11, 0x00, 0x00, 0x9C, 0xE8, 0x00, 
0x00, 0x00, 0x4E, 0xFF, 0x41, 0x00, 0x00, 0xCF, 0xB5, 0x00, 0x00, 0x00, 0x5D, 0xFF, 0x2B, 0x00, 
0x07, 0xFA, 0x83, 0x00, 0x00, 0x00, 0xB8, 0xD6, 0x00, 0x00, 0x36, 0xFF, 0x51, 0x01, 0x1F, 0x97, 
0xF4, 0x3A, 0x00, 0x00, 0x6A, 0xFF, 0xFF, 0xFD, 0xE4, 0xA9, 0x2D, 0x00, 0x00, 0x00, 0x9D, 0xE5, 
0x00, 0x00, 0x00, 0x00, 0x00, 0x00, 0x00, 0x00, 0xD0, 0xB2, 0x00, 0x00, 0x00, 0x00, 0x00, 0x00, 
0x00, 0x08, 0xFB, 0x7F, 0x00, 0x00, 0x00, 0x00, 0x00, 0x00, 0x00, 0x30, 0xFC, 0x46, 0x00, 0x00, 
0x00, 0x00, 0x00, 0x00, 0x00, 0x00, 0x00, 0x00, 0x41, 0xBC, 0xF3, 0xF4, 0xCC, 0x69, 0x00, 0x00, 
0x00, 0x8E, 0xF3, 0x6B, 0x10, 0x11, 0x56, 0xCF, 0x01, 0x00, 0x76, 0xF9, 0x3A, 0x00, 0x00, 0x00, 
0x00, 0x00, 0x00, 0x1B, 0xF4, 0x88, 0x00, 0x00, 0x00, 0x00, 0x00, 0x00, 0x00, 0x79, 0xFE, 0x19, 
0x00, 0x00, 0x00, 0x00, 0x00, 0x00, 0x00, 0xC3, 0xD1, 0x00, 0x00, 0x00, 0x00, 0x00, 0x00, 0x00, 
0x00, 0xE4, 0xAD, 0x00, 0x00, 0x00, 0x00, 0x00, 0x00, 0x00, 0x00, 0xEB, 0xAF, 0x00, 0x00, 0x00, 
0x00, 0x00, 0x00, 0x00, 0x00, 0xBE, 0xE4, 0x06, 0x00, 0x00, 0x00, 0x00, 0x00, 0x00, 0x00, 0x3B, 
0xFE, 0xA5, 0x20, 0x0B, 0x38, 0xA5, 0x56, 0x00, 0x00, 0x00, 0x40, 0xC0, 0xEE, 0xF4, 0xCC, 0x79, 
0x07, 0x00, 0x00, 0x88, 0xFF, 0xFF, 0xFF, 0xFF, 0xFF, 0xFF, 0xFF, 0xE7, 0x00, 0x00, 0x00, 0x4A, 
0xFF, 0x39, 0x00, 0x00, 0x00, 0x00, 0x00, 0x00, 0x7D, 0xFC, 0x0A, 0x00, 0x00, 0x00, 0x00, 0x00, 
0x00, 0xB0, 0xD3, 0x00, 0x00, 0x00, 0x00, 0x00, 0x00, 0x00, 0xE3, 0x9F, 0x00, 0x00, 0x00, 0x00, 
0x00, 0x00, 0x16, 0xFF, 0x6C, 0x00, 0x00, 0x00, 0x00, 0x00, 0x00, 0x49, 0xFF, 0x38, 0x00, 0x00, 
0x00, 0x00, 0x00, 0x00, 0x7C, 0xFB, 0x09, 0x00, 0x00, 0x00, 0x00, 0x00, 0x00, 0xAF, 0xD1, 0x00, 
0x00, 0x00, 0x00, 0x00, 0x00, 0x00, 0xE2, 0x9E, 0x00, 0x00, 0x00, 0x00, 0x00, 0x00, 0x0F, 0xFB, 
0x62, 0x00, 0x00, 0x00, 0x00, 0x00, 0x04, 0xF3, 0x6B, 0x00, 0x00, 0x00, 0x00, 0x2B, 0xF2, 0x6B, 
0x00, 0xC2, 0xB9, 0x00, 0x00, 0x00, 0x01, 0xC3, 0xD3, 0x05, 0x00, 0x7F, 0xF4, 0x05, 0x00, 0x00, 
0x65, 0xFE, 0x39, 0x00, 0x00, 0x3C, 0xFF, 0x3B, 0x00, 0x16, 0xEE, 0x96, 0x00, 0x00, 0x00, 0x05, 
0xF3, 0x7A, 0x00, 0xA3, 0xE5, 0x0E, 0x00, 0x00, 0x00, 0x00, 0xB6, 0xB7, 0x3F, 0xFF, 0x52, 0x00, 
0x00, 0x00, 0x00, 0x00, 0x72, 0xEE, 0xD2, 0xB1, 0x00, 0x00, 0x00, 0x00, 0x00, 0x00, 0x2F, 0xFF, 
0xF2, 0x1C, 0x00, 0x00, 0x00, 0x00, 0x00, 0x00, 0x33, 0xFF, 0x6C, 0x00, 0x00, 0x00, 0x00, 0x00, 
0x28, 0x1D, 0xD6, 0xB6, 0x01, 0x00, 0x00, 0x00, 0x00, 0x00, 0xE2, 0xF1, 0x9D, 0x0C, 0x00, 0x00, 
0x00, 0x00, 0x00, 0x00, 0x00, 0x00, 0x00, 0x00, 0x00, 0x0A, 0xEF, 0x70, 0x00, 0x00, 0x00, 0x00, 
0x00, 0x00, 0x00, 0x00, 0x00, 0x35, 0xFF, 0x4E, 0x00, 0x00, 0x00, 0x00, 0x00, 0x00, 0x2E, 0x94, 
0xCF, 0xF5, 0xFF, 0xF7, 0xD5, 0x90, 0x1C, 0x00, 0x00, 0x78, 0xFD, 0xB6, 0x3A, 0x96, 0xF3, 0x09, 
0x2E, 0x96, 0xEA, 0x1A, 0x4E, 0xFF, 0xB5, 0x02, 0x00, 0xBB, 0xC8, 0x00, 0x00, 0x00, 0xAF, 0x69, 
0xC1, 0xFF, 0x38, 0x00, 0x00, 0xE8, 0x9B, 0x00, 0x00, 0x00, 0x87, 0x77, 0xF3, 0xFF, 0x07, 0x00, 
0x14, 0xFF, 0x6F, 0x00, 0x00, 0x00, 0xC7, 0x45, 0xE5, 0xFF, 0x1F, 0x00, 0x41, 0xFF, 0x42, 0x00, 
0x00, 0x6A, 0xCF, 0x02, 0x81, 0xFF, 0xBC, 0x2D, 0x72, 0xFF, 0x29, 0x40, 0xA5, 0xD6, 0x23, 0x00, 
0x00, 0x58, 0xBB, 0xEB, 0xFE, 0xFF, 0xE6, 0xBD, 0x67, 0x0A, 0x00, 0x00, 0x00, 0x00, 0x00, 0x00, 
0xCA, 0xB9, 0x00, 0x00, 0x00, 0x00, 0x00, 0x00, 0x00, 0x00, 0x00, 0x00, 0xEF, 0x82, 0x00, 0x00, 
0x00, 0x00, 0x00, 0x00, 0x00, 0x00, 0x00, 0xEA, 0xA4, 0x00, 0x00, 0x00, 0x06, 0xC2, 0xD9, 0x03, 
0x00, 0x00, 0x00, 0x99, 0xFA, 0x16, 0x00, 0x00, 0x98, 0xF5, 0x2F, 0x00, 0x00, 0x00, 0x00, 0x32, 
0xFF, 0x76, 0x00, 0x61, 0xFF, 0x55, 0x00, 0x00, 0x00, 0x00, 0x00, 0x00, 0xCA, 0xDA, 0x33, 0xF7, 
0x85, 0x00, 0x00, 0x00, 0x00, 0x00, 0x00, 0x00, 0x63, 0xFF, 0xEF, 0xB3, 0x02, 0x00, 0x00, 0x00, 
0x00, 0x00, 0x00, 0x00, 0x3F, 0xFF, 0xFF, 0x23, 0x00, 0x00, 0x00, 0x00, 0x00, 0x00, 0x00, 0x18, 
0xE4, 0xC4, 0xFF, 0x77, 0x00, 0x00, 0x00, 0x00, 0x00, 0x00, 0x06, 0xC5, 0xD8, 0x0D, 0xC5, 0xDE, 
0x02, 0x00, 0x00, 0x00, 0x00, 0x00, 0x9C, 0xF3, 0x2A, 0x00, 0x5E, 0xFF, 0x4B, 0x00, 0x00, 0x00, 
0x00, 0x6D, 0xFF, 0x57, 0x00, 0x00, 0x08, 0xEE, 0xB5, 0x00, 0x00, 0x00, 0x2D, 0xF8, 0x8A, 0x00, 
0x00, 0x00, 0x00, 0x8B, 0xFA, 0x11, 0x00, 0x00, 0x00, 0x0D, 0xF6, 0x5B, 0x00, 0x00, 0x00, 0x00, 
0x9A, 0xE9, 0x00, 0x3F, 0xFF, 0x34, 0x00, 0x00, 0x00, 0x00, 0xD8, 0xBE, 0x00, 0x71, 0xFB, 0x08, 
0x00, 0x00, 0x00, 0x0D, 0xFD, 0x8A, 0x00, 0xA4, 0xD4, 0x00, 0x00, 0x00, 0x00, 0x3E, 0xFF, 0x55, 
0x00, 0xD6, 0xA4, 0x00, 0x00, 0x00, 0x00, 0x72, 0xFF, 0x20, 0x0B, 0xFD, 0x74, 0x00, 0x00, 0x00, 
0x00, 0xA5, 0xEC, 0x00, 0x3B, 0xFF, 0x44, 0x00, 0x00, 0x00, 0x00, 0xD8, 0xB7, 0x00, 0x6E, 0xFF, 
0x14, 0x00, 0x00, 0x00, 0x0D, 0xFE, 0x83, 0x00, 0xA0, 0xE4, 0x00, 0x00, 0x00, 0x00, 0x3F, 0xFF, 
0x4E, 0x00, 0xD3, 0xB4, 0x00, 0x00, 0x00, 0x00, 0x72, 0xFF, 0x1A, 0x00, 0xF7, 0xFF, 0xFF, 0xFF, 
0xFF, 0xFF, 0xFF, 0xFF, 0xFE, 0x00, 0x00, 0x00, 0x00, 0x00, 0x00, 0x00, 0x00, 0x6D, 0xFF, 0x00, 
0x00, 0x00, 0x00, 0x00, 0x00, 0x00, 0x00, 0x5E, 0xFF, 0x00, 0x00, 0x00, 0x00, 0x00, 0x00, 0x00, 
0x00, 0x4D, 0xF5, 0x00, 0x00, 0xEF, 0x65, 0x00, 0x00, 0x00, 0x00, 0x0D, 0xF9, 0x54, 0x00, 0xFF, 
0x6C, 0x00, 0x00, 0x00, 0x00, 0x3C, 0xFF, 0x31, 0x00, 0xFF, 0x70, 0x00, 0x00, 0x00, 0x00, 0x6D, 
0xFB, 0x07, 0x03, 0xFF, 0x72, 0x00, 0x00, 0x00, 0x00, 0x9E, 0xD4, 0x00, 0x09, 0xFF, 0x71, 0x00, 
0x00, 0x00, 0x00, 0xCE, 0xA5, 0x00, 0x00, 0xDE, 0xC2, 0x19, 0x00, 0x00, 0x05, 0xF9, 0x76, 0x00, 
0x00, 0x37, 0xC4, 0xF3, 0xFF, 0xFF, 0xFD, 0xFF, 0x47, 0x00, 0x00, 0x00, 0x00, 0x00, 0x01, 0x03, 
0x62, 0xFF, 0x18, 0x00, 0x00, 0x00, 0x00, 0x00, 0x00, 0x00, 0x91, 0xE9, 0x00, 0x00, 0x00, 0x00, 
0x00, 0x00, 0x00, 0x00, 0xC2, 0xBA, 0x00, 0x00, 0x00, 0x00, 0x00, 0x00, 0x00, 0x00, 0xED, 0x7E, 
0x00, 0x00, 0x00, 0x0E, 0xF7, 0x51, 0x00, 0x00, 0x00, 0x0E, 0xFA, 0x4E, 0x00, 0x00, 0x0E, 0xF6, 
0x56, 0x00, 0x3F, 0xFF, 0x2B, 0x00, 0x00, 0x00, 0x42, 0xFF, 0x27, 0x00, 0x00, 0x42, 0xFF, 0x2C, 
0x00, 0x72, 0xF7, 0x03, 0x00, 0x00, 0x00, 0x76, 0xF2, 0x01, 0x00, 0x00, 0x76, 0xF5, 0x03, 0x00, 
0xA4, 0xCB, 0x00, 0x00, 0x00, 0x00, 0xAB, 0xC0, 0x00, 0x00, 0x00, 0xAB, 0xC4, 0x00, 0x00, 0xD7, 
0x9B, 0x00, 0x00, 0x00, 0x00, 0xDF, 0x8C, 0x00, 0x00, 0x00, 0xDF, 0x91, 0x00, 0x0B, 0xFD, 0x6B, 
0x00, 0x00, 0x00, 0x14, 0xFF, 0x58, 0x00, 0x00, 0x14, 0xFF, 0x5D, 0x00, 0x3C, 0xFF, 0x3B, 0x00, 
0x00, 0x00, 0x48, 0xFF, 0x25, 0x00, 0x00, 0x48, 0xFF, 0x29, 0x00, 0x6E, 0xFE, 0x0D, 0x00, 0x00, 
0x00, 0x7D, 0xF0, 0x01, 0x00, 0x00, 0x7D, 0xF3, 0x02, 0x00, 0xA1, 0xDB, 0x00, 0x00, 0x00, 0x00, 
0xB1, 0xBD, 0x00, 0x00, 0x00, 0xB1, 0xC2, 0x00, 0x00, 0xD3, 0xAB, 0x00, 0x00, 0x00, 0x00, 0xE6, 
0x89, 0x00, 0x00, 0x00, 0xE6, 0x8E, 0x00, 0x00, 0xF6, 0xFF, 0xFF, 0xFF, 0xFF, 0xFF, 0xFF, 0xFF, 
0xFF, 0xFF, 0xFF, 0xFC, 0x48, 0x00, 0x00, 0x00, 0x0E, 0xF7, 0x51, 0x00, 0x00, 0x00, 0x0E, 0xFA, 
0x4F, 0x00, 0x00, 0x0E, 0xF0, 0x56, 0x00, 0x3F, 0xFF, 0x2B, 0x00, 0x00, 0x00, 0x42, 0xFF, 0x27, 
0x00, 0x00, 0x42, 0xFF, 0x2B, 0x00, 0x72, 0xF7, 0x03, 0x00, 0x00, 0x00, 0x76, 0xF1, 0x01, 0x00, 
0x00, 0x76, 0xF5, 0x03, 0x00, 0xA4, 0xCB, 0x00, 0x00, 0x00, 0x00, 0xAB, 0xBF, 0x00, 0x00, 0x00, 
0xAB, 0xC4, 0x00, 0x00, 0xD7, 0x9B, 0x00, 0x00, 0x00, 0x00, 0xDF, 0x8C, 0x00, 0x00, 0x00, 0xDF, 
0x90, 0x00, 0x0B, 0xFD, 0x6B, 0x00, 0x00, 0x00, 0x14, 0xFF, 0x58, 0x00, 0x00, 0x14, 0xFF, 0x5C, 
0x00, 0x3B, 0xFF, 0x3B, 0x00, 0x00, 0x00, 0x48, 0xFF, 0x24, 0x00, 0x00, 0x48, 0xFF, 0x29, 0x00, 
0x6E, 0xFE, 0x0D, 0x00, 0x00, 0x00, 0x7D, 0xEF, 0x01, 0x00, 0x00, 0x7D, 0xF2, 0x02, 0x00, 0xA0, 
0xDB, 0x00, 0x00, 0x00, 0x00, 0xB1, 0xBD, 0x00, 0x00, 0x00, 0xB1, 0xC1, 0x00, 0x00, 0xD3, 0xAB, 
0x00, 0x00, 0x00, 0x00, 0xE6, 0x89, 0x00, 0x00, 0x00, 0xE6, 0x8D, 0x00, 0x00, 0xF6, 0xFF, 0xFF, 
0xFF, 0xFF, 0xFF, 0xFF, 0xFF, 0xFF, 0xFF, 0xFF, 0xFF, 0xFF, 0xFF, 0x57, 0x00, 0x00, 0x00, 0x00, 
0x00, 0x00, 0x00, 0x00, 0x00, 0x00, 0x00, 0x00, 0x2E, 0xF9, 0x0F, 0x00, 0x00, 0x00, 0x00, 0x00, 
0x00, 0x00, 0x00, 0x00, 0x00, 0x00, 0x00, 0x8C, 0xB5, 0x00, 0x00, 0x00, 0x00, 0x00, 0x00, 0x00, 
0x00, 0x00, 0x00, 0x00, 0x00, 0x00, 0xE0, 0x5C, 0x00, 0xD6, 0xFF, 0xFF, 0xFF, 0x80, 0x00, 0x00, 
0x00, 0x00, 0x00, 0x00, 0x1B, 0xFF, 0x5F, 0x00, 0x00, 0x00, 0x00, 0x00, 0x00, 0x52, 0xFF, 0x28, 
0x00, 0x00, 0x00, 0x00, 0x00, 0x00, 0x88, 0xF0, 0x01, 0x00, 0x00, 0x00, 0x00, 0x00, 0x00, 0xBE, 
0xBB, 0x00, 0x00, 0x00, 0x00, 0x00, 0x00, 0x02, 0xF1, 0xFF, 0xFF, 0xFD, 0xEE, 0xA5, 0x19, 0x00, 
0x2A, 0xFF, 0x50, 0x00, 0x02, 0x19, 0x8C, 0xC5, 0x00, 0x60, 0xFF, 0x1A, 0x00, 0x00, 0x00, 0x0F, 
0xF7, 0x00, 0x97, 0xE4, 0x00, 0x00, 0x00, 0x00, 0x4A, 0xC7, 0x00, 0xCD, 0xAE, 0x00, 0x00, 0x0F, 
0x58, 0xE7, 0x43, 0x00, 0xEF, 0xFF, 0xFF, 0xFE, 0xED, 0xB4, 0x3B, 0x00, 0x00, 0x0D, 0xF6, 0x5B, 
0x00, 0x00, 0x00, 0x00, 0x00, 0x00, 0x0D, 0xF5, 0x5A, 0x00, 0x3E, 0xFF, 0x33, 0x00, 0x00, 0x00, 
0x00, 0x00, 0x00, 0x3C, 0xFF, 0x32, 0x00, 0x71, 0xFA, 0x07, 0x00, 0x00, 0x00, 0x00, 0x00, 0x00, 
0x6D, 0xFC, 0x08, 0x00, 0xA3, 0xD0, 0x00, 0x00, 0x00, 0x00, 0x00, 0x00, 0x00, 0x9D, 0xD6, 0x00, 
0x00, 0xD5, 0xA0, 0x00, 0x00, 0x00, 0x00, 0x00, 0x00, 0x00, 0xCE, 0xA7, 0x00, 0x0A, 0xFC, 0xFF, 
0xFF, 0xFC, 0xEB, 0xA0, 0x16, 0x00, 0x05, 0xF8, 0x79, 0x00, 0x3A, 0xFF, 0x3F, 0x00, 0x03, 0x19, 
0x90, 0xC2, 0x00, 0x2F, 0xFF, 0x4B, 0x00, 0x6C, 0xFF, 0x10, 0x00, 0x00, 0x00, 0x10, 0xF6, 0x00, 
0x5F, 0xFF, 0x1D, 0x00, 0x9E, 0xDF, 0x00, 0x00, 0x00, 0x00, 0x4C, 0xBD, 0x00, 0x90, 0xEE, 0x00, 
0x00, 0xD0, 0xAF, 0x00, 0x01, 0x12, 0x5A, 0xDE, 0x2F, 0x00, 0xC1, 0xC0, 0x00, 0x00, 0xF2, 0xFF, 
0xFF, 0xF8, 0xDB, 0x97, 0x20, 0x00, 0x00, 0xEB, 0x8B, 0x00, 0x00, 0x00, 0x0D, 0xF5, 0x5B, 0x00, 
0x00, 0x00, 0x00, 0x00, 0x3E, 0xFF, 0x34, 0x00, 0x00, 0x00, 0x00, 0x00, 0x70, 0xFC, 0x08, 0x00, 
0x00, 0x00, 0x00, 0x00, 0xA2, 0xD4, 0x00, 0x00, 0x00, 0x00, 0x00, 0x00, 0xD5, 0xA4, 0x00, 0x00, 
0x00, 0x00, 0x00, 0x0A, 0xFC, 0xFF, 0xFF, 0xFD, 0xEE, 0xA5, 0x19, 0x39, 0xFF, 0x3F, 0x00, 0x02, 
0x19, 0x90, 0xC5, 0x6C, 0xFF, 0x10, 0x00, 0x00, 0x00, 0x10, 0xF7, 0x9E, 0xDF, 0x00, 0x00, 0x00, 
0x00, 0x46, 0xC1, 0xD0, 0xAF, 0x00, 0x00, 0x0E, 0x54, 0xDD, 0x34, 0xF5, 0xFF, 0xFF, 0xFA, 0xE0, 
0x9D, 0x26, 0x00, 0x00, 0x00, 0x29, 0xA0, 0xE3, 0xF6, 0xD2, 0x61, 0x00, 0x00, 0x00, 0xC0, 0x5B, 
0x17, 0x10, 0x52, 0xE9, 0x5B, 0x00, 0x00, 0x00, 0x00, 0x00, 0x00, 0x00, 0x58, 0xCB, 0x00, 0x00, 
0x00, 0x00, 0x00, 0x00, 0x00, 0x15, 0xF6, 0x00, 0x00, 0x00, 0x00, 0x00, 0x00, 0x00, 0x06, 0xF6, 
0x00, 0x00, 0xE8, 0xFF, 0xFF, 0xFF, 0xFF, 0xFF, 0xD3, 0x00, 0x00, 0x00, 0x00, 0x00, 0x00, 0x00, 
0x7E, 0x99, 0x00, 0x00, 0x00, 0x00, 0x00, 0x00, 0x02, 0xD9, 0x40, 0x00, 0x00, 0x00, 0x00, 0x00, 
0x00, 0x84, 0xBC, 0x00, 0xCD, 0x75, 0x1E, 0x09, 0x30, 0xA2, 0xD9, 0x1B, 0x00, 0x2D, 0xAE, 0xED, 
0xF6, 0xD4, 0x84, 0x11, 0x00, 0x00, 0x00, 0x0D, 0xF6, 0x5B, 0x00, 0x00, 0x00, 0x45, 0xB1, 0xE5, 
0xF6, 0xD3, 0x69, 0x01, 0x00, 0x3C, 0xFF, 0x35, 0x00, 0x00, 0x8B, 0xEA, 0x60, 0x13, 0x0D, 0x42, 
0xD9, 0x67, 0x00, 0x6D, 0xFC, 0x09, 0x00, 0x62, 0xE7, 0x1B, 0x00, 0x00, 0x00, 0x00, 0x42, 0xD2, 
0x00, 0x9E, 0xD6, 0x00, 0x00, 0xD5, 0x50, 0x00, 0x00, 0x00, 0x00, 0x00, 0x0B, 0xF5, 0x00, 0xCF, 
0xA7, 0x00, 0x13, 0xE1, 0x02, 0x00, 0x00, 0x00, 0x00, 0x00, 0x0E, 0xF4, 0x06, 0xF9, 0xFF, 0xFF, 
0xFF, 0xA1, 0x00, 0x00, 0x00, 0x00, 0x00, 0x00, 0x34, 0xD3, 0x31, 0xFF, 0x4B, 0x00, 0x80, 0x7C, 
0x00, 0x00, 0x00, 0x00, 0x00, 0x00, 0x75, 0x96, 0x61, 0xFF, 0x1C, 0x00, 0x87, 0x7A, 0x00, 0x00, 
0x00, 0x00, 0x00, 0x04, 0xD8, 0x39, 0x92, 0xED, 0x00, 0x00, 0x66, 0xB0, 0x00, 0x00, 0x00, 0x00, 
0x00, 0x86, 0xB2, 0x00, 0xC3, 0xBE, 0x00, 0x00, 0x12, 0xEB, 0x80, 0x16, 0x05, 0x29, 0xA7, 0xD0, 
0x14, 0x00, 0xED, 0x85, 0x00, 0x00, 0x00, 0x2B, 0xB3, 0xE8, 0xF4, 0xD2, 0x7A, 0x0B, 0x00, 0x00, 
0x00, 0x00, 0x00, 0x00, 0x2E, 0xA4, 0xDC, 0xFA, 0xFF, 0xFF, 0x86, 0x00, 0x00, 0x00, 0x4A, 0xDF, 
0x59, 0x18, 0x01, 0x1A, 0xFF, 0x63, 0x00, 0x00, 0x00, 0xD1, 0x41, 0x00, 0x00, 0x00, 0x50, 0xFF, 
0x2F, 0x00, 0x00, 0x00, 0xF8, 0x0D, 0x00, 0x00, 0x00, 0x85, 0xF6, 0x04, 0x00, 0x00, 0x00, 0xC1, 
0x95, 0x1C, 0x01, 0x00, 0xBA, 0xC7, 0x00, 0x00, 0x00, 0x00, 0x19, 0xD4, 0xFF, 0xFF, 0xFF, 0xFF, 
0x92, 0x00, 0x00, 0x00, 0x26, 0xDC, 0xB1, 0x2F, 0x05, 0x23, 0xFF, 0x5E, 0x00, 0x00, 0x0C, 0xE1, 
0xBA, 0x02, 0x00, 0x00, 0x57, 0xFF, 0x2A, 0x00, 0x00, 0x65, 0xFF, 0x38, 0x00, 0x00, 0x00, 0x8C, 
0xF3, 0x02, 0x00, 0x00, 0xCC, 0xDB, 0x00, 0x00, 0x00, 0x00, 0xC1, 0xC1, 0x00, 0x00, 0x2D, 0xFD, 
0x75, 0x00, 0x00, 0x00, 0x00, 0xEA, 0x87, 0x00, 0x00, 0x00, 0x00, 0x17, 0xAA, 0xF6, 0xE8, 0x79, 
0xAF, 0x8B, 0x00, 0x0E, 0xD9, 0xA8, 0x17, 0x27, 0xCA, 0xFF, 0x60, 0x00, 0x8B, 0xE1, 0x08, 0x00, 
0x00, 0x49, 0xFF, 0x2D, 0x02, 0xEE, 0x84, 0x00, 0x00, 0x00, 0x7B, 0xF6, 0x04, 0x28, 0xFF, 0x4C, 
0x00, 0x00, 0x00, 0xCF, 0xC8, 0x00, 0x36, 0xFF, 0x3D, 0x00, 0x00, 0x58, 0xFF, 0x95, 0x00, 0x13, 
0xF8, 0x8F, 0x0F, 0x60, 0xDB, 0xF9, 0x62, 0x00, 0x00, 0x62, 0xE3, 0xF0, 0xAA, 0x39, 0xFA, 0x2B, 
0x00, 0x00, 0x00, 0x00, 0x00, 0x00, 0x00, 0x00, 0x00, 0x01, 0x00, 0x00, 0x00, 0x08, 0x46, 0x88, 
0xB3, 0xDA, 0xDA, 0x00, 0x00, 0x49, 0xE7, 0xE3, 0x8F, 0x58, 0x25, 0x01, 0x00, 0x30, 0xF6, 0x79, 
0x01, 0x00, 0x00, 0x00, 0x00, 0x00, 0xBC, 0x7E, 0x00, 0x00, 0x00, 0x00, 0x00, 0x00, 0x24, 0xE4, 
0x60, 0xC3, 0xF3, 0xDD, 0x42, 0x00, 0x00, 0x72, 0xEF, 0xC4, 0x3C, 0x0D, 0x6E, 0xD0, 0x00, 0x00, 
0xAF, 0xC3, 0x03, 0x00, 0x00, 0x09, 0xF8, 0x00, 0x00, 0xDD, 0x44, 0x00, 0x00, 0x00, 0x13, 0xED, 
0x00, 0x00, 0xF9, 0x0C, 0x00, 0x00, 0x00, 0x3F, 0xBE, 0x00, 0x00, 0xEF, 0x13, 0x00, 0x00, 0x00, 
0xA8, 0x67, 0x00, 0x00, 0xAB, 0x9B, 0x17, 0x0D, 0x83, 0xCC, 0x06, 0x00, 0x00, 0x14, 0xAE, 0xF4, 
0xEC, 0xA0, 0x14, 0x00, 0x00, 0x00, 0x00, 0x08, 0x8F, 0xEB, 0xF5, 0xCE, 0x4E, 0x01, 0xBB, 0x96, 
0x19, 0x08, 0x47, 0xEE, 0x58, 0xC3, 0x00, 0x01, 0x16, 0x7B, 0xBC, 0xB5, 0xFF, 0xFF, 0xFF, 0xFF, 
0xEF, 0x35, 0xE8, 0x24, 0x00, 0x00, 0x10, 0x6E, 0xE1, 0xFA, 0x0A, 0x00, 0x00, 0x00, 0x1B, 0xEB, 
0xCF, 0x7C, 0x0B, 0x12, 0x43, 0xCC, 0x75, 0x30, 0xC5, 0xF5, 0xF0, 0xC1, 0x59, 0x00, 0x00, 0x05, 
0x89, 0xE5, 0xEF, 0x67, 0x00, 0xBA, 0x78, 0x16, 0x33, 0xED, 0x00, 0x00, 0x00, 0x00, 0x3F, 0xD8, 
0x00, 0x0E, 0x63, 0xBC, 0xDB, 0x35, 0x40, 0xE1, 0x9E, 0x46, 0x03, 0x00, 0xDD, 0x30, 0x00, 0x00, 
0x00, 0x00, 0xE5, 0x61, 0x0E, 0x0A, 0x42, 0x09, 0x3C, 0xC2, 0xF1, 0xF6, 0xC7, 0x53, 0x00, 0x00, 
0x00, 0xE6, 0xDD, 0xAD, 0x2F, 0x00, 0x00, 0x00, 0x00, 0x05, 0x26, 0x90, 0xF5, 0x2E, 0x00, 0x00, 
0x00, 0x00, 0x00, 0x00, 0x91, 0xAC, 0x00, 0x00, 0x00, 0x00, 0x00, 0x00, 0x2E, 0xEA, 0x00, 0x12, 
0x9F, 0xEB, 0xE9, 0x83, 0x0B, 0xFC, 0x06, 0xC9, 0x97, 0x1E, 0x13, 0x82, 0xC0, 0xF0, 0x63, 0xBC, 
0x00, 0x00, 0x00, 0x00, 0xD2, 0xCD, 0xBD, 0x4E, 0x00, 0x00, 0x00, 0x00, 0xB1, 0x94, 0xEE, 0x12, 
0x00, 0x00, 0x00, 0x02, 0xE3, 0x3E, 0xF7, 0x0C, 0x00, 0x00, 0x00, 0x6F, 0xC1, 0x00, 0xC8, 0x81, 
0x0B, 0x1E, 0x82, 0xE1, 0x21, 0x00, 0x2F, 0xCA, 0xF6, 0xDD, 0x97, 0x18, 0x00, 0x00, 0x00, 0x00, 
0x0E, 0x89, 0xDC, 0xF5, 0xCE, 0x46, 0x00, 0x0D, 0xCC, 0xA7, 0x23, 0x0B, 0xA6, 0xEB, 0x00, 0x8D, 
0xCB, 0x03, 0x0E, 0x40, 0xD2, 0xC4, 0x05, 0xF2, 0xFF, 0xFD, 0xF0, 0xCD, 0x85, 0x10, 0x32, 0xFF, 
0x3E, 0x00, 0x00, 0x00, 0x00, 0x00, 0x3D, 0xFF, 0x41, 0x00, 0x00, 0x00, 0x00, 0x00, 0x12, 0xF4, 
0xB0, 0x15, 0x12, 0x56, 0xB7, 0x00, 0x00, 0x47, 0xCD, 0xF5, 0xF4, 0xC9, 0x56, 0x00, 0x00, 0xC1, 
0xF6, 0x7F, 0x00, 0x00, 0x17, 0xF8, 0x41, 0x00, 0x00, 0x65, 0xEF, 0xD6, 0x00, 0x20, 0x32, 0xE8, 
0x00, 0x00, 0x59, 0xFB, 0x0C, 0x00, 0x33, 0xEA, 0x2B, 0x14, 0x00, 0x00, 0x04, 0xFB, 0x00, 0x00, 
0x9B, 0xC7, 0x00, 0x00, 0x9C, 0x7E, 0x00, 0x00, 0x00, 0x00, 0x0E, 0xFF, 0xFF, 0xFF, 0xFF, 0xFF, 
0xFF, 0xFF, 0xFF, 0x36, 0x00, 0x00, 0x00, 0x00, 0x3A, 0xB0, 0x00, 0x21, 0xFF, 0x47, 0x00, 0x00, 
0xFA, 0x0D, 0x00, 0x00, 0x00, 0x00, 0x8A, 0x6B, 0x00, 0x66, 0xFA, 0x0B, 0x00, 0x00, 0xFA, 0x01, 
0x00, 0x00, 0x12, 0x39, 0xE0, 0x0D, 0x00, 0xAA, 0xC6, 0x00, 0x00, 0x00, 0xE1, 0x22, 0x23, 0x00, 
0xDE, 0xE3, 0x3C, 0x00, 0x00, 0xE1, 0x83, 0x00, 0x00, 0x00, 0x7A, 0xF9, 0xBE, 0x00, 0x00, 0x28, 
0xA3, 0xE8, 0xF7, 0xD5, 0x59, 0x00, 0xCB, 0x64, 0x13, 0x08, 0x48, 0xEE, 0x00, 0x00, 0x00, 0x07, 
0x25, 0x8D, 0xA6, 0x00, 0x00, 0xEB, 0xFF, 0xFF, 0xDF, 0x26, 0x00, 0x00, 0x00, 0x04, 0x22, 0x85, 
0xD8, 0x00, 0x00, 0x00, 0x00, 0x00, 0x20, 0xEB, 0xCA, 0x4A, 0x09, 0x16, 0x50, 0xD3, 0x73, 0x55, 
0xCF, 0xF8, 0xE4, 0xBA, 0x52, 0x00, 0x00, 0x0E, 0xF5, 0x63, 0x00, 0x00, 0x00, 0xD8, 0x8F, 0x00, 
0x3E, 0xFF, 0x39, 0x00, 0x00, 0x12, 0xFF, 0x63, 0x00, 0x70, 0xFC, 0x0A, 0x00, 0x00, 0x44, 0xFF, 
0x30, 0x00, 0xA1, 0xD5, 0x00, 0x00, 0x00, 0x79, 0xF8, 0x05, 0x00, 0xD2, 0xA3, 0x00, 0x00, 0x00, 
0xCC, 0xC9, 0x00, 0x04, 0xFB, 0x7B, 0x00, 0x00, 0x56, 0xFF, 0x96, 0x00, 0x02, 0xF7, 0xA5, 0x0E, 
0x5E, 0xDD, 0xF6, 0x63, 0x00, 0x00, 0x69, 0xE8, 0xF1, 0xAB, 0x33, 0xFA, 0x2C, 0x00, 0x00, 0x00, 
0x19, 0x14, 0x00, 0x00, 0x14, 0x19, 0x00, 0x00, 0xBF, 0x99, 0x00, 0x02, 0xCF, 0x98, 0x00, 0x00, 
0x8E, 0xEF, 0x8E, 0xBD, 0xEA, 0x25, 0x00, 0x00, 0x04, 0x5A, 0x83, 0x6D, 0x16, 0x00, 0x00, 0x54, 
0x33, 0x00, 0x00, 0x00, 0x42, 0x44, 0x0B, 0xFD, 0x6F, 0x00, 0x00, 0x00, 0xDD, 0x9A, 0x3B, 0xFF, 
0x3C, 0x00, 0x00, 0x0F, 0xFE, 0x67, 0x6D, 0xFD, 0x0C, 0x00, 0x00, 0x41, 0xFF, 0x33, 0x9F, 0xD7, 
0x00, 0x00, 0x00, 0x7B, 0xF9, 0x06, 0xD0, 0xA5, 0x00, 0x00, 0x00, 0xD3, 0xCC, 0x00, 0xF9, 0x81, 
0x00, 0x00, 0x65, 0xFF, 0x99, 0x00, 0xF3, 0xB7, 0x1E, 0x70, 0xE5, 0xF4, 0x65, 0x00, 0x7E, 0xFF, 
0xFF, 0xCB, 0x3A, 0xFF, 0x2F, 0x00, 0x00, 0x13, 0x1A, 0x00, 0x00, 0x07, 0x00, 0x00, 0x0B, 0xF7, 
0x4D, 0x00, 0x00, 0x31, 0xF8, 0x4A, 0x2D, 0xFF, 0x34, 0x00, 0x07, 0xD0, 0xA8, 0x00, 0x4F, 0xFF, 
0x17, 0x23, 0xB5, 0xD2, 0x10, 0x00, 0x71, 0xFF, 0xFF, 0xFF, 0xC1, 0x0A, 0x00, 0x00, 0x92, 0xDC, 
0x04, 0x75, 0xFF, 0x3A, 0x00, 0x00, 0xB4, 0xBF, 0x00, 0x09, 0xFF, 0x7A, 0x00, 0x00, 0xD6, 0xA1, 
0x00, 0x00, 0xFF, 0x80, 0x00, 0x00, 0xF1, 0x77, 0x00, 0x00, 0xF2, 0x83, 0x00, 0x00, 0x00, 0x00, 
0x00, 0x00, 0x45, 0xAB, 0xE2, 0xF8, 0xFE, 0x72, 0x00, 0x00, 0x00, 0x8C, 0xE1, 0x68, 0x1B, 0x2A, 
0xFF, 0x3F, 0x00, 0x00, 0x4A, 0xE4, 0x15, 0x00, 0x00, 0x73, 0xF1, 0x05, 0x00, 0x00, 0xB6, 0x6C, 
0x00, 0x00, 0x00, 0xBF, 0xAD, 0x00, 0x00, 0x0A, 0xF7, 0x10, 0x00, 0x00, 0x0F, 0xFA, 0x64, 0x00, 
0x00, 0x32, 0xD0, 0x00, 0x00, 0x00, 0x57, 0xFF, 0x1B, 0x00, 0x00, 0x81, 0x90, 0x00, 0x00, 0x00, 
0xA3, 0xD1, 0x00, 0x00, 0xD0, 0xE2, 0x22, 0x00, 0x00, 0x00, 0xDF, 0x88, 0x00, 0x00, 0x00, 0x00, 
0x34, 0xFD, 0xC1, 0x00, 0x00, 0x00, 0x21, 0xEC, 0xFC, 0x39, 0x00, 0x00, 0x95, 0xFF, 0xFE, 0x0C, 
0x00, 0x00, 0xB8, 0xFF, 0xFF, 0x2C, 0x00, 0x07, 0xEE, 0xA1, 0xFF, 0x3D, 0x00, 0x60, 0xFE, 0xB4, 
0xFF, 0x0C, 0x00, 0x57, 0xFE, 0x33, 0xFF, 0x6F, 0x18, 0xEE, 0xA5, 0x9E, 0xEB, 0x00, 0x00, 0xB8, 
0xB9, 0x02, 0xFE, 0x9B, 0xAE, 0xF6, 0x1D, 0xB6, 0xCA, 0x00, 0x1C, 0xFD, 0x54, 0x00, 0xEF, 0xFF, 
0xFF, 0x82, 0x00, 0xCD, 0xAA, 0x00, 0x7A, 0xEA, 0x05, 0x00, 0xDD, 0xFF, 0xE5, 0x0B, 0x00, 0xE3, 
0x89, 0x00, 0xD4, 0x85, 0x00, 0x00, 0xBE, 0xFA, 0x59, 0x00, 0x00, 0xF5, 0x62, 0x00, 0x0A, 0xF5, 
0x4D, 0x00, 0x00, 0x0A, 0xF2, 0x50, 0x2C, 0xFF, 0x33, 0x00, 0x00, 0x2C, 0xFF, 0x35, 0x4E, 0xFF, 
0x13, 0x00, 0x00, 0x4F, 0xFF, 0x16, 0x70, 0xFF, 0xFF, 0xFF, 0xFF, 0xFF, 0xF7, 0x00, 0x93, 0xD7, 
0x00, 0x00, 0x00, 0x92, 0xD9, 0x00, 0xB5, 0xB8, 0x00, 0x00, 0x00, 0xB4, 0xBA, 0x00, 0xD7, 0x99, 
0x00, 0x00, 0x00, 0xD7, 0x9C, 0x00, 0xF3, 0x6E, 0x00, 0x00, 0x00, 0xF1, 0x74, 0x00, 0x00, 0x00, 
0x11, 0x8E, 0xDF, 0xF5, 0xD1, 0x58, 0x00, 0x00, 0x12, 0xD4, 0xBB, 0x28, 0x0E, 0x86, 0xFD, 0x2E, 
0x00, 0x98, 0xDE, 0x0A, 0x00, 0x00, 0x0F, 0xFF, 0x6A, 0x09, 0xF5, 0x77, 0x00, 0x00, 0x00, 0x13, 
0xFF, 0x65, 0x34, 0xFF, 0x43, 0x00, 0x00, 0x00, 0x4B, 0xFF, 0x2F, 0x37, 0xFF, 0x3E, 0x00, 0x00, 
0x00, 0xB9, 0xC9, 0x00, 0x0C, 0xED, 0xAC, 0x15, 0x18, 0x98, 0xEC, 0x2C, 0x00, 0x00, 0x3E, 0xC5, 
0xF2, 0xE8, 0xA5, 0x23, 0x00, 0x00, 0x04, 0xEB, 0xFF, 0xFF, 0xFF, 0xFF, 0xFF, 0x76, 0x24, 0xFF, 
0x37, 0x00, 0x00, 0x13, 0xFF, 0x5E, 0x47, 0xFF, 0x18, 0x00, 0x00, 0x3A, 0xFF, 0x39, 0x6A, 0xF7, 
0x01, 0x00, 0x00, 0x60, 0xFF, 0x14, 0x8E, 0xD9, 0x00, 0x00, 0x00, 0x86, 0xEF, 0x00, 0xB1, 0xBA, 
0x00, 0x00, 0x00, 0xAC, 0xCA, 0x00, 0xD5, 0x9A, 0x00, 0x00, 0x00, 0xD2, 0xA5, 0x00, 0xF2, 0x6F, 
0x00, 0x00, 0x00, 0xF0, 0x76, 0x00, 0x00, 0x04, 0xED, 0x52, 0x8D, 0xE6, 0xEA, 0x87, 0x00, 0x00, 
0x30, 0xFF, 0xD8, 0x84, 0x0F, 0x5E, 0xFF, 0x3E, 0x00, 0x62, 0xFF, 0x89, 0x00, 0x00, 0x08, 0xFF, 
0x6B, 0x00, 0x95, 0xF4, 0x0B, 0x00, 0x00, 0x17, 0xFF, 0x5E, 0x00, 0xC8, 0xAD, 0x00, 0x00, 0x00, 
0x50, 0xFF, 0x24, 0x03, 0xF6, 0x80, 0x00, 0x00, 0x00, 0xB8, 0xBF, 0x00, 0x2D, 0xFF, 0xE9, 0x3E, 
0x0E, 0x7F, 0xF4, 0x2C, 0x00, 0x60, 0xFF, 0x65, 0xDC, 0xFA, 0xC7, 0x31, 0x00, 0x00, 0x93, 0xDE, 
0x00, 0x00, 0x00, 0x00, 0x00, 0x00, 0x00, 0xC6, 0xAD, 0x00, 0x00, 0x00, 0x00, 0x00, 0x00, 0x00, 
0xEF, 0x74, 0x00, 0x00, 0x00, 0x00, 0x00, 0x00, 0x00, 0x00, 0x00, 0x17, 0xA0, 0xF0, 0xEF, 0x97, 
0x09, 0x00, 0x12, 0xDB, 0xA7, 0x1E, 0x1B, 0xA8, 0x3D, 0x00, 0x95, 0xD6, 0x05, 0x00, 0x00, 0x00, 
0x00, 0x06, 0xF4, 0x71, 0x00, 0x00, 0x00, 0x00, 0x00, 0x33, 0xFF, 0x3B, 0x00, 0x00, 0x00, 0x00, 
0x00, 0x3F, 0xFF, 0x36, 0x00, 0x00, 0x00, 0x00, 0x00, 0x15, 0xF8, 0x9D, 0x0D, 0x21, 0x92, 0x4B, 
0x00, 0x00, 0x56, 0xD8, 0xF8, 0xDE, 0x81, 0x05, 0x00, 0x00, 0x04, 0xF0, 0x51, 0x91, 0xE8, 0xEE, 
0x78, 0x09, 0x87, 0xE4, 0xEE, 0x90, 0x00, 0x00, 0x30, 0xFF, 0xDB, 0x7F, 0x0D, 0x91, 0xFC, 0xC3, 
0x8C, 0x0F, 0x84, 0xFF, 0x29, 0x00, 0x62, 0xFF, 0x87, 0x00, 0x00, 0x60, 0xFF, 0x9B, 0x00, 0x00, 
0x50, 0xFF, 0x2E, 0x00, 0x95, 0xF4, 0x0B, 0x00, 0x00, 0x87, 0xFC, 0x17, 0x00, 0x00, 0x73, 0xFB, 
0x09, 0x00, 0xC8, 0xAD, 0x00, 0x00, 0x00, 0xB9, 0xC1, 0x00, 0x00, 0x00, 0xA6, 0xD1, 0x00, 0x03, 
0xF6, 0x77, 0x00, 0x00, 0x00, 0xEB, 0x8B, 0x00, 0x00, 0x00, 0xD9, 0x9D, 0x00, 0x2D, 0xFF, 0x44, 
0x00, 0x00, 0x1E, 0xFF, 0x58, 0x00, 0x00, 0x0E, 0xFE, 0x69, 0x00, 0x59, 0xF7, 0x11, 0x00, 0x00, 
0x48, 0xF9, 0x22, 0x00, 0x00, 0x38, 0xFB, 0x30, 0x00, 0x00, 0xEE, 0x87, 0x00, 0x00, 0x00, 0x78, 
0xF3, 0x06, 0x00, 0xCB, 0xB9, 0x00, 0x00, 0x00, 0xDA, 0xA3, 0x00, 0x00, 0x9A, 0xE6, 0x00, 0x00, 
0x41, 0xFF, 0x38, 0x00, 0x00, 0x6A, 0xFF, 0x12, 0x00, 0xB1, 0xC8, 0x00, 0x00, 0x00, 0x3A, 0xFF, 
0x3E, 0x35, 0xFF, 0x46, 0x00, 0x00, 0x00, 0x0B, 0xFD, 0x6E, 0xCA, 0xB8, 0x00, 0x00, 0x00, 0x00, 
0x00, 0xD9, 0xEB, 0xF1, 0x1F, 0x00, 0x00, 0x00, 0x00, 0x00, 0xA8, 0xFF, 0x5F, 0x00, 0x00, 0x00, 
0x00, 0x00, 0x16, 0xE2, 0xA0, 0x00, 0x00, 0x00, 0x00, 0x00, 0x05, 0xC2, 0xD1, 0x09, 0x00, 0x00, 
0x00, 0x00, 0x00, 0x87, 0xE8, 0x24, 0x00, 0x00, 0x00, 0x00, 0x00, 0x00, 0x00, 0x00, 0x00, 0x00, 
0x00, 0x00, 0xB2, 0x98, 0x00, 0x00, 0x00, 0x00, 0x00, 0x00, 0x00, 0x00, 0x00, 0xED, 0x72, 0x00, 
0x00, 0x00, 0x00, 0x00, 0x00, 0x00, 0x00, 0x21, 0xFF, 0x41, 0x00, 0x00, 0x00, 0x00, 0x00, 0x00, 
0x00, 0x00, 0x55, 0xFC, 0x0F, 0x00, 0x00, 0x00, 0x00, 0x18, 0xBB, 0xF6, 0xCA, 0xB2, 0xBD, 0x9B, 
0xEF, 0xDD, 0x46, 0x03, 0xCD, 0x84, 0x11, 0x41, 0xEF, 0xEB, 0x81, 0x0C, 0x5A, 0xD8, 0x59, 0xC5, 
0x00, 0x00, 0x00, 0xEC, 0xBC, 0x00, 0x00, 0x07, 0xF8, 0xAF, 0x5E, 0x00, 0x00, 0x21, 0xFF, 0x57, 
0x00, 0x00, 0x22, 0xE0, 0xE4, 0x1F, 0x00, 0x00, 0x70, 0xFF, 0x1D, 0x00, 0x00, 0x68, 0xA5, 0xFA, 
0x05, 0x00, 0x0B, 0xE0, 0xEC, 0x00, 0x00, 0x07, 0xD6, 0x46, 0xE3, 0x43, 0x1A, 0xB3, 0xDB, 0xEB, 
0x29, 0x1F, 0xAE, 0xB0, 0x00, 0x62, 0xEE, 0xDA, 0x51, 0xE4, 0xBE, 0xE1, 0xF3, 0x98, 0x09, 0x00, 
0x00, 0x00, 0x00, 0x21, 0xFF, 0x59, 0x00, 0x00, 0x00, 0x00, 0x00, 0x00, 0x00, 0x00, 0x55, 0xFF, 
0x28, 0x00, 0x00, 0x00, 0x00, 0x00, 0x00, 0x00, 0x00, 0x82, 0xEA, 0x02, 0x00, 0x00, 0x00, 0x00, 
0x00, 0x00, 0x00, 0x98, 0xDD, 0x05, 0x00, 0x0A, 0xC7, 0xBE, 0x00, 0x00, 0x32, 0xFF, 0x5C, 0x01, 
0xAD, 0xDE, 0x15, 0x00, 0x00, 0x00, 0xBF, 0xCF, 0x86, 0xF0, 0x2A, 0x00, 0x00, 0x00, 0x00, 0x4C, 
0xFF, 0xFD, 0x47, 0x00, 0x00, 0x00, 0x00, 0x00, 0x9E, 0xFA, 0xFF, 0x2C, 0x00, 0x00, 0x00, 0x00, 
0x7D, 0xF4, 0x3B, 0xEC, 0xA0, 0x00, 0x00, 0x00, 0x5B, 0xFD, 0x52, 0x00, 0x82, 0xFA, 0x1B, 0x00, 
0x2D, 0xF5, 0x79, 0x00, 0x00, 0x15, 0xF2, 0x7A, 0x00, 0x00, 0x0F, 0xF5, 0x4C, 0x00, 0x00, 0x16, 
0xF4, 0x49, 0x00, 0x45, 0xFF, 0x1F, 0x00, 0x00, 0x65, 0xFD, 0x10, 0x00, 0x7D, 0xEB, 0x00, 0x00, 
0x00, 0xB7, 0xCA, 0x00, 0x00, 0xB4, 0xB8, 0x00, 0x00, 0x0C, 0xF9, 0x88, 0x00, 0x00, 0xEB, 0x84, 
0x00, 0x00, 0x51, 0xFF, 0x46, 0x00, 0x16, 0xFF, 0x61, 0x00, 0x00, 0xC2, 0xFB, 0x0A, 0x00, 0x0E, 
0xFD, 0x92, 0x0B, 0x8D, 0xD3, 0xF5, 0x17, 0x00, 0x00, 0x75, 0xE9, 0xF0, 0x9B, 0x14, 0xC1, 0xF9, 
0xE8, 0x00, 0x00, 0x00, 0x00, 0x00, 0x00, 0x00, 0x88, 0xA7, 0x00, 0x00, 0x00, 0x00, 0x00, 0x00, 
0x00, 0xD6, 0x5F, 0x00, 0x00, 0x00, 0x00, 0x00, 0x00, 0x1F, 0xF8, 0x17, 0x00, 0xF3, 0x5D, 0x00, 
0x00, 0x0A, 0xF2, 0x54, 0x00, 0xFF, 0x60, 0x00, 0x00, 0x46, 0xFF, 0x38, 0x15, 0xFF, 0x53, 0x00, 
0x00, 0xC2, 0xFF, 0x18, 0x14, 0xFF, 0x7F, 0x0E, 0x96, 0xF7, 0xF7, 0x01, 0x00, 0x84, 0xEF, 0xEC, 
0x8E, 0x9B, 0xD9, 0x00, 0x00, 0x00, 0x00, 0x00, 0x00, 0xB5, 0xB9, 0x00, 0x00, 0x00, 0x00, 0x00, 
0x00, 0xD7, 0x9A, 0x00, 0x00, 0x00, 0x00, 0x00, 0x00, 0xF1, 0x71, 0x00, 0x00, 0x0F, 0xF6, 0x45, 
0x00, 0x00, 0x15, 0xF6, 0x44, 0x00, 0x00, 0x15, 0xF7, 0x44, 0x00, 0x45, 0xFF, 0x17, 0x00, 0x00, 
0x60, 0xFB, 0x0D, 0x00, 0x00, 0x60, 0xFE, 0x10, 0x00, 0x7B, 0xE4, 0x00, 0x00, 0x00, 0xAC, 0xC5, 
0x00, 0x00, 0x00, 0xAC, 0xD1, 0x00, 0x00, 0xB2, 0xB1, 0x00, 0x00, 0x06, 0xF2, 0x83, 0x00, 0x00, 
0x06, 0xF2, 0x94, 0x00, 0x00, 0xE8, 0x7E, 0x00, 0x00, 0x48, 0xFF, 0x41, 0x00, 0x00, 0x4B, 0xFF, 
0x56, 0x00, 0x18, 0xFF, 0x58, 0x00, 0x00, 0xC0, 0xFF, 0x12, 0x00, 0x01, 0xC4, 0xFF, 0x19, 0x00, 
0x12, 0xFE, 0x90, 0x12, 0x94, 0xC3, 0xFF, 0x4E, 0x14, 0x9A, 0xE2, 0xDC, 0x00, 0x00, 0x00, 0x7A, 
0xEC, 0xE9, 0x76, 0x06, 0xA3, 0xF1, 0xE6, 0x74, 0x9C, 0x9C, 0x00, 0x00, 0x00, 0x0F, 0xF6, 0x45, 
0x00, 0x00, 0x16, 0xF6, 0x43, 0x00, 0x00, 0x16, 0xF7, 0x44, 0x00, 0x46, 0xFF, 0x18, 0x00, 0x00, 
0x63, 0xFA, 0x0C, 0x00, 0x00, 0x63, 0xFC, 0x0E, 0x00, 0x7D, 0xE5, 0x00, 0x00, 0x00, 0xB2, 0xC3, 
0x00, 0x00, 0x00, 0xB2, 0xC8, 0x00, 0x00, 0xB5, 0xB2, 0x00, 0x00, 0x0A, 0xF6, 0x80, 0x00, 0x00, 
0x0A, 0xF6, 0x87, 0x00, 0x00, 0xEB, 0x7F, 0x00, 0x00, 0x4E, 0xFF, 0x3D, 0x00, 0x00, 0x51, 0xFF, 
0x46, 0x00, 0x19, 0xFF, 0x5B, 0x00, 0x01, 0xC6, 0xFF, 0x11, 0x00, 0x02, 0xCB, 0xFB, 0x0A, 0x00, 
0x12, 0xFE, 0x94, 0x0D, 0x99, 0xBA, 0xFF, 0x51, 0x0F, 0xA1, 0xD6, 0xEE, 0x10, 0x00, 0x00, 0x7A, 
0xEC, 0xE9, 0x71, 0x05, 0xA1, 0xF1, 0xE4, 0x67, 0x4F, 0xF5, 0xFF, 0x02, 0x00, 0x00, 0x00, 0x00, 
0x00, 0x00, 0x00, 0x00, 0x00, 0x00, 0x00, 0x5E, 0xFF, 0x00, 0x00, 0x00, 0x00, 0x00, 0x00, 0x00, 
0x00, 0x00, 0x00, 0x00, 0x00, 0x51, 0xFF, 0x00, 0x00, 0x00, 0x00, 0x00, 0x00, 0x00, 0x00, 0x00, 
0x00, 0x00, 0x00, 0x41, 0xF6, 0x00, 0xF3, 0xFF, 0xFF, 0x7F, 0x00, 0x00, 0x00, 0x00, 0x00, 0x00, 
0xFF, 0x80, 0x00, 0x00, 0x00, 0x00, 0x00, 0x00, 0xFF, 0x78, 0x00, 0x00, 0x00, 0x00, 0x00, 0x00, 
0xFF, 0xEC, 0xF9, 0xED, 0xB8, 0x2F, 0x00, 0x00, 0xFF, 0x7E, 0x06, 0x15, 0x74, 0xDB, 0x00, 0x03, 
0xFF, 0x5E, 0x00, 0x00, 0x1C, 0xED, 0x00, 0x06, 0xF6, 0x82, 0x0A, 0x3A, 0xC6, 0x79, 0x00, 0x00, 
0x67, 0xE8, 0xF2, 0xCB, 0x60, 0x00, 0x00, 0x0D, 0xF5, 0x48, 0x00, 0x00, 0x00, 0x00, 0x00, 0x12, 
0xF6, 0x43, 0x00, 0x3F, 0xFF, 0x1E, 0x00, 0x00, 0x00, 0x00, 0x00, 0x55, 0xFC, 0x0F, 0x00, 0x73, 
0xEC, 0x00, 0x00, 0x00, 0x00, 0x00, 0x00, 0x9B, 0xCA, 0x00, 0x00, 0xA6, 0xF8, 0xEE, 0xF9, 0xD3, 
0x42, 0x00, 0x00, 0xDF, 0x89, 0x00, 0x00, 0xD9, 0x99, 0x0F, 0x08, 0x5E, 0xE4, 0x00, 0x25, 0xFF, 
0x49, 0x00, 0x04, 0xFE, 0x61, 0x00, 0x00, 0x16, 0xF0, 0x00, 0x6A, 0xFB, 0x0D, 0x00, 0x06, 0xF2, 
0x9D, 0x0C, 0x1E, 0xAE, 0x8E, 0x00, 0xAF, 0xC7, 0x00, 0x00, 0x00, 0x4F, 0xD9, 0xFA, 0xE1, 0x84, 
0x06, 0x00, 0xE4, 0x84, 0x00, 0x00, 0x00, 0x0D, 0xF5, 0x49, 0x00, 0x00, 0x00, 0x00, 0x00, 0x3E, 
0xFF, 0x1F, 0x00, 0x00, 0x00, 0x00, 0x00, 0x71, 0xED, 0x00, 0x00, 0x00, 0x00, 0x00, 0x00, 0xA4, 
0xF8, 0xED, 0xFB, 0xE7, 0xA9, 0x24, 0x00, 0xD7, 0x9E, 0x11, 0x05, 0x1D, 0x7D, 0xD6, 0x02, 0xFD, 
0x61, 0x00, 0x00, 0x00, 0x20, 0xEB, 0x04, 0xF0, 0x9E, 0x0C, 0x10, 0x46, 0xD0, 0x6E, 0x00, 0x4A, 
0xD5, 0xFA, 0xE9, 0xBC, 0x50, 0x00, 0x00, 0x21, 0xA8, 0xEE, 0xF5, 0xA8, 0x13, 0x00, 0xC1, 0x59, 
0x0F, 0x14, 0x8B, 0xA8, 0x00, 0x00, 0x00, 0x00, 0x00, 0x0A, 0xEF, 0x00, 0xE5, 0xFF, 0xFF, 0xFF, 
0xFF, 0xF3, 0x00, 0x00, 0x00, 0x00, 0x00, 0x6A, 0xC3, 0x00, 0x00, 0x00, 0x00, 0x07, 0xD4, 0x66, 
0xC8, 0x4A, 0x0B, 0x28, 0xB4, 0xC4, 0x05, 0x35, 0xC8, 0xF8, 0xDD, 0x8D, 0x0E, 0x00, 0x0A, 0xF7, 
0x4E, 0x00, 0x00, 0x36, 0xB9, 0xF4, 0xEE, 0xB3, 0x20, 0x2C, 0xFF, 0x33, 0x00, 0x6C, 0xCC, 0x49, 
0x0F, 0x18, 0x96, 0xB9, 0x4E, 0xFF, 0x13, 0x56, 0xD4, 0x0C, 0x00, 0x00, 0x00, 0x0D, 0xF3, 0x71, 
0xFF, 0xFF, 0xFF, 0x54, 0x00, 0x00, 0x00, 0x00, 0x11, 0xEF, 0x93, 0xD7, 0x00, 0xF9, 0x10, 0x00, 
0x00, 0x00, 0x00, 0x48, 0xBE, 0xB5, 0xB8, 0x00, 0xF3, 0x11, 0x00, 0x00, 0x00, 0x01, 0xBC, 0x61, 
0xD7, 0x99, 0x00, 0xAE, 0xA8, 0x27, 0x07, 0x25, 0xA7, 0xBA, 0x03, 0xF2, 0x6D, 0x00, 0x13, 0x95, 
0xE7, 0xFA, 0xDD, 0x83, 0x0A, 0x00, 0x00, 0x00, 0x01, 0x64, 0xC7, 0xEF, 0xFC, 0xED, 0x4E, 0x00, 
0x00, 0x85, 0xBF, 0x39, 0x09, 0x17, 0xFF, 0x4D, 0x00, 0x00, 0xF0, 0x15, 0x00, 0x00, 0x37, 0xFF, 
0x2A, 0x00, 0x00, 0xDD, 0x59, 0x08, 0x00, 0x5D, 0xFE, 0x09, 0x00, 0x00, 0x28, 0xDB, 0xFF, 0xFF, 
0xFF, 0xE5, 0x00, 0x00, 0x01, 0xAB, 0xD3, 0x2F, 0x03, 0xA8, 0xC2, 0x00, 0x00, 0x76, 0xF3, 0x22, 
0x00, 0x00, 0xCF, 0x9F, 0x00, 0x2B, 0xFB, 0x63, 0x00, 0x00, 0x00, 0xEF, 0x76, 0x00, 0x01, 0x09, 
0x00, 0x00, 0x00, 0x00, 0x00, 0x00, 0x00, 0x00, 0x00, 0x00, 0x38, 0x69, 0x00, 0x2B, 0x75, 0x01, 
0x00, 0x00, 0x00, 0xB4, 0xD7, 0x00, 0x94, 0xEE, 0x03, 0x00, 0x00, 0x00, 0x10, 0x0E, 0x00, 0x0C, 
0x11, 0x00, 0x00, 0x00, 0x00, 0x17, 0x6A, 0x7F, 0x57, 0x04, 0x00, 0x00, 0x00, 0x59, 0xF1, 0xCA, 
0xA7, 0xF1, 0xBD, 0x00, 0x00, 0x37, 0xFA, 0x70, 0x00, 0x00, 0x6F, 0xFF, 0x14, 0x00, 0xBF, 0xC4, 
0x00, 0x02, 0x36, 0xCE, 0xD5, 0x01, 0x15, 0xFE, 0xF8, 0xF1, 0xFB, 0xE8, 0x9B, 0x19, 0x00, 0x43, 
0xFF, 0x4D, 0x19, 0x0C, 0x00, 0x00, 0x00, 0x00, 0x49, 0xFF, 0x38, 0x00, 0x00, 0x00, 0x00, 0x00, 
0x00, 0x1D, 0xFB, 0xA9, 0x14, 0x09, 0x32, 0x58, 0x00, 0x00, 0x00, 0x66, 0xF2, 0xFF, 0xFF, 0xF3, 
0x73, 0x00, 0x00, 0x00, 0x00, 0x05, 0x21, 0x21, 0x03, 0x00, 0x00, 0x00, 0x00, 0x00, 0x00, 0x00, 
0x00, 0x00, 0x00, 0x00, 0x00, 0x00, 0x00, 0x00, 0x00, 0x00, 0x00, 0x00, 0x00, 0xF8, 0xFF, 0xFF, 
0xFF, 0xFF, 0xFF, 0xFF, 0xE3, 0x03, 0x79, 0xDD, 0xF6, 0xC6, 0x4F, 0x00, 0x00, 0x1E, 0x8C, 0xDC, 
0xF1, 0x6E, 0x84, 0xB7, 0x25, 0x12, 0x8E, 0xFF, 0xA6, 0x8C, 0xE3, 0x78, 0x1E, 0x32, 0xEC, 0xED, 
0x16, 0x00, 0x00, 0x04, 0xC8, 0xFF, 0xD0, 0x0D, 0x00, 0x00, 0x0D, 0xEF, 0xE2, 0x59, 0x09, 0x37, 
0xC9, 0xF0, 0x74, 0xBC, 0xC5, 0x42, 0x0B, 0x80, 0xA4, 0x41, 0xD1, 0xF6, 0xD9, 0x7E, 0x11, 0x00, 
0x01, 0x64, 0xD2, 0xF6, 0xBA, 0x14, 0x00, 0x85, 0xF5, 0xBA, 0x40, 0x0D, 0x92, 0xC5, 0x09, 0x58, 
0x0D, 0x60, 0xD6, 0xF9, 0xCA, 0x42, 0x00, 0x00, 0x00, 0x00, 0x00, 0x00, 0x00, 0x00, 0x69, 0xF1, 
0xDB, 0x6F, 0x0F, 0x44, 0xCA, 0x00, 0xA5, 0x12, 0x36, 0xAE, 0xF6, 0xDE, 0x52, 0x00, 0x00, 0x00, 
0x00, 0x00, 0x00, 0x00, 0x00, 0x4D, 0xD4, 0x04, 0x00, 0x00, 0x00, 0x00, 0x00, 0x00, 0x37, 0xDF, 
0x24, 0x00, 0x00, 0x15, 0xFF, 0xFF, 0xFF, 0xFF, 0xFF, 0xFF, 0xE7, 0x00, 0x00, 0x00, 0x00, 0x00, 
0x2D, 0xDD, 0x30, 0x00, 0x00, 0x00, 0x00, 0x00, 0x00, 0x25, 0xDD, 0x3A, 0x00, 0x00, 0x00, 0x00, 
0x01, 0xFB, 0xFF, 0xFF, 0xFF, 0xFF, 0xFF, 0xE8, 0x00, 0x00, 0x00, 0x1F, 0xDC, 0x43, 0x00, 0x00, 
0x00, 0x00, 0x00, 0x00, 0x06, 0xD3, 0x4F, 0x00, 0x00, 0x00, 0x00, 0x00, 0x00, 0x00, 0x00, 0x15, 
0x7A, 0x43, 0x61, 0x6C, 0x69, 0x62, 0x72, 0x69, 0x49, 0x74, 0x61, 0x6C, 0x69, 0x63, 0x20, 0x49, 
0x74, 0x61, 0x6C, 0x69, 0x63, 0x00, 0x15, 0x7A, 0x43, 0x61, 0x6C, 0x69, 0x62, 0x72, 0x69, 0x49, 
0x74, 0x61, 0x6C, 0x69, 0x63, 0x2D, 0x49, 0x74, 0x61, 0x6C, 0x69, 0x63, 0x01};