const uint8_t  zCalibriItalic20[] PROGMEM = {
0x00, 0x00, 0x00, 0xC7, 0x00, 0x00, 0x00, 0x0B, 0x00, 0x00, 0x00, 0x14, 0x00, 0x00, 0x00, 0x00, 
0x00, 0x00, 0x00, 0x0E, 0x00, 0x00, 0x00, 0x04, 0x00, 0x00, 0x00, 0x00, 0x00, 0x00, 0x00, 0x01, 
0x00, 0x00, 0x00, 0x01, 0x00, 0x00, 0x00, 0x00, 0x00, 0x00, 0x00, 0x28, 0xFF, 0xFF, 0xFF, 0xEC, 
0x00, 0x00, 0x00, 0x00, 0x00, 0x00, 0x00, 0x00, 0x00, 0x00, 0x00, 0x01, 0x00, 0x00, 0x00, 0x01, 
0x00, 0x00, 0x00, 0x00, 0x00, 0x00, 0x00, 0x28, 0xFF, 0xFF, 0xFF, 0xEC, 0x00, 0x00, 0x00, 0x00, 
0x00, 0x00, 0x00, 0x09, 0x00, 0x00, 0x00, 0x01, 0x00, 0x00, 0x00, 0x01, 0x00, 0x00, 0x00, 0x00, 
0x00, 0x00, 0x00, 0x28, 0xFF, 0xFF, 0xFF, 0xEC, 0x00, 0x00, 0x00, 0x00, 0x00, 0x00, 0x00, 0x0A, 
0x00, 0x00, 0x00, 0x01, 0x00, 0x00, 0x00, 0x01, 0x00, 0x00, 0x00, 0x00, 0x00, 0x00, 0x00, 0x28, 
0xFF, 0xFF, 0xFF, 0xEC, 0x00, 0x00, 0x00, 0x00, 0x00, 0x00, 0x00, 0x0D, 0x00, 0x00, 0x00, 0x01, 
0x00, 0x00, 0x00, 0x01, 0x00, 0x00, 0x00, 0x00, 0x00, 0x00, 0x00, 0x28, 0xFF, 0xFF, 0xFF, 0xEC, 
0x00, 0x00, 0x00, 0x00, 0x00, 0x00, 0x00, 0x1D, 0x00, 0x00, 0x00, 0x01, 0x00, 0x00, 0x00, 0x01, 
0x00, 0x00, 0x00, 0x00, 0x00, 0x00, 0x00, 0x28, 0xFF, 0xFF, 0xFF, 0xEC, 0x00, 0x00, 0x00, 0x00, 
0x00, 0x00, 0x00, 0x20, 0x00, 0x00, 0x00, 0x01, 0x00, 0x00, 0x00, 0x01, 0x00, 0x00, 0x00, 0x05, 
0x00, 0x00, 0x00, 0x28, 0xFF, 0xFF, 0xFF, 0xEC, 0x00, 0x00, 0x00, 0x00, 0x00, 0x00, 0x00, 0x21, 
0x00, 0x00, 0x00, 0x0F, 0x00, 0x00, 0x00, 0x06, 0x00, 0x00, 0x00, 0x07, 0x00, 0x00, 0x00, 0x0E, 
0x00, 0x00, 0x00, 0x01, 0x00, 0x00, 0x00, 0x00, 0x00, 0x00, 0x00, 0x22, 0x00, 0x00, 0x00, 0x06, 
0x00, 0x00, 0x00, 0x07, 0x00, 0x00, 0x00, 0x08, 0x00, 0x00, 0x00, 0x0E, 0x00, 0x00, 0x00, 0x02, 
0x00, 0x00, 0x00, 0x00, 0x00, 0x00, 0x00, 0x23, 0x00, 0x00, 0x00, 0x0E, 0x00, 0x00, 0x00, 0x0B, 
0x00, 0x00, 0x00, 0x0A, 0x00, 0x00, 0x00, 0x0D, 0x00, 0x00, 0x00, 0x00, 0x00, 0x00, 0x00, 0x00, 
0x00, 0x00, 0x00, 0x24, 0x00, 0x00, 0x00, 0x12, 0x00, 0x00, 0x00, 0x0A, 0x00, 0x00, 0x00, 0x0A, 
0x00, 0x00, 0x00, 0x0F, 0x00, 0x00, 0x00, 0x00, 0x00, 0x00, 0x00, 0x00, 0x00, 0x00, 0x00, 0x25, 
0x00, 0x00, 0x00, 0x0F, 0x00, 0x00, 0x00, 0x0D, 0x00, 0x00, 0x00, 0x0E, 0x00, 0x00, 0x00, 0x0E, 
0x00, 0x00, 0x00, 0x01, 0x00, 0x00, 0x00, 0x00, 0x00, 0x00, 0x00, 0x26, 0x00, 0x00, 0x00, 0x0F, 
0x00, 0x00, 0x00, 0x0D, 0x00, 0x00, 0x00, 0x0E, 0x00, 0x00, 0x00, 0x0E, 0x00, 0x00, 0x00, 0x00, 
0x00, 0x00, 0x00, 0x00, 0x00, 0x00, 0x00, 0x27, 0x00, 0x00, 0x00, 0x06, 0x00, 0x00, 0x00, 0x03, 
0x00, 0x00, 0x00, 0x04, 0x00, 0x00, 0x00, 0x0E, 0x00, 0x00, 0x00, 0x02, 0x00, 0x00, 0x00, 0x00, 
0x00, 0x00, 0x00, 0x28, 0x00, 0x00, 0x00, 0x12, 0x00, 0x00, 0x00, 0x06, 0x00, 0x00, 0x00, 0x06, 
0x00, 0x00, 0x00, 0x0E, 0x00, 0x00, 0x00, 0x01, 0x00, 0x00, 0x00, 0x00, 0x00, 0x00, 0x00, 0x29, 
0x00, 0x00, 0x00, 0x12, 0x00, 0x00, 0x00, 0x07, 0x00, 0x00, 0x00, 0x06, 0x00, 0x00, 0x00, 0x0E, 
0xFF, 0xFF, 0xFF, 0xFF, 0x00, 0x00, 0x00, 0x00, 0x00, 0x00, 0x00, 0x2A, 0x00, 0x00, 0x00, 0x08, 
0x00, 0x00, 0x00, 0x08, 0x00, 0x00, 0x00, 0x0A, 0x00, 0x00, 0x00, 0x0E, 0x00, 0x00, 0x00, 0x02, 
0x00, 0x00, 0x00, 0x00, 0x00, 0x00, 0x00, 0x2B, 0x00, 0x00, 0x00, 0x0A, 0x00, 0x00, 0x00, 0x0A, 
0x00, 0x00, 0x00, 0x0A, 0x00, 0x00, 0x00, 0x0B, 0x00, 0x00, 0x00, 0x00, 0x00, 0x00, 0x00, 0x00, 
0x00, 0x00, 0x00, 0x2C, 0x00, 0x00, 0x00, 0x06, 0x00, 0x00, 0x00, 0x06, 0x00, 0x00, 0x00, 0x05, 
0x00, 0x00, 0x00, 0x03, 0xFF, 0xFF, 0xFF, 0xFE, 0x00, 0x00, 0x00, 0x00, 0x00, 0x00, 0x00, 0x2E, 
0x00, 0x00, 0x00, 0x04, 0x00, 0x00, 0x00, 0x03, 0x00, 0x00, 0x00, 0x05, 0x00, 0x00, 0x00, 0x03, 
0x00, 0x00, 0x00, 0x00, 0x00, 0x00, 0x00, 0x00, 0x00, 0x00, 0x00, 0x2F, 0x00, 0x00, 0x00, 0x12, 
0x00, 0x00, 0x00, 0x0C, 0x00, 0x00, 0x00, 0x08, 0x00, 0x00, 0x00, 0x0F, 0xFF, 0xFF, 0xFF, 0xFE, 
0x00, 0x00, 0x00, 0x00, 0x00, 0x00, 0x00, 0x30, 0x00, 0x00, 0x00, 0x0E, 0x00, 0x00, 0x00, 0x0B, 
0x00, 0x00, 0x00, 0x0A, 0x00, 0x00, 0x00, 0x0D, 0x00, 0x00, 0x00, 0x00, 0x00, 0x00, 0x00, 0x00, 
0x00, 0x00, 0x00, 0x31, 0x00, 0x00, 0x00, 0x0D, 0x00, 0x00, 0x00, 0x09, 0x00, 0x00, 0x00, 0x0A, 
0x00, 0x00, 0x00, 0x0D, 0x00, 0x00, 0x00, 0x00, 0x00, 0x00, 0x00, 0x00, 0x00, 0x00, 0x00, 0x32, 
0x00, 0x00, 0x00, 0x0D, 0x00, 0x00, 0x00, 0x0A, 0x00, 0x00, 0x00, 0x0A, 0x00, 0x00, 0x00, 0x0D, 
0x00, 0x00, 0x00, 0x00, 0x00, 0x00, 0x00, 0x00, 0x00, 0x00, 0x00, 0x33, 0x00, 0x00, 0x00, 0x0E, 
0x00, 0x00, 0x00, 0x0A, 0x00, 0x00, 0x00, 0x0A, 0x00, 0x00, 0x00, 0x0D, 0x00, 0x00, 0x00, 0x00, 
0x00, 0x00, 0x00, 0x00, 0x00, 0x00, 0x00, 0x34, 0x00, 0x00, 0x00, 0x0E, 0x00, 0x00, 0x00, 0x0A, 
0x00, 0x00, 0x00, 0x0A, 0x00, 0x00, 0x00, 0x0D, 0x00, 0x00, 0x00, 0x00, 0x00, 0x00, 0x00, 0x00, 
0x00, 0x00, 0x00, 0x35, 0x00, 0x00, 0x00, 0x0E, 0x00, 0x00, 0x00, 0x0A, 0x00, 0x00, 0x00, 0x0A, 
0x00, 0x00, 0x00, 0x0D, 0x00, 0x00, 0x00, 0x00, 0x00, 0x00, 0x00, 0x00, 0x00, 0x00, 0x00, 0x36, 
0x00, 0x00, 0x00, 0x0E, 0x00, 0x00, 0x00, 0x0A, 0x00, 0x00, 0x00, 0x0A, 0x00, 0x00, 0x00, 0x0D, 
0x00, 0x00, 0x00, 0x01, 0x00, 0x00, 0x00, 0x00, 0x00, 0x00, 0x00, 0x37, 0x00, 0x00, 0x00, 0x0E, 
0x00, 0x00, 0x00, 0x0A, 0x00, 0x00, 0x00, 0x0A, 0x00, 0x00, 0x00, 0x0D, 0x00, 0x00, 0x00, 0x01, 
0x00, 0x00, 0x00, 0x00, 0x00, 0x00, 0x00, 0x38, 0x00, 0x00, 0x00, 0x0E, 0x00, 0x00, 0x00, 0x0A, 
0x00, 0x00, 0x00, 0x0A, 0x00, 0x00, 0x00, 0x0D, 0x00, 0x00, 0x00, 0x00, 0x00, 0x00, 0x00, 0x00, 
0x00, 0x00, 0x00, 0x39, 0x00, 0x00, 0x00, 0x0E, 0x00, 0x00, 0x00, 0x0A, 0x00, 0x00, 0x00, 0x0A, 
0x00, 0x00, 0x00, 0x0D, 0x00, 0x00, 0x00, 0x00, 0x00, 0x00, 0x00, 0x00, 0x00, 0x00, 0x00, 0x3A, 
0x00, 0x00, 0x00, 0x0A, 0x00, 0x00, 0x00, 0x04, 0x00, 0x00, 0x00, 0x05, 0x00, 0x00, 0x00, 0x09, 
0x00, 0x00, 0x00, 0x01, 0x00, 0x00, 0x00, 0x00, 0x00, 0x00, 0x00, 0x3B, 0x00, 0x00, 0x00, 0x0C, 
0x00, 0x00, 0x00, 0x06, 0x00, 0x00, 0x00, 0x05, 0x00, 0x00, 0x00, 0x09, 0xFF, 0xFF, 0xFF, 0xFF, 
0x00, 0x00, 0x00, 0x00, 0x00, 0x00, 0x00, 0x3C, 0x00, 0x00, 0x00, 0x0B, 0x00, 0x00, 0x00, 0x0B, 
0x00, 0x00, 0x00, 0x0A, 0x00, 0x00, 0x00, 0x0B, 0x00, 0x00, 0x00, 0x00, 0x00, 0x00, 0x00, 0x00, 
0x00, 0x00, 0x00, 0x3D, 0x00, 0x00, 0x00, 0x06, 0x00, 0x00, 0x00, 0x0A, 0x00, 0x00, 0x00, 0x0A, 
0x00, 0x00, 0x00, 0x09, 0x00, 0x00, 0x00, 0x00, 0x00, 0x00, 0x00, 0x00, 0x00, 0x00, 0x00, 0x3E, 
0x00, 0x00, 0x00, 0x0B, 0x00, 0x00, 0x00, 0x0A, 0x00, 0x00, 0x00, 0x0A, 0x00, 0x00, 0x00, 0x0B, 
0x00, 0x00, 0x00, 0x00, 0x00, 0x00, 0x00, 0x00, 0x00, 0x00, 0x00, 0x3F, 0x00, 0x00, 0x00, 0x0F, 
0x00, 0x00, 0x00, 0x08, 0x00, 0x00, 0x00, 0x09, 0x00, 0x00, 0x00, 0x0E, 0x00, 0x00, 0x00, 0x02, 
0x00, 0x00, 0x00, 0x00, 0x00, 0x00, 0x00, 0x40, 0x00, 0x00, 0x00, 0x10, 0x00, 0x00, 0x00, 0x10, 
0x00, 0x00, 0x00, 0x12, 0x00, 0x00, 0x00, 0x0D, 0x00, 0x00, 0x00, 0x01, 0x00, 0x00, 0x00, 0x00, 
0x00, 0x00, 0x00, 0x41, 0x00, 0x00, 0x00, 0x0E, 0x00, 0x00, 0x00, 0x0C, 0x00, 0x00, 0x00, 0x0C, 
0x00, 0x00, 0x00, 0x0D, 0xFF, 0xFF, 0xFF, 0xFF, 0x00, 0x00, 0x00, 0x00, 0x00, 0x00, 0x00, 0x42, 
0x00, 0x00, 0x00, 0x0D, 0x00, 0x00, 0x00, 0x0B, 0x00, 0x00, 0x00, 0x0B, 0x00, 0x00, 0x00, 0x0D, 
0x00, 0x00, 0x00, 0x00, 0x00, 0x00, 0x00, 0x00, 0x00, 0x00, 0x00, 0x43, 0x00, 0x00, 0x00, 0x0E, 
0x00, 0x00, 0x00, 0x0B, 0x00, 0x00, 0x00, 0x0A, 0x00, 0x00, 0x00, 0x0D, 0x00, 0x00, 0x00, 0x01, 
0x00, 0x00, 0x00, 0x00, 0x00, 0x00, 0x00, 0x44, 0x00, 0x00, 0x00, 0x0D, 0x00, 0x00, 0x00, 0x0C, 
0x00, 0x00, 0x00, 0x0C, 0x00, 0x00, 0x00, 0x0D, 0x00, 0x00, 0x00, 0x00, 0x00, 0x00, 0x00, 0x00, 
0x00, 0x00, 0x00, 0x45, 0x00, 0x00, 0x00, 0x0D, 0x00, 0x00, 0x00, 0x0B, 0x00, 0x00, 0x00, 0x0A, 
0x00, 0x00, 0x00, 0x0D, 0x00, 0x00, 0x00, 0x00, 0x00, 0x00, 0x00, 0x00, 0x00, 0x00, 0x00, 0x46, 
0x00, 0x00, 0x00, 0x0E, 0x00, 0x00, 0x00, 0x0A, 0x00, 0x00, 0x00, 0x09, 0x00, 0x00, 0x00, 0x0D, 
0x00, 0x00, 0x00, 0x00, 0x00, 0x00, 0x00, 0x00, 0x00, 0x00, 0x00, 0x47, 0x00, 0x00, 0x00, 0x0E, 
0x00, 0x00, 0x00, 0x0C, 0x00, 0x00, 0x00, 0x0D, 0x00, 0x00, 0x00, 0x0D, 0x00, 0x00, 0x00, 0x01, 
0x00, 0x00, 0x00, 0x00, 0x00, 0x00, 0x00, 0x48, 0x00, 0x00, 0x00, 0x0E, 0x00, 0x00, 0x00, 0x0D, 
0x00, 0x00, 0x00, 0x0C, 0x00, 0x00, 0x00, 0x0D, 0x00, 0x00, 0x00, 0x00, 0x00, 0x00, 0x00, 0x00, 
0x00, 0x00, 0x00, 0x49, 0x00, 0x00, 0x00, 0x0E, 0x00, 0x00, 0x00, 0x05, 0x00, 0x00, 0x00, 0x05, 
0x00, 0x00, 0x00, 0x0D, 0x00, 0x00, 0x00, 0x00, 0x00, 0x00, 0x00, 0x00, 0x00, 0x00, 0x00, 0x4A, 
0x00, 0x00, 0x00, 0x0E, 0x00, 0x00, 0x00, 0x08, 0x00, 0x00, 0x00, 0x06, 0x00, 0x00, 0x00, 0x0D, 
0xFF, 0xFF, 0xFF, 0xFF, 0x00, 0x00, 0x00, 0x00, 0x00, 0x00, 0x00, 0x4B, 0x00, 0x00, 0x00, 0x0E, 
0x00, 0x00, 0x00, 0x0C, 0x00, 0x00, 0x00, 0x0A, 0x00, 0x00, 0x00, 0x0D, 0x00, 0x00, 0x00, 0x00, 
0x00, 0x00, 0x00, 0x00, 0x00, 0x00, 0x00, 0x4C, 0x00, 0x00, 0x00, 0x0D, 0x00, 0x00, 0x00, 0x08, 
0x00, 0x00, 0x00, 0x08, 0x00, 0x00, 0x00, 0x0D, 0x00, 0x00, 0x00, 0x00, 0x00, 0x00, 0x00, 0x00, 
0x00, 0x00, 0x00, 0x4D, 0x00, 0x00, 0x00, 0x0E, 0x00, 0x00, 0x00, 0x11, 0x00, 0x00, 0x00, 0x11, 
0x00, 0x00, 0x00, 0x0D, 0x00, 0x00, 0x00, 0x00, 0x00, 0x00, 0x00, 0x00, 0x00, 0x00, 0x00, 0x4E, 
0x00, 0x00, 0x00, 0x0E, 0x00, 0x00, 0x00, 0x0D, 0x00, 0x00, 0x00, 0x0D, 0x00, 0x00, 0x00, 0x0D, 
0x00, 0x00, 0x00, 0x00, 0x00, 0x00, 0x00, 0x00, 0x00, 0x00, 0x00, 0x4F, 0x00, 0x00, 0x00, 0x0E, 
0x00, 0x00, 0x00, 0x0C, 0x00, 0x00, 0x00, 0x0D, 0x00, 0x00, 0x00, 0x0D, 0x00, 0x00, 0x00, 0x01, 
0x00, 0x00, 0x00, 0x00, 0x00, 0x00, 0x00, 0x50, 0x00, 0x00, 0x00, 0x0E, 0x00, 0x00, 0x00, 0x0B, 
0x00, 0x00, 0x00, 0x0A, 0x00, 0x00, 0x00, 0x0D, 0x00, 0x00, 0x00, 0x00, 0x00, 0x00, 0x00, 0x00, 
0x00, 0x00, 0x00, 0x51, 0x00, 0x00, 0x00, 0x0F, 0x00, 0x00, 0x00, 0x0C, 0x00, 0x00, 0x00, 0x0D, 
0x00, 0x00, 0x00, 0x0D, 0x00, 0x00, 0x00, 0x01, 0x00, 0x00, 0x00, 0x00, 0x00, 0x00, 0x00, 0x52, 
0x00, 0x00, 0x00, 0x0E, 0x00, 0x00, 0x00, 0x0B, 0x00, 0x00, 0x00, 0x0B, 0x00, 0x00, 0x00, 0x0D, 
0x00, 0x00, 0x00, 0x00, 0x00, 0x00, 0x00, 0x00, 0x00, 0x00, 0x00, 0x53, 0x00, 0x00, 0x00, 0x0E, 
0x00, 0x00, 0x00, 0x09, 0x00, 0x00, 0x00, 0x09, 0x00, 0x00, 0x00, 0x0D, 0x00, 0x00, 0x00, 0x00, 
0x00, 0x00, 0x00, 0x00, 0x00, 0x00, 0x00, 0x54, 0x00, 0x00, 0x00, 0x0E, 0x00, 0x00, 0x00, 0x0B, 
0x00, 0x00, 0x00, 0x0A, 0x00, 0x00, 0x00, 0x0D, 0x00, 0x00, 0x00, 0x01, 0x00, 0x00, 0x00, 0x00, 
0x00, 0x00, 0x00, 0x55, 0x00, 0x00, 0x00, 0x0E, 0x00, 0x00, 0x00, 0x0C, 0x00, 0x00, 0x00, 0x0D, 
0x00, 0x00, 0x00, 0x0D, 0x00, 0x00, 0x00, 0x01, 0x00, 0x00, 0x00, 0x00, 0x00, 0x00, 0x00, 0x56, 
0x00, 0x00, 0x00, 0x0E, 0x00, 0x00, 0x00, 0x0C, 0x00, 0x00, 0x00, 0x0B, 0x00, 0x00, 0x00, 0x0D, 
0x00, 0x00, 0x00, 0x01, 0x00, 0x00, 0x00, 0x00, 0x00, 0x00, 0x00, 0x57, 0x00, 0x00, 0x00, 0x0E, 
0x00, 0x00, 0x00, 0x11, 0x00, 0x00, 0x00, 0x12, 0x00, 0x00, 0x00, 0x0D, 0x00, 0x00, 0x00, 0x02, 
0x00, 0x00, 0x00, 0x00, 0x00, 0x00, 0x00, 0x58, 0x00, 0x00, 0x00, 0x0E, 0x00, 0x00, 0x00, 0x0D, 
0x00, 0x00, 0x00, 0x0A, 0x00, 0x00, 0x00, 0x0D, 0xFF, 0xFF, 0xFF, 0xFF, 0x00, 0x00, 0x00, 0x00, 
0x00, 0x00, 0x00, 0x59, 0x00, 0x00, 0x00, 0x0E, 0x00, 0x00, 0x00, 0x0A, 0x00, 0x00, 0x00, 0x0A, 
0x00, 0x00, 0x00, 0x0D, 0x00, 0x00, 0x00, 0x01, 0x00, 0x00, 0x00, 0x00, 0x00, 0x00, 0x00, 0x5A, 
0x00, 0x00, 0x00, 0x0D, 0x00, 0x00, 0x00, 0x0C, 0x00, 0x00, 0x00, 0x09, 0x00, 0x00, 0x00, 0x0D, 
0xFF, 0xFF, 0xFF, 0xFF, 0x00, 0x00, 0x00, 0x00, 0x00, 0x00, 0x00, 0x5B, 0x00, 0x00, 0x00, 0x12, 
0x00, 0x00, 0x00, 0x07, 0x00, 0x00, 0x00, 0x06, 0x00, 0x00, 0x00, 0x0E, 0x00, 0x00, 0x00, 0x00, 
0x00, 0x00, 0x00, 0x00, 0x00, 0x00, 0x00, 0x5C, 0x00, 0x00, 0x00, 0x12, 0x00, 0x00, 0x00, 0x05, 
0x00, 0x00, 0x00, 0x08, 0x00, 0x00, 0x00, 0x0F, 0x00, 0x00, 0x00, 0x02, 0x00, 0x00, 0x00, 0x00, 
0x00, 0x00, 0x00, 0x5D, 0x00, 0x00, 0x00, 0x12, 0x00, 0x00, 0x00, 0x07, 0x00, 0x00, 0x00, 0x06, 
0x00, 0x00, 0x00, 0x0E, 0xFF, 0xFF, 0xFF, 0xFF, 0x00, 0x00, 0x00, 0x00, 0x00, 0x00, 0x00, 0x5E, 
0x00, 0x00, 0x00, 0x08, 0x00, 0x00, 0x00, 0x09, 0x00, 0x00, 0x00, 0x0A, 0x00, 0x00, 0x00, 0x0D, 
0x00, 0x00, 0x00, 0x01, 0x00, 0x00, 0x00, 0x00, 0x00, 0x00, 0x00, 0x5F, 0x00, 0x00, 0x00, 0x02, 
0x00, 0x00, 0x00, 0x0B, 0x00, 0x00, 0x00, 0x0A, 0xFF, 0xFF, 0xFF, 0xFE, 0xFF, 0xFF, 0xFF, 0xFE, 
0x00, 0x00, 0x00, 0x00, 0x00, 0x00, 0x00, 0x60, 0x00, 0x00, 0x00, 0x04, 0x00, 0x00, 0x00, 0x04, 
0x00, 0x00, 0x00, 0x06, 0x00, 0x00, 0x00, 0x0E, 0x00, 0x00, 0x00, 0x02, 0x00, 0x00, 0x00, 0x00, 
0x00, 0x00, 0x00, 0x61, 0x00, 0x00, 0x00, 0x0B, 0x00, 0x00, 0x00, 0x0A, 0x00, 0x00, 0x00, 0x0A, 
0x00, 0x00, 0x00, 0x0A, 0x00, 0x00, 0x00, 0x00, 0x00, 0x00, 0x00, 0x00, 0x00, 0x00, 0x00, 0x62, 
0x00, 0x00, 0x00, 0x0F, 0x00, 0x00, 0x00, 0x0A, 0x00, 0x00, 0x00, 0x0A, 0x00, 0x00, 0x00, 0x0E, 
0x00, 0x00, 0x00, 0x00, 0x00, 0x00, 0x00, 0x00, 0x00, 0x00, 0x00, 0x63, 0x00, 0x00, 0x00, 0x0B, 
0x00, 0x00, 0x00, 0x09, 0x00, 0x00, 0x00, 0x08, 0x00, 0x00, 0x00, 0x0A, 0x00, 0x00, 0x00, 0x00, 
0x00, 0x00, 0x00, 0x00, 0x00, 0x00, 0x00, 0x64, 0x00, 0x00, 0x00, 0x0F, 0x00, 0x00, 0x00, 0x0B, 
0x00, 0x00, 0x00, 0x0A, 0x00, 0x00, 0x00, 0x0E, 0x00, 0x00, 0x00, 0x00, 0x00, 0x00, 0x00, 0x00, 
0x00, 0x00, 0x00, 0x65, 0x00, 0x00, 0x00, 0x0B, 0x00, 0x00, 0x00, 0x0A, 0x00, 0x00, 0x00, 0x0A, 
0x00, 0x00, 0x00, 0x0A, 0x00, 0x00, 0x00, 0x00, 0x00, 0x00, 0x00, 0x00, 0x00, 0x00, 0x00, 0x66, 
0x00, 0x00, 0x00, 0x12, 0x00, 0x00, 0x00, 0x0A, 0x00, 0x00, 0x00, 0x06, 0x00, 0x00, 0x00, 0x0E, 
0xFF, 0xFF, 0xFF, 0xFE, 0x00, 0x00, 0x00, 0x00, 0x00, 0x00, 0x00, 0x67, 0x00, 0x00, 0x00, 0x0E, 
0x00, 0x00, 0x00, 0x0A, 0x00, 0x00, 0x00, 0x0A, 0x00, 0x00, 0x00, 0x0A, 0x00, 0x00, 0x00, 0x00, 
0x00, 0x00, 0x00, 0x00, 0x00, 0x00, 0x00, 0x68, 0x00, 0x00, 0x00, 0x0F, 0x00, 0x00, 0x00, 0x0A, 
0x00, 0x00, 0x00, 0x0A, 0x00, 0x00, 0x00, 0x0E, 0x00, 0x00, 0x00, 0x00, 0x00, 0x00, 0x00, 0x00, 
0x00, 0x00, 0x00, 0x69, 0x00, 0x00, 0x00, 0x0E, 0x00, 0x00, 0x00, 0x05, 0x00, 0x00, 0x00, 0x05, 
0x00, 0x00, 0x00, 0x0D, 0x00, 0x00, 0x00, 0x00, 0x00, 0x00, 0x00, 0x00, 0x00, 0x00, 0x00, 0x6A, 
0x00, 0x00, 0x00, 0x11, 0x00, 0x00, 0x00, 0x07, 0x00, 0x00, 0x00, 0x05, 0x00, 0x00, 0x00, 0x0D, 
0xFF, 0xFF, 0xFF, 0xFE, 0x00, 0x00, 0x00, 0x00, 0x00, 0x00, 0x00, 0x6B, 0x00, 0x00, 0x00, 0x0F, 
0x00, 0x00, 0x00, 0x0A, 0x00, 0x00, 0x00, 0x09, 0x00, 0x00, 0x00, 0x0E, 0x00, 0x00, 0x00, 0x00, 
0x00, 0x00, 0x00, 0x00, 0x00, 0x00, 0x00, 0x6C, 0x00, 0x00, 0x00, 0x0F, 0x00, 0x00, 0x00, 0x05, 
0x00, 0x00, 0x00, 0x05, 0x00, 0x00, 0x00, 0x0E, 0x00, 0x00, 0x00, 0x00, 0x00, 0x00, 0x00, 0x00, 
0x00, 0x00, 0x00, 0x6D, 0x00, 0x00, 0x00, 0x0B, 0x00, 0x00, 0x00, 0x0F, 0x00, 0x00, 0x00, 0x10, 
0x00, 0x00, 0x00, 0x0A, 0x00, 0x00, 0x00, 0x00, 0x00, 0x00, 0x00, 0x00, 0x00, 0x00, 0x00, 0x6E, 
0x00, 0x00, 0x00, 0x0B, 0x00, 0x00, 0x00, 0x0A, 0x00, 0x00, 0x00, 0x0A, 0x00, 0x00, 0x00, 0x0A, 
0x00, 0x00, 0x00, 0x00, 0x00, 0x00, 0x00, 0x00, 0x00, 0x00, 0x00, 0x6F, 0x00, 0x00, 0x00, 0x0B, 
0x00, 0x00, 0x00, 0x0A, 0x00, 0x00, 0x00, 0x0A, 0x00, 0x00, 0x00, 0x0A, 0x00, 0x00, 0x00, 0x00, 
0x00, 0x00, 0x00, 0x00, 0x00, 0x00, 0x00, 0x70, 0x00, 0x00, 0x00, 0x0E, 0x00, 0x00, 0x00, 0x0B, 
0x00, 0x00, 0x00, 0x0A, 0x00, 0x00, 0x00, 0x0A, 0xFF, 0xFF, 0xFF, 0xFF, 0x00, 0x00, 0x00, 0x00, 
0x00, 0x00, 0x00, 0x71, 0x00, 0x00, 0x00, 0x0E, 0x00, 0x00, 0x00, 0x0A, 0x00, 0x00, 0x00, 0x0A, 
0x00, 0x00, 0x00, 0x0A, 0x00, 0x00, 0x00, 0x00, 0x00, 0x00, 0x00, 0x00, 0x00, 0x00, 0x00, 0x72, 
0x00, 0x00, 0x00, 0x0B, 0x00, 0x00, 0x00, 0x08, 0x00, 0x00, 0x00, 0x07, 0x00, 0x00, 0x00, 0x0A, 
0x00, 0x00, 0x00, 0x00, 0x00, 0x00, 0x00, 0x00, 0x00, 0x00, 0x00, 0x73, 0x00, 0x00, 0x00, 0x0B, 
0x00, 0x00, 0x00, 0x08, 0x00, 0x00, 0x00, 0x08, 0x00, 0x00, 0x00, 0x0A, 0x00, 0x00, 0x00, 0x00, 
0x00, 0x00, 0x00, 0x00, 0x00, 0x00, 0x00, 0x74, 0x00, 0x00, 0x00, 0x0D, 0x00, 0x00, 0x00, 0x06, 
0x00, 0x00, 0x00, 0x07, 0x00, 0x00, 0x00, 0x0C, 0x00, 0x00, 0x00, 0x01, 0x00, 0x00, 0x00, 0x00, 
0x00, 0x00, 0x00, 0x75, 0x00, 0x00, 0x00, 0x0B, 0x00, 0x00, 0x00, 0x09, 0x00, 0x00, 0x00, 0x0A, 
0x00, 0x00, 0x00, 0x0A, 0x00, 0x00, 0x00, 0x01, 0x00, 0x00, 0x00, 0x00, 0x00, 0x00, 0x00, 0x76, 
0x00, 0x00, 0x00, 0x0B, 0x00, 0x00, 0x00, 0x09, 0x00, 0x00, 0x00, 0x09, 0x00, 0x00, 0x00, 0x0A, 
0x00, 0x00, 0x00, 0x01, 0x00, 0x00, 0x00, 0x00, 0x00, 0x00, 0x00, 0x77, 0x00, 0x00, 0x00, 0x0B, 
0x00, 0x00, 0x00, 0x0E, 0x00, 0x00, 0x00, 0x0E, 0x00, 0x00, 0x00, 0x0A, 0x00, 0x00, 0x00, 0x01, 
0x00, 0x00, 0x00, 0x00, 0x00, 0x00, 0x00, 0x78, 0x00, 0x00, 0x00, 0x0B, 0x00, 0x00, 0x00, 0x0A, 
0x00, 0x00, 0x00, 0x09, 0x00, 0x00, 0x00, 0x0A, 0xFF, 0xFF, 0xFF, 0xFF, 0x00, 0x00, 0x00, 0x00, 
0x00, 0x00, 0x00, 0x79, 0x00, 0x00, 0x00, 0x0E, 0x00, 0x00, 0x00, 0x0A, 0x00, 0x00, 0x00, 0x09, 
0x00, 0x00, 0x00, 0x0A, 0x00, 0x00, 0x00, 0x00, 0x00, 0x00, 0x00, 0x00, 0x00, 0x00, 0x00, 0x7A, 
0x00, 0x00, 0x00, 0x0A, 0x00, 0x00, 0x00, 0x08, 0x00, 0x00, 0x00, 0x08, 0x00, 0x00, 0x00, 0x0A, 
0x00, 0x00, 0x00, 0x00, 0x00, 0x00, 0x00, 0x00, 0x00, 0x00, 0x00, 0x7B, 0x00, 0x00, 0x00, 0x12, 
0x00, 0x00, 0x00, 0x07, 0x00, 0x00, 0x00, 0x06, 0x00, 0x00, 0x00, 0x0E, 0x00, 0x00, 0x00, 0x01, 
0x00, 0x00, 0x00, 0x00, 0x00, 0x00, 0x00, 0x7C, 0x00, 0x00, 0x00, 0x12, 0x00, 0x00, 0x00, 0x06, 
0x00, 0x00, 0x00, 0x09, 0x00, 0x00, 0x00, 0x0E, 0x00, 0x00, 0x00, 0x02, 0x00, 0x00, 0x00, 0x00, 
0x00, 0x00, 0x00, 0x7D, 0x00, 0x00, 0x00, 0x12, 0x00, 0x00, 0x00, 0x08, 0x00, 0x00, 0x00, 0x06, 
0x00, 0x00, 0x00, 0x0E, 0xFF, 0xFF, 0xFF, 0xFF, 0x00, 0x00, 0x00, 0x00, 0x00, 0x00, 0x00, 0x7E, 
0x00, 0x00, 0x00, 0x05, 0x00, 0x00, 0x00, 0x0A, 0x00, 0x00, 0x00, 0x0A, 0x00, 0x00, 0x00, 0x0C, 
0x00, 0x00, 0x00, 0x01, 0x00, 0x00, 0x00, 0x00, 0x00, 0x00, 0x00, 0xA0, 0x00, 0x00, 0x00, 0x01, 
0x00, 0x00, 0x00, 0x01, 0x00, 0x00, 0x00, 0x05, 0x00, 0x00, 0x00, 0x28, 0xFF, 0xFF, 0xFF, 0xEC, 
0x00, 0x00, 0x00, 0x00, 0x00, 0x00, 0x00, 0xA6, 0x00, 0x00, 0x00, 0x13, 0x00, 0x00, 0x00, 0x06, 
0x00, 0x00, 0x00, 0x0A, 0x00, 0x00, 0x00, 0x0F, 0x00, 0x00, 0x00, 0x02, 0x00, 0x00, 0x00, 0x00, 
0x00, 0x00, 0x00, 0xA7, 0x00, 0x00, 0x00, 0x10, 0x00, 0x00, 0x00, 0x0A, 0x00, 0x00, 0x00, 0x0A, 
0x00, 0x00, 0x00, 0x0E, 0x00, 0x00, 0x00, 0x00, 0x00, 0x00, 0x00, 0x00, 0x00, 0x00, 0x00, 0xA9, 
0x00, 0x00, 0x00, 0x0F, 0x00, 0x00, 0x00, 0x0F, 0x00, 0x00, 0x00, 0x11, 0x00, 0x00, 0x00, 0x0E, 
0x00, 0x00, 0x00, 0x01, 0x00, 0x00, 0x00, 0x00, 0x00, 0x00, 0x00, 0xAB, 0x00, 0x00, 0x00, 0x0A, 
0x00, 0x00, 0x00, 0x09, 0x00, 0x00, 0x00, 0x0A, 0x00, 0x00, 0x00, 0x0A, 0x00, 0x00, 0x00, 0x01, 
0x00, 0x00, 0x00, 0x00, 0x00, 0x00, 0x00, 0xAE, 0x00, 0x00, 0x00, 0x08, 0x00, 0x00, 0x00, 0x08, 
0x00, 0x00, 0x00, 0x0A, 0x00, 0x00, 0x00, 0x0E, 0x00, 0x00, 0x00, 0x02, 0x00, 0x00, 0x00, 0x00, 
0x00, 0x00, 0x00, 0xB0, 0x00, 0x00, 0x00, 0x06, 0x00, 0x00, 0x00, 0x06, 0x00, 0x00, 0x00, 0x07, 
0x00, 0x00, 0x00, 0x0E, 0x00, 0x00, 0x00, 0x02, 0x00, 0x00, 0x00, 0x00, 0x00, 0x00, 0x00, 0xB1, 
0x00, 0x00, 0x00, 0x0C, 0x00, 0x00, 0x00, 0x0A, 0x00, 0x00, 0x00, 0x0A, 0x00, 0x00, 0x00, 0x0C, 
0x00, 0x00, 0x00, 0x00, 0x00, 0x00, 0x00, 0x00, 0x00, 0x00, 0x00, 0xB4, 0x00, 0x00, 0x00, 0x04, 
0x00, 0x00, 0x00, 0x05, 0x00, 0x00, 0x00, 0x06, 0x00, 0x00, 0x00, 0x0E, 0x00, 0x00, 0x00, 0x02, 
0x00, 0x00, 0x00, 0x00, 0x00, 0x00, 0x00, 0xBB, 0x00, 0x00, 0x00, 0x0A, 0x00, 0x00, 0x00, 0x09, 
0x00, 0x00, 0x00, 0x0A, 0x00, 0x00, 0x00, 0x0A, 0x00, 0x00, 0x00, 0x01, 0x00, 0x00, 0x00, 0x00, 
0x00, 0x00, 0x00, 0xD7, 0x00, 0x00, 0x00, 0x09, 0x00, 0x00, 0x00, 0x0A, 0x00, 0x00, 0x00, 0x0A, 
0x00, 0x00, 0x00, 0x0A, 0x00, 0x00, 0x00, 0x00, 0x00, 0x00, 0x00, 0x00, 0x00, 0x00, 0x00, 0xF7, 
0x00, 0x00, 0x00, 0x0B, 0x00, 0x00, 0x00, 0x0A, 0x00, 0x00, 0x00, 0x0A, 0x00, 0x00, 0x00, 0x0B, 
0x00, 0x00, 0x00, 0x00, 0x00, 0x00, 0x00, 0x00, 0x00, 0x00, 0x04, 0x01, 0x00, 0x00, 0x00, 0x10, 
0x00, 0x00, 0x00, 0x0B, 0x00, 0x00, 0x00, 0x0A, 0x00, 0x00, 0x00, 0x10, 0x00, 0x00, 0x00, 0x00, 
0x00, 0x00, 0x00, 0x00, 0x00, 0x00, 0x04, 0x10, 0x00, 0x00, 0x00, 0x0E, 0x00, 0x00, 0x00, 0x0C, 
0x00, 0x00, 0x00, 0x0C, 0x00, 0x00, 0x00, 0x0D, 0xFF, 0xFF, 0xFF, 0xFF, 0x00, 0x00, 0x00, 0x00, 
0x00, 0x00, 0x04, 0x11, 0x00, 0x00, 0x00, 0x0D, 0x00, 0x00, 0x00, 0x0B, 0x00, 0x00, 0x00, 0x0B, 
0x00, 0x00, 0x00, 0x0D, 0x00, 0x00, 0x00, 0x00, 0x00, 0x00, 0x00, 0x00, 0x00, 0x00, 0x04, 0x12, 
0x00, 0x00, 0x00, 0x0D, 0x00, 0x00, 0x00, 0x0B, 0x00, 0x00, 0x00, 0x0B, 0x00, 0x00, 0x00, 0x0D, 
0x00, 0x00, 0x00, 0x00, 0x00, 0x00, 0x00, 0x00, 0x00, 0x00, 0x04, 0x13, 0x00, 0x00, 0x00, 0x0E, 
0x00, 0x00, 0x00, 0x0A, 0x00, 0x00, 0x00, 0x09, 0x00, 0x00, 0x00, 0x0D, 0x00, 0x00, 0x00, 0x00, 
0x00, 0x00, 0x00, 0x00, 0x00, 0x00, 0x04, 0x14, 0x00, 0x00, 0x00, 0x11, 0x00, 0x00, 0x00, 0x0F, 
0x00, 0x00, 0x00, 0x0D, 0x00, 0x00, 0x00, 0x0D, 0xFF, 0xFF, 0xFF, 0xFE, 0x00, 0x00, 0x00, 0x00, 
0x00, 0x00, 0x04, 0x15, 0x00, 0x00, 0x00, 0x0D, 0x00, 0x00, 0x00, 0x0B, 0x00, 0x00, 0x00, 0x0A, 
0x00, 0x00, 0x00, 0x0D, 0x00, 0x00, 0x00, 0x00, 0x00, 0x00, 0x00, 0x00, 0x00, 0x00, 0x04, 0x16, 
0x00, 0x00, 0x00, 0x0E, 0x00, 0x00, 0x00, 0x11, 0x00, 0x00, 0x00, 0x10, 0x00, 0x00, 0x00, 0x0D, 
0x00, 0x00, 0x00, 0x00, 0x00, 0x00, 0x00, 0x00, 0x00, 0x00, 0x04, 0x17, 0x00, 0x00, 0x00, 0x0E, 
0x00, 0x00, 0x00, 0x0A, 0x00, 0x00, 0x00, 0x09, 0x00, 0x00, 0x00, 0x0D, 0x00, 0x00, 0x00, 0x00, 
0x00, 0x00, 0x00, 0x00, 0x00, 0x00, 0x04, 0x18, 0x00, 0x00, 0x00, 0x0E, 0x00, 0x00, 0x00, 0x0D, 
0x00, 0x00, 0x00, 0x0D, 0x00, 0x00, 0x00, 0x0D, 0x00, 0x00, 0x00, 0x00, 0x00, 0x00, 0x00, 0x00, 
0x00, 0x00, 0x04, 0x19, 0x00, 0x00, 0x00, 0x12, 0x00, 0x00, 0x00, 0x0D, 0x00, 0x00, 0x00, 0x0D, 
0x00, 0x00, 0x00, 0x11, 0x00, 0x00, 0x00, 0x00, 0x00, 0x00, 0x00, 0x00, 0x00, 0x00, 0x04, 0x1A, 
0x00, 0x00, 0x00, 0x0E, 0x00, 0x00, 0x00, 0x0C, 0x00, 0x00, 0x00, 0x0B, 0x00, 0x00, 0x00, 0x0D, 
0x00, 0x00, 0x00, 0x00, 0x00, 0x00, 0x00, 0x00, 0x00, 0x00, 0x04, 0x1B, 0x00, 0x00, 0x00, 0x0E, 
0x00, 0x00, 0x00, 0x0D, 0x00, 0x00, 0x00, 0x0C, 0x00, 0x00, 0x00, 0x0D, 0xFF, 0xFF, 0xFF, 0xFF, 
0x00, 0x00, 0x00, 0x00, 0x00, 0x00, 0x04, 0x1C, 0x00, 0x00, 0x00, 0x0E, 0x00, 0x00, 0x00, 0x11, 
0x00, 0x00, 0x00, 0x11, 0x00, 0x00, 0x00, 0x0D, 0x00, 0x00, 0x00, 0x00, 0x00, 0x00, 0x00, 0x00, 
0x00, 0x00, 0x04, 0x1D, 0x00, 0x00, 0x00, 0x0E, 0x00, 0x00, 0x00, 0x0D, 0x00, 0x00, 0x00, 0x0C, 
0x00, 0x00, 0x00, 0x0D, 0x00, 0x00, 0x00, 0x00, 0x00, 0x00, 0x00, 0x00, 0x00, 0x00, 0x04, 0x1E, 
0x00, 0x00, 0x00, 0x0E, 0x00, 0x00, 0x00, 0x0C, 0x00, 0x00, 0x00, 0x0D, 0x00, 0x00, 0x00, 0x0D, 
0x00, 0x00, 0x00, 0x01, 0x00, 0x00, 0x00, 0x00, 0x00, 0x00, 0x04, 0x1F, 0x00, 0x00, 0x00, 0x0E, 
0x00, 0x00, 0x00, 0x0D, 0x00, 0x00, 0x00, 0x0C, 0x00, 0x00, 0x00, 0x0D, 0x00, 0x00, 0x00, 0x00, 
0x00, 0x00, 0x00, 0x00, 0x00, 0x00, 0x04, 0x20, 0x00, 0x00, 0x00, 0x0E, 0x00, 0x00, 0x00, 0x0B, 
0x00, 0x00, 0x00, 0x0A, 0x00, 0x00, 0x00, 0x0D, 0x00, 0x00, 0x00, 0x00, 0x00, 0x00, 0x00, 0x00, 
0x00, 0x00, 0x04, 0x21, 0x00, 0x00, 0x00, 0x0E, 0x00, 0x00, 0x00, 0x0B, 0x00, 0x00, 0x00, 0x0A, 
0x00, 0x00, 0x00, 0x0D, 0x00, 0x00, 0x00, 0x01, 0x00, 0x00, 0x00, 0x00, 0x00, 0x00, 0x04, 0x22, 
0x00, 0x00, 0x00, 0x0E, 0x00, 0x00, 0x00, 0x0B, 0x00, 0x00, 0x00, 0x0A, 0x00, 0x00, 0x00, 0x0D, 
0x00, 0x00, 0x00, 0x01, 0x00, 0x00, 0x00, 0x00, 0x00, 0x00, 0x04, 0x23, 0x00, 0x00, 0x00, 0x0E, 
0x00, 0x00, 0x00, 0x0C, 0x00, 0x00, 0x00, 0x0B, 0x00, 0x00, 0x00, 0x0D, 0x00, 0x00, 0x00, 0x00, 
0x00, 0x00, 0x00, 0x00, 0x00, 0x00, 0x04, 0x24, 0x00, 0x00, 0x00, 0x0F, 0x00, 0x00, 0x00, 0x0D, 
0x00, 0x00, 0x00, 0x0E, 0x00, 0x00, 0x00, 0x0E, 0x00, 0x00, 0x00, 0x01, 0x00, 0x00, 0x00, 0x00, 
0x00, 0x00, 0x04, 0x25, 0x00, 0x00, 0x00, 0x0E, 0x00, 0x00, 0x00, 0x0D, 0x00, 0x00, 0x00, 0x0A, 
0x00, 0x00, 0x00, 0x0D, 0xFF, 0xFF, 0xFF, 0xFF, 0x00, 0x00, 0x00, 0x00, 0x00, 0x00, 0x04, 0x26, 
0x00, 0x00, 0x00, 0x11, 0x00, 0x00, 0x00, 0x0D, 0x00, 0x00, 0x00, 0x0D, 0x00, 0x00, 0x00, 0x0D, 
0x00, 0x00, 0x00, 0x00, 0x00, 0x00, 0x00, 0x00, 0x00, 0x00, 0x04, 0x27, 0x00, 0x00, 0x00, 0x0E, 
0x00, 0x00, 0x00, 0x0A, 0x00, 0x00, 0x00, 0x0B, 0x00, 0x00, 0x00, 0x0D, 0x00, 0x00, 0x00, 0x01, 
0x00, 0x00, 0x00, 0x00, 0x00, 0x00, 0x04, 0x28, 0x00, 0x00, 0x00, 0x0D, 0x00, 0x00, 0x00, 0x12, 
0x00, 0x00, 0x00, 0x11, 0x00, 0x00, 0x00, 0x0D, 0x00, 0x00, 0x00, 0x00, 0x00, 0x00, 0x00, 0x00, 
0x00, 0x00, 0x04, 0x29, 0x00, 0x00, 0x00, 0x11, 0x00, 0x00, 0x00, 0x12, 0x00, 0x00, 0x00, 0x12, 
0x00, 0x00, 0x00, 0x0D, 0x00, 0x00, 0x00, 0x00, 0x00, 0x00, 0x00, 0x00, 0x00, 0x00, 0x04, 0x2A, 
0x00, 0x00, 0x00, 0x0D, 0x00, 0x00, 0x00, 0x0B, 0x00, 0x00, 0x00, 0x0C, 0x00, 0x00, 0x00, 0x0D, 
0x00, 0x00, 0x00, 0x01, 0x00, 0x00, 0x00, 0x00, 0x00, 0x00, 0x04, 0x2B, 0x00, 0x00, 0x00, 0x0E, 
0x00, 0x00, 0x00, 0x10, 0x00, 0x00, 0x00, 0x0F, 0x00, 0x00, 0x00, 0x0D, 0x00, 0x00, 0x00, 0x00, 
0x00, 0x00, 0x00, 0x00, 0x00, 0x00, 0x04, 0x2C, 0x00, 0x00, 0x00, 0x0D, 0x00, 0x00, 0x00, 0x0B, 
0x00, 0x00, 0x00, 0x0B, 0x00, 0x00, 0x00, 0x0D, 0x00, 0x00, 0x00, 0x00, 0x00, 0x00, 0x00, 0x00, 
0x00, 0x00, 0x04, 0x2D, 0x00, 0x00, 0x00, 0x0E, 0x00, 0x00, 0x00, 0x0B, 0x00, 0x00, 0x00, 0x0B, 
0x00, 0x00, 0x00, 0x0D, 0x00, 0x00, 0x00, 0x00, 0x00, 0x00, 0x00, 0x00, 0x00, 0x00, 0x04, 0x2E, 
0x00, 0x00, 0x00, 0x0E, 0x00, 0x00, 0x00, 0x12, 0x00, 0x00, 0x00, 0x12, 0x00, 0x00, 0x00, 0x0D, 
0x00, 0x00, 0x00, 0x00, 0x00, 0x00, 0x00, 0x00, 0x00, 0x00, 0x04, 0x2F, 0x00, 0x00, 0x00, 0x0E, 
0x00, 0x00, 0x00, 0x0C, 0x00, 0x00, 0x00, 0x0B, 0x00, 0x00, 0x00, 0x0D, 0xFF, 0xFF, 0xFF, 0xFF, 
0x00, 0x00, 0x00, 0x00, 0x00, 0x00, 0x04, 0x30, 0x00, 0x00, 0x00, 0x0B, 0x00, 0x00, 0x00, 0x0A, 
0x00, 0x00, 0x00, 0x0A, 0x00, 0x00, 0x00, 0x0A, 0x00, 0x00, 0x00, 0x00, 0x00, 0x00, 0x00, 0x00, 
0x00, 0x00, 0x04, 0x31, 0x00, 0x00, 0x00, 0x0F, 0x00, 0x00, 0x00, 0x0A, 0x00, 0x00, 0x00, 0x0B, 
0x00, 0x00, 0x00, 0x0E, 0x00, 0x00, 0x00, 0x01, 0x00, 0x00, 0x00, 0x00, 0x00, 0x00, 0x04, 0x32, 
0x00, 0x00, 0x00, 0x0B, 0x00, 0x00, 0x00, 0x09, 0x00, 0x00, 0x00, 0x0A, 0x00, 0x00, 0x00, 0x0A, 
0x00, 0x00, 0x00, 0x00, 0x00, 0x00, 0x00, 0x00, 0x00, 0x00, 0x04, 0x33, 0x00, 0x00, 0x00, 0x0B, 
0x00, 0x00, 0x00, 0x08, 0x00, 0x00, 0x00, 0x08, 0x00, 0x00, 0x00, 0x0A, 0x00, 0x00, 0x00, 0x00, 
0x00, 0x00, 0x00, 0x00, 0x00, 0x00, 0x04, 0x34, 0x00, 0x00, 0x00, 0x0F, 0x00, 0x00, 0x00, 0x0A, 
0x00, 0x00, 0x00, 0x0B, 0x00, 0x00, 0x00, 0x0E, 0x00, 0x00, 0x00, 0x00, 0x00, 0x00, 0x00, 0x00, 
0x00, 0x00, 0x04, 0x35, 0x00, 0x00, 0x00, 0x0B, 0x00, 0x00, 0x00, 0x0A, 0x00, 0x00, 0x00, 0x0A, 
0x00, 0x00, 0x00, 0x0A, 0x00, 0x00, 0x00, 0x00, 0x00, 0x00, 0x00, 0x00, 0x00, 0x00, 0x04, 0x36, 
0x00, 0x00, 0x00, 0x0B, 0x00, 0x00, 0x00, 0x11, 0x00, 0x00, 0x00, 0x10, 0x00, 0x00, 0x00, 0x0A, 
0xFF, 0xFF, 0xFF, 0xFF, 0x00, 0x00, 0x00, 0x00, 0x00, 0x00, 0x04, 0x37, 0x00, 0x00, 0x00, 0x0B, 
0x00, 0x00, 0x00, 0x08, 0x00, 0x00, 0x00, 0x08, 0x00, 0x00, 0x00, 0x0A, 0x00, 0x00, 0x00, 0x00, 
0x00, 0x00, 0x00, 0x00, 0x00, 0x00, 0x04, 0x38, 0x00, 0x00, 0x00, 0x0B, 0x00, 0x00, 0x00, 0x09, 
0x00, 0x00, 0x00, 0x0A, 0x00, 0x00, 0x00, 0x0A, 0x00, 0x00, 0x00, 0x01, 0x00, 0x00, 0x00, 0x00, 
0x00, 0x00, 0x04, 0x39, 0x00, 0x00, 0x00, 0x0F, 0x00, 0x00, 0x00, 0x09, 0x00, 0x00, 0x00, 0x0A, 
0x00, 0x00, 0x00, 0x0E, 0x00, 0x00, 0x00, 0x01, 0x00, 0x00, 0x00, 0x00, 0x00, 0x00, 0x04, 0x3A, 
0x00, 0x00, 0x00, 0x0B, 0x00, 0x00, 0x00, 0x0A, 0x00, 0x00, 0x00, 0x09, 0x00, 0x00, 0x00, 0x0A, 
0x00, 0x00, 0x00, 0x00, 0x00, 0x00, 0x00, 0x00, 0x00, 0x00, 0x04, 0x3B, 0x00, 0x00, 0x00, 0x0B, 
0x00, 0x00, 0x00, 0x0B, 0x00, 0x00, 0x00, 0x0A, 0x00, 0x00, 0x00, 0x0A, 0xFF, 0xFF, 0xFF, 0xFF, 
0x00, 0x00, 0x00, 0x00, 0x00, 0x00, 0x04, 0x3C, 0x00, 0x00, 0x00, 0x0B, 0x00, 0x00, 0x00, 0x0D, 
0x00, 0x00, 0x00, 0x0E, 0x00, 0x00, 0x00, 0x0A, 0x00, 0x00, 0x00, 0x00, 0x00, 0x00, 0x00, 0x00, 
0x00, 0x00, 0x04, 0x3D, 0x00, 0x00, 0x00, 0x0B, 0x00, 0x00, 0x00, 0x0A, 0x00, 0x00, 0x00, 0x0B, 
0x00, 0x00, 0x00, 0x0A, 0x00, 0x00, 0x00, 0x00, 0x00, 0x00, 0x00, 0x00, 0x00, 0x00, 0x04, 0x3E, 
0x00, 0x00, 0x00, 0x0B, 0x00, 0x00, 0x00, 0x0A, 0x00, 0x00, 0x00, 0x0A, 0x00, 0x00, 0x00, 0x0A, 
0x00, 0x00, 0x00, 0x00, 0x00, 0x00, 0x00, 0x00, 0x00, 0x00, 0x04, 0x3F, 0x00, 0x00, 0x00, 0x0B, 
0x00, 0x00, 0x00, 0x0A, 0x00, 0x00, 0x00, 0x0A, 0x00, 0x00, 0x00, 0x0A, 0x00, 0x00, 0x00, 0x00, 
0x00, 0x00, 0x00, 0x00, 0x00, 0x00, 0x04, 0x40, 0x00, 0x00, 0x00, 0x0E, 0x00, 0x00, 0x00, 0x0B, 
0x00, 0x00, 0x00, 0x0A, 0x00, 0x00, 0x00, 0x0A, 0xFF, 0xFF, 0xFF, 0xFF, 0x00, 0x00, 0x00, 0x00, 
0x00, 0x00, 0x04, 0x41, 0x00, 0x00, 0x00, 0x0B, 0x00, 0x00, 0x00, 0x09, 0x00, 0x00, 0x00, 0x08, 
0x00, 0x00, 0x00, 0x0A, 0x00, 0x00, 0x00, 0x00, 0x00, 0x00, 0x00, 0x00, 0x00, 0x00, 0x04, 0x42, 
0x00, 0x00, 0x00, 0x0B, 0x00, 0x00, 0x00, 0x0F, 0x00, 0x00, 0x00, 0x10, 0x00, 0x00, 0x00, 0x0A, 
0x00, 0x00, 0x00, 0x00, 0x00, 0x00, 0x00, 0x00, 0x00, 0x00, 0x04, 0x43, 0x00, 0x00, 0x00, 0x0E, 
0x00, 0x00, 0x00, 0x0A, 0x00, 0x00, 0x00, 0x09, 0x00, 0x00, 0x00, 0x0A, 0x00, 0x00, 0x00, 0x00, 
0x00, 0x00, 0x00, 0x00, 0x00, 0x00, 0x04, 0x44, 0x00, 0x00, 0x00, 0x12, 0x00, 0x00, 0x00, 0x0E, 
0x00, 0x00, 0x00, 0x0E, 0x00, 0x00, 0x00, 0x0E, 0x00, 0x00, 0x00, 0x00, 0x00, 0x00, 0x00, 0x00, 
0x00, 0x00, 0x04, 0x45, 0x00, 0x00, 0x00, 0x0B, 0x00, 0x00, 0x00, 0x0A, 0x00, 0x00, 0x00, 0x09, 
0x00, 0x00, 0x00, 0x0A, 0xFF, 0xFF, 0xFF, 0xFF, 0x00, 0x00, 0x00, 0x00, 0x00, 0x00, 0x04, 0x46, 
0x00, 0x00, 0x00, 0x0E, 0x00, 0x00, 0x00, 0x09, 0x00, 0x00, 0x00, 0x0B, 0x00, 0x00, 0x00, 0x0A, 
0x00, 0x00, 0x00, 0x01, 0x00, 0x00, 0x00, 0x00, 0x00, 0x00, 0x04, 0x47, 0x00, 0x00, 0x00, 0x0B, 
0x00, 0x00, 0x00, 0x09, 0x00, 0x00, 0x00, 0x09, 0x00, 0x00, 0x00, 0x0A, 0x00, 0x00, 0x00, 0x00, 
0x00, 0x00, 0x00, 0x00, 0x00, 0x00, 0x04, 0x48, 0x00, 0x00, 0x00, 0x0B, 0x00, 0x00, 0x00, 0x0E, 
0x00, 0x00, 0x00, 0x10, 0x00, 0x00, 0x00, 0x0A, 0x00, 0x00, 0x00, 0x01, 0x00, 0x00, 0x00, 0x00, 
0x00, 0x00, 0x04, 0x49, 0x00, 0x00, 0x00, 0x0E, 0x00, 0x00, 0x00, 0x0E, 0x00, 0x00, 0x00, 0x10, 
0x00, 0x00, 0x00, 0x0A, 0x00, 0x00, 0x00, 0x01, 0x00, 0x00, 0x00, 0x00, 0x00, 0x00, 0x04, 0x4A, 
0x00, 0x00, 0x00, 0x0B, 0x00, 0x00, 0x00, 0x0A, 0x00, 0x00, 0x00, 0x0B, 0x00, 0x00, 0x00, 0x0A, 
0x00, 0x00, 0x00, 0x00, 0x00, 0x00, 0x00, 0x00, 0x00, 0x00, 0x04, 0x4B, 0x00, 0x00, 0x00, 0x0B, 
0x00, 0x00, 0x00, 0x0C, 0x00, 0x00, 0x00, 0x0D, 0x00, 0x00, 0x00, 0x0A, 0x00, 0x00, 0x00, 0x01, 
0x00, 0x00, 0x00, 0x00, 0x00, 0x00, 0x04, 0x4C, 0x00, 0x00, 0x00, 0x0B, 0x00, 0x00, 0x00, 0x08, 
0x00, 0x00, 0x00, 0x09, 0x00, 0x00, 0x00, 0x0A, 0x00, 0x00, 0x00, 0x01, 0x00, 0x00, 0x00, 0x00, 
0x00, 0x00, 0x04, 0x4D, 0x00, 0x00, 0x00, 0x0B, 0x00, 0x00, 0x00, 0x09, 0x00, 0x00, 0x00, 0x09, 
0x00, 0x00, 0x00, 0x0A, 0x00, 0x00, 0x00, 0x00, 0x00, 0x00, 0x00, 0x00, 0x00, 0x00, 0x04, 0x4E, 
0x00, 0x00, 0x00, 0x0B, 0x00, 0x00, 0x00, 0x0E, 0x00, 0x00, 0x00, 0x0E, 0x00, 0x00, 0x00, 0x0A, 
0x00, 0x00, 0x00, 0x00, 0x00, 0x00, 0x00, 0x00, 0x00, 0x00, 0x04, 0x4F, 0x00, 0x00, 0x00, 0x0B, 
0x00, 0x00, 0x00, 0x0A, 0x00, 0x00, 0x00, 0x09, 0x00, 0x00, 0x00, 0x0A, 0xFF, 0xFF, 0xFF, 0xFF, 
0x00, 0x00, 0x00, 0x00, 0x00, 0x00, 0x04, 0x51, 0x00, 0x00, 0x00, 0x0E, 0x00, 0x00, 0x00, 0x0A, 
0x00, 0x00, 0x00, 0x0A, 0x00, 0x00, 0x00, 0x0D, 0x00, 0x00, 0x00, 0x00, 0x00, 0x00, 0x00, 0x00, 
0x00, 0x00, 0x20, 0x0C, 0x00, 0x00, 0x00, 0x01, 0x00, 0x00, 0x00, 0x01, 0x00, 0x00, 0x00, 0x00, 
0x00, 0x00, 0x00, 0x28, 0xFF, 0xFF, 0xFF, 0xEC, 0x00, 0x00, 0x00, 0x00, 0x00, 0x00, 0x20, 0x0D, 
0x00, 0x00, 0x00, 0x01, 0x00, 0x00, 0x00, 0x01, 0x00, 0x00, 0x00, 0x00, 0x00, 0x00, 0x00, 0x28, 
0xFF, 0xFF, 0xFF, 0xEC, 0x00, 0x00, 0x00, 0x00, 0x00, 0x00, 0x20, 0x0E, 0x00, 0x00, 0x00, 0x01, 
0x00, 0x00, 0x00, 0x01, 0x00, 0x00, 0x00, 0x00, 0x00, 0x00, 0x00, 0x28, 0xFF, 0xFF, 0xFF, 0xEC, 
0x00, 0x00, 0x00, 0x00, 0x00, 0x00, 0x20, 0x0F, 0x00, 0x00, 0x00, 0x01, 0x00, 0x00, 0x00, 0x01, 
0x00, 0x00, 0x00, 0x00, 0x00, 0x00, 0x00, 0x28, 0xFF, 0xFF, 0xFF, 0xEC, 0x00, 0x00, 0x00, 0x00, 
0x00, 0x00, 0x20, 0x28, 0x00, 0x00, 0x00, 0x01, 0x00, 0x00, 0x00, 0x01, 0x00, 0x00, 0x00, 0x00, 
0x00, 0x00, 0x00, 0x28, 0xFF, 0xFF, 0xFF, 0xEC, 0x00, 0x00, 0x00, 0x00, 0x00, 0x00, 0x20, 0x29, 
0x00, 0x00, 0x00, 0x01, 0x00, 0x00, 0x00, 0x01, 0x00, 0x00, 0x00, 0x00, 0x00, 0x00, 0x00, 0x28, 
0xFF, 0xFF, 0xFF, 0xEC, 0x00, 0x00, 0x00, 0x00, 0x00, 0x00, 0x20, 0x2A, 0x00, 0x00, 0x00, 0x01, 
0x00, 0x00, 0x00, 0x01, 0x00, 0x00, 0x00, 0x00, 0x00, 0x00, 0x00, 0x28, 0xFF, 0xFF, 0xFF, 0xEC, 
0x00, 0x00, 0x00, 0x00, 0x00, 0x00, 0x20, 0x2B, 0x00, 0x00, 0x00, 0x01, 0x00, 0x00, 0x00, 0x01, 
0x00, 0x00, 0x00, 0x00, 0x00, 0x00, 0x00, 0x28, 0xFF, 0xFF, 0xFF, 0xEC, 0x00, 0x00, 0x00, 0x00, 
0x00, 0x00, 0x20, 0x2C, 0x00, 0x00, 0x00, 0x01, 0x00, 0x00, 0x00, 0x01, 0x00, 0x00, 0x00, 0x00, 
0x00, 0x00, 0x00, 0x28, 0xFF, 0xFF, 0xFF, 0xEC, 0x00, 0x00, 0x00, 0x00, 0x00, 0x00, 0x20, 0x2D, 
0x00, 0x00, 0x00, 0x01, 0x00, 0x00, 0x00, 0x01, 0x00, 0x00, 0x00, 0x00, 0x00, 0x00, 0x00, 0x28, 
0xFF, 0xFF, 0xFF, 0xEC, 0x00, 0x00, 0x00, 0x00, 0x00, 0x00, 0x20, 0x2E, 0x00, 0x00, 0x00, 0x01, 
0x00, 0x00, 0x00, 0x01, 0x00, 0x00, 0x00, 0x00, 0x00, 0x00, 0x00, 0x28, 0xFF, 0xFF, 0xFF, 0xEC, 
0x00, 0x00, 0x00, 0x00, 0x00, 0x00, 0x20, 0x6A, 0x00, 0x00, 0x00, 0x01, 0x00, 0x00, 0x00, 0x01, 
0x00, 0x00, 0x00, 0x00, 0x00, 0x00, 0x00, 0x28, 0xFF, 0xFF, 0xFF, 0xEC, 0x00, 0x00, 0x00, 0x00, 
0x00, 0x00, 0x20, 0x6B, 0x00, 0x00, 0x00, 0x01, 0x00, 0x00, 0x00, 0x01, 0x00, 0x00, 0x00, 0x00, 
0x00, 0x00, 0x00, 0x28, 0xFF, 0xFF, 0xFF, 0xEC, 0x00, 0x00, 0x00, 0x00, 0x00, 0x00, 0x20, 0x6C, 
0x00, 0x00, 0x00, 0x01, 0x00, 0x00, 0x00, 0x01, 0x00, 0x00, 0x00, 0x00, 0x00, 0x00, 0x00, 0x28, 
0xFF, 0xFF, 0xFF, 0xEC, 0x00, 0x00, 0x00, 0x00, 0x00, 0x00, 0x20, 0x6D, 0x00, 0x00, 0x00, 0x01, 
0x00, 0x00, 0x00, 0x01, 0x00, 0x00, 0x00, 0x00, 0x00, 0x00, 0x00, 0x28, 0xFF, 0xFF, 0xFF, 0xEC, 
0x00, 0x00, 0x00, 0x00, 0x00, 0x00, 0x20, 0x6E, 0x00, 0x00, 0x00, 0x01, 0x00, 0x00, 0x00, 0x01, 
0x00, 0x00, 0x00, 0x00, 0x00, 0x00, 0x00, 0x28, 0xFF, 0xFF, 0xFF, 0xEC, 0x00, 0x00, 0x00, 0x00, 
0x00, 0x00, 0x20, 0x6F, 0x00, 0x00, 0x00, 0x01, 0x00, 0x00, 0x00, 0x01, 0x00, 0x00, 0x00, 0x00, 
0x00, 0x00, 0x00, 0x28, 0xFF, 0xFF, 0xFF, 0xEC, 0x00, 0x00, 0x00, 0x00, 0x00, 0x00, 0x22, 0x12, 
0x00, 0x00, 0x00, 0x03, 0x00, 0x00, 0x00, 0x0A, 0x00, 0x00, 0x00, 0x0A, 0x00, 0x00, 0x00, 0x07, 
0x00, 0x00, 0x00, 0x00, 0x00, 0x00, 0x00, 0x00, 0x00, 0x00, 0x22, 0x1E, 0x00, 0x00, 0x00, 0x07, 
0x00, 0x00, 0x00, 0x10, 0x00, 0x00, 0x00, 0x11, 0x00, 0x00, 0x00, 0x0A, 0x00, 0x00, 0x00, 0x01, 
0x00, 0x00, 0x00, 0x00, 0x00, 0x00, 0x22, 0x48, 0x00, 0x00, 0x00, 0x07, 0x00, 0x00, 0x00, 0x0A, 
0x00, 0x00, 0x00, 0x0A, 0x00, 0x00, 0x00, 0x09, 0x00, 0x00, 0x00, 0x00, 0x00, 0x00, 0x00, 0x00, 
0x00, 0x00, 0x22, 0x60, 0x00, 0x00, 0x00, 0x0B, 0x00, 0x00, 0x00, 0x0A, 0x00, 0x00, 0x00, 0x0A, 
0x00, 0x00, 0x00, 0x0B, 0x00, 0x00, 0x00, 0x00, 0x00, 0x00, 0x00, 0x00, 0x00, 0x00, 0x00, 0x00, 
0x00, 0x00, 0x00, 0x00, 0x00, 0x00, 0x2B, 0x65, 0x0D, 0x00, 0x00, 0x00, 0xAD, 0xFF, 0x16, 0x00, 
0x00, 0x00, 0xDC, 0xDE, 0x00, 0x00, 0x00, 0x0C, 0xFE, 0xA6, 0x00, 0x00, 0x00, 0x39, 0xFF, 0x6F, 
0x00, 0x00, 0x00, 0x67, 0xFF, 0x37, 0x00, 0x00, 0x00, 0x95, 0xF8, 0x06, 0x00, 0x00, 0x00, 0xC4, 
0xC7, 0x00, 0x00, 0x00, 0x00, 0xF1, 0x8F, 0x00, 0x00, 0x00, 0x20, 0xFF, 0x57, 0x00, 0x00, 0x00, 
0x28, 0xA6, 0x17, 0x00, 0x00, 0x00, 0x09, 0x11, 0x00, 0x00, 0x00, 0x07, 0xE8, 0xF4, 0x00, 0x00, 
0x00, 0x22, 0xFF, 0xBA, 0x00, 0x00, 0x00, 0x00, 0x10, 0x02, 0x00, 0x00, 0x00, 0x00, 0x84, 0x74, 
0x00, 0x39, 0xA0, 0x1E, 0x05, 0xFB, 0x96, 0x00, 0x89, 0xFD, 0x10, 0x29, 0xFF, 0x55, 0x00, 0xB1, 
0xCD, 0x00, 0x51, 0xFE, 0x15, 0x00, 0xD9, 0x8C, 0x00, 0x79, 0xD4, 0x00, 0x05, 0xFB, 0x4C, 0x00, 
0x44, 0x4B, 0x00, 0x0A, 0x7A, 0x0A, 0x00, 0x00, 0x00, 0x00, 0x00, 0x53, 0x9D, 0x00, 0x00, 0x38, 
0xAD, 0x08, 0x00, 0x00, 0x00, 0x00, 0xC9, 0xA7, 0x00, 0x00, 0xA4, 0xCC, 0x00, 0x00, 0x00, 0x00, 
0x1E, 0xFE, 0x54, 0x00, 0x06, 0xF0, 0x7B, 0x00, 0x00, 0x05, 0x46, 0x91, 0xFE, 0x53, 0x48, 0x74, 
0xFF, 0x6E, 0x1B, 0x00, 0x46, 0xF8, 0xFF, 0xFC, 0xF8, 0xF8, 0xFE, 0xFD, 0xF7, 0x52, 0x00, 0x00, 
0x17, 0xFD, 0x5B, 0x00, 0x03, 0xE9, 0x87, 0x00, 0x00, 0x00, 0x00, 0x69, 0xF9, 0x0F, 0x00, 0x41, 
0xFF, 0x33, 0x00, 0x00, 0x00, 0x00, 0xBD, 0xB5, 0x00, 0x00, 0x95, 0xDE, 0x00, 0x00, 0x00, 0x7E, 
0xCC, 0xFC, 0xE6, 0xCC, 0xCC, 0xF4, 0xEF, 0xC6, 0x01, 0x00, 0x4F, 0xB3, 0xFA, 0x71, 0x70, 0x9C, 
0xFF, 0x82, 0x5A, 0x00, 0x00, 0x00, 0xB9, 0xB8, 0x00, 0x00, 0x90, 0xE0, 0x00, 0x00, 0x00, 0x00, 
0x11, 0xFA, 0x65, 0x00, 0x00, 0xE1, 0x8F, 0x00, 0x00, 0x00, 0x00, 0x5D, 0xFA, 0x16, 0x00, 0x33, 
0xFF, 0x3A, 0x00, 0x00, 0x00, 0x00, 0x03, 0x09, 0x00, 0x00, 0x01, 0x0B, 0x00, 0x00, 0x00, 0x00, 
0x00, 0x00, 0x00, 0x00, 0x00, 0x00, 0x00, 0x07, 0xD1, 0x3B, 0x00, 0x00, 0x00, 0x00, 0x00, 0x00, 
0x00, 0x4A, 0xF9, 0x0D, 0x00, 0x00, 0x00, 0x00, 0x00, 0x34, 0x7F, 0xCD, 0xE9, 0x5D, 0x08, 0x00, 
0x00, 0x04, 0xA4, 0xFF, 0xEB, 0xC6, 0xDB, 0xFF, 0xAC, 0x00, 0x00, 0x79, 0xFF, 0x86, 0x03, 0x00, 
0x00, 0x2F, 0x4B, 0x00, 0x00, 0xC8, 0xEE, 0x02, 0x00, 0x00, 0x00, 0x00, 0x00, 0x00, 0x00, 0xD6, 
0xF5, 0x11, 0x00, 0x00, 0x00, 0x00, 0x00, 0x00, 0x00, 0x83, 0xFF, 0xDA, 0x5A, 0x07, 0x00, 0x00, 
0x00, 0x00, 0x00, 0x03, 0x7A, 0xEF, 0xFF, 0xE9, 0x6D, 0x01, 0x00, 0x00, 0x00, 0x00, 0x00, 0x0B, 
0x66, 0xE2, 0xFF, 0x7F, 0x00, 0x00, 0x00, 0x00, 0x00, 0x00, 0x00, 0x18, 0xF8, 0xDD, 0x00, 0x00, 
0x00, 0x00, 0x00, 0x00, 0x00, 0x00, 0xE7, 0xE3, 0x00, 0x1E, 0x08, 0x00, 0x00, 0x00, 0x00, 0x5E, 
0xFF, 0x98, 0x00, 0xA6, 0xE3, 0x91, 0x6F, 0x76, 0xB1, 0xFE, 0xD1, 0x13, 0x00, 0x35, 0xAF, 0xED, 
0xFF, 0xF2, 0xC8, 0x71, 0x08, 0x00, 0x00, 0x00, 0x00, 0x86, 0xCB, 0x00, 0x00, 0x00, 0x00, 0x00, 
0x00, 0x00, 0x00, 0xD3, 0x7C, 0x00, 0x00, 0x00, 0x00, 0x00, 0x00, 0x00, 0x00, 0x5D, 0x15, 0x00, 
0x00, 0x00, 0x00, 0x00, 0x00, 0x00, 0x00, 0x00, 0x00, 0x00, 0x00, 0x00, 0x00, 0x00, 0x00, 0x00, 
0x00, 0x01, 0x00, 0x00, 0x5F, 0xB0, 0xB2, 0x4B, 0x00, 0x00, 0x00, 0x00, 0x06, 0xB5, 0xB5, 0x00, 
0x81, 0xEE, 0x68, 0x96, 0xF8, 0x13, 0x00, 0x00, 0x01, 0xA5, 0xD2, 0x0F, 0x11, 0xF7, 0x63, 0x00, 
0x29, 0xFF, 0x35, 0x00, 0x00, 0x8D, 0xE1, 0x1B, 0x00, 0x4F, 0xFF, 0x15, 0x00, 0x42, 0xFF, 0x1B, 
0x00, 0x74, 0xED, 0x29, 0x00, 0x00, 0x66, 0xF9, 0x00, 0x00, 0x8F, 0xD8, 0x00, 0x5A, 0xF5, 0x3A, 
0x00, 0x00, 0x00, 0x41, 0xFF, 0x67, 0x6F, 0xF9, 0x54, 0x45, 0xF6, 0x4E, 0x00, 0x00, 0x00, 0x00, 
0x00, 0x79, 0xC7, 0xB5, 0x4E, 0x32, 0xF2, 0x65, 0x0E, 0x57, 0x68, 0x23, 0x00, 0x00, 0x00, 0x00, 
0x00, 0x22, 0xE8, 0x7E, 0x22, 0xE3, 0xCD, 0xC3, 0xF6, 0x20, 0x00, 0x00, 0x00, 0x15, 0xDB, 0x98, 
0x00, 0xB6, 0xBF, 0x02, 0x05, 0xFB, 0x61, 0x00, 0x00, 0x0C, 0xCB, 0xAF, 0x03, 0x0E, 0xFD, 0x57, 
0x00, 0x07, 0xFD, 0x58, 0x00, 0x05, 0xB8, 0xC3, 0x08, 0x00, 0x31, 0xFF, 0x2C, 0x00, 0x3F, 0xFF, 
0x24, 0x01, 0xA2, 0xD5, 0x11, 0x00, 0x00, 0x25, 0xFF, 0x49, 0x0F, 0xC3, 0xB6, 0x00, 0x88, 0xE3, 
0x1D, 0x00, 0x00, 0x00, 0x00, 0xA5, 0xFE, 0xFB, 0xBD, 0x17, 0x00, 0x52, 0x1E, 0x00, 0x00, 0x00, 
0x00, 0x00, 0x00, 0x12, 0x0E, 0x00, 0x00, 0x00, 0x00, 0x00, 0x00, 0x00, 0x00, 0x01, 0x1E, 0x32, 
0x1C, 0x00, 0x00, 0x00, 0x00, 0x00, 0x00, 0x00, 0x00, 0x52, 0xDE, 0xFF, 0xFF, 0xFF, 0xBC, 0x11, 
0x00, 0x00, 0x00, 0x00, 0x00, 0x34, 0xFD, 0xC9, 0x41, 0x27, 0x8C, 0xFF, 0x82, 0x00, 0x00, 0x00, 
0x00, 0x00, 0x93, 0xFF, 0x27, 0x00, 0x00, 0x32, 0xFF, 0x81, 0x00, 0x00, 0x00, 0x00, 0x00, 0x9C, 
0xFF, 0x1A, 0x00, 0x06, 0xB5, 0xFA, 0x2E, 0x00, 0x00, 0x00, 0x00, 0x00, 0x5E, 0xFF, 0x67, 0x3A, 
0xCE, 0xF5, 0x55, 0x00, 0x00, 0x00, 0x00, 0x00, 0x00, 0x0A, 0xED, 0xF6, 0xFF, 0xB5, 0x26, 0x00, 
0x00, 0x00, 0x00, 0x00, 0x00, 0x19, 0xB4, 0xFF, 0xFF, 0xA9, 0x00, 0x00, 0x00, 0x71, 0xF6, 0x0E, 
0x00, 0x1D, 0xDD, 0xE5, 0x48, 0xC2, 0xFD, 0x3E, 0x00, 0x00, 0xC7, 0xD3, 0x00, 0x00, 0xBC, 0xF4, 
0x22, 0x00, 0x22, 0xF0, 0xE5, 0x1A, 0x3F, 0xFF, 0x71, 0x00, 0x20, 0xFF, 0x9E, 0x00, 0x00, 0x00, 
0x4F, 0xFE, 0xCC, 0xDE, 0xDB, 0x08, 0x00, 0x30, 0xFF, 0x9B, 0x00, 0x00, 0x00, 0x00, 0x8A, 0xFF, 
0xFF, 0x40, 0x00, 0x00, 0x06, 0xE4, 0xF9, 0x74, 0x3A, 0x46, 0x93, 0xF7, 0xE1, 0xFC, 0xDB, 0x50, 
0x02, 0x00, 0x2F, 0xC6, 0xFF, 0xFF, 0xFF, 0xD9, 0x74, 0x08, 0x46, 0xE7, 0xF6, 0x07, 0x00, 0x00, 
0x00, 0x0D, 0x25, 0x14, 0x00, 0x00, 0x00, 0x00, 0x08, 0x19, 0x00, 0x00, 0x7F, 0x76, 0x05, 0xFB, 
0x9A, 0x29, 0xFF, 0x59, 0x51, 0xFF, 0x19, 0x79, 0xD8, 0x00, 0x44, 0x48, 0x00, 0x00, 0x00, 0x00, 
0x09, 0xBD, 0x7C, 0x00, 0x00, 0x00, 0x8A, 0xF4, 0x1D, 0x00, 0x00, 0x28, 0xFB, 0x7D, 0x00, 0x00, 
0x00, 0xAF, 0xEC, 0x0D, 0x00, 0x00, 0x28, 0xFE, 0x85, 0x00, 0x00, 0x00, 0x92, 0xFE, 0x1E, 0x00, 
0x00, 0x03, 0xEB, 0xC2, 0x00, 0x00, 0x00, 0x3C, 0xFF, 0x7C, 0x00, 0x00, 0x00, 0x79, 0xFF, 0x40, 
0x00, 0x00, 0x00, 0xA6, 0xFB, 0x09, 0x00, 0x00, 0x00, 0xBE, 0xE5, 0x00, 0x00, 0x00, 0x00, 0xD2, 
0xD2, 0x00, 0x00, 0x00, 0x00, 0xD2, 0xC2, 0x00, 0x00, 0x00, 0x00, 0xBF, 0xC8, 0x00, 0x00, 0x00, 
0x00, 0xA9, 0xDB, 0x00, 0x00, 0x00, 0x00, 0x78, 0xF8, 0x02, 0x00, 0x00, 0x00, 0x3A, 0xFF, 0x2D, 
0x00, 0x00, 0x00, 0x04, 0x5A, 0x16, 0x00, 0x00, 0x00, 0x00, 0x00, 0x00, 0x00, 0xC1, 0x5E, 0x00, 
0x00, 0x00, 0x00, 0x00, 0xBD, 0xAE, 0x00, 0x00, 0x00, 0x00, 0x00, 0x94, 0xEB, 0x00, 0x00, 0x00, 
0x00, 0x00, 0x7A, 0xFF, 0x0C, 0x00, 0x00, 0x00, 0x00, 0x6A, 0xFF, 0x22, 0x00, 0x00, 0x00, 0x00, 
0x6D, 0xFF, 0x32, 0x00, 0x00, 0x00, 0x00, 0x82, 0xFF, 0x23, 0x00, 0x00, 0x00, 0x00, 0x98, 0xFF, 
0x0F, 0x00, 0x00, 0x00, 0x00, 0xCA, 0xEE, 0x00, 0x00, 0x00, 0x00, 0x0A, 0xFB, 0xB9, 0x00, 0x00, 
0x00, 0x00, 0x43, 0xFF, 0x73, 0x00, 0x00, 0x00, 0x00, 0x95, 0xFE, 0x1F, 0x00, 0x00, 0x00, 0x08, 
0xEB, 0xBB, 0x00, 0x00, 0x00, 0x00, 0x61, 0xFF, 0x47, 0x00, 0x00, 0x00, 0x03, 0xDA, 0xC4, 0x00, 
0x00, 0x00, 0x00, 0x66, 0xFE, 0x38, 0x00, 0x00, 0x00, 0x14, 0xED, 0x94, 0x00, 0x00, 0x00, 0x00, 
0x1A, 0x59, 0x0A, 0x00, 0x00, 0x00, 0x00, 0x00, 0x00, 0x00, 0x03, 0xC5, 0x52, 0x00, 0x00, 0x00, 
0x40, 0x1E, 0x1A, 0xFF, 0x28, 0x29, 0x3A, 0x01, 0xDF, 0xE7, 0x6A, 0xDD, 0x7E, 0xF9, 0x99, 0x00, 
0x0C, 0x7C, 0xFC, 0xFF, 0xAD, 0x43, 0x01, 0x1D, 0x8B, 0xEA, 0xEA, 0xE6, 0xDD, 0x61, 0x02, 0x74, 
0xDB, 0x3E, 0xD2, 0x4D, 0x8D, 0xE6, 0x0D, 0x07, 0x07, 0x20, 0xFF, 0x33, 0x00, 0x0C, 0x00, 0x00, 
0x00, 0x1F, 0x70, 0x09, 0x00, 0x00, 0x00, 0x00, 0x00, 0x00, 0x00, 0x00, 0x17, 0x21, 0x00, 0x00, 
0x00, 0x00, 0x00, 0x00, 0x00, 0x00, 0xBF, 0xB0, 0x00, 0x00, 0x00, 0x00, 0x00, 0x00, 0x00, 0x01, 
0xF1, 0x7E, 0x00, 0x00, 0x00, 0x00, 0x00, 0x00, 0x00, 0x27, 0xFF, 0x4B, 0x00, 0x00, 0x00, 0x00, 
0x44, 0x50, 0x50, 0x88, 0xFF, 0x66, 0x50, 0x50, 0x23, 0x15, 0xFF, 0xFF, 0xFF, 0xFF, 0xFF, 0xFF, 
0xFF, 0xFF, 0x6C, 0x00, 0x13, 0x14, 0x14, 0xC5, 0xB6, 0x14, 0x14, 0x13, 0x01, 0x00, 0x00, 0x00, 
0x01, 0xF1, 0x7E, 0x00, 0x00, 0x00, 0x00, 0x00, 0x00, 0x00, 0x28, 0xFF, 0x4A, 0x00, 0x00, 0x00, 
0x00, 0x00, 0x00, 0x00, 0x4C, 0xE7, 0x15, 0x00, 0x00, 0x00, 0x00, 0x00, 0x00, 0x00, 0x13, 0x23, 
0x00, 0x00, 0x00, 0x00, 0xD7, 0xF6, 0x01, 0x00, 0x00, 0x14, 0xFF, 0xB3, 0x00, 0x00, 0x00, 0xA0, 
0xF1, 0x23, 0x00, 0x00, 0x4F, 0xFA, 0x45, 0x00, 0x00, 0x01, 0xB6, 0x5A, 0x00, 0x00, 0x00, 0x00, 
0x19, 0x18, 0x1D, 0xF9, 0xDD, 0x3B, 0xFF, 0xAB, 0x00, 0x11, 0x02, 0x00, 0x00, 0x00, 0x00, 0x00, 
0x00, 0x00, 0x00, 0x00, 0x03, 0x50, 0x26, 0x00, 0x00, 0x00, 0x00, 0x00, 0x00, 0x00, 0x00, 0x00, 
0x6C, 0xFF, 0x48, 0x00, 0x00, 0x00, 0x00, 0x00, 0x00, 0x00, 0x00, 0x10, 0xEC, 0xB9, 0x00, 0x00, 
0x00, 0x00, 0x00, 0x00, 0x00, 0x00, 0x00, 0x8D, 0xFC, 0x2C, 0x00, 0x00, 0x00, 0x00, 0x00, 0x00, 
0x00, 0x00, 0x24, 0xF9, 0x97, 0x00, 0x00, 0x00, 0x00, 0x00, 0x00, 0x00, 0x00, 0x00, 0xAF, 0xF1, 
0x15, 0x00, 0x00, 0x00, 0x00, 0x00, 0x00, 0x00, 0x00, 0x3F, 0xFF, 0x76, 0x00, 0x00, 0x00, 0x00, 
0x00, 0x00, 0x00, 0x00, 0x02, 0xCD, 0xDE, 0x07, 0x00, 0x00, 0x00, 0x00, 0x00, 0x00, 0x00, 0x00, 
0x61, 0xFF, 0x55, 0x00, 0x00, 0x00, 0x00, 0x00, 0x00, 0x00, 0x00, 0x0B, 0xE5, 0xC4, 0x00, 0x00, 
0x00, 0x00, 0x00, 0x00, 0x00, 0x00, 0x00, 0x82, 0xFE, 0x35, 0x00, 0x00, 0x00, 0x00, 0x00, 0x00, 
0x00, 0x00, 0x1C, 0xF6, 0xA3, 0x00, 0x00, 0x00, 0x00, 0x00, 0x00, 0x00, 0x00, 0x00, 0xA3, 0xF6, 
0x1C, 0x00, 0x00, 0x00, 0x00, 0x00, 0x00, 0x00, 0x00, 0x35, 0xFE, 0x81, 0x00, 0x00, 0x00, 0x00, 
0x00, 0x00, 0x00, 0x00, 0x00, 0xC4, 0xE6, 0x0B, 0x00, 0x00, 0x00, 0x00, 0x00, 0x00, 0x00, 0x00, 
0x55, 0xFF, 0x60, 0x00, 0x00, 0x00, 0x00, 0x00, 0x00, 0x00, 0x00, 0x07, 0xDE, 0xCD, 0x02, 0x00, 
0x00, 0x00, 0x00, 0x00, 0x00, 0x00, 0x00, 0x36, 0xBA, 0x36, 0x00, 0x00, 0x00, 0x00, 0x00, 0x00, 
0x00, 0x00, 0x00, 0x00, 0x00, 0x00, 0x01, 0x57, 0xAE, 0xCD, 0xBC, 0x5B, 0x00, 0x00, 0x00, 0x00, 
0x00, 0xA4, 0xFF, 0xC4, 0x98, 0xD6, 0xFF, 0x6F, 0x00, 0x00, 0x00, 0x6F, 0xFF, 0x76, 0x00, 0x00, 
0x0A, 0xE7, 0xE1, 0x00, 0x00, 0x0B, 0xEC, 0xC4, 0x00, 0x00, 0x00, 0x00, 0xAD, 0xFF, 0x09, 0x00, 
0x5F, 0xFF, 0x58, 0x00, 0x00, 0x00, 0x00, 0xA7, 0xFF, 0x0F, 0x00, 0xAE, 0xFB, 0x0F, 0x00, 0x00, 
0x00, 0x00, 0xBF, 0xF6, 0x01, 0x00, 0xE8, 0xCF, 0x00, 0x00, 0x00, 0x00, 0x00, 0xE5, 0xD2, 0x00, 
0x15, 0xFF, 0xA2, 0x00, 0x00, 0x00, 0x00, 0x1A, 0xFF, 0x9A, 0x00, 0x34, 0xFF, 0x85, 0x00, 0x00, 
0x00, 0x00, 0x62, 0xFF, 0x53, 0x00, 0x3A, 0xFF, 0x7E, 0x00, 0x00, 0x00, 0x00, 0xC6, 0xEE, 0x0B, 
0x00, 0x20, 0xFF, 0xA4, 0x00, 0x00, 0x00, 0x53, 0xFF, 0x7F, 0x00, 0x00, 0x01, 0xCD, 0xF9, 0x6C, 
0x3C, 0x78, 0xF5, 0xC9, 0x06, 0x00, 0x00, 0x00, 0x2A, 0xCF, 0xFF, 0xFF, 0xF9, 0x93, 0x0A, 0x00, 
0x00, 0x00, 0x00, 0x00, 0x00, 0x13, 0x28, 0x0A, 0x00, 0x00, 0x00, 0x00, 0x00, 0x00, 0x00, 0x00, 
0x00, 0x00, 0x18, 0x92, 0xA9, 0x00, 0x00, 0x00, 0x00, 0x09, 0x7B, 0xF3, 0xFF, 0xCB, 0x00, 0x00, 
0x00, 0x12, 0xDF, 0xE4, 0x7A, 0xFF, 0x98, 0x00, 0x00, 0x00, 0x2B, 0x73, 0x09, 0x45, 0xFF, 0x65, 
0x00, 0x00, 0x00, 0x00, 0x00, 0x00, 0x78, 0xFF, 0x32, 0x00, 0x00, 0x00, 0x00, 0x00, 0x00, 0xAB, 
0xF9, 0x06, 0x00, 0x00, 0x00, 0x00, 0x00, 0x00, 0xDE, 0xCD, 0x00, 0x00, 0x00, 0x00, 0x00, 0x00, 
0x11, 0xFF, 0x9A, 0x00, 0x00, 0x00, 0x00, 0x00, 0x00, 0x44, 0xFF, 0x67, 0x00, 0x00, 0x00, 0x00, 
0x00, 0x00, 0x76, 0xFF, 0x35, 0x00, 0x00, 0x00, 0x00, 0x00, 0x00, 0xA9, 0xFA, 0x07, 0x00, 0x00, 
0x00, 0x44, 0x58, 0x58, 0xE2, 0xE6, 0x58, 0x58, 0x15, 0x08, 0xFB, 0xFF, 0xFF, 0xFF, 0xFF, 0xFF, 
0xFE, 0x30, 0x00, 0x00, 0x00, 0x1E, 0x7F, 0xBC, 0xCD, 0xA9, 0x31, 0x00, 0x00, 0x00, 0x2E, 0xF7, 
0xED, 0xB8, 0xCC, 0xFF, 0xF2, 0x1A, 0x00, 0x00, 0x43, 0x68, 0x07, 0x00, 0x00, 0xAA, 0xFF, 0x68, 
0x00, 0x00, 0x00, 0x00, 0x00, 0x00, 0x00, 0x7D, 0xFF, 0x69, 0x00, 0x00, 0x00, 0x00, 0x00, 0x00, 
0x00, 0xBB, 0xFF, 0x2F, 0x00, 0x00, 0x00, 0x00, 0x00, 0x00, 0x3F, 0xFF, 0xB4, 0x00, 0x00, 0x00, 
0x00, 0x00, 0x00, 0x18, 0xE1, 0xE9, 0x1A, 0x00, 0x00, 0x00, 0x00, 0x00, 0x16, 0xD1, 0xF1, 0x32, 
0x00, 0x00, 0x00, 0x00, 0x00, 0x1E, 0xD7, 0xED, 0x36, 0x00, 0x00, 0x00, 0x00, 0x00, 0x31, 0xE6, 
0xDE, 0x27, 0x00, 0x00, 0x00, 0x00, 0x00, 0x48, 0xF3, 0xC7, 0x16, 0x00, 0x00, 0x00, 0x00, 0x00, 
0x4C, 0xFB, 0xEF, 0x74, 0x6C, 0x6C, 0x6C, 0x6C, 0x18, 0x00, 0xA3, 0xFF, 0xFF, 0xFF, 0xFF, 0xFF, 
0xFF, 0xFC, 0x2B, 0x00, 0x00, 0x00, 0x00, 0x1C, 0x81, 0xBB, 0xC9, 0xA4, 0x31, 0x00, 0x00, 0x00, 
0x2C, 0xF6, 0xDC, 0xA0, 0xAB, 0xFB, 0xF2, 0x1B, 0x00, 0x00, 0x3A, 0x51, 0x01, 0x00, 0x00, 0x8B, 
0xFF, 0x59, 0x00, 0x00, 0x00, 0x00, 0x00, 0x00, 0x00, 0x81, 0xFF, 0x48, 0x00, 0x00, 0x00, 0x00, 
0x00, 0x00, 0x0F, 0xDD, 0xE2, 0x0A, 0x00, 0x00, 0x00, 0x22, 0x2E, 0x5D, 0xD8, 0xE6, 0x35, 0x00, 
0x00, 0x00, 0x4B, 0xFF, 0xFF, 0xFF, 0xDB, 0x3A, 0x00, 0x00, 0x00, 0x00, 0x0C, 0x30, 0x38, 0x64, 
0xDF, 0xFB, 0x48, 0x00, 0x00, 0x00, 0x00, 0x00, 0x00, 0x00, 0x3F, 0xFF, 0xAD, 0x00, 0x00, 0x00, 
0x00, 0x00, 0x00, 0x00, 0x34, 0xFF, 0xAD, 0x00, 0x0C, 0x00, 0x00, 0x00, 0x00, 0x00, 0xA1, 0xFF, 
0x65, 0x00, 0x99, 0xC6, 0x62, 0x3D, 0x58, 0xB4, 0xFF, 0xC3, 0x04, 0x00, 0x44, 0xD3, 0xFF, 0xFF, 
0xFF, 0xEA, 0x86, 0x08, 0x00, 0x00, 0x00, 0x00, 0x14, 0x2B, 0x19, 0x02, 0x00, 0x00, 0x00, 0x00, 
0x00, 0x00, 0x00, 0x00, 0x00, 0x00, 0x2A, 0xA7, 0xAC, 0x2B, 0x00, 0x00, 0x00, 0x00, 0x00, 0x10, 
0xDC, 0xFD, 0xFF, 0x2B, 0x00, 0x00, 0x00, 0x00, 0x02, 0xB5, 0xDA, 0xC0, 0xF4, 0x02, 0x00, 0x00, 
0x00, 0x00, 0x83, 0xF4, 0x2B, 0xE3, 0xC4, 0x00, 0x00, 0x00, 0x00, 0x4E, 0xFE, 0x56, 0x16, 0xFF, 
0x90, 0x00, 0x00, 0x00, 0x26, 0xF1, 0x8B, 0x00, 0x49, 0xFF, 0x5D, 0x00, 0x00, 0x0C, 0xD6, 0xBD, 
0x03, 0x00, 0x7C, 0xFF, 0x2A, 0x00, 0x00, 0xAD, 0xE1, 0x14, 0x00, 0x00, 0xAE, 0xF3, 0x02, 0x00, 
0x68, 0xFF, 0x7C, 0x48, 0x48, 0x48, 0xE4, 0xD9, 0x48, 0x16, 0xBB, 0xFF, 0xFF, 0xFF, 0xFF, 0xFF, 
0xFF, 0xFF, 0xFF, 0x4E, 0x0E, 0x18, 0x18, 0x18, 0x18, 0x5B, 0xFF, 0x68, 0x17, 0x00, 0x00, 0x00, 
0x00, 0x00, 0x00, 0x7A, 0xFF, 0x27, 0x00, 0x00, 0x00, 0x00, 0x00, 0x00, 0x00, 0xA8, 0xEE, 0x01, 
0x00, 0x00, 0x00, 0x00, 0x00, 0x00, 0x00, 0x06, 0x06, 0x00, 0x00, 0x00, 0x00, 0x00, 0x00, 0x6E, 
0xA4, 0xA4, 0xA4, 0xA4, 0xA4, 0x6B, 0x00, 0x00, 0x03, 0xF6, 0xE5, 0xD4, 0xD4, 0xD4, 0xD4, 0x6D, 
0x00, 0x00, 0x2D, 0xFF, 0x49, 0x00, 0x00, 0x00, 0x00, 0x00, 0x00, 0x00, 0x61, 0xFF, 0x16, 0x00, 
0x00, 0x00, 0x00, 0x00, 0x00, 0x00, 0x94, 0xE4, 0x00, 0x00, 0x00, 0x00, 0x00, 0x00, 0x00, 0x00, 
0xC7, 0xE9, 0xAF, 0xAB, 0x87, 0x2E, 0x00, 0x00, 0x00, 0x00, 0xA7, 0xB2, 0xA9, 0xC2, 0xFC, 0xFD, 
0x56, 0x00, 0x00, 0x00, 0x00, 0x00, 0x00, 0x00, 0x34, 0xFD, 0xC9, 0x00, 0x00, 0x00, 0x00, 0x00, 
0x00, 0x00, 0x00, 0xED, 0xE0, 0x00, 0x00, 0x00, 0x00, 0x00, 0x00, 0x00, 0x1B, 0xFF, 0xB7, 0x00, 
0x00, 0x00, 0x00, 0x00, 0x00, 0x02, 0xA5, 0xFF, 0x53, 0x00, 0x8F, 0xA2, 0x52, 0x39, 0x54, 0xC2, 
0xFF, 0x9A, 0x00, 0x00, 0x68, 0xEA, 0xFF, 0xFF, 0xFF, 0xD6, 0x65, 0x00, 0x00, 0x00, 0x00, 0x01, 
0x1F, 0x29, 0x11, 0x00, 0x00, 0x00, 0x00, 0x00, 0x00, 0x00, 0x00, 0x00, 0x53, 0xAA, 0xC9, 0xBF, 
0x8C, 0x0A, 0x00, 0x00, 0x11, 0xC3, 0xFD, 0xBA, 0x8F, 0xA0, 0xDF, 0x18, 0x00, 0x05, 0xC5, 0xED, 
0x3C, 0x00, 0x00, 0x00, 0x00, 0x00, 0x00, 0x6F, 0xFF, 0x52, 0x00, 0x00, 0x00, 0x00, 0x00, 0x00, 
0x04, 0xE9, 0xBF, 0x00, 0x00, 0x00, 0x00, 0x00, 0x00, 0x00, 0x4A, 0xFF, 0x82, 0x7C, 0xA8, 0xB9, 
0x89, 0x13, 0x00, 0x00, 0x8F, 0xFF, 0xFD, 0xC4, 0x9B, 0xB5, 0xFE, 0xDA, 0x08, 0x00, 0xC2, 0xF0, 
0x23, 0x00, 0x00, 0x00, 0x8E, 0xFF, 0x42, 0x00, 0xE4, 0xCA, 0x00, 0x00, 0x00, 0x00, 0x6A, 0xFF, 
0x49, 0x00, 0xF3, 0xBC, 0x00, 0x00, 0x00, 0x00, 0xA0, 0xFE, 0x1A, 0x00, 0xDF, 0xD9, 0x00, 0x00, 
0x00, 0x24, 0xF7, 0xB7, 0x00, 0x00, 0x99, 0xFF, 0x83, 0x36, 0x60, 0xE2, 0xEB, 0x26, 0x00, 0x00, 
0x15, 0xBC, 0xFF, 0xFF, 0xFD, 0xB0, 0x26, 0x00, 0x00, 0x00, 0x00, 0x00, 0x1C, 0x25, 0x06, 0x00, 
0x00, 0x00, 0x00, 0x00, 0x00, 0x42, 0xA4, 0xA4, 0xA4, 0xA4, 0xA4, 0xA4, 0xA4, 0x6B, 0x00, 0x7B, 
0xD8, 0xD8, 0xD8, 0xD8, 0xD8, 0xE7, 0xFF, 0x91, 0x00, 0x00, 0x00, 0x00, 0x00, 0x00, 0x01, 0xC2, 
0xF4, 0x1F, 0x00, 0x00, 0x00, 0x00, 0x00, 0x00, 0x6A, 0xFF, 0x72, 0x00, 0x00, 0x00, 0x00, 0x00, 
0x00, 0x1C, 0xF2, 0xCC, 0x03, 0x00, 0x00, 0x00, 0x00, 0x00, 0x00, 0xB4, 0xFC, 0x31, 0x00, 0x00, 
0x00, 0x00, 0x00, 0x00, 0x5A, 0xFF, 0x8A, 0x00, 0x00, 0x00, 0x00, 0x00, 0x00, 0x14, 0xEA, 0xDE, 
0x0A, 0x00, 0x00, 0x00, 0x00, 0x00, 0x00, 0xA5, 0xFF, 0x46, 0x00, 0x00, 0x00, 0x00, 0x00, 0x00, 
0x4A, 0xFF, 0xA3, 0x00, 0x00, 0x00, 0x00, 0x00, 0x00, 0x0D, 0xE2, 0xEC, 0x14, 0x00, 0x00, 0x00, 
0x00, 0x00, 0x00, 0x95, 0xFF, 0x5E, 0x00, 0x00, 0x00, 0x00, 0x00, 0x00, 0x2F, 0xFE, 0xB5, 0x00, 
0x00, 0x00, 0x00, 0x00, 0x00, 0x00, 0x00, 0x0C, 0x00, 0x00, 0x00, 0x00, 0x00, 0x00, 0x00, 0x00, 
0x00, 0x00, 0x00, 0x04, 0x62, 0xB0, 0xCC, 0xC1, 0x7B, 0x08, 0x00, 0x00, 0x08, 0xC2, 0xFD, 0xAD, 
0x85, 0xB6, 0xFF, 0x9D, 0x00, 0x00, 0x77, 0xFF, 0x56, 0x00, 0x00, 0x00, 0xCC, 0xEA, 0x00, 0x00, 
0xB8, 0xF3, 0x00, 0x00, 0x00, 0x02, 0xDE, 0xC9, 0x00, 0x00, 0xA7, 0xFD, 0x22, 0x00, 0x01, 0x88, 
0xFF, 0x4F, 0x00, 0x00, 0x2F, 0xF2, 0xE3, 0x66, 0xBF, 0xF6, 0x62, 0x00, 0x00, 0x00, 0x00, 0x5E, 
0xFF, 0xFF, 0xFB, 0x42, 0x00, 0x00, 0x00, 0x0A, 0xA3, 0xFB, 0x9A, 0x5F, 0xE6, 0xF7, 0x47, 0x00, 
0x01, 0xBF, 0xEB, 0x3C, 0x00, 0x00, 0x1B, 0xEC, 0xE3, 0x00, 0x50, 0xFF, 0x5E, 0x00, 0x00, 0x00, 
0x00, 0xB0, 0xFF, 0x0A, 0x7F, 0xFF, 0x34, 0x00, 0x00, 0x00, 0x0B, 0xE4, 0xD7, 0x00, 0x4E, 0xFF, 
0xBD, 0x3D, 0x29, 0x4F, 0xC7, 0xFE, 0x4E, 0x00, 0x00, 0x7A, 0xF0, 0xFF, 0xFF, 0xFE, 0xC6, 0x42, 
0x00, 0x00, 0x00, 0x00, 0x02, 0x1D, 0x26, 0x0D, 0x00, 0x00, 0x00, 0x00, 0x00, 0x00, 0x00, 0x05, 
0x62, 0xAC, 0xCB, 0xB7, 0x46, 0x00, 0x00, 0x00, 0x11, 0xCA, 0xFC, 0xAE, 0x90, 0xE0, 0xFE, 0x43, 
0x00, 0x00, 0xA8, 0xFB, 0x45, 0x00, 0x00, 0x1F, 0xFD, 0xAC, 0x00, 0x1F, 0xFF, 0x9D, 0x00, 0x00, 
0x00, 0x00, 0xE5, 0xCC, 0x00, 0x60, 0xFF, 0x54, 0x00, 0x00, 0x00, 0x00, 0xE8, 0xC8, 0x00, 0x6E, 
0xFF, 0x4E, 0x00, 0x00, 0x00, 0x0A, 0xFE, 0xAC, 0x00, 0x38, 0xFF, 0xCD, 0x4A, 0x3D, 0x6E, 0xCF, 
0xFF, 0x7F, 0x00, 0x00, 0x72, 0xEF, 0xFF, 0xFB, 0xCD, 0xC0, 0xFF, 0x43, 0x00, 0x00, 0x00, 0x00, 
0x12, 0x04, 0x00, 0xC8, 0xEA, 0x04, 0x00, 0x00, 0x00, 0x00, 0x00, 0x00, 0x43, 0xFF, 0x80, 0x00, 
0x00, 0x00, 0x00, 0x00, 0x00, 0x21, 0xE0, 0xDF, 0x0A, 0x00, 0x47, 0x6B, 0x37, 0x37, 0x71, 0xEF, 
0xE8, 0x25, 0x00, 0x00, 0x6E, 0xFA, 0xFF, 0xFF, 0xF4, 0x93, 0x15, 0x00, 0x00, 0x00, 0x00, 0x0A, 
0x2A, 0x24, 0x05, 0x00, 0x00, 0x00, 0x00, 0x00, 0x00, 0x3E, 0xE8, 0x75, 0x00, 0x88, 0xFF, 0x6B, 
0x00, 0x18, 0x44, 0x03, 0x00, 0x00, 0x00, 0x00, 0x00, 0x00, 0x00, 0x00, 0x00, 0x00, 0x00, 0x00, 
0x07, 0x21, 0x00, 0x00, 0xB4, 0xFF, 0x2C, 0x00, 0xE0, 0xE9, 0x0C, 0x00, 0x0A, 0x06, 0x00, 0x00, 
0x00, 0x00, 0x00, 0x3D, 0xE9, 0x77, 0x00, 0x00, 0x00, 0x89, 0xFF, 0x6B, 0x00, 0x00, 0x00, 0x19, 
0x44, 0x04, 0x00, 0x00, 0x00, 0x00, 0x00, 0x00, 0x00, 0x00, 0x00, 0x00, 0x00, 0x00, 0x00, 0x00, 
0x00, 0x00, 0x00, 0x00, 0x00, 0x00, 0x07, 0x2A, 0x03, 0x00, 0x00, 0x00, 0x8F, 0xFF, 0x41, 0x00, 
0x00, 0x00, 0xCE, 0xEA, 0x0C, 0x00, 0x00, 0x5B, 0xFF, 0x55, 0x00, 0x00, 0x1A, 0xEE, 0x80, 0x00, 
0x00, 0x00, 0x80, 0x8D, 0x00, 0x00, 0x00, 0x00, 0x00, 0x00, 0x00, 0x00, 0x00, 0x00, 0x00, 0x00, 
0x00, 0x24, 0x01, 0x00, 0x00, 0x00, 0x00, 0x00, 0x00, 0x00, 0x3D, 0xB2, 0xF3, 0x04, 0x00, 0x00, 
0x00, 0x00, 0x02, 0x52, 0xC8, 0xFF, 0xCD, 0x4B, 0x00, 0x00, 0x00, 0x08, 0x68, 0xDB, 0xFD, 0xB0, 
0x3F, 0x00, 0x00, 0x00, 0x00, 0x76, 0xEA, 0xF2, 0x91, 0x22, 0x00, 0x00, 0x00, 0x00, 0x00, 0x1B, 
0xFF, 0xE7, 0x2B, 0x00, 0x00, 0x00, 0x00, 0x00, 0x00, 0x00, 0x02, 0x6E, 0xEC, 0xF7, 0x89, 0x11, 
0x00, 0x00, 0x00, 0x00, 0x00, 0x00, 0x00, 0x10, 0x8D, 0xF9, 0xEF, 0x77, 0x09, 0x00, 0x00, 0x00, 
0x00, 0x00, 0x00, 0x00, 0x23, 0xAD, 0xFF, 0xE4, 0x38, 0x00, 0x00, 0x00, 0x00, 0x00, 0x00, 0x00, 
0x00, 0x3C, 0xCA, 0x5A, 0x00, 0x00, 0x00, 0x00, 0x00, 0x00, 0x00, 0x00, 0x00, 0x00, 0x01, 0x00, 
0x00, 0x00, 0x0A, 0x37, 0x38, 0x38, 0x38, 0x38, 0x38, 0x38, 0x1F, 0x00, 0x76, 0xFF, 0xFF, 0xFF, 
0xFF, 0xFF, 0xFF, 0xFF, 0x95, 0x00, 0x10, 0x28, 0x28, 0x28, 0x28, 0x28, 0x28, 0x28, 0x0B, 0x00, 
0x00, 0x00, 0x00, 0x00, 0x00, 0x00, 0x00, 0x00, 0x00, 0x07, 0x67, 0x6C, 0x6C, 0x6C, 0x6C, 0x6C, 
0x6C, 0x5A, 0x00, 0x39, 0xF4, 0xF4, 0xF4, 0xF4, 0xF4, 0xF4, 0xF4, 0xB9, 0x00, 0x00, 0x00, 0x27, 
0x00, 0x00, 0x00, 0x00, 0x00, 0x00, 0x00, 0x00, 0x07, 0xFC, 0xB5, 0x29, 0x00, 0x00, 0x00, 0x00, 
0x00, 0x00, 0x00, 0x71, 0xEE, 0xFB, 0x94, 0x13, 0x00, 0x00, 0x00, 0x00, 0x00, 0x00, 0x11, 0x8A, 
0xF7, 0xEF, 0x73, 0x06, 0x00, 0x00, 0x00, 0x00, 0x00, 0x00, 0x1D, 0x9F, 0xFD, 0xDC, 0x3B, 0x00, 
0x00, 0x00, 0x00, 0x00, 0x00, 0x17, 0xA9, 0xFF, 0x73, 0x00, 0x00, 0x00, 0x00, 0x2F, 0x9F, 0xF8, 
0xE1, 0x70, 0x07, 0x00, 0x02, 0x4D, 0xBE, 0xFF, 0xCF, 0x5B, 0x04, 0x00, 0x00, 0x34, 0xDB, 0xFF, 
0xBC, 0x46, 0x00, 0x00, 0x00, 0x00, 0x00, 0x99, 0xA7, 0x31, 0x00, 0x00, 0x00, 0x00, 0x00, 0x00, 
0x00, 0x01, 0x00, 0x00, 0x00, 0x00, 0x00, 0x00, 0x00, 0x00, 0x00, 0x00, 0x01, 0x32, 0x60, 0x5C, 
0x24, 0x00, 0x00, 0x11, 0xD6, 0xFF, 0xF6, 0xFF, 0xFF, 0x81, 0x00, 0x2B, 0x83, 0x20, 0x00, 0x1C, 
0xCF, 0xFF, 0x2F, 0x00, 0x00, 0x00, 0x00, 0x00, 0x5B, 0xFF, 0x63, 0x00, 0x00, 0x00, 0x00, 0x00, 
0x5F, 0xFF, 0x4C, 0x00, 0x00, 0x00, 0x00, 0x00, 0xB9, 0xFA, 0x17, 0x00, 0x00, 0x11, 0x32, 0xA8, 
0xFF, 0x7F, 0x00, 0x00, 0x30, 0xFD, 0xFC, 0xD0, 0x61, 0x00, 0x00, 0x00, 0x69, 0xFF, 0x2F, 0x00, 
0x00, 0x00, 0x00, 0x00, 0x95, 0xF0, 0x02, 0x00, 0x00, 0x00, 0x00, 0x00, 0x74, 0x74, 0x00, 0x00, 
0x00, 0x00, 0x00, 0x00, 0x14, 0x06, 0x00, 0x00, 0x00, 0x00, 0x00, 0x51, 0xFF, 0x90, 0x00, 0x00, 
0x00, 0x00, 0x00, 0x85, 0xFF, 0x58, 0x00, 0x00, 0x00, 0x00, 0x00, 0x03, 0x0F, 0x00, 0x00, 0x00, 
0x00, 0x00, 0x00, 0x00, 0x00, 0x00, 0x00, 0x00, 0x06, 0x57, 0xA5, 0xD7, 0xEC, 0xEB, 0xD3, 0x98, 
0x2E, 0x00, 0x00, 0x00, 0x00, 0x00, 0x00, 0x3E, 0xE0, 0xF9, 0xA8, 0x6E, 0x59, 0x5F, 0x86, 0xDE, 
0xFB, 0x66, 0x00, 0x00, 0x00, 0x00, 0x5D, 0xFA, 0x9F, 0x19, 0x00, 0x00, 0x00, 0x00, 0x00, 0x07, 
0xAD, 0xFB, 0x22, 0x00, 0x00, 0x37, 0xFA, 0x82, 0x00, 0x02, 0x48, 0x67, 0x24, 0x0D, 0x44, 0x00, 
0x1C, 0xFF, 0x76, 0x00, 0x03, 0xDB, 0xBA, 0x00, 0x15, 0xC4, 0xFD, 0xE3, 0xF6, 0xA7, 0xCE, 0x00, 
0x00, 0xEC, 0x95, 0x00, 0x5B, 0xFE, 0x28, 0x00, 0xBA, 0xE2, 0x26, 0x00, 0x8B, 0xFF, 0x7C, 0x00, 
0x00, 0xEE, 0x8B, 0x00, 0xBE, 0xBA, 0x00, 0x42, 0xFF, 0x4C, 0x00, 0x00, 0x4B, 0xFF, 0x2A, 0x00, 
0x15, 0xFF, 0x63, 0x0E, 0xFB, 0x6D, 0x00, 0x99, 0xE6, 0x01, 0x00, 0x00, 0xA7, 0xD8, 0x00, 0x00, 
0x58, 0xFF, 0x24, 0x3F, 0xFF, 0x35, 0x00, 0xC8, 0xB2, 0x00, 0x00, 0x36, 0xFC, 0x8E, 0x00, 0x00, 
0xC1, 0xC1, 0x00, 0x63, 0xFF, 0x15, 0x00, 0xCE, 0xC9, 0x02, 0x45, 0xE7, 0xF0, 0x83, 0x02, 0x78, 
0xFC, 0x34, 0x00, 0x6A, 0xFF, 0x11, 0x00, 0x83, 0xFF, 0xF6, 0xF4, 0x5C, 0x98, 0xFD, 0xF1, 0xF4, 
0x57, 0x00, 0x00, 0x51, 0xFF, 0x38, 0x00, 0x02, 0x48, 0x56, 0x12, 0x00, 0x04, 0x4D, 0x57, 0x17, 
0x00, 0x00, 0x00, 0x0F, 0xF7, 0xB1, 0x01, 0x00, 0x00, 0x00, 0x00, 0x00, 0x00, 0x00, 0x00, 0x00, 
0x00, 0x00, 0x00, 0x00, 0x72, 0xFF, 0xB9, 0x44, 0x07, 0x00, 0x00, 0x0E, 0x41, 0x2D, 0x00, 0x00, 
0x00, 0x00, 0x00, 0x00, 0x00, 0x5C, 0xDA, 0xFF, 0xFD, 0xF0, 0xF4, 0xFF, 0xFC, 0x45, 0x00, 0x00, 
0x00, 0x00, 0x00, 0x00, 0x00, 0x00, 0x00, 0x2B, 0x51, 0x5D, 0x55, 0x3D, 0x10, 0x00, 0x00, 0x00, 
0x00, 0x00, 0x00, 0x00, 0x00, 0x00, 0x00, 0x00, 0x00, 0x00, 0x7F, 0xB1, 0x46, 0x00, 0x00, 0x00, 
0x00, 0x00, 0x00, 0x00, 0x00, 0x41, 0xFF, 0xFF, 0x96, 0x00, 0x00, 0x00, 0x00, 0x00, 0x00, 0x00, 
0x02, 0xCE, 0xCC, 0xE0, 0xBF, 0x00, 0x00, 0x00, 0x00, 0x00, 0x00, 0x00, 0x60, 0xFF, 0x42, 0xB8, 
0xE9, 0x00, 0x00, 0x00, 0x00, 0x00, 0x00, 0x0A, 0xE4, 0xB8, 0x00, 0x91, 0xFF, 0x12, 0x00, 0x00, 
0x00, 0x00, 0x00, 0x7F, 0xFD, 0x2F, 0x00, 0x6A, 0xFF, 0x3C, 0x00, 0x00, 0x00, 0x00, 0x1A, 0xF4, 
0xA3, 0x00, 0x00, 0x44, 0xFF, 0x66, 0x00, 0x00, 0x00, 0x00, 0x9E, 0xF8, 0x1F, 0x00, 0x00, 0x1D, 
0xFF, 0x8F, 0x00, 0x00, 0x00, 0x30, 0xFD, 0xE8, 0xA8, 0xA8, 0xA8, 0xA9, 0xFF, 0xB9, 0x00, 0x00, 
0x00, 0xBD, 0xF3, 0xAC, 0xAC, 0xAC, 0xAC, 0xAC, 0xEE, 0xE2, 0x00, 0x00, 0x4D, 0xFF, 0x7C, 0x00, 
0x00, 0x00, 0x00, 0x00, 0xB0, 0xFF, 0x0D, 0x04, 0xD7, 0xE6, 0x0A, 0x00, 0x00, 0x00, 0x00, 0x00, 
0x89, 0xFF, 0x36, 0x5E, 0xFF, 0x63, 0x00, 0x00, 0x00, 0x00, 0x00, 0x00, 0x5F, 0xFF, 0x54, 0x03, 
0x0B, 0x00, 0x00, 0x00, 0x00, 0x00, 0x00, 0x00, 0x00, 0x0D, 0x00, 0x00, 0x00, 0x00, 0x5E, 0xA4, 
0xA4, 0xA3, 0x97, 0x5F, 0x08, 0x00, 0x00, 0x00, 0x00, 0xEE, 0xE7, 0xBC, 0xC0, 0xE6, 0xFF, 0xC6, 
0x04, 0x00, 0x00, 0x22, 0xFF, 0x85, 0x00, 0x00, 0x03, 0xBA, 0xFF, 0x30, 0x00, 0x00, 0x55, 0xFF, 
0x53, 0x00, 0x00, 0x00, 0x95, 0xFF, 0x29, 0x00, 0x00, 0x89, 0xFF, 0x22, 0x00, 0x00, 0x08, 0xE2, 
0xD6, 0x01, 0x00, 0x00, 0xBC, 0xF5, 0x2C, 0x2C, 0x44, 0xC4, 0xE8, 0x2F, 0x00, 0x00, 0x00, 0xEE, 
0xFF, 0xFF, 0xFF, 0xFF, 0xFF, 0x8A, 0x05, 0x00, 0x00, 0x22, 0xFF, 0x92, 0x28, 0x29, 0x3F, 0xAC, 
0xFF, 0x8C, 0x00, 0x00, 0x55, 0xFF, 0x50, 0x00, 0x00, 0x00, 0x05, 0xF7, 0xD4, 0x00, 0x00, 0x88, 
0xFF, 0x1D, 0x00, 0x00, 0x00, 0x0B, 0xFD, 0xC3, 0x00, 0x00, 0xBB, 0xEB, 0x00, 0x00, 0x00, 0x00, 
0x83, 0xFF, 0x6B, 0x00, 0x00, 0xED, 0xDA, 0x64, 0x64, 0x76, 0xB6, 0xFF, 0xB3, 0x03, 0x00, 0x0C, 
0xF7, 0xFF, 0xFF, 0xFF, 0xEF, 0xC9, 0x69, 0x02, 0x00, 0x00, 0x00, 0x00, 0x00, 0x00, 0x41, 0x9A, 
0xC1, 0xB9, 0x87, 0x23, 0x00, 0x00, 0x00, 0x08, 0xAC, 0xFF, 0xEB, 0xB5, 0xBD, 0xF8, 0xF8, 0x18, 
0x00, 0x04, 0xB1, 0xFF, 0x90, 0x08, 0x00, 0x00, 0x1A, 0xA1, 0x09, 0x00, 0x70, 0xFF, 0x94, 0x00, 
0x00, 0x00, 0x00, 0x00, 0x00, 0x00, 0x0D, 0xEC, 0xE8, 0x08, 0x00, 0x00, 0x00, 0x00, 0x00, 0x00, 
0x00, 0x58, 0xFF, 0x7E, 0x00, 0x00, 0x00, 0x00, 0x00, 0x00, 0x00, 0x00, 0xA2, 0xFF, 0x33, 0x00, 
0x00, 0x00, 0x00, 0x00, 0x00, 0x00, 0x00, 0xC6, 0xFF, 0x07, 0x00, 0x00, 0x00, 0x00, 0x00, 0x00, 
0x00, 0x00, 0xDA, 0xFA, 0x00, 0x00, 0x00, 0x00, 0x00, 0x00, 0x00, 0x00, 0x00, 0xCB, 0xFF, 0x1B, 
0x00, 0x00, 0x00, 0x00, 0x00, 0x00, 0x00, 0x00, 0x8F, 0xFF, 0x89, 0x00, 0x00, 0x00, 0x00, 0x22, 
0x25, 0x00, 0x00, 0x1E, 0xEF, 0xFF, 0xA9, 0x64, 0x69, 0xA3, 0xF9, 0x45, 0x00, 0x00, 0x00, 0x30, 
0xC4, 0xFE, 0xFF, 0xFE, 0xCF, 0x64, 0x00, 0x00, 0x00, 0x00, 0x00, 0x00, 0x10, 0x22, 0x0D, 0x00, 
0x00, 0x00, 0x00, 0x00, 0x00, 0x00, 0x00, 0x60, 0xA4, 0xA4, 0xA2, 0x96, 0x72, 0x23, 0x00, 0x00, 
0x00, 0x00, 0x00, 0xEE, 0xEB, 0xC4, 0xC6, 0xDC, 0xFF, 0xFD, 0x82, 0x00, 0x00, 0x00, 0x22, 0xFF, 
0x89, 0x00, 0x00, 0x00, 0x33, 0xD8, 0xFF, 0x58, 0x00, 0x00, 0x55, 0xFF, 0x56, 0x00, 0x00, 0x00, 
0x00, 0x38, 0xFF, 0xBC, 0x00, 0x00, 0x89, 0xFF, 0x23, 0x00, 0x00, 0x00, 0x00, 0x00, 0xF1, 0xE3, 
0x00, 0x00, 0xBC, 0xEF, 0x00, 0x00, 0x00, 0x00, 0x00, 0x00, 0xE5, 0xE1, 0x00, 0x00, 0xEE, 0xBC, 
0x00, 0x00, 0x00, 0x00, 0x00, 0x06, 0xFA, 0xC5, 0x00, 0x22, 0xFF, 0x89, 0x00, 0x00, 0x00, 0x00, 
0x00, 0x41, 0xFF, 0x91, 0x00, 0x55, 0xFF, 0x56, 0x00, 0x00, 0x00, 0x00, 0x00, 0xA6, 0xFF, 0x3C, 
0x00, 0x88, 0xFF, 0x23, 0x00, 0x00, 0x00, 0x00, 0x3E, 0xFD, 0xC0, 0x00, 0x00, 0xBB, 0xEF, 0x00, 
0x00, 0x00, 0x00, 0x46, 0xEF, 0xEC, 0x26, 0x00, 0x00, 0xED, 0xDE, 0x68, 0x6A, 0x7C, 0xBE, 0xFF, 
0xDA, 0x31, 0x00, 0x00, 0x10, 0xFA, 0xFF, 0xFF, 0xFC, 0xEC, 0xBD, 0x67, 0x09, 0x00, 0x00, 0x00, 
0x00, 0x00, 0x00, 0x5F, 0xA4, 0xA4, 0xA4, 0xA4, 0xA4, 0xA3, 0x11, 0x00, 0x00, 0x00, 0xEA, 0xEC, 
0xC4, 0xC4, 0xC4, 0xC4, 0xB9, 0x06, 0x00, 0x00, 0x1F, 0xFF, 0x8D, 0x00, 0x00, 0x00, 0x00, 0x00, 
0x00, 0x00, 0x00, 0x53, 0xFF, 0x58, 0x00, 0x00, 0x00, 0x00, 0x00, 0x00, 0x00, 0x00, 0x86, 0xFF, 
0x23, 0x00, 0x00, 0x00, 0x00, 0x00, 0x00, 0x00, 0x00, 0xBA, 0xF8, 0x48, 0x48, 0x48, 0x48, 0x16, 
0x00, 0x00, 0x00, 0x00, 0xEC, 0xFF, 0xFF, 0xFF, 0xFF, 0xFF, 0x47, 0x00, 0x00, 0x00, 0x20, 0xFF, 
0x94, 0x14, 0x14, 0x14, 0x13, 0x00, 0x00, 0x00, 0x00, 0x54, 0xFF, 0x59, 0x00, 0x00, 0x00, 0x00, 
0x00, 0x00, 0x00, 0x00, 0x87, 0xFF, 0x25, 0x00, 0x00, 0x00, 0x00, 0x00, 0x00, 0x00, 0x00, 0xBB, 
0xF0, 0x01, 0x00, 0x00, 0x00, 0x00, 0x00, 0x00, 0x00, 0x00, 0xED, 0xDD, 0x64, 0x64, 0x64, 0x64, 
0x5C, 0x00, 0x00, 0x00, 0x11, 0xFB, 0xFF, 0xFF, 0xFF, 0xFF, 0xFF, 0xD6, 0x00, 0x00, 0x00, 0x00, 
0x00, 0x00, 0x5F, 0xA4, 0xA4, 0xA4, 0xA4, 0xA4, 0x81, 0x00, 0x00, 0x00, 0xEA, 0xEE, 0xC8, 0xC8, 
0xC8, 0xC8, 0x85, 0x00, 0x00, 0x1F, 0xFF, 0x8E, 0x00, 0x00, 0x00, 0x00, 0x00, 0x00, 0x00, 0x52, 
0xFF, 0x5B, 0x00, 0x00, 0x00, 0x00, 0x00, 0x00, 0x00, 0x85, 0xFF, 0x28, 0x00, 0x00, 0x00, 0x00, 
0x00, 0x00, 0x00, 0xB8, 0xF3, 0x02, 0x00, 0x00, 0x00, 0x00, 0x00, 0x00, 0x00, 0xEB, 0xFC, 0xEC, 
0xEC, 0xEC, 0xEC, 0x5C, 0x00, 0x00, 0x1F, 0xFF, 0xBF, 0x7C, 0x7C, 0x7C, 0x7B, 0x1A, 0x00, 0x00, 
0x52, 0xFF, 0x5B, 0x00, 0x00, 0x00, 0x00, 0x00, 0x00, 0x00, 0x86, 0xFF, 0x27, 0x00, 0x00, 0x00, 
0x00, 0x00, 0x00, 0x00, 0xB9, 0xF2, 0x01, 0x00, 0x00, 0x00, 0x00, 0x00, 0x00, 0x00, 0xEB, 0xC0, 
0x00, 0x00, 0x00, 0x00, 0x00, 0x00, 0x00, 0x1B, 0xFF, 0x88, 0x00, 0x00, 0x00, 0x00, 0x00, 0x00, 
0x00, 0x00, 0x0C, 0x01, 0x00, 0x00, 0x00, 0x00, 0x00, 0x00, 0x00, 0x00, 0x00, 0x00, 0x00, 0x11, 
0x74, 0xB2, 0xC9, 0xBB, 0x8C, 0x2F, 0x00, 0x00, 0x00, 0x00, 0x78, 0xF3, 0xFA, 0xC0, 0xA6, 0xBF, 
0xF5, 0xFE, 0x55, 0x00, 0x01, 0x9E, 0xFF, 0xAB, 0x20, 0x00, 0x00, 0x00, 0x0E, 0x81, 0x42, 0x00, 
0x69, 0xFF, 0x9A, 0x01, 0x00, 0x00, 0x00, 0x00, 0x00, 0x00, 0x00, 0x10, 0xF3, 0xDA, 0x08, 0x00, 
0x00, 0x00, 0x00, 0x00, 0x00, 0x00, 0x00, 0x66, 0xFF, 0x64, 0x00, 0x00, 0x00, 0x00, 0x00, 0x00, 
0x00, 0x00, 0x00, 0xB2, 0xFF, 0x12, 0x00, 0x00, 0x55, 0xEB, 0xEC, 0xEC, 0xEC, 0x5E, 0x00, 0xD3, 
0xED, 0x00, 0x00, 0x00, 0x36, 0x78, 0x78, 0xAE, 0xFF, 0x52, 0x00, 0xE6, 0xE9, 0x00, 0x00, 0x00, 
0x00, 0x00, 0x00, 0x8D, 0xFF, 0x1F, 0x00, 0xCD, 0xFF, 0x16, 0x00, 0x00, 0x00, 0x00, 0x00, 0xC1, 
0xEB, 0x00, 0x00, 0x81, 0xFF, 0xA2, 0x01, 0x00, 0x00, 0x00, 0x01, 0xF2, 0xB8, 0x00, 0x00, 0x0F, 
0xD9, 0xFF, 0xC9, 0x71, 0x53, 0x6C, 0xBA, 0xFF, 0x83, 0x00, 0x00, 0x00, 0x13, 0x9A, 0xF1, 0xFF, 
0xFF, 0xFF, 0xD6, 0x81, 0x0F, 0x00, 0x00, 0x00, 0x00, 0x00, 0x02, 0x1E, 0x25, 0x0E, 0x00, 0x00, 
0x00, 0x00, 0x00, 0x00, 0x00, 0x00, 0x7B, 0x97, 0x00, 0x00, 0x00, 0x00, 0x00, 0x33, 0xAE, 0x31, 
0x00, 0x00, 0x00, 0xED, 0xBE, 0x00, 0x00, 0x00, 0x00, 0x00, 0x82, 0xFF, 0x2A, 0x00, 0x00, 0x21, 
0xFF, 0x8C, 0x00, 0x00, 0x00, 0x00, 0x00, 0xB5, 0xF4, 0x02, 0x00, 0x00, 0x54, 0xFF, 0x59, 0x00, 
0x00, 0x00, 0x00, 0x00, 0xE8, 0xC3, 0x00, 0x00, 0x00, 0x87, 0xFF, 0x26, 0x00, 0x00, 0x00, 0x00, 
0x1C, 0xFF, 0x90, 0x00, 0x00, 0x00, 0xBA, 0xFC, 0x55, 0x54, 0x54, 0x54, 0x54, 0x83, 0xFF, 0x5D, 
0x00, 0x00, 0x00, 0xEC, 0xFF, 0xFF, 0xFF, 0xFF, 0xFF, 0xFF, 0xFF, 0xFF, 0x2A, 0x00, 0x00, 0x20, 
0xFF, 0x97, 0x24, 0x24, 0x24, 0x24, 0x24, 0xC3, 0xF4, 0x02, 0x00, 0x00, 0x53, 0xFF, 0x56, 0x00, 
0x00, 0x00, 0x00, 0x00, 0xE8, 0xC4, 0x00, 0x00, 0x00, 0x86, 0xFF, 0x24, 0x00, 0x00, 0x00, 0x00, 
0x1C, 0xFF, 0x91, 0x00, 0x00, 0x00, 0xB9, 0xF0, 0x01, 0x00, 0x00, 0x00, 0x00, 0x4E, 0xFF, 0x5E, 
0x00, 0x00, 0x00, 0xEB, 0xBE, 0x00, 0x00, 0x00, 0x00, 0x00, 0x81, 0xFF, 0x2B, 0x00, 0x00, 0x1B, 
0xFF, 0x88, 0x00, 0x00, 0x00, 0x00, 0x00, 0xB0, 0xF0, 0x03, 0x00, 0x00, 0x00, 0x0C, 0x01, 0x00, 
0x00, 0x00, 0x00, 0x00, 0x06, 0x07, 0x00, 0x00, 0x00, 0x00, 0x00, 0x00, 0x7A, 0x97, 0x00, 0x00, 
0x00, 0xED, 0xBE, 0x00, 0x00, 0x21, 0xFF, 0x8A, 0x00, 0x00, 0x54, 0xFF, 0x57, 0x00, 0x00, 0x87, 
0xFF, 0x24, 0x00, 0x00, 0xBA, 0xF0, 0x01, 0x00, 0x00, 0xEC, 0xBE, 0x00, 0x00, 0x20, 0xFF, 0x8B, 
0x00, 0x00, 0x53, 0xFF, 0x58, 0x00, 0x00, 0x86, 0xFF, 0x25, 0x00, 0x00, 0xB9, 0xF1, 0x01, 0x00, 
0x00, 0xEB, 0xBF, 0x00, 0x00, 0x1B, 0xFF, 0x88, 0x00, 0x00, 0x00, 0x0C, 0x01, 0x00, 0x00, 0x00, 
0x00, 0x00, 0x00, 0x00, 0x3C, 0xAE, 0x29, 0x00, 0x00, 0x00, 0x00, 0x00, 0x91, 0xFF, 0x1E, 0x00, 
0x00, 0x00, 0x00, 0x00, 0xC4, 0xEB, 0x00, 0x00, 0x00, 0x00, 0x00, 0x02, 0xF4, 0xB8, 0x00, 0x00, 
0x00, 0x00, 0x00, 0x2A, 0xFF, 0x85, 0x00, 0x00, 0x00, 0x00, 0x00, 0x5D, 0xFF, 0x52, 0x00, 0x00, 
0x00, 0x00, 0x00, 0x90, 0xFF, 0x1F, 0x00, 0x00, 0x00, 0x00, 0x00, 0xC3, 0xEC, 0x00, 0x00, 0x00, 
0x00, 0x00, 0x02, 0xF3, 0xB9, 0x00, 0x00, 0x00, 0x00, 0x00, 0x29, 0xFF, 0x86, 0x00, 0x00, 0x00, 
0x00, 0x00, 0x6D, 0xFF, 0x45, 0x00, 0x00, 0x5F, 0x6C, 0x5F, 0xE6, 0xDB, 0x05, 0x00, 0x00, 0x96, 
0xFF, 0xFF, 0xDB, 0x32, 0x00, 0x00, 0x00, 0x00, 0x1C, 0x1B, 0x00, 0x00, 0x00, 0x00, 0x00, 0x00, 
0x00, 0x00, 0x7B, 0x98, 0x00, 0x00, 0x00, 0x00, 0x72, 0xAE, 0x19, 0x00, 0x00, 0x00, 0xED, 0xC1, 
0x00, 0x00, 0x00, 0x84, 0xFF, 0x90, 0x00, 0x00, 0x00, 0x21, 0xFF, 0x8E, 0x00, 0x00, 0x82, 0xFF, 
0x8B, 0x00, 0x00, 0x00, 0x00, 0x54, 0xFF, 0x5B, 0x00, 0x7D, 0xFF, 0x85, 0x00, 0x00, 0x00, 0x00, 
0x00, 0x87, 0xFF, 0x28, 0x7A, 0xFF, 0x80, 0x00, 0x00, 0x00, 0x00, 0x00, 0x00, 0xBA, 0xF3, 0x78, 
0xFF, 0x79, 0x00, 0x00, 0x00, 0x00, 0x00, 0x00, 0x00, 0xEC, 0xDB, 0xFE, 0xC2, 0x00, 0x00, 0x00, 
0x00, 0x00, 0x00, 0x00, 0x20, 0xFF, 0x89, 0xAA, 0xFE, 0x37, 0x00, 0x00, 0x00, 0x00, 0x00, 0x00, 
0x53, 0xFF, 0x56, 0x23, 0xF9, 0xC5, 0x00, 0x00, 0x00, 0x00, 0x00, 0x00, 0x86, 0xFF, 0x24, 0x00, 
0x91, 0xFF, 0x56, 0x00, 0x00, 0x00, 0x00, 0x00, 0xB9, 0xF0, 0x01, 0x00, 0x14, 0xF0, 0xDF, 0x07, 
0x00, 0x00, 0x00, 0x00, 0xEB, 0xBE, 0x00, 0x00, 0x00, 0x79, 0xFF, 0x77, 0x00, 0x00, 0x00, 0x1B, 
0xFF, 0x88, 0x00, 0x00, 0x00, 0x09, 0xE1, 0xEE, 0x02, 0x00, 0x00, 0x00, 0x0C, 0x01, 0x00, 0x00, 
0x00, 0x00, 0x04, 0x09, 0x00, 0x00, 0x00, 0x00, 0x00, 0x00, 0x7B, 0x97, 0x00, 0x00, 0x00, 0x00, 
0x00, 0x00, 0xED, 0xBE, 0x00, 0x00, 0x00, 0x00, 0x00, 0x21, 0xFF, 0x8B, 0x00, 0x00, 0x00, 0x00, 
0x00, 0x54, 0xFF, 0x58, 0x00, 0x00, 0x00, 0x00, 0x00, 0x88, 0xFF, 0x25, 0x00, 0x00, 0x00, 0x00, 
0x00, 0xBB, 0xF1, 0x01, 0x00, 0x00, 0x00, 0x00, 0x00, 0xED, 0xC0, 0x00, 0x00, 0x00, 0x00, 0x00, 
0x21, 0xFF, 0x8D, 0x00, 0x00, 0x00, 0x00, 0x00, 0x55, 0xFF, 0x5A, 0x00, 0x00, 0x00, 0x00, 0x00, 
0x88, 0xFF, 0x27, 0x00, 0x00, 0x00, 0x00, 0x00, 0xBB, 0xF2, 0x02, 0x00, 0x00, 0x00, 0x00, 0x00, 
0xED, 0xE4, 0x74, 0x74, 0x74, 0x74, 0x36, 0x10, 0xFB, 0xFF, 0xFF, 0xFF, 0xFF, 0xFF, 0x5C, 0x00, 
0x00, 0x00, 0x63, 0xA3, 0x80, 0x01, 0x00, 0x00, 0x00, 0x00, 0x00, 0x00, 0x00, 0x6A, 0xA3, 0x81, 
0x00, 0x00, 0x00, 0xEE, 0xFB, 0xFF, 0x2F, 0x00, 0x00, 0x00, 0x00, 0x00, 0x00, 0x5E, 0xFF, 0xFC, 
0xCC, 0x00, 0x00, 0x22, 0xFF, 0xB0, 0xFF, 0x63, 0x00, 0x00, 0x00, 0x00, 0x00, 0x12, 0xEA, 0xAF, 
0xFC, 0x99, 0x00, 0x00, 0x55, 0xFF, 0x50, 0xFA, 0x97, 0x00, 0x00, 0x00, 0x00, 0x00, 0x9C, 0xF1, 
0x52, 0xFF, 0x66, 0x00, 0x00, 0x88, 0xFF, 0x16, 0xD1, 0xCA, 0x00, 0x00, 0x00, 0x00, 0x3B, 0xFE, 
0x6E, 0x6C, 0xFF, 0x33, 0x00, 0x00, 0xBB, 0xE2, 0x00, 0xA0, 0xF8, 0x05, 0x00, 0x00, 0x04, 0xD2, 
0xCF, 0x03, 0x9F, 0xFA, 0x06, 0x00, 0x00, 0xED, 0xAF, 0x00, 0x6F, 0xFF, 0x30, 0x00, 0x00, 0x76, 
0xFE, 0x38, 0x00, 0xD2, 0xCD, 0x00, 0x00, 0x21, 0xFF, 0x7C, 0x00, 0x3F, 0xFF, 0x64, 0x00, 0x1F, 
0xF5, 0x9A, 0x00, 0x09, 0xFB, 0x9A, 0x00, 0x00, 0x54, 0xFF, 0x49, 0x00, 0x0F, 0xFE, 0x97, 0x00, 
0xB2, 0xEB, 0x12, 0x00, 0x38, 0xFF, 0x67, 0x00, 0x00, 0x87, 0xFF, 0x16, 0x00, 0x00, 0xDD, 0xCA, 
0x51, 0xFF, 0x62, 0x00, 0x00, 0x6B, 0xFF, 0x35, 0x00, 0x00, 0xB9, 0xE2, 0x00, 0x00, 0x00, 0xAC, 
0xF8, 0xE3, 0xC5, 0x01, 0x00, 0x00, 0x9E, 0xFA, 0x07, 0x00, 0x00, 0xEC, 0xAF, 0x00, 0x00, 0x00, 
0x7B, 0xFF, 0xFB, 0x2E, 0x00, 0x00, 0x00, 0xD0, 0xCF, 0x00, 0x00, 0x1C, 0xFF, 0x78, 0x00, 0x00, 
0x00, 0x46, 0xFF, 0x8A, 0x00, 0x00, 0x00, 0x05, 0xFA, 0x98, 0x00, 0x00, 0x00, 0x0C, 0x00, 0x00, 
0x00, 0x00, 0x00, 0x08, 0x00, 0x00, 0x00, 0x00, 0x00, 0x0B, 0x02, 0x00, 0x00, 0x00, 0x00, 0x00, 
0x5D, 0xA3, 0x4C, 0x00, 0x00, 0x00, 0x00, 0x00, 0x80, 0x77, 0x00, 0x00, 0x01, 0xEF, 0xFF, 0xE8, 
0x04, 0x00, 0x00, 0x00, 0x04, 0xF7, 0x9B, 0x00, 0x00, 0x24, 0xFF, 0xD4, 0xFF, 0x48, 0x00, 0x00, 
0x00, 0x30, 0xFF, 0x68, 0x00, 0x00, 0x57, 0xFF, 0x57, 0xFE, 0xA2, 0x00, 0x00, 0x00, 0x63, 0xFF, 
0x34, 0x00, 0x00, 0x8A, 0xFE, 0x0C, 0xC8, 0xF2, 0x09, 0x00, 0x00, 0x97, 0xFA, 0x07, 0x00, 0x00, 
0xBC, 0xD9, 0x00, 0x6F, 0xFF, 0x55, 0x00, 0x00, 0xCA, 0xCD, 0x00, 0x00, 0x00, 0xEE, 0xA6, 0x00, 
0x18, 0xFC, 0xAE, 0x00, 0x05, 0xF8, 0x9A, 0x00, 0x00, 0x22, 0xFF, 0x73, 0x00, 0x00, 0xBB, 0xF8, 
0x0F, 0x31, 0xFF, 0x67, 0x00, 0x00, 0x55, 0xFF, 0x40, 0x00, 0x00, 0x61, 0xFF, 0x61, 0x64, 0xFF, 
0x33, 0x00, 0x00, 0x87, 0xFE, 0x0F, 0x00, 0x00, 0x0E, 0xF7, 0xB9, 0x94, 0xF9, 0x06, 0x00, 0x00, 
0xBA, 0xDA, 0x00, 0x00, 0x00, 0x00, 0xAC, 0xFB, 0xD6, 0xCC, 0x00, 0x00, 0x00, 0xEC, 0xA7, 0x00, 
0x00, 0x00, 0x00, 0x51, 0xFF, 0xFF, 0x99, 0x00, 0x00, 0x1C, 0xFF, 0x70, 0x00, 0x00, 0x00, 0x00, 
0x07, 0xDB, 0xFE, 0x52, 0x00, 0x00, 0x00, 0x0C, 0x00, 0x00, 0x00, 0x00, 0x00, 0x00, 0x01, 0x05, 
0x00, 0x00, 0x00, 0x00, 0x00, 0x00, 0x00, 0x47, 0x9C, 0xC5, 0xCD, 0xAF, 0x5D, 0x02, 0x00, 0x00, 
0x00, 0x0F, 0xB7, 0xFF, 0xDF, 0xA7, 0xB5, 0xED, 0xFF, 0xA9, 0x00, 0x00, 0x04, 0xBA, 0xFC, 0x7C, 
0x02, 0x00, 0x00, 0x13, 0xCD, 0xFF, 0x49, 0x00, 0x7B, 0xFF, 0x7A, 0x00, 0x00, 0x00, 0x00, 0x00, 
0x52, 0xFF, 0x90, 0x0C, 0xED, 0xD9, 0x03, 0x00, 0x00, 0x00, 0x00, 0x00, 0x29, 0xFF, 0xA6, 0x5D, 
0xFF, 0x79, 0x00, 0x00, 0x00, 0x00, 0x00, 0x00, 0x2F, 0xFF, 0x98, 0x9E, 0xFF, 0x33, 0x00, 0x00, 
0x00, 0x00, 0x00, 0x00, 0x52, 0xFF, 0x78, 0xC9, 0xFE, 0x06, 0x00, 0x00, 0x00, 0x00, 0x00, 0x00, 
0x8C, 0xFF, 0x3C, 0xDD, 0xF1, 0x00, 0x00, 0x00, 0x00, 0x00, 0x00, 0x03, 0xE5, 0xE6, 0x06, 0xD8, 
0xFD, 0x06, 0x00, 0x00, 0x00, 0x00, 0x00, 0x6E, 0xFF, 0x76, 0x00, 0xA7, 0xFF, 0x5D, 0x00, 0x00, 
0x00, 0x00, 0x47, 0xF7, 0xCB, 0x09, 0x00, 0x35, 0xFB, 0xF9, 0x8A, 0x52, 0x54, 0x9C, 0xFE, 0xDD, 
0x1B, 0x00, 0x00, 0x00, 0x48, 0xD4, 0xFF, 0xFF, 0xFF, 0xE9, 0x89, 0x0F, 0x00, 0x00, 0x00, 0x00, 
0x00, 0x00, 0x16, 0x2B, 0x1D, 0x01, 0x00, 0x00, 0x00, 0x00, 0x00, 0x00, 0x00, 0x00, 0x5B, 0xA3, 
0xA4, 0xA2, 0x91, 0x55, 0x04, 0x00, 0x00, 0x00, 0x01, 0xEF, 0xEA, 0xC0, 0xC2, 0xE8, 0xFF, 0xB8, 
0x01, 0x00, 0x00, 0x24, 0xFF, 0x89, 0x00, 0x00, 0x05, 0xB8, 0xFF, 0x3F, 0x00, 0x00, 0x57, 0xFF, 
0x57, 0x00, 0x00, 0x00, 0x6C, 0xFF, 0x5B, 0x00, 0x00, 0x8A, 0xFF, 0x24, 0x00, 0x00, 0x00, 0x8F, 
0xFF, 0x37, 0x00, 0x00, 0xBC, 0xF1, 0x01, 0x00, 0x00, 0x19, 0xED, 0xD9, 0x01, 0x00, 0x00, 0xEE, 
0xCF, 0x30, 0x38, 0x66, 0xDF, 0xF5, 0x3C, 0x00, 0x00, 0x22, 0xFF, 0xFF, 0xFF, 0xFF, 0xFE, 0xBA, 
0x33, 0x00, 0x00, 0x00, 0x55, 0xFF, 0x73, 0x30, 0x2B, 0x10, 0x00, 0x00, 0x00, 0x00, 0x00, 0x87, 
0xFF, 0x24, 0x00, 0x00, 0x00, 0x00, 0x00, 0x00, 0x00, 0x00, 0xBA, 0xF0, 0x01, 0x00, 0x00, 0x00, 
0x00, 0x00, 0x00, 0x00, 0x00, 0xEC, 0xBF, 0x00, 0x00, 0x00, 0x00, 0x00, 0x00, 0x00, 0x00, 0x1B, 
0xFF, 0x88, 0x00, 0x00, 0x00, 0x00, 0x00, 0x00, 0x00, 0x00, 0x00, 0x0C, 0x01, 0x00, 0x00, 0x00, 
0x00, 0x00, 0x00, 0x00, 0x00, 0x00, 0x00, 0x00, 0x00, 0x47, 0x9D, 0xC5, 0xCD, 0xAE, 0x5C, 0x01, 
0x00, 0x00, 0x00, 0x11, 0xB9, 0xFF, 0xDD, 0xA7, 0xB5, 0xED, 0xFF, 0xA6, 0x00, 0x00, 0x04, 0xBD, 
0xFB, 0x79, 0x01, 0x00, 0x00, 0x13, 0xCD, 0xFF, 0x45, 0x00, 0x7F, 0xFF, 0x78, 0x00, 0x00, 0x00, 
0x00, 0x00, 0x52, 0xFF, 0x8F, 0x0C, 0xEE, 0xD9, 0x03, 0x00, 0x00, 0x00, 0x00, 0x00, 0x29, 0xFF, 
0xA7, 0x5D, 0xFF, 0x76, 0x00, 0x00, 0x00, 0x00, 0x00, 0x00, 0x2F, 0xFF, 0x9D, 0x9E, 0xFF, 0x2F, 
0x00, 0x00, 0x00, 0x00, 0x00, 0x00, 0x52, 0xFF, 0x7B, 0xC9, 0xFC, 0x04, 0x00, 0x00, 0x00, 0x00, 
0x00, 0x00, 0x8C, 0xFF, 0x41, 0xDD, 0xED, 0x00, 0x00, 0x00, 0x00, 0x00, 0x00, 0x03, 0xE5, 0xE9, 
0x05, 0xD8, 0xFD, 0x05, 0x00, 0x00, 0x00, 0x00, 0x00, 0x6E, 0xFF, 0x7E, 0x00, 0xA7, 0xFF, 0x5D, 
0x00, 0x00, 0x00, 0x00, 0x48, 0xF7, 0xD7, 0x09, 0x00, 0x35, 0xFB, 0xF9, 0x8A, 0x52, 0x54, 0x9E, 
0xFE, 0xFC, 0x29, 0x00, 0x00, 0x00, 0x48, 0xD5, 0xFF, 0xFF, 0xFF, 0xE6, 0xAC, 0xFF, 0xC9, 0x23, 
0x00, 0x00, 0x00, 0x00, 0x17, 0x2B, 0x18, 0x01, 0x00, 0x6F, 0xFB, 0xF8, 0x64, 0x00, 0x00, 0x00, 
0x00, 0x00, 0x00, 0x00, 0x00, 0x00, 0x2F, 0xAD, 0x5A, 0x00, 0x00, 0x00, 0x5B, 0xA4, 0xA4, 0xA2, 
0x8C, 0x59, 0x05, 0x00, 0x00, 0x00, 0x00, 0xEA, 0xEB, 0xC0, 0xC4, 0xE9, 0xFF, 0xC7, 0x07, 0x00, 
0x00, 0x1F, 0xFF, 0x8D, 0x00, 0x00, 0x04, 0xB6, 0xFF, 0x44, 0x00, 0x00, 0x52, 0xFF, 0x59, 0x00, 
0x00, 0x00, 0x7E, 0xFF, 0x4C, 0x00, 0x00, 0x85, 0xFF, 0x25, 0x00, 0x00, 0x01, 0xC7, 0xF6, 0x16, 
0x00, 0x00, 0xB8, 0xF0, 0x01, 0x04, 0x29, 0xAB, 0xFF, 0x73, 0x00, 0x00, 0x00, 0xEB, 0xFF, 0xFF, 
0xFF, 0xFF, 0xD7, 0x58, 0x00, 0x00, 0x00, 0x1F, 0xFF, 0xB0, 0x5E, 0x88, 0xF7, 0xDB, 0x0E, 0x00, 
0x00, 0x00, 0x52, 0xFF, 0x59, 0x00, 0x00, 0x6D, 0xFF, 0x6A, 0x00, 0x00, 0x00, 0x86, 0xFF, 0x25, 
0x00, 0x00, 0x1B, 0xFF, 0xA8, 0x00, 0x00, 0x00, 0xB9, 0xF1, 0x01, 0x00, 0x00, 0x00, 0xEC, 0xD8, 
0x00, 0x00, 0x00, 0xEB, 0xBF, 0x00, 0x00, 0x00, 0x00, 0xC1, 0xFD, 0x0A, 0x00, 0x1B, 0xFF, 0x88, 
0x00, 0x00, 0x00, 0x00, 0x93, 0xFF, 0x2A, 0x00, 0x00, 0x0C, 0x01, 0x00, 0x00, 0x00, 0x00, 0x02, 
0x0B, 0x00, 0x00, 0x00, 0x00, 0x00, 0x0C, 0x7E, 0xC1, 0xCC, 0xA6, 0x42, 0x00, 0x00, 0x1C, 0xE3, 
0xF8, 0xB0, 0xA3, 0xE0, 0xF3, 0x00, 0x00, 0xB5, 0xFA, 0x33, 0x00, 0x00, 0x03, 0x39, 0x00, 0x01, 
0xFB, 0xC6, 0x00, 0x00, 0x00, 0x00, 0x00, 0x00, 0x00, 0xEE, 0xE9, 0x0E, 0x00, 0x00, 0x00, 0x00, 
0x00, 0x00, 0x8D, 0xFF, 0xCE, 0x2D, 0x00, 0x00, 0x00, 0x00, 0x00, 0x04, 0x95, 0xFE, 0xFC, 0x88, 
0x02, 0x00, 0x00, 0x00, 0x00, 0x00, 0x3B, 0xD6, 0xFF, 0x8D, 0x00, 0x00, 0x00, 0x00, 0x00, 0x00, 
0x11, 0xE9, 0xF8, 0x04, 0x00, 0x00, 0x00, 0x00, 0x00, 0x00, 0xC0, 0xFF, 0x12, 0x1E, 0x00, 0x00, 
0x00, 0x00, 0x1E, 0xF4, 0xD7, 0x00, 0xE4, 0xC3, 0x68, 0x4D, 0x74, 0xE4, 0xFB, 0x46, 0x00, 0x6B, 
0xE3, 0xFF, 0xFF, 0xFE, 0xC4, 0x3B, 0x00, 0x00, 0x00, 0x00, 0x1E, 0x2A, 0x10, 0x00, 0x00, 0x00, 
0x00, 0x23, 0xA3, 0xA4, 0xA4, 0xA4, 0xA4, 0xA4, 0xA4, 0xA4, 0xA3, 0x0F, 0x49, 0xC8, 0xC8, 0xC8, 
0xED, 0xFF, 0xC9, 0xC8, 0xC8, 0xBB, 0x05, 0x00, 0x00, 0x00, 0x00, 0xC9, 0xE6, 0x00, 0x00, 0x00, 
0x00, 0x00, 0x00, 0x00, 0x00, 0x04, 0xF7, 0xB3, 0x00, 0x00, 0x00, 0x00, 0x00, 0x00, 0x00, 0x00, 
0x2F, 0xFF, 0x80, 0x00, 0x00, 0x00, 0x00, 0x00, 0x00, 0x00, 0x00, 0x62, 0xFF, 0x4D, 0x00, 0x00, 
0x00, 0x00, 0x00, 0x00, 0x00, 0x00, 0x95, 0xFF, 0x1A, 0x00, 0x00, 0x00, 0x00, 0x00, 0x00, 0x00, 
0x00, 0xC8, 0xE7, 0x00, 0x00, 0x00, 0x00, 0x00, 0x00, 0x00, 0x00, 0x04, 0xF7, 0xB4, 0x00, 0x00, 
0x00, 0x00, 0x00, 0x00, 0x00, 0x00, 0x2E, 0xFF, 0x81, 0x00, 0x00, 0x00, 0x00, 0x00, 0x00, 0x00, 
0x00, 0x61, 0xFF, 0x4E, 0x00, 0x00, 0x00, 0x00, 0x00, 0x00, 0x00, 0x00, 0x94, 0xFF, 0x1B, 0x00, 
0x00, 0x00, 0x00, 0x00, 0x00, 0x00, 0x00, 0xC3, 0xE4, 0x00, 0x00, 0x00, 0x00, 0x00, 0x00, 0x00, 
0x00, 0x00, 0x07, 0x06, 0x00, 0x00, 0x00, 0x00, 0x00, 0x00, 0x00, 0x00, 0x00, 0x80, 0x91, 0x00, 
0x00, 0x00, 0x00, 0x00, 0x00, 0x9B, 0x77, 0x00, 0x02, 0xF3, 0xB6, 0x00, 0x00, 0x00, 0x00, 0x00, 
0x1A, 0xFF, 0x91, 0x00, 0x28, 0xFF, 0x83, 0x00, 0x00, 0x00, 0x00, 0x00, 0x4D, 0xFF, 0x5E, 0x00, 
0x5B, 0xFF, 0x50, 0x00, 0x00, 0x00, 0x00, 0x00, 0x80, 0xFF, 0x2B, 0x00, 0x8E, 0xFF, 0x1D, 0x00, 
0x00, 0x00, 0x00, 0x00, 0xB4, 0xF5, 0x03, 0x00, 0xC0, 0xEA, 0x00, 0x00, 0x00, 0x00, 0x00, 0x00, 
0xE7, 0xC4, 0x00, 0x01, 0xF1, 0xB7, 0x00, 0x00, 0x00, 0x00, 0x00, 0x1A, 0xFF, 0x91, 0x00, 0x26, 
0xFF, 0x84, 0x00, 0x00, 0x00, 0x00, 0x00, 0x4E, 0xFF, 0x5E, 0x00, 0x55, 0xFF, 0x5A, 0x00, 0x00, 
0x00, 0x00, 0x00, 0x89, 0xFF, 0x27, 0x00, 0x70, 0xFF, 0x4A, 0x00, 0x00, 0x00, 0x00, 0x03, 0xE0, 
0xDD, 0x00, 0x00, 0x5E, 0xFF, 0x82, 0x00, 0x00, 0x00, 0x00, 0x85, 0xFF, 0x68, 0x00, 0x00, 0x13, 
0xEF, 0xFB, 0x88, 0x4D, 0x5F, 0xB6, 0xFF, 0xAB, 0x01, 0x00, 0x00, 0x00, 0x38, 0xCF, 0xFF, 0xFF, 
0xFF, 0xE1, 0x6F, 0x02, 0x00, 0x00, 0x00, 0x00, 0x00, 0x00, 0x16, 0x2B, 0x1B, 0x00, 0x00, 0x00, 
0x00, 0x00, 0x00, 0x0C, 0xAD, 0x66, 0x00, 0x00, 0x00, 0x00, 0x00, 0x00, 0x29, 0xAE, 0x52, 0x03, 
0xF9, 0xBE, 0x00, 0x00, 0x00, 0x00, 0x00, 0x00, 0xB5, 0xF9, 0x22, 0x00, 0xD6, 0xE1, 0x00, 0x00, 
0x00, 0x00, 0x00, 0x3C, 0xFF, 0x8F, 0x00, 0x00, 0xAF, 0xFD, 0x07, 0x00, 0x00, 0x00, 0x00, 0xC4, 
0xEF, 0x13, 0x00, 0x00, 0x88, 0xFF, 0x28, 0x00, 0x00, 0x00, 0x4D, 0xFF, 0x75, 0x00, 0x00, 0x00, 
0x62, 0xFF, 0x4B, 0x00, 0x00, 0x02, 0xD2, 0xE0, 0x07, 0x00, 0x00, 0x00, 0x3B, 0xFF, 0x6F, 0x00, 
0x00, 0x5D, 0xFF, 0x5A, 0x00, 0x00, 0x00, 0x00, 0x15, 0xFF, 0x92, 0x00, 0x06, 0xDE, 0xCC, 0x01, 
0x00, 0x00, 0x00, 0x00, 0x00, 0xEE, 0xB5, 0x00, 0x6D, 0xFF, 0x41, 0x00, 0x00, 0x00, 0x00, 0x00, 
0x00, 0xC8, 0xD9, 0x0B, 0xE8, 0xB3, 0x00, 0x00, 0x00, 0x00, 0x00, 0x00, 0x00, 0xA1, 0xF9, 0x7E, 
0xFC, 0x2A, 0x00, 0x00, 0x00, 0x00, 0x00, 0x00, 0x00, 0x7B, 0xFF, 0xF8, 0x99, 0x00, 0x00, 0x00, 
0x00, 0x00, 0x00, 0x00, 0x00, 0x4F, 0xFF, 0xEF, 0x18, 0x00, 0x00, 0x00, 0x00, 0x00, 0x00, 0x00, 
0x00, 0x00, 0x0C, 0x05, 0x00, 0x00, 0x00, 0x00, 0x00, 0x00, 0x00, 0x8C, 0x8F, 0x00, 0x00, 0x00, 
0x00, 0x00, 0x5B, 0xB0, 0x2A, 0x00, 0x00, 0x00, 0x00, 0x07, 0xA3, 0x76, 0xCC, 0xEC, 0x00, 0x00, 
0x00, 0x00, 0x09, 0xEB, 0xFF, 0x57, 0x00, 0x00, 0x00, 0x00, 0x66, 0xFF, 0x5D, 0xB5, 0xFC, 0x01, 
0x00, 0x00, 0x00, 0x6A, 0xFF, 0xFF, 0x6A, 0x00, 0x00, 0x00, 0x02, 0xDA, 0xDC, 0x03, 0x9F, 0xFF, 
0x0E, 0x00, 0x00, 0x02, 0xDC, 0xC4, 0xFF, 0x7E, 0x00, 0x00, 0x00, 0x53, 0xFF, 0x63, 0x00, 0x89, 
0xFF, 0x1F, 0x00, 0x00, 0x54, 0xFF, 0x3D, 0xFF, 0x91, 0x00, 0x00, 0x00, 0xC9, 0xE1, 0x05, 0x00, 
0x73, 0xFF, 0x31, 0x00, 0x00, 0xC9, 0xC1, 0x00, 0xF4, 0xA4, 0x00, 0x00, 0x40, 0xFF, 0x6A, 0x00, 
0x00, 0x5C, 0xFF, 0x42, 0x00, 0x3E, 0xFF, 0x4D, 0x00, 0xE0, 0xB8, 0x00, 0x00, 0xB7, 0xE6, 0x07, 
0x00, 0x00, 0x46, 0xFF, 0x53, 0x00, 0xB3, 0xD8, 0x01, 0x00, 0xCC, 0xCB, 0x00, 0x2E, 0xFF, 0x70, 
0x00, 0x00, 0x00, 0x30, 0xFF, 0x64, 0x29, 0xFE, 0x66, 0x00, 0x00, 0xB8, 0xDE, 0x00, 0xA4, 0xEA, 
0x0A, 0x00, 0x00, 0x00, 0x1A, 0xFF, 0x75, 0x9D, 0xEA, 0x08, 0x00, 0x00, 0xA4, 0xF2, 0x1E, 0xFB, 
0x77, 0x00, 0x00, 0x00, 0x00, 0x04, 0xFE, 0x9F, 0xF9, 0x7F, 0x00, 0x00, 0x00, 0x90, 0xFF, 0x97, 
0xED, 0x0D, 0x00, 0x00, 0x00, 0x00, 0x00, 0xED, 0xFB, 0xF6, 0x14, 0x00, 0x00, 0x00, 0x7C, 0xFF, 
0xFB, 0x7D, 0x00, 0x00, 0x00, 0x00, 0x00, 0x00, 0xD0, 0xFF, 0x92, 0x00, 0x00, 0x00, 0x00, 0x5F, 
0xFF, 0xEA, 0x10, 0x00, 0x00, 0x00, 0x00, 0x00, 0x00, 0x04, 0x0D, 0x00, 0x00, 0x00, 0x00, 0x00, 
0x00, 0x0C, 0x04, 0x00, 0x00, 0x00, 0x00, 0x00, 0x00, 0x00, 0x00, 0x00, 0x76, 0xA9, 0x0E, 0x00, 
0x00, 0x00, 0x00, 0x6D, 0xB0, 0x1E, 0x00, 0x00, 0x00, 0x7B, 0xFF, 0x64, 0x00, 0x00, 0x00, 0x4D, 
0xFE, 0xA7, 0x00, 0x00, 0x00, 0x00, 0x1B, 0xFC, 0xC3, 0x00, 0x00, 0x20, 0xEE, 0xD2, 0x0A, 0x00, 
0x00, 0x00, 0x00, 0x00, 0xB4, 0xFF, 0x24, 0x06, 0xCA, 0xEE, 0x23, 0x00, 0x00, 0x00, 0x00, 0x00, 
0x00, 0x50, 0xFF, 0x82, 0x93, 0xFD, 0x49, 0x00, 0x00, 0x00, 0x00, 0x00, 0x00, 0x00, 0x04, 0xE7, 
0xF2, 0xFF, 0x7B, 0x00, 0x00, 0x00, 0x00, 0x00, 0x00, 0x00, 0x00, 0x00, 0xAE, 0xFF, 0xCF, 0x01, 
0x00, 0x00, 0x00, 0x00, 0x00, 0x00, 0x00, 0x00, 0x53, 0xFF, 0xF1, 0xF7, 0x12, 0x00, 0x00, 0x00, 
0x00, 0x00, 0x00, 0x00, 0x2A, 0xF3, 0xB8, 0x5B, 0xFF, 0x71, 0x00, 0x00, 0x00, 0x00, 0x00, 0x00, 
0x0F, 0xD9, 0xE4, 0x14, 0x09, 0xF0, 0xD8, 0x00, 0x00, 0x00, 0x00, 0x00, 0x01, 0xB2, 0xFB, 0x3B, 
0x00, 0x00, 0x99, 0xFF, 0x40, 0x00, 0x00, 0x00, 0x00, 0x7F, 0xFF, 0x75, 0x00, 0x00, 0x00, 0x39, 
0xFF, 0xA7, 0x00, 0x00, 0x00, 0x3B, 0xFE, 0xB0, 0x01, 0x00, 0x00, 0x00, 0x00, 0xD6, 0xF8, 0x06, 
0x00, 0x00, 0x02, 0x0D, 0x00, 0x00, 0x00, 0x00, 0x00, 0x00, 0x05, 0x0A, 0x00, 0x00, 0x00, 0x0C, 
0xAD, 0x66, 0x00, 0x00, 0x00, 0x00, 0x02, 0x93, 0x9B, 0x00, 0xE1, 0xDF, 0x00, 0x00, 0x00, 0x00, 
0x76, 0xFF, 0x65, 0x00, 0x95, 0xFF, 0x2A, 0x00, 0x00, 0x2B, 0xF8, 0xB2, 0x00, 0x00, 0x47, 0xFF, 
0x75, 0x00, 0x04, 0xCC, 0xE9, 0x16, 0x00, 0x00, 0x06, 0xF3, 0xBC, 0x00, 0x7D, 0xFF, 0x4C, 0x00, 
0x00, 0x00, 0x00, 0xAD, 0xF6, 0x2F, 0xF9, 0x98, 0x00, 0x00, 0x00, 0x00, 0x00, 0x5F, 0xFF, 0xE1, 
0xDA, 0x0B, 0x00, 0x00, 0x00, 0x00, 0x00, 0x14, 0xFD, 0xFB, 0x36, 0x00, 0x00, 0x00, 0x00, 0x00, 
0x00, 0x03, 0xF6, 0xB3, 0x00, 0x00, 0x00, 0x00, 0x00, 0x00, 0x00, 0x2D, 0xFF, 0x80, 0x00, 0x00, 
0x00, 0x00, 0x00, 0x00, 0x00, 0x60, 0xFF, 0x4D, 0x00, 0x00, 0x00, 0x00, 0x00, 0x00, 0x00, 0x94, 
0xFF, 0x1B, 0x00, 0x00, 0x00, 0x00, 0x00, 0x00, 0x00, 0xC3, 0xE4, 0x00, 0x00, 0x00, 0x00, 0x00, 
0x00, 0x00, 0x00, 0x07, 0x06, 0x00, 0x00, 0x00, 0x00, 0x00, 0x00, 0x00, 0x00, 0x00, 0x6D, 0xA4, 
0xA4, 0xA4, 0xA4, 0xA4, 0xA4, 0xA0, 0x11, 0x00, 0x00, 0x00, 0x9E, 0xC4, 0xC4, 0xC4, 0xC4, 0xC5, 
0xFE, 0xF9, 0x0F, 0x00, 0x00, 0x00, 0x00, 0x00, 0x00, 0x00, 0x00, 0x84, 0xFF, 0x6E, 0x00, 0x00, 
0x00, 0x00, 0x00, 0x00, 0x00, 0x00, 0x59, 0xFF, 0x9A, 0x00, 0x00, 0x00, 0x00, 0x00, 0x00, 0x00, 
0x00, 0x36, 0xF7, 0xBF, 0x05, 0x00, 0x00, 0x00, 0x00, 0x00, 0x00, 0x00, 0x1C, 0xE6, 0xDC, 0x13, 
0x00, 0x00, 0x00, 0x00, 0x00, 0x00, 0x00, 0x0A, 0xCD, 0xF1, 0x29, 0x00, 0x00, 0x00, 0x00, 0x00, 
0x00, 0x00, 0x01, 0xAB, 0xFC, 0x48, 0x00, 0x00, 0x00, 0x00, 0x00, 0x00, 0x00, 0x00, 0x82, 0xFF, 
0x70, 0x00, 0x00, 0x00, 0x00, 0x00, 0x00, 0x00, 0x00, 0x57, 0xFF, 0x9B, 0x00, 0x00, 0x00, 0x00, 
0x00, 0x00, 0x00, 0x00, 0x34, 0xF6, 0xC0, 0x05, 0x00, 0x00, 0x00, 0x00, 0x00, 0x00, 0x00, 0x08, 
0xE3, 0xFD, 0x7F, 0x6C, 0x6C, 0x6C, 0x6C, 0x6B, 0x11, 0x00, 0x00, 0x2B, 0xFD, 0xFF, 0xFF, 0xFF, 
0xFF, 0xFF, 0xFF, 0xFA, 0x19, 0x00, 0x00, 0x00, 0x00, 0x00, 0x27, 0xA3, 0xA8, 0xA2, 0x00, 0x00, 
0x00, 0x8D, 0xF6, 0x88, 0x70, 0x00, 0x00, 0x00, 0xC0, 0xC6, 0x00, 0x00, 0x00, 0x00, 0x01, 0xF1, 
0x92, 0x00, 0x00, 0x00, 0x00, 0x26, 0xFF, 0x5F, 0x00, 0x00, 0x00, 0x00, 0x59, 0xFF, 0x2C, 0x00, 
0x00, 0x00, 0x00, 0x8C, 0xF6, 0x03, 0x00, 0x00, 0x00, 0x00, 0xBF, 0xC6, 0x00, 0x00, 0x00, 0x00, 
0x01, 0xF0, 0x93, 0x00, 0x00, 0x00, 0x00, 0x26, 0xFF, 0x60, 0x00, 0x00, 0x00, 0x00, 0x59, 0xFF, 
0x2D, 0x00, 0x00, 0x00, 0x00, 0x8C, 0xF6, 0x03, 0x00, 0x00, 0x00, 0x00, 0xBF, 0xC7, 0x00, 0x00, 
0x00, 0x00, 0x01, 0xF0, 0x94, 0x00, 0x00, 0x00, 0x00, 0x25, 0xFF, 0x60, 0x00, 0x00, 0x00, 0x00, 
0x58, 0xFF, 0x3C, 0x0B, 0x00, 0x00, 0x00, 0x81, 0xFF, 0xFF, 0xCF, 0x00, 0x00, 0x00, 0x09, 0x20, 
0x20, 0x12, 0x00, 0x00, 0x00, 0x3F, 0x22, 0x00, 0x00, 0x00, 0xEF, 0xAA, 0x00, 0x00, 0x00, 0xC6, 
0xD4, 0x00, 0x00, 0x00, 0x9B, 0xFA, 0x04, 0x00, 0x00, 0x71, 0xFF, 0x29, 0x00, 0x00, 0x47, 0xFF, 
0x54, 0x00, 0x00, 0x1D, 0xFF, 0x7E, 0x00, 0x00, 0x00, 0xF1, 0xA9, 0x00, 0x00, 0x00, 0xC8, 0xD3, 
0x00, 0x00, 0x00, 0x9E, 0xF9, 0x04, 0x00, 0x00, 0x74, 0xFF, 0x28, 0x00, 0x00, 0x4A, 0xFF, 0x52, 
0x00, 0x00, 0x20, 0xFF, 0x7D, 0x00, 0x00, 0x01, 0xF3, 0xA7, 0x00, 0x00, 0x00, 0xCB, 0xD2, 0x00, 
0x00, 0x00, 0xA1, 0xF8, 0x03, 0x00, 0x00, 0x77, 0xFF, 0x27, 0x00, 0x00, 0x32, 0xA9, 0x27, 0x00, 
0x00, 0x00, 0x37, 0xA8, 0xA8, 0x97, 0x00, 0x00, 0x00, 0x3A, 0x88, 0xDE, 0xDE, 0x00, 0x00, 0x00, 
0x00, 0x00, 0xDE, 0xAB, 0x00, 0x00, 0x00, 0x00, 0x11, 0xFF, 0x78, 0x00, 0x00, 0x00, 0x00, 0x44, 
0xFF, 0x44, 0x00, 0x00, 0x00, 0x00, 0x77, 0xFF, 0x12, 0x00, 0x00, 0x00, 0x00, 0xAA, 0xDD, 0x00, 
0x00, 0x00, 0x00, 0x00, 0xDD, 0xAA, 0x00, 0x00, 0x00, 0x00, 0x11, 0xFF, 0x77, 0x00, 0x00, 0x00, 
0x00, 0x43, 0xFF, 0x43, 0x00, 0x00, 0x00, 0x00, 0x76, 0xFF, 0x11, 0x00, 0x00, 0x00, 0x00, 0xA9, 
0xDD, 0x00, 0x00, 0x00, 0x00, 0x00, 0xDC, 0xA9, 0x00, 0x00, 0x00, 0x00, 0x10, 0xFF, 0x76, 0x00, 
0x00, 0x00, 0x00, 0x43, 0xFF, 0x43, 0x00, 0x00, 0x03, 0x10, 0x7D, 0xFF, 0x10, 0x00, 0x00, 0x7F, 
0xFF, 0xFF, 0xCD, 0x00, 0x00, 0x00, 0x0F, 0x20, 0x20, 0x0A, 0x00, 0x00, 0x00, 0x00, 0x00, 0x00, 
0x00, 0x61, 0xBD, 0x5A, 0x00, 0x00, 0x00, 0x00, 0x00, 0x26, 0xF7, 0xFA, 0xBE, 0x00, 0x00, 0x00, 
0x00, 0x01, 0xC0, 0xCF, 0x96, 0xF7, 0x07, 0x00, 0x00, 0x00, 0x65, 0xFE, 0x3A, 0x5A, 0xFF, 0x3E, 
0x00, 0x00, 0x18, 0xEF, 0x9F, 0x00, 0x20, 0xFF, 0x7E, 0x00, 0x00, 0xAB, 0xEF, 0x16, 0x00, 0x00, 
0xE7, 0xBE, 0x00, 0x4D, 0xFF, 0x6C, 0x00, 0x00, 0x00, 0xAE, 0xF6, 0x06, 0x4C, 0x68, 0x03, 0x00, 
0x00, 0x00, 0x37, 0x73, 0x0A, 0x53, 0xBC, 0xBC, 0xBC, 0xBC, 0xBC, 0xBC, 0xBC, 0xBC, 0xBC, 0x5E, 
0x4E, 0x90, 0x90, 0x90, 0x90, 0x90, 0x90, 0x90, 0x90, 0x90, 0x33, 0x09, 0xA8, 0x5F, 0x00, 0x00, 
0x84, 0xF7, 0x20, 0x00, 0x03, 0xC4, 0xAC, 0x00, 0x00, 0x15, 0x51, 0x00, 0x00, 0x00, 0x07, 0x53, 
0x70, 0x45, 0x00, 0x31, 0x35, 0x00, 0x00, 0x22, 0xD0, 0xFF, 0xF3, 0xFF, 0xAE, 0xE0, 0x93, 0x00, 
0x08, 0xD2, 0xEA, 0x3A, 0x00, 0x36, 0xE6, 0xFF, 0x60, 0x00, 0x6C, 0xFF, 0x56, 0x00, 0x00, 0x00, 
0x75, 0xFF, 0x2D, 0x00, 0xCD, 0xE5, 0x02, 0x00, 0x00, 0x00, 0xA1, 0xF6, 0x04, 0x0D, 0xFD, 0xA3, 
0x00, 0x00, 0x00, 0x03, 0xE8, 0xC7, 0x00, 0x2A, 0xFF, 0x82, 0x00, 0x00, 0x00, 0x50, 0xFF, 0x95, 
0x00, 0x28, 0xFF, 0x8C, 0x00, 0x00, 0x16, 0xE3, 0xFF, 0x62, 0x00, 0x07, 0xEE, 0xE7, 0x49, 0x55, 
0xE1, 0xCB, 0xFF, 0x2F, 0x00, 0x00, 0x59, 0xF9, 0xFF, 0xF1, 0x79, 0x72, 0xF2, 0x04, 0x00, 0x00, 
0x00, 0x0F, 0x26, 0x05, 0x00, 0x03, 0x06, 0x00, 0x00, 0x00, 0x00, 0x00, 0x6A, 0x76, 0x00, 0x00, 
0x00, 0x00, 0x00, 0x00, 0x00, 0x00, 0xEC, 0xAF, 0x00, 0x00, 0x00, 0x00, 0x00, 0x00, 0x00, 0x20, 
0xFF, 0x7C, 0x00, 0x00, 0x00, 0x00, 0x00, 0x00, 0x00, 0x52, 0xFF, 0x49, 0x00, 0x00, 0x00, 0x00, 
0x00, 0x00, 0x00, 0x85, 0xFF, 0x16, 0x1F, 0x64, 0x5E, 0x0C, 0x00, 0x00, 0x00, 0xB8, 0xD9, 0x7B, 
0xFA, 0xF5, 0xFF, 0xD8, 0x0C, 0x00, 0x00, 0xEA, 0xEC, 0xE0, 0x36, 0x01, 0x89, 0xFF, 0x5D, 0x00, 
0x1E, 0xFF, 0xF3, 0x22, 0x00, 0x00, 0x31, 0xFF, 0x82, 0x00, 0x51, 0xFF, 0x7E, 0x00, 0x00, 0x00, 
0x37, 0xFF, 0x76, 0x00, 0x84, 0xFF, 0x24, 0x00, 0x00, 0x00, 0x61, 0xFF, 0x4D, 0x00, 0xB7, 0xE4, 
0x00, 0x00, 0x00, 0x00, 0xAD, 0xF7, 0x10, 0x00, 0xE9, 0xD2, 0x02, 0x00, 0x00, 0x31, 0xFB, 0x9B, 
0x00, 0x1C, 0xFF, 0xFE, 0xAD, 0x3F, 0x5C, 0xE7, 0xE6, 0x14, 0x00, 0x4A, 0xFD, 0x55, 0xE0, 0xFF, 
0xFF, 0xC5, 0x24, 0x00, 0x00, 0x01, 0x08, 0x00, 0x02, 0x26, 0x1D, 0x00, 0x00, 0x00, 0x00, 0x00, 
0x00, 0x00, 0x03, 0x49, 0x70, 0x60, 0x18, 0x00, 0x00, 0x00, 0x23, 0xC9, 0xFF, 0xEC, 0xFE, 0xF5, 
0x32, 0x00, 0x0C, 0xD7, 0xE4, 0x38, 0x00, 0x14, 0x9A, 0x26, 0x00, 0x78, 0xFF, 0x43, 0x00, 0x00, 
0x00, 0x00, 0x00, 0x00, 0xDC, 0xD4, 0x00, 0x00, 0x00, 0x00, 0x00, 0x00, 0x19, 0xFF, 0x93, 0x00, 
0x00, 0x00, 0x00, 0x00, 0x00, 0x37, 0xFF, 0x75, 0x00, 0x00, 0x00, 0x00, 0x00, 0x00, 0x2F, 0xFF, 
0x8E, 0x00, 0x00, 0x00, 0x13, 0x02, 0x00, 0x09, 0xED, 0xF1, 0x61, 0x44, 0x7D, 0xEA, 0x09, 0x00, 
0x00, 0x4E, 0xEB, 0xFF, 0xFF, 0xE1, 0x60, 0x00, 0x00, 0x00, 0x00, 0x03, 0x21, 0x1E, 0x00, 0x00, 
0x00, 0x00, 0x00, 0x00, 0x00, 0x00, 0x00, 0x00, 0x00, 0x00, 0x06, 0x85, 0x42, 0x00, 0x00, 0x00, 
0x00, 0x00, 0x00, 0x00, 0x00, 0x37, 0xFF, 0x61, 0x00, 0x00, 0x00, 0x00, 0x00, 0x00, 0x00, 0x00, 
0x6A, 0xFF, 0x2E, 0x00, 0x00, 0x00, 0x00, 0x00, 0x00, 0x00, 0x00, 0x9D, 0xF6, 0x04, 0x00, 0x00, 
0x00, 0x06, 0x52, 0x70, 0x45, 0x00, 0xD1, 0xC7, 0x00, 0x00, 0x00, 0x24, 0xD1, 0xFF, 0xF4, 0xFF, 
0xAF, 0xFB, 0x94, 0x00, 0x00, 0x09, 0xD5, 0xE9, 0x3B, 0x00, 0x39, 0xE8, 0xFF, 0x61, 0x00, 0x00, 
0x6E, 0xFF, 0x54, 0x00, 0x00, 0x00, 0x75, 0xFF, 0x2E, 0x00, 0x00, 0xCF, 0xE4, 0x02, 0x00, 0x00, 
0x00, 0x9F, 0xF7, 0x04, 0x00, 0x0F, 0xFE, 0xA4, 0x00, 0x00, 0x00, 0x02, 0xE6, 0xC8, 0x00, 0x00, 
0x2B, 0xFF, 0x83, 0x00, 0x00, 0x00, 0x4D, 0xFF, 0x95, 0x00, 0x00, 0x2B, 0xFF, 0x8E, 0x00, 0x00, 
0x15, 0xE1, 0xFF, 0x62, 0x00, 0x00, 0x07, 0xF1, 0xE6, 0x47, 0x55, 0xE1, 0xCF, 0xFF, 0x2F, 0x00, 
0x00, 0x00, 0x5E, 0xF6, 0xFF, 0xF2, 0x7D, 0x73, 0xF3, 0x04, 0x00, 0x00, 0x00, 0x00, 0x0B, 0x25, 
0x05, 0x00, 0x03, 0x07, 0x00, 0x00, 0x00, 0x00, 0x00, 0x00, 0x00, 0x37, 0x6C, 0x6E, 0x2F, 0x00, 
0x00, 0x00, 0x00, 0x16, 0xB5, 0xFF, 0xDF, 0xE7, 0xFE, 0x78, 0x00, 0x00, 0x07, 0xC8, 0xE5, 0x35, 
0x00, 0x03, 0xC2, 0xF4, 0x01, 0x00, 0x6A, 0xFF, 0x47, 0x00, 0x00, 0x0C, 0xD3, 0xE4, 0x00, 0x00, 
0xD3, 0xF5, 0x7C, 0x82, 0x9F, 0xE6, 0xEE, 0x47, 0x00, 0x16, 0xFF, 0xD8, 0xAF, 0xA6, 0x8F, 0x5C, 
0x0D, 0x00, 0x00, 0x35, 0xFF, 0x6E, 0x00, 0x00, 0x00, 0x00, 0x00, 0x00, 0x00, 0x2B, 0xFF, 0x82, 
0x00, 0x00, 0x00, 0x00, 0x00, 0x00, 0x00, 0x06, 0xE5, 0xEA, 0x4E, 0x22, 0x35, 0x6F, 0x57, 0x00, 
0x00, 0x00, 0x3E, 0xDC, 0xFF, 0xFF, 0xFF, 0xD9, 0x39, 0x00, 0x00, 0x00, 0x00, 0x01, 0x19, 0x2A, 
0x12, 0x00, 0x00, 0x00, 0x00, 0x00, 0x00, 0x00, 0x00, 0x00, 0x00, 0x1A, 0x84, 0xA5, 0x7A, 0x00, 
0x00, 0x00, 0x00, 0x00, 0x1B, 0xEC, 0xEC, 0xB5, 0xC0, 0x00, 0x00, 0x00, 0x00, 0x00, 0x94, 0xF9, 
0x23, 0x00, 0x00, 0x00, 0x00, 0x00, 0x00, 0x00, 0xE1, 0xBC, 0x00, 0x00, 0x00, 0x00, 0x00, 0x00, 
0x2B, 0x54, 0xFF, 0xAD, 0x48, 0x2C, 0x00, 0x00, 0x00, 0x00, 0xD0, 0xFF, 0xFF, 0xFF, 0xFF, 0x92, 
0x00, 0x00, 0x00, 0x00, 0x08, 0x86, 0xFF, 0x26, 0x0C, 0x02, 0x00, 0x00, 0x00, 0x00, 0x00, 0xB2, 
0xE9, 0x00, 0x00, 0x00, 0x00, 0x00, 0x00, 0x00, 0x00, 0xE5, 0xB6, 0x00, 0x00, 0x00, 0x00, 0x00, 
0x00, 0x00, 0x18, 0xFF, 0x83, 0x00, 0x00, 0x00, 0x00, 0x00, 0x00, 0x00, 0x4B, 0xFF, 0x50, 0x00, 
0x00, 0x00, 0x00, 0x00, 0x00, 0x00, 0x7E, 0xFF, 0x1D, 0x00, 0x00, 0x00, 0x00, 0x00, 0x00, 0x00, 
0xB1, 0xEA, 0x00, 0x00, 0x00, 0x00, 0x00, 0x00, 0x00, 0x00, 0xE4, 0xB8, 0x00, 0x00, 0x00, 0x00, 
0x00, 0x00, 0x00, 0x1F, 0xFF, 0x7F, 0x00, 0x00, 0x00, 0x00, 0x00, 0x00, 0x00, 0x8C, 0xFF, 0x2E, 
0x00, 0x00, 0x00, 0x00, 0x00, 0xA8, 0xD4, 0xFF, 0x94, 0x00, 0x00, 0x00, 0x00, 0x00, 0x00, 0x6C, 
0x83, 0x4B, 0x00, 0x00, 0x00, 0x00, 0x00, 0x00, 0x00, 0x00, 0x00, 0x00, 0x06, 0x52, 0x70, 0x45, 
0x00, 0x31, 0x35, 0x00, 0x00, 0x24, 0xD1, 0xFF, 0xF3, 0xFF, 0xAE, 0xE0, 0x93, 0x00, 0x08, 0xD4, 
0xEA, 0x3A, 0x00, 0x36, 0xE6, 0xFF, 0x60, 0x00, 0x6B, 0xFF, 0x55, 0x00, 0x00, 0x00, 0x75, 0xFF, 
0x2C, 0x00, 0xCD, 0xE4, 0x02, 0x00, 0x00, 0x00, 0xA1, 0xF6, 0x03, 0x0E, 0xFD, 0xA2, 0x00, 0x00, 
0x00, 0x03, 0xE8, 0xC6, 0x00, 0x2A, 0xFF, 0x82, 0x00, 0x00, 0x00, 0x52, 0xFF, 0x92, 0x00, 0x27, 
0xFF, 0x8C, 0x00, 0x00, 0x16, 0xE4, 0xFF, 0x5F, 0x00, 0x08, 0xEE, 0xE7, 0x48, 0x55, 0xE1, 0xD7, 
0xFF, 0x2C, 0x00, 0x00, 0x5B, 0xF8, 0xFF, 0xF0, 0x75, 0x9A, 0xF5, 0x03, 0x00, 0x00, 0x00, 0x07, 
0x24, 0x05, 0x00, 0xD6, 0xBF, 0x00, 0x00, 0x11, 0x41, 0x01, 0x00, 0x00, 0x5B, 0xFF, 0x64, 0x00, 
0x00, 0x50, 0xFF, 0xE7, 0xC7, 0xDD, 0xFF, 0xA1, 0x02, 0x00, 0x00, 0x00, 0x42, 0x76, 0x89, 0x72, 
0x33, 0x00, 0x00, 0x00, 0x00, 0x00, 0x00, 0x00, 0x6A, 0x77, 0x00, 0x00, 0x00, 0x00, 0x00, 0x00, 
0x00, 0x00, 0xEC, 0xAF, 0x00, 0x00, 0x00, 0x00, 0x00, 0x00, 0x00, 0x20, 0xFF, 0x7D, 0x00, 0x00, 
0x00, 0x00, 0x00, 0x00, 0x00, 0x52, 0xFF, 0x4B, 0x00, 0x00, 0x00, 0x00, 0x00, 0x00, 0x00, 0x85, 
0xFF, 0x18, 0x21, 0x64, 0x5C, 0x0C, 0x00, 0x00, 0x00, 0xB8, 0xDB, 0x7C, 0xFA, 0xF3, 0xFF, 0xD0, 
0x02, 0x00, 0x00, 0xEA, 0xEC, 0xDF, 0x34, 0x00, 0xA4, 0xFF, 0x29, 0x00, 0x1E, 0xFF, 0xF4, 0x22, 
0x00, 0x00, 0x77, 0xFF, 0x2B, 0x00, 0x51, 0xFF, 0x80, 0x00, 0x00, 0x00, 0x99, 0xFC, 0x0A, 0x00, 
0x84, 0xFF, 0x26, 0x00, 0x00, 0x00, 0xCC, 0xD4, 0x00, 0x00, 0xB7, 0xE6, 0x00, 0x00, 0x00, 0x05, 
0xF9, 0xA1, 0x00, 0x00, 0xE9, 0xB3, 0x00, 0x00, 0x00, 0x32, 0xFF, 0x6E, 0x00, 0x1C, 0xFF, 0x7F, 
0x00, 0x00, 0x00, 0x64, 0xFF, 0x3B, 0x00, 0x4B, 0xFF, 0x48, 0x00, 0x00, 0x00, 0x93, 0xF8, 0x0B, 
0x00, 0x01, 0x0C, 0x00, 0x00, 0x00, 0x00, 0x05, 0x08, 0x00, 0x00, 0x00, 0x00, 0x11, 0xDB, 0xB0, 
0x00, 0x00, 0x2F, 0xF0, 0x87, 0x00, 0x00, 0x00, 0x00, 0x00, 0x00, 0x00, 0x28, 0x4C, 0x00, 0x00, 
0x00, 0xB7, 0xE4, 0x00, 0x00, 0x00, 0xEA, 0xB1, 0x00, 0x00, 0x1D, 0xFF, 0x7E, 0x00, 0x00, 0x50, 
0xFF, 0x4B, 0x00, 0x00, 0x83, 0xFF, 0x18, 0x00, 0x00, 0xB6, 0xE5, 0x00, 0x00, 0x00, 0xE9, 0xB2, 
0x00, 0x00, 0x1C, 0xFF, 0x7F, 0x00, 0x00, 0x4B, 0xFF, 0x48, 0x00, 0x00, 0x01, 0x0C, 0x00, 0x00, 
0x00, 0x00, 0x00, 0x00, 0x00, 0x00, 0xBE, 0xDD, 0x00, 0x00, 0x00, 0x00, 0x06, 0xE9, 0xB2, 0x00, 
0x00, 0x00, 0x00, 0x00, 0x00, 0x00, 0x00, 0x00, 0x00, 0x00, 0x19, 0x51, 0x09, 0x00, 0x00, 0x00, 
0x00, 0x8C, 0xFF, 0x14, 0x00, 0x00, 0x00, 0x00, 0xBF, 0xE0, 0x00, 0x00, 0x00, 0x00, 0x01, 0xF0, 
0xAC, 0x00, 0x00, 0x00, 0x00, 0x26, 0xFF, 0x79, 0x00, 0x00, 0x00, 0x00, 0x59, 0xFF, 0x45, 0x00, 
0x00, 0x00, 0x00, 0x8D, 0xFF, 0x12, 0x00, 0x00, 0x00, 0x00, 0xC0, 0xDE, 0x00, 0x00, 0x00, 0x00, 
0x01, 0xF1, 0xAA, 0x00, 0x00, 0x00, 0x00, 0x27, 0xFF, 0x76, 0x00, 0x00, 0x00, 0x00, 0x5E, 0xFF, 
0x3E, 0x00, 0x00, 0x00, 0x03, 0xBB, 0xF0, 0x06, 0x00, 0x00, 0xAB, 0xE5, 0xFF, 0x69, 0x00, 0x00, 
0x00, 0x72, 0x80, 0x3D, 0x00, 0x00, 0x00, 0x00, 0x00, 0x00, 0x00, 0x6A, 0x77, 0x00, 0x00, 0x00, 
0x00, 0x00, 0x00, 0x00, 0x00, 0xEC, 0xAE, 0x00, 0x00, 0x00, 0x00, 0x00, 0x00, 0x00, 0x20, 0xFF, 
0x7B, 0x00, 0x00, 0x00, 0x00, 0x00, 0x00, 0x00, 0x53, 0xFF, 0x48, 0x00, 0x00, 0x00, 0x00, 0x00, 
0x00, 0x00, 0x87, 0xFF, 0x15, 0x00, 0x00, 0x26, 0x54, 0x0D, 0x00, 0x00, 0xBA, 0xE1, 0x00, 0x00, 
0x4C, 0xF6, 0xC8, 0x0C, 0x00, 0x00, 0xEC, 0xAE, 0x00, 0x61, 0xFB, 0xAC, 0x09, 0x00, 0x00, 0x20, 
0xFF, 0x7A, 0x79, 0xFF, 0x88, 0x01, 0x00, 0x00, 0x00, 0x53, 0xFF, 0xCC, 0xFF, 0x66, 0x00, 0x00, 
0x00, 0x00, 0x00, 0x87, 0xFF, 0x83, 0xFF, 0x6E, 0x00, 0x00, 0x00, 0x00, 0x00, 0xBA, 0xE4, 0x03, 
0xD4, 0xEF, 0x15, 0x00, 0x00, 0x00, 0x00, 0xEC, 0xB2, 0x00, 0x44, 0xFF, 0x9D, 0x00, 0x00, 0x00, 
0x20, 0xFF, 0x7F, 0x00, 0x00, 0xB1, 0xFE, 0x36, 0x00, 0x00, 0x4F, 0xFF, 0x48, 0x00, 0x00, 0x24, 
0xF8, 0xB5, 0x00, 0x00, 0x01, 0x0C, 0x00, 0x00, 0x00, 0x00, 0x08, 0x06, 0x00, 0x00, 0x00, 0x00, 
0x00, 0x6A, 0x77, 0x00, 0x00, 0x00, 0xEC, 0xAE, 0x00, 0x00, 0x20, 0xFF, 0x7C, 0x00, 0x00, 0x52, 
0xFF, 0x49, 0x00, 0x00, 0x85, 0xFF, 0x16, 0x00, 0x00, 0xB8, 0xE3, 0x00, 0x00, 0x00, 0xEA, 0xB0, 
0x00, 0x00, 0x1E, 0xFF, 0x7D, 0x00, 0x00, 0x51, 0xFF, 0x4A, 0x00, 0x00, 0x84, 0xFF, 0x18, 0x00, 
0x00, 0xB7, 0xE4, 0x00, 0x00, 0x00, 0xE9, 0xB2, 0x00, 0x00, 0x1C, 0xFF, 0x7F, 0x00, 0x00, 0x4B, 
0xFF, 0x48, 0x00, 0x00, 0x01, 0x0C, 0x00, 0x00, 0x00, 0x00, 0x00, 0x29, 0x40, 0x00, 0x24, 0x67, 
0x5A, 0x08, 0x00, 0x01, 0x44, 0x6C, 0x3A, 0x00, 0x00, 0x00, 0xB4, 0xB5, 0x85, 0xFB, 0xF3, 0xFF, 
0xB7, 0x1A, 0xC7, 0xF9, 0xF9, 0xFF, 0x5B, 0x00, 0x00, 0xE7, 0xE7, 0xDD, 0x31, 0x01, 0xBF, 0xFD, 
0xD1, 0xA1, 0x0D, 0x20, 0xFF, 0xB1, 0x00, 0x1B, 0xFF, 0xF2, 0x1F, 0x00, 0x00, 0x8F, 0xFF, 0xB2, 
0x00, 0x00, 0x00, 0xEE, 0xB3, 0x00, 0x4E, 0xFF, 0x7A, 0x00, 0x00, 0x00, 0xB1, 0xFE, 0x20, 0x00, 
0x00, 0x0E, 0xFF, 0x8E, 0x00, 0x82, 0xFF, 0x23, 0x00, 0x00, 0x00, 0xE4, 0xC5, 0x00, 0x00, 0x00, 
0x41, 0xFF, 0x5B, 0x00, 0xB5, 0xE5, 0x00, 0x00, 0x00, 0x17, 0xFF, 0x85, 0x00, 0x00, 0x00, 0x74, 
0xFF, 0x28, 0x00, 0xE8, 0xB2, 0x00, 0x00, 0x00, 0x4A, 0xFF, 0x52, 0x00, 0x00, 0x00, 0xA8, 0xF2, 
0x01, 0x1C, 0xFF, 0x7F, 0x00, 0x00, 0x00, 0x7C, 0xFF, 0x1F, 0x00, 0x00, 0x00, 0xDC, 0xC0, 0x00, 
0x4B, 0xFF, 0x48, 0x00, 0x00, 0x00, 0xAB, 0xE8, 0x00, 0x00, 0x00, 0x0C, 0xFE, 0x89, 0x00, 0x01, 
0x0C, 0x00, 0x00, 0x00, 0x00, 0x06, 0x06, 0x00, 0x00, 0x00, 0x00, 0x0B, 0x01, 0x00, 0x00, 0x00, 
0x29, 0x40, 0x00, 0x24, 0x65, 0x5B, 0x0C, 0x00, 0x00, 0x00, 0xB4, 0xB5, 0x87, 0xFC, 0xF3, 0xFF, 
0xCB, 0x01, 0x00, 0x00, 0xE7, 0xE7, 0xDE, 0x33, 0x00, 0xA4, 0xFF, 0x29, 0x00, 0x1B, 0xFF, 0xF2, 
0x1F, 0x00, 0x00, 0x76, 0xFF, 0x2B, 0x00, 0x4E, 0xFF, 0x7A, 0x00, 0x00, 0x00, 0x99, 0xFC, 0x0A, 
0x00, 0x82, 0xFF, 0x23, 0x00, 0x00, 0x00, 0xCC, 0xD3, 0x00, 0x00, 0xB5, 0xE5, 0x00, 0x00, 0x00, 
0x05, 0xF9, 0xA0, 0x00, 0x00, 0xE8, 0xB2, 0x00, 0x00, 0x00, 0x32, 0xFF, 0x6C, 0x00, 0x1C, 0xFF, 
0x7F, 0x00, 0x00, 0x00, 0x64, 0xFF, 0x38, 0x00, 0x4B, 0xFF, 0x48, 0x00, 0x00, 0x00, 0x93, 0xF7, 
0x08, 0x00, 0x01, 0x0C, 0x00, 0x00, 0x00, 0x00, 0x05, 0x08, 0x00, 0x00, 0x00, 0x00, 0x00, 0x00, 
0x39, 0x6E, 0x6E, 0x39, 0x00, 0x00, 0x00, 0x00, 0x18, 0xBC, 0xFF, 0xF1, 0xF8, 0xFF, 0xA3, 0x00, 
0x00, 0x08, 0xD1, 0xEC, 0x48, 0x01, 0x07, 0xA6, 0xFF, 0x48, 0x00, 0x76, 0xFF, 0x4C, 0x00, 0x00, 
0x00, 0x37, 0xFF, 0x7C, 0x00, 0xDB, 0xD3, 0x00, 0x00, 0x00, 0x00, 0x34, 0xFF, 0x7C, 0x1B, 0xFF, 
0x92, 0x00, 0x00, 0x00, 0x00, 0x59, 0xFF, 0x5A, 0x34, 0xFF, 0x79, 0x00, 0x00, 0x00, 0x00, 0xA6, 
0xFC, 0x15, 0x24, 0xFF, 0x93, 0x00, 0x00, 0x00, 0x35, 0xFA, 0x9D, 0x00, 0x03, 0xDB, 0xF3, 0x5E, 
0x32, 0x69, 0xED, 0xD6, 0x14, 0x00, 0x00, 0x34, 0xD4, 0xFF, 0xFF, 0xFB, 0x9E, 0x16, 0x00, 0x00, 
0x00, 0x00, 0x00, 0x1E, 0x2A, 0x0D, 0x00, 0x00, 0x00, 0x00, 0x00, 0x00, 0x00, 0x25, 0x41, 0x00, 
0x23, 0x65, 0x58, 0x0E, 0x00, 0x00, 0x00, 0x00, 0xB4, 0xB9, 0x85, 0xFB, 0xF3, 0xFF, 0xD7, 0x09, 
0x00, 0x00, 0x00, 0xE7, 0xE8, 0xDD, 0x33, 0x00, 0x83, 0xFF, 0x5B, 0x00, 0x00, 0x1B, 0xFF, 0xF2, 
0x1F, 0x00, 0x00, 0x31, 0xFF, 0x7F, 0x00, 0x00, 0x4F, 0xFF, 0x7A, 0x00, 0x00, 0x00, 0x36, 0xFF, 
0x76, 0x00, 0x00, 0x82, 0xFF, 0x21, 0x00, 0x00, 0x00, 0x62, 0xFF, 0x4C, 0x00, 0x00, 0xB5, 0xE3, 
0x00, 0x00, 0x00, 0x00, 0xB1, 0xF7, 0x0F, 0x00, 0x00, 0xE8, 0xD4, 0x02, 0x00, 0x00, 0x33, 0xFD, 
0x9A, 0x00, 0x00, 0x1C, 0xFF, 0xFF, 0xAE, 0x3F, 0x5D, 0xE8, 0xE6, 0x14, 0x00, 0x00, 0x4F, 0xFF, 
0x7C, 0xDE, 0xFF, 0xFF, 0xC5, 0x24, 0x00, 0x00, 0x00, 0x83, 0xFF, 0x15, 0x02, 0x26, 0x1D, 0x00, 
0x00, 0x00, 0x00, 0x00, 0xB6, 0xE3, 0x00, 0x00, 0x00, 0x00, 0x00, 0x00, 0x00, 0x00, 0x00, 0xE9, 
0xB1, 0x00, 0x00, 0x00, 0x00, 0x00, 0x00, 0x00, 0x00, 0x05, 0x8A, 0x44, 0x00, 0x00, 0x00, 0x00, 
0x00, 0x00, 0x00, 0x00, 0x00, 0x00, 0x00, 0x07, 0x53, 0x70, 0x45, 0x00, 0x31, 0x35, 0x00, 0x00, 
0x24, 0xD2, 0xFF, 0xF0, 0xFF, 0xAE, 0xE0, 0x93, 0x00, 0x07, 0xD3, 0xEA, 0x35, 0x00, 0x36, 0xE6, 
0xFF, 0x60, 0x00, 0x6A, 0xFF, 0x56, 0x00, 0x00, 0x00, 0x75, 0xFF, 0x2D, 0x00, 0xCC, 0xE4, 0x02, 
0x00, 0x00, 0x00, 0xA1, 0xF6, 0x04, 0x0C, 0xFC, 0xA4, 0x00, 0x00, 0x00, 0x03, 0xE8, 0xC7, 0x00, 
0x2A, 0xFF, 0x82, 0x00, 0x00, 0x00, 0x52, 0xFF, 0x94, 0x00, 0x26, 0xFF, 0x8E, 0x00, 0x00, 0x16, 
0xE4, 0xFF, 0x61, 0x00, 0x07, 0xED, 0xE7, 0x47, 0x55, 0xE1, 0xD8, 0xFF, 0x2E, 0x00, 0x00, 0x59, 
0xF7, 0xFF, 0xF0, 0x75, 0x9C, 0xF6, 0x04, 0x00, 0x00, 0x00, 0x08, 0x24, 0x05, 0x00, 0xD3, 0xC7, 
0x00, 0x00, 0x00, 0x00, 0x00, 0x00, 0x00, 0x0B, 0xFC, 0x94, 0x00, 0x00, 0x00, 0x00, 0x00, 0x00, 
0x00, 0x3D, 0xFF, 0x61, 0x00, 0x00, 0x00, 0x00, 0x00, 0x00, 0x00, 0x2E, 0x8C, 0x1A, 0x00, 0x00, 
0x00, 0x00, 0x2A, 0x40, 0x00, 0x46, 0x6D, 0x18, 0x00, 0x00, 0xB8, 0xB5, 0xA7, 0xFF, 0xFF, 0x46, 
0x00, 0x00, 0xEA, 0xEC, 0xDB, 0x31, 0x2B, 0x04, 0x00, 0x1E, 0xFF, 0xF3, 0x1F, 0x00, 0x00, 0x00, 
0x00, 0x51, 0xFF, 0x7E, 0x00, 0x00, 0x00, 0x00, 0x00, 0x84, 0xFF, 0x22, 0x00, 0x00, 0x00, 0x00, 
0x00, 0xB7, 0xE2, 0x00, 0x00, 0x00, 0x00, 0x00, 0x00, 0xE9, 0xB0, 0x00, 0x00, 0x00, 0x00, 0x00, 
0x1C, 0xFF, 0x7E, 0x00, 0x00, 0x00, 0x00, 0x00, 0x4B, 0xFF, 0x47, 0x00, 0x00, 0x00, 0x00, 0x00, 
0x01, 0x0C, 0x00, 0x00, 0x00, 0x00, 0x00, 0x00, 0x00, 0x00, 0x00, 0x2F, 0x64, 0x6B, 0x33, 0x00, 
0x00, 0x00, 0x95, 0xFF, 0xD9, 0xDF, 0xFF, 0x39, 0x00, 0x48, 0xFF, 0x6B, 0x00, 0x00, 0x39, 0x08, 
0x00, 0x7D, 0xFF, 0x38, 0x00, 0x00, 0x00, 0x00, 0x00, 0x41, 0xFD, 0xE5, 0x5F, 0x03, 0x00, 0x00, 
0x00, 0x00, 0x4C, 0xDD, 0xFF, 0xCA, 0x12, 0x00, 0x00, 0x00, 0x00, 0x04, 0x8B, 0xFF, 0x85, 0x00, 
0x00, 0x00, 0x00, 0x00, 0x21, 0xFF, 0x8A, 0x00, 0xAD, 0x66, 0x28, 0x33, 0xB5, 0xF7, 0x2B, 0x00, 
0x93, 0xFA, 0xFF, 0xFF, 0xD8, 0x46, 0x00, 0x00, 0x00, 0x0B, 0x2A, 0x14, 0x00, 0x00, 0x00, 0x00, 
0x00, 0x00, 0x7B, 0x8A, 0x00, 0x00, 0x00, 0x00, 0xEC, 0xAE, 0x00, 0x00, 0x2C, 0x5A, 0xFF, 0xA5, 
0x48, 0x3D, 0xD9, 0xFF, 0xFF, 0xFF, 0xFF, 0xD2, 0x08, 0x91, 0xFF, 0x1E, 0x0C, 0x05, 0x00, 0xBE, 
0xE1, 0x00, 0x00, 0x00, 0x01, 0xF0, 0xAD, 0x00, 0x00, 0x00, 0x24, 0xFF, 0x7A, 0x00, 0x00, 0x00, 
0x57, 0xFF, 0x46, 0x00, 0x00, 0x00, 0x86, 0xFF, 0x1E, 0x00, 0x00, 0x00, 0x87, 0xFF, 0x6E, 0x4A, 
0x29, 0x00, 0x2F, 0xED, 0xFF, 0xF9, 0x32, 0x00, 0x00, 0x09, 0x25, 0x0D, 0x00, 0x00, 0x00, 0x2E, 
0x4B, 0x00, 0x00, 0x00, 0x00, 0x44, 0x35, 0x00, 0xC8, 0xD8, 0x00, 0x00, 0x00, 0x0A, 0xFD, 0x97, 
0x03, 0xF6, 0xA5, 0x00, 0x00, 0x00, 0x3A, 0xFF, 0x64, 0x2C, 0xFF, 0x72, 0x00, 0x00, 0x00, 0x6D, 
0xFF, 0x30, 0x5E, 0xFF, 0x40, 0x00, 0x00, 0x00, 0x9F, 0xF8, 0x05, 0x90, 0xFE, 0x0F, 0x00, 0x00, 
0x03, 0xE8, 0xCA, 0x00, 0xC0, 0xDD, 0x00, 0x00, 0x00, 0x52, 0xFF, 0x96, 0x00, 0xE1, 0xC8, 0x00, 
0x00, 0x16, 0xE4, 0xFF, 0x63, 0x00, 0xCD, 0xF4, 0x4B, 0x55, 0xE1, 0xC9, 0xFF, 0x2F, 0x00, 0x52, 
0xF7, 0xFF, 0xF3, 0x7C, 0x6B, 0xF4, 0x04, 0x00, 0x00, 0x0B, 0x25, 0x06, 0x00, 0x03, 0x08, 0x00, 
0x00, 0x3A, 0x3E, 0x00, 0x00, 0x00, 0x00, 0x28, 0x52, 0x04, 0xBD, 0xE7, 0x00, 0x00, 0x00, 0x00, 
0xCC, 0xE7, 0x03, 0x98, 0xFF, 0x0D, 0x00, 0x00, 0x26, 0xFF, 0x89, 0x00, 0x70, 0xFF, 0x31, 0x00, 
0x00, 0x88, 0xFE, 0x26, 0x00, 0x48, 0xFF, 0x56, 0x00, 0x09, 0xED, 0xB0, 0x00, 0x00, 0x20, 0xFF, 
0x7B, 0x00, 0x73, 0xFF, 0x38, 0x00, 0x00, 0x01, 0xF6, 0x9F, 0x10, 0xEC, 0xAB, 0x00, 0x00, 0x00, 
0x00, 0xD0, 0xC4, 0x98, 0xF6, 0x20, 0x00, 0x00, 0x00, 0x00, 0xA8, 0xF6, 0xFE, 0x69, 0x00, 0x00, 
0x00, 0x00, 0x00, 0x7C, 0xFF, 0xAF, 0x00, 0x00, 0x00, 0x00, 0x00, 0x00, 0x01, 0x0E, 0x01, 0x00, 
0x00, 0x00, 0x00, 0x00, 0x2A, 0x4F, 0x00, 0x00, 0x00, 0x00, 0x43, 0x32, 0x00, 0x00, 0x00, 0x0E, 
0x53, 0x1B, 0x90, 0xFF, 0x14, 0x00, 0x00, 0x2B, 0xFE, 0xC1, 0x00, 0x00, 0x00, 0x78, 0xFF, 0x3A, 
0x74, 0xFF, 0x2C, 0x00, 0x00, 0xA0, 0xFF, 0xDB, 0x00, 0x00, 0x00, 0xD3, 0xDA, 0x00, 0x58, 0xFF, 
0x45, 0x00, 0x1B, 0xFA, 0xD9, 0xF4, 0x00, 0x00, 0x37, 0xFF, 0x78, 0x00, 0x3C, 0xFF, 0x5D, 0x00, 
0x8A, 0xDB, 0x72, 0xFF, 0x0D, 0x00, 0xA0, 0xF5, 0x12, 0x00, 0x1F, 0xFF, 0x75, 0x0E, 0xF1, 0x68, 
0x56, 0xFF, 0x27, 0x1B, 0xF9, 0x94, 0x00, 0x00, 0x05, 0xFD, 0x8D, 0x75, 0xE9, 0x08, 0x3C, 0xFF, 
0x40, 0x90, 0xF4, 0x18, 0x00, 0x00, 0x00, 0xE7, 0xAB, 0xE4, 0x7C, 0x00, 0x22, 0xFF, 0x80, 0xFA, 
0x81, 0x00, 0x00, 0x00, 0x00, 0xCA, 0xF9, 0xF4, 0x12, 0x00, 0x08, 0xFF, 0xFA, 0xD9, 0x08, 0x00, 
0x00, 0x00, 0x00, 0xA8, 0xFF, 0x8A, 0x00, 0x00, 0x00, 0xE9, 0xF9, 0x3B, 0x00, 0x00, 0x00, 0x00, 
0x00, 0x02, 0x0D, 0x00, 0x00, 0x00, 0x00, 0x07, 0x08, 0x00, 0x00, 0x00, 0x00, 0x00, 0x00, 0x00, 
0x24, 0x53, 0x09, 0x00, 0x00, 0x00, 0x37, 0x4E, 0x00, 0x00, 0x56, 0xFF, 0x6B, 0x00, 0x00, 0x45, 
0xFC, 0x8F, 0x00, 0x00, 0x04, 0xE2, 0xD7, 0x01, 0x21, 0xED, 0xB8, 0x03, 0x00, 0x00, 0x00, 0x76, 
0xFF, 0x50, 0xD1, 0xD7, 0x0F, 0x00, 0x00, 0x00, 0x00, 0x10, 0xF4, 0xF9, 0xED, 0x24, 0x00, 0x00, 
0x00, 0x00, 0x00, 0x0F, 0xE0, 0xFF, 0x96, 0x00, 0x00, 0x00, 0x00, 0x00, 0x04, 0xBA, 0xE9, 0xCD, 
0xF0, 0x0C, 0x00, 0x00, 0x00, 0x00, 0x96, 0xFB, 0x3E, 0x54, 0xFF, 0x6F, 0x00, 0x00, 0x00, 0x6F, 
0xFF, 0x6D, 0x00, 0x04, 0xE3, 0xDE, 0x03, 0x00, 0x3C, 0xFC, 0x9E, 0x00, 0x00, 0x00, 0x79, 0xFF, 
0x47, 0x00, 0x02, 0x0C, 0x00, 0x00, 0x00, 0x00, 0x00, 0x0D, 0x00, 0x00, 0x00, 0x39, 0x40, 0x00, 
0x00, 0x00, 0x00, 0x26, 0x52, 0x03, 0x00, 0xB8, 0xEF, 0x00, 0x00, 0x00, 0x00, 0xC8, 0xE9, 0x03, 
0x00, 0x8D, 0xFF, 0x18, 0x00, 0x00, 0x20, 0xFF, 0x8E, 0x00, 0x00, 0x62, 0xFF, 0x41, 0x00, 0x00, 
0x84, 0xFE, 0x29, 0x00, 0x00, 0x37, 0xFF, 0x6A, 0x00, 0x07, 0xE9, 0xB6, 0x00, 0x00, 0x00, 0x0C, 
0xFE, 0x93, 0x00, 0x6D, 0xFF, 0x3C, 0x00, 0x00, 0x00, 0x00, 0xE0, 0xBC, 0x0C, 0xE5, 0xB2, 0x00, 
0x00, 0x00, 0x00, 0x00, 0xB5, 0xE4, 0x91, 0xFA, 0x29, 0x00, 0x00, 0x00, 0x00, 0x00, 0x89, 0xFF, 
0xFD, 0x82, 0x00, 0x00, 0x00, 0x00, 0x00, 0x00, 0x5E, 0xFF, 0xCA, 0x04, 0x00, 0x00, 0x00, 0x00, 
0x00, 0x00, 0xAB, 0xF1, 0x22, 0x00, 0x00, 0x00, 0x00, 0x00, 0x00, 0x74, 0xFF, 0x59, 0x00, 0x00, 
0x00, 0x00, 0x00, 0x00, 0x3F, 0xFB, 0x9D, 0x00, 0x00, 0x00, 0x00, 0x00, 0x00, 0x00, 0x62, 0x7F, 
0x0A, 0x00, 0x00, 0x00, 0x00, 0x00, 0x00, 0x00, 0x00, 0x01, 0x43, 0x48, 0x48, 0x48, 0x48, 0x2A, 
0x00, 0x2F, 0xFF, 0xFF, 0xFF, 0xFF, 0xFF, 0x9B, 0x00, 0x01, 0x0F, 0x10, 0x11, 0xB6, 0xF4, 0x2B, 
0x00, 0x00, 0x00, 0x00, 0x81, 0xFE, 0x51, 0x00, 0x00, 0x00, 0x00, 0x54, 0xFE, 0x7C, 0x00, 0x00, 
0x00, 0x00, 0x31, 0xF5, 0xA9, 0x00, 0x00, 0x00, 0x00, 0x18, 0xE3, 0xCD, 0x09, 0x00, 0x00, 0x00, 
0x07, 0xC7, 0xE7, 0x1C, 0x00, 0x00, 0x00, 0x00, 0x95, 0xFF, 0x94, 0x5C, 0x5C, 0x5C, 0x1A, 0x00, 
0xE4, 0xFF, 0xFF, 0xFF, 0xFF, 0xFF, 0x39, 0x00, 0x00, 0x00, 0x00, 0x08, 0x80, 0xB7, 0x43, 0x00, 
0x00, 0x00, 0x92, 0xF4, 0x8B, 0x1C, 0x00, 0x00, 0x06, 0xF4, 0x87, 0x00, 0x00, 0x00, 0x00, 0x3B, 
0xFF, 0x42, 0x00, 0x00, 0x00, 0x00, 0x6F, 0xFE, 0x0E, 0x00, 0x00, 0x00, 0x00, 0xA4, 0xD8, 0x00, 
0x00, 0x00, 0x00, 0x08, 0xEA, 0x8E, 0x00, 0x00, 0x00, 0x19, 0xA2, 0xE8, 0x1A, 0x00, 0x00, 0x00, 
0xF1, 0xE5, 0x26, 0x00, 0x00, 0x00, 0x00, 0x2F, 0xF0, 0x8B, 0x00, 0x00, 0x00, 0x00, 0x00, 0xBE, 
0xBE, 0x00, 0x00, 0x00, 0x00, 0x00, 0xD6, 0xA6, 0x00, 0x00, 0x00, 0x00, 0x0C, 0xFD, 0x74, 0x00, 
0x00, 0x00, 0x00, 0x3D, 0xFF, 0x40, 0x00, 0x00, 0x00, 0x00, 0x66, 0xFF, 0x13, 0x00, 0x00, 0x00, 
0x00, 0x71, 0xFF, 0x34, 0x04, 0x00, 0x00, 0x00, 0x31, 0xF4, 0xFF, 0x37, 0x00, 0x00, 0x00, 0x00, 
0x09, 0x1E, 0x00, 0x00, 0x00, 0x00, 0x00, 0x00, 0x00, 0x56, 0xFC, 0x1D, 0x00, 0x00, 0x00, 0x92, 
0xF0, 0x01, 0x00, 0x00, 0x00, 0xC5, 0xBE, 0x00, 0x00, 0x00, 0x03, 0xF5, 0x8B, 0x00, 0x00, 0x00, 
0x2B, 0xFF, 0x58, 0x00, 0x00, 0x00, 0x5F, 0xFF, 0x25, 0x00, 0x00, 0x00, 0x92, 0xF0, 0x01, 0x00, 
0x00, 0x00, 0xC5, 0xBE, 0x00, 0x00, 0x00, 0x03, 0xF5, 0x8B, 0x00, 0x00, 0x00, 0x2B, 0xFF, 0x58, 
0x00, 0x00, 0x00, 0x5F, 0xFF, 0x25, 0x00, 0x00, 0x00, 0x92, 0xF0, 0x01, 0x00, 0x00, 0x00, 0xC5, 
0xBE, 0x00, 0x00, 0x00, 0x03, 0xF5, 0x8B, 0x00, 0x00, 0x00, 0x2B, 0xFF, 0x58, 0x00, 0x00, 0x00, 
0x5F, 0xFF, 0x25, 0x00, 0x00, 0x00, 0x92, 0xF0, 0x01, 0x00, 0x00, 0x00, 0x5F, 0x68, 0x00, 0x00, 
0x00, 0x00, 0x00, 0x00, 0x00, 0x09, 0xB2, 0xA2, 0x1A, 0x00, 0x00, 0x00, 0x00, 0x0F, 0x89, 0xFB, 
0x8A, 0x00, 0x00, 0x00, 0x00, 0x00, 0x00, 0xE7, 0x96, 0x00, 0x00, 0x00, 0x00, 0x00, 0x0B, 0xFE, 
0x73, 0x00, 0x00, 0x00, 0x00, 0x00, 0x3C, 0xFF, 0x42, 0x00, 0x00, 0x00, 0x00, 0x00, 0x6E, 0xFF, 
0x0F, 0x00, 0x00, 0x00, 0x00, 0x00, 0x84, 0xF6, 0x00, 0x00, 0x00, 0x00, 0x00, 0x00, 0x4F, 0xFF, 
0x62, 0x03, 0x00, 0x00, 0x00, 0x00, 0x10, 0xC6, 0xFF, 0x29, 0x00, 0x00, 0x00, 0x04, 0xCE, 0xC3, 
0x21, 0x00, 0x00, 0x00, 0x00, 0x59, 0xFF, 0x29, 0x00, 0x00, 0x00, 0x00, 0x00, 0xA0, 0xDB, 0x00, 
0x00, 0x00, 0x00, 0x00, 0x00, 0xD5, 0xA6, 0x00, 0x00, 0x00, 0x00, 0x00, 0x0B, 0xFD, 0x73, 0x00, 
0x00, 0x00, 0x00, 0x00, 0x44, 0xFF, 0x37, 0x00, 0x00, 0x00, 0x00, 0x1D, 0xB5, 0xE1, 0x02, 0x00, 
0x00, 0x00, 0x35, 0xFF, 0xEF, 0x45, 0x00, 0x00, 0x00, 0x00, 0x04, 0x1F, 0x03, 0x00, 0x00, 0x00, 
0x00, 0x00, 0x00, 0x00, 0x00, 0x04, 0x00, 0x00, 0x00, 0x00, 0x00, 0x00, 0x00, 0x74, 0xEC, 0xFA, 
0xA7, 0x08, 0x00, 0x00, 0xA1, 0x43, 0x3C, 0xFF, 0x75, 0x69, 0xF6, 0xA9, 0x02, 0x26, 0xFD, 0x3A, 
0x80, 0xCB, 0x00, 0x00, 0x5A, 0xFF, 0xE3, 0xF3, 0xB7, 0x00, 0x1A, 0x20, 0x00, 0x00, 0x00, 0x3A, 
0x7E, 0x5F, 0x05, 0x00, 0x00, 0x00, 0x00, 0x00, 0x00, 0x22, 0x15, 0x00, 0x00, 0x00, 0x06, 0xF9, 
0x83, 0x00, 0x00, 0x00, 0x33, 0xFF, 0x50, 0x00, 0x00, 0x00, 0x67, 0xFF, 0x1D, 0x00, 0x00, 0x00, 
0x9A, 0xE9, 0x00, 0x00, 0x00, 0x00, 0xCD, 0xB6, 0x00, 0x00, 0x00, 0x06, 0xF9, 0x83, 0x00, 0x00, 
0x00, 0x23, 0xE0, 0x42, 0x00, 0x00, 0x00, 0x00, 0x00, 0x00, 0x00, 0x00, 0x00, 0x00, 0x00, 0x00, 
0x00, 0x00, 0x00, 0x00, 0x00, 0x00, 0x00, 0x00, 0x03, 0x56, 0x20, 0x00, 0x00, 0x00, 0x31, 0xFF, 
0x52, 0x00, 0x00, 0x00, 0x65, 0xFF, 0x1F, 0x00, 0x00, 0x00, 0x99, 0xEA, 0x00, 0x00, 0x00, 0x00, 
0xCC, 0xB7, 0x00, 0x00, 0x00, 0x06, 0xF9, 0x84, 0x00, 0x00, 0x00, 0x34, 0xFF, 0x50, 0x00, 0x00, 
0x00, 0x48, 0xC9, 0x17, 0x00, 0x00, 0x00, 0x00, 0x00, 0x00, 0x00, 0x00, 0x02, 0x19, 0x11, 0x00, 
0x00, 0x00, 0x00, 0x00, 0x00, 0x6F, 0xE9, 0xFF, 0xFF, 0xC7, 0x04, 0x00, 0x00, 0x00, 0x58, 0xFF, 
0x91, 0x29, 0x41, 0x9E, 0x01, 0x00, 0x00, 0x00, 0xB2, 0xEC, 0x01, 0x00, 0x00, 0x00, 0x00, 0x00, 
0x00, 0x00, 0xAD, 0xFC, 0x35, 0x00, 0x00, 0x00, 0x00, 0x00, 0x00, 0x0B, 0xAA, 0xFF, 0xFB, 0x9B, 
0x22, 0x00, 0x00, 0x00, 0x04, 0xC3, 0xE7, 0x55, 0x98, 0xF7, 0xF9, 0x5B, 0x00, 0x00, 0x60, 0xFF, 
0x42, 0x00, 0x00, 0x1C, 0xDB, 0xEF, 0x01, 0x00, 0x94, 0xFF, 0x12, 0x00, 0x00, 0x00, 0x96, 0xFB, 
0x06, 0x00, 0x66, 0xFF, 0xAD, 0x1B, 0x00, 0x10, 0xE3, 0xB4, 0x00, 0x00, 0x02, 0x91, 0xFD, 0xF8, 
0x9B, 0xD7, 0xDD, 0x1C, 0x00, 0x00, 0x00, 0x00, 0x26, 0x9E, 0xFF, 0xF2, 0x11, 0x00, 0x00, 0x00, 
0x00, 0x00, 0x00, 0x00, 0x8E, 0xFF, 0x37, 0x00, 0x00, 0x00, 0x09, 0x00, 0x00, 0x00, 0x8D, 0xFF, 
0x1F, 0x00, 0x00, 0x41, 0xE5, 0x77, 0x55, 0x88, 0xFA, 0xA1, 0x00, 0x00, 0x00, 0x10, 0x9E, 0xE8, 
0xF4, 0xD5, 0x77, 0x03, 0x00, 0x00, 0x00, 0x00, 0x00, 0x00, 0x00, 0x00, 0x08, 0x58, 0x8F, 0xA5, 
0xA5, 0x8B, 0x46, 0x03, 0x00, 0x00, 0x00, 0x00, 0x00, 0x00, 0x74, 0xEC, 0xD2, 0x9C, 0x7D, 0x87, 
0xAA, 0xF4, 0xD5, 0x29, 0x00, 0x00, 0x00, 0x01, 0xA6, 0xE5, 0x45, 0x00, 0x00, 0x02, 0x00, 0x00, 
0x12, 0xBD, 0xDC, 0x09, 0x00, 0x00, 0x75, 0xE9, 0x1D, 0x00, 0x50, 0xD5, 0xFE, 0xE6, 0x8A, 0x03, 
0x16, 0xF9, 0x54, 0x00, 0x10, 0xF3, 0x55, 0x00, 0x66, 0xFD, 0x85, 0x3A, 0x5A, 0xD5, 0x0B, 0x00, 
0xC7, 0x86, 0x00, 0x6D, 0xDF, 0x02, 0x15, 0xF6, 0x80, 0x00, 0x00, 0x00, 0x00, 0x00, 0x00, 0xB4, 
0x93, 0x00, 0xB2, 0x93, 0x00, 0x75, 0xF7, 0x0F, 0x00, 0x00, 0x00, 0x00, 0x00, 0x00, 0xC2, 0x81, 
0x00, 0xE3, 0x60, 0x00, 0xB2, 0xC5, 0x00, 0x00, 0x00, 0x00, 0x00, 0x00, 0x00, 0xE7, 0x5E, 0x01, 
0xFE, 0x45, 0x00, 0xCD, 0xB1, 0x00, 0x00, 0x00, 0x00, 0x00, 0x00, 0x27, 0xFF, 0x21, 0x03, 0xFF, 
0x46, 0x00, 0xB8, 0xDD, 0x04, 0x00, 0x02, 0x5A, 0x00, 0x00, 0x89, 0xCB, 0x00, 0x00, 0xE8, 0x6D, 
0x00, 0x57, 0xFF, 0xD5, 0xAE, 0xE1, 0xB6, 0x00, 0x23, 0xF3, 0x50, 0x00, 0x00, 0x9A, 0xD7, 0x09, 
0x00, 0x3C, 0x82, 0x88, 0x50, 0x03, 0x1D, 0xD3, 0xA3, 0x00, 0x00, 0x00, 0x17, 0xE4, 0xCE, 0x52, 
0x0E, 0x00, 0x08, 0x28, 0x7F, 0xEB, 0xA2, 0x08, 0x00, 0x00, 0x00, 0x00, 0x17, 0x99, 0xEE, 0xFF, 
0xF8, 0xFF, 0xFA, 0xB5, 0x4C, 0x00, 0x00, 0x00, 0x00, 0x00, 0x00, 0x00, 0x00, 0x02, 0x1F, 0x2C, 
0x23, 0x06, 0x00, 0x00, 0x00, 0x00, 0x00, 0x00, 0x00, 0x00, 0x00, 0x13, 0x17, 0x00, 0x00, 0x00, 
0x00, 0x00, 0x00, 0x28, 0xF0, 0x84, 0x00, 0x69, 0xEE, 0x29, 0x00, 0x11, 0xDB, 0xC0, 0x03, 0x48, 
0xFC, 0x6E, 0x00, 0x04, 0xBC, 0xE6, 0x18, 0x2C, 0xF1, 0xA1, 0x00, 0x00, 0x85, 0xFB, 0x3D, 0x0A, 
0xE0, 0xCC, 0x08, 0x00, 0x00, 0x91, 0xF5, 0x0D, 0x08, 0xED, 0x9F, 0x00, 0x00, 0x00, 0x28, 0xFE, 
0x65, 0x00, 0x82, 0xF7, 0x13, 0x00, 0x00, 0x00, 0xBA, 0xC7, 0x00, 0x15, 0xF6, 0x75, 0x00, 0x00, 
0x00, 0x4B, 0xFE, 0x1B, 0x00, 0x80, 0xA0, 0x00, 0x00, 0x00, 0x00, 0x01, 0x00, 0x00, 0x00, 0x00, 
0x00, 0x00, 0x00, 0x00, 0x39, 0x99, 0xB5, 0x94, 0x21, 0x00, 0x00, 0x6E, 0xB5, 0x3E, 0x27, 0x4A, 
0xD1, 0x31, 0x2F, 0xBF, 0x18, 0xEB, 0xBB, 0xCB, 0x38, 0xB7, 0x90, 0x58, 0x4B, 0xC6, 0x6C, 0xC6, 
0x01, 0xE2, 0xA7, 0x3B, 0x7E, 0xB8, 0xE1, 0x37, 0x10, 0xDD, 0x7C, 0x6D, 0xAF, 0x48, 0x8A, 0x81, 
0x6F, 0x82, 0x12, 0xD4, 0x4F, 0x03, 0x0E, 0x6D, 0xBB, 0x06, 0x00, 0x17, 0x9A, 0xCC, 0xC6, 0x75, 
0x04, 0x00, 0x00, 0x07, 0x3A, 0x2B, 0x00, 0x00, 0x1B, 0xDB, 0xCF, 0xF0, 0x8B, 0x00, 0x93, 0xAB, 
0x00, 0x42, 0xF9, 0x02, 0xA6, 0x9D, 0x00, 0x5E, 0xE2, 0x00, 0x3B, 0xF0, 0xD4, 0xED, 0x4D, 0x00, 
0x00, 0x0D, 0x31, 0x0E, 0x00, 0x00, 0x00, 0x00, 0x00, 0x00, 0x00, 0x2C, 0x86, 0x00, 0x00, 0x00, 
0x00, 0x00, 0x00, 0x00, 0x00, 0x89, 0xDE, 0x00, 0x00, 0x00, 0x00, 0x00, 0x00, 0x00, 0x00, 0xBC, 
0xAB, 0x00, 0x00, 0x00, 0x00, 0x00, 0x00, 0x00, 0x00, 0xEE, 0x78, 0x00, 0x00, 0x00, 0x00, 0x71, 
0xB4, 0xB4, 0xB8, 0xFF, 0xCD, 0xB4, 0xB4, 0x7C, 0x00, 0x7F, 0xA8, 0xA8, 0xCC, 0xFF, 0xA9, 0xA8, 
0xA8, 0x5C, 0x00, 0x00, 0x00, 0x00, 0x8B, 0xDF, 0x00, 0x00, 0x00, 0x00, 0x00, 0x00, 0x00, 0x00, 
0xBF, 0xAB, 0x00, 0x00, 0x00, 0x00, 0x00, 0x00, 0x00, 0x01, 0xF0, 0x76, 0x00, 0x00, 0x00, 0x00, 
0x00, 0x00, 0x00, 0x05, 0x76, 0x1F, 0x00, 0x00, 0x00, 0x00, 0x47, 0x64, 0x64, 0x64, 0x64, 0x64, 
0x64, 0x64, 0x22, 0x00, 0xE9, 0xFF, 0xFF, 0xFF, 0xFF, 0xFF, 0xFF, 0xFE, 0x42, 0x00, 0x00, 0x00, 
0x65, 0xA4, 0x06, 0x00, 0x34, 0xFC, 0x67, 0x00, 0x06, 0xD4, 0x96, 0x00, 0x00, 0x0F, 0x50, 0x04, 
0x00, 0x00, 0x00, 0x00, 0x00, 0x00, 0x00, 0x15, 0x11, 0x00, 0x00, 0x00, 0x4C, 0xEE, 0x1D, 0x00, 
0xA7, 0xCC, 0x00, 0x00, 0x00, 0x08, 0xEC, 0x8D, 0x00, 0x49, 0xFF, 0x3A, 0x00, 0x00, 0x00, 0x89, 
0xF1, 0x0E, 0x02, 0xE3, 0xA8, 0x00, 0x00, 0x00, 0x21, 0xFF, 0x6F, 0x00, 0x88, 0xFB, 0x14, 0x00, 
0x00, 0x7F, 0xFD, 0x45, 0x0E, 0xD9, 0xD7, 0x08, 0x00, 0x4E, 0xFE, 0x6F, 0x00, 0xAB, 0xED, 0x24, 
0x00, 0x28, 0xF1, 0x96, 0x00, 0x71, 0xFB, 0x43, 0x00, 0x00, 0x9C, 0xA2, 0x04, 0x2A, 0xF8, 0x6A, 
0x00, 0x00, 0x00, 0x00, 0x00, 0x00, 0x00, 0x02, 0x00, 0x00, 0x00, 0x00, 0x00, 0x01, 0x78, 0x17, 
0x00, 0x00, 0x00, 0x00, 0x3D, 0x62, 0x00, 0x14, 0xEE, 0xC3, 0x05, 0x00, 0x00, 0x62, 0xFA, 0x97, 
0x00, 0x00, 0x45, 0xFC, 0x96, 0x02, 0x8D, 0xFE, 0x7C, 0x00, 0x00, 0x00, 0x00, 0x73, 0xFF, 0xD2, 
0xF5, 0x53, 0x00, 0x00, 0x00, 0x00, 0x00, 0x21, 0xF1, 0xFF, 0x65, 0x00, 0x00, 0x00, 0x00, 0x00, 
0x3D, 0xEB, 0xCA, 0xD1, 0xE7, 0x1A, 0x00, 0x00, 0x00, 0x63, 0xFA, 0xA8, 0x09, 0x21, 0xED, 0xC8, 
0x07, 0x00, 0x5A, 0xFE, 0x7E, 0x00, 0x00, 0x00, 0x47, 0xFD, 0x6D, 0x00, 0x12, 0x41, 0x00, 0x00, 
0x00, 0x00, 0x00, 0x44, 0x08, 0x00, 0x00, 0x00, 0x00, 0x00, 0x00, 0x4B, 0x51, 0x00, 0x00, 0x00, 
0x00, 0x00, 0x00, 0x00, 0x32, 0xFF, 0xF9, 0x00, 0x00, 0x00, 0x00, 0x00, 0x00, 0x00, 0x3E, 0xF0, 
0x99, 0x00, 0x00, 0x00, 0x00, 0x00, 0x00, 0x00, 0x00, 0x00, 0x00, 0x00, 0x00, 0x00, 0x0A, 0x4F, 
0x50, 0x50, 0x50, 0x50, 0x50, 0x50, 0x50, 0x2C, 0x5B, 0xFF, 0xFF, 0xFF, 0xFF, 0xFF, 0xFF, 0xFF, 
0xFF, 0x84, 0x03, 0x10, 0x10, 0x10, 0x10, 0x10, 0x10, 0x10, 0x10, 0x03, 0x00, 0x00, 0x00, 0x02, 
0x27, 0x08, 0x00, 0x00, 0x00, 0x00, 0x00, 0x00, 0x00, 0x8D, 0xFF, 0x88, 0x00, 0x00, 0x00, 0x00, 
0x00, 0x00, 0x00, 0xBE, 0xFF, 0x56, 0x00, 0x00, 0x00, 0x00, 0x00, 0x00, 0x00, 0x0F, 0x1D, 0x00, 
0x00, 0x00, 0x00, 0x00, 0x00, 0x00, 0x00, 0x00, 0x7E, 0xCF, 0x0A, 0x00, 0x79, 0xD0, 0x12, 0x00, 
0x00, 0x00, 0x00, 0xC3, 0xE2, 0x05, 0x00, 0xBB, 0xE6, 0x09, 0x00, 0x00, 0x00, 0x00, 0x01, 0x01, 
0x00, 0x00, 0x01, 0x01, 0x00, 0x00, 0x00, 0x00, 0x5F, 0xA4, 0xA4, 0xA4, 0xA4, 0xA4, 0xA3, 0x11, 
0x00, 0x00, 0x00, 0xEA, 0xEC, 0xC4, 0xC4, 0xC4, 0xC4, 0xB9, 0x06, 0x00, 0x00, 0x1F, 0xFF, 0x8D, 
0x00, 0x00, 0x00, 0x00, 0x00, 0x00, 0x00, 0x00, 0x53, 0xFF, 0x58, 0x00, 0x00, 0x00, 0x00, 0x00, 
0x00, 0x00, 0x00, 0x86, 0xFF, 0x23, 0x00, 0x00, 0x00, 0x00, 0x00, 0x00, 0x00, 0x00, 0xBA, 0xF8, 
0x48, 0x48, 0x48, 0x48, 0x16, 0x00, 0x00, 0x00, 0x00, 0xEC, 0xFF, 0xFF, 0xFF, 0xFF, 0xFF, 0x47, 
0x00, 0x00, 0x00, 0x20, 0xFF, 0x94, 0x14, 0x14, 0x14, 0x13, 0x00, 0x00, 0x00, 0x00, 0x54, 0xFF, 
0x59, 0x00, 0x00, 0x00, 0x00, 0x00, 0x00, 0x00, 0x00, 0x87, 0xFF, 0x25, 0x00, 0x00, 0x00, 0x00, 
0x00, 0x00, 0x00, 0x00, 0xBB, 0xF0, 0x01, 0x00, 0x00, 0x00, 0x00, 0x00, 0x00, 0x00, 0x00, 0xED, 
0xDD, 0x64, 0x64, 0x64, 0x64, 0x5C, 0x00, 0x00, 0x00, 0x11, 0xFB, 0xFF, 0xFF, 0xFF, 0xFF, 0xFF, 
0xD6, 0x00, 0x00, 0x00, 0x00, 0x00, 0x00, 0x00, 0x00, 0x00, 0x00, 0x7F, 0xB1, 0x46, 0x00, 0x00, 
0x00, 0x00, 0x00, 0x00, 0x00, 0x00, 0x41, 0xFF, 0xFF, 0x96, 0x00, 0x00, 0x00, 0x00, 0x00, 0x00, 
0x00, 0x02, 0xCE, 0xCC, 0xE0, 0xBF, 0x00, 0x00, 0x00, 0x00, 0x00, 0x00, 0x00, 0x60, 0xFF, 0x42, 
0xB8, 0xE9, 0x00, 0x00, 0x00, 0x00, 0x00, 0x00, 0x0A, 0xE4, 0xB8, 0x00, 0x91, 0xFF, 0x12, 0x00, 
0x00, 0x00, 0x00, 0x00, 0x7F, 0xFD, 0x2F, 0x00, 0x6A, 0xFF, 0x3C, 0x00, 0x00, 0x00, 0x00, 0x1A, 
0xF4, 0xA3, 0x00, 0x00, 0x44, 0xFF, 0x66, 0x00, 0x00, 0x00, 0x00, 0x9E, 0xF8, 0x1F, 0x00, 0x00, 
0x1D, 0xFF, 0x8F, 0x00, 0x00, 0x00, 0x30, 0xFD, 0xE8, 0xA8, 0xA8, 0xA8, 0xA9, 0xFF, 0xB9, 0x00, 
0x00, 0x00, 0xBD, 0xF3, 0xAC, 0xAC, 0xAC, 0xAC, 0xAC, 0xEE, 0xE2, 0x00, 0x00, 0x4D, 0xFF, 0x7C, 
0x00, 0x00, 0x00, 0x00, 0x00, 0xB0, 0xFF, 0x0D, 0x04, 0xD7, 0xE6, 0x0A, 0x00, 0x00, 0x00, 0x00, 
0x00, 0x89, 0xFF, 0x36, 0x5E, 0xFF, 0x63, 0x00, 0x00, 0x00, 0x00, 0x00, 0x00, 0x5F, 0xFF, 0x54, 
0x03, 0x0B, 0x00, 0x00, 0x00, 0x00, 0x00, 0x00, 0x00, 0x00, 0x0D, 0x00, 0x00, 0x00, 0x00, 0x5D, 
0xA4, 0xA4, 0xA4, 0xA4, 0xA4, 0xA4, 0x6F, 0x00, 0x00, 0x00, 0xED, 0xEE, 0xC8, 0xC8, 0xC8, 0xC8, 
0xC8, 0x6E, 0x00, 0x00, 0x22, 0xFF, 0x8F, 0x00, 0x00, 0x00, 0x00, 0x00, 0x00, 0x00, 0x00, 0x55, 
0xFF, 0x5C, 0x00, 0x00, 0x00, 0x00, 0x00, 0x00, 0x00, 0x00, 0x88, 0xFF, 0x2A, 0x00, 0x00, 0x00, 
0x00, 0x00, 0x00, 0x00, 0x00, 0xBB, 0xFC, 0x46, 0x43, 0x3B, 0x18, 0x00, 0x00, 0x00, 0x00, 0x00, 
0xED, 0xFF, 0xFF, 0xFF, 0xFF, 0xFE, 0xAE, 0x0D, 0x00, 0x00, 0x22, 0xFF, 0x94, 0x14, 0x15, 0x29, 
0x93, 0xFF, 0x98, 0x00, 0x00, 0x55, 0xFF, 0x59, 0x00, 0x00, 0x00, 0x03, 0xF1, 0xD9, 0x00, 0x00, 
0x88, 0xFF, 0x25, 0x00, 0x00, 0x00, 0x07, 0xF7, 0xC4, 0x00, 0x00, 0xBB, 0xF0, 0x01, 0x00, 0x00, 
0x00, 0x7D, 0xFF, 0x6B, 0x00, 0x00, 0xED, 0xDD, 0x64, 0x64, 0x71, 0xB9, 0xFF, 0xB4, 0x04, 0x00, 
0x0F, 0xF9, 0xFF, 0xFF, 0xFC, 0xEC, 0xBB, 0x60, 0x02, 0x00, 0x00, 0x00, 0x00, 0x00, 0x5E, 0xA4, 
0xA4, 0xA3, 0x97, 0x5F, 0x08, 0x00, 0x00, 0x00, 0x00, 0xEE, 0xE7, 0xBC, 0xC0, 0xE6, 0xFF, 0xC6, 
0x04, 0x00, 0x00, 0x22, 0xFF, 0x85, 0x00, 0x00, 0x03, 0xBA, 0xFF, 0x30, 0x00, 0x00, 0x55, 0xFF, 
0x53, 0x00, 0x00, 0x00, 0x95, 0xFF, 0x29, 0x00, 0x00, 0x89, 0xFF, 0x22, 0x00, 0x00, 0x08, 0xE2, 
0xD6, 0x01, 0x00, 0x00, 0xBC, 0xF5, 0x2C, 0x2C, 0x44, 0xC4, 0xE8, 0x2F, 0x00, 0x00, 0x00, 0xEE, 
0xFF, 0xFF, 0xFF, 0xFF, 0xFF, 0x8A, 0x05, 0x00, 0x00, 0x22, 0xFF, 0x92, 0x28, 0x29, 0x3F, 0xAC, 
0xFF, 0x8C, 0x00, 0x00, 0x55, 0xFF, 0x50, 0x00, 0x00, 0x00, 0x05, 0xF7, 0xD4, 0x00, 0x00, 0x88, 
0xFF, 0x1D, 0x00, 0x00, 0x00, 0x0B, 0xFD, 0xC3, 0x00, 0x00, 0xBB, 0xEB, 0x00, 0x00, 0x00, 0x00, 
0x83, 0xFF, 0x6B, 0x00, 0x00, 0xED, 0xDA, 0x64, 0x64, 0x76, 0xB6, 0xFF, 0xB3, 0x03, 0x00, 0x0C, 
0xF7, 0xFF, 0xFF, 0xFF, 0xEF, 0xC9, 0x69, 0x02, 0x00, 0x00, 0x00, 0x00, 0x00, 0x61, 0xA4, 0xA4, 
0xA4, 0xA4, 0xA4, 0x9A, 0x00, 0x00, 0x00, 0xEE, 0xF0, 0xD0, 0xD0, 0xD0, 0xD0, 0xA7, 0x00, 0x00, 
0x22, 0xFF, 0x8C, 0x00, 0x00, 0x00, 0x00, 0x00, 0x00, 0x00, 0x55, 0xFF, 0x59, 0x00, 0x00, 0x00, 
0x00, 0x00, 0x00, 0x00, 0x88, 0xFF, 0x25, 0x00, 0x00, 0x00, 0x00, 0x00, 0x00, 0x00, 0xBB, 0xF1, 
0x01, 0x00, 0x00, 0x00, 0x00, 0x00, 0x00, 0x00, 0xED, 0xBF, 0x00, 0x00, 0x00, 0x00, 0x00, 0x00, 
0x00, 0x21, 0xFF, 0x8C, 0x00, 0x00, 0x00, 0x00, 0x00, 0x00, 0x00, 0x54, 0xFF, 0x59, 0x00, 0x00, 
0x00, 0x00, 0x00, 0x00, 0x00, 0x87, 0xFF, 0x25, 0x00, 0x00, 0x00, 0x00, 0x00, 0x00, 0x00, 0xB9, 
0xF1, 0x01, 0x00, 0x00, 0x00, 0x00, 0x00, 0x00, 0x00, 0xEC, 0xBF, 0x00, 0x00, 0x00, 0x00, 0x00, 
0x00, 0x00, 0x1B, 0xFF, 0x88, 0x00, 0x00, 0x00, 0x00, 0x00, 0x00, 0x00, 0x00, 0x0C, 0x01, 0x00, 
0x00, 0x00, 0x00, 0x00, 0x00, 0x00, 0x00, 0x00, 0x00, 0x00, 0x00, 0x00, 0x00, 0x4D, 0xA4, 0xA4, 
0xA4, 0xA4, 0xA4, 0xA2, 0x20, 0x00, 0x00, 0x00, 0x00, 0x00, 0x00, 0x00, 0xDF, 0xEE, 0xCC, 0xCC, 
0xCC, 0xE9, 0xFF, 0x30, 0x00, 0x00, 0x00, 0x00, 0x00, 0x00, 0x31, 0xFF, 0x7A, 0x00, 0x00, 0x00, 
0xB0, 0xF8, 0x05, 0x00, 0x00, 0x00, 0x00, 0x00, 0x00, 0x85, 0xFF, 0x28, 0x00, 0x00, 0x00, 0xE3, 
0xC9, 0x00, 0x00, 0x00, 0x00, 0x00, 0x00, 0x00, 0xDA, 0xD2, 0x00, 0x00, 0x00, 0x16, 0xFF, 0x96, 
0x00, 0x00, 0x00, 0x00, 0x00, 0x00, 0x33, 0xFF, 0x79, 0x00, 0x00, 0x00, 0x49, 0xFF, 0x63, 0x00, 
0x00, 0x00, 0x00, 0x00, 0x00, 0x92, 0xFE, 0x1E, 0x00, 0x00, 0x00, 0x7C, 0xFF, 0x30, 0x00, 0x00, 
0x00, 0x00, 0x00, 0x08, 0xED, 0xB9, 0x00, 0x00, 0x00, 0x00, 0xB0, 0xF7, 0x04, 0x00, 0x00, 0x00, 
0x00, 0x00, 0x64, 0xFF, 0x4D, 0x00, 0x00, 0x00, 0x00, 0xE3, 0xC9, 0x00, 0x00, 0x00, 0x00, 0x00, 
0x08, 0xE1, 0xCE, 0x01, 0x00, 0x00, 0x00, 0x16, 0xFF, 0x96, 0x00, 0x00, 0x00, 0x00, 0x00, 0x8E, 
0xFC, 0x3A, 0x00, 0x00, 0x00, 0x00, 0x49, 0xFF, 0x62, 0x00, 0x00, 0x00, 0x36, 0x8A, 0xFF, 0xC3, 
0x6C, 0x6C, 0x6C, 0x6C, 0x6C, 0xAD, 0xFF, 0x8D, 0x48, 0x00, 0x00, 0xC1, 0xFF, 0xFF, 0xFF, 0xFF, 
0xFF, 0xFF, 0xFF, 0xFF, 0xFF, 0xFF, 0xFF, 0xA1, 0x00, 0x01, 0xF2, 0x7D, 0x00, 0x00, 0x00, 0x00, 
0x00, 0x00, 0x00, 0x00, 0x07, 0xFA, 0x6E, 0x00, 0x26, 0xFF, 0x4A, 0x00, 0x00, 0x00, 0x00, 0x00, 
0x00, 0x00, 0x00, 0x34, 0xFF, 0x3B, 0x00, 0x58, 0xFF, 0x16, 0x00, 0x00, 0x00, 0x00, 0x00, 0x00, 
0x00, 0x00, 0x67, 0xFD, 0x0B, 0x00, 0x22, 0x4B, 0x00, 0x00, 0x00, 0x00, 0x00, 0x00, 0x00, 0x00, 
0x00, 0x27, 0x47, 0x00, 0x00, 0x00, 0x00, 0x00, 0x5F, 0xA4, 0xA4, 0xA4, 0xA4, 0xA4, 0xA3, 0x11, 
0x00, 0x00, 0x00, 0xEA, 0xEC, 0xC4, 0xC4, 0xC4, 0xC4, 0xB9, 0x06, 0x00, 0x00, 0x1F, 0xFF, 0x8D, 
0x00, 0x00, 0x00, 0x00, 0x00, 0x00, 0x00, 0x00, 0x53, 0xFF, 0x58, 0x00, 0x00, 0x00, 0x00, 0x00, 
0x00, 0x00, 0x00, 0x86, 0xFF, 0x23, 0x00, 0x00, 0x00, 0x00, 0x00, 0x00, 0x00, 0x00, 0xBA, 0xF8, 
0x48, 0x48, 0x48, 0x48, 0x16, 0x00, 0x00, 0x00, 0x00, 0xEC, 0xFF, 0xFF, 0xFF, 0xFF, 0xFF, 0x47, 
0x00, 0x00, 0x00, 0x20, 0xFF, 0x94, 0x14, 0x14, 0x14, 0x13, 0x00, 0x00, 0x00, 0x00, 0x54, 0xFF, 
0x59, 0x00, 0x00, 0x00, 0x00, 0x00, 0x00, 0x00, 0x00, 0x87, 0xFF, 0x25, 0x00, 0x00, 0x00, 0x00, 
0x00, 0x00, 0x00, 0x00, 0xBB, 0xF0, 0x01, 0x00, 0x00, 0x00, 0x00, 0x00, 0x00, 0x00, 0x00, 0xED, 
0xDD, 0x64, 0x64, 0x64, 0x64, 0x5C, 0x00, 0x00, 0x00, 0x11, 0xFB, 0xFF, 0xFF, 0xFF, 0xFF, 0xFF, 
0xD6, 0x00, 0x00, 0x00, 0x00, 0x00, 0x17, 0xAC, 0x50, 0x00, 0x00, 0x00, 0x24, 0xAD, 0x3C, 0x00, 
0x00, 0x00, 0x3B, 0xAE, 0x31, 0x00, 0x00, 0x1A, 0xFF, 0x9A, 0x00, 0x00, 0x00, 0x6B, 0xFF, 0x39, 
0x00, 0x00, 0x01, 0xCF, 0xE8, 0x0B, 0x00, 0x00, 0x01, 0xF5, 0xB6, 0x00, 0x00, 0x00, 0x9F, 0xFC, 
0x0A, 0x00, 0x00, 0x53, 0xFF, 0x6A, 0x00, 0x00, 0x00, 0x00, 0xD2, 0xD3, 0x00, 0x00, 0x00, 0xD3, 
0xD3, 0x00, 0x00, 0x03, 0xD4, 0xDA, 0x05, 0x00, 0x00, 0x00, 0x00, 0xA6, 0xFB, 0x11, 0x00, 0x0A, 
0xFC, 0xA0, 0x00, 0x00, 0x7B, 0xFF, 0x49, 0x00, 0x00, 0x00, 0x00, 0x00, 0x46, 0xFE, 0xBE, 0x4E, 
0x64, 0xFF, 0x94, 0x4C, 0x9B, 0xFE, 0x7E, 0x00, 0x00, 0x00, 0x00, 0x00, 0x00, 0x09, 0xA3, 0xFF, 
0xFF, 0xFF, 0xFF, 0xFF, 0xFF, 0xFF, 0x76, 0x00, 0x00, 0x00, 0x00, 0x00, 0x00, 0x15, 0xD4, 0xF1, 
0x80, 0x45, 0xB8, 0xFE, 0x41, 0x55, 0xCF, 0xFD, 0x47, 0x00, 0x00, 0x00, 0x00, 0x00, 0xB8, 0xF7, 
0x31, 0x00, 0x00, 0xD1, 0xD9, 0x00, 0x00, 0x1B, 0xFD, 0xB4, 0x00, 0x00, 0x00, 0x00, 0x53, 0xFF, 
0x7E, 0x00, 0x00, 0x08, 0xFB, 0xA5, 0x00, 0x00, 0x00, 0xD6, 0xE5, 0x00, 0x00, 0x00, 0x04, 0xDA, 
0xE9, 0x0B, 0x00, 0x00, 0x36, 0xFF, 0x71, 0x00, 0x00, 0x00, 0xB2, 0xFF, 0x0A, 0x00, 0x00, 0x6A, 
0xFF, 0x6F, 0x00, 0x00, 0x00, 0x69, 0xFF, 0x3D, 0x00, 0x00, 0x00, 0x90, 0xFF, 0x2E, 0x00, 0x00, 
0xE5, 0xDD, 0x07, 0x00, 0x00, 0x00, 0x98, 0xF9, 0x0B, 0x00, 0x00, 0x00, 0x6A, 0xFF, 0x44, 0x00, 
0x00, 0x0A, 0x04, 0x00, 0x00, 0x00, 0x00, 0x05, 0x08, 0x00, 0x00, 0x00, 0x00, 0x01, 0x0D, 0x00, 
0x00, 0x00, 0x00, 0x00, 0x06, 0x5E, 0xA5, 0xCA, 0xC8, 0x8F, 0x19, 0x00, 0x00, 0x00, 0x8C, 0xF9, 
0xBD, 0xA3, 0xCC, 0xFF, 0xDA, 0x07, 0x00, 0x00, 0x40, 0x12, 0x00, 0x00, 0x00, 0xB9, 0xFF, 0x37, 
0x00, 0x00, 0x00, 0x00, 0x00, 0x00, 0x00, 0x9A, 0xFF, 0x27, 0x00, 0x00, 0x00, 0x00, 0x00, 0x00, 
0x23, 0xED, 0xC5, 0x01, 0x00, 0x00, 0x20, 0x40, 0x4D, 0x80, 0xEA, 0xC8, 0x1B, 0x00, 0x00, 0x00, 
0xC4, 0xFF, 0xFF, 0xFF, 0xC1, 0x1E, 0x00, 0x00, 0x00, 0x00, 0x16, 0x20, 0x2B, 0x6C, 0xF6, 0xE8, 
0x0F, 0x00, 0x00, 0x00, 0x00, 0x00, 0x00, 0x00, 0x92, 0xFF, 0x56, 0x00, 0x00, 0x00, 0x00, 0x00, 
0x00, 0x00, 0x92, 0xFF, 0x56, 0x00, 0x00, 0x00, 0x00, 0x00, 0x00, 0x1C, 0xE9, 0xF6, 0x15, 0x00, 
0xD0, 0x92, 0x54, 0x50, 0x7E, 0xEB, 0xFE, 0x66, 0x00, 0x00, 0xA0, 0xF9, 0xFF, 0xFF, 0xFD, 0xC4, 
0x44, 0x00, 0x00, 0x00, 0x00, 0x07, 0x27, 0x27, 0x0D, 0x00, 0x00, 0x00, 0x00, 0x00, 0x00, 0x00, 
0x00, 0x7B, 0x98, 0x00, 0x00, 0x00, 0x00, 0x00, 0x0C, 0x9D, 0x74, 0x00, 0x00, 0x00, 0xED, 0xC1, 
0x00, 0x00, 0x00, 0x00, 0x03, 0xB5, 0xFF, 0x8A, 0x00, 0x00, 0x21, 0xFF, 0x8E, 0x00, 0x00, 0x00, 
0x00, 0x94, 0xFF, 0xFF, 0x56, 0x00, 0x00, 0x54, 0xFF, 0x5B, 0x00, 0x00, 0x00, 0x72, 0xFF, 0xDC, 
0xFF, 0x23, 0x00, 0x00, 0x87, 0xFF, 0x27, 0x00, 0x00, 0x4F, 0xFD, 0xA0, 0xB6, 0xEF, 0x01, 0x00, 
0x00, 0xBB, 0xF2, 0x01, 0x00, 0x34, 0xF5, 0xC3, 0x07, 0xED, 0xBD, 0x00, 0x00, 0x00, 0xED, 0xC0, 
0x00, 0x1E, 0xE7, 0xDA, 0x13, 0x24, 0xFF, 0x8A, 0x00, 0x00, 0x21, 0xFF, 0x8D, 0x0E, 0xD3, 0xEB, 
0x23, 0x00, 0x57, 0xFF, 0x57, 0x00, 0x00, 0x54, 0xFF, 0x5C, 0xB9, 0xF7, 0x39, 0x00, 0x00, 0x89, 
0xFF, 0x24, 0x00, 0x00, 0x87, 0xFF, 0xA9, 0xFD, 0x53, 0x00, 0x00, 0x00, 0xBC, 0xF0, 0x01, 0x00, 
0x00, 0xBB, 0xFE, 0xFF, 0x71, 0x00, 0x00, 0x00, 0x00, 0xED, 0xBE, 0x00, 0x00, 0x00, 0xED, 0xFF, 
0x92, 0x00, 0x00, 0x00, 0x00, 0x21, 0xFF, 0x8B, 0x00, 0x00, 0x1D, 0xFF, 0xAE, 0x02, 0x00, 0x00, 
0x00, 0x00, 0x50, 0xFF, 0x54, 0x00, 0x00, 0x00, 0x0C, 0x00, 0x00, 0x00, 0x00, 0x00, 0x00, 0x01, 
0x0C, 0x00, 0x00, 0x00, 0x00, 0x00, 0x00, 0x00, 0x00, 0x05, 0x3F, 0x0A, 0x00, 0x00, 0x22, 0x2F, 
0x00, 0x00, 0x00, 0x00, 0x00, 0x00, 0x3A, 0xFF, 0x3E, 0x00, 0x06, 0xDE, 0xAF, 0x00, 0x00, 0x00, 
0x00, 0x00, 0x00, 0x12, 0xF0, 0xD8, 0x9A, 0xD1, 0xEE, 0x2C, 0x00, 0x00, 0x00, 0x00, 0x00, 0x00, 
0x00, 0x26, 0x81, 0x94, 0x74, 0x18, 0x00, 0x00, 0x00, 0x00, 0x00, 0x7B, 0x98, 0x00, 0x00, 0x00, 
0x00, 0x00, 0x0C, 0x9D, 0x74, 0x00, 0x00, 0x00, 0xED, 0xC1, 0x00, 0x00, 0x00, 0x00, 0x03, 0xB5, 
0xFF, 0x8A, 0x00, 0x00, 0x21, 0xFF, 0x8E, 0x00, 0x00, 0x00, 0x00, 0x94, 0xFF, 0xFF, 0x56, 0x00, 
0x00, 0x54, 0xFF, 0x5B, 0x00, 0x00, 0x00, 0x72, 0xFF, 0xDC, 0xFF, 0x23, 0x00, 0x00, 0x87, 0xFF, 
0x27, 0x00, 0x00, 0x4F, 0xFD, 0xA0, 0xB6, 0xEF, 0x01, 0x00, 0x00, 0xBB, 0xF2, 0x01, 0x00, 0x34, 
0xF5, 0xC3, 0x07, 0xED, 0xBD, 0x00, 0x00, 0x00, 0xED, 0xC0, 0x00, 0x1E, 0xE7, 0xDA, 0x13, 0x24, 
0xFF, 0x8A, 0x00, 0x00, 0x21, 0xFF, 0x8D, 0x0E, 0xD3, 0xEB, 0x23, 0x00, 0x57, 0xFF, 0x57, 0x00, 
0x00, 0x54, 0xFF, 0x5C, 0xB9, 0xF7, 0x39, 0x00, 0x00, 0x89, 0xFF, 0x24, 0x00, 0x00, 0x87, 0xFF, 
0xA9, 0xFD, 0x53, 0x00, 0x00, 0x00, 0xBC, 0xF0, 0x01, 0x00, 0x00, 0xBB, 0xFE, 0xFF, 0x71, 0x00, 
0x00, 0x00, 0x00, 0xED, 0xBE, 0x00, 0x00, 0x00, 0xED, 0xFF, 0x92, 0x00, 0x00, 0x00, 0x00, 0x21, 
0xFF, 0x8B, 0x00, 0x00, 0x1D, 0xFF, 0xAE, 0x02, 0x00, 0x00, 0x00, 0x00, 0x50, 0xFF, 0x54, 0x00, 
0x00, 0x00, 0x0C, 0x00, 0x00, 0x00, 0x00, 0x00, 0x00, 0x01, 0x0C, 0x00, 0x00, 0x00, 0x00, 0x00, 
0x00, 0x7B, 0x98, 0x00, 0x00, 0x00, 0x00, 0x5D, 0xAE, 0x19, 0x00, 0x00, 0x00, 0xED, 0xC1, 0x00, 
0x00, 0x00, 0x18, 0xF3, 0xC8, 0x00, 0x00, 0x00, 0x21, 0xFF, 0x8D, 0x00, 0x00, 0x00, 0x9A, 0xFE, 
0x38, 0x00, 0x00, 0x00, 0x54, 0xFF, 0x59, 0x00, 0x00, 0x2E, 0xFC, 0xA3, 0x00, 0x00, 0x00, 0x00, 
0x87, 0xFF, 0x25, 0x00, 0x0D, 0xCE, 0xEB, 0x16, 0x00, 0x00, 0x00, 0x00, 0xBA, 0xF8, 0x40, 0x61, 
0xD3, 0xEE, 0x3C, 0x00, 0x00, 0x00, 0x00, 0x00, 0xEC, 0xFF, 0xFF, 0xFF, 0xEE, 0x34, 0x00, 0x00, 
0x00, 0x00, 0x00, 0x20, 0xFF, 0xA1, 0x40, 0x79, 0xF5, 0xE5, 0x0E, 0x00, 0x00, 0x00, 0x00, 0x53, 
0xFF, 0x59, 0x00, 0x00, 0x72, 0xFF, 0x65, 0x00, 0x00, 0x00, 0x00, 0x86, 0xFF, 0x26, 0x00, 0x00, 
0x19, 0xFF, 0xA2, 0x00, 0x00, 0x00, 0x00, 0xB9, 0xF1, 0x01, 0x00, 0x00, 0x00, 0xE6, 0xD3, 0x00, 
0x00, 0x00, 0x00, 0xEB, 0xBF, 0x00, 0x00, 0x00, 0x00, 0xB9, 0xFC, 0x09, 0x00, 0x00, 0x1B, 0xFF, 
0x88, 0x00, 0x00, 0x00, 0x00, 0x87, 0xFF, 0x27, 0x00, 0x00, 0x00, 0x0C, 0x01, 0x00, 0x00, 0x00, 
0x00, 0x02, 0x0B, 0x00, 0x00, 0x00, 0x00, 0x00, 0x00, 0x00, 0x00, 0x00, 0x60, 0xA4, 0xA4, 0xA4, 
0xA4, 0xA4, 0x98, 0x00, 0x00, 0x00, 0x00, 0x00, 0x03, 0xEC, 0xEC, 0xD0, 0xD0, 0xD0, 0xF7, 0xEC, 
0x00, 0x00, 0x00, 0x00, 0x00, 0x41, 0xFF, 0x66, 0x00, 0x00, 0x01, 0xF1, 0xB9, 0x00, 0x00, 0x00, 
0x00, 0x00, 0x93, 0xFD, 0x16, 0x00, 0x00, 0x27, 0xFF, 0x85, 0x00, 0x00, 0x00, 0x00, 0x02, 0xE6, 
0xBF, 0x00, 0x00, 0x00, 0x5A, 0xFF, 0x52, 0x00, 0x00, 0x00, 0x00, 0x42, 0xFF, 0x69, 0x00, 0x00, 
0x00, 0x8D, 0xFF, 0x1F, 0x00, 0x00, 0x00, 0x00, 0x9F, 0xFA, 0x14, 0x00, 0x00, 0x00, 0xC0, 0xEB, 
0x00, 0x00, 0x00, 0x00, 0x0D, 0xF4, 0xAF, 0x00, 0x00, 0x00, 0x01, 0xF1, 0xB8, 0x00, 0x00, 0x00, 
0x00, 0x6F, 0xFF, 0x48, 0x00, 0x00, 0x00, 0x27, 0xFF, 0x85, 0x00, 0x00, 0x00, 0x08, 0xE3, 0xD5, 
0x01, 0x00, 0x00, 0x00, 0x5A, 0xFF, 0x52, 0x00, 0x00, 0x00, 0x8A, 0xFF, 0x52, 0x00, 0x00, 0x00, 
0x00, 0x8D, 0xFF, 0x1E, 0x00, 0x37, 0xA0, 0xFF, 0xAA, 0x00, 0x00, 0x00, 0x00, 0x00, 0xC0, 0xEB, 
0x00, 0x00, 0xC0, 0xFB, 0x9A, 0x08, 0x00, 0x00, 0x00, 0x00, 0x00, 0xEF, 0xB4, 0x00, 0x00, 0x16, 
0x06, 0x00, 0x00, 0x00, 0x00, 0x00, 0x00, 0x00, 0x0A, 0x03, 0x00, 0x00, 0x00, 0x00, 0x00, 0x63, 
0xA3, 0x80, 0x01, 0x00, 0x00, 0x00, 0x00, 0x00, 0x00, 0x00, 0x6A, 0xA3, 0x81, 0x00, 0x00, 0x00, 
0xEE, 0xFB, 0xFF, 0x2F, 0x00, 0x00, 0x00, 0x00, 0x00, 0x00, 0x5E, 0xFF, 0xFC, 0xCC, 0x00, 0x00, 
0x22, 0xFF, 0xB0, 0xFF, 0x63, 0x00, 0x00, 0x00, 0x00, 0x00, 0x12, 0xEA, 0xAF, 0xFC, 0x99, 0x00, 
0x00, 0x55, 0xFF, 0x50, 0xFA, 0x97, 0x00, 0x00, 0x00, 0x00, 0x00, 0x9C, 0xF1, 0x52, 0xFF, 0x66, 
0x00, 0x00, 0x88, 0xFF, 0x16, 0xD1, 0xCA, 0x00, 0x00, 0x00, 0x00, 0x3B, 0xFE, 0x6E, 0x6C, 0xFF, 
0x33, 0x00, 0x00, 0xBB, 0xE2, 0x00, 0xA0, 0xF8, 0x05, 0x00, 0x00, 0x04, 0xD2, 0xCF, 0x03, 0x9F, 
0xFA, 0x06, 0x00, 0x00, 0xED, 0xAF, 0x00, 0x6F, 0xFF, 0x30, 0x00, 0x00, 0x76, 0xFE, 0x38, 0x00, 
0xD2, 0xCD, 0x00, 0x00, 0x21, 0xFF, 0x7C, 0x00, 0x3F, 0xFF, 0x64, 0x00, 0x1F, 0xF5, 0x9A, 0x00, 
0x09, 0xFB, 0x9A, 0x00, 0x00, 0x54, 0xFF, 0x49, 0x00, 0x0F, 0xFE, 0x97, 0x00, 0xB2, 0xEB, 0x12, 
0x00, 0x38, 0xFF, 0x67, 0x00, 0x00, 0x87, 0xFF, 0x16, 0x00, 0x00, 0xDD, 0xCA, 0x51, 0xFF, 0x62, 
0x00, 0x00, 0x6B, 0xFF, 0x35, 0x00, 0x00, 0xB9, 0xE2, 0x00, 0x00, 0x00, 0xAC, 0xF8, 0xE3, 0xC5, 
0x01, 0x00, 0x00, 0x9E, 0xFA, 0x07, 0x00, 0x00, 0xEC, 0xAF, 0x00, 0x00, 0x00, 0x7B, 0xFF, 0xFB, 
0x2E, 0x00, 0x00, 0x00, 0xD0, 0xCF, 0x00, 0x00, 0x1C, 0xFF, 0x78, 0x00, 0x00, 0x00, 0x46, 0xFF, 
0x8A, 0x00, 0x00, 0x00, 0x05, 0xFA, 0x98, 0x00, 0x00, 0x00, 0x0C, 0x00, 0x00, 0x00, 0x00, 0x00, 
0x08, 0x00, 0x00, 0x00, 0x00, 0x00, 0x0B, 0x02, 0x00, 0x00, 0x00, 0x00, 0x00, 0x7B, 0x97, 0x00, 
0x00, 0x00, 0x00, 0x00, 0x33, 0xAE, 0x31, 0x00, 0x00, 0x00, 0xED, 0xBE, 0x00, 0x00, 0x00, 0x00, 
0x00, 0x82, 0xFF, 0x2A, 0x00, 0x00, 0x21, 0xFF, 0x8C, 0x00, 0x00, 0x00, 0x00, 0x00, 0xB5, 0xF4, 
0x02, 0x00, 0x00, 0x54, 0xFF, 0x59, 0x00, 0x00, 0x00, 0x00, 0x00, 0xE8, 0xC3, 0x00, 0x00, 0x00, 
0x87, 0xFF, 0x26, 0x00, 0x00, 0x00, 0x00, 0x1C, 0xFF, 0x90, 0x00, 0x00, 0x00, 0xBA, 0xFC, 0x55, 
0x54, 0x54, 0x54, 0x54, 0x83, 0xFF, 0x5D, 0x00, 0x00, 0x00, 0xEC, 0xFF, 0xFF, 0xFF, 0xFF, 0xFF, 
0xFF, 0xFF, 0xFF, 0x2A, 0x00, 0x00, 0x20, 0xFF, 0x97, 0x24, 0x24, 0x24, 0x24, 0x24, 0xC3, 0xF4, 
0x02, 0x00, 0x00, 0x53, 0xFF, 0x56, 0x00, 0x00, 0x00, 0x00, 0x00, 0xE8, 0xC4, 0x00, 0x00, 0x00, 
0x86, 0xFF, 0x24, 0x00, 0x00, 0x00, 0x00, 0x1C, 0xFF, 0x91, 0x00, 0x00, 0x00, 0xB9, 0xF0, 0x01, 
0x00, 0x00, 0x00, 0x00, 0x4E, 0xFF, 0x5E, 0x00, 0x00, 0x00, 0xEB, 0xBE, 0x00, 0x00, 0x00, 0x00, 
0x00, 0x81, 0xFF, 0x2B, 0x00, 0x00, 0x1B, 0xFF, 0x88, 0x00, 0x00, 0x00, 0x00, 0x00, 0xB0, 0xF0, 
0x03, 0x00, 0x00, 0x00, 0x0C, 0x01, 0x00, 0x00, 0x00, 0x00, 0x00, 0x06, 0x07, 0x00, 0x00, 0x00, 
0x00, 0x00, 0x00, 0x00, 0x47, 0x9C, 0xC5, 0xCD, 0xAF, 0x5D, 0x02, 0x00, 0x00, 0x00, 0x0F, 0xB7, 
0xFF, 0xDF, 0xA7, 0xB5, 0xED, 0xFF, 0xA9, 0x00, 0x00, 0x04, 0xBA, 0xFC, 0x7C, 0x02, 0x00, 0x00, 
0x13, 0xCD, 0xFF, 0x49, 0x00, 0x7B, 0xFF, 0x7A, 0x00, 0x00, 0x00, 0x00, 0x00, 0x52, 0xFF, 0x90, 
0x0C, 0xED, 0xD9, 0x03, 0x00, 0x00, 0x00, 0x00, 0x00, 0x29, 0xFF, 0xA6, 0x5D, 0xFF, 0x79, 0x00, 
0x00, 0x00, 0x00, 0x00, 0x00, 0x2F, 0xFF, 0x98, 0x9E, 0xFF, 0x33, 0x00, 0x00, 0x00, 0x00, 0x00, 
0x00, 0x52, 0xFF, 0x78, 0xC9, 0xFE, 0x06, 0x00, 0x00, 0x00, 0x00, 0x00, 0x00, 0x8C, 0xFF, 0x3C, 
0xDD, 0xF1, 0x00, 0x00, 0x00, 0x00, 0x00, 0x00, 0x03, 0xE5, 0xE6, 0x06, 0xD8, 0xFD, 0x06, 0x00, 
0x00, 0x00, 0x00, 0x00, 0x6E, 0xFF, 0x76, 0x00, 0xA7, 0xFF, 0x5D, 0x00, 0x00, 0x00, 0x00, 0x47, 
0xF7, 0xCB, 0x09, 0x00, 0x35, 0xFB, 0xF9, 0x8A, 0x52, 0x54, 0x9C, 0xFE, 0xDD, 0x1B, 0x00, 0x00, 
0x00, 0x48, 0xD4, 0xFF, 0xFF, 0xFF, 0xE9, 0x89, 0x0F, 0x00, 0x00, 0x00, 0x00, 0x00, 0x00, 0x16, 
0x2B, 0x1D, 0x01, 0x00, 0x00, 0x00, 0x00, 0x00, 0x00, 0x00, 0x00, 0x62, 0xA4, 0xA4, 0xA4, 0xA4, 
0xA4, 0xA4, 0xA4, 0xA1, 0x19, 0x00, 0x00, 0x00, 0xEE, 0xEF, 0xD0, 0xD0, 0xD0, 0xD0, 0xD0, 0xED, 
0xFF, 0x24, 0x00, 0x00, 0x22, 0xFF, 0x88, 0x00, 0x00, 0x00, 0x00, 0x00, 0xBB, 0xEF, 0x01, 0x00, 
0x00, 0x55, 0xFF, 0x55, 0x00, 0x00, 0x00, 0x00, 0x00, 0xED, 0xBD, 0x00, 0x00, 0x00, 0x88, 0xFF, 
0x22, 0x00, 0x00, 0x00, 0x00, 0x22, 0xFF, 0x8A, 0x00, 0x00, 0x00, 0xBB, 0xEF, 0x00, 0x00, 0x00, 
0x00, 0x00, 0x55, 0xFF, 0x57, 0x00, 0x00, 0x00, 0xED, 0xBD, 0x00, 0x00, 0x00, 0x00, 0x00, 0x88, 
0xFF, 0x24, 0x00, 0x00, 0x21, 0xFF, 0x8A, 0x00, 0x00, 0x00, 0x00, 0x00, 0xBB, 0xEF, 0x01, 0x00, 
0x00, 0x54, 0xFF, 0x57, 0x00, 0x00, 0x00, 0x00, 0x00, 0xED, 0xBD, 0x00, 0x00, 0x00, 0x87, 0xFF, 
0x24, 0x00, 0x00, 0x00, 0x00, 0x22, 0xFF, 0x8A, 0x00, 0x00, 0x00, 0xB9, 0xF0, 0x01, 0x00, 0x00, 
0x00, 0x00, 0x55, 0xFF, 0x56, 0x00, 0x00, 0x00, 0xEC, 0xBF, 0x00, 0x00, 0x00, 0x00, 0x00, 0x88, 
0xFF, 0x23, 0x00, 0x00, 0x1B, 0xFF, 0x88, 0x00, 0x00, 0x00, 0x00, 0x00, 0xB7, 0xEB, 0x01, 0x00, 
0x00, 0x00, 0x0C, 0x01, 0x00, 0x00, 0x00, 0x00, 0x00, 0x07, 0x06, 0x00, 0x00, 0x00, 0x00, 0x00, 
0x00, 0x5B, 0xA3, 0xA4, 0xA2, 0x91, 0x55, 0x04, 0x00, 0x00, 0x00, 0x01, 0xEF, 0xEA, 0xC0, 0xC2, 
0xE8, 0xFF, 0xB8, 0x01, 0x00, 0x00, 0x24, 0xFF, 0x89, 0x00, 0x00, 0x05, 0xB8, 0xFF, 0x3F, 0x00, 
0x00, 0x57, 0xFF, 0x57, 0x00, 0x00, 0x00, 0x6C, 0xFF, 0x5B, 0x00, 0x00, 0x8A, 0xFF, 0x24, 0x00, 
0x00, 0x00, 0x8F, 0xFF, 0x37, 0x00, 0x00, 0xBC, 0xF1, 0x01, 0x00, 0x00, 0x19, 0xED, 0xD9, 0x01, 
0x00, 0x00, 0xEE, 0xCF, 0x30, 0x38, 0x66, 0xDF, 0xF5, 0x3C, 0x00, 0x00, 0x22, 0xFF, 0xFF, 0xFF, 
0xFF, 0xFE, 0xBA, 0x33, 0x00, 0x00, 0x00, 0x55, 0xFF, 0x73, 0x30, 0x2B, 0x10, 0x00, 0x00, 0x00, 
0x00, 0x00, 0x87, 0xFF, 0x24, 0x00, 0x00, 0x00, 0x00, 0x00, 0x00, 0x00, 0x00, 0xBA, 0xF0, 0x01, 
0x00, 0x00, 0x00, 0x00, 0x00, 0x00, 0x00, 0x00, 0xEC, 0xBF, 0x00, 0x00, 0x00, 0x00, 0x00, 0x00, 
0x00, 0x00, 0x1B, 0xFF, 0x88, 0x00, 0x00, 0x00, 0x00, 0x00, 0x00, 0x00, 0x00, 0x00, 0x0C, 0x01, 
0x00, 0x00, 0x00, 0x00, 0x00, 0x00, 0x00, 0x00, 0x00, 0x00, 0x00, 0x00, 0x41, 0x9A, 0xC1, 0xB9, 
0x87, 0x23, 0x00, 0x00, 0x00, 0x08, 0xAC, 0xFF, 0xEB, 0xB5, 0xBD, 0xF8, 0xF8, 0x18, 0x00, 0x04, 
0xB1, 0xFF, 0x90, 0x08, 0x00, 0x00, 0x1A, 0xA1, 0x09, 0x00, 0x70, 0xFF, 0x94, 0x00, 0x00, 0x00, 
0x00, 0x00, 0x00, 0x00, 0x0D, 0xEC, 0xE8, 0x08, 0x00, 0x00, 0x00, 0x00, 0x00, 0x00, 0x00, 0x58, 
0xFF, 0x7E, 0x00, 0x00, 0x00, 0x00, 0x00, 0x00, 0x00, 0x00, 0xA2, 0xFF, 0x33, 0x00, 0x00, 0x00, 
0x00, 0x00, 0x00, 0x00, 0x00, 0xC6, 0xFF, 0x07, 0x00, 0x00, 0x00, 0x00, 0x00, 0x00, 0x00, 0x00, 
0xDA, 0xFA, 0x00, 0x00, 0x00, 0x00, 0x00, 0x00, 0x00, 0x00, 0x00, 0xCB, 0xFF, 0x1B, 0x00, 0x00, 
0x00, 0x00, 0x00, 0x00, 0x00, 0x00, 0x8F, 0xFF, 0x89, 0x00, 0x00, 0x00, 0x00, 0x22, 0x25, 0x00, 
0x00, 0x1E, 0xEF, 0xFF, 0xA9, 0x64, 0x69, 0xA3, 0xF9, 0x45, 0x00, 0x00, 0x00, 0x30, 0xC4, 0xFE, 
0xFF, 0xFE, 0xCF, 0x64, 0x00, 0x00, 0x00, 0x00, 0x00, 0x00, 0x10, 0x22, 0x0D, 0x00, 0x00, 0x00, 
0x00, 0x00, 0x23, 0xA3, 0xA4, 0xA4, 0xA4, 0xA4, 0xA4, 0xA4, 0xA4, 0xA3, 0x0F, 0x49, 0xC8, 0xC8, 
0xC8, 0xED, 0xFF, 0xC9, 0xC8, 0xC8, 0xBB, 0x05, 0x00, 0x00, 0x00, 0x00, 0xC9, 0xE6, 0x00, 0x00, 
0x00, 0x00, 0x00, 0x00, 0x00, 0x00, 0x04, 0xF7, 0xB3, 0x00, 0x00, 0x00, 0x00, 0x00, 0x00, 0x00, 
0x00, 0x2F, 0xFF, 0x80, 0x00, 0x00, 0x00, 0x00, 0x00, 0x00, 0x00, 0x00, 0x62, 0xFF, 0x4D, 0x00, 
0x00, 0x00, 0x00, 0x00, 0x00, 0x00, 0x00, 0x95, 0xFF, 0x1A, 0x00, 0x00, 0x00, 0x00, 0x00, 0x00, 
0x00, 0x00, 0xC8, 0xE7, 0x00, 0x00, 0x00, 0x00, 0x00, 0x00, 0x00, 0x00, 0x04, 0xF7, 0xB4, 0x00, 
0x00, 0x00, 0x00, 0x00, 0x00, 0x00, 0x00, 0x2E, 0xFF, 0x81, 0x00, 0x00, 0x00, 0x00, 0x00, 0x00, 
0x00, 0x00, 0x61, 0xFF, 0x4E, 0x00, 0x00, 0x00, 0x00, 0x00, 0x00, 0x00, 0x00, 0x94, 0xFF, 0x1B, 
0x00, 0x00, 0x00, 0x00, 0x00, 0x00, 0x00, 0x00, 0xC3, 0xE4, 0x00, 0x00, 0x00, 0x00, 0x00, 0x00, 
0x00, 0x00, 0x00, 0x07, 0x06, 0x00, 0x00, 0x00, 0x00, 0x00, 0x00, 0x00, 0x00, 0x28, 0xAF, 0x43, 
0x00, 0x00, 0x00, 0x00, 0x00, 0x05, 0x9B, 0x9B, 0x00, 0x13, 0xFC, 0xAF, 0x00, 0x00, 0x00, 0x00, 
0x00, 0x73, 0xFF, 0x71, 0x00, 0x00, 0xC3, 0xF4, 0x07, 0x00, 0x00, 0x00, 0x18, 0xF1, 0xD1, 0x04, 
0x00, 0x00, 0x76, 0xFF, 0x48, 0x00, 0x00, 0x00, 0xA2, 0xFE, 0x3A, 0x00, 0x00, 0x00, 0x28, 0xFF, 
0x94, 0x00, 0x00, 0x3A, 0xFE, 0x9D, 0x00, 0x00, 0x00, 0x00, 0x00, 0xDA, 0xE0, 0x00, 0x02, 0xCD, 
0xED, 0x14, 0x00, 0x00, 0x00, 0x00, 0x00, 0x8D, 0xFF, 0x29, 0x66, 0xFF, 0x65, 0x00, 0x00, 0x00, 
0x00, 0x00, 0x00, 0x40, 0xFF, 0x79, 0xE8, 0xC7, 0x01, 0x00, 0x00, 0x00, 0x00, 0x00, 0x00, 0x04, 
0xEE, 0xF9, 0xFC, 0x30, 0x00, 0x00, 0x00, 0x00, 0x00, 0x00, 0x00, 0x00, 0xA7, 0xFF, 0x90, 0x00, 
0x00, 0x00, 0x00, 0x00, 0x00, 0x00, 0x00, 0x15, 0xE5, 0xE1, 0x0D, 0x00, 0x00, 0x00, 0x00, 0x00, 
0x16, 0x9F, 0x6E, 0xD7, 0xFB, 0x3D, 0x00, 0x00, 0x00, 0x00, 0x00, 0x00, 0x32, 0xFC, 0xFF, 0xEA, 
0x4F, 0x00, 0x00, 0x00, 0x00, 0x00, 0x00, 0x00, 0x00, 0x0E, 0x1B, 0x02, 0x00, 0x00, 0x00, 0x00, 
0x00, 0x00, 0x00, 0x00, 0x00, 0x00, 0x00, 0x00, 0x00, 0x00, 0x01, 0x2A, 0x0F, 0x00, 0x00, 0x00, 
0x00, 0x00, 0x00, 0x00, 0x00, 0x00, 0x00, 0x44, 0xFF, 0x66, 0x00, 0x00, 0x00, 0x00, 0x00, 0x00, 
0x00, 0x00, 0x0E, 0x39, 0xA2, 0xFF, 0x7D, 0x31, 0x01, 0x00, 0x00, 0x00, 0x00, 0x26, 0xA5, 0xFA, 
0xFF, 0xFE, 0xFE, 0xFF, 0xFF, 0xDD, 0x47, 0x00, 0x00, 0x3F, 0xF0, 0xE0, 0x60, 0x1A, 0xDC, 0xC7, 
0x0D, 0x50, 0xE6, 0xF8, 0x23, 0x10, 0xE6, 0xDE, 0x17, 0x00, 0x10, 0xFE, 0x95, 0x00, 0x00, 0x59, 
0xFF, 0x6A, 0x6B, 0xFF, 0x57, 0x00, 0x00, 0x43, 0xFF, 0x62, 0x00, 0x00, 0x2C, 0xFF, 0x7E, 0xAB, 
0xFE, 0x0A, 0x00, 0x00, 0x76, 0xFF, 0x2F, 0x00, 0x00, 0x4C, 0xFF, 0x61, 0xBC, 0xF8, 0x00, 0x00, 
0x00, 0xA9, 0xF8, 0x04, 0x00, 0x00, 0xAC, 0xFD, 0x19, 0x9A, 0xFF, 0x39, 0x00, 0x00, 0xDD, 0xCA, 
0x00, 0x00, 0x67, 0xFF, 0x91, 0x00, 0x38, 0xFA, 0xEB, 0x70, 0x43, 0xFF, 0xB4, 0x5E, 0xB7, 0xFF, 
0xAB, 0x08, 0x00, 0x00, 0x3C, 0xBD, 0xFB, 0xFF, 0xFF, 0xFF, 0xFB, 0xC1, 0x54, 0x01, 0x00, 0x00, 
0x00, 0x00, 0x00, 0x07, 0x8C, 0xFF, 0x44, 0x07, 0x00, 0x00, 0x00, 0x00, 0x00, 0x00, 0x00, 0x00, 
0x00, 0xA8, 0xF3, 0x04, 0x00, 0x00, 0x00, 0x00, 0x00, 0x00, 0x00, 0x00, 0x00, 0x00, 0x06, 0x07, 
0x00, 0x00, 0x00, 0x00, 0x00, 0x00, 0x00, 0x00, 0x00, 0x00, 0x76, 0xA9, 0x0E, 0x00, 0x00, 0x00, 
0x00, 0x6D, 0xB0, 0x1E, 0x00, 0x00, 0x00, 0x7B, 0xFF, 0x64, 0x00, 0x00, 0x00, 0x4D, 0xFE, 0xA7, 
0x00, 0x00, 0x00, 0x00, 0x1B, 0xFC, 0xC3, 0x00, 0x00, 0x20, 0xEE, 0xD2, 0x0A, 0x00, 0x00, 0x00, 
0x00, 0x00, 0xB4, 0xFF, 0x24, 0x06, 0xCA, 0xEE, 0x23, 0x00, 0x00, 0x00, 0x00, 0x00, 0x00, 0x50, 
0xFF, 0x82, 0x93, 0xFD, 0x49, 0x00, 0x00, 0x00, 0x00, 0x00, 0x00, 0x00, 0x04, 0xE7, 0xF2, 0xFF, 
0x7B, 0x00, 0x00, 0x00, 0x00, 0x00, 0x00, 0x00, 0x00, 0x00, 0xAE, 0xFF, 0xCF, 0x01, 0x00, 0x00, 
0x00, 0x00, 0x00, 0x00, 0x00, 0x00, 0x53, 0xFF, 0xF1, 0xF7, 0x12, 0x00, 0x00, 0x00, 0x00, 0x00, 
0x00, 0x00, 0x2A, 0xF3, 0xB8, 0x5B, 0xFF, 0x71, 0x00, 0x00, 0x00, 0x00, 0x00, 0x00, 0x0F, 0xD9, 
0xE4, 0x14, 0x09, 0xF0, 0xD8, 0x00, 0x00, 0x00, 0x00, 0x00, 0x01, 0xB2, 0xFB, 0x3B, 0x00, 0x00, 
0x99, 0xFF, 0x40, 0x00, 0x00, 0x00, 0x00, 0x7F, 0xFF, 0x75, 0x00, 0x00, 0x00, 0x39, 0xFF, 0xA7, 
0x00, 0x00, 0x00, 0x3B, 0xFE, 0xB0, 0x01, 0x00, 0x00, 0x00, 0x00, 0xD6, 0xF8, 0x06, 0x00, 0x00, 
0x02, 0x0D, 0x00, 0x00, 0x00, 0x00, 0x00, 0x00, 0x05, 0x0A, 0x00, 0x00, 0x00, 0x00, 0x00, 0x00, 
0x7B, 0x98, 0x00, 0x00, 0x00, 0x00, 0x00, 0x40, 0xAE, 0x25, 0x00, 0x00, 0x00, 0xED, 0xC1, 0x00, 
0x00, 0x00, 0x00, 0x00, 0x96, 0xFF, 0x19, 0x00, 0x00, 0x21, 0xFF, 0x8E, 0x00, 0x00, 0x00, 0x00, 
0x00, 0xC9, 0xE5, 0x00, 0x00, 0x00, 0x54, 0xFF, 0x5A, 0x00, 0x00, 0x00, 0x00, 0x04, 0xF7, 0xB1, 
0x00, 0x00, 0x00, 0x88, 0xFF, 0x27, 0x00, 0x00, 0x00, 0x00, 0x2F, 0xFF, 0x7D, 0x00, 0x00, 0x00, 
0xBB, 0xF1, 0x01, 0x00, 0x00, 0x00, 0x00, 0x63, 0xFF, 0x49, 0x00, 0x00, 0x00, 0xED, 0xBF, 0x00, 
0x00, 0x00, 0x00, 0x00, 0x96, 0xFF, 0x16, 0x00, 0x00, 0x21, 0xFF, 0x8C, 0x00, 0x00, 0x00, 0x00, 
0x00, 0xC9, 0xE2, 0x00, 0x00, 0x00, 0x55, 0xFF, 0x58, 0x00, 0x00, 0x00, 0x00, 0x04, 0xF7, 0xAE, 
0x00, 0x00, 0x00, 0x88, 0xFF, 0x25, 0x00, 0x00, 0x00, 0x00, 0x2F, 0xFF, 0x7A, 0x00, 0x00, 0x00, 
0xBB, 0xF0, 0x01, 0x00, 0x00, 0x00, 0x00, 0x63, 0xFF, 0x46, 0x00, 0x00, 0x00, 0xED, 0xE2, 0x74, 
0x74, 0x74, 0x74, 0x74, 0xBF, 0xFF, 0x84, 0x43, 0x00, 0x0E, 0xF8, 0xFF, 0xFF, 0xFF, 0xFF, 0xFF, 
0xFF, 0xFF, 0xFF, 0xFF, 0x88, 0x00, 0x00, 0x00, 0x00, 0x00, 0x00, 0x00, 0x00, 0x00, 0x00, 0x19, 
0xFF, 0x56, 0x00, 0x00, 0x00, 0x00, 0x00, 0x00, 0x00, 0x00, 0x00, 0x00, 0x4E, 0xFF, 0x23, 0x00, 
0x00, 0x00, 0x00, 0x00, 0x00, 0x00, 0x00, 0x00, 0x00, 0x82, 0xF0, 0x01, 0x00, 0x00, 0x00, 0x00, 
0x00, 0x00, 0x00, 0x00, 0x00, 0x00, 0x30, 0x41, 0x00, 0x00, 0x00, 0x2E, 0xAE, 0x33, 0x00, 0x00, 
0x00, 0x00, 0x6F, 0xA2, 0x00, 0x7B, 0xFF, 0x2F, 0x00, 0x00, 0x00, 0x00, 0xDD, 0xCE, 0x00, 0xB1, 
0xF8, 0x05, 0x00, 0x00, 0x00, 0x11, 0xFF, 0x9A, 0x00, 0xE6, 0xCC, 0x00, 0x00, 0x00, 0x00, 0x43, 
0xFF, 0x67, 0x13, 0xFF, 0xA2, 0x00, 0x00, 0x00, 0x00, 0x76, 0xFF, 0x34, 0x1E, 0xFF, 0xAF, 0x00, 
0x00, 0x00, 0x00, 0xA9, 0xFA, 0x07, 0x03, 0xE0, 0xFE, 0x9A, 0x67, 0x63, 0x72, 0xE7, 0xCE, 0x00, 
0x00, 0x28, 0xB7, 0xF8, 0xFF, 0xFF, 0xF5, 0xFF, 0x9B, 0x00, 0x00, 0x00, 0x00, 0x00, 0x0A, 0x07, 
0x43, 0xFF, 0x68, 0x00, 0x00, 0x00, 0x00, 0x00, 0x00, 0x00, 0x76, 0xFF, 0x35, 0x00, 0x00, 0x00, 
0x00, 0x00, 0x00, 0x00, 0xA9, 0xFA, 0x07, 0x00, 0x00, 0x00, 0x00, 0x00, 0x00, 0x00, 0xDC, 0xCF, 
0x00, 0x00, 0x00, 0x00, 0x00, 0x00, 0x00, 0x0C, 0xFE, 0x98, 0x00, 0x00, 0x00, 0x00, 0x00, 0x00, 
0x00, 0x00, 0x0B, 0x02, 0x00, 0x00, 0x00, 0x00, 0x00, 0x7D, 0x93, 0x00, 0x00, 0x00, 0x00, 0x5F, 
0xAB, 0x06, 0x00, 0x00, 0x00, 0x41, 0xAE, 0x21, 0x00, 0x00, 0x00, 0xED, 0xB9, 0x00, 0x00, 0x00, 
0x00, 0xC2, 0xE5, 0x00, 0x00, 0x00, 0x00, 0x97, 0xFF, 0x12, 0x00, 0x00, 0x22, 0xFF, 0x86, 0x00, 
0x00, 0x00, 0x02, 0xF3, 0xB2, 0x00, 0x00, 0x00, 0x00, 0xCA, 0xDE, 0x00, 0x00, 0x00, 0x55, 0xFF, 
0x53, 0x00, 0x00, 0x00, 0x28, 0xFF, 0x7F, 0x00, 0x00, 0x00, 0x05, 0xF8, 0xAB, 0x00, 0x00, 0x00, 
0x88, 0xFF, 0x20, 0x00, 0x00, 0x00, 0x5B, 0xFF, 0x4B, 0x00, 0x00, 0x00, 0x31, 0xFF, 0x78, 0x00, 
0x00, 0x00, 0xBC, 0xED, 0x00, 0x00, 0x00, 0x00, 0x8E, 0xFF, 0x18, 0x00, 0x00, 0x00, 0x64, 0xFF, 
0x44, 0x00, 0x00, 0x00, 0xEE, 0xBA, 0x00, 0x00, 0x00, 0x00, 0xC1, 0xE4, 0x00, 0x00, 0x00, 0x00, 
0x97, 0xFF, 0x12, 0x00, 0x00, 0x22, 0xFF, 0x87, 0x00, 0x00, 0x00, 0x01, 0xF2, 0xB1, 0x00, 0x00, 
0x00, 0x00, 0xCB, 0xDE, 0x00, 0x00, 0x00, 0x55, 0xFF, 0x54, 0x00, 0x00, 0x00, 0x27, 0xFF, 0x7D, 
0x00, 0x00, 0x00, 0x05, 0xF8, 0xAB, 0x00, 0x00, 0x00, 0x89, 0xFF, 0x21, 0x00, 0x00, 0x00, 0x5A, 
0xFF, 0x4A, 0x00, 0x00, 0x00, 0x31, 0xFF, 0x77, 0x00, 0x00, 0x00, 0xBC, 0xEE, 0x00, 0x00, 0x00, 
0x00, 0x8D, 0xFF, 0x17, 0x00, 0x00, 0x00, 0x65, 0xFF, 0x44, 0x00, 0x00, 0x00, 0xEE, 0xDE, 0x6C, 
0x6C, 0x6C, 0x6C, 0xD4, 0xF5, 0x6C, 0x6C, 0x6C, 0x6C, 0xBD, 0xFF, 0x12, 0x00, 0x00, 0x0D, 0xF8, 
0xFF, 0xFF, 0xFF, 0xFF, 0xFF, 0xFF, 0xFF, 0xFF, 0xFF, 0xFF, 0xFF, 0xFF, 0xC1, 0x00, 0x00, 0x00, 
0x00, 0x00, 0x00, 0x7D, 0x93, 0x00, 0x00, 0x00, 0x00, 0x5F, 0xAC, 0x06, 0x00, 0x00, 0x00, 0x3F, 
0xAF, 0x21, 0x00, 0x00, 0x00, 0xED, 0xB9, 0x00, 0x00, 0x00, 0x00, 0xC2, 0xE5, 0x00, 0x00, 0x00, 
0x00, 0x97, 0xFF, 0x12, 0x00, 0x00, 0x22, 0xFF, 0x86, 0x00, 0x00, 0x00, 0x02, 0xF3, 0xB1, 0x00, 
0x00, 0x00, 0x00, 0xCA, 0xDE, 0x00, 0x00, 0x00, 0x55, 0xFF, 0x53, 0x00, 0x00, 0x00, 0x28, 0xFF, 
0x7E, 0x00, 0x00, 0x00, 0x05, 0xF8, 0xAB, 0x00, 0x00, 0x00, 0x88, 0xFF, 0x20, 0x00, 0x00, 0x00, 
0x5B, 0xFF, 0x4B, 0x00, 0x00, 0x00, 0x31, 0xFF, 0x78, 0x00, 0x00, 0x00, 0xBB, 0xED, 0x00, 0x00, 
0x00, 0x00, 0x8E, 0xFF, 0x17, 0x00, 0x00, 0x00, 0x64, 0xFF, 0x45, 0x00, 0x00, 0x00, 0xED, 0xBA, 
0x00, 0x00, 0x00, 0x00, 0xC1, 0xE4, 0x00, 0x00, 0x00, 0x00, 0x97, 0xFF, 0x13, 0x00, 0x00, 0x22, 
0xFF, 0x87, 0x00, 0x00, 0x00, 0x01, 0xF2, 0xB1, 0x00, 0x00, 0x00, 0x00, 0xCB, 0xDF, 0x00, 0x00, 
0x00, 0x55, 0xFF, 0x54, 0x00, 0x00, 0x00, 0x27, 0xFF, 0x7D, 0x00, 0x00, 0x00, 0x05, 0xF8, 0xAC, 
0x00, 0x00, 0x00, 0x88, 0xFF, 0x21, 0x00, 0x00, 0x00, 0x5A, 0xFF, 0x4A, 0x00, 0x00, 0x00, 0x31, 
0xFF, 0x79, 0x00, 0x00, 0x00, 0xBB, 0xEE, 0x00, 0x00, 0x00, 0x00, 0x8D, 0xFF, 0x17, 0x00, 0x00, 
0x00, 0x65, 0xFF, 0x46, 0x00, 0x00, 0x00, 0xED, 0xDE, 0x6C, 0x6C, 0x6C, 0x6C, 0xD4, 0xF5, 0x6C, 
0x6C, 0x6C, 0x6C, 0xBD, 0xFF, 0x7D, 0x3C, 0x00, 0x0D, 0xF8, 0xFF, 0xFF, 0xFF, 0xFF, 0xFF, 0xFF, 
0xFF, 0xFF, 0xFF, 0xFF, 0xFF, 0xFF, 0xFF, 0xFF, 0x89, 0x00, 0x00, 0x00, 0x00, 0x00, 0x00, 0x00, 
0x00, 0x00, 0x00, 0x00, 0x00, 0x00, 0x00, 0x00, 0x19, 0xFF, 0x56, 0x00, 0x00, 0x00, 0x00, 0x00, 
0x00, 0x00, 0x00, 0x00, 0x00, 0x00, 0x00, 0x00, 0x00, 0x00, 0x4C, 0xFF, 0x23, 0x00, 0x00, 0x00, 
0x00, 0x00, 0x00, 0x00, 0x00, 0x00, 0x00, 0x00, 0x00, 0x00, 0x00, 0x00, 0x7F, 0xEF, 0x01, 0x00, 
0x00, 0x00, 0x00, 0x00, 0x00, 0x00, 0x00, 0x00, 0x00, 0x00, 0x00, 0x00, 0x00, 0x00, 0x31, 0x41, 
0x00, 0x00, 0x27, 0xA3, 0xA4, 0xA4, 0xA4, 0x53, 0x00, 0x00, 0x00, 0x00, 0x00, 0x4E, 0xC8, 0xC8, 
0xD6, 0xFF, 0x7E, 0x00, 0x00, 0x00, 0x00, 0x00, 0x00, 0x00, 0x00, 0x61, 0xFF, 0x4D, 0x00, 0x00, 
0x00, 0x00, 0x00, 0x00, 0x00, 0x00, 0x94, 0xFF, 0x1B, 0x00, 0x00, 0x00, 0x00, 0x00, 0x00, 0x00, 
0x00, 0xC6, 0xE9, 0x00, 0x00, 0x00, 0x00, 0x00, 0x00, 0x00, 0x00, 0x03, 0xF5, 0xED, 0xAC, 0xAA, 
0x9E, 0x6F, 0x0F, 0x00, 0x00, 0x00, 0x2C, 0xFF, 0xD8, 0xBC, 0xBE, 0xD9, 0xFF, 0xE2, 0x1C, 0x00, 
0x00, 0x5F, 0xFF, 0x4C, 0x00, 0x00, 0x00, 0x75, 0xFF, 0x8A, 0x00, 0x00, 0x92, 0xFF, 0x19, 0x00, 
0x00, 0x00, 0x1D, 0xFF, 0xAB, 0x00, 0x00, 0xC5, 0xE6, 0x00, 0x00, 0x00, 0x00, 0x3F, 0xFF, 0x86, 
0x00, 0x03, 0xF5, 0xB3, 0x00, 0x00, 0x00, 0x05, 0xBF, 0xFC, 0x29, 0x00, 0x2B, 0xFF, 0xB8, 0x64, 
0x65, 0x7B, 0xD4, 0xFE, 0x6C, 0x00, 0x00, 0x47, 0xFF, 0xFF, 0xFF, 0xFA, 0xE4, 0xA9, 0x3D, 0x00, 
0x00, 0x00, 0x00, 0x00, 0x7C, 0x99, 0x00, 0x00, 0x00, 0x00, 0x00, 0x00, 0x00, 0x00, 0x59, 0xAD, 
0x0D, 0x00, 0x00, 0x00, 0xED, 0xC0, 0x00, 0x00, 0x00, 0x00, 0x00, 0x00, 0x00, 0x00, 0xBB, 0xF0, 
0x01, 0x00, 0x00, 0x22, 0xFF, 0x8D, 0x00, 0x00, 0x00, 0x00, 0x00, 0x00, 0x00, 0x00, 0xED, 0xBE, 
0x00, 0x00, 0x00, 0x55, 0xFF, 0x59, 0x00, 0x00, 0x00, 0x00, 0x00, 0x00, 0x00, 0x21, 0xFF, 0x8B, 
0x00, 0x00, 0x00, 0x88, 0xFF, 0x25, 0x00, 0x00, 0x00, 0x00, 0x00, 0x00, 0x00, 0x54, 0xFF, 0x58, 
0x00, 0x00, 0x00, 0xBB, 0xFF, 0xA1, 0x9F, 0x95, 0x6D, 0x11, 0x00, 0x00, 0x00, 0x88, 0xFF, 0x25, 
0x00, 0x00, 0x00, 0xED, 0xEC, 0xC4, 0xC5, 0xD9, 0xFF, 0xEC, 0x2D, 0x00, 0x00, 0xBB, 0xF1, 0x01, 
0x00, 0x00, 0x22, 0xFF, 0x8D, 0x00, 0x00, 0x00, 0x55, 0xFF, 0xB1, 0x00, 0x00, 0xED, 0xBF, 0x00, 
0x00, 0x00, 0x55, 0xFF, 0x59, 0x00, 0x00, 0x00, 0x01, 0xF4, 0xD3, 0x00, 0x21, 0xFF, 0x8C, 0x00, 
0x00, 0x00, 0x88, 0xFF, 0x25, 0x00, 0x00, 0x00, 0x18, 0xFF, 0xAD, 0x00, 0x55, 0xFF, 0x59, 0x00, 
0x00, 0x00, 0xBB, 0xF0, 0x01, 0x00, 0x00, 0x00, 0x9D, 0xFF, 0x4B, 0x00, 0x88, 0xFF, 0x26, 0x00, 
0x00, 0x00, 0xED, 0xDD, 0x64, 0x64, 0x74, 0xC5, 0xFF, 0x92, 0x00, 0x00, 0xBB, 0xF2, 0x01, 0x00, 
0x00, 0x10, 0xFA, 0xFF, 0xFF, 0xFB, 0xE9, 0xB5, 0x50, 0x00, 0x00, 0x00, 0xEA, 0xBC, 0x00, 0x00, 
0x00, 0x00, 0x00, 0x00, 0x00, 0x00, 0x00, 0x00, 0x00, 0x00, 0x00, 0x00, 0x09, 0x03, 0x00, 0x00, 
0x00, 0x00, 0x00, 0x00, 0x7B, 0x98, 0x00, 0x00, 0x00, 0x00, 0x00, 0x00, 0x00, 0x00, 0x00, 0xED, 
0xC1, 0x00, 0x00, 0x00, 0x00, 0x00, 0x00, 0x00, 0x00, 0x21, 0xFF, 0x8E, 0x00, 0x00, 0x00, 0x00, 
0x00, 0x00, 0x00, 0x00, 0x54, 0xFF, 0x5A, 0x00, 0x00, 0x00, 0x00, 0x00, 0x00, 0x00, 0x00, 0x88, 
0xFF, 0x26, 0x00, 0x00, 0x00, 0x00, 0x00, 0x00, 0x00, 0x00, 0xBB, 0xFF, 0xAD, 0xAB, 0xA4, 0x85, 
0x29, 0x00, 0x00, 0x00, 0x00, 0xED, 0xE9, 0xBC, 0xBD, 0xCB, 0xFA, 0xFC, 0x56, 0x00, 0x00, 0x21, 
0xFF, 0x8C, 0x00, 0x00, 0x00, 0x2A, 0xF8, 0xE2, 0x00, 0x00, 0x55, 0xFF, 0x58, 0x00, 0x00, 0x00, 
0x00, 0xC9, 0xFF, 0x04, 0x00, 0x88, 0xFF, 0x24, 0x00, 0x00, 0x00, 0x02, 0xE5, 0xDD, 0x00, 0x00, 
0xBB, 0xEF, 0x01, 0x00, 0x00, 0x00, 0x6E, 0xFF, 0x79, 0x00, 0x00, 0xED, 0xDD, 0x64, 0x64, 0x6F, 
0xAF, 0xFF, 0xBB, 0x05, 0x00, 0x10, 0xFA, 0xFF, 0xFF, 0xFD, 0xEF, 0xC2, 0x68, 0x03, 0x00, 0x00, 
0x00, 0x00, 0x00, 0x46, 0x9A, 0xC1, 0xC2, 0x9D, 0x37, 0x00, 0x00, 0x00, 0x00, 0x85, 0xFF, 0xD5, 
0xAC, 0xC1, 0xF8, 0xFE, 0x67, 0x00, 0x00, 0x00, 0x6B, 0x33, 0x00, 0x00, 0x00, 0x28, 0xE9, 0xF6, 
0x19, 0x00, 0x00, 0x00, 0x00, 0x00, 0x00, 0x00, 0x00, 0x77, 0xFF, 0x63, 0x00, 0x00, 0x00, 0x00, 
0x00, 0x00, 0x00, 0x00, 0x48, 0xFF, 0x84, 0x00, 0x00, 0x22, 0x40, 0x40, 0x40, 0x40, 0x40, 0x73, 
0xFF, 0x80, 0x00, 0x00, 0xC7, 0xFF, 0xFF, 0xFF, 0xFF, 0xFF, 0xFF, 0xFF, 0x5F, 0x00, 0x00, 0x1D, 
0x28, 0x28, 0x28, 0x28, 0x28, 0xBB, 0xFF, 0x29, 0x00, 0x00, 0x00, 0x00, 0x00, 0x00, 0x00, 0x0A, 
0xF0, 0xDB, 0x00, 0x00, 0x00, 0x00, 0x00, 0x00, 0x00, 0x00, 0x77, 0xFF, 0x72, 0x00, 0x2C, 0x08, 
0x00, 0x00, 0x00, 0x00, 0x46, 0xF9, 0xD3, 0x05, 0x00, 0xAA, 0xDA, 0x72, 0x49, 0x56, 0xA1, 0xFC, 
0xDA, 0x1D, 0x00, 0x00, 0x35, 0xC5, 0xFE, 0xFF, 0xFF, 0xEA, 0x80, 0x10, 0x00, 0x00, 0x00, 0x00, 
0x00, 0x0E, 0x26, 0x1C, 0x00, 0x00, 0x00, 0x00, 0x00, 0x00, 0x00, 0x00, 0x00, 0x7A, 0x98, 0x00, 
0x00, 0x00, 0x00, 0x0D, 0x6A, 0xAC, 0xCA, 0xC5, 0x93, 0x26, 0x00, 0x00, 0x00, 0x00, 0x00, 0xED, 
0xC1, 0x00, 0x00, 0x00, 0x3D, 0xE7, 0xFB, 0xC0, 0xA4, 0xC7, 0xFF, 0xF4, 0x3A, 0x00, 0x00, 0x00, 
0x21, 0xFF, 0x8C, 0x00, 0x00, 0x2E, 0xF5, 0xD9, 0x30, 0x00, 0x00, 0x00, 0x55, 0xFF, 0xCB, 0x00, 
0x00, 0x00, 0x54, 0xFF, 0x58, 0x00, 0x01, 0xCE, 0xF0, 0x1C, 0x00, 0x00, 0x00, 0x00, 0x00, 0xCD, 
0xFF, 0x12, 0x00, 0x00, 0x87, 0xFF, 0x23, 0x00, 0x4C, 0xFF, 0x71, 0x00, 0x00, 0x00, 0x00, 0x00, 
0x00, 0xA8, 0xFF, 0x27, 0x00, 0x00, 0xBA, 0xF8, 0x48, 0x48, 0xB8, 0xFA, 0x14, 0x00, 0x00, 0x00, 
0x00, 0x00, 0x00, 0xAF, 0xFF, 0x1F, 0x00, 0x00, 0xEC, 0xFF, 0xFF, 0xFF, 0xFF, 0xCB, 0x00, 0x00, 
0x00, 0x00, 0x00, 0x00, 0x00, 0xD0, 0xFA, 0x05, 0x00, 0x20, 0xFF, 0x99, 0x28, 0x3B, 0xFF, 0xA0, 
0x00, 0x00, 0x00, 0x00, 0x00, 0x00, 0x0D, 0xFB, 0xCA, 0x00, 0x00, 0x53, 0xFF, 0x57, 0x00, 0x2C, 
0xFF, 0x90, 0x00, 0x00, 0x00, 0x00, 0x00, 0x00, 0x63, 0xFF, 0x77, 0x00, 0x00, 0x86, 0xFF, 0x24, 
0x00, 0x24, 0xFF, 0xA3, 0x00, 0x00, 0x00, 0x00, 0x00, 0x09, 0xD9, 0xF4, 0x13, 0x00, 0x00, 0xB9, 
0xF0, 0x01, 0x00, 0x04, 0xF2, 0xEC, 0x0E, 0x00, 0x00, 0x00, 0x08, 0xA6, 0xFF, 0x6F, 0x00, 0x00, 
0x00, 0xEB, 0xBF, 0x00, 0x00, 0x00, 0x87, 0xFF, 0xD7, 0x6A, 0x4B, 0x69, 0xD4, 0xFF, 0x91, 0x00, 
0x00, 0x00, 0x1B, 0xFF, 0x88, 0x00, 0x00, 0x00, 0x04, 0x87, 0xF2, 0xFF, 0xFF, 0xFE, 0xC5, 0x4F, 
0x00, 0x00, 0x00, 0x00, 0x00, 0x0C, 0x01, 0x00, 0x00, 0x00, 0x00, 0x00, 0x04, 0x24, 0x25, 0x07, 
0x00, 0x00, 0x00, 0x00, 0x00, 0x00, 0x00, 0x00, 0x00, 0x00, 0x00, 0x12, 0x62, 0x92, 0xA2, 0xA4, 
0xA4, 0x86, 0x00, 0x00, 0x00, 0x00, 0x5A, 0xF2, 0xFD, 0xDD, 0xC2, 0xC0, 0xFC, 0xD0, 0x00, 0x00, 
0x00, 0x2F, 0xFC, 0xD9, 0x2D, 0x00, 0x00, 0x12, 0xFF, 0x9D, 0x00, 0x00, 0x00, 0x91, 0xFF, 0x47, 
0x00, 0x00, 0x00, 0x45, 0xFF, 0x69, 0x00, 0x00, 0x00, 0xB0, 0xFF, 0x20, 0x00, 0x00, 0x00, 0x77, 
0xFF, 0x36, 0x00, 0x00, 0x00, 0x7F, 0xFF, 0x99, 0x0C, 0x00, 0x00, 0xAA, 0xFB, 0x08, 0x00, 0x00, 
0x00, 0x08, 0x93, 0xF8, 0xFC, 0xE6, 0xE4, 0xF9, 0xD0, 0x00, 0x00, 0x00, 0x00, 0x09, 0xB4, 0xFE, 
0xB3, 0x82, 0x89, 0xFF, 0x9C, 0x00, 0x00, 0x00, 0x00, 0x9E, 0xFE, 0x53, 0x00, 0x00, 0x41, 0xFF, 
0x69, 0x00, 0x00, 0x00, 0x3E, 0xFF, 0x9C, 0x00, 0x00, 0x00, 0x74, 0xFF, 0x36, 0x00, 0x00, 0x02, 
0xCE, 0xF4, 0x18, 0x00, 0x00, 0x00, 0xA8, 0xFB, 0x07, 0x00, 0x00, 0x62, 0xFF, 0x81, 0x00, 0x00, 
0x00, 0x00, 0xDC, 0xCF, 0x00, 0x00, 0x02, 0xE5, 0xE4, 0x0D, 0x00, 0x00, 0x00, 0x0C, 0xFE, 0x98, 
0x00, 0x00, 0x00, 0x0A, 0x04, 0x00, 0x00, 0x00, 0x00, 0x00, 0x0B, 0x01, 0x00, 0x00, 0x00, 0x00, 
0x00, 0x07, 0x53, 0x70, 0x45, 0x00, 0x31, 0x35, 0x00, 0x00, 0x22, 0xD0, 0xFF, 0xF3, 0xFF, 0xAE, 
0xE0, 0x93, 0x00, 0x08, 0xD2, 0xEA, 0x3A, 0x00, 0x36, 0xE6, 0xFF, 0x60, 0x00, 0x6C, 0xFF, 0x56, 
0x00, 0x00, 0x00, 0x75, 0xFF, 0x2D, 0x00, 0xCD, 0xE5, 0x02, 0x00, 0x00, 0x00, 0xA1, 0xF6, 0x04, 
0x0D, 0xFD, 0xA3, 0x00, 0x00, 0x00, 0x03, 0xE8, 0xC7, 0x00, 0x2A, 0xFF, 0x82, 0x00, 0x00, 0x00, 
0x50, 0xFF, 0x95, 0x00, 0x28, 0xFF, 0x8C, 0x00, 0x00, 0x16, 0xE3, 0xFF, 0x62, 0x00, 0x07, 0xEE, 
0xE7, 0x49, 0x55, 0xE1, 0xCB, 0xFF, 0x2F, 0x00, 0x00, 0x59, 0xF9, 0xFF, 0xF1, 0x79, 0x72, 0xF2, 
0x04, 0x00, 0x00, 0x00, 0x0F, 0x26, 0x05, 0x00, 0x03, 0x06, 0x00, 0x00, 0x00, 0x00, 0x00, 0x00, 
0x00, 0x00, 0x25, 0x4F, 0x78, 0x98, 0x00, 0x00, 0x00, 0x2C, 0xA2, 0xE8, 0xFF, 0xFF, 0xF7, 0xB0, 
0x00, 0x00, 0x4E, 0xF8, 0xE7, 0x90, 0x4C, 0x23, 0x02, 0x00, 0x00, 0x1E, 0xF1, 0xB4, 0x0F, 0x00, 
0x00, 0x00, 0x00, 0x00, 0x00, 0x96, 0xEF, 0x11, 0x32, 0x5B, 0x4D, 0x0A, 0x00, 0x00, 0x08, 0xF3, 
0xA8, 0xC8, 0xFF, 0xFA, 0xFF, 0xDE, 0x23, 0x00, 0x4C, 0xFF, 0xF7, 0x8D, 0x14, 0x04, 0x65, 0xFF, 
0xA1, 0x00, 0x8C, 0xFF, 0x8F, 0x00, 0x00, 0x00, 0x00, 0xE8, 0xD0, 0x00, 0xC0, 0xF9, 0x11, 0x00, 
0x00, 0x00, 0x00, 0xE1, 0xC9, 0x00, 0xE4, 0xC6, 0x00, 0x00, 0x00, 0x00, 0x06, 0xFD, 0xA4, 0x00, 
0xF3, 0xB1, 0x00, 0x00, 0x00, 0x00, 0x56, 0xFF, 0x5B, 0x00, 0xE0, 0xD1, 0x00, 0x00, 0x00, 0x11, 
0xD6, 0xDC, 0x06, 0x00, 0x95, 0xFF, 0x84, 0x32, 0x4D, 0xD2, 0xF3, 0x38, 0x00, 0x00, 0x14, 0xBD, 
0xFF, 0xFF, 0xFE, 0xBC, 0x2F, 0x00, 0x00, 0x00, 0x00, 0x00, 0x16, 0x28, 0x09, 0x00, 0x00, 0x00, 
0x00, 0x00, 0x00, 0x00, 0x00, 0x02, 0x41, 0x6D, 0x62, 0x26, 0x00, 0x00, 0x00, 0x1D, 0xBF, 0xFA, 
0xCE, 0xE2, 0xFD, 0x68, 0x00, 0x06, 0xD1, 0xD8, 0x23, 0x00, 0x03, 0xD5, 0xD4, 0x00, 0x72, 0xFF, 
0x35, 0x00, 0x00, 0x0A, 0xE3, 0xAC, 0x00, 0xD5, 0xF0, 0x7C, 0x7C, 0x8D, 0xD9, 0xB7, 0x19, 0x15, 
0xFF, 0xD1, 0xA0, 0xA2, 0xBC, 0xFB, 0xBA, 0x0C, 0x3B, 0xFF, 0x6C, 0x00, 0x00, 0x00, 0x5F, 0xFF, 
0x5C, 0x3C, 0xFF, 0x74, 0x00, 0x00, 0x00, 0x62, 0xFF, 0x4C, 0x10, 0xF1, 0xD9, 0x34, 0x1B, 0x55, 
0xE9, 0xD7, 0x05, 0x00, 0x4D, 0xE8, 0xFF, 0xFF, 0xF9, 0xAA, 0x1B, 0x00, 0x00, 0x00, 0x03, 0x25, 
0x26, 0x0A, 0x00, 0x00, 0x00, 0x00, 0x00, 0x0A, 0x4D, 0x70, 0x5F, 0x1B, 0x00, 0x00, 0x07, 0xDF, 
0xF7, 0xDC, 0xF7, 0xF8, 0x45, 0x00, 0x13, 0x5D, 0x08, 0x00, 0x1A, 0xF7, 0xB4, 0x00, 0x00, 0x00, 
0x00, 0x00, 0x22, 0xFA, 0xA0, 0x00, 0x00, 0x00, 0x36, 0x91, 0xF3, 0xE1, 0x20, 0x00, 0x44, 0xD5, 
0xFF, 0xD4, 0x76, 0x0E, 0x00, 0x3E, 0xFD, 0xBF, 0x30, 0x00, 0x00, 0x00, 0x00, 0x9E, 0xFF, 0x11, 
0x00, 0x00, 0x00, 0x00, 0x00, 0x94, 0xFF, 0x7C, 0x32, 0x45, 0x89, 0xAA, 0x00, 0x17, 0xC3, 0xFF, 
0xFF, 0xFF, 0xE1, 0x55, 0x00, 0x00, 0x00, 0x14, 0x2A, 0x19, 0x00, 0x00, 0x00, 0x00, 0x00, 0x00, 
0x00, 0x49, 0x93, 0x6F, 0x1C, 0x00, 0x00, 0x00, 0x00, 0x00, 0x00, 0x80, 0xDF, 0xFF, 0xF8, 0x5A, 
0x00, 0x00, 0x00, 0x00, 0x00, 0x00, 0x00, 0x31, 0xDF, 0xF8, 0x1F, 0x00, 0x00, 0x00, 0x00, 0x00, 
0x00, 0x00, 0x4D, 0xFF, 0x7B, 0x00, 0x00, 0x00, 0x02, 0x46, 0x68, 0x46, 0x04, 0xF6, 0xAC, 0x00, 
0x00, 0x21, 0xC9, 0xFF, 0xF9, 0xFF, 0xB6, 0xDB, 0xBC, 0x00, 0x0A, 0xD4, 0xEC, 0x46, 0x00, 0x3B, 
0xF5, 0xFC, 0xB4, 0x00, 0x72, 0xFF, 0x52, 0x00, 0x00, 0x00, 0x9F, 0xFF, 0x97, 0x00, 0xD5, 0xDE, 
0x01, 0x00, 0x00, 0x00, 0x7C, 0xFF, 0x67, 0x13, 0xFF, 0x9C, 0x00, 0x00, 0x00, 0x00, 0x92, 0xFF, 
0x26, 0x2F, 0xFF, 0x7E, 0x00, 0x00, 0x00, 0x02, 0xDC, 0xCF, 0x00, 0x26, 0xFF, 0x95, 0x00, 0x00, 
0x00, 0x70, 0xFF, 0x4F, 0x00, 0x05, 0xE3, 0xF1, 0x5A, 0x41, 0x92, 0xFD, 0x95, 0x00, 0x00, 0x00, 
0x3F, 0xE5, 0xFF, 0xFF, 0xEB, 0x6D, 0x02, 0x00, 0x00, 0x00, 0x00, 0x04, 0x27, 0x24, 0x03, 0x00, 
0x00, 0x00, 0x00, 0x00, 0x00, 0x00, 0x00, 0x37, 0x6C, 0x6E, 0x2F, 0x00, 0x00, 0x00, 0x00, 0x16, 
0xB5, 0xFF, 0xDF, 0xE7, 0xFE, 0x78, 0x00, 0x00, 0x07, 0xC8, 0xE5, 0x35, 0x00, 0x03, 0xC2, 0xF4, 
0x01, 0x00, 0x6A, 0xFF, 0x47, 0x00, 0x00, 0x0C, 0xD3, 0xE4, 0x00, 0x00, 0xD3, 0xF5, 0x7C, 0x82, 
0x9F, 0xE6, 0xEE, 0x47, 0x00, 0x16, 0xFF, 0xD8, 0xAF, 0xA6, 0x8F, 0x5C, 0x0D, 0x00, 0x00, 0x35, 
0xFF, 0x6E, 0x00, 0x00, 0x00, 0x00, 0x00, 0x00, 0x00, 0x2B, 0xFF, 0x82, 0x00, 0x00, 0x00, 0x00, 
0x00, 0x00, 0x00, 0x06, 0xE5, 0xEA, 0x4E, 0x22, 0x35, 0x6F, 0x57, 0x00, 0x00, 0x00, 0x3E, 0xDC, 
0xFF, 0xFF, 0xFF, 0xD9, 0x39, 0x00, 0x00, 0x00, 0x00, 0x01, 0x19, 0x2A, 0x12, 0x00, 0x00, 0x00, 
0x00, 0x00, 0x00, 0x0A, 0x63, 0x5B, 0x04, 0x00, 0x00, 0x0A, 0x53, 0x1D, 0x00, 0x00, 0x01, 0x4A, 
0x6E, 0x1E, 0x00, 0x00, 0x72, 0xEF, 0xFF, 0x94, 0x00, 0x00, 0x50, 0xFF, 0x4B, 0x00, 0x04, 0xA7, 
0xFF, 0xF0, 0x6B, 0x00, 0x00, 0x0A, 0x00, 0xBD, 0xEA, 0x00, 0x00, 0x83, 0xFF, 0x18, 0x00, 0x73, 
0xFE, 0x53, 0x02, 0x03, 0x00, 0x00, 0x00, 0x00, 0x93, 0xFF, 0x05, 0x00, 0xB6, 0xE5, 0x00, 0x03, 
0xEB, 0xB1, 0x00, 0x00, 0x00, 0x00, 0x00, 0x00, 0x00, 0x96, 0xFF, 0x73, 0x70, 0xEC, 0xDA, 0x70, 
0x8B, 0xFF, 0x59, 0x00, 0x00, 0x00, 0x00, 0x00, 0x00, 0x00, 0xBB, 0xF6, 0xD4, 0xDB, 0xFF, 0xE5, 
0xD4, 0xEA, 0xFF, 0x24, 0x00, 0x00, 0x00, 0x00, 0x00, 0x00, 0x05, 0xF2, 0x9C, 0x00, 0x4B, 0xFF, 
0x49, 0x00, 0x92, 0xFF, 0x09, 0x00, 0x00, 0x00, 0x00, 0x00, 0x00, 0x5E, 0xFF, 0x45, 0x00, 0x7F, 
0xFF, 0x16, 0x00, 0x8E, 0xFF, 0x0D, 0x00, 0x00, 0x00, 0x00, 0x46, 0x53, 0xEE, 0xBD, 0x00, 0x00, 
0xB3, 0xE3, 0x00, 0x00, 0x6B, 0xFF, 0x6C, 0x52, 0x00, 0x00, 0x0F, 0xFC, 0xFF, 0xBD, 0x10, 0x00, 
0x00, 0xE4, 0xAD, 0x00, 0x00, 0x12, 0xDB, 0xFF, 0xD8, 0x00, 0x00, 0x00, 0x18, 0x1F, 0x00, 0x00, 
0x00, 0x00, 0x09, 0x03, 0x00, 0x00, 0x00, 0x04, 0x27, 0x0A, 0x00, 0x00, 0x00, 0x00, 0x08, 0x48, 
0x6E, 0x64, 0x25, 0x00, 0x00, 0x30, 0xED, 0xF1, 0xD3, 0xF3, 0xFD, 0x58, 0x00, 0x44, 0x4C, 0x03, 
0x00, 0x14, 0xF6, 0xB8, 0x00, 0x00, 0x00, 0x00, 0x00, 0x21, 0xFD, 0x85, 0x00, 0x00, 0x52, 0x6D, 
0x8E, 0xE8, 0xA6, 0x09, 0x00, 0x01, 0xCB, 0xD5, 0xF3, 0xEF, 0x75, 0x00, 0x00, 0x00, 0x00, 0x00, 
0x08, 0xB5, 0xFF, 0x26, 0x00, 0x00, 0x00, 0x00, 0x00, 0x9B, 0xFF, 0x22, 0xAA, 0x59, 0x1F, 0x27, 
0x79, 0xFC, 0xB5, 0x00, 0x97, 0xF9, 0xFF, 0xFF, 0xF2, 0x91, 0x0C, 0x00, 0x00, 0x09, 0x29, 0x24, 
0x03, 0x00, 0x00, 0x00, 0x00, 0x2E, 0x4B, 0x00, 0x00, 0x00, 0x00, 0x44, 0x35, 0x00, 0xC8, 0xD8, 
0x00, 0x00, 0x00, 0x0A, 0xFD, 0x97, 0x03, 0xF6, 0xA5, 0x00, 0x00, 0x00, 0x3A, 0xFF, 0x64, 0x2C, 
0xFF, 0x72, 0x00, 0x00, 0x00, 0x6D, 0xFF, 0x30, 0x5E, 0xFF, 0x40, 0x00, 0x00, 0x00, 0x9F, 0xF8, 
0x05, 0x90, 0xFE, 0x0F, 0x00, 0x00, 0x03, 0xE8, 0xCA, 0x00, 0xC0, 0xDD, 0x00, 0x00, 0x00, 0x52, 
0xFF, 0x96, 0x00, 0xE1, 0xC8, 0x00, 0x00, 0x16, 0xE4, 0xFF, 0x63, 0x00, 0xCD, 0xF4, 0x4B, 0x55, 
0xE1, 0xC9, 0xFF, 0x2F, 0x00, 0x52, 0xF7, 0xFF, 0xF3, 0x7C, 0x6B, 0xF4, 0x04, 0x00, 0x00, 0x0B, 
0x25, 0x06, 0x00, 0x03, 0x08, 0x00, 0x00, 0x00, 0x00, 0x27, 0x82, 0x08, 0x00, 0x00, 0x66, 0x50, 
0x00, 0x00, 0x63, 0xFF, 0x1E, 0x00, 0x2D, 0xFD, 0x78, 0x00, 0x00, 0x21, 0xF3, 0xE0, 0xB8, 0xF5, 
0xC4, 0x0A, 0x00, 0x00, 0x00, 0x1B, 0x68, 0x76, 0x4C, 0x03, 0x00, 0x00, 0x2E, 0x4B, 0x00, 0x00, 
0x00, 0x00, 0x44, 0x35, 0x00, 0xC8, 0xD8, 0x00, 0x00, 0x00, 0x0A, 0xFD, 0x97, 0x03, 0xF6, 0xA5, 
0x00, 0x00, 0x00, 0x3A, 0xFF, 0x64, 0x2C, 0xFF, 0x72, 0x00, 0x00, 0x00, 0x6D, 0xFF, 0x30, 0x5E, 
0xFF, 0x40, 0x00, 0x00, 0x00, 0x9F, 0xF8, 0x05, 0x90, 0xFE, 0x0F, 0x00, 0x00, 0x03, 0xE8, 0xCA, 
0x00, 0xC0, 0xDD, 0x00, 0x00, 0x00, 0x52, 0xFF, 0x96, 0x00, 0xE1, 0xC8, 0x00, 0x00, 0x16, 0xE4, 
0xFF, 0x63, 0x00, 0xCD, 0xF4, 0x4B, 0x55, 0xE1, 0xC9, 0xFF, 0x2F, 0x00, 0x52, 0xF7, 0xFF, 0xF3, 
0x7C, 0x6B, 0xF4, 0x04, 0x00, 0x00, 0x0B, 0x25, 0x06, 0x00, 0x03, 0x08, 0x00, 0x00, 0x00, 0x00, 
0x2A, 0x50, 0x00, 0x00, 0x00, 0x1B, 0x55, 0x11, 0x00, 0x00, 0xB8, 0xE4, 0x00, 0x00, 0x02, 0xCE, 
0xE4, 0x0D, 0x00, 0x00, 0xEB, 0xB1, 0x00, 0x00, 0x69, 0xFF, 0x50, 0x00, 0x00, 0x1F, 0xFF, 0x7D, 
0x00, 0x25, 0xF1, 0xA8, 0x00, 0x00, 0x00, 0x52, 0xFF, 0xA0, 0x86, 0xEA, 0xB7, 0x0C, 0x00, 0x00, 
0x00, 0x86, 0xFF, 0xDD, 0xF5, 0xEB, 0x3A, 0x00, 0x00, 0x00, 0x00, 0xB9, 0xE3, 0x00, 0x0C, 0xCE, 
0xE8, 0x06, 0x00, 0x00, 0x00, 0xEC, 0xB0, 0x00, 0x00, 0x68, 0xFF, 0x44, 0x00, 0x00, 0x21, 0xFF, 
0x7E, 0x00, 0x00, 0x30, 0xFF, 0x82, 0x00, 0x00, 0x50, 0xFF, 0x47, 0x00, 0x00, 0x04, 0xF3, 0xB6, 
0x00, 0x00, 0x00, 0x0B, 0x00, 0x00, 0x00, 0x00, 0x08, 0x06, 0x00, 0x00, 0x00, 0x00, 0x00, 0x00, 
0x00, 0x00, 0x04, 0x32, 0x49, 0x4C, 0x1D, 0x00, 0x00, 0x00, 0x00, 0x05, 0x82, 0xF0, 0xFF, 0xFF, 
0xFF, 0x7E, 0x00, 0x00, 0x00, 0x00, 0xAB, 0xFD, 0x89, 0x30, 0x64, 0xFF, 0x4E, 0x00, 0x00, 0x00, 
0x4C, 0xFF, 0x74, 0x00, 0x00, 0x85, 0xFF, 0x1A, 0x00, 0x00, 0x00, 0xAB, 0xE7, 0x05, 0x00, 0x00, 
0xB8, 0xE7, 0x00, 0x00, 0x00, 0x07, 0xF4, 0x98, 0x00, 0x00, 0x00, 0xEA, 0xB4, 0x00, 0x00, 0x00, 
0x3F, 0xFF, 0x56, 0x00, 0x00, 0x1E, 0xFF, 0x81, 0x00, 0x00, 0x00, 0x8D, 0xFA, 0x12, 0x00, 0x00, 
0x51, 0xFF, 0x4E, 0x00, 0x1D, 0x71, 0xF6, 0xAA, 0x00, 0x00, 0x00, 0x84, 0xFF, 0x1B, 0x00, 0x9C, 
0xFF, 0xDA, 0x1F, 0x00, 0x00, 0x00, 0xB3, 0xE4, 0x00, 0x00, 0x19, 0x22, 0x01, 0x00, 0x00, 0x00, 
0x00, 0x06, 0x06, 0x00, 0x00, 0x00, 0x00, 0x00, 0x3A, 0x3E, 0x02, 0x00, 0x00, 0x00, 0x00, 0x30, 
0x46, 0x0E, 0x00, 0x00, 0x4B, 0xFF, 0xFF, 0x4C, 0x00, 0x00, 0x00, 0x51, 0xFF, 0xFF, 0x60, 0x00, 
0x00, 0xA2, 0xDD, 0xEC, 0x78, 0x00, 0x00, 0x05, 0xDB, 0xC6, 0xFF, 0x50, 0x00, 0x04, 0xEE, 0x95, 
0xD0, 0x9E, 0x00, 0x00, 0x6C, 0xF5, 0x69, 0xFF, 0x3C, 0x00, 0x44, 0xFF, 0x48, 0xAE, 0xC5, 0x00, 
0x0C, 0xE9, 0x82, 0x6C, 0xFF, 0x28, 0x00, 0x95, 0xF0, 0x06, 0x8A, 0xEA, 0x00, 0x83, 0xE9, 0x0D, 
0x80, 0xFF, 0x13, 0x01, 0xE5, 0xA5, 0x00, 0x66, 0xFF, 0x1F, 0xF5, 0x69, 0x00, 0x93, 0xFD, 0x02, 
0x38, 0xFF, 0x53, 0x00, 0x42, 0xFF, 0xAD, 0xD8, 0x04, 0x00, 0xA5, 0xEB, 0x00, 0x89, 0xF6, 0x0B, 
0x00, 0x1E, 0xFF, 0xFF, 0x50, 0x00, 0x00, 0xB8, 0xD7, 0x00, 0xD6, 0xAD, 0x00, 0x00, 0x01, 0xF4, 
0xBF, 0x00, 0x00, 0x00, 0xC9, 0xBB, 0x00, 0x0A, 0x03, 0x00, 0x00, 0x00, 0x09, 0x02, 0x00, 0x00, 
0x00, 0x09, 0x04, 0x00, 0x00, 0x00, 0x29, 0x4E, 0x00, 0x00, 0x00, 0x00, 0x2E, 0x49, 0x00, 0x00, 
0xB7, 0xE4, 0x00, 0x00, 0x00, 0x00, 0xC7, 0xD4, 0x00, 0x00, 0xEA, 0xB0, 0x00, 0x00, 0x00, 0x03, 
0xF5, 0xA1, 0x00, 0x1D, 0xFF, 0x7D, 0x00, 0x00, 0x00, 0x2C, 0xFF, 0x6E, 0x00, 0x50, 0xFF, 0xA3, 
0x74, 0x74, 0x74, 0xA1, 0xFF, 0x3B, 0x00, 0x83, 0xFF, 0xE4, 0xE4, 0xE4, 0xE4, 0xF6, 0xFD, 0x0B, 
0x00, 0xB6, 0xE4, 0x00, 0x00, 0x00, 0x00, 0xC7, 0xD5, 0x00, 0x00, 0xE9, 0xB1, 0x00, 0x00, 0x00, 
0x03, 0xF6, 0xA2, 0x00, 0x1C, 0xFF, 0x7F, 0x00, 0x00, 0x00, 0x2D, 0xFF, 0x6F, 0x00, 0x4B, 0xFF, 
0x48, 0x00, 0x00, 0x00, 0x5B, 0xFF, 0x39, 0x00, 0x01, 0x0C, 0x00, 0x00, 0x00, 0x00, 0x02, 0x0B, 
0x00, 0x00, 0x00, 0x00, 0x00, 0x00, 0x39, 0x6E, 0x6E, 0x39, 0x00, 0x00, 0x00, 0x00, 0x18, 0xBC, 
0xFF, 0xF1, 0xF8, 0xFF, 0xA3, 0x00, 0x00, 0x08, 0xD1, 0xEC, 0x48, 0x01, 0x07, 0xA6, 0xFF, 0x48, 
0x00, 0x76, 0xFF, 0x4C, 0x00, 0x00, 0x00, 0x37, 0xFF, 0x7C, 0x00, 0xDB, 0xD3, 0x00, 0x00, 0x00, 
0x00, 0x34, 0xFF, 0x7C, 0x1B, 0xFF, 0x92, 0x00, 0x00, 0x00, 0x00, 0x59, 0xFF, 0x5A, 0x34, 0xFF, 
0x79, 0x00, 0x00, 0x00, 0x00, 0xA6, 0xFC, 0x15, 0x24, 0xFF, 0x93, 0x00, 0x00, 0x00, 0x35, 0xFA, 
0x9D, 0x00, 0x03, 0xDB, 0xF3, 0x5E, 0x32, 0x69, 0xED, 0xD6, 0x14, 0x00, 0x00, 0x34, 0xD4, 0xFF, 
0xFF, 0xFB, 0x9E, 0x16, 0x00, 0x00, 0x00, 0x00, 0x00, 0x1E, 0x2A, 0x0D, 0x00, 0x00, 0x00, 0x00, 
0x00, 0x00, 0x1A, 0x48, 0x48, 0x48, 0x48, 0x48, 0x48, 0x2C, 0x00, 0x00, 0xB4, 0xFF, 0xFF, 0xFF, 
0xFF, 0xFF, 0xFF, 0xB1, 0x00, 0x00, 0xEA, 0xB9, 0x14, 0x14, 0x14, 0x2D, 0xFF, 0x81, 0x00, 0x1D, 
0xFF, 0x82, 0x00, 0x00, 0x00, 0x4D, 0xFF, 0x4E, 0x00, 0x50, 0xFF, 0x4E, 0x00, 0x00, 0x00, 0x80, 
0xFF, 0x1B, 0x00, 0x83, 0xFF, 0x1B, 0x00, 0x00, 0x00, 0xB3, 0xE8, 0x00, 0x00, 0xB6, 0xE7, 0x00, 
0x00, 0x00, 0x00, 0xE6, 0xB5, 0x00, 0x00, 0xE9, 0xB3, 0x00, 0x00, 0x00, 0x19, 0xFF, 0x82, 0x00, 
0x1C, 0xFF, 0x80, 0x00, 0x00, 0x00, 0x4C, 0xFF, 0x4F, 0x00, 0x4B, 0xFF, 0x48, 0x00, 0x00, 0x00, 
0x7B, 0xFD, 0x1B, 0x00, 0x01, 0x0C, 0x00, 0x00, 0x00, 0x00, 0x03, 0x09, 0x00, 0x00, 0x00, 0x00, 
0x00, 0x25, 0x41, 0x00, 0x23, 0x65, 0x58, 0x0E, 0x00, 0x00, 0x00, 0x00, 0xB4, 0xB9, 0x85, 0xFB, 
0xF3, 0xFF, 0xD7, 0x09, 0x00, 0x00, 0x00, 0xE7, 0xE8, 0xDD, 0x33, 0x00, 0x83, 0xFF, 0x5B, 0x00, 
0x00, 0x1B, 0xFF, 0xF2, 0x1F, 0x00, 0x00, 0x31, 0xFF, 0x7F, 0x00, 0x00, 0x4F, 0xFF, 0x7A, 0x00, 
0x00, 0x00, 0x36, 0xFF, 0x76, 0x00, 0x00, 0x82, 0xFF, 0x21, 0x00, 0x00, 0x00, 0x62, 0xFF, 0x4C, 
0x00, 0x00, 0xB5, 0xE3, 0x00, 0x00, 0x00, 0x00, 0xB1, 0xF7, 0x0F, 0x00, 0x00, 0xE8, 0xD4, 0x02, 
0x00, 0x00, 0x33, 0xFD, 0x9A, 0x00, 0x00, 0x1C, 0xFF, 0xFF, 0xAE, 0x3F, 0x5D, 0xE8, 0xE6, 0x14, 
0x00, 0x00, 0x4F, 0xFF, 0x7C, 0xDE, 0xFF, 0xFF, 0xC5, 0x24, 0x00, 0x00, 0x00, 0x83, 0xFF, 0x15, 
0x02, 0x26, 0x1D, 0x00, 0x00, 0x00, 0x00, 0x00, 0xB6, 0xE3, 0x00, 0x00, 0x00, 0x00, 0x00, 0x00, 
0x00, 0x00, 0x00, 0xE9, 0xB1, 0x00, 0x00, 0x00, 0x00, 0x00, 0x00, 0x00, 0x00, 0x05, 0x8A, 0x44, 
0x00, 0x00, 0x00, 0x00, 0x00, 0x00, 0x00, 0x00, 0x00, 0x00, 0x00, 0x03, 0x49, 0x70, 0x60, 0x18, 
0x00, 0x00, 0x00, 0x23, 0xC9, 0xFF, 0xEC, 0xFE, 0xF5, 0x32, 0x00, 0x0C, 0xD7, 0xE4, 0x38, 0x00, 
0x14, 0x9A, 0x26, 0x00, 0x78, 0xFF, 0x43, 0x00, 0x00, 0x00, 0x00, 0x00, 0x00, 0xDC, 0xD4, 0x00, 
0x00, 0x00, 0x00, 0x00, 0x00, 0x19, 0xFF, 0x93, 0x00, 0x00, 0x00, 0x00, 0x00, 0x00, 0x37, 0xFF, 
0x75, 0x00, 0x00, 0x00, 0x00, 0x00, 0x00, 0x2F, 0xFF, 0x8E, 0x00, 0x00, 0x00, 0x13, 0x02, 0x00, 
0x09, 0xED, 0xF1, 0x61, 0x44, 0x7D, 0xEA, 0x09, 0x00, 0x00, 0x4E, 0xEB, 0xFF, 0xFF, 0xE1, 0x60, 
0x00, 0x00, 0x00, 0x00, 0x03, 0x21, 0x1E, 0x00, 0x00, 0x00, 0x00, 0x00, 0x00, 0x29, 0x40, 0x00, 
0x24, 0x67, 0x5A, 0x08, 0x00, 0x01, 0x44, 0x6C, 0x3A, 0x00, 0x00, 0x00, 0xB4, 0xB5, 0x85, 0xFB, 
0xF3, 0xFF, 0xB7, 0x1A, 0xC7, 0xF9, 0xF9, 0xFF, 0x5B, 0x00, 0x00, 0xE7, 0xE7, 0xDD, 0x31, 0x01, 
0xBF, 0xFD, 0xD1, 0xA1, 0x0D, 0x20, 0xFF, 0xB1, 0x00, 0x1B, 0xFF, 0xF2, 0x1F, 0x00, 0x00, 0x8F, 
0xFF, 0xB2, 0x00, 0x00, 0x00, 0xEE, 0xB3, 0x00, 0x4E, 0xFF, 0x7A, 0x00, 0x00, 0x00, 0xB1, 0xFE, 
0x20, 0x00, 0x00, 0x0E, 0xFF, 0x8E, 0x00, 0x82, 0xFF, 0x23, 0x00, 0x00, 0x00, 0xE4, 0xC5, 0x00, 
0x00, 0x00, 0x41, 0xFF, 0x5B, 0x00, 0xB5, 0xE5, 0x00, 0x00, 0x00, 0x17, 0xFF, 0x85, 0x00, 0x00, 
0x00, 0x74, 0xFF, 0x28, 0x00, 0xE8, 0xB2, 0x00, 0x00, 0x00, 0x4A, 0xFF, 0x52, 0x00, 0x00, 0x00, 
0xA8, 0xF2, 0x01, 0x1C, 0xFF, 0x7F, 0x00, 0x00, 0x00, 0x7C, 0xFF, 0x1F, 0x00, 0x00, 0x00, 0xDC, 
0xC0, 0x00, 0x4B, 0xFF, 0x48, 0x00, 0x00, 0x00, 0xAB, 0xE8, 0x00, 0x00, 0x00, 0x0C, 0xFE, 0x89, 
0x00, 0x01, 0x0C, 0x00, 0x00, 0x00, 0x00, 0x06, 0x06, 0x00, 0x00, 0x00, 0x00, 0x0B, 0x01, 0x00, 
0x00, 0x39, 0x40, 0x00, 0x00, 0x00, 0x00, 0x26, 0x52, 0x03, 0x00, 0xB8, 0xEF, 0x00, 0x00, 0x00, 
0x00, 0xC8, 0xE9, 0x03, 0x00, 0x8D, 0xFF, 0x18, 0x00, 0x00, 0x20, 0xFF, 0x8E, 0x00, 0x00, 0x62, 
0xFF, 0x41, 0x00, 0x00, 0x84, 0xFE, 0x29, 0x00, 0x00, 0x37, 0xFF, 0x6A, 0x00, 0x07, 0xE9, 0xB6, 
0x00, 0x00, 0x00, 0x0C, 0xFE, 0x93, 0x00, 0x6D, 0xFF, 0x3C, 0x00, 0x00, 0x00, 0x00, 0xE0, 0xBC, 
0x0C, 0xE5, 0xB2, 0x00, 0x00, 0x00, 0x00, 0x00, 0xB5, 0xE4, 0x91, 0xFA, 0x29, 0x00, 0x00, 0x00, 
0x00, 0x00, 0x89, 0xFF, 0xFD, 0x82, 0x00, 0x00, 0x00, 0x00, 0x00, 0x00, 0x5E, 0xFF, 0xCA, 0x04, 
0x00, 0x00, 0x00, 0x00, 0x00, 0x00, 0xAB, 0xF1, 0x22, 0x00, 0x00, 0x00, 0x00, 0x00, 0x00, 0x74, 
0xFF, 0x59, 0x00, 0x00, 0x00, 0x00, 0x00, 0x00, 0x3F, 0xFB, 0x9D, 0x00, 0x00, 0x00, 0x00, 0x00, 
0x00, 0x00, 0x62, 0x7F, 0x0A, 0x00, 0x00, 0x00, 0x00, 0x00, 0x00, 0x00, 0x00, 0x00, 0x00, 0x00, 
0x00, 0x00, 0x00, 0x03, 0x98, 0x56, 0x00, 0x00, 0x00, 0x00, 0x00, 0x00, 0x00, 0x00, 0x00, 0x00, 
0x00, 0x2F, 0xFF, 0x6C, 0x00, 0x00, 0x00, 0x00, 0x00, 0x00, 0x00, 0x00, 0x00, 0x00, 0x00, 0x63, 
0xFF, 0x39, 0x00, 0x00, 0x00, 0x00, 0x00, 0x00, 0x00, 0x00, 0x00, 0x00, 0x00, 0x97, 0xFC, 0x09, 
0x00, 0x00, 0x00, 0x00, 0x00, 0x00, 0x00, 0x0E, 0x5E, 0x66, 0x1C, 0xCC, 0xCD, 0x0F, 0x5B, 0x61, 
0x0F, 0x00, 0x00, 0x00, 0x2B, 0xDE, 0xFC, 0xF8, 0xED, 0xF9, 0xA8, 0xE6, 0xF6, 0xFF, 0xD1, 0x02, 
0x00, 0x07, 0xD8, 0xE3, 0x22, 0x06, 0x8D, 0xFF, 0xF1, 0x6F, 0x03, 0x8E, 0xFF, 0x36, 0x00, 0x69, 
0xFF, 0x4F, 0x00, 0x00, 0x68, 0xFF, 0x9E, 0x00, 0x00, 0x5D, 0xFF, 0x4D, 0x00, 0xC7, 0xE5, 0x01, 
0x00, 0x00, 0x99, 0xFF, 0x26, 0x00, 0x00, 0x6E, 0xFF, 0x3A, 0x0B, 0xFC, 0xA3, 0x00, 0x00, 0x00, 
0xD9, 0xD8, 0x00, 0x00, 0x00, 0x9C, 0xFD, 0x0D, 0x30, 0xFF, 0x7C, 0x00, 0x00, 0x2F, 0xFF, 0x9F, 
0x00, 0x00, 0x02, 0xE5, 0xC4, 0x00, 0x39, 0xFF, 0x76, 0x00, 0x01, 0xB8, 0xFF, 0x6B, 0x00, 0x00, 
0x5C, 0xFF, 0x5F, 0x00, 0x19, 0xFD, 0xC9, 0x40, 0xA7, 0xE0, 0xFE, 0xCB, 0x48, 0x5A, 0xF3, 0xC3, 
0x02, 0x00, 0x00, 0x8B, 0xFF, 0xFF, 0xBD, 0x94, 0xFB, 0xB6, 0xFF, 0xFF, 0xB4, 0x11, 0x00, 0x00, 
0x00, 0x00, 0x13, 0x1A, 0x00, 0xC9, 0xD0, 0x00, 0x1C, 0x1C, 0x00, 0x00, 0x00, 0x00, 0x00, 0x00, 
0x00, 0x00, 0x06, 0xF9, 0x9D, 0x00, 0x00, 0x00, 0x00, 0x00, 0x00, 0x00, 0x00, 0x00, 0x00, 0x00, 
0x32, 0xFF, 0x69, 0x00, 0x00, 0x00, 0x00, 0x00, 0x00, 0x00, 0x00, 0x00, 0x00, 0x00, 0x29, 0x8C, 
0x1E, 0x00, 0x00, 0x00, 0x00, 0x00, 0x00, 0x00, 0x00, 0x00, 0x24, 0x53, 0x09, 0x00, 0x00, 0x00, 
0x37, 0x4E, 0x00, 0x00, 0x56, 0xFF, 0x6B, 0x00, 0x00, 0x45, 0xFC, 0x8F, 0x00, 0x00, 0x04, 0xE2, 
0xD7, 0x01, 0x21, 0xED, 0xB8, 0x03, 0x00, 0x00, 0x00, 0x76, 0xFF, 0x50, 0xD1, 0xD7, 0x0F, 0x00, 
0x00, 0x00, 0x00, 0x10, 0xF4, 0xF9, 0xED, 0x24, 0x00, 0x00, 0x00, 0x00, 0x00, 0x0F, 0xE0, 0xFF, 
0x96, 0x00, 0x00, 0x00, 0x00, 0x00, 0x04, 0xBA, 0xE9, 0xCD, 0xF0, 0x0C, 0x00, 0x00, 0x00, 0x00, 
0x96, 0xFB, 0x3E, 0x54, 0xFF, 0x6F, 0x00, 0x00, 0x00, 0x6F, 0xFF, 0x6D, 0x00, 0x04, 0xE3, 0xDE, 
0x03, 0x00, 0x3C, 0xFC, 0x9E, 0x00, 0x00, 0x00, 0x79, 0xFF, 0x47, 0x00, 0x02, 0x0C, 0x00, 0x00, 
0x00, 0x00, 0x00, 0x0D, 0x00, 0x00, 0x00, 0x2E, 0x4A, 0x00, 0x00, 0x00, 0x00, 0x43, 0x34, 0x00, 
0xC7, 0xD8, 0x00, 0x00, 0x00, 0x0A, 0xFC, 0x98, 0x03, 0xF6, 0xA6, 0x00, 0x00, 0x00, 0x3B, 0xFF, 
0x65, 0x2D, 0xFF, 0x73, 0x00, 0x00, 0x00, 0x6E, 0xFF, 0x31, 0x60, 0xFF, 0x40, 0x00, 0x00, 0x00, 
0xA2, 0xF8, 0x05, 0x93, 0xFE, 0x0F, 0x00, 0x00, 0x04, 0xEB, 0xCB, 0x00, 0xC4, 0xDC, 0x00, 0x00, 
0x00, 0x56, 0xFF, 0x97, 0x00, 0xE3, 0xC4, 0x00, 0x00, 0x18, 0xE6, 0xFF, 0x67, 0x00, 0xCD, 0xF4, 
0x4B, 0x55, 0xE2, 0xBE, 0xFF, 0xAE, 0x41, 0x52, 0xF7, 0xFF, 0xF2, 0x7A, 0x14, 0xDB, 0xFF, 0x98, 
0x00, 0x0B, 0x25, 0x06, 0x00, 0x00, 0x01, 0xF0, 0x64, 0x00, 0x00, 0x00, 0x00, 0x00, 0x00, 0x25, 
0xFF, 0x31, 0x00, 0x00, 0x00, 0x00, 0x00, 0x00, 0x5A, 0xF8, 0x05, 0x00, 0x00, 0x00, 0x00, 0x00, 
0x00, 0x11, 0x27, 0x00, 0x00, 0x1C, 0x53, 0x08, 0x00, 0x00, 0x00, 0x3D, 0x3C, 0x00, 0x93, 0xFE, 
0x0E, 0x00, 0x00, 0x01, 0xF0, 0xAC, 0x00, 0xC7, 0xD7, 0x00, 0x00, 0x00, 0x3C, 0xFF, 0x78, 0x01, 
0xF4, 0xA8, 0x00, 0x00, 0x00, 0xAC, 0xFF, 0x45, 0x06, 0xFF, 0xAD, 0x00, 0x00, 0x77, 0xFF, 0xFF, 
0x12, 0x00, 0xD6, 0xFA, 0xA2, 0xC6, 0xE5, 0xDD, 0xDE, 0x00, 0x00, 0x29, 0xA2, 0xB9, 0x82, 0x14, 
0xED, 0xAB, 0x00, 0x00, 0x00, 0x00, 0x00, 0x00, 0x21, 0xFF, 0x77, 0x00, 0x00, 0x00, 0x00, 0x00, 
0x00, 0x54, 0xFF, 0x44, 0x00, 0x00, 0x00, 0x00, 0x00, 0x00, 0x83, 0xFB, 0x11, 0x00, 0x00, 0x00, 
0x00, 0x00, 0x00, 0x04, 0x08, 0x00, 0x00, 0x00, 0x2A, 0x4D, 0x00, 0x00, 0x00, 0x05, 0x52, 0x20, 
0x00, 0x00, 0x00, 0x2E, 0x4A, 0x00, 0xBB, 0xDD, 0x00, 0x00, 0x00, 0x3F, 0xFF, 0x58, 0x00, 0x00, 
0x00, 0xC7, 0xD4, 0x00, 0xED, 0xAB, 0x00, 0x00, 0x00, 0x73, 0xFF, 0x25, 0x00, 0x00, 0x04, 0xF6, 
0xA0, 0x22, 0xFF, 0x78, 0x00, 0x00, 0x00, 0xA6, 0xF1, 0x01, 0x00, 0x00, 0x2E, 0xFF, 0x6D, 0x55, 
0xFF, 0x46, 0x00, 0x00, 0x00, 0xD9, 0xBF, 0x00, 0x00, 0x00, 0x61, 0xFF, 0x39, 0x88, 0xFF, 0x14, 
0x00, 0x00, 0x22, 0xFF, 0x8C, 0x00, 0x00, 0x00, 0xAA, 0xFC, 0x0A, 0xB9, 0xE3, 0x00, 0x00, 0x00, 
0x86, 0xFF, 0x5D, 0x00, 0x00, 0x18, 0xF5, 0xD3, 0x00, 0xD7, 0xD2, 0x00, 0x00, 0x34, 0xFA, 0xFF, 
0x4D, 0x00, 0x02, 0xB0, 0xFF, 0x9F, 0x00, 0xC4, 0xFB, 0x4A, 0x63, 0xF0, 0x99, 0xFF, 0xA6, 0x3E, 
0xB6, 0xCE, 0xF9, 0x6C, 0x00, 0x4D, 0xF8, 0xFF, 0xE3, 0x52, 0x04, 0xC2, 0xFF, 0xFE, 0xA5, 0x3A, 
0xFF, 0x35, 0x00, 0x00, 0x0C, 0x23, 0x02, 0x00, 0x00, 0x01, 0x21, 0x10, 0x00, 0x00, 0x0B, 0x00, 
0x00, 0x00, 0x2A, 0x4D, 0x00, 0x00, 0x00, 0x05, 0x51, 0x20, 0x00, 0x00, 0x00, 0x2E, 0x4A, 0x00, 
0xBB, 0xDD, 0x00, 0x00, 0x00, 0x3F, 0xFF, 0x58, 0x00, 0x00, 0x00, 0xC7, 0xD4, 0x00, 0xED, 0xAB, 
0x00, 0x00, 0x00, 0x72, 0xFF, 0x25, 0x00, 0x00, 0x03, 0xF6, 0xA1, 0x22, 0xFF, 0x78, 0x00, 0x00, 
0x00, 0xA5, 0xF1, 0x01, 0x00, 0x00, 0x2D, 0xFF, 0x6D, 0x55, 0xFF, 0x46, 0x00, 0x00, 0x00, 0xD8, 
0xBF, 0x00, 0x00, 0x00, 0x60, 0xFF, 0x3A, 0x88, 0xFF, 0x14, 0x00, 0x00, 0x25, 0xFF, 0x8C, 0x00, 
0x00, 0x00, 0xAB, 0xFC, 0x0A, 0xB9, 0xE3, 0x00, 0x00, 0x00, 0x8A, 0xFF, 0x5D, 0x00, 0x00, 0x18, 
0xF5, 0xD4, 0x00, 0xD7, 0xD2, 0x00, 0x00, 0x36, 0xFB, 0xFF, 0x4D, 0x00, 0x03, 0xB2, 0xFF, 0xA3, 
0x00, 0xC4, 0xFB, 0x4A, 0x63, 0xF0, 0x99, 0xFF, 0xA6, 0x3E, 0xB6, 0xC7, 0xFA, 0xCB, 0x5A, 0x4D, 
0xF8, 0xFF, 0xE3, 0x52, 0x04, 0xC2, 0xFF, 0xFE, 0xA5, 0x0F, 0xB9, 0xFF, 0xD8, 0x00, 0x0C, 0x23, 
0x02, 0x00, 0x00, 0x01, 0x21, 0x10, 0x00, 0x00, 0x00, 0xB1, 0xA6, 0x00, 0x00, 0x00, 0x00, 0x00, 
0x00, 0x00, 0x00, 0x00, 0x00, 0x00, 0x00, 0xE5, 0x73, 0x00, 0x00, 0x00, 0x00, 0x00, 0x00, 0x00, 
0x00, 0x00, 0x00, 0x00, 0x1A, 0xFF, 0x41, 0x00, 0x00, 0x00, 0x00, 0x00, 0x00, 0x00, 0x00, 0x00, 
0x00, 0x00, 0x05, 0x2F, 0x03, 0x00, 0x3C, 0x48, 0x48, 0x47, 0x0F, 0x00, 0x00, 0x00, 0x00, 0x19, 
0xFF, 0xFF, 0xFF, 0xFF, 0x46, 0x00, 0x00, 0x00, 0x00, 0x03, 0x2B, 0x2C, 0xA0, 0xFF, 0x16, 0x00, 
0x00, 0x00, 0x00, 0x00, 0x00, 0x00, 0xBB, 0xE2, 0x19, 0x2E, 0x15, 0x00, 0x00, 0x00, 0x00, 0x00, 
0xED, 0xFF, 0xFF, 0xFF, 0xFF, 0xC3, 0x1A, 0x00, 0x00, 0x20, 0xFF, 0x9E, 0x2B, 0x20, 0x6A, 0xFE, 
0xA8, 0x00, 0x00, 0x51, 0xFF, 0x47, 0x00, 0x00, 0x00, 0xE0, 0xD3, 0x00, 0x00, 0x69, 0xFF, 0x34, 
0x00, 0x00, 0x18, 0xFB, 0xAD, 0x00, 0x00, 0x47, 0xFF, 0xA5, 0x29, 0x44, 0xCB, 0xFA, 0x37, 0x00, 
0x00, 0x01, 0x8C, 0xFC, 0xFF, 0xFF, 0xC8, 0x3C, 0x00, 0x00, 0x00, 0x00, 0x00, 0x0E, 0x25, 0x0B, 
0x00, 0x00, 0x00, 0x00, 0x31, 0x47, 0x00, 0x00, 0x00, 0x00, 0x00, 0x00, 0x00, 0x42, 0x36, 0x00, 
0xCF, 0xCD, 0x00, 0x00, 0x00, 0x00, 0x00, 0x00, 0x06, 0xF9, 0x9C, 0x07, 0xFA, 0x9B, 0x00, 0x00, 
0x00, 0x00, 0x00, 0x00, 0x32, 0xFF, 0x69, 0x36, 0xFF, 0x6A, 0x19, 0x15, 0x00, 0x00, 0x00, 0x00, 
0x65, 0xFF, 0x36, 0x69, 0xFF, 0xFA, 0xFF, 0xFF, 0xE5, 0x58, 0x00, 0x00, 0x98, 0xFB, 0x08, 0x9D, 
0xFA, 0x4D, 0x2B, 0x41, 0xD0, 0xFA, 0x1A, 0x00, 0xCB, 0xD0, 0x00, 0xCE, 0xCE, 0x00, 0x00, 0x00, 
0x65, 0xFF, 0x43, 0x05, 0xF8, 0x9D, 0x00, 0xE7, 0xB6, 0x00, 0x00, 0x00, 0x95, 0xFF, 0x1E, 0x31, 
0xFF, 0x6A, 0x00, 0xC9, 0xF0, 0x48, 0x29, 0x78, 0xFC, 0x96, 0x00, 0x64, 0xFF, 0x37, 0x00, 0x3C, 
0xE3, 0xFF, 0xFF, 0xF0, 0x82, 0x07, 0x00, 0x93, 0xF7, 0x08, 0x00, 0x00, 0x01, 0x21, 0x1B, 0x01, 
0x00, 0x00, 0x00, 0x05, 0x08, 0x00, 0x00, 0x00, 0x31, 0x47, 0x00, 0x00, 0x00, 0x00, 0x00, 0x00, 
0xCF, 0xCC, 0x00, 0x00, 0x00, 0x00, 0x00, 0x07, 0xFA, 0x99, 0x00, 0x00, 0x00, 0x00, 0x00, 0x36, 
0xFF, 0x6D, 0x28, 0x27, 0x06, 0x00, 0x00, 0x69, 0xFF, 0xFF, 0xFF, 0xFF, 0xF3, 0x75, 0x00, 0x9D, 
0xF9, 0x43, 0x20, 0x30, 0xBC, 0xFF, 0x39, 0xCE, 0xCD, 0x00, 0x00, 0x00, 0x4D, 0xFF, 0x66, 0xE3, 
0xBA, 0x00, 0x00, 0x00, 0x80, 0xFF, 0x41, 0xCA, 0xF5, 0x51, 0x2C, 0x72, 0xF8, 0xB4, 0x01, 0x35, 
0xDF, 0xFF, 0xFF, 0xF5, 0x8D, 0x0E, 0x00, 0x00, 0x01, 0x1F, 0x1D, 0x01, 0x00, 0x00, 0x00, 0x00, 
0x00, 0x0A, 0x4E, 0x70, 0x5F, 0x13, 0x00, 0x00, 0x00, 0x32, 0xE9, 0xF4, 0xDA, 0xFA, 0xE9, 0x39, 
0x00, 0x00, 0x66, 0x5F, 0x04, 0x00, 0x21, 0xE9, 0xD0, 0x00, 0x00, 0x00, 0x00, 0x00, 0x00, 0x00, 
0x91, 0xFF, 0x0F, 0x00, 0x11, 0x5F, 0x60, 0x60, 0x60, 0xAE, 0xFF, 0x1A, 0x00, 0x4B, 0xD8, 0xD8, 
0xD8, 0xD8, 0xF6, 0xF4, 0x04, 0x00, 0x00, 0x00, 0x00, 0x00, 0x09, 0xF1, 0xB4, 0x00, 0x04, 0x00, 
0x00, 0x00, 0x00, 0x7D, 0xFF, 0x44, 0x00, 0xCB, 0x75, 0x2E, 0x30, 0x89, 0xFC, 0x91, 0x00, 0x00, 
0x7F, 0xF5, 0xFF, 0xFF, 0xEA, 0x6A, 0x02, 0x00, 0x00, 0x00, 0x06, 0x28, 0x24, 0x02, 0x00, 0x00, 
0x00, 0x00, 0x00, 0x00, 0x2A, 0x4F, 0x00, 0x00, 0x00, 0x00, 0x2B, 0x68, 0x69, 0x40, 0x01, 0x00, 
0x00, 0x00, 0xB8, 0xE3, 0x00, 0x00, 0x0D, 0x9E, 0xFE, 0xF4, 0xF5, 0xFF, 0xC0, 0x06, 0x00, 0x00, 
0xEA, 0xAF, 0x00, 0x01, 0xB0, 0xF6, 0x59, 0x03, 0x02, 0x8C, 0xFF, 0x68, 0x00, 0x1E, 0xFF, 0x7B, 
0x00, 0x50, 0xFF, 0x68, 0x00, 0x00, 0x00, 0x18, 0xFF, 0x99, 0x00, 0x51, 0xFF, 0x9B, 0x6C, 0xCB, 
0xED, 0x06, 0x00, 0x00, 0x00, 0x13, 0xFF, 0x98, 0x00, 0x84, 0xFF, 0xDC, 0xDC, 0xFF, 0xB2, 0x00, 
0x00, 0x00, 0x00, 0x3A, 0xFF, 0x76, 0x00, 0xB7, 0xE3, 0x00, 0x0F, 0xFF, 0x99, 0x00, 0x00, 0x00, 
0x00, 0x8B, 0xFF, 0x31, 0x00, 0xE9, 0xB1, 0x00, 0x03, 0xF9, 0xB0, 0x00, 0x00, 0x00, 0x23, 0xF2, 
0xBB, 0x00, 0x1C, 0xFF, 0x7E, 0x00, 0x00, 0xB8, 0xFB, 0x6F, 0x36, 0x60, 0xE4, 0xE6, 0x22, 0x00, 
0x4B, 0xFF, 0x47, 0x00, 0x00, 0x20, 0xC3, 0xFF, 0xFF, 0xFE, 0xAE, 0x21, 0x00, 0x00, 0x01, 0x0C, 
0x00, 0x00, 0x00, 0x00, 0x00, 0x10, 0x29, 0x10, 0x00, 0x00, 0x00, 0x00, 0x00, 0x00, 0x00, 0x00, 
0x07, 0x3E, 0x59, 0x60, 0x55, 0x28, 0x00, 0x00, 0x00, 0x63, 0xF0, 0xF6, 0xD8, 0xDC, 0xFE, 0xBE, 
0x00, 0x00, 0x3A, 0xFE, 0x9C, 0x0B, 0x00, 0x0C, 0xFD, 0x93, 0x00, 0x00, 0x85, 0xFF, 0x1B, 0x00, 
0x00, 0x3C, 0xFF, 0x60, 0x00, 0x00, 0x64, 0xFF, 0x84, 0x2A, 0x20, 0x7D, 0xFF, 0x2C, 0x00, 0x00, 
0x01, 0x8E, 0xFF, 0xFF, 0xFF, 0xFF, 0xF6, 0x03, 0x00, 0x00, 0x42, 0xF8, 0xA4, 0x27, 0x0C, 0xD7, 
0xC6, 0x00, 0x00, 0x0D, 0xE4, 0xC7, 0x02, 0x00, 0x0A, 0xFC, 0x93, 0x00, 0x00, 0x8C, 0xFE, 0x34, 
0x00, 0x00, 0x3C, 0xFF, 0x5F, 0x00, 0x1F, 0xFA, 0x9A, 0x00, 0x00, 0x00, 0x6B, 0xFF, 0x29, 0x00, 
0x00, 0x0D, 0x00, 0x00, 0x00, 0x00, 0x02, 0x0A, 0x00, 0x00, 0x00, 0x00, 0x00, 0x1F, 0xC0, 0x51, 
0x00, 0x84, 0xAC, 0x00, 0x00, 0x00, 0x00, 0x51, 0xFE, 0x52, 0x00, 0xDD, 0xC3, 0x00, 0x00, 0x00, 
0x00, 0x00, 0x05, 0x00, 0x00, 0x04, 0x01, 0x00, 0x00, 0x00, 0x00, 0x00, 0x37, 0x6C, 0x6E, 0x2F, 
0x00, 0x00, 0x00, 0x00, 0x16, 0xB5, 0xFF, 0xDF, 0xE7, 0xFE, 0x78, 0x00, 0x00, 0x07, 0xC8, 0xE5, 
0x35, 0x00, 0x03, 0xC2, 0xF4, 0x01, 0x00, 0x6A, 0xFF, 0x47, 0x00, 0x00, 0x0C, 0xD3, 0xE4, 0x00, 
0x00, 0xD3, 0xF5, 0x7C, 0x82, 0x9F, 0xE6, 0xEE, 0x47, 0x00, 0x16, 0xFF, 0xD8, 0xAF, 0xA6, 0x8F, 
0x5C, 0x0D, 0x00, 0x00, 0x35, 0xFF, 0x6E, 0x00, 0x00, 0x00, 0x00, 0x00, 0x00, 0x00, 0x2B, 0xFF, 
0x82, 0x00, 0x00, 0x00, 0x00, 0x00, 0x00, 0x00, 0x06, 0xE5, 0xEA, 0x4E, 0x22, 0x35, 0x6F, 0x57, 
0x00, 0x00, 0x00, 0x3E, 0xDC, 0xFF, 0xFF, 0xFF, 0xD9, 0x39, 0x00, 0x00, 0x00, 0x00, 0x01, 0x19, 
0x2A, 0x12, 0x00, 0x00, 0x00, 0x00, 0x00, 0x00, 0x00, 0x00, 0x00, 0x00, 0x00, 0x00, 0x00, 0x00, 
0x00, 0x00, 0x00, 0x00, 0x00, 0x00, 0x00, 0x00, 0x3E, 0x50, 0x50, 0x50, 0x50, 0x50, 0x50, 0x50, 
0x1B, 0x09, 0xFD, 0xFF, 0xFF, 0xFF, 0xFF, 0xFF, 0xFF, 0xFF, 0x53, 0x00, 0x11, 0x14, 0x14, 0x14, 
0x14, 0x14, 0x14, 0x13, 0x00, 0x00, 0x00, 0x00, 0x18, 0x11, 0x00, 0x00, 0x00, 0x00, 0x00, 0x00, 
0x01, 0x1B, 0x0A, 0x00, 0x00, 0x00, 0x44, 0xD9, 0xFF, 0xFF, 0xC2, 0x39, 0x00, 0x00, 0x1A, 0x8E, 
0xEB, 0xFF, 0xFE, 0xA0, 0x02, 0x27, 0xF8, 0x9D, 0x29, 0x41, 0xBE, 0xFE, 0x84, 0x80, 0xF7, 0xCB, 
0x58, 0x23, 0x7C, 0xFF, 0x4E, 0x8C, 0xEE, 0x05, 0x00, 0x00, 0x01, 0xA5, 0xFF, 0xFF, 0x6F, 0x01, 
0x00, 0x00, 0x20, 0xFF, 0x61, 0x9F, 0xE9, 0x07, 0x00, 0x1A, 0x9B, 0xFE, 0xBA, 0xF4, 0xD6, 0x38, 
0x00, 0x00, 0x87, 0xF9, 0x1D, 0x46, 0xFD, 0xE2, 0xCA, 0xFB, 0xCD, 0x47, 0x00, 0x2C, 0xCC, 0xFF, 
0xD3, 0xD8, 0xFD, 0x67, 0x00, 0x00, 0x32, 0x79, 0x78, 0x39, 0x00, 0x00, 0x00, 0x00, 0x01, 0x49, 
0x80, 0x74, 0x27, 0x00, 0x00, 0x00, 0x00, 0x4A, 0x9C, 0x8B, 0x2C, 0x00, 0x00, 0x0D, 0x0E, 0x00, 
0x64, 0xFE, 0xC8, 0xE3, 0xFD, 0xA8, 0x84, 0xE2, 0x8B, 0x00, 0x27, 0x3E, 0x00, 0x02, 0x63, 0xCE, 
0xE2, 0x95, 0x0C, 0x00, 0x00, 0x03, 0x08, 0x00, 0x00, 0x00, 0x00, 0x00, 0x00, 0x02, 0x87, 0xF3, 
0xFD, 0xB7, 0x33, 0x00, 0x30, 0x73, 0x00, 0x2F, 0xEC, 0x75, 0x68, 0xD0, 0xFF, 0xEA, 0xFE, 0xA2, 
0x00, 0x00, 0x04, 0x00, 0x00, 0x02, 0x4E, 0x7C, 0x4C, 0x00, 0x00, 0x00, 0x00, 0x00, 0x00, 0x00, 
0x00, 0x00, 0x18, 0x76, 0x15, 0x00, 0x00, 0x00, 0x00, 0x00, 0x00, 0x03, 0xC1, 0xC8, 0x05, 0x00, 
0x0B, 0x38, 0x38, 0x38, 0x38, 0x8D, 0xFB, 0x57, 0x20, 0x00, 0x77, 0xFF, 0xFF, 0xFF, 0xFF, 0xFF, 
0xFF, 0xFF, 0x98, 0x00, 0x11, 0x28, 0x28, 0x34, 0xE9, 0xA5, 0x28, 0x28, 0x0D, 0x00, 0x00, 0x00, 
0x00, 0xA3, 0xDB, 0x0D, 0x00, 0x00, 0x00, 0x07, 0x69, 0x6C, 0x8D, 0xFF, 0x9D, 0x6C, 0x6C, 0x5C, 
0x00, 0x39, 0xF4, 0xF8, 0xFF, 0xF5, 0xF4, 0xF4, 0xF4, 0xBA, 0x00, 0x00, 0x04, 0xC6, 0xBF, 0x03, 
0x00, 0x00, 0x00, 0x00, 0x00, 0x00, 0x85, 0xE9, 0x19, 0x00, 0x00, 0x00, 0x00, 0x00, 0x00, 0x00, 
0x42, 0x25, 0x00, 0x00, 0x00, 0x00, 0x00, 0x00, 0x00, 0x00, 0x15, 0x7A, 0x43, 0x61, 0x6C, 0x69, 
0x62, 0x72, 0x69, 0x49, 0x74, 0x61, 0x6C, 0x69, 0x63, 0x20, 0x49, 0x74, 0x61, 0x6C, 0x69, 0x63, 
0x00, 0x15, 0x7A, 0x43, 0x61, 0x6C, 0x69, 0x62, 0x72, 0x69, 0x49, 0x74, 0x61, 0x6C, 0x69, 0x63, 
0x2D, 0x49, 0x74, 0x61, 0x6C, 0x69, 0x63, 0x01};