const uint8_t  zTimesNR36[] PROGMEM = {
0x00, 0x00, 0x00, 0xE9, 0x00, 0x00, 0x00, 0x0B, 0x00, 0x00, 0x00, 0x24, 0x00, 0x00, 0x00, 0x00, 
0x00, 0x00, 0x00, 0x19, 0x00, 0x00, 0x00, 0x08, 0x00, 0x00, 0x00, 0x00, 0x00, 0x00, 0x00, 0x01, 
0x00, 0x00, 0x00, 0x01, 0x00, 0x00, 0x00, 0x00, 0x00, 0x00, 0x00, 0x48, 0xFF, 0xFF, 0xFF, 0xDC, 
0x00, 0x00, 0x00, 0x00, 0x00, 0x00, 0x00, 0x00, 0x00, 0x00, 0x00, 0x01, 0x00, 0x00, 0x00, 0x01, 
0x00, 0x00, 0x00, 0x00, 0x00, 0x00, 0x00, 0x48, 0xFF, 0xFF, 0xFF, 0xDC, 0x00, 0x00, 0x00, 0x00, 
0x00, 0x00, 0x00, 0x09, 0x00, 0x00, 0x00, 0x01, 0x00, 0x00, 0x00, 0x01, 0x00, 0x00, 0x00, 0x00, 
0x00, 0x00, 0x00, 0x48, 0xFF, 0xFF, 0xFF, 0xDC, 0x00, 0x00, 0x00, 0x00, 0x00, 0x00, 0x00, 0x0A, 
0x00, 0x00, 0x00, 0x01, 0x00, 0x00, 0x00, 0x01, 0x00, 0x00, 0x00, 0x00, 0x00, 0x00, 0x00, 0x48, 
0xFF, 0xFF, 0xFF, 0xDC, 0x00, 0x00, 0x00, 0x00, 0x00, 0x00, 0x00, 0x0D, 0x00, 0x00, 0x00, 0x01, 
0x00, 0x00, 0x00, 0x01, 0x00, 0x00, 0x00, 0x00, 0x00, 0x00, 0x00, 0x48, 0xFF, 0xFF, 0xFF, 0xDC, 
0x00, 0x00, 0x00, 0x00, 0x00, 0x00, 0x00, 0x1D, 0x00, 0x00, 0x00, 0x01, 0x00, 0x00, 0x00, 0x01, 
0x00, 0x00, 0x00, 0x00, 0x00, 0x00, 0x00, 0x48, 0xFF, 0xFF, 0xFF, 0xDC, 0x00, 0x00, 0x00, 0x00, 
0x00, 0x00, 0x00, 0x20, 0x00, 0x00, 0x00, 0x01, 0x00, 0x00, 0x00, 0x01, 0x00, 0x00, 0x00, 0x09, 
0x00, 0x00, 0x00, 0x48, 0xFF, 0xFF, 0xFF, 0xDC, 0x00, 0x00, 0x00, 0x00, 0x00, 0x00, 0x00, 0x21, 
0x00, 0x00, 0x00, 0x18, 0x00, 0x00, 0x00, 0x03, 0x00, 0x00, 0x00, 0x0B, 0x00, 0x00, 0x00, 0x18, 
0x00, 0x00, 0x00, 0x04, 0x00, 0x00, 0x00, 0x00, 0x00, 0x00, 0x00, 0x22, 0x00, 0x00, 0x00, 0x0A, 
0x00, 0x00, 0x00, 0x09, 0x00, 0x00, 0x00, 0x0F, 0x00, 0x00, 0x00, 0x18, 0x00, 0x00, 0x00, 0x03, 
0x00, 0x00, 0x00, 0x00, 0x00, 0x00, 0x00, 0x23, 0x00, 0x00, 0x00, 0x19, 0x00, 0x00, 0x00, 0x0F, 
0x00, 0x00, 0x00, 0x12, 0x00, 0x00, 0x00, 0x19, 0x00, 0x00, 0x00, 0x01, 0x00, 0x00, 0x00, 0x00, 
0x00, 0x00, 0x00, 0x24, 0x00, 0x00, 0x00, 0x1C, 0x00, 0x00, 0x00, 0x0F, 0x00, 0x00, 0x00, 0x12, 
0x00, 0x00, 0x00, 0x1A, 0x00, 0x00, 0x00, 0x01, 0x00, 0x00, 0x00, 0x00, 0x00, 0x00, 0x00, 0x25, 
0x00, 0x00, 0x00, 0x18, 0x00, 0x00, 0x00, 0x1C, 0x00, 0x00, 0x00, 0x1E, 0x00, 0x00, 0x00, 0x18, 
0x00, 0x00, 0x00, 0x01, 0x00, 0x00, 0x00, 0x00, 0x00, 0x00, 0x00, 0x26, 0x00, 0x00, 0x00, 0x18, 
0x00, 0x00, 0x00, 0x1A, 0x00, 0x00, 0x00, 0x1C, 0x00, 0x00, 0x00, 0x18, 0x00, 0x00, 0x00, 0x01, 
0x00, 0x00, 0x00, 0x00, 0x00, 0x00, 0x00, 0x27, 0x00, 0x00, 0x00, 0x0A, 0x00, 0x00, 0x00, 0x03, 
0x00, 0x00, 0x00, 0x05, 0x00, 0x00, 0x00, 0x18, 0x00, 0x00, 0x00, 0x01, 0x00, 0x00, 0x00, 0x00, 
0x00, 0x00, 0x00, 0x28, 0x00, 0x00, 0x00, 0x1F, 0x00, 0x00, 0x00, 0x0A, 0x00, 0x00, 0x00, 0x0C, 
0x00, 0x00, 0x00, 0x18, 0x00, 0x00, 0x00, 0x01, 0x00, 0x00, 0x00, 0x00, 0x00, 0x00, 0x00, 0x29, 
0x00, 0x00, 0x00, 0x1F, 0x00, 0x00, 0x00, 0x0A, 0x00, 0x00, 0x00, 0x0C, 0x00, 0x00, 0x00, 0x18, 
0x00, 0x00, 0x00, 0x01, 0x00, 0x00, 0x00, 0x00, 0x00, 0x00, 0x00, 0x2A, 0x00, 0x00, 0x00, 0x0E, 
0x00, 0x00, 0x00, 0x0D, 0x00, 0x00, 0x00, 0x12, 0x00, 0x00, 0x00, 0x19, 0x00, 0x00, 0x00, 0x03, 
0x00, 0x00, 0x00, 0x00, 0x00, 0x00, 0x00, 0x2B, 0x00, 0x00, 0x00, 0x13, 0x00, 0x00, 0x00, 0x13, 
0x00, 0x00, 0x00, 0x14, 0x00, 0x00, 0x00, 0x15, 0x00, 0x00, 0x00, 0x01, 0x00, 0x00, 0x00, 0x00, 
0x00, 0x00, 0x00, 0x2C, 0x00, 0x00, 0x00, 0x08, 0x00, 0x00, 0x00, 0x05, 0x00, 0x00, 0x00, 0x09, 
0x00, 0x00, 0x00, 0x03, 0x00, 0x00, 0x00, 0x02, 0x00, 0x00, 0x00, 0x00, 0x00, 0x00, 0x00, 0x2D, 
0x00, 0x00, 0x00, 0x03, 0x00, 0x00, 0x00, 0x09, 0x00, 0x00, 0x00, 0x0B, 0x00, 0x00, 0x00, 0x0A, 
0x00, 0x00, 0x00, 0x01, 0x00, 0x00, 0x00, 0x00, 0x00, 0x00, 0x00, 0x2E, 0x00, 0x00, 0x00, 0x03, 
0x00, 0x00, 0x00, 0x03, 0x00, 0x00, 0x00, 0x09, 0x00, 0x00, 0x00, 0x03, 0x00, 0x00, 0x00, 0x03, 
0x00, 0x00, 0x00, 0x00, 0x00, 0x00, 0x00, 0x2F, 0x00, 0x00, 0x00, 0x19, 0x00, 0x00, 0x00, 0x0A, 
0x00, 0x00, 0x00, 0x0A, 0x00, 0x00, 0x00, 0x19, 0x00, 0x00, 0x00, 0x00, 0x00, 0x00, 0x00, 0x00, 
0x00, 0x00, 0x00, 0x30, 0x00, 0x00, 0x00, 0x18, 0x00, 0x00, 0x00, 0x0F, 0x00, 0x00, 0x00, 0x12, 
0x00, 0x00, 0x00, 0x18, 0x00, 0x00, 0x00, 0x01, 0x00, 0x00, 0x00, 0x00, 0x00, 0x00, 0x00, 0x31, 
0x00, 0x00, 0x00, 0x18, 0x00, 0x00, 0x00, 0x09, 0x00, 0x00, 0x00, 0x12, 0x00, 0x00, 0x00, 0x18, 
0x00, 0x00, 0x00, 0x05, 0x00, 0x00, 0x00, 0x00, 0x00, 0x00, 0x00, 0x32, 0x00, 0x00, 0x00, 0x18, 
0x00, 0x00, 0x00, 0x10, 0x00, 0x00, 0x00, 0x12, 0x00, 0x00, 0x00, 0x18, 0x00, 0x00, 0x00, 0x00, 
0x00, 0x00, 0x00, 0x00, 0x00, 0x00, 0x00, 0x33, 0x00, 0x00, 0x00, 0x18, 0x00, 0x00, 0x00, 0x0E, 
0x00, 0x00, 0x00, 0x12, 0x00, 0x00, 0x00, 0x18, 0x00, 0x00, 0x00, 0x01, 0x00, 0x00, 0x00, 0x00, 
0x00, 0x00, 0x00, 0x34, 0x00, 0x00, 0x00, 0x18, 0x00, 0x00, 0x00, 0x10, 0x00, 0x00, 0x00, 0x12, 
0x00, 0x00, 0x00, 0x18, 0x00, 0x00, 0x00, 0x00, 0x00, 0x00, 0x00, 0x00, 0x00, 0x00, 0x00, 0x35, 
0x00, 0x00, 0x00, 0x18, 0x00, 0x00, 0x00, 0x0D, 0x00, 0x00, 0x00, 0x12, 0x00, 0x00, 0x00, 0x18, 
0x00, 0x00, 0x00, 0x02, 0x00, 0x00, 0x00, 0x00, 0x00, 0x00, 0x00, 0x36, 0x00, 0x00, 0x00, 0x18, 
0x00, 0x00, 0x00, 0x0F, 0x00, 0x00, 0x00, 0x12, 0x00, 0x00, 0x00, 0x18, 0x00, 0x00, 0x00, 0x01, 
0x00, 0x00, 0x00, 0x00, 0x00, 0x00, 0x00, 0x37, 0x00, 0x00, 0x00, 0x18, 0x00, 0x00, 0x00, 0x0F, 
0x00, 0x00, 0x00, 0x12, 0x00, 0x00, 0x00, 0x18, 0x00, 0x00, 0x00, 0x01, 0x00, 0x00, 0x00, 0x00, 
0x00, 0x00, 0x00, 0x38, 0x00, 0x00, 0x00, 0x18, 0x00, 0x00, 0x00, 0x0E, 0x00, 0x00, 0x00, 0x12, 
0x00, 0x00, 0x00, 0x18, 0x00, 0x00, 0x00, 0x02, 0x00, 0x00, 0x00, 0x00, 0x00, 0x00, 0x00, 0x39, 
0x00, 0x00, 0x00, 0x18, 0x00, 0x00, 0x00, 0x0F, 0x00, 0x00, 0x00, 0x12, 0x00, 0x00, 0x00, 0x18, 
0x00, 0x00, 0x00, 0x01, 0x00, 0x00, 0x00, 0x00, 0x00, 0x00, 0x00, 0x3A, 0x00, 0x00, 0x00, 0x10, 
0x00, 0x00, 0x00, 0x03, 0x00, 0x00, 0x00, 0x09, 0x00, 0x00, 0x00, 0x10, 0x00, 0x00, 0x00, 0x03, 
0x00, 0x00, 0x00, 0x00, 0x00, 0x00, 0x00, 0x3C, 0x00, 0x00, 0x00, 0x11, 0x00, 0x00, 0x00, 0x13, 
0x00, 0x00, 0x00, 0x14, 0x00, 0x00, 0x00, 0x14, 0x00, 0x00, 0x00, 0x01, 0x00, 0x00, 0x00, 0x00, 
0x00, 0x00, 0x00, 0x3D, 0x00, 0x00, 0x00, 0x06, 0x00, 0x00, 0x00, 0x12, 0x00, 0x00, 0x00, 0x14, 
0x00, 0x00, 0x00, 0x10, 0x00, 0x00, 0x00, 0x01, 0x00, 0x00, 0x00, 0x00, 0x00, 0x00, 0x00, 0x3E, 
0x00, 0x00, 0x00, 0x11, 0x00, 0x00, 0x00, 0x13, 0x00, 0x00, 0x00, 0x14, 0x00, 0x00, 0x00, 0x14, 
0x00, 0x00, 0x00, 0x00, 0x00, 0x00, 0x00, 0x00, 0x00, 0x00, 0x00, 0x3F, 0x00, 0x00, 0x00, 0x18, 
0x00, 0x00, 0x00, 0x0C, 0x00, 0x00, 0x00, 0x0F, 0x00, 0x00, 0x00, 0x18, 0x00, 0x00, 0x00, 0x02, 
0x00, 0x00, 0x00, 0x00, 0x00, 0x00, 0x00, 0x40, 0x00, 0x00, 0x00, 0x22, 0x00, 0x00, 0x00, 0x1F, 
0x00, 0x00, 0x00, 0x21, 0x00, 0x00, 0x00, 0x19, 0x00, 0x00, 0x00, 0x01, 0x00, 0x00, 0x00, 0x00, 
0x00, 0x00, 0x00, 0x41, 0x00, 0x00, 0x00, 0x18, 0x00, 0x00, 0x00, 0x1B, 0x00, 0x00, 0x00, 0x19, 
0x00, 0x00, 0x00, 0x18, 0xFF, 0xFF, 0xFF, 0xFF, 0x00, 0x00, 0x00, 0x00, 0x00, 0x00, 0x00, 0x42, 
0x00, 0x00, 0x00, 0x18, 0x00, 0x00, 0x00, 0x15, 0x00, 0x00, 0x00, 0x18, 0x00, 0x00, 0x00, 0x18, 
0x00, 0x00, 0x00, 0x01, 0x00, 0x00, 0x00, 0x00, 0x00, 0x00, 0x00, 0x43, 0x00, 0x00, 0x00, 0x18, 
0x00, 0x00, 0x00, 0x15, 0x00, 0x00, 0x00, 0x18, 0x00, 0x00, 0x00, 0x18, 0x00, 0x00, 0x00, 0x01, 
0x00, 0x00, 0x00, 0x00, 0x00, 0x00, 0x00, 0x44, 0x00, 0x00, 0x00, 0x18, 0x00, 0x00, 0x00, 0x18, 
0x00, 0x00, 0x00, 0x1A, 0x00, 0x00, 0x00, 0x18, 0x00, 0x00, 0x00, 0x01, 0x00, 0x00, 0x00, 0x00, 
0x00, 0x00, 0x00, 0x45, 0x00, 0x00, 0x00, 0x18, 0x00, 0x00, 0x00, 0x14, 0x00, 0x00, 0x00, 0x16, 
0x00, 0x00, 0x00, 0x18, 0x00, 0x00, 0x00, 0x01, 0x00, 0x00, 0x00, 0x00, 0x00, 0x00, 0x00, 0x46, 
0x00, 0x00, 0x00, 0x18, 0x00, 0x00, 0x00, 0x11, 0x00, 0x00, 0x00, 0x13, 0x00, 0x00, 0x00, 0x18, 
0x00, 0x00, 0x00, 0x01, 0x00, 0x00, 0x00, 0x00, 0x00, 0x00, 0x00, 0x47, 0x00, 0x00, 0x00, 0x18, 
0x00, 0x00, 0x00, 0x18, 0x00, 0x00, 0x00, 0x19, 0x00, 0x00, 0x00, 0x18, 0x00, 0x00, 0x00, 0x01, 
0x00, 0x00, 0x00, 0x00, 0x00, 0x00, 0x00, 0x48, 0x00, 0x00, 0x00, 0x18, 0x00, 0x00, 0x00, 0x18, 
0x00, 0x00, 0x00, 0x1A, 0x00, 0x00, 0x00, 0x18, 0x00, 0x00, 0x00, 0x01, 0x00, 0x00, 0x00, 0x00, 
0x00, 0x00, 0x00, 0x49, 0x00, 0x00, 0x00, 0x18, 0x00, 0x00, 0x00, 0x09, 0x00, 0x00, 0x00, 0x0B, 
0x00, 0x00, 0x00, 0x18, 0x00, 0x00, 0x00, 0x01, 0x00, 0x00, 0x00, 0x00, 0x00, 0x00, 0x00, 0x4A, 
0x00, 0x00, 0x00, 0x18, 0x00, 0x00, 0x00, 0x0D, 0x00, 0x00, 0x00, 0x0F, 0x00, 0x00, 0x00, 0x18, 
0x00, 0x00, 0x00, 0x01, 0x00, 0x00, 0x00, 0x00, 0x00, 0x00, 0x00, 0x4B, 0x00, 0x00, 0x00, 0x18, 
0x00, 0x00, 0x00, 0x18, 0x00, 0x00, 0x00, 0x19, 0x00, 0x00, 0x00, 0x18, 0x00, 0x00, 0x00, 0x01, 
0x00, 0x00, 0x00, 0x00, 0x00, 0x00, 0x00, 0x4C, 0x00, 0x00, 0x00, 0x18, 0x00, 0x00, 0x00, 0x14, 
0x00, 0x00, 0x00, 0x16, 0x00, 0x00, 0x00, 0x18, 0x00, 0x00, 0x00, 0x01, 0x00, 0x00, 0x00, 0x00, 
0x00, 0x00, 0x00, 0x4D, 0x00, 0x00, 0x00, 0x18, 0x00, 0x00, 0x00, 0x1E, 0x00, 0x00, 0x00, 0x20, 
0x00, 0x00, 0x00, 0x18, 0x00, 0x00, 0x00, 0x01, 0x00, 0x00, 0x00, 0x00, 0x00, 0x00, 0x00, 0x4E, 
0x00, 0x00, 0x00, 0x19, 0x00, 0x00, 0x00, 0x1A, 0x00, 0x00, 0x00, 0x1A, 0x00, 0x00, 0x00, 0x18, 
0xFF, 0xFF, 0xFF, 0xFF, 0x00, 0x00, 0x00, 0x00, 0x00, 0x00, 0x00, 0x4F, 0x00, 0x00, 0x00, 0x18, 
0x00, 0x00, 0x00, 0x18, 0x00, 0x00, 0x00, 0x1A, 0x00, 0x00, 0x00, 0x18, 0x00, 0x00, 0x00, 0x01, 
0x00, 0x00, 0x00, 0x00, 0x00, 0x00, 0x00, 0x50, 0x00, 0x00, 0x00, 0x18, 0x00, 0x00, 0x00, 0x12, 
0x00, 0x00, 0x00, 0x14, 0x00, 0x00, 0x00, 0x18, 0x00, 0x00, 0x00, 0x01, 0x00, 0x00, 0x00, 0x00, 
0x00, 0x00, 0x00, 0x51, 0x00, 0x00, 0x00, 0x1F, 0x00, 0x00, 0x00, 0x18, 0x00, 0x00, 0x00, 0x1A, 
0x00, 0x00, 0x00, 0x18, 0x00, 0x00, 0x00, 0x01, 0x00, 0x00, 0x00, 0x00, 0x00, 0x00, 0x00, 0x52, 
0x00, 0x00, 0x00, 0x18, 0x00, 0x00, 0x00, 0x18, 0x00, 0x00, 0x00, 0x18, 0x00, 0x00, 0x00, 0x18, 
0x00, 0x00, 0x00, 0x01, 0x00, 0x00, 0x00, 0x00, 0x00, 0x00, 0x00, 0x53, 0x00, 0x00, 0x00, 0x18, 
0x00, 0x00, 0x00, 0x0F, 0x00, 0x00, 0x00, 0x14, 0x00, 0x00, 0x00, 0x18, 0x00, 0x00, 0x00, 0x03, 
0x00, 0x00, 0x00, 0x00, 0x00, 0x00, 0x00, 0x54, 0x00, 0x00, 0x00, 0x18, 0x00, 0x00, 0x00, 0x13, 
0x00, 0x00, 0x00, 0x15, 0x00, 0x00, 0x00, 0x18, 0x00, 0x00, 0x00, 0x01, 0x00, 0x00, 0x00, 0x00, 
0x00, 0x00, 0x00, 0x55, 0x00, 0x00, 0x00, 0x18, 0x00, 0x00, 0x00, 0x19, 0x00, 0x00, 0x00, 0x19, 
0x00, 0x00, 0x00, 0x18, 0x00, 0x00, 0x00, 0x00, 0x00, 0x00, 0x00, 0x00, 0x00, 0x00, 0x00, 0x56, 
0x00, 0x00, 0x00, 0x18, 0x00, 0x00, 0x00, 0x1A, 0x00, 0x00, 0x00, 0x1A, 0x00, 0x00, 0x00, 0x18, 
0x00, 0x00, 0x00, 0x00, 0x00, 0x00, 0x00, 0x00, 0x00, 0x00, 0x00, 0x57, 0x00, 0x00, 0x00, 0x18, 
0x00, 0x00, 0x00, 0x21, 0x00, 0x00, 0x00, 0x21, 0x00, 0x00, 0x00, 0x18, 0x00, 0x00, 0x00, 0x00, 
0x00, 0x00, 0x00, 0x00, 0x00, 0x00, 0x00, 0x58, 0x00, 0x00, 0x00, 0x18, 0x00, 0x00, 0x00, 0x1A, 
0x00, 0x00, 0x00, 0x1A, 0x00, 0x00, 0x00, 0x18, 0x00, 0x00, 0x00, 0x00, 0x00, 0x00, 0x00, 0x00, 
0x00, 0x00, 0x00, 0x59, 0x00, 0x00, 0x00, 0x18, 0x00, 0x00, 0x00, 0x19, 0x00, 0x00, 0x00, 0x1A, 
0x00, 0x00, 0x00, 0x18, 0x00, 0x00, 0x00, 0x01, 0x00, 0x00, 0x00, 0x00, 0x00, 0x00, 0x00, 0x5A, 
0x00, 0x00, 0x00, 0x18, 0x00, 0x00, 0x00, 0x14, 0x00, 0x00, 0x00, 0x15, 0x00, 0x00, 0x00, 0x18, 
0x00, 0x00, 0x00, 0x00, 0x00, 0x00, 0x00, 0x00, 0x00, 0x00, 0x00, 0x5B, 0x00, 0x00, 0x00, 0x1F, 
0x00, 0x00, 0x00, 0x08, 0x00, 0x00, 0x00, 0x0C, 0x00, 0x00, 0x00, 0x18, 0x00, 0x00, 0x00, 0x03, 
0x00, 0x00, 0x00, 0x00, 0x00, 0x00, 0x00, 0x5C, 0x00, 0x00, 0x00, 0x19, 0x00, 0x00, 0x00, 0x09, 
0x00, 0x00, 0x00, 0x09, 0x00, 0x00, 0x00, 0x19, 0x00, 0x00, 0x00, 0x00, 0x00, 0x00, 0x00, 0x00, 
0x00, 0x00, 0x00, 0x5D, 0x00, 0x00, 0x00, 0x1F, 0x00, 0x00, 0x00, 0x08, 0x00, 0x00, 0x00, 0x0C, 
0x00, 0x00, 0x00, 0x18, 0x00, 0x00, 0x00, 0x01, 0x00, 0x00, 0x00, 0x00, 0x00, 0x00, 0x00, 0x5E, 
0x00, 0x00, 0x00, 0x0C, 0x00, 0x00, 0x00, 0x10, 0x00, 0x00, 0x00, 0x11, 0x00, 0x00, 0x00, 0x18, 
0x00, 0x00, 0x00, 0x01, 0x00, 0x00, 0x00, 0x00, 0x00, 0x00, 0x00, 0x5F, 0x00, 0x00, 0x00, 0x01, 
0x00, 0x00, 0x00, 0x12, 0x00, 0x00, 0x00, 0x12, 0xFF, 0xFF, 0xFF, 0xF9, 0x00, 0x00, 0x00, 0x00, 
0x00, 0x00, 0x00, 0x00, 0x00, 0x00, 0x00, 0x60, 0x00, 0x00, 0x00, 0x06, 0x00, 0x00, 0x00, 0x05, 
0x00, 0x00, 0x00, 0x0C, 0x00, 0x00, 0x00, 0x18, 0x00, 0x00, 0x00, 0x02, 0x00, 0x00, 0x00, 0x00, 
0x00, 0x00, 0x00, 0x61, 0x00, 0x00, 0x00, 0x10, 0x00, 0x00, 0x00, 0x0F, 0x00, 0x00, 0x00, 0x10, 
0x00, 0x00, 0x00, 0x10, 0x00, 0x00, 0x00, 0x01, 0x00, 0x00, 0x00, 0x00, 0x00, 0x00, 0x00, 0x62, 
0x00, 0x00, 0x00, 0x19, 0x00, 0x00, 0x00, 0x10, 0x00, 0x00, 0x00, 0x11, 0x00, 0x00, 0x00, 0x19, 
0x00, 0x00, 0x00, 0x00, 0x00, 0x00, 0x00, 0x00, 0x00, 0x00, 0x00, 0x63, 0x00, 0x00, 0x00, 0x10, 
0x00, 0x00, 0x00, 0x0E, 0x00, 0x00, 0x00, 0x10, 0x00, 0x00, 0x00, 0x10, 0x00, 0x00, 0x00, 0x01, 
0x00, 0x00, 0x00, 0x00, 0x00, 0x00, 0x00, 0x64, 0x00, 0x00, 0x00, 0x19, 0x00, 0x00, 0x00, 0x10, 
0x00, 0x00, 0x00, 0x12, 0x00, 0x00, 0x00, 0x19, 0x00, 0x00, 0x00, 0x01, 0x00, 0x00, 0x00, 0x00, 
0x00, 0x00, 0x00, 0x65, 0x00, 0x00, 0x00, 0x10, 0x00, 0x00, 0x00, 0x0E, 0x00, 0x00, 0x00, 0x10, 
0x00, 0x00, 0x00, 0x10, 0x00, 0x00, 0x00, 0x01, 0x00, 0x00, 0x00, 0x00, 0x00, 0x00, 0x00, 0x66, 
0x00, 0x00, 0x00, 0x19, 0x00, 0x00, 0x00, 0x0E, 0x00, 0x00, 0x00, 0x0C, 0x00, 0x00, 0x00, 0x19, 
0x00, 0x00, 0x00, 0x01, 0x00, 0x00, 0x00, 0x00, 0x00, 0x00, 0x00, 0x67, 0x00, 0x00, 0x00, 0x18, 
0x00, 0x00, 0x00, 0x10, 0x00, 0x00, 0x00, 0x12, 0x00, 0x00, 0x00, 0x10, 0x00, 0x00, 0x00, 0x01, 
0x00, 0x00, 0x00, 0x00, 0x00, 0x00, 0x00, 0x68, 0x00, 0x00, 0x00, 0x19, 0x00, 0x00, 0x00, 0x10, 
0x00, 0x00, 0x00, 0x12, 0x00, 0x00, 0x00, 0x19, 0x00, 0x00, 0x00, 0x01, 0x00, 0x00, 0x00, 0x00, 
0x00, 0x00, 0x00, 0x69, 0x00, 0x00, 0x00, 0x19, 0x00, 0x00, 0x00, 0x07, 0x00, 0x00, 0x00, 0x09, 
0x00, 0x00, 0x00, 0x19, 0x00, 0x00, 0x00, 0x01, 0x00, 0x00, 0x00, 0x00, 0x00, 0x00, 0x00, 0x6A, 
0x00, 0x00, 0x00, 0x21, 0x00, 0x00, 0x00, 0x09, 0x00, 0x00, 0x00, 0x09, 0x00, 0x00, 0x00, 0x19, 
0xFF, 0xFF, 0xFF, 0xFD, 0x00, 0x00, 0x00, 0x00, 0x00, 0x00, 0x00, 0x6B, 0x00, 0x00, 0x00, 0x19, 
0x00, 0x00, 0x00, 0x11, 0x00, 0x00, 0x00, 0x12, 0x00, 0x00, 0x00, 0x19, 0x00, 0x00, 0x00, 0x01, 
0x00, 0x00, 0x00, 0x00, 0x00, 0x00, 0x00, 0x6C, 0x00, 0x00, 0x00, 0x19, 0x00, 0x00, 0x00, 0x07, 
0x00, 0x00, 0x00, 0x09, 0x00, 0x00, 0x00, 0x19, 0x00, 0x00, 0x00, 0x01, 0x00, 0x00, 0x00, 0x00, 
0x00, 0x00, 0x00, 0x6D, 0x00, 0x00, 0x00, 0x10, 0x00, 0x00, 0x00, 0x19, 0x00, 0x00, 0x00, 0x1B, 
0x00, 0x00, 0x00, 0x10, 0x00, 0x00, 0x00, 0x01, 0x00, 0x00, 0x00, 0x00, 0x00, 0x00, 0x00, 0x6E, 
0x00, 0x00, 0x00, 0x10, 0x00, 0x00, 0x00, 0x10, 0x00, 0x00, 0x00, 0x10, 0x00, 0x00, 0x00, 0x10, 
0x00, 0x00, 0x00, 0x00, 0x00, 0x00, 0x00, 0x00, 0x00, 0x00, 0x00, 0x6F, 0x00, 0x00, 0x00, 0x10, 
0x00, 0x00, 0x00, 0x10, 0x00, 0x00, 0x00, 0x12, 0x00, 0x00, 0x00, 0x10, 0x00, 0x00, 0x00, 0x01, 
0x00, 0x00, 0x00, 0x00, 0x00, 0x00, 0x00, 0x70, 0x00, 0x00, 0x00, 0x18, 0x00, 0x00, 0x00, 0x10, 
0x00, 0x00, 0x00, 0x12, 0x00, 0x00, 0x00, 0x10, 0x00, 0x00, 0x00, 0x01, 0x00, 0x00, 0x00, 0x00, 
0x00, 0x00, 0x00, 0x71, 0x00, 0x00, 0x00, 0x18, 0x00, 0x00, 0x00, 0x10, 0x00, 0x00, 0x00, 0x12, 
0x00, 0x00, 0x00, 0x10, 0x00, 0x00, 0x00, 0x02, 0x00, 0x00, 0x00, 0x00, 0x00, 0x00, 0x00, 0x72, 
0x00, 0x00, 0x00, 0x10, 0x00, 0x00, 0x00, 0x0B, 0x00, 0x00, 0x00, 0x0C, 0x00, 0x00, 0x00, 0x10, 
0x00, 0x00, 0x00, 0x01, 0x00, 0x00, 0x00, 0x00, 0x00, 0x00, 0x00, 0x73, 0x00, 0x00, 0x00, 0x10, 
0x00, 0x00, 0x00, 0x0B, 0x00, 0x00, 0x00, 0x0E, 0x00, 0x00, 0x00, 0x10, 0x00, 0x00, 0x00, 0x02, 
0x00, 0x00, 0x00, 0x00, 0x00, 0x00, 0x00, 0x74, 0x00, 0x00, 0x00, 0x15, 0x00, 0x00, 0x00, 0x0A, 
0x00, 0x00, 0x00, 0x0A, 0x00, 0x00, 0x00, 0x15, 0x00, 0x00, 0x00, 0x00, 0x00, 0x00, 0x00, 0x00, 
0x00, 0x00, 0x00, 0x75, 0x00, 0x00, 0x00, 0x10, 0x00, 0x00, 0x00, 0x10, 0x00, 0x00, 0x00, 0x11, 
0x00, 0x00, 0x00, 0x10, 0x00, 0x00, 0x00, 0x00, 0x00, 0x00, 0x00, 0x00, 0x00, 0x00, 0x00, 0x76, 
0x00, 0x00, 0x00, 0x10, 0x00, 0x00, 0x00, 0x12, 0x00, 0x00, 0x00, 0x11, 0x00, 0x00, 0x00, 0x10, 
0x00, 0x00, 0x00, 0x00, 0x00, 0x00, 0x00, 0x00, 0x00, 0x00, 0x00, 0x77, 0x00, 0x00, 0x00, 0x10, 
0x00, 0x00, 0x00, 0x1B, 0x00, 0x00, 0x00, 0x1A, 0x00, 0x00, 0x00, 0x10, 0x00, 0x00, 0x00, 0x00, 
0x00, 0x00, 0x00, 0x00, 0x00, 0x00, 0x00, 0x78, 0x00, 0x00, 0x00, 0x10, 0x00, 0x00, 0x00, 0x12, 
0x00, 0x00, 0x00, 0x12, 0x00, 0x00, 0x00, 0x10, 0x00, 0x00, 0x00, 0x00, 0x00, 0x00, 0x00, 0x00, 
0x00, 0x00, 0x00, 0x79, 0x00, 0x00, 0x00, 0x18, 0x00, 0x00, 0x00, 0x13, 0x00, 0x00, 0x00, 0x11, 
0x00, 0x00, 0x00, 0x10, 0xFF, 0xFF, 0xFF, 0xFF, 0x00, 0x00, 0x00, 0x00, 0x00, 0x00, 0x00, 0x7A, 
0x00, 0x00, 0x00, 0x10, 0x00, 0x00, 0x00, 0x0F, 0x00, 0x00, 0x00, 0x10, 0x00, 0x00, 0x00, 0x10, 
0x00, 0x00, 0x00, 0x00, 0x00, 0x00, 0x00, 0x00, 0x00, 0x00, 0x00, 0x7B, 0x00, 0x00, 0x00, 0x1F, 
0x00, 0x00, 0x00, 0x0A, 0x00, 0x00, 0x00, 0x11, 0x00, 0x00, 0x00, 0x18, 0x00, 0x00, 0x00, 0x04, 
0x00, 0x00, 0x00, 0x00, 0x00, 0x00, 0x00, 0x7C, 0x00, 0x00, 0x00, 0x21, 0x00, 0x00, 0x00, 0x01, 
0x00, 0x00, 0x00, 0x07, 0x00, 0x00, 0x00, 0x19, 0x00, 0x00, 0x00, 0x03, 0x00, 0x00, 0x00, 0x00, 
0x00, 0x00, 0x00, 0x7D, 0x00, 0x00, 0x00, 0x1F, 0x00, 0x00, 0x00, 0x0A, 0x00, 0x00, 0x00, 0x11, 
0x00, 0x00, 0x00, 0x18, 0x00, 0x00, 0x00, 0x03, 0x00, 0x00, 0x00, 0x00, 0x00, 0x00, 0x00, 0x7E, 
0x00, 0x00, 0x00, 0x04, 0x00, 0x00, 0x00, 0x14, 0x00, 0x00, 0x00, 0x14, 0x00, 0x00, 0x00, 0x0C, 
0x00, 0x00, 0x00, 0x00, 0x00, 0x00, 0x00, 0x00, 0x00, 0x00, 0x00, 0xA0, 0x00, 0x00, 0x00, 0x01, 
0x00, 0x00, 0x00, 0x01, 0x00, 0x00, 0x00, 0x09, 0x00, 0x00, 0x00, 0x48, 0xFF, 0xFF, 0xFF, 0xDC, 
0x00, 0x00, 0x00, 0x00, 0x00, 0x00, 0x00, 0xA6, 0x00, 0x00, 0x00, 0x21, 0x00, 0x00, 0x00, 0x01, 
0x00, 0x00, 0x00, 0x07, 0x00, 0x00, 0x00, 0x19, 0x00, 0x00, 0x00, 0x03, 0x00, 0x00, 0x00, 0x00, 
0x00, 0x00, 0x00, 0xA7, 0x00, 0x00, 0x00, 0x1F, 0x00, 0x00, 0x00, 0x0D, 0x00, 0x00, 0x00, 0x12, 
0x00, 0x00, 0x00, 0x18, 0x00, 0x00, 0x00, 0x03, 0x00, 0x00, 0x00, 0x00, 0x00, 0x00, 0x00, 0xA9, 
0x00, 0x00, 0x00, 0x18, 0x00, 0x00, 0x00, 0x19, 0x00, 0x00, 0x00, 0x1B, 0x00, 0x00, 0x00, 0x18, 
0x00, 0x00, 0x00, 0x01, 0x00, 0x00, 0x00, 0x00, 0x00, 0x00, 0x00, 0xAB, 0x00, 0x00, 0x00, 0x10, 
0x00, 0x00, 0x00, 0x0E, 0x00, 0x00, 0x00, 0x10, 0x00, 0x00, 0x00, 0x10, 0x00, 0x00, 0x00, 0x01, 
0x00, 0x00, 0x00, 0x00, 0x00, 0x00, 0x00, 0xAD, 0x00, 0x00, 0x00, 0x03, 0x00, 0x00, 0x00, 0x09, 
0x00, 0x00, 0x00, 0x0B, 0x00, 0x00, 0x00, 0x0A, 0x00, 0x00, 0x00, 0x01, 0x00, 0x00, 0x00, 0x00, 
0x00, 0x00, 0x00, 0xAE, 0x00, 0x00, 0x00, 0x18, 0x00, 0x00, 0x00, 0x19, 0x00, 0x00, 0x00, 0x1B, 
0x00, 0x00, 0x00, 0x18, 0x00, 0x00, 0x00, 0x01, 0x00, 0x00, 0x00, 0x00, 0x00, 0x00, 0x00, 0xB0, 
0x00, 0x00, 0x00, 0x0B, 0x00, 0x00, 0x00, 0x0B, 0x00, 0x00, 0x00, 0x0D, 0x00, 0x00, 0x00, 0x18, 
0x00, 0x00, 0x00, 0x01, 0x00, 0x00, 0x00, 0x00, 0x00, 0x00, 0x00, 0xB1, 0x00, 0x00, 0x00, 0x13, 
0x00, 0x00, 0x00, 0x13, 0x00, 0x00, 0x00, 0x14, 0x00, 0x00, 0x00, 0x15, 0x00, 0x00, 0x00, 0x00, 
0x00, 0x00, 0x00, 0x00, 0x00, 0x00, 0x00, 0xB4, 0x00, 0x00, 0x00, 0x06, 0x00, 0x00, 0x00, 0x05, 
0x00, 0x00, 0x00, 0x0B, 0x00, 0x00, 0x00, 0x18, 0x00, 0x00, 0x00, 0x04, 0x00, 0x00, 0x00, 0x00, 
0x00, 0x00, 0x00, 0xBB, 0x00, 0x00, 0x00, 0x10, 0x00, 0x00, 0x00, 0x0E, 0x00, 0x00, 0x00, 0x10, 
0x00, 0x00, 0x00, 0x10, 0x00, 0x00, 0x00, 0x01, 0x00, 0x00, 0x00, 0x00, 0x00, 0x00, 0x00, 0xD7, 
0x00, 0x00, 0x00, 0x0D, 0x00, 0x00, 0x00, 0x0D, 0x00, 0x00, 0x00, 0x14, 0x00, 0x00, 0x00, 0x12, 
0x00, 0x00, 0x00, 0x04, 0x00, 0x00, 0x00, 0x00, 0x00, 0x00, 0x00, 0xF7, 0x00, 0x00, 0x00, 0x0D, 
0x00, 0x00, 0x00, 0x13, 0x00, 0x00, 0x00, 0x14, 0x00, 0x00, 0x00, 0x12, 0x00, 0x00, 0x00, 0x00, 
0x00, 0x00, 0x00, 0x00, 0x00, 0x00, 0x04, 0x01, 0x00, 0x00, 0x00, 0x1F, 0x00, 0x00, 0x00, 0x16, 
0x00, 0x00, 0x00, 0x16, 0x00, 0x00, 0x00, 0x1F, 0x00, 0x00, 0x00, 0x00, 0x00, 0x00, 0x00, 0x00, 
0x00, 0x00, 0x04, 0x10, 0x00, 0x00, 0x00, 0x18, 0x00, 0x00, 0x00, 0x1B, 0x00, 0x00, 0x00, 0x19, 
0x00, 0x00, 0x00, 0x18, 0xFF, 0xFF, 0xFF, 0xFF, 0x00, 0x00, 0x00, 0x00, 0x00, 0x00, 0x04, 0x11, 
0x00, 0x00, 0x00, 0x18, 0x00, 0x00, 0x00, 0x12, 0x00, 0x00, 0x00, 0x15, 0x00, 0x00, 0x00, 0x18, 
0x00, 0x00, 0x00, 0x01, 0x00, 0x00, 0x00, 0x00, 0x00, 0x00, 0x04, 0x12, 0x00, 0x00, 0x00, 0x18, 
0x00, 0x00, 0x00, 0x15, 0x00, 0x00, 0x00, 0x18, 0x00, 0x00, 0x00, 0x18, 0x00, 0x00, 0x00, 0x01, 
0x00, 0x00, 0x00, 0x00, 0x00, 0x00, 0x04, 0x13, 0x00, 0x00, 0x00, 0x18, 0x00, 0x00, 0x00, 0x13, 
0x00, 0x00, 0x00, 0x15, 0x00, 0x00, 0x00, 0x18, 0x00, 0x00, 0x00, 0x01, 0x00, 0x00, 0x00, 0x00, 
0x00, 0x00, 0x04, 0x14, 0x00, 0x00, 0x00, 0x1F, 0x00, 0x00, 0x00, 0x17, 0x00, 0x00, 0x00, 0x19, 
0x00, 0x00, 0x00, 0x18, 0x00, 0x00, 0x00, 0x01, 0x00, 0x00, 0x00, 0x00, 0x00, 0x00, 0x04, 0x15, 
0x00, 0x00, 0x00, 0x18, 0x00, 0x00, 0x00, 0x14, 0x00, 0x00, 0x00, 0x16, 0x00, 0x00, 0x00, 0x18, 
0x00, 0x00, 0x00, 0x01, 0x00, 0x00, 0x00, 0x00, 0x00, 0x00, 0x04, 0x16, 0x00, 0x00, 0x00, 0x18, 
0x00, 0x00, 0x00, 0x1F, 0x00, 0x00, 0x00, 0x20, 0x00, 0x00, 0x00, 0x18, 0x00, 0x00, 0x00, 0x00, 
0x00, 0x00, 0x00, 0x00, 0x00, 0x00, 0x04, 0x17, 0x00, 0x00, 0x00, 0x18, 0x00, 0x00, 0x00, 0x10, 
0x00, 0x00, 0x00, 0x12, 0x00, 0x00, 0x00, 0x18, 0x00, 0x00, 0x00, 0x01, 0x00, 0x00, 0x00, 0x00, 
0x00, 0x00, 0x04, 0x18, 0x00, 0x00, 0x00, 0x18, 0x00, 0x00, 0x00, 0x18, 0x00, 0x00, 0x00, 0x1A, 
0x00, 0x00, 0x00, 0x18, 0x00, 0x00, 0x00, 0x01, 0x00, 0x00, 0x00, 0x00, 0x00, 0x00, 0x04, 0x19, 
0x00, 0x00, 0x00, 0x20, 0x00, 0x00, 0x00, 0x18, 0x00, 0x00, 0x00, 0x1A, 0x00, 0x00, 0x00, 0x20, 
0x00, 0x00, 0x00, 0x01, 0x00, 0x00, 0x00, 0x00, 0x00, 0x00, 0x04, 0x1A, 0x00, 0x00, 0x00, 0x18, 
0x00, 0x00, 0x00, 0x17, 0x00, 0x00, 0x00, 0x18, 0x00, 0x00, 0x00, 0x18, 0x00, 0x00, 0x00, 0x01, 
0x00, 0x00, 0x00, 0x00, 0x00, 0x00, 0x04, 0x1B, 0x00, 0x00, 0x00, 0x18, 0x00, 0x00, 0x00, 0x17, 
0x00, 0x00, 0x00, 0x18, 0x00, 0x00, 0x00, 0x18, 0x00, 0x00, 0x00, 0x00, 0x00, 0x00, 0x00, 0x00, 
0x00, 0x00, 0x04, 0x1C, 0x00, 0x00, 0x00, 0x18, 0x00, 0x00, 0x00, 0x1E, 0x00, 0x00, 0x00, 0x20, 
0x00, 0x00, 0x00, 0x18, 0x00, 0x00, 0x00, 0x01, 0x00, 0x00, 0x00, 0x00, 0x00, 0x00, 0x04, 0x1D, 
0x00, 0x00, 0x00, 0x18, 0x00, 0x00, 0x00, 0x18, 0x00, 0x00, 0x00, 0x1A, 0x00, 0x00, 0x00, 0x18, 
0x00, 0x00, 0x00, 0x01, 0x00, 0x00, 0x00, 0x00, 0x00, 0x00, 0x04, 0x1E, 0x00, 0x00, 0x00, 0x18, 
0x00, 0x00, 0x00, 0x18, 0x00, 0x00, 0x00, 0x1A, 0x00, 0x00, 0x00, 0x18, 0x00, 0x00, 0x00, 0x01, 
0x00, 0x00, 0x00, 0x00, 0x00, 0x00, 0x04, 0x1F, 0x00, 0x00, 0x00, 0x18, 0x00, 0x00, 0x00, 0x1A, 
0x00, 0x00, 0x00, 0x1A, 0x00, 0x00, 0x00, 0x18, 0x00, 0x00, 0x00, 0x00, 0x00, 0x00, 0x00, 0x00, 
0x00, 0x00, 0x04, 0x20, 0x00, 0x00, 0x00, 0x18, 0x00, 0x00, 0x00, 0x12, 0x00, 0x00, 0x00, 0x14, 
0x00, 0x00, 0x00, 0x18, 0x00, 0x00, 0x00, 0x01, 0x00, 0x00, 0x00, 0x00, 0x00, 0x00, 0x04, 0x21, 
0x00, 0x00, 0x00, 0x18, 0x00, 0x00, 0x00, 0x15, 0x00, 0x00, 0x00, 0x18, 0x00, 0x00, 0x00, 0x18, 
0x00, 0x00, 0x00, 0x01, 0x00, 0x00, 0x00, 0x00, 0x00, 0x00, 0x04, 0x22, 0x00, 0x00, 0x00, 0x18, 
0x00, 0x00, 0x00, 0x13, 0x00, 0x00, 0x00, 0x15, 0x00, 0x00, 0x00, 0x18, 0x00, 0x00, 0x00, 0x01, 
0x00, 0x00, 0x00, 0x00, 0x00, 0x00, 0x04, 0x23, 0x00, 0x00, 0x00, 0x18, 0x00, 0x00, 0x00, 0x19, 
0x00, 0x00, 0x00, 0x19, 0x00, 0x00, 0x00, 0x18, 0x00, 0x00, 0x00, 0x00, 0x00, 0x00, 0x00, 0x00, 
0x00, 0x00, 0x04, 0x24, 0x00, 0x00, 0x00, 0x18, 0x00, 0x00, 0x00, 0x1A, 0x00, 0x00, 0x00, 0x1C, 
0x00, 0x00, 0x00, 0x18, 0x00, 0x00, 0x00, 0x01, 0x00, 0x00, 0x00, 0x00, 0x00, 0x00, 0x04, 0x25, 
0x00, 0x00, 0x00, 0x18, 0x00, 0x00, 0x00, 0x1A, 0x00, 0x00, 0x00, 0x1A, 0x00, 0x00, 0x00, 0x18, 
0x00, 0x00, 0x00, 0x00, 0x00, 0x00, 0x00, 0x00, 0x00, 0x00, 0x04, 0x26, 0x00, 0x00, 0x00, 0x1F, 
0x00, 0x00, 0x00, 0x18, 0x00, 0x00, 0x00, 0x1A, 0x00, 0x00, 0x00, 0x18, 0x00, 0x00, 0x00, 0x01, 
0x00, 0x00, 0x00, 0x00, 0x00, 0x00, 0x04, 0x27, 0x00, 0x00, 0x00, 0x18, 0x00, 0x00, 0x00, 0x15, 
0x00, 0x00, 0x00, 0x17, 0x00, 0x00, 0x00, 0x18, 0x00, 0x00, 0x00, 0x01, 0x00, 0x00, 0x00, 0x00, 
0x00, 0x00, 0x04, 0x28, 0x00, 0x00, 0x00, 0x18, 0x00, 0x00, 0x00, 0x22, 0x00, 0x00, 0x00, 0x24, 
0x00, 0x00, 0x00, 0x18, 0x00, 0x00, 0x00, 0x01, 0x00, 0x00, 0x00, 0x00, 0x00, 0x00, 0x04, 0x29, 
0x00, 0x00, 0x00, 0x1F, 0x00, 0x00, 0x00, 0x22, 0x00, 0x00, 0x00, 0x24, 0x00, 0x00, 0x00, 0x18, 
0x00, 0x00, 0x00, 0x01, 0x00, 0x00, 0x00, 0x00, 0x00, 0x00, 0x04, 0x2A, 0x00, 0x00, 0x00, 0x18, 
0x00, 0x00, 0x00, 0x17, 0x00, 0x00, 0x00, 0x19, 0x00, 0x00, 0x00, 0x18, 0x00, 0x00, 0x00, 0x01, 
0x00, 0x00, 0x00, 0x00, 0x00, 0x00, 0x04, 0x2B, 0x00, 0x00, 0x00, 0x18, 0x00, 0x00, 0x00, 0x1C, 
0x00, 0x00, 0x00, 0x1F, 0x00, 0x00, 0x00, 0x18, 0x00, 0x00, 0x00, 0x01, 0x00, 0x00, 0x00, 0x00, 
0x00, 0x00, 0x04, 0x2C, 0x00, 0x00, 0x00, 0x18, 0x00, 0x00, 0x00, 0x12, 0x00, 0x00, 0x00, 0x15, 
0x00, 0x00, 0x00, 0x18, 0x00, 0x00, 0x00, 0x01, 0x00, 0x00, 0x00, 0x00, 0x00, 0x00, 0x04, 0x2D, 
0x00, 0x00, 0x00, 0x1A, 0x00, 0x00, 0x00, 0x16, 0x00, 0x00, 0x00, 0x18, 0x00, 0x00, 0x00, 0x19, 
0x00, 0x00, 0x00, 0x01, 0x00, 0x00, 0x00, 0x00, 0x00, 0x00, 0x04, 0x2E, 0x00, 0x00, 0x00, 0x18, 
0x00, 0x00, 0x00, 0x22, 0x00, 0x00, 0x00, 0x25, 0x00, 0x00, 0x00, 0x18, 0x00, 0x00, 0x00, 0x01, 
0x00, 0x00, 0x00, 0x00, 0x00, 0x00, 0x04, 0x2F, 0x00, 0x00, 0x00, 0x18, 0x00, 0x00, 0x00, 0x19, 
0x00, 0x00, 0x00, 0x18, 0x00, 0x00, 0x00, 0x18, 0xFF, 0xFF, 0xFF, 0xFF, 0x00, 0x00, 0x00, 0x00, 
0x00, 0x00, 0x04, 0x30, 0x00, 0x00, 0x00, 0x10, 0x00, 0x00, 0x00, 0x0F, 0x00, 0x00, 0x00, 0x10, 
0x00, 0x00, 0x00, 0x10, 0x00, 0x00, 0x00, 0x01, 0x00, 0x00, 0x00, 0x00, 0x00, 0x00, 0x04, 0x31, 
0x00, 0x00, 0x00, 0x19, 0x00, 0x00, 0x00, 0x10, 0x00, 0x00, 0x00, 0x12, 0x00, 0x00, 0x00, 0x19, 
0x00, 0x00, 0x00, 0x01, 0x00, 0x00, 0x00, 0x00, 0x00, 0x00, 0x04, 0x32, 0x00, 0x00, 0x00, 0x10, 
0x00, 0x00, 0x00, 0x0F, 0x00, 0x00, 0x00, 0x11, 0x00, 0x00, 0x00, 0x10, 0x00, 0x00, 0x00, 0x01, 
0x00, 0x00, 0x00, 0x00, 0x00, 0x00, 0x04, 0x33, 0x00, 0x00, 0x00, 0x10, 0x00, 0x00, 0x00, 0x0D, 
0x00, 0x00, 0x00, 0x0F, 0x00, 0x00, 0x00, 0x10, 0x00, 0x00, 0x00, 0x01, 0x00, 0x00, 0x00, 0x00, 
0x00, 0x00, 0x04, 0x34, 0x00, 0x00, 0x00, 0x14, 0x00, 0x00, 0x00, 0x11, 0x00, 0x00, 0x00, 0x12, 
0x00, 0x00, 0x00, 0x10, 0x00, 0x00, 0x00, 0x00, 0x00, 0x00, 0x00, 0x00, 0x00, 0x00, 0x04, 0x35, 
0x00, 0x00, 0x00, 0x10, 0x00, 0x00, 0x00, 0x0E, 0x00, 0x00, 0x00, 0x10, 0x00, 0x00, 0x00, 0x10, 
0x00, 0x00, 0x00, 0x01, 0x00, 0x00, 0x00, 0x00, 0x00, 0x00, 0x04, 0x36, 0x00, 0x00, 0x00, 0x10, 
0x00, 0x00, 0x00, 0x19, 0x00, 0x00, 0x00, 0x19, 0x00, 0x00, 0x00, 0x10, 0x00, 0x00, 0x00, 0x00, 
0x00, 0x00, 0x00, 0x00, 0x00, 0x00, 0x04, 0x37, 0x00, 0x00, 0x00, 0x10, 0x00, 0x00, 0x00, 0x0D, 
0x00, 0x00, 0x00, 0x0E, 0x00, 0x00, 0x00, 0x10, 0x00, 0x00, 0x00, 0x00, 0x00, 0x00, 0x00, 0x00, 
0x00, 0x00, 0x04, 0x38, 0x00, 0x00, 0x00, 0x10, 0x00, 0x00, 0x00, 0x11, 0x00, 0x00, 0x00, 0x13, 
0x00, 0x00, 0x00, 0x10, 0x00, 0x00, 0x00, 0x01, 0x00, 0x00, 0x00, 0x00, 0x00, 0x00, 0x04, 0x39, 
0x00, 0x00, 0x00, 0x17, 0x00, 0x00, 0x00, 0x11, 0x00, 0x00, 0x00, 0x13, 0x00, 0x00, 0x00, 0x17, 
0x00, 0x00, 0x00, 0x01, 0x00, 0x00, 0x00, 0x00, 0x00, 0x00, 0x04, 0x3A, 0x00, 0x00, 0x00, 0x10, 
0x00, 0x00, 0x00, 0x11, 0x00, 0x00, 0x00, 0x11, 0x00, 0x00, 0x00, 0x10, 0x00, 0x00, 0x00, 0x01, 
0x00, 0x00, 0x00, 0x00, 0x00, 0x00, 0x04, 0x3B, 0x00, 0x00, 0x00, 0x10, 0x00, 0x00, 0x00, 0x10, 
0x00, 0x00, 0x00, 0x12, 0x00, 0x00, 0x00, 0x10, 0x00, 0x00, 0x00, 0x01, 0x00, 0x00, 0x00, 0x00, 
0x00, 0x00, 0x04, 0x3C, 0x00, 0x00, 0x00, 0x10, 0x00, 0x00, 0x00, 0x14, 0x00, 0x00, 0x00, 0x17, 
0x00, 0x00, 0x00, 0x10, 0x00, 0x00, 0x00, 0x01, 0x00, 0x00, 0x00, 0x00, 0x00, 0x00, 0x04, 0x3D, 
0x00, 0x00, 0x00, 0x10, 0x00, 0x00, 0x00, 0x11, 0x00, 0x00, 0x00, 0x13, 0x00, 0x00, 0x00, 0x10, 
0x00, 0x00, 0x00, 0x01, 0x00, 0x00, 0x00, 0x00, 0x00, 0x00, 0x04, 0x3E, 0x00, 0x00, 0x00, 0x10, 
0x00, 0x00, 0x00, 0x10, 0x00, 0x00, 0x00, 0x12, 0x00, 0x00, 0x00, 0x10, 0x00, 0x00, 0x00, 0x01, 
0x00, 0x00, 0x00, 0x00, 0x00, 0x00, 0x04, 0x3F, 0x00, 0x00, 0x00, 0x10, 0x00, 0x00, 0x00, 0x11, 
0x00, 0x00, 0x00, 0x13, 0x00, 0x00, 0x00, 0x10, 0x00, 0x00, 0x00, 0x01, 0x00, 0x00, 0x00, 0x00, 
0x00, 0x00, 0x04, 0x40, 0x00, 0x00, 0x00, 0x18, 0x00, 0x00, 0x00, 0x10, 0x00, 0x00, 0x00, 0x12, 
0x00, 0x00, 0x00, 0x10, 0x00, 0x00, 0x00, 0x01, 0x00, 0x00, 0x00, 0x00, 0x00, 0x00, 0x04, 0x41, 
0x00, 0x00, 0x00, 0x10, 0x00, 0x00, 0x00, 0x0E, 0x00, 0x00, 0x00, 0x10, 0x00, 0x00, 0x00, 0x10, 
0x00, 0x00, 0x00, 0x01, 0x00, 0x00, 0x00, 0x00, 0x00, 0x00, 0x04, 0x42, 0x00, 0x00, 0x00, 0x10, 
0x00, 0x00, 0x00, 0x0F, 0x00, 0x00, 0x00, 0x10, 0x00, 0x00, 0x00, 0x10, 0x00, 0x00, 0x00, 0x00, 
0x00, 0x00, 0x00, 0x00, 0x00, 0x00, 0x04, 0x43, 0x00, 0x00, 0x00, 0x18, 0x00, 0x00, 0x00, 0x13, 
0x00, 0x00, 0x00, 0x11, 0x00, 0x00, 0x00, 0x10, 0xFF, 0xFF, 0xFF, 0xFF, 0x00, 0x00, 0x00, 0x00, 
0x00, 0x00, 0x04, 0x44, 0x00, 0x00, 0x00, 0x21, 0x00, 0x00, 0x00, 0x14, 0x00, 0x00, 0x00, 0x17, 
0x00, 0x00, 0x00, 0x19, 0x00, 0x00, 0x00, 0x02, 0x00, 0x00, 0x00, 0x00, 0x00, 0x00, 0x04, 0x45, 
0x00, 0x00, 0x00, 0x10, 0x00, 0x00, 0x00, 0x12, 0x00, 0x00, 0x00, 0x12, 0x00, 0x00, 0x00, 0x10, 
0x00, 0x00, 0x00, 0x00, 0x00, 0x00, 0x00, 0x00, 0x00, 0x00, 0x04, 0x46, 0x00, 0x00, 0x00, 0x14, 
0x00, 0x00, 0x00, 0x11, 0x00, 0x00, 0x00, 0x13, 0x00, 0x00, 0x00, 0x10, 0x00, 0x00, 0x00, 0x01, 
0x00, 0x00, 0x00, 0x00, 0x00, 0x00, 0x04, 0x47, 0x00, 0x00, 0x00, 0x10, 0x00, 0x00, 0x00, 0x10, 
0x00, 0x00, 0x00, 0x12, 0x00, 0x00, 0x00, 0x10, 0x00, 0x00, 0x00, 0x01, 0x00, 0x00, 0x00, 0x00, 
0x00, 0x00, 0x04, 0x48, 0x00, 0x00, 0x00, 0x10, 0x00, 0x00, 0x00, 0x19, 0x00, 0x00, 0x00, 0x1C, 
0x00, 0x00, 0x00, 0x10, 0x00, 0x00, 0x00, 0x01, 0x00, 0x00, 0x00, 0x00, 0x00, 0x00, 0x04, 0x49, 
0x00, 0x00, 0x00, 0x14, 0x00, 0x00, 0x00, 0x19, 0x00, 0x00, 0x00, 0x1C, 0x00, 0x00, 0x00, 0x10, 
0x00, 0x00, 0x00, 0x01, 0x00, 0x00, 0x00, 0x00, 0x00, 0x00, 0x04, 0x4A, 0x00, 0x00, 0x00, 0x10, 
0x00, 0x00, 0x00, 0x11, 0x00, 0x00, 0x00, 0x13, 0x00, 0x00, 0x00, 0x10, 0x00, 0x00, 0x00, 0x00, 
0x00, 0x00, 0x00, 0x00, 0x00, 0x00, 0x04, 0x4B, 0x00, 0x00, 0x00, 0x10, 0x00, 0x00, 0x00, 0x16, 
0x00, 0x00, 0x00, 0x18, 0x00, 0x00, 0x00, 0x10, 0x00, 0x00, 0x00, 0x01, 0x00, 0x00, 0x00, 0x00, 
0x00, 0x00, 0x04, 0x4C, 0x00, 0x00, 0x00, 0x10, 0x00, 0x00, 0x00, 0x0E, 0x00, 0x00, 0x00, 0x10, 
0x00, 0x00, 0x00, 0x10, 0x00, 0x00, 0x00, 0x01, 0x00, 0x00, 0x00, 0x00, 0x00, 0x00, 0x04, 0x4D, 
0x00, 0x00, 0x00, 0x12, 0x00, 0x00, 0x00, 0x0F, 0x00, 0x00, 0x00, 0x0F, 0x00, 0x00, 0x00, 0x11, 
0x00, 0x00, 0x00, 0x00, 0x00, 0x00, 0x00, 0x00, 0x00, 0x00, 0x04, 0x4E, 0x00, 0x00, 0x00, 0x10, 
0x00, 0x00, 0x00, 0x19, 0x00, 0x00, 0x00, 0x1B, 0x00, 0x00, 0x00, 0x10, 0x00, 0x00, 0x00, 0x01, 
0x00, 0x00, 0x00, 0x00, 0x00, 0x00, 0x04, 0x4F, 0x00, 0x00, 0x00, 0x10, 0x00, 0x00, 0x00, 0x11, 
0x00, 0x00, 0x00, 0x11, 0x00, 0x00, 0x00, 0x10, 0xFF, 0xFF, 0xFF, 0xFF, 0x00, 0x00, 0x00, 0x00, 
0x00, 0x00, 0x04, 0x51, 0x00, 0x00, 0x00, 0x19, 0x00, 0x00, 0x00, 0x0E, 0x00, 0x00, 0x00, 0x10, 
0x00, 0x00, 0x00, 0x18, 0x00, 0x00, 0x00, 0x01, 0x00, 0x00, 0x00, 0x00, 0x00, 0x00, 0x20, 0x0C, 
0x00, 0x00, 0x00, 0x01, 0x00, 0x00, 0x00, 0x01, 0x00, 0x00, 0x00, 0x00, 0x00, 0x00, 0x00, 0x48, 
0xFF, 0xFF, 0xFF, 0xDC, 0x00, 0x00, 0x00, 0x00, 0x00, 0x00, 0x20, 0x0D, 0x00, 0x00, 0x00, 0x01, 
0x00, 0x00, 0x00, 0x01, 0x00, 0x00, 0x00, 0x00, 0x00, 0x00, 0x00, 0x48, 0xFF, 0xFF, 0xFF, 0xDC, 
0x00, 0x00, 0x00, 0x00, 0x00, 0x00, 0x20, 0x0E, 0x00, 0x00, 0x00, 0x01, 0x00, 0x00, 0x00, 0x01, 
0x00, 0x00, 0x00, 0x00, 0x00, 0x00, 0x00, 0x48, 0xFF, 0xFF, 0xFF, 0xDC, 0x00, 0x00, 0x00, 0x00, 
0x00, 0x00, 0x20, 0x0F, 0x00, 0x00, 0x00, 0x01, 0x00, 0x00, 0x00, 0x01, 0x00, 0x00, 0x00, 0x00, 
0x00, 0x00, 0x00, 0x48, 0xFF, 0xFF, 0xFF, 0xDC, 0x00, 0x00, 0x00, 0x00, 0x00, 0x00, 0x20, 0x12, 
0x00, 0x00, 0x00, 0x01, 0x00, 0x00, 0x00, 0x12, 0x00, 0x00, 0x00, 0x12, 0x00, 0x00, 0x00, 0x09, 
0x00, 0x00, 0x00, 0x00, 0x00, 0x00, 0x00, 0x00, 0x00, 0x00, 0x20, 0x13, 0x00, 0x00, 0x00, 0x01, 
0x00, 0x00, 0x00, 0x12, 0x00, 0x00, 0x00, 0x12, 0x00, 0x00, 0x00, 0x09, 0x00, 0x00, 0x00, 0x00, 
0x00, 0x00, 0x00, 0x00, 0x00, 0x00, 0x20, 0x14, 0x00, 0x00, 0x00, 0x01, 0x00, 0x00, 0x00, 0x24, 
0x00, 0x00, 0x00, 0x24, 0x00, 0x00, 0x00, 0x09, 0x00, 0x00, 0x00, 0x00, 0x00, 0x00, 0x00, 0x00, 
0x00, 0x00, 0x20, 0x15, 0x00, 0x00, 0x00, 0x03, 0x00, 0x00, 0x00, 0x22, 0x00, 0x00, 0x00, 0x24, 
0x00, 0x00, 0x00, 0x0B, 0x00, 0x00, 0x00, 0x01, 0x00, 0x00, 0x00, 0x00, 0x00, 0x00, 0x20, 0x18, 
0x00, 0x00, 0x00, 0x08, 0x00, 0x00, 0x00, 0x05, 0x00, 0x00, 0x00, 0x0C, 0x00, 0x00, 0x00, 0x18, 
0x00, 0x00, 0x00, 0x03, 0x00, 0x00, 0x00, 0x00, 0x00, 0x00, 0x20, 0x19, 0x00, 0x00, 0x00, 0x08, 
0x00, 0x00, 0x00, 0x05, 0x00, 0x00, 0x00, 0x0C, 0x00, 0x00, 0x00, 0x18, 0x00, 0x00, 0x00, 0x03, 
0x00, 0x00, 0x00, 0x00, 0x00, 0x00, 0x20, 0x1A, 0x00, 0x00, 0x00, 0x08, 0x00, 0x00, 0x00, 0x05, 
0x00, 0x00, 0x00, 0x0C, 0x00, 0x00, 0x00, 0x03, 0x00, 0x00, 0x00, 0x03, 0x00, 0x00, 0x00, 0x00, 
0x00, 0x00, 0x20, 0x1B, 0x00, 0x00, 0x00, 0x09, 0x00, 0x00, 0x00, 0x05, 0x00, 0x00, 0x00, 0x0C, 
0x00, 0x00, 0x00, 0x18, 0x00, 0x00, 0x00, 0x03, 0x00, 0x00, 0x00, 0x00, 0x00, 0x00, 0x20, 0x1C, 
0x00, 0x00, 0x00, 0x08, 0x00, 0x00, 0x00, 0x0D, 0x00, 0x00, 0x00, 0x0F, 0x00, 0x00, 0x00, 0x18, 
0x00, 0x00, 0x00, 0x01, 0x00, 0x00, 0x00, 0x00, 0x00, 0x00, 0x20, 0x1D, 0x00, 0x00, 0x00, 0x08, 
0x00, 0x00, 0x00, 0x0D, 0x00, 0x00, 0x00, 0x10, 0x00, 0x00, 0x00, 0x18, 0x00, 0x00, 0x00, 0x01, 
0x00, 0x00, 0x00, 0x00, 0x00, 0x00, 0x20, 0x1E, 0x00, 0x00, 0x00, 0x08, 0x00, 0x00, 0x00, 0x0D, 
0x00, 0x00, 0x00, 0x0F, 0x00, 0x00, 0x00, 0x03, 0x00, 0x00, 0x00, 0x01, 0x00, 0x00, 0x00, 0x00, 
0x00, 0x00, 0x20, 0x1F, 0x00, 0x00, 0x00, 0x09, 0x00, 0x00, 0x00, 0x0D, 0x00, 0x00, 0x00, 0x10, 
0x00, 0x00, 0x00, 0x18, 0x00, 0x00, 0x00, 0x01, 0x00, 0x00, 0x00, 0x00, 0x00, 0x00, 0x20, 0x28, 
0x00, 0x00, 0x00, 0x01, 0x00, 0x00, 0x00, 0x01, 0x00, 0x00, 0x00, 0x00, 0x00, 0x00, 0x00, 0x48, 
0xFF, 0xFF, 0xFF, 0xDC, 0x00, 0x00, 0x00, 0x00, 0x00, 0x00, 0x20, 0x29, 0x00, 0x00, 0x00, 0x01, 
0x00, 0x00, 0x00, 0x01, 0x00, 0x00, 0x00, 0x00, 0x00, 0x00, 0x00, 0x48, 0xFF, 0xFF, 0xFF, 0xDC, 
0x00, 0x00, 0x00, 0x00, 0x00, 0x00, 0x20, 0x2A, 0x00, 0x00, 0x00, 0x01, 0x00, 0x00, 0x00, 0x01, 
0x00, 0x00, 0x00, 0x00, 0x00, 0x00, 0x00, 0x48, 0xFF, 0xFF, 0xFF, 0xDC, 0x00, 0x00, 0x00, 0x00, 
0x00, 0x00, 0x20, 0x2B, 0x00, 0x00, 0x00, 0x01, 0x00, 0x00, 0x00, 0x01, 0x00, 0x00, 0x00, 0x00, 
0x00, 0x00, 0x00, 0x48, 0xFF, 0xFF, 0xFF, 0xDC, 0x00, 0x00, 0x00, 0x00, 0x00, 0x00, 0x20, 0x2C, 
0x00, 0x00, 0x00, 0x01, 0x00, 0x00, 0x00, 0x01, 0x00, 0x00, 0x00, 0x00, 0x00, 0x00, 0x00, 0x48, 
0xFF, 0xFF, 0xFF, 0xDC, 0x00, 0x00, 0x00, 0x00, 0x00, 0x00, 0x20, 0x2D, 0x00, 0x00, 0x00, 0x01, 
0x00, 0x00, 0x00, 0x01, 0x00, 0x00, 0x00, 0x00, 0x00, 0x00, 0x00, 0x48, 0xFF, 0xFF, 0xFF, 0xDC, 
0x00, 0x00, 0x00, 0x00, 0x00, 0x00, 0x20, 0x2E, 0x00, 0x00, 0x00, 0x01, 0x00, 0x00, 0x00, 0x01, 
0x00, 0x00, 0x00, 0x00, 0x00, 0x00, 0x00, 0x48, 0xFF, 0xFF, 0xFF, 0xDC, 0x00, 0x00, 0x00, 0x00, 
0x00, 0x00, 0x20, 0x32, 0x00, 0x00, 0x00, 0x0A, 0x00, 0x00, 0x00, 0x04, 0x00, 0x00, 0x00, 0x08, 
0x00, 0x00, 0x00, 0x18, 0x00, 0x00, 0x00, 0x03, 0x00, 0x00, 0x00, 0x00, 0x00, 0x00, 0x20, 0x33, 
0x00, 0x00, 0x00, 0x0A, 0x00, 0x00, 0x00, 0x0A, 0x00, 0x00, 0x00, 0x0F, 0x00, 0x00, 0x00, 0x18, 
0x00, 0x00, 0x00, 0x03, 0x00, 0x00, 0x00, 0x00, 0x00, 0x00, 0x20, 0x39, 0x00, 0x00, 0x00, 0x10, 
0x00, 0x00, 0x00, 0x07, 0x00, 0x00, 0x00, 0x0C, 0x00, 0x00, 0x00, 0x10, 0x00, 0x00, 0x00, 0x02, 
0x00, 0x00, 0x00, 0x00, 0x00, 0x00, 0x20, 0x3A, 0x00, 0x00, 0x00, 0x10, 0x00, 0x00, 0x00, 0x07, 
0x00, 0x00, 0x00, 0x0C, 0x00, 0x00, 0x00, 0x10, 0x00, 0x00, 0x00, 0x03, 0x00, 0x00, 0x00, 0x00, 
0x00, 0x00, 0x20, 0x3E, 0x00, 0x00, 0x00, 0x02, 0x00, 0x00, 0x00, 0x0E, 0x00, 0x00, 0x00, 0x0C, 
0x00, 0x00, 0x00, 0x16, 0xFF, 0xFF, 0xFF, 0xFF, 0x00, 0x00, 0x00, 0x00, 0x00, 0x00, 0x20, 0x6A, 
0x00, 0x00, 0x00, 0x01, 0x00, 0x00, 0x00, 0x01, 0x00, 0x00, 0x00, 0x00, 0x00, 0x00, 0x00, 0x48, 
0xFF, 0xFF, 0xFF, 0xDC, 0x00, 0x00, 0x00, 0x00, 0x00, 0x00, 0x20, 0x6B, 0x00, 0x00, 0x00, 0x01, 
0x00, 0x00, 0x00, 0x01, 0x00, 0x00, 0x00, 0x00, 0x00, 0x00, 0x00, 0x48, 0xFF, 0xFF, 0xFF, 0xDC, 
0x00, 0x00, 0x00, 0x00, 0x00, 0x00, 0x20, 0x6C, 0x00, 0x00, 0x00, 0x01, 0x00, 0x00, 0x00, 0x01, 
0x00, 0x00, 0x00, 0x00, 0x00, 0x00, 0x00, 0x48, 0xFF, 0xFF, 0xFF, 0xDC, 0x00, 0x00, 0x00, 0x00, 
0x00, 0x00, 0x20, 0x6D, 0x00, 0x00, 0x00, 0x01, 0x00, 0x00, 0x00, 0x01, 0x00, 0x00, 0x00, 0x00, 
0x00, 0x00, 0x00, 0x48, 0xFF, 0xFF, 0xFF, 0xDC, 0x00, 0x00, 0x00, 0x00, 0x00, 0x00, 0x20, 0x6E, 
0x00, 0x00, 0x00, 0x01, 0x00, 0x00, 0x00, 0x01, 0x00, 0x00, 0x00, 0x00, 0x00, 0x00, 0x00, 0x48, 
0xFF, 0xFF, 0xFF, 0xDC, 0x00, 0x00, 0x00, 0x00, 0x00, 0x00, 0x20, 0x6F, 0x00, 0x00, 0x00, 0x01, 
0x00, 0x00, 0x00, 0x01, 0x00, 0x00, 0x00, 0x00, 0x00, 0x00, 0x00, 0x48, 0xFF, 0xFF, 0xFF, 0xDC, 
0x00, 0x00, 0x00, 0x00, 0x00, 0x00, 0x21, 0x90, 0x00, 0x00, 0x00, 0x0C, 0x00, 0x00, 0x00, 0x21, 
0x00, 0x00, 0x00, 0x24, 0x00, 0x00, 0x00, 0x10, 0x00, 0x00, 0x00, 0x01, 0x00, 0x00, 0x00, 0x00, 
0x00, 0x00, 0x21, 0x91, 0x00, 0x00, 0x00, 0x1F, 0x00, 0x00, 0x00, 0x0C, 0x00, 0x00, 0x00, 0x12, 
0x00, 0x00, 0x00, 0x18, 0x00, 0x00, 0x00, 0x03, 0x00, 0x00, 0x00, 0x00, 0x00, 0x00, 0x21, 0x92, 
0x00, 0x00, 0x00, 0x0C, 0x00, 0x00, 0x00, 0x21, 0x00, 0x00, 0x00, 0x24, 0x00, 0x00, 0x00, 0x10, 
0x00, 0x00, 0x00, 0x01, 0x00, 0x00, 0x00, 0x00, 0x00, 0x00, 0x21, 0x93, 0x00, 0x00, 0x00, 0x1F, 
0x00, 0x00, 0x00, 0x0C, 0x00, 0x00, 0x00, 0x12, 0x00, 0x00, 0x00, 0x18, 0x00, 0x00, 0x00, 0x03, 
0x00, 0x00, 0x00, 0x00, 0x00, 0x00, 0x21, 0x94, 0x00, 0x00, 0x00, 0x0C, 0x00, 0x00, 0x00, 0x21, 
0x00, 0x00, 0x00, 0x23, 0x00, 0x00, 0x00, 0x10, 0x00, 0x00, 0x00, 0x01, 0x00, 0x00, 0x00, 0x00, 
0x00, 0x00, 0x21, 0x95, 0x00, 0x00, 0x00, 0x21, 0x00, 0x00, 0x00, 0x0C, 0x00, 0x00, 0x00, 0x12, 
0x00, 0x00, 0x00, 0x18, 0x00, 0x00, 0x00, 0x03, 0x00, 0x00, 0x00, 0x00, 0x00, 0x00, 0x22, 0x1E, 
0x00, 0x00, 0x00, 0x0E, 0x00, 0x00, 0x00, 0x18, 0x00, 0x00, 0x00, 0x1A, 0x00, 0x00, 0x00, 0x10, 
0x00, 0x00, 0x00, 0x01, 0x00, 0x00, 0x00, 0x00, 0x00, 0x00, 0x22, 0x48, 0x00, 0x00, 0x00, 0x0C, 
0x00, 0x00, 0x00, 0x14, 0x00, 0x00, 0x00, 0x14, 0x00, 0x00, 0x00, 0x12, 0x00, 0x00, 0x00, 0x00, 
0x00, 0x00, 0x00, 0x00, 0x00, 0x00, 0x22, 0x60, 0x00, 0x00, 0x00, 0x1D, 0x00, 0x00, 0x00, 0x12, 
0x00, 0x00, 0x00, 0x12, 0x00, 0x00, 0x00, 0x18, 0x00, 0x00, 0x00, 0x00, 0x00, 0x00, 0x00, 0x00, 
0x00, 0x00, 0x26, 0x3A, 0x00, 0x00, 0x00, 0x16, 0x00, 0x00, 0x00, 0x16, 0x00, 0x00, 0x00, 0x25, 
0x00, 0x00, 0x00, 0x14, 0x00, 0x00, 0x00, 0x07, 0x00, 0x00, 0x00, 0x00, 0x00, 0x00, 0x26, 0x3B, 
0x00, 0x00, 0x00, 0x16, 0x00, 0x00, 0x00, 0x16, 0x00, 0x00, 0x00, 0x26, 0x00, 0x00, 0x00, 0x14, 
0x00, 0x00, 0x00, 0x08, 0x00, 0x00, 0x00, 0x00, 0x00, 0x00, 0x26, 0x3C, 0x00, 0x00, 0x00, 0x21, 
0x00, 0x00, 0x00, 0x21, 0x00, 0x00, 0x00, 0x21, 0x00, 0x00, 0x00, 0x1D, 0x00, 0x00, 0x00, 0x00, 
0x00, 0x00, 0x00, 0x00, 0x00, 0x00, 0x26, 0x40, 0x00, 0x00, 0x00, 0x22, 0x00, 0x00, 0x00, 0x12, 
0x00, 0x00, 0x00, 0x1B, 0x00, 0x00, 0x00, 0x1A, 0x00, 0x00, 0x00, 0x04, 0x00, 0x00, 0x00, 0x00, 
0x00, 0x00, 0x26, 0x42, 0x00, 0x00, 0x00, 0x21, 0x00, 0x00, 0x00, 0x17, 0x00, 0x00, 0x00, 0x1B, 
0x00, 0x00, 0x00, 0x1D, 0x00, 0x00, 0x00, 0x02, 0x00, 0x00, 0x00, 0x00, 0x00, 0x00, 0x26, 0x60, 
0x00, 0x00, 0x00, 0x16, 0x00, 0x00, 0x00, 0x11, 0x00, 0x00, 0x00, 0x13, 0x00, 0x00, 0x00, 0x16, 
0x00, 0x00, 0x00, 0x01, 0x00, 0x00, 0x00, 0x00, 0x00, 0x00, 0x26, 0x63, 0x00, 0x00, 0x00, 0x16, 
0x00, 0x00, 0x00, 0x17, 0x00, 0x00, 0x00, 0x19, 0x00, 0x00, 0x00, 0x16, 0x00, 0x00, 0x00, 0x01, 
0x00, 0x00, 0x00, 0x00, 0x00, 0x00, 0x26, 0x65, 0x00, 0x00, 0x00, 0x16, 0x00, 0x00, 0x00, 0x13, 
0x00, 0x00, 0x00, 0x15, 0x00, 0x00, 0x00, 0x16, 0x00, 0x00, 0x00, 0x01, 0x00, 0x00, 0x00, 0x00, 
0x00, 0x00, 0x26, 0x66, 0x00, 0x00, 0x00, 0x15, 0x00, 0x00, 0x00, 0x11, 0x00, 0x00, 0x00, 0x12, 
0x00, 0x00, 0x00, 0x15, 0x00, 0x00, 0x00, 0x01, 0x00, 0x00, 0x00, 0x00, 0x00, 0x00, 0x26, 0x6A, 
0x00, 0x00, 0x00, 0x19, 0x00, 0x00, 0x00, 0x11, 0x00, 0x00, 0x00, 0x12, 0x00, 0x00, 0x00, 0x18, 
0x00, 0x00, 0x00, 0x01, 0x00, 0x00, 0x00, 0x00, 0x00, 0x00, 0x26, 0x6B, 0x00, 0x00, 0x00, 0x1C, 
0x00, 0x00, 0x00, 0x17, 0x00, 0x00, 0x00, 0x1B, 0x00, 0x00, 0x00, 0x1A, 0x00, 0x00, 0x00, 0x01, 
0x00, 0x00, 0x00, 0x00, 0x00, 0x00, 0x00, 0x00, 0x00, 0x00, 0x00, 0x5D, 0xEC, 0x5F, 0xDD, 0xFF, 
0xDA, 0xFC, 0xFF, 0xFA, 0xF4, 0xFF, 0xF7, 0xE4, 0xFF, 0xE6, 0xD3, 0xFF, 0xD2, 0xC3, 0xFF, 0xBF, 
0xB2, 0xFF, 0xAB, 0xA1, 0xFF, 0x98, 0x90, 0xFF, 0x85, 0x7F, 0xFF, 0x71, 0x6E, 0xFF, 0x5E, 0x5D, 
0xFF, 0x4A, 0x4C, 0xFF, 0x37, 0x3B, 0xFF, 0x23, 0x2A, 0xFF, 0x10, 0x19, 0xFB, 0x01, 0x08, 0xE9, 
0x00, 0x00, 0x00, 0x00, 0x00, 0x00, 0x00, 0x00, 0x00, 0x00, 0x87, 0xF3, 0x87, 0xF4, 0xFF, 0xF3, 
0x87, 0xF4, 0x87, 0x80, 0xF2, 0x75, 0x00, 0x00, 0x00, 0x7D, 0xF2, 0x7C, 0xEF, 0xFF, 0xF1, 0x00, 
0x00, 0x00, 0xEF, 0xFF, 0xF2, 0xFB, 0xFF, 0xF4, 0x00, 0x00, 0x00, 0xFB, 0xFF, 0xF5, 0xE5, 0xFF, 
0xDA, 0x00, 0x00, 0x00, 0xE4, 0xFF, 0xDF, 0xC6, 0xFF, 0xBA, 0x00, 0x00, 0x00, 0xC1, 0xFF, 0xB5, 
0xA4, 0xFF, 0x99, 0x00, 0x00, 0x00, 0x9F, 0xFF, 0x8F, 0x80, 0xFF, 0x77, 0x00, 0x00, 0x00, 0x7B, 
0xFF, 0x6F, 0x5B, 0xFF, 0x55, 0x00, 0x00, 0x00, 0x58, 0xFF, 0x4F, 0x37, 0xFF, 0x33, 0x00, 0x00, 
0x00, 0x35, 0xFF, 0x2F, 0x12, 0xFF, 0x11, 0x00, 0x00, 0x00, 0x12, 0xFF, 0x0F, 0x00, 0x00, 0x00, 
0x00, 0x00, 0x19, 0xE1, 0x00, 0x00, 0x00, 0x00, 0x00, 0x19, 0xE1, 0x00, 0x00, 0x00, 0x00, 0x00, 
0x00, 0x4D, 0xAE, 0x00, 0x00, 0x00, 0x00, 0x00, 0x4D, 0xAE, 0x00, 0x00, 0x00, 0x00, 0x00, 0x00, 
0x80, 0x7B, 0x00, 0x00, 0x00, 0x00, 0x00, 0x80, 0x7B, 0x00, 0x00, 0x00, 0x00, 0x00, 0x00, 0xB3, 
0x48, 0x00, 0x00, 0x00, 0x00, 0x00, 0xB3, 0x48, 0x00, 0x00, 0x00, 0x00, 0x00, 0x00, 0xE6, 0x15, 
0x00, 0x00, 0x00, 0x00, 0x00, 0xE6, 0x15, 0x00, 0x00, 0x00, 0x00, 0x00, 0x19, 0xE2, 0x00, 0x00, 
0x00, 0x00, 0x00, 0x19, 0xE2, 0x00, 0x00, 0x00, 0x00, 0x00, 0x00, 0x4C, 0xAF, 0x00, 0x00, 0x00, 
0x00, 0x00, 0x4C, 0xAF, 0x00, 0x00, 0x00, 0x00, 0x00, 0x00, 0x7F, 0x7C, 0x00, 0x00, 0x00, 0x00, 
0x00, 0x7F, 0x7C, 0x00, 0x00, 0x00, 0x00, 0x00, 0x00, 0xB2, 0x49, 0x00, 0x00, 0x00, 0x00, 0x00, 
0xB2, 0x49, 0x00, 0x00, 0xFF, 0xFF, 0xFF, 0xFF, 0xFF, 0xFF, 0xFF, 0xFF, 0xFF, 0xFF, 0xFF, 0xFF, 
0xFF, 0xFF, 0xFF, 0x00, 0x00, 0x00, 0x19, 0xE1, 0x00, 0x00, 0x00, 0x00, 0x00, 0x19, 0xE1, 0x00, 
0x00, 0x00, 0x00, 0x00, 0x00, 0x4D, 0xAE, 0x00, 0x00, 0x00, 0x00, 0x00, 0x4D, 0xAE, 0x00, 0x00, 
0x00, 0x00, 0x00, 0x00, 0x81, 0x7B, 0x00, 0x00, 0x00, 0x00, 0x00, 0x81, 0x7B, 0x00, 0x00, 0x00, 
0x00, 0x00, 0x00, 0xB4, 0x47, 0x00, 0x00, 0x00, 0x00, 0x00, 0xB4, 0x47, 0x00, 0x00, 0x00, 0x00, 
0x00, 0x00, 0xE7, 0x14, 0x00, 0x00, 0x00, 0x00, 0x00, 0xE7, 0x14, 0x00, 0x00, 0x00, 0x00, 0x00, 
0x1A, 0xE1, 0x00, 0x00, 0x00, 0x00, 0x00, 0x1A, 0xE1, 0x00, 0x00, 0x00, 0x00, 0xFF, 0xFF, 0xFF, 
0xFF, 0xFF, 0xFF, 0xFF, 0xFF, 0xFF, 0xFF, 0xFF, 0xFF, 0xFF, 0xFF, 0xFF, 0x00, 0x00, 0x82, 0x79, 
0x00, 0x00, 0x00, 0x00, 0x00, 0x82, 0x79, 0x00, 0x00, 0x00, 0x00, 0x00, 0x00, 0xB5, 0x46, 0x00, 
0x00, 0x00, 0x00, 0x00, 0xB5, 0x46, 0x00, 0x00, 0x00, 0x00, 0x00, 0x00, 0xE7, 0x14, 0x00, 0x00, 
0x00, 0x00, 0x00, 0xE7, 0x14, 0x00, 0x00, 0x00, 0x00, 0x00, 0x1B, 0xE0, 0x00, 0x00, 0x00, 0x00, 
0x00, 0x1B, 0xE0, 0x00, 0x00, 0x00, 0x00, 0x00, 0x00, 0x4E, 0xAD, 0x00, 0x00, 0x00, 0x00, 0x00, 
0x4E, 0xAD, 0x00, 0x00, 0x00, 0x00, 0x00, 0x00, 0x81, 0x7A, 0x00, 0x00, 0x00, 0x00, 0x00, 0x81, 
0x7A, 0x00, 0x00, 0x00, 0x00, 0x00, 0x00, 0xB4, 0x47, 0x00, 0x00, 0x00, 0x00, 0x00, 0xB4, 0x47, 
0x00, 0x00, 0x00, 0x00, 0x00, 0x00, 0xE6, 0x15, 0x00, 0x00, 0x00, 0x00, 0x00, 0xE6, 0x15, 0x00, 
0x00, 0x00, 0x00, 0x00, 0x00, 0x00, 0x00, 0x00, 0x00, 0x00, 0xFF, 0x00, 0x00, 0x00, 0x00, 0x00, 
0x00, 0x00, 0x00, 0x00, 0x00, 0x00, 0x00, 0x00, 0x00, 0xFF, 0x00, 0x00, 0x00, 0x00, 0x00, 0x00, 
0x00, 0x00, 0x00, 0x00, 0x02, 0x59, 0xB2, 0xE8, 0xFF, 0xF6, 0xE2, 0xC2, 0x91, 0x4F, 0x0E, 0x00, 
0x00, 0x00, 0x1D, 0xCC, 0xFF, 0x91, 0x26, 0xFF, 0x0F, 0x3E, 0x8C, 0xF2, 0xFF, 0xFB, 0xC2, 0x00, 
0x0E, 0xD9, 0xFF, 0x90, 0x00, 0x00, 0xFF, 0x00, 0x00, 0x00, 0x1A, 0xCC, 0xFF, 0xFF, 0x00, 0x82, 
0xFF, 0xFF, 0x26, 0x00, 0x00, 0xFF, 0x00, 0x00, 0x00, 0x00, 0x18, 0xF0, 0xFF, 0x00, 0xDA, 0xFF, 
0xFF, 0x08, 0x00, 0x00, 0xFF, 0x00, 0x00, 0x00, 0x00, 0x00, 0x89, 0xFF, 0x00, 0xF9, 0xFF, 0xFF, 
0x22, 0x00, 0x00, 0xFF, 0x00, 0x00, 0x00, 0x00, 0x00, 0x3D, 0xFF, 0x00, 0xE5, 0xFF, 0xFF, 0x77, 
0x00, 0x00, 0xFF, 0x00, 0x00, 0x00, 0x00, 0x00, 0x12, 0xFF, 0x00, 0xB6, 0xFF, 0xFF, 0xEF, 0x22, 
0x00, 0xFF, 0x00, 0x00, 0x00, 0x00, 0x00, 0x00, 0x00, 0x00, 0x48, 0xFF, 0xFF, 0xFF, 0xD8, 0x1E, 
0xFF, 0x00, 0x00, 0x00, 0x00, 0x00, 0x00, 0x00, 0x00, 0x00, 0x9A, 0xFF, 0xFF, 0xFF, 0xE4, 0xFF, 
0x00, 0x00, 0x00, 0x00, 0x00, 0x00, 0x00, 0x00, 0x00, 0x03, 0x9C, 0xFF, 0xFF, 0xFF, 0xFF, 0x90, 
0x0F, 0x00, 0x00, 0x00, 0x00, 0x00, 0x00, 0x00, 0x00, 0x00, 0x70, 0xFA, 0xFF, 0xFF, 0xFF, 0xE9, 
0x5F, 0x00, 0x00, 0x00, 0x00, 0x00, 0x00, 0x00, 0x00, 0x00, 0x33, 0xD3, 0xFF, 0xFF, 0xFF, 0xFF, 
0xBD, 0x23, 0x00, 0x00, 0x00, 0x00, 0x00, 0x00, 0x00, 0x00, 0x06, 0xFF, 0xFE, 0xFF, 0xFF, 0xFF, 
0xF3, 0x60, 0x00, 0x00, 0x00, 0x00, 0x00, 0x00, 0x00, 0x00, 0xFF, 0x36, 0xC6, 0xFF, 0xFF, 0xFF, 
0xFF, 0x88, 0x00, 0x00, 0x00, 0x00, 0x00, 0x00, 0x00, 0xFF, 0x00, 0x01, 0x68, 0xF5, 0xFF, 0xFF, 
0xFF, 0x56, 0x00, 0x00, 0x00, 0x00, 0x00, 0x00, 0xFF, 0x00, 0x00, 0x00, 0x2E, 0xEC, 0xFF, 0xFF, 
0xC6, 0x00, 0x00, 0x00, 0x00, 0x00, 0x00, 0xFF, 0x00, 0x00, 0x00, 0x00, 0x61, 0xFF, 0xFF, 0xF5, 
0xFF, 0x11, 0x00, 0x00, 0x00, 0x00, 0xFF, 0x00, 0x00, 0x00, 0x00, 0x12, 0xFF, 0xFF, 0xEE, 0xFF, 
0x44, 0x00, 0x00, 0x00, 0x00, 0xFF, 0x00, 0x00, 0x00, 0x00, 0x1D, 0xFF, 0xFF, 0xB1, 0xFF, 0xA8, 
0x00, 0x00, 0x00, 0x00, 0xFF, 0x00, 0x00, 0x00, 0x00, 0x83, 0xFF, 0xFB, 0x35, 0xFF, 0xFF, 0x62, 
0x00, 0x00, 0x00, 0xFF, 0x00, 0x00, 0x00, 0x59, 0xFC, 0xFD, 0x61, 0x00, 0xEB, 0xFF, 0xFF, 0xAE, 
0x4A, 0x13, 0xFF, 0x18, 0x4F, 0xB0, 0xFF, 0xD8, 0x3F, 0x00, 0x00, 0x04, 0x44, 0x89, 0xB9, 0xD6, 
0xF2, 0xFF, 0xF0, 0xCF, 0x97, 0x49, 0x01, 0x00, 0x00, 0x00, 0x00, 0x00, 0x00, 0x00, 0x00, 0x00, 
0xFF, 0x00, 0x00, 0x00, 0x00, 0x00, 0x00, 0x00, 0x00, 0x00, 0x00, 0x00, 0x00, 0x00, 0x00, 0xFF, 
0x00, 0x00, 0x00, 0x00, 0x00, 0x00, 0x00, 0x00, 0x00, 0x00, 0x27, 0xA5, 0xE9, 0xF2, 0xBE, 0x3F, 
0x00, 0x00, 0x00, 0x00, 0x00, 0x00, 0x00, 0x00, 0x00, 0x00, 0x00, 0x00, 0x00, 0x00, 0xAE, 0x50, 
0x00, 0x00, 0x00, 0x00, 0x00, 0x3E, 0xF1, 0xE9, 0x2C, 0x34, 0xEF, 0xFD, 0x4F, 0x00, 0x00, 0x00, 
0x00, 0x00, 0x00, 0x00, 0x00, 0x00, 0x00, 0x00, 0x00, 0x71, 0x8F, 0x00, 0x00, 0x00, 0x00, 0x00, 
0x0B, 0xE3, 0xFF, 0x70, 0x00, 0x00, 0x82, 0xFF, 0xEC, 0x0F, 0x00, 0x00, 0x00, 0x00, 0x00, 0x00, 
0x00, 0x00, 0x00, 0x00, 0x36, 0xC3, 0x05, 0x00, 0x00, 0x00, 0x00, 0x00, 0x6D, 0xFF, 0xFF, 0x31, 
0x00, 0x00, 0x3F, 0xFF, 0xFF, 0x72, 0x00, 0x00, 0x00, 0x00, 0x00, 0x00, 0x00, 0x00, 0x00, 0x10, 
0xCE, 0x20, 0x00, 0x00, 0x00, 0x00, 0x00, 0x00, 0xBD, 0xFF, 0xFF, 0x13, 0x00, 0x00, 0x1B, 0xFF, 
0xFF, 0xC0, 0x00, 0x00, 0x00, 0x00, 0x00, 0x00, 0x00, 0x00, 0x00, 0xAF, 0x4F, 0x00, 0x00, 0x00, 
0x00, 0x00, 0x00, 0x00, 0xE6, 0xFF, 0xFF, 0x05, 0x00, 0x00, 0x08, 0xFF, 0xFF, 0xEC, 0x00, 0x00, 
0x00, 0x00, 0x00, 0x00, 0x00, 0x00, 0x71, 0x8E, 0x00, 0x00, 0x00, 0x00, 0x00, 0x00, 0x00, 0x00, 
0xF9, 0xFF, 0xFF, 0x01, 0x00, 0x00, 0x02, 0xFF, 0xFF, 0xFB, 0x00, 0x00, 0x00, 0x00, 0x00, 0x00, 
0x00, 0x37, 0xC3, 0x05, 0x00, 0x00, 0x00, 0x00, 0x00, 0x00, 0x00, 0x00, 0xE9, 0xFF, 0xFF, 0x05, 
0x00, 0x00, 0x08, 0xFF, 0xFF, 0xF0, 0x00, 0x00, 0x00, 0x00, 0x00, 0x00, 0x11, 0xCE, 0x1F, 0x00, 
0x00, 0x00, 0x00, 0x00, 0x00, 0x00, 0x00, 0x00, 0xC2, 0xFF, 0xFF, 0x14, 0x00, 0x00, 0x1A, 0xFF, 
0xFF, 0xCC, 0x00, 0x00, 0x00, 0x00, 0x00, 0x00, 0xB0, 0x4F, 0x00, 0x00, 0x00, 0x00, 0x00, 0x00, 
0x00, 0x00, 0x00, 0x00, 0x73, 0xFF, 0xFF, 0x34, 0x00, 0x00, 0x3F, 0xFF, 0xFF, 0x87, 0x00, 0x00, 
0x00, 0x00, 0x00, 0x72, 0x8E, 0x00, 0x00, 0x00, 0x00, 0x00, 0x00, 0x00, 0x00, 0x00, 0x00, 0x00, 
0x10, 0xE9, 0xFF, 0x77, 0x00, 0x00, 0x86, 0xFF, 0xF4, 0x1E, 0x00, 0x00, 0x00, 0x00, 0x37, 0xC3, 
0x05, 0x00, 0x00, 0x00, 0x00, 0x00, 0x00, 0x00, 0x00, 0x00, 0x00, 0x00, 0x00, 0x48, 0xF7, 0xEA, 
0x27, 0x39, 0xF1, 0xFB, 0x56, 0x00, 0x00, 0x00, 0x00, 0x11, 0xCE, 0x1F, 0x00, 0x00, 0x00, 0x00, 
0x2D, 0xAC, 0xEC, 0xE9, 0xA3, 0x24, 0x00, 0x00, 0x00, 0x00, 0x33, 0xB1, 0xEC, 0xF3, 0xB9, 0x39, 
0x00, 0x00, 0x00, 0x00, 0x00, 0xB0, 0x4E, 0x00, 0x00, 0x00, 0x00, 0x45, 0xF5, 0xEE, 0x33, 0x36, 
0xF0, 0xF0, 0x3C, 0x00, 0x00, 0x00, 0x00, 0x00, 0x00, 0x00, 0x00, 0x00, 0x00, 0x00, 0x00, 0x00, 
0x73, 0x8D, 0x00, 0x00, 0x00, 0x00, 0x0E, 0xE7, 0xFF, 0x7D, 0x00, 0x00, 0x83, 0xFF, 0xE4, 0x0C, 
0x00, 0x00, 0x00, 0x00, 0x00, 0x00, 0x00, 0x00, 0x00, 0x00, 0x00, 0x37, 0xC2, 0x05, 0x00, 0x00, 
0x00, 0x00, 0x70, 0xFF, 0xFF, 0x3B, 0x00, 0x00, 0x3E, 0xFF, 0xFF, 0x6F, 0x00, 0x00, 0x00, 0x00, 
0x00, 0x00, 0x00, 0x00, 0x00, 0x00, 0x11, 0xCF, 0x1F, 0x00, 0x00, 0x00, 0x00, 0x00, 0xC0, 0xFF, 
0xFF, 0x19, 0x00, 0x00, 0x1B, 0xFF, 0xFF, 0xBE, 0x00, 0x00, 0x00, 0x00, 0x00, 0x00, 0x00, 0x00, 
0x00, 0x00, 0xB1, 0x4E, 0x00, 0x00, 0x00, 0x00, 0x00, 0x00, 0xE7, 0xFF, 0xFF, 0x07, 0x00, 0x00, 
0x08, 0xFF, 0xFF, 0xE7, 0x00, 0x00, 0x00, 0x00, 0x00, 0x00, 0x00, 0x00, 0x00, 0x73, 0x8C, 0x00, 
0x00, 0x00, 0x00, 0x00, 0x00, 0x00, 0xFA, 0xFF, 0xFF, 0x01, 0x00, 0x00, 0x02, 0xFF, 0xFF, 0xFA, 
0x00, 0x00, 0x00, 0x00, 0x00, 0x00, 0x00, 0x00, 0x38, 0xC2, 0x05, 0x00, 0x00, 0x00, 0x00, 0x00, 
0x00, 0x00, 0xE8, 0xFF, 0xFF, 0x06, 0x00, 0x00, 0x08, 0xFF, 0xFF, 0xF0, 0x00, 0x00, 0x00, 0x00, 
0x00, 0x00, 0x00, 0x12, 0xCF, 0x1E, 0x00, 0x00, 0x00, 0x00, 0x00, 0x00, 0x00, 0x00, 0xC2, 0xFF, 
0xFF, 0x15, 0x00, 0x00, 0x19, 0xFF, 0xFF, 0xCC, 0x00, 0x00, 0x00, 0x00, 0x00, 0x00, 0x00, 0xB1, 
0x4D, 0x00, 0x00, 0x00, 0x00, 0x00, 0x00, 0x00, 0x00, 0x00, 0x71, 0xFF, 0xFF, 0x38, 0x00, 0x00, 
0x3F, 0xFF, 0xFF, 0x89, 0x00, 0x00, 0x00, 0x00, 0x00, 0x00, 0x74, 0x8C, 0x00, 0x00, 0x00, 0x00, 
0x00, 0x00, 0x00, 0x00, 0x00, 0x00, 0x0D, 0xE5, 0xFF, 0x7A, 0x00, 0x00, 0x87, 0xFF, 0xF5, 0x1F, 
0x00, 0x00, 0x00, 0x00, 0x00, 0x38, 0xC2, 0x05, 0x00, 0x00, 0x00, 0x00, 0x00, 0x00, 0x00, 0x00, 
0x00, 0x00, 0x00, 0x3E, 0xF2, 0xEC, 0x31, 0x3C, 0xF4, 0xFC, 0x58, 0x00, 0x00, 0x00, 0x00, 0x00, 
0x12, 0xCF, 0x1E, 0x00, 0x00, 0x00, 0x00, 0x00, 0x00, 0x00, 0x00, 0x00, 0x00, 0x00, 0x00, 0x00, 
0x28, 0xA8, 0xEB, 0xF3, 0xB9, 0x3A, 0x00, 0x00, 0x00, 0x00, 0x00, 0x00, 0x00, 0x00, 0x00, 0x00, 
0x0B, 0x74, 0xC8, 0xF1, 0xF9, 0xD8, 0x83, 0x0B, 0x00, 0x00, 0x00, 0x00, 0x00, 0x00, 0x00, 0x00, 
0x00, 0x00, 0x00, 0x00, 0x00, 0x00, 0x00, 0x00, 0x00, 0x30, 0xE2, 0xFE, 0x7C, 0x16, 0x11, 0x63, 
0xF4, 0xD1, 0x10, 0x00, 0x00, 0x00, 0x00, 0x00, 0x00, 0x00, 0x00, 0x00, 0x00, 0x00, 0x00, 0x00, 
0x00, 0x00, 0x19, 0xED, 0xFF, 0x95, 0x00, 0x00, 0x00, 0x00, 0x6B, 0xFF, 0x95, 0x00, 0x00, 0x00, 
0x00, 0x00, 0x00, 0x00, 0x00, 0x00, 0x00, 0x00, 0x00, 0x00, 0x00, 0x00, 0x92, 0xFF, 0xFF, 0x26, 
0x00, 0x00, 0x00, 0x00, 0x17, 0xFF, 0xE8, 0x00, 0x00, 0x00, 0x00, 0x00, 0x00, 0x00, 0x00, 0x00, 
0x00, 0x00, 0x00, 0x00, 0x00, 0x00, 0xDD, 0xFF, 0xFF, 0x06, 0x00, 0x00, 0x00, 0x00, 0x0B, 0xFF, 
0xF7, 0x00, 0x00, 0x00, 0x00, 0x00, 0x00, 0x00, 0x00, 0x00, 0x00, 0x00, 0x00, 0x00, 0x00, 0x00, 
0xF8, 0xFF, 0xFF, 0x1E, 0x00, 0x00, 0x00, 0x00, 0x43, 0xFF, 0xCD, 0x00, 0x00, 0x00, 0x00, 0x00, 
0x00, 0x00, 0x00, 0x00, 0x00, 0x00, 0x00, 0x00, 0x00, 0x00, 0xED, 0xFF, 0xFF, 0x55, 0x00, 0x00, 
0x00, 0x01, 0xBE, 0xFF, 0x5F, 0x00, 0x00, 0x00, 0x00, 0x00, 0x00, 0x00, 0x00, 0x00, 0x00, 0x00, 
0x00, 0x00, 0x00, 0x00, 0xD5, 0xFF, 0xFF, 0xA2, 0x00, 0x00, 0x01, 0x8E, 0xFF, 0x99, 0x00, 0x00, 
0x00, 0x00, 0x00, 0x00, 0x00, 0x00, 0x00, 0x00, 0x00, 0x00, 0x00, 0x00, 0x00, 0x00, 0xA8, 0xFF, 
0xFF, 0xF2, 0x09, 0x1D, 0xB5, 0xF9, 0x73, 0x00, 0x00, 0x00, 0x00, 0x00, 0x00, 0x00, 0x00, 0x00, 
0x00, 0x00, 0x00, 0x00, 0x00, 0x00, 0x00, 0x00, 0x66, 0xFF, 0xFF, 0xFF, 0xBB, 0xF7, 0xB6, 0x26, 
0x00, 0x00, 0x00, 0xFF, 0xFF, 0xFF, 0xFF, 0xFF, 0xFF, 0xFF, 0x00, 0x00, 0x00, 0x00, 0x00, 0x00, 
0x00, 0x00, 0x20, 0xFF, 0xFF, 0xFF, 0xFF, 0x4E, 0x00, 0x00, 0x00, 0x00, 0x00, 0x2A, 0xE1, 0xFF, 
0xFF, 0xDB, 0x53, 0x15, 0x00, 0x00, 0x00, 0x00, 0x00, 0x00, 0x00, 0x4B, 0xD9, 0xFD, 0xFF, 0xFF, 
0xFF, 0x86, 0x00, 0x00, 0x00, 0x00, 0x00, 0x00, 0x82, 0xFF, 0xE6, 0x1B, 0x00, 0x00, 0x00, 0x00, 
0x00, 0x00, 0x00, 0x12, 0xA8, 0xFF, 0xC4, 0x2D, 0xEC, 0xFF, 0xFF, 0xF5, 0x1A, 0x00, 0x00, 0x00, 
0x00, 0x00, 0xA2, 0xFD, 0x40, 0x00, 0x00, 0x00, 0x00, 0x00, 0x00, 0x00, 0x2B, 0xDF, 0xFF, 0xB8, 
0x04, 0x00, 0x67, 0xFF, 0xFF, 0xFF, 0xA3, 0x00, 0x00, 0x00, 0x00, 0x19, 0xF6, 0x87, 0x00, 0x00, 
0x00, 0x00, 0x00, 0x00, 0x00, 0x26, 0xEC, 0xFF, 0xE0, 0x0E, 0x00, 0x00, 0x01, 0xC3, 0xFF, 0xFF, 
0xFE, 0x3F, 0x00, 0x00, 0x01, 0xB0, 0xC6, 0x04, 0x00, 0x00, 0x00, 0x00, 0x00, 0x00, 0x05, 0xD2, 
0xFF, 0xFF, 0x6C, 0x00, 0x00, 0x00, 0x00, 0x25, 0xF3, 0xFF, 0xFF, 0xD9, 0x09, 0x00, 0x7E, 0xED, 
0x1E, 0x00, 0x00, 0x00, 0x00, 0x00, 0x00, 0x00, 0x65, 0xFF, 0xFF, 0xFF, 0x23, 0x00, 0x00, 0x00, 
0x00, 0x00, 0x59, 0xFF, 0xFF, 0xFF, 0x95, 0x70, 0xF8, 0x40, 0x00, 0x00, 0x00, 0x00, 0x00, 0x00, 
0x00, 0x00, 0xC4, 0xFF, 0xFF, 0xFF, 0x06, 0x00, 0x00, 0x00, 0x00, 0x00, 0x00, 0x91, 0xFF, 0xFF, 
0xFF, 0xFD, 0x55, 0x00, 0x00, 0x00, 0x00, 0x00, 0x00, 0x00, 0x00, 0x00, 0xF4, 0xFF, 0xFF, 0xFF, 
0x1E, 0x00, 0x00, 0x00, 0x00, 0x00, 0x00, 0x04, 0xBD, 0xFF, 0xFF, 0xE4, 0x23, 0x00, 0x00, 0x00, 
0x00, 0x00, 0x00, 0x00, 0x16, 0x5E, 0xF3, 0xFF, 0xFF, 0xFF, 0x72, 0x00, 0x00, 0x00, 0x00, 0x00, 
0x00, 0x00, 0x42, 0xFF, 0xFF, 0xFF, 0xEE, 0x54, 0x00, 0x00, 0x00, 0x00, 0x00, 0x00, 0x92, 0xC8, 
0xBA, 0xFF, 0xFF, 0xFF, 0xEF, 0x23, 0x00, 0x00, 0x00, 0x00, 0x00, 0x4B, 0xF1, 0x9E, 0xEE, 0xFF, 
0xFF, 0xFF, 0xBE, 0x58, 0x1A, 0x07, 0x29, 0x97, 0xFF, 0x62, 0x3A, 0xFC, 0xFF, 0xFF, 0xFF, 0xE7, 
0x61, 0x14, 0x08, 0x32, 0x9B, 0xFA, 0x6E, 0x00, 0x32, 0xE8, 0xFF, 0xFF, 0xFF, 0xFF, 0xFF, 0xFF, 
0xFF, 0xFF, 0xCC, 0x04, 0x00, 0x59, 0xF6, 0xFF, 0xFF, 0xFF, 0xFF, 0xFF, 0xFF, 0xFF, 0xD6, 0x39, 
0x00, 0x00, 0x00, 0x1D, 0xC3, 0xFF, 0xFF, 0xFF, 0xFF, 0xFF, 0xFF, 0xD9, 0x1C, 0x00, 0x00, 0x00, 
0x22, 0x8F, 0xD4, 0xF4, 0xF7, 0xDD, 0xA8, 0x52, 0x03, 0x00, 0x00, 0x00, 0x00, 0x00, 0x01, 0x50, 
0xB3, 0xE7, 0xF9, 0xD7, 0x80, 0x0C, 0x00, 0x00, 0x81, 0xF2, 0x75, 0xEF, 0xFF, 0xF2, 0xFA, 0xFF, 
0xF4, 0xE3, 0xFF, 0xD9, 0xC3, 0xFF, 0xBA, 0xA0, 0xFF, 0x99, 0x7D, 0xFF, 0x77, 0x59, 0xFF, 0x55, 
0x36, 0xFF, 0x33, 0x12, 0xFF, 0x11, 0x00, 0x00, 0x00, 0x00, 0x00, 0x00, 0x00, 0x00, 0x3F, 0xBF, 
0x00, 0x00, 0x00, 0x00, 0x00, 0x00, 0x10, 0xA9, 0xDE, 0x4D, 0x00, 0x00, 0x00, 0x00, 0x00, 0x2E, 
0xE1, 0x9F, 0x08, 0x00, 0x00, 0x00, 0x00, 0x00, 0x31, 0xEC, 0x99, 0x01, 0x00, 0x00, 0x00, 0x00, 
0x00, 0x1C, 0xEB, 0xB9, 0x01, 0x00, 0x00, 0x00, 0x00, 0x00, 0x04, 0xC5, 0xF8, 0x20, 0x00, 0x00, 
0x00, 0x00, 0x00, 0x00, 0x75, 0xFF, 0x97, 0x00, 0x00, 0x00, 0x00, 0x00, 0x00, 0x13, 0xF0, 0xFF, 
0x30, 0x00, 0x00, 0x00, 0x00, 0x00, 0x00, 0x85, 0xFF, 0xDF, 0x00, 0x00, 0x00, 0x00, 0x00, 0x00, 
0x02, 0xE4, 0xFF, 0xA3, 0x00, 0x00, 0x00, 0x00, 0x00, 0x00, 0x44, 0xFF, 0xFF, 0x73, 0x00, 0x00, 
0x00, 0x00, 0x00, 0x00, 0x82, 0xFF, 0xFF, 0x43, 0x00, 0x00, 0x00, 0x00, 0x00, 0x00, 0xB9, 0xFF, 
0xFF, 0x26, 0x00, 0x00, 0x00, 0x00, 0x00, 0x00, 0xDD, 0xFF, 0xFF, 0x17, 0x00, 0x00, 0x00, 0x00, 
0x00, 0x00, 0xEF, 0xFF, 0xFF, 0x08, 0x00, 0x00, 0x00, 0x00, 0x00, 0x00, 0xFC, 0xFF, 0xFF, 0x05, 
0x00, 0x00, 0x00, 0x00, 0x00, 0x00, 0xF4, 0xFF, 0xFF, 0x11, 0x00, 0x00, 0x00, 0x00, 0x00, 0x00, 
0xDF, 0xFF, 0xFF, 0x1E, 0x00, 0x00, 0x00, 0x00, 0x00, 0x00, 0xB9, 0xFF, 0xFF, 0x2F, 0x00, 0x00, 
0x00, 0x00, 0x00, 0x00, 0x84, 0xFF, 0xFF, 0x56, 0x00, 0x00, 0x00, 0x00, 0x00, 0x00, 0x40, 0xFF, 
0xFF, 0x7F, 0x00, 0x00, 0x00, 0x00, 0x00, 0x00, 0x02, 0xE4, 0xFF, 0xAD, 0x00, 0x00, 0x00, 0x00, 
0x00, 0x00, 0x00, 0x81, 0xFF, 0xEF, 0x03, 0x00, 0x00, 0x00, 0x00, 0x00, 0x00, 0x12, 0xF1, 0xFF, 
0x40, 0x00, 0x00, 0x00, 0x00, 0x00, 0x00, 0x00, 0x71, 0xFF, 0xA9, 0x00, 0x00, 0x00, 0x00, 0x00, 
0x00, 0x00, 0x03, 0xC4, 0xFC, 0x34, 0x00, 0x00, 0x00, 0x00, 0x00, 0x00, 0x00, 0x1A, 0xE6, 0xD3, 
0x0C, 0x00, 0x00, 0x00, 0x00, 0x00, 0x00, 0x00, 0x2A, 0xEA, 0xB5, 0x07, 0x00, 0x00, 0x00, 0x00, 
0x00, 0x00, 0x00, 0x24, 0xD1, 0xC3, 0x14, 0x00, 0x00, 0x00, 0x00, 0x00, 0x00, 0x00, 0x09, 0x9A, 
0xE6, 0x53, 0x00, 0x00, 0x00, 0x00, 0x00, 0x00, 0x00, 0x00, 0x2F, 0xBA, 0xBA, 0x31, 0x00, 0x00, 
0x00, 0x00, 0x00, 0x00, 0x00, 0x00, 0x54, 0xE6, 0x9E, 0x0B, 0x00, 0x00, 0x00, 0x00, 0x00, 0x00, 
0x00, 0x13, 0xC3, 0xD5, 0x28, 0x00, 0x00, 0x00, 0x00, 0x00, 0x00, 0x00, 0x07, 0xB6, 0xEC, 0x2D, 
0x00, 0x00, 0x00, 0x00, 0x00, 0x00, 0x00, 0x0C, 0xD2, 0xE7, 0x1A, 0x00, 0x00, 0x00, 0x00, 0x00, 
0x00, 0x00, 0x32, 0xFC, 0xC5, 0x03, 0x00, 0x00, 0x00, 0x00, 0x00, 0x00, 0x00, 0xA6, 0xFF, 0x6F, 
0x00, 0x00, 0x00, 0x00, 0x00, 0x00, 0x00, 0x3B, 0xFF, 0xF0, 0x0F, 0x00, 0x00, 0x00, 0x00, 0x00, 
0x00, 0x02, 0xED, 0xFF, 0x7C, 0x00, 0x00, 0x00, 0x00, 0x00, 0x00, 0x00, 0xAD, 0xFF, 0xE1, 0x01, 
0x00, 0x00, 0x00, 0x00, 0x00, 0x00, 0x7F, 0xFF, 0xFF, 0x3D, 0x00, 0x00, 0x00, 0x00, 0x00, 0x00, 
0x57, 0xFF, 0xFF, 0x82, 0x00, 0x00, 0x00, 0x00, 0x00, 0x00, 0x30, 0xFF, 0xFF, 0xB8, 0x00, 0x00, 
0x00, 0x00, 0x00, 0x00, 0x1E, 0xFF, 0xFF, 0xDE, 0x00, 0x00, 0x00, 0x00, 0x00, 0x00, 0x12, 0xFF, 
0xFF, 0xF2, 0x00, 0x00, 0x00, 0x00, 0x00, 0x00, 0x05, 0xFF, 0xFF, 0xFB, 0x00, 0x00, 0x00, 0x00, 
0x00, 0x00, 0x09, 0xFF, 0xFF, 0xED, 0x00, 0x00, 0x00, 0x00, 0x00, 0x00, 0x18, 0xFF, 0xFF, 0xDC, 
0x00, 0x00, 0x00, 0x00, 0x00, 0x00, 0x27, 0xFF, 0xFF, 0xB8, 0x00, 0x00, 0x00, 0x00, 0x00, 0x00, 
0x44, 0xFF, 0xFF, 0x81, 0x00, 0x00, 0x00, 0x00, 0x00, 0x00, 0x74, 0xFF, 0xFF, 0x44, 0x00, 0x00, 
0x00, 0x00, 0x00, 0x00, 0xA4, 0xFF, 0xE4, 0x03, 0x00, 0x00, 0x00, 0x00, 0x00, 0x00, 0xDF, 0xFF, 
0x85, 0x00, 0x00, 0x00, 0x00, 0x00, 0x00, 0x2F, 0xFF, 0xF0, 0x14, 0x00, 0x00, 0x00, 0x00, 0x00, 
0x00, 0x96, 0xFF, 0x77, 0x00, 0x00, 0x00, 0x00, 0x00, 0x00, 0x1E, 0xF8, 0xC6, 0x05, 0x00, 0x00, 
0x00, 0x00, 0x00, 0x01, 0xB8, 0xEC, 0x1D, 0x00, 0x00, 0x00, 0x00, 0x00, 0x01, 0x9A, 0xED, 0x33, 
0x00, 0x00, 0x00, 0x00, 0x00, 0x09, 0xA1, 0xE2, 0x30, 0x00, 0x00, 0x00, 0x00, 0x00, 0x4D, 0xDF, 
0xAB, 0x11, 0x00, 0x00, 0x00, 0x00, 0x00, 0x00, 0xC0, 0x40, 0x00, 0x00, 0x00, 0x00, 0x00, 0x00, 
0x00, 0x00, 0x00, 0x00, 0x00, 0x00, 0x00, 0x68, 0xF2, 0x7F, 0x00, 0x00, 0x00, 0x00, 0x00, 0x00, 
0x00, 0x00, 0x00, 0x00, 0xDB, 0xFF, 0xEC, 0x00, 0x00, 0x00, 0x00, 0x00, 0x00, 0x00, 0x00, 0x00, 
0x00, 0xD1, 0xFF, 0xE0, 0x00, 0x00, 0x00, 0x00, 0x00, 0xA0, 0xF4, 0xA0, 0x0E, 0x00, 0x97, 0xFF, 
0xA6, 0x00, 0x0C, 0xA3, 0xF5, 0x9E, 0xE6, 0xFF, 0xFF, 0xC6, 0x0A, 0x55, 0xFF, 0x63, 0x07, 0xC1, 
0xFF, 0xFF, 0xEB, 0x3F, 0xCE, 0xFF, 0xFF, 0xB7, 0x27, 0xFF, 0x2F, 0xB1, 0xFF, 0xFF, 0xCF, 0x44, 
0x00, 0x00, 0x17, 0x50, 0x91, 0xB6, 0xFF, 0xB8, 0x97, 0x58, 0x1B, 0x00, 0x00, 0x00, 0x00, 0x23, 
0x5E, 0xA8, 0xB4, 0xFF, 0xB2, 0x99, 0x5B, 0x24, 0x00, 0x00, 0x3D, 0xD6, 0xFF, 0xFF, 0xAA, 0x28, 
0xFF, 0x28, 0xAE, 0xFF, 0xFF, 0xD8, 0x40, 0xE8, 0xFF, 0xFF, 0xBB, 0x05, 0x5E, 0xFF, 0x5E, 0x07, 
0xBE, 0xFF, 0xFF, 0xE8, 0x98, 0xF6, 0xA3, 0x0A, 0x00, 0xA1, 0xFF, 0xA0, 0x00, 0x0B, 0x9D, 0xF4, 
0x9F, 0x00, 0x00, 0x00, 0x00, 0x00, 0xD6, 0xFF, 0xDA, 0x00, 0x00, 0x00, 0x00, 0x00, 0x00, 0x00, 
0x00, 0x00, 0x00, 0xE3, 0xFF, 0xED, 0x00, 0x00, 0x00, 0x00, 0x00, 0x00, 0x00, 0x00, 0x00, 0x00, 
0x72, 0xF1, 0x7D, 0x00, 0x00, 0x00, 0x00, 0x00, 0x00, 0x00, 0x00, 0x00, 0x00, 0x00, 0x00, 0x00, 
0x00, 0xFF, 0x00, 0x00, 0x00, 0x00, 0x00, 0x00, 0x00, 0x00, 0x00, 0x00, 0x00, 0x00, 0x00, 0x00, 
0x00, 0x00, 0x00, 0x00, 0xFF, 0x00, 0x00, 0x00, 0x00, 0x00, 0x00, 0x00, 0x00, 0x00, 0x00, 0x00, 
0x00, 0x00, 0x00, 0x00, 0x00, 0x00, 0x00, 0xFF, 0x00, 0x00, 0x00, 0x00, 0x00, 0x00, 0x00, 0x00, 
0x00, 0x00, 0x00, 0x00, 0x00, 0x00, 0x00, 0x00, 0x00, 0x00, 0xFF, 0x00, 0x00, 0x00, 0x00, 0x00, 
0x00, 0x00, 0x00, 0x00, 0x00, 0x00, 0x00, 0x00, 0x00, 0x00, 0x00, 0x00, 0x00, 0xFF, 0x00, 0x00, 
0x00, 0x00, 0x00, 0x00, 0x00, 0x00, 0x00, 0x00, 0x00, 0x00, 0x00, 0x00, 0x00, 0x00, 0x00, 0x00, 
0xFF, 0x00, 0x00, 0x00, 0x00, 0x00, 0x00, 0x00, 0x00, 0x00, 0x00, 0x00, 0x00, 0x00, 0x00, 0x00, 
0x00, 0x00, 0x00, 0xFF, 0x00, 0x00, 0x00, 0x00, 0x00, 0x00, 0x00, 0x00, 0x00, 0x00, 0x00, 0x00, 
0x00, 0x00, 0x00, 0x00, 0x00, 0x00, 0xFF, 0x00, 0x00, 0x00, 0x00, 0x00, 0x00, 0x00, 0x00, 0x00, 
0x00, 0x00, 0x00, 0x00, 0x00, 0x00, 0x00, 0x00, 0x00, 0xFF, 0x00, 0x00, 0x00, 0x00, 0x00, 0x00, 
0x00, 0x00, 0x00, 0xFF, 0xFF, 0xFF, 0xFF, 0xFF, 0xFF, 0xFF, 0xFF, 0xFF, 0xFF, 0xFF, 0xFF, 0xFF, 
0xFF, 0xFF, 0xFF, 0xFF, 0xFF, 0xFF, 0x00, 0x00, 0x00, 0x00, 0x00, 0x00, 0x00, 0x00, 0x00, 0xFF, 
0x00, 0x00, 0x00, 0x00, 0x00, 0x00, 0x00, 0x00, 0x00, 0x00, 0x00, 0x00, 0x00, 0x00, 0x00, 0x00, 
0x00, 0x00, 0xFF, 0x00, 0x00, 0x00, 0x00, 0x00, 0x00, 0x00, 0x00, 0x00, 0x00, 0x00, 0x00, 0x00, 
0x00, 0x00, 0x00, 0x00, 0x00, 0xFF, 0x00, 0x00, 0x00, 0x00, 0x00, 0x00, 0x00, 0x00, 0x00, 0x00, 
0x00, 0x00, 0x00, 0x00, 0x00, 0x00, 0x00, 0x00, 0xFF, 0x00, 0x00, 0x00, 0x00, 0x00, 0x00, 0x00, 
0x00, 0x00, 0x00, 0x00, 0x00, 0x00, 0x00, 0x00, 0x00, 0x00, 0x00, 0xFF, 0x00, 0x00, 0x00, 0x00, 
0x00, 0x00, 0x00, 0x00, 0x00, 0x00, 0x00, 0x00, 0x00, 0x00, 0x00, 0x00, 0x00, 0x00, 0xFF, 0x00, 
0x00, 0x00, 0x00, 0x00, 0x00, 0x00, 0x00, 0x00, 0x00, 0x00, 0x00, 0x00, 0x00, 0x00, 0x00, 0x00, 
0x00, 0xFF, 0x00, 0x00, 0x00, 0x00, 0x00, 0x00, 0x00, 0x00, 0x00, 0x00, 0x00, 0x00, 0x00, 0x00, 
0x00, 0x00, 0x00, 0x00, 0xFF, 0x00, 0x00, 0x00, 0x00, 0x00, 0x00, 0x00, 0x00, 0x00, 0x00, 0x00, 
0x00, 0x00, 0x00, 0x00, 0x00, 0x00, 0x00, 0xFF, 0x00, 0x00, 0x00, 0x00, 0x00, 0x00, 0x00, 0x00, 
0x00, 0x5D, 0xE2, 0xEC, 0x91, 0x07, 0xF0, 0xFF, 0xFF, 0xFF, 0x8B, 0x80, 0xF0, 0xE9, 0xBC, 0xE4, 
0x00, 0x00, 0x00, 0x0A, 0xF4, 0x00, 0x00, 0x00, 0x4B, 0xB3, 0x00, 0x00, 0x18, 0xD0, 0x2B, 0x02, 
0x4E, 0xCA, 0x3C, 0x00, 0xB5, 0x74, 0x0C, 0x00, 0x00, 0xFF, 0xFF, 0xFF, 0xFF, 0xFF, 0xFF, 0xFF, 
0xFF, 0xFF, 0xFF, 0xFF, 0xFF, 0xFF, 0xFF, 0xFF, 0xFF, 0xFF, 0xFF, 0xFF, 0xFF, 0xFF, 0xFF, 0xFF, 
0xFF, 0xFF, 0xFF, 0xFF, 0x87, 0xF3, 0x87, 0xF4, 0xFF, 0xF3, 0x87, 0xF4, 0x87, 0x00, 0x00, 0x00, 
0x00, 0x00, 0x00, 0x00, 0x00, 0x2E, 0xD1, 0x00, 0x00, 0x00, 0x00, 0x00, 0x00, 0x00, 0x00, 0x8B, 
0x75, 0x00, 0x00, 0x00, 0x00, 0x00, 0x00, 0x00, 0x02, 0xE1, 0x1B, 0x00, 0x00, 0x00, 0x00, 0x00, 
0x00, 0x00, 0x43, 0xBD, 0x00, 0x00, 0x00, 0x00, 0x00, 0x00, 0x00, 0x00, 0x9F, 0x61, 0x00, 0x00, 
0x00, 0x00, 0x00, 0x00, 0x00, 0x09, 0xE8, 0x0E, 0x00, 0x00, 0x00, 0x00, 0x00, 0x00, 0x00, 0x57, 
0xA8, 0x00, 0x00, 0x00, 0x00, 0x00, 0x00, 0x00, 0x00, 0xB4, 0x4C, 0x00, 0x00, 0x00, 0x00, 0x00, 
0x00, 0x00, 0x14, 0xE6, 0x05, 0x00, 0x00, 0x00, 0x00, 0x00, 0x00, 0x00, 0x6C, 0x94, 0x00, 0x00, 
0x00, 0x00, 0x00, 0x00, 0x00, 0x00, 0xC8, 0x38, 0x00, 0x00, 0x00, 0x00, 0x00, 0x00, 0x00, 0x24, 
0xDB, 0x00, 0x00, 0x00, 0x00, 0x00, 0x00, 0x00, 0x00, 0x80, 0x7F, 0x00, 0x00, 0x00, 0x00, 0x00, 
0x00, 0x00, 0x00, 0xDB, 0x24, 0x00, 0x00, 0x00, 0x00, 0x00, 0x00, 0x00, 0x39, 0xC7, 0x00, 0x00, 
0x00, 0x00, 0x00, 0x00, 0x00, 0x00, 0x95, 0x6B, 0x00, 0x00, 0x00, 0x00, 0x00, 0x00, 0x00, 0x05, 
0xE6, 0x14, 0x00, 0x00, 0x00, 0x00, 0x00, 0x00, 0x00, 0x4D, 0xB3, 0x00, 0x00, 0x00, 0x00, 0x00, 
0x00, 0x00, 0x00, 0xA9, 0x56, 0x00, 0x00, 0x00, 0x00, 0x00, 0x00, 0x00, 0x0E, 0xE8, 0x08, 0x00, 
0x00, 0x00, 0x00, 0x00, 0x00, 0x00, 0x62, 0x9E, 0x00, 0x00, 0x00, 0x00, 0x00, 0x00, 0x00, 0x00, 
0xBE, 0x42, 0x00, 0x00, 0x00, 0x00, 0x00, 0x00, 0x00, 0x1B, 0xE1, 0x02, 0x00, 0x00, 0x00, 0x00, 
0x00, 0x00, 0x00, 0x76, 0x8A, 0x00, 0x00, 0x00, 0x00, 0x00, 0x00, 0x00, 0x00, 0xD2, 0x2E, 0x00, 
0x00, 0x00, 0x00, 0x00, 0x00, 0x00, 0x00, 0x00, 0x00, 0x00, 0x00, 0x10, 0x86, 0xDB, 0xF9, 0xDF, 
0x90, 0x1A, 0x00, 0x00, 0x00, 0x00, 0x00, 0x00, 0x00, 0x32, 0xE3, 0xD0, 0x3A, 0x08, 0x2C, 0xB1, 
0xEB, 0x3F, 0x00, 0x00, 0x00, 0x00, 0x00, 0x28, 0xEE, 0xE3, 0x13, 0x00, 0x00, 0x00, 0x03, 0xC8, 
0xF2, 0x31, 0x00, 0x00, 0x00, 0x04, 0xCE, 0xFF, 0x5F, 0x00, 0x00, 0x00, 0x00, 0x00, 0x3F, 0xFF, 
0xD3, 0x05, 0x00, 0x00, 0x65, 0xFF, 0xF2, 0x07, 0x00, 0x00, 0x00, 0x00, 0x00, 0x00, 0xDD, 0xFF, 
0x74, 0x00, 0x00, 0xD9, 0xFF, 0xB2, 0x00, 0x00, 0x00, 0x00, 0x00, 0x00, 0x00, 0x96, 0xFF, 0xDF, 
0x01, 0x34, 0xFF, 0xFF, 0x80, 0x00, 0x00, 0x00, 0x00, 0x00, 0x00, 0x00, 0x61, 0xFF, 0xFF, 0x42, 
0x7B, 0xFF, 0xFF, 0x5E, 0x00, 0x00, 0x00, 0x00, 0x00, 0x00, 0x00, 0x37, 0xFF, 0xFF, 0x81, 0xB1, 
0xFF, 0xFF, 0x3F, 0x00, 0x00, 0x00, 0x00, 0x00, 0x00, 0x00, 0x1E, 0xFF, 0xFF, 0xB6, 0xD5, 0xFF, 
0xFF, 0x22, 0x00, 0x00, 0x00, 0x00, 0x00, 0x00, 0x00, 0x0C, 0xFF, 0xFF, 0xDB, 0xEE, 0xFF, 0xFF, 
0x15, 0x00, 0x00, 0x00, 0x00, 0x00, 0x00, 0x00, 0x05, 0xFF, 0xFF, 0xEB, 0xFA, 0xFF, 0xFF, 0x0A, 
0x00, 0x00, 0x00, 0x00, 0x00, 0x00, 0x00, 0x02, 0xFF, 0xFF, 0xFA, 0xFB, 0xFF, 0xFF, 0x02, 0x00, 
0x00, 0x00, 0x00, 0x00, 0x00, 0x00, 0x08, 0xFF, 0xFF, 0xF9, 0xEF, 0xFF, 0xFF, 0x07, 0x00, 0x00, 
0x00, 0x00, 0x00, 0x00, 0x00, 0x0E, 0xFF, 0xFF, 0xEE, 0xDC, 0xFF, 0xFF, 0x10, 0x00, 0x00, 0x00, 
0x00, 0x00, 0x00, 0x00, 0x1F, 0xFF, 0xFF, 0xD5, 0xB4, 0xFF, 0xFF, 0x26, 0x00, 0x00, 0x00, 0x00, 
0x00, 0x00, 0x00, 0x32, 0xFF, 0xFF, 0xB2, 0x83, 0xFF, 0xFF, 0x44, 0x00, 0x00, 0x00, 0x00, 0x00, 
0x00, 0x00, 0x50, 0xFF, 0xFF, 0x7C, 0x39, 0xFF, 0xFF, 0x6F, 0x00, 0x00, 0x00, 0x00, 0x00, 0x00, 
0x00, 0x74, 0xFF, 0xFF, 0x38, 0x02, 0xE0, 0xFF, 0xA7, 0x00, 0x00, 0x00, 0x00, 0x00, 0x00, 0x00, 
0xA9, 0xFF, 0xDD, 0x00, 0x00, 0x6C, 0xFF, 0xEE, 0x06, 0x00, 0x00, 0x00, 0x00, 0x00, 0x01, 0xE6, 
0xFF, 0x6B, 0x00, 0x00, 0x07, 0xD4, 0xFF, 0x54, 0x00, 0x00, 0x00, 0x00, 0x00, 0x47, 0xFF, 0xD6, 
0x06, 0x00, 0x00, 0x00, 0x32, 0xF8, 0xD6, 0x0A, 0x00, 0x00, 0x00, 0x0B, 0xD2, 0xF4, 0x30, 0x00, 
0x00, 0x00, 0x00, 0x00, 0x43, 0xF3, 0xC0, 0x31, 0x0C, 0x45, 0xD1, 0xE5, 0x38, 0x00, 0x00, 0x00, 
0x00, 0x00, 0x00, 0x00, 0x1F, 0x99, 0xDD, 0xF8, 0xD8, 0x7F, 0x0F, 0x00, 0x00, 0x00, 0x00, 0x00, 
0x00, 0x04, 0x4B, 0xA9, 0xF8, 0x00, 0x00, 0x00, 0x2F, 0x8D, 0xE8, 0xFF, 0xFF, 0xFF, 0x00, 0x00, 
0x00, 0xBF, 0x85, 0xC8, 0xFF, 0xFF, 0xFF, 0x00, 0x00, 0x00, 0x00, 0x00, 0x2D, 0xFF, 0xFF, 0xFF, 
0x00, 0x00, 0x00, 0x00, 0x00, 0x09, 0xFF, 0xFF, 0xFF, 0x00, 0x00, 0x00, 0x00, 0x00, 0x01, 0xFF, 
0xFF, 0xFF, 0x00, 0x00, 0x00, 0x00, 0x00, 0x00, 0xFF, 0xFF, 0xFF, 0x00, 0x00, 0x00, 0x00, 0x00, 
0x00, 0xFF, 0xFF, 0xFF, 0x00, 0x00, 0x00, 0x00, 0x00, 0x00, 0xFF, 0xFF, 0xFF, 0x00, 0x00, 0x00, 
0x00, 0x00, 0x00, 0xFF, 0xFF, 0xFF, 0x00, 0x00, 0x00, 0x00, 0x00, 0x00, 0xFF, 0xFF, 0xFF, 0x00, 
0x00, 0x00, 0x00, 0x00, 0x00, 0xFF, 0xFF, 0xFF, 0x00, 0x00, 0x00, 0x00, 0x00, 0x00, 0xFF, 0xFF, 
0xFF, 0x00, 0x00, 0x00, 0x00, 0x00, 0x00, 0xFF, 0xFF, 0xFF, 0x00, 0x00, 0x00, 0x00, 0x00, 0x00, 
0xFF, 0xFF, 0xFF, 0x00, 0x00, 0x00, 0x00, 0x00, 0x00, 0xFF, 0xFF, 0xFF, 0x00, 0x00, 0x00, 0x00, 
0x00, 0x00, 0xFF, 0xFF, 0xFF, 0x00, 0x00, 0x00, 0x00, 0x00, 0x00, 0xFF, 0xFF, 0xFF, 0x00, 0x00, 
0x00, 0x00, 0x00, 0x00, 0xFF, 0xFF, 0xFF, 0x00, 0x00, 0x00, 0x00, 0x00, 0x00, 0xFF, 0xFF, 0xFF, 
0x00, 0x00, 0x00, 0x00, 0x00, 0x02, 0xFF, 0xFF, 0xFF, 0x01, 0x00, 0x00, 0x00, 0x00, 0x0F, 0xFF, 
0xFF, 0xFF, 0x0E, 0x00, 0x00, 0x04, 0x19, 0x87, 0xFF, 0xFF, 0xFF, 0x8A, 0x1C, 0x05, 0xFF, 0xFF, 
0xFF, 0xFF, 0xFF, 0xFF, 0xFF, 0xFF, 0xFF, 0x00, 0x00, 0x00, 0x00, 0x1A, 0x8A, 0xD4, 0xF4, 0xF6, 
0xDA, 0x9B, 0x32, 0x00, 0x00, 0x00, 0x00, 0x00, 0x00, 0x00, 0x51, 0xF3, 0xFF, 0xFF, 0xFF, 0xFF, 
0xFF, 0xFF, 0xFF, 0x92, 0x04, 0x00, 0x00, 0x00, 0x00, 0x44, 0xFB, 0xFF, 0xFF, 0xFF, 0xFF, 0xFF, 
0xFF, 0xFF, 0xFF, 0xFF, 0xA5, 0x00, 0x00, 0x00, 0x07, 0xDF, 0xFE, 0xA1, 0x3C, 0x0C, 0x09, 0x32, 
0x96, 0xFD, 0xFF, 0xFF, 0xFF, 0x57, 0x00, 0x00, 0x5D, 0xFB, 0x57, 0x00, 0x00, 0x00, 0x00, 0x00, 
0x00, 0x4B, 0xFA, 0xFF, 0xFF, 0xC1, 0x00, 0x00, 0xB1, 0x73, 0x00, 0x00, 0x00, 0x00, 0x00, 0x00, 
0x00, 0x00, 0x84, 0xFF, 0xFF, 0xF2, 0x00, 0x00, 0xCB, 0x08, 0x00, 0x00, 0x00, 0x00, 0x00, 0x00, 
0x00, 0x00, 0x24, 0xFF, 0xFF, 0xEF, 0x00, 0x00, 0x00, 0x00, 0x00, 0x00, 0x00, 0x00, 0x00, 0x00, 
0x00, 0x00, 0x07, 0xFF, 0xFF, 0xCD, 0x00, 0x00, 0x00, 0x00, 0x00, 0x00, 0x00, 0x00, 0x00, 0x00, 
0x00, 0x00, 0x1C, 0xFF, 0xFF, 0x7F, 0x00, 0x00, 0x00, 0x00, 0x00, 0x00, 0x00, 0x00, 0x00, 0x00, 
0x00, 0x00, 0x4F, 0xFF, 0xFB, 0x20, 0x00, 0x00, 0x00, 0x00, 0x00, 0x00, 0x00, 0x00, 0x00, 0x00, 
0x00, 0x00, 0xA2, 0xFF, 0x9A, 0x00, 0x00, 0x00, 0x00, 0x00, 0x00, 0x00, 0x00, 0x00, 0x00, 0x00, 
0x00, 0x1F, 0xFA, 0xEF, 0x17, 0x00, 0x00, 0x00, 0x00, 0x00, 0x00, 0x00, 0x00, 0x00, 0x00, 0x00, 
0x00, 0xA5, 0xFF, 0x62, 0x00, 0x00, 0x00, 0x00, 0x00, 0x00, 0x00, 0x00, 0x00, 0x00, 0x00, 0x00, 
0x4F, 0xFF, 0xAD, 0x00, 0x00, 0x00, 0x00, 0x00, 0x00, 0x00, 0x00, 0x00, 0x00, 0x00, 0x00, 0x22, 
0xEB, 0xDA, 0x10, 0x00, 0x00, 0x00, 0x00, 0x00, 0x00, 0x00, 0x00, 0x00, 0x00, 0x00, 0x0E, 0xD5, 
0xEE, 0x29, 0x00, 0x00, 0x00, 0x00, 0x00, 0x00, 0x00, 0x00, 0x00, 0x00, 0x00, 0x09, 0xBF, 0xF1, 
0x36, 0x00, 0x00, 0x00, 0x00, 0x00, 0x00, 0x00, 0x00, 0x00, 0x00, 0x00, 0x06, 0xB7, 0xF3, 0x3B, 
0x00, 0x00, 0x00, 0x00, 0x00, 0x00, 0x00, 0x00, 0x00, 0x00, 0x00, 0x08, 0xB4, 0xF3, 0x3D, 0x00, 
0x00, 0x00, 0x00, 0x00, 0x00, 0x00, 0x00, 0x00, 0x00, 0x00, 0x0C, 0xBE, 0xF1, 0x3C, 0x00, 0x00, 
0x00, 0x00, 0x00, 0x00, 0x00, 0x53, 0xC9, 0x00, 0x00, 0x13, 0xC9, 0xEA, 0x34, 0x00, 0x00, 0x00, 
0x00, 0x01, 0x0A, 0x27, 0x7E, 0xF9, 0x80, 0x00, 0x22, 0xD9, 0xFF, 0xFF, 0xFF, 0xFF, 0xFF, 0xFF, 
0xFF, 0xFF, 0xFF, 0xFF, 0xFF, 0xFF, 0x28, 0x36, 0xE9, 0xFF, 0xFF, 0xFF, 0xFF, 0xFF, 0xFF, 0xFF, 
0xFF, 0xFF, 0xFF, 0xFF, 0xFF, 0xD0, 0x00, 0xF5, 0xFF, 0xFF, 0xFF, 0xFF, 0xFF, 0xFF, 0xFF, 0xFF, 
0xFF, 0xFF, 0xFF, 0xFF, 0xFF, 0x78, 0x00, 0x00, 0x00, 0x00, 0x28, 0x96, 0xD9, 0xF7, 0xF5, 0xDA, 
0x99, 0x29, 0x00, 0x00, 0x00, 0x00, 0x00, 0x6E, 0xFA, 0xFF, 0xFF, 0xFF, 0xFF, 0xFF, 0xFF, 0xFB, 
0x65, 0x00, 0x00, 0x00, 0x6B, 0xF5, 0x8A, 0x2C, 0x08, 0x15, 0x57, 0xD7, 0xFF, 0xFF, 0xFE, 0x46, 
0x00, 0x2E, 0xE3, 0x34, 0x00, 0x00, 0x00, 0x00, 0x00, 0x0B, 0xCB, 0xFF, 0xFF, 0xC6, 0x00, 0xB9, 
0x3C, 0x00, 0x00, 0x00, 0x00, 0x00, 0x00, 0x00, 0x3E, 0xFF, 0xFF, 0xF7, 0x00, 0x1E, 0x00, 0x00, 
0x00, 0x00, 0x00, 0x00, 0x00, 0x00, 0x08, 0xFF, 0xFF, 0xE1, 0x00, 0x00, 0x00, 0x00, 0x00, 0x00, 
0x00, 0x00, 0x00, 0x00, 0x17, 0xFF, 0xFF, 0x93, 0x00, 0x00, 0x00, 0x00, 0x00, 0x00, 0x00, 0x00, 
0x00, 0x00, 0x59, 0xFF, 0xF1, 0x1E, 0x00, 0x00, 0x00, 0x00, 0x00, 0x00, 0x00, 0x00, 0x00, 0x0E, 
0xD7, 0xFE, 0x57, 0x00, 0x00, 0x00, 0x00, 0x00, 0x00, 0x00, 0x00, 0x00, 0x22, 0xC8, 0xFF, 0x68, 
0x00, 0x00, 0x00, 0x00, 0x00, 0x00, 0x00, 0x08, 0x3D, 0x98, 0xF6, 0xFF, 0xFF, 0xCB, 0x37, 0x00, 
0x00, 0x00, 0x00, 0x00, 0x00, 0x8C, 0xFF, 0xFF, 0xFF, 0xFF, 0xFF, 0xFF, 0xFA, 0x47, 0x00, 0x00, 
0x00, 0x00, 0x00, 0x00, 0x10, 0x3D, 0x9C, 0xFB, 0xFF, 0xFF, 0xFF, 0xF4, 0x1F, 0x00, 0x00, 0x00, 
0x00, 0x00, 0x00, 0x00, 0x00, 0x2C, 0xDA, 0xFF, 0xFF, 0xFF, 0x91, 0x00, 0x00, 0x00, 0x00, 0x00, 
0x00, 0x00, 0x00, 0x00, 0x21, 0xF5, 0xFF, 0xFF, 0xD8, 0x00, 0x00, 0x00, 0x00, 0x00, 0x00, 0x00, 
0x00, 0x00, 0x00, 0x92, 0xFF, 0xFF, 0xF8, 0x00, 0x00, 0x00, 0x00, 0x00, 0x00, 0x00, 0x00, 0x00, 
0x00, 0x3E, 0xFF, 0xFF, 0xF2, 0x00, 0x00, 0x00, 0x00, 0x00, 0x00, 0x00, 0x00, 0x00, 0x00, 0x13, 
0xFF, 0xFF, 0xD3, 0x00, 0x00, 0x00, 0x00, 0x00, 0x00, 0x00, 0x00, 0x00, 0x00, 0x08, 0xFF, 0xFF, 
0x8C, 0x00, 0x00, 0x00, 0x00, 0x00, 0x00, 0x00, 0x00, 0x00, 0x00, 0x30, 0xFF, 0xFA, 0x20, 0x00, 
0x00, 0x00, 0x00, 0x00, 0x00, 0x00, 0x00, 0x00, 0x00, 0x96, 0xFF, 0x76, 0x00, 0x9C, 0xF3, 0xB6, 
0x29, 0x00, 0x00, 0x00, 0x00, 0x00, 0x51, 0xFD, 0x8A, 0x00, 0x00, 0xE0, 0xFF, 0xFF, 0xFA, 0x8C, 
0x2C, 0x08, 0x23, 0x88, 0xDB, 0x58, 0x00, 0x00, 0x00, 0x28, 0xAD, 0xE4, 0xF9, 0xFB, 0xE9, 0xD3, 
0x9A, 0x55, 0x05, 0x00, 0x00, 0x00, 0x00, 0x00, 0x00, 0x00, 0x00, 0x00, 0x00, 0x00, 0x00, 0x00, 
0x00, 0x56, 0xFF, 0xFF, 0x00, 0x00, 0x00, 0x00, 0x00, 0x00, 0x00, 0x00, 0x00, 0x00, 0x00, 0x00, 
0x18, 0xEC, 0xFF, 0xFF, 0x00, 0x00, 0x00, 0x00, 0x00, 0x00, 0x00, 0x00, 0x00, 0x00, 0x00, 0x00, 
0xB1, 0xFF, 0xFF, 0xFF, 0x00, 0x00, 0x00, 0x00, 0x00, 0x00, 0x00, 0x00, 0x00, 0x00, 0x00, 0x61, 
0xA1, 0xFF, 0xFF, 0xFF, 0x00, 0x00, 0x00, 0x00, 0x00, 0x00, 0x00, 0x00, 0x00, 0x00, 0x1D, 0xDC, 
0x14, 0xFF, 0xFF, 0xFF, 0x00, 0x00, 0x00, 0x00, 0x00, 0x00, 0x00, 0x00, 0x00, 0x01, 0xBA, 0x5D, 
0x00, 0xFF, 0xFF, 0xFF, 0x00, 0x00, 0x00, 0x00, 0x00, 0x00, 0x00, 0x00, 0x00, 0x6A, 0xBA, 0x00, 
0x00, 0xFF, 0xFF, 0xFF, 0x00, 0x00, 0x00, 0x00, 0x00, 0x00, 0x00, 0x00, 0x23, 0xEA, 0x22, 0x00, 
0x00, 0xFF, 0xFF, 0xFF, 0x00, 0x00, 0x00, 0x00, 0x00, 0x00, 0x00, 0x02, 0xC3, 0x75, 0x00, 0x00, 
0x00, 0xFF, 0xFF, 0xFF, 0x00, 0x00, 0x00, 0x00, 0x00, 0x00, 0x00, 0x73, 0xCF, 0x04, 0x00, 0x00, 
0x00, 0xFF, 0xFF, 0xFF, 0x00, 0x00, 0x00, 0x00, 0x00, 0x00, 0x29, 0xF4, 0x34, 0x00, 0x00, 0x00, 
0x00, 0xFF, 0xFF, 0xFF, 0x00, 0x00, 0x00, 0x00, 0x00, 0x04, 0xCA, 0x8E, 0x00, 0x00, 0x00, 0x00, 
0x00, 0xFF, 0xFF, 0xFF, 0x00, 0x00, 0x00, 0x00, 0x00, 0x7D, 0xE0, 0x0B, 0x00, 0x00, 0x00, 0x00, 
0x00, 0xFF, 0xFF, 0xFF, 0x00, 0x00, 0x00, 0x00, 0x30, 0xFA, 0x4A, 0x00, 0x00, 0x00, 0x00, 0x00, 
0x00, 0xFF, 0xFF, 0xFF, 0x00, 0x00, 0x00, 0x06, 0xD1, 0xA7, 0x00, 0x00, 0x00, 0x00, 0x00, 0x00, 
0x00, 0xFF, 0xFF, 0xFF, 0x00, 0x00, 0x00, 0x86, 0xEE, 0x17, 0x00, 0x00, 0x00, 0x00, 0x00, 0x00, 
0x00, 0xFF, 0xFF, 0xFF, 0x00, 0x00, 0x00, 0xFC, 0xFF, 0xFF, 0xFF, 0xFF, 0xFF, 0xFF, 0xFF, 0xFF, 
0xFF, 0xFF, 0xFF, 0xFF, 0xFF, 0xFF, 0xFF, 0xFF, 0xFF, 0xFF, 0xFF, 0xFF, 0xFF, 0xFF, 0xFF, 0xFF, 
0xFF, 0xFF, 0xFF, 0xFF, 0xFF, 0xFF, 0xFF, 0x00, 0x00, 0x00, 0x00, 0x00, 0x00, 0x00, 0x00, 0x00, 
0x00, 0xFF, 0xFF, 0xFF, 0x00, 0x00, 0x00, 0x00, 0x00, 0x00, 0x00, 0x00, 0x00, 0x00, 0x00, 0x00, 
0x00, 0xFF, 0xFF, 0xFF, 0x00, 0x00, 0x00, 0x00, 0x00, 0x00, 0x00, 0x00, 0x00, 0x00, 0x00, 0x00, 
0x00, 0xFF, 0xFF, 0xFF, 0x00, 0x00, 0x00, 0x00, 0x00, 0x00, 0x00, 0x00, 0x00, 0x00, 0x00, 0x00, 
0x00, 0xFF, 0xFF, 0xFF, 0x00, 0x00, 0x00, 0x00, 0x00, 0x00, 0x00, 0x00, 0x00, 0x00, 0x00, 0x00, 
0x00, 0xFF, 0xFF, 0xFF, 0x00, 0x00, 0x00, 0x00, 0x00, 0x00, 0x00, 0x00, 0x00, 0x00, 0x00, 0x00, 
0x00, 0xFF, 0xFF, 0xFF, 0x00, 0x00, 0x00, 0x00, 0x00, 0x00, 0x00, 0x62, 0xFF, 0xFF, 0xFF, 0xFF, 
0xFF, 0xFF, 0xFF, 0xC5, 0x00, 0x00, 0x00, 0x03, 0xDA, 0xFF, 0xFF, 0xFF, 0xFF, 0xFF, 0xFF, 0xFF, 
0x51, 0x00, 0x00, 0x00, 0x59, 0xFF, 0xFF, 0xFF, 0xFF, 0xFF, 0xFF, 0xFF, 0xDB, 0x02, 0x00, 0x00, 
0x01, 0xD3, 0x4E, 0x00, 0x00, 0x00, 0x00, 0x00, 0x00, 0x00, 0x00, 0x00, 0x00, 0x50, 0xCD, 0x00, 
0x00, 0x00, 0x00, 0x00, 0x00, 0x00, 0x00, 0x00, 0x00, 0x00, 0xCB, 0x52, 0x00, 0x00, 0x00, 0x00, 
0x00, 0x00, 0x00, 0x00, 0x00, 0x00, 0x47, 0xFF, 0xFA, 0xCF, 0x97, 0x40, 0x02, 0x00, 0x00, 0x00, 
0x00, 0x00, 0x00, 0xC2, 0xFF, 0xFF, 0xFF, 0xFF, 0xFF, 0xDE, 0x57, 0x00, 0x00, 0x00, 0x00, 0x3E, 
0xFF, 0xFF, 0xFF, 0xFF, 0xFF, 0xFF, 0xFF, 0xFF, 0xB3, 0x0C, 0x00, 0x00, 0x02, 0x12, 0x2A, 0x50, 
0x8A, 0xDB, 0xFF, 0xFF, 0xFF, 0xFF, 0xCB, 0x0A, 0x00, 0x00, 0x00, 0x00, 0x00, 0x00, 0x01, 0x53, 
0xE0, 0xFF, 0xFF, 0xFF, 0x9F, 0x00, 0x00, 0x00, 0x00, 0x00, 0x00, 0x00, 0x00, 0x0E, 0xB9, 0xFF, 
0xFF, 0xFE, 0x32, 0x00, 0x00, 0x00, 0x00, 0x00, 0x00, 0x00, 0x00, 0x08, 0xC8, 0xFF, 0xFF, 0x96, 
0x00, 0x00, 0x00, 0x00, 0x00, 0x00, 0x00, 0x00, 0x00, 0x26, 0xFA, 0xFF, 0xD8, 0x00, 0x00, 0x00, 
0x00, 0x00, 0x00, 0x00, 0x00, 0x00, 0x00, 0xA5, 0xFF, 0xF4, 0x00, 0x00, 0x00, 0x00, 0x00, 0x00, 
0x00, 0x00, 0x00, 0x00, 0x5C, 0xFF, 0xF2, 0x00, 0x00, 0x00, 0x00, 0x00, 0x00, 0x00, 0x00, 0x00, 
0x00, 0x3E, 0xFF, 0xD8, 0x00, 0x00, 0x00, 0x00, 0x00, 0x00, 0x00, 0x00, 0x00, 0x00, 0x4B, 0xFF, 
0x97, 0x00, 0x00, 0x00, 0x00, 0x00, 0x00, 0x00, 0x00, 0x00, 0x00, 0x88, 0xFF, 0x3C, 0x00, 0x00, 
0x00, 0x00, 0x00, 0x00, 0x00, 0x00, 0x00, 0x15, 0xEE, 0xB3, 0x00, 0x07, 0x1D, 0x00, 0x00, 0x00, 
0x00, 0x00, 0x00, 0x11, 0xC6, 0xE5, 0x1A, 0x00, 0xD0, 0xFF, 0xBA, 0x2A, 0x00, 0x01, 0x17, 0x62, 
0xE0, 0xE4, 0x2E, 0x00, 0x00, 0xC8, 0xFF, 0xFF, 0xFF, 0xE6, 0xF5, 0xFF, 0xFF, 0xAE, 0x1A, 0x00, 
0x00, 0x00, 0x17, 0x9F, 0xE3, 0xFB, 0xEF, 0xD0, 0x8F, 0x30, 0x00, 0x00, 0x00, 0x00, 0x00, 0x00, 
0x00, 0x00, 0x00, 0x00, 0x00, 0x00, 0x00, 0x0A, 0x5A, 0xA1, 0xD8, 0xF2, 0xFF, 0x00, 0x00, 0x00, 
0x00, 0x00, 0x00, 0x00, 0x04, 0x72, 0xEE, 0xFF, 0xBF, 0x6F, 0x39, 0x12, 0x00, 0x00, 0x00, 0x00, 
0x00, 0x00, 0x1A, 0xC4, 0xFF, 0xC8, 0x36, 0x00, 0x00, 0x00, 0x00, 0x00, 0x00, 0x00, 0x00, 0x00, 
0x29, 0xE2, 0xFF, 0x92, 0x05, 0x00, 0x00, 0x00, 0x00, 0x00, 0x00, 0x00, 0x00, 0x00, 0x24, 0xE6, 
0xFF, 0x89, 0x00, 0x00, 0x00, 0x00, 0x00, 0x00, 0x00, 0x00, 0x00, 0x00, 0x0C, 0xD5, 0xFF, 0xAF, 
0x00, 0x00, 0x00, 0x00, 0x00, 0x00, 0x00, 0x00, 0x00, 0x00, 0x00, 0x99, 0xFF, 0xEB, 0x13, 0x00, 
0x00, 0x00, 0x00, 0x00, 0x00, 0x00, 0x00, 0x00, 0x00, 0x33, 0xFE, 0xFF, 0x73, 0x00, 0x00, 0x00, 
0x00, 0x00, 0x00, 0x00, 0x00, 0x00, 0x00, 0x00, 0xB1, 0xFF, 0xF0, 0x09, 0x00, 0x00, 0x00, 0x00, 
0x00, 0x00, 0x00, 0x00, 0x00, 0x00, 0x1C, 0xFD, 0xFF, 0x99, 0x3D, 0x8D, 0xC7, 0xEC, 0xFA, 0xEA, 
0xB1, 0x47, 0x00, 0x00, 0x00, 0x6E, 0xFF, 0xFF, 0xF2, 0xB4, 0x49, 0x0E, 0x0F, 0x4A, 0xD0, 0xFF, 
0xFF, 0x9B, 0x04, 0x00, 0xAE, 0xFF, 0xFF, 0x3A, 0x00, 0x00, 0x00, 0x00, 0x00, 0x0A, 0xCC, 0xFF, 
0xFF, 0x96, 0x00, 0xD9, 0xFF, 0xFF, 0x00, 0x00, 0x00, 0x00, 0x00, 0x00, 0x00, 0x2A, 0xFD, 0xFF, 
0xFF, 0x39, 0xF4, 0xFF, 0xFF, 0x00, 0x00, 0x00, 0x00, 0x00, 0x00, 0x00, 0x00, 0xB1, 0xFF, 0xFF, 
0xA3, 0xFB, 0xFF, 0xFF, 0x00, 0x00, 0x00, 0x00, 0x00, 0x00, 0x00, 0x00, 0x5F, 0xFF, 0xFF, 0xDF, 
0xEA, 0xFF, 0xFF, 0x04, 0x00, 0x00, 0x00, 0x00, 0x00, 0x00, 0x00, 0x2A, 0xFF, 0xFF, 0xF8, 0xD2, 
0xFF, 0xFF, 0x1B, 0x00, 0x00, 0x00, 0x00, 0x00, 0x00, 0x00, 0x0E, 0xFF, 0xFF, 0xF1, 0x98, 0xFF, 
0xFF, 0x44, 0x00, 0x00, 0x00, 0x00, 0x00, 0x00, 0x00, 0x04, 0xFF, 0xFF, 0xD0, 0x4B, 0xFF, 0xFF, 
0x85, 0x00, 0x00, 0x00, 0x00, 0x00, 0x00, 0x00, 0x13, 0xFF, 0xFF, 0x8E, 0x03, 0xD6, 0xFF, 0xDD, 
0x02, 0x00, 0x00, 0x00, 0x00, 0x00, 0x00, 0x41, 0xFF, 0xFE, 0x28, 0x00, 0x4A, 0xFF, 0xFF, 0x56, 
0x00, 0x00, 0x00, 0x00, 0x00, 0x00, 0x9D, 0xFF, 0x97, 0x00, 0x00, 0x00, 0x81, 0xFF, 0xEA, 0x1F, 
0x00, 0x00, 0x00, 0x00, 0x44, 0xFD, 0xCA, 0x0C, 0x00, 0x00, 0x00, 0x00, 0x8D, 0xFF, 0xDE, 0x50, 
0x10, 0x15, 0x72, 0xF6, 0xB9, 0x13, 0x00, 0x00, 0x00, 0x00, 0x00, 0x00, 0x41, 0xAF, 0xEA, 0xFA, 
0xE4, 0xB1, 0x53, 0x00, 0x00, 0x00, 0x00, 0x00, 0x2C, 0xFF, 0xFF, 0xFF, 0xFF, 0xFF, 0xFF, 0xFF, 
0xFF, 0xFF, 0xFF, 0xFF, 0xFF, 0xDE, 0x00, 0x85, 0xFF, 0xFF, 0xFF, 0xFF, 0xFF, 0xFF, 0xFF, 0xFF, 
0xFF, 0xFF, 0xFF, 0xFF, 0x9A, 0x00, 0xDD, 0xFF, 0xFF, 0xFF, 0xFF, 0xFF, 0xFF, 0xFF, 0xFF, 0xFF, 
0xFF, 0xFF, 0xFF, 0x44, 0x36, 0xFF, 0xB6, 0x39, 0x0E, 0x01, 0x00, 0x00, 0x00, 0x00, 0x00, 0x2B, 
0xFF, 0xEA, 0x03, 0x8F, 0x94, 0x02, 0x00, 0x00, 0x00, 0x00, 0x00, 0x00, 0x00, 0x00, 0x82, 0xFF, 
0x97, 0x00, 0xA2, 0x05, 0x00, 0x00, 0x00, 0x00, 0x00, 0x00, 0x00, 0x00, 0x00, 0xD8, 0xFF, 0x40, 
0x00, 0x00, 0x00, 0x00, 0x00, 0x00, 0x00, 0x00, 0x00, 0x00, 0x00, 0x2F, 0xFF, 0xE7, 0x02, 0x00, 
0x00, 0x00, 0x00, 0x00, 0x00, 0x00, 0x00, 0x00, 0x00, 0x00, 0x85, 0xFF, 0x93, 0x00, 0x00, 0x00, 
0x00, 0x00, 0x00, 0x00, 0x00, 0x00, 0x00, 0x00, 0x00, 0xDB, 0xFF, 0x3C, 0x00, 0x00, 0x00, 0x00, 
0x00, 0x00, 0x00, 0x00, 0x00, 0x00, 0x00, 0x32, 0xFF, 0xE4, 0x01, 0x00, 0x00, 0x00, 0x00, 0x00, 
0x00, 0x00, 0x00, 0x00, 0x00, 0x00, 0x89, 0xFF, 0x8F, 0x00, 0x00, 0x00, 0x00, 0x00, 0x00, 0x00, 
0x00, 0x00, 0x00, 0x00, 0x00, 0xDE, 0xFF, 0x39, 0x00, 0x00, 0x00, 0x00, 0x00, 0x00, 0x00, 0x00, 
0x00, 0x00, 0x00, 0x36, 0xFF, 0xE1, 0x01, 0x00, 0x00, 0x00, 0x00, 0x00, 0x00, 0x00, 0x00, 0x00, 
0x00, 0x00, 0x8C, 0xFF, 0x8C, 0x00, 0x00, 0x00, 0x00, 0x00, 0x00, 0x00, 0x00, 0x00, 0x00, 0x00, 
0x01, 0xE1, 0xFF, 0x35, 0x00, 0x00, 0x00, 0x00, 0x00, 0x00, 0x00, 0x00, 0x00, 0x00, 0x00, 0x39, 
0xFF, 0xDE, 0x00, 0x00, 0x00, 0x00, 0x00, 0x00, 0x00, 0x00, 0x00, 0x00, 0x00, 0x00, 0x90, 0xFF, 
0x88, 0x00, 0x00, 0x00, 0x00, 0x00, 0x00, 0x00, 0x00, 0x00, 0x00, 0x00, 0x01, 0xE4, 0xFF, 0x32, 
0x00, 0x00, 0x00, 0x00, 0x00, 0x00, 0x00, 0x00, 0x00, 0x00, 0x00, 0x3D, 0xFF, 0xDB, 0x00, 0x00, 
0x00, 0x00, 0x00, 0x00, 0x00, 0x00, 0x00, 0x00, 0x00, 0x00, 0x93, 0xFF, 0x85, 0x00, 0x00, 0x00, 
0x00, 0x00, 0x00, 0x00, 0x00, 0x00, 0x00, 0x00, 0x02, 0xE7, 0xFF, 0x2E, 0x00, 0x00, 0x00, 0x00, 
0x00, 0x00, 0x00, 0x00, 0x00, 0x00, 0x00, 0x40, 0xFF, 0xD8, 0x00, 0x00, 0x00, 0x00, 0x00, 0x00, 
0x00, 0x00, 0x00, 0x00, 0x00, 0x00, 0x97, 0xFF, 0x81, 0x00, 0x00, 0x00, 0x00, 0x00, 0x00, 0x00, 
0x00, 0x00, 0x00, 0x00, 0x03, 0xE9, 0xFF, 0x2B, 0x00, 0x00, 0x00, 0x00, 0x00, 0x00, 0x00, 0x00, 
0x00, 0x07, 0x65, 0xBA, 0xEA, 0xFA, 0xEF, 0xC5, 0x77, 0x0F, 0x00, 0x00, 0x00, 0x00, 0x21, 0xD2, 
0xFF, 0xA4, 0x29, 0x05, 0x21, 0x95, 0xFF, 0xE4, 0x36, 0x00, 0x00, 0x0E, 0xDC, 0xFF, 0xAF, 0x00, 
0x00, 0x00, 0x00, 0x00, 0xAE, 0xFF, 0xEF, 0x21, 0x00, 0x84, 0xFF, 0xFF, 0x30, 0x00, 0x00, 0x00, 
0x00, 0x00, 0x39, 0xFF, 0xFF, 0xA5, 0x00, 0xDA, 0xFF, 0xFF, 0x09, 0x00, 0x00, 0x00, 0x00, 0x00, 
0x10, 0xFF, 0xFF, 0xEC, 0x00, 0xF8, 0xFF, 0xFF, 0x2A, 0x00, 0x00, 0x00, 0x00, 0x00, 0x0B, 0xFF, 
0xFF, 0xEF, 0x00, 0xE0, 0xFF, 0xFF, 0x93, 0x00, 0x00, 0x00, 0x00, 0x00, 0x2B, 0xFF, 0xFF, 0xBB, 
0x00, 0x9C, 0xFF, 0xFF, 0xFD, 0x4A, 0x00, 0x00, 0x00, 0x00, 0x75, 0xFF, 0xFF, 0x4A, 0x00, 0x27, 
0xF8, 0xFF, 0xFF, 0xF6, 0x55, 0x00, 0x00, 0x0E, 0xE6, 0xFF, 0x9C, 0x00, 0x00, 0x00, 0x5D, 0xFE, 
0xFF, 0xFF, 0xFE, 0x7B, 0x00, 0xA2, 0xFF, 0x97, 0x02, 0x00, 0x00, 0x00, 0x00, 0x5B, 0xFA, 0xFF, 
0xFF, 0xFF, 0xC9, 0xF4, 0x62, 0x00, 0x00, 0x00, 0x00, 0x00, 0x00, 0x00, 0x3E, 0xE9, 0xFF, 0xFF, 
0xFF, 0xD6, 0x27, 0x00, 0x00, 0x00, 0x00, 0x00, 0x00, 0x00, 0x04, 0x98, 0xFD, 0xFF, 0xFF, 0xFF, 
0xF3, 0x53, 0x00, 0x00, 0x00, 0x00, 0x00, 0x17, 0xC4, 0xE9, 0x2F, 0x9A, 0xFF, 0xFF, 0xFF, 0xFF, 
0x79, 0x00, 0x00, 0x00, 0x20, 0xDE, 0xFE, 0x3C, 0x00, 0x00, 0x72, 0xFE, 0xFF, 0xFF, 0xFF, 0x75, 
0x00, 0x0A, 0xD7, 0xFF, 0xA3, 0x00, 0x00, 0x00, 0x00, 0x5D, 0xFD, 0xFF, 0xFF, 0xFC, 0x32, 0x80, 
0xFF, 0xFF, 0x46, 0x00, 0x00, 0x00, 0x00, 0x00, 0x66, 0xFF, 0xFF, 0xFF, 0xA9, 0xDD, 0xFF, 0xFF, 
0x16, 0x00, 0x00, 0x00, 0x00, 0x00, 0x00, 0xA3, 0xFF, 0xFF, 0xEB, 0xFA, 0xFF, 0xFF, 0x05, 0x00, 
0x00, 0x00, 0x00, 0x00, 0x00, 0x2F, 0xFF, 0xFF, 0xF7, 0xDB, 0xFF, 0xFF, 0x1D, 0x00, 0x00, 0x00, 
0x00, 0x00, 0x00, 0x08, 0xFF, 0xFF, 0xD1, 0x7E, 0xFF, 0xFF, 0x68, 0x00, 0x00, 0x00, 0x00, 0x00, 
0x00, 0x26, 0xFF, 0xFF, 0x73, 0x0A, 0xCF, 0xFF, 0xE6, 0x18, 0x00, 0x00, 0x00, 0x00, 0x00, 0xA7, 
0xFF, 0xC6, 0x05, 0x00, 0x14, 0xC0, 0xFF, 0xDF, 0x55, 0x0F, 0x10, 0x3D, 0xBC, 0xFF, 0xB1, 0x0F, 
0x00, 0x00, 0x00, 0x01, 0x51, 0xAB, 0xE2, 0xF7, 0xF6, 0xDD, 0xA4, 0x44, 0x00, 0x00, 0x00, 0x00, 
0x00, 0x00, 0x01, 0x5A, 0xB7, 0xE6, 0xF8, 0xE1, 0xA0, 0x33, 0x00, 0x00, 0x00, 0x00, 0x00, 0x00, 
0x17, 0xC1, 0xF3, 0x6D, 0x15, 0x0A, 0x4F, 0xDD, 0xFD, 0x82, 0x00, 0x00, 0x00, 0x00, 0x0F, 0xD1, 
0xFB, 0x3B, 0x00, 0x00, 0x00, 0x00, 0x19, 0xE8, 0xFF, 0x87, 0x00, 0x00, 0x00, 0xA1, 0xFF, 0x95, 
0x00, 0x00, 0x00, 0x00, 0x00, 0x00, 0x4F, 0xFF, 0xFE, 0x48, 0x00, 0x2F, 0xFF, 0xFF, 0x3E, 0x00, 
0x00, 0x00, 0x00, 0x00, 0x00, 0x02, 0xDD, 0xFF, 0xD7, 0x01, 0x93, 0xFF, 0xFF, 0x12, 0x00, 0x00, 
0x00, 0x00, 0x00, 0x00, 0x00, 0x85, 0xFF, 0xFF, 0x4C, 0xD4, 0xFF, 0xFF, 0x03, 0x00, 0x00, 0x00, 
0x00, 0x00, 0x00, 0x00, 0x48, 0xFF, 0xFF, 0x97, 0xF3, 0xFF, 0xFF, 0x0C, 0x00, 0x00, 0x00, 0x00, 
0x00, 0x00, 0x00, 0x1D, 0xFF, 0xFF, 0xD2, 0xF9, 0xFF, 0xFF, 0x22, 0x00, 0x00, 0x00, 0x00, 0x00, 
0x00, 0x00, 0x07, 0xFF, 0xFF, 0xEB, 0xE2, 0xFF, 0xFF, 0x54, 0x00, 0x00, 0x00, 0x00, 0x00, 0x00, 
0x00, 0x00, 0xFF, 0xFF, 0xFB, 0xA8, 0xFF, 0xFF, 0xA2, 0x00, 0x00, 0x00, 0x00, 0x00, 0x00, 0x00, 
0x00, 0xFF, 0xFF, 0xF0, 0x43, 0xFF, 0xFF, 0xF6, 0x1D, 0x00, 0x00, 0x00, 0x00, 0x00, 0x00, 0x00, 
0xFF, 0xFF, 0xDA, 0x00, 0xA2, 0xFF, 0xFF, 0xBC, 0x05, 0x00, 0x00, 0x00, 0x00, 0x00, 0x2F, 0xFF, 
0xFF, 0xAB, 0x00, 0x07, 0xA4, 0xFF, 0xFF, 0xC3, 0x3D, 0x08, 0x13, 0x4C, 0xA6, 0xF2, 0xFF, 0xFF, 
0x6F, 0x00, 0x00, 0x00, 0x49, 0xB2, 0xEA, 0xFB, 0xEE, 0xC7, 0x8D, 0x41, 0x8F, 0xFF, 0xFE, 0x1C, 
0x00, 0x00, 0x00, 0x00, 0x00, 0x00, 0x00, 0x00, 0x00, 0x00, 0x0A, 0xEA, 0xFF, 0xB3, 0x00, 0x00, 
0x00, 0x00, 0x00, 0x00, 0x00, 0x00, 0x00, 0x00, 0x00, 0x76, 0xFF, 0xFE, 0x36, 0x00, 0x00, 0x00, 
0x00, 0x00, 0x00, 0x00, 0x00, 0x00, 0x00, 0x1E, 0xF2, 0xFF, 0x99, 0x00, 0x00, 0x00, 0x00, 0x00, 
0x00, 0x00, 0x00, 0x00, 0x00, 0x04, 0xC2, 0xFF, 0xD7, 0x0E, 0x00, 0x00, 0x00, 0x00, 0x00, 0x00, 
0x00, 0x00, 0x00, 0x00, 0x98, 0xFF, 0xEB, 0x24, 0x00, 0x00, 0x00, 0x00, 0x00, 0x00, 0x00, 0x00, 
0x00, 0x02, 0x92, 0xFF, 0xE4, 0x29, 0x00, 0x00, 0x00, 0x00, 0x00, 0x00, 0x00, 0x00, 0x00, 0x23, 
0xBC, 0xFF, 0xC0, 0x1A, 0x00, 0x00, 0x00, 0x00, 0x00, 0x00, 0x0F, 0x2D, 0x5D, 0xB5, 0xFB, 0xED, 
0x6E, 0x03, 0x00, 0x00, 0x00, 0x00, 0x00, 0x00, 0x00, 0xFF, 0xF7, 0xE0, 0xAD, 0x61, 0x0B, 0x00, 
0x00, 0x00, 0x00, 0x00, 0x00, 0x00, 0x00, 0x87, 0xF3, 0x87, 0xF4, 0xFF, 0xF3, 0x87, 0xF4, 0x87, 
0x00, 0x00, 0x00, 0x00, 0x00, 0x00, 0x00, 0x00, 0x00, 0x00, 0x00, 0x00, 0x00, 0x00, 0x00, 0x00, 
0x00, 0x00, 0x00, 0x00, 0x00, 0x00, 0x00, 0x00, 0x00, 0x00, 0x00, 0x00, 0x00, 0x00, 0x84, 0xF3, 
0x84, 0xF4, 0xFF, 0xF3, 0x87, 0xF4, 0x84, 0x00, 0x00, 0x00, 0x00, 0x00, 0x00, 0x00, 0x00, 0x00, 
0x00, 0x00, 0x00, 0x00, 0x00, 0x00, 0x00, 0x07, 0x5E, 0xC9, 0x00, 0x00, 0x00, 0x00, 0x00, 0x00, 
0x00, 0x00, 0x00, 0x00, 0x00, 0x00, 0x00, 0x00, 0x1E, 0x86, 0xE1, 0x9E, 0x31, 0x00, 0x00, 0x00, 
0x00, 0x00, 0x00, 0x00, 0x00, 0x00, 0x00, 0x00, 0x00, 0x43, 0xAF, 0xDA, 0x75, 0x12, 0x00, 0x00, 
0x00, 0x00, 0x00, 0x00, 0x00, 0x00, 0x00, 0x00, 0x00, 0x0D, 0x6B, 0xD5, 0xB9, 0x4D, 0x02, 0x00, 
0x00, 0x00, 0x00, 0x00, 0x00, 0x00, 0x00, 0x00, 0x00, 0x00, 0x29, 0x94, 0xE2, 0x90, 0x25, 0x00, 
0x00, 0x00, 0x00, 0x00, 0x00, 0x00, 0x00, 0x00, 0x00, 0x00, 0x03, 0x50, 0xBC, 0xD1, 0x68, 0x0B, 
0x00, 0x00, 0x00, 0x00, 0x00, 0x00, 0x00, 0x00, 0x00, 0x00, 0x00, 0x15, 0x79, 0xDD, 0xAB, 0x3F, 
0x00, 0x00, 0x00, 0x00, 0x00, 0x00, 0x00, 0x00, 0x00, 0x00, 0x00, 0x00, 0x35, 0xA1, 0xE0, 0x82, 
0x1A, 0x00, 0x00, 0x00, 0x00, 0x00, 0x00, 0x00, 0x00, 0x00, 0x00, 0x00, 0x00, 0x00, 0x00, 0xFF, 
0xB0, 0x0B, 0x00, 0x00, 0x00, 0x00, 0x00, 0x00, 0x00, 0x00, 0x00, 0x00, 0x00, 0x00, 0x00, 0x00, 
0x00, 0x00, 0x36, 0xA2, 0xE0, 0x81, 0x1A, 0x00, 0x00, 0x00, 0x00, 0x00, 0x00, 0x00, 0x00, 0x00, 
0x00, 0x00, 0x00, 0x00, 0x00, 0x00, 0x00, 0x15, 0x7A, 0xDD, 0xAA, 0x3E, 0x00, 0x00, 0x00, 0x00, 
0x00, 0x00, 0x00, 0x00, 0x00, 0x00, 0x00, 0x00, 0x00, 0x00, 0x00, 0x00, 0x03, 0x51, 0xBD, 0xD1, 
0x67, 0x0B, 0x00, 0x00, 0x00, 0x00, 0x00, 0x00, 0x00, 0x00, 0x00, 0x00, 0x00, 0x00, 0x00, 0x00, 
0x00, 0x00, 0x29, 0x95, 0xE2, 0x8F, 0x25, 0x00, 0x00, 0x00, 0x00, 0x00, 0x00, 0x00, 0x00, 0x00, 
0x00, 0x00, 0x00, 0x00, 0x00, 0x00, 0x00, 0x0D, 0x6C, 0xD5, 0xB8, 0x4C, 0x02, 0x00, 0x00, 0x00, 
0x00, 0x00, 0x00, 0x00, 0x00, 0x00, 0x00, 0x00, 0x00, 0x00, 0x00, 0x00, 0x00, 0x44, 0xB0, 0xDA, 
0x74, 0x12, 0x00, 0x00, 0x00, 0x00, 0x00, 0x00, 0x00, 0x00, 0x00, 0x00, 0x00, 0x00, 0x00, 0x00, 
0x00, 0x00, 0x1E, 0x87, 0xE1, 0x9D, 0x31, 0x00, 0x00, 0x00, 0x00, 0x00, 0x00, 0x00, 0x00, 0x00, 
0x00, 0x00, 0x00, 0x00, 0x00, 0x00, 0x00, 0x07, 0x5F, 0xCA, 0xFF, 0xFF, 0xFF, 0xFF, 0xFF, 0xFF, 
0xFF, 0xFF, 0xFF, 0xFF, 0xFF, 0xFF, 0xFF, 0xFF, 0xFF, 0xFF, 0xFF, 0xFF, 0x00, 0x00, 0x00, 0x00, 
0x00, 0x00, 0x00, 0x00, 0x00, 0x00, 0x00, 0x00, 0x00, 0x00, 0x00, 0x00, 0x00, 0x00, 0x00, 0x00, 
0x00, 0x00, 0x00, 0x00, 0x00, 0x00, 0x00, 0x00, 0x00, 0x00, 0x00, 0x00, 0x00, 0x00, 0x00, 0x00, 
0x00, 0x00, 0x00, 0x00, 0x00, 0x00, 0x00, 0x00, 0x00, 0x00, 0x00, 0x00, 0x00, 0x00, 0x00, 0x00, 
0x00, 0x00, 0x00, 0x00, 0x00, 0x00, 0x00, 0x00, 0x00, 0x00, 0x00, 0x00, 0x00, 0x00, 0x00, 0x00, 
0x00, 0x00, 0x00, 0x00, 0xFF, 0xFF, 0xFF, 0xFF, 0xFF, 0xFF, 0xFF, 0xFF, 0xFF, 0xFF, 0xFF, 0xFF, 
0xFF, 0xFF, 0xFF, 0xFF, 0xFF, 0xFF, 0xC9, 0x5E, 0x07, 0x00, 0x00, 0x00, 0x00, 0x00, 0x00, 0x00, 
0x00, 0x00, 0x00, 0x00, 0x00, 0x00, 0x00, 0x00, 0x00, 0x32, 0x9E, 0xE1, 0x86, 0x1D, 0x00, 0x00, 
0x00, 0x00, 0x00, 0x00, 0x00, 0x00, 0x00, 0x00, 0x00, 0x00, 0x00, 0x00, 0x00, 0x00, 0x12, 0x75, 
0xDB, 0xAF, 0x43, 0x00, 0x00, 0x00, 0x00, 0x00, 0x00, 0x00, 0x00, 0x00, 0x00, 0x00, 0x00, 0x00, 
0x00, 0x00, 0x00, 0x02, 0x4D, 0xB9, 0xD4, 0x6B, 0x0D, 0x00, 0x00, 0x00, 0x00, 0x00, 0x00, 0x00, 
0x00, 0x00, 0x00, 0x00, 0x00, 0x00, 0x00, 0x00, 0x00, 0x25, 0x90, 0xE2, 0x94, 0x28, 0x00, 0x00, 
0x00, 0x00, 0x00, 0x00, 0x00, 0x00, 0x00, 0x00, 0x00, 0x00, 0x00, 0x00, 0x00, 0x00, 0x0B, 0x68, 
0xD2, 0xBC, 0x50, 0x03, 0x00, 0x00, 0x00, 0x00, 0x00, 0x00, 0x00, 0x00, 0x00, 0x00, 0x00, 0x00, 
0x00, 0x00, 0x00, 0x00, 0x3F, 0xAB, 0xDC, 0x79, 0x14, 0x00, 0x00, 0x00, 0x00, 0x00, 0x00, 0x00, 
0x00, 0x00, 0x00, 0x00, 0x00, 0x00, 0x00, 0x00, 0x00, 0x1A, 0x82, 0xE0, 0xA1, 0x35, 0x00, 0x00, 
0x00, 0x00, 0x00, 0x00, 0x00, 0x00, 0x00, 0x00, 0x00, 0x00, 0x00, 0x00, 0x00, 0x00, 0x0B, 0xB0, 
0xFF, 0x00, 0x00, 0x00, 0x00, 0x00, 0x00, 0x00, 0x00, 0x00, 0x00, 0x00, 0x00, 0x00, 0x00, 0x1A, 
0x81, 0xE0, 0xA2, 0x35, 0x00, 0x00, 0x00, 0x00, 0x00, 0x00, 0x00, 0x00, 0x00, 0x00, 0x00, 0x00, 
0x3E, 0xAA, 0xDD, 0x7A, 0x15, 0x00, 0x00, 0x00, 0x00, 0x00, 0x00, 0x00, 0x00, 0x00, 0x00, 0x00, 
0x0B, 0x67, 0xD1, 0xBD, 0x51, 0x03, 0x00, 0x00, 0x00, 0x00, 0x00, 0x00, 0x00, 0x00, 0x00, 0x00, 
0x00, 0x25, 0x8F, 0xE2, 0x95, 0x29, 0x00, 0x00, 0x00, 0x00, 0x00, 0x00, 0x00, 0x00, 0x00, 0x00, 
0x00, 0x02, 0x4C, 0xB8, 0xD5, 0x6C, 0x0D, 0x00, 0x00, 0x00, 0x00, 0x00, 0x00, 0x00, 0x00, 0x00, 
0x00, 0x00, 0x12, 0x74, 0xDA, 0xB0, 0x44, 0x00, 0x00, 0x00, 0x00, 0x00, 0x00, 0x00, 0x00, 0x00, 
0x00, 0x00, 0x00, 0x31, 0x9D, 0xE1, 0x87, 0x1E, 0x00, 0x00, 0x00, 0x00, 0x00, 0x00, 0x00, 0x00, 
0x00, 0x00, 0x00, 0x00, 0x00, 0x00, 0xCA, 0x5F, 0x07, 0x00, 0x00, 0x00, 0x00, 0x00, 0x00, 0x00, 
0x00, 0x00, 0x00, 0x00, 0x00, 0x00, 0x00, 0x00, 0x00, 0x00, 0x00, 0x25, 0x98, 0xDC, 0xF7, 0xF1, 
0xD2, 0x8A, 0x18, 0x00, 0x00, 0x00, 0x53, 0xE7, 0x65, 0x18, 0x0B, 0x50, 0xE1, 0xFF, 0xF0, 0x3C, 
0x00, 0x2E, 0xF8, 0x54, 0x00, 0x00, 0x00, 0x00, 0x1F, 0xEE, 0xFF, 0xF0, 0x1A, 0xAC, 0xFF, 0x18, 
0x00, 0x00, 0x00, 0x00, 0x00, 0x76, 0xFF, 0xFF, 0x90, 0xEE, 0xFF, 0x52, 0x00, 0x00, 0x00, 0x00, 
0x00, 0x28, 0xFF, 0xFF, 0xDD, 0xF5, 0xFF, 0xB9, 0x00, 0x00, 0x00, 0x00, 0x00, 0x08, 0xFF, 0xFF, 
0xF9, 0xC6, 0xFF, 0xF4, 0x00, 0x00, 0x00, 0x00, 0x00, 0x09, 0xFF, 0xFF, 0xE8, 0x3A, 0xE7, 0x98, 
0x00, 0x00, 0x00, 0x00, 0x00, 0x28, 0xFF, 0xFF, 0xB1, 0x00, 0x00, 0x00, 0x00, 0x00, 0x00, 0x00, 
0x00, 0x6A, 0xFF, 0xFF, 0x56, 0x00, 0x00, 0x00, 0x00, 0x00, 0x00, 0x00, 0x00, 0xC8, 0xFF, 0xCA, 
0x02, 0x00, 0x00, 0x00, 0x00, 0x00, 0x00, 0x00, 0x3D, 0xFF, 0xF3, 0x27, 0x00, 0x00, 0x00, 0x00, 
0x00, 0x00, 0x00, 0x00, 0xBA, 0xFD, 0x4E, 0x00, 0x00, 0x00, 0x00, 0x00, 0x00, 0x00, 0x00, 0x47, 
0xFF, 0x72, 0x00, 0x00, 0x00, 0x00, 0x00, 0x00, 0x00, 0x00, 0x00, 0xC5, 0xA4, 0x00, 0x00, 0x00, 
0x00, 0x00, 0x00, 0x00, 0x00, 0x00, 0x30, 0xE4, 0x0D, 0x00, 0x00, 0x00, 0x00, 0x00, 0x00, 0x00, 
0x00, 0x00, 0x7A, 0x72, 0x00, 0x00, 0x00, 0x00, 0x00, 0x00, 0x00, 0x00, 0x00, 0x00, 0xAB, 0x38, 
0x00, 0x00, 0x00, 0x00, 0x00, 0x00, 0x00, 0x00, 0x00, 0x00, 0xD1, 0x18, 0x00, 0x00, 0x00, 0x00, 
0x00, 0x00, 0x00, 0x00, 0x00, 0x00, 0xF0, 0x08, 0x00, 0x00, 0x00, 0x00, 0x00, 0x00, 0x00, 0x00, 
0x00, 0x00, 0x00, 0x00, 0x00, 0x00, 0x00, 0x00, 0x00, 0x00, 0x00, 0x00, 0x00, 0x00, 0x00, 0x00, 
0x00, 0x00, 0x00, 0x00, 0x00, 0x00, 0x00, 0x00, 0x00, 0x87, 0xF3, 0x87, 0x00, 0x00, 0x00, 0x00, 
0x00, 0x00, 0x00, 0x00, 0x00, 0xF4, 0xFF, 0xF3, 0x00, 0x00, 0x00, 0x00, 0x00, 0x00, 0x00, 0x00, 
0x00, 0x87, 0xF4, 0x84, 0x00, 0x00, 0x00, 0x00, 0x00, 0x00, 0x00, 0x00, 0x00, 0x00, 0x00, 0x00, 
0x00, 0x00, 0x00, 0x00, 0x0B, 0x57, 0x93, 0xC6, 0xE4, 0xF5, 0xF9, 0xEC, 0xCD, 0xA1, 0x5D, 0x11, 
0x00, 0x00, 0x00, 0x00, 0x00, 0x00, 0x00, 0x00, 0x00, 0x00, 0x00, 0x00, 0x00, 0x00, 0x00, 0x00, 
0x00, 0x28, 0xA1, 0xEC, 0xAB, 0x6B, 0x36, 0x19, 0x08, 0x08, 0x17, 0x3D, 0x71, 0xBD, 0xF4, 0x99, 
0x1A, 0x00, 0x00, 0x00, 0x00, 0x00, 0x00, 0x00, 0x00, 0x00, 0x00, 0x00, 0x00, 0x00, 0x11, 0x9F, 
0xE6, 0x70, 0x0F, 0x00, 0x00, 0x00, 0x00, 0x00, 0x00, 0x00, 0x00, 0x00, 0x00, 0x24, 0x9F, 0xF1, 
0x63, 0x00, 0x00, 0x00, 0x00, 0x00, 0x00, 0x00, 0x00, 0x00, 0x00, 0x00, 0x45, 0xE5, 0x91, 0x0B, 
0x00, 0x00, 0x00, 0x00, 0x00, 0x00, 0x00, 0x00, 0x00, 0x00, 0x00, 0x00, 0x00, 0x00, 0x40, 0xE9, 
0x85, 0x00, 0x00, 0x00, 0x00, 0x00, 0x00, 0x00, 0x00, 0x00, 0x5F, 0xEE, 0x4A, 0x00, 0x00, 0x00, 
0x00, 0x00, 0x00, 0x00, 0x00, 0x00, 0x00, 0x00, 0x00, 0x00, 0x00, 0x00, 0x00, 0x00, 0x22, 0xE6, 
0x67, 0x00, 0x00, 0x00, 0x00, 0x00, 0x00, 0x00, 0x5E, 0xEE, 0x38, 0x00, 0x00, 0x00, 0x00, 0x00, 
0x00, 0x00, 0x00, 0x00, 0x00, 0x00, 0x00, 0x00, 0x00, 0x00, 0x00, 0x00, 0x00, 0x00, 0x34, 0xF0, 
0x20, 0x00, 0x00, 0x00, 0x00, 0x00, 0x3A, 0xF5, 0x43, 0x00, 0x00, 0x00, 0x00, 0x00, 0x00, 0x00, 
0x00, 0x00, 0x00, 0x00, 0x00, 0x00, 0x00, 0x00, 0x00, 0x00, 0x00, 0x00, 0x00, 0x00, 0x87, 0xA2, 
0x00, 0x00, 0x00, 0x00, 0x0A, 0xDF, 0x79, 0x00, 0x00, 0x00, 0x00, 0x00, 0x00, 0x00, 0x00, 0x00, 
0x00, 0x00, 0x00, 0x00, 0x00, 0x00, 0x00, 0x00, 0x00, 0x00, 0x00, 0x00, 0x00, 0x11, 0xED, 0x19, 
0x00, 0x00, 0x00, 0x8A, 0xD1, 0x03, 0x00, 0x00, 0x00, 0x00, 0x00, 0x00, 0x00, 0x00, 0x00, 0x26, 
0x99, 0xE4, 0xF5, 0xC2, 0x34, 0x00, 0x24, 0x6F, 0xBB, 0x37, 0x00, 0x00, 0x00, 0xA0, 0x6B, 0x00, 
0x00, 0x17, 0xF8, 0x3F, 0x00, 0x00, 0x00, 0x00, 0x00, 0x00, 0x00, 0x00, 0x02, 0x7F, 0xFA, 0xCC, 
0x41, 0x0A, 0x3A, 0xC8, 0x35, 0xFF, 0xFF, 0xE8, 0x02, 0x00, 0x00, 0x00, 0x53, 0xAE, 0x00, 0x00, 
0x85, 0xC5, 0x00, 0x00, 0x00, 0x00, 0x00, 0x00, 0x00, 0x00, 0x0C, 0xB8, 0xFF, 0xB3, 0x07, 0x00, 
0x00, 0x00, 0x44, 0xD1, 0xFF, 0xFF, 0x97, 0x00, 0x00, 0x00, 0x00, 0x22, 0xDC, 0x00, 0x01, 0xE6, 
0x55, 0x00, 0x00, 0x00, 0x00, 0x00, 0x00, 0x00, 0x0B, 0xC3, 0xFF, 0xCB, 0x09, 0x00, 0x00, 0x00, 
0x00, 0x0A, 0xFF, 0xFF, 0xFF, 0x44, 0x00, 0x00, 0x00, 0x00, 0x0B, 0xF3, 0x00, 0x39, 0xF4, 0x07, 
0x00, 0x00, 0x00, 0x00, 0x00, 0x00, 0x00, 0xAB, 0xFF, 0xF3, 0x23, 0x00, 0x00, 0x00, 0x00, 0x00, 
0x12, 0xFF, 0xFF, 0xEC, 0x04, 0x00, 0x00, 0x00, 0x00, 0x05, 0xFB, 0x00, 0x7F, 0xAC, 0x00, 0x00, 
0x00, 0x00, 0x00, 0x00, 0x00, 0x68, 0xFF, 0xFF, 0x74, 0x00, 0x00, 0x00, 0x00, 0x00, 0x00, 0x40, 
0xFF, 0xFF, 0x9D, 0x00, 0x00, 0x00, 0x00, 0x00, 0x13, 0xEE, 0x00, 0xAF, 0x6F, 0x00, 0x00, 0x00, 
0x00, 0x00, 0x00, 0x16, 0xEF, 0xFF, 0xDF, 0x06, 0x00, 0x00, 0x00, 0x00, 0x00, 0x00, 0x87, 0xFF, 
0xFF, 0x4A, 0x00, 0x00, 0x00, 0x00, 0x00, 0x34, 0xCF, 0x00, 0xD9, 0x40, 0x00, 0x00, 0x00, 0x00, 
0x00, 0x00, 0x8D, 0xFF, 0xFF, 0x6B, 0x00, 0x00, 0x00, 0x00, 0x00, 0x00, 0x01, 0xDE, 0xFF, 0xF0, 
0x06, 0x00, 0x00, 0x00, 0x00, 0x00, 0x61, 0xA0, 0x00, 0xEC, 0x1D, 0x00, 0x00, 0x00, 0x00, 0x00, 
0x0F, 0xF4, 0xFF, 0xF0, 0x0A, 0x00, 0x00, 0x00, 0x00, 0x00, 0x00, 0x48, 0xFF, 0xFF, 0xA3, 0x00, 
0x00, 0x00, 0x00, 0x00, 0x00, 0xA5, 0x5C, 0x00, 0xFA, 0x0D, 0x00, 0x00, 0x00, 0x00, 0x00, 0x64, 
0xFF, 0xFF, 0x9A, 0x00, 0x00, 0x00, 0x00, 0x00, 0x00, 0x00, 0xC6, 0xFF, 0xFF, 0x4F, 0x00, 0x00, 
0x00, 0x00, 0x00, 0x0A, 0xE9, 0x11, 0x00, 0xF7, 0x03, 0x00, 0x00, 0x00, 0x00, 0x00, 0xAF, 0xFF, 
0xFF, 0x4C, 0x00, 0x00, 0x00, 0x00, 0x00, 0x00, 0x56, 0xFF, 0xFF, 0xF4, 0x08, 0x00, 0x00, 0x00, 
0x00, 0x00, 0x64, 0xA1, 0x00, 0x00, 0xE8, 0x0F, 0x00, 0x00, 0x00, 0x00, 0x00, 0xE3, 0xFF, 0xFF, 
0x16, 0x00, 0x00, 0x00, 0x00, 0x00, 0x19, 0xEC, 0xFF, 0xFF, 0xAD, 0x00, 0x00, 0x00, 0x00, 0x00, 
0x05, 0xD9, 0x27, 0x00, 0x00, 0xCB, 0x22, 0x00, 0x00, 0x00, 0x00, 0x00, 0xF9, 0xFF, 0xFF, 0x08, 
0x00, 0x00, 0x00, 0x00, 0x0C, 0xBD, 0xE1, 0xFF, 0xFF, 0x61, 0x00, 0x00, 0x00, 0x00, 0x00, 0x7C, 
0x91, 0x00, 0x00, 0x00, 0x9E, 0x4D, 0x00, 0x00, 0x00, 0x00, 0x00, 0xE6, 0xFF, 0xFF, 0x3B, 0x00, 
0x00, 0x00, 0x13, 0xB5, 0x3C, 0xE3, 0xFF, 0xFF, 0x25, 0x00, 0x00, 0x00, 0x00, 0x42, 0xCC, 0x09, 
0x00, 0x00, 0x00, 0x64, 0x81, 0x00, 0x00, 0x00, 0x00, 0x00, 0xB4, 0xFF, 0xFF, 0xD3, 0x2A, 0x13, 
0x5F, 0xD0, 0x3B, 0x00, 0xF9, 0xFF, 0xFF, 0x07, 0x00, 0x00, 0x00, 0x54, 0xCC, 0x18, 0x00, 0x00, 
0x00, 0x00, 0x17, 0xCC, 0x00, 0x00, 0x00, 0x00, 0x00, 0x35, 0xFD, 0xFF, 0xFF, 0xFF, 0xFF, 0xD1, 
0x27, 0x00, 0x00, 0xD5, 0xFF, 0xFF, 0x62, 0x08, 0x3B, 0xAC, 0x9D, 0x0D, 0x00, 0x00, 0x00, 0x0F, 
0xAB, 0x00, 0xB9, 0x29, 0x00, 0x00, 0x00, 0x00, 0x00, 0x53, 0xDD, 0xF3, 0xC4, 0x60, 0x05, 0x00, 
0x00, 0x00, 0x34, 0xC6, 0xF5, 0xF4, 0xD0, 0x8C, 0x29, 0x00, 0x00, 0x00, 0x00, 0x00, 0x80, 0x38, 
0x00, 0x45, 0x9E, 0x00, 0x00, 0x00, 0x00, 0x00, 0x00, 0x00, 0x00, 0x00, 0x00, 0x00, 0x00, 0x00, 
0x00, 0x00, 0x00, 0x00, 0x00, 0x00, 0x00, 0x00, 0x00, 0x00, 0x00, 0x00, 0x1D, 0x87, 0x00, 0x00, 
0x00, 0xBA, 0x2E, 0x00, 0x00, 0x00, 0x00, 0x00, 0x00, 0x00, 0x00, 0x00, 0x00, 0x00, 0x00, 0x00, 
0x00, 0x00, 0x00, 0x00, 0x00, 0x00, 0x00, 0x00, 0x00, 0x00, 0x01, 0x94, 0x0A, 0x00, 0x00, 0x00, 
0x28, 0xC4, 0x06, 0x00, 0x00, 0x00, 0x00, 0x00, 0x00, 0x00, 0x00, 0x00, 0x00, 0x00, 0x00, 0x00, 
0x00, 0x00, 0x00, 0x00, 0x00, 0x00, 0x00, 0x00, 0x00, 0x6A, 0x21, 0x00, 0x00, 0x00, 0x00, 0x00, 
0x61, 0xA2, 0x00, 0x00, 0x00, 0x00, 0x00, 0x00, 0x00, 0x00, 0x00, 0x00, 0x00, 0x00, 0x00, 0x00, 
0x00, 0x00, 0x00, 0x00, 0x00, 0x00, 0x00, 0x61, 0x34, 0x00, 0x00, 0x00, 0x00, 0x00, 0x00, 0x00, 
0x7F, 0xA0, 0x06, 0x00, 0x00, 0x00, 0x00, 0x00, 0x00, 0x00, 0x00, 0x00, 0x00, 0x00, 0x00, 0x00, 
0x00, 0x00, 0x00, 0x00, 0x04, 0x74, 0x30, 0x00, 0x00, 0x00, 0x00, 0x00, 0x00, 0x00, 0x00, 0x00, 
0x6C, 0xC4, 0x2D, 0x00, 0x00, 0x00, 0x00, 0x00, 0x00, 0x00, 0x00, 0x00, 0x00, 0x00, 0x00, 0x00, 
0x00, 0x00, 0x2B, 0x97, 0x26, 0x00, 0x00, 0x00, 0x00, 0x00, 0x00, 0x00, 0x00, 0x00, 0x00, 0x00, 
0x34, 0xCE, 0x9B, 0x29, 0x00, 0x00, 0x00, 0x00, 0x00, 0x00, 0x00, 0x00, 0x00, 0x00, 0x00, 0x2C, 
0x9A, 0x93, 0x08, 0x00, 0x00, 0x00, 0x00, 0x00, 0x00, 0x00, 0x00, 0x00, 0x00, 0x00, 0x00, 0x00, 
0x03, 0x5D, 0xD2, 0xCB, 0x7F, 0x4A, 0x1F, 0x0D, 0x03, 0x11, 0x23, 0x4D, 0x84, 0xCB, 0xAF, 0x33, 
0x00, 0x00, 0x00, 0x00, 0x00, 0x00, 0x00, 0x00, 0x00, 0x00, 0x00, 0x00, 0x00, 0x00, 0x00, 0x00, 
0x00, 0x00, 0x2E, 0x7C, 0xB1, 0xDD, 0xF0, 0xFB, 0xEB, 0xD5, 0xAE, 0x6A, 0x21, 0x00, 0x00, 0x00, 
0x00, 0x00, 0x00, 0x00, 0x00, 0x00, 0x00, 0x00, 0x00, 0x00, 0x00, 0x00, 0x00, 0x00, 0x00, 0x00, 
0x00, 0x00, 0x00, 0xA4, 0xCE, 0x00, 0x00, 0x00, 0x00, 0x00, 0x00, 0x00, 0x00, 0x00, 0x00, 0x00, 
0x00, 0x00, 0x00, 0x00, 0x00, 0x00, 0x00, 0x00, 0x00, 0x00, 0x00, 0x00, 0x00, 0x19, 0xFA, 0xFF, 
0x3D, 0x00, 0x00, 0x00, 0x00, 0x00, 0x00, 0x00, 0x00, 0x00, 0x00, 0x00, 0x00, 0x00, 0x00, 0x00, 
0x00, 0x00, 0x00, 0x00, 0x00, 0x00, 0x00, 0x00, 0x82, 0xFF, 0xFF, 0xAC, 0x00, 0x00, 0x00, 0x00, 
0x00, 0x00, 0x00, 0x00, 0x00, 0x00, 0x00, 0x00, 0x00, 0x00, 0x00, 0x00, 0x00, 0x00, 0x00, 0x00, 
0x00, 0x00, 0x07, 0xE9, 0xFF, 0xFF, 0xFC, 0x1E, 0x00, 0x00, 0x00, 0x00, 0x00, 0x00, 0x00, 0x00, 
0x00, 0x00, 0x00, 0x00, 0x00, 0x00, 0x00, 0x00, 0x00, 0x00, 0x00, 0x00, 0x00, 0x61, 0xFF, 0xFC, 
0xFF, 0xFF, 0x89, 0x00, 0x00, 0x00, 0x00, 0x00, 0x00, 0x00, 0x00, 0x00, 0x00, 0x00, 0x00, 0x00, 
0x00, 0x00, 0x00, 0x00, 0x00, 0x00, 0x00, 0x00, 0xD0, 0xFF, 0x67, 0xFF, 0xFF, 0xEE, 0x0A, 0x00, 
0x00, 0x00, 0x00, 0x00, 0x00, 0x00, 0x00, 0x00, 0x00, 0x00, 0x00, 0x00, 0x00, 0x00, 0x00, 0x00, 
0x00, 0x00, 0x40, 0xFF, 0xC4, 0x00, 0xC5, 0xFF, 0xFF, 0x66, 0x00, 0x00, 0x00, 0x00, 0x00, 0x00, 
0x00, 0x00, 0x00, 0x00, 0x00, 0x00, 0x00, 0x00, 0x00, 0x00, 0x00, 0x00, 0x00, 0xAF, 0xFF, 0x54, 
0x00, 0x57, 0xFF, 0xFF, 0xD4, 0x00, 0x00, 0x00, 0x00, 0x00, 0x00, 0x00, 0x00, 0x00, 0x00, 0x00, 
0x00, 0x00, 0x00, 0x00, 0x00, 0x00, 0x00, 0x21, 0xFD, 0xE2, 0x03, 0x00, 0x04, 0xE3, 0xFF, 0xFF, 
0x43, 0x00, 0x00, 0x00, 0x00, 0x00, 0x00, 0x00, 0x00, 0x00, 0x00, 0x00, 0x00, 0x00, 0x00, 0x00, 
0x00, 0x00, 0x8E, 0xFF, 0x76, 0x00, 0x00, 0x00, 0x79, 0xFF, 0xFF, 0xB2, 0x00, 0x00, 0x00, 0x00, 
0x00, 0x00, 0x00, 0x00, 0x00, 0x00, 0x00, 0x00, 0x00, 0x00, 0x00, 0x00, 0x0C, 0xF0, 0xF5, 0x12, 
0x00, 0x00, 0x00, 0x13, 0xF6, 0xFF, 0xFD, 0x23, 0x00, 0x00, 0x00, 0x00, 0x00, 0x00, 0x00, 0x00, 
0x00, 0x00, 0x00, 0x00, 0x00, 0x00, 0x00, 0x6C, 0xFF, 0x98, 0x00, 0x00, 0x00, 0x00, 0x00, 0x9C, 
0xFF, 0xFF, 0x8F, 0x00, 0x00, 0x00, 0x00, 0x00, 0x00, 0x00, 0x00, 0x00, 0x00, 0x00, 0x00, 0x00, 
0x00, 0x01, 0xD9, 0xFF, 0x2A, 0x00, 0x00, 0x00, 0x00, 0x00, 0x2D, 0xFF, 0xFF, 0xF1, 0x0D, 0x00, 
0x00, 0x00, 0x00, 0x00, 0x00, 0x00, 0x00, 0x00, 0x00, 0x00, 0x00, 0x00, 0x4B, 0xFF, 0xBA, 0x00, 
0x00, 0x00, 0x00, 0x00, 0x00, 0x00, 0xBE, 0xFF, 0xFF, 0x6D, 0x00, 0x00, 0x00, 0x00, 0x00, 0x00, 
0x00, 0x00, 0x00, 0x00, 0x00, 0x00, 0x00, 0xBA, 0xFF, 0x4B, 0x00, 0x00, 0x00, 0x00, 0x00, 0x00, 
0x00, 0x4F, 0xFF, 0xFF, 0xD9, 0x01, 0x00, 0x00, 0x00, 0x00, 0x00, 0x00, 0x00, 0x00, 0x00, 0x00, 
0x00, 0x2A, 0xFF, 0xFF, 0xFF, 0xFF, 0xFF, 0xFF, 0xFF, 0xFF, 0xFF, 0xFF, 0xFF, 0xFF, 0xFF, 0xFF, 
0x4A, 0x00, 0x00, 0x00, 0x00, 0x00, 0x00, 0x00, 0x00, 0x00, 0x00, 0x00, 0x99, 0xFF, 0x6B, 0x00, 
0x00, 0x00, 0x00, 0x00, 0x00, 0x00, 0x00, 0x00, 0x75, 0xFF, 0xFF, 0xB8, 0x00, 0x00, 0x00, 0x00, 
0x00, 0x00, 0x00, 0x00, 0x00, 0x00, 0x12, 0xF5, 0xF0, 0x0C, 0x00, 0x00, 0x00, 0x00, 0x00, 0x00, 
0x00, 0x00, 0x00, 0x11, 0xF5, 0xFF, 0xFE, 0x28, 0x00, 0x00, 0x00, 0x00, 0x00, 0x00, 0x00, 0x00, 
0x00, 0x77, 0xFF, 0x8D, 0x00, 0x00, 0x00, 0x00, 0x00, 0x00, 0x00, 0x00, 0x00, 0x00, 0x00, 0x98, 
0xFF, 0xFF, 0x96, 0x00, 0x00, 0x00, 0x00, 0x00, 0x00, 0x00, 0x00, 0x05, 0xE4, 0xFD, 0x21, 0x00, 
0x00, 0x00, 0x00, 0x00, 0x00, 0x00, 0x00, 0x00, 0x00, 0x00, 0x2A, 0xFF, 0xFF, 0xF4, 0x12, 0x00, 
0x00, 0x00, 0x00, 0x00, 0x00, 0x00, 0x67, 0xFF, 0xB5, 0x00, 0x00, 0x00, 0x00, 0x00, 0x00, 0x00, 
0x00, 0x00, 0x00, 0x00, 0x00, 0x00, 0xC2, 0xFF, 0xFF, 0x87, 0x00, 0x00, 0x00, 0x00, 0x00, 0x00, 
0x14, 0xE9, 0xFF, 0x76, 0x00, 0x00, 0x00, 0x00, 0x00, 0x00, 0x00, 0x00, 0x00, 0x00, 0x00, 0x00, 
0x00, 0x83, 0xFF, 0xFF, 0xF8, 0x2C, 0x00, 0x00, 0x00, 0x08, 0x43, 0xCA, 0xFF, 0xFF, 0xD5, 0x40, 
0x10, 0x00, 0x00, 0x00, 0x00, 0x00, 0x00, 0x00, 0x00, 0x00, 0x0A, 0x38, 0xD3, 0xFF, 0xFF, 0xFF, 
0xE6, 0x60, 0x19, 0x00, 0x94, 0xFF, 0xFF, 0xFF, 0xFF, 0xFF, 0xFF, 0xFF, 0x28, 0x00, 0x00, 0x00, 
0x00, 0x00, 0x00, 0x00, 0x00, 0xE0, 0xFF, 0xFF, 0xFF, 0xFF, 0xFF, 0xFF, 0xFF, 0xFF, 0x18, 0xFF, 
0xFF, 0xFF, 0xFF, 0xFF, 0xFF, 0xFF, 0xFF, 0xFF, 0xFF, 0xFD, 0xF7, 0xE7, 0xC9, 0x9B, 0x52, 0x06, 
0x00, 0x00, 0x00, 0x00, 0x01, 0x1F, 0xAB, 0xFF, 0xFF, 0xFF, 0x4E, 0x22, 0x0E, 0x03, 0x0E, 0x26, 
0x56, 0xA9, 0xFA, 0xFF, 0xE5, 0x56, 0x00, 0x00, 0x00, 0x00, 0x00, 0x20, 0xFF, 0xFF, 0xFF, 0x00, 
0x00, 0x00, 0x00, 0x00, 0x00, 0x00, 0x00, 0x2B, 0xD4, 0xFF, 0xFF, 0x75, 0x00, 0x00, 0x00, 0x00, 
0x04, 0xFF, 0xFF, 0xFF, 0x00, 0x00, 0x00, 0x00, 0x00, 0x00, 0x00, 0x00, 0x00, 0x13, 0xE2, 0xFF, 
0xFD, 0x39, 0x00, 0x00, 0x00, 0x00, 0xFF, 0xFF, 0xFF, 0x00, 0x00, 0x00, 0x00, 0x00, 0x00, 0x00, 
0x00, 0x00, 0x00, 0x5C, 0xFF, 0xFF, 0xAE, 0x00, 0x00, 0x00, 0x00, 0xFF, 0xFF, 0xFF, 0x00, 0x00, 
0x00, 0x00, 0x00, 0x00, 0x00, 0x00, 0x00, 0x00, 0x14, 0xFF, 0xFF, 0xEB, 0x00, 0x00, 0x00, 0x00, 
0xFF, 0xFF, 0xFF, 0x00, 0x00, 0x00, 0x00, 0x00, 0x00, 0x00, 0x00, 0x00, 0x00, 0x0B, 0xFF, 0xFF, 
0xF9, 0x00, 0x00, 0x00, 0x00, 0xFF, 0xFF, 0xFF, 0x00, 0x00, 0x00, 0x00, 0x00, 0x00, 0x00, 0x00, 
0x00, 0x00, 0x53, 0xFF, 0xFF, 0xD6, 0x00, 0x00, 0x00, 0x00, 0xFF, 0xFF, 0xFF, 0x00, 0x00, 0x00, 
0x00, 0x00, 0x00, 0x00, 0x00, 0x00, 0x1B, 0xE1, 0xFF, 0xFF, 0x77, 0x00, 0x00, 0x00, 0x00, 0xFF, 
0xFF, 0xFF, 0x00, 0x00, 0x00, 0x00, 0x00, 0x00, 0x00, 0x00, 0x37, 0xE4, 0xFF, 0xFF, 0xC8, 0x06, 
0x00, 0x00, 0x00, 0x00, 0xFF, 0xFF, 0xFF, 0x30, 0x12, 0x07, 0x01, 0x09, 0x1F, 0x4D, 0xA7, 0xFE, 
0xFF, 0xFF, 0xA4, 0x0E, 0x00, 0x00, 0x00, 0x00, 0x00, 0xFF, 0xFF, 0xFF, 0xFF, 0xFF, 0xFF, 0xFF, 
0xFF, 0xFF, 0xFF, 0xFF, 0xFF, 0xE7, 0x52, 0x00, 0x00, 0x00, 0x00, 0x00, 0x00, 0x00, 0xFF, 0xFF, 
0xFF, 0x1C, 0x0A, 0x02, 0x02, 0x0A, 0x13, 0x2C, 0x4C, 0x92, 0xF4, 0xFF, 0xC8, 0x42, 0x00, 0x00, 
0x00, 0x00, 0x00, 0xFF, 0xFF, 0xFF, 0x00, 0x00, 0x00, 0x00, 0x00, 0x00, 0x00, 0x00, 0x00, 0x25, 
0xDE, 0xFF, 0xFE, 0x6A, 0x00, 0x00, 0x00, 0x00, 0xFF, 0xFF, 0xFF, 0x00, 0x00, 0x00, 0x00, 0x00, 
0x00, 0x00, 0x00, 0x00, 0x00, 0x30, 0xFD, 0xFF, 0xFD, 0x35, 0x00, 0x00, 0x00, 0xFF, 0xFF, 0xFF, 
0x00, 0x00, 0x00, 0x00, 0x00, 0x00, 0x00, 0x00, 0x00, 0x00, 0x00, 0xB7, 0xFF, 0xFF, 0xAB, 0x00, 
0x00, 0x00, 0xFF, 0xFF, 0xFF, 0x00, 0x00, 0x00, 0x00, 0x00, 0x00, 0x00, 0x00, 0x00, 0x00, 0x00, 
0x7B, 0xFF, 0xFF, 0xEA, 0x00, 0x00, 0x00, 0xFF, 0xFF, 0xFF, 0x00, 0x00, 0x00, 0x00, 0x00, 0x00, 
0x00, 0x00, 0x00, 0x00, 0x00, 0x65, 0xFF, 0xFF, 0xF9, 0x00, 0x00, 0x00, 0xFF, 0xFF, 0xFF, 0x00, 
0x00, 0x00, 0x00, 0x00, 0x00, 0x00, 0x00, 0x00, 0x00, 0x00, 0x76, 0xFF, 0xFF, 0xDD, 0x00, 0x00, 
0x00, 0xFF, 0xFF, 0xFF, 0x00, 0x00, 0x00, 0x00, 0x00, 0x00, 0x00, 0x00, 0x00, 0x00, 0x00, 0xBD, 
0xFF, 0xFF, 0x91, 0x00, 0x00, 0x04, 0xFF, 0xFF, 0xFF, 0x00, 0x00, 0x00, 0x00, 0x00, 0x00, 0x00, 
0x00, 0x00, 0x00, 0x50, 0xFF, 0xFF, 0xF4, 0x1C, 0x00, 0x00, 0x20, 0xFF, 0xFF, 0xFF, 0x00, 0x00, 
0x00, 0x00, 0x00, 0x00, 0x00, 0x00, 0x00, 0x57, 0xF6, 0xFF, 0xFB, 0x49, 0x00, 0x01, 0x21, 0xB1, 
0xFF, 0xFF, 0xFF, 0x6A, 0x3F, 0x1C, 0x0D, 0x03, 0x0F, 0x2D, 0x64, 0xC2, 0xFF, 0xFF, 0xDA, 0x46, 
0x00, 0x00, 0xFF, 0xFF, 0xFF, 0xFF, 0xFF, 0xFF, 0xFF, 0xFF, 0xFF, 0xFF, 0xFF, 0xFD, 0xF6, 0xE5, 
0xCA, 0x9E, 0x59, 0x05, 0x00, 0x00, 0x00, 0x00, 0x00, 0x00, 0x00, 0x00, 0x00, 0x0A, 0x5E, 0xAC, 
0xDF, 0xF6, 0xF6, 0xE1, 0xC4, 0x87, 0x46, 0x0D, 0x6A, 0xFF, 0x0F, 0x00, 0x00, 0x00, 0x00, 0x00, 
0x00, 0x66, 0xE8, 0xFF, 0xBF, 0x58, 0x1D, 0x05, 0x11, 0x40, 0x9A, 0xFA, 0xFF, 0xFF, 0xFF, 0x2F, 
0x00, 0x00, 0x00, 0x00, 0x0A, 0xB2, 0xFF, 0xF7, 0x5B, 0x00, 0x00, 0x00, 0x00, 0x00, 0x00, 0x00, 
0x32, 0xE2, 0xFF, 0xFF, 0x4F, 0x00, 0x00, 0x00, 0x06, 0xC1, 0xFF, 0xFF, 0x53, 0x00, 0x00, 0x00, 
0x00, 0x00, 0x00, 0x00, 0x00, 0x00, 0x27, 0xF0, 0xFF, 0x6F, 0x00, 0x00, 0x00, 0x96, 0xFF, 0xFF, 
0xA4, 0x00, 0x00, 0x00, 0x00, 0x00, 0x00, 0x00, 0x00, 0x00, 0x00, 0x00, 0x69, 0xFF, 0x8F, 0x00, 
0x00, 0x3A, 0xFE, 0xFF, 0xFE, 0x25, 0x00, 0x00, 0x00, 0x00, 0x00, 0x00, 0x00, 0x00, 0x00, 0x00, 
0x00, 0x04, 0xE2, 0xAF, 0x00, 0x00, 0xBE, 0xFF, 0xFF, 0xC4, 0x00, 0x00, 0x00, 0x00, 0x00, 0x00, 
0x00, 0x00, 0x00, 0x00, 0x00, 0x00, 0x00, 0x7C, 0xCF, 0x00, 0x29, 0xFF, 0xFF, 0xFF, 0x7B, 0x00, 
0x00, 0x00, 0x00, 0x00, 0x00, 0x00, 0x00, 0x00, 0x00, 0x00, 0x00, 0x00, 0x29, 0xEF, 0x00, 0x79, 
0xFF, 0xFF, 0xFF, 0x47, 0x00, 0x00, 0x00, 0x00, 0x00, 0x00, 0x00, 0x00, 0x00, 0x00, 0x00, 0x00, 
0x00, 0x00, 0x00, 0x00, 0xB6, 0xFF, 0xFF, 0xFF, 0x25, 0x00, 0x00, 0x00, 0x00, 0x00, 0x00, 0x00, 
0x00, 0x00, 0x00, 0x00, 0x00, 0x00, 0x00, 0x00, 0x00, 0xE0, 0xFF, 0xFF, 0xFF, 0x0E, 0x00, 0x00, 
0x00, 0x00, 0x00, 0x00, 0x00, 0x00, 0x00, 0x00, 0x00, 0x00, 0x00, 0x00, 0x00, 0x00, 0xF5, 0xFF, 
0xFF, 0xFF, 0x04, 0x00, 0x00, 0x00, 0x00, 0x00, 0x00, 0x00, 0x00, 0x00, 0x00, 0x00, 0x00, 0x00, 
0x00, 0x00, 0x00, 0xFB, 0xFF, 0xFF, 0xFF, 0x0A, 0x00, 0x00, 0x00, 0x00, 0x00, 0x00, 0x00, 0x00, 
0x00, 0x00, 0x00, 0x00, 0x00, 0x00, 0x00, 0x00, 0xEB, 0xFF, 0xFF, 0xFF, 0x20, 0x00, 0x00, 0x00, 
0x00, 0x00, 0x00, 0x00, 0x00, 0x00, 0x00, 0x00, 0x00, 0x00, 0x00, 0x00, 0x00, 0xD1, 0xFF, 0xFF, 
0xFF, 0x36, 0x00, 0x00, 0x00, 0x00, 0x00, 0x00, 0x00, 0x00, 0x00, 0x00, 0x00, 0x00, 0x00, 0x00, 
0x00, 0x00, 0x9A, 0xFF, 0xFF, 0xFF, 0x6D, 0x00, 0x00, 0x00, 0x00, 0x00, 0x00, 0x00, 0x00, 0x00, 
0x00, 0x00, 0x00, 0x00, 0x00, 0x00, 0x00, 0x54, 0xFF, 0xFF, 0xFF, 0xBA, 0x00, 0x00, 0x00, 0x00, 
0x00, 0x00, 0x00, 0x00, 0x00, 0x00, 0x00, 0x00, 0x00, 0x00, 0x00, 0x00, 0x05, 0xE7, 0xFF, 0xFF, 
0xF9, 0x19, 0x00, 0x00, 0x00, 0x00, 0x00, 0x00, 0x00, 0x00, 0x00, 0x00, 0x00, 0x00, 0x00, 0x5C, 
0xBA, 0x00, 0x6D, 0xFF, 0xFF, 0xFF, 0x9E, 0x00, 0x00, 0x00, 0x00, 0x00, 0x00, 0x00, 0x00, 0x00, 
0x00, 0x00, 0x00, 0x28, 0xEF, 0x31, 0x00, 0x02, 0xC7, 0xFF, 0xFF, 0xFF, 0x65, 0x00, 0x00, 0x00, 
0x00, 0x00, 0x00, 0x00, 0x00, 0x00, 0x00, 0x1A, 0xDC, 0x89, 0x00, 0x00, 0x00, 0x1C, 0xE4, 0xFF, 
0xFF, 0xFE, 0x84, 0x07, 0x00, 0x00, 0x00, 0x00, 0x00, 0x00, 0x00, 0x2E, 0xDC, 0xC1, 0x06, 0x00, 
0x00, 0x00, 0x00, 0x22, 0xD8, 0xFF, 0xFF, 0xFF, 0xE2, 0x7D, 0x36, 0x0E, 0x06, 0x20, 0x49, 0xAA, 
0xFB, 0xC6, 0x11, 0x00, 0x00, 0x00, 0x00, 0x00, 0x00, 0x0B, 0x8D, 0xF8, 0xFF, 0xFF, 0xFF, 0xFF, 
0xFF, 0xFF, 0xFF, 0xFF, 0xFB, 0x8E, 0x08, 0x00, 0x00, 0x00, 0x00, 0x00, 0x00, 0x00, 0x00, 0x00, 
0x15, 0x6E, 0xB3, 0xDF, 0xF7, 0xFB, 0xEB, 0xC4, 0x81, 0x20, 0x00, 0x00, 0x00, 0x00, 0x00, 0xFF, 
0xFF, 0xFF, 0xFF, 0xFF, 0xFF, 0xFF, 0xFF, 0xFF, 0xFF, 0xF9, 0xF1, 0xE3, 0xC9, 0xAA, 0x78, 0x3A, 
0x01, 0x00, 0x00, 0x00, 0x00, 0x00, 0x00, 0x01, 0x1F, 0xAA, 0xFF, 0xFF, 0xFF, 0x6F, 0x3D, 0x19, 
0x06, 0x0F, 0x25, 0x57, 0xA0, 0xF6, 0xFF, 0xFF, 0xE2, 0x6A, 0x04, 0x00, 0x00, 0x00, 0x00, 0x00, 
0x00, 0x1F, 0xFF, 0xFF, 0xFF, 0x00, 0x00, 0x00, 0x00, 0x00, 0x00, 0x00, 0x00, 0x1A, 0x9F, 0xFF, 
0xFF, 0xFF, 0xC6, 0x1A, 0x00, 0x00, 0x00, 0x00, 0x00, 0x04, 0xFF, 0xFF, 0xFF, 0x00, 0x00, 0x00, 
0x00, 0x00, 0x00, 0x00, 0x00, 0x00, 0x00, 0x69, 0xFB, 0xFF, 0xFF, 0xDA, 0x16, 0x00, 0x00, 0x00, 
0x00, 0x00, 0xFF, 0xFF, 0xFF, 0x00, 0x00, 0x00, 0x00, 0x00, 0x00, 0x00, 0x00, 0x00, 0x00, 0x00, 
0x6F, 0xFF, 0xFF, 0xFF, 0xBD, 0x01, 0x00, 0x00, 0x00, 0x00, 0xFF, 0xFF, 0xFF, 0x00, 0x00, 0x00, 
0x00, 0x00, 0x00, 0x00, 0x00, 0x00, 0x00, 0x00, 0x00, 0xAF, 0xFF, 0xFF, 0xFF, 0x63, 0x00, 0x00, 
0x00, 0x00, 0xFF, 0xFF, 0xFF, 0x00, 0x00, 0x00, 0x00, 0x00, 0x00, 0x00, 0x00, 0x00, 0x00, 0x00, 
0x00, 0x2B, 0xFE, 0xFF, 0xFF, 0xE0, 0x04, 0x00, 0x00, 0x00, 0xFF, 0xFF, 0xFF, 0x00, 0x00, 0x00, 
0x00, 0x00, 0x00, 0x00, 0x00, 0x00, 0x00, 0x00, 0x00, 0x00, 0xB8, 0xFF, 0xFF, 0xFF, 0x48, 0x00, 
0x00, 0x00, 0xFF, 0xFF, 0xFF, 0x00, 0x00, 0x00, 0x00, 0x00, 0x00, 0x00, 0x00, 0x00, 0x00, 0x00, 
0x00, 0x00, 0x73, 0xFF, 0xFF, 0xFF, 0x96, 0x00, 0x00, 0x00, 0xFF, 0xFF, 0xFF, 0x00, 0x00, 0x00, 
0x00, 0x00, 0x00, 0x00, 0x00, 0x00, 0x00, 0x00, 0x00, 0x00, 0x37, 0xFF, 0xFF, 0xFF, 0xC8, 0x00, 
0x00, 0x00, 0xFF, 0xFF, 0xFF, 0x00, 0x00, 0x00, 0x00, 0x00, 0x00, 0x00, 0x00, 0x00, 0x00, 0x00, 
0x00, 0x00, 0x1D, 0xFF, 0xFF, 0xFF, 0xEA, 0x00, 0x00, 0x00, 0xFF, 0xFF, 0xFF, 0x00, 0x00, 0x00, 
0x00, 0x00, 0x00, 0x00, 0x00, 0x00, 0x00, 0x00, 0x00, 0x00, 0x0A, 0xFF, 0xFF, 0xFF, 0xF9, 0x00, 
0x00, 0x00, 0xFF, 0xFF, 0xFF, 0x00, 0x00, 0x00, 0x00, 0x00, 0x00, 0x00, 0x00, 0x00, 0x00, 0x00, 
0x00, 0x00, 0x09, 0xFF, 0xFF, 0xFF, 0xF3, 0x00, 0x00, 0x00, 0xFF, 0xFF, 0xFF, 0x00, 0x00, 0x00, 
0x00, 0x00, 0x00, 0x00, 0x00, 0x00, 0x00, 0x00, 0x00, 0x00, 0x1D, 0xFF, 0xFF, 0xFF, 0xDE, 0x00, 
0x00, 0x00, 0xFF, 0xFF, 0xFF, 0x00, 0x00, 0x00, 0x00, 0x00, 0x00, 0x00, 0x00, 0x00, 0x00, 0x00, 
0x00, 0x00, 0x37, 0xFF, 0xFF, 0xFF, 0xBE, 0x00, 0x00, 0x00, 0xFF, 0xFF, 0xFF, 0x00, 0x00, 0x00, 
0x00, 0x00, 0x00, 0x00, 0x00, 0x00, 0x00, 0x00, 0x00, 0x00, 0x74, 0xFF, 0xFF, 0xFF, 0x7E, 0x00, 
0x00, 0x00, 0xFF, 0xFF, 0xFF, 0x00, 0x00, 0x00, 0x00, 0x00, 0x00, 0x00, 0x00, 0x00, 0x00, 0x00, 
0x00, 0x00, 0xB9, 0xFF, 0xFF, 0xFF, 0x35, 0x00, 0x00, 0x00, 0xFF, 0xFF, 0xFF, 0x00, 0x00, 0x00, 
0x00, 0x00, 0x00, 0x00, 0x00, 0x00, 0x00, 0x00, 0x00, 0x2C, 0xFE, 0xFF, 0xFF, 0xC2, 0x00, 0x00, 
0x00, 0x00, 0xFF, 0xFF, 0xFF, 0x00, 0x00, 0x00, 0x00, 0x00, 0x00, 0x00, 0x00, 0x00, 0x00, 0x00, 
0x00, 0xAF, 0xFF, 0xFF, 0xFE, 0x41, 0x00, 0x00, 0x00, 0x00, 0xFF, 0xFF, 0xFF, 0x00, 0x00, 0x00, 
0x00, 0x00, 0x00, 0x00, 0x00, 0x00, 0x00, 0x00, 0x70, 0xFF, 0xFF, 0xFF, 0x89, 0x00, 0x00, 0x00, 
0x00, 0x04, 0xFF, 0xFF, 0xFF, 0x00, 0x00, 0x00, 0x00, 0x00, 0x00, 0x00, 0x00, 0x00, 0x00, 0x68, 
0xFB, 0xFF, 0xFF, 0xA8, 0x04, 0x00, 0x00, 0x00, 0x00, 0x1F, 0xFF, 0xFF, 0xFF, 0x00, 0x00, 0x00, 
0x00, 0x00, 0x00, 0x00, 0x00, 0x18, 0x9D, 0xFF, 0xFF, 0xFE, 0x85, 0x01, 0x00, 0x00, 0x00, 0x01, 
0x21, 0xB1, 0xFF, 0xFF, 0xFF, 0x6D, 0x3F, 0x1B, 0x08, 0x0B, 0x22, 0x51, 0x9C, 0xF4, 0xFF, 0xFE, 
0xAB, 0x2D, 0x00, 0x00, 0x00, 0x00, 0x00, 0xFF, 0xFF, 0xFF, 0xFF, 0xFF, 0xFF, 0xFF, 0xFF, 0xFF, 
0xFF, 0xFE, 0xF0, 0xDE, 0xCB, 0x9E, 0x5E, 0x1C, 0x00, 0x00, 0x00, 0x00, 0x00, 0x00, 0x00, 0xFF, 
0xFF, 0xFF, 0xFF, 0xFF, 0xFF, 0xFF, 0xFF, 0xFF, 0xFF, 0xFF, 0xFF, 0xFF, 0xFF, 0xFF, 0xFF, 0xFF, 
0xFF, 0x00, 0x00, 0x01, 0x1B, 0x9E, 0xFF, 0xFF, 0xFF, 0x00, 0x00, 0x00, 0x00, 0x00, 0x00, 0x01, 
0x09, 0x2C, 0xAA, 0xFF, 0xFF, 0x00, 0x00, 0x00, 0x00, 0x1C, 0xFF, 0xFF, 0xFF, 0x00, 0x00, 0x00, 
0x00, 0x00, 0x00, 0x00, 0x00, 0x00, 0x02, 0xC2, 0xFF, 0x00, 0x00, 0x00, 0x00, 0x04, 0xFF, 0xFF, 
0xFF, 0x00, 0x00, 0x00, 0x00, 0x00, 0x00, 0x00, 0x00, 0x00, 0x00, 0x5B, 0xFF, 0x00, 0x00, 0x00, 
0x00, 0x00, 0xFF, 0xFF, 0xFF, 0x00, 0x00, 0x00, 0x00, 0x00, 0x00, 0x00, 0x00, 0x00, 0x00, 0x1B, 
0xFF, 0x00, 0x00, 0x00, 0x00, 0x00, 0xFF, 0xFF, 0xFF, 0x00, 0x00, 0x00, 0x00, 0x00, 0x00, 0x00, 
0x00, 0x00, 0x00, 0x00, 0x00, 0x00, 0x00, 0x00, 0x00, 0x00, 0xFF, 0xFF, 0xFF, 0x00, 0x00, 0x00, 
0x00, 0x00, 0x00, 0x00, 0x00, 0x00, 0x00, 0x00, 0x00, 0x00, 0x00, 0x00, 0x00, 0x00, 0xFF, 0xFF, 
0xFF, 0x00, 0x00, 0x00, 0x00, 0x00, 0x00, 0x00, 0x00, 0x00, 0x00, 0x00, 0x00, 0x00, 0x00, 0x00, 
0x00, 0x00, 0xFF, 0xFF, 0xFF, 0x00, 0x00, 0x00, 0x00, 0x00, 0x00, 0x00, 0x0D, 0xFF, 0x00, 0x00, 
0x00, 0x00, 0x00, 0x00, 0x00, 0x00, 0xFF, 0xFF, 0xFF, 0x00, 0x00, 0x00, 0x00, 0x00, 0x00, 0x00, 
0x45, 0xFF, 0x00, 0x00, 0x00, 0x00, 0x00, 0x00, 0x00, 0x00, 0xFF, 0xFF, 0xFF, 0x00, 0x00, 0x00, 
0x00, 0x00, 0x06, 0x31, 0xD0, 0xFF, 0x00, 0x00, 0x00, 0x00, 0x00, 0x00, 0x00, 0x00, 0xFF, 0xFF, 
0xFF, 0xFF, 0xFF, 0xFF, 0xFF, 0xFF, 0xFF, 0xFF, 0xFF, 0xFF, 0x00, 0x00, 0x00, 0x00, 0x00, 0x00, 
0x00, 0x00, 0xFF, 0xFF, 0xFF, 0x00, 0x00, 0x00, 0x00, 0x00, 0x09, 0x38, 0xD4, 0xFF, 0x00, 0x00, 
0x00, 0x00, 0x00, 0x00, 0x00, 0x00, 0xFF, 0xFF, 0xFF, 0x00, 0x00, 0x00, 0x00, 0x00, 0x00, 0x00, 
0x47, 0xFF, 0x00, 0x00, 0x00, 0x00, 0x00, 0x00, 0x00, 0x00, 0xFF, 0xFF, 0xFF, 0x00, 0x00, 0x00, 
0x00, 0x00, 0x00, 0x00, 0x13, 0xFF, 0x00, 0x00, 0x00, 0x00, 0x00, 0x00, 0x00, 0x00, 0xFF, 0xFF, 
0xFF, 0x00, 0x00, 0x00, 0x00, 0x00, 0x00, 0x00, 0x00, 0x00, 0x00, 0x00, 0x00, 0x00, 0x00, 0x00, 
0x00, 0x00, 0xFF, 0xFF, 0xFF, 0x00, 0x00, 0x00, 0x00, 0x00, 0x00, 0x00, 0x00, 0x00, 0x00, 0x00, 
0x00, 0x00, 0x00, 0x00, 0x00, 0x00, 0xFF, 0xFF, 0xFF, 0x00, 0x00, 0x00, 0x00, 0x00, 0x00, 0x00, 
0x00, 0x00, 0x00, 0x00, 0x00, 0x00, 0x00, 0x00, 0x00, 0x00, 0xFF, 0xFF, 0xFF, 0x00, 0x00, 0x00, 
0x00, 0x00, 0x00, 0x00, 0x00, 0x00, 0x00, 0x00, 0x00, 0x42, 0xD2, 0x00, 0x00, 0x00, 0xFF, 0xFF, 
0xFF, 0x00, 0x00, 0x00, 0x00, 0x00, 0x00, 0x00, 0x00, 0x00, 0x00, 0x00, 0x02, 0xCC, 0x78, 0x00, 
0x00, 0x04, 0xFF, 0xFF, 0xFF, 0x00, 0x00, 0x00, 0x00, 0x00, 0x00, 0x00, 0x00, 0x00, 0x00, 0x00, 
0x72, 0xFE, 0x1F, 0x00, 0x00, 0x1A, 0xFF, 0xFF, 0xFF, 0x09, 0x00, 0x00, 0x00, 0x00, 0x00, 0x00, 
0x00, 0x00, 0x00, 0x4B, 0xFA, 0xC4, 0x00, 0x00, 0x1F, 0xA5, 0xFF, 0xFF, 0xFF, 0x6D, 0x08, 0x00, 
0x00, 0x00, 0x00, 0x01, 0x0D, 0x2F, 0x8D, 0xFC, 0xFF, 0x6A, 0x00, 0xFF, 0xFF, 0xFF, 0xFF, 0xFF, 
0xFF, 0xFF, 0xFF, 0xFF, 0xFF, 0xFF, 0xFF, 0xFF, 0xFF, 0xFF, 0xFF, 0xFF, 0xFB, 0x15, 0x00, 0xFF, 
0xFF, 0xFF, 0xFF, 0xFF, 0xFF, 0xFF, 0xFF, 0xFF, 0xFF, 0xFF, 0xFF, 0xFF, 0xFF, 0xFF, 0xFF, 0xFF, 
0x01, 0x20, 0xA5, 0xFF, 0xFF, 0xFF, 0x00, 0x00, 0x00, 0x00, 0x00, 0x03, 0x10, 0x37, 0x9A, 0xFF, 
0xFF, 0x00, 0x00, 0x18, 0xFF, 0xFF, 0xFF, 0x00, 0x00, 0x00, 0x00, 0x00, 0x00, 0x00, 0x00, 0x00, 
0xAE, 0xFF, 0x00, 0x00, 0x03, 0xFF, 0xFF, 0xFF, 0x00, 0x00, 0x00, 0x00, 0x00, 0x00, 0x00, 0x00, 
0x00, 0x50, 0xFF, 0x00, 0x00, 0x00, 0xFF, 0xFF, 0xFF, 0x00, 0x00, 0x00, 0x00, 0x00, 0x00, 0x00, 
0x00, 0x00, 0x19, 0xFF, 0x00, 0x00, 0x00, 0xFF, 0xFF, 0xFF, 0x00, 0x00, 0x00, 0x00, 0x00, 0x00, 
0x00, 0x00, 0x00, 0x00, 0x00, 0x00, 0x00, 0x00, 0xFF, 0xFF, 0xFF, 0x00, 0x00, 0x00, 0x00, 0x00, 
0x00, 0x00, 0x00, 0x00, 0x00, 0x00, 0x00, 0x00, 0x00, 0xFF, 0xFF, 0xFF, 0x00, 0x00, 0x00, 0x00, 
0x00, 0x00, 0x00, 0x00, 0x00, 0x00, 0x00, 0x00, 0x00, 0x00, 0xFF, 0xFF, 0xFF, 0x00, 0x00, 0x00, 
0x00, 0x00, 0x00, 0x1E, 0xFF, 0x00, 0x00, 0x00, 0x00, 0x00, 0x00, 0xFF, 0xFF, 0xFF, 0x00, 0x00, 
0x00, 0x00, 0x00, 0x00, 0x6D, 0xFF, 0x00, 0x00, 0x00, 0x00, 0x00, 0x00, 0xFF, 0xFF, 0xFF, 0x00, 
0x00, 0x00, 0x00, 0x11, 0x56, 0xEE, 0xFF, 0x00, 0x00, 0x00, 0x00, 0x00, 0x00, 0xFF, 0xFF, 0xFF, 
0xFF, 0xFF, 0xFF, 0xFF, 0xFF, 0xFF, 0xFF, 0xFF, 0x00, 0x00, 0x00, 0x00, 0x00, 0x00, 0xFF, 0xFF, 
0xFF, 0x00, 0x00, 0x00, 0x00, 0x0B, 0x49, 0xE3, 0xFF, 0x00, 0x00, 0x00, 0x00, 0x00, 0x00, 0xFF, 
0xFF, 0xFF, 0x00, 0x00, 0x00, 0x00, 0x00, 0x00, 0x46, 0xFF, 0x00, 0x00, 0x00, 0x00, 0x00, 0x00, 
0xFF, 0xFF, 0xFF, 0x00, 0x00, 0x00, 0x00, 0x00, 0x00, 0x0C, 0xFF, 0x00, 0x00, 0x00, 0x00, 0x00, 
0x00, 0xFF, 0xFF, 0xFF, 0x00, 0x00, 0x00, 0x00, 0x00, 0x00, 0x00, 0x00, 0x00, 0x00, 0x00, 0x00, 
0x00, 0x00, 0xFF, 0xFF, 0xFF, 0x00, 0x00, 0x00, 0x00, 0x00, 0x00, 0x00, 0x00, 0x00, 0x00, 0x00, 
0x00, 0x00, 0x00, 0xFF, 0xFF, 0xFF, 0x00, 0x00, 0x00, 0x00, 0x00, 0x00, 0x00, 0x00, 0x00, 0x00, 
0x00, 0x00, 0x00, 0x00, 0xFF, 0xFF, 0xFF, 0x00, 0x00, 0x00, 0x00, 0x00, 0x00, 0x00, 0x00, 0x00, 
0x00, 0x00, 0x00, 0x00, 0x00, 0xFF, 0xFF, 0xFF, 0x00, 0x00, 0x00, 0x00, 0x00, 0x00, 0x00, 0x00, 
0x00, 0x00, 0x00, 0x00, 0x00, 0x04, 0xFF, 0xFF, 0xFF, 0x02, 0x00, 0x00, 0x00, 0x00, 0x00, 0x00, 
0x00, 0x00, 0x00, 0x00, 0x00, 0x00, 0x1D, 0xFF, 0xFF, 0xFF, 0x17, 0x00, 0x00, 0x00, 0x00, 0x00, 
0x00, 0x00, 0x00, 0x00, 0x00, 0x01, 0x1F, 0xAA, 0xFF, 0xFF, 0xFF, 0xA6, 0x21, 0x00, 0x00, 0x00, 
0x00, 0x00, 0x00, 0x00, 0x00, 0x00, 0xFF, 0xFF, 0xFF, 0xFF, 0xFF, 0xFF, 0xFF, 0xFF, 0xFF, 0x00, 
0x00, 0x00, 0x00, 0x00, 0x00, 0x00, 0x00, 0x00, 0x00, 0x00, 0x00, 0x00, 0x00, 0x00, 0x35, 0x8B, 
0xC4, 0xE9, 0xF9, 0xF5, 0xE5, 0xC9, 0x97, 0x5B, 0x1E, 0x31, 0xFF, 0x0F, 0x00, 0x00, 0x00, 0x00, 
0x00, 0x00, 0x00, 0x00, 0x2A, 0xBF, 0xFF, 0xEE, 0x94, 0x3E, 0x1C, 0x06, 0x19, 0x4C, 0xA8, 0xFE, 
0xFF, 0xFF, 0xFF, 0x2F, 0x00, 0x00, 0x00, 0x00, 0x00, 0x00, 0x00, 0x60, 0xF7, 0xFF, 0xB9, 0x18, 
0x00, 0x00, 0x00, 0x00, 0x00, 0x00, 0x00, 0x3F, 0xED, 0xFF, 0xFF, 0x4F, 0x00, 0x00, 0x00, 0x00, 
0x00, 0x00, 0x6C, 0xFF, 0xFF, 0xB6, 0x02, 0x00, 0x00, 0x00, 0x00, 0x00, 0x00, 0x00, 0x00, 0x00, 
0x2F, 0xF6, 0xFF, 0x6F, 0x00, 0x00, 0x00, 0x00, 0x00, 0x46, 0xFD, 0xFF, 0xE0, 0x0F, 0x00, 0x00, 
0x00, 0x00, 0x00, 0x00, 0x00, 0x00, 0x00, 0x00, 0x00, 0x73, 0xFF, 0x8F, 0x00, 0x00, 0x00, 0x00, 
0x0D, 0xE6, 0xFF, 0xFF, 0x5E, 0x00, 0x00, 0x00, 0x00, 0x00, 0x00, 0x00, 0x00, 0x00, 0x00, 0x00, 
0x00, 0x06, 0xE5, 0xAF, 0x00, 0x00, 0x00, 0x00, 0x89, 0xFF, 0xFF, 0xE7, 0x03, 0x00, 0x00, 0x00, 
0x00, 0x00, 0x00, 0x00, 0x00, 0x00, 0x00, 0x00, 0x00, 0x00, 0x81, 0xCF, 0x00, 0x00, 0x00, 0x0E, 
0xF2, 0xFF, 0xFF, 0x92, 0x00, 0x00, 0x00, 0x00, 0x00, 0x00, 0x00, 0x00, 0x00, 0x00, 0x00, 0x00, 
0x00, 0x00, 0x2A, 0xEF, 0x00, 0x00, 0x00, 0x5F, 0xFF, 0xFF, 0xFF, 0x55, 0x00, 0x00, 0x00, 0x00, 
0x00, 0x00, 0x00, 0x00, 0x00, 0x00, 0x00, 0x00, 0x00, 0x00, 0x00, 0x00, 0x00, 0x00, 0x00, 0xA7, 
0xFF, 0xFF, 0xFF, 0x26, 0x00, 0x00, 0x00, 0x00, 0x00, 0x00, 0x00, 0x00, 0x00, 0x00, 0x00, 0x00, 
0x00, 0x00, 0x00, 0x00, 0x00, 0x00, 0x00, 0xD9, 0xFF, 0xFF, 0xFF, 0x10, 0x00, 0x00, 0x00, 0x00, 
0x00, 0x00, 0x00, 0x00, 0x00, 0x00, 0x00, 0x00, 0x00, 0x00, 0x00, 0x00, 0x00, 0x00, 0x00, 0xF4, 
0xFF, 0xFF, 0xFF, 0x03, 0x00, 0x00, 0x00, 0x00, 0x00, 0x00, 0x00, 0x00, 0x00, 0x00, 0xFF, 0xFF, 
0xFF, 0xFF, 0xFF, 0xFF, 0xFF, 0xFF, 0xFF, 0xFA, 0xFF, 0xFF, 0xFF, 0x0B, 0x00, 0x00, 0x00, 0x00, 
0x00, 0x00, 0x00, 0x00, 0x00, 0x00, 0x07, 0x26, 0xB1, 0xFF, 0xFF, 0xFF, 0xB8, 0x2A, 0x04, 0xE9, 
0xFF, 0xFF, 0xFF, 0x1F, 0x00, 0x00, 0x00, 0x00, 0x00, 0x00, 0x00, 0x00, 0x00, 0x00, 0x00, 0x00, 
0x1F, 0xFF, 0xFF, 0xFF, 0x23, 0x00, 0x00, 0xCB, 0xFF, 0xFF, 0xFF, 0x48, 0x00, 0x00, 0x00, 0x00, 
0x00, 0x00, 0x00, 0x00, 0x00, 0x00, 0x00, 0x00, 0x04, 0xFF, 0xFF, 0xFF, 0x04, 0x00, 0x00, 0x8D, 
0xFF, 0xFF, 0xFF, 0x85, 0x00, 0x00, 0x00, 0x00, 0x00, 0x00, 0x00, 0x00, 0x00, 0x00, 0x00, 0x00, 
0x00, 0xFF, 0xFF, 0xFF, 0x00, 0x00, 0x00, 0x3D, 0xFF, 0xFF, 0xFF, 0xD5, 0x00, 0x00, 0x00, 0x00, 
0x00, 0x00, 0x00, 0x00, 0x00, 0x00, 0x00, 0x00, 0x00, 0xFF, 0xFF, 0xFF, 0x00, 0x00, 0x00, 0x00, 
0xC9, 0xFF, 0xFF, 0xFF, 0x3E, 0x00, 0x00, 0x00, 0x00, 0x00, 0x00, 0x00, 0x00, 0x00, 0x00, 0x00, 
0x00, 0xFF, 0xFF, 0xFF, 0x00, 0x00, 0x00, 0x00, 0x3D, 0xFD, 0xFF, 0xFF, 0xC2, 0x00, 0x00, 0x00, 
0x00, 0x00, 0x00, 0x00, 0x00, 0x00, 0x00, 0x00, 0x00, 0xFF, 0xFF, 0xFF, 0x00, 0x00, 0x00, 0x00, 
0x00, 0x87, 0xFF, 0xFF, 0xFF, 0x68, 0x00, 0x00, 0x00, 0x00, 0x00, 0x00, 0x00, 0x00, 0x00, 0x00, 
0x00, 0xFF, 0xFF, 0xFF, 0x00, 0x00, 0x00, 0x00, 0x00, 0x02, 0xA6, 0xFF, 0xFF, 0xF8, 0x48, 0x00, 
0x00, 0x00, 0x00, 0x00, 0x00, 0x00, 0x00, 0x00, 0x00, 0xFF, 0xFF, 0xFF, 0x00, 0x00, 0x00, 0x00, 
0x00, 0x00, 0x02, 0x86, 0xFD, 0xFF, 0xFA, 0x77, 0x05, 0x00, 0x00, 0x00, 0x00, 0x00, 0x00, 0x00, 
0x15, 0xFF, 0xFF, 0xFF, 0x00, 0x00, 0x00, 0x00, 0x00, 0x00, 0x00, 0x00, 0x36, 0xBA, 0xFF, 0xFF, 
0xDD, 0x77, 0x2F, 0x0A, 0x06, 0x1C, 0x4E, 0x9D, 0xF5, 0xFC, 0xAE, 0x37, 0x00, 0x00, 0x00, 0x00, 
0x00, 0x00, 0x00, 0x00, 0x00, 0x00, 0x24, 0x75, 0xB0, 0xD7, 0xF1, 0xFC, 0xF7, 0xE9, 0xCD, 0xA0, 
0x63, 0x14, 0x00, 0x00, 0x00, 0x00, 0x00, 0xFF, 0xFF, 0xFF, 0xFF, 0xFF, 0xFF, 0xFF, 0xFF, 0xFF, 
0x00, 0x00, 0x00, 0x00, 0x00, 0x00, 0xFF, 0xFF, 0xFF, 0xFF, 0xFF, 0xFF, 0xFF, 0xFF, 0xFF, 0x01, 
0x21, 0xA5, 0xFF, 0xFF, 0xFF, 0xA6, 0x20, 0x00, 0x00, 0x00, 0x00, 0x00, 0x00, 0x00, 0x01, 0x22, 
0xA6, 0xFF, 0xFF, 0xFF, 0xA4, 0x20, 0x00, 0x00, 0x00, 0x18, 0xFF, 0xFF, 0xFF, 0x1B, 0x00, 0x00, 
0x00, 0x00, 0x00, 0x00, 0x00, 0x00, 0x00, 0x00, 0x18, 0xFF, 0xFF, 0xFF, 0x18, 0x00, 0x00, 0x00, 
0x00, 0x03, 0xFF, 0xFF, 0xFF, 0x04, 0x00, 0x00, 0x00, 0x00, 0x00, 0x00, 0x00, 0x00, 0x00, 0x00, 
0x03, 0xFF, 0xFF, 0xFF, 0x04, 0x00, 0x00, 0x00, 0x00, 0x00, 0xFF, 0xFF, 0xFF, 0x00, 0x00, 0x00, 
0x00, 0x00, 0x00, 0x00, 0x00, 0x00, 0x00, 0x00, 0x00, 0xFF, 0xFF, 0xFF, 0x00, 0x00, 0x00, 0x00, 
0x00, 0x00, 0xFF, 0xFF, 0xFF, 0x00, 0x00, 0x00, 0x00, 0x00, 0x00, 0x00, 0x00, 0x00, 0x00, 0x00, 
0x00, 0xFF, 0xFF, 0xFF, 0x00, 0x00, 0x00, 0x00, 0x00, 0x00, 0xFF, 0xFF, 0xFF, 0x00, 0x00, 0x00, 
0x00, 0x00, 0x00, 0x00, 0x00, 0x00, 0x00, 0x00, 0x00, 0xFF, 0xFF, 0xFF, 0x00, 0x00, 0x00, 0x00, 
0x00, 0x00, 0xFF, 0xFF, 0xFF, 0x00, 0x00, 0x00, 0x00, 0x00, 0x00, 0x00, 0x00, 0x00, 0x00, 0x00, 
0x00, 0xFF, 0xFF, 0xFF, 0x00, 0x00, 0x00, 0x00, 0x00, 0x00, 0xFF, 0xFF, 0xFF, 0x00, 0x00, 0x00, 
0x00, 0x00, 0x00, 0x00, 0x00, 0x00, 0x00, 0x00, 0x00, 0xFF, 0xFF, 0xFF, 0x00, 0x00, 0x00, 0x00, 
0x00, 0x00, 0xFF, 0xFF, 0xFF, 0x00, 0x00, 0x00, 0x00, 0x00, 0x00, 0x00, 0x00, 0x00, 0x00, 0x00, 
0x00, 0xFF, 0xFF, 0xFF, 0x00, 0x00, 0x00, 0x00, 0x00, 0x00, 0xFF, 0xFF, 0xFF, 0x00, 0x00, 0x00, 
0x00, 0x00, 0x00, 0x00, 0x00, 0x00, 0x00, 0x00, 0x00, 0xFF, 0xFF, 0xFF, 0x00, 0x00, 0x00, 0x00, 
0x00, 0x00, 0xFF, 0xFF, 0xFF, 0xFF, 0xFF, 0xFF, 0xFF, 0xFF, 0xFF, 0xFF, 0xFF, 0xFF, 0xFF, 0xFF, 
0xFF, 0xFF, 0xFF, 0xFF, 0x00, 0x00, 0x00, 0x00, 0x00, 0x00, 0xFF, 0xFF, 0xFF, 0x00, 0x00, 0x00, 
0x00, 0x00, 0x00, 0x00, 0x00, 0x00, 0x00, 0x00, 0x00, 0xFF, 0xFF, 0xFF, 0x00, 0x00, 0x00, 0x00, 
0x00, 0x00, 0xFF, 0xFF, 0xFF, 0x00, 0x00, 0x00, 0x00, 0x00, 0x00, 0x00, 0x00, 0x00, 0x00, 0x00, 
0x00, 0xFF, 0xFF, 0xFF, 0x00, 0x00, 0x00, 0x00, 0x00, 0x00, 0xFF, 0xFF, 0xFF, 0x00, 0x00, 0x00, 
0x00, 0x00, 0x00, 0x00, 0x00, 0x00, 0x00, 0x00, 0x00, 0xFF, 0xFF, 0xFF, 0x00, 0x00, 0x00, 0x00, 
0x00, 0x00, 0xFF, 0xFF, 0xFF, 0x00, 0x00, 0x00, 0x00, 0x00, 0x00, 0x00, 0x00, 0x00, 0x00, 0x00, 
0x00, 0xFF, 0xFF, 0xFF, 0x00, 0x00, 0x00, 0x00, 0x00, 0x00, 0xFF, 0xFF, 0xFF, 0x00, 0x00, 0x00, 
0x00, 0x00, 0x00, 0x00, 0x00, 0x00, 0x00, 0x00, 0x00, 0xFF, 0xFF, 0xFF, 0x00, 0x00, 0x00, 0x00, 
0x00, 0x00, 0xFF, 0xFF, 0xFF, 0x00, 0x00, 0x00, 0x00, 0x00, 0x00, 0x00, 0x00, 0x00, 0x00, 0x00, 
0x00, 0xFF, 0xFF, 0xFF, 0x00, 0x00, 0x00, 0x00, 0x00, 0x00, 0xFF, 0xFF, 0xFF, 0x00, 0x00, 0x00, 
0x00, 0x00, 0x00, 0x00, 0x00, 0x00, 0x00, 0x00, 0x00, 0xFF, 0xFF, 0xFF, 0x00, 0x00, 0x00, 0x00, 
0x00, 0x00, 0xFF, 0xFF, 0xFF, 0x00, 0x00, 0x00, 0x00, 0x00, 0x00, 0x00, 0x00, 0x00, 0x00, 0x00, 
0x00, 0xFF, 0xFF, 0xFF, 0x00, 0x00, 0x00, 0x00, 0x00, 0x04, 0xFF, 0xFF, 0xFF, 0x02, 0x00, 0x00, 
0x00, 0x00, 0x00, 0x00, 0x00, 0x00, 0x00, 0x00, 0x04, 0xFF, 0xFF, 0xFF, 0x02, 0x00, 0x00, 0x00, 
0x00, 0x1D, 0xFF, 0xFF, 0xFF, 0x17, 0x00, 0x00, 0x00, 0x00, 0x00, 0x00, 0x00, 0x00, 0x00, 0x00, 
0x1F, 0xFF, 0xFF, 0xFF, 0x17, 0x00, 0x00, 0x01, 0x1F, 0xAA, 0xFF, 0xFF, 0xFF, 0xA6, 0x21, 0x00, 
0x00, 0x00, 0x00, 0x00, 0x00, 0x00, 0x01, 0x20, 0xAC, 0xFF, 0xFF, 0xFF, 0xA5, 0x20, 0x00, 0xFF, 
0xFF, 0xFF, 0xFF, 0xFF, 0xFF, 0xFF, 0xFF, 0xFF, 0x00, 0x00, 0x00, 0x00, 0x00, 0x00, 0xFF, 0xFF, 
0xFF, 0xFF, 0xFF, 0xFF, 0xFF, 0xFF, 0xFF, 0xFF, 0xFF, 0xFF, 0xFF, 0xFF, 0xFF, 0xFF, 0xFF, 0xFF, 
0x01, 0x21, 0xA5, 0xFF, 0xFF, 0xFF, 0xAC, 0x20, 0x01, 0x00, 0x00, 0x18, 0xFF, 0xFF, 0xFF, 0x1E, 
0x00, 0x00, 0x00, 0x00, 0x03, 0xFF, 0xFF, 0xFF, 0x04, 0x00, 0x00, 0x00, 0x00, 0x00, 0xFF, 0xFF, 
0xFF, 0x00, 0x00, 0x00, 0x00, 0x00, 0x00, 0xFF, 0xFF, 0xFF, 0x00, 0x00, 0x00, 0x00, 0x00, 0x00, 
0xFF, 0xFF, 0xFF, 0x00, 0x00, 0x00, 0x00, 0x00, 0x00, 0xFF, 0xFF, 0xFF, 0x00, 0x00, 0x00, 0x00, 
0x00, 0x00, 0xFF, 0xFF, 0xFF, 0x00, 0x00, 0x00, 0x00, 0x00, 0x00, 0xFF, 0xFF, 0xFF, 0x00, 0x00, 
0x00, 0x00, 0x00, 0x00, 0xFF, 0xFF, 0xFF, 0x00, 0x00, 0x00, 0x00, 0x00, 0x00, 0xFF, 0xFF, 0xFF, 
0x00, 0x00, 0x00, 0x00, 0x00, 0x00, 0xFF, 0xFF, 0xFF, 0x00, 0x00, 0x00, 0x00, 0x00, 0x00, 0xFF, 
0xFF, 0xFF, 0x00, 0x00, 0x00, 0x00, 0x00, 0x00, 0xFF, 0xFF, 0xFF, 0x00, 0x00, 0x00, 0x00, 0x00, 
0x00, 0xFF, 0xFF, 0xFF, 0x00, 0x00, 0x00, 0x00, 0x00, 0x00, 0xFF, 0xFF, 0xFF, 0x00, 0x00, 0x00, 
0x00, 0x00, 0x00, 0xFF, 0xFF, 0xFF, 0x00, 0x00, 0x00, 0x00, 0x00, 0x00, 0xFF, 0xFF, 0xFF, 0x00, 
0x00, 0x00, 0x00, 0x00, 0x00, 0xFF, 0xFF, 0xFF, 0x00, 0x00, 0x00, 0x00, 0x00, 0x04, 0xFF, 0xFF, 
0xFF, 0x02, 0x00, 0x00, 0x00, 0x00, 0x1D, 0xFF, 0xFF, 0xFF, 0x17, 0x00, 0x00, 0x01, 0x1F, 0xAA, 
0xFF, 0xFF, 0xFF, 0xA6, 0x21, 0x00, 0xFF, 0xFF, 0xFF, 0xFF, 0xFF, 0xFF, 0xFF, 0xFF, 0xFF, 0x00, 
0x00, 0x00, 0x00, 0xFF, 0xFF, 0xFF, 0xFF, 0xFF, 0xFF, 0xFF, 0xFF, 0xFF, 0x00, 0x00, 0x00, 0x00, 
0x01, 0x21, 0xA6, 0xFF, 0xFF, 0xFF, 0xAA, 0x20, 0x01, 0x00, 0x00, 0x00, 0x00, 0x00, 0x00, 0x18, 
0xFF, 0xFF, 0xFF, 0x1D, 0x00, 0x00, 0x00, 0x00, 0x00, 0x00, 0x00, 0x00, 0x03, 0xFF, 0xFF, 0xFF, 
0x04, 0x00, 0x00, 0x00, 0x00, 0x00, 0x00, 0x00, 0x00, 0x00, 0xFF, 0xFF, 0xFF, 0x00, 0x00, 0x00, 
0x00, 0x00, 0x00, 0x00, 0x00, 0x00, 0x00, 0xFF, 0xFF, 0xFF, 0x00, 0x00, 0x00, 0x00, 0x00, 0x00, 
0x00, 0x00, 0x00, 0x00, 0xFF, 0xFF, 0xFF, 0x00, 0x00, 0x00, 0x00, 0x00, 0x00, 0x00, 0x00, 0x00, 
0x00, 0xFF, 0xFF, 0xFF, 0x00, 0x00, 0x00, 0x00, 0x00, 0x00, 0x00, 0x00, 0x00, 0x00, 0xFF, 0xFF, 
0xFF, 0x00, 0x00, 0x00, 0x00, 0x00, 0x00, 0x00, 0x00, 0x00, 0x00, 0xFF, 0xFF, 0xFF, 0x00, 0x00, 
0x00, 0x00, 0x00, 0x00, 0x00, 0x00, 0x00, 0x00, 0xFF, 0xFF, 0xFF, 0x00, 0x00, 0x00, 0x00, 0x00, 
0x00, 0x00, 0x00, 0x00, 0x00, 0xFF, 0xFF, 0xFF, 0x00, 0x00, 0x00, 0x00, 0x00, 0x00, 0x00, 0x00, 
0x00, 0x00, 0xFF, 0xFF, 0xFF, 0x00, 0x00, 0x00, 0x00, 0x00, 0x00, 0x00, 0x00, 0x00, 0x00, 0xFF, 
0xFF, 0xFF, 0x00, 0x00, 0x00, 0x00, 0x00, 0x00, 0x00, 0x00, 0x00, 0x00, 0xFF, 0xFF, 0xFF, 0x00, 
0x00, 0x00, 0x00, 0x00, 0x00, 0x00, 0x00, 0x00, 0x00, 0xFF, 0xFF, 0xFF, 0x00, 0x00, 0x00, 0x00, 
0x00, 0x00, 0x00, 0x00, 0x00, 0x00, 0xFF, 0xFF, 0xF8, 0x00, 0x00, 0x00, 0x00, 0x00, 0x00, 0x00, 
0x00, 0x00, 0x00, 0xFF, 0xFF, 0xE4, 0x00, 0x00, 0x00, 0x00, 0x00, 0x00, 0x00, 0x00, 0x00, 0x00, 
0xFF, 0xFF, 0xC0, 0x00, 0x00, 0x00, 0x57, 0xE5, 0xDE, 0x31, 0x00, 0x00, 0x00, 0xFF, 0xFF, 0x80, 
0x00, 0x00, 0x00, 0xEA, 0xFF, 0xFF, 0xCB, 0x00, 0x00, 0x05, 0xFF, 0xF5, 0x1A, 0x00, 0x00, 0x00, 
0xE5, 0xFF, 0xFF, 0xFF, 0x3F, 0x00, 0x22, 0xFF, 0x75, 0x00, 0x00, 0x00, 0x00, 0x79, 0xFF, 0xFF, 
0xFF, 0xC1, 0x12, 0x9B, 0x89, 0x00, 0x00, 0x00, 0x00, 0x00, 0x01, 0x68, 0xD3, 0xF6, 0xEE, 0xB7, 
0x48, 0x00, 0x00, 0x00, 0x00, 0x00, 0x00, 0xFF, 0xFF, 0xFF, 0xFF, 0xFF, 0xFF, 0xFF, 0xFF, 0xFF, 
0x00, 0x00, 0x00, 0x00, 0x50, 0xFF, 0xFF, 0xFF, 0xFF, 0xFF, 0xFF, 0xFF, 0xFF, 0x74, 0x00, 0x01, 
0x21, 0xA5, 0xFF, 0xFF, 0xFF, 0xA7, 0x21, 0x01, 0x00, 0x00, 0x00, 0x00, 0x00, 0x07, 0x73, 0xFF, 
0xFF, 0xFF, 0xDF, 0x6A, 0x23, 0x03, 0x00, 0x00, 0x00, 0x1A, 0xFF, 0xFF, 0xFF, 0x18, 0x00, 0x00, 
0x00, 0x00, 0x00, 0x00, 0x00, 0x00, 0x4C, 0xFF, 0xFF, 0x8F, 0x09, 0x00, 0x00, 0x00, 0x00, 0x00, 
0x00, 0x05, 0xFF, 0xFF, 0xFF, 0x02, 0x00, 0x00, 0x00, 0x00, 0x00, 0x00, 0x00, 0x0F, 0xD5, 0xF7, 
0x56, 0x00, 0x00, 0x00, 0x00, 0x00, 0x00, 0x00, 0x00, 0x00, 0xFF, 0xFF, 0xFF, 0x00, 0x00, 0x00, 
0x00, 0x00, 0x00, 0x00, 0x0E, 0xC5, 0xEF, 0x3C, 0x00, 0x00, 0x00, 0x00, 0x00, 0x00, 0x00, 0x00, 
0x00, 0x00, 0xFF, 0xFF, 0xFF, 0x00, 0x00, 0x00, 0x00, 0x00, 0x00, 0x15, 0xCC, 0xE6, 0x2D, 0x00, 
0x00, 0x00, 0x00, 0x00, 0x00, 0x00, 0x00, 0x00, 0x00, 0x00, 0xFF, 0xFF, 0xFF, 0x00, 0x00, 0x00, 
0x00, 0x00, 0x22, 0xDA, 0xDD, 0x22, 0x00, 0x00, 0x00, 0x00, 0x00, 0x00, 0x00, 0x00, 0x00, 0x00, 
0x00, 0x00, 0xFF, 0xFF, 0xFF, 0x00, 0x00, 0x00, 0x00, 0x38, 0xEA, 0xD0, 0x18, 0x00, 0x00, 0x00, 
0x00, 0x00, 0x00, 0x00, 0x00, 0x00, 0x00, 0x00, 0x00, 0x00, 0xFF, 0xFF, 0xFF, 0x00, 0x00, 0x00, 
0x57, 0xF7, 0xBE, 0x0E, 0x00, 0x00, 0x00, 0x00, 0x00, 0x00, 0x00, 0x00, 0x00, 0x00, 0x00, 0x00, 
0x00, 0x00, 0xFF, 0xFF, 0xFF, 0x00, 0x01, 0x7F, 0xFF, 0xAA, 0x07, 0x00, 0x00, 0x00, 0x00, 0x00, 
0x00, 0x00, 0x00, 0x00, 0x00, 0x00, 0x00, 0x00, 0x00, 0x00, 0xFF, 0xFF, 0xFF, 0x09, 0xAA, 0xFF, 
0x93, 0x02, 0x00, 0x00, 0x00, 0x00, 0x00, 0x00, 0x00, 0x00, 0x00, 0x00, 0x00, 0x00, 0x00, 0x00, 
0x00, 0x00, 0xFF, 0xFF, 0xFF, 0xCB, 0xFF, 0xFF, 0x93, 0x02, 0x00, 0x00, 0x00, 0x00, 0x00, 0x00, 
0x00, 0x00, 0x00, 0x00, 0x00, 0x00, 0x00, 0x00, 0x00, 0x00, 0xFF, 0xFF, 0xFF, 0x73, 0xFE, 0xFF, 
0xFF, 0xAA, 0x07, 0x00, 0x00, 0x00, 0x00, 0x00, 0x00, 0x00, 0x00, 0x00, 0x00, 0x00, 0x00, 0x00, 
0x00, 0x00, 0xFF, 0xFF, 0xFF, 0x00, 0x5B, 0xFA, 0xFF, 0xFF, 0xBF, 0x0E, 0x00, 0x00, 0x00, 0x00, 
0x00, 0x00, 0x00, 0x00, 0x00, 0x00, 0x00, 0x00, 0x00, 0x00, 0xFF, 0xFF, 0xFF, 0x00, 0x00, 0x45, 
0xF3, 0xFF, 0xFF, 0xD0, 0x19, 0x00, 0x00, 0x00, 0x00, 0x00, 0x00, 0x00, 0x00, 0x00, 0x00, 0x00, 
0x00, 0x00, 0xFF, 0xFF, 0xFF, 0x00, 0x00, 0x00, 0x32, 0xE9, 0xFF, 0xFF, 0xDF, 0x26, 0x00, 0x00, 
0x00, 0x00, 0x00, 0x00, 0x00, 0x00, 0x00, 0x00, 0x00, 0x00, 0xFF, 0xFF, 0xFF, 0x00, 0x00, 0x00, 
0x00, 0x23, 0xDC, 0xFF, 0xFF, 0xEB, 0x36, 0x00, 0x00, 0x00, 0x00, 0x00, 0x00, 0x00, 0x00, 0x00, 
0x00, 0x00, 0xFF, 0xFF, 0xFF, 0x00, 0x00, 0x00, 0x00, 0x00, 0x16, 0xCC, 0xFF, 0xFF, 0xF4, 0x49, 
0x00, 0x00, 0x00, 0x00, 0x00, 0x00, 0x00, 0x00, 0x00, 0x00, 0xFF, 0xFF, 0xFF, 0x00, 0x00, 0x00, 
0x00, 0x00, 0x00, 0x0C, 0xB9, 0xFF, 0xFF, 0xFB, 0x5E, 0x00, 0x00, 0x00, 0x00, 0x00, 0x00, 0x00, 
0x00, 0x00, 0xFF, 0xFF, 0xFF, 0x00, 0x00, 0x00, 0x00, 0x00, 0x00, 0x00, 0x05, 0xA3, 0xFF, 0xFF, 
0xFE, 0x76, 0x00, 0x00, 0x00, 0x00, 0x00, 0x00, 0x00, 0x04, 0xFF, 0xFF, 0xFF, 0x02, 0x00, 0x00, 
0x00, 0x00, 0x00, 0x00, 0x00, 0x01, 0xA0, 0xFF, 0xFF, 0xFF, 0x8B, 0x00, 0x00, 0x00, 0x00, 0x00, 
0x00, 0x1D, 0xFF, 0xFF, 0xFF, 0x17, 0x00, 0x00, 0x00, 0x00, 0x00, 0x00, 0x00, 0x00, 0x08, 0xF7, 
0xFF, 0xFF, 0xFF, 0xAA, 0x0E, 0x00, 0x00, 0x01, 0x1F, 0xAA, 0xFF, 0xFF, 0xFF, 0xA7, 0x22, 0x01, 
0x00, 0x00, 0x00, 0x00, 0x00, 0x07, 0x4D, 0xFC, 0xFF, 0xFF, 0xFF, 0xFF, 0xE2, 0x6A, 0x1C, 0xFF, 
0xFF, 0xFF, 0xFF, 0xFF, 0xFF, 0xFF, 0xFF, 0xFF, 0x00, 0x00, 0x00, 0x00, 0x00, 0xD0, 0xFF, 0xFF, 
0xFF, 0xFF, 0xFF, 0xFF, 0xFF, 0xFF, 0xFF, 0xFF, 0xFF, 0xFF, 0xFF, 0xFF, 0xFF, 0xFF, 0xFF, 0xFF, 
0x00, 0x00, 0x00, 0x00, 0x00, 0x00, 0x00, 0x00, 0x00, 0x00, 0x00, 0x01, 0x1F, 0xAA, 0xFF, 0xFF, 
0xFF, 0xA6, 0x23, 0x06, 0x00, 0x00, 0x00, 0x00, 0x00, 0x00, 0x00, 0x00, 0x00, 0x00, 0x00, 0x00, 
0x00, 0x1F, 0xFF, 0xFF, 0xFF, 0x16, 0x00, 0x00, 0x00, 0x00, 0x00, 0x00, 0x00, 0x00, 0x00, 0x00, 
0x00, 0x00, 0x00, 0x00, 0x00, 0x04, 0xFF, 0xFF, 0xFF, 0x02, 0x00, 0x00, 0x00, 0x00, 0x00, 0x00, 
0x00, 0x00, 0x00, 0x00, 0x00, 0x00, 0x00, 0x00, 0x00, 0x00, 0xFF, 0xFF, 0xFF, 0x00, 0x00, 0x00, 
0x00, 0x00, 0x00, 0x00, 0x00, 0x00, 0x00, 0x00, 0x00, 0x00, 0x00, 0x00, 0x00, 0x00, 0xFF, 0xFF, 
0xFF, 0x00, 0x00, 0x00, 0x00, 0x00, 0x00, 0x00, 0x00, 0x00, 0x00, 0x00, 0x00, 0x00, 0x00, 0x00, 
0x00, 0x00, 0xFF, 0xFF, 0xFF, 0x00, 0x00, 0x00, 0x00, 0x00, 0x00, 0x00, 0x00, 0x00, 0x00, 0x00, 
0x00, 0x00, 0x00, 0x00, 0x00, 0x00, 0xFF, 0xFF, 0xFF, 0x00, 0x00, 0x00, 0x00, 0x00, 0x00, 0x00, 
0x00, 0x00, 0x00, 0x00, 0x00, 0x00, 0x00, 0x00, 0x00, 0x00, 0xFF, 0xFF, 0xFF, 0x00, 0x00, 0x00, 
0x00, 0x00, 0x00, 0x00, 0x00, 0x00, 0x00, 0x00, 0x00, 0x00, 0x00, 0x00, 0x00, 0x00, 0xFF, 0xFF, 
0xFF, 0x00, 0x00, 0x00, 0x00, 0x00, 0x00, 0x00, 0x00, 0x00, 0x00, 0x00, 0x00, 0x00, 0x00, 0x00, 
0x00, 0x00, 0xFF, 0xFF, 0xFF, 0x00, 0x00, 0x00, 0x00, 0x00, 0x00, 0x00, 0x00, 0x00, 0x00, 0x00, 
0x00, 0x00, 0x00, 0x00, 0x00, 0x00, 0xFF, 0xFF, 0xFF, 0x00, 0x00, 0x00, 0x00, 0x00, 0x00, 0x00, 
0x00, 0x00, 0x00, 0x00, 0x00, 0x00, 0x00, 0x00, 0x00, 0x00, 0xFF, 0xFF, 0xFF, 0x00, 0x00, 0x00, 
0x00, 0x00, 0x00, 0x00, 0x00, 0x00, 0x00, 0x00, 0x00, 0x00, 0x00, 0x00, 0x00, 0x00, 0xFF, 0xFF, 
0xFF, 0x00, 0x00, 0x00, 0x00, 0x00, 0x00, 0x00, 0x00, 0x00, 0x00, 0x00, 0x00, 0x00, 0x00, 0x00, 
0x00, 0x00, 0xFF, 0xFF, 0xFF, 0x00, 0x00, 0x00, 0x00, 0x00, 0x00, 0x00, 0x00, 0x00, 0x00, 0x00, 
0x00, 0x00, 0x00, 0x00, 0x00, 0x00, 0xFF, 0xFF, 0xFF, 0x00, 0x00, 0x00, 0x00, 0x00, 0x00, 0x00, 
0x00, 0x00, 0x00, 0x00, 0x00, 0x00, 0x00, 0x00, 0x00, 0x00, 0xFF, 0xFF, 0xFF, 0x00, 0x00, 0x00, 
0x00, 0x00, 0x00, 0x00, 0x00, 0x00, 0x00, 0x00, 0x00, 0x00, 0x00, 0x00, 0x00, 0x00, 0xFF, 0xFF, 
0xFF, 0x00, 0x00, 0x00, 0x00, 0x00, 0x00, 0x00, 0x00, 0x00, 0x00, 0x00, 0x00, 0x00, 0x00, 0x00, 
0x00, 0x00, 0xFF, 0xFF, 0xFF, 0x00, 0x00, 0x00, 0x00, 0x00, 0x00, 0x00, 0x00, 0x00, 0x00, 0x00, 
0x00, 0x38, 0xCE, 0x00, 0x00, 0x00, 0xFF, 0xFF, 0xFF, 0x00, 0x00, 0x00, 0x00, 0x00, 0x00, 0x00, 
0x00, 0x00, 0x00, 0x00, 0x00, 0xB3, 0x86, 0x00, 0x00, 0x04, 0xFF, 0xFF, 0xFF, 0x05, 0x00, 0x00, 
0x00, 0x00, 0x00, 0x00, 0x00, 0x00, 0x00, 0x00, 0x4B, 0xFF, 0x2F, 0x00, 0x00, 0x1E, 0xFF, 0xFF, 
0xFF, 0x1C, 0x00, 0x00, 0x00, 0x00, 0x00, 0x00, 0x00, 0x00, 0x00, 0x39, 0xEE, 0xD8, 0x00, 0x01, 
0x21, 0xB1, 0xFF, 0xFF, 0xFF, 0x99, 0x15, 0x04, 0x00, 0x00, 0x00, 0x05, 0x16, 0x3A, 0x90, 0xF8, 
0xFF, 0x81, 0x00, 0xFF, 0xFF, 0xFF, 0xFF, 0xFF, 0xFF, 0xFF, 0xFF, 0xFF, 0xFF, 0xFF, 0xFF, 0xFF, 
0xFF, 0xFF, 0xFF, 0xFF, 0xFF, 0x2B, 0x00, 0xFF, 0xFF, 0xFF, 0xFF, 0xFF, 0xFF, 0xB8, 0x00, 0x00, 
0x00, 0x00, 0x00, 0x00, 0x00, 0x00, 0x00, 0x00, 0x00, 0x00, 0x00, 0x00, 0x00, 0x00, 0x8A, 0xFF, 
0xFF, 0xFF, 0xFF, 0xFF, 0xFF, 0x09, 0x31, 0xC3, 0xFF, 0xFF, 0xFF, 0xFF, 0x2B, 0x00, 0x00, 0x00, 
0x00, 0x00, 0x00, 0x00, 0x00, 0x00, 0x00, 0x00, 0x00, 0x00, 0x00, 0x0C, 0xEF, 0xFF, 0xFF, 0xFF, 
0xAD, 0x22, 0x01, 0x00, 0x00, 0x2D, 0xFF, 0xFF, 0xFF, 0xFF, 0x9D, 0x00, 0x00, 0x00, 0x00, 0x00, 
0x00, 0x00, 0x00, 0x00, 0x00, 0x00, 0x00, 0x00, 0x00, 0x6E, 0xFF, 0xFF, 0xFF, 0xFF, 0x1D, 0x00, 
0x00, 0x00, 0x00, 0x09, 0xFF, 0xFF, 0xFE, 0xFF, 0xF8, 0x16, 0x00, 0x00, 0x00, 0x00, 0x00, 0x00, 
0x00, 0x00, 0x00, 0x00, 0x00, 0x00, 0x02, 0xDD, 0xFD, 0xFF, 0xFF, 0xFF, 0x03, 0x00, 0x00, 0x00, 
0x00, 0x00, 0xFF, 0xFF, 0xB2, 0xFF, 0xFF, 0x81, 0x00, 0x00, 0x00, 0x00, 0x00, 0x00, 0x00, 0x00, 
0x00, 0x00, 0x00, 0x00, 0x52, 0xFF, 0xB1, 0xFF, 0xFF, 0xFF, 0x00, 0x00, 0x00, 0x00, 0x00, 0x00, 
0xFF, 0xFF, 0x40, 0xFF, 0xFF, 0xEA, 0x08, 0x00, 0x00, 0x00, 0x00, 0x00, 0x00, 0x00, 0x00, 0x00, 
0x00, 0x00, 0xC4, 0xFF, 0x3F, 0xFF, 0xFF, 0xFF, 0x00, 0x00, 0x00, 0x00, 0x00, 0x00, 0xFF, 0xFF, 
0x00, 0xCD, 0xFF, 0xFF, 0x66, 0x00, 0x00, 0x00, 0x00, 0x00, 0x00, 0x00, 0x00, 0x00, 0x00, 0x36, 
0xFF, 0xCD, 0x00, 0xFF, 0xFF, 0xFF, 0x00, 0x00, 0x00, 0x00, 0x00, 0x00, 0xFF, 0xFF, 0x00, 0x5C, 
0xFF, 0xFF, 0xD6, 0x01, 0x00, 0x00, 0x00, 0x00, 0x00, 0x00, 0x00, 0x00, 0x00, 0xA9, 0xFF, 0x5B, 
0x00, 0xFF, 0xFF, 0xFF, 0x00, 0x00, 0x00, 0x00, 0x00, 0x00, 0xFF, 0xFF, 0x00, 0x05, 0xE4, 0xFF, 
0xFF, 0x4A, 0x00, 0x00, 0x00, 0x00, 0x00, 0x00, 0x00, 0x00, 0x1E, 0xFB, 0xE3, 0x05, 0x00, 0xFF, 
0xFF, 0xFF, 0x00, 0x00, 0x00, 0x00, 0x00, 0x00, 0xFF, 0xFF, 0x00, 0x00, 0x77, 0xFF, 0xFF, 0xBC, 
0x00, 0x00, 0x00, 0x00, 0x00, 0x00, 0x00, 0x00, 0x8D, 0xFF, 0x76, 0x00, 0x00, 0xFF, 0xFF, 0xFF, 
0x00, 0x00, 0x00, 0x00, 0x00, 0x00, 0xFF, 0xFF, 0x00, 0x00, 0x10, 0xF4, 0xFF, 0xFF, 0x2F, 0x00, 
0x00, 0x00, 0x00, 0x00, 0x00, 0x0D, 0xF1, 0xF3, 0x10, 0x00, 0x00, 0xFF, 0xFF, 0xFF, 0x00, 0x00, 
0x00, 0x00, 0x00, 0x00, 0xFF, 0xFF, 0x00, 0x00, 0x00, 0x93, 0xFF, 0xFF, 0xA1, 0x00, 0x00, 0x00, 
0x00, 0x00, 0x00, 0x72, 0xFF, 0x92, 0x00, 0x00, 0x00, 0xFF, 0xFF, 0xFF, 0x00, 0x00, 0x00, 0x00, 
0x00, 0x00, 0xFF, 0xFF, 0x00, 0x00, 0x00, 0x23, 0xFD, 0xFF, 0xF9, 0x19, 0x00, 0x00, 0x00, 0x00, 
0x03, 0xDF, 0xFD, 0x22, 0x00, 0x00, 0x00, 0xFF, 0xFF, 0xFF, 0x00, 0x00, 0x00, 0x00, 0x00, 0x00, 
0xFF, 0xFF, 0x00, 0x00, 0x00, 0x00, 0xAF, 0xFF, 0xFF, 0x85, 0x00, 0x00, 0x00, 0x00, 0x56, 0xFF, 
0xAE, 0x00, 0x00, 0x00, 0x00, 0xFF, 0xFF, 0xFF, 0x00, 0x00, 0x00, 0x00, 0x00, 0x00, 0xFF, 0xFF, 
0x00, 0x00, 0x00, 0x00, 0x3D, 0xFF, 0xFF, 0xED, 0x0A, 0x00, 0x00, 0x00, 0xC7, 0xFF, 0x3C, 0x00, 
0x00, 0x00, 0x00, 0xFF, 0xFF, 0xFF, 0x00, 0x00, 0x00, 0x00, 0x00, 0x00, 0xFF, 0xFF, 0x00, 0x00, 
0x00, 0x00, 0x00, 0xCA, 0xFF, 0xFF, 0x69, 0x00, 0x00, 0x3A, 0xFF, 0xCA, 0x00, 0x00, 0x00, 0x00, 
0x00, 0xFF, 0xFF, 0xFF, 0x00, 0x00, 0x00, 0x00, 0x00, 0x00, 0xFF, 0xFF, 0x00, 0x00, 0x00, 0x00, 
0x00, 0x58, 0xFF, 0xFF, 0xDA, 0x01, 0x00, 0xAD, 0xFF, 0x57, 0x00, 0x00, 0x00, 0x00, 0x00, 0xFF, 
0xFF, 0xFF, 0x00, 0x00, 0x00, 0x00, 0x00, 0x00, 0xFF, 0xFF, 0x00, 0x00, 0x00, 0x00, 0x00, 0x04, 
0xE1, 0xFF, 0xFF, 0x4E, 0x21, 0xFC, 0xE1, 0x04, 0x00, 0x00, 0x00, 0x00, 0x00, 0xFF, 0xFF, 0xFF, 
0x00, 0x00, 0x00, 0x00, 0x00, 0x00, 0xFF, 0xFF, 0x00, 0x00, 0x00, 0x00, 0x00, 0x00, 0x74, 0xFF, 
0xFF, 0xC0, 0x91, 0xFF, 0x73, 0x00, 0x00, 0x00, 0x00, 0x00, 0x00, 0xFF, 0xFF, 0xFF, 0x00, 0x00, 
0x00, 0x00, 0x00, 0x00, 0xFF, 0xFF, 0x00, 0x00, 0x00, 0x00, 0x00, 0x00, 0x0F, 0xF2, 0xFF, 0xFF, 
0xF8, 0xF2, 0x0E, 0x00, 0x00, 0x00, 0x00, 0x00, 0x00, 0xFF, 0xFF, 0xFF, 0x00, 0x00, 0x00, 0x00, 
0x00, 0x04, 0xFF, 0xFF, 0x03, 0x00, 0x00, 0x00, 0x00, 0x00, 0x00, 0x90, 0xFF, 0xFF, 0xFF, 0x8F, 
0x00, 0x00, 0x00, 0x00, 0x00, 0x00, 0x04, 0xFF, 0xFF, 0xFF, 0x04, 0x00, 0x00, 0x00, 0x00, 0x1E, 
0xFF, 0xFF, 0x1D, 0x00, 0x00, 0x00, 0x00, 0x00, 0x00, 0x20, 0xFC, 0xFF, 0xFC, 0x20, 0x00, 0x00, 
0x00, 0x00, 0x00, 0x00, 0x1E, 0xFF, 0xFF, 0xFF, 0x1E, 0x00, 0x00, 0x01, 0x21, 0xAD, 0xFF, 0xFF, 
0xA5, 0x1D, 0x01, 0x00, 0x00, 0x00, 0x00, 0x00, 0xAC, 0xFF, 0xAB, 0x00, 0x00, 0x00, 0x00, 0x00, 
0x01, 0x20, 0xAD, 0xFF, 0xFF, 0xFF, 0xA8, 0x1F, 0x01, 0xFF, 0xFF, 0xFF, 0xFF, 0xFF, 0xFF, 0xFF, 
0xFF, 0x00, 0x00, 0x00, 0x00, 0x00, 0x39, 0xFF, 0x39, 0x00, 0x00, 0x00, 0x00, 0x00, 0xFF, 0xFF, 
0xFF, 0xFF, 0xFF, 0xFF, 0xFF, 0xFF, 0xFF, 0xB0, 0xFF, 0xFF, 0xFF, 0xFF, 0xFF, 0x93, 0x00, 0x00, 
0x00, 0x00, 0x00, 0x00, 0x00, 0x00, 0x00, 0x00, 0x00, 0xFF, 0xFF, 0xFF, 0xFF, 0xFF, 0xFF, 0xFF, 
0xFF, 0x02, 0x13, 0x53, 0xC6, 0xFF, 0xFF, 0xFF, 0x62, 0x00, 0x00, 0x00, 0x00, 0x00, 0x00, 0x00, 
0x00, 0x00, 0x00, 0x01, 0x1F, 0xA8, 0xFF, 0xFF, 0xAD, 0x21, 0x01, 0x00, 0x00, 0x00, 0x02, 0x8D, 
0xFF, 0xFF, 0xF8, 0x38, 0x00, 0x00, 0x00, 0x00, 0x00, 0x00, 0x00, 0x00, 0x00, 0x00, 0x00, 0x1F, 
0xFF, 0xFF, 0x1D, 0x00, 0x00, 0x00, 0x00, 0x00, 0x00, 0x00, 0xFF, 0xFF, 0xFF, 0xE6, 0x1A, 0x00, 
0x00, 0x00, 0x00, 0x00, 0x00, 0x00, 0x00, 0x00, 0x00, 0x04, 0xFF, 0xFF, 0x03, 0x00, 0x00, 0x00, 
0x00, 0x00, 0x00, 0x00, 0xFF, 0xFF, 0xFF, 0xFF, 0xC8, 0x07, 0x00, 0x00, 0x00, 0x00, 0x00, 0x00, 
0x00, 0x00, 0x00, 0x00, 0xFF, 0xFF, 0x00, 0x00, 0x00, 0x00, 0x00, 0x00, 0x00, 0x00, 0xFF, 0xFF, 
0xE4, 0xFF, 0xFF, 0x9F, 0x00, 0x00, 0x00, 0x00, 0x00, 0x00, 0x00, 0x00, 0x00, 0x00, 0xFF, 0xFF, 
0x00, 0x00, 0x00, 0x00, 0x00, 0x00, 0x00, 0x00, 0xFF, 0xFF, 0x36, 0xF8, 0xFF, 0xFF, 0x6E, 0x00, 
0x00, 0x00, 0x00, 0x00, 0x00, 0x00, 0x00, 0x00, 0xFF, 0xFF, 0x00, 0x00, 0x00, 0x00, 0x00, 0x00, 
0x00, 0x00, 0xFF, 0xFF, 0x00, 0x62, 0xFF, 0xFF, 0xFB, 0x42, 0x00, 0x00, 0x00, 0x00, 0x00, 0x00, 
0x00, 0x00, 0xFF, 0xFF, 0x00, 0x00, 0x00, 0x00, 0x00, 0x00, 0x00, 0x00, 0xFF, 0xFF, 0x00, 0x00, 
0x94, 0xFF, 0xFF, 0xEC, 0x21, 0x00, 0x00, 0x00, 0x00, 0x00, 0x00, 0x00, 0xFF, 0xFF, 0x00, 0x00, 
0x00, 0x00, 0x00, 0x00, 0x00, 0x00, 0xFF, 0xFF, 0x00, 0x00, 0x05, 0xC1, 0xFF, 0xFF, 0xD1, 0x0B, 
0x00, 0x00, 0x00, 0x00, 0x00, 0x00, 0xFF, 0xFF, 0x00, 0x00, 0x00, 0x00, 0x00, 0x00, 0x00, 0x00, 
0xFF, 0xFF, 0x00, 0x00, 0x00, 0x16, 0xE2, 0xFF, 0xFF, 0xAA, 0x00, 0x00, 0x00, 0x00, 0x00, 0x00, 
0xFF, 0xFF, 0x00, 0x00, 0x00, 0x00, 0x00, 0x00, 0x00, 0x00, 0xFF, 0xFF, 0x00, 0x00, 0x00, 0x00, 
0x33, 0xF7, 0xFF, 0xFF, 0x7B, 0x00, 0x00, 0x00, 0x00, 0x00, 0xFF, 0xFF, 0x00, 0x00, 0x00, 0x00, 
0x00, 0x00, 0x00, 0x00, 0xFF, 0xFF, 0x00, 0x00, 0x00, 0x00, 0x00, 0x5E, 0xFF, 0xFF, 0xFD, 0x4C, 
0x00, 0x00, 0x00, 0x00, 0xFF, 0xFF, 0x00, 0x00, 0x00, 0x00, 0x00, 0x00, 0x00, 0x00, 0xFF, 0xFF, 
0x00, 0x00, 0x00, 0x00, 0x00, 0x00, 0x90, 0xFF, 0xFF, 0xF1, 0x28, 0x00, 0x00, 0x00, 0xFF, 0xFF, 
0x00, 0x00, 0x00, 0x00, 0x00, 0x00, 0x00, 0x00, 0xFF, 0xFF, 0x00, 0x00, 0x00, 0x00, 0x00, 0x00, 
0x04, 0xBE, 0xFF, 0xFF, 0xD9, 0x0F, 0x00, 0x00, 0xFF, 0xFF, 0x00, 0x00, 0x00, 0x00, 0x00, 0x00, 
0x00, 0x00, 0xFF, 0xFF, 0x00, 0x00, 0x00, 0x00, 0x00, 0x00, 0x00, 0x14, 0xE0, 0xFF, 0xFF, 0xB6, 
0x02, 0x00, 0xFF, 0xFF, 0x00, 0x00, 0x00, 0x00, 0x00, 0x00, 0x00, 0x00, 0xFF, 0xFF, 0x00, 0x00, 
0x00, 0x00, 0x00, 0x00, 0x00, 0x00, 0x31, 0xF6, 0xFF, 0xFF, 0x87, 0x00, 0xFF, 0xFF, 0x00, 0x00, 
0x00, 0x00, 0x00, 0x00, 0x00, 0x00, 0xFF, 0xFF, 0x00, 0x00, 0x00, 0x00, 0x00, 0x00, 0x00, 0x00, 
0x00, 0x59, 0xFF, 0xFF, 0xFF, 0x58, 0xFF, 0xFF, 0x00, 0x00, 0x00, 0x00, 0x00, 0x00, 0x00, 0x00, 
0xFF, 0xFF, 0x00, 0x00, 0x00, 0x00, 0x00, 0x00, 0x00, 0x00, 0x00, 0x00, 0x8C, 0xFF, 0xFF, 0xF5, 
0xFF, 0xFF, 0x00, 0x00, 0x00, 0x00, 0x00, 0x00, 0x00, 0x00, 0xFF, 0xFF, 0x00, 0x00, 0x00, 0x00, 
0x00, 0x00, 0x00, 0x00, 0x00, 0x00, 0x03, 0xBA, 0xFF, 0xFF, 0xFF, 0xFF, 0x00, 0x00, 0x00, 0x00, 
0x00, 0x00, 0x00, 0x04, 0xFF, 0xFF, 0x03, 0x00, 0x00, 0x00, 0x00, 0x00, 0x00, 0x00, 0x00, 0x00, 
0x00, 0x12, 0xDE, 0xFF, 0xFF, 0xFF, 0x00, 0x00, 0x00, 0x00, 0x00, 0x00, 0x00, 0x1E, 0xFF, 0xFF, 
0x1D, 0x00, 0x00, 0x00, 0x00, 0x00, 0x00, 0x00, 0x00, 0x00, 0x00, 0x00, 0x2E, 0xF4, 0xFF, 0xFF, 
0x00, 0x00, 0x00, 0x00, 0x00, 0x01, 0x21, 0xAD, 0xFF, 0xFF, 0xA5, 0x1E, 0x01, 0x00, 0x00, 0x00, 
0x00, 0x00, 0x00, 0x00, 0x00, 0x00, 0x00, 0x55, 0xFF, 0xFF, 0x00, 0x00, 0x00, 0x00, 0x00, 0xFF, 
0xFF, 0xFF, 0xFF, 0xFF, 0xFF, 0xFF, 0xFF, 0x00, 0x00, 0x00, 0x00, 0x00, 0x00, 0x00, 0x00, 0x00, 
0x00, 0x00, 0x87, 0xFF, 0x00, 0x00, 0x00, 0x00, 0x00, 0x00, 0x00, 0x00, 0x00, 0x00, 0x00, 0x00, 
0x00, 0x00, 0x00, 0x00, 0x00, 0x00, 0x00, 0x00, 0x00, 0x00, 0x00, 0x00, 0x02, 0x5E, 0x00, 0x00, 
0x00, 0x00, 0x00, 0x00, 0x00, 0x00, 0x00, 0x00, 0x22, 0x70, 0xB3, 0xDB, 0xF0, 0xF8, 0xE1, 0xC3, 
0x7F, 0x31, 0x00, 0x00, 0x00, 0x00, 0x00, 0x00, 0x00, 0x00, 0x00, 0x00, 0x00, 0x00, 0x26, 0xA6, 
0xFC, 0xCB, 0x65, 0x24, 0x09, 0x0E, 0x29, 0x6B, 0xD1, 0xFF, 0xB6, 0x2F, 0x00, 0x00, 0x00, 0x00, 
0x00, 0x00, 0x00, 0x00, 0x00, 0x62, 0xF4, 0xFE, 0x71, 0x01, 0x00, 0x00, 0x00, 0x00, 0x00, 0x00, 
0x02, 0x77, 0xFE, 0xFA, 0x6A, 0x00, 0x00, 0x00, 0x00, 0x00, 0x00, 0x00, 0x80, 0xFF, 0xFF, 0x6B, 
0x00, 0x00, 0x00, 0x00, 0x00, 0x00, 0x00, 0x00, 0x00, 0x00, 0x70, 0xFF, 0xFF, 0x90, 0x00, 0x00, 
0x00, 0x00, 0x00, 0x6E, 0xFF, 0xFF, 0xB7, 0x00, 0x00, 0x00, 0x00, 0x00, 0x00, 0x00, 0x00, 0x00, 
0x00, 0x00, 0x01, 0xBF, 0xFF, 0xFF, 0x71, 0x00, 0x00, 0x00, 0x2A, 0xFB, 0xFF, 0xFF, 0x31, 0x00, 
0x00, 0x00, 0x00, 0x00, 0x00, 0x00, 0x00, 0x00, 0x00, 0x00, 0x00, 0x3B, 0xFF, 0xFF, 0xFD, 0x33, 
0x00, 0x00, 0xBC, 0xFF, 0xFF, 0xCA, 0x00, 0x00, 0x00, 0x00, 0x00, 0x00, 0x00, 0x00, 0x00, 0x00, 
0x00, 0x00, 0x00, 0x00, 0xD8, 0xFF, 0xFF, 0xBD, 0x00, 0x2E, 0xFF, 0xFF, 0xFF, 0x81, 0x00, 0x00, 
0x00, 0x00, 0x00, 0x00, 0x00, 0x00, 0x00, 0x00, 0x00, 0x00, 0x00, 0x00, 0x8B, 0xFF, 0xFF, 0xFF, 
0x34, 0x7F, 0xFF, 0xFF, 0xFF, 0x4C, 0x00, 0x00, 0x00, 0x00, 0x00, 0x00, 0x00, 0x00, 0x00, 0x00, 
0x00, 0x00, 0x00, 0x00, 0x5A, 0xFF, 0xFF, 0xFF, 0x81, 0xC2, 0xFF, 0xFF, 0xFF, 0x23, 0x00, 0x00, 
0x00, 0x00, 0x00, 0x00, 0x00, 0x00, 0x00, 0x00, 0x00, 0x00, 0x00, 0x00, 0x2D, 0xFF, 0xFF, 0xFF, 
0xC4, 0xDE, 0xFF, 0xFF, 0xFF, 0x13, 0x00, 0x00, 0x00, 0x00, 0x00, 0x00, 0x00, 0x00, 0x00, 0x00, 
0x00, 0x00, 0x00, 0x00, 0x1B, 0xFF, 0xFF, 0xFF, 0xE0, 0xF5, 0xFF, 0xFF, 0xFF, 0x05, 0x00, 0x00, 
0x00, 0x00, 0x00, 0x00, 0x00, 0x00, 0x00, 0x00, 0x00, 0x00, 0x00, 0x00, 0x0C, 0xFF, 0xFF, 0xFF, 
0xF7, 0xF4, 0xFF, 0xFF, 0xFF, 0x09, 0x00, 0x00, 0x00, 0x00, 0x00, 0x00, 0x00, 0x00, 0x00, 0x00, 
0x00, 0x00, 0x00, 0x00, 0x04, 0xFF, 0xFF, 0xFF, 0xF1, 0xDE, 0xFF, 0xFF, 0xFF, 0x18, 0x00, 0x00, 
0x00, 0x00, 0x00, 0x00, 0x00, 0x00, 0x00, 0x00, 0x00, 0x00, 0x00, 0x00, 0x11, 0xFF, 0xFF, 0xFF, 
0xDA, 0xC1, 0xFF, 0xFF, 0xFF, 0x2C, 0x00, 0x00, 0x00, 0x00, 0x00, 0x00, 0x00, 0x00, 0x00, 0x00, 
0x00, 0x00, 0x00, 0x00, 0x1F, 0xFF, 0xFF, 0xFF, 0xB9, 0x80, 0xFF, 0xFF, 0xFF, 0x5C, 0x00, 0x00, 
0x00, 0x00, 0x00, 0x00, 0x00, 0x00, 0x00, 0x00, 0x00, 0x00, 0x00, 0x00, 0x43, 0xFF, 0xFF, 0xFF, 
0x73, 0x36, 0xFF, 0xFF, 0xFF, 0x91, 0x00, 0x00, 0x00, 0x00, 0x00, 0x00, 0x00, 0x00, 0x00, 0x00, 
0x00, 0x00, 0x00, 0x00, 0x75, 0xFF, 0xFF, 0xFE, 0x26, 0x00, 0xC3, 0xFF, 0xFF, 0xE0, 0x02, 0x00, 
0x00, 0x00, 0x00, 0x00, 0x00, 0x00, 0x00, 0x00, 0x00, 0x00, 0x00, 0x00, 0xB9, 0xFF, 0xFF, 0xA8, 
0x00, 0x00, 0x3D, 0xFF, 0xFF, 0xFF, 0x49, 0x00, 0x00, 0x00, 0x00, 0x00, 0x00, 0x00, 0x00, 0x00, 
0x00, 0x00, 0x00, 0x1E, 0xFD, 0xFF, 0xF7, 0x24, 0x00, 0x00, 0x00, 0x83, 0xFF, 0xFF, 0xD0, 0x05, 
0x00, 0x00, 0x00, 0x00, 0x00, 0x00, 0x00, 0x00, 0x00, 0x00, 0x00, 0xA9, 0xFF, 0xFF, 0x59, 0x00, 
0x00, 0x00, 0x00, 0x01, 0xA6, 0xFF, 0xFF, 0x86, 0x00, 0x00, 0x00, 0x00, 0x00, 0x00, 0x00, 0x00, 
0x00, 0x00, 0x67, 0xFF, 0xFF, 0x78, 0x00, 0x00, 0x00, 0x00, 0x00, 0x00, 0x01, 0x80, 0xFE, 0xFF, 
0x83, 0x03, 0x00, 0x00, 0x00, 0x00, 0x00, 0x00, 0x05, 0x7E, 0xFF, 0xF5, 0x56, 0x00, 0x00, 0x00, 
0x00, 0x00, 0x00, 0x00, 0x00, 0x00, 0x3B, 0xC0, 0xFF, 0xD3, 0x68, 0x24, 0x09, 0x0E, 0x2B, 0x72, 
0xD8, 0xFE, 0xA7, 0x23, 0x00, 0x00, 0x00, 0x00, 0x00, 0x00, 0x00, 0x00, 0x00, 0x00, 0x00, 0x00, 
0x35, 0x81, 0xC4, 0xE1, 0xF6, 0xF4, 0xDD, 0xBB, 0x74, 0x25, 0x00, 0x00, 0x00, 0x00, 0x00, 0x00, 
0x00, 0xFF, 0xFF, 0xFF, 0xFF, 0xFF, 0xFF, 0xFF, 0xFF, 0xFF, 0xF9, 0xEC, 0xD2, 0xA6, 0x5F, 0x06, 
0x00, 0x00, 0x00, 0x01, 0x1E, 0xA8, 0xFF, 0xFF, 0xFF, 0x42, 0x19, 0x05, 0x16, 0x3F, 0x98, 0xFB, 
0xFF, 0xE1, 0x4F, 0x00, 0x00, 0x00, 0x00, 0x1E, 0xFF, 0xFF, 0xFF, 0x00, 0x00, 0x00, 0x00, 0x00, 
0x00, 0x38, 0xEE, 0xFF, 0xFC, 0x60, 0x00, 0x00, 0x00, 0x04, 0xFF, 0xFF, 0xFF, 0x00, 0x00, 0x00, 
0x00, 0x00, 0x00, 0x00, 0x52, 0xFF, 0xFF, 0xFB, 0x2F, 0x00, 0x00, 0x00, 0xFF, 0xFF, 0xFF, 0x00, 
0x00, 0x00, 0x00, 0x00, 0x00, 0x00, 0x00, 0xD4, 0xFF, 0xFF, 0xA4, 0x00, 0x00, 0x00, 0xFF, 0xFF, 
0xFF, 0x00, 0x00, 0x00, 0x00, 0x00, 0x00, 0x00, 0x00, 0x87, 0xFF, 0xFF, 0xE5, 0x00, 0x00, 0x00, 
0xFF, 0xFF, 0xFF, 0x00, 0x00, 0x00, 0x00, 0x00, 0x00, 0x00, 0x00, 0x69, 0xFF, 0xFF, 0xFA, 0x00, 
0x00, 0x00, 0xFF, 0xFF, 0xFF, 0x00, 0x00, 0x00, 0x00, 0x00, 0x00, 0x00, 0x00, 0x71, 0xFF, 0xFF, 
0xE7, 0x00, 0x00, 0x00, 0xFF, 0xFF, 0xFF, 0x00, 0x00, 0x00, 0x00, 0x00, 0x00, 0x00, 0x00, 0xAA, 
0xFF, 0xFF, 0xAE, 0x00, 0x00, 0x00, 0xFF, 0xFF, 0xFF, 0x00, 0x00, 0x00, 0x00, 0x00, 0x00, 0x00, 
0x26, 0xFA, 0xFF, 0xFF, 0x46, 0x00, 0x00, 0x00, 0xFF, 0xFF, 0xFF, 0x00, 0x00, 0x00, 0x00, 0x00, 
0x00, 0x1C, 0xD7, 0xFF, 0xFF, 0x99, 0x00, 0x00, 0x00, 0x00, 0xFF, 0xFF, 0xFF, 0x51, 0x00, 0x00, 
0x04, 0x21, 0x73, 0xEB, 0xFF, 0xFD, 0x88, 0x03, 0x00, 0x00, 0x00, 0x00, 0xFF, 0xFF, 0xFF, 0xFA, 
0xFF, 0xFF, 0xFF, 0xFB, 0xEB, 0xC7, 0x88, 0x25, 0x00, 0x00, 0x00, 0x00, 0x00, 0x00, 0xFF, 0xFF, 
0xFF, 0x00, 0x00, 0x00, 0x00, 0x00, 0x00, 0x00, 0x00, 0x00, 0x00, 0x00, 0x00, 0x00, 0x00, 0x00, 
0xFF, 0xFF, 0xFF, 0x00, 0x00, 0x00, 0x00, 0x00, 0x00, 0x00, 0x00, 0x00, 0x00, 0x00, 0x00, 0x00, 
0x00, 0x00, 0xFF, 0xFF, 0xFF, 0x00, 0x00, 0x00, 0x00, 0x00, 0x00, 0x00, 0x00, 0x00, 0x00, 0x00, 
0x00, 0x00, 0x00, 0x00, 0xFF, 0xFF, 0xFF, 0x00, 0x00, 0x00, 0x00, 0x00, 0x00, 0x00, 0x00, 0x00, 
0x00, 0x00, 0x00, 0x00, 0x00, 0x00, 0xFF, 0xFF, 0xFF, 0x00, 0x00, 0x00, 0x00, 0x00, 0x00, 0x00, 
0x00, 0x00, 0x00, 0x00, 0x00, 0x00, 0x00, 0x00, 0xFF, 0xFF, 0xFF, 0x00, 0x00, 0x00, 0x00, 0x00, 
0x00, 0x00, 0x00, 0x00, 0x00, 0x00, 0x00, 0x00, 0x00, 0x00, 0xFF, 0xFF, 0xFF, 0x00, 0x00, 0x00, 
0x00, 0x00, 0x00, 0x00, 0x00, 0x00, 0x00, 0x00, 0x00, 0x00, 0x00, 0x03, 0xFF, 0xFF, 0xFF, 0x04, 
0x00, 0x00, 0x00, 0x00, 0x00, 0x00, 0x00, 0x00, 0x00, 0x00, 0x00, 0x00, 0x00, 0x1C, 0xFF, 0xFF, 
0xFF, 0x1F, 0x00, 0x00, 0x00, 0x00, 0x00, 0x00, 0x00, 0x00, 0x00, 0x00, 0x00, 0x01, 0x21, 0xAE, 
0xFF, 0xFF, 0xFF, 0xA9, 0x1E, 0x00, 0x00, 0x00, 0x00, 0x00, 0x00, 0x00, 0x00, 0x00, 0x00, 0xFF, 
0xFF, 0xFF, 0xFF, 0xFF, 0xFF, 0xFF, 0xFF, 0xFF, 0x00, 0x00, 0x00, 0x00, 0x00, 0x00, 0x00, 0x00, 
0x00, 0x00, 0x00, 0x00, 0x00, 0x00, 0x00, 0x00, 0x21, 0x6E, 0xB5, 0xD9, 0xF0, 0xF6, 0xDF, 0xC0, 
0x7A, 0x2A, 0x00, 0x00, 0x00, 0x00, 0x00, 0x00, 0x00, 0x00, 0x00, 0x00, 0x00, 0x00, 0x20, 0xA0, 
0xFC, 0xCC, 0x66, 0x24, 0x0A, 0x09, 0x29, 0x6D, 0xD9, 0xFF, 0xAC, 0x26, 0x00, 0x00, 0x00, 0x00, 
0x00, 0x00, 0x00, 0x00, 0x00, 0x54, 0xF4, 0xFD, 0x71, 0x01, 0x00, 0x00, 0x00, 0x00, 0x00, 0x00, 
0x04, 0x86, 0xFF, 0xF7, 0x5A, 0x00, 0x00, 0x00, 0x00, 0x00, 0x00, 0x00, 0x78, 0xFF, 0xFF, 0x69, 
0x00, 0x00, 0x00, 0x00, 0x00, 0x00, 0x00, 0x00, 0x00, 0x00, 0x83, 0xFF, 0xFF, 0x7B, 0x00, 0x00, 
0x00, 0x00, 0x00, 0x5B, 0xFF, 0xFF, 0xB1, 0x00, 0x00, 0x00, 0x00, 0x00, 0x00, 0x00, 0x00, 0x00, 
0x00, 0x00, 0x02, 0xCB, 0xFF, 0xFF, 0x5B, 0x00, 0x00, 0x00, 0x26, 0xF8, 0xFF, 0xFF, 0x2E, 0x00, 
0x00, 0x00, 0x00, 0x00, 0x00, 0x00, 0x00, 0x00, 0x00, 0x00, 0x00, 0x49, 0xFF, 0xFF, 0xF8, 0x25, 
0x00, 0x00, 0xAC, 0xFF, 0xFF, 0xC6, 0x00, 0x00, 0x00, 0x00, 0x00, 0x00, 0x00, 0x00, 0x00, 0x00, 
0x00, 0x00, 0x00, 0x02, 0xE2, 0xFF, 0xFF, 0xA9, 0x00, 0x28, 0xFF, 0xFF, 0xFF, 0x80, 0x00, 0x00, 
0x00, 0x00, 0x00, 0x00, 0x00, 0x00, 0x00, 0x00, 0x00, 0x00, 0x00, 0x00, 0x98, 0xFF, 0xFF, 0xFE, 
0x26, 0x76, 0xFF, 0xFF, 0xFF, 0x4B, 0x00, 0x00, 0x00, 0x00, 0x00, 0x00, 0x00, 0x00, 0x00, 0x00, 
0x00, 0x00, 0x00, 0x00, 0x5B, 0xFF, 0xFF, 0xFF, 0x72, 0xBD, 0xFF, 0xFF, 0xFF, 0x24, 0x00, 0x00, 
0x00, 0x00, 0x00, 0x00, 0x00, 0x00, 0x00, 0x00, 0x00, 0x00, 0x00, 0x00, 0x34, 0xFF, 0xFF, 0xFF, 
0xB8, 0xDD, 0xFF, 0xFF, 0xFF, 0x14, 0x00, 0x00, 0x00, 0x00, 0x00, 0x00, 0x00, 0x00, 0x00, 0x00, 
0x00, 0x00, 0x00, 0x00, 0x16, 0xFF, 0xFF, 0xFF, 0xDA, 0xF3, 0xFF, 0xFF, 0xFF, 0x05, 0x00, 0x00, 
0x00, 0x00, 0x00, 0x00, 0x00, 0x00, 0x00, 0x00, 0x00, 0x00, 0x00, 0x00, 0x0A, 0xFF, 0xFF, 0xFF, 
0xF0, 0xFA, 0xFF, 0xFF, 0xFF, 0x09, 0x00, 0x00, 0x00, 0x00, 0x00, 0x00, 0x00, 0x00, 0x00, 0x00, 
0x00, 0x00, 0x00, 0x00, 0x04, 0xFF, 0xFF, 0xFF, 0xF8, 0xED, 0xFF, 0xFF, 0xFF, 0x18, 0x00, 0x00, 
0x00, 0x00, 0x00, 0x00, 0x00, 0x00, 0x00, 0x00, 0x00, 0x00, 0x00, 0x00, 0x12, 0xFF, 0xFF, 0xFF, 
0xE5, 0xCB, 0xFF, 0xFF, 0xFF, 0x2B, 0x00, 0x00, 0x00, 0x00, 0x00, 0x00, 0x00, 0x00, 0x00, 0x00, 
0x00, 0x00, 0x00, 0x00, 0x21, 0xFF, 0xFF, 0xFF, 0xC5, 0x97, 0xFF, 0xFF, 0xFF, 0x5B, 0x00, 0x00, 
0x00, 0x00, 0x00, 0x00, 0x00, 0x00, 0x00, 0x00, 0x00, 0x00, 0x00, 0x00, 0x46, 0xFF, 0xFF, 0xFF, 
0x88, 0x4B, 0xFF, 0xFF, 0xFF, 0x91, 0x00, 0x00, 0x00, 0x00, 0x00, 0x00, 0x00, 0x00, 0x00, 0x00, 
0x00, 0x00, 0x00, 0x00, 0x7C, 0xFF, 0xFF, 0xFF, 0x39, 0x03, 0xDE, 0xFF, 0xFF, 0xE1, 0x02, 0x00, 
0x00, 0x00, 0x00, 0x00, 0x00, 0x00, 0x00, 0x00, 0x00, 0x00, 0x00, 0x00, 0xC3, 0xFF, 0xFF, 0xCB, 
0x00, 0x00, 0x58, 0xFF, 0xFF, 0xFF, 0x4A, 0x00, 0x00, 0x00, 0x00, 0x00, 0x00, 0x00, 0x00, 0x00, 
0x00, 0x00, 0x00, 0x2B, 0xFF, 0xFF, 0xFE, 0x40, 0x00, 0x00, 0x00, 0xA9, 0xFF, 0xFF, 0xD2, 0x06, 
0x00, 0x00, 0x00, 0x00, 0x00, 0x00, 0x00, 0x00, 0x00, 0x00, 0x00, 0xB3, 0xFF, 0xFF, 0x93, 0x00, 
0x00, 0x00, 0x00, 0x0B, 0xC3, 0xFF, 0xFF, 0x8C, 0x00, 0x00, 0x00, 0x00, 0x00, 0x00, 0x00, 0x00, 
0x00, 0x00, 0x6D, 0xFF, 0xFF, 0xB4, 0x04, 0x00, 0x00, 0x00, 0x00, 0x00, 0x0B, 0xAA, 0xFF, 0xFF, 
0x8A, 0x05, 0x00, 0x00, 0x00, 0x00, 0x00, 0x00, 0x03, 0x79, 0xFE, 0xFF, 0xA4, 0x09, 0x00, 0x00, 
0x00, 0x00, 0x00, 0x00, 0x00, 0x00, 0x5C, 0xE2, 0xFF, 0xD7, 0x6B, 0x26, 0x0A, 0x0C, 0x28, 0x6B, 
0xD3, 0xFF, 0xE9, 0x64, 0x00, 0x00, 0x00, 0x00, 0x00, 0x00, 0x00, 0x00, 0x00, 0x00, 0x00, 0x06, 
0x62, 0xCD, 0xFF, 0xFF, 0xFF, 0xFF, 0xFF, 0xFF, 0xD1, 0x73, 0x0E, 0x00, 0x00, 0x00, 0x00, 0x00, 
0x00, 0x00, 0x00, 0x00, 0x00, 0x00, 0x00, 0x00, 0x00, 0x00, 0x72, 0xFE, 0xFF, 0xFF, 0xFF, 0xFF, 
0x57, 0x00, 0x00, 0x00, 0x00, 0x00, 0x00, 0x00, 0x00, 0x00, 0x00, 0x00, 0x00, 0x00, 0x00, 0x00, 
0x00, 0x00, 0x00, 0x57, 0xF7, 0xFF, 0xFF, 0xFF, 0xED, 0x1F, 0x00, 0x00, 0x00, 0x00, 0x00, 0x00, 
0x00, 0x00, 0x00, 0x00, 0x00, 0x00, 0x00, 0x00, 0x00, 0x00, 0x00, 0x00, 0x2B, 0xD2, 0xFF, 0xFF, 
0xFF, 0xD2, 0x10, 0x00, 0x00, 0x00, 0x00, 0x00, 0x00, 0x00, 0x00, 0x00, 0x00, 0x00, 0x00, 0x00, 
0x00, 0x00, 0x00, 0x00, 0x00, 0x07, 0x88, 0xF8, 0xFF, 0xFF, 0xCE, 0x1A, 0x00, 0x00, 0x00, 0x00, 
0x00, 0x00, 0x00, 0x00, 0x00, 0x00, 0x00, 0x00, 0x00, 0x00, 0x00, 0x00, 0x00, 0x00, 0x00, 0x20, 
0xA7, 0xFE, 0xFF, 0xEA, 0x5A, 0x01, 0x00, 0x00, 0x00, 0x00, 0x00, 0x00, 0x00, 0x00, 0x00, 0x00, 
0x00, 0x00, 0x00, 0x00, 0x00, 0x00, 0x00, 0x00, 0x00, 0x22, 0x87, 0xE7, 0xFF, 0xD8, 0x7A, 0x38, 
0x10, 0x00, 0x00, 0x00, 0x00, 0x00, 0x00, 0x00, 0x00, 0x00, 0x00, 0x00, 0x00, 0x00, 0x00, 0x00, 
0x00, 0x00, 0x00, 0x03, 0x36, 0x77, 0xB2, 0xD4, 0xF1, 0xFF, 0xFF, 0xFF, 0xFF, 0xFF, 0xFF, 0xFF, 
0xFF, 0xFE, 0xF9, 0xEE, 0xDA, 0xB7, 0x7E, 0x1B, 0x00, 0x00, 0x00, 0x00, 0x00, 0x00, 0x00, 0x00, 
0x00, 0x01, 0x1F, 0xAA, 0xFF, 0xFF, 0xFF, 0xC8, 0x5A, 0x1A, 0x09, 0x2B, 0x7A, 0xED, 0xFF, 0xF8, 
0x80, 0x00, 0x00, 0x00, 0x00, 0x00, 0x00, 0x00, 0x00, 0x00, 0x00, 0x1F, 0xFF, 0xFF, 0xFF, 0x00, 
0x00, 0x00, 0x00, 0x00, 0x00, 0x1D, 0xD8, 0xFF, 0xFF, 0x91, 0x00, 0x00, 0x00, 0x00, 0x00, 0x00, 
0x00, 0x00, 0x00, 0x04, 0xFF, 0xFF, 0xFF, 0x00, 0x00, 0x00, 0x00, 0x00, 0x00, 0x00, 0x2A, 0xFC, 
0xFF, 0xFF, 0x49, 0x00, 0x00, 0x00, 0x00, 0x00, 0x00, 0x00, 0x00, 0x00, 0xFF, 0xFF, 0xFF, 0x00, 
0x00, 0x00, 0x00, 0x00, 0x00, 0x00, 0x00, 0xAF, 0xFF, 0xFF, 0xB6, 0x00, 0x00, 0x00, 0x00, 0x00, 
0x00, 0x00, 0x00, 0x00, 0xFF, 0xFF, 0xFF, 0x00, 0x00, 0x00, 0x00, 0x00, 0x00, 0x00, 0x00, 0x75, 
0xFF, 0xFF, 0xED, 0x00, 0x00, 0x00, 0x00, 0x00, 0x00, 0x00, 0x00, 0x00, 0xFF, 0xFF, 0xFF, 0x00, 
0x00, 0x00, 0x00, 0x00, 0x00, 0x00, 0x00, 0x65, 0xFF, 0xFF, 0xFA, 0x00, 0x00, 0x00, 0x00, 0x00, 
0x00, 0x00, 0x00, 0x00, 0xFF, 0xFF, 0xFF, 0x00, 0x00, 0x00, 0x00, 0x00, 0x00, 0x00, 0x00, 0x79, 
0xFF, 0xFF, 0xE0, 0x00, 0x00, 0x00, 0x00, 0x00, 0x00, 0x00, 0x00, 0x00, 0xFF, 0xFF, 0xFF, 0x00, 
0x00, 0x00, 0x00, 0x00, 0x00, 0x00, 0x00, 0xB5, 0xFF, 0xFF, 0x99, 0x00, 0x00, 0x00, 0x00, 0x00, 
0x00, 0x00, 0x00, 0x00, 0xFF, 0xFF, 0xFF, 0x00, 0x00, 0x00, 0x00, 0x00, 0x00, 0x00, 0x29, 0xFD, 
0xFF, 0xF6, 0x24, 0x00, 0x00, 0x00, 0x00, 0x00, 0x00, 0x00, 0x00, 0x00, 0xFF, 0xFF, 0xFF, 0x00, 
0x00, 0x00, 0x00, 0x00, 0x00, 0x1A, 0xD1, 0xFF, 0xFB, 0x56, 0x00, 0x00, 0x00, 0x00, 0x00, 0x00, 
0x00, 0x00, 0x00, 0x00, 0xFF, 0xFF, 0xFF, 0x00, 0x01, 0x0C, 0x20, 0x4B, 0x91, 0xEE, 0xFF, 0xCE, 
0x3A, 0x00, 0x00, 0x00, 0x00, 0x00, 0x00, 0x00, 0x00, 0x00, 0x00, 0x00, 0xFF, 0xFF, 0xFF, 0xFD, 
0xFF, 0xFF, 0xFF, 0xFF, 0xFF, 0xA1, 0x3C, 0x00, 0x00, 0x00, 0x00, 0x00, 0x00, 0x00, 0x00, 0x00, 
0x00, 0x00, 0x00, 0x00, 0xFF, 0xFF, 0xFF, 0x05, 0x07, 0x04, 0x76, 0xFF, 0xFF, 0xC1, 0x03, 0x00, 
0x00, 0x00, 0x00, 0x00, 0x00, 0x00, 0x00, 0x00, 0x00, 0x00, 0x00, 0x00, 0xFF, 0xFF, 0xFF, 0x00, 
0x00, 0x00, 0x02, 0xBE, 0xFF, 0xFF, 0x80, 0x00, 0x00, 0x00, 0x00, 0x00, 0x00, 0x00, 0x00, 0x00, 
0x00, 0x00, 0x00, 0x00, 0xFF, 0xFF, 0xFF, 0x00, 0x00, 0x00, 0x00, 0x1C, 0xEE, 0xFF, 0xFC, 0x3F, 
0x00, 0x00, 0x00, 0x00, 0x00, 0x00, 0x00, 0x00, 0x00, 0x00, 0x00, 0x00, 0xFF, 0xFF, 0xFF, 0x00, 
0x00, 0x00, 0x00, 0x00, 0x55, 0xFF, 0xFF, 0xE4, 0x13, 0x00, 0x00, 0x00, 0x00, 0x00, 0x00, 0x00, 
0x00, 0x00, 0x00, 0x00, 0xFF, 0xFF, 0xFF, 0x00, 0x00, 0x00, 0x00, 0x00, 0x00, 0xA0, 0xFF, 0xFF, 
0xB2, 0x00, 0x00, 0x00, 0x00, 0x00, 0x00, 0x00, 0x00, 0x00, 0x00, 0x00, 0xFF, 0xFF, 0xFF, 0x00, 
0x00, 0x00, 0x00, 0x00, 0x00, 0x0D, 0xDD, 0xFF, 0xFF, 0x6F, 0x00, 0x00, 0x00, 0x00, 0x00, 0x00, 
0x00, 0x00, 0x00, 0x00, 0xFF, 0xFF, 0xFF, 0x00, 0x00, 0x00, 0x00, 0x00, 0x00, 0x00, 0x39, 0xFC, 
0xFF, 0xF9, 0x38, 0x00, 0x00, 0x00, 0x00, 0x00, 0x00, 0x00, 0x00, 0x04, 0xFF, 0xFF, 0xFF, 0x04, 
0x00, 0x00, 0x00, 0x00, 0x00, 0x00, 0x00, 0x7F, 0xFF, 0xFF, 0xE9, 0x26, 0x00, 0x00, 0x00, 0x00, 
0x00, 0x00, 0x00, 0x1E, 0xFF, 0xFF, 0xFF, 0x1F, 0x00, 0x00, 0x00, 0x00, 0x00, 0x00, 0x00, 0x03, 
0xC6, 0xFF, 0xFF, 0xE6, 0x35, 0x00, 0x00, 0x00, 0x00, 0x01, 0x21, 0xB1, 0xFF, 0xFF, 0xFF, 0xA9, 
0x1D, 0x00, 0x00, 0x00, 0x00, 0x00, 0x00, 0x00, 0x22, 0xF2, 0xFF, 0xFF, 0xFB, 0xA6, 0x4C, 0x1C, 
0x00, 0xFF, 0xFF, 0xFF, 0xFF, 0xFF, 0xFF, 0xFF, 0xFF, 0xFF, 0x00, 0x00, 0x00, 0x00, 0x00, 0x00, 
0x00, 0x5F, 0xFF, 0xFF, 0xFF, 0xFF, 0xFF, 0xFF, 0x24, 0x00, 0x00, 0x06, 0x6C, 0xC6, 0xF0, 0xF6, 
0xDD, 0xA8, 0x61, 0x16, 0x46, 0xFF, 0x00, 0x00, 0x00, 0x18, 0xCC, 0xFF, 0xAC, 0x2A, 0x08, 0x29, 
0x8B, 0xF7, 0xFF, 0xFF, 0xFF, 0x00, 0x00, 0x05, 0xC9, 0xFF, 0xBD, 0x01, 0x00, 0x00, 0x00, 0x00, 
0x3A, 0xEE, 0xFF, 0xFF, 0x00, 0x00, 0x69, 0xFF, 0xFF, 0x3A, 0x00, 0x00, 0x00, 0x00, 0x00, 0x00, 
0x5C, 0xFF, 0xFF, 0x00, 0x00, 0xC6, 0xFF, 0xFF, 0x0C, 0x00, 0x00, 0x00, 0x00, 0x00, 0x00, 0x00, 
0xD4, 0xFF, 0x00, 0x00, 0xF3, 0xFF, 0xFF, 0x29, 0x00, 0x00, 0x00, 0x00, 0x00, 0x00, 0x00, 0x7C, 
0xFF, 0x00, 0x00, 0xF3, 0xFF, 0xFF, 0xA7, 0x00, 0x00, 0x00, 0x00, 0x00, 0x00, 0x00, 0x42, 0xFF, 
0x00, 0x00, 0xCC, 0xFF, 0xFF, 0xFF, 0x91, 0x03, 0x00, 0x00, 0x00, 0x00, 0x00, 0x16, 0xFF, 0x00, 
0x00, 0x6E, 0xFF, 0xFF, 0xFF, 0xFF, 0xC1, 0x20, 0x00, 0x00, 0x00, 0x00, 0x00, 0x00, 0x00, 0x00, 
0x05, 0xC9, 0xFF, 0xFF, 0xFF, 0xFF, 0xF3, 0x72, 0x04, 0x00, 0x00, 0x00, 0x00, 0x00, 0x00, 0x00, 
0x14, 0xCC, 0xFF, 0xFF, 0xFF, 0xFF, 0xFF, 0xD2, 0x3E, 0x00, 0x00, 0x00, 0x00, 0x00, 0x00, 0x00, 
0x0A, 0x95, 0xFE, 0xFF, 0xFF, 0xFF, 0xFF, 0xFF, 0x9F, 0x11, 0x00, 0x00, 0x00, 0x00, 0x00, 0x00, 
0x00, 0x3E, 0xD7, 0xFF, 0xFF, 0xFF, 0xFF, 0xFF, 0xE6, 0x42, 0x00, 0x00, 0x00, 0x00, 0x00, 0x00, 
0x00, 0x05, 0x76, 0xF3, 0xFF, 0xFF, 0xFF, 0xFF, 0xFA, 0x50, 0x00, 0x00, 0x00, 0x00, 0x00, 0x00, 
0x00, 0x00, 0x1A, 0xA7, 0xFF, 0xFF, 0xFF, 0xFF, 0xF2, 0x1D, 0x00, 0x00, 0x00, 0x00, 0x00, 0x00, 
0x00, 0x00, 0x00, 0x49, 0xEA, 0xFF, 0xFF, 0xFF, 0x90, 0xFF, 0x17, 0x00, 0x00, 0x00, 0x00, 0x00, 
0x00, 0x00, 0x00, 0x29, 0xF0, 0xFF, 0xFF, 0xDC, 0xFF, 0x4B, 0x00, 0x00, 0x00, 0x00, 0x00, 0x00, 
0x00, 0x00, 0x00, 0x70, 0xFF, 0xFF, 0xF8, 0xFF, 0x8F, 0x00, 0x00, 0x00, 0x00, 0x00, 0x00, 0x00, 
0x00, 0x00, 0x18, 0xFF, 0xFF, 0xE8, 0xFF, 0xE7, 0x07, 0x00, 0x00, 0x00, 0x00, 0x00, 0x00, 0x00, 
0x00, 0x09, 0xFF, 0xFF, 0xAD, 0xFF, 0xFF, 0x8D, 0x00, 0x00, 0x00, 0x00, 0x00, 0x00, 0x00, 0x00, 
0x47, 0xFF, 0xFF, 0x3F, 0xFF, 0xFF, 0xFF, 0x80, 0x02, 0x00, 0x00, 0x00, 0x00, 0x00, 0x0F, 0xD4, 
0xFF, 0x8E, 0x00, 0xFF, 0xFF, 0xFF, 0xFF, 0xCE, 0x61, 0x23, 0x07, 0x15, 0x58, 0xD9, 0xFE, 0x87, 
0x02, 0x00, 0xFF, 0x3E, 0x11, 0x47, 0x86, 0xC2, 0xE9, 0xF9, 0xF6, 0xD9, 0x99, 0x2D, 0x00, 0x00, 
0x00, 0xFF, 0xFF, 0xFF, 0xFF, 0xFF, 0xFF, 0xFF, 0xFF, 0xFF, 0xFF, 0xFF, 0xFF, 0xFF, 0xFF, 0xFF, 
0xFF, 0xFF, 0xFF, 0xFF, 0xFF, 0xFF, 0xAE, 0x2E, 0x0A, 0x00, 0x00, 0x00, 0xFF, 0xFF, 0xFF, 0x00, 
0x00, 0x00, 0x0B, 0x39, 0xBA, 0xFF, 0xFF, 0xFF, 0xC3, 0x03, 0x00, 0x00, 0x00, 0x00, 0x00, 0xFF, 
0xFF, 0xFF, 0x00, 0x00, 0x00, 0x00, 0x00, 0x03, 0xC9, 0xFF, 0xFF, 0x4F, 0x00, 0x00, 0x00, 0x00, 
0x00, 0x00, 0xFF, 0xFF, 0xFF, 0x00, 0x00, 0x00, 0x00, 0x00, 0x00, 0x51, 0xFF, 0xFF, 0x17, 0x00, 
0x00, 0x00, 0x00, 0x00, 0x00, 0xFF, 0xFF, 0xFF, 0x00, 0x00, 0x00, 0x00, 0x00, 0x00, 0x19, 0xFF, 
0x18, 0x00, 0x00, 0x00, 0x00, 0x00, 0x00, 0x00, 0xFF, 0xFF, 0xFF, 0x00, 0x00, 0x00, 0x00, 0x00, 
0x00, 0x00, 0x18, 0x00, 0x00, 0x00, 0x00, 0x00, 0x00, 0x00, 0x00, 0xFF, 0xFF, 0xFF, 0x00, 0x00, 
0x00, 0x00, 0x00, 0x00, 0x00, 0x00, 0x00, 0x00, 0x00, 0x00, 0x00, 0x00, 0x00, 0x00, 0xFF, 0xFF, 
0xFF, 0x00, 0x00, 0x00, 0x00, 0x00, 0x00, 0x00, 0x00, 0x00, 0x00, 0x00, 0x00, 0x00, 0x00, 0x00, 
0x00, 0xFF, 0xFF, 0xFF, 0x00, 0x00, 0x00, 0x00, 0x00, 0x00, 0x00, 0x00, 0x00, 0x00, 0x00, 0x00, 
0x00, 0x00, 0x00, 0x00, 0xFF, 0xFF, 0xFF, 0x00, 0x00, 0x00, 0x00, 0x00, 0x00, 0x00, 0x00, 0x00, 
0x00, 0x00, 0x00, 0x00, 0x00, 0x00, 0x00, 0xFF, 0xFF, 0xFF, 0x00, 0x00, 0x00, 0x00, 0x00, 0x00, 
0x00, 0x00, 0x00, 0x00, 0x00, 0x00, 0x00, 0x00, 0x00, 0x00, 0xFF, 0xFF, 0xFF, 0x00, 0x00, 0x00, 
0x00, 0x00, 0x00, 0x00, 0x00, 0x00, 0x00, 0x00, 0x00, 0x00, 0x00, 0x00, 0x00, 0xFF, 0xFF, 0xFF, 
0x00, 0x00, 0x00, 0x00, 0x00, 0x00, 0x00, 0x00, 0x00, 0x00, 0x00, 0x00, 0x00, 0x00, 0x00, 0x00, 
0xFF, 0xFF, 0xFF, 0x00, 0x00, 0x00, 0x00, 0x00, 0x00, 0x00, 0x00, 0x00, 0x00, 0x00, 0x00, 0x00, 
0x00, 0x00, 0x00, 0xFF, 0xFF, 0xFF, 0x00, 0x00, 0x00, 0x00, 0x00, 0x00, 0x00, 0x00, 0x00, 0x00, 
0x00, 0x00, 0x00, 0x00, 0x00, 0x00, 0xFF, 0xFF, 0xFF, 0x00, 0x00, 0x00, 0x00, 0x00, 0x00, 0x00, 
0x00, 0x00, 0x00, 0x00, 0x00, 0x00, 0x00, 0x00, 0x00, 0xFF, 0xFF, 0xFF, 0x00, 0x00, 0x00, 0x00, 
0x00, 0x00, 0x00, 0x00, 0x00, 0x00, 0x00, 0x00, 0x00, 0x00, 0x00, 0x00, 0xFF, 0xFF, 0xFF, 0x00, 
0x00, 0x00, 0x00, 0x00, 0x00, 0x00, 0x00, 0x00, 0x00, 0x00, 0x00, 0x00, 0x00, 0x00, 0x00, 0xFF, 
0xFF, 0xFF, 0x00, 0x00, 0x00, 0x00, 0x00, 0x00, 0x00, 0x00, 0x00, 0x00, 0x00, 0x00, 0x00, 0x00, 
0x00, 0x00, 0xFF, 0xFF, 0xFF, 0x00, 0x00, 0x00, 0x00, 0x00, 0x00, 0x00, 0x00, 0x00, 0x00, 0x00, 
0x00, 0x00, 0x00, 0x00, 0x04, 0xFF, 0xFF, 0xFF, 0x03, 0x00, 0x00, 0x00, 0x00, 0x00, 0x00, 0x00, 
0x00, 0x00, 0x00, 0x00, 0x00, 0x00, 0x00, 0x1E, 0xFF, 0xFF, 0xFF, 0x1D, 0x00, 0x00, 0x00, 0x00, 
0x00, 0x00, 0x00, 0x00, 0x00, 0x00, 0x00, 0x00, 0x01, 0x21, 0xAD, 0xFF, 0xFF, 0xFF, 0xA6, 0x1E, 
0x01, 0x00, 0x00, 0x00, 0x00, 0x00, 0x00, 0x00, 0x00, 0x00, 0x00, 0xFF, 0xFF, 0xFF, 0xFF, 0xFF, 
0xFF, 0xFF, 0xFF, 0xFF, 0x00, 0x00, 0x00, 0x00, 0x00, 0xFF, 0xFF, 0xFF, 0xFF, 0xFF, 0xFF, 0xFF, 
0xFF, 0xFF, 0x00, 0x00, 0x00, 0x00, 0x00, 0x00, 0x00, 0x00, 0xFF, 0xFF, 0xFF, 0xFF, 0xFF, 0xFF, 
0xFF, 0xFF, 0x01, 0x1D, 0xAD, 0xFF, 0xFF, 0xFF, 0xB1, 0x21, 0x00, 0x00, 0x00, 0x00, 0x00, 0x00, 
0x00, 0x00, 0x00, 0x01, 0x1F, 0xAA, 0xFF, 0xFF, 0xC4, 0x2A, 0x01, 0x00, 0x00, 0x26, 0xFF, 0xFF, 
0xFF, 0x21, 0x00, 0x00, 0x00, 0x00, 0x00, 0x00, 0x00, 0x00, 0x00, 0x00, 0x00, 0x00, 0x1F, 0xFF, 
0xFF, 0x23, 0x00, 0x00, 0x00, 0x00, 0x05, 0xFF, 0xFF, 0xFF, 0x04, 0x00, 0x00, 0x00, 0x00, 0x00, 
0x00, 0x00, 0x00, 0x00, 0x00, 0x00, 0x00, 0x04, 0xFF, 0xFF, 0x04, 0x00, 0x00, 0x00, 0x00, 0x00, 
0xFF, 0xFF, 0xFF, 0x00, 0x00, 0x00, 0x00, 0x00, 0x00, 0x00, 0x00, 0x00, 0x00, 0x00, 0x00, 0x00, 
0x00, 0xFF, 0xFF, 0x00, 0x00, 0x00, 0x00, 0x00, 0x00, 0xFF, 0xFF, 0xFF, 0x00, 0x00, 0x00, 0x00, 
0x00, 0x00, 0x00, 0x00, 0x00, 0x00, 0x00, 0x00, 0x00, 0x00, 0xFF, 0xFF, 0x00, 0x00, 0x00, 0x00, 
0x00, 0x00, 0xFF, 0xFF, 0xFF, 0x00, 0x00, 0x00, 0x00, 0x00, 0x00, 0x00, 0x00, 0x00, 0x00, 0x00, 
0x00, 0x00, 0x00, 0xFF, 0xFF, 0x00, 0x00, 0x00, 0x00, 0x00, 0x00, 0xFF, 0xFF, 0xFF, 0x00, 0x00, 
0x00, 0x00, 0x00, 0x00, 0x00, 0x00, 0x00, 0x00, 0x00, 0x00, 0x00, 0x00, 0xFF, 0xFF, 0x00, 0x00, 
0x00, 0x00, 0x00, 0x00, 0xFF, 0xFF, 0xFF, 0x00, 0x00, 0x00, 0x00, 0x00, 0x00, 0x00, 0x00, 0x00, 
0x00, 0x00, 0x00, 0x00, 0x00, 0xFF, 0xFF, 0x00, 0x00, 0x00, 0x00, 0x00, 0x00, 0xFF, 0xFF, 0xFF, 
0x00, 0x00, 0x00, 0x00, 0x00, 0x00, 0x00, 0x00, 0x00, 0x00, 0x00, 0x00, 0x00, 0x00, 0xFF, 0xFF, 
0x00, 0x00, 0x00, 0x00, 0x00, 0x00, 0xFF, 0xFF, 0xFF, 0x00, 0x00, 0x00, 0x00, 0x00, 0x00, 0x00, 
0x00, 0x00, 0x00, 0x00, 0x00, 0x00, 0x00, 0xFF, 0xFF, 0x00, 0x00, 0x00, 0x00, 0x00, 0x00, 0xFF, 
0xFF, 0xFF, 0x00, 0x00, 0x00, 0x00, 0x00, 0x00, 0x00, 0x00, 0x00, 0x00, 0x00, 0x00, 0x00, 0x00, 
0xFF, 0xFF, 0x00, 0x00, 0x00, 0x00, 0x00, 0x00, 0xFF, 0xFF, 0xFF, 0x00, 0x00, 0x00, 0x00, 0x00, 
0x00, 0x00, 0x00, 0x00, 0x00, 0x00, 0x00, 0x00, 0x00, 0xFF, 0xFF, 0x00, 0x00, 0x00, 0x00, 0x00, 
0x00, 0xFE, 0xFF, 0xFF, 0x00, 0x00, 0x00, 0x00, 0x00, 0x00, 0x00, 0x00, 0x00, 0x00, 0x00, 0x00, 
0x00, 0x00, 0xFF, 0xFF, 0x00, 0x00, 0x00, 0x00, 0x00, 0x00, 0xFA, 0xFF, 0xFF, 0x00, 0x00, 0x00, 
0x00, 0x00, 0x00, 0x00, 0x00, 0x00, 0x00, 0x00, 0x00, 0x00, 0x05, 0xFF, 0xF9, 0x00, 0x00, 0x00, 
0x00, 0x00, 0x00, 0xF1, 0xFF, 0xFF, 0x09, 0x00, 0x00, 0x00, 0x00, 0x00, 0x00, 0x00, 0x00, 0x00, 
0x00, 0x00, 0x00, 0x0C, 0xFF, 0xEF, 0x00, 0x00, 0x00, 0x00, 0x00, 0x00, 0xE0, 0xFF, 0xFF, 0x1C, 
0x00, 0x00, 0x00, 0x00, 0x00, 0x00, 0x00, 0x00, 0x00, 0x00, 0x00, 0x00, 0x20, 0xFF, 0xD8, 0x00, 
0x00, 0x00, 0x00, 0x00, 0x00, 0xC3, 0xFF, 0xFF, 0x3A, 0x00, 0x00, 0x00, 0x00, 0x00, 0x00, 0x00, 
0x00, 0x00, 0x00, 0x00, 0x00, 0x3E, 0xFF, 0xB2, 0x00, 0x00, 0x00, 0x00, 0x00, 0x00, 0x91, 0xFF, 
0xFF, 0x6B, 0x00, 0x00, 0x00, 0x00, 0x00, 0x00, 0x00, 0x00, 0x00, 0x00, 0x00, 0x00, 0x73, 0xFF, 
0x78, 0x00, 0x00, 0x00, 0x00, 0x00, 0x00, 0x36, 0xFF, 0xFF, 0xB0, 0x00, 0x00, 0x00, 0x00, 0x00, 
0x00, 0x00, 0x00, 0x00, 0x00, 0x00, 0x01, 0xCF, 0xFC, 0x22, 0x00, 0x00, 0x00, 0x00, 0x00, 0x00, 
0x00, 0xA8, 0xFF, 0xFD, 0x2D, 0x00, 0x00, 0x00, 0x00, 0x00, 0x00, 0x00, 0x00, 0x00, 0x00, 0x79, 
0xFF, 0x91, 0x00, 0x00, 0x00, 0x00, 0x00, 0x00, 0x00, 0x00, 0x0F, 0xCC, 0xFF, 0xE0, 0x27, 0x00, 
0x00, 0x00, 0x00, 0x00, 0x00, 0x00, 0x09, 0x8F, 0xFF, 0xB4, 0x06, 0x00, 0x00, 0x00, 0x00, 0x00, 
0x00, 0x00, 0x00, 0x00, 0x0C, 0x9D, 0xFD, 0xF7, 0x8F, 0x3A, 0x15, 0x04, 0x11, 0x3B, 0x84, 0xE8, 
0xF7, 0x81, 0x03, 0x00, 0x00, 0x00, 0x00, 0x00, 0x00, 0x00, 0x00, 0x00, 0x00, 0x00, 0x00, 0x28, 
0x7F, 0xBA, 0xE1, 0xF4, 0xFD, 0xF5, 0xE1, 0xB6, 0x73, 0x1A, 0x00, 0x00, 0x00, 0x00, 0x00, 0x00, 
0x00, 0x94, 0xFF, 0xFF, 0xFF, 0xFF, 0xFF, 0xFF, 0xFF, 0xFF, 0xD4, 0x00, 0x00, 0x00, 0x00, 0x00, 
0x00, 0x00, 0x00, 0xB4, 0xFF, 0xFF, 0xFF, 0xFF, 0xFF, 0xFF, 0xF0, 0x06, 0x2E, 0xA1, 0xFF, 0xFF, 
0xFF, 0xFF, 0xBF, 0x39, 0x0A, 0x00, 0x00, 0x00, 0x00, 0x00, 0x00, 0x00, 0x00, 0x0C, 0x4D, 0xD9, 
0xFF, 0xFF, 0xFD, 0x84, 0x20, 0x00, 0x00, 0x00, 0x8F, 0xFF, 0xFF, 0xFF, 0x3D, 0x00, 0x00, 0x00, 
0x00, 0x00, 0x00, 0x00, 0x00, 0x00, 0x00, 0x00, 0x00, 0x3F, 0xFF, 0xFF, 0x75, 0x00, 0x00, 0x00, 
0x00, 0x00, 0x12, 0xF2, 0xFF, 0xFF, 0x5B, 0x00, 0x00, 0x00, 0x00, 0x00, 0x00, 0x00, 0x00, 0x00, 
0x00, 0x00, 0x00, 0x4F, 0xFF, 0xD4, 0x01, 0x00, 0x00, 0x00, 0x00, 0x00, 0x00, 0x8B, 0xFF, 0xFF, 
0xAE, 0x00, 0x00, 0x00, 0x00, 0x00, 0x00, 0x00, 0x00, 0x00, 0x00, 0x00, 0x00, 0x9E, 0xFF, 0x5A, 
0x00, 0x00, 0x00, 0x00, 0x00, 0x00, 0x00, 0x1A, 0xF9, 0xFF, 0xFA, 0x19, 0x00, 0x00, 0x00, 0x00, 
0x00, 0x00, 0x00, 0x00, 0x00, 0x00, 0x0C, 0xF3, 0xEB, 0x06, 0x00, 0x00, 0x00, 0x00, 0x00, 0x00, 
0x00, 0x00, 0x9D, 0xFF, 0xFF, 0x89, 0x00, 0x00, 0x00, 0x00, 0x00, 0x00, 0x00, 0x00, 0x00, 0x00, 
0x65, 0xFF, 0x8C, 0x00, 0x00, 0x00, 0x00, 0x00, 0x00, 0x00, 0x00, 0x00, 0x28, 0xFD, 0xFF, 0xF1, 
0x0F, 0x00, 0x00, 0x00, 0x00, 0x00, 0x00, 0x00, 0x00, 0x00, 0xCB, 0xFF, 0x26, 0x00, 0x00, 0x00, 
0x00, 0x00, 0x00, 0x00, 0x00, 0x00, 0x00, 0xAE, 0xFF, 0xFF, 0x77, 0x00, 0x00, 0x00, 0x00, 0x00, 
0x00, 0x00, 0x00, 0x30, 0xFF, 0xC0, 0x00, 0x00, 0x00, 0x00, 0x00, 0x00, 0x00, 0x00, 0x00, 0x00, 
0x00, 0x37, 0xFF, 0xFF, 0xE7, 0x07, 0x00, 0x00, 0x00, 0x00, 0x00, 0x00, 0x00, 0x97, 0xFF, 0x5A, 
0x00, 0x00, 0x00, 0x00, 0x00, 0x00, 0x00, 0x00, 0x00, 0x00, 0x00, 0x00, 0xC0, 0xFF, 0xFF, 0x65, 
0x00, 0x00, 0x00, 0x00, 0x00, 0x00, 0x0B, 0xF1, 0xEC, 0x07, 0x00, 0x00, 0x00, 0x00, 0x00, 0x00, 
0x00, 0x00, 0x00, 0x00, 0x00, 0x00, 0x49, 0xFF, 0xFF, 0xDA, 0x02, 0x00, 0x00, 0x00, 0x00, 0x00, 
0x63, 0xFF, 0x8E, 0x00, 0x00, 0x00, 0x00, 0x00, 0x00, 0x00, 0x00, 0x00, 0x00, 0x00, 0x00, 0x00, 
0x00, 0xD1, 0xFF, 0xFF, 0x54, 0x00, 0x00, 0x00, 0x00, 0x00, 0xC9, 0xFF, 0x28, 0x00, 0x00, 0x00, 
0x00, 0x00, 0x00, 0x00, 0x00, 0x00, 0x00, 0x00, 0x00, 0x00, 0x00, 0x5B, 0xFF, 0xFF, 0xCB, 0x00, 
0x00, 0x00, 0x00, 0x2E, 0xFF, 0xC2, 0x00, 0x00, 0x00, 0x00, 0x00, 0x00, 0x00, 0x00, 0x00, 0x00, 
0x00, 0x00, 0x00, 0x00, 0x00, 0x04, 0xE0, 0xFF, 0xFF, 0x42, 0x00, 0x00, 0x00, 0x95, 0xFF, 0x5C, 
0x00, 0x00, 0x00, 0x00, 0x00, 0x00, 0x00, 0x00, 0x00, 0x00, 0x00, 0x00, 0x00, 0x00, 0x00, 0x00, 
0x6D, 0xFF, 0xFF, 0xB9, 0x00, 0x00, 0x0A, 0xF0, 0xEE, 0x08, 0x00, 0x00, 0x00, 0x00, 0x00, 0x00, 
0x00, 0x00, 0x00, 0x00, 0x00, 0x00, 0x00, 0x00, 0x00, 0x00, 0x0A, 0xEB, 0xFF, 0xFF, 0x31, 0x00, 
0x61, 0xFF, 0x90, 0x00, 0x00, 0x00, 0x00, 0x00, 0x00, 0x00, 0x00, 0x00, 0x00, 0x00, 0x00, 0x00, 
0x00, 0x00, 0x00, 0x00, 0x00, 0x7E, 0xFF, 0xFF, 0xA7, 0x00, 0xC8, 0xFF, 0x2A, 0x00, 0x00, 0x00, 
0x00, 0x00, 0x00, 0x00, 0x00, 0x00, 0x00, 0x00, 0x00, 0x00, 0x00, 0x00, 0x00, 0x00, 0x00, 0x12, 
0xF4, 0xFF, 0xFC, 0x4F, 0xFF, 0xC4, 0x00, 0x00, 0x00, 0x00, 0x00, 0x00, 0x00, 0x00, 0x00, 0x00, 
0x00, 0x00, 0x00, 0x00, 0x00, 0x00, 0x00, 0x00, 0x00, 0x00, 0x90, 0xFF, 0xFF, 0xF5, 0xFF, 0x5E, 
0x00, 0x00, 0x00, 0x00, 0x00, 0x00, 0x00, 0x00, 0x00, 0x00, 0x00, 0x00, 0x00, 0x00, 0x00, 0x00, 
0x00, 0x00, 0x00, 0x00, 0x1E, 0xFB, 0xFF, 0xFF, 0xEF, 0x09, 0x00, 0x00, 0x00, 0x00, 0x00, 0x00, 
0x00, 0x00, 0x00, 0x00, 0x00, 0x00, 0x00, 0x00, 0x00, 0x00, 0x00, 0x00, 0x00, 0x00, 0x00, 0xA2, 
0xFF, 0xFF, 0x92, 0x00, 0x00, 0x00, 0x00, 0x00, 0x00, 0x00, 0x00, 0x00, 0x00, 0x00, 0x00, 0x00, 
0x00, 0x00, 0x00, 0x00, 0x00, 0x00, 0x00, 0x00, 0x00, 0x2C, 0xFE, 0xFF, 0x2C, 0x00, 0x00, 0x00, 
0x00, 0x00, 0x00, 0x00, 0x00, 0x00, 0x00, 0x00, 0x00, 0x00, 0x00, 0x00, 0x00, 0x00, 0x00, 0x00, 
0x00, 0x00, 0x00, 0x00, 0xB4, 0xC6, 0x00, 0x00, 0x00, 0x00, 0x00, 0x00, 0x00, 0x00, 0x00, 0x00, 
0x00, 0xD4, 0xFF, 0xFF, 0xFF, 0xFF, 0xFF, 0xFF, 0xFF, 0x90, 0x00, 0x00, 0x34, 0xFF, 0xFF, 0xFF, 
0xFF, 0xFF, 0xFF, 0xFF, 0xFF, 0xDC, 0x00, 0x00, 0x00, 0x00, 0x8C, 0xFF, 0xFF, 0xFF, 0xFF, 0xFF, 
0xFF, 0xBC, 0x07, 0x37, 0xD1, 0xFF, 0xFF, 0xFF, 0xB0, 0x1A, 0x00, 0x00, 0x00, 0x00, 0x0C, 0x6C, 
0xF8, 0xFF, 0xFF, 0xFF, 0xBE, 0x1E, 0x00, 0x00, 0x00, 0x00, 0x00, 0x02, 0x16, 0x78, 0xFF, 0xFF, 
0xDC, 0x3C, 0x06, 0x00, 0x00, 0x25, 0xFD, 0xFF, 0xFF, 0x46, 0x00, 0x00, 0x00, 0x00, 0x00, 0x00, 
0x00, 0x70, 0xFF, 0xFF, 0xFF, 0x5C, 0x00, 0x00, 0x00, 0x00, 0x00, 0x00, 0x00, 0x00, 0x00, 0xF1, 
0xFB, 0x2B, 0x00, 0x00, 0x00, 0x00, 0x00, 0xB8, 0xFF, 0xFF, 0x72, 0x00, 0x00, 0x00, 0x00, 0x00, 
0x00, 0x00, 0x05, 0xDE, 0xFF, 0xFF, 0x7A, 0x00, 0x00, 0x00, 0x00, 0x00, 0x00, 0x00, 0x00, 0x1F, 
0xFF, 0xAB, 0x00, 0x00, 0x00, 0x00, 0x00, 0x00, 0x57, 0xFF, 0xFF, 0xBF, 0x00, 0x00, 0x00, 0x00, 
0x00, 0x00, 0x00, 0x00, 0x7D, 0xFF, 0xFF, 0xC1, 0x00, 0x00, 0x00, 0x00, 0x00, 0x00, 0x00, 0x00, 
0x72, 0xFF, 0x4C, 0x00, 0x00, 0x00, 0x00, 0x00, 0x00, 0x0A, 0xF4, 0xFF, 0xFD, 0x18, 0x00, 0x00, 
0x00, 0x00, 0x00, 0x00, 0x00, 0x20, 0xFE, 0xFF, 0xFD, 0x1B, 0x00, 0x00, 0x00, 0x00, 0x00, 0x00, 
0x00, 0xC6, 0xF2, 0x06, 0x00, 0x00, 0x00, 0x00, 0x00, 0x00, 0x00, 0xA9, 0xFF, 0xFF, 0x6B, 0x00, 
0x00, 0x00, 0x00, 0x00, 0x00, 0x00, 0x00, 0xD8, 0xFF, 0xFF, 0x76, 0x00, 0x00, 0x00, 0x00, 0x00, 
0x00, 0x0C, 0xFB, 0xB5, 0x00, 0x00, 0x00, 0x00, 0x00, 0x00, 0x00, 0x00, 0x54, 0xFF, 0xFF, 0xC2, 
0x00, 0x00, 0x00, 0x00, 0x00, 0x00, 0x00, 0x23, 0xFE, 0xFF, 0xFF, 0xD5, 0x00, 0x00, 0x00, 0x00, 
0x00, 0x00, 0x49, 0xFF, 0x74, 0x00, 0x00, 0x00, 0x00, 0x00, 0x00, 0x00, 0x00, 0x09, 0xF4, 0xFF, 
0xFE, 0x1A, 0x00, 0x00, 0x00, 0x00, 0x00, 0x00, 0x87, 0xFF, 0xFF, 0xFF, 0xFF, 0x33, 0x00, 0x00, 
0x00, 0x00, 0x00, 0x8A, 0xFF, 0x32, 0x00, 0x00, 0x00, 0x00, 0x00, 0x00, 0x00, 0x00, 0x00, 0xA9, 
0xFF, 0xFF, 0x6F, 0x00, 0x00, 0x00, 0x00, 0x00, 0x04, 0xE7, 0xE5, 0xA9, 0xFF, 0xFF, 0x91, 0x00, 
0x00, 0x00, 0x00, 0x00, 0xCB, 0xEE, 0x02, 0x00, 0x00, 0x00, 0x00, 0x00, 0x00, 0x00, 0x00, 0x00, 
0x53, 0xFF, 0xFF, 0xC6, 0x00, 0x00, 0x00, 0x00, 0x00, 0x52, 0xFF, 0x84, 0x47, 0xFF, 0xFF, 0xEB, 
0x05, 0x00, 0x00, 0x00, 0x0F, 0xFC, 0xAF, 0x00, 0x00, 0x00, 0x00, 0x00, 0x00, 0x00, 0x00, 0x00, 
0x00, 0x09, 0xF4, 0xFF, 0xFE, 0x1E, 0x00, 0x00, 0x00, 0x00, 0xB7, 0xFE, 0x20, 0x02, 0xE5, 0xFF, 
0xFF, 0x4E, 0x00, 0x00, 0x00, 0x4D, 0xFF, 0x6D, 0x00, 0x00, 0x00, 0x00, 0x00, 0x00, 0x00, 0x00, 
0x00, 0x00, 0x00, 0xA8, 0xFF, 0xFF, 0x73, 0x00, 0x00, 0x00, 0x1E, 0xFD, 0xB9, 0x00, 0x00, 0x89, 
0xFF, 0xFF, 0xAD, 0x00, 0x00, 0x00, 0x8E, 0xFF, 0x2B, 0x00, 0x00, 0x00, 0x00, 0x00, 0x00, 0x00, 
0x00, 0x00, 0x00, 0x00, 0x52, 0xFF, 0xFF, 0xCA, 0x00, 0x00, 0x00, 0x81, 0xFF, 0x54, 0x00, 0x00, 
0x2A, 0xFF, 0xFF, 0xF9, 0x12, 0x00, 0x00, 0xCF, 0xE9, 0x00, 0x00, 0x00, 0x00, 0x00, 0x00, 0x00, 
0x00, 0x00, 0x00, 0x00, 0x00, 0x09, 0xF3, 0xFF, 0xFF, 0x21, 0x00, 0x03, 0xE3, 0xEA, 0x05, 0x00, 
0x00, 0x00, 0xCC, 0xFF, 0xFF, 0x69, 0x00, 0x12, 0xFE, 0xA8, 0x00, 0x00, 0x00, 0x00, 0x00, 0x00, 
0x00, 0x00, 0x00, 0x00, 0x00, 0x00, 0x00, 0xA7, 0xFF, 0xFF, 0x77, 0x00, 0x4C, 0xFF, 0x8A, 0x00, 
0x00, 0x00, 0x00, 0x6D, 0xFF, 0xFF, 0xC8, 0x00, 0x52, 0xFF, 0x66, 0x00, 0x00, 0x00, 0x00, 0x00, 
0x00, 0x00, 0x00, 0x00, 0x00, 0x00, 0x00, 0x00, 0x52, 0xFF, 0xFF, 0xCE, 0x00, 0xB1, 0xFF, 0x26, 
0x00, 0x00, 0x00, 0x00, 0x14, 0xFA, 0xFF, 0xFF, 0x26, 0x93, 0xFF, 0x24, 0x00, 0x00, 0x00, 0x00, 
0x00, 0x00, 0x00, 0x00, 0x00, 0x00, 0x00, 0x00, 0x00, 0x08, 0xF3, 0xFF, 0xFF, 0x3F, 0xFC, 0xC0, 
0x00, 0x00, 0x00, 0x00, 0x00, 0x00, 0xB0, 0xFF, 0xFF, 0x84, 0xD4, 0xE2, 0x00, 0x00, 0x00, 0x00, 
0x00, 0x00, 0x00, 0x00, 0x00, 0x00, 0x00, 0x00, 0x00, 0x00, 0x00, 0xA7, 0xFF, 0xFF, 0xE3, 0xFF, 
0x5B, 0x00, 0x00, 0x00, 0x00, 0x00, 0x00, 0x51, 0xFF, 0xFF, 0xE9, 0xFF, 0xA1, 0x00, 0x00, 0x00, 
0x00, 0x00, 0x00, 0x00, 0x00, 0x00, 0x00, 0x00, 0x00, 0x00, 0x00, 0x00, 0x51, 0xFF, 0xFF, 0xFF, 
0xEE, 0x08, 0x00, 0x00, 0x00, 0x00, 0x00, 0x00, 0x06, 0xEC, 0xFF, 0xFF, 0xFF, 0x5F, 0x00, 0x00, 
0x00, 0x00, 0x00, 0x00, 0x00, 0x00, 0x00, 0x00, 0x00, 0x00, 0x00, 0x00, 0x00, 0x08, 0xF3, 0xFF, 
0xFF, 0x91, 0x00, 0x00, 0x00, 0x00, 0x00, 0x00, 0x00, 0x00, 0x94, 0xFF, 0xFF, 0xFF, 0x1D, 0x00, 
0x00, 0x00, 0x00, 0x00, 0x00, 0x00, 0x00, 0x00, 0x00, 0x00, 0x00, 0x00, 0x00, 0x00, 0x00, 0xA6, 
0xFF, 0xFF, 0x2C, 0x00, 0x00, 0x00, 0x00, 0x00, 0x00, 0x00, 0x00, 0x35, 0xFF, 0xFF, 0xDC, 0x00, 
0x00, 0x00, 0x00, 0x00, 0x00, 0x00, 0x00, 0x00, 0x00, 0x00, 0x00, 0x00, 0x00, 0x00, 0x00, 0x00, 
0x51, 0xFF, 0xC7, 0x00, 0x00, 0x00, 0x00, 0x00, 0x00, 0x00, 0x00, 0x00, 0x00, 0xD6, 0xFF, 0x9A, 
0x00, 0x00, 0x00, 0x00, 0x00, 0x00, 0x00, 0x00, 0x00, 0x00, 0x00, 0x00, 0x00, 0x00, 0x00, 0x00, 
0x00, 0x08, 0xF2, 0x62, 0x00, 0x00, 0x00, 0x00, 0x00, 0x00, 0x00, 0x00, 0x00, 0x00, 0x77, 0xFF, 
0x58, 0x00, 0x00, 0x00, 0x00, 0x00, 0x00, 0x00, 0x00, 0x54, 0xFF, 0xFF, 0xFF, 0xFF, 0xFF, 0xFF, 
0xFF, 0xFF, 0xFF, 0xFF, 0x54, 0x00, 0x00, 0x00, 0x00, 0x34, 0xFF, 0xFF, 0xFF, 0xFF, 0xFF, 0xFF, 
0xFF, 0xFF, 0x9C, 0x02, 0x21, 0x5A, 0xCD, 0xFF, 0xFF, 0xFF, 0xFF, 0xFF, 0x7C, 0x1A, 0x01, 0x00, 
0x00, 0x00, 0x00, 0x00, 0x09, 0x41, 0xED, 0xFF, 0xFF, 0xFC, 0x94, 0x2D, 0x05, 0x00, 0x00, 0x00, 
0x02, 0x86, 0xFF, 0xFF, 0xFF, 0xF4, 0x00, 0x00, 0x00, 0x00, 0x00, 0x00, 0x00, 0x00, 0x00, 0x00, 
0xB6, 0xFF, 0xF1, 0x41, 0x00, 0x00, 0x00, 0x00, 0x00, 0x00, 0x00, 0x00, 0x8A, 0xFF, 0xFF, 0xFF, 
0x43, 0x00, 0x00, 0x00, 0x00, 0x00, 0x00, 0x00, 0x00, 0x22, 0xF5, 0xFA, 0x40, 0x00, 0x00, 0x00, 
0x00, 0x00, 0x00, 0x00, 0x00, 0x00, 0x01, 0xB6, 0xFF, 0xFF, 0xD1, 0x06, 0x00, 0x00, 0x00, 0x00, 
0x00, 0x00, 0x09, 0xCD, 0xFF, 0x69, 0x00, 0x00, 0x00, 0x00, 0x00, 0x00, 0x00, 0x00, 0x00, 0x00, 
0x00, 0x14, 0xE3, 0xFF, 0xFF, 0x90, 0x00, 0x00, 0x00, 0x00, 0x00, 0x00, 0xA6, 0xFF, 0x99, 0x00, 
0x00, 0x00, 0x00, 0x00, 0x00, 0x00, 0x00, 0x00, 0x00, 0x00, 0x00, 0x00, 0x3E, 0xFC, 0xFF, 0xFF, 
0x4D, 0x00, 0x00, 0x00, 0x00, 0x79, 0xFF, 0xBB, 0x04, 0x00, 0x00, 0x00, 0x00, 0x00, 0x00, 0x00, 
0x00, 0x00, 0x00, 0x00, 0x00, 0x00, 0x00, 0x7F, 0xFF, 0xFF, 0xEC, 0x1B, 0x00, 0x00, 0x4C, 0xFD, 
0xD5, 0x0F, 0x00, 0x00, 0x00, 0x00, 0x00, 0x00, 0x00, 0x00, 0x00, 0x00, 0x00, 0x00, 0x00, 0x00, 
0x00, 0x02, 0xBF, 0xFF, 0xFF, 0xBF, 0x02, 0x29, 0xF1, 0xE9, 0x20, 0x00, 0x00, 0x00, 0x00, 0x00, 
0x00, 0x00, 0x00, 0x00, 0x00, 0x00, 0x00, 0x00, 0x00, 0x00, 0x00, 0x00, 0x1A, 0xEB, 0xFF, 0xFF, 
0x8C, 0xDB, 0xF7, 0x38, 0x00, 0x00, 0x00, 0x00, 0x00, 0x00, 0x00, 0x00, 0x00, 0x00, 0x00, 0x00, 
0x00, 0x00, 0x00, 0x00, 0x00, 0x00, 0x00, 0x4A, 0xFE, 0xFF, 0xFF, 0xFE, 0x56, 0x00, 0x00, 0x00, 
0x00, 0x00, 0x00, 0x00, 0x00, 0x00, 0x00, 0x00, 0x00, 0x00, 0x00, 0x00, 0x00, 0x00, 0x00, 0x00, 
0x00, 0x00, 0x8D, 0xFF, 0xFF, 0xEA, 0x11, 0x00, 0x00, 0x00, 0x00, 0x00, 0x00, 0x00, 0x00, 0x00, 
0x00, 0x00, 0x00, 0x00, 0x00, 0x00, 0x00, 0x00, 0x00, 0x00, 0x00, 0x00, 0x63, 0xFF, 0xFF, 0xFF, 
0xAD, 0x00, 0x00, 0x00, 0x00, 0x00, 0x00, 0x00, 0x00, 0x00, 0x00, 0x00, 0x00, 0x00, 0x00, 0x00, 
0x00, 0x00, 0x00, 0x00, 0x00, 0x38, 0xF8, 0xD3, 0xF1, 0xFF, 0xFF, 0x68, 0x00, 0x00, 0x00, 0x00, 
0x00, 0x00, 0x00, 0x00, 0x00, 0x00, 0x00, 0x00, 0x00, 0x00, 0x00, 0x00, 0x00, 0x00, 0x1B, 0xE6, 
0xEA, 0x1E, 0x59, 0xFF, 0xFF, 0xF6, 0x2C, 0x00, 0x00, 0x00, 0x00, 0x00, 0x00, 0x00, 0x00, 0x00, 
0x00, 0x00, 0x00, 0x00, 0x00, 0x00, 0x00, 0x08, 0xCB, 0xFA, 0x3D, 0x00, 0x00, 0x9F, 0xFF, 0xFF, 
0xD4, 0x09, 0x00, 0x00, 0x00, 0x00, 0x00, 0x00, 0x00, 0x00, 0x00, 0x00, 0x00, 0x00, 0x00, 0x00, 
0x00, 0xA4, 0xFF, 0x66, 0x00, 0x00, 0x00, 0x0B, 0xD8, 0xFF, 0xFF, 0x98, 0x00, 0x00, 0x00, 0x00, 
0x00, 0x00, 0x00, 0x00, 0x00, 0x00, 0x00, 0x00, 0x00, 0x00, 0x77, 0xFF, 0x94, 0x00, 0x00, 0x00, 
0x00, 0x00, 0x30, 0xF8, 0xFF, 0xFF, 0x53, 0x00, 0x00, 0x00, 0x00, 0x00, 0x00, 0x00, 0x00, 0x00, 
0x00, 0x00, 0x00, 0x4B, 0xFD, 0xBF, 0x04, 0x00, 0x00, 0x00, 0x00, 0x00, 0x00, 0x6F, 0xFF, 0xFF, 
0xEF, 0x1F, 0x00, 0x00, 0x00, 0x00, 0x00, 0x00, 0x00, 0x00, 0x00, 0x00, 0x2E, 0xF1, 0xDE, 0x13, 
0x00, 0x00, 0x00, 0x00, 0x00, 0x00, 0x00, 0x00, 0xB9, 0xFF, 0xFF, 0xC7, 0x05, 0x00, 0x00, 0x00, 
0x00, 0x00, 0x00, 0x00, 0x00, 0x29, 0xE9, 0xF3, 0x2C, 0x00, 0x00, 0x00, 0x00, 0x00, 0x00, 0x00, 
0x00, 0x00, 0x20, 0xF9, 0xFF, 0xFF, 0x97, 0x00, 0x00, 0x00, 0x00, 0x00, 0x00, 0x00, 0x4E, 0xEF, 
0xFF, 0x8F, 0x00, 0x00, 0x00, 0x00, 0x00, 0x00, 0x00, 0x00, 0x00, 0x00, 0x00, 0xD0, 0xFF, 0xFF, 
0xFF, 0x7A, 0x00, 0x00, 0x00, 0x15, 0x50, 0xB8, 0xFF, 0xFF, 0xFF, 0xCC, 0x2F, 0x07, 0x00, 0x00, 
0x00, 0x00, 0x00, 0x00, 0x00, 0x0B, 0x56, 0xFA, 0xFF, 0xFF, 0xFF, 0xFF, 0xAF, 0x3D, 0x0D, 0xE0, 
0xFF, 0xFF, 0xFF, 0xFF, 0xFF, 0xFF, 0xFF, 0xC0, 0x00, 0x00, 0x00, 0x00, 0x00, 0x00, 0x1C, 0xFF, 
0xFF, 0xFF, 0xFF, 0xFF, 0xFF, 0xFF, 0xFF, 0xFF, 0xC4, 0xB4, 0xFF, 0xFF, 0xFF, 0xFF, 0xFF, 0xFF, 
0xFF, 0xFF, 0xFF, 0x30, 0x00, 0x00, 0x00, 0x00, 0x00, 0x90, 0xFF, 0xFF, 0xFF, 0xFF, 0xFF, 0xFF, 
0xFF, 0xFC, 0x04, 0x3A, 0xAC, 0xFF, 0xFF, 0xFF, 0xFF, 0xD1, 0x36, 0x06, 0x00, 0x00, 0x00, 0x00, 
0x00, 0x00, 0x02, 0x1F, 0xB7, 0xFF, 0xFF, 0xFF, 0xC8, 0x46, 0x06, 0x00, 0x00, 0x00, 0x75, 0xFF, 
0xFF, 0xFF, 0x70, 0x00, 0x00, 0x00, 0x00, 0x00, 0x00, 0x00, 0x00, 0x00, 0x00, 0x38, 0xFF, 0xFF, 
0xA2, 0x04, 0x00, 0x00, 0x00, 0x00, 0x00, 0x00, 0x95, 0xFF, 0xFF, 0xD0, 0x03, 0x00, 0x00, 0x00, 
0x00, 0x00, 0x00, 0x00, 0x00, 0x00, 0x6E, 0xFF, 0xC3, 0x05, 0x00, 0x00, 0x00, 0x00, 0x00, 0x00, 
0x00, 0x08, 0xDA, 0xFF, 0xFF, 0x7E, 0x00, 0x00, 0x00, 0x00, 0x00, 0x00, 0x00, 0x00, 0x12, 0xE9, 
0xF2, 0x20, 0x00, 0x00, 0x00, 0x00, 0x00, 0x00, 0x00, 0x00, 0x00, 0x3F, 0xFE, 0xFF, 0xF9, 0x2B, 
0x00, 0x00, 0x00, 0x00, 0x00, 0x00, 0x00, 0x96, 0xFF, 0x72, 0x00, 0x00, 0x00, 0x00, 0x00, 0x00, 
0x00, 0x00, 0x00, 0x00, 0x00, 0x99, 0xFF, 0xFF, 0xC8, 0x02, 0x00, 0x00, 0x00, 0x00, 0x00, 0x2D, 
0xFC, 0xD8, 0x05, 0x00, 0x00, 0x00, 0x00, 0x00, 0x00, 0x00, 0x00, 0x00, 0x00, 0x00, 0x0F, 0xE5, 
0xFF, 0xFF, 0x6F, 0x00, 0x00, 0x00, 0x00, 0x00, 0xBE, 0xFF, 0x4A, 0x00, 0x00, 0x00, 0x00, 0x00, 
0x00, 0x00, 0x00, 0x00, 0x00, 0x00, 0x00, 0x00, 0x50, 0xFF, 0xFF, 0xF4, 0x20, 0x00, 0x00, 0x00, 
0x53, 0xFF, 0xB5, 0x00, 0x00, 0x00, 0x00, 0x00, 0x00, 0x00, 0x00, 0x00, 0x00, 0x00, 0x00, 0x00, 
0x00, 0x00, 0xAB, 0xFF, 0xFF, 0xB9, 0x00, 0x00, 0x08, 0xDF, 0xFA, 0x26, 0x00, 0x00, 0x00, 0x00, 
0x00, 0x00, 0x00, 0x00, 0x00, 0x00, 0x00, 0x00, 0x00, 0x00, 0x00, 0x17, 0xEE, 0xFF, 0xFF, 0x5E, 
0x00, 0x7C, 0xFF, 0x8C, 0x00, 0x00, 0x00, 0x00, 0x00, 0x00, 0x00, 0x00, 0x00, 0x00, 0x00, 0x00, 
0x00, 0x00, 0x00, 0x00, 0x00, 0x61, 0xFF, 0xFF, 0xED, 0x32, 0xF4, 0xE8, 0x0E, 0x00, 0x00, 0x00, 
0x00, 0x00, 0x00, 0x00, 0x00, 0x00, 0x00, 0x00, 0x00, 0x00, 0x00, 0x00, 0x00, 0x00, 0x00, 0xBB, 
0xFF, 0xFF, 0xF6, 0xFF, 0x62, 0x00, 0x00, 0x00, 0x00, 0x00, 0x00, 0x00, 0x00, 0x00, 0x00, 0x00, 
0x00, 0x00, 0x00, 0x00, 0x00, 0x00, 0x00, 0x00, 0x22, 0xFF, 0xFF, 0xFF, 0xCC, 0x02, 0x00, 0x00, 
0x00, 0x00, 0x00, 0x00, 0x00, 0x00, 0x00, 0x00, 0x00, 0x00, 0x00, 0x00, 0x00, 0x00, 0x00, 0x00, 
0x00, 0x00, 0xFF, 0xFF, 0xFF, 0x3A, 0x00, 0x00, 0x00, 0x00, 0x00, 0x00, 0x00, 0x00, 0x00, 0x00, 
0x00, 0x00, 0x00, 0x00, 0x00, 0x00, 0x00, 0x00, 0x00, 0x00, 0x00, 0xFF, 0xFF, 0xFF, 0x00, 0x00, 
0x00, 0x00, 0x00, 0x00, 0x00, 0x00, 0x00, 0x00, 0x00, 0x00, 0x00, 0x00, 0x00, 0x00, 0x00, 0x00, 
0x00, 0x00, 0x00, 0x00, 0xFF, 0xFF, 0xFF, 0x00, 0x00, 0x00, 0x00, 0x00, 0x00, 0x00, 0x00, 0x00, 
0x00, 0x00, 0x00, 0x00, 0x00, 0x00, 0x00, 0x00, 0x00, 0x00, 0x00, 0x00, 0x00, 0xFF, 0xFF, 0xFF, 
0x00, 0x00, 0x00, 0x00, 0x00, 0x00, 0x00, 0x00, 0x00, 0x00, 0x00, 0x00, 0x00, 0x00, 0x00, 0x00, 
0x00, 0x00, 0x00, 0x00, 0x00, 0x00, 0xFF, 0xFF, 0xFF, 0x00, 0x00, 0x00, 0x00, 0x00, 0x00, 0x00, 
0x00, 0x00, 0x00, 0x00, 0x00, 0x00, 0x00, 0x00, 0x00, 0x00, 0x00, 0x00, 0x00, 0x00, 0x00, 0xFF, 
0xFF, 0xFF, 0x00, 0x00, 0x00, 0x00, 0x00, 0x00, 0x00, 0x00, 0x00, 0x00, 0x00, 0x00, 0x00, 0x00, 
0x00, 0x00, 0x00, 0x00, 0x00, 0x00, 0x00, 0x04, 0xFF, 0xFF, 0xFF, 0x04, 0x00, 0x00, 0x00, 0x00, 
0x00, 0x00, 0x00, 0x00, 0x00, 0x00, 0x00, 0x00, 0x00, 0x00, 0x00, 0x00, 0x00, 0x00, 0x00, 0x00, 
0x1E, 0xFF, 0xFF, 0xFF, 0x1E, 0x00, 0x00, 0x00, 0x00, 0x00, 0x00, 0x00, 0x00, 0x00, 0x00, 0x00, 
0x00, 0x00, 0x00, 0x00, 0x00, 0x00, 0x00, 0x01, 0x21, 0xAD, 0xFF, 0xFF, 0xFF, 0xA8, 0x20, 0x01, 
0x00, 0x00, 0x00, 0x00, 0x00, 0x00, 0x00, 0x00, 0x00, 0x00, 0x00, 0x00, 0x00, 0x00, 0x00, 0x00, 
0xFF, 0xFF, 0xFF, 0xFF, 0xFF, 0xFF, 0xFF, 0xFF, 0xFF, 0x00, 0x00, 0x00, 0x00, 0x00, 0x00, 0x00, 
0x00, 0x00, 0x00, 0x17, 0xFF, 0xFF, 0xFF, 0xFF, 0xFF, 0xFF, 0xFF, 0xFF, 0xFF, 0xFF, 0xFF, 0xFF, 
0xFF, 0xFF, 0xFF, 0xCA, 0x03, 0x00, 0x00, 0x46, 0xFF, 0xC5, 0x46, 0x14, 0x04, 0x00, 0x00, 0x00, 
0x00, 0x00, 0x00, 0x4D, 0xFF, 0xFF, 0xF8, 0x2B, 0x00, 0x00, 0x00, 0x74, 0xD9, 0x0A, 0x00, 0x00, 
0x00, 0x00, 0x00, 0x00, 0x00, 0x00, 0x11, 0xE6, 0xFF, 0xFF, 0x78, 0x00, 0x00, 0x00, 0x00, 0xA2, 
0x72, 0x00, 0x00, 0x00, 0x00, 0x00, 0x00, 0x00, 0x00, 0x00, 0xA3, 0xFF, 0xFF, 0xCA, 0x03, 0x00, 
0x00, 0x00, 0x00, 0xD1, 0x32, 0x00, 0x00, 0x00, 0x00, 0x00, 0x00, 0x00, 0x00, 0x4D, 0xFF, 0xFF, 
0xF8, 0x2A, 0x00, 0x00, 0x00, 0x00, 0x00, 0x81, 0x06, 0x00, 0x00, 0x00, 0x00, 0x00, 0x00, 0x00, 
0x11, 0xE6, 0xFF, 0xFF, 0x78, 0x00, 0x00, 0x00, 0x00, 0x00, 0x00, 0x00, 0x00, 0x00, 0x00, 0x00, 
0x00, 0x00, 0x00, 0x00, 0xA3, 0xFF, 0xFF, 0xCA, 0x03, 0x00, 0x00, 0x00, 0x00, 0x00, 0x00, 0x00, 
0x00, 0x00, 0x00, 0x00, 0x00, 0x00, 0x00, 0x4D, 0xFF, 0xFF, 0xF8, 0x2A, 0x00, 0x00, 0x00, 0x00, 
0x00, 0x00, 0x00, 0x00, 0x00, 0x00, 0x00, 0x00, 0x00, 0x00, 0x11, 0xE6, 0xFF, 0xFF, 0x77, 0x00, 
0x00, 0x00, 0x00, 0x00, 0x00, 0x00, 0x00, 0x00, 0x00, 0x00, 0x00, 0x00, 0x00, 0x00, 0xA3, 0xFF, 
0xFF, 0xCA, 0x03, 0x00, 0x00, 0x00, 0x00, 0x00, 0x00, 0x00, 0x00, 0x00, 0x00, 0x00, 0x00, 0x00, 
0x00, 0x4D, 0xFF, 0xFF, 0xF8, 0x2A, 0x00, 0x00, 0x00, 0x00, 0x00, 0x00, 0x00, 0x00, 0x00, 0x00, 
0x00, 0x00, 0x00, 0x00, 0x11, 0xE6, 0xFF, 0xFF, 0x77, 0x00, 0x00, 0x00, 0x00, 0x00, 0x00, 0x00, 
0x00, 0x00, 0x00, 0x00, 0x00, 0x00, 0x00, 0x00, 0xA3, 0xFF, 0xFF, 0xC9, 0x03, 0x00, 0x00, 0x00, 
0x00, 0x00, 0x00, 0x00, 0x00, 0x00, 0x00, 0x00, 0x00, 0x00, 0x00, 0x4D, 0xFF, 0xFF, 0xF8, 0x29, 
0x00, 0x00, 0x00, 0x00, 0x00, 0x00, 0x00, 0x00, 0x00, 0x00, 0x00, 0x00, 0x00, 0x00, 0x11, 0xE6, 
0xFF, 0xFF, 0x77, 0x00, 0x00, 0x00, 0x00, 0x00, 0x00, 0x00, 0x00, 0x00, 0x00, 0x00, 0x00, 0x00, 
0x00, 0x00, 0xA3, 0xFF, 0xFF, 0xC9, 0x03, 0x00, 0x00, 0x00, 0x00, 0x00, 0x00, 0x00, 0x00, 0x00, 
0x00, 0x00, 0x00, 0x00, 0x00, 0x4D, 0xFF, 0xFF, 0xF8, 0x29, 0x00, 0x00, 0x00, 0x00, 0x00, 0x00, 
0x00, 0x00, 0x00, 0x00, 0x00, 0x00, 0x00, 0x00, 0x11, 0xE6, 0xFF, 0xFF, 0x76, 0x00, 0x00, 0x00, 
0x00, 0x00, 0x00, 0x00, 0x00, 0x00, 0x00, 0x01, 0x29, 0x00, 0x00, 0x00, 0xA3, 0xFF, 0xFF, 0xC9, 
0x03, 0x00, 0x00, 0x00, 0x00, 0x00, 0x00, 0x00, 0x00, 0x00, 0x00, 0x33, 0xE4, 0x00, 0x00, 0x4D, 
0xFF, 0xFF, 0xF8, 0x29, 0x00, 0x00, 0x00, 0x00, 0x00, 0x00, 0x00, 0x00, 0x00, 0x00, 0x00, 0x7F, 
0xB8, 0x00, 0x11, 0xE6, 0xFF, 0xFF, 0x76, 0x00, 0x00, 0x00, 0x00, 0x00, 0x00, 0x00, 0x00, 0x00, 
0x00, 0x00, 0x03, 0xDD, 0x8B, 0x00, 0xA3, 0xFF, 0xFF, 0xC8, 0x03, 0x00, 0x00, 0x00, 0x00, 0x00, 
0x00, 0x00, 0x00, 0x00, 0x00, 0x00, 0x6B, 0xFF, 0x5F, 0x4D, 0xFF, 0xFF, 0xF8, 0x29, 0x00, 0x00, 
0x00, 0x00, 0x00, 0x00, 0x00, 0x00, 0x00, 0x07, 0x2A, 0x84, 0xFB, 0xFF, 0x32, 0xE6, 0xFF, 0xFF, 
0xFF, 0xFF, 0xFF, 0xFF, 0xFF, 0xFF, 0xFF, 0xFF, 0xFF, 0xFF, 0xFF, 0xFF, 0xFF, 0xFF, 0xFF, 0xFD, 
0x09, 0xFF, 0xFF, 0xFF, 0xFF, 0xFF, 0xFF, 0xFF, 0xFF, 0xFF, 0xFF, 0xFF, 0x00, 0x00, 0x00, 0x00, 
0x00, 0xFF, 0xFF, 0xFF, 0x00, 0x00, 0x00, 0x00, 0x00, 0xFF, 0xFF, 0xFF, 0x00, 0x00, 0x00, 0x00, 
0x00, 0xFF, 0xFF, 0xFF, 0x00, 0x00, 0x00, 0x00, 0x00, 0xFF, 0xFF, 0xFF, 0x00, 0x00, 0x00, 0x00, 
0x00, 0xFF, 0xFF, 0xFF, 0x00, 0x00, 0x00, 0x00, 0x00, 0xFF, 0xFF, 0xFF, 0x00, 0x00, 0x00, 0x00, 
0x00, 0xFF, 0xFF, 0xFF, 0x00, 0x00, 0x00, 0x00, 0x00, 0xFF, 0xFF, 0xFF, 0x00, 0x00, 0x00, 0x00, 
0x00, 0xFF, 0xFF, 0xFF, 0x00, 0x00, 0x00, 0x00, 0x00, 0xFF, 0xFF, 0xFF, 0x00, 0x00, 0x00, 0x00, 
0x00, 0xFF, 0xFF, 0xFF, 0x00, 0x00, 0x00, 0x00, 0x00, 0xFF, 0xFF, 0xFF, 0x00, 0x00, 0x00, 0x00, 
0x00, 0xFF, 0xFF, 0xFF, 0x00, 0x00, 0x00, 0x00, 0x00, 0xFF, 0xFF, 0xFF, 0x00, 0x00, 0x00, 0x00, 
0x00, 0xFF, 0xFF, 0xFF, 0x00, 0x00, 0x00, 0x00, 0x00, 0xFF, 0xFF, 0xFF, 0x00, 0x00, 0x00, 0x00, 
0x00, 0xFF, 0xFF, 0xFF, 0x00, 0x00, 0x00, 0x00, 0x00, 0xFF, 0xFF, 0xFF, 0x00, 0x00, 0x00, 0x00, 
0x00, 0xFF, 0xFF, 0xFF, 0x00, 0x00, 0x00, 0x00, 0x00, 0xFF, 0xFF, 0xFF, 0x00, 0x00, 0x00, 0x00, 
0x00, 0xFF, 0xFF, 0xFF, 0x00, 0x00, 0x00, 0x00, 0x00, 0xFF, 0xFF, 0xFF, 0x00, 0x00, 0x00, 0x00, 
0x00, 0xFF, 0xFF, 0xFF, 0x00, 0x00, 0x00, 0x00, 0x00, 0xFF, 0xFF, 0xFF, 0x00, 0x00, 0x00, 0x00, 
0x00, 0xFF, 0xFF, 0xFF, 0x00, 0x00, 0x00, 0x00, 0x00, 0xFF, 0xFF, 0xFF, 0x00, 0x00, 0x00, 0x00, 
0x00, 0xFF, 0xFF, 0xFF, 0x00, 0x00, 0x00, 0x00, 0x00, 0xFF, 0xFF, 0xFF, 0x00, 0x00, 0x00, 0x00, 
0x00, 0xFF, 0xFF, 0xFF, 0xFF, 0xFF, 0xFF, 0xFF, 0xFF, 0xD7, 0x24, 0x00, 0x00, 0x00, 0x00, 0x00, 
0x00, 0x00, 0x86, 0x76, 0x00, 0x00, 0x00, 0x00, 0x00, 0x00, 0x00, 0x34, 0xC8, 0x00, 0x00, 0x00, 
0x00, 0x00, 0x00, 0x00, 0x00, 0xDF, 0x1B, 0x00, 0x00, 0x00, 0x00, 0x00, 0x00, 0x00, 0x90, 0x6C, 
0x00, 0x00, 0x00, 0x00, 0x00, 0x00, 0x00, 0x3E, 0xBE, 0x00, 0x00, 0x00, 0x00, 0x00, 0x00, 0x00, 
0x02, 0xE5, 0x13, 0x00, 0x00, 0x00, 0x00, 0x00, 0x00, 0x00, 0x9A, 0x62, 0x00, 0x00, 0x00, 0x00, 
0x00, 0x00, 0x00, 0x48, 0xB4, 0x00, 0x00, 0x00, 0x00, 0x00, 0x00, 0x00, 0x05, 0xE8, 0x0D, 0x00, 
0x00, 0x00, 0x00, 0x00, 0x00, 0x00, 0xA4, 0x58, 0x00, 0x00, 0x00, 0x00, 0x00, 0x00, 0x00, 0x52, 
0xAA, 0x00, 0x00, 0x00, 0x00, 0x00, 0x00, 0x00, 0x0A, 0xE9, 0x08, 0x00, 0x00, 0x00, 0x00, 0x00, 
0x00, 0x00, 0xAF, 0x4D, 0x00, 0x00, 0x00, 0x00, 0x00, 0x00, 0x00, 0x5D, 0x9F, 0x00, 0x00, 0x00, 
0x00, 0x00, 0x00, 0x00, 0x10, 0xE7, 0x04, 0x00, 0x00, 0x00, 0x00, 0x00, 0x00, 0x00, 0xB9, 0x43, 
0x00, 0x00, 0x00, 0x00, 0x00, 0x00, 0x00, 0x67, 0x95, 0x00, 0x00, 0x00, 0x00, 0x00, 0x00, 0x00, 
0x17, 0xE3, 0x01, 0x00, 0x00, 0x00, 0x00, 0x00, 0x00, 0x00, 0xC3, 0x39, 0x00, 0x00, 0x00, 0x00, 
0x00, 0x00, 0x00, 0x71, 0x8B, 0x00, 0x00, 0x00, 0x00, 0x00, 0x00, 0x00, 0x1F, 0xDC, 0x00, 0x00, 
0x00, 0x00, 0x00, 0x00, 0x00, 0x00, 0xCD, 0x2F, 0x00, 0x00, 0x00, 0x00, 0x00, 0x00, 0x00, 0x7B, 
0x81, 0x00, 0x00, 0x00, 0x00, 0x00, 0x00, 0x00, 0x29, 0xD3, 0xFF, 0xFF, 0xFF, 0xFF, 0xFF, 0xFF, 
0xFF, 0xFF, 0x00, 0x00, 0x00, 0x00, 0x00, 0xFF, 0xFF, 0xFF, 0x00, 0x00, 0x00, 0x00, 0x00, 0xFF, 
0xFF, 0xFF, 0x00, 0x00, 0x00, 0x00, 0x00, 0xFF, 0xFF, 0xFF, 0x00, 0x00, 0x00, 0x00, 0x00, 0xFF, 
0xFF, 0xFF, 0x00, 0x00, 0x00, 0x00, 0x00, 0xFF, 0xFF, 0xFF, 0x00, 0x00, 0x00, 0x00, 0x00, 0xFF, 
0xFF, 0xFF, 0x00, 0x00, 0x00, 0x00, 0x00, 0xFF, 0xFF, 0xFF, 0x00, 0x00, 0x00, 0x00, 0x00, 0xFF, 
0xFF, 0xFF, 0x00, 0x00, 0x00, 0x00, 0x00, 0xFF, 0xFF, 0xFF, 0x00, 0x00, 0x00, 0x00, 0x00, 0xFF, 
0xFF, 0xFF, 0x00, 0x00, 0x00, 0x00, 0x00, 0xFF, 0xFF, 0xFF, 0x00, 0x00, 0x00, 0x00, 0x00, 0xFF, 
0xFF, 0xFF, 0x00, 0x00, 0x00, 0x00, 0x00, 0xFF, 0xFF, 0xFF, 0x00, 0x00, 0x00, 0x00, 0x00, 0xFF, 
0xFF, 0xFF, 0x00, 0x00, 0x00, 0x00, 0x00, 0xFF, 0xFF, 0xFF, 0x00, 0x00, 0x00, 0x00, 0x00, 0xFF, 
0xFF, 0xFF, 0x00, 0x00, 0x00, 0x00, 0x00, 0xFF, 0xFF, 0xFF, 0x00, 0x00, 0x00, 0x00, 0x00, 0xFF, 
0xFF, 0xFF, 0x00, 0x00, 0x00, 0x00, 0x00, 0xFF, 0xFF, 0xFF, 0x00, 0x00, 0x00, 0x00, 0x00, 0xFF, 
0xFF, 0xFF, 0x00, 0x00, 0x00, 0x00, 0x00, 0xFF, 0xFF, 0xFF, 0x00, 0x00, 0x00, 0x00, 0x00, 0xFF, 
0xFF, 0xFF, 0x00, 0x00, 0x00, 0x00, 0x00, 0xFF, 0xFF, 0xFF, 0x00, 0x00, 0x00, 0x00, 0x00, 0xFF, 
0xFF, 0xFF, 0x00, 0x00, 0x00, 0x00, 0x00, 0xFF, 0xFF, 0xFF, 0x00, 0x00, 0x00, 0x00, 0x00, 0xFF, 
0xFF, 0xFF, 0x00, 0x00, 0x00, 0x00, 0x00, 0xFF, 0xFF, 0xFF, 0x00, 0x00, 0x00, 0x00, 0x00, 0xFF, 
0xFF, 0xFF, 0x00, 0x00, 0x00, 0x00, 0x00, 0xFF, 0xFF, 0xFF, 0xFF, 0xFF, 0xFF, 0xFF, 0xFF, 0xFF, 
0xFF, 0xFF, 0x00, 0x00, 0x00, 0x00, 0x00, 0x00, 0x4A, 0xB0, 0xB1, 0x4A, 0x00, 0x00, 0x00, 0x00, 
0x00, 0x00, 0x00, 0x00, 0x00, 0x00, 0x00, 0x06, 0xD2, 0x23, 0x23, 0xD2, 0x05, 0x00, 0x00, 0x00, 
0x00, 0x00, 0x00, 0x00, 0x00, 0x00, 0x00, 0x76, 0x85, 0x00, 0x00, 0x86, 0x74, 0x00, 0x00, 0x00, 
0x00, 0x00, 0x00, 0x00, 0x00, 0x00, 0x18, 0xD7, 0x0B, 0x00, 0x00, 0x0C, 0xD7, 0x18, 0x00, 0x00, 
0x00, 0x00, 0x00, 0x00, 0x00, 0x00, 0xA0, 0x5B, 0x00, 0x00, 0x00, 0x00, 0x5C, 0x9F, 0x00, 0x00, 
0x00, 0x00, 0x00, 0x00, 0x00, 0x37, 0xC3, 0x00, 0x00, 0x00, 0x00, 0x00, 0x00, 0xC4, 0x36, 0x00, 
0x00, 0x00, 0x00, 0x00, 0x01, 0xC7, 0x33, 0x00, 0x00, 0x00, 0x00, 0x00, 0x00, 0x33, 0xC6, 0x01, 
0x00, 0x00, 0x00, 0x00, 0x60, 0x9B, 0x00, 0x00, 0x00, 0x00, 0x00, 0x00, 0x00, 0x00, 0x9C, 0x5F, 
0x00, 0x00, 0x00, 0x0D, 0xD7, 0x16, 0x00, 0x00, 0x00, 0x00, 0x00, 0x00, 0x00, 0x00, 0x16, 0xD7, 
0x0D, 0x00, 0x00, 0x8B, 0x70, 0x00, 0x00, 0x00, 0x00, 0x00, 0x00, 0x00, 0x00, 0x00, 0x00, 0x71, 
0x8A, 0x00, 0x26, 0xD0, 0x04, 0x00, 0x00, 0x00, 0x00, 0x00, 0x00, 0x00, 0x00, 0x00, 0x00, 0x05, 
0xD1, 0x25, 0xB5, 0x46, 0x00, 0x00, 0x00, 0x00, 0x00, 0x00, 0x00, 0x00, 0x00, 0x00, 0x00, 0x00, 
0x47, 0xB4, 0xFF, 0xFF, 0xFF, 0xFF, 0xFF, 0xFF, 0xFF, 0xFF, 0xFF, 0xFF, 0xFF, 0xFF, 0xFF, 0xFF, 
0xFF, 0xFF, 0xFF, 0xFF, 0xA1, 0xFF, 0xFF, 0x2A, 0x00, 0x0B, 0xD6, 0xFF, 0x7F, 0x00, 0x00, 0x2D, 
0xF6, 0xD5, 0x00, 0x00, 0x00, 0x65, 0xFF, 0x2A, 0x00, 0x00, 0x00, 0xA6, 0x7F, 0x00, 0x00, 0x00, 
0x0D, 0xAF, 0x00, 0x00, 0x00, 0x4C, 0xB0, 0xE5, 0xF9, 0xEE, 0xD4, 0x8C, 0x22, 0x00, 0x00, 0x00, 
0x00, 0x00, 0x02, 0x9E, 0xFF, 0xC0, 0x25, 0x10, 0x5B, 0xF3, 0xFF, 0xF1, 0x2E, 0x00, 0x00, 0x00, 
0x00, 0x78, 0xFF, 0xFF, 0x1B, 0x00, 0x00, 0x00, 0x70, 0xFF, 0xFF, 0xB8, 0x00, 0x00, 0x00, 0x00, 
0xE3, 0xFF, 0xF8, 0x00, 0x00, 0x00, 0x00, 0x26, 0xFF, 0xFF, 0xEB, 0x00, 0x00, 0x00, 0x00, 0xF4, 
0xFF, 0xF4, 0x00, 0x00, 0x00, 0x00, 0x09, 0xFF, 0xFF, 0xFB, 0x00, 0x00, 0x00, 0x00, 0x84, 0xF3, 
0x81, 0x00, 0x00, 0x00, 0x00, 0x00, 0xFF, 0xFF, 0xFF, 0x00, 0x00, 0x00, 0x00, 0x00, 0x00, 0x00, 
0x00, 0x00, 0x21, 0x7C, 0xD3, 0xFF, 0xFF, 0xFF, 0x00, 0x00, 0x00, 0x00, 0x00, 0x00, 0x04, 0x56, 
0xBF, 0xE7, 0x8B, 0x2E, 0xFF, 0xFF, 0xFF, 0x00, 0x00, 0x00, 0x00, 0x00, 0x57, 0xDE, 0xE8, 0x63, 
0x05, 0x00, 0x00, 0xFF, 0xFF, 0xFF, 0x00, 0x00, 0x00, 0x04, 0xA2, 0xFF, 0xD0, 0x15, 0x00, 0x00, 
0x00, 0x00, 0xFF, 0xFF, 0xFF, 0x00, 0x00, 0x00, 0x81, 0xFF, 0xFF, 0x36, 0x00, 0x00, 0x00, 0x00, 
0x00, 0xFF, 0xFF, 0xFF, 0x00, 0x00, 0x00, 0xE5, 0xFF, 0xFF, 0x0B, 0x00, 0x00, 0x00, 0x00, 0x00, 
0xFF, 0xFF, 0xFF, 0x01, 0x00, 0x00, 0xF9, 0xFF, 0xFF, 0x48, 0x00, 0x00, 0x00, 0x00, 0x3D, 0xFF, 
0xFF, 0xFF, 0x09, 0x00, 0x00, 0xCC, 0xFF, 0xFF, 0xE3, 0x45, 0x0A, 0x34, 0xA2, 0xC9, 0xFB, 0xFF, 
0xFF, 0x43, 0x26, 0xA3, 0x4C, 0xFE, 0xFF, 0xFF, 0xFF, 0xFF, 0xFD, 0x89, 0x05, 0xD8, 0xFF, 0xFF, 
0xFF, 0xEE, 0x3C, 0x00, 0x49, 0xC8, 0xF8, 0xEE, 0xB2, 0x38, 0x00, 0x00, 0x4E, 0xE7, 0xED, 0xA0, 
0x1C, 0x00, 0x00, 0x00, 0x2B, 0xA0, 0xFA, 0x00, 0x00, 0x00, 0x00, 0x00, 0x00, 0x00, 0x00, 0x00, 
0x00, 0x00, 0x3B, 0xB2, 0xFE, 0xFF, 0xFF, 0x00, 0x00, 0x00, 0x00, 0x00, 0x00, 0x00, 0x00, 0x00, 
0x00, 0x00, 0xC7, 0xE4, 0xFF, 0xFF, 0xFF, 0x00, 0x00, 0x00, 0x00, 0x00, 0x00, 0x00, 0x00, 0x00, 
0x00, 0x00, 0x00, 0x2D, 0xFF, 0xFF, 0xFF, 0x00, 0x00, 0x00, 0x00, 0x00, 0x00, 0x00, 0x00, 0x00, 
0x00, 0x00, 0x00, 0x0A, 0xFF, 0xFF, 0xFF, 0x00, 0x00, 0x00, 0x00, 0x00, 0x00, 0x00, 0x00, 0x00, 
0x00, 0x00, 0x00, 0x03, 0xFF, 0xFF, 0xFF, 0x00, 0x00, 0x00, 0x00, 0x00, 0x00, 0x00, 0x00, 0x00, 
0x00, 0x00, 0x00, 0x01, 0xFF, 0xFF, 0xFF, 0x00, 0x00, 0x00, 0x00, 0x00, 0x00, 0x00, 0x00, 0x00, 
0x00, 0x00, 0x00, 0x00, 0xFF, 0xFF, 0xFF, 0x00, 0x00, 0x00, 0x00, 0x00, 0x00, 0x00, 0x00, 0x00, 
0x00, 0x00, 0x00, 0x00, 0xFF, 0xFF, 0xFF, 0x00, 0x00, 0x00, 0x00, 0x00, 0x00, 0x00, 0x00, 0x00, 
0x00, 0x00, 0x00, 0x00, 0xFF, 0xFF, 0xFF, 0x00, 0x00, 0x56, 0xC0, 0xF0, 0xF0, 0xBE, 0x53, 0x00, 
0x00, 0x00, 0x00, 0x00, 0xFF, 0xFF, 0xFF, 0x0A, 0xB0, 0xFF, 0xFF, 0xFF, 0xFF, 0xFF, 0xFF, 0xA2, 
0x04, 0x00, 0x00, 0x00, 0xFF, 0xFF, 0xFF, 0xBC, 0xA4, 0x32, 0x08, 0x28, 0x9D, 0xFF, 0xFF, 0xFF, 
0x8F, 0x00, 0x00, 0x00, 0xFF, 0xFF, 0xFF, 0x66, 0x00, 0x00, 0x00, 0x00, 0x00, 0x81, 0xFF, 0xFF, 
0xFF, 0x2C, 0x00, 0x00, 0xFF, 0xFF, 0xFF, 0x00, 0x00, 0x00, 0x00, 0x00, 0x00, 0x02, 0xCD, 0xFF, 
0xFF, 0x92, 0x00, 0x00, 0xFF, 0xFF, 0xFF, 0x00, 0x00, 0x00, 0x00, 0x00, 0x00, 0x00, 0x65, 0xFF, 
0xFF, 0xD0, 0x00, 0x00, 0xFF, 0xFF, 0xFF, 0x00, 0x00, 0x00, 0x00, 0x00, 0x00, 0x00, 0x29, 0xFF, 
0xFF, 0xEF, 0x00, 0x00, 0xFF, 0xFF, 0xFF, 0x00, 0x00, 0x00, 0x00, 0x00, 0x00, 0x00, 0x0C, 0xFF, 
0xFF, 0xFA, 0x00, 0x00, 0xFF, 0xFF, 0xFF, 0x00, 0x00, 0x00, 0x00, 0x00, 0x00, 0x00, 0x04, 0xFF, 
0xFF, 0xE5, 0x00, 0x00, 0xFF, 0xFF, 0xFF, 0x00, 0x00, 0x00, 0x00, 0x00, 0x00, 0x00, 0x12, 0xFF, 
0xFF, 0xC1, 0x00, 0x00, 0xFF, 0xFF, 0xFF, 0x00, 0x00, 0x00, 0x00, 0x00, 0x00, 0x00, 0x37, 0xFF, 
0xFF, 0x75, 0x00, 0x00, 0xFF, 0xFF, 0xFF, 0x00, 0x00, 0x00, 0x00, 0x00, 0x00, 0x00, 0x77, 0xFF, 
0xF0, 0x16, 0x00, 0x00, 0xFF, 0xFF, 0xFF, 0x00, 0x00, 0x00, 0x00, 0x00, 0x00, 0x07, 0xDC, 0xFF, 
0x69, 0x00, 0x00, 0x00, 0xFF, 0xFF, 0xFF, 0x51, 0x00, 0x00, 0x00, 0x00, 0x00, 0x92, 0xFF, 0x88, 
0x00, 0x00, 0x00, 0x00, 0x86, 0xF4, 0xFF, 0xFE, 0x9F, 0x34, 0x08, 0x24, 0xA2, 0xF3, 0x64, 0x00, 
0x00, 0x00, 0x00, 0x00, 0x00, 0x11, 0x69, 0xB4, 0xE5, 0xFA, 0xF0, 0xC9, 0x7D, 0x13, 0x00, 0x00, 
0x00, 0x00, 0x00, 0x00, 0x00, 0x00, 0x51, 0xAD, 0xE5, 0xFA, 0xEF, 0xC1, 0x65, 0x03, 0x00, 0x00, 
0x00, 0x00, 0x18, 0xC2, 0xEC, 0x60, 0x12, 0x0C, 0x5A, 0xFA, 0xFF, 0xC4, 0x10, 0x00, 0x00, 0x18, 
0xE0, 0xF9, 0x32, 0x00, 0x00, 0x00, 0x00, 0xA3, 0xFF, 0xFF, 0xA8, 0x00, 0x00, 0xC0, 0xFF, 0x93, 
0x00, 0x00, 0x00, 0x00, 0x00, 0x56, 0xFF, 0xFF, 0xF4, 0x00, 0x49, 0xFF, 0xFF, 0x3B, 0x00, 0x00, 
0x00, 0x00, 0x00, 0x00, 0x92, 0xF7, 0x95, 0x00, 0xA3, 0xFF, 0xFF, 0x0F, 0x00, 0x00, 0x00, 0x00, 
0x00, 0x00, 0x00, 0x00, 0x00, 0x00, 0xDE, 0xFF, 0xFF, 0x04, 0x00, 0x00, 0x00, 0x00, 0x00, 0x00, 
0x00, 0x00, 0x00, 0x00, 0xF6, 0xFF, 0xFF, 0x16, 0x00, 0x00, 0x00, 0x00, 0x00, 0x00, 0x00, 0x00, 
0x00, 0x00, 0xF7, 0xFF, 0xFF, 0x46, 0x00, 0x00, 0x00, 0x00, 0x00, 0x00, 0x00, 0x00, 0x00, 0x00, 
0xE2, 0xFF, 0xFF, 0x9A, 0x00, 0x00, 0x00, 0x00, 0x00, 0x00, 0x00, 0x00, 0x31, 0xCF, 0xAF, 0xFF, 
0xFF, 0xF7, 0x20, 0x00, 0x00, 0x00, 0x00, 0x00, 0x00, 0x00, 0x9C, 0xB1, 0x60, 0xFF, 0xFF, 0xFF, 
0xC7, 0x09, 0x00, 0x00, 0x00, 0x00, 0x00, 0x2C, 0xFA, 0x5F, 0x05, 0xDE, 0xFF, 0xFF, 0xFF, 0xD4, 
0x50, 0x11, 0x09, 0x25, 0x6B, 0xE1, 0xE5, 0x09, 0x00, 0x35, 0xF7, 0xFF, 0xFF, 0xFF, 0xFF, 0xFF, 
0xFF, 0xFF, 0xFF, 0xFD, 0x4E, 0x00, 0x00, 0x00, 0x3A, 0xE7, 0xFF, 0xFF, 0xFF, 0xFF, 0xFF, 0xFF, 
0xF2, 0x59, 0x00, 0x00, 0x00, 0x00, 0x00, 0x0D, 0x7B, 0xCE, 0xF3, 0xF6, 0xD3, 0x87, 0x1A, 0x00, 
0x00, 0x00, 0x00, 0x00, 0x00, 0x00, 0x00, 0x00, 0x00, 0x00, 0x00, 0x00, 0x00, 0x2B, 0xA0, 0xFA, 
0x00, 0x00, 0x00, 0x00, 0x00, 0x00, 0x00, 0x00, 0x00, 0x00, 0x00, 0x3B, 0xB2, 0xFE, 0xFF, 0xFF, 
0x00, 0x00, 0x00, 0x00, 0x00, 0x00, 0x00, 0x00, 0x00, 0x00, 0x00, 0xC8, 0xE4, 0xFF, 0xFF, 0xFF, 
0x00, 0x00, 0x00, 0x00, 0x00, 0x00, 0x00, 0x00, 0x00, 0x00, 0x00, 0x00, 0x30, 0xFF, 0xFF, 0xFF, 
0x00, 0x00, 0x00, 0x00, 0x00, 0x00, 0x00, 0x00, 0x00, 0x00, 0x00, 0x00, 0x0C, 0xFF, 0xFF, 0xFF, 
0x00, 0x00, 0x00, 0x00, 0x00, 0x00, 0x00, 0x00, 0x00, 0x00, 0x00, 0x00, 0x04, 0xFF, 0xFF, 0xFF, 
0x00, 0x00, 0x00, 0x00, 0x00, 0x00, 0x00, 0x00, 0x00, 0x00, 0x00, 0x00, 0x01, 0xFF, 0xFF, 0xFF, 
0x00, 0x00, 0x00, 0x00, 0x00, 0x00, 0x00, 0x00, 0x00, 0x00, 0x00, 0x00, 0x00, 0xFF, 0xFF, 0xFF, 
0x00, 0x00, 0x00, 0x00, 0x00, 0x00, 0x00, 0x00, 0x00, 0x00, 0x00, 0x00, 0x00, 0xFF, 0xFF, 0xFF, 
0x00, 0x00, 0x00, 0x00, 0x00, 0x00, 0x43, 0xA9, 0xE2, 0xF8, 0xDF, 0x81, 0x07, 0xFF, 0xFF, 0xFF, 
0x00, 0x00, 0x00, 0x00, 0x05, 0xA1, 0xFE, 0x8C, 0x20, 0x0A, 0x45, 0xD0, 0xBB, 0xFF, 0xFF, 0xFF, 
0x00, 0x00, 0x00, 0x01, 0xAC, 0xFF, 0x6E, 0x00, 0x00, 0x00, 0x00, 0x0B, 0xD6, 0xFF, 0xFF, 0xFF, 
0x00, 0x00, 0x00, 0x6C, 0xFF, 0xC5, 0x00, 0x00, 0x00, 0x00, 0x00, 0x00, 0x5E, 0xFF, 0xFF, 0xFF, 
0x00, 0x00, 0x0F, 0xF1, 0xFF, 0x60, 0x00, 0x00, 0x00, 0x00, 0x00, 0x00, 0x20, 0xFF, 0xFF, 0xFF, 
0x00, 0x00, 0x70, 0xFF, 0xFF, 0x25, 0x00, 0x00, 0x00, 0x00, 0x00, 0x00, 0x02, 0xFF, 0xFF, 0xFF, 
0x00, 0x00, 0xBA, 0xFF, 0xFF, 0x0B, 0x00, 0x00, 0x00, 0x00, 0x00, 0x00, 0x00, 0xFF, 0xFF, 0xFF, 
0x00, 0x00, 0xE8, 0xFF, 0xFF, 0x05, 0x00, 0x00, 0x00, 0x00, 0x00, 0x00, 0x00, 0xFF, 0xFF, 0xFF, 
0x00, 0x00, 0xFA, 0xFF, 0xFF, 0x14, 0x00, 0x00, 0x00, 0x00, 0x00, 0x00, 0x00, 0xFF, 0xFF, 0xFF, 
0x00, 0x00, 0xEF, 0xFF, 0xFF, 0x3F, 0x00, 0x00, 0x00, 0x00, 0x00, 0x00, 0x00, 0xFF, 0xFF, 0xFF, 
0x00, 0x00, 0xCC, 0xFF, 0xFF, 0x8A, 0x00, 0x00, 0x00, 0x00, 0x00, 0x00, 0x00, 0xFF, 0xFF, 0xFF, 
0x02, 0x00, 0x86, 0xFF, 0xFF, 0xEE, 0x17, 0x00, 0x00, 0x00, 0x00, 0x00, 0x00, 0xFF, 0xFF, 0xFF, 
0x09, 0x00, 0x1C, 0xF8, 0xFF, 0xFF, 0xC0, 0x0A, 0x00, 0x00, 0x00, 0x00, 0x6B, 0xFF, 0xFF, 0xFF, 
0x2D, 0x00, 0x00, 0x6C, 0xFF, 0xFF, 0xFF, 0xD5, 0x4E, 0x0D, 0x19, 0x8A, 0xBE, 0xFF, 0xFF, 0xFF, 
0xE2, 0xC9, 0x00, 0x00, 0x79, 0xFD, 0xFF, 0xFF, 0xFF, 0xFF, 0xFF, 0xD9, 0x16, 0xFF, 0xFF, 0xFE, 
0xB4, 0x3B, 0x00, 0x00, 0x00, 0x34, 0xA8, 0xE7, 0xF8, 0xDB, 0x89, 0x11, 0x00, 0xFB, 0xA3, 0x2C, 
0x00, 0x00, 0x00, 0x00, 0x00, 0x03, 0x5E, 0xB3, 0xE6, 0xF9, 0xEE, 0xC0, 0x65, 0x04, 0x00, 0x00, 
0x00, 0x00, 0x28, 0xD5, 0xD2, 0x42, 0x08, 0x25, 0xA2, 0xFF, 0xFF, 0xC2, 0x0E, 0x00, 0x00, 0x26, 
0xEF, 0xE5, 0x12, 0x00, 0x00, 0x00, 0x00, 0xA5, 0xFF, 0xFF, 0xB1, 0x00, 0x02, 0xD2, 0xFF, 0x63, 
0x00, 0x00, 0x00, 0x00, 0x00, 0x34, 0xFF, 0xFF, 0xFF, 0x45, 0x53, 0xFF, 0xFF, 0x1F, 0x00, 0x00, 
0x00, 0x00, 0x00, 0x0D, 0xFF, 0xFF, 0xFF, 0xA7, 0xA5, 0xFF, 0xFF, 0xFF, 0xFF, 0xFF, 0xFF, 0xFF, 
0xFF, 0xFF, 0xFF, 0xFF, 0xFF, 0xE5, 0xDD, 0xFF, 0xFF, 0x07, 0x00, 0x00, 0x00, 0x00, 0x00, 0x00, 
0x00, 0x00, 0x00, 0x00, 0xF3, 0xFF, 0xFF, 0x1B, 0x00, 0x00, 0x00, 0x00, 0x00, 0x00, 0x00, 0x00, 
0x00, 0x00, 0xF9, 0xFF, 0xFF, 0x4E, 0x00, 0x00, 0x00, 0x00, 0x00, 0x00, 0x00, 0x00, 0x00, 0x00, 
0xE5, 0xFF, 0xFF, 0xA5, 0x00, 0x00, 0x00, 0x00, 0x00, 0x00, 0x00, 0x00, 0x29, 0xC6, 0xB5, 0xFF, 
0xFF, 0xFB, 0x34, 0x00, 0x00, 0x00, 0x00, 0x00, 0x00, 0x00, 0x87, 0xC5, 0x67, 0xFF, 0xFF, 0xFF, 
0xE1, 0x25, 0x00, 0x00, 0x00, 0x00, 0x00, 0x1F, 0xF1, 0x77, 0x07, 0xE2, 0xFF, 0xFF, 0xFF, 0xF2, 
0x79, 0x22, 0x06, 0x1C, 0x64, 0xE0, 0xF0, 0x14, 0x00, 0x38, 0xF8, 0xFF, 0xFF, 0xFF, 0xFF, 0xFF, 
0xFF, 0xFF, 0xFF, 0xFF, 0x5E, 0x00, 0x00, 0x00, 0x3B, 0xE6, 0xFF, 0xFF, 0xFF, 0xFF, 0xFF, 0xFF, 
0xFB, 0x6C, 0x00, 0x00, 0x00, 0x00, 0x00, 0x0C, 0x75, 0xC7, 0xEF, 0xF8, 0xDE, 0x9B, 0x29, 0x00, 
0x00, 0x00, 0x00, 0x00, 0x00, 0x00, 0x00, 0x00, 0x30, 0xA1, 0xE2, 0xFA, 0xEA, 0xAB, 0x37, 0x00, 
0x00, 0x00, 0x00, 0x00, 0x00, 0x6C, 0xE2, 0x37, 0x09, 0x59, 0xF5, 0xFF, 0xFE, 0x6D, 0x00, 0x00, 
0x00, 0x00, 0x67, 0xFF, 0x60, 0x00, 0x00, 0x00, 0x5A, 0xFF, 0xFF, 0xF1, 0x00, 0x00, 0x00, 0x18, 
0xF1, 0xFF, 0x24, 0x00, 0x00, 0x00, 0x00, 0x78, 0xF2, 0x8B, 0x00, 0x00, 0x00, 0x73, 0xFF, 0xFF, 
0x10, 0x00, 0x00, 0x00, 0x00, 0x00, 0x00, 0x00, 0x00, 0x00, 0x00, 0xBE, 0xFF, 0xFF, 0x06, 0x00, 
0x00, 0x00, 0x00, 0x00, 0x00, 0x00, 0x00, 0x00, 0x00, 0xE1, 0xFF, 0xFF, 0x01, 0x00, 0x00, 0x00, 
0x00, 0x00, 0x00, 0x00, 0x00, 0x00, 0x00, 0xF6, 0xFF, 0xFF, 0x00, 0x00, 0x00, 0x00, 0x00, 0x00, 
0x00, 0x00, 0x00, 0x00, 0x00, 0xFF, 0xFF, 0xFF, 0x00, 0x00, 0x00, 0x00, 0x00, 0x00, 0x00, 0x00, 
0xFF, 0xFF, 0xFF, 0xFF, 0xFF, 0xFF, 0xFF, 0xFF, 0xFF, 0xFF, 0x00, 0x00, 0x00, 0x00, 0x00, 0x00, 
0x00, 0xFF, 0xFF, 0xFF, 0x00, 0x00, 0x00, 0x00, 0x00, 0x00, 0x00, 0x00, 0x00, 0x00, 0x00, 0xFF, 
0xFF, 0xFF, 0x00, 0x00, 0x00, 0x00, 0x00, 0x00, 0x00, 0x00, 0x00, 0x00, 0x00, 0xFF, 0xFF, 0xFF, 
0x00, 0x00, 0x00, 0x00, 0x00, 0x00, 0x00, 0x00, 0x00, 0x00, 0x00, 0xFF, 0xFF, 0xFF, 0x00, 0x00, 
0x00, 0x00, 0x00, 0x00, 0x00, 0x00, 0x00, 0x00, 0x00, 0xFF, 0xFF, 0xFF, 0x00, 0x00, 0x00, 0x00, 
0x00, 0x00, 0x00, 0x00, 0x00, 0x00, 0x00, 0xFF, 0xFF, 0xFF, 0x00, 0x00, 0x00, 0x00, 0x00, 0x00, 
0x00, 0x00, 0x00, 0x00, 0x00, 0xFF, 0xFF, 0xFF, 0x00, 0x00, 0x00, 0x00, 0x00, 0x00, 0x00, 0x00, 
0x00, 0x00, 0x00, 0xFF, 0xFF, 0xFF, 0x00, 0x00, 0x00, 0x00, 0x00, 0x00, 0x00, 0x00, 0x00, 0x00, 
0x00, 0xFF, 0xFF, 0xFF, 0x00, 0x00, 0x00, 0x00, 0x00, 0x00, 0x00, 0x00, 0x00, 0x00, 0x00, 0xFF, 
0xFF, 0xFF, 0x00, 0x00, 0x00, 0x00, 0x00, 0x00, 0x00, 0x00, 0x00, 0x00, 0x02, 0xFF, 0xFF, 0xFF, 
0x03, 0x00, 0x00, 0x00, 0x00, 0x00, 0x00, 0x00, 0x00, 0x00, 0x0E, 0xFF, 0xFF, 0xFF, 0x12, 0x00, 
0x00, 0x00, 0x00, 0x00, 0x00, 0x00, 0x00, 0x00, 0x3B, 0xFF, 0xFF, 0xFF, 0x42, 0x00, 0x00, 0x00, 
0x00, 0x00, 0x00, 0x00, 0x01, 0x2E, 0xD1, 0xFF, 0xFF, 0xFF, 0xD7, 0x38, 0x04, 0x00, 0x00, 0x00, 
0x00, 0x00, 0xFF, 0xFF, 0xFF, 0xFF, 0xFF, 0xFF, 0xFF, 0xFF, 0xFF, 0xFF, 0x00, 0x00, 0x00, 0x00, 
0x00, 0x00, 0x00, 0x08, 0x6A, 0xBF, 0xED, 0xF8, 0xDF, 0xBB, 0x5F, 0x09, 0x00, 0x00, 0x00, 0x00, 
0x00, 0x00, 0x25, 0xD6, 0xFF, 0x94, 0x25, 0x08, 0x41, 0xD4, 0xFF, 0xFF, 0xFF, 0xFF, 0xFF, 0xE6, 
0x00, 0x11, 0xE1, 0xFF, 0x92, 0x00, 0x00, 0x00, 0x00, 0x16, 0xEA, 0xFF, 0xFF, 0x42, 0x00, 0x00, 
0x00, 0x8B, 0xFF, 0xFF, 0x2B, 0x00, 0x00, 0x00, 0x00, 0x00, 0x78, 0xFF, 0xFF, 0xB5, 0x00, 0x00, 
0x00, 0xDE, 0xFF, 0xFF, 0x06, 0x00, 0x00, 0x00, 0x00, 0x00, 0x2D, 0xFF, 0xFF, 0xE2, 0x00, 0x00, 
0x00, 0xF8, 0xFF, 0xFF, 0x09, 0x00, 0x00, 0x00, 0x00, 0x00, 0x0B, 0xFF, 0xFF, 0xF8, 0x00, 0x00, 
0x00, 0xDE, 0xFF, 0xFF, 0x28, 0x00, 0x00, 0x00, 0x00, 0x00, 0x06, 0xFF, 0xFF, 0xDB, 0x00, 0x00, 
0x00, 0x91, 0xFF, 0xFF, 0x71, 0x00, 0x00, 0x00, 0x00, 0x00, 0x26, 0xFF, 0xFF, 0x88, 0x00, 0x00, 
0x00, 0x19, 0xE4, 0xFF, 0xE5, 0x12, 0x00, 0x00, 0x00, 0x00, 0x88, 0xFF, 0xE1, 0x11, 0x00, 0x00, 
0x00, 0x00, 0x29, 0xCE, 0xFF, 0xD1, 0x3F, 0x08, 0x22, 0x88, 0xFD, 0xD9, 0x27, 0x00, 0x00, 0x00, 
0x00, 0x00, 0x00, 0x55, 0xD5, 0xB6, 0xE9, 0xFB, 0xEE, 0xC2, 0x6E, 0x0A, 0x00, 0x00, 0x00, 0x00, 
0x00, 0x00, 0x7C, 0x81, 0x02, 0x00, 0x00, 0x00, 0x00, 0x00, 0x00, 0x00, 0x00, 0x00, 0x00, 0x00, 
0x00, 0x6A, 0xFF, 0x48, 0x05, 0x00, 0x00, 0x00, 0x00, 0x00, 0x00, 0x00, 0x00, 0x00, 0x00, 0x00, 
0x00, 0xE6, 0xFF, 0xFF, 0xFF, 0xFF, 0xFF, 0xFF, 0xFF, 0xFF, 0xFF, 0xFF, 0xE5, 0x98, 0x15, 0x00, 
0x00, 0xCA, 0xFF, 0xFF, 0xFF, 0xFF, 0xFF, 0xFF, 0xFF, 0xFF, 0xFF, 0xFF, 0xFF, 0xFF, 0xE6, 0x23, 
0x00, 0x11, 0xA4, 0xFF, 0xFF, 0xFF, 0xFF, 0xFF, 0xFF, 0xFF, 0xFF, 0xFF, 0xFF, 0xFF, 0xFF, 0xAE, 
0x00, 0x01, 0xAD, 0x65, 0x00, 0x00, 0x00, 0x00, 0x00, 0x00, 0x03, 0x11, 0x29, 0x59, 0xD4, 0xF2, 
0x00, 0x7F, 0xA5, 0x00, 0x00, 0x00, 0x00, 0x00, 0x00, 0x00, 0x00, 0x00, 0x00, 0x00, 0x23, 0xF2, 
0x33, 0xFC, 0x2A, 0x00, 0x00, 0x00, 0x00, 0x00, 0x00, 0x00, 0x00, 0x00, 0x00, 0x00, 0x14, 0xC0, 
0xBB, 0xFF, 0x0F, 0x00, 0x00, 0x00, 0x00, 0x00, 0x00, 0x00, 0x00, 0x00, 0x00, 0x00, 0x7D, 0x56, 
0xF4, 0xFF, 0xA3, 0x0A, 0x00, 0x00, 0x00, 0x00, 0x00, 0x00, 0x00, 0x00, 0x00, 0x60, 0xA9, 0x00, 
0x9F, 0xFF, 0xFF, 0xE8, 0x89, 0x46, 0x1E, 0x0A, 0x02, 0x0C, 0x28, 0x5F, 0xBE, 0xB0, 0x0A, 0x00, 
0x04, 0x84, 0xF7, 0xFF, 0xFF, 0xFF, 0xFF, 0xFF, 0xFF, 0xFF, 0xFF, 0xF1, 0x79, 0x02, 0x00, 0x00, 
0x00, 0x00, 0x1A, 0x75, 0xBA, 0xE6, 0xF8, 0xF5, 0xE0, 0xB6, 0x6E, 0x13, 0x00, 0x00, 0x00, 0x00, 
0x00, 0x00, 0x2C, 0xA2, 0xFB, 0x00, 0x00, 0x00, 0x00, 0x00, 0x00, 0x00, 0x00, 0x00, 0x00, 0x00, 
0x3B, 0xB3, 0xFE, 0xFF, 0xFF, 0x00, 0x00, 0x00, 0x00, 0x00, 0x00, 0x00, 0x00, 0x00, 0x00, 0x00, 
0xC8, 0xE4, 0xFF, 0xFF, 0xFF, 0x00, 0x00, 0x00, 0x00, 0x00, 0x00, 0x00, 0x00, 0x00, 0x00, 0x00, 
0x00, 0x2C, 0xFF, 0xFF, 0xFF, 0x00, 0x00, 0x00, 0x00, 0x00, 0x00, 0x00, 0x00, 0x00, 0x00, 0x00, 
0x00, 0x0A, 0xFF, 0xFF, 0xFF, 0x00, 0x00, 0x00, 0x00, 0x00, 0x00, 0x00, 0x00, 0x00, 0x00, 0x00, 
0x00, 0x03, 0xFF, 0xFF, 0xFF, 0x00, 0x00, 0x00, 0x00, 0x00, 0x00, 0x00, 0x00, 0x00, 0x00, 0x00, 
0x00, 0x01, 0xFF, 0xFF, 0xFF, 0x00, 0x00, 0x00, 0x00, 0x00, 0x00, 0x00, 0x00, 0x00, 0x00, 0x00, 
0x00, 0x00, 0xFF, 0xFF, 0xFF, 0x00, 0x00, 0x00, 0x00, 0x00, 0x00, 0x00, 0x00, 0x00, 0x00, 0x00, 
0x00, 0x00, 0xFF, 0xFF, 0xFF, 0x00, 0x00, 0x00, 0x00, 0x00, 0x00, 0x00, 0x00, 0x00, 0x00, 0x00, 
0x00, 0x00, 0xFF, 0xFF, 0xFF, 0x00, 0x00, 0x2B, 0xA7, 0xEC, 0xEF, 0xB1, 0x26, 0x00, 0x00, 0x00, 
0x00, 0x00, 0xFF, 0xFF, 0xFF, 0x00, 0x56, 0xF7, 0xFF, 0xFF, 0xFF, 0xFF, 0xE5, 0x15, 0x00, 0x00, 
0x00, 0x00, 0xFF, 0xFF, 0xFF, 0x5B, 0xCB, 0x43, 0x0A, 0x30, 0xD9, 0xFF, 0xFF, 0x81, 0x00, 0x00, 
0x00, 0x00, 0xFF, 0xFF, 0xFF, 0xAF, 0x06, 0x00, 0x00, 0x00, 0x4B, 0xFF, 0xFF, 0xCD, 0x00, 0x00, 
0x00, 0x00, 0xFF, 0xFF, 0xFF, 0x06, 0x00, 0x00, 0x00, 0x00, 0x16, 0xFF, 0xFF, 0xEC, 0x00, 0x00, 
0x00, 0x00, 0xFF, 0xFF, 0xFF, 0x00, 0x00, 0x00, 0x00, 0x00, 0x06, 0xFF, 0xFF, 0xF9, 0x00, 0x00, 
0x00, 0x00, 0xFF, 0xFF, 0xFF, 0x00, 0x00, 0x00, 0x00, 0x00, 0x01, 0xFF, 0xFF, 0xFE, 0x00, 0x00, 
0x00, 0x00, 0xFF, 0xFF, 0xFF, 0x00, 0x00, 0x00, 0x00, 0x00, 0x00, 0xFF, 0xFF, 0xFF, 0x00, 0x00, 
0x00, 0x00, 0xFF, 0xFF, 0xFF, 0x00, 0x00, 0x00, 0x00, 0x00, 0x00, 0xFF, 0xFF, 0xFF, 0x00, 0x00, 
0x00, 0x00, 0xFF, 0xFF, 0xFF, 0x00, 0x00, 0x00, 0x00, 0x00, 0x00, 0xFF, 0xFF, 0xFF, 0x00, 0x00, 
0x00, 0x00, 0xFF, 0xFF, 0xFF, 0x00, 0x00, 0x00, 0x00, 0x00, 0x00, 0xFF, 0xFF, 0xFF, 0x00, 0x00, 
0x00, 0x00, 0xFF, 0xFF, 0xFF, 0x00, 0x00, 0x00, 0x00, 0x00, 0x00, 0xFF, 0xFF, 0xFF, 0x00, 0x00, 
0x00, 0x02, 0xFF, 0xFF, 0xFF, 0x01, 0x00, 0x00, 0x00, 0x00, 0x01, 0xFF, 0xFF, 0xFF, 0x05, 0x00, 
0x00, 0x14, 0xFF, 0xFF, 0xFF, 0x0E, 0x00, 0x00, 0x00, 0x00, 0x0C, 0xFF, 0xFF, 0xFF, 0x18, 0x00, 
0x0F, 0x8A, 0xFF, 0xFF, 0xFF, 0x84, 0x0B, 0x00, 0x00, 0x07, 0x7A, 0xFF, 0xFF, 0xFF, 0x8A, 0x0A, 
0xFF, 0xFF, 0xFF, 0xFF, 0xFF, 0xFF, 0xFF, 0x00, 0x00, 0xFF, 0xFF, 0xFF, 0xFF, 0xFF, 0xFF, 0xFF, 
0x00, 0x00, 0x87, 0xF3, 0x87, 0x00, 0x00, 0x00, 0x00, 0xF4, 0xFF, 0xF3, 0x00, 0x00, 0x00, 0x00, 
0x86, 0xF4, 0x86, 0x00, 0x00, 0x00, 0x00, 0x00, 0x00, 0x00, 0x00, 0x00, 0x00, 0x00, 0x00, 0x00, 
0x00, 0x00, 0x00, 0x00, 0x00, 0x00, 0x00, 0x00, 0x00, 0x00, 0x00, 0x00, 0x00, 0x00, 0x00, 0x00, 
0x00, 0x00, 0x00, 0x00, 0x00, 0x00, 0x00, 0x00, 0x00, 0x00, 0x00, 0x00, 0x00, 0x00, 0x00, 0x00, 
0x00, 0x2A, 0x9F, 0xFA, 0x00, 0x00, 0x3B, 0xB1, 0xFE, 0xFF, 0xFF, 0x00, 0x00, 0xC8, 0xE6, 0xFF, 
0xFF, 0xFF, 0x00, 0x00, 0x00, 0x2F, 0xFF, 0xFF, 0xFF, 0x00, 0x00, 0x00, 0x0C, 0xFF, 0xFF, 0xFF, 
0x00, 0x00, 0x00, 0x04, 0xFF, 0xFF, 0xFF, 0x00, 0x00, 0x00, 0x01, 0xFF, 0xFF, 0xFF, 0x00, 0x00, 
0x00, 0x00, 0xFF, 0xFF, 0xFF, 0x00, 0x00, 0x00, 0x00, 0xFF, 0xFF, 0xFF, 0x00, 0x00, 0x00, 0x00, 
0xFF, 0xFF, 0xFF, 0x00, 0x00, 0x00, 0x00, 0xFF, 0xFF, 0xFF, 0x00, 0x00, 0x00, 0x00, 0xFF, 0xFF, 
0xFF, 0x00, 0x00, 0x00, 0x05, 0xFF, 0xFF, 0xFF, 0x01, 0x00, 0x00, 0x1B, 0xFF, 0xFF, 0xFF, 0x13, 
0x00, 0x0A, 0x87, 0xFF, 0xFF, 0xFF, 0x8C, 0x0A, 0xFF, 0xFF, 0xFF, 0xFF, 0xFF, 0xFF, 0xFF, 0x00, 
0x00, 0x00, 0x00, 0x00, 0x00, 0x87, 0xF3, 0x87, 0x00, 0x00, 0x00, 0x00, 0x00, 0x00, 0xF4, 0xFF, 
0xF3, 0x00, 0x00, 0x00, 0x00, 0x00, 0x00, 0x87, 0xF4, 0x87, 0x00, 0x00, 0x00, 0x00, 0x00, 0x00, 
0x00, 0x00, 0x00, 0x00, 0x00, 0x00, 0x00, 0x00, 0x00, 0x00, 0x00, 0x00, 0x00, 0x00, 0x00, 0x00, 
0x00, 0x00, 0x00, 0x00, 0x00, 0x00, 0x00, 0x00, 0x00, 0x00, 0x00, 0x00, 0x00, 0x00, 0x00, 0x00, 
0x00, 0x00, 0x00, 0x00, 0x00, 0x00, 0x00, 0x00, 0x00, 0x00, 0x00, 0x00, 0x00, 0x00, 0x00, 0x00, 
0x00, 0x00, 0x00, 0x00, 0x00, 0x00, 0x29, 0x9D, 0xF9, 0x00, 0x00, 0x00, 0x00, 0x3B, 0xB1, 0xFE, 
0xFF, 0xFF, 0x00, 0x00, 0x00, 0x00, 0xC8, 0xE6, 0xFF, 0xFF, 0xFF, 0x00, 0x00, 0x00, 0x00, 0x00, 
0x2E, 0xFF, 0xFF, 0xFF, 0x00, 0x00, 0x00, 0x00, 0x00, 0x0C, 0xFF, 0xFF, 0xFF, 0x00, 0x00, 0x00, 
0x00, 0x00, 0x04, 0xFF, 0xFF, 0xFF, 0x00, 0x00, 0x00, 0x00, 0x00, 0x01, 0xFF, 0xFF, 0xFF, 0x00, 
0x00, 0x00, 0x00, 0x00, 0x00, 0xFF, 0xFF, 0xFF, 0x00, 0x00, 0x00, 0x00, 0x00, 0x00, 0xFF, 0xFF, 
0xFF, 0x00, 0x00, 0x00, 0x00, 0x00, 0x00, 0xFF, 0xFF, 0xFF, 0x00, 0x00, 0x00, 0x00, 0x00, 0x00, 
0xFF, 0xFF, 0xFF, 0x00, 0x00, 0x00, 0x00, 0x00, 0x00, 0xFF, 0xFF, 0xFF, 0x00, 0x00, 0x00, 0x00, 
0x00, 0x00, 0xFF, 0xFF, 0xFF, 0x00, 0x00, 0x00, 0x00, 0x00, 0x00, 0xFF, 0xFF, 0xFF, 0x00, 0x00, 
0x00, 0x00, 0x00, 0x00, 0xFF, 0xFF, 0xFF, 0x00, 0x00, 0x00, 0x00, 0x00, 0x00, 0xFF, 0xFF, 0xFF, 
0x00, 0x00, 0x00, 0x00, 0x00, 0x00, 0xFF, 0xFF, 0xF8, 0x00, 0x00, 0x00, 0x00, 0x00, 0x00, 0xFF, 
0xFF, 0xE9, 0x00, 0x00, 0x00, 0x00, 0x00, 0x00, 0xFF, 0xFF, 0xC6, 0x00, 0x00, 0x00, 0x00, 0x00, 
0x03, 0xFF, 0xFF, 0x90, 0x00, 0x00, 0x00, 0x00, 0x00, 0x0B, 0xFF, 0xFF, 0x36, 0x88, 0xF2, 0xBA, 
0x1B, 0x00, 0x23, 0xFF, 0xAC, 0x00, 0xEB, 0xFF, 0xFF, 0xDD, 0x2C, 0x82, 0xC6, 0x0F, 0x00, 0x40, 
0xC7, 0xF3, 0xF4, 0xCB, 0x6D, 0x04, 0x00, 0x00, 0x00, 0x00, 0x2C, 0xA2, 0xFB, 0x00, 0x00, 0x00, 
0x00, 0x00, 0x00, 0x00, 0x00, 0x00, 0x00, 0x00, 0x00, 0x3B, 0xB3, 0xFE, 0xFF, 0xFF, 0x00, 0x00, 
0x00, 0x00, 0x00, 0x00, 0x00, 0x00, 0x00, 0x00, 0x00, 0x00, 0xC1, 0xE1, 0xFF, 0xFF, 0xFF, 0x00, 
0x00, 0x00, 0x00, 0x00, 0x00, 0x00, 0x00, 0x00, 0x00, 0x00, 0x00, 0x00, 0x2C, 0xFF, 0xFF, 0xFF, 
0x00, 0x00, 0x00, 0x00, 0x00, 0x00, 0x00, 0x00, 0x00, 0x00, 0x00, 0x00, 0x00, 0x0A, 0xFF, 0xFF, 
0xFF, 0x00, 0x00, 0x00, 0x00, 0x00, 0x00, 0x00, 0x00, 0x00, 0x00, 0x00, 0x00, 0x00, 0x03, 0xFF, 
0xFF, 0xFF, 0x00, 0x00, 0x00, 0x00, 0x00, 0x00, 0x00, 0x00, 0x00, 0x00, 0x00, 0x00, 0x00, 0x01, 
0xFF, 0xFF, 0xFF, 0x00, 0x00, 0x00, 0x00, 0x00, 0x00, 0x00, 0x00, 0x00, 0x00, 0x00, 0x00, 0x00, 
0x00, 0xFF, 0xFF, 0xFF, 0x00, 0x00, 0x00, 0x00, 0x00, 0x00, 0x00, 0x00, 0x00, 0x00, 0x00, 0x00, 
0x00, 0x00, 0xFF, 0xFF, 0xFF, 0x00, 0x00, 0x00, 0x00, 0x00, 0x00, 0x00, 0x00, 0x00, 0x00, 0x00, 
0x00, 0x00, 0x00, 0xFF, 0xFF, 0xFF, 0x00, 0x00, 0x00, 0x00, 0x9C, 0xFF, 0xFF, 0xFF, 0xFF, 0xFF, 
0xFF, 0x00, 0x00, 0x00, 0xFF, 0xFF, 0xFF, 0x00, 0x00, 0x00, 0x00, 0x06, 0x90, 0xFC, 0xA8, 0x4F, 
0x1C, 0x07, 0x00, 0x00, 0x00, 0xFF, 0xFF, 0xFF, 0x00, 0x00, 0x00, 0x00, 0x0F, 0xB1, 0x32, 0x00, 
0x00, 0x00, 0x00, 0x00, 0x00, 0x00, 0xFF, 0xFF, 0xFF, 0x00, 0x00, 0x00, 0x1D, 0xBA, 0x29, 0x00, 
0x00, 0x00, 0x00, 0x00, 0x00, 0x00, 0x00, 0xFF, 0xFF, 0xFF, 0x00, 0x00, 0x24, 0xC0, 0x22, 0x00, 
0x00, 0x00, 0x00, 0x00, 0x00, 0x00, 0x00, 0x00, 0xFF, 0xFF, 0xFF, 0x00, 0x2B, 0xC0, 0x1C, 0x00, 
0x00, 0x00, 0x00, 0x00, 0x00, 0x00, 0x00, 0x00, 0x00, 0xFF, 0xFF, 0xFF, 0x33, 0xEC, 0xDA, 0x0F, 
0x00, 0x00, 0x00, 0x00, 0x00, 0x00, 0x00, 0x00, 0x00, 0x00, 0xFF, 0xFF, 0xFF, 0xC5, 0xFF, 0xFF, 
0xB2, 0x01, 0x00, 0x00, 0x00, 0x00, 0x00, 0x00, 0x00, 0x00, 0x00, 0xFF, 0xFF, 0xFF, 0x25, 0xF0, 
0xFF, 0xFF, 0x7E, 0x00, 0x00, 0x00, 0x00, 0x00, 0x00, 0x00, 0x00, 0x00, 0xFF, 0xFF, 0xFF, 0x00, 
0x4D, 0xFE, 0xFF, 0xFD, 0x49, 0x00, 0x00, 0x00, 0x00, 0x00, 0x00, 0x00, 0x00, 0xFF, 0xFF, 0xFF, 
0x00, 0x00, 0x80, 0xFF, 0xFF, 0xEE, 0x23, 0x00, 0x00, 0x00, 0x00, 0x00, 0x00, 0x00, 0xFF, 0xFF, 
0xFF, 0x00, 0x00, 0x01, 0xB3, 0xFF, 0xFF, 0xD1, 0x0A, 0x00, 0x00, 0x00, 0x00, 0x00, 0x05, 0xFF, 
0xFF, 0xFF, 0x01, 0x00, 0x00, 0x0F, 0xDA, 0xFF, 0xFF, 0xA7, 0x00, 0x00, 0x00, 0x00, 0x00, 0x1A, 
0xFF, 0xFF, 0xFF, 0x12, 0x00, 0x00, 0x00, 0x2B, 0xF0, 0xFF, 0xFF, 0x74, 0x00, 0x00, 0x00, 0x0D, 
0x8D, 0xFF, 0xFF, 0xFF, 0x78, 0x09, 0x00, 0x00, 0x04, 0xA0, 0xFF, 0xFF, 0xFC, 0x81, 0x20, 0x03, 
0xFF, 0xFF, 0xFF, 0xFF, 0xFF, 0xFF, 0xFF, 0x00, 0x00, 0x9C, 0xFF, 0xFF, 0xFF, 0xFF, 0xFF, 0xFF, 
0xFF, 0x00, 0x00, 0x2B, 0xA0, 0xFA, 0x00, 0x00, 0x3B, 0xB2, 0xFE, 0xFF, 0xFF, 0x00, 0x00, 0xC4, 
0xE3, 0xFF, 0xFF, 0xFF, 0x00, 0x00, 0x00, 0x2C, 0xFF, 0xFF, 0xFF, 0x00, 0x00, 0x00, 0x0A, 0xFF, 
0xFF, 0xFF, 0x00, 0x00, 0x00, 0x03, 0xFF, 0xFF, 0xFF, 0x00, 0x00, 0x00, 0x01, 0xFF, 0xFF, 0xFF, 
0x00, 0x00, 0x00, 0x00, 0xFF, 0xFF, 0xFF, 0x00, 0x00, 0x00, 0x00, 0xFF, 0xFF, 0xFF, 0x00, 0x00, 
0x00, 0x00, 0xFF, 0xFF, 0xFF, 0x00, 0x00, 0x00, 0x00, 0xFF, 0xFF, 0xFF, 0x00, 0x00, 0x00, 0x00, 
0xFF, 0xFF, 0xFF, 0x00, 0x00, 0x00, 0x00, 0xFF, 0xFF, 0xFF, 0x00, 0x00, 0x00, 0x00, 0xFF, 0xFF, 
0xFF, 0x00, 0x00, 0x00, 0x00, 0xFF, 0xFF, 0xFF, 0x00, 0x00, 0x00, 0x00, 0xFF, 0xFF, 0xFF, 0x00, 
0x00, 0x00, 0x00, 0xFF, 0xFF, 0xFF, 0x00, 0x00, 0x00, 0x00, 0xFF, 0xFF, 0xFF, 0x00, 0x00, 0x00, 
0x00, 0xFF, 0xFF, 0xFF, 0x00, 0x00, 0x00, 0x00, 0xFF, 0xFF, 0xFF, 0x00, 0x00, 0x00, 0x00, 0xFF, 
0xFF, 0xFF, 0x00, 0x00, 0x00, 0x05, 0xFF, 0xFF, 0xFF, 0x01, 0x00, 0x00, 0x1B, 0xFF, 0xFF, 0xFF, 
0x14, 0x00, 0x0A, 0x88, 0xFF, 0xFF, 0xFF, 0x8D, 0x0B, 0xFF, 0xFF, 0xFF, 0xFF, 0xFF, 0xFF, 0xFF, 
0x00, 0x00, 0x29, 0x9D, 0xF9, 0x00, 0x00, 0x22, 0x9F, 0xEA, 0xF0, 0xB7, 0x2E, 0x00, 0x00, 0x00, 
0x36, 0xAD, 0xEB, 0xF1, 0xB4, 0x28, 0x00, 0x00, 0x00, 0x3B, 0xB1, 0xFE, 0xFF, 0xFF, 0x00, 0x47, 
0xF2, 0xFF, 0xFF, 0xFF, 0xFF, 0xEF, 0x25, 0x00, 0x6B, 0xFC, 0xFF, 0xFF, 0xFF, 0xFF, 0xEA, 0x18, 
0x00, 0x00, 0xC8, 0xE6, 0xFF, 0xFF, 0xFF, 0x46, 0xC2, 0x41, 0x09, 0x37, 0xE1, 0xFF, 0xFF, 0x9E, 
0x68, 0xCB, 0x41, 0x09, 0x2A, 0xD0, 0xFF, 0xFF, 0x90, 0x00, 0x00, 0x00, 0x2F, 0xFF, 0xFF, 0xFF, 
0x91, 0x04, 0x00, 0x00, 0x00, 0x58, 0xFF, 0xFF, 0xF6, 0xA7, 0x06, 0x00, 0x00, 0x00, 0x41, 0xFF, 
0xFF, 0xDA, 0x00, 0x00, 0x00, 0x0C, 0xFF, 0xFF, 0xFF, 0x01, 0x00, 0x00, 0x00, 0x00, 0x18, 0xFF, 
0xFF, 0xFF, 0x03, 0x00, 0x00, 0x00, 0x00, 0x0F, 0xFF, 0xFF, 0xF5, 0x00, 0x00, 0x00, 0x04, 0xFF, 
0xFF, 0xFF, 0x00, 0x00, 0x00, 0x00, 0x00, 0x04, 0xFF, 0xFF, 0xFF, 0x00, 0x00, 0x00, 0x00, 0x00, 
0x01, 0xFF, 0xFF, 0xFE, 0x00, 0x00, 0x00, 0x01, 0xFF, 0xFF, 0xFF, 0x00, 0x00, 0x00, 0x00, 0x00, 
0x00, 0xFF, 0xFF, 0xFF, 0x00, 0x00, 0x00, 0x00, 0x00, 0x00, 0xFF, 0xFF, 0xFF, 0x00, 0x00, 0x00, 
0x00, 0xFF, 0xFF, 0xFF, 0x00, 0x00, 0x00, 0x00, 0x00, 0x00, 0xFF, 0xFF, 0xFF, 0x00, 0x00, 0x00, 
0x00, 0x00, 0x00, 0xFF, 0xFF, 0xFF, 0x00, 0x00, 0x00, 0x00, 0xFF, 0xFF, 0xFF, 0x00, 0x00, 0x00, 
0x00, 0x00, 0x00, 0xFF, 0xFF, 0xFF, 0x00, 0x00, 0x00, 0x00, 0x00, 0x00, 0xFF, 0xFF, 0xFF, 0x00, 
0x00, 0x00, 0x00, 0xFF, 0xFF, 0xFF, 0x00, 0x00, 0x00, 0x00, 0x00, 0x00, 0xFF, 0xFF, 0xFF, 0x00, 
0x00, 0x00, 0x00, 0x00, 0x00, 0xFF, 0xFF, 0xFF, 0x00, 0x00, 0x00, 0x00, 0xFF, 0xFF, 0xFF, 0x00, 
0x00, 0x00, 0x00, 0x00, 0x00, 0xFF, 0xFF, 0xFF, 0x00, 0x00, 0x00, 0x00, 0x00, 0x00, 0xFF, 0xFF, 
0xFF, 0x00, 0x00, 0x00, 0x00, 0xFF, 0xFF, 0xFF, 0x00, 0x00, 0x00, 0x00, 0x00, 0x00, 0xFF, 0xFF, 
0xFF, 0x00, 0x00, 0x00, 0x00, 0x00, 0x00, 0xFF, 0xFF, 0xFF, 0x00, 0x00, 0x00, 0x04, 0xFF, 0xFF, 
0xFF, 0x01, 0x00, 0x00, 0x00, 0x00, 0x01, 0xFF, 0xFF, 0xFF, 0x01, 0x00, 0x00, 0x00, 0x00, 0x01, 
0xFF, 0xFF, 0xFF, 0x04, 0x00, 0x00, 0x19, 0xFF, 0xFF, 0xFF, 0x10, 0x00, 0x00, 0x00, 0x00, 0x0D, 
0xFF, 0xFF, 0xFF, 0x0E, 0x00, 0x00, 0x00, 0x00, 0x0B, 0xFF, 0xFF, 0xFF, 0x17, 0x00, 0x0B, 0x88, 
0xFF, 0xFF, 0xFF, 0x82, 0x09, 0x00, 0x00, 0x0C, 0x84, 0xFF, 0xFF, 0xFF, 0x86, 0x0C, 0x00, 0x00, 
0x0A, 0x83, 0xFF, 0xFF, 0xFF, 0x90, 0x0D, 0xFF, 0xFF, 0xFF, 0xFF, 0xFF, 0xFF, 0xFF, 0x00, 0x00, 
0xFF, 0xFF, 0xFF, 0xFF, 0xFF, 0xFF, 0xFF, 0x00, 0x00, 0xFF, 0xFF, 0xFF, 0xFF, 0xFF, 0xFF, 0xFF, 
0x00, 0x00, 0x29, 0x9D, 0xF9, 0x00, 0x00, 0x24, 0x9F, 0xE7, 0xF1, 0xB5, 0x2A, 0x00, 0x00, 0x00, 
0x3B, 0xB1, 0xFE, 0xFF, 0xFF, 0x00, 0x54, 0xF3, 0xFF, 0xFF, 0xFF, 0xFF, 0xEA, 0x18, 0x00, 0x00, 
0xC8, 0xE5, 0xFF, 0xFF, 0xFF, 0x56, 0xCB, 0x48, 0x0C, 0x2F, 0xD8, 0xFF, 0xFF, 0x8E, 0x00, 0x00, 
0x00, 0x2C, 0xFF, 0xFF, 0xFF, 0xA8, 0x07, 0x00, 0x00, 0x00, 0x4C, 0xFF, 0xFF, 0xD8, 0x00, 0x00, 
0x00, 0x0A, 0xFF, 0xFF, 0xFF, 0x05, 0x00, 0x00, 0x00, 0x00, 0x16, 0xFF, 0xFF, 0xF5, 0x00, 0x00, 
0x00, 0x03, 0xFF, 0xFF, 0xFF, 0x00, 0x00, 0x00, 0x00, 0x00, 0x03, 0xFF, 0xFF, 0xFE, 0x00, 0x00, 
0x00, 0x01, 0xFF, 0xFF, 0xFF, 0x00, 0x00, 0x00, 0x00, 0x00, 0x00, 0xFF, 0xFF, 0xFF, 0x00, 0x00, 
0x00, 0x00, 0xFF, 0xFF, 0xFF, 0x00, 0x00, 0x00, 0x00, 0x00, 0x00, 0xFF, 0xFF, 0xFF, 0x00, 0x00, 
0x00, 0x00, 0xFF, 0xFF, 0xFF, 0x00, 0x00, 0x00, 0x00, 0x00, 0x00, 0xFF, 0xFF, 0xFF, 0x00, 0x00, 
0x00, 0x00, 0xFF, 0xFF, 0xFF, 0x00, 0x00, 0x00, 0x00, 0x00, 0x00, 0xFF, 0xFF, 0xFF, 0x00, 0x00, 
0x00, 0x00, 0xFF, 0xFF, 0xFF, 0x00, 0x00, 0x00, 0x00, 0x00, 0x00, 0xFF, 0xFF, 0xFF, 0x00, 0x00, 
0x00, 0x00, 0xFF, 0xFF, 0xFF, 0x00, 0x00, 0x00, 0x00, 0x00, 0x00, 0xFF, 0xFF, 0xFF, 0x00, 0x00, 
0x00, 0x04, 0xFF, 0xFF, 0xFF, 0x01, 0x00, 0x00, 0x00, 0x00, 0x01, 0xFF, 0xFF, 0xFF, 0x05, 0x00, 
0x00, 0x1C, 0xFF, 0xFF, 0xFF, 0x0F, 0x00, 0x00, 0x00, 0x00, 0x0D, 0xFF, 0xFF, 0xFF, 0x19, 0x00, 
0x0B, 0x8C, 0xFF, 0xFF, 0xFF, 0x7B, 0x09, 0x00, 0x00, 0x08, 0x7E, 0xFF, 0xFF, 0xFF, 0x8C, 0x0A, 
0xFF, 0xFF, 0xFF, 0xFF, 0xFF, 0xFF, 0xFF, 0x00, 0x00, 0xFF, 0xFF, 0xFF, 0xFF, 0xFF, 0xFF, 0xFF, 
0x00, 0x00, 0x00, 0x00, 0x2A, 0x8E, 0xD0, 0xEF, 0xF4, 0xDB, 0x9F, 0x45, 0x00, 0x00, 0x00, 0x00, 
0x00, 0x00, 0x09, 0x9F, 0xFF, 0x9A, 0x2A, 0x07, 0x27, 0x90, 0xFD, 0xFF, 0xB6, 0x13, 0x00, 0x00, 
0x00, 0x07, 0xC1, 0xFF, 0x87, 0x00, 0x00, 0x00, 0x00, 0x00, 0x66, 0xFF, 0xFF, 0xD5, 0x14, 0x00, 
0x00, 0x8B, 0xFF, 0xEC, 0x08, 0x00, 0x00, 0x00, 0x00, 0x00, 0x00, 0xB1, 0xFF, 0xFF, 0xB5, 0x00, 
0x20, 0xFB, 0xFF, 0xA3, 0x00, 0x00, 0x00, 0x00, 0x00, 0x00, 0x00, 0x33, 0xFF, 0xFF, 0xFF, 0x45, 
0x86, 0xFF, 0xFF, 0x79, 0x00, 0x00, 0x00, 0x00, 0x00, 0x00, 0x00, 0x00, 0xD7, 0xFF, 0xFF, 0xA7, 
0xCE, 0xFF, 0xFF, 0x66, 0x00, 0x00, 0x00, 0x00, 0x00, 0x00, 0x00, 0x00, 0x9F, 0xFF, 0xFF, 0xE2, 
0xF4, 0xFF, 0xFF, 0x6A, 0x00, 0x00, 0x00, 0x00, 0x00, 0x00, 0x00, 0x00, 0x79, 0xFF, 0xFF, 0xF9, 
0xF8, 0xFF, 0xFF, 0x7D, 0x00, 0x00, 0x00, 0x00, 0x00, 0x00, 0x00, 0x00, 0x69, 0xFF, 0xFF, 0xF0, 
0xDE, 0xFF, 0xFF, 0xA9, 0x00, 0x00, 0x00, 0x00, 0x00, 0x00, 0x00, 0x00, 0x65, 0xFF, 0xFF, 0xC6, 
0xA0, 0xFF, 0xFF, 0xE9, 0x02, 0x00, 0x00, 0x00, 0x00, 0x00, 0x00, 0x00, 0x75, 0xFF, 0xFF, 0x7A, 
0x3C, 0xFF, 0xFF, 0xFF, 0x49, 0x00, 0x00, 0x00, 0x00, 0x00, 0x00, 0x00, 0x9B, 0xFF, 0xF7, 0x17, 
0x00, 0xAE, 0xFF, 0xFF, 0xC8, 0x02, 0x00, 0x00, 0x00, 0x00, 0x00, 0x02, 0xE2, 0xFF, 0x81, 0x00, 
0x00, 0x13, 0xD4, 0xFF, 0xFF, 0x83, 0x00, 0x00, 0x00, 0x00, 0x00, 0x71, 0xFF, 0xBA, 0x04, 0x00, 
0x00, 0x00, 0x16, 0xBC, 0xFF, 0xFF, 0xA3, 0x2E, 0x07, 0x20, 0x88, 0xFD, 0x9B, 0x07, 0x00, 0x00, 
0x00, 0x00, 0x00, 0x00, 0x4D, 0xA8, 0xE0, 0xF8, 0xF6, 0xD6, 0x94, 0x30, 0x00, 0x00, 0x00, 0x00, 
0x00, 0x00, 0x24, 0x96, 0xF6, 0x00, 0x00, 0x44, 0xB5, 0xEC, 0xF4, 0xC9, 0x66, 0x02, 0x00, 0x00, 
0x3A, 0xAE, 0xFD, 0xFF, 0xFF, 0x00, 0x86, 0xFF, 0xFF, 0xFF, 0xFF, 0xFF, 0xFF, 0xB3, 0x07, 0x00, 
0xCF, 0xEB, 0xFF, 0xFF, 0xFF, 0x71, 0xCA, 0x40, 0x09, 0x1F, 0x8E, 0xFF, 0xFF, 0xFF, 0x91, 0x00, 
0x00, 0x28, 0xFF, 0xFF, 0xFF, 0xAF, 0x08, 0x00, 0x00, 0x00, 0x00, 0x83, 0xFF, 0xFF, 0xFE, 0x27, 
0x00, 0x03, 0xFF, 0xFF, 0xFF, 0x06, 0x00, 0x00, 0x00, 0x00, 0x00, 0x05, 0xDC, 0xFF, 0xFF, 0x8D, 
0x00, 0x00, 0xFF, 0xFF, 0xFF, 0x00, 0x00, 0x00, 0x00, 0x00, 0x00, 0x00, 0x79, 0xFF, 0xFF, 0xCD, 
0x00, 0x00, 0xFF, 0xFF, 0xFF, 0x00, 0x00, 0x00, 0x00, 0x00, 0x00, 0x00, 0x3B, 0xFF, 0xFF, 0xED, 
0x00, 0x00, 0xFF, 0xFF, 0xFF, 0x00, 0x00, 0x00, 0x00, 0x00, 0x00, 0x00, 0x14, 0xFF, 0xFF, 0xFA, 
0x00, 0x00, 0xFF, 0xFF, 0xFF, 0x00, 0x00, 0x00, 0x00, 0x00, 0x00, 0x00, 0x05, 0xFF, 0xFF, 0xEA, 
0x00, 0x00, 0xFF, 0xFF, 0xFF, 0x00, 0x00, 0x00, 0x00, 0x00, 0x00, 0x00, 0x0B, 0xFF, 0xFF, 0xCB, 
0x00, 0x00, 0xFF, 0xFF, 0xFF, 0x01, 0x00, 0x00, 0x00, 0x00, 0x00, 0x00, 0x23, 0xFF, 0xFF, 0x8B, 
0x00, 0x00, 0xFF, 0xFF, 0xFF, 0x09, 0x00, 0x00, 0x00, 0x00, 0x00, 0x00, 0x5A, 0xFF, 0xFE, 0x2E, 
0x00, 0x00, 0xFF, 0xFF, 0xFF, 0x2F, 0x00, 0x00, 0x00, 0x00, 0x00, 0x00, 0xB9, 0xFF, 0xAA, 0x00, 
0x00, 0x00, 0xFF, 0xFF, 0xFF, 0xAD, 0x01, 0x00, 0x00, 0x00, 0x00, 0x54, 0xFF, 0xE0, 0x12, 0x00, 
0x00, 0x00, 0xFF, 0xFF, 0xFF, 0xEA, 0xB3, 0x36, 0x0A, 0x17, 0x73, 0xF8, 0xD6, 0x20, 0x00, 0x00, 
0x00, 0x00, 0xFF, 0xFF, 0xFF, 0x1A, 0x96, 0xDF, 0xFA, 0xEF, 0xC4, 0x6C, 0x06, 0x00, 0x00, 0x00, 
0x00, 0x00, 0xFF, 0xFF, 0xFF, 0x00, 0x00, 0x00, 0x00, 0x00, 0x00, 0x00, 0x00, 0x00, 0x00, 0x00, 
0x00, 0x00, 0xFF, 0xFF, 0xFF, 0x00, 0x00, 0x00, 0x00, 0x00, 0x00, 0x00, 0x00, 0x00, 0x00, 0x00, 
0x00, 0x00, 0xFF, 0xFF, 0xFF, 0x00, 0x00, 0x00, 0x00, 0x00, 0x00, 0x00, 0x00, 0x00, 0x00, 0x00, 
0x00, 0x00, 0xFF, 0xFF, 0xFF, 0x00, 0x00, 0x00, 0x00, 0x00, 0x00, 0x00, 0x00, 0x00, 0x00, 0x00, 
0x00, 0x02, 0xFF, 0xFF, 0xFF, 0x01, 0x00, 0x00, 0x00, 0x00, 0x00, 0x00, 0x00, 0x00, 0x00, 0x00, 
0x00, 0x0F, 0xFF, 0xFF, 0xFF, 0x0F, 0x00, 0x00, 0x00, 0x00, 0x00, 0x00, 0x00, 0x00, 0x00, 0x00, 
0x07, 0x7B, 0xFF, 0xFF, 0xFF, 0x83, 0x0A, 0x00, 0x00, 0x00, 0x00, 0x00, 0x00, 0x00, 0x00, 0x00, 
0xFF, 0xFF, 0xFF, 0xFF, 0xFF, 0xFF, 0xFF, 0x00, 0x00, 0x00, 0x00, 0x00, 0x00, 0x00, 0x00, 0x00, 
0x00, 0x00, 0x00, 0x00, 0x35, 0x9A, 0xDC, 0xF6, 0xE8, 0xBD, 0x50, 0x47, 0xAD, 0xFB, 0x00, 0x00, 
0x00, 0x00, 0x05, 0x98, 0xFE, 0xA1, 0x2D, 0x07, 0x24, 0x90, 0xFE, 0xFF, 0xFF, 0xFF, 0x00, 0x00, 
0x00, 0x03, 0xB7, 0xFF, 0x7E, 0x00, 0x00, 0x00, 0x00, 0x00, 0x85, 0xFF, 0xFF, 0xFF, 0x00, 0x00, 
0x00, 0x88, 0xFF, 0xCD, 0x02, 0x00, 0x00, 0x00, 0x00, 0x00, 0x22, 0xFF, 0xFF, 0xFF, 0x00, 0x00, 
0x1D, 0xFA, 0xFF, 0x68, 0x00, 0x00, 0x00, 0x00, 0x00, 0x00, 0x05, 0xFF, 0xFF, 0xFF, 0x00, 0x00, 
0x81, 0xFF, 0xFF, 0x2D, 0x00, 0x00, 0x00, 0x00, 0x00, 0x00, 0x00, 0xFF, 0xFF, 0xFF, 0x00, 0x00, 
0xC4, 0xFF, 0xFF, 0x0E, 0x00, 0x00, 0x00, 0x00, 0x00, 0x00, 0x00, 0xFF, 0xFF, 0xFF, 0x00, 0x00, 
0xE9, 0xFF, 0xFF, 0x03, 0x00, 0x00, 0x00, 0x00, 0x00, 0x00, 0x00, 0xFF, 0xFF, 0xFF, 0x00, 0x00, 
0xFA, 0xFF, 0xFF, 0x0D, 0x00, 0x00, 0x00, 0x00, 0x00, 0x00, 0x00, 0xFF, 0xFF, 0xFF, 0x00, 0x00, 
0xF2, 0xFF, 0xFF, 0x2D, 0x00, 0x00, 0x00, 0x00, 0x00, 0x00, 0x00, 0xFF, 0xFF, 0xFF, 0x00, 0x00, 
0xD4, 0xFF, 0xFF, 0x6A, 0x00, 0x00, 0x00, 0x00, 0x00, 0x00, 0x00, 0xFF, 0xFF, 0xFF, 0x00, 0x00, 
0x96, 0xFF, 0xFF, 0xD2, 0x03, 0x00, 0x00, 0x00, 0x00, 0x00, 0x00, 0xFF, 0xFF, 0xFF, 0x00, 0x00, 
0x31, 0xFF, 0xFF, 0xFF, 0x89, 0x00, 0x00, 0x00, 0x00, 0x00, 0x32, 0xFF, 0xFF, 0xFF, 0x00, 0x00, 
0x00, 0x97, 0xFF, 0xFF, 0xFF, 0xAA, 0x32, 0x07, 0x18, 0x62, 0x98, 0xFF, 0xFF, 0xFF, 0x00, 0x00, 
0x00, 0x06, 0xAC, 0xFF, 0xFF, 0xFF, 0xFF, 0xFF, 0xFF, 0x96, 0x04, 0xFF, 0xFF, 0xFF, 0x00, 0x00, 
0x00, 0x00, 0x01, 0x5E, 0xC8, 0xF5, 0xED, 0xB3, 0x46, 0x00, 0x00, 0xFF, 0xFF, 0xFF, 0x00, 0x00, 
0x00, 0x00, 0x00, 0x00, 0x00, 0x00, 0x00, 0x00, 0x00, 0x00, 0x00, 0xFF, 0xFF, 0xFF, 0x00, 0x00, 
0x00, 0x00, 0x00, 0x00, 0x00, 0x00, 0x00, 0x00, 0x00, 0x00, 0x00, 0xFF, 0xFF, 0xFF, 0x00, 0x00, 
0x00, 0x00, 0x00, 0x00, 0x00, 0x00, 0x00, 0x00, 0x00, 0x00, 0x00, 0xFF, 0xFF, 0xFF, 0x00, 0x00, 
0x00, 0x00, 0x00, 0x00, 0x00, 0x00, 0x00, 0x00, 0x00, 0x00, 0x00, 0xFF, 0xFF, 0xFF, 0x00, 0x00, 
0x00, 0x00, 0x00, 0x00, 0x00, 0x00, 0x00, 0x00, 0x00, 0x00, 0x04, 0xFF, 0xFF, 0xFF, 0x01, 0x00, 
0x00, 0x00, 0x00, 0x00, 0x00, 0x00, 0x00, 0x00, 0x00, 0x00, 0x17, 0xFF, 0xFF, 0xFF, 0x10, 0x00, 
0x00, 0x00, 0x00, 0x00, 0x00, 0x00, 0x00, 0x00, 0x00, 0x08, 0x80, 0xFF, 0xFF, 0xFF, 0x85, 0x0A, 
0x00, 0x00, 0x00, 0x00, 0x00, 0x00, 0x00, 0x00, 0x00, 0xFF, 0xFF, 0xFF, 0xFF, 0xFF, 0xFF, 0xFF, 
0x00, 0x00, 0x28, 0x9C, 0xF9, 0x00, 0x0C, 0x91, 0xEB, 0xE5, 0x5A, 0x3A, 0xB0, 0xFE, 0xFF, 0xFF, 
0x0B, 0xC5, 0xFF, 0xFF, 0xFF, 0xF0, 0xCC, 0xE9, 0xFF, 0xFF, 0xFF, 0x9E, 0x78, 0x18, 0x92, 0xF1, 
0x98, 0x00, 0x2D, 0xFF, 0xFF, 0xFF, 0xA1, 0x00, 0x00, 0x00, 0x00, 0x00, 0x00, 0x0A, 0xFF, 0xFF, 
0xFF, 0x14, 0x00, 0x00, 0x00, 0x00, 0x00, 0x00, 0x03, 0xFF, 0xFF, 0xFF, 0x00, 0x00, 0x00, 0x00, 
0x00, 0x00, 0x00, 0x01, 0xFF, 0xFF, 0xFF, 0x00, 0x00, 0x00, 0x00, 0x00, 0x00, 0x00, 0x00, 0xFF, 
0xFF, 0xFF, 0x00, 0x00, 0x00, 0x00, 0x00, 0x00, 0x00, 0x00, 0xFF, 0xFF, 0xFF, 0x00, 0x00, 0x00, 
0x00, 0x00, 0x00, 0x00, 0x00, 0xFF, 0xFF, 0xFF, 0x00, 0x00, 0x00, 0x00, 0x00, 0x00, 0x00, 0x00, 
0xFF, 0xFF, 0xFF, 0x00, 0x00, 0x00, 0x00, 0x00, 0x00, 0x00, 0x00, 0xFF, 0xFF, 0xFF, 0x00, 0x00, 
0x00, 0x00, 0x00, 0x00, 0x00, 0x01, 0xFF, 0xFF, 0xFF, 0x05, 0x00, 0x00, 0x00, 0x00, 0x00, 0x00, 
0x0D, 0xFF, 0xFF, 0xFF, 0x1A, 0x00, 0x00, 0x00, 0x00, 0x00, 0x0F, 0x8B, 0xFF, 0xFF, 0xFF, 0x77, 
0x07, 0x00, 0x00, 0x00, 0x00, 0xFF, 0xFF, 0xFF, 0xFF, 0xFF, 0xFF, 0xFF, 0x00, 0x00, 0x00, 0x00, 
0x00, 0x0B, 0x82, 0xD8, 0xF8, 0xE3, 0x96, 0x35, 0x3E, 0xFF, 0x00, 0x0F, 0xD0, 0xCF, 0x3C, 0x0A, 
0x1E, 0x68, 0xE9, 0xFF, 0xFF, 0x00, 0x91, 0xFF, 0x23, 0x00, 0x00, 0x00, 0x00, 0x28, 0xF6, 0xFF, 
0x00, 0xE6, 0xFF, 0x1A, 0x00, 0x00, 0x00, 0x00, 0x00, 0x8B, 0xFF, 0x00, 0xF6, 0xFF, 0xA0, 0x01, 
0x00, 0x00, 0x00, 0x00, 0x2A, 0xFF, 0x00, 0xCE, 0xFF, 0xFF, 0xC2, 0x38, 0x00, 0x00, 0x00, 0x00, 
0x00, 0x00, 0x52, 0xFF, 0xFF, 0xFF, 0xFF, 0xC0, 0x4B, 0x01, 0x00, 0x00, 0x00, 0x00, 0x5C, 0xEF, 
0xFF, 0xFF, 0xFF, 0xFF, 0xD0, 0x44, 0x00, 0x00, 0x00, 0x00, 0x14, 0x8C, 0xF4, 0xFF, 0xFF, 0xFF, 
0xFF, 0x88, 0x00, 0x00, 0x00, 0x00, 0x00, 0x13, 0x87, 0xF6, 0xFF, 0xFF, 0xFF, 0x64, 0x00, 0x00, 
0x00, 0x00, 0x00, 0x00, 0x26, 0xDD, 0xFF, 0xFF, 0xD4, 0xFF, 0x2F, 0x00, 0x00, 0x00, 0x00, 0x00, 
0x48, 0xFF, 0xFF, 0xF7, 0xFF, 0x93, 0x00, 0x00, 0x00, 0x00, 0x00, 0x0C, 0xFF, 0xFF, 0xD8, 0xFF, 
0xFD, 0x4B, 0x00, 0x00, 0x00, 0x00, 0x33, 0xFF, 0xFF, 0x72, 0xFF, 0xFF, 0xF9, 0x8C, 0x2B, 0x0A, 
0x38, 0xD6, 0xFF, 0x9F, 0x03, 0xFF, 0x3A, 0x3F, 0x90, 0xD5, 0xF5, 0xF0, 0xBA, 0x4E, 0x00, 0x00, 
0x00, 0x00, 0x00, 0x00, 0x2F, 0xFF, 0x00, 0x00, 0x00, 0x00, 0x00, 0x00, 0x00, 0x00, 0x95, 0xFF, 
0x00, 0x00, 0x00, 0x00, 0x00, 0x00, 0x00, 0x23, 0xF5, 0xFF, 0x00, 0x00, 0x00, 0x00, 0x00, 0x00, 
0x11, 0xCD, 0xFF, 0xFF, 0x00, 0x00, 0x00, 0x00, 0x00, 0x34, 0xD6, 0xFF, 0xFF, 0xFF, 0x00, 0x00, 
0x00, 0x00, 0xAF, 0xFD, 0xFF, 0xFF, 0xFF, 0xFF, 0xFF, 0xFF, 0xFF, 0xC4, 0x00, 0x00, 0x00, 0xFF, 
0xFF, 0xFF, 0x00, 0x00, 0x00, 0x00, 0x00, 0x00, 0x00, 0xFF, 0xFF, 0xFF, 0x00, 0x00, 0x00, 0x00, 
0x00, 0x00, 0x00, 0xFF, 0xFF, 0xFF, 0x00, 0x00, 0x00, 0x00, 0x00, 0x00, 0x00, 0xFF, 0xFF, 0xFF, 
0x00, 0x00, 0x00, 0x00, 0x00, 0x00, 0x00, 0xFF, 0xFF, 0xFF, 0x00, 0x00, 0x00, 0x00, 0x00, 0x00, 
0x00, 0xFF, 0xFF, 0xFF, 0x00, 0x00, 0x00, 0x00, 0x00, 0x00, 0x00, 0xFF, 0xFF, 0xFF, 0x00, 0x00, 
0x00, 0x00, 0x00, 0x00, 0x00, 0xFF, 0xFF, 0xFF, 0x00, 0x00, 0x00, 0x00, 0x00, 0x00, 0x00, 0xFF, 
0xFF, 0xFF, 0x00, 0x00, 0x00, 0x00, 0x00, 0x00, 0x00, 0xFF, 0xFF, 0xFF, 0x00, 0x00, 0x00, 0x00, 
0x00, 0x00, 0x00, 0xFF, 0xFF, 0xFF, 0x01, 0x00, 0x00, 0x00, 0x00, 0x00, 0x00, 0xF4, 0xFF, 0xFF, 
0x14, 0x00, 0x00, 0x00, 0x00, 0x00, 0x00, 0xD6, 0xFF, 0xFF, 0x7C, 0x12, 0x81, 0xB8, 0x00, 0x00, 
0x00, 0x7D, 0xFF, 0xFF, 0xFF, 0xFF, 0xE7, 0x25, 0x00, 0x00, 0x00, 0x04, 0x87, 0xEB, 0xEC, 0xA5, 
0x21, 0x00, 0xFF, 0xFF, 0xFF, 0xFF, 0xFF, 0x00, 0x00, 0x00, 0x00, 0xFF, 0xFF, 0xFF, 0xFF, 0xFF, 
0x00, 0x00, 0x07, 0x76, 0xFF, 0xFF, 0xFF, 0x00, 0x00, 0x00, 0x00, 0x10, 0x7B, 0xFF, 0xFF, 0xFF, 
0x00, 0x00, 0x00, 0x09, 0xFF, 0xFF, 0xFF, 0x00, 0x00, 0x00, 0x00, 0x00, 0x0C, 0xFF, 0xFF, 0xFF, 
0x00, 0x00, 0x00, 0x00, 0xFF, 0xFF, 0xFF, 0x00, 0x00, 0x00, 0x00, 0x00, 0x00, 0xFF, 0xFF, 0xFF, 
0x00, 0x00, 0x00, 0x00, 0xFF, 0xFF, 0xFF, 0x00, 0x00, 0x00, 0x00, 0x00, 0x00, 0xFF, 0xFF, 0xFF, 
0x00, 0x00, 0x00, 0x00, 0xFF, 0xFF, 0xFF, 0x00, 0x00, 0x00, 0x00, 0x00, 0x00, 0xFF, 0xFF, 0xFF, 
0x00, 0x00, 0x00, 0x00, 0xFF, 0xFF, 0xFF, 0x00, 0x00, 0x00, 0x00, 0x00, 0x00, 0xFF, 0xFF, 0xFF, 
0x00, 0x00, 0x00, 0x00, 0xFF, 0xFF, 0xFF, 0x00, 0x00, 0x00, 0x00, 0x00, 0x00, 0xFF, 0xFF, 0xFF, 
0x00, 0x00, 0x00, 0x00, 0xFF, 0xFF, 0xFF, 0x00, 0x00, 0x00, 0x00, 0x00, 0x00, 0xFF, 0xFF, 0xFF, 
0x00, 0x00, 0x00, 0x00, 0xFF, 0xFF, 0xFF, 0x00, 0x00, 0x00, 0x00, 0x00, 0x00, 0xFF, 0xFF, 0xFF, 
0x00, 0x00, 0x00, 0x00, 0xFA, 0xFF, 0xFF, 0x01, 0x00, 0x00, 0x00, 0x00, 0x00, 0xFF, 0xFF, 0xFF, 
0x02, 0x00, 0x00, 0x00, 0xED, 0xFF, 0xFF, 0x0F, 0x00, 0x00, 0x00, 0x00, 0x06, 0xFF, 0xFF, 0xFF, 
0x0A, 0x00, 0x00, 0x00, 0xCB, 0xFF, 0xFF, 0x44, 0x00, 0x00, 0x00, 0x07, 0xAE, 0xFF, 0xFF, 0xFF, 
0x2C, 0x00, 0x00, 0x00, 0x88, 0xFF, 0xFF, 0xD5, 0x37, 0x0A, 0x44, 0xCC, 0x55, 0xFF, 0xFF, 0xFF, 
0xE1, 0xC4, 0x00, 0x00, 0x17, 0xE5, 0xFF, 0xFF, 0xFF, 0xFF, 0xF5, 0x50, 0x00, 0xFF, 0xFF, 0xFE, 
0xB3, 0x3B, 0x00, 0x00, 0x00, 0x25, 0xB2, 0xF1, 0xEB, 0xA8, 0x29, 0x00, 0x00, 0xFA, 0xA1, 0x2B, 
0x00, 0x00, 0x38, 0xFF, 0xFF, 0xFF, 0xFF, 0xFF, 0xFF, 0xFF, 0x60, 0x00, 0x00, 0x00, 0x70, 0xFF, 
0xFF, 0xFF, 0xFF, 0x74, 0x00, 0x1D, 0x86, 0xFE, 0xFF, 0xFF, 0xF0, 0x17, 0x00, 0x00, 0x00, 0x00, 
0x00, 0x13, 0xCB, 0xDD, 0x32, 0x03, 0x00, 0x00, 0x00, 0x89, 0xFF, 0xFF, 0xD4, 0x00, 0x00, 0x00, 
0x00, 0x00, 0x00, 0x00, 0xBB, 0x37, 0x00, 0x00, 0x00, 0x00, 0x00, 0x19, 0xFB, 0xFF, 0xF6, 0x04, 
0x00, 0x00, 0x00, 0x00, 0x00, 0x14, 0xC0, 0x00, 0x00, 0x00, 0x00, 0x00, 0x00, 0x00, 0xB0, 0xFF, 
0xFF, 0x51, 0x00, 0x00, 0x00, 0x00, 0x00, 0x6F, 0x64, 0x00, 0x00, 0x00, 0x00, 0x00, 0x00, 0x00, 
0x4B, 0xFF, 0xFF, 0xB6, 0x00, 0x00, 0x00, 0x00, 0x00, 0xC5, 0x0D, 0x00, 0x00, 0x00, 0x00, 0x00, 
0x00, 0x00, 0x03, 0xE3, 0xFF, 0xFD, 0x1D, 0x00, 0x00, 0x00, 0x31, 0xA1, 0x00, 0x00, 0x00, 0x00, 
0x00, 0x00, 0x00, 0x00, 0x00, 0x81, 0xFF, 0xFF, 0x7F, 0x00, 0x00, 0x00, 0x93, 0x40, 0x00, 0x00, 
0x00, 0x00, 0x00, 0x00, 0x00, 0x00, 0x00, 0x1E, 0xFD, 0xFF, 0xE1, 0x02, 0x00, 0x06, 0xCA, 0x01, 
0x00, 0x00, 0x00, 0x00, 0x00, 0x00, 0x00, 0x00, 0x00, 0x00, 0xB8, 0xFF, 0xFF, 0x49, 0x00, 0x55, 
0x7D, 0x00, 0x00, 0x00, 0x00, 0x00, 0x00, 0x00, 0x00, 0x00, 0x00, 0x00, 0x53, 0xFF, 0xFF, 0xAE, 
0x00, 0xB4, 0x1D, 0x00, 0x00, 0x00, 0x00, 0x00, 0x00, 0x00, 0x00, 0x00, 0x00, 0x00, 0x05, 0xE8, 
0xFF, 0xFB, 0x32, 0xB6, 0x00, 0x00, 0x00, 0x00, 0x00, 0x00, 0x00, 0x00, 0x00, 0x00, 0x00, 0x00, 
0x00, 0x89, 0xFF, 0xFF, 0xDE, 0x58, 0x00, 0x00, 0x00, 0x00, 0x00, 0x00, 0x00, 0x00, 0x00, 0x00, 
0x00, 0x00, 0x00, 0x25, 0xFF, 0xFF, 0xEF, 0x08, 0x00, 0x00, 0x00, 0x00, 0x00, 0x00, 0x00, 0x00, 
0x00, 0x00, 0x00, 0x00, 0x00, 0x00, 0xBF, 0xFF, 0x95, 0x00, 0x00, 0x00, 0x00, 0x00, 0x00, 0x00, 
0x00, 0x00, 0x00, 0x00, 0x00, 0x00, 0x00, 0x00, 0x5A, 0xFF, 0x34, 0x00, 0x00, 0x00, 0x00, 0x00, 
0x00, 0x00, 0x8C, 0xFF, 0xFF, 0xFF, 0xFF, 0xFF, 0xFF, 0x5C, 0x00, 0x8C, 0xFF, 0xFF, 0xFF, 0xFF, 
0xFF, 0xFF, 0xE0, 0x00, 0x00, 0x00, 0x00, 0x58, 0xFF, 0xFF, 0xFF, 0xFF, 0x58, 0x09, 0x51, 0xE9, 
0xFF, 0xFF, 0xEE, 0x27, 0x02, 0x00, 0x03, 0x21, 0xB0, 0xFF, 0xFF, 0xFF, 0x4E, 0x0A, 0x00, 0x00, 
0x00, 0x00, 0x01, 0x0F, 0x51, 0xE2, 0x44, 0x03, 0x00, 0x00, 0x44, 0xFF, 0xFF, 0xF4, 0x0A, 0x00, 
0x00, 0x00, 0x00, 0x0A, 0xE7, 0xFF, 0xFF, 0x28, 0x00, 0x00, 0x00, 0x00, 0x00, 0x00, 0x00, 0x86, 
0x36, 0x00, 0x00, 0x00, 0x00, 0x00, 0xCD, 0xFF, 0xFF, 0x5C, 0x00, 0x00, 0x00, 0x00, 0x00, 0x80, 
0xFF, 0xFF, 0x8E, 0x00, 0x00, 0x00, 0x00, 0x00, 0x00, 0x37, 0xC4, 0x00, 0x00, 0x00, 0x00, 0x00, 
0x00, 0x70, 0xFF, 0xFF, 0xB9, 0x00, 0x00, 0x00, 0x00, 0x00, 0x21, 0xFF, 0xFF, 0xF1, 0x0D, 0x00, 
0x00, 0x00, 0x00, 0x00, 0x9C, 0x5F, 0x00, 0x00, 0x00, 0x00, 0x00, 0x00, 0x17, 0xFB, 0xFF, 0xFC, 
0x19, 0x00, 0x00, 0x00, 0x00, 0x67, 0xF7, 0xFF, 0xFF, 0x6E, 0x00, 0x00, 0x00, 0x00, 0x0C, 0xE3, 
0x0A, 0x00, 0x00, 0x00, 0x00, 0x00, 0x00, 0x00, 0xB6, 0xFF, 0xFF, 0x73, 0x00, 0x00, 0x00, 0x01, 
0xD3, 0x58, 0xFF, 0xFF, 0xDC, 0x02, 0x00, 0x00, 0x00, 0x64, 0x95, 0x00, 0x00, 0x00, 0x00, 0x00, 
0x00, 0x00, 0x00, 0x58, 0xFF, 0xFF, 0xD0, 0x00, 0x00, 0x00, 0x4E, 0xA1, 0x00, 0xCE, 0xFF, 0xFF, 
0x4F, 0x00, 0x00, 0x00, 0xC8, 0x30, 0x00, 0x00, 0x00, 0x00, 0x00, 0x00, 0x00, 0x00, 0x09, 0xF1, 
0xFF, 0xFF, 0x2D, 0x00, 0x00, 0xC1, 0x2D, 0x00, 0x61, 0xFF, 0xFF, 0xBF, 0x00, 0x00, 0x2C, 0xCB, 
0x00, 0x00, 0x00, 0x00, 0x00, 0x00, 0x00, 0x00, 0x00, 0x00, 0x9E, 0xFF, 0xFF, 0x8A, 0x00, 0x35, 
0xB7, 0x00, 0x00, 0x08, 0xEB, 0xFF, 0xFF, 0x30, 0x00, 0x91, 0x67, 0x00, 0x00, 0x00, 0x00, 0x00, 
0x00, 0x00, 0x00, 0x00, 0x00, 0x41, 0xFF, 0xFF, 0xE4, 0x02, 0xA8, 0x42, 0x00, 0x00, 0x00, 0x86, 
0xFF, 0xFF, 0xA0, 0x07, 0xE2, 0x0D, 0x00, 0x00, 0x00, 0x00, 0x00, 0x00, 0x00, 0x00, 0x00, 0x00, 
0x01, 0xE1, 0xFF, 0xFF, 0x64, 0xC9, 0x00, 0x00, 0x00, 0x00, 0x1D, 0xFB, 0xFF, 0xF8, 0x71, 0x9D, 
0x00, 0x00, 0x00, 0x00, 0x00, 0x00, 0x00, 0x00, 0x00, 0x00, 0x00, 0x00, 0x86, 0xFF, 0xFF, 0xF8, 
0x58, 0x00, 0x00, 0x00, 0x00, 0x00, 0xAB, 0xFF, 0xFF, 0xFB, 0x38, 0x00, 0x00, 0x00, 0x00, 0x00, 
0x00, 0x00, 0x00, 0x00, 0x00, 0x00, 0x00, 0x29, 0xFF, 0xFF, 0xE0, 0x03, 0x00, 0x00, 0x00, 0x00, 
0x00, 0x3E, 0xFF, 0xFF, 0xD3, 0x00, 0x00, 0x00, 0x00, 0x00, 0x00, 0x00, 0x00, 0x00, 0x00, 0x00, 
0x00, 0x00, 0x00, 0xCC, 0xFF, 0x6E, 0x00, 0x00, 0x00, 0x00, 0x00, 0x00, 0x00, 0xD0, 0xFF, 0x6E, 
0x00, 0x00, 0x00, 0x00, 0x00, 0x00, 0x00, 0x00, 0x00, 0x00, 0x00, 0x00, 0x00, 0x00, 0x6F, 0xEE, 
0x0B, 0x00, 0x00, 0x00, 0x00, 0x00, 0x00, 0x00, 0x63, 0xF8, 0x12, 0x00, 0x00, 0x00, 0x00, 0x00, 
0x00, 0x00, 0xFF, 0xFF, 0xFF, 0xFF, 0xFF, 0xFF, 0xFF, 0x00, 0x00, 0x00, 0xBC, 0xFF, 0xFF, 0xFF, 
0xFF, 0xFF, 0xFF, 0x00, 0x0E, 0x4E, 0xDF, 0xFF, 0xFF, 0xFF, 0x2B, 0x00, 0x00, 0x00, 0x06, 0x52, 
0xFF, 0xFF, 0xCF, 0x4F, 0x11, 0x00, 0x00, 0x00, 0x1C, 0xE3, 0xFF, 0xFF, 0x8F, 0x00, 0x00, 0x00, 
0x00, 0x13, 0xFE, 0x98, 0x06, 0x00, 0x00, 0x00, 0x00, 0x00, 0x00, 0x32, 0xF7, 0xFF, 0xFF, 0x6B, 
0x00, 0x00, 0x00, 0xA3, 0x7C, 0x00, 0x00, 0x00, 0x00, 0x00, 0x00, 0x00, 0x00, 0x00, 0x65, 0xFF, 
0xFF, 0xF9, 0x3D, 0x00, 0x75, 0x87, 0x00, 0x00, 0x00, 0x00, 0x00, 0x00, 0x00, 0x00, 0x00, 0x00, 
0x00, 0xA1, 0xFF, 0xFF, 0xEB, 0x73, 0xA7, 0x01, 0x00, 0x00, 0x00, 0x00, 0x00, 0x00, 0x00, 0x00, 
0x00, 0x00, 0x00, 0x0A, 0xD3, 0xFF, 0xFF, 0xEC, 0x09, 0x00, 0x00, 0x00, 0x00, 0x00, 0x00, 0x00, 
0x00, 0x00, 0x00, 0x00, 0x00, 0x00, 0x28, 0xF3, 0xFF, 0xFF, 0x77, 0x00, 0x00, 0x00, 0x00, 0x00, 
0x00, 0x00, 0x00, 0x00, 0x00, 0x00, 0x00, 0x00, 0x0E, 0xCD, 0xFF, 0xFF, 0xFC, 0x3E, 0x00, 0x00, 
0x00, 0x00, 0x00, 0x00, 0x00, 0x00, 0x00, 0x00, 0x00, 0x04, 0xB2, 0x40, 0x95, 0xFF, 0xFF, 0xE6, 
0x17, 0x00, 0x00, 0x00, 0x00, 0x00, 0x00, 0x00, 0x00, 0x00, 0x00, 0x99, 0x5E, 0x00, 0x06, 0xCA, 
0xFF, 0xFF, 0xBE, 0x03, 0x00, 0x00, 0x00, 0x00, 0x00, 0x00, 0x00, 0x00, 0x76, 0x82, 0x00, 0x00, 
0x00, 0x1F, 0xED, 0xFF, 0xFF, 0x85, 0x00, 0x00, 0x00, 0x00, 0x00, 0x00, 0x00, 0x47, 0xBA, 0x00, 
0x00, 0x00, 0x00, 0x00, 0x47, 0xFA, 0xFF, 0xFE, 0x4E, 0x00, 0x00, 0x00, 0x00, 0x00, 0x1D, 0xEA, 
0x2B, 0x00, 0x00, 0x00, 0x00, 0x00, 0x00, 0x63, 0xFF, 0xFF, 0xF2, 0x31, 0x00, 0x00, 0x00, 0x2C, 
0xD5, 0xFF, 0x70, 0x0F, 0x00, 0x00, 0x00, 0x01, 0x11, 0x5C, 0xFF, 0xFF, 0xFF, 0xED, 0x5C, 0x11, 
0x00, 0xFF, 0xFF, 0xFF, 0xFF, 0xFF, 0x00, 0x00, 0x00, 0x5C, 0xFF, 0xFF, 0xFF, 0xFF, 0xFF, 0xFF, 
0xFF, 0xFF, 0x3C, 0xFF, 0xFF, 0xFF, 0xFF, 0xFF, 0xFF, 0xFF, 0x60, 0x00, 0x00, 0x00, 0x00, 0x50, 
0xFF, 0xFF, 0xFF, 0xFF, 0x58, 0x02, 0x3C, 0xD5, 0xFF, 0xFF, 0xFF, 0xB5, 0x13, 0x00, 0x00, 0x00, 
0x00, 0x00, 0x00, 0x15, 0xD5, 0xE0, 0x37, 0x02, 0x00, 0x00, 0x22, 0xF3, 0xFF, 0xFF, 0x80, 0x00, 
0x00, 0x00, 0x00, 0x00, 0x00, 0x00, 0x00, 0xD2, 0x48, 0x00, 0x00, 0x00, 0x00, 0x00, 0x73, 0xFF, 
0xFF, 0xD5, 0x00, 0x00, 0x00, 0x00, 0x00, 0x00, 0x00, 0x2C, 0xD4, 0x00, 0x00, 0x00, 0x00, 0x00, 
0x00, 0x09, 0xE7, 0xFF, 0xFF, 0x4E, 0x00, 0x00, 0x00, 0x00, 0x00, 0x00, 0x97, 0x6B, 0x00, 0x00, 
0x00, 0x00, 0x00, 0x00, 0x00, 0x73, 0xFF, 0xFF, 0xCD, 0x00, 0x00, 0x00, 0x00, 0x00, 0x0D, 0xE6, 
0x0E, 0x00, 0x00, 0x00, 0x00, 0x00, 0x00, 0x00, 0x0A, 0xE9, 0xFF, 0xFF, 0x4D, 0x00, 0x00, 0x00, 
0x00, 0x6A, 0x97, 0x00, 0x00, 0x00, 0x00, 0x00, 0x00, 0x00, 0x00, 0x00, 0x75, 0xFF, 0xFF, 0xCB, 
0x00, 0x00, 0x00, 0x00, 0xD2, 0x2E, 0x00, 0x00, 0x00, 0x00, 0x00, 0x00, 0x00, 0x00, 0x00, 0x0B, 
0xEB, 0xFF, 0xFF, 0x4B, 0x00, 0x00, 0x3D, 0xC4, 0x00, 0x00, 0x00, 0x00, 0x00, 0x00, 0x00, 0x00, 
0x00, 0x00, 0x00, 0x78, 0xFF, 0xFF, 0xCA, 0x00, 0x00, 0xA7, 0x5A, 0x00, 0x00, 0x00, 0x00, 0x00, 
0x00, 0x00, 0x00, 0x00, 0x00, 0x00, 0x0C, 0xEC, 0xFF, 0xFF, 0x49, 0x16, 0xE3, 0x06, 0x00, 0x00, 
0x00, 0x00, 0x00, 0x00, 0x00, 0x00, 0x00, 0x00, 0x00, 0x00, 0x7A, 0xFF, 0xFF, 0xC8, 0x7A, 0x87, 
0x00, 0x00, 0x00, 0x00, 0x00, 0x00, 0x00, 0x00, 0x00, 0x00, 0x00, 0x00, 0x00, 0x0D, 0xEE, 0xFF, 
0xFF, 0xF1, 0x20, 0x00, 0x00, 0x00, 0x00, 0x00, 0x00, 0x00, 0x00, 0x00, 0x00, 0x00, 0x00, 0x00, 
0x00, 0x7D, 0xFF, 0xFF, 0xB3, 0x00, 0x00, 0x00, 0x00, 0x00, 0x00, 0x00, 0x00, 0x00, 0x00, 0x00, 
0x00, 0x00, 0x00, 0x00, 0x0F, 0xEF, 0xFF, 0x49, 0x00, 0x00, 0x00, 0x00, 0x00, 0x00, 0x00, 0x00, 
0x00, 0x00, 0x00, 0x00, 0x00, 0x00, 0x00, 0x00, 0x80, 0xDE, 0x02, 0x00, 0x00, 0x00, 0x00, 0x00, 
0x00, 0x00, 0x00, 0x00, 0x00, 0x00, 0x00, 0x00, 0x00, 0x00, 0x00, 0x8B, 0x76, 0x00, 0x00, 0x00, 
0x00, 0x00, 0x00, 0x00, 0x00, 0x00, 0x00, 0x00, 0x00, 0x00, 0x00, 0x00, 0x00, 0x08, 0xE5, 0x14, 
0x00, 0x00, 0x00, 0x00, 0x00, 0x00, 0x00, 0x00, 0x00, 0x00, 0x00, 0x00, 0x00, 0x00, 0x00, 0x00, 
0x5F, 0xA2, 0x00, 0x00, 0x00, 0x00, 0x00, 0x00, 0x00, 0x00, 0x00, 0x00, 0x00, 0x00, 0x00, 0x00, 
0x00, 0x00, 0x00, 0xC5, 0x38, 0x00, 0x00, 0x00, 0x00, 0x00, 0x00, 0x00, 0x00, 0x00, 0x00, 0x00, 
0x00, 0x00, 0x00, 0x00, 0x00, 0x3A, 0xC0, 0x00, 0x00, 0x00, 0x00, 0x00, 0x00, 0x00, 0x00, 0x00, 
0x00, 0x00, 0x00, 0x90, 0xF4, 0xC1, 0x3E, 0x2C, 0xD4, 0x2E, 0x00, 0x00, 0x00, 0x00, 0x00, 0x00, 
0x00, 0x00, 0x00, 0x00, 0x00, 0x00, 0xEF, 0xFF, 0xFF, 0xFF, 0xF9, 0x53, 0x00, 0x00, 0x00, 0x00, 
0x00, 0x00, 0x00, 0x00, 0x00, 0x00, 0x00, 0x00, 0x00, 0x58, 0xE2, 0xF5, 0xB3, 0x2F, 0x00, 0x00, 
0x00, 0x00, 0x00, 0x00, 0x00, 0x00, 0x00, 0x00, 0x00, 0x00, 0x00, 0xFF, 0xFF, 0xFF, 0xFF, 0xFF, 
0xFF, 0xFF, 0xFF, 0xFF, 0xFF, 0xFF, 0xFF, 0xFF, 0xEA, 0x00, 0xFF, 0xC2, 0x2D, 0x0A, 0x01, 0x00, 
0x00, 0x00, 0x00, 0x4F, 0xFE, 0xFF, 0xFD, 0x44, 0x00, 0xFF, 0x24, 0x00, 0x00, 0x00, 0x00, 0x00, 
0x00, 0x22, 0xEF, 0xFF, 0xFF, 0x7E, 0x00, 0x00, 0x00, 0x00, 0x00, 0x00, 0x00, 0x00, 0x00, 0x08, 
0xCE, 0xFF, 0xFF, 0xB8, 0x02, 0x00, 0x00, 0x00, 0x00, 0x00, 0x00, 0x00, 0x00, 0x00, 0x9B, 0xFF, 
0xFF, 0xE2, 0x13, 0x00, 0x00, 0x00, 0x00, 0x00, 0x00, 0x00, 0x00, 0x00, 0x5E, 0xFF, 0xFF, 0xFA, 
0x38, 0x00, 0x00, 0x00, 0x00, 0x00, 0x00, 0x00, 0x00, 0x00, 0x2C, 0xF5, 0xFF, 0xFF, 0x6E, 0x00, 
0x00, 0x00, 0x00, 0x00, 0x00, 0x00, 0x00, 0x00, 0x0D, 0xD9, 0xFF, 0xFF, 0xA9, 0x00, 0x00, 0x00, 
0x00, 0x00, 0x00, 0x00, 0x00, 0x00, 0x00, 0xA9, 0xFF, 0xFF, 0xD9, 0x0D, 0x00, 0x00, 0x00, 0x00, 
0x00, 0x00, 0x00, 0x00, 0x00, 0x6F, 0xFF, 0xFF, 0xF5, 0x2C, 0x00, 0x00, 0x00, 0x00, 0x00, 0x00, 
0x00, 0x00, 0x00, 0x38, 0xFA, 0xFF, 0xFF, 0x5E, 0x00, 0x00, 0x00, 0x00, 0x00, 0x00, 0x00, 0x00, 
0x00, 0x13, 0xE2, 0xFF, 0xFF, 0x9A, 0x00, 0x00, 0x00, 0x00, 0x00, 0x00, 0x0E, 0xFF, 0x00, 0x02, 
0xB8, 0xFF, 0xFF, 0xCE, 0x08, 0x00, 0x00, 0x00, 0x00, 0x00, 0x00, 0x34, 0xFF, 0x00, 0x7F, 0xFF, 
0xFF, 0xEF, 0x22, 0x00, 0x00, 0x00, 0x00, 0x00, 0x00, 0x00, 0x80, 0xFF, 0x44, 0xFD, 0xFF, 0xFE, 
0x4E, 0x00, 0x00, 0x00, 0x00, 0x00, 0x03, 0x16, 0x65, 0xF8, 0xFF, 0xEA, 0xFF, 0xFF, 0xFF, 0xFF, 
0xFF, 0xFF, 0xFF, 0xFF, 0xFF, 0xFF, 0xFF, 0xFF, 0xFF, 0xFF, 0x00, 0x00, 0x00, 0x00, 0x00, 0x00, 
0x06, 0x5F, 0xB3, 0xE7, 0x00, 0x00, 0x00, 0x00, 0x00, 0x3F, 0xDF, 0xEE, 0x7B, 0x22, 0x00, 0x00, 
0x00, 0x00, 0x52, 0xFB, 0xE2, 0x1D, 0x00, 0x00, 0x00, 0x00, 0x00, 0x23, 0xF6, 0xFF, 0x51, 0x00, 
0x00, 0x00, 0x00, 0x00, 0x00, 0x9F, 0xFF, 0xFF, 0x0E, 0x00, 0x00, 0x00, 0x00, 0x00, 0x00, 0xE7, 
0xFF, 0xFF, 0x16, 0x00, 0x00, 0x00, 0x00, 0x00, 0x00, 0xF9, 0xFF, 0xFF, 0x4C, 0x00, 0x00, 0x00, 
0x00, 0x00, 0x00, 0xE0, 0xFF, 0xFF, 0x90, 0x00, 0x00, 0x00, 0x00, 0x00, 0x00, 0xA7, 0xFF, 0xFF, 
0xD1, 0x00, 0x00, 0x00, 0x00, 0x00, 0x00, 0x64, 0xFF, 0xFF, 0xF5, 0x00, 0x00, 0x00, 0x00, 0x00, 
0x00, 0x24, 0xFF, 0xFF, 0xEA, 0x00, 0x00, 0x00, 0x00, 0x00, 0x00, 0x07, 0xFF, 0xFF, 0x97, 0x00, 
0x00, 0x00, 0x00, 0x00, 0x00, 0x36, 0xFF, 0xE0, 0x14, 0x00, 0x00, 0x00, 0x00, 0x00, 0x10, 0xCC, 
0xD4, 0x22, 0x00, 0x00, 0x00, 0x00, 0x20, 0x67, 0xCD, 0x76, 0x06, 0x00, 0x00, 0x00, 0x00, 0x00, 
0xFF, 0xA9, 0x14, 0x00, 0x00, 0x00, 0x00, 0x00, 0x00, 0x00, 0x21, 0x69, 0xDC, 0x8A, 0x0C, 0x00, 
0x00, 0x00, 0x00, 0x00, 0x00, 0x00, 0x12, 0xCF, 0xDC, 0x26, 0x00, 0x00, 0x00, 0x00, 0x00, 0x00, 
0x00, 0x38, 0xFF, 0xE3, 0x16, 0x00, 0x00, 0x00, 0x00, 0x00, 0x00, 0x07, 0xFF, 0xFF, 0x9A, 0x00, 
0x00, 0x00, 0x00, 0x00, 0x00, 0x24, 0xFF, 0xFF, 0xEC, 0x00, 0x00, 0x00, 0x00, 0x00, 0x00, 0x63, 
0xFF, 0xFF, 0xF4, 0x00, 0x00, 0x00, 0x00, 0x00, 0x00, 0xA6, 0xFF, 0xFF, 0xCF, 0x00, 0x00, 0x00, 
0x00, 0x00, 0x00, 0xDF, 0xFF, 0xFF, 0x8F, 0x00, 0x00, 0x00, 0x00, 0x00, 0x00, 0xF9, 0xFF, 0xFF, 
0x4B, 0x00, 0x00, 0x00, 0x00, 0x00, 0x00, 0xE7, 0xFF, 0xFF, 0x15, 0x00, 0x00, 0x00, 0x00, 0x00, 
0x00, 0x9F, 0xFF, 0xFF, 0x0F, 0x00, 0x00, 0x00, 0x00, 0x00, 0x00, 0x23, 0xF6, 0xFF, 0x54, 0x00, 
0x00, 0x00, 0x00, 0x00, 0x00, 0x00, 0x52, 0xFB, 0xE4, 0x1E, 0x00, 0x00, 0x00, 0x00, 0x00, 0x00, 
0x00, 0x3F, 0xDE, 0xEF, 0x7C, 0x23, 0x00, 0x00, 0x00, 0x00, 0x00, 0x00, 0x06, 0x5E, 0xB3, 0xE8, 
0xFF, 0xFF, 0xFF, 0xFF, 0xFF, 0xFF, 0xFF, 0xFF, 0xFF, 0xFF, 0xFF, 0xFF, 0xFF, 0xFF, 0xFF, 0xFF, 
0xFF, 0xFF, 0xFF, 0xFF, 0xFF, 0xFF, 0xFF, 0xFF, 0xFF, 0xFF, 0xFF, 0xFF, 0xFF, 0xFF, 0xFF, 0xFF, 
0xFF, 0xE8, 0xB3, 0x5F, 0x06, 0x00, 0x00, 0x00, 0x00, 0x00, 0x00, 0x23, 0x7B, 0xEF, 0xDD, 0x3D, 
0x00, 0x00, 0x00, 0x00, 0x00, 0x00, 0x00, 0x1E, 0xE5, 0xFA, 0x4F, 0x00, 0x00, 0x00, 0x00, 0x00, 
0x00, 0x00, 0x54, 0xFF, 0xF6, 0x22, 0x00, 0x00, 0x00, 0x00, 0x00, 0x00, 0x0F, 0xFF, 0xFF, 0x9E, 
0x00, 0x00, 0x00, 0x00, 0x00, 0x00, 0x16, 0xFF, 0xFF, 0xE6, 0x00, 0x00, 0x00, 0x00, 0x00, 0x00, 
0x4C, 0xFF, 0xFF, 0xF8, 0x00, 0x00, 0x00, 0x00, 0x00, 0x00, 0x8F, 0xFF, 0xFF, 0xE0, 0x00, 0x00, 
0x00, 0x00, 0x00, 0x00, 0xD0, 0xFF, 0xFF, 0xA6, 0x00, 0x00, 0x00, 0x00, 0x00, 0x00, 0xF4, 0xFF, 
0xFF, 0x63, 0x00, 0x00, 0x00, 0x00, 0x00, 0x00, 0xED, 0xFF, 0xFF, 0x23, 0x00, 0x00, 0x00, 0x00, 
0x00, 0x00, 0x9C, 0xFF, 0xFF, 0x07, 0x00, 0x00, 0x00, 0x00, 0x00, 0x00, 0x18, 0xE6, 0xFF, 0x37, 
0x00, 0x00, 0x00, 0x00, 0x00, 0x00, 0x00, 0x2B, 0xE0, 0xCD, 0x10, 0x00, 0x00, 0x00, 0x00, 0x00, 
0x00, 0x00, 0x0E, 0x8D, 0xDB, 0x67, 0x20, 0x00, 0x00, 0x00, 0x00, 0x00, 0x00, 0x00, 0x15, 0xAA, 
0xFF, 0x00, 0x00, 0x00, 0x00, 0x00, 0x07, 0x76, 0xCE, 0x69, 0x21, 0x00, 0x00, 0x00, 0x00, 0x23, 
0xD6, 0xCF, 0x12, 0x00, 0x00, 0x00, 0x00, 0x00, 0x15, 0xE1, 0xFF, 0x37, 0x00, 0x00, 0x00, 0x00, 
0x00, 0x00, 0x98, 0xFF, 0xFF, 0x07, 0x00, 0x00, 0x00, 0x00, 0x00, 0x00, 0xEB, 0xFF, 0xFF, 0x23, 
0x00, 0x00, 0x00, 0x00, 0x00, 0x00, 0xF5, 0xFF, 0xFF, 0x62, 0x00, 0x00, 0x00, 0x00, 0x00, 0x00, 
0xD1, 0xFF, 0xFF, 0xA5, 0x00, 0x00, 0x00, 0x00, 0x00, 0x00, 0x90, 0xFF, 0xFF, 0xDF, 0x00, 0x00, 
0x00, 0x00, 0x00, 0x00, 0x4D, 0xFF, 0xFF, 0xF8, 0x00, 0x00, 0x00, 0x00, 0x00, 0x00, 0x16, 0xFF, 
0xFF, 0xE5, 0x00, 0x00, 0x00, 0x00, 0x00, 0x00, 0x0F, 0xFF, 0xFF, 0x9D, 0x00, 0x00, 0x00, 0x00, 
0x00, 0x00, 0x54, 0xFF, 0xF4, 0x20, 0x00, 0x00, 0x00, 0x00, 0x00, 0x1E, 0xE4, 0xF9, 0x4C, 0x00, 
0x00, 0x00, 0x00, 0x23, 0x7C, 0xEF, 0xDC, 0x3A, 0x00, 0x00, 0x00, 0x00, 0x00, 0xE8, 0xB2, 0x5C, 
0x05, 0x00, 0x00, 0x00, 0x00, 0x00, 0x00, 0x00, 0x1B, 0x9C, 0xE6, 0xF8, 0xDA, 0xAA, 0x61, 0x15, 
0x00, 0x00, 0x00, 0x00, 0x00, 0x00, 0x00, 0x00, 0x00, 0x22, 0xEE, 0x22, 0xE8, 0x8E, 0x21, 0x07, 
0x2A, 0x6B, 0xB9, 0xF8, 0xBD, 0x63, 0x10, 0x00, 0x00, 0x00, 0x00, 0x00, 0x00, 0x88, 0xA8, 0xA9, 
0x9B, 0x00, 0x00, 0x00, 0x00, 0x00, 0x00, 0x14, 0x6A, 0xC3, 0xF7, 0xB3, 0x66, 0x28, 0x07, 0x21, 
0x87, 0xE3, 0x1F, 0xEE, 0x2C, 0x00, 0x00, 0x00, 0x00, 0x00, 0x00, 0x00, 0x00, 0x00, 0x1B, 0x6F, 
0xB8, 0xE1, 0xFA, 0xE1, 0x94, 0x16, 0x00, 0x00, 0xFF, 0xFF, 0xFF, 0xFF, 0xFF, 0xFF, 0xFF, 0xFF, 
0xFF, 0xFF, 0xFF, 0xFF, 0xFF, 0xFF, 0x00, 0x00, 0x00, 0x00, 0x00, 0x00, 0xFF, 0xFF, 0xFF, 0xFF, 
0xFF, 0xFF, 0xFF, 0xFF, 0xFF, 0xFF, 0xFF, 0xFF, 0xFF, 0x00, 0x00, 0x00, 0x00, 0x44, 0xB5, 0xED, 
0xF9, 0xDF, 0x95, 0x19, 0x00, 0x00, 0x00, 0x00, 0x00, 0x81, 0xF5, 0x71, 0x19, 0x0E, 0x82, 0xFF, 
0xEA, 0x2A, 0x00, 0x00, 0x00, 0x52, 0xFF, 0x65, 0x00, 0x00, 0x00, 0x05, 0xFF, 0xFF, 0xC2, 0x00, 
0x00, 0x00, 0xC6, 0xFF, 0x10, 0x00, 0x00, 0x00, 0x00, 0xFF, 0xFF, 0xF5, 0x00, 0x00, 0x00, 0xF6, 
0xFF, 0x21, 0x00, 0x00, 0x00, 0x00, 0xA0, 0xF6, 0x8D, 0x00, 0x00, 0x00, 0xEE, 0xFF, 0xA6, 0x01, 
0x00, 0x00, 0x00, 0x00, 0x00, 0x00, 0x00, 0x00, 0x00, 0xB1, 0xFF, 0xFF, 0x90, 0x00, 0x00, 0x00, 
0x00, 0x00, 0x00, 0x00, 0x00, 0x00, 0x38, 0xFD, 0xFF, 0xFF, 0x9F, 0x04, 0x00, 0x00, 0x00, 0x00, 
0x00, 0x00, 0x00, 0x00, 0x7D, 0xFF, 0xFF, 0xFF, 0xB7, 0x0C, 0x00, 0x00, 0x00, 0x00, 0x00, 0x00, 
0x00, 0x24, 0xE9, 0xFF, 0xFF, 0xFF, 0xCD, 0x15, 0x00, 0x00, 0x00, 0x00, 0x00, 0x64, 0xD0, 0x37, 
0x72, 0xFD, 0xFF, 0xFF, 0xD6, 0x18, 0x00, 0x00, 0x00, 0x6F, 0xD9, 0x15, 0x00, 0x00, 0x46, 0xED, 
0xFF, 0xFF, 0xD2, 0x10, 0x00, 0x2F, 0xFC, 0x4E, 0x00, 0x00, 0x00, 0x00, 0x22, 0xD5, 0xFF, 0xFF, 
0xB7, 0x01, 0xA7, 0xFF, 0x0D, 0x00, 0x00, 0x00, 0x00, 0x00, 0x12, 0xCC, 0xFF, 0xFF, 0x58, 0xEB, 
0xFF, 0x16, 0x00, 0x00, 0x00, 0x00, 0x00, 0x00, 0x16, 0xE8, 0xFF, 0xC6, 0xF4, 0xFF, 0x5E, 0x00, 
0x00, 0x00, 0x00, 0x00, 0x00, 0x00, 0x72, 0xFF, 0xF2, 0xCD, 0xFF, 0xDD, 0x0E, 0x00, 0x00, 0x00, 
0x00, 0x00, 0x00, 0x1E, 0xFF, 0xEB, 0x6A, 0xFF, 0xFF, 0xC1, 0x0C, 0x00, 0x00, 0x00, 0x00, 0x00, 
0x0C, 0xFF, 0xAA, 0x07, 0xD0, 0xFF, 0xFF, 0xCE, 0x1E, 0x00, 0x00, 0x00, 0x00, 0x46, 0xFE, 0x35, 
0x00, 0x21, 0xE6, 0xFF, 0xFF, 0xEC, 0x46, 0x00, 0x00, 0x0D, 0xD0, 0x7F, 0x00, 0x00, 0x00, 0x2B, 
0xE7, 0xFF, 0xFF, 0xFD, 0x7A, 0x24, 0xC6, 0x79, 0x00, 0x00, 0x00, 0x00, 0x00, 0x25, 0xDD, 0xFF, 
0xFF, 0xFF, 0xF2, 0x35, 0x00, 0x00, 0x00, 0x00, 0x00, 0x00, 0x00, 0x15, 0xC7, 0xFF, 0xFF, 0xFF, 
0x8B, 0x00, 0x00, 0x00, 0x00, 0x00, 0x00, 0x00, 0x00, 0x08, 0xAD, 0xFF, 0xFF, 0xFF, 0x3F, 0x00, 
0x00, 0x00, 0x00, 0x00, 0x00, 0x00, 0x00, 0x03, 0xA2, 0xFF, 0xFF, 0xB7, 0x00, 0x00, 0x00, 0x00, 
0x00, 0x00, 0x00, 0x00, 0x00, 0x03, 0xBA, 0xFF, 0xF0, 0x00, 0x00, 0x00, 0x8A, 0xF4, 0x9C, 0x00, 
0x00, 0x00, 0x00, 0x30, 0xFF, 0xF4, 0x00, 0x00, 0x00, 0xF6, 0xFF, 0xFD, 0x00, 0x00, 0x00, 0x00, 
0x0E, 0xFF, 0xC3, 0x00, 0x00, 0x00, 0xBF, 0xFF, 0xFF, 0x00, 0x00, 0x00, 0x00, 0x64, 0xFF, 0x51, 
0x00, 0x00, 0x00, 0x28, 0xE9, 0xFF, 0x76, 0x11, 0x16, 0x73, 0xF7, 0x81, 0x00, 0x00, 0x00, 0x00, 
0x00, 0x18, 0x94, 0xE0, 0xFA, 0xEE, 0xB5, 0x44, 0x00, 0x00, 0x00, 0x00, 0x00, 0x00, 0x00, 0x00, 
0x00, 0x00, 0x00, 0x09, 0x54, 0x9F, 0xD2, 0xF0, 0xFB, 0xEF, 0xD1, 0x9E, 0x53, 0x09, 0x00, 0x00, 
0x00, 0x00, 0x00, 0x00, 0x00, 0x00, 0x00, 0x00, 0x00, 0x00, 0x0B, 0x81, 0xEA, 0xB9, 0x69, 0x32, 
0x0F, 0x04, 0x10, 0x33, 0x69, 0xBA, 0xEA, 0x81, 0x0B, 0x00, 0x00, 0x00, 0x00, 0x00, 0x00, 0x00, 
0x00, 0x00, 0x40, 0xE2, 0xA6, 0x25, 0x00, 0x00, 0x00, 0x00, 0x00, 0x00, 0x00, 0x00, 0x00, 0x26, 
0xA6, 0xE1, 0x3F, 0x00, 0x00, 0x00, 0x00, 0x00, 0x00, 0x00, 0x5D, 0xEA, 0x49, 0x00, 0x00, 0x00, 
0x00, 0x00, 0x00, 0x00, 0x00, 0x00, 0x00, 0x00, 0x00, 0x00, 0x49, 0xEA, 0x5C, 0x00, 0x00, 0x00, 
0x00, 0x00, 0x49, 0xE8, 0x2A, 0x00, 0x00, 0x00, 0x05, 0x5A, 0xA4, 0xDA, 0xF1, 0xFB, 0xE0, 0x98, 
0x3C, 0x1B, 0xEA, 0x00, 0x2A, 0xE8, 0x47, 0x00, 0x00, 0x00, 0x15, 0xE7, 0x3F, 0x00, 0x00, 0x00, 
0x4C, 0xE1, 0xE8, 0x70, 0x23, 0x08, 0x1E, 0x4F, 0xC4, 0xFF, 0xFF, 0xFF, 0x00, 0x00, 0x3F, 0xE5, 
0x13, 0x00, 0x00, 0x97, 0x91, 0x00, 0x00, 0x00, 0x7A, 0xFE, 0xCE, 0x14, 0x00, 0x00, 0x00, 0x00, 
0x00, 0x00, 0x7C, 0xFF, 0xFF, 0x00, 0x00, 0x00, 0x91, 0x92, 0x00, 0x17, 0xED, 0x15, 0x00, 0x00, 
0x63, 0xFF, 0xF4, 0x1B, 0x00, 0x00, 0x00, 0x00, 0x00, 0x00, 0x00, 0x00, 0xB0, 0xFF, 0x00, 0x00, 
0x00, 0x15, 0xED, 0x15, 0x6E, 0xA0, 0x00, 0x00, 0x18, 0xF2, 0xFF, 0x95, 0x00, 0x00, 0x00, 0x00, 
0x00, 0x00, 0x00, 0x00, 0x00, 0x32, 0xFF, 0x00, 0x00, 0x00, 0x00, 0xA2, 0x6C, 0xB3, 0x52, 0x00, 
0x00, 0x81, 0xFF, 0xFF, 0x47, 0x00, 0x00, 0x00, 0x00, 0x00, 0x00, 0x00, 0x00, 0x00, 0x00, 0x00, 
0x00, 0x00, 0x00, 0x00, 0x53, 0xB1, 0xE3, 0x1F, 0x00, 0x00, 0xCD, 0xFF, 0xFF, 0x18, 0x00, 0x00, 
0x00, 0x00, 0x00, 0x00, 0x00, 0x00, 0x00, 0x00, 0x00, 0x00, 0x00, 0x00, 0x00, 0x20, 0xE1, 0xF8, 
0x08, 0x00, 0x00, 0xEF, 0xFF, 0xFF, 0x04, 0x00, 0x00, 0x00, 0x00, 0x00, 0x00, 0x00, 0x00, 0x00, 
0x00, 0x00, 0x00, 0x00, 0x00, 0x00, 0x09, 0xF7, 0xF8, 0x08, 0x00, 0x00, 0xF7, 0xFF, 0xFF, 0x09, 
0x00, 0x00, 0x00, 0x00, 0x00, 0x00, 0x00, 0x00, 0x00, 0x00, 0x00, 0x00, 0x00, 0x00, 0x00, 0x08, 
0xF6, 0xE3, 0x1F, 0x00, 0x00, 0xDF, 0xFF, 0xFF, 0x1B, 0x00, 0x00, 0x00, 0x00, 0x00, 0x00, 0x00, 
0x00, 0x00, 0x00, 0x00, 0x00, 0x00, 0x00, 0x00, 0x20, 0xE1, 0xB3, 0x51, 0x00, 0x00, 0xA1, 0xFF, 
0xFF, 0x49, 0x00, 0x00, 0x00, 0x00, 0x00, 0x00, 0x00, 0x00, 0x00, 0x00, 0x00, 0x00, 0x00, 0x00, 
0x00, 0x52, 0xB2, 0x6D, 0x9F, 0x00, 0x00, 0x3E, 0xFF, 0xFF, 0x93, 0x00, 0x00, 0x00, 0x00, 0x00, 
0x00, 0x00, 0x00, 0x00, 0x00, 0x00, 0x00, 0x00, 0x00, 0x00, 0xA1, 0x6D, 0x16, 0xEC, 0x13, 0x00, 
0x00, 0xAA, 0xFF, 0xF0, 0x1A, 0x00, 0x00, 0x00, 0x00, 0x00, 0x00, 0x00, 0x00, 0x69, 0x9C, 0x00, 
0x00, 0x00, 0x14, 0xEC, 0x16, 0x00, 0x94, 0x8D, 0x00, 0x00, 0x0C, 0xCB, 0xFF, 0xC5, 0x0F, 0x00, 
0x00, 0x00, 0x00, 0x00, 0x00, 0x60, 0xC6, 0x08, 0x00, 0x00, 0x00, 0x8E, 0x93, 0x00, 0x00, 0x13, 
0xE5, 0x3B, 0x00, 0x00, 0x0A, 0xA3, 0xFF, 0xE2, 0x68, 0x1F, 0x06, 0x19, 0x4B, 0xB4, 0xA8, 0x0B, 
0x00, 0x00, 0x00, 0x3C, 0xE5, 0x13, 0x00, 0x00, 0x00, 0x47, 0xE6, 0x28, 0x00, 0x00, 0x00, 0x32, 
0x95, 0xD5, 0xF1, 0xF6, 0xD8, 0xA3, 0x3C, 0x00, 0x00, 0x00, 0x00, 0x28, 0xE6, 0x46, 0x00, 0x00, 
0x00, 0x00, 0x00, 0x5B, 0xE8, 0x44, 0x00, 0x00, 0x00, 0x00, 0x00, 0x00, 0x00, 0x00, 0x00, 0x00, 
0x00, 0x00, 0x00, 0x46, 0xE8, 0x5A, 0x00, 0x00, 0x00, 0x00, 0x00, 0x00, 0x00, 0x40, 0xE2, 0x9F, 
0x20, 0x00, 0x00, 0x00, 0x00, 0x00, 0x00, 0x00, 0x00, 0x00, 0x22, 0xA1, 0xE0, 0x3E, 0x00, 0x00, 
0x00, 0x00, 0x00, 0x00, 0x00, 0x00, 0x00, 0x0C, 0x84, 0xEB, 0xB4, 0x65, 0x2F, 0x0F, 0x03, 0x0F, 
0x30, 0x67, 0xB6, 0xEA, 0x82, 0x0B, 0x00, 0x00, 0x00, 0x00, 0x00, 0x00, 0x00, 0x00, 0x00, 0x00, 
0x00, 0x00, 0x0B, 0x58, 0xA2, 0xD4, 0xF1, 0xFC, 0xF0, 0xD3, 0xA1, 0x57, 0x0B, 0x00, 0x00, 0x00, 
0x00, 0x00, 0x00, 0x00, 0x00, 0x00, 0x00, 0x00, 0x00, 0x60, 0xBF, 0x00, 0x00, 0x00, 0x00, 0x00, 
0x60, 0xBF, 0x00, 0x00, 0x00, 0x00, 0x2B, 0xF5, 0x3F, 0x00, 0x00, 0x00, 0x00, 0x2B, 0xF5, 0x3F, 
0x00, 0x00, 0x00, 0x0B, 0xD5, 0xBF, 0x00, 0x00, 0x00, 0x00, 0x0B, 0xD5, 0xBF, 0x00, 0x00, 0x00, 
0x00, 0xA1, 0xFF, 0x3F, 0x00, 0x00, 0x00, 0x00, 0xA1, 0xFF, 0x3F, 0x00, 0x00, 0x00, 0x62, 0xFF, 
0xBE, 0x00, 0x00, 0x00, 0x00, 0x62, 0xFF, 0xBE, 0x00, 0x00, 0x00, 0x2C, 0xF5, 0xFF, 0x3E, 0x00, 
0x00, 0x00, 0x2C, 0xF5, 0xFF, 0x3E, 0x00, 0x00, 0x0B, 0xD6, 0xFF, 0xBE, 0x00, 0x00, 0x00, 0x0B, 
0xD6, 0xFF, 0xBE, 0x00, 0x00, 0x00, 0xA2, 0xFF, 0xFF, 0x3E, 0x00, 0x00, 0x00, 0xA2, 0xFF, 0xFF, 
0x3E, 0x00, 0x00, 0x00, 0x9E, 0xFF, 0xFF, 0x41, 0x00, 0x00, 0x00, 0x9E, 0xFF, 0xFF, 0x41, 0x00, 
0x00, 0x00, 0x0A, 0xD4, 0xFF, 0xC0, 0x00, 0x00, 0x00, 0x0A, 0xD4, 0xFF, 0xC0, 0x00, 0x00, 0x00, 
0x00, 0x29, 0xF4, 0xFF, 0x41, 0x00, 0x00, 0x00, 0x29, 0xF4, 0xFF, 0x41, 0x00, 0x00, 0x00, 0x00, 
0x5F, 0xFF, 0xC0, 0x00, 0x00, 0x00, 0x00, 0x5F, 0xFF, 0xC0, 0x00, 0x00, 0x00, 0x00, 0x00, 0x9F, 
0xFF, 0x40, 0x00, 0x00, 0x00, 0x00, 0x9F, 0xFF, 0x40, 0x00, 0x00, 0x00, 0x00, 0x0A, 0xD5, 0xC0, 
0x00, 0x00, 0x00, 0x00, 0x0A, 0xD5, 0xC0, 0x00, 0x00, 0x00, 0x00, 0x00, 0x2A, 0xF5, 0x40, 0x00, 
0x00, 0x00, 0x00, 0x2A, 0xF5, 0x40, 0x00, 0x00, 0x00, 0x00, 0x00, 0x60, 0xC0, 0x00, 0x00, 0x00, 
0x00, 0x00, 0x60, 0xC0, 0xFF, 0xFF, 0xFF, 0xFF, 0xFF, 0xFF, 0xFF, 0xFF, 0xFF, 0xFF, 0xFF, 0xFF, 
0xFF, 0xFF, 0xFF, 0xFF, 0xFF, 0xFF, 0xFF, 0xFF, 0xFF, 0xFF, 0xFF, 0xFF, 0xFF, 0xFF, 0xFF, 0x00, 
0x00, 0x00, 0x00, 0x00, 0x00, 0x00, 0x09, 0x54, 0x9F, 0xD2, 0xF0, 0xFB, 0xEF, 0xD1, 0x9E, 0x53, 
0x09, 0x00, 0x00, 0x00, 0x00, 0x00, 0x00, 0x00, 0x00, 0x00, 0x00, 0x00, 0x00, 0x0B, 0x81, 0xEA, 
0xB9, 0x69, 0x32, 0x0F, 0x04, 0x10, 0x33, 0x69, 0xBA, 0xEA, 0x81, 0x0B, 0x00, 0x00, 0x00, 0x00, 
0x00, 0x00, 0x00, 0x00, 0x00, 0x40, 0xE2, 0xA6, 0x25, 0x00, 0x00, 0x00, 0x00, 0x00, 0x00, 0x00, 
0x00, 0x00, 0x26, 0xA6, 0xE1, 0x3F, 0x00, 0x00, 0x00, 0x00, 0x00, 0x00, 0x00, 0x5D, 0xEA, 0x49, 
0x00, 0x00, 0x00, 0x00, 0x00, 0x00, 0x00, 0x00, 0x00, 0x00, 0x00, 0x00, 0x00, 0x49, 0xEA, 0x5C, 
0x00, 0x00, 0x00, 0x00, 0x00, 0x49, 0xE8, 0x2A, 0x00, 0x00, 0x00, 0x00, 0x00, 0x00, 0x00, 0x00, 
0x00, 0x00, 0x00, 0x00, 0x00, 0x00, 0x00, 0x2A, 0xE8, 0x47, 0x00, 0x00, 0x00, 0x15, 0xE7, 0x3F, 
0x00, 0xFF, 0xFF, 0xFF, 0xFF, 0xFF, 0xFF, 0xFF, 0xFD, 0xEF, 0xCC, 0x87, 0x1A, 0x00, 0x00, 0x00, 
0x00, 0x3F, 0xE5, 0x13, 0x00, 0x00, 0x97, 0x91, 0x00, 0x00, 0x07, 0x5D, 0xFF, 0xFF, 0xFF, 0x25, 
0x09, 0x23, 0x7E, 0xF7, 0xFF, 0xF0, 0x3B, 0x00, 0x00, 0x00, 0x00, 0x91, 0x92, 0x00, 0x17, 0xED, 
0x15, 0x00, 0x00, 0x00, 0x03, 0xFF, 0xFF, 0xFF, 0x00, 0x00, 0x00, 0x00, 0x5E, 0xFF, 0xFF, 0xD5, 
0x00, 0x00, 0x00, 0x00, 0x15, 0xED, 0x15, 0x6E, 0xA0, 0x00, 0x00, 0x00, 0x00, 0x00, 0xFF, 0xFF, 
0xFF, 0x00, 0x00, 0x00, 0x00, 0x0E, 0xFF, 0xFF, 0xEF, 0x00, 0x00, 0x00, 0x00, 0x00, 0xA2, 0x6C, 
0xB3, 0x52, 0x00, 0x00, 0x00, 0x00, 0x00, 0xFF, 0xFF, 0xFF, 0x00, 0x00, 0x00, 0x00, 0x53, 0xFF, 
0xFF, 0x98, 0x00, 0x00, 0x00, 0x00, 0x00, 0x53, 0xB1, 0xE3, 0x1F, 0x00, 0x00, 0x00, 0x00, 0x00, 
0xFF, 0xFF, 0xFF, 0x02, 0x0D, 0x2F, 0x83, 0xF8, 0xFC, 0x9B, 0x09, 0x00, 0x00, 0x00, 0x00, 0x00, 
0x20, 0xE1, 0xF8, 0x08, 0x00, 0x00, 0x00, 0x00, 0x00, 0xFF, 0xFF, 0xFF, 0xFF, 0xFF, 0xFF, 0xFF, 
0x91, 0x17, 0x00, 0x00, 0x00, 0x00, 0x00, 0x00, 0x00, 0x09, 0xF7, 0xF8, 0x08, 0x00, 0x00, 0x00, 
0x00, 0x00, 0xFF, 0xFF, 0xFF, 0x00, 0x7E, 0xFF, 0xFF, 0xDA, 0x0B, 0x00, 0x00, 0x00, 0x00, 0x00, 
0x00, 0x00, 0x08, 0xF6, 0xE3, 0x1F, 0x00, 0x00, 0x00, 0x00, 0x00, 0xFF, 0xFF, 0xFF, 0x00, 0x03, 
0xC5, 0xFF, 0xFF, 0x99, 0x00, 0x00, 0x00, 0x00, 0x00, 0x00, 0x00, 0x20, 0xE1, 0xB3, 0x51, 0x00, 
0x00, 0x00, 0x00, 0x00, 0xFF, 0xFF, 0xFF, 0x00, 0x00, 0x22, 0xF2, 0xFF, 0xFF, 0x4D, 0x00, 0x00, 
0x00, 0x00, 0x00, 0x00, 0x52, 0xB2, 0x6D, 0x9F, 0x00, 0x00, 0x00, 0x00, 0x00, 0xFF, 0xFF, 0xFF, 
0x00, 0x00, 0x00, 0x60, 0xFF, 0xFF, 0xEA, 0x17, 0x00, 0x00, 0x00, 0x00, 0x00, 0xA1, 0x6D, 0x16, 
0xEC, 0x13, 0x00, 0x00, 0x00, 0x06, 0xFF, 0xFF, 0xFF, 0x00, 0x00, 0x00, 0x00, 0xAC, 0xFF, 0xFF, 
0xB7, 0x03, 0x00, 0x00, 0x00, 0x14, 0xEC, 0x16, 0x00, 0x94, 0x8D, 0x00, 0x00, 0x08, 0x67, 0xFF, 
0xFF, 0xFF, 0x56, 0x07, 0x00, 0x00, 0x12, 0xE4, 0xFF, 0xFF, 0xA9, 0x19, 0x00, 0x00, 0x8E, 0x93, 
0x00, 0x00, 0x13, 0xE5, 0x3B, 0x00, 0xFF, 0xFF, 0xFF, 0xFF, 0xFF, 0xFF, 0xFF, 0x00, 0x00, 0x00, 
0x44, 0xFE, 0xFF, 0xFF, 0xFF, 0x00, 0x3C, 0xE5, 0x13, 0x00, 0x00, 0x00, 0x47, 0xE6, 0x28, 0x00, 
0x00, 0x00, 0x00, 0x00, 0x00, 0x00, 0x00, 0x00, 0x00, 0x00, 0x00, 0x00, 0x00, 0x00, 0x28, 0xE6, 
0x46, 0x00, 0x00, 0x00, 0x00, 0x00, 0x5B, 0xE8, 0x44, 0x00, 0x00, 0x00, 0x00, 0x00, 0x00, 0x00, 
0x00, 0x00, 0x00, 0x00, 0x00, 0x00, 0x46, 0xE8, 0x5A, 0x00, 0x00, 0x00, 0x00, 0x00, 0x00, 0x00, 
0x40, 0xE2, 0x9F, 0x20, 0x00, 0x00, 0x00, 0x00, 0x00, 0x00, 0x00, 0x00, 0x00, 0x22, 0xA1, 0xE0, 
0x3E, 0x00, 0x00, 0x00, 0x00, 0x00, 0x00, 0x00, 0x00, 0x00, 0x0C, 0x84, 0xEB, 0xB4, 0x65, 0x2F, 
0x0F, 0x03, 0x0F, 0x30, 0x67, 0xB6, 0xEA, 0x82, 0x0B, 0x00, 0x00, 0x00, 0x00, 0x00, 0x00, 0x00, 
0x00, 0x00, 0x00, 0x00, 0x00, 0x0B, 0x58, 0xA2, 0xD4, 0xF1, 0xFC, 0xF0, 0xD3, 0xA1, 0x57, 0x0B, 
0x00, 0x00, 0x00, 0x00, 0x00, 0x00, 0x00, 0x00, 0x00, 0x24, 0x9E, 0xE4, 0xF9, 0xE3, 0x9C, 0x22, 
0x00, 0x00, 0x00, 0x4A, 0xEA, 0x7A, 0x20, 0x06, 0x20, 0x7A, 0xE9, 0x47, 0x00, 0x24, 0xEA, 0x37, 
0x00, 0x00, 0x00, 0x00, 0x00, 0x37, 0xE8, 0x22, 0x9D, 0x7A, 0x00, 0x00, 0x00, 0x00, 0x00, 0x00, 
0x00, 0x7A, 0x9C, 0xE4, 0x20, 0x00, 0x00, 0x00, 0x00, 0x00, 0x00, 0x00, 0x20, 0xE3, 0xFA, 0x05, 
0x00, 0x00, 0x00, 0x00, 0x00, 0x00, 0x00, 0x06, 0xF9, 0xE5, 0x20, 0x00, 0x00, 0x00, 0x00, 0x00, 
0x00, 0x00, 0x22, 0xE4, 0x9D, 0x7A, 0x00, 0x00, 0x00, 0x00, 0x00, 0x00, 0x00, 0x7C, 0x9D, 0x23, 
0xE9, 0x37, 0x00, 0x00, 0x00, 0x00, 0x00, 0x39, 0xEA, 0x22, 0x00, 0x47, 0xE9, 0x7A, 0x20, 0x05, 
0x20, 0x7B, 0xEA, 0x47, 0x00, 0x00, 0x00, 0x23, 0x9D, 0xE5, 0xFA, 0xE4, 0x9C, 0x23, 0x00, 0x00, 
0x00, 0x00, 0x00, 0x00, 0x00, 0x00, 0x00, 0x00, 0x00, 0xFF, 0x00, 0x00, 0x00, 0x00, 0x00, 0x00, 
0x00, 0x00, 0x00, 0x00, 0x00, 0x00, 0x00, 0x00, 0x00, 0x00, 0x00, 0x00, 0xFF, 0x00, 0x00, 0x00, 
0x00, 0x00, 0x00, 0x00, 0x00, 0x00, 0x00, 0x00, 0x00, 0x00, 0x00, 0x00, 0x00, 0x00, 0x00, 0xFF, 
0x00, 0x00, 0x00, 0x00, 0x00, 0x00, 0x00, 0x00, 0x00, 0x00, 0x00, 0x00, 0x00, 0x00, 0x00, 0x00, 
0x00, 0x00, 0xFF, 0x00, 0x00, 0x00, 0x00, 0x00, 0x00, 0x00, 0x00, 0x00, 0x00, 0x00, 0x00, 0x00, 
0x00, 0x00, 0x00, 0x00, 0x00, 0xFF, 0x00, 0x00, 0x00, 0x00, 0x00, 0x00, 0x00, 0x00, 0x00, 0x00, 
0x00, 0x00, 0x00, 0x00, 0x00, 0x00, 0x00, 0x00, 0xFF, 0x00, 0x00, 0x00, 0x00, 0x00, 0x00, 0x00, 
0x00, 0x00, 0x00, 0x00, 0x00, 0x00, 0x00, 0x00, 0x00, 0x00, 0x00, 0xFF, 0x00, 0x00, 0x00, 0x00, 
0x00, 0x00, 0x00, 0x00, 0x00, 0x00, 0x00, 0x00, 0x00, 0x00, 0x00, 0x00, 0x00, 0x00, 0xFF, 0x00, 
0x00, 0x00, 0x00, 0x00, 0x00, 0x00, 0x00, 0x00, 0x00, 0x00, 0x00, 0x00, 0x00, 0x00, 0x00, 0x00, 
0x00, 0xFF, 0x00, 0x00, 0x00, 0x00, 0x00, 0x00, 0x00, 0x00, 0x00, 0xFF, 0xFF, 0xFF, 0xFF, 0xFF, 
0xFF, 0xFF, 0xFF, 0xFF, 0xFF, 0xFF, 0xFF, 0xFF, 0xFF, 0xFF, 0xFF, 0xFF, 0xFF, 0xFF, 0x00, 0x00, 
0x00, 0x00, 0x00, 0x00, 0x00, 0x00, 0x00, 0xFF, 0x00, 0x00, 0x00, 0x00, 0x00, 0x00, 0x00, 0x00, 
0x00, 0x00, 0x00, 0x00, 0x00, 0x00, 0x00, 0x00, 0x00, 0x00, 0xFF, 0x00, 0x00, 0x00, 0x00, 0x00, 
0x00, 0x00, 0x00, 0x00, 0x00, 0x00, 0x00, 0x00, 0x00, 0x00, 0x00, 0x00, 0x00, 0xFF, 0x00, 0x00, 
0x00, 0x00, 0x00, 0x00, 0x00, 0x00, 0x00, 0x00, 0x00, 0x00, 0x00, 0x00, 0x00, 0x00, 0x00, 0x00, 
0xFF, 0x00, 0x00, 0x00, 0x00, 0x00, 0x00, 0x00, 0x00, 0x00, 0x00, 0x00, 0x00, 0x00, 0x00, 0x00, 
0x00, 0x00, 0x00, 0xFF, 0x00, 0x00, 0x00, 0x00, 0x00, 0x00, 0x00, 0x00, 0x00, 0x00, 0x00, 0x00, 
0x00, 0x00, 0x00, 0x00, 0x00, 0x00, 0xFF, 0x00, 0x00, 0x00, 0x00, 0x00, 0x00, 0x00, 0x00, 0x00, 
0x00, 0x00, 0x00, 0x00, 0x00, 0x00, 0x00, 0x00, 0x00, 0xFF, 0x00, 0x00, 0x00, 0x00, 0x00, 0x00, 
0x00, 0x00, 0x00, 0x00, 0x00, 0x00, 0x00, 0x00, 0x00, 0x00, 0x00, 0x00, 0xFF, 0x00, 0x00, 0x00, 
0x00, 0x00, 0x00, 0x00, 0x00, 0x00, 0xFF, 0xFF, 0xFF, 0xFF, 0xFF, 0xFF, 0xFF, 0xFF, 0xFF, 0xFF, 
0xFF, 0xFF, 0xFF, 0xFF, 0xFF, 0xFF, 0xFF, 0xFF, 0xFF, 0x00, 0x2A, 0xFF, 0xFF, 0x9F, 0x00, 0x80, 
0xFF, 0xD6, 0x0A, 0x00, 0xD5, 0xF5, 0x2B, 0x00, 0x2A, 0xFF, 0x61, 0x00, 0x00, 0x80, 0xA2, 0x00, 
0x00, 0x00, 0xAD, 0x0B, 0x00, 0x00, 0x00, 0xC0, 0x5F, 0x00, 0x00, 0x00, 0x00, 0x00, 0xC0, 0x5F, 
0x00, 0x00, 0x00, 0x00, 0x00, 0x41, 0xF4, 0x29, 0x00, 0x00, 0x00, 0x00, 0x41, 0xF4, 0x29, 0x00, 
0x00, 0x00, 0x00, 0x00, 0xC0, 0xD4, 0x0A, 0x00, 0x00, 0x00, 0x00, 0xC0, 0xD4, 0x0A, 0x00, 0x00, 
0x00, 0x00, 0x41, 0xFF, 0x9E, 0x00, 0x00, 0x00, 0x00, 0x41, 0xFF, 0x9E, 0x00, 0x00, 0x00, 0x00, 
0x00, 0xC1, 0xFF, 0x5D, 0x00, 0x00, 0x00, 0x00, 0xC1, 0xFF, 0x5D, 0x00, 0x00, 0x00, 0x00, 0x42, 
0xFF, 0xF4, 0x28, 0x00, 0x00, 0x00, 0x42, 0xFF, 0xF4, 0x28, 0x00, 0x00, 0x00, 0x00, 0xC1, 0xFF, 
0xD3, 0x09, 0x00, 0x00, 0x00, 0xC1, 0xFF, 0xD3, 0x09, 0x00, 0x00, 0x00, 0x42, 0xFF, 0xFF, 0x9D, 
0x00, 0x00, 0x00, 0x42, 0xFF, 0xFF, 0x9D, 0x00, 0x00, 0x00, 0x3E, 0xFF, 0xFF, 0xA2, 0x00, 0x00, 
0x00, 0x3E, 0xFF, 0xFF, 0xA2, 0x00, 0x00, 0x00, 0xBF, 0xFF, 0xD6, 0x0B, 0x00, 0x00, 0x00, 0xBF, 
0xFF, 0xD6, 0x0B, 0x00, 0x00, 0x3E, 0xFF, 0xF5, 0x2C, 0x00, 0x00, 0x00, 0x3E, 0xFF, 0xF5, 0x2C, 
0x00, 0x00, 0x00, 0xBF, 0xFF, 0x61, 0x00, 0x00, 0x00, 0x00, 0xBF, 0xFF, 0x61, 0x00, 0x00, 0x00, 
0x3F, 0xFF, 0xA1, 0x00, 0x00, 0x00, 0x00, 0x3F, 0xFF, 0xA1, 0x00, 0x00, 0x00, 0x00, 0xC0, 0xD5, 
0x0B, 0x00, 0x00, 0x00, 0x00, 0xC0, 0xD5, 0x0B, 0x00, 0x00, 0x00, 0x3F, 0xF5, 0x2B, 0x00, 0x00, 
0x00, 0x00, 0x3F, 0xF5, 0x2B, 0x00, 0x00, 0x00, 0x00, 0xC0, 0x60, 0x00, 0x00, 0x00, 0x00, 0x00, 
0xC0, 0x60, 0x00, 0x00, 0x00, 0x00, 0x00, 0x88, 0x18, 0x00, 0x00, 0x00, 0x00, 0x00, 0x00, 0x00, 
0x00, 0x00, 0x18, 0x88, 0x20, 0xB7, 0x18, 0x00, 0x00, 0x00, 0x00, 0x00, 0x00, 0x00, 0x18, 0xB7, 
0x1F, 0x00, 0x20, 0xB7, 0x18, 0x00, 0x00, 0x00, 0x00, 0x00, 0x18, 0xB7, 0x1F, 0x00, 0x00, 0x00, 
0x20, 0xB7, 0x18, 0x00, 0x00, 0x00, 0x18, 0xB7, 0x1F, 0x00, 0x00, 0x00, 0x00, 0x00, 0x20, 0xB7, 
0x18, 0x00, 0x18, 0xB7, 0x1F, 0x00, 0x00, 0x00, 0x00, 0x00, 0x00, 0x00, 0x20, 0xB7, 0x30, 0xB7, 
0x1F, 0x00, 0x00, 0x00, 0x00, 0x00, 0x00, 0x00, 0x00, 0x00, 0x39, 0xFE, 0x38, 0x00, 0x00, 0x00, 
0x00, 0x00, 0x00, 0x00, 0x00, 0x00, 0x18, 0xB7, 0x40, 0xB7, 0x18, 0x00, 0x00, 0x00, 0x00, 0x00, 
0x00, 0x00, 0x18, 0xB7, 0x1F, 0x00, 0x20, 0xB7, 0x18, 0x00, 0x00, 0x00, 0x00, 0x00, 0x18, 0xB7, 
0x1F, 0x00, 0x00, 0x00, 0x20, 0xB7, 0x18, 0x00, 0x00, 0x00, 0x18, 0xB7, 0x1F, 0x00, 0x00, 0x00, 
0x00, 0x00, 0x20, 0xB7, 0x18, 0x00, 0x18, 0xB7, 0x1F, 0x00, 0x00, 0x00, 0x00, 0x00, 0x00, 0x00, 
0x20, 0xB7, 0x18, 0x98, 0x1F, 0x00, 0x00, 0x00, 0x00, 0x00, 0x00, 0x00, 0x00, 0x00, 0x20, 0x97, 
0x00, 0x00, 0x00, 0x00, 0x00, 0x00, 0x00, 0x00, 0x86, 0xF3, 0x87, 0x00, 0x00, 0x00, 0x00, 0x00, 
0x00, 0x00, 0x00, 0x00, 0x00, 0x00, 0x00, 0x00, 0x00, 0x00, 0x00, 0xF4, 0xFF, 0xF3, 0x00, 0x00, 
0x00, 0x00, 0x00, 0x00, 0x00, 0x00, 0x00, 0x00, 0x00, 0x00, 0x00, 0x00, 0x00, 0x00, 0x87, 0xF4, 
0x86, 0x00, 0x00, 0x00, 0x00, 0x00, 0x00, 0x00, 0x00, 0x00, 0x00, 0x00, 0x00, 0x00, 0x00, 0x00, 
0x00, 0x00, 0x00, 0x00, 0x00, 0x00, 0x00, 0x00, 0x00, 0x00, 0x00, 0x00, 0x00, 0x00, 0x00, 0x00, 
0x00, 0x00, 0x00, 0x00, 0x00, 0x00, 0x00, 0x00, 0x00, 0x00, 0x00, 0x00, 0x00, 0x00, 0x00, 0x00, 
0x00, 0x00, 0x00, 0x00, 0x00, 0x00, 0x00, 0x00, 0x00, 0x00, 0x00, 0x00, 0x00, 0x00, 0x00, 0x00, 
0x00, 0x00, 0xFF, 0xFF, 0xFF, 0xFF, 0xFF, 0xFF, 0xFF, 0xFF, 0xFF, 0xFF, 0xFF, 0xFF, 0xFF, 0xFF, 
0xFF, 0xFF, 0xFF, 0xFF, 0xFF, 0x00, 0x00, 0x00, 0x00, 0x00, 0x00, 0x00, 0x00, 0x00, 0x00, 0x00, 
0x00, 0x00, 0x00, 0x00, 0x00, 0x00, 0x00, 0x00, 0x00, 0x00, 0x00, 0x00, 0x00, 0x00, 0x00, 0x00, 
0x00, 0x00, 0x00, 0x00, 0x00, 0x00, 0x00, 0x00, 0x00, 0x00, 0x00, 0x00, 0x00, 0x00, 0x00, 0x00, 
0x00, 0x00, 0x00, 0x00, 0x00, 0x00, 0x00, 0x00, 0x00, 0x00, 0x00, 0x00, 0x00, 0x00, 0x00, 0x00, 
0x00, 0x00, 0x00, 0x00, 0x00, 0x00, 0x84, 0xF3, 0x84, 0x00, 0x00, 0x00, 0x00, 0x00, 0x00, 0x00, 
0x00, 0x00, 0x00, 0x00, 0x00, 0x00, 0x00, 0x00, 0x00, 0xF4, 0xFF, 0xF3, 0x00, 0x00, 0x00, 0x00, 
0x00, 0x00, 0x00, 0x00, 0x00, 0x00, 0x00, 0x00, 0x00, 0x00, 0x00, 0x00, 0x86, 0xF4, 0x84, 0x00, 
0x00, 0x00, 0x00, 0x00, 0x00, 0x00, 0x00, 0x00, 0x00, 0x00, 0x00, 0x00, 0x00, 0x00, 0x00, 0x00, 
0x00, 0x00, 0x00, 0x00, 0x00, 0x01, 0x00, 0x00, 0x00, 0x00, 0x00, 0x00, 0x00, 0x00, 0x00, 0x00, 
0x00, 0x00, 0x00, 0x51, 0xED, 0xE6, 0x3E, 0x00, 0x00, 0x2F, 0xDD, 0xF3, 0x61, 0x00, 0x00, 0x00, 
0x00, 0x00, 0x00, 0x00, 0x00, 0x00, 0x00, 0x00, 0x00, 0xDF, 0xFF, 0xFF, 0xC6, 0x00, 0x00, 0xAE, 
0xFF, 0xFF, 0xF4, 0x02, 0x00, 0x00, 0x00, 0x00, 0x00, 0x00, 0x00, 0x00, 0x00, 0x00, 0x00, 0xCD, 
0xFF, 0xFF, 0xB5, 0x00, 0x00, 0x9D, 0xFF, 0xFF, 0xE5, 0x00, 0x00, 0x00, 0x00, 0x00, 0x00, 0x00, 
0x00, 0x00, 0x00, 0x00, 0x00, 0x2B, 0xB2, 0xAC, 0x1F, 0x00, 0x00, 0x16, 0xA2, 0xB9, 0x38, 0x00, 
0x00, 0x00, 0x00, 0x00, 0x00, 0x00, 0x00, 0x00, 0x00, 0x00, 0x00, 0x00, 0x00, 0x00, 0x00, 0x00, 
0x00, 0x00, 0x00, 0x00, 0x00, 0x00, 0x00, 0x00, 0x00, 0x00, 0x00, 0x00, 0x00, 0x00, 0x00, 0x00, 
0x00, 0x00, 0x00, 0x00, 0x00, 0x00, 0x00, 0x00, 0x00, 0x00, 0x00, 0x00, 0x00, 0x00, 0x00, 0x00, 
0x00, 0x2C, 0xAB, 0xC8, 0xD8, 0xD8, 0xD8, 0xD8, 0xD8, 0xD8, 0xD8, 0xD8, 0xD8, 0xD8, 0xD8, 0xD8, 
0xD8, 0xD8, 0xD8, 0xD8, 0x1B, 0x00, 0x00, 0x00, 0x00, 0x01, 0x75, 0xFF, 0xFF, 0xFF, 0xC0, 0x78, 
0x78, 0x78, 0x78, 0x78, 0x78, 0x7A, 0x8A, 0xC1, 0xFF, 0xFF, 0x2C, 0x00, 0x00, 0x00, 0x00, 0x00, 
0x03, 0xF6, 0xFF, 0xFF, 0x88, 0x00, 0x00, 0x00, 0x00, 0x00, 0x00, 0x00, 0x00, 0x00, 0x6C, 0xFF, 
0x39, 0x00, 0x00, 0x00, 0x00, 0x00, 0x00, 0xDF, 0xFF, 0xFF, 0x88, 0x00, 0x00, 0x00, 0x00, 0x00, 
0x00, 0x00, 0x00, 0x00, 0x00, 0xD2, 0x46, 0x00, 0x00, 0x00, 0x00, 0x00, 0x00, 0xD8, 0xFF, 0xFF, 
0x88, 0x00, 0x00, 0x00, 0x00, 0x00, 0x00, 0x00, 0x00, 0x00, 0x00, 0x85, 0x53, 0x00, 0x00, 0x00, 
0x00, 0x00, 0x00, 0xD8, 0xFF, 0xFF, 0x88, 0x00, 0x00, 0x00, 0x00, 0x00, 0x00, 0x00, 0x00, 0x00, 
0x00, 0x23, 0x24, 0x00, 0x00, 0x00, 0x00, 0x00, 0x00, 0xD8, 0xFF, 0xFF, 0x88, 0x00, 0x00, 0x00, 
0x00, 0x00, 0x00, 0x00, 0x00, 0x00, 0x00, 0x00, 0x00, 0x00, 0x00, 0x00, 0x00, 0x00, 0x00, 0xD8, 
0xFF, 0xFF, 0x88, 0x00, 0x00, 0x00, 0x00, 0x00, 0x00, 0x00, 0x00, 0x4E, 0x17, 0x00, 0x00, 0x00, 
0x00, 0x00, 0x00, 0x00, 0x00, 0xD8, 0xFF, 0xFF, 0x88, 0x00, 0x00, 0x00, 0x00, 0x00, 0x00, 0x00, 
0x00, 0xA5, 0x28, 0x00, 0x00, 0x00, 0x00, 0x00, 0x00, 0x00, 0x00, 0xD8, 0xFF, 0xFF, 0x88, 0x00, 
0x00, 0x00, 0x00, 0x00, 0x00, 0x00, 0x0D, 0xEC, 0x28, 0x00, 0x00, 0x00, 0x00, 0x00, 0x00, 0x00, 
0x00, 0xD8, 0xFF, 0xFF, 0x95, 0x1C, 0x1C, 0x1C, 0x1C, 0x1C, 0x24, 0x4B, 0xC4, 0xFF, 0x28, 0x00, 
0x00, 0x00, 0x00, 0x00, 0x00, 0x00, 0x00, 0xD8, 0xFF, 0xFF, 0xFF, 0xFF, 0xFF, 0xFF, 0xFF, 0xFF, 
0xFF, 0xFF, 0xFF, 0xFF, 0x28, 0x00, 0x00, 0x00, 0x00, 0x00, 0x00, 0x00, 0x00, 0xD8, 0xFF, 0xFF, 
0x9C, 0x2C, 0x2C, 0x2C, 0x2C, 0x2C, 0x39, 0x64, 0xD9, 0xFF, 0x28, 0x00, 0x00, 0x00, 0x00, 0x00, 
0x00, 0x00, 0x00, 0xD8, 0xFF, 0xFF, 0x88, 0x00, 0x00, 0x00, 0x00, 0x00, 0x00, 0x00, 0x15, 0xF1, 
0x28, 0x00, 0x00, 0x00, 0x00, 0x00, 0x00, 0x00, 0x00, 0xD8, 0xFF, 0xFF, 0x88, 0x00, 0x00, 0x00, 
0x00, 0x00, 0x00, 0x00, 0x00, 0xB4, 0x28, 0x00, 0x00, 0x00, 0x00, 0x00, 0x00, 0x00, 0x00, 0xD8, 
0xFF, 0xFF, 0x88, 0x00, 0x00, 0x00, 0x00, 0x00, 0x00, 0x00, 0x00, 0x66, 0x1C, 0x00, 0x00, 0x00, 
0x00, 0x00, 0x00, 0x00, 0x00, 0xD8, 0xFF, 0xFF, 0x88, 0x00, 0x00, 0x00, 0x00, 0x00, 0x00, 0x00, 
0x00, 0x00, 0x00, 0x00, 0x00, 0x00, 0x00, 0x00, 0x00, 0x00, 0x00, 0xD8, 0xFF, 0xFF, 0x88, 0x00, 
0x00, 0x00, 0x00, 0x00, 0x00, 0x00, 0x00, 0x00, 0x00, 0x00, 0x00, 0x00, 0x00, 0x00, 0x00, 0x00, 
0x00, 0xD8, 0xFF, 0xFF, 0x88, 0x00, 0x00, 0x00, 0x00, 0x00, 0x00, 0x00, 0x00, 0x00, 0x00, 0x00, 
0x01, 0xBE, 0x0B, 0x00, 0x00, 0x00, 0x00, 0xD8, 0xFF, 0xFF, 0x88, 0x00, 0x00, 0x00, 0x00, 0x00, 
0x00, 0x00, 0x00, 0x00, 0x00, 0x00, 0x63, 0xA8, 0x00, 0x00, 0x00, 0x00, 0x00, 0xDC, 0xFF, 0xFF, 
0x89, 0x00, 0x00, 0x00, 0x00, 0x00, 0x00, 0x00, 0x00, 0x00, 0x00, 0x24, 0xF1, 0x50, 0x00, 0x00, 
0x00, 0x00, 0x00, 0xEF, 0xFF, 0xFF, 0x98, 0x00, 0x00, 0x00, 0x00, 0x00, 0x00, 0x00, 0x00, 0x00, 
0x27, 0xDC, 0xF0, 0x07, 0x00, 0x00, 0x00, 0x00, 0x5B, 0xFF, 0xFF, 0xFF, 0xF4, 0x6B, 0x4D, 0x4C, 
0x4C, 0x4C, 0x4C, 0x51, 0x65, 0x9D, 0xF7, 0xFF, 0xA0, 0x00, 0x00, 0x2C, 0xAA, 0xD1, 0xFF, 0xFF, 
0xFF, 0xFF, 0xFF, 0xFF, 0xFF, 0xFF, 0xFF, 0xFF, 0xFF, 0xFF, 0xFF, 0xFF, 0xFF, 0xFF, 0x48, 0x00, 
0x00, 0x00, 0x00, 0x00, 0x00, 0x00, 0x00, 0x00, 0x00, 0x00, 0x00, 0x00, 0x00, 0xA4, 0xCE, 0x00, 
0x00, 0x00, 0x00, 0x00, 0x00, 0x00, 0x00, 0x00, 0x00, 0x00, 0x00, 0x00, 0x00, 0x00, 0x00, 0x00, 
0x00, 0x00, 0x00, 0x00, 0x00, 0x00, 0x00, 0x19, 0xFA, 0xFF, 0x3D, 0x00, 0x00, 0x00, 0x00, 0x00, 
0x00, 0x00, 0x00, 0x00, 0x00, 0x00, 0x00, 0x00, 0x00, 0x00, 0x00, 0x00, 0x00, 0x00, 0x00, 0x00, 
0x00, 0x00, 0x82, 0xFF, 0xFF, 0xAC, 0x00, 0x00, 0x00, 0x00, 0x00, 0x00, 0x00, 0x00, 0x00, 0x00, 
0x00, 0x00, 0x00, 0x00, 0x00, 0x00, 0x00, 0x00, 0x00, 0x00, 0x00, 0x00, 0x07, 0xE9, 0xFF, 0xFF, 
0xFC, 0x1E, 0x00, 0x00, 0x00, 0x00, 0x00, 0x00, 0x00, 0x00, 0x00, 0x00, 0x00, 0x00, 0x00, 0x00, 
0x00, 0x00, 0x00, 0x00, 0x00, 0x00, 0x00, 0x61, 0xFF, 0xFC, 0xFF, 0xFF, 0x89, 0x00, 0x00, 0x00, 
0x00, 0x00, 0x00, 0x00, 0x00, 0x00, 0x00, 0x00, 0x00, 0x00, 0x00, 0x00, 0x00, 0x00, 0x00, 0x00, 
0x00, 0x00, 0xD0, 0xFF, 0x67, 0xFF, 0xFF, 0xEE, 0x0A, 0x00, 0x00, 0x00, 0x00, 0x00, 0x00, 0x00, 
0x00, 0x00, 0x00, 0x00, 0x00, 0x00, 0x00, 0x00, 0x00, 0x00, 0x00, 0x00, 0x40, 0xFF, 0xC4, 0x00, 
0xC5, 0xFF, 0xFF, 0x66, 0x00, 0x00, 0x00, 0x00, 0x00, 0x00, 0x00, 0x00, 0x00, 0x00, 0x00, 0x00, 
0x00, 0x00, 0x00, 0x00, 0x00, 0x00, 0x00, 0xAF, 0xFF, 0x54, 0x00, 0x57, 0xFF, 0xFF, 0xD4, 0x00, 
0x00, 0x00, 0x00, 0x00, 0x00, 0x00, 0x00, 0x00, 0x00, 0x00, 0x00, 0x00, 0x00, 0x00, 0x00, 0x00, 
0x00, 0x21, 0xFD, 0xE2, 0x03, 0x00, 0x04, 0xE3, 0xFF, 0xFF, 0x43, 0x00, 0x00, 0x00, 0x00, 0x00, 
0x00, 0x00, 0x00, 0x00, 0x00, 0x00, 0x00, 0x00, 0x00, 0x00, 0x00, 0x00, 0x8E, 0xFF, 0x76, 0x00, 
0x00, 0x00, 0x79, 0xFF, 0xFF, 0xB2, 0x00, 0x00, 0x00, 0x00, 0x00, 0x00, 0x00, 0x00, 0x00, 0x00, 
0x00, 0x00, 0x00, 0x00, 0x00, 0x00, 0x0C, 0xF0, 0xF5, 0x12, 0x00, 0x00, 0x00, 0x13, 0xF6, 0xFF, 
0xFD, 0x23, 0x00, 0x00, 0x00, 0x00, 0x00, 0x00, 0x00, 0x00, 0x00, 0x00, 0x00, 0x00, 0x00, 0x00, 
0x00, 0x6C, 0xFF, 0x98, 0x00, 0x00, 0x00, 0x00, 0x00, 0x9C, 0xFF, 0xFF, 0x8F, 0x00, 0x00, 0x00, 
0x00, 0x00, 0x00, 0x00, 0x00, 0x00, 0x00, 0x00, 0x00, 0x00, 0x00, 0x01, 0xD9, 0xFF, 0x2A, 0x00, 
0x00, 0x00, 0x00, 0x00, 0x2D, 0xFF, 0xFF, 0xF1, 0x0D, 0x00, 0x00, 0x00, 0x00, 0x00, 0x00, 0x00, 
0x00, 0x00, 0x00, 0x00, 0x00, 0x00, 0x4B, 0xFF, 0xBA, 0x00, 0x00, 0x00, 0x00, 0x00, 0x00, 0x00, 
0xBE, 0xFF, 0xFF, 0x6D, 0x00, 0x00, 0x00, 0x00, 0x00, 0x00, 0x00, 0x00, 0x00, 0x00, 0x00, 0x00, 
0x00, 0xBA, 0xFF, 0x4B, 0x00, 0x00, 0x00, 0x00, 0x00, 0x00, 0x00, 0x4F, 0xFF, 0xFF, 0xD9, 0x01, 
0x00, 0x00, 0x00, 0x00, 0x00, 0x00, 0x00, 0x00, 0x00, 0x00, 0x00, 0x2A, 0xFF, 0xFF, 0xFF, 0xFF, 
0xFF, 0xFF, 0xFF, 0xFF, 0xFF, 0xFF, 0xFF, 0xFF, 0xFF, 0xFF, 0x4A, 0x00, 0x00, 0x00, 0x00, 0x00, 
0x00, 0x00, 0x00, 0x00, 0x00, 0x00, 0x99, 0xFF, 0x6B, 0x00, 0x00, 0x00, 0x00, 0x00, 0x00, 0x00, 
0x00, 0x00, 0x75, 0xFF, 0xFF, 0xB8, 0x00, 0x00, 0x00, 0x00, 0x00, 0x00, 0x00, 0x00, 0x00, 0x00, 
0x12, 0xF5, 0xF0, 0x0C, 0x00, 0x00, 0x00, 0x00, 0x00, 0x00, 0x00, 0x00, 0x00, 0x11, 0xF5, 0xFF, 
0xFE, 0x28, 0x00, 0x00, 0x00, 0x00, 0x00, 0x00, 0x00, 0x00, 0x00, 0x77, 0xFF, 0x8D, 0x00, 0x00, 
0x00, 0x00, 0x00, 0x00, 0x00, 0x00, 0x00, 0x00, 0x00, 0x98, 0xFF, 0xFF, 0x96, 0x00, 0x00, 0x00, 
0x00, 0x00, 0x00, 0x00, 0x00, 0x05, 0xE4, 0xFD, 0x21, 0x00, 0x00, 0x00, 0x00, 0x00, 0x00, 0x00, 
0x00, 0x00, 0x00, 0x00, 0x2A, 0xFF, 0xFF, 0xF4, 0x12, 0x00, 0x00, 0x00, 0x00, 0x00, 0x00, 0x00, 
0x67, 0xFF, 0xB5, 0x00, 0x00, 0x00, 0x00, 0x00, 0x00, 0x00, 0x00, 0x00, 0x00, 0x00, 0x00, 0x00, 
0xC2, 0xFF, 0xFF, 0x87, 0x00, 0x00, 0x00, 0x00, 0x00, 0x00, 0x14, 0xE9, 0xFF, 0x76, 0x00, 0x00, 
0x00, 0x00, 0x00, 0x00, 0x00, 0x00, 0x00, 0x00, 0x00, 0x00, 0x00, 0x83, 0xFF, 0xFF, 0xF8, 0x2C, 
0x00, 0x00, 0x00, 0x08, 0x43, 0xCA, 0xFF, 0xFF, 0xD5, 0x40, 0x10, 0x00, 0x00, 0x00, 0x00, 0x00, 
0x00, 0x00, 0x00, 0x00, 0x0A, 0x38, 0xD3, 0xFF, 0xFF, 0xFF, 0xE6, 0x60, 0x19, 0x00, 0x94, 0xFF, 
0xFF, 0xFF, 0xFF, 0xFF, 0xFF, 0xFF, 0x28, 0x00, 0x00, 0x00, 0x00, 0x00, 0x00, 0x00, 0x00, 0xE0, 
0xFF, 0xFF, 0xFF, 0xFF, 0xFF, 0xFF, 0xFF, 0xFF, 0x18, 0xFF, 0xFF, 0xFF, 0xFF, 0xFF, 0xFF, 0xFF, 
0xFF, 0xFF, 0xFF, 0xFF, 0xFF, 0xFF, 0xFF, 0xFF, 0xFF, 0xA5, 0x00, 0x0C, 0x2F, 0xAF, 0xFF, 0xFF, 
0xFF, 0x00, 0x00, 0x00, 0x00, 0x04, 0x0F, 0x2C, 0x69, 0xDC, 0xFF, 0xB9, 0x00, 0x00, 0x00, 0x20, 
0xFF, 0xFF, 0xFF, 0x00, 0x00, 0x00, 0x00, 0x00, 0x00, 0x00, 0x00, 0x14, 0xE7, 0xCD, 0x00, 0x00, 
0x00, 0x06, 0xFF, 0xFF, 0xFF, 0x00, 0x00, 0x00, 0x00, 0x00, 0x00, 0x00, 0x00, 0x00, 0x75, 0xE1, 
0x00, 0x00, 0x00, 0x00, 0xFF, 0xFF, 0xFF, 0x00, 0x00, 0x00, 0x00, 0x00, 0x00, 0x00, 0x00, 0x00, 
0x23, 0xF5, 0x00, 0x00, 0x00, 0x00, 0xFF, 0xFF, 0xFF, 0x00, 0x00, 0x00, 0x00, 0x00, 0x00, 0x00, 
0x00, 0x00, 0x00, 0x00, 0x00, 0x00, 0x00, 0x00, 0xFF, 0xFF, 0xFF, 0x00, 0x00, 0x00, 0x00, 0x00, 
0x00, 0x00, 0x00, 0x00, 0x00, 0x00, 0x00, 0x00, 0x00, 0x00, 0xFF, 0xFF, 0xFF, 0x00, 0x00, 0x00, 
0x00, 0x00, 0x00, 0x00, 0x00, 0x00, 0x00, 0x00, 0x00, 0x00, 0x00, 0x00, 0xFF, 0xFF, 0xFF, 0x00, 
0x00, 0x00, 0x00, 0x00, 0x00, 0x00, 0x00, 0x00, 0x00, 0x00, 0x00, 0x00, 0x00, 0x00, 0xFF, 0xFF, 
0xFF, 0x00, 0x00, 0x00, 0x00, 0x00, 0x00, 0x00, 0x00, 0x00, 0x00, 0x00, 0x00, 0x00, 0x00, 0x00, 
0xFF, 0xFF, 0xFF, 0x00, 0x00, 0x00, 0x00, 0x00, 0x00, 0x00, 0x00, 0x00, 0x00, 0x00, 0x00, 0x00, 
0x00, 0x00, 0xFF, 0xFF, 0xFF, 0xFF, 0xFD, 0xF8, 0xEE, 0xDF, 0xC5, 0xA0, 0x64, 0x12, 0x00, 0x00, 
0x00, 0x00, 0x00, 0x00, 0xFF, 0xFF, 0xFF, 0x1A, 0x06, 0x0B, 0x21, 0x51, 0xA0, 0xF8, 0xFF, 0xF2, 
0x70, 0x00, 0x00, 0x00, 0x00, 0x00, 0xFF, 0xFF, 0xFF, 0x00, 0x00, 0x00, 0x00, 0x00, 0x00, 0x1E, 
0xC2, 0xFF, 0xFF, 0x89, 0x00, 0x00, 0x00, 0x00, 0xFF, 0xFF, 0xFF, 0x00, 0x00, 0x00, 0x00, 0x00, 
0x00, 0x00, 0x08, 0xD3, 0xFF, 0xFF, 0x41, 0x00, 0x00, 0x00, 0xFF, 0xFF, 0xFF, 0x00, 0x00, 0x00, 
0x00, 0x00, 0x00, 0x00, 0x00, 0x56, 0xFF, 0xFF, 0xB1, 0x00, 0x00, 0x00, 0xFF, 0xFF, 0xFF, 0x00, 
0x00, 0x00, 0x00, 0x00, 0x00, 0x00, 0x00, 0x17, 0xFF, 0xFF, 0xEB, 0x00, 0x00, 0x00, 0xFF, 0xFF, 
0xFF, 0x00, 0x00, 0x00, 0x00, 0x00, 0x00, 0x00, 0x00, 0x07, 0xFF, 0xFF, 0xF9, 0x00, 0x00, 0x00, 
0xFF, 0xFF, 0xFF, 0x00, 0x00, 0x00, 0x00, 0x00, 0x00, 0x00, 0x00, 0x21, 0xFF, 0xFF, 0xE1, 0x00, 
0x00, 0x00, 0xFF, 0xFF, 0xFF, 0x00, 0x00, 0x00, 0x00, 0x00, 0x00, 0x00, 0x00, 0x6C, 0xFF, 0xFF, 
0xA1, 0x00, 0x00, 0x05, 0xFF, 0xFF, 0xFF, 0x00, 0x00, 0x00, 0x00, 0x00, 0x00, 0x00, 0x16, 0xE8, 
0xFF, 0xFE, 0x31, 0x00, 0x00, 0x24, 0xFF, 0xFF, 0xFF, 0x00, 0x00, 0x00, 0x00, 0x00, 0x00, 0x28, 
0xD6, 0xFF, 0xFF, 0x84, 0x00, 0x08, 0x2C, 0xAC, 0xFF, 0xFF, 0xFF, 0x30, 0x12, 0x04, 0x10, 0x40, 
0x98, 0xF8, 0xFF, 0xFC, 0x7E, 0x01, 0x00, 0xFF, 0xFF, 0xFF, 0xFF, 0xFF, 0xFF, 0xFF, 0xFF, 0xFF, 
0xFF, 0xF4, 0xE4, 0xBA, 0x7E, 0x1D, 0x00, 0x00, 0x00, 0xFF, 0xFF, 0xFF, 0xFF, 0xFF, 0xFF, 0xFF, 
0xFF, 0xFF, 0xFF, 0xFD, 0xF7, 0xE7, 0xC9, 0x9B, 0x52, 0x06, 0x00, 0x00, 0x00, 0x00, 0x01, 0x1F, 
0xAB, 0xFF, 0xFF, 0xFF, 0x4E, 0x22, 0x0E, 0x03, 0x0E, 0x26, 0x56, 0xA9, 0xFA, 0xFF, 0xE5, 0x56, 
0x00, 0x00, 0x00, 0x00, 0x00, 0x20, 0xFF, 0xFF, 0xFF, 0x00, 0x00, 0x00, 0x00, 0x00, 0x00, 0x00, 
0x00, 0x2B, 0xD4, 0xFF, 0xFF, 0x75, 0x00, 0x00, 0x00, 0x00, 0x04, 0xFF, 0xFF, 0xFF, 0x00, 0x00, 
0x00, 0x00, 0x00, 0x00, 0x00, 0x00, 0x00, 0x13, 0xE2, 0xFF, 0xFD, 0x39, 0x00, 0x00, 0x00, 0x00, 
0xFF, 0xFF, 0xFF, 0x00, 0x00, 0x00, 0x00, 0x00, 0x00, 0x00, 0x00, 0x00, 0x00, 0x5C, 0xFF, 0xFF, 
0xAE, 0x00, 0x00, 0x00, 0x00, 0xFF, 0xFF, 0xFF, 0x00, 0x00, 0x00, 0x00, 0x00, 0x00, 0x00, 0x00, 
0x00, 0x00, 0x14, 0xFF, 0xFF, 0xEB, 0x00, 0x00, 0x00, 0x00, 0xFF, 0xFF, 0xFF, 0x00, 0x00, 0x00, 
0x00, 0x00, 0x00, 0x00, 0x00, 0x00, 0x00, 0x0B, 0xFF, 0xFF, 0xF9, 0x00, 0x00, 0x00, 0x00, 0xFF, 
0xFF, 0xFF, 0x00, 0x00, 0x00, 0x00, 0x00, 0x00, 0x00, 0x00, 0x00, 0x00, 0x53, 0xFF, 0xFF, 0xD6, 
0x00, 0x00, 0x00, 0x00, 0xFF, 0xFF, 0xFF, 0x00, 0x00, 0x00, 0x00, 0x00, 0x00, 0x00, 0x00, 0x00, 
0x1B, 0xE1, 0xFF, 0xFF, 0x77, 0x00, 0x00, 0x00, 0x00, 0xFF, 0xFF, 0xFF, 0x00, 0x00, 0x00, 0x00, 
0x00, 0x00, 0x00, 0x00, 0x37, 0xE4, 0xFF, 0xFF, 0xC8, 0x06, 0x00, 0x00, 0x00, 0x00, 0xFF, 0xFF, 
0xFF, 0x30, 0x12, 0x07, 0x01, 0x09, 0x1F, 0x4D, 0xA7, 0xFE, 0xFF, 0xFF, 0xA4, 0x0E, 0x00, 0x00, 
0x00, 0x00, 0x00, 0xFF, 0xFF, 0xFF, 0xFF, 0xFF, 0xFF, 0xFF, 0xFF, 0xFF, 0xFF, 0xFF, 0xFF, 0xE7, 
0x52, 0x00, 0x00, 0x00, 0x00, 0x00, 0x00, 0x00, 0xFF, 0xFF, 0xFF, 0x1C, 0x0A, 0x02, 0x02, 0x0A, 
0x13, 0x2C, 0x4C, 0x92, 0xF4, 0xFF, 0xC8, 0x42, 0x00, 0x00, 0x00, 0x00, 0x00, 0xFF, 0xFF, 0xFF, 
0x00, 0x00, 0x00, 0x00, 0x00, 0x00, 0x00, 0x00, 0x00, 0x25, 0xDE, 0xFF, 0xFE, 0x6A, 0x00, 0x00, 
0x00, 0x00, 0xFF, 0xFF, 0xFF, 0x00, 0x00, 0x00, 0x00, 0x00, 0x00, 0x00, 0x00, 0x00, 0x00, 0x30, 
0xFD, 0xFF, 0xFD, 0x35, 0x00, 0x00, 0x00, 0xFF, 0xFF, 0xFF, 0x00, 0x00, 0x00, 0x00, 0x00, 0x00, 
0x00, 0x00, 0x00, 0x00, 0x00, 0xB7, 0xFF, 0xFF, 0xAB, 0x00, 0x00, 0x00, 0xFF, 0xFF, 0xFF, 0x00, 
0x00, 0x00, 0x00, 0x00, 0x00, 0x00, 0x00, 0x00, 0x00, 0x00, 0x7B, 0xFF, 0xFF, 0xEA, 0x00, 0x00, 
0x00, 0xFF, 0xFF, 0xFF, 0x00, 0x00, 0x00, 0x00, 0x00, 0x00, 0x00, 0x00, 0x00, 0x00, 0x00, 0x65, 
0xFF, 0xFF, 0xF9, 0x00, 0x00, 0x00, 0xFF, 0xFF, 0xFF, 0x00, 0x00, 0x00, 0x00, 0x00, 0x00, 0x00, 
0x00, 0x00, 0x00, 0x00, 0x76, 0xFF, 0xFF, 0xDD, 0x00, 0x00, 0x00, 0xFF, 0xFF, 0xFF, 0x00, 0x00, 
0x00, 0x00, 0x00, 0x00, 0x00, 0x00, 0x00, 0x00, 0x00, 0xBD, 0xFF, 0xFF, 0x91, 0x00, 0x00, 0x04, 
0xFF, 0xFF, 0xFF, 0x00, 0x00, 0x00, 0x00, 0x00, 0x00, 0x00, 0x00, 0x00, 0x00, 0x50, 0xFF, 0xFF, 
0xF4, 0x1C, 0x00, 0x00, 0x20, 0xFF, 0xFF, 0xFF, 0x00, 0x00, 0x00, 0x00, 0x00, 0x00, 0x00, 0x00, 
0x00, 0x57, 0xF6, 0xFF, 0xFB, 0x49, 0x00, 0x01, 0x21, 0xB1, 0xFF, 0xFF, 0xFF, 0x6A, 0x3F, 0x1C, 
0x0D, 0x03, 0x0F, 0x2D, 0x64, 0xC2, 0xFF, 0xFF, 0xDA, 0x46, 0x00, 0x00, 0xFF, 0xFF, 0xFF, 0xFF, 
0xFF, 0xFF, 0xFF, 0xFF, 0xFF, 0xFF, 0xFF, 0xFD, 0xF6, 0xE5, 0xCA, 0x9E, 0x59, 0x05, 0x00, 0x00, 
0x00, 0xFF, 0xFF, 0xFF, 0xFF, 0xFF, 0xFF, 0xFF, 0xFF, 0xFF, 0xFF, 0xFF, 0xFF, 0xFF, 0xFF, 0xFF, 
0xFF, 0xFF, 0xFF, 0xE2, 0x09, 0x2E, 0xAF, 0xFF, 0xFF, 0xFF, 0x00, 0x00, 0x00, 0x00, 0x00, 0x00, 
0x00, 0x07, 0x16, 0x44, 0xBB, 0xFF, 0xE9, 0x00, 0x00, 0x25, 0xFF, 0xFF, 0xFF, 0x00, 0x00, 0x00, 
0x00, 0x00, 0x00, 0x00, 0x00, 0x00, 0x00, 0x05, 0xC4, 0xEF, 0x00, 0x00, 0x05, 0xFF, 0xFF, 0xFF, 
0x00, 0x00, 0x00, 0x00, 0x00, 0x00, 0x00, 0x00, 0x00, 0x00, 0x00, 0x4A, 0xF6, 0x00, 0x00, 0x00, 
0xFF, 0xFF, 0xFF, 0x00, 0x00, 0x00, 0x00, 0x00, 0x00, 0x00, 0x00, 0x00, 0x00, 0x00, 0x14, 0xFC, 
0x00, 0x00, 0x00, 0xFF, 0xFF, 0xFF, 0x00, 0x00, 0x00, 0x00, 0x00, 0x00, 0x00, 0x00, 0x00, 0x00, 
0x00, 0x00, 0x00, 0x00, 0x00, 0x00, 0xFF, 0xFF, 0xFF, 0x00, 0x00, 0x00, 0x00, 0x00, 0x00, 0x00, 
0x00, 0x00, 0x00, 0x00, 0x00, 0x00, 0x00, 0x00, 0x00, 0xFF, 0xFF, 0xFF, 0x00, 0x00, 0x00, 0x00, 
0x00, 0x00, 0x00, 0x00, 0x00, 0x00, 0x00, 0x00, 0x00, 0x00, 0x00, 0x00, 0xFF, 0xFF, 0xFF, 0x00, 
0x00, 0x00, 0x00, 0x00, 0x00, 0x00, 0x00, 0x00, 0x00, 0x00, 0x00, 0x00, 0x00, 0x00, 0x00, 0xFF, 
0xFF, 0xFF, 0x00, 0x00, 0x00, 0x00, 0x00, 0x00, 0x00, 0x00, 0x00, 0x00, 0x00, 0x00, 0x00, 0x00, 
0x00, 0x00, 0xFF, 0xFF, 0xFF, 0x00, 0x00, 0x00, 0x00, 0x00, 0x00, 0x00, 0x00, 0x00, 0x00, 0x00, 
0x00, 0x00, 0x00, 0x00, 0x00, 0xFF, 0xFF, 0xFF, 0x00, 0x00, 0x00, 0x00, 0x00, 0x00, 0x00, 0x00, 
0x00, 0x00, 0x00, 0x00, 0x00, 0x00, 0x00, 0x00, 0xFF, 0xFF, 0xFF, 0x00, 0x00, 0x00, 0x00, 0x00, 
0x00, 0x00, 0x00, 0x00, 0x00, 0x00, 0x00, 0x00, 0x00, 0x00, 0x00, 0xFF, 0xFF, 0xFF, 0x00, 0x00, 
0x00, 0x00, 0x00, 0x00, 0x00, 0x00, 0x00, 0x00, 0x00, 0x00, 0x00, 0x00, 0x00, 0x00, 0xFF, 0xFF, 
0xFF, 0x00, 0x00, 0x00, 0x00, 0x00, 0x00, 0x00, 0x00, 0x00, 0x00, 0x00, 0x00, 0x00, 0x00, 0x00, 
0x00, 0xFF, 0xFF, 0xFF, 0x00, 0x00, 0x00, 0x00, 0x00, 0x00, 0x00, 0x00, 0x00, 0x00, 0x00, 0x00, 
0x00, 0x00, 0x00, 0x00, 0xFF, 0xFF, 0xFF, 0x00, 0x00, 0x00, 0x00, 0x00, 0x00, 0x00, 0x00, 0x00, 
0x00, 0x00, 0x00, 0x00, 0x00, 0x00, 0x00, 0xFF, 0xFF, 0xFF, 0x00, 0x00, 0x00, 0x00, 0x00, 0x00, 
0x00, 0x00, 0x00, 0x00, 0x00, 0x00, 0x00, 0x00, 0x00, 0x00, 0xFF, 0xFF, 0xFF, 0x00, 0x00, 0x00, 
0x00, 0x00, 0x00, 0x00, 0x00, 0x00, 0x00, 0x00, 0x00, 0x00, 0x00, 0x00, 0x00, 0xFF, 0xFF, 0xFF, 
0x00, 0x00, 0x00, 0x00, 0x00, 0x00, 0x00, 0x00, 0x00, 0x00, 0x00, 0x00, 0x00, 0x00, 0x00, 0x05, 
0xFF, 0xFF, 0xFF, 0x04, 0x00, 0x00, 0x00, 0x00, 0x00, 0x00, 0x00, 0x00, 0x00, 0x00, 0x00, 0x00, 
0x00, 0x00, 0x24, 0xFF, 0xFF, 0xFF, 0x23, 0x00, 0x00, 0x00, 0x00, 0x00, 0x00, 0x00, 0x00, 0x00, 
0x00, 0x00, 0x00, 0x08, 0x2C, 0xAC, 0xFF, 0xFF, 0xFF, 0xA9, 0x2B, 0x08, 0x00, 0x00, 0x00, 0x00, 
0x00, 0x00, 0x00, 0x00, 0x00, 0x00, 0xFF, 0xFF, 0xFF, 0xFF, 0xFF, 0xFF, 0xFF, 0xFF, 0xFF, 0x00, 
0x00, 0x00, 0x00, 0x00, 0x00, 0x00, 0x00, 0x00, 0x00, 0x00, 0x00, 0x00, 0x00, 0xFF, 0xFF, 0xFF, 
0xFF, 0xFF, 0xFF, 0xFF, 0xFF, 0xFF, 0xFF, 0xFF, 0xFF, 0xFF, 0xFF, 0xFF, 0xFF, 0xFF, 0xFF, 0xFF, 
0x00, 0x00, 0x00, 0x00, 0x06, 0x1A, 0x54, 0xED, 0xFF, 0xF9, 0x00, 0x00, 0x00, 0x00, 0x00, 0x00, 
0x00, 0xFF, 0xFF, 0xFF, 0xC0, 0x36, 0x0A, 0x00, 0x00, 0x00, 0x00, 0x00, 0x00, 0x00, 0x69, 0xFF, 
0xED, 0x00, 0x00, 0x00, 0x00, 0x00, 0x00, 0x00, 0xFF, 0xFF, 0xFF, 0x34, 0x00, 0x00, 0x00, 0x00, 
0x00, 0x00, 0x00, 0x00, 0x00, 0x1E, 0xFF, 0xE0, 0x00, 0x00, 0x00, 0x00, 0x00, 0x00, 0x00, 0xFF, 
0xFF, 0xFF, 0x0C, 0x00, 0x00, 0x00, 0x00, 0x00, 0x00, 0x00, 0x00, 0x00, 0x07, 0xFF, 0xD1, 0x00, 
0x00, 0x00, 0x00, 0x00, 0x00, 0x00, 0xFF, 0xFF, 0xFF, 0x01, 0x00, 0x00, 0x00, 0x00, 0x00, 0x00, 
0x00, 0x00, 0x00, 0x05, 0xFF, 0xC2, 0x00, 0x00, 0x00, 0x00, 0x00, 0x00, 0x00, 0xFF, 0xFF, 0xFF, 
0x00, 0x00, 0x00, 0x00, 0x00, 0x00, 0x00, 0x00, 0x00, 0x00, 0x0E, 0xFF, 0xB0, 0x00, 0x00, 0x00, 
0x00, 0x00, 0x00, 0x00, 0xFF, 0xFF, 0xFF, 0x00, 0x00, 0x00, 0x00, 0x00, 0x00, 0x00, 0x00, 0x00, 
0x00, 0x20, 0xFF, 0x9B, 0x00, 0x00, 0x00, 0x00, 0x00, 0x00, 0x00, 0xFF, 0xFF, 0xFF, 0x00, 0x00, 
0x00, 0x00, 0x00, 0x00, 0x00, 0x00, 0x00, 0x00, 0x36, 0xFF, 0x85, 0x00, 0x00, 0x00, 0x00, 0x00, 
0x00, 0x00, 0xFF, 0xFF, 0xFF, 0x00, 0x00, 0x00, 0x00, 0x00, 0x00, 0x00, 0x00, 0x00, 0x00, 0x53, 
0xFF, 0x6C, 0x00, 0x00, 0x00, 0x00, 0x00, 0x00, 0x00, 0xFF, 0xFF, 0xFF, 0x00, 0x00, 0x00, 0x00, 
0x00, 0x00, 0x00, 0x00, 0x00, 0x00, 0x72, 0xFF, 0x51, 0x00, 0x00, 0x00, 0x00, 0x00, 0x00, 0x00, 
0xFF, 0xFF, 0xFF, 0x00, 0x00, 0x00, 0x00, 0x00, 0x00, 0x00, 0x00, 0x00, 0x00, 0x97, 0xFF, 0x31, 
0x00, 0x00, 0x00, 0x00, 0x00, 0x00, 0x00, 0xFF, 0xFF, 0xFF, 0x00, 0x00, 0x00, 0x00, 0x00, 0x00, 
0x00, 0x00, 0x00, 0x00, 0xBE, 0xFF, 0x0D, 0x00, 0x00, 0x00, 0x00, 0x00, 0x00, 0x00, 0xFF, 0xFF, 
0xFF, 0x00, 0x00, 0x00, 0x00, 0x00, 0x00, 0x00, 0x00, 0x00, 0x00, 0xED, 0xE4, 0x00, 0x00, 0x00, 
0x00, 0x00, 0x00, 0x00, 0x00, 0xFF, 0xFF, 0xFF, 0x00, 0x00, 0x00, 0x00, 0x00, 0x00, 0x00, 0x00, 
0x00, 0x21, 0xFF, 0xB3, 0x00, 0x00, 0x00, 0x00, 0x00, 0x00, 0x00, 0x00, 0xFF, 0xFF, 0xFF, 0x00, 
0x00, 0x00, 0x00, 0x00, 0x00, 0x00, 0x00, 0x00, 0x65, 0xFF, 0x79, 0x00, 0x00, 0x00, 0x00, 0x00, 
0x00, 0x00, 0x00, 0xFF, 0xFF, 0xFF, 0x00, 0x00, 0x00, 0x00, 0x00, 0x00, 0x00, 0x00, 0x00, 0xAE, 
0xFF, 0x32, 0x00, 0x00, 0x00, 0x00, 0x00, 0x00, 0x00, 0x00, 0xFF, 0xFF, 0xFF, 0x00, 0x00, 0x00, 
0x00, 0x00, 0x00, 0x00, 0x00, 0x12, 0xF8, 0xDE, 0x00, 0x00, 0x00, 0x00, 0x00, 0x00, 0x00, 0x00, 
0x00, 0xFF, 0xFF, 0xFF, 0x00, 0x00, 0x00, 0x00, 0x00, 0x00, 0x00, 0x00, 0x71, 0xFF, 0x84, 0x00, 
0x00, 0x00, 0x00, 0x00, 0x00, 0x00, 0x00, 0x00, 0xFF, 0xFF, 0xFF, 0x01, 0x00, 0x00, 0x00, 0x00, 
0x00, 0x00, 0x09, 0xE7, 0xFB, 0x1C, 0x00, 0x00, 0x00, 0x00, 0x00, 0x00, 0x00, 0x00, 0x00, 0xFF, 
0xFF, 0xFF, 0x06, 0x00, 0x00, 0x00, 0x00, 0x00, 0x00, 0x87, 0xFF, 0x9C, 0x00, 0x00, 0x00, 0x00, 
0x00, 0x00, 0x00, 0x00, 0x00, 0x05, 0xFF, 0xFF, 0xFF, 0x12, 0x00, 0x00, 0x00, 0x00, 0x00, 0x4A, 
0xFD, 0xF2, 0x1A, 0x00, 0x00, 0x00, 0x00, 0x00, 0x00, 0x00, 0x00, 0x00, 0x1C, 0xFF, 0xFF, 0xFF, 
0x29, 0x00, 0x00, 0x00, 0x03, 0x6A, 0xFA, 0xFF, 0x5C, 0x00, 0x00, 0x00, 0x00, 0x00, 0x00, 0x00, 
0x00, 0x04, 0x1A, 0x87, 0xFF, 0xFF, 0xFF, 0x68, 0x00, 0x00, 0x9C, 0xDE, 0xFF, 0xFF, 0xFF, 0xFF, 
0xFF, 0xFF, 0xFF, 0xFF, 0xFF, 0xFF, 0xFF, 0xFF, 0xFF, 0xFF, 0xFF, 0xFF, 0xFF, 0xFF, 0xFA, 0xAD, 
0x86, 0xFF, 0xFF, 0xFF, 0xFF, 0xF4, 0x8D, 0x42, 0x19, 0x05, 0x00, 0x00, 0x00, 0x00, 0x00, 0x02, 
0x14, 0x32, 0x74, 0xDB, 0xFF, 0xFF, 0xFF, 0xFF, 0xFF, 0xFF, 0xFF, 0xCD, 0x19, 0x00, 0x00, 0x00, 
0x00, 0x00, 0x00, 0x00, 0x00, 0x00, 0x00, 0x00, 0x00, 0x00, 0x08, 0xA7, 0xFF, 0xFF, 0xFF, 0xFF, 
0xFF, 0xDE, 0x10, 0x00, 0x00, 0x00, 0x00, 0x00, 0x00, 0x00, 0x00, 0x00, 0x00, 0x00, 0x00, 0x00, 
0x00, 0x00, 0x04, 0xC4, 0xFF, 0xFF, 0xFF, 0xFF, 0x40, 0x00, 0x00, 0x00, 0x00, 0x00, 0x00, 0x00, 
0x00, 0x00, 0x00, 0x00, 0x00, 0x00, 0x00, 0x00, 0x00, 0x00, 0x2B, 0xFE, 0xFF, 0xFF, 0xBA, 0x00, 
0x00, 0x00, 0x00, 0x00, 0x00, 0x00, 0x00, 0x00, 0x00, 0x00, 0x00, 0x00, 0x00, 0x00, 0x00, 0x00, 
0x00, 0x00, 0xB5, 0xFF, 0xFF, 0x59, 0x00, 0x00, 0x00, 0x00, 0x00, 0x00, 0x00, 0x00, 0x00, 0x00, 
0x00, 0x00, 0x00, 0x00, 0x00, 0x00, 0x00, 0x00, 0x00, 0x5E, 0xFF, 0xFF, 0x1A, 0x00, 0x00, 0x00, 
0x00, 0x00, 0x00, 0x00, 0x00, 0x00, 0x00, 0x00, 0x00, 0x00, 0x00, 0x00, 0x00, 0x00, 0x00, 0x00, 
0x1D, 0xFF, 0xFF, 0xFF, 0xFF, 0xFF, 0xFF, 0xFF, 0xFF, 0xFF, 0xFF, 0xFF, 0xFF, 0xFF, 0xFF, 0xFF, 
0xFF, 0xFF, 0xFF, 0xFF, 0x00, 0x00, 0x01, 0x1B, 0x9E, 0xFF, 0xFF, 0xFF, 0x00, 0x00, 0x00, 0x00, 
0x00, 0x00, 0x01, 0x09, 0x2C, 0xAA, 0xFF, 0xFF, 0x00, 0x00, 0x00, 0x00, 0x1C, 0xFF, 0xFF, 0xFF, 
0x00, 0x00, 0x00, 0x00, 0x00, 0x00, 0x00, 0x00, 0x00, 0x02, 0xC2, 0xFF, 0x00, 0x00, 0x00, 0x00, 
0x04, 0xFF, 0xFF, 0xFF, 0x00, 0x00, 0x00, 0x00, 0x00, 0x00, 0x00, 0x00, 0x00, 0x00, 0x5B, 0xFF, 
0x00, 0x00, 0x00, 0x00, 0x00, 0xFF, 0xFF, 0xFF, 0x00, 0x00, 0x00, 0x00, 0x00, 0x00, 0x00, 0x00, 
0x00, 0x00, 0x1B, 0xFF, 0x00, 0x00, 0x00, 0x00, 0x00, 0xFF, 0xFF, 0xFF, 0x00, 0x00, 0x00, 0x00, 
0x00, 0x00, 0x00, 0x00, 0x00, 0x00, 0x00, 0x00, 0x00, 0x00, 0x00, 0x00, 0x00, 0xFF, 0xFF, 0xFF, 
0x00, 0x00, 0x00, 0x00, 0x00, 0x00, 0x00, 0x00, 0x00, 0x00, 0x00, 0x00, 0x00, 0x00, 0x00, 0x00, 
0x00, 0xFF, 0xFF, 0xFF, 0x00, 0x00, 0x00, 0x00, 0x00, 0x00, 0x00, 0x00, 0x00, 0x00, 0x00, 0x00, 
0x00, 0x00, 0x00, 0x00, 0x00, 0xFF, 0xFF, 0xFF, 0x00, 0x00, 0x00, 0x00, 0x00, 0x00, 0x00, 0x0D, 
0xFF, 0x00, 0x00, 0x00, 0x00, 0x00, 0x00, 0x00, 0x00, 0xFF, 0xFF, 0xFF, 0x00, 0x00, 0x00, 0x00, 
0x00, 0x00, 0x00, 0x45, 0xFF, 0x00, 0x00, 0x00, 0x00, 0x00, 0x00, 0x00, 0x00, 0xFF, 0xFF, 0xFF, 
0x00, 0x00, 0x00, 0x00, 0x00, 0x06, 0x31, 0xD0, 0xFF, 0x00, 0x00, 0x00, 0x00, 0x00, 0x00, 0x00, 
0x00, 0xFF, 0xFF, 0xFF, 0xFF, 0xFF, 0xFF, 0xFF, 0xFF, 0xFF, 0xFF, 0xFF, 0xFF, 0x00, 0x00, 0x00, 
0x00, 0x00, 0x00, 0x00, 0x00, 0xFF, 0xFF, 0xFF, 0x00, 0x00, 0x00, 0x00, 0x00, 0x09, 0x38, 0xD4, 
0xFF, 0x00, 0x00, 0x00, 0x00, 0x00, 0x00, 0x00, 0x00, 0xFF, 0xFF, 0xFF, 0x00, 0x00, 0x00, 0x00, 
0x00, 0x00, 0x00, 0x47, 0xFF, 0x00, 0x00, 0x00, 0x00, 0x00, 0x00, 0x00, 0x00, 0xFF, 0xFF, 0xFF, 
0x00, 0x00, 0x00, 0x00, 0x00, 0x00, 0x00, 0x13, 0xFF, 0x00, 0x00, 0x00, 0x00, 0x00, 0x00, 0x00, 
0x00, 0xFF, 0xFF, 0xFF, 0x00, 0x00, 0x00, 0x00, 0x00, 0x00, 0x00, 0x00, 0x00, 0x00, 0x00, 0x00, 
0x00, 0x00, 0x00, 0x00, 0x00, 0xFF, 0xFF, 0xFF, 0x00, 0x00, 0x00, 0x00, 0x00, 0x00, 0x00, 0x00, 
0x00, 0x00, 0x00, 0x00, 0x00, 0x00, 0x00, 0x00, 0x00, 0xFF, 0xFF, 0xFF, 0x00, 0x00, 0x00, 0x00, 
0x00, 0x00, 0x00, 0x00, 0x00, 0x00, 0x00, 0x00, 0x00, 0x00, 0x00, 0x00, 0x00, 0xFF, 0xFF, 0xFF, 
0x00, 0x00, 0x00, 0x00, 0x00, 0x00, 0x00, 0x00, 0x00, 0x00, 0x00, 0x00, 0x42, 0xD2, 0x00, 0x00, 
0x00, 0xFF, 0xFF, 0xFF, 0x00, 0x00, 0x00, 0x00, 0x00, 0x00, 0x00, 0x00, 0x00, 0x00, 0x00, 0x02, 
0xCC, 0x78, 0x00, 0x00, 0x04, 0xFF, 0xFF, 0xFF, 0x00, 0x00, 0x00, 0x00, 0x00, 0x00, 0x00, 0x00, 
0x00, 0x00, 0x00, 0x72, 0xFE, 0x1F, 0x00, 0x00, 0x1A, 0xFF, 0xFF, 0xFF, 0x09, 0x00, 0x00, 0x00, 
0x00, 0x00, 0x00, 0x00, 0x00, 0x00, 0x4B, 0xFA, 0xC4, 0x00, 0x00, 0x1F, 0xA5, 0xFF, 0xFF, 0xFF, 
0x6D, 0x08, 0x00, 0x00, 0x00, 0x00, 0x01, 0x0D, 0x2F, 0x8D, 0xFC, 0xFF, 0x6A, 0x00, 0xFF, 0xFF, 
0xFF, 0xFF, 0xFF, 0xFF, 0xFF, 0xFF, 0xFF, 0xFF, 0xFF, 0xFF, 0xFF, 0xFF, 0xFF, 0xFF, 0xFF, 0xFB, 
0x15, 0x00, 0x20, 0xB3, 0xEF, 0xED, 0xB9, 0x42, 0x00, 0x00, 0x00, 0x00, 0x00, 0xFF, 0xFF, 0xFF, 
0xFF, 0xFF, 0xFF, 0xFF, 0xFF, 0xFF, 0x00, 0x00, 0x00, 0x00, 0x00, 0x43, 0xB9, 0xED, 0xEF, 0xB1, 
0x1E, 0xC5, 0xFF, 0xFF, 0xFF, 0xFF, 0xFE, 0x75, 0x00, 0x00, 0x00, 0x00, 0x09, 0x2D, 0xAC, 0xFF, 
0xFF, 0xFF, 0xAC, 0x2D, 0x09, 0x00, 0x00, 0x00, 0x00, 0x76, 0xFE, 0xFF, 0xFF, 0xFF, 0xFF, 0xC5, 
0xF1, 0xFF, 0xFF, 0xFF, 0xFF, 0xFF, 0xFD, 0x33, 0x00, 0x00, 0x00, 0x00, 0x00, 0x24, 0xFF, 0xFF, 
0xFF, 0x23, 0x00, 0x00, 0x00, 0x00, 0x00, 0x37, 0xFD, 0xFF, 0xFF, 0xFF, 0xFF, 0xFF, 0xF1, 0x70, 
0xF2, 0xD4, 0x6C, 0x12, 0x4C, 0xFE, 0xA1, 0x00, 0x00, 0x00, 0x00, 0x00, 0x05, 0xFF, 0xFF, 0xFF, 
0x04, 0x00, 0x00, 0x00, 0x00, 0x00, 0xA7, 0xFD, 0x4A, 0x13, 0x6C, 0xD3, 0xF2, 0x70, 0x00, 0x00, 
0x00, 0x00, 0x00, 0x00, 0xB5, 0xF3, 0x0A, 0x00, 0x00, 0x00, 0x00, 0x00, 0xFF, 0xFF, 0xFF, 0x00, 
0x00, 0x00, 0x00, 0x00, 0x0D, 0xF6, 0xB1, 0x00, 0x00, 0x00, 0x00, 0x00, 0x00, 0x00, 0x00, 0x00, 
0x00, 0x00, 0x00, 0x53, 0xFF, 0x55, 0x00, 0x00, 0x00, 0x00, 0x00, 0xFF, 0xFF, 0xFF, 0x00, 0x00, 
0x00, 0x00, 0x00, 0x5B, 0xFF, 0x4E, 0x00, 0x00, 0x00, 0x00, 0x00, 0x00, 0x00, 0x00, 0x00, 0x00, 
0x00, 0x00, 0x07, 0xF1, 0xA9, 0x00, 0x00, 0x00, 0x00, 0x00, 0xFF, 0xFF, 0xFF, 0x00, 0x00, 0x00, 
0x00, 0x00, 0xAE, 0xEE, 0x05, 0x00, 0x00, 0x00, 0x00, 0x00, 0x00, 0x00, 0x00, 0x00, 0x00, 0x00, 
0x00, 0x00, 0x9F, 0xF3, 0x09, 0x00, 0x00, 0x00, 0x00, 0xFF, 0xFF, 0xFF, 0x00, 0x00, 0x00, 0x00, 
0x0D, 0xF6, 0x99, 0x00, 0x00, 0x00, 0x00, 0x00, 0x00, 0x00, 0x00, 0x00, 0x00, 0x00, 0x00, 0x00, 
0x00, 0x3E, 0xFF, 0x5A, 0x00, 0x00, 0x00, 0x00, 0xFF, 0xFF, 0xFF, 0x00, 0x00, 0x00, 0x00, 0x61, 
0xFF, 0x37, 0x00, 0x00, 0x00, 0x00, 0x00, 0x00, 0x00, 0x00, 0x00, 0x00, 0x00, 0x00, 0x00, 0x00, 
0x00, 0xCC, 0xCE, 0x03, 0x00, 0x00, 0x00, 0xFF, 0xFF, 0xFF, 0x00, 0x00, 0x00, 0x06, 0xD4, 0xC5, 
0x00, 0x00, 0x00, 0x00, 0x00, 0x00, 0x00, 0x00, 0x00, 0x00, 0x00, 0x00, 0x00, 0x00, 0x00, 0x00, 
0x2B, 0xEF, 0xA9, 0x1D, 0x00, 0x00, 0xFF, 0xFF, 0xFF, 0x00, 0x00, 0x22, 0xB0, 0xEE, 0x26, 0x00, 
0x00, 0x00, 0x00, 0x00, 0x00, 0x00, 0x00, 0x00, 0x00, 0x00, 0x00, 0x00, 0x00, 0x00, 0x00, 0x00, 
0x49, 0xFF, 0xFF, 0xEE, 0xF1, 0xFF, 0xFF, 0xFF, 0xF0, 0xF0, 0xFF, 0xFF, 0x48, 0x00, 0x00, 0x00, 
0x00, 0x00, 0x00, 0x00, 0x00, 0x00, 0x00, 0x00, 0x00, 0x00, 0x00, 0x00, 0x00, 0x00, 0x18, 0xE4, 
0xFF, 0xF9, 0x4C, 0x02, 0xFF, 0xFF, 0xFF, 0x05, 0x57, 0xFC, 0xFF, 0xF0, 0x2B, 0x00, 0x00, 0x00, 
0x00, 0x00, 0x00, 0x00, 0x00, 0x00, 0x00, 0x00, 0x00, 0x00, 0x00, 0x00, 0x00, 0xAE, 0xFF, 0xFF, 
0x7F, 0x00, 0x00, 0xFF, 0xFF, 0xFF, 0x00, 0x00, 0x89, 0xFF, 0xFF, 0xCC, 0x01, 0x00, 0x00, 0x00, 
0x00, 0x00, 0x00, 0x00, 0x00, 0x00, 0x00, 0x00, 0x00, 0x00, 0x00, 0x3D, 0xFF, 0xFF, 0xE8, 0x0C, 
0x00, 0x00, 0xFF, 0xFF, 0xFF, 0x00, 0x00, 0x0C, 0xE9, 0xFF, 0xFF, 0x59, 0x00, 0x00, 0x00, 0x00, 
0x00, 0x00, 0x00, 0x00, 0x00, 0x00, 0x00, 0x00, 0x00, 0x02, 0xCE, 0xFF, 0xFF, 0x68, 0x00, 0x00, 
0x00, 0xFF, 0xFF, 0xFF, 0x00, 0x00, 0x00, 0x6A, 0xFF, 0xFF, 0xDE, 0x06, 0x00, 0x00, 0x00, 0x00, 
0x00, 0x00, 0x00, 0x00, 0x00, 0x00, 0x00, 0x00, 0x64, 0xFF, 0xFF, 0xD7, 0x04, 0x00, 0x00, 0x00, 
0xFF, 0xFF, 0xFF, 0x00, 0x00, 0x00, 0x04, 0xD9, 0xFF, 0xFF, 0x71, 0x00, 0x00, 0x00, 0x00, 0x00, 
0x00, 0x00, 0x00, 0x00, 0x00, 0x00, 0x11, 0xEA, 0xFF, 0xFF, 0x4F, 0x00, 0x00, 0x00, 0x00, 0xFF, 
0xFF, 0xFF, 0x00, 0x00, 0x00, 0x00, 0x53, 0xFF, 0xFF, 0xED, 0x10, 0x00, 0x00, 0x00, 0x00, 0x00, 
0x00, 0x00, 0x00, 0x00, 0x00, 0x95, 0xFF, 0xFF, 0xC4, 0x00, 0x00, 0x00, 0x00, 0x00, 0xFF, 0xFF, 
0xFF, 0x00, 0x00, 0x00, 0x00, 0x00, 0xC6, 0xFF, 0xFF, 0x8E, 0x00, 0x00, 0x00, 0x00, 0x00, 0x00, 
0x00, 0x00, 0x00, 0x38, 0xFD, 0xFF, 0xFF, 0x3A, 0x00, 0x00, 0x00, 0x00, 0x00, 0xFF, 0xFF, 0xFF, 
0x00, 0x00, 0x00, 0x00, 0x00, 0x3B, 0xFF, 0xFF, 0xFA, 0x2B, 0x00, 0x00, 0x00, 0x00, 0x00, 0x00, 
0x00, 0x09, 0xD6, 0xFF, 0xFF, 0xB0, 0x00, 0x00, 0x00, 0x00, 0x00, 0x05, 0xFF, 0xFF, 0xFF, 0x04, 
0x00, 0x00, 0x00, 0x00, 0x00, 0xB0, 0xFF, 0xFF, 0xC9, 0x04, 0x00, 0x00, 0x00, 0x00, 0x00, 0x02, 
0xA4, 0xFF, 0xFF, 0xFC, 0x29, 0x00, 0x00, 0x00, 0x00, 0x00, 0x24, 0xFF, 0xFF, 0xFF, 0x23, 0x00, 
0x00, 0x00, 0x00, 0x00, 0x28, 0xFC, 0xFF, 0xFF, 0x96, 0x00, 0x00, 0x00, 0x0F, 0x46, 0xC0, 0xFF, 
0xFF, 0xFF, 0x9B, 0x00, 0x00, 0x00, 0x00, 0x08, 0x2B, 0xAA, 0xFF, 0xFF, 0xFF, 0xA9, 0x2B, 0x08, 
0x00, 0x00, 0x00, 0x00, 0x9A, 0xFF, 0xFF, 0xFF, 0xBD, 0x45, 0x14, 0xFF, 0xFF, 0xFF, 0xFF, 0xFF, 
0xF6, 0x1A, 0x00, 0x00, 0x00, 0x00, 0xFF, 0xFF, 0xFF, 0xFF, 0xFF, 0xFF, 0xFF, 0xFF, 0xFF, 0x00, 
0x00, 0x00, 0x00, 0x1B, 0xF7, 0xFF, 0xFF, 0xFF, 0xFF, 0xFF, 0x00, 0xFF, 0x28, 0x00, 0x01, 0x3B, 
0x90, 0xCE, 0xE9, 0xF9, 0xE6, 0xB3, 0x58, 0x03, 0x00, 0x00, 0x00, 0xFF, 0xD0, 0x88, 0xD8, 0xFF, 
0xFF, 0xFF, 0xFF, 0xFF, 0xFF, 0xFF, 0xFF, 0xC2, 0x16, 0x00, 0x00, 0xFF, 0xFF, 0xFF, 0xD5, 0x5E, 
0x1C, 0x05, 0x13, 0x53, 0xD5, 0xFF, 0xFF, 0xFF, 0xCD, 0x07, 0x00, 0xFF, 0xFF, 0xBD, 0x09, 0x00, 
0x00, 0x00, 0x00, 0x00, 0x0C, 0xD3, 0xFF, 0xFF, 0xFF, 0x77, 0x00, 0xFF, 0xEA, 0x19, 0x00, 0x00, 
0x00, 0x00, 0x00, 0x00, 0x00, 0x4C, 0xFF, 0xFF, 0xFF, 0xD3, 0x00, 0xFF, 0x7F, 0x00, 0x00, 0x00, 
0x00, 0x00, 0x00, 0x00, 0x00, 0x0E, 0xFF, 0xFF, 0xFF, 0xF7, 0x00, 0xFF, 0x2A, 0x00, 0x00, 0x00, 
0x00, 0x00, 0x00, 0x00, 0x00, 0x10, 0xFF, 0xFF, 0xFF, 0xED, 0x00, 0x00, 0x00, 0x00, 0x00, 0x00, 
0x00, 0x00, 0x00, 0x00, 0x00, 0x40, 0xFF, 0xFF, 0xFF, 0xB2, 0x00, 0x00, 0x00, 0x00, 0x00, 0x00, 
0x00, 0x00, 0x00, 0x00, 0x00, 0xB6, 0xFF, 0xFF, 0xFD, 0x3B, 0x00, 0x00, 0x00, 0x00, 0x00, 0x00, 
0x00, 0x00, 0x00, 0x01, 0x88, 0xFF, 0xFF, 0xFB, 0x68, 0x00, 0x00, 0x00, 0x00, 0x00, 0x00, 0x03, 
0x0E, 0x29, 0x5F, 0xCD, 0xFF, 0xFF, 0xD9, 0x44, 0x00, 0x00, 0x00, 0x00, 0x00, 0x00, 0x00, 0xFF, 
0xFF, 0xFF, 0xFF, 0xFF, 0xFF, 0xB0, 0x19, 0x00, 0x00, 0x00, 0x00, 0x00, 0x00, 0x00, 0x00, 0x07, 
0x15, 0x3C, 0x7A, 0xDE, 0xFF, 0xFF, 0xF9, 0x87, 0x03, 0x00, 0x00, 0x00, 0x00, 0x00, 0x00, 0x00, 
0x00, 0x00, 0x00, 0x08, 0x9F, 0xFF, 0xFF, 0xFF, 0x99, 0x00, 0x00, 0x00, 0x00, 0x00, 0x00, 0x00, 
0x00, 0x00, 0x00, 0x00, 0x02, 0xC3, 0xFF, 0xFF, 0xFF, 0x41, 0x00, 0x00, 0x00, 0x00, 0x00, 0x00, 
0x00, 0x00, 0x00, 0x00, 0x00, 0x48, 0xFF, 0xFF, 0xFF, 0xAB, 0x00, 0x00, 0x00, 0x00, 0x00, 0x00, 
0x00, 0x00, 0x00, 0x00, 0x00, 0x0E, 0xFF, 0xFF, 0xFF, 0xE6, 0x00, 0x00, 0x00, 0x00, 0x00, 0x00, 
0x00, 0x00, 0x00, 0x00, 0x00, 0x09, 0xFF, 0xFF, 0xFF, 0xFA, 0xB2, 0x5A, 0x00, 0x00, 0x00, 0x00, 
0x00, 0x00, 0x00, 0x00, 0x00, 0x31, 0xFF, 0xFF, 0xFF, 0xE6, 0x5F, 0xEF, 0x2A, 0x00, 0x00, 0x00, 
0x00, 0x00, 0x00, 0x00, 0x00, 0x91, 0xFF, 0xFF, 0xFF, 0xA8, 0x00, 0xB2, 0xEE, 0x3F, 0x00, 0x00, 
0x00, 0x00, 0x00, 0x00, 0x42, 0xFB, 0xFF, 0xFF, 0xFC, 0x35, 0x00, 0x0D, 0xCC, 0xFD, 0xA1, 0x3F, 
0x0D, 0x06, 0x29, 0x83, 0xF8, 0xFF, 0xFF, 0xFF, 0x6F, 0x00, 0x00, 0x00, 0x0C, 0xA6, 0xFF, 0xFF, 
0xFF, 0xFF, 0xFF, 0xFF, 0xFF, 0xFF, 0xE8, 0x53, 0x00, 0x00, 0x00, 0x00, 0x00, 0x00, 0x3C, 0xA1, 
0xDE, 0xF8, 0xF6, 0xE1, 0xB0, 0x63, 0x0A, 0x00, 0x00, 0x00, 0xFF, 0xFF, 0xFF, 0xFF, 0xFF, 0xFF, 
0xFF, 0xFF, 0xFF, 0x00, 0x00, 0x00, 0x00, 0x00, 0x00, 0xFF, 0xFF, 0xFF, 0xFF, 0xFF, 0xFF, 0xFF, 
0xFF, 0xFF, 0x09, 0x2E, 0xAF, 0xFF, 0xFF, 0xFF, 0xAC, 0x2D, 0x09, 0x00, 0x00, 0x00, 0x00, 0x00, 
0x00, 0x05, 0x27, 0xAE, 0xFF, 0xFF, 0xFF, 0xAC, 0x2D, 0x09, 0x00, 0x00, 0x25, 0xFF, 0xFF, 0xFF, 
0x23, 0x00, 0x00, 0x00, 0x00, 0x00, 0x00, 0x00, 0x00, 0x00, 0x00, 0x26, 0xFF, 0xFF, 0xFF, 0x23, 
0x00, 0x00, 0x00, 0x00, 0x05, 0xFF, 0xFF, 0xFF, 0x04, 0x00, 0x00, 0x00, 0x00, 0x00, 0x00, 0x00, 
0x00, 0x00, 0x00, 0x05, 0xFF, 0xFF, 0xFF, 0x04, 0x00, 0x00, 0x00, 0x00, 0x00, 0xFF, 0xFF, 0xFF, 
0x00, 0x00, 0x00, 0x00, 0x00, 0x00, 0x00, 0x00, 0x00, 0x00, 0x00, 0x6D, 0xFF, 0xFF, 0xFF, 0x00, 
0x00, 0x00, 0x00, 0x00, 0x00, 0xFF, 0xFF, 0xFF, 0x00, 0x00, 0x00, 0x00, 0x00, 0x00, 0x00, 0x00, 
0x00, 0x00, 0x4C, 0xFC, 0xFF, 0xFF, 0xFF, 0x00, 0x00, 0x00, 0x00, 0x00, 0x00, 0xFF, 0xFF, 0xFF, 
0x00, 0x00, 0x00, 0x00, 0x00, 0x00, 0x00, 0x00, 0x00, 0x30, 0xF3, 0x91, 0xFF, 0xFF, 0xFF, 0x00, 
0x00, 0x00, 0x00, 0x00, 0x00, 0xFF, 0xFF, 0xFF, 0x00, 0x00, 0x00, 0x00, 0x00, 0x00, 0x00, 0x00, 
0x1B, 0xE4, 0xB3, 0x03, 0xFF, 0xFF, 0xFF, 0x00, 0x00, 0x00, 0x00, 0x00, 0x00, 0xFF, 0xFF, 0xFF, 
0x00, 0x00, 0x00, 0x00, 0x00, 0x00, 0x00, 0x0C, 0xCF, 0xCF, 0x0C, 0x00, 0xFF, 0xFF, 0xFF, 0x00, 
0x00, 0x00, 0x00, 0x00, 0x00, 0xFF, 0xFF, 0xFF, 0x00, 0x00, 0x00, 0x00, 0x00, 0x00, 0x03, 0xB3, 
0xE4, 0x1B, 0x00, 0x00, 0xFF, 0xFF, 0xFF, 0x00, 0x00, 0x00, 0x00, 0x00, 0x00, 0xFF, 0xFF, 0xFF, 
0x00, 0x00, 0x00, 0x00, 0x00, 0x00, 0x92, 0xF3, 0x30, 0x00, 0x00, 0x00, 0xFF, 0xFF, 0xFF, 0x00, 
0x00, 0x00, 0x00, 0x00, 0x00, 0xFF, 0xFF, 0xFF, 0x00, 0x00, 0x00, 0x00, 0x00, 0x6D, 0xFC, 0x4C, 
0x00, 0x00, 0x00, 0x00, 0xFF, 0xFF, 0xFF, 0x00, 0x00, 0x00, 0x00, 0x00, 0x00, 0xFF, 0xFF, 0xFF, 
0x00, 0x00, 0x00, 0x00, 0x4C, 0xFC, 0x6D, 0x00, 0x00, 0x00, 0x00, 0x00, 0xFF, 0xFF, 0xFF, 0x00, 
0x00, 0x00, 0x00, 0x00, 0x00, 0xFF, 0xFF, 0xFF, 0x00, 0x00, 0x00, 0x30, 0xF3, 0x91, 0x00, 0x00, 
0x00, 0x00, 0x00, 0x00, 0xFF, 0xFF, 0xFF, 0x00, 0x00, 0x00, 0x00, 0x00, 0x00, 0xFF, 0xFF, 0xFF, 
0x00, 0x00, 0x1B, 0xE4, 0xB3, 0x03, 0x00, 0x00, 0x00, 0x00, 0x00, 0x00, 0xFF, 0xFF, 0xFF, 0x00, 
0x00, 0x00, 0x00, 0x00, 0x00, 0xFF, 0xFF, 0xFF, 0x00, 0x0C, 0xCF, 0xCF, 0x0C, 0x00, 0x00, 0x00, 
0x00, 0x00, 0x00, 0x00, 0xFF, 0xFF, 0xFF, 0x00, 0x00, 0x00, 0x00, 0x00, 0x00, 0xFF, 0xFF, 0xFF, 
0x03, 0xB3, 0xE4, 0x1B, 0x00, 0x00, 0x00, 0x00, 0x00, 0x00, 0x00, 0x00, 0xFF, 0xFF, 0xFF, 0x00, 
0x00, 0x00, 0x00, 0x00, 0x00, 0xFF, 0xFF, 0xFF, 0x92, 0xF3, 0x30, 0x00, 0x00, 0x00, 0x00, 0x00, 
0x00, 0x00, 0x00, 0x00, 0xFF, 0xFF, 0xFF, 0x00, 0x00, 0x00, 0x00, 0x00, 0x00, 0xFF, 0xFF, 0xFF, 
0xFC, 0x4C, 0x00, 0x00, 0x00, 0x00, 0x00, 0x00, 0x00, 0x00, 0x00, 0x00, 0xFF, 0xFF, 0xFF, 0x00, 
0x00, 0x00, 0x00, 0x00, 0x00, 0xFF, 0xFF, 0xFF, 0x6D, 0x00, 0x00, 0x00, 0x00, 0x00, 0x00, 0x00, 
0x00, 0x00, 0x00, 0x00, 0xFF, 0xFF, 0xFF, 0x00, 0x00, 0x00, 0x00, 0x00, 0x05, 0xFF, 0xFF, 0xFF, 
0x05, 0x00, 0x00, 0x00, 0x00, 0x00, 0x00, 0x00, 0x00, 0x00, 0x00, 0x05, 0xFF, 0xFF, 0xFF, 0x04, 
0x00, 0x00, 0x00, 0x00, 0x24, 0xFF, 0xFF, 0xFF, 0x1A, 0x00, 0x00, 0x00, 0x00, 0x00, 0x00, 0x00, 
0x00, 0x00, 0x00, 0x24, 0xFF, 0xFF, 0xFF, 0x23, 0x00, 0x00, 0x08, 0x2C, 0xAC, 0xFF, 0xFF, 0xFF, 
0xA6, 0x28, 0x09, 0x00, 0x00, 0x00, 0x00, 0x00, 0x00, 0x08, 0x2C, 0xAC, 0xFF, 0xFF, 0xFF, 0xAA, 
0x2C, 0x08, 0xFF, 0xFF, 0xFF, 0xFF, 0xFF, 0xFF, 0xFF, 0xFF, 0xFF, 0x00, 0x00, 0x00, 0x00, 0x00, 
0x00, 0xFF, 0xFF, 0xFF, 0xFF, 0xFF, 0xFF, 0xFF, 0xFF, 0xFF, 0x00, 0x00, 0x00, 0x00, 0x00, 0x7F, 
0xF0, 0x62, 0x00, 0x00, 0x00, 0x00, 0x00, 0x00, 0x00, 0x00, 0x6A, 0xF1, 0x7C, 0x00, 0x00, 0x00, 
0x00, 0x00, 0x00, 0x00, 0x00, 0x00, 0x00, 0xF3, 0xFF, 0xF5, 0x1A, 0x00, 0x00, 0x00, 0x00, 0x00, 
0x00, 0x1D, 0xF8, 0xFF, 0xF3, 0x00, 0x00, 0x00, 0x00, 0x00, 0x00, 0x00, 0x00, 0x00, 0x00, 0xE2, 
0xFF, 0xFF, 0x94, 0x00, 0x00, 0x00, 0x00, 0x00, 0x00, 0x95, 0xFF, 0xFF, 0xE1, 0x00, 0x00, 0x00, 
0x00, 0x00, 0x00, 0x00, 0x00, 0x00, 0x00, 0x77, 0xFF, 0xFF, 0xFB, 0x31, 0x00, 0x00, 0x00, 0x00, 
0x33, 0xFB, 0xFF, 0xFF, 0x75, 0x00, 0x00, 0x00, 0x00, 0x00, 0x00, 0x00, 0x00, 0x00, 0x00, 0x02, 
0x94, 0xFF, 0xFF, 0xEB, 0x5B, 0x11, 0x11, 0x5D, 0xED, 0xFF, 0xFE, 0x91, 0x02, 0x00, 0x00, 0x00, 
0x00, 0x00, 0x00, 0x00, 0x00, 0x00, 0x00, 0x00, 0x00, 0x35, 0x93, 0xCB, 0xED, 0xFA, 0xFA, 0xED, 
0xCB, 0x92, 0x33, 0x00, 0x00, 0x00, 0x00, 0x00, 0x00, 0x00, 0x00, 0x00, 0x00, 0x00, 0x00, 0x00, 
0x00, 0x00, 0x00, 0x00, 0x00, 0x00, 0x00, 0x00, 0x00, 0x00, 0x00, 0x00, 0x00, 0x00, 0x00, 0x00, 
0x00, 0x00, 0x00, 0x00, 0x00, 0x00, 0x00, 0x00, 0x00, 0x00, 0x00, 0x00, 0x00, 0x00, 0x00, 0x00, 
0x00, 0x00, 0x00, 0x00, 0x00, 0x00, 0x00, 0x00, 0x00, 0x00, 0xFF, 0xFF, 0xFF, 0xFF, 0xFF, 0xFF, 
0xFF, 0xFF, 0xFF, 0x00, 0x00, 0x00, 0x00, 0x00, 0x00, 0xFF, 0xFF, 0xFF, 0xFF, 0xFF, 0xFF, 0xFF, 
0xFF, 0xFF, 0x09, 0x2E, 0xAF, 0xFF, 0xFF, 0xFF, 0xAC, 0x2D, 0x09, 0x00, 0x00, 0x00, 0x00, 0x00, 
0x00, 0x05, 0x27, 0xAE, 0xFF, 0xFF, 0xFF, 0xAC, 0x2D, 0x09, 0x00, 0x00, 0x25, 0xFF, 0xFF, 0xFF, 
0x23, 0x00, 0x00, 0x00, 0x00, 0x00, 0x00, 0x00, 0x00, 0x00, 0x00, 0x26, 0xFF, 0xFF, 0xFF, 0x23, 
0x00, 0x00, 0x00, 0x00, 0x05, 0xFF, 0xFF, 0xFF, 0x04, 0x00, 0x00, 0x00, 0x00, 0x00, 0x00, 0x00, 
0x00, 0x00, 0x00, 0x05, 0xFF, 0xFF, 0xFF, 0x04, 0x00, 0x00, 0x00, 0x00, 0x00, 0xFF, 0xFF, 0xFF, 
0x00, 0x00, 0x00, 0x00, 0x00, 0x00, 0x00, 0x00, 0x00, 0x00, 0x00, 0x6D, 0xFF, 0xFF, 0xFF, 0x00, 
0x00, 0x00, 0x00, 0x00, 0x00, 0xFF, 0xFF, 0xFF, 0x00, 0x00, 0x00, 0x00, 0x00, 0x00, 0x00, 0x00, 
0x00, 0x00, 0x4C, 0xFC, 0xFF, 0xFF, 0xFF, 0x00, 0x00, 0x00, 0x00, 0x00, 0x00, 0xFF, 0xFF, 0xFF, 
0x00, 0x00, 0x00, 0x00, 0x00, 0x00, 0x00, 0x00, 0x00, 0x30, 0xF3, 0x91, 0xFF, 0xFF, 0xFF, 0x00, 
0x00, 0x00, 0x00, 0x00, 0x00, 0xFF, 0xFF, 0xFF, 0x00, 0x00, 0x00, 0x00, 0x00, 0x00, 0x00, 0x00, 
0x1B, 0xE4, 0xB3, 0x03, 0xFF, 0xFF, 0xFF, 0x00, 0x00, 0x00, 0x00, 0x00, 0x00, 0xFF, 0xFF, 0xFF, 
0x00, 0x00, 0x00, 0x00, 0x00, 0x00, 0x00, 0x0C, 0xCF, 0xCF, 0x0C, 0x00, 0xFF, 0xFF, 0xFF, 0x00, 
0x00, 0x00, 0x00, 0x00, 0x00, 0xFF, 0xFF, 0xFF, 0x00, 0x00, 0x00, 0x00, 0x00, 0x00, 0x03, 0xB3, 
0xE4, 0x1B, 0x00, 0x00, 0xFF, 0xFF, 0xFF, 0x00, 0x00, 0x00, 0x00, 0x00, 0x00, 0xFF, 0xFF, 0xFF, 
0x00, 0x00, 0x00, 0x00, 0x00, 0x00, 0x92, 0xF3, 0x30, 0x00, 0x00, 0x00, 0xFF, 0xFF, 0xFF, 0x00, 
0x00, 0x00, 0x00, 0x00, 0x00, 0xFF, 0xFF, 0xFF, 0x00, 0x00, 0x00, 0x00, 0x00, 0x6D, 0xFC, 0x4C, 
0x00, 0x00, 0x00, 0x00, 0xFF, 0xFF, 0xFF, 0x00, 0x00, 0x00, 0x00, 0x00, 0x00, 0xFF, 0xFF, 0xFF, 
0x00, 0x00, 0x00, 0x00, 0x4C, 0xFC, 0x6D, 0x00, 0x00, 0x00, 0x00, 0x00, 0xFF, 0xFF, 0xFF, 0x00, 
0x00, 0x00, 0x00, 0x00, 0x00, 0xFF, 0xFF, 0xFF, 0x00, 0x00, 0x00, 0x30, 0xF3, 0x91, 0x00, 0x00, 
0x00, 0x00, 0x00, 0x00, 0xFF, 0xFF, 0xFF, 0x00, 0x00, 0x00, 0x00, 0x00, 0x00, 0xFF, 0xFF, 0xFF, 
0x00, 0x00, 0x1B, 0xE4, 0xB3, 0x03, 0x00, 0x00, 0x00, 0x00, 0x00, 0x00, 0xFF, 0xFF, 0xFF, 0x00, 
0x00, 0x00, 0x00, 0x00, 0x00, 0xFF, 0xFF, 0xFF, 0x00, 0x0C, 0xCF, 0xCF, 0x0C, 0x00, 0x00, 0x00, 
0x00, 0x00, 0x00, 0x00, 0xFF, 0xFF, 0xFF, 0x00, 0x00, 0x00, 0x00, 0x00, 0x00, 0xFF, 0xFF, 0xFF, 
0x03, 0xB3, 0xE4, 0x1B, 0x00, 0x00, 0x00, 0x00, 0x00, 0x00, 0x00, 0x00, 0xFF, 0xFF, 0xFF, 0x00, 
0x00, 0x00, 0x00, 0x00, 0x00, 0xFF, 0xFF, 0xFF, 0x92, 0xF3, 0x30, 0x00, 0x00, 0x00, 0x00, 0x00, 
0x00, 0x00, 0x00, 0x00, 0xFF, 0xFF, 0xFF, 0x00, 0x00, 0x00, 0x00, 0x00, 0x00, 0xFF, 0xFF, 0xFF, 
0xFC, 0x4C, 0x00, 0x00, 0x00, 0x00, 0x00, 0x00, 0x00, 0x00, 0x00, 0x00, 0xFF, 0xFF, 0xFF, 0x00, 
0x00, 0x00, 0x00, 0x00, 0x00, 0xFF, 0xFF, 0xFF, 0x6D, 0x00, 0x00, 0x00, 0x00, 0x00, 0x00, 0x00, 
0x00, 0x00, 0x00, 0x00, 0xFF, 0xFF, 0xFF, 0x00, 0x00, 0x00, 0x00, 0x00, 0x05, 0xFF, 0xFF, 0xFF, 
0x05, 0x00, 0x00, 0x00, 0x00, 0x00, 0x00, 0x00, 0x00, 0x00, 0x00, 0x05, 0xFF, 0xFF, 0xFF, 0x04, 
0x00, 0x00, 0x00, 0x00, 0x24, 0xFF, 0xFF, 0xFF, 0x1A, 0x00, 0x00, 0x00, 0x00, 0x00, 0x00, 0x00, 
0x00, 0x00, 0x00, 0x24, 0xFF, 0xFF, 0xFF, 0x23, 0x00, 0x00, 0x08, 0x2C, 0xAC, 0xFF, 0xFF, 0xFF, 
0xA6, 0x28, 0x09, 0x00, 0x00, 0x00, 0x00, 0x00, 0x00, 0x08, 0x2C, 0xAC, 0xFF, 0xFF, 0xFF, 0xAA, 
0x2C, 0x08, 0xFF, 0xFF, 0xFF, 0xFF, 0xFF, 0xFF, 0xFF, 0xFF, 0xFF, 0x00, 0x00, 0x00, 0x00, 0x00, 
0x00, 0xFF, 0xFF, 0xFF, 0xFF, 0xFF, 0xFF, 0xFF, 0xFF, 0xFF, 0xFF, 0xFF, 0xFF, 0xFF, 0xFF, 0xFF, 
0xFF, 0xFF, 0xFF, 0x00, 0x00, 0x00, 0x00, 0x00, 0x00, 0x04, 0x6A, 0xC6, 0xEE, 0xF5, 0xCB, 0x3D, 
0x00, 0x09, 0x2E, 0xAF, 0xFF, 0xFF, 0xFF, 0xAC, 0x2D, 0x09, 0x00, 0x00, 0x00, 0x00, 0x00, 0x0A, 
0xC2, 0xFF, 0xFF, 0xFF, 0xFF, 0xFF, 0xDD, 0x00, 0x00, 0x00, 0x25, 0xFF, 0xFF, 0xFF, 0x23, 0x00, 
0x00, 0x00, 0x00, 0x00, 0x00, 0x00, 0x8A, 0xFF, 0xFF, 0xFF, 0xFF, 0xFF, 0xFF, 0xEB, 0x00, 0x00, 
0x00, 0x05, 0xFF, 0xFF, 0xFF, 0x04, 0x00, 0x00, 0x00, 0x00, 0x00, 0x00, 0x11, 0xF4, 0xEB, 0x2E, 
0x1F, 0x7C, 0xD9, 0xEC, 0x55, 0x00, 0x00, 0x00, 0x00, 0xFF, 0xFF, 0xFF, 0x00, 0x00, 0x00, 0x00, 
0x00, 0x00, 0x00, 0x72, 0xFF, 0x71, 0x00, 0x00, 0x00, 0x00, 0x00, 0x00, 0x00, 0x00, 0x00, 0x00, 
0xFF, 0xFF, 0xFF, 0x00, 0x00, 0x00, 0x00, 0x00, 0x00, 0x01, 0xDA, 0xF0, 0x0C, 0x00, 0x00, 0x00, 
0x00, 0x00, 0x00, 0x00, 0x00, 0x00, 0x00, 0xFF, 0xFF, 0xFF, 0x00, 0x00, 0x00, 0x00, 0x00, 0x00, 
0x4A, 0xFF, 0x8A, 0x00, 0x00, 0x00, 0x00, 0x00, 0x00, 0x00, 0x00, 0x00, 0x00, 0x00, 0xFF, 0xFF, 
0xFF, 0x00, 0x00, 0x00, 0x00, 0x00, 0x00, 0xC5, 0xF5, 0x16, 0x00, 0x00, 0x00, 0x00, 0x00, 0x00, 
0x00, 0x00, 0x00, 0x00, 0x00, 0xFF, 0xFF, 0xFF, 0x00, 0x00, 0x00, 0x00, 0x00, 0x6B, 0xFF, 0x7C, 
0x00, 0x00, 0x00, 0x00, 0x00, 0x00, 0x00, 0x00, 0x00, 0x00, 0x00, 0x00, 0xFF, 0xFF, 0xFF, 0x00, 
0x00, 0x00, 0x00, 0x58, 0xFB, 0xC2, 0x03, 0x00, 0x00, 0x00, 0x00, 0x00, 0x00, 0x00, 0x00, 0x00, 
0x00, 0x00, 0x00, 0xFF, 0xFF, 0xFF, 0x02, 0x0F, 0x34, 0x9E, 0xFF, 0xBF, 0x0D, 0x00, 0x00, 0x00, 
0x00, 0x00, 0x00, 0x00, 0x00, 0x00, 0x00, 0x00, 0x00, 0x00, 0xFF, 0xFF, 0xFF, 0xFF, 0xFF, 0xFF, 
0xFF, 0x97, 0x02, 0x00, 0x00, 0x00, 0x00, 0x00, 0x00, 0x00, 0x00, 0x00, 0x00, 0x00, 0x00, 0x00, 
0x00, 0xFF, 0xFF, 0xFF, 0x14, 0x58, 0xE8, 0xFF, 0xFD, 0x65, 0x00, 0x00, 0x00, 0x00, 0x00, 0x00, 
0x00, 0x00, 0x00, 0x00, 0x00, 0x00, 0x00, 0x00, 0xFF, 0xFF, 0xFF, 0x00, 0x00, 0x30, 0xF4, 0xFF, 
0xFE, 0x5A, 0x00, 0x00, 0x00, 0x00, 0x00, 0x00, 0x00, 0x00, 0x00, 0x00, 0x00, 0x00, 0x00, 0xFF, 
0xFF, 0xFF, 0x00, 0x00, 0x00, 0x55, 0xFF, 0xFF, 0xF9, 0x3A, 0x00, 0x00, 0x00, 0x00, 0x00, 0x00, 
0x00, 0x00, 0x00, 0x00, 0x00, 0x00, 0xFF, 0xFF, 0xFF, 0x00, 0x00, 0x00, 0x00, 0x8F, 0xFF, 0xFF, 
0xE5, 0x17, 0x00, 0x00, 0x00, 0x00, 0x00, 0x00, 0x00, 0x00, 0x00, 0x00, 0x00, 0xFF, 0xFF, 0xFF, 
0x00, 0x00, 0x00, 0x00, 0x05, 0xC6, 0xFF, 0xFF, 0xC0, 0x03, 0x00, 0x00, 0x00, 0x00, 0x00, 0x00, 
0x00, 0x00, 0x00, 0x00, 0xFF, 0xFF, 0xFF, 0x00, 0x00, 0x00, 0x00, 0x00, 0x1D, 0xEC, 0xFF, 0xFF, 
0x86, 0x00, 0x00, 0x00, 0x00, 0x00, 0x00, 0x00, 0x00, 0x00, 0x00, 0xFF, 0xFF, 0xFF, 0x00, 0x00, 
0x00, 0x00, 0x00, 0x00, 0x4C, 0xFE, 0xFF, 0xFE, 0x4E, 0x00, 0x00, 0x00, 0x00, 0x00, 0x00, 0x00, 
0x00, 0x00, 0xFF, 0xFF, 0xFF, 0x00, 0x00, 0x00, 0x00, 0x00, 0x00, 0x00, 0x8C, 0xFF, 0xFF, 0xF1, 
0x29, 0x00, 0x00, 0x00, 0x00, 0x00, 0x00, 0x00, 0x05, 0xFF, 0xFF, 0xFF, 0x04, 0x00, 0x00, 0x00, 
0x00, 0x00, 0x00, 0x05, 0xCA, 0xFF, 0xFF, 0xDD, 0x16, 0x00, 0x00, 0x00, 0x00, 0x00, 0x00, 0x24, 
0xFF, 0xFF, 0xFF, 0x23, 0x00, 0x00, 0x00, 0x00, 0x00, 0x00, 0x00, 0x22, 0xF1, 0xFF, 0xFF, 0xCE, 
0x12, 0x00, 0x00, 0x00, 0x08, 0x2C, 0xAC, 0xFF, 0xFF, 0xFF, 0xA9, 0x2B, 0x08, 0x00, 0x00, 0x00, 
0x00, 0x00, 0x00, 0x5E, 0xFF, 0xFF, 0xFF, 0xDD, 0x46, 0x00, 0x00, 0xFF, 0xFF, 0xFF, 0xFF, 0xFF, 
0xFF, 0xFF, 0xFF, 0xFF, 0x00, 0x00, 0x00, 0x00, 0x00, 0x00, 0x00, 0xAB, 0xFF, 0xFF, 0xFF, 0xFF, 
0xE2, 0xAE, 0x00, 0x00, 0x00, 0x00, 0x00, 0xFF, 0xFF, 0xFF, 0xFF, 0xFF, 0xFF, 0xFF, 0xFF, 0xFF, 
0xFF, 0xFF, 0xFF, 0xFF, 0xFF, 0xFF, 0xFF, 0xFF, 0xFF, 0x00, 0x00, 0x00, 0x00, 0x00, 0x0A, 0x34, 
0xBE, 0xFF, 0xFF, 0x00, 0x00, 0x00, 0x00, 0x00, 0x00, 0x00, 0xFF, 0xFF, 0xFF, 0xAC, 0x2D, 0x09, 
0x00, 0x00, 0x00, 0x00, 0x00, 0x00, 0x00, 0x33, 0xFF, 0xFF, 0x00, 0x00, 0x00, 0x00, 0x00, 0x00, 
0x00, 0xFF, 0xFF, 0xFF, 0x23, 0x00, 0x00, 0x00, 0x00, 0x00, 0x00, 0x00, 0x00, 0x00, 0x0C, 0xFF, 
0xFF, 0x00, 0x00, 0x00, 0x00, 0x00, 0x00, 0x00, 0xFF, 0xFF, 0xFF, 0x04, 0x00, 0x00, 0x00, 0x00, 
0x00, 0x00, 0x00, 0x00, 0x00, 0x01, 0xFF, 0xFF, 0x00, 0x00, 0x00, 0x00, 0x00, 0x00, 0x00, 0xFF, 
0xFF, 0xFF, 0x00, 0x00, 0x00, 0x00, 0x00, 0x00, 0x00, 0x00, 0x00, 0x00, 0x00, 0xFF, 0xFF, 0x00, 
0x00, 0x00, 0x00, 0x00, 0x00, 0x00, 0xFF, 0xFF, 0xFF, 0x00, 0x00, 0x00, 0x00, 0x00, 0x00, 0x00, 
0x00, 0x00, 0x00, 0x00, 0xFF, 0xFF, 0x00, 0x00, 0x00, 0x00, 0x00, 0x00, 0x00, 0xFF, 0xFF, 0xFF, 
0x00, 0x00, 0x00, 0x00, 0x00, 0x00, 0x00, 0x00, 0x00, 0x00, 0x00, 0xFF, 0xFF, 0x00, 0x00, 0x00, 
0x00, 0x00, 0x00, 0x00, 0xFF, 0xFF, 0xFF, 0x00, 0x00, 0x00, 0x00, 0x00, 0x00, 0x00, 0x00, 0x00, 
0x00, 0x00, 0xFF, 0xFD, 0x00, 0x00, 0x00, 0x00, 0x00, 0x00, 0x00, 0xFF, 0xFF, 0xFF, 0x00, 0x00, 
0x00, 0x00, 0x00, 0x00, 0x00, 0x00, 0x00, 0x00, 0x01, 0xFF, 0xF9, 0x00, 0x00, 0x00, 0x00, 0x00, 
0x00, 0x00, 0xFF, 0xFF, 0xFF, 0x00, 0x00, 0x00, 0x00, 0x00, 0x00, 0x00, 0x00, 0x00, 0x00, 0x04, 
0xFF, 0xF4, 0x00, 0x00, 0x00, 0x00, 0x00, 0x00, 0x00, 0xFF, 0xFF, 0xFF, 0x00, 0x00, 0x00, 0x00, 
0x00, 0x00, 0x00, 0x00, 0x00, 0x00, 0x0A, 0xFF, 0xE9, 0x00, 0x00, 0x00, 0x00, 0x00, 0x00, 0x00, 
0xFF, 0xFF, 0xFF, 0x00, 0x00, 0x00, 0x00, 0x00, 0x00, 0x00, 0x00, 0x00, 0x00, 0x12, 0xFF, 0xDD, 
0x00, 0x00, 0x00, 0x00, 0x00, 0x00, 0x00, 0xFF, 0xFF, 0xFF, 0x00, 0x00, 0x00, 0x00, 0x00, 0x00, 
0x00, 0x00, 0x00, 0x00, 0x20, 0xFF, 0xCB, 0x00, 0x00, 0x00, 0x00, 0x00, 0x00, 0x00, 0xFF, 0xFF, 
0xFF, 0x00, 0x00, 0x00, 0x00, 0x00, 0x00, 0x00, 0x00, 0x00, 0x00, 0x35, 0xFF, 0xB6, 0x00, 0x00, 
0x00, 0x00, 0x00, 0x00, 0x00, 0xFF, 0xFF, 0xFF, 0x00, 0x00, 0x00, 0x00, 0x00, 0x00, 0x00, 0x00, 
0x00, 0x00, 0x50, 0xFF, 0x99, 0x00, 0x00, 0x00, 0x00, 0x00, 0x00, 0x00, 0xFF, 0xFF, 0xFF, 0x00, 
0x00, 0x00, 0x00, 0x00, 0x00, 0x00, 0x00, 0x00, 0x00, 0x78, 0xFF, 0x76, 0x00, 0x00, 0x00, 0x00, 
0x00, 0x00, 0x00, 0xFF, 0xFF, 0xFF, 0x00, 0x00, 0x00, 0x00, 0x00, 0x00, 0x00, 0x00, 0x00, 0x00, 
0xAF, 0xFF, 0x49, 0x00, 0x00, 0x00, 0x00, 0x00, 0x00, 0x00, 0xFF, 0xFF, 0xFF, 0x00, 0x00, 0x00, 
0x00, 0x00, 0x00, 0x00, 0x00, 0x00, 0x0E, 0xF4, 0xFD, 0x10, 0x00, 0x00, 0x00, 0x00, 0x00, 0x00, 
0x00, 0xFF, 0xFF, 0xFF, 0x00, 0x00, 0x00, 0x00, 0x00, 0x00, 0x00, 0x00, 0x00, 0x82, 0xFF, 0xC1, 
0x00, 0x00, 0x00, 0x00, 0x00, 0x00, 0x00, 0x00, 0xFF, 0xFF, 0xFF, 0x00, 0x00, 0x00, 0x6F, 0xF2, 
0xBC, 0x3F, 0x0C, 0x65, 0xFC, 0xFF, 0x58, 0x00, 0x00, 0x00, 0x00, 0x00, 0x00, 0x00, 0x05, 0xFF, 
0xFF, 0xFF, 0x04, 0x00, 0x00, 0xF1, 0xFF, 0xFF, 0xFF, 0xFF, 0xFF, 0xFF, 0xB1, 0x01, 0x00, 0x00, 
0x00, 0x00, 0x00, 0x00, 0x00, 0x24, 0xFF, 0xFF, 0xFF, 0x23, 0x00, 0x00, 0xC7, 0xFF, 0xFF, 0xFF, 
0xFF, 0xFF, 0xBD, 0x0F, 0x00, 0x00, 0x00, 0x00, 0x00, 0x00, 0x08, 0x2C, 0xAC, 0xFF, 0xFF, 0xFF, 
0xAA, 0x2C, 0x08, 0x22, 0xB5, 0xF1, 0xEE, 0xC6, 0x65, 0x03, 0x00, 0x00, 0x00, 0x00, 0x00, 0x00, 
0x00, 0xFF, 0xFF, 0xFF, 0xFF, 0xFF, 0xFF, 0xFF, 0xFF, 0xFF, 0xFF, 0xFF, 0xFF, 0xFF, 0xFF, 0xFF, 
0xB8, 0x00, 0x00, 0x00, 0x00, 0x00, 0x00, 0x00, 0x00, 0x00, 0x00, 0x00, 0x00, 0x00, 0x00, 0x00, 
0x00, 0x8A, 0xFF, 0xFF, 0xFF, 0xFF, 0xFF, 0xFF, 0x09, 0x31, 0xC3, 0xFF, 0xFF, 0xFF, 0xFF, 0x2B, 
0x00, 0x00, 0x00, 0x00, 0x00, 0x00, 0x00, 0x00, 0x00, 0x00, 0x00, 0x00, 0x00, 0x00, 0x0C, 0xEF, 
0xFF, 0xFF, 0xFF, 0xAD, 0x22, 0x01, 0x00, 0x00, 0x2D, 0xFF, 0xFF, 0xFF, 0xFF, 0x9D, 0x00, 0x00, 
0x00, 0x00, 0x00, 0x00, 0x00, 0x00, 0x00, 0x00, 0x00, 0x00, 0x00, 0x00, 0x6E, 0xFF, 0xFF, 0xFF, 
0xFF, 0x1D, 0x00, 0x00, 0x00, 0x00, 0x09, 0xFF, 0xFF, 0xFE, 0xFF, 0xF8, 0x16, 0x00, 0x00, 0x00, 
0x00, 0x00, 0x00, 0x00, 0x00, 0x00, 0x00, 0x00, 0x00, 0x02, 0xDD, 0xFD, 0xFF, 0xFF, 0xFF, 0x03, 
0x00, 0x00, 0x00, 0x00, 0x00, 0xFF, 0xFF, 0xB2, 0xFF, 0xFF, 0x81, 0x00, 0x00, 0x00, 0x00, 0x00, 
0x00, 0x00, 0x00, 0x00, 0x00, 0x00, 0x00, 0x52, 0xFF, 0xB1, 0xFF, 0xFF, 0xFF, 0x00, 0x00, 0x00, 
0x00, 0x00, 0x00, 0xFF, 0xFF, 0x40, 0xFF, 0xFF, 0xEA, 0x08, 0x00, 0x00, 0x00, 0x00, 0x00, 0x00, 
0x00, 0x00, 0x00, 0x00, 0x00, 0xC4, 0xFF, 0x3F, 0xFF, 0xFF, 0xFF, 0x00, 0x00, 0x00, 0x00, 0x00, 
0x00, 0xFF, 0xFF, 0x00, 0xCD, 0xFF, 0xFF, 0x66, 0x00, 0x00, 0x00, 0x00, 0x00, 0x00, 0x00, 0x00, 
0x00, 0x00, 0x36, 0xFF, 0xCD, 0x00, 0xFF, 0xFF, 0xFF, 0x00, 0x00, 0x00, 0x00, 0x00, 0x00, 0xFF, 
0xFF, 0x00, 0x5C, 0xFF, 0xFF, 0xD6, 0x01, 0x00, 0x00, 0x00, 0x00, 0x00, 0x00, 0x00, 0x00, 0x00, 
0xA9, 0xFF, 0x5B, 0x00, 0xFF, 0xFF, 0xFF, 0x00, 0x00, 0x00, 0x00, 0x00, 0x00, 0xFF, 0xFF, 0x00, 
0x05, 0xE4, 0xFF, 0xFF, 0x4A, 0x00, 0x00, 0x00, 0x00, 0x00, 0x00, 0x00, 0x00, 0x1E, 0xFB, 0xE3, 
0x05, 0x00, 0xFF, 0xFF, 0xFF, 0x00, 0x00, 0x00, 0x00, 0x00, 0x00, 0xFF, 0xFF, 0x00, 0x00, 0x77, 
0xFF, 0xFF, 0xBC, 0x00, 0x00, 0x00, 0x00, 0x00, 0x00, 0x00, 0x00, 0x8D, 0xFF, 0x76, 0x00, 0x00, 
0xFF, 0xFF, 0xFF, 0x00, 0x00, 0x00, 0x00, 0x00, 0x00, 0xFF, 0xFF, 0x00, 0x00, 0x10, 0xF4, 0xFF, 
0xFF, 0x2F, 0x00, 0x00, 0x00, 0x00, 0x00, 0x00, 0x0D, 0xF1, 0xF3, 0x10, 0x00, 0x00, 0xFF, 0xFF, 
0xFF, 0x00, 0x00, 0x00, 0x00, 0x00, 0x00, 0xFF, 0xFF, 0x00, 0x00, 0x00, 0x93, 0xFF, 0xFF, 0xA1, 
0x00, 0x00, 0x00, 0x00, 0x00, 0x00, 0x72, 0xFF, 0x92, 0x00, 0x00, 0x00, 0xFF, 0xFF, 0xFF, 0x00, 
0x00, 0x00, 0x00, 0x00, 0x00, 0xFF, 0xFF, 0x00, 0x00, 0x00, 0x23, 0xFD, 0xFF, 0xF9, 0x19, 0x00, 
0x00, 0x00, 0x00, 0x03, 0xDF, 0xFD, 0x22, 0x00, 0x00, 0x00, 0xFF, 0xFF, 0xFF, 0x00, 0x00, 0x00, 
0x00, 0x00, 0x00, 0xFF, 0xFF, 0x00, 0x00, 0x00, 0x00, 0xAF, 0xFF, 0xFF, 0x85, 0x00, 0x00, 0x00, 
0x00, 0x56, 0xFF, 0xAE, 0x00, 0x00, 0x00, 0x00, 0xFF, 0xFF, 0xFF, 0x00, 0x00, 0x00, 0x00, 0x00, 
0x00, 0xFF, 0xFF, 0x00, 0x00, 0x00, 0x00, 0x3D, 0xFF, 0xFF, 0xED, 0x0A, 0x00, 0x00, 0x00, 0xC7, 
0xFF, 0x3C, 0x00, 0x00, 0x00, 0x00, 0xFF, 0xFF, 0xFF, 0x00, 0x00, 0x00, 0x00, 0x00, 0x00, 0xFF, 
0xFF, 0x00, 0x00, 0x00, 0x00, 0x00, 0xCA, 0xFF, 0xFF, 0x69, 0x00, 0x00, 0x3A, 0xFF, 0xCA, 0x00, 
0x00, 0x00, 0x00, 0x00, 0xFF, 0xFF, 0xFF, 0x00, 0x00, 0x00, 0x00, 0x00, 0x00, 0xFF, 0xFF, 0x00, 
0x00, 0x00, 0x00, 0x00, 0x58, 0xFF, 0xFF, 0xDA, 0x01, 0x00, 0xAD, 0xFF, 0x57, 0x00, 0x00, 0x00, 
0x00, 0x00, 0xFF, 0xFF, 0xFF, 0x00, 0x00, 0x00, 0x00, 0x00, 0x00, 0xFF, 0xFF, 0x00, 0x00, 0x00, 
0x00, 0x00, 0x04, 0xE1, 0xFF, 0xFF, 0x4E, 0x21, 0xFC, 0xE1, 0x04, 0x00, 0x00, 0x00, 0x00, 0x00, 
0xFF, 0xFF, 0xFF, 0x00, 0x00, 0x00, 0x00, 0x00, 0x00, 0xFF, 0xFF, 0x00, 0x00, 0x00, 0x00, 0x00, 
0x00, 0x74, 0xFF, 0xFF, 0xC0, 0x91, 0xFF, 0x73, 0x00, 0x00, 0x00, 0x00, 0x00, 0x00, 0xFF, 0xFF, 
0xFF, 0x00, 0x00, 0x00, 0x00, 0x00, 0x00, 0xFF, 0xFF, 0x00, 0x00, 0x00, 0x00, 0x00, 0x00, 0x0F, 
0xF2, 0xFF, 0xFF, 0xF8, 0xF2, 0x0E, 0x00, 0x00, 0x00, 0x00, 0x00, 0x00, 0xFF, 0xFF, 0xFF, 0x00, 
0x00, 0x00, 0x00, 0x00, 0x04, 0xFF, 0xFF, 0x03, 0x00, 0x00, 0x00, 0x00, 0x00, 0x00, 0x90, 0xFF, 
0xFF, 0xFF, 0x8F, 0x00, 0x00, 0x00, 0x00, 0x00, 0x00, 0x04, 0xFF, 0xFF, 0xFF, 0x04, 0x00, 0x00, 
0x00, 0x00, 0x1E, 0xFF, 0xFF, 0x1D, 0x00, 0x00, 0x00, 0x00, 0x00, 0x00, 0x20, 0xFC, 0xFF, 0xFC, 
0x20, 0x00, 0x00, 0x00, 0x00, 0x00, 0x00, 0x1E, 0xFF, 0xFF, 0xFF, 0x1E, 0x00, 0x00, 0x01, 0x21, 
0xAD, 0xFF, 0xFF, 0xA5, 0x1D, 0x01, 0x00, 0x00, 0x00, 0x00, 0x00, 0xAC, 0xFF, 0xAB, 0x00, 0x00, 
0x00, 0x00, 0x00, 0x01, 0x20, 0xAD, 0xFF, 0xFF, 0xFF, 0xA8, 0x1F, 0x01, 0xFF, 0xFF, 0xFF, 0xFF, 
0xFF, 0xFF, 0xFF, 0xFF, 0x00, 0x00, 0x00, 0x00, 0x00, 0x39, 0xFF, 0x39, 0x00, 0x00, 0x00, 0x00, 
0x00, 0xFF, 0xFF, 0xFF, 0xFF, 0xFF, 0xFF, 0xFF, 0xFF, 0xFF, 0xFF, 0xFF, 0xFF, 0xFF, 0xFF, 0xFF, 
0xFF, 0xFF, 0xFF, 0x00, 0x00, 0x00, 0x00, 0x00, 0x00, 0xFF, 0xFF, 0xFF, 0xFF, 0xFF, 0xFF, 0xFF, 
0xFF, 0xFF, 0x01, 0x21, 0xA5, 0xFF, 0xFF, 0xFF, 0xA6, 0x20, 0x00, 0x00, 0x00, 0x00, 0x00, 0x00, 
0x00, 0x01, 0x22, 0xA6, 0xFF, 0xFF, 0xFF, 0xA4, 0x20, 0x00, 0x00, 0x00, 0x18, 0xFF, 0xFF, 0xFF, 
0x1B, 0x00, 0x00, 0x00, 0x00, 0x00, 0x00, 0x00, 0x00, 0x00, 0x00, 0x18, 0xFF, 0xFF, 0xFF, 0x18, 
0x00, 0x00, 0x00, 0x00, 0x03, 0xFF, 0xFF, 0xFF, 0x04, 0x00, 0x00, 0x00, 0x00, 0x00, 0x00, 0x00, 
0x00, 0x00, 0x00, 0x03, 0xFF, 0xFF, 0xFF, 0x04, 0x00, 0x00, 0x00, 0x00, 0x00, 0xFF, 0xFF, 0xFF, 
0x00, 0x00, 0x00, 0x00, 0x00, 0x00, 0x00, 0x00, 0x00, 0x00, 0x00, 0x00, 0xFF, 0xFF, 0xFF, 0x00, 
0x00, 0x00, 0x00, 0x00, 0x00, 0xFF, 0xFF, 0xFF, 0x00, 0x00, 0x00, 0x00, 0x00, 0x00, 0x00, 0x00, 
0x00, 0x00, 0x00, 0x00, 0xFF, 0xFF, 0xFF, 0x00, 0x00, 0x00, 0x00, 0x00, 0x00, 0xFF, 0xFF, 0xFF, 
0x00, 0x00, 0x00, 0x00, 0x00, 0x00, 0x00, 0x00, 0x00, 0x00, 0x00, 0x00, 0xFF, 0xFF, 0xFF, 0x00, 
0x00, 0x00, 0x00, 0x00, 0x00, 0xFF, 0xFF, 0xFF, 0x00, 0x00, 0x00, 0x00, 0x00, 0x00, 0x00, 0x00, 
0x00, 0x00, 0x00, 0x00, 0xFF, 0xFF, 0xFF, 0x00, 0x00, 0x00, 0x00, 0x00, 0x00, 0xFF, 0xFF, 0xFF, 
0x00, 0x00, 0x00, 0x00, 0x00, 0x00, 0x00, 0x00, 0x00, 0x00, 0x00, 0x00, 0xFF, 0xFF, 0xFF, 0x00, 
0x00, 0x00, 0x00, 0x00, 0x00, 0xFF, 0xFF, 0xFF, 0x00, 0x00, 0x00, 0x00, 0x00, 0x00, 0x00, 0x00, 
0x00, 0x00, 0x00, 0x00, 0xFF, 0xFF, 0xFF, 0x00, 0x00, 0x00, 0x00, 0x00, 0x00, 0xFF, 0xFF, 0xFF, 
0x00, 0x00, 0x00, 0x00, 0x00, 0x00, 0x00, 0x00, 0x00, 0x00, 0x00, 0x00, 0xFF, 0xFF, 0xFF, 0x00, 
0x00, 0x00, 0x00, 0x00, 0x00, 0xFF, 0xFF, 0xFF, 0xFF, 0xFF, 0xFF, 0xFF, 0xFF, 0xFF, 0xFF, 0xFF, 
0xFF, 0xFF, 0xFF, 0xFF, 0xFF, 0xFF, 0xFF, 0x00, 0x00, 0x00, 0x00, 0x00, 0x00, 0xFF, 0xFF, 0xFF, 
0x00, 0x00, 0x00, 0x00, 0x00, 0x00, 0x00, 0x00, 0x00, 0x00, 0x00, 0x00, 0xFF, 0xFF, 0xFF, 0x00, 
0x00, 0x00, 0x00, 0x00, 0x00, 0xFF, 0xFF, 0xFF, 0x00, 0x00, 0x00, 0x00, 0x00, 0x00, 0x00, 0x00, 
0x00, 0x00, 0x00, 0x00, 0xFF, 0xFF, 0xFF, 0x00, 0x00, 0x00, 0x00, 0x00, 0x00, 0xFF, 0xFF, 0xFF, 
0x00, 0x00, 0x00, 0x00, 0x00, 0x00, 0x00, 0x00, 0x00, 0x00, 0x00, 0x00, 0xFF, 0xFF, 0xFF, 0x00, 
0x00, 0x00, 0x00, 0x00, 0x00, 0xFF, 0xFF, 0xFF, 0x00, 0x00, 0x00, 0x00, 0x00, 0x00, 0x00, 0x00, 
0x00, 0x00, 0x00, 0x00, 0xFF, 0xFF, 0xFF, 0x00, 0x00, 0x00, 0x00, 0x00, 0x00, 0xFF, 0xFF, 0xFF, 
0x00, 0x00, 0x00, 0x00, 0x00, 0x00, 0x00, 0x00, 0x00, 0x00, 0x00, 0x00, 0xFF, 0xFF, 0xFF, 0x00, 
0x00, 0x00, 0x00, 0x00, 0x00, 0xFF, 0xFF, 0xFF, 0x00, 0x00, 0x00, 0x00, 0x00, 0x00, 0x00, 0x00, 
0x00, 0x00, 0x00, 0x00, 0xFF, 0xFF, 0xFF, 0x00, 0x00, 0x00, 0x00, 0x00, 0x00, 0xFF, 0xFF, 0xFF, 
0x00, 0x00, 0x00, 0x00, 0x00, 0x00, 0x00, 0x00, 0x00, 0x00, 0x00, 0x00, 0xFF, 0xFF, 0xFF, 0x00, 
0x00, 0x00, 0x00, 0x00, 0x00, 0xFF, 0xFF, 0xFF, 0x00, 0x00, 0x00, 0x00, 0x00, 0x00, 0x00, 0x00, 
0x00, 0x00, 0x00, 0x00, 0xFF, 0xFF, 0xFF, 0x00, 0x00, 0x00, 0x00, 0x00, 0x04, 0xFF, 0xFF, 0xFF, 
0x02, 0x00, 0x00, 0x00, 0x00, 0x00, 0x00, 0x00, 0x00, 0x00, 0x00, 0x04, 0xFF, 0xFF, 0xFF, 0x02, 
0x00, 0x00, 0x00, 0x00, 0x1D, 0xFF, 0xFF, 0xFF, 0x17, 0x00, 0x00, 0x00, 0x00, 0x00, 0x00, 0x00, 
0x00, 0x00, 0x00, 0x1F, 0xFF, 0xFF, 0xFF, 0x17, 0x00, 0x00, 0x01, 0x1F, 0xAA, 0xFF, 0xFF, 0xFF, 
0xA6, 0x21, 0x00, 0x00, 0x00, 0x00, 0x00, 0x00, 0x00, 0x01, 0x20, 0xAC, 0xFF, 0xFF, 0xFF, 0xA5, 
0x20, 0x00, 0xFF, 0xFF, 0xFF, 0xFF, 0xFF, 0xFF, 0xFF, 0xFF, 0xFF, 0x00, 0x00, 0x00, 0x00, 0x00, 
0x00, 0xFF, 0xFF, 0xFF, 0xFF, 0xFF, 0xFF, 0xFF, 0xFF, 0xFF, 0x00, 0x00, 0x00, 0x00, 0x00, 0x00, 
0x00, 0x22, 0x70, 0xB3, 0xDB, 0xF0, 0xF8, 0xE1, 0xC3, 0x7F, 0x31, 0x00, 0x00, 0x00, 0x00, 0x00, 
0x00, 0x00, 0x00, 0x00, 0x00, 0x00, 0x00, 0x26, 0xA6, 0xFC, 0xCB, 0x65, 0x24, 0x09, 0x0E, 0x29, 
0x6B, 0xD1, 0xFF, 0xB6, 0x2F, 0x00, 0x00, 0x00, 0x00, 0x00, 0x00, 0x00, 0x00, 0x00, 0x62, 0xF4, 
0xFE, 0x71, 0x01, 0x00, 0x00, 0x00, 0x00, 0x00, 0x00, 0x02, 0x77, 0xFE, 0xFA, 0x6A, 0x00, 0x00, 
0x00, 0x00, 0x00, 0x00, 0x00, 0x80, 0xFF, 0xFF, 0x6B, 0x00, 0x00, 0x00, 0x00, 0x00, 0x00, 0x00, 
0x00, 0x00, 0x00, 0x70, 0xFF, 0xFF, 0x90, 0x00, 0x00, 0x00, 0x00, 0x00, 0x6E, 0xFF, 0xFF, 0xB7, 
0x00, 0x00, 0x00, 0x00, 0x00, 0x00, 0x00, 0x00, 0x00, 0x00, 0x00, 0x01, 0xBF, 0xFF, 0xFF, 0x71, 
0x00, 0x00, 0x00, 0x2A, 0xFB, 0xFF, 0xFF, 0x31, 0x00, 0x00, 0x00, 0x00, 0x00, 0x00, 0x00, 0x00, 
0x00, 0x00, 0x00, 0x00, 0x3B, 0xFF, 0xFF, 0xFD, 0x33, 0x00, 0x00, 0xBC, 0xFF, 0xFF, 0xCA, 0x00, 
0x00, 0x00, 0x00, 0x00, 0x00, 0x00, 0x00, 0x00, 0x00, 0x00, 0x00, 0x00, 0x00, 0xD8, 0xFF, 0xFF, 
0xBD, 0x00, 0x2E, 0xFF, 0xFF, 0xFF, 0x81, 0x00, 0x00, 0x00, 0x00, 0x00, 0x00, 0x00, 0x00, 0x00, 
0x00, 0x00, 0x00, 0x00, 0x00, 0x8B, 0xFF, 0xFF, 0xFF, 0x34, 0x7F, 0xFF, 0xFF, 0xFF, 0x4C, 0x00, 
0x00, 0x00, 0x00, 0x00, 0x00, 0x00, 0x00, 0x00, 0x00, 0x00, 0x00, 0x00, 0x00, 0x5A, 0xFF, 0xFF, 
0xFF, 0x81, 0xC2, 0xFF, 0xFF, 0xFF, 0x23, 0x00, 0x00, 0x00, 0x00, 0x00, 0x00, 0x00, 0x00, 0x00, 
0x00, 0x00, 0x00, 0x00, 0x00, 0x2D, 0xFF, 0xFF, 0xFF, 0xC4, 0xDE, 0xFF, 0xFF, 0xFF, 0x13, 0x00, 
0x00, 0x00, 0x00, 0x00, 0x00, 0x00, 0x00, 0x00, 0x00, 0x00, 0x00, 0x00, 0x00, 0x1B, 0xFF, 0xFF, 
0xFF, 0xE0, 0xF5, 0xFF, 0xFF, 0xFF, 0x05, 0x00, 0x00, 0x00, 0x00, 0x00, 0x00, 0x00, 0x00, 0x00, 
0x00, 0x00, 0x00, 0x00, 0x00, 0x0C, 0xFF, 0xFF, 0xFF, 0xF7, 0xF4, 0xFF, 0xFF, 0xFF, 0x09, 0x00, 
0x00, 0x00, 0x00, 0x00, 0x00, 0x00, 0x00, 0x00, 0x00, 0x00, 0x00, 0x00, 0x00, 0x04, 0xFF, 0xFF, 
0xFF, 0xF1, 0xDE, 0xFF, 0xFF, 0xFF, 0x18, 0x00, 0x00, 0x00, 0x00, 0x00, 0x00, 0x00, 0x00, 0x00, 
0x00, 0x00, 0x00, 0x00, 0x00, 0x11, 0xFF, 0xFF, 0xFF, 0xDA, 0xC1, 0xFF, 0xFF, 0xFF, 0x2C, 0x00, 
0x00, 0x00, 0x00, 0x00, 0x00, 0x00, 0x00, 0x00, 0x00, 0x00, 0x00, 0x00, 0x00, 0x1F, 0xFF, 0xFF, 
0xFF, 0xB9, 0x80, 0xFF, 0xFF, 0xFF, 0x5C, 0x00, 0x00, 0x00, 0x00, 0x00, 0x00, 0x00, 0x00, 0x00, 
0x00, 0x00, 0x00, 0x00, 0x00, 0x43, 0xFF, 0xFF, 0xFF, 0x73, 0x36, 0xFF, 0xFF, 0xFF, 0x91, 0x00, 
0x00, 0x00, 0x00, 0x00, 0x00, 0x00, 0x00, 0x00, 0x00, 0x00, 0x00, 0x00, 0x00, 0x75, 0xFF, 0xFF, 
0xFE, 0x26, 0x00, 0xC3, 0xFF, 0xFF, 0xE0, 0x02, 0x00, 0x00, 0x00, 0x00, 0x00, 0x00, 0x00, 0x00, 
0x00, 0x00, 0x00, 0x00, 0x00, 0xB9, 0xFF, 0xFF, 0xA8, 0x00, 0x00, 0x3D, 0xFF, 0xFF, 0xFF, 0x49, 
0x00, 0x00, 0x00, 0x00, 0x00, 0x00, 0x00, 0x00, 0x00, 0x00, 0x00, 0x00, 0x1E, 0xFD, 0xFF, 0xF7, 
0x24, 0x00, 0x00, 0x00, 0x83, 0xFF, 0xFF, 0xD0, 0x05, 0x00, 0x00, 0x00, 0x00, 0x00, 0x00, 0x00, 
0x00, 0x00, 0x00, 0x00, 0xA9, 0xFF, 0xFF, 0x59, 0x00, 0x00, 0x00, 0x00, 0x01, 0xA6, 0xFF, 0xFF, 
0x86, 0x00, 0x00, 0x00, 0x00, 0x00, 0x00, 0x00, 0x00, 0x00, 0x00, 0x67, 0xFF, 0xFF, 0x78, 0x00, 
0x00, 0x00, 0x00, 0x00, 0x00, 0x01, 0x80, 0xFE, 0xFF, 0x83, 0x03, 0x00, 0x00, 0x00, 0x00, 0x00, 
0x00, 0x05, 0x7E, 0xFF, 0xF5, 0x56, 0x00, 0x00, 0x00, 0x00, 0x00, 0x00, 0x00, 0x00, 0x00, 0x3B, 
0xC0, 0xFF, 0xD3, 0x68, 0x24, 0x09, 0x0E, 0x2B, 0x72, 0xD8, 0xFE, 0xA7, 0x23, 0x00, 0x00, 0x00, 
0x00, 0x00, 0x00, 0x00, 0x00, 0x00, 0x00, 0x00, 0x00, 0x35, 0x81, 0xC4, 0xE1, 0xF6, 0xF4, 0xDD, 
0xBB, 0x74, 0x25, 0x00, 0x00, 0x00, 0x00, 0x00, 0x00, 0x00, 0x3A, 0xB9, 0xD6, 0xD8, 0xD8, 0xD8, 
0xD8, 0xD8, 0xD8, 0xD8, 0xD8, 0xD8, 0xD8, 0xD8, 0xD8, 0xD8, 0xD8, 0xD8, 0xD8, 0xD8, 0xD8, 0xD8, 
0xD8, 0xD6, 0xB9, 0x3A, 0x00, 0x00, 0x12, 0xA2, 0xFF, 0xFF, 0xFF, 0xB7, 0x78, 0x78, 0x78, 0x78, 
0x78, 0x78, 0x78, 0x78, 0x78, 0x78, 0xB7, 0xFF, 0xFF, 0xFF, 0x9F, 0x12, 0x00, 0x00, 0x00, 0x00, 
0x00, 0x1A, 0xFF, 0xFF, 0xFF, 0x78, 0x00, 0x00, 0x00, 0x00, 0x00, 0x00, 0x00, 0x00, 0x00, 0x00, 
0x78, 0xFF, 0xFF, 0xFF, 0x18, 0x00, 0x00, 0x00, 0x00, 0x00, 0x00, 0x00, 0xF3, 0xFF, 0xFF, 0x78, 
0x00, 0x00, 0x00, 0x00, 0x00, 0x00, 0x00, 0x00, 0x00, 0x00, 0x78, 0xFF, 0xFF, 0xF2, 0x00, 0x00, 
0x00, 0x00, 0x00, 0x00, 0x00, 0x00, 0xE9, 0xFF, 0xFF, 0x78, 0x00, 0x00, 0x00, 0x00, 0x00, 0x00, 
0x00, 0x00, 0x00, 0x00, 0x78, 0xFF, 0xFF, 0xE9, 0x00, 0x00, 0x00, 0x00, 0x00, 0x00, 0x00, 0x00, 
0xE8, 0xFF, 0xFF, 0x78, 0x00, 0x00, 0x00, 0x00, 0x00, 0x00, 0x00, 0x00, 0x00, 0x00, 0x78, 0xFF, 
0xFF, 0xE8, 0x00, 0x00, 0x00, 0x00, 0x00, 0x00, 0x00, 0x00, 0xE8, 0xFF, 0xFF, 0x78, 0x00, 0x00, 
0x00, 0x00, 0x00, 0x00, 0x00, 0x00, 0x00, 0x00, 0x78, 0xFF, 0xFF, 0xE8, 0x00, 0x00, 0x00, 0x00, 
0x00, 0x00, 0x00, 0x00, 0xE8, 0xFF, 0xFF, 0x78, 0x00, 0x00, 0x00, 0x00, 0x00, 0x00, 0x00, 0x00, 
0x00, 0x00, 0x78, 0xFF, 0xFF, 0xE8, 0x00, 0x00, 0x00, 0x00, 0x00, 0x00, 0x00, 0x00, 0xE8, 0xFF, 
0xFF, 0x78, 0x00, 0x00, 0x00, 0x00, 0x00, 0x00, 0x00, 0x00, 0x00, 0x00, 0x78, 0xFF, 0xFF, 0xE8, 
0x00, 0x00, 0x00, 0x00, 0x00, 0x00, 0x00, 0x00, 0xE8, 0xFF, 0xFF, 0x78, 0x00, 0x00, 0x00, 0x00, 
0x00, 0x00, 0x00, 0x00, 0x00, 0x00, 0x78, 0xFF, 0xFF, 0xE8, 0x00, 0x00, 0x00, 0x00, 0x00, 0x00, 
0x00, 0x00, 0xE8, 0xFF, 0xFF, 0x78, 0x00, 0x00, 0x00, 0x00, 0x00, 0x00, 0x00, 0x00, 0x00, 0x00, 
0x78, 0xFF, 0xFF, 0xE8, 0x00, 0x00, 0x00, 0x00, 0x00, 0x00, 0x00, 0x00, 0xE8, 0xFF, 0xFF, 0x78, 
0x00, 0x00, 0x00, 0x00, 0x00, 0x00, 0x00, 0x00, 0x00, 0x00, 0x78, 0xFF, 0xFF, 0xE8, 0x00, 0x00, 
0x00, 0x00, 0x00, 0x00, 0x00, 0x00, 0xE8, 0xFF, 0xFF, 0x78, 0x00, 0x00, 0x00, 0x00, 0x00, 0x00, 
0x00, 0x00, 0x00, 0x00, 0x78, 0xFF, 0xFF, 0xE8, 0x00, 0x00, 0x00, 0x00, 0x00, 0x00, 0x00, 0x00, 
0xE8, 0xFF, 0xFF, 0x78, 0x00, 0x00, 0x00, 0x00, 0x00, 0x00, 0x00, 0x00, 0x00, 0x00, 0x78, 0xFF, 
0xFF, 0xE8, 0x00, 0x00, 0x00, 0x00, 0x00, 0x00, 0x00, 0x00, 0xE8, 0xFF, 0xFF, 0x78, 0x00, 0x00, 
0x00, 0x00, 0x00, 0x00, 0x00, 0x00, 0x00, 0x00, 0x78, 0xFF, 0xFF, 0xE8, 0x00, 0x00, 0x00, 0x00, 
0x00, 0x00, 0x00, 0x00, 0xE8, 0xFF, 0xFF, 0x78, 0x00, 0x00, 0x00, 0x00, 0x00, 0x00, 0x00, 0x00, 
0x00, 0x00, 0x78, 0xFF, 0xFF, 0xE8, 0x00, 0x00, 0x00, 0x00, 0x00, 0x00, 0x00, 0x00, 0xE8, 0xFF, 
0xFF, 0x78, 0x00, 0x00, 0x00, 0x00, 0x00, 0x00, 0x00, 0x00, 0x00, 0x00, 0x78, 0xFF, 0xFF, 0xE8, 
0x00, 0x00, 0x00, 0x00, 0x00, 0x00, 0x00, 0x00, 0xE8, 0xFF, 0xFF, 0x78, 0x00, 0x00, 0x00, 0x00, 
0x00, 0x00, 0x00, 0x00, 0x00, 0x00, 0x78, 0xFF, 0xFF, 0xE8, 0x00, 0x00, 0x00, 0x00, 0x00, 0x00, 
0x00, 0x00, 0xE8, 0xFF, 0xFF, 0x78, 0x00, 0x00, 0x00, 0x00, 0x00, 0x00, 0x00, 0x00, 0x00, 0x00, 
0x78, 0xFF, 0xFF, 0xE8, 0x00, 0x00, 0x00, 0x00, 0x00, 0x00, 0x00, 0x00, 0xE8, 0xFF, 0xFF, 0x78, 
0x00, 0x00, 0x00, 0x00, 0x00, 0x00, 0x00, 0x00, 0x00, 0x00, 0x78, 0xFF, 0xFF, 0xE8, 0x00, 0x00, 
0x00, 0x00, 0x00, 0x00, 0x00, 0x00, 0xF1, 0xFF, 0xFF, 0x7F, 0x00, 0x00, 0x00, 0x00, 0x00, 0x00, 
0x00, 0x00, 0x00, 0x00, 0x81, 0xFF, 0xFF, 0xEF, 0x00, 0x00, 0x00, 0x00, 0x00, 0x00, 0x00, 0x11, 
0xFF, 0xFF, 0xFF, 0x9F, 0x00, 0x00, 0x00, 0x00, 0x00, 0x00, 0x00, 0x00, 0x00, 0x00, 0xA0, 0xFF, 
0xFF, 0xFF, 0x0F, 0x00, 0x00, 0x00, 0x00, 0x00, 0x00, 0x7D, 0xFF, 0xFF, 0xFF, 0xEB, 0x1F, 0x00, 
0x00, 0x00, 0x00, 0x00, 0x00, 0x00, 0x00, 0x20, 0xEC, 0xFF, 0xFF, 0xFF, 0x79, 0x00, 0x00, 0x00, 
0x3A, 0xB7, 0xE3, 0xFF, 0xFF, 0xFF, 0xFF, 0xFF, 0xFB, 0xCA, 0xA1, 0x00, 0x00, 0x00, 0x00, 0x9F, 
0xCA, 0xFB, 0xFF, 0xFF, 0xFF, 0xFF, 0xFF, 0xE2, 0xB7, 0x3A, 0xFF, 0xFF, 0xFF, 0xFF, 0xFF, 0xFF, 
0xFF, 0xFF, 0xFF, 0xF9, 0xEC, 0xD2, 0xA6, 0x5F, 0x06, 0x00, 0x00, 0x00, 0x01, 0x1E, 0xA8, 0xFF, 
0xFF, 0xFF, 0x42, 0x19, 0x05, 0x16, 0x3F, 0x98, 0xFB, 0xFF, 0xE1, 0x4F, 0x00, 0x00, 0x00, 0x00, 
0x1E, 0xFF, 0xFF, 0xFF, 0x00, 0x00, 0x00, 0x00, 0x00, 0x00, 0x38, 0xEE, 0xFF, 0xFC, 0x60, 0x00, 
0x00, 0x00, 0x04, 0xFF, 0xFF, 0xFF, 0x00, 0x00, 0x00, 0x00, 0x00, 0x00, 0x00, 0x52, 0xFF, 0xFF, 
0xFB, 0x2F, 0x00, 0x00, 0x00, 0xFF, 0xFF, 0xFF, 0x00, 0x00, 0x00, 0x00, 0x00, 0x00, 0x00, 0x00, 
0xD4, 0xFF, 0xFF, 0xA4, 0x00, 0x00, 0x00, 0xFF, 0xFF, 0xFF, 0x00, 0x00, 0x00, 0x00, 0x00, 0x00, 
0x00, 0x00, 0x87, 0xFF, 0xFF, 0xE5, 0x00, 0x00, 0x00, 0xFF, 0xFF, 0xFF, 0x00, 0x00, 0x00, 0x00, 
0x00, 0x00, 0x00, 0x00, 0x69, 0xFF, 0xFF, 0xFA, 0x00, 0x00, 0x00, 0xFF, 0xFF, 0xFF, 0x00, 0x00, 
0x00, 0x00, 0x00, 0x00, 0x00, 0x00, 0x71, 0xFF, 0xFF, 0xE7, 0x00, 0x00, 0x00, 0xFF, 0xFF, 0xFF, 
0x00, 0x00, 0x00, 0x00, 0x00, 0x00, 0x00, 0x00, 0xAA, 0xFF, 0xFF, 0xAE, 0x00, 0x00, 0x00, 0xFF, 
0xFF, 0xFF, 0x00, 0x00, 0x00, 0x00, 0x00, 0x00, 0x00, 0x26, 0xFA, 0xFF, 0xFF, 0x46, 0x00, 0x00, 
0x00, 0xFF, 0xFF, 0xFF, 0x00, 0x00, 0x00, 0x00, 0x00, 0x00, 0x1C, 0xD7, 0xFF, 0xFF, 0x99, 0x00, 
0x00, 0x00, 0x00, 0xFF, 0xFF, 0xFF, 0x51, 0x00, 0x00, 0x04, 0x21, 0x73, 0xEB, 0xFF, 0xFD, 0x88, 
0x03, 0x00, 0x00, 0x00, 0x00, 0xFF, 0xFF, 0xFF, 0xFA, 0xFF, 0xFF, 0xFF, 0xFB, 0xEB, 0xC7, 0x88, 
0x25, 0x00, 0x00, 0x00, 0x00, 0x00, 0x00, 0xFF, 0xFF, 0xFF, 0x00, 0x00, 0x00, 0x00, 0x00, 0x00, 
0x00, 0x00, 0x00, 0x00, 0x00, 0x00, 0x00, 0x00, 0x00, 0xFF, 0xFF, 0xFF, 0x00, 0x00, 0x00, 0x00, 
0x00, 0x00, 0x00, 0x00, 0x00, 0x00, 0x00, 0x00, 0x00, 0x00, 0x00, 0xFF, 0xFF, 0xFF, 0x00, 0x00, 
0x00, 0x00, 0x00, 0x00, 0x00, 0x00, 0x00, 0x00, 0x00, 0x00, 0x00, 0x00, 0x00, 0xFF, 0xFF, 0xFF, 
0x00, 0x00, 0x00, 0x00, 0x00, 0x00, 0x00, 0x00, 0x00, 0x00, 0x00, 0x00, 0x00, 0x00, 0x00, 0xFF, 
0xFF, 0xFF, 0x00, 0x00, 0x00, 0x00, 0x00, 0x00, 0x00, 0x00, 0x00, 0x00, 0x00, 0x00, 0x00, 0x00, 
0x00, 0xFF, 0xFF, 0xFF, 0x00, 0x00, 0x00, 0x00, 0x00, 0x00, 0x00, 0x00, 0x00, 0x00, 0x00, 0x00, 
0x00, 0x00, 0x00, 0xFF, 0xFF, 0xFF, 0x00, 0x00, 0x00, 0x00, 0x00, 0x00, 0x00, 0x00, 0x00, 0x00, 
0x00, 0x00, 0x00, 0x00, 0x03, 0xFF, 0xFF, 0xFF, 0x04, 0x00, 0x00, 0x00, 0x00, 0x00, 0x00, 0x00, 
0x00, 0x00, 0x00, 0x00, 0x00, 0x00, 0x1C, 0xFF, 0xFF, 0xFF, 0x1F, 0x00, 0x00, 0x00, 0x00, 0x00, 
0x00, 0x00, 0x00, 0x00, 0x00, 0x00, 0x01, 0x21, 0xAE, 0xFF, 0xFF, 0xFF, 0xA9, 0x1E, 0x00, 0x00, 
0x00, 0x00, 0x00, 0x00, 0x00, 0x00, 0x00, 0x00, 0xFF, 0xFF, 0xFF, 0xFF, 0xFF, 0xFF, 0xFF, 0xFF, 
0xFF, 0x00, 0x00, 0x00, 0x00, 0x00, 0x00, 0x00, 0x00, 0x00, 0x00, 0x00, 0x00, 0x00, 0x00, 0x00, 
0x0A, 0x5E, 0xAC, 0xDF, 0xF6, 0xF6, 0xE1, 0xC4, 0x87, 0x46, 0x0D, 0x6A, 0xFF, 0x0F, 0x00, 0x00, 
0x00, 0x00, 0x00, 0x00, 0x66, 0xE8, 0xFF, 0xBF, 0x58, 0x1D, 0x05, 0x11, 0x40, 0x9A, 0xFA, 0xFF, 
0xFF, 0xFF, 0x2F, 0x00, 0x00, 0x00, 0x00, 0x0A, 0xB2, 0xFF, 0xF7, 0x5B, 0x00, 0x00, 0x00, 0x00, 
0x00, 0x00, 0x00, 0x32, 0xE2, 0xFF, 0xFF, 0x4F, 0x00, 0x00, 0x00, 0x06, 0xC1, 0xFF, 0xFF, 0x53, 
0x00, 0x00, 0x00, 0x00, 0x00, 0x00, 0x00, 0x00, 0x00, 0x27, 0xF0, 0xFF, 0x6F, 0x00, 0x00, 0x00, 
0x96, 0xFF, 0xFF, 0xA4, 0x00, 0x00, 0x00, 0x00, 0x00, 0x00, 0x00, 0x00, 0x00, 0x00, 0x00, 0x69, 
0xFF, 0x8F, 0x00, 0x00, 0x3A, 0xFE, 0xFF, 0xFE, 0x25, 0x00, 0x00, 0x00, 0x00, 0x00, 0x00, 0x00, 
0x00, 0x00, 0x00, 0x00, 0x04, 0xE2, 0xAF, 0x00, 0x00, 0xBE, 0xFF, 0xFF, 0xC4, 0x00, 0x00, 0x00, 
0x00, 0x00, 0x00, 0x00, 0x00, 0x00, 0x00, 0x00, 0x00, 0x00, 0x7C, 0xCF, 0x00, 0x29, 0xFF, 0xFF, 
0xFF, 0x7B, 0x00, 0x00, 0x00, 0x00, 0x00, 0x00, 0x00, 0x00, 0x00, 0x00, 0x00, 0x00, 0x00, 0x29, 
0xEF, 0x00, 0x79, 0xFF, 0xFF, 0xFF, 0x47, 0x00, 0x00, 0x00, 0x00, 0x00, 0x00, 0x00, 0x00, 0x00, 
0x00, 0x00, 0x00, 0x00, 0x00, 0x00, 0x00, 0xB6, 0xFF, 0xFF, 0xFF, 0x25, 0x00, 0x00, 0x00, 0x00, 
0x00, 0x00, 0x00, 0x00, 0x00, 0x00, 0x00, 0x00, 0x00, 0x00, 0x00, 0x00, 0xE0, 0xFF, 0xFF, 0xFF, 
0x0E, 0x00, 0x00, 0x00, 0x00, 0x00, 0x00, 0x00, 0x00, 0x00, 0x00, 0x00, 0x00, 0x00, 0x00, 0x00, 
0x00, 0xF5, 0xFF, 0xFF, 0xFF, 0x04, 0x00, 0x00, 0x00, 0x00, 0x00, 0x00, 0x00, 0x00, 0x00, 0x00, 
0x00, 0x00, 0x00, 0x00, 0x00, 0x00, 0xFB, 0xFF, 0xFF, 0xFF, 0x0A, 0x00, 0x00, 0x00, 0x00, 0x00, 
0x00, 0x00, 0x00, 0x00, 0x00, 0x00, 0x00, 0x00, 0x00, 0x00, 0x00, 0xEB, 0xFF, 0xFF, 0xFF, 0x20, 
0x00, 0x00, 0x00, 0x00, 0x00, 0x00, 0x00, 0x00, 0x00, 0x00, 0x00, 0x00, 0x00, 0x00, 0x00, 0x00, 
0xD1, 0xFF, 0xFF, 0xFF, 0x36, 0x00, 0x00, 0x00, 0x00, 0x00, 0x00, 0x00, 0x00, 0x00, 0x00, 0x00, 
0x00, 0x00, 0x00, 0x00, 0x00, 0x9A, 0xFF, 0xFF, 0xFF, 0x6D, 0x00, 0x00, 0x00, 0x00, 0x00, 0x00, 
0x00, 0x00, 0x00, 0x00, 0x00, 0x00, 0x00, 0x00, 0x00, 0x00, 0x54, 0xFF, 0xFF, 0xFF, 0xBA, 0x00, 
0x00, 0x00, 0x00, 0x00, 0x00, 0x00, 0x00, 0x00, 0x00, 0x00, 0x00, 0x00, 0x00, 0x00, 0x00, 0x05, 
0xE7, 0xFF, 0xFF, 0xF9, 0x19, 0x00, 0x00, 0x00, 0x00, 0x00, 0x00, 0x00, 0x00, 0x00, 0x00, 0x00, 
0x00, 0x00, 0x5C, 0xBA, 0x00, 0x6D, 0xFF, 0xFF, 0xFF, 0x9E, 0x00, 0x00, 0x00, 0x00, 0x00, 0x00, 
0x00, 0x00, 0x00, 0x00, 0x00, 0x00, 0x28, 0xEF, 0x31, 0x00, 0x02, 0xC7, 0xFF, 0xFF, 0xFF, 0x65, 
0x00, 0x00, 0x00, 0x00, 0x00, 0x00, 0x00, 0x00, 0x00, 0x00, 0x1A, 0xDC, 0x89, 0x00, 0x00, 0x00, 
0x1C, 0xE4, 0xFF, 0xFF, 0xFE, 0x84, 0x07, 0x00, 0x00, 0x00, 0x00, 0x00, 0x00, 0x00, 0x2E, 0xDC, 
0xC1, 0x06, 0x00, 0x00, 0x00, 0x00, 0x22, 0xD8, 0xFF, 0xFF, 0xFF, 0xE2, 0x7D, 0x36, 0x0E, 0x06, 
0x20, 0x49, 0xAA, 0xFB, 0xC6, 0x11, 0x00, 0x00, 0x00, 0x00, 0x00, 0x00, 0x0B, 0x8D, 0xF8, 0xFF, 
0xFF, 0xFF, 0xFF, 0xFF, 0xFF, 0xFF, 0xFF, 0xFB, 0x8E, 0x08, 0x00, 0x00, 0x00, 0x00, 0x00, 0x00, 
0x00, 0x00, 0x00, 0x15, 0x6E, 0xB3, 0xDF, 0xF7, 0xFB, 0xEB, 0xC4, 0x81, 0x20, 0x00, 0x00, 0x00, 
0x00, 0x00, 0xFF, 0xFF, 0xFF, 0xFF, 0xFF, 0xFF, 0xFF, 0xFF, 0xFF, 0xFF, 0xFF, 0xFF, 0xFF, 0xFF, 
0xFF, 0xFF, 0xFF, 0xFF, 0xFF, 0xFF, 0xFF, 0xAE, 0x2E, 0x0A, 0x00, 0x00, 0x00, 0xFF, 0xFF, 0xFF, 
0x00, 0x00, 0x00, 0x0B, 0x39, 0xBA, 0xFF, 0xFF, 0xFF, 0xC3, 0x03, 0x00, 0x00, 0x00, 0x00, 0x00, 
0xFF, 0xFF, 0xFF, 0x00, 0x00, 0x00, 0x00, 0x00, 0x03, 0xC9, 0xFF, 0xFF, 0x4F, 0x00, 0x00, 0x00, 
0x00, 0x00, 0x00, 0xFF, 0xFF, 0xFF, 0x00, 0x00, 0x00, 0x00, 0x00, 0x00, 0x51, 0xFF, 0xFF, 0x17, 
0x00, 0x00, 0x00, 0x00, 0x00, 0x00, 0xFF, 0xFF, 0xFF, 0x00, 0x00, 0x00, 0x00, 0x00, 0x00, 0x19, 
0xFF, 0x18, 0x00, 0x00, 0x00, 0x00, 0x00, 0x00, 0x00, 0xFF, 0xFF, 0xFF, 0x00, 0x00, 0x00, 0x00, 
0x00, 0x00, 0x00, 0x18, 0x00, 0x00, 0x00, 0x00, 0x00, 0x00, 0x00, 0x00, 0xFF, 0xFF, 0xFF, 0x00, 
0x00, 0x00, 0x00, 0x00, 0x00, 0x00, 0x00, 0x00, 0x00, 0x00, 0x00, 0x00, 0x00, 0x00, 0x00, 0xFF, 
0xFF, 0xFF, 0x00, 0x00, 0x00, 0x00, 0x00, 0x00, 0x00, 0x00, 0x00, 0x00, 0x00, 0x00, 0x00, 0x00, 
0x00, 0x00, 0xFF, 0xFF, 0xFF, 0x00, 0x00, 0x00, 0x00, 0x00, 0x00, 0x00, 0x00, 0x00, 0x00, 0x00, 
0x00, 0x00, 0x00, 0x00, 0x00, 0xFF, 0xFF, 0xFF, 0x00, 0x00, 0x00, 0x00, 0x00, 0x00, 0x00, 0x00, 
0x00, 0x00, 0x00, 0x00, 0x00, 0x00, 0x00, 0x00, 0xFF, 0xFF, 0xFF, 0x00, 0x00, 0x00, 0x00, 0x00, 
0x00, 0x00, 0x00, 0x00, 0x00, 0x00, 0x00, 0x00, 0x00, 0x00, 0x00, 0xFF, 0xFF, 0xFF, 0x00, 0x00, 
0x00, 0x00, 0x00, 0x00, 0x00, 0x00, 0x00, 0x00, 0x00, 0x00, 0x00, 0x00, 0x00, 0x00, 0xFF, 0xFF, 
0xFF, 0x00, 0x00, 0x00, 0x00, 0x00, 0x00, 0x00, 0x00, 0x00, 0x00, 0x00, 0x00, 0x00, 0x00, 0x00, 
0x00, 0xFF, 0xFF, 0xFF, 0x00, 0x00, 0x00, 0x00, 0x00, 0x00, 0x00, 0x00, 0x00, 0x00, 0x00, 0x00, 
0x00, 0x00, 0x00, 0x00, 0xFF, 0xFF, 0xFF, 0x00, 0x00, 0x00, 0x00, 0x00, 0x00, 0x00, 0x00, 0x00, 
0x00, 0x00, 0x00, 0x00, 0x00, 0x00, 0x00, 0xFF, 0xFF, 0xFF, 0x00, 0x00, 0x00, 0x00, 0x00, 0x00, 
0x00, 0x00, 0x00, 0x00, 0x00, 0x00, 0x00, 0x00, 0x00, 0x00, 0xFF, 0xFF, 0xFF, 0x00, 0x00, 0x00, 
0x00, 0x00, 0x00, 0x00, 0x00, 0x00, 0x00, 0x00, 0x00, 0x00, 0x00, 0x00, 0x00, 0xFF, 0xFF, 0xFF, 
0x00, 0x00, 0x00, 0x00, 0x00, 0x00, 0x00, 0x00, 0x00, 0x00, 0x00, 0x00, 0x00, 0x00, 0x00, 0x00, 
0xFF, 0xFF, 0xFF, 0x00, 0x00, 0x00, 0x00, 0x00, 0x00, 0x00, 0x00, 0x00, 0x00, 0x00, 0x00, 0x00, 
0x00, 0x00, 0x00, 0xFF, 0xFF, 0xFF, 0x00, 0x00, 0x00, 0x00, 0x00, 0x00, 0x00, 0x00, 0x00, 0x00, 
0x00, 0x00, 0x00, 0x00, 0x00, 0x04, 0xFF, 0xFF, 0xFF, 0x03, 0x00, 0x00, 0x00, 0x00, 0x00, 0x00, 
0x00, 0x00, 0x00, 0x00, 0x00, 0x00, 0x00, 0x00, 0x1E, 0xFF, 0xFF, 0xFF, 0x1D, 0x00, 0x00, 0x00, 
0x00, 0x00, 0x00, 0x00, 0x00, 0x00, 0x00, 0x00, 0x00, 0x01, 0x21, 0xAD, 0xFF, 0xFF, 0xFF, 0xA6, 
0x1E, 0x01, 0x00, 0x00, 0x00, 0x00, 0x00, 0x00, 0x00, 0x00, 0x00, 0x00, 0xFF, 0xFF, 0xFF, 0xFF, 
0xFF, 0xFF, 0xFF, 0xFF, 0xFF, 0x00, 0x00, 0x00, 0x00, 0x00, 0xFF, 0xFF, 0xFF, 0xFF, 0xFF, 0xFF, 
0xFF, 0xFF, 0xFF, 0xFF, 0x00, 0x00, 0x00, 0x00, 0x00, 0x00, 0x00, 0x00, 0xFF, 0xFF, 0xFF, 0xFF, 
0xFF, 0xFF, 0xFF, 0x1C, 0x66, 0xE2, 0xFF, 0xFF, 0xFF, 0xFF, 0x86, 0x29, 0x0A, 0x00, 0x00, 0x00, 
0x00, 0x00, 0x00, 0x00, 0x00, 0x1C, 0x92, 0xFF, 0xFF, 0xFF, 0xA0, 0x26, 0x00, 0x00, 0x15, 0xCE, 
0xFF, 0xFF, 0xFF, 0x19, 0x00, 0x00, 0x00, 0x00, 0x00, 0x00, 0x00, 0x00, 0x00, 0x00, 0x00, 0x0C, 
0xFF, 0xFF, 0x96, 0x00, 0x00, 0x00, 0x00, 0x00, 0x1C, 0xEA, 0xFF, 0xFF, 0x81, 0x00, 0x00, 0x00, 
0x00, 0x00, 0x00, 0x00, 0x00, 0x00, 0x00, 0x00, 0x3F, 0xFF, 0xE9, 0x09, 0x00, 0x00, 0x00, 0x00, 
0x00, 0x00, 0x5E, 0xFF, 0xFF, 0xF2, 0x16, 0x00, 0x00, 0x00, 0x00, 0x00, 0x00, 0x00, 0x00, 0x00, 
0x00, 0x9D, 0xFF, 0x78, 0x00, 0x00, 0x00, 0x00, 0x00, 0x00, 0x00, 0x00, 0xC0, 0xFF, 0xFF, 0x9E, 
0x00, 0x00, 0x00, 0x00, 0x00, 0x00, 0x00, 0x00, 0x00, 0x14, 0xF6, 0xF2, 0x0F, 0x00, 0x00, 0x00, 
0x00, 0x00, 0x00, 0x00, 0x00, 0x2A, 0xFA, 0xFF, 0xFE, 0x3A, 0x00, 0x00, 0x00, 0x00, 0x00, 0x00, 
0x00, 0x00, 0x7E, 0xFF, 0x8B, 0x00, 0x00, 0x00, 0x00, 0x00, 0x00, 0x00, 0x00, 0x00, 0x00, 0x87, 
0xFF, 0xFF, 0xD1, 0x04, 0x00, 0x00, 0x00, 0x00, 0x00, 0x00, 0x0A, 0xEB, 0xF9, 0x1B, 0x00, 0x00, 
0x00, 0x00, 0x00, 0x00, 0x00, 0x00, 0x00, 0x00, 0x0A, 0xE0, 0xFF, 0xFF, 0x72, 0x00, 0x00, 0x00, 
0x00, 0x00, 0x00, 0x6D, 0xFF, 0x9E, 0x00, 0x00, 0x00, 0x00, 0x00, 0x00, 0x00, 0x00, 0x00, 0x00, 
0x00, 0x00, 0x4D, 0xFF, 0xFF, 0xF3, 0x1C, 0x00, 0x00, 0x00, 0x00, 0x04, 0xDF, 0xFE, 0x29, 0x00, 
0x00, 0x00, 0x00, 0x00, 0x00, 0x00, 0x00, 0x00, 0x00, 0x00, 0x00, 0x00, 0xB1, 0xFF, 0xFF, 0xAC, 
0x00, 0x00, 0x00, 0x00, 0x5B, 0xFF, 0xB2, 0x00, 0x00, 0x00, 0x00, 0x00, 0x00, 0x00, 0x00, 0x00, 
0x00, 0x00, 0x00, 0x00, 0x00, 0x1F, 0xF5, 0xFF, 0xFF, 0x49, 0x00, 0x00, 0x00, 0xD1, 0xFF, 0x3B, 
0x00, 0x00, 0x00, 0x00, 0x00, 0x00, 0x00, 0x00, 0x00, 0x00, 0x00, 0x00, 0x00, 0x00, 0x00, 0x77, 
0xFF, 0xFF, 0xDD, 0x08, 0x00, 0x49, 0xFF, 0xC5, 0x00, 0x00, 0x00, 0x00, 0x00, 0x00, 0x00, 0x00, 
0x00, 0x00, 0x00, 0x00, 0x00, 0x00, 0x00, 0x00, 0x05, 0xD4, 0xFF, 0xFF, 0x83, 0x00, 0xC0, 0xFF, 
0x4E, 0x00, 0x00, 0x00, 0x00, 0x00, 0x00, 0x00, 0x00, 0x00, 0x00, 0x00, 0x00, 0x00, 0x00, 0x00, 
0x00, 0x00, 0x3E, 0xFF, 0xFF, 0xF9, 0x5E, 0xFF, 0xD7, 0x01, 0x00, 0x00, 0x00, 0x00, 0x00, 0x00, 
0x00, 0x00, 0x00, 0x00, 0x00, 0x00, 0x00, 0x00, 0x00, 0x00, 0x00, 0x00, 0xA0, 0xFF, 0xFF, 0xFE, 
0xFF, 0x5F, 0x00, 0x00, 0x00, 0x00, 0x00, 0x00, 0x00, 0x00, 0x00, 0x00, 0x00, 0x00, 0x00, 0x00, 
0x00, 0x00, 0x00, 0x00, 0x00, 0x15, 0xEE, 0xFF, 0xFF, 0xDF, 0x04, 0x00, 0x00, 0x00, 0x00, 0x00, 
0x00, 0x00, 0x00, 0x00, 0x00, 0x00, 0x00, 0x00, 0x00, 0x00, 0x00, 0x00, 0x00, 0x00, 0x00, 0x66, 
0xFF, 0xFF, 0x63, 0x00, 0x00, 0x00, 0x00, 0x00, 0x00, 0x00, 0x00, 0x00, 0x00, 0x00, 0x00, 0x00, 
0x00, 0x00, 0x00, 0x00, 0x00, 0x00, 0x00, 0x00, 0x09, 0xF5, 0xD9, 0x04, 0x00, 0x00, 0x00, 0x00, 
0x00, 0x00, 0x00, 0x00, 0x00, 0x00, 0x00, 0x00, 0x00, 0x00, 0x00, 0x00, 0x00, 0x00, 0x00, 0x00, 
0x00, 0x79, 0xFF, 0x4F, 0x00, 0x00, 0x00, 0x00, 0x00, 0x00, 0x00, 0x00, 0x00, 0x00, 0x00, 0x00, 
0x00, 0x00, 0x00, 0x00, 0x00, 0x00, 0x00, 0x00, 0x00, 0x2F, 0xF7, 0xB0, 0x00, 0x00, 0x00, 0x00, 
0x00, 0x00, 0x00, 0x00, 0x00, 0x00, 0x00, 0x00, 0x00, 0x00, 0x00, 0x00, 0x8D, 0xF5, 0xD9, 0x74, 
0x14, 0x40, 0xE5, 0xD8, 0x0F, 0x00, 0x00, 0x00, 0x00, 0x00, 0x00, 0x00, 0x00, 0x00, 0x00, 0x00, 
0x00, 0x00, 0x00, 0x00, 0x00, 0xE9, 0xFF, 0xFF, 0xFF, 0xFF, 0xFF, 0xCA, 0x1D, 0x00, 0x00, 0x00, 
0x00, 0x00, 0x00, 0x00, 0x00, 0x00, 0x00, 0x00, 0x00, 0x00, 0x00, 0x00, 0x00, 0x00, 0x3F, 0xC0, 
0xF2, 0xF1, 0xC8, 0x68, 0x06, 0x00, 0x00, 0x00, 0x00, 0x00, 0x00, 0x00, 0x00, 0x00, 0x00, 0x00, 
0x00, 0x00, 0x00, 0x00, 0x00, 0x00, 0x00, 0x00, 0x00, 0x00, 0xFF, 0xFF, 0xFF, 0xFF, 0xFF, 0xFF, 
0xFF, 0xFF, 0xFF, 0x00, 0x00, 0x00, 0x00, 0x00, 0x00, 0x00, 0x00, 0x00, 0x00, 0x00, 0x00, 0x00, 
0x00, 0x00, 0x00, 0x00, 0x06, 0x1F, 0xA3, 0xFF, 0xFF, 0xFF, 0xA5, 0x26, 0x07, 0x00, 0x00, 0x00, 
0x00, 0x00, 0x00, 0x00, 0x00, 0x00, 0x00, 0x00, 0x00, 0x00, 0x00, 0x00, 0x00, 0x00, 0x00, 0x00, 
0x12, 0xFF, 0xFF, 0xFF, 0x1A, 0x00, 0x00, 0x00, 0x00, 0x00, 0x00, 0x00, 0x00, 0x00, 0x00, 0x00, 
0x00, 0x00, 0x00, 0x00, 0x00, 0x3D, 0x87, 0xBA, 0xDC, 0xF2, 0xFB, 0xFF, 0xFF, 0xFF, 0xFC, 0xF4, 
0xE3, 0xC9, 0x9E, 0x64, 0x16, 0x00, 0x00, 0x00, 0x00, 0x00, 0x00, 0x00, 0x00, 0x3D, 0xD2, 0xFF, 
0xFA, 0x97, 0x43, 0x17, 0x05, 0xFF, 0xFF, 0xFF, 0x04, 0x12, 0x32, 0x6C, 0xCD, 0xFF, 0xF9, 0x99, 
0x13, 0x00, 0x00, 0x00, 0x00, 0x00, 0x64, 0xFC, 0xFF, 0xF1, 0x39, 0x00, 0x00, 0x00, 0x00, 0xFF, 
0xFF, 0xFF, 0x00, 0x00, 0x00, 0x00, 0x01, 0x76, 0xFF, 0xFF, 0xE5, 0x32, 0x00, 0x00, 0x00, 0x49, 
0xFD, 0xFF, 0xFF, 0x57, 0x00, 0x00, 0x00, 0x00, 0x00, 0xFF, 0xFF, 0xFF, 0x00, 0x00, 0x00, 0x00, 
0x00, 0x00, 0x8B, 0xFF, 0xFF, 0xEE, 0x2A, 0x00, 0x0C, 0xE4, 0xFF, 0xFF, 0xCA, 0x00, 0x00, 0x00, 
0x00, 0x00, 0x00, 0xFF, 0xFF, 0xFF, 0x00, 0x00, 0x00, 0x00, 0x00, 0x00, 0x07, 0xE5, 0xFF, 0xFF, 
0xD0, 0x05, 0x69, 0xFF, 0xFF, 0xFF, 0x6B, 0x00, 0x00, 0x00, 0x00, 0x00, 0x00, 0xFF, 0xFF, 0xFF, 
0x00, 0x00, 0x00, 0x00, 0x00, 0x00, 0x00, 0x81, 0xFF, 0xFF, 0xFF, 0x5A, 0xB8, 0xFF, 0xFF, 0xFF, 
0x30, 0x00, 0x00, 0x00, 0x00, 0x00, 0x00, 0xFF, 0xFF, 0xFF, 0x00, 0x00, 0x00, 0x00, 0x00, 0x00, 
0x00, 0x3B, 0xFF, 0xFF, 0xFF, 0xB2, 0xE8, 0xFF, 0xFF, 0xFF, 0x0F, 0x00, 0x00, 0x00, 0x00, 0x00, 
0x00, 0xFF, 0xFF, 0xFF, 0x00, 0x00, 0x00, 0x00, 0x00, 0x00, 0x00, 0x13, 0xFF, 0xFF, 0xFF, 0xE5, 
0xFA, 0xFF, 0xFF, 0xFF, 0x02, 0x00, 0x00, 0x00, 0x00, 0x00, 0x00, 0xFF, 0xFF, 0xFF, 0x00, 0x00, 
0x00, 0x00, 0x00, 0x00, 0x00, 0x04, 0xFF, 0xFF, 0xFF, 0xF9, 0xF1, 0xFF, 0xFF, 0xFF, 0x08, 0x00, 
0x00, 0x00, 0x00, 0x00, 0x00, 0xFF, 0xFF, 0xFF, 0x00, 0x00, 0x00, 0x00, 0x00, 0x00, 0x00, 0x0A, 
0xFF, 0xFF, 0xFF, 0xEE, 0xD8, 0xFF, 0xFF, 0xFF, 0x1C, 0x00, 0x00, 0x00, 0x00, 0x00, 0x00, 0xFF, 
0xFF, 0xFF, 0x00, 0x00, 0x00, 0x00, 0x00, 0x00, 0x00, 0x20, 0xFF, 0xFF, 0xFF, 0xD3, 0x9C, 0xFF, 
0xFF, 0xFF, 0x45, 0x00, 0x00, 0x00, 0x00, 0x00, 0x00, 0xFF, 0xFF, 0xFF, 0x00, 0x00, 0x00, 0x00, 
0x00, 0x00, 0x00, 0x4F, 0xFF, 0xFF, 0xFF, 0x90, 0x49, 0xFF, 0xFF, 0xFF, 0x88, 0x00, 0x00, 0x00, 
0x00, 0x00, 0x00, 0xFF, 0xFF, 0xFF, 0x00, 0x00, 0x00, 0x00, 0x00, 0x00, 0x00, 0x9B, 0xFF, 0xFF, 
0xFF, 0x36, 0x00, 0xCA, 0xFF, 0xFF, 0xE6, 0x06, 0x00, 0x00, 0x00, 0x00, 0x00, 0xFF, 0xFF, 0xFF, 
0x00, 0x00, 0x00, 0x00, 0x00, 0x00, 0x17, 0xF5, 0xFF, 0xFF, 0xAD, 0x00, 0x00, 0x2C, 0xF4, 0xFF, 
0xFF, 0x79, 0x00, 0x00, 0x00, 0x00, 0x00, 0xFF, 0xFF, 0xFF, 0x00, 0x00, 0x00, 0x00, 0x00, 0x00, 
0xAD, 0xFF, 0xFF, 0xDE, 0x15, 0x00, 0x00, 0x00, 0x48, 0xF1, 0xFF, 0xFA, 0x4B, 0x00, 0x00, 0x00, 
0x00, 0xFF, 0xFF, 0xFF, 0x00, 0x00, 0x00, 0x00, 0x06, 0x97, 0xFF, 0xFF, 0xD5, 0x26, 0x00, 0x00, 
0x00, 0x00, 0x00, 0x25, 0xB5, 0xFE, 0xFC, 0xA1, 0x50, 0x1D, 0x09, 0xFF, 0xFF, 0xFF, 0x04, 0x13, 
0x37, 0x77, 0xDC, 0xFF, 0xED, 0x89, 0x0A, 0x00, 0x00, 0x00, 0x00, 0x00, 0x00, 0x00, 0x00, 0x25, 
0x75, 0xAC, 0xD8, 0xE9, 0xF8, 0xFF, 0xFF, 0xFF, 0xF9, 0xEB, 0xDD, 0xBD, 0x8B, 0x54, 0x08, 0x00, 
0x00, 0x00, 0x00, 0x00, 0x00, 0x00, 0x00, 0x00, 0x00, 0x00, 0x00, 0x00, 0x00, 0x00, 0x16, 0xFF, 
0xFF, 0xFF, 0x17, 0x00, 0x00, 0x00, 0x00, 0x00, 0x00, 0x00, 0x00, 0x00, 0x00, 0x00, 0x00, 0x00, 
0x00, 0x00, 0x00, 0x00, 0x00, 0x00, 0x05, 0x22, 0x9E, 0xFF, 0xFF, 0xFF, 0x9F, 0x23, 0x05, 0x00, 
0x00, 0x00, 0x00, 0x00, 0x00, 0x00, 0x00, 0x00, 0x00, 0x00, 0x00, 0x00, 0x00, 0x00, 0x00, 0x00, 
0xFF, 0xFF, 0xFF, 0xFF, 0xFF, 0xFF, 0xFF, 0xFF, 0xFF, 0x00, 0x00, 0x00, 0x00, 0x00, 0x00, 0x00, 
0x00, 0x00, 0x54, 0xFF, 0xFF, 0xFF, 0xFF, 0xFF, 0xFF, 0xFF, 0xFF, 0xFF, 0xFF, 0x54, 0x00, 0x00, 
0x00, 0x00, 0x34, 0xFF, 0xFF, 0xFF, 0xFF, 0xFF, 0xFF, 0xFF, 0xFF, 0x9C, 0x02, 0x21, 0x5A, 0xCD, 
0xFF, 0xFF, 0xFF, 0xFF, 0xFF, 0x7C, 0x1A, 0x01, 0x00, 0x00, 0x00, 0x00, 0x00, 0x09, 0x41, 0xED, 
0xFF, 0xFF, 0xFC, 0x94, 0x2D, 0x05, 0x00, 0x00, 0x00, 0x02, 0x86, 0xFF, 0xFF, 0xFF, 0xF4, 0x00, 
0x00, 0x00, 0x00, 0x00, 0x00, 0x00, 0x00, 0x00, 0x00, 0xB6, 0xFF, 0xF1, 0x41, 0x00, 0x00, 0x00, 
0x00, 0x00, 0x00, 0x00, 0x00, 0x8A, 0xFF, 0xFF, 0xFF, 0x43, 0x00, 0x00, 0x00, 0x00, 0x00, 0x00, 
0x00, 0x00, 0x22, 0xF5, 0xFA, 0x40, 0x00, 0x00, 0x00, 0x00, 0x00, 0x00, 0x00, 0x00, 0x00, 0x01, 
0xB6, 0xFF, 0xFF, 0xD1, 0x06, 0x00, 0x00, 0x00, 0x00, 0x00, 0x00, 0x09, 0xCD, 0xFF, 0x69, 0x00, 
0x00, 0x00, 0x00, 0x00, 0x00, 0x00, 0x00, 0x00, 0x00, 0x00, 0x14, 0xE3, 0xFF, 0xFF, 0x90, 0x00, 
0x00, 0x00, 0x00, 0x00, 0x00, 0xA6, 0xFF, 0x99, 0x00, 0x00, 0x00, 0x00, 0x00, 0x00, 0x00, 0x00, 
0x00, 0x00, 0x00, 0x00, 0x00, 0x3E, 0xFC, 0xFF, 0xFF, 0x4D, 0x00, 0x00, 0x00, 0x00, 0x79, 0xFF, 
0xBB, 0x04, 0x00, 0x00, 0x00, 0x00, 0x00, 0x00, 0x00, 0x00, 0x00, 0x00, 0x00, 0x00, 0x00, 0x00, 
0x7F, 0xFF, 0xFF, 0xEC, 0x1B, 0x00, 0x00, 0x4C, 0xFD, 0xD5, 0x0F, 0x00, 0x00, 0x00, 0x00, 0x00, 
0x00, 0x00, 0x00, 0x00, 0x00, 0x00, 0x00, 0x00, 0x00, 0x00, 0x02, 0xBF, 0xFF, 0xFF, 0xBF, 0x02, 
0x29, 0xF1, 0xE9, 0x20, 0x00, 0x00, 0x00, 0x00, 0x00, 0x00, 0x00, 0x00, 0x00, 0x00, 0x00, 0x00, 
0x00, 0x00, 0x00, 0x00, 0x00, 0x1A, 0xEB, 0xFF, 0xFF, 0x8C, 0xDB, 0xF7, 0x38, 0x00, 0x00, 0x00, 
0x00, 0x00, 0x00, 0x00, 0x00, 0x00, 0x00, 0x00, 0x00, 0x00, 0x00, 0x00, 0x00, 0x00, 0x00, 0x00, 
0x4A, 0xFE, 0xFF, 0xFF, 0xFE, 0x56, 0x00, 0x00, 0x00, 0x00, 0x00, 0x00, 0x00, 0x00, 0x00, 0x00, 
0x00, 0x00, 0x00, 0x00, 0x00, 0x00, 0x00, 0x00, 0x00, 0x00, 0x00, 0x8D, 0xFF, 0xFF, 0xEA, 0x11, 
0x00, 0x00, 0x00, 0x00, 0x00, 0x00, 0x00, 0x00, 0x00, 0x00, 0x00, 0x00, 0x00, 0x00, 0x00, 0x00, 
0x00, 0x00, 0x00, 0x00, 0x00, 0x63, 0xFF, 0xFF, 0xFF, 0xAD, 0x00, 0x00, 0x00, 0x00, 0x00, 0x00, 
0x00, 0x00, 0x00, 0x00, 0x00, 0x00, 0x00, 0x00, 0x00, 0x00, 0x00, 0x00, 0x00, 0x00, 0x38, 0xF8, 
0xD3, 0xF1, 0xFF, 0xFF, 0x68, 0x00, 0x00, 0x00, 0x00, 0x00, 0x00, 0x00, 0x00, 0x00, 0x00, 0x00, 
0x00, 0x00, 0x00, 0x00, 0x00, 0x00, 0x00, 0x1B, 0xE6, 0xEA, 0x1E, 0x59, 0xFF, 0xFF, 0xF6, 0x2C, 
0x00, 0x00, 0x00, 0x00, 0x00, 0x00, 0x00, 0x00, 0x00, 0x00, 0x00, 0x00, 0x00, 0x00, 0x00, 0x00, 
0x08, 0xCB, 0xFA, 0x3D, 0x00, 0x00, 0x9F, 0xFF, 0xFF, 0xD4, 0x09, 0x00, 0x00, 0x00, 0x00, 0x00, 
0x00, 0x00, 0x00, 0x00, 0x00, 0x00, 0x00, 0x00, 0x00, 0x00, 0xA4, 0xFF, 0x66, 0x00, 0x00, 0x00, 
0x0B, 0xD8, 0xFF, 0xFF, 0x98, 0x00, 0x00, 0x00, 0x00, 0x00, 0x00, 0x00, 0x00, 0x00, 0x00, 0x00, 
0x00, 0x00, 0x00, 0x77, 0xFF, 0x94, 0x00, 0x00, 0x00, 0x00, 0x00, 0x30, 0xF8, 0xFF, 0xFF, 0x53, 
0x00, 0x00, 0x00, 0x00, 0x00, 0x00, 0x00, 0x00, 0x00, 0x00, 0x00, 0x00, 0x4B, 0xFD, 0xBF, 0x04, 
0x00, 0x00, 0x00, 0x00, 0x00, 0x00, 0x6F, 0xFF, 0xFF, 0xEF, 0x1F, 0x00, 0x00, 0x00, 0x00, 0x00, 
0x00, 0x00, 0x00, 0x00, 0x00, 0x2E, 0xF1, 0xDE, 0x13, 0x00, 0x00, 0x00, 0x00, 0x00, 0x00, 0x00, 
0x00, 0xB9, 0xFF, 0xFF, 0xC7, 0x05, 0x00, 0x00, 0x00, 0x00, 0x00, 0x00, 0x00, 0x00, 0x29, 0xE9, 
0xF3, 0x2C, 0x00, 0x00, 0x00, 0x00, 0x00, 0x00, 0x00, 0x00, 0x00, 0x20, 0xF9, 0xFF, 0xFF, 0x97, 
0x00, 0x00, 0x00, 0x00, 0x00, 0x00, 0x00, 0x4E, 0xEF, 0xFF, 0x8F, 0x00, 0x00, 0x00, 0x00, 0x00, 
0x00, 0x00, 0x00, 0x00, 0x00, 0x00, 0xD0, 0xFF, 0xFF, 0xFF, 0x7A, 0x00, 0x00, 0x00, 0x15, 0x50, 
0xB8, 0xFF, 0xFF, 0xFF, 0xCC, 0x2F, 0x07, 0x00, 0x00, 0x00, 0x00, 0x00, 0x00, 0x00, 0x0B, 0x56, 
0xFA, 0xFF, 0xFF, 0xFF, 0xFF, 0xAF, 0x3D, 0x0D, 0xE0, 0xFF, 0xFF, 0xFF, 0xFF, 0xFF, 0xFF, 0xFF, 
0xC0, 0x00, 0x00, 0x00, 0x00, 0x00, 0x00, 0x1C, 0xFF, 0xFF, 0xFF, 0xFF, 0xFF, 0xFF, 0xFF, 0xFF, 
0xFF, 0xC4, 0xFF, 0xFF, 0xFF, 0xFF, 0xFF, 0xFF, 0xFF, 0xFF, 0xFF, 0x00, 0x00, 0x00, 0x00, 0x00, 
0x00, 0xFF, 0xFF, 0xFF, 0xFF, 0xFF, 0xFF, 0xFF, 0xFF, 0xFF, 0x09, 0x2E, 0xAF, 0xFF, 0xFF, 0xFF, 
0xAC, 0x2D, 0x09, 0x00, 0x00, 0x00, 0x00, 0x00, 0x00, 0x09, 0x2D, 0xAC, 0xFF, 0xFF, 0xFF, 0xAC, 
0x2D, 0x09, 0x00, 0x00, 0x25, 0xFF, 0xFF, 0xFF, 0x23, 0x00, 0x00, 0x00, 0x00, 0x00, 0x00, 0x00, 
0x00, 0x00, 0x00, 0x24, 0xFF, 0xFF, 0xFF, 0x23, 0x00, 0x00, 0x00, 0x00, 0x05, 0xFF, 0xFF, 0xFF, 
0x04, 0x00, 0x00, 0x00, 0x00, 0x00, 0x00, 0x00, 0x00, 0x00, 0x00, 0x05, 0xFF, 0xFF, 0xFF, 0x04, 
0x00, 0x00, 0x00, 0x00, 0x00, 0xFF, 0xFF, 0xFF, 0x00, 0x00, 0x00, 0x00, 0x00, 0x00, 0x00, 0x00, 
0x00, 0x00, 0x00, 0x00, 0xFF, 0xFF, 0xFF, 0x00, 0x00, 0x00, 0x00, 0x00, 0x00, 0xFF, 0xFF, 0xFF, 
0x00, 0x00, 0x00, 0x00, 0x00, 0x00, 0x00, 0x00, 0x00, 0x00, 0x00, 0x00, 0xFF, 0xFF, 0xFF, 0x00, 
0x00, 0x00, 0x00, 0x00, 0x00, 0xFF, 0xFF, 0xFF, 0x00, 0x00, 0x00, 0x00, 0x00, 0x00, 0x00, 0x00, 
0x00, 0x00, 0x00, 0x00, 0xFF, 0xFF, 0xFF, 0x00, 0x00, 0x00, 0x00, 0x00, 0x00, 0xFF, 0xFF, 0xFF, 
0x00, 0x00, 0x00, 0x00, 0x00, 0x00, 0x00, 0x00, 0x00, 0x00, 0x00, 0x00, 0xFF, 0xFF, 0xFF, 0x00, 
0x00, 0x00, 0x00, 0x00, 0x00, 0xFF, 0xFF, 0xFF, 0x00, 0x00, 0x00, 0x00, 0x00, 0x00, 0x00, 0x00, 
0x00, 0x00, 0x00, 0x00, 0xFF, 0xFF, 0xFF, 0x00, 0x00, 0x00, 0x00, 0x00, 0x00, 0xFF, 0xFF, 0xFF, 
0x00, 0x00, 0x00, 0x00, 0x00, 0x00, 0x00, 0x00, 0x00, 0x00, 0x00, 0x00, 0xFF, 0xFF, 0xFF, 0x00, 
0x00, 0x00, 0x00, 0x00, 0x00, 0xFF, 0xFF, 0xFF, 0x00, 0x00, 0x00, 0x00, 0x00, 0x00, 0x00, 0x00, 
0x00, 0x00, 0x00, 0x00, 0xFF, 0xFF, 0xFF, 0x00, 0x00, 0x00, 0x00, 0x00, 0x00, 0xFF, 0xFF, 0xFF, 
0x00, 0x00, 0x00, 0x00, 0x00, 0x00, 0x00, 0x00, 0x00, 0x00, 0x00, 0x00, 0xFF, 0xFF, 0xFF, 0x00, 
0x00, 0x00, 0x00, 0x00, 0x00, 0xFF, 0xFF, 0xFF, 0x00, 0x00, 0x00, 0x00, 0x00, 0x00, 0x00, 0x00, 
0x00, 0x00, 0x00, 0x00, 0xFF, 0xFF, 0xFF, 0x00, 0x00, 0x00, 0x00, 0x00, 0x00, 0xFF, 0xFF, 0xFF, 
0x00, 0x00, 0x00, 0x00, 0x00, 0x00, 0x00, 0x00, 0x00, 0x00, 0x00, 0x00, 0xFF, 0xFF, 0xFF, 0x00, 
0x00, 0x00, 0x00, 0x00, 0x00, 0xFF, 0xFF, 0xFF, 0x00, 0x00, 0x00, 0x00, 0x00, 0x00, 0x00, 0x00, 
0x00, 0x00, 0x00, 0x00, 0xFF, 0xFF, 0xFF, 0x00, 0x00, 0x00, 0x00, 0x00, 0x00, 0xFF, 0xFF, 0xFF, 
0x00, 0x00, 0x00, 0x00, 0x00, 0x00, 0x00, 0x00, 0x00, 0x00, 0x00, 0x00, 0xFF, 0xFF, 0xFF, 0x00, 
0x00, 0x00, 0x00, 0x00, 0x00, 0xFF, 0xFF, 0xFF, 0x00, 0x00, 0x00, 0x00, 0x00, 0x00, 0x00, 0x00, 
0x00, 0x00, 0x00, 0x00, 0xFF, 0xFF, 0xFF, 0x00, 0x00, 0x00, 0x00, 0x00, 0x00, 0xFF, 0xFF, 0xFF, 
0x00, 0x00, 0x00, 0x00, 0x00, 0x00, 0x00, 0x00, 0x00, 0x00, 0x00, 0x00, 0xFF, 0xFF, 0xFF, 0x00, 
0x00, 0x00, 0x00, 0x00, 0x00, 0xFF, 0xFF, 0xFF, 0x00, 0x00, 0x00, 0x00, 0x00, 0x00, 0x00, 0x00, 
0x00, 0x00, 0x00, 0x00, 0xFF, 0xFF, 0xFF, 0x00, 0x00, 0x00, 0x00, 0x00, 0x00, 0xFF, 0xFF, 0xFF, 
0x00, 0x00, 0x00, 0x00, 0x00, 0x00, 0x00, 0x00, 0x00, 0x00, 0x00, 0x00, 0xFF, 0xFF, 0xFF, 0x01, 
0x00, 0x00, 0x00, 0x00, 0x05, 0xFF, 0xFF, 0xFF, 0x00, 0x00, 0x00, 0x00, 0x00, 0x00, 0x00, 0x00, 
0x00, 0x00, 0x00, 0x01, 0xFF, 0xFF, 0xFF, 0x0A, 0x00, 0x00, 0x00, 0x00, 0x24, 0xFF, 0xFF, 0xFF, 
0x05, 0x00, 0x00, 0x00, 0x00, 0x00, 0x00, 0x00, 0x00, 0x00, 0x00, 0x07, 0xFF, 0xFF, 0xFF, 0x2B, 
0x00, 0x00, 0x08, 0x2C, 0xAC, 0xFF, 0xFF, 0xFF, 0x44, 0x08, 0x00, 0x00, 0x00, 0x00, 0x00, 0x00, 
0x00, 0x01, 0x0A, 0x49, 0xFF, 0xFF, 0xFF, 0xA9, 0x24, 0x05, 0xFF, 0xFF, 0xFF, 0xFF, 0xFF, 0xFF, 
0xFF, 0xFF, 0xFF, 0xFF, 0xFF, 0xFF, 0xFF, 0xFF, 0xFF, 0xFF, 0xFF, 0xFF, 0xFF, 0xFF, 0xFF, 0xFF, 
0xFF, 0xFF, 0x00, 0x00, 0x00, 0x00, 0x00, 0x00, 0x00, 0x00, 0x00, 0x00, 0x00, 0x00, 0x00, 0x00, 
0x00, 0x02, 0x15, 0x3B, 0x86, 0xF1, 0xFF, 0xFF, 0xFF, 0xFF, 0x00, 0x00, 0x00, 0x00, 0x00, 0x00, 
0x00, 0x00, 0x00, 0x00, 0x00, 0x00, 0x00, 0x00, 0x00, 0x00, 0x00, 0x00, 0x00, 0x16, 0xCA, 0xFF, 
0xFF, 0xFF, 0x00, 0x00, 0x00, 0x00, 0x00, 0x00, 0x00, 0x00, 0x00, 0x00, 0x00, 0x00, 0x00, 0x00, 
0x00, 0x00, 0x00, 0x00, 0x00, 0x00, 0x10, 0xE0, 0xFF, 0xFF, 0x00, 0x00, 0x00, 0x00, 0x00, 0x00, 
0x00, 0x00, 0x00, 0x00, 0x00, 0x00, 0x00, 0x00, 0x00, 0x00, 0x00, 0x00, 0x00, 0x00, 0x00, 0x45, 
0xFF, 0xFF, 0x00, 0x00, 0x00, 0x00, 0x00, 0x00, 0x00, 0x00, 0x00, 0x00, 0x00, 0x00, 0x00, 0x00, 
0x00, 0x00, 0x00, 0x00, 0x00, 0x00, 0x00, 0x00, 0xC2, 0xFF, 0x00, 0x00, 0x00, 0x00, 0x00, 0x00, 
0x00, 0x00, 0x00, 0x00, 0x00, 0x00, 0x00, 0x00, 0x00, 0x00, 0x00, 0x00, 0x00, 0x00, 0x00, 0x00, 
0x62, 0xFF, 0x00, 0x00, 0x00, 0x00, 0x00, 0x00, 0x00, 0x00, 0x00, 0x00, 0x00, 0x00, 0x00, 0x00, 
0x00, 0x00, 0x00, 0x00, 0x00, 0x00, 0x00, 0x00, 0x1E, 0xFF, 0xFF, 0xFF, 0xFF, 0xFF, 0xFF, 0xFF, 
0xFF, 0xFF, 0xFF, 0x00, 0x00, 0x00, 0xFF, 0xFF, 0xFF, 0xFF, 0xFF, 0xFF, 0xFF, 0xFF, 0xFF, 0x08, 
0x2A, 0xA7, 0xFF, 0xFF, 0xFF, 0xBC, 0x31, 0x09, 0x00, 0x00, 0x00, 0x08, 0x29, 0xA5, 0xFF, 0xFF, 
0xFF, 0xA5, 0x27, 0x08, 0x00, 0x00, 0x18, 0xFF, 0xFF, 0xFF, 0x25, 0x00, 0x00, 0x00, 0x00, 0x00, 
0x00, 0x00, 0x17, 0xFF, 0xFF, 0xFF, 0x17, 0x00, 0x00, 0x00, 0x00, 0x03, 0xFF, 0xFF, 0xFF, 0x07, 
0x00, 0x00, 0x00, 0x00, 0x00, 0x00, 0x00, 0x03, 0xFF, 0xFF, 0xFF, 0x02, 0x00, 0x00, 0x00, 0x00, 
0x00, 0xFF, 0xFF, 0xFF, 0x00, 0x00, 0x00, 0x00, 0x00, 0x00, 0x00, 0x00, 0x00, 0xFF, 0xFF, 0xFF, 
0x00, 0x00, 0x00, 0x00, 0x00, 0x00, 0xFF, 0xFF, 0xFF, 0x00, 0x00, 0x00, 0x00, 0x00, 0x00, 0x00, 
0x00, 0x00, 0xFF, 0xFF, 0xFF, 0x00, 0x00, 0x00, 0x00, 0x00, 0x00, 0xFF, 0xFF, 0xFF, 0x00, 0x00, 
0x00, 0x00, 0x00, 0x00, 0x00, 0x00, 0x00, 0xFF, 0xFF, 0xFF, 0x00, 0x00, 0x00, 0x00, 0x00, 0x00, 
0xFF, 0xFF, 0xFF, 0x00, 0x00, 0x00, 0x00, 0x00, 0x00, 0x00, 0x00, 0x00, 0xFF, 0xFF, 0xFF, 0x00, 
0x00, 0x00, 0x00, 0x00, 0x00, 0xFF, 0xFF, 0xFF, 0x02, 0x00, 0x00, 0x00, 0x00, 0x00, 0x00, 0x00, 
0x00, 0xFF, 0xFF, 0xFF, 0x00, 0x00, 0x00, 0x00, 0x00, 0x00, 0xFA, 0xFF, 0xFF, 0x0C, 0x00, 0x00, 
0x00, 0x00, 0x00, 0x00, 0x00, 0x00, 0xFF, 0xFF, 0xFF, 0x00, 0x00, 0x00, 0x00, 0x00, 0x00, 0xEE, 
0xFF, 0xFF, 0x26, 0x00, 0x00, 0x00, 0x00, 0x00, 0x00, 0x00, 0x00, 0xFF, 0xFF, 0xFF, 0x00, 0x00, 
0x00, 0x00, 0x00, 0x00, 0xD5, 0xFF, 0xFF, 0x76, 0x00, 0x00, 0x00, 0x00, 0x00, 0x00, 0x00, 0x00, 
0xFF, 0xFF, 0xFF, 0x00, 0x00, 0x00, 0x00, 0x00, 0x00, 0x8B, 0xFF, 0xFF, 0xF8, 0x70, 0x18, 0x06, 
0x1B, 0x33, 0x5E, 0x9E, 0xDF, 0xFF, 0xFF, 0xFF, 0x00, 0x00, 0x00, 0x00, 0x00, 0x00, 0x0F, 0xC6, 
0xFF, 0xFF, 0xFF, 0xFF, 0xFF, 0xFF, 0xFF, 0xF9, 0xA7, 0x37, 0xFF, 0xFF, 0xFF, 0x00, 0x00, 0x00, 
0x00, 0x00, 0x00, 0x00, 0x08, 0x6C, 0xCB, 0xEE, 0xF7, 0xDD, 0xA7, 0x62, 0x10, 0x00, 0x00, 0xFF, 
0xFF, 0xFF, 0x00, 0x00, 0x00, 0x00, 0x00, 0x00, 0x00, 0x00, 0x00, 0x00, 0x00, 0x00, 0x00, 0x00, 
0x00, 0x00, 0x00, 0x00, 0xFF, 0xFF, 0xFF, 0x00, 0x00, 0x00, 0x00, 0x00, 0x00, 0x00, 0x00, 0x00, 
0x00, 0x00, 0x00, 0x00, 0x00, 0x00, 0x00, 0x00, 0x00, 0xFF, 0xFF, 0xFF, 0x00, 0x00, 0x00, 0x00, 
0x00, 0x00, 0x00, 0x00, 0x00, 0x00, 0x00, 0x00, 0x00, 0x00, 0x00, 0x00, 0x00, 0x00, 0xFF, 0xFF, 
0xFF, 0x00, 0x00, 0x00, 0x00, 0x00, 0x00, 0x00, 0x00, 0x00, 0x00, 0x00, 0x00, 0x00, 0x00, 0x00, 
0x00, 0x00, 0x00, 0xFF, 0xFF, 0xFF, 0x00, 0x00, 0x00, 0x00, 0x00, 0x00, 0x00, 0x00, 0x00, 0x00, 
0x00, 0x00, 0x00, 0x00, 0x00, 0x00, 0x00, 0x00, 0xFF, 0xFF, 0xFF, 0x00, 0x00, 0x00, 0x00, 0x00, 
0x00, 0x00, 0x00, 0x00, 0x00, 0x00, 0x00, 0x00, 0x00, 0x00, 0x00, 0x00, 0x03, 0xFF, 0xFF, 0xFF, 
0x03, 0x00, 0x00, 0x00, 0x00, 0x00, 0x00, 0x00, 0x00, 0x00, 0x00, 0x00, 0x00, 0x00, 0x00, 0x00, 
0x00, 0x18, 0xFF, 0xFF, 0xFF, 0x19, 0x00, 0x00, 0x00, 0x00, 0x00, 0x00, 0x00, 0x00, 0x00, 0x00, 
0x00, 0x00, 0x00, 0x00, 0x08, 0x27, 0xA5, 0xFF, 0xFF, 0xFF, 0xA8, 0x2B, 0x09, 0x00, 0x00, 0x00, 
0x00, 0x00, 0x00, 0x00, 0x00, 0x00, 0x00, 0x00, 0x00, 0xFF, 0xFF, 0xFF, 0xFF, 0xFF, 0xFF, 0xFF, 
0xFF, 0xFF, 0xFF, 0xFF, 0xFF, 0xFF, 0xFF, 0xFF, 0xFF, 0xFF, 0xFF, 0x00, 0x00, 0x00, 0xFF, 0xFF, 
0xFF, 0xFF, 0xFF, 0xFF, 0xFF, 0xFF, 0xFF, 0x00, 0x00, 0x00, 0x00, 0xFF, 0xFF, 0xFF, 0xFF, 0xFF, 
0xFF, 0xFF, 0xFF, 0xFF, 0x0A, 0x33, 0xB6, 0xFF, 0xFF, 0xFF, 0xBF, 0x3D, 0x0E, 0x00, 0x00, 0x00, 
0x0E, 0x3E, 0xC1, 0xFF, 0xFF, 0xFF, 0xC1, 0x3E, 0x0E, 0x00, 0x00, 0x00, 0x00, 0x0E, 0x3E, 0xC1, 
0xFF, 0xFF, 0xFF, 0xB7, 0x31, 0x0A, 0x00, 0x00, 0x27, 0xFF, 0xFF, 0xFF, 0x29, 0x00, 0x00, 0x00, 
0x00, 0x00, 0x00, 0x00, 0x2B, 0xFF, 0xFF, 0xFF, 0x2A, 0x00, 0x00, 0x00, 0x00, 0x00, 0x00, 0x00, 
0x00, 0x2B, 0xFF, 0xFF, 0xFF, 0x21, 0x00, 0x00, 0x00, 0x00, 0x05, 0xFF, 0xFF, 0xFF, 0x05, 0x00, 
0x00, 0x00, 0x00, 0x00, 0x00, 0x00, 0x06, 0xFF, 0xFF, 0xFF, 0x05, 0x00, 0x00, 0x00, 0x00, 0x00, 
0x00, 0x00, 0x00, 0x06, 0xFF, 0xFF, 0xFF, 0x05, 0x00, 0x00, 0x00, 0x00, 0x00, 0xFF, 0xFF, 0xFF, 
0x00, 0x00, 0x00, 0x00, 0x00, 0x00, 0x00, 0x00, 0x00, 0xFF, 0xFF, 0xFF, 0x00, 0x00, 0x00, 0x00, 
0x00, 0x00, 0x00, 0x00, 0x00, 0x00, 0xFF, 0xFF, 0xFF, 0x00, 0x00, 0x00, 0x00, 0x00, 0x00, 0xFF, 
0xFF, 0xFF, 0x00, 0x00, 0x00, 0x00, 0x00, 0x00, 0x00, 0x00, 0x00, 0xFF, 0xFF, 0xFF, 0x00, 0x00, 
0x00, 0x00, 0x00, 0x00, 0x00, 0x00, 0x00, 0x00, 0xFF, 0xFF, 0xFF, 0x00, 0x00, 0x00, 0x00, 0x00, 
0x00, 0xFF, 0xFF, 0xFF, 0x00, 0x00, 0x00, 0x00, 0x00, 0x00, 0x00, 0x00, 0x00, 0xFF, 0xFF, 0xFF, 
0x00, 0x00, 0x00, 0x00, 0x00, 0x00, 0x00, 0x00, 0x00, 0x00, 0xFF, 0xFF, 0xFF, 0x00, 0x00, 0x00, 
0x00, 0x00, 0x00, 0xFF, 0xFF, 0xFF, 0x00, 0x00, 0x00, 0x00, 0x00, 0x00, 0x00, 0x00, 0x00, 0xFF, 
0xFF, 0xFF, 0x00, 0x00, 0x00, 0x00, 0x00, 0x00, 0x00, 0x00, 0x00, 0x00, 0xFF, 0xFF, 0xFF, 0x00, 
0x00, 0x00, 0x00, 0x00, 0x00, 0xFF, 0xFF, 0xFF, 0x00, 0x00, 0x00, 0x00, 0x00, 0x00, 0x00, 0x00, 
0x00, 0xFF, 0xFF, 0xFF, 0x00, 0x00, 0x00, 0x00, 0x00, 0x00, 0x00, 0x00, 0x00, 0x00, 0xFF, 0xFF, 
0xFF, 0x00, 0x00, 0x00, 0x00, 0x00, 0x00, 0xFF, 0xFF, 0xFF, 0x00, 0x00, 0x00, 0x00, 0x00, 0x00, 
0x00, 0x00, 0x00, 0xFF, 0xFF, 0xFF, 0x00, 0x00, 0x00, 0x00, 0x00, 0x00, 0x00, 0x00, 0x00, 0x00, 
0xFF, 0xFF, 0xFF, 0x00, 0x00, 0x00, 0x00, 0x00, 0x00, 0xFF, 0xFF, 0xFF, 0x00, 0x00, 0x00, 0x00, 
0x00, 0x00, 0x00, 0x00, 0x00, 0xFF, 0xFF, 0xFF, 0x00, 0x00, 0x00, 0x00, 0x00, 0x00, 0x00, 0x00, 
0x00, 0x00, 0xFF, 0xFF, 0xFF, 0x00, 0x00, 0x00, 0x00, 0x00, 0x00, 0xFF, 0xFF, 0xFF, 0x00, 0x00, 
0x00, 0x00, 0x00, 0x00, 0x00, 0x00, 0x00, 0xFF, 0xFF, 0xFF, 0x00, 0x00, 0x00, 0x00, 0x00, 0x00, 
0x00, 0x00, 0x00, 0x00, 0xFF, 0xFF, 0xFF, 0x00, 0x00, 0x00, 0x00, 0x00, 0x00, 0xFF, 0xFF, 0xFF, 
0x00, 0x00, 0x00, 0x00, 0x00, 0x00, 0x00, 0x00, 0x00, 0xFF, 0xFF, 0xFF, 0x00, 0x00, 0x00, 0x00, 
0x00, 0x00, 0x00, 0x00, 0x00, 0x00, 0xFF, 0xFF, 0xFF, 0x00, 0x00, 0x00, 0x00, 0x00, 0x00, 0xFF, 
0xFF, 0xFF, 0x00, 0x00, 0x00, 0x00, 0x00, 0x00, 0x00, 0x00, 0x00, 0xFF, 0xFF, 0xFF, 0x00, 0x00, 
0x00, 0x00, 0x00, 0x00, 0x00, 0x00, 0x00, 0x00, 0xFF, 0xFF, 0xFF, 0x00, 0x00, 0x00, 0x00, 0x00, 
0x00, 0xFF, 0xFF, 0xFF, 0x00, 0x00, 0x00, 0x00, 0x00, 0x00, 0x00, 0x00, 0x00, 0xFF, 0xFF, 0xFF, 
0x00, 0x00, 0x00, 0x00, 0x00, 0x00, 0x00, 0x00, 0x00, 0x00, 0xFF, 0xFF, 0xFF, 0x00, 0x00, 0x00, 
0x00, 0x00, 0x00, 0xFF, 0xFF, 0xFF, 0x00, 0x00, 0x00, 0x00, 0x00, 0x00, 0x00, 0x00, 0x00, 0xFF, 
0xFF, 0xFF, 0x00, 0x00, 0x00, 0x00, 0x00, 0x00, 0x00, 0x00, 0x00, 0x00, 0xFF, 0xFF, 0xFF, 0x00, 
0x00, 0x00, 0x00, 0x00, 0x00, 0xFF, 0xFF, 0xFF, 0x00, 0x00, 0x00, 0x00, 0x00, 0x00, 0x00, 0x00, 
0x00, 0xFF, 0xFF, 0xFF, 0x00, 0x00, 0x00, 0x00, 0x00, 0x00, 0x00, 0x00, 0x00, 0x00, 0xFF, 0xFF, 
0xFF, 0x00, 0x00, 0x00, 0x00, 0x00, 0x00, 0xFF, 0xFF, 0xFF, 0x00, 0x00, 0x00, 0x00, 0x00, 0x00, 
0x00, 0x00, 0x00, 0xFF, 0xFF, 0xFF, 0x00, 0x00, 0x00, 0x00, 0x00, 0x00, 0x00, 0x00, 0x00, 0x00, 
0xFF, 0xFF, 0xFF, 0x00, 0x00, 0x00, 0x00, 0x00, 0x00, 0xFF, 0xFF, 0xFF, 0x00, 0x00, 0x00, 0x00, 
0x00, 0x00, 0x00, 0x00, 0x00, 0xFF, 0xFF, 0xFF, 0x00, 0x00, 0x00, 0x00, 0x00, 0x00, 0x00, 0x00, 
0x00, 0x00, 0xFF, 0xFF, 0xFF, 0x00, 0x00, 0x00, 0x00, 0x00, 0x00, 0xFF, 0xFF, 0xFF, 0x00, 0x00, 
0x00, 0x00, 0x00, 0x00, 0x00, 0x00, 0x00, 0xFF, 0xFF, 0xFF, 0x00, 0x00, 0x00, 0x00, 0x00, 0x00, 
0x00, 0x00, 0x00, 0x00, 0xFF, 0xFF, 0xFF, 0x00, 0x00, 0x00, 0x00, 0x00, 0x05, 0xFF, 0xFF, 0xFF, 
0x01, 0x00, 0x00, 0x00, 0x00, 0x00, 0x00, 0x00, 0x03, 0xFF, 0xFF, 0xFF, 0x02, 0x00, 0x00, 0x00, 
0x00, 0x00, 0x00, 0x00, 0x00, 0x01, 0xFF, 0xFF, 0xFF, 0x01, 0x00, 0x00, 0x00, 0x00, 0x23, 0xFF, 
0xFF, 0xFF, 0x0B, 0x00, 0x00, 0x00, 0x00, 0x00, 0x00, 0x00, 0x0E, 0xFF, 0xFF, 0xFF, 0x11, 0x00, 
0x00, 0x00, 0x00, 0x00, 0x00, 0x00, 0x00, 0x07, 0xFF, 0xFF, 0xFF, 0x15, 0x00, 0x00, 0x0D, 0x34, 
0xB2, 0xFF, 0xFF, 0xFF, 0x55, 0x04, 0x00, 0x00, 0x00, 0x00, 0x00, 0x07, 0x54, 0xFF, 0xFF, 0xFF, 
0x66, 0x0F, 0x02, 0x00, 0x00, 0x00, 0x00, 0x00, 0x05, 0x4B, 0xFF, 0xFF, 0xFF, 0xA6, 0x21, 0x05, 
0xFF, 0xFF, 0xFF, 0xFF, 0xFF, 0xFF, 0xFF, 0xFF, 0xFF, 0xFF, 0xFF, 0xFF, 0xFF, 0xFF, 0xFF, 0xFF, 
0xFF, 0xFF, 0xFF, 0xFF, 0xFF, 0xFF, 0xFF, 0xFF, 0xFF, 0xFF, 0xFF, 0xFF, 0xFF, 0xFF, 0xFF, 0xFF, 
0xFF, 0xFF, 0xFF, 0xFF, 0xFF, 0xFF, 0xFF, 0xFF, 0xFF, 0xFF, 0xFF, 0x00, 0x00, 0x00, 0xFF, 0xFF, 
0xFF, 0xFF, 0xFF, 0xFF, 0xFF, 0xFF, 0xFF, 0x00, 0x00, 0x00, 0x00, 0xFF, 0xFF, 0xFF, 0xFF, 0xFF, 
0xFF, 0xFF, 0xFF, 0xFF, 0x0A, 0x33, 0xB6, 0xFF, 0xFF, 0xFF, 0xBF, 0x3D, 0x0E, 0x00, 0x00, 0x00, 
0x0E, 0x3E, 0xC1, 0xFF, 0xFF, 0xFF, 0xC1, 0x3E, 0x0E, 0x00, 0x00, 0x00, 0x00, 0x0E, 0x3E, 0xC1, 
0xFF, 0xFF, 0xFF, 0xB7, 0x31, 0x0A, 0x00, 0x00, 0x27, 0xFF, 0xFF, 0xFF, 0x29, 0x00, 0x00, 0x00, 
0x00, 0x00, 0x00, 0x00, 0x2B, 0xFF, 0xFF, 0xFF, 0x2A, 0x00, 0x00, 0x00, 0x00, 0x00, 0x00, 0x00, 
0x00, 0x2B, 0xFF, 0xFF, 0xFF, 0x21, 0x00, 0x00, 0x00, 0x00, 0x05, 0xFF, 0xFF, 0xFF, 0x05, 0x00, 
0x00, 0x00, 0x00, 0x00, 0x00, 0x00, 0x06, 0xFF, 0xFF, 0xFF, 0x05, 0x00, 0x00, 0x00, 0x00, 0x00, 
0x00, 0x00, 0x00, 0x06, 0xFF, 0xFF, 0xFF, 0x05, 0x00, 0x00, 0x00, 0x00, 0x00, 0xFF, 0xFF, 0xFF, 
0x00, 0x00, 0x00, 0x00, 0x00, 0x00, 0x00, 0x00, 0x00, 0xFF, 0xFF, 0xFF, 0x00, 0x00, 0x00, 0x00, 
0x00, 0x00, 0x00, 0x00, 0x00, 0x00, 0xFF, 0xFF, 0xFF, 0x00, 0x00, 0x00, 0x00, 0x00, 0x00, 0xFF, 
0xFF, 0xFF, 0x00, 0x00, 0x00, 0x00, 0x00, 0x00, 0x00, 0x00, 0x00, 0xFF, 0xFF, 0xFF, 0x00, 0x00, 
0x00, 0x00, 0x00, 0x00, 0x00, 0x00, 0x00, 0x00, 0xFF, 0xFF, 0xFF, 0x00, 0x00, 0x00, 0x00, 0x00, 
0x00, 0xFF, 0xFF, 0xFF, 0x00, 0x00, 0x00, 0x00, 0x00, 0x00, 0x00, 0x00, 0x00, 0xFF, 0xFF, 0xFF, 
0x00, 0x00, 0x00, 0x00, 0x00, 0x00, 0x00, 0x00, 0x00, 0x00, 0xFF, 0xFF, 0xFF, 0x00, 0x00, 0x00, 
0x00, 0x00, 0x00, 0xFF, 0xFF, 0xFF, 0x00, 0x00, 0x00, 0x00, 0x00, 0x00, 0x00, 0x00, 0x00, 0xFF, 
0xFF, 0xFF, 0x00, 0x00, 0x00, 0x00, 0x00, 0x00, 0x00, 0x00, 0x00, 0x00, 0xFF, 0xFF, 0xFF, 0x00, 
0x00, 0x00, 0x00, 0x00, 0x00, 0xFF, 0xFF, 0xFF, 0x00, 0x00, 0x00, 0x00, 0x00, 0x00, 0x00, 0x00, 
0x00, 0xFF, 0xFF, 0xFF, 0x00, 0x00, 0x00, 0x00, 0x00, 0x00, 0x00, 0x00, 0x00, 0x00, 0xFF, 0xFF, 
0xFF, 0x00, 0x00, 0x00, 0x00, 0x00, 0x00, 0xFF, 0xFF, 0xFF, 0x00, 0x00, 0x00, 0x00, 0x00, 0x00, 
0x00, 0x00, 0x00, 0xFF, 0xFF, 0xFF, 0x00, 0x00, 0x00, 0x00, 0x00, 0x00, 0x00, 0x00, 0x00, 0x00, 
0xFF, 0xFF, 0xFF, 0x00, 0x00, 0x00, 0x00, 0x00, 0x00, 0xFF, 0xFF, 0xFF, 0x00, 0x00, 0x00, 0x00, 
0x00, 0x00, 0x00, 0x00, 0x00, 0xFF, 0xFF, 0xFF, 0x00, 0x00, 0x00, 0x00, 0x00, 0x00, 0x00, 0x00, 
0x00, 0x00, 0xFF, 0xFF, 0xFF, 0x00, 0x00, 0x00, 0x00, 0x00, 0x00, 0xFF, 0xFF, 0xFF, 0x00, 0x00, 
0x00, 0x00, 0x00, 0x00, 0x00, 0x00, 0x00, 0xFF, 0xFF, 0xFF, 0x00, 0x00, 0x00, 0x00, 0x00, 0x00, 
0x00, 0x00, 0x00, 0x00, 0xFF, 0xFF, 0xFF, 0x00, 0x00, 0x00, 0x00, 0x00, 0x00, 0xFF, 0xFF, 0xFF, 
0x00, 0x00, 0x00, 0x00, 0x00, 0x00, 0x00, 0x00, 0x00, 0xFF, 0xFF, 0xFF, 0x00, 0x00, 0x00, 0x00, 
0x00, 0x00, 0x00, 0x00, 0x00, 0x00, 0xFF, 0xFF, 0xFF, 0x00, 0x00, 0x00, 0x00, 0x00, 0x00, 0xFF, 
0xFF, 0xFF, 0x00, 0x00, 0x00, 0x00, 0x00, 0x00, 0x00, 0x00, 0x00, 0xFF, 0xFF, 0xFF, 0x00, 0x00, 
0x00, 0x00, 0x00, 0x00, 0x00, 0x00, 0x00, 0x00, 0xFF, 0xFF, 0xFF, 0x00, 0x00, 0x00, 0x00, 0x00, 
0x00, 0xFF, 0xFF, 0xFF, 0x00, 0x00, 0x00, 0x00, 0x00, 0x00, 0x00, 0x00, 0x00, 0xFF, 0xFF, 0xFF, 
0x00, 0x00, 0x00, 0x00, 0x00, 0x00, 0x00, 0x00, 0x00, 0x00, 0xFF, 0xFF, 0xFF, 0x00, 0x00, 0x00, 
0x00, 0x00, 0x00, 0xFF, 0xFF, 0xFF, 0x00, 0x00, 0x00, 0x00, 0x00, 0x00, 0x00, 0x00, 0x00, 0xFF, 
0xFF, 0xFF, 0x00, 0x00, 0x00, 0x00, 0x00, 0x00, 0x00, 0x00, 0x00, 0x00, 0xFF, 0xFF, 0xFF, 0x00, 
0x00, 0x00, 0x00, 0x00, 0x00, 0xFF, 0xFF, 0xFF, 0x00, 0x00, 0x00, 0x00, 0x00, 0x00, 0x00, 0x00, 
0x00, 0xFF, 0xFF, 0xFF, 0x00, 0x00, 0x00, 0x00, 0x00, 0x00, 0x00, 0x00, 0x00, 0x00, 0xFF, 0xFF, 
0xFF, 0x00, 0x00, 0x00, 0x00, 0x00, 0x00, 0xFF, 0xFF, 0xFF, 0x00, 0x00, 0x00, 0x00, 0x00, 0x00, 
0x00, 0x00, 0x00, 0xFF, 0xFF, 0xFF, 0x00, 0x00, 0x00, 0x00, 0x00, 0x00, 0x00, 0x00, 0x00, 0x00, 
0xFF, 0xFF, 0xFF, 0x00, 0x00, 0x00, 0x00, 0x00, 0x00, 0xFF, 0xFF, 0xFF, 0x00, 0x00, 0x00, 0x00, 
0x00, 0x00, 0x00, 0x00, 0x00, 0xFF, 0xFF, 0xFF, 0x00, 0x00, 0x00, 0x00, 0x00, 0x00, 0x00, 0x00, 
0x00, 0x00, 0xFF, 0xFF, 0xFF, 0x00, 0x00, 0x00, 0x00, 0x00, 0x00, 0xFF, 0xFF, 0xFF, 0x00, 0x00, 
0x00, 0x00, 0x00, 0x00, 0x00, 0x00, 0x00, 0xFF, 0xFF, 0xFF, 0x00, 0x00, 0x00, 0x00, 0x00, 0x00, 
0x00, 0x00, 0x00, 0x00, 0xFF, 0xFF, 0xFF, 0x00, 0x00, 0x00, 0x00, 0x00, 0x05, 0xFF, 0xFF, 0xFF, 
0x01, 0x00, 0x00, 0x00, 0x00, 0x00, 0x00, 0x00, 0x03, 0xFF, 0xFF, 0xFF, 0x02, 0x00, 0x00, 0x00, 
0x00, 0x00, 0x00, 0x00, 0x00, 0x01, 0xFF, 0xFF, 0xFF, 0x04, 0x00, 0x00, 0x00, 0x00, 0x23, 0xFF, 
0xFF, 0xFF, 0x0B, 0x00, 0x00, 0x00, 0x00, 0x00, 0x00, 0x00, 0x0E, 0xFF, 0xFF, 0xFF, 0x11, 0x00, 
0x00, 0x00, 0x00, 0x00, 0x00, 0x00, 0x00, 0x07, 0xFF, 0xFF, 0xFF, 0x16, 0x00, 0x00, 0x0D, 0x34, 
0xB2, 0xFF, 0xFF, 0xFF, 0x55, 0x04, 0x00, 0x00, 0x00, 0x00, 0x00, 0x07, 0x54, 0xFF, 0xFF, 0xFF, 
0x66, 0x0F, 0x02, 0x00, 0x00, 0x00, 0x00, 0x00, 0x05, 0x4B, 0xFF, 0xFF, 0xFF, 0x85, 0x00, 0x00, 
0xFF, 0xFF, 0xFF, 0xFF, 0xFF, 0xFF, 0xFF, 0xFF, 0xFF, 0xFF, 0xFF, 0xFF, 0xFF, 0xFF, 0xFF, 0xFF, 
0xFF, 0xFF, 0xFF, 0xFF, 0xFF, 0xFF, 0xFF, 0xFF, 0xFF, 0xFF, 0xFF, 0xFF, 0xFF, 0xFF, 0xFF, 0xFF, 
0xDA, 0xB5, 0x00, 0x00, 0x00, 0x00, 0x00, 0x00, 0x00, 0x00, 0x00, 0x00, 0x00, 0x00, 0x00, 0x00, 
0x00, 0x00, 0x00, 0x00, 0x00, 0x00, 0x00, 0x00, 0x00, 0x00, 0x01, 0x09, 0x1D, 0x44, 0x8B, 0xF3, 
0xFF, 0xFF, 0xFF, 0xFF, 0x00, 0x00, 0x00, 0x00, 0x00, 0x00, 0x00, 0x00, 0x00, 0x00, 0x00, 0x00, 
0x00, 0x00, 0x00, 0x00, 0x00, 0x00, 0x00, 0x00, 0x00, 0x00, 0x00, 0x00, 0x00, 0x00, 0x00, 0x00, 
0x00, 0x18, 0xC9, 0xFF, 0xFF, 0xFF, 0x00, 0x00, 0x00, 0x00, 0x00, 0x00, 0x00, 0x00, 0x00, 0x00, 
0x00, 0x00, 0x00, 0x00, 0x00, 0x00, 0x00, 0x00, 0x00, 0x00, 0x00, 0x00, 0x00, 0x00, 0x00, 0x00, 
0x00, 0x00, 0x00, 0x00, 0x11, 0xD7, 0xFF, 0xFF, 0x00, 0x00, 0x00, 0x00, 0x00, 0x00, 0x00, 0x00, 
0x00, 0x00, 0x00, 0x00, 0x00, 0x00, 0x00, 0x00, 0x00, 0x00, 0x00, 0x00, 0x00, 0x00, 0x00, 0x00, 
0x00, 0x00, 0x00, 0x00, 0x00, 0x00, 0x00, 0x40, 0xFF, 0xFF, 0x00, 0x00, 0x00, 0x00, 0x00, 0x00, 
0x00, 0x00, 0x00, 0x00, 0x00, 0x00, 0x00, 0x00, 0x00, 0x00, 0x00, 0x00, 0x00, 0x00, 0x00, 0x00, 
0x00, 0x00, 0x00, 0x00, 0x00, 0x00, 0x00, 0x00, 0x00, 0x00, 0xC9, 0xFF, 0x00, 0x00, 0x00, 0x00, 
0x00, 0x00, 0x00, 0x00, 0x00, 0x00, 0x00, 0x00, 0x00, 0x00, 0x00, 0x00, 0x00, 0x00, 0x00, 0x00, 
0x00, 0x00, 0x00, 0x00, 0x00, 0x00, 0x00, 0x00, 0x00, 0x00, 0x00, 0x00, 0x6D, 0xFF, 0x00, 0x00, 
0x00, 0x00, 0x00, 0x00, 0x00, 0x00, 0x00, 0x00, 0x00, 0x00, 0x00, 0x00, 0x00, 0x00, 0x00, 0x00, 
0x00, 0x00, 0x00, 0x00, 0x00, 0x00, 0x00, 0x00, 0x00, 0x00, 0x00, 0x00, 0x00, 0x00, 0x23, 0xFF, 
0xAA, 0xFF, 0xFF, 0xFF, 0xFF, 0xFF, 0xFF, 0xFF, 0xFF, 0xFF, 0xFF, 0xFF, 0xFF, 0xFF, 0x00, 0x00, 
0x00, 0x00, 0x00, 0x00, 0x00, 0x00, 0x00, 0xBD, 0xFF, 0xB1, 0x3C, 0x15, 0x05, 0x00, 0x00, 0xFF, 
0xFF, 0xFF, 0xAC, 0x2D, 0x09, 0x00, 0x00, 0x00, 0x00, 0x00, 0x00, 0x00, 0x00, 0x00, 0xD0, 0xB4, 
0x01, 0x00, 0x00, 0x00, 0x00, 0x00, 0xFF, 0xFF, 0xFF, 0x23, 0x00, 0x00, 0x00, 0x00, 0x00, 0x00, 
0x00, 0x00, 0x00, 0x00, 0x00, 0xE3, 0x44, 0x00, 0x00, 0x00, 0x00, 0x00, 0x00, 0xFF, 0xFF, 0xFF, 
0x04, 0x00, 0x00, 0x00, 0x00, 0x00, 0x00, 0x00, 0x00, 0x00, 0x00, 0x00, 0xF6, 0x10, 0x00, 0x00, 
0x00, 0x00, 0x00, 0x00, 0xFF, 0xFF, 0xFF, 0x00, 0x00, 0x00, 0x00, 0x00, 0x00, 0x00, 0x00, 0x00, 
0x00, 0x00, 0x00, 0x00, 0x00, 0x00, 0x00, 0x00, 0x00, 0x00, 0x00, 0xFF, 0xFF, 0xFF, 0x00, 0x00, 
0x00, 0x00, 0x00, 0x00, 0x00, 0x00, 0x00, 0x00, 0x00, 0x00, 0x00, 0x00, 0x00, 0x00, 0x00, 0x00, 
0x00, 0x00, 0xFF, 0xFF, 0xFF, 0x00, 0x00, 0x00, 0x00, 0x00, 0x00, 0x00, 0x00, 0x00, 0x00, 0x00, 
0x00, 0x00, 0x00, 0x00, 0x00, 0x00, 0x00, 0x00, 0x00, 0xFF, 0xFF, 0xFF, 0x00, 0x00, 0x00, 0x00, 
0x00, 0x00, 0x00, 0x00, 0x00, 0x00, 0x00, 0x00, 0x00, 0x00, 0x00, 0x00, 0x00, 0x00, 0x00, 0x00, 
0xFF, 0xFF, 0xFF, 0x00, 0x00, 0x00, 0x00, 0x00, 0x00, 0x00, 0x00, 0x00, 0x00, 0x00, 0x00, 0x00, 
0x00, 0x00, 0x00, 0x00, 0x00, 0x00, 0x00, 0xFF, 0xFF, 0xFF, 0x00, 0x00, 0x00, 0x00, 0x00, 0x00, 
0x00, 0x00, 0x00, 0x00, 0x00, 0x00, 0x00, 0x00, 0x00, 0x00, 0x00, 0x00, 0x00, 0x00, 0xFF, 0xFF, 
0xFF, 0x00, 0x00, 0x00, 0x00, 0x00, 0x00, 0x00, 0x00, 0x00, 0x00, 0x00, 0x00, 0x00, 0x00, 0x00, 
0x00, 0x00, 0x00, 0x00, 0x00, 0xFF, 0xFF, 0xFF, 0xFF, 0xFD, 0xF8, 0xEE, 0xDF, 0xC5, 0xA0, 0x64, 
0x12, 0x00, 0x00, 0x00, 0x00, 0x00, 0x00, 0x00, 0x00, 0x00, 0x00, 0x00, 0xFF, 0xFF, 0xFF, 0x1A, 
0x06, 0x0B, 0x21, 0x51, 0xA0, 0xF8, 0xFF, 0xF2, 0x70, 0x00, 0x00, 0x00, 0x00, 0x00, 0x00, 0x00, 
0x00, 0x00, 0x00, 0xFF, 0xFF, 0xFF, 0x00, 0x00, 0x00, 0x00, 0x00, 0x00, 0x1E, 0xC2, 0xFF, 0xFF, 
0x89, 0x00, 0x00, 0x00, 0x00, 0x00, 0x00, 0x00, 0x00, 0x00, 0xFF, 0xFF, 0xFF, 0x00, 0x00, 0x00, 
0x00, 0x00, 0x00, 0x00, 0x08, 0xD3, 0xFF, 0xFF, 0x41, 0x00, 0x00, 0x00, 0x00, 0x00, 0x00, 0x00, 
0x00, 0xFF, 0xFF, 0xFF, 0x00, 0x00, 0x00, 0x00, 0x00, 0x00, 0x00, 0x00, 0x56, 0xFF, 0xFF, 0xB1, 
0x00, 0x00, 0x00, 0x00, 0x00, 0x00, 0x00, 0x00, 0xFF, 0xFF, 0xFF, 0x00, 0x00, 0x00, 0x00, 0x00, 
0x00, 0x00, 0x00, 0x17, 0xFF, 0xFF, 0xEB, 0x00, 0x00, 0x00, 0x00, 0x00, 0x00, 0x00, 0x00, 0xFF, 
0xFF, 0xFF, 0x00, 0x00, 0x00, 0x00, 0x00, 0x00, 0x00, 0x00, 0x07, 0xFF, 0xFF, 0xF9, 0x00, 0x00, 
0x00, 0x00, 0x00, 0x00, 0x00, 0x00, 0xFF, 0xFF, 0xFF, 0x00, 0x00, 0x00, 0x00, 0x00, 0x00, 0x00, 
0x00, 0x21, 0xFF, 0xFF, 0xE1, 0x00, 0x00, 0x00, 0x00, 0x00, 0x00, 0x00, 0x00, 0xFF, 0xFF, 0xFF, 
0x00, 0x00, 0x00, 0x00, 0x00, 0x00, 0x00, 0x00, 0x6C, 0xFF, 0xFF, 0xA1, 0x00, 0x00, 0x00, 0x00, 
0x00, 0x00, 0x00, 0x05, 0xFF, 0xFF, 0xFF, 0x00, 0x00, 0x00, 0x00, 0x00, 0x00, 0x00, 0x16, 0xE8, 
0xFF, 0xFE, 0x31, 0x00, 0x00, 0x00, 0x00, 0x00, 0x00, 0x00, 0x24, 0xFF, 0xFF, 0xFF, 0x00, 0x00, 
0x00, 0x00, 0x00, 0x00, 0x28, 0xD6, 0xFF, 0xFF, 0x84, 0x00, 0x00, 0x00, 0x00, 0x00, 0x00, 0x08, 
0x2C, 0xAC, 0xFF, 0xFF, 0xFF, 0x2F, 0x11, 0x04, 0x10, 0x40, 0x98, 0xF8, 0xFF, 0xFC, 0x7E, 0x01, 
0x00, 0x00, 0x00, 0x00, 0x00, 0x00, 0xFF, 0xFF, 0xFF, 0xFF, 0xFF, 0xFF, 0xFF, 0xFF, 0xFF, 0xFF, 
0xF4, 0xE4, 0xBA, 0x7F, 0x1D, 0x00, 0x00, 0x00, 0xFF, 0xFF, 0xFF, 0xFF, 0xFF, 0xFF, 0xFF, 0xFF, 
0xFF, 0x00, 0x00, 0x00, 0x00, 0x00, 0x00, 0x00, 0x00, 0x00, 0x00, 0xFF, 0xFF, 0xFF, 0xFF, 0xFF, 
0xFF, 0xFF, 0xFF, 0xFF, 0x09, 0x2E, 0xAF, 0xFF, 0xFF, 0xFF, 0xAC, 0x2D, 0x09, 0x00, 0x00, 0x00, 
0x00, 0x00, 0x00, 0x00, 0x00, 0x00, 0x00, 0x03, 0x25, 0xB9, 0xFF, 0xFF, 0xFF, 0xA9, 0x20, 0x02, 
0x00, 0x00, 0x25, 0xFF, 0xFF, 0xFF, 0x23, 0x00, 0x00, 0x00, 0x00, 0x00, 0x00, 0x00, 0x00, 0x00, 
0x00, 0x00, 0x00, 0x00, 0x00, 0x29, 0xFF, 0xFF, 0xFF, 0x1D, 0x00, 0x00, 0x00, 0x00, 0x05, 0xFF, 
0xFF, 0xFF, 0x04, 0x00, 0x00, 0x00, 0x00, 0x00, 0x00, 0x00, 0x00, 0x00, 0x00, 0x00, 0x00, 0x00, 
0x00, 0x08, 0xFF, 0xFF, 0xFF, 0x05, 0x00, 0x00, 0x00, 0x00, 0x00, 0xFF, 0xFF, 0xFF, 0x00, 0x00, 
0x00, 0x00, 0x00, 0x00, 0x00, 0x00, 0x00, 0x00, 0x00, 0x00, 0x00, 0x00, 0x00, 0x00, 0xFF, 0xFF, 
0xFF, 0x00, 0x00, 0x00, 0x00, 0x00, 0x00, 0xFF, 0xFF, 0xFF, 0x00, 0x00, 0x00, 0x00, 0x00, 0x00, 
0x00, 0x00, 0x00, 0x00, 0x00, 0x00, 0x00, 0x00, 0x00, 0x00, 0xFF, 0xFF, 0xFF, 0x00, 0x00, 0x00, 
0x00, 0x00, 0x00, 0xFF, 0xFF, 0xFF, 0x00, 0x00, 0x00, 0x00, 0x00, 0x00, 0x00, 0x00, 0x00, 0x00, 
0x00, 0x00, 0x00, 0x00, 0x00, 0x00, 0xFF, 0xFF, 0xFF, 0x00, 0x00, 0x00, 0x00, 0x00, 0x00, 0xFF, 
0xFF, 0xFF, 0x00, 0x00, 0x00, 0x00, 0x00, 0x00, 0x00, 0x00, 0x00, 0x00, 0x00, 0x00, 0x00, 0x00, 
0x00, 0x00, 0xFF, 0xFF, 0xFF, 0x00, 0x00, 0x00, 0x00, 0x00, 0x00, 0xFF, 0xFF, 0xFF, 0x00, 0x00, 
0x00, 0x00, 0x00, 0x00, 0x00, 0x00, 0x00, 0x00, 0x00, 0x00, 0x00, 0x00, 0x00, 0x00, 0xFF, 0xFF, 
0xFF, 0x00, 0x00, 0x00, 0x00, 0x00, 0x00, 0xFF, 0xFF, 0xFF, 0x00, 0x00, 0x00, 0x00, 0x00, 0x00, 
0x00, 0x00, 0x00, 0x00, 0x00, 0x00, 0x00, 0x00, 0x00, 0x00, 0xFF, 0xFF, 0xFF, 0x00, 0x00, 0x00, 
0x00, 0x00, 0x00, 0xFF, 0xFF, 0xFF, 0x00, 0x00, 0x00, 0x00, 0x00, 0x00, 0x00, 0x00, 0x00, 0x00, 
0x00, 0x00, 0x00, 0x00, 0x00, 0x00, 0xFF, 0xFF, 0xFF, 0x00, 0x00, 0x00, 0x00, 0x00, 0x00, 0xFF, 
0xFF, 0xFF, 0xFF, 0xFD, 0xF8, 0xEE, 0xDF, 0xC5, 0xA0, 0x64, 0x12, 0x00, 0x00, 0x00, 0x00, 0x00, 
0x00, 0x00, 0xFF, 0xFF, 0xFF, 0x00, 0x00, 0x00, 0x00, 0x00, 0x00, 0xFF, 0xFF, 0xFF, 0x1A, 0x06, 
0x0B, 0x21, 0x51, 0xA0, 0xF8, 0xFF, 0xF2, 0x70, 0x00, 0x00, 0x00, 0x00, 0x00, 0x00, 0xFF, 0xFF, 
0xFF, 0x00, 0x00, 0x00, 0x00, 0x00, 0x00, 0xFF, 0xFF, 0xFF, 0x00, 0x00, 0x00, 0x00, 0x00, 0x00, 
0x1E, 0xC2, 0xFF, 0xFF, 0x89, 0x00, 0x00, 0x00, 0x00, 0x00, 0xFF, 0xFF, 0xFF, 0x00, 0x00, 0x00, 
0x00, 0x00, 0x00, 0xFF, 0xFF, 0xFF, 0x00, 0x00, 0x00, 0x00, 0x00, 0x00, 0x00, 0x08, 0xD3, 0xFF, 
0xFF, 0x41, 0x00, 0x00, 0x00, 0x00, 0xFF, 0xFF, 0xFF, 0x00, 0x00, 0x00, 0x00, 0x00, 0x00, 0xFF, 
0xFF, 0xFF, 0x00, 0x00, 0x00, 0x00, 0x00, 0x00, 0x00, 0x00, 0x56, 0xFF, 0xFF, 0xB1, 0x00, 0x00, 
0x00, 0x00, 0xFF, 0xFF, 0xFF, 0x00, 0x00, 0x00, 0x00, 0x00, 0x00, 0xFF, 0xFF, 0xFF, 0x00, 0x00, 
0x00, 0x00, 0x00, 0x00, 0x00, 0x00, 0x17, 0xFF, 0xFF, 0xEB, 0x00, 0x00, 0x00, 0x00, 0xFF, 0xFF, 
0xFF, 0x00, 0x00, 0x00, 0x00, 0x00, 0x00, 0xFF, 0xFF, 0xFF, 0x00, 0x00, 0x00, 0x00, 0x00, 0x00, 
0x00, 0x00, 0x07, 0xFF, 0xFF, 0xF9, 0x00, 0x00, 0x00, 0x00, 0xFF, 0xFF, 0xFF, 0x00, 0x00, 0x00, 
0x00, 0x00, 0x00, 0xFF, 0xFF, 0xFF, 0x00, 0x00, 0x00, 0x00, 0x00, 0x00, 0x00, 0x00, 0x21, 0xFF, 
0xFF, 0xE1, 0x00, 0x00, 0x00, 0x00, 0xFF, 0xFF, 0xFF, 0x00, 0x00, 0x00, 0x00, 0x00, 0x00, 0xFF, 
0xFF, 0xFF, 0x00, 0x00, 0x00, 0x00, 0x00, 0x00, 0x00, 0x00, 0x6C, 0xFF, 0xFF, 0xA1, 0x00, 0x00, 
0x00, 0x00, 0xFF, 0xFF, 0xFF, 0x00, 0x00, 0x00, 0x00, 0x00, 0x05, 0xFF, 0xFF, 0xFF, 0x00, 0x00, 
0x00, 0x00, 0x00, 0x00, 0x00, 0x16, 0xE8, 0xFF, 0xFE, 0x31, 0x00, 0x00, 0x00, 0x04, 0xFF, 0xFF, 
0xFF, 0x04, 0x00, 0x00, 0x00, 0x00, 0x24, 0xFF, 0xFF, 0xFF, 0x00, 0x00, 0x00, 0x00, 0x00, 0x00, 
0x28, 0xD6, 0xFF, 0xFF, 0x84, 0x00, 0x00, 0x00, 0x00, 0x1B, 0xFF, 0xFF, 0xFF, 0x22, 0x00, 0x00, 
0x08, 0x2C, 0xAC, 0xFF, 0xFF, 0xFF, 0x30, 0x12, 0x04, 0x10, 0x40, 0x98, 0xF8, 0xFF, 0xFC, 0x7E, 
0x01, 0x00, 0x00, 0x01, 0x1F, 0xA8, 0xFF, 0xFF, 0xFF, 0xA3, 0x1A, 0x01, 0xFF, 0xFF, 0xFF, 0xFF, 
0xFF, 0xFF, 0xFF, 0xFF, 0xFF, 0xFF, 0xF4, 0xE4, 0xBA, 0x7E, 0x1D, 0x00, 0x00, 0x00, 0x00, 0xFF, 
0xFF, 0xFF, 0xFF, 0xFF, 0xFF, 0xFF, 0xFF, 0xFF, 0xFF, 0xFF, 0xFF, 0xFF, 0xFF, 0xFF, 0xFF, 0xFF, 
0xFF, 0x00, 0x00, 0x00, 0x00, 0x00, 0x00, 0x00, 0x00, 0x00, 0x09, 0x2E, 0xAF, 0xFF, 0xFF, 0xFF, 
0xAC, 0x2D, 0x09, 0x00, 0x00, 0x00, 0x00, 0x00, 0x00, 0x00, 0x00, 0x00, 0x00, 0x00, 0x25, 0xFF, 
0xFF, 0xFF, 0x23, 0x00, 0x00, 0x00, 0x00, 0x00, 0x00, 0x00, 0x00, 0x00, 0x00, 0x00, 0x00, 0x00, 
0x05, 0xFF, 0xFF, 0xFF, 0x04, 0x00, 0x00, 0x00, 0x00, 0x00, 0x00, 0x00, 0x00, 0x00, 0x00, 0x00, 
0x00, 0x00, 0x00, 0xFF, 0xFF, 0xFF, 0x00, 0x00, 0x00, 0x00, 0x00, 0x00, 0x00, 0x00, 0x00, 0x00, 
0x00, 0x00, 0x00, 0x00, 0x00, 0xFF, 0xFF, 0xFF, 0x00, 0x00, 0x00, 0x00, 0x00, 0x00, 0x00, 0x00, 
0x00, 0x00, 0x00, 0x00, 0x00, 0x00, 0x00, 0xFF, 0xFF, 0xFF, 0x00, 0x00, 0x00, 0x00, 0x00, 0x00, 
0x00, 0x00, 0x00, 0x00, 0x00, 0x00, 0x00, 0x00, 0x00, 0xFF, 0xFF, 0xFF, 0x00, 0x00, 0x00, 0x00, 
0x00, 0x00, 0x00, 0x00, 0x00, 0x00, 0x00, 0x00, 0x00, 0x00, 0x00, 0xFF, 0xFF, 0xFF, 0x00, 0x00, 
0x00, 0x00, 0x00, 0x00, 0x00, 0x00, 0x00, 0x00, 0x00, 0x00, 0x00, 0x00, 0x00, 0xFF, 0xFF, 0xFF, 
0x00, 0x00, 0x00, 0x00, 0x00, 0x00, 0x00, 0x00, 0x00, 0x00, 0x00, 0x00, 0x00, 0x00, 0x00, 0xFF, 
0xFF, 0xFF, 0x00, 0x00, 0x00, 0x00, 0x00, 0x00, 0x00, 0x00, 0x00, 0x00, 0x00, 0x00, 0x00, 0x00, 
0x00, 0xFF, 0xFF, 0xFF, 0xFF, 0xFD, 0xF8, 0xEE, 0xDF, 0xC5, 0xA0, 0x64, 0x12, 0x00, 0x00, 0x00, 
0x00, 0x00, 0x00, 0xFF, 0xFF, 0xFF, 0x1A, 0x06, 0x0B, 0x21, 0x51, 0xA0, 0xF8, 0xFF, 0xF2, 0x70, 
0x00, 0x00, 0x00, 0x00, 0x00, 0xFF, 0xFF, 0xFF, 0x00, 0x00, 0x00, 0x00, 0x00, 0x00, 0x1E, 0xC2, 
0xFF, 0xFF, 0x89, 0x00, 0x00, 0x00, 0x00, 0xFF, 0xFF, 0xFF, 0x00, 0x00, 0x00, 0x00, 0x00, 0x00, 
0x00, 0x08, 0xD3, 0xFF, 0xFF, 0x41, 0x00, 0x00, 0x00, 0xFF, 0xFF, 0xFF, 0x00, 0x00, 0x00, 0x00, 
0x00, 0x00, 0x00, 0x00, 0x56, 0xFF, 0xFF, 0xB1, 0x00, 0x00, 0x00, 0xFF, 0xFF, 0xFF, 0x00, 0x00, 
0x00, 0x00, 0x00, 0x00, 0x00, 0x00, 0x17, 0xFF, 0xFF, 0xEB, 0x00, 0x00, 0x00, 0xFF, 0xFF, 0xFF, 
0x00, 0x00, 0x00, 0x00, 0x00, 0x00, 0x00, 0x00, 0x07, 0xFF, 0xFF, 0xF9, 0x00, 0x00, 0x00, 0xFF, 
0xFF, 0xFF, 0x00, 0x00, 0x00, 0x00, 0x00, 0x00, 0x00, 0x00, 0x21, 0xFF, 0xFF, 0xE1, 0x00, 0x00, 
0x00, 0xFF, 0xFF, 0xFF, 0x00, 0x00, 0x00, 0x00, 0x00, 0x00, 0x00, 0x00, 0x6C, 0xFF, 0xFF, 0xA1, 
0x00, 0x00, 0x05, 0xFF, 0xFF, 0xFF, 0x00, 0x00, 0x00, 0x00, 0x00, 0x00, 0x00, 0x16, 0xE8, 0xFF, 
0xFE, 0x31, 0x00, 0x00, 0x24, 0xFF, 0xFF, 0xFF, 0x00, 0x00, 0x00, 0x00, 0x00, 0x00, 0x28, 0xD6, 
0xFF, 0xFF, 0x84, 0x00, 0x08, 0x2C, 0xAC, 0xFF, 0xFF, 0xFF, 0x30, 0x12, 0x04, 0x10, 0x40, 0x98, 
0xF8, 0xFF, 0xFC, 0x7E, 0x01, 0x00, 0xFF, 0xFF, 0xFF, 0xFF, 0xFF, 0xFF, 0xFF, 0xFF, 0xFF, 0xFF, 
0xF4, 0xE4, 0xBA, 0x7E, 0x1D, 0x00, 0x00, 0x00, 0x00, 0x33, 0x0C, 0x00, 0x00, 0x00, 0x06, 0x30, 
0x51, 0x5B, 0x4E, 0x30, 0x05, 0x00, 0x00, 0x00, 0x00, 0x00, 0x00, 0x00, 0x00, 0x00, 0x00, 0x9F, 
0xA7, 0x26, 0x67, 0xB8, 0xF6, 0xFF, 0xF0, 0xDE, 0xF5, 0xFF, 0xF5, 0xA8, 0x39, 0x00, 0x00, 0x00, 
0x00, 0x00, 0x00, 0x00, 0x00, 0xAC, 0xFF, 0xFF, 0xFF, 0xF3, 0x8B, 0x2A, 0x00, 0x00, 0x00, 0x36, 
0xA4, 0xFF, 0xFF, 0xA9, 0x13, 0x00, 0x00, 0x00, 0x00, 0x00, 0x00, 0xB9, 0xFF, 0xFF, 0xBF, 0x1E, 
0x00, 0x00, 0x00, 0x00, 0x00, 0x00, 0x00, 0x49, 0xF3, 0xFF, 0xE0, 0x29, 0x00, 0x00, 0x00, 0x00, 
0x00, 0xC6, 0xFF, 0xAE, 0x06, 0x00, 0x00, 0x00, 0x00, 0x00, 0x00, 0x00, 0x00, 0x00, 0x38, 0xF9, 
0xFF, 0xEA, 0x24, 0x00, 0x00, 0x00, 0x00, 0xD3, 0xD9, 0x0B, 0x00, 0x00, 0x00, 0x00, 0x00, 0x00, 
0x00, 0x00, 0x00, 0x00, 0x00, 0x72, 0xFF, 0xFF, 0xD9, 0x0B, 0x00, 0x00, 0x00, 0xE0, 0x55, 0x00, 
0x00, 0x00, 0x00, 0x00, 0x00, 0x00, 0x00, 0x00, 0x00, 0x00, 0x00, 0x06, 0xE5, 0xFF, 0xFF, 0x97, 
0x00, 0x00, 0x00, 0xDD, 0x03, 0x00, 0x00, 0x00, 0x00, 0x00, 0x00, 0x00, 0x00, 0x00, 0x00, 0x00, 
0x00, 0x00, 0x7E, 0xFF, 0xFF, 0xFC, 0x2A, 0x00, 0x00, 0x75, 0x00, 0x00, 0x00, 0x00, 0x00, 0x00, 
0x00, 0x00, 0x00, 0x00, 0x00, 0x00, 0x00, 0x00, 0x36, 0xFF, 0xFF, 0xFF, 0x9B, 0x00, 0x00, 0x00, 
0x00, 0x00, 0x00, 0x00, 0x00, 0x00, 0x00, 0x00, 0x00, 0x00, 0x00, 0x00, 0x00, 0x00, 0x03, 0xF3, 
0xFF, 0xFF, 0xEE, 0x04, 0x00, 0x00, 0x00, 0x00, 0x00, 0x00, 0x00, 0x00, 0x00, 0x00, 0x00, 0x00, 
0x00, 0x00, 0x00, 0x00, 0x00, 0xCF, 0xFF, 0xFF, 0xFF, 0x2C, 0x00, 0x00, 0x00, 0x00, 0x00, 0x00, 
0x00, 0x00, 0x00, 0x00, 0x00, 0x00, 0x00, 0x00, 0x00, 0x00, 0x00, 0xAF, 0xFF, 0xFF, 0xFF, 0x57, 
0x00, 0x00, 0x00, 0x00, 0x00, 0x00, 0x00, 0x00, 0xC7, 0xDF, 0xDF, 0xDF, 0xDF, 0xDF, 0xDF, 0xDF, 
0xDF, 0xF3, 0xFF, 0xFF, 0xFF, 0x68, 0x00, 0x00, 0x00, 0x00, 0x00, 0x00, 0x00, 0x00, 0x63, 0x6F, 
0x6F, 0x6F, 0x6F, 0x6F, 0x6F, 0x6F, 0x6F, 0xC9, 0xFF, 0xFF, 0xFF, 0x6B, 0x00, 0x00, 0x00, 0x00, 
0x00, 0x00, 0x00, 0x00, 0x00, 0x00, 0x00, 0x00, 0x00, 0x00, 0x00, 0x00, 0x00, 0xA9, 0xFF, 0xFF, 
0xFF, 0x56, 0x00, 0x00, 0x00, 0x00, 0x00, 0x00, 0x00, 0x00, 0x00, 0x00, 0x00, 0x00, 0x00, 0x00, 
0x00, 0x00, 0x00, 0xC1, 0xFF, 0xFF, 0xFF, 0x3E, 0x00, 0x00, 0x00, 0x00, 0x00, 0x00, 0x00, 0x00, 
0x00, 0x00, 0x00, 0x00, 0x00, 0x00, 0x00, 0x00, 0x00, 0xE9, 0xFF, 0xFF, 0xF8, 0x0A, 0x00, 0x00, 
0x00, 0x00, 0x00, 0x00, 0x00, 0x00, 0x00, 0x00, 0x00, 0x00, 0x00, 0x00, 0x00, 0x00, 0x2A, 0xFF, 
0xFF, 0xFF, 0xBC, 0x00, 0x00, 0x00, 0x00, 0x00, 0x00, 0x00, 0x00, 0x00, 0x00, 0x00, 0x00, 0x00, 
0x00, 0x00, 0x00, 0x00, 0x83, 0xFF, 0xFF, 0xFF, 0x56, 0x00, 0x1C, 0x00, 0x00, 0x00, 0x00, 0x00, 
0x00, 0x00, 0x00, 0x00, 0x00, 0x00, 0x00, 0x00, 0x00, 0x0D, 0xE9, 0xFF, 0xFF, 0xD5, 0x02, 0x00, 
0x9F, 0x37, 0x00, 0x00, 0x00, 0x00, 0x00, 0x00, 0x00, 0x00, 0x00, 0x00, 0x00, 0x00, 0x00, 0x8D, 
0xFF, 0xFF, 0xFB, 0x3C, 0x00, 0x00, 0x11, 0xC9, 0x35, 0x00, 0x00, 0x00, 0x00, 0x00, 0x00, 0x00, 
0x00, 0x00, 0x00, 0x00, 0x4C, 0xFE, 0xFF, 0xFF, 0x71, 0x00, 0x00, 0x00, 0x00, 0x24, 0xD9, 0x68, 
0x01, 0x00, 0x00, 0x00, 0x00, 0x00, 0x00, 0x00, 0x00, 0x54, 0xF6, 0xFF, 0xFE, 0x79, 0x00, 0x00, 
0x00, 0x00, 0x00, 0x00, 0x1B, 0xC3, 0xD1, 0x63, 0x16, 0x00, 0x00, 0x00, 0x04, 0x3F, 0xAD, 0xFF, 
0xFF, 0xEA, 0x57, 0x00, 0x00, 0x00, 0x00, 0x00, 0x00, 0x00, 0x00, 0x02, 0x5F, 0xD3, 0xFF, 0xE8, 
0xD4, 0xDA, 0xF7, 0xFF, 0xFF, 0xE0, 0x83, 0x0D, 0x00, 0x00, 0x00, 0x00, 0x00, 0x00, 0x00, 0x00, 
0x00, 0x00, 0x00, 0x00, 0x27, 0x5D, 0x7D, 0x87, 0x75, 0x5E, 0x2C, 0x00, 0x00, 0x00, 0x00, 0x00, 
0x00, 0x00, 0x00, 0x00, 0xFF, 0xFF, 0xFF, 0xFF, 0xFF, 0xFF, 0xFF, 0xFF, 0xFF, 0x00, 0x00, 0x00, 
0x00, 0x00, 0x00, 0x00, 0x00, 0x00, 0x3C, 0x88, 0xC8, 0xE4, 0xF8, 0xEC, 0xD3, 0x99, 0x4A, 0x03, 
0x00, 0x00, 0x00, 0x00, 0x00, 0x00, 0x02, 0x1E, 0xA5, 0xFF, 0xFF, 0xFF, 0xB1, 0x1F, 0x02, 0x00, 
0x00, 0x00, 0x00, 0x00, 0x00, 0x00, 0x43, 0xC7, 0xFF, 0xAE, 0x4B, 0x1A, 0x07, 0x1F, 0x50, 0xB0, 
0xFF, 0xD3, 0x48, 0x00, 0x00, 0x00, 0x00, 0x00, 0x00, 0x00, 0x1D, 0xFF, 0xFF, 0xFF, 0x18, 0x00, 
0x00, 0x00, 0x00, 0x00, 0x00, 0x00, 0x04, 0x8B, 0xFE, 0xF6, 0x50, 0x00, 0x00, 0x00, 0x00, 0x00, 
0x00, 0x00, 0x52, 0xF4, 0xFF, 0x8B, 0x02, 0x00, 0x00, 0x00, 0x00, 0x00, 0x05, 0xFF, 0xFF, 0xFF, 
0x02, 0x00, 0x00, 0x00, 0x00, 0x00, 0x00, 0x04, 0xB2, 0xFF, 0xFD, 0x4C, 0x00, 0x00, 0x00, 0x00, 
0x00, 0x00, 0x00, 0x00, 0x00, 0x54, 0xFF, 0xFF, 0xAD, 0x02, 0x00, 0x00, 0x00, 0x00, 0x00, 0xFF, 
0xFF, 0xFF, 0x00, 0x00, 0x00, 0x00, 0x00, 0x00, 0x00, 0xA1, 0xFF, 0xFF, 0x9D, 0x00, 0x00, 0x00, 
0x00, 0x00, 0x00, 0x00, 0x00, 0x00, 0x00, 0x00, 0xAA, 0xFF, 0xFF, 0x8C, 0x00, 0x00, 0x00, 0x00, 
0x00, 0xFF, 0xFF, 0xFF, 0x00, 0x00, 0x00, 0x00, 0x00, 0x00, 0x50, 0xFF, 0xFF, 0xFC, 0x1A, 0x00, 
0x00, 0x00, 0x00, 0x00, 0x00, 0x00, 0x00, 0x00, 0x00, 0x00, 0x2C, 0xFF, 0xFF, 0xFF, 0x45, 0x00, 
0x00, 0x00, 0x00, 0xFF, 0xFF, 0xFF, 0x00, 0x00, 0x00, 0x00, 0x00, 0x03, 0xDF, 0xFF, 0xFF, 0xBC, 
0x00, 0x00, 0x00, 0x00, 0x00, 0x00, 0x00, 0x00, 0x00, 0x00, 0x00, 0x00, 0x00, 0xD1, 0xFF, 0xFF, 
0xCC, 0x01, 0x00, 0x00, 0x00, 0xFF, 0xFF, 0xFF, 0x00, 0x00, 0x00, 0x00, 0x00, 0x46, 0xFF, 0xFF, 
0xFF, 0x73, 0x00, 0x00, 0x00, 0x00, 0x00, 0x00, 0x00, 0x00, 0x00, 0x00, 0x00, 0x00, 0x00, 0x85, 
0xFF, 0xFF, 0xFF, 0x3E, 0x00, 0x00, 0x00, 0xFF, 0xFF, 0xFF, 0x00, 0x00, 0x00, 0x00, 0x00, 0x9B, 
0xFF, 0xFF, 0xFF, 0x45, 0x00, 0x00, 0x00, 0x00, 0x00, 0x00, 0x00, 0x00, 0x00, 0x00, 0x00, 0x00, 
0x00, 0x55, 0xFF, 0xFF, 0xFF, 0x87, 0x00, 0x00, 0x00, 0xFF, 0xFF, 0xFF, 0x00, 0x00, 0x00, 0x00, 
0x00, 0xCB, 0xFF, 0xFF, 0xFF, 0x1F, 0x00, 0x00, 0x00, 0x00, 0x00, 0x00, 0x00, 0x00, 0x00, 0x00, 
0x00, 0x00, 0x00, 0x2C, 0xFF, 0xFF, 0xFF, 0xC7, 0x00, 0x00, 0x00, 0xFF, 0xFF, 0xFF, 0x00, 0x00, 
0x00, 0x00, 0x00, 0xEE, 0xFF, 0xFF, 0xFF, 0x10, 0x00, 0x00, 0x00, 0x00, 0x00, 0x00, 0x00, 0x00, 
0x00, 0x00, 0x00, 0x00, 0x00, 0x17, 0xFF, 0xFF, 0xFF, 0xE1, 0x00, 0x00, 0x00, 0xFF, 0xFF, 0xFF, 
0xFF, 0xFF, 0xFF, 0xFF, 0xFF, 0xFF, 0xFF, 0xFF, 0xFF, 0x04, 0x00, 0x00, 0x00, 0x00, 0x00, 0x00, 
0x00, 0x00, 0x00, 0x00, 0x00, 0x00, 0x00, 0x0A, 0xFF, 0xFF, 0xFF, 0xF7, 0x00, 0x00, 0x00, 0xFF, 
0xFF, 0xFF, 0x00, 0x00, 0x00, 0x00, 0x00, 0xF7, 0xFF, 0xFF, 0xFF, 0x08, 0x00, 0x00, 0x00, 0x00, 
0x00, 0x00, 0x00, 0x00, 0x00, 0x00, 0x00, 0x00, 0x00, 0x04, 0xFF, 0xFF, 0xFF, 0xF2, 0x00, 0x00, 
0x00, 0xFF, 0xFF, 0xFF, 0x00, 0x00, 0x00, 0x00, 0x00, 0xE2, 0xFF, 0xFF, 0xFF, 0x14, 0x00, 0x00, 
0x00, 0x00, 0x00, 0x00, 0x00, 0x00, 0x00, 0x00, 0x00, 0x00, 0x00, 0x10, 0xFF, 0xFF, 0xFF, 0xDC, 
0x00, 0x00, 0x00, 0xFF, 0xFF, 0xFF, 0x00, 0x00, 0x00, 0x00, 0x00, 0xB7, 0xFF, 0xFF, 0xFF, 0x2C, 
0x00, 0x00, 0x00, 0x00, 0x00, 0x00, 0x00, 0x00, 0x00, 0x00, 0x00, 0x00, 0x00, 0x1E, 0xFF, 0xFF, 
0xFF, 0xB9, 0x00, 0x00, 0x00, 0xFF, 0xFF, 0xFF, 0x00, 0x00, 0x00, 0x00, 0x00, 0x7A, 0xFF, 0xFF, 
0xFF, 0x56, 0x00, 0x00, 0x00, 0x00, 0x00, 0x00, 0x00, 0x00, 0x00, 0x00, 0x00, 0x00, 0x00, 0x42, 
0xFF, 0xFF, 0xFF, 0x76, 0x00, 0x00, 0x00, 0xFF, 0xFF, 0xFF, 0x00, 0x00, 0x00, 0x00, 0x00, 0x26, 
0xFF, 0xFF, 0xFF, 0x8A, 0x00, 0x00, 0x00, 0x00, 0x00, 0x00, 0x00, 0x00, 0x00, 0x00, 0x00, 0x00, 
0x00, 0x6F, 0xFF, 0xFF, 0xFF, 0x2A, 0x00, 0x00, 0x00, 0xFF, 0xFF, 0xFF, 0x00, 0x00, 0x00, 0x00, 
0x00, 0x00, 0xB6, 0xFF, 0xFF, 0xD8, 0x00, 0x00, 0x00, 0x00, 0x00, 0x00, 0x00, 0x00, 0x00, 0x00, 
0x00, 0x00, 0x00, 0xB6, 0xFF, 0xFF, 0xB1, 0x00, 0x00, 0x00, 0x00, 0xFF, 0xFF, 0xFF, 0x00, 0x00, 
0x00, 0x00, 0x00, 0x00, 0x2F, 0xFB, 0xFF, 0xFF, 0x37, 0x00, 0x00, 0x00, 0x00, 0x00, 0x00, 0x00, 
0x00, 0x00, 0x00, 0x00, 0x15, 0xFB, 0xFF, 0xFB, 0x2F, 0x00, 0x00, 0x00, 0x00, 0xFF, 0xFF, 0xFF, 
0x00, 0x00, 0x00, 0x00, 0x00, 0x00, 0x00, 0x80, 0xFF, 0xFF, 0xB6, 0x00, 0x00, 0x00, 0x00, 0x00, 
0x00, 0x00, 0x00, 0x00, 0x00, 0x00, 0x96, 0xFF, 0xFF, 0x72, 0x00, 0x00, 0x00, 0x00, 0x04, 0xFF, 
0xFF, 0xFF, 0x04, 0x00, 0x00, 0x00, 0x00, 0x00, 0x00, 0x01, 0xAA, 0xFF, 0xFF, 0x60, 0x00, 0x00, 
0x00, 0x00, 0x00, 0x00, 0x00, 0x00, 0x00, 0x45, 0xFC, 0xFF, 0xA0, 0x00, 0x00, 0x00, 0x00, 0x00, 
0x1B, 0xFF, 0xFF, 0xFF, 0x22, 0x00, 0x00, 0x00, 0x00, 0x00, 0x00, 0x00, 0x03, 0x99, 0xFF, 0xF7, 
0x56, 0x00, 0x00, 0x00, 0x00, 0x00, 0x00, 0x00, 0x4C, 0xF3, 0xFF, 0x8A, 0x01, 0x00, 0x00, 0x00, 
0x01, 0x1F, 0xA8, 0xFF, 0xFF, 0xFF, 0xA3, 0x1A, 0x01, 0x00, 0x00, 0x00, 0x00, 0x00, 0x00, 0x00, 
0x52, 0xDD, 0xFF, 0xAF, 0x4A, 0x1A, 0x06, 0x1B, 0x4E, 0xAE, 0xFF, 0xD3, 0x46, 0x00, 0x00, 0x00, 
0x00, 0x00, 0xFF, 0xFF, 0xFF, 0xFF, 0xFF, 0xFF, 0xFF, 0xFF, 0xFF, 0x00, 0x00, 0x00, 0x00, 0x00, 
0x00, 0x00, 0x00, 0x05, 0x51, 0xA1, 0xD5, 0xF2, 0xFB, 0xE7, 0xCE, 0x94, 0x46, 0x03, 0x00, 0x00, 
0x00, 0x00, 0x00, 0x00, 0x00, 0x00, 0x00, 0x00, 0x00, 0x00, 0x00, 0x00, 0x00, 0x0E, 0x5F, 0x93, 
0xB3, 0xC6, 0xD1, 0xD6, 0xD7, 0xD7, 0xD7, 0xD7, 0xD7, 0xD7, 0xCF, 0xAD, 0x41, 0x00, 0x00, 0x00, 
0x00, 0x00, 0x00, 0x00, 0x01, 0x7B, 0xF0, 0xFF, 0xFF, 0xF0, 0xAA, 0x87, 0x8B, 0xA7, 0xDD, 0xFF, 
0xFF, 0xFF, 0xA3, 0x09, 0x00, 0x00, 0x00, 0x00, 0x00, 0x00, 0x00, 0x00, 0x02, 0xA6, 0xFF, 0xFF, 
0xFF, 0x9E, 0x0E, 0x00, 0x00, 0x00, 0x00, 0x63, 0xFF, 0xFF, 0xFF, 0x1F, 0x00, 0x00, 0x00, 0x00, 
0x00, 0x00, 0x00, 0x00, 0x00, 0x73, 0xFF, 0xFF, 0xFF, 0xAC, 0x00, 0x00, 0x00, 0x00, 0x00, 0x00, 
0x63, 0xFF, 0xFF, 0xFE, 0x01, 0x00, 0x00, 0x00, 0x00, 0x00, 0x00, 0x00, 0x00, 0x01, 0xE6, 0xFF, 
0xFF, 0xFF, 0x21, 0x00, 0x00, 0x00, 0x00, 0x00, 0x00, 0x63, 0xFF, 0xFF, 0xF8, 0x00, 0x00, 0x00, 
0x00, 0x00, 0x00, 0x00, 0x00, 0x00, 0x22, 0xFF, 0xFF, 0xFF, 0xDA, 0x00, 0x00, 0x00, 0x00, 0x00, 
0x00, 0x00, 0x63, 0xFF, 0xFF, 0xF7, 0x00, 0x00, 0x00, 0x00, 0x00, 0x00, 0x00, 0x00, 0x00, 0x2D, 
0xFF, 0xFF, 0xFF, 0xC5, 0x00, 0x00, 0x00, 0x00, 0x00, 0x00, 0x00, 0x63, 0xFF, 0xFF, 0xF7, 0x00, 
0x00, 0x00, 0x00, 0x00, 0x00, 0x00, 0x00, 0x00, 0x12, 0xFE, 0xFF, 0xFF, 0xDB, 0x00, 0x00, 0x00, 
0x00, 0x00, 0x00, 0x00, 0x63, 0xFF, 0xFF, 0xF7, 0x00, 0x00, 0x00, 0x00, 0x00, 0x00, 0x00, 0x00, 
0x00, 0x00, 0xC2, 0xFF, 0xFF, 0xFF, 0x2A, 0x00, 0x00, 0x00, 0x00, 0x00, 0x00, 0x63, 0xFF, 0xFF, 
0xF7, 0x00, 0x00, 0x00, 0x00, 0x00, 0x00, 0x00, 0x00, 0x00, 0x00, 0x3B, 0xFC, 0xFF, 0xFF, 0xBD, 
0x05, 0x00, 0x00, 0x00, 0x00, 0x00, 0x63, 0xFF, 0xFF, 0xF7, 0x00, 0x00, 0x00, 0x00, 0x00, 0x00, 
0x00, 0x00, 0x00, 0x00, 0x00, 0x5E, 0xFA, 0xFF, 0xFF, 0xB7, 0x19, 0x00, 0x00, 0x00, 0x00, 0x63, 
0xFF, 0xFF, 0xF7, 0x00, 0x00, 0x00, 0x00, 0x00, 0x00, 0x00, 0x00, 0x00, 0x00, 0x00, 0x00, 0x2B, 
0xAE, 0xFC, 0xFF, 0xF8, 0xAA, 0x6D, 0x4B, 0x3E, 0x89, 0xFF, 0xFF, 0xF7, 0x00, 0x00, 0x00, 0x00, 
0x00, 0x00, 0x00, 0x00, 0x00, 0x00, 0x00, 0x00, 0x00, 0x00, 0x13, 0xA9, 0xFF, 0xFF, 0xFF, 0xE0, 
0xE3, 0xEC, 0xFF, 0xFF, 0xF7, 0x00, 0x00, 0x00, 0x00, 0x00, 0x00, 0x00, 0x00, 0x00, 0x00, 0x00, 
0x00, 0x00, 0x00, 0x29, 0xF6, 0xFF, 0xFF, 0xA5, 0x00, 0x00, 0x63, 0xFF, 0xFF, 0xF7, 0x00, 0x00, 
0x00, 0x00, 0x00, 0x00, 0x00, 0x00, 0x00, 0x00, 0x00, 0x00, 0x00, 0x07, 0xD0, 0xFF, 0xFF, 0xDD, 
0x0E, 0x00, 0x00, 0x63, 0xFF, 0xFF, 0xF7, 0x00, 0x00, 0x00, 0x00, 0x00, 0x00, 0x00, 0x00, 0x00, 
0x00, 0x00, 0x00, 0x00, 0x90, 0xFF, 0xFF, 0xFB, 0x37, 0x00, 0x00, 0x00, 0x63, 0xFF, 0xFF, 0xF7, 
0x00, 0x00, 0x00, 0x00, 0x00, 0x00, 0x00, 0x00, 0x00, 0x00, 0x00, 0x00, 0x49, 0xFE, 0xFF, 0xFF, 
0x78, 0x00, 0x00, 0x00, 0x00, 0x63, 0xFF, 0xFF, 0xF7, 0x00, 0x00, 0x00, 0x00, 0x00, 0x00, 0x00, 
0x00, 0x00, 0x00, 0x00, 0x17, 0xE9, 0xFF, 0xFF, 0xBD, 0x02, 0x00, 0x00, 0x00, 0x00, 0x63, 0xFF, 
0xFF, 0xF7, 0x00, 0x00, 0x00, 0x00, 0x00, 0x00, 0x00, 0x00, 0x00, 0x00, 0x01, 0xB7, 0xFF, 0xFF, 
0xEC, 0x1A, 0x00, 0x00, 0x00, 0x00, 0x00, 0x63, 0xFF, 0xFF, 0xF7, 0x00, 0x00, 0x00, 0x00, 0x00, 
0x00, 0x00, 0x00, 0x00, 0x00, 0x73, 0xFF, 0xFF, 0xFF, 0x4E, 0x00, 0x00, 0x00, 0x00, 0x00, 0x00, 
0x64, 0xFF, 0xFF, 0xF8, 0x00, 0x00, 0x00, 0x00, 0x00, 0x00, 0x00, 0x00, 0x00, 0x3F, 0xFA, 0xFF, 
0xFF, 0x93, 0x00, 0x00, 0x00, 0x00, 0x00, 0x00, 0x00, 0x6A, 0xFF, 0xFF, 0xFC, 0x00, 0x00, 0x00, 
0x00, 0x00, 0x00, 0x00, 0x00, 0x32, 0xEE, 0xFF, 0xFF, 0xD2, 0x08, 0x00, 0x00, 0x00, 0x00, 0x00, 
0x00, 0x00, 0x82, 0xFF, 0xFF, 0xFF, 0x16, 0x00, 0x00, 0x00, 0x00, 0x00, 0x10, 0x78, 0xF5, 0xFF, 
0xFF, 0xF6, 0x2B, 0x00, 0x00, 0x00, 0x00, 0x00, 0x00, 0x00, 0x15, 0xD5, 0xFF, 0xFF, 0xFF, 0x8C, 
0x00, 0x00, 0x00, 0x36, 0xCF, 0xFA, 0xFF, 0xFF, 0xFF, 0xFF, 0x68, 0x00, 0x00, 0x00, 0x00, 0x00, 
0x00, 0x88, 0xB8, 0xEE, 0xFF, 0xFF, 0xFF, 0xFF, 0xFF, 0xDB, 0xAD, 0x41, 0x00, 0x00, 0x00, 0x4C, 
0xB0, 0xE5, 0xF9, 0xEE, 0xD4, 0x8C, 0x22, 0x00, 0x00, 0x00, 0x00, 0x00, 0x02, 0x9E, 0xFF, 0xC0, 
0x25, 0x10, 0x5B, 0xF3, 0xFF, 0xF1, 0x2E, 0x00, 0x00, 0x00, 0x00, 0x78, 0xFF, 0xFF, 0x1B, 0x00, 
0x00, 0x00, 0x70, 0xFF, 0xFF, 0xB8, 0x00, 0x00, 0x00, 0x00, 0xE3, 0xFF, 0xF8, 0x00, 0x00, 0x00, 
0x00, 0x26, 0xFF, 0xFF, 0xEB, 0x00, 0x00, 0x00, 0x00, 0xF4, 0xFF, 0xF4, 0x00, 0x00, 0x00, 0x00, 
0x09, 0xFF, 0xFF, 0xFB, 0x00, 0x00, 0x00, 0x00, 0x84, 0xF3, 0x81, 0x00, 0x00, 0x00, 0x00, 0x00, 
0xFF, 0xFF, 0xFF, 0x00, 0x00, 0x00, 0x00, 0x00, 0x00, 0x00, 0x00, 0x00, 0x21, 0x7C, 0xD3, 0xFF, 
0xFF, 0xFF, 0x00, 0x00, 0x00, 0x00, 0x00, 0x00, 0x04, 0x56, 0xBF, 0xE7, 0x8B, 0x2E, 0xFF, 0xFF, 
0xFF, 0x00, 0x00, 0x00, 0x00, 0x00, 0x57, 0xDE, 0xE8, 0x63, 0x05, 0x00, 0x00, 0xFF, 0xFF, 0xFF, 
0x00, 0x00, 0x00, 0x04, 0xA2, 0xFF, 0xD0, 0x15, 0x00, 0x00, 0x00, 0x00, 0xFF, 0xFF, 0xFF, 0x00, 
0x00, 0x00, 0x81, 0xFF, 0xFF, 0x36, 0x00, 0x00, 0x00, 0x00, 0x00, 0xFF, 0xFF, 0xFF, 0x00, 0x00, 
0x00, 0xE5, 0xFF, 0xFF, 0x0B, 0x00, 0x00, 0x00, 0x00, 0x00, 0xFF, 0xFF, 0xFF, 0x01, 0x00, 0x00, 
0xF9, 0xFF, 0xFF, 0x48, 0x00, 0x00, 0x00, 0x00, 0x3D, 0xFF, 0xFF, 0xFF, 0x09, 0x00, 0x00, 0xCC, 
0xFF, 0xFF, 0xE3, 0x45, 0x0A, 0x34, 0xA2, 0xC9, 0xFB, 0xFF, 0xFF, 0x43, 0x26, 0xA3, 0x4C, 0xFE, 
0xFF, 0xFF, 0xFF, 0xFF, 0xFD, 0x89, 0x05, 0xD8, 0xFF, 0xFF, 0xFF, 0xEE, 0x3C, 0x00, 0x49, 0xC8, 
0xF8, 0xEE, 0xB2, 0x38, 0x00, 0x00, 0x4E, 0xE7, 0xED, 0xA0, 0x1C, 0x00, 0x00, 0x00, 0x00, 0x00, 
0x00, 0x00, 0x00, 0x00, 0x00, 0x00, 0x00, 0x04, 0x0D, 0x20, 0x89, 0xD0, 0x00, 0x00, 0x00, 0x00, 
0x00, 0x32, 0x91, 0xC6, 0xE3, 0xF4, 0xFD, 0xFF, 0xFF, 0xFF, 0xFF, 0x5C, 0x00, 0x00, 0x00, 0x02, 
0x8C, 0xFD, 0xFF, 0xFF, 0xFF, 0xFF, 0xFF, 0xFF, 0xFF, 0xFF, 0x9E, 0x00, 0x00, 0x00, 0x00, 0x97, 
0xFF, 0xFF, 0xFF, 0xFF, 0xFF, 0xFD, 0xF1, 0xDC, 0xB4, 0x54, 0x00, 0x00, 0x00, 0x00, 0x58, 0xFF, 
0xF1, 0x81, 0x3A, 0x1B, 0x09, 0x00, 0x00, 0x00, 0x00, 0x00, 0x00, 0x00, 0x00, 0x04, 0xDF, 0xE3, 
0x27, 0x00, 0x00, 0x00, 0x00, 0x00, 0x00, 0x00, 0x00, 0x00, 0x00, 0x00, 0x00, 0x58, 0xFB, 0x33, 
0x00, 0x00, 0x00, 0x00, 0x00, 0x00, 0x00, 0x00, 0x00, 0x00, 0x00, 0x00, 0x00, 0xBD, 0x8D, 0x00, 
0x00, 0x00, 0x00, 0x00, 0x00, 0x00, 0x00, 0x00, 0x00, 0x00, 0x00, 0x00, 0x13, 0xFC, 0x22, 0x00, 
0x00, 0x00, 0x00, 0x00, 0x00, 0x00, 0x00, 0x00, 0x00, 0x00, 0x00, 0x00, 0x51, 0xC6, 0x00, 0x00, 
0x29, 0x93, 0xD5, 0xF5, 0xF6, 0xDE, 0xA3, 0x46, 0x00, 0x00, 0x00, 0x00, 0x90, 0x8A, 0x00, 0x7E, 
0xF1, 0x79, 0x20, 0x07, 0x24, 0x80, 0xF8, 0xFF, 0xB5, 0x10, 0x00, 0x00, 0xC3, 0x55, 0x82, 0xFB, 
0x3C, 0x00, 0x00, 0x00, 0x00, 0x00, 0x3A, 0xF7, 0xFF, 0xD3, 0x0E, 0x00, 0xD8, 0x74, 0xFE, 0x97, 
0x00, 0x00, 0x00, 0x00, 0x00, 0x00, 0x00, 0x6A, 0xFF, 0xFF, 0xAB, 0x00, 0xEC, 0xE1, 0xFF, 0x41, 
0x00, 0x00, 0x00, 0x00, 0x00, 0x00, 0x00, 0x03, 0xDC, 0xFF, 0xFF, 0x3E, 0xFB, 0xFF, 0xFF, 0x14, 
0x00, 0x00, 0x00, 0x00, 0x00, 0x00, 0x00, 0x00, 0x7F, 0xFF, 0xFF, 0xA1, 0xF2, 0xFF, 0xFF, 0x04, 
0x00, 0x00, 0x00, 0x00, 0x00, 0x00, 0x00, 0x00, 0x40, 0xFF, 0xFF, 0xDF, 0xE0, 0xFF, 0xFF, 0x0A, 
0x00, 0x00, 0x00, 0x00, 0x00, 0x00, 0x00, 0x00, 0x16, 0xFF, 0xFF, 0xF8, 0xB6, 0xFF, 0xFF, 0x19, 
0x00, 0x00, 0x00, 0x00, 0x00, 0x00, 0x00, 0x00, 0x06, 0xFF, 0xFF, 0xEE, 0x81, 0xFF, 0xFF, 0x42, 
0x00, 0x00, 0x00, 0x00, 0x00, 0x00, 0x00, 0x00, 0x08, 0xFF, 0xFF, 0xC9, 0x2E, 0xFF, 0xFF, 0x7D, 
0x00, 0x00, 0x00, 0x00, 0x00, 0x00, 0x00, 0x00, 0x1A, 0xFF, 0xFF, 0x81, 0x00, 0xC9, 0xFF, 0xDA, 
0x02, 0x00, 0x00, 0x00, 0x00, 0x00, 0x00, 0x00, 0x46, 0xFF, 0xF7, 0x19, 0x00, 0x42, 0xFF, 0xFF, 
0x6B, 0x00, 0x00, 0x00, 0x00, 0x00, 0x00, 0x00, 0x98, 0xFF, 0x7A, 0x00, 0x00, 0x00, 0x8E, 0xFF, 
0xF8, 0x48, 0x00, 0x00, 0x00, 0x00, 0x00, 0x34, 0xFA, 0xAF, 0x02, 0x00, 0x00, 0x00, 0x02, 0x8F, 
0xFE, 0xFC, 0x90, 0x2B, 0x07, 0x1A, 0x6D, 0xED, 0x96, 0x04, 0x00, 0x00, 0x00, 0x00, 0x00, 0x00, 
0x38, 0x9E, 0xDC, 0xF6, 0xF1, 0xD6, 0x93, 0x31, 0x00, 0x00, 0x00, 0x00, 0xFF, 0xFF, 0xFF, 0xFF, 
0xFF, 0xFF, 0xFF, 0xFE, 0xF4, 0xE4, 0xBD, 0x71, 0x0D, 0x00, 0x00, 0x0A, 0x7F, 0xFF, 0xFF, 0xFF, 
0x00, 0x05, 0x14, 0x3C, 0x90, 0xFB, 0xFF, 0xD5, 0x18, 0x00, 0x00, 0x0D, 0xFF, 0xFF, 0xFF, 0x00, 
0x00, 0x00, 0x00, 0x00, 0x64, 0xFF, 0xFF, 0xA3, 0x00, 0x00, 0x02, 0xFF, 0xFF, 0xFF, 0x00, 0x00, 
0x00, 0x00, 0x00, 0x0C, 0xFF, 0xFF, 0xEA, 0x00, 0x00, 0x00, 0xFF, 0xFF, 0xFF, 0x00, 0x00, 0x00, 
0x00, 0x00, 0x1B, 0xFF, 0xFF, 0xEA, 0x00, 0x00, 0x00, 0xFF, 0xFF, 0xFF, 0x00, 0x00, 0x00, 0x00, 
0x00, 0x9C, 0xFF, 0xFF, 0x9D, 0x00, 0x00, 0x00, 0xFF, 0xFF, 0xFF, 0x01, 0x05, 0x19, 0x4D, 0xB8, 
0xFF, 0xFF, 0xB8, 0x11, 0x00, 0x00, 0x00, 0xFF, 0xFF, 0xFF, 0xFF, 0xFF, 0xFF, 0xFF, 0xFF, 0xF8, 
0x7F, 0x05, 0x00, 0x00, 0x00, 0x00, 0xFF, 0xFF, 0xFF, 0x05, 0x02, 0x0F, 0x32, 0x77, 0xE3, 0xFF, 
0xE5, 0x56, 0x00, 0x00, 0x00, 0xFF, 0xFF, 0xFF, 0x00, 0x00, 0x00, 0x00, 0x00, 0x0E, 0xC4, 0xFF, 
0xFF, 0x54, 0x00, 0x00, 0xFF, 0xFF, 0xFF, 0x00, 0x00, 0x00, 0x00, 0x00, 0x00, 0x31, 0xFF, 0xFF, 
0xD2, 0x00, 0x00, 0xFF, 0xFF, 0xFF, 0x00, 0x00, 0x00, 0x00, 0x00, 0x00, 0x07, 0xFF, 0xFF, 0xF9, 
0x00, 0x03, 0xFF, 0xFF, 0xFF, 0x00, 0x00, 0x00, 0x00, 0x00, 0x00, 0x29, 0xFF, 0xFF, 0xE2, 0x00, 
0x18, 0xFF, 0xFF, 0xFF, 0x00, 0x00, 0x00, 0x00, 0x00, 0x02, 0xAD, 0xFF, 0xFF, 0x84, 0x10, 0x85, 
0xFF, 0xFF, 0xFF, 0x2F, 0x0C, 0x03, 0x14, 0x4B, 0xBE, 0xFF, 0xFF, 0xA5, 0x06, 0xFF, 0xFF, 0xFF, 
0xFF, 0xFF, 0xFF, 0xFF, 0xFF, 0xFB, 0xED, 0xCB, 0x93, 0x38, 0x00, 0x00, 0xFF, 0xFF, 0xFF, 0xFF, 
0xFF, 0xFF, 0xFF, 0xFF, 0xFF, 0xFF, 0xFF, 0xFF, 0x42, 0x0A, 0x71, 0xFF, 0xFF, 0xFF, 0x00, 0x00, 
0x00, 0x03, 0x17, 0x63, 0xFA, 0x78, 0x00, 0x0E, 0xFF, 0xFF, 0xFF, 0x00, 0x00, 0x00, 0x00, 0x00, 
0x00, 0x91, 0xAE, 0x00, 0x02, 0xFF, 0xFF, 0xFF, 0x00, 0x00, 0x00, 0x00, 0x00, 0x00, 0x2B, 0xE4, 
0x00, 0x00, 0xFF, 0xFF, 0xFF, 0x00, 0x00, 0x00, 0x00, 0x00, 0x00, 0x00, 0x00, 0x00, 0x00, 0xFF, 
0xFF, 0xFF, 0x00, 0x00, 0x00, 0x00, 0x00, 0x00, 0x00, 0x00, 0x00, 0x00, 0xFF, 0xFF, 0xFF, 0x00, 
0x00, 0x00, 0x00, 0x00, 0x00, 0x00, 0x00, 0x00, 0x00, 0xFF, 0xFF, 0xFF, 0x00, 0x00, 0x00, 0x00, 
0x00, 0x00, 0x00, 0x00, 0x00, 0x00, 0xFF, 0xFF, 0xFF, 0x00, 0x00, 0x00, 0x00, 0x00, 0x00, 0x00, 
0x00, 0x00, 0x00, 0xFF, 0xFF, 0xFF, 0x00, 0x00, 0x00, 0x00, 0x00, 0x00, 0x00, 0x00, 0x00, 0x00, 
0xFF, 0xFF, 0xFF, 0x00, 0x00, 0x00, 0x00, 0x00, 0x00, 0x00, 0x00, 0x00, 0x00, 0xFF, 0xFF, 0xFF, 
0x00, 0x00, 0x00, 0x00, 0x00, 0x00, 0x00, 0x00, 0x00, 0x03, 0xFF, 0xFF, 0xFF, 0x01, 0x00, 0x00, 
0x00, 0x00, 0x00, 0x00, 0x00, 0x00, 0x17, 0xFF, 0xFF, 0xFF, 0x0D, 0x00, 0x00, 0x00, 0x00, 0x00, 
0x00, 0x00, 0x11, 0x85, 0xFF, 0xFF, 0xFF, 0x7E, 0x0A, 0x00, 0x00, 0x00, 0x00, 0x00, 0x00, 0xFF, 
0xFF, 0xFF, 0xFF, 0xFF, 0xFF, 0xFF, 0x00, 0x00, 0x00, 0x00, 0x00, 0x00, 0x00, 0x00, 0x00, 0xFF, 
0xFF, 0xFF, 0xFF, 0xFF, 0xFF, 0xFF, 0xFF, 0xFF, 0xFF, 0xFF, 0xFF, 0xFF, 0xFF, 0x00, 0x00, 0x00, 
0x15, 0x59, 0xE9, 0xFF, 0x00, 0x00, 0x00, 0x00, 0x00, 0xFF, 0xFF, 0xFF, 0x7D, 0x0A, 0x00, 0x00, 
0x00, 0x00, 0x00, 0x53, 0xFC, 0x00, 0x00, 0x00, 0x00, 0x00, 0xFF, 0xFF, 0xFF, 0x0E, 0x00, 0x00, 
0x00, 0x00, 0x00, 0x00, 0x11, 0xF7, 0x00, 0x00, 0x00, 0x00, 0x00, 0xFF, 0xFF, 0xFF, 0x01, 0x00, 
0x00, 0x00, 0x00, 0x00, 0x00, 0x0C, 0xEC, 0x00, 0x00, 0x00, 0x00, 0x00, 0xFF, 0xFF, 0xFF, 0x00, 
0x00, 0x00, 0x00, 0x00, 0x00, 0x00, 0x21, 0xDA, 0x00, 0x00, 0x00, 0x00, 0x00, 0xFF, 0xFF, 0xFF, 
0x00, 0x00, 0x00, 0x00, 0x00, 0x00, 0x00, 0x36, 0xC1, 0x00, 0x00, 0x00, 0x00, 0x00, 0xFF, 0xFF, 
0xFF, 0x00, 0x00, 0x00, 0x00, 0x00, 0x00, 0x00, 0x65, 0xA0, 0x00, 0x00, 0x00, 0x00, 0x00, 0xFF, 
0xFF, 0xFF, 0x00, 0x00, 0x00, 0x00, 0x00, 0x00, 0x00, 0xA3, 0x76, 0x00, 0x00, 0x00, 0x00, 0x00, 
0xFF, 0xFF, 0xFF, 0x00, 0x00, 0x00, 0x00, 0x00, 0x00, 0x00, 0xE1, 0x43, 0x00, 0x00, 0x00, 0x00, 
0x00, 0xFF, 0xFF, 0xFF, 0x00, 0x00, 0x00, 0x00, 0x00, 0x00, 0x32, 0xF8, 0x09, 0x00, 0x00, 0x00, 
0x00, 0x00, 0xFF, 0xFF, 0xFF, 0x00, 0x00, 0x00, 0x00, 0x00, 0x00, 0x95, 0xB4, 0x00, 0x00, 0x00, 
0x00, 0x00, 0x00, 0xFF, 0xFF, 0xFF, 0x00, 0x00, 0x00, 0x00, 0x00, 0x1E, 0xF6, 0x55, 0x00, 0x00, 
0x00, 0x00, 0x00, 0x00, 0xFF, 0xFF, 0xFF, 0x05, 0x00, 0x00, 0x00, 0x09, 0xC1, 0xDC, 0x03, 0x00, 
0x00, 0x00, 0x00, 0x00, 0x06, 0xFF, 0xFF, 0xFF, 0x1B, 0x00, 0x19, 0x59, 0xDD, 0xFF, 0x4F, 0x00, 
0x00, 0x00, 0x00, 0x00, 0x04, 0x40, 0xFF, 0xFF, 0xFF, 0x8A, 0x14, 0xFF, 0xFF, 0xFF, 0xFF, 0xFF, 
0xFF, 0xFF, 0xFF, 0xFF, 0xFF, 0xFF, 0xFF, 0xFF, 0xFF, 0xFF, 0xFF, 0xFF, 0xFF, 0xFF, 0xDC, 0x61, 
0x24, 0x0C, 0x01, 0x00, 0x00, 0x00, 0x01, 0x0A, 0x24, 0x61, 0xDC, 0xFF, 0xFF, 0xFF, 0xE1, 0x16, 
0x00, 0x00, 0x00, 0x00, 0x00, 0x00, 0x00, 0x00, 0x00, 0x00, 0x00, 0x12, 0xDA, 0xFF, 0xFF, 0x65, 
0x00, 0x00, 0x00, 0x00, 0x00, 0x00, 0x00, 0x00, 0x00, 0x00, 0x00, 0x00, 0x00, 0x58, 0xFF, 0xFF, 
0x1C, 0x00, 0x00, 0x00, 0x00, 0x00, 0x00, 0x00, 0x00, 0x00, 0x00, 0x00, 0x00, 0x00, 0x15, 0xFF, 
0x00, 0x00, 0x00, 0x03, 0x5E, 0xB3, 0xE6, 0xF9, 0xEE, 0xC0, 0x65, 0x04, 0x00, 0x00, 0x00, 0x00, 
0x28, 0xD5, 0xD2, 0x42, 0x08, 0x25, 0xA2, 0xFF, 0xFF, 0xC2, 0x0E, 0x00, 0x00, 0x26, 0xEF, 0xE5, 
0x12, 0x00, 0x00, 0x00, 0x00, 0xA5, 0xFF, 0xFF, 0xB1, 0x00, 0x02, 0xD2, 0xFF, 0x63, 0x00, 0x00, 
0x00, 0x00, 0x00, 0x34, 0xFF, 0xFF, 0xFF, 0x45, 0x53, 0xFF, 0xFF, 0x1F, 0x00, 0x00, 0x00, 0x00, 
0x00, 0x0D, 0xFF, 0xFF, 0xFF, 0xA7, 0xA5, 0xFF, 0xFF, 0xFF, 0xFF, 0xFF, 0xFF, 0xFF, 0xFF, 0xFF, 
0xFF, 0xFF, 0xFF, 0xE5, 0xDD, 0xFF, 0xFF, 0x07, 0x00, 0x00, 0x00, 0x00, 0x00, 0x00, 0x00, 0x00, 
0x00, 0x00, 0xF3, 0xFF, 0xFF, 0x1B, 0x00, 0x00, 0x00, 0x00, 0x00, 0x00, 0x00, 0x00, 0x00, 0x00, 
0xF9, 0xFF, 0xFF, 0x4E, 0x00, 0x00, 0x00, 0x00, 0x00, 0x00, 0x00, 0x00, 0x00, 0x00, 0xE5, 0xFF, 
0xFF, 0xA5, 0x00, 0x00, 0x00, 0x00, 0x00, 0x00, 0x00, 0x00, 0x29, 0xC6, 0xB5, 0xFF, 0xFF, 0xFB, 
0x34, 0x00, 0x00, 0x00, 0x00, 0x00, 0x00, 0x00, 0x87, 0xC5, 0x67, 0xFF, 0xFF, 0xFF, 0xE1, 0x25, 
0x00, 0x00, 0x00, 0x00, 0x00, 0x1F, 0xF1, 0x77, 0x07, 0xE2, 0xFF, 0xFF, 0xFF, 0xF2, 0x79, 0x22, 
0x06, 0x1C, 0x64, 0xE0, 0xF0, 0x14, 0x00, 0x38, 0xF8, 0xFF, 0xFF, 0xFF, 0xFF, 0xFF, 0xFF, 0xFF, 
0xFF, 0xFF, 0x5E, 0x00, 0x00, 0x00, 0x3B, 0xE6, 0xFF, 0xFF, 0xFF, 0xFF, 0xFF, 0xFF, 0xFB, 0x6C, 
0x00, 0x00, 0x00, 0x00, 0x00, 0x0C, 0x75, 0xC7, 0xEF, 0xF8, 0xDE, 0x9B, 0x29, 0x00, 0x00, 0x00, 
0x00, 0x72, 0xEB, 0xED, 0xAA, 0x1B, 0x00, 0x00, 0x00, 0xFF, 0xFF, 0xFF, 0xFF, 0xFF, 0xFF, 0xFF, 
0x00, 0x00, 0x00, 0x23, 0xAA, 0xF0, 0xEA, 0x6F, 0x00, 0x00, 0xF3, 0xFF, 0xFF, 0xFF, 0xD7, 0x08, 
0x00, 0x00, 0x21, 0xAE, 0xFF, 0xFF, 0xFF, 0xAF, 0x22, 0x00, 0x00, 0x0E, 0xE1, 0xFF, 0xFF, 0xFF, 
0xF2, 0x00, 0x00, 0x8E, 0xF4, 0xAA, 0x53, 0xD2, 0x73, 0x00, 0x00, 0x00, 0x27, 0xFF, 0xFF, 0xFF, 
0x26, 0x00, 0x00, 0x00, 0x7F, 0xD0, 0x53, 0xAA, 0xF4, 0x8C, 0x00, 0x00, 0x00, 0x00, 0x00, 0x00, 
0x4B, 0xE0, 0x02, 0x00, 0x00, 0x09, 0xFF, 0xFF, 0xFF, 0x08, 0x00, 0x00, 0x05, 0xE7, 0x4A, 0x00, 
0x00, 0x00, 0x00, 0x00, 0x00, 0x00, 0x00, 0x00, 0x00, 0x03, 0xE3, 0x4F, 0x00, 0x00, 0x01, 0xFF, 
0xFF, 0xFF, 0x00, 0x00, 0x00, 0x57, 0xE3, 0x03, 0x00, 0x00, 0x00, 0x00, 0x00, 0x00, 0x00, 0x00, 
0x00, 0x00, 0x00, 0x7D, 0xD4, 0x08, 0x00, 0x00, 0xFF, 0xFF, 0xFF, 0x00, 0x00, 0x0A, 0xDA, 0x7D, 
0x00, 0x00, 0x00, 0x00, 0x00, 0x00, 0x00, 0x00, 0x00, 0x00, 0x00, 0x00, 0x0E, 0xE3, 0xC3, 0x43, 
0x0F, 0xFF, 0xFF, 0xFF, 0x0F, 0x45, 0xC7, 0xE3, 0x0E, 0x00, 0x00, 0x00, 0x00, 0x00, 0x00, 0x00, 
0x00, 0x00, 0x00, 0x00, 0x00, 0x07, 0x85, 0xFF, 0xFF, 0xFF, 0xFF, 0xFF, 0xFF, 0xFF, 0xFF, 0xFF, 
0x84, 0x06, 0x00, 0x00, 0x00, 0x00, 0x00, 0x00, 0x00, 0x00, 0x00, 0x00, 0x00, 0x0D, 0xD2, 0xFF, 
0xFE, 0x58, 0x09, 0xFF, 0xFF, 0xFF, 0x09, 0x59, 0xFE, 0xFF, 0xCC, 0x0A, 0x00, 0x00, 0x00, 0x00, 
0x00, 0x00, 0x00, 0x00, 0x00, 0x00, 0x96, 0xFF, 0xFF, 0x9B, 0x00, 0x00, 0xFF, 0xFF, 0xFF, 0x00, 
0x00, 0x9C, 0xFF, 0xFF, 0x92, 0x00, 0x00, 0x00, 0x00, 0x00, 0x00, 0x00, 0x00, 0x00, 0x2F, 0xFD, 
0xFF, 0xF6, 0x1A, 0x00, 0x00, 0xFF, 0xFF, 0xFF, 0x00, 0x00, 0x1A, 0xF6, 0xFF, 0xFC, 0x2D, 0x00, 
0x00, 0x00, 0x00, 0x00, 0x00, 0x00, 0x00, 0xB6, 0xFF, 0xFF, 0x8B, 0x00, 0x00, 0x01, 0xFF, 0xFF, 
0xFF, 0x00, 0x00, 0x00, 0x8C, 0xFF, 0xFF, 0xB6, 0x00, 0x00, 0x00, 0x00, 0x00, 0x00, 0x00, 0x42, 
0xFF, 0xFF, 0xF2, 0x14, 0x00, 0x00, 0x09, 0xFF, 0xFF, 0xFF, 0x07, 0x00, 0x00, 0x14, 0xF3, 0xFF, 
0xFF, 0x42, 0x00, 0x00, 0x00, 0x00, 0x00, 0x0A, 0xD8, 0xFF, 0xFF, 0x82, 0x00, 0x00, 0x00, 0x28, 
0xFF, 0xFF, 0xFF, 0x23, 0x00, 0x00, 0x00, 0x83, 0xFF, 0xFF, 0xD8, 0x0A, 0x00, 0x00, 0x0F, 0x3F, 
0xBE, 0xFF, 0xFF, 0xEE, 0x0F, 0x00, 0x00, 0x22, 0xAF, 0xFF, 0xFF, 0xFF, 0xAA, 0x22, 0x00, 0x00, 
0x0F, 0xEE, 0xFF, 0xFF, 0xBE, 0x3F, 0x0F, 0xFF, 0xFF, 0xFF, 0xFF, 0xFF, 0x7A, 0x00, 0x00, 0x00, 
0xFF, 0xFF, 0xFF, 0xFF, 0xFF, 0xFF, 0xFF, 0x00, 0x00, 0x00, 0x7A, 0xFF, 0xFF, 0xFF, 0xFF, 0xFF, 
0x00, 0xFF, 0x71, 0x69, 0xA7, 0xDF, 0xF9, 0xF1, 0xC8, 0x76, 0x0B, 0x00, 0x00, 0x00, 0xFF, 0xFF, 
0xEC, 0x62, 0x1A, 0x13, 0x60, 0xF1, 0xFF, 0xDD, 0x21, 0x00, 0x00, 0xFF, 0xF9, 0x2F, 0x00, 0x00, 
0x00, 0x00, 0x5A, 0xFF, 0xFF, 0xB8, 0x00, 0x00, 0xFF, 0x8C, 0x00, 0x00, 0x00, 0x00, 0x00, 0x0E, 
0xFF, 0xFF, 0xF5, 0x00, 0x00, 0xFF, 0x2D, 0x00, 0x00, 0x00, 0x00, 0x00, 0x2C, 0xFF, 0xFF, 0xD6, 
0x00, 0x00, 0x00, 0x00, 0x00, 0x00, 0x00, 0x00, 0x00, 0xA9, 0xFF, 0xFF, 0x58, 0x00, 0x00, 0x00, 
0x00, 0x00, 0x00, 0x08, 0x30, 0xA1, 0xFF, 0xE5, 0x50, 0x00, 0x00, 0x00, 0x00, 0x00, 0x00, 0x00, 
0xFF, 0xFF, 0xFF, 0xB1, 0x23, 0x00, 0x00, 0x00, 0x00, 0x00, 0x00, 0x00, 0x00, 0x0B, 0x2B, 0x69, 
0xD5, 0xFF, 0xBC, 0x30, 0x00, 0x00, 0x00, 0x00, 0x00, 0x00, 0x00, 0x00, 0x00, 0x06, 0xB8, 0xFF, 
0xF7, 0x3B, 0x00, 0x00, 0x00, 0x00, 0x00, 0x00, 0x00, 0x00, 0x00, 0x2C, 0xFF, 0xFF, 0xC8, 0x00, 
0x00, 0x00, 0x00, 0x00, 0x00, 0x00, 0x00, 0x00, 0x06, 0xFF, 0xFF, 0xF8, 0x00, 0x00, 0x00, 0x00, 
0x00, 0x00, 0x00, 0x00, 0x00, 0x25, 0xFF, 0xFF, 0xDD, 0x7A, 0x32, 0x00, 0x00, 0x00, 0x00, 0x00, 
0x00, 0x00, 0xA1, 0xFF, 0xFF, 0x71, 0x02, 0x74, 0xB6, 0x6C, 0x2E, 0x0E, 0x0D, 0x39, 0xB4, 0xFF, 
0xFF, 0x95, 0x01, 0x00, 0x00, 0x11, 0x75, 0xBD, 0xE6, 0xF9, 0xF6, 0xDC, 0xA3, 0x40, 0x00, 0x00, 
0xFF, 0xFF, 0xFF, 0xFF, 0xFF, 0xFF, 0xFF, 0x00, 0x00, 0x00, 0xFF, 0xFF, 0xFF, 0xFF, 0xFF, 0xFF, 
0xFF, 0x0B, 0x7F, 0xFF, 0xFF, 0xFF, 0x80, 0x0A, 0x00, 0x00, 0x00, 0x11, 0x8F, 0xFF, 0xFF, 0xFF, 
0x80, 0x0A, 0x00, 0x0D, 0xFF, 0xFF, 0xFF, 0x0E, 0x00, 0x00, 0x00, 0x00, 0x00, 0x12, 0xFF, 0xFF, 
0xFF, 0x0E, 0x00, 0x00, 0x01, 0xFF, 0xFF, 0xFF, 0x01, 0x00, 0x00, 0x00, 0x00, 0x00, 0x70, 0xFF, 
0xFF, 0xFF, 0x01, 0x00, 0x00, 0x00, 0xFF, 0xFF, 0xFF, 0x00, 0x00, 0x00, 0x00, 0x00, 0x52, 0xFD, 
0xFF, 0xFF, 0xFF, 0x00, 0x00, 0x00, 0x00, 0xFF, 0xFF, 0xFF, 0x00, 0x00, 0x00, 0x00, 0x39, 0xF6, 
0x8F, 0xFF, 0xFF, 0xFF, 0x00, 0x00, 0x00, 0x00, 0xFF, 0xFF, 0xFF, 0x00, 0x00, 0x00, 0x24, 0xEB, 
0xAD, 0x02, 0xFF, 0xFF, 0xFF, 0x00, 0x00, 0x00, 0x00, 0xFF, 0xFF, 0xFF, 0x00, 0x00, 0x14, 0xDB, 
0xC6, 0x09, 0x00, 0xFF, 0xFF, 0xFF, 0x00, 0x00, 0x00, 0x00, 0xFF, 0xFF, 0xFF, 0x00, 0x09, 0xC7, 
0xDB, 0x14, 0x00, 0x00, 0xFF, 0xFF, 0xFF, 0x00, 0x00, 0x00, 0x00, 0xFF, 0xFF, 0xFF, 0x02, 0xAD, 
0xEB, 0x24, 0x00, 0x00, 0x00, 0xFF, 0xFF, 0xFF, 0x00, 0x00, 0x00, 0x00, 0xFF, 0xFF, 0xFF, 0x90, 
0xF6, 0x38, 0x00, 0x00, 0x00, 0x00, 0xFF, 0xFF, 0xFF, 0x00, 0x00, 0x00, 0x00, 0xFF, 0xFF, 0xFF, 
0xFD, 0x52, 0x00, 0x00, 0x00, 0x00, 0x00, 0xFF, 0xFF, 0xFF, 0x00, 0x00, 0x00, 0x03, 0xFF, 0xFF, 
0xFF, 0x6F, 0x00, 0x00, 0x00, 0x00, 0x00, 0x04, 0xFF, 0xFF, 0xFF, 0x01, 0x00, 0x00, 0x18, 0xFF, 
0xFF, 0xFF, 0x0F, 0x00, 0x00, 0x00, 0x00, 0x00, 0x1A, 0xFF, 0xFF, 0xFF, 0x0D, 0x00, 0x10, 0x86, 
0xFF, 0xFF, 0xFF, 0x7B, 0x0E, 0x00, 0x00, 0x00, 0x10, 0x8A, 0xFF, 0xFF, 0xFF, 0x7E, 0x0A, 0xFF, 
0xFF, 0xFF, 0xFF, 0xFF, 0xFF, 0xFF, 0x00, 0x00, 0x00, 0xFF, 0xFF, 0xFF, 0xFF, 0xFF, 0xFF, 0xFF, 
0x00, 0x00, 0x00, 0xAB, 0xE1, 0x2E, 0x00, 0x00, 0x00, 0x00, 0x00, 0x32, 0xE5, 0xA5, 0x00, 0x00, 
0x00, 0x00, 0x00, 0x00, 0xF8, 0xFF, 0xCD, 0x00, 0x00, 0x00, 0x00, 0x00, 0xC8, 0xFF, 0xF4, 0x00, 
0x00, 0x00, 0x00, 0x00, 0x00, 0xC2, 0xFF, 0xFF, 0x4C, 0x00, 0x00, 0x00, 0x42, 0xFF, 0xFF, 0x9C, 
0x00, 0x00, 0x00, 0x00, 0x00, 0x00, 0x2C, 0xEB, 0xFF, 0xE0, 0x38, 0x07, 0x34, 0xDD, 0xFF, 0xAC, 
0x09, 0x00, 0x00, 0x00, 0x00, 0x00, 0x00, 0x00, 0x18, 0x89, 0xCF, 0xF3, 0xFC, 0xEA, 0xB1, 0x4A, 
0x00, 0x00, 0x00, 0x00, 0x00, 0x00, 0x00, 0x00, 0x00, 0x00, 0x00, 0x00, 0x00, 0x00, 0x00, 0x00, 
0x00, 0x00, 0x00, 0x00, 0x00, 0x00, 0x00, 0x00, 0x00, 0x00, 0x00, 0x00, 0x00, 0x00, 0x00, 0x00, 
0x00, 0x00, 0x00, 0x00, 0x00, 0x00, 0x00, 0xFF, 0xFF, 0xFF, 0xFF, 0xFF, 0xFF, 0xFF, 0x00, 0x00, 
0x00, 0xFF, 0xFF, 0xFF, 0xFF, 0xFF, 0xFF, 0xFF, 0x0B, 0x7F, 0xFF, 0xFF, 0xFF, 0x80, 0x0A, 0x00, 
0x00, 0x00, 0x11, 0x8F, 0xFF, 0xFF, 0xFF, 0x80, 0x0A, 0x00, 0x0D, 0xFF, 0xFF, 0xFF, 0x0E, 0x00, 
0x00, 0x00, 0x00, 0x00, 0x12, 0xFF, 0xFF, 0xFF, 0x0E, 0x00, 0x00, 0x01, 0xFF, 0xFF, 0xFF, 0x01, 
0x00, 0x00, 0x00, 0x00, 0x00, 0x70, 0xFF, 0xFF, 0xFF, 0x01, 0x00, 0x00, 0x00, 0xFF, 0xFF, 0xFF, 
0x00, 0x00, 0x00, 0x00, 0x00, 0x52, 0xFD, 0xFF, 0xFF, 0xFF, 0x00, 0x00, 0x00, 0x00, 0xFF, 0xFF, 
0xFF, 0x00, 0x00, 0x00, 0x00, 0x39, 0xF6, 0x8F, 0xFF, 0xFF, 0xFF, 0x00, 0x00, 0x00, 0x00, 0xFF, 
0xFF, 0xFF, 0x00, 0x00, 0x00, 0x24, 0xEB, 0xAD, 0x02, 0xFF, 0xFF, 0xFF, 0x00, 0x00, 0x00, 0x00, 
0xFF, 0xFF, 0xFF, 0x00, 0x00, 0x14, 0xDB, 0xC6, 0x09, 0x00, 0xFF, 0xFF, 0xFF, 0x00, 0x00, 0x00, 
0x00, 0xFF, 0xFF, 0xFF, 0x00, 0x09, 0xC7, 0xDB, 0x14, 0x00, 0x00, 0xFF, 0xFF, 0xFF, 0x00, 0x00, 
0x00, 0x00, 0xFF, 0xFF, 0xFF, 0x02, 0xAD, 0xEB, 0x24, 0x00, 0x00, 0x00, 0xFF, 0xFF, 0xFF, 0x00, 
0x00, 0x00, 0x00, 0xFF, 0xFF, 0xFF, 0x90, 0xF6, 0x38, 0x00, 0x00, 0x00, 0x00, 0xFF, 0xFF, 0xFF, 
0x00, 0x00, 0x00, 0x00, 0xFF, 0xFF, 0xFF, 0xFD, 0x52, 0x00, 0x00, 0x00, 0x00, 0x00, 0xFF, 0xFF, 
0xFF, 0x00, 0x00, 0x00, 0x03, 0xFF, 0xFF, 0xFF, 0x6F, 0x00, 0x00, 0x00, 0x00, 0x00, 0x04, 0xFF, 
0xFF, 0xFF, 0x01, 0x00, 0x00, 0x18, 0xFF, 0xFF, 0xFF, 0x0F, 0x00, 0x00, 0x00, 0x00, 0x00, 0x1A, 
0xFF, 0xFF, 0xFF, 0x0D, 0x00, 0x10, 0x86, 0xFF, 0xFF, 0xFF, 0x7B, 0x0E, 0x00, 0x00, 0x00, 0x10, 
0x8A, 0xFF, 0xFF, 0xFF, 0x7E, 0x0A, 0xFF, 0xFF, 0xFF, 0xFF, 0xFF, 0xFF, 0xFF, 0x00, 0x00, 0x00, 
0xFF, 0xFF, 0xFF, 0xFF, 0xFF, 0xFF, 0xFF, 0xFF, 0xFF, 0xFF, 0xFF, 0xFF, 0xFF, 0xFF, 0x00, 0x00, 
0x00, 0x00, 0x4B, 0xC5, 0xF6, 0xE6, 0x67, 0x00, 0x0B, 0x80, 0xFF, 0xFF, 0xFF, 0x73, 0x08, 0x00, 
0x00, 0x00, 0x5B, 0xFE, 0xFF, 0xFF, 0xFF, 0xF1, 0x00, 0x00, 0x0D, 0xFF, 0xFF, 0xFF, 0x0D, 0x00, 
0x00, 0x00, 0x08, 0xE7, 0xA3, 0x61, 0xBE, 0xF5, 0x8C, 0x00, 0x00, 0x02, 0xFF, 0xFF, 0xFF, 0x01, 
0x00, 0x00, 0x00, 0x63, 0xE1, 0x04, 0x00, 0x00, 0x00, 0x00, 0x00, 0x00, 0x00, 0xFF, 0xFF, 0xFF, 
0x00, 0x00, 0x00, 0x01, 0xD3, 0x7F, 0x00, 0x00, 0x00, 0x00, 0x00, 0x00, 0x00, 0x00, 0xFF, 0xFF, 
0xFF, 0x00, 0x00, 0x00, 0x6B, 0xFB, 0x1E, 0x00, 0x00, 0x00, 0x00, 0x00, 0x00, 0x00, 0x00, 0xFF, 
0xFF, 0xFF, 0x04, 0x23, 0x86, 0xFC, 0x88, 0x00, 0x00, 0x00, 0x00, 0x00, 0x00, 0x00, 0x00, 0x00, 
0xFF, 0xFF, 0xFF, 0xFF, 0xFF, 0xFF, 0xEB, 0x20, 0x00, 0x00, 0x00, 0x00, 0x00, 0x00, 0x00, 0x00, 
0x00, 0xFF, 0xFF, 0xFF, 0x04, 0x46, 0xF7, 0xFF, 0xED, 0x2A, 0x00, 0x00, 0x00, 0x00, 0x00, 0x00, 
0x00, 0x00, 0xFF, 0xFF, 0xFF, 0x00, 0x00, 0x76, 0xFF, 0xFF, 0xD7, 0x09, 0x00, 0x00, 0x00, 0x00, 
0x00, 0x00, 0x00, 0xFF, 0xFF, 0xFF, 0x00, 0x00, 0x04, 0xD4, 0xFF, 0xFF, 0x91, 0x00, 0x00, 0x00, 
0x00, 0x00, 0x00, 0x00, 0xFF, 0xFF, 0xFF, 0x00, 0x00, 0x00, 0x3E, 0xFF, 0xFF, 0xFE, 0x3C, 0x00, 
0x00, 0x00, 0x00, 0x00, 0x03, 0xFF, 0xFF, 0xFF, 0x01, 0x00, 0x00, 0x00, 0xA1, 0xFF, 0xFF, 0xDB, 
0x0B, 0x00, 0x00, 0x00, 0x00, 0x18, 0xFF, 0xFF, 0xFF, 0x0D, 0x00, 0x00, 0x00, 0x11, 0xE5, 0xFF, 
0xFF, 0xA6, 0x01, 0x00, 0x00, 0x10, 0x86, 0xFF, 0xFF, 0xFF, 0x7A, 0x09, 0x00, 0x00, 0x00, 0x47, 
0xFF, 0xFF, 0xFF, 0xA7, 0x35, 0x0D, 0xFF, 0xFF, 0xFF, 0xFF, 0xFF, 0xFF, 0xFF, 0x00, 0x00, 0x00, 
0x00, 0x95, 0xFF, 0xFF, 0xFF, 0xFF, 0xFF, 0x00, 0x00, 0x00, 0xFF, 0xFF, 0xFF, 0xFF, 0xFF, 0xFF, 
0xFF, 0xFF, 0xFF, 0xFF, 0xFF, 0xFF, 0xFF, 0x00, 0x00, 0x00, 0x16, 0x97, 0xFF, 0x00, 0x00, 0x00, 
0x00, 0x00, 0xFF, 0xFF, 0xFF, 0x7E, 0x0A, 0x00, 0x00, 0x00, 0x00, 0x22, 0xFF, 0x00, 0x00, 0x00, 
0x00, 0x00, 0xFF, 0xFF, 0xFF, 0x0E, 0x00, 0x00, 0x00, 0x00, 0x00, 0x0A, 0xFF, 0x00, 0x00, 0x00, 
0x00, 0x00, 0xFF, 0xFF, 0xFF, 0x01, 0x00, 0x00, 0x00, 0x00, 0x00, 0x02, 0xFF, 0x00, 0x00, 0x00, 
0x00, 0x00, 0xFF, 0xFF, 0xFF, 0x00, 0x00, 0x00, 0x00, 0x00, 0x00, 0x00, 0xFF, 0x00, 0x00, 0x00, 
0x00, 0x00, 0xFF, 0xFF, 0xFF, 0x00, 0x00, 0x00, 0x00, 0x00, 0x00, 0x00, 0xFF, 0x00, 0x00, 0x00, 
0x00, 0x00, 0xFF, 0xFF, 0xFF, 0x00, 0x00, 0x00, 0x00, 0x00, 0x00, 0x00, 0xFF, 0x00, 0x00, 0x00, 
0x00, 0x00, 0xFF, 0xFF, 0xFF, 0x00, 0x00, 0x00, 0x00, 0x00, 0x00, 0x00, 0xFC, 0x00, 0x00, 0x00, 
0x00, 0x00, 0xFF, 0xFF, 0xFF, 0x00, 0x00, 0x00, 0x00, 0x00, 0x00, 0x05, 0xF8, 0x00, 0x00, 0x00, 
0x00, 0x00, 0xFF, 0xFF, 0xFF, 0x00, 0x00, 0x00, 0x00, 0x00, 0x00, 0x10, 0xEE, 0x00, 0x00, 0x00, 
0x00, 0x00, 0xFF, 0xFF, 0xFF, 0x00, 0x00, 0x00, 0x00, 0x00, 0x00, 0x25, 0xDD, 0x00, 0x00, 0x00, 
0x00, 0x00, 0xFF, 0xFF, 0xFF, 0x00, 0x00, 0x00, 0x00, 0x00, 0x00, 0x4F, 0xBF, 0x00, 0x00, 0x00, 
0x00, 0x03, 0xFF, 0xFF, 0xFF, 0x01, 0x00, 0xA4, 0xF1, 0x84, 0x12, 0xB9, 0x7C, 0x00, 0x00, 0x00, 
0x00, 0x13, 0xFF, 0xFF, 0xFF, 0x0D, 0x00, 0xF3, 0xFF, 0xFF, 0xFF, 0xE8, 0x19, 0x00, 0x00, 0x00, 
0x07, 0x72, 0xFF, 0xFF, 0xFF, 0x7E, 0x0A, 0x71, 0xEB, 0xF1, 0xB5, 0x2A, 0x00, 0x00, 0x00, 0x00, 
0xFF, 0xFF, 0xFF, 0xFF, 0xFF, 0xFF, 0xFF, 0xFF, 0xFF, 0xFF, 0xFF, 0xFF, 0x37, 0x00, 0x00, 0x00, 
0x00, 0x00, 0x00, 0x00, 0x00, 0x35, 0xFF, 0xFF, 0xFF, 0xFF, 0xFF, 0x0B, 0x80, 0xFF, 0xFF, 0xFF, 
0xAE, 0x00, 0x00, 0x00, 0x00, 0x00, 0x00, 0x00, 0x00, 0x96, 0xFF, 0xFF, 0xFF, 0x7E, 0x0A, 0x00, 
0x0D, 0xFF, 0xF7, 0xFF, 0xFE, 0x28, 0x00, 0x00, 0x00, 0x00, 0x00, 0x00, 0x08, 0xE8, 0xFF, 0xFF, 
0xFF, 0x0E, 0x00, 0x00, 0x02, 0xFF, 0x98, 0xFF, 0xFF, 0x9D, 0x00, 0x00, 0x00, 0x00, 0x00, 0x00, 
0x58, 0xAA, 0xFF, 0xFF, 0xFF, 0x01, 0x00, 0x00, 0x00, 0xFF, 0x23, 0xFC, 0xFF, 0xF9, 0x1B, 0x00, 
0x00, 0x00, 0x00, 0x00, 0xB9, 0x49, 0xFF, 0xFF, 0xFF, 0x00, 0x00, 0x00, 0x00, 0xFF, 0x00, 0xA9, 
0xFF, 0xFF, 0x8C, 0x00, 0x00, 0x00, 0x00, 0x1C, 0xE2, 0x03, 0xFF, 0xFF, 0xFF, 0x00, 0x00, 0x00, 
0x00, 0xFF, 0x00, 0x32, 0xFF, 0xFF, 0xF2, 0x10, 0x00, 0x00, 0x00, 0x7B, 0x86, 0x00, 0xFF, 0xFF, 
0xFF, 0x00, 0x00, 0x00, 0x00, 0xFF, 0x00, 0x00, 0xBA, 0xFF, 0xFF, 0x7A, 0x00, 0x00, 0x00, 0xDA, 
0x26, 0x00, 0xFF, 0xFF, 0xFF, 0x00, 0x00, 0x00, 0x00, 0xFF, 0x00, 0x00, 0x43, 0xFF, 0xFF, 0xE9, 
0x08, 0x00, 0x3D, 0xC4, 0x00, 0x00, 0xFF, 0xFF, 0xFF, 0x00, 0x00, 0x00, 0x00, 0xFF, 0x00, 0x00, 
0x00, 0xCB, 0xFF, 0xFF, 0x69, 0x00, 0x9E, 0x63, 0x00, 0x00, 0xFF, 0xFF, 0xFF, 0x00, 0x00, 0x00, 
0x00, 0xFF, 0x00, 0x00, 0x00, 0x54, 0xFF, 0xFF, 0xDD, 0x0F, 0xE8, 0x0D, 0x00, 0x00, 0xFF, 0xFF, 
0xFF, 0x00, 0x00, 0x00, 0x00, 0xFF, 0x00, 0x00, 0x00, 0x02, 0xDA, 0xFF, 0xFF, 0xB5, 0xA0, 0x00, 
0x00, 0x00, 0xFF, 0xFF, 0xFF, 0x00, 0x00, 0x00, 0x03, 0xFF, 0x01, 0x00, 0x00, 0x00, 0x66, 0xFF, 
0xFF, 0xFF, 0x3F, 0x00, 0x00, 0x04, 0xFF, 0xFF, 0xFF, 0x01, 0x00, 0x00, 0x18, 0xFF, 0x0E, 0x00, 
0x00, 0x00, 0x07, 0xE7, 0xFF, 0xDD, 0x01, 0x00, 0x00, 0x1A, 0xFF, 0xFF, 0xFF, 0x0D, 0x00, 0x10, 
0x86, 0xFF, 0x7B, 0x0B, 0x00, 0x00, 0x00, 0x77, 0xFF, 0x7D, 0x00, 0x00, 0x10, 0x8A, 0xFF, 0xFF, 
0xFF, 0x78, 0x0B, 0xFF, 0xFF, 0xFF, 0xFF, 0xFF, 0x00, 0x00, 0x00, 0x0F, 0xEE, 0x1E, 0x00, 0x00, 
0xFF, 0xFF, 0xFF, 0xFF, 0xFF, 0xFF, 0xFF, 0xFF, 0xFF, 0xFF, 0xFF, 0xFF, 0xFF, 0xFF, 0x00, 0x00, 
0x00, 0xFF, 0xFF, 0xFF, 0xFF, 0xFF, 0xFF, 0xFF, 0x0D, 0x81, 0xFF, 0xFF, 0xFF, 0x79, 0x0B, 0x00, 
0x00, 0x00, 0x0C, 0x81, 0xFF, 0xFF, 0xFF, 0x79, 0x0B, 0x00, 0x0F, 0xFF, 0xFF, 0xFF, 0x0E, 0x00, 
0x00, 0x00, 0x00, 0x00, 0x0F, 0xFF, 0xFF, 0xFF, 0x0E, 0x00, 0x00, 0x03, 0xFF, 0xFF, 0xFF, 0x01, 
0x00, 0x00, 0x00, 0x00, 0x00, 0x01, 0xFF, 0xFF, 0xFF, 0x01, 0x00, 0x00, 0x00, 0xFF, 0xFF, 0xFF, 
0x00, 0x00, 0x00, 0x00, 0x00, 0x00, 0x00, 0xFF, 0xFF, 0xFF, 0x00, 0x00, 0x00, 0x00, 0xFF, 0xFF, 
0xFF, 0x00, 0x00, 0x00, 0x00, 0x00, 0x00, 0x00, 0xFF, 0xFF, 0xFF, 0x00, 0x00, 0x00, 0x00, 0xFF, 
0xFF, 0xFF, 0x00, 0x00, 0x00, 0x00, 0x00, 0x00, 0x00, 0xFF, 0xFF, 0xFF, 0x00, 0x00, 0x00, 0x00, 
0xFF, 0xFF, 0xFF, 0xFF, 0xFF, 0xFF, 0xFF, 0xFF, 0xFF, 0xFF, 0xFF, 0xFF, 0xFF, 0x00, 0x00, 0x00, 
0x00, 0xFF, 0xFF, 0xFF, 0x00, 0x00, 0x00, 0x00, 0x00, 0x00, 0x00, 0xFF, 0xFF, 0xFF, 0x00, 0x00, 
0x00, 0x00, 0xFF, 0xFF, 0xFF, 0x00, 0x00, 0x00, 0x00, 0x00, 0x00, 0x00, 0xFF, 0xFF, 0xFF, 0x00, 
0x00, 0x00, 0x00, 0xFF, 0xFF, 0xFF, 0x00, 0x00, 0x00, 0x00, 0x00, 0x00, 0x00, 0xFF, 0xFF, 0xFF, 
0x00, 0x00, 0x00, 0x00, 0xFF, 0xFF, 0xFF, 0x00, 0x00, 0x00, 0x00, 0x00, 0x00, 0x00, 0xFF, 0xFF, 
0xFF, 0x00, 0x00, 0x00, 0x03, 0xFF, 0xFF, 0xFF, 0x02, 0x00, 0x00, 0x00, 0x00, 0x00, 0x04, 0xFF, 
0xFF, 0xFF, 0x02, 0x00, 0x00, 0x18, 0xFF, 0xFF, 0xFF, 0x0F, 0x00, 0x00, 0x00, 0x00, 0x00, 0x1A, 
0xFF, 0xFF, 0xFF, 0x0F, 0x00, 0x10, 0x86, 0xFF, 0xFF, 0xFF, 0x80, 0x0C, 0x00, 0x00, 0x00, 0x10, 
0x8A, 0xFF, 0xFF, 0xFF, 0x80, 0x0C, 0xFF, 0xFF, 0xFF, 0xFF, 0xFF, 0xFF, 0xFF, 0x00, 0x00, 0x00, 
0xFF, 0xFF, 0xFF, 0xFF, 0xFF, 0xFF, 0xFF, 0x00, 0x00, 0x00, 0x00, 0x2A, 0x8E, 0xD0, 0xEF, 0xF4, 
0xDB, 0x9F, 0x45, 0x00, 0x00, 0x00, 0x00, 0x00, 0x00, 0x09, 0x9F, 0xFF, 0x9A, 0x2A, 0x07, 0x27, 
0x90, 0xFD, 0xFF, 0xB6, 0x13, 0x00, 0x00, 0x00, 0x07, 0xC1, 0xFF, 0x87, 0x00, 0x00, 0x00, 0x00, 
0x00, 0x66, 0xFF, 0xFF, 0xD5, 0x14, 0x00, 0x00, 0x8B, 0xFF, 0xEC, 0x08, 0x00, 0x00, 0x00, 0x00, 
0x00, 0x00, 0xB1, 0xFF, 0xFF, 0xB5, 0x00, 0x20, 0xFB, 0xFF, 0xA3, 0x00, 0x00, 0x00, 0x00, 0x00, 
0x00, 0x00, 0x33, 0xFF, 0xFF, 0xFF, 0x45, 0x86, 0xFF, 0xFF, 0x79, 0x00, 0x00, 0x00, 0x00, 0x00, 
0x00, 0x00, 0x00, 0xD7, 0xFF, 0xFF, 0xA7, 0xCE, 0xFF, 0xFF, 0x66, 0x00, 0x00, 0x00, 0x00, 0x00, 
0x00, 0x00, 0x00, 0x9F, 0xFF, 0xFF, 0xE2, 0xF4, 0xFF, 0xFF, 0x6A, 0x00, 0x00, 0x00, 0x00, 0x00, 
0x00, 0x00, 0x00, 0x79, 0xFF, 0xFF, 0xF9, 0xF8, 0xFF, 0xFF, 0x7D, 0x00, 0x00, 0x00, 0x00, 0x00, 
0x00, 0x00, 0x00, 0x69, 0xFF, 0xFF, 0xF0, 0xDE, 0xFF, 0xFF, 0xA9, 0x00, 0x00, 0x00, 0x00, 0x00, 
0x00, 0x00, 0x00, 0x65, 0xFF, 0xFF, 0xC6, 0xA0, 0xFF, 0xFF, 0xE9, 0x02, 0x00, 0x00, 0x00, 0x00, 
0x00, 0x00, 0x00, 0x75, 0xFF, 0xFF, 0x7A, 0x3C, 0xFF, 0xFF, 0xFF, 0x49, 0x00, 0x00, 0x00, 0x00, 
0x00, 0x00, 0x00, 0x9B, 0xFF, 0xF7, 0x17, 0x00, 0xAE, 0xFF, 0xFF, 0xC8, 0x02, 0x00, 0x00, 0x00, 
0x00, 0x00, 0x02, 0xE2, 0xFF, 0x81, 0x00, 0x00, 0x13, 0xD4, 0xFF, 0xFF, 0x83, 0x00, 0x00, 0x00, 
0x00, 0x00, 0x71, 0xFF, 0xBA, 0x04, 0x00, 0x00, 0x00, 0x16, 0xBC, 0xFF, 0xFF, 0xA3, 0x2E, 0x07, 
0x20, 0x88, 0xFD, 0x9B, 0x07, 0x00, 0x00, 0x00, 0x00, 0x00, 0x00, 0x4D, 0xA8, 0xE0, 0xF8, 0xF6, 
0xD6, 0x94, 0x30, 0x00, 0x00, 0x00, 0x00, 0xFF, 0xFF, 0xFF, 0xFF, 0xFF, 0xFF, 0xFF, 0xFF, 0xFF, 
0xFF, 0xFF, 0xFF, 0xFF, 0xFF, 0xFF, 0xFF, 0xFF, 0x0B, 0x80, 0xFF, 0xFF, 0xFF, 0x00, 0x00, 0x00, 
0x00, 0x00, 0x00, 0x00, 0xFF, 0xFF, 0xFF, 0x80, 0x0A, 0x00, 0x0D, 0xFF, 0xFF, 0xFF, 0x00, 0x00, 
0x00, 0x00, 0x00, 0x00, 0x00, 0xFF, 0xFF, 0xFF, 0x0E, 0x00, 0x00, 0x02, 0xFF, 0xFF, 0xFF, 0x00, 
0x00, 0x00, 0x00, 0x00, 0x00, 0x00, 0xFF, 0xFF, 0xFF, 0x01, 0x00, 0x00, 0x00, 0xFF, 0xFF, 0xFF, 
0x00, 0x00, 0x00, 0x00, 0x00, 0x00, 0x00, 0xFF, 0xFF, 0xFF, 0x00, 0x00, 0x00, 0x00, 0xFF, 0xFF, 
0xFF, 0x00, 0x00, 0x00, 0x00, 0x00, 0x00, 0x00, 0xFF, 0xFF, 0xFF, 0x00, 0x00, 0x00, 0x00, 0xFF, 
0xFF, 0xFF, 0x00, 0x00, 0x00, 0x00, 0x00, 0x00, 0x00, 0xFF, 0xFF, 0xFF, 0x00, 0x00, 0x00, 0x00, 
0xFF, 0xFF, 0xFF, 0x00, 0x00, 0x00, 0x00, 0x00, 0x00, 0x00, 0xFF, 0xFF, 0xFF, 0x00, 0x00, 0x00, 
0x00, 0xFF, 0xFF, 0xFF, 0x00, 0x00, 0x00, 0x00, 0x00, 0x00, 0x00, 0xFF, 0xFF, 0xFF, 0x00, 0x00, 
0x00, 0x00, 0xFF, 0xFF, 0xFF, 0x00, 0x00, 0x00, 0x00, 0x00, 0x00, 0x00, 0xFF, 0xFF, 0xFF, 0x00, 
0x00, 0x00, 0x00, 0xFF, 0xFF, 0xFF, 0x00, 0x00, 0x00, 0x00, 0x00, 0x00, 0x00, 0xFF, 0xFF, 0xFF, 
0x00, 0x00, 0x00, 0x00, 0xFF, 0xFF, 0xFF, 0x00, 0x00, 0x00, 0x00, 0x00, 0x00, 0x00, 0xFF, 0xFF, 
0xFF, 0x00, 0x00, 0x00, 0x03, 0xFF, 0xFF, 0xFF, 0x01, 0x00, 0x00, 0x00, 0x00, 0x00, 0x04, 0xFF, 
0xFF, 0xFF, 0x01, 0x00, 0x00, 0x18, 0xFF, 0xFF, 0xFF, 0x0D, 0x00, 0x00, 0x00, 0x00, 0x00, 0x1A, 
0xFF, 0xFF, 0xFF, 0x0D, 0x00, 0x10, 0x86, 0xFF, 0xFF, 0xFF, 0x7E, 0x0A, 0x00, 0x00, 0x00, 0x10, 
0x8A, 0xFF, 0xFF, 0xFF, 0x7E, 0x0A, 0xFF, 0xFF, 0xFF, 0xFF, 0xFF, 0xFF, 0xFF, 0x00, 0x00, 0x00, 
0xFF, 0xFF, 0xFF, 0xFF, 0xFF, 0xFF, 0xFF, 0x00, 0x00, 0x24, 0x96, 0xF6, 0x00, 0x00, 0x44, 0xB5, 
0xEC, 0xF4, 0xC9, 0x66, 0x02, 0x00, 0x00, 0x3A, 0xAE, 0xFD, 0xFF, 0xFF, 0x00, 0x86, 0xFF, 0xFF, 
0xFF, 0xFF, 0xFF, 0xFF, 0xB3, 0x07, 0x00, 0xCF, 0xEB, 0xFF, 0xFF, 0xFF, 0x71, 0xCA, 0x40, 0x09, 
0x1F, 0x8E, 0xFF, 0xFF, 0xFF, 0x91, 0x00, 0x00, 0x28, 0xFF, 0xFF, 0xFF, 0xAF, 0x08, 0x00, 0x00, 
0x00, 0x00, 0x83, 0xFF, 0xFF, 0xFE, 0x27, 0x00, 0x03, 0xFF, 0xFF, 0xFF, 0x06, 0x00, 0x00, 0x00, 
0x00, 0x00, 0x05, 0xDC, 0xFF, 0xFF, 0x8D, 0x00, 0x00, 0xFF, 0xFF, 0xFF, 0x00, 0x00, 0x00, 0x00, 
0x00, 0x00, 0x00, 0x79, 0xFF, 0xFF, 0xCD, 0x00, 0x00, 0xFF, 0xFF, 0xFF, 0x00, 0x00, 0x00, 0x00, 
0x00, 0x00, 0x00, 0x3B, 0xFF, 0xFF, 0xED, 0x00, 0x00, 0xFF, 0xFF, 0xFF, 0x00, 0x00, 0x00, 0x00, 
0x00, 0x00, 0x00, 0x14, 0xFF, 0xFF, 0xFA, 0x00, 0x00, 0xFF, 0xFF, 0xFF, 0x00, 0x00, 0x00, 0x00, 
0x00, 0x00, 0x00, 0x05, 0xFF, 0xFF, 0xEA, 0x00, 0x00, 0xFF, 0xFF, 0xFF, 0x00, 0x00, 0x00, 0x00, 
0x00, 0x00, 0x00, 0x0B, 0xFF, 0xFF, 0xCB, 0x00, 0x00, 0xFF, 0xFF, 0xFF, 0x01, 0x00, 0x00, 0x00, 
0x00, 0x00, 0x00, 0x23, 0xFF, 0xFF, 0x8B, 0x00, 0x00, 0xFF, 0xFF, 0xFF, 0x09, 0x00, 0x00, 0x00, 
0x00, 0x00, 0x00, 0x5A, 0xFF, 0xFE, 0x2E, 0x00, 0x00, 0xFF, 0xFF, 0xFF, 0x2F, 0x00, 0x00, 0x00, 
0x00, 0x00, 0x00, 0xB9, 0xFF, 0xAA, 0x00, 0x00, 0x00, 0xFF, 0xFF, 0xFF, 0xAD, 0x01, 0x00, 0x00, 
0x00, 0x00, 0x54, 0xFF, 0xE0, 0x12, 0x00, 0x00, 0x00, 0xFF, 0xFF, 0xFF, 0xEA, 0xB3, 0x36, 0x0A, 
0x17, 0x73, 0xF8, 0xD6, 0x20, 0x00, 0x00, 0x00, 0x00, 0xFF, 0xFF, 0xFF, 0x1A, 0x96, 0xDF, 0xFA, 
0xEF, 0xC4, 0x6C, 0x06, 0x00, 0x00, 0x00, 0x00, 0x00, 0xFF, 0xFF, 0xFF, 0x00, 0x00, 0x00, 0x00, 
0x00, 0x00, 0x00, 0x00, 0x00, 0x00, 0x00, 0x00, 0x00, 0xFF, 0xFF, 0xFF, 0x00, 0x00, 0x00, 0x00, 
0x00, 0x00, 0x00, 0x00, 0x00, 0x00, 0x00, 0x00, 0x00, 0xFF, 0xFF, 0xFF, 0x00, 0x00, 0x00, 0x00, 
0x00, 0x00, 0x00, 0x00, 0x00, 0x00, 0x00, 0x00, 0x00, 0xFF, 0xFF, 0xFF, 0x00, 0x00, 0x00, 0x00, 
0x00, 0x00, 0x00, 0x00, 0x00, 0x00, 0x00, 0x00, 0x02, 0xFF, 0xFF, 0xFF, 0x01, 0x00, 0x00, 0x00, 
0x00, 0x00, 0x00, 0x00, 0x00, 0x00, 0x00, 0x00, 0x0F, 0xFF, 0xFF, 0xFF, 0x0F, 0x00, 0x00, 0x00, 
0x00, 0x00, 0x00, 0x00, 0x00, 0x00, 0x00, 0x07, 0x7B, 0xFF, 0xFF, 0xFF, 0x83, 0x0A, 0x00, 0x00, 
0x00, 0x00, 0x00, 0x00, 0x00, 0x00, 0x00, 0xFF, 0xFF, 0xFF, 0xFF, 0xFF, 0xFF, 0xFF, 0x00, 0x00, 
0x00, 0x00, 0x00, 0x00, 0x00, 0x00, 0x00, 0x00, 0x00, 0x00, 0x00, 0x51, 0xAD, 0xE5, 0xFA, 0xEF, 
0xC1, 0x65, 0x03, 0x00, 0x00, 0x00, 0x00, 0x18, 0xC2, 0xEC, 0x60, 0x12, 0x0C, 0x5A, 0xFA, 0xFF, 
0xC4, 0x10, 0x00, 0x00, 0x18, 0xE0, 0xF9, 0x32, 0x00, 0x00, 0x00, 0x00, 0xA3, 0xFF, 0xFF, 0xA8, 
0x00, 0x00, 0xC0, 0xFF, 0x93, 0x00, 0x00, 0x00, 0x00, 0x00, 0x56, 0xFF, 0xFF, 0xF4, 0x00, 0x49, 
0xFF, 0xFF, 0x3B, 0x00, 0x00, 0x00, 0x00, 0x00, 0x00, 0x92, 0xF7, 0x95, 0x00, 0xA3, 0xFF, 0xFF, 
0x0F, 0x00, 0x00, 0x00, 0x00, 0x00, 0x00, 0x00, 0x00, 0x00, 0x00, 0xDE, 0xFF, 0xFF, 0x04, 0x00, 
0x00, 0x00, 0x00, 0x00, 0x00, 0x00, 0x00, 0x00, 0x00, 0xF6, 0xFF, 0xFF, 0x16, 0x00, 0x00, 0x00, 
0x00, 0x00, 0x00, 0x00, 0x00, 0x00, 0x00, 0xF7, 0xFF, 0xFF, 0x46, 0x00, 0x00, 0x00, 0x00, 0x00, 
0x00, 0x00, 0x00, 0x00, 0x00, 0xE2, 0xFF, 0xFF, 0x9A, 0x00, 0x00, 0x00, 0x00, 0x00, 0x00, 0x00, 
0x00, 0x31, 0xCF, 0xAF, 0xFF, 0xFF, 0xF7, 0x20, 0x00, 0x00, 0x00, 0x00, 0x00, 0x00, 0x00, 0x9C, 
0xB1, 0x60, 0xFF, 0xFF, 0xFF, 0xC7, 0x09, 0x00, 0x00, 0x00, 0x00, 0x00, 0x2C, 0xFA, 0x5F, 0x05, 
0xDE, 0xFF, 0xFF, 0xFF, 0xD4, 0x50, 0x11, 0x09, 0x25, 0x6B, 0xE1, 0xE5, 0x09, 0x00, 0x35, 0xF7, 
0xFF, 0xFF, 0xFF, 0xFF, 0xFF, 0xFF, 0xFF, 0xFF, 0xFD, 0x4E, 0x00, 0x00, 0x00, 0x3A, 0xE7, 0xFF, 
0xFF, 0xFF, 0xFF, 0xFF, 0xFF, 0xF2, 0x59, 0x00, 0x00, 0x00, 0x00, 0x00, 0x0D, 0x7B, 0xCE, 0xF3, 
0xF6, 0xD3, 0x87, 0x1A, 0x00, 0x00, 0x00, 0x44, 0xFF, 0xFF, 0xFF, 0xFF, 0xFF, 0xFF, 0xFF, 0xFF, 
0xFF, 0xFF, 0xFF, 0xFF, 0xFF, 0x37, 0x7A, 0xF9, 0x5A, 0x0F, 0x02, 0x00, 0xFF, 0xFF, 0xFF, 0x00, 
0x03, 0x13, 0x5B, 0xF6, 0x70, 0xB0, 0x86, 0x00, 0x00, 0x00, 0x00, 0xFF, 0xFF, 0xFF, 0x00, 0x00, 
0x00, 0x00, 0x76, 0xA9, 0xE5, 0x26, 0x00, 0x00, 0x00, 0x00, 0xFF, 0xFF, 0xFF, 0x00, 0x00, 0x00, 
0x00, 0x1F, 0xE3, 0x00, 0x00, 0x00, 0x00, 0x00, 0x00, 0xFF, 0xFF, 0xFF, 0x00, 0x00, 0x00, 0x00, 
0x00, 0x00, 0x00, 0x00, 0x00, 0x00, 0x00, 0x00, 0xFF, 0xFF, 0xFF, 0x00, 0x00, 0x00, 0x00, 0x00, 
0x00, 0x00, 0x00, 0x00, 0x00, 0x00, 0x00, 0xFF, 0xFF, 0xFF, 0x00, 0x00, 0x00, 0x00, 0x00, 0x00, 
0x00, 0x00, 0x00, 0x00, 0x00, 0x00, 0xFF, 0xFF, 0xFF, 0x00, 0x00, 0x00, 0x00, 0x00, 0x00, 0x00, 
0x00, 0x00, 0x00, 0x00, 0x00, 0xFF, 0xFF, 0xFF, 0x00, 0x00, 0x00, 0x00, 0x00, 0x00, 0x00, 0x00, 
0x00, 0x00, 0x00, 0x00, 0xFF, 0xFF, 0xFF, 0x00, 0x00, 0x00, 0x00, 0x00, 0x00, 0x00, 0x00, 0x00, 
0x00, 0x00, 0x00, 0xFF, 0xFF, 0xFF, 0x00, 0x00, 0x00, 0x00, 0x00, 0x00, 0x00, 0x00, 0x00, 0x00, 
0x00, 0x00, 0xFF, 0xFF, 0xFF, 0x00, 0x00, 0x00, 0x00, 0x00, 0x00, 0x00, 0x00, 0x00, 0x00, 0x00, 
0x03, 0xFF, 0xFF, 0xFF, 0x01, 0x00, 0x00, 0x00, 0x00, 0x00, 0x00, 0x00, 0x00, 0x00, 0x00, 0x17, 
0xFF, 0xFF, 0xFF, 0x0C, 0x00, 0x00, 0x00, 0x00, 0x00, 0x00, 0x00, 0x00, 0x00, 0x11, 0x85, 0xFF, 
0xFF, 0xFF, 0x64, 0x0A, 0x00, 0x00, 0x00, 0x00, 0x00, 0x00, 0x00, 0x00, 0xFF, 0xFF, 0xFF, 0xFF, 
0xFF, 0xFF, 0xFF, 0x00, 0x00, 0x00, 0x00, 0x3C, 0xFF, 0xFF, 0xFF, 0xFF, 0xFF, 0xFF, 0xFF, 0x60, 
0x00, 0x00, 0x00, 0x00, 0x50, 0xFF, 0xFF, 0xFF, 0xFF, 0x58, 0x02, 0x3C, 0xD5, 0xFF, 0xFF, 0xFF, 
0xB5, 0x13, 0x00, 0x00, 0x00, 0x00, 0x00, 0x00, 0x15, 0xD5, 0xE0, 0x37, 0x02, 0x00, 0x00, 0x22, 
0xF3, 0xFF, 0xFF, 0x80, 0x00, 0x00, 0x00, 0x00, 0x00, 0x00, 0x00, 0x00, 0xD2, 0x48, 0x00, 0x00, 
0x00, 0x00, 0x00, 0x73, 0xFF, 0xFF, 0xD5, 0x00, 0x00, 0x00, 0x00, 0x00, 0x00, 0x00, 0x2C, 0xD4, 
0x00, 0x00, 0x00, 0x00, 0x00, 0x00, 0x09, 0xE7, 0xFF, 0xFF, 0x4E, 0x00, 0x00, 0x00, 0x00, 0x00, 
0x00, 0x97, 0x6B, 0x00, 0x00, 0x00, 0x00, 0x00, 0x00, 0x00, 0x73, 0xFF, 0xFF, 0xCD, 0x00, 0x00, 
0x00, 0x00, 0x00, 0x0D, 0xE6, 0x0E, 0x00, 0x00, 0x00, 0x00, 0x00, 0x00, 0x00, 0x0A, 0xE9, 0xFF, 
0xFF, 0x4D, 0x00, 0x00, 0x00, 0x00, 0x6A, 0x97, 0x00, 0x00, 0x00, 0x00, 0x00, 0x00, 0x00, 0x00, 
0x00, 0x75, 0xFF, 0xFF, 0xCB, 0x00, 0x00, 0x00, 0x00, 0xD2, 0x2E, 0x00, 0x00, 0x00, 0x00, 0x00, 
0x00, 0x00, 0x00, 0x00, 0x0B, 0xEB, 0xFF, 0xFF, 0x4B, 0x00, 0x00, 0x3D, 0xC4, 0x00, 0x00, 0x00, 
0x00, 0x00, 0x00, 0x00, 0x00, 0x00, 0x00, 0x00, 0x78, 0xFF, 0xFF, 0xCA, 0x00, 0x00, 0xA7, 0x5A, 
0x00, 0x00, 0x00, 0x00, 0x00, 0x00, 0x00, 0x00, 0x00, 0x00, 0x00, 0x0C, 0xEC, 0xFF, 0xFF, 0x49, 
0x16, 0xE3, 0x06, 0x00, 0x00, 0x00, 0x00, 0x00, 0x00, 0x00, 0x00, 0x00, 0x00, 0x00, 0x00, 0x7A, 
0xFF, 0xFF, 0xC8, 0x7A, 0x87, 0x00, 0x00, 0x00, 0x00, 0x00, 0x00, 0x00, 0x00, 0x00, 0x00, 0x00, 
0x00, 0x00, 0x0D, 0xEE, 0xFF, 0xFF, 0xF1, 0x20, 0x00, 0x00, 0x00, 0x00, 0x00, 0x00, 0x00, 0x00, 
0x00, 0x00, 0x00, 0x00, 0x00, 0x00, 0x7D, 0xFF, 0xFF, 0xB3, 0x00, 0x00, 0x00, 0x00, 0x00, 0x00, 
0x00, 0x00, 0x00, 0x00, 0x00, 0x00, 0x00, 0x00, 0x00, 0x0F, 0xEF, 0xFF, 0x49, 0x00, 0x00, 0x00, 
0x00, 0x00, 0x00, 0x00, 0x00, 0x00, 0x00, 0x00, 0x00, 0x00, 0x00, 0x00, 0x00, 0x80, 0xDE, 0x02, 
0x00, 0x00, 0x00, 0x00, 0x00, 0x00, 0x00, 0x00, 0x00, 0x00, 0x00, 0x00, 0x00, 0x00, 0x00, 0x00, 
0x8B, 0x76, 0x00, 0x00, 0x00, 0x00, 0x00, 0x00, 0x00, 0x00, 0x00, 0x00, 0x00, 0x00, 0x00, 0x00, 
0x00, 0x00, 0x08, 0xE5, 0x14, 0x00, 0x00, 0x00, 0x00, 0x00, 0x00, 0x00, 0x00, 0x00, 0x00, 0x00, 
0x00, 0x00, 0x00, 0x00, 0x00, 0x5F, 0xA2, 0x00, 0x00, 0x00, 0x00, 0x00, 0x00, 0x00, 0x00, 0x00, 
0x00, 0x00, 0x00, 0x00, 0x00, 0x00, 0x00, 0x00, 0xC5, 0x38, 0x00, 0x00, 0x00, 0x00, 0x00, 0x00, 
0x00, 0x00, 0x00, 0x00, 0x00, 0x00, 0x00, 0x00, 0x00, 0x00, 0x3A, 0xC0, 0x00, 0x00, 0x00, 0x00, 
0x00, 0x00, 0x00, 0x00, 0x00, 0x00, 0x00, 0x00, 0x90, 0xF4, 0xC1, 0x3E, 0x2C, 0xD4, 0x2E, 0x00, 
0x00, 0x00, 0x00, 0x00, 0x00, 0x00, 0x00, 0x00, 0x00, 0x00, 0x00, 0xEF, 0xFF, 0xFF, 0xFF, 0xF9, 
0x53, 0x00, 0x00, 0x00, 0x00, 0x00, 0x00, 0x00, 0x00, 0x00, 0x00, 0x00, 0x00, 0x00, 0x58, 0xE2, 
0xF5, 0xB3, 0x2F, 0x00, 0x00, 0x00, 0x00, 0x00, 0x00, 0x00, 0x00, 0x00, 0x00, 0x00, 0x00, 0x00, 
0x00, 0x00, 0x00, 0x00, 0x00, 0x00, 0x00, 0x08, 0x5B, 0xBE, 0xFE, 0x00, 0x00, 0x00, 0x00, 0x00, 
0x00, 0x00, 0x00, 0x00, 0x00, 0x00, 0x00, 0x00, 0x00, 0x31, 0x94, 0xEF, 0xFF, 0xFF, 0xFF, 0x00, 
0x00, 0x00, 0x00, 0x00, 0x00, 0x00, 0x00, 0x00, 0x00, 0x00, 0x00, 0x00, 0x00, 0xB8, 0x8A, 0xD6, 
0xFF, 0xFF, 0xFF, 0x00, 0x00, 0x00, 0x00, 0x00, 0x00, 0x00, 0x00, 0x00, 0x00, 0x00, 0x00, 0x00, 
0x00, 0x00, 0x00, 0x36, 0xFF, 0xFF, 0xFF, 0x00, 0x00, 0x00, 0x00, 0x00, 0x00, 0x00, 0x00, 0x00, 
0x00, 0x00, 0x00, 0x00, 0x00, 0x00, 0x00, 0x0E, 0xFF, 0xFF, 0xFF, 0x00, 0x00, 0x00, 0x00, 0x00, 
0x00, 0x00, 0x00, 0x00, 0x00, 0x00, 0x00, 0x00, 0x00, 0x00, 0x00, 0x03, 0xFF, 0xFF, 0xFF, 0x00, 
0x00, 0x00, 0x00, 0x00, 0x00, 0x00, 0x00, 0x00, 0x00, 0x00, 0x00, 0x00, 0x00, 0x00, 0x00, 0x00, 
0xFF, 0xFF, 0xFF, 0x00, 0x00, 0x00, 0x00, 0x00, 0x00, 0x00, 0x00, 0x00, 0x00, 0x00, 0x00, 0x00, 
0x00, 0x00, 0x00, 0x00, 0xFF, 0xFF, 0xFF, 0x00, 0x00, 0x00, 0x00, 0x00, 0x00, 0x00, 0x00, 0x00, 
0x00, 0x00, 0x00, 0x00, 0x00, 0x00, 0x00, 0x00, 0xFF, 0xFF, 0xFF, 0x00, 0x00, 0x00, 0x00, 0x00, 
0x00, 0x00, 0x00, 0x00, 0x00, 0x01, 0x67, 0xCE, 0xF6, 0xE6, 0x91, 0x0F, 0xFF, 0xFF, 0xFF, 0x1B, 
0xA2, 0xF0, 0xEB, 0x97, 0x0E, 0x00, 0x00, 0x00, 0x01, 0xA7, 0xFF, 0xD3, 0x32, 0x0C, 0x59, 0xC7, 
0xFF, 0xFF, 0xFF, 0xBE, 0x37, 0x0D, 0x8A, 0xFF, 0xCF, 0x0A, 0x00, 0x00, 0x76, 0xFF, 0xF7, 0x21, 
0x00, 0x00, 0x00, 0x58, 0xFF, 0xFF, 0xFF, 0x16, 0x00, 0x00, 0x01, 0xD3, 0xFF, 0x95, 0x00, 0x14, 
0xF3, 0xFF, 0xA5, 0x00, 0x00, 0x00, 0x00, 0x00, 0xFF, 0xFF, 0xFF, 0x00, 0x00, 0x00, 0x00, 0x7B, 
0xFF, 0xFB, 0x20, 0x70, 0xFF, 0xFF, 0x5D, 0x00, 0x00, 0x00, 0x00, 0x00, 0xFF, 0xFF, 0xFF, 0x00, 
0x00, 0x00, 0x00, 0x45, 0xFF, 0xFF, 0x7A, 0xBA, 0xFF, 0xFF, 0x2F, 0x00, 0x00, 0x00, 0x00, 0x00, 
0xFF, 0xFF, 0xFF, 0x00, 0x00, 0x00, 0x00, 0x22, 0xFF, 0xFF, 0xBC, 0xE7, 0xFF, 0xFF, 0x14, 0x00, 
0x00, 0x00, 0x00, 0x00, 0xFF, 0xFF, 0xFF, 0x00, 0x00, 0x00, 0x00, 0x0E, 0xFF, 0xFF, 0xE6, 0xF9, 
0xFF, 0xFF, 0x07, 0x00, 0x00, 0x00, 0x00, 0x00, 0xFF, 0xFF, 0xFF, 0x00, 0x00, 0x00, 0x00, 0x05, 
0xFF, 0xFF, 0xF7, 0xF6, 0xFF, 0xFF, 0x02, 0x00, 0x00, 0x00, 0x00, 0x00, 0xFF, 0xFF, 0xFF, 0x00, 
0x00, 0x00, 0x00, 0x02, 0xFF, 0xFF, 0xF8, 0xE0, 0xFF, 0xFF, 0x09, 0x00, 0x00, 0x00, 0x00, 0x00, 
0xFF, 0xFF, 0xFF, 0x00, 0x00, 0x00, 0x00, 0x09, 0xFF, 0xFF, 0xE5, 0xB0, 0xFF, 0xFF, 0x1F, 0x00, 
0x00, 0x00, 0x00, 0x00, 0xFF, 0xFF, 0xFF, 0x00, 0x00, 0x00, 0x00, 0x1D, 0xFF, 0xFF, 0xB9, 0x66, 
0xFF, 0xFF, 0x46, 0x00, 0x00, 0x00, 0x00, 0x00, 0xFF, 0xFF, 0xFF, 0x00, 0x00, 0x00, 0x00, 0x3E, 
0xFF, 0xFF, 0x75, 0x0E, 0xED, 0xFF, 0x8A, 0x00, 0x00, 0x00, 0x00, 0x00, 0xFF, 0xFF, 0xFF, 0x00, 
0x00, 0x00, 0x00, 0x79, 0xFF, 0xF8, 0x1A, 0x00, 0x66, 0xFF, 0xEB, 0x12, 0x00, 0x00, 0x00, 0x2B, 
0xFF, 0xFF, 0xFF, 0x34, 0x00, 0x00, 0x04, 0xD9, 0xFF, 0x8B, 0x00, 0x00, 0x00, 0x93, 0xFF, 0xC5, 
0x2B, 0x09, 0x51, 0xCB, 0xFF, 0xFF, 0xFF, 0xC2, 0x38, 0x0F, 0x99, 0xFF, 0xC6, 0x07, 0x00, 0x00, 
0x00, 0x00, 0x59, 0xC8, 0xF4, 0xEB, 0x9E, 0x18, 0xFF, 0xFF, 0xFF, 0x1F, 0xAE, 0xF4, 0xE7, 0x8E, 
0x0A, 0x00, 0x00, 0x00, 0x00, 0x00, 0x00, 0x00, 0x00, 0x00, 0x00, 0x00, 0xFF, 0xFF, 0xFF, 0x00, 
0x00, 0x00, 0x00, 0x00, 0x00, 0x00, 0x00, 0x00, 0x00, 0x00, 0x00, 0x00, 0x00, 0x00, 0x00, 0x00, 
0xFF, 0xFF, 0xFF, 0x00, 0x00, 0x00, 0x00, 0x00, 0x00, 0x00, 0x00, 0x00, 0x00, 0x00, 0x00, 0x00, 
0x00, 0x00, 0x00, 0x00, 0xFF, 0xFF, 0xFF, 0x00, 0x00, 0x00, 0x00, 0x00, 0x00, 0x00, 0x00, 0x00, 
0x00, 0x00, 0x00, 0x00, 0x00, 0x00, 0x00, 0x00, 0xFF, 0xFF, 0xFF, 0x00, 0x00, 0x00, 0x00, 0x00, 
0x00, 0x00, 0x00, 0x00, 0x00, 0x00, 0x00, 0x00, 0x00, 0x00, 0x00, 0x03, 0xFF, 0xFF, 0xFF, 0x01, 
0x00, 0x00, 0x00, 0x00, 0x00, 0x00, 0x00, 0x00, 0x00, 0x00, 0x00, 0x00, 0x00, 0x00, 0x00, 0x16, 
0xFF, 0xFF, 0xFF, 0x0B, 0x00, 0x00, 0x00, 0x00, 0x00, 0x00, 0x00, 0x00, 0x00, 0x00, 0x00, 0x00, 
0x00, 0x00, 0x0E, 0x7C, 0xFF, 0xFF, 0xFF, 0x69, 0x07, 0x00, 0x00, 0x00, 0x00, 0x00, 0x00, 0x00, 
0x00, 0x00, 0x00, 0x00, 0x00, 0x00, 0xFF, 0xFF, 0xFF, 0xFF, 0xFF, 0xFF, 0xFF, 0x00, 0x00, 0x00, 
0x00, 0x00, 0x00, 0xFF, 0xFF, 0xFF, 0xFF, 0xFF, 0xFF, 0xFF, 0x00, 0x00, 0x00, 0xBC, 0xFF, 0xFF, 
0xFF, 0xFF, 0xFF, 0xFF, 0x00, 0x0E, 0x4E, 0xDF, 0xFF, 0xFF, 0xFF, 0x2B, 0x00, 0x00, 0x00, 0x06, 
0x52, 0xFF, 0xFF, 0xCF, 0x4F, 0x11, 0x00, 0x00, 0x00, 0x1C, 0xE3, 0xFF, 0xFF, 0x8F, 0x00, 0x00, 
0x00, 0x00, 0x13, 0xFE, 0x98, 0x06, 0x00, 0x00, 0x00, 0x00, 0x00, 0x00, 0x32, 0xF7, 0xFF, 0xFF, 
0x6B, 0x00, 0x00, 0x00, 0xA3, 0x7C, 0x00, 0x00, 0x00, 0x00, 0x00, 0x00, 0x00, 0x00, 0x00, 0x65, 
0xFF, 0xFF, 0xF9, 0x3D, 0x00, 0x75, 0x87, 0x00, 0x00, 0x00, 0x00, 0x00, 0x00, 0x00, 0x00, 0x00, 
0x00, 0x00, 0xA1, 0xFF, 0xFF, 0xEB, 0x73, 0xA7, 0x01, 0x00, 0x00, 0x00, 0x00, 0x00, 0x00, 0x00, 
0x00, 0x00, 0x00, 0x00, 0x0A, 0xD3, 0xFF, 0xFF, 0xEC, 0x09, 0x00, 0x00, 0x00, 0x00, 0x00, 0x00, 
0x00, 0x00, 0x00, 0x00, 0x00, 0x00, 0x00, 0x28, 0xF3, 0xFF, 0xFF, 0x77, 0x00, 0x00, 0x00, 0x00, 
0x00, 0x00, 0x00, 0x00, 0x00, 0x00, 0x00, 0x00, 0x00, 0x0E, 0xCD, 0xFF, 0xFF, 0xFC, 0x3E, 0x00, 
0x00, 0x00, 0x00, 0x00, 0x00, 0x00, 0x00, 0x00, 0x00, 0x00, 0x04, 0xB2, 0x40, 0x95, 0xFF, 0xFF, 
0xE6, 0x17, 0x00, 0x00, 0x00, 0x00, 0x00, 0x00, 0x00, 0x00, 0x00, 0x00, 0x99, 0x5E, 0x00, 0x06, 
0xCA, 0xFF, 0xFF, 0xBE, 0x03, 0x00, 0x00, 0x00, 0x00, 0x00, 0x00, 0x00, 0x00, 0x76, 0x82, 0x00, 
0x00, 0x00, 0x1F, 0xED, 0xFF, 0xFF, 0x85, 0x00, 0x00, 0x00, 0x00, 0x00, 0x00, 0x00, 0x47, 0xBA, 
0x00, 0x00, 0x00, 0x00, 0x00, 0x47, 0xFA, 0xFF, 0xFE, 0x4E, 0x00, 0x00, 0x00, 0x00, 0x00, 0x1D, 
0xEA, 0x2B, 0x00, 0x00, 0x00, 0x00, 0x00, 0x00, 0x63, 0xFF, 0xFF, 0xF2, 0x31, 0x00, 0x00, 0x00, 
0x2C, 0xD5, 0xFF, 0x70, 0x0F, 0x00, 0x00, 0x00, 0x01, 0x11, 0x5C, 0xFF, 0xFF, 0xFF, 0xED, 0x5C, 
0x11, 0x00, 0xFF, 0xFF, 0xFF, 0xFF, 0xFF, 0x00, 0x00, 0x00, 0x5C, 0xFF, 0xFF, 0xFF, 0xFF, 0xFF, 
0xFF, 0xFF, 0xFF, 0xFF, 0xFF, 0xFF, 0xFF, 0xFF, 0xFF, 0xFF, 0x00, 0x00, 0x00, 0xFF, 0xFF, 0xFF, 
0xFF, 0xFF, 0xFF, 0xFF, 0x0B, 0x80, 0xFF, 0xFF, 0xFF, 0x80, 0x0A, 0x00, 0x00, 0x00, 0x0B, 0x7A, 
0xFF, 0xFF, 0xFF, 0x80, 0x0A, 0x00, 0x0D, 0xFF, 0xFF, 0xFF, 0x0E, 0x00, 0x00, 0x00, 0x00, 0x00, 
0x0F, 0xFF, 0xFF, 0xFF, 0x0E, 0x00, 0x00, 0x02, 0xFF, 0xFF, 0xFF, 0x01, 0x00, 0x00, 0x00, 0x00, 
0x00, 0x02, 0xFF, 0xFF, 0xFF, 0x01, 0x00, 0x00, 0x00, 0xFF, 0xFF, 0xFF, 0x00, 0x00, 0x00, 0x00, 
0x00, 0x00, 0x00, 0xFF, 0xFF, 0xFF, 0x00, 0x00, 0x00, 0x00, 0xFF, 0xFF, 0xFF, 0x00, 0x00, 0x00, 
0x00, 0x00, 0x00, 0x00, 0xFF, 0xFF, 0xFF, 0x00, 0x00, 0x00, 0x00, 0xFF, 0xFF, 0xFF, 0x00, 0x00, 
0x00, 0x00, 0x00, 0x00, 0x00, 0xFF, 0xFF, 0xFF, 0x00, 0x00, 0x00, 0x00, 0xFF, 0xFF, 0xFF, 0x00, 
0x00, 0x00, 0x00, 0x00, 0x00, 0x00, 0xFF, 0xFF, 0xFF, 0x00, 0x00, 0x00, 0x00, 0xFF, 0xFF, 0xFF, 
0x00, 0x00, 0x00, 0x00, 0x00, 0x00, 0x00, 0xFF, 0xFF, 0xFF, 0x00, 0x00, 0x00, 0x00, 0xFF, 0xFF, 
0xFF, 0x00, 0x00, 0x00, 0x00, 0x00, 0x00, 0x00, 0xFF, 0xFF, 0xFF, 0x00, 0x00, 0x00, 0x00, 0xFF, 
0xFF, 0xFF, 0x00, 0x00, 0x00, 0x00, 0x00, 0x00, 0x00, 0xFF, 0xFF, 0xFF, 0x00, 0x00, 0x00, 0x00, 
0xFF, 0xFF, 0xFF, 0x00, 0x00, 0x00, 0x00, 0x00, 0x00, 0x00, 0xFF, 0xFF, 0xFF, 0x00, 0x00, 0x00, 
0x03, 0xFF, 0xFF, 0xFF, 0x00, 0x00, 0x00, 0x00, 0x00, 0x00, 0x00, 0xFF, 0xFF, 0xFF, 0x02, 0x00, 
0x00, 0x18, 0xFF, 0xFF, 0xFF, 0x04, 0x00, 0x00, 0x00, 0x00, 0x00, 0x05, 0xFF, 0xFF, 0xFF, 0x13, 
0x00, 0x10, 0x86, 0xFF, 0xFF, 0xFF, 0x41, 0x04, 0x00, 0x00, 0x00, 0x04, 0x41, 0xFF, 0xFF, 0xFF, 
0x64, 0x00, 0xFF, 0xFF, 0xFF, 0xFF, 0xFF, 0xFF, 0xFF, 0xFF, 0xFF, 0xFF, 0xFF, 0xFF, 0xFF, 0xFF, 
0xFF, 0xFF, 0xEE, 0x00, 0x00, 0x00, 0x00, 0x00, 0x00, 0x00, 0x00, 0x00, 0x00, 0x03, 0x0F, 0x30, 
0x6F, 0xE1, 0xFF, 0xFF, 0x00, 0x00, 0x00, 0x00, 0x00, 0x00, 0x00, 0x00, 0x00, 0x00, 0x00, 0x00, 
0x00, 0x00, 0x10, 0xD6, 0xFF, 0x00, 0x00, 0x00, 0x00, 0x00, 0x00, 0x00, 0x00, 0x00, 0x00, 0x00, 
0x00, 0x00, 0x00, 0x00, 0x4F, 0xFF, 0x00, 0x00, 0x00, 0x00, 0x00, 0x00, 0x00, 0x00, 0x00, 0x00, 
0x00, 0x00, 0x00, 0x00, 0x00, 0x0E, 0xFF, 0xFF, 0xFF, 0xFF, 0xFF, 0xFF, 0xFF, 0xFF, 0x00, 0x00, 
0xFF, 0xFF, 0xFF, 0xFF, 0xFF, 0xFF, 0xFF, 0x0E, 0x85, 0xFF, 0xFF, 0xFF, 0x88, 0x0B, 0x00, 0x00, 
0x0C, 0x82, 0xFF, 0xFF, 0xFF, 0x7E, 0x0A, 0x00, 0x0F, 0xFF, 0xFF, 0xFF, 0x12, 0x00, 0x00, 0x00, 
0x00, 0x12, 0xFF, 0xFF, 0xFF, 0x0E, 0x00, 0x00, 0x01, 0xFF, 0xFF, 0xFF, 0x02, 0x00, 0x00, 0x00, 
0x00, 0x04, 0xFF, 0xFF, 0xFF, 0x01, 0x00, 0x00, 0x00, 0xFF, 0xFF, 0xFF, 0x00, 0x00, 0x00, 0x00, 
0x00, 0x00, 0xFF, 0xFF, 0xFF, 0x00, 0x00, 0x00, 0x00, 0xFF, 0xFF, 0xFF, 0x00, 0x00, 0x00, 0x00, 
0x00, 0x00, 0xFF, 0xFF, 0xFF, 0x00, 0x00, 0x00, 0x00, 0xFF, 0xFF, 0xFF, 0x01, 0x00, 0x00, 0x00, 
0x00, 0x00, 0xFF, 0xFF, 0xFF, 0x00, 0x00, 0x00, 0x00, 0xF8, 0xFF, 0xFF, 0x12, 0x00, 0x00, 0x00, 
0x00, 0x00, 0xFF, 0xFF, 0xFF, 0x00, 0x00, 0x00, 0x00, 0xCB, 0xFF, 0xFF, 0x9A, 0x1D, 0x06, 0x22, 
0x58, 0xC6, 0xFF, 0xFF, 0xFF, 0x00, 0x00, 0x00, 0x00, 0x20, 0xA7, 0xE7, 0xFA, 0xED, 0xD5, 0xB4, 
0x6F, 0x24, 0xFF, 0xFF, 0xFF, 0x00, 0x00, 0x00, 0x00, 0x00, 0x00, 0x00, 0x00, 0x00, 0x00, 0x00, 
0x00, 0x00, 0xFF, 0xFF, 0xFF, 0x00, 0x00, 0x00, 0x00, 0x00, 0x00, 0x00, 0x00, 0x00, 0x00, 0x00, 
0x00, 0x00, 0xFF, 0xFF, 0xFF, 0x00, 0x00, 0x00, 0x00, 0x00, 0x00, 0x00, 0x00, 0x00, 0x00, 0x00, 
0x00, 0x02, 0xFF, 0xFF, 0xFF, 0x01, 0x00, 0x00, 0x00, 0x00, 0x00, 0x00, 0x00, 0x00, 0x00, 0x00, 
0x00, 0x13, 0xFF, 0xFF, 0xFF, 0x0D, 0x00, 0x00, 0x00, 0x00, 0x00, 0x00, 0x00, 0x00, 0x00, 0x00, 
0x0A, 0x73, 0xFF, 0xFF, 0xFF, 0x78, 0x0B, 0x00, 0x00, 0x00, 0x00, 0x00, 0x00, 0x00, 0x00, 0x00, 
0xFF, 0xFF, 0xFF, 0xFF, 0xFF, 0xFF, 0xFF, 0xFF, 0xFF, 0xFF, 0xFF, 0xFF, 0xFF, 0xFF, 0x00, 0x00, 
0xFF, 0xFF, 0xFF, 0xFF, 0xFF, 0xFF, 0xFF, 0x00, 0x00, 0xFF, 0xFF, 0xFF, 0xFF, 0xFF, 0xFF, 0xFF, 
0x0B, 0x80, 0xFF, 0xFF, 0xFF, 0x80, 0x0A, 0x00, 0x00, 0x0B, 0x82, 0xFF, 0xFF, 0xFF, 0x8D, 0x10, 
0x00, 0x00, 0x0B, 0x80, 0xFF, 0xFF, 0xFF, 0x7E, 0x0A, 0x00, 0x0D, 0xFF, 0xFF, 0xFF, 0x0E, 0x00, 
0x00, 0x00, 0x00, 0x0E, 0xFF, 0xFF, 0xFF, 0x10, 0x00, 0x00, 0x00, 0x00, 0x0D, 0xFF, 0xFF, 0xFF, 
0x0E, 0x00, 0x00, 0x02, 0xFF, 0xFF, 0xFF, 0x01, 0x00, 0x00, 0x00, 0x00, 0x02, 0xFF, 0xFF, 0xFF, 
0x01, 0x00, 0x00, 0x00, 0x00, 0x02, 0xFF, 0xFF, 0xFF, 0x01, 0x00, 0x00, 0x00, 0xFF, 0xFF, 0xFF, 
0x00, 0x00, 0x00, 0x00, 0x00, 0x00, 0xFF, 0xFF, 0xFF, 0x00, 0x00, 0x00, 0x00, 0x00, 0x00, 0xFF, 
0xFF, 0xFF, 0x00, 0x00, 0x00, 0x00, 0xFF, 0xFF, 0xFF, 0x00, 0x00, 0x00, 0x00, 0x00, 0x00, 0xFF, 
0xFF, 0xFF, 0x00, 0x00, 0x00, 0x00, 0x00, 0x00, 0xFF, 0xFF, 0xFF, 0x00, 0x00, 0x00, 0x00, 0xFF, 
0xFF, 0xFF, 0x00, 0x00, 0x00, 0x00, 0x00, 0x00, 0xFF, 0xFF, 0xFF, 0x00, 0x00, 0x00, 0x00, 0x00, 
0x00, 0xFF, 0xFF, 0xFF, 0x00, 0x00, 0x00, 0x00, 0xFF, 0xFF, 0xFF, 0x00, 0x00, 0x00, 0x00, 0x00, 
0x00, 0xFF, 0xFF, 0xFF, 0x00, 0x00, 0x00, 0x00, 0x00, 0x00, 0xFF, 0xFF, 0xFF, 0x00, 0x00, 0x00, 
0x00, 0xFF, 0xFF, 0xFF, 0x00, 0x00, 0x00, 0x00, 0x00, 0x00, 0xFF, 0xFF, 0xFF, 0x00, 0x00, 0x00, 
0x00, 0x00, 0x00, 0xFF, 0xFF, 0xFF, 0x00, 0x00, 0x00, 0x00, 0xFF, 0xFF, 0xFF, 0x00, 0x00, 0x00, 
0x00, 0x00, 0x00, 0xFF, 0xFF, 0xFF, 0x00, 0x00, 0x00, 0x00, 0x00, 0x00, 0xFF, 0xFF, 0xFF, 0x00, 
0x00, 0x00, 0x00, 0xFF, 0xFF, 0xFF, 0x00, 0x00, 0x00, 0x00, 0x00, 0x00, 0xFF, 0xFF, 0xFF, 0x00, 
0x00, 0x00, 0x00, 0x00, 0x00, 0xFF, 0xFF, 0xFF, 0x00, 0x00, 0x00, 0x00, 0xFF, 0xFF, 0xFF, 0x00, 
0x00, 0x00, 0x00, 0x00, 0x00, 0xFF, 0xFF, 0xFF, 0x00, 0x00, 0x00, 0x00, 0x00, 0x00, 0xFF, 0xFF, 
0xFF, 0x00, 0x00, 0x00, 0x04, 0xFF, 0xFF, 0xFF, 0x00, 0x00, 0x00, 0x00, 0x00, 0x00, 0xFF, 0xFF, 
0xFF, 0x00, 0x00, 0x00, 0x00, 0x00, 0x00, 0xFF, 0xFF, 0xFF, 0x04, 0x00, 0x00, 0x1A, 0xFF, 0xFF, 
0xFF, 0x06, 0x00, 0x00, 0x00, 0x00, 0x05, 0xFF, 0xFF, 0xFF, 0x04, 0x00, 0x00, 0x00, 0x00, 0x05, 
0xFF, 0xFF, 0xFF, 0x12, 0x00, 0x10, 0x8A, 0xFF, 0xFF, 0xFF, 0x4D, 0x06, 0x00, 0x00, 0x04, 0x49, 
0xFF, 0xFF, 0xFF, 0x46, 0x04, 0x00, 0x00, 0x03, 0x3A, 0xFF, 0xFF, 0xFF, 0x83, 0x0E, 0xFF, 0xFF, 
0xFF, 0xFF, 0xFF, 0xFF, 0xFF, 0xFF, 0xFF, 0xFF, 0xFF, 0xFF, 0xFF, 0xFF, 0xFF, 0xFF, 0xFF, 0xFF, 
0xFF, 0xFF, 0xFF, 0xFF, 0xFF, 0xFF, 0xFF, 0xFF, 0xFF, 0xFF, 0xFF, 0xFF, 0xFF, 0xFF, 0x00, 0x00, 
0xFF, 0xFF, 0xFF, 0xFF, 0xFF, 0xFF, 0xFF, 0x00, 0x00, 0xFF, 0xFF, 0xFF, 0xFF, 0xFF, 0xFF, 0xFF, 
0x0B, 0x80, 0xFF, 0xFF, 0xFF, 0x80, 0x0A, 0x00, 0x00, 0x0B, 0x82, 0xFF, 0xFF, 0xFF, 0x8D, 0x10, 
0x00, 0x00, 0x0B, 0x80, 0xFF, 0xFF, 0xFF, 0x7E, 0x0A, 0x00, 0x0D, 0xFF, 0xFF, 0xFF, 0x0E, 0x00, 
0x00, 0x00, 0x00, 0x0E, 0xFF, 0xFF, 0xFF, 0x10, 0x00, 0x00, 0x00, 0x00, 0x0D, 0xFF, 0xFF, 0xFF, 
0x0E, 0x00, 0x00, 0x02, 0xFF, 0xFF, 0xFF, 0x01, 0x00, 0x00, 0x00, 0x00, 0x02, 0xFF, 0xFF, 0xFF, 
0x01, 0x00, 0x00, 0x00, 0x00, 0x02, 0xFF, 0xFF, 0xFF, 0x01, 0x00, 0x00, 0x00, 0xFF, 0xFF, 0xFF, 
0x00, 0x00, 0x00, 0x00, 0x00, 0x00, 0xFF, 0xFF, 0xFF, 0x00, 0x00, 0x00, 0x00, 0x00, 0x00, 0xFF, 
0xFF, 0xFF, 0x00, 0x00, 0x00, 0x00, 0xFF, 0xFF, 0xFF, 0x00, 0x00, 0x00, 0x00, 0x00, 0x00, 0xFF, 
0xFF, 0xFF, 0x00, 0x00, 0x00, 0x00, 0x00, 0x00, 0xFF, 0xFF, 0xFF, 0x00, 0x00, 0x00, 0x00, 0xFF, 
0xFF, 0xFF, 0x00, 0x00, 0x00, 0x00, 0x00, 0x00, 0xFF, 0xFF, 0xFF, 0x00, 0x00, 0x00, 0x00, 0x00, 
0x00, 0xFF, 0xFF, 0xFF, 0x00, 0x00, 0x00, 0x00, 0xFF, 0xFF, 0xFF, 0x00, 0x00, 0x00, 0x00, 0x00, 
0x00, 0xFF, 0xFF, 0xFF, 0x00, 0x00, 0x00, 0x00, 0x00, 0x00, 0xFF, 0xFF, 0xFF, 0x00, 0x00, 0x00, 
0x00, 0xFF, 0xFF, 0xFF, 0x00, 0x00, 0x00, 0x00, 0x00, 0x00, 0xFF, 0xFF, 0xFF, 0x00, 0x00, 0x00, 
0x00, 0x00, 0x00, 0xFF, 0xFF, 0xFF, 0x00, 0x00, 0x00, 0x00, 0xFF, 0xFF, 0xFF, 0x00, 0x00, 0x00, 
0x00, 0x00, 0x00, 0xFF, 0xFF, 0xFF, 0x00, 0x00, 0x00, 0x00, 0x00, 0x00, 0xFF, 0xFF, 0xFF, 0x00, 
0x00, 0x00, 0x00, 0xFF, 0xFF, 0xFF, 0x00, 0x00, 0x00, 0x00, 0x00, 0x00, 0xFF, 0xFF, 0xFF, 0x00, 
0x00, 0x00, 0x00, 0x00, 0x00, 0xFF, 0xFF, 0xFF, 0x00, 0x00, 0x00, 0x00, 0xFF, 0xFF, 0xFF, 0x00, 
0x00, 0x00, 0x00, 0x00, 0x00, 0xFF, 0xFF, 0xFF, 0x00, 0x00, 0x00, 0x00, 0x00, 0x00, 0xFF, 0xFF, 
0xFF, 0x00, 0x00, 0x00, 0x04, 0xFF, 0xFF, 0xFF, 0x00, 0x00, 0x00, 0x00, 0x00, 0x00, 0xFF, 0xFF, 
0xFF, 0x00, 0x00, 0x00, 0x00, 0x00, 0x00, 0xFF, 0xFF, 0xFF, 0x03, 0x00, 0x00, 0x1A, 0xFF, 0xFF, 
0xFF, 0x06, 0x00, 0x00, 0x00, 0x00, 0x05, 0xFF, 0xFF, 0xFF, 0x04, 0x00, 0x00, 0x00, 0x00, 0x05, 
0xFF, 0xFF, 0xFF, 0x10, 0x00, 0x10, 0x8A, 0xFF, 0xFF, 0xFF, 0x4D, 0x06, 0x00, 0x00, 0x04, 0x49, 
0xFF, 0xFF, 0xFF, 0x46, 0x04, 0x00, 0x00, 0x03, 0x3A, 0xFF, 0xFF, 0xFF, 0x7F, 0x0E, 0xFF, 0xFF, 
0xFF, 0xFF, 0xFF, 0xFF, 0xFF, 0xFF, 0xFF, 0xFF, 0xFF, 0xFF, 0xFF, 0xFF, 0xFF, 0xFF, 0xFF, 0xFF, 
0xFF, 0xFF, 0xFF, 0xFF, 0xFF, 0xFF, 0xFF, 0x00, 0x00, 0x00, 0x00, 0x00, 0x00, 0x00, 0x00, 0x00, 
0x00, 0x00, 0x00, 0x00, 0x00, 0x00, 0x00, 0x00, 0x00, 0x01, 0x0C, 0x29, 0x65, 0xD9, 0xFF, 0xFF, 
0x00, 0x00, 0x00, 0x00, 0x00, 0x00, 0x00, 0x00, 0x00, 0x00, 0x00, 0x00, 0x00, 0x00, 0x00, 0x00, 
0x00, 0x00, 0x00, 0x00, 0x00, 0x00, 0x0C, 0xD2, 0xFF, 0x00, 0x00, 0x00, 0x00, 0x00, 0x00, 0x00, 
0x00, 0x00, 0x00, 0x00, 0x00, 0x00, 0x00, 0x00, 0x00, 0x00, 0x00, 0x00, 0x00, 0x00, 0x00, 0x00, 
0x50, 0xFF, 0x00, 0x00, 0x00, 0x00, 0x00, 0x00, 0x00, 0x00, 0x00, 0x00, 0x00, 0x00, 0x00, 0x00, 
0x00, 0x00, 0x00, 0x00, 0x00, 0x00, 0x00, 0x00, 0x00, 0x11, 0xFF, 0x40, 0xFF, 0xFF, 0xFF, 0xFF, 
0xFF, 0xFF, 0xFF, 0xFF, 0xFF, 0x00, 0x00, 0x00, 0x00, 0x00, 0x00, 0x00, 0x77, 0xFA, 0x74, 0x21, 
0x05, 0xFF, 0xFF, 0xFF, 0x68, 0x06, 0x00, 0x00, 0x00, 0x00, 0x00, 0x00, 0x00, 0xAE, 0x88, 0x00, 
0x00, 0x00, 0xFF, 0xFF, 0xFF, 0x0C, 0x00, 0x00, 0x00, 0x00, 0x00, 0x00, 0x00, 0x00, 0xE5, 0x24, 
0x00, 0x00, 0x00, 0xFF, 0xFF, 0xFF, 0x01, 0x00, 0x00, 0x00, 0x00, 0x00, 0x00, 0x00, 0x00, 0x00, 
0x00, 0x00, 0x00, 0x00, 0xFF, 0xFF, 0xFF, 0x00, 0x00, 0x00, 0x00, 0x00, 0x00, 0x00, 0x00, 0x00, 
0x00, 0x00, 0x00, 0x00, 0x00, 0xFF, 0xFF, 0xFF, 0x00, 0x00, 0x00, 0x00, 0x00, 0x00, 0x00, 0x00, 
0x00, 0x00, 0x00, 0x00, 0x00, 0x00, 0xFF, 0xFF, 0xFF, 0x00, 0x00, 0x00, 0x00, 0x00, 0x00, 0x00, 
0x00, 0x00, 0x00, 0x00, 0x00, 0x00, 0x00, 0xFF, 0xFF, 0xFF, 0xFF, 0xFE, 0xF9, 0xEA, 0xCE, 0x9C, 
0x3A, 0x00, 0x00, 0x00, 0x00, 0x00, 0x00, 0x00, 0xFF, 0xFF, 0xFF, 0x10, 0x03, 0x0C, 0x3F, 0xB9, 
0xFF, 0xFF, 0x9F, 0x04, 0x00, 0x00, 0x00, 0x00, 0x00, 0xFF, 0xFF, 0xFF, 0x00, 0x00, 0x00, 0x00, 
0x01, 0xB2, 0xFF, 0xFF, 0x72, 0x00, 0x00, 0x00, 0x00, 0x00, 0xFF, 0xFF, 0xFF, 0x00, 0x00, 0x00, 
0x00, 0x00, 0x2E, 0xFF, 0xFF, 0xD7, 0x00, 0x00, 0x00, 0x00, 0x00, 0xFF, 0xFF, 0xFF, 0x00, 0x00, 
0x00, 0x00, 0x00, 0x08, 0xFF, 0xFF, 0xF7, 0x00, 0x00, 0x00, 0x00, 0x04, 0xFF, 0xFF, 0xFF, 0x00, 
0x00, 0x00, 0x00, 0x00, 0x2F, 0xFF, 0xFF, 0xDC, 0x00, 0x00, 0x00, 0x00, 0x1A, 0xFF, 0xFF, 0xFF, 
0x00, 0x00, 0x00, 0x00, 0x00, 0xAD, 0xFF, 0xFF, 0x77, 0x00, 0x00, 0x00, 0x10, 0x8A, 0xFF, 0xFF, 
0xFF, 0x2C, 0x0C, 0x09, 0x34, 0xA6, 0xFF, 0xFF, 0xA2, 0x04, 0x00, 0x00, 0x00, 0xFF, 0xFF, 0xFF, 
0xFF, 0xFF, 0xFF, 0xFF, 0xFC, 0xF0, 0xD1, 0x9D, 0x42, 0x00, 0x00, 0xFF, 0xFF, 0xFF, 0xFF, 0xFF, 
0xFF, 0xFF, 0x00, 0x00, 0x00, 0x00, 0x00, 0x00, 0x00, 0x00, 0xFF, 0xFF, 0xFF, 0xFF, 0xFF, 0xFF, 
0xFF, 0x0B, 0x80, 0xFF, 0xFF, 0xFF, 0x69, 0x07, 0x00, 0x00, 0x00, 0x00, 0x00, 0x00, 0x00, 0x00, 
0x0A, 0x70, 0xFF, 0xFF, 0xFF, 0x81, 0x0A, 0x00, 0x0D, 0xFF, 0xFF, 0xFF, 0x0B, 0x00, 0x00, 0x00, 
0x00, 0x00, 0x00, 0x00, 0x00, 0x00, 0x00, 0x0E, 0xFF, 0xFF, 0xFF, 0x0E, 0x00, 0x00, 0x02, 0xFF, 
0xFF, 0xFF, 0x01, 0x00, 0x00, 0x00, 0x00, 0x00, 0x00, 0x00, 0x00, 0x00, 0x00, 0x02, 0xFF, 0xFF, 
0xFF, 0x01, 0x00, 0x00, 0x00, 0xFF, 0xFF, 0xFF, 0x00, 0x00, 0x00, 0x00, 0x00, 0x00, 0x00, 0x00, 
0x00, 0x00, 0x00, 0x00, 0xFF, 0xFF, 0xFF, 0x00, 0x00, 0x00, 0x00, 0xFF, 0xFF, 0xFF, 0x00, 0x00, 
0x00, 0x00, 0x00, 0x00, 0x00, 0x00, 0x00, 0x00, 0x00, 0x00, 0xFF, 0xFF, 0xFF, 0x00, 0x00, 0x00, 
0x00, 0xFF, 0xFF, 0xFF, 0x00, 0x00, 0x00, 0x00, 0x00, 0x00, 0x00, 0x00, 0x00, 0x00, 0x00, 0x00, 
0xFF, 0xFF, 0xFF, 0x00, 0x00, 0x00, 0x00, 0xFF, 0xFF, 0xFF, 0xFA, 0xFE, 0xF9, 0xEC, 0xCC, 0x96, 
0x3E, 0x00, 0x00, 0x00, 0x00, 0x00, 0xFF, 0xFF, 0xFF, 0x00, 0x00, 0x00, 0x00, 0xFF, 0xFF, 0xFF, 
0x03, 0x05, 0x19, 0x4E, 0xBA, 0xFF, 0xFF, 0xAA, 0x06, 0x00, 0x00, 0x00, 0xFF, 0xFF, 0xFF, 0x00, 
0x00, 0x00, 0x00, 0xFF, 0xFF, 0xFF, 0x00, 0x00, 0x00, 0x00, 0x01, 0xA4, 0xFF, 0xFF, 0x82, 0x00, 
0x00, 0x00, 0xFF, 0xFF, 0xFF, 0x00, 0x00, 0x00, 0x00, 0xFF, 0xFF, 0xFF, 0x00, 0x00, 0x00, 0x00, 
0x00, 0x28, 0xFF, 0xFF, 0xDF, 0x00, 0x00, 0x00, 0xFF, 0xFF, 0xFF, 0x00, 0x00, 0x00, 0x00, 0xFF, 
0xFF, 0xFF, 0x00, 0x00, 0x00, 0x00, 0x00, 0x06, 0xFF, 0xFF, 0xF8, 0x00, 0x00, 0x00, 0xFF, 0xFF, 
0xFF, 0x00, 0x00, 0x00, 0x03, 0xFF, 0xFF, 0xFF, 0x00, 0x00, 0x00, 0x00, 0x00, 0x28, 0xFF, 0xFF, 
0xD8, 0x00, 0x00, 0x02, 0xFF, 0xFF, 0xFF, 0x01, 0x00, 0x00, 0x18, 0xFF, 0xFF, 0xFF, 0x00, 0x00, 
0x00, 0x00, 0x01, 0xAC, 0xFF, 0xFF, 0x6F, 0x00, 0x00, 0x13, 0xFF, 0xFF, 0xFF, 0x0D, 0x00, 0x10, 
0x86, 0xFF, 0xFF, 0xFF, 0x2F, 0x0D, 0x15, 0x45, 0xC3, 0xFF, 0xFF, 0x94, 0x02, 0x00, 0x0A, 0x74, 
0xFF, 0xFF, 0xFF, 0x79, 0x0B, 0xFF, 0xFF, 0xFF, 0xFF, 0xFF, 0xFF, 0xFF, 0xFE, 0xF3, 0xD4, 0x9A, 
0x38, 0x00, 0x00, 0x00, 0xFF, 0xFF, 0xFF, 0xFF, 0xFF, 0xFF, 0xFF, 0xFF, 0xFF, 0xFF, 0xFF, 0xFF, 
0xFF, 0xFF, 0x00, 0x00, 0x00, 0x00, 0x00, 0x00, 0x00, 0x0B, 0x80, 0xFF, 0xFF, 0xFF, 0x69, 0x07, 
0x00, 0x00, 0x00, 0x00, 0x00, 0x00, 0x00, 0x00, 0x0D, 0xFF, 0xFF, 0xFF, 0x0B, 0x00, 0x00, 0x00, 
0x00, 0x00, 0x00, 0x00, 0x00, 0x00, 0x02, 0xFF, 0xFF, 0xFF, 0x01, 0x00, 0x00, 0x00, 0x00, 0x00, 
0x00, 0x00, 0x00, 0x00, 0x00, 0xFF, 0xFF, 0xFF, 0x00, 0x00, 0x00, 0x00, 0x00, 0x00, 0x00, 0x00, 
0x00, 0x00, 0x00, 0xFF, 0xFF, 0xFF, 0x00, 0x00, 0x00, 0x00, 0x00, 0x00, 0x00, 0x00, 0x00, 0x00, 
0x00, 0xFF, 0xFF, 0xFF, 0x00, 0x00, 0x00, 0x00, 0x00, 0x00, 0x00, 0x00, 0x00, 0x00, 0x00, 0xFF, 
0xFF, 0xFF, 0xFA, 0xFE, 0xF9, 0xEC, 0xCC, 0x96, 0x3E, 0x00, 0x00, 0x00, 0x00, 0xFF, 0xFF, 0xFF, 
0x03, 0x05, 0x19, 0x4E, 0xBA, 0xFF, 0xFF, 0xAA, 0x06, 0x00, 0x00, 0xFF, 0xFF, 0xFF, 0x00, 0x00, 
0x00, 0x00, 0x01, 0xA4, 0xFF, 0xFF, 0x82, 0x00, 0x00, 0xFF, 0xFF, 0xFF, 0x00, 0x00, 0x00, 0x00, 
0x00, 0x28, 0xFF, 0xFF, 0xDF, 0x00, 0x00, 0xFF, 0xFF, 0xFF, 0x00, 0x00, 0x00, 0x00, 0x00, 0x06, 
0xFF, 0xFF, 0xF8, 0x00, 0x03, 0xFF, 0xFF, 0xFF, 0x00, 0x00, 0x00, 0x00, 0x00, 0x28, 0xFF, 0xFF, 
0xD8, 0x00, 0x18, 0xFF, 0xFF, 0xFF, 0x00, 0x00, 0x00, 0x00, 0x01, 0xAC, 0xFF, 0xFF, 0x6F, 0x10, 
0x86, 0xFF, 0xFF, 0xFF, 0x2F, 0x0D, 0x15, 0x45, 0xC3, 0xFF, 0xFF, 0x94, 0x02, 0xFF, 0xFF, 0xFF, 
0xFF, 0xFF, 0xFF, 0xFF, 0xFE, 0xF3, 0xD4, 0x9A, 0x38, 0x00, 0x00, 0x00, 0x0B, 0x09, 0x00, 0x20, 
0x60, 0x86, 0x85, 0x5D, 0x10, 0x00, 0x00, 0x00, 0x00, 0x00, 0x00, 0x6B, 0xE9, 0xDD, 0xF3, 0xAB, 
0x99, 0xD2, 0xFF, 0xF4, 0x78, 0x02, 0x00, 0x00, 0x00, 0x00, 0x6B, 0xFF, 0xCE, 0x19, 0x00, 0x00, 
0x00, 0x76, 0xFF, 0xFF, 0xAE, 0x05, 0x00, 0x00, 0x00, 0x6B, 0xF8, 0x26, 0x00, 0x00, 0x00, 0x00, 
0x00, 0x9E, 0xFF, 0xFF, 0x95, 0x00, 0x00, 0x00, 0x6B, 0x9D, 0x00, 0x00, 0x00, 0x00, 0x00, 0x00, 
0x19, 0xFA, 0xFF, 0xFF, 0x38, 0x00, 0x00, 0x61, 0x54, 0x00, 0x00, 0x00, 0x00, 0x00, 0x00, 0x00, 
0xB3, 0xFF, 0xFF, 0xAB, 0x00, 0x00, 0x00, 0x00, 0x00, 0x00, 0x00, 0x00, 0x00, 0x00, 0x00, 0x70, 
0xFF, 0xFF, 0xF0, 0x03, 0x00, 0x00, 0x00, 0x00, 0x00, 0x0F, 0x23, 0x23, 0x23, 0x23, 0x60, 0xFF, 
0xFF, 0xFF, 0x1D, 0x00, 0x00, 0x00, 0x00, 0x00, 0x6B, 0xFF, 0xFF, 0xFF, 0xFF, 0xFF, 0xFF, 0xFF, 
0xFF, 0x31, 0x00, 0x00, 0x00, 0x00, 0x00, 0x00, 0x00, 0x00, 0x00, 0x00, 0x14, 0xFF, 0xFF, 0xFF, 
0x27, 0x00, 0x00, 0x00, 0x00, 0x00, 0x00, 0x00, 0x00, 0x00, 0x00, 0x1D, 0xFF, 0xFF, 0xFE, 0x0F, 
0x00, 0x00, 0x00, 0x00, 0x00, 0x00, 0x00, 0x00, 0x00, 0x00, 0x2F, 0xFF, 0xFF, 0xD1, 0x00, 0x00, 
0x00, 0x00, 0x00, 0x00, 0x00, 0x00, 0x00, 0x00, 0x00, 0x5C, 0xFF, 0xFF, 0x7A, 0x00, 0x1E, 0x1B, 
0x00, 0x00, 0x00, 0x00, 0x00, 0x00, 0x00, 0x00, 0xAB, 0xFF, 0xED, 0x11, 0x00, 0x22, 0xBC, 0x0E, 
0x00, 0x00, 0x00, 0x00, 0x00, 0x00, 0x37, 0xFC, 0xFF, 0x54, 0x00, 0x00, 0x00, 0x3D, 0xCA, 0x3D, 
0x00, 0x00, 0x00, 0x00, 0x48, 0xEC, 0xFF, 0x70, 0x00, 0x00, 0x00, 0x00, 0x00, 0x23, 0xBC, 0xD6, 
0xA8, 0xA2, 0xD3, 0xFF, 0xD6, 0x45, 0x00, 0x00, 0x00, 0x00, 0x00, 0x00, 0x00, 0x00, 0x2A, 0x60, 
0x78, 0x65, 0x32, 0x00, 0x00, 0x00, 0x00, 0x00, 0x00, 0xFF, 0xFF, 0xFF, 0xFF, 0xFF, 0xFF, 0xFF, 
0x00, 0x00, 0x00, 0x00, 0x00, 0x00, 0x33, 0x9A, 0xD8, 0xF4, 0xF5, 0xDC, 0xA0, 0x43, 0x00, 0x00, 
0x00, 0x00, 0x10, 0x7C, 0xFF, 0xFF, 0xFF, 0x81, 0x0B, 0x00, 0x00, 0x00, 0x00, 0x0B, 0x9E, 0xF4, 
0x76, 0x1D, 0x07, 0x27, 0x82, 0xF9, 0xFF, 0xB5, 0x10, 0x00, 0x00, 0x00, 0x15, 0xFF, 0xFF, 0xFF, 
0x0D, 0x00, 0x00, 0x00, 0x00, 0x0A, 0xC3, 0xFB, 0x3C, 0x00, 0x00, 0x00, 0x00, 0x00, 0x3B, 0xF7, 
0xFF, 0xD5, 0x10, 0x00, 0x00, 0x03, 0xFF, 0xFF, 0xFF, 0x01, 0x00, 0x00, 0x00, 0x00, 0x9B, 0xFF, 
0x97, 0x00, 0x00, 0x00, 0x00, 0x00, 0x00, 0x00, 0x6C, 0xFF, 0xFF, 0xB2, 0x00, 0x00, 0x00, 0xFF, 
0xFF, 0xFF, 0x00, 0x00, 0x00, 0x00, 0x2F, 0xFF, 0xFF, 0x41, 0x00, 0x00, 0x00, 0x00, 0x00, 0x00, 
0x00, 0x04, 0xDE, 0xFF, 0xFF, 0x44, 0x00, 0x00, 0xFF, 0xFF, 0xFF, 0x00, 0x00, 0x00, 0x00, 0x95, 
0xFF, 0xFF, 0x14, 0x00, 0x00, 0x00, 0x00, 0x00, 0x00, 0x00, 0x00, 0x83, 0xFF, 0xFF, 0xA5, 0x00, 
0x00, 0xFF, 0xFF, 0xFF, 0x00, 0x00, 0x00, 0x00, 0xD7, 0xFF, 0xFF, 0x04, 0x00, 0x00, 0x00, 0x00, 
0x00, 0x00, 0x00, 0x00, 0x44, 0xFF, 0xFF, 0xE1, 0x00, 0x00, 0xFF, 0xFF, 0xFF, 0xFF, 0xFF, 0xFF, 
0xFF, 0xFF, 0xFF, 0xFF, 0x0A, 0x00, 0x00, 0x00, 0x00, 0x00, 0x00, 0x00, 0x00, 0x19, 0xFF, 0xFF, 
0xF8, 0x00, 0x00, 0xFF, 0xFF, 0xFF, 0x00, 0x00, 0x00, 0x00, 0xF2, 0xFF, 0xFF, 0x1E, 0x00, 0x00, 
0x00, 0x00, 0x00, 0x00, 0x00, 0x00, 0x08, 0xFF, 0xFF, 0xF1, 0x00, 0x00, 0xFF, 0xFF, 0xFF, 0x00, 
0x00, 0x00, 0x00, 0xD2, 0xFF, 0xFF, 0x4E, 0x00, 0x00, 0x00, 0x00, 0x00, 0x00, 0x00, 0x00, 0x06, 
0xFF, 0xFF, 0xC6, 0x00, 0x00, 0xFF, 0xFF, 0xFF, 0x00, 0x00, 0x00, 0x00, 0x8F, 0xFF, 0xFF, 0x95, 
0x00, 0x00, 0x00, 0x00, 0x00, 0x00, 0x00, 0x00, 0x17, 0xFF, 0xFF, 0x7B, 0x00, 0x00, 0xFF, 0xFF, 
0xFF, 0x00, 0x00, 0x00, 0x00, 0x2C, 0xFE, 0xFF, 0xEC, 0x0D, 0x00, 0x00, 0x00, 0x00, 0x00, 0x00, 
0x00, 0x42, 0xFF, 0xF8, 0x18, 0x00, 0x02, 0xFF, 0xFF, 0xFF, 0x01, 0x00, 0x00, 0x00, 0x00, 0x9E, 
0xFF, 0xFF, 0x86, 0x00, 0x00, 0x00, 0x00, 0x00, 0x00, 0x00, 0x91, 0xFF, 0x84, 0x00, 0x00, 0x13, 
0xFF, 0xFF, 0xFF, 0x0D, 0x00, 0x00, 0x00, 0x00, 0x0B, 0xCE, 0xFF, 0xFD, 0x50, 0x00, 0x00, 0x00, 
0x00, 0x00, 0x29, 0xF6, 0xBD, 0x05, 0x00, 0x0A, 0x74, 0xFF, 0xFF, 0xFF, 0x7E, 0x0A, 0x00, 0x00, 
0x00, 0x00, 0x0F, 0xB7, 0xFF, 0xFD, 0x90, 0x2B, 0x07, 0x15, 0x62, 0xE8, 0x9C, 0x08, 0x00, 0x00, 
0xFF, 0xFF, 0xFF, 0xFF, 0xFF, 0xFF, 0xFF, 0x00, 0x00, 0x00, 0x00, 0x00, 0x00, 0x4A, 0xA8, 0xE1, 
0xF8, 0xF5, 0xD3, 0x92, 0x2E, 0x00, 0x00, 0x00, 0x00, 0x00, 0x00, 0x00, 0x00, 0x00, 0x05, 0x67, 
0xB9, 0xE5, 0xF7, 0xFF, 0xFF, 0xFF, 0xFF, 0xFF, 0xFF, 0xFF, 0x00, 0x00, 0x00, 0x00, 0x0E, 0xC9, 
0xFF, 0xFD, 0x93, 0x2B, 0x0A, 0x1F, 0xFF, 0xFF, 0xFF, 0x87, 0x0E, 0x00, 0x00, 0x00, 0x00, 0x94, 
0xFF, 0xFF, 0x88, 0x00, 0x00, 0x00, 0x00, 0xFF, 0xFF, 0xFF, 0x0F, 0x00, 0x00, 0x00, 0x00, 0x00, 
0xEB, 0xFF, 0xFF, 0x20, 0x00, 0x00, 0x00, 0x00, 0xFF, 0xFF, 0xFF, 0x01, 0x00, 0x00, 0x00, 0x00, 
0x00, 0xEF, 0xFF, 0xFF, 0x09, 0x00, 0x00, 0x00, 0x00, 0xFF, 0xFF, 0xFF, 0x00, 0x00, 0x00, 0x00, 
0x00, 0x00, 0xB7, 0xFF, 0xFF, 0x45, 0x00, 0x00, 0x00, 0x00, 0xFF, 0xFF, 0xFF, 0x00, 0x00, 0x00, 
0x00, 0x00, 0x00, 0x2E, 0xF6, 0xFF, 0xD3, 0x11, 0x00, 0x00, 0x00, 0xFF, 0xFF, 0xFF, 0x00, 0x00, 
0x00, 0x00, 0x00, 0x00, 0x00, 0x33, 0xDC, 0xFF, 0xDF, 0x61, 0x1A, 0x04, 0xFF, 0xFF, 0xFF, 0x00, 
0x00, 0x00, 0x00, 0x00, 0x00, 0x00, 0x00, 0x03, 0x73, 0xFF, 0xFF, 0xFF, 0xFE, 0xFF, 0xFF, 0xFF, 
0x00, 0x00, 0x00, 0x00, 0x00, 0x00, 0x00, 0x00, 0x01, 0xB8, 0xFF, 0xFF, 0xB5, 0x01, 0xFF, 0xFF, 
0xFF, 0x00, 0x00, 0x00, 0x00, 0x00, 0x00, 0x00, 0x00, 0x6F, 0xFF, 0xFF, 0xE2, 0x13, 0x00, 0xFF, 
0xFF, 0xFF, 0x00, 0x00, 0x00, 0x00, 0x00, 0x00, 0x00, 0x2C, 0xF7, 0xFF, 0xFA, 0x38, 0x00, 0x00, 
0xFF, 0xFF, 0xFF, 0x00, 0x00, 0x00, 0x00, 0x00, 0x00, 0x07, 0xD1, 0xFF, 0xFF, 0x70, 0x00, 0x00, 
0x04, 0xFF, 0xFF, 0xFF, 0x02, 0x00, 0x00, 0x00, 0x00, 0x02, 0x98, 0xFF, 0xFF, 0xAD, 0x00, 0x00, 
0x00, 0x1A, 0xFF, 0xFF, 0xFF, 0x0F, 0x00, 0x00, 0x06, 0x2E, 0xBB, 0xFF, 0xFF, 0xDC, 0x0F, 0x00, 
0x00, 0x10, 0x8A, 0xFF, 0xFF, 0xFF, 0x86, 0x0E, 0x08, 0xFF, 0xFF, 0xFF, 0xFF, 0xF8, 0x31, 0x00, 
0x00, 0x00, 0xFF, 0xFF, 0xFF, 0xFF, 0xFF, 0xFF, 0xFF, 0x00, 0x00, 0x00, 0x23, 0x6F, 0x36, 0x00, 
0x00, 0x00, 0x11, 0x6B, 0x4B, 0x00, 0x00, 0x00, 0x00, 0x15, 0xEF, 0xFF, 0xFD, 0x37, 0x00, 0x01, 
0xD1, 0xFF, 0xFF, 0x65, 0x00, 0x00, 0x00, 0x44, 0xFF, 0xFF, 0xFF, 0x73, 0x00, 0x13, 0xFF, 0xFF, 
0xFF, 0xA3, 0x00, 0x00, 0x00, 0x0D, 0xDD, 0xFF, 0xF2, 0x28, 0x00, 0x00, 0xBA, 0xFF, 0xFD, 0x50, 
0x00, 0x00, 0x00, 0x00, 0x0D, 0x47, 0x19, 0x00, 0x00, 0x00, 0x04, 0x43, 0x27, 0x00, 0x00, 0x00, 
0x00, 0x00, 0x00, 0x00, 0x00, 0x00, 0x00, 0x00, 0x00, 0x00, 0x00, 0x00, 0x00, 0x00, 0x00, 0x00, 
0x00, 0x00, 0x00, 0x00, 0x00, 0x00, 0x00, 0x00, 0x00, 0x00, 0x00, 0x00, 0x00, 0x00, 0x00, 0x01, 
0x38, 0x77, 0x90, 0x87, 0x5B, 0x10, 0x00, 0x00, 0x00, 0x00, 0x00, 0x00, 0x38, 0xCF, 0xE7, 0xB1, 
0xC7, 0xFE, 0xFF, 0xF0, 0x66, 0x00, 0x00, 0x00, 0x00, 0x51, 0xF8, 0x8A, 0x06, 0x00, 0x00, 0x34, 
0xE4, 0xFF, 0xFF, 0x74, 0x00, 0x00, 0x28, 0xF5, 0xB2, 0x00, 0x00, 0x00, 0x00, 0x00, 0x40, 0xFF, 
0xFF, 0xFC, 0x26, 0x00, 0xB3, 0xFF, 0x2E, 0x00, 0x00, 0x00, 0x00, 0x00, 0x00, 0xE4, 0xFF, 0xFF, 
0x91, 0x1D, 0xFD, 0xF0, 0x11, 0x10, 0x10, 0x10, 0x10, 0x10, 0x10, 0xC7, 0xFF, 0xFF, 0xCF, 0x5D, 
0xFF, 0xFE, 0xF8, 0xF8, 0xF8, 0xF8, 0xF8, 0xF8, 0xF8, 0xF8, 0xF8, 0xF8, 0xE2, 0x8B, 0xFF, 0xDB, 
0x00, 0x00, 0x00, 0x00, 0x00, 0x00, 0x00, 0x00, 0x00, 0x00, 0x00, 0x9D, 0xFF, 0xED, 0x00, 0x00, 
0x00, 0x00, 0x00, 0x00, 0x00, 0x00, 0x00, 0x00, 0x00, 0xA1, 0xFF, 0xFF, 0x1C, 0x00, 0x00, 0x00, 
0x00, 0x00, 0x00, 0x00, 0x00, 0x00, 0x00, 0x8F, 0xFF, 0xFF, 0x66, 0x00, 0x00, 0x00, 0x00, 0x00, 
0x00, 0x00, 0x00, 0x00, 0x0C, 0x67, 0xFF, 0xFF, 0xD4, 0x05, 0x00, 0x00, 0x00, 0x00, 0x00, 0x00, 
0x00, 0x04, 0xBA, 0x25, 0xFF, 0xFF, 0xFF, 0x8A, 0x00, 0x00, 0x00, 0x00, 0x00, 0x00, 0x00, 0x70, 
0x98, 0x00, 0xBA, 0xFF, 0xFF, 0xFF, 0x8C, 0x07, 0x00, 0x00, 0x00, 0x00, 0x51, 0xF6, 0x2F, 0x00, 
0x2B, 0xF6, 0xFF, 0xFF, 0xFF, 0xE1, 0x8A, 0x68, 0x7D, 0xC2, 0xFF, 0x96, 0x00, 0x00, 0x00, 0x52, 
0xF9, 0xFF, 0xFF, 0xFF, 0xFF, 0xFF, 0xFF, 0xFF, 0xC2, 0x07, 0x00, 0x00, 0x00, 0x00, 0x38, 0xCF, 
0xFF, 0xFF, 0xFF, 0xFF, 0xFD, 0x9A, 0x09, 0x00, 0x00, 0x00, 0x00, 0x00, 0x00, 0x00, 0x34, 0x6A, 
0x79, 0x61, 0x1C, 0x00, 0x00, 0x00, 0x00, 0x00, 0x00, 0x00, 0x00, 0xFF, 0xFF, 0xFF, 0xFF, 0xFF, 
0xFF, 0xFF, 0xFF, 0xFF, 0xFF, 0xFF, 0xFF, 0xFF, 0xFF, 0xFF, 0xFF, 0xFF, 0xFF, 0xFF, 0xFF, 0xFF, 
0xFF, 0xFF, 0xFF, 0xFF, 0xFF, 0xFF, 0xFF, 0xFF, 0xFF, 0xFF, 0xFF, 0xFF, 0xFF, 0xFF, 0xFF, 0xFF, 
0xFF, 0xFF, 0xFF, 0xFF, 0xFF, 0xFF, 0xFF, 0xFF, 0xFF, 0xFF, 0xFF, 0xFF, 0xFF, 0xFF, 0xFF, 0xFF, 
0xFF, 0xFF, 0xFF, 0xFF, 0xFF, 0xFF, 0xFF, 0xFF, 0xFF, 0xFF, 0xFF, 0xFF, 0xFF, 0xFF, 0xFF, 0xFF, 
0xFF, 0xFF, 0xFF, 0xFF, 0xFF, 0xFF, 0xFF, 0xFF, 0xFF, 0xFF, 0xFF, 0xFF, 0xFF, 0xFF, 0xFF, 0xFF, 
0xFF, 0xFF, 0xFF, 0xFF, 0xFF, 0xFF, 0xFF, 0xFF, 0xFF, 0xFF, 0xFF, 0xFF, 0xFF, 0xFF, 0xFF, 0xFF, 
0xFF, 0xFF, 0xFF, 0xFF, 0xFF, 0xFF, 0xFF, 0xFF, 0xFF, 0xFF, 0xFF, 0xFF, 0xFF, 0xFF, 0xFF, 0xFF, 
0xFF, 0xFF, 0xFF, 0xFF, 0xFF, 0xFF, 0xFF, 0xFF, 0xFF, 0xFF, 0xFF, 0xFF, 0xFF, 0xFF, 0xFF, 0xFF, 
0xFF, 0xFF, 0xFF, 0xFF, 0xFF, 0xFF, 0xFF, 0xFF, 0xFF, 0xFF, 0xFF, 0xFF, 0xFF, 0xFF, 0xFF, 0xFF, 
0xFF, 0xFF, 0xFF, 0xFF, 0xFF, 0xFF, 0xFF, 0xFF, 0xFF, 0xFF, 0xFF, 0xFF, 0xFF, 0xFF, 0xFF, 0xFF, 
0xFF, 0xFF, 0xFF, 0xFF, 0xFF, 0xFF, 0xFF, 0xFF, 0xFF, 0x00, 0x00, 0x37, 0xB5, 0x1F, 0x00, 0x6A, 
0xDF, 0x57, 0x01, 0x41, 0xC3, 0x11, 0x00, 0x00, 0xBC, 0x2B, 0x00, 0x00, 0x00, 0xF4, 0x10, 0x00, 
0x00, 0x00, 0xE7, 0xE5, 0xE9, 0xEE, 0x72, 0x8B, 0xFF, 0xFF, 0xFF, 0xF0, 0x07, 0x90, 0xEC, 0xE4, 
0x65, 0x64, 0xE4, 0xEB, 0x8D, 0x06, 0xF1, 0xFF, 0xFF, 0xFF, 0x89, 0x74, 0xEE, 0xEA, 0xE5, 0xE5, 
0x00, 0x00, 0x00, 0x0F, 0xF4, 0x00, 0x00, 0x00, 0x21, 0xB9, 0x00, 0x00, 0x04, 0xA9, 0x3C, 0x00, 
0x28, 0xBE, 0x64, 0x00, 0x1C, 0xAF, 0x33, 0x00, 0x00, 0x5D, 0xE2, 0xEC, 0x91, 0x07, 0xF0, 0xFF, 
0xFF, 0xFF, 0x8B, 0x80, 0xF0, 0xE9, 0xBC, 0xE4, 0x00, 0x00, 0x00, 0x0A, 0xF4, 0x00, 0x00, 0x00, 
0x4B, 0xB3, 0x00, 0x00, 0x18, 0xD0, 0x2B, 0x02, 0x4E, 0xCA, 0x3C, 0x00, 0xB5, 0x74, 0x0C, 0x00, 
0x00, 0x01, 0x7F, 0xE9, 0xDB, 0x41, 0x70, 0xFF, 0xFF, 0xFF, 0xDF, 0xD9, 0xFF, 0xFF, 0xFF, 0xEF, 
0xF9, 0xFF, 0xD6, 0xEF, 0x6F, 0xE4, 0xFF, 0x0C, 0x00, 0x00, 0x9E, 0xFF, 0x1D, 0x00, 0x00, 0x24, 
0xF5, 0x8C, 0x00, 0x00, 0x00, 0x40, 0xF3, 0x6F, 0x00, 0x00, 0x00, 0x29, 0xB7, 0x00, 0x00, 0x00, 
0x3A, 0xA7, 0x18, 0x00, 0x00, 0x00, 0x00, 0x00, 0x46, 0xA7, 0x0F, 0x00, 0x68, 0xA5, 0x17, 0x00, 
0x00, 0x00, 0x00, 0x00, 0x77, 0x9D, 0x0F, 0x00, 0x46, 0xA0, 0x00, 0x00, 0x00, 0x00, 0x00, 0x00, 
0x4F, 0x97, 0x00, 0x00, 0x00, 0xC0, 0x21, 0x00, 0x00, 0x00, 0x00, 0x00, 0x00, 0xC4, 0x20, 0x00, 
0x00, 0x00, 0xF6, 0x0E, 0x00, 0x00, 0x00, 0x00, 0x00, 0x00, 0xF7, 0x14, 0x00, 0x00, 0x00, 0xE3, 
0xE4, 0xEB, 0xEC, 0x6F, 0x00, 0x00, 0x00, 0xE5, 0xE3, 0xEB, 0xEE, 0x75, 0x82, 0xFF, 0xFF, 0xFF, 
0xEE, 0x00, 0x00, 0x00, 0x88, 0xFF, 0xFF, 0xFF, 0xED, 0x05, 0x89, 0xEB, 0xE5, 0x5F, 0x00, 0x00, 
0x00, 0x06, 0x8F, 0xED, 0xE1, 0x57, 0x59, 0xE2, 0xEB, 0x8C, 0x05, 0x00, 0x00, 0x00, 0x5F, 0xE5, 
0xE9, 0x86, 0x04, 0xEE, 0xFF, 0xFF, 0xFF, 0x86, 0x00, 0x00, 0x00, 0xEF, 0xFF, 0xFF, 0xFF, 0x7F, 
0x77, 0xEF, 0xEC, 0xE3, 0xE4, 0x00, 0x00, 0x00, 0x74, 0xED, 0xEC, 0xE1, 0xE2, 0x00, 0x00, 0x00, 
0x13, 0xF6, 0x00, 0x00, 0x00, 0x00, 0x00, 0x00, 0x0D, 0xF6, 0x00, 0x00, 0x00, 0x22, 0xC3, 0x00, 
0x00, 0x00, 0x00, 0x00, 0x00, 0x23, 0xC1, 0x00, 0x00, 0x00, 0x9C, 0x4F, 0x00, 0x00, 0x00, 0x00, 
0x00, 0x01, 0xA4, 0x49, 0x00, 0x15, 0xA6, 0x77, 0x00, 0x00, 0x00, 0x00, 0x00, 0x18, 0xA9, 0x6B, 
0x00, 0x11, 0xAF, 0x45, 0x00, 0x00, 0x00, 0x00, 0x00, 0x19, 0xAA, 0x3B, 0x00, 0x00, 0x59, 0xE2, 
0xEB, 0x8C, 0x05, 0x00, 0x00, 0x00, 0x5F, 0xE5, 0xE9, 0x86, 0x04, 0xEE, 0xFF, 0xFF, 0xFF, 0x86, 
0x00, 0x00, 0x00, 0xEF, 0xFF, 0xFF, 0xFF, 0x7F, 0x77, 0xEF, 0xEC, 0xE3, 0xE4, 0x00, 0x00, 0x00, 
0x74, 0xED, 0xEC, 0xE1, 0xE2, 0x00, 0x00, 0x00, 0x13, 0xF6, 0x00, 0x00, 0x00, 0x00, 0x00, 0x00, 
0x0D, 0xF6, 0x00, 0x00, 0x00, 0x22, 0xC3, 0x00, 0x00, 0x00, 0x00, 0x00, 0x00, 0x23, 0xC1, 0x00, 
0x00, 0x00, 0x9C, 0x4F, 0x00, 0x00, 0x00, 0x00, 0x00, 0x01, 0xA4, 0x49, 0x00, 0x15, 0xA6, 0x77, 
0x00, 0x00, 0x00, 0x00, 0x00, 0x18, 0xA9, 0x6B, 0x00, 0x11, 0xAF, 0x45, 0x00, 0x00, 0x00, 0x00, 
0x00, 0x19, 0xAA, 0x3B, 0x00, 0x00, 0x01, 0x7F, 0xE9, 0xDB, 0x41, 0x00, 0x00, 0x00, 0x01, 0x7F, 
0xE9, 0xDB, 0x41, 0x70, 0xFF, 0xFF, 0xFF, 0xDF, 0x00, 0x00, 0x00, 0x70, 0xFF, 0xFF, 0xFF, 0xDF, 
0xD9, 0xFF, 0xFF, 0xFF, 0xEF, 0x00, 0x00, 0x00, 0xD9, 0xFF, 0xFF, 0xFF, 0xEF, 0xF9, 0xFF, 0xD6, 
0xEF, 0x6F, 0x00, 0x00, 0x00, 0xF9, 0xFF, 0xD6, 0xEF, 0x6F, 0xE4, 0xFF, 0x0C, 0x00, 0x00, 0x00, 
0x00, 0x00, 0xE4, 0xFF, 0x0C, 0x00, 0x00, 0x9E, 0xFF, 0x1D, 0x00, 0x00, 0x00, 0x00, 0x00, 0x9E, 
0xFF, 0x1D, 0x00, 0x00, 0x24, 0xF5, 0x8C, 0x00, 0x00, 0x00, 0x00, 0x00, 0x24, 0xF5, 0x8C, 0x00, 
0x00, 0x00, 0x40, 0xF3, 0x6F, 0x00, 0x00, 0x00, 0x00, 0x00, 0x40, 0xF3, 0x6F, 0x00, 0x00, 0x00, 
0x29, 0xB7, 0x00, 0x00, 0x00, 0x00, 0x00, 0x00, 0x29, 0xB7, 0x00, 0x00, 0x00, 0x00, 0x00, 0x00, 
0x00, 0x00, 0x00, 0x3E, 0xE6, 0xB4, 0x00, 0xD2, 0xFF, 0xF2, 0x1D, 0xFF, 0xFF, 0xBA, 0x48, 0xFF, 
0xFF, 0x63, 0x67, 0xFF, 0xF7, 0x0F, 0x84, 0xFF, 0xA8, 0x00, 0xA0, 0xFF, 0x49, 0x00, 0xBB, 0xE7, 
0x03, 0x00, 0xD7, 0x8D, 0x00, 0x00, 0xF2, 0x2F, 0x00, 0x00, 0x00, 0x3E, 0xE6, 0xB4, 0x00, 0x00, 
0x00, 0x3E, 0xE6, 0xB4, 0x00, 0xD2, 0xFF, 0xF2, 0x00, 0x00, 0x00, 0xD2, 0xFF, 0xF2, 0x1D, 0xFF, 
0xFF, 0xBA, 0x00, 0x00, 0x1D, 0xFF, 0xFF, 0xBA, 0x48, 0xFF, 0xFF, 0x63, 0x00, 0x00, 0x48, 0xFF, 
0xFF, 0x63, 0x67, 0xFF, 0xF7, 0x0F, 0x00, 0x00, 0x67, 0xFF, 0xF7, 0x0F, 0x84, 0xFF, 0xA8, 0x00, 
0x00, 0x00, 0x84, 0xFF, 0xA8, 0x00, 0xA0, 0xFF, 0x49, 0x00, 0x00, 0x00, 0xA0, 0xFF, 0x49, 0x00, 
0xBB, 0xE7, 0x03, 0x00, 0x00, 0x00, 0xBB, 0xE7, 0x03, 0x00, 0xD7, 0x8D, 0x00, 0x00, 0x00, 0x00, 
0xD7, 0x8D, 0x00, 0x00, 0xF2, 0x2F, 0x00, 0x00, 0x00, 0x00, 0xF2, 0x2F, 0x00, 0x00, 0x00, 0x00, 
0x00, 0x00, 0x00, 0x60, 0xBF, 0x00, 0x00, 0x00, 0x00, 0x2B, 0xF5, 0x3F, 0x00, 0x00, 0x00, 0x0B, 
0xD5, 0xBF, 0x00, 0x00, 0x00, 0x00, 0xA1, 0xFF, 0x3F, 0x00, 0x00, 0x00, 0x62, 0xFF, 0xBE, 0x00, 
0x00, 0x00, 0x2C, 0xF5, 0xFF, 0x3E, 0x00, 0x00, 0x0B, 0xD6, 0xFF, 0xBE, 0x00, 0x00, 0x00, 0xA2, 
0xFF, 0xFF, 0x3E, 0x00, 0x00, 0x00, 0x9E, 0xFF, 0xFF, 0x41, 0x00, 0x00, 0x00, 0x0A, 0xD4, 0xFF, 
0xC0, 0x00, 0x00, 0x00, 0x00, 0x29, 0xF4, 0xFF, 0x41, 0x00, 0x00, 0x00, 0x00, 0x5F, 0xFF, 0xC0, 
0x00, 0x00, 0x00, 0x00, 0x00, 0x9F, 0xFF, 0x40, 0x00, 0x00, 0x00, 0x00, 0x0A, 0xD5, 0xC0, 0x00, 
0x00, 0x00, 0x00, 0x00, 0x2A, 0xF5, 0x40, 0x00, 0x00, 0x00, 0x00, 0x00, 0x60, 0xC0, 0xC0, 0x5F, 
0x00, 0x00, 0x00, 0x00, 0x00, 0x41, 0xF4, 0x29, 0x00, 0x00, 0x00, 0x00, 0x00, 0xC0, 0xD4, 0x0A, 
0x00, 0x00, 0x00, 0x00, 0x41, 0xFF, 0x9E, 0x00, 0x00, 0x00, 0x00, 0x00, 0xC1, 0xFF, 0x5D, 0x00, 
0x00, 0x00, 0x00, 0x42, 0xFF, 0xF4, 0x28, 0x00, 0x00, 0x00, 0x00, 0xC1, 0xFF, 0xD3, 0x09, 0x00, 
0x00, 0x00, 0x42, 0xFF, 0xFF, 0x9D, 0x00, 0x00, 0x00, 0x3E, 0xFF, 0xFF, 0xA2, 0x00, 0x00, 0x00, 
0xBF, 0xFF, 0xD6, 0x0B, 0x00, 0x00, 0x3E, 0xFF, 0xF5, 0x2C, 0x00, 0x00, 0x00, 0xBF, 0xFF, 0x61, 
0x00, 0x00, 0x00, 0x3F, 0xFF, 0xA1, 0x00, 0x00, 0x00, 0x00, 0xC0, 0xD5, 0x0B, 0x00, 0x00, 0x00, 
0x3F, 0xF5, 0x2B, 0x00, 0x00, 0x00, 0x00, 0xC0, 0x60, 0x00, 0x00, 0x00, 0x00, 0x00, 0xFF, 0xFF, 
0xFF, 0xFF, 0xFF, 0xFF, 0xFF, 0xFF, 0xFF, 0xFF, 0xFF, 0xFF, 0xFF, 0xFF, 0xFF, 0xFF, 0xFF, 0xFF, 
0xFF, 0xFF, 0xFF, 0xFF, 0xFF, 0xFF, 0xFF, 0xFF, 0xFF, 0xFF, 0x00, 0x00, 0x00, 0x00, 0x00, 0x00, 
0x00, 0x00, 0x00, 0x00, 0x00, 0x00, 0x7C, 0xAD, 0x00, 0x00, 0x00, 0x00, 0x00, 0x00, 0x00, 0x00, 
0x00, 0x00, 0x00, 0x00, 0x00, 0x00, 0x00, 0x00, 0x00, 0x00, 0x00, 0x00, 0x00, 0x00, 0x00, 0x00, 
0x00, 0x00, 0x00, 0x00, 0x00, 0x00, 0x7C, 0xED, 0x18, 0x00, 0x00, 0x00, 0x00, 0x00, 0x00, 0x00, 
0x00, 0x00, 0x00, 0x00, 0x00, 0x00, 0x00, 0x00, 0x00, 0x00, 0x00, 0x00, 0x00, 0x00, 0x00, 0x00, 
0x00, 0x00, 0x00, 0x00, 0x00, 0x01, 0x8D, 0xFE, 0x52, 0x00, 0x00, 0x00, 0x00, 0x00, 0x00, 0x00, 
0x00, 0x00, 0x00, 0x00, 0x00, 0x00, 0x00, 0x00, 0x00, 0x00, 0x00, 0x00, 0x00, 0x00, 0x00, 0x00, 
0x00, 0x00, 0x00, 0x00, 0x00, 0x12, 0xB2, 0xFF, 0x76, 0x00, 0x00, 0x00, 0x00, 0x00, 0x00, 0x00, 
0x00, 0x00, 0x00, 0x00, 0x00, 0x00, 0x00, 0x00, 0x00, 0x00, 0x00, 0x00, 0x00, 0x00, 0x00, 0x00, 
0x00, 0x00, 0x00, 0x00, 0x00, 0x50, 0xE6, 0xFF, 0x7E, 0x00, 0x00, 0x00, 0x00, 0x00, 0x00, 0x00, 
0x00, 0x00, 0x00, 0x00, 0x00, 0x00, 0x00, 0x00, 0x00, 0x00, 0x00, 0x00, 0x00, 0x00, 0x00, 0x00, 
0x00, 0x00, 0x00, 0x00, 0x00, 0xC8, 0xFF, 0xFF, 0xFF, 0xFF, 0xFF, 0xFF, 0xFF, 0xFF, 0xFF, 0xFF, 
0xFF, 0xFF, 0xFF, 0xFF, 0xFF, 0xFF, 0xFF, 0xFF, 0xFF, 0xFF, 0xFF, 0xFF, 0xFF, 0xFF, 0xFF, 0xFF, 
0xFF, 0xFF, 0xFF, 0xFF, 0xFF, 0xFF, 0xA3, 0xFE, 0xFF, 0xFF, 0xFF, 0xFF, 0xFF, 0xFF, 0xFF, 0xFF, 
0xFF, 0xFF, 0xFF, 0xFF, 0xFF, 0xFF, 0xFF, 0xFF, 0xFF, 0xFF, 0xFF, 0xFF, 0xFF, 0xFF, 0xFF, 0xFF, 
0xFF, 0xFF, 0xFF, 0xFF, 0xFF, 0xFF, 0xFF, 0x00, 0x34, 0xD6, 0xFF, 0x88, 0x00, 0x00, 0x00, 0x00, 
0x00, 0x00, 0x00, 0x00, 0x00, 0x00, 0x00, 0x00, 0x00, 0x00, 0x00, 0x00, 0x00, 0x00, 0x00, 0x00, 
0x00, 0x00, 0x00, 0x00, 0x00, 0x00, 0x00, 0x00, 0x00, 0x00, 0x09, 0x9E, 0xFF, 0x7F, 0x00, 0x00, 
0x00, 0x00, 0x00, 0x00, 0x00, 0x00, 0x00, 0x00, 0x00, 0x00, 0x00, 0x00, 0x00, 0x00, 0x00, 0x00, 
0x00, 0x00, 0x00, 0x00, 0x00, 0x00, 0x00, 0x00, 0x00, 0x00, 0x00, 0x00, 0x00, 0x7C, 0xFF, 0x52, 
0x00, 0x00, 0x00, 0x00, 0x00, 0x00, 0x00, 0x00, 0x00, 0x00, 0x00, 0x00, 0x00, 0x00, 0x00, 0x00, 
0x00, 0x00, 0x00, 0x00, 0x00, 0x00, 0x00, 0x00, 0x00, 0x00, 0x00, 0x00, 0x00, 0x00, 0x00, 0x72, 
0xEE, 0x1B, 0x00, 0x00, 0x00, 0x00, 0x00, 0x00, 0x00, 0x00, 0x00, 0x00, 0x00, 0x00, 0x00, 0x00, 
0x00, 0x00, 0x00, 0x00, 0x00, 0x00, 0x00, 0x00, 0x00, 0x00, 0x00, 0x00, 0x00, 0x00, 0x00, 0x00, 
0x00, 0x7A, 0xAF, 0x00, 0x00, 0x00, 0x00, 0x00, 0x00, 0x00, 0x00, 0x00, 0x00, 0x00, 0x00, 0x00, 
0x00, 0x00, 0x00, 0x00, 0x00, 0x00, 0x00, 0x00, 0x00, 0x00, 0x00, 0x00, 0x00, 0x00, 0x00, 0x00, 
0x00, 0xC9, 0xA8, 0x00, 0x00, 0x00, 0x00, 0x00, 0x00, 0x00, 0x00, 0x00, 0x51, 0xFF, 0xFE, 0x36, 
0x00, 0x00, 0x00, 0x00, 0x00, 0x00, 0x00, 0x12, 0xE7, 0xFF, 0xFF, 0xD6, 0x08, 0x00, 0x00, 0x00, 
0x00, 0x00, 0x01, 0xB2, 0xFF, 0xFF, 0xFF, 0xFF, 0x9A, 0x00, 0x00, 0x00, 0x00, 0x00, 0x8E, 0xFF, 
0x7D, 0xFF, 0xFF, 0x88, 0xFF, 0x79, 0x00, 0x00, 0x00, 0x7D, 0xFE, 0x73, 0x00, 0xFF, 0xFF, 0x00, 
0x81, 0xFE, 0x70, 0x00, 0x7C, 0xED, 0x50, 0x00, 0x00, 0xFF, 0xFF, 0x00, 0x00, 0x53, 0xEF, 0x78, 
0xAE, 0x18, 0x00, 0x00, 0x00, 0xFF, 0xFF, 0x00, 0x00, 0x00, 0x1B, 0xAF, 0x00, 0x00, 0x00, 0x00, 
0x00, 0xFF, 0xFF, 0x00, 0x00, 0x00, 0x00, 0x00, 0x00, 0x00, 0x00, 0x00, 0x00, 0xFF, 0xFF, 0x00, 
0x00, 0x00, 0x00, 0x00, 0x00, 0x00, 0x00, 0x00, 0x00, 0xFF, 0xFF, 0x00, 0x00, 0x00, 0x00, 0x00, 
0x00, 0x00, 0x00, 0x00, 0x00, 0xFF, 0xFF, 0x00, 0x00, 0x00, 0x00, 0x00, 0x00, 0x00, 0x00, 0x00, 
0x00, 0xFF, 0xFF, 0x00, 0x00, 0x00, 0x00, 0x00, 0x00, 0x00, 0x00, 0x00, 0x00, 0xFF, 0xFF, 0x00, 
0x00, 0x00, 0x00, 0x00, 0x00, 0x00, 0x00, 0x00, 0x00, 0xFF, 0xFF, 0x00, 0x00, 0x00, 0x00, 0x00, 
0x00, 0x00, 0x00, 0x00, 0x00, 0xFF, 0xFF, 0x00, 0x00, 0x00, 0x00, 0x00, 0x00, 0x00, 0x00, 0x00, 
0x00, 0xFF, 0xFF, 0x00, 0x00, 0x00, 0x00, 0x00, 0x00, 0x00, 0x00, 0x00, 0x00, 0xFF, 0xFF, 0x00, 
0x00, 0x00, 0x00, 0x00, 0x00, 0x00, 0x00, 0x00, 0x00, 0xFF, 0xFF, 0x00, 0x00, 0x00, 0x00, 0x00, 
0x00, 0x00, 0x00, 0x00, 0x00, 0xFF, 0xFF, 0x00, 0x00, 0x00, 0x00, 0x00, 0x00, 0x00, 0x00, 0x00, 
0x00, 0xFF, 0xFF, 0x00, 0x00, 0x00, 0x00, 0x00, 0x00, 0x00, 0x00, 0x00, 0x00, 0xFF, 0xFF, 0x00, 
0x00, 0x00, 0x00, 0x00, 0x00, 0x00, 0x00, 0x00, 0x00, 0xFF, 0xFF, 0x00, 0x00, 0x00, 0x00, 0x00, 
0x00, 0x00, 0x00, 0x00, 0x00, 0xFF, 0xFF, 0x00, 0x00, 0x00, 0x00, 0x00, 0x00, 0x00, 0x00, 0x00, 
0x00, 0xFF, 0xFF, 0x00, 0x00, 0x00, 0x00, 0x00, 0x00, 0x00, 0x00, 0x00, 0x00, 0xFF, 0xFF, 0x00, 
0x00, 0x00, 0x00, 0x00, 0x00, 0x00, 0x00, 0x00, 0x00, 0xFF, 0xFF, 0x00, 0x00, 0x00, 0x00, 0x00, 
0x00, 0x00, 0x00, 0x00, 0x00, 0xFF, 0xFF, 0x00, 0x00, 0x00, 0x00, 0x00, 0x00, 0x00, 0x00, 0x00, 
0x00, 0xFF, 0xFF, 0x00, 0x00, 0x00, 0x00, 0x00, 0x00, 0x00, 0x00, 0x00, 0x00, 0xFF, 0xFF, 0x00, 
0x00, 0x00, 0x00, 0x00, 0x00, 0x00, 0x00, 0x00, 0x00, 0xFF, 0xFF, 0x00, 0x00, 0x00, 0x00, 0x00, 
0x00, 0x00, 0x00, 0x00, 0x00, 0x00, 0x00, 0x00, 0x00, 0x00, 0x00, 0x00, 0x00, 0x00, 0x00, 0x00, 
0x00, 0x00, 0x00, 0x00, 0x00, 0x00, 0x00, 0x00, 0x00, 0xAE, 0x7C, 0x00, 0x00, 0x00, 0x00, 0x00, 
0x00, 0x00, 0x00, 0x00, 0x00, 0x00, 0x00, 0x00, 0x00, 0x00, 0x00, 0x00, 0x00, 0x00, 0x00, 0x00, 
0x00, 0x00, 0x00, 0x00, 0x00, 0x00, 0x00, 0x00, 0x00, 0x00, 0x19, 0xED, 0x7B, 0x00, 0x00, 0x00, 
0x00, 0x00, 0x00, 0x00, 0x00, 0x00, 0x00, 0x00, 0x00, 0x00, 0x00, 0x00, 0x00, 0x00, 0x00, 0x00, 
0x00, 0x00, 0x00, 0x00, 0x00, 0x00, 0x00, 0x00, 0x00, 0x00, 0x00, 0x00, 0x50, 0xFE, 0x8B, 0x01, 
0x00, 0x00, 0x00, 0x00, 0x00, 0x00, 0x00, 0x00, 0x00, 0x00, 0x00, 0x00, 0x00, 0x00, 0x00, 0x00, 
0x00, 0x00, 0x00, 0x00, 0x00, 0x00, 0x00, 0x00, 0x00, 0x00, 0x00, 0x00, 0x00, 0x00, 0x72, 0xFF, 
0xAF, 0x11, 0x00, 0x00, 0x00, 0x00, 0x00, 0x00, 0x00, 0x00, 0x00, 0x00, 0x00, 0x00, 0x00, 0x00, 
0x00, 0x00, 0x00, 0x00, 0x00, 0x00, 0x00, 0x00, 0x00, 0x00, 0x00, 0x00, 0x00, 0x00, 0x00, 0x00, 
0x7D, 0xFF, 0xE5, 0x50, 0x00, 0xFF, 0xFF, 0xFF, 0xFF, 0xFF, 0xFF, 0xFF, 0xFF, 0xFF, 0xFF, 0xFF, 
0xFF, 0xFF, 0xFF, 0xFF, 0xFF, 0xFF, 0xFF, 0xFF, 0xFF, 0xFF, 0xFF, 0xFF, 0xFF, 0xFF, 0xFF, 0xFF, 
0xFF, 0xFF, 0xFF, 0xFF, 0xFF, 0xC8, 0xFF, 0xFF, 0xFF, 0xFF, 0xFF, 0xFF, 0xFF, 0xFF, 0xFF, 0xFF, 
0xFF, 0xFF, 0xFF, 0xFF, 0xFF, 0xFF, 0xFF, 0xFF, 0xFF, 0xFF, 0xFF, 0xFF, 0xFF, 0xFF, 0xFF, 0xFF, 
0xFF, 0xFF, 0xFF, 0xFF, 0xFF, 0xFE, 0xA3, 0x00, 0x00, 0x00, 0x00, 0x00, 0x00, 0x00, 0x00, 0x00, 
0x00, 0x00, 0x00, 0x00, 0x00, 0x00, 0x00, 0x00, 0x00, 0x00, 0x00, 0x00, 0x00, 0x00, 0x00, 0x00, 
0x00, 0x00, 0x00, 0x87, 0xFF, 0xD4, 0x33, 0x00, 0x00, 0x00, 0x00, 0x00, 0x00, 0x00, 0x00, 0x00, 
0x00, 0x00, 0x00, 0x00, 0x00, 0x00, 0x00, 0x00, 0x00, 0x00, 0x00, 0x00, 0x00, 0x00, 0x00, 0x00, 
0x00, 0x00, 0x00, 0x81, 0xFF, 0x9A, 0x08, 0x00, 0x00, 0x00, 0x00, 0x00, 0x00, 0x00, 0x00, 0x00, 
0x00, 0x00, 0x00, 0x00, 0x00, 0x00, 0x00, 0x00, 0x00, 0x00, 0x00, 0x00, 0x00, 0x00, 0x00, 0x00, 
0x00, 0x00, 0x00, 0x52, 0xFF, 0x7A, 0x00, 0x00, 0x00, 0x00, 0x00, 0x00, 0x00, 0x00, 0x00, 0x00, 
0x00, 0x00, 0x00, 0x00, 0x00, 0x00, 0x00, 0x00, 0x00, 0x00, 0x00, 0x00, 0x00, 0x00, 0x00, 0x00, 
0x00, 0x00, 0x00, 0x1B, 0xEE, 0x71, 0x00, 0x00, 0x00, 0x00, 0x00, 0x00, 0x00, 0x00, 0x00, 0x00, 
0x00, 0x00, 0x00, 0x00, 0x00, 0x00, 0x00, 0x00, 0x00, 0x00, 0x00, 0x00, 0x00, 0x00, 0x00, 0x00, 
0x00, 0x00, 0x00, 0x00, 0xAF, 0x79, 0x00, 0x00, 0x00, 0x00, 0x00, 0x00, 0x00, 0x00, 0x00, 0x00, 
0x00, 0xFF, 0xFF, 0x00, 0x00, 0x00, 0x00, 0x00, 0x00, 0x00, 0x00, 0x00, 0x00, 0xFF, 0xFF, 0x00, 
0x00, 0x00, 0x00, 0x00, 0x00, 0x00, 0x00, 0x00, 0x00, 0xFF, 0xFF, 0x00, 0x00, 0x00, 0x00, 0x00, 
0x00, 0x00, 0x00, 0x00, 0x00, 0xFF, 0xFF, 0x00, 0x00, 0x00, 0x00, 0x00, 0x00, 0x00, 0x00, 0x00, 
0x00, 0xFF, 0xFF, 0x00, 0x00, 0x00, 0x00, 0x00, 0x00, 0x00, 0x00, 0x00, 0x00, 0xFF, 0xFF, 0x00, 
0x00, 0x00, 0x00, 0x00, 0x00, 0x00, 0x00, 0x00, 0x00, 0xFF, 0xFF, 0x00, 0x00, 0x00, 0x00, 0x00, 
0x00, 0x00, 0x00, 0x00, 0x00, 0xFF, 0xFF, 0x00, 0x00, 0x00, 0x00, 0x00, 0x00, 0x00, 0x00, 0x00, 
0x00, 0xFF, 0xFF, 0x00, 0x00, 0x00, 0x00, 0x00, 0x00, 0x00, 0x00, 0x00, 0x00, 0xFF, 0xFF, 0x00, 
0x00, 0x00, 0x00, 0x00, 0x00, 0x00, 0x00, 0x00, 0x00, 0xFF, 0xFF, 0x00, 0x00, 0x00, 0x00, 0x00, 
0x00, 0x00, 0x00, 0x00, 0x00, 0xFF, 0xFF, 0x00, 0x00, 0x00, 0x00, 0x00, 0x00, 0x00, 0x00, 0x00, 
0x00, 0xFF, 0xFF, 0x00, 0x00, 0x00, 0x00, 0x00, 0x00, 0x00, 0x00, 0x00, 0x00, 0xFF, 0xFF, 0x00, 
0x00, 0x00, 0x00, 0x00, 0x00, 0x00, 0x00, 0x00, 0x00, 0xFF, 0xFF, 0x00, 0x00, 0x00, 0x00, 0x00, 
0x00, 0x00, 0x00, 0x00, 0x00, 0xFF, 0xFF, 0x00, 0x00, 0x00, 0x00, 0x00, 0x00, 0x00, 0x00, 0x00, 
0x00, 0xFF, 0xFF, 0x00, 0x00, 0x00, 0x00, 0x00, 0x00, 0x00, 0x00, 0x00, 0x00, 0xFF, 0xFF, 0x00, 
0x00, 0x00, 0x00, 0x00, 0x00, 0x00, 0x00, 0x00, 0x00, 0xFF, 0xFF, 0x00, 0x00, 0x00, 0x00, 0x00, 
0x00, 0x00, 0x00, 0x00, 0x00, 0xFF, 0xFF, 0x00, 0x00, 0x00, 0x00, 0x00, 0x00, 0x00, 0x00, 0x00, 
0x00, 0xFF, 0xFF, 0x00, 0x00, 0x00, 0x00, 0x00, 0x00, 0x00, 0x00, 0x00, 0x00, 0xFF, 0xFF, 0x00, 
0x00, 0x00, 0x00, 0x00, 0x00, 0x00, 0x00, 0x00, 0x00, 0xFF, 0xFF, 0x00, 0x00, 0x00, 0x00, 0x00, 
0xAE, 0x18, 0x00, 0x00, 0x00, 0xFF, 0xFF, 0x00, 0x00, 0x00, 0x1B, 0xAE, 0x7D, 0xED, 0x50, 0x00, 
0x00, 0xFF, 0xFF, 0x00, 0x00, 0x52, 0xEE, 0x79, 0x00, 0x7E, 0xFE, 0x72, 0x00, 0xFF, 0xFF, 0x00, 
0x7F, 0xFE, 0x71, 0x00, 0x00, 0x00, 0x8F, 0xFF, 0x7D, 0xFF, 0xFF, 0x88, 0xFF, 0x7B, 0x00, 0x00, 
0x00, 0x00, 0x02, 0xB5, 0xFF, 0xFF, 0xFF, 0xFF, 0x9D, 0x00, 0x00, 0x00, 0x00, 0x00, 0x00, 0x14, 
0xE8, 0xFF, 0xFF, 0xD7, 0x09, 0x00, 0x00, 0x00, 0x00, 0x00, 0x00, 0x00, 0x52, 0xFF, 0xFE, 0x37, 
0x00, 0x00, 0x00, 0x00, 0x00, 0x00, 0x00, 0x00, 0x00, 0xC9, 0xA9, 0x00, 0x00, 0x00, 0x00, 0x00, 
0x00, 0x00, 0x00, 0x00, 0x00, 0x00, 0x78, 0xB5, 0x00, 0x00, 0x00, 0x00, 0x00, 0x00, 0x00, 0x00, 
0x00, 0x00, 0x00, 0x00, 0x00, 0x00, 0x00, 0x00, 0x00, 0xB6, 0x78, 0x00, 0x00, 0x00, 0x00, 0x00, 
0x00, 0x00, 0x00, 0x00, 0x00, 0x00, 0x70, 0xF4, 0x24, 0x00, 0x00, 0x00, 0x00, 0x00, 0x00, 0x00, 
0x00, 0x00, 0x00, 0x00, 0x00, 0x00, 0x00, 0x00, 0x00, 0x00, 0x25, 0xF4, 0x6F, 0x00, 0x00, 0x00, 
0x00, 0x00, 0x00, 0x00, 0x00, 0x00, 0x7A, 0xFF, 0x5F, 0x00, 0x00, 0x00, 0x00, 0x00, 0x00, 0x00, 
0x00, 0x00, 0x00, 0x00, 0x00, 0x00, 0x00, 0x00, 0x00, 0x00, 0x00, 0x00, 0x60, 0xFF, 0x78, 0x00, 
0x00, 0x00, 0x00, 0x00, 0x00, 0x0A, 0x9E, 0xFF, 0x85, 0x00, 0x00, 0x00, 0x00, 0x00, 0x00, 0x00, 
0x00, 0x00, 0x00, 0x00, 0x00, 0x00, 0x00, 0x00, 0x00, 0x00, 0x00, 0x00, 0x00, 0x00, 0x86, 0xFF, 
0x9A, 0x09, 0x00, 0x00, 0x00, 0x3E, 0xDA, 0xFF, 0x87, 0x00, 0x00, 0x00, 0x00, 0x00, 0x00, 0x00, 
0x00, 0x00, 0x00, 0x00, 0x00, 0x00, 0x00, 0x00, 0x00, 0x00, 0x00, 0x00, 0x00, 0x00, 0x00, 0x00, 
0x87, 0xFF, 0xD9, 0x3D, 0x00, 0xB6, 0xFF, 0xFF, 0xFF, 0xFF, 0xFF, 0xFF, 0xFF, 0xFF, 0xFF, 0xFF, 
0xFF, 0xFF, 0xFF, 0xFF, 0xFF, 0xFF, 0xFF, 0xFF, 0xFF, 0xFF, 0xFF, 0xFF, 0xFF, 0xFF, 0xFF, 0xFF, 
0xFF, 0xFF, 0xFF, 0xFF, 0xFF, 0xB5, 0xBA, 0xFF, 0xFF, 0xFF, 0xFF, 0xFF, 0xFF, 0xFF, 0xFF, 0xFF, 
0xFF, 0xFF, 0xFF, 0xFF, 0xFF, 0xFF, 0xFF, 0xFF, 0xFF, 0xFF, 0xFF, 0xFF, 0xFF, 0xFF, 0xFF, 0xFF, 
0xFF, 0xFF, 0xFF, 0xFF, 0xFF, 0xFF, 0xBA, 0x00, 0x41, 0xDC, 0xFF, 0x86, 0x00, 0x00, 0x00, 0x00, 
0x00, 0x00, 0x00, 0x00, 0x00, 0x00, 0x00, 0x00, 0x00, 0x00, 0x00, 0x00, 0x00, 0x00, 0x00, 0x00, 
0x00, 0x00, 0x00, 0x86, 0xFF, 0xDB, 0x40, 0x00, 0x00, 0x00, 0x0B, 0xA2, 0xFF, 0x84, 0x00, 0x00, 
0x00, 0x00, 0x00, 0x00, 0x00, 0x00, 0x00, 0x00, 0x00, 0x00, 0x00, 0x00, 0x00, 0x00, 0x00, 0x00, 
0x00, 0x00, 0x00, 0x86, 0xFF, 0x9F, 0x0A, 0x00, 0x00, 0x00, 0x00, 0x00, 0x00, 0x7E, 0xFF, 0x5F, 
0x00, 0x00, 0x00, 0x00, 0x00, 0x00, 0x00, 0x00, 0x00, 0x00, 0x00, 0x00, 0x00, 0x00, 0x00, 0x00, 
0x00, 0x00, 0x00, 0x60, 0xFF, 0x7C, 0x00, 0x00, 0x00, 0x00, 0x00, 0x00, 0x00, 0x00, 0x00, 0x73, 
0xF3, 0x24, 0x00, 0x00, 0x00, 0x00, 0x00, 0x00, 0x00, 0x00, 0x00, 0x00, 0x00, 0x00, 0x00, 0x00, 
0x00, 0x00, 0x00, 0x24, 0xF4, 0x71, 0x00, 0x00, 0x00, 0x00, 0x00, 0x00, 0x00, 0x00, 0x00, 0x00, 
0x00, 0x7A, 0xB5, 0x00, 0x00, 0x00, 0x00, 0x00, 0x00, 0x00, 0x00, 0x00, 0x00, 0x00, 0x00, 0x00, 
0x00, 0x00, 0x00, 0x00, 0xB6, 0x79, 0x00, 0x00, 0x00, 0x00, 0x00, 0x00, 0x00, 0x00, 0x00, 0x00, 
0x00, 0xBB, 0xBA, 0x00, 0x00, 0x00, 0x00, 0x00, 0x00, 0x00, 0x00, 0x00, 0x41, 0xFF, 0xFF, 0x43, 
0x00, 0x00, 0x00, 0x00, 0x00, 0x00, 0x00, 0x0B, 0xDC, 0xFF, 0xFF, 0xDD, 0x0B, 0x00, 0x00, 0x00, 
0x00, 0x00, 0x00, 0xA1, 0xFF, 0xFF, 0xFF, 0xFF, 0xA1, 0x00, 0x00, 0x00, 0x00, 0x00, 0x7D, 0xFF, 
0x86, 0xFF, 0xFF, 0x87, 0xFF, 0x7D, 0x00, 0x00, 0x00, 0x72, 0xFF, 0x84, 0x00, 0xFF, 0xFF, 0x00, 
0x84, 0xFF, 0x71, 0x00, 0x79, 0xF4, 0x5E, 0x00, 0x00, 0xFF, 0xFF, 0x00, 0x00, 0x5F, 0xF4, 0x78, 
0xB6, 0x24, 0x00, 0x00, 0x00, 0xFF, 0xFF, 0x00, 0x00, 0x00, 0x24, 0xB6, 0x00, 0x00, 0x00, 0x00, 
0x00, 0xFF, 0xFF, 0x00, 0x00, 0x00, 0x00, 0x00, 0x00, 0x00, 0x00, 0x00, 0x00, 0xFF, 0xFF, 0x00, 
0x00, 0x00, 0x00, 0x00, 0x00, 0x00, 0x00, 0x00, 0x00, 0xFF, 0xFF, 0x00, 0x00, 0x00, 0x00, 0x00, 
0x00, 0x00, 0x00, 0x00, 0x00, 0xFF, 0xFF, 0x00, 0x00, 0x00, 0x00, 0x00, 0x00, 0x00, 0x00, 0x00, 
0x00, 0xFF, 0xFF, 0x00, 0x00, 0x00, 0x00, 0x00, 0x00, 0x00, 0x00, 0x00, 0x00, 0xFF, 0xFF, 0x00, 
0x00, 0x00, 0x00, 0x00, 0x00, 0x00, 0x00, 0x00, 0x00, 0xFF, 0xFF, 0x00, 0x00, 0x00, 0x00, 0x00, 
0x00, 0x00, 0x00, 0x00, 0x00, 0xFF, 0xFF, 0x00, 0x00, 0x00, 0x00, 0x00, 0x00, 0x00, 0x00, 0x00, 
0x00, 0xFF, 0xFF, 0x00, 0x00, 0x00, 0x00, 0x00, 0x00, 0x00, 0x00, 0x00, 0x00, 0xFF, 0xFF, 0x00, 
0x00, 0x00, 0x00, 0x00, 0x00, 0x00, 0x00, 0x00, 0x00, 0xFF, 0xFF, 0x00, 0x00, 0x00, 0x00, 0x00, 
0x00, 0x00, 0x00, 0x00, 0x00, 0xFF, 0xFF, 0x00, 0x00, 0x00, 0x00, 0x00, 0x00, 0x00, 0x00, 0x00, 
0x00, 0xFF, 0xFF, 0x00, 0x00, 0x00, 0x00, 0x00, 0x00, 0x00, 0x00, 0x00, 0x00, 0xFF, 0xFF, 0x00, 
0x00, 0x00, 0x00, 0x00, 0x00, 0x00, 0x00, 0x00, 0x00, 0xFF, 0xFF, 0x00, 0x00, 0x00, 0x00, 0x00, 
0x00, 0x00, 0x00, 0x00, 0x00, 0xFF, 0xFF, 0x00, 0x00, 0x00, 0x00, 0x00, 0x00, 0x00, 0x00, 0x00, 
0x00, 0xFF, 0xFF, 0x00, 0x00, 0x00, 0x00, 0x00, 0xB5, 0x24, 0x00, 0x00, 0x00, 0xFF, 0xFF, 0x00, 
0x00, 0x00, 0x24, 0xB5, 0x7A, 0xF4, 0x60, 0x00, 0x00, 0xFF, 0xFF, 0x00, 0x00, 0x60, 0xF4, 0x79, 
0x00, 0x73, 0xFF, 0x85, 0x00, 0xFF, 0xFF, 0x00, 0x85, 0xFF, 0x72, 0x00, 0x00, 0x00, 0x7E, 0xFF, 
0x86, 0xFF, 0xFF, 0x87, 0xFF, 0x7D, 0x00, 0x00, 0x00, 0x00, 0x00, 0xA2, 0xFF, 0xFF, 0xFF, 0xFF, 
0xA1, 0x00, 0x00, 0x00, 0x00, 0x00, 0x00, 0x0B, 0xDD, 0xFF, 0xFF, 0xDD, 0x0B, 0x00, 0x00, 0x00, 
0x00, 0x00, 0x00, 0x00, 0x42, 0xFF, 0xFF, 0x43, 0x00, 0x00, 0x00, 0x00, 0x00, 0x00, 0x00, 0x00, 
0x00, 0xBA, 0xBA, 0x00, 0x00, 0x00, 0x00, 0x00, 0x00, 0x00, 0x00, 0x00, 0x00, 0x00, 0x00, 0x00, 
0x00, 0x00, 0x00, 0x00, 0x00, 0x20, 0x92, 0xD5, 0xF5, 0xF8, 0xDD, 0x9B, 0x2C, 0x00, 0x00, 0x00, 
0x00, 0x00, 0x1D, 0x98, 0xE3, 0xF8, 0xDC, 0x8B, 0x16, 0x00, 0x00, 0x00, 0x46, 0xF4, 0xFF, 0xE3, 
0x58, 0x12, 0x0F, 0x53, 0xD6, 0x7E, 0x01, 0x00, 0x00, 0x3C, 0xDF, 0x71, 0x1C, 0x09, 0x2E, 0x98, 
0xE0, 0x21, 0x00, 0x25, 0xF2, 0xFF, 0xEA, 0x21, 0x00, 0x00, 0x00, 0x00, 0x0C, 0xC1, 0x7E, 0x00, 
0x18, 0xE0, 0x2F, 0x00, 0x00, 0x00, 0x00, 0x00, 0x5E, 0xCE, 0x06, 0xBA, 0xFF, 0xFF, 0x5D, 0x00, 
0x00, 0x00, 0x00, 0x00, 0x00, 0x16, 0xE8, 0x2B, 0x8A, 0x7C, 0x00, 0x00, 0x00, 0x00, 0x00, 0x00, 
0x00, 0xA2, 0xB1, 0xFF, 0xFF, 0xD9, 0x01, 0x00, 0x00, 0x00, 0x00, 0x00, 0x00, 0x00, 0x7D, 0x98, 
0xD5, 0x27, 0x00, 0x00, 0x00, 0x00, 0x00, 0x00, 0x00, 0x1F, 0xFB, 0xFF, 0xFF, 0x6A, 0x00, 0x00, 
0x00, 0x00, 0x00, 0x00, 0x00, 0x00, 0x30, 0xD9, 0xF6, 0x06, 0x00, 0x00, 0x00, 0x00, 0x00, 0x00, 
0x00, 0x15, 0xFB, 0xFF, 0xF1, 0x0C, 0x00, 0x00, 0x00, 0x00, 0x00, 0x00, 0x00, 0x00, 0x0D, 0xF5, 
0xF5, 0x0B, 0x00, 0x00, 0x00, 0x00, 0x00, 0x00, 0x00, 0x6F, 0xFF, 0xFF, 0x92, 0x00, 0x00, 0x00, 
0x00, 0x00, 0x00, 0x00, 0x00, 0x00, 0x07, 0xF4, 0xD0, 0x34, 0x00, 0x00, 0x00, 0x00, 0x00, 0x00, 
0x00, 0xD7, 0xFF, 0xFF, 0x90, 0x00, 0x00, 0x00, 0x00, 0x00, 0x00, 0x00, 0x00, 0x00, 0x21, 0xD7, 
0x7C, 0x8E, 0x00, 0x00, 0x00, 0x00, 0x00, 0x00, 0x51, 0xFF, 0xFF, 0xAF, 0xDF, 0x1B, 0x00, 0x00, 
0x00, 0x00, 0x00, 0x00, 0x00, 0x00, 0x61, 0x95, 0x0D, 0xD7, 0x3B, 0x00, 0x00, 0x00, 0x00, 0x18, 
0xE0, 0xFF, 0xE3, 0x14, 0x53, 0xAD, 0x00, 0x00, 0x00, 0x00, 0x00, 0x00, 0x00, 0x04, 0xCF, 0x28, 
0x00, 0x25, 0xCD, 0x6C, 0x12, 0x0C, 0x53, 0xDF, 0xFF, 0xE5, 0x2B, 0x00, 0x00, 0x9B, 0x77, 0x00, 
0x00, 0x00, 0x00, 0x00, 0x01, 0x98, 0x7C, 0x00, 0x00, 0x00, 0x0B, 0x75, 0xCC, 0xF4, 0xF2, 0xD1, 
0x7D, 0x12, 0x00, 0x00, 0x00, 0x06, 0xB3, 0xB5, 0x3F, 0x10, 0x0E, 0x46, 0xBF, 0x86, 0x01, 0x00, 
0x00, 0x00, 0x00, 0x00, 0x00, 0x00, 0x00, 0x00, 0x00, 0x00, 0x00, 0x00, 0x00, 0x00, 0x01, 0x65, 
0xCD, 0xF8, 0xED, 0xB2, 0x3E, 0x00, 0x00, 0x00, 0x00, 0x18, 0x94, 0xE2, 0xF7, 0xDC, 0xAB, 0x62, 
0x15, 0x00, 0x00, 0x00, 0x00, 0x00, 0x00, 0x00, 0x00, 0x00, 0x23, 0xEF, 0x24, 0xEA, 0x90, 0x21, 
0x07, 0x2A, 0x6A, 0xB7, 0xF7, 0xBD, 0x65, 0x11, 0x00, 0x00, 0x00, 0x00, 0x00, 0x00, 0x8A, 0xA9, 
0xA9, 0x9C, 0x00, 0x00, 0x00, 0x00, 0x00, 0x00, 0x12, 0x67, 0xC0, 0xF7, 0xB3, 0x61, 0x21, 0x07, 
0x20, 0x87, 0xE3, 0x1F, 0xEB, 0x2C, 0x00, 0x00, 0x00, 0x00, 0x00, 0x00, 0x00, 0x00, 0x00, 0x19, 
0x6D, 0xB8, 0xE1, 0xFA, 0xE3, 0x95, 0x17, 0x00, 0x00, 0x00, 0x00, 0x00, 0x00, 0x00, 0x00, 0x00, 
0x00, 0x00, 0x00, 0x00, 0x00, 0x00, 0x00, 0x00, 0x00, 0x00, 0x00, 0x00, 0x00, 0x00, 0x00, 0x00, 
0x00, 0x00, 0x00, 0x00, 0x00, 0x00, 0x00, 0x00, 0x00, 0x00, 0x00, 0x00, 0x00, 0x00, 0x00, 0x00, 
0x00, 0x00, 0x00, 0x00, 0x00, 0x00, 0x00, 0x00, 0x00, 0x00, 0x00, 0x00, 0x00, 0x00, 0x00, 0x00, 
0x00, 0x00, 0x00, 0x00, 0x00, 0x00, 0x00, 0x00, 0x00, 0x00, 0x00, 0x00, 0x00, 0x00, 0x00, 0x00, 
0x00, 0x00, 0x00, 0x00, 0x00, 0x00, 0x00, 0x00, 0x00, 0x19, 0x95, 0xE3, 0xF7, 0xDB, 0xA9, 0x5F, 
0x13, 0x00, 0x00, 0x00, 0x00, 0x00, 0x00, 0x00, 0x00, 0x00, 0x23, 0xEF, 0x23, 0xEA, 0x90, 0x21, 
0x07, 0x2A, 0x69, 0xB5, 0xF4, 0xB9, 0x61, 0x0F, 0x00, 0x00, 0x00, 0x00, 0x00, 0x00, 0x89, 0xAA, 
0xA8, 0x9C, 0x00, 0x00, 0x00, 0x00, 0x00, 0x00, 0x0F, 0x63, 0xBE, 0xF6, 0xB0, 0x5F, 0x21, 0x07, 
0x20, 0x87, 0xE5, 0x21, 0xEB, 0x2C, 0x00, 0x00, 0x00, 0x00, 0x00, 0x00, 0x00, 0x00, 0x00, 0x1B, 
0x71, 0xB4, 0xE6, 0xFB, 0xE3, 0x97, 0x18, 0x00, 0x00, 0x00, 0x00, 0x00, 0x00, 0x00, 0x00, 0x00, 
0x00, 0x00, 0x00, 0x00, 0x00, 0x00, 0xB1, 0x4A, 0x00, 0x00, 0x00, 0x00, 0x00, 0x00, 0x00, 0x00, 
0x00, 0x00, 0x00, 0x00, 0x00, 0x00, 0x00, 0x16, 0xE1, 0x03, 0x00, 0x00, 0x00, 0x00, 0x00, 0x00, 
0x00, 0x00, 0x00, 0x00, 0x00, 0x00, 0x00, 0x00, 0x00, 0x73, 0x88, 0x00, 0x00, 0x00, 0x00, 0x00, 
0x00, 0x00, 0x00, 0x00, 0x00, 0x00, 0x00, 0x00, 0x00, 0x00, 0x00, 0xD3, 0x28, 0x00, 0x00, 0x00, 
0x00, 0x00, 0x00, 0x00, 0x00, 0x00, 0x00, 0x00, 0x00, 0x00, 0x00, 0x00, 0x36, 0xC6, 0x00, 0x00, 
0x00, 0x00, 0x00, 0x00, 0x00, 0x00, 0x00, 0x00, 0x00, 0x00, 0x00, 0x00, 0x00, 0x00, 0x97, 0x64, 
0x00, 0x00, 0x00, 0x00, 0x00, 0x00, 0x00, 0x00, 0x00, 0x00, 0x00, 0x00, 0x00, 0x00, 0x00, 0x08, 
0xE5, 0x0E, 0x00, 0x00, 0x00, 0x00, 0x00, 0x00, 0x00, 0x00, 0x00, 0x00, 0x00, 0x00, 0x00, 0x00, 
0x00, 0x59, 0xA2, 0x00, 0x00, 0x00, 0x00, 0x00, 0x00, 0x00, 0x00, 0x00, 0x00, 0x00, 0x00, 0x00, 
0x00, 0x00, 0x00, 0xBA, 0x41, 0x00, 0x00, 0x00, 0x00, 0x00, 0x00, 0x00, 0x00, 0x00, 0x00, 0x00, 
0x00, 0x00, 0x00, 0x00, 0x1D, 0xDC, 0x01, 0x00, 0x00, 0x00, 0x00, 0x00, 0xFF, 0xFF, 0xFF, 0xFF, 
0xFF, 0xFF, 0xFF, 0xFF, 0xFF, 0xFF, 0xFF, 0xFF, 0xFF, 0xFF, 0xFF, 0xFF, 0xFF, 0xFF, 0x00, 0x00, 
0x00, 0x00, 0x00, 0x00, 0x00, 0x00, 0x00, 0x00, 0xDA, 0x20, 0x00, 0x00, 0x00, 0x00, 0x00, 0x00, 
0x00, 0x00, 0x00, 0x00, 0x00, 0x00, 0x00, 0x00, 0x00, 0x3E, 0xBD, 0x00, 0x00, 0x00, 0x00, 0x00, 
0x00, 0x00, 0x00, 0x00, 0x00, 0x00, 0x00, 0x00, 0x00, 0x00, 0x00, 0x9F, 0x5C, 0x00, 0x00, 0x00, 
0x00, 0x00, 0x00, 0x00, 0x00, 0x00, 0x00, 0x00, 0x00, 0x00, 0x00, 0x00, 0x0C, 0xE5, 0x0A, 0x00, 
0x00, 0x00, 0x00, 0x00, 0x00, 0x00, 0x00, 0x00, 0x00, 0x00, 0x00, 0x00, 0x00, 0x00, 0x61, 0x9A, 
0x00, 0x00, 0x00, 0x00, 0x00, 0x00, 0x00, 0x00, 0x00, 0x00, 0x00, 0x00, 0x00, 0x00, 0x00, 0x00, 
0xC2, 0x39, 0x00, 0x00, 0x00, 0x00, 0x00, 0x00, 0x00, 0x00, 0x00, 0x00, 0x00, 0x00, 0x00, 0x00, 
0x00, 0x24, 0xD7, 0x00, 0x00, 0x00, 0x00, 0x00, 0x00, 0x00, 0x00, 0x00, 0xFF, 0xFF, 0xFF, 0xFF, 
0xFF, 0xFF, 0xFF, 0xFF, 0xFF, 0xFF, 0xFF, 0xFF, 0xFF, 0xFF, 0xFF, 0xFF, 0xFF, 0xFF, 0x00, 0x00, 
0x00, 0x00, 0x00, 0x00, 0x02, 0xDF, 0x1A, 0x00, 0x00, 0x00, 0x00, 0x00, 0x00, 0x00, 0x00, 0x00, 
0x00, 0x00, 0x00, 0x00, 0x00, 0x00, 0x46, 0xB5, 0x00, 0x00, 0x00, 0x00, 0x00, 0x00, 0x00, 0x00, 
0x00, 0x00, 0x00, 0x00, 0x00, 0x00, 0x00, 0x00, 0xA7, 0x54, 0x00, 0x00, 0x00, 0x00, 0x00, 0x00, 
0x00, 0x00, 0x00, 0x00, 0x00, 0x00, 0x00, 0x00, 0x00, 0x10, 0xE4, 0x06, 0x00, 0x00, 0x00, 0x00, 
0x00, 0x00, 0x00, 0x00, 0x00, 0x00, 0x00, 0x00, 0x00, 0x00, 0x00, 0x6A, 0x92, 0x00, 0x00, 0x00, 
0x00, 0x00, 0x00, 0x00, 0x00, 0x00, 0x00, 0x00, 0x00, 0x00, 0x00, 0x00, 0x00, 0xCB, 0x30, 0x00, 
0x00, 0x00, 0x00, 0x00, 0x00, 0x00, 0x00, 0x00, 0x00, 0x00, 0x00, 0x00, 0x00, 0x00, 0x2C, 0xCF, 
0x00, 0x00, 0x00, 0x00, 0x00, 0x00, 0x00, 0x00, 0x00, 0x00, 0x00, 0x00, 0x00, 0x00, 0x00, 0x00, 
0x8D, 0x6E, 0x00, 0x00, 0x00, 0x00, 0x00, 0x00, 0x00, 0x00, 0x00, 0x00, 0x00, 0x00, 0x00, 0x00, 
0x00, 0x04, 0xE3, 0x13, 0x00, 0x00, 0x00, 0x00, 0x00, 0x00, 0x00, 0x00, 0x00, 0x00, 0x00, 0x00, 
0x00, 0x00, 0x00, 0x4F, 0xAC, 0x00, 0x00, 0x00, 0x00, 0x00, 0x00, 0x00, 0x00, 0x00, 0x00, 0x00, 
0x00, 0x00, 0x00, 0x00, 0x00, 0x00, 0x00, 0x00, 0x10, 0x64, 0xB0, 0xE0, 0xF7, 0xF7, 0xE0, 0xAE, 
0x62, 0x0E, 0x00, 0x00, 0x00, 0x00, 0x00, 0x00, 0x00, 0x00, 0x00, 0x00, 0x08, 0x83, 0xED, 0xAB, 
0x58, 0x22, 0x08, 0x08, 0x22, 0x58, 0xAB, 0xEB, 0x7E, 0x07, 0x00, 0x00, 0x00, 0x00, 0x00, 0x00, 
0x00, 0x25, 0xD8, 0xAD, 0x1F, 0x00, 0x00, 0x00, 0x00, 0x00, 0x00, 0x00, 0x00, 0x1F, 0xAD, 0xD4, 
0x22, 0x00, 0x00, 0x00, 0x00, 0x00, 0x25, 0xE7, 0x69, 0x00, 0x00, 0x00, 0x00, 0x00, 0x00, 0x00, 
0x00, 0x00, 0x00, 0x00, 0x00, 0x6A, 0xE5, 0x21, 0x00, 0x00, 0x00, 0x08, 0xD7, 0x69, 0x00, 0x00, 
0x00, 0x00, 0x00, 0x00, 0x00, 0x00, 0x00, 0x00, 0x00, 0x00, 0x00, 0x00, 0x6B, 0xD4, 0x06, 0x00, 
0x00, 0x82, 0xAB, 0x00, 0x00, 0x00, 0x00, 0x00, 0x00, 0x00, 0x00, 0x00, 0x00, 0x00, 0x00, 0x00, 
0x00, 0x00, 0x00, 0xAF, 0x7E, 0x00, 0x10, 0xED, 0x1E, 0x00, 0x00, 0x00, 0x00, 0x00, 0x00, 0x00, 
0x00, 0x00, 0x00, 0x00, 0x00, 0x00, 0x00, 0x00, 0x00, 0x22, 0xEC, 0x0F, 0x66, 0xA9, 0x00, 0x00, 
0x00, 0x86, 0xF3, 0x87, 0x00, 0x00, 0x00, 0x00, 0x00, 0x00, 0x87, 0xF3, 0x87, 0x00, 0x00, 0x00, 
0xAC, 0x63, 0xB0, 0x57, 0x00, 0x00, 0x00, 0xF4, 0xFF, 0xF3, 0x00, 0x00, 0x00, 0x00, 0x00, 0x00, 
0xF4, 0xFF, 0xF3, 0x00, 0x00, 0x00, 0x59, 0xAF, 0xE1, 0x21, 0x00, 0x00, 0x00, 0x86, 0xF4, 0x86, 
0x00, 0x00, 0x00, 0x00, 0x00, 0x00, 0x86, 0xF4, 0x86, 0x00, 0x00, 0x00, 0x23, 0xE0, 0xF8, 0x08, 
0x00, 0x00, 0x00, 0x00, 0x00, 0x00, 0x00, 0x00, 0x00, 0x00, 0x00, 0x00, 0x00, 0x00, 0x00, 0x00, 
0x00, 0x00, 0x09, 0xF6, 0xF8, 0x07, 0x00, 0x00, 0x00, 0x00, 0x00, 0x00, 0x00, 0x00, 0x00, 0x00, 
0x00, 0x00, 0x00, 0x00, 0x00, 0x00, 0x00, 0x00, 0x08, 0xF7, 0xE2, 0x20, 0x00, 0x00, 0x00, 0x00, 
0x00, 0x00, 0x00, 0x00, 0x00, 0x00, 0x00, 0x00, 0x00, 0x00, 0x00, 0x00, 0x00, 0x00, 0x21, 0xE1, 
0xB1, 0x54, 0x00, 0x00, 0x00, 0x00, 0x00, 0x00, 0x00, 0x00, 0x00, 0x00, 0x00, 0x00, 0x00, 0x00, 
0x00, 0x00, 0x00, 0x00, 0x56, 0xB1, 0x67, 0xA5, 0x00, 0x00, 0x00, 0x00, 0xA3, 0x70, 0x00, 0x00, 
0x00, 0x00, 0x00, 0x00, 0x6F, 0xA3, 0x00, 0x00, 0x00, 0x00, 0xA9, 0x66, 0x11, 0xEC, 0x1B, 0x00, 
0x00, 0x00, 0x6F, 0xFF, 0xA3, 0x38, 0x0C, 0x0C, 0x37, 0xA1, 0xFF, 0x6D, 0x00, 0x00, 0x00, 0x1E, 
0xEC, 0x10, 0x00, 0x82, 0xA4, 0x00, 0x00, 0x00, 0x02, 0x99, 0xFF, 0xFF, 0xFF, 0xFF, 0xFF, 0xFF, 
0x96, 0x01, 0x00, 0x00, 0x00, 0xA9, 0x81, 0x00, 0x00, 0x08, 0xD6, 0x61, 0x00, 0x00, 0x00, 0x00, 
0x57, 0xC3, 0xEE, 0xEE, 0xC2, 0x55, 0x00, 0x00, 0x00, 0x00, 0x65, 0xD6, 0x07, 0x00, 0x00, 0x00, 
0x24, 0xE5, 0x61, 0x00, 0x00, 0x00, 0x00, 0x00, 0x00, 0x00, 0x00, 0x00, 0x00, 0x00, 0x00, 0x64, 
0xE5, 0x23, 0x00, 0x00, 0x00, 0x00, 0x00, 0x24, 0xD7, 0xA4, 0x1B, 0x00, 0x00, 0x00, 0x00, 0x00, 
0x00, 0x00, 0x00, 0x1C, 0xA7, 0xD5, 0x22, 0x00, 0x00, 0x00, 0x00, 0x00, 0x00, 0x00, 0x08, 0x84, 
0xEC, 0xA5, 0x55, 0x20, 0x08, 0x08, 0x20, 0x55, 0xA7, 0xEC, 0x82, 0x08, 0x00, 0x00, 0x00, 0x00, 
0x00, 0x00, 0x00, 0x00, 0x00, 0x00, 0x11, 0x68, 0xB1, 0xE2, 0xF8, 0xF8, 0xE1, 0xB0, 0x66, 0x10, 
0x00, 0x00, 0x00, 0x00, 0x00, 0x00, 0x00, 0x00, 0x00, 0x00, 0x00, 0x00, 0x10, 0x64, 0xB0, 0xE0, 
0xF7, 0xF7, 0xE0, 0xAE, 0x62, 0x0E, 0x00, 0x00, 0x00, 0x00, 0x00, 0x00, 0x00, 0x00, 0x00, 0x00, 
0x08, 0x83, 0xF2, 0xFF, 0xFF, 0xFF, 0xFF, 0xFF, 0xFF, 0xFF, 0xFF, 0xF0, 0x7E, 0x07, 0x00, 0x00, 
0x00, 0x00, 0x00, 0x00, 0x00, 0x25, 0xD8, 0xFF, 0xFF, 0xFF, 0xFF, 0xFF, 0xFF, 0xFF, 0xFF, 0xFF, 
0xFF, 0xFF, 0xFF, 0xD4, 0x22, 0x00, 0x00, 0x00, 0x00, 0x00, 0x25, 0xEA, 0xFF, 0xFF, 0xFF, 0xFF, 
0xFF, 0xFF, 0xFF, 0xFF, 0xFF, 0xFF, 0xFF, 0xFF, 0xFF, 0xFF, 0xE8, 0x21, 0x00, 0x00, 0x00, 0x08, 
0xD7, 0xFF, 0xFF, 0xFF, 0xFF, 0xFF, 0xFF, 0xFF, 0xFF, 0xFF, 0xFF, 0xFF, 0xFF, 0xFF, 0xFF, 0xFF, 
0xFF, 0xD4, 0x06, 0x00, 0x00, 0x82, 0xFF, 0xFF, 0xFF, 0xFF, 0xFF, 0xFF, 0xFF, 0xFF, 0xFF, 0xFF, 
0xFF, 0xFF, 0xFF, 0xFF, 0xFF, 0xFF, 0xFF, 0xFF, 0x7E, 0x00, 0x10, 0xF2, 0xFF, 0xFF, 0xFF, 0xFF, 
0xFF, 0xFF, 0xFF, 0xFF, 0xFF, 0xFF, 0xFF, 0xFF, 0xFF, 0xFF, 0xFF, 0xFF, 0xFF, 0xFF, 0xF0, 0x0F, 
0x66, 0xFF, 0xFF, 0xFF, 0xFF, 0x79, 0x0C, 0x78, 0xFF, 0xFF, 0xFF, 0xFF, 0xFF, 0xFF, 0x78, 0x0C, 
0x78, 0xFF, 0xFF, 0xFF, 0xFF, 0x63, 0xB0, 0xFF, 0xFF, 0xFF, 0xFF, 0x0C, 0x00, 0x0C, 0xFF, 0xFF, 
0xFF, 0xFF, 0xFF, 0xFF, 0x0C, 0x00, 0x0C, 0xFF, 0xFF, 0xFF, 0xFF, 0xAF, 0xE1, 0xFF, 0xFF, 0xFF, 
0xFF, 0x79, 0x0C, 0x79, 0xFF, 0xFF, 0xFF, 0xFF, 0xFF, 0xFF, 0x79, 0x0C, 0x79, 0xFF, 0xFF, 0xFF, 
0xFF, 0xE0, 0xF8, 0xFF, 0xFF, 0xFF, 0xFF, 0xFF, 0xFF, 0xFF, 0xFF, 0xFF, 0xFF, 0xFF, 0xFF, 0xFF, 
0xFF, 0xFF, 0xFF, 0xFF, 0xFF, 0xFF, 0xFF, 0xF6, 0xF8, 0xFF, 0xFF, 0xFF, 0xFF, 0xFF, 0xFF, 0xFF, 
0xFF, 0xFF, 0xFF, 0xFF, 0xFF, 0xFF, 0xFF, 0xFF, 0xFF, 0xFF, 0xFF, 0xFF, 0xFF, 0xF7, 0xE2, 0xFF, 
0xFF, 0xFF, 0xFF, 0xFF, 0xFF, 0xFF, 0xFF, 0xFF, 0xFF, 0xFF, 0xFF, 0xFF, 0xFF, 0xFF, 0xFF, 0xFF, 
0xFF, 0xFF, 0xFF, 0xE1, 0xB1, 0xFF, 0xFF, 0xFF, 0xFF, 0xFF, 0xFF, 0xFF, 0xFF, 0xFF, 0xFF, 0xFF, 
0xFF, 0xFF, 0xFF, 0xFF, 0xFF, 0xFF, 0xFF, 0xFF, 0xFF, 0xB1, 0x67, 0xFF, 0xFF, 0xFF, 0xFF, 0xFF, 
0x5B, 0x8F, 0xFF, 0xFF, 0xFF, 0xFF, 0xFF, 0xFF, 0x90, 0x5C, 0xFF, 0xFF, 0xFF, 0xFF, 0xFF, 0x66, 
0x11, 0xF2, 0xFF, 0xFF, 0xFF, 0xFF, 0x91, 0x00, 0x5C, 0xC7, 0xF3, 0xF3, 0xC8, 0x5E, 0x00, 0x92, 
0xFF, 0xFF, 0xFF, 0xFF, 0xF2, 0x10, 0x00, 0x82, 0xFF, 0xFF, 0xFF, 0xFF, 0xFD, 0x66, 0x00, 0x00, 
0x00, 0x00, 0x00, 0x00, 0x69, 0xFE, 0xFF, 0xFF, 0xFF, 0xFF, 0x81, 0x00, 0x00, 0x08, 0xD6, 0xFF, 
0xFF, 0xFF, 0xFF, 0xFF, 0xA8, 0x3C, 0x11, 0x11, 0x3D, 0xAA, 0xFF, 0xFF, 0xFF, 0xFF, 0xFF, 0xD6, 
0x07, 0x00, 0x00, 0x00, 0x24, 0xE9, 0xFF, 0xFF, 0xFF, 0xFF, 0xFF, 0xFF, 0xFF, 0xFF, 0xFF, 0xFF, 
0xFF, 0xFF, 0xFF, 0xFF, 0xE9, 0x23, 0x00, 0x00, 0x00, 0x00, 0x00, 0x24, 0xD7, 0xFF, 0xFF, 0xFF, 
0xFF, 0xFF, 0xFF, 0xFF, 0xFF, 0xFF, 0xFF, 0xFF, 0xFF, 0xD5, 0x22, 0x00, 0x00, 0x00, 0x00, 0x00, 
0x00, 0x00, 0x08, 0x84, 0xF3, 0xFF, 0xFF, 0xFF, 0xFF, 0xFF, 0xFF, 0xFF, 0xFF, 0xF2, 0x82, 0x08, 
0x00, 0x00, 0x00, 0x00, 0x00, 0x00, 0x00, 0x00, 0x00, 0x00, 0x11, 0x68, 0xB1, 0xE2, 0xF8, 0xF8, 
0xE1, 0xB0, 0x66, 0x10, 0x00, 0x00, 0x00, 0x00, 0x00, 0x00, 0x00, 0x00, 0x00, 0x00, 0x00, 0x00, 
0x00, 0x00, 0x00, 0x00, 0x00, 0x00, 0x00, 0x00, 0x00, 0x00, 0xFF, 0x00, 0x00, 0x00, 0x00, 0x00, 
0x00, 0x00, 0x00, 0x00, 0x00, 0x00, 0x00, 0x00, 0x00, 0x00, 0x00, 0x00, 0x00, 0x00, 0x00, 0x00, 
0x00, 0x00, 0x00, 0x00, 0x00, 0x00, 0x00, 0x00, 0x00, 0x00, 0x00, 0xFF, 0x00, 0x00, 0x00, 0x00, 
0x00, 0x00, 0x00, 0x00, 0x00, 0x00, 0x00, 0x00, 0x00, 0x00, 0x00, 0x00, 0x00, 0x00, 0x00, 0x00, 
0x00, 0x00, 0x00, 0x00, 0x00, 0x00, 0x00, 0x00, 0x00, 0x00, 0x00, 0x00, 0xFF, 0x00, 0x00, 0x00, 
0x00, 0x00, 0x00, 0x00, 0x00, 0x00, 0x00, 0x00, 0x00, 0x00, 0x00, 0x00, 0x00, 0x00, 0x00, 0x00, 
0x1F, 0x18, 0x00, 0x00, 0x00, 0x00, 0x00, 0x00, 0x00, 0x00, 0x00, 0x00, 0x00, 0xFF, 0x00, 0x00, 
0x00, 0x00, 0x00, 0x00, 0x00, 0x00, 0x00, 0x00, 0x00, 0x18, 0x1F, 0x00, 0x00, 0x00, 0x00, 0x00, 
0x00, 0x20, 0xB6, 0x18, 0x00, 0x00, 0x00, 0x00, 0x00, 0x00, 0x00, 0x00, 0x00, 0x00, 0xFF, 0x00, 
0x00, 0x00, 0x00, 0x00, 0x00, 0x00, 0x00, 0x00, 0x00, 0x18, 0xB7, 0x1F, 0x00, 0x00, 0x00, 0x00, 
0x00, 0x00, 0x00, 0x1F, 0xB5, 0x18, 0x00, 0x00, 0x00, 0x00, 0x00, 0x00, 0x00, 0x00, 0x00, 0xFF, 
0x00, 0x00, 0x00, 0x00, 0x00, 0x00, 0x00, 0x00, 0x00, 0x18, 0xB7, 0x1F, 0x00, 0x00, 0x00, 0x00, 
0x00, 0x00, 0x00, 0x00, 0x00, 0x1E, 0xB5, 0x18, 0x00, 0x00, 0x00, 0x00, 0x1B, 0x73, 0xBD, 0xEA, 
0xFF, 0xED, 0xC7, 0x84, 0x2B, 0x00, 0x00, 0x00, 0x00, 0x18, 0xB7, 0x1F, 0x00, 0x00, 0x00, 0x00, 
0x00, 0x00, 0x00, 0x00, 0x00, 0x00, 0x00, 0x1D, 0xB4, 0x18, 0x00, 0x10, 0x90, 0xDB, 0x84, 0x3C, 
0x12, 0x04, 0x13, 0x3E, 0x87, 0xE4, 0xA4, 0x18, 0x00, 0x18, 0xB7, 0x1F, 0x00, 0x00, 0x00, 0x00, 
0x00, 0x00, 0x00, 0x00, 0x00, 0x00, 0x00, 0x00, 0x00, 0x1D, 0xB3, 0x59, 0xD7, 0x6F, 0x05, 0x00, 
0x00, 0x00, 0x00, 0x00, 0x00, 0x00, 0x07, 0x74, 0xDC, 0x55, 0xB7, 0x1F, 0x00, 0x00, 0x00, 0x00, 
0x00, 0x00, 0x00, 0x00, 0x00, 0x00, 0x00, 0x00, 0x00, 0x00, 0x00, 0x55, 0xE4, 0x2C, 0x00, 0x00, 
0x00, 0x00, 0x00, 0x00, 0x00, 0x00, 0x00, 0x00, 0x00, 0x30, 0xE6, 0x5F, 0x00, 0x00, 0x00, 0x00, 
0x00, 0x00, 0x00, 0x00, 0x00, 0x00, 0x00, 0x00, 0x00, 0x00, 0x00, 0x16, 0xD9, 0x2C, 0x00, 0x00, 
0x00, 0x00, 0x00, 0x00, 0x00, 0x00, 0x00, 0x00, 0x00, 0x00, 0x00, 0x30, 0xDF, 0x19, 0x00, 0x00, 
0x00, 0x00, 0x00, 0x00, 0x00, 0x00, 0x00, 0x00, 0x00, 0x00, 0x00, 0x00, 0xA1, 0x6E, 0x00, 0x00, 
0x00, 0x00, 0x00, 0x00, 0x00, 0x00, 0x00, 0x00, 0x00, 0x00, 0x00, 0x00, 0x00, 0x73, 0xA9, 0x00, 
0x00, 0x00, 0x00, 0x00, 0x00, 0x00, 0x00, 0x00, 0x00, 0x00, 0x00, 0x00, 0x26, 0xDF, 0x05, 0x00, 
0x00, 0x00, 0x00, 0x00, 0x00, 0x00, 0x00, 0x00, 0x00, 0x00, 0x00, 0x00, 0x00, 0x00, 0x06, 0xE3, 
0x2F, 0x00, 0x00, 0x00, 0x00, 0x00, 0x00, 0x00, 0x00, 0x00, 0x00, 0x00, 0x00, 0x7F, 0x82, 0x00, 
0x00, 0x00, 0x00, 0x00, 0x00, 0x00, 0x00, 0x00, 0x00, 0x00, 0x00, 0x00, 0x00, 0x00, 0x00, 0x00, 
0x85, 0x87, 0x00, 0x00, 0x00, 0x00, 0x00, 0x00, 0x00, 0x00, 0x00, 0x00, 0x00, 0x00, 0xC1, 0x3B, 
0x00, 0x00, 0x00, 0x00, 0x00, 0x00, 0x00, 0x00, 0x00, 0x00, 0x00, 0x00, 0x00, 0x00, 0x00, 0x00, 
0x00, 0x3C, 0xCD, 0x00, 0x00, 0x00, 0x00, 0x00, 0x00, 0x00, 0x00, 0x00, 0x00, 0x00, 0x00, 0xEB, 
0x11, 0x00, 0x00, 0x00, 0x00, 0x00, 0x00, 0x00, 0x00, 0x00, 0x00, 0x00, 0x00, 0x00, 0x00, 0x00, 
0x00, 0x00, 0x12, 0xEF, 0x00, 0x00, 0x00, 0x00, 0x00, 0x00, 0xFF, 0xFF, 0xFF, 0xFF, 0xFF, 0xFF, 
0xFF, 0x03, 0x00, 0x00, 0x00, 0x00, 0x00, 0x00, 0x00, 0x00, 0x00, 0x00, 0x00, 0x00, 0x00, 0x00, 
0x00, 0x00, 0x00, 0x04, 0xFF, 0xFF, 0xFF, 0xFF, 0xFF, 0xFF, 0xFF, 0x00, 0x00, 0x00, 0x00, 0x00, 
0x00, 0xE9, 0x11, 0x00, 0x00, 0x00, 0x00, 0x00, 0x00, 0x00, 0x00, 0x00, 0x00, 0x00, 0x00, 0x00, 
0x00, 0x00, 0x00, 0x00, 0x12, 0xE8, 0x00, 0x00, 0x00, 0x00, 0x00, 0x00, 0x00, 0x00, 0x00, 0x00, 
0x00, 0x00, 0xBC, 0x3B, 0x00, 0x00, 0x00, 0x00, 0x00, 0x00, 0x00, 0x00, 0x00, 0x00, 0x00, 0x00, 
0x00, 0x00, 0x00, 0x00, 0x00, 0x3D, 0xB9, 0x00, 0x00, 0x00, 0x00, 0x00, 0x00, 0x00, 0x00, 0x00, 
0x00, 0x00, 0x00, 0x77, 0x82, 0x00, 0x00, 0x00, 0x00, 0x00, 0x00, 0x00, 0x00, 0x00, 0x00, 0x00, 
0x00, 0x00, 0x00, 0x00, 0x00, 0x00, 0x85, 0x6C, 0x00, 0x00, 0x00, 0x00, 0x00, 0x00, 0x00, 0x00, 
0x00, 0x00, 0x00, 0x00, 0x1F, 0xDE, 0x05, 0x00, 0x00, 0x00, 0x00, 0x00, 0x00, 0x00, 0x00, 0x00, 
0x00, 0x00, 0x00, 0x00, 0x00, 0x00, 0x06, 0xDB, 0x16, 0x00, 0x00, 0x00, 0x00, 0x00, 0x00, 0x00, 
0x00, 0x00, 0x00, 0x00, 0x00, 0x00, 0x9A, 0x6F, 0x00, 0x00, 0x00, 0x00, 0x00, 0x00, 0x00, 0x00, 
0x00, 0x00, 0x00, 0x00, 0x00, 0x00, 0x00, 0x73, 0x8C, 0x00, 0x00, 0x00, 0x00, 0x00, 0x00, 0x00, 
0x00, 0x00, 0x00, 0x00, 0x00, 0x00, 0x00, 0x16, 0xDB, 0x2C, 0x00, 0x00, 0x00, 0x00, 0x00, 0x00, 
0x00, 0x00, 0x00, 0x00, 0x00, 0x00, 0x00, 0x30, 0xD6, 0x0F, 0x00, 0x00, 0x00, 0x00, 0x00, 0x00, 
0x00, 0x00, 0x00, 0x00, 0x00, 0x00, 0x00, 0x00, 0x00, 0x5B, 0xE4, 0x2C, 0x00, 0x00, 0x00, 0x00, 
0x00, 0x00, 0x00, 0x00, 0x00, 0x00, 0x00, 0x2E, 0xE6, 0x55, 0x00, 0x00, 0x00, 0x00, 0x00, 0x00, 
0x00, 0x00, 0x00, 0x00, 0x00, 0x00, 0x00, 0x00, 0x00, 0x1C, 0xB5, 0x53, 0xD6, 0x6D, 0x04, 0x00, 
0x00, 0x00, 0x00, 0x00, 0x00, 0x00, 0x05, 0x6F, 0xDA, 0x5A, 0xBB, 0x1F, 0x00, 0x00, 0x00, 0x00, 
0x00, 0x00, 0x00, 0x00, 0x00, 0x00, 0x00, 0x00, 0x00, 0x1D, 0xB6, 0x1A, 0x00, 0x12, 0x94, 0xDB, 
0x81, 0x3A, 0x11, 0x03, 0x11, 0x3B, 0x82, 0xDE, 0x9A, 0x13, 0x00, 0x1B, 0xBA, 0x1F, 0x00, 0x00, 
0x00, 0x00, 0x00, 0x00, 0x00, 0x00, 0x00, 0x00, 0x00, 0x1E, 0xB6, 0x19, 0x00, 0x00, 0x00, 0x00, 
0x1A, 0x6F, 0xB4, 0xE7, 0xFF, 0xE9, 0xBB, 0x78, 0x21, 0x00, 0x00, 0x00, 0x00, 0x1A, 0xB9, 0x1F, 
0x00, 0x00, 0x00, 0x00, 0x00, 0x00, 0x00, 0x00, 0x00, 0x1F, 0xB6, 0x19, 0x00, 0x00, 0x00, 0x00, 
0x00, 0x00, 0x00, 0x00, 0x00, 0xFF, 0x00, 0x00, 0x00, 0x00, 0x00, 0x00, 0x00, 0x00, 0x00, 0x1A, 
0xB8, 0x1F, 0x00, 0x00, 0x00, 0x00, 0x00, 0x00, 0x00, 0x1F, 0xB7, 0x18, 0x00, 0x00, 0x00, 0x00, 
0x00, 0x00, 0x00, 0x00, 0x00, 0x00, 0xFF, 0x00, 0x00, 0x00, 0x00, 0x00, 0x00, 0x00, 0x00, 0x00, 
0x00, 0x19, 0xB7, 0x1F, 0x00, 0x00, 0x00, 0x00, 0x00, 0x00, 0x20, 0x18, 0x00, 0x00, 0x00, 0x00, 
0x00, 0x00, 0x00, 0x00, 0x00, 0x00, 0x00, 0xFF, 0x00, 0x00, 0x00, 0x00, 0x00, 0x00, 0x00, 0x00, 
0x00, 0x00, 0x00, 0x18, 0x1F, 0x00, 0x00, 0x00, 0x00, 0x00, 0x00, 0x00, 0x00, 0x00, 0x00, 0x00, 
0x00, 0x00, 0x00, 0x00, 0x00, 0x00, 0x00, 0x00, 0xFF, 0x00, 0x00, 0x00, 0x00, 0x00, 0x00, 0x00, 
0x00, 0x00, 0x00, 0x00, 0x00, 0x00, 0x00, 0x00, 0x00, 0x00, 0x00, 0x00, 0x00, 0x00, 0x00, 0x00, 
0x00, 0x00, 0x00, 0x00, 0x00, 0x00, 0x00, 0x00, 0x00, 0xFF, 0x00, 0x00, 0x00, 0x00, 0x00, 0x00, 
0x00, 0x00, 0x00, 0x00, 0x00, 0x00, 0x00, 0x00, 0x00, 0x00, 0x00, 0x00, 0x00, 0x00, 0x00, 0x00, 
0x00, 0x00, 0x00, 0x00, 0x00, 0x00, 0x00, 0x00, 0x00, 0x00, 0xFF, 0x00, 0x00, 0x00, 0x00, 0x00, 
0x00, 0x00, 0x00, 0x00, 0x00, 0x00, 0x00, 0x00, 0x00, 0x00, 0x00, 0x00, 0x00, 0x00, 0x00, 0x00, 
0x45, 0xA0, 0xDA, 0xF7, 0xF7, 0xDA, 0x9F, 0x42, 0x00, 0x00, 0x00, 0x00, 0x00, 0x00, 0x00, 0x00, 
0x1E, 0xC4, 0xD3, 0x6D, 0x29, 0x08, 0x09, 0x2A, 0x6D, 0xD3, 0xC0, 0x1C, 0x00, 0x00, 0x00, 0x00, 
0x00, 0x41, 0xE7, 0x72, 0x01, 0x00, 0x00, 0x00, 0x00, 0x00, 0x00, 0x01, 0x72, 0xE6, 0x40, 0x00, 
0x00, 0x00, 0x1D, 0xE6, 0x3C, 0x00, 0x00, 0x00, 0x00, 0x00, 0x00, 0x00, 0x00, 0x00, 0x00, 0x3D, 
0xE7, 0x1D, 0x00, 0x00, 0xC2, 0x6D, 0x00, 0x00, 0x00, 0x00, 0x00, 0x00, 0x00, 0x00, 0x00, 0x00, 
0x00, 0x00, 0x71, 0xC1, 0x00, 0x44, 0xD0, 0x00, 0x00, 0x00, 0x00, 0x00, 0x00, 0x00, 0x00, 0x00, 
0x00, 0x00, 0x00, 0x00, 0x01, 0xD3, 0x43, 0x9F, 0x6A, 0x00, 0x00, 0x00, 0x00, 0x00, 0x00, 0x00, 
0x00, 0x00, 0x00, 0x00, 0x00, 0x00, 0x00, 0x6C, 0x9F, 0xDA, 0x27, 0x00, 0x00, 0x00, 0x00, 0x00, 
0x00, 0x00, 0x00, 0x00, 0x00, 0x00, 0x00, 0x00, 0x00, 0x29, 0xDA, 0xF8, 0x07, 0x00, 0x00, 0x00, 
0x00, 0x00, 0x00, 0x00, 0x00, 0x00, 0x00, 0x00, 0x00, 0x00, 0x00, 0x08, 0xF7, 0xF9, 0x0B, 0x00, 
0x00, 0x00, 0x00, 0x00, 0x00, 0x00, 0x00, 0x00, 0x00, 0x00, 0x00, 0x00, 0x00, 0x0D, 0xF4, 0xDE, 
0x27, 0x00, 0x00, 0x00, 0x00, 0x00, 0x00, 0x00, 0x00, 0x00, 0x00, 0x00, 0x00, 0x00, 0x00, 0x28, 
0xDA, 0xA7, 0x6A, 0x00, 0x00, 0x00, 0x00, 0x00, 0x00, 0x00, 0x00, 0x00, 0x00, 0x00, 0x00, 0x00, 
0x00, 0x6B, 0x9B, 0x53, 0xCF, 0x01, 0x00, 0x00, 0x00, 0x00, 0x00, 0x00, 0x00, 0x00, 0x00, 0x00, 
0x00, 0x00, 0x01, 0xD0, 0x41, 0x03, 0xD8, 0x67, 0x00, 0x00, 0x00, 0x00, 0x00, 0x00, 0x00, 0x00, 
0x00, 0x00, 0x00, 0x00, 0x68, 0xB8, 0x00, 0x00, 0x40, 0xF6, 0x42, 0x00, 0x00, 0x00, 0x00, 0x00, 
0x00, 0x00, 0x00, 0x00, 0x00, 0x42, 0xDD, 0x19, 0x00, 0x00, 0x00, 0x68, 0xF7, 0x67, 0x01, 0x00, 
0x00, 0x00, 0x00, 0x00, 0x00, 0x01, 0x68, 0xD9, 0x2B, 0x00, 0x00, 0x00, 0x00, 0x00, 0x4E, 0xE7, 
0xCF, 0x69, 0x26, 0x0A, 0x0B, 0x27, 0x6A, 0xCF, 0xA8, 0x16, 0x00, 0x00, 0x00, 0x00, 0x00, 0x00, 
0x00, 0x0B, 0x6E, 0xC6, 0xF5, 0xFF, 0xEF, 0xCD, 0x8A, 0x30, 0x00, 0x00, 0x00, 0x00, 0x00, 0x00, 
0x00, 0x00, 0x00, 0x00, 0x00, 0x00, 0x00, 0xFF, 0x00, 0x00, 0x00, 0x00, 0x00, 0x00, 0x00, 0x00, 
0x00, 0x00, 0x00, 0x00, 0x00, 0x00, 0x00, 0x00, 0x00, 0xFF, 0x00, 0x00, 0x00, 0x00, 0x00, 0x00, 
0x00, 0x00, 0x00, 0x00, 0x00, 0x00, 0x00, 0x00, 0x00, 0x00, 0x00, 0xFF, 0x00, 0x00, 0x00, 0x00, 
0x00, 0x00, 0x00, 0x00, 0x00, 0x00, 0x00, 0x00, 0x00, 0x00, 0x00, 0x00, 0x00, 0xFF, 0x00, 0x00, 
0x00, 0x00, 0x00, 0x00, 0x00, 0x00, 0x00, 0x00, 0x00, 0x00, 0x00, 0x00, 0x00, 0x00, 0x00, 0xFF, 
0x00, 0x00, 0x00, 0x00, 0x00, 0x00, 0x00, 0x00, 0x00, 0x00, 0x00, 0x00, 0x00, 0x00, 0x00, 0x00, 
0x00, 0xFF, 0x00, 0x00, 0x00, 0x00, 0x00, 0x00, 0x00, 0x00, 0x00, 0x00, 0x00, 0x00, 0x00, 0x00, 
0x00, 0x00, 0x00, 0xFF, 0x00, 0x00, 0x00, 0x00, 0x00, 0x00, 0x00, 0x00, 0x00, 0xFF, 0xFF, 0xFF, 
0xFF, 0xFF, 0xFF, 0xFF, 0xFF, 0xFF, 0xFF, 0xFF, 0xFF, 0xFF, 0xFF, 0xFF, 0xFF, 0xFF, 0x00, 0x00, 
0x00, 0x00, 0x00, 0x00, 0x00, 0x00, 0x00, 0xFF, 0x00, 0x00, 0x00, 0x00, 0x00, 0x00, 0x00, 0x00, 
0x00, 0x00, 0x00, 0x00, 0x00, 0x00, 0x00, 0x00, 0x00, 0xFF, 0x00, 0x00, 0x00, 0x00, 0x00, 0x00, 
0x00, 0x00, 0x00, 0x00, 0x00, 0x00, 0x00, 0x00, 0x00, 0x00, 0x00, 0xFF, 0x00, 0x00, 0x00, 0x00, 
0x00, 0x00, 0x00, 0x00, 0x00, 0x00, 0x00, 0x00, 0x00, 0x00, 0x00, 0x00, 0x00, 0xFF, 0x00, 0x00, 
0x00, 0x00, 0x00, 0x00, 0x00, 0x00, 0x00, 0x00, 0x00, 0x00, 0x00, 0x00, 0x00, 0x00, 0x00, 0xFF, 
0x00, 0x00, 0x00, 0x00, 0x00, 0x00, 0x00, 0x00, 0x00, 0x00, 0x00, 0x00, 0x00, 0x00, 0x00, 0x00, 
0x00, 0xFF, 0x00, 0x00, 0x00, 0x00, 0x00, 0x00, 0x00, 0x00, 0x00, 0x00, 0x00, 0x00, 0x00, 0x00, 
0x00, 0x00, 0x00, 0xFF, 0x00, 0x00, 0x00, 0x00, 0x00, 0x00, 0x00, 0x00, 0x00, 0x00, 0x00, 0x00, 
0x00, 0x00, 0x00, 0x00, 0x00, 0xFF, 0x00, 0x00, 0x00, 0x00, 0x00, 0x00, 0x00, 0x00, 0x00, 0x00, 
0x00, 0x00, 0x00, 0x00, 0x00, 0x00, 0x00, 0x00, 0x00, 0x00, 0x00, 0x00, 0x00, 0x00, 0x00, 0x00, 
0x22, 0xB2, 0xDB, 0x0F, 0x00, 0x00, 0x00, 0x00, 0x00, 0x00, 0x00, 0x00, 0x00, 0x00, 0x00, 0x00, 
0x00, 0x00, 0x00, 0x00, 0x00, 0x08, 0x7F, 0xF7, 0xFF, 0xFF, 0x4A, 0x00, 0x00, 0x00, 0x00, 0x00, 
0x00, 0x00, 0x00, 0x00, 0x00, 0x00, 0x00, 0x00, 0x00, 0x00, 0x00, 0x4C, 0xDD, 0xD8, 0x82, 0xED, 
0xF4, 0x88, 0x00, 0x00, 0x00, 0x00, 0x00, 0x00, 0x00, 0x00, 0x00, 0x00, 0x00, 0x00, 0x00, 0x00, 
0x22, 0xB2, 0xEF, 0x71, 0x05, 0xAB, 0x86, 0xB3, 0xC6, 0x00, 0x00, 0x00, 0x00, 0x00, 0x00, 0x00, 
0x00, 0x00, 0x00, 0x00, 0x00, 0x08, 0x7F, 0xF4, 0x97, 0x14, 0x00, 0x20, 0xF6, 0x1A, 0x6A, 0xFA, 
0x09, 0x00, 0x00, 0x00, 0x00, 0x00, 0x00, 0x00, 0x00, 0x00, 0x00, 0x4C, 0xDD, 0xBD, 0x2D, 0x00, 
0x00, 0x00, 0x8F, 0xA2, 0x00, 0x21, 0xFF, 0x41, 0x00, 0x00, 0x00, 0x00, 0x00, 0x00, 0x00, 0x00, 
0x00, 0x00, 0xA4, 0x51, 0x00, 0x00, 0x00, 0x00, 0x0E, 0xF1, 0x30, 0x00, 0x00, 0xD9, 0x7F, 0x00, 
0x00, 0x00, 0x00, 0x00, 0x00, 0x00, 0x00, 0x00, 0x00, 0x00, 0x00, 0x00, 0x00, 0x00, 0x00, 0x72, 
0xBE, 0x00, 0x00, 0x00, 0x90, 0xBC, 0x00, 0x00, 0x00, 0x00, 0x00, 0x00, 0x00, 0x00, 0x00, 0x00, 
0x00, 0x00, 0x00, 0x00, 0x00, 0x03, 0xDF, 0x4C, 0x00, 0x00, 0x00, 0x47, 0xF5, 0x05, 0x00, 0x00, 
0x00, 0x00, 0x00, 0x00, 0x00, 0x00, 0x00, 0x00, 0x00, 0x00, 0x00, 0x00, 0x56, 0xD8, 0x01, 0x00, 
0x00, 0x00, 0x08, 0xF6, 0x38, 0x00, 0x00, 0x00, 0x00, 0x00, 0x00, 0x00, 0x00, 0x00, 0x00, 0x00, 
0x00, 0x00, 0x00, 0xC7, 0x68, 0x00, 0x00, 0x00, 0x00, 0x00, 0xB6, 0x76, 0x00, 0x00, 0x00, 0x00, 
0x00, 0x00, 0x00, 0x00, 0x00, 0x00, 0x00, 0x00, 0x00, 0x38, 0xEC, 0x09, 0x00, 0x00, 0x00, 0x00, 
0x00, 0x6D, 0xB3, 0x00, 0x00, 0x00, 0x00, 0x00, 0x00, 0x00, 0x00, 0x00, 0x00, 0x00, 0x00, 0x00, 
0xAB, 0x84, 0x00, 0x00, 0x00, 0x00, 0x00, 0x00, 0x24, 0xCD, 0x00, 0x00, 0x00, 0x00, 0x00, 0x00, 
0x00, 0x00, 0x00, 0x00, 0x00, 0x00, 0x20, 0xF5, 0x18, 0x00, 0x00, 0x00, 0x00, 0x00, 0x00, 0x00, 
0x00, 0x00, 0x00, 0x00, 0x00, 0x00, 0x00, 0x00, 0x00, 0x00, 0x00, 0x00, 0x00, 0x8F, 0xA0, 0x00, 
0x00, 0x00, 0x00, 0x00, 0x00, 0x00, 0x00, 0x00, 0x00, 0x00, 0x00, 0x00, 0x00, 0x43, 0x99, 0xD7, 
0xF1, 0xF6, 0xDB, 0x9F, 0xF2, 0x30, 0x00, 0x00, 0x00, 0x00, 0x00, 0x00, 0x00, 0x00, 0x00, 0x00, 
0x00, 0x00, 0x20, 0xBE, 0xD3, 0x6D, 0x29, 0x08, 0x09, 0x2A, 0x6D, 0xD3, 0xC8, 0x2A, 0x00, 0x00, 
0x00, 0x00, 0x00, 0x00, 0x00, 0x00, 0x00, 0x00, 0x3A, 0xE5, 0x72, 0x01, 0x00, 0x00, 0x00, 0x00, 
0x00, 0x00, 0x01, 0x72, 0xED, 0x44, 0x00, 0x00, 0x00, 0x00, 0x00, 0x00, 0x00, 0x00, 0x24, 0xE6, 
0x3C, 0x00, 0x00, 0x00, 0x00, 0x00, 0x00, 0x00, 0x00, 0x00, 0x00, 0x3D, 0xEE, 0x2A, 0x00, 0x00, 
0x00, 0x00, 0x00, 0x00, 0x00, 0xC4, 0x6D, 0x00, 0x00, 0x00, 0x00, 0x00, 0x00, 0x00, 0x00, 0x00, 
0x00, 0x00, 0x00, 0x71, 0xC7, 0x00, 0x00, 0x00, 0x00, 0x00, 0x00, 0x4A, 0xD0, 0x00, 0x00, 0x00, 
0x00, 0x00, 0x00, 0x00, 0x00, 0x00, 0x00, 0x00, 0x00, 0x00, 0x01, 0xD3, 0x46, 0x00, 0x00, 0x00, 
0x00, 0x00, 0xA0, 0x6A, 0x00, 0x00, 0x00, 0x00, 0x00, 0x00, 0x00, 0x00, 0x00, 0x00, 0x00, 0x00, 
0x00, 0x00, 0x6C, 0xA1, 0x00, 0x00, 0x00, 0x00, 0x00, 0xDC, 0x27, 0x00, 0x00, 0x00, 0x00, 0x00, 
0x00, 0x00, 0x00, 0x00, 0x00, 0x00, 0x00, 0x00, 0x00, 0x29, 0xDA, 0x00, 0x00, 0x00, 0x00, 0x00, 
0xF4, 0x07, 0x00, 0x00, 0x00, 0x00, 0x00, 0x00, 0x00, 0x00, 0x00, 0x00, 0x00, 0x00, 0x00, 0x00, 
0x08, 0xF6, 0x00, 0x00, 0x00, 0x00, 0x00, 0xF8, 0x0B, 0x00, 0x00, 0x00, 0x00, 0x00, 0x00, 0x00, 
0x00, 0x00, 0x00, 0x00, 0x00, 0x00, 0x00, 0x0D, 0xF8, 0x00, 0x00, 0x00, 0x00, 0x00, 0xDA, 0x27, 
0x00, 0x00, 0x00, 0x00, 0x00, 0x00, 0x00, 0x00, 0x00, 0x00, 0x00, 0x00, 0x00, 0x00, 0x28, 0xDC, 
0x00, 0x00, 0x00, 0x00, 0x00, 0x9F, 0x6A, 0x00, 0x00, 0x00, 0x00, 0x00, 0x00, 0x00, 0x00, 0x00, 
0x00, 0x00, 0x00, 0x00, 0x00, 0x6B, 0xA1, 0x00, 0x00, 0x00, 0x00, 0x00, 0x44, 0xCF, 0x01, 0x00, 
0x00, 0x00, 0x00, 0x00, 0x00, 0x00, 0x00, 0x00, 0x00, 0x00, 0x00, 0x01, 0xD0, 0x47, 0x00, 0x00, 
0x00, 0x00, 0x00, 0x00, 0xC2, 0x67, 0x00, 0x00, 0x00, 0x00, 0x00, 0x00, 0x00, 0x00, 0x00, 0x00, 
0x00, 0x00, 0x68, 0xC6, 0x00, 0x00, 0x00, 0x00, 0x00, 0x00, 0x00, 0x1D, 0xE6, 0x42, 0x00, 0x00, 
0x00, 0x00, 0x00, 0x00, 0x00, 0x00, 0x00, 0x00, 0x42, 0xE8, 0x20, 0x00, 0x00, 0x00, 0x00, 0x00, 
0x00, 0x00, 0x00, 0x41, 0xE6, 0x67, 0x01, 0x00, 0x00, 0x00, 0x00, 0x00, 0x00, 0x01, 0x68, 0xE8, 
0x43, 0x00, 0x00, 0x00, 0x00, 0x00, 0x00, 0x00, 0x00, 0x00, 0x00, 0x1E, 0xC4, 0xCF, 0x69, 0x26, 
0x0A, 0x0B, 0x27, 0x6A, 0xD0, 0xC4, 0x1F, 0x00, 0x00, 0x00, 0x00, 0x00, 0x00, 0x00, 0x00, 0x00, 
0x00, 0x00, 0x00, 0x00, 0x46, 0xA1, 0xDB, 0xF8, 0xF8, 0xDB, 0xA0, 0x46, 0x00, 0x00, 0x00, 0x00, 
0x00, 0x00, 0x00, 0x00, 0x00, 0x00, 0x00, 0x00, 0x00, 0x00, 0x00, 0x00, 0x00, 0x00, 0x31, 0x00, 
0x00, 0x00, 0x00, 0x00, 0x00, 0x00, 0x00, 0x00, 0x00, 0x00, 0x00, 0x00, 0x00, 0x00, 0x00, 0xC3, 
0x02, 0x00, 0x00, 0x00, 0x00, 0x00, 0x00, 0x00, 0x00, 0x00, 0x00, 0x00, 0x00, 0x00, 0x00, 0x40, 
0xFF, 0x55, 0x00, 0x00, 0x00, 0x00, 0x00, 0x00, 0x00, 0x00, 0x00, 0x00, 0x00, 0x00, 0x00, 0x02, 
0xC9, 0xFF, 0xD6, 0x05, 0x00, 0x00, 0x00, 0x00, 0x00, 0x00, 0x00, 0x00, 0x00, 0x00, 0x00, 0x00, 
0x7E, 0xFF, 0xFF, 0xFF, 0x91, 0x00, 0x00, 0x00, 0x00, 0x00, 0x00, 0x00, 0x00, 0x00, 0x00, 0x00, 
0x56, 0xFE, 0xFF, 0xFF, 0xFF, 0xFF, 0x72, 0x00, 0x00, 0x00, 0x00, 0x00, 0x00, 0x00, 0x00, 0x00, 
0x55, 0xFB, 0xFF, 0xFF, 0xFF, 0xFF, 0xFF, 0xFF, 0x70, 0x00, 0x00, 0x00, 0x00, 0x00, 0x00, 0x00, 
0x72, 0xFD, 0xFF, 0xFF, 0xFF, 0xFF, 0xFF, 0xFF, 0xFF, 0xFF, 0x7F, 0x00, 0x00, 0x00, 0x00, 0x00, 
0x86, 0xFF, 0xFF, 0xFF, 0xFF, 0xFF, 0xFF, 0xFF, 0xFF, 0xFF, 0xFF, 0xFF, 0x8A, 0x00, 0x00, 0x00, 
0x80, 0xFF, 0xFF, 0xFF, 0xFF, 0xFF, 0xFF, 0xFF, 0xFF, 0xFF, 0xFF, 0xFF, 0xFF, 0xFF, 0x79, 0x00, 
0x3B, 0xFD, 0xFF, 0xFF, 0xFF, 0xFF, 0xFF, 0xFF, 0xFF, 0xFF, 0xFF, 0xFF, 0xFF, 0xFF, 0xFF, 0xFE, 
0x39, 0xB4, 0xFF, 0xFF, 0xFF, 0xFF, 0xFF, 0xFF, 0xFF, 0xFF, 0xFF, 0xFF, 0xFF, 0xFF, 0xFF, 0xFF, 
0xFF, 0xAE, 0xED, 0xFF, 0xFF, 0xFF, 0xFF, 0xFF, 0xFF, 0xFF, 0xFF, 0xFF, 0xFF, 0xFF, 0xFF, 0xFF, 
0xFF, 0xFF, 0xEB, 0xF6, 0xFF, 0xFF, 0xFF, 0xFF, 0xFF, 0xFF, 0xFF, 0xEE, 0xFF, 0xFF, 0xFF, 0xFF, 
0xFF, 0xFF, 0xFF, 0xF5, 0xBB, 0xFF, 0xFF, 0xFF, 0xFF, 0xFF, 0xFF, 0xEA, 0x34, 0xE7, 0xFF, 0xFF, 
0xFF, 0xFF, 0xFF, 0xFF, 0xB9, 0x30, 0xF4, 0xFF, 0xFF, 0xFF, 0xFF, 0xF5, 0x42, 0x3C, 0x39, 0xF3, 
0xFF, 0xFF, 0xFF, 0xFF, 0xF4, 0x30, 0x00, 0x30, 0xB9, 0xF6, 0xE9, 0xAC, 0x2D, 0x00, 0x9A, 0x00, 
0x22, 0xA4, 0xE6, 0xF5, 0xB9, 0x2F, 0x00, 0x00, 0x00, 0x00, 0x00, 0x00, 0x00, 0x00, 0x26, 0xFC, 
0x20, 0x00, 0x00, 0x00, 0x00, 0x00, 0x00, 0x00, 0x00, 0x00, 0x00, 0x00, 0x00, 0x00, 0x00, 0xAD, 
0xFF, 0xB0, 0x00, 0x00, 0x00, 0x00, 0x00, 0x00, 0x00, 0x00, 0x00, 0x00, 0x00, 0x00, 0x02, 0x8D, 
0xFF, 0xFF, 0xFF, 0x98, 0x05, 0x00, 0x00, 0x00, 0x00, 0x00, 0x00, 0x00, 0x09, 0x24, 0x64, 0xD3, 
0xFF, 0xFF, 0xFF, 0xFF, 0xFF, 0xDF, 0x7B, 0x3B, 0x13, 0x00, 0x00, 0x00, 0x00, 0xFF, 0xFF, 0xFF, 
0xFF, 0xFF, 0xFF, 0xFF, 0xFF, 0xFF, 0xFF, 0xFF, 0xFF, 0xFF, 0x00, 0x00, 0x00, 0x00, 0x00, 0x00, 
0x00, 0x00, 0x00, 0x00, 0x3F, 0xAF, 0xE9, 0xFA, 0xE7, 0xAB, 0x39, 0x00, 0x00, 0x00, 0x00, 0x00, 
0x00, 0x00, 0x00, 0x00, 0x00, 0x00, 0x00, 0x00, 0x00, 0x00, 0x82, 0xFF, 0xFF, 0xFF, 0xFF, 0xFF, 
0xFF, 0xFE, 0x7B, 0x00, 0x00, 0x00, 0x00, 0x00, 0x00, 0x00, 0x00, 0x00, 0x00, 0x00, 0x00, 0x00, 
0x58, 0xFF, 0xFF, 0xFF, 0xFF, 0xFF, 0xFF, 0xFF, 0xFF, 0xFF, 0x56, 0x00, 0x00, 0x00, 0x00, 0x00, 
0x00, 0x00, 0x00, 0x00, 0x00, 0x00, 0x00, 0xCB, 0xFF, 0xFF, 0xFF, 0xFF, 0xFF, 0xFF, 0xFF, 0xFF, 
0xFF, 0xCB, 0x00, 0x00, 0x00, 0x00, 0x00, 0x00, 0x00, 0x00, 0x00, 0x00, 0x00, 0x00, 0xF7, 0xFF, 
0xFF, 0xFF, 0xFF, 0xFF, 0xFF, 0xFF, 0xFF, 0xFF, 0xF7, 0x00, 0x00, 0x00, 0x00, 0x00, 0x00, 0x00, 
0x00, 0x00, 0x00, 0x00, 0x00, 0xE7, 0xFF, 0xFF, 0xFF, 0xFF, 0xFF, 0xFF, 0xFF, 0xFF, 0xFF, 0xE0, 
0x00, 0x00, 0x00, 0x00, 0x00, 0x00, 0x00, 0x00, 0x00, 0x00, 0x00, 0x00, 0xAD, 0xFF, 0xFF, 0xFF, 
0xFF, 0xFF, 0xFF, 0xFF, 0xFF, 0xFF, 0xA6, 0x00, 0x00, 0x00, 0x00, 0x00, 0x00, 0x00, 0x08, 0x87, 
0xE6, 0xED, 0xAE, 0x7A, 0xFF, 0xFF, 0xFF, 0xFF, 0xFF, 0xFF, 0xFF, 0xFF, 0xFF, 0x7A, 0xBB, 0xF3, 
0xE6, 0x8A, 0x09, 0x00, 0x03, 0xB9, 0xFF, 0xFF, 0xFF, 0xFF, 0xFF, 0xFF, 0xFF, 0xFF, 0xFF, 0xFF, 
0xFF, 0xFF, 0xFF, 0xFF, 0xFF, 0xFF, 0xFF, 0xFF, 0xFF, 0xBE, 0x04, 0x6C, 0xFF, 0xFF, 0xFF, 0xFF, 
0xFF, 0xFF, 0xFF, 0xFF, 0xFF, 0xFF, 0xFF, 0xFF, 0xFF, 0xFF, 0xFF, 0xFF, 0xFF, 0xFF, 0xFF, 0xFF, 
0xFF, 0x70, 0xCD, 0xFF, 0xFF, 0xFF, 0xFF, 0xFF, 0xFF, 0xFF, 0xFF, 0xFF, 0xFF, 0xFF, 0xFF, 0xFF, 
0xFF, 0xFF, 0xFF, 0xFF, 0xFF, 0xFF, 0xFF, 0xFF, 0xCF, 0xF7, 0xFF, 0xFF, 0xFF, 0xFF, 0xFF, 0xFF, 
0xFF, 0xFF, 0xFF, 0xFF, 0xFF, 0xFF, 0xFF, 0xFF, 0xFF, 0xFF, 0xFF, 0xFF, 0xFF, 0xFF, 0xFF, 0xF6, 
0xF3, 0xFF, 0xFF, 0xFF, 0xFF, 0xFF, 0xFF, 0xFF, 0xFF, 0xFF, 0xFD, 0xFF, 0xFD, 0xFF, 0xFF, 0xFF, 
0xFF, 0xFF, 0xFF, 0xFF, 0xFF, 0xFF, 0xF1, 0xC1, 0xFF, 0xFF, 0xFF, 0xFF, 0xFF, 0xFF, 0xFF, 0xFF, 
0xFF, 0x9A, 0xF8, 0x9A, 0xFF, 0xFF, 0xFF, 0xFF, 0xFF, 0xFF, 0xFF, 0xFF, 0xFF, 0xBE, 0x50, 0xFF, 
0xFF, 0xFF, 0xFF, 0xFF, 0xFF, 0xFF, 0xFF, 0xDA, 0x1D, 0xFF, 0x2C, 0xD0, 0xFF, 0xFF, 0xFF, 0xFF, 
0xFF, 0xFF, 0xFF, 0xFF, 0x4C, 0x00, 0x88, 0xFF, 0xFF, 0xFF, 0xFF, 0xFF, 0xFF, 0xD0, 0x1D, 0x36, 
0xFF, 0x4D, 0x16, 0xC1, 0xFF, 0xFF, 0xFF, 0xFF, 0xFF, 0xFF, 0x84, 0x00, 0x00, 0x00, 0x4F, 0xC0, 
0xF3, 0xEE, 0xC3, 0x5F, 0x05, 0x00, 0x92, 0xFF, 0x95, 0x00, 0x01, 0x5A, 0xBD, 0xF1, 0xF5, 0xC3, 
0x50, 0x00, 0x00, 0x00, 0x00, 0x00, 0x00, 0x00, 0x00, 0x00, 0x00, 0x00, 0x1A, 0xF0, 0xFF, 0xF2, 
0x1E, 0x00, 0x00, 0x00, 0x00, 0x00, 0x00, 0x00, 0x00, 0x00, 0x00, 0x00, 0x00, 0x00, 0x00, 0x00, 
0x00, 0x00, 0x04, 0xBA, 0xFF, 0xFF, 0xFF, 0xC0, 0x08, 0x00, 0x00, 0x00, 0x00, 0x00, 0x00, 0x00, 
0x00, 0x00, 0x00, 0x00, 0x00, 0x00, 0x00, 0x00, 0x14, 0xBB, 0xFF, 0xFF, 0xFF, 0xFF, 0xFF, 0xC9, 
0x1D, 0x00, 0x00, 0x00, 0x00, 0x00, 0x00, 0x00, 0x00, 0x00, 0x00, 0x00, 0x20, 0x5B, 0xA3, 0xF3, 
0xFF, 0xFF, 0xFF, 0xFF, 0xFF, 0xFF, 0xFF, 0xF7, 0xA8, 0x5C, 0x22, 0x00, 0x00, 0x00, 0x00, 0x00, 
0x00, 0x00, 0x26, 0xFF, 0xFF, 0xFF, 0xFF, 0xFF, 0xFF, 0xFF, 0xFF, 0xFF, 0xFF, 0xFF, 0xFF, 0xFF, 
0xFF, 0xFF, 0x3D, 0x00, 0x00, 0x00, 0x00, 0x0B, 0x88, 0xDF, 0xF9, 0xDD, 0x83, 0x0A, 0x00, 0x00, 
0x00, 0x0E, 0x89, 0xE0, 0xF9, 0xDD, 0x84, 0x09, 0x00, 0x0A, 0xCB, 0xFF, 0xFF, 0xFF, 0xFF, 0xFF, 
0xCD, 0x0F, 0x00, 0x11, 0xD6, 0xFF, 0xFF, 0xFF, 0xFF, 0xFF, 0xC8, 0x0A, 0x85, 0xFF, 0xFF, 0xFF, 
0xFF, 0xFF, 0xFF, 0xFF, 0xA2, 0x00, 0xAA, 0xFF, 0xFF, 0xFF, 0xFF, 0xFF, 0xFF, 0xFF, 0x88, 0xDD, 
0xFF, 0xFF, 0xFF, 0xFF, 0xFF, 0xFF, 0xFF, 0xFE, 0x4A, 0xFE, 0xFF, 0xFF, 0xFF, 0xFF, 0xFF, 0xFF, 
0xFF, 0xE2, 0xFA, 0xFF, 0xFF, 0xFF, 0xFF, 0xFF, 0xFF, 0xFF, 0xFF, 0xEE, 0xFF, 0xFF, 0xFF, 0xFF, 
0xFF, 0xFF, 0xFF, 0xFF, 0xF8, 0xE9, 0xFF, 0xFF, 0xFF, 0xFF, 0xFF, 0xFF, 0xFF, 0xFF, 0xFF, 0xFF, 
0xFF, 0xFF, 0xFF, 0xFF, 0xFF, 0xFF, 0xFF, 0xDE, 0xAD, 0xFF, 0xFF, 0xFF, 0xFF, 0xFF, 0xFF, 0xFF, 
0xFF, 0xFF, 0xFF, 0xFF, 0xFF, 0xFF, 0xFF, 0xFF, 0xFF, 0xFF, 0xA4, 0x47, 0xFF, 0xFF, 0xFF, 0xFF, 
0xFF, 0xFF, 0xFF, 0xFF, 0xFF, 0xFF, 0xFF, 0xFF, 0xFF, 0xFF, 0xFF, 0xFF, 0xFF, 0x4A, 0x00, 0xBC, 
0xFF, 0xFF, 0xFF, 0xFF, 0xFF, 0xFF, 0xFF, 0xFF, 0xFF, 0xFF, 0xFF, 0xFF, 0xFF, 0xFF, 0xFF, 0xCE, 
0x01, 0x00, 0x25, 0xF4, 0xFF, 0xFF, 0xFF, 0xFF, 0xFF, 0xFF, 0xFF, 0xFF, 0xFF, 0xFF, 0xFF, 0xFF, 
0xFF, 0xFD, 0x38, 0x00, 0x00, 0x00, 0x61, 0xFF, 0xFF, 0xFF, 0xFF, 0xFF, 0xFF, 0xFF, 0xFF, 0xFF, 
0xFF, 0xFF, 0xFF, 0xFF, 0x87, 0x00, 0x00, 0x00, 0x00, 0x00, 0xA6, 0xFF, 0xFF, 0xFF, 0xFF, 0xFF, 
0xFF, 0xFF, 0xFF, 0xFF, 0xFF, 0xFF, 0xC4, 0x04, 0x00, 0x00, 0x00, 0x00, 0x00, 0x0D, 0xDB, 0xFF, 
0xFF, 0xFF, 0xFF, 0xFF, 0xFF, 0xFF, 0xFF, 0xFF, 0xE9, 0x1B, 0x00, 0x00, 0x00, 0x00, 0x00, 0x00, 
0x00, 0x31, 0xF8, 0xFF, 0xFF, 0xFF, 0xFF, 0xFF, 0xFF, 0xFF, 0xFC, 0x42, 0x00, 0x00, 0x00, 0x00, 
0x00, 0x00, 0x00, 0x00, 0x00, 0x6E, 0xFF, 0xFF, 0xFF, 0xFF, 0xFF, 0xFF, 0xFF, 0x7E, 0x00, 0x00, 
0x00, 0x00, 0x00, 0x00, 0x00, 0x00, 0x00, 0x00, 0x00, 0xB5, 0xFF, 0xFF, 0xFF, 0xFF, 0xFF, 0xC0, 
0x02, 0x00, 0x00, 0x00, 0x00, 0x00, 0x00, 0x00, 0x00, 0x00, 0x00, 0x00, 0x18, 0xEC, 0xFF, 0xFF, 
0xFF, 0xF1, 0x1F, 0x00, 0x00, 0x00, 0x00, 0x00, 0x00, 0x00, 0x00, 0x00, 0x00, 0x00, 0x00, 0x00, 
0x5B, 0xFF, 0xFF, 0xFF, 0x67, 0x00, 0x00, 0x00, 0x00, 0x00, 0x00, 0x00, 0x00, 0x00, 0x00, 0x00, 
0x00, 0x00, 0x00, 0x00, 0xC9, 0xFF, 0xD1, 0x01, 0x00, 0x00, 0x00, 0x00, 0x00, 0x00, 0x00, 0x00, 
0x00, 0x00, 0x00, 0x00, 0x00, 0x00, 0x00, 0x49, 0xFF, 0x50, 0x00, 0x00, 0x00, 0x00, 0x00, 0x00, 
0x00, 0x00, 0x00, 0x00, 0x00, 0x00, 0x00, 0x00, 0x00, 0x00, 0x01, 0xC7, 0x02, 0x00, 0x00, 0x00, 
0x00, 0x00, 0x00, 0x00, 0x00, 0x00, 0x00, 0x00, 0x00, 0x00, 0x00, 0x00, 0x00, 0x00, 0x23, 0x00, 
0x00, 0x00, 0x00, 0x00, 0x00, 0x00, 0x00, 0x00, 0x00, 0x00, 0x00, 0x00, 0x00, 0x00, 0x00, 0x06, 
0xA2, 0x07, 0x00, 0x00, 0x00, 0x00, 0x00, 0x00, 0x00, 0x00, 0x00, 0x00, 0x00, 0x00, 0x00, 0x00, 
0x86, 0xFF, 0x8B, 0x00, 0x00, 0x00, 0x00, 0x00, 0x00, 0x00, 0x00, 0x00, 0x00, 0x00, 0x00, 0x00, 
0x3B, 0xFC, 0xFF, 0xFD, 0x41, 0x00, 0x00, 0x00, 0x00, 0x00, 0x00, 0x00, 0x00, 0x00, 0x00, 0x00, 
0x18, 0xE5, 0xFF, 0xFF, 0xFF, 0xE9, 0x1B, 0x00, 0x00, 0x00, 0x00, 0x00, 0x00, 0x00, 0x00, 0x00, 
0x04, 0xC2, 0xFF, 0xFF, 0xFF, 0xFF, 0xFF, 0xC7, 0x06, 0x00, 0x00, 0x00, 0x00, 0x00, 0x00, 0x00, 
0x00, 0x97, 0xFF, 0xFF, 0xFF, 0xFF, 0xFF, 0xFF, 0xFF, 0x99, 0x00, 0x00, 0x00, 0x00, 0x00, 0x00, 
0x00, 0x6D, 0xFF, 0xFF, 0xFF, 0xFF, 0xFF, 0xFF, 0xFF, 0xFF, 0xFF, 0x6E, 0x00, 0x00, 0x00, 0x00, 
0x00, 0x4B, 0xFC, 0xFF, 0xFF, 0xFF, 0xFF, 0xFF, 0xFF, 0xFF, 0xFF, 0xFF, 0xFC, 0x4A, 0x00, 0x00, 
0x00, 0x34, 0xF3, 0xFF, 0xFF, 0xFF, 0xFF, 0xFF, 0xFF, 0xFF, 0xFF, 0xFF, 0xFF, 0xFF, 0xF3, 0x32, 
0x00, 0x25, 0xE9, 0xFF, 0xFF, 0xFF, 0xFF, 0xFF, 0xFF, 0xFF, 0xFF, 0xFF, 0xFF, 0xFF, 0xFF, 0xFF, 
0xE8, 0x24, 0xC5, 0xFF, 0xFF, 0xFF, 0xFF, 0xFF, 0xFF, 0xFF, 0xFF, 0xFF, 0xFF, 0xFF, 0xFF, 0xFF, 
0xFF, 0xFF, 0xC1, 0x2B, 0xEF, 0xFF, 0xFF, 0xFF, 0xFF, 0xFF, 0xFF, 0xFF, 0xFF, 0xFF, 0xFF, 0xFF, 
0xFF, 0xFF, 0xE5, 0x21, 0x00, 0x3E, 0xF8, 0xFF, 0xFF, 0xFF, 0xFF, 0xFF, 0xFF, 0xFF, 0xFF, 0xFF, 
0xFF, 0xFF, 0xF1, 0x2D, 0x00, 0x00, 0x00, 0x54, 0xFE, 0xFF, 0xFF, 0xFF, 0xFF, 0xFF, 0xFF, 0xFF, 
0xFF, 0xFF, 0xFB, 0x45, 0x00, 0x00, 0x00, 0x00, 0x00, 0x75, 0xFF, 0xFF, 0xFF, 0xFF, 0xFF, 0xFF, 
0xFF, 0xFF, 0xFF, 0x68, 0x00, 0x00, 0x00, 0x00, 0x00, 0x00, 0x00, 0xA2, 0xFF, 0xFF, 0xFF, 0xFF, 
0xFF, 0xFF, 0xFF, 0x93, 0x00, 0x00, 0x00, 0x00, 0x00, 0x00, 0x00, 0x00, 0x07, 0xC8, 0xFF, 0xFF, 
0xFF, 0xFF, 0xFF, 0xC3, 0x04, 0x00, 0x00, 0x00, 0x00, 0x00, 0x00, 0x00, 0x00, 0x00, 0x1C, 0xEA, 
0xFF, 0xFF, 0xFF, 0xE6, 0x19, 0x00, 0x00, 0x00, 0x00, 0x00, 0x00, 0x00, 0x00, 0x00, 0x00, 0x00, 
0x43, 0xFC, 0xFF, 0xFD, 0x3D, 0x00, 0x00, 0x00, 0x00, 0x00, 0x00, 0x00, 0x00, 0x00, 0x00, 0x00, 
0x00, 0x00, 0x80, 0xFF, 0x88, 0x00, 0x00, 0x00, 0x00, 0x00, 0x00, 0x00, 0x00, 0x00, 0x00, 0x00, 
0x00, 0x00, 0x00, 0x03, 0x9F, 0x06, 0x00, 0x00, 0x00, 0x00, 0x00, 0x00, 0x00, 0x00, 0x00, 0x00, 
0x00, 0x00, 0x00, 0x00, 0x00, 0xFF, 0xFD, 0xF7, 0xE9, 0xC9, 0x72, 0x0C, 0x00, 0x00, 0x00, 0x00, 
0x00, 0x00, 0x00, 0x00, 0x00, 0x00, 0xFF, 0xFF, 0xFF, 0xFF, 0xFF, 0xFF, 0xD8, 0x25, 0x00, 0x00, 
0x00, 0x00, 0x00, 0x00, 0x00, 0x00, 0x00, 0xFF, 0xFF, 0xFF, 0xFF, 0xFF, 0xFF, 0xFF, 0xD8, 0x06, 
0x00, 0x00, 0x00, 0x00, 0x00, 0x00, 0x00, 0x00, 0xFF, 0xFF, 0xFF, 0xFF, 0xFF, 0xFF, 0xFF, 0xFF, 
0x5F, 0x00, 0x00, 0x00, 0x00, 0x00, 0x00, 0x00, 0x00, 0xFF, 0xFF, 0x04, 0x1D, 0x61, 0xD5, 0xFF, 
0xFF, 0xAE, 0x00, 0x00, 0x00, 0x00, 0x00, 0x00, 0x00, 0x00, 0xFF, 0xFF, 0x00, 0x00, 0x00, 0x09, 
0xCC, 0xFF, 0xE1, 0x00, 0x00, 0x00, 0x00, 0x00, 0x00, 0x00, 0x00, 0xFF, 0xFF, 0x00, 0x00, 0x00, 
0x00, 0x49, 0xFF, 0xF5, 0x00, 0x00, 0x00, 0x00, 0x00, 0x00, 0x00, 0x00, 0xFF, 0xFF, 0x00, 0x00, 
0x00, 0x00, 0x11, 0xFF, 0xFF, 0x00, 0x00, 0x00, 0x00, 0x00, 0x00, 0x00, 0x00, 0xFF, 0xFF, 0x00, 
0x00, 0x00, 0x00, 0x00, 0xFF, 0xFF, 0x00, 0x00, 0x00, 0x00, 0x00, 0x00, 0x00, 0x00, 0xFF, 0xFF, 
0x00, 0x00, 0x00, 0x00, 0x00, 0x00, 0x00, 0x00, 0x00, 0x00, 0x00, 0x00, 0x00, 0x00, 0x00, 0xFF, 
0xFF, 0x00, 0x00, 0x00, 0x00, 0x00, 0x00, 0x00, 0x00, 0x00, 0x00, 0x00, 0x00, 0x00, 0x00, 0x00, 
0xFF, 0xFF, 0x00, 0x00, 0x00, 0x00, 0x00, 0x00, 0x00, 0x00, 0x00, 0x00, 0x00, 0x00, 0x00, 0x00, 
0x00, 0xFF, 0xFF, 0x00, 0x00, 0x00, 0x00, 0x00, 0x00, 0x00, 0x00, 0x00, 0x00, 0x00, 0x00, 0x00, 
0x00, 0x00, 0xFF, 0xFF, 0x00, 0x00, 0x00, 0x00, 0x00, 0x00, 0x00, 0x00, 0x00, 0x00, 0x00, 0x00, 
0x00, 0x00, 0x00, 0xFF, 0xFF, 0x00, 0x00, 0x00, 0x00, 0x00, 0x00, 0x00, 0x00, 0x00, 0x00, 0x00, 
0x00, 0x00, 0x00, 0x00, 0xFF, 0xFF, 0x00, 0x00, 0x00, 0x00, 0x00, 0x00, 0x00, 0x00, 0x00, 0x00, 
0x00, 0x00, 0x00, 0x00, 0x00, 0xFF, 0xFF, 0x00, 0x00, 0x00, 0x00, 0x00, 0x00, 0x00, 0x00, 0x0B, 
0x81, 0xD5, 0xF7, 0xEB, 0xBE, 0x65, 0xFF, 0xFF, 0x00, 0x00, 0x00, 0x00, 0x00, 0x00, 0x00, 0x12, 
0xD3, 0xFF, 0xFF, 0xFF, 0xFF, 0xFF, 0xFF, 0xFF, 0xFF, 0x00, 0x00, 0x00, 0x00, 0x00, 0x00, 0x00, 
0x99, 0xFF, 0xFF, 0xFF, 0xFF, 0xFF, 0xFF, 0xFF, 0xFF, 0xF5, 0x00, 0x00, 0x00, 0x00, 0x00, 0x00, 
0x00, 0xEA, 0xFF, 0xFF, 0xFF, 0xFF, 0xFF, 0xFF, 0xFF, 0xFF, 0xE1, 0x00, 0x00, 0x00, 0x00, 0x00, 
0x00, 0x00, 0xF8, 0xFF, 0xFF, 0xFF, 0xFF, 0xFF, 0xFF, 0xFF, 0xFF, 0xA9, 0x00, 0x00, 0x00, 0x00, 
0x00, 0x00, 0x00, 0xC6, 0xFF, 0xFF, 0xFF, 0xFF, 0xFF, 0xFF, 0xFF, 0xFF, 0x45, 0x00, 0x00, 0x00, 
0x00, 0x00, 0x00, 0x00, 0x3F, 0xFA, 0xFF, 0xFF, 0xFF, 0xFF, 0xFF, 0xFC, 0x77, 0x00, 0x00, 0x00, 
0x00, 0x00, 0x00, 0x00, 0x00, 0x00, 0x37, 0xB4, 0xEF, 0xF8, 0xDE, 0x9C, 0x33, 0x00, 0x00, 0x00, 
0x00, 0x00, 0x00, 0x00, 0x00, 0x00, 0x00, 0x00, 0x00, 0x00, 0x00, 0x00, 0x00, 0x00, 0x00, 0x00, 
0x00, 0x00, 0x00, 0x00, 0x00, 0x00, 0x00, 0x00, 0x00, 0x13, 0x55, 0x99, 0xDD, 0x00, 0x00, 0x00, 
0x00, 0x00, 0x00, 0x00, 0x00, 0x00, 0x00, 0x00, 0x00, 0x00, 0x00, 0x00, 0x08, 0x44, 0x88, 0xCC, 
0xFD, 0xFF, 0xFF, 0xFF, 0x00, 0x00, 0x00, 0x00, 0x00, 0x00, 0x00, 0x00, 0x00, 0x00, 0x00, 0x02, 
0x33, 0x77, 0xBB, 0xF7, 0xFF, 0xFF, 0xFF, 0xFF, 0xFF, 0xFF, 0xFF, 0x00, 0x00, 0x00, 0x00, 0x00, 
0x00, 0x00, 0x00, 0x22, 0x66, 0xAA, 0xEC, 0xFF, 0xFF, 0xFF, 0xFF, 0xFF, 0xFF, 0xFF, 0xFF, 0xFF, 
0xFF, 0xFF, 0x00, 0x00, 0x00, 0x00, 0x00, 0x00, 0x00, 0x00, 0xFF, 0xFF, 0xFF, 0xFF, 0xFF, 0xFF, 
0xFF, 0xFF, 0xFF, 0xFF, 0xE5, 0x8C, 0x2E, 0xFF, 0xFF, 0x00, 0x00, 0x00, 0x00, 0x00, 0x00, 0x00, 
0x00, 0xFF, 0xFF, 0xFF, 0xFF, 0xFF, 0xFF, 0xFF, 0xF4, 0xA3, 0x46, 0x02, 0x00, 0x00, 0xFF, 0xFF, 
0x00, 0x00, 0x00, 0x00, 0x00, 0x00, 0x00, 0x00, 0xFF, 0xFF, 0xFF, 0xFF, 0xFD, 0xBA, 0x5D, 0x0B, 
0x00, 0x00, 0x00, 0x00, 0x00, 0xFF, 0xFF, 0x00, 0x00, 0x00, 0x00, 0x00, 0x00, 0x00, 0x00, 0xFF, 
0xFF, 0xD1, 0x74, 0x1A, 0x00, 0x00, 0x00, 0x00, 0x00, 0x00, 0x00, 0x00, 0xFF, 0xFF, 0x00, 0x00, 
0x00, 0x00, 0x00, 0x00, 0x00, 0x00, 0xFF, 0xFF, 0x00, 0x00, 0x00, 0x00, 0x00, 0x00, 0x00, 0x00, 
0x00, 0x00, 0x00, 0xFF, 0xFF, 0x00, 0x00, 0x00, 0x00, 0x00, 0x00, 0x00, 0x00, 0xFF, 0xFF, 0x00, 
0x00, 0x00, 0x00, 0x00, 0x00, 0x00, 0x00, 0x00, 0x00, 0x00, 0xFF, 0xFF, 0x00, 0x00, 0x00, 0x00, 
0x00, 0x00, 0x00, 0x00, 0xFF, 0xFF, 0x00, 0x00, 0x00, 0x00, 0x00, 0x00, 0x00, 0x00, 0x00, 0x00, 
0x00, 0xFF, 0xFF, 0x00, 0x00, 0x00, 0x00, 0x00, 0x00, 0x00, 0x00, 0xFF, 0xFF, 0x00, 0x00, 0x00, 
0x00, 0x00, 0x00, 0x00, 0x00, 0x00, 0x00, 0x00, 0xFF, 0xFF, 0x00, 0x00, 0x00, 0x00, 0x00, 0x00, 
0x00, 0x00, 0xFF, 0xFF, 0x00, 0x00, 0x00, 0x00, 0x00, 0x00, 0x00, 0x00, 0x00, 0x00, 0x00, 0xFF, 
0xFF, 0x00, 0x00, 0x00, 0x00, 0x00, 0x00, 0x00, 0x00, 0xFF, 0xFF, 0x00, 0x00, 0x00, 0x00, 0x00, 
0x00, 0x00, 0x00, 0x00, 0x00, 0x00, 0xFF, 0xFF, 0x00, 0x00, 0x00, 0x00, 0x00, 0x00, 0x00, 0x00, 
0xFF, 0xFF, 0x00, 0x00, 0x00, 0x00, 0x00, 0x00, 0x00, 0x00, 0x00, 0x00, 0x00, 0xFF, 0xFF, 0x00, 
0x00, 0x00, 0x00, 0x00, 0x00, 0x00, 0x00, 0xFF, 0xFF, 0x00, 0x00, 0x00, 0x00, 0x00, 0x00, 0x00, 
0x00, 0x00, 0x00, 0x00, 0xFF, 0xFF, 0x00, 0x00, 0x00, 0x00, 0x00, 0x00, 0x00, 0x00, 0xFF, 0xFF, 
0x00, 0x00, 0x00, 0x00, 0x02, 0x68, 0xCC, 0xF5, 0xF1, 0xC9, 0x73, 0xFF, 0xFF, 0x00, 0x00, 0x00, 
0x00, 0x00, 0x00, 0x00, 0x00, 0xFF, 0xFF, 0x00, 0x00, 0x00, 0x02, 0xAC, 0xFF, 0xFF, 0xFF, 0xFF, 
0xFF, 0xFF, 0xFF, 0xFF, 0x00, 0x00, 0x00, 0x00, 0x00, 0x00, 0x00, 0x00, 0xFF, 0xFF, 0x00, 0x00, 
0x00, 0x6F, 0xFF, 0xFF, 0xFF, 0xFF, 0xFF, 0xFF, 0xFF, 0xFF, 0xFD, 0x00, 0x00, 0x00, 0x00, 0x00, 
0x00, 0x00, 0x00, 0xFF, 0xFF, 0x00, 0x00, 0x00, 0xD4, 0xFF, 0xFF, 0xFF, 0xFF, 0xFF, 0xFF, 0xFF, 
0xFF, 0xEA, 0x00, 0x0B, 0x81, 0xD5, 0xF7, 0xEB, 0xBE, 0x65, 0xFF, 0xFF, 0x00, 0x00, 0x00, 0xF9, 
0xFF, 0xFF, 0xFF, 0xFF, 0xFF, 0xFF, 0xFF, 0xFF, 0xC5, 0x12, 0xD3, 0xFF, 0xFF, 0xFF, 0xFF, 0xFF, 
0xFF, 0xFF, 0xFF, 0x00, 0x00, 0x00, 0xDD, 0xFF, 0xFF, 0xFF, 0xFF, 0xFF, 0xFF, 0xFF, 0xFF, 0x69, 
0x98, 0xFF, 0xFF, 0xFF, 0xFF, 0xFF, 0xFF, 0xFF, 0xFF, 0xFA, 0x00, 0x00, 0x00, 0x5A, 0xFE, 0xFF, 
0xFF, 0xFF, 0xFF, 0xFF, 0xFF, 0x9C, 0x01, 0xEA, 0xFF, 0xFF, 0xFF, 0xFF, 0xFF, 0xFF, 0xFF, 0xFF, 
0xE6, 0x00, 0x00, 0x00, 0x00, 0x3B, 0xB3, 0xE4, 0xF8, 0xE3, 0xA9, 0x46, 0x00, 0x00, 0xF8, 0xFF, 
0xFF, 0xFF, 0xFF, 0xFF, 0xFF, 0xFF, 0xFF, 0xB8, 0x00, 0x00, 0x00, 0x00, 0x00, 0x00, 0x00, 0x00, 
0x00, 0x00, 0x00, 0x00, 0x00, 0xC6, 0xFF, 0xFF, 0xFF, 0xFF, 0xFF, 0xFF, 0xFF, 0xFF, 0x57, 0x00, 
0x00, 0x00, 0x00, 0x00, 0x00, 0x00, 0x00, 0x00, 0x00, 0x00, 0x00, 0x00, 0x3F, 0xFA, 0xFF, 0xFF, 
0xFF, 0xFF, 0xFF, 0xFF, 0x8D, 0x00, 0x00, 0x00, 0x00, 0x00, 0x00, 0x00, 0x00, 0x00, 0x00, 0x00, 
0x00, 0x00, 0x00, 0x00, 0x37, 0xB4, 0xEF, 0xF9, 0xE0, 0xA3, 0x3E, 0x00, 0x00, 0x00, 0x00, 0x00, 
0x00, 0x00, 0x00, 0x00, 0x00, 0x00, 0x00, 0x00, 0x00, 0x00, 0x00, 0x08, 0x7A, 0x54, 0x69, 0x6D, 
0x65, 0x73, 0x4E, 0x52, 0x00, 0x08, 0x7A, 0x54, 0x69, 0x6D, 0x65, 0x73, 0x4E, 0x52, 0x01};