const uint8_t  zTimesNRItalic16[] PROGMEM = {
0x00, 0x00, 0x00, 0xEC, 0x00, 0x00, 0x00, 0x0B, 0x00, 0x00, 0x00, 0x10, 0x00, 0x00, 0x00, 0x00, 
0x00, 0x00, 0x00, 0x0B, 0x00, 0x00, 0x00, 0x03, 0x00, 0x00, 0x00, 0x00, 0x00, 0x00, 0x00, 0x01, 
0x00, 0x00, 0x00, 0x01, 0x00, 0x00, 0x00, 0x00, 0x00, 0x00, 0x00, 0x20, 0xFF, 0xFF, 0xFF, 0xF0, 
0x00, 0x00, 0x00, 0x00, 0x00, 0x00, 0x00, 0x00, 0x00, 0x00, 0x00, 0x01, 0x00, 0x00, 0x00, 0x01, 
0x00, 0x00, 0x00, 0x00, 0x00, 0x00, 0x00, 0x20, 0xFF, 0xFF, 0xFF, 0xF0, 0x00, 0x00, 0x00, 0x00, 
0x00, 0x00, 0x00, 0x09, 0x00, 0x00, 0x00, 0x01, 0x00, 0x00, 0x00, 0x01, 0x00, 0x00, 0x00, 0x00, 
0x00, 0x00, 0x00, 0x20, 0xFF, 0xFF, 0xFF, 0xF0, 0x00, 0x00, 0x00, 0x00, 0x00, 0x00, 0x00, 0x0A, 
0x00, 0x00, 0x00, 0x01, 0x00, 0x00, 0x00, 0x01, 0x00, 0x00, 0x00, 0x00, 0x00, 0x00, 0x00, 0x20, 
0xFF, 0xFF, 0xFF, 0xF0, 0x00, 0x00, 0x00, 0x00, 0x00, 0x00, 0x00, 0x0D, 0x00, 0x00, 0x00, 0x01, 
0x00, 0x00, 0x00, 0x01, 0x00, 0x00, 0x00, 0x00, 0x00, 0x00, 0x00, 0x20, 0xFF, 0xFF, 0xFF, 0xF0, 
0x00, 0x00, 0x00, 0x00, 0x00, 0x00, 0x00, 0x1D, 0x00, 0x00, 0x00, 0x01, 0x00, 0x00, 0x00, 0x01, 
0x00, 0x00, 0x00, 0x00, 0x00, 0x00, 0x00, 0x20, 0xFF, 0xFF, 0xFF, 0xF0, 0x00, 0x00, 0x00, 0x00, 
0x00, 0x00, 0x00, 0x20, 0x00, 0x00, 0x00, 0x01, 0x00, 0x00, 0x00, 0x01, 0x00, 0x00, 0x00, 0x04, 
0x00, 0x00, 0x00, 0x20, 0xFF, 0xFF, 0xFF, 0xF0, 0x00, 0x00, 0x00, 0x00, 0x00, 0x00, 0x00, 0x21, 
0x00, 0x00, 0x00, 0x0B, 0x00, 0x00, 0x00, 0x03, 0x00, 0x00, 0x00, 0x04, 0x00, 0x00, 0x00, 0x0B, 
0x00, 0x00, 0x00, 0x01, 0x00, 0x00, 0x00, 0x00, 0x00, 0x00, 0x00, 0x22, 0x00, 0x00, 0x00, 0x05, 
0x00, 0x00, 0x00, 0x05, 0x00, 0x00, 0x00, 0x08, 0x00, 0x00, 0x00, 0x0B, 0x00, 0x00, 0x00, 0x02, 
0x00, 0x00, 0x00, 0x00, 0x00, 0x00, 0x00, 0x23, 0x00, 0x00, 0x00, 0x0B, 0x00, 0x00, 0x00, 0x08, 
0x00, 0x00, 0x00, 0x08, 0x00, 0x00, 0x00, 0x0B, 0x00, 0x00, 0x00, 0x01, 0x00, 0x00, 0x00, 0x00, 
0x00, 0x00, 0x00, 0x24, 0x00, 0x00, 0x00, 0x0D, 0x00, 0x00, 0x00, 0x07, 0x00, 0x00, 0x00, 0x08, 
0x00, 0x00, 0x00, 0x0C, 0x00, 0x00, 0x00, 0x01, 0x00, 0x00, 0x00, 0x00, 0x00, 0x00, 0x00, 0x25, 
0x00, 0x00, 0x00, 0x0B, 0x00, 0x00, 0x00, 0x0C, 0x00, 0x00, 0x00, 0x0D, 0x00, 0x00, 0x00, 0x0B, 
0x00, 0x00, 0x00, 0x01, 0x00, 0x00, 0x00, 0x00, 0x00, 0x00, 0x00, 0x26, 0x00, 0x00, 0x00, 0x0B, 
0x00, 0x00, 0x00, 0x0C, 0x00, 0x00, 0x00, 0x0C, 0x00, 0x00, 0x00, 0x0B, 0x00, 0x00, 0x00, 0x00, 
0x00, 0x00, 0x00, 0x00, 0x00, 0x00, 0x00, 0x27, 0x00, 0x00, 0x00, 0x05, 0x00, 0x00, 0x00, 0x02, 
0x00, 0x00, 0x00, 0x03, 0x00, 0x00, 0x00, 0x0B, 0x00, 0x00, 0x00, 0x02, 0x00, 0x00, 0x00, 0x00, 
0x00, 0x00, 0x00, 0x28, 0x00, 0x00, 0x00, 0x0E, 0x00, 0x00, 0x00, 0x06, 0x00, 0x00, 0x00, 0x05, 
0x00, 0x00, 0x00, 0x0B, 0x00, 0x00, 0x00, 0x01, 0x00, 0x00, 0x00, 0x00, 0x00, 0x00, 0x00, 0x29, 
0x00, 0x00, 0x00, 0x0E, 0x00, 0x00, 0x00, 0x06, 0x00, 0x00, 0x00, 0x05, 0x00, 0x00, 0x00, 0x0B, 
0xFF, 0xFF, 0xFF, 0xFE, 0x00, 0x00, 0x00, 0x00, 0x00, 0x00, 0x00, 0x2A, 0x00, 0x00, 0x00, 0x06, 
0x00, 0x00, 0x00, 0x07, 0x00, 0x00, 0x00, 0x08, 0x00, 0x00, 0x00, 0x0B, 0x00, 0x00, 0x00, 0x02, 
0x00, 0x00, 0x00, 0x00, 0x00, 0x00, 0x00, 0x2B, 0x00, 0x00, 0x00, 0x09, 0x00, 0x00, 0x00, 0x09, 
0x00, 0x00, 0x00, 0x0B, 0x00, 0x00, 0x00, 0x0A, 0x00, 0x00, 0x00, 0x02, 0x00, 0x00, 0x00, 0x00, 
0x00, 0x00, 0x00, 0x2C, 0x00, 0x00, 0x00, 0x04, 0x00, 0x00, 0x00, 0x03, 0x00, 0x00, 0x00, 0x04, 
0x00, 0x00, 0x00, 0x02, 0xFF, 0xFF, 0xFF, 0xFF, 0x00, 0x00, 0x00, 0x00, 0x00, 0x00, 0x00, 0x2D, 
0x00, 0x00, 0x00, 0x01, 0x00, 0x00, 0x00, 0x05, 0x00, 0x00, 0x00, 0x05, 0x00, 0x00, 0x00, 0x04, 
0x00, 0x00, 0x00, 0x00, 0x00, 0x00, 0x00, 0x00, 0x00, 0x00, 0x00, 0x2E, 0x00, 0x00, 0x00, 0x02, 
0x00, 0x00, 0x00, 0x02, 0x00, 0x00, 0x00, 0x04, 0x00, 0x00, 0x00, 0x02, 0x00, 0x00, 0x00, 0x00, 
0x00, 0x00, 0x00, 0x00, 0x00, 0x00, 0x00, 0x2F, 0x00, 0x00, 0x00, 0x0B, 0x00, 0x00, 0x00, 0x06, 
0x00, 0x00, 0x00, 0x04, 0x00, 0x00, 0x00, 0x0B, 0xFF, 0xFF, 0xFF, 0xFF, 0x00, 0x00, 0x00, 0x00, 
0x00, 0x00, 0x00, 0x30, 0x00, 0x00, 0x00, 0x0B, 0x00, 0x00, 0x00, 0x07, 0x00, 0x00, 0x00, 0x08, 
0x00, 0x00, 0x00, 0x0B, 0x00, 0x00, 0x00, 0x01, 0x00, 0x00, 0x00, 0x00, 0x00, 0x00, 0x00, 0x31, 
0x00, 0x00, 0x00, 0x0B, 0x00, 0x00, 0x00, 0x07, 0x00, 0x00, 0x00, 0x08, 0x00, 0x00, 0x00, 0x0B, 
0x00, 0x00, 0x00, 0x00, 0x00, 0x00, 0x00, 0x00, 0x00, 0x00, 0x00, 0x32, 0x00, 0x00, 0x00, 0x0B, 
0x00, 0x00, 0x00, 0x07, 0x00, 0x00, 0x00, 0x08, 0x00, 0x00, 0x00, 0x0B, 0x00, 0x00, 0x00, 0x00, 
0x00, 0x00, 0x00, 0x00, 0x00, 0x00, 0x00, 0x33, 0x00, 0x00, 0x00, 0x0B, 0x00, 0x00, 0x00, 0x06, 
0x00, 0x00, 0x00, 0x08, 0x00, 0x00, 0x00, 0x0B, 0x00, 0x00, 0x00, 0x01, 0x00, 0x00, 0x00, 0x00, 
0x00, 0x00, 0x00, 0x34, 0x00, 0x00, 0x00, 0x0B, 0x00, 0x00, 0x00, 0x08, 0x00, 0x00, 0x00, 0x08, 
0x00, 0x00, 0x00, 0x0B, 0x00, 0x00, 0x00, 0x00, 0x00, 0x00, 0x00, 0x00, 0x00, 0x00, 0x00, 0x35, 
0x00, 0x00, 0x00, 0x0B, 0x00, 0x00, 0x00, 0x07, 0x00, 0x00, 0x00, 0x08, 0x00, 0x00, 0x00, 0x0B, 
0x00, 0x00, 0x00, 0x01, 0x00, 0x00, 0x00, 0x00, 0x00, 0x00, 0x00, 0x36, 0x00, 0x00, 0x00, 0x0B, 
0x00, 0x00, 0x00, 0x07, 0x00, 0x00, 0x00, 0x08, 0x00, 0x00, 0x00, 0x0B, 0x00, 0x00, 0x00, 0x01, 
0x00, 0x00, 0x00, 0x00, 0x00, 0x00, 0x00, 0x37, 0x00, 0x00, 0x00, 0x0B, 0x00, 0x00, 0x00, 0x07, 
0x00, 0x00, 0x00, 0x08, 0x00, 0x00, 0x00, 0x0B, 0x00, 0x00, 0x00, 0x01, 0x00, 0x00, 0x00, 0x00, 
0x00, 0x00, 0x00, 0x38, 0x00, 0x00, 0x00, 0x0B, 0x00, 0x00, 0x00, 0x07, 0x00, 0x00, 0x00, 0x08, 
0x00, 0x00, 0x00, 0x0B, 0x00, 0x00, 0x00, 0x01, 0x00, 0x00, 0x00, 0x00, 0x00, 0x00, 0x00, 0x39, 
0x00, 0x00, 0x00, 0x0B, 0x00, 0x00, 0x00, 0x07, 0x00, 0x00, 0x00, 0x08, 0x00, 0x00, 0x00, 0x0B, 
0x00, 0x00, 0x00, 0x00, 0x00, 0x00, 0x00, 0x00, 0x00, 0x00, 0x00, 0x3A, 0x00, 0x00, 0x00, 0x07, 
0x00, 0x00, 0x00, 0x04, 0x00, 0x00, 0x00, 0x05, 0x00, 0x00, 0x00, 0x07, 0x00, 0x00, 0x00, 0x01, 
0x00, 0x00, 0x00, 0x00, 0x00, 0x00, 0x00, 0x3C, 0x00, 0x00, 0x00, 0x07, 0x00, 0x00, 0x00, 0x09, 
0x00, 0x00, 0x00, 0x0B, 0x00, 0x00, 0x00, 0x08, 0x00, 0x00, 0x00, 0x01, 0x00, 0x00, 0x00, 0x00, 
0x00, 0x00, 0x00, 0x3D, 0x00, 0x00, 0x00, 0x04, 0x00, 0x00, 0x00, 0x09, 0x00, 0x00, 0x00, 0x0B, 
0x00, 0x00, 0x00, 0x08, 0x00, 0x00, 0x00, 0x01, 0x00, 0x00, 0x00, 0x00, 0x00, 0x00, 0x00, 0x3E, 
0x00, 0x00, 0x00, 0x07, 0x00, 0x00, 0x00, 0x09, 0x00, 0x00, 0x00, 0x0B, 0x00, 0x00, 0x00, 0x08, 
0x00, 0x00, 0x00, 0x01, 0x00, 0x00, 0x00, 0x00, 0x00, 0x00, 0x00, 0x3F, 0x00, 0x00, 0x00, 0x0B, 
0x00, 0x00, 0x00, 0x06, 0x00, 0x00, 0x00, 0x08, 0x00, 0x00, 0x00, 0x0B, 0x00, 0x00, 0x00, 0x01, 
0x00, 0x00, 0x00, 0x00, 0x00, 0x00, 0x00, 0x40, 0x00, 0x00, 0x00, 0x0F, 0x00, 0x00, 0x00, 0x0E, 
0x00, 0x00, 0x00, 0x0F, 0x00, 0x00, 0x00, 0x0B, 0x00, 0x00, 0x00, 0x01, 0x00, 0x00, 0x00, 0x00, 
0x00, 0x00, 0x00, 0x41, 0x00, 0x00, 0x00, 0x0B, 0x00, 0x00, 0x00, 0x0B, 0x00, 0x00, 0x00, 0x0A, 
0x00, 0x00, 0x00, 0x0B, 0xFF, 0xFF, 0xFF, 0xFF, 0x00, 0x00, 0x00, 0x00, 0x00, 0x00, 0x00, 0x42, 
0x00, 0x00, 0x00, 0x0B, 0x00, 0x00, 0x00, 0x0A, 0x00, 0x00, 0x00, 0x09, 0x00, 0x00, 0x00, 0x0B, 
0xFF, 0xFF, 0xFF, 0xFF, 0x00, 0x00, 0x00, 0x00, 0x00, 0x00, 0x00, 0x43, 0x00, 0x00, 0x00, 0x0B, 
0x00, 0x00, 0x00, 0x0A, 0x00, 0x00, 0x00, 0x0B, 0x00, 0x00, 0x00, 0x0B, 0x00, 0x00, 0x00, 0x01, 
0x00, 0x00, 0x00, 0x00, 0x00, 0x00, 0x00, 0x44, 0x00, 0x00, 0x00, 0x0B, 0x00, 0x00, 0x00, 0x0C, 
0x00, 0x00, 0x00, 0x0B, 0x00, 0x00, 0x00, 0x0B, 0xFF, 0xFF, 0xFF, 0xFF, 0x00, 0x00, 0x00, 0x00, 
0x00, 0x00, 0x00, 0x45, 0x00, 0x00, 0x00, 0x0B, 0x00, 0x00, 0x00, 0x0B, 0x00, 0x00, 0x00, 0x0A, 
0x00, 0x00, 0x00, 0x0B, 0xFF, 0xFF, 0xFF, 0xFF, 0x00, 0x00, 0x00, 0x00, 0x00, 0x00, 0x00, 0x46, 
0x00, 0x00, 0x00, 0x0B, 0x00, 0x00, 0x00, 0x0B, 0x00, 0x00, 0x00, 0x0A, 0x00, 0x00, 0x00, 0x0B, 
0xFF, 0xFF, 0xFF, 0xFF, 0x00, 0x00, 0x00, 0x00, 0x00, 0x00, 0x00, 0x47, 0x00, 0x00, 0x00, 0x0B, 
0x00, 0x00, 0x00, 0x0B, 0x00, 0x00, 0x00, 0x0C, 0x00, 0x00, 0x00, 0x0B, 0x00, 0x00, 0x00, 0x01, 
0x00, 0x00, 0x00, 0x00, 0x00, 0x00, 0x00, 0x48, 0x00, 0x00, 0x00, 0x0B, 0x00, 0x00, 0x00, 0x0E, 
0x00, 0x00, 0x00, 0x0B, 0x00, 0x00, 0x00, 0x0B, 0xFF, 0xFF, 0xFF, 0xFF, 0x00, 0x00, 0x00, 0x00, 
0x00, 0x00, 0x00, 0x49, 0x00, 0x00, 0x00, 0x0B, 0x00, 0x00, 0x00, 0x08, 0x00, 0x00, 0x00, 0x05, 
0x00, 0x00, 0x00, 0x0B, 0xFF, 0xFF, 0xFF, 0xFF, 0x00, 0x00, 0x00, 0x00, 0x00, 0x00, 0x00, 0x4A, 
0x00, 0x00, 0x00, 0x0B, 0x00, 0x00, 0x00, 0x09, 0x00, 0x00, 0x00, 0x07, 0x00, 0x00, 0x00, 0x0B, 
0x00, 0x00, 0x00, 0x00, 0x00, 0x00, 0x00, 0x00, 0x00, 0x00, 0x00, 0x4B, 0x00, 0x00, 0x00, 0x0B, 
0x00, 0x00, 0x00, 0x0D, 0x00, 0x00, 0x00, 0x0B, 0x00, 0x00, 0x00, 0x0B, 0xFF, 0xFF, 0xFF, 0xFF, 
0x00, 0x00, 0x00, 0x00, 0x00, 0x00, 0x00, 0x4C, 0x00, 0x00, 0x00, 0x0B, 0x00, 0x00, 0x00, 0x0A, 
0x00, 0x00, 0x00, 0x09, 0x00, 0x00, 0x00, 0x0B, 0xFF, 0xFF, 0xFF, 0xFF, 0x00, 0x00, 0x00, 0x00, 
0x00, 0x00, 0x00, 0x4D, 0x00, 0x00, 0x00, 0x0B, 0x00, 0x00, 0x00, 0x10, 0x00, 0x00, 0x00, 0x0D, 
0x00, 0x00, 0x00, 0x0B, 0xFF, 0xFF, 0xFF, 0xFF, 0x00, 0x00, 0x00, 0x00, 0x00, 0x00, 0x00, 0x4E, 
0x00, 0x00, 0x00, 0x0B, 0x00, 0x00, 0x00, 0x0E, 0x00, 0x00, 0x00, 0x0B, 0x00, 0x00, 0x00, 0x0B, 
0xFF, 0xFF, 0xFF, 0xFF, 0x00, 0x00, 0x00, 0x00, 0x00, 0x00, 0x00, 0x4F, 0x00, 0x00, 0x00, 0x0B, 
0x00, 0x00, 0x00, 0x0A, 0x00, 0x00, 0x00, 0x0B, 0x00, 0x00, 0x00, 0x0B, 0x00, 0x00, 0x00, 0x01, 
0x00, 0x00, 0x00, 0x00, 0x00, 0x00, 0x00, 0x50, 0x00, 0x00, 0x00, 0x0B, 0x00, 0x00, 0x00, 0x0B, 
0x00, 0x00, 0x00, 0x0A, 0x00, 0x00, 0x00, 0x0B, 0xFF, 0xFF, 0xFF, 0xFF, 0x00, 0x00, 0x00, 0x00, 
0x00, 0x00, 0x00, 0x51, 0x00, 0x00, 0x00, 0x0E, 0x00, 0x00, 0x00, 0x0A, 0x00, 0x00, 0x00, 0x0B, 
0x00, 0x00, 0x00, 0x0B, 0x00, 0x00, 0x00, 0x01, 0x00, 0x00, 0x00, 0x00, 0x00, 0x00, 0x00, 0x52, 
0x00, 0x00, 0x00, 0x0B, 0x00, 0x00, 0x00, 0x0B, 0x00, 0x00, 0x00, 0x09, 0x00, 0x00, 0x00, 0x0B, 
0xFF, 0xFF, 0xFF, 0xFF, 0x00, 0x00, 0x00, 0x00, 0x00, 0x00, 0x00, 0x53, 0x00, 0x00, 0x00, 0x0B, 
0x00, 0x00, 0x00, 0x09, 0x00, 0x00, 0x00, 0x08, 0x00, 0x00, 0x00, 0x0B, 0x00, 0x00, 0x00, 0x00, 
0x00, 0x00, 0x00, 0x00, 0x00, 0x00, 0x00, 0x54, 0x00, 0x00, 0x00, 0x0B, 0x00, 0x00, 0x00, 0x0B, 
0x00, 0x00, 0x00, 0x09, 0x00, 0x00, 0x00, 0x0B, 0x00, 0x00, 0x00, 0x01, 0x00, 0x00, 0x00, 0x00, 
0x00, 0x00, 0x00, 0x55, 0x00, 0x00, 0x00, 0x0B, 0x00, 0x00, 0x00, 0x0C, 0x00, 0x00, 0x00, 0x0C, 
0x00, 0x00, 0x00, 0x0B, 0x00, 0x00, 0x00, 0x02, 0x00, 0x00, 0x00, 0x00, 0x00, 0x00, 0x00, 0x56, 
0x00, 0x00, 0x00, 0x0B, 0x00, 0x00, 0x00, 0x0B, 0x00, 0x00, 0x00, 0x0A, 0x00, 0x00, 0x00, 0x0B, 
0x00, 0x00, 0x00, 0x01, 0x00, 0x00, 0x00, 0x00, 0x00, 0x00, 0x00, 0x57, 0x00, 0x00, 0x00, 0x0B, 
0x00, 0x00, 0x00, 0x0F, 0x00, 0x00, 0x00, 0x0D, 0x00, 0x00, 0x00, 0x0B, 0x00, 0x00, 0x00, 0x01, 
0x00, 0x00, 0x00, 0x00, 0x00, 0x00, 0x00, 0x58, 0x00, 0x00, 0x00, 0x0B, 0x00, 0x00, 0x00, 0x0E, 
0x00, 0x00, 0x00, 0x0A, 0x00, 0x00, 0x00, 0x0B, 0xFF, 0xFF, 0xFF, 0xFF, 0x00, 0x00, 0x00, 0x00, 
0x00, 0x00, 0x00, 0x59, 0x00, 0x00, 0x00, 0x0B, 0x00, 0x00, 0x00, 0x09, 0x00, 0x00, 0x00, 0x08, 
0x00, 0x00, 0x00, 0x0B, 0x00, 0x00, 0x00, 0x01, 0x00, 0x00, 0x00, 0x00, 0x00, 0x00, 0x00, 0x5A, 
0x00, 0x00, 0x00, 0x0B, 0x00, 0x00, 0x00, 0x09, 0x00, 0x00, 0x00, 0x09, 0x00, 0x00, 0x00, 0x0B, 
0x00, 0x00, 0x00, 0x00, 0x00, 0x00, 0x00, 0x00, 0x00, 0x00, 0x00, 0x5B, 0x00, 0x00, 0x00, 0x0E, 
0x00, 0x00, 0x00, 0x09, 0x00, 0x00, 0x00, 0x07, 0x00, 0x00, 0x00, 0x0B, 0x00, 0x00, 0x00, 0x00, 
0x00, 0x00, 0x00, 0x00, 0x00, 0x00, 0x00, 0x5C, 0x00, 0x00, 0x00, 0x0B, 0x00, 0x00, 0x00, 0x02, 
0x00, 0x00, 0x00, 0x04, 0x00, 0x00, 0x00, 0x0B, 0x00, 0x00, 0x00, 0x01, 0x00, 0x00, 0x00, 0x00, 
0x00, 0x00, 0x00, 0x5D, 0x00, 0x00, 0x00, 0x0E, 0x00, 0x00, 0x00, 0x08, 0x00, 0x00, 0x00, 0x07, 
0x00, 0x00, 0x00, 0x0B, 0xFF, 0xFF, 0xFF, 0xFF, 0x00, 0x00, 0x00, 0x00, 0x00, 0x00, 0x00, 0x5E, 
0x00, 0x00, 0x00, 0x06, 0x00, 0x00, 0x00, 0x07, 0x00, 0x00, 0x00, 0x07, 0x00, 0x00, 0x00, 0x0B, 
0x00, 0x00, 0x00, 0x00, 0x00, 0x00, 0x00, 0x00, 0x00, 0x00, 0x00, 0x5F, 0x00, 0x00, 0x00, 0x01, 
0x00, 0x00, 0x00, 0x08, 0x00, 0x00, 0x00, 0x08, 0xFF, 0xFF, 0xFF, 0xFE, 0x00, 0x00, 0x00, 0x00, 
0x00, 0x00, 0x00, 0x00, 0x00, 0x00, 0x00, 0x60, 0x00, 0x00, 0x00, 0x03, 0x00, 0x00, 0x00, 0x02, 
0x00, 0x00, 0x00, 0x05, 0x00, 0x00, 0x00, 0x0B, 0x00, 0x00, 0x00, 0x03, 0x00, 0x00, 0x00, 0x00, 
0x00, 0x00, 0x00, 0x61, 0x00, 0x00, 0x00, 0x07, 0x00, 0x00, 0x00, 0x08, 0x00, 0x00, 0x00, 0x08, 
0x00, 0x00, 0x00, 0x07, 0x00, 0x00, 0x00, 0x00, 0x00, 0x00, 0x00, 0x00, 0x00, 0x00, 0x00, 0x62, 
0x00, 0x00, 0x00, 0x0B, 0x00, 0x00, 0x00, 0x07, 0x00, 0x00, 0x00, 0x08, 0x00, 0x00, 0x00, 0x0B, 
0x00, 0x00, 0x00, 0x00, 0x00, 0x00, 0x00, 0x00, 0x00, 0x00, 0x00, 0x63, 0x00, 0x00, 0x00, 0x07, 
0x00, 0x00, 0x00, 0x06, 0x00, 0x00, 0x00, 0x07, 0x00, 0x00, 0x00, 0x07, 0x00, 0x00, 0x00, 0x00, 
0x00, 0x00, 0x00, 0x00, 0x00, 0x00, 0x00, 0x64, 0x00, 0x00, 0x00, 0x0B, 0x00, 0x00, 0x00, 0x09, 
0x00, 0x00, 0x00, 0x08, 0x00, 0x00, 0x00, 0x0B, 0x00, 0x00, 0x00, 0x00, 0x00, 0x00, 0x00, 0x00, 
0x00, 0x00, 0x00, 0x65, 0x00, 0x00, 0x00, 0x07, 0x00, 0x00, 0x00, 0x06, 0x00, 0x00, 0x00, 0x07, 
0x00, 0x00, 0x00, 0x07, 0x00, 0x00, 0x00, 0x00, 0x00, 0x00, 0x00, 0x00, 0x00, 0x00, 0x00, 0x66, 
0x00, 0x00, 0x00, 0x0E, 0x00, 0x00, 0x00, 0x0A, 0x00, 0x00, 0x00, 0x05, 0x00, 0x00, 0x00, 0x0B, 
0xFF, 0xFF, 0xFF, 0xFD, 0x00, 0x00, 0x00, 0x00, 0x00, 0x00, 0x00, 0x67, 0x00, 0x00, 0x00, 0x0A, 
0x00, 0x00, 0x00, 0x09, 0x00, 0x00, 0x00, 0x08, 0x00, 0x00, 0x00, 0x07, 0x00, 0x00, 0x00, 0x00, 
0x00, 0x00, 0x00, 0x00, 0x00, 0x00, 0x00, 0x68, 0x00, 0x00, 0x00, 0x0B, 0x00, 0x00, 0x00, 0x07, 
0x00, 0x00, 0x00, 0x08, 0x00, 0x00, 0x00, 0x0B, 0x00, 0x00, 0x00, 0x00, 0x00, 0x00, 0x00, 0x00, 
0x00, 0x00, 0x00, 0x69, 0x00, 0x00, 0x00, 0x0A, 0x00, 0x00, 0x00, 0x04, 0x00, 0x00, 0x00, 0x04, 
0x00, 0x00, 0x00, 0x0A, 0x00, 0x00, 0x00, 0x00, 0x00, 0x00, 0x00, 0x00, 0x00, 0x00, 0x00, 0x6A, 
0x00, 0x00, 0x00, 0x0D, 0x00, 0x00, 0x00, 0x08, 0x00, 0x00, 0x00, 0x05, 0x00, 0x00, 0x00, 0x0A, 
0xFF, 0xFF, 0xFF, 0xFD, 0x00, 0x00, 0x00, 0x00, 0x00, 0x00, 0x00, 0x6B, 0x00, 0x00, 0x00, 0x0B, 
0x00, 0x00, 0x00, 0x08, 0x00, 0x00, 0x00, 0x08, 0x00, 0x00, 0x00, 0x0B, 0x00, 0x00, 0x00, 0x00, 
0x00, 0x00, 0x00, 0x00, 0x00, 0x00, 0x00, 0x6C, 0x00, 0x00, 0x00, 0x0B, 0x00, 0x00, 0x00, 0x05, 
0x00, 0x00, 0x00, 0x04, 0x00, 0x00, 0x00, 0x0B, 0x00, 0x00, 0x00, 0x00, 0x00, 0x00, 0x00, 0x00, 
0x00, 0x00, 0x00, 0x6D, 0x00, 0x00, 0x00, 0x07, 0x00, 0x00, 0x00, 0x0B, 0x00, 0x00, 0x00, 0x0C, 
0x00, 0x00, 0x00, 0x07, 0x00, 0x00, 0x00, 0x00, 0x00, 0x00, 0x00, 0x00, 0x00, 0x00, 0x00, 0x6E, 
0x00, 0x00, 0x00, 0x07, 0x00, 0x00, 0x00, 0x07, 0x00, 0x00, 0x00, 0x08, 0x00, 0x00, 0x00, 0x07, 
0x00, 0x00, 0x00, 0x00, 0x00, 0x00, 0x00, 0x00, 0x00, 0x00, 0x00, 0x6F, 0x00, 0x00, 0x00, 0x07, 
0x00, 0x00, 0x00, 0x07, 0x00, 0x00, 0x00, 0x08, 0x00, 0x00, 0x00, 0x07, 0x00, 0x00, 0x00, 0x00, 
0x00, 0x00, 0x00, 0x00, 0x00, 0x00, 0x00, 0x70, 0x00, 0x00, 0x00, 0x0A, 0x00, 0x00, 0x00, 0x0A, 
0x00, 0x00, 0x00, 0x08, 0x00, 0x00, 0x00, 0x07, 0xFF, 0xFF, 0xFF, 0xFD, 0x00, 0x00, 0x00, 0x00, 
0x00, 0x00, 0x00, 0x71, 0x00, 0x00, 0x00, 0x0A, 0x00, 0x00, 0x00, 0x08, 0x00, 0x00, 0x00, 0x08, 
0x00, 0x00, 0x00, 0x07, 0x00, 0x00, 0x00, 0x00, 0x00, 0x00, 0x00, 0x00, 0x00, 0x00, 0x00, 0x72, 
0x00, 0x00, 0x00, 0x07, 0x00, 0x00, 0x00, 0x06, 0x00, 0x00, 0x00, 0x06, 0x00, 0x00, 0x00, 0x07, 
0x00, 0x00, 0x00, 0x00, 0x00, 0x00, 0x00, 0x00, 0x00, 0x00, 0x00, 0x73, 0x00, 0x00, 0x00, 0x07, 
0x00, 0x00, 0x00, 0x06, 0x00, 0x00, 0x00, 0x06, 0x00, 0x00, 0x00, 0x07, 0x00, 0x00, 0x00, 0x00, 
0x00, 0x00, 0x00, 0x00, 0x00, 0x00, 0x00, 0x74, 0x00, 0x00, 0x00, 0x09, 0x00, 0x00, 0x00, 0x04, 
0x00, 0x00, 0x00, 0x05, 0x00, 0x00, 0x00, 0x09, 0x00, 0x00, 0x00, 0x00, 0x00, 0x00, 0x00, 0x00, 
0x00, 0x00, 0x00, 0x75, 0x00, 0x00, 0x00, 0x07, 0x00, 0x00, 0x00, 0x07, 0x00, 0x00, 0x00, 0x08, 
0x00, 0x00, 0x00, 0x07, 0x00, 0x00, 0x00, 0x00, 0x00, 0x00, 0x00, 0x00, 0x00, 0x00, 0x00, 0x76, 
0x00, 0x00, 0x00, 0x07, 0x00, 0x00, 0x00, 0x07, 0x00, 0x00, 0x00, 0x08, 0x00, 0x00, 0x00, 0x07, 
0x00, 0x00, 0x00, 0x00, 0x00, 0x00, 0x00, 0x00, 0x00, 0x00, 0x00, 0x77, 0x00, 0x00, 0x00, 0x07, 
0x00, 0x00, 0x00, 0x0A, 0x00, 0x00, 0x00, 0x0B, 0x00, 0x00, 0x00, 0x07, 0x00, 0x00, 0x00, 0x00, 
0x00, 0x00, 0x00, 0x00, 0x00, 0x00, 0x00, 0x78, 0x00, 0x00, 0x00, 0x07, 0x00, 0x00, 0x00, 0x07, 
0x00, 0x00, 0x00, 0x08, 0x00, 0x00, 0x00, 0x07, 0x00, 0x00, 0x00, 0x00, 0x00, 0x00, 0x00, 0x00, 
0x00, 0x00, 0x00, 0x79, 0x00, 0x00, 0x00, 0x0A, 0x00, 0x00, 0x00, 0x09, 0x00, 0x00, 0x00, 0x07, 
0x00, 0x00, 0x00, 0x07, 0xFF, 0xFF, 0xFF, 0xFE, 0x00, 0x00, 0x00, 0x00, 0x00, 0x00, 0x00, 0x7A, 
0x00, 0x00, 0x00, 0x07, 0x00, 0x00, 0x00, 0x07, 0x00, 0x00, 0x00, 0x06, 0x00, 0x00, 0x00, 0x07, 
0xFF, 0xFF, 0xFF, 0xFF, 0x00, 0x00, 0x00, 0x00, 0x00, 0x00, 0x00, 0x7B, 0x00, 0x00, 0x00, 0x0E, 
0x00, 0x00, 0x00, 0x06, 0x00, 0x00, 0x00, 0x06, 0x00, 0x00, 0x00, 0x0B, 0x00, 0x00, 0x00, 0x01, 
0x00, 0x00, 0x00, 0x00, 0x00, 0x00, 0x00, 0x7C, 0x00, 0x00, 0x00, 0x0F, 0x00, 0x00, 0x00, 0x01, 
0x00, 0x00, 0x00, 0x05, 0x00, 0x00, 0x00, 0x0B, 0x00, 0x00, 0x00, 0x02, 0x00, 0x00, 0x00, 0x00, 
0x00, 0x00, 0x00, 0x7D, 0x00, 0x00, 0x00, 0x0E, 0x00, 0x00, 0x00, 0x06, 0x00, 0x00, 0x00, 0x06, 
0x00, 0x00, 0x00, 0x0B, 0xFF, 0xFF, 0xFF, 0xFF, 0x00, 0x00, 0x00, 0x00, 0x00, 0x00, 0x00, 0x7E, 
0x00, 0x00, 0x00, 0x02, 0x00, 0x00, 0x00, 0x08, 0x00, 0x00, 0x00, 0x09, 0x00, 0x00, 0x00, 0x05, 
0x00, 0x00, 0x00, 0x00, 0x00, 0x00, 0x00, 0x00, 0x00, 0x00, 0x00, 0xA0, 0x00, 0x00, 0x00, 0x01, 
0x00, 0x00, 0x00, 0x01, 0x00, 0x00, 0x00, 0x04, 0x00, 0x00, 0x00, 0x20, 0xFF, 0xFF, 0xFF, 0xF0, 
0x00, 0x00, 0x00, 0x00, 0x00, 0x00, 0x00, 0xA6, 0x00, 0x00, 0x00, 0x0F, 0x00, 0x00, 0x00, 0x01, 
0x00, 0x00, 0x00, 0x05, 0x00, 0x00, 0x00, 0x0B, 0x00, 0x00, 0x00, 0x02, 0x00, 0x00, 0x00, 0x00, 
0x00, 0x00, 0x00, 0xA7, 0x00, 0x00, 0x00, 0x0E, 0x00, 0x00, 0x00, 0x08, 0x00, 0x00, 0x00, 0x08, 
0x00, 0x00, 0x00, 0x0B, 0x00, 0x00, 0x00, 0x00, 0x00, 0x00, 0x00, 0x00, 0x00, 0x00, 0x00, 0xA9, 
0x00, 0x00, 0x00, 0x0B, 0x00, 0x00, 0x00, 0x0B, 0x00, 0x00, 0x00, 0x0B, 0x00, 0x00, 0x00, 0x0B, 
0x00, 0x00, 0x00, 0x00, 0x00, 0x00, 0x00, 0x00, 0x00, 0x00, 0x00, 0xAB, 0x00, 0x00, 0x00, 0x07, 
0x00, 0x00, 0x00, 0x08, 0x00, 0x00, 0x00, 0x08, 0x00, 0x00, 0x00, 0x07, 0x00, 0x00, 0x00, 0x01, 
0x00, 0x00, 0x00, 0x00, 0x00, 0x00, 0x00, 0xAD, 0x00, 0x00, 0x00, 0x01, 0x00, 0x00, 0x00, 0x05, 
0x00, 0x00, 0x00, 0x05, 0x00, 0x00, 0x00, 0x04, 0x00, 0x00, 0x00, 0x00, 0x00, 0x00, 0x00, 0x00, 
0x00, 0x00, 0x00, 0xAE, 0x00, 0x00, 0x00, 0x0B, 0x00, 0x00, 0x00, 0x0B, 0x00, 0x00, 0x00, 0x0C, 
0x00, 0x00, 0x00, 0x0B, 0x00, 0x00, 0x00, 0x01, 0x00, 0x00, 0x00, 0x00, 0x00, 0x00, 0x00, 0xB0, 
0x00, 0x00, 0x00, 0x05, 0x00, 0x00, 0x00, 0x05, 0x00, 0x00, 0x00, 0x07, 0x00, 0x00, 0x00, 0x0B, 
0x00, 0x00, 0x00, 0x02, 0x00, 0x00, 0x00, 0x00, 0x00, 0x00, 0x00, 0xB1, 0x00, 0x00, 0x00, 0x09, 
0x00, 0x00, 0x00, 0x09, 0x00, 0x00, 0x00, 0x09, 0x00, 0x00, 0x00, 0x0A, 0x00, 0x00, 0x00, 0x00, 
0x00, 0x00, 0x00, 0x00, 0x00, 0x00, 0x00, 0xB4, 0x00, 0x00, 0x00, 0x03, 0x00, 0x00, 0x00, 0x02, 
0x00, 0x00, 0x00, 0x06, 0x00, 0x00, 0x00, 0x0B, 0x00, 0x00, 0x00, 0x03, 0x00, 0x00, 0x00, 0x00, 
0x00, 0x00, 0x00, 0xB7, 0x00, 0x00, 0x00, 0x01, 0x00, 0x00, 0x00, 0x01, 0x00, 0x00, 0x00, 0x04, 
0x00, 0x00, 0x00, 0x05, 0x00, 0x00, 0x00, 0x02, 0x00, 0x00, 0x00, 0x00, 0x00, 0x00, 0x00, 0xBB, 
0x00, 0x00, 0x00, 0x07, 0x00, 0x00, 0x00, 0x08, 0x00, 0x00, 0x00, 0x08, 0x00, 0x00, 0x00, 0x07, 
0xFF, 0xFF, 0xFF, 0xFF, 0x00, 0x00, 0x00, 0x00, 0x00, 0x00, 0x00, 0xD7, 0x00, 0x00, 0x00, 0x06, 
0x00, 0x00, 0x00, 0x06, 0x00, 0x00, 0x00, 0x0B, 0x00, 0x00, 0x00, 0x08, 0x00, 0x00, 0x00, 0x03, 
0x00, 0x00, 0x00, 0x00, 0x00, 0x00, 0x00, 0xF7, 0x00, 0x00, 0x00, 0x07, 0x00, 0x00, 0x00, 0x09, 
0x00, 0x00, 0x00, 0x09, 0x00, 0x00, 0x00, 0x09, 0x00, 0x00, 0x00, 0x00, 0x00, 0x00, 0x00, 0x00, 
0x00, 0x00, 0x04, 0x01, 0x00, 0x00, 0x00, 0x0E, 0x00, 0x00, 0x00, 0x0C, 0x00, 0x00, 0x00, 0x0A, 
0x00, 0x00, 0x00, 0x0E, 0xFF, 0xFF, 0xFF, 0xFF, 0x00, 0x00, 0x00, 0x00, 0x00, 0x00, 0x04, 0x10, 
0x00, 0x00, 0x00, 0x0B, 0x00, 0x00, 0x00, 0x0B, 0x00, 0x00, 0x00, 0x0A, 0x00, 0x00, 0x00, 0x0B, 
0xFF, 0xFF, 0xFF, 0xFF, 0x00, 0x00, 0x00, 0x00, 0x00, 0x00, 0x04, 0x11, 0x00, 0x00, 0x00, 0x0B, 
0x00, 0x00, 0x00, 0x0B, 0x00, 0x00, 0x00, 0x09, 0x00, 0x00, 0x00, 0x0B, 0xFF, 0xFF, 0xFF, 0xFF, 
0x00, 0x00, 0x00, 0x00, 0x00, 0x00, 0x04, 0x12, 0x00, 0x00, 0x00, 0x0B, 0x00, 0x00, 0x00, 0x0A, 
0x00, 0x00, 0x00, 0x09, 0x00, 0x00, 0x00, 0x0B, 0xFF, 0xFF, 0xFF, 0xFF, 0x00, 0x00, 0x00, 0x00, 
0x00, 0x00, 0x04, 0x13, 0x00, 0x00, 0x00, 0x0B, 0x00, 0x00, 0x00, 0x0C, 0x00, 0x00, 0x00, 0x09, 
0x00, 0x00, 0x00, 0x0B, 0xFF, 0xFF, 0xFF, 0xFF, 0x00, 0x00, 0x00, 0x00, 0x00, 0x00, 0x04, 0x14, 
0x00, 0x00, 0x00, 0x0E, 0x00, 0x00, 0x00, 0x0E, 0x00, 0x00, 0x00, 0x0A, 0x00, 0x00, 0x00, 0x0B, 
0xFF, 0xFF, 0xFF, 0xFE, 0x00, 0x00, 0x00, 0x00, 0x00, 0x00, 0x04, 0x15, 0x00, 0x00, 0x00, 0x0B, 
0x00, 0x00, 0x00, 0x0B, 0x00, 0x00, 0x00, 0x0A, 0x00, 0x00, 0x00, 0x0B, 0xFF, 0xFF, 0xFF, 0xFF, 
0x00, 0x00, 0x00, 0x00, 0x00, 0x00, 0x04, 0x16, 0x00, 0x00, 0x00, 0x0B, 0x00, 0x00, 0x00, 0x11, 
0x00, 0x00, 0x00, 0x0F, 0x00, 0x00, 0x00, 0x0B, 0xFF, 0xFF, 0xFF, 0xFF, 0x00, 0x00, 0x00, 0x00, 
0x00, 0x00, 0x04, 0x17, 0x00, 0x00, 0x00, 0x0B, 0x00, 0x00, 0x00, 0x08, 0x00, 0x00, 0x00, 0x08, 
0x00, 0x00, 0x00, 0x0B, 0x00, 0x00, 0x00, 0x00, 0x00, 0x00, 0x00, 0x00, 0x00, 0x00, 0x04, 0x18, 
0x00, 0x00, 0x00, 0x0B, 0x00, 0x00, 0x00, 0x0E, 0x00, 0x00, 0x00, 0x0C, 0x00, 0x00, 0x00, 0x0B, 
0xFF, 0xFF, 0xFF, 0xFF, 0x00, 0x00, 0x00, 0x00, 0x00, 0x00, 0x04, 0x19, 0x00, 0x00, 0x00, 0x0F, 
0x00, 0x00, 0x00, 0x0E, 0x00, 0x00, 0x00, 0x0C, 0x00, 0x00, 0x00, 0x0F, 0xFF, 0xFF, 0xFF, 0xFF, 
0x00, 0x00, 0x00, 0x00, 0x00, 0x00, 0x04, 0x1A, 0x00, 0x00, 0x00, 0x0B, 0x00, 0x00, 0x00, 0x0D, 
0x00, 0x00, 0x00, 0x0B, 0x00, 0x00, 0x00, 0x0B, 0xFF, 0xFF, 0xFF, 0xFF, 0x00, 0x00, 0x00, 0x00, 
0x00, 0x00, 0x04, 0x1B, 0x00, 0x00, 0x00, 0x0B, 0x00, 0x00, 0x00, 0x0E, 0x00, 0x00, 0x00, 0x0B, 
0x00, 0x00, 0x00, 0x0B, 0xFF, 0xFF, 0xFF, 0xFF, 0x00, 0x00, 0x00, 0x00, 0x00, 0x00, 0x04, 0x1C, 
0x00, 0x00, 0x00, 0x0B, 0x00, 0x00, 0x00, 0x10, 0x00, 0x00, 0x00, 0x0D, 0x00, 0x00, 0x00, 0x0B, 
0xFF, 0xFF, 0xFF, 0xFF, 0x00, 0x00, 0x00, 0x00, 0x00, 0x00, 0x04, 0x1D, 0x00, 0x00, 0x00, 0x0B, 
0x00, 0x00, 0x00, 0x0E, 0x00, 0x00, 0x00, 0x0B, 0x00, 0x00, 0x00, 0x0B, 0xFF, 0xFF, 0xFF, 0xFF, 
0x00, 0x00, 0x00, 0x00, 0x00, 0x00, 0x04, 0x1E, 0x00, 0x00, 0x00, 0x0B, 0x00, 0x00, 0x00, 0x0A, 
0x00, 0x00, 0x00, 0x0B, 0x00, 0x00, 0x00, 0x0B, 0x00, 0x00, 0x00, 0x01, 0x00, 0x00, 0x00, 0x00, 
0x00, 0x00, 0x04, 0x1F, 0x00, 0x00, 0x00, 0x0B, 0x00, 0x00, 0x00, 0x0E, 0x00, 0x00, 0x00, 0x0C, 
0x00, 0x00, 0x00, 0x0B, 0xFF, 0xFF, 0xFF, 0xFF, 0x00, 0x00, 0x00, 0x00, 0x00, 0x00, 0x04, 0x20, 
0x00, 0x00, 0x00, 0x0B, 0x00, 0x00, 0x00, 0x0B, 0x00, 0x00, 0x00, 0x0A, 0x00, 0x00, 0x00, 0x0B, 
0xFF, 0xFF, 0xFF, 0xFF, 0x00, 0x00, 0x00, 0x00, 0x00, 0x00, 0x04, 0x21, 0x00, 0x00, 0x00, 0x0B, 
0x00, 0x00, 0x00, 0x0A, 0x00, 0x00, 0x00, 0x0B, 0x00, 0x00, 0x00, 0x0B, 0x00, 0x00, 0x00, 0x01, 
0x00, 0x00, 0x00, 0x00, 0x00, 0x00, 0x04, 0x22, 0x00, 0x00, 0x00, 0x0B, 0x00, 0x00, 0x00, 0x0B, 
0x00, 0x00, 0x00, 0x09, 0x00, 0x00, 0x00, 0x0B, 0x00, 0x00, 0x00, 0x01, 0x00, 0x00, 0x00, 0x00, 
0x00, 0x00, 0x04, 0x23, 0x00, 0x00, 0x00, 0x0B, 0x00, 0x00, 0x00, 0x0C, 0x00, 0x00, 0x00, 0x0B, 
0x00, 0x00, 0x00, 0x0B, 0x00, 0x00, 0x00, 0x01, 0x00, 0x00, 0x00, 0x00, 0x00, 0x00, 0x04, 0x24, 
0x00, 0x00, 0x00, 0x0B, 0x00, 0x00, 0x00, 0x0C, 0x00, 0x00, 0x00, 0x0D, 0x00, 0x00, 0x00, 0x0B, 
0x00, 0x00, 0x00, 0x01, 0x00, 0x00, 0x00, 0x00, 0x00, 0x00, 0x04, 0x25, 0x00, 0x00, 0x00, 0x0B, 
0x00, 0x00, 0x00, 0x0E, 0x00, 0x00, 0x00, 0x0A, 0x00, 0x00, 0x00, 0x0B, 0xFF, 0xFF, 0xFF, 0xFF, 
0x00, 0x00, 0x00, 0x00, 0x00, 0x00, 0x04, 0x26, 0x00, 0x00, 0x00, 0x0E, 0x00, 0x00, 0x00, 0x0E, 
0x00, 0x00, 0x00, 0x0C, 0x00, 0x00, 0x00, 0x0B, 0xFF, 0xFF, 0xFF, 0xFF, 0x00, 0x00, 0x00, 0x00, 
0x00, 0x00, 0x04, 0x27, 0x00, 0x00, 0x00, 0x0B, 0x00, 0x00, 0x00, 0x0C, 0x00, 0x00, 0x00, 0x0B, 
0x00, 0x00, 0x00, 0x0B, 0x00, 0x00, 0x00, 0x01, 0x00, 0x00, 0x00, 0x00, 0x00, 0x00, 0x04, 0x28, 
0x00, 0x00, 0x00, 0x0B, 0x00, 0x00, 0x00, 0x13, 0x00, 0x00, 0x00, 0x10, 0x00, 0x00, 0x00, 0x0B, 
0xFF, 0xFF, 0xFF, 0xFF, 0x00, 0x00, 0x00, 0x00, 0x00, 0x00, 0x04, 0x29, 0x00, 0x00, 0x00, 0x0E, 
0x00, 0x00, 0x00, 0x13, 0x00, 0x00, 0x00, 0x11, 0x00, 0x00, 0x00, 0x0B, 0xFF, 0xFF, 0xFF, 0xFF, 
0x00, 0x00, 0x00, 0x00, 0x00, 0x00, 0x04, 0x2A, 0x00, 0x00, 0x00, 0x0B, 0x00, 0x00, 0x00, 0x0A, 
0x00, 0x00, 0x00, 0x0B, 0x00, 0x00, 0x00, 0x0B, 0x00, 0x00, 0x00, 0x00, 0x00, 0x00, 0x00, 0x00, 
0x00, 0x00, 0x04, 0x2B, 0x00, 0x00, 0x00, 0x0B, 0x00, 0x00, 0x00, 0x11, 0x00, 0x00, 0x00, 0x0E, 
0x00, 0x00, 0x00, 0x0B, 0xFF, 0xFF, 0xFF, 0xFF, 0x00, 0x00, 0x00, 0x00, 0x00, 0x00, 0x04, 0x2C, 
0x00, 0x00, 0x00, 0x0B, 0x00, 0x00, 0x00, 0x0A, 0x00, 0x00, 0x00, 0x09, 0x00, 0x00, 0x00, 0x0B, 
0xFF, 0xFF, 0xFF, 0xFF, 0x00, 0x00, 0x00, 0x00, 0x00, 0x00, 0x04, 0x2D, 0x00, 0x00, 0x00, 0x0B, 
0x00, 0x00, 0x00, 0x0A, 0x00, 0x00, 0x00, 0x0A, 0x00, 0x00, 0x00, 0x0B, 0x00, 0x00, 0x00, 0x00, 
0x00, 0x00, 0x00, 0x00, 0x00, 0x00, 0x04, 0x2E, 0x00, 0x00, 0x00, 0x0B, 0x00, 0x00, 0x00, 0x12, 
0x00, 0x00, 0x00, 0x11, 0x00, 0x00, 0x00, 0x0B, 0xFF, 0xFF, 0xFF, 0xFF, 0x00, 0x00, 0x00, 0x00, 
0x00, 0x00, 0x04, 0x2F, 0x00, 0x00, 0x00, 0x0B, 0x00, 0x00, 0x00, 0x0D, 0x00, 0x00, 0x00, 0x0B, 
0x00, 0x00, 0x00, 0x0B, 0xFF, 0xFF, 0xFF, 0xFF, 0x00, 0x00, 0x00, 0x00, 0x00, 0x00, 0x04, 0x30, 
0x00, 0x00, 0x00, 0x07, 0x00, 0x00, 0x00, 0x08, 0x00, 0x00, 0x00, 0x08, 0x00, 0x00, 0x00, 0x07, 
0x00, 0x00, 0x00, 0x00, 0x00, 0x00, 0x00, 0x00, 0x00, 0x00, 0x04, 0x31, 0x00, 0x00, 0x00, 0x0C, 
0x00, 0x00, 0x00, 0x08, 0x00, 0x00, 0x00, 0x08, 0x00, 0x00, 0x00, 0x0C, 0x00, 0x00, 0x00, 0x00, 
0x00, 0x00, 0x00, 0x00, 0x00, 0x00, 0x04, 0x32, 0x00, 0x00, 0x00, 0x07, 0x00, 0x00, 0x00, 0x06, 
0x00, 0x00, 0x00, 0x07, 0x00, 0x00, 0x00, 0x07, 0x00, 0x00, 0x00, 0x00, 0x00, 0x00, 0x00, 0x00, 
0x00, 0x00, 0x04, 0x33, 0x00, 0x00, 0x00, 0x07, 0x00, 0x00, 0x00, 0x06, 0x00, 0x00, 0x00, 0x06, 
0x00, 0x00, 0x00, 0x07, 0x00, 0x00, 0x00, 0x00, 0x00, 0x00, 0x00, 0x00, 0x00, 0x00, 0x04, 0x34, 
0x00, 0x00, 0x00, 0x0B, 0x00, 0x00, 0x00, 0x07, 0x00, 0x00, 0x00, 0x08, 0x00, 0x00, 0x00, 0x0B, 
0x00, 0x00, 0x00, 0x00, 0x00, 0x00, 0x00, 0x00, 0x00, 0x00, 0x04, 0x35, 0x00, 0x00, 0x00, 0x07, 
0x00, 0x00, 0x00, 0x06, 0x00, 0x00, 0x00, 0x07, 0x00, 0x00, 0x00, 0x07, 0x00, 0x00, 0x00, 0x00, 
0x00, 0x00, 0x00, 0x00, 0x00, 0x00, 0x04, 0x36, 0x00, 0x00, 0x00, 0x07, 0x00, 0x00, 0x00, 0x0F, 
0x00, 0x00, 0x00, 0x0F, 0x00, 0x00, 0x00, 0x07, 0x00, 0x00, 0x00, 0x00, 0x00, 0x00, 0x00, 0x00, 
0x00, 0x00, 0x04, 0x37, 0x00, 0x00, 0x00, 0x07, 0x00, 0x00, 0x00, 0x05, 0x00, 0x00, 0x00, 0x06, 
0x00, 0x00, 0x00, 0x07, 0x00, 0x00, 0x00, 0x00, 0x00, 0x00, 0x00, 0x00, 0x00, 0x00, 0x04, 0x38, 
0x00, 0x00, 0x00, 0x07, 0x00, 0x00, 0x00, 0x07, 0x00, 0x00, 0x00, 0x08, 0x00, 0x00, 0x00, 0x07, 
0x00, 0x00, 0x00, 0x00, 0x00, 0x00, 0x00, 0x00, 0x00, 0x00, 0x04, 0x39, 0x00, 0x00, 0x00, 0x0A, 
0x00, 0x00, 0x00, 0x07, 0x00, 0x00, 0x00, 0x08, 0x00, 0x00, 0x00, 0x0A, 0x00, 0x00, 0x00, 0x00, 
0x00, 0x00, 0x00, 0x00, 0x00, 0x00, 0x04, 0x3A, 0x00, 0x00, 0x00, 0x07, 0x00, 0x00, 0x00, 0x07, 
0x00, 0x00, 0x00, 0x07, 0x00, 0x00, 0x00, 0x07, 0x00, 0x00, 0x00, 0x00, 0x00, 0x00, 0x00, 0x00, 
0x00, 0x00, 0x04, 0x3B, 0x00, 0x00, 0x00, 0x07, 0x00, 0x00, 0x00, 0x08, 0x00, 0x00, 0x00, 0x07, 
0x00, 0x00, 0x00, 0x07, 0xFF, 0xFF, 0xFF, 0xFF, 0x00, 0x00, 0x00, 0x00, 0x00, 0x00, 0x04, 0x3C, 
0x00, 0x00, 0x00, 0x07, 0x00, 0x00, 0x00, 0x0C, 0x00, 0x00, 0x00, 0x0A, 0x00, 0x00, 0x00, 0x07, 
0xFF, 0xFF, 0xFF, 0xFF, 0x00, 0x00, 0x00, 0x00, 0x00, 0x00, 0x04, 0x3D, 0x00, 0x00, 0x00, 0x07, 
0x00, 0x00, 0x00, 0x08, 0x00, 0x00, 0x00, 0x08, 0x00, 0x00, 0x00, 0x07, 0x00, 0x00, 0x00, 0x00, 
0x00, 0x00, 0x00, 0x00, 0x00, 0x00, 0x04, 0x3E, 0x00, 0x00, 0x00, 0x07, 0x00, 0x00, 0x00, 0x07, 
0x00, 0x00, 0x00, 0x08, 0x00, 0x00, 0x00, 0x07, 0x00, 0x00, 0x00, 0x00, 0x00, 0x00, 0x00, 0x00, 
0x00, 0x00, 0x04, 0x3F, 0x00, 0x00, 0x00, 0x07, 0x00, 0x00, 0x00, 0x07, 0x00, 0x00, 0x00, 0x08, 
0x00, 0x00, 0x00, 0x07, 0x00, 0x00, 0x00, 0x00, 0x00, 0x00, 0x00, 0x00, 0x00, 0x00, 0x04, 0x40, 
0x00, 0x00, 0x00, 0x0A, 0x00, 0x00, 0x00, 0x0A, 0x00, 0x00, 0x00, 0x08, 0x00, 0x00, 0x00, 0x07, 
0xFF, 0xFF, 0xFF, 0xFD, 0x00, 0x00, 0x00, 0x00, 0x00, 0x00, 0x04, 0x41, 0x00, 0x00, 0x00, 0x07, 
0x00, 0x00, 0x00, 0x06, 0x00, 0x00, 0x00, 0x07, 0x00, 0x00, 0x00, 0x07, 0x00, 0x00, 0x00, 0x00, 
0x00, 0x00, 0x00, 0x00, 0x00, 0x00, 0x04, 0x42, 0x00, 0x00, 0x00, 0x07, 0x00, 0x00, 0x00, 0x0B, 
0x00, 0x00, 0x00, 0x0C, 0x00, 0x00, 0x00, 0x07, 0x00, 0x00, 0x00, 0x00, 0x00, 0x00, 0x00, 0x00, 
0x00, 0x00, 0x04, 0x43, 0x00, 0x00, 0x00, 0x0A, 0x00, 0x00, 0x00, 0x09, 0x00, 0x00, 0x00, 0x07, 
0x00, 0x00, 0x00, 0x07, 0xFF, 0xFF, 0xFF, 0xFE, 0x00, 0x00, 0x00, 0x00, 0x00, 0x00, 0x04, 0x44, 
0x00, 0x00, 0x00, 0x0E, 0x00, 0x00, 0x00, 0x0A, 0x00, 0x00, 0x00, 0x0B, 0x00, 0x00, 0x00, 0x0B, 
0x00, 0x00, 0x00, 0x00, 0x00, 0x00, 0x00, 0x00, 0x00, 0x00, 0x04, 0x45, 0x00, 0x00, 0x00, 0x07, 
0x00, 0x00, 0x00, 0x07, 0x00, 0x00, 0x00, 0x08, 0x00, 0x00, 0x00, 0x07, 0x00, 0x00, 0x00, 0x00, 
0x00, 0x00, 0x00, 0x00, 0x00, 0x00, 0x04, 0x46, 0x00, 0x00, 0x00, 0x0A, 0x00, 0x00, 0x00, 0x07, 
0x00, 0x00, 0x00, 0x08, 0x00, 0x00, 0x00, 0x07, 0x00, 0x00, 0x00, 0x00, 0x00, 0x00, 0x00, 0x00, 
0x00, 0x00, 0x04, 0x47, 0x00, 0x00, 0x00, 0x07, 0x00, 0x00, 0x00, 0x06, 0x00, 0x00, 0x00, 0x08, 
0x00, 0x00, 0x00, 0x07, 0x00, 0x00, 0x00, 0x00, 0x00, 0x00, 0x00, 0x00, 0x00, 0x00, 0x04, 0x48, 
0x00, 0x00, 0x00, 0x07, 0x00, 0x00, 0x00, 0x0C, 0x00, 0x00, 0x00, 0x0C, 0x00, 0x00, 0x00, 0x07, 
0x00, 0x00, 0x00, 0x00, 0x00, 0x00, 0x00, 0x00, 0x00, 0x00, 0x04, 0x49, 0x00, 0x00, 0x00, 0x0A, 
0x00, 0x00, 0x00, 0x0C, 0x00, 0x00, 0x00, 0x0C, 0x00, 0x00, 0x00, 0x07, 0x00, 0x00, 0x00, 0x00, 
0x00, 0x00, 0x00, 0x00, 0x00, 0x00, 0x04, 0x4A, 0x00, 0x00, 0x00, 0x07, 0x00, 0x00, 0x00, 0x07, 
0x00, 0x00, 0x00, 0x08, 0x00, 0x00, 0x00, 0x07, 0x00, 0x00, 0x00, 0x00, 0x00, 0x00, 0x00, 0x00, 
0x00, 0x00, 0x04, 0x4B, 0x00, 0x00, 0x00, 0x07, 0x00, 0x00, 0x00, 0x0A, 0x00, 0x00, 0x00, 0x0B, 
0x00, 0x00, 0x00, 0x07, 0x00, 0x00, 0x00, 0x00, 0x00, 0x00, 0x00, 0x00, 0x00, 0x00, 0x04, 0x4C, 
0x00, 0x00, 0x00, 0x07, 0x00, 0x00, 0x00, 0x06, 0x00, 0x00, 0x00, 0x07, 0x00, 0x00, 0x00, 0x07, 
0x00, 0x00, 0x00, 0x00, 0x00, 0x00, 0x00, 0x00, 0x00, 0x00, 0x04, 0x4D, 0x00, 0x00, 0x00, 0x07, 
0x00, 0x00, 0x00, 0x06, 0x00, 0x00, 0x00, 0x07, 0x00, 0x00, 0x00, 0x07, 0x00, 0x00, 0x00, 0x00, 
0x00, 0x00, 0x00, 0x00, 0x00, 0x00, 0x04, 0x4E, 0x00, 0x00, 0x00, 0x07, 0x00, 0x00, 0x00, 0x0B, 
0x00, 0x00, 0x00, 0x0B, 0x00, 0x00, 0x00, 0x07, 0x00, 0x00, 0x00, 0x00, 0x00, 0x00, 0x00, 0x00, 
0x00, 0x00, 0x04, 0x4F, 0x00, 0x00, 0x00, 0x07, 0x00, 0x00, 0x00, 0x08, 0x00, 0x00, 0x00, 0x07, 
0x00, 0x00, 0x00, 0x07, 0xFF, 0xFF, 0xFF, 0xFF, 0x00, 0x00, 0x00, 0x00, 0x00, 0x00, 0x04, 0x51, 
0x00, 0x00, 0x00, 0x0C, 0x00, 0x00, 0x00, 0x08, 0x00, 0x00, 0x00, 0x07, 0x00, 0x00, 0x00, 0x0B, 
0x00, 0x00, 0x00, 0x00, 0x00, 0x00, 0x00, 0x00, 0x00, 0x00, 0x20, 0x0C, 0x00, 0x00, 0x00, 0x01, 
0x00, 0x00, 0x00, 0x01, 0x00, 0x00, 0x00, 0x00, 0x00, 0x00, 0x00, 0x20, 0xFF, 0xFF, 0xFF, 0xF0, 
0x00, 0x00, 0x00, 0x00, 0x00, 0x00, 0x20, 0x0D, 0x00, 0x00, 0x00, 0x01, 0x00, 0x00, 0x00, 0x01, 
0x00, 0x00, 0x00, 0x00, 0x00, 0x00, 0x00, 0x20, 0xFF, 0xFF, 0xFF, 0xF0, 0x00, 0x00, 0x00, 0x00, 
0x00, 0x00, 0x20, 0x0E, 0x00, 0x00, 0x00, 0x01, 0x00, 0x00, 0x00, 0x01, 0x00, 0x00, 0x00, 0x00, 
0x00, 0x00, 0x00, 0x20, 0xFF, 0xFF, 0xFF, 0xF0, 0x00, 0x00, 0x00, 0x00, 0x00, 0x00, 0x20, 0x0F, 
0x00, 0x00, 0x00, 0x01, 0x00, 0x00, 0x00, 0x01, 0x00, 0x00, 0x00, 0x00, 0x00, 0x00, 0x00, 0x20, 
0xFF, 0xFF, 0xFF, 0xF0, 0x00, 0x00, 0x00, 0x00, 0x00, 0x00, 0x20, 0x13, 0x00, 0x00, 0x00, 0x01, 
0x00, 0x00, 0x00, 0x08, 0x00, 0x00, 0x00, 0x08, 0x00, 0x00, 0x00, 0x05, 0x00, 0x00, 0x00, 0x00, 
0x00, 0x00, 0x00, 0x00, 0x00, 0x00, 0x20, 0x14, 0x00, 0x00, 0x00, 0x01, 0x00, 0x00, 0x00, 0x0E, 
0x00, 0x00, 0x00, 0x0E, 0x00, 0x00, 0x00, 0x05, 0x00, 0x00, 0x00, 0x00, 0x00, 0x00, 0x00, 0x00, 
0x00, 0x00, 0x20, 0x15, 0x00, 0x00, 0x00, 0x01, 0x00, 0x00, 0x00, 0x0F, 0x00, 0x00, 0x00, 0x10, 
0x00, 0x00, 0x00, 0x05, 0x00, 0x00, 0x00, 0x00, 0x00, 0x00, 0x00, 0x00, 0x00, 0x00, 0x20, 0x18, 
0x00, 0x00, 0x00, 0x04, 0x00, 0x00, 0x00, 0x03, 0x00, 0x00, 0x00, 0x05, 0x00, 0x00, 0x00, 0x0B, 
0x00, 0x00, 0x00, 0x03, 0x00, 0x00, 0x00, 0x00, 0x00, 0x00, 0x20, 0x19, 0x00, 0x00, 0x00, 0x04, 
0x00, 0x00, 0x00, 0x03, 0x00, 0x00, 0x00, 0x05, 0x00, 0x00, 0x00, 0x0B, 0x00, 0x00, 0x00, 0x03, 
0x00, 0x00, 0x00, 0x00, 0x00, 0x00, 0x20, 0x1A, 0x00, 0x00, 0x00, 0x04, 0x00, 0x00, 0x00, 0x03, 
0x00, 0x00, 0x00, 0x05, 0x00, 0x00, 0x00, 0x01, 0x00, 0x00, 0x00, 0x00, 0x00, 0x00, 0x00, 0x00, 
0x00, 0x00, 0x20, 0x1B, 0x00, 0x00, 0x00, 0x04, 0x00, 0x00, 0x00, 0x02, 0x00, 0x00, 0x00, 0x05, 
0x00, 0x00, 0x00, 0x0B, 0x00, 0x00, 0x00, 0x03, 0x00, 0x00, 0x00, 0x00, 0x00, 0x00, 0x20, 0x1C, 
0x00, 0x00, 0x00, 0x04, 0x00, 0x00, 0x00, 0x07, 0x00, 0x00, 0x00, 0x09, 0x00, 0x00, 0x00, 0x0B, 
0x00, 0x00, 0x00, 0x03, 0x00, 0x00, 0x00, 0x00, 0x00, 0x00, 0x20, 0x1D, 0x00, 0x00, 0x00, 0x04, 
0x00, 0x00, 0x00, 0x07, 0x00, 0x00, 0x00, 0x09, 0x00, 0x00, 0x00, 0x0B, 0x00, 0x00, 0x00, 0x03, 
0x00, 0x00, 0x00, 0x00, 0x00, 0x00, 0x20, 0x1E, 0x00, 0x00, 0x00, 0x04, 0x00, 0x00, 0x00, 0x07, 
0x00, 0x00, 0x00, 0x09, 0x00, 0x00, 0x00, 0x01, 0x00, 0x00, 0x00, 0x00, 0x00, 0x00, 0x00, 0x00, 
0x00, 0x00, 0x20, 0x28, 0x00, 0x00, 0x00, 0x01, 0x00, 0x00, 0x00, 0x01, 0x00, 0x00, 0x00, 0x00, 
0x00, 0x00, 0x00, 0x20, 0xFF, 0xFF, 0xFF, 0xF0, 0x00, 0x00, 0x00, 0x00, 0x00, 0x00, 0x20, 0x29, 
0x00, 0x00, 0x00, 0x01, 0x00, 0x00, 0x00, 0x01, 0x00, 0x00, 0x00, 0x00, 0x00, 0x00, 0x00, 0x20, 
0xFF, 0xFF, 0xFF, 0xF0, 0x00, 0x00, 0x00, 0x00, 0x00, 0x00, 0x20, 0x2A, 0x00, 0x00, 0x00, 0x01, 
0x00, 0x00, 0x00, 0x01, 0x00, 0x00, 0x00, 0x00, 0x00, 0x00, 0x00, 0x20, 0xFF, 0xFF, 0xFF, 0xF0, 
0x00, 0x00, 0x00, 0x00, 0x00, 0x00, 0x20, 0x2B, 0x00, 0x00, 0x00, 0x01, 0x00, 0x00, 0x00, 0x01, 
0x00, 0x00, 0x00, 0x00, 0x00, 0x00, 0x00, 0x20, 0xFF, 0xFF, 0xFF, 0xF0, 0x00, 0x00, 0x00, 0x00, 
0x00, 0x00, 0x20, 0x2C, 0x00, 0x00, 0x00, 0x01, 0x00, 0x00, 0x00, 0x01, 0x00, 0x00, 0x00, 0x00, 
0x00, 0x00, 0x00, 0x20, 0xFF, 0xFF, 0xFF, 0xF0, 0x00, 0x00, 0x00, 0x00, 0x00, 0x00, 0x20, 0x2D, 
0x00, 0x00, 0x00, 0x01, 0x00, 0x00, 0x00, 0x01, 0x00, 0x00, 0x00, 0x00, 0x00, 0x00, 0x00, 0x20, 
0xFF, 0xFF, 0xFF, 0xF0, 0x00, 0x00, 0x00, 0x00, 0x00, 0x00, 0x20, 0x2E, 0x00, 0x00, 0x00, 0x01, 
0x00, 0x00, 0x00, 0x01, 0x00, 0x00, 0x00, 0x00, 0x00, 0x00, 0x00, 0x20, 0xFF, 0xFF, 0xFF, 0xF0, 
0x00, 0x00, 0x00, 0x00, 0x00, 0x00, 0x20, 0x33, 0x00, 0x00, 0x00, 0x05, 0x00, 0x00, 0x00, 0x05, 
0x00, 0x00, 0x00, 0x07, 0x00, 0x00, 0x00, 0x0B, 0x00, 0x00, 0x00, 0x02, 0x00, 0x00, 0x00, 0x00, 
0x00, 0x00, 0x20, 0x39, 0x00, 0x00, 0x00, 0x07, 0x00, 0x00, 0x00, 0x05, 0x00, 0x00, 0x00, 0x05, 
0x00, 0x00, 0x00, 0x07, 0x00, 0x00, 0x00, 0x01, 0x00, 0x00, 0x00, 0x00, 0x00, 0x00, 0x20, 0x3A, 
0x00, 0x00, 0x00, 0x07, 0x00, 0x00, 0x00, 0x05, 0x00, 0x00, 0x00, 0x05, 0x00, 0x00, 0x00, 0x07, 
0xFF, 0xFF, 0xFF, 0xFF, 0x00, 0x00, 0x00, 0x00, 0x00, 0x00, 0x20, 0x44, 0x00, 0x00, 0x00, 0x0B, 
0x00, 0x00, 0x00, 0x09, 0x00, 0x00, 0x00, 0x03, 0x00, 0x00, 0x00, 0x0B, 0xFF, 0xFF, 0xFF, 0xFD, 
0x00, 0x00, 0x00, 0x00, 0x00, 0x00, 0x20, 0x6A, 0x00, 0x00, 0x00, 0x01, 0x00, 0x00, 0x00, 0x01, 
0x00, 0x00, 0x00, 0x00, 0x00, 0x00, 0x00, 0x20, 0xFF, 0xFF, 0xFF, 0xF0, 0x00, 0x00, 0x00, 0x00, 
0x00, 0x00, 0x20, 0x6B, 0x00, 0x00, 0x00, 0x01, 0x00, 0x00, 0x00, 0x01, 0x00, 0x00, 0x00, 0x00, 
0x00, 0x00, 0x00, 0x20, 0xFF, 0xFF, 0xFF, 0xF0, 0x00, 0x00, 0x00, 0x00, 0x00, 0x00, 0x20, 0x6C, 
0x00, 0x00, 0x00, 0x01, 0x00, 0x00, 0x00, 0x01, 0x00, 0x00, 0x00, 0x00, 0x00, 0x00, 0x00, 0x20, 
0xFF, 0xFF, 0xFF, 0xF0, 0x00, 0x00, 0x00, 0x00, 0x00, 0x00, 0x20, 0x6D, 0x00, 0x00, 0x00, 0x01, 
0x00, 0x00, 0x00, 0x01, 0x00, 0x00, 0x00, 0x00, 0x00, 0x00, 0x00, 0x20, 0xFF, 0xFF, 0xFF, 0xF0, 
0x00, 0x00, 0x00, 0x00, 0x00, 0x00, 0x20, 0x6E, 0x00, 0x00, 0x00, 0x01, 0x00, 0x00, 0x00, 0x01, 
0x00, 0x00, 0x00, 0x00, 0x00, 0x00, 0x00, 0x20, 0xFF, 0xFF, 0xFF, 0xF0, 0x00, 0x00, 0x00, 0x00, 
0x00, 0x00, 0x20, 0x6F, 0x00, 0x00, 0x00, 0x01, 0x00, 0x00, 0x00, 0x01, 0x00, 0x00, 0x00, 0x00, 
0x00, 0x00, 0x00, 0x20, 0xFF, 0xFF, 0xFF, 0xF0, 0x00, 0x00, 0x00, 0x00, 0x00, 0x00, 0x21, 0x90, 
0x00, 0x00, 0x00, 0x06, 0x00, 0x00, 0x00, 0x0E, 0x00, 0x00, 0x00, 0x10, 0x00, 0x00, 0x00, 0x07, 
0x00, 0x00, 0x00, 0x01, 0x00, 0x00, 0x00, 0x00, 0x00, 0x00, 0x21, 0x91, 0x00, 0x00, 0x00, 0x0E, 
0x00, 0x00, 0x00, 0x05, 0x00, 0x00, 0x00, 0x08, 0x00, 0x00, 0x00, 0x0A, 0x00, 0x00, 0x00, 0x01, 
0x00, 0x00, 0x00, 0x00, 0x00, 0x00, 0x21, 0x92, 0x00, 0x00, 0x00, 0x06, 0x00, 0x00, 0x00, 0x0E, 
0x00, 0x00, 0x00, 0x10, 0x00, 0x00, 0x00, 0x07, 0x00, 0x00, 0x00, 0x01, 0x00, 0x00, 0x00, 0x00, 
0x00, 0x00, 0x21, 0x93, 0x00, 0x00, 0x00, 0x0E, 0x00, 0x00, 0x00, 0x05, 0x00, 0x00, 0x00, 0x08, 
0x00, 0x00, 0x00, 0x0B, 0x00, 0x00, 0x00, 0x01, 0x00, 0x00, 0x00, 0x00, 0x00, 0x00, 0x21, 0x94, 
0x00, 0x00, 0x00, 0x05, 0x00, 0x00, 0x00, 0x0E, 0x00, 0x00, 0x00, 0x10, 0x00, 0x00, 0x00, 0x07, 
0x00, 0x00, 0x00, 0x01, 0x00, 0x00, 0x00, 0x00, 0x00, 0x00, 0x21, 0x95, 0x00, 0x00, 0x00, 0x0F, 
0x00, 0x00, 0x00, 0x05, 0x00, 0x00, 0x00, 0x08, 0x00, 0x00, 0x00, 0x0C, 0x00, 0x00, 0x00, 0x01, 
0x00, 0x00, 0x00, 0x00, 0x00, 0x00, 0x22, 0x12, 0x00, 0x00, 0x00, 0x01, 0x00, 0x00, 0x00, 0x09, 
0x00, 0x00, 0x00, 0x0B, 0x00, 0x00, 0x00, 0x06, 0x00, 0x00, 0x00, 0x01, 0x00, 0x00, 0x00, 0x00, 
0x00, 0x00, 0x22, 0x15, 0x00, 0x00, 0x00, 0x0B, 0x00, 0x00, 0x00, 0x09, 0x00, 0x00, 0x00, 0x03, 
0x00, 0x00, 0x00, 0x0B, 0xFF, 0xFF, 0xFF, 0xFD, 0x00, 0x00, 0x00, 0x00, 0x00, 0x00, 0x22, 0x19, 
0x00, 0x00, 0x00, 0x01, 0x00, 0x00, 0x00, 0x01, 0x00, 0x00, 0x00, 0x04, 0x00, 0x00, 0x00, 0x05, 
0x00, 0x00, 0x00, 0x02, 0x00, 0x00, 0x00, 0x00, 0x00, 0x00, 0x22, 0x1A, 0x00, 0x00, 0x00, 0x0F, 
0x00, 0x00, 0x00, 0x09, 0x00, 0x00, 0x00, 0x09, 0x00, 0x00, 0x00, 0x0E, 0x00, 0x00, 0x00, 0x00, 
0x00, 0x00, 0x00, 0x00, 0x00, 0x00, 0x22, 0x1E, 0x00, 0x00, 0x00, 0x07, 0x00, 0x00, 0x00, 0x0B, 
0x00, 0x00, 0x00, 0x0C, 0x00, 0x00, 0x00, 0x07, 0x00, 0x00, 0x00, 0x00, 0x00, 0x00, 0x00, 0x00, 
0x00, 0x00, 0x22, 0x48, 0x00, 0x00, 0x00, 0x06, 0x00, 0x00, 0x00, 0x09, 0x00, 0x00, 0x00, 0x08, 
0x00, 0x00, 0x00, 0x08, 0x00, 0x00, 0x00, 0x00, 0x00, 0x00, 0x00, 0x00, 0x00, 0x00, 0x22, 0x60, 
0x00, 0x00, 0x00, 0x0D, 0x00, 0x00, 0x00, 0x09, 0x00, 0x00, 0x00, 0x09, 0x00, 0x00, 0x00, 0x0B, 
0x00, 0x00, 0x00, 0x00, 0x00, 0x00, 0x00, 0x00, 0x00, 0x00, 0x26, 0x3A, 0x00, 0x00, 0x00, 0x0B, 
0x00, 0x00, 0x00, 0x0B, 0x00, 0x00, 0x00, 0x10, 0x00, 0x00, 0x00, 0x0A, 0x00, 0x00, 0x00, 0x03, 
0x00, 0x00, 0x00, 0x00, 0x00, 0x00, 0x26, 0x3B, 0x00, 0x00, 0x00, 0x0B, 0x00, 0x00, 0x00, 0x0B, 
0x00, 0x00, 0x00, 0x11, 0x00, 0x00, 0x00, 0x0A, 0x00, 0x00, 0x00, 0x03, 0x00, 0x00, 0x00, 0x00, 
0x00, 0x00, 0x26, 0x3C, 0x00, 0x00, 0x00, 0x0F, 0x00, 0x00, 0x00, 0x0F, 0x00, 0x00, 0x00, 0x0F, 
0x00, 0x00, 0x00, 0x0D, 0x00, 0x00, 0x00, 0x00, 0x00, 0x00, 0x00, 0x00, 0x00, 0x00, 0x26, 0x40, 
0x00, 0x00, 0x00, 0x10, 0x00, 0x00, 0x00, 0x0A, 0x00, 0x00, 0x00, 0x0C, 0x00, 0x00, 0x00, 0x0C, 
0x00, 0x00, 0x00, 0x01, 0x00, 0x00, 0x00, 0x00, 0x00, 0x00, 0x26, 0x42, 0x00, 0x00, 0x00, 0x10, 
0x00, 0x00, 0x00, 0x0C, 0x00, 0x00, 0x00, 0x0C, 0x00, 0x00, 0x00, 0x0D, 0x00, 0x00, 0x00, 0x00, 
0x00, 0x00, 0x00, 0x00, 0x00, 0x00, 0x26, 0x60, 0x00, 0x00, 0x00, 0x0A, 0x00, 0x00, 0x00, 0x08, 
0x00, 0x00, 0x00, 0x08, 0x00, 0x00, 0x00, 0x0A, 0x00, 0x00, 0x00, 0x00, 0x00, 0x00, 0x00, 0x00, 
0x00, 0x00, 0x26, 0x63, 0x00, 0x00, 0x00, 0x0A, 0x00, 0x00, 0x00, 0x0B, 0x00, 0x00, 0x00, 0x0B, 
0x00, 0x00, 0x00, 0x0A, 0x00, 0x00, 0x00, 0x00, 0x00, 0x00, 0x00, 0x00, 0x00, 0x00, 0x26, 0x65, 
0x00, 0x00, 0x00, 0x0B, 0x00, 0x00, 0x00, 0x09, 0x00, 0x00, 0x00, 0x09, 0x00, 0x00, 0x00, 0x0A, 
0x00, 0x00, 0x00, 0x00, 0x00, 0x00, 0x00, 0x00, 0x00, 0x00, 0x26, 0x66, 0x00, 0x00, 0x00, 0x0B, 
0x00, 0x00, 0x00, 0x08, 0x00, 0x00, 0x00, 0x08, 0x00, 0x00, 0x00, 0x0A, 0x00, 0x00, 0x00, 0x00, 
0x00, 0x00, 0x00, 0x00, 0x00, 0x00, 0x26, 0x6A, 0x00, 0x00, 0x00, 0x0C, 0x00, 0x00, 0x00, 0x08, 
0x00, 0x00, 0x00, 0x08, 0x00, 0x00, 0x00, 0x0B, 0x00, 0x00, 0x00, 0x00, 0x00, 0x00, 0x00, 0x00, 
0x00, 0x00, 0x26, 0x6B, 0x00, 0x00, 0x00, 0x0D, 0x00, 0x00, 0x00, 0x0B, 0x00, 0x00, 0x00, 0x0C, 
0x00, 0x00, 0x00, 0x0C, 0x00, 0x00, 0x00, 0x00, 0x00, 0x00, 0x00, 0x00, 0x00, 0x00, 0x26, 0x6F, 
0x00, 0x00, 0x00, 0x0D, 0x00, 0x00, 0x00, 0x0A, 0x00, 0x00, 0x00, 0x08, 0x00, 0x00, 0x00, 0x0B, 
0xFF, 0xFF, 0xFF, 0xFF, 0x00, 0x00, 0x00, 0x00, 0x00, 0x00, 0x00, 0x00, 0x00, 0x00, 0x00, 0x00, 
0x00, 0xAC, 0x00, 0x06, 0xEC, 0x00, 0x21, 0xD4, 0x00, 0x3D, 0xB4, 0x00, 0x58, 0x93, 0x00, 0x75, 
0x70, 0x00, 0x97, 0x4B, 0x00, 0xBE, 0x2B, 0x00, 0xEA, 0x0E, 0x00, 0x00, 0x00, 0xB4, 0x00, 0x00, 
0x4E, 0xDA, 0x00, 0x51, 0xDB, 0xA6, 0xC1, 0x00, 0xA9, 0xC1, 0xC4, 0x5C, 0x00, 0xC8, 0x47, 0xC8, 
0x07, 0x00, 0xC5, 0x03, 0x7D, 0x00, 0x00, 0x80, 0x00, 0x00, 0x00, 0x23, 0xD8, 0x00, 0x00, 0x23, 
0xD8, 0x00, 0x00, 0x6A, 0x92, 0x00, 0x00, 0x6A, 0x92, 0x00, 0x00, 0xB0, 0x4C, 0x00, 0x00, 0xB0, 
0x4C, 0x00, 0x04, 0xEB, 0x0C, 0x00, 0x04, 0xEB, 0x0C, 0xFF, 0xFF, 0xFF, 0xFF, 0xFF, 0xFF, 0xFF, 
0xFF, 0x00, 0x80, 0x7C, 0x00, 0x00, 0x80, 0x7C, 0x00, 0x00, 0xC5, 0x36, 0x00, 0x00, 0xC5, 0x36, 
0x00, 0xFF, 0xFF, 0xFF, 0xFF, 0xFF, 0xFF, 0xFF, 0xFF, 0x53, 0xA8, 0x00, 0x00, 0x53, 0xA8, 0x00, 
0x00, 0x98, 0x63, 0x00, 0x00, 0x98, 0x63, 0x00, 0x00, 0xDD, 0x1E, 0x00, 0x00, 0xDD, 0x1E, 0x00, 
0x00, 0x00, 0x00, 0x00, 0x00, 0x26, 0xD6, 0x00, 0x00, 0x0D, 0x96, 0xEB, 0xFF, 0xE3, 0x55, 0x00, 
0xA9, 0x92, 0x0F, 0xAE, 0x9F, 0xFF, 0x00, 0xF2, 0x0E, 0x02, 0xDC, 0x0B, 0xFD, 0x00, 0xC6, 0x8E, 
0x37, 0xA0, 0x00, 0x00, 0x00, 0x29, 0xE7, 0xF2, 0x62, 0x00, 0x00, 0x00, 0x00, 0x17, 0xE2, 0xED, 
0x2A, 0x00, 0x00, 0x00, 0x05, 0xED, 0x69, 0xB9, 0x00, 0x00, 0x00, 0x3D, 0xBF, 0x00, 0xF1, 0x00, 
0xF2, 0x00, 0x7F, 0x7C, 0x1E, 0xE3, 0x00, 0xFF, 0x6B, 0xC3, 0x41, 0xA6, 0x83, 0x00, 0x60, 0xDF, 
0xFF, 0xED, 0x96, 0x07, 0x00, 0x00, 0x46, 0xB5, 0x00, 0x00, 0x00, 0x00, 0x00, 0x53, 0xDF, 0xE8, 
0x47, 0x00, 0x00, 0x00, 0x00, 0x17, 0xC5, 0x22, 0x3C, 0xF3, 0x4A, 0x30, 0xDB, 0x00, 0x00, 0x00, 
0x0E, 0xC0, 0x31, 0x00, 0xC0, 0x7D, 0x00, 0x21, 0xF2, 0x00, 0x00, 0x07, 0xB7, 0x41, 0x00, 0x00, 
0xF2, 0x1F, 0x00, 0x84, 0xC2, 0x00, 0x02, 0xA9, 0x53, 0x00, 0x00, 0x00, 0xDB, 0x2D, 0x4C, 0xF7, 
0x41, 0x00, 0x96, 0x69, 0x00, 0x00, 0x00, 0x00, 0x47, 0xE6, 0xE4, 0x5B, 0x00, 0x80, 0x7F, 0x00, 
0x53, 0xE0, 0xE6, 0x46, 0x00, 0x00, 0x00, 0x00, 0x69, 0x96, 0x00, 0x39, 0xF4, 0x4B, 0x30, 0xDA, 
0x00, 0x00, 0x00, 0x53, 0xA9, 0x02, 0x00, 0xBD, 0x83, 0x00, 0x20, 0xF5, 0x00, 0x00, 0x41, 0xB7, 
0x07, 0x00, 0x00, 0xF0, 0x21, 0x00, 0x85, 0xC4, 0x00, 0x31, 0xC0, 0x0E, 0x00, 0x00, 0x00, 0xDE, 
0x2E, 0x4C, 0xF7, 0x47, 0x23, 0xC5, 0x17, 0x00, 0x00, 0x00, 0x00, 0x49, 0xE7, 0xDE, 0x55, 0x00, 
0x00, 0x00, 0x00, 0x00, 0x0E, 0xAD, 0xF2, 0x8C, 0x00, 0x00, 0x00, 0x00, 0x00, 0x00, 0x00, 0x00, 
0x92, 0x60, 0x37, 0xF4, 0x00, 0x00, 0x00, 0x00, 0x00, 0x00, 0x00, 0x00, 0xE3, 0x08, 0x2B, 0xB6, 
0x00, 0x00, 0x00, 0x00, 0x00, 0x00, 0x00, 0x00, 0xFD, 0x47, 0x9E, 0x1A, 0x00, 0x00, 0x00, 0x00, 
0x00, 0x00, 0x08, 0x5B, 0xFF, 0x4B, 0x00, 0x00, 0x00, 0x00, 0x00, 0x00, 0x00, 0x5E, 0x8F, 0x28, 
0xD9, 0x55, 0x00, 0x00, 0xDC, 0xFF, 0xFF, 0x74, 0x5E, 0x8D, 0x00, 0x00, 0x8A, 0xA9, 0x00, 0x00, 
0x7C, 0xA7, 0x2D, 0x04, 0xDB, 0x14, 0x00, 0x00, 0x26, 0xF8, 0x1D, 0x66, 0x7C, 0x00, 0x00, 0x00, 
0xF5, 0x28, 0x00, 0x00, 0x00, 0xA3, 0xDF, 0x72, 0x00, 0x00, 0x00, 0x00, 0xBC, 0xCC, 0x35, 0x07, 
0x17, 0x69, 0xFF, 0x9A, 0x13, 0x66, 0xB6, 0x00, 0x21, 0xB8, 0xF3, 0xE7, 0xB7, 0x48, 0x60, 0xD3, 
0xF5, 0xC0, 0x16, 0x00, 0x50, 0xDA, 0xA7, 0xC1, 0xC4, 0x5C, 0xC8, 0x07, 0x7D, 0x00, 0x00, 0x00, 
0x00, 0x00, 0x0C, 0x4F, 0x00, 0x00, 0x00, 0x21, 0x6A, 0x01, 0x00, 0x00, 0x29, 0x9E, 0x02, 0x00, 
0x00, 0x18, 0xD9, 0x1D, 0x00, 0x00, 0x00, 0xB8, 0x85, 0x00, 0x00, 0x00, 0x45, 0xFD, 0x1E, 0x00, 
0x00, 0x00, 0xA5, 0xBB, 0x00, 0x00, 0x00, 0x00, 0xDF, 0x76, 0x00, 0x00, 0x00, 0x00, 0xF9, 0x37, 
0x00, 0x00, 0x00, 0x00, 0xF3, 0x18, 0x00, 0x00, 0x00, 0x00, 0xDB, 0x07, 0x00, 0x00, 0x00, 0x00, 
0xB2, 0x27, 0x00, 0x00, 0x00, 0x00, 0x72, 0x6D, 0x00, 0x00, 0x00, 0x00, 0x27, 0xC7, 0x00, 0x00, 
0x00, 0x00, 0x00, 0x00, 0x00, 0x00, 0xC6, 0x26, 0x00, 0x00, 0x00, 0x00, 0x6F, 0x72, 0x00, 0x00, 
0x00, 0x00, 0x29, 0xB1, 0x00, 0x00, 0x00, 0x00, 0x08, 0xDA, 0x00, 0x00, 0x00, 0x00, 0x19, 0xF2, 
0x00, 0x00, 0x00, 0x00, 0x37, 0xF8, 0x00, 0x00, 0x00, 0x00, 0x74, 0xDE, 0x00, 0x00, 0x00, 0x00, 
0xB8, 0xA4, 0x00, 0x00, 0x00, 0x1B, 0xFC, 0x44, 0x00, 0x00, 0x00, 0x81, 0xB8, 0x00, 0x00, 0x00, 
0x1A, 0xD7, 0x18, 0x00, 0x00, 0x01, 0x99, 0x29, 0x00, 0x00, 0x00, 0x63, 0x21, 0x00, 0x00, 0x00, 
0x48, 0x0C, 0x00, 0x00, 0x00, 0x00, 0x00, 0x00, 0x26, 0xED, 0x31, 0x00, 0x00, 0xD6, 0xB4, 0x2C, 
0xFF, 0x34, 0xB4, 0xD5, 0x34, 0x33, 0x87, 0xFF, 0x8A, 0x33, 0x2F, 0x3B, 0x4C, 0x83, 0xFF, 0x89, 
0x39, 0x31, 0xD2, 0xB2, 0x2C, 0xFF, 0x30, 0xB3, 0xD6, 0x00, 0x00, 0x2B, 0xED, 0x31, 0x00, 0x00, 
0x00, 0x00, 0x00, 0x00, 0xFF, 0x00, 0x00, 0x00, 0x00, 0x00, 0x00, 0x00, 0x00, 0xFF, 0x00, 0x00, 
0x00, 0x00, 0x00, 0x00, 0x00, 0x00, 0xFF, 0x00, 0x00, 0x00, 0x00, 0x00, 0x00, 0x00, 0x00, 0xFF, 
0x00, 0x00, 0x00, 0x00, 0xFF, 0xFF, 0xFF, 0xFF, 0xFF, 0xFF, 0xFF, 0xFF, 0xFF, 0x00, 0x00, 0x00, 
0x00, 0xFF, 0x00, 0x00, 0x00, 0x00, 0x00, 0x00, 0x00, 0x00, 0xFF, 0x00, 0x00, 0x00, 0x00, 0x00, 
0x00, 0x00, 0x00, 0xFF, 0x00, 0x00, 0x00, 0x00, 0x00, 0x00, 0x00, 0x00, 0xFF, 0x00, 0x00, 0x00, 
0x00, 0x00, 0xCA, 0xBD, 0x00, 0x52, 0xE6, 0x2A, 0xA6, 0x66, 0xC0, 0x57, 0x00, 0xD8, 0xFF, 0xFF, 
0xFF, 0x29, 0xC5, 0xC4, 0xC7, 0xC5, 0x00, 0x00, 0x00, 0x00, 0x20, 0xC0, 0x00, 0x00, 0x00, 0x00, 
0x93, 0x51, 0x00, 0x00, 0x00, 0x14, 0xD0, 0x02, 0x00, 0x00, 0x00, 0x82, 0x68, 0x00, 0x00, 0x00, 
0x0B, 0xD8, 0x09, 0x00, 0x00, 0x00, 0x70, 0x7F, 0x00, 0x00, 0x00, 0x05, 0xD8, 0x14, 0x00, 0x00, 
0x00, 0x5F, 0x97, 0x00, 0x00, 0x00, 0x01, 0xD2, 0x25, 0x00, 0x00, 0x00, 0x4D, 0xAE, 0x00, 0x00, 
0x00, 0x00, 0xC4, 0x3A, 0x00, 0x00, 0x00, 0x00, 0x00, 0x00, 0x1F, 0xB4, 0xF2, 0xBC, 0x18, 0x00, 
0x18, 0xE1, 0x7E, 0x0E, 0x5F, 0xA0, 0x00, 0xBA, 0x78, 0x00, 0x00, 0x05, 0xE4, 0x54, 0xC6, 0x01, 
0x00, 0x00, 0x0D, 0xF9, 0xAB, 0x5B, 0x00, 0x00, 0x00, 0x27, 0xE9, 0xD8, 0x1F, 0x00, 0x00, 0x00, 
0x4D, 0xC1, 0xF0, 0x10, 0x00, 0x00, 0x00, 0x7D, 0x80, 0xFA, 0x06, 0x00, 0x00, 0x00, 0xB6, 0x21, 
0xE5, 0x03, 0x00, 0x00, 0x38, 0x9D, 0x00, 0xA1, 0x5A, 0x0C, 0x6D, 0xCF, 0x13, 0x00, 0x19, 0xBD, 
0xF2, 0xB5, 0x1D, 0x00, 0x00, 0x00, 0x00, 0x00, 0x28, 0xF6, 0xFF, 0x39, 0x00, 0x00, 0x00, 0x00, 
0x16, 0xEC, 0x02, 0x00, 0x00, 0x00, 0x00, 0x5A, 0xA3, 0x00, 0x00, 0x00, 0x00, 0x00, 0xA5, 0x58, 
0x00, 0x00, 0x00, 0x00, 0x03, 0xE9, 0x11, 0x00, 0x00, 0x00, 0x00, 0x3C, 0xC2, 0x00, 0x00, 0x00, 
0x00, 0x00, 0x87, 0x77, 0x00, 0x00, 0x00, 0x00, 0x00, 0xD2, 0x2C, 0x00, 0x00, 0x00, 0x00, 0x1E, 
0xE0, 0x00, 0x00, 0x00, 0x00, 0x0C, 0xA0, 0x73, 0x04, 0x00, 0x00, 0x26, 0xFF, 0xFF, 0xFF, 0xA5, 
0x00, 0x00, 0x00, 0x00, 0x14, 0xAD, 0xF3, 0xCD, 0x2B, 0x00, 0x00, 0xB4, 0x7C, 0x10, 0x88, 0xCA, 
0x00, 0x00, 0x00, 0x00, 0x00, 0x0F, 0xF4, 0x00, 0x00, 0x00, 0x00, 0x00, 0x16, 0xCF, 0x00, 0x00, 
0x00, 0x00, 0x00, 0x68, 0x6A, 0x00, 0x00, 0x00, 0x00, 0x19, 0xB1, 0x03, 0x00, 0x00, 0x00, 0x08, 
0xA1, 0x16, 0x00, 0x00, 0x00, 0x04, 0x92, 0x20, 0x00, 0x00, 0x00, 0x03, 0x90, 0x27, 0x00, 0x00, 
0x00, 0x07, 0x95, 0x28, 0x00, 0x49, 0xC8, 0x00, 0xBC, 0xFF, 0xFF, 0xFF, 0xFF, 0x5A, 0x00, 0x00, 
0x00, 0x23, 0xCD, 0xEC, 0x52, 0x00, 0x00, 0xC2, 0x62, 0x4C, 0xE1, 0x00, 0x00, 0x00, 0x00, 0x0A, 
0xEB, 0x00, 0x00, 0x00, 0x00, 0x5B, 0x6D, 0x00, 0x00, 0x27, 0x6A, 0x54, 0x00, 0x00, 0x00, 0xFF, 
0xE3, 0x3B, 0x00, 0x00, 0x00, 0x14, 0x5B, 0xCB, 0x00, 0x00, 0x00, 0x00, 0x00, 0xE2, 0x00, 0x00, 
0x00, 0x00, 0x13, 0xC2, 0x00, 0xD4, 0x59, 0x0C, 0x8C, 0x43, 0x00, 0xA5, 0xF6, 0xD0, 0x4B, 0x00, 
0x00, 0x00, 0x00, 0x00, 0x00, 0x00, 0x2F, 0xF5, 0x5F, 0x00, 0x00, 0x00, 0x00, 0x14, 0xCD, 0xFE, 
0x26, 0x00, 0x00, 0x00, 0x05, 0xBB, 0x64, 0xED, 0x00, 0x00, 0x00, 0x00, 0x97, 0x67, 0x58, 0xB5, 
0x00, 0x00, 0x00, 0x68, 0x92, 0x00, 0x8B, 0x7D, 0x00, 0x00, 0x3E, 0xB5, 0x03, 0x00, 0xBF, 0x44, 
0x00, 0x0C, 0xC4, 0x10, 0x00, 0x01, 0xEE, 0x0E, 0x00, 0x57, 0xFF, 0xFF, 0xFF, 0xFF, 0xFF, 0xE3, 
0x00, 0x00, 0x00, 0x00, 0x00, 0x61, 0x9A, 0x00, 0x00, 0x00, 0x00, 0x00, 0x00, 0x9A, 0x61, 0x00, 
0x00, 0x00, 0x00, 0x00, 0x00, 0xD3, 0x28, 0x00, 0x00, 0x00, 0x00, 0x00, 0x98, 0xFF, 0xFF, 0xA1, 
0x00, 0x00, 0x10, 0xF0, 0x0F, 0x00, 0x00, 0x00, 0x00, 0x74, 0xC1, 0x00, 0x00, 0x00, 0x00, 0x02, 
0xDE, 0xC5, 0x5B, 0x00, 0x00, 0x00, 0x00, 0x19, 0x65, 0xEB, 0x38, 0x00, 0x00, 0x00, 0x00, 0x00, 
0x5B, 0xD7, 0x00, 0x00, 0x00, 0x00, 0x00, 0x0D, 0xF5, 0x00, 0x00, 0x00, 0x00, 0x00, 0x17, 0xC8, 
0x00, 0x00, 0x00, 0x00, 0x00, 0x63, 0x5F, 0x00, 0x98, 0x6D, 0x0A, 0x4E, 0x92, 0x01, 0x00, 0xA9, 
0xF7, 0xD7, 0x69, 0x00, 0x00, 0x00, 0x00, 0x00, 0x00, 0x00, 0x42, 0x95, 0xCC, 0x00, 0x00, 0x08, 
0x98, 0x5B, 0x00, 0x00, 0x00, 0x06, 0xBC, 0x4C, 0x00, 0x00, 0x00, 0x00, 0x91, 0xE6, 0xE6, 0xC7, 
0x1F, 0x00, 0x29, 0xF6, 0x44, 0x0C, 0x8F, 0xB1, 0x00, 0x8D, 0xA7, 0x00, 0x00, 0x0E, 0xEF, 0x00, 
0xD5, 0x4E, 0x00, 0x00, 0x00, 0xE4, 0x00, 0xF4, 0x14, 0x00, 0x00, 0x0B, 0xC8, 0x00, 0xEC, 0x0A, 
0x00, 0x00, 0x79, 0x74, 0x00, 0xA5, 0x7D, 0x0C, 0x6C, 0xCF, 0x07, 0x00, 0x18, 0xBE, 0xF5, 0xB3, 
0x18, 0x00, 0x00, 0x40, 0xFF, 0xFF, 0xFF, 0xFF, 0xFF, 0xD4, 0xC0, 0x7A, 0x0C, 0x00, 0x00, 0xB0, 
0x49, 0x00, 0x00, 0x00, 0x00, 0x3E, 0xBA, 0x00, 0x00, 0x00, 0x00, 0x01, 0xC8, 0x2E, 0x00, 0x00, 
0x00, 0x00, 0x5B, 0x9D, 0x00, 0x00, 0x00, 0x00, 0x08, 0xD6, 0x1A, 0x00, 0x00, 0x00, 0x00, 0x78, 
0x80, 0x00, 0x00, 0x00, 0x00, 0x15, 0xD8, 0x0B, 0x00, 0x00, 0x00, 0x00, 0x95, 0x63, 0x00, 0x00, 
0x00, 0x00, 0x27, 0xCE, 0x02, 0x00, 0x00, 0x00, 0x00, 0x94, 0x47, 0x00, 0x00, 0x00, 0x00, 0x00, 
0x00, 0x00, 0x1A, 0xB6, 0xF3, 0xCC, 0x30, 0x00, 0x00, 0xB7, 0x68, 0x0A, 0x70, 0xD3, 0x00, 0x00, 
0xF3, 0x0F, 0x00, 0x0A, 0xF0, 0x00, 0x00, 0xCC, 0x50, 0x00, 0x47, 0x94, 0x00, 0x00, 0x4D, 0xEB, 
0x72, 0x73, 0x04, 0x00, 0x1A, 0x6E, 0x89, 0xEB, 0x22, 0x00, 0x30, 0xA6, 0x06, 0x00, 0x59, 0xAA, 
0x00, 0xC4, 0x2C, 0x00, 0x00, 0x0D, 0xF3, 0x00, 0xF3, 0x0C, 0x00, 0x00, 0x15, 0xDC, 0x00, 0xB3, 
0x8F, 0x10, 0x1E, 0xA6, 0x43, 0x00, 0x17, 0xAE, 0xF1, 0xB3, 0x23, 0x00, 0x00, 0x00, 0x00, 0x15, 
0xB0, 0xF4, 0xBC, 0x16, 0x00, 0x07, 0xCC, 0x6C, 0x0C, 0x7D, 0xA2, 0x00, 0x73, 0x85, 0x00, 0x00, 
0x0A, 0xEB, 0x00, 0xCD, 0x16, 0x00, 0x00, 0x0E, 0xF4, 0x00, 0xEE, 0x00, 0x00, 0x00, 0x22, 0xD5, 
0x00, 0xF0, 0x0C, 0x00, 0x00, 0x4C, 0x8C, 0x00, 0xB1, 0x83, 0x0A, 0x2C, 0xA4, 0x29, 0x00, 0x22, 
0xCB, 0xEC, 0xE8, 0x92, 0x00, 0x00, 0x00, 0x00, 0x3E, 0xBC, 0x06, 0x00, 0x01, 0x0F, 0x5E, 0x92, 
0x09, 0x00, 0x00, 0xEC, 0xB1, 0x41, 0x00, 0x00, 0x00, 0x00, 0x00, 0x00, 0xC3, 0xC3, 0x00, 0x00, 
0xC3, 0xC3, 0x00, 0x00, 0x00, 0x00, 0x00, 0x00, 0x00, 0x00, 0x00, 0x00, 0x00, 0x00, 0xC3, 0xC3, 
0x00, 0x00, 0xC3, 0xC3, 0x00, 0x00, 0x00, 0x00, 0x00, 0x00, 0x00, 0x00, 0x2A, 0x7F, 0xD4, 0x00, 
0x00, 0x00, 0x2A, 0x7F, 0xD4, 0xCE, 0x7A, 0x25, 0x2A, 0x7F, 0xD3, 0xC9, 0x75, 0x21, 0x00, 0x00, 
0x00, 0xFF, 0xD8, 0x3A, 0x00, 0x00, 0x00, 0x00, 0x00, 0x00, 0x2B, 0x80, 0xD4, 0xC7, 0x73, 0x1F, 
0x00, 0x00, 0x00, 0x00, 0x00, 0x00, 0x2B, 0x80, 0xD4, 0xCA, 0x76, 0x22, 0x00, 0x00, 0x00, 0x00, 
0x00, 0x00, 0x2B, 0x80, 0xD5, 0xFF, 0xFF, 0xFF, 0xFF, 0xFF, 0xFF, 0xFF, 0xFF, 0xFF, 0x00, 0x00, 
0x00, 0x00, 0x00, 0x00, 0x00, 0x00, 0x00, 0x00, 0x00, 0x00, 0x00, 0x00, 0x00, 0x00, 0x00, 0x00, 
0xFF, 0xFF, 0xFF, 0xFF, 0xFF, 0xFF, 0xFF, 0xFF, 0xFF, 0xD5, 0x7F, 0x2A, 0x00, 0x00, 0x00, 0x00, 
0x00, 0x00, 0x2A, 0x7E, 0xD2, 0xD4, 0x7F, 0x2A, 0x00, 0x00, 0x00, 0x00, 0x00, 0x00, 0x25, 0x79, 
0xCD, 0xD4, 0x7F, 0x2A, 0x00, 0x00, 0x00, 0x00, 0x00, 0x00, 0x42, 0xDD, 0xFF, 0x00, 0x00, 0x00, 
0x25, 0x78, 0xCC, 0xD4, 0x80, 0x2A, 0x29, 0x7D, 0xD1, 0xD5, 0x80, 0x2A, 0x00, 0x00, 0x00, 0xD5, 
0x80, 0x2A, 0x00, 0x00, 0x00, 0x00, 0x00, 0x00, 0x00, 0x32, 0xCE, 0xF4, 0xBB, 0x1E, 0x00, 0xD4, 
0x34, 0x0A, 0x7C, 0xBE, 0x00, 0xCC, 0x00, 0x00, 0x06, 0xF0, 0x00, 0x00, 0x00, 0x00, 0x06, 0x98, 
0x00, 0x00, 0x00, 0x29, 0xC4, 0x34, 0x00, 0x00, 0x5E, 0xE0, 0x37, 0x00, 0x00, 0x65, 0xDA, 0x22, 
0x00, 0x00, 0x00, 0xC8, 0x19, 0x00, 0x00, 0x00, 0x00, 0xD3, 0x00, 0x00, 0x00, 0x00, 0x00, 0x00, 
0x00, 0x00, 0x00, 0x00, 0xB4, 0x00, 0x00, 0x00, 0x00, 0x00, 0x00, 0x00, 0x00, 0x04, 0x5D, 0xB9, 
0xEC, 0xF9, 0xE0, 0x9F, 0x30, 0x00, 0x00, 0x00, 0x00, 0x00, 0x1C, 0xCA, 0xBD, 0x4F, 0x1C, 0x09, 
0x29, 0x7F, 0xF0, 0x66, 0x00, 0x00, 0x00, 0x1B, 0xE6, 0x72, 0x00, 0x00, 0x00, 0x00, 0x00, 0x00, 
0x2C, 0xED, 0x32, 0x00, 0x01, 0xBC, 0x84, 0x00, 0x00, 0x42, 0xD9, 0xC8, 0x18, 0x8E, 0x1B, 0x74, 
0xA2, 0x00, 0x42, 0xDE, 0x07, 0x00, 0x3E, 0xE0, 0x37, 0x3D, 0xDF, 0xC5, 0x00, 0x1E, 0xE3, 0x00, 
0xA2, 0x7D, 0x00, 0x08, 0xDE, 0x44, 0x00, 0x0A, 0xFF, 0x69, 0x00, 0x08, 0xF7, 0x00, 0xD7, 0x31, 
0x00, 0x68, 0xBA, 0x00, 0x00, 0x38, 0xF9, 0x12, 0x00, 0x27, 0xDD, 0x00, 0xF4, 0x11, 0x00, 0xC0, 
0x4F, 0x00, 0x00, 0x89, 0xAB, 0x00, 0x00, 0x7B, 0x95, 0x00, 0xED, 0x0C, 0x00, 0xEF, 0x0E, 0x00, 
0x25, 0xF2, 0x4C, 0x00, 0x1B, 0xEA, 0x2A, 0x00, 0xCD, 0x2E, 0x00, 0xEF, 0x39, 0x33, 0x70, 0xF4, 
0x1F, 0x44, 0xDD, 0x75, 0x00, 0x00, 0x7F, 0x83, 0x00, 0x7D, 0xEF, 0x82, 0x01, 0xBE, 0xF6, 0xC8, 
0x53, 0x00, 0x1A, 0xB1, 0x1C, 0xE1, 0x1B, 0x00, 0x00, 0x00, 0x00, 0x00, 0x00, 0x00, 0x00, 0x02, 
0xA7, 0x2B, 0x00, 0x60, 0xC8, 0x14, 0x00, 0x00, 0x00, 0x00, 0x00, 0x00, 0x09, 0xA8, 0x50, 0x00, 
0x00, 0x00, 0x61, 0xD8, 0x59, 0x0B, 0x00, 0x07, 0x28, 0x70, 0xC9, 0x44, 0x00, 0x00, 0x00, 0x00, 
0x00, 0x1D, 0x82, 0xCE, 0xE7, 0xF6, 0xD1, 0x80, 0x13, 0x00, 0x00, 0x00, 0x00, 0x00, 0x00, 0x00, 
0x00, 0x00, 0x00, 0x1C, 0xF2, 0x00, 0x00, 0x00, 0x00, 0x00, 0x00, 0x00, 0x00, 0x00, 0xA3, 0xFF, 
0x00, 0x00, 0x00, 0x00, 0x00, 0x00, 0x00, 0x00, 0x5B, 0x72, 0xFF, 0x00, 0x00, 0x00, 0x00, 0x00, 
0x00, 0x00, 0x15, 0xC9, 0x06, 0xFF, 0x00, 0x00, 0x00, 0x00, 0x00, 0x00, 0x00, 0xA7, 0x57, 0x00, 
0xFF, 0x00, 0x00, 0x00, 0x00, 0x00, 0x00, 0x4C, 0xC9, 0x01, 0x00, 0xFF, 0x00, 0x00, 0x00, 0x00, 
0x00, 0x0E, 0xE4, 0xFF, 0xFF, 0xFF, 0xFF, 0x00, 0x00, 0x00, 0x00, 0x00, 0x99, 0x4E, 0x00, 0x00, 
0x00, 0xFF, 0x00, 0x00, 0x00, 0x00, 0x3F, 0xBB, 0x00, 0x00, 0x00, 0x07, 0xFA, 0x00, 0x00, 0x12, 
0x68, 0xE4, 0x21, 0x00, 0x00, 0x03, 0x5F, 0xFC, 0x28, 0x00, 0xE6, 0xFF, 0xFF, 0xA5, 0x00, 0x00, 
0x90, 0xFF, 0xFF, 0xFF, 0x45, 0x00, 0x00, 0x00, 0x6A, 0xFF, 0xFF, 0xFF, 0xF5, 0xB2, 0x1D, 0x00, 
0x00, 0x00, 0x00, 0x4F, 0xE3, 0x0A, 0x15, 0x8F, 0xBF, 0x00, 0x00, 0x00, 0x00, 0x5D, 0x96, 0x00, 
0x00, 0x0E, 0xF6, 0x00, 0x00, 0x00, 0x00, 0xAB, 0x48, 0x00, 0x00, 0x41, 0xCA, 0x00, 0x00, 0x00, 
0x07, 0xE6, 0x09, 0x19, 0x5B, 0xD9, 0x3C, 0x00, 0x00, 0x00, 0x49, 0xFF, 0xFF, 0xFF, 0xDE, 0x22, 
0x00, 0x00, 0x00, 0x00, 0x98, 0x5D, 0x07, 0x22, 0x74, 0x93, 0x00, 0x00, 0x00, 0x01, 0xDF, 0x10, 
0x00, 0x00, 0x01, 0xDF, 0x00, 0x00, 0x00, 0x36, 0xB6, 0x00, 0x00, 0x00, 0x37, 0xDE, 0x00, 0x00, 
0x0F, 0xB3, 0x6E, 0x03, 0x1A, 0x67, 0xE8, 0x68, 0x00, 0x26, 0xFF, 0xFF, 0xFF, 0xFE, 0xF4, 0xC2, 
0x55, 0x00, 0x00, 0x00, 0x00, 0x00, 0x3F, 0xAF, 0xE6, 0xE8, 0x6E, 0x43, 0xDF, 0x00, 0x04, 0x8D, 
0x89, 0x34, 0x0C, 0x22, 0xBB, 0xFF, 0x9F, 0x00, 0x8E, 0x6A, 0x00, 0x00, 0x00, 0x00, 0x2A, 0xFF, 
0x5F, 0x30, 0xDD, 0x02, 0x00, 0x00, 0x00, 0x00, 0x04, 0xFF, 0x1F, 0x93, 0x80, 0x00, 0x00, 0x00, 
0x00, 0x00, 0x00, 0x00, 0x00, 0xD8, 0x30, 0x00, 0x00, 0x00, 0x00, 0x00, 0x00, 0x00, 0x00, 0xF5, 
0x0B, 0x00, 0x00, 0x00, 0x00, 0x00, 0x00, 0x00, 0x00, 0xED, 0x19, 0x00, 0x00, 0x00, 0x00, 0x00, 
0x00, 0x00, 0x00, 0xB0, 0x6F, 0x00, 0x00, 0x00, 0x00, 0x07, 0x72, 0x00, 0x00, 0x2F, 0xEE, 0x73, 
0x1B, 0x0A, 0x40, 0xAC, 0x1C, 0x00, 0x00, 0x00, 0x34, 0xB9, 0xF1, 0xEC, 0xA8, 0x1F, 0x00, 0x00, 
0x00, 0x00, 0x00, 0x00, 0x58, 0xFF, 0xFF, 0xFF, 0xF9, 0xE0, 0x9E, 0x18, 0x00, 0x00, 0x00, 0x00, 
0x00, 0x57, 0xDF, 0x04, 0x04, 0x1B, 0x65, 0xD4, 0x13, 0x00, 0x00, 0x00, 0x00, 0x60, 0x92, 0x00, 
0x00, 0x00, 0x00, 0x6C, 0x8F, 0x00, 0x00, 0x00, 0x00, 0xAB, 0x45, 0x00, 0x00, 0x00, 0x00, 0x1F, 
0xDF, 0x00, 0x00, 0x00, 0x07, 0xE5, 0x06, 0x00, 0x00, 0x00, 0x00, 0x06, 0xF9, 0x00, 0x00, 0x00, 
0x49, 0xAB, 0x00, 0x00, 0x00, 0x00, 0x00, 0x18, 0xE6, 0x00, 0x00, 0x00, 0x99, 0x5F, 0x00, 0x00, 
0x00, 0x00, 0x00, 0x4F, 0xA9, 0x00, 0x00, 0x01, 0xE3, 0x15, 0x00, 0x00, 0x00, 0x00, 0x00, 0xB9, 
0x43, 0x00, 0x00, 0x37, 0xC5, 0x00, 0x00, 0x00, 0x00, 0x04, 0x8D, 0x9E, 0x00, 0x00, 0x0F, 0xB4, 
0x79, 0x05, 0x1B, 0x34, 0x6D, 0xD5, 0x95, 0x03, 0x00, 0x32, 0xFF, 0xFF, 0xFF, 0xFF, 0xF9, 0xE3, 
0xAB, 0x3F, 0x00, 0x00, 0x00, 0x00, 0x00, 0x00, 0x58, 0xFF, 0xFF, 0xFF, 0xFF, 0xFF, 0xFF, 0xFF, 
0x00, 0x00, 0x00, 0x00, 0x56, 0xE2, 0x00, 0x00, 0x00, 0x32, 0xFF, 0x00, 0x00, 0x00, 0x00, 0x5C, 
0x91, 0x00, 0x00, 0x00, 0x00, 0xF8, 0x00, 0x00, 0x00, 0x00, 0xA9, 0x40, 0x00, 0x14, 0xE5, 0x00, 
0x00, 0x00, 0x00, 0x00, 0x06, 0xDE, 0x03, 0x00, 0x62, 0xB2, 0x00, 0x00, 0x00, 0x00, 0x00, 0x49, 
0xFF, 0xFF, 0xFF, 0xFF, 0x7F, 0x00, 0x00, 0x00, 0x00, 0x00, 0x99, 0x60, 0x00, 0x18, 0xF6, 0x4C, 
0x00, 0x00, 0x00, 0x00, 0x01, 0xE4, 0x15, 0x00, 0x00, 0xED, 0x19, 0x00, 0x00, 0x00, 0x00, 0x39, 
0xC6, 0x00, 0x00, 0x00, 0x00, 0x4C, 0xCA, 0x00, 0x00, 0x0E, 0xB4, 0x83, 0x00, 0x00, 0x0D, 0x53, 
0xEE, 0x5F, 0x00, 0x2A, 0xFF, 0xFF, 0xFF, 0xFF, 0xFF, 0xFF, 0xFF, 0xEC, 0x08, 0x00, 0x00, 0x00, 
0x00, 0x5C, 0xFF, 0xFF, 0xFF, 0xFF, 0xFF, 0xFF, 0xFF, 0x00, 0x00, 0x00, 0x01, 0x58, 0xDB, 0x00, 
0x00, 0x00, 0x26, 0xFF, 0x00, 0x00, 0x00, 0x00, 0x5F, 0x8B, 0x00, 0x00, 0x00, 0x00, 0xF5, 0x00, 
0x00, 0x00, 0x00, 0xA9, 0x3B, 0x00, 0x19, 0xE5, 0x00, 0x00, 0x00, 0x00, 0x00, 0x06, 0xDB, 0x02, 
0x00, 0x6A, 0xB2, 0x00, 0x00, 0x00, 0x00, 0x00, 0x48, 0xFF, 0xFF, 0xFF, 0xFF, 0x7F, 0x00, 0x00, 
0x00, 0x00, 0x00, 0x98, 0x5D, 0x00, 0x27, 0xFD, 0x4C, 0x00, 0x00, 0x00, 0x00, 0x01, 0xE3, 0x14, 
0x00, 0x00, 0xF0, 0x19, 0x00, 0x00, 0x00, 0x00, 0x36, 0xC5, 0x00, 0x00, 0x00, 0x00, 0x00, 0x00, 
0x00, 0x00, 0x0E, 0xB3, 0x82, 0x02, 0x00, 0x00, 0x00, 0x00, 0x00, 0x00, 0x2A, 0xFF, 0xFF, 0xFF, 
0x8F, 0x00, 0x00, 0x00, 0x00, 0x00, 0x00, 0x00, 0x00, 0x00, 0x32, 0x9D, 0xE1, 0xF6, 0xCB, 0x4C, 
0x49, 0xDF, 0x00, 0x03, 0x8A, 0xC8, 0x5A, 0x19, 0x08, 0x34, 0xC8, 0xFF, 0x9F, 0x00, 0x98, 0x77, 
0x01, 0x00, 0x00, 0x00, 0x00, 0x1A, 0xFE, 0x5F, 0x36, 0xA2, 0x00, 0x00, 0x00, 0x00, 0x00, 0x00, 
0x00, 0xF6, 0x1F, 0x89, 0x4C, 0x00, 0x00, 0x00, 0x00, 0x00, 0x00, 0x00, 0x00, 0x00, 0xC0, 0x1F, 
0x00, 0x00, 0x00, 0x00, 0x76, 0xFF, 0xFF, 0xFF, 0x91, 0xF1, 0x07, 0x00, 0x00, 0x00, 0x00, 0x00, 
0x32, 0xFF, 0x59, 0x02, 0xE4, 0x1B, 0x00, 0x00, 0x00, 0x00, 0x00, 0x2B, 0xD9, 0x00, 0x00, 0x93, 
0x6E, 0x00, 0x00, 0x00, 0x00, 0x00, 0x70, 0x8C, 0x00, 0x00, 0x12, 0xCE, 0x65, 0x1C, 0x04, 0x00, 
0x00, 0xBB, 0x41, 0x00, 0x00, 0x00, 0x12, 0x8C, 0xDB, 0xF7, 0xEE, 0xBE, 0x97, 0x05, 0x00, 0x00, 
0x00, 0x00, 0x00, 0x60, 0xFF, 0xFF, 0xFF, 0x6F, 0x00, 0x62, 0xFF, 0xFF, 0xFF, 0x63, 0x00, 0x00, 
0x00, 0x01, 0x56, 0xF0, 0x32, 0x01, 0x00, 0x00, 0x55, 0xF0, 0x33, 0x01, 0x00, 0x00, 0x00, 0x00, 
0x60, 0x90, 0x00, 0x00, 0x00, 0x00, 0x67, 0x8E, 0x00, 0x00, 0x00, 0x00, 0x00, 0x00, 0xAC, 0x41, 
0x00, 0x00, 0x00, 0x00, 0xB5, 0x3F, 0x00, 0x00, 0x00, 0x00, 0x00, 0x07, 0xE4, 0x05, 0x00, 0x00, 
0x00, 0x0C, 0xE7, 0x04, 0x00, 0x00, 0x00, 0x00, 0x00, 0x4A, 0xFF, 0xFF, 0xFF, 0xFF, 0xFF, 0xFF, 
0xA7, 0x00, 0x00, 0x00, 0x00, 0x00, 0x00, 0x99, 0x59, 0x00, 0x00, 0x00, 0x00, 0xA2, 0x5B, 0x00, 
0x00, 0x00, 0x00, 0x00, 0x01, 0xE3, 0x12, 0x00, 0x00, 0x00, 0x02, 0xE7, 0x12, 0x00, 0x00, 0x00, 
0x00, 0x00, 0x38, 0xC3, 0x00, 0x00, 0x00, 0x00, 0x39, 0xC3, 0x00, 0x00, 0x00, 0x00, 0x00, 0x0F, 
0xB5, 0x85, 0x02, 0x00, 0x00, 0x0E, 0xB4, 0x85, 0x02, 0x00, 0x00, 0x00, 0x2E, 0xFF, 0xFF, 0xFF, 
0x67, 0x00, 0x2A, 0xFF, 0xFF, 0xFF, 0x81, 0x00, 0x00, 0x00, 0x00, 0x00, 0x00, 0x60, 0xFF, 0xFF, 
0xFF, 0x4F, 0x00, 0x00, 0x00, 0x01, 0x54, 0xEE, 0x2D, 0x00, 0x00, 0x00, 0x00, 0x00, 0x5E, 0x94, 
0x00, 0x00, 0x00, 0x00, 0x00, 0x00, 0xAA, 0x44, 0x00, 0x00, 0x00, 0x00, 0x00, 0x07, 0xE4, 0x05, 
0x00, 0x00, 0x00, 0x00, 0x00, 0x49, 0xAB, 0x00, 0x00, 0x00, 0x00, 0x00, 0x00, 0x98, 0x5E, 0x00, 
0x00, 0x00, 0x00, 0x00, 0x01, 0xE3, 0x14, 0x00, 0x00, 0x00, 0x00, 0x00, 0x36, 0xC5, 0x00, 0x00, 
0x00, 0x00, 0x00, 0x12, 0xB6, 0x80, 0x03, 0x00, 0x00, 0x00, 0x4E, 0xFF, 0xFF, 0xFF, 0x9B, 0x00, 
0x00, 0x00, 0x00, 0x00, 0x00, 0x00, 0xA2, 0xFF, 0xFF, 0xFF, 0x09, 0x00, 0x00, 0x00, 0x00, 0x07, 
0x9D, 0xBF, 0x14, 0x00, 0x00, 0x00, 0x00, 0x00, 0x00, 0xA5, 0x4E, 0x00, 0x00, 0x00, 0x00, 0x00, 
0x00, 0x05, 0xE5, 0x0A, 0x00, 0x00, 0x00, 0x00, 0x00, 0x00, 0x45, 0xB4, 0x00, 0x00, 0x00, 0x00, 
0x00, 0x00, 0x00, 0x95, 0x67, 0x00, 0x00, 0x00, 0x00, 0x00, 0x00, 0x00, 0xE3, 0x1B, 0x00, 0x00, 
0x00, 0x00, 0x00, 0x00, 0x2F, 0xCE, 0x00, 0x00, 0x00, 0x00, 0xBC, 0x00, 0x00, 0x65, 0x7E, 0x00, 
0x00, 0x00, 0x00, 0xF5, 0x15, 0x5F, 0xE3, 0x16, 0x00, 0x00, 0x00, 0x00, 0x86, 0xF5, 0xC9, 0x33, 
0x00, 0x00, 0x00, 0x00, 0x00, 0x00, 0x00, 0x00, 0x4C, 0xFF, 0xFF, 0xFF, 0x4D, 0x00, 0xAA, 0xFF, 
0xFF, 0xE9, 0x00, 0x00, 0x00, 0x00, 0x57, 0xF1, 0x2E, 0x01, 0x00, 0x72, 0xDC, 0x5E, 0x13, 0x00, 
0x00, 0x00, 0x00, 0x5D, 0x95, 0x00, 0x10, 0xB4, 0x81, 0x07, 0x00, 0x00, 0x00, 0x00, 0x00, 0x00, 
0xA8, 0x45, 0x26, 0xBD, 0x3E, 0x00, 0x00, 0x00, 0x00, 0x00, 0x00, 0x00, 0x06, 0xE3, 0x4D, 0xA4, 
0x14, 0x00, 0x00, 0x00, 0x00, 0x00, 0x00, 0x00, 0x00, 0x48, 0xE9, 0x93, 0x01, 0x00, 0x00, 0x00, 
0x00, 0x00, 0x00, 0x00, 0x00, 0x00, 0x98, 0x5C, 0xBA, 0x20, 0x00, 0x00, 0x00, 0x00, 0x00, 0x00, 
0x00, 0x00, 0x01, 0xE0, 0x0D, 0x20, 0xC1, 0x11, 0x00, 0x00, 0x00, 0x00, 0x00, 0x00, 0x00, 0x37, 
0xC0, 0x00, 0x00, 0x3C, 0xBA, 0x07, 0x00, 0x00, 0x00, 0x00, 0x00, 0x0F, 0xB5, 0x82, 0x03, 0x00, 
0x02, 0x9C, 0xBA, 0x31, 0x04, 0x00, 0x00, 0x2E, 0xFF, 0xFF, 0xFF, 0x93, 0x00, 0x7A, 0xFF, 0xFF, 
0xFF, 0xD9, 0x00, 0x00, 0x00, 0x00, 0x00, 0x60, 0xFF, 0xFF, 0xFF, 0x8F, 0x00, 0x00, 0x00, 0x00, 
0x00, 0x00, 0x53, 0xEF, 0x30, 0x01, 0x00, 0x00, 0x00, 0x00, 0x00, 0x00, 0x5C, 0x91, 0x00, 0x00, 
0x00, 0x00, 0x00, 0x00, 0x00, 0x00, 0xA9, 0x41, 0x00, 0x00, 0x00, 0x00, 0x00, 0x00, 0x00, 0x06, 
0xE2, 0x05, 0x00, 0x00, 0x00, 0x00, 0x00, 0x00, 0x00, 0x48, 0xAA, 0x00, 0x00, 0x00, 0x00, 0x00, 
0x00, 0x00, 0x00, 0x97, 0x5E, 0x00, 0x00, 0x00, 0x00, 0x00, 0x00, 0x00, 0x01, 0xE2, 0x14, 0x00, 
0x00, 0x00, 0x00, 0x00, 0x00, 0x00, 0x35, 0xC6, 0x00, 0x00, 0x00, 0x00, 0xB8, 0x4A, 0x00, 0x11, 
0xB5, 0x84, 0x00, 0x02, 0x16, 0x64, 0xEA, 0x05, 0x3E, 0xFF, 0xFF, 0xFF, 0xFF, 0xFF, 0xFF, 0xFF, 
0x98, 0x00, 0x00, 0x00, 0x00, 0x66, 0xFF, 0xFF, 0x6E, 0x00, 0x00, 0x00, 0x00, 0x00, 0x29, 0xF7, 
0xFF, 0x8C, 0x00, 0x00, 0x00, 0x01, 0x43, 0xFF, 0x83, 0x00, 0x00, 0x00, 0x00, 0x04, 0xCC, 0xED, 
0x2B, 0x02, 0x00, 0x00, 0x00, 0x00, 0x73, 0xEC, 0x98, 0x00, 0x00, 0x00, 0x00, 0x82, 0xEC, 0x8D, 
0x00, 0x00, 0x00, 0x00, 0x00, 0x00, 0xBF, 0x91, 0xAE, 0x00, 0x00, 0x00, 0x36, 0xC4, 0xC5, 0x3F, 
0x00, 0x00, 0x00, 0x00, 0x00, 0x10, 0xEB, 0x40, 0xC3, 0x00, 0x00, 0x0A, 0xCE, 0x38, 0xEB, 0x04, 
0x00, 0x00, 0x00, 0x00, 0x00, 0x59, 0xA7, 0x26, 0xD8, 0x00, 0x00, 0x94, 0x69, 0x5B, 0xA6, 0x00, 
0x00, 0x00, 0x00, 0x00, 0x00, 0xA5, 0x5A, 0x10, 0xEE, 0x00, 0x45, 0xB7, 0x00, 0xA7, 0x5A, 0x00, 
0x00, 0x00, 0x00, 0x00, 0x03, 0xEA, 0x11, 0x00, 0xF9, 0x15, 0xD1, 0x1A, 0x04, 0xEA, 0x11, 0x00, 
0x00, 0x00, 0x00, 0x00, 0x3F, 0xC1, 0x00, 0x00, 0xE6, 0xBC, 0x56, 0x00, 0x43, 0xC1, 0x00, 0x00, 
0x00, 0x00, 0x00, 0x10, 0xAF, 0x87, 0x03, 0x00, 0xD0, 0xA5, 0x00, 0x13, 0xC5, 0x85, 0x01, 0x00, 
0x00, 0x00, 0x5C, 0xFF, 0xFF, 0xFF, 0x93, 0x00, 0x9E, 0x10, 0x62, 0xFF, 0xFF, 0xFF, 0xA9, 0x00, 
0x00, 0x00, 0x00, 0x00, 0x00, 0xCE, 0xFF, 0xFF, 0x28, 0x00, 0x00, 0x26, 0xFF, 0xFF, 0xFF, 0xA3, 
0x00, 0x00, 0x00, 0x07, 0x6A, 0xFF, 0x73, 0x00, 0x00, 0x00, 0x21, 0xFF, 0x62, 0x03, 0x00, 0x00, 
0x00, 0x00, 0x5F, 0xDA, 0xBD, 0x00, 0x00, 0x00, 0x0B, 0xD4, 0x00, 0x00, 0x00, 0x00, 0x00, 0x00, 
0xAC, 0x58, 0xEB, 0x0D, 0x00, 0x00, 0x56, 0x80, 0x00, 0x00, 0x00, 0x00, 0x00, 0x06, 0xEB, 0x0D, 
0xAD, 0x51, 0x00, 0x00, 0xAE, 0x2F, 0x00, 0x00, 0x00, 0x00, 0x00, 0x46, 0xB9, 0x00, 0x63, 0x9B, 
0x00, 0x0E, 0xD5, 0x00, 0x00, 0x00, 0x00, 0x00, 0x00, 0x92, 0x6C, 0x00, 0x1A, 0xE3, 0x00, 0x5F, 
0x8C, 0x00, 0x00, 0x00, 0x00, 0x00, 0x00, 0xDE, 0x20, 0x00, 0x00, 0xCF, 0x2F, 0xB7, 0x3B, 0x00, 
0x00, 0x00, 0x00, 0x00, 0x2C, 0xD2, 0x00, 0x00, 0x00, 0x85, 0x8D, 0xE3, 0x02, 0x00, 0x00, 0x00, 
0x00, 0x0F, 0xA8, 0x7F, 0x03, 0x00, 0x00, 0x3B, 0xFB, 0x99, 0x00, 0x00, 0x00, 0x00, 0x3A, 0xFF, 
0xFF, 0xFF, 0x8D, 0x00, 0x00, 0x03, 0xED, 0x48, 0x00, 0x00, 0x00, 0x00, 0x00, 0x00, 0x00, 0x11, 
0x87, 0xDB, 0xF8, 0xDA, 0x65, 0x00, 0x00, 0x00, 0x34, 0xD8, 0x78, 0x22, 0x08, 0x36, 0xD4, 0x5B, 
0x00, 0x28, 0xE2, 0x2E, 0x00, 0x00, 0x00, 0x00, 0x37, 0xCD, 0x02, 0xCD, 0x60, 0x00, 0x00, 0x00, 
0x00, 0x00, 0x03, 0xE8, 0x57, 0xD0, 0x01, 0x00, 0x00, 0x00, 0x00, 0x00, 0x00, 0xAC, 0xB4, 0x68, 
0x00, 0x00, 0x00, 0x00, 0x00, 0x00, 0x12, 0xA8, 0xE8, 0x21, 0x00, 0x00, 0x00, 0x00, 0x00, 0x00, 
0x9F, 0x53, 0xF8, 0x09, 0x00, 0x00, 0x00, 0x00, 0x00, 0x62, 0xD4, 0x05, 0xCC, 0x3D, 0x00, 0x00, 
0x00, 0x00, 0x4C, 0xF6, 0x35, 0x00, 0x58, 0xD8, 0x39, 0x08, 0x20, 0x75, 0xE7, 0x45, 0x00, 0x00, 
0x00, 0x63, 0xD9, 0xF7, 0xD8, 0x8E, 0x1B, 0x00, 0x00, 0x00, 0x00, 0x00, 0x00, 0x5E, 0xFF, 0xFF, 
0xFF, 0xFF, 0xE7, 0xA2, 0x15, 0x00, 0x00, 0x00, 0x02, 0x60, 0xDD, 0x0F, 0x02, 0x0D, 0x69, 0xB3, 
0x00, 0x00, 0x00, 0x00, 0x5F, 0x90, 0x00, 0x00, 0x00, 0x0A, 0xF3, 0x00, 0x00, 0x00, 0x00, 0xA8, 
0x43, 0x00, 0x00, 0x00, 0x51, 0xC9, 0x00, 0x00, 0x00, 0x06, 0xED, 0x2D, 0x05, 0x1A, 0x6A, 0xE8, 
0x39, 0x00, 0x00, 0x00, 0x49, 0xC7, 0xB9, 0xF5, 0xE7, 0xA2, 0x26, 0x00, 0x00, 0x00, 0x00, 0x99, 
0x5D, 0x00, 0x00, 0x00, 0x00, 0x00, 0x00, 0x00, 0x00, 0x01, 0xE3, 0x13, 0x00, 0x00, 0x00, 0x00, 
0x00, 0x00, 0x00, 0x00, 0x39, 0xC3, 0x00, 0x00, 0x00, 0x00, 0x00, 0x00, 0x00, 0x00, 0x11, 0xBB, 
0x7D, 0x02, 0x00, 0x00, 0x00, 0x00, 0x00, 0x00, 0x38, 0xFF, 0xFF, 0xFF, 0x85, 0x00, 0x00, 0x00, 
0x00, 0x00, 0x00, 0x00, 0x00, 0x00, 0x0F, 0x7E, 0xD4, 0xF6, 0xD9, 0x65, 0x00, 0x00, 0x00, 0x2F, 
0xD4, 0x76, 0x22, 0x08, 0x36, 0xD4, 0x5B, 0x00, 0x24, 0xE3, 0x2D, 0x00, 0x00, 0x00, 0x00, 0x37, 
0xCE, 0x02, 0xC6, 0x60, 0x00, 0x00, 0x00, 0x00, 0x00, 0x03, 0xEA, 0x4B, 0xD0, 0x01, 0x00, 0x00, 
0x00, 0x00, 0x00, 0x00, 0xB6, 0xAF, 0x68, 0x00, 0x00, 0x00, 0x00, 0x00, 0x00, 0x12, 0xA8, 0xE1, 
0x21, 0x00, 0x00, 0x00, 0x00, 0x00, 0x00, 0x9F, 0x4F, 0xF8, 0x09, 0x00, 0x00, 0x00, 0x00, 0x00, 
0x62, 0xBE, 0x01, 0xDB, 0x3D, 0x00, 0x00, 0x00, 0x00, 0x53, 0xE6, 0x1A, 0x00, 0x89, 0xD8, 0x39, 
0x08, 0x26, 0x91, 0xD4, 0x24, 0x00, 0x00, 0x0C, 0xBB, 0xFF, 0xED, 0xC3, 0x66, 0x09, 0x00, 0x00, 
0x00, 0x00, 0x3F, 0x52, 0x00, 0x00, 0x00, 0x00, 0x00, 0x00, 0x00, 0x26, 0xF2, 0xF5, 0xA9, 0x44, 
0x0A, 0x24, 0x95, 0x8C, 0x00, 0x22, 0x02, 0x0D, 0x3A, 0xCB, 0xF4, 0xC6, 0x59, 0x00, 0x00, 0x00, 
0x00, 0x00, 0x58, 0xFF, 0xFF, 0xFF, 0xEC, 0xB1, 0x1E, 0x00, 0x00, 0x00, 0x00, 0x05, 0x75, 0xDB, 
0x06, 0x17, 0x7A, 0xBA, 0x00, 0x00, 0x00, 0x00, 0x00, 0x5F, 0x87, 0x00, 0x00, 0x04, 0xF2, 0x00, 
0x00, 0x00, 0x00, 0x00, 0xA9, 0x33, 0x00, 0x00, 0x44, 0xC6, 0x00, 0x00, 0x00, 0x00, 0x06, 0xD5, 
0x05, 0x18, 0x5E, 0xE6, 0x48, 0x00, 0x00, 0x00, 0x00, 0x48, 0xF6, 0xF4, 0xFF, 0xC9, 0x4C, 0x00, 
0x00, 0x00, 0x00, 0x00, 0x97, 0x6A, 0x00, 0x9B, 0x59, 0x00, 0x00, 0x00, 0x00, 0x00, 0x01, 0xE3, 
0x1B, 0x00, 0x28, 0xB1, 0x00, 0x00, 0x00, 0x00, 0x00, 0x35, 0xC8, 0x00, 0x00, 0x00, 0xAD, 0x13, 
0x00, 0x00, 0x00, 0x10, 0xB4, 0x8F, 0x02, 0x00, 0x00, 0x3F, 0xA6, 0x16, 0x00, 0x28, 0xFF, 0xFF, 
0xFF, 0x8D, 0x00, 0x00, 0x00, 0xC9, 0xFF, 0x21, 0x00, 0x00, 0x11, 0xA3, 0xEE, 0xDF, 0x5F, 0x3F, 
0xDF, 0x00, 0x00, 0xA8, 0x85, 0x0D, 0x25, 0xBF, 0xFF, 0x9F, 0x00, 0x00, 0xF2, 0x0D, 0x00, 0x00, 
0x1F, 0xFF, 0x5F, 0x00, 0x00, 0xE2, 0x77, 0x00, 0x00, 0x00, 0xFC, 0x1F, 0x00, 0x00, 0x47, 0xE1, 
0x4C, 0x00, 0x00, 0x00, 0x00, 0x00, 0x00, 0x00, 0x09, 0xB4, 0x3D, 0x00, 0x00, 0x00, 0x00, 0x00, 
0x00, 0x00, 0x0F, 0xC9, 0x40, 0x00, 0x00, 0x20, 0xF9, 0x00, 0x00, 0x00, 0x2D, 0xE4, 0x00, 0x00, 
0x61, 0xFF, 0x16, 0x00, 0x00, 0x0C, 0xE8, 0x00, 0x00, 0xA1, 0xFF, 0xB4, 0x1F, 0x05, 0x54, 0x8A, 
0x00, 0x00, 0xE0, 0x3F, 0x73, 0xE6, 0xEE, 0x92, 0x07, 0x00, 0x00, 0x26, 0xFF, 0xFF, 0xFF, 0xFF, 
0xFF, 0xFF, 0xFF, 0xFF, 0xED, 0x03, 0x74, 0xE0, 0x41, 0x06, 0x0B, 0xEC, 0x09, 0x0C, 0x8A, 0xA5, 
0x00, 0xC1, 0x47, 0x00, 0x00, 0x50, 0xAF, 0x00, 0x00, 0x7E, 0x59, 0x00, 0x00, 0x00, 0x00, 0x00, 
0x9D, 0x62, 0x00, 0x00, 0x00, 0x00, 0x00, 0x00, 0x00, 0x00, 0x01, 0xE6, 0x16, 0x00, 0x00, 0x00, 
0x00, 0x00, 0x00, 0x00, 0x00, 0x38, 0xC7, 0x00, 0x00, 0x00, 0x00, 0x00, 0x00, 0x00, 0x00, 0x00, 
0x85, 0x7A, 0x00, 0x00, 0x00, 0x00, 0x00, 0x00, 0x00, 0x00, 0x00, 0xD2, 0x2C, 0x00, 0x00, 0x00, 
0x00, 0x00, 0x00, 0x00, 0x00, 0x23, 0xDA, 0x00, 0x00, 0x00, 0x00, 0x00, 0x00, 0x00, 0x00, 0x0C, 
0xAC, 0x97, 0x02, 0x00, 0x00, 0x00, 0x00, 0x00, 0x00, 0x40, 0xFF, 0xFF, 0xFF, 0xE7, 0x00, 0x00, 
0x00, 0x00, 0x00, 0x00, 0x82, 0xFF, 0xFF, 0xFF, 0x95, 0x00, 0x00, 0x5A, 0xFF, 0xFF, 0xFF, 0x63, 
0x04, 0x5E, 0xF0, 0x32, 0x02, 0x00, 0x00, 0x02, 0x5E, 0xF0, 0x2C, 0x00, 0x00, 0x5E, 0x92, 0x00, 
0x00, 0x00, 0x00, 0x00, 0x5E, 0x97, 0x00, 0x00, 0x00, 0xAD, 0x41, 0x00, 0x00, 0x00, 0x00, 0x00, 
0xA9, 0x47, 0x00, 0x00, 0x0A, 0xE3, 0x04, 0x00, 0x00, 0x00, 0x00, 0x07, 0xE5, 0x06, 0x00, 0x00, 
0x52, 0xA3, 0x00, 0x00, 0x00, 0x00, 0x00, 0x4A, 0xAB, 0x00, 0x00, 0x00, 0xA3, 0x56, 0x00, 0x00, 
0x00, 0x00, 0x00, 0xA0, 0x5C, 0x00, 0x00, 0x00, 0xDF, 0x10, 0x00, 0x00, 0x00, 0x00, 0x0D, 0xEB, 
0x0F, 0x00, 0x00, 0x00, 0xD7, 0x00, 0x00, 0x00, 0x00, 0x00, 0x82, 0x96, 0x00, 0x00, 0x00, 0x00, 
0x80, 0x77, 0x13, 0x03, 0x24, 0x86, 0xC9, 0x0E, 0x00, 0x00, 0x00, 0x00, 0x03, 0x76, 0xDA, 0xF8, 
0xDE, 0x85, 0x09, 0x00, 0x00, 0x00, 0x00, 0x00, 0x42, 0xFF, 0xFF, 0xFF, 0x9B, 0x00, 0x50, 0xFF, 
0xFF, 0xFF, 0x89, 0x00, 0x1F, 0xF8, 0x51, 0x01, 0x00, 0x02, 0x8B, 0xF7, 0x66, 0x07, 0x00, 0x01, 
0xF3, 0x05, 0x00, 0x00, 0x00, 0x6D, 0x4F, 0x00, 0x00, 0x00, 0x24, 0xD3, 0x00, 0x00, 0x00, 0x0D, 
0x53, 0x00, 0x00, 0x00, 0x00, 0x52, 0xA6, 0x00, 0x00, 0x07, 0x6B, 0x01, 0x00, 0x00, 0x00, 0x00, 
0x80, 0x79, 0x00, 0x02, 0x81, 0x0C, 0x00, 0x00, 0x00, 0x00, 0x00, 0xAE, 0x4C, 0x00, 0x87, 0x26, 
0x00, 0x00, 0x00, 0x00, 0x00, 0x00, 0xDC, 0x1F, 0x7E, 0x4D, 0x00, 0x00, 0x00, 0x00, 0x00, 0x00, 
0x0B, 0xEF, 0x69, 0x7F, 0x00, 0x00, 0x00, 0x00, 0x00, 0x00, 0x00, 0x38, 0xF5, 0xB0, 0x01, 0x00, 
0x00, 0x00, 0x00, 0x00, 0x00, 0x00, 0x65, 0xDA, 0x0F, 0x00, 0x00, 0x00, 0x00, 0x00, 0x00, 0x00, 
0x00, 0x2E, 0xFF, 0xFF, 0xFF, 0x71, 0xCC, 0xFF, 0xFF, 0xFF, 0x8D, 0x58, 0xFF, 0xFF, 0xFF, 0x2D, 
0x00, 0x2B, 0xFC, 0x2B, 0x01, 0x06, 0x7D, 0xF6, 0x16, 0x00, 0x02, 0x8C, 0xBD, 0x27, 0x00, 0x00, 
0x24, 0xDC, 0x00, 0x00, 0x03, 0xC7, 0xD9, 0x00, 0x00, 0x3B, 0xBC, 0x07, 0x00, 0x00, 0x00, 0x3E, 
0xC3, 0x00, 0x00, 0x6F, 0x9A, 0xC0, 0x00, 0x02, 0xCF, 0x2A, 0x00, 0x00, 0x00, 0x00, 0x58, 0xAB, 
0x00, 0x1A, 0xBB, 0x56, 0xA7, 0x00, 0x64, 0x98, 0x00, 0x00, 0x00, 0x00, 0x00, 0x72, 0x92, 0x00, 
0xA9, 0x37, 0x6F, 0x8E, 0x0A, 0xD9, 0x17, 0x00, 0x00, 0x00, 0x00, 0x00, 0x8C, 0x7A, 0x49, 0x9F, 
0x00, 0x89, 0x76, 0x7F, 0x7D, 0x00, 0x00, 0x00, 0x00, 0x00, 0x00, 0xA6, 0x6A, 0xD0, 0x18, 0x00, 
0xA4, 0x76, 0xD9, 0x0A, 0x00, 0x00, 0x00, 0x00, 0x00, 0x00, 0xC0, 0xCC, 0x75, 0x00, 0x00, 0xBE, 
0xDD, 0x62, 0x00, 0x00, 0x00, 0x00, 0x00, 0x00, 0x00, 0xDA, 0xD9, 0x06, 0x00, 0x00, 0xD9, 0xD1, 
0x02, 0x00, 0x00, 0x00, 0x00, 0x00, 0x00, 0x00, 0xF3, 0x4A, 0x00, 0x00, 0x00, 0xF3, 0x46, 0x00, 
0x00, 0x00, 0x00, 0x00, 0x00, 0x00, 0x00, 0x00, 0x00, 0x82, 0xFF, 0xFF, 0xE7, 0x00, 0x00, 0xDA, 
0xFF, 0xFF, 0xFF, 0x29, 0x00, 0x00, 0x00, 0x05, 0x6F, 0xDE, 0x05, 0x00, 0x00, 0x22, 0xEB, 0x85, 
0x2A, 0x00, 0x00, 0x00, 0x00, 0x00, 0x02, 0xE1, 0x1C, 0x00, 0x14, 0xC2, 0x35, 0x00, 0x00, 0x00, 
0x00, 0x00, 0x00, 0x00, 0x00, 0x97, 0x64, 0x15, 0xBB, 0x2D, 0x00, 0x00, 0x00, 0x00, 0x00, 0x00, 
0x00, 0x00, 0x00, 0x4E, 0xBE, 0xBC, 0x2B, 0x00, 0x00, 0x00, 0x00, 0x00, 0x00, 0x00, 0x00, 0x00, 
0x00, 0x23, 0xFF, 0x2D, 0x00, 0x00, 0x00, 0x00, 0x00, 0x00, 0x00, 0x00, 0x00, 0x00, 0x1A, 0xBA, 
0xD2, 0x3C, 0x00, 0x00, 0x00, 0x00, 0x00, 0x00, 0x00, 0x00, 0x00, 0x1C, 0xBC, 0x22, 0x79, 0x83, 
0x00, 0x00, 0x00, 0x00, 0x00, 0x00, 0x00, 0x00, 0x21, 0xBD, 0x21, 0x00, 0x32, 0xC8, 0x00, 0x00, 
0x00, 0x00, 0x00, 0x00, 0x17, 0x6B, 0xD1, 0x14, 0x00, 0x00, 0x0E, 0xEF, 0x3C, 0x04, 0x00, 0x00, 
0x00, 0x00, 0xFF, 0xFF, 0xFF, 0x89, 0x00, 0x05, 0xFE, 0xFF, 0xFF, 0xBF, 0x00, 0x00, 0x00, 0x00, 
0x76, 0xFF, 0xFF, 0xFF, 0x13, 0x76, 0xFF, 0xFF, 0xDF, 0x03, 0x53, 0xE6, 0x0B, 0x00, 0x02, 0xA1, 
0x94, 0x0F, 0x00, 0x00, 0xDE, 0x1B, 0x00, 0x68, 0x9B, 0x00, 0x00, 0x00, 0x00, 0x9E, 0x55, 0x35, 
0xB2, 0x04, 0x00, 0x00, 0x00, 0x00, 0x5D, 0xA2, 0xB5, 0x0E, 0x00, 0x00, 0x00, 0x00, 0x00, 0x2C, 
0xED, 0x1F, 0x00, 0x00, 0x00, 0x00, 0x00, 0x00, 0x5E, 0xA0, 0x00, 0x00, 0x00, 0x00, 0x00, 0x00, 
0x00, 0x9F, 0x5C, 0x00, 0x00, 0x00, 0x00, 0x00, 0x00, 0x00, 0xDF, 0x19, 0x00, 0x00, 0x00, 0x00, 
0x00, 0x06, 0x70, 0xE3, 0x0C, 0x00, 0x00, 0x00, 0x00, 0x00, 0xF4, 0xFF, 0xFF, 0xFF, 0x15, 0x00, 
0x00, 0x00, 0x00, 0x00, 0x00, 0xCC, 0xFF, 0xFF, 0xFF, 0xFF, 0xFF, 0xE6, 0x00, 0x00, 0xDA, 0x41, 
0x08, 0x00, 0x00, 0xA5, 0x3B, 0x00, 0x00, 0xE9, 0x0F, 0x00, 0x00, 0x79, 0x6B, 0x00, 0x00, 0x00, 
0x00, 0x00, 0x00, 0x49, 0x9E, 0x00, 0x00, 0x00, 0x00, 0x00, 0x00, 0x24, 0xBD, 0x09, 0x00, 0x00, 
0x00, 0x00, 0x00, 0x0C, 0xC1, 0x20, 0x00, 0x00, 0x00, 0x00, 0x00, 0x01, 0xAB, 0x46, 0x00, 0x00, 
0x00, 0x00, 0x00, 0x00, 0x7E, 0x79, 0x00, 0x00, 0x00, 0x00, 0x00, 0x00, 0x4C, 0xAC, 0x01, 0x00, 
0x00, 0x32, 0xD4, 0x00, 0x27, 0xC8, 0x0D, 0x01, 0x0A, 0x37, 0xD4, 0x7D, 0x00, 0xD1, 0xFF, 0xFF, 
0xFF, 0xFF, 0xFF, 0xFF, 0x27, 0x00, 0x00, 0x00, 0x00, 0x04, 0xEE, 0xFF, 0xFF, 0xFB, 0x10, 0x00, 
0x00, 0x00, 0x3F, 0xBD, 0x00, 0x00, 0x00, 0x00, 0x00, 0x00, 0x00, 0x8C, 0x70, 0x00, 0x00, 0x00, 
0x00, 0x00, 0x00, 0x00, 0xD9, 0x24, 0x00, 0x00, 0x00, 0x00, 0x00, 0x00, 0x26, 0xD7, 0x00, 0x00, 
0x00, 0x00, 0x00, 0x00, 0x00, 0x73, 0x8A, 0x00, 0x00, 0x00, 0x00, 0x00, 0x00, 0x00, 0xC0, 0x3D, 
0x00, 0x00, 0x00, 0x00, 0x00, 0x00, 0x10, 0xE9, 0x03, 0x00, 0x00, 0x00, 0x00, 0x00, 0x00, 0x59, 
0xA4, 0x00, 0x00, 0x00, 0x00, 0x00, 0x00, 0x00, 0xA6, 0x57, 0x00, 0x00, 0x00, 0x00, 0x00, 0x00, 
0x04, 0xEA, 0x0F, 0x00, 0x00, 0x00, 0x00, 0x00, 0x00, 0x40, 0xBE, 0x00, 0x00, 0x00, 0x00, 0x00, 
0x00, 0x00, 0x8D, 0x72, 0x00, 0x00, 0x00, 0x00, 0x00, 0x00, 0x00, 0xDA, 0xFF, 0xFF, 0xFF, 0x25, 
0x00, 0x00, 0x00, 0x00, 0xF4, 0x0B, 0xDD, 0x22, 0xC6, 0x39, 0xAF, 0x51, 0x97, 0x68, 0x80, 0x7F, 
0x69, 0x96, 0x52, 0xAE, 0x3A, 0xC5, 0x23, 0xDC, 0x0C, 0xF4, 0x00, 0x00, 0x00, 0x13, 0xFF, 0xFF, 
0xFF, 0xE6, 0x00, 0x00, 0x00, 0x00, 0x00, 0x00, 0x61, 0x9E, 0x00, 0x00, 0x00, 0x00, 0x00, 0x00, 
0xAA, 0x55, 0x00, 0x00, 0x00, 0x00, 0x00, 0x03, 0xEB, 0x10, 0x00, 0x00, 0x00, 0x00, 0x00, 0x3C, 
0xC3, 0x00, 0x00, 0x00, 0x00, 0x00, 0x00, 0x85, 0x7A, 0x00, 0x00, 0x00, 0x00, 0x00, 0x00, 0xCE, 
0x31, 0x00, 0x00, 0x00, 0x00, 0x00, 0x18, 0xE6, 0x01, 0x00, 0x00, 0x00, 0x00, 0x00, 0x60, 0xA0, 
0x00, 0x00, 0x00, 0x00, 0x00, 0x00, 0xA9, 0x57, 0x00, 0x00, 0x00, 0x00, 0x00, 0x03, 0xEB, 0x12, 
0x00, 0x00, 0x00, 0x00, 0x00, 0x3B, 0xC5, 0x00, 0x00, 0x00, 0x00, 0x00, 0x00, 0x84, 0x7C, 0x00, 
0x00, 0x00, 0xE2, 0xFF, 0xFF, 0xFF, 0x34, 0x00, 0x00, 0x00, 0x00, 0x00, 0x40, 0xFF, 0x3F, 0x00, 
0x00, 0x00, 0x00, 0xBF, 0x80, 0xBF, 0x00, 0x00, 0x00, 0x40, 0xB4, 0x00, 0xCA, 0x3F, 0x00, 0x00, 
0xC0, 0x38, 0x00, 0x48, 0xBF, 0x00, 0x40, 0xBA, 0x00, 0x00, 0x00, 0xC5, 0x3F, 0xC0, 0x3E, 0x00, 
0x00, 0x00, 0x42, 0xBF, 0xFF, 0xFF, 0xFF, 0xFF, 0xFF, 0xFF, 0xFF, 0xFF, 0xD0, 0x2A, 0x71, 0x7F, 
0x15, 0xCF, 0x00, 0x00, 0x34, 0xC2, 0xF4, 0x79, 0xEC, 0x03, 0x00, 0x48, 0xDD, 0x48, 0x12, 0xB6, 
0xA4, 0x00, 0x1A, 0xDF, 0x26, 0x00, 0x00, 0x97, 0x57, 0x00, 0x8F, 0x73, 0x00, 0x00, 0x07, 0xDC, 
0x0F, 0x00, 0xE0, 0x18, 0x00, 0x00, 0x87, 0xBD, 0x00, 0x00, 0xF4, 0x3B, 0x1B, 0x7B, 0x9F, 0x84, 
0x6E, 0x00, 0x82, 0xF4, 0xB1, 0x15, 0xA0, 0xBA, 0x3C, 0x00, 0x00, 0x4A, 0xFA, 0xFF, 0x31, 0x00, 
0x00, 0x00, 0x00, 0x24, 0xDD, 0x00, 0x00, 0x00, 0x00, 0x00, 0x75, 0x8A, 0x00, 0x00, 0x00, 0x00, 
0x00, 0xC5, 0x36, 0x00, 0x00, 0x00, 0x00, 0x16, 0xDF, 0x6B, 0xE6, 0xEA, 0x56, 0x00, 0x65, 0xCF, 
0x42, 0x09, 0x55, 0xE7, 0x00, 0xB5, 0x45, 0x00, 0x00, 0x0C, 0xEF, 0x0C, 0xDC, 0x01, 0x00, 0x00, 
0x45, 0xB6, 0x55, 0x92, 0x00, 0x00, 0x05, 0xC6, 0x40, 0xA4, 0x3E, 0x03, 0x32, 0xBB, 0x80, 0x00, 
0x34, 0xBF, 0xF3, 0xCE, 0x55, 0x00, 0x00, 0x00, 0x00, 0x5F, 0xD2, 0xF7, 0xA9, 0x00, 0x94, 0xB0, 
0x28, 0x0C, 0xCB, 0x54, 0xBF, 0x02, 0x00, 0x00, 0x00, 0xC4, 0x3C, 0x00, 0x00, 0x00, 0x00, 0xF4, 
0x0A, 0x00, 0x00, 0x44, 0x09, 0xDE, 0x5A, 0x0B, 0x68, 0xA4, 0x01, 0x4A, 0xE0, 0xEE, 0x87, 0x03, 
0x00, 0x00, 0x00, 0x00, 0x00, 0x00, 0x04, 0xF8, 0xFF, 0x20, 0x00, 0x00, 0x00, 0x00, 0x00, 0x00, 
0x2C, 0xD2, 0x00, 0x00, 0x00, 0x00, 0x00, 0x00, 0x00, 0x7A, 0x83, 0x00, 0x00, 0x00, 0x00, 0x00, 
0x00, 0x00, 0xC6, 0x35, 0x00, 0x00, 0x00, 0x3D, 0xC7, 0xEE, 0x4C, 0xE3, 0x01, 0x00, 0x00, 0x57, 
0xDF, 0x47, 0x0A, 0x99, 0x98, 0x00, 0x00, 0x26, 0xE5, 0x26, 0x00, 0x00, 0x8D, 0x4A, 0x00, 0x00, 
0x9F, 0x6A, 0x00, 0x00, 0x14, 0xE0, 0x07, 0x00, 0x00, 0xE8, 0x11, 0x00, 0x07, 0x93, 0xAD, 0x00, 
0x00, 0x00, 0xF0, 0x3A, 0x24, 0x88, 0x94, 0x7D, 0x78, 0x00, 0x00, 0x74, 0xF3, 0xAA, 0x10, 0x9A, 
0xBA, 0x2D, 0x00, 0x00, 0x00, 0x00, 0x62, 0xD3, 0xF5, 0x98, 0x00, 0x93, 0xBC, 0x2C, 0x2B, 0xF4, 
0x4D, 0xC8, 0x07, 0x00, 0x69, 0xAC, 0xC0, 0x57, 0x42, 0xA5, 0xC3, 0x10, 0xF3, 0xE8, 0xB2, 0x58, 
0x04, 0x1D, 0xD7, 0x46, 0x0B, 0x2B, 0xBB, 0x59, 0x3F, 0xDD, 0xF5, 0xBB, 0x40, 0x00, 0x00, 0x00, 
0x00, 0x00, 0x00, 0x00, 0x00, 0x2C, 0xD8, 0xB8, 0x00, 0x00, 0x00, 0x00, 0x00, 0x00, 0x06, 0xCD, 
0x2B, 0xD2, 0x00, 0x00, 0x00, 0x00, 0x00, 0x00, 0x60, 0x93, 0x00, 0x00, 0x00, 0x00, 0x00, 0x00, 
0x01, 0x29, 0xDE, 0x3D, 0x00, 0x00, 0x00, 0x00, 0x00, 0x00, 0xC4, 0xFF, 0xFF, 0xFF, 0x29, 0x00, 
0x00, 0x00, 0x00, 0x00, 0x00, 0x3E, 0xBF, 0x00, 0x00, 0x00, 0x00, 0x00, 0x00, 0x00, 0x00, 0x90, 
0x68, 0x00, 0x00, 0x00, 0x00, 0x00, 0x00, 0x00, 0x00, 0xDD, 0x15, 0x00, 0x00, 0x00, 0x00, 0x00, 
0x00, 0x00, 0x35, 0xBD, 0x00, 0x00, 0x00, 0x00, 0x00, 0x00, 0x00, 0x00, 0x87, 0x68, 0x00, 0x00, 
0x00, 0x00, 0x00, 0x00, 0x00, 0x00, 0xCC, 0x11, 0x00, 0x00, 0x00, 0x00, 0x00, 0x00, 0x00, 0x24, 
0x83, 0x00, 0x00, 0x00, 0x00, 0x00, 0xD1, 0x09, 0x33, 0x89, 0x05, 0x00, 0x00, 0x00, 0x00, 0x00, 
0xB5, 0xF0, 0x9A, 0x0B, 0x00, 0x00, 0x00, 0x00, 0x00, 0x00, 0x00, 0x00, 0x61, 0xD0, 0xF6, 0xFF, 
0xFF, 0xFF, 0x1D, 0x00, 0x74, 0xD0, 0x37, 0x08, 0x4D, 0xF2, 0x00, 0x00, 0x00, 0xE4, 0x26, 0x00, 
0x00, 0x2C, 0xE0, 0x00, 0x00, 0x00, 0xE3, 0x53, 0x08, 0x35, 0xD0, 0x6E, 0x00, 0x00, 0x00, 0x4D, 
0xEB, 0xFB, 0xD0, 0x61, 0x00, 0x00, 0x00, 0x00, 0x68, 0x54, 0x0D, 0x00, 0x00, 0x00, 0x00, 0x00, 
0x00, 0xE2, 0xDF, 0xB8, 0xAB, 0x5D, 0x04, 0x00, 0x00, 0x7E, 0x3F, 0x21, 0x40, 0x53, 0xBE, 0xC3, 
0x00, 0x00, 0xF0, 0x60, 0x12, 0x04, 0x18, 0x65, 0xD7, 0x00, 0x00, 0x56, 0xC7, 0xEB, 0xF5, 0xD6, 
0x9D, 0x1E, 0x00, 0x00, 0x00, 0x4E, 0xFA, 0xFF, 0x28, 0x00, 0x00, 0x00, 0x00, 0x2A, 0xDB, 0x00, 
0x00, 0x00, 0x00, 0x00, 0x77, 0x8E, 0x00, 0x00, 0x00, 0x00, 0x00, 0xC3, 0x40, 0x00, 0x00, 0x00, 
0x00, 0x12, 0xEB, 0x04, 0x63, 0xE8, 0x88, 0x00, 0x5C, 0xA6, 0x5E, 0x95, 0x4E, 0xBF, 0x00, 0xA8, 
0x7A, 0x87, 0x05, 0x59, 0xA7, 0x04, 0xEB, 0x59, 0x00, 0x00, 0xC4, 0x43, 0x41, 0xDC, 0x04, 0x00, 
0x31, 0xD9, 0x01, 0x8E, 0x72, 0x00, 0x00, 0x98, 0x90, 0x78, 0xDA, 0x25, 0x00, 0x00, 0xBE, 0xAF, 
0x22, 0x00, 0x00, 0xB4, 0x00, 0x00, 0x00, 0x00, 0x00, 0x00, 0x00, 0x00, 0x00, 0x7B, 0xF5, 0xEC, 
0x03, 0x00, 0x5A, 0xA2, 0x00, 0x00, 0xAA, 0x54, 0x00, 0x08, 0xEC, 0x0D, 0x00, 0x4E, 0xB7, 0x00, 
0x00, 0x9F, 0x84, 0x80, 0x00, 0xBE, 0xB5, 0x2B, 0x00, 0x00, 0x00, 0x00, 0x00, 0x00, 0x00, 0xB4, 
0x00, 0x00, 0x00, 0x00, 0x00, 0x00, 0x00, 0x00, 0x00, 0x00, 0x00, 0x00, 0x00, 0x00, 0x00, 0x00, 
0x00, 0x00, 0x00, 0x00, 0x00, 0x7B, 0xFB, 0xEA, 0x02, 0x00, 0x00, 0x00, 0x00, 0x00, 0x5E, 0xA0, 
0x00, 0x00, 0x00, 0x00, 0x00, 0x00, 0xA7, 0x53, 0x00, 0x00, 0x00, 0x00, 0x00, 0x04, 0xE8, 0x0D, 
0x00, 0x00, 0x00, 0x00, 0x00, 0x41, 0xBA, 0x00, 0x00, 0x00, 0x00, 0x00, 0x00, 0x8D, 0x6D, 0x00, 
0x00, 0x00, 0x00, 0x00, 0x00, 0xDA, 0x21, 0x00, 0x00, 0x00, 0x00, 0x00, 0x27, 0xB7, 0x00, 0x00, 
0x00, 0xD0, 0x0A, 0x30, 0xAC, 0x2B, 0x00, 0x00, 0x00, 0xBD, 0xF0, 0xB3, 0x2C, 0x00, 0x00, 0x00, 
0x00, 0x00, 0x00, 0xF4, 0xFF, 0x34, 0x00, 0x00, 0x00, 0x00, 0x00, 0x26, 0xE5, 0x01, 0x00, 0x00, 
0x00, 0x00, 0x00, 0x73, 0x98, 0x00, 0x00, 0x00, 0x00, 0x00, 0x00, 0xC0, 0x4A, 0x00, 0x00, 0x00, 
0x00, 0x00, 0x11, 0xF0, 0x07, 0xDB, 0xFF, 0xFF, 0xC5, 0x00, 0x5A, 0xAE, 0x26, 0xC6, 0x57, 0x06, 
0x01, 0x00, 0xA7, 0xB1, 0xE4, 0x29, 0x00, 0x00, 0x00, 0x04, 0xEE, 0xA9, 0xEB, 0x12, 0x00, 0x00, 
0x00, 0x40, 0xC3, 0x00, 0xB5, 0x51, 0x00, 0x00, 0x00, 0x8D, 0x73, 0x00, 0x76, 0x95, 0x66, 0x99, 
0x00, 0xDA, 0x26, 0x00, 0x2A, 0xF3, 0x9F, 0x08, 0x00, 0x00, 0x4A, 0xFA, 0xFF, 0x27, 0x00, 0x00, 
0x26, 0xD9, 0x00, 0x00, 0x00, 0x74, 0x89, 0x00, 0x00, 0x00, 0xC4, 0x3A, 0x00, 0x00, 0x16, 0xE7, 
0x02, 0x00, 0x00, 0x64, 0x9C, 0x00, 0x00, 0x00, 0xB4, 0x4D, 0x00, 0x00, 0x0B, 0xED, 0x09, 0x00, 
0x00, 0x54, 0xAF, 0x14, 0x64, 0x00, 0xA1, 0x64, 0x89, 0x5F, 0x00, 0xB9, 0xAB, 0x59, 0x00, 0x00, 
0x1A, 0xF4, 0xF5, 0x05, 0x63, 0xE4, 0xAB, 0x00, 0x5E, 0xE8, 0x8C, 0x00, 0x5A, 0xB9, 0x65, 0x90, 
0x5B, 0xE1, 0x60, 0xB1, 0x5C, 0xC8, 0x00, 0xA7, 0xA4, 0x8D, 0x01, 0x71, 0xC3, 0x84, 0x01, 0x4D, 
0xAB, 0x04, 0xEE, 0x96, 0x00, 0x00, 0xC6, 0xA9, 0x02, 0x00, 0xB1, 0x3F, 0x40, 0xEB, 0x0E, 0x00, 
0x20, 0xF1, 0x19, 0x00, 0x31, 0xD1, 0x00, 0x8D, 0x7A, 0x00, 0x00, 0x7A, 0x76, 0x00, 0x00, 0x9B, 
0x93, 0x80, 0xC9, 0x0E, 0x00, 0x00, 0xB3, 0x07, 0x00, 0x00, 0xBE, 0xB6, 0x24, 0x40, 0xFA, 0xF5, 
0x04, 0x66, 0xE9, 0x8A, 0x00, 0x2F, 0xBE, 0x5C, 0x8D, 0x4C, 0xC2, 0x00, 0x33, 0x9A, 0x72, 0x00, 
0x55, 0xA6, 0x00, 0x9A, 0x7B, 0x00, 0x00, 0xC3, 0x40, 0x0C, 0xDA, 0x09, 0x00, 0x34, 0xD5, 0x00, 
0x67, 0x78, 0x00, 0x00, 0x9C, 0x8A, 0x79, 0xCD, 0x25, 0x00, 0x00, 0xC0, 0xA8, 0x24, 0x00, 0x00, 
0x57, 0xC9, 0xF4, 0xCC, 0x2F, 0x00, 0x94, 0xD5, 0x3E, 0x08, 0x54, 0xCE, 0x59, 0xDF, 0x14, 0x00, 
0x00, 0x0B, 0xF5, 0xCA, 0x52, 0x00, 0x00, 0x00, 0x52, 0xCD, 0xF5, 0x0A, 0x00, 0x00, 0x12, 0xDD, 
0x62, 0xCE, 0x5B, 0x08, 0x3B, 0xD3, 0xA4, 0x00, 0x2F, 0xCB, 0xF5, 0xCF, 0x64, 0x00, 0x00, 0x00, 
0x00, 0x00, 0x7E, 0xFD, 0xEA, 0x35, 0xCB, 0xF2, 0x67, 0x00, 0x00, 0x00, 0x00, 0x69, 0xD1, 0x82, 
0x19, 0x3D, 0xEE, 0x00, 0x00, 0x00, 0x00, 0xA2, 0x92, 0x00, 0x00, 0x0F, 0xEE, 0x00, 0x00, 0x00, 
0x00, 0xDF, 0x17, 0x00, 0x00, 0x5F, 0xAA, 0x00, 0x00, 0x00, 0x28, 0xBC, 0x00, 0x00, 0x10, 0xD9, 
0x2F, 0x00, 0x00, 0x00, 0x6B, 0xAC, 0x0F, 0x33, 0xCA, 0x6B, 0x00, 0x00, 0x00, 0x00, 0xAC, 0xD3, 
0xF8, 0xCE, 0x52, 0x00, 0x00, 0x00, 0x00, 0x02, 0x9A, 0x00, 0x00, 0x00, 0x00, 0x00, 0x00, 0x00, 
0x04, 0x54, 0x49, 0x00, 0x00, 0x00, 0x00, 0x00, 0x00, 0x0E, 0xFF, 0xFF, 0xFF, 0x77, 0x00, 0x00, 
0x00, 0x00, 0x00, 0x00, 0x00, 0x4C, 0xD4, 0xE7, 0x44, 0xE9, 0x03, 0x00, 0x66, 0xE0, 0x40, 0x10, 
0x96, 0x98, 0x00, 0x2E, 0xE9, 0x23, 0x00, 0x00, 0xC7, 0x44, 0x00, 0xA7, 0x6A, 0x00, 0x00, 0x38, 
0xEB, 0x04, 0x00, 0xEB, 0x11, 0x00, 0x09, 0xC5, 0x9B, 0x00, 0x00, 0xED, 0x3D, 0x24, 0xA1, 0xA9, 
0x46, 0x00, 0x00, 0x70, 0xF2, 0xB7, 0x18, 0xCB, 0x04, 0x00, 0x00, 0x00, 0x00, 0x00, 0x29, 0x9D, 
0x00, 0x00, 0x00, 0x00, 0x00, 0x0C, 0x93, 0x5D, 0x00, 0x00, 0x00, 0x00, 0x5E, 0xFF, 0xFF, 0xFF, 
0x41, 0x00, 0x00, 0x40, 0xFA, 0xED, 0x06, 0x86, 0xDE, 0x00, 0x59, 0x9E, 0x55, 0x42, 0xBD, 0x00, 
0xA7, 0x8A, 0x1B, 0x00, 0x00, 0x04, 0xED, 0x4E, 0x00, 0x00, 0x00, 0x40, 0xD8, 0x02, 0x00, 0x00, 
0x00, 0x8D, 0x74, 0x00, 0x00, 0x00, 0x00, 0xDA, 0x25, 0x00, 0x00, 0x00, 0x00, 0x00, 0x60, 0xE1, 
0xFE, 0xFF, 0xFF, 0x00, 0xF0, 0x41, 0x10, 0x5A, 0xFF, 0x00, 0x7D, 0x7D, 0x00, 0x00, 0x00, 0x00, 
0x00, 0x5A, 0xA6, 0x0C, 0x00, 0xFF, 0x14, 0x00, 0x40, 0xB7, 0x00, 0xFF, 0x8C, 0x0C, 0x44, 0xE8, 
0x00, 0xFF, 0xFF, 0xFC, 0xD3, 0x41, 0x00, 0x00, 0x00, 0x6A, 0x89, 0x00, 0x25, 0xDE, 0x3D, 0x4B, 
0xF8, 0xFF, 0xFF, 0x00, 0x6C, 0xA4, 0x00, 0x00, 0xBC, 0x57, 0x00, 0x10, 0xF5, 0x0F, 0x00, 0x5B, 
0xBD, 0x00, 0x00, 0xA6, 0x6C, 0x3E, 0x78, 0xAF, 0xA7, 0x98, 0x15, 0x15, 0xB7, 0xAB, 0x00, 0x00, 
0x1A, 0xE2, 0x7B, 0x93, 0xB2, 0x00, 0x00, 0x71, 0x94, 0x00, 0xA9, 0x65, 0x00, 0x02, 0xD6, 0x45, 
0x0D, 0xF1, 0x12, 0x00, 0x60, 0xE4, 0x05, 0x5D, 0xB4, 0x00, 0x28, 0x9F, 0xA7, 0x00, 0xAB, 0x62, 
0x1B, 0x83, 0x8E, 0x7A, 0x75, 0xA6, 0xB0, 0x5B, 0x01, 0xA8, 0xB3, 0x2E, 0xFF, 0xFF, 0x2D, 0x00, 
0x00, 0xCF, 0xC2, 0x0B, 0xC4, 0x83, 0x00, 0x00, 0x2E, 0xE3, 0x00, 0x72, 0xB7, 0x00, 0x00, 0x43, 
0x7D, 0x00, 0x46, 0xD9, 0x00, 0x22, 0xC1, 0x09, 0x00, 0x2B, 0xED, 0x1A, 0xD1, 0x30, 0x00, 0x00, 
0x17, 0xFD, 0xDD, 0x5B, 0x00, 0x00, 0x00, 0x08, 0xFF, 0x74, 0x00, 0x00, 0x00, 0xFF, 0xFF, 0x72, 
0x00, 0x00, 0x00, 0xA0, 0x00, 0xC8, 0xC3, 0x09, 0x9C, 0xAC, 0x00, 0x00, 0x60, 0xFF, 0x00, 0x0C, 
0xAC, 0x00, 0x4F, 0xCF, 0x00, 0x2A, 0x98, 0xFF, 0x00, 0x0F, 0x7E, 0x00, 0x30, 0xE6, 0x0A, 0xB2, 
0x0D, 0xFF, 0x00, 0x8F, 0x1F, 0x00, 0x1B, 0xF6, 0x9B, 0x36, 0x00, 0xFF, 0x46, 0x88, 0x00, 0x00, 
0x0D, 0xFF, 0x78, 0x00, 0x00, 0xFF, 0xD2, 0x0F, 0x00, 0x00, 0x04, 0xBE, 0x02, 0x00, 0x00, 0xFF, 
0x57, 0x00, 0x00, 0x00, 0xFF, 0xFF, 0x9D, 0x02, 0x98, 0xD1, 0x00, 0x03, 0x40, 0xF5, 0x6E, 0x22, 
0x00, 0x00, 0x00, 0x00, 0xCF, 0x58, 0x00, 0x00, 0x00, 0x00, 0x09, 0xDA, 0x5E, 0x00, 0x00, 0x00, 
0x00, 0x63, 0x7B, 0x8F, 0x00, 0x00, 0x00, 0x2D, 0x54, 0x43, 0xBF, 0x47, 0x00, 0xCE, 0x96, 0x00, 
0x0F, 0xE2, 0x41, 0x00, 0x00, 0x00, 0xFF, 0xFF, 0x56, 0x00, 0x00, 0xCC, 0xBE, 0x00, 0x00, 0x06, 
0xAE, 0x94, 0x00, 0x00, 0x47, 0xC6, 0x00, 0x00, 0x00, 0x73, 0xAE, 0x00, 0x00, 0x1C, 0x67, 0x00, 
0x00, 0x00, 0x59, 0xC4, 0x00, 0x02, 0x7B, 0x02, 0x00, 0x00, 0x00, 0x41, 0xDA, 0x00, 0x65, 0x14, 
0x00, 0x00, 0x00, 0x00, 0x2A, 0xF0, 0x4C, 0x28, 0x00, 0x00, 0x00, 0x00, 0x00, 0x13, 0xF6, 0x38, 
0x00, 0x00, 0x00, 0x00, 0x00, 0x00, 0x37, 0x4A, 0x00, 0x00, 0x00, 0x00, 0xBF, 0x51, 0x6D, 0x46, 
0x00, 0x00, 0x00, 0x00, 0x00, 0xD3, 0xC4, 0x2E, 0x00, 0x00, 0x00, 0x00, 0x00, 0x00, 0x00, 0x7A, 
0xFF, 0xFF, 0xFF, 0xFF, 0x7F, 0x00, 0xD3, 0x35, 0x00, 0x00, 0x00, 0x00, 0x00, 0x00, 0x00, 0x00, 
0x00, 0x00, 0x00, 0x00, 0x00, 0x00, 0x00, 0x00, 0x00, 0x00, 0x00, 0x00, 0x00, 0x00, 0x00, 0x00, 
0x00, 0x00, 0x00, 0x00, 0x00, 0x32, 0xD2, 0x00, 0x7F, 0xFF, 0xFF, 0xFF, 0xFF, 0x78, 0x00, 0x00, 
0x00, 0x00, 0x0D, 0x6A, 0xA9, 0x00, 0x00, 0x11, 0xC0, 0x12, 0x00, 0x00, 0x00, 0x81, 0x90, 0x00, 
0x00, 0x00, 0x00, 0xB9, 0x4C, 0x00, 0x00, 0x00, 0x02, 0xDD, 0x14, 0x00, 0x00, 0x1E, 0x97, 0x63, 
0x00, 0x00, 0x00, 0xE0, 0x25, 0x00, 0x00, 0x00, 0x00, 0x56, 0xAC, 0x00, 0x00, 0x00, 0x00, 0x10, 
0xF4, 0x00, 0x00, 0x00, 0x00, 0x5C, 0xC0, 0x00, 0x00, 0x00, 0x00, 0xBB, 0x5B, 0x00, 0x00, 0x00, 
0x00, 0xF4, 0x0F, 0x00, 0x00, 0x00, 0x00, 0xD5, 0x5F, 0x00, 0x00, 0x00, 0x00, 0x36, 0xD6, 0x0B, 
0x00, 0x00, 0x00, 0xFF, 0xFF, 0xFF, 0xFF, 0xFF, 0xFF, 0xFF, 0xFF, 0xFF, 0xFF, 0xFF, 0xFF, 0xFF, 
0xFF, 0xFF, 0x00, 0x00, 0x00, 0x09, 0xD6, 0x36, 0x00, 0x00, 0x00, 0x00, 0x60, 0xD5, 0x00, 0x00, 
0x00, 0x00, 0x10, 0xF4, 0x00, 0x00, 0x00, 0x00, 0x5C, 0xBC, 0x00, 0x00, 0x00, 0x00, 0xC1, 0x5C, 
0x00, 0x00, 0x00, 0x00, 0xF5, 0x10, 0x00, 0x00, 0x00, 0x00, 0xAE, 0x5E, 0x00, 0x00, 0x00, 0x00, 
0x25, 0xDF, 0x00, 0x00, 0x00, 0x69, 0x99, 0x1E, 0x00, 0x00, 0x34, 0xE1, 0x02, 0x00, 0x00, 0x00, 
0x47, 0xB8, 0x00, 0x00, 0x00, 0x00, 0x8A, 0x7F, 0x00, 0x00, 0x00, 0x12, 0xBE, 0x10, 0x00, 0x00, 
0xAC, 0x69, 0x0C, 0x00, 0x00, 0x00, 0x5C, 0xF0, 0xE8, 0xB3, 0x71, 0x34, 0x1A, 0xE6, 0xE6, 0x4F, 
0x0F, 0x4E, 0x9E, 0xE7, 0xED, 0x57, 0x00, 0xFF, 0xFF, 0xFF, 0xFF, 0xFF, 0xFF, 0x00, 0x00, 0x00, 
0xFF, 0xFF, 0xFF, 0xFF, 0xFF, 0xFF, 0x00, 0x00, 0x00, 0x00, 0x23, 0xCA, 0xF0, 0x6E, 0x00, 0x00, 
0x00, 0x00, 0xB8, 0x6C, 0x15, 0xC6, 0x00, 0x00, 0x00, 0x00, 0xF3, 0x0A, 0x00, 0x00, 0x00, 0x00, 
0x00, 0x00, 0xDB, 0x38, 0x00, 0x00, 0x00, 0x00, 0x00, 0x00, 0x60, 0xC7, 0x03, 0x00, 0x00, 0x00, 
0x53, 0xDF, 0xFE, 0xFF, 0x74, 0x00, 0x00, 0x00, 0xED, 0x2D, 0x1C, 0xA4, 0xE0, 0x00, 0x00, 0x00, 
0xDD, 0xA4, 0x1E, 0x2A, 0xEC, 0x00, 0x00, 0x00, 0x6F, 0xFF, 0xFF, 0xE2, 0x53, 0x00, 0x00, 0x00, 
0x02, 0xC4, 0x57, 0x00, 0x00, 0x00, 0x00, 0x00, 0x00, 0x38, 0xD3, 0x00, 0x00, 0x00, 0x00, 0x00, 
0x00, 0x0C, 0xF1, 0x00, 0x00, 0x00, 0xD8, 0x44, 0x0B, 0x83, 0xAB, 0x00, 0x00, 0x00, 0x5F, 0xE0, 
0xF3, 0xAC, 0x14, 0x00, 0x00, 0x00, 0x00, 0x00, 0x1E, 0x90, 0xDD, 0xF7, 0xDD, 0x90, 0x1E, 0x00, 
0x00, 0x00, 0x47, 0xED, 0x97, 0x34, 0x0A, 0x18, 0x65, 0xDA, 0x45, 0x00, 0x20, 0xEC, 0x49, 0x50, 
0xCF, 0xE2, 0xBB, 0xD2, 0x22, 0xDF, 0x1D, 0x93, 0x8A, 0x52, 0xBD, 0x22, 0x00, 0x1E, 0xFF, 0x00, 
0x76, 0x8F, 0xDE, 0x28, 0xD2, 0x2A, 0x00, 0x00, 0x00, 0x00, 0x00, 0x22, 0xDD, 0xF8, 0x08, 0xF8, 
0x08, 0x00, 0x00, 0x00, 0x00, 0x00, 0x08, 0xF7, 0xDE, 0x25, 0xD6, 0x2A, 0x00, 0x00, 0x00, 0x00, 
0x00, 0x25, 0xDD, 0x94, 0x80, 0x64, 0xBA, 0x1D, 0x19, 0x90, 0xAE, 0x00, 0x81, 0x90, 0x21, 0xE9, 
0x37, 0x69, 0xDA, 0xF5, 0xB0, 0x15, 0x38, 0xE8, 0x1E, 0x00, 0x49, 0xE9, 0x80, 0x25, 0x08, 0x25, 
0x82, 0xE9, 0x47, 0x00, 0x00, 0x00, 0x22, 0x95, 0xDF, 0xF8, 0xDE, 0x94, 0x21, 0x00, 0x00, 0x00, 
0x00, 0x1F, 0xC0, 0x1F, 0x1F, 0xC0, 0x1F, 0x00, 0x1F, 0xC0, 0x20, 0x1F, 0xC0, 0x20, 0x00, 0x1E, 
0xC0, 0x21, 0x1E, 0xC0, 0x21, 0x00, 0x00, 0xD1, 0x2E, 0x00, 0xD1, 0x2E, 0x00, 0x00, 0x00, 0x94, 
0x6C, 0x00, 0x94, 0x6C, 0x00, 0x00, 0x00, 0x27, 0xD7, 0x01, 0x27, 0xD7, 0x01, 0x00, 0x00, 0x00, 
0xB7, 0x48, 0x00, 0xB7, 0x48, 0x00, 0x00, 0xD8, 0xFF, 0xFF, 0xFF, 0x29, 0x00, 0x00, 0x1E, 0x90, 
0xDD, 0xF7, 0xDD, 0x90, 0x1E, 0x00, 0x00, 0x00, 0x47, 0xE8, 0x84, 0x26, 0x08, 0x26, 0x84, 0xE8, 
0x45, 0x00, 0x20, 0xE8, 0xFF, 0xFF, 0xFF, 0xF9, 0xCD, 0x39, 0x3A, 0xE8, 0x1D, 0x93, 0x80, 0x1A, 
0xFF, 0x09, 0x10, 0x6C, 0xDE, 0x00, 0x84, 0x8F, 0xDE, 0x25, 0x00, 0xFF, 0x03, 0x16, 0x69, 0xE0, 
0x00, 0x26, 0xDD, 0xF8, 0x08, 0x00, 0xFF, 0xFF, 0xFE, 0xC5, 0x33, 0x00, 0x08, 0xF7, 0xDE, 0x25, 
0x00, 0xFF, 0x0E, 0xC4, 0x2E, 0x00, 0x00, 0x25, 0xDD, 0x94, 0x80, 0x1B, 0xFF, 0x00, 0x1C, 0xC8, 
0x1C, 0x00, 0x81, 0x90, 0x21, 0xE9, 0xFF, 0xFF, 0xFF, 0x00, 0x2E, 0xD7, 0xD4, 0xE8, 0x1E, 0x00, 
0x49, 0xE9, 0x80, 0x25, 0x08, 0x25, 0x82, 0xE9, 0x47, 0x00, 0x00, 0x00, 0x22, 0x95, 0xDF, 0xF8, 
0xDE, 0x94, 0x21, 0x00, 0x00, 0x1F, 0xBD, 0xF3, 0xBC, 0x1E, 0xBE, 0x78, 0x0C, 0x78, 0xBC, 0xF4, 
0x0C, 0x00, 0x0C, 0xF3, 0xBC, 0x78, 0x0C, 0x78, 0xBC, 0x1E, 0xBC, 0xF4, 0xBC, 0x1E, 0x00, 0x00, 
0x00, 0x00, 0xFF, 0x00, 0x00, 0x00, 0x00, 0x00, 0x00, 0x00, 0x00, 0xFF, 0x00, 0x00, 0x00, 0x00, 
0x00, 0x00, 0x00, 0x00, 0xFF, 0x00, 0x00, 0x00, 0x00, 0x00, 0x00, 0x00, 0x00, 0xFF, 0x00, 0x00, 
0x00, 0x00, 0xFF, 0xFF, 0xFF, 0xFF, 0xFF, 0xFF, 0xFF, 0xFF, 0xFC, 0x00, 0x00, 0x00, 0x00, 0xFF, 
0x00, 0x00, 0x00, 0x00, 0x00, 0x00, 0x00, 0x00, 0xFF, 0x00, 0x00, 0x00, 0x00, 0x00, 0x00, 0x00, 
0x00, 0xFF, 0x00, 0x00, 0x00, 0x00, 0xFF, 0xFF, 0xFF, 0xFF, 0xFF, 0xFF, 0xFF, 0xFF, 0xFF, 0x2A, 
0xCF, 0x80, 0x6F, 0xD0, 0x15, 0xB5, 0x00, 0x00, 0x49, 0xB6, 0x00, 0x49, 0xB6, 0x00, 0x00, 0x00, 
0x01, 0xD8, 0x26, 0x01, 0xD8, 0x26, 0x00, 0x00, 0x00, 0x6D, 0x93, 0x00, 0x6D, 0x93, 0x00, 0x00, 
0x00, 0x2E, 0xD1, 0x00, 0x2E, 0xD1, 0x00, 0x00, 0x21, 0xC0, 0x1E, 0x21, 0xC0, 0x1E, 0x00, 0x20, 
0xC0, 0x1F, 0x20, 0xC0, 0x1F, 0x00, 0x20, 0xC0, 0x1F, 0x20, 0xC0, 0x1F, 0x00, 0x00, 0x7F, 0x5F, 
0x00, 0x00, 0x5F, 0x80, 0x60, 0xEA, 0x29, 0x2A, 0xE9, 0x5E, 0x00, 0x2A, 0xA9, 0xA5, 0x27, 0x00, 
0x00, 0x2A, 0xA9, 0xA9, 0x2A, 0x00, 0x5F, 0xEA, 0x2A, 0x2A, 0xEA, 0x5F, 0x80, 0x5F, 0x00, 0x00, 
0x60, 0x7F, 0x00, 0x00, 0x00, 0x00, 0xB4, 0x00, 0x00, 0x00, 0x00, 0x00, 0x00, 0x00, 0x00, 0x00, 
0x00, 0x00, 0x00, 0x00, 0x00, 0x00, 0x00, 0x00, 0x00, 0x00, 0x00, 0x00, 0x00, 0xFF, 0xFF, 0xFF, 
0xFF, 0xFF, 0xFF, 0xFF, 0xFF, 0xFF, 0x00, 0x00, 0x00, 0x00, 0x00, 0x00, 0x00, 0x00, 0x00, 0x00, 
0x00, 0x00, 0x00, 0x00, 0x00, 0x00, 0x00, 0x00, 0x00, 0x00, 0x00, 0x00, 0xB4, 0x00, 0x00, 0x00, 
0x00, 0x00, 0x00, 0x00, 0x00, 0x00, 0x00, 0x3F, 0x5B, 0x00, 0x61, 0x39, 0x00, 0x00, 0x00, 0x00, 
0x00, 0x00, 0x00, 0x97, 0xC7, 0x00, 0xCF, 0x8B, 0x00, 0x00, 0x00, 0x00, 0x00, 0x00, 0x00, 0x00, 
0x03, 0x00, 0x03, 0x00, 0x00, 0x00, 0x00, 0x00, 0x28, 0x80, 0x98, 0x91, 0x90, 0x96, 0x98, 0x97, 
0x07, 0x00, 0x00, 0x00, 0x00, 0x74, 0xFA, 0x0D, 0x00, 0x03, 0x4D, 0xCF, 0x00, 0x00, 0x00, 0x00, 
0x00, 0xA1, 0xBD, 0x00, 0x00, 0x00, 0x00, 0x60, 0x00, 0x00, 0x00, 0x00, 0x01, 0xE9, 0x73, 0x00, 
0x00, 0x1D, 0x00, 0x00, 0x00, 0x00, 0x00, 0x00, 0x35, 0xFF, 0x28, 0x00, 0x3D, 0x58, 0x00, 0x00, 
0x00, 0x00, 0x00, 0x00, 0x80, 0xF0, 0x90, 0xA9, 0xFD, 0x17, 0x00, 0x00, 0x00, 0x00, 0x00, 0x00, 
0xCA, 0x99, 0x00, 0x00, 0x84, 0x00, 0x00, 0x00, 0x00, 0x00, 0x00, 0x16, 0xFE, 0x4F, 0x00, 0x00, 
0x29, 0x00, 0x00, 0x00, 0x00, 0x00, 0x00, 0x5F, 0xF9, 0x0C, 0x00, 0x00, 0x00, 0x02, 0x6A, 0x00, 
0x00, 0x00, 0x00, 0xAE, 0xC2, 0x00, 0x00, 0x00, 0x04, 0x97, 0x55, 0x00, 0x00, 0x18, 0x72, 0xFB, 
0xE8, 0x8A, 0x8B, 0xA2, 0xE6, 0xF4, 0x0A, 0x00, 0x00, 0x00, 0x00, 0x00, 0x00, 0x00, 0x00, 0x00, 
0x1C, 0xF2, 0x00, 0x00, 0x00, 0x00, 0x00, 0x00, 0x00, 0x00, 0x00, 0xA3, 0xFF, 0x00, 0x00, 0x00, 
0x00, 0x00, 0x00, 0x00, 0x00, 0x5B, 0x72, 0xFF, 0x00, 0x00, 0x00, 0x00, 0x00, 0x00, 0x00, 0x15, 
0xC9, 0x06, 0xFF, 0x00, 0x00, 0x00, 0x00, 0x00, 0x00, 0x00, 0xA7, 0x57, 0x00, 0xFF, 0x00, 0x00, 
0x00, 0x00, 0x00, 0x00, 0x4C, 0xC9, 0x01, 0x00, 0xFF, 0x00, 0x00, 0x00, 0x00, 0x00, 0x0E, 0xE4, 
0xFF, 0xFF, 0xFF, 0xFF, 0x00, 0x00, 0x00, 0x00, 0x00, 0x99, 0x4E, 0x00, 0x00, 0x00, 0xFF, 0x00, 
0x00, 0x00, 0x00, 0x3F, 0xBB, 0x00, 0x00, 0x00, 0x07, 0xFA, 0x00, 0x00, 0x12, 0x68, 0xE4, 0x21, 
0x00, 0x00, 0x03, 0x5F, 0xFC, 0x28, 0x00, 0xE6, 0xFF, 0xFF, 0xA5, 0x00, 0x00, 0x90, 0xFF, 0xFF, 
0xFF, 0x45, 0x00, 0x00, 0x00, 0x36, 0xFF, 0xFF, 0xFF, 0xFF, 0xFF, 0xFF, 0x59, 0x00, 0x00, 0x00, 
0x00, 0x50, 0xE3, 0x00, 0x01, 0x1A, 0xE4, 0x35, 0x00, 0x00, 0x00, 0x00, 0x69, 0x96, 0x00, 0x00, 
0x00, 0xCD, 0x11, 0x00, 0x00, 0x00, 0x00, 0xB7, 0x48, 0x00, 0x00, 0x00, 0x00, 0x00, 0x00, 0x00, 
0x00, 0x0C, 0xEC, 0x07, 0x00, 0x00, 0x00, 0x00, 0x00, 0x00, 0x00, 0x00, 0x52, 0xFF, 0xFF, 0xF2, 
0xB4, 0x19, 0x00, 0x00, 0x00, 0x00, 0x00, 0x9F, 0x5D, 0x0C, 0x21, 0x48, 0xA8, 0x00, 0x00, 0x00, 
0x00, 0x02, 0xE7, 0x13, 0x00, 0x00, 0x01, 0xEE, 0x00, 0x00, 0x00, 0x00, 0x3A, 0xC3, 0x00, 0x00, 
0x00, 0x3A, 0xDC, 0x00, 0x00, 0x00, 0x10, 0xB4, 0x83, 0x05, 0x17, 0x55, 0xE2, 0x66, 0x00, 0x00, 
0x3E, 0xFF, 0xFF, 0xFF, 0xFF, 0xF7, 0xD3, 0x68, 0x00, 0x00, 0x00, 0x00, 0x00, 0x00, 0x6A, 0xFF, 
0xFF, 0xFF, 0xF5, 0xB2, 0x1D, 0x00, 0x00, 0x00, 0x00, 0x4F, 0xE3, 0x0A, 0x15, 0x8F, 0xBF, 0x00, 
0x00, 0x00, 0x00, 0x5D, 0x96, 0x00, 0x00, 0x0E, 0xF6, 0x00, 0x00, 0x00, 0x00, 0xAB, 0x48, 0x00, 
0x00, 0x41, 0xCA, 0x00, 0x00, 0x00, 0x07, 0xE6, 0x09, 0x19, 0x5B, 0xD9, 0x3C, 0x00, 0x00, 0x00, 
0x49, 0xFF, 0xFF, 0xFF, 0xDE, 0x22, 0x00, 0x00, 0x00, 0x00, 0x98, 0x5D, 0x07, 0x22, 0x74, 0x93, 
0x00, 0x00, 0x00, 0x01, 0xDF, 0x10, 0x00, 0x00, 0x01, 0xDF, 0x00, 0x00, 0x00, 0x36, 0xB6, 0x00, 
0x00, 0x00, 0x37, 0xDE, 0x00, 0x00, 0x0F, 0xB3, 0x6E, 0x03, 0x1A, 0x67, 0xE8, 0x68, 0x00, 0x26, 
0xFF, 0xFF, 0xFF, 0xFE, 0xF4, 0xC2, 0x55, 0x00, 0x00, 0x00, 0x00, 0x00, 0x38, 0x86, 0x98, 0x8B, 
0x88, 0x88, 0x95, 0x98, 0x51, 0x00, 0x00, 0x00, 0x00, 0x75, 0xFA, 0x0E, 0x00, 0x00, 0x07, 0xA6, 
0x4C, 0x00, 0x00, 0x00, 0x00, 0xA3, 0xBE, 0x00, 0x00, 0x00, 0x00, 0x65, 0x0A, 0x00, 0x00, 0x00, 
0x02, 0xEA, 0x73, 0x00, 0x00, 0x00, 0x00, 0x0F, 0x00, 0x00, 0x00, 0x00, 0x3A, 0xFF, 0x28, 0x00, 
0x00, 0x00, 0x00, 0x00, 0x00, 0x00, 0x00, 0x00, 0x86, 0xDD, 0x00, 0x00, 0x00, 0x00, 0x00, 0x00, 
0x00, 0x00, 0x00, 0x00, 0xD2, 0x92, 0x00, 0x00, 0x00, 0x00, 0x00, 0x00, 0x00, 0x00, 0x00, 0x1E, 
0xFF, 0x47, 0x00, 0x00, 0x00, 0x00, 0x00, 0x00, 0x00, 0x00, 0x00, 0x6A, 0xF5, 0x07, 0x00, 0x00, 
0x00, 0x00, 0x00, 0x00, 0x00, 0x00, 0x00, 0xC0, 0xB5, 0x00, 0x00, 0x00, 0x00, 0x00, 0x00, 0x00, 
0x00, 0x2B, 0x83, 0xFF, 0xD6, 0x55, 0x00, 0x00, 0x00, 0x00, 0x00, 0x00, 0x00, 0x00, 0x00, 0x00, 
0x00, 0x0F, 0xFF, 0xFF, 0xFF, 0xFF, 0xFF, 0xFF, 0xFF, 0xFF, 0xEF, 0x00, 0x00, 0x00, 0x00, 0x00, 
0x18, 0xB5, 0x00, 0x00, 0x00, 0x22, 0xF6, 0x4C, 0x08, 0x00, 0x00, 0x00, 0x00, 0x00, 0x12, 0x73, 
0x00, 0x00, 0x00, 0x70, 0x8D, 0x00, 0x00, 0x00, 0x00, 0x00, 0x00, 0x00, 0x60, 0x29, 0x00, 0x00, 
0x00, 0xBE, 0x3B, 0x00, 0x00, 0x00, 0x00, 0x00, 0x00, 0x00, 0x90, 0x00, 0x00, 0x00, 0x10, 0xE7, 
0x02, 0x00, 0x00, 0x00, 0x00, 0x00, 0x00, 0x2C, 0x6E, 0x00, 0x00, 0x00, 0x59, 0xA1, 0x00, 0x00, 
0x00, 0x00, 0x00, 0x00, 0x00, 0x91, 0x13, 0x00, 0x00, 0x00, 0xA6, 0x54, 0x00, 0x00, 0x00, 0x00, 
0x00, 0x00, 0x27, 0x85, 0x00, 0x00, 0x00, 0x04, 0xE8, 0x0D, 0x00, 0x00, 0x00, 0x00, 0x00, 0x02, 
0xAD, 0x15, 0x00, 0x00, 0x00, 0x4D, 0xBA, 0x00, 0x00, 0x00, 0x00, 0x00, 0x1D, 0xA2, 0x57, 0x00, 
0x00, 0x01, 0x19, 0xCD, 0x81, 0x05, 0x00, 0x00, 0x00, 0x20, 0xFF, 0xFF, 0xFF, 0xFF, 0xFF, 0xFF, 
0xFF, 0xFF, 0xFF, 0xFF, 0x00, 0x00, 0x00, 0x61, 0xDE, 0x4F, 0x0D, 0x00, 0x00, 0x00, 0x00, 0x0D, 
0x8F, 0xFF, 0x00, 0x00, 0x00, 0x9D, 0x24, 0x00, 0x00, 0x00, 0x00, 0x00, 0x00, 0x00, 0x12, 0xFF, 
0x00, 0x00, 0x00, 0xD0, 0x00, 0x00, 0x00, 0x00, 0x00, 0x00, 0x00, 0x00, 0x03, 0xFF, 0x00, 0x00, 
0x00, 0x00, 0x00, 0x00, 0x58, 0xFF, 0xFF, 0xFF, 0xFF, 0xFF, 0xFF, 0xFF, 0x00, 0x00, 0x00, 0x00, 
0x56, 0xE2, 0x00, 0x00, 0x00, 0x32, 0xFF, 0x00, 0x00, 0x00, 0x00, 0x5C, 0x91, 0x00, 0x00, 0x00, 
0x00, 0xF8, 0x00, 0x00, 0x00, 0x00, 0xA9, 0x40, 0x00, 0x14, 0xE5, 0x00, 0x00, 0x00, 0x00, 0x00, 
0x06, 0xDE, 0x03, 0x00, 0x62, 0xB2, 0x00, 0x00, 0x00, 0x00, 0x00, 0x49, 0xFF, 0xFF, 0xFF, 0xFF, 
0x7F, 0x00, 0x00, 0x00, 0x00, 0x00, 0x99, 0x60, 0x00, 0x18, 0xF6, 0x4C, 0x00, 0x00, 0x00, 0x00, 
0x01, 0xE4, 0x15, 0x00, 0x00, 0xED, 0x19, 0x00, 0x00, 0x00, 0x00, 0x39, 0xC6, 0x00, 0x00, 0x00, 
0x00, 0x4C, 0xCA, 0x00, 0x00, 0x0E, 0xB4, 0x83, 0x00, 0x00, 0x0D, 0x53, 0xEE, 0x5F, 0x00, 0x2A, 
0xFF, 0xFF, 0xFF, 0xFF, 0xFF, 0xFF, 0xFF, 0xEC, 0x08, 0x00, 0x00, 0x00, 0x00, 0xAE, 0xF3, 0x7E, 
0x00, 0x00, 0x64, 0xFF, 0xFF, 0xFF, 0x6B, 0x00, 0x1E, 0xDA, 0xC1, 0x00, 0x00, 0x00, 0xCA, 0x55, 
0xF9, 0x07, 0x00, 0x03, 0x67, 0xEE, 0x31, 0x01, 0x00, 0xA2, 0x55, 0xC9, 0x00, 0x00, 0x00, 0x00, 
0x00, 0xFA, 0x08, 0x00, 0x00, 0x75, 0x8A, 0x00, 0x00, 0x12, 0xC6, 0x01, 0x00, 0x00, 0x00, 0x00, 
0x00, 0x05, 0xF5, 0x00, 0x00, 0x00, 0xC2, 0x3B, 0x00, 0x00, 0x61, 0x31, 0x00, 0x00, 0x00, 0x00, 
0x00, 0x00, 0x00, 0xE1, 0x59, 0x09, 0x11, 0xE7, 0x05, 0x16, 0x3A, 0x27, 0x00, 0x00, 0x00, 0x00, 
0x00, 0x00, 0x00, 0x08, 0xA3, 0xFF, 0xFF, 0xFF, 0xFF, 0xFF, 0x6E, 0x03, 0x00, 0x00, 0x00, 0x00, 
0x00, 0x00, 0x00, 0x00, 0x91, 0x91, 0x20, 0x03, 0xA7, 0x5E, 0x42, 0x75, 0x26, 0x00, 0x00, 0x00, 
0x00, 0x00, 0x00, 0x00, 0x53, 0xB5, 0x02, 0x00, 0x04, 0xEA, 0x11, 0x00, 0x05, 0xB4, 0x00, 0x00, 
0x00, 0x00, 0x00, 0x00, 0x30, 0xD4, 0x12, 0x00, 0x00, 0x40, 0xC0, 0x00, 0x00, 0x00, 0x75, 0x00, 
0x00, 0x00, 0x00, 0x0E, 0x56, 0xDC, 0x32, 0x00, 0x00, 0x14, 0xC1, 0x88, 0x02, 0x00, 0x00, 0x56, 
0x0F, 0x00, 0x00, 0x00, 0xF4, 0xFF, 0x63, 0x00, 0x00, 0x34, 0xFF, 0xFF, 0xFF, 0x8B, 0x00, 0x00, 
0x24, 0xED, 0xF6, 0x0B, 0x00, 0x00, 0x00, 0xFF, 0x38, 0xAA, 0xF3, 0xD2, 0x41, 0x00, 0x00, 0xFF, 
0xEF, 0x52, 0x0A, 0x39, 0xE5, 0x00, 0x00, 0xFF, 0x4C, 0x00, 0x00, 0x31, 0xD2, 0x00, 0x00, 0x00, 
0x03, 0x18, 0x5A, 0xC4, 0x2D, 0x00, 0x00, 0x00, 0xEC, 0xFF, 0xBE, 0x0B, 0x00, 0x00, 0x00, 0x00, 
0x05, 0x29, 0xB1, 0x55, 0x00, 0x00, 0x00, 0x00, 0x00, 0x00, 0x14, 0xD2, 0x00, 0x00, 0x00, 0x00, 
0x00, 0x00, 0x04, 0xE8, 0x00, 0x00, 0x00, 0x00, 0x00, 0x00, 0x68, 0x9F, 0x00, 0xB7, 0x50, 0x13, 
0x12, 0x73, 0xE2, 0x1A, 0x00, 0x51, 0xCA, 0xF8, 0xF1, 0xAE, 0x23, 0x00, 0x00, 0x00, 0x00, 0x00, 
0x58, 0xFF, 0xFF, 0xFF, 0x7D, 0x00, 0x68, 0xFC, 0xFF, 0xFF, 0x5D, 0x00, 0x00, 0x00, 0x01, 0x5C, 
0xF7, 0x3B, 0x03, 0x00, 0x18, 0xDB, 0xE2, 0x28, 0x01, 0x00, 0x00, 0x00, 0x00, 0x62, 0x9E, 0x00, 
0x00, 0x12, 0xBD, 0xDA, 0x70, 0x00, 0x00, 0x00, 0x00, 0x00, 0x00, 0xA6, 0x4B, 0x00, 0x0C, 0xB7, 
0x33, 0xF1, 0x24, 0x00, 0x00, 0x00, 0x00, 0x00, 0x05, 0xE6, 0x08, 0x08, 0xB0, 0x37, 0x37, 0xDE, 
0x00, 0x00, 0x00, 0x00, 0x00, 0x00, 0x47, 0xB0, 0x04, 0xA8, 0x3F, 0x00, 0x78, 0x98, 0x00, 0x00, 
0x00, 0x00, 0x00, 0x00, 0x97, 0x65, 0x9E, 0x47, 0x00, 0x00, 0xB9, 0x52, 0x00, 0x00, 0x00, 0x00, 
0x00, 0x01, 0xE4, 0xAB, 0x50, 0x00, 0x00, 0x05, 0xF1, 0x10, 0x00, 0x00, 0x00, 0x00, 0x00, 0x37, 
0xFD, 0x5A, 0x00, 0x00, 0x00, 0x3F, 0xC6, 0x00, 0x00, 0x00, 0x00, 0x00, 0x0D, 0xAC, 0x9C, 0x02, 
0x00, 0x00, 0x11, 0xC0, 0x80, 0x01, 0x00, 0x00, 0x00, 0x2C, 0xFF, 0xFF, 0xFF, 0x9F, 0x00, 0x2C, 
0xFF, 0xFF, 0xFF, 0x7D, 0x00, 0x00, 0x00, 0x00, 0x00, 0x00, 0x00, 0x00, 0x00, 0xB9, 0x00, 0x00, 
0x01, 0xB3, 0x00, 0x00, 0x00, 0x00, 0x00, 0x00, 0x00, 0x00, 0x00, 0xD9, 0x69, 0x0C, 0x7F, 0xBE, 
0x00, 0x00, 0x00, 0x00, 0x00, 0x00, 0x00, 0x00, 0x00, 0x3B, 0xDF, 0xED, 0xA2, 0x15, 0x00, 0x00, 
0x00, 0x00, 0x00, 0x00, 0x00, 0x00, 0x00, 0x00, 0x00, 0x00, 0x00, 0x00, 0x00, 0x00, 0x00, 0x00, 
0x00, 0x00, 0x58, 0xFF, 0xFF, 0xFF, 0x7D, 0x00, 0x68, 0xFC, 0xFF, 0xFF, 0x5D, 0x00, 0x00, 0x00, 
0x01, 0x5C, 0xF7, 0x3B, 0x03, 0x00, 0x18, 0xDB, 0xE2, 0x28, 0x01, 0x00, 0x00, 0x00, 0x00, 0x62, 
0x9E, 0x00, 0x00, 0x12, 0xBD, 0xDA, 0x70, 0x00, 0x00, 0x00, 0x00, 0x00, 0x00, 0xA6, 0x4B, 0x00, 
0x0C, 0xB7, 0x33, 0xF1, 0x24, 0x00, 0x00, 0x00, 0x00, 0x00, 0x05, 0xE6, 0x08, 0x08, 0xB0, 0x37, 
0x37, 0xDE, 0x00, 0x00, 0x00, 0x00, 0x00, 0x00, 0x47, 0xB0, 0x04, 0xA8, 0x3F, 0x00, 0x78, 0x98, 
0x00, 0x00, 0x00, 0x00, 0x00, 0x00, 0x97, 0x65, 0x9E, 0x47, 0x00, 0x00, 0xB9, 0x52, 0x00, 0x00, 
0x00, 0x00, 0x00, 0x01, 0xE4, 0xAB, 0x50, 0x00, 0x00, 0x05, 0xF1, 0x10, 0x00, 0x00, 0x00, 0x00, 
0x00, 0x37, 0xFD, 0x5A, 0x00, 0x00, 0x00, 0x3F, 0xC6, 0x00, 0x00, 0x00, 0x00, 0x00, 0x0D, 0xAC, 
0x9C, 0x02, 0x00, 0x00, 0x11, 0xC0, 0x80, 0x01, 0x00, 0x00, 0x00, 0x2C, 0xFF, 0xFF, 0xFF, 0x9F, 
0x00, 0x2C, 0xFF, 0xFF, 0xFF, 0x7D, 0x00, 0x00, 0x00, 0x00, 0x00, 0x00, 0x5C, 0xFF, 0xFF, 0xFF, 
0xA9, 0x00, 0x01, 0x92, 0xF4, 0xB3, 0x00, 0x00, 0x00, 0x01, 0x53, 0xF2, 0x35, 0x04, 0x00, 0x59, 
0x31, 0xA1, 0xC6, 0x00, 0x00, 0x00, 0x00, 0x71, 0x92, 0x00, 0x00, 0x07, 0x77, 0x00, 0x00, 0x00, 
0x00, 0x00, 0x00, 0x00, 0xBF, 0x39, 0x00, 0x00, 0x70, 0x19, 0x00, 0x00, 0x00, 0x00, 0x00, 0x00, 
0x10, 0xDF, 0x03, 0x13, 0x6D, 0x5E, 0x00, 0x00, 0x00, 0x00, 0x00, 0x00, 0x00, 0x58, 0xFF, 0xFF, 
0xEF, 0x52, 0x00, 0x00, 0x00, 0x00, 0x00, 0x00, 0x00, 0x00, 0xA5, 0x68, 0x16, 0xCA, 0x45, 0x00, 
0x00, 0x00, 0x00, 0x00, 0x00, 0x00, 0x04, 0xEB, 0x17, 0x00, 0x3B, 0xC0, 0x00, 0x00, 0x00, 0x00, 
0x00, 0x00, 0x00, 0x3F, 0xC2, 0x00, 0x00, 0x00, 0xC6, 0x34, 0x00, 0x00, 0x00, 0x00, 0x00, 0x10, 
0xB4, 0x8F, 0x04, 0x00, 0x00, 0x54, 0xAE, 0x00, 0x00, 0x00, 0x00, 0x46, 0xFF, 0xFF, 0xFF, 0x97, 
0x00, 0x00, 0x03, 0xDE, 0xDD, 0xF6, 0x00, 0x00, 0x00, 0x00, 0x00, 0x09, 0xFF, 0xFF, 0xFF, 0xFF, 
0xFF, 0xFF, 0xFF, 0xFF, 0xFF, 0x6B, 0x00, 0x00, 0x00, 0x00, 0x09, 0x36, 0xFF, 0x1D, 0x00, 0x2D, 
0xFD, 0x68, 0x12, 0x01, 0x00, 0x00, 0x00, 0x00, 0x00, 0x2B, 0xDD, 0x00, 0x00, 0x6D, 0x9D, 0x00, 
0x00, 0x00, 0x00, 0x00, 0x00, 0x00, 0x00, 0x79, 0x89, 0x00, 0x00, 0xAD, 0x54, 0x00, 0x00, 0x00, 
0x00, 0x00, 0x00, 0x00, 0x00, 0xD0, 0x2A, 0x00, 0x01, 0xE9, 0x15, 0x00, 0x00, 0x00, 0x00, 0x00, 
0x00, 0x00, 0x2C, 0xC1, 0x00, 0x00, 0x2D, 0xD3, 0x00, 0x00, 0x00, 0x00, 0x00, 0x00, 0x00, 0x00, 
0x8D, 0x52, 0x00, 0x00, 0x6D, 0x92, 0x00, 0x00, 0x00, 0x00, 0x00, 0x00, 0x00, 0x07, 0xC6, 0x02, 
0x00, 0x00, 0xAD, 0x52, 0x00, 0x00, 0x00, 0x00, 0x00, 0x00, 0x00, 0x61, 0x60, 0x00, 0x00, 0x02, 
0xE8, 0x13, 0x00, 0x00, 0x00, 0x00, 0xCF, 0xC9, 0x26, 0xB3, 0x03, 0x00, 0x07, 0x75, 0xD6, 0x0B, 
0x00, 0x00, 0x00, 0x00, 0x8E, 0xF4, 0xC7, 0x22, 0x00, 0x00, 0xC4, 0xFF, 0xFF, 0xE1, 0x00, 0x00, 
0x00, 0x00, 0x00, 0x00, 0x00, 0x66, 0xFF, 0xFF, 0x6E, 0x00, 0x00, 0x00, 0x00, 0x00, 0x29, 0xF7, 
0xFF, 0x8C, 0x00, 0x00, 0x00, 0x01, 0x43, 0xFF, 0x83, 0x00, 0x00, 0x00, 0x00, 0x04, 0xCC, 0xED, 
0x2B, 0x02, 0x00, 0x00, 0x00, 0x00, 0x73, 0xEC, 0x98, 0x00, 0x00, 0x00, 0x00, 0x82, 0xEC, 0x8D, 
0x00, 0x00, 0x00, 0x00, 0x00, 0x00, 0xBF, 0x91, 0xAE, 0x00, 0x00, 0x00, 0x36, 0xC4, 0xC5, 0x3F, 
0x00, 0x00, 0x00, 0x00, 0x00, 0x10, 0xEB, 0x40, 0xC3, 0x00, 0x00, 0x0A, 0xCE, 0x38, 0xEB, 0x04, 
0x00, 0x00, 0x00, 0x00, 0x00, 0x59, 0xA7, 0x26, 0xD8, 0x00, 0x00, 0x94, 0x69, 0x5B, 0xA6, 0x00, 
0x00, 0x00, 0x00, 0x00, 0x00, 0xA5, 0x5A, 0x10, 0xEE, 0x00, 0x45, 0xB7, 0x00, 0xA7, 0x5A, 0x00, 
0x00, 0x00, 0x00, 0x00, 0x03, 0xEA, 0x11, 0x00, 0xF9, 0x15, 0xD1, 0x1A, 0x04, 0xEA, 0x11, 0x00, 
0x00, 0x00, 0x00, 0x00, 0x3F, 0xC1, 0x00, 0x00, 0xE6, 0xBC, 0x56, 0x00, 0x43, 0xC1, 0x00, 0x00, 
0x00, 0x00, 0x00, 0x10, 0xAF, 0x87, 0x03, 0x00, 0xD0, 0xA5, 0x00, 0x13, 0xC5, 0x85, 0x01, 0x00, 
0x00, 0x00, 0x5C, 0xFF, 0xFF, 0xFF, 0x93, 0x00, 0x9E, 0x10, 0x62, 0xFF, 0xFF, 0xFF, 0xA9, 0x00, 
0x00, 0x00, 0x00, 0x00, 0x00, 0x60, 0xFF, 0xFF, 0xFF, 0x6F, 0x00, 0x62, 0xFF, 0xFF, 0xFF, 0x63, 
0x00, 0x00, 0x00, 0x01, 0x56, 0xF0, 0x32, 0x01, 0x00, 0x00, 0x55, 0xF0, 0x33, 0x01, 0x00, 0x00, 
0x00, 0x00, 0x60, 0x90, 0x00, 0x00, 0x00, 0x00, 0x67, 0x8E, 0x00, 0x00, 0x00, 0x00, 0x00, 0x00, 
0xAC, 0x41, 0x00, 0x00, 0x00, 0x00, 0xB5, 0x3F, 0x00, 0x00, 0x00, 0x00, 0x00, 0x07, 0xE4, 0x05, 
0x00, 0x00, 0x00, 0x0C, 0xE7, 0x04, 0x00, 0x00, 0x00, 0x00, 0x00, 0x4A, 0xFF, 0xFF, 0xFF, 0xFF, 
0xFF, 0xFF, 0xA7, 0x00, 0x00, 0x00, 0x00, 0x00, 0x00, 0x99, 0x59, 0x00, 0x00, 0x00, 0x00, 0xA2, 
0x5B, 0x00, 0x00, 0x00, 0x00, 0x00, 0x01, 0xE3, 0x12, 0x00, 0x00, 0x00, 0x02, 0xE7, 0x12, 0x00, 
0x00, 0x00, 0x00, 0x00, 0x38, 0xC3, 0x00, 0x00, 0x00, 0x00, 0x39, 0xC3, 0x00, 0x00, 0x00, 0x00, 
0x00, 0x0F, 0xB5, 0x85, 0x02, 0x00, 0x00, 0x0E, 0xB4, 0x85, 0x02, 0x00, 0x00, 0x00, 0x2E, 0xFF, 
0xFF, 0xFF, 0x67, 0x00, 0x2A, 0xFF, 0xFF, 0xFF, 0x81, 0x00, 0x00, 0x00, 0x00, 0x00, 0x00, 0x11, 
0x87, 0xDB, 0xF8, 0xDA, 0x65, 0x00, 0x00, 0x00, 0x34, 0xD8, 0x78, 0x22, 0x08, 0x36, 0xD4, 0x5B, 
0x00, 0x28, 0xE2, 0x2E, 0x00, 0x00, 0x00, 0x00, 0x37, 0xCD, 0x02, 0xCD, 0x60, 0x00, 0x00, 0x00, 
0x00, 0x00, 0x03, 0xE8, 0x57, 0xD0, 0x01, 0x00, 0x00, 0x00, 0x00, 0x00, 0x00, 0xAC, 0xB4, 0x68, 
0x00, 0x00, 0x00, 0x00, 0x00, 0x00, 0x12, 0xA8, 0xE8, 0x21, 0x00, 0x00, 0x00, 0x00, 0x00, 0x00, 
0x9F, 0x53, 0xF8, 0x09, 0x00, 0x00, 0x00, 0x00, 0x00, 0x62, 0xD4, 0x05, 0xCC, 0x3D, 0x00, 0x00, 
0x00, 0x00, 0x4C, 0xF6, 0x35, 0x00, 0x58, 0xD8, 0x39, 0x08, 0x20, 0x75, 0xE7, 0x45, 0x00, 0x00, 
0x00, 0x63, 0xD9, 0xF7, 0xD8, 0x8E, 0x1B, 0x00, 0x00, 0x00, 0x00, 0x00, 0x00, 0x39, 0x89, 0x98, 
0x8B, 0x88, 0x88, 0x88, 0x88, 0x96, 0x90, 0x47, 0x00, 0x00, 0x00, 0x00, 0x74, 0xFC, 0x11, 0x00, 
0x00, 0x00, 0x14, 0xFD, 0x64, 0x00, 0x00, 0x00, 0x00, 0x00, 0x9E, 0xC3, 0x00, 0x00, 0x00, 0x00, 
0x5E, 0xF8, 0x0C, 0x00, 0x00, 0x00, 0x00, 0x01, 0xE8, 0x79, 0x00, 0x00, 0x00, 0x00, 0xA9, 0xBA, 
0x00, 0x00, 0x00, 0x00, 0x00, 0x37, 0xFF, 0x2F, 0x00, 0x00, 0x00, 0x04, 0xEF, 0x6F, 0x00, 0x00, 
0x00, 0x00, 0x00, 0x84, 0xE4, 0x00, 0x00, 0x00, 0x00, 0x3F, 0xFF, 0x25, 0x00, 0x00, 0x00, 0x00, 
0x00, 0xD0, 0x9A, 0x00, 0x00, 0x00, 0x00, 0x8B, 0xDA, 0x00, 0x00, 0x00, 0x00, 0x00, 0x1D, 0xFF, 
0x50, 0x00, 0x00, 0x00, 0x00, 0xD6, 0x8F, 0x00, 0x00, 0x00, 0x00, 0x00, 0x6A, 0xF9, 0x0C, 0x00, 
0x00, 0x00, 0x21, 0xFF, 0x45, 0x00, 0x00, 0x00, 0x00, 0x00, 0xB9, 0xC7, 0x00, 0x00, 0x00, 0x00, 
0x77, 0xFB, 0x08, 0x00, 0x00, 0x00, 0x20, 0x7A, 0xFE, 0xE5, 0x4E, 0x00, 0x06, 0x65, 0xED, 0xFD, 
0x66, 0x01, 0x00, 0x00, 0x00, 0x00, 0x00, 0x5E, 0xFF, 0xFF, 0xFF, 0xFF, 0xE7, 0xA2, 0x15, 0x00, 
0x00, 0x00, 0x02, 0x60, 0xDD, 0x0F, 0x02, 0x0D, 0x69, 0xB3, 0x00, 0x00, 0x00, 0x00, 0x5F, 0x90, 
0x00, 0x00, 0x00, 0x0A, 0xF3, 0x00, 0x00, 0x00, 0x00, 0xA8, 0x43, 0x00, 0x00, 0x00, 0x51, 0xC9, 
0x00, 0x00, 0x00, 0x06, 0xED, 0x2D, 0x05, 0x1A, 0x6A, 0xE8, 0x39, 0x00, 0x00, 0x00, 0x49, 0xC7, 
0xB9, 0xF5, 0xE7, 0xA2, 0x26, 0x00, 0x00, 0x00, 0x00, 0x99, 0x5D, 0x00, 0x00, 0x00, 0x00, 0x00, 
0x00, 0x00, 0x00, 0x01, 0xE3, 0x13, 0x00, 0x00, 0x00, 0x00, 0x00, 0x00, 0x00, 0x00, 0x39, 0xC3, 
0x00, 0x00, 0x00, 0x00, 0x00, 0x00, 0x00, 0x00, 0x11, 0xBB, 0x7D, 0x02, 0x00, 0x00, 0x00, 0x00, 
0x00, 0x00, 0x38, 0xFF, 0xFF, 0xFF, 0x85, 0x00, 0x00, 0x00, 0x00, 0x00, 0x00, 0x00, 0x00, 0x00, 
0x3F, 0xAF, 0xE6, 0xE8, 0x6E, 0x43, 0xDF, 0x00, 0x04, 0x8D, 0x89, 0x34, 0x0C, 0x22, 0xBB, 0xFF, 
0x9F, 0x00, 0x8E, 0x6A, 0x00, 0x00, 0x00, 0x00, 0x2A, 0xFF, 0x5F, 0x30, 0xDD, 0x02, 0x00, 0x00, 
0x00, 0x00, 0x04, 0xFF, 0x1F, 0x93, 0x80, 0x00, 0x00, 0x00, 0x00, 0x00, 0x00, 0x00, 0x00, 0xD8, 
0x30, 0x00, 0x00, 0x00, 0x00, 0x00, 0x00, 0x00, 0x00, 0xF5, 0x0B, 0x00, 0x00, 0x00, 0x00, 0x00, 
0x00, 0x00, 0x00, 0xED, 0x19, 0x00, 0x00, 0x00, 0x00, 0x00, 0x00, 0x00, 0x00, 0xB0, 0x6F, 0x00, 
0x00, 0x00, 0x00, 0x07, 0x72, 0x00, 0x00, 0x2F, 0xEE, 0x73, 0x1B, 0x0A, 0x40, 0xAC, 0x1C, 0x00, 
0x00, 0x00, 0x34, 0xB9, 0xF1, 0xEC, 0xA8, 0x1F, 0x00, 0x00, 0x00, 0x26, 0xFF, 0xFF, 0xFF, 0xFF, 
0xFF, 0xFF, 0xFF, 0xFF, 0xED, 0x03, 0x74, 0xE0, 0x41, 0x06, 0x0B, 0xEC, 0x09, 0x0C, 0x8A, 0xA5, 
0x00, 0xC1, 0x47, 0x00, 0x00, 0x50, 0xAF, 0x00, 0x00, 0x7E, 0x59, 0x00, 0x00, 0x00, 0x00, 0x00, 
0x9D, 0x62, 0x00, 0x00, 0x00, 0x00, 0x00, 0x00, 0x00, 0x00, 0x01, 0xE6, 0x16, 0x00, 0x00, 0x00, 
0x00, 0x00, 0x00, 0x00, 0x00, 0x38, 0xC7, 0x00, 0x00, 0x00, 0x00, 0x00, 0x00, 0x00, 0x00, 0x00, 
0x85, 0x7A, 0x00, 0x00, 0x00, 0x00, 0x00, 0x00, 0x00, 0x00, 0x00, 0xD2, 0x2C, 0x00, 0x00, 0x00, 
0x00, 0x00, 0x00, 0x00, 0x00, 0x23, 0xDA, 0x00, 0x00, 0x00, 0x00, 0x00, 0x00, 0x00, 0x00, 0x0C, 
0xAC, 0x97, 0x02, 0x00, 0x00, 0x00, 0x00, 0x00, 0x00, 0x40, 0xFF, 0xFF, 0xFF, 0xE7, 0x00, 0x00, 
0x00, 0x00, 0x00, 0x00, 0xA2, 0xFF, 0xFF, 0xFF, 0xE1, 0x00, 0x00, 0x00, 0xB6, 0xFF, 0xFF, 0xB5, 
0x02, 0x11, 0x97, 0x92, 0x05, 0x00, 0x00, 0x00, 0x03, 0xD0, 0x75, 0x0E, 0x00, 0x00, 0x1C, 0xD6, 
0x00, 0x00, 0x00, 0x00, 0x51, 0xB1, 0x00, 0x00, 0x00, 0x00, 0x00, 0xCE, 0x25, 0x00, 0x00, 0x08, 
0xD6, 0x21, 0x00, 0x00, 0x00, 0x00, 0x00, 0x83, 0x72, 0x00, 0x00, 0x7C, 0x83, 0x00, 0x00, 0x00, 
0x00, 0x00, 0x00, 0x38, 0xC0, 0x00, 0x1C, 0xD7, 0x0A, 0x00, 0x00, 0x00, 0x00, 0x00, 0x00, 0x02, 
0xE5, 0x12, 0xA7, 0x57, 0x00, 0x00, 0x00, 0x00, 0x00, 0x00, 0x00, 0x00, 0xA0, 0x99, 0xBF, 0x00, 
0x00, 0x00, 0x00, 0x00, 0x00, 0x00, 0x00, 0x00, 0x54, 0xFA, 0x2D, 0x00, 0x00, 0x00, 0x00, 0x00, 
0x00, 0xD5, 0xD5, 0x1C, 0x85, 0x7F, 0x00, 0x00, 0x00, 0x00, 0x00, 0x00, 0x00, 0x5F, 0xE3, 0xF0, 
0x8A, 0x01, 0x00, 0x00, 0x00, 0x00, 0x00, 0x00, 0x00, 0x00, 0x00, 0x00, 0xA6, 0xFF, 0xFF, 0xFF, 
0xFF, 0xA7, 0x00, 0x00, 0x00, 0x00, 0x00, 0x00, 0x02, 0x0B, 0x58, 0xE6, 0x28, 0x03, 0x00, 0x00, 
0x00, 0x00, 0x1C, 0x80, 0xC2, 0xE8, 0xFB, 0xFF, 0xF2, 0xC2, 0x3E, 0x00, 0x00, 0x78, 0xB6, 0x5B, 
0x2A, 0x10, 0xC0, 0x3D, 0x17, 0x49, 0xB5, 0x30, 0x6B, 0xAA, 0x00, 0x00, 0x00, 0x10, 0xE7, 0x02, 
0x00, 0x00, 0x13, 0xC4, 0xDE, 0x2A, 0x00, 0x00, 0x00, 0x58, 0xA3, 0x00, 0x00, 0x00, 0x00, 0x9F, 
0xCF, 0x1C, 0x00, 0x00, 0x00, 0xA5, 0x58, 0x00, 0x00, 0x00, 0x55, 0x72, 0x44, 0xD2, 0x4E, 0x17, 
0x06, 0xEA, 0x24, 0x33, 0x6F, 0xCF, 0x8A, 0x01, 0x00, 0x53, 0xC1, 0xEE, 0xFD, 0xFE, 0xEC, 0xC9, 
0x8C, 0x2C, 0x00, 0x00, 0x00, 0x00, 0x00, 0x00, 0x99, 0x79, 0x00, 0x00, 0x00, 0x00, 0x00, 0x00, 
0x00, 0x00, 0xE8, 0xF2, 0xFE, 0xFF, 0x7D, 0x00, 0x00, 0x00, 0x00, 0x00, 0x00, 0x00, 0x00, 0x82, 
0xFF, 0xFF, 0xE7, 0x00, 0x00, 0xDA, 0xFF, 0xFF, 0xFF, 0x29, 0x00, 0x00, 0x00, 0x05, 0x6F, 0xDE, 
0x05, 0x00, 0x00, 0x22, 0xEB, 0x85, 0x2A, 0x00, 0x00, 0x00, 0x00, 0x00, 0x02, 0xE1, 0x1C, 0x00, 
0x14, 0xC2, 0x35, 0x00, 0x00, 0x00, 0x00, 0x00, 0x00, 0x00, 0x00, 0x97, 0x64, 0x15, 0xBB, 0x2D, 
0x00, 0x00, 0x00, 0x00, 0x00, 0x00, 0x00, 0x00, 0x00, 0x4E, 0xBE, 0xBC, 0x2B, 0x00, 0x00, 0x00, 
0x00, 0x00, 0x00, 0x00, 0x00, 0x00, 0x00, 0x23, 0xFF, 0x2D, 0x00, 0x00, 0x00, 0x00, 0x00, 0x00, 
0x00, 0x00, 0x00, 0x00, 0x1A, 0xBA, 0xD2, 0x3C, 0x00, 0x00, 0x00, 0x00, 0x00, 0x00, 0x00, 0x00, 
0x00, 0x1C, 0xBC, 0x22, 0x79, 0x83, 0x00, 0x00, 0x00, 0x00, 0x00, 0x00, 0x00, 0x00, 0x21, 0xBD, 
0x21, 0x00, 0x32, 0xC8, 0x00, 0x00, 0x00, 0x00, 0x00, 0x00, 0x17, 0x6B, 0xD1, 0x14, 0x00, 0x00, 
0x0E, 0xEF, 0x3C, 0x04, 0x00, 0x00, 0x00, 0x00, 0xFF, 0xFF, 0xFF, 0x89, 0x00, 0x05, 0xFE, 0xFF, 
0xFF, 0xBF, 0x00, 0x00, 0x00, 0x00, 0x00, 0x00, 0x00, 0x46, 0xFF, 0xFF, 0xFF, 0x71, 0x00, 0x64, 
0xFF, 0xFF, 0xFF, 0x83, 0x00, 0x00, 0x00, 0x00, 0x56, 0xEC, 0x22, 0x01, 0x00, 0x01, 0x5B, 0xF4, 
0x38, 0x02, 0x00, 0x00, 0x00, 0x00, 0x5E, 0x93, 0x00, 0x00, 0x00, 0x00, 0x62, 0x93, 0x00, 0x00, 
0x00, 0x00, 0x00, 0x00, 0xAA, 0x45, 0x00, 0x00, 0x00, 0x00, 0xA9, 0x41, 0x00, 0x00, 0x00, 0x00, 
0x00, 0x06, 0xE5, 0x06, 0x00, 0x00, 0x00, 0x07, 0xE3, 0x04, 0x00, 0x00, 0x00, 0x00, 0x00, 0x48, 
0xAC, 0x00, 0x00, 0x00, 0x00, 0x4A, 0xA8, 0x00, 0x00, 0x00, 0x00, 0x00, 0x00, 0x98, 0x60, 0x00, 
0x00, 0x00, 0x00, 0x9A, 0x5C, 0x00, 0x00, 0x00, 0x00, 0x00, 0x01, 0xE3, 0x16, 0x00, 0x00, 0x00, 
0x01, 0xE4, 0x13, 0x00, 0x00, 0x00, 0x00, 0x00, 0x37, 0xC7, 0x00, 0x00, 0x00, 0x00, 0x3D, 0xC3, 
0x00, 0x00, 0x00, 0x00, 0x00, 0x10, 0xB8, 0x8E, 0x02, 0x00, 0x00, 0x15, 0xC2, 0x8C, 0x05, 0x00, 
0x00, 0x00, 0x2C, 0xFF, 0xFF, 0xFF, 0xFF, 0xFF, 0xFF, 0xFF, 0xFF, 0xFF, 0xDF, 0x00, 0x00, 0x00, 
0x00, 0x00, 0x00, 0x00, 0x00, 0x00, 0x00, 0x05, 0x4B, 0xFD, 0x9F, 0x00, 0x00, 0x00, 0x00, 0x00, 
0x00, 0x00, 0x00, 0x00, 0x00, 0x00, 0x00, 0xCE, 0x5F, 0x00, 0x00, 0x00, 0x00, 0x00, 0x00, 0x00, 
0x00, 0x00, 0x00, 0x00, 0x00, 0xE2, 0x1F, 0x00, 0x00, 0x00, 0x2A, 0xFF, 0xFF, 0xFF, 0x8D, 0x00, 
0x82, 0xFF, 0xFF, 0xFF, 0xFF, 0xC9, 0x00, 0x09, 0x4B, 0xDF, 0x03, 0x00, 0x01, 0x0A, 0x66, 0xEC, 
0x2F, 0x05, 0x00, 0x00, 0x2B, 0xAC, 0x00, 0x00, 0x00, 0x00, 0x72, 0x8B, 0x00, 0x00, 0x00, 0x08, 
0xE3, 0x2A, 0x00, 0x00, 0x00, 0x00, 0xC2, 0x3B, 0x00, 0x00, 0x00, 0x36, 0xE3, 0x00, 0x00, 0x00, 
0x00, 0x13, 0xE8, 0x02, 0x00, 0x00, 0x00, 0x22, 0xF7, 0x48, 0x07, 0x0D, 0x2F, 0x95, 0xA1, 0x00, 
0x00, 0x00, 0x00, 0x00, 0x6D, 0xE3, 0xF7, 0xDB, 0x98, 0xBD, 0x54, 0x00, 0x00, 0x00, 0x00, 0x00, 
0x00, 0x00, 0x00, 0x00, 0x01, 0xDE, 0x0E, 0x00, 0x00, 0x00, 0x00, 0x00, 0x00, 0x00, 0x00, 0x00, 
0x3D, 0xBB, 0x00, 0x00, 0x00, 0x00, 0x00, 0x00, 0x00, 0x00, 0x00, 0x16, 0xC0, 0x7A, 0x01, 0x00, 
0x00, 0x00, 0x00, 0x00, 0x00, 0x00, 0x3C, 0xFF, 0xFF, 0xFF, 0x79, 0x00, 0x00, 0x00, 0x00, 0x00, 
0x00, 0x46, 0xFF, 0xFF, 0xFF, 0x4F, 0x00, 0xF6, 0xFF, 0xFE, 0x55, 0x00, 0x00, 0xF9, 0xFF, 0xFF, 
0x51, 0x00, 0x00, 0x00, 0x01, 0x5F, 0xE9, 0x22, 0x00, 0x00, 0x5D, 0xE0, 0x07, 0x00, 0x00, 0x00, 
0x5C, 0xE6, 0x1F, 0x00, 0x00, 0x00, 0x00, 0x00, 0x66, 0x8B, 0x00, 0x00, 0x00, 0x61, 0x8C, 0x00, 
0x00, 0x00, 0x00, 0x65, 0x8B, 0x00, 0x00, 0x00, 0x00, 0x00, 0x00, 0xB3, 0x3C, 0x00, 0x00, 0x00, 
0xAC, 0x3F, 0x00, 0x00, 0x00, 0x00, 0xAF, 0x3D, 0x00, 0x00, 0x00, 0x00, 0x00, 0x0A, 0xE3, 0x03, 
0x00, 0x00, 0x07, 0xE2, 0x04, 0x00, 0x00, 0x00, 0x09, 0xE2, 0x03, 0x00, 0x00, 0x00, 0x00, 0x00, 
0x50, 0xA3, 0x00, 0x00, 0x00, 0x4B, 0xA6, 0x00, 0x00, 0x00, 0x00, 0x4E, 0xA3, 0x00, 0x00, 0x00, 
0x00, 0x00, 0x00, 0x9E, 0x56, 0x00, 0x00, 0x00, 0x9A, 0x59, 0x00, 0x00, 0x00, 0x00, 0x9E, 0x56, 
0x00, 0x00, 0x00, 0x00, 0x00, 0x02, 0xE4, 0x0F, 0x00, 0x00, 0x01, 0xE3, 0x11, 0x00, 0x00, 0x00, 
0x02, 0xE5, 0x0F, 0x00, 0x00, 0x00, 0x00, 0x00, 0x3B, 0xBE, 0x00, 0x00, 0x00, 0x39, 0xC0, 0x00, 
0x00, 0x00, 0x00, 0x3D, 0xBC, 0x00, 0x00, 0x00, 0x00, 0x00, 0x00, 0x9D, 0x94, 0x01, 0x00, 0x00, 
0x99, 0x95, 0x04, 0x00, 0x00, 0x00, 0x9F, 0x8A, 0x08, 0x00, 0x00, 0x00, 0x6C, 0xFE, 0xFF, 0xFF, 
0xFF, 0xFF, 0xF9, 0xFF, 0xFF, 0xFF, 0xFF, 0xFF, 0xFF, 0xFF, 0xFF, 0xFF, 0x67, 0x00, 0x00, 0x00, 
0x00, 0x00, 0x6E, 0xFF, 0xFF, 0xFF, 0x27, 0x1E, 0xFF, 0xFF, 0xFE, 0x2D, 0x00, 0x22, 0xFF, 0xFF, 
0xFF, 0x29, 0x00, 0x00, 0x00, 0x02, 0x85, 0xCE, 0x15, 0x00, 0x01, 0x84, 0xBE, 0x00, 0x00, 0x00, 
0x00, 0x84, 0xCA, 0x14, 0x00, 0x00, 0x00, 0x00, 0x00, 0x8E, 0x63, 0x00, 0x00, 0x00, 0x89, 0x64, 
0x00, 0x00, 0x00, 0x00, 0x8D, 0x63, 0x00, 0x00, 0x00, 0x00, 0x00, 0x00, 0xD8, 0x16, 0x00, 0x00, 
0x00, 0xD3, 0x19, 0x00, 0x00, 0x00, 0x00, 0xD5, 0x17, 0x00, 0x00, 0x00, 0x00, 0x00, 0x29, 0xC7, 
0x00, 0x00, 0x00, 0x23, 0xCA, 0x00, 0x00, 0x00, 0x00, 0x26, 0xC8, 0x00, 0x00, 0x00, 0x00, 0x00, 
0x00, 0x78, 0x7B, 0x00, 0x00, 0x00, 0x73, 0x7E, 0x00, 0x00, 0x00, 0x00, 0x76, 0x7B, 0x00, 0x00, 
0x00, 0x00, 0x00, 0x00, 0xC6, 0x2E, 0x00, 0x00, 0x00, 0xC2, 0x31, 0x00, 0x00, 0x00, 0x00, 0xC6, 
0x2E, 0x00, 0x00, 0x00, 0x00, 0x00, 0x16, 0xDF, 0x00, 0x00, 0x00, 0x14, 0xE0, 0x00, 0x00, 0x00, 
0x00, 0x17, 0xDF, 0x00, 0x00, 0x00, 0x00, 0x00, 0x00, 0x63, 0x96, 0x00, 0x00, 0x00, 0x61, 0x98, 
0x00, 0x00, 0x00, 0x00, 0x65, 0x94, 0x00, 0x00, 0x00, 0x00, 0x00, 0x00, 0xC1, 0x6F, 0x00, 0x00, 
0x0B, 0xC6, 0x6F, 0x02, 0x00, 0x00, 0x02, 0xC5, 0x65, 0x03, 0x00, 0x00, 0x00, 0x2E, 0xFE, 0xFF, 
0xFF, 0xFF, 0xFF, 0xFF, 0xFF, 0xFF, 0xFF, 0xFF, 0xFF, 0xFF, 0xFF, 0xFF, 0xB7, 0x00, 0x00, 0x00, 
0x00, 0x00, 0x00, 0x00, 0x00, 0x00, 0x00, 0x00, 0x00, 0x00, 0x00, 0x00, 0x06, 0x6B, 0xFF, 0x77, 
0x00, 0x00, 0x00, 0x00, 0x00, 0x00, 0x00, 0x00, 0x00, 0x00, 0x00, 0x00, 0x00, 0x00, 0x00, 0x00, 
0x0A, 0xFC, 0x37, 0x00, 0x00, 0x00, 0x00, 0x00, 0x00, 0x00, 0x00, 0x00, 0x00, 0x00, 0x00, 0x00, 
0x00, 0x00, 0x00, 0x0F, 0xF2, 0x04, 0x00, 0x00, 0x00, 0x00, 0x1E, 0xFE, 0xFF, 0xFF, 0xFF, 0xFF, 
0x7F, 0x00, 0x00, 0x00, 0x78, 0xD5, 0x30, 0x28, 0xEF, 0x2F, 0x02, 0x00, 0x00, 0x00, 0xD3, 0x37, 
0x00, 0x71, 0x91, 0x00, 0x00, 0x00, 0x00, 0x00, 0x00, 0x00, 0x00, 0xBE, 0x41, 0x00, 0x00, 0x00, 
0x00, 0x00, 0x00, 0x00, 0x10, 0xEA, 0x04, 0x00, 0x00, 0x00, 0x00, 0x00, 0x00, 0x00, 0x59, 0xFF, 
0xFF, 0xF8, 0xDF, 0x8E, 0x08, 0x00, 0x00, 0x00, 0xA7, 0x58, 0x08, 0x19, 0x2B, 0x67, 0x9B, 0x00, 
0x00, 0x04, 0xE6, 0x0C, 0x00, 0x00, 0x00, 0x04, 0xF2, 0x00, 0x00, 0x42, 0xAC, 0x00, 0x00, 0x00, 
0x00, 0x48, 0xD7, 0x00, 0x12, 0xBA, 0x65, 0x05, 0x06, 0x23, 0x6F, 0xF0, 0x54, 0x46, 0xFF, 0xFF, 
0xFF, 0xFF, 0xFE, 0xEF, 0xBF, 0x4C, 0x00, 0x00, 0x00, 0x00, 0x32, 0xFF, 0xFF, 0xFF, 0x8D, 0x00, 
0x00, 0x00, 0x00, 0x68, 0xFF, 0xFF, 0xFF, 0x4D, 0x00, 0x00, 0x00, 0x00, 0x4E, 0xF8, 0x3C, 0x03, 
0x00, 0x00, 0x00, 0x00, 0x01, 0x60, 0xEC, 0x26, 0x00, 0x00, 0x00, 0x00, 0x00, 0x5A, 0xA0, 0x00, 
0x00, 0x00, 0x00, 0x00, 0x00, 0x00, 0x66, 0x8B, 0x00, 0x00, 0x00, 0x00, 0x00, 0x00, 0xA7, 0x4A, 
0x00, 0x00, 0x00, 0x00, 0x00, 0x00, 0x00, 0xB2, 0x3B, 0x00, 0x00, 0x00, 0x00, 0x00, 0x05, 0xE6, 
0x08, 0x00, 0x00, 0x00, 0x00, 0x00, 0x00, 0x0A, 0xE2, 0x02, 0x00, 0x00, 0x00, 0x00, 0x00, 0x47, 
0xFF, 0xFF, 0xF8, 0xE0, 0x91, 0x09, 0x00, 0x00, 0x51, 0xA2, 0x00, 0x00, 0x00, 0x00, 0x00, 0x00, 
0x98, 0x5D, 0x08, 0x19, 0x2B, 0x67, 0x9E, 0x00, 0x00, 0xA0, 0x55, 0x00, 0x00, 0x00, 0x00, 0x00, 
0x01, 0xDF, 0x0F, 0x00, 0x00, 0x00, 0x04, 0xF2, 0x00, 0x03, 0xE6, 0x0E, 0x00, 0x00, 0x00, 0x00, 
0x00, 0x38, 0xB3, 0x00, 0x00, 0x00, 0x00, 0x48, 0xD7, 0x00, 0x3E, 0xBD, 0x00, 0x00, 0x00, 0x00, 
0x00, 0x10, 0xB4, 0x6D, 0x06, 0x06, 0x22, 0x6E, 0xF0, 0x55, 0x14, 0xC0, 0x7D, 0x02, 0x00, 0x00, 
0x00, 0x3E, 0xFF, 0xFF, 0xFF, 0xFF, 0xFE, 0xEF, 0xBF, 0x4C, 0x56, 0xFF, 0xFF, 0xFF, 0x93, 0x00, 
0x00, 0x00, 0x00, 0x00, 0x00, 0x32, 0xFF, 0xFF, 0xFF, 0x8D, 0x00, 0x00, 0x00, 0x00, 0x00, 0x00, 
0x4E, 0xF8, 0x3C, 0x03, 0x00, 0x00, 0x00, 0x00, 0x00, 0x00, 0x5A, 0xA0, 0x00, 0x00, 0x00, 0x00, 
0x00, 0x00, 0x00, 0x00, 0xA7, 0x4A, 0x00, 0x00, 0x00, 0x00, 0x00, 0x00, 0x00, 0x05, 0xE6, 0x08, 
0x00, 0x00, 0x00, 0x00, 0x00, 0x00, 0x00, 0x47, 0xFF, 0xFF, 0xF8, 0xE0, 0x91, 0x09, 0x00, 0x00, 
0x00, 0x98, 0x5D, 0x08, 0x1A, 0x2F, 0x83, 0x9E, 0x00, 0x00, 0x01, 0xDF, 0x0F, 0x00, 0x00, 0x00, 
0x0E, 0xF2, 0x00, 0x00, 0x38, 0xB3, 0x00, 0x00, 0x00, 0x00, 0x48, 0xD7, 0x00, 0x10, 0xB4, 0x6D, 
0x06, 0x06, 0x22, 0x6E, 0xF0, 0x54, 0x3E, 0xFF, 0xFF, 0xFF, 0xFF, 0xFE, 0xEF, 0xBF, 0x4C, 0x00, 
0x00, 0x2A, 0xFF, 0x3D, 0xB7, 0xEC, 0xF7, 0xC2, 0x37, 0x00, 0x00, 0x80, 0xFF, 0xA2, 0x34, 0x0A, 
0x1E, 0x77, 0xEF, 0x2A, 0x00, 0xD5, 0x71, 0x00, 0x00, 0x00, 0x00, 0x00, 0x79, 0xA9, 0x00, 0x00, 
0x00, 0x00, 0x00, 0x00, 0x00, 0x00, 0x1D, 0xEA, 0x00, 0x00, 0x00, 0x00, 0x00, 0x00, 0x00, 0x00, 
0x00, 0xF8, 0x00, 0x00, 0x00, 0x00, 0xEC, 0xFF, 0xFF, 0xFF, 0xFF, 0xDB, 0x00, 0x00, 0x00, 0x00, 
0x00, 0x00, 0x00, 0x00, 0x30, 0x9E, 0x09, 0x00, 0x00, 0x00, 0x00, 0x00, 0x00, 0x00, 0x97, 0x34, 
0x83, 0x1C, 0x00, 0x00, 0x00, 0x00, 0x00, 0x58, 0x90, 0x00, 0x17, 0xCC, 0x70, 0x1B, 0x05, 0x2B, 
0x90, 0xA3, 0x06, 0x00, 0x00, 0x1B, 0xA2, 0xEB, 0xF0, 0xC4, 0x58, 0x01, 0x00, 0x00, 0x00, 0x00, 
0x00, 0x60, 0xFF, 0xFF, 0xFF, 0x5B, 0x00, 0x00, 0x00, 0x1E, 0x96, 0xE2, 0xF9, 0xDA, 0x65, 0x00, 
0x00, 0x00, 0x00, 0x01, 0x59, 0xF1, 0x2B, 0x01, 0x00, 0x00, 0x4D, 0xE4, 0x7A, 0x23, 0x09, 0x3A, 
0xD6, 0x53, 0x00, 0x00, 0x00, 0x00, 0x5E, 0x92, 0x00, 0x00, 0x00, 0x45, 0xC6, 0x1C, 0x00, 0x00, 
0x00, 0x00, 0x38, 0xCB, 0x00, 0x00, 0x00, 0x00, 0xAA, 0x42, 0x00, 0x00, 0x0F, 0xC0, 0x0D, 0x00, 
0x00, 0x00, 0x00, 0x00, 0x0A, 0xF5, 0x00, 0x00, 0x00, 0x07, 0xE3, 0x05, 0x00, 0x00, 0x80, 0x2A, 
0x00, 0x00, 0x00, 0x00, 0x00, 0x00, 0x26, 0xEC, 0x00, 0x00, 0x00, 0x49, 0xFF, 0xFF, 0xFF, 0xFF, 
0xC9, 0x00, 0x00, 0x00, 0x00, 0x00, 0x00, 0x00, 0x73, 0xB9, 0x00, 0x00, 0x00, 0x98, 0x5D, 0x00, 
0x00, 0x00, 0xAD, 0x00, 0x00, 0x00, 0x00, 0x00, 0x00, 0x04, 0xD9, 0x5E, 0x00, 0x00, 0x01, 0xE3, 
0x14, 0x00, 0x00, 0x00, 0xEE, 0x05, 0x00, 0x00, 0x00, 0x00, 0x00, 0x72, 0xD2, 0x04, 0x00, 0x00, 
0x36, 0xC5, 0x00, 0x00, 0x00, 0x00, 0xCE, 0x3B, 0x00, 0x00, 0x00, 0x00, 0x3E, 0xF2, 0x2F, 0x00, 
0x00, 0x12, 0xBA, 0x84, 0x02, 0x00, 0x00, 0x00, 0x5C, 0xD6, 0x39, 0x08, 0x1B, 0x73, 0xE5, 0x41, 
0x00, 0x00, 0x4E, 0xFF, 0xFF, 0xFF, 0x9B, 0x00, 0x00, 0x00, 0x00, 0x70, 0xDF, 0xF8, 0xDA, 0x8F, 
0x1B, 0x00, 0x00, 0x00, 0x00, 0x00, 0x00, 0x00, 0x00, 0x4B, 0xC1, 0xEC, 0xFF, 0xFF, 0xFF, 0xFF, 
0x81, 0x00, 0x00, 0x00, 0x00, 0x6B, 0xEC, 0x68, 0x1C, 0x07, 0x3F, 0xF5, 0x3E, 0x03, 0x00, 0x00, 
0x00, 0x00, 0xE6, 0x45, 0x00, 0x00, 0x00, 0x78, 0x92, 0x00, 0x00, 0x00, 0x00, 0x00, 0x00, 0xED, 
0x10, 0x00, 0x00, 0x00, 0xCF, 0x3E, 0x00, 0x00, 0x00, 0x00, 0x00, 0x00, 0x7A, 0x9C, 0x21, 0x05, 
0x33, 0xED, 0x03, 0x00, 0x00, 0x00, 0x00, 0x00, 0x00, 0x00, 0x68, 0xFA, 0xFB, 0xF7, 0xA5, 0x00, 
0x00, 0x00, 0x00, 0x00, 0x00, 0x00, 0x2D, 0xC9, 0x17, 0x00, 0x9B, 0x58, 0x00, 0x00, 0x00, 0x00, 
0x00, 0x00, 0x20, 0xC1, 0x1C, 0x00, 0x02, 0xE5, 0x10, 0x00, 0x00, 0x00, 0x00, 0x00, 0x1B, 0xC0, 
0x20, 0x00, 0x00, 0x40, 0xBE, 0x00, 0x00, 0x00, 0x00, 0x08, 0x35, 0xBF, 0x25, 0x00, 0x00, 0x10, 
0xBF, 0x7D, 0x02, 0x00, 0x00, 0x00, 0xFF, 0xEB, 0x2B, 0x00, 0x00, 0x1C, 0xFF, 0xFF, 0xFF, 0x81, 
0x00, 0x00, 0x00, 0x00, 0x00, 0x34, 0xC2, 0xF4, 0x79, 0xEC, 0x03, 0x00, 0x48, 0xDD, 0x48, 0x12, 
0xB6, 0xA4, 0x00, 0x1A, 0xDF, 0x26, 0x00, 0x00, 0x97, 0x57, 0x00, 0x8F, 0x73, 0x00, 0x00, 0x07, 
0xDC, 0x0F, 0x00, 0xE0, 0x18, 0x00, 0x00, 0x87, 0xBD, 0x00, 0x00, 0xF4, 0x3B, 0x1B, 0x7B, 0x9F, 
0x84, 0x6E, 0x00, 0x82, 0xF4, 0xB1, 0x15, 0xA0, 0xBA, 0x3C, 0x00, 0x00, 0x00, 0x00, 0x00, 0x00, 
0x00, 0x43, 0xCF, 0x00, 0x00, 0x01, 0x6E, 0xCF, 0xEC, 0xC6, 0x2B, 0x00, 0x00, 0x81, 0x5C, 0x16, 
0x00, 0x00, 0x00, 0x00, 0x47, 0x3D, 0x00, 0x00, 0x00, 0x00, 0x00, 0x00, 0x6C, 0x00, 0x00, 0x00, 
0x00, 0x00, 0x00, 0x2F, 0x32, 0x7A, 0xD9, 0xF6, 0xC7, 0x2B, 0x00, 0x50, 0xC9, 0xD3, 0x42, 0x0A, 
0x47, 0xCA, 0x00, 0xC2, 0xD8, 0x10, 0x00, 0x00, 0x0F, 0xF7, 0x00, 0xE9, 0x4B, 0x00, 0x00, 0x00, 
0x58, 0xD7, 0x00, 0xF6, 0x09, 0x00, 0x00, 0x0D, 0xDC, 0x70, 0x00, 0xBF, 0x62, 0x08, 0x30, 0xC7, 
0xAE, 0x02, 0x00, 0x28, 0xC9, 0xF7, 0xD8, 0x71, 0x02, 0x00, 0x00, 0x00, 0x00, 0x56, 0xD4, 0xF7, 
0x9F, 0x00, 0x8B, 0xA1, 0x20, 0x30, 0xE3, 0x60, 0xB3, 0x35, 0x74, 0xB5, 0x33, 0xD3, 0xFF, 0xFF, 
0xB3, 0x16, 0x00, 0xF8, 0x1E, 0x02, 0x3E, 0xD3, 0x00, 0xD9, 0x43, 0x0B, 0x6F, 0xD8, 0x00, 0x45, 
0xDD, 0xF5, 0xBE, 0x2B, 0x00, 0x00, 0x09, 0x95, 0xF1, 0xEB, 0x7B, 0x00, 0x84, 0x44, 0x0A, 0x3C, 
0xEF, 0x00, 0x00, 0x00, 0x00, 0x52, 0x57, 0x00, 0x1C, 0x3C, 0x36, 0x08, 0x00, 0x6C, 0x50, 0x00, 
0x00, 0x00, 0x00, 0xF1, 0x46, 0x0A, 0x43, 0x84, 0x00, 0x86, 0xF1, 0xED, 0x93, 0x0A, 0x00, 0x00, 
0x00, 0x13, 0xBF, 0x39, 0x00, 0x00, 0x00, 0x00, 0x01, 0x41, 0xB9, 0x4D, 0x00, 0x00, 0x00, 0x00, 
0x00, 0x03, 0xA7, 0x25, 0x00, 0x00, 0x00, 0x00, 0x00, 0x24, 0x9D, 0x00, 0x00, 0x4E, 0xCA, 0xF6, 
0xC0, 0xDD, 0x00, 0x83, 0xD4, 0x3D, 0x08, 0x52, 0xFA, 0x59, 0xDD, 0x12, 0x00, 0x00, 0x0A, 0xE8, 
0xD0, 0x4E, 0x00, 0x00, 0x00, 0x50, 0xAC, 0xF7, 0x09, 0x00, 0x00, 0x12, 0xDB, 0x3A, 0xCD, 0x5D, 
0x07, 0x39, 0xD3, 0x7C, 0x00, 0x32, 0xD0, 0xF7, 0xCE, 0x58, 0x00, 0x00, 0x00, 0x00, 0x62, 0xD3, 
0xF5, 0x98, 0x00, 0x93, 0xBC, 0x2C, 0x2B, 0xF4, 0x4D, 0xC8, 0x07, 0x00, 0x69, 0xAC, 0xC0, 0x57, 
0x42, 0xA5, 0xC3, 0x10, 0xF3, 0xE8, 0xB2, 0x58, 0x04, 0x1D, 0xD7, 0x46, 0x0B, 0x2B, 0xBB, 0x59, 
0x3F, 0xDD, 0xF5, 0xBB, 0x40, 0x00, 0x00, 0x15, 0xBD, 0xF1, 0x69, 0x00, 0x24, 0xD6, 0x00, 0x00, 
0x06, 0x74, 0xBA, 0xE3, 0x9D, 0x00, 0x77, 0x1C, 0x53, 0xEA, 0x00, 0x6E, 0x8D, 0x00, 0x02, 0xBA, 
0x7D, 0x01, 0x01, 0xB4, 0x00, 0x06, 0x00, 0x0A, 0xF4, 0x00, 0xB7, 0x44, 0x00, 0x3B, 0xAF, 0x00, 
0x00, 0x00, 0x00, 0x00, 0x00, 0x00, 0x37, 0xFF, 0xFF, 0xFF, 0xFF, 0xFF, 0xFF, 0x2F, 0x00, 0x00, 
0x00, 0x00, 0x00, 0x00, 0x00, 0xB3, 0x54, 0x49, 0xB2, 0x00, 0x00, 0xF4, 0x09, 0x00, 0x00, 0x00, 
0x00, 0xA4, 0x13, 0x97, 0x65, 0x00, 0x92, 0x69, 0x00, 0x00, 0xE0, 0x77, 0x0C, 0x3C, 0x77, 0x00, 
0xB0, 0xF2, 0x87, 0x00, 0x00, 0xDB, 0x20, 0x00, 0x00, 0x4B, 0xE2, 0xEF, 0x8F, 0x06, 0x00, 0x00, 
0x40, 0xFF, 0xFF, 0xA7, 0x00, 0xC0, 0x6B, 0x2D, 0xF6, 0x00, 0x00, 0x0B, 0x67, 0xB4, 0x00, 0x0B, 
0xFA, 0x72, 0x04, 0x00, 0x00, 0x37, 0xDA, 0x00, 0x00, 0x03, 0x5F, 0xE6, 0x00, 0x79, 0xEB, 0xE0, 
0x3D, 0x00, 0x15, 0xB7, 0xAB, 0x00, 0x00, 0x1A, 0xE2, 0x7B, 0x93, 0xB2, 0x00, 0x00, 0x71, 0x94, 
0x00, 0xA9, 0x65, 0x00, 0x02, 0xD6, 0x45, 0x0D, 0xF1, 0x12, 0x00, 0x60, 0xE4, 0x05, 0x5D, 0xB4, 
0x00, 0x28, 0x9F, 0xA7, 0x00, 0xAB, 0x62, 0x1B, 0x83, 0x8E, 0x7A, 0x75, 0xA6, 0xB0, 0x5B, 0x01, 
0xA8, 0xB3, 0x2E, 0x00, 0x00, 0x00, 0xCF, 0xC9, 0x46, 0xBB, 0x00, 0x00, 0x00, 0x91, 0xF5, 0xC4, 
0x1B, 0x00, 0x00, 0x00, 0x00, 0x00, 0x00, 0x00, 0x17, 0xBE, 0xA9, 0x00, 0x00, 0x1C, 0xE4, 0x7D, 
0x98, 0xAE, 0x00, 0x00, 0x70, 0x9A, 0x00, 0xAC, 0x61, 0x00, 0x00, 0xC6, 0x4F, 0x0D, 0xF0, 0x10, 
0x00, 0x3A, 0xF8, 0x0B, 0x5D, 0xB0, 0x00, 0x08, 0xB8, 0xB7, 0x05, 0xA9, 0x61, 0x00, 0x7E, 0x8F, 
0xB4, 0xB1, 0x9E, 0xC1, 0x70, 0x17, 0x9B, 0xC4, 0x14, 0x69, 0xFB, 0xF0, 0x04, 0x00, 0x76, 0xC5, 
0x00, 0x58, 0xA7, 0x00, 0x09, 0x3E, 0xC4, 0x00, 0x92, 0x5B, 0x29, 0x4F, 0x00, 0x00, 0x00, 0xE2, 
0xFE, 0xD4, 0x05, 0x00, 0x00, 0x35, 0xC0, 0x41, 0xF4, 0x50, 0x00, 0x00, 0x86, 0x73, 0x00, 0x6D, 
0xA2, 0x00, 0x00, 0xD7, 0x26, 0x00, 0x19, 0xF2, 0xC7, 0x00, 0x00, 0x00, 0x09, 0xFF, 0xFF, 0xFF, 
0xFC, 0x15, 0x00, 0x00, 0x61, 0xA8, 0x01, 0x3E, 0xBE, 0x00, 0x00, 0x00, 0xB0, 0x4F, 0x00, 0x91, 
0x6A, 0x00, 0x00, 0x08, 0xE9, 0x09, 0x01, 0xE0, 0x19, 0x00, 0x00, 0x4D, 0xA6, 0x00, 0x37, 0xC3, 
0x00, 0x00, 0x00, 0xAE, 0x40, 0x00, 0x87, 0xAE, 0xAC, 0x00, 0xD6, 0x96, 0x00, 0x00, 0xA3, 0xCB, 
0x18, 0x00, 0x00, 0x00, 0x0F, 0xF5, 0xFE, 0x2F, 0x00, 0x00, 0x00, 0x51, 0xED, 0x03, 0x00, 0x00, 
0x00, 0x4C, 0xCC, 0x46, 0x00, 0x00, 0x21, 0xD2, 0xA5, 0x00, 0x00, 0x00, 0x00, 0xA7, 0xA0, 0x5E, 
0x00, 0x07, 0xAD, 0xA8, 0x58, 0x00, 0x00, 0x00, 0x0F, 0xAB, 0x88, 0x75, 0x00, 0x94, 0x45, 0xE4, 
0x10, 0x00, 0x00, 0x00, 0x52, 0x6E, 0x70, 0x8C, 0x56, 0x94, 0x3C, 0xBF, 0x00, 0x00, 0x00, 0x00, 
0xAF, 0x1C, 0x58, 0xC5, 0xCE, 0x0B, 0x8A, 0x9B, 0xA0, 0x00, 0xC3, 0xAD, 0x5F, 0x00, 0x40, 0xFD, 
0x3C, 0x00, 0x9F, 0xA0, 0x0E, 0x00, 0x00, 0xFB, 0xED, 0x03, 0x00, 0x14, 0xE5, 0x01, 0x00, 0x54, 
0xA5, 0x00, 0x00, 0x5F, 0x9D, 0x00, 0x00, 0x93, 0x59, 0x00, 0x00, 0xAA, 0x51, 0x00, 0x01, 0xE3, 
0xFF, 0xFF, 0xFF, 0xF9, 0x0C, 0x00, 0x35, 0xBD, 0x00, 0x00, 0x44, 0xB9, 0x00, 0x00, 0x86, 0x71, 
0x00, 0x00, 0x8C, 0xA8, 0xA9, 0x00, 0xD7, 0x25, 0x00, 0x00, 0xA1, 0xB8, 0x0D, 0x00, 0x00, 0x00, 
0x57, 0xC9, 0xF4, 0xCC, 0x2F, 0x00, 0x94, 0xD5, 0x3E, 0x08, 0x54, 0xCE, 0x59, 0xDF, 0x14, 0x00, 
0x00, 0x0B, 0xF5, 0xCA, 0x52, 0x00, 0x00, 0x00, 0x52, 0xCD, 0xF5, 0x0A, 0x00, 0x00, 0x12, 0xDD, 
0x62, 0xCE, 0x5B, 0x08, 0x3B, 0xD3, 0xA4, 0x00, 0x2F, 0xCB, 0xF5, 0xCF, 0x64, 0x00, 0x00, 0x40, 
0xFA, 0xF5, 0x04, 0x66, 0xE9, 0x8A, 0x00, 0x2F, 0xBE, 0x5C, 0x8D, 0x4C, 0xC2, 0x00, 0x33, 0x9A, 
0x72, 0x00, 0x55, 0xA6, 0x00, 0x9A, 0x7B, 0x00, 0x00, 0xC3, 0x40, 0x0C, 0xDA, 0x09, 0x00, 0x34, 
0xD5, 0x00, 0x67, 0x78, 0x00, 0x00, 0x9C, 0x8A, 0x79, 0xCD, 0x25, 0x00, 0x00, 0xC0, 0xA8, 0x24, 
0x00, 0x00, 0x00, 0x7E, 0xFD, 0xEA, 0x35, 0xCB, 0xF2, 0x67, 0x00, 0x00, 0x00, 0x00, 0x69, 0xD1, 
0x82, 0x19, 0x3D, 0xEE, 0x00, 0x00, 0x00, 0x00, 0xA2, 0x92, 0x00, 0x00, 0x0F, 0xEE, 0x00, 0x00, 
0x00, 0x00, 0xDF, 0x17, 0x00, 0x00, 0x5F, 0xAA, 0x00, 0x00, 0x00, 0x28, 0xBC, 0x00, 0x00, 0x10, 
0xD9, 0x2F, 0x00, 0x00, 0x00, 0x6B, 0xAC, 0x0F, 0x33, 0xCA, 0x6B, 0x00, 0x00, 0x00, 0x00, 0xAC, 
0xD3, 0xF8, 0xCE, 0x52, 0x00, 0x00, 0x00, 0x00, 0x02, 0x9A, 0x00, 0x00, 0x00, 0x00, 0x00, 0x00, 
0x00, 0x04, 0x54, 0x49, 0x00, 0x00, 0x00, 0x00, 0x00, 0x00, 0x0E, 0xFF, 0xFF, 0xFF, 0x77, 0x00, 
0x00, 0x00, 0x00, 0x00, 0x00, 0x00, 0x5F, 0xD2, 0xF7, 0xA9, 0x00, 0x94, 0xB0, 0x28, 0x0C, 0xCB, 
0x54, 0xBF, 0x02, 0x00, 0x00, 0x00, 0xC4, 0x3C, 0x00, 0x00, 0x00, 0x00, 0xF4, 0x0A, 0x00, 0x00, 
0x44, 0x09, 0xDE, 0x5A, 0x0B, 0x68, 0xA4, 0x01, 0x4A, 0xE0, 0xEE, 0x87, 0x03, 0x00, 0x1A, 0xF4, 
0xF5, 0x05, 0x63, 0xE4, 0xAB, 0x00, 0x5E, 0xE8, 0x8C, 0x00, 0x5A, 0xB9, 0x65, 0x90, 0x5B, 0xE1, 
0x60, 0xB1, 0x5C, 0xC8, 0x00, 0xA7, 0xA4, 0x8D, 0x01, 0x71, 0xC3, 0x84, 0x01, 0x4D, 0xAB, 0x04, 
0xEE, 0x96, 0x00, 0x00, 0xC6, 0xA9, 0x02, 0x00, 0xB1, 0x3F, 0x40, 0xEB, 0x0E, 0x00, 0x20, 0xF1, 
0x19, 0x00, 0x31, 0xD1, 0x00, 0x8D, 0x7A, 0x00, 0x00, 0x7A, 0x76, 0x00, 0x00, 0x9B, 0x93, 0x80, 
0xC9, 0x0E, 0x00, 0x00, 0xB3, 0x07, 0x00, 0x00, 0xBE, 0xB6, 0x24, 0x00, 0x00, 0xFF, 0xFF, 0x56, 
0x00, 0x00, 0xCC, 0xBE, 0x00, 0x00, 0x06, 0xAE, 0x94, 0x00, 0x00, 0x47, 0xC6, 0x00, 0x00, 0x00, 
0x73, 0xAE, 0x00, 0x00, 0x1C, 0x67, 0x00, 0x00, 0x00, 0x59, 0xC4, 0x00, 0x02, 0x7B, 0x02, 0x00, 
0x00, 0x00, 0x41, 0xDA, 0x00, 0x65, 0x14, 0x00, 0x00, 0x00, 0x00, 0x2A, 0xF0, 0x4C, 0x28, 0x00, 
0x00, 0x00, 0x00, 0x00, 0x13, 0xF6, 0x38, 0x00, 0x00, 0x00, 0x00, 0x00, 0x00, 0x37, 0x4A, 0x00, 
0x00, 0x00, 0x00, 0xBF, 0x51, 0x6D, 0x46, 0x00, 0x00, 0x00, 0x00, 0x00, 0xD3, 0xC4, 0x2E, 0x00, 
0x00, 0x00, 0x00, 0x00, 0x00, 0x00, 0x00, 0x00, 0x00, 0x00, 0xF4, 0xF7, 0xFF, 0x2C, 0x00, 0x00, 
0x00, 0x00, 0x00, 0x00, 0x00, 0x2F, 0xDD, 0x00, 0x00, 0x00, 0x00, 0x00, 0x00, 0x00, 0x00, 0x76, 
0x8F, 0x00, 0x00, 0x00, 0x00, 0x00, 0x00, 0x00, 0x00, 0xC3, 0x40, 0x00, 0x00, 0x00, 0x00, 0x1B, 
0xB0, 0xF3, 0xA2, 0xF3, 0xAE, 0xED, 0x59, 0x00, 0x13, 0xC9, 0x57, 0x0D, 0x73, 0xDD, 0x28, 0x2A, 
0xDE, 0x00, 0x9C, 0x69, 0x00, 0x00, 0x93, 0x61, 0x00, 0x08, 0xF9, 0x01, 0xF3, 0x24, 0x00, 0x00, 
0xB7, 0x0F, 0x00, 0x21, 0xDA, 0x02, 0xFE, 0x06, 0x00, 0x01, 0xAB, 0x00, 0x00, 0x51, 0x82, 0x00, 
0xDE, 0x31, 0x15, 0x8E, 0x97, 0x08, 0x31, 0xAE, 0x0D, 0x00, 0x58, 0xEF, 0xC7, 0xF4, 0xA4, 0xF4, 
0xBB, 0x1F, 0x00, 0x00, 0x00, 0x00, 0x26, 0xDA, 0x00, 0x00, 0x00, 0x00, 0x00, 0x00, 0x00, 0x05, 
0x8B, 0x90, 0x01, 0x00, 0x00, 0x00, 0x00, 0x00, 0x10, 0xFF, 0xFF, 0xFF, 0xFF, 0x89, 0x00, 0x00, 
0x00, 0x00, 0xFF, 0xFF, 0x9D, 0x02, 0x98, 0xD1, 0x00, 0x03, 0x40, 0xF5, 0x6E, 0x22, 0x00, 0x00, 
0x00, 0x00, 0xCF, 0x58, 0x00, 0x00, 0x00, 0x00, 0x09, 0xDA, 0x5E, 0x00, 0x00, 0x00, 0x00, 0x63, 
0x7B, 0x8F, 0x00, 0x00, 0x00, 0x2D, 0x54, 0x43, 0xBF, 0x47, 0x00, 0xCE, 0x96, 0x00, 0x0F, 0xE2, 
0x41, 0x00, 0x17, 0xBE, 0xA9, 0x00, 0x00, 0x1F, 0xDF, 0x7D, 0x98, 0xAE, 0x00, 0x00, 0x79, 0x91, 
0x00, 0xAC, 0x61, 0x00, 0x04, 0xDF, 0x42, 0x0D, 0xF0, 0x10, 0x00, 0x68, 0xEE, 0x04, 0x5D, 0xB0, 
0x00, 0x0F, 0xD6, 0xA3, 0x05, 0xA9, 0x61, 0x05, 0x97, 0x9A, 0xA8, 0x92, 0x9C, 0xBF, 0x8E, 0x22, 
0xA6, 0xAB, 0x02, 0x00, 0x00, 0x00, 0x00, 0xAF, 0x09, 0x00, 0x00, 0x00, 0x00, 0x40, 0xE4, 0x00, 
0x00, 0x00, 0x00, 0x00, 0xD1, 0x3B, 0x00, 0x00, 0x0B, 0xF2, 0xF9, 0x09, 0x14, 0xDF, 0x00, 0x6F, 
0xC1, 0x00, 0x5C, 0x97, 0x00, 0xF1, 0x3D, 0x2D, 0xC7, 0x4C, 0x00, 0x8A, 0xF4, 0x8E, 0xE9, 0x0A, 
0x00, 0x00, 0x00, 0x45, 0xB6, 0x00, 0x00, 0x00, 0x00, 0x8C, 0x89, 0x75, 0x00, 0x00, 0x00, 0xA2, 
0xB6, 0x21, 0x09, 0xB4, 0xA9, 0x00, 0x00, 0x00, 0xC0, 0x00, 0x00, 0x1F, 0xDF, 0x00, 0x86, 0xA9, 
0xB1, 0x00, 0x00, 0x22, 0x93, 0x00, 0x00, 0x78, 0x92, 0x00, 0x00, 0x99, 0x61, 0x00, 0x00, 0x9A, 
0x49, 0x00, 0x07, 0xE2, 0x44, 0x00, 0x08, 0xE8, 0x10, 0x00, 0x28, 0xEF, 0x07, 0x00, 0x7A, 0xF0, 
0x05, 0x00, 0x55, 0xB3, 0x00, 0x04, 0xB5, 0xAD, 0x00, 0x30, 0xE0, 0xA7, 0x00, 0x00, 0xA4, 0x72, 
0x17, 0x95, 0xB9, 0x64, 0x1B, 0xAD, 0x9E, 0x5D, 0x3B, 0x6C, 0x9C, 0xEC, 0xA3, 0x1A, 0x9B, 0xB7, 
0x72, 0x08, 0xB7, 0xB4, 0x91, 0x13, 0x08, 0xAC, 0xC9, 0x00, 0x00, 0x1E, 0xE3, 0x00, 0x00, 0x1D, 
0xDF, 0x00, 0x83, 0xA9, 0xAF, 0x00, 0x00, 0x7B, 0x97, 0x00, 0x00, 0x72, 0x92, 0x00, 0x00, 0x99, 
0x5B, 0x00, 0x00, 0xDB, 0x49, 0x00, 0x03, 0xDA, 0x44, 0x00, 0x08, 0xE7, 0x0E, 0x00, 0x55, 0xF4, 
0x07, 0x00, 0x6D, 0xF0, 0x05, 0x00, 0x55, 0xB0, 0x00, 0x07, 0xD2, 0xAD, 0x00, 0x28, 0xDD, 0xA7, 
0x00, 0x00, 0xA4, 0x61, 0x02, 0x8A, 0xBE, 0x64, 0x19, 0xA9, 0x9F, 0x5D, 0x34, 0x65, 0x9A, 0xBF, 
0x7E, 0x1F, 0x9B, 0xB8, 0x74, 0x09, 0xC1, 0xB7, 0x84, 0x09, 0x00, 0x00, 0x00, 0x00, 0x00, 0x00, 
0x00, 0x00, 0xAA, 0x3E, 0x00, 0x00, 0x00, 0x00, 0x00, 0x00, 0x00, 0x00, 0x00, 0x3D, 0xEB, 0x00, 
0x00, 0x00, 0x00, 0x00, 0x00, 0x00, 0x00, 0x00, 0x00, 0xD4, 0x47, 0x00, 0x00, 0x00, 0x40, 0xFF, 
0xFF, 0xEF, 0x08, 0x00, 0x00, 0xC0, 0x4A, 0x68, 0x98, 0x00, 0x00, 0x00, 0x00, 0x00, 0xC6, 0x85, 
0xD8, 0xF0, 0x64, 0x00, 0x22, 0xFF, 0x9B, 0x19, 0x39, 0xEE, 0x00, 0x5D, 0xD8, 0x01, 0x00, 0x27, 
0xDD, 0x00, 0x3A, 0xE2, 0x1C, 0x25, 0xC7, 0x6A, 0x00, 0x00, 0x5A, 0xE6, 0xDA, 0x68, 0x00, 0x00, 
0xF8, 0xEF, 0x08, 0x00, 0x00, 0x00, 0xF4, 0xFF, 0x22, 0x00, 0x48, 0x98, 0x00, 0x00, 0x00, 0x00, 
0x0D, 0xEE, 0x00, 0x00, 0xAE, 0x84, 0xD9, 0xF0, 0x64, 0x00, 0x37, 0xBC, 0x00, 0x20, 0xFD, 0x99, 
0x18, 0x39, 0xEE, 0x00, 0x6C, 0x89, 0x00, 0x5D, 0xD7, 0x01, 0x00, 0x26, 0xDD, 0x00, 0xA2, 0x57, 
0x0A, 0x40, 0xE4, 0x1D, 0x25, 0xC7, 0x6A, 0x00, 0xD7, 0x7E, 0xAA, 0x00, 0x71, 0xED, 0xDA, 0x68, 
0x00, 0x00, 0xDD, 0xB0, 0x0A, 0x00, 0xF8, 0xEF, 0x08, 0x00, 0x00, 0x00, 0x48, 0x98, 0x00, 0x00, 
0x00, 0x00, 0xAE, 0x84, 0xD9, 0xF0, 0x64, 0x20, 0xFD, 0x99, 0x18, 0x39, 0xEE, 0x5D, 0xD7, 0x01, 
0x00, 0x26, 0xDD, 0x3D, 0xE4, 0x1D, 0x25, 0xC7, 0x6A, 0x00, 0x66, 0xEA, 0xDA, 0x68, 0x00, 0x00, 
0x40, 0xFF, 0xFF, 0xF0, 0x4D, 0x00, 0xC0, 0x85, 0x13, 0x61, 0xD2, 0x00, 0x00, 0x00, 0x00, 0x07, 
0xF8, 0x00, 0x00, 0xFF, 0xFF, 0xFF, 0xE6, 0x00, 0x00, 0x00, 0x00, 0x52, 0x98, 0xC4, 0x82, 0x10, 
0x3A, 0xCD, 0x17, 0x21, 0xC4, 0xF7, 0xC0, 0x27, 0x00, 0x66, 0xFC, 0xF2, 0x06, 0x00, 0x01, 0x61, 
0xCD, 0xF4, 0xCA, 0x2D, 0x00, 0x55, 0xAB, 0x00, 0x01, 0xA2, 0xD4, 0x3D, 0x08, 0x53, 0xCC, 0x00, 
0x96, 0x5E, 0x00, 0x4C, 0xDD, 0x12, 0x00, 0x00, 0x0A, 0xF7, 0x01, 0xE4, 0xFF, 0xFF, 0xFF, 0x50, 
0x00, 0x00, 0x00, 0x53, 0xD2, 0x37, 0xC0, 0x00, 0x00, 0xF0, 0x0A, 0x00, 0x00, 0x13, 0xE0, 0x64, 
0x87, 0x73, 0x00, 0x00, 0xDF, 0x5B, 0x07, 0x3A, 0xD3, 0x9D, 0x00, 0xD8, 0x26, 0x00, 0x00, 0x3C, 
0xD2, 0xF8, 0xD4, 0x66, 0x00, 0x00, 0x00, 0x00, 0x37, 0xC5, 0xF3, 0xFF, 0xF0, 0x07, 0x00, 0x00, 
0xDF, 0x7A, 0x11, 0x3D, 0xA0, 0x00, 0x00, 0x00, 0xCD, 0x3A, 0x03, 0xB1, 0x49, 0x00, 0x00, 0x00, 
0x0A, 0x95, 0xFD, 0xED, 0x05, 0x00, 0x00, 0x00, 0x40, 0x7D, 0x5F, 0x9B, 0x00, 0x00, 0x00, 0x0B, 
0x5E, 0x00, 0xB6, 0x97, 0xA9, 0x00, 0xE8, 0xE9, 0x2F, 0x00, 0xDF, 0xB8, 0x12, 0x00, 0x00, 0x00, 
0x00, 0x45, 0x28, 0x00, 0x5A, 0x12, 0x00, 0x00, 0x00, 0xDB, 0x9A, 0x15, 0xFE, 0x5F, 0x00, 0x00, 
0x00, 0x13, 0x07, 0x00, 0x19, 0x01, 0x00, 0x00, 0x00, 0x00, 0x01, 0x0A, 0x00, 0x00, 0x00, 0x00, 
0x16, 0x87, 0x65, 0xA0, 0x99, 0x00, 0x00, 0x1C, 0xCE, 0x1F, 0x00, 0x5D, 0xC7, 0x00, 0x00, 0xBE, 
0x69, 0x00, 0x2F, 0xCF, 0x32, 0x00, 0x37, 0xFF, 0x70, 0x74, 0x75, 0x11, 0x00, 0x00, 0x70, 0xE3, 
0x00, 0x00, 0x00, 0x00, 0x00, 0x00, 0x60, 0xFB, 0x22, 0x00, 0x01, 0x52, 0x17, 0x00, 0x08, 0xC3, 
0xEC, 0xAB, 0x8F, 0x21, 0x00, 0x00, 0x00, 0x01, 0x21, 0x15, 0x00, 0x00, 0x00, 0x00, 0x00, 0x00, 
0x00, 0x00, 0xFF, 0xFF, 0xFF, 0xFF, 0xFF, 0xFF, 0xFF, 0xFF, 0xFC, 0xFC, 0xFC, 0xFC, 0xFC, 0xFC, 
0xFC, 0xFC, 0xFC, 0xFC, 0xFC, 0xFC, 0xFC, 0xFB, 0xFF, 0xFF, 0xFF, 0xFF, 0xFF, 0xFF, 0xFF, 0xFF, 
0xFF, 0xFF, 0xFF, 0xFF, 0xFF, 0xFF, 0xFF, 0x00, 0x56, 0xC0, 0x64, 0xA5, 0x29, 0xE6, 0x52, 0x00, 
0xBF, 0xCB, 0x00, 0x00, 0xCA, 0xBD, 0x00, 0x52, 0xE6, 0x2A, 0xA6, 0x66, 0xC0, 0x57, 0x00, 0x00, 
0xCA, 0xBD, 0x00, 0x52, 0xE6, 0x2A, 0xA6, 0x66, 0xC0, 0x57, 0x00, 0x99, 0xCB, 0xF6, 0xAD, 0xD4, 
0x1B, 0x56, 0xA8, 0x00, 0x52, 0xBC, 0x00, 0x00, 0x4E, 0xBC, 0x69, 0x9C, 0x27, 0x00, 0x67, 0xA0, 
0x2D, 0xEA, 0x48, 0x00, 0x00, 0xE8, 0x4E, 0x00, 0xC4, 0xC9, 0x00, 0x00, 0xC5, 0xC9, 0x00, 0x00, 
0xC7, 0xC2, 0x00, 0x00, 0xC6, 0xC2, 0x00, 0x4F, 0xE8, 0x00, 0x00, 0x4B, 0xE9, 0x2D, 0xA0, 0x68, 
0x00, 0x28, 0xA0, 0x68, 0xBD, 0x4E, 0x00, 0x00, 0xBD, 0x4F, 0x00, 0x00, 0xC7, 0xC2, 0x00, 0x00, 
0xC6, 0xC2, 0x00, 0x51, 0xE9, 0x00, 0x00, 0x4B, 0xE9, 0x2D, 0xA0, 0x69, 0x00, 0x28, 0xA0, 0x68, 
0xBD, 0x4E, 0x00, 0x00, 0xBD, 0x51, 0x00, 0x00, 0x00, 0x00, 0x00, 0x00, 0x00, 0x00, 0x4E, 0xDA, 
0x00, 0x51, 0xDB, 0xA6, 0xC1, 0x00, 0xA9, 0xC1, 0xC4, 0x5C, 0x00, 0xC8, 0x47, 0xC8, 0x07, 0x00, 
0xC5, 0x03, 0x7D, 0x00, 0x00, 0x80, 0x00, 0x00, 0x00, 0x1F, 0xC0, 0x1F, 0x00, 0x1F, 0xC0, 0x20, 
0x00, 0x1E, 0xC0, 0x21, 0x00, 0x00, 0xD1, 0x2E, 0x00, 0x00, 0x00, 0x94, 0x6C, 0x00, 0x00, 0x00, 
0x27, 0xD7, 0x01, 0x00, 0x00, 0x00, 0xB7, 0x48, 0x00, 0x00, 0x00, 0x00, 0x49, 0xB6, 0x00, 0x00, 
0x00, 0x01, 0xD8, 0x26, 0x00, 0x00, 0x00, 0x6D, 0x93, 0x00, 0x00, 0x00, 0x2E, 0xD1, 0x00, 0x00, 
0x21, 0xC0, 0x1E, 0x00, 0x20, 0xC0, 0x1F, 0x00, 0x20, 0xC0, 0x1F, 0x00, 0x00, 0x00, 0x00, 0x00, 
0x00, 0x00, 0x00, 0x00, 0x5D, 0xA2, 0x00, 0x00, 0x00, 0x00, 0x00, 0x00, 0x24, 0xCE, 0x0D, 0x00, 
0x00, 0x00, 0x00, 0x00, 0x05, 0xC5, 0x34, 0x00, 0x00, 0x00, 0x00, 0x00, 0x00, 0x8C, 0x74, 0x00, 
0x00, 0x00, 0x00, 0x00, 0x00, 0x46, 0xB7, 0x01, 0x00, 0x00, 0x00, 0x00, 0x00, 0x17, 0xD1, 0x17, 
0x00, 0x00, 0x00, 0x00, 0x00, 0x01, 0xB7, 0x47, 0x00, 0x00, 0x00, 0x00, 0x00, 0x00, 0x75, 0x8B, 
0x00, 0x00, 0x00, 0x00, 0x00, 0x00, 0x34, 0xC5, 0x05, 0x00, 0x00, 0x00, 0x00, 0x00, 0x0C, 0xCE, 
0x24, 0x00, 0x00, 0x00, 0x00, 0x00, 0x00, 0xA3, 0x5D, 0x00, 0x00, 0x00, 0x00, 0x00, 0x00, 0x00, 
0x00, 0x00, 0x00, 0x00, 0x00, 0x00, 0x00, 0x00, 0x4F, 0x6C, 0x00, 0x00, 0x00, 0x00, 0x00, 0x00, 
0x00, 0x00, 0x00, 0x00, 0x00, 0x27, 0xE0, 0x0F, 0x00, 0x00, 0x00, 0x00, 0x00, 0x00, 0x00, 0x00, 
0x00, 0x00, 0x29, 0xE1, 0x78, 0x00, 0x00, 0x00, 0x00, 0x00, 0x00, 0x00, 0x00, 0x00, 0x00, 0x00, 
0xE0, 0xFF, 0xFF, 0xFF, 0xFF, 0xFF, 0xFF, 0xFF, 0xFF, 0xFF, 0xFF, 0xFF, 0xFF, 0xFF, 0x11, 0x9D, 
0x9B, 0x00, 0x00, 0x00, 0x00, 0x00, 0x00, 0x00, 0x00, 0x00, 0x00, 0x00, 0x00, 0x00, 0x76, 0x53, 
0x00, 0x00, 0x00, 0x00, 0x00, 0x00, 0x00, 0x00, 0x00, 0x00, 0x00, 0x13, 0xDC, 0x10, 0x00, 0x00, 
0xAC, 0xFF, 0x9C, 0x00, 0x87, 0xD9, 0xFF, 0xD6, 0x80, 0xAD, 0x12, 0xFF, 0x13, 0xAC, 0x00, 0x00, 
0xFF, 0x00, 0x00, 0x00, 0x00, 0xFF, 0x00, 0x00, 0x00, 0x00, 0xFF, 0x00, 0x00, 0x00, 0x00, 0xFF, 
0x00, 0x00, 0x00, 0x00, 0xFF, 0x00, 0x00, 0x00, 0x00, 0xFF, 0x00, 0x00, 0x00, 0x00, 0xFF, 0x00, 
0x00, 0x00, 0x00, 0xFF, 0x00, 0x00, 0x00, 0x00, 0xFF, 0x00, 0x00, 0x00, 0x00, 0xFF, 0x00, 0x00, 
0x00, 0x00, 0x00, 0x00, 0x00, 0x00, 0x00, 0x00, 0x00, 0x00, 0x6D, 0x4F, 0x00, 0x00, 0x00, 0x00, 
0x00, 0x00, 0x00, 0x00, 0x00, 0x00, 0x00, 0x00, 0x0F, 0xE0, 0x27, 0x00, 0x00, 0x00, 0x00, 0x00, 
0x00, 0x00, 0x00, 0x00, 0x00, 0x00, 0x00, 0x77, 0xE1, 0x29, 0xFF, 0xFF, 0xFF, 0xFF, 0xFF, 0xFF, 
0xFF, 0xFF, 0xFF, 0xFF, 0xFF, 0xFF, 0xFF, 0xE0, 0x00, 0x00, 0x00, 0x00, 0x00, 0x00, 0x00, 0x00, 
0x00, 0x00, 0x00, 0x9C, 0x9D, 0x11, 0x00, 0x00, 0x00, 0x00, 0x00, 0x00, 0x00, 0x00, 0x00, 0x00, 
0x53, 0x76, 0x00, 0x00, 0x00, 0x00, 0xFF, 0x00, 0x00, 0x00, 0x00, 0xFF, 0x00, 0x00, 0x00, 0x00, 
0xFF, 0x00, 0x00, 0x00, 0x00, 0xFF, 0x00, 0x00, 0x00, 0x00, 0xFF, 0x00, 0x00, 0x00, 0x00, 0xFF, 
0x00, 0x00, 0x00, 0x00, 0xFF, 0x00, 0x00, 0x00, 0x00, 0xFF, 0x00, 0x00, 0x00, 0x00, 0xFF, 0x00, 
0x00, 0x00, 0x00, 0xFF, 0x00, 0x00, 0xAE, 0x12, 0xFF, 0x13, 0xAB, 0x87, 0xD8, 0xFF, 0xD6, 0x80, 
0x00, 0xAC, 0xFF, 0x9D, 0x00, 0x00, 0x13, 0xDC, 0x10, 0x00, 0x00, 0x00, 0x7F, 0x50, 0x00, 0x00, 
0x00, 0x00, 0x00, 0x00, 0x51, 0x7F, 0x00, 0x00, 0x12, 0x9F, 0x9A, 0x00, 0x00, 0x00, 0x00, 0x00, 
0x00, 0x00, 0x00, 0x9A, 0x9F, 0x12, 0xDE, 0xFF, 0xFF, 0xFF, 0xFF, 0xFF, 0xFF, 0xFF, 0xFF, 0xFF, 
0xFF, 0xFF, 0xFF, 0xDE, 0x14, 0xA3, 0x9A, 0x00, 0x00, 0x00, 0x00, 0x00, 0x00, 0x00, 0x00, 0x9B, 
0xA2, 0x14, 0x00, 0x00, 0x80, 0x50, 0x00, 0x00, 0x00, 0x00, 0x00, 0x00, 0x51, 0x80, 0x00, 0x00, 
0x00, 0x14, 0xE0, 0x14, 0x00, 0x00, 0xA2, 0xFF, 0xA2, 0x00, 0x82, 0xD8, 0xFF, 0xD8, 0x81, 0xB0, 
0x14, 0xFF, 0x14, 0xB0, 0x00, 0x00, 0xFF, 0x00, 0x00, 0x00, 0x00, 0xFF, 0x00, 0x00, 0x00, 0x00, 
0xFF, 0x00, 0x00, 0x00, 0x00, 0xFF, 0x00, 0x00, 0x00, 0x00, 0xFF, 0x00, 0x00, 0x00, 0x00, 0xFF, 
0x00, 0x00, 0x00, 0x00, 0xFF, 0x00, 0x00, 0xAF, 0x14, 0xFF, 0x14, 0xAF, 0x82, 0xD8, 0xFF, 0xD8, 
0x82, 0x00, 0xA5, 0xFF, 0xA5, 0x00, 0x00, 0x15, 0xE0, 0x15, 0x00, 0xFF, 0xFF, 0xFF, 0xFF, 0xFF, 
0xFF, 0xFF, 0xFF, 0xFF, 0x00, 0x00, 0x00, 0x00, 0x00, 0x00, 0x00, 0x5D, 0xA2, 0x00, 0x00, 0x00, 
0x00, 0x00, 0x00, 0x24, 0xCE, 0x0D, 0x00, 0x00, 0x00, 0x00, 0x00, 0x05, 0xC5, 0x34, 0x00, 0x00, 
0x00, 0x00, 0x00, 0x00, 0x8C, 0x74, 0x00, 0x00, 0x00, 0x00, 0x00, 0x00, 0x46, 0xB7, 0x01, 0x00, 
0x00, 0x00, 0x00, 0x00, 0x17, 0xD1, 0x17, 0x00, 0x00, 0x00, 0x00, 0x00, 0x01, 0xB7, 0x47, 0x00, 
0x00, 0x00, 0x00, 0x00, 0x00, 0x75, 0x8B, 0x00, 0x00, 0x00, 0x00, 0x00, 0x00, 0x34, 0xC5, 0x05, 
0x00, 0x00, 0x00, 0x00, 0x00, 0x0C, 0xCE, 0x24, 0x00, 0x00, 0x00, 0x00, 0x00, 0x00, 0xA3, 0x5D, 
0x00, 0x00, 0x00, 0x00, 0x00, 0x00, 0x00, 0xB5, 0x00, 0x00, 0x00, 0x00, 0x00, 0x00, 0x00, 0x02, 
0xE2, 0x00, 0x00, 0x00, 0x00, 0x00, 0x00, 0x00, 0x24, 0xC2, 0x00, 0x00, 0x00, 0x00, 0x00, 0x00, 
0x00, 0x4F, 0x99, 0x00, 0x00, 0x00, 0x00, 0x00, 0x00, 0x00, 0x7A, 0x70, 0x00, 0x00, 0x00, 0x00, 
0x00, 0x00, 0x00, 0xA5, 0x48, 0x00, 0x00, 0x00, 0x04, 0x00, 0x00, 0x00, 0xD0, 0x1F, 0x02, 0x4C, 
0xB4, 0xC6, 0x00, 0x00, 0x03, 0xED, 0x01, 0x07, 0x8E, 0x4B, 0xAF, 0x42, 0x00, 0x26, 0xCD, 0x00, 
0x00, 0x00, 0x00, 0x35, 0xBB, 0x00, 0x51, 0xA4, 0x00, 0x00, 0x00, 0x00, 0x00, 0xBC, 0x34, 0x7C, 
0x7C, 0x00, 0x00, 0x00, 0x00, 0x00, 0x44, 0xAC, 0xA7, 0x53, 0x00, 0x00, 0x00, 0x00, 0x00, 0x00, 
0xC8, 0xE9, 0x2A, 0x00, 0x00, 0x00, 0x00, 0x00, 0x00, 0x53, 0xFB, 0x06, 0x00, 0x00, 0x00, 0x00, 
0x00, 0x00, 0x02, 0xB0, 0x00, 0x00, 0x00, 0x00, 0x00, 0x00, 0x00, 0x00, 0x1D, 0x00, 0x00, 0x00, 
0x00, 0x00, 0x00, 0x00, 0x03, 0x90, 0xEE, 0xFA, 0x50, 0x00, 0x00, 0x51, 0xF6, 0xBB, 0x12, 0x6E, 
0xD8, 0x1E, 0x52, 0xF5, 0x50, 0x51, 0xF5, 0x52, 0x2D, 0x8A, 0xDF, 0x50, 0x00, 0x00, 0x52, 0xFA, 
0xFA, 0x50, 0x00, 0x00, 0x62, 0xEE, 0x05, 0x00, 0x00, 0x00, 0xFF, 0xFA, 0x50, 0x00, 0x00, 0xA5, 
0xCB, 0x00, 0x00, 0x00, 0x51, 0xFA, 0x52, 0xF5, 0x54, 0x54, 0xF3, 0x4E, 0x82, 0x10, 0x50, 0xF5, 
0x51, 0x00, 0x52, 0xFA, 0xDE, 0x4C, 0x00, 0x49, 0xDB, 0xFA, 0x51, 0x00, 0x2E, 0xB3, 0xE9, 0xE4, 
0x83, 0x1F, 0x17, 0x6C, 0xD7, 0xDC, 0x72, 0x17, 0x20, 0x83, 0xE4, 0xF1, 0xB7, 0x28, 0x00, 0x00, 
0x00, 0x00, 0x00, 0x00, 0x00, 0x00, 0x00, 0x00, 0x00, 0x00, 0x00, 0x00, 0x00, 0x00, 0x00, 0x00, 
0x2D, 0xB3, 0xE9, 0xE4, 0x83, 0x1C, 0x17, 0x6C, 0xD7, 0xDC, 0x72, 0x17, 0x20, 0x82, 0xE3, 0xF1, 
0xB7, 0x28, 0x00, 0x00, 0x00, 0x00, 0x00, 0x00, 0xB2, 0x4A, 0x00, 0x00, 0x00, 0x00, 0x00, 0x00, 
0x17, 0xE0, 0x03, 0x00, 0x00, 0x00, 0x00, 0x00, 0x00, 0x76, 0x86, 0x00, 0x00, 0x00, 0x00, 0x00, 
0x00, 0x00, 0xD6, 0x25, 0x00, 0x00, 0xFF, 0xFF, 0xFF, 0xFF, 0xFF, 0xFF, 0xFF, 0xFF, 0xFF, 0x00, 
0x00, 0x00, 0x00, 0x9E, 0x5E, 0x00, 0x00, 0x00, 0x00, 0x00, 0x00, 0x0C, 0xE5, 0x0A, 0x00, 0x00, 
0x00, 0x00, 0x00, 0x00, 0x63, 0x99, 0x00, 0x00, 0x00, 0x00, 0xFF, 0xFF, 0xFF, 0xFF, 0xFF, 0xFF, 
0xFF, 0xFF, 0xFF, 0x00, 0x00, 0x29, 0xD2, 0x00, 0x00, 0x00, 0x00, 0x00, 0x00, 0x00, 0x8C, 0x70, 
0x00, 0x00, 0x00, 0x00, 0x00, 0x00, 0x04, 0xE2, 0x14, 0x00, 0x00, 0x00, 0x00, 0x00, 0x00, 0x4F, 
0xAC, 0x00, 0x00, 0x00, 0x00, 0x00, 0x00, 0x00, 0x00, 0x00, 0x00, 0x00, 0x01, 0x00, 0x00, 0x00, 
0x00, 0x00, 0x00, 0x00, 0x3A, 0xAD, 0xB9, 0xB6, 0xBB, 0x68, 0x01, 0x00, 0x00, 0x00, 0x63, 0xA9, 
0x19, 0x00, 0x00, 0x06, 0x6F, 0xAC, 0x03, 0x00, 0x26, 0xB4, 0x02, 0x00, 0x00, 0x00, 0x00, 0x00, 
0x65, 0x77, 0x00, 0x8E, 0x36, 0x29, 0x81, 0x00, 0x00, 0x47, 0x64, 0x01, 0xC0, 0x00, 0xB9, 0x01, 
0x1A, 0x5B, 0x00, 0x00, 0x2F, 0x46, 0x00, 0x9F, 0x18, 0xB9, 0x03, 0x00, 0x00, 0x00, 0x00, 0x00, 
0x00, 0x00, 0xA3, 0x15, 0x86, 0x41, 0x04, 0x68, 0x00, 0x00, 0x36, 0x35, 0x03, 0xBF, 0x00, 0x1E, 
0xBC, 0x05, 0x5F, 0xB2, 0xA8, 0x97, 0x05, 0x74, 0x68, 0x00, 0x00, 0x4F, 0xB9, 0x2E, 0x03, 0x08, 
0x11, 0x86, 0x9B, 0x00, 0x00, 0x00, 0x00, 0x29, 0x9C, 0xBD, 0xBC, 0xB2, 0x53, 0x00, 0x00, 0x00, 
0x00, 0x00, 0x00, 0x00, 0x00, 0x01, 0x00, 0x00, 0x00, 0x00, 0x00, 0x00, 0x00, 0x1D, 0x99, 0xE8, 
0xFD, 0xDF, 0x87, 0x0E, 0x00, 0x00, 0x00, 0x32, 0xED, 0xFF, 0xFF, 0xFF, 0xFF, 0xFF, 0xDD, 0x19, 
0x00, 0x04, 0xDB, 0xFF, 0xFF, 0xFF, 0xFF, 0xFF, 0xFF, 0xFF, 0xB7, 0x00, 0x4E, 0xFF, 0xF9, 0x64, 
0xF7, 0xFF, 0xE1, 0x72, 0xFF, 0xFF, 0x26, 0x80, 0xFF, 0xFD, 0x90, 0xFC, 0xFF, 0xEE, 0x9C, 0xFF, 
0xFF, 0x58, 0x7E, 0xFF, 0xFF, 0xFF, 0xFF, 0xFF, 0xFF, 0xFF, 0xFF, 0xFF, 0x55, 0x46, 0xFF, 0xFF, 
0x99, 0xF9, 0xFF, 0xEE, 0xA5, 0xFF, 0xFD, 0x20, 0x01, 0xCF, 0xFF, 0xCD, 0x4A, 0x5B, 0x51, 0xE4, 
0xFF, 0xA8, 0x00, 0x00, 0x24, 0xE0, 0xFF, 0xFF, 0xF4, 0xFF, 0xFF, 0xCC, 0x11, 0x00, 0x00, 0x00, 
0x12, 0x83, 0xD1, 0xE7, 0xC9, 0x71, 0x07, 0x00, 0x00, 0x00, 0x00, 0x00, 0x00, 0x00, 0x00, 0x0D, 
0x58, 0x00, 0x00, 0x00, 0x00, 0x00, 0x00, 0x00, 0x00, 0x05, 0x00, 0x00, 0x00, 0x00, 0x14, 0x84, 
0x00, 0x00, 0x00, 0x00, 0x06, 0x00, 0x00, 0x00, 0x36, 0x8D, 0x01, 0x00, 0x00, 0x14, 0x84, 0x00, 
0x00, 0x00, 0x37, 0x8D, 0x00, 0x00, 0x00, 0x00, 0x4C, 0x96, 0x2D, 0x95, 0x8F, 0x90, 0x9D, 0x6E, 
0x3D, 0x9D, 0x04, 0x00, 0x00, 0x00, 0x00, 0x00, 0x78, 0x9B, 0x07, 0x00, 0x00, 0x00, 0x4D, 0xD4, 
0x04, 0x00, 0x00, 0x00, 0x00, 0x00, 0x03, 0xA4, 0x02, 0x00, 0x00, 0x00, 0x00, 0x00, 0x67, 0x51, 
0x00, 0x00, 0x00, 0x00, 0x00, 0x34, 0x5F, 0x00, 0x00, 0x00, 0x00, 0x00, 0x00, 0x07, 0x9F, 0x00, 
0x00, 0x00, 0x88, 0x88, 0xB1, 0x3C, 0x00, 0x00, 0x00, 0x00, 0x00, 0x00, 0x00, 0xBA, 0x88, 0x88, 
0x39, 0x00, 0x00, 0x34, 0x5A, 0x00, 0x00, 0x00, 0x00, 0x00, 0x00, 0x03, 0x93, 0x00, 0x00, 0x00, 
0x00, 0x00, 0x03, 0x97, 0x00, 0x00, 0x00, 0x00, 0x00, 0x00, 0x5A, 0x4B, 0x00, 0x00, 0x00, 0x00, 
0x00, 0x00, 0x6D, 0x8B, 0x03, 0x00, 0x00, 0x00, 0x3C, 0xCC, 0x02, 0x00, 0x00, 0x00, 0x00, 0x00, 
0x39, 0xA6, 0x3B, 0x97, 0x89, 0x7E, 0x9E, 0x7A, 0x4C, 0x95, 0x01, 0x00, 0x00, 0x00, 0x2F, 0x9A, 
0x05, 0x00, 0x00, 0x1C, 0x8C, 0x00, 0x00, 0x00, 0x47, 0x8B, 0x00, 0x00, 0x00, 0x08, 0x02, 0x00, 
0x00, 0x00, 0x14, 0x84, 0x00, 0x00, 0x00, 0x00, 0x0C, 0x00, 0x00, 0x00, 0x00, 0x00, 0x00, 0x00, 
0x00, 0x0F, 0x63, 0x00, 0x00, 0x00, 0x00, 0x00, 0x00, 0x00, 0x00, 0x00, 0x0B, 0x68, 0x70, 0x70, 
0x69, 0x0B, 0x00, 0x00, 0x00, 0x13, 0x81, 0x10, 0x00, 0x00, 0x11, 0x83, 0x13, 0x00, 0x00, 0x75, 
0x06, 0x00, 0x00, 0x00, 0x00, 0x07, 0x77, 0x00, 0x02, 0x6C, 0x00, 0x00, 0x00, 0x00, 0x00, 0x00, 
0x6D, 0x02, 0x0E, 0x5A, 0x00, 0x00, 0x00, 0x00, 0x00, 0x00, 0x5B, 0x10, 0x00, 0x6B, 0x00, 0x00, 
0x00, 0x00, 0x00, 0x00, 0x70, 0x00, 0x00, 0x5C, 0x22, 0x00, 0x00, 0x00, 0x00, 0x22, 0x61, 0x00, 
0x00, 0x00, 0x69, 0x53, 0x0D, 0x0D, 0x53, 0x6D, 0x01, 0x00, 0x00, 0x00, 0x00, 0x1B, 0x7D, 0x7B, 
0x1E, 0x00, 0x00, 0x00, 0x00, 0x00, 0x00, 0x00, 0x3C, 0x38, 0x00, 0x00, 0x00, 0x00, 0x00, 0x00, 
0x00, 0x00, 0x3C, 0x38, 0x00, 0x00, 0x00, 0x00, 0x00, 0x63, 0x78, 0x78, 0x97, 0x95, 0x78, 0x78, 
0x61, 0x00, 0x00, 0x00, 0x00, 0x00, 0x3C, 0x38, 0x00, 0x00, 0x00, 0x00, 0x00, 0x00, 0x00, 0x00, 
0x3C, 0x38, 0x00, 0x00, 0x00, 0x00, 0x00, 0x00, 0x00, 0x00, 0x3C, 0x38, 0x00, 0x00, 0x00, 0x00, 
0x00, 0x00, 0x00, 0x00, 0x1A, 0x18, 0x00, 0x00, 0x00, 0x00, 0x00, 0x00, 0x00, 0x00, 0x00, 0x00, 
0x00, 0x00, 0x2B, 0x77, 0x00, 0x00, 0x00, 0x00, 0x00, 0x00, 0x00, 0x00, 0x2F, 0x80, 0x77, 0xC6, 
0x0C, 0x00, 0x00, 0x00, 0x00, 0x00, 0x17, 0x81, 0x53, 0x01, 0x7A, 0x38, 0x47, 0x00, 0x00, 0x00, 
0x00, 0x00, 0x03, 0x01, 0x00, 0x16, 0x69, 0x02, 0x76, 0x00, 0x00, 0x00, 0x00, 0x00, 0x00, 0x00, 
0x00, 0x73, 0x0C, 0x00, 0x7A, 0x00, 0x00, 0x00, 0x00, 0x00, 0x00, 0x00, 0x0C, 0x73, 0x00, 0x00, 
0x56, 0x02, 0x00, 0x00, 0x00, 0x00, 0x17, 0x0E, 0x6A, 0x16, 0x00, 0x00, 0x00, 0x00, 0x00, 0x00, 
0x48, 0x7A, 0x57, 0x5A, 0x8F, 0x38, 0x00, 0x00, 0x00, 0x00, 0x00, 0x48, 0x4A, 0x00, 0x00, 0x00, 
0x00, 0x57, 0x35, 0x00, 0x00, 0x00, 0x00, 0x7A, 0x00, 0x00, 0x00, 0x00, 0x00, 0x00, 0x76, 0x00, 
0x00, 0x00, 0x14, 0x5B, 0x00, 0x00, 0x00, 0x00, 0x00, 0x00, 0x69, 0x02, 0x00, 0x00, 0x0E, 0x5B, 
0x00, 0x00, 0x00, 0x00, 0x00, 0x00, 0x68, 0x01, 0x00, 0x00, 0x00, 0x72, 0x00, 0x00, 0x00, 0x00, 
0x00, 0x00, 0x70, 0x00, 0x00, 0x00, 0x00, 0x3B, 0x57, 0x00, 0x00, 0x00, 0x00, 0x68, 0x2A, 0x00, 
0x00, 0x00, 0x00, 0x00, 0x36, 0x71, 0x66, 0x67, 0x73, 0x2C, 0x00, 0x00, 0x00, 0x00, 0x00, 0x00, 
0x00, 0x00, 0x02, 0x01, 0x00, 0x00, 0x00, 0x00, 0x00, 0x00, 0x00, 0x00, 0x00, 0x22, 0x01, 0x00, 
0x00, 0x00, 0x00, 0x00, 0x00, 0x98, 0x46, 0x00, 0x00, 0x00, 0x00, 0x00, 0x48, 0xFD, 0xDB, 0x14, 
0x00, 0x00, 0x00, 0x4B, 0xF6, 0xFF, 0xFF, 0xD2, 0x15, 0x00, 0x4C, 0xFB, 0xFF, 0xFF, 0xFF, 0xFF, 
0xD2, 0x0B, 0xD8, 0xFF, 0xFF, 0xFF, 0xFF, 0xFF, 0xFF, 0x76, 0xEA, 0xFF, 0xFF, 0xDC, 0xEC, 0xFF, 
0xFF, 0x82, 0x4B, 0xC9, 0xA7, 0x6F, 0x44, 0xC3, 0xAD, 0x13, 0x00, 0x00, 0x03, 0xC9, 0x6B, 0x00, 
0x00, 0x00, 0x14, 0x6A, 0xCA, 0xFF, 0xFD, 0x9B, 0x50, 0x00, 0x00, 0x00, 0x00, 0x08, 0x73, 0x90, 
0x33, 0x00, 0x00, 0x00, 0x00, 0x00, 0x00, 0x00, 0xA0, 0xFF, 0xFF, 0xF6, 0x23, 0x00, 0x00, 0x00, 
0x00, 0x00, 0x00, 0xE1, 0xFF, 0xFF, 0xFF, 0x5B, 0x00, 0x00, 0x00, 0x00, 0x31, 0x6A, 0xBE, 0xFF, 
0xFF, 0xFD, 0x75, 0x66, 0x09, 0x00, 0x34, 0xFB, 0xFF, 0xFF, 0xFF, 0xFF, 0xFF, 0xFF, 0xFF, 0xB5, 
0x00, 0x83, 0xFF, 0xFF, 0xFF, 0xFF, 0xFF, 0xFF, 0xFF, 0xFF, 0xFE, 0x05, 0x5B, 0xFF, 0xFF, 0xFF, 
0xD1, 0x97, 0xFF, 0xFF, 0xFF, 0xD8, 0x00, 0x01, 0x82, 0xD0, 0xA5, 0x2A, 0x88, 0x53, 0xC2, 0xBB, 
0x2D, 0x00, 0x00, 0x00, 0x00, 0x00, 0x95, 0xF1, 0x27, 0x00, 0x00, 0x00, 0x00, 0x00, 0x01, 0x63, 
0xBA, 0xFF, 0xFF, 0xEF, 0x8A, 0x2D, 0x00, 0x00, 0x11, 0x7F, 0x82, 0x15, 0x00, 0x50, 0x93, 0x4F, 
0x00, 0xBC, 0xFF, 0xFF, 0xD6, 0x56, 0xFF, 0xFF, 0xFF, 0x43, 0xF5, 0xFF, 0xFF, 0xFF, 0xF3, 0xFF, 
0xFF, 0xFF, 0x7A, 0xBF, 0xFF, 0xFF, 0xFF, 0xFF, 0xFF, 0xFF, 0xFF, 0x46, 0x37, 0xFC, 0xFF, 0xFF, 
0xFF, 0xFF, 0xFF, 0xC5, 0x00, 0x00, 0x7B, 0xFF, 0xFF, 0xFF, 0xFF, 0xF0, 0x21, 0x00, 0x00, 0x02, 
0xBD, 0xFF, 0xFF, 0xFF, 0x52, 0x00, 0x00, 0x00, 0x00, 0x19, 0xEE, 0xFF, 0x97, 0x00, 0x00, 0x00, 
0x00, 0x00, 0x00, 0x6D, 0xEB, 0x0D, 0x00, 0x00, 0x00, 0x00, 0x00, 0x00, 0x0C, 0x77, 0x00, 0x00, 
0x00, 0x00, 0x00, 0x00, 0x00, 0x00, 0x03, 0x00, 0x00, 0x00, 0x00, 0x00, 0x00, 0x00, 0x3E, 0x00, 
0x00, 0x00, 0x00, 0x00, 0x00, 0x27, 0xF7, 0x4A, 0x00, 0x00, 0x00, 0x00, 0x05, 0xCB, 0xFF, 0xE7, 
0x15, 0x00, 0x00, 0x00, 0x92, 0xFF, 0xFF, 0xFF, 0xB9, 0x02, 0x00, 0x5B, 0xFF, 0xFF, 0xFF, 0xFF, 
0xFF, 0x85, 0x00, 0xC2, 0xFF, 0xFF, 0xFF, 0xFF, 0xFF, 0xE0, 0x08, 0x1C, 0xE9, 0xFF, 0xFF, 0xFF, 
0xF7, 0x31, 0x00, 0x00, 0x42, 0xFD, 0xFF, 0xFF, 0x63, 0x00, 0x00, 0x00, 0x00, 0x85, 0xFF, 0xAB, 
0x00, 0x00, 0x00, 0x00, 0x00, 0x05, 0xBF, 0x14, 0x00, 0x00, 0x00, 0x00, 0x00, 0x00, 0x05, 0x00, 
0x00, 0x00, 0x00, 0x00, 0x00, 0x00, 0x22, 0xA5, 0x96, 0x3F, 0x00, 0x00, 0x00, 0x00, 0x34, 0xFF, 
0xFF, 0xFE, 0x43, 0x00, 0x00, 0x00, 0x34, 0xA2, 0x44, 0xBD, 0x96, 0x00, 0x00, 0x00, 0x34, 0x94, 
0x00, 0x26, 0xB5, 0x00, 0x00, 0x00, 0x34, 0x94, 0x00, 0x03, 0x22, 0x00, 0x00, 0x00, 0x34, 0x94, 
0x00, 0x00, 0x00, 0x00, 0x00, 0x00, 0x34, 0x94, 0x00, 0x00, 0x00, 0x00, 0x2B, 0x59, 0x58, 0x94, 
0x00, 0x00, 0x00, 0x54, 0xFD, 0xFF, 0xFF, 0x92, 0x00, 0x00, 0x00, 0xA8, 0xFF, 0xFF, 0xFF, 0x7C, 
0x00, 0x00, 0x00, 0x64, 0xFF, 0xFF, 0xE3, 0x1E, 0x00, 0x00, 0x00, 0x00, 0x2A, 0x40, 0x08, 0x00, 
0x00, 0x00, 0x00, 0x00, 0x00, 0x00, 0x00, 0x00, 0x00, 0x00, 0x06, 0x49, 0x98, 0x51, 0x00, 0x00, 
0x00, 0x00, 0x0F, 0x59, 0xA9, 0xF2, 0xFF, 0xFF, 0x64, 0x00, 0x00, 0x00, 0x00, 0xD2, 0xFF, 0xFF, 
0xFB, 0xBC, 0xB1, 0x64, 0x00, 0x00, 0x00, 0x00, 0xD2, 0xAD, 0x5C, 0x10, 0x00, 0x68, 0x64, 0x00, 
0x00, 0x00, 0x00, 0xC8, 0x00, 0x00, 0x00, 0x00, 0x68, 0x64, 0x00, 0x00, 0x00, 0x00, 0xC8, 0x00, 
0x00, 0x00, 0x00, 0x68, 0x64, 0x00, 0x00, 0x00, 0x00, 0xC8, 0x00, 0x00, 0x00, 0x00, 0x68, 0x64, 
0x00, 0x00, 0x00, 0x00, 0xC8, 0x00, 0x00, 0x21, 0x3D, 0x72, 0x64, 0x00, 0x00, 0x00, 0x00, 0xC8, 
0x00, 0x6C, 0xFD, 0xFF, 0xFF, 0x63, 0x00, 0x40, 0x9D, 0x8A, 0xD7, 0x00, 0xD7, 0xFF, 0xFF, 0xFF, 
0x52, 0x22, 0xF9, 0xFF, 0xFF, 0xF0, 0x00, 0x9E, 0xFF, 0xFF, 0xDB, 0x0E, 0x46, 0xFF, 0xFF, 0xFF, 
0xCB, 0x00, 0x03, 0x4A, 0x4E, 0x0A, 0x00, 0x07, 0xB5, 0xF7, 0xCD, 0x33, 0x00, 0x00, 0x00, 0x00, 
0x00, 0x00, 0x00, 0x00, 0x00, 0x00, 0x00, 0x00, 0x00, 0x22, 0xBE, 0x00, 0x00, 0x00, 0x00, 0x00, 
0x00, 0x00, 0x00, 0x69, 0x7B, 0x00, 0x00, 0x00, 0x00, 0x22, 0xBE, 0x00, 0x00, 0xAF, 0xA1, 0x87, 
0x00, 0x00, 0x00, 0x69, 0x7C, 0x3E, 0xA4, 0xEE, 0x66, 0x0C, 0x00, 0x00, 0x13, 0xBF, 0xE4, 0x9B, 
0x6F, 0xB1, 0x00, 0x00, 0x00, 0x00, 0xA1, 0xF2, 0x0E, 0x00, 0x81, 0x6F, 0x00, 0x00, 0x00, 0x00, 
0x3C, 0xB3, 0x00, 0x00, 0xC7, 0x2C, 0x00, 0x00, 0x00, 0x00, 0x82, 0x70, 0x00, 0x16, 0xFA, 0x9D, 
0x00, 0x00, 0x00, 0x00, 0xC8, 0x67, 0x9F, 0xE9, 0xBC, 0x14, 0x00, 0x00, 0x13, 0x72, 0xF5, 0x9F, 
0x3A, 0x99, 0x64, 0x00, 0x00, 0x00, 0x9E, 0xAB, 0xA6, 0x00, 0x00, 0xDE, 0x21, 0x00, 0x00, 0x00, 
0x00, 0x98, 0x63, 0x00, 0x00, 0x00, 0x00, 0x00, 0x00, 0x00, 0x00, 0xDD, 0x21, 0x00, 0x00, 0x00, 
0x00, 0x00, 0x00, 0x00, 0x00, 0x24, 0x7A, 0x54, 0x69, 0x6D, 0x65, 0x73, 0x20, 0x4E, 0x65, 0x77, 
0x20, 0x52, 0x6F, 0x6D, 0x61, 0x6E, 0x20, 0x49, 0x74, 0x61, 0x6C, 0x69, 0x63, 0x20, 0xD0, 0x9A, 
0xD1, 0x83, 0xD1, 0x80, 0xD1, 0x81, 0xD0, 0xB8, 0xD0, 0xB2, 0x00, 0x1B, 0x7A, 0x54, 0x69, 0x6D, 
0x65, 0x73, 0x4E, 0x65, 0x77, 0x52, 0x6F, 0x6D, 0x61, 0x6E, 0x49, 0x74, 0x61, 0x6C, 0x69, 0x63, 
0x2D, 0x49, 0x74, 0x61, 0x6C, 0x69, 0x63, 0x01};