const uint8_t  zCalibriItalic48[] PROGMEM = {
0x00, 0x00, 0x00, 0xC7, 0x00, 0x00, 0x00, 0x0B, 0x00, 0x00, 0x00, 0x30, 0x00, 0x00, 0x00, 0x00, 
0x00, 0x00, 0x00, 0x21, 0x00, 0x00, 0x00, 0x09, 0x00, 0x00, 0x00, 0x00, 0x00, 0x00, 0x00, 0x01, 
0x00, 0x00, 0x00, 0x01, 0x00, 0x00, 0x00, 0x00, 0x00, 0x00, 0x00, 0x60, 0xFF, 0xFF, 0xFF, 0xD0, 
0x00, 0x00, 0x00, 0x00, 0x00, 0x00, 0x00, 0x00, 0x00, 0x00, 0x00, 0x01, 0x00, 0x00, 0x00, 0x01, 
0x00, 0x00, 0x00, 0x00, 0x00, 0x00, 0x00, 0x60, 0xFF, 0xFF, 0xFF, 0xD0, 0x00, 0x00, 0x00, 0x00, 
0x00, 0x00, 0x00, 0x09, 0x00, 0x00, 0x00, 0x01, 0x00, 0x00, 0x00, 0x01, 0x00, 0x00, 0x00, 0x00, 
0x00, 0x00, 0x00, 0x60, 0xFF, 0xFF, 0xFF, 0xD0, 0x00, 0x00, 0x00, 0x00, 0x00, 0x00, 0x00, 0x0A, 
0x00, 0x00, 0x00, 0x01, 0x00, 0x00, 0x00, 0x01, 0x00, 0x00, 0x00, 0x00, 0x00, 0x00, 0x00, 0x60, 
0xFF, 0xFF, 0xFF, 0xD0, 0x00, 0x00, 0x00, 0x00, 0x00, 0x00, 0x00, 0x0D, 0x00, 0x00, 0x00, 0x01, 
0x00, 0x00, 0x00, 0x01, 0x00, 0x00, 0x00, 0x00, 0x00, 0x00, 0x00, 0x60, 0xFF, 0xFF, 0xFF, 0xD0, 
0x00, 0x00, 0x00, 0x00, 0x00, 0x00, 0x00, 0x1D, 0x00, 0x00, 0x00, 0x01, 0x00, 0x00, 0x00, 0x01, 
0x00, 0x00, 0x00, 0x00, 0x00, 0x00, 0x00, 0x60, 0xFF, 0xFF, 0xFF, 0xD0, 0x00, 0x00, 0x00, 0x00, 
0x00, 0x00, 0x00, 0x20, 0x00, 0x00, 0x00, 0x01, 0x00, 0x00, 0x00, 0x01, 0x00, 0x00, 0x00, 0x0B, 
0x00, 0x00, 0x00, 0x60, 0xFF, 0xFF, 0xFF, 0xD0, 0x00, 0x00, 0x00, 0x00, 0x00, 0x00, 0x00, 0x21, 
0x00, 0x00, 0x00, 0x22, 0x00, 0x00, 0x00, 0x0B, 0x00, 0x00, 0x00, 0x10, 0x00, 0x00, 0x00, 0x21, 
0x00, 0x00, 0x00, 0x04, 0x00, 0x00, 0x00, 0x00, 0x00, 0x00, 0x00, 0x22, 0x00, 0x00, 0x00, 0x0D, 
0x00, 0x00, 0x00, 0x0F, 0x00, 0x00, 0x00, 0x13, 0x00, 0x00, 0x00, 0x21, 0x00, 0x00, 0x00, 0x05, 
0x00, 0x00, 0x00, 0x00, 0x00, 0x00, 0x00, 0x23, 0x00, 0x00, 0x00, 0x20, 0x00, 0x00, 0x00, 0x1A, 
0x00, 0x00, 0x00, 0x18, 0x00, 0x00, 0x00, 0x1F, 0x00, 0x00, 0x00, 0x00, 0x00, 0x00, 0x00, 0x00, 
0x00, 0x00, 0x00, 0x24, 0x00, 0x00, 0x00, 0x2A, 0x00, 0x00, 0x00, 0x18, 0x00, 0x00, 0x00, 0x18, 
0x00, 0x00, 0x00, 0x24, 0x00, 0x00, 0x00, 0x00, 0x00, 0x00, 0x00, 0x00, 0x00, 0x00, 0x00, 0x25, 
0x00, 0x00, 0x00, 0x21, 0x00, 0x00, 0x00, 0x20, 0x00, 0x00, 0x00, 0x22, 0x00, 0x00, 0x00, 0x20, 
0x00, 0x00, 0x00, 0x02, 0x00, 0x00, 0x00, 0x00, 0x00, 0x00, 0x00, 0x26, 0x00, 0x00, 0x00, 0x21, 
0x00, 0x00, 0x00, 0x1D, 0x00, 0x00, 0x00, 0x21, 0x00, 0x00, 0x00, 0x20, 0x00, 0x00, 0x00, 0x01, 
0x00, 0x00, 0x00, 0x00, 0x00, 0x00, 0x00, 0x27, 0x00, 0x00, 0x00, 0x0D, 0x00, 0x00, 0x00, 0x07, 
0x00, 0x00, 0x00, 0x0B, 0x00, 0x00, 0x00, 0x21, 0x00, 0x00, 0x00, 0x05, 0x00, 0x00, 0x00, 0x00, 
0x00, 0x00, 0x00, 0x28, 0x00, 0x00, 0x00, 0x2B, 0x00, 0x00, 0x00, 0x0F, 0x00, 0x00, 0x00, 0x0F, 
0x00, 0x00, 0x00, 0x22, 0x00, 0x00, 0x00, 0x02, 0x00, 0x00, 0x00, 0x00, 0x00, 0x00, 0x00, 0x29, 
0x00, 0x00, 0x00, 0x2B, 0x00, 0x00, 0x00, 0x0E, 0x00, 0x00, 0x00, 0x0F, 0x00, 0x00, 0x00, 0x22, 
0xFF, 0xFF, 0xFF, 0xFF, 0x00, 0x00, 0x00, 0x00, 0x00, 0x00, 0x00, 0x2A, 0x00, 0x00, 0x00, 0x13, 
0x00, 0x00, 0x00, 0x13, 0x00, 0x00, 0x00, 0x18, 0x00, 0x00, 0x00, 0x22, 0x00, 0x00, 0x00, 0x05, 
0x00, 0x00, 0x00, 0x00, 0x00, 0x00, 0x00, 0x2B, 0x00, 0x00, 0x00, 0x17, 0x00, 0x00, 0x00, 0x15, 
0x00, 0x00, 0x00, 0x18, 0x00, 0x00, 0x00, 0x19, 0x00, 0x00, 0x00, 0x02, 0x00, 0x00, 0x00, 0x00, 
0x00, 0x00, 0x00, 0x2C, 0x00, 0x00, 0x00, 0x0D, 0x00, 0x00, 0x00, 0x0B, 0x00, 0x00, 0x00, 0x0C, 
0x00, 0x00, 0x00, 0x06, 0xFF, 0xFF, 0xFF, 0xFD, 0x00, 0x00, 0x00, 0x00, 0x00, 0x00, 0x00, 0x2E, 
0x00, 0x00, 0x00, 0x07, 0x00, 0x00, 0x00, 0x06, 0x00, 0x00, 0x00, 0x0C, 0x00, 0x00, 0x00, 0x06, 
0x00, 0x00, 0x00, 0x01, 0x00, 0x00, 0x00, 0x00, 0x00, 0x00, 0x00, 0x2F, 0x00, 0x00, 0x00, 0x2A, 
0x00, 0x00, 0x00, 0x1B, 0x00, 0x00, 0x00, 0x13, 0x00, 0x00, 0x00, 0x23, 0xFF, 0xFF, 0xFF, 0xFC, 
0x00, 0x00, 0x00, 0x00, 0x00, 0x00, 0x00, 0x30, 0x00, 0x00, 0x00, 0x20, 0x00, 0x00, 0x00, 0x18, 
0x00, 0x00, 0x00, 0x18, 0x00, 0x00, 0x00, 0x1F, 0x00, 0x00, 0x00, 0x01, 0x00, 0x00, 0x00, 0x00, 
0x00, 0x00, 0x00, 0x31, 0x00, 0x00, 0x00, 0x1F, 0x00, 0x00, 0x00, 0x12, 0x00, 0x00, 0x00, 0x18, 
0x00, 0x00, 0x00, 0x1F, 0x00, 0x00, 0x00, 0x02, 0x00, 0x00, 0x00, 0x00, 0x00, 0x00, 0x00, 0x32, 
0x00, 0x00, 0x00, 0x1F, 0x00, 0x00, 0x00, 0x17, 0x00, 0x00, 0x00, 0x18, 0x00, 0x00, 0x00, 0x1F, 
0x00, 0x00, 0x00, 0x00, 0x00, 0x00, 0x00, 0x00, 0x00, 0x00, 0x00, 0x33, 0x00, 0x00, 0x00, 0x20, 
0x00, 0x00, 0x00, 0x17, 0x00, 0x00, 0x00, 0x18, 0x00, 0x00, 0x00, 0x1F, 0x00, 0x00, 0x00, 0x00, 
0x00, 0x00, 0x00, 0x00, 0x00, 0x00, 0x00, 0x34, 0x00, 0x00, 0x00, 0x20, 0x00, 0x00, 0x00, 0x17, 
0x00, 0x00, 0x00, 0x18, 0x00, 0x00, 0x00, 0x1F, 0x00, 0x00, 0x00, 0x00, 0x00, 0x00, 0x00, 0x00, 
0x00, 0x00, 0x00, 0x35, 0x00, 0x00, 0x00, 0x20, 0x00, 0x00, 0x00, 0x18, 0x00, 0x00, 0x00, 0x18, 
0x00, 0x00, 0x00, 0x1F, 0x00, 0x00, 0x00, 0x00, 0x00, 0x00, 0x00, 0x00, 0x00, 0x00, 0x00, 0x36, 
0x00, 0x00, 0x00, 0x20, 0x00, 0x00, 0x00, 0x17, 0x00, 0x00, 0x00, 0x18, 0x00, 0x00, 0x00, 0x1F, 
0x00, 0x00, 0x00, 0x02, 0x00, 0x00, 0x00, 0x00, 0x00, 0x00, 0x00, 0x37, 0x00, 0x00, 0x00, 0x20, 
0x00, 0x00, 0x00, 0x17, 0x00, 0x00, 0x00, 0x18, 0x00, 0x00, 0x00, 0x1F, 0x00, 0x00, 0x00, 0x03, 
0x00, 0x00, 0x00, 0x00, 0x00, 0x00, 0x00, 0x38, 0x00, 0x00, 0x00, 0x20, 0x00, 0x00, 0x00, 0x17, 
0x00, 0x00, 0x00, 0x18, 0x00, 0x00, 0x00, 0x1F, 0x00, 0x00, 0x00, 0x01, 0x00, 0x00, 0x00, 0x00, 
0x00, 0x00, 0x00, 0x39, 0x00, 0x00, 0x00, 0x20, 0x00, 0x00, 0x00, 0x18, 0x00, 0x00, 0x00, 0x18, 
0x00, 0x00, 0x00, 0x1F, 0x00, 0x00, 0x00, 0x00, 0x00, 0x00, 0x00, 0x00, 0x00, 0x00, 0x00, 0x3A, 
0x00, 0x00, 0x00, 0x17, 0x00, 0x00, 0x00, 0x0A, 0x00, 0x00, 0x00, 0x0D, 0x00, 0x00, 0x00, 0x16, 
0x00, 0x00, 0x00, 0x02, 0x00, 0x00, 0x00, 0x00, 0x00, 0x00, 0x00, 0x3B, 0x00, 0x00, 0x00, 0x1D, 
0x00, 0x00, 0x00, 0x0E, 0x00, 0x00, 0x00, 0x0D, 0x00, 0x00, 0x00, 0x16, 0xFF, 0xFF, 0xFF, 0xFE, 
0x00, 0x00, 0x00, 0x00, 0x00, 0x00, 0x00, 0x3C, 0x00, 0x00, 0x00, 0x17, 0x00, 0x00, 0x00, 0x17, 
0x00, 0x00, 0x00, 0x18, 0x00, 0x00, 0x00, 0x19, 0x00, 0x00, 0x00, 0x02, 0x00, 0x00, 0x00, 0x00, 
0x00, 0x00, 0x00, 0x3D, 0x00, 0x00, 0x00, 0x0D, 0x00, 0x00, 0x00, 0x17, 0x00, 0x00, 0x00, 0x18, 
0x00, 0x00, 0x00, 0x14, 0x00, 0x00, 0x00, 0x01, 0x00, 0x00, 0x00, 0x00, 0x00, 0x00, 0x00, 0x3E, 
0x00, 0x00, 0x00, 0x17, 0x00, 0x00, 0x00, 0x17, 0x00, 0x00, 0x00, 0x18, 0x00, 0x00, 0x00, 0x19, 
0x00, 0x00, 0x00, 0x00, 0x00, 0x00, 0x00, 0x00, 0x00, 0x00, 0x00, 0x3F, 0x00, 0x00, 0x00, 0x22, 
0x00, 0x00, 0x00, 0x12, 0x00, 0x00, 0x00, 0x16, 0x00, 0x00, 0x00, 0x21, 0x00, 0x00, 0x00, 0x05, 
0x00, 0x00, 0x00, 0x00, 0x00, 0x00, 0x00, 0x40, 0x00, 0x00, 0x00, 0x26, 0x00, 0x00, 0x00, 0x25, 
0x00, 0x00, 0x00, 0x2B, 0x00, 0x00, 0x00, 0x20, 0x00, 0x00, 0x00, 0x03, 0x00, 0x00, 0x00, 0x00, 
0x00, 0x00, 0x00, 0x41, 0x00, 0x00, 0x00, 0x20, 0x00, 0x00, 0x00, 0x1B, 0x00, 0x00, 0x00, 0x1C, 
0x00, 0x00, 0x00, 0x1F, 0xFF, 0xFF, 0xFF, 0xFE, 0x00, 0x00, 0x00, 0x00, 0x00, 0x00, 0x00, 0x42, 
0x00, 0x00, 0x00, 0x1F, 0x00, 0x00, 0x00, 0x17, 0x00, 0x00, 0x00, 0x1A, 0x00, 0x00, 0x00, 0x1F, 
0x00, 0x00, 0x00, 0x02, 0x00, 0x00, 0x00, 0x00, 0x00, 0x00, 0x00, 0x43, 0x00, 0x00, 0x00, 0x20, 
0x00, 0x00, 0x00, 0x19, 0x00, 0x00, 0x00, 0x19, 0x00, 0x00, 0x00, 0x1F, 0x00, 0x00, 0x00, 0x02, 
0x00, 0x00, 0x00, 0x00, 0x00, 0x00, 0x00, 0x44, 0x00, 0x00, 0x00, 0x1F, 0x00, 0x00, 0x00, 0x1B, 
0x00, 0x00, 0x00, 0x1E, 0x00, 0x00, 0x00, 0x1F, 0x00, 0x00, 0x00, 0x02, 0x00, 0x00, 0x00, 0x00, 
0x00, 0x00, 0x00, 0x45, 0x00, 0x00, 0x00, 0x1F, 0x00, 0x00, 0x00, 0x17, 0x00, 0x00, 0x00, 0x17, 
0x00, 0x00, 0x00, 0x1F, 0x00, 0x00, 0x00, 0x02, 0x00, 0x00, 0x00, 0x00, 0x00, 0x00, 0x00, 0x46, 
0x00, 0x00, 0x00, 0x20, 0x00, 0x00, 0x00, 0x17, 0x00, 0x00, 0x00, 0x16, 0x00, 0x00, 0x00, 0x1F, 
0x00, 0x00, 0x00, 0x01, 0x00, 0x00, 0x00, 0x00, 0x00, 0x00, 0x00, 0x47, 0x00, 0x00, 0x00, 0x20, 
0x00, 0x00, 0x00, 0x1C, 0x00, 0x00, 0x00, 0x1E, 0x00, 0x00, 0x00, 0x1F, 0x00, 0x00, 0x00, 0x02, 
0x00, 0x00, 0x00, 0x00, 0x00, 0x00, 0x00, 0x48, 0x00, 0x00, 0x00, 0x20, 0x00, 0x00, 0x00, 0x1D, 
0x00, 0x00, 0x00, 0x1E, 0x00, 0x00, 0x00, 0x1F, 0x00, 0x00, 0x00, 0x01, 0x00, 0x00, 0x00, 0x00, 
0x00, 0x00, 0x00, 0x49, 0x00, 0x00, 0x00, 0x20, 0x00, 0x00, 0x00, 0x0B, 0x00, 0x00, 0x00, 0x0C, 
0x00, 0x00, 0x00, 0x1F, 0x00, 0x00, 0x00, 0x01, 0x00, 0x00, 0x00, 0x00, 0x00, 0x00, 0x00, 0x4A, 
0x00, 0x00, 0x00, 0x20, 0x00, 0x00, 0x00, 0x12, 0x00, 0x00, 0x00, 0x0F, 0x00, 0x00, 0x00, 0x1F, 
0xFF, 0xFF, 0xFF, 0xFE, 0x00, 0x00, 0x00, 0x00, 0x00, 0x00, 0x00, 0x4B, 0x00, 0x00, 0x00, 0x20, 
0x00, 0x00, 0x00, 0x1A, 0x00, 0x00, 0x00, 0x19, 0x00, 0x00, 0x00, 0x1F, 0x00, 0x00, 0x00, 0x01, 
0x00, 0x00, 0x00, 0x00, 0x00, 0x00, 0x00, 0x4C, 0x00, 0x00, 0x00, 0x1F, 0x00, 0x00, 0x00, 0x11, 
0x00, 0x00, 0x00, 0x14, 0x00, 0x00, 0x00, 0x1F, 0x00, 0x00, 0x00, 0x02, 0x00, 0x00, 0x00, 0x00, 
0x00, 0x00, 0x00, 0x4D, 0x00, 0x00, 0x00, 0x20, 0x00, 0x00, 0x00, 0x28, 0x00, 0x00, 0x00, 0x29, 
0x00, 0x00, 0x00, 0x1F, 0x00, 0x00, 0x00, 0x01, 0x00, 0x00, 0x00, 0x00, 0x00, 0x00, 0x00, 0x4E, 
0x00, 0x00, 0x00, 0x20, 0x00, 0x00, 0x00, 0x1E, 0x00, 0x00, 0x00, 0x1F, 0x00, 0x00, 0x00, 0x1F, 
0x00, 0x00, 0x00, 0x01, 0x00, 0x00, 0x00, 0x00, 0x00, 0x00, 0x00, 0x4F, 0x00, 0x00, 0x00, 0x20, 
0x00, 0x00, 0x00, 0x1D, 0x00, 0x00, 0x00, 0x1F, 0x00, 0x00, 0x00, 0x1F, 0x00, 0x00, 0x00, 0x02, 
0x00, 0x00, 0x00, 0x00, 0x00, 0x00, 0x00, 0x50, 0x00, 0x00, 0x00, 0x20, 0x00, 0x00, 0x00, 0x18, 
0x00, 0x00, 0x00, 0x19, 0x00, 0x00, 0x00, 0x1F, 0x00, 0x00, 0x00, 0x01, 0x00, 0x00, 0x00, 0x00, 
0x00, 0x00, 0x00, 0x51, 0x00, 0x00, 0x00, 0x24, 0x00, 0x00, 0x00, 0x1D, 0x00, 0x00, 0x00, 0x20, 
0x00, 0x00, 0x00, 0x1F, 0x00, 0x00, 0x00, 0x02, 0x00, 0x00, 0x00, 0x00, 0x00, 0x00, 0x00, 0x52, 
0x00, 0x00, 0x00, 0x20, 0x00, 0x00, 0x00, 0x18, 0x00, 0x00, 0x00, 0x1A, 0x00, 0x00, 0x00, 0x1F, 
0x00, 0x00, 0x00, 0x01, 0x00, 0x00, 0x00, 0x00, 0x00, 0x00, 0x00, 0x53, 0x00, 0x00, 0x00, 0x20, 
0x00, 0x00, 0x00, 0x16, 0x00, 0x00, 0x00, 0x16, 0x00, 0x00, 0x00, 0x1F, 0x00, 0x00, 0x00, 0x00, 
0x00, 0x00, 0x00, 0x00, 0x00, 0x00, 0x00, 0x54, 0x00, 0x00, 0x00, 0x20, 0x00, 0x00, 0x00, 0x18, 
0x00, 0x00, 0x00, 0x17, 0x00, 0x00, 0x00, 0x1F, 0x00, 0x00, 0x00, 0x03, 0x00, 0x00, 0x00, 0x00, 
0x00, 0x00, 0x00, 0x55, 0x00, 0x00, 0x00, 0x20, 0x00, 0x00, 0x00, 0x1C, 0x00, 0x00, 0x00, 0x1F, 
0x00, 0x00, 0x00, 0x1F, 0x00, 0x00, 0x00, 0x03, 0x00, 0x00, 0x00, 0x00, 0x00, 0x00, 0x00, 0x56, 
0x00, 0x00, 0x00, 0x20, 0x00, 0x00, 0x00, 0x1B, 0x00, 0x00, 0x00, 0x1B, 0x00, 0x00, 0x00, 0x1F, 
0x00, 0x00, 0x00, 0x04, 0x00, 0x00, 0x00, 0x00, 0x00, 0x00, 0x00, 0x57, 0x00, 0x00, 0x00, 0x20, 
0x00, 0x00, 0x00, 0x28, 0x00, 0x00, 0x00, 0x2B, 0x00, 0x00, 0x00, 0x1F, 0x00, 0x00, 0x00, 0x05, 
0x00, 0x00, 0x00, 0x00, 0x00, 0x00, 0x00, 0x58, 0x00, 0x00, 0x00, 0x20, 0x00, 0x00, 0x00, 0x1E, 
0x00, 0x00, 0x00, 0x19, 0x00, 0x00, 0x00, 0x1F, 0xFF, 0xFF, 0xFF, 0xFE, 0x00, 0x00, 0x00, 0x00, 
0x00, 0x00, 0x00, 0x59, 0x00, 0x00, 0x00, 0x20, 0x00, 0x00, 0x00, 0x17, 0x00, 0x00, 0x00, 0x17, 
0x00, 0x00, 0x00, 0x1F, 0x00, 0x00, 0x00, 0x04, 0x00, 0x00, 0x00, 0x00, 0x00, 0x00, 0x00, 0x5A, 
0x00, 0x00, 0x00, 0x1F, 0x00, 0x00, 0x00, 0x1A, 0x00, 0x00, 0x00, 0x16, 0x00, 0x00, 0x00, 0x1F, 
0xFF, 0xFF, 0xFF, 0xFF, 0x00, 0x00, 0x00, 0x00, 0x00, 0x00, 0x00, 0x5B, 0x00, 0x00, 0x00, 0x29, 
0x00, 0x00, 0x00, 0x10, 0x00, 0x00, 0x00, 0x0F, 0x00, 0x00, 0x00, 0x21, 0x00, 0x00, 0x00, 0x01, 
0x00, 0x00, 0x00, 0x00, 0x00, 0x00, 0x00, 0x5C, 0x00, 0x00, 0x00, 0x2A, 0x00, 0x00, 0x00, 0x0C, 
0x00, 0x00, 0x00, 0x12, 0x00, 0x00, 0x00, 0x23, 0x00, 0x00, 0x00, 0x04, 0x00, 0x00, 0x00, 0x00, 
0x00, 0x00, 0x00, 0x5D, 0x00, 0x00, 0x00, 0x29, 0x00, 0x00, 0x00, 0x11, 0x00, 0x00, 0x00, 0x0F, 
0x00, 0x00, 0x00, 0x21, 0xFF, 0xFF, 0xFF, 0xFE, 0x00, 0x00, 0x00, 0x00, 0x00, 0x00, 0x00, 0x5E, 
0x00, 0x00, 0x00, 0x12, 0x00, 0x00, 0x00, 0x13, 0x00, 0x00, 0x00, 0x18, 0x00, 0x00, 0x00, 0x1F, 
0x00, 0x00, 0x00, 0x03, 0x00, 0x00, 0x00, 0x00, 0x00, 0x00, 0x00, 0x5F, 0x00, 0x00, 0x00, 0x04, 
0x00, 0x00, 0x00, 0x19, 0x00, 0x00, 0x00, 0x18, 0xFF, 0xFF, 0xFF, 0xFB, 0xFF, 0xFF, 0xFF, 0xFC, 
0x00, 0x00, 0x00, 0x00, 0x00, 0x00, 0x00, 0x60, 0x00, 0x00, 0x00, 0x08, 0x00, 0x00, 0x00, 0x09, 
0x00, 0x00, 0x00, 0x0E, 0x00, 0x00, 0x00, 0x21, 0x00, 0x00, 0x00, 0x06, 0x00, 0x00, 0x00, 0x00, 
0x00, 0x00, 0x00, 0x61, 0x00, 0x00, 0x00, 0x18, 0x00, 0x00, 0x00, 0x17, 0x00, 0x00, 0x00, 0x19, 
0x00, 0x00, 0x00, 0x17, 0x00, 0x00, 0x00, 0x01, 0x00, 0x00, 0x00, 0x00, 0x00, 0x00, 0x00, 0x62, 
0x00, 0x00, 0x00, 0x22, 0x00, 0x00, 0x00, 0x16, 0x00, 0x00, 0x00, 0x19, 0x00, 0x00, 0x00, 0x21, 
0x00, 0x00, 0x00, 0x01, 0x00, 0x00, 0x00, 0x00, 0x00, 0x00, 0x00, 0x63, 0x00, 0x00, 0x00, 0x18, 
0x00, 0x00, 0x00, 0x13, 0x00, 0x00, 0x00, 0x14, 0x00, 0x00, 0x00, 0x17, 0x00, 0x00, 0x00, 0x01, 
0x00, 0x00, 0x00, 0x00, 0x00, 0x00, 0x00, 0x64, 0x00, 0x00, 0x00, 0x22, 0x00, 0x00, 0x00, 0x19, 
0x00, 0x00, 0x00, 0x19, 0x00, 0x00, 0x00, 0x21, 0x00, 0x00, 0x00, 0x01, 0x00, 0x00, 0x00, 0x00, 
0x00, 0x00, 0x00, 0x65, 0x00, 0x00, 0x00, 0x18, 0x00, 0x00, 0x00, 0x15, 0x00, 0x00, 0x00, 0x17, 
0x00, 0x00, 0x00, 0x17, 0x00, 0x00, 0x00, 0x01, 0x00, 0x00, 0x00, 0x00, 0x00, 0x00, 0x00, 0x66, 
0x00, 0x00, 0x00, 0x2A, 0x00, 0x00, 0x00, 0x19, 0x00, 0x00, 0x00, 0x0F, 0x00, 0x00, 0x00, 0x21, 
0xFF, 0xFF, 0xFF, 0xFB, 0x00, 0x00, 0x00, 0x00, 0x00, 0x00, 0x00, 0x67, 0x00, 0x00, 0x00, 0x20, 
0x00, 0x00, 0x00, 0x17, 0x00, 0x00, 0x00, 0x19, 0x00, 0x00, 0x00, 0x17, 0x00, 0x00, 0x00, 0x01, 
0x00, 0x00, 0x00, 0x00, 0x00, 0x00, 0x00, 0x68, 0x00, 0x00, 0x00, 0x22, 0x00, 0x00, 0x00, 0x16, 
0x00, 0x00, 0x00, 0x19, 0x00, 0x00, 0x00, 0x21, 0x00, 0x00, 0x00, 0x01, 0x00, 0x00, 0x00, 0x00, 
0x00, 0x00, 0x00, 0x69, 0x00, 0x00, 0x00, 0x21, 0x00, 0x00, 0x00, 0x0B, 0x00, 0x00, 0x00, 0x0B, 
0x00, 0x00, 0x00, 0x20, 0x00, 0x00, 0x00, 0x01, 0x00, 0x00, 0x00, 0x00, 0x00, 0x00, 0x00, 0x6A, 
0x00, 0x00, 0x00, 0x29, 0x00, 0x00, 0x00, 0x11, 0x00, 0x00, 0x00, 0x0B, 0x00, 0x00, 0x00, 0x20, 
0xFF, 0xFF, 0xFF, 0xFB, 0x00, 0x00, 0x00, 0x00, 0x00, 0x00, 0x00, 0x6B, 0x00, 0x00, 0x00, 0x22, 
0x00, 0x00, 0x00, 0x16, 0x00, 0x00, 0x00, 0x16, 0x00, 0x00, 0x00, 0x21, 0x00, 0x00, 0x00, 0x01, 
0x00, 0x00, 0x00, 0x00, 0x00, 0x00, 0x00, 0x6C, 0x00, 0x00, 0x00, 0x22, 0x00, 0x00, 0x00, 0x0B, 
0x00, 0x00, 0x00, 0x0B, 0x00, 0x00, 0x00, 0x21, 0x00, 0x00, 0x00, 0x01, 0x00, 0x00, 0x00, 0x00, 
0x00, 0x00, 0x00, 0x6D, 0x00, 0x00, 0x00, 0x18, 0x00, 0x00, 0x00, 0x23, 0x00, 0x00, 0x00, 0x26, 
0x00, 0x00, 0x00, 0x17, 0x00, 0x00, 0x00, 0x01, 0x00, 0x00, 0x00, 0x00, 0x00, 0x00, 0x00, 0x6E, 
0x00, 0x00, 0x00, 0x18, 0x00, 0x00, 0x00, 0x16, 0x00, 0x00, 0x00, 0x19, 0x00, 0x00, 0x00, 0x17, 
0x00, 0x00, 0x00, 0x01, 0x00, 0x00, 0x00, 0x00, 0x00, 0x00, 0x00, 0x6F, 0x00, 0x00, 0x00, 0x18, 
0x00, 0x00, 0x00, 0x16, 0x00, 0x00, 0x00, 0x19, 0x00, 0x00, 0x00, 0x17, 0x00, 0x00, 0x00, 0x01, 
0x00, 0x00, 0x00, 0x00, 0x00, 0x00, 0x00, 0x70, 0x00, 0x00, 0x00, 0x20, 0x00, 0x00, 0x00, 0x18, 
0x00, 0x00, 0x00, 0x19, 0x00, 0x00, 0x00, 0x17, 0xFF, 0xFF, 0xFF, 0xFF, 0x00, 0x00, 0x00, 0x00, 
0x00, 0x00, 0x00, 0x71, 0x00, 0x00, 0x00, 0x20, 0x00, 0x00, 0x00, 0x17, 0x00, 0x00, 0x00, 0x19, 
0x00, 0x00, 0x00, 0x17, 0x00, 0x00, 0x00, 0x01, 0x00, 0x00, 0x00, 0x00, 0x00, 0x00, 0x00, 0x72, 
0x00, 0x00, 0x00, 0x18, 0x00, 0x00, 0x00, 0x11, 0x00, 0x00, 0x00, 0x10, 0x00, 0x00, 0x00, 0x17, 
0x00, 0x00, 0x00, 0x01, 0x00, 0x00, 0x00, 0x00, 0x00, 0x00, 0x00, 0x73, 0x00, 0x00, 0x00, 0x18, 
0x00, 0x00, 0x00, 0x12, 0x00, 0x00, 0x00, 0x13, 0x00, 0x00, 0x00, 0x17, 0x00, 0x00, 0x00, 0x00, 
0x00, 0x00, 0x00, 0x00, 0x00, 0x00, 0x00, 0x74, 0x00, 0x00, 0x00, 0x1E, 0x00, 0x00, 0x00, 0x0F, 
0x00, 0x00, 0x00, 0x10, 0x00, 0x00, 0x00, 0x1D, 0x00, 0x00, 0x00, 0x02, 0x00, 0x00, 0x00, 0x00, 
0x00, 0x00, 0x00, 0x75, 0x00, 0x00, 0x00, 0x18, 0x00, 0x00, 0x00, 0x16, 0x00, 0x00, 0x00, 0x19, 
0x00, 0x00, 0x00, 0x17, 0x00, 0x00, 0x00, 0x02, 0x00, 0x00, 0x00, 0x00, 0x00, 0x00, 0x00, 0x76, 
0x00, 0x00, 0x00, 0x18, 0x00, 0x00, 0x00, 0x14, 0x00, 0x00, 0x00, 0x15, 0x00, 0x00, 0x00, 0x17, 
0x00, 0x00, 0x00, 0x02, 0x00, 0x00, 0x00, 0x00, 0x00, 0x00, 0x00, 0x77, 0x00, 0x00, 0x00, 0x18, 
0x00, 0x00, 0x00, 0x20, 0x00, 0x00, 0x00, 0x22, 0x00, 0x00, 0x00, 0x17, 0x00, 0x00, 0x00, 0x03, 
0x00, 0x00, 0x00, 0x00, 0x00, 0x00, 0x00, 0x78, 0x00, 0x00, 0x00, 0x18, 0x00, 0x00, 0x00, 0x18, 
0x00, 0x00, 0x00, 0x15, 0x00, 0x00, 0x00, 0x17, 0xFF, 0xFF, 0xFF, 0xFE, 0x00, 0x00, 0x00, 0x00, 
0x00, 0x00, 0x00, 0x79, 0x00, 0x00, 0x00, 0x20, 0x00, 0x00, 0x00, 0x16, 0x00, 0x00, 0x00, 0x15, 
0x00, 0x00, 0x00, 0x17, 0x00, 0x00, 0x00, 0x00, 0x00, 0x00, 0x00, 0x00, 0x00, 0x00, 0x00, 0x7A, 
0x00, 0x00, 0x00, 0x17, 0x00, 0x00, 0x00, 0x13, 0x00, 0x00, 0x00, 0x13, 0x00, 0x00, 0x00, 0x17, 
0x00, 0x00, 0x00, 0x00, 0x00, 0x00, 0x00, 0x00, 0x00, 0x00, 0x00, 0x7B, 0x00, 0x00, 0x00, 0x29, 
0x00, 0x00, 0x00, 0x10, 0x00, 0x00, 0x00, 0x0F, 0x00, 0x00, 0x00, 0x21, 0x00, 0x00, 0x00, 0x02, 
0x00, 0x00, 0x00, 0x00, 0x00, 0x00, 0x00, 0x7C, 0x00, 0x00, 0x00, 0x2B, 0x00, 0x00, 0x00, 0x0D, 
0x00, 0x00, 0x00, 0x16, 0x00, 0x00, 0x00, 0x22, 0x00, 0x00, 0x00, 0x05, 0x00, 0x00, 0x00, 0x00, 
0x00, 0x00, 0x00, 0x7D, 0x00, 0x00, 0x00, 0x29, 0x00, 0x00, 0x00, 0x10, 0x00, 0x00, 0x00, 0x0F, 
0x00, 0x00, 0x00, 0x21, 0xFF, 0xFF, 0xFF, 0xFF, 0x00, 0x00, 0x00, 0x00, 0x00, 0x00, 0x00, 0x7E, 
0x00, 0x00, 0x00, 0x0A, 0x00, 0x00, 0x00, 0x16, 0x00, 0x00, 0x00, 0x18, 0x00, 0x00, 0x00, 0x1B, 
0x00, 0x00, 0x00, 0x03, 0x00, 0x00, 0x00, 0x00, 0x00, 0x00, 0x00, 0xA0, 0x00, 0x00, 0x00, 0x01, 
0x00, 0x00, 0x00, 0x01, 0x00, 0x00, 0x00, 0x0B, 0x00, 0x00, 0x00, 0x60, 0xFF, 0xFF, 0xFF, 0xD0, 
0x00, 0x00, 0x00, 0x00, 0x00, 0x00, 0x00, 0xA6, 0x00, 0x00, 0x00, 0x2D, 0x00, 0x00, 0x00, 0x0D, 
0x00, 0x00, 0x00, 0x18, 0x00, 0x00, 0x00, 0x23, 0x00, 0x00, 0x00, 0x06, 0x00, 0x00, 0x00, 0x00, 
0x00, 0x00, 0x00, 0xA7, 0x00, 0x00, 0x00, 0x25, 0x00, 0x00, 0x00, 0x15, 0x00, 0x00, 0x00, 0x18, 
0x00, 0x00, 0x00, 0x20, 0x00, 0x00, 0x00, 0x01, 0x00, 0x00, 0x00, 0x00, 0x00, 0x00, 0x00, 0xA9, 
0x00, 0x00, 0x00, 0x22, 0x00, 0x00, 0x00, 0x22, 0x00, 0x00, 0x00, 0x28, 0x00, 0x00, 0x00, 0x21, 
0x00, 0x00, 0x00, 0x04, 0x00, 0x00, 0x00, 0x00, 0x00, 0x00, 0x00, 0xAB, 0x00, 0x00, 0x00, 0x14, 
0x00, 0x00, 0x00, 0x14, 0x00, 0x00, 0x00, 0x19, 0x00, 0x00, 0x00, 0x16, 0x00, 0x00, 0x00, 0x03, 
0x00, 0x00, 0x00, 0x00, 0x00, 0x00, 0x00, 0xAE, 0x00, 0x00, 0x00, 0x13, 0x00, 0x00, 0x00, 0x13, 
0x00, 0x00, 0x00, 0x18, 0x00, 0x00, 0x00, 0x21, 0x00, 0x00, 0x00, 0x05, 0x00, 0x00, 0x00, 0x00, 
0x00, 0x00, 0x00, 0xB0, 0x00, 0x00, 0x00, 0x0B, 0x00, 0x00, 0x00, 0x0C, 0x00, 0x00, 0x00, 0x10, 
0x00, 0x00, 0x00, 0x20, 0x00, 0x00, 0x00, 0x05, 0x00, 0x00, 0x00, 0x00, 0x00, 0x00, 0x00, 0xB1, 
0x00, 0x00, 0x00, 0x1C, 0x00, 0x00, 0x00, 0x18, 0x00, 0x00, 0x00, 0x18, 0x00, 0x00, 0x00, 0x1C, 
0x00, 0x00, 0x00, 0x00, 0x00, 0x00, 0x00, 0x00, 0x00, 0x00, 0x00, 0xB4, 0x00, 0x00, 0x00, 0x08, 
0x00, 0x00, 0x00, 0x09, 0x00, 0x00, 0x00, 0x0E, 0x00, 0x00, 0x00, 0x21, 0x00, 0x00, 0x00, 0x06, 
0x00, 0x00, 0x00, 0x00, 0x00, 0x00, 0x00, 0xBB, 0x00, 0x00, 0x00, 0x14, 0x00, 0x00, 0x00, 0x15, 
0x00, 0x00, 0x00, 0x19, 0x00, 0x00, 0x00, 0x16, 0x00, 0x00, 0x00, 0x02, 0x00, 0x00, 0x00, 0x00, 
0x00, 0x00, 0x00, 0xD7, 0x00, 0x00, 0x00, 0x15, 0x00, 0x00, 0x00, 0x17, 0x00, 0x00, 0x00, 0x18, 
0x00, 0x00, 0x00, 0x18, 0x00, 0x00, 0x00, 0x01, 0x00, 0x00, 0x00, 0x00, 0x00, 0x00, 0x00, 0xF7, 
0x00, 0x00, 0x00, 0x17, 0x00, 0x00, 0x00, 0x17, 0x00, 0x00, 0x00, 0x18, 0x00, 0x00, 0x00, 0x19, 
0x00, 0x00, 0x00, 0x01, 0x00, 0x00, 0x00, 0x00, 0x00, 0x00, 0x04, 0x01, 0x00, 0x00, 0x00, 0x27, 
0x00, 0x00, 0x00, 0x17, 0x00, 0x00, 0x00, 0x17, 0x00, 0x00, 0x00, 0x27, 0x00, 0x00, 0x00, 0x02, 
0x00, 0x00, 0x00, 0x00, 0x00, 0x00, 0x04, 0x10, 0x00, 0x00, 0x00, 0x20, 0x00, 0x00, 0x00, 0x1B, 
0x00, 0x00, 0x00, 0x1C, 0x00, 0x00, 0x00, 0x1F, 0xFF, 0xFF, 0xFF, 0xFE, 0x00, 0x00, 0x00, 0x00, 
0x00, 0x00, 0x04, 0x11, 0x00, 0x00, 0x00, 0x1F, 0x00, 0x00, 0x00, 0x18, 0x00, 0x00, 0x00, 0x1A, 
0x00, 0x00, 0x00, 0x1F, 0x00, 0x00, 0x00, 0x02, 0x00, 0x00, 0x00, 0x00, 0x00, 0x00, 0x04, 0x12, 
0x00, 0x00, 0x00, 0x1F, 0x00, 0x00, 0x00, 0x17, 0x00, 0x00, 0x00, 0x1A, 0x00, 0x00, 0x00, 0x1F, 
0x00, 0x00, 0x00, 0x02, 0x00, 0x00, 0x00, 0x00, 0x00, 0x00, 0x04, 0x13, 0x00, 0x00, 0x00, 0x20, 
0x00, 0x00, 0x00, 0x17, 0x00, 0x00, 0x00, 0x15, 0x00, 0x00, 0x00, 0x1F, 0x00, 0x00, 0x00, 0x01, 
0x00, 0x00, 0x00, 0x00, 0x00, 0x00, 0x04, 0x14, 0x00, 0x00, 0x00, 0x28, 0x00, 0x00, 0x00, 0x22, 
0x00, 0x00, 0x00, 0x1F, 0x00, 0x00, 0x00, 0x1F, 0xFF, 0xFF, 0xFF, 0xFC, 0x00, 0x00, 0x00, 0x00, 
0x00, 0x00, 0x04, 0x15, 0x00, 0x00, 0x00, 0x1F, 0x00, 0x00, 0x00, 0x17, 0x00, 0x00, 0x00, 0x17, 
0x00, 0x00, 0x00, 0x1F, 0x00, 0x00, 0x00, 0x02, 0x00, 0x00, 0x00, 0x00, 0x00, 0x00, 0x04, 0x16, 
0x00, 0x00, 0x00, 0x20, 0x00, 0x00, 0x00, 0x29, 0x00, 0x00, 0x00, 0x26, 0x00, 0x00, 0x00, 0x1F, 
0xFF, 0xFF, 0xFF, 0xFF, 0x00, 0x00, 0x00, 0x00, 0x00, 0x00, 0x04, 0x17, 0x00, 0x00, 0x00, 0x20, 
0x00, 0x00, 0x00, 0x17, 0x00, 0x00, 0x00, 0x17, 0x00, 0x00, 0x00, 0x1F, 0x00, 0x00, 0x00, 0x00, 
0x00, 0x00, 0x00, 0x00, 0x00, 0x00, 0x04, 0x18, 0x00, 0x00, 0x00, 0x20, 0x00, 0x00, 0x00, 0x1E, 
0x00, 0x00, 0x00, 0x1F, 0x00, 0x00, 0x00, 0x1F, 0x00, 0x00, 0x00, 0x01, 0x00, 0x00, 0x00, 0x00, 
0x00, 0x00, 0x04, 0x19, 0x00, 0x00, 0x00, 0x29, 0x00, 0x00, 0x00, 0x1E, 0x00, 0x00, 0x00, 0x1F, 
0x00, 0x00, 0x00, 0x28, 0x00, 0x00, 0x00, 0x01, 0x00, 0x00, 0x00, 0x00, 0x00, 0x00, 0x04, 0x1A, 
0x00, 0x00, 0x00, 0x20, 0x00, 0x00, 0x00, 0x1A, 0x00, 0x00, 0x00, 0x1A, 0x00, 0x00, 0x00, 0x1F, 
0x00, 0x00, 0x00, 0x01, 0x00, 0x00, 0x00, 0x00, 0x00, 0x00, 0x04, 0x1B, 0x00, 0x00, 0x00, 0x20, 
0x00, 0x00, 0x00, 0x1F, 0x00, 0x00, 0x00, 0x1D, 0x00, 0x00, 0x00, 0x1F, 0xFF, 0xFF, 0xFF, 0xFE, 
0x00, 0x00, 0x00, 0x00, 0x00, 0x00, 0x04, 0x1C, 0x00, 0x00, 0x00, 0x20, 0x00, 0x00, 0x00, 0x28, 
0x00, 0x00, 0x00, 0x29, 0x00, 0x00, 0x00, 0x1F, 0x00, 0x00, 0x00, 0x01, 0x00, 0x00, 0x00, 0x00, 
0x00, 0x00, 0x04, 0x1D, 0x00, 0x00, 0x00, 0x20, 0x00, 0x00, 0x00, 0x1D, 0x00, 0x00, 0x00, 0x1E, 
0x00, 0x00, 0x00, 0x1F, 0x00, 0x00, 0x00, 0x01, 0x00, 0x00, 0x00, 0x00, 0x00, 0x00, 0x04, 0x1E, 
0x00, 0x00, 0x00, 0x20, 0x00, 0x00, 0x00, 0x1D, 0x00, 0x00, 0x00, 0x1F, 0x00, 0x00, 0x00, 0x1F, 
0x00, 0x00, 0x00, 0x02, 0x00, 0x00, 0x00, 0x00, 0x00, 0x00, 0x04, 0x1F, 0x00, 0x00, 0x00, 0x20, 
0x00, 0x00, 0x00, 0x1D, 0x00, 0x00, 0x00, 0x1E, 0x00, 0x00, 0x00, 0x1F, 0x00, 0x00, 0x00, 0x01, 
0x00, 0x00, 0x00, 0x00, 0x00, 0x00, 0x04, 0x20, 0x00, 0x00, 0x00, 0x20, 0x00, 0x00, 0x00, 0x18, 
0x00, 0x00, 0x00, 0x19, 0x00, 0x00, 0x00, 0x1F, 0x00, 0x00, 0x00, 0x01, 0x00, 0x00, 0x00, 0x00, 
0x00, 0x00, 0x04, 0x21, 0x00, 0x00, 0x00, 0x20, 0x00, 0x00, 0x00, 0x19, 0x00, 0x00, 0x00, 0x19, 
0x00, 0x00, 0x00, 0x1F, 0x00, 0x00, 0x00, 0x02, 0x00, 0x00, 0x00, 0x00, 0x00, 0x00, 0x04, 0x22, 
0x00, 0x00, 0x00, 0x20, 0x00, 0x00, 0x00, 0x18, 0x00, 0x00, 0x00, 0x17, 0x00, 0x00, 0x00, 0x1F, 
0x00, 0x00, 0x00, 0x03, 0x00, 0x00, 0x00, 0x00, 0x00, 0x00, 0x04, 0x23, 0x00, 0x00, 0x00, 0x20, 
0x00, 0x00, 0x00, 0x1C, 0x00, 0x00, 0x00, 0x19, 0x00, 0x00, 0x00, 0x1F, 0x00, 0x00, 0x00, 0x01, 
0x00, 0x00, 0x00, 0x00, 0x00, 0x00, 0x04, 0x24, 0x00, 0x00, 0x00, 0x21, 0x00, 0x00, 0x00, 0x1F, 
0x00, 0x00, 0x00, 0x21, 0x00, 0x00, 0x00, 0x20, 0x00, 0x00, 0x00, 0x02, 0x00, 0x00, 0x00, 0x00, 
0x00, 0x00, 0x04, 0x25, 0x00, 0x00, 0x00, 0x20, 0x00, 0x00, 0x00, 0x1E, 0x00, 0x00, 0x00, 0x19, 
0x00, 0x00, 0x00, 0x1F, 0xFF, 0xFF, 0xFF, 0xFE, 0x00, 0x00, 0x00, 0x00, 0x00, 0x00, 0x04, 0x26, 
0x00, 0x00, 0x00, 0x28, 0x00, 0x00, 0x00, 0x1C, 0x00, 0x00, 0x00, 0x1F, 0x00, 0x00, 0x00, 0x1F, 
0x00, 0x00, 0x00, 0x02, 0x00, 0x00, 0x00, 0x00, 0x00, 0x00, 0x04, 0x27, 0x00, 0x00, 0x00, 0x20, 
0x00, 0x00, 0x00, 0x17, 0x00, 0x00, 0x00, 0x1B, 0x00, 0x00, 0x00, 0x1F, 0x00, 0x00, 0x00, 0x04, 
0x00, 0x00, 0x00, 0x00, 0x00, 0x00, 0x04, 0x28, 0x00, 0x00, 0x00, 0x1F, 0x00, 0x00, 0x00, 0x28, 
0x00, 0x00, 0x00, 0x2A, 0x00, 0x00, 0x00, 0x1F, 0x00, 0x00, 0x00, 0x02, 0x00, 0x00, 0x00, 0x00, 
0x00, 0x00, 0x04, 0x29, 0x00, 0x00, 0x00, 0x28, 0x00, 0x00, 0x00, 0x28, 0x00, 0x00, 0x00, 0x2B, 
0x00, 0x00, 0x00, 0x1F, 0x00, 0x00, 0x00, 0x02, 0x00, 0x00, 0x00, 0x00, 0x00, 0x00, 0x04, 0x2A, 
0x00, 0x00, 0x00, 0x1F, 0x00, 0x00, 0x00, 0x1A, 0x00, 0x00, 0x00, 0x1E, 0x00, 0x00, 0x00, 0x1F, 
0x00, 0x00, 0x00, 0x03, 0x00, 0x00, 0x00, 0x00, 0x00, 0x00, 0x04, 0x2B, 0x00, 0x00, 0x00, 0x20, 
0x00, 0x00, 0x00, 0x23, 0x00, 0x00, 0x00, 0x25, 0x00, 0x00, 0x00, 0x1F, 0x00, 0x00, 0x00, 0x02, 
0x00, 0x00, 0x00, 0x00, 0x00, 0x00, 0x04, 0x2C, 0x00, 0x00, 0x00, 0x1F, 0x00, 0x00, 0x00, 0x17, 
0x00, 0x00, 0x00, 0x1A, 0x00, 0x00, 0x00, 0x1F, 0x00, 0x00, 0x00, 0x02, 0x00, 0x00, 0x00, 0x00, 
0x00, 0x00, 0x04, 0x2D, 0x00, 0x00, 0x00, 0x20, 0x00, 0x00, 0x00, 0x1A, 0x00, 0x00, 0x00, 0x1A, 
0x00, 0x00, 0x00, 0x1F, 0x00, 0x00, 0x00, 0x00, 0x00, 0x00, 0x00, 0x00, 0x00, 0x00, 0x04, 0x2E, 
0x00, 0x00, 0x00, 0x20, 0x00, 0x00, 0x00, 0x29, 0x00, 0x00, 0x00, 0x2A, 0x00, 0x00, 0x00, 0x1F, 
0x00, 0x00, 0x00, 0x01, 0x00, 0x00, 0x00, 0x00, 0x00, 0x00, 0x04, 0x2F, 0x00, 0x00, 0x00, 0x20, 
0x00, 0x00, 0x00, 0x1C, 0x00, 0x00, 0x00, 0x1B, 0x00, 0x00, 0x00, 0x1F, 0xFF, 0xFF, 0xFF, 0xFF, 
0x00, 0x00, 0x00, 0x00, 0x00, 0x00, 0x04, 0x30, 0x00, 0x00, 0x00, 0x18, 0x00, 0x00, 0x00, 0x17, 
0x00, 0x00, 0x00, 0x19, 0x00, 0x00, 0x00, 0x17, 0x00, 0x00, 0x00, 0x01, 0x00, 0x00, 0x00, 0x00, 
0x00, 0x00, 0x04, 0x31, 0x00, 0x00, 0x00, 0x22, 0x00, 0x00, 0x00, 0x19, 0x00, 0x00, 0x00, 0x1A, 
0x00, 0x00, 0x00, 0x21, 0x00, 0x00, 0x00, 0x02, 0x00, 0x00, 0x00, 0x00, 0x00, 0x00, 0x04, 0x32, 
0x00, 0x00, 0x00, 0x18, 0x00, 0x00, 0x00, 0x15, 0x00, 0x00, 0x00, 0x17, 0x00, 0x00, 0x00, 0x17, 
0x00, 0x00, 0x00, 0x01, 0x00, 0x00, 0x00, 0x00, 0x00, 0x00, 0x04, 0x33, 0x00, 0x00, 0x00, 0x18, 
0x00, 0x00, 0x00, 0x13, 0x00, 0x00, 0x00, 0x14, 0x00, 0x00, 0x00, 0x17, 0x00, 0x00, 0x00, 0x00, 
0x00, 0x00, 0x00, 0x00, 0x00, 0x00, 0x04, 0x34, 0x00, 0x00, 0x00, 0x22, 0x00, 0x00, 0x00, 0x17, 
0x00, 0x00, 0x00, 0x19, 0x00, 0x00, 0x00, 0x21, 0x00, 0x00, 0x00, 0x01, 0x00, 0x00, 0x00, 0x00, 
0x00, 0x00, 0x04, 0x35, 0x00, 0x00, 0x00, 0x18, 0x00, 0x00, 0x00, 0x15, 0x00, 0x00, 0x00, 0x17, 
0x00, 0x00, 0x00, 0x17, 0x00, 0x00, 0x00, 0x01, 0x00, 0x00, 0x00, 0x00, 0x00, 0x00, 0x04, 0x36, 
0x00, 0x00, 0x00, 0x18, 0x00, 0x00, 0x00, 0x27, 0x00, 0x00, 0x00, 0x26, 0x00, 0x00, 0x00, 0x17, 
0xFF, 0xFF, 0xFF, 0xFF, 0x00, 0x00, 0x00, 0x00, 0x00, 0x00, 0x04, 0x37, 0x00, 0x00, 0x00, 0x18, 
0x00, 0x00, 0x00, 0x13, 0x00, 0x00, 0x00, 0x14, 0x00, 0x00, 0x00, 0x17, 0x00, 0x00, 0x00, 0x00, 
0x00, 0x00, 0x00, 0x00, 0x00, 0x00, 0x04, 0x38, 0x00, 0x00, 0x00, 0x18, 0x00, 0x00, 0x00, 0x16, 
0x00, 0x00, 0x00, 0x19, 0x00, 0x00, 0x00, 0x17, 0x00, 0x00, 0x00, 0x02, 0x00, 0x00, 0x00, 0x00, 
0x00, 0x00, 0x04, 0x39, 0x00, 0x00, 0x00, 0x22, 0x00, 0x00, 0x00, 0x16, 0x00, 0x00, 0x00, 0x19, 
0x00, 0x00, 0x00, 0x21, 0x00, 0x00, 0x00, 0x02, 0x00, 0x00, 0x00, 0x00, 0x00, 0x00, 0x04, 0x3A, 
0x00, 0x00, 0x00, 0x18, 0x00, 0x00, 0x00, 0x16, 0x00, 0x00, 0x00, 0x16, 0x00, 0x00, 0x00, 0x17, 
0x00, 0x00, 0x00, 0x01, 0x00, 0x00, 0x00, 0x00, 0x00, 0x00, 0x04, 0x3B, 0x00, 0x00, 0x00, 0x18, 
0x00, 0x00, 0x00, 0x19, 0x00, 0x00, 0x00, 0x19, 0x00, 0x00, 0x00, 0x17, 0xFF, 0xFF, 0xFF, 0xFE, 
0x00, 0x00, 0x00, 0x00, 0x00, 0x00, 0x04, 0x3C, 0x00, 0x00, 0x00, 0x18, 0x00, 0x00, 0x00, 0x1E, 
0x00, 0x00, 0x00, 0x20, 0x00, 0x00, 0x00, 0x17, 0x00, 0x00, 0x00, 0x00, 0x00, 0x00, 0x00, 0x00, 
0x00, 0x00, 0x04, 0x3D, 0x00, 0x00, 0x00, 0x18, 0x00, 0x00, 0x00, 0x17, 0x00, 0x00, 0x00, 0x19, 
0x00, 0x00, 0x00, 0x17, 0x00, 0x00, 0x00, 0x01, 0x00, 0x00, 0x00, 0x00, 0x00, 0x00, 0x04, 0x3E, 
0x00, 0x00, 0x00, 0x18, 0x00, 0x00, 0x00, 0x16, 0x00, 0x00, 0x00, 0x19, 0x00, 0x00, 0x00, 0x17, 
0x00, 0x00, 0x00, 0x01, 0x00, 0x00, 0x00, 0x00, 0x00, 0x00, 0x04, 0x3F, 0x00, 0x00, 0x00, 0x18, 
0x00, 0x00, 0x00, 0x17, 0x00, 0x00, 0x00, 0x19, 0x00, 0x00, 0x00, 0x17, 0x00, 0x00, 0x00, 0x01, 
0x00, 0x00, 0x00, 0x00, 0x00, 0x00, 0x04, 0x40, 0x00, 0x00, 0x00, 0x20, 0x00, 0x00, 0x00, 0x18, 
0x00, 0x00, 0x00, 0x19, 0x00, 0x00, 0x00, 0x17, 0xFF, 0xFF, 0xFF, 0xFF, 0x00, 0x00, 0x00, 0x00, 
0x00, 0x00, 0x04, 0x41, 0x00, 0x00, 0x00, 0x18, 0x00, 0x00, 0x00, 0x13, 0x00, 0x00, 0x00, 0x14, 
0x00, 0x00, 0x00, 0x17, 0x00, 0x00, 0x00, 0x01, 0x00, 0x00, 0x00, 0x00, 0x00, 0x00, 0x04, 0x42, 
0x00, 0x00, 0x00, 0x18, 0x00, 0x00, 0x00, 0x23, 0x00, 0x00, 0x00, 0x26, 0x00, 0x00, 0x00, 0x17, 
0x00, 0x00, 0x00, 0x01, 0x00, 0x00, 0x00, 0x00, 0x00, 0x00, 0x04, 0x43, 0x00, 0x00, 0x00, 0x20, 
0x00, 0x00, 0x00, 0x16, 0x00, 0x00, 0x00, 0x15, 0x00, 0x00, 0x00, 0x17, 0x00, 0x00, 0x00, 0x00, 
0x00, 0x00, 0x00, 0x00, 0x00, 0x00, 0x04, 0x44, 0x00, 0x00, 0x00, 0x2A, 0x00, 0x00, 0x00, 0x1F, 
0x00, 0x00, 0x00, 0x22, 0x00, 0x00, 0x00, 0x21, 0x00, 0x00, 0x00, 0x01, 0x00, 0x00, 0x00, 0x00, 
0x00, 0x00, 0x04, 0x45, 0x00, 0x00, 0x00, 0x18, 0x00, 0x00, 0x00, 0x18, 0x00, 0x00, 0x00, 0x15, 
0x00, 0x00, 0x00, 0x17, 0xFF, 0xFF, 0xFF, 0xFE, 0x00, 0x00, 0x00, 0x00, 0x00, 0x00, 0x04, 0x46, 
0x00, 0x00, 0x00, 0x1F, 0x00, 0x00, 0x00, 0x16, 0x00, 0x00, 0x00, 0x1A, 0x00, 0x00, 0x00, 0x17, 
0x00, 0x00, 0x00, 0x02, 0x00, 0x00, 0x00, 0x00, 0x00, 0x00, 0x04, 0x47, 0x00, 0x00, 0x00, 0x18, 
0x00, 0x00, 0x00, 0x14, 0x00, 0x00, 0x00, 0x17, 0x00, 0x00, 0x00, 0x17, 0x00, 0x00, 0x00, 0x02, 
0x00, 0x00, 0x00, 0x00, 0x00, 0x00, 0x04, 0x48, 0x00, 0x00, 0x00, 0x18, 0x00, 0x00, 0x00, 0x22, 
0x00, 0x00, 0x00, 0x25, 0x00, 0x00, 0x00, 0x17, 0x00, 0x00, 0x00, 0x02, 0x00, 0x00, 0x00, 0x00, 
0x00, 0x00, 0x04, 0x49, 0x00, 0x00, 0x00, 0x1F, 0x00, 0x00, 0x00, 0x22, 0x00, 0x00, 0x00, 0x26, 
0x00, 0x00, 0x00, 0x17, 0x00, 0x00, 0x00, 0x02, 0x00, 0x00, 0x00, 0x00, 0x00, 0x00, 0x04, 0x4A, 
0x00, 0x00, 0x00, 0x18, 0x00, 0x00, 0x00, 0x16, 0x00, 0x00, 0x00, 0x1A, 0x00, 0x00, 0x00, 0x17, 
0x00, 0x00, 0x00, 0x02, 0x00, 0x00, 0x00, 0x00, 0x00, 0x00, 0x04, 0x4B, 0x00, 0x00, 0x00, 0x18, 
0x00, 0x00, 0x00, 0x1D, 0x00, 0x00, 0x00, 0x20, 0x00, 0x00, 0x00, 0x17, 0x00, 0x00, 0x00, 0x02, 
0x00, 0x00, 0x00, 0x00, 0x00, 0x00, 0x04, 0x4C, 0x00, 0x00, 0x00, 0x18, 0x00, 0x00, 0x00, 0x13, 
0x00, 0x00, 0x00, 0x16, 0x00, 0x00, 0x00, 0x17, 0x00, 0x00, 0x00, 0x02, 0x00, 0x00, 0x00, 0x00, 
0x00, 0x00, 0x04, 0x4D, 0x00, 0x00, 0x00, 0x18, 0x00, 0x00, 0x00, 0x14, 0x00, 0x00, 0x00, 0x15, 
0x00, 0x00, 0x00, 0x17, 0x00, 0x00, 0x00, 0x00, 0x00, 0x00, 0x00, 0x00, 0x00, 0x00, 0x04, 0x4E, 
0x00, 0x00, 0x00, 0x18, 0x00, 0x00, 0x00, 0x20, 0x00, 0x00, 0x00, 0x23, 0x00, 0x00, 0x00, 0x17, 
0x00, 0x00, 0x00, 0x01, 0x00, 0x00, 0x00, 0x00, 0x00, 0x00, 0x04, 0x4F, 0x00, 0x00, 0x00, 0x18, 
0x00, 0x00, 0x00, 0x17, 0x00, 0x00, 0x00, 0x17, 0x00, 0x00, 0x00, 0x17, 0xFF, 0xFF, 0xFF, 0xFF, 
0x00, 0x00, 0x00, 0x00, 0x00, 0x00, 0x04, 0x51, 0x00, 0x00, 0x00, 0x20, 0x00, 0x00, 0x00, 0x15, 
0x00, 0x00, 0x00, 0x17, 0x00, 0x00, 0x00, 0x1F, 0x00, 0x00, 0x00, 0x01, 0x00, 0x00, 0x00, 0x00, 
0x00, 0x00, 0x20, 0x0C, 0x00, 0x00, 0x00, 0x01, 0x00, 0x00, 0x00, 0x01, 0x00, 0x00, 0x00, 0x00, 
0x00, 0x00, 0x00, 0x60, 0xFF, 0xFF, 0xFF, 0xD0, 0x00, 0x00, 0x00, 0x00, 0x00, 0x00, 0x20, 0x0D, 
0x00, 0x00, 0x00, 0x01, 0x00, 0x00, 0x00, 0x01, 0x00, 0x00, 0x00, 0x00, 0x00, 0x00, 0x00, 0x60, 
0xFF, 0xFF, 0xFF, 0xD0, 0x00, 0x00, 0x00, 0x00, 0x00, 0x00, 0x20, 0x0E, 0x00, 0x00, 0x00, 0x01, 
0x00, 0x00, 0x00, 0x01, 0x00, 0x00, 0x00, 0x00, 0x00, 0x00, 0x00, 0x60, 0xFF, 0xFF, 0xFF, 0xD0, 
0x00, 0x00, 0x00, 0x00, 0x00, 0x00, 0x20, 0x0F, 0x00, 0x00, 0x00, 0x01, 0x00, 0x00, 0x00, 0x01, 
0x00, 0x00, 0x00, 0x00, 0x00, 0x00, 0x00, 0x60, 0xFF, 0xFF, 0xFF, 0xD0, 0x00, 0x00, 0x00, 0x00, 
0x00, 0x00, 0x20, 0x28, 0x00, 0x00, 0x00, 0x01, 0x00, 0x00, 0x00, 0x01, 0x00, 0x00, 0x00, 0x00, 
0x00, 0x00, 0x00, 0x60, 0xFF, 0xFF, 0xFF, 0xD0, 0x00, 0x00, 0x00, 0x00, 0x00, 0x00, 0x20, 0x29, 
0x00, 0x00, 0x00, 0x01, 0x00, 0x00, 0x00, 0x01, 0x00, 0x00, 0x00, 0x00, 0x00, 0x00, 0x00, 0x60, 
0xFF, 0xFF, 0xFF, 0xD0, 0x00, 0x00, 0x00, 0x00, 0x00, 0x00, 0x20, 0x2A, 0x00, 0x00, 0x00, 0x01, 
0x00, 0x00, 0x00, 0x01, 0x00, 0x00, 0x00, 0x00, 0x00, 0x00, 0x00, 0x60, 0xFF, 0xFF, 0xFF, 0xD0, 
0x00, 0x00, 0x00, 0x00, 0x00, 0x00, 0x20, 0x2B, 0x00, 0x00, 0x00, 0x01, 0x00, 0x00, 0x00, 0x01, 
0x00, 0x00, 0x00, 0x00, 0x00, 0x00, 0x00, 0x60, 0xFF, 0xFF, 0xFF, 0xD0, 0x00, 0x00, 0x00, 0x00, 
0x00, 0x00, 0x20, 0x2C, 0x00, 0x00, 0x00, 0x01, 0x00, 0x00, 0x00, 0x01, 0x00, 0x00, 0x00, 0x00, 
0x00, 0x00, 0x00, 0x60, 0xFF, 0xFF, 0xFF, 0xD0, 0x00, 0x00, 0x00, 0x00, 0x00, 0x00, 0x20, 0x2D, 
0x00, 0x00, 0x00, 0x01, 0x00, 0x00, 0x00, 0x01, 0x00, 0x00, 0x00, 0x00, 0x00, 0x00, 0x00, 0x60, 
0xFF, 0xFF, 0xFF, 0xD0, 0x00, 0x00, 0x00, 0x00, 0x00, 0x00, 0x20, 0x2E, 0x00, 0x00, 0x00, 0x01, 
0x00, 0x00, 0x00, 0x01, 0x00, 0x00, 0x00, 0x00, 0x00, 0x00, 0x00, 0x60, 0xFF, 0xFF, 0xFF, 0xD0, 
0x00, 0x00, 0x00, 0x00, 0x00, 0x00, 0x20, 0x6A, 0x00, 0x00, 0x00, 0x01, 0x00, 0x00, 0x00, 0x01, 
0x00, 0x00, 0x00, 0x00, 0x00, 0x00, 0x00, 0x60, 0xFF, 0xFF, 0xFF, 0xD0, 0x00, 0x00, 0x00, 0x00, 
0x00, 0x00, 0x20, 0x6B, 0x00, 0x00, 0x00, 0x01, 0x00, 0x00, 0x00, 0x01, 0x00, 0x00, 0x00, 0x00, 
0x00, 0x00, 0x00, 0x60, 0xFF, 0xFF, 0xFF, 0xD0, 0x00, 0x00, 0x00, 0x00, 0x00, 0x00, 0x20, 0x6C, 
0x00, 0x00, 0x00, 0x01, 0x00, 0x00, 0x00, 0x01, 0x00, 0x00, 0x00, 0x00, 0x00, 0x00, 0x00, 0x60, 
0xFF, 0xFF, 0xFF, 0xD0, 0x00, 0x00, 0x00, 0x00, 0x00, 0x00, 0x20, 0x6D, 0x00, 0x00, 0x00, 0x01, 
0x00, 0x00, 0x00, 0x01, 0x00, 0x00, 0x00, 0x00, 0x00, 0x00, 0x00, 0x60, 0xFF, 0xFF, 0xFF, 0xD0, 
0x00, 0x00, 0x00, 0x00, 0x00, 0x00, 0x20, 0x6E, 0x00, 0x00, 0x00, 0x01, 0x00, 0x00, 0x00, 0x01, 
0x00, 0x00, 0x00, 0x00, 0x00, 0x00, 0x00, 0x60, 0xFF, 0xFF, 0xFF, 0xD0, 0x00, 0x00, 0x00, 0x00, 
0x00, 0x00, 0x20, 0x6F, 0x00, 0x00, 0x00, 0x01, 0x00, 0x00, 0x00, 0x01, 0x00, 0x00, 0x00, 0x00, 
0x00, 0x00, 0x00, 0x60, 0xFF, 0xFF, 0xFF, 0xD0, 0x00, 0x00, 0x00, 0x00, 0x00, 0x00, 0x22, 0x12, 
0x00, 0x00, 0x00, 0x05, 0x00, 0x00, 0x00, 0x15, 0x00, 0x00, 0x00, 0x18, 0x00, 0x00, 0x00, 0x10, 
0x00, 0x00, 0x00, 0x02, 0x00, 0x00, 0x00, 0x00, 0x00, 0x00, 0x22, 0x1E, 0x00, 0x00, 0x00, 0x0E, 
0x00, 0x00, 0x00, 0x25, 0x00, 0x00, 0x00, 0x29, 0x00, 0x00, 0x00, 0x16, 0x00, 0x00, 0x00, 0x03, 
0x00, 0x00, 0x00, 0x00, 0x00, 0x00, 0x22, 0x48, 0x00, 0x00, 0x00, 0x0F, 0x00, 0x00, 0x00, 0x17, 
0x00, 0x00, 0x00, 0x18, 0x00, 0x00, 0x00, 0x15, 0x00, 0x00, 0x00, 0x01, 0x00, 0x00, 0x00, 0x00, 
0x00, 0x00, 0x22, 0x60, 0x00, 0x00, 0x00, 0x19, 0x00, 0x00, 0x00, 0x17, 0x00, 0x00, 0x00, 0x18, 
0x00, 0x00, 0x00, 0x1A, 0x00, 0x00, 0x00, 0x01, 0x00, 0x00, 0x00, 0x00, 0x00, 0x00, 0x00, 0x00, 
0x00, 0x00, 0x00, 0x00, 0x00, 0x00, 0x00, 0x00, 0x00, 0x00, 0x0C, 0x2C, 0x2B, 0x07, 0x00, 0x00, 
0x00, 0x00, 0x00, 0x00, 0x3A, 0xF8, 0xFF, 0xFF, 0xC9, 0x00, 0x00, 0x00, 0x00, 0x00, 0x00, 0x89, 
0xFF, 0xFF, 0xFF, 0xB5, 0x00, 0x00, 0x00, 0x00, 0x00, 0x00, 0xB7, 0xFF, 0xFF, 0xFF, 0x7E, 0x00, 
0x00, 0x00, 0x00, 0x00, 0x00, 0xE5, 0xFF, 0xFF, 0xFF, 0x46, 0x00, 0x00, 0x00, 0x00, 0x00, 0x12, 
0xFF, 0xFF, 0xFF, 0xFE, 0x0F, 0x00, 0x00, 0x00, 0x00, 0x00, 0x41, 0xFF, 0xFF, 0xFF, 0xD6, 0x00, 
0x00, 0x00, 0x00, 0x00, 0x00, 0x6F, 0xFF, 0xFF, 0xFF, 0x9E, 0x00, 0x00, 0x00, 0x00, 0x00, 0x00, 
0x9D, 0xFF, 0xFF, 0xFF, 0x67, 0x00, 0x00, 0x00, 0x00, 0x00, 0x00, 0xCC, 0xFF, 0xFF, 0xFF, 0x2F, 
0x00, 0x00, 0x00, 0x00, 0x00, 0x03, 0xF6, 0xFF, 0xFF, 0xF3, 0x03, 0x00, 0x00, 0x00, 0x00, 0x00, 
0x28, 0xFF, 0xFF, 0xFF, 0xBF, 0x00, 0x00, 0x00, 0x00, 0x00, 0x00, 0x56, 0xFF, 0xFF, 0xFF, 0x87, 
0x00, 0x00, 0x00, 0x00, 0x00, 0x00, 0x84, 0xFF, 0xFF, 0xFF, 0x4F, 0x00, 0x00, 0x00, 0x00, 0x00, 
0x00, 0xB2, 0xFF, 0xFF, 0xFF, 0x18, 0x00, 0x00, 0x00, 0x00, 0x00, 0x00, 0xE1, 0xFF, 0xFF, 0xE0, 
0x00, 0x00, 0x00, 0x00, 0x00, 0x00, 0x0F, 0xFF, 0xFF, 0xFF, 0xA8, 0x00, 0x00, 0x00, 0x00, 0x00, 
0x00, 0x3D, 0xFF, 0xFF, 0xFF, 0x70, 0x00, 0x00, 0x00, 0x00, 0x00, 0x00, 0x6B, 0xFF, 0xFF, 0xFF, 
0x38, 0x00, 0x00, 0x00, 0x00, 0x00, 0x00, 0x99, 0xFF, 0xFF, 0xF9, 0x07, 0x00, 0x00, 0x00, 0x00, 
0x00, 0x00, 0xC7, 0xFF, 0xFF, 0xC9, 0x00, 0x00, 0x00, 0x00, 0x00, 0x00, 0x01, 0xF3, 0xFF, 0xFF, 
0x91, 0x00, 0x00, 0x00, 0x00, 0x00, 0x00, 0x24, 0xFF, 0xFF, 0xFF, 0x59, 0x00, 0x00, 0x00, 0x00, 
0x00, 0x00, 0x52, 0xFF, 0xFF, 0xFF, 0x21, 0x00, 0x00, 0x00, 0x00, 0x00, 0x00, 0x58, 0xF6, 0xF9, 
0xB7, 0x00, 0x00, 0x00, 0x00, 0x00, 0x00, 0x00, 0x00, 0x00, 0x00, 0x00, 0x00, 0x00, 0x00, 0x00, 
0x00, 0x00, 0x00, 0x00, 0x00, 0x00, 0x00, 0x00, 0x00, 0x00, 0x00, 0x00, 0x00, 0x00, 0x09, 0x16, 
0x04, 0x00, 0x00, 0x00, 0x00, 0x00, 0x00, 0x00, 0x83, 0xFB, 0xFF, 0xF5, 0x52, 0x00, 0x00, 0x00, 
0x00, 0x00, 0x2C, 0xFF, 0xFF, 0xFF, 0xFF, 0x94, 0x00, 0x00, 0x00, 0x00, 0x00, 0x76, 0xFF, 0xFF, 
0xFF, 0xFF, 0x74, 0x00, 0x00, 0x00, 0x00, 0x00, 0x96, 0xFF, 0xFF, 0xFF, 0xFF, 0x2D, 0x00, 0x00, 
0x00, 0x00, 0x00, 0x6A, 0xFF, 0xFF, 0xFF, 0x8C, 0x00, 0x00, 0x00, 0x00, 0x00, 0x00, 0x00, 0x1F, 
0x38, 0x1E, 0x00, 0x00, 0x00, 0x00, 0x00, 0x00, 0x00, 0x00, 0x00, 0x2C, 0xA6, 0xBC, 0xB1, 0x3E, 
0x00, 0x00, 0x00, 0x08, 0x90, 0xB9, 0xB8, 0x73, 0x00, 0x00, 0x94, 0xFF, 0xFF, 0xFF, 0x63, 0x00, 
0x00, 0x00, 0x40, 0xFF, 0xFF, 0xFF, 0xB3, 0x00, 0x00, 0xBC, 0xFF, 0xFF, 0xFF, 0x22, 0x00, 0x00, 
0x00, 0x68, 0xFF, 0xFF, 0xFF, 0x73, 0x00, 0x00, 0xE4, 0xFF, 0xFF, 0xE1, 0x00, 0x00, 0x00, 0x00, 
0x90, 0xFF, 0xFF, 0xFF, 0x32, 0x00, 0x0C, 0xFF, 0xFF, 0xFF, 0xA0, 0x00, 0x00, 0x00, 0x00, 0xB8, 
0xFF, 0xFF, 0xEF, 0x02, 0x00, 0x33, 0xFF, 0xFF, 0xFF, 0x5F, 0x00, 0x00, 0x00, 0x00, 0xDF, 0xFF, 
0xFF, 0xB1, 0x00, 0x00, 0x5B, 0xFF, 0xFF, 0xFF, 0x1F, 0x00, 0x00, 0x00, 0x09, 0xFD, 0xFF, 0xFF, 
0x71, 0x00, 0x00, 0x83, 0xFF, 0xFF, 0xDE, 0x00, 0x00, 0x00, 0x00, 0x2F, 0xFF, 0xFF, 0xFF, 0x30, 
0x00, 0x00, 0xAB, 0xFF, 0xFF, 0x9D, 0x00, 0x00, 0x00, 0x00, 0x57, 0xFF, 0xFF, 0xEE, 0x02, 0x00, 
0x00, 0xD3, 0xFF, 0xFF, 0x5C, 0x00, 0x00, 0x00, 0x00, 0x7F, 0xFF, 0xFF, 0xAF, 0x00, 0x00, 0x02, 
0xF7, 0xFF, 0xFF, 0x1C, 0x00, 0x00, 0x00, 0x00, 0xA6, 0xFF, 0xFF, 0x6F, 0x00, 0x00, 0x21, 0xFF, 
0xFF, 0xDA, 0x00, 0x00, 0x00, 0x00, 0x00, 0xCD, 0xFF, 0xFF, 0x2E, 0x00, 0x00, 0x0B, 0x8A, 0x94, 
0x42, 0x00, 0x00, 0x00, 0x00, 0x00, 0x65, 0x97, 0x6E, 0x00, 0x00, 0x00, 0x00, 0x00, 0x00, 0x00, 
0x00, 0x00, 0x00, 0x00, 0x00, 0x00, 0x01, 0x52, 0x74, 0x6C, 0x14, 0x00, 0x00, 0x00, 0x00, 0x00, 
0x02, 0x56, 0x74, 0x68, 0x0D, 0x00, 0x00, 0x00, 0x00, 0x00, 0x00, 0x00, 0x00, 0x00, 0x00, 0x00, 
0x44, 0xFF, 0xFF, 0xFF, 0x30, 0x00, 0x00, 0x00, 0x00, 0x00, 0x53, 0xFF, 0xFF, 0xFF, 0x21, 0x00, 
0x00, 0x00, 0x00, 0x00, 0x00, 0x00, 0x00, 0x00, 0x00, 0x00, 0x98, 0xFF, 0xFF, 0xDE, 0x00, 0x00, 
0x00, 0x00, 0x00, 0x00, 0xA8, 0xFF, 0xFF, 0xD0, 0x00, 0x00, 0x00, 0x00, 0x00, 0x00, 0x00, 0x00, 
0x00, 0x00, 0x00, 0x02, 0xE8, 0xFF, 0xFF, 0x8B, 0x00, 0x00, 0x00, 0x00, 0x00, 0x07, 0xF2, 0xFF, 
0xFF, 0x7F, 0x00, 0x00, 0x00, 0x00, 0x00, 0x00, 0x00, 0x00, 0x00, 0x00, 0x00, 0x3F, 0xFF, 0xFF, 
0xFF, 0x37, 0x00, 0x00, 0x00, 0x00, 0x00, 0x4D, 0xFF, 0xFF, 0xFF, 0x2D, 0x00, 0x00, 0x00, 0x00, 
0x00, 0x00, 0x00, 0x00, 0x00, 0x00, 0x00, 0x92, 0xFF, 0xFF, 0xE3, 0x01, 0x00, 0x00, 0x00, 0x00, 
0x00, 0xA0, 0xFF, 0xFF, 0xDB, 0x00, 0x00, 0x00, 0x00, 0x00, 0x00, 0x00, 0x00, 0x00, 0x00, 0x00, 
0x01, 0xE4, 0xFF, 0xFF, 0x91, 0x00, 0x00, 0x00, 0x00, 0x00, 0x04, 0xEE, 0xFF, 0xFF, 0x8A, 0x00, 
0x00, 0x00, 0x00, 0x00, 0x00, 0x00, 0x00, 0x00, 0x00, 0x00, 0x39, 0xFF, 0xFF, 0xFF, 0x3E, 0x00, 
0x00, 0x00, 0x00, 0x00, 0x46, 0xFF, 0xFF, 0xFF, 0x38, 0x00, 0x00, 0x00, 0x00, 0x00, 0x00, 0x00, 
0x09, 0x42, 0x44, 0x44, 0xA3, 0xFF, 0xFF, 0xF6, 0x46, 0x44, 0x44, 0x44, 0x44, 0x44, 0xAC, 0xFF, 
0xFF, 0xF4, 0x45, 0x44, 0x35, 0x00, 0x00, 0x00, 0x00, 0x00, 0xA5, 0xFF, 0xFF, 0xFF, 0xFF, 0xFF, 
0xFF, 0xFF, 0xFF, 0xFF, 0xFF, 0xFF, 0xFF, 0xFF, 0xFF, 0xFF, 0xFF, 0xFF, 0xFF, 0xFF, 0xFF, 0x0F, 
0x00, 0x00, 0x00, 0x00, 0xF5, 0xFF, 0xFF, 0xFF, 0xFF, 0xFF, 0xFF, 0xFF, 0xFF, 0xFF, 0xFF, 0xFF, 
0xFF, 0xFF, 0xFF, 0xFF, 0xFF, 0xFF, 0xFF, 0xFF, 0xE8, 0x01, 0x00, 0x00, 0x00, 0x00, 0x9E, 0xBC, 
0xBC, 0xE7, 0xFF, 0xFF, 0xF4, 0xBC, 0xBC, 0xBC, 0xBC, 0xBC, 0xBC, 0xE8, 0xFF, 0xFF, 0xF5, 0xBC, 
0xBC, 0xBB, 0x58, 0x00, 0x00, 0x00, 0x00, 0x00, 0x00, 0x00, 0x00, 0xD8, 0xFF, 0xFF, 0x9F, 0x00, 
0x00, 0x00, 0x00, 0x00, 0x00, 0xDC, 0xFF, 0xFF, 0xA2, 0x00, 0x00, 0x00, 0x00, 0x00, 0x00, 0x00, 
0x00, 0x00, 0x00, 0x00, 0x2C, 0xFF, 0xFF, 0xFF, 0x4C, 0x00, 0x00, 0x00, 0x00, 0x00, 0x30, 0xFF, 
0xFF, 0xFF, 0x4E, 0x00, 0x00, 0x00, 0x00, 0x00, 0x00, 0x00, 0x00, 0x00, 0x00, 0x00, 0x80, 0xFF, 
0xFF, 0xF1, 0x07, 0x00, 0x00, 0x00, 0x00, 0x00, 0x84, 0xFF, 0xFF, 0xF2, 0x07, 0x00, 0x00, 0x00, 
0x00, 0x00, 0x00, 0x00, 0x00, 0x00, 0x00, 0x00, 0xD3, 0xFF, 0xFF, 0xA4, 0x00, 0x00, 0x00, 0x00, 
0x00, 0x00, 0xD7, 0xFF, 0xFF, 0xA4, 0x00, 0x00, 0x00, 0x00, 0x00, 0x00, 0x00, 0x00, 0x00, 0x00, 
0x00, 0x26, 0xFF, 0xFF, 0xFF, 0x51, 0x00, 0x00, 0x00, 0x00, 0x00, 0x2B, 0xFF, 0xFF, 0xFF, 0x50, 
0x00, 0x00, 0x00, 0x00, 0x00, 0x00, 0x00, 0x00, 0x00, 0x00, 0x00, 0x7A, 0xFF, 0xFF, 0xF4, 0x09, 
0x00, 0x00, 0x00, 0x00, 0x00, 0x7E, 0xFF, 0xFF, 0xF3, 0x08, 0x00, 0x00, 0x00, 0x00, 0x00, 0x00, 
0x00, 0x00, 0x00, 0x00, 0x00, 0xCE, 0xFF, 0xFF, 0xAA, 0x00, 0x00, 0x00, 0x00, 0x00, 0x00, 0xD2, 
0xFF, 0xFF, 0xA6, 0x00, 0x00, 0x00, 0x00, 0x00, 0x00, 0x00, 0x00, 0x5C, 0x84, 0x84, 0x8A, 0xFF, 
0xFF, 0xFF, 0xB8, 0x84, 0x84, 0x84, 0x84, 0x84, 0x8B, 0xFF, 0xFF, 0xFF, 0xB6, 0x84, 0x84, 0x39, 
0x00, 0x00, 0x00, 0x00, 0x2D, 0xFF, 0xFF, 0xFF, 0xFF, 0xFF, 0xFF, 0xFF, 0xFF, 0xFF, 0xFF, 0xFF, 
0xFF, 0xFF, 0xFF, 0xFF, 0xFF, 0xFF, 0xFF, 0xFF, 0xFF, 0x9C, 0x00, 0x00, 0x00, 0x00, 0x5C, 0xFF, 
0xFF, 0xFF, 0xFF, 0xFF, 0xFF, 0xFF, 0xFF, 0xFF, 0xFF, 0xFF, 0xFF, 0xFF, 0xFF, 0xFF, 0xFF, 0xFF, 
0xFF, 0xFF, 0xFF, 0x65, 0x00, 0x00, 0x00, 0x00, 0x17, 0x76, 0x78, 0x92, 0xFF, 0xFF, 0xFF, 0x9C, 
0x78, 0x78, 0x78, 0x78, 0x78, 0x94, 0xFF, 0xFF, 0xFF, 0x98, 0x78, 0x78, 0x67, 0x04, 0x00, 0x00, 
0x00, 0x00, 0x00, 0x00, 0x00, 0x72, 0xFF, 0xFF, 0xF8, 0x0D, 0x00, 0x00, 0x00, 0x00, 0x00, 0x76, 
0xFF, 0xFF, 0xF5, 0x09, 0x00, 0x00, 0x00, 0x00, 0x00, 0x00, 0x00, 0x00, 0x00, 0x00, 0x00, 0xC4, 
0xFF, 0xFF, 0xB3, 0x00, 0x00, 0x00, 0x00, 0x00, 0x00, 0xC8, 0xFF, 0xFF, 0xAD, 0x00, 0x00, 0x00, 
0x00, 0x00, 0x00, 0x00, 0x00, 0x00, 0x00, 0x00, 0x19, 0xFD, 0xFF, 0xFF, 0x60, 0x00, 0x00, 0x00, 
0x00, 0x00, 0x1C, 0xFE, 0xFF, 0xFF, 0x5B, 0x00, 0x00, 0x00, 0x00, 0x00, 0x00, 0x00, 0x00, 0x00, 
0x00, 0x00, 0x6A, 0xFF, 0xFF, 0xFB, 0x12, 0x00, 0x00, 0x00, 0x00, 0x00, 0x6E, 0xFF, 0xFF, 0xFA, 
0x0F, 0x00, 0x00, 0x00, 0x00, 0x00, 0x00, 0x00, 0x00, 0x00, 0x00, 0x00, 0xBD, 0xFF, 0xFF, 0xBA, 
0x00, 0x00, 0x00, 0x00, 0x00, 0x00, 0xC1, 0xFF, 0xFF, 0xB8, 0x00, 0x00, 0x00, 0x00, 0x00, 0x00, 
0x00, 0x00, 0x00, 0x00, 0x00, 0x13, 0xFC, 0xFF, 0xFF, 0x67, 0x00, 0x00, 0x00, 0x00, 0x00, 0x16, 
0xFD, 0xFF, 0xFF, 0x66, 0x00, 0x00, 0x00, 0x00, 0x00, 0x00, 0x00, 0x00, 0x00, 0x00, 0x00, 0x63, 
0xFF, 0xFF, 0xFD, 0x17, 0x00, 0x00, 0x00, 0x00, 0x00, 0x67, 0xFF, 0xFF, 0xFD, 0x16, 0x00, 0x00, 
0x00, 0x00, 0x00, 0x00, 0x00, 0x00, 0x00, 0x00, 0x00, 0xA6, 0xFF, 0xFF, 0xB5, 0x00, 0x00, 0x00, 
0x00, 0x00, 0x00, 0xAE, 0xFF, 0xFF, 0xB1, 0x00, 0x00, 0x00, 0x00, 0x00, 0x00, 0x00, 0x00, 0x00, 
0x00, 0x00, 0x00, 0x07, 0x20, 0x1D, 0x02, 0x00, 0x00, 0x00, 0x00, 0x00, 0x00, 0x0A, 0x21, 0x1A, 
0x00, 0x00, 0x00, 0x00, 0x00, 0x00, 0x00, 0x00, 0x00, 0x00, 0x00, 0x00, 0x00, 0x00, 0x00, 0x00, 
0x00, 0x00, 0x00, 0x00, 0x00, 0x00, 0x00, 0x00, 0x00, 0x00, 0x00, 0x00, 0x02, 0x8C, 0xAF, 0x98, 
0x05, 0x00, 0x00, 0x00, 0x00, 0x00, 0x00, 0x00, 0x00, 0x00, 0x00, 0x00, 0x00, 0x00, 0x00, 0x00, 
0x00, 0x00, 0x00, 0x00, 0x3E, 0xFF, 0xFF, 0xE9, 0x01, 0x00, 0x00, 0x00, 0x00, 0x00, 0x00, 0x00, 
0x00, 0x00, 0x00, 0x00, 0x00, 0x00, 0x00, 0x00, 0x00, 0x00, 0x00, 0x00, 0x8B, 0xFF, 0xFF, 0x9D, 
0x00, 0x00, 0x00, 0x00, 0x00, 0x00, 0x00, 0x00, 0x00, 0x00, 0x00, 0x00, 0x00, 0x00, 0x00, 0x00, 
0x00, 0x00, 0x00, 0x00, 0xD9, 0xFF, 0xFF, 0x4F, 0x00, 0x00, 0x00, 0x00, 0x00, 0x00, 0x00, 0x00, 
0x00, 0x00, 0x00, 0x00, 0x00, 0x00, 0x00, 0x00, 0x00, 0x00, 0x00, 0x25, 0xFF, 0xFF, 0xF7, 0x0A, 
0x00, 0x00, 0x00, 0x00, 0x00, 0x00, 0x00, 0x00, 0x00, 0x00, 0x00, 0x00, 0x00, 0x00, 0x00, 0x00, 
0x00, 0x12, 0x33, 0x94, 0xFF, 0xFF, 0xC3, 0x03, 0x00, 0x00, 0x00, 0x00, 0x00, 0x00, 0x00, 0x00, 
0x00, 0x00, 0x00, 0x00, 0x00, 0x00, 0x33, 0x8F, 0xDE, 0xFF, 0xFF, 0xFF, 0xFF, 0xFF, 0xFF, 0xEF, 
0xAE, 0x54, 0x02, 0x00, 0x00, 0x00, 0x00, 0x00, 0x00, 0x00, 0x00, 0x00, 0x1F, 0xAF, 0xFF, 0xFF, 
0xFF, 0xFF, 0xFF, 0xFF, 0xFF, 0xFF, 0xFF, 0xFF, 0xFF, 0xFF, 0xCC, 0x16, 0x00, 0x00, 0x00, 0x00, 
0x00, 0x00, 0x00, 0x3F, 0xEC, 0xFF, 0xFF, 0xFF, 0xFF, 0xFF, 0xFF, 0xFA, 0xFC, 0xFF, 0xFF, 0xFF, 
0xFF, 0xFF, 0xFF, 0x5B, 0x00, 0x00, 0x00, 0x00, 0x00, 0x00, 0x2A, 0xF2, 0xFF, 0xFF, 0xFF, 0xF6, 
0x8F, 0x3D, 0x0D, 0x00, 0x00, 0x13, 0x46, 0x96, 0xF1, 0xFF, 0xFF, 0x39, 0x00, 0x00, 0x00, 0x00, 
0x00, 0x00, 0xCD, 0xFF, 0xFF, 0xFF, 0xD7, 0x23, 0x00, 0x00, 0x00, 0x00, 0x00, 0x00, 0x00, 0x00, 
0x10, 0x8B, 0xC9, 0x03, 0x00, 0x00, 0x00, 0x00, 0x00, 0x4B, 0xFF, 0xFF, 0xFF, 0xF5, 0x21, 0x00, 
0x00, 0x00, 0x00, 0x00, 0x00, 0x00, 0x00, 0x00, 0x00, 0x00, 0x00, 0x00, 0x00, 0x00, 0x00, 0x00, 
0x00, 0x9D, 0xFF, 0xFF, 0xFF, 0x96, 0x00, 0x00, 0x00, 0x00, 0x00, 0x00, 0x00, 0x00, 0x00, 0x00, 
0x00, 0x00, 0x00, 0x00, 0x00, 0x00, 0x00, 0x00, 0x00, 0xD4, 0xFF, 0xFF, 0xFF, 0x53, 0x00, 0x00, 
0x00, 0x00, 0x00, 0x00, 0x00, 0x00, 0x00, 0x00, 0x00, 0x00, 0x00, 0x00, 0x00, 0x00, 0x00, 0x00, 
0x00, 0xEB, 0xFF, 0xFF, 0xFF, 0x44, 0x00, 0x00, 0x00, 0x00, 0x00, 0x00, 0x00, 0x00, 0x00, 0x00, 
0x00, 0x00, 0x00, 0x00, 0x00, 0x00, 0x00, 0x00, 0x00, 0xE5, 0xFF, 0xFF, 0xFF, 0x7A, 0x00, 0x00, 
0x00, 0x00, 0x00, 0x00, 0x00, 0x00, 0x00, 0x00, 0x00, 0x00, 0x00, 0x00, 0x00, 0x00, 0x00, 0x00, 
0x00, 0xC0, 0xFF, 0xFF, 0xFF, 0xF2, 0x34, 0x00, 0x00, 0x00, 0x00, 0x00, 0x00, 0x00, 0x00, 0x00, 
0x00, 0x00, 0x00, 0x00, 0x00, 0x00, 0x00, 0x00, 0x00, 0x68, 0xFF, 0xFF, 0xFF, 0xFF, 0xF6, 0x7A, 
0x0D, 0x00, 0x00, 0x00, 0x00, 0x00, 0x00, 0x00, 0x00, 0x00, 0x00, 0x00, 0x00, 0x00, 0x00, 0x00, 
0x00, 0x04, 0xCC, 0xFF, 0xFF, 0xFF, 0xFF, 0xFF, 0xED, 0x86, 0x22, 0x00, 0x00, 0x00, 0x00, 0x00, 
0x00, 0x00, 0x00, 0x00, 0x00, 0x00, 0x00, 0x00, 0x00, 0x00, 0x18, 0xC3, 0xFF, 0xFF, 0xFF, 0xFF, 
0xFF, 0xFF, 0xFE, 0xB8, 0x43, 0x00, 0x00, 0x00, 0x00, 0x00, 0x00, 0x00, 0x00, 0x00, 0x00, 0x00, 
0x00, 0x00, 0x00, 0x02, 0x72, 0xEF, 0xFF, 0xFF, 0xFF, 0xFF, 0xFF, 0xFF, 0xFF, 0xC9, 0x29, 0x00, 
0x00, 0x00, 0x00, 0x00, 0x00, 0x00, 0x00, 0x00, 0x00, 0x00, 0x00, 0x00, 0x00, 0x0C, 0x6D, 0xD9, 
0xFF, 0xFF, 0xFF, 0xFF, 0xFF, 0xFF, 0xF6, 0x62, 0x00, 0x00, 0x00, 0x00, 0x00, 0x00, 0x00, 0x00, 
0x00, 0x00, 0x00, 0x00, 0x00, 0x00, 0x00, 0x00, 0x40, 0xA7, 0xFB, 0xFF, 0xFF, 0xFF, 0xFF, 0xFE, 
0x4F, 0x00, 0x00, 0x00, 0x00, 0x00, 0x00, 0x00, 0x00, 0x00, 0x00, 0x00, 0x00, 0x00, 0x00, 0x00, 
0x00, 0x00, 0x21, 0xB8, 0xFF, 0xFF, 0xFF, 0xFF, 0xE2, 0x03, 0x00, 0x00, 0x00, 0x00, 0x00, 0x00, 
0x00, 0x00, 0x00, 0x00, 0x00, 0x00, 0x00, 0x00, 0x00, 0x00, 0x00, 0x02, 0xA1, 0xFF, 0xFF, 0xFF, 
0xFF, 0x3E, 0x00, 0x00, 0x00, 0x00, 0x00, 0x00, 0x00, 0x00, 0x00, 0x00, 0x00, 0x00, 0x00, 0x00, 
0x00, 0x00, 0x00, 0x00, 0x0F, 0xF4, 0xFF, 0xFF, 0xFF, 0x66, 0x00, 0x00, 0x00, 0x00, 0x00, 0x00, 
0x00, 0x00, 0x00, 0x00, 0x00, 0x00, 0x00, 0x00, 0x00, 0x00, 0x00, 0x00, 0x00, 0xCE, 0xFF, 0xFF, 
0xFF, 0x70, 0x00, 0x00, 0x00, 0x00, 0x00, 0x00, 0x00, 0x00, 0x00, 0x00, 0x00, 0x00, 0x00, 0x00, 
0x00, 0x00, 0x00, 0x00, 0x00, 0xDA, 0xFF, 0xFF, 0xFF, 0x5A, 0x00, 0x00, 0x00, 0x00, 0x00, 0x00, 
0x00, 0x00, 0x00, 0x00, 0x00, 0x00, 0x00, 0x00, 0x00, 0x00, 0x00, 0x00, 0x1A, 0xFE, 0xFF, 0xFF, 
0xFF, 0x2C, 0x00, 0x00, 0x00, 0x00, 0x00, 0x00, 0x00, 0x00, 0x00, 0x00, 0x00, 0x00, 0x00, 0x00, 
0x00, 0x00, 0x00, 0x00, 0x92, 0xFF, 0xFF, 0xFF, 0xE0, 0x00, 0x00, 0x00, 0x00, 0x4D, 0x36, 0x00, 
0x00, 0x00, 0x00, 0x00, 0x00, 0x00, 0x00, 0x00, 0x00, 0x00, 0x00, 0x63, 0xFE, 0xFF, 0xFF, 0xFF, 
0x6A, 0x00, 0x00, 0x00, 0x09, 0xF4, 0xFE, 0xA4, 0x2F, 0x00, 0x00, 0x00, 0x00, 0x00, 0x00, 0x00, 
0x00, 0x29, 0xA5, 0xFF, 0xFF, 0xFF, 0xFF, 0xCA, 0x04, 0x00, 0x00, 0x00, 0x35, 0xFF, 0xFF, 0xFF, 
0xFF, 0xD7, 0x9A, 0x74, 0x65, 0x68, 0x77, 0x97, 0xCF, 0xFE, 0xFF, 0xFF, 0xFF, 0xFF, 0xD6, 0x14, 
0x00, 0x00, 0x00, 0x00, 0x27, 0xFF, 0xFF, 0xFF, 0xFF, 0xFF, 0xFF, 0xFF, 0xFF, 0xFF, 0xFF, 0xFF, 
0xFF, 0xFF, 0xFF, 0xFF, 0xFF, 0xA4, 0x0E, 0x00, 0x00, 0x00, 0x00, 0x00, 0x00, 0x57, 0xE0, 0xFF, 
0xFF, 0xFF, 0xFF, 0xFF, 0xFF, 0xFF, 0xFF, 0xFF, 0xFF, 0xFF, 0xFF, 0xB9, 0x40, 0x00, 0x00, 0x00, 
0x00, 0x00, 0x00, 0x00, 0x00, 0x00, 0x02, 0x41, 0x7E, 0xB3, 0xF1, 0xFF, 0xFF, 0xFC, 0xE4, 0xCA, 
0xA6, 0x65, 0x1F, 0x00, 0x00, 0x00, 0x00, 0x00, 0x00, 0x00, 0x00, 0x00, 0x00, 0x00, 0x00, 0x00, 
0x00, 0x00, 0xD5, 0xFF, 0xFF, 0x50, 0x00, 0x00, 0x00, 0x00, 0x00, 0x00, 0x00, 0x00, 0x00, 0x00, 
0x00, 0x00, 0x00, 0x00, 0x00, 0x00, 0x00, 0x00, 0x00, 0x22, 0xFF, 0xFF, 0xF7, 0x0B, 0x00, 0x00, 
0x00, 0x00, 0x00, 0x00, 0x00, 0x00, 0x00, 0x00, 0x00, 0x00, 0x00, 0x00, 0x00, 0x00, 0x00, 0x00, 
0x00, 0x70, 0xFF, 0xFF, 0xB5, 0x00, 0x00, 0x00, 0x00, 0x00, 0x00, 0x00, 0x00, 0x00, 0x00, 0x00, 
0x00, 0x00, 0x00, 0x00, 0x00, 0x00, 0x00, 0x00, 0x00, 0xBE, 0xFF, 0xFF, 0x67, 0x00, 0x00, 0x00, 
0x00, 0x00, 0x00, 0x00, 0x00, 0x00, 0x00, 0x00, 0x00, 0x00, 0x00, 0x00, 0x00, 0x00, 0x00, 0x00, 
0x10, 0xFB, 0xFF, 0xFE, 0x1B, 0x00, 0x00, 0x00, 0x00, 0x00, 0x00, 0x00, 0x00, 0x00, 0x00, 0x00, 
0x00, 0x00, 0x00, 0x00, 0x00, 0x00, 0x00, 0x00, 0x1B, 0xAC, 0xBB, 0x77, 0x00, 0x00, 0x00, 0x00, 
0x00, 0x00, 0x00, 0x00, 0x00, 0x00, 0x00, 0x00, 0x00, 0x00, 0x00, 0x00, 0x00, 0x00, 0x00, 0x00, 
0x00, 0x00, 0x00, 0x00, 0x00, 0x00, 0x00, 0x00, 0x00, 0x00, 0x00, 0x00, 0x00, 0x00, 0x00, 0x00, 
0x00, 0x00, 0x00, 0x00, 0x00, 0x00, 0x00, 0x00, 0x0B, 0x34, 0x35, 0x04, 0x00, 0x00, 0x00, 0x00, 
0x00, 0x00, 0x03, 0x47, 0x8A, 0xA5, 0xA5, 0x88, 0x40, 0x00, 0x00, 0x00, 0x00, 0x00, 0x00, 0x00, 
0x00, 0x00, 0x00, 0x00, 0x00, 0x00, 0x00, 0x37, 0xEE, 0xFF, 0xFF, 0x50, 0x00, 0x00, 0x00, 0x00, 
0x00, 0x40, 0xD7, 0xFF, 0xFF, 0xFF, 0xFF, 0xFF, 0xFF, 0xB9, 0x0E, 0x00, 0x00, 0x00, 0x00, 0x00, 
0x00, 0x00, 0x00, 0x00, 0x00, 0x00, 0x27, 0xEC, 0xFF, 0xFF, 0x9C, 0x00, 0x00, 0x00, 0x00, 0x00, 
0x59, 0xFB, 0xFF, 0xFF, 0xFF, 0xF5, 0xFF, 0xFF, 0xFF, 0xFF, 0xA3, 0x00, 0x00, 0x00, 0x00, 0x00, 
0x00, 0x00, 0x00, 0x00, 0x00, 0x19, 0xDF, 0xFF, 0xFF, 0xB3, 0x03, 0x00, 0x00, 0x00, 0x00, 0x2E, 
0xF9, 0xFF, 0xFF, 0xBC, 0x26, 0x00, 0x12, 0xAD, 0xFF, 0xFF, 0xFB, 0x13, 0x00, 0x00, 0x00, 0x00, 
0x00, 0x00, 0x00, 0x00, 0x0E, 0xD0, 0xFF, 0xFF, 0xC7, 0x0A, 0x00, 0x00, 0x00, 0x00, 0x00, 0xBC, 
0xFF, 0xFF, 0xCD, 0x07, 0x00, 0x00, 0x00, 0x1E, 0xFF, 0xFF, 0xFF, 0x43, 0x00, 0x00, 0x00, 0x00, 
0x00, 0x00, 0x00, 0x06, 0xBE, 0xFF, 0xFF, 0xD8, 0x13, 0x00, 0x00, 0x00, 0x00, 0x00, 0x27, 0xFF, 
0xFF, 0xFF, 0x44, 0x00, 0x00, 0x00, 0x00, 0x00, 0xF7, 0xFF, 0xFF, 0x54, 0x00, 0x00, 0x00, 0x00, 
0x00, 0x00, 0x01, 0xA9, 0xFF, 0xFF, 0xE6, 0x1F, 0x00, 0x00, 0x00, 0x00, 0x00, 0x00, 0x8A, 0xFF, 
0xFF, 0xD4, 0x00, 0x00, 0x00, 0x00, 0x00, 0x00, 0xFB, 0xFF, 0xFF, 0x4D, 0x00, 0x00, 0x00, 0x00, 
0x00, 0x00, 0x91, 0xFF, 0xFF, 0xF1, 0x2F, 0x00, 0x00, 0x00, 0x00, 0x00, 0x00, 0x00, 0xC8, 0xFF, 
0xFF, 0x88, 0x00, 0x00, 0x00, 0x00, 0x00, 0x19, 0xFF, 0xFF, 0xFF, 0x33, 0x00, 0x00, 0x00, 0x00, 
0x00, 0x77, 0xFF, 0xFF, 0xF8, 0x41, 0x00, 0x00, 0x00, 0x00, 0x00, 0x00, 0x00, 0x05, 0xF8, 0xFF, 
0xFF, 0x50, 0x00, 0x00, 0x00, 0x00, 0x00, 0x44, 0xFF, 0xFF, 0xFB, 0x08, 0x00, 0x00, 0x00, 0x00, 
0x5D, 0xFE, 0xFF, 0xFD, 0x56, 0x00, 0x00, 0x00, 0x00, 0x00, 0x00, 0x00, 0x00, 0x1D, 0xFF, 0xFF, 
0xFF, 0x28, 0x00, 0x00, 0x00, 0x00, 0x00, 0x88, 0xFF, 0xFF, 0xD1, 0x00, 0x00, 0x00, 0x00, 0x47, 
0xFA, 0xFF, 0xFF, 0x6E, 0x00, 0x00, 0x00, 0x00, 0x00, 0x00, 0x00, 0x00, 0x00, 0x2C, 0xFF, 0xFF, 
0xFF, 0x17, 0x00, 0x00, 0x00, 0x00, 0x02, 0xDA, 0xFF, 0xFF, 0x85, 0x00, 0x00, 0x00, 0x34, 0xF4, 
0xFF, 0xFF, 0x88, 0x00, 0x00, 0x00, 0x00, 0x00, 0x00, 0x00, 0x00, 0x00, 0x00, 0x2B, 0xFF, 0xFF, 
0xFF, 0x27, 0x00, 0x00, 0x00, 0x00, 0x5C, 0xFF, 0xFF, 0xFC, 0x22, 0x00, 0x00, 0x24, 0xEA, 0xFF, 
0xFF, 0xA1, 0x01, 0x00, 0x00, 0x00, 0x00, 0x00, 0x00, 0x00, 0x00, 0x00, 0x00, 0x0C, 0xFC, 0xFF, 
0xFF, 0x70, 0x00, 0x00, 0x00, 0x38, 0xEF, 0xFF, 0xFF, 0x9A, 0x00, 0x00, 0x17, 0xDD, 0xFF, 0xFF, 
0xB7, 0x04, 0x00, 0x00, 0x00, 0x00, 0x00, 0x00, 0x00, 0x00, 0x00, 0x00, 0x00, 0x00, 0xBC, 0xFF, 
0xFF, 0xFB, 0x9C, 0x74, 0x98, 0xF5, 0xFF, 0xFF, 0xD9, 0x10, 0x00, 0x0D, 0xCD, 0xFF, 0xFF, 0xCA, 
0x0B, 0x00, 0x00, 0x00, 0x00, 0x00, 0x00, 0x00, 0x00, 0x00, 0x00, 0x00, 0x00, 0x00, 0x2F, 0xF4, 
0xFF, 0xFF, 0xFF, 0xFF, 0xFF, 0xFF, 0xFF, 0xD1, 0x1E, 0x00, 0x05, 0xBA, 0xFF, 0xFF, 0xDB, 0x15, 
0x00, 0x00, 0x00, 0x00, 0x00, 0x00, 0x00, 0x00, 0x00, 0x00, 0x00, 0x00, 0x00, 0x00, 0x00, 0x2C, 
0xB6, 0xFA, 0xFF, 0xFF, 0xFF, 0xD4, 0x72, 0x07, 0x00, 0x01, 0xA5, 0xFF, 0xFF, 0xE8, 0x22, 0x00, 
0x00, 0x00, 0x28, 0x65, 0x7C, 0x76, 0x54, 0x11, 0x00, 0x00, 0x00, 0x00, 0x00, 0x00, 0x00, 0x00, 
0x00, 0x09, 0x25, 0x28, 0x11, 0x00, 0x00, 0x00, 0x00, 0x8D, 0xFF, 0xFF, 0xF2, 0x32, 0x00, 0x00, 
0x35, 0xC6, 0xFF, 0xFF, 0xFF, 0xFF, 0xFF, 0xF4, 0x75, 0x00, 0x00, 0x00, 0x00, 0x00, 0x00, 0x00, 
0x00, 0x00, 0x00, 0x00, 0x00, 0x00, 0x00, 0x00, 0x72, 0xFF, 0xFF, 0xFA, 0x44, 0x00, 0x00, 0x57, 
0xF9, 0xFF, 0xFF, 0xFF, 0xFF, 0xFF, 0xFF, 0xFF, 0xFF, 0x66, 0x00, 0x00, 0x00, 0x00, 0x00, 0x00, 
0x00, 0x00, 0x00, 0x00, 0x00, 0x00, 0x00, 0x5A, 0xFE, 0xFF, 0xFE, 0x5A, 0x00, 0x00, 0x36, 0xF9, 
0xFF, 0xFF, 0xC9, 0x43, 0x1D, 0x45, 0xDB, 0xFF, 0xFF, 0xDF, 0x00, 0x00, 0x00, 0x00, 0x00, 0x00, 
0x00, 0x00, 0x00, 0x00, 0x00, 0x00, 0x44, 0xFA, 0xFF, 0xFF, 0x73, 0x00, 0x00, 0x00, 0xCC, 0xFF, 
0xFF, 0xC9, 0x08, 0x00, 0x00, 0x00, 0x4F, 0xFF, 0xFF, 0xFF, 0x1A, 0x00, 0x00, 0x00, 0x00, 0x00, 
0x00, 0x00, 0x00, 0x00, 0x00, 0x31, 0xF2, 0xFF, 0xFF, 0x8D, 0x00, 0x00, 0x00, 0x3B, 0xFF, 0xFF, 
0xFF, 0x37, 0x00, 0x00, 0x00, 0x00, 0x1F, 0xFF, 0xFF, 0xFF, 0x2F, 0x00, 0x00, 0x00, 0x00, 0x00, 
0x00, 0x00, 0x00, 0x00, 0x21, 0xE8, 0xFF, 0xFF, 0xA5, 0x01, 0x00, 0x00, 0x00, 0xA0, 0xFF, 0xFF, 
0xBF, 0x00, 0x00, 0x00, 0x00, 0x00, 0x1E, 0xFF, 0xFF, 0xFF, 0x2B, 0x00, 0x00, 0x00, 0x00, 0x00, 
0x00, 0x00, 0x00, 0x15, 0xDA, 0xFF, 0xFF, 0xBB, 0x05, 0x00, 0x00, 0x00, 0x00, 0xE4, 0xFF, 0xFF, 
0x71, 0x00, 0x00, 0x00, 0x00, 0x00, 0x36, 0xFF, 0xFF, 0xFF, 0x15, 0x00, 0x00, 0x00, 0x00, 0x00, 
0x00, 0x00, 0x0B, 0xCA, 0xFF, 0xFF, 0xCE, 0x0D, 0x00, 0x00, 0x00, 0x00, 0x18, 0xFF, 0xFF, 0xFF, 
0x33, 0x00, 0x00, 0x00, 0x00, 0x00, 0x60, 0xFF, 0xFF, 0xE8, 0x00, 0x00, 0x00, 0x00, 0x00, 0x00, 
0x00, 0x04, 0xB6, 0xFF, 0xFF, 0xDD, 0x17, 0x00, 0x00, 0x00, 0x00, 0x00, 0x3E, 0xFF, 0xFF, 0xFF, 
0x0B, 0x00, 0x00, 0x00, 0x00, 0x00, 0xA1, 0xFF, 0xFF, 0xB5, 0x00, 0x00, 0x00, 0x00, 0x00, 0x00, 
0x00, 0xA0, 0xFF, 0xFF, 0xEA, 0x25, 0x00, 0x00, 0x00, 0x00, 0x00, 0x00, 0x4F, 0xFF, 0xFF, 0xF4, 
0x00, 0x00, 0x00, 0x00, 0x00, 0x05, 0xE9, 0xFF, 0xFF, 0x6F, 0x00, 0x00, 0x00, 0x00, 0x00, 0x00, 
0x88, 0xFF, 0xFF, 0xF4, 0x35, 0x00, 0x00, 0x00, 0x00, 0x00, 0x00, 0x00, 0x51, 0xFF, 0xFF, 0xFC, 
0x03, 0x00, 0x00, 0x00, 0x00, 0x6A, 0xFF, 0xFF, 0xF7, 0x16, 0x00, 0x00, 0x00, 0x00, 0x00, 0x6D, 
0xFF, 0xFF, 0xFB, 0x48, 0x00, 0x00, 0x00, 0x00, 0x00, 0x00, 0x00, 0x00, 0x35, 0xFF, 0xFF, 0xFF, 
0x38, 0x00, 0x00, 0x00, 0x31, 0xEC, 0xFF, 0xFF, 0x8F, 0x00, 0x00, 0x00, 0x00, 0x00, 0x55, 0xFD, 
0xFF, 0xFF, 0x5E, 0x00, 0x00, 0x00, 0x00, 0x00, 0x00, 0x00, 0x00, 0x00, 0x05, 0xEA, 0xFF, 0xFF, 
0xDE, 0x65, 0x48, 0x78, 0xF0, 0xFF, 0xFF, 0xDA, 0x0E, 0x00, 0x00, 0x00, 0x00, 0x40, 0xF8, 0xFF, 
0xFF, 0x77, 0x00, 0x00, 0x00, 0x00, 0x00, 0x00, 0x00, 0x00, 0x00, 0x00, 0x00, 0x66, 0xFF, 0xFF, 
0xFF, 0xFF, 0xFF, 0xFF, 0xFF, 0xFF, 0xDA, 0x23, 0x00, 0x00, 0x00, 0x00, 0x29, 0xF0, 0xFF, 0xFF, 
0x92, 0x00, 0x00, 0x00, 0x00, 0x00, 0x00, 0x00, 0x00, 0x00, 0x00, 0x00, 0x00, 0x00, 0x63, 0xE8, 
0xFF, 0xFF, 0xFF, 0xFF, 0xF0, 0x8B, 0x0F, 0x00, 0x00, 0x00, 0x00, 0x00, 0x58, 0xD1, 0xCC, 0x83, 
0x02, 0x00, 0x00, 0x00, 0x00, 0x00, 0x00, 0x00, 0x00, 0x00, 0x00, 0x00, 0x00, 0x00, 0x00, 0x04, 
0x35, 0x53, 0x51, 0x37, 0x05, 0x00, 0x00, 0x00, 0x00, 0x00, 0x00, 0x00, 0x00, 0x00, 0x00, 0x00, 
0x00, 0x00, 0x00, 0x00, 0x00, 0x00, 0x00, 0x00, 0x1A, 0x62, 0x90, 0xAB, 0xB7, 0xB1, 0xA1, 0x78, 
0x3B, 0x00, 0x00, 0x00, 0x00, 0x00, 0x00, 0x00, 0x00, 0x00, 0x00, 0x00, 0x00, 0x00, 0x00, 0x00, 
0x00, 0x00, 0x00, 0x2E, 0xB4, 0xFE, 0xFF, 0xFF, 0xFF, 0xFF, 0xFF, 0xFF, 0xFF, 0xFF, 0xD8, 0x45, 
0x00, 0x00, 0x00, 0x00, 0x00, 0x00, 0x00, 0x00, 0x00, 0x00, 0x00, 0x00, 0x00, 0x00, 0x00, 0x66, 
0xF9, 0xFF, 0xFF, 0xFF, 0xFF, 0xFF, 0xFF, 0xFF, 0xFF, 0xFF, 0xFF, 0xFF, 0xFD, 0x5A, 0x00, 0x00, 
0x00, 0x00, 0x00, 0x00, 0x00, 0x00, 0x00, 0x00, 0x00, 0x00, 0x00, 0x57, 0xFF, 0xFF, 0xFF, 0xFF, 
0xFA, 0xBB, 0x88, 0x78, 0x88, 0xC8, 0xFF, 0xFF, 0xFF, 0xFF, 0xF0, 0x11, 0x00, 0x00, 0x00, 0x00, 
0x00, 0x00, 0x00, 0x00, 0x00, 0x00, 0x00, 0x12, 0xEE, 0xFF, 0xFF, 0xFF, 0xC9, 0x25, 0x00, 0x00, 
0x00, 0x00, 0x00, 0x66, 0xFF, 0xFF, 0xFF, 0xFF, 0x59, 0x00, 0x00, 0x00, 0x00, 0x00, 0x00, 0x00, 
0x00, 0x00, 0x00, 0x00, 0x6E, 0xFF, 0xFF, 0xFF, 0xDC, 0x0D, 0x00, 0x00, 0x00, 0x00, 0x00, 0x00, 
0x00, 0xD7, 0xFF, 0xFF, 0xFF, 0x75, 0x00, 0x00, 0x00, 0x00, 0x00, 0x00, 0x00, 0x00, 0x00, 0x00, 
0x00, 0xC2, 0xFF, 0xFF, 0xFF, 0x63, 0x00, 0x00, 0x00, 0x00, 0x00, 0x00, 0x00, 0x00, 0xC3, 0xFF, 
0xFF, 0xFF, 0x64, 0x00, 0x00, 0x00, 0x00, 0x00, 0x00, 0x00, 0x00, 0x00, 0x00, 0x00, 0xE8, 0xFF, 
0xFF, 0xFF, 0x2C, 0x00, 0x00, 0x00, 0x00, 0x00, 0x00, 0x00, 0x0A, 0xF3, 0xFF, 0xFF, 0xFF, 0x30, 
0x00, 0x00, 0x00, 0x00, 0x00, 0x00, 0x00, 0x00, 0x00, 0x00, 0x00, 0xF4, 0xFF, 0xFF, 0xFF, 0x20, 
0x00, 0x00, 0x00, 0x00, 0x00, 0x00, 0x00, 0x80, 0xFF, 0xFF, 0xFF, 0xD3, 0x01, 0x00, 0x00, 0x00, 
0x00, 0x00, 0x00, 0x00, 0x00, 0x00, 0x00, 0x00, 0xD8, 0xFF, 0xFF, 0xFF, 0x46, 0x00, 0x00, 0x00, 
0x00, 0x00, 0x00, 0x5B, 0xFD, 0xFF, 0xFF, 0xFE, 0x48, 0x00, 0x00, 0x00, 0x00, 0x00, 0x00, 0x00, 
0x00, 0x00, 0x00, 0x00, 0x00, 0xA3, 0xFF, 0xFF, 0xFF, 0x8B, 0x00, 0x00, 0x00, 0x00, 0x04, 0x84, 
0xFE, 0xFF, 0xFF, 0xFF, 0x7E, 0x00, 0x00, 0x00, 0x00, 0x00, 0x00, 0x00, 0x00, 0x00, 0x00, 0x00, 
0x00, 0x00, 0x56, 0xFF, 0xFF, 0xFF, 0xE3, 0x04, 0x00, 0x00, 0x3B, 0xCE, 0xFF, 0xFF, 0xFF, 0xFF, 
0x7C, 0x00, 0x00, 0x00, 0x00, 0x00, 0x00, 0x00, 0x00, 0x00, 0x00, 0x00, 0x00, 0x00, 0x00, 0x09, 
0xF0, 0xFF, 0xFF, 0xFF, 0x5F, 0x2D, 0xAC, 0xFF, 0xFF, 0xFF, 0xFF, 0xED, 0x4F, 0x00, 0x00, 0x00, 
0x00, 0x00, 0x00, 0x00, 0x00, 0x00, 0x00, 0x00, 0x00, 0x00, 0x00, 0x00, 0x00, 0x85, 0xFF, 0xFF, 
0xFF, 0xF2, 0xFE, 0xFF, 0xFF, 0xFF, 0xFF, 0xAF, 0x1B, 0x00, 0x00, 0x00, 0x00, 0x00, 0x00, 0x00, 
0x00, 0x00, 0x00, 0x00, 0x00, 0x00, 0x00, 0x00, 0x00, 0x00, 0x14, 0xF7, 0xFF, 0xFF, 0xFF, 0xFF, 
0xFF, 0xFF, 0xCD, 0x44, 0x00, 0x00, 0x00, 0x00, 0x00, 0x00, 0x00, 0x00, 0x00, 0x00, 0x00, 0x00, 
0x00, 0x00, 0x00, 0x00, 0x00, 0x00, 0x31, 0xBD, 0xFF, 0xFF, 0xFF, 0xFF, 0xFF, 0xD4, 0x51, 0x01, 
0x00, 0x00, 0x00, 0x00, 0x00, 0x00, 0x00, 0x4B, 0xB6, 0xC0, 0xA5, 0x07, 0x00, 0x00, 0x00, 0x00, 
0x00, 0x06, 0x8A, 0xFD, 0xFF, 0xFF, 0xFF, 0xFF, 0xFF, 0xFF, 0xCE, 0x03, 0x00, 0x00, 0x00, 0x00, 
0x00, 0x00, 0x00, 0x00, 0xC7, 0xFF, 0xFF, 0xF9, 0x04, 0x00, 0x00, 0x00, 0x00, 0x1A, 0xCE, 0xFF, 
0xFF, 0xFF, 0xFF, 0xDB, 0xFF, 0xFF, 0xFF, 0xFF, 0x74, 0x00, 0x00, 0x00, 0x00, 0x00, 0x00, 0x00, 
0x08, 0xF8, 0xFF, 0xFF, 0xC4, 0x00, 0x00, 0x00, 0x00, 0x24, 0xE2, 0xFF, 0xFF, 0xFF, 0xF3, 0x6A, 
0x03, 0xA2, 0xFF, 0xFF, 0xFF, 0xF5, 0x29, 0x00, 0x00, 0x00, 0x00, 0x00, 0x00, 0x4C, 0xFF, 0xFF, 
0xFF, 0x80, 0x00, 0x00, 0x00, 0x13, 0xDB, 0xFF, 0xFF, 0xFF, 0xD4, 0x23, 0x00, 0x00, 0x11, 0xE7, 
0xFF, 0xFF, 0xFF, 0xD2, 0x08, 0x00, 0x00, 0x00, 0x00, 0x00, 0xAA, 0xFF, 0xFF, 0xFF, 0x32, 0x00, 
0x00, 0x00, 0xAA, 0xFF, 0xFF, 0xFF, 0xD4, 0x12, 0x00, 0x00, 0x00, 0x00, 0x4A, 0xFE, 0xFF, 0xFF, 
0xFF, 0x9E, 0x00, 0x00, 0x00, 0x00, 0x25, 0xFD, 0xFF, 0xFF, 0xC9, 0x00, 0x00, 0x00, 0x3C, 0xFF, 
0xFF, 0xFF, 0xF7, 0x28, 0x00, 0x00, 0x00, 0x00, 0x00, 0x00, 0x8E, 0xFF, 0xFF, 0xFF, 0xFF, 0x6D, 
0x00, 0x00, 0x00, 0xB2, 0xFF, 0xFF, 0xFF, 0x5D, 0x00, 0x00, 0x00, 0xA8, 0xFF, 0xFF, 0xFF, 0x95, 
0x00, 0x00, 0x00, 0x00, 0x00, 0x00, 0x00, 0x06, 0xC7, 0xFF, 0xFF, 0xFF, 0xFB, 0x48, 0x00, 0x55, 
0xFF, 0xFF, 0xFF, 0xCC, 0x02, 0x00, 0x00, 0x01, 0xEE, 0xFF, 0xFF, 0xFF, 0x3E, 0x00, 0x00, 0x00, 
0x00, 0x00, 0x00, 0x00, 0x00, 0x19, 0xE5, 0xFF, 0xFF, 0xFF, 0xF3, 0x59, 0xF2, 0xFF, 0xFF, 0xFE, 
0x39, 0x00, 0x00, 0x00, 0x1B, 0xFF, 0xFF, 0xFF, 0xFF, 0x16, 0x00, 0x00, 0x00, 0x00, 0x00, 0x00, 
0x00, 0x00, 0x00, 0x36, 0xF6, 0xFF, 0xFF, 0xFF, 0xFF, 0xFF, 0xFF, 0xFF, 0x87, 0x00, 0x00, 0x00, 
0x00, 0x2A, 0xFF, 0xFF, 0xFF, 0xFF, 0x21, 0x00, 0x00, 0x00, 0x00, 0x00, 0x00, 0x00, 0x00, 0x00, 
0x00, 0x50, 0xFD, 0xFF, 0xFF, 0xFF, 0xFF, 0xFF, 0xB5, 0x02, 0x00, 0x00, 0x00, 0x00, 0x15, 0xFF, 
0xFF, 0xFF, 0xFF, 0x55, 0x00, 0x00, 0x00, 0x00, 0x00, 0x00, 0x00, 0x00, 0x00, 0x00, 0x00, 0xAD, 
0xFF, 0xFF, 0xFF, 0xFF, 0xFF, 0x57, 0x00, 0x00, 0x00, 0x00, 0x00, 0x00, 0xDC, 0xFF, 0xFF, 0xFF, 
0xD6, 0x0F, 0x00, 0x00, 0x00, 0x00, 0x00, 0x00, 0x00, 0x00, 0x2C, 0xB9, 0xFF, 0xFF, 0xFF, 0xFF, 
0xFF, 0xFF, 0xFB, 0x62, 0x00, 0x00, 0x00, 0x00, 0x00, 0x76, 0xFF, 0xFF, 0xFF, 0xFF, 0xDD, 0x5D, 
0x10, 0x00, 0x00, 0x00, 0x1D, 0x61, 0xB5, 0xFE, 0xFF, 0xFF, 0xFF, 0xFF, 0xF9, 0xFF, 0xFF, 0xFF, 
0xFF, 0xA2, 0x21, 0x00, 0x00, 0x00, 0x05, 0xC8, 0xFF, 0xFF, 0xFF, 0xFF, 0xFF, 0xFE, 0xEA, 0xE1, 
0xF8, 0xFF, 0xFF, 0xFF, 0xFF, 0xFF, 0xFF, 0xDF, 0x4A, 0x30, 0xE6, 0xFF, 0xFF, 0xFF, 0xFF, 0xFF, 
0xE2, 0x00, 0x00, 0x00, 0x0F, 0xB8, 0xFF, 0xFF, 0xFF, 0xFF, 0xFF, 0xFF, 0xFF, 0xFF, 0xFF, 0xFF, 
0xFF, 0xFF, 0xE7, 0x7A, 0x0A, 0x00, 0x00, 0x1C, 0xC7, 0xFF, 0xFF, 0xFF, 0xFF, 0xE6, 0x00, 0x00, 
0x00, 0x00, 0x00, 0x52, 0xBC, 0xFD, 0xFF, 0xFF, 0xFF, 0xFF, 0xFF, 0xFF, 0xEF, 0xAF, 0x5E, 0x06, 
0x00, 0x00, 0x00, 0x00, 0x00, 0x03, 0x7B, 0xF2, 0xFF, 0xFF, 0x98, 0x00, 0x00, 0x00, 0x00, 0x00, 
0x00, 0x00, 0x0B, 0x3C, 0x58, 0x66, 0x5D, 0x47, 0x2E, 0x03, 0x00, 0x00, 0x00, 0x00, 0x00, 0x00, 
0x00, 0x00, 0x00, 0x00, 0x10, 0x53, 0x52, 0x09, 0x00, 0x00, 0x00, 0x2C, 0xA5, 0xBC, 0xB2, 0x46, 
0x00, 0x00, 0x94, 0xFF, 0xFF, 0xFF, 0x6F, 0x00, 0x00, 0xBC, 0xFF, 0xFF, 0xFF, 0x2E, 0x00, 0x00, 
0xE4, 0xFF, 0xFF, 0xEC, 0x01, 0x00, 0x0C, 0xFF, 0xFF, 0xFF, 0xAC, 0x00, 0x00, 0x33, 0xFF, 0xFF, 
0xFF, 0x6B, 0x00, 0x00, 0x5B, 0xFF, 0xFF, 0xFF, 0x2B, 0x00, 0x00, 0x83, 0xFF, 0xFF, 0xE9, 0x00, 
0x00, 0x00, 0xAB, 0xFF, 0xFF, 0xA9, 0x00, 0x00, 0x00, 0xD3, 0xFF, 0xFF, 0x68, 0x00, 0x00, 0x02, 
0xF7, 0xFF, 0xFF, 0x27, 0x00, 0x00, 0x21, 0xFF, 0xFF, 0xE6, 0x00, 0x00, 0x00, 0x0B, 0x89, 0x95, 
0x44, 0x00, 0x00, 0x00, 0x00, 0x00, 0x00, 0x00, 0x00, 0x00, 0x00, 0x00, 0x00, 0x00, 0x01, 0x2E, 
0x3F, 0x24, 0x00, 0x00, 0x00, 0x00, 0x00, 0x00, 0x00, 0x00, 0x00, 0x00, 0x00, 0xA8, 0xFF, 0xFF, 
0xF5, 0x08, 0x00, 0x00, 0x00, 0x00, 0x00, 0x00, 0x00, 0x00, 0x00, 0x54, 0xFF, 0xFF, 0xFF, 0x7A, 
0x00, 0x00, 0x00, 0x00, 0x00, 0x00, 0x00, 0x00, 0x00, 0x11, 0xE8, 0xFF, 0xFF, 0xD7, 0x06, 0x00, 
0x00, 0x00, 0x00, 0x00, 0x00, 0x00, 0x00, 0x00, 0xA0, 0xFF, 0xFF, 0xFF, 0x40, 0x00, 0x00, 0x00, 
0x00, 0x00, 0x00, 0x00, 0x00, 0x00, 0x40, 0xFF, 0xFF, 0xFF, 0xA4, 0x00, 0x00, 0x00, 0x00, 0x00, 
0x00, 0x00, 0x00, 0x00, 0x01, 0xCB, 0xFF, 0xFF, 0xFA, 0x21, 0x00, 0x00, 0x00, 0x00, 0x00, 0x00, 
0x00, 0x00, 0x00, 0x5A, 0xFF, 0xFF, 0xFF, 0x97, 0x00, 0x00, 0x00, 0x00, 0x00, 0x00, 0x00, 0x00, 
0x00, 0x07, 0xDF, 0xFF, 0xFF, 0xF7, 0x1B, 0x00, 0x00, 0x00, 0x00, 0x00, 0x00, 0x00, 0x00, 0x00, 
0x68, 0xFF, 0xFF, 0xFF, 0x93, 0x00, 0x00, 0x00, 0x00, 0x00, 0x00, 0x00, 0x00, 0x00, 0x02, 0xDA, 
0xFF, 0xFF, 0xFE, 0x26, 0x00, 0x00, 0x00, 0x00, 0x00, 0x00, 0x00, 0x00, 0x00, 0x51, 0xFF, 0xFF, 
0xFF, 0xB6, 0x00, 0x00, 0x00, 0x00, 0x00, 0x00, 0x00, 0x00, 0x00, 0x00, 0xC3, 0xFF, 0xFF, 0xFF, 
0x49, 0x00, 0x00, 0x00, 0x00, 0x00, 0x00, 0x00, 0x00, 0x00, 0x27, 0xFF, 0xFF, 0xFF, 0xE2, 0x01, 
0x00, 0x00, 0x00, 0x00, 0x00, 0x00, 0x00, 0x00, 0x00, 0x85, 0xFF, 0xFF, 0xFF, 0x8A, 0x00, 0x00, 
0x00, 0x00, 0x00, 0x00, 0x00, 0x00, 0x00, 0x01, 0xE1, 0xFF, 0xFF, 0xFF, 0x31, 0x00, 0x00, 0x00, 
0x00, 0x00, 0x00, 0x00, 0x00, 0x00, 0x3B, 0xFF, 0xFF, 0xFF, 0xD9, 0x00, 0x00, 0x00, 0x00, 0x00, 
0x00, 0x00, 0x00, 0x00, 0x00, 0x84, 0xFF, 0xFF, 0xFF, 0x8D, 0x00, 0x00, 0x00, 0x00, 0x00, 0x00, 
0x00, 0x00, 0x00, 0x00, 0xCC, 0xFF, 0xFF, 0xFF, 0x48, 0x00, 0x00, 0x00, 0x00, 0x00, 0x00, 0x00, 
0x00, 0x00, 0x14, 0xFE, 0xFF, 0xFF, 0xF9, 0x0A, 0x00, 0x00, 0x00, 0x00, 0x00, 0x00, 0x00, 0x00, 
0x00, 0x4B, 0xFF, 0xFF, 0xFF, 0xC2, 0x00, 0x00, 0x00, 0x00, 0x00, 0x00, 0x00, 0x00, 0x00, 0x00, 
0x7C, 0xFF, 0xFF, 0xFF, 0x8F, 0x00, 0x00, 0x00, 0x00, 0x00, 0x00, 0x00, 0x00, 0x00, 0x00, 0xAE, 
0xFF, 0xFF, 0xFF, 0x5E, 0x00, 0x00, 0x00, 0x00, 0x00, 0x00, 0x00, 0x00, 0x00, 0x00, 0xD5, 0xFF, 
0xFF, 0xFF, 0x2D, 0x00, 0x00, 0x00, 0x00, 0x00, 0x00, 0x00, 0x00, 0x00, 0x00, 0xF2, 0xFF, 0xFF, 
0xFF, 0x09, 0x00, 0x00, 0x00, 0x00, 0x00, 0x00, 0x00, 0x00, 0x00, 0x0D, 0xFF, 0xFF, 0xFF, 0xEA, 
0x00, 0x00, 0x00, 0x00, 0x00, 0x00, 0x00, 0x00, 0x00, 0x00, 0x24, 0xFF, 0xFF, 0xFF, 0xCD, 0x00, 
0x00, 0x00, 0x00, 0x00, 0x00, 0x00, 0x00, 0x00, 0x00, 0x2F, 0xFF, 0xFF, 0xFF, 0xB5, 0x00, 0x00, 
0x00, 0x00, 0x00, 0x00, 0x00, 0x00, 0x00, 0x00, 0x38, 0xFF, 0xFF, 0xFF, 0xAA, 0x00, 0x00, 0x00, 
0x00, 0x00, 0x00, 0x00, 0x00, 0x00, 0x00, 0x3D, 0xFF, 0xFF, 0xFF, 0xA0, 0x00, 0x00, 0x00, 0x00, 
0x00, 0x00, 0x00, 0x00, 0x00, 0x00, 0x35, 0xFF, 0xFF, 0xFF, 0x9A, 0x00, 0x00, 0x00, 0x00, 0x00, 
0x00, 0x00, 0x00, 0x00, 0x00, 0x2B, 0xFF, 0xFF, 0xFF, 0xA0, 0x00, 0x00, 0x00, 0x00, 0x00, 0x00, 
0x00, 0x00, 0x00, 0x00, 0x20, 0xFF, 0xFF, 0xFF, 0xA8, 0x00, 0x00, 0x00, 0x00, 0x00, 0x00, 0x00, 
0x00, 0x00, 0x00, 0x07, 0xFE, 0xFF, 0xFF, 0xB8, 0x00, 0x00, 0x00, 0x00, 0x00, 0x00, 0x00, 0x00, 
0x00, 0x00, 0x00, 0xE7, 0xFF, 0xFF, 0xCD, 0x00, 0x00, 0x00, 0x00, 0x00, 0x00, 0x00, 0x00, 0x00, 
0x00, 0x00, 0xC7, 0xFF, 0xFF, 0xE3, 0x00, 0x00, 0x00, 0x00, 0x00, 0x00, 0x00, 0x00, 0x00, 0x00, 
0x00, 0x9B, 0xFF, 0xFF, 0xFD, 0x06, 0x00, 0x00, 0x00, 0x00, 0x00, 0x00, 0x00, 0x00, 0x00, 0x00, 
0x65, 0xFF, 0xFF, 0xFF, 0x28, 0x00, 0x00, 0x00, 0x00, 0x00, 0x00, 0x00, 0x00, 0x00, 0x00, 0x2F, 
0xFF, 0xFF, 0xFF, 0x4F, 0x00, 0x00, 0x00, 0x00, 0x00, 0x00, 0x00, 0x00, 0x00, 0x00, 0x01, 0xEA, 
0xFF, 0xFF, 0x87, 0x00, 0x00, 0x00, 0x00, 0x00, 0x00, 0x00, 0x00, 0x00, 0x00, 0x00, 0xA4, 0xFF, 
0xFF, 0xC1, 0x00, 0x00, 0x00, 0x00, 0x00, 0x00, 0x00, 0x00, 0x00, 0x00, 0x00, 0x4F, 0xFE, 0xFF, 
0xD3, 0x00, 0x00, 0x00, 0x00, 0x00, 0x00, 0x00, 0x00, 0x00, 0x00, 0x00, 0x00, 0x0C, 0x14, 0x02, 
0x00, 0x00, 0x00, 0x00, 0x00, 0x00, 0x00, 0x00, 0x00, 0x00, 0x00, 0x00, 0x00, 0x00, 0x00, 0x00, 
0x00, 0x0D, 0x3C, 0x37, 0x09, 0x00, 0x00, 0x00, 0x00, 0x00, 0x00, 0x00, 0x00, 0x00, 0x00, 0xA2, 
0xFF, 0xFF, 0xA3, 0x00, 0x00, 0x00, 0x00, 0x00, 0x00, 0x00, 0x00, 0x00, 0x00, 0x7C, 0xFF, 0xFF, 
0xEB, 0x02, 0x00, 0x00, 0x00, 0x00, 0x00, 0x00, 0x00, 0x00, 0x00, 0x42, 0xFF, 0xFF, 0xFF, 0x35, 
0x00, 0x00, 0x00, 0x00, 0x00, 0x00, 0x00, 0x00, 0x00, 0x0D, 0xFF, 0xFF, 0xFF, 0x74, 0x00, 0x00, 
0x00, 0x00, 0x00, 0x00, 0x00, 0x00, 0x00, 0x00, 0xE7, 0xFF, 0xFF, 0xA9, 0x00, 0x00, 0x00, 0x00, 
0x00, 0x00, 0x00, 0x00, 0x00, 0x00, 0xC3, 0xFF, 0xFF, 0xDE, 0x00, 0x00, 0x00, 0x00, 0x00, 0x00, 
0x00, 0x00, 0x00, 0x00, 0xA4, 0xFF, 0xFF, 0xFF, 0x0A, 0x00, 0x00, 0x00, 0x00, 0x00, 0x00, 0x00, 
0x00, 0x00, 0x8F, 0xFF, 0xFF, 0xFF, 0x2A, 0x00, 0x00, 0x00, 0x00, 0x00, 0x00, 0x00, 0x00, 0x00, 
0x78, 0xFF, 0xFF, 0xFF, 0x4B, 0x00, 0x00, 0x00, 0x00, 0x00, 0x00, 0x00, 0x00, 0x00, 0x6A, 0xFF, 
0xFF, 0xFF, 0x64, 0x00, 0x00, 0x00, 0x00, 0x00, 0x00, 0x00, 0x00, 0x00, 0x61, 0xFF, 0xFF, 0xFF, 
0x6E, 0x00, 0x00, 0x00, 0x00, 0x00, 0x00, 0x00, 0x00, 0x00, 0x5A, 0xFF, 0xFF, 0xFF, 0x79, 0x00, 
0x00, 0x00, 0x00, 0x00, 0x00, 0x00, 0x00, 0x00, 0x63, 0xFF, 0xFF, 0xFF, 0x81, 0x00, 0x00, 0x00, 
0x00, 0x00, 0x00, 0x00, 0x00, 0x00, 0x6D, 0xFF, 0xFF, 0xFF, 0x7A, 0x00, 0x00, 0x00, 0x00, 0x00, 
0x00, 0x00, 0x00, 0x00, 0x79, 0xFF, 0xFF, 0xFF, 0x70, 0x00, 0x00, 0x00, 0x00, 0x00, 0x00, 0x00, 
0x00, 0x00, 0x93, 0xFF, 0xFF, 0xFF, 0x64, 0x00, 0x00, 0x00, 0x00, 0x00, 0x00, 0x00, 0x00, 0x00, 
0xB1, 0xFF, 0xFF, 0xFF, 0x4A, 0x00, 0x00, 0x00, 0x00, 0x00, 0x00, 0x00, 0x00, 0x00, 0xCE, 0xFF, 
0xFF, 0xFF, 0x2D, 0x00, 0x00, 0x00, 0x00, 0x00, 0x00, 0x00, 0x00, 0x02, 0xF4, 0xFF, 0xFF, 0xFF, 
0x10, 0x00, 0x00, 0x00, 0x00, 0x00, 0x00, 0x00, 0x00, 0x29, 0xFF, 0xFF, 0xFF, 0xE5, 0x00, 0x00, 
0x00, 0x00, 0x00, 0x00, 0x00, 0x00, 0x00, 0x5A, 0xFF, 0xFF, 0xFF, 0xB4, 0x00, 0x00, 0x00, 0x00, 
0x00, 0x00, 0x00, 0x00, 0x00, 0x8E, 0xFF, 0xFF, 0xFF, 0x82, 0x00, 0x00, 0x00, 0x00, 0x00, 0x00, 
0x00, 0x00, 0x00, 0xD3, 0xFF, 0xFF, 0xFF, 0x48, 0x00, 0x00, 0x00, 0x00, 0x00, 0x00, 0x00, 0x00, 
0x18, 0xFF, 0xFF, 0xFF, 0xF7, 0x09, 0x00, 0x00, 0x00, 0x00, 0x00, 0x00, 0x00, 0x00, 0x5D, 0xFF, 
0xFF, 0xFF, 0xB7, 0x00, 0x00, 0x00, 0x00, 0x00, 0x00, 0x00, 0x00, 0x00, 0xAD, 0xFF, 0xFF, 0xFF, 
0x6C, 0x00, 0x00, 0x00, 0x00, 0x00, 0x00, 0x00, 0x00, 0x0D, 0xF7, 0xFF, 0xFF, 0xFB, 0x16, 0x00, 
0x00, 0x00, 0x00, 0x00, 0x00, 0x00, 0x00, 0x5D, 0xFF, 0xFF, 0xFF, 0xB2, 0x00, 0x00, 0x00, 0x00, 
0x00, 0x00, 0x00, 0x00, 0x00, 0xB6, 0xFF, 0xFF, 0xFF, 0x53, 0x00, 0x00, 0x00, 0x00, 0x00, 0x00, 
0x00, 0x00, 0x21, 0xFD, 0xFF, 0xFF, 0xE5, 0x06, 0x00, 0x00, 0x00, 0x00, 0x00, 0x00, 0x00, 0x00, 
0x8D, 0xFF, 0xFF, 0xFF, 0x78, 0x00, 0x00, 0x00, 0x00, 0x00, 0x00, 0x00, 0x00, 0x0A, 0xEF, 0xFF, 
0xFF, 0xF3, 0x10, 0x00, 0x00, 0x00, 0x00, 0x00, 0x00, 0x00, 0x00, 0x6A, 0xFF, 0xFF, 0xFF, 0x8F, 
0x00, 0x00, 0x00, 0x00, 0x00, 0x00, 0x00, 0x00, 0x08, 0xE4, 0xFF, 0xFF, 0xF4, 0x17, 0x00, 0x00, 
0x00, 0x00, 0x00, 0x00, 0x00, 0x00, 0x71, 0xFF, 0xFF, 0xFF, 0x80, 0x00, 0x00, 0x00, 0x00, 0x00, 
0x00, 0x00, 0x00, 0x0B, 0xE9, 0xFF, 0xFF, 0xE9, 0x0C, 0x00, 0x00, 0x00, 0x00, 0x00, 0x00, 0x00, 
0x00, 0x80, 0xFF, 0xFF, 0xFF, 0x68, 0x00, 0x00, 0x00, 0x00, 0x00, 0x00, 0x00, 0x00, 0x25, 0xF8, 
0xFF, 0xFF, 0xC5, 0x02, 0x00, 0x00, 0x00, 0x00, 0x00, 0x00, 0x00, 0x00, 0xBB, 0xFF, 0xFF, 0xF9, 
0x29, 0x00, 0x00, 0x00, 0x00, 0x00, 0x00, 0x00, 0x00, 0x5A, 0xFF, 0xFF, 0xFF, 0x7D, 0x00, 0x00, 
0x00, 0x00, 0x00, 0x00, 0x00, 0x00, 0x00, 0xBE, 0xFF, 0xFF, 0xBD, 0x05, 0x00, 0x00, 0x00, 0x00, 
0x00, 0x00, 0x00, 0x00, 0x00, 0x02, 0x14, 0x0D, 0x00, 0x00, 0x00, 0x00, 0x00, 0x00, 0x00, 0x00, 
0x00, 0x00, 0x00, 0x00, 0x00, 0x00, 0x00, 0x00, 0x00, 0x00, 0x00, 0x00, 0x01, 0x21, 0x2B, 0x10, 
0x00, 0x00, 0x00, 0x00, 0x00, 0x00, 0x00, 0x00, 0x00, 0x00, 0x00, 0x00, 0x00, 0x00, 0x00, 0x89, 
0xFF, 0xFF, 0xE5, 0x00, 0x00, 0x00, 0x00, 0x00, 0x00, 0x00, 0x00, 0x00, 0x00, 0x00, 0x00, 0x00, 
0x00, 0x00, 0xB3, 0xFF, 0xFF, 0xA7, 0x00, 0x00, 0x00, 0x00, 0x00, 0x00, 0x00, 0x00, 0x00, 0x00, 
0x00, 0x00, 0x00, 0x00, 0x00, 0xCB, 0xFF, 0xFF, 0x56, 0x00, 0x00, 0x00, 0x02, 0x02, 0x00, 0x00, 
0x00, 0x00, 0x8E, 0xDC, 0x2D, 0x00, 0x00, 0x00, 0xE4, 0xFF, 0xF8, 0x0D, 0x00, 0x00, 0x38, 0xD4, 
0xAB, 0x00, 0x00, 0x00, 0x62, 0xFF, 0xFF, 0xF2, 0x4A, 0x00, 0x01, 0xFA, 0xFF, 0xB3, 0x00, 0x0C, 
0x91, 0xFD, 0xFF, 0xFE, 0x1E, 0x00, 0x00, 0xD2, 0xFF, 0xFF, 0xFF, 0xFC, 0x6F, 0x14, 0xFF, 0xFF, 
0x62, 0x48, 0xE0, 0xFF, 0xFF, 0xFF, 0xFF, 0x45, 0x00, 0x00, 0x1E, 0x95, 0xF7, 0xFF, 0xFF, 0xFF, 
0xB6, 0xFF, 0xFF, 0xB8, 0xFF, 0xFF, 0xFF, 0xFF, 0xC5, 0x5D, 0x02, 0x00, 0x00, 0x00, 0x00, 0x17, 
0x89, 0xF2, 0xFF, 0xFF, 0xFF, 0xFF, 0xFF, 0xFF, 0xF0, 0x94, 0x2C, 0x00, 0x00, 0x00, 0x00, 0x00, 
0x00, 0x00, 0x00, 0x00, 0x3C, 0xEB, 0xFF, 0xFF, 0xFF, 0xFA, 0x6E, 0x0A, 0x00, 0x00, 0x00, 0x00, 
0x00, 0x00, 0x00, 0x00, 0x06, 0x5A, 0xC2, 0xFF, 0xFF, 0xFF, 0xFF, 0xFF, 0xFF, 0xEA, 0x75, 0x0A, 
0x00, 0x00, 0x00, 0x00, 0x00, 0x21, 0x88, 0xEA, 0xFF, 0xFF, 0xFF, 0xD7, 0xFC, 0xFF, 0xD0, 0xFF, 
0xFF, 0xFF, 0xE9, 0x73, 0x09, 0x00, 0x00, 0x1B, 0xFB, 0xFF, 0xFF, 0xFF, 0xFB, 0x85, 0x3D, 0xFF, 
0xFF, 0x30, 0x7B, 0xFE, 0xFF, 0xFF, 0xFF, 0xE5, 0x04, 0x00, 0x0B, 0xF7, 0xFF, 0xFF, 0xCD, 0x30, 
0x00, 0x86, 0xFF, 0xFF, 0x18, 0x00, 0x50, 0xF3, 0xFF, 0xFF, 0xA6, 0x00, 0x00, 0x00, 0x99, 0xF8, 
0x79, 0x04, 0x00, 0x00, 0xD5, 0xFF, 0xFD, 0x03, 0x00, 0x00, 0x2E, 0xE0, 0xD3, 0x0F, 0x00, 0x00, 
0x00, 0x08, 0x19, 0x00, 0x00, 0x00, 0x24, 0xFF, 0xFF, 0xE9, 0x00, 0x00, 0x00, 0x00, 0x0E, 0x0B, 
0x00, 0x00, 0x00, 0x00, 0x00, 0x00, 0x00, 0x00, 0x00, 0x74, 0xFF, 0xFF, 0xD1, 0x00, 0x00, 0x00, 
0x00, 0x00, 0x00, 0x00, 0x00, 0x00, 0x00, 0x00, 0x00, 0x00, 0x00, 0x00, 0xBD, 0xFF, 0xFF, 0xB5, 
0x00, 0x00, 0x00, 0x00, 0x00, 0x00, 0x00, 0x00, 0x00, 0x00, 0x00, 0x00, 0x00, 0x00, 0x00, 0x25, 
0x53, 0x4E, 0x13, 0x00, 0x00, 0x00, 0x00, 0x00, 0x00, 0x00, 0x00, 0x00, 0x00, 0x00, 0x00, 0x00, 
0x00, 0x00, 0x00, 0x00, 0x00, 0x00, 0x00, 0x55, 0x7E, 0x6B, 0x09, 0x00, 0x00, 0x00, 0x00, 0x00, 
0x00, 0x00, 0x00, 0x00, 0x00, 0x00, 0x00, 0x00, 0x00, 0x00, 0x00, 0x3F, 0xFF, 0xFF, 0xFF, 0x32, 
0x00, 0x00, 0x00, 0x00, 0x00, 0x00, 0x00, 0x00, 0x00, 0x00, 0x00, 0x00, 0x00, 0x00, 0x00, 0x00, 
0x76, 0xFF, 0xFF, 0xFA, 0x07, 0x00, 0x00, 0x00, 0x00, 0x00, 0x00, 0x00, 0x00, 0x00, 0x00, 0x00, 
0x00, 0x00, 0x00, 0x00, 0x00, 0xAA, 0xFF, 0xFF, 0xCE, 0x00, 0x00, 0x00, 0x00, 0x00, 0x00, 0x00, 
0x00, 0x00, 0x00, 0x00, 0x00, 0x00, 0x00, 0x00, 0x00, 0x00, 0xDD, 0xFF, 0xFF, 0x9A, 0x00, 0x00, 
0x00, 0x00, 0x00, 0x00, 0x00, 0x00, 0x00, 0x00, 0x00, 0x00, 0x00, 0x00, 0x00, 0x00, 0x11, 0xFF, 
0xFF, 0xFF, 0x66, 0x00, 0x00, 0x00, 0x00, 0x00, 0x00, 0x00, 0x00, 0x00, 0x00, 0x00, 0x00, 0x00, 
0x00, 0x00, 0x00, 0x45, 0xFF, 0xFF, 0xFF, 0x33, 0x00, 0x00, 0x00, 0x00, 0x00, 0x00, 0x00, 0x00, 
0x00, 0x00, 0x00, 0x00, 0x00, 0x00, 0x00, 0x00, 0x78, 0xFF, 0xFF, 0xF9, 0x06, 0x00, 0x00, 0x00, 
0x00, 0x00, 0x00, 0x00, 0x00, 0x00, 0x00, 0x00, 0x00, 0x00, 0x00, 0x00, 0x00, 0xAC, 0xFF, 0xFF, 
0xCC, 0x00, 0x00, 0x00, 0x00, 0x00, 0x00, 0x00, 0x00, 0x00, 0x26, 0x2C, 0x2C, 0x2C, 0x2C, 0x2C, 
0x2C, 0x2C, 0xE1, 0xFF, 0xFF, 0xAE, 0x2C, 0x2C, 0x2C, 0x2C, 0x2C, 0x2C, 0x2C, 0x12, 0x74, 0xFF, 
0xFF, 0xFF, 0xFF, 0xFF, 0xFF, 0xFF, 0xFF, 0xFF, 0xFF, 0xFF, 0xFF, 0xFF, 0xFF, 0xFF, 0xFF, 0xFF, 
0xFF, 0xFF, 0xCC, 0xD1, 0xFF, 0xFF, 0xFF, 0xFF, 0xFF, 0xFF, 0xFF, 0xFF, 0xFF, 0xFF, 0xFF, 0xFF, 
0xFF, 0xFF, 0xFF, 0xFF, 0xFF, 0xFF, 0xFF, 0xC2, 0xDD, 0xFF, 0xFF, 0xFF, 0xFF, 0xFF, 0xFF, 0xFF, 
0xFF, 0xFF, 0xFF, 0xFF, 0xFF, 0xFF, 0xFF, 0xFF, 0xFF, 0xFF, 0xFF, 0xFF, 0x66, 0x17, 0x30, 0x30, 
0x30, 0x30, 0x30, 0x30, 0x30, 0xBC, 0xFF, 0xFF, 0xD4, 0x30, 0x30, 0x30, 0x30, 0x30, 0x30, 0x30, 
0x28, 0x00, 0x00, 0x00, 0x00, 0x00, 0x00, 0x00, 0x00, 0x00, 0xDD, 0xFF, 0xFF, 0x9B, 0x00, 0x00, 
0x00, 0x00, 0x00, 0x00, 0x00, 0x00, 0x00, 0x00, 0x00, 0x00, 0x00, 0x00, 0x00, 0x00, 0x11, 0xFF, 
0xFF, 0xFF, 0x67, 0x00, 0x00, 0x00, 0x00, 0x00, 0x00, 0x00, 0x00, 0x00, 0x00, 0x00, 0x00, 0x00, 
0x00, 0x00, 0x00, 0x45, 0xFF, 0xFF, 0xFF, 0x33, 0x00, 0x00, 0x00, 0x00, 0x00, 0x00, 0x00, 0x00, 
0x00, 0x00, 0x00, 0x00, 0x00, 0x00, 0x00, 0x00, 0x79, 0xFF, 0xFF, 0xF9, 0x06, 0x00, 0x00, 0x00, 
0x00, 0x00, 0x00, 0x00, 0x00, 0x00, 0x00, 0x00, 0x00, 0x00, 0x00, 0x00, 0x00, 0xAD, 0xFF, 0xFF, 
0xCB, 0x00, 0x00, 0x00, 0x00, 0x00, 0x00, 0x00, 0x00, 0x00, 0x00, 0x00, 0x00, 0x00, 0x00, 0x00, 
0x00, 0x00, 0xE1, 0xFF, 0xFF, 0x97, 0x00, 0x00, 0x00, 0x00, 0x00, 0x00, 0x00, 0x00, 0x00, 0x00, 
0x00, 0x00, 0x00, 0x00, 0x00, 0x00, 0x15, 0xFF, 0xFF, 0xFF, 0x63, 0x00, 0x00, 0x00, 0x00, 0x00, 
0x00, 0x00, 0x00, 0x00, 0x00, 0x00, 0x00, 0x00, 0x00, 0x00, 0x00, 0x45, 0xFF, 0xFF, 0xFF, 0x2C, 
0x00, 0x00, 0x00, 0x00, 0x00, 0x00, 0x00, 0x00, 0x00, 0x00, 0x00, 0x00, 0x00, 0x00, 0x00, 0x00, 
0x0B, 0x62, 0x72, 0x45, 0x00, 0x00, 0x00, 0x00, 0x00, 0x00, 0x00, 0x00, 0x00, 0x00, 0x00, 0x00, 
0x00, 0x00, 0x00, 0x00, 0x00, 0x04, 0x30, 0x3A, 0x19, 0x00, 0x00, 0x00, 0x00, 0x00, 0x00, 0x06, 
0xD4, 0xFF, 0xFF, 0xFC, 0x26, 0x00, 0x00, 0x00, 0x00, 0x00, 0x46, 0xFF, 0xFF, 0xFF, 0xFF, 0x34, 
0x00, 0x00, 0x00, 0x00, 0x00, 0x7E, 0xFF, 0xFF, 0xFF, 0xFB, 0x0F, 0x00, 0x00, 0x00, 0x00, 0x00, 
0xB0, 0xFF, 0xFF, 0xFF, 0xB5, 0x00, 0x00, 0x00, 0x00, 0x00, 0x0D, 0xE9, 0xFF, 0xFF, 0xFF, 0x37, 
0x00, 0x00, 0x00, 0x00, 0x00, 0x9C, 0xFF, 0xFF, 0xFF, 0x92, 0x00, 0x00, 0x00, 0x00, 0x00, 0x4B, 
0xFF, 0xFF, 0xFF, 0xC5, 0x06, 0x00, 0x00, 0x00, 0x00, 0x13, 0xE7, 0xFF, 0xFF, 0xDB, 0x14, 0x00, 
0x00, 0x00, 0x00, 0x00, 0xAA, 0xFF, 0xFF, 0xEC, 0x25, 0x00, 0x00, 0x00, 0x00, 0x00, 0x5A, 0xFF, 
0xFF, 0xF8, 0x3C, 0x00, 0x00, 0x00, 0x00, 0x00, 0x1A, 0xEE, 0xFF, 0xFE, 0x57, 0x00, 0x00, 0x00, 
0x00, 0x00, 0x00, 0x4B, 0xC8, 0xBB, 0x4F, 0x00, 0x00, 0x00, 0x00, 0x00, 0x00, 0x00, 0x00, 0x00, 
0x15, 0x3B, 0x31, 0x02, 0x00, 0x5A, 0xF8, 0xFF, 0xFF, 0xB8, 0x01, 0xE5, 0xFF, 0xFF, 0xFF, 0xF5, 
0x27, 0xFF, 0xFF, 0xFF, 0xFF, 0xDC, 0x3D, 0xFF, 0xFF, 0xFF, 0xFF, 0x9C, 0x13, 0xE9, 0xFF, 0xFF, 
0xE2, 0x23, 0x00, 0x0A, 0x2F, 0x2E, 0x06, 0x00, 0x00, 0x00, 0x00, 0x00, 0x00, 0x00, 0x00, 0x00, 
0x00, 0x00, 0x00, 0x00, 0x00, 0x00, 0x00, 0x00, 0x00, 0x00, 0x00, 0x00, 0x00, 0x00, 0x00, 0x2C, 
0x6B, 0x6C, 0x39, 0x00, 0x00, 0x00, 0x00, 0x00, 0x00, 0x00, 0x00, 0x00, 0x00, 0x00, 0x00, 0x00, 
0x00, 0x00, 0x00, 0x00, 0x00, 0x00, 0x00, 0x00, 0x00, 0x2F, 0xFA, 0xFF, 0xFF, 0xD0, 0x00, 0x00, 
0x00, 0x00, 0x00, 0x00, 0x00, 0x00, 0x00, 0x00, 0x00, 0x00, 0x00, 0x00, 0x00, 0x00, 0x00, 0x00, 
0x00, 0x00, 0x00, 0x00, 0xBE, 0xFF, 0xFF, 0xFF, 0x59, 0x00, 0x00, 0x00, 0x00, 0x00, 0x00, 0x00, 
0x00, 0x00, 0x00, 0x00, 0x00, 0x00, 0x00, 0x00, 0x00, 0x00, 0x00, 0x00, 0x00, 0x00, 0x50, 0xFF, 
0xFF, 0xFF, 0xC7, 0x01, 0x00, 0x00, 0x00, 0x00, 0x00, 0x00, 0x00, 0x00, 0x00, 0x00, 0x00, 0x00, 
0x00, 0x00, 0x00, 0x00, 0x00, 0x00, 0x00, 0x00, 0x05, 0xDA, 0xFF, 0xFF, 0xFF, 0x39, 0x00, 0x00, 
0x00, 0x00, 0x00, 0x00, 0x00, 0x00, 0x00, 0x00, 0x00, 0x00, 0x00, 0x00, 0x00, 0x00, 0x00, 0x00, 
0x00, 0x00, 0x00, 0x71, 0xFF, 0xFF, 0xFF, 0xA7, 0x00, 0x00, 0x00, 0x00, 0x00, 0x00, 0x00, 0x00, 
0x00, 0x00, 0x00, 0x00, 0x00, 0x00, 0x00, 0x00, 0x00, 0x00, 0x00, 0x00, 0x00, 0x12, 0xEE, 0xFF, 
0xFF, 0xF7, 0x1F, 0x00, 0x00, 0x00, 0x00, 0x00, 0x00, 0x00, 0x00, 0x00, 0x00, 0x00, 0x00, 0x00, 
0x00, 0x00, 0x00, 0x00, 0x00, 0x00, 0x00, 0x00, 0x92, 0xFF, 0xFF, 0xFF, 0x85, 0x00, 0x00, 0x00, 
0x00, 0x00, 0x00, 0x00, 0x00, 0x00, 0x00, 0x00, 0x00, 0x00, 0x00, 0x00, 0x00, 0x00, 0x00, 0x00, 
0x00, 0x00, 0x27, 0xFB, 0xFF, 0xFF, 0xE8, 0x0D, 0x00, 0x00, 0x00, 0x00, 0x00, 0x00, 0x00, 0x00, 
0x00, 0x00, 0x00, 0x00, 0x00, 0x00, 0x00, 0x00, 0x00, 0x00, 0x00, 0x00, 0x00, 0xB3, 0xFF, 0xFF, 
0xFF, 0x64, 0x00, 0x00, 0x00, 0x00, 0x00, 0x00, 0x00, 0x00, 0x00, 0x00, 0x00, 0x00, 0x00, 0x00, 
0x00, 0x00, 0x00, 0x00, 0x00, 0x00, 0x00, 0x44, 0xFF, 0xFF, 0xFF, 0xD1, 0x02, 0x00, 0x00, 0x00, 
0x00, 0x00, 0x00, 0x00, 0x00, 0x00, 0x00, 0x00, 0x00, 0x00, 0x00, 0x00, 0x00, 0x00, 0x00, 0x00, 
0x00, 0x02, 0xD1, 0xFF, 0xFF, 0xFF, 0x43, 0x00, 0x00, 0x00, 0x00, 0x00, 0x00, 0x00, 0x00, 0x00, 
0x00, 0x00, 0x00, 0x00, 0x00, 0x00, 0x00, 0x00, 0x00, 0x00, 0x00, 0x00, 0x65, 0xFF, 0xFF, 0xFF, 
0xB2, 0x00, 0x00, 0x00, 0x00, 0x00, 0x00, 0x00, 0x00, 0x00, 0x00, 0x00, 0x00, 0x00, 0x00, 0x00, 
0x00, 0x00, 0x00, 0x00, 0x00, 0x00, 0x0D, 0xE8, 0xFF, 0xFF, 0xFA, 0x26, 0x00, 0x00, 0x00, 0x00, 
0x00, 0x00, 0x00, 0x00, 0x00, 0x00, 0x00, 0x00, 0x00, 0x00, 0x00, 0x00, 0x00, 0x00, 0x00, 0x00, 
0x00, 0x86, 0xFF, 0xFF, 0xFF, 0x90, 0x00, 0x00, 0x00, 0x00, 0x00, 0x00, 0x00, 0x00, 0x00, 0x00, 
0x00, 0x00, 0x00, 0x00, 0x00, 0x00, 0x00, 0x00, 0x00, 0x00, 0x00, 0x1F, 0xF7, 0xFF, 0xFF, 0xEE, 
0x12, 0x00, 0x00, 0x00, 0x00, 0x00, 0x00, 0x00, 0x00, 0x00, 0x00, 0x00, 0x00, 0x00, 0x00, 0x00, 
0x00, 0x00, 0x00, 0x00, 0x00, 0x00, 0xA8, 0xFF, 0xFF, 0xFF, 0x6F, 0x00, 0x00, 0x00, 0x00, 0x00, 
0x00, 0x00, 0x00, 0x00, 0x00, 0x00, 0x00, 0x00, 0x00, 0x00, 0x00, 0x00, 0x00, 0x00, 0x00, 0x00, 
0x39, 0xFF, 0xFF, 0xFF, 0xD9, 0x05, 0x00, 0x00, 0x00, 0x00, 0x00, 0x00, 0x00, 0x00, 0x00, 0x00, 
0x00, 0x00, 0x00, 0x00, 0x00, 0x00, 0x00, 0x00, 0x00, 0x00, 0x00, 0xC7, 0xFF, 0xFF, 0xFF, 0x4D, 
0x00, 0x00, 0x00, 0x00, 0x00, 0x00, 0x00, 0x00, 0x00, 0x00, 0x00, 0x00, 0x00, 0x00, 0x00, 0x00, 
0x00, 0x00, 0x00, 0x00, 0x00, 0x59, 0xFF, 0xFF, 0xFF, 0xBD, 0x00, 0x00, 0x00, 0x00, 0x00, 0x00, 
0x00, 0x00, 0x00, 0x00, 0x00, 0x00, 0x00, 0x00, 0x00, 0x00, 0x00, 0x00, 0x00, 0x00, 0x00, 0x08, 
0xE1, 0xFF, 0xFF, 0xFD, 0x2F, 0x00, 0x00, 0x00, 0x00, 0x00, 0x00, 0x00, 0x00, 0x00, 0x00, 0x00, 
0x00, 0x00, 0x00, 0x00, 0x00, 0x00, 0x00, 0x00, 0x00, 0x00, 0x7B, 0xFF, 0xFF, 0xFF, 0x9B, 0x00, 
0x00, 0x00, 0x00, 0x00, 0x00, 0x00, 0x00, 0x00, 0x00, 0x00, 0x00, 0x00, 0x00, 0x00, 0x00, 0x00, 
0x00, 0x00, 0x00, 0x00, 0x18, 0xF3, 0xFF, 0xFF, 0xF3, 0x18, 0x00, 0x00, 0x00, 0x00, 0x00, 0x00, 
0x00, 0x00, 0x00, 0x00, 0x00, 0x00, 0x00, 0x00, 0x00, 0x00, 0x00, 0x00, 0x00, 0x00, 0x00, 0x9C, 
0xFF, 0xFF, 0xFF, 0x7A, 0x00, 0x00, 0x00, 0x00, 0x00, 0x00, 0x00, 0x00, 0x00, 0x00, 0x00, 0x00, 
0x00, 0x00, 0x00, 0x00, 0x00, 0x00, 0x00, 0x00, 0x00, 0x2F, 0xFD, 0xFF, 0xFF, 0xE1, 0x08, 0x00, 
0x00, 0x00, 0x00, 0x00, 0x00, 0x00, 0x00, 0x00, 0x00, 0x00, 0x00, 0x00, 0x00, 0x00, 0x00, 0x00, 
0x00, 0x00, 0x00, 0x00, 0xBC, 0xFF, 0xFF, 0xFF, 0x58, 0x00, 0x00, 0x00, 0x00, 0x00, 0x00, 0x00, 
0x00, 0x00, 0x00, 0x00, 0x00, 0x00, 0x00, 0x00, 0x00, 0x00, 0x00, 0x00, 0x00, 0x00, 0x4E, 0xFF, 
0xFF, 0xFF, 0xC7, 0x00, 0x00, 0x00, 0x00, 0x00, 0x00, 0x00, 0x00, 0x00, 0x00, 0x00, 0x00, 0x00, 
0x00, 0x00, 0x00, 0x00, 0x00, 0x00, 0x00, 0x00, 0x05, 0xD9, 0xFF, 0xFF, 0xFF, 0x38, 0x00, 0x00, 
0x00, 0x00, 0x00, 0x00, 0x00, 0x00, 0x00, 0x00, 0x00, 0x00, 0x00, 0x00, 0x00, 0x00, 0x00, 0x00, 
0x00, 0x00, 0x00, 0x6F, 0xFF, 0xFF, 0xFF, 0xA6, 0x00, 0x00, 0x00, 0x00, 0x00, 0x00, 0x00, 0x00, 
0x00, 0x00, 0x00, 0x00, 0x00, 0x00, 0x00, 0x00, 0x00, 0x00, 0x00, 0x00, 0x00, 0x11, 0xED, 0xFF, 
0xFF, 0xF7, 0x1E, 0x00, 0x00, 0x00, 0x00, 0x00, 0x00, 0x00, 0x00, 0x00, 0x00, 0x00, 0x00, 0x00, 
0x00, 0x00, 0x00, 0x00, 0x00, 0x00, 0x00, 0x00, 0x90, 0xFF, 0xFF, 0xFF, 0x85, 0x00, 0x00, 0x00, 
0x00, 0x00, 0x00, 0x00, 0x00, 0x00, 0x00, 0x00, 0x00, 0x00, 0x00, 0x00, 0x00, 0x00, 0x00, 0x00, 
0x00, 0x00, 0x25, 0xFA, 0xFF, 0xFF, 0xE7, 0x0C, 0x00, 0x00, 0x00, 0x00, 0x00, 0x00, 0x00, 0x00, 
0x00, 0x00, 0x00, 0x00, 0x00, 0x00, 0x00, 0x00, 0x00, 0x00, 0x00, 0x00, 0x00, 0xB1, 0xFF, 0xFF, 
0xFF, 0x63, 0x00, 0x00, 0x00, 0x00, 0x00, 0x00, 0x00, 0x00, 0x00, 0x00, 0x00, 0x00, 0x00, 0x00, 
0x00, 0x00, 0x00, 0x00, 0x00, 0x00, 0x00, 0x42, 0xFF, 0xFF, 0xFF, 0xD0, 0x02, 0x00, 0x00, 0x00, 
0x00, 0x00, 0x00, 0x00, 0x00, 0x00, 0x00, 0x00, 0x00, 0x00, 0x00, 0x00, 0x00, 0x00, 0x00, 0x00, 
0x00, 0x02, 0xD0, 0xFF, 0xFF, 0xFF, 0x43, 0x00, 0x00, 0x00, 0x00, 0x00, 0x00, 0x00, 0x00, 0x00, 
0x00, 0x00, 0x00, 0x00, 0x00, 0x00, 0x00, 0x00, 0x00, 0x00, 0x00, 0x00, 0x63, 0xFF, 0xFF, 0xFF, 
0xB1, 0x00, 0x00, 0x00, 0x00, 0x00, 0x00, 0x00, 0x00, 0x00, 0x00, 0x00, 0x00, 0x00, 0x00, 0x00, 
0x00, 0x00, 0x00, 0x00, 0x00, 0x00, 0x0C, 0xE7, 0xFF, 0xFF, 0xFA, 0x26, 0x00, 0x00, 0x00, 0x00, 
0x00, 0x00, 0x00, 0x00, 0x00, 0x00, 0x00, 0x00, 0x00, 0x00, 0x00, 0x00, 0x00, 0x00, 0x00, 0x00, 
0x00, 0x84, 0xFF, 0xFF, 0xFF, 0x90, 0x00, 0x00, 0x00, 0x00, 0x00, 0x00, 0x00, 0x00, 0x00, 0x00, 
0x00, 0x00, 0x00, 0x00, 0x00, 0x00, 0x00, 0x00, 0x00, 0x00, 0x00, 0x1E, 0xF6, 0xFF, 0xFF, 0xED, 
0x12, 0x00, 0x00, 0x00, 0x00, 0x00, 0x00, 0x00, 0x00, 0x00, 0x00, 0x00, 0x00, 0x00, 0x00, 0x00, 
0x00, 0x00, 0x00, 0x00, 0x00, 0x00, 0xA6, 0xFF, 0xFF, 0xFF, 0x6E, 0x00, 0x00, 0x00, 0x00, 0x00, 
0x00, 0x00, 0x00, 0x00, 0x00, 0x00, 0x00, 0x00, 0x00, 0x00, 0x00, 0x00, 0x00, 0x00, 0x00, 0x00, 
0x2D, 0xFE, 0xFF, 0xFF, 0xD6, 0x05, 0x00, 0x00, 0x00, 0x00, 0x00, 0x00, 0x00, 0x00, 0x00, 0x00, 
0x00, 0x00, 0x00, 0x00, 0x00, 0x00, 0x00, 0x00, 0x00, 0x00, 0x00, 0x13, 0x7F, 0x94, 0x7D, 0x1C, 
0x00, 0x00, 0x00, 0x00, 0x00, 0x00, 0x00, 0x00, 0x00, 0x00, 0x00, 0x00, 0x00, 0x00, 0x00, 0x00, 
0x00, 0x00, 0x00, 0x00, 0x00, 0x00, 0x00, 0x00, 0x00, 0x00, 0x00, 0x00, 0x00, 0x00, 0x00, 0x00, 
0x07, 0x44, 0x87, 0xA6, 0xBD, 0xBC, 0xAA, 0x7F, 0x39, 0x00, 0x00, 0x00, 0x00, 0x00, 0x00, 0x00, 
0x00, 0x00, 0x00, 0x00, 0x00, 0x00, 0x0A, 0x79, 0xEF, 0xFF, 0xFF, 0xFF, 0xFF, 0xFF, 0xFF, 0xFF, 
0xFF, 0xC4, 0x2C, 0x00, 0x00, 0x00, 0x00, 0x00, 0x00, 0x00, 0x00, 0x00, 0x00, 0x28, 0xDA, 0xFF, 
0xFF, 0xFF, 0xFF, 0xFF, 0xFF, 0xFF, 0xFF, 0xFF, 0xFF, 0xFF, 0xEF, 0x34, 0x00, 0x00, 0x00, 0x00, 
0x00, 0x00, 0x00, 0x00, 0x34, 0xF0, 0xFF, 0xFF, 0xFF, 0xFF, 0xD9, 0x9F, 0x8D, 0xA1, 0xE2, 0xFF, 
0xFF, 0xFF, 0xFF, 0xDA, 0x09, 0x00, 0x00, 0x00, 0x00, 0x00, 0x00, 0x1C, 0xE8, 0xFF, 0xFF, 0xFF, 
0xDA, 0x43, 0x00, 0x00, 0x00, 0x00, 0x04, 0x81, 0xFF, 0xFF, 0xFF, 0xFF, 0x62, 0x00, 0x00, 0x00, 
0x00, 0x00, 0x00, 0xB9, 0xFF, 0xFF, 0xFF, 0xCA, 0x10, 0x00, 0x00, 0x00, 0x00, 0x00, 0x00, 0x00, 
0xB0, 0xFF, 0xFF, 0xFF, 0xBC, 0x00, 0x00, 0x00, 0x00, 0x00, 0x51, 0xFF, 0xFF, 0xFF, 0xEB, 0x18, 
0x00, 0x00, 0x00, 0x00, 0x00, 0x00, 0x00, 0x00, 0x45, 0xFF, 0xFF, 0xFF, 0xF1, 0x01, 0x00, 0x00, 
0x00, 0x00, 0xCA, 0xFF, 0xFF, 0xFF, 0x62, 0x00, 0x00, 0x00, 0x00, 0x00, 0x00, 0x00, 0x00, 0x00, 
0x0C, 0xFE, 0xFF, 0xFF, 0xFF, 0x1B, 0x00, 0x00, 0x00, 0x44, 0xFF, 0xFF, 0xFF, 0xE3, 0x04, 0x00, 
0x00, 0x00, 0x00, 0x00, 0x00, 0x00, 0x00, 0x00, 0x00, 0xEF, 0xFF, 0xFF, 0xFF, 0x2B, 0x00, 0x00, 
0x00, 0xB7, 0xFF, 0xFF, 0xFF, 0x79, 0x00, 0x00, 0x00, 0x00, 0x00, 0x00, 0x00, 0x00, 0x00, 0x00, 
0x00, 0xE6, 0xFF, 0xFF, 0xFF, 0x35, 0x00, 0x00, 0x12, 0xFB, 0xFF, 0xFF, 0xF9, 0x14, 0x00, 0x00, 
0x00, 0x00, 0x00, 0x00, 0x00, 0x00, 0x00, 0x00, 0x00, 0xEF, 0xFF, 0xFF, 0xFF, 0x2C, 0x00, 0x00, 
0x60, 0xFF, 0xFF, 0xFF, 0xBA, 0x00, 0x00, 0x00, 0x00, 0x00, 0x00, 0x00, 0x00, 0x00, 0x00, 0x00, 
0x03, 0xFE, 0xFF, 0xFF, 0xFF, 0x1A, 0x00, 0x00, 0xB2, 0xFF, 0xFF, 0xFF, 0x71, 0x00, 0x00, 0x00, 
0x00, 0x00, 0x00, 0x00, 0x00, 0x00, 0x00, 0x00, 0x19, 0xFF, 0xFF, 0xFF, 0xFA, 0x03, 0x00, 0x03, 
0xF4, 0xFF, 0xFF, 0xFF, 0x29, 0x00, 0x00, 0x00, 0x00, 0x00, 0x00, 0x00, 0x00, 0x00, 0x00, 0x00, 
0x39, 0xFF, 0xFF, 0xFF, 0xDC, 0x00, 0x00, 0x2F, 0xFF, 0xFF, 0xFF, 0xEB, 0x00, 0x00, 0x00, 0x00, 
0x00, 0x00, 0x00, 0x00, 0x00, 0x00, 0x00, 0x00, 0x5E, 0xFF, 0xFF, 0xFF, 0xBA, 0x00, 0x00, 0x66, 
0xFF, 0xFF, 0xFF, 0xBB, 0x00, 0x00, 0x00, 0x00, 0x00, 0x00, 0x00, 0x00, 0x00, 0x00, 0x00, 0x00, 
0x90, 0xFF, 0xFF, 0xFF, 0x8F, 0x00, 0x00, 0x9B, 0xFF, 0xFF, 0xFF, 0x8A, 0x00, 0x00, 0x00, 0x00, 
0x00, 0x00, 0x00, 0x00, 0x00, 0x00, 0x00, 0x00, 0xC2, 0xFF, 0xFF, 0xFF, 0x59, 0x00, 0x00, 0xC2, 
0xFF, 0xFF, 0xFF, 0x5C, 0x00, 0x00, 0x00, 0x00, 0x00, 0x00, 0x00, 0x00, 0x00, 0x00, 0x00, 0x03, 
0xF2, 0xFF, 0xFF, 0xFF, 0x24, 0x00, 0x00, 0xE4, 0xFF, 0xFF, 0xFF, 0x37, 0x00, 0x00, 0x00, 0x00, 
0x00, 0x00, 0x00, 0x00, 0x00, 0x00, 0x00, 0x3A, 0xFF, 0xFF, 0xFF, 0xEB, 0x00, 0x00, 0x06, 0xFE, 
0xFF, 0xFF, 0xFF, 0x17, 0x00, 0x00, 0x00, 0x00, 0x00, 0x00, 0x00, 0x00, 0x00, 0x00, 0x00, 0x82, 
0xFF, 0xFF, 0xFF, 0xA0, 0x00, 0x00, 0x1C, 0xFF, 0xFF, 0xFF, 0xFC, 0x01, 0x00, 0x00, 0x00, 0x00, 
0x00, 0x00, 0x00, 0x00, 0x00, 0x00, 0x00, 0xCB, 0xFF, 0xFF, 0xFF, 0x4E, 0x00, 0x00, 0x2A, 0xFF, 
0xFF, 0xFF, 0xEE, 0x00, 0x00, 0x00, 0x00, 0x00, 0x00, 0x00, 0x00, 0x00, 0x00, 0x00, 0x2A, 0xFF, 
0xFF, 0xFF, 0xF3, 0x08, 0x00, 0x00, 0x2C, 0xFF, 0xFF, 0xFF, 0xEB, 0x00, 0x00, 0x00, 0x00, 0x00, 
0x00, 0x00, 0x00, 0x00, 0x00, 0x00, 0x9A, 0xFF, 0xFF, 0xFF, 0xA1, 0x00, 0x00, 0x00, 0x1F, 0xFF, 
0xFF, 0xFF, 0xF8, 0x00, 0x00, 0x00, 0x00, 0x00, 0x00, 0x00, 0x00, 0x00, 0x00, 0x13, 0xF6, 0xFF, 
0xFF, 0xFF, 0x34, 0x00, 0x00, 0x00, 0x0B, 0xFE, 0xFF, 0xFF, 0xFF, 0x1E, 0x00, 0x00, 0x00, 0x00, 
0x00, 0x00, 0x00, 0x00, 0x00, 0x92, 0xFF, 0xFF, 0xFF, 0xB6, 0x00, 0x00, 0x00, 0x00, 0x00, 0xDC, 
0xFF, 0xFF, 0xFF, 0x65, 0x00, 0x00, 0x00, 0x00, 0x00, 0x00, 0x00, 0x00, 0x42, 0xFC, 0xFF, 0xFF, 
0xFC, 0x2F, 0x00, 0x00, 0x00, 0x00, 0x00, 0x9C, 0xFF, 0xFF, 0xFF, 0xDD, 0x0C, 0x00, 0x00, 0x00, 
0x00, 0x00, 0x00, 0x3D, 0xEE, 0xFF, 0xFF, 0xFF, 0x87, 0x00, 0x00, 0x00, 0x00, 0x00, 0x00, 0x39, 
0xFF, 0xFF, 0xFF, 0xFF, 0xCB, 0x3D, 0x02, 0x00, 0x00, 0x29, 0x91, 0xFA, 0xFF, 0xFF, 0xFF, 0xBF, 
0x06, 0x00, 0x00, 0x00, 0x00, 0x00, 0x00, 0x00, 0xA6, 0xFF, 0xFF, 0xFF, 0xFF, 0xFF, 0xF3, 0xE1, 
0xF1, 0xFF, 0xFF, 0xFF, 0xFF, 0xFF, 0xC2, 0x10, 0x00, 0x00, 0x00, 0x00, 0x00, 0x00, 0x00, 0x00, 
0x0D, 0xBC, 0xFF, 0xFF, 0xFF, 0xFF, 0xFF, 0xFF, 0xFF, 0xFF, 0xFF, 0xFF, 0xFD, 0x94, 0x06, 0x00, 
0x00, 0x00, 0x00, 0x00, 0x00, 0x00, 0x00, 0x00, 0x00, 0x05, 0x6E, 0xE3, 0xFF, 0xFF, 0xFF, 0xFF, 
0xFF, 0xFF, 0xF1, 0xA7, 0x2C, 0x00, 0x00, 0x00, 0x00, 0x00, 0x00, 0x00, 0x00, 0x00, 0x00, 0x00, 
0x00, 0x00, 0x00, 0x00, 0x29, 0x56, 0x69, 0x6B, 0x56, 0x3A, 0x05, 0x00, 0x00, 0x00, 0x00, 0x00, 
0x00, 0x00, 0x00, 0x00, 0x00, 0x00, 0x00, 0x00, 0x00, 0x00, 0x00, 0x00, 0x00, 0x00, 0x00, 0x00, 
0x00, 0x00, 0x00, 0x33, 0x7F, 0x89, 0x73, 0x09, 0x00, 0x00, 0x00, 0x00, 0x00, 0x00, 0x00, 0x00, 
0x00, 0x00, 0x00, 0x1D, 0xA4, 0xFE, 0xFF, 0xFF, 0xFF, 0x17, 0x00, 0x00, 0x00, 0x00, 0x00, 0x00, 
0x00, 0x00, 0x00, 0x0B, 0x82, 0xF6, 0xFF, 0xFF, 0xFF, 0xFF, 0xE4, 0x00, 0x00, 0x00, 0x00, 0x00, 
0x00, 0x00, 0x00, 0x01, 0x5F, 0xE5, 0xFF, 0xFF, 0xFF, 0xFF, 0xFF, 0xFF, 0xB1, 0x00, 0x00, 0x00, 
0x00, 0x00, 0x00, 0x00, 0x3E, 0xCD, 0xFF, 0xFF, 0xFF, 0xFF, 0xFF, 0xFF, 0xFF, 0xFF, 0x7F, 0x00, 
0x00, 0x00, 0x00, 0x00, 0x00, 0x8F, 0xFF, 0xFF, 0xFF, 0xFF, 0xE7, 0x6C, 0xB7, 0xFF, 0xFF, 0xFF, 
0x4C, 0x00, 0x00, 0x00, 0x00, 0x00, 0x2A, 0xFF, 0xFF, 0xFF, 0xEF, 0x7A, 0x0A, 0x00, 0xE4, 0xFF, 
0xFF, 0xFF, 0x19, 0x00, 0x00, 0x00, 0x00, 0x00, 0x64, 0xFF, 0xF5, 0x87, 0x11, 0x00, 0x00, 0x17, 
0xFF, 0xFF, 0xFF, 0xE6, 0x00, 0x00, 0x00, 0x00, 0x00, 0x00, 0x39, 0x87, 0x18, 0x00, 0x00, 0x00, 
0x00, 0x4B, 0xFF, 0xFF, 0xFF, 0xB3, 0x00, 0x00, 0x00, 0x00, 0x00, 0x00, 0x00, 0x00, 0x00, 0x00, 
0x00, 0x00, 0x00, 0x7E, 0xFF, 0xFF, 0xFF, 0x80, 0x00, 0x00, 0x00, 0x00, 0x00, 0x00, 0x00, 0x00, 
0x00, 0x00, 0x00, 0x00, 0x00, 0xB2, 0xFF, 0xFF, 0xFF, 0x4D, 0x00, 0x00, 0x00, 0x00, 0x00, 0x00, 
0x00, 0x00, 0x00, 0x00, 0x00, 0x00, 0x00, 0xE5, 0xFF, 0xFF, 0xFF, 0x1A, 0x00, 0x00, 0x00, 0x00, 
0x00, 0x00, 0x00, 0x00, 0x00, 0x00, 0x00, 0x00, 0x18, 0xFF, 0xFF, 0xFF, 0xE8, 0x00, 0x00, 0x00, 
0x00, 0x00, 0x00, 0x00, 0x00, 0x00, 0x00, 0x00, 0x00, 0x00, 0x4C, 0xFF, 0xFF, 0xFF, 0xB5, 0x00, 
0x00, 0x00, 0x00, 0x00, 0x00, 0x00, 0x00, 0x00, 0x00, 0x00, 0x00, 0x00, 0x7F, 0xFF, 0xFF, 0xFF, 
0x82, 0x00, 0x00, 0x00, 0x00, 0x00, 0x00, 0x00, 0x00, 0x00, 0x00, 0x00, 0x00, 0x00, 0xB2, 0xFF, 
0xFF, 0xFF, 0x4F, 0x00, 0x00, 0x00, 0x00, 0x00, 0x00, 0x00, 0x00, 0x00, 0x00, 0x00, 0x00, 0x00, 
0xE6, 0xFF, 0xFF, 0xFF, 0x1C, 0x00, 0x00, 0x00, 0x00, 0x00, 0x00, 0x00, 0x00, 0x00, 0x00, 0x00, 
0x00, 0x19, 0xFF, 0xFF, 0xFF, 0xE9, 0x00, 0x00, 0x00, 0x00, 0x00, 0x00, 0x00, 0x00, 0x00, 0x00, 
0x00, 0x00, 0x00, 0x4D, 0xFF, 0xFF, 0xFF, 0xB6, 0x00, 0x00, 0x00, 0x00, 0x00, 0x00, 0x00, 0x00, 
0x00, 0x00, 0x00, 0x00, 0x00, 0x80, 0xFF, 0xFF, 0xFF, 0x84, 0x00, 0x00, 0x00, 0x00, 0x00, 0x00, 
0x00, 0x00, 0x00, 0x00, 0x00, 0x00, 0x00, 0xB3, 0xFF, 0xFF, 0xFF, 0x51, 0x00, 0x00, 0x00, 0x00, 
0x00, 0x00, 0x00, 0x00, 0x00, 0x00, 0x00, 0x00, 0x00, 0xE6, 0xFF, 0xFF, 0xFF, 0x1E, 0x00, 0x00, 
0x00, 0x00, 0x00, 0x00, 0x00, 0x00, 0x00, 0x00, 0x00, 0x00, 0x19, 0xFF, 0xFF, 0xFF, 0xEB, 0x00, 
0x00, 0x00, 0x00, 0x00, 0x00, 0x00, 0x00, 0x00, 0x00, 0x00, 0x00, 0x00, 0x4D, 0xFF, 0xFF, 0xFF, 
0xB8, 0x00, 0x00, 0x00, 0x00, 0x00, 0x00, 0x00, 0x00, 0x00, 0x00, 0x00, 0x00, 0x00, 0x81, 0xFF, 
0xFF, 0xFF, 0x85, 0x00, 0x00, 0x00, 0x00, 0x00, 0x00, 0x00, 0x00, 0x00, 0x00, 0x00, 0x00, 0x00, 
0xB4, 0xFF, 0xFF, 0xFF, 0x52, 0x00, 0x00, 0x00, 0x00, 0x00, 0x00, 0x00, 0x00, 0x00, 0x00, 0x00, 
0x00, 0x00, 0xE7, 0xFF, 0xFF, 0xFF, 0x1F, 0x00, 0x00, 0x00, 0x00, 0x00, 0x00, 0x2E, 0x3C, 0x3C, 
0x3C, 0x3C, 0x3C, 0x4B, 0xFF, 0xFF, 0xFF, 0xF5, 0x3C, 0x3C, 0x3C, 0x3C, 0x3C, 0x24, 0x53, 0xFF, 
0xFF, 0xFF, 0xFF, 0xFF, 0xFF, 0xFF, 0xFF, 0xFF, 0xFF, 0xFF, 0xFF, 0xFF, 0xFF, 0xFF, 0xFF, 0xE6, 
0xAB, 0xFF, 0xFF, 0xFF, 0xFF, 0xFF, 0xFF, 0xFF, 0xFF, 0xFF, 0xFF, 0xFF, 0xFF, 0xFF, 0xFF, 0xFF, 
0xFF, 0xCD, 0x9D, 0xFF, 0xFF, 0xFF, 0xFF, 0xFF, 0xFF, 0xFF, 0xFF, 0xFF, 0xFF, 0xFF, 0xFF, 0xFF, 
0xFF, 0xFF, 0xFD, 0x64, 0x00, 0x00, 0x00, 0x00, 0x00, 0x00, 0x00, 0x00, 0x00, 0x00, 0x01, 0x36, 
0x7C, 0xA8, 0xBF, 0xC0, 0xAC, 0x87, 0x3D, 0x00, 0x00, 0x00, 0x00, 0x00, 0x00, 0x00, 0x00, 0x00, 
0x00, 0x00, 0x00, 0x23, 0x91, 0xE9, 0xFF, 0xFF, 0xFF, 0xFF, 0xFF, 0xFF, 0xFF, 0xFF, 0xCA, 0x32, 
0x00, 0x00, 0x00, 0x00, 0x00, 0x00, 0x00, 0x00, 0x00, 0x85, 0xFB, 0xFF, 0xFF, 0xFF, 0xFF, 0xFF, 
0xFF, 0xFF, 0xFF, 0xFF, 0xFF, 0xFF, 0xF4, 0x3C, 0x00, 0x00, 0x00, 0x00, 0x00, 0x00, 0x00, 0x51, 
0xFF, 0xFF, 0xFF, 0xFF, 0xFF, 0xF1, 0xD4, 0xD1, 0xF2, 0xFF, 0xFF, 0xFF, 0xFF, 0xFF, 0xE3, 0x08, 
0x00, 0x00, 0x00, 0x00, 0x00, 0x00, 0xA3, 0xFF, 0xFF, 0xF2, 0x99, 0x37, 0x02, 0x00, 0x00, 0x06, 
0x66, 0xF9, 0xFF, 0xFF, 0xFF, 0xFF, 0x5B, 0x00, 0x00, 0x00, 0x00, 0x00, 0x00, 0xBA, 0xF3, 0x7E, 
0x0D, 0x00, 0x00, 0x00, 0x00, 0x00, 0x00, 0x00, 0x6E, 0xFF, 0xFF, 0xFF, 0xFF, 0x9B, 0x00, 0x00, 
0x00, 0x00, 0x00, 0x00, 0x2C, 0x17, 0x00, 0x00, 0x00, 0x00, 0x00, 0x00, 0x00, 0x00, 0x00, 0x0D, 
0xFE, 0xFF, 0xFF, 0xFF, 0xB5, 0x00, 0x00, 0x00, 0x00, 0x00, 0x00, 0x00, 0x00, 0x00, 0x00, 0x00, 
0x00, 0x00, 0x00, 0x00, 0x00, 0x00, 0x00, 0xE7, 0xFF, 0xFF, 0xFF, 0xAC, 0x00, 0x00, 0x00, 0x00, 
0x00, 0x00, 0x00, 0x00, 0x00, 0x00, 0x00, 0x00, 0x00, 0x00, 0x00, 0x00, 0x00, 0x00, 0xF4, 0xFF, 
0xFF, 0xFF, 0x98, 0x00, 0x00, 0x00, 0x00, 0x00, 0x00, 0x00, 0x00, 0x00, 0x00, 0x00, 0x00, 0x00, 
0x00, 0x00, 0x00, 0x00, 0x2B, 0xFF, 0xFF, 0xFF, 0xFF, 0x69, 0x00, 0x00, 0x00, 0x00, 0x00, 0x00, 
0x00, 0x00, 0x00, 0x00, 0x00, 0x00, 0x00, 0x00, 0x00, 0x00, 0x00, 0x7B, 0xFF, 0xFF, 0xFF, 0xFF, 
0x20, 0x00, 0x00, 0x00, 0x00, 0x00, 0x00, 0x00, 0x00, 0x00, 0x00, 0x00, 0x00, 0x00, 0x00, 0x00, 
0x00, 0x06, 0xE6, 0xFF, 0xFF, 0xFF, 0xBA, 0x00, 0x00, 0x00, 0x00, 0x00, 0x00, 0x00, 0x00, 0x00, 
0x00, 0x00, 0x00, 0x00, 0x00, 0x00, 0x00, 0x00, 0x6E, 0xFF, 0xFF, 0xFF, 0xFF, 0x3B, 0x00, 0x00, 
0x00, 0x00, 0x00, 0x00, 0x00, 0x00, 0x00, 0x00, 0x00, 0x00, 0x00, 0x00, 0x00, 0x00, 0x1C, 0xEF, 
0xFF, 0xFF, 0xFF, 0xA4, 0x00, 0x00, 0x00, 0x00, 0x00, 0x00, 0x00, 0x00, 0x00, 0x00, 0x00, 0x00, 
0x00, 0x00, 0x00, 0x00, 0x04, 0xBF, 0xFF, 0xFF, 0xFF, 0xE3, 0x12, 0x00, 0x00, 0x00, 0x00, 0x00, 
0x00, 0x00, 0x00, 0x00, 0x00, 0x00, 0x00, 0x00, 0x00, 0x00, 0x00, 0x92, 0xFF, 0xFF, 0xFF, 0xF9, 
0x38, 0x00, 0x00, 0x00, 0x00, 0x00, 0x00, 0x00, 0x00, 0x00, 0x00, 0x00, 0x00, 0x00, 0x00, 0x00, 
0x00, 0x77, 0xFF, 0xFF, 0xFF, 0xFF, 0x5C, 0x00, 0x00, 0x00, 0x00, 0x00, 0x00, 0x00, 0x00, 0x00, 
0x00, 0x00, 0x00, 0x00, 0x00, 0x00, 0x00, 0x6C, 0xFF, 0xFF, 0xFF, 0xFF, 0x78, 0x00, 0x00, 0x00, 
0x00, 0x00, 0x00, 0x00, 0x00, 0x00, 0x00, 0x00, 0x00, 0x00, 0x00, 0x00, 0x00, 0x71, 0xFF, 0xFF, 
0xFF, 0xFF, 0x83, 0x00, 0x00, 0x00, 0x00, 0x00, 0x00, 0x00, 0x00, 0x00, 0x00, 0x00, 0x00, 0x00, 
0x00, 0x00, 0x00, 0x87, 0xFF, 0xFF, 0xFF, 0xFF, 0x81, 0x00, 0x00, 0x00, 0x00, 0x00, 0x00, 0x00, 
0x00, 0x00, 0x00, 0x00, 0x00, 0x00, 0x00, 0x00, 0x05, 0xA1, 0xFF, 0xFF, 0xFF, 0xFE, 0x73, 0x00, 
0x00, 0x00, 0x00, 0x00, 0x00, 0x00, 0x00, 0x00, 0x00, 0x00, 0x00, 0x00, 0x00, 0x00, 0x0F, 0xBC, 
0xFF, 0xFF, 0xFF, 0xF9, 0x5B, 0x00, 0x00, 0x00, 0x00, 0x00, 0x00, 0x00, 0x00, 0x00, 0x00, 0x00, 
0x00, 0x00, 0x00, 0x00, 0x1D, 0xD3, 0xFF, 0xFF, 0xFF, 0xEF, 0x41, 0x00, 0x00, 0x00, 0x00, 0x00, 
0x00, 0x00, 0x00, 0x00, 0x00, 0x00, 0x00, 0x00, 0x00, 0x00, 0x2F, 0xE4, 0xFF, 0xFF, 0xFF, 0xDE, 
0x29, 0x00, 0x00, 0x00, 0x00, 0x00, 0x00, 0x00, 0x00, 0x00, 0x00, 0x00, 0x00, 0x00, 0x00, 0x00, 
0x46, 0xF2, 0xFF, 0xFF, 0xFF, 0xC6, 0x15, 0x00, 0x00, 0x00, 0x00, 0x00, 0x00, 0x00, 0x00, 0x00, 
0x00, 0x00, 0x00, 0x00, 0x00, 0x00, 0x61, 0xFB, 0xFF, 0xFF, 0xFF, 0xA8, 0x08, 0x00, 0x00, 0x00, 
0x00, 0x00, 0x00, 0x00, 0x00, 0x00, 0x00, 0x00, 0x00, 0x00, 0x00, 0x00, 0x80, 0xFF, 0xFF, 0xFF, 
0xFF, 0x86, 0x01, 0x00, 0x00, 0x00, 0x00, 0x00, 0x00, 0x00, 0x00, 0x00, 0x00, 0x00, 0x00, 0x00, 
0x00, 0x00, 0x6E, 0xFF, 0xFF, 0xFF, 0xFF, 0xC5, 0x6C, 0x6C, 0x6C, 0x6C, 0x6C, 0x6C, 0x6C, 0x6C, 
0x6C, 0x6C, 0x6C, 0x6C, 0x44, 0x00, 0x00, 0x00, 0x08, 0xEF, 0xFF, 0xFF, 0xFF, 0xFF, 0xFF, 0xFF, 
0xFF, 0xFF, 0xFF, 0xFF, 0xFF, 0xFF, 0xFF, 0xFF, 0xFF, 0xFF, 0xFF, 0xE0, 0x00, 0x00, 0x00, 0x35, 
0xFF, 0xFF, 0xFF, 0xFF, 0xFF, 0xFF, 0xFF, 0xFF, 0xFF, 0xFF, 0xFF, 0xFF, 0xFF, 0xFF, 0xFF, 0xFF, 
0xFF, 0xFF, 0xC2, 0x00, 0x00, 0x00, 0x1F, 0xEF, 0xFF, 0xFF, 0xFF, 0xFF, 0xFF, 0xFF, 0xFF, 0xFF, 
0xFF, 0xFF, 0xFF, 0xFF, 0xFF, 0xFF, 0xFF, 0xFF, 0xF9, 0x4F, 0x00, 0x00, 0x00, 0x00, 0x00, 0x00, 
0x00, 0x00, 0x00, 0x00, 0x00, 0x00, 0x00, 0x05, 0x40, 0x7D, 0xA8, 0xBE, 0xC2, 0xB2, 0x8C, 0x4C, 
0x03, 0x00, 0x00, 0x00, 0x00, 0x00, 0x00, 0x00, 0x00, 0x00, 0x00, 0x00, 0x22, 0x94, 0xEE, 0xFF, 
0xFF, 0xFF, 0xFF, 0xFF, 0xFF, 0xFF, 0xFF, 0xDF, 0x42, 0x00, 0x00, 0x00, 0x00, 0x00, 0x00, 0x00, 
0x00, 0x00, 0x7E, 0xFA, 0xFF, 0xFF, 0xFF, 0xFF, 0xFF, 0xFF, 0xFF, 0xFF, 0xFF, 0xFF, 0xFF, 0xFB, 
0x47, 0x00, 0x00, 0x00, 0x00, 0x00, 0x00, 0x00, 0x4B, 0xFF, 0xFF, 0xFF, 0xFF, 0xF6, 0xBC, 0x99, 
0x92, 0xB0, 0xF2, 0xFF, 0xFF, 0xFF, 0xFF, 0xE1, 0x06, 0x00, 0x00, 0x00, 0x00, 0x00, 0x00, 0x9C, 
0xFF, 0xFF, 0xCE, 0x66, 0x0C, 0x00, 0x00, 0x00, 0x00, 0x11, 0xC5, 0xFF, 0xFF, 0xFF, 0xFF, 0x49, 
0x00, 0x00, 0x00, 0x00, 0x00, 0x00, 0xB1, 0xD4, 0x4B, 0x00, 0x00, 0x00, 0x00, 0x00, 0x00, 0x00, 
0x00, 0x25, 0xFE, 0xFF, 0xFF, 0xFF, 0x7E, 0x00, 0x00, 0x00, 0x00, 0x00, 0x00, 0x10, 0x02, 0x00, 
0x00, 0x00, 0x00, 0x00, 0x00, 0x00, 0x00, 0x00, 0x00, 0xE2, 0xFF, 0xFF, 0xFF, 0x8E, 0x00, 0x00, 
0x00, 0x00, 0x00, 0x00, 0x00, 0x00, 0x00, 0x00, 0x00, 0x00, 0x00, 0x00, 0x00, 0x00, 0x00, 0x00, 
0xD3, 0xFF, 0xFF, 0xFF, 0x7D, 0x00, 0x00, 0x00, 0x00, 0x00, 0x00, 0x00, 0x00, 0x00, 0x00, 0x00, 
0x00, 0x00, 0x00, 0x00, 0x00, 0x00, 0x04, 0xF2, 0xFF, 0xFF, 0xFF, 0x53, 0x00, 0x00, 0x00, 0x00, 
0x00, 0x00, 0x00, 0x00, 0x00, 0x00, 0x00, 0x00, 0x00, 0x00, 0x00, 0x00, 0x00, 0x4D, 0xFF, 0xFF, 
0xFF, 0xF8, 0x11, 0x00, 0x00, 0x00, 0x00, 0x00, 0x00, 0x00, 0x00, 0x00, 0x00, 0x00, 0x00, 0x00, 
0x00, 0x00, 0x00, 0x04, 0xD2, 0xFF, 0xFF, 0xFF, 0x98, 0x00, 0x00, 0x00, 0x00, 0x00, 0x00, 0x00, 
0x00, 0x00, 0x00, 0x00, 0x00, 0x00, 0x00, 0x00, 0x00, 0x02, 0xA2, 0xFF, 0xFF, 0xFF, 0xE6, 0x14, 
0x00, 0x00, 0x00, 0x00, 0x00, 0x00, 0x00, 0x00, 0x00, 0x00, 0x00, 0x00, 0x00, 0x00, 0x00, 0x23, 
0xBE, 0xFF, 0xFF, 0xFF, 0xEF, 0x36, 0x00, 0x00, 0x00, 0x00, 0x00, 0x00, 0x00, 0x00, 0x00, 0x14, 
0x24, 0x24, 0x28, 0x3B, 0x66, 0xAE, 0xFC, 0xFF, 0xFF, 0xFF, 0xD3, 0x2C, 0x00, 0x00, 0x00, 0x00, 
0x00, 0x00, 0x00, 0x00, 0x00, 0x37, 0xFB, 0xFF, 0xFF, 0xFF, 0xFF, 0xFF, 0xFF, 0xFF, 0xFF, 0xD6, 
0x69, 0x06, 0x00, 0x00, 0x00, 0x00, 0x00, 0x00, 0x00, 0x00, 0x00, 0x00, 0x97, 0xFF, 0xFF, 0xFF, 
0xFF, 0xFF, 0xFF, 0xFF, 0xFF, 0xD9, 0x86, 0x2F, 0x00, 0x00, 0x00, 0x00, 0x00, 0x00, 0x00, 0x00, 
0x00, 0x00, 0x00, 0x91, 0xFF, 0xFF, 0xFF, 0xFF, 0xFF, 0xFF, 0xFF, 0xFF, 0xFF, 0xFF, 0xFF, 0xA6, 
0x0B, 0x00, 0x00, 0x00, 0x00, 0x00, 0x00, 0x00, 0x00, 0x00, 0x00, 0x0B, 0x0C, 0x0C, 0x0F, 0x1D, 
0x44, 0x87, 0xE9, 0xFF, 0xFF, 0xFF, 0xFF, 0xBD, 0x02, 0x00, 0x00, 0x00, 0x00, 0x00, 0x00, 0x00, 
0x00, 0x00, 0x00, 0x00, 0x00, 0x00, 0x00, 0x00, 0x00, 0x10, 0xB9, 0xFF, 0xFF, 0xFF, 0xFF, 0x60, 
0x00, 0x00, 0x00, 0x00, 0x00, 0x00, 0x00, 0x00, 0x00, 0x00, 0x00, 0x00, 0x00, 0x00, 0x00, 0x00, 
0x00, 0x0F, 0xEB, 0xFF, 0xFF, 0xFF, 0xBC, 0x00, 0x00, 0x00, 0x00, 0x00, 0x00, 0x00, 0x00, 0x00, 
0x00, 0x00, 0x00, 0x00, 0x00, 0x00, 0x00, 0x00, 0x00, 0x9B, 0xFF, 0xFF, 0xFF, 0xEE, 0x00, 0x00, 
0x00, 0x00, 0x00, 0x00, 0x00, 0x00, 0x00, 0x00, 0x00, 0x00, 0x00, 0x00, 0x00, 0x00, 0x00, 0x00, 
0x7E, 0xFF, 0xFF, 0xFF, 0xFA, 0x00, 0x00, 0x00, 0x00, 0x00, 0x00, 0x00, 0x00, 0x00, 0x00, 0x00, 
0x00, 0x00, 0x00, 0x00, 0x00, 0x00, 0x00, 0x94, 0xFF, 0xFF, 0xFF, 0xE8, 0x00, 0x00, 0x00, 0x00, 
0x00, 0x00, 0x00, 0x00, 0x00, 0x00, 0x00, 0x00, 0x00, 0x00, 0x00, 0x00, 0x00, 0x00, 0xD6, 0xFF, 
0xFF, 0xFF, 0xBA, 0x00, 0x00, 0x00, 0x00, 0x00, 0x00, 0x00, 0x00, 0x00, 0x00, 0x00, 0x00, 0x00, 
0x00, 0x00, 0x00, 0x00, 0x47, 0xFF, 0xFF, 0xFF, 0xFF, 0x70, 0x00, 0x00, 0x00, 0x13, 0x06, 0x00, 
0x00, 0x00, 0x00, 0x00, 0x00, 0x00, 0x00, 0x00, 0x00, 0x00, 0x15, 0xE0, 0xFF, 0xFF, 0xFF, 0xF2, 
0x11, 0x00, 0x00, 0x00, 0xD2, 0xDA, 0x50, 0x00, 0x00, 0x00, 0x00, 0x00, 0x00, 0x00, 0x00, 0x00, 
0x2B, 0xD9, 0xFF, 0xFF, 0xFF, 0xFF, 0x71, 0x00, 0x00, 0x00, 0x12, 0xFF, 0xFF, 0xFF, 0xD5, 0x74, 
0x2B, 0x02, 0x00, 0x00, 0x08, 0x44, 0x9D, 0xFB, 0xFF, 0xFF, 0xFF, 0xFF, 0xB0, 0x02, 0x00, 0x00, 
0x00, 0x22, 0xFF, 0xFF, 0xFF, 0xFF, 0xFF, 0xFF, 0xF9, 0xE9, 0xF0, 0xFF, 0xFF, 0xFF, 0xFF, 0xFF, 
0xFF, 0xFF, 0xAE, 0x09, 0x00, 0x00, 0x00, 0x00, 0x01, 0x8D, 0xFC, 0xFF, 0xFF, 0xFF, 0xFF, 0xFF, 
0xFF, 0xFF, 0xFF, 0xFF, 0xFF, 0xFF, 0xFF, 0xEF, 0x6B, 0x01, 0x00, 0x00, 0x00, 0x00, 0x00, 0x00, 
0x00, 0x27, 0x90, 0xE4, 0xFF, 0xFF, 0xFF, 0xFF, 0xFF, 0xFF, 0xFF, 0xFD, 0xC5, 0x6F, 0x0D, 0x00, 
0x00, 0x00, 0x00, 0x00, 0x00, 0x00, 0x00, 0x00, 0x00, 0x00, 0x00, 0x1D, 0x4C, 0x61, 0x6F, 0x6A, 
0x5C, 0x3A, 0x0E, 0x00, 0x00, 0x00, 0x00, 0x00, 0x00, 0x00, 0x00, 0x00, 0x00, 0x00, 0x00, 0x00, 
0x00, 0x00, 0x00, 0x00, 0x00, 0x00, 0x00, 0x00, 0x00, 0x00, 0x00, 0x00, 0x00, 0x0A, 0x51, 0x70, 
0x75, 0x6C, 0x4B, 0x05, 0x00, 0x00, 0x00, 0x00, 0x00, 0x00, 0x00, 0x00, 0x00, 0x00, 0x00, 0x00, 
0x00, 0x00, 0x00, 0x0E, 0xD4, 0xFF, 0xFF, 0xFF, 0xFF, 0xFF, 0x57, 0x00, 0x00, 0x00, 0x00, 0x00, 
0x00, 0x00, 0x00, 0x00, 0x00, 0x00, 0x00, 0x00, 0x00, 0x01, 0xB0, 0xFF, 0xFF, 0xFF, 0xFF, 0xFF, 
0xFF, 0x2C, 0x00, 0x00, 0x00, 0x00, 0x00, 0x00, 0x00, 0x00, 0x00, 0x00, 0x00, 0x00, 0x00, 0x00, 
0x7D, 0xFF, 0xFF, 0xFF, 0xFF, 0xFF, 0xFF, 0xF5, 0x03, 0x00, 0x00, 0x00, 0x00, 0x00, 0x00, 0x00, 
0x00, 0x00, 0x00, 0x00, 0x00, 0x00, 0x49, 0xFD, 0xFF, 0xFF, 0xD0, 0xFF, 0xFF, 0xFF, 0xC5, 0x00, 
0x00, 0x00, 0x00, 0x00, 0x00, 0x00, 0x00, 0x00, 0x00, 0x00, 0x00, 0x00, 0x23, 0xEE, 0xFF, 0xFF, 
0xCF, 0x6C, 0xFF, 0xFF, 0xFF, 0x91, 0x00, 0x00, 0x00, 0x00, 0x00, 0x00, 0x00, 0x00, 0x00, 0x00, 
0x00, 0x00, 0x0A, 0xD2, 0xFF, 0xFF, 0xED, 0x21, 0x95, 0xFF, 0xFF, 0xFF, 0x5E, 0x00, 0x00, 0x00, 
0x00, 0x00, 0x00, 0x00, 0x00, 0x00, 0x00, 0x00, 0x00, 0xA7, 0xFF, 0xFF, 0xFD, 0x46, 0x00, 0xC7, 
0xFF, 0xFF, 0xFF, 0x2A, 0x00, 0x00, 0x00, 0x00, 0x00, 0x00, 0x00, 0x00, 0x00, 0x00, 0x00, 0x73, 
0xFF, 0xFF, 0xFF, 0x78, 0x00, 0x03, 0xF6, 0xFF, 0xFF, 0xF4, 0x02, 0x00, 0x00, 0x00, 0x00, 0x00, 
0x00, 0x00, 0x00, 0x00, 0x00, 0x41, 0xFC, 0xFF, 0xFF, 0xAD, 0x00, 0x00, 0x2D, 0xFF, 0xFF, 0xFF, 
0xC4, 0x00, 0x00, 0x00, 0x00, 0x00, 0x00, 0x00, 0x00, 0x00, 0x00, 0x1E, 0xEA, 0xFF, 0xFF, 0xD6, 
0x0D, 0x00, 0x00, 0x5F, 0xFF, 0xFF, 0xFF, 0x90, 0x00, 0x00, 0x00, 0x00, 0x00, 0x00, 0x00, 0x00, 
0x00, 0x08, 0xCB, 0xFF, 0xFF, 0xF1, 0x27, 0x00, 0x00, 0x00, 0x92, 0xFF, 0xFF, 0xFF, 0x5D, 0x00, 
0x00, 0x00, 0x00, 0x00, 0x00, 0x00, 0x00, 0x00, 0x9E, 0xFF, 0xFF, 0xFE, 0x4F, 0x00, 0x00, 0x00, 
0x00, 0xC5, 0xFF, 0xFF, 0xFF, 0x29, 0x00, 0x00, 0x00, 0x00, 0x00, 0x00, 0x00, 0x00, 0x6A, 0xFF, 
0xFF, 0xFF, 0x83, 0x00, 0x00, 0x00, 0x00, 0x02, 0xF4, 0xFF, 0xFF, 0xF3, 0x02, 0x00, 0x00, 0x00, 
0x00, 0x00, 0x00, 0x00, 0x3A, 0xFA, 0xFF, 0xFF, 0xB6, 0x02, 0x00, 0x00, 0x00, 0x00, 0x2A, 0xFF, 
0xFF, 0xFF, 0xC2, 0x00, 0x00, 0x00, 0x00, 0x00, 0x00, 0x00, 0x19, 0xE6, 0xFF, 0xFF, 0xDD, 0x11, 
0x00, 0x00, 0x00, 0x00, 0x00, 0x5D, 0xFF, 0xFF, 0xFF, 0x8F, 0x00, 0x00, 0x00, 0x00, 0x00, 0x00, 
0x05, 0xC4, 0xFF, 0xFF, 0xF5, 0x2E, 0x00, 0x00, 0x00, 0x00, 0x00, 0x00, 0x8F, 0xFF, 0xFF, 0xFF, 
0x5B, 0x00, 0x00, 0x00, 0x00, 0x00, 0x00, 0x95, 0xFF, 0xFF, 0xFF, 0x59, 0x00, 0x00, 0x00, 0x00, 
0x00, 0x00, 0x00, 0xC2, 0xFF, 0xFF, 0xFF, 0x28, 0x00, 0x00, 0x00, 0x00, 0x00, 0x5F, 0xFF, 0xFF, 
0xFF, 0x8E, 0x00, 0x00, 0x00, 0x00, 0x00, 0x00, 0x00, 0x01, 0xF2, 0xFF, 0xFF, 0xF2, 0x02, 0x00, 
0x00, 0x00, 0x00, 0x31, 0xF7, 0xFF, 0xFF, 0xBF, 0x04, 0x00, 0x00, 0x00, 0x00, 0x00, 0x00, 0x00, 
0x27, 0xFF, 0xFF, 0xFF, 0xC1, 0x00, 0x00, 0x00, 0x00, 0x00, 0xCB, 0xFF, 0xFF, 0xFA, 0x62, 0x4C, 
0x4C, 0x4C, 0x4C, 0x4C, 0x4C, 0x4C, 0x4C, 0x86, 0xFF, 0xFF, 0xFF, 0xB5, 0x4C, 0x4C, 0x4B, 0x11, 
0x25, 0xFF, 0xFF, 0xFF, 0xFF, 0xFF, 0xFF, 0xFF, 0xFF, 0xFF, 0xFF, 0xFF, 0xFF, 0xFF, 0xFF, 0xFF, 
0xFF, 0xFF, 0xFF, 0xFF, 0xFF, 0xFF, 0x87, 0x5E, 0xFF, 0xFF, 0xFF, 0xFF, 0xFF, 0xFF, 0xFF, 0xFF, 
0xFF, 0xFF, 0xFF, 0xFF, 0xFF, 0xFF, 0xFF, 0xFF, 0xFF, 0xFF, 0xFF, 0xFF, 0xFF, 0x6A, 0x53, 0xFF, 
0xFF, 0xFF, 0xFF, 0xFF, 0xFF, 0xFF, 0xFF, 0xFF, 0xFF, 0xFF, 0xFF, 0xFF, 0xFF, 0xFF, 0xFF, 0xFF, 
0xFF, 0xFF, 0xFF, 0xE5, 0x15, 0x00, 0x05, 0x08, 0x08, 0x08, 0x08, 0x08, 0x08, 0x08, 0x08, 0x08, 
0x08, 0x08, 0x36, 0xFF, 0xFF, 0xFF, 0xC1, 0x08, 0x08, 0x08, 0x02, 0x00, 0x00, 0x00, 0x00, 0x00, 
0x00, 0x00, 0x00, 0x00, 0x00, 0x00, 0x00, 0x00, 0x00, 0x62, 0xFF, 0xFF, 0xFF, 0x8C, 0x00, 0x00, 
0x00, 0x00, 0x00, 0x00, 0x00, 0x00, 0x00, 0x00, 0x00, 0x00, 0x00, 0x00, 0x00, 0x00, 0x00, 0x00, 
0x94, 0xFF, 0xFF, 0xFF, 0x5A, 0x00, 0x00, 0x00, 0x00, 0x00, 0x00, 0x00, 0x00, 0x00, 0x00, 0x00, 
0x00, 0x00, 0x00, 0x00, 0x00, 0x00, 0x00, 0xC7, 0xFF, 0xFF, 0xFF, 0x27, 0x00, 0x00, 0x00, 0x00, 
0x00, 0x00, 0x00, 0x00, 0x00, 0x00, 0x00, 0x00, 0x00, 0x00, 0x00, 0x00, 0x00, 0x03, 0xF5, 0xFF, 
0xFF, 0xF2, 0x01, 0x00, 0x00, 0x00, 0x00, 0x00, 0x00, 0x00, 0x00, 0x00, 0x00, 0x00, 0x00, 0x00, 
0x00, 0x00, 0x00, 0x00, 0x2B, 0xFF, 0xFF, 0xFF, 0xC1, 0x00, 0x00, 0x00, 0x00, 0x00, 0x00, 0x00, 
0x00, 0x00, 0x00, 0x00, 0x00, 0x00, 0x00, 0x00, 0x00, 0x00, 0x00, 0x48, 0xFF, 0xFF, 0xFF, 0x75, 
0x00, 0x00, 0x00, 0x00, 0x00, 0x00, 0x00, 0x00, 0x00, 0x00, 0x00, 0x00, 0x00, 0x00, 0x00, 0x00, 
0x00, 0x00, 0x00, 0x12, 0x20, 0x0F, 0x00, 0x00, 0x00, 0x00, 0x00, 0x00, 0x00, 0x00, 0x00, 0x00, 
0x00, 0x00, 0x00, 0x00, 0x00, 0x29, 0x53, 0x54, 0x54, 0x54, 0x54, 0x54, 0x54, 0x54, 0x54, 0x54, 
0x54, 0x54, 0x54, 0x4B, 0x04, 0x00, 0x00, 0x00, 0x00, 0x00, 0x00, 0x00, 0x3A, 0xFD, 0xFF, 0xFF, 
0xFF, 0xFF, 0xFF, 0xFF, 0xFF, 0xFF, 0xFF, 0xFF, 0xFF, 0xFF, 0xFF, 0xFF, 0x3B, 0x00, 0x00, 0x00, 
0x00, 0x00, 0x00, 0x00, 0x8F, 0xFF, 0xFF, 0xFF, 0xFF, 0xFF, 0xFF, 0xFF, 0xFF, 0xFF, 0xFF, 0xFF, 
0xFF, 0xFF, 0xFF, 0xFF, 0x1E, 0x00, 0x00, 0x00, 0x00, 0x00, 0x00, 0x00, 0xC4, 0xFF, 0xFF, 0xFF, 
0xFF, 0xFF, 0xFF, 0xFF, 0xFF, 0xFF, 0xFF, 0xFF, 0xFF, 0xFF, 0xFF, 0xC0, 0x00, 0x00, 0x00, 0x00, 
0x00, 0x00, 0x00, 0x02, 0xF4, 0xFF, 0xFF, 0x9A, 0x30, 0x30, 0x30, 0x30, 0x30, 0x30, 0x30, 0x30, 
0x30, 0x30, 0x2F, 0x09, 0x00, 0x00, 0x00, 0x00, 0x00, 0x00, 0x00, 0x2B, 0xFF, 0xFF, 0xFF, 0x54, 
0x00, 0x00, 0x00, 0x00, 0x00, 0x00, 0x00, 0x00, 0x00, 0x00, 0x00, 0x00, 0x00, 0x00, 0x00, 0x00, 
0x00, 0x00, 0x00, 0x5E, 0xFF, 0xFF, 0xFF, 0x22, 0x00, 0x00, 0x00, 0x00, 0x00, 0x00, 0x00, 0x00, 
0x00, 0x00, 0x00, 0x00, 0x00, 0x00, 0x00, 0x00, 0x00, 0x00, 0x00, 0x92, 0xFF, 0xFF, 0xEE, 0x00, 
0x00, 0x00, 0x00, 0x00, 0x00, 0x00, 0x00, 0x00, 0x00, 0x00, 0x00, 0x00, 0x00, 0x00, 0x00, 0x00, 
0x00, 0x00, 0x00, 0xC5, 0xFF, 0xFF, 0xBC, 0x00, 0x00, 0x00, 0x00, 0x00, 0x00, 0x00, 0x00, 0x00, 
0x00, 0x00, 0x00, 0x00, 0x00, 0x00, 0x00, 0x00, 0x00, 0x00, 0x03, 0xF5, 0xFF, 0xFF, 0x89, 0x00, 
0x00, 0x00, 0x00, 0x00, 0x00, 0x00, 0x00, 0x00, 0x00, 0x00, 0x00, 0x00, 0x00, 0x00, 0x00, 0x00, 
0x00, 0x00, 0x2C, 0xFF, 0xFF, 0xFF, 0x56, 0x00, 0x00, 0x00, 0x00, 0x00, 0x00, 0x00, 0x00, 0x00, 
0x00, 0x00, 0x00, 0x00, 0x00, 0x00, 0x00, 0x00, 0x00, 0x00, 0x5F, 0xFF, 0xFF, 0xFF, 0x23, 0x00, 
0x00, 0x00, 0x00, 0x00, 0x00, 0x00, 0x00, 0x00, 0x00, 0x00, 0x00, 0x00, 0x00, 0x00, 0x00, 0x00, 
0x00, 0x00, 0x93, 0xFF, 0xFF, 0xFA, 0x5E, 0x72, 0x7C, 0x77, 0x68, 0x51, 0x1D, 0x00, 0x00, 0x00, 
0x00, 0x00, 0x00, 0x00, 0x00, 0x00, 0x00, 0x00, 0x00, 0x00, 0xC6, 0xFF, 0xFF, 0xFF, 0xFF, 0xFF, 
0xFF, 0xFF, 0xFF, 0xFF, 0xFF, 0xDD, 0x7A, 0x0E, 0x00, 0x00, 0x00, 0x00, 0x00, 0x00, 0x00, 0x00, 
0x00, 0x00, 0xF5, 0xFF, 0xFF, 0xFF, 0xFF, 0xFF, 0xFF, 0xFF, 0xFF, 0xFF, 0xFF, 0xFF, 0xFF, 0xE4, 
0x3D, 0x00, 0x00, 0x00, 0x00, 0x00, 0x00, 0x00, 0x00, 0x04, 0xE8, 0xF9, 0xE8, 0xD5, 0xC4, 0xBE, 
0xC5, 0xD5, 0xFA, 0xFF, 0xFF, 0xFF, 0xFF, 0xFF, 0xF3, 0x2E, 0x00, 0x00, 0x00, 0x00, 0x00, 0x00, 
0x00, 0x00, 0x00, 0x00, 0x00, 0x00, 0x00, 0x00, 0x00, 0x00, 0x06, 0x4B, 0xC7, 0xFF, 0xFF, 0xFF, 
0xFF, 0xBC, 0x00, 0x00, 0x00, 0x00, 0x00, 0x00, 0x00, 0x00, 0x00, 0x00, 0x00, 0x00, 0x00, 0x00, 
0x00, 0x00, 0x00, 0x00, 0x03, 0xB0, 0xFF, 0xFF, 0xFF, 0xFF, 0x1C, 0x00, 0x00, 0x00, 0x00, 0x00, 
0x00, 0x00, 0x00, 0x00, 0x00, 0x00, 0x00, 0x00, 0x00, 0x00, 0x00, 0x00, 0x00, 0x23, 0xFF, 0xFF, 
0xFF, 0xFF, 0x51, 0x00, 0x00, 0x00, 0x00, 0x00, 0x00, 0x00, 0x00, 0x00, 0x00, 0x00, 0x00, 0x00, 
0x00, 0x00, 0x00, 0x00, 0x00, 0x00, 0xF0, 0xFF, 0xFF, 0xFF, 0x62, 0x00, 0x00, 0x00, 0x00, 0x00, 
0x00, 0x00, 0x00, 0x00, 0x00, 0x00, 0x00, 0x00, 0x00, 0x00, 0x00, 0x00, 0x00, 0x00, 0xF7, 0xFF, 
0xFF, 0xFF, 0x56, 0x00, 0x00, 0x00, 0x00, 0x00, 0x00, 0x00, 0x00, 0x00, 0x00, 0x00, 0x00, 0x00, 
0x00, 0x00, 0x00, 0x00, 0x00, 0x14, 0xFF, 0xFF, 0xFF, 0xFF, 0x34, 0x00, 0x00, 0x00, 0x00, 0x00, 
0x00, 0x00, 0x00, 0x00, 0x00, 0x00, 0x00, 0x00, 0x00, 0x00, 0x00, 0x00, 0x00, 0x54, 0xFF, 0xFF, 
0xFF, 0xF6, 0x08, 0x00, 0x00, 0x00, 0x00, 0x00, 0x00, 0x00, 0x00, 0x00, 0x00, 0x00, 0x00, 0x00, 
0x00, 0x00, 0x00, 0x00, 0x00, 0xB5, 0xFF, 0xFF, 0xFF, 0xB1, 0x00, 0x00, 0x00, 0x00, 0x00, 0x00, 
0x00, 0x00, 0x00, 0x00, 0x00, 0x00, 0x00, 0x00, 0x00, 0x00, 0x00, 0x00, 0x40, 0xFF, 0xFF, 0xFF, 
0xFF, 0x49, 0x00, 0x00, 0x00, 0x00, 0x00, 0x00, 0x00, 0x00, 0x00, 0x00, 0x00, 0x00, 0x00, 0x00, 
0x00, 0x00, 0x00, 0x22, 0xE7, 0xFF, 0xFF, 0xFF, 0xC6, 0x00, 0x00, 0x00, 0x00, 0x00, 0x88, 0x72, 
0x07, 0x00, 0x00, 0x00, 0x00, 0x00, 0x00, 0x00, 0x00, 0x00, 0x4B, 0xEB, 0xFF, 0xFF, 0xFF, 0xF5, 
0x2C, 0x00, 0x00, 0x00, 0x00, 0x1A, 0xFE, 0xFF, 0xE7, 0x8A, 0x3C, 0x0A, 0x00, 0x00, 0x01, 0x1B, 
0x61, 0xC1, 0xFF, 0xFF, 0xFF, 0xFF, 0xFB, 0x51, 0x00, 0x00, 0x00, 0x00, 0x00, 0x48, 0xFF, 0xFF, 
0xFF, 0xFF, 0xFF, 0xFD, 0xEE, 0xE9, 0xFB, 0xFF, 0xFF, 0xFF, 0xFF, 0xFF, 0xFF, 0xF1, 0x4A, 0x00, 
0x00, 0x00, 0x00, 0x00, 0x00, 0x21, 0xED, 0xFF, 0xFF, 0xFF, 0xFF, 0xFF, 0xFF, 0xFF, 0xFF, 0xFF, 
0xFF, 0xFF, 0xFF, 0xFF, 0xAF, 0x1D, 0x00, 0x00, 0x00, 0x00, 0x00, 0x00, 0x00, 0x00, 0x0E, 0x6D, 
0xC3, 0xFD, 0xFF, 0xFF, 0xFF, 0xFF, 0xFF, 0xFF, 0xFF, 0xE3, 0x92, 0x2D, 0x00, 0x00, 0x00, 0x00, 
0x00, 0x00, 0x00, 0x00, 0x00, 0x00, 0x00, 0x00, 0x00, 0x0B, 0x39, 0x5A, 0x6B, 0x6E, 0x61, 0x49, 
0x1D, 0x00, 0x00, 0x00, 0x00, 0x00, 0x00, 0x00, 0x00, 0x00, 0x00, 0x00, 0x00, 0x00, 0x00, 0x00, 
0x00, 0x00, 0x00, 0x00, 0x00, 0x00, 0x00, 0x00, 0x00, 0x23, 0x65, 0x95, 0xA9, 0xBB, 0xB6, 0xA1, 
0x7A, 0x3F, 0x04, 0x00, 0x00, 0x00, 0x00, 0x00, 0x00, 0x00, 0x00, 0x00, 0x00, 0x03, 0x59, 0xCE, 
0xFF, 0xFF, 0xFF, 0xFF, 0xFF, 0xFF, 0xFF, 0xFF, 0xFF, 0xE7, 0x2D, 0x00, 0x00, 0x00, 0x00, 0x00, 
0x00, 0x00, 0x00, 0x2A, 0xCC, 0xFF, 0xFF, 0xFF, 0xFF, 0xFF, 0xFF, 0xFF, 0xFF, 0xFF, 0xFF, 0xFF, 
0xFF, 0x6A, 0x00, 0x00, 0x00, 0x00, 0x00, 0x00, 0x00, 0x50, 0xF7, 0xFF, 0xFF, 0xFF, 0xFF, 0xEB, 
0xA7, 0x8A, 0x78, 0x85, 0xAD, 0xEA, 0xFF, 0xFF, 0x3A, 0x00, 0x00, 0x00, 0x00, 0x00, 0x00, 0x56, 
0xFB, 0xFF, 0xFF, 0xFF, 0xDD, 0x51, 0x05, 0x00, 0x00, 0x00, 0x00, 0x00, 0x01, 0x41, 0x69, 0x00, 
0x00, 0x00, 0x00, 0x00, 0x00, 0x32, 0xF7, 0xFF, 0xFF, 0xFF, 0x9E, 0x09, 0x00, 0x00, 0x00, 0x00, 
0x00, 0x00, 0x00, 0x00, 0x00, 0x00, 0x00, 0x00, 0x00, 0x00, 0x00, 0x0A, 0xDD, 0xFF, 0xFF, 0xFF, 
0x91, 0x00, 0x00, 0x00, 0x00, 0x00, 0x00, 0x00, 0x00, 0x00, 0x00, 0x00, 0x00, 0x00, 0x00, 0x00, 
0x00, 0x00, 0x88, 0xFF, 0xFF, 0xFF, 0xBA, 0x02, 0x00, 0x00, 0x00, 0x00, 0x00, 0x00, 0x00, 0x00, 
0x00, 0x00, 0x00, 0x00, 0x00, 0x00, 0x00, 0x00, 0x1D, 0xF9, 0xFF, 0xFF, 0xF0, 0x16, 0x00, 0x00, 
0x00, 0x00, 0x00, 0x00, 0x00, 0x00, 0x00, 0x00, 0x00, 0x00, 0x00, 0x00, 0x00, 0x00, 0x00, 0x97, 
0xFF, 0xFF, 0xFF, 0x77, 0x00, 0x00, 0x00, 0x00, 0x00, 0x00, 0x00, 0x00, 0x00, 0x00, 0x00, 0x00, 
0x00, 0x00, 0x00, 0x00, 0x00, 0x11, 0xF7, 0xFF, 0xFF, 0xEF, 0x0A, 0x00, 0x00, 0x00, 0x00, 0x00, 
0x00, 0x00, 0x00, 0x00, 0x00, 0x00, 0x00, 0x00, 0x00, 0x00, 0x00, 0x00, 0x70, 0xFF, 0xFF, 0xFF, 
0x93, 0x00, 0x00, 0x00, 0x00, 0x00, 0x00, 0x00, 0x00, 0x00, 0x00, 0x00, 0x00, 0x00, 0x00, 0x00, 
0x00, 0x00, 0x00, 0xC8, 0xFF, 0xFF, 0xFF, 0x38, 0x00, 0x04, 0x33, 0x69, 0x85, 0x95, 0x90, 0x7D, 
0x4A, 0x0C, 0x00, 0x00, 0x00, 0x00, 0x00, 0x00, 0x00, 0x19, 0xFE, 0xFF, 0xFF, 0xEB, 0x2D, 0x96, 
0xEB, 0xFF, 0xFF, 0xFF, 0xFF, 0xFF, 0xFF, 0xFF, 0xF1, 0x83, 0x05, 0x00, 0x00, 0x00, 0x00, 0x00, 
0x57, 0xFF, 0xFF, 0xFF, 0xF8, 0xFE, 0xFF, 0xFF, 0xFF, 0xFF, 0xFF, 0xFF, 0xFF, 0xFF, 0xFF, 0xFF, 
0xFF, 0xC1, 0x07, 0x00, 0x00, 0x00, 0x00, 0x8E, 0xFF, 0xFF, 0xFF, 0xFF, 0xFF, 0xFF, 0xFE, 0xD7, 
0xAE, 0x9B, 0x9E, 0xC5, 0xFD, 0xFF, 0xFF, 0xFF, 0xFF, 0x8B, 0x00, 0x00, 0x00, 0x00, 0xC6, 0xFF, 
0xFF, 0xFF, 0xFF, 0xD3, 0x6C, 0x14, 0x00, 0x00, 0x00, 0x00, 0x00, 0x24, 0xD1, 0xFF, 0xFF, 0xFF, 
0xF5, 0x0A, 0x00, 0x00, 0x03, 0xF7, 0xFF, 0xFF, 0xFF, 0x5F, 0x01, 0x00, 0x00, 0x00, 0x00, 0x00, 
0x00, 0x00, 0x00, 0x27, 0xFE, 0xFF, 0xFF, 0xFF, 0x41, 0x00, 0x00, 0x23, 0xFF, 0xFF, 0xFF, 0xEE, 
0x00, 0x00, 0x00, 0x00, 0x00, 0x00, 0x00, 0x00, 0x00, 0x00, 0x00, 0xDF, 0xFF, 0xFF, 0xFF, 0x5E, 
0x00, 0x00, 0x45, 0xFF, 0xFF, 0xFF, 0xC5, 0x00, 0x00, 0x00, 0x00, 0x00, 0x00, 0x00, 0x00, 0x00, 
0x00, 0x00, 0xC0, 0xFF, 0xFF, 0xFF, 0x5F, 0x00, 0x00, 0x61, 0xFF, 0xFF, 0xFF, 0xA5, 0x00, 0x00, 
0x00, 0x00, 0x00, 0x00, 0x00, 0x00, 0x00, 0x00, 0x00, 0xD4, 0xFF, 0xFF, 0xFF, 0x4A, 0x00, 0x00, 
0x75, 0xFF, 0xFF, 0xFF, 0x95, 0x00, 0x00, 0x00, 0x00, 0x00, 0x00, 0x00, 0x00, 0x00, 0x00, 0x05, 
0xF4, 0xFF, 0xFF, 0xFF, 0x22, 0x00, 0x00, 0x80, 0xFF, 0xFF, 0xFF, 0x88, 0x00, 0x00, 0x00, 0x00, 
0x00, 0x00, 0x00, 0x00, 0x00, 0x00, 0x43, 0xFF, 0xFF, 0xFF, 0xE6, 0x00, 0x00, 0x00, 0x7E, 0xFF, 
0xFF, 0xFF, 0x8C, 0x00, 0x00, 0x00, 0x00, 0x00, 0x00, 0x00, 0x00, 0x00, 0x00, 0x9D, 0xFF, 0xFF, 
0xFF, 0x99, 0x00, 0x00, 0x00, 0x6F, 0xFF, 0xFF, 0xFF, 0xA5, 0x00, 0x00, 0x00, 0x00, 0x00, 0x00, 
0x00, 0x00, 0x00, 0x27, 0xFB, 0xFF, 0xFF, 0xFF, 0x35, 0x00, 0x00, 0x00, 0x4B, 0xFF, 0xFF, 0xFF, 
0xE0, 0x01, 0x00, 0x00, 0x00, 0x00, 0x00, 0x00, 0x00, 0x08, 0xC3, 0xFF, 0xFF, 0xFF, 0xB8, 0x00, 
0x00, 0x00, 0x00, 0x16, 0xFD, 0xFF, 0xFF, 0xFF, 0x59, 0x00, 0x00, 0x00, 0x00, 0x00, 0x00, 0x08, 
0xB1, 0xFF, 0xFF, 0xFF, 0xF6, 0x26, 0x00, 0x00, 0x00, 0x00, 0x00, 0xB5, 0xFF, 0xFF, 0xFF, 0xF6, 
0x69, 0x08, 0x00, 0x00, 0x09, 0x56, 0xD7, 0xFF, 0xFF, 0xFF, 0xFF, 0x5F, 0x00, 0x00, 0x00, 0x00, 
0x00, 0x00, 0x2E, 0xFA, 0xFF, 0xFF, 0xFF, 0xFF, 0xF7, 0xD8, 0xDB, 0xF8, 0xFF, 0xFF, 0xFF, 0xFF, 
0xFC, 0x6C, 0x00, 0x00, 0x00, 0x00, 0x00, 0x00, 0x00, 0x00, 0x58, 0xFA, 0xFF, 0xFF, 0xFF, 0xFF, 
0xFF, 0xFF, 0xFF, 0xFF, 0xFF, 0xFF, 0xDB, 0x43, 0x00, 0x00, 0x00, 0x00, 0x00, 0x00, 0x00, 0x00, 
0x00, 0x00, 0x31, 0xBB, 0xFD, 0xFF, 0xFF, 0xFF, 0xFF, 0xFF, 0xFE, 0xCA, 0x64, 0x06, 0x00, 0x00, 
0x00, 0x00, 0x00, 0x00, 0x00, 0x00, 0x00, 0x00, 0x00, 0x00, 0x00, 0x15, 0x4E, 0x65, 0x6E, 0x5F, 
0x46, 0x11, 0x00, 0x00, 0x00, 0x00, 0x00, 0x00, 0x00, 0x00, 0x00, 0x00, 0x00, 0x00, 0x00, 0x00, 
0x1A, 0x53, 0x54, 0x54, 0x54, 0x54, 0x54, 0x54, 0x54, 0x54, 0x54, 0x54, 0x54, 0x54, 0x54, 0x54, 
0x54, 0x54, 0x53, 0x1F, 0x00, 0x00, 0x01, 0xD7, 0xFF, 0xFF, 0xFF, 0xFF, 0xFF, 0xFF, 0xFF, 0xFF, 
0xFF, 0xFF, 0xFF, 0xFF, 0xFF, 0xFF, 0xFF, 0xFF, 0xFF, 0xFF, 0xAB, 0x00, 0x00, 0x2E, 0xFF, 0xFF, 
0xFF, 0xFF, 0xFF, 0xFF, 0xFF, 0xFF, 0xFF, 0xFF, 0xFF, 0xFF, 0xFF, 0xFF, 0xFF, 0xFF, 0xFF, 0xFF, 
0xFF, 0x99, 0x00, 0x00, 0x39, 0xFF, 0xFF, 0xFF, 0xFF, 0xFF, 0xFF, 0xFF, 0xFF, 0xFF, 0xFF, 0xFF, 
0xFF, 0xFF, 0xFF, 0xFF, 0xFF, 0xFF, 0xFF, 0xFF, 0x5B, 0x00, 0x00, 0x00, 0x2C, 0x34, 0x34, 0x34, 
0x34, 0x34, 0x34, 0x34, 0x34, 0x34, 0x34, 0x34, 0x34, 0x34, 0x92, 0xFF, 0xFF, 0xFF, 0xE7, 0x0A, 
0x00, 0x00, 0x00, 0x00, 0x00, 0x00, 0x00, 0x00, 0x00, 0x00, 0x00, 0x00, 0x00, 0x00, 0x00, 0x00, 
0x1A, 0xF0, 0xFF, 0xFF, 0xFF, 0x5E, 0x00, 0x00, 0x00, 0x00, 0x00, 0x00, 0x00, 0x00, 0x00, 0x00, 
0x00, 0x00, 0x00, 0x00, 0x00, 0x00, 0x00, 0xAF, 0xFF, 0xFF, 0xFF, 0xBB, 0x00, 0x00, 0x00, 0x00, 
0x00, 0x00, 0x00, 0x00, 0x00, 0x00, 0x00, 0x00, 0x00, 0x00, 0x00, 0x00, 0x00, 0x55, 0xFF, 0xFF, 
0xFF, 0xF6, 0x22, 0x00, 0x00, 0x00, 0x00, 0x00, 0x00, 0x00, 0x00, 0x00, 0x00, 0x00, 0x00, 0x00, 
0x00, 0x00, 0x00, 0x12, 0xE8, 0xFF, 0xFF, 0xFF, 0x77, 0x00, 0x00, 0x00, 0x00, 0x00, 0x00, 0x00, 
0x00, 0x00, 0x00, 0x00, 0x00, 0x00, 0x00, 0x00, 0x00, 0x00, 0xA0, 0xFF, 0xFF, 0xFF, 0xD0, 0x04, 
0x00, 0x00, 0x00, 0x00, 0x00, 0x00, 0x00, 0x00, 0x00, 0x00, 0x00, 0x00, 0x00, 0x00, 0x00, 0x00, 
0x46, 0xFF, 0xFF, 0xFF, 0xFD, 0x35, 0x00, 0x00, 0x00, 0x00, 0x00, 0x00, 0x00, 0x00, 0x00, 0x00, 
0x00, 0x00, 0x00, 0x00, 0x00, 0x00, 0x0B, 0xDF, 0xFF, 0xFF, 0xFF, 0x90, 0x00, 0x00, 0x00, 0x00, 
0x00, 0x00, 0x00, 0x00, 0x00, 0x00, 0x00, 0x00, 0x00, 0x00, 0x00, 0x00, 0x00, 0x90, 0xFF, 0xFF, 
0xFF, 0xE1, 0x0C, 0x00, 0x00, 0x00, 0x00, 0x00, 0x00, 0x00, 0x00, 0x00, 0x00, 0x00, 0x00, 0x00, 
0x00, 0x00, 0x00, 0x38, 0xFD, 0xFF, 0xFF, 0xFF, 0x4B, 0x00, 0x00, 0x00, 0x00, 0x00, 0x00, 0x00, 
0x00, 0x00, 0x00, 0x00, 0x00, 0x00, 0x00, 0x00, 0x00, 0x06, 0xD4, 0xFF, 0xFF, 0xFF, 0xA9, 0x00, 
0x00, 0x00, 0x00, 0x00, 0x00, 0x00, 0x00, 0x00, 0x00, 0x00, 0x00, 0x00, 0x00, 0x00, 0x00, 0x00, 
0x81, 0xFF, 0xFF, 0xFF, 0xEF, 0x18, 0x00, 0x00, 0x00, 0x00, 0x00, 0x00, 0x00, 0x00, 0x00, 0x00, 
0x00, 0x00, 0x00, 0x00, 0x00, 0x00, 0x2B, 0xF9, 0xFF, 0xFF, 0xFF, 0x64, 0x00, 0x00, 0x00, 0x00, 
0x00, 0x00, 0x00, 0x00, 0x00, 0x00, 0x00, 0x00, 0x00, 0x00, 0x00, 0x00, 0x02, 0xC8, 0xFF, 0xFF, 
0xFF, 0xC1, 0x01, 0x00, 0x00, 0x00, 0x00, 0x00, 0x00, 0x00, 0x00, 0x00, 0x00, 0x00, 0x00, 0x00, 
0x00, 0x00, 0x00, 0x71, 0xFF, 0xFF, 0xFF, 0xF8, 0x27, 0x00, 0x00, 0x00, 0x00, 0x00, 0x00, 0x00, 
0x00, 0x00, 0x00, 0x00, 0x00, 0x00, 0x00, 0x00, 0x00, 0x21, 0xF4, 0xFF, 0xFF, 0xFF, 0x7D, 0x00, 
0x00, 0x00, 0x00, 0x00, 0x00, 0x00, 0x00, 0x00, 0x00, 0x00, 0x00, 0x00, 0x00, 0x00, 0x00, 0x00, 
0xBA, 0xFF, 0xFF, 0xFF, 0xD5, 0x06, 0x00, 0x00, 0x00, 0x00, 0x00, 0x00, 0x00, 0x00, 0x00, 0x00, 
0x00, 0x00, 0x00, 0x00, 0x00, 0x00, 0x61, 0xFF, 0xFF, 0xFF, 0xFE, 0x3A, 0x00, 0x00, 0x00, 0x00, 
0x00, 0x00, 0x00, 0x00, 0x00, 0x00, 0x00, 0x00, 0x00, 0x00, 0x00, 0x00, 0x17, 0xEE, 0xFF, 0xFF, 
0xFF, 0x96, 0x00, 0x00, 0x00, 0x00, 0x00, 0x00, 0x00, 0x00, 0x00, 0x00, 0x00, 0x00, 0x00, 0x00, 
0x00, 0x00, 0x00, 0xAC, 0xFF, 0xFF, 0xFF, 0xE5, 0x0E, 0x00, 0x00, 0x00, 0x00, 0x00, 0x00, 0x00, 
0x00, 0x00, 0x00, 0x00, 0x00, 0x00, 0x00, 0x00, 0x00, 0x50, 0xFF, 0xFF, 0xFF, 0xFF, 0x51, 0x00, 
0x00, 0x00, 0x00, 0x00, 0x00, 0x00, 0x00, 0x00, 0x00, 0x00, 0x00, 0x00, 0x00, 0x00, 0x00, 0x0F, 
0xE6, 0xFF, 0xFF, 0xFF, 0xAF, 0x00, 0x00, 0x00, 0x00, 0x00, 0x00, 0x00, 0x00, 0x00, 0x00, 0x00, 
0x00, 0x00, 0x00, 0x00, 0x00, 0x00, 0x9C, 0xFF, 0xFF, 0xFF, 0xF1, 0x1B, 0x00, 0x00, 0x00, 0x00, 
0x00, 0x00, 0x00, 0x00, 0x00, 0x00, 0x00, 0x00, 0x00, 0x00, 0x00, 0x00, 0x41, 0xFF, 0xFF, 0xFF, 
0xFF, 0x6A, 0x00, 0x00, 0x00, 0x00, 0x00, 0x00, 0x00, 0x00, 0x00, 0x00, 0x00, 0x00, 0x00, 0x00, 
0x00, 0x00, 0x09, 0xDC, 0xFF, 0xFF, 0xFF, 0xC6, 0x02, 0x00, 0x00, 0x00, 0x00, 0x00, 0x00, 0x00, 
0x00, 0x00, 0x00, 0x00, 0x00, 0x00, 0x00, 0x00, 0x00, 0x8C, 0xFF, 0xFF, 0xFF, 0xFA, 0x2B, 0x00, 
0x00, 0x00, 0x00, 0x00, 0x00, 0x00, 0x00, 0x00, 0x00, 0x00, 0x00, 0x00, 0x00, 0x00, 0x00, 0x02, 
0xEC, 0xFF, 0xFF, 0xF9, 0x6A, 0x00, 0x00, 0x00, 0x00, 0x00, 0x00, 0x00, 0x00, 0x00, 0x00, 0x00, 
0x00, 0x00, 0x00, 0x00, 0x00, 0x00, 0x00, 0x09, 0x21, 0x20, 0x08, 0x00, 0x00, 0x00, 0x00, 0x00, 
0x00, 0x00, 0x00, 0x00, 0x00, 0x00, 0x00, 0x00, 0x00, 0x00, 0x00, 0x00, 0x00, 0x00, 0x00, 0x00, 
0x00, 0x00, 0x00, 0x00, 0x00, 0x00, 0x00, 0x15, 0x5E, 0x90, 0xB2, 0xC0, 0xBF, 0xAE, 0x8E, 0x4F, 
0x07, 0x00, 0x00, 0x00, 0x00, 0x00, 0x00, 0x00, 0x00, 0x00, 0x00, 0x00, 0x2C, 0xAC, 0xFD, 0xFF, 
0xFF, 0xFF, 0xFF, 0xFF, 0xFF, 0xFF, 0xFF, 0xE7, 0x66, 0x00, 0x00, 0x00, 0x00, 0x00, 0x00, 0x00, 
0x00, 0x00, 0x78, 0xFB, 0xFF, 0xFF, 0xFF, 0xFF, 0xFF, 0xFF, 0xFF, 0xFF, 0xFF, 0xFF, 0xFF, 0xFF, 
0x91, 0x00, 0x00, 0x00, 0x00, 0x00, 0x00, 0x00, 0x86, 0xFF, 0xFF, 0xFF, 0xFF, 0xED, 0xA2, 0x71, 
0x61, 0x6D, 0xA1, 0xF4, 0xFF, 0xFF, 0xFF, 0xFF, 0x4A, 0x00, 0x00, 0x00, 0x00, 0x00, 0x4B, 0xFF, 
0xFF, 0xFF, 0xFF, 0x8C, 0x0D, 0x00, 0x00, 0x00, 0x00, 0x00, 0x1C, 0xD9, 0xFF, 0xFF, 0xFF, 0xB0, 
0x00, 0x00, 0x00, 0x00, 0x01, 0xD6, 0xFF, 0xFF, 0xFF, 0x78, 0x00, 0x00, 0x00, 0x00, 0x00, 0x00, 
0x00, 0x00, 0x54, 0xFF, 0xFF, 0xFF, 0xE2, 0x00, 0x00, 0x00, 0x00, 0x3A, 0xFF, 0xFF, 0xFF, 0xD7, 
0x02, 0x00, 0x00, 0x00, 0x00, 0x00, 0x00, 0x00, 0x00, 0x22, 0xFF, 0xFF, 0xFF, 0xE5, 0x00, 0x00, 
0x00, 0x00, 0x79, 0xFF, 0xFF, 0xFF, 0x85, 0x00, 0x00, 0x00, 0x00, 0x00, 0x00, 0x00, 0x00, 0x00, 
0x36, 0xFF, 0xFF, 0xFF, 0xC7, 0x00, 0x00, 0x00, 0x00, 0x98, 0xFF, 0xFF, 0xFF, 0x66, 0x00, 0x00, 
0x00, 0x00, 0x00, 0x00, 0x00, 0x00, 0x00, 0x85, 0xFF, 0xFF, 0xFF, 0x82, 0x00, 0x00, 0x00, 0x00, 
0x97, 0xFF, 0xFF, 0xFF, 0x7A, 0x00, 0x00, 0x00, 0x00, 0x00, 0x00, 0x00, 0x00, 0x1D, 0xF3, 0xFF, 
0xFF, 0xF9, 0x1E, 0x00, 0x00, 0x00, 0x00, 0x71, 0xFF, 0xFF, 0xFF, 0xC1, 0x00, 0x00, 0x00, 0x00, 
0x00, 0x00, 0x00, 0x11, 0xCE, 0xFF, 0xFF, 0xFF, 0x85, 0x00, 0x00, 0x00, 0x00, 0x00, 0x21, 0xFC, 
0xFF, 0xFF, 0xFF, 0x72, 0x00, 0x00, 0x00, 0x00, 0x00, 0x2A, 0xD5, 0xFF, 0xFF, 0xFF, 0xBC, 0x04, 
0x00, 0x00, 0x00, 0x00, 0x00, 0x00, 0x91, 0xFF, 0xFF, 0xFF, 0xFF, 0x95, 0x0A, 0x00, 0x0A, 0x80, 
0xF7, 0xFF, 0xFF, 0xFF, 0xB4, 0x0A, 0x00, 0x00, 0x00, 0x00, 0x00, 0x00, 0x00, 0x07, 0xB7, 0xFF, 
0xFF, 0xFF, 0xFF, 0xE1, 0x87, 0xE8, 0xFF, 0xFF, 0xFF, 0xF8, 0x78, 0x01, 0x00, 0x00, 0x00, 0x00, 
0x00, 0x00, 0x00, 0x00, 0x00, 0x05, 0x8E, 0xFE, 0xFF, 0xFF, 0xFF, 0xFF, 0xFF, 0xFF, 0xFF, 0xB0, 
0x25, 0x00, 0x00, 0x00, 0x00, 0x00, 0x00, 0x00, 0x00, 0x00, 0x00, 0x00, 0x00, 0x14, 0xB4, 0xFF, 
0xFF, 0xFF, 0xFF, 0xFF, 0xFF, 0xCB, 0x1D, 0x00, 0x00, 0x00, 0x00, 0x00, 0x00, 0x00, 0x00, 0x00, 
0x00, 0x00, 0x0A, 0x84, 0xF4, 0xFF, 0xFF, 0xFF, 0xFF, 0xFF, 0xFF, 0xFF, 0xFF, 0xF4, 0x66, 0x00, 
0x00, 0x00, 0x00, 0x00, 0x00, 0x00, 0x00, 0x00, 0x45, 0xE2, 0xFF, 0xFF, 0xFF, 0xFE, 0xAD, 0x3B, 
0x85, 0xF9, 0xFF, 0xFF, 0xFF, 0xFF, 0x97, 0x01, 0x00, 0x00, 0x00, 0x00, 0x00, 0x00, 0x7F, 0xFE, 
0xFF, 0xFF, 0xFF, 0xBE, 0x2F, 0x00, 0x00, 0x00, 0x2C, 0xD2, 0xFF, 0xFF, 0xFF, 0xFF, 0x80, 0x00, 
0x00, 0x00, 0x00, 0x00, 0x8D, 0xFF, 0xFF, 0xFF, 0xF3, 0x63, 0x00, 0x00, 0x00, 0x00, 0x00, 0x00, 
0x0A, 0xBA, 0xFF, 0xFF, 0xFF, 0xFB, 0x25, 0x00, 0x00, 0x00, 0x5F, 0xFF, 0xFF, 0xFF, 0xE9, 0x31, 
0x00, 0x00, 0x00, 0x00, 0x00, 0x00, 0x00, 0x00, 0x0E, 0xE4, 0xFF, 0xFF, 0xFF, 0x86, 0x00, 0x00, 
0x0F, 0xED, 0xFF, 0xFF, 0xFC, 0x39, 0x00, 0x00, 0x00, 0x00, 0x00, 0x00, 0x00, 0x00, 0x00, 0x00, 
0x7E, 0xFF, 0xFF, 0xFF, 0xBB, 0x00, 0x00, 0x70, 0xFF, 0xFF, 0xFF, 0xA1, 0x00, 0x00, 0x00, 0x00, 
0x00, 0x00, 0x00, 0x00, 0x00, 0x00, 0x00, 0x5A, 0xFF, 0xFF, 0xFF, 0xC6, 0x00, 0x00, 0xBA, 0xFF, 
0xFF, 0xFF, 0x52, 0x00, 0x00, 0x00, 0x00, 0x00, 0x00, 0x00, 0x00, 0x00, 0x00, 0x00, 0x6E, 0xFF, 
0xFF, 0xFF, 0xAE, 0x00, 0x00, 0xDC, 0xFF, 0xFF, 0xFF, 0x37, 0x00, 0x00, 0x00, 0x00, 0x00, 0x00, 
0x00, 0x00, 0x00, 0x00, 0x00, 0xB2, 0xFF, 0xFF, 0xFF, 0x77, 0x00, 0x00, 0xE3, 0xFF, 0xFF, 0xFF, 
0x56, 0x00, 0x00, 0x00, 0x00, 0x00, 0x00, 0x00, 0x00, 0x00, 0x00, 0x35, 0xFE, 0xFF, 0xFF, 0xFD, 
0x22, 0x00, 0x00, 0xC0, 0xFF, 0xFF, 0xFF, 0xB5, 0x01, 0x00, 0x00, 0x00, 0x00, 0x00, 0x00, 0x00, 
0x00, 0x2D, 0xE5, 0xFF, 0xFF, 0xFF, 0xA0, 0x00, 0x00, 0x00, 0x6D, 0xFF, 0xFF, 0xFF, 0xFF, 0xAD, 
0x27, 0x00, 0x00, 0x00, 0x00, 0x00, 0x23, 0x8A, 0xF7, 0xFF, 0xFF, 0xFF, 0xDE, 0x12, 0x00, 0x00, 
0x00, 0x06, 0xD2, 0xFF, 0xFF, 0xFF, 0xFF, 0xFF, 0xE1, 0xC0, 0xB7, 0xC5, 0xE4, 0xFF, 0xFF, 0xFF, 
0xFF, 0xFF, 0xDC, 0x24, 0x00, 0x00, 0x00, 0x00, 0x00, 0x18, 0xCB, 0xFF, 0xFF, 0xFF, 0xFF, 0xFF, 
0xFF, 0xFF, 0xFF, 0xFF, 0xFF, 0xFF, 0xFF, 0xFE, 0x9D, 0x11, 0x00, 0x00, 0x00, 0x00, 0x00, 0x00, 
0x00, 0x03, 0x65, 0xCC, 0xFF, 0xFF, 0xFF, 0xFF, 0xFF, 0xFF, 0xFF, 0xFF, 0xDD, 0x8E, 0x26, 0x00, 
0x00, 0x00, 0x00, 0x00, 0x00, 0x00, 0x00, 0x00, 0x00, 0x00, 0x00, 0x14, 0x46, 0x60, 0x6E, 0x6D, 
0x60, 0x45, 0x1B, 0x00, 0x00, 0x00, 0x00, 0x00, 0x00, 0x00, 0x00, 0x00, 0x00, 0x00, 0x00, 0x00, 
0x00, 0x00, 0x00, 0x00, 0x00, 0x00, 0x00, 0x00, 0x1B, 0x5F, 0x96, 0xB1, 0xC1, 0xBA, 0xA4, 0x6B, 
0x1C, 0x00, 0x00, 0x00, 0x00, 0x00, 0x00, 0x00, 0x00, 0x00, 0x00, 0x00, 0x00, 0x00, 0x30, 0xB2, 
0xFC, 0xFF, 0xFF, 0xFF, 0xFF, 0xFF, 0xFF, 0xFF, 0xF9, 0x8A, 0x04, 0x00, 0x00, 0x00, 0x00, 0x00, 
0x00, 0x00, 0x00, 0x00, 0x02, 0x88, 0xFC, 0xFF, 0xFF, 0xFF, 0xFF, 0xFF, 0xFF, 0xFF, 0xFF, 0xFF, 
0xFF, 0xFF, 0xB2, 0x02, 0x00, 0x00, 0x00, 0x00, 0x00, 0x00, 0x00, 0x03, 0xAF, 0xFF, 0xFF, 0xFF, 
0xFF, 0xF0, 0xA7, 0x7D, 0x78, 0x9D, 0xEF, 0xFF, 0xFF, 0xFF, 0xFF, 0x6F, 0x00, 0x00, 0x00, 0x00, 
0x00, 0x00, 0x00, 0x93, 0xFF, 0xFF, 0xFF, 0xFE, 0x8A, 0x0D, 0x00, 0x00, 0x00, 0x00, 0x12, 0xC4, 
0xFF, 0xFF, 0xFF, 0xE4, 0x03, 0x00, 0x00, 0x00, 0x00, 0x00, 0x44, 0xFF, 0xFF, 0xFF, 0xFF, 0x73, 
0x00, 0x00, 0x00, 0x00, 0x00, 0x00, 0x00, 0x1C, 0xFA, 0xFF, 0xFF, 0xFF, 0x39, 0x00, 0x00, 0x00, 
0x00, 0x01, 0xD0, 0xFF, 0xFF, 0xFF, 0x9A, 0x00, 0x00, 0x00, 0x00, 0x00, 0x00, 0x00, 0x00, 0x00, 
0xB9, 0xFF, 0xFF, 0xFF, 0x6A, 0x00, 0x00, 0x00, 0x00, 0x46, 0xFF, 0xFF, 0xFF, 0xF1, 0x14, 0x00, 
0x00, 0x00, 0x00, 0x00, 0x00, 0x00, 0x00, 0x00, 0x8B, 0xFF, 0xFF, 0xFF, 0x83, 0x00, 0x00, 0x00, 
0x00, 0xA3, 0xFF, 0xFF, 0xFF, 0x88, 0x00, 0x00, 0x00, 0x00, 0x00, 0x00, 0x00, 0x00, 0x00, 0x00, 
0x79, 0xFF, 0xFF, 0xFF, 0x90, 0x00, 0x00, 0x00, 0x00, 0xE8, 0xFF, 0xFF, 0xFF, 0x38, 0x00, 0x00, 
0x00, 0x00, 0x00, 0x00, 0x00, 0x00, 0x00, 0x00, 0x7A, 0xFF, 0xFF, 0xFF, 0x8C, 0x00, 0x00, 0x00, 
0x1C, 0xFF, 0xFF, 0xFF, 0xF6, 0x02, 0x00, 0x00, 0x00, 0x00, 0x00, 0x00, 0x00, 0x00, 0x00, 0x00, 
0x8C, 0xFF, 0xFF, 0xFF, 0x7E, 0x00, 0x00, 0x00, 0x3E, 0xFF, 0xFF, 0xFF, 0xDA, 0x00, 0x00, 0x00, 
0x00, 0x00, 0x00, 0x00, 0x00, 0x00, 0x00, 0x00, 0xA6, 0xFF, 0xFF, 0xFF, 0x6A, 0x00, 0x00, 0x00, 
0x4C, 0xFF, 0xFF, 0xFF, 0xD4, 0x00, 0x00, 0x00, 0x00, 0x00, 0x00, 0x00, 0x00, 0x00, 0x00, 0x00, 
0xC8, 0xFF, 0xFF, 0xFF, 0x50, 0x00, 0x00, 0x00, 0x41, 0xFF, 0xFF, 0xFF, 0xF6, 0x03, 0x00, 0x00, 
0x00, 0x00, 0x00, 0x00, 0x00, 0x00, 0x00, 0x01, 0xF2, 0xFF, 0xFF, 0xFF, 0x2C, 0x00, 0x00, 0x00, 
0x1A, 0xFF, 0xFF, 0xFF, 0xFF, 0x63, 0x00, 0x00, 0x00, 0x00, 0x00, 0x00, 0x00, 0x00, 0x22, 0xA2, 
0xFF, 0xFF, 0xFF, 0xF9, 0x07, 0x00, 0x00, 0x00, 0x00, 0xCC, 0xFF, 0xFF, 0xFF, 0xF9, 0x7E, 0x1B, 
0x00, 0x00, 0x01, 0x24, 0x63, 0xB9, 0xFD, 0xFF, 0xFF, 0xFF, 0xFF, 0xC7, 0x00, 0x00, 0x00, 0x00, 
0x00, 0x48, 0xFE, 0xFF, 0xFF, 0xFF, 0xFF, 0xFF, 0xF0, 0xE9, 0xFB, 0xFF, 0xFF, 0xFF, 0xFF, 0xFF, 
0xFF, 0xFF, 0xFF, 0x8E, 0x00, 0x00, 0x00, 0x00, 0x00, 0x00, 0x6A, 0xFB, 0xFF, 0xFF, 0xFF, 0xFF, 
0xFF, 0xFF, 0xFF, 0xFF, 0xFF, 0xFF, 0xD7, 0xE6, 0xFF, 0xFF, 0xFF, 0x54, 0x00, 0x00, 0x00, 0x00, 
0x00, 0x00, 0x00, 0x30, 0xA9, 0xF3, 0xFF, 0xFF, 0xFF, 0xFF, 0xFF, 0xE4, 0xA0, 0x45, 0x0B, 0xF6, 
0xFF, 0xFF, 0xFB, 0x12, 0x00, 0x00, 0x00, 0x00, 0x00, 0x00, 0x00, 0x00, 0x00, 0x03, 0x29, 0x3C, 
0x42, 0x33, 0x18, 0x00, 0x00, 0x00, 0x50, 0xFF, 0xFF, 0xFF, 0xBD, 0x00, 0x00, 0x00, 0x00, 0x00, 
0x00, 0x00, 0x00, 0x00, 0x00, 0x00, 0x00, 0x00, 0x00, 0x00, 0x00, 0x00, 0x00, 0x00, 0xB5, 0xFF, 
0xFF, 0xFF, 0x5E, 0x00, 0x00, 0x00, 0x00, 0x00, 0x00, 0x00, 0x00, 0x00, 0x00, 0x00, 0x00, 0x00, 
0x00, 0x00, 0x00, 0x00, 0x00, 0x22, 0xFD, 0xFF, 0xFF, 0xED, 0x08, 0x00, 0x00, 0x00, 0x00, 0x00, 
0x00, 0x00, 0x00, 0x00, 0x00, 0x00, 0x00, 0x00, 0x00, 0x00, 0x00, 0x00, 0x00, 0xA7, 0xFF, 0xFF, 
0xFF, 0x7C, 0x00, 0x00, 0x00, 0x00, 0x00, 0x00, 0x00, 0x00, 0x00, 0x00, 0x00, 0x00, 0x00, 0x00, 
0x00, 0x00, 0x00, 0x00, 0x3F, 0xFE, 0xFF, 0xFF, 0xEB, 0x0D, 0x00, 0x00, 0x00, 0x00, 0x00, 0x00, 
0x00, 0x00, 0x00, 0x00, 0x00, 0x00, 0x00, 0x00, 0x00, 0x00, 0x00, 0x17, 0xE6, 0xFF, 0xFF, 0xFF, 
0x5D, 0x00, 0x00, 0x00, 0x00, 0x00, 0x00, 0x00, 0x00, 0x00, 0x00, 0x00, 0x00, 0x00, 0x00, 0x00, 
0x00, 0x00, 0x19, 0xD1, 0xFF, 0xFF, 0xFF, 0xB2, 0x00, 0x00, 0x00, 0x00, 0x00, 0x00, 0x00, 0x00, 
0x00, 0x00, 0x00, 0x00, 0x00, 0x00, 0x00, 0x00, 0x00, 0x45, 0xE0, 0xFF, 0xFF, 0xFF, 0xD7, 0x0F, 
0x00, 0x00, 0x00, 0x00, 0x00, 0x00, 0x7E, 0xC2, 0x71, 0x2B, 0x01, 0x00, 0x00, 0x00, 0x0B, 0x54, 
0xB2, 0xFF, 0xFF, 0xFF, 0xFF, 0xD9, 0x1F, 0x00, 0x00, 0x00, 0x00, 0x00, 0x00, 0x00, 0xE9, 0xFF, 
0xFF, 0xFF, 0xF5, 0xE0, 0xD6, 0xEB, 0xFE, 0xFF, 0xFF, 0xFF, 0xFF, 0xFF, 0xC0, 0x15, 0x00, 0x00, 
0x00, 0x00, 0x00, 0x00, 0x00, 0x02, 0xF8, 0xFF, 0xFF, 0xFF, 0xFF, 0xFF, 0xFF, 0xFF, 0xFF, 0xFF, 
0xFF, 0xFF, 0xED, 0x6B, 0x01, 0x00, 0x00, 0x00, 0x00, 0x00, 0x00, 0x00, 0x00, 0x00, 0x4E, 0xC0, 
0xFC, 0xFF, 0xFF, 0xFF, 0xFF, 0xFF, 0xFF, 0xFB, 0xC7, 0x6C, 0x0B, 0x00, 0x00, 0x00, 0x00, 0x00, 
0x00, 0x00, 0x00, 0x00, 0x00, 0x00, 0x00, 0x00, 0x0E, 0x3F, 0x61, 0x6F, 0x69, 0x57, 0x40, 0x0C, 
0x00, 0x00, 0x00, 0x00, 0x00, 0x00, 0x00, 0x00, 0x00, 0x00, 0x00, 0x00, 0x00, 0x00, 0x00, 0x00, 
0x00, 0x00, 0x39, 0x72, 0x6E, 0x20, 0x00, 0x00, 0x00, 0x00, 0x00, 0x5F, 0xFF, 0xFF, 0xFF, 0xE2, 
0x00, 0x00, 0x00, 0x00, 0x00, 0xD6, 0xFF, 0xFF, 0xFF, 0xFB, 0x01, 0x00, 0x00, 0x00, 0x0C, 0xFF, 
0xFF, 0xFF, 0xFF, 0xCC, 0x00, 0x00, 0x00, 0x00, 0x1F, 0xFF, 0xFF, 0xFF, 0xFF, 0x78, 0x00, 0x00, 
0x00, 0x00, 0x00, 0x9E, 0xE4, 0xDE, 0x95, 0x06, 0x00, 0x00, 0x00, 0x00, 0x00, 0x00, 0x00, 0x00, 
0x00, 0x00, 0x00, 0x00, 0x00, 0x00, 0x00, 0x00, 0x00, 0x00, 0x00, 0x00, 0x00, 0x00, 0x00, 0x00, 
0x00, 0x00, 0x00, 0x00, 0x00, 0x00, 0x00, 0x00, 0x00, 0x00, 0x00, 0x00, 0x00, 0x00, 0x00, 0x00, 
0x00, 0x00, 0x00, 0x00, 0x00, 0x00, 0x00, 0x00, 0x00, 0x00, 0x00, 0x00, 0x00, 0x00, 0x00, 0x00, 
0x00, 0x00, 0x00, 0x00, 0x00, 0x00, 0x00, 0x00, 0x00, 0x00, 0x00, 0x00, 0x00, 0x00, 0x00, 0x00, 
0x00, 0x00, 0x00, 0x00, 0x00, 0x00, 0x00, 0x00, 0x00, 0x00, 0x00, 0x00, 0x00, 0x00, 0x00, 0x00, 
0x00, 0x00, 0x00, 0x00, 0x00, 0x00, 0x00, 0x00, 0x00, 0x00, 0x00, 0x00, 0x00, 0x00, 0x00, 0x0F, 
0x2D, 0x1E, 0x00, 0x00, 0x00, 0x00, 0x00, 0x00, 0x69, 0xF9, 0xFF, 0xFF, 0x77, 0x00, 0x00, 0x00, 
0x00, 0x0C, 0xF7, 0xFF, 0xFF, 0xFF, 0xB3, 0x00, 0x00, 0x00, 0x00, 0x47, 0xFF, 0xFF, 0xFF, 0xFF, 
0x9A, 0x00, 0x00, 0x00, 0x00, 0x69, 0xFF, 0xFF, 0xFF, 0xFF, 0x58, 0x00, 0x00, 0x00, 0x00, 0x39, 
0xF9, 0xFF, 0xFF, 0xAE, 0x03, 0x00, 0x00, 0x00, 0x00, 0x00, 0x16, 0x33, 0x1C, 0x00, 0x00, 0x00, 
0x00, 0x00, 0x00, 0x00, 0x00, 0x00, 0x00, 0x00, 0x00, 0x00, 0x00, 0x00, 0x3F, 0x74, 0x75, 0x26, 
0x00, 0x00, 0x00, 0x00, 0x00, 0x00, 0x00, 0x00, 0x00, 0x6A, 0xFF, 0xFF, 0xFF, 0xEB, 0x01, 0x00, 
0x00, 0x00, 0x00, 0x00, 0x00, 0x00, 0x00, 0xD6, 0xFF, 0xFF, 0xFF, 0xF7, 0x01, 0x00, 0x00, 0x00, 
0x00, 0x00, 0x00, 0x00, 0x10, 0xFF, 0xFF, 0xFF, 0xFF, 0xCF, 0x00, 0x00, 0x00, 0x00, 0x00, 0x00, 
0x00, 0x00, 0x22, 0xFF, 0xFF, 0xFF, 0xFF, 0x7B, 0x00, 0x00, 0x00, 0x00, 0x00, 0x00, 0x00, 0x00, 
0x01, 0xA3, 0xE9, 0xDE, 0x97, 0x07, 0x00, 0x00, 0x00, 0x00, 0x00, 0x00, 0x00, 0x00, 0x00, 0x00, 
0x00, 0x00, 0x00, 0x00, 0x00, 0x00, 0x00, 0x00, 0x00, 0x00, 0x00, 0x00, 0x00, 0x00, 0x00, 0x00, 
0x00, 0x00, 0x00, 0x00, 0x00, 0x00, 0x00, 0x00, 0x00, 0x00, 0x00, 0x00, 0x00, 0x00, 0x00, 0x00, 
0x00, 0x00, 0x00, 0x00, 0x00, 0x00, 0x00, 0x00, 0x00, 0x00, 0x00, 0x00, 0x00, 0x00, 0x00, 0x00, 
0x00, 0x00, 0x00, 0x00, 0x00, 0x00, 0x00, 0x00, 0x00, 0x00, 0x00, 0x00, 0x00, 0x00, 0x00, 0x00, 
0x00, 0x00, 0x00, 0x00, 0x00, 0x00, 0x00, 0x00, 0x00, 0x00, 0x00, 0x00, 0x00, 0x00, 0x00, 0x00, 
0x00, 0x00, 0x00, 0x00, 0x00, 0x00, 0x00, 0x00, 0x00, 0x00, 0x00, 0x00, 0x00, 0x00, 0x00, 0x00, 
0x00, 0x00, 0x00, 0x00, 0x00, 0x00, 0x00, 0x00, 0x00, 0x00, 0x00, 0x00, 0x00, 0x00, 0x00, 0x00, 
0x00, 0x00, 0x00, 0x00, 0x00, 0x00, 0x00, 0x00, 0x00, 0x00, 0x00, 0x00, 0x00, 0x00, 0x00, 0x00, 
0x00, 0x00, 0x00, 0x00, 0x00, 0x00, 0x00, 0x00, 0x00, 0x13, 0x38, 0x35, 0x08, 0x00, 0x00, 0x00, 
0x00, 0x00, 0x00, 0x00, 0x00, 0x00, 0x39, 0xF9, 0xFF, 0xFF, 0xC6, 0x00, 0x00, 0x00, 0x00, 0x00, 
0x00, 0x00, 0x00, 0x00, 0x98, 0xFF, 0xFF, 0xFF, 0xD8, 0x00, 0x00, 0x00, 0x00, 0x00, 0x00, 0x00, 
0x00, 0x00, 0xD1, 0xFF, 0xFF, 0xFF, 0xAD, 0x00, 0x00, 0x00, 0x00, 0x00, 0x00, 0x00, 0x00, 0x09, 
0xFB, 0xFF, 0xFF, 0xFF, 0x55, 0x00, 0x00, 0x00, 0x00, 0x00, 0x00, 0x00, 0x00, 0x4E, 0xFF, 0xFF, 
0xFF, 0xD2, 0x02, 0x00, 0x00, 0x00, 0x00, 0x00, 0x00, 0x00, 0x0F, 0xE3, 0xFF, 0xFF, 0xF9, 0x35, 
0x00, 0x00, 0x00, 0x00, 0x00, 0x00, 0x00, 0x00, 0xA2, 0xFF, 0xFF, 0xFF, 0x68, 0x00, 0x00, 0x00, 
0x00, 0x00, 0x00, 0x00, 0x00, 0x50, 0xFF, 0xFF, 0xFF, 0x8A, 0x00, 0x00, 0x00, 0x00, 0x00, 0x00, 
0x00, 0x00, 0x15, 0xE9, 0xFF, 0xFF, 0xA9, 0x01, 0x00, 0x00, 0x00, 0x00, 0x00, 0x00, 0x00, 0x00, 
0xAD, 0xFF, 0xFF, 0xC4, 0x07, 0x00, 0x00, 0x00, 0x00, 0x00, 0x00, 0x00, 0x00, 0x5B, 0xFF, 0xFF, 
0xD9, 0x13, 0x00, 0x00, 0x00, 0x00, 0x00, 0x00, 0x00, 0x00, 0x00, 0x88, 0xC3, 0x9D, 0x1D, 0x00, 
0x00, 0x00, 0x00, 0x00, 0x00, 0x00, 0x00, 0x00, 0x00, 0x00, 0x00, 0x00, 0x00, 0x00, 0x00, 0x00, 
0x00, 0x00, 0x00, 0x00, 0x00, 0x00, 0x00, 0x00, 0x00, 0x00, 0x00, 0x00, 0x00, 0x3B, 0x9F, 0x0E, 
0x00, 0x00, 0x00, 0x00, 0x00, 0x00, 0x00, 0x00, 0x00, 0x00, 0x00, 0x00, 0x00, 0x00, 0x00, 0x00, 
0x00, 0x02, 0x51, 0xC6, 0xFF, 0xFF, 0x15, 0x00, 0x00, 0x00, 0x00, 0x00, 0x00, 0x00, 0x00, 0x00, 
0x00, 0x00, 0x00, 0x00, 0x00, 0x00, 0x08, 0x66, 0xD9, 0xFF, 0xFF, 0xFF, 0xE4, 0x00, 0x00, 0x00, 
0x00, 0x00, 0x00, 0x00, 0x00, 0x00, 0x00, 0x00, 0x00, 0x00, 0x00, 0x12, 0x7B, 0xE9, 0xFF, 0xFF, 
0xFF, 0xFF, 0xFF, 0x74, 0x00, 0x00, 0x00, 0x00, 0x00, 0x00, 0x00, 0x00, 0x00, 0x00, 0x00, 0x00, 
0x1F, 0x91, 0xF4, 0xFF, 0xFF, 0xFF, 0xFF, 0xFF, 0xD6, 0x62, 0x00, 0x00, 0x00, 0x00, 0x00, 0x00, 
0x00, 0x00, 0x00, 0x00, 0x00, 0x31, 0xA6, 0xFC, 0xFF, 0xFF, 0xFF, 0xFF, 0xFF, 0xBA, 0x49, 0x01, 
0x00, 0x00, 0x00, 0x00, 0x00, 0x00, 0x00, 0x00, 0x00, 0x00, 0x46, 0xBB, 0xFF, 0xFF, 0xFF, 0xFF, 
0xFF, 0xF7, 0x9B, 0x2B, 0x00, 0x00, 0x00, 0x00, 0x00, 0x00, 0x00, 0x00, 0x00, 0x00, 0x04, 0x5B, 
0xD0, 0xFF, 0xFF, 0xFF, 0xFF, 0xFF, 0xE7, 0x7D, 0x14, 0x00, 0x00, 0x00, 0x00, 0x00, 0x00, 0x00, 
0x00, 0x00, 0x00, 0x0C, 0x70, 0xE1, 0xFF, 0xFF, 0xFF, 0xFF, 0xFF, 0xCE, 0x5E, 0x06, 0x00, 0x00, 
0x00, 0x00, 0x00, 0x00, 0x00, 0x00, 0x00, 0x00, 0x06, 0x84, 0xEF, 0xFF, 0xFF, 0xFF, 0xFF, 0xFD, 
0xB1, 0x40, 0x00, 0x00, 0x00, 0x00, 0x00, 0x00, 0x00, 0x00, 0x00, 0x00, 0x00, 0x00, 0x00, 0x8A, 
0xFF, 0xFF, 0xFF, 0xFF, 0xF3, 0x92, 0x23, 0x00, 0x00, 0x00, 0x00, 0x00, 0x00, 0x00, 0x00, 0x00, 
0x00, 0x00, 0x00, 0x00, 0x00, 0x00, 0xDB, 0xFF, 0xFF, 0xFF, 0xA5, 0x0F, 0x00, 0x00, 0x00, 0x00, 
0x00, 0x00, 0x00, 0x00, 0x00, 0x00, 0x00, 0x00, 0x00, 0x00, 0x00, 0x00, 0x00, 0xED, 0xFF, 0xFF, 
0xFF, 0xFE, 0xA8, 0x24, 0x00, 0x00, 0x00, 0x00, 0x00, 0x00, 0x00, 0x00, 0x00, 0x00, 0x00, 0x00, 
0x00, 0x00, 0x00, 0x00, 0x5F, 0xEA, 0xFF, 0xFF, 0xFF, 0xFF, 0xFA, 0x95, 0x17, 0x00, 0x00, 0x00, 
0x00, 0x00, 0x00, 0x00, 0x00, 0x00, 0x00, 0x00, 0x00, 0x00, 0x00, 0x00, 0x0F, 0x89, 0xF8, 0xFF, 
0xFF, 0xFF, 0xFF, 0xF4, 0x82, 0x0D, 0x00, 0x00, 0x00, 0x00, 0x00, 0x00, 0x00, 0x00, 0x00, 0x00, 
0x00, 0x00, 0x00, 0x00, 0x00, 0x20, 0xA8, 0xFF, 0xFF, 0xFF, 0xFF, 0xFF, 0xEB, 0x6F, 0x06, 0x00, 
0x00, 0x00, 0x00, 0x00, 0x00, 0x00, 0x00, 0x00, 0x00, 0x00, 0x00, 0x00, 0x00, 0x00, 0x38, 0xC6, 
0xFF, 0xFF, 0xFF, 0xFF, 0xFF, 0xDF, 0x5C, 0x01, 0x00, 0x00, 0x00, 0x00, 0x00, 0x00, 0x00, 0x00, 
0x00, 0x00, 0x00, 0x00, 0x00, 0x00, 0x00, 0x57, 0xDF, 0xFF, 0xFF, 0xFF, 0xFF, 0xFF, 0xD0, 0x49, 
0x00, 0x00, 0x00, 0x00, 0x00, 0x00, 0x00, 0x00, 0x00, 0x00, 0x00, 0x00, 0x00, 0x00, 0x00, 0x07, 
0x76, 0xF0, 0xFF, 0xFF, 0xFF, 0xFF, 0xFF, 0xBF, 0x35, 0x00, 0x00, 0x00, 0x00, 0x00, 0x00, 0x00, 
0x00, 0x00, 0x00, 0x00, 0x00, 0x00, 0x00, 0x00, 0x14, 0x95, 0xFB, 0xFF, 0xFF, 0xFF, 0xFF, 0xFC, 
0x32, 0x00, 0x00, 0x00, 0x00, 0x00, 0x00, 0x00, 0x00, 0x00, 0x00, 0x00, 0x00, 0x00, 0x00, 0x00, 
0x00, 0x28, 0xB4, 0xFF, 0xFF, 0xFF, 0xFF, 0x44, 0x00, 0x00, 0x00, 0x00, 0x00, 0x00, 0x00, 0x00, 
0x00, 0x00, 0x00, 0x00, 0x00, 0x00, 0x00, 0x00, 0x00, 0x00, 0x43, 0xD0, 0xFF, 0xFE, 0x15, 0x00, 
0x00, 0x00, 0x00, 0x00, 0x00, 0x00, 0x00, 0x00, 0x00, 0x00, 0x00, 0x00, 0x00, 0x00, 0x00, 0x00, 
0x00, 0x00, 0x02, 0x62, 0x7F, 0x00, 0x00, 0x00, 0x00, 0x00, 0x00, 0x00, 0x00, 0x8B, 0xB8, 0xB8, 
0xB8, 0xB8, 0xB8, 0xB8, 0xB8, 0xB8, 0xB8, 0xB8, 0xB8, 0xB8, 0xB8, 0xB8, 0xB8, 0xB8, 0xB8, 0xAB, 
0x0B, 0x00, 0x00, 0x3C, 0xFF, 0xFF, 0xFF, 0xFF, 0xFF, 0xFF, 0xFF, 0xFF, 0xFF, 0xFF, 0xFF, 0xFF, 
0xFF, 0xFF, 0xFF, 0xFF, 0xFF, 0xFF, 0xFF, 0x25, 0x00, 0x00, 0x6C, 0xFF, 0xFF, 0xFF, 0xFF, 0xFF, 
0xFF, 0xFF, 0xFF, 0xFF, 0xFF, 0xFF, 0xFF, 0xFF, 0xFF, 0xFF, 0xFF, 0xFF, 0xFF, 0xE8, 0x03, 0x00, 
0x00, 0x27, 0x95, 0x98, 0x98, 0x98, 0x98, 0x98, 0x98, 0x98, 0x98, 0x98, 0x98, 0x98, 0x98, 0x98, 
0x98, 0x98, 0x98, 0x97, 0x3F, 0x00, 0x00, 0x00, 0x00, 0x00, 0x00, 0x00, 0x00, 0x00, 0x00, 0x00, 
0x00, 0x00, 0x00, 0x00, 0x00, 0x00, 0x00, 0x00, 0x00, 0x00, 0x00, 0x00, 0x00, 0x00, 0x00, 0x00, 
0x00, 0x00, 0x00, 0x00, 0x00, 0x00, 0x00, 0x00, 0x00, 0x00, 0x00, 0x00, 0x00, 0x00, 0x00, 0x00, 
0x00, 0x00, 0x00, 0x00, 0x00, 0x00, 0x00, 0x00, 0x00, 0x00, 0x00, 0x00, 0x00, 0x00, 0x00, 0x00, 
0x00, 0x00, 0x00, 0x00, 0x00, 0x00, 0x00, 0x00, 0x00, 0x00, 0x00, 0x00, 0x00, 0x00, 0x00, 0x00, 
0x00, 0x00, 0x00, 0x00, 0x00, 0x00, 0x00, 0x00, 0x00, 0x00, 0x00, 0x00, 0x00, 0x00, 0x00, 0x00, 
0x00, 0x00, 0x00, 0x00, 0x00, 0x00, 0x00, 0x00, 0x00, 0x00, 0x00, 0x00, 0x00, 0x00, 0x00, 0x00, 
0x00, 0x00, 0x00, 0x00, 0x00, 0x00, 0x00, 0x00, 0x00, 0x00, 0x58, 0x9F, 0xA0, 0xA0, 0xA0, 0xA0, 
0xA0, 0xA0, 0xA0, 0xA0, 0xA0, 0xA0, 0xA0, 0xA0, 0xA0, 0xA0, 0xA0, 0xA0, 0x9B, 0x1B, 0x00, 0x00, 
0x10, 0xF7, 0xFF, 0xFF, 0xFF, 0xFF, 0xFF, 0xFF, 0xFF, 0xFF, 0xFF, 0xFF, 0xFF, 0xFF, 0xFF, 0xFF, 
0xFF, 0xFF, 0xFF, 0xFF, 0x52, 0x00, 0x00, 0x3E, 0xFF, 0xFF, 0xFF, 0xFF, 0xFF, 0xFF, 0xFF, 0xFF, 
0xFF, 0xFF, 0xFF, 0xFF, 0xFF, 0xFF, 0xFF, 0xFF, 0xFF, 0xFF, 0xFE, 0x23, 0x00, 0x00, 0x14, 0xA7, 
0xB0, 0xB0, 0xB0, 0xB0, 0xB0, 0xB0, 0xB0, 0xB0, 0xB0, 0xB0, 0xB0, 0xB0, 0xB0, 0xB0, 0xB0, 0xB0, 
0xB0, 0x72, 0x00, 0x00, 0x00, 0x00, 0x00, 0x00, 0x00, 0x00, 0x81, 0x59, 0x00, 0x00, 0x00, 0x00, 
0x00, 0x00, 0x00, 0x00, 0x00, 0x00, 0x00, 0x00, 0x00, 0x00, 0x00, 0x00, 0x00, 0x00, 0x00, 0x00, 
0x1F, 0xFF, 0xFF, 0xC7, 0x39, 0x00, 0x00, 0x00, 0x00, 0x00, 0x00, 0x00, 0x00, 0x00, 0x00, 0x00, 
0x00, 0x00, 0x00, 0x00, 0x00, 0x00, 0x00, 0x4F, 0xFF, 0xFF, 0xFF, 0xFF, 0xA9, 0x20, 0x00, 0x00, 
0x00, 0x00, 0x00, 0x00, 0x00, 0x00, 0x00, 0x00, 0x00, 0x00, 0x00, 0x00, 0x00, 0x00, 0x3B, 0xFE, 
0xFF, 0xFF, 0xFF, 0xFF, 0xF8, 0x89, 0x0E, 0x00, 0x00, 0x00, 0x00, 0x00, 0x00, 0x00, 0x00, 0x00, 
0x00, 0x00, 0x00, 0x00, 0x00, 0x00, 0x3C, 0xC6, 0xFF, 0xFF, 0xFF, 0xFF, 0xFF, 0xEA, 0x6A, 0x03, 
0x00, 0x00, 0x00, 0x00, 0x00, 0x00, 0x00, 0x00, 0x00, 0x00, 0x00, 0x00, 0x00, 0x00, 0x00, 0x51, 
0xD7, 0xFF, 0xFF, 0xFF, 0xFF, 0xFF, 0xD5, 0x4A, 0x00, 0x00, 0x00, 0x00, 0x00, 0x00, 0x00, 0x00, 
0x00, 0x00, 0x00, 0x00, 0x00, 0x00, 0x00, 0x03, 0x65, 0xE5, 0xFF, 0xFF, 0xFF, 0xFF, 0xFF, 0xBA, 
0x2D, 0x00, 0x00, 0x00, 0x00, 0x00, 0x00, 0x00, 0x00, 0x00, 0x00, 0x00, 0x00, 0x00, 0x00, 0x00, 
0x09, 0x79, 0xF0, 0xFF, 0xFF, 0xFF, 0xFF, 0xFC, 0x9A, 0x17, 0x00, 0x00, 0x00, 0x00, 0x00, 0x00, 
0x00, 0x00, 0x00, 0x00, 0x00, 0x00, 0x00, 0x00, 0x00, 0x12, 0x8D, 0xF8, 0xFF, 0xFF, 0xFF, 0xFF, 
0xF2, 0x7A, 0x08, 0x00, 0x00, 0x00, 0x00, 0x00, 0x00, 0x00, 0x00, 0x00, 0x00, 0x00, 0x00, 0x00, 
0x00, 0x00, 0x1E, 0xA1, 0xFD, 0xFF, 0xFF, 0xFF, 0xFF, 0xE1, 0x4F, 0x00, 0x00, 0x00, 0x00, 0x00, 
0x00, 0x00, 0x00, 0x00, 0x00, 0x00, 0x00, 0x00, 0x00, 0x00, 0x00, 0x2D, 0xB5, 0xFF, 0xFF, 0xFF, 
0xFF, 0xE2, 0x00, 0x00, 0x00, 0x00, 0x00, 0x00, 0x00, 0x00, 0x00, 0x00, 0x00, 0x00, 0x00, 0x00, 
0x00, 0x00, 0x00, 0x0D, 0xAA, 0xFF, 0xFF, 0xFF, 0xCF, 0x00, 0x00, 0x00, 0x00, 0x00, 0x00, 0x00, 
0x00, 0x00, 0x00, 0x00, 0x00, 0x00, 0x00, 0x00, 0x1F, 0x8C, 0xF0, 0xFF, 0xFF, 0xFF, 0xFF, 0x7F, 
0x00, 0x00, 0x00, 0x00, 0x00, 0x00, 0x00, 0x00, 0x00, 0x00, 0x00, 0x00, 0x00, 0x39, 0xAA, 0xFC, 
0xFF, 0xFF, 0xFF, 0xFF, 0xEF, 0x84, 0x05, 0x00, 0x00, 0x00, 0x00, 0x00, 0x00, 0x00, 0x00, 0x00, 
0x00, 0x04, 0x57, 0xC8, 0xFF, 0xFF, 0xFF, 0xFF, 0xFF, 0xE2, 0x72, 0x0D, 0x00, 0x00, 0x00, 0x00, 
0x00, 0x00, 0x00, 0x00, 0x00, 0x00, 0x10, 0x75, 0xE2, 0xFF, 0xFF, 0xFF, 0xFF, 0xFF, 0xD1, 0x5D, 
0x05, 0x00, 0x00, 0x00, 0x00, 0x00, 0x00, 0x00, 0x00, 0x00, 0x00, 0x24, 0x93, 0xF4, 0xFF, 0xFF, 
0xFF, 0xFF, 0xFF, 0xBE, 0x49, 0x00, 0x00, 0x00, 0x00, 0x00, 0x00, 0x00, 0x00, 0x00, 0x00, 0x00, 
0x40, 0xB1, 0xFD, 0xFF, 0xFF, 0xFF, 0xFF, 0xFC, 0xA9, 0x33, 0x00, 0x00, 0x00, 0x00, 0x00, 0x00, 
0x00, 0x00, 0x00, 0x00, 0x00, 0x5A, 0xCF, 0xFF, 0xFF, 0xFF, 0xFF, 0xFF, 0xF5, 0x94, 0x22, 0x00, 
0x00, 0x00, 0x00, 0x00, 0x00, 0x00, 0x00, 0x00, 0x00, 0x00, 0x00, 0x75, 0xFF, 0xFF, 0xFF, 0xFF, 
0xFF, 0xEB, 0x7F, 0x13, 0x00, 0x00, 0x00, 0x00, 0x00, 0x00, 0x00, 0x00, 0x00, 0x00, 0x00, 0x00, 
0x00, 0x02, 0xEA, 0xFF, 0xFF, 0xFF, 0xDD, 0x6B, 0x09, 0x00, 0x00, 0x00, 0x00, 0x00, 0x00, 0x00, 
0x00, 0x00, 0x00, 0x00, 0x00, 0x00, 0x00, 0x00, 0x24, 0xFF, 0xFF, 0xCB, 0x56, 0x03, 0x00, 0x00, 
0x00, 0x00, 0x00, 0x00, 0x00, 0x00, 0x00, 0x00, 0x00, 0x00, 0x00, 0x00, 0x00, 0x00, 0x00, 0x19, 
0xA7, 0x41, 0x00, 0x00, 0x00, 0x00, 0x00, 0x00, 0x00, 0x00, 0x00, 0x00, 0x00, 0x00, 0x00, 0x00, 
0x00, 0x00, 0x00, 0x00, 0x00, 0x00, 0x00, 0x00, 0x00, 0x00, 0x00, 0x00, 0x00, 0x09, 0x21, 0x2F, 
0x22, 0x05, 0x00, 0x00, 0x00, 0x00, 0x00, 0x00, 0x00, 0x00, 0x00, 0x04, 0x4D, 0x9F, 0xDB, 0xFF, 
0xFF, 0xFF, 0xFF, 0xFA, 0xC4, 0x69, 0x08, 0x00, 0x00, 0x00, 0x00, 0x00, 0x55, 0xE4, 0xFF, 0xFF, 
0xFF, 0xFF, 0xFF, 0xFF, 0xFF, 0xFF, 0xFF, 0xFF, 0xDB, 0x2C, 0x00, 0x00, 0x00, 0x1C, 0xFA, 0xFF, 
0xFF, 0xFF, 0xFF, 0xFF, 0xFF, 0xFF, 0xFF, 0xFF, 0xFF, 0xFF, 0xFF, 0xE8, 0x14, 0x00, 0x00, 0x5A, 
0xFF, 0xFF, 0xE3, 0x88, 0x43, 0x1A, 0x0C, 0x1B, 0x54, 0xC8, 0xFF, 0xFF, 0xFF, 0xFF, 0xA9, 0x00, 
0x00, 0x59, 0xE0, 0x61, 0x04, 0x00, 0x00, 0x00, 0x00, 0x00, 0x00, 0x03, 0xA8, 0xFF, 0xFF, 0xFF, 
0xFC, 0x16, 0x00, 0x00, 0x01, 0x00, 0x00, 0x00, 0x00, 0x00, 0x00, 0x00, 0x00, 0x00, 0x0F, 0xF2, 
0xFF, 0xFF, 0xFF, 0x62, 0x00, 0x00, 0x00, 0x00, 0x00, 0x00, 0x00, 0x00, 0x00, 0x00, 0x00, 0x00, 
0x00, 0xAA, 0xFF, 0xFF, 0xFF, 0x81, 0x00, 0x00, 0x00, 0x00, 0x00, 0x00, 0x00, 0x00, 0x00, 0x00, 
0x00, 0x00, 0x00, 0x84, 0xFF, 0xFF, 0xFF, 0x92, 0x00, 0x00, 0x00, 0x00, 0x00, 0x00, 0x00, 0x00, 
0x00, 0x00, 0x00, 0x00, 0x00, 0x88, 0xFF, 0xFF, 0xFF, 0x82, 0x00, 0x00, 0x00, 0x00, 0x00, 0x00, 
0x00, 0x00, 0x00, 0x00, 0x00, 0x00, 0x00, 0xAA, 0xFF, 0xFF, 0xFF, 0x63, 0x00, 0x00, 0x00, 0x00, 
0x00, 0x00, 0x00, 0x00, 0x00, 0x00, 0x00, 0x00, 0x04, 0xE9, 0xFF, 0xFF, 0xFF, 0x27, 0x00, 0x00, 
0x00, 0x00, 0x00, 0x00, 0x00, 0x00, 0x00, 0x00, 0x00, 0x00, 0x5B, 0xFF, 0xFF, 0xFF, 0xD6, 0x00, 
0x00, 0x00, 0x00, 0x00, 0x00, 0x00, 0x00, 0x00, 0x00, 0x00, 0x00, 0x1C, 0xEA, 0xFF, 0xFF, 0xFF, 
0x67, 0x00, 0x00, 0x00, 0x00, 0x00, 0x00, 0x00, 0x00, 0x00, 0x00, 0x00, 0x30, 0xDF, 0xFF, 0xFF, 
0xFF, 0xC7, 0x03, 0x00, 0x00, 0x00, 0x00, 0x00, 0x00, 0x00, 0x0A, 0x20, 0x4E, 0xA2, 0xFC, 0xFF, 
0xFF, 0xFF, 0xE0, 0x20, 0x00, 0x00, 0x00, 0x00, 0x00, 0x00, 0x5F, 0xF0, 0xFF, 0xFF, 0xFF, 0xFF, 
0xFF, 0xFF, 0xFF, 0xCA, 0x1C, 0x00, 0x00, 0x00, 0x00, 0x00, 0x00, 0x01, 0xE9, 0xFF, 0xFF, 0xFF, 
0xFF, 0xFF, 0xFF, 0xDB, 0x69, 0x02, 0x00, 0x00, 0x00, 0x00, 0x00, 0x00, 0x00, 0x23, 0xFF, 0xFF, 
0xFF, 0xE3, 0x96, 0x70, 0x35, 0x00, 0x00, 0x00, 0x00, 0x00, 0x00, 0x00, 0x00, 0x00, 0x00, 0x4F, 
0xFF, 0xFF, 0xFF, 0x81, 0x00, 0x00, 0x00, 0x00, 0x00, 0x00, 0x00, 0x00, 0x00, 0x00, 0x00, 0x00, 
0x00, 0x7C, 0xFF, 0xFF, 0xFF, 0x47, 0x00, 0x00, 0x00, 0x00, 0x00, 0x00, 0x00, 0x00, 0x00, 0x00, 
0x00, 0x00, 0x00, 0xA8, 0xFF, 0xFF, 0xFE, 0x0F, 0x00, 0x00, 0x00, 0x00, 0x00, 0x00, 0x00, 0x00, 
0x00, 0x00, 0x00, 0x00, 0x00, 0xD4, 0xFF, 0xFF, 0xD4, 0x00, 0x00, 0x00, 0x00, 0x00, 0x00, 0x00, 
0x00, 0x00, 0x00, 0x00, 0x00, 0x00, 0x05, 0xFA, 0xFF, 0xFF, 0x9A, 0x00, 0x00, 0x00, 0x00, 0x00, 
0x00, 0x00, 0x00, 0x00, 0x00, 0x00, 0x00, 0x00, 0x15, 0xEA, 0xFD, 0xE7, 0x41, 0x00, 0x00, 0x00, 
0x00, 0x00, 0x00, 0x00, 0x00, 0x00, 0x00, 0x00, 0x00, 0x00, 0x00, 0x00, 0x00, 0x00, 0x00, 0x00, 
0x00, 0x00, 0x00, 0x00, 0x00, 0x00, 0x00, 0x00, 0x00, 0x00, 0x00, 0x00, 0x00, 0x00, 0x00, 0x00, 
0x00, 0x00, 0x00, 0x00, 0x00, 0x00, 0x00, 0x00, 0x00, 0x00, 0x00, 0x00, 0x00, 0x00, 0x00, 0x15, 
0x0E, 0x00, 0x00, 0x00, 0x00, 0x00, 0x00, 0x00, 0x00, 0x00, 0x00, 0x00, 0x00, 0x00, 0x00, 0x28, 
0xD8, 0xFF, 0xFF, 0xBE, 0x00, 0x00, 0x00, 0x00, 0x00, 0x00, 0x00, 0x00, 0x00, 0x00, 0x00, 0x00, 
0x00, 0xB0, 0xFF, 0xFF, 0xFF, 0xFF, 0x08, 0x00, 0x00, 0x00, 0x00, 0x00, 0x00, 0x00, 0x00, 0x00, 
0x00, 0x00, 0x03, 0xF6, 0xFF, 0xFF, 0xFF, 0xE8, 0x00, 0x00, 0x00, 0x00, 0x00, 0x00, 0x00, 0x00, 
0x00, 0x00, 0x00, 0x00, 0x1C, 0xFF, 0xFF, 0xFF, 0xFF, 0xA3, 0x00, 0x00, 0x00, 0x00, 0x00, 0x00, 
0x00, 0x00, 0x00, 0x00, 0x00, 0x00, 0x08, 0xE5, 0xFF, 0xFF, 0xDF, 0x27, 0x00, 0x00, 0x00, 0x00, 
0x00, 0x00, 0x00, 0x00, 0x00, 0x00, 0x00, 0x00, 0x00, 0x0A, 0x32, 0x31, 0x06, 0x00, 0x00, 0x00, 
0x00, 0x00, 0x00, 0x00, 0x00, 0x00, 0x00, 0x00, 0x00, 0x00, 0x00, 0x00, 0x00, 0x00, 0x00, 0x00, 
0x00, 0x00, 0x00, 0x00, 0x00, 0x00, 0x00, 0x00, 0x00, 0x00, 0x00, 0x00, 0x00, 0x00, 0x00, 0x00, 
0x06, 0x0F, 0x02, 0x00, 0x00, 0x00, 0x00, 0x00, 0x00, 0x00, 0x00, 0x00, 0x00, 0x00, 0x00, 0x00, 
0x00, 0x00, 0x00, 0x00, 0x00, 0x00, 0x00, 0x00, 0x00, 0x00, 0x00, 0x00, 0x00, 0x00, 0x00, 0x29, 
0x66, 0x99, 0xCC, 0xE8, 0xF7, 0xFF, 0xFF, 0xFE, 0xF1, 0xDE, 0xAF, 0x76, 0x36, 0x00, 0x00, 0x00, 
0x00, 0x00, 0x00, 0x00, 0x00, 0x00, 0x00, 0x00, 0x00, 0x00, 0x00, 0x00, 0x00, 0x00, 0x00, 0x00, 
0x00, 0x15, 0x76, 0xD0, 0xFF, 0xFF, 0xFF, 0xFF, 0xFF, 0xFF, 0xFF, 0xFF, 0xFF, 0xFF, 0xFF, 0xFF, 
0xFF, 0xFF, 0xD1, 0x65, 0x03, 0x00, 0x00, 0x00, 0x00, 0x00, 0x00, 0x00, 0x00, 0x00, 0x00, 0x00, 
0x00, 0x00, 0x00, 0x00, 0x10, 0x84, 0xF3, 0xFF, 0xFF, 0xFF, 0xFF, 0xFF, 0xFF, 0xFF, 0xFF, 0xFE, 
0xFF, 0xFF, 0xFF, 0xFF, 0xFF, 0xFF, 0xFF, 0xFF, 0xFF, 0xC7, 0x24, 0x00, 0x00, 0x00, 0x00, 0x00, 
0x00, 0x00, 0x00, 0x00, 0x00, 0x00, 0x00, 0x00, 0x49, 0xE8, 0xFF, 0xFF, 0xFF, 0xFF, 0xF7, 0xB1, 
0x79, 0x42, 0x22, 0x12, 0x02, 0x01, 0x0D, 0x25, 0x4F, 0x8D, 0xE6, 0xFF, 0xFF, 0xFF, 0xFF, 0xEF, 
0x2A, 0x00, 0x00, 0x00, 0x00, 0x00, 0x00, 0x00, 0x00, 0x00, 0x00, 0x01, 0x8D, 0xFF, 0xFF, 0xFF, 
0xFF, 0xDA, 0x6A, 0x10, 0x00, 0x00, 0x00, 0x00, 0x00, 0x00, 0x00, 0x00, 0x00, 0x00, 0x00, 0x05, 
0x5E, 0xEB, 0xFF, 0xFF, 0xFF, 0xE2, 0x14, 0x00, 0x00, 0x00, 0x00, 0x00, 0x00, 0x00, 0x00, 0x03, 
0xA2, 0xFF, 0xFF, 0xFF, 0xF0, 0x6F, 0x05, 0x00, 0x00, 0x00, 0x00, 0x00, 0x00, 0x00, 0x00, 0x00, 
0x00, 0x00, 0x00, 0x00, 0x00, 0x00, 0x1B, 0xD1, 0xFF, 0xFF, 0xFF, 0x8E, 0x00, 0x00, 0x00, 0x00, 
0x00, 0x00, 0x00, 0x00, 0xA1, 0xFF, 0xFF, 0xFF, 0xCE, 0x23, 0x00, 0x00, 0x00, 0x00, 0x00, 0x00, 
0x00, 0x00, 0x00, 0x00, 0x00, 0x00, 0x00, 0x00, 0x00, 0x00, 0x00, 0x00, 0x1E, 0xEC, 0xFF, 0xFF, 
0xF7, 0x14, 0x00, 0x00, 0x00, 0x00, 0x00, 0x00, 0x77, 0xFF, 0xFF, 0xFF, 0xBE, 0x09, 0x00, 0x00, 
0x00, 0x00, 0x00, 0x00, 0x00, 0x00, 0x00, 0x00, 0x00, 0x00, 0x00, 0x00, 0x00, 0x00, 0x00, 0x00, 
0x00, 0x00, 0x7C, 0xFF, 0xFF, 0xFF, 0x5B, 0x00, 0x00, 0x00, 0x00, 0x00, 0x3C, 0xFD, 0xFF, 0xFF, 
0xC7, 0x0B, 0x00, 0x00, 0x00, 0x00, 0x00, 0x0C, 0x56, 0x87, 0x9C, 0x88, 0x45, 0x00, 0x00, 0x00, 
0x1E, 0x56, 0x49, 0x02, 0x00, 0x00, 0x00, 0x1B, 0xFF, 0xFF, 0xFF, 0x9F, 0x00, 0x00, 0x00, 0x00, 
0x09, 0xDA, 0xFF, 0xFF, 0xEB, 0x1C, 0x00, 0x00, 0x00, 0x00, 0x07, 0x7D, 0xF3, 0xFF, 0xFF, 0xFF, 
0xFF, 0xFF, 0xBC, 0x10, 0x03, 0xE5, 0xFF, 0xFE, 0x15, 0x00, 0x00, 0x00, 0x00, 0xE1, 0xFF, 0xFF, 
0xBF, 0x00, 0x00, 0x00, 0x00, 0x80, 0xFF, 0xFF, 0xFF, 0x4F, 0x00, 0x00, 0x00, 0x00, 0x1A, 0xCA, 
0xFF, 0xFF, 0xFF, 0xFF, 0xFF, 0xFF, 0xFF, 0xFF, 0xC8, 0x44, 0xFF, 0xFF, 0xC5, 0x00, 0x00, 0x00, 
0x00, 0x00, 0xC6, 0xFF, 0xFF, 0xD5, 0x00, 0x00, 0x00, 0x14, 0xF2, 0xFF, 0xFF, 0xB2, 0x00, 0x00, 
0x00, 0x00, 0x12, 0xD5, 0xFF, 0xFF, 0xFF, 0xE7, 0x8E, 0x72, 0xA1, 0xFD, 0xFF, 0xFF, 0xEC, 0xFF, 
0xFF, 0x73, 0x00, 0x00, 0x00, 0x00, 0x00, 0xBE, 0xFF, 0xFF, 0xDA, 0x00, 0x00, 0x00, 0x85, 0xFF, 
0xFF, 0xFD, 0x28, 0x00, 0x00, 0x00, 0x00, 0xB0, 0xFF, 0xFF, 0xFF, 0xA8, 0x0D, 0x00, 0x00, 0x00, 
0x48, 0xFB, 0xFF, 0xFF, 0xFF, 0xFF, 0x22, 0x00, 0x00, 0x00, 0x00, 0x00, 0xD0, 0xFF, 0xFF, 0xCC, 
0x00, 0x00, 0x06, 0xE9, 0xFF, 0xFF, 0xAB, 0x00, 0x00, 0x00, 0x00, 0x51, 0xFF, 0xFF, 0xFF, 0xB6, 
0x02, 0x00, 0x00, 0x00, 0x00, 0x00, 0x82, 0xFF, 0xFF, 0xFF, 0xD0, 0x00, 0x00, 0x00, 0x00, 0x00, 
0x00, 0xE2, 0xFF, 0xFF, 0xB2, 0x00, 0x00, 0x54, 0xFF, 0xFF, 0xFF, 0x41, 0x00, 0x00, 0x00, 0x00, 
0xCC, 0xFF, 0xFF, 0xEE, 0x1A, 0x00, 0x00, 0x00, 0x00, 0x00, 0x00, 0x17, 0xFF, 0xFF, 0xFF, 0x7E, 
0x00, 0x00, 0x00, 0x00, 0x00, 0x0C, 0xFD, 0xFF, 0xFF, 0x8D, 0x00, 0x00, 0xAA, 0xFF, 0xFF, 0xE1, 
0x01, 0x00, 0x00, 0x00, 0x48, 0xFF, 0xFF, 0xFF, 0x75, 0x00, 0x00, 0x00, 0x00, 0x00, 0x00, 0x00, 
0x54, 0xFF, 0xFF, 0xFF, 0x2D, 0x00, 0x00, 0x00, 0x00, 0x00, 0x3D, 0xFF, 0xFF, 0xFF, 0x60, 0x00, 
0x06, 0xF4, 0xFF, 0xFF, 0x98, 0x00, 0x00, 0x00, 0x00, 0xB1, 0xFF, 0xFF, 0xF5, 0x11, 0x00, 0x00, 
0x00, 0x00, 0x00, 0x00, 0x00, 0xA5, 0xFF, 0xFF, 0xDB, 0x00, 0x00, 0x00, 0x00, 0x00, 0x00, 0x70, 
0xFF, 0xFF, 0xFF, 0x24, 0x00, 0x41, 0xFF, 0xFF, 0xFF, 0x52, 0x00, 0x00, 0x00, 0x0A, 0xF8, 0xFF, 
0xFF, 0xA7, 0x00, 0x00, 0x00, 0x00, 0x00, 0x00, 0x00, 0x0A, 0xF2, 0xFF, 0xFF, 0x8A, 0x00, 0x00, 
0x00, 0x00, 0x00, 0x00, 0xBF, 0xFF, 0xFF, 0xE0, 0x00, 0x00, 0x82, 0xFF, 0xFF, 0xFC, 0x10, 0x00, 
0x00, 0x00, 0x42, 0xFF, 0xFF, 0xFF, 0x61, 0x00, 0x00, 0x00, 0x00, 0x00, 0x00, 0x00, 0x64, 0xFF, 
0xFF, 0xFF, 0x38, 0x00, 0x00, 0x00, 0x00, 0x00, 0x18, 0xFD, 0xFF, 0xFF, 0x8C, 0x00, 0x00, 0xB7, 
0xFF, 0xFF, 0xD0, 0x00, 0x00, 0x00, 0x00, 0x6C, 0xFF, 0xFF, 0xFF, 0x24, 0x00, 0x00, 0x00, 0x00, 
0x00, 0x00, 0x0B, 0xE4, 0xFF, 0xFF, 0xE7, 0x01, 0x00, 0x00, 0x00, 0x00, 0x00, 0x71, 0xFF, 0xFF, 
0xFF, 0x30, 0x00, 0x00, 0xE5, 0xFF, 0xFF, 0xA2, 0x00, 0x00, 0x00, 0x00, 0x85, 0xFF, 0xFF, 0xFF, 
0x05, 0x00, 0x00, 0x00, 0x00, 0x00, 0x00, 0x9F, 0xFF, 0xFF, 0xFF, 0xA5, 0x00, 0x00, 0x00, 0x00, 
0x00, 0x08, 0xE3, 0xFF, 0xFF, 0xC2, 0x00, 0x00, 0x0A, 0xFF, 0xFF, 0xFF, 0x7E, 0x00, 0x00, 0x00, 
0x00, 0x9A, 0xFF, 0xFF, 0xFF, 0x07, 0x00, 0x00, 0x00, 0x00, 0x00, 0x75, 0xFF, 0xFF, 0xFF, 0xFF, 
0x7B, 0x00, 0x00, 0x00, 0x00, 0x00, 0x84, 0xFF, 0xFF, 0xFF, 0x43, 0x00, 0x00, 0x24, 0xFF, 0xFF, 
0xFF, 0x64, 0x00, 0x00, 0x00, 0x00, 0x90, 0xFF, 0xFF, 0xFF, 0x2F, 0x00, 0x00, 0x00, 0x02, 0x84, 
0xFF, 0xFF, 0xFE, 0xFF, 0xFF, 0x7D, 0x00, 0x00, 0x00, 0x00, 0x50, 0xFD, 0xFF, 0xFF, 0xAE, 0x00, 
0x00, 0x00, 0x36, 0xFF, 0xFF, 0xFF, 0x55, 0x00, 0x00, 0x00, 0x00, 0x6D, 0xFF, 0xFF, 0xFF, 0xBD, 
0x20, 0x08, 0x48, 0xC8, 0xFF, 0xFF, 0xDD, 0x95, 0xFF, 0xFF, 0xD9, 0x1D, 0x00, 0x0F, 0x7F, 0xFC, 
0xFF, 0xFF, 0xE0, 0x12, 0x00, 0x00, 0x00, 0x3D, 0xFF, 0xFF, 0xFF, 0x56, 0x00, 0x00, 0x00, 0x00, 
0x25, 0xFD, 0xFF, 0xFF, 0xFF, 0xFF, 0xFF, 0xFF, 0xFF, 0xFF, 0xE4, 0x24, 0x56, 0xFF, 0xFF, 0xFF, 
0xFD, 0xEB, 0xFE, 0xFF, 0xFF, 0xFF, 0xE5, 0x2A, 0x00, 0x00, 0x00, 0x00, 0x2D, 0xFF, 0xFF, 0xFF, 
0x68, 0x00, 0x00, 0x00, 0x00, 0x00, 0x97, 0xFF, 0xFF, 0xFF, 0xFF, 0xFF, 0xFF, 0xFF, 0xAD, 0x13, 
0x00, 0x06, 0xD4, 0xFF, 0xFF, 0xFF, 0xFF, 0xFF, 0xFF, 0xFF, 0xC1, 0x20, 0x00, 0x00, 0x00, 0x00, 
0x00, 0x17, 0xFF, 0xFF, 0xFF, 0x81, 0x00, 0x00, 0x00, 0x00, 0x00, 0x02, 0x7A, 0xE4, 0xFF, 0xFF, 
0xF4, 0xB0, 0x47, 0x00, 0x00, 0x00, 0x00, 0x15, 0x9F, 0xF3, 0xFF, 0xFF, 0xF5, 0xB6, 0x56, 0x01, 
0x00, 0x00, 0x00, 0x00, 0x00, 0x00, 0x03, 0xFB, 0xFF, 0xFF, 0xB9, 0x00, 0x00, 0x00, 0x00, 0x00, 
0x00, 0x00, 0x00, 0x0D, 0x19, 0x02, 0x00, 0x00, 0x00, 0x00, 0x00, 0x00, 0x00, 0x00, 0x03, 0x18, 
0x11, 0x00, 0x00, 0x00, 0x00, 0x00, 0x00, 0x00, 0x00, 0x00, 0x00, 0x00, 0xC8, 0xFF, 0xFF, 0xFA, 
0x16, 0x00, 0x00, 0x00, 0x00, 0x00, 0x00, 0x00, 0x00, 0x00, 0x00, 0x00, 0x00, 0x00, 0x00, 0x00, 
0x00, 0x00, 0x00, 0x00, 0x00, 0x00, 0x00, 0x00, 0x00, 0x00, 0x00, 0x00, 0x00, 0x00, 0x00, 0x00, 
0x00, 0x78, 0xFF, 0xFF, 0xFF, 0x92, 0x00, 0x00, 0x00, 0x00, 0x00, 0x00, 0x00, 0x00, 0x00, 0x00, 
0x00, 0x00, 0x00, 0x00, 0x00, 0x00, 0x00, 0x00, 0x00, 0x00, 0x00, 0x00, 0x00, 0x00, 0x00, 0x00, 
0x00, 0x00, 0x00, 0x00, 0x00, 0x00, 0x17, 0xF5, 0xFF, 0xFF, 0xFE, 0x52, 0x00, 0x00, 0x00, 0x00, 
0x00, 0x00, 0x00, 0x00, 0x00, 0x00, 0x00, 0x00, 0x00, 0x00, 0x00, 0x00, 0x00, 0x00, 0x00, 0x00, 
0x00, 0x00, 0x00, 0x00, 0x00, 0x00, 0x00, 0x00, 0x00, 0x00, 0x00, 0x00, 0x7A, 0xFF, 0xFF, 0xFF, 
0xFB, 0x72, 0x03, 0x00, 0x00, 0x00, 0x00, 0x00, 0x00, 0x00, 0x00, 0x00, 0x00, 0x00, 0x00, 0x00, 
0x00, 0x00, 0x00, 0x00, 0x00, 0x00, 0x00, 0x00, 0x00, 0x00, 0x00, 0x00, 0x00, 0x00, 0x00, 0x00, 
0x00, 0x03, 0xB9, 0xFF, 0xFF, 0xFF, 0xFF, 0xD3, 0x64, 0x11, 0x00, 0x00, 0x00, 0x00, 0x00, 0x00, 
0x00, 0x00, 0x00, 0x00, 0x0C, 0x47, 0x8F, 0x44, 0x00, 0x00, 0x00, 0x00, 0x00, 0x00, 0x00, 0x00, 
0x00, 0x00, 0x00, 0x00, 0x00, 0x00, 0x00, 0x0B, 0xB7, 0xFF, 0xFF, 0xFF, 0xFF, 0xFF, 0xFD, 0xCD, 
0xA3, 0x81, 0x72, 0x68, 0x68, 0x71, 0x88, 0xA8, 0xD5, 0xFD, 0xFF, 0xFF, 0x70, 0x00, 0x00, 0x00, 
0x00, 0x00, 0x00, 0x00, 0x00, 0x00, 0x00, 0x00, 0x00, 0x00, 0x00, 0x00, 0x00, 0x03, 0x71, 0xF3, 
0xFF, 0xFF, 0xFF, 0xFF, 0xFF, 0xFF, 0xFF, 0xFF, 0xFF, 0xFF, 0xFF, 0xFF, 0xFF, 0xFF, 0xFF, 0xFF, 
0xFF, 0x30, 0x00, 0x00, 0x00, 0x00, 0x00, 0x00, 0x00, 0x00, 0x00, 0x00, 0x00, 0x00, 0x00, 0x00, 
0x00, 0x00, 0x00, 0x00, 0x10, 0x70, 0xCA, 0xFD, 0xFF, 0xFF, 0xFF, 0xFF, 0xFF, 0xFF, 0xFF, 0xFF, 
0xFF, 0xFF, 0xFF, 0xFF, 0xD6, 0x6F, 0x00, 0x00, 0x00, 0x00, 0x00, 0x00, 0x00, 0x00, 0x00, 0x00, 
0x00, 0x00, 0x00, 0x00, 0x00, 0x00, 0x00, 0x00, 0x00, 0x00, 0x00, 0x00, 0x12, 0x49, 0x6F, 0x92, 
0xA1, 0xAC, 0xB0, 0xA6, 0x9B, 0x8C, 0x70, 0x4B, 0x18, 0x00, 0x00, 0x00, 0x00, 0x00, 0x00, 0x00, 
0x00, 0x00, 0x00, 0x00, 0x00, 0x00, 0x00, 0x00, 0x00, 0x00, 0x00, 0x00, 0x00, 0x00, 0x00, 0x00, 
0x00, 0x00, 0x00, 0x00, 0x00, 0x00, 0x00, 0x00, 0x00, 0x2A, 0x6A, 0x76, 0x74, 0x53, 0x02, 0x00, 
0x00, 0x00, 0x00, 0x00, 0x00, 0x00, 0x00, 0x00, 0x00, 0x00, 0x00, 0x00, 0x00, 0x00, 0x00, 0x00, 
0x00, 0x00, 0x00, 0x26, 0xF6, 0xFF, 0xFF, 0xFF, 0xFF, 0x4B, 0x00, 0x00, 0x00, 0x00, 0x00, 0x00, 
0x00, 0x00, 0x00, 0x00, 0x00, 0x00, 0x00, 0x00, 0x00, 0x00, 0x00, 0x00, 0x00, 0x00, 0xB2, 0xFF, 
0xFF, 0xFF, 0xFF, 0xFF, 0x79, 0x00, 0x00, 0x00, 0x00, 0x00, 0x00, 0x00, 0x00, 0x00, 0x00, 0x00, 
0x00, 0x00, 0x00, 0x00, 0x00, 0x00, 0x00, 0x00, 0x41, 0xFF, 0xFF, 0xFF, 0xFF, 0xFF, 0xFF, 0xA2, 
0x00, 0x00, 0x00, 0x00, 0x00, 0x00, 0x00, 0x00, 0x00, 0x00, 0x00, 0x00, 0x00, 0x00, 0x00, 0x00, 
0x00, 0x00, 0x02, 0xCF, 0xFF, 0xFF, 0xF5, 0xFF, 0xFF, 0xFF, 0xCC, 0x00, 0x00, 0x00, 0x00, 0x00, 
0x00, 0x00, 0x00, 0x00, 0x00, 0x00, 0x00, 0x00, 0x00, 0x00, 0x00, 0x00, 0x00, 0x61, 0xFF, 0xFF, 
0xFF, 0x7C, 0xED, 0xFF, 0xFF, 0xF4, 0x01, 0x00, 0x00, 0x00, 0x00, 0x00, 0x00, 0x00, 0x00, 0x00, 
0x00, 0x00, 0x00, 0x00, 0x00, 0x00, 0x00, 0x0B, 0xE5, 0xFF, 0xFF, 0xE6, 0x0B, 0xC7, 0xFF, 0xFF, 
0xFF, 0x1E, 0x00, 0x00, 0x00, 0x00, 0x00, 0x00, 0x00, 0x00, 0x00, 0x00, 0x00, 0x00, 0x00, 0x00, 
0x00, 0x00, 0x80, 0xFF, 0xFF, 0xFF, 0x66, 0x00, 0xA1, 0xFF, 0xFF, 0xFF, 0x48, 0x00, 0x00, 0x00, 
0x00, 0x00, 0x00, 0x00, 0x00, 0x00, 0x00, 0x00, 0x00, 0x00, 0x00, 0x00, 0x1A, 0xF5, 0xFF, 0xFF, 
0xD8, 0x04, 0x00, 0x7B, 0xFF, 0xFF, 0xFF, 0x71, 0x00, 0x00, 0x00, 0x00, 0x00, 0x00, 0x00, 0x00, 
0x00, 0x00, 0x00, 0x00, 0x00, 0x00, 0x00, 0xA0, 0xFF, 0xFF, 0xFF, 0x50, 0x00, 0x00, 0x54, 0xFF, 
0xFF, 0xFF, 0x9A, 0x00, 0x00, 0x00, 0x00, 0x00, 0x00, 0x00, 0x00, 0x00, 0x00, 0x00, 0x00, 0x00, 
0x00, 0x31, 0xFD, 0xFF, 0xFF, 0xC5, 0x00, 0x00, 0x00, 0x2E, 0xFF, 0xFF, 0xFF, 0xC4, 0x00, 0x00, 
0x00, 0x00, 0x00, 0x00, 0x00, 0x00, 0x00, 0x00, 0x00, 0x00, 0x00, 0x00, 0xBE, 0xFF, 0xFF, 0xFF, 
0x3B, 0x00, 0x00, 0x00, 0x09, 0xFE, 0xFF, 0xFF, 0xED, 0x00, 0x00, 0x00, 0x00, 0x00, 0x00, 0x00, 
0x00, 0x00, 0x00, 0x00, 0x00, 0x00, 0x4F, 0xFF, 0xFF, 0xFF, 0xAF, 0x00, 0x00, 0x00, 0x00, 0x00, 
0xE1, 0xFF, 0xFF, 0xFF, 0x16, 0x00, 0x00, 0x00, 0x00, 0x00, 0x00, 0x00, 0x00, 0x00, 0x00, 0x00, 
0x05, 0xD9, 0xFF, 0xFF, 0xFC, 0x28, 0x00, 0x00, 0x00, 0x00, 0x00, 0xBB, 0xFF, 0xFF, 0xFF, 0x3F, 
0x00, 0x00, 0x00, 0x00, 0x00, 0x00, 0x00, 0x00, 0x00, 0x00, 0x00, 0x6E, 0xFF, 0xFF, 0xFF, 0x99, 
0x00, 0x00, 0x00, 0x00, 0x00, 0x00, 0x94, 0xFF, 0xFF, 0xFF, 0x69, 0x00, 0x00, 0x00, 0x00, 0x00, 
0x00, 0x00, 0x00, 0x00, 0x00, 0x10, 0xEC, 0xFF, 0xFF, 0xF5, 0x19, 0x00, 0x00, 0x00, 0x00, 0x00, 
0x00, 0x6E, 0xFF, 0xFF, 0xFF, 0x92, 0x00, 0x00, 0x00, 0x00, 0x00, 0x00, 0x00, 0x00, 0x00, 0x00, 
0x8E, 0xFF, 0xFF, 0xFF, 0x83, 0x00, 0x00, 0x00, 0x00, 0x00, 0x00, 0x00, 0x47, 0xFF, 0xFF, 0xFF, 
0xBB, 0x00, 0x00, 0x00, 0x00, 0x00, 0x00, 0x00, 0x00, 0x00, 0x23, 0xF9, 0xFF, 0xFF, 0xEA, 0x0E, 
0x00, 0x00, 0x00, 0x00, 0x00, 0x00, 0x00, 0x21, 0xFF, 0xFF, 0xFF, 0xE5, 0x00, 0x00, 0x00, 0x00, 
0x00, 0x00, 0x00, 0x00, 0x00, 0xAD, 0xFF, 0xFF, 0xFF, 0x6D, 0x00, 0x00, 0x00, 0x00, 0x00, 0x00, 
0x00, 0x00, 0x02, 0xF8, 0xFF, 0xFF, 0xFF, 0x0F, 0x00, 0x00, 0x00, 0x00, 0x00, 0x00, 0x00, 0x3D, 
0xFF, 0xFF, 0xFF, 0xED, 0x35, 0x30, 0x30, 0x30, 0x30, 0x30, 0x30, 0x30, 0x30, 0x30, 0xDF, 0xFF, 
0xFF, 0xFF, 0x37, 0x00, 0x00, 0x00, 0x00, 0x00, 0x00, 0x01, 0xCA, 0xFF, 0xFF, 0xFF, 0xFF, 0xFF, 
0xFF, 0xFF, 0xFF, 0xFF, 0xFF, 0xFF, 0xFF, 0xFF, 0xFF, 0xFF, 0xFF, 0xFF, 0xFF, 0x61, 0x00, 0x00, 
0x00, 0x00, 0x00, 0x00, 0x5C, 0xFF, 0xFF, 0xFF, 0xFF, 0xFF, 0xFF, 0xFF, 0xFF, 0xFF, 0xFF, 0xFF, 
0xFF, 0xFF, 0xFF, 0xFF, 0xFF, 0xFF, 0xFF, 0xFF, 0x8A, 0x00, 0x00, 0x00, 0x00, 0x00, 0x09, 0xE2, 
0xFF, 0xFF, 0xFF, 0xFF, 0xFF, 0xFF, 0xFF, 0xFF, 0xFF, 0xFF, 0xFF, 0xFF, 0xFF, 0xFF, 0xFF, 0xFF, 
0xFF, 0xFF, 0xFF, 0xB3, 0x00, 0x00, 0x00, 0x00, 0x00, 0x7B, 0xFF, 0xFF, 0xFF, 0xC6, 0x08, 0x08, 
0x08, 0x08, 0x08, 0x08, 0x08, 0x08, 0x08, 0x08, 0x08, 0x08, 0x47, 0xFF, 0xFF, 0xFF, 0xDD, 0x00, 
0x00, 0x00, 0x00, 0x17, 0xF3, 0xFF, 0xFF, 0xFF, 0x3C, 0x00, 0x00, 0x00, 0x00, 0x00, 0x00, 0x00, 
0x00, 0x00, 0x00, 0x00, 0x00, 0x1B, 0xFF, 0xFF, 0xFF, 0xFD, 0x08, 0x00, 0x00, 0x00, 0x9B, 0xFF, 
0xFF, 0xFF, 0xB2, 0x00, 0x00, 0x00, 0x00, 0x00, 0x00, 0x00, 0x00, 0x00, 0x00, 0x00, 0x00, 0x00, 
0x00, 0xF3, 0xFF, 0xFF, 0xFF, 0x2F, 0x00, 0x00, 0x2D, 0xFC, 0xFF, 0xFF, 0xFC, 0x2B, 0x00, 0x00, 
0x00, 0x00, 0x00, 0x00, 0x00, 0x00, 0x00, 0x00, 0x00, 0x00, 0x00, 0x00, 0xCD, 0xFF, 0xFF, 0xFF, 
0x59, 0x00, 0x00, 0xBA, 0xFF, 0xFF, 0xFF, 0x9D, 0x00, 0x00, 0x00, 0x00, 0x00, 0x00, 0x00, 0x00, 
0x00, 0x00, 0x00, 0x00, 0x00, 0x00, 0x00, 0xA6, 0xFF, 0xFF, 0xFF, 0x82, 0x00, 0x4A, 0xFF, 0xFF, 
0xFF, 0xF6, 0x1C, 0x00, 0x00, 0x00, 0x00, 0x00, 0x00, 0x00, 0x00, 0x00, 0x00, 0x00, 0x00, 0x00, 
0x00, 0x00, 0x7E, 0xFF, 0xFF, 0xFF, 0xAB, 0x00, 0xD4, 0xFF, 0xFF, 0xFF, 0x88, 0x00, 0x00, 0x00, 
0x00, 0x00, 0x00, 0x00, 0x00, 0x00, 0x00, 0x00, 0x00, 0x00, 0x00, 0x00, 0x00, 0x57, 0xFF, 0xFF, 
0xFF, 0xD2, 0x20, 0xFD, 0xFF, 0xFF, 0xDB, 0x10, 0x00, 0x00, 0x00, 0x00, 0x00, 0x00, 0x00, 0x00, 
0x00, 0x00, 0x00, 0x00, 0x00, 0x00, 0x00, 0x00, 0x26, 0xFB, 0xFF, 0xFF, 0xC3, 0x00, 0x11, 0x23, 
0x1B, 0x01, 0x00, 0x00, 0x00, 0x00, 0x00, 0x00, 0x00, 0x00, 0x00, 0x00, 0x00, 0x00, 0x00, 0x00, 
0x00, 0x00, 0x00, 0x00, 0x0E, 0x21, 0x1E, 0x02, 0x00, 0x00, 0x00, 0x00, 0x00, 0x00, 0x15, 0x4E, 
0x54, 0x54, 0x54, 0x54, 0x54, 0x54, 0x4E, 0x42, 0x2C, 0x06, 0x00, 0x00, 0x00, 0x00, 0x00, 0x00, 
0x00, 0x00, 0x00, 0x00, 0x20, 0xEF, 0xFF, 0xFF, 0xFF, 0xFF, 0xFF, 0xFF, 0xFF, 0xFF, 0xFF, 0xFF, 
0xFB, 0xC0, 0x62, 0x03, 0x00, 0x00, 0x00, 0x00, 0x00, 0x00, 0x00, 0x74, 0xFF, 0xFF, 0xFF, 0xFF, 
0xFF, 0xFF, 0xFF, 0xFF, 0xFF, 0xFF, 0xFF, 0xFF, 0xFF, 0xFF, 0xCC, 0x17, 0x00, 0x00, 0x00, 0x00, 
0x00, 0x00, 0xA9, 0xFF, 0xFF, 0xFF, 0xF6, 0xF4, 0xF4, 0xF4, 0xF5, 0xFE, 0xFF, 0xFF, 0xFF, 0xFF, 
0xFF, 0xFF, 0xC5, 0x01, 0x00, 0x00, 0x00, 0x00, 0x00, 0xDC, 0xFF, 0xFF, 0xFF, 0x1F, 0x00, 0x00, 
0x00, 0x00, 0x02, 0x27, 0x78, 0xF1, 0xFF, 0xFF, 0xFF, 0xFF, 0x45, 0x00, 0x00, 0x00, 0x00, 0x10, 
0xFE, 0xFF, 0xFF, 0xEC, 0x00, 0x00, 0x00, 0x00, 0x00, 0x00, 0x00, 0x00, 0x35, 0xFC, 0xFF, 0xFF, 
0xFF, 0x87, 0x00, 0x00, 0x00, 0x00, 0x42, 0xFF, 0xFF, 0xFF, 0xB9, 0x00, 0x00, 0x00, 0x00, 0x00, 
0x00, 0x00, 0x00, 0x00, 0xC3, 0xFF, 0xFF, 0xFF, 0x9D, 0x00, 0x00, 0x00, 0x00, 0x75, 0xFF, 0xFF, 
0xFF, 0x86, 0x00, 0x00, 0x00, 0x00, 0x00, 0x00, 0x00, 0x00, 0x00, 0xAE, 0xFF, 0xFF, 0xFF, 0x93, 
0x00, 0x00, 0x00, 0x00, 0xA8, 0xFF, 0xFF, 0xFF, 0x53, 0x00, 0x00, 0x00, 0x00, 0x00, 0x00, 0x00, 
0x00, 0x00, 0xC9, 0xFF, 0xFF, 0xFF, 0x6C, 0x00, 0x00, 0x00, 0x00, 0xDB, 0xFF, 0xFF, 0xFF, 0x20, 
0x00, 0x00, 0x00, 0x00, 0x00, 0x00, 0x00, 0x00, 0x0E, 0xF9, 0xFF, 0xFF, 0xFF, 0x29, 0x00, 0x00, 
0x00, 0x0F, 0xFE, 0xFF, 0xFF, 0xED, 0x00, 0x00, 0x00, 0x00, 0x00, 0x00, 0x00, 0x00, 0x00, 0x73, 
0xFF, 0xFF, 0xFF, 0xC2, 0x00, 0x00, 0x00, 0x00, 0x41, 0xFF, 0xFF, 0xFF, 0xBA, 0x00, 0x00, 0x00, 
0x00, 0x00, 0x00, 0x00, 0x00, 0x25, 0xF2, 0xFF, 0xFF, 0xFC, 0x37, 0x00, 0x00, 0x00, 0x00, 0x74, 
0xFF, 0xFF, 0xFF, 0x87, 0x00, 0x00, 0x00, 0x00, 0x00, 0x00, 0x00, 0x3C, 0xE5, 0xFF, 0xFF, 0xFF, 
0x75, 0x00, 0x00, 0x00, 0x00, 0x00, 0xA7, 0xFF, 0xFF, 0xFF, 0x81, 0x3C, 0x3C, 0x3C, 0x3C, 0x4A, 
0x68, 0xB6, 0xFE, 0xFF, 0xFF, 0xFA, 0x70, 0x00, 0x00, 0x00, 0x00, 0x00, 0x00, 0xDA, 0xFF, 0xFF, 
0xFF, 0xFF, 0xFF, 0xFF, 0xFF, 0xFF, 0xFF, 0xFF, 0xFF, 0xFF, 0xFF, 0xBA, 0x2E, 0x00, 0x00, 0x00, 
0x00, 0x00, 0x00, 0x0E, 0xFE, 0xFF, 0xFF, 0xFF, 0xFF, 0xFF, 0xFF, 0xFF, 0xFF, 0xFF, 0xFF, 0xFF, 
0xFF, 0xFF, 0xF7, 0xA1, 0x1A, 0x00, 0x00, 0x00, 0x00, 0x00, 0x40, 0xFF, 0xFF, 0xFF, 0xFE, 0xFC, 
0xFC, 0xFC, 0xFC, 0xFC, 0xFF, 0xFF, 0xFF, 0xFF, 0xFF, 0xFF, 0xFF, 0xEA, 0x2B, 0x00, 0x00, 0x00, 
0x00, 0x73, 0xFF, 0xFF, 0xFF, 0x81, 0x00, 0x00, 0x00, 0x00, 0x00, 0x05, 0x1D, 0x54, 0xBB, 0xFF, 
0xFF, 0xFF, 0xFF, 0xD6, 0x03, 0x00, 0x00, 0x00, 0xA6, 0xFF, 0xFF, 0xFF, 0x4F, 0x00, 0x00, 0x00, 
0x00, 0x00, 0x00, 0x00, 0x00, 0x00, 0x83, 0xFF, 0xFF, 0xFF, 0xFF, 0x50, 0x00, 0x00, 0x00, 0xD9, 
0xFF, 0xFF, 0xFF, 0x1C, 0x00, 0x00, 0x00, 0x00, 0x00, 0x00, 0x00, 0x00, 0x00, 0x02, 0xDC, 0xFF, 
0xFF, 0xFF, 0x93, 0x00, 0x00, 0x0D, 0xFE, 0xFF, 0xFF, 0xEA, 0x00, 0x00, 0x00, 0x00, 0x00, 0x00, 
0x00, 0x00, 0x00, 0x00, 0x00, 0x9E, 0xFF, 0xFF, 0xFF, 0xAD, 0x00, 0x00, 0x3F, 0xFF, 0xFF, 0xFF, 
0xB7, 0x00, 0x00, 0x00, 0x00, 0x00, 0x00, 0x00, 0x00, 0x00, 0x00, 0x00, 0x9A, 0xFF, 0xFF, 0xFF, 
0xA7, 0x00, 0x00, 0x72, 0xFF, 0xFF, 0xFF, 0x85, 0x00, 0x00, 0x00, 0x00, 0x00, 0x00, 0x00, 0x00, 
0x00, 0x00, 0x00, 0xBC, 0xFF, 0xFF, 0xFF, 0x87, 0x00, 0x00, 0xA5, 0xFF, 0xFF, 0xFF, 0x52, 0x00, 
0x00, 0x00, 0x00, 0x00, 0x00, 0x00, 0x00, 0x00, 0x00, 0x0F, 0xF7, 0xFF, 0xFF, 0xFF, 0x4B, 0x00, 
0x00, 0xD8, 0xFF, 0xFF, 0xFF, 0x1F, 0x00, 0x00, 0x00, 0x00, 0x00, 0x00, 0x00, 0x00, 0x00, 0x00, 
0x84, 0xFF, 0xFF, 0xFF, 0xEA, 0x06, 0x00, 0x0D, 0xFE, 0xFF, 0xFF, 0xED, 0x00, 0x00, 0x00, 0x00, 
0x00, 0x00, 0x00, 0x00, 0x00, 0x00, 0x4A, 0xFC, 0xFF, 0xFF, 0xFF, 0x73, 0x00, 0x00, 0x3E, 0xFF, 
0xFF, 0xFF, 0xBA, 0x00, 0x00, 0x00, 0x00, 0x00, 0x00, 0x00, 0x00, 0x09, 0x7B, 0xFB, 0xFF, 0xFF, 
0xFF, 0xC7, 0x03, 0x00, 0x00, 0x71, 0xFF, 0xFF, 0xFF, 0xB5, 0x54, 0x54, 0x54, 0x54, 0x54, 0x5A, 
0x6E, 0xA0, 0xEA, 0xFF, 0xFF, 0xFF, 0xFF, 0xDB, 0x17, 0x00, 0x00, 0x00, 0xA4, 0xFF, 0xFF, 0xFF, 
0xFF, 0xFF, 0xFF, 0xFF, 0xFF, 0xFF, 0xFF, 0xFF, 0xFF, 0xFF, 0xFF, 0xFF, 0xFF, 0xC0, 0x15, 0x00, 
0x00, 0x00, 0x00, 0xD1, 0xFF, 0xFF, 0xFF, 0xFF, 0xFF, 0xFF, 0xFF, 0xFF, 0xFF, 0xFF, 0xFF, 0xFF, 
0xFF, 0xFF, 0xDE, 0x64, 0x01, 0x00, 0x00, 0x00, 0x00, 0x00, 0x97, 0xFB, 0xFF, 0xFF, 0xFF, 0xFF, 
0xFF, 0xFF, 0xFF, 0xFE, 0xF5, 0xE6, 0xC2, 0x91, 0x45, 0x03, 0x00, 0x00, 0x00, 0x00, 0x00, 0x00, 
0x00, 0x00, 0x00, 0x00, 0x00, 0x00, 0x00, 0x00, 0x00, 0x00, 0x00, 0x00, 0x00, 0x03, 0x37, 0x76, 
0x91, 0xA6, 0xAD, 0x9D, 0x76, 0x3E, 0x03, 0x00, 0x00, 0x00, 0x00, 0x00, 0x00, 0x00, 0x00, 0x00, 
0x00, 0x00, 0x00, 0x00, 0x1D, 0x8E, 0xEF, 0xFF, 0xFF, 0xFF, 0xFF, 0xFF, 0xFF, 0xFF, 0xFF, 0xEA, 
0x80, 0x0D, 0x00, 0x00, 0x00, 0x00, 0x00, 0x00, 0x00, 0x00, 0x00, 0x05, 0x85, 0xFA, 0xFF, 0xFF, 
0xFF, 0xFF, 0xFF, 0xFF, 0xFF, 0xFF, 0xFF, 0xFF, 0xFF, 0xFF, 0xE4, 0x32, 0x00, 0x00, 0x00, 0x00, 
0x00, 0x00, 0x00, 0x1F, 0xCF, 0xFF, 0xFF, 0xFF, 0xFF, 0xFF, 0xFF, 0xF0, 0xD8, 0xDC, 0xF2, 0xFF, 
0xFF, 0xFF, 0xFF, 0xFF, 0xC5, 0x00, 0x00, 0x00, 0x00, 0x00, 0x00, 0x27, 0xE3, 0xFF, 0xFF, 0xFF, 
0xFF, 0xE6, 0x75, 0x21, 0x00, 0x00, 0x00, 0x02, 0x30, 0x8E, 0xF5, 0xFF, 0xFF, 0xBD, 0x00, 0x00, 
0x00, 0x00, 0x00, 0x1A, 0xE6, 0xFF, 0xFF, 0xFF, 0xFF, 0x91, 0x0B, 0x00, 0x00, 0x00, 0x00, 0x00, 
0x00, 0x00, 0x00, 0x1E, 0xC3, 0xFF, 0x81, 0x00, 0x00, 0x00, 0x00, 0x06, 0xC7, 0xFF, 0xFF, 0xFF, 
0xFE, 0x64, 0x00, 0x00, 0x00, 0x00, 0x00, 0x00, 0x00, 0x00, 0x00, 0x00, 0x00, 0x07, 0x70, 0x10, 
0x00, 0x00, 0x00, 0x00, 0x82, 0xFF, 0xFF, 0xFF, 0xFF, 0x6F, 0x00, 0x00, 0x00, 0x00, 0x00, 0x00, 
0x00, 0x00, 0x00, 0x00, 0x00, 0x00, 0x00, 0x00, 0x00, 0x00, 0x00, 0x00, 0x26, 0xF8, 0xFF, 0xFF, 
0xFF, 0xA9, 0x00, 0x00, 0x00, 0x00, 0x00, 0x00, 0x00, 0x00, 0x00, 0x00, 0x00, 0x00, 0x00, 0x00, 
0x00, 0x00, 0x00, 0x00, 0x00, 0xAB, 0xFF, 0xFF, 0xFF, 0xEC, 0x12, 0x00, 0x00, 0x00, 0x00, 0x00, 
0x00, 0x00, 0x00, 0x00, 0x00, 0x00, 0x00, 0x00, 0x00, 0x00, 0x00, 0x00, 0x00, 0x26, 0xFD, 0xFF, 
0xFF, 0xFF, 0x71, 0x00, 0x00, 0x00, 0x00, 0x00, 0x00, 0x00, 0x00, 0x00, 0x00, 0x00, 0x00, 0x00, 
0x00, 0x00, 0x00, 0x00, 0x00, 0x00, 0x93, 0xFF, 0xFF, 0xFF, 0xEB, 0x08, 0x00, 0x00, 0x00, 0x00, 
0x00, 0x00, 0x00, 0x00, 0x00, 0x00, 0x00, 0x00, 0x00, 0x00, 0x00, 0x00, 0x00, 0x00, 0x04, 0xE9, 
0xFF, 0xFF, 0xFF, 0x88, 0x00, 0x00, 0x00, 0x00, 0x00, 0x00, 0x00, 0x00, 0x00, 0x00, 0x00, 0x00, 
0x00, 0x00, 0x00, 0x00, 0x00, 0x00, 0x00, 0x43, 0xFF, 0xFF, 0xFF, 0xFF, 0x2D, 0x00, 0x00, 0x00, 
0x00, 0x00, 0x00, 0x00, 0x00, 0x00, 0x00, 0x00, 0x00, 0x00, 0x00, 0x00, 0x00, 0x00, 0x00, 0x00, 
0x86, 0xFF, 0xFF, 0xFF, 0xDE, 0x00, 0x00, 0x00, 0x00, 0x00, 0x00, 0x00, 0x00, 0x00, 0x00, 0x00, 
0x00, 0x00, 0x00, 0x00, 0x00, 0x00, 0x00, 0x00, 0x00, 0xC4, 0xFF, 0xFF, 0xFF, 0x9F, 0x00, 0x00, 
0x00, 0x00, 0x00, 0x00, 0x00, 0x00, 0x00, 0x00, 0x00, 0x00, 0x00, 0x00, 0x00, 0x00, 0x00, 0x00, 
0x00, 0x00, 0xF1, 0xFF, 0xFF, 0xFF, 0x69, 0x00, 0x00, 0x00, 0x00, 0x00, 0x00, 0x00, 0x00, 0x00, 
0x00, 0x00, 0x00, 0x00, 0x00, 0x00, 0x00, 0x00, 0x00, 0x00, 0x19, 0xFF, 0xFF, 0xFF, 0xFF, 0x43, 
0x00, 0x00, 0x00, 0x00, 0x00, 0x00, 0x00, 0x00, 0x00, 0x00, 0x00, 0x00, 0x00, 0x00, 0x00, 0x00, 
0x00, 0x00, 0x00, 0x34, 0xFF, 0xFF, 0xFF, 0xFF, 0x26, 0x00, 0x00, 0x00, 0x00, 0x00, 0x00, 0x00, 
0x00, 0x00, 0x00, 0x00, 0x00, 0x00, 0x00, 0x00, 0x00, 0x00, 0x00, 0x00, 0x41, 0xFF, 0xFF, 0xFF, 
0xFF, 0x19, 0x00, 0x00, 0x00, 0x00, 0x00, 0x00, 0x00, 0x00, 0x00, 0x00, 0x00, 0x00, 0x00, 0x00, 
0x00, 0x00, 0x00, 0x00, 0x00, 0x47, 0xFF, 0xFF, 0xFF, 0xFF, 0x1C, 0x00, 0x00, 0x00, 0x00, 0x00, 
0x00, 0x00, 0x00, 0x00, 0x00, 0x00, 0x00, 0x00, 0x00, 0x00, 0x00, 0x00, 0x00, 0x00, 0x36, 0xFF, 
0xFF, 0xFF, 0xFF, 0x2F, 0x00, 0x00, 0x00, 0x00, 0x00, 0x00, 0x00, 0x00, 0x00, 0x00, 0x00, 0x00, 
0x00, 0x00, 0x00, 0x00, 0x00, 0x00, 0x00, 0x23, 0xFF, 0xFF, 0xFF, 0xFF, 0x5D, 0x00, 0x00, 0x00, 
0x00, 0x00, 0x00, 0x00, 0x00, 0x00, 0x00, 0x00, 0x00, 0x00, 0x00, 0x00, 0x00, 0x00, 0x00, 0x00, 
0x03, 0xF1, 0xFF, 0xFF, 0xFF, 0xA4, 0x00, 0x00, 0x00, 0x00, 0x00, 0x00, 0x00, 0x00, 0x00, 0x00, 
0x00, 0x00, 0x00, 0x00, 0x00, 0x00, 0x00, 0x00, 0x00, 0x00, 0xB5, 0xFF, 0xFF, 0xFF, 0xF8, 0x19, 
0x00, 0x00, 0x00, 0x00, 0x00, 0x00, 0x00, 0x00, 0x00, 0x00, 0x00, 0x00, 0x00, 0x00, 0x00, 0x00, 
0x00, 0x00, 0x00, 0x5D, 0xFF, 0xFF, 0xFF, 0xFF, 0xB5, 0x02, 0x00, 0x00, 0x00, 0x00, 0x00, 0x00, 
0x00, 0x00, 0x00, 0x00, 0x23, 0xA8, 0x5E, 0x00, 0x00, 0x00, 0x00, 0x00, 0x05, 0xE1, 0xFF, 0xFF, 
0xFF, 0xFF, 0xAE, 0x12, 0x00, 0x00, 0x00, 0x00, 0x00, 0x00, 0x00, 0x1B, 0x8E, 0xF8, 0xFF, 0x78, 
0x00, 0x00, 0x00, 0x00, 0x00, 0x00, 0x4A, 0xFE, 0xFF, 0xFF, 0xFF, 0xFF, 0xF0, 0x95, 0x55, 0x3A, 
0x37, 0x48, 0x73, 0xB6, 0xFB, 0xFF, 0xFF, 0xFF, 0x44, 0x00, 0x00, 0x00, 0x00, 0x00, 0x00, 0x00, 
0x79, 0xFF, 0xFF, 0xFF, 0xFF, 0xFF, 0xFF, 0xFF, 0xFF, 0xFF, 0xFF, 0xFF, 0xFF, 0xFF, 0xFF, 0xFF, 
0xD0, 0x04, 0x00, 0x00, 0x00, 0x00, 0x00, 0x00, 0x00, 0x00, 0x5A, 0xF1, 0xFF, 0xFF, 0xFF, 0xFF, 
0xFF, 0xFF, 0xFF, 0xFF, 0xFF, 0xFF, 0xFF, 0xF7, 0x8D, 0x0D, 0x00, 0x00, 0x00, 0x00, 0x00, 0x00, 
0x00, 0x00, 0x00, 0x00, 0x11, 0x81, 0xD8, 0xFF, 0xFF, 0xFF, 0xFF, 0xFF, 0xFF, 0xF6, 0xBC, 0x6C, 
0x13, 0x00, 0x00, 0x00, 0x00, 0x00, 0x00, 0x00, 0x00, 0x00, 0x00, 0x00, 0x00, 0x00, 0x00, 0x00, 
0x1B, 0x40, 0x54, 0x5B, 0x4D, 0x2C, 0x05, 0x00, 0x00, 0x00, 0x00, 0x00, 0x00, 0x00, 0x00, 0x00, 
0x00, 0x00, 0x00, 0x00, 0x00, 0x00, 0x00, 0x17, 0x4E, 0x54, 0x54, 0x54, 0x54, 0x54, 0x53, 0x4F, 
0x47, 0x33, 0x15, 0x00, 0x00, 0x00, 0x00, 0x00, 0x00, 0x00, 0x00, 0x00, 0x00, 0x00, 0x00, 0x00, 
0x00, 0x21, 0xF2, 0xFF, 0xFF, 0xFF, 0xFF, 0xFF, 0xFF, 0xFF, 0xFF, 0xFF, 0xFF, 0xFF, 0xE7, 0xA6, 
0x43, 0x00, 0x00, 0x00, 0x00, 0x00, 0x00, 0x00, 0x00, 0x00, 0x00, 0x00, 0x74, 0xFF, 0xFF, 0xFF, 
0xFF, 0xFF, 0xFF, 0xFF, 0xFF, 0xFF, 0xFF, 0xFF, 0xFF, 0xFF, 0xFF, 0xFF, 0xD4, 0x3A, 0x00, 0x00, 
0x00, 0x00, 0x00, 0x00, 0x00, 0x00, 0x00, 0xA9, 0xFF, 0xFF, 0xFF, 0xFF, 0xFF, 0xFF, 0xFF, 0xFF, 
0xFF, 0xFF, 0xFF, 0xFF, 0xFF, 0xFF, 0xFF, 0xFF, 0xFC, 0x74, 0x00, 0x00, 0x00, 0x00, 0x00, 0x00, 
0x00, 0x00, 0xDC, 0xFF, 0xFF, 0xFF, 0x29, 0x04, 0x04, 0x04, 0x05, 0x0D, 0x22, 0x4A, 0x90, 0xF0, 
0xFF, 0xFF, 0xFF, 0xFF, 0xFF, 0x60, 0x00, 0x00, 0x00, 0x00, 0x00, 0x00, 0x10, 0xFE, 0xFF, 0xFF, 
0xF2, 0x01, 0x00, 0x00, 0x00, 0x00, 0x00, 0x00, 0x00, 0x00, 0x0F, 0x96, 0xFF, 0xFF, 0xFF, 0xFF, 
0xF9, 0x1F, 0x00, 0x00, 0x00, 0x00, 0x00, 0x42, 0xFF, 0xFF, 0xFF, 0xC0, 0x00, 0x00, 0x00, 0x00, 
0x00, 0x00, 0x00, 0x00, 0x00, 0x00, 0x00, 0x79, 0xFF, 0xFF, 0xFF, 0xFF, 0x9C, 0x00, 0x00, 0x00, 
0x00, 0x00, 0x75, 0xFF, 0xFF, 0xFF, 0x8D, 0x00, 0x00, 0x00, 0x00, 0x00, 0x00, 0x00, 0x00, 0x00, 
0x00, 0x00, 0x00, 0xB9, 0xFF, 0xFF, 0xFF, 0xF6, 0x07, 0x00, 0x00, 0x00, 0x00, 0xA8, 0xFF, 0xFF, 
0xFF, 0x5A, 0x00, 0x00, 0x00, 0x00, 0x00, 0x00, 0x00, 0x00, 0x00, 0x00, 0x00, 0x00, 0x3F, 0xFF, 
0xFF, 0xFF, 0xFF, 0x42, 0x00, 0x00, 0x00, 0x00, 0xDB, 0xFF, 0xFF, 0xFF, 0x27, 0x00, 0x00, 0x00, 
0x00, 0x00, 0x00, 0x00, 0x00, 0x00, 0x00, 0x00, 0x00, 0x02, 0xF0, 0xFF, 0xFF, 0xFF, 0x75, 0x00, 
0x00, 0x00, 0x0F, 0xFE, 0xFF, 0xFF, 0xF2, 0x02, 0x00, 0x00, 0x00, 0x00, 0x00, 0x00, 0x00, 0x00, 
0x00, 0x00, 0x00, 0x00, 0x00, 0xC0, 0xFF, 0xFF, 0xFF, 0x8A, 0x00, 0x00, 0x00, 0x41, 0xFF, 0xFF, 
0xFF, 0xC1, 0x00, 0x00, 0x00, 0x00, 0x00, 0x00, 0x00, 0x00, 0x00, 0x00, 0x00, 0x00, 0x00, 0x00, 
0xAC, 0xFF, 0xFF, 0xFF, 0x9A, 0x00, 0x00, 0x00, 0x74, 0xFF, 0xFF, 0xFF, 0x8E, 0x00, 0x00, 0x00, 
0x00, 0x00, 0x00, 0x00, 0x00, 0x00, 0x00, 0x00, 0x00, 0x00, 0x00, 0xAB, 0xFF, 0xFF, 0xFF, 0x8F, 
0x00, 0x00, 0x00, 0xA7, 0xFF, 0xFF, 0xFF, 0x5B, 0x00, 0x00, 0x00, 0x00, 0x00, 0x00, 0x00, 0x00, 
0x00, 0x00, 0x00, 0x00, 0x00, 0x00, 0xB7, 0xFF, 0xFF, 0xFF, 0x7E, 0x00, 0x00, 0x00, 0xDA, 0xFF, 
0xFF, 0xFF, 0x28, 0x00, 0x00, 0x00, 0x00, 0x00, 0x00, 0x00, 0x00, 0x00, 0x00, 0x00, 0x00, 0x00, 
0x00, 0xD4, 0xFF, 0xFF, 0xFF, 0x6B, 0x00, 0x00, 0x0E, 0xFE, 0xFF, 0xFF, 0xF3, 0x02, 0x00, 0x00, 
0x00, 0x00, 0x00, 0x00, 0x00, 0x00, 0x00, 0x00, 0x00, 0x00, 0x00, 0x03, 0xF5, 0xFF, 0xFF, 0xFF, 
0x49, 0x00, 0x00, 0x40, 0xFF, 0xFF, 0xFF, 0xC2, 0x00, 0x00, 0x00, 0x00, 0x00, 0x00, 0x00, 0x00, 
0x00, 0x00, 0x00, 0x00, 0x00, 0x00, 0x2E, 0xFF, 0xFF, 0xFF, 0xFF, 0x1C, 0x00, 0x00, 0x73, 0xFF, 
0xFF, 0xFF, 0x8F, 0x00, 0x00, 0x00, 0x00, 0x00, 0x00, 0x00, 0x00, 0x00, 0x00, 0x00, 0x00, 0x00, 
0x00, 0x6D, 0xFF, 0xFF, 0xFF, 0xDF, 0x00, 0x00, 0x00, 0xA6, 0xFF, 0xFF, 0xFF, 0x5C, 0x00, 0x00, 
0x00, 0x00, 0x00, 0x00, 0x00, 0x00, 0x00, 0x00, 0x00, 0x00, 0x00, 0x00, 0xBF, 0xFF, 0xFF, 0xFF, 
0x99, 0x00, 0x00, 0x00, 0xD9, 0xFF, 0xFF, 0xFF, 0x29, 0x00, 0x00, 0x00, 0x00, 0x00, 0x00, 0x00, 
0x00, 0x00, 0x00, 0x00, 0x00, 0x00, 0x23, 0xFD, 0xFF, 0xFF, 0xFF, 0x45, 0x00, 0x00, 0x0D, 0xFE, 
0xFF, 0xFF, 0xF4, 0x02, 0x00, 0x00, 0x00, 0x00, 0x00, 0x00, 0x00, 0x00, 0x00, 0x00, 0x00, 0x00, 
0x00, 0x93, 0xFF, 0xFF, 0xFF, 0xDF, 0x02, 0x00, 0x00, 0x3F, 0xFF, 0xFF, 0xFF, 0xC3, 0x00, 0x00, 
0x00, 0x00, 0x00, 0x00, 0x00, 0x00, 0x00, 0x00, 0x00, 0x00, 0x00, 0x25, 0xF9, 0xFF, 0xFF, 0xFF, 
0x71, 0x00, 0x00, 0x00, 0x72, 0xFF, 0xFF, 0xFF, 0x90, 0x00, 0x00, 0x00, 0x00, 0x00, 0x00, 0x00, 
0x00, 0x00, 0x00, 0x00, 0x00, 0x02, 0xBD, 0xFF, 0xFF, 0xFF, 0xE6, 0x09, 0x00, 0x00, 0x00, 0xA5, 
0xFF, 0xFF, 0xFF, 0x5D, 0x00, 0x00, 0x00, 0x00, 0x00, 0x00, 0x00, 0x00, 0x00, 0x00, 0x00, 0x00, 
0x87, 0xFF, 0xFF, 0xFF, 0xFF, 0x56, 0x00, 0x00, 0x00, 0x00, 0xD8, 0xFF, 0xFF, 0xFF, 0x2A, 0x00, 
0x00, 0x00, 0x00, 0x00, 0x00, 0x00, 0x00, 0x00, 0x00, 0x00, 0x81, 0xFF, 0xFF, 0xFF, 0xFF, 0xA8, 
0x00, 0x00, 0x00, 0x00, 0x0D, 0xFE, 0xFF, 0xFF, 0xF4, 0x02, 0x00, 0x00, 0x00, 0x00, 0x00, 0x00, 
0x00, 0x00, 0x00, 0x16, 0xAD, 0xFF, 0xFF, 0xFF, 0xFF, 0xCF, 0x0A, 0x00, 0x00, 0x00, 0x00, 0x3E, 
0xFF, 0xFF, 0xFF, 0xC4, 0x00, 0x00, 0x00, 0x00, 0x00, 0x00, 0x00, 0x00, 0x18, 0x84, 0xEE, 0xFF, 
0xFF, 0xFF, 0xFF, 0xD1, 0x14, 0x00, 0x00, 0x00, 0x00, 0x00, 0x71, 0xFF, 0xFF, 0xFF, 0xC1, 0x60, 
0x60, 0x60, 0x60, 0x6C, 0x7D, 0x98, 0xD2, 0xFE, 0xFF, 0xFF, 0xFF, 0xFF, 0xFF, 0xB0, 0x0F, 0x00, 
0x00, 0x00, 0x00, 0x00, 0x00, 0xA4, 0xFF, 0xFF, 0xFF, 0xFF, 0xFF, 0xFF, 0xFF, 0xFF, 0xFF, 0xFF, 
0xFF, 0xFF, 0xFF, 0xFF, 0xFF, 0xFF, 0xE9, 0x62, 0x00, 0x00, 0x00, 0x00, 0x00, 0x00, 0x00, 0x00, 
0xD1, 0xFF, 0xFF, 0xFF, 0xFF, 0xFF, 0xFF, 0xFF, 0xFF, 0xFF, 0xFF, 0xFF, 0xFF, 0xFF, 0xFF, 0xDB, 
0x71, 0x0D, 0x00, 0x00, 0x00, 0x00, 0x00, 0x00, 0x00, 0x00, 0x00, 0x9A, 0xFD, 0xFF, 0xFF, 0xFF, 
0xFF, 0xFF, 0xFF, 0xFC, 0xF1, 0xE6, 0xCC, 0xA5, 0x75, 0x2D, 0x00, 0x00, 0x00, 0x00, 0x00, 0x00, 
0x00, 0x00, 0x00, 0x00, 0x00, 0x00, 0x00, 0x00, 0x00, 0x00, 0x00, 0x00, 0x16, 0x4F, 0x54, 0x54, 
0x54, 0x54, 0x54, 0x54, 0x54, 0x54, 0x54, 0x54, 0x54, 0x54, 0x54, 0x51, 0x09, 0x00, 0x00, 0x00, 
0x00, 0x00, 0x1C, 0xEE, 0xFF, 0xFF, 0xFF, 0xFF, 0xFF, 0xFF, 0xFF, 0xFF, 0xFF, 0xFF, 0xFF, 0xFF, 
0xFF, 0xFF, 0xFF, 0x4C, 0x00, 0x00, 0x00, 0x00, 0x00, 0x70, 0xFF, 0xFF, 0xFF, 0xFF, 0xFF, 0xFF, 
0xFF, 0xFF, 0xFF, 0xFF, 0xFF, 0xFF, 0xFF, 0xFF, 0xFF, 0xFF, 0x33, 0x00, 0x00, 0x00, 0x00, 0x00, 
0xA5, 0xFF, 0xFF, 0xFF, 0xFF, 0xFF, 0xFF, 0xFF, 0xFF, 0xFF, 0xFF, 0xFF, 0xFF, 0xFF, 0xFF, 0xFF, 
0xCA, 0x01, 0x00, 0x00, 0x00, 0x00, 0x00, 0xD8, 0xFF, 0xFF, 0xFF, 0x31, 0x04, 0x04, 0x04, 0x04, 
0x04, 0x04, 0x04, 0x04, 0x04, 0x04, 0x04, 0x00, 0x00, 0x00, 0x00, 0x00, 0x00, 0x0D, 0xFE, 0xFF, 
0xFF, 0xF6, 0x04, 0x00, 0x00, 0x00, 0x00, 0x00, 0x00, 0x00, 0x00, 0x00, 0x00, 0x00, 0x00, 0x00, 
0x00, 0x00, 0x00, 0x00, 0x3E, 0xFF, 0xFF, 0xFF, 0xC7, 0x00, 0x00, 0x00, 0x00, 0x00, 0x00, 0x00, 
0x00, 0x00, 0x00, 0x00, 0x00, 0x00, 0x00, 0x00, 0x00, 0x00, 0x00, 0x72, 0xFF, 0xFF, 0xFF, 0x93, 
0x00, 0x00, 0x00, 0x00, 0x00, 0x00, 0x00, 0x00, 0x00, 0x00, 0x00, 0x00, 0x00, 0x00, 0x00, 0x00, 
0x00, 0x00, 0xA5, 0xFF, 0xFF, 0xFF, 0x5F, 0x00, 0x00, 0x00, 0x00, 0x00, 0x00, 0x00, 0x00, 0x00, 
0x00, 0x00, 0x00, 0x00, 0x00, 0x00, 0x00, 0x00, 0x00, 0xD8, 0xFF, 0xFF, 0xFF, 0x2C, 0x00, 0x00, 
0x00, 0x00, 0x00, 0x00, 0x00, 0x00, 0x00, 0x00, 0x00, 0x00, 0x00, 0x00, 0x00, 0x00, 0x00, 0x0D, 
0xFD, 0xFF, 0xFF, 0xF5, 0x03, 0x00, 0x00, 0x00, 0x00, 0x00, 0x00, 0x00, 0x00, 0x00, 0x00, 0x00, 
0x00, 0x00, 0x00, 0x00, 0x00, 0x00, 0x3E, 0xFF, 0xFF, 0xFF, 0xC4, 0x00, 0x00, 0x00, 0x00, 0x00, 
0x00, 0x00, 0x00, 0x00, 0x00, 0x00, 0x00, 0x00, 0x00, 0x00, 0x00, 0x00, 0x00, 0x71, 0xFF, 0xFF, 
0xFF, 0x91, 0x00, 0x00, 0x00, 0x00, 0x00, 0x00, 0x00, 0x00, 0x00, 0x00, 0x00, 0x00, 0x00, 0x00, 
0x00, 0x00, 0x00, 0x00, 0xA5, 0xFF, 0xFF, 0xFF, 0xB0, 0x78, 0x78, 0x78, 0x78, 0x78, 0x78, 0x78, 
0x78, 0x78, 0x6B, 0x00, 0x00, 0x00, 0x00, 0x00, 0x00, 0x00, 0x00, 0xD8, 0xFF, 0xFF, 0xFF, 0xFF, 
0xFF, 0xFF, 0xFF, 0xFF, 0xFF, 0xFF, 0xFF, 0xFF, 0xFF, 0xFF, 0x12, 0x00, 0x00, 0x00, 0x00, 0x00, 
0x00, 0x0D, 0xFD, 0xFF, 0xFF, 0xFF, 0xFF, 0xFF, 0xFF, 0xFF, 0xFF, 0xFF, 0xFF, 0xFF, 0xFF, 0xFF, 
0xE9, 0x00, 0x00, 0x00, 0x00, 0x00, 0x00, 0x00, 0x3E, 0xFF, 0xFF, 0xFF, 0xF0, 0xCC, 0xCC, 0xCC, 
0xCC, 0xCC, 0xCC, 0xCC, 0xCC, 0xCC, 0xCB, 0x60, 0x00, 0x00, 0x00, 0x00, 0x00, 0x00, 0x00, 0x71, 
0xFF, 0xFF, 0xFF, 0x93, 0x00, 0x00, 0x00, 0x00, 0x00, 0x00, 0x00, 0x00, 0x00, 0x00, 0x00, 0x00, 
0x00, 0x00, 0x00, 0x00, 0x00, 0x00, 0xA4, 0xFF, 0xFF, 0xFF, 0x5F, 0x00, 0x00, 0x00, 0x00, 0x00, 
0x00, 0x00, 0x00, 0x00, 0x00, 0x00, 0x00, 0x00, 0x00, 0x00, 0x00, 0x00, 0x00, 0xD8, 0xFF, 0xFF, 
0xFF, 0x2B, 0x00, 0x00, 0x00, 0x00, 0x00, 0x00, 0x00, 0x00, 0x00, 0x00, 0x00, 0x00, 0x00, 0x00, 
0x00, 0x00, 0x00, 0x0D, 0xFD, 0xFF, 0xFF, 0xF4, 0x02, 0x00, 0x00, 0x00, 0x00, 0x00, 0x00, 0x00, 
0x00, 0x00, 0x00, 0x00, 0x00, 0x00, 0x00, 0x00, 0x00, 0x00, 0x3E, 0xFF, 0xFF, 0xFF, 0xC3, 0x00, 
0x00, 0x00, 0x00, 0x00, 0x00, 0x00, 0x00, 0x00, 0x00, 0x00, 0x00, 0x00, 0x00, 0x00, 0x00, 0x00, 
0x00, 0x71, 0xFF, 0xFF, 0xFF, 0x8F, 0x00, 0x00, 0x00, 0x00, 0x00, 0x00, 0x00, 0x00, 0x00, 0x00, 
0x00, 0x00, 0x00, 0x00, 0x00, 0x00, 0x00, 0x00, 0xA4, 0xFF, 0xFF, 0xFF, 0x5B, 0x00, 0x00, 0x00, 
0x00, 0x00, 0x00, 0x00, 0x00, 0x00, 0x00, 0x00, 0x00, 0x00, 0x00, 0x00, 0x00, 0x00, 0x00, 0xD7, 
0xFF, 0xFF, 0xFF, 0x27, 0x00, 0x00, 0x00, 0x00, 0x00, 0x00, 0x00, 0x00, 0x00, 0x00, 0x00, 0x00, 
0x00, 0x00, 0x00, 0x00, 0x00, 0x0D, 0xFD, 0xFF, 0xFF, 0xF1, 0x01, 0x00, 0x00, 0x00, 0x00, 0x00, 
0x00, 0x00, 0x00, 0x00, 0x00, 0x00, 0x00, 0x00, 0x00, 0x00, 0x00, 0x00, 0x3E, 0xFF, 0xFF, 0xFF, 
0xBF, 0x00, 0x00, 0x00, 0x00, 0x00, 0x00, 0x00, 0x00, 0x00, 0x00, 0x00, 0x00, 0x00, 0x00, 0x00, 
0x00, 0x00, 0x00, 0x71, 0xFF, 0xFF, 0xFF, 0xBB, 0x5C, 0x5C, 0x5C, 0x5C, 0x5C, 0x5C, 0x5C, 0x5C, 
0x5C, 0x5C, 0x5C, 0x51, 0x00, 0x00, 0x00, 0x00, 0x00, 0x00, 0xA4, 0xFF, 0xFF, 0xFF, 0xFF, 0xFF, 
0xFF, 0xFF, 0xFF, 0xFF, 0xFF, 0xFF, 0xFF, 0xFF, 0xFF, 0xFF, 0xFF, 0x16, 0x00, 0x00, 0x00, 0x00, 
0x00, 0xD1, 0xFF, 0xFF, 0xFF, 0xFF, 0xFF, 0xFF, 0xFF, 0xFF, 0xFF, 0xFF, 0xFF, 0xFF, 0xFF, 0xFF, 
0xFF, 0xF5, 0x03, 0x00, 0x00, 0x00, 0x00, 0x00, 0x9D, 0xFE, 0xFF, 0xFF, 0xFF, 0xFF, 0xFF, 0xFF, 
0xFF, 0xFF, 0xFF, 0xFF, 0xFF, 0xFF, 0xFF, 0xFF, 0x8E, 0x00, 0x00, 0x00, 0x00, 0x00, 0x00, 0x00, 
0x00, 0x00, 0x00, 0x00, 0x00, 0x00, 0x16, 0x4F, 0x54, 0x54, 0x54, 0x54, 0x54, 0x54, 0x54, 0x54, 
0x54, 0x54, 0x54, 0x54, 0x54, 0x1B, 0x00, 0x00, 0x00, 0x00, 0x00, 0x00, 0x1C, 0xEE, 0xFF, 0xFF, 
0xFF, 0xFF, 0xFF, 0xFF, 0xFF, 0xFF, 0xFF, 0xFF, 0xFF, 0xFF, 0xFF, 0xFF, 0x8C, 0x00, 0x00, 0x00, 
0x00, 0x00, 0x00, 0x70, 0xFF, 0xFF, 0xFF, 0xFF, 0xFF, 0xFF, 0xFF, 0xFF, 0xFF, 0xFF, 0xFF, 0xFF, 
0xFF, 0xFF, 0xFF, 0x74, 0x00, 0x00, 0x00, 0x00, 0x00, 0x00, 0xA5, 0xFF, 0xFF, 0xFF, 0xFF, 0xFF, 
0xFF, 0xFF, 0xFF, 0xFF, 0xFF, 0xFF, 0xFF, 0xFF, 0xFF, 0xF3, 0x1F, 0x00, 0x00, 0x00, 0x00, 0x00, 
0x00, 0xD8, 0xFF, 0xFF, 0xFF, 0x43, 0x18, 0x18, 0x18, 0x18, 0x18, 0x18, 0x18, 0x18, 0x18, 0x18, 
0x0B, 0x00, 0x00, 0x00, 0x00, 0x00, 0x00, 0x0D, 0xFE, 0xFF, 0xFF, 0xF9, 0x06, 0x00, 0x00, 0x00, 
0x00, 0x00, 0x00, 0x00, 0x00, 0x00, 0x00, 0x00, 0x00, 0x00, 0x00, 0x00, 0x00, 0x00, 0x3F, 0xFF, 
0xFF, 0xFF, 0xCC, 0x00, 0x00, 0x00, 0x00, 0x00, 0x00, 0x00, 0x00, 0x00, 0x00, 0x00, 0x00, 0x00, 
0x00, 0x00, 0x00, 0x00, 0x00, 0x72, 0xFF, 0xFF, 0xFF, 0x99, 0x00, 0x00, 0x00, 0x00, 0x00, 0x00, 
0x00, 0x00, 0x00, 0x00, 0x00, 0x00, 0x00, 0x00, 0x00, 0x00, 0x00, 0x00, 0xA5, 0xFF, 0xFF, 0xFF, 
0x65, 0x00, 0x00, 0x00, 0x00, 0x00, 0x00, 0x00, 0x00, 0x00, 0x00, 0x00, 0x00, 0x00, 0x00, 0x00, 
0x00, 0x00, 0x00, 0xD9, 0xFF, 0xFF, 0xFF, 0x32, 0x00, 0x00, 0x00, 0x00, 0x00, 0x00, 0x00, 0x00, 
0x00, 0x00, 0x00, 0x00, 0x00, 0x00, 0x00, 0x00, 0x00, 0x0D, 0xFE, 0xFF, 0xFF, 0xF9, 0x06, 0x00, 
0x00, 0x00, 0x00, 0x00, 0x00, 0x00, 0x00, 0x00, 0x00, 0x00, 0x00, 0x00, 0x00, 0x00, 0x00, 0x00, 
0x3F, 0xFF, 0xFF, 0xFF, 0xCC, 0x00, 0x00, 0x00, 0x00, 0x00, 0x00, 0x00, 0x00, 0x00, 0x00, 0x00, 
0x00, 0x00, 0x00, 0x00, 0x00, 0x00, 0x00, 0x73, 0xFF, 0xFF, 0xFF, 0x99, 0x00, 0x00, 0x00, 0x00, 
0x00, 0x00, 0x00, 0x00, 0x00, 0x00, 0x00, 0x00, 0x00, 0x00, 0x00, 0x00, 0x00, 0x00, 0xA6, 0xFF, 
0xFF, 0xFF, 0x65, 0x00, 0x00, 0x00, 0x00, 0x00, 0x00, 0x00, 0x00, 0x00, 0x00, 0x00, 0x00, 0x00, 
0x00, 0x00, 0x00, 0x00, 0x00, 0xD9, 0xFF, 0xFF, 0xFF, 0xB2, 0x98, 0x98, 0x98, 0x98, 0x98, 0x98, 
0x98, 0x98, 0x98, 0x92, 0x11, 0x00, 0x00, 0x00, 0x00, 0x00, 0x00, 0x0E, 0xFE, 0xFF, 0xFF, 0xFF, 
0xFF, 0xFF, 0xFF, 0xFF, 0xFF, 0xFF, 0xFF, 0xFF, 0xFF, 0xFF, 0xFF, 0x36, 0x00, 0x00, 0x00, 0x00, 
0x00, 0x00, 0x40, 0xFF, 0xFF, 0xFF, 0xFF, 0xFF, 0xFF, 0xFF, 0xFF, 0xFF, 0xFF, 0xFF, 0xFF, 0xFF, 
0xFF, 0xFA, 0x0E, 0x00, 0x00, 0x00, 0x00, 0x00, 0x00, 0x73, 0xFF, 0xFF, 0xFF, 0xE0, 0xC0, 0xC0, 
0xC0, 0xC0, 0xC0, 0xC0, 0xC0, 0xC0, 0xC0, 0xC0, 0x71, 0x00, 0x00, 0x00, 0x00, 0x00, 0x00, 0x00, 
0xA6, 0xFF, 0xFF, 0xFF, 0x61, 0x00, 0x00, 0x00, 0x00, 0x00, 0x00, 0x00, 0x00, 0x00, 0x00, 0x00, 
0x00, 0x00, 0x00, 0x00, 0x00, 0x00, 0x00, 0xDA, 0xFF, 0xFF, 0xFF, 0x2D, 0x00, 0x00, 0x00, 0x00, 
0x00, 0x00, 0x00, 0x00, 0x00, 0x00, 0x00, 0x00, 0x00, 0x00, 0x00, 0x00, 0x00, 0x0E, 0xFE, 0xFF, 
0xFF, 0xF6, 0x04, 0x00, 0x00, 0x00, 0x00, 0x00, 0x00, 0x00, 0x00, 0x00, 0x00, 0x00, 0x00, 0x00, 
0x00, 0x00, 0x00, 0x00, 0x40, 0xFF, 0xFF, 0xFF, 0xC7, 0x00, 0x00, 0x00, 0x00, 0x00, 0x00, 0x00, 
0x00, 0x00, 0x00, 0x00, 0x00, 0x00, 0x00, 0x00, 0x00, 0x00, 0x00, 0x73, 0xFF, 0xFF, 0xFF, 0x94, 
0x00, 0x00, 0x00, 0x00, 0x00, 0x00, 0x00, 0x00, 0x00, 0x00, 0x00, 0x00, 0x00, 0x00, 0x00, 0x00, 
0x00, 0x00, 0xA7, 0xFF, 0xFF, 0xFF, 0x60, 0x00, 0x00, 0x00, 0x00, 0x00, 0x00, 0x00, 0x00, 0x00, 
0x00, 0x00, 0x00, 0x00, 0x00, 0x00, 0x00, 0x00, 0x00, 0xDA, 0xFF, 0xFF, 0xFF, 0x2D, 0x00, 0x00, 
0x00, 0x00, 0x00, 0x00, 0x00, 0x00, 0x00, 0x00, 0x00, 0x00, 0x00, 0x00, 0x00, 0x00, 0x00, 0x0E, 
0xFE, 0xFF, 0xFF, 0xF6, 0x03, 0x00, 0x00, 0x00, 0x00, 0x00, 0x00, 0x00, 0x00, 0x00, 0x00, 0x00, 
0x00, 0x00, 0x00, 0x00, 0x00, 0x00, 0x41, 0xFF, 0xFF, 0xFF, 0xC7, 0x00, 0x00, 0x00, 0x00, 0x00, 
0x00, 0x00, 0x00, 0x00, 0x00, 0x00, 0x00, 0x00, 0x00, 0x00, 0x00, 0x00, 0x00, 0x74, 0xFF, 0xFF, 
0xFF, 0x93, 0x00, 0x00, 0x00, 0x00, 0x00, 0x00, 0x00, 0x00, 0x00, 0x00, 0x00, 0x00, 0x00, 0x00, 
0x00, 0x00, 0x00, 0x00, 0xA7, 0xFF, 0xFF, 0xFF, 0x60, 0x00, 0x00, 0x00, 0x00, 0x00, 0x00, 0x00, 
0x00, 0x00, 0x00, 0x00, 0x00, 0x00, 0x00, 0x00, 0x00, 0x00, 0x00, 0xDA, 0xFF, 0xFF, 0xFF, 0x2D, 
0x00, 0x00, 0x00, 0x00, 0x00, 0x00, 0x00, 0x00, 0x00, 0x00, 0x00, 0x00, 0x00, 0x00, 0x00, 0x00, 
0x00, 0x02, 0xF2, 0xFF, 0xFF, 0xDD, 0x03, 0x00, 0x00, 0x00, 0x00, 0x00, 0x00, 0x00, 0x00, 0x00, 
0x00, 0x00, 0x00, 0x00, 0x00, 0x00, 0x00, 0x00, 0x00, 0x08, 0x1F, 0x1B, 0x01, 0x00, 0x00, 0x00, 
0x00, 0x00, 0x00, 0x00, 0x00, 0x00, 0x00, 0x00, 0x00, 0x00, 0x00, 0x00, 0x00, 0x00, 0x00, 0x00, 
0x00, 0x00, 0x00, 0x00, 0x00, 0x00, 0x00, 0x00, 0x00, 0x00, 0x00, 0x00, 0x01, 0x2B, 0x66, 0x92, 
0xA5, 0xB8, 0xB9, 0xAA, 0x86, 0x56, 0x17, 0x00, 0x00, 0x00, 0x00, 0x00, 0x00, 0x00, 0x00, 0x00, 
0x00, 0x00, 0x00, 0x00, 0x00, 0x00, 0x27, 0x89, 0xE7, 0xFF, 0xFF, 0xFF, 0xFF, 0xFF, 0xFF, 0xFF, 
0xFF, 0xFF, 0xFE, 0xC2, 0x59, 0x02, 0x00, 0x00, 0x00, 0x00, 0x00, 0x00, 0x00, 0x00, 0x00, 0x00, 
0x1E, 0xA3, 0xFE, 0xFF, 0xFF, 0xFF, 0xFF, 0xFF, 0xFF, 0xFF, 0xFF, 0xFF, 0xFF, 0xFF, 0xFF, 0xFF, 
0xFF, 0xCB, 0x27, 0x00, 0x00, 0x00, 0x00, 0x00, 0x00, 0x00, 0x00, 0x68, 0xF7, 0xFF, 0xFF, 0xFF, 
0xFF, 0xFF, 0xFF, 0xDE, 0xC5, 0xB4, 0xBF, 0xD5, 0xFC, 0xFF, 0xFF, 0xFF, 0xFF, 0xFF, 0xDC, 0x00, 
0x00, 0x00, 0x00, 0x00, 0x00, 0x06, 0xA6, 0xFF, 0xFF, 0xFF, 0xFF, 0xFF, 0xCA, 0x61, 0x19, 0x00, 
0x00, 0x00, 0x00, 0x00, 0x0B, 0x51, 0xB1, 0xFE, 0xFF, 0xFF, 0xE9, 0x00, 0x00, 0x00, 0x00, 0x00, 
0x05, 0xB2, 0xFF, 0xFF, 0xFF, 0xFF, 0xDD, 0x4A, 0x00, 0x00, 0x00, 0x00, 0x00, 0x00, 0x00, 0x00, 
0x00, 0x00, 0x00, 0x2C, 0xBB, 0xFF, 0xAB, 0x00, 0x00, 0x00, 0x00, 0x00, 0xA5, 0xFF, 0xFF, 0xFF, 
0xFF, 0xAB, 0x0A, 0x00, 0x00, 0x00, 0x00, 0x00, 0x00, 0x00, 0x00, 0x00, 0x00, 0x00, 0x00, 0x00, 
0x00, 0x4C, 0x20, 0x00, 0x00, 0x00, 0x00, 0x6A, 0xFF, 0xFF, 0xFF, 0xFF, 0x95, 0x01, 0x00, 0x00, 
0x00, 0x00, 0x00, 0x00, 0x00, 0x00, 0x00, 0x00, 0x00, 0x00, 0x00, 0x00, 0x00, 0x00, 0x00, 0x00, 
0x00, 0x00, 0x25, 0xF8, 0xFF, 0xFF, 0xFF, 0xAB, 0x02, 0x00, 0x00, 0x00, 0x00, 0x00, 0x00, 0x00, 
0x00, 0x00, 0x00, 0x00, 0x00, 0x00, 0x00, 0x00, 0x00, 0x00, 0x00, 0x00, 0x00, 0x00, 0xB2, 0xFF, 
0xFF, 0xFF, 0xDF, 0x0E, 0x00, 0x00, 0x00, 0x00, 0x00, 0x00, 0x00, 0x00, 0x00, 0x00, 0x00, 0x00, 
0x00, 0x00, 0x00, 0x00, 0x00, 0x00, 0x00, 0x00, 0x00, 0x3C, 0xFF, 0xFF, 0xFF, 0xFF, 0x47, 0x00, 
0x00, 0x00, 0x00, 0x00, 0x00, 0x00, 0x00, 0x00, 0x00, 0x00, 0x00, 0x00, 0x00, 0x00, 0x00, 0x00, 
0x00, 0x00, 0x00, 0x00, 0x00, 0xAD, 0xFF, 0xFF, 0xFF, 0xBC, 0x00, 0x00, 0x00, 0x00, 0x00, 0x00, 
0x00, 0x00, 0x00, 0x00, 0x00, 0x00, 0x00, 0x00, 0x00, 0x00, 0x00, 0x00, 0x00, 0x00, 0x00, 0x00, 
0x1A, 0xFC, 0xFF, 0xFF, 0xFF, 0x46, 0x00, 0x00, 0x00, 0x00, 0x00, 0x00, 0x00, 0x00, 0x00, 0x00, 
0x00, 0x00, 0x00, 0x00, 0x00, 0x00, 0x00, 0x00, 0x00, 0x00, 0x00, 0x00, 0x69, 0xFF, 0xFF, 0xFF, 
0xDE, 0x01, 0x00, 0x00, 0x00, 0x00, 0x00, 0x00, 0x00, 0x00, 0x00, 0x00, 0x00, 0x00, 0x00, 0x00, 
0x00, 0x00, 0x00, 0x00, 0x00, 0x00, 0x00, 0x00, 0xB5, 0xFF, 0xFF, 0xFF, 0x90, 0x00, 0x00, 0x00, 
0x00, 0x00, 0x00, 0x00, 0x00, 0x67, 0x98, 0x98, 0x98, 0x98, 0x98, 0x98, 0x98, 0x98, 0x98, 0x90, 
0x22, 0x00, 0x00, 0x00, 0xF0, 0xFF, 0xFF, 0xFF, 0x4B, 0x00, 0x00, 0x00, 0x00, 0x00, 0x00, 0x00, 
0x24, 0xFE, 0xFF, 0xFF, 0xFF, 0xFF, 0xFF, 0xFF, 0xFF, 0xFF, 0xFF, 0xFF, 0x8D, 0x00, 0x00, 0x1E, 
0xFF, 0xFF, 0xFF, 0xFF, 0x1C, 0x00, 0x00, 0x00, 0x00, 0x00, 0x00, 0x00, 0x5C, 0xFF, 0xFF, 0xFF, 
0xFF, 0xFF, 0xFF, 0xFF, 0xFF, 0xFF, 0xFF, 0xFF, 0x74, 0x00, 0x00, 0x46, 0xFF, 0xFF, 0xFF, 0xF5, 
0x00, 0x00, 0x00, 0x00, 0x00, 0x00, 0x00, 0x00, 0x2F, 0xB2, 0xB4, 0xB4, 0xB4, 0xB4, 0xB4, 0xB4, 
0xF4, 0xFF, 0xFF, 0xFF, 0x40, 0x00, 0x00, 0x57, 0xFF, 0xFF, 0xFF, 0xE4, 0x00, 0x00, 0x00, 0x00, 
0x00, 0x00, 0x00, 0x00, 0x00, 0x00, 0x00, 0x00, 0x00, 0x00, 0x00, 0x03, 0xF5, 0xFF, 0xFF, 0xFE, 
0x0F, 0x00, 0x00, 0x66, 0xFF, 0xFF, 0xFF, 0xDC, 0x00, 0x00, 0x00, 0x00, 0x00, 0x00, 0x00, 0x00, 
0x00, 0x00, 0x00, 0x00, 0x00, 0x00, 0x00, 0x2D, 0xFF, 0xFF, 0xFF, 0xDA, 0x00, 0x00, 0x00, 0x60, 
0xFF, 0xFF, 0xFF, 0xED, 0x00, 0x00, 0x00, 0x00, 0x00, 0x00, 0x00, 0x00, 0x00, 0x00, 0x00, 0x00, 
0x00, 0x00, 0x00, 0x60, 0xFF, 0xFF, 0xFF, 0xA6, 0x00, 0x00, 0x00, 0x4C, 0xFF, 0xFF, 0xFF, 0xFE, 
0x0D, 0x00, 0x00, 0x00, 0x00, 0x00, 0x00, 0x00, 0x00, 0x00, 0x00, 0x00, 0x00, 0x00, 0x00, 0x93, 
0xFF, 0xFF, 0xFF, 0x73, 0x00, 0x00, 0x00, 0x2F, 0xFF, 0xFF, 0xFF, 0xFF, 0x4B, 0x00, 0x00, 0x00, 
0x00, 0x00, 0x00, 0x00, 0x00, 0x00, 0x00, 0x00, 0x00, 0x00, 0x00, 0xC7, 0xFF, 0xFF, 0xFF, 0x3F, 
0x00, 0x00, 0x00, 0x02, 0xED, 0xFF, 0xFF, 0xFF, 0xAA, 0x00, 0x00, 0x00, 0x00, 0x00, 0x00, 0x00, 
0x00, 0x00, 0x00, 0x00, 0x00, 0x00, 0x03, 0xF6, 0xFF, 0xFF, 0xFE, 0x0E, 0x00, 0x00, 0x00, 0x00, 
0xA8, 0xFF, 0xFF, 0xFF, 0xFE, 0x38, 0x00, 0x00, 0x00, 0x00, 0x00, 0x00, 0x00, 0x00, 0x00, 0x00, 
0x00, 0x00, 0x2D, 0xFF, 0xFF, 0xFF, 0xD9, 0x00, 0x00, 0x00, 0x00, 0x00, 0x36, 0xFF, 0xFF, 0xFF, 
0xFF, 0xE5, 0x20, 0x00, 0x00, 0x00, 0x00, 0x00, 0x00, 0x00, 0x00, 0x00, 0x00, 0x00, 0x61, 0xFF, 
0xFF, 0xFF, 0xA5, 0x00, 0x00, 0x00, 0x00, 0x00, 0x00, 0xAD, 0xFF, 0xFF, 0xFF, 0xFF, 0xED, 0x56, 
0x01, 0x00, 0x00, 0x00, 0x00, 0x00, 0x00, 0x00, 0x00, 0x1D, 0xB9, 0xFF, 0xFF, 0xFF, 0x72, 0x00, 
0x00, 0x00, 0x00, 0x00, 0x00, 0x11, 0xDA, 0xFF, 0xFF, 0xFF, 0xFF, 0xFF, 0xD8, 0x85, 0x4B, 0x31, 
0x23, 0x2E, 0x4B, 0x78, 0xBD, 0xFC, 0xFF, 0xFF, 0xFF, 0xFF, 0x3D, 0x00, 0x00, 0x00, 0x00, 0x00, 
0x00, 0x00, 0x24, 0xD7, 0xFF, 0xFF, 0xFF, 0xFF, 0xFF, 0xFF, 0xFF, 0xFF, 0xFF, 0xFF, 0xFF, 0xFF, 
0xFF, 0xFF, 0xFF, 0xFF, 0xFF, 0xD9, 0x03, 0x00, 0x00, 0x00, 0x00, 0x00, 0x00, 0x00, 0x00, 0x0B, 
0x9B, 0xFB, 0xFF, 0xFF, 0xFF, 0xFF, 0xFF, 0xFF, 0xFF, 0xFF, 0xFF, 0xFF, 0xFF, 0xFF, 0xFF, 0xEE, 
0x8B, 0x13, 0x00, 0x00, 0x00, 0x00, 0x00, 0x00, 0x00, 0x00, 0x00, 0x00, 0x00, 0x1F, 0x8D, 0xD6, 
0xFE, 0xFF, 0xFF, 0xFF, 0xFF, 0xFF, 0xFF, 0xFF, 0xE0, 0x9D, 0x51, 0x07, 0x00, 0x00, 0x00, 0x00, 
0x00, 0x00, 0x00, 0x00, 0x00, 0x00, 0x00, 0x00, 0x00, 0x00, 0x00, 0x00, 0x13, 0x3F, 0x51, 0x63, 
0x67, 0x5B, 0x3F, 0x17, 0x00, 0x00, 0x00, 0x00, 0x00, 0x00, 0x00, 0x00, 0x00, 0x00, 0x00, 0x00, 
0x00, 0x00, 0x00, 0x00, 0x00, 0x00, 0x47, 0x70, 0x6E, 0x34, 0x00, 0x00, 0x00, 0x00, 0x00, 0x00, 
0x00, 0x00, 0x00, 0x00, 0x00, 0x00, 0x00, 0x06, 0x55, 0x72, 0x6A, 0x24, 0x00, 0x00, 0x00, 0x00, 
0x00, 0x00, 0x42, 0xFF, 0xFF, 0xFF, 0xC0, 0x00, 0x00, 0x00, 0x00, 0x00, 0x00, 0x00, 0x00, 0x00, 
0x00, 0x00, 0x00, 0x00, 0x6A, 0xFF, 0xFF, 0xFF, 0x90, 0x00, 0x00, 0x00, 0x00, 0x00, 0x00, 0x78, 
0xFF, 0xFF, 0xFF, 0x90, 0x00, 0x00, 0x00, 0x00, 0x00, 0x00, 0x00, 0x00, 0x00, 0x00, 0x00, 0x00, 
0x00, 0xA0, 0xFF, 0xFF, 0xFF, 0x5F, 0x00, 0x00, 0x00, 0x00, 0x00, 0x00, 0xAB, 0xFF, 0xFF, 0xFF, 
0x5D, 0x00, 0x00, 0x00, 0x00, 0x00, 0x00, 0x00, 0x00, 0x00, 0x00, 0x00, 0x00, 0x00, 0xD3, 0xFF, 
0xFF, 0xFF, 0x2C, 0x00, 0x00, 0x00, 0x00, 0x00, 0x00, 0xDE, 0xFF, 0xFF, 0xFF, 0x2B, 0x00, 0x00, 
0x00, 0x00, 0x00, 0x00, 0x00, 0x00, 0x00, 0x00, 0x00, 0x00, 0x0A, 0xFC, 0xFF, 0xFF, 0xF6, 0x03, 
0x00, 0x00, 0x00, 0x00, 0x00, 0x11, 0xFF, 0xFF, 0xFF, 0xF5, 0x03, 0x00, 0x00, 0x00, 0x00, 0x00, 
0x00, 0x00, 0x00, 0x00, 0x00, 0x00, 0x00, 0x3A, 0xFF, 0xFF, 0xFF, 0xC6, 0x00, 0x00, 0x00, 0x00, 
0x00, 0x00, 0x44, 0xFF, 0xFF, 0xFF, 0xC5, 0x00, 0x00, 0x00, 0x00, 0x00, 0x00, 0x00, 0x00, 0x00, 
0x00, 0x00, 0x00, 0x00, 0x6D, 0xFF, 0xFF, 0xFF, 0x93, 0x00, 0x00, 0x00, 0x00, 0x00, 0x00, 0x77, 
0xFF, 0xFF, 0xFF, 0x93, 0x00, 0x00, 0x00, 0x00, 0x00, 0x00, 0x00, 0x00, 0x00, 0x00, 0x00, 0x00, 
0x00, 0xA1, 0xFF, 0xFF, 0xFF, 0x60, 0x00, 0x00, 0x00, 0x00, 0x00, 0x00, 0xAA, 0xFF, 0xFF, 0xFF, 
0x60, 0x00, 0x00, 0x00, 0x00, 0x00, 0x00, 0x00, 0x00, 0x00, 0x00, 0x00, 0x00, 0x00, 0xD4, 0xFF, 
0xFF, 0xFF, 0x2D, 0x00, 0x00, 0x00, 0x00, 0x00, 0x00, 0xDD, 0xFF, 0xFF, 0xFF, 0x2E, 0x00, 0x00, 
0x00, 0x00, 0x00, 0x00, 0x00, 0x00, 0x00, 0x00, 0x00, 0x00, 0x0A, 0xFC, 0xFF, 0xFF, 0xF6, 0x04, 
0x00, 0x00, 0x00, 0x00, 0x00, 0x11, 0xFF, 0xFF, 0xFF, 0xF7, 0x04, 0x00, 0x00, 0x00, 0x00, 0x00, 
0x00, 0x00, 0x00, 0x00, 0x00, 0x00, 0x00, 0x3A, 0xFF, 0xFF, 0xFF, 0xC7, 0x00, 0x00, 0x00, 0x00, 
0x00, 0x00, 0x43, 0xFF, 0xFF, 0xFF, 0xC8, 0x00, 0x00, 0x00, 0x00, 0x00, 0x00, 0x00, 0x00, 0x00, 
0x00, 0x00, 0x00, 0x00, 0x6E, 0xFF, 0xFF, 0xFF, 0x94, 0x00, 0x00, 0x00, 0x00, 0x00, 0x00, 0x76, 
0xFF, 0xFF, 0xFF, 0x96, 0x00, 0x00, 0x00, 0x00, 0x00, 0x00, 0x00, 0x00, 0x00, 0x00, 0x00, 0x00, 
0x00, 0xA1, 0xFF, 0xFF, 0xFF, 0x61, 0x00, 0x00, 0x00, 0x00, 0x00, 0x00, 0xA9, 0xFF, 0xFF, 0xFF, 
0xC4, 0x94, 0x94, 0x94, 0x94, 0x94, 0x94, 0x94, 0x94, 0x94, 0x94, 0x94, 0x94, 0x94, 0xE7, 0xFF, 
0xFF, 0xFF, 0x2E, 0x00, 0x00, 0x00, 0x00, 0x00, 0x00, 0xDC, 0xFF, 0xFF, 0xFF, 0xFF, 0xFF, 0xFF, 
0xFF, 0xFF, 0xFF, 0xFF, 0xFF, 0xFF, 0xFF, 0xFF, 0xFF, 0xFF, 0xFF, 0xFF, 0xFF, 0xFF, 0xF7, 0x04, 
0x00, 0x00, 0x00, 0x00, 0x00, 0x10, 0xFE, 0xFF, 0xFF, 0xFF, 0xFF, 0xFF, 0xFF, 0xFF, 0xFF, 0xFF, 
0xFF, 0xFF, 0xFF, 0xFF, 0xFF, 0xFF, 0xFF, 0xFF, 0xFF, 0xFF, 0xFF, 0xC8, 0x00, 0x00, 0x00, 0x00, 
0x00, 0x00, 0x42, 0xFF, 0xFF, 0xFF, 0xFA, 0xF0, 0xF0, 0xF0, 0xF0, 0xF0, 0xF0, 0xF0, 0xF0, 0xF0, 
0xF0, 0xF0, 0xF0, 0xF0, 0xF8, 0xFF, 0xFF, 0xFF, 0x95, 0x00, 0x00, 0x00, 0x00, 0x00, 0x00, 0x75, 
0xFF, 0xFF, 0xFF, 0x8F, 0x00, 0x00, 0x00, 0x00, 0x00, 0x00, 0x00, 0x00, 0x00, 0x00, 0x00, 0x00, 
0x00, 0xA1, 0xFF, 0xFF, 0xFF, 0x62, 0x00, 0x00, 0x00, 0x00, 0x00, 0x00, 0xA8, 0xFF, 0xFF, 0xFF, 
0x5C, 0x00, 0x00, 0x00, 0x00, 0x00, 0x00, 0x00, 0x00, 0x00, 0x00, 0x00, 0x00, 0x00, 0xD3, 0xFF, 
0xFF, 0xFF, 0x2F, 0x00, 0x00, 0x00, 0x00, 0x00, 0x00, 0xDB, 0xFF, 0xFF, 0xFF, 0x29, 0x00, 0x00, 
0x00, 0x00, 0x00, 0x00, 0x00, 0x00, 0x00, 0x00, 0x00, 0x00, 0x09, 0xFC, 0xFF, 0xFF, 0xF7, 0x04, 
0x00, 0x00, 0x00, 0x00, 0x00, 0x10, 0xFE, 0xFF, 0xFF, 0xF4, 0x02, 0x00, 0x00, 0x00, 0x00, 0x00, 
0x00, 0x00, 0x00, 0x00, 0x00, 0x00, 0x00, 0x39, 0xFF, 0xFF, 0xFF, 0xC9, 0x00, 0x00, 0x00, 0x00, 
0x00, 0x00, 0x42, 0xFF, 0xFF, 0xFF, 0xC3, 0x00, 0x00, 0x00, 0x00, 0x00, 0x00, 0x00, 0x00, 0x00, 
0x00, 0x00, 0x00, 0x00, 0x6C, 0xFF, 0xFF, 0xFF, 0x95, 0x00, 0x00, 0x00, 0x00, 0x00, 0x00, 0x75, 
0xFF, 0xFF, 0xFF, 0x91, 0x00, 0x00, 0x00, 0x00, 0x00, 0x00, 0x00, 0x00, 0x00, 0x00, 0x00, 0x00, 
0x00, 0x9F, 0xFF, 0xFF, 0xFF, 0x62, 0x00, 0x00, 0x00, 0x00, 0x00, 0x00, 0xA8, 0xFF, 0xFF, 0xFF, 
0x5E, 0x00, 0x00, 0x00, 0x00, 0x00, 0x00, 0x00, 0x00, 0x00, 0x00, 0x00, 0x00, 0x00, 0xD1, 0xFF, 
0xFF, 0xFF, 0x2F, 0x00, 0x00, 0x00, 0x00, 0x00, 0x00, 0xDB, 0xFF, 0xFF, 0xFF, 0x2B, 0x00, 0x00, 
0x00, 0x00, 0x00, 0x00, 0x00, 0x00, 0x00, 0x00, 0x00, 0x00, 0x08, 0xFB, 0xFF, 0xFF, 0xF8, 0x04, 
0x00, 0x00, 0x00, 0x00, 0x00, 0x0F, 0xFE, 0xFF, 0xFF, 0xF5, 0x03, 0x00, 0x00, 0x00, 0x00, 0x00, 
0x00, 0x00, 0x00, 0x00, 0x00, 0x00, 0x00, 0x37, 0xFF, 0xFF, 0xFF, 0xC9, 0x00, 0x00, 0x00, 0x00, 
0x00, 0x00, 0x41, 0xFF, 0xFF, 0xFF, 0xC5, 0x00, 0x00, 0x00, 0x00, 0x00, 0x00, 0x00, 0x00, 0x00, 
0x00, 0x00, 0x00, 0x00, 0x6A, 0xFF, 0xFF, 0xFF, 0x96, 0x00, 0x00, 0x00, 0x00, 0x00, 0x00, 0x74, 
0xFF, 0xFF, 0xFF, 0x93, 0x00, 0x00, 0x00, 0x00, 0x00, 0x00, 0x00, 0x00, 0x00, 0x00, 0x00, 0x00, 
0x00, 0x9D, 0xFF, 0xFF, 0xFF, 0x63, 0x00, 0x00, 0x00, 0x00, 0x00, 0x00, 0xA7, 0xFF, 0xFF, 0xFF, 
0x60, 0x00, 0x00, 0x00, 0x00, 0x00, 0x00, 0x00, 0x00, 0x00, 0x00, 0x00, 0x00, 0x00, 0xCF, 0xFF, 
0xFF, 0xFF, 0x30, 0x00, 0x00, 0x00, 0x00, 0x00, 0x00, 0xDA, 0xFF, 0xFF, 0xFF, 0x2D, 0x00, 0x00, 
0x00, 0x00, 0x00, 0x00, 0x00, 0x00, 0x00, 0x00, 0x00, 0x00, 0x07, 0xFA, 0xFF, 0xFF, 0xF8, 0x05, 
0x00, 0x00, 0x00, 0x00, 0x00, 0x02, 0xF2, 0xFF, 0xFF, 0xDB, 0x04, 0x00, 0x00, 0x00, 0x00, 0x00, 
0x00, 0x00, 0x00, 0x00, 0x00, 0x00, 0x00, 0x23, 0xFC, 0xFF, 0xFF, 0xAF, 0x00, 0x00, 0x00, 0x00, 
0x00, 0x00, 0x00, 0x08, 0x1F, 0x1B, 0x01, 0x00, 0x00, 0x00, 0x00, 0x00, 0x00, 0x00, 0x00, 0x00, 
0x00, 0x00, 0x00, 0x00, 0x00, 0x0C, 0x20, 0x16, 0x00, 0x00, 0x00, 0x00, 0x00, 0x00, 0x00, 0x00, 
0x00, 0x00, 0x00, 0x00, 0x00, 0x00, 0x46, 0x70, 0x6E, 0x34, 0x00, 0x00, 0x00, 0x00, 0x00, 0x00, 
0x42, 0xFF, 0xFF, 0xFF, 0xC0, 0x00, 0x00, 0x00, 0x00, 0x00, 0x00, 0x78, 0xFF, 0xFF, 0xFF, 0x8F, 
0x00, 0x00, 0x00, 0x00, 0x00, 0x00, 0xAB, 0xFF, 0xFF, 0xFF, 0x5C, 0x00, 0x00, 0x00, 0x00, 0x00, 
0x00, 0xDE, 0xFF, 0xFF, 0xFF, 0x29, 0x00, 0x00, 0x00, 0x00, 0x00, 0x11, 0xFF, 0xFF, 0xFF, 0xF4, 
0x02, 0x00, 0x00, 0x00, 0x00, 0x00, 0x44, 0xFF, 0xFF, 0xFF, 0xC3, 0x00, 0x00, 0x00, 0x00, 0x00, 
0x00, 0x77, 0xFF, 0xFF, 0xFF, 0x90, 0x00, 0x00, 0x00, 0x00, 0x00, 0x00, 0xAA, 0xFF, 0xFF, 0xFF, 
0x5D, 0x00, 0x00, 0x00, 0x00, 0x00, 0x00, 0xDD, 0xFF, 0xFF, 0xFF, 0x2A, 0x00, 0x00, 0x00, 0x00, 
0x00, 0x11, 0xFF, 0xFF, 0xFF, 0xF4, 0x02, 0x00, 0x00, 0x00, 0x00, 0x00, 0x43, 0xFF, 0xFF, 0xFF, 
0xC4, 0x00, 0x00, 0x00, 0x00, 0x00, 0x00, 0x76, 0xFF, 0xFF, 0xFF, 0x91, 0x00, 0x00, 0x00, 0x00, 
0x00, 0x00, 0xA9, 0xFF, 0xFF, 0xFF, 0x5E, 0x00, 0x00, 0x00, 0x00, 0x00, 0x00, 0xDC, 0xFF, 0xFF, 
0xFF, 0x2B, 0x00, 0x00, 0x00, 0x00, 0x00, 0x10, 0xFE, 0xFF, 0xFF, 0xF5, 0x03, 0x00, 0x00, 0x00, 
0x00, 0x00, 0x42, 0xFF, 0xFF, 0xFF, 0xC5, 0x00, 0x00, 0x00, 0x00, 0x00, 0x00, 0x75, 0xFF, 0xFF, 
0xFF, 0x92, 0x00, 0x00, 0x00, 0x00, 0x00, 0x00, 0xA8, 0xFF, 0xFF, 0xFF, 0x5F, 0x00, 0x00, 0x00, 
0x00, 0x00, 0x00, 0xDB, 0xFF, 0xFF, 0xFF, 0x2C, 0x00, 0x00, 0x00, 0x00, 0x00, 0x10, 0xFE, 0xFF, 
0xFF, 0xF5, 0x03, 0x00, 0x00, 0x00, 0x00, 0x00, 0x42, 0xFF, 0xFF, 0xFF, 0xC5, 0x00, 0x00, 0x00, 
0x00, 0x00, 0x00, 0x75, 0xFF, 0xFF, 0xFF, 0x92, 0x00, 0x00, 0x00, 0x00, 0x00, 0x00, 0xA8, 0xFF, 
0xFF, 0xFF, 0x5F, 0x00, 0x00, 0x00, 0x00, 0x00, 0x00, 0xDB, 0xFF, 0xFF, 0xFF, 0x2C, 0x00, 0x00, 
0x00, 0x00, 0x00, 0x0F, 0xFE, 0xFF, 0xFF, 0xF6, 0x03, 0x00, 0x00, 0x00, 0x00, 0x00, 0x41, 0xFF, 
0xFF, 0xFF, 0xC6, 0x00, 0x00, 0x00, 0x00, 0x00, 0x00, 0x74, 0xFF, 0xFF, 0xFF, 0x93, 0x00, 0x00, 
0x00, 0x00, 0x00, 0x00, 0xA7, 0xFF, 0xFF, 0xFF, 0x60, 0x00, 0x00, 0x00, 0x00, 0x00, 0x00, 0xDA, 
0xFF, 0xFF, 0xFF, 0x2D, 0x00, 0x00, 0x00, 0x00, 0x00, 0x02, 0xF2, 0xFF, 0xFF, 0xDC, 0x04, 0x00, 
0x00, 0x00, 0x00, 0x00, 0x00, 0x08, 0x1F, 0x1B, 0x01, 0x00, 0x00, 0x00, 0x00, 0x00, 0x00, 0x00, 
0x00, 0x00, 0x00, 0x00, 0x00, 0x00, 0x00, 0x00, 0x00, 0x00, 0x00, 0x00, 0x2F, 0x6C, 0x73, 0x54, 
0x01, 0x00, 0x00, 0x00, 0x00, 0x00, 0x00, 0x00, 0x00, 0x00, 0x00, 0x00, 0x00, 0x04, 0xF4, 0xFF, 
0xFF, 0xFF, 0x10, 0x00, 0x00, 0x00, 0x00, 0x00, 0x00, 0x00, 0x00, 0x00, 0x00, 0x00, 0x00, 0x30, 
0xFF, 0xFF, 0xFF, 0xDF, 0x00, 0x00, 0x00, 0x00, 0x00, 0x00, 0x00, 0x00, 0x00, 0x00, 0x00, 0x00, 
0x00, 0x63, 0xFF, 0xFF, 0xFF, 0xAC, 0x00, 0x00, 0x00, 0x00, 0x00, 0x00, 0x00, 0x00, 0x00, 0x00, 
0x00, 0x00, 0x00, 0x96, 0xFF, 0xFF, 0xFF, 0x79, 0x00, 0x00, 0x00, 0x00, 0x00, 0x00, 0x00, 0x00, 
0x00, 0x00, 0x00, 0x00, 0x00, 0xC9, 0xFF, 0xFF, 0xFF, 0x46, 0x00, 0x00, 0x00, 0x00, 0x00, 0x00, 
0x00, 0x00, 0x00, 0x00, 0x00, 0x00, 0x04, 0xF7, 0xFF, 0xFF, 0xFF, 0x13, 0x00, 0x00, 0x00, 0x00, 
0x00, 0x00, 0x00, 0x00, 0x00, 0x00, 0x00, 0x00, 0x30, 0xFF, 0xFF, 0xFF, 0xDF, 0x00, 0x00, 0x00, 
0x00, 0x00, 0x00, 0x00, 0x00, 0x00, 0x00, 0x00, 0x00, 0x00, 0x63, 0xFF, 0xFF, 0xFF, 0xAC, 0x00, 
0x00, 0x00, 0x00, 0x00, 0x00, 0x00, 0x00, 0x00, 0x00, 0x00, 0x00, 0x00, 0x96, 0xFF, 0xFF, 0xFF, 
0x79, 0x00, 0x00, 0x00, 0x00, 0x00, 0x00, 0x00, 0x00, 0x00, 0x00, 0x00, 0x00, 0x00, 0xC9, 0xFF, 
0xFF, 0xFF, 0x46, 0x00, 0x00, 0x00, 0x00, 0x00, 0x00, 0x00, 0x00, 0x00, 0x00, 0x00, 0x00, 0x04, 
0xF7, 0xFF, 0xFF, 0xFF, 0x13, 0x00, 0x00, 0x00, 0x00, 0x00, 0x00, 0x00, 0x00, 0x00, 0x00, 0x00, 
0x00, 0x2F, 0xFF, 0xFF, 0xFF, 0xDF, 0x00, 0x00, 0x00, 0x00, 0x00, 0x00, 0x00, 0x00, 0x00, 0x00, 
0x00, 0x00, 0x00, 0x62, 0xFF, 0xFF, 0xFF, 0xAC, 0x00, 0x00, 0x00, 0x00, 0x00, 0x00, 0x00, 0x00, 
0x00, 0x00, 0x00, 0x00, 0x00, 0x96, 0xFF, 0xFF, 0xFF, 0x79, 0x00, 0x00, 0x00, 0x00, 0x00, 0x00, 
0x00, 0x00, 0x00, 0x00, 0x00, 0x00, 0x00, 0xC9, 0xFF, 0xFF, 0xFF, 0x46, 0x00, 0x00, 0x00, 0x00, 
0x00, 0x00, 0x00, 0x00, 0x00, 0x00, 0x00, 0x00, 0x04, 0xF7, 0xFF, 0xFF, 0xFF, 0x13, 0x00, 0x00, 
0x00, 0x00, 0x00, 0x00, 0x00, 0x00, 0x00, 0x00, 0x00, 0x00, 0x2F, 0xFF, 0xFF, 0xFF, 0xE0, 0x00, 
0x00, 0x00, 0x00, 0x00, 0x00, 0x00, 0x00, 0x00, 0x00, 0x00, 0x00, 0x00, 0x62, 0xFF, 0xFF, 0xFF, 
0xAC, 0x00, 0x00, 0x00, 0x00, 0x00, 0x00, 0x00, 0x00, 0x00, 0x00, 0x00, 0x00, 0x00, 0x95, 0xFF, 
0xFF, 0xFF, 0x79, 0x00, 0x00, 0x00, 0x00, 0x00, 0x00, 0x00, 0x00, 0x00, 0x00, 0x00, 0x00, 0x00, 
0xC8, 0xFF, 0xFF, 0xFF, 0x46, 0x00, 0x00, 0x00, 0x00, 0x00, 0x00, 0x00, 0x00, 0x00, 0x00, 0x00, 
0x00, 0x04, 0xF7, 0xFF, 0xFF, 0xFF, 0x14, 0x00, 0x00, 0x00, 0x00, 0x00, 0x00, 0x00, 0x00, 0x00, 
0x00, 0x00, 0x00, 0x2F, 0xFF, 0xFF, 0xFF, 0xE0, 0x00, 0x00, 0x00, 0x00, 0x00, 0x00, 0x00, 0x00, 
0x00, 0x00, 0x00, 0x00, 0x00, 0x63, 0xFF, 0xFF, 0xFF, 0xAC, 0x00, 0x00, 0x00, 0x00, 0x00, 0x00, 
0x00, 0x00, 0x00, 0x00, 0x00, 0x00, 0x00, 0xA0, 0xFF, 0xFF, 0xFF, 0x70, 0x00, 0x00, 0x00, 0x00, 
0x00, 0x00, 0x00, 0x00, 0x00, 0x00, 0x00, 0x00, 0x07, 0xEC, 0xFF, 0xFF, 0xFF, 0x2A, 0x00, 0x00, 
0x00, 0x00, 0x00, 0x00, 0x17, 0x00, 0x00, 0x00, 0x00, 0x00, 0x76, 0xFF, 0xFF, 0xFF, 0xCE, 0x00, 
0x00, 0x00, 0x00, 0x00, 0x00, 0x33, 0xFE, 0xAD, 0x46, 0x20, 0x2C, 0x81, 0xFC, 0xFF, 0xFF, 0xFF, 
0x58, 0x00, 0x00, 0x00, 0x00, 0x00, 0x00, 0x86, 0xFF, 0xFF, 0xFF, 0xFF, 0xFF, 0xFF, 0xFF, 0xFF, 
0xFF, 0xBB, 0x02, 0x00, 0x00, 0x00, 0x00, 0x00, 0x00, 0xA7, 0xFF, 0xFF, 0xFF, 0xFF, 0xFF, 0xFF, 
0xFF, 0xFF, 0xCC, 0x14, 0x00, 0x00, 0x00, 0x00, 0x00, 0x00, 0x00, 0x43, 0xDF, 0xFF, 0xFF, 0xFF, 
0xFF, 0xFF, 0xF2, 0x86, 0x0A, 0x00, 0x00, 0x00, 0x00, 0x00, 0x00, 0x00, 0x00, 0x00, 0x01, 0x2E, 
0x50, 0x64, 0x5D, 0x40, 0x06, 0x00, 0x00, 0x00, 0x00, 0x00, 0x00, 0x00, 0x00, 0x00, 0x00, 0x00, 
0x00, 0x00, 0x00, 0x00, 0x00, 0x00, 0x46, 0x70, 0x6E, 0x34, 0x00, 0x00, 0x00, 0x00, 0x00, 0x00, 
0x00, 0x00, 0x00, 0x00, 0x05, 0x4F, 0x71, 0x70, 0x3E, 0x00, 0x00, 0x00, 0x00, 0x00, 0x00, 0x42, 
0xFF, 0xFF, 0xFF, 0xC7, 0x00, 0x00, 0x00, 0x00, 0x00, 0x00, 0x00, 0x00, 0x00, 0x0A, 0xBE, 0xFF, 
0xFF, 0xFF, 0xE1, 0x00, 0x00, 0x00, 0x00, 0x00, 0x00, 0x78, 0xFF, 0xFF, 0xFF, 0x97, 0x00, 0x00, 
0x00, 0x00, 0x00, 0x00, 0x00, 0x00, 0x09, 0xBD, 0xFF, 0xFF, 0xFF, 0xF8, 0x48, 0x00, 0x00, 0x00, 
0x00, 0x00, 0x00, 0xAB, 0xFF, 0xFF, 0xFF, 0x64, 0x00, 0x00, 0x00, 0x00, 0x00, 0x00, 0x00, 0x08, 
0xBB, 0xFF, 0xFF, 0xFF, 0xF7, 0x48, 0x00, 0x00, 0x00, 0x00, 0x00, 0x00, 0x00, 0xDE, 0xFF, 0xFF, 
0xFF, 0x31, 0x00, 0x00, 0x00, 0x00, 0x00, 0x00, 0x07, 0xB8, 0xFF, 0xFF, 0xFF, 0xF5, 0x43, 0x00, 
0x00, 0x00, 0x00, 0x00, 0x00, 0x00, 0x11, 0xFF, 0xFF, 0xFF, 0xF8, 0x05, 0x00, 0x00, 0x00, 0x00, 
0x00, 0x07, 0xB6, 0xFF, 0xFF, 0xFF, 0xF3, 0x3F, 0x00, 0x00, 0x00, 0x00, 0x00, 0x00, 0x00, 0x00, 
0x44, 0xFF, 0xFF, 0xFF, 0xCA, 0x00, 0x00, 0x00, 0x00, 0x00, 0x06, 0xB3, 0xFF, 0xFF, 0xFF, 0xF1, 
0x3B, 0x00, 0x00, 0x00, 0x00, 0x00, 0x00, 0x00, 0x00, 0x00, 0x77, 0xFF, 0xFF, 0xFF, 0x97, 0x00, 
0x00, 0x00, 0x00, 0x05, 0xB0, 0xFF, 0xFF, 0xFF, 0xEF, 0x36, 0x00, 0x00, 0x00, 0x00, 0x00, 0x00, 
0x00, 0x00, 0x00, 0x00, 0xAA, 0xFF, 0xFF, 0xFF, 0x63, 0x00, 0x00, 0x00, 0x04, 0xAD, 0xFF, 0xFF, 
0xFF, 0xED, 0x32, 0x00, 0x00, 0x00, 0x00, 0x00, 0x00, 0x00, 0x00, 0x00, 0x00, 0x00, 0xDD, 0xFF, 
0xFF, 0xFF, 0x30, 0x00, 0x00, 0x03, 0xAA, 0xFF, 0xFF, 0xFF, 0xEB, 0x2F, 0x00, 0x00, 0x00, 0x00, 
0x00, 0x00, 0x00, 0x00, 0x00, 0x00, 0x00, 0x11, 0xFF, 0xFF, 0xFF, 0xF8, 0x05, 0x00, 0x03, 0xA7, 
0xFF, 0xFF, 0xFF, 0xE8, 0x2B, 0x00, 0x00, 0x00, 0x00, 0x00, 0x00, 0x00, 0x00, 0x00, 0x00, 0x00, 
0x00, 0x43, 0xFF, 0xFF, 0xFF, 0xCA, 0x00, 0x02, 0xA4, 0xFF, 0xFF, 0xFF, 0xE5, 0x28, 0x00, 0x00, 
0x00, 0x00, 0x00, 0x00, 0x00, 0x00, 0x00, 0x00, 0x00, 0x00, 0x00, 0x77, 0xFF, 0xFF, 0xFF, 0x96, 
0x02, 0xA1, 0xFF, 0xFF, 0xFF, 0xE2, 0x24, 0x00, 0x00, 0x00, 0x00, 0x00, 0x00, 0x00, 0x00, 0x00, 
0x00, 0x00, 0x00, 0x00, 0x00, 0xAA, 0xFF, 0xFF, 0xFF, 0x65, 0x9E, 0xFF, 0xFF, 0xFF, 0xE0, 0x21, 
0x00, 0x00, 0x00, 0x00, 0x00, 0x00, 0x00, 0x00, 0x00, 0x00, 0x00, 0x00, 0x00, 0x00, 0x00, 0xDD, 
0xFF, 0xFF, 0xFF, 0xC7, 0xFF, 0xFF, 0xFF, 0xDC, 0x1E, 0x00, 0x00, 0x00, 0x00, 0x00, 0x00, 0x00, 
0x00, 0x00, 0x00, 0x00, 0x00, 0x00, 0x00, 0x00, 0x10, 0xFF, 0xFF, 0xFF, 0xF0, 0xD5, 0xFF, 0xFF, 
0xFF, 0xA1, 0x00, 0x00, 0x00, 0x00, 0x00, 0x00, 0x00, 0x00, 0x00, 0x00, 0x00, 0x00, 0x00, 0x00, 
0x00, 0x00, 0x43, 0xFF, 0xFF, 0xFF, 0xBE, 0x4D, 0xFF, 0xFF, 0xFF, 0xFE, 0x32, 0x00, 0x00, 0x00, 
0x00, 0x00, 0x00, 0x00, 0x00, 0x00, 0x00, 0x00, 0x00, 0x00, 0x00, 0x00, 0x76, 0xFF, 0xFF, 0xFF, 
0x8C, 0x00, 0xC0, 0xFF, 0xFF, 0xFF, 0xBF, 0x00, 0x00, 0x00, 0x00, 0x00, 0x00, 0x00, 0x00, 0x00, 
0x00, 0x00, 0x00, 0x00, 0x00, 0x00, 0xA9, 0xFF, 0xFF, 0xFF, 0x59, 0x00, 0x35, 0xFE, 0xFF, 0xFF, 
0xFF, 0x4F, 0x00, 0x00, 0x00, 0x00, 0x00, 0x00, 0x00, 0x00, 0x00, 0x00, 0x00, 0x00, 0x00, 0x00, 
0xDC, 0xFF, 0xFF, 0xFF, 0x26, 0x00, 0x00, 0xA8, 0xFF, 0xFF, 0xFF, 0xD9, 0x05, 0x00, 0x00, 0x00, 
0x00, 0x00, 0x00, 0x00, 0x00, 0x00, 0x00, 0x00, 0x00, 0x10, 0xFE, 0xFF, 0xFF, 0xF2, 0x01, 0x00, 
0x00, 0x22, 0xF9, 0xFF, 0xFF, 0xFF, 0x6E, 0x00, 0x00, 0x00, 0x00, 0x00, 0x00, 0x00, 0x00, 0x00, 
0x00, 0x00, 0x00, 0x42, 0xFF, 0xFF, 0xFF, 0xC1, 0x00, 0x00, 0x00, 0x00, 0x8F, 0xFF, 0xFF, 0xFF, 
0xED, 0x11, 0x00, 0x00, 0x00, 0x00, 0x00, 0x00, 0x00, 0x00, 0x00, 0x00, 0x00, 0x75, 0xFF, 0xFF, 
0xFF, 0x8F, 0x00, 0x00, 0x00, 0x00, 0x12, 0xEF, 0xFF, 0xFF, 0xFF, 0x8E, 0x00, 0x00, 0x00, 0x00, 
0x00, 0x00, 0x00, 0x00, 0x00, 0x00, 0x00, 0xA8, 0xFF, 0xFF, 0xFF, 0x5C, 0x00, 0x00, 0x00, 0x00, 
0x00, 0x77, 0xFF, 0xFF, 0xFF, 0xF9, 0x24, 0x00, 0x00, 0x00, 0x00, 0x00, 0x00, 0x00, 0x00, 0x00, 
0x00, 0xDB, 0xFF, 0xFF, 0xFF, 0x29, 0x00, 0x00, 0x00, 0x00, 0x00, 0x08, 0xE1, 0xFF, 0xFF, 0xFF, 
0xAD, 0x00, 0x00, 0x00, 0x00, 0x00, 0x00, 0x00, 0x00, 0x00, 0x0F, 0xFE, 0xFF, 0xFF, 0xF4, 0x02, 
0x00, 0x00, 0x00, 0x00, 0x00, 0x00, 0x5E, 0xFF, 0xFF, 0xFF, 0xFF, 0x3D, 0x00, 0x00, 0x00, 0x00, 
0x00, 0x00, 0x00, 0x00, 0x41, 0xFF, 0xFF, 0xFF, 0xC4, 0x00, 0x00, 0x00, 0x00, 0x00, 0x00, 0x00, 
0x02, 0xCF, 0xFF, 0xFF, 0xFF, 0xCB, 0x01, 0x00, 0x00, 0x00, 0x00, 0x00, 0x00, 0x00, 0x74, 0xFF, 
0xFF, 0xFF, 0x91, 0x00, 0x00, 0x00, 0x00, 0x00, 0x00, 0x00, 0x00, 0x45, 0xFF, 0xFF, 0xFF, 0xFF, 
0x5C, 0x00, 0x00, 0x00, 0x00, 0x00, 0x00, 0x00, 0xA8, 0xFF, 0xFF, 0xFF, 0x5F, 0x00, 0x00, 0x00, 
0x00, 0x00, 0x00, 0x00, 0x00, 0x00, 0xB9, 0xFF, 0xFF, 0xFF, 0xE2, 0x09, 0x00, 0x00, 0x00, 0x00, 
0x00, 0x00, 0xDB, 0xFF, 0xFF, 0xFF, 0x2C, 0x00, 0x00, 0x00, 0x00, 0x00, 0x00, 0x00, 0x00, 0x00, 
0x2F, 0xFD, 0xFF, 0xFF, 0xFF, 0x73, 0x00, 0x00, 0x00, 0x00, 0x00, 0x02, 0xF2, 0xFF, 0xFF, 0xDC, 
0x03, 0x00, 0x00, 0x00, 0x00, 0x00, 0x00, 0x00, 0x00, 0x00, 0x00, 0x94, 0xFF, 0xFF, 0xFF, 0x93, 
0x00, 0x00, 0x00, 0x00, 0x00, 0x00, 0x08, 0x1F, 0x1B, 0x01, 0x00, 0x00, 0x00, 0x00, 0x00, 0x00, 
0x00, 0x00, 0x00, 0x00, 0x00, 0x00, 0x12, 0x21, 0x17, 0x00, 0x00, 0x00, 0x00, 0x00, 0x00, 0x00, 
0x00, 0x00, 0x00, 0x00, 0x00, 0x46, 0x70, 0x6E, 0x34, 0x00, 0x00, 0x00, 0x00, 0x00, 0x00, 0x00, 
0x00, 0x00, 0x00, 0x00, 0x00, 0x42, 0xFF, 0xFF, 0xFF, 0xC0, 0x00, 0x00, 0x00, 0x00, 0x00, 0x00, 
0x00, 0x00, 0x00, 0x00, 0x00, 0x00, 0x78, 0xFF, 0xFF, 0xFF, 0x8F, 0x00, 0x00, 0x00, 0x00, 0x00, 
0x00, 0x00, 0x00, 0x00, 0x00, 0x00, 0x00, 0xAB, 0xFF, 0xFF, 0xFF, 0x5D, 0x00, 0x00, 0x00, 0x00, 
0x00, 0x00, 0x00, 0x00, 0x00, 0x00, 0x00, 0x00, 0xDE, 0xFF, 0xFF, 0xFF, 0x2A, 0x00, 0x00, 0x00, 
0x00, 0x00, 0x00, 0x00, 0x00, 0x00, 0x00, 0x00, 0x11, 0xFF, 0xFF, 0xFF, 0xF4, 0x02, 0x00, 0x00, 
0x00, 0x00, 0x00, 0x00, 0x00, 0x00, 0x00, 0x00, 0x00, 0x44, 0xFF, 0xFF, 0xFF, 0xC4, 0x00, 0x00, 
0x00, 0x00, 0x00, 0x00, 0x00, 0x00, 0x00, 0x00, 0x00, 0x00, 0x76, 0xFF, 0xFF, 0xFF, 0x91, 0x00, 
0x00, 0x00, 0x00, 0x00, 0x00, 0x00, 0x00, 0x00, 0x00, 0x00, 0x00, 0xA9, 0xFF, 0xFF, 0xFF, 0x5E, 
0x00, 0x00, 0x00, 0x00, 0x00, 0x00, 0x00, 0x00, 0x00, 0x00, 0x00, 0x00, 0xDC, 0xFF, 0xFF, 0xFF, 
0x2B, 0x00, 0x00, 0x00, 0x00, 0x00, 0x00, 0x00, 0x00, 0x00, 0x00, 0x00, 0x10, 0xFE, 0xFF, 0xFF, 
0xF5, 0x03, 0x00, 0x00, 0x00, 0x00, 0x00, 0x00, 0x00, 0x00, 0x00, 0x00, 0x00, 0x42, 0xFF, 0xFF, 
0xFF, 0xC5, 0x00, 0x00, 0x00, 0x00, 0x00, 0x00, 0x00, 0x00, 0x00, 0x00, 0x00, 0x00, 0x75, 0xFF, 
0xFF, 0xFF, 0x92, 0x00, 0x00, 0x00, 0x00, 0x00, 0x00, 0x00, 0x00, 0x00, 0x00, 0x00, 0x00, 0xA8, 
0xFF, 0xFF, 0xFF, 0x60, 0x00, 0x00, 0x00, 0x00, 0x00, 0x00, 0x00, 0x00, 0x00, 0x00, 0x00, 0x00, 
0xDB, 0xFF, 0xFF, 0xFF, 0x2D, 0x00, 0x00, 0x00, 0x00, 0x00, 0x00, 0x00, 0x00, 0x00, 0x00, 0x00, 
0x0F, 0xFE, 0xFF, 0xFF, 0xF6, 0x03, 0x00, 0x00, 0x00, 0x00, 0x00, 0x00, 0x00, 0x00, 0x00, 0x00, 
0x00, 0x41, 0xFF, 0xFF, 0xFF, 0xC7, 0x00, 0x00, 0x00, 0x00, 0x00, 0x00, 0x00, 0x00, 0x00, 0x00, 
0x00, 0x00, 0x74, 0xFF, 0xFF, 0xFF, 0x94, 0x00, 0x00, 0x00, 0x00, 0x00, 0x00, 0x00, 0x00, 0x00, 
0x00, 0x00, 0x00, 0xA7, 0xFF, 0xFF, 0xFF, 0x61, 0x00, 0x00, 0x00, 0x00, 0x00, 0x00, 0x00, 0x00, 
0x00, 0x00, 0x00, 0x00, 0xDA, 0xFF, 0xFF, 0xFF, 0x2E, 0x00, 0x00, 0x00, 0x00, 0x00, 0x00, 0x00, 
0x00, 0x00, 0x00, 0x00, 0x0E, 0xFE, 0xFF, 0xFF, 0xF7, 0x04, 0x00, 0x00, 0x00, 0x00, 0x00, 0x00, 
0x00, 0x00, 0x00, 0x00, 0x00, 0x40, 0xFF, 0xFF, 0xFF, 0xC8, 0x00, 0x00, 0x00, 0x00, 0x00, 0x00, 
0x00, 0x00, 0x00, 0x00, 0x00, 0x00, 0x73, 0xFF, 0xFF, 0xFF, 0x95, 0x00, 0x00, 0x00, 0x00, 0x00, 
0x00, 0x00, 0x00, 0x00, 0x00, 0x00, 0x00, 0xA6, 0xFF, 0xFF, 0xFF, 0x63, 0x00, 0x00, 0x00, 0x00, 
0x00, 0x00, 0x00, 0x00, 0x00, 0x00, 0x00, 0x00, 0xD8, 0xFF, 0xFF, 0xFF, 0x30, 0x00, 0x00, 0x00, 
0x00, 0x00, 0x00, 0x00, 0x00, 0x00, 0x00, 0x00, 0x0D, 0xFE, 0xFF, 0xFF, 0xF8, 0x05, 0x00, 0x00, 
0x00, 0x00, 0x00, 0x00, 0x00, 0x00, 0x00, 0x00, 0x00, 0x3E, 0xFF, 0xFF, 0xFF, 0xCA, 0x00, 0x00, 
0x00, 0x00, 0x00, 0x00, 0x00, 0x00, 0x00, 0x00, 0x00, 0x00, 0x71, 0xFF, 0xFF, 0xFF, 0xD2, 0x80, 
0x80, 0x80, 0x80, 0x80, 0x80, 0x80, 0x80, 0x80, 0x80, 0x68, 0x00, 0xA4, 0xFF, 0xFF, 0xFF, 0xFF, 
0xFF, 0xFF, 0xFF, 0xFF, 0xFF, 0xFF, 0xFF, 0xFF, 0xFF, 0xFF, 0xFB, 0x01, 0xD1, 0xFF, 0xFF, 0xFF, 
0xFF, 0xFF, 0xFF, 0xFF, 0xFF, 0xFF, 0xFF, 0xFF, 0xFF, 0xFF, 0xFF, 0xD4, 0x00, 0x9A, 0xFD, 0xFF, 
0xFF, 0xFF, 0xFF, 0xFF, 0xFF, 0xFF, 0xFF, 0xFF, 0xFF, 0xFF, 0xFF, 0xFD, 0x6B, 0x00, 0x00, 0x00, 
0x00, 0x00, 0x00, 0x00, 0x00, 0x0F, 0x4C, 0x54, 0x53, 0x40, 0x0E, 0x00, 0x00, 0x00, 0x00, 0x00, 
0x00, 0x00, 0x00, 0x00, 0x00, 0x00, 0x00, 0x00, 0x00, 0x00, 0x00, 0x00, 0x00, 0x00, 0x00, 0x00, 
0x2A, 0x4F, 0x54, 0x54, 0x41, 0x01, 0x00, 0x00, 0x00, 0x00, 0x00, 0x00, 0x16, 0xE4, 0xFF, 0xFF, 
0xFF, 0xFF, 0xEC, 0x2D, 0x00, 0x00, 0x00, 0x00, 0x00, 0x00, 0x00, 0x00, 0x00, 0x00, 0x00, 0x00, 
0x00, 0x00, 0x00, 0x00, 0x00, 0x00, 0x0F, 0xBB, 0xFF, 0xFF, 0xFF, 0xFF, 0xFF, 0x6C, 0x00, 0x00, 
0x00, 0x00, 0x00, 0x00, 0x73, 0xFF, 0xFF, 0xFF, 0xFF, 0xFF, 0xFF, 0xA4, 0x00, 0x00, 0x00, 0x00, 
0x00, 0x00, 0x00, 0x00, 0x00, 0x00, 0x00, 0x00, 0x00, 0x00, 0x00, 0x00, 0x00, 0x00, 0xB3, 0xFF, 
0xFF, 0xFF, 0xFF, 0xFF, 0xFF, 0x7A, 0x00, 0x00, 0x00, 0x00, 0x00, 0x00, 0xAB, 0xFF, 0xFF, 0xFF, 
0xFF, 0xFF, 0xFF, 0xE0, 0x00, 0x00, 0x00, 0x00, 0x00, 0x00, 0x00, 0x00, 0x00, 0x00, 0x00, 0x00, 
0x00, 0x00, 0x00, 0x00, 0x00, 0x58, 0xFF, 0xFF, 0xFF, 0xFF, 0xFF, 0xFF, 0xFF, 0x4C, 0x00, 0x00, 
0x00, 0x00, 0x00, 0x00, 0xDE, 0xFF, 0xFF, 0xFD, 0xC1, 0xFF, 0xFF, 0xFF, 0x14, 0x00, 0x00, 0x00, 
0x00, 0x00, 0x00, 0x00, 0x00, 0x00, 0x00, 0x00, 0x00, 0x00, 0x00, 0x00, 0x0F, 0xE7, 0xFF, 0xFF, 
0xE6, 0xD9, 0xFF, 0xFF, 0xFF, 0x19, 0x00, 0x00, 0x00, 0x00, 0x00, 0x11, 0xFF, 0xFF, 0xFF, 0xD5, 
0x86, 0xFF, 0xFF, 0xFF, 0x46, 0x00, 0x00, 0x00, 0x00, 0x00, 0x00, 0x00, 0x00, 0x00, 0x00, 0x00, 
0x00, 0x00, 0x00, 0x00, 0x95, 0xFF, 0xFF, 0xFF, 0x5D, 0xF8, 0xFF, 0xFF, 0xE6, 0x00, 0x00, 0x00, 
0x00, 0x00, 0x00, 0x44, 0xFF, 0xFF, 0xFF, 0xA2, 0x55, 0xFF, 0xFF, 0xFF, 0x7A, 0x00, 0x00, 0x00, 
0x00, 0x00, 0x00, 0x00, 0x00, 0x00, 0x00, 0x00, 0x00, 0x00, 0x00, 0x35, 0xFD, 0xFF, 0xFF, 0xBD, 
0x30, 0xFF, 0xFF, 0xFF, 0xB3, 0x00, 0x00, 0x00, 0x00, 0x00, 0x00, 0x77, 0xFF, 0xFF, 0xFF, 0x6E, 
0x25, 0xFF, 0xFF, 0xFF, 0xAD, 0x00, 0x00, 0x00, 0x00, 0x00, 0x00, 0x00, 0x00, 0x00, 0x00, 0x00, 
0x00, 0x00, 0x03, 0xCD, 0xFF, 0xFF, 0xF9, 0x27, 0x63, 0xFF, 0xFF, 0xFF, 0x81, 0x00, 0x00, 0x00, 
0x00, 0x00, 0x00, 0xAA, 0xFF, 0xFF, 0xFF, 0x3B, 0x01, 0xF2, 0xFF, 0xFF, 0xE0, 0x00, 0x00, 0x00, 
0x00, 0x00, 0x00, 0x00, 0x00, 0x00, 0x00, 0x00, 0x00, 0x00, 0x6F, 0xFF, 0xFF, 0xFF, 0x85, 0x00, 
0x97, 0xFF, 0xFF, 0xFF, 0x4E, 0x00, 0x00, 0x00, 0x00, 0x00, 0x00, 0xDD, 0xFF, 0xFF, 0xFD, 0x0B, 
0x00, 0xC4, 0xFF, 0xFF, 0xFF, 0x14, 0x00, 0x00, 0x00, 0x00, 0x00, 0x00, 0x00, 0x00, 0x00, 0x00, 
0x00, 0x1B, 0xF2, 0xFF, 0xFF, 0xDF, 0x09, 0x00, 0xCA, 0xFF, 0xFF, 0xFF, 0x1B, 0x00, 0x00, 0x00, 
0x00, 0x00, 0x11, 0xFF, 0xFF, 0xFF, 0xD5, 0x00, 0x00, 0x93, 0xFF, 0xFF, 0xFF, 0x47, 0x00, 0x00, 
0x00, 0x00, 0x00, 0x00, 0x00, 0x00, 0x00, 0x00, 0x00, 0xAC, 0xFF, 0xFF, 0xFF, 0x4D, 0x00, 0x04, 
0xF8, 0xFF, 0xFF, 0xE8, 0x00, 0x00, 0x00, 0x00, 0x00, 0x00, 0x43, 0xFF, 0xFF, 0xFF, 0xA2, 0x00, 
0x00, 0x63, 0xFF, 0xFF, 0xFF, 0x7A, 0x00, 0x00, 0x00, 0x00, 0x00, 0x00, 0x00, 0x00, 0x00, 0x00, 
0x49, 0xFF, 0xFF, 0xFF, 0xB1, 0x00, 0x00, 0x30, 0xFF, 0xFF, 0xFF, 0xB5, 0x00, 0x00, 0x00, 0x00, 
0x00, 0x00, 0x76, 0xFF, 0xFF, 0xFF, 0x6F, 0x00, 0x00, 0x32, 0xFF, 0xFF, 0xFF, 0xAD, 0x00, 0x00, 
0x00, 0x00, 0x00, 0x00, 0x00, 0x00, 0x00, 0x09, 0xDE, 0xFF, 0xFF, 0xF5, 0x1F, 0x00, 0x00, 0x63, 
0xFF, 0xFF, 0xFF, 0x82, 0x00, 0x00, 0x00, 0x00, 0x00, 0x00, 0xA9, 0xFF, 0xFF, 0xFF, 0x3C, 0x00, 
0x00, 0x06, 0xFA, 0xFF, 0xFF, 0xE1, 0x00, 0x00, 0x00, 0x00, 0x00, 0x00, 0x00, 0x00, 0x00, 0x86, 
0xFF, 0xFF, 0xFF, 0x79, 0x00, 0x00, 0x00, 0x97, 0xFF, 0xFF, 0xFF, 0x4F, 0x00, 0x00, 0x00, 0x00, 
0x00, 0x00, 0xDC, 0xFF, 0xFF, 0xFD, 0x0B, 0x00, 0x00, 0x00, 0xD1, 0xFF, 0xFF, 0xFF, 0x14, 0x00, 
0x00, 0x00, 0x00, 0x00, 0x00, 0x00, 0x2A, 0xFA, 0xFF, 0xFF, 0xD7, 0x05, 0x00, 0x00, 0x00, 0xCA, 
0xFF, 0xFF, 0xFF, 0x1C, 0x00, 0x00, 0x00, 0x00, 0x00, 0x10, 0xFF, 0xFF, 0xFF, 0xD5, 0x00, 0x00, 
0x00, 0x00, 0xA0, 0xFF, 0xFF, 0xFF, 0x47, 0x00, 0x00, 0x00, 0x00, 0x00, 0x00, 0x00, 0xC1, 0xFF, 
0xFF, 0xFF, 0x41, 0x00, 0x00, 0x00, 0x04, 0xF8, 0xFF, 0xFF, 0xEA, 0x00, 0x00, 0x00, 0x00, 0x00, 
0x00, 0x42, 0xFF, 0xFF, 0xFF, 0xA2, 0x00, 0x00, 0x00, 0x00, 0x70, 0xFF, 0xFF, 0xFF, 0x7A, 0x00, 
0x00, 0x00, 0x00, 0x00, 0x00, 0x61, 0xFF, 0xFF, 0xFF, 0xA5, 0x00, 0x00, 0x00, 0x00, 0x30, 0xFF, 
0xFF, 0xFF, 0xB7, 0x00, 0x00, 0x00, 0x00, 0x00, 0x00, 0x75, 0xFF, 0xFF, 0xFF, 0x6F, 0x00, 0x00, 
0x00, 0x00, 0x3F, 0xFF, 0xFF, 0xFF, 0xAE, 0x00, 0x00, 0x00, 0x00, 0x00, 0x13, 0xEB, 0xFF, 0xFF, 
0xF0, 0x18, 0x00, 0x00, 0x00, 0x00, 0x63, 0xFF, 0xFF, 0xFF, 0x84, 0x00, 0x00, 0x00, 0x00, 0x00, 
0x00, 0xA8, 0xFF, 0xFF, 0xFF, 0x3C, 0x00, 0x00, 0x00, 0x00, 0x0F, 0xFF, 0xFF, 0xFF, 0xE1, 0x00, 
0x00, 0x00, 0x00, 0x00, 0x9D, 0xFF, 0xFF, 0xFF, 0x6C, 0x00, 0x00, 0x00, 0x00, 0x00, 0x97, 0xFF, 
0xFF, 0xFF, 0x51, 0x00, 0x00, 0x00, 0x00, 0x00, 0x00, 0xDB, 0xFF, 0xFF, 0xFD, 0x0C, 0x00, 0x00, 
0x00, 0x00, 0x00, 0xDE, 0xFF, 0xFF, 0xFF, 0x14, 0x00, 0x00, 0x00, 0x3C, 0xFE, 0xFF, 0xFF, 0xCD, 
0x02, 0x00, 0x00, 0x00, 0x00, 0x00, 0xCA, 0xFF, 0xFF, 0xFF, 0x1E, 0x00, 0x00, 0x00, 0x00, 0x00, 
0x10, 0xFE, 0xFF, 0xFF, 0xD6, 0x00, 0x00, 0x00, 0x00, 0x00, 0x00, 0xAE, 0xFF, 0xFF, 0xFF, 0x48, 
0x00, 0x00, 0x05, 0xD4, 0xFF, 0xFF, 0xFD, 0x36, 0x00, 0x00, 0x00, 0x00, 0x00, 0x04, 0xF8, 0xFF, 
0xFF, 0xEB, 0x00, 0x00, 0x00, 0x00, 0x00, 0x00, 0x42, 0xFF, 0xFF, 0xFF, 0xA2, 0x00, 0x00, 0x00, 
0x00, 0x00, 0x00, 0x7D, 0xFF, 0xFF, 0xFF, 0x7B, 0x00, 0x00, 0x78, 0xFF, 0xFF, 0xFF, 0x98, 0x00, 
0x00, 0x00, 0x00, 0x00, 0x00, 0x30, 0xFF, 0xFF, 0xFF, 0xB8, 0x00, 0x00, 0x00, 0x00, 0x00, 0x00, 
0x75, 0xFF, 0xFF, 0xFF, 0x6F, 0x00, 0x00, 0x00, 0x00, 0x00, 0x00, 0x4D, 0xFF, 0xFF, 0xFF, 0xAE, 
0x00, 0x20, 0xF5, 0xFF, 0xFF, 0xEA, 0x11, 0x00, 0x00, 0x00, 0x00, 0x00, 0x00, 0x63, 0xFF, 0xFF, 
0xFF, 0x85, 0x00, 0x00, 0x00, 0x00, 0x00, 0x00, 0xA8, 0xFF, 0xFF, 0xFF, 0x3C, 0x00, 0x00, 0x00, 
0x00, 0x00, 0x00, 0x1C, 0xFF, 0xFF, 0xFF, 0xE1, 0x00, 0xB3, 0xFF, 0xFF, 0xFF, 0x60, 0x00, 0x00, 
0x00, 0x00, 0x00, 0x00, 0x00, 0x97, 0xFF, 0xFF, 0xFF, 0x52, 0x00, 0x00, 0x00, 0x00, 0x00, 0x00, 
0xDB, 0xFF, 0xFF, 0xFD, 0x0C, 0x00, 0x00, 0x00, 0x00, 0x00, 0x00, 0x00, 0xEB, 0xFF, 0xFF, 0xFF, 
0x68, 0xFF, 0xFF, 0xFF, 0xC3, 0x01, 0x00, 0x00, 0x00, 0x00, 0x00, 0x00, 0x00, 0xCA, 0xFF, 0xFF, 
0xFF, 0x20, 0x00, 0x00, 0x00, 0x00, 0x00, 0x0F, 0xFE, 0xFF, 0xFF, 0xD6, 0x00, 0x00, 0x00, 0x00, 
0x00, 0x00, 0x00, 0x00, 0xBB, 0xFF, 0xFF, 0xFF, 0xFC, 0xFF, 0xFF, 0xFB, 0x2C, 0x00, 0x00, 0x00, 
0x00, 0x00, 0x00, 0x00, 0x04, 0xF8, 0xFF, 0xFF, 0xED, 0x00, 0x00, 0x00, 0x00, 0x00, 0x00, 0x41, 
0xFF, 0xFF, 0xFF, 0xA3, 0x00, 0x00, 0x00, 0x00, 0x00, 0x00, 0x00, 0x00, 0x8A, 0xFF, 0xFF, 0xFF, 
0xFF, 0xFF, 0xFF, 0x8C, 0x00, 0x00, 0x00, 0x00, 0x00, 0x00, 0x00, 0x00, 0x30, 0xFF, 0xFF, 0xFF, 
0xBA, 0x00, 0x00, 0x00, 0x00, 0x00, 0x00, 0x74, 0xFF, 0xFF, 0xFF, 0x70, 0x00, 0x00, 0x00, 0x00, 
0x00, 0x00, 0x00, 0x00, 0x5A, 0xFF, 0xFF, 0xFF, 0xFF, 0xFF, 0xE3, 0x0C, 0x00, 0x00, 0x00, 0x00, 
0x00, 0x00, 0x00, 0x00, 0x63, 0xFF, 0xFF, 0xFF, 0x87, 0x00, 0x00, 0x00, 0x00, 0x00, 0x00, 0xA7, 
0xFF, 0xFF, 0xFF, 0x3D, 0x00, 0x00, 0x00, 0x00, 0x00, 0x00, 0x00, 0x00, 0x29, 0xFF, 0xFF, 0xFF, 
0xFF, 0xFF, 0x54, 0x00, 0x00, 0x00, 0x00, 0x00, 0x00, 0x00, 0x00, 0x00, 0x97, 0xFF, 0xFF, 0xFF, 
0x54, 0x00, 0x00, 0x00, 0x00, 0x00, 0x00, 0xDA, 0xFF, 0xFF, 0xFD, 0x0C, 0x00, 0x00, 0x00, 0x00, 
0x00, 0x00, 0x00, 0x00, 0x02, 0xF5, 0xFF, 0xFF, 0xFF, 0xB8, 0x00, 0x00, 0x00, 0x00, 0x00, 0x00, 
0x00, 0x00, 0x00, 0x00, 0xCA, 0xFF, 0xFF, 0xFF, 0x21, 0x00, 0x00, 0x00, 0x00, 0x00, 0x02, 0xF3, 
0xFF, 0xFF, 0xBD, 0x00, 0x00, 0x00, 0x00, 0x00, 0x00, 0x00, 0x00, 0x00, 0x00, 0xB7, 0xFF, 0xFF, 
0xE7, 0x23, 0x00, 0x00, 0x00, 0x00, 0x00, 0x00, 0x00, 0x00, 0x00, 0x00, 0xE5, 0xFF, 0xFF, 0xD4, 
0x00, 0x00, 0x00, 0x00, 0x00, 0x00, 0x00, 0x09, 0x20, 0x18, 0x00, 0x00, 0x00, 0x00, 0x00, 0x00, 
0x00, 0x00, 0x00, 0x00, 0x00, 0x01, 0x1C, 0x1D, 0x03, 0x00, 0x00, 0x00, 0x00, 0x00, 0x00, 0x00, 
0x00, 0x00, 0x00, 0x00, 0x07, 0x1F, 0x1B, 0x01, 0x00, 0x00, 0x00, 0x00, 0x00, 0x00, 0x00, 0x00, 
0x00, 0x00, 0x00, 0x00, 0x00, 0x10, 0x4D, 0x54, 0x4D, 0x1E, 0x00, 0x00, 0x00, 0x00, 0x00, 0x00, 
0x00, 0x00, 0x00, 0x00, 0x00, 0x00, 0x00, 0x00, 0x39, 0x62, 0x5E, 0x1D, 0x00, 0x00, 0x00, 0x00, 
0x00, 0x00, 0x1B, 0xE8, 0xFF, 0xFF, 0xFF, 0xFA, 0x4A, 0x00, 0x00, 0x00, 0x00, 0x00, 0x00, 0x00, 
0x00, 0x00, 0x00, 0x00, 0x00, 0x2C, 0xFF, 0xFF, 0xFF, 0x9A, 0x00, 0x00, 0x00, 0x00, 0x00, 0x00, 
0x75, 0xFF, 0xFF, 0xFF, 0xFF, 0xFF, 0xDA, 0x01, 0x00, 0x00, 0x00, 0x00, 0x00, 0x00, 0x00, 0x00, 
0x00, 0x00, 0x00, 0x65, 0xFF, 0xFF, 0xFF, 0x6B, 0x00, 0x00, 0x00, 0x00, 0x00, 0x00, 0xAC, 0xFF, 
0xFF, 0xFF, 0xFF, 0xFF, 0xFF, 0x40, 0x00, 0x00, 0x00, 0x00, 0x00, 0x00, 0x00, 0x00, 0x00, 0x00, 
0x00, 0x98, 0xFF, 0xFF, 0xFF, 0x37, 0x00, 0x00, 0x00, 0x00, 0x00, 0x00, 0xDF, 0xFF, 0xFF, 0xFF, 
0xFF, 0xFF, 0xFF, 0x9A, 0x00, 0x00, 0x00, 0x00, 0x00, 0x00, 0x00, 0x00, 0x00, 0x00, 0x00, 0xCC, 
0xFF, 0xFF, 0xFB, 0x08, 0x00, 0x00, 0x00, 0x00, 0x00, 0x12, 0xFF, 0xFF, 0xFF, 0xC1, 0xFF, 0xFF, 
0xFF, 0xEE, 0x06, 0x00, 0x00, 0x00, 0x00, 0x00, 0x00, 0x00, 0x00, 0x00, 0x06, 0xF9, 0xFF, 0xFF, 
0xD1, 0x00, 0x00, 0x00, 0x00, 0x00, 0x00, 0x45, 0xFF, 0xFF, 0xFF, 0x72, 0xD1, 0xFF, 0xFF, 0xFF, 
0x4E, 0x00, 0x00, 0x00, 0x00, 0x00, 0x00, 0x00, 0x00, 0x00, 0x33, 0xFF, 0xFF, 0xFF, 0x9D, 0x00, 
0x00, 0x00, 0x00, 0x00, 0x00, 0x78, 0xFF, 0xFF, 0xFF, 0x46, 0x7F, 0xFF, 0xFF, 0xFF, 0xA8, 0x00, 
0x00, 0x00, 0x00, 0x00, 0x00, 0x00, 0x00, 0x00, 0x67, 0xFF, 0xFF, 0xFF, 0x6A, 0x00, 0x00, 0x00, 
0x00, 0x00, 0x00, 0xAB, 0xFF, 0xFF, 0xFF, 0x1A, 0x2D, 0xFF, 0xFF, 0xFF, 0xF5, 0x0C, 0x00, 0x00, 
0x00, 0x00, 0x00, 0x00, 0x00, 0x00, 0x9B, 0xFF, 0xFF, 0xFF, 0x36, 0x00, 0x00, 0x00, 0x00, 0x00, 
0x00, 0xDE, 0xFF, 0xFF, 0xEB, 0x00, 0x00, 0xD6, 0xFF, 0xFF, 0xFF, 0x5B, 0x00, 0x00, 0x00, 0x00, 
0x00, 0x00, 0x00, 0x00, 0xCE, 0xFF, 0xFF, 0xFB, 0x08, 0x00, 0x00, 0x00, 0x00, 0x00, 0x11, 0xFF, 
0xFF, 0xFF, 0xBB, 0x00, 0x00, 0x80, 0xFF, 0xFF, 0xFF, 0xB5, 0x00, 0x00, 0x00, 0x00, 0x00, 0x00, 
0x00, 0x07, 0xFA, 0xFF, 0xFF, 0xCF, 0x00, 0x00, 0x00, 0x00, 0x00, 0x00, 0x44, 0xFF, 0xFF, 0xFF, 
0x8A, 0x00, 0x00, 0x29, 0xFF, 0xFF, 0xFF, 0xFB, 0x14, 0x00, 0x00, 0x00, 0x00, 0x00, 0x00, 0x36, 
0xFF, 0xFF, 0xFF, 0x9C, 0x00, 0x00, 0x00, 0x00, 0x00, 0x00, 0x77, 0xFF, 0xFF, 0xFF, 0x5A, 0x00, 
0x00, 0x00, 0xD0, 0xFF, 0xFF, 0xFF, 0x69, 0x00, 0x00, 0x00, 0x00, 0x00, 0x00, 0x69, 0xFF, 0xFF, 
0xFF, 0x69, 0x00, 0x00, 0x00, 0x00, 0x00, 0x00, 0xAA, 0xFF, 0xFF, 0xFF, 0x27, 0x00, 0x00, 0x00, 
0x77, 0xFF, 0xFF, 0xFF, 0xC3, 0x00, 0x00, 0x00, 0x00, 0x00, 0x00, 0x9D, 0xFF, 0xFF, 0xFF, 0x35, 
0x00, 0x00, 0x00, 0x00, 0x00, 0x00, 0xDD, 0xFF, 0xFF, 0xF2, 0x02, 0x00, 0x00, 0x00, 0x1E, 0xFE, 
0xFF, 0xFF, 0xFE, 0x1E, 0x00, 0x00, 0x00, 0x00, 0x00, 0xD0, 0xFF, 0xFF, 0xFA, 0x07, 0x00, 0x00, 
0x00, 0x00, 0x00, 0x11, 0xFF, 0xFF, 0xFF, 0xC1, 0x00, 0x00, 0x00, 0x00, 0x00, 0xC3, 0xFF, 0xFF, 
0xFF, 0x76, 0x00, 0x00, 0x00, 0x00, 0x08, 0xFB, 0xFF, 0xFF, 0xCE, 0x00, 0x00, 0x00, 0x00, 0x00, 
0x00, 0x43, 0xFF, 0xFF, 0xFF, 0x8E, 0x00, 0x00, 0x00, 0x00, 0x00, 0x69, 0xFF, 0xFF, 0xFF, 0xD0, 
0x00, 0x00, 0x00, 0x00, 0x38, 0xFF, 0xFF, 0xFF, 0x9B, 0x00, 0x00, 0x00, 0x00, 0x00, 0x00, 0x76, 
0xFF, 0xFF, 0xFF, 0x5C, 0x00, 0x00, 0x00, 0x00, 0x00, 0x13, 0xFA, 0xFF, 0xFF, 0xFF, 0x2A, 0x00, 
0x00, 0x00, 0x6B, 0xFF, 0xFF, 0xFF, 0x67, 0x00, 0x00, 0x00, 0x00, 0x00, 0x00, 0xA9, 0xFF, 0xFF, 
0xFF, 0x29, 0x00, 0x00, 0x00, 0x00, 0x00, 0x00, 0xB5, 0xFF, 0xFF, 0xFF, 0x84, 0x00, 0x00, 0x00, 
0x9D, 0xFF, 0xFF, 0xFF, 0x34, 0x00, 0x00, 0x00, 0x00, 0x00, 0x00, 0xDC, 0xFF, 0xFF, 0xF4, 0x02, 
0x00, 0x00, 0x00, 0x00, 0x00, 0x00, 0x5B, 0xFF, 0xFF, 0xFF, 0xDD, 0x00, 0x00, 0x00, 0xCE, 0xFF, 
0xFF, 0xFA, 0x07, 0x00, 0x00, 0x00, 0x00, 0x00, 0x10, 0xFE, 0xFF, 0xFF, 0xC3, 0x00, 0x00, 0x00, 
0x00, 0x00, 0x00, 0x00, 0x0B, 0xF5, 0xFF, 0xFF, 0xFF, 0x37, 0x00, 0x05, 0xF9, 0xFF, 0xFF, 0xCD, 
0x00, 0x00, 0x00, 0x00, 0x00, 0x00, 0x42, 0xFF, 0xFF, 0xFF, 0x90, 0x00, 0x00, 0x00, 0x00, 0x00, 
0x00, 0x00, 0x00, 0xA7, 0xFF, 0xFF, 0xFF, 0x90, 0x00, 0x30, 0xFF, 0xFF, 0xFF, 0x9A, 0x00, 0x00, 
0x00, 0x00, 0x00, 0x00, 0x75, 0xFF, 0xFF, 0xFF, 0x5D, 0x00, 0x00, 0x00, 0x00, 0x00, 0x00, 0x00, 
0x00, 0x4D, 0xFF, 0xFF, 0xFF, 0xE7, 0x02, 0x5F, 0xFF, 0xFF, 0xFF, 0x66, 0x00, 0x00, 0x00, 0x00, 
0x00, 0x00, 0xA8, 0xFF, 0xFF, 0xFF, 0x2A, 0x00, 0x00, 0x00, 0x00, 0x00, 0x00, 0x00, 0x00, 0x05, 
0xED, 0xFF, 0xFF, 0xFF, 0x41, 0x8C, 0xFF, 0xFF, 0xFF, 0x33, 0x00, 0x00, 0x00, 0x00, 0x00, 0x00, 
0xDB, 0xFF, 0xFF, 0xF4, 0x02, 0x00, 0x00, 0x00, 0x00, 0x00, 0x00, 0x00, 0x00, 0x00, 0x98, 0xFF, 
0xFF, 0xFF, 0x99, 0xB9, 0xFF, 0xFF, 0xF9, 0x06, 0x00, 0x00, 0x00, 0x00, 0x00, 0x10, 0xFE, 0xFF, 
0xFF, 0xC4, 0x00, 0x00, 0x00, 0x00, 0x00, 0x00, 0x00, 0x00, 0x00, 0x00, 0x3E, 0xFF, 0xFF, 0xFF, 
0xEC, 0xE9, 0xFF, 0xFF, 0xCC, 0x00, 0x00, 0x00, 0x00, 0x00, 0x00, 0x42, 0xFF, 0xFF, 0xFF, 0x91, 
0x00, 0x00, 0x00, 0x00, 0x00, 0x00, 0x00, 0x00, 0x00, 0x00, 0x01, 0xE2, 0xFF, 0xFF, 0xFF, 0xFF, 
0xFF, 0xFF, 0x99, 0x00, 0x00, 0x00, 0x00, 0x00, 0x00, 0x75, 0xFF, 0xFF, 0xFF, 0x5E, 0x00, 0x00, 
0x00, 0x00, 0x00, 0x00, 0x00, 0x00, 0x00, 0x00, 0x00, 0x8A, 0xFF, 0xFF, 0xFF, 0xFF, 0xFF, 0xFF, 
0x65, 0x00, 0x00, 0x00, 0x00, 0x00, 0x00, 0xA8, 0xFF, 0xFF, 0xFF, 0x2B, 0x00, 0x00, 0x00, 0x00, 
0x00, 0x00, 0x00, 0x00, 0x00, 0x00, 0x00, 0x2D, 0xFF, 0xFF, 0xFF, 0xFF, 0xFF, 0xFF, 0x32, 0x00, 
0x00, 0x00, 0x00, 0x00, 0x00, 0xDB, 0xFF, 0xFF, 0xF5, 0x03, 0x00, 0x00, 0x00, 0x00, 0x00, 0x00, 
0x00, 0x00, 0x00, 0x00, 0x00, 0x00, 0xC4, 0xFF, 0xFF, 0xFF, 0xFF, 0xF0, 0x05, 0x00, 0x00, 0x00, 
0x00, 0x00, 0x02, 0xF4, 0xFF, 0xFF, 0xA9, 0x00, 0x00, 0x00, 0x00, 0x00, 0x00, 0x00, 0x00, 0x00, 
0x00, 0x00, 0x00, 0x00, 0x2B, 0xDC, 0xFF, 0xFF, 0xF7, 0x64, 0x00, 0x00, 0x00, 0x00, 0x00, 0x00, 
0x00, 0x09, 0x20, 0x16, 0x00, 0x00, 0x00, 0x00, 0x00, 0x00, 0x00, 0x00, 0x00, 0x00, 0x00, 0x00, 
0x00, 0x00, 0x00, 0x00, 0x0E, 0x14, 0x06, 0x00, 0x00, 0x00, 0x00, 0x00, 0x00, 0x00, 0x00, 0x00, 
0x00, 0x00, 0x00, 0x00, 0x00, 0x00, 0x00, 0x00, 0x00, 0x00, 0x04, 0x3A, 0x7C, 0x9A, 0xAE, 0xC1, 
0xB9, 0xA7, 0x86, 0x49, 0x0C, 0x00, 0x00, 0x00, 0x00, 0x00, 0x00, 0x00, 0x00, 0x00, 0x00, 0x00, 
0x00, 0x00, 0x00, 0x00, 0x00, 0x22, 0x99, 0xF0, 0xFF, 0xFF, 0xFF, 0xFF, 0xFF, 0xFF, 0xFF, 0xFF, 
0xFF, 0xF2, 0x8D, 0x16, 0x00, 0x00, 0x00, 0x00, 0x00, 0x00, 0x00, 0x00, 0x00, 0x00, 0x00, 0x00, 
0x0C, 0x9A, 0xFC, 0xFF, 0xFF, 0xFF, 0xFF, 0xFF, 0xFF, 0xFF, 0xFF, 0xFF, 0xFF, 0xFF, 0xFF, 0xFF, 
0xE6, 0x3C, 0x00, 0x00, 0x00, 0x00, 0x00, 0x00, 0x00, 0x00, 0x00, 0x00, 0x32, 0xDB, 0xFF, 0xFF, 
0xFF, 0xFF, 0xFF, 0xF6, 0xD4, 0xBB, 0xB4, 0xC8, 0xF5, 0xFF, 0xFF, 0xFF, 0xFF, 0xFF, 0xF6, 0x2E, 
0x00, 0x00, 0x00, 0x00, 0x00, 0x00, 0x00, 0x00, 0x3A, 0xF3, 0xFF, 0xFF, 0xFF, 0xFF, 0xC2, 0x57, 
0x0A, 0x00, 0x00, 0x00, 0x00, 0x06, 0x50, 0xD4, 0xFF, 0xFF, 0xFF, 0xFF, 0xDB, 0x05, 0x00, 0x00, 
0x00, 0x00, 0x00, 0x00, 0x32, 0xF2, 0xFF, 0xFF, 0xFF, 0xF1, 0x5C, 0x00, 0x00, 0x00, 0x00, 0x00, 
0x00, 0x00, 0x00, 0x00, 0x09, 0xB7, 0xFF, 0xFF, 0xFF, 0xFF, 0x5F, 0x00, 0x00, 0x00, 0x00, 0x00, 
0x0C, 0xDB, 0xFF, 0xFF, 0xFF, 0xE6, 0x2F, 0x00, 0x00, 0x00, 0x00, 0x00, 0x00, 0x00, 0x00, 0x00, 
0x00, 0x00, 0x11, 0xE8, 0xFF, 0xFF, 0xFF, 0xC7, 0x00, 0x00, 0x00, 0x00, 0x00, 0x9C, 0xFF, 0xFF, 
0xFF, 0xF6, 0x30, 0x00, 0x00, 0x00, 0x00, 0x00, 0x00, 0x00, 0x00, 0x00, 0x00, 0x00, 0x00, 0x00, 
0x80, 0xFF, 0xFF, 0xFF, 0xFB, 0x0B, 0x00, 0x00, 0x00, 0x31, 0xFE, 0xFF, 0xFF, 0xFF, 0x64, 0x00, 
0x00, 0x00, 0x00, 0x00, 0x00, 0x00, 0x00, 0x00, 0x00, 0x00, 0x00, 0x00, 0x00, 0x31, 0xFF, 0xFF, 
0xFF, 0xFF, 0x3D, 0x00, 0x00, 0x00, 0xB9, 0xFF, 0xFF, 0xFF, 0xCA, 0x01, 0x00, 0x00, 0x00, 0x00, 
0x00, 0x00, 0x00, 0x00, 0x00, 0x00, 0x00, 0x00, 0x00, 0x00, 0x05, 0xFC, 0xFF, 0xFF, 0xFF, 0x53, 
0x00, 0x00, 0x2D, 0xFF, 0xFF, 0xFF, 0xFF, 0x45, 0x00, 0x00, 0x00, 0x00, 0x00, 0x00, 0x00, 0x00, 
0x00, 0x00, 0x00, 0x00, 0x00, 0x00, 0x00, 0x00, 0xEE, 0xFF, 0xFF, 0xFF, 0x65, 0x00, 0x00, 0x97, 
0xFF, 0xFF, 0xFF, 0xD6, 0x00, 0x00, 0x00, 0x00, 0x00, 0x00, 0x00, 0x00, 0x00, 0x00, 0x00, 0x00, 
0x00, 0x00, 0x00, 0x00, 0x00, 0xE8, 0xFF, 0xFF, 0xFF, 0x64, 0x00, 0x04, 0xEE, 0xFF, 0xFF, 0xFF, 
0x75, 0x00, 0x00, 0x00, 0x00, 0x00, 0x00, 0x00, 0x00, 0x00, 0x00, 0x00, 0x00, 0x00, 0x00, 0x00, 
0x00, 0x00, 0xF3, 0xFF, 0xFF, 0xFF, 0x59, 0x00, 0x40, 0xFF, 0xFF, 0xFF, 0xFF, 0x21, 0x00, 0x00, 
0x00, 0x00, 0x00, 0x00, 0x00, 0x00, 0x00, 0x00, 0x00, 0x00, 0x00, 0x00, 0x00, 0x00, 0x0A, 0xFF, 
0xFF, 0xFF, 0xFF, 0x40, 0x00, 0x88, 0xFF, 0xFF, 0xFF, 0xD8, 0x00, 0x00, 0x00, 0x00, 0x00, 0x00, 
0x00, 0x00, 0x00, 0x00, 0x00, 0x00, 0x00, 0x00, 0x00, 0x00, 0x00, 0x28, 0xFF, 0xFF, 0xFF, 0xFF, 
0x22, 0x00, 0xBF, 0xFF, 0xFF, 0xFF, 0x9A, 0x00, 0x00, 0x00, 0x00, 0x00, 0x00, 0x00, 0x00, 0x00, 
0x00, 0x00, 0x00, 0x00, 0x00, 0x00, 0x00, 0x00, 0x53, 0xFF, 0xFF, 0xFF, 0xF5, 0x02, 0x00, 0xF0, 
0xFF, 0xFF, 0xFF, 0x69, 0x00, 0x00, 0x00, 0x00, 0x00, 0x00, 0x00, 0x00, 0x00, 0x00, 0x00, 0x00, 
0x00, 0x00, 0x00, 0x00, 0x00, 0x8A, 0xFF, 0xFF, 0xFF, 0xC5, 0x00, 0x14, 0xFF, 0xFF, 0xFF, 0xFF, 
0x40, 0x00, 0x00, 0x00, 0x00, 0x00, 0x00, 0x00, 0x00, 0x00, 0x00, 0x00, 0x00, 0x00, 0x00, 0x00, 
0x00, 0x00, 0xCA, 0xFF, 0xFF, 0xFF, 0x89, 0x00, 0x31, 0xFF, 0xFF, 0xFF, 0xFF, 0x24, 0x00, 0x00, 
0x00, 0x00, 0x00, 0x00, 0x00, 0x00, 0x00, 0x00, 0x00, 0x00, 0x00, 0x00, 0x00, 0x00, 0x1A, 0xFE, 
0xFF, 0xFF, 0xFF, 0x3E, 0x00, 0x44, 0xFF, 0xFF, 0xFF, 0xFF, 0x0F, 0x00, 0x00, 0x00, 0x00, 0x00, 
0x00, 0x00, 0x00, 0x00, 0x00, 0x00, 0x00, 0x00, 0x00, 0x00, 0x00, 0x70, 0xFF, 0xFF, 0xFF, 0xEA, 
0x04, 0x00, 0x4F, 0xFF, 0xFF, 0xFF, 0xFF, 0x06, 0x00, 0x00, 0x00, 0x00, 0x00, 0x00, 0x00, 0x00, 
0x00, 0x00, 0x00, 0x00, 0x00, 0x00, 0x00, 0x01, 0xD8, 0xFF, 0xFF, 0xFF, 0x8B, 0x00, 0x00, 0x4B, 
0xFF, 0xFF, 0xFF, 0xFF, 0x10, 0x00, 0x00, 0x00, 0x00, 0x00, 0x00, 0x00, 0x00, 0x00, 0x00, 0x00, 
0x00, 0x00, 0x00, 0x00, 0x4E, 0xFF, 0xFF, 0xFF, 0xFD, 0x26, 0x00, 0x00, 0x3A, 0xFF, 0xFF, 0xFF, 
0xFF, 0x29, 0x00, 0x00, 0x00, 0x00, 0x00, 0x00, 0x00, 0x00, 0x00, 0x00, 0x00, 0x00, 0x00, 0x00, 
0x05, 0xD9, 0xFF, 0xFF, 0xFF, 0xA5, 0x00, 0x00, 0x00, 0x20, 0xFF, 0xFF, 0xFF, 0xFF, 0x5D, 0x00, 
0x00, 0x00, 0x00, 0x00, 0x00, 0x00, 0x00, 0x00, 0x00, 0x00, 0x00, 0x00, 0x00, 0x85, 0xFF, 0xFF, 
0xFF, 0xFB, 0x24, 0x00, 0x00, 0x00, 0x00, 0xE6, 0xFF, 0xFF, 0xFF, 0xB6, 0x00, 0x00, 0x00, 0x00, 
0x00, 0x00, 0x00, 0x00, 0x00, 0x00, 0x00, 0x00, 0x00, 0x54, 0xFE, 0xFF, 0xFF, 0xFF, 0x7E, 0x00, 
0x00, 0x00, 0x00, 0x00, 0xA1, 0xFF, 0xFF, 0xFF, 0xFF, 0x48, 0x00, 0x00, 0x00, 0x00, 0x00, 0x00, 
0x00, 0x00, 0x00, 0x00, 0x00, 0x60, 0xFB, 0xFF, 0xFF, 0xFF, 0xC8, 0x03, 0x00, 0x00, 0x00, 0x00, 
0x00, 0x30, 0xFF, 0xFF, 0xFF, 0xFF, 0xF2, 0x4A, 0x00, 0x00, 0x00, 0x00, 0x00, 0x00, 0x00, 0x00, 
0x17, 0xA2, 0xFF, 0xFF, 0xFF, 0xFF, 0xDA, 0x18, 0x00, 0x00, 0x00, 0x00, 0x00, 0x00, 0x00, 0xA1, 
0xFF, 0xFF, 0xFF, 0xFF, 0xFF, 0xB9, 0x62, 0x2B, 0x16, 0x16, 0x2F, 0x55, 0xA6, 0xF4, 0xFF, 0xFF, 
0xFF, 0xFF, 0xDB, 0x1D, 0x00, 0x00, 0x00, 0x00, 0x00, 0x00, 0x00, 0x00, 0x0A, 0xCC, 0xFF, 0xFF, 
0xFF, 0xFF, 0xFF, 0xFF, 0xFF, 0xFF, 0xFF, 0xFF, 0xFF, 0xFF, 0xFF, 0xFF, 0xFF, 0xFF, 0xA9, 0x0E, 
0x00, 0x00, 0x00, 0x00, 0x00, 0x00, 0x00, 0x00, 0x00, 0x00, 0x0B, 0xA3, 0xFF, 0xFF, 0xFF, 0xFF, 
0xFF, 0xFF, 0xFF, 0xFF, 0xFF, 0xFF, 0xFF, 0xFF, 0xFF, 0xD5, 0x55, 0x00, 0x00, 0x00, 0x00, 0x00, 
0x00, 0x00, 0x00, 0x00, 0x00, 0x00, 0x00, 0x00, 0x00, 0x37, 0xA9, 0xF1, 0xFF, 0xFF, 0xFF, 0xFF, 
0xFF, 0xFF, 0xFF, 0xF7, 0xB5, 0x55, 0x02, 0x00, 0x00, 0x00, 0x00, 0x00, 0x00, 0x00, 0x00, 0x00, 
0x00, 0x00, 0x00, 0x00, 0x00, 0x00, 0x00, 0x00, 0x02, 0x2F, 0x53, 0x64, 0x71, 0x6A, 0x55, 0x32, 
0x05, 0x00, 0x00, 0x00, 0x00, 0x00, 0x00, 0x00, 0x00, 0x00, 0x00, 0x00, 0x00, 0x00, 0x00, 0x00, 
0x00, 0x00, 0x00, 0x00, 0x00, 0x10, 0x4B, 0x54, 0x54, 0x54, 0x54, 0x54, 0x53, 0x4F, 0x42, 0x21, 
0x02, 0x00, 0x00, 0x00, 0x00, 0x00, 0x00, 0x00, 0x00, 0x00, 0x00, 0x00, 0x1C, 0xEA, 0xFF, 0xFF, 
0xFF, 0xFF, 0xFF, 0xFF, 0xFF, 0xFF, 0xFF, 0xFF, 0xF3, 0xAB, 0x3B, 0x00, 0x00, 0x00, 0x00, 0x00, 
0x00, 0x00, 0x00, 0x00, 0x75, 0xFF, 0xFF, 0xFF, 0xFF, 0xFF, 0xFF, 0xFF, 0xFF, 0xFF, 0xFF, 0xFF, 
0xFF, 0xFF, 0xFF, 0x96, 0x03, 0x00, 0x00, 0x00, 0x00, 0x00, 0x00, 0x00, 0xAC, 0xFF, 0xFF, 0xFF, 
0xFF, 0xFF, 0xFF, 0xFF, 0xFF, 0xFF, 0xFF, 0xFF, 0xFF, 0xFF, 0xFF, 0xFF, 0x94, 0x00, 0x00, 0x00, 
0x00, 0x00, 0x00, 0x00, 0xDF, 0xFF, 0xFF, 0xFF, 0x26, 0x00, 0x00, 0x00, 0x03, 0x10, 0x38, 0x96, 
0xF9, 0xFF, 0xFF, 0xFF, 0xFF, 0x34, 0x00, 0x00, 0x00, 0x00, 0x00, 0x12, 0xFF, 0xFF, 0xFF, 0xF2, 
0x01, 0x00, 0x00, 0x00, 0x00, 0x00, 0x00, 0x00, 0x4C, 0xFE, 0xFF, 0xFF, 0xFF, 0x98, 0x00, 0x00, 
0x00, 0x00, 0x00, 0x45, 0xFF, 0xFF, 0xFF, 0xC1, 0x00, 0x00, 0x00, 0x00, 0x00, 0x00, 0x00, 0x00, 
0x00, 0xAF, 0xFF, 0xFF, 0xFF, 0xD2, 0x00, 0x00, 0x00, 0x00, 0x00, 0x78, 0xFF, 0xFF, 0xFF, 0x8F, 
0x00, 0x00, 0x00, 0x00, 0x00, 0x00, 0x00, 0x00, 0x00, 0x6D, 0xFF, 0xFF, 0xFF, 0xE9, 0x00, 0x00, 
0x00, 0x00, 0x00, 0xAB, 0xFF, 0xFF, 0xFF, 0x5D, 0x00, 0x00, 0x00, 0x00, 0x00, 0x00, 0x00, 0x00, 
0x00, 0x5D, 0xFF, 0xFF, 0xFF, 0xE4, 0x00, 0x00, 0x00, 0x00, 0x00, 0xDE, 0xFF, 0xFF, 0xFF, 0x2A, 
0x00, 0x00, 0x00, 0x00, 0x00, 0x00, 0x00, 0x00, 0x00, 0x76, 0xFF, 0xFF, 0xFF, 0xC9, 0x00, 0x00, 
0x00, 0x00, 0x11, 0xFF, 0xFF, 0xFF, 0xF5, 0x03, 0x00, 0x00, 0x00, 0x00, 0x00, 0x00, 0x00, 0x00, 
0x00, 0xB0, 0xFF, 0xFF, 0xFF, 0x9A, 0x00, 0x00, 0x00, 0x00, 0x44, 0xFF, 0xFF, 0xFF, 0xC6, 0x00, 
0x00, 0x00, 0x00, 0x00, 0x00, 0x00, 0x00, 0x00, 0x0C, 0xF5, 0xFF, 0xFF, 0xFF, 0x54, 0x00, 0x00, 
0x00, 0x00, 0x77, 0xFF, 0xFF, 0xFF, 0x93, 0x00, 0x00, 0x00, 0x00, 0x00, 0x00, 0x00, 0x00, 0x00, 
0x87, 0xFF, 0xFF, 0xFF, 0xEB, 0x07, 0x00, 0x00, 0x00, 0x00, 0xAA, 0xFF, 0xFF, 0xFF, 0x61, 0x00, 
0x00, 0x00, 0x00, 0x00, 0x00, 0x00, 0x00, 0x30, 0xF8, 0xFF, 0xFF, 0xFF, 0x78, 0x00, 0x00, 0x00, 
0x00, 0x00, 0xDD, 0xFF, 0xFF, 0xFF, 0x2F, 0x00, 0x00, 0x00, 0x00, 0x00, 0x00, 0x00, 0x3D, 0xE9, 
0xFF, 0xFF, 0xFF, 0xD4, 0x07, 0x00, 0x00, 0x00, 0x00, 0x10, 0xFF, 0xFF, 0xFF, 0xF7, 0x04, 0x00, 
0x00, 0x00, 0x00, 0x07, 0x3E, 0xA4, 0xFE, 0xFF, 0xFF, 0xFF, 0xEE, 0x29, 0x00, 0x00, 0x00, 0x00, 
0x00, 0x43, 0xFF, 0xFF, 0xFF, 0xFA, 0xD8, 0xD8, 0xD8, 0xD8, 0xE4, 0xF9, 0xFF, 0xFF, 0xFF, 0xFF, 
0xFF, 0xE8, 0x33, 0x00, 0x00, 0x00, 0x00, 0x00, 0x00, 0x76, 0xFF, 0xFF, 0xFF, 0xFF, 0xFF, 0xFF, 
0xFF, 0xFF, 0xFF, 0xFF, 0xFF, 0xFF, 0xFF, 0xFF, 0xB1, 0x18, 0x00, 0x00, 0x00, 0x00, 0x00, 0x00, 
0x00, 0xA9, 0xFF, 0xFF, 0xFF, 0xFF, 0xFF, 0xFF, 0xFF, 0xFF, 0xFF, 0xFF, 0xFF, 0xF3, 0xA3, 0x3A, 
0x00, 0x00, 0x00, 0x00, 0x00, 0x00, 0x00, 0x00, 0x00, 0xDC, 0xFF, 0xFF, 0xFF, 0x8A, 0x78, 0x78, 
0x78, 0x75, 0x68, 0x57, 0x2D, 0x04, 0x00, 0x00, 0x00, 0x00, 0x00, 0x00, 0x00, 0x00, 0x00, 0x00, 
0x10, 0xFE, 0xFF, 0xFF, 0xF6, 0x04, 0x00, 0x00, 0x00, 0x00, 0x00, 0x00, 0x00, 0x00, 0x00, 0x00, 
0x00, 0x00, 0x00, 0x00, 0x00, 0x00, 0x00, 0x00, 0x42, 0xFF, 0xFF, 0xFF, 0xC7, 0x00, 0x00, 0x00, 
0x00, 0x00, 0x00, 0x00, 0x00, 0x00, 0x00, 0x00, 0x00, 0x00, 0x00, 0x00, 0x00, 0x00, 0x00, 0x00, 
0x75, 0xFF, 0xFF, 0xFF, 0x94, 0x00, 0x00, 0x00, 0x00, 0x00, 0x00, 0x00, 0x00, 0x00, 0x00, 0x00, 
0x00, 0x00, 0x00, 0x00, 0x00, 0x00, 0x00, 0x00, 0xA8, 0xFF, 0xFF, 0xFF, 0x61, 0x00, 0x00, 0x00, 
0x00, 0x00, 0x00, 0x00, 0x00, 0x00, 0x00, 0x00, 0x00, 0x00, 0x00, 0x00, 0x00, 0x00, 0x00, 0x00, 
0xDB, 0xFF, 0xFF, 0xFF, 0x2D, 0x00, 0x00, 0x00, 0x00, 0x00, 0x00, 0x00, 0x00, 0x00, 0x00, 0x00, 
0x00, 0x00, 0x00, 0x00, 0x00, 0x00, 0x00, 0x0F, 0xFE, 0xFF, 0xFF, 0xF6, 0x04, 0x00, 0x00, 0x00, 
0x00, 0x00, 0x00, 0x00, 0x00, 0x00, 0x00, 0x00, 0x00, 0x00, 0x00, 0x00, 0x00, 0x00, 0x00, 0x41, 
0xFF, 0xFF, 0xFF, 0xC7, 0x00, 0x00, 0x00, 0x00, 0x00, 0x00, 0x00, 0x00, 0x00, 0x00, 0x00, 0x00, 
0x00, 0x00, 0x00, 0x00, 0x00, 0x00, 0x00, 0x74, 0xFF, 0xFF, 0xFF, 0x94, 0x00, 0x00, 0x00, 0x00, 
0x00, 0x00, 0x00, 0x00, 0x00, 0x00, 0x00, 0x00, 0x00, 0x00, 0x00, 0x00, 0x00, 0x00, 0x00, 0xA7, 
0xFF, 0xFF, 0xFF, 0x61, 0x00, 0x00, 0x00, 0x00, 0x00, 0x00, 0x00, 0x00, 0x00, 0x00, 0x00, 0x00, 
0x00, 0x00, 0x00, 0x00, 0x00, 0x00, 0x00, 0xDA, 0xFF, 0xFF, 0xFF, 0x2D, 0x00, 0x00, 0x00, 0x00, 
0x00, 0x00, 0x00, 0x00, 0x00, 0x00, 0x00, 0x00, 0x00, 0x00, 0x00, 0x00, 0x00, 0x00, 0x01, 0xF2, 
0xFF, 0xFF, 0xDB, 0x04, 0x00, 0x00, 0x00, 0x00, 0x00, 0x00, 0x00, 0x00, 0x00, 0x00, 0x00, 0x00, 
0x00, 0x00, 0x00, 0x00, 0x00, 0x00, 0x00, 0x07, 0x1F, 0x1A, 0x01, 0x00, 0x00, 0x00, 0x00, 0x00, 
0x00, 0x00, 0x00, 0x00, 0x00, 0x00, 0x00, 0x00, 0x00, 0x00, 0x00, 0x00, 0x00, 0x00, 0x00, 0x00, 
0x00, 0x00, 0x00, 0x00, 0x00, 0x00, 0x00, 0x00, 0x00, 0x00, 0x04, 0x3C, 0x7E, 0x9B, 0xAF, 0xC1, 
0xB9, 0xA7, 0x85, 0x48, 0x0C, 0x00, 0x00, 0x00, 0x00, 0x00, 0x00, 0x00, 0x00, 0x00, 0x00, 0x00, 
0x00, 0x00, 0x00, 0x00, 0x00, 0x25, 0x9D, 0xF2, 0xFF, 0xFF, 0xFF, 0xFF, 0xFF, 0xFF, 0xFF, 0xFF, 
0xFF, 0xF1, 0x8A, 0x14, 0x00, 0x00, 0x00, 0x00, 0x00, 0x00, 0x00, 0x00, 0x00, 0x00, 0x00, 0x00, 
0x0F, 0x9F, 0xFD, 0xFF, 0xFF, 0xFF, 0xFF, 0xFF, 0xFF, 0xFF, 0xFF, 0xFF, 0xFF, 0xFF, 0xFF, 0xFF, 
0xE3, 0x37, 0x00, 0x00, 0x00, 0x00, 0x00, 0x00, 0x00, 0x00, 0x00, 0x00, 0x37, 0xDF, 0xFF, 0xFF, 
0xFF, 0xFF, 0xFF, 0xF5, 0xD4, 0xBA, 0xB4, 0xC9, 0xF5, 0xFF, 0xFF, 0xFF, 0xFF, 0xFF, 0xF3, 0x2A, 
0x00, 0x00, 0x00, 0x00, 0x00, 0x00, 0x00, 0x00, 0x3F, 0xF5, 0xFF, 0xFF, 0xFF, 0xFF, 0xC0, 0x55, 
0x09, 0x00, 0x00, 0x00, 0x00, 0x07, 0x51, 0xD5, 0xFF, 0xFF, 0xFF, 0xFF, 0xD7, 0x04, 0x00, 0x00, 
0x00, 0x00, 0x00, 0x00, 0x36, 0xF4, 0xFF, 0xFF, 0xFF, 0xF0, 0x59, 0x00, 0x00, 0x00, 0x00, 0x00, 
0x00, 0x00, 0x00, 0x00, 0x0A, 0xBA, 0xFF, 0xFF, 0xFF, 0xFF, 0x5B, 0x00, 0x00, 0x00, 0x00, 0x00, 
0x0F, 0xDF, 0xFF, 0xFF, 0xFF, 0xE4, 0x2D, 0x00, 0x00, 0x00, 0x00, 0x00, 0x00, 0x00, 0x00, 0x00, 
0x00, 0x00, 0x13, 0xEA, 0xFF, 0xFF, 0xFF, 0xC3, 0x00, 0x00, 0x00, 0x00, 0x00, 0xA4, 0xFF, 0xFF, 
0xFF, 0xF5, 0x2E, 0x00, 0x00, 0x00, 0x00, 0x00, 0x00, 0x00, 0x00, 0x00, 0x00, 0x00, 0x00, 0x00, 
0x84, 0xFF, 0xFF, 0xFF, 0xF9, 0x09, 0x00, 0x00, 0x00, 0x38, 0xFF, 0xFF, 0xFF, 0xFF, 0x61, 0x00, 
0x00, 0x00, 0x00, 0x00, 0x00, 0x00, 0x00, 0x00, 0x00, 0x00, 0x00, 0x00, 0x00, 0x35, 0xFF, 0xFF, 
0xFF, 0xFF, 0x39, 0x00, 0x00, 0x00, 0xC1, 0xFF, 0xFF, 0xFF, 0xC8, 0x01, 0x00, 0x00, 0x00, 0x00, 
0x00, 0x00, 0x00, 0x00, 0x00, 0x00, 0x00, 0x00, 0x00, 0x00, 0x07, 0xFE, 0xFF, 0xFF, 0xFF, 0x4F, 
0x00, 0x00, 0x35, 0xFF, 0xFF, 0xFF, 0xFF, 0x41, 0x00, 0x00, 0x00, 0x00, 0x00, 0x00, 0x00, 0x00, 
0x00, 0x00, 0x00, 0x00, 0x00, 0x00, 0x00, 0x00, 0xF2, 0xFF, 0xFF, 0xFF, 0x61, 0x00, 0x00, 0x9F, 
0xFF, 0xFF, 0xFF, 0xD1, 0x00, 0x00, 0x00, 0x00, 0x00, 0x00, 0x00, 0x00, 0x00, 0x00, 0x00, 0x00, 
0x00, 0x00, 0x00, 0x00, 0x00, 0xEC, 0xFF, 0xFF, 0xFF, 0x5E, 0x00, 0x06, 0xF3, 0xFF, 0xFF, 0xFF, 
0x6E, 0x00, 0x00, 0x00, 0x00, 0x00, 0x00, 0x00, 0x00, 0x00, 0x00, 0x00, 0x00, 0x00, 0x00, 0x00, 
0x00, 0x00, 0xF8, 0xFF, 0xFF, 0xFF, 0x50, 0x00, 0x46, 0xFF, 0xFF, 0xFF, 0xFE, 0x1A, 0x00, 0x00, 
0x00, 0x00, 0x00, 0x00, 0x00, 0x00, 0x00, 0x00, 0x00, 0x00, 0x00, 0x00, 0x00, 0x00, 0x11, 0xFF, 
0xFF, 0xFF, 0xFF, 0x3E, 0x00, 0x8C, 0xFF, 0xFF, 0xFF, 0xD1, 0x00, 0x00, 0x00, 0x00, 0x00, 0x00, 
0x00, 0x00, 0x00, 0x00, 0x00, 0x00, 0x00, 0x00, 0x00, 0x00, 0x00, 0x30, 0xFF, 0xFF, 0xFF, 0xFF, 
0x19, 0x00, 0xC1, 0xFF, 0xFF, 0xFF, 0x93, 0x00, 0x00, 0x00, 0x00, 0x00, 0x00, 0x00, 0x00, 0x00, 
0x00, 0x00, 0x00, 0x00, 0x00, 0x00, 0x00, 0x00, 0x5B, 0xFF, 0xFF, 0xFF, 0xF2, 0x00, 0x00, 0xF1, 
0xFF, 0xFF, 0xFF, 0x62, 0x00, 0x00, 0x00, 0x00, 0x00, 0x00, 0x00, 0x00, 0x00, 0x00, 0x00, 0x00, 
0x00, 0x00, 0x00, 0x00, 0x00, 0x90, 0xFF, 0xFF, 0xFF, 0xC5, 0x00, 0x14, 0xFF, 0xFF, 0xFF, 0xFF, 
0x38, 0x00, 0x00, 0x00, 0x00, 0x00, 0x00, 0x00, 0x00, 0x00, 0x00, 0x00, 0x00, 0x00, 0x00, 0x00, 
0x00, 0x00, 0xCE, 0xFF, 0xFF, 0xFF, 0x80, 0x00, 0x31, 0xFF, 0xFF, 0xFF, 0xFF, 0x1C, 0x00, 0x00, 
0x00, 0x00, 0x00, 0x00, 0x00, 0x00, 0x00, 0x00, 0x00, 0x00, 0x00, 0x00, 0x00, 0x00, 0x1D, 0xFE, 
0xFF, 0xFF, 0xFF, 0x3A, 0x00, 0x44, 0xFF, 0xFF, 0xFF, 0xFF, 0x07, 0x00, 0x00, 0x00, 0x00, 0x00, 
0x00, 0x00, 0x00, 0x00, 0x00, 0x00, 0x00, 0x00, 0x00, 0x00, 0x00, 0x72, 0xFF, 0xFF, 0xFF, 0xE9, 
0x04, 0x00, 0x4F, 0xFF, 0xFF, 0xFF, 0xFE, 0x00, 0x00, 0x00, 0x00, 0x00, 0x00, 0x00, 0x00, 0x00, 
0x00, 0x00, 0x00, 0x00, 0x00, 0x00, 0x00, 0x02, 0xDB, 0xFF, 0xFF, 0xFF, 0x86, 0x00, 0x00, 0x4B, 
0xFF, 0xFF, 0xFF, 0xFF, 0x08, 0x00, 0x00, 0x00, 0x00, 0x00, 0x00, 0x00, 0x00, 0x00, 0x00, 0x00, 
0x00, 0x00, 0x00, 0x00, 0x52, 0xFF, 0xFF, 0xFF, 0xFD, 0x20, 0x00, 0x00, 0x3A, 0xFF, 0xFF, 0xFF, 
0xFF, 0x21, 0x00, 0x00, 0x00, 0x00, 0x00, 0x00, 0x00, 0x00, 0x00, 0x00, 0x00, 0x00, 0x00, 0x00, 
0x07, 0xDD, 0xFF, 0xFF, 0xFF, 0xAE, 0x00, 0x00, 0x00, 0x20, 0xFF, 0xFF, 0xFF, 0xFF, 0x55, 0x00, 
0x00, 0x00, 0x00, 0x00, 0x00, 0x00, 0x00, 0x00, 0x00, 0x00, 0x00, 0x00, 0x00, 0x8C, 0xFF, 0xFF, 
0xFF, 0xFB, 0x29, 0x00, 0x00, 0x00, 0x00, 0xE6, 0xFF, 0xFF, 0xFF, 0xB0, 0x00, 0x00, 0x00, 0x00, 
0x00, 0x00, 0x00, 0x00, 0x00, 0x00, 0x00, 0x00, 0x00, 0x5B, 0xFF, 0xFF, 0xFF, 0xFF, 0x85, 0x00, 
0x00, 0x00, 0x00, 0x00, 0xA1, 0xFF, 0xFF, 0xFF, 0xFE, 0x44, 0x00, 0x00, 0x00, 0x00, 0x00, 0x00, 
0x00, 0x00, 0x00, 0x00, 0x00, 0x67, 0xFC, 0xFF, 0xFF, 0xFF, 0xC8, 0x06, 0x00, 0x00, 0x00, 0x00, 
0x00, 0x30, 0xFF, 0xFF, 0xFF, 0xFF, 0xF0, 0x48, 0x00, 0x00, 0x00, 0x00, 0x00, 0x00, 0x00, 0x00, 
0x1A, 0xA7, 0xFF, 0xFF, 0xFF, 0xFF, 0xE0, 0x19, 0x00, 0x00, 0x00, 0x00, 0x00, 0x00, 0x00, 0xA1, 
0xFF, 0xFF, 0xFF, 0xFF, 0xFF, 0xB8, 0x62, 0x2B, 0x16, 0x16, 0x2F, 0x56, 0xA8, 0xF5, 0xFF, 0xFF, 
0xFF, 0xFF, 0xEC, 0x20, 0x00, 0x00, 0x00, 0x00, 0x00, 0x00, 0x00, 0x00, 0x0A, 0xCC, 0xFF, 0xFF, 
0xFF, 0xFF, 0xFF, 0xFF, 0xFF, 0xFF, 0xFF, 0xFF, 0xFF, 0xFF, 0xFF, 0xFF, 0xFF, 0xFF, 0xFF, 0xFF, 
0x81, 0x00, 0x00, 0x00, 0x00, 0x00, 0x00, 0x00, 0x00, 0x00, 0x0B, 0xA4, 0xFF, 0xFF, 0xFF, 0xFF, 
0xFF, 0xFF, 0xFF, 0xFF, 0xFF, 0xFF, 0xFF, 0xFF, 0xFF, 0xF4, 0xFF, 0xFF, 0xFF, 0xFF, 0xA9, 0x0D, 
0x00, 0x00, 0x00, 0x00, 0x00, 0x00, 0x00, 0x00, 0x00, 0x38, 0xAA, 0xF2, 0xFF, 0xFF, 0xFF, 0xFF, 
0xFF, 0xFF, 0xFF, 0xF5, 0xB0, 0x4D, 0x0D, 0xC2, 0xFF, 0xFF, 0xFF, 0xFF, 0xE0, 0x4B, 0x00, 0x00, 
0x00, 0x00, 0x00, 0x00, 0x00, 0x00, 0x00, 0x00, 0x03, 0x31, 0x53, 0x65, 0x70, 0x67, 0x56, 0x2F, 
0x07, 0x00, 0x00, 0x00, 0x0C, 0xBF, 0xFF, 0xFF, 0xFF, 0xFF, 0xFF, 0xBF, 0x44, 0x00, 0x00, 0x00, 
0x00, 0x00, 0x00, 0x00, 0x00, 0x00, 0x00, 0x00, 0x00, 0x00, 0x00, 0x00, 0x00, 0x00, 0x00, 0x00, 
0x00, 0x00, 0x05, 0x97, 0xFF, 0xFF, 0xFF, 0xFF, 0xFF, 0xFF, 0x28, 0x00, 0x00, 0x00, 0x00, 0x00, 
0x00, 0x00, 0x00, 0x00, 0x00, 0x00, 0x00, 0x00, 0x00, 0x00, 0x00, 0x00, 0x00, 0x00, 0x00, 0x00, 
0x00, 0x54, 0xE8, 0xFF, 0xFF, 0xFF, 0xFF, 0x1C, 0x00, 0x00, 0x00, 0x00, 0x00, 0x00, 0x00, 0x00, 
0x00, 0x00, 0x00, 0x00, 0x00, 0x00, 0x00, 0x00, 0x00, 0x00, 0x00, 0x00, 0x00, 0x00, 0x00, 0x11, 
0x85, 0xF1, 0xFF, 0xD4, 0x00, 0x00, 0x00, 0x00, 0x00, 0x00, 0x00, 0x00, 0x00, 0x00, 0x00, 0x00, 
0x00, 0x00, 0x00, 0x00, 0x00, 0x00, 0x00, 0x00, 0x00, 0x00, 0x00, 0x00, 0x00, 0x00, 0x0A, 0x55, 
0x29, 0x00, 0x00, 0x00, 0x00, 0x00, 0x00, 0x00, 0x00, 0x13, 0x4D, 0x54, 0x54, 0x54, 0x54, 0x54, 
0x54, 0x4F, 0x41, 0x29, 0x04, 0x00, 0x00, 0x00, 0x00, 0x00, 0x00, 0x00, 0x00, 0x00, 0x00, 0x00, 
0x1B, 0xEC, 0xFF, 0xFF, 0xFF, 0xFF, 0xFF, 0xFF, 0xFF, 0xFF, 0xFF, 0xFF, 0xF8, 0xB7, 0x56, 0x01, 
0x00, 0x00, 0x00, 0x00, 0x00, 0x00, 0x00, 0x00, 0x70, 0xFF, 0xFF, 0xFF, 0xFF, 0xFF, 0xFF, 0xFF, 
0xFF, 0xFF, 0xFF, 0xFF, 0xFF, 0xFF, 0xFF, 0xC2, 0x14, 0x00, 0x00, 0x00, 0x00, 0x00, 0x00, 0x00, 
0xA5, 0xFF, 0xFF, 0xFF, 0xFF, 0xFF, 0xFF, 0xFF, 0xFF, 0xFF, 0xFF, 0xFF, 0xFF, 0xFF, 0xFF, 0xFF, 
0xCD, 0x04, 0x00, 0x00, 0x00, 0x00, 0x00, 0x00, 0xD8, 0xFF, 0xFF, 0xFF, 0x31, 0x00, 0x00, 0x00, 
0x01, 0x0F, 0x36, 0x87, 0xF6, 0xFF, 0xFF, 0xFF, 0xFF, 0x63, 0x00, 0x00, 0x00, 0x00, 0x00, 0x0D, 
0xFE, 0xFF, 0xFF, 0xF8, 0x05, 0x00, 0x00, 0x00, 0x00, 0x00, 0x00, 0x00, 0x37, 0xFB, 0xFF, 0xFF, 
0xFF, 0xB4, 0x00, 0x00, 0x00, 0x00, 0x00, 0x3F, 0xFF, 0xFF, 0xFF, 0xCA, 0x00, 0x00, 0x00, 0x00, 
0x00, 0x00, 0x00, 0x00, 0x00, 0xA9, 0xFF, 0xFF, 0xFF, 0xD7, 0x00, 0x00, 0x00, 0x00, 0x00, 0x72, 
0xFF, 0xFF, 0xFF, 0x96, 0x00, 0x00, 0x00, 0x00, 0x00, 0x00, 0x00, 0x00, 0x00, 0x7E, 0xFF, 0xFF, 
0xFF, 0xDA, 0x00, 0x00, 0x00, 0x00, 0x00, 0xA5, 0xFF, 0xFF, 0xFF, 0x63, 0x00, 0x00, 0x00, 0x00, 
0x00, 0x00, 0x00, 0x00, 0x00, 0x8B, 0xFF, 0xFF, 0xFF, 0xC5, 0x00, 0x00, 0x00, 0x00, 0x00, 0xD9, 
0xFF, 0xFF, 0xFF, 0x2F, 0x00, 0x00, 0x00, 0x00, 0x00, 0x00, 0x00, 0x00, 0x00, 0xC0, 0xFF, 0xFF, 
0xFF, 0x92, 0x00, 0x00, 0x00, 0x00, 0x0D, 0xFE, 0xFF, 0xFF, 0xF7, 0x04, 0x00, 0x00, 0x00, 0x00, 
0x00, 0x00, 0x00, 0x00, 0x23, 0xFC, 0xFF, 0xFF, 0xFF, 0x44, 0x00, 0x00, 0x00, 0x00, 0x3F, 0xFF, 
0xFF, 0xFF, 0xC8, 0x00, 0x00, 0x00, 0x00, 0x00, 0x00, 0x00, 0x00, 0x02, 0xB6, 0xFF, 0xFF, 0xFF, 
0xD2, 0x01, 0x00, 0x00, 0x00, 0x00, 0x72, 0xFF, 0xFF, 0xFF, 0x94, 0x00, 0x00, 0x00, 0x00, 0x00, 
0x00, 0x00, 0x0A, 0xA6, 0xFF, 0xFF, 0xFF, 0xFC, 0x39, 0x00, 0x00, 0x00, 0x00, 0x00, 0xA6, 0xFF, 
0xFF, 0xFF, 0x60, 0x00, 0x00, 0x00, 0x00, 0x00, 0x1F, 0x6E, 0xE2, 0xFF, 0xFF, 0xFF, 0xFF, 0x62, 
0x00, 0x00, 0x00, 0x00, 0x00, 0x00, 0xD9, 0xFF, 0xFF, 0xFF, 0xD6, 0xC8, 0xC8, 0xC8, 0xD4, 0xE9, 
0xFF, 0xFF, 0xFF, 0xFF, 0xFF, 0xF3, 0x53, 0x00, 0x00, 0x00, 0x00, 0x00, 0x00, 0x0D, 0xFE, 0xFF, 
0xFF, 0xFF, 0xFF, 0xFF, 0xFF, 0xFF, 0xFF, 0xFF, 0xFF, 0xFF, 0xFF, 0xFB, 0xA1, 0x1C, 0x00, 0x00, 
0x00, 0x00, 0x00, 0x00, 0x00, 0x3F, 0xFF, 0xFF, 0xFF, 0xFF, 0xFF, 0xFF, 0xFF, 0xFF, 0xFF, 0xFF, 
0xFF, 0xFF, 0xDD, 0x21, 0x00, 0x00, 0x00, 0x00, 0x00, 0x00, 0x00, 0x00, 0x00, 0x73, 0xFF, 0xFF, 
0xFF, 0xC3, 0x78, 0x78, 0x7D, 0x97, 0xDE, 0xFF, 0xFF, 0xFF, 0xFF, 0xD1, 0x0A, 0x00, 0x00, 0x00, 
0x00, 0x00, 0x00, 0x00, 0x00, 0xA6, 0xFF, 0xFF, 0xFF, 0x66, 0x00, 0x00, 0x00, 0x00, 0x02, 0x71, 
0xFD, 0xFF, 0xFF, 0xFF, 0x8B, 0x00, 0x00, 0x00, 0x00, 0x00, 0x00, 0x00, 0x00, 0xD9, 0xFF, 0xFF, 
0xFF, 0x32, 0x00, 0x00, 0x00, 0x00, 0x00, 0x00, 0x84, 0xFF, 0xFF, 0xFF, 0xF0, 0x0B, 0x00, 0x00, 
0x00, 0x00, 0x00, 0x00, 0x0E, 0xFE, 0xFF, 0xFF, 0xF9, 0x06, 0x00, 0x00, 0x00, 0x00, 0x00, 0x00, 
0x0E, 0xF4, 0xFF, 0xFF, 0xFF, 0x50, 0x00, 0x00, 0x00, 0x00, 0x00, 0x00, 0x40, 0xFF, 0xFF, 0xFF, 
0xCB, 0x00, 0x00, 0x00, 0x00, 0x00, 0x00, 0x00, 0x00, 0xB9, 0xFF, 0xFF, 0xFF, 0x8E, 0x00, 0x00, 
0x00, 0x00, 0x00, 0x00, 0x73, 0xFF, 0xFF, 0xFF, 0x98, 0x00, 0x00, 0x00, 0x00, 0x00, 0x00, 0x00, 
0x00, 0x7C, 0xFF, 0xFF, 0xFF, 0xC5, 0x00, 0x00, 0x00, 0x00, 0x00, 0x00, 0xA6, 0xFF, 0xFF, 0xFF, 
0x64, 0x00, 0x00, 0x00, 0x00, 0x00, 0x00, 0x00, 0x00, 0x48, 0xFF, 0xFF, 0xFF, 0xF3, 0x01, 0x00, 
0x00, 0x00, 0x00, 0x00, 0xD9, 0xFF, 0xFF, 0xFF, 0x30, 0x00, 0x00, 0x00, 0x00, 0x00, 0x00, 0x00, 
0x00, 0x1D, 0xFF, 0xFF, 0xFF, 0xFF, 0x24, 0x00, 0x00, 0x00, 0x00, 0x0E, 0xFE, 0xFF, 0xFF, 0xF8, 
0x05, 0x00, 0x00, 0x00, 0x00, 0x00, 0x00, 0x00, 0x00, 0x00, 0xF0, 0xFF, 0xFF, 0xFF, 0x53, 0x00, 
0x00, 0x00, 0x00, 0x40, 0xFF, 0xFF, 0xFF, 0xC9, 0x00, 0x00, 0x00, 0x00, 0x00, 0x00, 0x00, 0x00, 
0x00, 0x00, 0xC6, 0xFF, 0xFF, 0xFF, 0x82, 0x00, 0x00, 0x00, 0x00, 0x73, 0xFF, 0xFF, 0xFF, 0x95, 
0x00, 0x00, 0x00, 0x00, 0x00, 0x00, 0x00, 0x00, 0x00, 0x00, 0x9B, 0xFF, 0xFF, 0xFF, 0xB1, 0x00, 
0x00, 0x00, 0x00, 0xA6, 0xFF, 0xFF, 0xFF, 0x62, 0x00, 0x00, 0x00, 0x00, 0x00, 0x00, 0x00, 0x00, 
0x00, 0x00, 0x70, 0xFF, 0xFF, 0xFF, 0xE0, 0x00, 0x00, 0x00, 0x00, 0xDA, 0xFF, 0xFF, 0xFF, 0x2E, 
0x00, 0x00, 0x00, 0x00, 0x00, 0x00, 0x00, 0x00, 0x00, 0x00, 0x44, 0xFF, 0xFF, 0xFF, 0xFE, 0x0A, 
0x00, 0x00, 0x01, 0xF2, 0xFF, 0xFF, 0xDB, 0x04, 0x00, 0x00, 0x00, 0x00, 0x00, 0x00, 0x00, 0x00, 
0x00, 0x00, 0x12, 0xF1, 0xFF, 0xFF, 0xEE, 0x0F, 0x00, 0x00, 0x00, 0x08, 0x1F, 0x1A, 0x01, 0x00, 
0x00, 0x00, 0x00, 0x00, 0x00, 0x00, 0x00, 0x00, 0x00, 0x00, 0x00, 0x08, 0x20, 0x1C, 0x04, 0x00, 
0x00, 0x00, 0x00, 0x00, 0x00, 0x00, 0x00, 0x00, 0x00, 0x00, 0x00, 0x00, 0x08, 0x45, 0x87, 0xA9, 
0xBD, 0xBC, 0xA6, 0x80, 0x3F, 0x04, 0x00, 0x00, 0x00, 0x00, 0x00, 0x00, 0x00, 0x00, 0x00, 0x00, 
0x0A, 0x7B, 0xEB, 0xFF, 0xFF, 0xFF, 0xFF, 0xFF, 0xFF, 0xFF, 0xFF, 0xE5, 0x77, 0x04, 0x00, 0x00, 
0x00, 0x00, 0x00, 0x00, 0x00, 0x2C, 0xD6, 0xFF, 0xFF, 0xFF, 0xFF, 0xFF, 0xFF, 0xFF, 0xFF, 0xFF, 
0xFF, 0xFF, 0xFF, 0x76, 0x00, 0x00, 0x00, 0x00, 0x00, 0x00, 0x26, 0xEB, 0xFF, 0xFF, 0xFF, 0xFF, 
0xED, 0xB3, 0x9E, 0xA6, 0xCE, 0xFD, 0xFF, 0xFF, 0xFF, 0x8A, 0x00, 0x00, 0x00, 0x00, 0x00, 0x04, 
0xD5, 0xFF, 0xFF, 0xFF, 0xF0, 0x62, 0x03, 0x00, 0x00, 0x00, 0x00, 0x19, 0x7E, 0xEE, 0xFF, 0x51, 
0x00, 0x00, 0x00, 0x00, 0x00, 0x6D, 0xFF, 0xFF, 0xFF, 0xF3, 0x2D, 0x00, 0x00, 0x00, 0x00, 0x00, 
0x00, 0x00, 0x00, 0x14, 0x67, 0x03, 0x00, 0x00, 0x00, 0x00, 0x00, 0xCF, 0xFF, 0xFF, 0xFF, 0x76, 
0x00, 0x00, 0x00, 0x00, 0x00, 0x00, 0x00, 0x00, 0x00, 0x00, 0x00, 0x00, 0x00, 0x00, 0x00, 0x00, 
0x16, 0xFF, 0xFF, 0xFF, 0xFF, 0x17, 0x00, 0x00, 0x00, 0x00, 0x00, 0x00, 0x00, 0x00, 0x00, 0x00, 
0x00, 0x00, 0x00, 0x00, 0x00, 0x00, 0x34, 0xFF, 0xFF, 0xFF, 0xF0, 0x00, 0x00, 0x00, 0x00, 0x00, 
0x00, 0x00, 0x00, 0x00, 0x00, 0x00, 0x00, 0x00, 0x00, 0x00, 0x00, 0x00, 0x3C, 0xFF, 0xFF, 0xFF, 
0xF9, 0x03, 0x00, 0x00, 0x00, 0x00, 0x00, 0x00, 0x00, 0x00, 0x00, 0x00, 0x00, 0x00, 0x00, 0x00, 
0x00, 0x00, 0x24, 0xFF, 0xFF, 0xFF, 0xFF, 0x52, 0x00, 0x00, 0x00, 0x00, 0x00, 0x00, 0x00, 0x00, 
0x00, 0x00, 0x00, 0x00, 0x00, 0x00, 0x00, 0x00, 0x00, 0xE4, 0xFF, 0xFF, 0xFF, 0xE7, 0x22, 0x00, 
0x00, 0x00, 0x00, 0x00, 0x00, 0x00, 0x00, 0x00, 0x00, 0x00, 0x00, 0x00, 0x00, 0x00, 0x00, 0x78, 
0xFF, 0xFF, 0xFF, 0xFF, 0xE9, 0x4B, 0x00, 0x00, 0x00, 0x00, 0x00, 0x00, 0x00, 0x00, 0x00, 0x00, 
0x00, 0x00, 0x00, 0x00, 0x00, 0x07, 0xD1, 0xFF, 0xFF, 0xFF, 0xFF, 0xFF, 0x9E, 0x15, 0x00, 0x00, 
0x00, 0x00, 0x00, 0x00, 0x00, 0x00, 0x00, 0x00, 0x00, 0x00, 0x00, 0x00, 0x17, 0xCF, 0xFF, 0xFF, 
0xFF, 0xFF, 0xFF, 0xEF, 0x67, 0x01, 0x00, 0x00, 0x00, 0x00, 0x00, 0x00, 0x00, 0x00, 0x00, 0x00, 
0x00, 0x00, 0x00, 0x0F, 0xAD, 0xFF, 0xFF, 0xFF, 0xFF, 0xFF, 0xFF, 0xC1, 0x1E, 0x00, 0x00, 0x00, 
0x00, 0x00, 0x00, 0x00, 0x00, 0x00, 0x00, 0x00, 0x00, 0x00, 0x00, 0x57, 0xE8, 0xFF, 0xFF, 0xFF, 
0xFF, 0xFF, 0xE5, 0x2C, 0x00, 0x00, 0x00, 0x00, 0x00, 0x00, 0x00, 0x00, 0x00, 0x00, 0x00, 0x00, 
0x00, 0x00, 0x0E, 0x8C, 0xFC, 0xFF, 0xFF, 0xFF, 0xFF, 0xED, 0x1C, 0x00, 0x00, 0x00, 0x00, 0x00, 
0x00, 0x00, 0x00, 0x00, 0x00, 0x00, 0x00, 0x00, 0x00, 0x00, 0x38, 0xDB, 0xFF, 0xFF, 0xFF, 0xFF, 
0xAB, 0x00, 0x00, 0x00, 0x00, 0x00, 0x00, 0x00, 0x00, 0x00, 0x00, 0x00, 0x00, 0x00, 0x00, 0x00, 
0x00, 0x13, 0xD7, 0xFF, 0xFF, 0xFF, 0xFE, 0x1A, 0x00, 0x00, 0x00, 0x00, 0x00, 0x00, 0x00, 0x00, 
0x00, 0x00, 0x00, 0x00, 0x00, 0x00, 0x00, 0x00, 0x3C, 0xFF, 0xFF, 0xFF, 0xFF, 0x5A, 0x00, 0x00, 
0x00, 0x00, 0x00, 0x00, 0x00, 0x00, 0x00, 0x00, 0x00, 0x00, 0x00, 0x00, 0x00, 0x00, 0x00, 0xE9, 
0xFF, 0xFF, 0xFF, 0x74, 0x00, 0x00, 0x00, 0x00, 0x00, 0x00, 0x00, 0x00, 0x00, 0x00, 0x00, 0x00, 
0x00, 0x00, 0x00, 0x00, 0x00, 0xDD, 0xFF, 0xFF, 0xFF, 0x69, 0x00, 0x00, 0x00, 0x00, 0x00, 0x00, 
0x00, 0x00, 0x00, 0x00, 0x00, 0x00, 0x00, 0x00, 0x00, 0x00, 0x09, 0xF8, 0xFF, 0xFF, 0xFF, 0x4C, 
0x00, 0x00, 0x00, 0x00, 0x00, 0x00, 0x00, 0x00, 0x00, 0x00, 0x00, 0x00, 0x00, 0x00, 0x00, 0x00, 
0x5C, 0xFF, 0xFF, 0xFF, 0xF7, 0x0E, 0x00, 0x00, 0x0D, 0x4C, 0x03, 0x00, 0x00, 0x00, 0x00, 0x00, 
0x00, 0x00, 0x00, 0x00, 0x00, 0x16, 0xE2, 0xFF, 0xFF, 0xFF, 0xA8, 0x00, 0x00, 0x00, 0x86, 0xFF, 
0xCE, 0x41, 0x00, 0x00, 0x00, 0x00, 0x00, 0x00, 0x00, 0x00, 0x28, 0xD3, 0xFF, 0xFF, 0xFF, 0xF6, 
0x21, 0x00, 0x00, 0x00, 0xCD, 0xFF, 0xFF, 0xFF, 0xCB, 0x6F, 0x31, 0x14, 0x0D, 0x20, 0x51, 0xA2, 
0xFA, 0xFF, 0xFF, 0xFF, 0xFF, 0x63, 0x00, 0x00, 0x00, 0x00, 0xDA, 0xFF, 0xFF, 0xFF, 0xFF, 0xFF, 
0xFF, 0xFF, 0xFF, 0xFF, 0xFF, 0xFF, 0xFF, 0xFF, 0xFF, 0xFC, 0x6D, 0x00, 0x00, 0x00, 0x00, 0x00, 
0x3F, 0xDF, 0xFF, 0xFF, 0xFF, 0xFF, 0xFF, 0xFF, 0xFF, 0xFF, 0xFF, 0xFF, 0xFF, 0xFF, 0xD6, 0x37, 
0x00, 0x00, 0x00, 0x00, 0x00, 0x00, 0x00, 0x06, 0x5E, 0xB8, 0xF6, 0xFF, 0xFF, 0xFF, 0xFF, 0xFF, 
0xFF, 0xF6, 0xB8, 0x50, 0x02, 0x00, 0x00, 0x00, 0x00, 0x00, 0x00, 0x00, 0x00, 0x00, 0x00, 0x00, 
0x08, 0x38, 0x52, 0x69, 0x69, 0x55, 0x3A, 0x06, 0x00, 0x00, 0x00, 0x00, 0x00, 0x00, 0x00, 0x00, 
0x00, 0x00, 0x00, 0x17, 0x53, 0x54, 0x54, 0x54, 0x54, 0x54, 0x54, 0x54, 0x54, 0x54, 0x54, 0x54, 
0x54, 0x54, 0x54, 0x54, 0x54, 0x54, 0x54, 0x54, 0x54, 0x25, 0x00, 0xC4, 0xFF, 0xFF, 0xFF, 0xFF, 
0xFF, 0xFF, 0xFF, 0xFF, 0xFF, 0xFF, 0xFF, 0xFF, 0xFF, 0xFF, 0xFF, 0xFF, 0xFF, 0xFF, 0xFF, 0xFF, 
0xFF, 0xAB, 0x12, 0xFF, 0xFF, 0xFF, 0xFF, 0xFF, 0xFF, 0xFF, 0xFF, 0xFF, 0xFF, 0xFF, 0xFF, 0xFF, 
0xFF, 0xFF, 0xFF, 0xFF, 0xFF, 0xFF, 0xFF, 0xFF, 0xFF, 0x94, 0x1E, 0xFE, 0xFF, 0xFF, 0xFF, 0xFF, 
0xFF, 0xFF, 0xFF, 0xFF, 0xFF, 0xFF, 0xFF, 0xFF, 0xFF, 0xFF, 0xFF, 0xFF, 0xFF, 0xFF, 0xFF, 0xFF, 
0xFB, 0x39, 0x00, 0x11, 0x18, 0x18, 0x18, 0x18, 0x18, 0x18, 0x18, 0x4A, 0xFF, 0xFF, 0xFF, 0xD8, 
0x18, 0x18, 0x18, 0x18, 0x18, 0x18, 0x18, 0x18, 0x0E, 0x00, 0x00, 0x00, 0x00, 0x00, 0x00, 0x00, 
0x00, 0x00, 0x00, 0x68, 0xFF, 0xFF, 0xFF, 0xA3, 0x00, 0x00, 0x00, 0x00, 0x00, 0x00, 0x00, 0x00, 
0x00, 0x00, 0x00, 0x00, 0x00, 0x00, 0x00, 0x00, 0x00, 0x00, 0x00, 0x9B, 0xFF, 0xFF, 0xFF, 0x70, 
0x00, 0x00, 0x00, 0x00, 0x00, 0x00, 0x00, 0x00, 0x00, 0x00, 0x00, 0x00, 0x00, 0x00, 0x00, 0x00, 
0x00, 0x00, 0x00, 0xCE, 0xFF, 0xFF, 0xFF, 0x3D, 0x00, 0x00, 0x00, 0x00, 0x00, 0x00, 0x00, 0x00, 
0x00, 0x00, 0x00, 0x00, 0x00, 0x00, 0x00, 0x00, 0x00, 0x00, 0x07, 0xFA, 0xFF, 0xFF, 0xFD, 0x0C, 
0x00, 0x00, 0x00, 0x00, 0x00, 0x00, 0x00, 0x00, 0x00, 0x00, 0x00, 0x00, 0x00, 0x00, 0x00, 0x00, 
0x00, 0x00, 0x34, 0xFF, 0xFF, 0xFF, 0xD6, 0x00, 0x00, 0x00, 0x00, 0x00, 0x00, 0x00, 0x00, 0x00, 
0x00, 0x00, 0x00, 0x00, 0x00, 0x00, 0x00, 0x00, 0x00, 0x00, 0x67, 0xFF, 0xFF, 0xFF, 0xA3, 0x00, 
0x00, 0x00, 0x00, 0x00, 0x00, 0x00, 0x00, 0x00, 0x00, 0x00, 0x00, 0x00, 0x00, 0x00, 0x00, 0x00, 
0x00, 0x00, 0x9B, 0xFF, 0xFF, 0xFF, 0x6F, 0x00, 0x00, 0x00, 0x00, 0x00, 0x00, 0x00, 0x00, 0x00, 
0x00, 0x00, 0x00, 0x00, 0x00, 0x00, 0x00, 0x00, 0x00, 0x00, 0xCE, 0xFF, 0xFF, 0xFF, 0x3C, 0x00, 
0x00, 0x00, 0x00, 0x00, 0x00, 0x00, 0x00, 0x00, 0x00, 0x00, 0x00, 0x00, 0x00, 0x00, 0x00, 0x00, 
0x00, 0x06, 0xFA, 0xFF, 0xFF, 0xFD, 0x0C, 0x00, 0x00, 0x00, 0x00, 0x00, 0x00, 0x00, 0x00, 0x00, 
0x00, 0x00, 0x00, 0x00, 0x00, 0x00, 0x00, 0x00, 0x00, 0x34, 0xFF, 0xFF, 0xFF, 0xD6, 0x00, 0x00, 
0x00, 0x00, 0x00, 0x00, 0x00, 0x00, 0x00, 0x00, 0x00, 0x00, 0x00, 0x00, 0x00, 0x00, 0x00, 0x00, 
0x00, 0x67, 0xFF, 0xFF, 0xFF, 0xA2, 0x00, 0x00, 0x00, 0x00, 0x00, 0x00, 0x00, 0x00, 0x00, 0x00, 
0x00, 0x00, 0x00, 0x00, 0x00, 0x00, 0x00, 0x00, 0x00, 0x9A, 0xFF, 0xFF, 0xFF, 0x6F, 0x00, 0x00, 
0x00, 0x00, 0x00, 0x00, 0x00, 0x00, 0x00, 0x00, 0x00, 0x00, 0x00, 0x00, 0x00, 0x00, 0x00, 0x00, 
0x00, 0xCD, 0xFF, 0xFF, 0xFF, 0x3C, 0x00, 0x00, 0x00, 0x00, 0x00, 0x00, 0x00, 0x00, 0x00, 0x00, 
0x00, 0x00, 0x00, 0x00, 0x00, 0x00, 0x00, 0x00, 0x06, 0xF9, 0xFF, 0xFF, 0xFD, 0x0C, 0x00, 0x00, 
0x00, 0x00, 0x00, 0x00, 0x00, 0x00, 0x00, 0x00, 0x00, 0x00, 0x00, 0x00, 0x00, 0x00, 0x00, 0x00, 
0x33, 0xFF, 0xFF, 0xFF, 0xD5, 0x00, 0x00, 0x00, 0x00, 0x00, 0x00, 0x00, 0x00, 0x00, 0x00, 0x00, 
0x00, 0x00, 0x00, 0x00, 0x00, 0x00, 0x00, 0x00, 0x67, 0xFF, 0xFF, 0xFF, 0xA2, 0x00, 0x00, 0x00, 
0x00, 0x00, 0x00, 0x00, 0x00, 0x00, 0x00, 0x00, 0x00, 0x00, 0x00, 0x00, 0x00, 0x00, 0x00, 0x00, 
0x9A, 0xFF, 0xFF, 0xFF, 0x6F, 0x00, 0x00, 0x00, 0x00, 0x00, 0x00, 0x00, 0x00, 0x00, 0x00, 0x00, 
0x00, 0x00, 0x00, 0x00, 0x00, 0x00, 0x00, 0x00, 0xCD, 0xFF, 0xFF, 0xFF, 0x3C, 0x00, 0x00, 0x00, 
0x00, 0x00, 0x00, 0x00, 0x00, 0x00, 0x00, 0x00, 0x00, 0x00, 0x00, 0x00, 0x00, 0x00, 0x00, 0x06, 
0xF9, 0xFF, 0xFF, 0xFD, 0x0B, 0x00, 0x00, 0x00, 0x00, 0x00, 0x00, 0x00, 0x00, 0x00, 0x00, 0x00, 
0x00, 0x00, 0x00, 0x00, 0x00, 0x00, 0x00, 0x33, 0xFF, 0xFF, 0xFF, 0xD5, 0x00, 0x00, 0x00, 0x00, 
0x00, 0x00, 0x00, 0x00, 0x00, 0x00, 0x00, 0x00, 0x00, 0x00, 0x00, 0x00, 0x00, 0x00, 0x00, 0x66, 
0xFF, 0xFF, 0xFF, 0xA2, 0x00, 0x00, 0x00, 0x00, 0x00, 0x00, 0x00, 0x00, 0x00, 0x00, 0x00, 0x00, 
0x00, 0x00, 0x00, 0x00, 0x00, 0x00, 0x00, 0x99, 0xFF, 0xFF, 0xFF, 0x6F, 0x00, 0x00, 0x00, 0x00, 
0x00, 0x00, 0x00, 0x00, 0x00, 0x00, 0x00, 0x00, 0x00, 0x00, 0x00, 0x00, 0x00, 0x00, 0x00, 0xCC, 
0xFF, 0xFF, 0xFF, 0x3B, 0x00, 0x00, 0x00, 0x00, 0x00, 0x00, 0x00, 0x00, 0x00, 0x00, 0x00, 0x00, 
0x00, 0x00, 0x00, 0x00, 0x00, 0x00, 0x06, 0xF9, 0xFF, 0xFF, 0xFD, 0x0B, 0x00, 0x00, 0x00, 0x00, 
0x00, 0x00, 0x00, 0x00, 0x00, 0x00, 0x00, 0x00, 0x00, 0x00, 0x00, 0x00, 0x00, 0x00, 0x33, 0xFF, 
0xFF, 0xFF, 0xD5, 0x00, 0x00, 0x00, 0x00, 0x00, 0x00, 0x00, 0x00, 0x00, 0x00, 0x00, 0x00, 0x00, 
0x00, 0x00, 0x00, 0x00, 0x00, 0x00, 0x4D, 0xFF, 0xFF, 0xFF, 0x85, 0x00, 0x00, 0x00, 0x00, 0x00, 
0x00, 0x00, 0x00, 0x00, 0x00, 0x00, 0x00, 0x00, 0x00, 0x00, 0x00, 0x00, 0x00, 0x00, 0x00, 0x12, 
0x21, 0x11, 0x00, 0x00, 0x00, 0x00, 0x00, 0x00, 0x00, 0x00, 0x00, 0x00, 0x00, 0x00, 0x00, 0x00, 
0x00, 0x00, 0x00, 0x00, 0x00, 0x00, 0x02, 0x4D, 0x71, 0x6D, 0x30, 0x00, 0x00, 0x00, 0x00, 0x00, 
0x00, 0x00, 0x00, 0x00, 0x00, 0x00, 0x00, 0x00, 0x00, 0x08, 0x58, 0x72, 0x68, 0x1E, 0x00, 0x00, 
0x00, 0x00, 0x4C, 0xFF, 0xFF, 0xFF, 0xB2, 0x00, 0x00, 0x00, 0x00, 0x00, 0x00, 0x00, 0x00, 0x00, 
0x00, 0x00, 0x00, 0x00, 0x00, 0x74, 0xFF, 0xFF, 0xFF, 0x88, 0x00, 0x00, 0x00, 0x00, 0x83, 0xFF, 
0xFF, 0xFF, 0x81, 0x00, 0x00, 0x00, 0x00, 0x00, 0x00, 0x00, 0x00, 0x00, 0x00, 0x00, 0x00, 0x00, 
0x00, 0xAB, 0xFF, 0xFF, 0xFF, 0x59, 0x00, 0x00, 0x00, 0x00, 0xB6, 0xFF, 0xFF, 0xFF, 0x4E, 0x00, 
0x00, 0x00, 0x00, 0x00, 0x00, 0x00, 0x00, 0x00, 0x00, 0x00, 0x00, 0x00, 0x00, 0xDE, 0xFF, 0xFF, 
0xFF, 0x25, 0x00, 0x00, 0x00, 0x00, 0xE9, 0xFF, 0xFF, 0xFF, 0x1B, 0x00, 0x00, 0x00, 0x00, 0x00, 
0x00, 0x00, 0x00, 0x00, 0x00, 0x00, 0x00, 0x00, 0x11, 0xFF, 0xFF, 0xFF, 0xF0, 0x01, 0x00, 0x00, 
0x00, 0x1C, 0xFF, 0xFF, 0xFF, 0xE7, 0x00, 0x00, 0x00, 0x00, 0x00, 0x00, 0x00, 0x00, 0x00, 0x00, 
0x00, 0x00, 0x00, 0x00, 0x44, 0xFF, 0xFF, 0xFF, 0xBE, 0x00, 0x00, 0x00, 0x00, 0x4F, 0xFF, 0xFF, 
0xFF, 0xB4, 0x00, 0x00, 0x00, 0x00, 0x00, 0x00, 0x00, 0x00, 0x00, 0x00, 0x00, 0x00, 0x00, 0x00, 
0x77, 0xFF, 0xFF, 0xFF, 0x8B, 0x00, 0x00, 0x00, 0x00, 0x83, 0xFF, 0xFF, 0xFF, 0x81, 0x00, 0x00, 
0x00, 0x00, 0x00, 0x00, 0x00, 0x00, 0x00, 0x00, 0x00, 0x00, 0x00, 0x00, 0xAB, 0xFF, 0xFF, 0xFF, 
0x57, 0x00, 0x00, 0x00, 0x00, 0xB6, 0xFF, 0xFF, 0xFF, 0x4E, 0x00, 0x00, 0x00, 0x00, 0x00, 0x00, 
0x00, 0x00, 0x00, 0x00, 0x00, 0x00, 0x00, 0x00, 0xDE, 0xFF, 0xFF, 0xFF, 0x24, 0x00, 0x00, 0x00, 
0x00, 0xE9, 0xFF, 0xFF, 0xFF, 0x1B, 0x00, 0x00, 0x00, 0x00, 0x00, 0x00, 0x00, 0x00, 0x00, 0x00, 
0x00, 0x00, 0x00, 0x11, 0xFF, 0xFF, 0xFF, 0xEF, 0x01, 0x00, 0x00, 0x00, 0x1C, 0xFF, 0xFF, 0xFF, 
0xE8, 0x00, 0x00, 0x00, 0x00, 0x00, 0x00, 0x00, 0x00, 0x00, 0x00, 0x00, 0x00, 0x00, 0x00, 0x44, 
0xFF, 0xFF, 0xFF, 0xBD, 0x00, 0x00, 0x00, 0x00, 0x4F, 0xFF, 0xFF, 0xFF, 0xB5, 0x00, 0x00, 0x00, 
0x00, 0x00, 0x00, 0x00, 0x00, 0x00, 0x00, 0x00, 0x00, 0x00, 0x00, 0x77, 0xFF, 0xFF, 0xFF, 0x8A, 
0x00, 0x00, 0x00, 0x00, 0x83, 0xFF, 0xFF, 0xFF, 0x82, 0x00, 0x00, 0x00, 0x00, 0x00, 0x00, 0x00, 
0x00, 0x00, 0x00, 0x00, 0x00, 0x00, 0x00, 0xAB, 0xFF, 0xFF, 0xFF, 0x56, 0x00, 0x00, 0x00, 0x00, 
0xB6, 0xFF, 0xFF, 0xFF, 0x4F, 0x00, 0x00, 0x00, 0x00, 0x00, 0x00, 0x00, 0x00, 0x00, 0x00, 0x00, 
0x00, 0x00, 0x00, 0xDE, 0xFF, 0xFF, 0xFF, 0x23, 0x00, 0x00, 0x00, 0x00, 0xE9, 0xFF, 0xFF, 0xFF, 
0x1B, 0x00, 0x00, 0x00, 0x00, 0x00, 0x00, 0x00, 0x00, 0x00, 0x00, 0x00, 0x00, 0x00, 0x11, 0xFF, 
0xFF, 0xFF, 0xEF, 0x00, 0x00, 0x00, 0x00, 0x1C, 0xFF, 0xFF, 0xFF, 0xE8, 0x00, 0x00, 0x00, 0x00, 
0x00, 0x00, 0x00, 0x00, 0x00, 0x00, 0x00, 0x00, 0x00, 0x00, 0x44, 0xFF, 0xFF, 0xFF, 0xBC, 0x00, 
0x00, 0x00, 0x00, 0x4F, 0xFF, 0xFF, 0xFF, 0xB5, 0x00, 0x00, 0x00, 0x00, 0x00, 0x00, 0x00, 0x00, 
0x00, 0x00, 0x00, 0x00, 0x00, 0x00, 0x77, 0xFF, 0xFF, 0xFF, 0x89, 0x00, 0x00, 0x00, 0x00, 0x83, 
0xFF, 0xFF, 0xFF, 0x82, 0x00, 0x00, 0x00, 0x00, 0x00, 0x00, 0x00, 0x00, 0x00, 0x00, 0x00, 0x00, 
0x00, 0x00, 0xAB, 0xFF, 0xFF, 0xFF, 0x55, 0x00, 0x00, 0x00, 0x00, 0xB6, 0xFF, 0xFF, 0xFF, 0x4F, 
0x00, 0x00, 0x00, 0x00, 0x00, 0x00, 0x00, 0x00, 0x00, 0x00, 0x00, 0x00, 0x00, 0x00, 0xDE, 0xFF, 
0xFF, 0xFF, 0x22, 0x00, 0x00, 0x00, 0x00, 0xE8, 0xFF, 0xFF, 0xFF, 0x1D, 0x00, 0x00, 0x00, 0x00, 
0x00, 0x00, 0x00, 0x00, 0x00, 0x00, 0x00, 0x00, 0x00, 0x11, 0xFF, 0xFF, 0xFF, 0xEE, 0x00, 0x00, 
0x00, 0x00, 0x0E, 0xFF, 0xFF, 0xFF, 0xF6, 0x00, 0x00, 0x00, 0x00, 0x00, 0x00, 0x00, 0x00, 0x00, 
0x00, 0x00, 0x00, 0x00, 0x00, 0x50, 0xFF, 0xFF, 0xFF, 0xB1, 0x00, 0x00, 0x00, 0x00, 0x2F, 0xFF, 
0xFF, 0xFF, 0xD7, 0x00, 0x00, 0x00, 0x00, 0x00, 0x00, 0x00, 0x00, 0x00, 0x00, 0x00, 0x00, 0x00, 
0x00, 0x97, 0xFF, 0xFF, 0xFF, 0x6C, 0x00, 0x00, 0x00, 0x00, 0x49, 0xFF, 0xFF, 0xFF, 0xD3, 0x00, 
0x00, 0x00, 0x00, 0x00, 0x00, 0x00, 0x00, 0x00, 0x00, 0x00, 0x00, 0x00, 0x0B, 0xF0, 0xFF, 0xFF, 
0xFF, 0x25, 0x00, 0x00, 0x00, 0x00, 0x40, 0xFF, 0xFF, 0xFF, 0xE2, 0x00, 0x00, 0x00, 0x00, 0x00, 
0x00, 0x00, 0x00, 0x00, 0x00, 0x00, 0x00, 0x00, 0x77, 0xFF, 0xFF, 0xFF, 0xB9, 0x00, 0x00, 0x00, 
0x00, 0x00, 0x30, 0xFF, 0xFF, 0xFF, 0xFF, 0x19, 0x00, 0x00, 0x00, 0x00, 0x00, 0x00, 0x00, 0x00, 
0x00, 0x00, 0x00, 0x25, 0xF5, 0xFF, 0xFF, 0xFF, 0x46, 0x00, 0x00, 0x00, 0x00, 0x00, 0x07, 0xF4, 
0xFF, 0xFF, 0xFF, 0x83, 0x00, 0x00, 0x00, 0x00, 0x00, 0x00, 0x00, 0x00, 0x00, 0x00, 0x18, 0xDC, 
0xFF, 0xFF, 0xFF, 0xB2, 0x00, 0x00, 0x00, 0x00, 0x00, 0x00, 0x00, 0xB0, 0xFF, 0xFF, 0xFF, 0xFA, 
0x4F, 0x00, 0x00, 0x00, 0x00, 0x00, 0x00, 0x00, 0x00, 0x42, 0xE4, 0xFF, 0xFF, 0xFF, 0xEB, 0x17, 
0x00, 0x00, 0x00, 0x00, 0x00, 0x00, 0x00, 0x35, 0xFD, 0xFF, 0xFF, 0xFF, 0xFF, 0xAA, 0x4E, 0x1A, 
0x06, 0x0D, 0x27, 0x63, 0xBE, 0xFF, 0xFF, 0xFF, 0xFF, 0xF0, 0x35, 0x00, 0x00, 0x00, 0x00, 0x00, 
0x00, 0x00, 0x00, 0x00, 0x88, 0xFF, 0xFF, 0xFF, 0xFF, 0xFF, 0xFF, 0xFF, 0xFF, 0xFF, 0xFF, 0xFF, 
0xFF, 0xFF, 0xFF, 0xFF, 0xE3, 0x34, 0x00, 0x00, 0x00, 0x00, 0x00, 0x00, 0x00, 0x00, 0x00, 0x00, 
0x00, 0x7F, 0xFC, 0xFF, 0xFF, 0xFF, 0xFF, 0xFF, 0xFF, 0xFF, 0xFF, 0xFF, 0xFF, 0xFF, 0xFD, 0x9D, 
0x0F, 0x00, 0x00, 0x00, 0x00, 0x00, 0x00, 0x00, 0x00, 0x00, 0x00, 0x00, 0x00, 0x00, 0x28, 0xA4, 
0xEF, 0xFF, 0xFF, 0xFF, 0xFF, 0xFF, 0xFF, 0xFF, 0xDF, 0x8E, 0x21, 0x00, 0x00, 0x00, 0x00, 0x00, 
0x00, 0x00, 0x00, 0x00, 0x00, 0x00, 0x00, 0x00, 0x00, 0x00, 0x00, 0x00, 0x02, 0x30, 0x52, 0x65, 
0x6F, 0x5E, 0x4A, 0x1C, 0x00, 0x00, 0x00, 0x00, 0x00, 0x00, 0x00, 0x00, 0x00, 0x00, 0x00, 0x00, 
0x00, 0x00, 0x15, 0x6A, 0x76, 0x6E, 0x23, 0x00, 0x00, 0x00, 0x00, 0x00, 0x00, 0x00, 0x00, 0x00, 
0x00, 0x00, 0x00, 0x00, 0x00, 0x00, 0x00, 0x00, 0x46, 0x73, 0x76, 0x5E, 0x01, 0x6E, 0xFF, 0xFF, 
0xFF, 0xB6, 0x00, 0x00, 0x00, 0x00, 0x00, 0x00, 0x00, 0x00, 0x00, 0x00, 0x00, 0x00, 0x00, 0x00, 
0x00, 0x00, 0x4D, 0xFF, 0xFF, 0xFF, 0xF5, 0x09, 0x51, 0xFF, 0xFF, 0xFF, 0xDC, 0x00, 0x00, 0x00, 
0x00, 0x00, 0x00, 0x00, 0x00, 0x00, 0x00, 0x00, 0x00, 0x00, 0x00, 0x00, 0x02, 0xD4, 0xFF, 0xFF, 
0xFF, 0x8E, 0x00, 0x2A, 0xFF, 0xFF, 0xFF, 0xFB, 0x04, 0x00, 0x00, 0x00, 0x00, 0x00, 0x00, 0x00, 
0x00, 0x00, 0x00, 0x00, 0x00, 0x00, 0x00, 0x5F, 0xFF, 0xFF, 0xFF, 0xEF, 0x12, 0x00, 0x06, 0xFC, 
0xFF, 0xFF, 0xFF, 0x23, 0x00, 0x00, 0x00, 0x00, 0x00, 0x00, 0x00, 0x00, 0x00, 0x00, 0x00, 0x00, 
0x00, 0x06, 0xDF, 0xFF, 0xFF, 0xFF, 0x74, 0x00, 0x00, 0x00, 0xDD, 0xFF, 0xFF, 0xFF, 0x47, 0x00, 
0x00, 0x00, 0x00, 0x00, 0x00, 0x00, 0x00, 0x00, 0x00, 0x00, 0x00, 0x00, 0x6E, 0xFF, 0xFF, 0xFF, 
0xE0, 0x07, 0x00, 0x00, 0x00, 0xB6, 0xFF, 0xFF, 0xFF, 0x6A, 0x00, 0x00, 0x00, 0x00, 0x00, 0x00, 
0x00, 0x00, 0x00, 0x00, 0x00, 0x00, 0x0C, 0xE9, 0xFF, 0xFF, 0xFF, 0x5A, 0x00, 0x00, 0x00, 0x00, 
0x8F, 0xFF, 0xFF, 0xFF, 0x8D, 0x00, 0x00, 0x00, 0x00, 0x00, 0x00, 0x00, 0x00, 0x00, 0x00, 0x00, 
0x00, 0x7D, 0xFF, 0xFF, 0xFF, 0xCC, 0x01, 0x00, 0x00, 0x00, 0x00, 0x68, 0xFF, 0xFF, 0xFF, 0xB1, 
0x00, 0x00, 0x00, 0x00, 0x00, 0x00, 0x00, 0x00, 0x00, 0x00, 0x00, 0x13, 0xF1, 0xFF, 0xFF, 0xFF, 
0x41, 0x00, 0x00, 0x00, 0x00, 0x00, 0x42, 0xFF, 0xFF, 0xFF, 0xD4, 0x00, 0x00, 0x00, 0x00, 0x00, 
0x00, 0x00, 0x00, 0x00, 0x00, 0x00, 0x8C, 0xFF, 0xFF, 0xFF, 0xB3, 0x00, 0x00, 0x00, 0x00, 0x00, 
0x00, 0x1B, 0xFF, 0xFF, 0xFF, 0xF6, 0x01, 0x00, 0x00, 0x00, 0x00, 0x00, 0x00, 0x00, 0x00, 0x00, 
0x1C, 0xF7, 0xFF, 0xFF, 0xFC, 0x2A, 0x00, 0x00, 0x00, 0x00, 0x00, 0x00, 0x00, 0xF3, 0xFF, 0xFF, 
0xFF, 0x1B, 0x00, 0x00, 0x00, 0x00, 0x00, 0x00, 0x00, 0x00, 0x00, 0x9C, 0xFF, 0xFF, 0xFF, 0x99, 
0x00, 0x00, 0x00, 0x00, 0x00, 0x00, 0x00, 0x00, 0xCD, 0xFF, 0xFF, 0xFF, 0x3F, 0x00, 0x00, 0x00, 
0x00, 0x00, 0x00, 0x00, 0x00, 0x26, 0xFC, 0xFF, 0xFF, 0xF4, 0x18, 0x00, 0x00, 0x00, 0x00, 0x00, 
0x00, 0x00, 0x00, 0xA6, 0xFF, 0xFF, 0xFF, 0x62, 0x00, 0x00, 0x00, 0x00, 0x00, 0x00, 0x00, 0x00, 
0xAB, 0xFF, 0xFF, 0xFF, 0x7F, 0x00, 0x00, 0x00, 0x00, 0x00, 0x00, 0x00, 0x00, 0x00, 0x80, 0xFF, 
0xFF, 0xFF, 0x86, 0x00, 0x00, 0x00, 0x00, 0x00, 0x00, 0x00, 0x33, 0xFE, 0xFF, 0xFF, 0xE7, 0x0B, 
0x00, 0x00, 0x00, 0x00, 0x00, 0x00, 0x00, 0x00, 0x00, 0x59, 0xFF, 0xFF, 0xFF, 0xA9, 0x00, 0x00, 
0x00, 0x00, 0x00, 0x00, 0x00, 0xBA, 0xFF, 0xFF, 0xFF, 0x65, 0x00, 0x00, 0x00, 0x00, 0x00, 0x00, 
0x00, 0x00, 0x00, 0x00, 0x32, 0xFF, 0xFF, 0xFF, 0xCD, 0x00, 0x00, 0x00, 0x00, 0x00, 0x00, 0x41, 
0xFF, 0xFF, 0xFF, 0xD5, 0x03, 0x00, 0x00, 0x00, 0x00, 0x00, 0x00, 0x00, 0x00, 0x00, 0x00, 0x0C, 
0xFF, 0xFF, 0xFF, 0xF0, 0x00, 0x00, 0x00, 0x00, 0x00, 0x00, 0xC8, 0xFF, 0xFF, 0xFF, 0x4B, 0x00, 
0x00, 0x00, 0x00, 0x00, 0x00, 0x00, 0x00, 0x00, 0x00, 0x00, 0x00, 0xE4, 0xFF, 0xFF, 0xFF, 0x13, 
0x00, 0x00, 0x00, 0x00, 0x51, 0xFF, 0xFF, 0xFF, 0xBE, 0x00, 0x00, 0x00, 0x00, 0x00, 0x00, 0x00, 
0x00, 0x00, 0x00, 0x00, 0x00, 0x00, 0xBE, 0xFF, 0xFF, 0xFF, 0x37, 0x00, 0x00, 0x00, 0x02, 0xD5, 
0xFF, 0xFF, 0xFE, 0x33, 0x00, 0x00, 0x00, 0x00, 0x00, 0x00, 0x00, 0x00, 0x00, 0x00, 0x00, 0x00, 
0x00, 0x97, 0xFF, 0xFF, 0xFF, 0x5A, 0x00, 0x00, 0x00, 0x60, 0xFF, 0xFF, 0xFF, 0xA4, 0x00, 0x00, 
0x00, 0x00, 0x00, 0x00, 0x00, 0x00, 0x00, 0x00, 0x00, 0x00, 0x00, 0x00, 0x70, 0xFF, 0xFF, 0xFF, 
0x7E, 0x00, 0x00, 0x06, 0xE0, 0xFF, 0xFF, 0xF8, 0x1F, 0x00, 0x00, 0x00, 0x00, 0x00, 0x00, 0x00, 
0x00, 0x00, 0x00, 0x00, 0x00, 0x00, 0x00, 0x49, 0xFF, 0xFF, 0xFF, 0xA1, 0x00, 0x00, 0x6F, 0xFF, 
0xFF, 0xFF, 0x8A, 0x00, 0x00, 0x00, 0x00, 0x00, 0x00, 0x00, 0x00, 0x00, 0x00, 0x00, 0x00, 0x00, 
0x00, 0x00, 0x23, 0xFF, 0xFF, 0xFF, 0xC5, 0x00, 0x0C, 0xEA, 0xFF, 0xFF, 0xED, 0x10, 0x00, 0x00, 
0x00, 0x00, 0x00, 0x00, 0x00, 0x00, 0x00, 0x00, 0x00, 0x00, 0x00, 0x00, 0x00, 0x03, 0xF8, 0xFF, 
0xFF, 0xE8, 0x00, 0x7E, 0xFF, 0xFF, 0xFF, 0x70, 0x00, 0x00, 0x00, 0x00, 0x00, 0x00, 0x00, 0x00, 
0x00, 0x00, 0x00, 0x00, 0x00, 0x00, 0x00, 0x00, 0x00, 0xD5, 0xFF, 0xFF, 0xFF, 0x20, 0xF1, 0xFF, 
0xFF, 0xDD, 0x06, 0x00, 0x00, 0x00, 0x00, 0x00, 0x00, 0x00, 0x00, 0x00, 0x00, 0x00, 0x00, 0x00, 
0x00, 0x00, 0x00, 0x00, 0xAE, 0xFF, 0xFF, 0xFF, 0xBC, 0xFF, 0xFF, 0xFF, 0x56, 0x00, 0x00, 0x00, 
0x00, 0x00, 0x00, 0x00, 0x00, 0x00, 0x00, 0x00, 0x00, 0x00, 0x00, 0x00, 0x00, 0x00, 0x00, 0x87, 
0xFF, 0xFF, 0xFF, 0xFF, 0xFF, 0xFF, 0xC9, 0x00, 0x00, 0x00, 0x00, 0x00, 0x00, 0x00, 0x00, 0x00, 
0x00, 0x00, 0x00, 0x00, 0x00, 0x00, 0x00, 0x00, 0x00, 0x00, 0x61, 0xFF, 0xFF, 0xFF, 0xFF, 0xFF, 
0xFF, 0x3D, 0x00, 0x00, 0x00, 0x00, 0x00, 0x00, 0x00, 0x00, 0x00, 0x00, 0x00, 0x00, 0x00, 0x00, 
0x00, 0x00, 0x00, 0x00, 0x00, 0x3A, 0xFF, 0xFF, 0xFF, 0xFF, 0xFF, 0xAF, 0x00, 0x00, 0x00, 0x00, 
0x00, 0x00, 0x00, 0x00, 0x00, 0x00, 0x00, 0x00, 0x00, 0x00, 0x00, 0x00, 0x00, 0x00, 0x00, 0x00, 
0x0D, 0xEC, 0xFF, 0xFF, 0xFF, 0xE4, 0x22, 0x00, 0x00, 0x00, 0x00, 0x00, 0x00, 0x00, 0x00, 0x00, 
0x00, 0x00, 0x00, 0x00, 0x00, 0x00, 0x00, 0x00, 0x00, 0x00, 0x00, 0x00, 0x04, 0x1D, 0x22, 0x1A, 
0x02, 0x00, 0x00, 0x00, 0x00, 0x00, 0x00, 0x00, 0x00, 0x00, 0x00, 0x00, 0x00, 0x00, 0x00, 0x00, 
0x00, 0x00, 0x33, 0x73, 0x73, 0x5C, 0x02, 0x00, 0x00, 0x00, 0x00, 0x00, 0x00, 0x00, 0x00, 0x00, 
0x00, 0x00, 0x00, 0x02, 0x4F, 0x73, 0x76, 0x50, 0x00, 0x00, 0x00, 0x00, 0x00, 0x00, 0x00, 0x00, 
0x00, 0x00, 0x00, 0x00, 0x00, 0x00, 0x46, 0x71, 0x75, 0x4D, 0xCE, 0xFF, 0xFF, 0xFF, 0x41, 0x00, 
0x00, 0x00, 0x00, 0x00, 0x00, 0x00, 0x00, 0x00, 0x00, 0x00, 0x00, 0x6D, 0xFF, 0xFF, 0xFF, 0xFF, 
0x12, 0x00, 0x00, 0x00, 0x00, 0x00, 0x00, 0x00, 0x00, 0x00, 0x00, 0x00, 0x00, 0x42, 0xFF, 0xFF, 
0xFF, 0xE1, 0xC6, 0xFF, 0xFF, 0xFF, 0x56, 0x00, 0x00, 0x00, 0x00, 0x00, 0x00, 0x00, 0x00, 0x00, 
0x00, 0x00, 0x04, 0xE1, 0xFF, 0xFF, 0xFF, 0xFF, 0x28, 0x00, 0x00, 0x00, 0x00, 0x00, 0x00, 0x00, 
0x00, 0x00, 0x00, 0x00, 0x00, 0xBB, 0xFF, 0xFF, 0xFF, 0x84, 0xB0, 0xFF, 0xFF, 0xFF, 0x68, 0x00, 
0x00, 0x00, 0x00, 0x00, 0x00, 0x00, 0x00, 0x00, 0x00, 0x00, 0x5B, 0xFF, 0xFF, 0xFF, 0xFF, 0xFF, 
0x3C, 0x00, 0x00, 0x00, 0x00, 0x00, 0x00, 0x00, 0x00, 0x00, 0x00, 0x00, 0x31, 0xFF, 0xFF, 0xFF, 
0xF4, 0x13, 0x9A, 0xFF, 0xFF, 0xFF, 0x79, 0x00, 0x00, 0x00, 0x00, 0x00, 0x00, 0x00, 0x00, 0x00, 
0x00, 0x00, 0xCF, 0xFF, 0xFF, 0xFF, 0xFF, 0xFF, 0x4F, 0x00, 0x00, 0x00, 0x00, 0x00, 0x00, 0x00, 
0x00, 0x00, 0x00, 0x00, 0xA8, 0xFF, 0xFF, 0xFF, 0x8B, 0x00, 0x84, 0xFF, 0xFF, 0xFF, 0x8A, 0x00, 
0x00, 0x00, 0x00, 0x00, 0x00, 0x00, 0x00, 0x00, 0x00, 0x45, 0xFF, 0xFF, 0xFF, 0xFF, 0xFF, 0xFF, 
0x62, 0x00, 0x00, 0x00, 0x00, 0x00, 0x00, 0x00, 0x00, 0x00, 0x00, 0x21, 0xFC, 0xFF, 0xFF, 0xF6, 
0x17, 0x00, 0x6E, 0xFF, 0xFF, 0xFF, 0x9B, 0x00, 0x00, 0x00, 0x00, 0x00, 0x00, 0x00, 0x00, 0x00, 
0x00, 0xBA, 0xFF, 0xFF, 0xFF, 0xFF, 0xFF, 0xFF, 0x76, 0x00, 0x00, 0x00, 0x00, 0x00, 0x00, 0x00, 
0x00, 0x00, 0x00, 0x94, 0xFF, 0xFF, 0xFF, 0x91, 0x00, 0x00, 0x58, 0xFF, 0xFF, 0xFF, 0xAC, 0x00, 
0x00, 0x00, 0x00, 0x00, 0x00, 0x00, 0x00, 0x00, 0x2E, 0xFF, 0xFF, 0xFF, 0xCB, 0xFF, 0xFF, 0xFF, 
0x89, 0x00, 0x00, 0x00, 0x00, 0x00, 0x00, 0x00, 0x00, 0x00, 0x14, 0xF6, 0xFF, 0xFF, 0xF9, 0x1C, 
0x00, 0x00, 0x42, 0xFF, 0xFF, 0xFF, 0xBD, 0x00, 0x00, 0x00, 0x00, 0x00, 0x00, 0x00, 0x00, 0x00, 
0xA3, 0xFF, 0xFF, 0xF6, 0x4D, 0xFF, 0xFF, 0xFF, 0x9D, 0x00, 0x00, 0x00, 0x00, 0x00, 0x00, 0x00, 
0x00, 0x00, 0x81, 0xFF, 0xFF, 0xFF, 0x98, 0x00, 0x00, 0x00, 0x2C, 0xFF, 0xFF, 0xFF, 0xCE, 0x00, 
0x00, 0x00, 0x00, 0x00, 0x00, 0x00, 0x00, 0x1D, 0xFA, 0xFF, 0xFF, 0x96, 0x26, 0xFF, 0xFF, 0xFF, 
0xB0, 0x00, 0x00, 0x00, 0x00, 0x00, 0x00, 0x00, 0x00, 0x0A, 0xEC, 0xFF, 0xFF, 0xFB, 0x20, 0x00, 
0x00, 0x00, 0x16, 0xFF, 0xFF, 0xFF, 0xE0, 0x00, 0x00, 0x00, 0x00, 0x00, 0x00, 0x00, 0x00, 0x8D, 
0xFF, 0xFF, 0xFD, 0x24, 0x12, 0xFF, 0xFF, 0xFF, 0xC3, 0x00, 0x00, 0x00, 0x00, 0x00, 0x00, 0x00, 
0x00, 0x6E, 0xFF, 0xFF, 0xFF, 0x9F, 0x00, 0x00, 0x00, 0x00, 0x02, 0xFD, 0xFF, 0xFF, 0xF1, 0x00, 
0x00, 0x00, 0x00, 0x00, 0x00, 0x00, 0x0F, 0xF2, 0xFF, 0xFF, 0xAE, 0x00, 0x01, 0xFC, 0xFF, 0xFF, 
0xD7, 0x00, 0x00, 0x00, 0x00, 0x00, 0x00, 0x00, 0x03, 0xDF, 0xFF, 0xFF, 0xFC, 0x25, 0x00, 0x00, 
0x00, 0x00, 0x00, 0xEA, 0xFF, 0xFF, 0xFF, 0x03, 0x00, 0x00, 0x00, 0x00, 0x00, 0x00, 0x77, 0xFF, 
0xFF, 0xFF, 0x3B, 0x00, 0x00, 0xE9, 0xFF, 0xFF, 0xEA, 0x00, 0x00, 0x00, 0x00, 0x00, 0x00, 0x00, 
0x5A, 0xFF, 0xFF, 0xFF, 0xA5, 0x00, 0x00, 0x00, 0x00, 0x00, 0x00, 0xD4, 0xFF, 0xFF, 0xFF, 0x13, 
0x00, 0x00, 0x00, 0x00, 0x00, 0x06, 0xE5, 0xFF, 0xFF, 0xC7, 0x00, 0x00, 0x00, 0xD5, 0xFF, 0xFF, 
0xFC, 0x01, 0x00, 0x00, 0x00, 0x00, 0x00, 0x00, 0xCF, 0xFF, 0xFF, 0xFE, 0x2A, 0x00, 0x00, 0x00, 
0x00, 0x00, 0x00, 0xBF, 0xFF, 0xFF, 0xFF, 0x24, 0x00, 0x00, 0x00, 0x00, 0x00, 0x61, 0xFF, 0xFF, 
0xFF, 0x53, 0x00, 0x00, 0x00, 0xC1, 0xFF, 0xFF, 0xFF, 0x11, 0x00, 0x00, 0x00, 0x00, 0x00, 0x47, 
0xFF, 0xFF, 0xFF, 0xAC, 0x00, 0x00, 0x00, 0x00, 0x00, 0x00, 0x00, 0xA9, 0xFF, 0xFF, 0xFF, 0x35, 
0x00, 0x00, 0x00, 0x00, 0x01, 0xD4, 0xFF, 0xFF, 0xDD, 0x02, 0x00, 0x00, 0x00, 0xAD, 0xFF, 0xFF, 
0xFF, 0x24, 0x00, 0x00, 0x00, 0x00, 0x00, 0xBD, 0xFF, 0xFF, 0xFF, 0x30, 0x00, 0x00, 0x00, 0x00, 
0x00, 0x00, 0x00, 0x93, 0xFF, 0xFF, 0xFF, 0x47, 0x00, 0x00, 0x00, 0x00, 0x4A, 0xFF, 0xFF, 0xFF, 
0x6C, 0x00, 0x00, 0x00, 0x00, 0x99, 0xFF, 0xFF, 0xFF, 0x38, 0x00, 0x00, 0x00, 0x00, 0x33, 0xFF, 
0xFF, 0xFF, 0xB2, 0x00, 0x00, 0x00, 0x00, 0x00, 0x00, 0x00, 0x00, 0x7D, 0xFF, 0xFF, 0xFF, 0x58, 
0x00, 0x00, 0x00, 0x00, 0xBF, 0xFF, 0xFF, 0xED, 0x0A, 0x00, 0x00, 0x00, 0x00, 0x84, 0xFF, 0xFF, 
0xFF, 0x4B, 0x00, 0x00, 0x00, 0x00, 0xAA, 0xFF, 0xFF, 0xFF, 0x36, 0x00, 0x00, 0x00, 0x00, 0x00, 
0x00, 0x00, 0x00, 0x67, 0xFF, 0xFF, 0xFF, 0x69, 0x00, 0x00, 0x00, 0x34, 0xFF, 0xFF, 0xFF, 0x84, 
0x00, 0x00, 0x00, 0x00, 0x00, 0x70, 0xFF, 0xFF, 0xFF, 0x5F, 0x00, 0x00, 0x00, 0x23, 0xFC, 0xFF, 
0xFF, 0xB9, 0x00, 0x00, 0x00, 0x00, 0x00, 0x00, 0x00, 0x00, 0x00, 0x51, 0xFF, 0xFF, 0xFF, 0x7A, 
0x00, 0x00, 0x00, 0xA9, 0xFF, 0xFF, 0xF8, 0x18, 0x00, 0x00, 0x00, 0x00, 0x00, 0x5C, 0xFF, 0xFF, 
0xFF, 0x72, 0x00, 0x00, 0x00, 0x97, 0xFF, 0xFF, 0xFF, 0x3D, 0x00, 0x00, 0x00, 0x00, 0x00, 0x00, 
0x00, 0x00, 0x00, 0x3B, 0xFF, 0xFF, 0xFF, 0x8B, 0x00, 0x00, 0x21, 0xFC, 0xFF, 0xFF, 0x9D, 0x00, 
0x00, 0x00, 0x00, 0x00, 0x00, 0x48, 0xFF, 0xFF, 0xFF, 0x85, 0x00, 0x00, 0x15, 0xF6, 0xFF, 0xFF, 
0xBF, 0x00, 0x00, 0x00, 0x00, 0x00, 0x00, 0x00, 0x00, 0x00, 0x00, 0x25, 0xFF, 0xFF, 0xFF, 0x9C, 
0x00, 0x00, 0x93, 0xFF, 0xFF, 0xFE, 0x2A, 0x00, 0x00, 0x00, 0x00, 0x00, 0x00, 0x34, 0xFF, 0xFF, 
0xFF, 0x99, 0x00, 0x00, 0x83, 0xFF, 0xFF, 0xFF, 0x43, 0x00, 0x00, 0x00, 0x00, 0x00, 0x00, 0x00, 
0x00, 0x00, 0x00, 0x0F, 0xFF, 0xFF, 0xFF, 0xAE, 0x00, 0x12, 0xF5, 0xFF, 0xFF, 0xB6, 0x00, 0x00, 
0x00, 0x00, 0x00, 0x00, 0x00, 0x1F, 0xFF, 0xFF, 0xFF, 0xAC, 0x00, 0x0B, 0xED, 0xFF, 0xFF, 0xC6, 
0x00, 0x00, 0x00, 0x00, 0x00, 0x00, 0x00, 0x00, 0x00, 0x00, 0x00, 0x00, 0xF8, 0xFF, 0xFF, 0xBF, 
0x00, 0x7D, 0xFF, 0xFF, 0xFF, 0x42, 0x00, 0x00, 0x00, 0x00, 0x00, 0x00, 0x00, 0x0B, 0xFF, 0xFF, 
0xFF, 0xC0, 0x00, 0x70, 0xFF, 0xFF, 0xFF, 0x49, 0x00, 0x00, 0x00, 0x00, 0x00, 0x00, 0x00, 0x00, 
0x00, 0x00, 0x00, 0x00, 0xE3, 0xFF, 0xFF, 0xD0, 0x08, 0xE9, 0xFF, 0xFF, 0xCE, 0x00, 0x00, 0x00, 
0x00, 0x00, 0x00, 0x00, 0x00, 0x00, 0xF6, 0xFF, 0xFF, 0xD3, 0x04, 0xE1, 0xFF, 0xFF, 0xCD, 0x00, 
0x00, 0x00, 0x00, 0x00, 0x00, 0x00, 0x00, 0x00, 0x00, 0x00, 0x00, 0x00, 0xCD, 0xFF, 0xFF, 0xE1, 
0x66, 0xFF, 0xFF, 0xFF, 0x5A, 0x00, 0x00, 0x00, 0x00, 0x00, 0x00, 0x00, 0x00, 0x00, 0xE3, 0xFF, 
0xFF, 0xE6, 0x5D, 0xFF, 0xFF, 0xFF, 0x50, 0x00, 0x00, 0x00, 0x00, 0x00, 0x00, 0x00, 0x00, 0x00, 
0x00, 0x00, 0x00, 0x00, 0xB8, 0xFF, 0xFF, 0xF4, 0xD9, 0xFF, 0xFF, 0xE2, 0x04, 0x00, 0x00, 0x00, 
0x00, 0x00, 0x00, 0x00, 0x00, 0x00, 0xCF, 0xFF, 0xFF, 0xF9, 0xD2, 0xFF, 0xFF, 0xD2, 0x01, 0x00, 
0x00, 0x00, 0x00, 0x00, 0x00, 0x00, 0x00, 0x00, 0x00, 0x00, 0x00, 0x00, 0xA2, 0xFF, 0xFF, 0xFF, 
0xFF, 0xFF, 0xFF, 0x73, 0x00, 0x00, 0x00, 0x00, 0x00, 0x00, 0x00, 0x00, 0x00, 0x00, 0xBA, 0xFF, 
0xFF, 0xFF, 0xFF, 0xFF, 0xFF, 0x57, 0x00, 0x00, 0x00, 0x00, 0x00, 0x00, 0x00, 0x00, 0x00, 0x00, 
0x00, 0x00, 0x00, 0x00, 0x8C, 0xFF, 0xFF, 0xFF, 0xFF, 0xFF, 0xF1, 0x0E, 0x00, 0x00, 0x00, 0x00, 
0x00, 0x00, 0x00, 0x00, 0x00, 0x00, 0xA6, 0xFF, 0xFF, 0xFF, 0xFF, 0xFF, 0xD8, 0x02, 0x00, 0x00, 
0x00, 0x00, 0x00, 0x00, 0x00, 0x00, 0x00, 0x00, 0x00, 0x00, 0x00, 0x00, 0x76, 0xFF, 0xFF, 0xFF, 
0xFF, 0xFF, 0x8C, 0x00, 0x00, 0x00, 0x00, 0x00, 0x00, 0x00, 0x00, 0x00, 0x00, 0x00, 0x92, 0xFF, 
0xFF, 0xFF, 0xFF, 0xFF, 0x5D, 0x00, 0x00, 0x00, 0x00, 0x00, 0x00, 0x00, 0x00, 0x00, 0x00, 0x00, 
0x00, 0x00, 0x00, 0x00, 0x3D, 0xF9, 0xFF, 0xFF, 0xFF, 0xDD, 0x17, 0x00, 0x00, 0x00, 0x00, 0x00, 
0x00, 0x00, 0x00, 0x00, 0x00, 0x00, 0x5A, 0xFE, 0xFF, 0xFF, 0xFF, 0xB6, 0x03, 0x00, 0x00, 0x00, 
0x00, 0x00, 0x00, 0x00, 0x00, 0x00, 0x00, 0x00, 0x00, 0x00, 0x00, 0x00, 0x00, 0x07, 0x20, 0x22, 
0x19, 0x01, 0x00, 0x00, 0x00, 0x00, 0x00, 0x00, 0x00, 0x00, 0x00, 0x00, 0x00, 0x00, 0x00, 0x0C, 
0x20, 0x21, 0x10, 0x00, 0x00, 0x00, 0x00, 0x00, 0x00, 0x00, 0x00, 0x00, 0x00, 0x00, 0x00, 0x00, 
0x00, 0x00, 0x00, 0x00, 0x00, 0x00, 0x00, 0x00, 0x00, 0x18, 0x67, 0x76, 0x6E, 0x21, 0x00, 0x00, 
0x00, 0x00, 0x00, 0x00, 0x00, 0x00, 0x00, 0x00, 0x00, 0x00, 0x06, 0x56, 0x73, 0x75, 0x59, 0x01, 
0x00, 0x00, 0x00, 0x00, 0x00, 0x00, 0x00, 0x8B, 0xFF, 0xFF, 0xFF, 0xD3, 0x00, 0x00, 0x00, 0x00, 
0x00, 0x00, 0x00, 0x00, 0x00, 0x00, 0x00, 0x00, 0xAD, 0xFF, 0xFF, 0xFF, 0xE8, 0x07, 0x00, 0x00, 
0x00, 0x00, 0x00, 0x00, 0x00, 0x4A, 0xFF, 0xFF, 0xFF, 0xFF, 0x35, 0x00, 0x00, 0x00, 0x00, 0x00, 
0x00, 0x00, 0x00, 0x00, 0x00, 0x72, 0xFF, 0xFF, 0xFF, 0xFE, 0x50, 0x00, 0x00, 0x00, 0x00, 0x00, 
0x00, 0x00, 0x00, 0x03, 0xE3, 0xFF, 0xFF, 0xFF, 0x95, 0x00, 0x00, 0x00, 0x00, 0x00, 0x00, 0x00, 
0x00, 0x00, 0x39, 0xFA, 0xFF, 0xFF, 0xFF, 0x83, 0x00, 0x00, 0x00, 0x00, 0x00, 0x00, 0x00, 0x00, 
0x00, 0x00, 0x83, 0xFF, 0xFF, 0xFF, 0xED, 0x06, 0x00, 0x00, 0x00, 0x00, 0x00, 0x00, 0x00, 0x13, 
0xE2, 0xFF, 0xFF, 0xFF, 0xB5, 0x02, 0x00, 0x00, 0x00, 0x00, 0x00, 0x00, 0x00, 0x00, 0x00, 0x00, 
0x21, 0xFE, 0xFF, 0xFF, 0xFF, 0x53, 0x00, 0x00, 0x00, 0x00, 0x00, 0x00, 0x01, 0xB5, 0xFF, 0xFF, 
0xFF, 0xDB, 0x10, 0x00, 0x00, 0x00, 0x00, 0x00, 0x00, 0x00, 0x00, 0x00, 0x00, 0x00, 0x00, 0xBC, 
0xFF, 0xFF, 0xFF, 0xB3, 0x00, 0x00, 0x00, 0x00, 0x00, 0x00, 0x79, 0xFF, 0xFF, 0xFF, 0xF4, 0x2C, 
0x00, 0x00, 0x00, 0x00, 0x00, 0x00, 0x00, 0x00, 0x00, 0x00, 0x00, 0x00, 0x00, 0x58, 0xFF, 0xFF, 
0xFF, 0xFB, 0x16, 0x00, 0x00, 0x00, 0x00, 0x3E, 0xFC, 0xFF, 0xFF, 0xFF, 0x56, 0x00, 0x00, 0x00, 
0x00, 0x00, 0x00, 0x00, 0x00, 0x00, 0x00, 0x00, 0x00, 0x00, 0x00, 0x07, 0xEC, 0xFF, 0xFF, 0xFF, 
0x71, 0x00, 0x00, 0x00, 0x16, 0xE5, 0xFF, 0xFF, 0xFF, 0x89, 0x00, 0x00, 0x00, 0x00, 0x00, 0x00, 
0x00, 0x00, 0x00, 0x00, 0x00, 0x00, 0x00, 0x00, 0x00, 0x00, 0x90, 0xFF, 0xFF, 0xFF, 0xD1, 0x00, 
0x00, 0x02, 0xBB, 0xFF, 0xFF, 0xFF, 0xBB, 0x03, 0x00, 0x00, 0x00, 0x00, 0x00, 0x00, 0x00, 0x00, 
0x00, 0x00, 0x00, 0x00, 0x00, 0x00, 0x00, 0x00, 0x2C, 0xFF, 0xFF, 0xFF, 0xFF, 0x30, 0x00, 0x80, 
0xFF, 0xFF, 0xFF, 0xDF, 0x13, 0x00, 0x00, 0x00, 0x00, 0x00, 0x00, 0x00, 0x00, 0x00, 0x00, 0x00, 
0x00, 0x00, 0x00, 0x00, 0x00, 0x00, 0x00, 0xC9, 0xFF, 0xFF, 0xFF, 0x8F, 0x44, 0xFD, 0xFF, 0xFF, 
0xF6, 0x30, 0x00, 0x00, 0x00, 0x00, 0x00, 0x00, 0x00, 0x00, 0x00, 0x00, 0x00, 0x00, 0x00, 0x00, 
0x00, 0x00, 0x00, 0x00, 0x00, 0x65, 0xFF, 0xFF, 0xFF, 0xEB, 0xE9, 0xFF, 0xFF, 0xFF, 0x5B, 0x00, 
0x00, 0x00, 0x00, 0x00, 0x00, 0x00, 0x00, 0x00, 0x00, 0x00, 0x00, 0x00, 0x00, 0x00, 0x00, 0x00, 
0x00, 0x00, 0x00, 0x0C, 0xF3, 0xFF, 0xFF, 0xFF, 0xFF, 0xFF, 0xFF, 0x8F, 0x00, 0x00, 0x00, 0x00, 
0x00, 0x00, 0x00, 0x00, 0x00, 0x00, 0x00, 0x00, 0x00, 0x00, 0x00, 0x00, 0x00, 0x00, 0x00, 0x00, 
0x00, 0x00, 0x9D, 0xFF, 0xFF, 0xFF, 0xFF, 0xFF, 0xBF, 0x04, 0x00, 0x00, 0x00, 0x00, 0x00, 0x00, 
0x00, 0x00, 0x00, 0x00, 0x00, 0x00, 0x00, 0x00, 0x00, 0x00, 0x00, 0x00, 0x00, 0x00, 0x00, 0x00, 
0x71, 0xFF, 0xFF, 0xFF, 0xFF, 0xFF, 0x1E, 0x00, 0x00, 0x00, 0x00, 0x00, 0x00, 0x00, 0x00, 0x00, 
0x00, 0x00, 0x00, 0x00, 0x00, 0x00, 0x00, 0x00, 0x00, 0x00, 0x00, 0x00, 0x00, 0x2F, 0xF5, 0xFF, 
0xFF, 0xFF, 0xFF, 0xFF, 0x5F, 0x00, 0x00, 0x00, 0x00, 0x00, 0x00, 0x00, 0x00, 0x00, 0x00, 0x00, 
0x00, 0x00, 0x00, 0x00, 0x00, 0x00, 0x00, 0x00, 0x00, 0x00, 0x12, 0xDE, 0xFF, 0xFF, 0xFF, 0xFF, 
0xFF, 0xFF, 0xC6, 0x00, 0x00, 0x00, 0x00, 0x00, 0x00, 0x00, 0x00, 0x00, 0x00, 0x00, 0x00, 0x00, 
0x00, 0x00, 0x00, 0x00, 0x00, 0x00, 0x00, 0x02, 0xB9, 0xFF, 0xFF, 0xFF, 0xB2, 0xFB, 0xFF, 0xFF, 
0xFF, 0x2E, 0x00, 0x00, 0x00, 0x00, 0x00, 0x00, 0x00, 0x00, 0x00, 0x00, 0x00, 0x00, 0x00, 0x00, 
0x00, 0x00, 0x00, 0x00, 0x00, 0x87, 0xFF, 0xFF, 0xFF, 0xD6, 0x0B, 0xB3, 0xFF, 0xFF, 0xFF, 0x96, 
0x00, 0x00, 0x00, 0x00, 0x00, 0x00, 0x00, 0x00, 0x00, 0x00, 0x00, 0x00, 0x00, 0x00, 0x00, 0x00, 
0x00, 0x00, 0x53, 0xFF, 0xFF, 0xFF, 0xF5, 0x2B, 0x00, 0x52, 0xFF, 0xFF, 0xFF, 0xF1, 0x0B, 0x00, 
0x00, 0x00, 0x00, 0x00, 0x00, 0x00, 0x00, 0x00, 0x00, 0x00, 0x00, 0x00, 0x00, 0x00, 0x00, 0x29, 
0xF3, 0xFF, 0xFF, 0xFF, 0x5E, 0x00, 0x00, 0x05, 0xEB, 0xFF, 0xFF, 0xFF, 0x65, 0x00, 0x00, 0x00, 
0x00, 0x00, 0x00, 0x00, 0x00, 0x00, 0x00, 0x00, 0x00, 0x00, 0x00, 0x00, 0x0E, 0xD9, 0xFF, 0xFF, 
0xFF, 0x9D, 0x00, 0x00, 0x00, 0x00, 0x91, 0xFF, 0xFF, 0xFF, 0xCC, 0x00, 0x00, 0x00, 0x00, 0x00, 
0x00, 0x00, 0x00, 0x00, 0x00, 0x00, 0x00, 0x00, 0x00, 0x01, 0xB1, 0xFF, 0xFF, 0xFF, 0xD2, 0x09, 
0x00, 0x00, 0x00, 0x00, 0x30, 0xFF, 0xFF, 0xFF, 0xFF, 0x34, 0x00, 0x00, 0x00, 0x00, 0x00, 0x00, 
0x00, 0x00, 0x00, 0x00, 0x00, 0x00, 0x00, 0x7F, 0xFF, 0xFF, 0xFF, 0xF3, 0x27, 0x00, 0x00, 0x00, 
0x00, 0x00, 0x00, 0xD0, 0xFF, 0xFF, 0xFF, 0x9C, 0x00, 0x00, 0x00, 0x00, 0x00, 0x00, 0x00, 0x00, 
0x00, 0x00, 0x00, 0x00, 0x4B, 0xFE, 0xFF, 0xFF, 0xFF, 0x59, 0x00, 0x00, 0x00, 0x00, 0x00, 0x00, 
0x00, 0x6F, 0xFF, 0xFF, 0xFF, 0xF4, 0x0E, 0x00, 0x00, 0x00, 0x00, 0x00, 0x00, 0x00, 0x00, 0x00, 
0x00, 0x24, 0xF0, 0xFF, 0xFF, 0xFF, 0x97, 0x00, 0x00, 0x00, 0x00, 0x00, 0x00, 0x00, 0x00, 0x14, 
0xF9, 0xFF, 0xFF, 0xFF, 0x6B, 0x00, 0x00, 0x00, 0x00, 0x00, 0x00, 0x00, 0x00, 0x00, 0x0B, 0xD4, 
0xFF, 0xFF, 0xFF, 0xCE, 0x07, 0x00, 0x00, 0x00, 0x00, 0x00, 0x00, 0x00, 0x00, 0x00, 0xAD, 0xFF, 
0xFF, 0xFF, 0xD2, 0x00, 0x00, 0x00, 0x00, 0x00, 0x00, 0x00, 0x00, 0x00, 0xAA, 0xFF, 0xFF, 0xFF, 
0xF1, 0x23, 0x00, 0x00, 0x00, 0x00, 0x00, 0x00, 0x00, 0x00, 0x00, 0x00, 0x4D, 0xFF, 0xFF, 0xFF, 
0xFF, 0x3A, 0x00, 0x00, 0x00, 0x00, 0x00, 0x00, 0x00, 0x71, 0xFF, 0xFF, 0xFF, 0xFF, 0x54, 0x00, 
0x00, 0x00, 0x00, 0x00, 0x00, 0x00, 0x00, 0x00, 0x00, 0x00, 0x04, 0xE7, 0xFF, 0xFF, 0xFF, 0x9C, 
0x00, 0x00, 0x00, 0x00, 0x00, 0x00, 0x01, 0xED, 0xFF, 0xFF, 0xFE, 0x83, 0x00, 0x00, 0x00, 0x00, 
0x00, 0x00, 0x00, 0x00, 0x00, 0x00, 0x00, 0x00, 0x00, 0x80, 0xFF, 0xFF, 0xFF, 0xB1, 0x00, 0x00, 
0x00, 0x00, 0x00, 0x00, 0x00, 0x0C, 0x21, 0x20, 0x0D, 0x00, 0x00, 0x00, 0x00, 0x00, 0x00, 0x00, 
0x00, 0x00, 0x00, 0x00, 0x00, 0x00, 0x00, 0x00, 0x16, 0x23, 0x1D, 0x02, 0x00, 0x00, 0x00, 0x00, 
0x00, 0x00, 0x16, 0x69, 0x76, 0x6B, 0x1B, 0x00, 0x00, 0x00, 0x00, 0x00, 0x00, 0x00, 0x00, 0x00, 
0x00, 0x00, 0x00, 0x00, 0x30, 0x6F, 0x76, 0x68, 0x14, 0x6B, 0xFF, 0xFF, 0xFF, 0xBC, 0x00, 0x00, 
0x00, 0x00, 0x00, 0x00, 0x00, 0x00, 0x00, 0x00, 0x00, 0x00, 0x38, 0xFB, 0xFF, 0xFF, 0xFF, 0x39, 
0x31, 0xFF, 0xFF, 0xFF, 0xFB, 0x0F, 0x00, 0x00, 0x00, 0x00, 0x00, 0x00, 0x00, 0x00, 0x00, 0x00, 
0x09, 0xD9, 0xFF, 0xFF, 0xFF, 0x96, 0x00, 0x00, 0xE2, 0xFF, 0xFF, 0xFF, 0x55, 0x00, 0x00, 0x00, 
0x00, 0x00, 0x00, 0x00, 0x00, 0x00, 0x00, 0x92, 0xFF, 0xFF, 0xFF, 0xD8, 0x0A, 0x00, 0x00, 0x96, 
0xFF, 0xFF, 0xFF, 0x9F, 0x00, 0x00, 0x00, 0x00, 0x00, 0x00, 0x00, 0x00, 0x00, 0x41, 0xFE, 0xFF, 
0xFF, 0xFB, 0x34, 0x00, 0x00, 0x00, 0x49, 0xFF, 0xFF, 0xFF, 0xE7, 0x01, 0x00, 0x00, 0x00, 0x00, 
0x00, 0x00, 0x00, 0x0D, 0xE0, 0xFF, 0xFF, 0xFF, 0x7C, 0x00, 0x00, 0x00, 0x00, 0x07, 0xF4, 0xFF, 
0xFF, 0xFF, 0x32, 0x00, 0x00, 0x00, 0x00, 0x00, 0x00, 0x00, 0x9D, 0xFF, 0xFF, 0xFF, 0xC5, 0x03, 
0x00, 0x00, 0x00, 0x00, 0x00, 0xAF, 0xFF, 0xFF, 0xFF, 0x7C, 0x00, 0x00, 0x00, 0x00, 0x00, 0x00, 
0x4A, 0xFF, 0xFF, 0xFF, 0xF2, 0x22, 0x00, 0x00, 0x00, 0x00, 0x00, 0x00, 0x62, 0xFF, 0xFF, 0xFF, 
0xC6, 0x00, 0x00, 0x00, 0x00, 0x00, 0x12, 0xE6, 0xFF, 0xFF, 0xFF, 0x61, 0x00, 0x00, 0x00, 0x00, 
0x00, 0x00, 0x00, 0x17, 0xFE, 0xFF, 0xFF, 0xFD, 0x13, 0x00, 0x00, 0x00, 0x00, 0xA6, 0xFF, 0xFF, 
0xFF, 0xAE, 0x00, 0x00, 0x00, 0x00, 0x00, 0x00, 0x00, 0x00, 0x00, 0xC8, 0xFF, 0xFF, 0xFF, 0x56, 
0x00, 0x00, 0x00, 0x50, 0xFF, 0xFF, 0xFF, 0xE6, 0x13, 0x00, 0x00, 0x00, 0x00, 0x00, 0x00, 0x00, 
0x00, 0x00, 0x7A, 0xFF, 0xFF, 0xFF, 0x9B, 0x00, 0x00, 0x11, 0xE6, 0xFF, 0xFF, 0xFF, 0x47, 0x00, 
0x00, 0x00, 0x00, 0x00, 0x00, 0x00, 0x00, 0x00, 0x00, 0x2D, 0xFF, 0xFF, 0xFF, 0xDF, 0x00, 0x00, 
0x9E, 0xFF, 0xFF, 0xFF, 0x93, 0x00, 0x00, 0x00, 0x00, 0x00, 0x00, 0x00, 0x00, 0x00, 0x00, 0x00, 
0x00, 0xE0, 0xFF, 0xFF, 0xFF, 0x1B, 0x3E, 0xFF, 0xFF, 0xFF, 0xD6, 0x09, 0x00, 0x00, 0x00, 0x00, 
0x00, 0x00, 0x00, 0x00, 0x00, 0x00, 0x00, 0x00, 0x93, 0xFF, 0xFF, 0xFF, 0x5B, 0xD4, 0xFF, 0xFF, 
0xFA, 0x32, 0x00, 0x00, 0x00, 0x00, 0x00, 0x00, 0x00, 0x00, 0x00, 0x00, 0x00, 0x00, 0x00, 0x46, 
0xFF, 0xFF, 0xFF, 0xE9, 0xFF, 0xFF, 0xFF, 0x78, 0x00, 0x00, 0x00, 0x00, 0x00, 0x00, 0x00, 0x00, 
0x00, 0x00, 0x00, 0x00, 0x00, 0x00, 0x06, 0xF2, 0xFF, 0xFF, 0xFF, 0xFF, 0xFF, 0xC2, 0x02, 0x00, 
0x00, 0x00, 0x00, 0x00, 0x00, 0x00, 0x00, 0x00, 0x00, 0x00, 0x00, 0x00, 0x00, 0x00, 0xAB, 0xFF, 
0xFF, 0xFF, 0xFF, 0xF1, 0x20, 0x00, 0x00, 0x00, 0x00, 0x00, 0x00, 0x00, 0x00, 0x00, 0x00, 0x00, 
0x00, 0x00, 0x00, 0x00, 0x00, 0x5E, 0xFF, 0xFF, 0xFF, 0xFF, 0x5E, 0x00, 0x00, 0x00, 0x00, 0x00, 
0x00, 0x00, 0x00, 0x00, 0x00, 0x00, 0x00, 0x00, 0x00, 0x00, 0x00, 0x00, 0x39, 0xFF, 0xFF, 0xFF, 
0xD3, 0x00, 0x00, 0x00, 0x00, 0x00, 0x00, 0x00, 0x00, 0x00, 0x00, 0x00, 0x00, 0x00, 0x00, 0x00, 
0x00, 0x00, 0x00, 0x6B, 0xFF, 0xFF, 0xFF, 0x9D, 0x00, 0x00, 0x00, 0x00, 0x00, 0x00, 0x00, 0x00, 
0x00, 0x00, 0x00, 0x00, 0x00, 0x00, 0x00, 0x00, 0x00, 0x00, 0x9E, 0xFF, 0xFF, 0xFF, 0x6B, 0x00, 
0x00, 0x00, 0x00, 0x00, 0x00, 0x00, 0x00, 0x00, 0x00, 0x00, 0x00, 0x00, 0x00, 0x00, 0x00, 0x00, 
0x00, 0xD2, 0xFF, 0xFF, 0xFF, 0x38, 0x00, 0x00, 0x00, 0x00, 0x00, 0x00, 0x00, 0x00, 0x00, 0x00, 
0x00, 0x00, 0x00, 0x00, 0x00, 0x00, 0x00, 0x09, 0xFB, 0xFF, 0xFF, 0xFC, 0x09, 0x00, 0x00, 0x00, 
0x00, 0x00, 0x00, 0x00, 0x00, 0x00, 0x00, 0x00, 0x00, 0x00, 0x00, 0x00, 0x00, 0x00, 0x39, 0xFF, 
0xFF, 0xFF, 0xD3, 0x00, 0x00, 0x00, 0x00, 0x00, 0x00, 0x00, 0x00, 0x00, 0x00, 0x00, 0x00, 0x00, 
0x00, 0x00, 0x00, 0x00, 0x00, 0x6C, 0xFF, 0xFF, 0xFF, 0xA0, 0x00, 0x00, 0x00, 0x00, 0x00, 0x00, 
0x00, 0x00, 0x00, 0x00, 0x00, 0x00, 0x00, 0x00, 0x00, 0x00, 0x00, 0x00, 0x9F, 0xFF, 0xFF, 0xFF, 
0x6D, 0x00, 0x00, 0x00, 0x00, 0x00, 0x00, 0x00, 0x00, 0x00, 0x00, 0x00, 0x00, 0x00, 0x00, 0x00, 
0x00, 0x00, 0x00, 0xD3, 0xFF, 0xFF, 0xFF, 0x3A, 0x00, 0x00, 0x00, 0x00, 0x00, 0x00, 0x00, 0x00, 
0x00, 0x00, 0x00, 0x00, 0x00, 0x00, 0x00, 0x00, 0x00, 0x09, 0xFC, 0xFF, 0xFF, 0xFD, 0x0B, 0x00, 
0x00, 0x00, 0x00, 0x00, 0x00, 0x00, 0x00, 0x00, 0x00, 0x00, 0x00, 0x00, 0x00, 0x00, 0x00, 0x00, 
0x3A, 0xFF, 0xFF, 0xFF, 0xD5, 0x00, 0x00, 0x00, 0x00, 0x00, 0x00, 0x00, 0x00, 0x00, 0x00, 0x00, 
0x00, 0x00, 0x00, 0x00, 0x00, 0x00, 0x00, 0x52, 0xFF, 0xFF, 0xFF, 0x85, 0x00, 0x00, 0x00, 0x00, 
0x00, 0x00, 0x00, 0x00, 0x00, 0x00, 0x00, 0x00, 0x00, 0x00, 0x00, 0x00, 0x00, 0x00, 0x00, 0x12, 
0x21, 0x10, 0x00, 0x00, 0x00, 0x00, 0x00, 0x00, 0x00, 0x00, 0x00, 0x00, 0x00, 0x00, 0x00, 0x00, 
0x00, 0x00, 0x00, 0x00, 0x00, 0x00, 0x00, 0x00, 0x04, 0x4B, 0x54, 0x54, 0x54, 0x54, 0x54, 0x54, 
0x54, 0x54, 0x54, 0x54, 0x54, 0x54, 0x54, 0x54, 0x54, 0x54, 0x4A, 0x04, 0x00, 0x00, 0x00, 0x00, 
0x00, 0x00, 0x7A, 0xFF, 0xFF, 0xFF, 0xFF, 0xFF, 0xFF, 0xFF, 0xFF, 0xFF, 0xFF, 0xFF, 0xFF, 0xFF, 
0xFF, 0xFF, 0xFF, 0xFF, 0xFF, 0x5C, 0x00, 0x00, 0x00, 0x00, 0x00, 0x00, 0xC2, 0xFF, 0xFF, 0xFF, 
0xFF, 0xFF, 0xFF, 0xFF, 0xFF, 0xFF, 0xFF, 0xFF, 0xFF, 0xFF, 0xFF, 0xFF, 0xFF, 0xFF, 0xFF, 0x51, 
0x00, 0x00, 0x00, 0x00, 0x00, 0x00, 0xBE, 0xFF, 0xFF, 0xFF, 0xFF, 0xFF, 0xFF, 0xFF, 0xFF, 0xFF, 
0xFF, 0xFF, 0xFF, 0xFF, 0xFF, 0xFF, 0xFF, 0xFF, 0xFE, 0x1A, 0x00, 0x00, 0x00, 0x00, 0x00, 0x00, 
0x03, 0x0C, 0x0C, 0x0C, 0x0C, 0x0C, 0x0C, 0x0C, 0x0C, 0x0C, 0x0C, 0x0C, 0x0C, 0x1F, 0xE2, 0xFF, 
0xFF, 0xFF, 0x9F, 0x00, 0x00, 0x00, 0x00, 0x00, 0x00, 0x00, 0x00, 0x00, 0x00, 0x00, 0x00, 0x00, 
0x00, 0x00, 0x00, 0x00, 0x00, 0x00, 0x05, 0xBF, 0xFF, 0xFF, 0xFF, 0xD4, 0x0C, 0x00, 0x00, 0x00, 
0x00, 0x00, 0x00, 0x00, 0x00, 0x00, 0x00, 0x00, 0x00, 0x00, 0x00, 0x00, 0x00, 0x00, 0x00, 0x00, 
0x9A, 0xFF, 0xFF, 0xFF, 0xEC, 0x22, 0x00, 0x00, 0x00, 0x00, 0x00, 0x00, 0x00, 0x00, 0x00, 0x00, 
0x00, 0x00, 0x00, 0x00, 0x00, 0x00, 0x00, 0x00, 0x00, 0x6F, 0xFF, 0xFF, 0xFF, 0xFA, 0x3E, 0x00, 
0x00, 0x00, 0x00, 0x00, 0x00, 0x00, 0x00, 0x00, 0x00, 0x00, 0x00, 0x00, 0x00, 0x00, 0x00, 0x00, 
0x00, 0x00, 0x47, 0xFC, 0xFF, 0xFF, 0xFF, 0x64, 0x00, 0x00, 0x00, 0x00, 0x00, 0x00, 0x00, 0x00, 
0x00, 0x00, 0x00, 0x00, 0x00, 0x00, 0x00, 0x00, 0x00, 0x00, 0x00, 0x28, 0xF0, 0xFF, 0xFF, 0xFF, 
0x8E, 0x00, 0x00, 0x00, 0x00, 0x00, 0x00, 0x00, 0x00, 0x00, 0x00, 0x00, 0x00, 0x00, 0x00, 0x00, 
0x00, 0x00, 0x00, 0x00, 0x12, 0xDB, 0xFF, 0xFF, 0xFF, 0xB6, 0x03, 0x00, 0x00, 0x00, 0x00, 0x00, 
0x00, 0x00, 0x00, 0x00, 0x00, 0x00, 0x00, 0x00, 0x00, 0x00, 0x00, 0x00, 0x00, 0x04, 0xBE, 0xFF, 
0xFF, 0xFF, 0xD6, 0x0E, 0x00, 0x00, 0x00, 0x00, 0x00, 0x00, 0x00, 0x00, 0x00, 0x00, 0x00, 0x00, 
0x00, 0x00, 0x00, 0x00, 0x00, 0x00, 0x00, 0x97, 0xFF, 0xFF, 0xFF, 0xEC, 0x23, 0x00, 0x00, 0x00, 
0x00, 0x00, 0x00, 0x00, 0x00, 0x00, 0x00, 0x00, 0x00, 0x00, 0x00, 0x00, 0x00, 0x00, 0x00, 0x00, 
0x6D, 0xFF, 0xFF, 0xFF, 0xFA, 0x40, 0x00, 0x00, 0x00, 0x00, 0x00, 0x00, 0x00, 0x00, 0x00, 0x00, 
0x00, 0x00, 0x00, 0x00, 0x00, 0x00, 0x00, 0x00, 0x00, 0x45, 0xFC, 0xFF, 0xFF, 0xFF, 0x65, 0x00, 
0x00, 0x00, 0x00, 0x00, 0x00, 0x00, 0x00, 0x00, 0x00, 0x00, 0x00, 0x00, 0x00, 0x00, 0x00, 0x00, 
0x00, 0x00, 0x26, 0xEF, 0xFF, 0xFF, 0xFF, 0x90, 0x00, 0x00, 0x00, 0x00, 0x00, 0x00, 0x00, 0x00, 
0x00, 0x00, 0x00, 0x00, 0x00, 0x00, 0x00, 0x00, 0x00, 0x00, 0x00, 0x11, 0xDA, 0xFF, 0xFF, 0xFF, 
0xB8, 0x03, 0x00, 0x00, 0x00, 0x00, 0x00, 0x00, 0x00, 0x00, 0x00, 0x00, 0x00, 0x00, 0x00, 0x00, 
0x00, 0x00, 0x00, 0x00, 0x04, 0xBB, 0xFF, 0xFF, 0xFF, 0xD6, 0x0F, 0x00, 0x00, 0x00, 0x00, 0x00, 
0x00, 0x00, 0x00, 0x00, 0x00, 0x00, 0x00, 0x00, 0x00, 0x00, 0x00, 0x00, 0x00, 0x00, 0x95, 0xFF, 
0xFF, 0xFF, 0xED, 0x24, 0x00, 0x00, 0x00, 0x00, 0x00, 0x00, 0x00, 0x00, 0x00, 0x00, 0x00, 0x00, 
0x00, 0x00, 0x00, 0x00, 0x00, 0x00, 0x00, 0x6A, 0xFF, 0xFF, 0xFF, 0xFA, 0x41, 0x00, 0x00, 0x00, 
0x00, 0x00, 0x00, 0x00, 0x00, 0x00, 0x00, 0x00, 0x00, 0x00, 0x00, 0x00, 0x00, 0x00, 0x00, 0x00, 
0x43, 0xFB, 0xFF, 0xFF, 0xFF, 0x67, 0x00, 0x00, 0x00, 0x00, 0x00, 0x00, 0x00, 0x00, 0x00, 0x00, 
0x00, 0x00, 0x00, 0x00, 0x00, 0x00, 0x00, 0x00, 0x00, 0x25, 0xEE, 0xFF, 0xFF, 0xFF, 0x91, 0x00, 
0x00, 0x00, 0x00, 0x00, 0x00, 0x00, 0x00, 0x00, 0x00, 0x00, 0x00, 0x00, 0x00, 0x00, 0x00, 0x00, 
0x00, 0x00, 0x10, 0xD8, 0xFF, 0xFF, 0xFF, 0xB9, 0x03, 0x00, 0x00, 0x00, 0x00, 0x00, 0x00, 0x00, 
0x00, 0x00, 0x00, 0x00, 0x00, 0x00, 0x00, 0x00, 0x00, 0x00, 0x00, 0x03, 0xBA, 0xFF, 0xFF, 0xFF, 
0xD8, 0x10, 0x00, 0x00, 0x00, 0x00, 0x00, 0x00, 0x00, 0x00, 0x00, 0x00, 0x00, 0x00, 0x00, 0x00, 
0x00, 0x00, 0x00, 0x00, 0x00, 0x93, 0xFF, 0xFF, 0xFF, 0xEE, 0x25, 0x00, 0x00, 0x00, 0x00, 0x00, 
0x00, 0x00, 0x00, 0x00, 0x00, 0x00, 0x00, 0x00, 0x00, 0x00, 0x00, 0x00, 0x00, 0x00, 0x67, 0xFF, 
0xFF, 0xFF, 0xFB, 0x42, 0x00, 0x00, 0x00, 0x00, 0x00, 0x00, 0x00, 0x00, 0x00, 0x00, 0x00, 0x00, 
0x00, 0x00, 0x00, 0x00, 0x00, 0x00, 0x00, 0x40, 0xFB, 0xFF, 0xFF, 0xFF, 0x69, 0x00, 0x00, 0x00, 
0x00, 0x00, 0x00, 0x00, 0x00, 0x00, 0x00, 0x00, 0x00, 0x00, 0x00, 0x00, 0x00, 0x00, 0x00, 0x00, 
0x09, 0xE4, 0xFF, 0xFF, 0xFF, 0xD9, 0x68, 0x68, 0x68, 0x68, 0x68, 0x68, 0x68, 0x68, 0x68, 0x68, 
0x68, 0x68, 0x68, 0x68, 0x31, 0x00, 0x00, 0x00, 0x00, 0x00, 0x52, 0xFF, 0xFF, 0xFF, 0xFF, 0xFF, 
0xFF, 0xFF, 0xFF, 0xFF, 0xFF, 0xFF, 0xFF, 0xFF, 0xFF, 0xFF, 0xFF, 0xFF, 0xFF, 0xFF, 0xA7, 0x00, 
0x00, 0x00, 0x00, 0x00, 0x83, 0xFF, 0xFF, 0xFF, 0xFF, 0xFF, 0xFF, 0xFF, 0xFF, 0xFF, 0xFF, 0xFF, 
0xFF, 0xFF, 0xFF, 0xFF, 0xFF, 0xFF, 0xFF, 0xFF, 0x8B, 0x00, 0x00, 0x00, 0x00, 0x00, 0x56, 0xF9, 
0xFF, 0xFF, 0xFF, 0xFF, 0xFF, 0xFF, 0xFF, 0xFF, 0xFF, 0xFF, 0xFF, 0xFF, 0xFF, 0xFF, 0xFF, 0xFF, 
0xFF, 0xF4, 0x31, 0x00, 0x00, 0x00, 0x00, 0x00, 0x00, 0x00, 0x00, 0x00, 0x00, 0x00, 0x00, 0x02, 
0x86, 0xC9, 0xCC, 0xCC, 0xCC, 0xCC, 0xCC, 0x91, 0x00, 0x00, 0x00, 0x00, 0x00, 0x00, 0x00, 0x5B, 
0xFF, 0xFF, 0xFF, 0xFF, 0xFF, 0xFF, 0xFF, 0xB5, 0x00, 0x00, 0x00, 0x00, 0x00, 0x00, 0x00, 0x9E, 
0xFF, 0xFF, 0xFF, 0xFF, 0xFF, 0xFF, 0xFF, 0x60, 0x00, 0x00, 0x00, 0x00, 0x00, 0x00, 0x00, 0xD1, 
0xFF, 0xFF, 0xDA, 0x10, 0x10, 0x10, 0x0D, 0x00, 0x00, 0x00, 0x00, 0x00, 0x00, 0x00, 0x08, 0xFB, 
0xFF, 0xFF, 0xA5, 0x00, 0x00, 0x00, 0x00, 0x00, 0x00, 0x00, 0x00, 0x00, 0x00, 0x00, 0x37, 0xFF, 
0xFF, 0xFF, 0x72, 0x00, 0x00, 0x00, 0x00, 0x00, 0x00, 0x00, 0x00, 0x00, 0x00, 0x00, 0x6A, 0xFF, 
0xFF, 0xFF, 0x3F, 0x00, 0x00, 0x00, 0x00, 0x00, 0x00, 0x00, 0x00, 0x00, 0x00, 0x00, 0x9D, 0xFF, 
0xFF, 0xFE, 0x0E, 0x00, 0x00, 0x00, 0x00, 0x00, 0x00, 0x00, 0x00, 0x00, 0x00, 0x00, 0xD0, 0xFF, 
0xFF, 0xD9, 0x00, 0x00, 0x00, 0x00, 0x00, 0x00, 0x00, 0x00, 0x00, 0x00, 0x00, 0x08, 0xFB, 0xFF, 
0xFF, 0xA5, 0x00, 0x00, 0x00, 0x00, 0x00, 0x00, 0x00, 0x00, 0x00, 0x00, 0x00, 0x37, 0xFF, 0xFF, 
0xFF, 0x72, 0x00, 0x00, 0x00, 0x00, 0x00, 0x00, 0x00, 0x00, 0x00, 0x00, 0x00, 0x6A, 0xFF, 0xFF, 
0xFF, 0x3F, 0x00, 0x00, 0x00, 0x00, 0x00, 0x00, 0x00, 0x00, 0x00, 0x00, 0x00, 0x9D, 0xFF, 0xFF, 
0xFE, 0x0E, 0x00, 0x00, 0x00, 0x00, 0x00, 0x00, 0x00, 0x00, 0x00, 0x00, 0x00, 0xD0, 0xFF, 0xFF, 
0xD9, 0x00, 0x00, 0x00, 0x00, 0x00, 0x00, 0x00, 0x00, 0x00, 0x00, 0x00, 0x08, 0xFB, 0xFF, 0xFF, 
0xA5, 0x00, 0x00, 0x00, 0x00, 0x00, 0x00, 0x00, 0x00, 0x00, 0x00, 0x00, 0x36, 0xFF, 0xFF, 0xFF, 
0x72, 0x00, 0x00, 0x00, 0x00, 0x00, 0x00, 0x00, 0x00, 0x00, 0x00, 0x00, 0x69, 0xFF, 0xFF, 0xFF, 
0x3F, 0x00, 0x00, 0x00, 0x00, 0x00, 0x00, 0x00, 0x00, 0x00, 0x00, 0x00, 0x9C, 0xFF, 0xFF, 0xFE, 
0x0E, 0x00, 0x00, 0x00, 0x00, 0x00, 0x00, 0x00, 0x00, 0x00, 0x00, 0x00, 0xCF, 0xFF, 0xFF, 0xD9, 
0x00, 0x00, 0x00, 0x00, 0x00, 0x00, 0x00, 0x00, 0x00, 0x00, 0x00, 0x07, 0xFA, 0xFF, 0xFF, 0xA5, 
0x00, 0x00, 0x00, 0x00, 0x00, 0x00, 0x00, 0x00, 0x00, 0x00, 0x00, 0x36, 0xFF, 0xFF, 0xFF, 0x72, 
0x00, 0x00, 0x00, 0x00, 0x00, 0x00, 0x00, 0x00, 0x00, 0x00, 0x00, 0x69, 0xFF, 0xFF, 0xFF, 0x3F, 
0x00, 0x00, 0x00, 0x00, 0x00, 0x00, 0x00, 0x00, 0x00, 0x00, 0x00, 0x9C, 0xFF, 0xFF, 0xFE, 0x0E, 
0x00, 0x00, 0x00, 0x00, 0x00, 0x00, 0x00, 0x00, 0x00, 0x00, 0x00, 0xCF, 0xFF, 0xFF, 0xD9, 0x00, 
0x00, 0x00, 0x00, 0x00, 0x00, 0x00, 0x00, 0x00, 0x00, 0x00, 0x07, 0xFA, 0xFF, 0xFF, 0xA5, 0x00, 
0x00, 0x00, 0x00, 0x00, 0x00, 0x00, 0x00, 0x00, 0x00, 0x00, 0x35, 0xFF, 0xFF, 0xFF, 0x72, 0x00, 
0x00, 0x00, 0x00, 0x00, 0x00, 0x00, 0x00, 0x00, 0x00, 0x00, 0x68, 0xFF, 0xFF, 0xFF, 0x3F, 0x00, 
0x00, 0x00, 0x00, 0x00, 0x00, 0x00, 0x00, 0x00, 0x00, 0x00, 0x9B, 0xFF, 0xFF, 0xFE, 0x0E, 0x00, 
0x00, 0x00, 0x00, 0x00, 0x00, 0x00, 0x00, 0x00, 0x00, 0x00, 0xCF, 0xFF, 0xFF, 0xD9, 0x00, 0x00, 
0x00, 0x00, 0x00, 0x00, 0x00, 0x00, 0x00, 0x00, 0x00, 0x07, 0xFA, 0xFF, 0xFF, 0xA5, 0x00, 0x00, 
0x00, 0x00, 0x00, 0x00, 0x00, 0x00, 0x00, 0x00, 0x00, 0x35, 0xFF, 0xFF, 0xFF, 0x72, 0x00, 0x00, 
0x00, 0x00, 0x00, 0x00, 0x00, 0x00, 0x00, 0x00, 0x00, 0x68, 0xFF, 0xFF, 0xFF, 0x3F, 0x00, 0x00, 
0x00, 0x00, 0x00, 0x00, 0x00, 0x00, 0x00, 0x00, 0x00, 0x9B, 0xFF, 0xFF, 0xFE, 0x0E, 0x00, 0x00, 
0x00, 0x00, 0x00, 0x00, 0x00, 0x00, 0x00, 0x00, 0x00, 0xCE, 0xFF, 0xFF, 0xD9, 0x00, 0x00, 0x00, 
0x00, 0x00, 0x00, 0x00, 0x00, 0x00, 0x00, 0x00, 0x07, 0xFA, 0xFF, 0xFF, 0xA5, 0x00, 0x00, 0x00, 
0x00, 0x00, 0x00, 0x00, 0x00, 0x00, 0x00, 0x00, 0x34, 0xFF, 0xFF, 0xFF, 0x72, 0x00, 0x00, 0x00, 
0x00, 0x00, 0x00, 0x00, 0x00, 0x00, 0x00, 0x00, 0x67, 0xFF, 0xFF, 0xFF, 0x3F, 0x00, 0x00, 0x00, 
0x00, 0x00, 0x00, 0x00, 0x00, 0x00, 0x00, 0x00, 0x9B, 0xFF, 0xFF, 0xFF, 0x62, 0x54, 0x54, 0x52, 
0x0A, 0x00, 0x00, 0x00, 0x00, 0x00, 0x00, 0x00, 0xCD, 0xFF, 0xFF, 0xFF, 0xFF, 0xFF, 0xFF, 0xFF, 
0x46, 0x00, 0x00, 0x00, 0x00, 0x00, 0x00, 0x00, 0xE1, 0xFF, 0xFF, 0xFF, 0xFF, 0xFF, 0xFF, 0xFD, 
0x1A, 0x00, 0x00, 0x00, 0x00, 0x00, 0x00, 0x00, 0x3D, 0x7E, 0x80, 0x80, 0x80, 0x80, 0x80, 0x59, 
0x00, 0x00, 0x00, 0x00, 0x00, 0x00, 0x00, 0x00, 0x00, 0x31, 0x48, 0x43, 0x0C, 0x00, 0x00, 0x00, 
0x00, 0x00, 0x00, 0x00, 0x24, 0xFF, 0xFF, 0xFF, 0x96, 0x00, 0x00, 0x00, 0x00, 0x00, 0x00, 0x00, 
0x0B, 0xFE, 0xFF, 0xFF, 0xC4, 0x00, 0x00, 0x00, 0x00, 0x00, 0x00, 0x00, 0x00, 0xE0, 0xFF, 0xFF, 
0xEF, 0x00, 0x00, 0x00, 0x00, 0x00, 0x00, 0x00, 0x00, 0xB6, 0xFF, 0xFF, 0xFF, 0x1A, 0x00, 0x00, 
0x00, 0x00, 0x00, 0x00, 0x00, 0x8C, 0xFF, 0xFF, 0xFF, 0x44, 0x00, 0x00, 0x00, 0x00, 0x00, 0x00, 
0x00, 0x62, 0xFF, 0xFF, 0xFF, 0x6F, 0x00, 0x00, 0x00, 0x00, 0x00, 0x00, 0x00, 0x38, 0xFF, 0xFF, 
0xFF, 0x99, 0x00, 0x00, 0x00, 0x00, 0x00, 0x00, 0x00, 0x0E, 0xFF, 0xFF, 0xFF, 0xC4, 0x00, 0x00, 
0x00, 0x00, 0x00, 0x00, 0x00, 0x00, 0xE4, 0xFF, 0xFF, 0xEE, 0x00, 0x00, 0x00, 0x00, 0x00, 0x00, 
0x00, 0x00, 0xBA, 0xFF, 0xFF, 0xFF, 0x19, 0x00, 0x00, 0x00, 0x00, 0x00, 0x00, 0x00, 0x90, 0xFF, 
0xFF, 0xFF, 0x44, 0x00, 0x00, 0x00, 0x00, 0x00, 0x00, 0x00, 0x66, 0xFF, 0xFF, 0xFF, 0x6E, 0x00, 
0x00, 0x00, 0x00, 0x00, 0x00, 0x00, 0x3B, 0xFF, 0xFF, 0xFF, 0x99, 0x00, 0x00, 0x00, 0x00, 0x00, 
0x00, 0x00, 0x11, 0xFF, 0xFF, 0xFF, 0xC3, 0x00, 0x00, 0x00, 0x00, 0x00, 0x00, 0x00, 0x00, 0xE7, 
0xFF, 0xFF, 0xEE, 0x00, 0x00, 0x00, 0x00, 0x00, 0x00, 0x00, 0x00, 0xBD, 0xFF, 0xFF, 0xFF, 0x19, 
0x00, 0x00, 0x00, 0x00, 0x00, 0x00, 0x00, 0x93, 0xFF, 0xFF, 0xFF, 0x43, 0x00, 0x00, 0x00, 0x00, 
0x00, 0x00, 0x00, 0x69, 0xFF, 0xFF, 0xFF, 0x6E, 0x00, 0x00, 0x00, 0x00, 0x00, 0x00, 0x00, 0x3F, 
0xFF, 0xFF, 0xFF, 0x98, 0x00, 0x00, 0x00, 0x00, 0x00, 0x00, 0x00, 0x14, 0xFF, 0xFF, 0xFF, 0xC3, 
0x00, 0x00, 0x00, 0x00, 0x00, 0x00, 0x00, 0x00, 0xEB, 0xFF, 0xFF, 0xED, 0x00, 0x00, 0x00, 0x00, 
0x00, 0x00, 0x00, 0x00, 0xC1, 0xFF, 0xFF, 0xFF, 0x18, 0x00, 0x00, 0x00, 0x00, 0x00, 0x00, 0x00, 
0x97, 0xFF, 0xFF, 0xFF, 0x43, 0x00, 0x00, 0x00, 0x00, 0x00, 0x00, 0x00, 0x6D, 0xFF, 0xFF, 0xFF, 
0x6D, 0x00, 0x00, 0x00, 0x00, 0x00, 0x00, 0x00, 0x43, 0xFF, 0xFF, 0xFF, 0x98, 0x00, 0x00, 0x00, 
0x00, 0x00, 0x00, 0x00, 0x19, 0xFF, 0xFF, 0xFF, 0xC2, 0x00, 0x00, 0x00, 0x00, 0x00, 0x00, 0x00, 
0x00, 0xEE, 0xFF, 0xFF, 0xED, 0x00, 0x00, 0x00, 0x00, 0x00, 0x00, 0x00, 0x00, 0xC4, 0xFF, 0xFF, 
0xFF, 0x18, 0x00, 0x00, 0x00, 0x00, 0x00, 0x00, 0x00, 0x9A, 0xFF, 0xFF, 0xFF, 0x42, 0x00, 0x00, 
0x00, 0x00, 0x00, 0x00, 0x00, 0x70, 0xFF, 0xFF, 0xFF, 0x6D, 0x00, 0x00, 0x00, 0x00, 0x00, 0x00, 
0x00, 0x46, 0xFF, 0xFF, 0xFF, 0x97, 0x00, 0x00, 0x00, 0x00, 0x00, 0x00, 0x00, 0x1C, 0xFF, 0xFF, 
0xFF, 0xC2, 0x00, 0x00, 0x00, 0x00, 0x00, 0x00, 0x00, 0x00, 0xF1, 0xFF, 0xFF, 0xEC, 0x00, 0x00, 
0x00, 0x00, 0x00, 0x00, 0x00, 0x00, 0xC8, 0xFF, 0xFF, 0xFF, 0x17, 0x00, 0x00, 0x00, 0x00, 0x00, 
0x00, 0x00, 0x9E, 0xFF, 0xFF, 0xFF, 0x42, 0x00, 0x00, 0x00, 0x00, 0x00, 0x00, 0x00, 0x74, 0xFF, 
0xFF, 0xFF, 0x6C, 0x00, 0x00, 0x00, 0x00, 0x00, 0x00, 0x00, 0x4A, 0xFF, 0xFF, 0xFF, 0x97, 0x00, 
0x00, 0x00, 0x00, 0x00, 0x00, 0x00, 0x20, 0xFF, 0xFF, 0xFF, 0xC1, 0x00, 0x00, 0x00, 0x00, 0x00, 
0x00, 0x00, 0x01, 0xF4, 0xFF, 0xFF, 0xEC, 0x00, 0x00, 0x00, 0x00, 0x00, 0x00, 0x00, 0x00, 0xCA, 
0xFF, 0xFF, 0xFF, 0x0B, 0x00, 0x00, 0x00, 0x00, 0x00, 0x00, 0x00, 0x2A, 0x64, 0x68, 0x47, 0x00, 
0x00, 0x00, 0x00, 0x00, 0x00, 0x00, 0x00, 0x00, 0x4F, 0xCA, 0xCC, 0xCC, 0xCC, 0xCC, 0xCC, 0xB4, 
0x15, 0x00, 0x00, 0x00, 0x00, 0x00, 0x00, 0x00, 0x00, 0xC7, 0xFF, 0xFF, 0xFF, 0xFF, 0xFF, 0xFF, 
0xFF, 0x52, 0x00, 0x00, 0x00, 0x00, 0x00, 0x00, 0x00, 0x00, 0xDA, 0xFF, 0xFF, 0xFF, 0xFF, 0xFF, 
0xFF, 0xFF, 0x31, 0x00, 0x00, 0x00, 0x00, 0x00, 0x00, 0x00, 0x00, 0x07, 0x10, 0x10, 0x10, 0xB9, 
0xFF, 0xFF, 0xF8, 0x05, 0x00, 0x00, 0x00, 0x00, 0x00, 0x00, 0x00, 0x00, 0x00, 0x00, 0x00, 0x00, 
0xE6, 0xFF, 0xFF, 0xCB, 0x00, 0x00, 0x00, 0x00, 0x00, 0x00, 0x00, 0x00, 0x00, 0x00, 0x00, 0x00, 
0x19, 0xFF, 0xFF, 0xFF, 0x97, 0x00, 0x00, 0x00, 0x00, 0x00, 0x00, 0x00, 0x00, 0x00, 0x00, 0x00, 
0x00, 0x4C, 0xFF, 0xFF, 0xFF, 0x64, 0x00, 0x00, 0x00, 0x00, 0x00, 0x00, 0x00, 0x00, 0x00, 0x00, 
0x00, 0x00, 0x7F, 0xFF, 0xFF, 0xFF, 0x30, 0x00, 0x00, 0x00, 0x00, 0x00, 0x00, 0x00, 0x00, 0x00, 
0x00, 0x00, 0x00, 0xB3, 0xFF, 0xFF, 0xF8, 0x05, 0x00, 0x00, 0x00, 0x00, 0x00, 0x00, 0x00, 0x00, 
0x00, 0x00, 0x00, 0x00, 0xE6, 0xFF, 0xFF, 0xC9, 0x00, 0x00, 0x00, 0x00, 0x00, 0x00, 0x00, 0x00, 
0x00, 0x00, 0x00, 0x00, 0x19, 0xFF, 0xFF, 0xFF, 0x96, 0x00, 0x00, 0x00, 0x00, 0x00, 0x00, 0x00, 
0x00, 0x00, 0x00, 0x00, 0x00, 0x4C, 0xFF, 0xFF, 0xFF, 0x62, 0x00, 0x00, 0x00, 0x00, 0x00, 0x00, 
0x00, 0x00, 0x00, 0x00, 0x00, 0x00, 0x7F, 0xFF, 0xFF, 0xFF, 0x2F, 0x00, 0x00, 0x00, 0x00, 0x00, 
0x00, 0x00, 0x00, 0x00, 0x00, 0x00, 0x00, 0xB3, 0xFF, 0xFF, 0xF7, 0x04, 0x00, 0x00, 0x00, 0x00, 
0x00, 0x00, 0x00, 0x00, 0x00, 0x00, 0x00, 0x00, 0xE6, 0xFF, 0xFF, 0xC8, 0x00, 0x00, 0x00, 0x00, 
0x00, 0x00, 0x00, 0x00, 0x00, 0x00, 0x00, 0x00, 0x19, 0xFF, 0xFF, 0xFF, 0x95, 0x00, 0x00, 0x00, 
0x00, 0x00, 0x00, 0x00, 0x00, 0x00, 0x00, 0x00, 0x00, 0x4C, 0xFF, 0xFF, 0xFF, 0x61, 0x00, 0x00, 
0x00, 0x00, 0x00, 0x00, 0x00, 0x00, 0x00, 0x00, 0x00, 0x00, 0x7F, 0xFF, 0xFF, 0xFF, 0x2E, 0x00, 
0x00, 0x00, 0x00, 0x00, 0x00, 0x00, 0x00, 0x00, 0x00, 0x00, 0x00, 0xB3, 0xFF, 0xFF, 0xF6, 0x04, 
0x00, 0x00, 0x00, 0x00, 0x00, 0x00, 0x00, 0x00, 0x00, 0x00, 0x00, 0x00, 0xE6, 0xFF, 0xFF, 0xC7, 
0x00, 0x00, 0x00, 0x00, 0x00, 0x00, 0x00, 0x00, 0x00, 0x00, 0x00, 0x00, 0x19, 0xFF, 0xFF, 0xFF, 
0x94, 0x00, 0x00, 0x00, 0x00, 0x00, 0x00, 0x00, 0x00, 0x00, 0x00, 0x00, 0x00, 0x4C, 0xFF, 0xFF, 
0xFF, 0x60, 0x00, 0x00, 0x00, 0x00, 0x00, 0x00, 0x00, 0x00, 0x00, 0x00, 0x00, 0x00, 0x7F, 0xFF, 
0xFF, 0xFF, 0x2D, 0x00, 0x00, 0x00, 0x00, 0x00, 0x00, 0x00, 0x00, 0x00, 0x00, 0x00, 0x00, 0xB3, 
0xFF, 0xFF, 0xF6, 0x03, 0x00, 0x00, 0x00, 0x00, 0x00, 0x00, 0x00, 0x00, 0x00, 0x00, 0x00, 0x00, 
0xE6, 0xFF, 0xFF, 0xC6, 0x00, 0x00, 0x00, 0x00, 0x00, 0x00, 0x00, 0x00, 0x00, 0x00, 0x00, 0x00, 
0x19, 0xFF, 0xFF, 0xFF, 0x92, 0x00, 0x00, 0x00, 0x00, 0x00, 0x00, 0x00, 0x00, 0x00, 0x00, 0x00, 
0x00, 0x4C, 0xFF, 0xFF, 0xFF, 0x5F, 0x00, 0x00, 0x00, 0x00, 0x00, 0x00, 0x00, 0x00, 0x00, 0x00, 
0x00, 0x00, 0x7F, 0xFF, 0xFF, 0xFF, 0x2B, 0x00, 0x00, 0x00, 0x00, 0x00, 0x00, 0x00, 0x00, 0x00, 
0x00, 0x00, 0x00, 0xB3, 0xFF, 0xFF, 0xF5, 0x03, 0x00, 0x00, 0x00, 0x00, 0x00, 0x00, 0x00, 0x00, 
0x00, 0x00, 0x00, 0x00, 0xE6, 0xFF, 0xFF, 0xC5, 0x00, 0x00, 0x00, 0x00, 0x00, 0x00, 0x00, 0x00, 
0x00, 0x00, 0x00, 0x00, 0x19, 0xFF, 0xFF, 0xFF, 0x91, 0x00, 0x00, 0x00, 0x00, 0x00, 0x00, 0x00, 
0x00, 0x00, 0x00, 0x00, 0x00, 0x4C, 0xFF, 0xFF, 0xFF, 0x5E, 0x00, 0x00, 0x00, 0x00, 0x00, 0x00, 
0x00, 0x00, 0x00, 0x00, 0x00, 0x00, 0x7F, 0xFF, 0xFF, 0xFF, 0x2A, 0x00, 0x00, 0x00, 0x00, 0x00, 
0x00, 0x00, 0x00, 0x00, 0x00, 0x00, 0x00, 0xB3, 0xFF, 0xFF, 0xF4, 0x02, 0x00, 0x00, 0x00, 0x00, 
0x00, 0x00, 0x00, 0x00, 0x00, 0x00, 0x00, 0x00, 0xE6, 0xFF, 0xFF, 0xC3, 0x00, 0x00, 0x00, 0x00, 
0x00, 0x00, 0x00, 0x00, 0x00, 0x00, 0x00, 0x00, 0x19, 0xFF, 0xFF, 0xFF, 0x90, 0x00, 0x00, 0x00, 
0x00, 0x00, 0x00, 0x00, 0x00, 0x00, 0x00, 0x00, 0x00, 0x4C, 0xFF, 0xFF, 0xFF, 0x5D, 0x00, 0x00, 
0x00, 0x00, 0x00, 0x00, 0x00, 0x00, 0x37, 0x54, 0x54, 0x54, 0xA3, 0xFF, 0xFF, 0xFF, 0x29, 0x00, 
0x00, 0x00, 0x00, 0x00, 0x00, 0x00, 0x1F, 0xFC, 0xFF, 0xFF, 0xFF, 0xFF, 0xFF, 0xFF, 0xF3, 0x02, 
0x00, 0x00, 0x00, 0x00, 0x00, 0x00, 0x00, 0x58, 0xFF, 0xFF, 0xFF, 0xFF, 0xFF, 0xFF, 0xFF, 0xA5, 
0x00, 0x00, 0x00, 0x00, 0x00, 0x00, 0x00, 0x00, 0x1E, 0x7F, 0x80, 0x80, 0x80, 0x80, 0x80, 0x69, 
0x0B, 0x00, 0x00, 0x00, 0x00, 0x00, 0x00, 0x00, 0x00, 0x00, 0x00, 0x00, 0x00, 0x00, 0x00, 0x00, 
0x00, 0x00, 0x00, 0x2B, 0x82, 0x97, 0x91, 0x54, 0x00, 0x00, 0x00, 0x00, 0x00, 0x00, 0x00, 0x00, 
0x00, 0x00, 0x00, 0x00, 0x00, 0x1E, 0xF2, 0xFF, 0xFF, 0xFF, 0xFF, 0x1E, 0x00, 0x00, 0x00, 0x00, 
0x00, 0x00, 0x00, 0x00, 0x00, 0x00, 0x00, 0x00, 0xB5, 0xFF, 0xFF, 0xFF, 0xFF, 0xFF, 0x5F, 0x00, 
0x00, 0x00, 0x00, 0x00, 0x00, 0x00, 0x00, 0x00, 0x00, 0x00, 0x59, 0xFF, 0xFF, 0xFF, 0xFF, 0xFF, 
0xFF, 0x9F, 0x00, 0x00, 0x00, 0x00, 0x00, 0x00, 0x00, 0x00, 0x00, 0x00, 0x12, 0xE9, 0xFF, 0xFF, 
0xBC, 0xDF, 0xFF, 0xFF, 0xDE, 0x00, 0x00, 0x00, 0x00, 0x00, 0x00, 0x00, 0x00, 0x00, 0x00, 0x9F, 
0xFF, 0xFF, 0xFA, 0x29, 0xA6, 0xFF, 0xFF, 0xFF, 0x1E, 0x00, 0x00, 0x00, 0x00, 0x00, 0x00, 0x00, 
0x00, 0x42, 0xFF, 0xFF, 0xFF, 0x8A, 0x00, 0x6D, 0xFF, 0xFF, 0xFF, 0x5E, 0x00, 0x00, 0x00, 0x00, 
0x00, 0x00, 0x00, 0x09, 0xDB, 0xFF, 0xFF, 0xE4, 0x0C, 0x00, 0x34, 0xFF, 0xFF, 0xFF, 0x9E, 0x00, 
0x00, 0x00, 0x00, 0x00, 0x00, 0x00, 0x88, 0xFF, 0xFF, 0xFF, 0x57, 0x00, 0x00, 0x05, 0xF6, 0xFF, 
0xFF, 0xDD, 0x00, 0x00, 0x00, 0x00, 0x00, 0x00, 0x2F, 0xFB, 0xFF, 0xFF, 0xBE, 0x00, 0x00, 0x00, 
0x00, 0xC2, 0xFF, 0xFF, 0xFF, 0x1D, 0x00, 0x00, 0x00, 0x00, 0x03, 0xCB, 0xFF, 0xFF, 0xFA, 0x2A, 
0x00, 0x00, 0x00, 0x00, 0x89, 0xFF, 0xFF, 0xFF, 0x5D, 0x00, 0x00, 0x00, 0x00, 0x71, 0xFF, 0xFF, 
0xFF, 0x8B, 0x00, 0x00, 0x00, 0x00, 0x00, 0x50, 0xFF, 0xFF, 0xFF, 0x9D, 0x00, 0x00, 0x00, 0x1F, 
0xF4, 0xFF, 0xFF, 0xE5, 0x0D, 0x00, 0x00, 0x00, 0x00, 0x00, 0x17, 0xFF, 0xFF, 0xFF, 0xDC, 0x00, 
0x00, 0x00, 0xB6, 0xFF, 0xFF, 0xFF, 0x59, 0x00, 0x00, 0x00, 0x00, 0x00, 0x00, 0x00, 0xDE, 0xFF, 
0xFF, 0xFF, 0x1C, 0x00, 0x5A, 0xFF, 0xFF, 0xFF, 0xC0, 0x00, 0x00, 0x00, 0x00, 0x00, 0x00, 0x00, 
0x00, 0xA6, 0xFF, 0xFF, 0xFF, 0x5C, 0x12, 0xEA, 0xFF, 0xFF, 0xFB, 0x2B, 0x00, 0x00, 0x00, 0x00, 
0x00, 0x00, 0x00, 0x00, 0x6D, 0xFF, 0xFF, 0xFF, 0x9C, 0x99, 0xFF, 0xFF, 0xFF, 0x8D, 0x00, 0x00, 
0x00, 0x00, 0x00, 0x00, 0x00, 0x00, 0x00, 0x34, 0xFF, 0xFF, 0xFF, 0xD5, 0x86, 0xB2, 0xAD, 0x80, 
0x08, 0x00, 0x00, 0x00, 0x00, 0x00, 0x00, 0x00, 0x00, 0x00, 0x02, 0x8C, 0xB0, 0xB0, 0x78, 0x17, 
0x89, 0x90, 0x90, 0x90, 0x90, 0x90, 0x90, 0x90, 0x90, 0x90, 0x90, 0x90, 0x90, 0x90, 0x90, 0x90, 
0x90, 0x90, 0x90, 0x90, 0x90, 0x90, 0x8F, 0x2B, 0x90, 0xFF, 0xFF, 0xFF, 0xFF, 0xFF, 0xFF, 0xFF, 
0xFF, 0xFF, 0xFF, 0xFF, 0xFF, 0xFF, 0xFF, 0xFF, 0xFF, 0xFF, 0xFF, 0xFF, 0xFF, 0xFF, 0xFF, 0xFF, 
0x7A, 0xC4, 0xFF, 0xFF, 0xFF, 0xFF, 0xFF, 0xFF, 0xFF, 0xFF, 0xFF, 0xFF, 0xFF, 0xFF, 0xFF, 0xFF, 
0xFF, 0xFF, 0xFF, 0xFF, 0xFF, 0xFF, 0xFF, 0xFF, 0xFF, 0x44, 0x5A, 0x90, 0x90, 0x90, 0x90, 0x90, 
0x90, 0x90, 0x90, 0x90, 0x90, 0x90, 0x90, 0x90, 0x90, 0x90, 0x90, 0x90, 0x90, 0x90, 0x90, 0x90, 
0x90, 0x73, 0x00, 0x08, 0xB4, 0xD6, 0xD2, 0x85, 0x00, 0x00, 0x00, 0x00, 0x00, 0xB9, 0xFF, 0xFF, 
0xFF, 0x5A, 0x00, 0x00, 0x00, 0x00, 0x17, 0xE8, 0xFF, 0xFF, 0xE4, 0x0B, 0x00, 0x00, 0x00, 0x00, 
0x45, 0xFE, 0xFF, 0xFF, 0x86, 0x00, 0x00, 0x00, 0x00, 0x00, 0x88, 0xFF, 0xFF, 0xF8, 0x23, 0x00, 
0x00, 0x00, 0x00, 0x04, 0xC7, 0xFF, 0xFF, 0xB1, 0x00, 0x00, 0x00, 0x00, 0x00, 0x20, 0xEE, 0xFF, 
0xFF, 0x3F, 0x00, 0x00, 0x00, 0x00, 0x00, 0x25, 0x67, 0x63, 0x15, 0x00, 0x00, 0x00, 0x00, 0x00, 
0x00, 0x00, 0x00, 0x0A, 0x53, 0x92, 0xAC, 0xB0, 0x95, 0x57, 0x07, 0x00, 0x00, 0x00, 0x41, 0x63, 
0x58, 0x07, 0x00, 0x00, 0x00, 0x00, 0x00, 0x00, 0x04, 0x6F, 0xEF, 0xFF, 0xFF, 0xFF, 0xFF, 0xFF, 
0xFF, 0xE8, 0x4E, 0x00, 0x3F, 0xFF, 0xFF, 0xFF, 0x32, 0x00, 0x00, 0x00, 0x00, 0x00, 0x0E, 0xBA, 
0xFF, 0xFF, 0xFF, 0xFF, 0xFF, 0xFF, 0xFF, 0xFF, 0xFF, 0xFF, 0x75, 0x78, 0xFF, 0xFF, 0xFA, 0x07, 
0x00, 0x00, 0x00, 0x00, 0x08, 0xC7, 0xFF, 0xFF, 0xFF, 0xFF, 0xE1, 0xAA, 0xA7, 0xD1, 0xFF, 0xFF, 
0xFF, 0xFF, 0xE6, 0xFF, 0xFF, 0xCE, 0x00, 0x00, 0x00, 0x00, 0x00, 0x9E, 0xFF, 0xFF, 0xFF, 0xF4, 
0x63, 0x02, 0x00, 0x00, 0x00, 0x37, 0xD3, 0xFF, 0xFF, 0xFF, 0xFF, 0xFF, 0x9B, 0x00, 0x00, 0x00, 
0x00, 0x44, 0xFF, 0xFF, 0xFF, 0xF9, 0x40, 0x00, 0x00, 0x00, 0x00, 0x00, 0x00, 0x0C, 0xC1, 0xFF, 
0xFF, 0xFF, 0xFF, 0x68, 0x00, 0x00, 0x00, 0x01, 0xD2, 0xFF, 0xFF, 0xFF, 0x76, 0x00, 0x00, 0x00, 
0x00, 0x00, 0x00, 0x00, 0x00, 0x14, 0xE3, 0xFF, 0xFF, 0xFF, 0x35, 0x00, 0x00, 0x00, 0x4D, 0xFF, 
0xFF, 0xFF, 0xDC, 0x04, 0x00, 0x00, 0x00, 0x00, 0x00, 0x00, 0x00, 0x00, 0x00, 0xD4, 0xFF, 0xFF, 
0xFA, 0x07, 0x00, 0x00, 0x00, 0xB5, 0xFF, 0xFF, 0xFF, 0x6E, 0x00, 0x00, 0x00, 0x00, 0x00, 0x00, 
0x00, 0x00, 0x00, 0x0B, 0xFC, 0xFF, 0xFF, 0xCF, 0x00, 0x00, 0x00, 0x14, 0xFC, 0xFF, 0xFF, 0xFB, 
0x16, 0x00, 0x00, 0x00, 0x00, 0x00, 0x00, 0x00, 0x00, 0x00, 0x3D, 0xFF, 0xFF, 0xFF, 0x9B, 0x00, 
0x00, 0x00, 0x5A, 0xFF, 0xFF, 0xFF, 0xB8, 0x00, 0x00, 0x00, 0x00, 0x00, 0x00, 0x00, 0x00, 0x00, 
0x00, 0x73, 0xFF, 0xFF, 0xFF, 0x68, 0x00, 0x00, 0x00, 0x98, 0xFF, 0xFF, 0xFF, 0x7C, 0x00, 0x00, 
0x00, 0x00, 0x00, 0x00, 0x00, 0x00, 0x00, 0x00, 0xB4, 0xFF, 0xFF, 0xFF, 0x35, 0x00, 0x00, 0x00, 
0xCA, 0xFF, 0xFF, 0xFF, 0x46, 0x00, 0x00, 0x00, 0x00, 0x00, 0x00, 0x00, 0x00, 0x00, 0x08, 0xF3, 
0xFF, 0xFF, 0xFA, 0x07, 0x00, 0x00, 0x00, 0xEF, 0xFF, 0xFF, 0xFF, 0x1B, 0x00, 0x00, 0x00, 0x00, 
0x00, 0x00, 0x00, 0x00, 0x00, 0x60, 0xFF, 0xFF, 0xFF, 0xCF, 0x00, 0x00, 0x00, 0x08, 0xFF, 0xFF, 
0xFF, 0xFF, 0x07, 0x00, 0x00, 0x00, 0x00, 0x00, 0x00, 0x00, 0x00, 0x01, 0xCF, 0xFF, 0xFF, 0xFF, 
0x9C, 0x00, 0x00, 0x00, 0x14, 0xFF, 0xFF, 0xFF, 0xF8, 0x00, 0x00, 0x00, 0x00, 0x00, 0x00, 0x00, 
0x00, 0x00, 0x62, 0xFF, 0xFF, 0xFF, 0xFF, 0x68, 0x00, 0x00, 0x00, 0x10, 0xFF, 0xFF, 0xFF, 0xFF, 
0x06, 0x00, 0x00, 0x00, 0x00, 0x00, 0x00, 0x00, 0x1E, 0xEC, 0xFF, 0xFF, 0xFF, 0xFF, 0x35, 0x00, 
0x00, 0x00, 0x02, 0xF9, 0xFF, 0xFF, 0xFF, 0x31, 0x00, 0x00, 0x00, 0x00, 0x00, 0x00, 0x0F, 0xCC, 
0xFF, 0xFF, 0xFF, 0xFF, 0xFA, 0x07, 0x00, 0x00, 0x00, 0x00, 0xD5, 0xFF, 0xFF, 0xFF, 0x8B, 0x00, 
0x00, 0x00, 0x00, 0x00, 0x1D, 0xCC, 0xFF, 0xFF, 0xF1, 0xFF, 0xFF, 0xCF, 0x00, 0x00, 0x00, 0x00, 
0x00, 0x90, 0xFF, 0xFF, 0xFF, 0xFA, 0x5C, 0x02, 0x00, 0x13, 0x75, 0xF0, 0xFF, 0xFF, 0xB2, 0xDA, 
0xFF, 0xFF, 0x9C, 0x00, 0x00, 0x00, 0x00, 0x00, 0x26, 0xFB, 0xFF, 0xFF, 0xFF, 0xFF, 0xF1, 0xE7, 
0xFE, 0xFF, 0xFF, 0xFF, 0xC4, 0x19, 0xFD, 0xFF, 0xFF, 0x69, 0x00, 0x00, 0x00, 0x00, 0x00, 0x00, 
0x72, 0xFF, 0xFF, 0xFF, 0xFF, 0xFF, 0xFF, 0xFF, 0xFF, 0xFD, 0x96, 0x08, 0x3C, 0xFF, 0xFF, 0xFF, 
0x35, 0x00, 0x00, 0x00, 0x00, 0x00, 0x00, 0x00, 0x5C, 0xE9, 0xFF, 0xFF, 0xFF, 0xFF, 0xFD, 0xAA, 
0x29, 0x00, 0x00, 0x5B, 0xFF, 0xFF, 0xE6, 0x07, 0x00, 0x00, 0x00, 0x00, 0x00, 0x00, 0x00, 0x00, 
0x04, 0x40, 0x62, 0x6C, 0x52, 0x15, 0x00, 0x00, 0x00, 0x00, 0x00, 0x18, 0x1F, 0x05, 0x00, 0x00, 
0x00, 0x00, 0x00, 0x00, 0x00, 0x00, 0x00, 0x00, 0x00, 0x09, 0x81, 0xA3, 0x9E, 0x45, 0x00, 0x00, 
0x00, 0x00, 0x00, 0x00, 0x00, 0x00, 0x00, 0x00, 0x00, 0x00, 0x00, 0x00, 0x00, 0x00, 0x00, 0x50, 
0xFF, 0xFF, 0xFF, 0x8A, 0x00, 0x00, 0x00, 0x00, 0x00, 0x00, 0x00, 0x00, 0x00, 0x00, 0x00, 0x00, 
0x00, 0x00, 0x00, 0x00, 0x00, 0x84, 0xFF, 0xFF, 0xFF, 0x57, 0x00, 0x00, 0x00, 0x00, 0x00, 0x00, 
0x00, 0x00, 0x00, 0x00, 0x00, 0x00, 0x00, 0x00, 0x00, 0x00, 0x00, 0xB7, 0xFF, 0xFF, 0xFF, 0x24, 
0x00, 0x00, 0x00, 0x00, 0x00, 0x00, 0x00, 0x00, 0x00, 0x00, 0x00, 0x00, 0x00, 0x00, 0x00, 0x00, 
0x00, 0xE9, 0xFF, 0xFF, 0xF0, 0x01, 0x00, 0x00, 0x00, 0x00, 0x00, 0x00, 0x00, 0x00, 0x00, 0x00, 
0x00, 0x00, 0x00, 0x00, 0x00, 0x00, 0x1D, 0xFF, 0xFF, 0xFF, 0xBF, 0x00, 0x00, 0x00, 0x00, 0x00, 
0x00, 0x00, 0x00, 0x00, 0x00, 0x00, 0x00, 0x00, 0x00, 0x00, 0x00, 0x00, 0x50, 0xFF, 0xFF, 0xFF, 
0x8C, 0x00, 0x00, 0x00, 0x00, 0x00, 0x00, 0x00, 0x00, 0x00, 0x00, 0x00, 0x00, 0x00, 0x00, 0x00, 
0x00, 0x00, 0x83, 0xFF, 0xFF, 0xFF, 0x59, 0x00, 0x00, 0x00, 0x00, 0x00, 0x00, 0x00, 0x00, 0x00, 
0x00, 0x00, 0x00, 0x00, 0x00, 0x00, 0x00, 0x00, 0xB6, 0xFF, 0xFF, 0xFF, 0x26, 0x00, 0x00, 0x00, 
0x00, 0x00, 0x00, 0x00, 0x00, 0x00, 0x00, 0x00, 0x00, 0x00, 0x00, 0x00, 0x00, 0x00, 0xE8, 0xFF, 
0xFF, 0xF1, 0x01, 0x00, 0x00, 0x00, 0x00, 0x00, 0x00, 0x00, 0x00, 0x00, 0x00, 0x00, 0x00, 0x00, 
0x00, 0x00, 0x00, 0x1C, 0xFF, 0xFF, 0xFF, 0xBF, 0x00, 0x00, 0x00, 0x12, 0x66, 0xA1, 0xB6, 0xA9, 
0x78, 0x1D, 0x00, 0x00, 0x00, 0x00, 0x00, 0x00, 0x00, 0x4F, 0xFF, 0xFF, 0xFF, 0x87, 0x00, 0x0F, 
0x80, 0xF1, 0xFF, 0xFF, 0xFF, 0xFF, 0xFF, 0xFA, 0x73, 0x00, 0x00, 0x00, 0x00, 0x00, 0x00, 0x81, 
0xFF, 0xFF, 0xFF, 0x47, 0x3B, 0xE5, 0xFF, 0xFF, 0xFF, 0xFF, 0xFF, 0xFF, 0xFF, 0xFF, 0xFF, 0x68, 
0x00, 0x00, 0x00, 0x00, 0x00, 0xB4, 0xFF, 0xFF, 0xF8, 0x4D, 0xF6, 0xFF, 0xFF, 0xFC, 0xC1, 0xA1, 
0xC1, 0xFF, 0xFF, 0xFF, 0xFF, 0xEE, 0x08, 0x00, 0x00, 0x00, 0x00, 0xE7, 0xFF, 0xFF, 0xD4, 0xEF, 
0xFF, 0xFF, 0xA5, 0x1E, 0x00, 0x00, 0x00, 0x52, 0xFE, 0xFF, 0xFF, 0xFF, 0x5D, 0x00, 0x00, 0x00, 
0x1A, 0xFF, 0xFF, 0xFF, 0xFD, 0xFF, 0xFD, 0x66, 0x00, 0x00, 0x00, 0x00, 0x00, 0x00, 0xB0, 0xFF, 
0xFF, 0xFF, 0x9C, 0x00, 0x00, 0x00, 0x4D, 0xFF, 0xFF, 0xFF, 0xFF, 0xFF, 0x69, 0x00, 0x00, 0x00, 
0x00, 0x00, 0x00, 0x00, 0x63, 0xFF, 0xFF, 0xFF, 0xC7, 0x00, 0x00, 0x00, 0x80, 0xFF, 0xFF, 0xFF, 
0xFF, 0xA2, 0x00, 0x00, 0x00, 0x00, 0x00, 0x00, 0x00, 0x00, 0x3D, 0xFF, 0xFF, 0xFF, 0xD9, 0x00, 
0x00, 0x00, 0xB3, 0xFF, 0xFF, 0xFF, 0xED, 0x12, 0x00, 0x00, 0x00, 0x00, 0x00, 0x00, 0x00, 0x00, 
0x32, 0xFF, 0xFF, 0xFF, 0xD8, 0x00, 0x00, 0x00, 0xE6, 0xFF, 0xFF, 0xFF, 0x73, 0x00, 0x00, 0x00, 
0x00, 0x00, 0x00, 0x00, 0x00, 0x00, 0x46, 0xFF, 0xFF, 0xFF, 0xC9, 0x00, 0x00, 0x19, 0xFF, 0xFF, 
0xFF, 0xF5, 0x10, 0x00, 0x00, 0x00, 0x00, 0x00, 0x00, 0x00, 0x00, 0x00, 0x5C, 0xFF, 0xFF, 0xFF, 
0xAB, 0x00, 0x00, 0x4C, 0xFF, 0xFF, 0xFF, 0xAA, 0x00, 0x00, 0x00, 0x00, 0x00, 0x00, 0x00, 0x00, 
0x00, 0x00, 0x8B, 0xFF, 0xFF, 0xFF, 0x83, 0x00, 0x00, 0x7F, 0xFF, 0xFF, 0xFF, 0x66, 0x00, 0x00, 
0x00, 0x00, 0x00, 0x00, 0x00, 0x00, 0x00, 0x00, 0xC4, 0xFF, 0xFF, 0xFF, 0x50, 0x00, 0x00, 0xB2, 
0xFF, 0xFF, 0xFF, 0x2A, 0x00, 0x00, 0x00, 0x00, 0x00, 0x00, 0x00, 0x00, 0x00, 0x0D, 0xF7, 0xFF, 
0xFF, 0xFC, 0x10, 0x00, 0x00, 0xE5, 0xFF, 0xFF, 0xF4, 0x02, 0x00, 0x00, 0x00, 0x00, 0x00, 0x00, 
0x00, 0x00, 0x00, 0x64, 0xFF, 0xFF, 0xFF, 0xBF, 0x00, 0x00, 0x18, 0xFF, 0xFF, 0xFF, 0xC3, 0x00, 
0x00, 0x00, 0x00, 0x00, 0x00, 0x00, 0x00, 0x00, 0x00, 0xC5, 0xFF, 0xFF, 0xFF, 0x60, 0x00, 0x00, 
0x4B, 0xFF, 0xFF, 0xFF, 0x8F, 0x00, 0x00, 0x00, 0x00, 0x00, 0x00, 0x00, 0x00, 0x00, 0x40, 0xFF, 
0xFF, 0xFF, 0xEB, 0x0A, 0x00, 0x00, 0x7E, 0xFF, 0xFF, 0xFF, 0xD7, 0x0E, 0x00, 0x00, 0x00, 0x00, 
0x00, 0x00, 0x00, 0x0B, 0xD7, 0xFF, 0xFF, 0xFF, 0x79, 0x00, 0x00, 0x00, 0xB1, 0xFF, 0xFF, 0xFF, 
0xFF, 0xBB, 0x0E, 0x00, 0x00, 0x00, 0x00, 0x00, 0x07, 0xB4, 0xFF, 0xFF, 0xFF, 0xDB, 0x08, 0x00, 
0x00, 0x00, 0xE4, 0xFF, 0xFF, 0xFF, 0xFF, 0xFF, 0xD9, 0x57, 0x06, 0x00, 0x00, 0x42, 0xCF, 0xFF, 
0xFF, 0xFF, 0xF9, 0x3C, 0x00, 0x00, 0x00, 0x17, 0xFF, 0xFF, 0xFF, 0xC0, 0xFF, 0xFF, 0xFF, 0xFF, 
0xFD, 0xE5, 0xF4, 0xFF, 0xFF, 0xFF, 0xFF, 0xFC, 0x5C, 0x00, 0x00, 0x00, 0x00, 0x4A, 0xFF, 0xFF, 
0xFF, 0x27, 0x7F, 0xFE, 0xFF, 0xFF, 0xFF, 0xFF, 0xFF, 0xFF, 0xFF, 0xFF, 0xEF, 0x4A, 0x00, 0x00, 
0x00, 0x00, 0x00, 0x68, 0xFF, 0xFF, 0xDE, 0x01, 0x00, 0x45, 0xD0, 0xFF, 0xFF, 0xFF, 0xFF, 0xFF, 
0xF0, 0x95, 0x14, 0x00, 0x00, 0x00, 0x00, 0x00, 0x00, 0x00, 0x19, 0x1E, 0x04, 0x00, 0x00, 0x00, 
0x00, 0x2A, 0x56, 0x6C, 0x5F, 0x41, 0x06, 0x00, 0x00, 0x00, 0x00, 0x00, 0x00, 0x00, 0x00, 0x00, 
0x00, 0x00, 0x00, 0x00, 0x00, 0x00, 0x00, 0x01, 0x34, 0x7C, 0x9C, 0xB0, 0xA6, 0x8B, 0x50, 0x0C, 
0x00, 0x00, 0x00, 0x00, 0x00, 0x00, 0x00, 0x00, 0x00, 0x53, 0xD8, 0xFF, 0xFF, 0xFF, 0xFF, 0xFF, 
0xFF, 0xFF, 0xEF, 0x80, 0x07, 0x00, 0x00, 0x00, 0x00, 0x00, 0x0A, 0xA6, 0xFF, 0xFF, 0xFF, 0xFF, 
0xFF, 0xFF, 0xFF, 0xFF, 0xFF, 0xFF, 0xFF, 0xBF, 0x00, 0x00, 0x00, 0x00, 0x09, 0xC4, 0xFF, 0xFF, 
0xFF, 0xFF, 0xE8, 0xA8, 0x92, 0xA0, 0xD9, 0xFF, 0xFF, 0xFF, 0xFA, 0x00, 0x00, 0x00, 0x00, 0xAB, 
0xFF, 0xFF, 0xFF, 0xF1, 0x66, 0x04, 0x00, 0x00, 0x00, 0x00, 0x45, 0xDC, 0xFF, 0xCC, 0x00, 0x00, 
0x00, 0x5C, 0xFF, 0xFF, 0xFF, 0xEE, 0x31, 0x00, 0x00, 0x00, 0x00, 0x00, 0x00, 0x00, 0x12, 0xA1, 
0x41, 0x00, 0x00, 0x08, 0xE6, 0xFF, 0xFF, 0xFF, 0x4D, 0x00, 0x00, 0x00, 0x00, 0x00, 0x00, 0x00, 
0x00, 0x00, 0x00, 0x00, 0x00, 0x00, 0x6D, 0xFF, 0xFF, 0xFF, 0xB2, 0x00, 0x00, 0x00, 0x00, 0x00, 
0x00, 0x00, 0x00, 0x00, 0x00, 0x00, 0x00, 0x00, 0x00, 0xD7, 0xFF, 0xFF, 0xFF, 0x3E, 0x00, 0x00, 
0x00, 0x00, 0x00, 0x00, 0x00, 0x00, 0x00, 0x00, 0x00, 0x00, 0x00, 0x35, 0xFF, 0xFF, 0xFF, 0xE0, 
0x01, 0x00, 0x00, 0x00, 0x00, 0x00, 0x00, 0x00, 0x00, 0x00, 0x00, 0x00, 0x00, 0x00, 0x80, 0xFF, 
0xFF, 0xFF, 0x88, 0x00, 0x00, 0x00, 0x00, 0x00, 0x00, 0x00, 0x00, 0x00, 0x00, 0x00, 0x00, 0x00, 
0x00, 0xBE, 0xFF, 0xFF, 0xFF, 0x4D, 0x00, 0x00, 0x00, 0x00, 0x00, 0x00, 0x00, 0x00, 0x00, 0x00, 
0x00, 0x00, 0x00, 0x00, 0xEE, 0xFF, 0xFF, 0xFF, 0x1A, 0x00, 0x00, 0x00, 0x00, 0x00, 0x00, 0x00, 
0x00, 0x00, 0x00, 0x00, 0x00, 0x00, 0x11, 0xFF, 0xFF, 0xFF, 0xF2, 0x00, 0x00, 0x00, 0x00, 0x00, 
0x00, 0x00, 0x00, 0x00, 0x00, 0x00, 0x00, 0x00, 0x00, 0x29, 0xFF, 0xFF, 0xFF, 0xDE, 0x00, 0x00, 
0x00, 0x00, 0x00, 0x00, 0x00, 0x00, 0x00, 0x00, 0x00, 0x00, 0x00, 0x00, 0x34, 0xFF, 0xFF, 0xFF, 
0xDC, 0x00, 0x00, 0x00, 0x00, 0x00, 0x00, 0x00, 0x00, 0x00, 0x00, 0x00, 0x00, 0x00, 0x00, 0x2D, 
0xFF, 0xFF, 0xFF, 0xF1, 0x01, 0x00, 0x00, 0x00, 0x00, 0x00, 0x00, 0x00, 0x00, 0x00, 0x00, 0x00, 
0x00, 0x00, 0x18, 0xFF, 0xFF, 0xFF, 0xFF, 0x2E, 0x00, 0x00, 0x00, 0x00, 0x00, 0x00, 0x00, 0x00, 
0x04, 0x43, 0x00, 0x00, 0x00, 0x00, 0xE5, 0xFF, 0xFF, 0xFF, 0xA8, 0x00, 0x00, 0x00, 0x00, 0x00, 
0x00, 0x00, 0x2B, 0xCC, 0xFC, 0x00, 0x00, 0x00, 0x00, 0x97, 0xFF, 0xFF, 0xFF, 0xFF, 0xA2, 0x23, 
0x00, 0x00, 0x09, 0x41, 0xA1, 0xFB, 0xFF, 0xDD, 0x00, 0x00, 0x00, 0x00, 0x24, 0xF6, 0xFF, 0xFF, 
0xFF, 0xFF, 0xFF, 0xF2, 0xEF, 0xFE, 0xFF, 0xFF, 0xFF, 0xFF, 0x8A, 0x00, 0x00, 0x00, 0x00, 0x00, 
0x59, 0xFA, 0xFF, 0xFF, 0xFF, 0xFF, 0xFF, 0xFF, 0xFF, 0xFF, 0xFF, 0xFF, 0xA6, 0x0A, 0x00, 0x00, 
0x00, 0x00, 0x00, 0x00, 0x39, 0xBF, 0xFF, 0xFF, 0xFF, 0xFF, 0xFF, 0xFF, 0xEF, 0xA4, 0x31, 0x00, 
0x00, 0x00, 0x00, 0x00, 0x00, 0x00, 0x00, 0x00, 0x00, 0x18, 0x50, 0x67, 0x6C, 0x55, 0x36, 0x04, 
0x00, 0x00, 0x00, 0x00, 0x00, 0x00, 0x00, 0x00, 0x00, 0x00, 0x00, 0x00, 0x00, 0x00, 0x00, 0x00, 
0x00, 0x00, 0x00, 0x00, 0x00, 0x00, 0x00, 0x00, 0x00, 0x00, 0x00, 0x1C, 0x78, 0x8B, 0x77, 0x11, 
0x00, 0x00, 0x00, 0x00, 0x00, 0x00, 0x00, 0x00, 0x00, 0x00, 0x00, 0x00, 0x00, 0x00, 0x00, 0x00, 
0x00, 0x00, 0x00, 0x00, 0x9B, 0xFF, 0xFF, 0xFF, 0x3A, 0x00, 0x00, 0x00, 0x00, 0x00, 0x00, 0x00, 
0x00, 0x00, 0x00, 0x00, 0x00, 0x00, 0x00, 0x00, 0x00, 0x00, 0x00, 0x00, 0x00, 0xCF, 0xFF, 0xFF, 
0xFD, 0x0B, 0x00, 0x00, 0x00, 0x00, 0x00, 0x00, 0x00, 0x00, 0x00, 0x00, 0x00, 0x00, 0x00, 0x00, 
0x00, 0x00, 0x00, 0x00, 0x00, 0x07, 0xFA, 0xFF, 0xFF, 0xD5, 0x00, 0x00, 0x00, 0x00, 0x00, 0x00, 
0x00, 0x00, 0x00, 0x00, 0x00, 0x00, 0x00, 0x00, 0x00, 0x00, 0x00, 0x00, 0x00, 0x00, 0x36, 0xFF, 
0xFF, 0xFF, 0xA2, 0x00, 0x00, 0x00, 0x00, 0x00, 0x00, 0x00, 0x00, 0x00, 0x00, 0x00, 0x00, 0x00, 
0x00, 0x00, 0x00, 0x00, 0x00, 0x00, 0x00, 0x69, 0xFF, 0xFF, 0xFF, 0x6F, 0x00, 0x00, 0x00, 0x00, 
0x00, 0x00, 0x00, 0x00, 0x00, 0x00, 0x00, 0x00, 0x00, 0x00, 0x00, 0x00, 0x00, 0x00, 0x00, 0x00, 
0x9C, 0xFF, 0xFF, 0xFF, 0x3B, 0x00, 0x00, 0x00, 0x00, 0x00, 0x00, 0x00, 0x00, 0x00, 0x00, 0x00, 
0x00, 0x00, 0x00, 0x00, 0x00, 0x00, 0x00, 0x00, 0x00, 0xCF, 0xFF, 0xFF, 0xFD, 0x0B, 0x00, 0x00, 
0x00, 0x00, 0x00, 0x00, 0x00, 0x00, 0x00, 0x00, 0x00, 0x00, 0x00, 0x00, 0x00, 0x00, 0x00, 0x00, 
0x00, 0x07, 0xFA, 0xFF, 0xFF, 0xD5, 0x00, 0x00, 0x00, 0x00, 0x00, 0x00, 0x00, 0x00, 0x00, 0x00, 
0x00, 0x00, 0x00, 0x00, 0x00, 0x00, 0x00, 0x00, 0x00, 0x00, 0x36, 0xFF, 0xFF, 0xFF, 0xA2, 0x00, 
0x00, 0x00, 0x00, 0x00, 0x00, 0x00, 0x00, 0x00, 0x00, 0x08, 0x51, 0x91, 0xAC, 0xAF, 0x92, 0x53, 
0x06, 0x00, 0x00, 0x69, 0xFF, 0xFF, 0xFF, 0x6F, 0x00, 0x00, 0x00, 0x00, 0x00, 0x00, 0x00, 0x00, 
0x03, 0x6D, 0xED, 0xFF, 0xFF, 0xFF, 0xFF, 0xFF, 0xFF, 0xE5, 0x49, 0x00, 0x9C, 0xFF, 0xFF, 0xFF, 
0x3C, 0x00, 0x00, 0x00, 0x00, 0x00, 0x00, 0x00, 0x10, 0xBB, 0xFF, 0xFF, 0xFF, 0xFF, 0xFF, 0xFF, 
0xFF, 0xFF, 0xFF, 0xFF, 0x6B, 0xCF, 0xFF, 0xFF, 0xFD, 0x0C, 0x00, 0x00, 0x00, 0x00, 0x00, 0x00, 
0x0A, 0xCC, 0xFF, 0xFF, 0xFF, 0xFF, 0xE1, 0xAA, 0xA8, 0xD3, 0xFF, 0xFF, 0xFF, 0xFF, 0xFD, 0xFF, 
0xFF, 0xD6, 0x00, 0x00, 0x00, 0x00, 0x00, 0x00, 0x00, 0xA6, 0xFF, 0xFF, 0xFF, 0xF6, 0x66, 0x02, 
0x00, 0x00, 0x00, 0x3D, 0xDA, 0xFF, 0xFF, 0xFF, 0xFF, 0xFF, 0xA2, 0x00, 0x00, 0x00, 0x00, 0x00, 
0x00, 0x4B, 0xFF, 0xFF, 0xFF, 0xFA, 0x43, 0x00, 0x00, 0x00, 0x00, 0x00, 0x00, 0x11, 0xCA, 0xFF, 
0xFF, 0xFF, 0xFF, 0x6F, 0x00, 0x00, 0x00, 0x00, 0x00, 0x01, 0xD5, 0xFF, 0xFF, 0xFF, 0x76, 0x00, 
0x00, 0x00, 0x00, 0x00, 0x00, 0x00, 0x00, 0x1A, 0xE8, 0xFF, 0xFF, 0xFF, 0x3C, 0x00, 0x00, 0x00, 
0x00, 0x00, 0x51, 0xFF, 0xFF, 0xFF, 0xDB, 0x04, 0x00, 0x00, 0x00, 0x00, 0x00, 0x00, 0x00, 0x00, 
0x00, 0xD0, 0xFF, 0xFF, 0xFD, 0x0C, 0x00, 0x00, 0x00, 0x00, 0x00, 0xB8, 0xFF, 0xFF, 0xFF, 0x6F, 
0x00, 0x00, 0x00, 0x00, 0x00, 0x00, 0x00, 0x00, 0x00, 0x09, 0xFB, 0xFF, 0xFF, 0xD6, 0x00, 0x00, 
0x00, 0x00, 0x00, 0x16, 0xFD, 0xFF, 0xFF, 0xFA, 0x15, 0x00, 0x00, 0x00, 0x00, 0x00, 0x00, 0x00, 
0x00, 0x00, 0x39, 0xFF, 0xFF, 0xFF, 0xA3, 0x00, 0x00, 0x00, 0x00, 0x00, 0x5E, 0xFF, 0xFF, 0xFF, 
0xB6, 0x00, 0x00, 0x00, 0x00, 0x00, 0x00, 0x00, 0x00, 0x00, 0x00, 0x6E, 0xFF, 0xFF, 0xFF, 0x70, 
0x00, 0x00, 0x00, 0x00, 0x00, 0x9D, 0xFF, 0xFF, 0xFF, 0x7A, 0x00, 0x00, 0x00, 0x00, 0x00, 0x00, 
0x00, 0x00, 0x00, 0x00, 0xAE, 0xFF, 0xFF, 0xFF, 0x3D, 0x00, 0x00, 0x00, 0x00, 0x00, 0xCF, 0xFF, 
0xFF, 0xFF, 0x44, 0x00, 0x00, 0x00, 0x00, 0x00, 0x00, 0x00, 0x00, 0x00, 0x05, 0xF0, 0xFF, 0xFF, 
0xFD, 0x0C, 0x00, 0x00, 0x00, 0x00, 0x00, 0xF1, 0xFF, 0xFF, 0xFF, 0x1B, 0x00, 0x00, 0x00, 0x00, 
0x00, 0x00, 0x00, 0x00, 0x00, 0x57, 0xFF, 0xFF, 0xFF, 0xD6, 0x00, 0x00, 0x00, 0x00, 0x00, 0x0A, 
0xFF, 0xFF, 0xFF, 0xFF, 0x07, 0x00, 0x00, 0x00, 0x00, 0x00, 0x00, 0x00, 0x00, 0x00, 0xC6, 0xFF, 
0xFF, 0xFF, 0xA3, 0x00, 0x00, 0x00, 0x00, 0x00, 0x15, 0xFF, 0xFF, 0xFF, 0xF7, 0x00, 0x00, 0x00, 
0x00, 0x00, 0x00, 0x00, 0x00, 0x00, 0x56, 0xFF, 0xFF, 0xFF, 0xFF, 0x70, 0x00, 0x00, 0x00, 0x00, 
0x00, 0x0E, 0xFF, 0xFF, 0xFF, 0xFE, 0x04, 0x00, 0x00, 0x00, 0x00, 0x00, 0x00, 0x00, 0x17, 0xE6, 
0xFF, 0xFF, 0xFF, 0xFF, 0x3D, 0x00, 0x00, 0x00, 0x00, 0x00, 0x02, 0xF7, 0xFF, 0xFF, 0xFF, 0x2B, 
0x00, 0x00, 0x00, 0x00, 0x00, 0x00, 0x0A, 0xC2, 0xFF, 0xFF, 0xFF, 0xFF, 0xFD, 0x0C, 0x00, 0x00, 
0x00, 0x00, 0x00, 0x00, 0xCA, 0xFF, 0xFF, 0xFF, 0x81, 0x00, 0x00, 0x00, 0x00, 0x00, 0x18, 0xC5, 
0xFF, 0xFF, 0xF3, 0xFF, 0xFF, 0xD7, 0x00, 0x00, 0x00, 0x00, 0x00, 0x00, 0x00, 0x7F, 0xFF, 0xFF, 
0xFF, 0xF8, 0x55, 0x01, 0x00, 0x12, 0x71, 0xEE, 0xFF, 0xFF, 0xBE, 0xD8, 0xFF, 0xFF, 0xA4, 0x00, 
0x00, 0x00, 0x00, 0x00, 0x00, 0x00, 0x1B, 0xF7, 0xFF, 0xFF, 0xFF, 0xFF, 0xF0, 0xE7, 0xFE, 0xFF, 
0xFF, 0xFF, 0xCD, 0x1D, 0xFC, 0xFF, 0xFF, 0x70, 0x00, 0x00, 0x00, 0x00, 0x00, 0x00, 0x00, 0x00, 
0x5F, 0xFF, 0xFF, 0xFF, 0xFF, 0xFF, 0xFF, 0xFF, 0xFF, 0xFF, 0xA3, 0x0C, 0x38, 0xFF, 0xFF, 0xFF, 
0x3D, 0x00, 0x00, 0x00, 0x00, 0x00, 0x00, 0x00, 0x00, 0x00, 0x61, 0xE8, 0xFF, 0xFF, 0xFF, 0xFF, 
0xFE, 0xB1, 0x31, 0x00, 0x00, 0x54, 0xFF, 0xFF, 0xEB, 0x0B, 0x00, 0x00, 0x00, 0x00, 0x00, 0x00, 
0x00, 0x00, 0x00, 0x00, 0x07, 0x41, 0x67, 0x6D, 0x53, 0x17, 0x00, 0x00, 0x00, 0x00, 0x00, 0x17, 
0x20, 0x06, 0x00, 0x00, 0x00, 0x00, 0x00, 0x00, 0x00, 0x00, 0x00, 0x00, 0x00, 0x00, 0x00, 0x00, 
0x00, 0x00, 0x11, 0x56, 0x90, 0xA7, 0xB6, 0xA8, 0x89, 0x4A, 0x04, 0x00, 0x00, 0x00, 0x00, 0x00, 
0x00, 0x00, 0x00, 0x00, 0x00, 0x21, 0x9C, 0xFA, 0xFF, 0xFF, 0xFF, 0xFF, 0xFF, 0xFF, 0xFF, 0xE1, 
0x52, 0x00, 0x00, 0x00, 0x00, 0x00, 0x00, 0x00, 0x00, 0x63, 0xF4, 0xFF, 0xFF, 0xFF, 0xFF, 0xFF, 
0xFF, 0xFF, 0xFF, 0xFF, 0xFF, 0xFF, 0x6F, 0x00, 0x00, 0x00, 0x00, 0x00, 0x00, 0x85, 0xFF, 0xFF, 
0xFF, 0xFF, 0xD5, 0x83, 0x5F, 0x5C, 0x80, 0xE3, 0xFF, 0xFF, 0xFF, 0xFB, 0x26, 0x00, 0x00, 0x00, 
0x00, 0x73, 0xFF, 0xFF, 0xFF, 0xF3, 0x5D, 0x01, 0x00, 0x00, 0x00, 0x00, 0x0A, 0xCE, 0xFF, 0xFF, 
0xFF, 0x83, 0x00, 0x00, 0x00, 0x36, 0xFB, 0xFF, 0xFF, 0xF1, 0x31, 0x00, 0x00, 0x00, 0x00, 0x00, 
0x00, 0x00, 0x63, 0xFF, 0xFF, 0xFF, 0xA8, 0x00, 0x00, 0x01, 0xCC, 0xFF, 0xFF, 0xFF, 0x53, 0x00, 
0x00, 0x00, 0x00, 0x00, 0x00, 0x00, 0x00, 0x5C, 0xFF, 0xFF, 0xFF, 0x94, 0x00, 0x00, 0x57, 0xFF, 
0xFF, 0xFF, 0xBC, 0x00, 0x00, 0x00, 0x00, 0x00, 0x00, 0x00, 0x00, 0x03, 0xC1, 0xFF, 0xFF, 0xFF, 
0x5C, 0x00, 0x00, 0xC8, 0xFF, 0xFF, 0xFF, 0x4D, 0x00, 0x00, 0x00, 0x00, 0x00, 0x00, 0x00, 0x26, 
0xB7, 0xFF, 0xFF, 0xFF, 0xE2, 0x08, 0x00, 0x27, 0xFF, 0xFF, 0xFF, 0xED, 0x2E, 0x2C, 0x2F, 0x37, 
0x43, 0x60, 0x88, 0xC8, 0xFE, 0xFF, 0xFF, 0xFF, 0xF2, 0x33, 0x00, 0x00, 0x77, 0xFF, 0xFF, 0xFF, 
0xFF, 0xFF, 0xFF, 0xFF, 0xFF, 0xFF, 0xFF, 0xFF, 0xFF, 0xFF, 0xFF, 0xFF, 0xC4, 0x23, 0x00, 0x00, 
0x00, 0xB5, 0xFF, 0xFF, 0xFF, 0xFF, 0xFF, 0xFF, 0xFF, 0xFF, 0xFF, 0xFF, 0xFF, 0xFF, 0xE4, 0x9F, 
0x3C, 0x00, 0x00, 0x00, 0x00, 0x00, 0xE8, 0xFF, 0xFF, 0xFF, 0xA8, 0xA4, 0xA3, 0x9B, 0x92, 0x87, 
0x6D, 0x4B, 0x24, 0x00, 0x00, 0x00, 0x00, 0x00, 0x00, 0x00, 0x0B, 0xFF, 0xFF, 0xFF, 0xF1, 0x00, 
0x00, 0x00, 0x00, 0x00, 0x00, 0x00, 0x00, 0x00, 0x00, 0x00, 0x00, 0x00, 0x00, 0x00, 0x00, 0x22, 
0xFF, 0xFF, 0xFF, 0xD4, 0x00, 0x00, 0x00, 0x00, 0x00, 0x00, 0x00, 0x00, 0x00, 0x00, 0x00, 0x00, 
0x00, 0x00, 0x00, 0x00, 0x2C, 0xFF, 0xFF, 0xFF, 0xCF, 0x00, 0x00, 0x00, 0x00, 0x00, 0x00, 0x00, 
0x00, 0x00, 0x00, 0x00, 0x00, 0x00, 0x00, 0x00, 0x00, 0x22, 0xFF, 0xFF, 0xFF, 0xDF, 0x00, 0x00, 
0x00, 0x00, 0x00, 0x00, 0x00, 0x00, 0x00, 0x00, 0x00, 0x00, 0x00, 0x00, 0x00, 0x00, 0x0C, 0xFE, 
0xFF, 0xFF, 0xFE, 0x17, 0x00, 0x00, 0x00, 0x00, 0x00, 0x00, 0x00, 0x00, 0x00, 0x00, 0x00, 0x00, 
0x00, 0x00, 0x00, 0x00, 0xD2, 0xFF, 0xFF, 0xFF, 0x8A, 0x00, 0x00, 0x00, 0x00, 0x00, 0x00, 0x00, 
0x00, 0x00, 0x00, 0x05, 0x00, 0x00, 0x00, 0x00, 0x00, 0x7B, 0xFF, 0xFF, 0xFF, 0xFD, 0x7C, 0x0A, 
0x00, 0x00, 0x00, 0x00, 0x00, 0x20, 0x63, 0xB5, 0xF9, 0x14, 0x00, 0x00, 0x00, 0x00, 0x0F, 0xE2, 
0xFF, 0xFF, 0xFF, 0xFF, 0xF5, 0xC4, 0xB0, 0xB3, 0xC5, 0xEA, 0xFF, 0xFF, 0xFF, 0xF5, 0x05, 0x00, 
0x00, 0x00, 0x00, 0x00, 0x30, 0xE6, 0xFF, 0xFF, 0xFF, 0xFF, 0xFF, 0xFF, 0xFF, 0xFF, 0xFF, 0xFF, 
0xFF, 0xFF, 0x95, 0x00, 0x00, 0x00, 0x00, 0x00, 0x00, 0x00, 0x14, 0x91, 0xF1, 0xFF, 0xFF, 0xFF, 
0xFF, 0xFF, 0xFF, 0xFF, 0xF6, 0xB9, 0x5F, 0x03, 0x00, 0x00, 0x00, 0x00, 0x00, 0x00, 0x00, 0x00, 
0x00, 0x05, 0x32, 0x5A, 0x6A, 0x6E, 0x60, 0x4C, 0x26, 0x03, 0x00, 0x00, 0x00, 0x00, 0x00, 0x00, 
0x00, 0x00, 0x00, 0x00, 0x00, 0x00, 0x00, 0x00, 0x00, 0x00, 0x00, 0x00, 0x00, 0x00, 0x00, 0x00, 
0x00, 0x03, 0x51, 0x98, 0xBE, 0xCB, 0xBC, 0x93, 0x3F, 0x00, 0x00, 0x00, 0x00, 0x00, 0x00, 0x00, 
0x00, 0x00, 0x00, 0x00, 0x00, 0x00, 0x00, 0x00, 0x00, 0x32, 0xD9, 0xFF, 0xFF, 0xFF, 0xFF, 0xFF, 
0xFF, 0xFE, 0x19, 0x00, 0x00, 0x00, 0x00, 0x00, 0x00, 0x00, 0x00, 0x00, 0x00, 0x00, 0x00, 0x00, 
0x00, 0x36, 0xF5, 0xFF, 0xFF, 0xFF, 0xFF, 0xFF, 0xFF, 0xFF, 0xFE, 0x0D, 0x00, 0x00, 0x00, 0x00, 
0x00, 0x00, 0x00, 0x00, 0x00, 0x00, 0x00, 0x00, 0x00, 0x0A, 0xE2, 0xFF, 0xFF, 0xFF, 0xE1, 0x87, 
0x6A, 0x7E, 0xBF, 0xB7, 0x00, 0x00, 0x00, 0x00, 0x00, 0x00, 0x00, 0x00, 0x00, 0x00, 0x00, 0x00, 
0x00, 0x00, 0x7B, 0xFF, 0xFF, 0xFF, 0xC5, 0x0B, 0x00, 0x00, 0x00, 0x00, 0x00, 0x00, 0x00, 0x00, 
0x00, 0x00, 0x00, 0x00, 0x00, 0x00, 0x00, 0x00, 0x00, 0x00, 0x03, 0xE2, 0xFF, 0xFF, 0xFC, 0x24, 
0x00, 0x00, 0x00, 0x00, 0x00, 0x00, 0x00, 0x00, 0x00, 0x00, 0x00, 0x00, 0x00, 0x00, 0x00, 0x00, 
0x00, 0x00, 0x00, 0x39, 0xFF, 0xFF, 0xFF, 0xB4, 0x00, 0x00, 0x00, 0x00, 0x00, 0x00, 0x00, 0x00, 
0x00, 0x00, 0x00, 0x00, 0x00, 0x00, 0x00, 0x00, 0x00, 0x00, 0x00, 0x00, 0x79, 0xFF, 0xFF, 0xFF, 
0x69, 0x00, 0x00, 0x00, 0x00, 0x00, 0x00, 0x00, 0x00, 0x00, 0x00, 0x00, 0x00, 0x00, 0x00, 0x00, 
0x00, 0x00, 0x00, 0x00, 0x00, 0xB1, 0xFF, 0xFF, 0xFF, 0x2E, 0x00, 0x00, 0x00, 0x00, 0x00, 0x00, 
0x00, 0x00, 0x00, 0x00, 0x00, 0x00, 0x00, 0x00, 0x00, 0x00, 0x00, 0x00, 0x00, 0x00, 0xE3, 0xFF, 
0xFF, 0xF8, 0x04, 0x00, 0x00, 0x00, 0x00, 0x00, 0x00, 0x00, 0x00, 0x00, 0x00, 0x00, 0x00, 0x00, 
0x00, 0x00, 0x00, 0x1F, 0x4C, 0x4C, 0x56, 0xFF, 0xFF, 0xFF, 0xE1, 0x4C, 0x4C, 0x4C, 0x4C, 0x39, 
0x00, 0x00, 0x00, 0x00, 0x00, 0x00, 0x00, 0x00, 0x00, 0x00, 0x00, 0x04, 0xE2, 0xFF, 0xFF, 0xFF, 
0xFF, 0xFF, 0xFF, 0xFF, 0xFF, 0xFF, 0xFF, 0xFF, 0xFB, 0x01, 0x00, 0x00, 0x00, 0x00, 0x00, 0x00, 
0x00, 0x00, 0x00, 0x00, 0x31, 0xFF, 0xFF, 0xFF, 0xFF, 0xFF, 0xFF, 0xFF, 0xFF, 0xFF, 0xFF, 0xFF, 
0xFF, 0xDB, 0x00, 0x00, 0x00, 0x00, 0x00, 0x00, 0x00, 0x00, 0x00, 0x00, 0x00, 0x2B, 0xE8, 0xEC, 
0xEC, 0xFB, 0xFF, 0xFF, 0xFF, 0xED, 0xEC, 0xEC, 0xEC, 0xEA, 0x64, 0x00, 0x00, 0x00, 0x00, 0x00, 
0x00, 0x00, 0x00, 0x00, 0x00, 0x00, 0x00, 0x00, 0x00, 0x00, 0xE2, 0xFF, 0xFF, 0xF8, 0x05, 0x00, 
0x00, 0x00, 0x00, 0x00, 0x00, 0x00, 0x00, 0x00, 0x00, 0x00, 0x00, 0x00, 0x00, 0x00, 0x00, 0x00, 
0x00, 0x00, 0x15, 0xFF, 0xFF, 0xFF, 0xCA, 0x00, 0x00, 0x00, 0x00, 0x00, 0x00, 0x00, 0x00, 0x00, 
0x00, 0x00, 0x00, 0x00, 0x00, 0x00, 0x00, 0x00, 0x00, 0x00, 0x00, 0x49, 0xFF, 0xFF, 0xFF, 0x96, 
0x00, 0x00, 0x00, 0x00, 0x00, 0x00, 0x00, 0x00, 0x00, 0x00, 0x00, 0x00, 0x00, 0x00, 0x00, 0x00, 
0x00, 0x00, 0x00, 0x00, 0x7C, 0xFF, 0xFF, 0xFF, 0x63, 0x00, 0x00, 0x00, 0x00, 0x00, 0x00, 0x00, 
0x00, 0x00, 0x00, 0x00, 0x00, 0x00, 0x00, 0x00, 0x00, 0x00, 0x00, 0x00, 0x00, 0xAF, 0xFF, 0xFF, 
0xFF, 0x30, 0x00, 0x00, 0x00, 0x00, 0x00, 0x00, 0x00, 0x00, 0x00, 0x00, 0x00, 0x00, 0x00, 0x00, 
0x00, 0x00, 0x00, 0x00, 0x00, 0x00, 0xE2, 0xFF, 0xFF, 0xF7, 0x04, 0x00, 0x00, 0x00, 0x00, 0x00, 
0x00, 0x00, 0x00, 0x00, 0x00, 0x00, 0x00, 0x00, 0x00, 0x00, 0x00, 0x00, 0x00, 0x00, 0x16, 0xFF, 
0xFF, 0xFF, 0xC9, 0x00, 0x00, 0x00, 0x00, 0x00, 0x00, 0x00, 0x00, 0x00, 0x00, 0x00, 0x00, 0x00, 
0x00, 0x00, 0x00, 0x00, 0x00, 0x00, 0x00, 0x49, 0xFF, 0xFF, 0xFF, 0x95, 0x00, 0x00, 0x00, 0x00, 
0x00, 0x00, 0x00, 0x00, 0x00, 0x00, 0x00, 0x00, 0x00, 0x00, 0x00, 0x00, 0x00, 0x00, 0x00, 0x00, 
0x7C, 0xFF, 0xFF, 0xFF, 0x62, 0x00, 0x00, 0x00, 0x00, 0x00, 0x00, 0x00, 0x00, 0x00, 0x00, 0x00, 
0x00, 0x00, 0x00, 0x00, 0x00, 0x00, 0x00, 0x00, 0x00, 0xB0, 0xFF, 0xFF, 0xFF, 0x2E, 0x00, 0x00, 
0x00, 0x00, 0x00, 0x00, 0x00, 0x00, 0x00, 0x00, 0x00, 0x00, 0x00, 0x00, 0x00, 0x00, 0x00, 0x00, 
0x00, 0x00, 0xE3, 0xFF, 0xFF, 0xF6, 0x04, 0x00, 0x00, 0x00, 0x00, 0x00, 0x00, 0x00, 0x00, 0x00, 
0x00, 0x00, 0x00, 0x00, 0x00, 0x00, 0x00, 0x00, 0x00, 0x00, 0x16, 0xFF, 0xFF, 0xFF, 0xC7, 0x00, 
0x00, 0x00, 0x00, 0x00, 0x00, 0x00, 0x00, 0x00, 0x00, 0x00, 0x00, 0x00, 0x00, 0x00, 0x00, 0x00, 
0x00, 0x00, 0x00, 0x4A, 0xFF, 0xFF, 0xFF, 0x94, 0x00, 0x00, 0x00, 0x00, 0x00, 0x00, 0x00, 0x00, 
0x00, 0x00, 0x00, 0x00, 0x00, 0x00, 0x00, 0x00, 0x00, 0x00, 0x00, 0x00, 0x7D, 0xFF, 0xFF, 0xFF, 
0x60, 0x00, 0x00, 0x00, 0x00, 0x00, 0x00, 0x00, 0x00, 0x00, 0x00, 0x00, 0x00, 0x00, 0x00, 0x00, 
0x00, 0x00, 0x00, 0x00, 0x00, 0xB0, 0xFF, 0xFF, 0xFF, 0x2D, 0x00, 0x00, 0x00, 0x00, 0x00, 0x00, 
0x00, 0x00, 0x00, 0x00, 0x00, 0x00, 0x00, 0x00, 0x00, 0x00, 0x00, 0x00, 0x00, 0x00, 0xE4, 0xFF, 
0xFF, 0xF6, 0x03, 0x00, 0x00, 0x00, 0x00, 0x00, 0x00, 0x00, 0x00, 0x00, 0x00, 0x00, 0x00, 0x00, 
0x00, 0x00, 0x00, 0x00, 0x00, 0x00, 0x17, 0xFF, 0xFF, 0xFF, 0xC6, 0x00, 0x00, 0x00, 0x00, 0x00, 
0x00, 0x00, 0x00, 0x00, 0x00, 0x00, 0x00, 0x00, 0x00, 0x00, 0x00, 0x00, 0x00, 0x00, 0x00, 0x4A, 
0xFF, 0xFF, 0xFF, 0x92, 0x00, 0x00, 0x00, 0x00, 0x00, 0x00, 0x00, 0x00, 0x00, 0x00, 0x00, 0x00, 
0x00, 0x00, 0x00, 0x00, 0x00, 0x00, 0x00, 0x00, 0x7E, 0xFF, 0xFF, 0xFF, 0x5F, 0x00, 0x00, 0x00, 
0x00, 0x00, 0x00, 0x00, 0x00, 0x00, 0x00, 0x00, 0x00, 0x00, 0x00, 0x00, 0x00, 0x00, 0x00, 0x00, 
0x00, 0xB4, 0xFF, 0xFF, 0xFF, 0x2B, 0x00, 0x00, 0x00, 0x00, 0x00, 0x00, 0x00, 0x00, 0x00, 0x00, 
0x00, 0x00, 0x00, 0x00, 0x00, 0x00, 0x00, 0x00, 0x00, 0x03, 0xEE, 0xFF, 0xFF, 0xEE, 0x02, 0x00, 
0x00, 0x00, 0x00, 0x00, 0x00, 0x00, 0x00, 0x00, 0x00, 0x00, 0x00, 0x00, 0x00, 0x00, 0x00, 0x00, 
0x00, 0x00, 0x42, 0xFF, 0xFF, 0xFF, 0xAE, 0x00, 0x00, 0x00, 0x00, 0x00, 0x00, 0x00, 0x00, 0x00, 
0x00, 0x00, 0x00, 0x00, 0x00, 0x00, 0x00, 0x00, 0x00, 0x00, 0x00, 0xB5, 0xFF, 0xFF, 0xFF, 0x54, 
0x00, 0x00, 0x00, 0x00, 0x00, 0x00, 0x00, 0x00, 0x00, 0x00, 0x00, 0x00, 0x00, 0x00, 0x00, 0x00, 
0x00, 0x00, 0x03, 0x82, 0xFF, 0xFF, 0xFF, 0xE0, 0x06, 0x00, 0x00, 0x00, 0x00, 0x00, 0x00, 0x00, 
0x00, 0x00, 0x00, 0x00, 0x00, 0x00, 0x00, 0x1B, 0xCD, 0xAF, 0xB2, 0xE4, 0xFF, 0xFF, 0xFF, 0xFF, 
0x52, 0x00, 0x00, 0x00, 0x00, 0x00, 0x00, 0x00, 0x00, 0x00, 0x00, 0x00, 0x00, 0x00, 0x00, 0x00, 
0x6A, 0xFF, 0xFF, 0xFF, 0xFF, 0xFF, 0xFF, 0xFF, 0x82, 0x00, 0x00, 0x00, 0x00, 0x00, 0x00, 0x00, 
0x00, 0x00, 0x00, 0x00, 0x00, 0x00, 0x00, 0x00, 0x00, 0x8A, 0xFF, 0xFF, 0xFF, 0xFF, 0xFF, 0xE2, 
0x5A, 0x00, 0x00, 0x00, 0x00, 0x00, 0x00, 0x00, 0x00, 0x00, 0x00, 0x00, 0x00, 0x00, 0x00, 0x00, 
0x00, 0x00, 0x13, 0x66, 0x88, 0x89, 0x75, 0x41, 0x05, 0x00, 0x00, 0x00, 0x00, 0x00, 0x00, 0x00, 
0x00, 0x00, 0x00, 0x00, 0x00, 0x00, 0x00, 0x00, 0x00, 0x00, 0x00, 0x00, 0x00, 0x00, 0x00, 0x00, 
0x00, 0x00, 0x00, 0x08, 0x51, 0x91, 0xAC, 0xB0, 0x95, 0x57, 0x07, 0x00, 0x00, 0x00, 0x41, 0x63, 
0x58, 0x07, 0x00, 0x00, 0x00, 0x00, 0x00, 0x00, 0x03, 0x6C, 0xED, 0xFF, 0xFF, 0xFF, 0xFF, 0xFF, 
0xFF, 0xE8, 0x4E, 0x00, 0x3F, 0xFF, 0xFF, 0xFF, 0x32, 0x00, 0x00, 0x00, 0x00, 0x00, 0x0E, 0xB8, 
0xFF, 0xFF, 0xFF, 0xFF, 0xFF, 0xFF, 0xFF, 0xFF, 0xFF, 0xFF, 0x75, 0x78, 0xFF, 0xFF, 0xFA, 0x07, 
0x00, 0x00, 0x00, 0x00, 0x08, 0xC6, 0xFF, 0xFF, 0xFF, 0xFF, 0xE1, 0xAA, 0xA7, 0xD1, 0xFF, 0xFF, 
0xFF, 0xFF, 0xE6, 0xFF, 0xFF, 0xCE, 0x00, 0x00, 0x00, 0x00, 0x00, 0x9F, 0xFF, 0xFF, 0xFF, 0xF5, 
0x65, 0x02, 0x00, 0x00, 0x00, 0x37, 0xD3, 0xFF, 0xFF, 0xFF, 0xFF, 0xFF, 0x9B, 0x00, 0x00, 0x00, 
0x00, 0x44, 0xFF, 0xFF, 0xFF, 0xF8, 0x3F, 0x00, 0x00, 0x00, 0x00, 0x00, 0x00, 0x0C, 0xC1, 0xFF, 
0xFF, 0xFF, 0xFF, 0x68, 0x00, 0x00, 0x00, 0x01, 0xD1, 0xFF, 0xFF, 0xFF, 0x72, 0x00, 0x00, 0x00, 
0x00, 0x00, 0x00, 0x00, 0x00, 0x14, 0xE3, 0xFF, 0xFF, 0xFF, 0x34, 0x00, 0x00, 0x00, 0x4C, 0xFF, 
0xFF, 0xFF, 0xD8, 0x04, 0x00, 0x00, 0x00, 0x00, 0x00, 0x00, 0x00, 0x00, 0x00, 0xD4, 0xFF, 0xFF, 
0xFA, 0x07, 0x00, 0x00, 0x00, 0xB3, 0xFF, 0xFF, 0xFF, 0x6A, 0x00, 0x00, 0x00, 0x00, 0x00, 0x00, 
0x00, 0x00, 0x00, 0x0B, 0xFC, 0xFF, 0xFF, 0xCE, 0x00, 0x00, 0x00, 0x12, 0xFB, 0xFF, 0xFF, 0xFA, 
0x13, 0x00, 0x00, 0x00, 0x00, 0x00, 0x00, 0x00, 0x00, 0x00, 0x3D, 0xFF, 0xFF, 0xFF, 0x9B, 0x00, 
0x00, 0x00, 0x58, 0xFF, 0xFF, 0xFF, 0xB5, 0x00, 0x00, 0x00, 0x00, 0x00, 0x00, 0x00, 0x00, 0x00, 
0x00, 0x73, 0xFF, 0xFF, 0xFF, 0x67, 0x00, 0x00, 0x00, 0x97, 0xFF, 0xFF, 0xFF, 0x79, 0x00, 0x00, 
0x00, 0x00, 0x00, 0x00, 0x00, 0x00, 0x00, 0x00, 0xB5, 0xFF, 0xFF, 0xFF, 0x34, 0x00, 0x00, 0x00, 
0xC9, 0xFF, 0xFF, 0xFF, 0x44, 0x00, 0x00, 0x00, 0x00, 0x00, 0x00, 0x00, 0x00, 0x00, 0x08, 0xF4, 
0xFF, 0xFF, 0xFA, 0x07, 0x00, 0x00, 0x00, 0xEE, 0xFF, 0xFF, 0xFF, 0x1A, 0x00, 0x00, 0x00, 0x00, 
0x00, 0x00, 0x00, 0x00, 0x00, 0x61, 0xFF, 0xFF, 0xFF, 0xCD, 0x00, 0x00, 0x00, 0x08, 0xFF, 0xFF, 
0xFF, 0xFF, 0x07, 0x00, 0x00, 0x00, 0x00, 0x00, 0x00, 0x00, 0x00, 0x02, 0xD0, 0xFF, 0xFF, 0xFF, 
0x9A, 0x00, 0x00, 0x00, 0x14, 0xFF, 0xFF, 0xFF, 0xF9, 0x00, 0x00, 0x00, 0x00, 0x00, 0x00, 0x00, 
0x00, 0x00, 0x63, 0xFF, 0xFF, 0xFF, 0xFF, 0x67, 0x00, 0x00, 0x00, 0x0F, 0xFF, 0xFF, 0xFF, 0xFF, 
0x0A, 0x00, 0x00, 0x00, 0x00, 0x00, 0x00, 0x00, 0x1F, 0xED, 0xFF, 0xFF, 0xFF, 0xFF, 0x34, 0x00, 
0x00, 0x00, 0x02, 0xF9, 0xFF, 0xFF, 0xFF, 0x30, 0x00, 0x00, 0x00, 0x00, 0x00, 0x00, 0x0F, 0xCC, 
0xFF, 0xFF, 0xFF, 0xFF, 0xFA, 0x06, 0x00, 0x00, 0x00, 0x00, 0xD2, 0xFF, 0xFF, 0xFF, 0x8F, 0x00, 
0x00, 0x00, 0x00, 0x00, 0x1D, 0xCC, 0xFF, 0xFF, 0xF5, 0xFF, 0xFF, 0xCD, 0x00, 0x00, 0x00, 0x00, 
0x00, 0x8C, 0xFF, 0xFF, 0xFF, 0xFD, 0x6A, 0x02, 0x00, 0x13, 0x75, 0xF0, 0xFF, 0xFF, 0xB1, 0xF8, 
0xFF, 0xFF, 0x9A, 0x00, 0x00, 0x00, 0x00, 0x00, 0x26, 0xFA, 0xFF, 0xFF, 0xFF, 0xFF, 0xF1, 0xE7, 
0xFE, 0xFF, 0xFF, 0xFF, 0xBA, 0x58, 0xFF, 0xFF, 0xFF, 0x67, 0x00, 0x00, 0x00, 0x00, 0x00, 0x00, 
0x75, 0xFF, 0xFF, 0xFF, 0xFF, 0xFF, 0xFF, 0xFF, 0xFF, 0xFE, 0x93, 0x06, 0x91, 0xFF, 0xFF, 0xFF, 
0x33, 0x00, 0x00, 0x00, 0x00, 0x00, 0x00, 0x00, 0x60, 0xEA, 0xFF, 0xFF, 0xFF, 0xFF, 0xFE, 0xB8, 
0x39, 0x00, 0x00, 0xCD, 0xFF, 0xFF, 0xF9, 0x06, 0x00, 0x00, 0x00, 0x00, 0x00, 0x00, 0x00, 0x00, 
0x04, 0x40, 0x63, 0x6D, 0x53, 0x17, 0x00, 0x00, 0x00, 0x07, 0xFA, 0xFF, 0xFF, 0xCD, 0x00, 0x00, 
0x00, 0x00, 0x00, 0x00, 0x00, 0x00, 0x00, 0x00, 0x00, 0x00, 0x00, 0x00, 0x00, 0x00, 0x00, 0x00, 
0x3D, 0xFF, 0xFF, 0xFF, 0x91, 0x00, 0x00, 0x00, 0x00, 0x00, 0x00, 0x00, 0x00, 0x00, 0x00, 0x00, 
0x00, 0x00, 0x00, 0x00, 0x00, 0x00, 0x00, 0x99, 0xFF, 0xFF, 0xFF, 0x48, 0x00, 0x00, 0x00, 0x00, 
0x00, 0x00, 0x1D, 0x04, 0x00, 0x00, 0x00, 0x00, 0x00, 0x00, 0x00, 0x00, 0x00, 0x3A, 0xFA, 0xFF, 
0xFF, 0xDC, 0x03, 0x00, 0x00, 0x00, 0x00, 0x00, 0x1F, 0xF9, 0xE3, 0x71, 0x17, 0x00, 0x00, 0x00, 
0x00, 0x00, 0x11, 0x76, 0xF4, 0xFF, 0xFF, 0xFF, 0x59, 0x00, 0x00, 0x00, 0x00, 0x00, 0x00, 0x63, 
0xFF, 0xFF, 0xFF, 0xFE, 0xD3, 0xAD, 0xA0, 0xAE, 0xCA, 0xF5, 0xFF, 0xFF, 0xFF, 0xFF, 0x9B, 0x00, 
0x00, 0x00, 0x00, 0x00, 0x00, 0x00, 0x5E, 0xFF, 0xFF, 0xFF, 0xFF, 0xFF, 0xFF, 0xFF, 0xFF, 0xFF, 
0xFF, 0xFF, 0xFF, 0xFD, 0x8B, 0x01, 0x00, 0x00, 0x00, 0x00, 0x00, 0x00, 0x00, 0x01, 0x65, 0xCE, 
0xFF, 0xFF, 0xFF, 0xFF, 0xFF, 0xFF, 0xFF, 0xFF, 0xF7, 0xAB, 0x32, 0x00, 0x00, 0x00, 0x00, 0x00, 
0x00, 0x00, 0x00, 0x00, 0x00, 0x00, 0x00, 0x1B, 0x4F, 0x75, 0x86, 0x8B, 0x7F, 0x6A, 0x3E, 0x0C, 
0x00, 0x00, 0x00, 0x00, 0x00, 0x00, 0x00, 0x00, 0x00, 0x00, 0x00, 0x00, 0x00, 0x00, 0x00, 0x00, 
0x00, 0x09, 0x81, 0xA3, 0x9E, 0x45, 0x00, 0x00, 0x00, 0x00, 0x00, 0x00, 0x00, 0x00, 0x00, 0x00, 
0x00, 0x00, 0x00, 0x00, 0x00, 0x00, 0x00, 0x50, 0xFF, 0xFF, 0xFF, 0x8B, 0x00, 0x00, 0x00, 0x00, 
0x00, 0x00, 0x00, 0x00, 0x00, 0x00, 0x00, 0x00, 0x00, 0x00, 0x00, 0x00, 0x00, 0x84, 0xFF, 0xFF, 
0xFF, 0x59, 0x00, 0x00, 0x00, 0x00, 0x00, 0x00, 0x00, 0x00, 0x00, 0x00, 0x00, 0x00, 0x00, 0x00, 
0x00, 0x00, 0x00, 0xB7, 0xFF, 0xFF, 0xFF, 0x26, 0x00, 0x00, 0x00, 0x00, 0x00, 0x00, 0x00, 0x00, 
0x00, 0x00, 0x00, 0x00, 0x00, 0x00, 0x00, 0x00, 0x00, 0xE9, 0xFF, 0xFF, 0xF2, 0x01, 0x00, 0x00, 
0x00, 0x00, 0x00, 0x00, 0x00, 0x00, 0x00, 0x00, 0x00, 0x00, 0x00, 0x00, 0x00, 0x00, 0x1D, 0xFF, 
0xFF, 0xFF, 0xC2, 0x00, 0x00, 0x00, 0x00, 0x00, 0x00, 0x00, 0x00, 0x00, 0x00, 0x00, 0x00, 0x00, 
0x00, 0x00, 0x00, 0x00, 0x50, 0xFF, 0xFF, 0xFF, 0x90, 0x00, 0x00, 0x00, 0x00, 0x00, 0x00, 0x00, 
0x00, 0x00, 0x00, 0x00, 0x00, 0x00, 0x00, 0x00, 0x00, 0x00, 0x83, 0xFF, 0xFF, 0xFF, 0x5D, 0x00, 
0x00, 0x00, 0x00, 0x00, 0x00, 0x00, 0x00, 0x00, 0x00, 0x00, 0x00, 0x00, 0x00, 0x00, 0x00, 0x00, 
0xB6, 0xFF, 0xFF, 0xFF, 0x2B, 0x00, 0x00, 0x00, 0x00, 0x00, 0x00, 0x00, 0x00, 0x00, 0x00, 0x00, 
0x00, 0x00, 0x00, 0x00, 0x00, 0x00, 0xE8, 0xFF, 0xFF, 0xF5, 0x03, 0x00, 0x00, 0x00, 0x00, 0x00, 
0x00, 0x00, 0x00, 0x00, 0x00, 0x00, 0x00, 0x00, 0x00, 0x00, 0x00, 0x1C, 0xFF, 0xFF, 0xFF, 0xC6, 
0x00, 0x00, 0x00, 0x14, 0x67, 0xA1, 0xB6, 0xA9, 0x79, 0x1F, 0x00, 0x00, 0x00, 0x00, 0x00, 0x00, 
0x00, 0x4F, 0xFF, 0xFF, 0xFF, 0x8E, 0x00, 0x11, 0x84, 0xF3, 0xFF, 0xFF, 0xFF, 0xFF, 0xFF, 0xF9, 
0x6A, 0x00, 0x00, 0x00, 0x00, 0x00, 0x00, 0x81, 0xFF, 0xFF, 0xFF, 0x4C, 0x3D, 0xE7, 0xFF, 0xFF, 
0xFF, 0xFF, 0xFF, 0xFF, 0xFF, 0xFF, 0xFE, 0x41, 0x00, 0x00, 0x00, 0x00, 0x00, 0xB4, 0xFF, 0xFF, 
0xF8, 0x4F, 0xF7, 0xFF, 0xFF, 0xFB, 0xBF, 0xA3, 0xCE, 0xFF, 0xFF, 0xFF, 0xFF, 0xB7, 0x00, 0x00, 
0x00, 0x00, 0x00, 0xE7, 0xFF, 0xFF, 0xD4, 0xEF, 0xFF, 0xFF, 0xA3, 0x1C, 0x00, 0x00, 0x00, 0x87, 
0xFF, 0xFF, 0xFF, 0xF6, 0x03, 0x00, 0x00, 0x00, 0x1A, 0xFF, 0xFF, 0xFF, 0xFD, 0xFF, 0xFD, 0x65, 
0x00, 0x00, 0x00, 0x00, 0x00, 0x0B, 0xFB, 0xFF, 0xFF, 0xFF, 0x17, 0x00, 0x00, 0x00, 0x4D, 0xFF, 
0xFF, 0xFF, 0xFF, 0xFF, 0x6A, 0x00, 0x00, 0x00, 0x00, 0x00, 0x00, 0x00, 0xE3, 0xFF, 0xFF, 0xFF, 
0x18, 0x00, 0x00, 0x00, 0x80, 0xFF, 0xFF, 0xFF, 0xFF, 0xA5, 0x00, 0x00, 0x00, 0x00, 0x00, 0x00, 
0x00, 0x00, 0xE8, 0xFF, 0xFF, 0xFF, 0x08, 0x00, 0x00, 0x00, 0xB3, 0xFF, 0xFF, 0xFF, 0xF0, 0x15, 
0x00, 0x00, 0x00, 0x00, 0x00, 0x00, 0x00, 0x06, 0xFC, 0xFF, 0xFF, 0xE5, 0x00, 0x00, 0x00, 0x00, 
0xE6, 0xFF, 0xFF, 0xFF, 0x7B, 0x00, 0x00, 0x00, 0x00, 0x00, 0x00, 0x00, 0x00, 0x2B, 0xFF, 0xFF, 
0xFF, 0xB9, 0x00, 0x00, 0x00, 0x19, 0xFF, 0xFF, 0xFF, 0xF8, 0x15, 0x00, 0x00, 0x00, 0x00, 0x00, 
0x00, 0x00, 0x00, 0x5D, 0xFF, 0xFF, 0xFF, 0x86, 0x00, 0x00, 0x00, 0x4C, 0xFF, 0xFF, 0xFF, 0xB0, 
0x00, 0x00, 0x00, 0x00, 0x00, 0x00, 0x00, 0x00, 0x00, 0x90, 0xFF, 0xFF, 0xFF, 0x53, 0x00, 0x00, 
0x00, 0x7F, 0xFF, 0xFF, 0xFF, 0x6A, 0x00, 0x00, 0x00, 0x00, 0x00, 0x00, 0x00, 0x00, 0x00, 0xC3, 
0xFF, 0xFF, 0xFF, 0x20, 0x00, 0x00, 0x00, 0xB2, 0xFF, 0xFF, 0xFF, 0x2D, 0x00, 0x00, 0x00, 0x00, 
0x00, 0x00, 0x00, 0x00, 0x02, 0xF3, 0xFF, 0xFF, 0xED, 0x00, 0x00, 0x00, 0x00, 0xE5, 0xFF, 0xFF, 
0xF6, 0x03, 0x00, 0x00, 0x00, 0x00, 0x00, 0x00, 0x00, 0x00, 0x29, 0xFF, 0xFF, 0xFF, 0xBA, 0x00, 
0x00, 0x00, 0x18, 0xFF, 0xFF, 0xFF, 0xC6, 0x00, 0x00, 0x00, 0x00, 0x00, 0x00, 0x00, 0x00, 0x00, 
0x5C, 0xFF, 0xFF, 0xFF, 0x87, 0x00, 0x00, 0x00, 0x4B, 0xFF, 0xFF, 0xFF, 0x93, 0x00, 0x00, 0x00, 
0x00, 0x00, 0x00, 0x00, 0x00, 0x00, 0x8F, 0xFF, 0xFF, 0xFF, 0x54, 0x00, 0x00, 0x00, 0x7E, 0xFF, 
0xFF, 0xFF, 0x5F, 0x00, 0x00, 0x00, 0x00, 0x00, 0x00, 0x00, 0x00, 0x00, 0xC2, 0xFF, 0xFF, 0xFF, 
0x21, 0x00, 0x00, 0x00, 0xB1, 0xFF, 0xFF, 0xFF, 0x2C, 0x00, 0x00, 0x00, 0x00, 0x00, 0x00, 0x00, 
0x00, 0x02, 0xF3, 0xFF, 0xFF, 0xEE, 0x00, 0x00, 0x00, 0x00, 0xE4, 0xFF, 0xFF, 0xF5, 0x03, 0x00, 
0x00, 0x00, 0x00, 0x00, 0x00, 0x00, 0x00, 0x28, 0xFF, 0xFF, 0xFF, 0xBB, 0x00, 0x00, 0x00, 0x17, 
0xFF, 0xFF, 0xFF, 0xC5, 0x00, 0x00, 0x00, 0x00, 0x00, 0x00, 0x00, 0x00, 0x00, 0x5B, 0xFF, 0xFF, 
0xFF, 0x88, 0x00, 0x00, 0x00, 0x4A, 0xFF, 0xFF, 0xFF, 0x92, 0x00, 0x00, 0x00, 0x00, 0x00, 0x00, 
0x00, 0x00, 0x00, 0x8E, 0xFF, 0xFF, 0xFF, 0x55, 0x00, 0x00, 0x00, 0x68, 0xFF, 0xFF, 0xFB, 0x4A, 
0x00, 0x00, 0x00, 0x00, 0x00, 0x00, 0x00, 0x00, 0x00, 0xA9, 0xFF, 0xFF, 0xEF, 0x1A, 0x00, 0x00, 
0x00, 0x00, 0x16, 0x20, 0x0B, 0x00, 0x00, 0x00, 0x00, 0x00, 0x00, 0x00, 0x00, 0x00, 0x00, 0x02, 
0x1D, 0x1E, 0x04, 0x00, 0x00, 0x00, 0x00, 0x00, 0x00, 0x00, 0x00, 0x00, 0x00, 0x00, 0x04, 0x16, 
0x09, 0x00, 0x00, 0x00, 0x00, 0x00, 0x00, 0x00, 0x70, 0xF7, 0xFF, 0xF7, 0x49, 0x00, 0x00, 0x00, 
0x00, 0x00, 0x18, 0xFD, 0xFF, 0xFF, 0xFF, 0x89, 0x00, 0x00, 0x00, 0x00, 0x00, 0x55, 0xFF, 0xFF, 
0xFF, 0xFF, 0x61, 0x00, 0x00, 0x00, 0x00, 0x00, 0x57, 0xFF, 0xFF, 0xFF, 0xEA, 0x13, 0x00, 0x00, 
0x00, 0x00, 0x00, 0x04, 0x5F, 0x81, 0x71, 0x1C, 0x00, 0x00, 0x00, 0x00, 0x00, 0x00, 0x00, 0x00, 
0x00, 0x00, 0x00, 0x00, 0x00, 0x00, 0x00, 0x00, 0x00, 0x00, 0x00, 0x00, 0x00, 0x00, 0x00, 0x00, 
0x00, 0x00, 0x00, 0x00, 0x00, 0x00, 0x00, 0x00, 0x00, 0x00, 0x00, 0x00, 0x00, 0x00, 0x01, 0x45, 
0x63, 0x5C, 0x19, 0x00, 0x00, 0x00, 0x00, 0x00, 0x00, 0x4E, 0xFF, 0xFF, 0xFF, 0x89, 0x00, 0x00, 
0x00, 0x00, 0x00, 0x00, 0x84, 0xFF, 0xFF, 0xFF, 0x5A, 0x00, 0x00, 0x00, 0x00, 0x00, 0x00, 0xB7, 
0xFF, 0xFF, 0xFF, 0x27, 0x00, 0x00, 0x00, 0x00, 0x00, 0x00, 0xEA, 0xFF, 0xFF, 0xF2, 0x02, 0x00, 
0x00, 0x00, 0x00, 0x00, 0x1D, 0xFF, 0xFF, 0xFF, 0xC1, 0x00, 0x00, 0x00, 0x00, 0x00, 0x00, 0x50, 
0xFF, 0xFF, 0xFF, 0x8E, 0x00, 0x00, 0x00, 0x00, 0x00, 0x00, 0x83, 0xFF, 0xFF, 0xFF, 0x5B, 0x00, 
0x00, 0x00, 0x00, 0x00, 0x00, 0xB5, 0xFF, 0xFF, 0xFF, 0x28, 0x00, 0x00, 0x00, 0x00, 0x00, 0x00, 
0xE8, 0xFF, 0xFF, 0xF3, 0x02, 0x00, 0x00, 0x00, 0x00, 0x00, 0x1B, 0xFF, 0xFF, 0xFF, 0xC2, 0x00, 
0x00, 0x00, 0x00, 0x00, 0x00, 0x4E, 0xFF, 0xFF, 0xFF, 0x8F, 0x00, 0x00, 0x00, 0x00, 0x00, 0x00, 
0x81, 0xFF, 0xFF, 0xFF, 0x5C, 0x00, 0x00, 0x00, 0x00, 0x00, 0x00, 0xB3, 0xFF, 0xFF, 0xFF, 0x29, 
0x00, 0x00, 0x00, 0x00, 0x00, 0x00, 0xE6, 0xFF, 0xFF, 0xF4, 0x02, 0x00, 0x00, 0x00, 0x00, 0x00, 
0x19, 0xFF, 0xFF, 0xFF, 0xC3, 0x00, 0x00, 0x00, 0x00, 0x00, 0x00, 0x4C, 0xFF, 0xFF, 0xFF, 0x90, 
0x00, 0x00, 0x00, 0x00, 0x00, 0x00, 0x7F, 0xFF, 0xFF, 0xFF, 0x5D, 0x00, 0x00, 0x00, 0x00, 0x00, 
0x00, 0xB2, 0xFF, 0xFF, 0xFF, 0x2A, 0x00, 0x00, 0x00, 0x00, 0x00, 0x00, 0xE4, 0xFF, 0xFF, 0xF4, 
0x02, 0x00, 0x00, 0x00, 0x00, 0x00, 0x17, 0xFF, 0xFF, 0xFF, 0xC4, 0x00, 0x00, 0x00, 0x00, 0x00, 
0x00, 0x4A, 0xFF, 0xFF, 0xFF, 0x91, 0x00, 0x00, 0x00, 0x00, 0x00, 0x00, 0x68, 0xFF, 0xFF, 0xFB, 
0x4A, 0x00, 0x00, 0x00, 0x00, 0x00, 0x00, 0x00, 0x16, 0x20, 0x0B, 0x00, 0x00, 0x00, 0x00, 0x00, 
0x00, 0x00, 0x00, 0x00, 0x00, 0x00, 0x00, 0x00, 0x00, 0x00, 0x00, 0x00, 0x00, 0x00, 0x00, 0x00, 
0x10, 0x13, 0x00, 0x00, 0x00, 0x00, 0x00, 0x00, 0x00, 0x00, 0x00, 0x00, 0x00, 0x00, 0x00, 0x20, 
0xD5, 0xFF, 0xFF, 0xB4, 0x00, 0x00, 0x00, 0x00, 0x00, 0x00, 0x00, 0x00, 0x00, 0x00, 0x00, 0x00, 
0xA0, 0xFF, 0xFF, 0xFF, 0xF8, 0x00, 0x00, 0x00, 0x00, 0x00, 0x00, 0x00, 0x00, 0x00, 0x00, 0x00, 
0x00, 0xDE, 0xFF, 0xFF, 0xFF, 0xD0, 0x00, 0x00, 0x00, 0x00, 0x00, 0x00, 0x00, 0x00, 0x00, 0x00, 
0x00, 0x00, 0xDE, 0xFF, 0xFF, 0xFF, 0x69, 0x00, 0x00, 0x00, 0x00, 0x00, 0x00, 0x00, 0x00, 0x00, 
0x00, 0x00, 0x00, 0x2B, 0x7A, 0x7D, 0x49, 0x00, 0x00, 0x00, 0x00, 0x00, 0x00, 0x00, 0x00, 0x00, 
0x00, 0x00, 0x00, 0x00, 0x00, 0x00, 0x00, 0x00, 0x00, 0x00, 0x00, 0x00, 0x00, 0x00, 0x00, 0x00, 
0x00, 0x00, 0x00, 0x00, 0x00, 0x00, 0x00, 0x00, 0x00, 0x00, 0x00, 0x00, 0x00, 0x00, 0x00, 0x00, 
0x00, 0x00, 0x00, 0x00, 0x00, 0x00, 0x00, 0x00, 0x00, 0x00, 0x00, 0x00, 0x00, 0x00, 0x00, 0x00, 
0x00, 0x00, 0x00, 0x00, 0x00, 0x00, 0x1F, 0x5C, 0x63, 0x40, 0x00, 0x00, 0x00, 0x00, 0x00, 0x00, 
0x00, 0x00, 0x00, 0x00, 0x00, 0x00, 0x00, 0xE1, 0xFF, 0xFF, 0xF8, 0x01, 0x00, 0x00, 0x00, 0x00, 
0x00, 0x00, 0x00, 0x00, 0x00, 0x00, 0x00, 0x19, 0xFF, 0xFF, 0xFF, 0xCA, 0x00, 0x00, 0x00, 0x00, 
0x00, 0x00, 0x00, 0x00, 0x00, 0x00, 0x00, 0x00, 0x4C, 0xFF, 0xFF, 0xFF, 0x97, 0x00, 0x00, 0x00, 
0x00, 0x00, 0x00, 0x00, 0x00, 0x00, 0x00, 0x00, 0x00, 0x7F, 0xFF, 0xFF, 0xFF, 0x63, 0x00, 0x00, 
0x00, 0x00, 0x00, 0x00, 0x00, 0x00, 0x00, 0x00, 0x00, 0x00, 0xB2, 0xFF, 0xFF, 0xFF, 0x30, 0x00, 
0x00, 0x00, 0x00, 0x00, 0x00, 0x00, 0x00, 0x00, 0x00, 0x00, 0x00, 0xE5, 0xFF, 0xFF, 0xF8, 0x04, 
0x00, 0x00, 0x00, 0x00, 0x00, 0x00, 0x00, 0x00, 0x00, 0x00, 0x00, 0x18, 0xFF, 0xFF, 0xFF, 0xC9, 
0x00, 0x00, 0x00, 0x00, 0x00, 0x00, 0x00, 0x00, 0x00, 0x00, 0x00, 0x00, 0x4B, 0xFF, 0xFF, 0xFF, 
0x96, 0x00, 0x00, 0x00, 0x00, 0x00, 0x00, 0x00, 0x00, 0x00, 0x00, 0x00, 0x00, 0x7E, 0xFF, 0xFF, 
0xFF, 0x62, 0x00, 0x00, 0x00, 0x00, 0x00, 0x00, 0x00, 0x00, 0x00, 0x00, 0x00, 0x00, 0xB1, 0xFF, 
0xFF, 0xFF, 0x2F, 0x00, 0x00, 0x00, 0x00, 0x00, 0x00, 0x00, 0x00, 0x00, 0x00, 0x00, 0x00, 0xE4, 
0xFF, 0xFF, 0xF7, 0x04, 0x00, 0x00, 0x00, 0x00, 0x00, 0x00, 0x00, 0x00, 0x00, 0x00, 0x00, 0x17, 
0xFF, 0xFF, 0xFF, 0xC8, 0x00, 0x00, 0x00, 0x00, 0x00, 0x00, 0x00, 0x00, 0x00, 0x00, 0x00, 0x00, 
0x4A, 0xFF, 0xFF, 0xFF, 0x95, 0x00, 0x00, 0x00, 0x00, 0x00, 0x00, 0x00, 0x00, 0x00, 0x00, 0x00, 
0x00, 0x7D, 0xFF, 0xFF, 0xFF, 0x61, 0x00, 0x00, 0x00, 0x00, 0x00, 0x00, 0x00, 0x00, 0x00, 0x00, 
0x00, 0x00, 0xB0, 0xFF, 0xFF, 0xFF, 0x2E, 0x00, 0x00, 0x00, 0x00, 0x00, 0x00, 0x00, 0x00, 0x00, 
0x00, 0x00, 0x00, 0xE3, 0xFF, 0xFF, 0xF6, 0x04, 0x00, 0x00, 0x00, 0x00, 0x00, 0x00, 0x00, 0x00, 
0x00, 0x00, 0x00, 0x16, 0xFF, 0xFF, 0xFF, 0xC7, 0x00, 0x00, 0x00, 0x00, 0x00, 0x00, 0x00, 0x00, 
0x00, 0x00, 0x00, 0x00, 0x49, 0xFF, 0xFF, 0xFF, 0x93, 0x00, 0x00, 0x00, 0x00, 0x00, 0x00, 0x00, 
0x00, 0x00, 0x00, 0x00, 0x00, 0x7C, 0xFF, 0xFF, 0xFF, 0x60, 0x00, 0x00, 0x00, 0x00, 0x00, 0x00, 
0x00, 0x00, 0x00, 0x00, 0x00, 0x00, 0xAF, 0xFF, 0xFF, 0xFF, 0x2D, 0x00, 0x00, 0x00, 0x00, 0x00, 
0x00, 0x00, 0x00, 0x00, 0x00, 0x00, 0x00, 0xE2, 0xFF, 0xFF, 0xF6, 0x03, 0x00, 0x00, 0x00, 0x00, 
0x00, 0x00, 0x00, 0x00, 0x00, 0x00, 0x00, 0x15, 0xFF, 0xFF, 0xFF, 0xC6, 0x00, 0x00, 0x00, 0x00, 
0x00, 0x00, 0x00, 0x00, 0x00, 0x00, 0x00, 0x00, 0x48, 0xFF, 0xFF, 0xFF, 0x92, 0x00, 0x00, 0x00, 
0x00, 0x00, 0x00, 0x00, 0x00, 0x00, 0x00, 0x00, 0x00, 0x83, 0xFF, 0xFF, 0xFF, 0x59, 0x00, 0x00, 
0x00, 0x00, 0x00, 0x00, 0x00, 0x00, 0x00, 0x00, 0x00, 0x00, 0xCD, 0xFF, 0xFF, 0xFF, 0x1B, 0x00, 
0x00, 0x00, 0x00, 0x00, 0x00, 0x00, 0x00, 0x00, 0x00, 0x00, 0x39, 0xFF, 0xFF, 0xFF, 0xC8, 0x00, 
0x00, 0x00, 0x00, 0x00, 0x00, 0x00, 0x00, 0x00, 0x00, 0x00, 0x24, 0xDB, 0xFF, 0xFF, 0xFF, 0x63, 
0x00, 0x00, 0x00, 0x00, 0x00, 0x00, 0x00, 0x20, 0xCD, 0xC3, 0xDA, 0xFD, 0xFF, 0xFF, 0xFF, 0xD6, 
0x05, 0x00, 0x00, 0x00, 0x00, 0x00, 0x00, 0x00, 0x75, 0xFF, 0xFF, 0xFF, 0xFF, 0xFF, 0xFF, 0xED, 
0x2D, 0x00, 0x00, 0x00, 0x00, 0x00, 0x00, 0x00, 0x00, 0x97, 0xFF, 0xFF, 0xFF, 0xFF, 0xFF, 0xBF, 
0x26, 0x00, 0x00, 0x00, 0x00, 0x00, 0x00, 0x00, 0x00, 0x00, 0x1C, 0x6E, 0x8A, 0x85, 0x6C, 0x2B, 
0x00, 0x00, 0x00, 0x00, 0x00, 0x00, 0x00, 0x00, 0x00, 0x00, 0x00, 0x00, 0x00, 0x00, 0x00, 0x00, 
0x00, 0x09, 0x81, 0xA3, 0x9E, 0x45, 0x00, 0x00, 0x00, 0x00, 0x00, 0x00, 0x00, 0x00, 0x00, 0x00, 
0x00, 0x00, 0x00, 0x00, 0x00, 0x00, 0x00, 0x50, 0xFF, 0xFF, 0xFF, 0x8A, 0x00, 0x00, 0x00, 0x00, 
0x00, 0x00, 0x00, 0x00, 0x00, 0x00, 0x00, 0x00, 0x00, 0x00, 0x00, 0x00, 0x00, 0x84, 0xFF, 0xFF, 
0xFF, 0x57, 0x00, 0x00, 0x00, 0x00, 0x00, 0x00, 0x00, 0x00, 0x00, 0x00, 0x00, 0x00, 0x00, 0x00, 
0x00, 0x00, 0x00, 0xB7, 0xFF, 0xFF, 0xFF, 0x24, 0x00, 0x00, 0x00, 0x00, 0x00, 0x00, 0x00, 0x00, 
0x00, 0x00, 0x00, 0x00, 0x00, 0x00, 0x00, 0x00, 0x00, 0xEA, 0xFF, 0xFF, 0xF0, 0x01, 0x00, 0x00, 
0x00, 0x00, 0x00, 0x00, 0x00, 0x00, 0x00, 0x00, 0x00, 0x00, 0x00, 0x00, 0x00, 0x00, 0x1E, 0xFF, 
0xFF, 0xFF, 0xBE, 0x00, 0x00, 0x00, 0x00, 0x00, 0x00, 0x00, 0x00, 0x00, 0x00, 0x00, 0x00, 0x00, 
0x00, 0x00, 0x00, 0x00, 0x51, 0xFF, 0xFF, 0xFF, 0x8A, 0x00, 0x00, 0x00, 0x00, 0x00, 0x00, 0x00, 
0x00, 0x00, 0x00, 0x00, 0x00, 0x00, 0x00, 0x00, 0x00, 0x00, 0x84, 0xFF, 0xFF, 0xFF, 0x57, 0x00, 
0x00, 0x00, 0x00, 0x00, 0x00, 0x00, 0x00, 0x00, 0x00, 0x00, 0x00, 0x00, 0x00, 0x00, 0x00, 0x00, 
0xB8, 0xFF, 0xFF, 0xFF, 0x24, 0x00, 0x00, 0x00, 0x00, 0x00, 0x00, 0x00, 0x00, 0x00, 0x00, 0x00, 
0x00, 0x00, 0x00, 0x00, 0x00, 0x00, 0xEA, 0xFF, 0xFF, 0xF0, 0x01, 0x00, 0x00, 0x00, 0x00, 0x00, 
0x00, 0x00, 0x00, 0x00, 0x00, 0x00, 0x00, 0x00, 0x00, 0x00, 0x00, 0x1E, 0xFF, 0xFF, 0xFF, 0xBE, 
0x00, 0x00, 0x00, 0x00, 0x00, 0x00, 0x00, 0x00, 0x34, 0x60, 0x65, 0x4B, 0x02, 0x00, 0x00, 0x00, 
0x00, 0x51, 0xFF, 0xFF, 0xFF, 0x8B, 0x00, 0x00, 0x00, 0x00, 0x00, 0x00, 0x02, 0x94, 0xFF, 0xFF, 
0xFF, 0xFD, 0x19, 0x00, 0x00, 0x00, 0x00, 0x84, 0xFF, 0xFF, 0xFF, 0x58, 0x00, 0x00, 0x00, 0x00, 
0x00, 0x07, 0xAB, 0xFF, 0xFF, 0xFF, 0xFC, 0x65, 0x00, 0x00, 0x00, 0x00, 0x00, 0xB8, 0xFF, 0xFF, 
0xFF, 0x24, 0x00, 0x00, 0x00, 0x00, 0x0F, 0xBF, 0xFF, 0xFF, 0xFF, 0xF4, 0x4C, 0x00, 0x00, 0x00, 
0x00, 0x00, 0x00, 0xEA, 0xFF, 0xFF, 0xF0, 0x01, 0x00, 0x00, 0x00, 0x19, 0xD0, 0xFF, 0xFF, 0xFF, 
0xE4, 0x31, 0x00, 0x00, 0x00, 0x00, 0x00, 0x00, 0x1E, 0xFF, 0xFF, 0xFF, 0xBE, 0x00, 0x00, 0x00, 
0x25, 0xDF, 0xFF, 0xFF, 0xFF, 0xCF, 0x1B, 0x00, 0x00, 0x00, 0x00, 0x00, 0x00, 0x00, 0x51, 0xFF, 
0xFF, 0xFF, 0x8B, 0x00, 0x00, 0x35, 0xEA, 0xFF, 0xFF, 0xFF, 0xB3, 0x0C, 0x00, 0x00, 0x00, 0x00, 
0x00, 0x00, 0x00, 0x00, 0x85, 0xFF, 0xFF, 0xFF, 0x58, 0x00, 0x47, 0xF3, 0xFF, 0xFF, 0xFF, 0x92, 
0x03, 0x00, 0x00, 0x00, 0x00, 0x00, 0x00, 0x00, 0x00, 0x00, 0xB8, 0xFF, 0xFF, 0xFF, 0x25, 0x5C, 
0xFA, 0xFF, 0xFF, 0xFC, 0x6E, 0x00, 0x00, 0x00, 0x00, 0x00, 0x00, 0x00, 0x00, 0x00, 0x00, 0x00, 
0xEA, 0xFF, 0xFF, 0xF0, 0x74, 0xFE, 0xFF, 0xFF, 0xF3, 0x4C, 0x00, 0x00, 0x00, 0x00, 0x00, 0x00, 
0x00, 0x00, 0x00, 0x00, 0x00, 0x1E, 0xFF, 0xFF, 0xFF, 0xF4, 0xFF, 0xFF, 0xFF, 0xFF, 0x46, 0x00, 
0x00, 0x00, 0x00, 0x00, 0x00, 0x00, 0x00, 0x00, 0x00, 0x00, 0x00, 0x52, 0xFF, 0xFF, 0xFF, 0x92, 
0xD1, 0xFF, 0xFF, 0xFF, 0x9F, 0x00, 0x00, 0x00, 0x00, 0x00, 0x00, 0x00, 0x00, 0x00, 0x00, 0x00, 
0x00, 0x85, 0xFF, 0xFF, 0xFF, 0x5C, 0x41, 0xFF, 0xFF, 0xFF, 0xFE, 0x38, 0x00, 0x00, 0x00, 0x00, 
0x00, 0x00, 0x00, 0x00, 0x00, 0x00, 0x00, 0xB8, 0xFF, 0xFF, 0xFF, 0x29, 0x00, 0xAD, 0xFF, 0xFF, 
0xFF, 0xCD, 0x02, 0x00, 0x00, 0x00, 0x00, 0x00, 0x00, 0x00, 0x00, 0x00, 0x00, 0xEB, 0xFF, 0xFF, 
0xF4, 0x02, 0x00, 0x20, 0xF7, 0xFF, 0xFF, 0xFF, 0x68, 0x00, 0x00, 0x00, 0x00, 0x00, 0x00, 0x00, 
0x00, 0x00, 0x1E, 0xFF, 0xFF, 0xFF, 0xC3, 0x00, 0x00, 0x00, 0x85, 0xFF, 0xFF, 0xFF, 0xED, 0x13, 
0x00, 0x00, 0x00, 0x00, 0x00, 0x00, 0x00, 0x00, 0x52, 0xFF, 0xFF, 0xFF, 0x90, 0x00, 0x00, 0x00, 
0x0B, 0xE5, 0xFF, 0xFF, 0xFF, 0x98, 0x00, 0x00, 0x00, 0x00, 0x00, 0x00, 0x00, 0x00, 0x85, 0xFF, 
0xFF, 0xFF, 0x5D, 0x00, 0x00, 0x00, 0x00, 0x5D, 0xFF, 0xFF, 0xFF, 0xFD, 0x33, 0x00, 0x00, 0x00, 
0x00, 0x00, 0x00, 0x00, 0xB8, 0xFF, 0xFF, 0xFF, 0x2A, 0x00, 0x00, 0x00, 0x00, 0x01, 0xC7, 0xFF, 
0xFF, 0xFF, 0xC7, 0x01, 0x00, 0x00, 0x00, 0x00, 0x00, 0x00, 0xEB, 0xFF, 0xFF, 0xF4, 0x02, 0x00, 
0x00, 0x00, 0x00, 0x00, 0x35, 0xFE, 0xFF, 0xFF, 0xFF, 0x61, 0x00, 0x00, 0x00, 0x00, 0x00, 0x1F, 
0xFF, 0xFF, 0xFF, 0xC4, 0x00, 0x00, 0x00, 0x00, 0x00, 0x00, 0x00, 0xA0, 0xFF, 0xFF, 0xFF, 0xE9, 
0x10, 0x00, 0x00, 0x00, 0x00, 0x52, 0xFF, 0xFF, 0xFF, 0x91, 0x00, 0x00, 0x00, 0x00, 0x00, 0x00, 
0x00, 0x19, 0xF3, 0xFF, 0xFF, 0xFF, 0x84, 0x00, 0x00, 0x00, 0x00, 0x6E, 0xFF, 0xFF, 0xFB, 0x4A, 
0x00, 0x00, 0x00, 0x00, 0x00, 0x00, 0x00, 0x00, 0x6F, 0xFF, 0xFF, 0xFF, 0xA6, 0x00, 0x00, 0x00, 
0x00, 0x00, 0x17, 0x20, 0x0A, 0x00, 0x00, 0x00, 0x00, 0x00, 0x00, 0x00, 0x00, 0x00, 0x00, 0x12, 
0x22, 0x18, 0x00, 0x00, 0x00, 0x00, 0x00, 0x00, 0x00, 0x00, 0x00, 0x00, 0x00, 0x09, 0x81, 0xA3, 
0x9E, 0x45, 0x00, 0x00, 0x00, 0x00, 0x00, 0x00, 0x50, 0xFF, 0xFF, 0xFF, 0x8A, 0x00, 0x00, 0x00, 
0x00, 0x00, 0x00, 0x84, 0xFF, 0xFF, 0xFF, 0x57, 0x00, 0x00, 0x00, 0x00, 0x00, 0x00, 0xB7, 0xFF, 
0xFF, 0xFF, 0x24, 0x00, 0x00, 0x00, 0x00, 0x00, 0x00, 0xE9, 0xFF, 0xFF, 0xF0, 0x01, 0x00, 0x00, 
0x00, 0x00, 0x00, 0x1D, 0xFF, 0xFF, 0xFF, 0xBE, 0x00, 0x00, 0x00, 0x00, 0x00, 0x00, 0x50, 0xFF, 
0xFF, 0xFF, 0x8B, 0x00, 0x00, 0x00, 0x00, 0x00, 0x00, 0x83, 0xFF, 0xFF, 0xFF, 0x58, 0x00, 0x00, 
0x00, 0x00, 0x00, 0x00, 0xB6, 0xFF, 0xFF, 0xFF, 0x26, 0x00, 0x00, 0x00, 0x00, 0x00, 0x00, 0xE8, 
0xFF, 0xFF, 0xF1, 0x01, 0x00, 0x00, 0x00, 0x00, 0x00, 0x1C, 0xFF, 0xFF, 0xFF, 0xC0, 0x00, 0x00, 
0x00, 0x00, 0x00, 0x00, 0x4F, 0xFF, 0xFF, 0xFF, 0x8D, 0x00, 0x00, 0x00, 0x00, 0x00, 0x00, 0x81, 
0xFF, 0xFF, 0xFF, 0x5A, 0x00, 0x00, 0x00, 0x00, 0x00, 0x00, 0xB4, 0xFF, 0xFF, 0xFF, 0x27, 0x00, 
0x00, 0x00, 0x00, 0x00, 0x00, 0xE7, 0xFF, 0xFF, 0xF2, 0x01, 0x00, 0x00, 0x00, 0x00, 0x00, 0x1A, 
0xFF, 0xFF, 0xFF, 0xC1, 0x00, 0x00, 0x00, 0x00, 0x00, 0x00, 0x4D, 0xFF, 0xFF, 0xFF, 0x8E, 0x00, 
0x00, 0x00, 0x00, 0x00, 0x00, 0x80, 0xFF, 0xFF, 0xFF, 0x5B, 0x00, 0x00, 0x00, 0x00, 0x00, 0x00, 
0xB3, 0xFF, 0xFF, 0xFF, 0x28, 0x00, 0x00, 0x00, 0x00, 0x00, 0x00, 0xE6, 0xFF, 0xFF, 0xF3, 0x02, 
0x00, 0x00, 0x00, 0x00, 0x00, 0x19, 0xFF, 0xFF, 0xFF, 0xC2, 0x00, 0x00, 0x00, 0x00, 0x00, 0x00, 
0x4C, 0xFF, 0xFF, 0xFF, 0x8F, 0x00, 0x00, 0x00, 0x00, 0x00, 0x00, 0x7F, 0xFF, 0xFF, 0xFF, 0x5C, 
0x00, 0x00, 0x00, 0x00, 0x00, 0x00, 0xB2, 0xFF, 0xFF, 0xFF, 0x29, 0x00, 0x00, 0x00, 0x00, 0x00, 
0x00, 0xE5, 0xFF, 0xFF, 0xF4, 0x02, 0x00, 0x00, 0x00, 0x00, 0x00, 0x18, 0xFF, 0xFF, 0xFF, 0xC3, 
0x00, 0x00, 0x00, 0x00, 0x00, 0x00, 0x4B, 0xFF, 0xFF, 0xFF, 0x90, 0x00, 0x00, 0x00, 0x00, 0x00, 
0x00, 0x7E, 0xFF, 0xFF, 0xFF, 0x5D, 0x00, 0x00, 0x00, 0x00, 0x00, 0x00, 0xB1, 0xFF, 0xFF, 0xFF, 
0x2A, 0x00, 0x00, 0x00, 0x00, 0x00, 0x00, 0xE4, 0xFF, 0xFF, 0xF4, 0x02, 0x00, 0x00, 0x00, 0x00, 
0x00, 0x17, 0xFF, 0xFF, 0xFF, 0xC4, 0x00, 0x00, 0x00, 0x00, 0x00, 0x00, 0x4A, 0xFF, 0xFF, 0xFF, 
0x91, 0x00, 0x00, 0x00, 0x00, 0x00, 0x00, 0x68, 0xFF, 0xFF, 0xFB, 0x4A, 0x00, 0x00, 0x00, 0x00, 
0x00, 0x00, 0x00, 0x16, 0x20, 0x0B, 0x00, 0x00, 0x00, 0x00, 0x00, 0x00, 0x00, 0x00, 0x00, 0x00, 
0x00, 0x01, 0x4B, 0x65, 0x53, 0x02, 0x00, 0x00, 0x00, 0x21, 0x73, 0xA6, 0xB6, 0xA3, 0x68, 0x0D, 
0x00, 0x00, 0x00, 0x00, 0x00, 0x00, 0x01, 0x4A, 0x92, 0xB2, 0xAF, 0x8D, 0x3D, 0x00, 0x00, 0x00, 
0x00, 0x00, 0x00, 0x00, 0x44, 0xFF, 0xFF, 0xFF, 0x16, 0x00, 0x1C, 0xA7, 0xFD, 0xFF, 0xFF, 0xFF, 
0xFF, 0xFF, 0xEA, 0x3B, 0x00, 0x00, 0x00, 0x00, 0x4E, 0xD2, 0xFF, 0xFF, 0xFF, 0xFF, 0xFF, 0xFF, 
0xAB, 0x08, 0x00, 0x00, 0x00, 0x00, 0x00, 0x7A, 0xFF, 0xFF, 0xE6, 0x00, 0x4E, 0xF0, 0xFF, 0xFF, 
0xFF, 0xFF, 0xFF, 0xFF, 0xFF, 0xFF, 0xEB, 0x10, 0x00, 0x07, 0xA3, 0xFF, 0xFF, 0xFF, 0xFF, 0xFF, 
0xFF, 0xFF, 0xFF, 0xFF, 0x92, 0x00, 0x00, 0x00, 0x00, 0x00, 0xAD, 0xFF, 0xFF, 0xB4, 0x5A, 0xFC, 
0xFF, 0xFF, 0xF7, 0xB8, 0xA4, 0xDA, 0xFF, 0xFF, 0xFF, 0xFF, 0x66, 0x0D, 0xC3, 0xFF, 0xFF, 0xFF, 
0xDB, 0xA7, 0xB6, 0xF7, 0xFF, 0xFF, 0xFF, 0xF8, 0x11, 0x00, 0x00, 0x00, 0x00, 0xE1, 0xFF, 0xFF, 
0xB0, 0xF8, 0xFF, 0xFF, 0x96, 0x14, 0x00, 0x00, 0x06, 0xB9, 0xFF, 0xFF, 0xFF, 0x98, 0xAF, 0xFF, 
0xFF, 0xE3, 0x4D, 0x01, 0x00, 0x00, 0x3B, 0xFE, 0xFF, 0xFF, 0xFF, 0x49, 0x00, 0x00, 0x00, 0x14, 
0xFF, 0xFF, 0xFF, 0xFA, 0xFF, 0xFB, 0x5A, 0x00, 0x00, 0x00, 0x00, 0x00, 0x45, 0xFF, 0xFF, 0xFF, 
0xF4, 0xFF, 0xFF, 0xC8, 0x11, 0x00, 0x00, 0x00, 0x00, 0x00, 0xC1, 0xFF, 0xFF, 0xFF, 0x64, 0x00, 
0x00, 0x00, 0x47, 0xFF, 0xFF, 0xFF, 0xFF, 0xFF, 0x5F, 0x00, 0x00, 0x00, 0x00, 0x00, 0x00, 0x20, 
0xFF, 0xFF, 0xFF, 0xFF, 0xFF, 0xD5, 0x0E, 0x00, 0x00, 0x00, 0x00, 0x00, 0x00, 0x9B, 0xFF, 0xFF, 
0xFF, 0x63, 0x00, 0x00, 0x00, 0x7B, 0xFF, 0xFF, 0xFF, 0xFF, 0x98, 0x00, 0x00, 0x00, 0x00, 0x00, 
0x00, 0x00, 0x22, 0xFF, 0xFF, 0xFF, 0xFF, 0xF5, 0x27, 0x00, 0x00, 0x00, 0x00, 0x00, 0x00, 0x00, 
0x9D, 0xFF, 0xFF, 0xFF, 0x52, 0x00, 0x00, 0x00, 0xAE, 0xFF, 0xFF, 0xFF, 0xE9, 0x0F, 0x00, 0x00, 
0x00, 0x00, 0x00, 0x00, 0x00, 0x3D, 0xFF, 0xFF, 0xFF, 0xFF, 0x7C, 0x00, 0x00, 0x00, 0x00, 0x00, 
0x00, 0x00, 0x00, 0xB7, 0xFF, 0xFF, 0xFF, 0x2E, 0x00, 0x00, 0x00, 0xE1, 0xFF, 0xFF, 0xFF, 0x6E, 
0x00, 0x00, 0x00, 0x00, 0x00, 0x00, 0x00, 0x00, 0x67, 0xFF, 0xFF, 0xFF, 0xEA, 0x08, 0x00, 0x00, 
0x00, 0x00, 0x00, 0x00, 0x00, 0x00, 0xDF, 0xFF, 0xFF, 0xFA, 0x07, 0x00, 0x00, 0x15, 0xFF, 0xFF, 
0xFF, 0xF3, 0x0E, 0x00, 0x00, 0x00, 0x00, 0x00, 0x00, 0x00, 0x00, 0x99, 0xFF, 0xFF, 0xFF, 0x87, 
0x00, 0x00, 0x00, 0x00, 0x00, 0x00, 0x00, 0x00, 0x12, 0xFF, 0xFF, 0xFF, 0xCE, 0x00, 0x00, 0x00, 
0x48, 0xFF, 0xFF, 0xFF, 0xA9, 0x00, 0x00, 0x00, 0x00, 0x00, 0x00, 0x00, 0x00, 0x00, 0xCC, 0xFF, 
0xFF, 0xFF, 0x2E, 0x00, 0x00, 0x00, 0x00, 0x00, 0x00, 0x00, 0x00, 0x45, 0xFF, 0xFF, 0xFF, 0x9B, 
0x00, 0x00, 0x00, 0x7B, 0xFF, 0xFF, 0xFF, 0x64, 0x00, 0x00, 0x00, 0x00, 0x00, 0x00, 0x00, 0x00, 
0x06, 0xF9, 0xFF, 0xFF, 0xEB, 0x01, 0x00, 0x00, 0x00, 0x00, 0x00, 0x00, 0x00, 0x00, 0x78, 0xFF, 
0xFF, 0xFF, 0x68, 0x00, 0x00, 0x00, 0xAF, 0xFF, 0xFF, 0xFF, 0x29, 0x00, 0x00, 0x00, 0x00, 0x00, 
0x00, 0x00, 0x00, 0x32, 0xFF, 0xFF, 0xFF, 0xB1, 0x00, 0x00, 0x00, 0x00, 0x00, 0x00, 0x00, 0x00, 
0x00, 0xAC, 0xFF, 0xFF, 0xFF, 0x34, 0x00, 0x00, 0x00, 0xE2, 0xFF, 0xFF, 0xF4, 0x02, 0x00, 0x00, 
0x00, 0x00, 0x00, 0x00, 0x00, 0x00, 0x65, 0xFF, 0xFF, 0xFF, 0x7E, 0x00, 0x00, 0x00, 0x00, 0x00, 
0x00, 0x00, 0x00, 0x00, 0xDF, 0xFF, 0xFF, 0xFA, 0x07, 0x00, 0x00, 0x15, 0xFF, 0xFF, 0xFF, 0xC3, 
0x00, 0x00, 0x00, 0x00, 0x00, 0x00, 0x00, 0x00, 0x00, 0x98, 0xFF, 0xFF, 0xFF, 0x4B, 0x00, 0x00, 
0x00, 0x00, 0x00, 0x00, 0x00, 0x00, 0x12, 0xFF, 0xFF, 0xFF, 0xCE, 0x00, 0x00, 0x00, 0x49, 0xFF, 
0xFF, 0xFF, 0x90, 0x00, 0x00, 0x00, 0x00, 0x00, 0x00, 0x00, 0x00, 0x00, 0xCB, 0xFF, 0xFF, 0xFF, 
0x18, 0x00, 0x00, 0x00, 0x00, 0x00, 0x00, 0x00, 0x00, 0x45, 0xFF, 0xFF, 0xFF, 0x9A, 0x00, 0x00, 
0x00, 0x7C, 0xFF, 0xFF, 0xFF, 0x5D, 0x00, 0x00, 0x00, 0x00, 0x00, 0x00, 0x00, 0x00, 0x05, 0xF8, 
0xFF, 0xFF, 0xE5, 0x00, 0x00, 0x00, 0x00, 0x00, 0x00, 0x00, 0x00, 0x00, 0x79, 0xFF, 0xFF, 0xFF, 
0x67, 0x00, 0x00, 0x00, 0xB0, 0xFF, 0xFF, 0xFF, 0x2A, 0x00, 0x00, 0x00, 0x00, 0x00, 0x00, 0x00, 
0x00, 0x31, 0xFF, 0xFF, 0xFF, 0xB2, 0x00, 0x00, 0x00, 0x00, 0x00, 0x00, 0x00, 0x00, 0x00, 0xAC, 
0xFF, 0xFF, 0xFF, 0x34, 0x00, 0x00, 0x00, 0xE3, 0xFF, 0xFF, 0xF4, 0x02, 0x00, 0x00, 0x00, 0x00, 
0x00, 0x00, 0x00, 0x00, 0x64, 0xFF, 0xFF, 0xFF, 0x7F, 0x00, 0x00, 0x00, 0x00, 0x00, 0x00, 0x00, 
0x00, 0x00, 0xDF, 0xFF, 0xFF, 0xFA, 0x06, 0x00, 0x00, 0x16, 0xFF, 0xFF, 0xFF, 0xC4, 0x00, 0x00, 
0x00, 0x00, 0x00, 0x00, 0x00, 0x00, 0x00, 0x97, 0xFF, 0xFF, 0xFF, 0x4C, 0x00, 0x00, 0x00, 0x00, 
0x00, 0x00, 0x00, 0x00, 0x12, 0xFF, 0xFF, 0xFF, 0xCD, 0x00, 0x00, 0x00, 0x4A, 0xFF, 0xFF, 0xFF, 
0x91, 0x00, 0x00, 0x00, 0x00, 0x00, 0x00, 0x00, 0x00, 0x00, 0xCA, 0xFF, 0xFF, 0xFF, 0x19, 0x00, 
0x00, 0x00, 0x00, 0x00, 0x00, 0x00, 0x00, 0x46, 0xFF, 0xFF, 0xFF, 0x9A, 0x00, 0x00, 0x00, 0x68, 
0xFF, 0xFF, 0xFB, 0x4A, 0x00, 0x00, 0x00, 0x00, 0x00, 0x00, 0x00, 0x00, 0x00, 0xE4, 0xFF, 0xFF, 
0xCD, 0x00, 0x00, 0x00, 0x00, 0x00, 0x00, 0x00, 0x00, 0x00, 0x61, 0xFF, 0xFF, 0xFC, 0x52, 0x00, 
0x00, 0x00, 0x00, 0x16, 0x20, 0x0B, 0x00, 0x00, 0x00, 0x00, 0x00, 0x00, 0x00, 0x00, 0x00, 0x00, 
0x07, 0x1F, 0x1A, 0x00, 0x00, 0x00, 0x00, 0x00, 0x00, 0x00, 0x00, 0x00, 0x00, 0x00, 0x15, 0x20, 
0x0C, 0x00, 0x00, 0x00, 0x00, 0x00, 0x00, 0x00, 0x00, 0x01, 0x4B, 0x65, 0x53, 0x02, 0x00, 0x00, 
0x00, 0x1C, 0x6C, 0xA2, 0xB5, 0xA7, 0x75, 0x1B, 0x00, 0x00, 0x00, 0x00, 0x00, 0x00, 0x00, 0x44, 
0xFF, 0xFF, 0xFF, 0x16, 0x00, 0x1B, 0xA3, 0xFB, 0xFF, 0xFF, 0xFF, 0xFF, 0xFF, 0xF5, 0x5E, 0x00, 
0x00, 0x00, 0x00, 0x00, 0x00, 0x7A, 0xFF, 0xFF, 0xE6, 0x00, 0x4F, 0xF0, 0xFF, 0xFF, 0xFF, 0xFF, 
0xFF, 0xFF, 0xFF, 0xFF, 0xFD, 0x3B, 0x00, 0x00, 0x00, 0x00, 0x00, 0xAD, 0xFF, 0xFF, 0xB4, 0x5A, 
0xFD, 0xFF, 0xFF, 0xFB, 0xBE, 0xA2, 0xCC, 0xFF, 0xFF, 0xFF, 0xFF, 0xB6, 0x00, 0x00, 0x00, 0x00, 
0x00, 0xE1, 0xFF, 0xFF, 0xB0, 0xF8, 0xFF, 0xFF, 0x9E, 0x1A, 0x00, 0x00, 0x00, 0x8A, 0xFF, 0xFF, 
0xFF, 0xF6, 0x03, 0x00, 0x00, 0x00, 0x14, 0xFF, 0xFF, 0xFF, 0xFA, 0xFF, 0xFC, 0x5D, 0x00, 0x00, 
0x00, 0x00, 0x00, 0x0F, 0xFD, 0xFF, 0xFF, 0xFF, 0x17, 0x00, 0x00, 0x00, 0x47, 0xFF, 0xFF, 0xFF, 
0xFF, 0xFF, 0x5F, 0x00, 0x00, 0x00, 0x00, 0x00, 0x00, 0x00, 0xE5, 0xFF, 0xFF, 0xFF, 0x17, 0x00, 
0x00, 0x00, 0x7B, 0xFF, 0xFF, 0xFF, 0xFF, 0x9A, 0x00, 0x00, 0x00, 0x00, 0x00, 0x00, 0x00, 0x00, 
0xE5, 0xFF, 0xFF, 0xFF, 0x07, 0x00, 0x00, 0x00, 0xAE, 0xFF, 0xFF, 0xFF, 0xEB, 0x10, 0x00, 0x00, 
0x00, 0x00, 0x00, 0x00, 0x00, 0x05, 0xFB, 0xFF, 0xFF, 0xE4, 0x00, 0x00, 0x00, 0x00, 0xE1, 0xFF, 
0xFF, 0xFF, 0x71, 0x00, 0x00, 0x00, 0x00, 0x00, 0x00, 0x00, 0x00, 0x2B, 0xFF, 0xFF, 0xFF, 0xB9, 
0x00, 0x00, 0x00, 0x15, 0xFF, 0xFF, 0xFF, 0xF4, 0x0F, 0x00, 0x00, 0x00, 0x00, 0x00, 0x00, 0x00, 
0x00, 0x5D, 0xFF, 0xFF, 0xFF, 0x86, 0x00, 0x00, 0x00, 0x48, 0xFF, 0xFF, 0xFF, 0xAA, 0x00, 0x00, 
0x00, 0x00, 0x00, 0x00, 0x00, 0x00, 0x00, 0x90, 0xFF, 0xFF, 0xFF, 0x52, 0x00, 0x00, 0x00, 0x7B, 
0xFF, 0xFF, 0xFF, 0x64, 0x00, 0x00, 0x00, 0x00, 0x00, 0x00, 0x00, 0x00, 0x00, 0xC3, 0xFF, 0xFF, 
0xFF, 0x1F, 0x00, 0x00, 0x00, 0xAF, 0xFF, 0xFF, 0xFF, 0x29, 0x00, 0x00, 0x00, 0x00, 0x00, 0x00, 
0x00, 0x00, 0x02, 0xF3, 0xFF, 0xFF, 0xEB, 0x00, 0x00, 0x00, 0x00, 0xE2, 0xFF, 0xFF, 0xF4, 0x02, 
0x00, 0x00, 0x00, 0x00, 0x00, 0x00, 0x00, 0x00, 0x29, 0xFF, 0xFF, 0xFF, 0xB7, 0x00, 0x00, 0x00, 
0x15, 0xFF, 0xFF, 0xFF, 0xC3, 0x00, 0x00, 0x00, 0x00, 0x00, 0x00, 0x00, 0x00, 0x00, 0x5C, 0xFF, 
0xFF, 0xFF, 0x84, 0x00, 0x00, 0x00, 0x49, 0xFF, 0xFF, 0xFF, 0x90, 0x00, 0x00, 0x00, 0x00, 0x00, 
0x00, 0x00, 0x00, 0x00, 0x8F, 0xFF, 0xFF, 0xFF, 0x50, 0x00, 0x00, 0x00, 0x7C, 0xFF, 0xFF, 0xFF, 
0x5D, 0x00, 0x00, 0x00, 0x00, 0x00, 0x00, 0x00, 0x00, 0x00, 0xC2, 0xFF, 0xFF, 0xFF, 0x1D, 0x00, 
0x00, 0x00, 0xB0, 0xFF, 0xFF, 0xFF, 0x2A, 0x00, 0x00, 0x00, 0x00, 0x00, 0x00, 0x00, 0x00, 0x02, 
0xF3, 0xFF, 0xFF, 0xE9, 0x00, 0x00, 0x00, 0x00, 0xE3, 0xFF, 0xFF, 0xF4, 0x02, 0x00, 0x00, 0x00, 
0x00, 0x00, 0x00, 0x00, 0x00, 0x28, 0xFF, 0xFF, 0xFF, 0xB5, 0x00, 0x00, 0x00, 0x16, 0xFF, 0xFF, 
0xFF, 0xC4, 0x00, 0x00, 0x00, 0x00, 0x00, 0x00, 0x00, 0x00, 0x00, 0x5B, 0xFF, 0xFF, 0xFF, 0x82, 
0x00, 0x00, 0x00, 0x4A, 0xFF, 0xFF, 0xFF, 0x91, 0x00, 0x00, 0x00, 0x00, 0x00, 0x00, 0x00, 0x00, 
0x00, 0x8E, 0xFF, 0xFF, 0xFF, 0x4E, 0x00, 0x00, 0x00, 0x68, 0xFF, 0xFF, 0xFB, 0x4A, 0x00, 0x00, 
0x00, 0x00, 0x00, 0x00, 0x00, 0x00, 0x00, 0xA9, 0xFF, 0xFF, 0xEE, 0x15, 0x00, 0x00, 0x00, 0x00, 
0x16, 0x20, 0x0B, 0x00, 0x00, 0x00, 0x00, 0x00, 0x00, 0x00, 0x00, 0x00, 0x00, 0x02, 0x1D, 0x1E, 
0x04, 0x00, 0x00, 0x00, 0x00, 0x00, 0x00, 0x00, 0x00, 0x00, 0x00, 0x00, 0x00, 0x00, 0x1B, 0x5E, 
0x94, 0xAA, 0xB7, 0xA8, 0x91, 0x5A, 0x15, 0x00, 0x00, 0x00, 0x00, 0x00, 0x00, 0x00, 0x00, 0x00, 
0x00, 0x00, 0x2F, 0xAD, 0xFD, 0xFF, 0xFF, 0xFF, 0xFF, 0xFF, 0xFF, 0xFF, 0xF8, 0x96, 0x0C, 0x00, 
0x00, 0x00, 0x00, 0x00, 0x00, 0x00, 0x01, 0x80, 0xFB, 0xFF, 0xFF, 0xFF, 0xFF, 0xFF, 0xFF, 0xFF, 
0xFF, 0xFF, 0xFF, 0xFF, 0xD7, 0x14, 0x00, 0x00, 0x00, 0x00, 0x00, 0x04, 0xA5, 0xFF, 0xFF, 0xFF, 
0xFF, 0xF4, 0xB0, 0x8D, 0x89, 0xAA, 0xEF, 0xFF, 0xFF, 0xFF, 0xFF, 0xB6, 0x00, 0x00, 0x00, 0x00, 
0x00, 0x90, 0xFF, 0xFF, 0xFF, 0xFD, 0x89, 0x0E, 0x00, 0x00, 0x00, 0x00, 0x0E, 0xA2, 0xFF, 0xFF, 
0xFF, 0xFF, 0x37, 0x00, 0x00, 0x00, 0x4E, 0xFF, 0xFF, 0xFF, 0xFC, 0x51, 0x00, 0x00, 0x00, 0x00, 
0x00, 0x00, 0x00, 0x03, 0xCF, 0xFF, 0xFF, 0xFF, 0x8A, 0x00, 0x00, 0x09, 0xE0, 0xFF, 0xFF, 0xFF, 
0x70, 0x00, 0x00, 0x00, 0x00, 0x00, 0x00, 0x00, 0x00, 0x00, 0x6F, 0xFF, 0xFF, 0xFF, 0xC1, 0x00, 
0x00, 0x6E, 0xFF, 0xFF, 0xFF, 0xCB, 0x01, 0x00, 0x00, 0x00, 0x00, 0x00, 0x00, 0x00, 0x00, 0x00, 
0x4C, 0xFF, 0xFF, 0xFF, 0xD9, 0x00, 0x01, 0xE0, 0xFF, 0xFF, 0xFF, 0x54, 0x00, 0x00, 0x00, 0x00, 
0x00, 0x00, 0x00, 0x00, 0x00, 0x00, 0x32, 0xFF, 0xFF, 0xFF, 0xE3, 0x00, 0x3D, 0xFF, 0xFF, 0xFF, 
0xDE, 0x02, 0x00, 0x00, 0x00, 0x00, 0x00, 0x00, 0x00, 0x00, 0x00, 0x00, 0x40, 0xFF, 0xFF, 0xFF, 
0xD9, 0x00, 0x89, 0xFF, 0xFF, 0xFF, 0x91, 0x00, 0x00, 0x00, 0x00, 0x00, 0x00, 0x00, 0x00, 0x00, 
0x00, 0x00, 0x55, 0xFF, 0xFF, 0xFF, 0xC2, 0x00, 0xC5, 0xFF, 0xFF, 0xFF, 0x54, 0x00, 0x00, 0x00, 
0x00, 0x00, 0x00, 0x00, 0x00, 0x00, 0x00, 0x00, 0x77, 0xFF, 0xFF, 0xFF, 0x9F, 0x00, 0xF1, 0xFF, 
0xFF, 0xFF, 0x1C, 0x00, 0x00, 0x00, 0x00, 0x00, 0x00, 0x00, 0x00, 0x00, 0x00, 0x00, 0xB4, 0xFF, 
0xFF, 0xFF, 0x6C, 0x11, 0xFF, 0xFF, 0xFF, 0xFF, 0x05, 0x00, 0x00, 0x00, 0x00, 0x00, 0x00, 0x00, 
0x00, 0x00, 0x00, 0x02, 0xEF, 0xFF, 0xFF, 0xFF, 0x2E, 0x22, 0xFF, 0xFF, 0xFF, 0xF0, 0x00, 0x00, 
0x00, 0x00, 0x00, 0x00, 0x00, 0x00, 0x00, 0x00, 0x00, 0x50, 0xFF, 0xFF, 0xFF, 0xDB, 0x00, 0x28, 
0xFF, 0xFF, 0xFF, 0xEE, 0x00, 0x00, 0x00, 0x00, 0x00, 0x00, 0x00, 0x00, 0x00, 0x00, 0x00, 0xC3, 
0xFF, 0xFF, 0xFF, 0x7D, 0x00, 0x19, 0xFF, 0xFF, 0xFF, 0xFF, 0x0C, 0x00, 0x00, 0x00, 0x00, 0x00, 
0x00, 0x00, 0x00, 0x00, 0x42, 0xFF, 0xFF, 0xFF, 0xF4, 0x12, 0x00, 0x04, 0xF6, 0xFF, 0xFF, 0xFF, 
0x3C, 0x00, 0x00, 0x00, 0x00, 0x00, 0x00, 0x00, 0x00, 0x14, 0xDF, 0xFF, 0xFF, 0xFF, 0x7A, 0x00, 
0x00, 0x00, 0xC0, 0xFF, 0xFF, 0xFF, 0xB7, 0x01, 0x00, 0x00, 0x00, 0x00, 0x00, 0x00, 0x19, 0xCC, 
0xFF, 0xFF, 0xFF, 0xD0, 0x06, 0x00, 0x00, 0x00, 0x5E, 0xFF, 0xFF, 0xFF, 0xFF, 0xAC, 0x20, 0x00, 
0x00, 0x00, 0x0E, 0x69, 0xE9, 0xFF, 0xFF, 0xFF, 0xEB, 0x20, 0x00, 0x00, 0x00, 0x00, 0x04, 0xC7, 
0xFF, 0xFF, 0xFF, 0xFF, 0xFF, 0xDE, 0xC9, 0xD6, 0xF9, 0xFF, 0xFF, 0xFF, 0xFF, 0xE4, 0x2B, 0x00, 
0x00, 0x00, 0x00, 0x00, 0x00, 0x1A, 0xCD, 0xFF, 0xFF, 0xFF, 0xFF, 0xFF, 0xFF, 0xFF, 0xFF, 0xFF, 
0xFF, 0xFF, 0xB1, 0x19, 0x00, 0x00, 0x00, 0x00, 0x00, 0x00, 0x00, 0x00, 0x08, 0x75, 0xE1, 0xFF, 
0xFF, 0xFF, 0xFF, 0xFF, 0xFF, 0xF9, 0xB4, 0x42, 0x00, 0x00, 0x00, 0x00, 0x00, 0x00, 0x00, 0x00, 
0x00, 0x00, 0x00, 0x00, 0x00, 0x24, 0x53, 0x66, 0x6F, 0x5E, 0x41, 0x0A, 0x00, 0x00, 0x00, 0x00, 
0x00, 0x00, 0x00, 0x00, 0x00, 0x00, 0x00, 0x00, 0x00, 0x00, 0x00, 0x01, 0x47, 0x64, 0x56, 0x04, 
0x00, 0x00, 0x00, 0x1D, 0x6D, 0xA3, 0xB5, 0xA4, 0x76, 0x1E, 0x00, 0x00, 0x00, 0x00, 0x00, 0x00, 
0x00, 0x00, 0x00, 0x44, 0xFF, 0xFF, 0xFF, 0x22, 0x00, 0x1B, 0xA4, 0xFC, 0xFF, 0xFF, 0xFF, 0xFF, 
0xFF, 0xF8, 0x73, 0x00, 0x00, 0x00, 0x00, 0x00, 0x00, 0x00, 0x00, 0x7A, 0xFF, 0xFF, 0xF1, 0x01, 
0x4D, 0xF0, 0xFF, 0xFF, 0xFF, 0xFF, 0xFF, 0xFF, 0xFF, 0xFF, 0xFF, 0x6C, 0x00, 0x00, 0x00, 0x00, 
0x00, 0x00, 0x00, 0xAE, 0xFF, 0xFF, 0xBF, 0x57, 0xFC, 0xFF, 0xFF, 0xFB, 0xBF, 0xA0, 0xBC, 0xFD, 
0xFF, 0xFF, 0xFF, 0xF3, 0x14, 0x00, 0x00, 0x00, 0x00, 0x00, 0x00, 0xE1, 0xFF, 0xFF, 0xB7, 0xF7, 
0xFF, 0xFF, 0x9C, 0x19, 0x00, 0x00, 0x00, 0x44, 0xFB, 0xFF, 0xFF, 0xFF, 0x67, 0x00, 0x00, 0x00, 
0x00, 0x00, 0x15, 0xFF, 0xFF, 0xFF, 0xFB, 0xFF, 0xFB, 0x59, 0x00, 0x00, 0x00, 0x00, 0x00, 0x00, 
0xAD, 0xFF, 0xFF, 0xFF, 0xA5, 0x00, 0x00, 0x00, 0x00, 0x00, 0x49, 0xFF, 0xFF, 0xFF, 0xFF, 0xFF, 
0x5C, 0x00, 0x00, 0x00, 0x00, 0x00, 0x00, 0x00, 0x5B, 0xFF, 0xFF, 0xFF, 0xCA, 0x00, 0x00, 0x00, 
0x00, 0x00, 0x7C, 0xFF, 0xFF, 0xFF, 0xFF, 0x96, 0x00, 0x00, 0x00, 0x00, 0x00, 0x00, 0x00, 0x00, 
0x3E, 0xFF, 0xFF, 0xFF, 0xDA, 0x00, 0x00, 0x00, 0x00, 0x00, 0xB0, 0xFF, 0xFF, 0xFF, 0xE7, 0x0E, 
0x00, 0x00, 0x00, 0x00, 0x00, 0x00, 0x00, 0x00, 0x33, 0xFF, 0xFF, 0xFF, 0xD8, 0x00, 0x00, 0x00, 
0x00, 0x00, 0xE3, 0xFF, 0xFF, 0xFF, 0x6A, 0x00, 0x00, 0x00, 0x00, 0x00, 0x00, 0x00, 0x00, 0x00, 
0x48, 0xFF, 0xFF, 0xFF, 0xC8, 0x00, 0x00, 0x00, 0x00, 0x16, 0xFF, 0xFF, 0xFF, 0xF1, 0x0C, 0x00, 
0x00, 0x00, 0x00, 0x00, 0x00, 0x00, 0x00, 0x00, 0x5F, 0xFF, 0xFF, 0xFF, 0xAA, 0x00, 0x00, 0x00, 
0x00, 0x4A, 0xFF, 0xFF, 0xFF, 0xA4, 0x00, 0x00, 0x00, 0x00, 0x00, 0x00, 0x00, 0x00, 0x00, 0x00, 
0x91, 0xFF, 0xFF, 0xFF, 0x81, 0x00, 0x00, 0x00, 0x00, 0x7E, 0xFF, 0xFF, 0xFF, 0x62, 0x00, 0x00, 
0x00, 0x00, 0x00, 0x00, 0x00, 0x00, 0x00, 0x00, 0xC7, 0xFF, 0xFF, 0xFF, 0x4F, 0x00, 0x00, 0x00, 
0x00, 0xB1, 0xFF, 0xFF, 0xFF, 0x26, 0x00, 0x00, 0x00, 0x00, 0x00, 0x00, 0x00, 0x00, 0x00, 0x11, 
0xF9, 0xFF, 0xFF, 0xFC, 0x10, 0x00, 0x00, 0x00, 0x00, 0xE5, 0xFF, 0xFF, 0xF1, 0x01, 0x00, 0x00, 
0x00, 0x00, 0x00, 0x00, 0x00, 0x00, 0x00, 0x68, 0xFF, 0xFF, 0xFF, 0xBF, 0x00, 0x00, 0x00, 0x00, 
0x18, 0xFF, 0xFF, 0xFF, 0xBF, 0x00, 0x00, 0x00, 0x00, 0x00, 0x00, 0x00, 0x00, 0x00, 0x00, 0xC8, 
0xFF, 0xFF, 0xFF, 0x61, 0x00, 0x00, 0x00, 0x00, 0x4C, 0xFF, 0xFF, 0xFF, 0x8D, 0x00, 0x00, 0x00, 
0x00, 0x00, 0x00, 0x00, 0x00, 0x00, 0x53, 0xFF, 0xFF, 0xFF, 0xEB, 0x0B, 0x00, 0x00, 0x00, 0x00, 
0x80, 0xFF, 0xFF, 0xFF, 0xE2, 0x15, 0x00, 0x00, 0x00, 0x00, 0x00, 0x00, 0x00, 0x0C, 0xE3, 0xFF, 
0xFF, 0xFF, 0x7B, 0x00, 0x00, 0x00, 0x00, 0x00, 0xB3, 0xFF, 0xFF, 0xFF, 0xFF, 0xC8, 0x15, 0x00, 
0x00, 0x00, 0x00, 0x00, 0x06, 0xB4, 0xFF, 0xFF, 0xFF, 0xDC, 0x09, 0x00, 0x00, 0x00, 0x00, 0x00, 
0xE6, 0xFF, 0xFF, 0xFF, 0xFF, 0xFF, 0xE0, 0x5F, 0x08, 0x00, 0x00, 0x41, 0xCD, 0xFF, 0xFF, 0xFF, 
0xF9, 0x3C, 0x00, 0x00, 0x00, 0x00, 0x00, 0x1A, 0xFF, 0xFF, 0xFF, 0xED, 0xFF, 0xFF, 0xFF, 0xFF, 
0xFD, 0xE5, 0xF4, 0xFF, 0xFF, 0xFF, 0xFF, 0xFC, 0x5C, 0x00, 0x00, 0x00, 0x00, 0x00, 0x00, 0x4E, 
0xFF, 0xFF, 0xFF, 0x89, 0x70, 0xFD, 0xFF, 0xFF, 0xFF, 0xFF, 0xFF, 0xFF, 0xFF, 0xFF, 0xF0, 0x4B, 
0x00, 0x00, 0x00, 0x00, 0x00, 0x00, 0x00, 0x81, 0xFF, 0xFF, 0xFF, 0x56, 0x00, 0x3A, 0xC8, 0xFF, 
0xFF, 0xFF, 0xFF, 0xFF, 0xF1, 0x97, 0x16, 0x00, 0x00, 0x00, 0x00, 0x00, 0x00, 0x00, 0x00, 0xB5, 
0xFF, 0xFF, 0xFF, 0x23, 0x00, 0x00, 0x00, 0x26, 0x54, 0x6C, 0x5F, 0x42, 0x07, 0x00, 0x00, 0x00, 
0x00, 0x00, 0x00, 0x00, 0x00, 0x00, 0x00, 0xE8, 0xFF, 0xFF, 0xF0, 0x01, 0x00, 0x00, 0x00, 0x00, 
0x00, 0x00, 0x00, 0x00, 0x00, 0x00, 0x00, 0x00, 0x00, 0x00, 0x00, 0x00, 0x00, 0x00, 0x1C, 0xFF, 
0xFF, 0xFF, 0xBE, 0x00, 0x00, 0x00, 0x00, 0x00, 0x00, 0x00, 0x00, 0x00, 0x00, 0x00, 0x00, 0x00, 
0x00, 0x00, 0x00, 0x00, 0x00, 0x00, 0x50, 0xFF, 0xFF, 0xFF, 0x8C, 0x00, 0x00, 0x00, 0x00, 0x00, 
0x00, 0x00, 0x00, 0x00, 0x00, 0x00, 0x00, 0x00, 0x00, 0x00, 0x00, 0x00, 0x00, 0x00, 0x83, 0xFF, 
0xFF, 0xFF, 0x59, 0x00, 0x00, 0x00, 0x00, 0x00, 0x00, 0x00, 0x00, 0x00, 0x00, 0x00, 0x00, 0x00, 
0x00, 0x00, 0x00, 0x00, 0x00, 0x00, 0xB7, 0xFF, 0xFF, 0xFF, 0x27, 0x00, 0x00, 0x00, 0x00, 0x00, 
0x00, 0x00, 0x00, 0x00, 0x00, 0x00, 0x00, 0x00, 0x00, 0x00, 0x00, 0x00, 0x00, 0x00, 0xEA, 0xFF, 
0xFF, 0xF2, 0x01, 0x00, 0x00, 0x00, 0x00, 0x00, 0x00, 0x00, 0x00, 0x00, 0x00, 0x00, 0x00, 0x00, 
0x00, 0x00, 0x00, 0x00, 0x00, 0x1B, 0xFF, 0xFF, 0xFF, 0xC0, 0x00, 0x00, 0x00, 0x00, 0x00, 0x00, 
0x00, 0x00, 0x00, 0x00, 0x00, 0x00, 0x00, 0x00, 0x00, 0x00, 0x00, 0x00, 0x00, 0x06, 0x6B, 0x84, 
0x79, 0x28, 0x00, 0x00, 0x00, 0x00, 0x00, 0x00, 0x00, 0x00, 0x00, 0x00, 0x00, 0x00, 0x00, 0x00, 
0x00, 0x00, 0x00, 0x00, 0x00, 0x00, 0x00, 0x00, 0x00, 0x00, 0x00, 0x00, 0x00, 0x08, 0x52, 0x92, 
0xAC, 0xB0, 0x95, 0x57, 0x07, 0x00, 0x00, 0x00, 0x46, 0x6B, 0x5C, 0x07, 0x00, 0x00, 0x00, 0x00, 
0x00, 0x00, 0x03, 0x6C, 0xEE, 0xFF, 0xFF, 0xFF, 0xFF, 0xFF, 0xFF, 0xE8, 0x4E, 0x00, 0x3F, 0xFF, 
0xFF, 0xFF, 0x32, 0x00, 0x00, 0x00, 0x00, 0x00, 0x0D, 0xB9, 0xFF, 0xFF, 0xFF, 0xFF, 0xFF, 0xFF, 
0xFF, 0xFF, 0xFF, 0xFF, 0x75, 0x78, 0xFF, 0xFF, 0xFA, 0x07, 0x00, 0x00, 0x00, 0x00, 0x08, 0xC7, 
0xFF, 0xFF, 0xFF, 0xFF, 0xE0, 0xAB, 0xA7, 0xD1, 0xFF, 0xFF, 0xFF, 0xFF, 0xE6, 0xFF, 0xFF, 0xCF, 
0x00, 0x00, 0x00, 0x00, 0x00, 0x9F, 0xFF, 0xFF, 0xFF, 0xF3, 0x61, 0x02, 0x00, 0x00, 0x00, 0x37, 
0xD3, 0xFF, 0xFF, 0xFF, 0xFF, 0xFF, 0x9C, 0x00, 0x00, 0x00, 0x00, 0x44, 0xFF, 0xFF, 0xFF, 0xF7, 
0x3D, 0x00, 0x00, 0x00, 0x00, 0x00, 0x00, 0x0C, 0xC1, 0xFF, 0xFF, 0xFF, 0xFF, 0x69, 0x00, 0x00, 
0x00, 0x01, 0xD1, 0xFF, 0xFF, 0xFF, 0x73, 0x00, 0x00, 0x00, 0x00, 0x00, 0x00, 0x00, 0x00, 0x14, 
0xE3, 0xFF, 0xFF, 0xFF, 0x36, 0x00, 0x00, 0x00, 0x4A, 0xFF, 0xFF, 0xFF, 0xDC, 0x04, 0x00, 0x00, 
0x00, 0x00, 0x00, 0x00, 0x00, 0x00, 0x00, 0xD4, 0xFF, 0xFF, 0xFB, 0x08, 0x00, 0x00, 0x00, 0xB2, 
0xFF, 0xFF, 0xFF, 0x6C, 0x00, 0x00, 0x00, 0x00, 0x00, 0x00, 0x00, 0x00, 0x00, 0x0B, 0xFC, 0xFF, 
0xFF, 0xD0, 0x00, 0x00, 0x00, 0x13, 0xFB, 0xFF, 0xFF, 0xFB, 0x15, 0x00, 0x00, 0x00, 0x00, 0x00, 
0x00, 0x00, 0x00, 0x00, 0x3D, 0xFF, 0xFF, 0xFF, 0x9D, 0x00, 0x00, 0x00, 0x58, 0xFF, 0xFF, 0xFF, 
0xB8, 0x00, 0x00, 0x00, 0x00, 0x00, 0x00, 0x00, 0x00, 0x00, 0x00, 0x73, 0xFF, 0xFF, 0xFF, 0x6A, 
0x00, 0x00, 0x00, 0x97, 0xFF, 0xFF, 0xFF, 0x79, 0x00, 0x00, 0x00, 0x00, 0x00, 0x00, 0x00, 0x00, 
0x00, 0x00, 0xB5, 0xFF, 0xFF, 0xFF, 0x37, 0x00, 0x00, 0x00, 0xC9, 0xFF, 0xFF, 0xFF, 0x48, 0x00, 
0x00, 0x00, 0x00, 0x00, 0x00, 0x00, 0x00, 0x00, 0x08, 0xF4, 0xFF, 0xFF, 0xFB, 0x08, 0x00, 0x00, 
0x00, 0xEE, 0xFF, 0xFF, 0xFF, 0x1A, 0x00, 0x00, 0x00, 0x00, 0x00, 0x00, 0x00, 0x00, 0x00, 0x61, 
0xFF, 0xFF, 0xFF, 0xD0, 0x00, 0x00, 0x00, 0x07, 0xFF, 0xFF, 0xFF, 0xFD, 0x02, 0x00, 0x00, 0x00, 
0x00, 0x00, 0x00, 0x00, 0x00, 0x02, 0xD0, 0xFF, 0xFF, 0xFF, 0x9D, 0x00, 0x00, 0x00, 0x14, 0xFF, 
0xFF, 0xFF, 0xF6, 0x00, 0x00, 0x00, 0x00, 0x00, 0x00, 0x00, 0x00, 0x00, 0x63, 0xFF, 0xFF, 0xFF, 
0xFF, 0x6A, 0x00, 0x00, 0x00, 0x0F, 0xFF, 0xFF, 0xFF, 0xFE, 0x03, 0x00, 0x00, 0x00, 0x00, 0x00, 
0x00, 0x00, 0x1F, 0xED, 0xFF, 0xFF, 0xFF, 0xFF, 0x37, 0x00, 0x00, 0x00, 0x02, 0xFA, 0xFF, 0xFF, 
0xFF, 0x29, 0x00, 0x00, 0x00, 0x00, 0x00, 0x00, 0x0F, 0xCC, 0xFF, 0xFF, 0xFF, 0xFF, 0xFB, 0x09, 
0x00, 0x00, 0x00, 0x00, 0xD1, 0xFF, 0xFF, 0xFF, 0x83, 0x00, 0x00, 0x00, 0x00, 0x00, 0x1D, 0xCC, 
0xFF, 0xFF, 0xF7, 0xFF, 0xFF, 0xD1, 0x00, 0x00, 0x00, 0x00, 0x00, 0x8A, 0xFF, 0xFF, 0xFF, 0xF9, 
0x5C, 0x02, 0x00, 0x13, 0x75, 0xF0, 0xFF, 0xFF, 0xB4, 0xF7, 0xFF, 0xFF, 0x9E, 0x00, 0x00, 0x00, 
0x00, 0x00, 0x24, 0xF9, 0xFF, 0xFF, 0xFF, 0xFF, 0xF1, 0xE7, 0xFE, 0xFF, 0xFF, 0xFF, 0xB9, 0x58, 
0xFF, 0xFF, 0xFF, 0x6B, 0x00, 0x00, 0x00, 0x00, 0x00, 0x00, 0x72, 0xFF, 0xFF, 0xFF, 0xFF, 0xFF, 
0xFF, 0xFF, 0xFF, 0xFD, 0x8F, 0x05, 0x96, 0xFF, 0xFF, 0xFF, 0x38, 0x00, 0x00, 0x00, 0x00, 0x00, 
0x00, 0x00, 0x5F, 0xE9, 0xFF, 0xFF, 0xFF, 0xFF, 0xFD, 0xA7, 0x28, 0x00, 0x00, 0xD4, 0xFF, 0xFF, 
0xFC, 0x09, 0x00, 0x00, 0x00, 0x00, 0x00, 0x00, 0x00, 0x00, 0x04, 0x3F, 0x64, 0x6C, 0x52, 0x15, 
0x00, 0x00, 0x00, 0x0C, 0xFD, 0xFF, 0xFF, 0xD2, 0x00, 0x00, 0x00, 0x00, 0x00, 0x00, 0x00, 0x00, 
0x00, 0x00, 0x00, 0x00, 0x00, 0x00, 0x00, 0x00, 0x00, 0x00, 0x3E, 0xFF, 0xFF, 0xFF, 0x9F, 0x00, 
0x00, 0x00, 0x00, 0x00, 0x00, 0x00, 0x00, 0x00, 0x00, 0x00, 0x00, 0x00, 0x00, 0x00, 0x00, 0x00, 
0x00, 0x72, 0xFF, 0xFF, 0xFF, 0x6C, 0x00, 0x00, 0x00, 0x00, 0x00, 0x00, 0x00, 0x00, 0x00, 0x00, 
0x00, 0x00, 0x00, 0x00, 0x00, 0x00, 0x00, 0x00, 0xA6, 0xFF, 0xFF, 0xFF, 0x39, 0x00, 0x00, 0x00, 
0x00, 0x00, 0x00, 0x00, 0x00, 0x00, 0x00, 0x00, 0x00, 0x00, 0x00, 0x00, 0x00, 0x00, 0x00, 0xDA, 
0xFF, 0xFF, 0xFC, 0x0A, 0x00, 0x00, 0x00, 0x00, 0x00, 0x00, 0x00, 0x00, 0x00, 0x00, 0x00, 0x00, 
0x00, 0x00, 0x00, 0x00, 0x00, 0x0F, 0xFE, 0xFF, 0xFF, 0xD3, 0x00, 0x00, 0x00, 0x00, 0x00, 0x00, 
0x00, 0x00, 0x00, 0x00, 0x00, 0x00, 0x00, 0x00, 0x00, 0x00, 0x00, 0x00, 0x42, 0xFF, 0xFF, 0xFF, 
0xA0, 0x00, 0x00, 0x00, 0x00, 0x00, 0x00, 0x00, 0x00, 0x00, 0x00, 0x00, 0x00, 0x00, 0x00, 0x00, 
0x00, 0x00, 0x00, 0x73, 0xFF, 0xFF, 0xFF, 0x6B, 0x00, 0x00, 0x00, 0x00, 0x00, 0x00, 0x00, 0x00, 
0x00, 0x00, 0x00, 0x00, 0x00, 0x00, 0x00, 0x00, 0x00, 0x00, 0x23, 0x7A, 0x84, 0x6A, 0x0A, 0x00, 
0x00, 0x00, 0x00, 0x00, 0x00, 0x00, 0x00, 0x00, 0x00, 0x02, 0x4C, 0x65, 0x53, 0x02, 0x00, 0x00, 
0x16, 0x77, 0xAF, 0xAF, 0x84, 0x23, 0x00, 0x00, 0x00, 0x00, 0x4F, 0xFF, 0xFF, 0xFF, 0x16, 0x00, 
0x6C, 0xF5, 0xFF, 0xFF, 0xFF, 0xFF, 0xA1, 0x00, 0x00, 0x00, 0x00, 0x85, 0xFF, 0xFF, 0xE6, 0x00, 
0x8B, 0xFF, 0xFF, 0xFF, 0xFF, 0xFF, 0xFF, 0x86, 0x00, 0x00, 0x00, 0x00, 0xB8, 0xFF, 0xFF, 0xB3, 
0x7E, 0xFF, 0xFF, 0xFF, 0xFF, 0xF5, 0xFF, 0xFF, 0x43, 0x00, 0x00, 0x00, 0x00, 0xEA, 0xFF, 0xFF, 
0xB5, 0xFB, 0xFF, 0xFE, 0x8E, 0x15, 0x00, 0x29, 0x62, 0x00, 0x00, 0x00, 0x00, 0x1E, 0xFF, 0xFF, 
0xFF, 0xFE, 0xFF, 0xFA, 0x51, 0x00, 0x00, 0x00, 0x00, 0x00, 0x00, 0x00, 0x00, 0x00, 0x50, 0xFF, 
0xFF, 0xFF, 0xFF, 0xFF, 0x5A, 0x00, 0x00, 0x00, 0x00, 0x00, 0x00, 0x00, 0x00, 0x00, 0x00, 0x83, 
0xFF, 0xFF, 0xFF, 0xFF, 0x9A, 0x00, 0x00, 0x00, 0x00, 0x00, 0x00, 0x00, 0x00, 0x00, 0x00, 0x00, 
0xB6, 0xFF, 0xFF, 0xFF, 0xEB, 0x0F, 0x00, 0x00, 0x00, 0x00, 0x00, 0x00, 0x00, 0x00, 0x00, 0x00, 
0x00, 0xE8, 0xFF, 0xFF, 0xFF, 0x70, 0x00, 0x00, 0x00, 0x00, 0x00, 0x00, 0x00, 0x00, 0x00, 0x00, 
0x00, 0x1C, 0xFF, 0xFF, 0xFF, 0xF4, 0x0E, 0x00, 0x00, 0x00, 0x00, 0x00, 0x00, 0x00, 0x00, 0x00, 
0x00, 0x00, 0x4E, 0xFF, 0xFF, 0xFF, 0xA7, 0x00, 0x00, 0x00, 0x00, 0x00, 0x00, 0x00, 0x00, 0x00, 
0x00, 0x00, 0x00, 0x81, 0xFF, 0xFF, 0xFF, 0x63, 0x00, 0x00, 0x00, 0x00, 0x00, 0x00, 0x00, 0x00, 
0x00, 0x00, 0x00, 0x00, 0xB4, 0xFF, 0xFF, 0xFF, 0x27, 0x00, 0x00, 0x00, 0x00, 0x00, 0x00, 0x00, 
0x00, 0x00, 0x00, 0x00, 0x00, 0xE7, 0xFF, 0xFF, 0xF2, 0x01, 0x00, 0x00, 0x00, 0x00, 0x00, 0x00, 
0x00, 0x00, 0x00, 0x00, 0x00, 0x19, 0xFF, 0xFF, 0xFF, 0xC1, 0x00, 0x00, 0x00, 0x00, 0x00, 0x00, 
0x00, 0x00, 0x00, 0x00, 0x00, 0x00, 0x4C, 0xFF, 0xFF, 0xFF, 0x8F, 0x00, 0x00, 0x00, 0x00, 0x00, 
0x00, 0x00, 0x00, 0x00, 0x00, 0x00, 0x00, 0x7F, 0xFF, 0xFF, 0xFF, 0x5C, 0x00, 0x00, 0x00, 0x00, 
0x00, 0x00, 0x00, 0x00, 0x00, 0x00, 0x00, 0x00, 0xB2, 0xFF, 0xFF, 0xFF, 0x29, 0x00, 0x00, 0x00, 
0x00, 0x00, 0x00, 0x00, 0x00, 0x00, 0x00, 0x00, 0x00, 0xE5, 0xFF, 0xFF, 0xF4, 0x02, 0x00, 0x00, 
0x00, 0x00, 0x00, 0x00, 0x00, 0x00, 0x00, 0x00, 0x00, 0x17, 0xFF, 0xFF, 0xFF, 0xC4, 0x00, 0x00, 
0x00, 0x00, 0x00, 0x00, 0x00, 0x00, 0x00, 0x00, 0x00, 0x00, 0x4A, 0xFF, 0xFF, 0xFF, 0x91, 0x00, 
0x00, 0x00, 0x00, 0x00, 0x00, 0x00, 0x00, 0x00, 0x00, 0x00, 0x00, 0x68, 0xFF, 0xFF, 0xFB, 0x4A, 
0x00, 0x00, 0x00, 0x00, 0x00, 0x00, 0x00, 0x00, 0x00, 0x00, 0x00, 0x00, 0x00, 0x16, 0x20, 0x0B, 
0x00, 0x00, 0x00, 0x00, 0x00, 0x00, 0x00, 0x00, 0x00, 0x00, 0x00, 0x00, 0x00, 0x00, 0x00, 0x00, 
0x00, 0x00, 0x00, 0x00, 0x00, 0x26, 0x6C, 0x9D, 0xB1, 0xB1, 0x9B, 0x69, 0x24, 0x00, 0x00, 0x00, 
0x00, 0x00, 0x00, 0x00, 0x00, 0x29, 0xB9, 0xFF, 0xFF, 0xFF, 0xFF, 0xFF, 0xFF, 0xFF, 0xFF, 0xBC, 
0x1D, 0x00, 0x00, 0x00, 0x00, 0x00, 0x4F, 0xF6, 0xFF, 0xFF, 0xFF, 0xFF, 0xFF, 0xFF, 0xFF, 0xFF, 
0xFF, 0xFF, 0x7A, 0x00, 0x00, 0x00, 0x00, 0x31, 0xF8, 0xFF, 0xFF, 0xFF, 0xCA, 0x69, 0x4A, 0x51, 
0x7F, 0xD9, 0xFF, 0xFF, 0x52, 0x00, 0x00, 0x00, 0x00, 0xC2, 0xFF, 0xFF, 0xFF, 0x80, 0x01, 0x00, 
0x00, 0x00, 0x00, 0x00, 0x50, 0x9E, 0x07, 0x00, 0x00, 0x00, 0x23, 0xFF, 0xFF, 0xFF, 0xC6, 0x01, 
0x00, 0x00, 0x00, 0x00, 0x00, 0x00, 0x00, 0x00, 0x00, 0x00, 0x00, 0x00, 0x5B, 0xFF, 0xFF, 0xFF, 
0x7E, 0x00, 0x00, 0x00, 0x00, 0x00, 0x00, 0x00, 0x00, 0x00, 0x00, 0x00, 0x00, 0x00, 0x6D, 0xFF, 
0xFF, 0xFF, 0x97, 0x00, 0x00, 0x00, 0x00, 0x00, 0x00, 0x00, 0x00, 0x00, 0x00, 0x00, 0x00, 0x00, 
0x56, 0xFF, 0xFF, 0xFF, 0xF8, 0x42, 0x00, 0x00, 0x00, 0x00, 0x00, 0x00, 0x00, 0x00, 0x00, 0x00, 
0x00, 0x00, 0x11, 0xF6, 0xFF, 0xFF, 0xFF, 0xFC, 0x90, 0x16, 0x00, 0x00, 0x00, 0x00, 0x00, 0x00, 
0x00, 0x00, 0x00, 0x00, 0x00, 0x69, 0xFF, 0xFF, 0xFF, 0xFF, 0xFF, 0xF6, 0x91, 0x13, 0x00, 0x00, 
0x00, 0x00, 0x00, 0x00, 0x00, 0x00, 0x00, 0x00, 0x67, 0xF4, 0xFF, 0xFF, 0xFF, 0xFF, 0xFF, 0xEE, 
0x68, 0x00, 0x00, 0x00, 0x00, 0x00, 0x00, 0x00, 0x00, 0x00, 0x00, 0x1B, 0xA2, 0xFD, 0xFF, 0xFF, 
0xFF, 0xFF, 0xFF, 0x8C, 0x00, 0x00, 0x00, 0x00, 0x00, 0x00, 0x00, 0x00, 0x00, 0x00, 0x00, 0x29, 
0xA6, 0xFE, 0xFF, 0xFF, 0xFF, 0xFF, 0x46, 0x00, 0x00, 0x00, 0x00, 0x00, 0x00, 0x00, 0x00, 0x00, 
0x00, 0x00, 0x00, 0x44, 0xEF, 0xFF, 0xFF, 0xFF, 0xAA, 0x00, 0x00, 0x00, 0x00, 0x00, 0x00, 0x00, 
0x00, 0x00, 0x00, 0x00, 0x00, 0x00, 0x64, 0xFF, 0xFF, 0xFF, 0xCD, 0x00, 0x00, 0x00, 0x00, 0x00, 
0x00, 0x00, 0x00, 0x00, 0x00, 0x00, 0x00, 0x00, 0x2C, 0xFF, 0xFF, 0xFF, 0xC5, 0x00, 0x00, 0x00, 
0x00, 0x00, 0x00, 0x00, 0x00, 0x00, 0x00, 0x00, 0x00, 0x00, 0x4D, 0xFF, 0xFF, 0xFF, 0x9F, 0x00, 
0x00, 0x23, 0x81, 0x0B, 0x00, 0x00, 0x00, 0x00, 0x00, 0x00, 0x00, 0x03, 0xC0, 0xFF, 0xFF, 0xFF, 
0x4F, 0x00, 0x00, 0x91, 0xFF, 0xDF, 0x5E, 0x08, 0x00, 0x00, 0x00, 0x00, 0x23, 0xB3, 0xFF, 0xFF, 
0xFF, 0xCC, 0x02, 0x00, 0x00, 0xC1, 0xFF, 0xFF, 0xFF, 0xF5, 0xC4, 0xAE, 0xB1, 0xD2, 0xFE, 0xFF, 
0xFF, 0xFF, 0xEB, 0x2A, 0x00, 0x00, 0x00, 0x81, 0xFF, 0xFF, 0xFF, 0xFF, 0xFF, 0xFF, 0xFF, 0xFF, 
0xFF, 0xFF, 0xFF, 0xD3, 0x2C, 0x00, 0x00, 0x00, 0x00, 0x00, 0x48, 0xBC, 0xFC, 0xFF, 0xFF, 0xFF, 
0xFF, 0xFF, 0xFF, 0xD3, 0x69, 0x07, 0x00, 0x00, 0x00, 0x00, 0x00, 0x00, 0x00, 0x00, 0x0E, 0x45, 
0x5F, 0x6F, 0x64, 0x4E, 0x19, 0x00, 0x00, 0x00, 0x00, 0x00, 0x00, 0x00, 0x00, 0x00, 0x00, 0x00, 
0x00, 0x00, 0x00, 0x00, 0x0A, 0x07, 0x00, 0x00, 0x00, 0x00, 0x00, 0x00, 0x00, 0x00, 0x00, 0x00, 
0x00, 0x1F, 0xE3, 0xFF, 0xFF, 0x85, 0x00, 0x00, 0x00, 0x00, 0x00, 0x00, 0x00, 0x00, 0x00, 0x00, 
0x61, 0xFF, 0xFF, 0xFF, 0x7D, 0x00, 0x00, 0x00, 0x00, 0x00, 0x00, 0x00, 0x00, 0x00, 0x00, 0x95, 
0xFF, 0xFF, 0xFF, 0x49, 0x00, 0x00, 0x00, 0x00, 0x00, 0x00, 0x00, 0x00, 0x00, 0x00, 0xC8, 0xFF, 
0xFF, 0xFF, 0x16, 0x00, 0x00, 0x00, 0x00, 0x00, 0x00, 0x00, 0x00, 0x00, 0x04, 0xF6, 0xFF, 0xFF, 
0xE2, 0x00, 0x00, 0x00, 0x00, 0x00, 0x00, 0x00, 0x28, 0x4C, 0x4C, 0x67, 0xFF, 0xFF, 0xFF, 0xCB, 
0x4C, 0x4C, 0x4C, 0x4C, 0x4C, 0x1C, 0x0D, 0xEE, 0xFF, 0xFF, 0xFF, 0xFF, 0xFF, 0xFF, 0xFF, 0xFF, 
0xFF, 0xFF, 0xFF, 0xFF, 0x95, 0x46, 0xFF, 0xFF, 0xFF, 0xFF, 0xFF, 0xFF, 0xFF, 0xFF, 0xFF, 0xFF, 
0xFF, 0xFF, 0xFF, 0x7B, 0x3E, 0xEA, 0xEC, 0xEC, 0xFD, 0xFF, 0xFF, 0xFF, 0xEC, 0xEC, 0xEC, 0xEC, 
0xEC, 0xD8, 0x18, 0x00, 0x00, 0x00, 0x05, 0xF8, 0xFF, 0xFF, 0xE5, 0x00, 0x00, 0x00, 0x00, 0x00, 
0x00, 0x00, 0x00, 0x00, 0x00, 0x31, 0xFF, 0xFF, 0xFF, 0xB2, 0x00, 0x00, 0x00, 0x00, 0x00, 0x00, 
0x00, 0x00, 0x00, 0x00, 0x64, 0xFF, 0xFF, 0xFF, 0x7E, 0x00, 0x00, 0x00, 0x00, 0x00, 0x00, 0x00, 
0x00, 0x00, 0x00, 0x98, 0xFF, 0xFF, 0xFF, 0x4A, 0x00, 0x00, 0x00, 0x00, 0x00, 0x00, 0x00, 0x00, 
0x00, 0x00, 0xCB, 0xFF, 0xFF, 0xFF, 0x17, 0x00, 0x00, 0x00, 0x00, 0x00, 0x00, 0x00, 0x00, 0x00, 
0x05, 0xF8, 0xFF, 0xFF, 0xE3, 0x00, 0x00, 0x00, 0x00, 0x00, 0x00, 0x00, 0x00, 0x00, 0x00, 0x31, 
0xFF, 0xFF, 0xFF, 0xAF, 0x00, 0x00, 0x00, 0x00, 0x00, 0x00, 0x00, 0x00, 0x00, 0x00, 0x65, 0xFF, 
0xFF, 0xFF, 0x7C, 0x00, 0x00, 0x00, 0x00, 0x00, 0x00, 0x00, 0x00, 0x00, 0x00, 0x98, 0xFF, 0xFF, 
0xFF, 0x48, 0x00, 0x00, 0x00, 0x00, 0x00, 0x00, 0x00, 0x00, 0x00, 0x00, 0xCB, 0xFF, 0xFF, 0xFF, 
0x14, 0x00, 0x00, 0x00, 0x00, 0x00, 0x00, 0x00, 0x00, 0x00, 0x05, 0xF8, 0xFF, 0xFF, 0xE1, 0x00, 
0x00, 0x00, 0x00, 0x00, 0x00, 0x00, 0x00, 0x00, 0x00, 0x31, 0xFF, 0xFF, 0xFF, 0xAE, 0x00, 0x00, 
0x00, 0x00, 0x00, 0x00, 0x00, 0x00, 0x00, 0x00, 0x60, 0xFF, 0xFF, 0xFF, 0x83, 0x00, 0x00, 0x00, 
0x00, 0x00, 0x00, 0x00, 0x00, 0x00, 0x00, 0x87, 0xFF, 0xFF, 0xFF, 0x6D, 0x00, 0x00, 0x00, 0x00, 
0x00, 0x00, 0x00, 0x00, 0x00, 0x00, 0x95, 0xFF, 0xFF, 0xFF, 0x7F, 0x00, 0x00, 0x00, 0x00, 0x00, 
0x00, 0x00, 0x00, 0x00, 0x00, 0x86, 0xFF, 0xFF, 0xFF, 0xDD, 0x21, 0x00, 0x06, 0x42, 0x69, 0x00, 
0x00, 0x00, 0x00, 0x00, 0x54, 0xFF, 0xFF, 0xFF, 0xFF, 0xFF, 0xEF, 0xFC, 0xFF, 0xD7, 0x00, 0x00, 
0x00, 0x00, 0x00, 0x06, 0xDA, 0xFF, 0xFF, 0xFF, 0xFF, 0xFF, 0xFF, 0xFF, 0xA5, 0x00, 0x00, 0x00, 
0x00, 0x00, 0x00, 0x21, 0xC3, 0xFF, 0xFF, 0xFF, 0xFF, 0xFF, 0xD8, 0x2A, 0x00, 0x00, 0x00, 0x00, 
0x00, 0x00, 0x00, 0x00, 0x28, 0x56, 0x64, 0x58, 0x2C, 0x00, 0x00, 0x00, 0x00, 0x00, 0x00, 0x00, 
0x00, 0x00, 0x05, 0x50, 0x65, 0x5D, 0x16, 0x00, 0x00, 0x00, 0x00, 0x00, 0x00, 0x00, 0x00, 0x00, 
0x12, 0x59, 0x65, 0x57, 0x07, 0x00, 0x00, 0x00, 0x6B, 0xFF, 0xFF, 0xFF, 0x71, 0x00, 0x00, 0x00, 
0x00, 0x00, 0x00, 0x00, 0x00, 0x00, 0xA3, 0xFF, 0xFF, 0xFF, 0x39, 0x00, 0x00, 0x00, 0xA1, 0xFF, 
0xFF, 0xFF, 0x43, 0x00, 0x00, 0x00, 0x00, 0x00, 0x00, 0x00, 0x00, 0x00, 0xD9, 0xFF, 0xFF, 0xFD, 
0x0C, 0x00, 0x00, 0x00, 0xD4, 0xFF, 0xFF, 0xFF, 0x11, 0x00, 0x00, 0x00, 0x00, 0x00, 0x00, 0x00, 
0x00, 0x0E, 0xFE, 0xFF, 0xFF, 0xD6, 0x00, 0x00, 0x00, 0x09, 0xFC, 0xFF, 0xFF, 0xDE, 0x00, 0x00, 
0x00, 0x00, 0x00, 0x00, 0x00, 0x00, 0x00, 0x3F, 0xFF, 0xFF, 0xFF, 0xA2, 0x00, 0x00, 0x00, 0x39, 
0xFF, 0xFF, 0xFF, 0xAB, 0x00, 0x00, 0x00, 0x00, 0x00, 0x00, 0x00, 0x00, 0x00, 0x73, 0xFF, 0xFF, 
0xFF, 0x6F, 0x00, 0x00, 0x00, 0x6B, 0xFF, 0xFF, 0xFF, 0x79, 0x00, 0x00, 0x00, 0x00, 0x00, 0x00, 
0x00, 0x00, 0x00, 0xA6, 0xFF, 0xFF, 0xFF, 0x3B, 0x00, 0x00, 0x00, 0x9E, 0xFF, 0xFF, 0xFF, 0x46, 
0x00, 0x00, 0x00, 0x00, 0x00, 0x00, 0x00, 0x00, 0x00, 0xD9, 0xFF, 0xFF, 0xFC, 0x0B, 0x00, 0x00, 
0x00, 0xD0, 0xFF, 0xFF, 0xFF, 0x14, 0x00, 0x00, 0x00, 0x00, 0x00, 0x00, 0x00, 0x00, 0x0D, 0xFE, 
0xFF, 0xFF, 0xD4, 0x00, 0x00, 0x00, 0x07, 0xFB, 0xFF, 0xFF, 0xE1, 0x00, 0x00, 0x00, 0x00, 0x00, 
0x00, 0x00, 0x00, 0x00, 0x3F, 0xFF, 0xFF, 0xFF, 0xA0, 0x00, 0x00, 0x00, 0x35, 0xFF, 0xFF, 0xFF, 
0xAF, 0x00, 0x00, 0x00, 0x00, 0x00, 0x00, 0x00, 0x00, 0x00, 0x73, 0xFF, 0xFF, 0xFF, 0x6D, 0x00, 
0x00, 0x00, 0x68, 0xFF, 0xFF, 0xFF, 0x7C, 0x00, 0x00, 0x00, 0x00, 0x00, 0x00, 0x00, 0x00, 0x00, 
0xB4, 0xFF, 0xFF, 0xFF, 0x39, 0x00, 0x00, 0x00, 0x9A, 0xFF, 0xFF, 0xFF, 0x4A, 0x00, 0x00, 0x00, 
0x00, 0x00, 0x00, 0x00, 0x00, 0x08, 0xF3, 0xFF, 0xFF, 0xFC, 0x0A, 0x00, 0x00, 0x00, 0xCD, 0xFF, 
0xFF, 0xFF, 0x18, 0x00, 0x00, 0x00, 0x00, 0x00, 0x00, 0x00, 0x00, 0x60, 0xFF, 0xFF, 0xFF, 0xD2, 
0x00, 0x00, 0x00, 0x05, 0xF9, 0xFF, 0xFF, 0xE6, 0x00, 0x00, 0x00, 0x00, 0x00, 0x00, 0x00, 0x00, 
0x01, 0xCF, 0xFF, 0xFF, 0xFF, 0x9F, 0x00, 0x00, 0x00, 0x2A, 0xFF, 0xFF, 0xFF, 0xBC, 0x00, 0x00, 
0x00, 0x00, 0x00, 0x00, 0x00, 0x00, 0x62, 0xFF, 0xFF, 0xFF, 0xFF, 0x6B, 0x00, 0x00, 0x00, 0x4A, 
0xFF, 0xFF, 0xFF, 0xA9, 0x00, 0x00, 0x00, 0x00, 0x00, 0x00, 0x00, 0x1E, 0xEC, 0xFF, 0xFF, 0xFF, 
0xFF, 0x38, 0x00, 0x00, 0x00, 0x5B, 0xFF, 0xFF, 0xFF, 0xB0, 0x00, 0x00, 0x00, 0x00, 0x00, 0x00, 
0x0F, 0xCC, 0xFF, 0xFF, 0xFF, 0xFF, 0xFB, 0x08, 0x00, 0x00, 0x00, 0x53, 0xFF, 0xFF, 0xFF, 0xDF, 
0x02, 0x00, 0x00, 0x00, 0x00, 0x1D, 0xCC, 0xFF, 0xFF, 0xF0, 0xFF, 0xFF, 0xD1, 0x00, 0x00, 0x00, 
0x00, 0x2F, 0xFF, 0xFF, 0xFF, 0xFF, 0x88, 0x06, 0x00, 0x12, 0x75, 0xF0, 0xFF, 0xFF, 0xBE, 0xC8, 
0xFF, 0xFF, 0x9D, 0x00, 0x00, 0x00, 0x00, 0x02, 0xE0, 0xFF, 0xFF, 0xFF, 0xFF, 0xFA, 0xE7, 0xFE, 
0xFF, 0xFF, 0xFF, 0xCA, 0x14, 0xF4, 0xFF, 0xFF, 0x69, 0x00, 0x00, 0x00, 0x00, 0x00, 0x55, 0xFF, 
0xFF, 0xFF, 0xFF, 0xFF, 0xFF, 0xFF, 0xFF, 0xFF, 0x9F, 0x0A, 0x2A, 0xFF, 0xFF, 0xFF, 0x36, 0x00, 
0x00, 0x00, 0x00, 0x00, 0x00, 0x58, 0xE7, 0xFF, 0xFF, 0xFF, 0xFF, 0xFF, 0xBF, 0x41, 0x00, 0x00, 
0x48, 0xFF, 0xFF, 0xE7, 0x07, 0x00, 0x00, 0x00, 0x00, 0x00, 0x00, 0x00, 0x05, 0x3E, 0x64, 0x6D, 
0x56, 0x1B, 0x00, 0x00, 0x00, 0x00, 0x00, 0x16, 0x1F, 0x05, 0x00, 0x00, 0x00, 0x00, 0x00, 0x00, 
0x43, 0x64, 0x61, 0x27, 0x00, 0x00, 0x00, 0x00, 0x00, 0x00, 0x00, 0x00, 0x00, 0x00, 0x00, 0x43, 
0x63, 0x63, 0x33, 0x10, 0xFF, 0xFF, 0xFF, 0xCB, 0x00, 0x00, 0x00, 0x00, 0x00, 0x00, 0x00, 0x00, 
0x00, 0x00, 0x4B, 0xFF, 0xFF, 0xFF, 0xC0, 0x06, 0xFC, 0xFF, 0xFF, 0xF2, 0x00, 0x00, 0x00, 0x00, 
0x00, 0x00, 0x00, 0x00, 0x00, 0x00, 0xA6, 0xFF, 0xFF, 0xFF, 0x71, 0x00, 0xDC, 0xFF, 0xFF, 0xFF, 
0x17, 0x00, 0x00, 0x00, 0x00, 0x00, 0x00, 0x00, 0x00, 0x09, 0xF3, 0xFF, 0xFF, 0xFA, 0x15, 0x00, 
0xB4, 0xFF, 0xFF, 0xFF, 0x3D, 0x00, 0x00, 0x00, 0x00, 0x00, 0x00, 0x00, 0x00, 0x59, 0xFF, 0xFF, 
0xFF, 0xAE, 0x00, 0x00, 0x8C, 0xFF, 0xFF, 0xFF, 0x62, 0x00, 0x00, 0x00, 0x00, 0x00, 0x00, 0x00, 
0x00, 0xB7, 0xFF, 0xFF, 0xFF, 0x4D, 0x00, 0x00, 0x64, 0xFF, 0xFF, 0xFF, 0x87, 0x00, 0x00, 0x00, 
0x00, 0x00, 0x00, 0x00, 0x1B, 0xFC, 0xFF, 0xFF, 0xE7, 0x04, 0x00, 0x00, 0x3C, 0xFF, 0xFF, 0xFF, 
0xAC, 0x00, 0x00, 0x00, 0x00, 0x00, 0x00, 0x00, 0x83, 0xFF, 0xFF, 0xFF, 0x84, 0x00, 0x00, 0x00, 
0x14, 0xFF, 0xFF, 0xFF, 0xD2, 0x00, 0x00, 0x00, 0x00, 0x00, 0x00, 0x06, 0xE8, 0xFF, 0xFF, 0xF7, 
0x17, 0x00, 0x00, 0x00, 0x00, 0xEC, 0xFF, 0xFF, 0xF6, 0x01, 0x00, 0x00, 0x00, 0x00, 0x00, 0x5C, 
0xFF, 0xFF, 0xFF, 0x99, 0x00, 0x00, 0x00, 0x00, 0x00, 0xC4, 0xFF, 0xFF, 0xFF, 0x1C, 0x00, 0x00, 
0x00, 0x00, 0x00, 0xC8, 0xFF, 0xFF, 0xFD, 0x25, 0x00, 0x00, 0x00, 0x00, 0x00, 0x9C, 0xFF, 0xFF, 
0xFF, 0x42, 0x00, 0x00, 0x00, 0x00, 0x48, 0xFF, 0xFF, 0xFF, 0xAC, 0x00, 0x00, 0x00, 0x00, 0x00, 
0x00, 0x74, 0xFF, 0xFF, 0xFF, 0x67, 0x00, 0x00, 0x00, 0x01, 0xCE, 0xFF, 0xFF, 0xFE, 0x33, 0x00, 
0x00, 0x00, 0x00, 0x00, 0x00, 0x4C, 0xFF, 0xFF, 0xFF, 0x8C, 0x00, 0x00, 0x00, 0x58, 0xFF, 0xFF, 
0xFF, 0xA3, 0x00, 0x00, 0x00, 0x00, 0x00, 0x00, 0x00, 0x24, 0xFF, 0xFF, 0xFF, 0xB1, 0x00, 0x00, 
0x04, 0xDA, 0xFF, 0xFF, 0xF5, 0x1B, 0x00, 0x00, 0x00, 0x00, 0x00, 0x00, 0x00, 0x03, 0xF8, 0xFF, 
0xFF, 0xD7, 0x00, 0x00, 0x78, 0xFF, 0xFF, 0xFF, 0x7F, 0x00, 0x00, 0x00, 0x00, 0x00, 0x00, 0x00, 
0x00, 0x00, 0xD4, 0xFF, 0xFF, 0xF9, 0x03, 0x21, 0xF6, 0xFF, 0xFF, 0xE3, 0x0A, 0x00, 0x00, 0x00, 
0x00, 0x00, 0x00, 0x00, 0x00, 0x00, 0xAC, 0xFF, 0xFF, 0xFF, 0x21, 0xB7, 0xFF, 0xFF, 0xFF, 0x58, 
0x00, 0x00, 0x00, 0x00, 0x00, 0x00, 0x00, 0x00, 0x00, 0x00, 0x84, 0xFF, 0xFF, 0xFF, 0x9E, 0xFF, 
0xFF, 0xFF, 0xB0, 0x00, 0x00, 0x00, 0x00, 0x00, 0x00, 0x00, 0x00, 0x00, 0x00, 0x00, 0x5C, 0xFF, 
0xFF, 0xFF, 0xFF, 0xFF, 0xFF, 0xEC, 0x17, 0x00, 0x00, 0x00, 0x00, 0x00, 0x00, 0x00, 0x00, 0x00, 
0x00, 0x00, 0x34, 0xFF, 0xFF, 0xFF, 0xFF, 0xFF, 0xFE, 0x4D, 0x00, 0x00, 0x00, 0x00, 0x00, 0x00, 
0x00, 0x00, 0x00, 0x00, 0x00, 0x00, 0x0C, 0xFF, 0xFF, 0xFF, 0xFF, 0xFF, 0x89, 0x00, 0x00, 0x00, 
0x00, 0x00, 0x00, 0x00, 0x00, 0x00, 0x00, 0x00, 0x00, 0x00, 0x00, 0xCD, 0xFF, 0xFF, 0xFF, 0xB0, 
0x04, 0x00, 0x00, 0x00, 0x00, 0x00, 0x00, 0x00, 0x00, 0x00, 0x00, 0x00, 0x00, 0x00, 0x00, 0x01, 
0x1B, 0x23, 0x16, 0x00, 0x00, 0x00, 0x00, 0x00, 0x00, 0x00, 0x00, 0x00, 0x00, 0x00, 0x00, 0x17, 
0x5C, 0x65, 0x53, 0x03, 0x00, 0x00, 0x00, 0x00, 0x00, 0x00, 0x00, 0x00, 0x00, 0x2E, 0x63, 0x62, 
0x2D, 0x00, 0x00, 0x00, 0x00, 0x00, 0x00, 0x00, 0x00, 0x00, 0x06, 0x51, 0x64, 0x5F, 0x1F, 0x9C, 
0xFF, 0xFF, 0xFF, 0x44, 0x00, 0x00, 0x00, 0x00, 0x00, 0x00, 0x00, 0x00, 0x19, 0xF7, 0xFF, 0xFF, 
0xE5, 0x00, 0x00, 0x00, 0x00, 0x00, 0x00, 0x00, 0x00, 0x00, 0x7F, 0xFF, 0xFF, 0xFF, 0x7D, 0x91, 
0xFF, 0xFF, 0xFF, 0x5F, 0x00, 0x00, 0x00, 0x00, 0x00, 0x00, 0x00, 0x00, 0x88, 0xFF, 0xFF, 0xFF, 
0xFD, 0x04, 0x00, 0x00, 0x00, 0x00, 0x00, 0x00, 0x00, 0x00, 0xDC, 0xFF, 0xFF, 0xFF, 0x35, 0x75, 
0xFF, 0xFF, 0xFF, 0x77, 0x00, 0x00, 0x00, 0x00, 0x00, 0x00, 0x00, 0x0D, 0xEF, 0xFF, 0xFF, 0xFF, 
0xFF, 0x1C, 0x00, 0x00, 0x00, 0x00, 0x00, 0x00, 0x00, 0x39, 0xFF, 0xFF, 0xFF, 0xD5, 0x00, 0x59, 
0xFF, 0xFF, 0xFF, 0x8F, 0x00, 0x00, 0x00, 0x00, 0x00, 0x00, 0x00, 0x73, 0xFF, 0xFF, 0xFF, 0xFF, 
0xFF, 0x35, 0x00, 0x00, 0x00, 0x00, 0x00, 0x00, 0x00, 0x95, 0xFF, 0xFF, 0xFF, 0x74, 0x00, 0x3C, 
0xFF, 0xFF, 0xFF, 0xA8, 0x00, 0x00, 0x00, 0x00, 0x00, 0x00, 0x05, 0xE3, 0xFF, 0xFF, 0xFF, 0xFF, 
0xFF, 0x4F, 0x00, 0x00, 0x00, 0x00, 0x00, 0x00, 0x04, 0xEB, 0xFF, 0xFF, 0xFB, 0x18, 0x00, 0x20, 
0xFF, 0xFF, 0xFF, 0xC0, 0x00, 0x00, 0x00, 0x00, 0x00, 0x00, 0x5E, 0xFF, 0xFF, 0xFD, 0xFF, 0xFF, 
0xFF, 0x68, 0x00, 0x00, 0x00, 0x00, 0x00, 0x00, 0x53, 0xFF, 0xFF, 0xFF, 0xB3, 0x00, 0x00, 0x05, 
0xFE, 0xFF, 0xFF, 0xD8, 0x00, 0x00, 0x00, 0x00, 0x00, 0x00, 0xD2, 0xFF, 0xFF, 0x9F, 0xFF, 0xFF, 
0xFF, 0x82, 0x00, 0x00, 0x00, 0x00, 0x00, 0x00, 0xBE, 0xFF, 0xFF, 0xFF, 0x4D, 0x00, 0x00, 0x00, 
0xE7, 0xFF, 0xFF, 0xF0, 0x00, 0x00, 0x00, 0x00, 0x00, 0x49, 0xFF, 0xFF, 0xFA, 0x1C, 0xF8, 0xFF, 
0xFF, 0x9C, 0x00, 0x00, 0x00, 0x00, 0x00, 0x28, 0xFF, 0xFF, 0xFF, 0xD9, 0x01, 0x00, 0x00, 0x00, 
0xCB, 0xFF, 0xFF, 0xFF, 0x08, 0x00, 0x00, 0x00, 0x00, 0xBE, 0xFF, 0xFF, 0xA0, 0x00, 0xDF, 0xFF, 
0xFF, 0xB5, 0x00, 0x00, 0x00, 0x00, 0x00, 0x92, 0xFF, 0xFF, 0xFF, 0x67, 0x00, 0x00, 0x00, 0x00, 
0xAF, 0xFF, 0xFF, 0xFF, 0x20, 0x00, 0x00, 0x00, 0x33, 0xFF, 0xFF, 0xFE, 0x2B, 0x00, 0xC5, 0xFF, 
0xFF, 0xCF, 0x00, 0x00, 0x00, 0x00, 0x0C, 0xF1, 0xFF, 0xFF, 0xEB, 0x09, 0x00, 0x00, 0x00, 0x00, 
0x92, 0xFF, 0xFF, 0xFF, 0x38, 0x00, 0x00, 0x00, 0xA9, 0xFF, 0xFF, 0xB4, 0x00, 0x00, 0xAA, 0xFF, 
0xFF, 0xE8, 0x00, 0x00, 0x00, 0x00, 0x76, 0xFF, 0xFF, 0xFF, 0x81, 0x00, 0x00, 0x00, 0x00, 0x00, 
0x76, 0xFF, 0xFF, 0xFF, 0x50, 0x00, 0x00, 0x21, 0xFC, 0xFF, 0xFF, 0x3E, 0x00, 0x00, 0x90, 0xFF, 
0xFF, 0xFD, 0x04, 0x00, 0x00, 0x08, 0xE8, 0xFF, 0xFF, 0xF4, 0x16, 0x00, 0x00, 0x00, 0x00, 0x00, 
0x5A, 0xFF, 0xFF, 0xFF, 0x68, 0x00, 0x00, 0x94, 0xFF, 0xFF, 0xC8, 0x00, 0x00, 0x00, 0x76, 0xFF, 
0xFF, 0xFF, 0x1B, 0x00, 0x00, 0x6D, 0xFF, 0xFF, 0xFF, 0x82, 0x00, 0x00, 0x00, 0x00, 0x00, 0x00, 
0x3D, 0xFF, 0xFF, 0xFF, 0x80, 0x00, 0x13, 0xF5, 0xFF, 0xFF, 0x52, 0x00, 0x00, 0x00, 0x5C, 0xFF, 
0xFF, 0xFF, 0x35, 0x00, 0x05, 0xE2, 0xFF, 0xFF, 0xEA, 0x0D, 0x00, 0x00, 0x00, 0x00, 0x00, 0x00, 
0x21, 0xFF, 0xFF, 0xFF, 0x98, 0x00, 0x7F, 0xFF, 0xFF, 0xDA, 0x02, 0x00, 0x00, 0x00, 0x42, 0xFF, 
0xFF, 0xFF, 0x4F, 0x00, 0x6E, 0xFF, 0xFF, 0xFF, 0x6C, 0x00, 0x00, 0x00, 0x00, 0x00, 0x00, 0x00, 
0x06, 0xFE, 0xFF, 0xFF, 0xB0, 0x09, 0xEA, 0xFF, 0xFF, 0x66, 0x00, 0x00, 0x00, 0x00, 0x28, 0xFF, 
0xFF, 0xFF, 0x68, 0x0F, 0xEB, 0xFF, 0xFF, 0xDC, 0x05, 0x00, 0x00, 0x00, 0x00, 0x00, 0x00, 0x00, 
0x00, 0xE8, 0xFF, 0xFF, 0xC9, 0x6A, 0xFF, 0xFF, 0xE8, 0x07, 0x00, 0x00, 0x00, 0x00, 0x0E, 0xFF, 
0xFF, 0xFF, 0x82, 0x91, 0xFF, 0xFF, 0xFF, 0x54, 0x00, 0x00, 0x00, 0x00, 0x00, 0x00, 0x00, 0x00, 
0x00, 0xCC, 0xFF, 0xFF, 0xE3, 0xDC, 0xFF, 0xFF, 0x7A, 0x00, 0x00, 0x00, 0x00, 0x00, 0x00, 0xF3, 
0xFF, 0xFF, 0xC7, 0xFC, 0xFF, 0xFF, 0xB1, 0x00, 0x00, 0x00, 0x00, 0x00, 0x00, 0x00, 0x00, 0x00, 
0x00, 0xB0, 0xFF, 0xFF, 0xFF, 0xFF, 0xFF, 0xF3, 0x11, 0x00, 0x00, 0x00, 0x00, 0x00, 0x00, 0xD9, 
0xFF, 0xFF, 0xFF, 0xFF, 0xFF, 0xEF, 0x19, 0x00, 0x00, 0x00, 0x00, 0x00, 0x00, 0x00, 0x00, 0x00, 
0x00, 0x93, 0xFF, 0xFF, 0xFF, 0xFF, 0xFF, 0x8E, 0x00, 0x00, 0x00, 0x00, 0x00, 0x00, 0x00, 0xBF, 
0xFF, 0xFF, 0xFF, 0xFF, 0xFF, 0x61, 0x00, 0x00, 0x00, 0x00, 0x00, 0x00, 0x00, 0x00, 0x00, 0x00, 
0x00, 0x77, 0xFF, 0xFF, 0xFF, 0xFF, 0xFA, 0x1D, 0x00, 0x00, 0x00, 0x00, 0x00, 0x00, 0x00, 0xA5, 
0xFF, 0xFF, 0xFF, 0xFF, 0xB8, 0x00, 0x00, 0x00, 0x00, 0x00, 0x00, 0x00, 0x00, 0x00, 0x00, 0x00, 
0x00, 0x41, 0xF9, 0xFF, 0xFF, 0xFC, 0x80, 0x00, 0x00, 0x00, 0x00, 0x00, 0x00, 0x00, 0x00, 0x74, 
0xFF, 0xFF, 0xFF, 0xD9, 0x1D, 0x00, 0x00, 0x00, 0x00, 0x00, 0x00, 0x00, 0x00, 0x00, 0x00, 0x00, 
0x00, 0x00, 0x06, 0x1E, 0x1F, 0x0A, 0x00, 0x00, 0x00, 0x00, 0x00, 0x00, 0x00, 0x00, 0x00, 0x00, 
0x11, 0x22, 0x1A, 0x01, 0x00, 0x00, 0x00, 0x00, 0x00, 0x00, 0x00, 0x00, 0x00, 0x00, 0x00, 0x00, 
0x00, 0x00, 0x00, 0x00, 0x10, 0x58, 0x66, 0x5E, 0x1A, 0x00, 0x00, 0x00, 0x00, 0x00, 0x00, 0x00, 
0x00, 0x00, 0x11, 0x56, 0x65, 0x5F, 0x1D, 0x00, 0x00, 0x00, 0x00, 0x00, 0x6B, 0xFF, 0xFF, 0xFF, 
0xBF, 0x00, 0x00, 0x00, 0x00, 0x00, 0x00, 0x00, 0x00, 0x12, 0xDC, 0xFF, 0xFF, 0xFF, 0x64, 0x00, 
0x00, 0x00, 0x00, 0x00, 0x16, 0xF8, 0xFF, 0xFF, 0xFF, 0x2D, 0x00, 0x00, 0x00, 0x00, 0x00, 0x00, 
0x03, 0xBB, 0xFF, 0xFF, 0xFF, 0x9C, 0x00, 0x00, 0x00, 0x00, 0x00, 0x00, 0x00, 0x9D, 0xFF, 0xFF, 
0xFF, 0x99, 0x00, 0x00, 0x00, 0x00, 0x00, 0x00, 0x8D, 0xFF, 0xFF, 0xFF, 0xC2, 0x06, 0x00, 0x00, 
0x00, 0x00, 0x00, 0x00, 0x00, 0x2C, 0xFF, 0xFF, 0xFF, 0xF5, 0x10, 0x00, 0x00, 0x00, 0x00, 0x5A, 
0xFF, 0xFF, 0xFF, 0xE0, 0x15, 0x00, 0x00, 0x00, 0x00, 0x00, 0x00, 0x00, 0x00, 0x00, 0xBB, 0xFF, 
0xFF, 0xFF, 0x72, 0x00, 0x00, 0x00, 0x31, 0xF6, 0xFF, 0xFF, 0xF4, 0x2E, 0x00, 0x00, 0x00, 0x00, 
0x00, 0x00, 0x00, 0x00, 0x00, 0x00, 0x4A, 0xFF, 0xFF, 0xFF, 0xDD, 0x02, 0x00, 0x14, 0xE0, 0xFF, 
0xFF, 0xFE, 0x51, 0x00, 0x00, 0x00, 0x00, 0x00, 0x00, 0x00, 0x00, 0x00, 0x00, 0x00, 0x01, 0xD7, 
0xFF, 0xFF, 0xFF, 0x4C, 0x04, 0xBF, 0xFF, 0xFF, 0xFF, 0x7C, 0x00, 0x00, 0x00, 0x00, 0x00, 0x00, 
0x00, 0x00, 0x00, 0x00, 0x00, 0x00, 0x00, 0x68, 0xFF, 0xFF, 0xFF, 0xB8, 0x91, 0xFF, 0xFF, 0xFF, 
0xA9, 0x00, 0x00, 0x00, 0x00, 0x00, 0x00, 0x00, 0x00, 0x00, 0x00, 0x00, 0x00, 0x00, 0x00, 0x0A, 
0xED, 0xFF, 0xFF, 0xFF, 0xFF, 0xFF, 0xFF, 0xCD, 0x09, 0x00, 0x00, 0x00, 0x00, 0x00, 0x00, 0x00, 
0x00, 0x00, 0x00, 0x00, 0x00, 0x00, 0x00, 0x00, 0x86, 0xFF, 0xFF, 0xFF, 0xFF, 0xFF, 0xE7, 0x1C, 
0x00, 0x00, 0x00, 0x00, 0x00, 0x00, 0x00, 0x00, 0x00, 0x00, 0x00, 0x00, 0x00, 0x00, 0x00, 0x00, 
0x32, 0xFF, 0xFF, 0xFF, 0xFF, 0xFF, 0x43, 0x00, 0x00, 0x00, 0x00, 0x00, 0x00, 0x00, 0x00, 0x00, 
0x00, 0x00, 0x00, 0x00, 0x00, 0x00, 0x00, 0x09, 0xC9, 0xFF, 0xFF, 0xFF, 0xFF, 0xFF, 0x70, 0x00, 
0x00, 0x00, 0x00, 0x00, 0x00, 0x00, 0x00, 0x00, 0x00, 0x00, 0x00, 0x00, 0x00, 0x00, 0x01, 0xAA, 
0xFF, 0xFF, 0xFF, 0xFF, 0xFF, 0xFF, 0xDE, 0x03, 0x00, 0x00, 0x00, 0x00, 0x00, 0x00, 0x00, 0x00, 
0x00, 0x00, 0x00, 0x00, 0x00, 0x00, 0x84, 0xFF, 0xFF, 0xFF, 0xBA, 0xD6, 0xFF, 0xFF, 0xFF, 0x54, 
0x00, 0x00, 0x00, 0x00, 0x00, 0x00, 0x00, 0x00, 0x00, 0x00, 0x00, 0x00, 0x00, 0x5C, 0xFF, 0xFF, 
0xFF, 0xDE, 0x12, 0x6B, 0xFF, 0xFF, 0xFF, 0xC6, 0x00, 0x00, 0x00, 0x00, 0x00, 0x00, 0x00, 0x00, 
0x00, 0x00, 0x00, 0x00, 0x3A, 0xF8, 0xFF, 0xFF, 0xF5, 0x2F, 0x00, 0x0C, 0xF1, 0xFF, 0xFF, 0xFF, 
0x38, 0x00, 0x00, 0x00, 0x00, 0x00, 0x00, 0x00, 0x00, 0x00, 0x00, 0x21, 0xEA, 0xFF, 0xFF, 0xFF, 
0x59, 0x00, 0x00, 0x00, 0x93, 0xFF, 0xFF, 0xFF, 0xAA, 0x00, 0x00, 0x00, 0x00, 0x00, 0x00, 0x00, 
0x00, 0x00, 0x0E, 0xD4, 0xFF, 0xFF, 0xFF, 0x8D, 0x00, 0x00, 0x00, 0x00, 0x27, 0xFE, 0xFF, 0xFF, 
0xFC, 0x1F, 0x00, 0x00, 0x00, 0x00, 0x00, 0x00, 0x00, 0x03, 0xB7, 0xFF, 0xFF, 0xFF, 0xBD, 0x03, 
0x00, 0x00, 0x00, 0x00, 0x00, 0xBB, 0xFF, 0xFF, 0xFF, 0x8E, 0x00, 0x00, 0x00, 0x00, 0x00, 0x00, 
0x00, 0x94, 0xFF, 0xFF, 0xFF, 0xE0, 0x14, 0x00, 0x00, 0x00, 0x00, 0x00, 0x00, 0x4F, 0xFF, 0xFF, 
0xFF, 0xF1, 0x0E, 0x00, 0x00, 0x00, 0x00, 0x00, 0x6B, 0xFF, 0xFF, 0xFF, 0xF6, 0x31, 0x00, 0x00, 
0x00, 0x00, 0x00, 0x00, 0x00, 0x02, 0xDF, 0xFF, 0xFF, 0xFF, 0x72, 0x00, 0x00, 0x00, 0x00, 0x04, 
0xF1, 0xFF, 0xFF, 0xF7, 0x57, 0x00, 0x00, 0x00, 0x00, 0x00, 0x00, 0x00, 0x00, 0x00, 0x71, 0xFF, 
0xFF, 0xFF, 0x9E, 0x00, 0x00, 0x00, 0x00, 0x00, 0x0B, 0x20, 0x1E, 0x06, 0x00, 0x00, 0x00, 0x00, 
0x00, 0x00, 0x00, 0x00, 0x00, 0x00, 0x00, 0x16, 0x23, 0x1A, 0x00, 0x00, 0x00, 0x00, 0x00, 0x00, 
0x00, 0x00, 0x3D, 0x64, 0x63, 0x2B, 0x00, 0x00, 0x00, 0x00, 0x00, 0x00, 0x00, 0x00, 0x00, 0x00, 
0x00, 0x40, 0x63, 0x63, 0x32, 0x00, 0x00, 0x09, 0xFF, 0xFF, 0xFF, 0xD9, 0x00, 0x00, 0x00, 0x00, 
0x00, 0x00, 0x00, 0x00, 0x00, 0x00, 0x44, 0xFF, 0xFF, 0xFF, 0xC7, 0x00, 0x00, 0x00, 0xF2, 0xFF, 
0xFF, 0xFD, 0x07, 0x00, 0x00, 0x00, 0x00, 0x00, 0x00, 0x00, 0x00, 0x00, 0x9F, 0xFF, 0xFF, 0xFF, 
0x7D, 0x00, 0x00, 0x00, 0xC8, 0xFF, 0xFF, 0xFF, 0x2D, 0x00, 0x00, 0x00, 0x00, 0x00, 0x00, 0x00, 
0x00, 0x07, 0xF0, 0xFF, 0xFF, 0xFD, 0x1E, 0x00, 0x00, 0x00, 0x9D, 0xFF, 0xFF, 0xFF, 0x56, 0x00, 
0x00, 0x00, 0x00, 0x00, 0x00, 0x00, 0x00, 0x52, 0xFF, 0xFF, 0xFF, 0xBA, 0x00, 0x00, 0x00, 0x00, 
0x72, 0xFF, 0xFF, 0xFF, 0x7F, 0x00, 0x00, 0x00, 0x00, 0x00, 0x00, 0x00, 0x00, 0xAB, 0xFF, 0xFF, 
0xFF, 0x59, 0x00, 0x00, 0x00, 0x00, 0x46, 0xFF, 0xFF, 0xFF, 0xA8, 0x00, 0x00, 0x00, 0x00, 0x00, 
0x00, 0x00, 0x16, 0xF9, 0xFF, 0xFF, 0xEE, 0x08, 0x00, 0x00, 0x00, 0x00, 0x1B, 0xFF, 0xFF, 0xFF, 
0xD1, 0x00, 0x00, 0x00, 0x00, 0x00, 0x00, 0x00, 0x7A, 0xFF, 0xFF, 0xFF, 0x8E, 0x00, 0x00, 0x00, 
0x00, 0x00, 0x00, 0xEF, 0xFF, 0xFF, 0xF7, 0x02, 0x00, 0x00, 0x00, 0x00, 0x00, 0x02, 0xE0, 0xFF, 
0xFF, 0xFE, 0x25, 0x00, 0x00, 0x00, 0x00, 0x00, 0x00, 0xC4, 0xFF, 0xFF, 0xFF, 0x23, 0x00, 0x00, 
0x00, 0x00, 0x00, 0x4D, 0xFF, 0xFF, 0xFF, 0xB3, 0x00, 0x00, 0x00, 0x00, 0x00, 0x00, 0x00, 0x99, 
0xFF, 0xFF, 0xFF, 0x4C, 0x00, 0x00, 0x00, 0x00, 0x00, 0xBF, 0xFF, 0xFF, 0xFF, 0x3C, 0x00, 0x00, 
0x00, 0x00, 0x00, 0x00, 0x00, 0x6E, 0xFF, 0xFF, 0xFF, 0x75, 0x00, 0x00, 0x00, 0x00, 0x3F, 0xFF, 
0xFF, 0xFF, 0xC4, 0x00, 0x00, 0x00, 0x00, 0x00, 0x00, 0x00, 0x00, 0x43, 0xFF, 0xFF, 0xFF, 0x9E, 
0x00, 0x00, 0x00, 0x00, 0xC1, 0xFF, 0xFF, 0xFF, 0x41, 0x00, 0x00, 0x00, 0x00, 0x00, 0x00, 0x00, 
0x00, 0x17, 0xFF, 0xFF, 0xFF, 0xC7, 0x00, 0x00, 0x00, 0x43, 0xFF, 0xFF, 0xFF, 0xBE, 0x00, 0x00, 
0x00, 0x00, 0x00, 0x00, 0x00, 0x00, 0x00, 0x00, 0xEC, 0xFF, 0xFF, 0xEF, 0x00, 0x00, 0x01, 0xC6, 
0xFF, 0xFF, 0xFE, 0x35, 0x00, 0x00, 0x00, 0x00, 0x00, 0x00, 0x00, 0x00, 0x00, 0x00, 0xC1, 0xFF, 
0xFF, 0xFF, 0x18, 0x00, 0x5E, 0xFF, 0xFF, 0xFF, 0xA1, 0x00, 0x00, 0x00, 0x00, 0x00, 0x00, 0x00, 
0x00, 0x00, 0x00, 0x00, 0x95, 0xFF, 0xFF, 0xFF, 0x41, 0x10, 0xE7, 0xFF, 0xFF, 0xF4, 0x1A, 0x00, 
0x00, 0x00, 0x00, 0x00, 0x00, 0x00, 0x00, 0x00, 0x00, 0x00, 0x6A, 0xFF, 0xFF, 0xFF, 0x6A, 0xA1, 
0xFF, 0xFF, 0xFF, 0x70, 0x00, 0x00, 0x00, 0x00, 0x00, 0x00, 0x00, 0x00, 0x00, 0x00, 0x00, 0x00, 
0x3F, 0xFF, 0xFF, 0xFF, 0xD3, 0xFF, 0xFF, 0xFF, 0xCB, 0x03, 0x00, 0x00, 0x00, 0x00, 0x00, 0x00, 
0x00, 0x00, 0x00, 0x00, 0x00, 0x00, 0x14, 0xFF, 0xFF, 0xFF, 0xFF, 0xFF, 0xFF, 0xFA, 0x2F, 0x00, 
0x00, 0x00, 0x00, 0x00, 0x00, 0x00, 0x00, 0x00, 0x00, 0x00, 0x00, 0x00, 0x00, 0xE8, 0xFF, 0xFF, 
0xFF, 0xFF, 0xFF, 0x77, 0x00, 0x00, 0x00, 0x00, 0x00, 0x00, 0x00, 0x00, 0x00, 0x00, 0x00, 0x00, 
0x00, 0x00, 0x00, 0xBD, 0xFF, 0xFF, 0xFF, 0xFF, 0xC0, 0x02, 0x00, 0x00, 0x00, 0x00, 0x00, 0x00, 
0x00, 0x00, 0x00, 0x00, 0x00, 0x00, 0x00, 0x00, 0x00, 0x92, 0xFF, 0xFF, 0xFF, 0xEE, 0x1D, 0x00, 
0x00, 0x00, 0x00, 0x00, 0x00, 0x00, 0x00, 0x00, 0x00, 0x00, 0x00, 0x00, 0x00, 0x00, 0x0B, 0xD4, 
0xFF, 0xFF, 0xFF, 0x52, 0x00, 0x00, 0x00, 0x00, 0x00, 0x00, 0x00, 0x00, 0x00, 0x00, 0x00, 0x00, 
0x00, 0x00, 0x00, 0x00, 0xA6, 0xFF, 0xFF, 0xFF, 0x95, 0x00, 0x00, 0x00, 0x00, 0x00, 0x00, 0x00, 
0x00, 0x00, 0x00, 0x00, 0x00, 0x00, 0x00, 0x00, 0x00, 0x6F, 0xFF, 0xFF, 0xFF, 0xD2, 0x08, 0x00, 
0x00, 0x00, 0x00, 0x00, 0x00, 0x00, 0x00, 0x00, 0x00, 0x00, 0x00, 0x00, 0x00, 0x00, 0x3A, 0xFA, 
0xFF, 0xFF, 0xF5, 0x29, 0x00, 0x00, 0x00, 0x00, 0x00, 0x00, 0x00, 0x00, 0x00, 0x00, 0x00, 0x00, 
0x00, 0x00, 0x00, 0x17, 0xE5, 0xFF, 0xFF, 0xFF, 0x63, 0x00, 0x00, 0x00, 0x00, 0x00, 0x00, 0x00, 
0x00, 0x00, 0x00, 0x00, 0x00, 0x00, 0x00, 0x00, 0x04, 0xC0, 0xFF, 0xFF, 0xFF, 0xA8, 0x00, 0x00, 
0x00, 0x00, 0x00, 0x00, 0x00, 0x00, 0x00, 0x00, 0x00, 0x00, 0x00, 0x00, 0x00, 0x00, 0x8C, 0xFF, 
0xFF, 0xFF, 0xDE, 0x0E, 0x00, 0x00, 0x00, 0x00, 0x00, 0x00, 0x00, 0x00, 0x00, 0x00, 0x00, 0x00, 
0x00, 0x00, 0x00, 0x43, 0xFF, 0xFF, 0xFF, 0xF8, 0x36, 0x00, 0x00, 0x00, 0x00, 0x00, 0x00, 0x00, 
0x00, 0x00, 0x00, 0x00, 0x00, 0x00, 0x00, 0x00, 0x00, 0x1E, 0x7A, 0x85, 0x74, 0x29, 0x00, 0x00, 
0x00, 0x00, 0x00, 0x00, 0x00, 0x00, 0x00, 0x00, 0x00, 0x00, 0x00, 0x00, 0x00, 0x00, 0x00, 0x00, 
0x00, 0x00, 0x00, 0x00, 0x41, 0x4C, 0x4C, 0x4C, 0x4C, 0x4C, 0x4C, 0x4C, 0x4C, 0x4C, 0x4C, 0x4C, 
0x49, 0x0B, 0x00, 0x00, 0x00, 0x00, 0x63, 0xFF, 0xFF, 0xFF, 0xFF, 0xFF, 0xFF, 0xFF, 0xFF, 0xFF, 
0xFF, 0xFF, 0xFF, 0xFF, 0x66, 0x00, 0x00, 0x00, 0x00, 0xAD, 0xFF, 0xFF, 0xFF, 0xFF, 0xFF, 0xFF, 
0xFF, 0xFF, 0xFF, 0xFF, 0xFF, 0xFF, 0xFF, 0x51, 0x00, 0x00, 0x00, 0x00, 0x9B, 0xF8, 0xF8, 0xF8, 
0xF8, 0xF8, 0xF8, 0xF8, 0xF8, 0xFA, 0xFF, 0xFF, 0xFF, 0xF6, 0x13, 0x00, 0x00, 0x00, 0x00, 0x00, 
0x00, 0x00, 0x00, 0x00, 0x00, 0x00, 0x00, 0x05, 0xBF, 0xFF, 0xFF, 0xFF, 0x7C, 0x00, 0x00, 0x00, 
0x00, 0x00, 0x00, 0x00, 0x00, 0x00, 0x00, 0x00, 0x00, 0x00, 0x98, 0xFF, 0xFF, 0xFF, 0xB4, 0x02, 
0x00, 0x00, 0x00, 0x00, 0x00, 0x00, 0x00, 0x00, 0x00, 0x00, 0x00, 0x00, 0x6D, 0xFF, 0xFF, 0xFF, 
0xD6, 0x0E, 0x00, 0x00, 0x00, 0x00, 0x00, 0x00, 0x00, 0x00, 0x00, 0x00, 0x00, 0x00, 0x45, 0xFB, 
0xFF, 0xFF, 0xED, 0x24, 0x00, 0x00, 0x00, 0x00, 0x00, 0x00, 0x00, 0x00, 0x00, 0x00, 0x00, 0x00, 
0x26, 0xEF, 0xFF, 0xFF, 0xFB, 0x43, 0x00, 0x00, 0x00, 0x00, 0x00, 0x00, 0x00, 0x00, 0x00, 0x00, 
0x00, 0x00, 0x10, 0xD9, 0xFF, 0xFF, 0xFF, 0x6C, 0x00, 0x00, 0x00, 0x00, 0x00, 0x00, 0x00, 0x00, 
0x00, 0x00, 0x00, 0x00, 0x03, 0xB9, 0xFF, 0xFF, 0xFF, 0x99, 0x00, 0x00, 0x00, 0x00, 0x00, 0x00, 
0x00, 0x00, 0x00, 0x00, 0x00, 0x00, 0x00, 0x92, 0xFF, 0xFF, 0xFF, 0xC1, 0x05, 0x00, 0x00, 0x00, 
0x00, 0x00, 0x00, 0x00, 0x00, 0x00, 0x00, 0x00, 0x00, 0x65, 0xFF, 0xFF, 0xFF, 0xDF, 0x14, 0x00, 
0x00, 0x00, 0x00, 0x00, 0x00, 0x00, 0x00, 0x00, 0x00, 0x00, 0x00, 0x3F, 0xFA, 0xFF, 0xFF, 0xF3, 
0x2D, 0x00, 0x00, 0x00, 0x00, 0x00, 0x00, 0x00, 0x00, 0x00, 0x00, 0x00, 0x00, 0x21, 0xEB, 0xFF, 
0xFF, 0xFE, 0x50, 0x00, 0x00, 0x00, 0x00, 0x00, 0x00, 0x00, 0x00, 0x00, 0x00, 0x00, 0x00, 0x0D, 
0xD4, 0xFF, 0xFF, 0xFF, 0x7B, 0x00, 0x00, 0x00, 0x00, 0x00, 0x00, 0x00, 0x00, 0x00, 0x00, 0x00, 
0x00, 0x02, 0xB3, 0xFF, 0xFF, 0xFF, 0xA8, 0x00, 0x00, 0x00, 0x00, 0x00, 0x00, 0x00, 0x00, 0x00, 
0x00, 0x00, 0x00, 0x00, 0x8A, 0xFF, 0xFF, 0xFF, 0xCC, 0x09, 0x00, 0x00, 0x00, 0x00, 0x00, 0x00, 
0x00, 0x00, 0x00, 0x00, 0x00, 0x00, 0x5D, 0xFF, 0xFF, 0xFF, 0xE7, 0x1C, 0x00, 0x00, 0x00, 0x00, 
0x00, 0x00, 0x00, 0x00, 0x00, 0x00, 0x00, 0x00, 0x29, 0xF7, 0xFF, 0xFF, 0xFF, 0x7C, 0x44, 0x44, 
0x44, 0x44, 0x44, 0x44, 0x44, 0x44, 0x3C, 0x01, 0x00, 0x00, 0x00, 0x97, 0xFF, 0xFF, 0xFF, 0xFF, 
0xFF, 0xFF, 0xFF, 0xFF, 0xFF, 0xFF, 0xFF, 0xFF, 0xFF, 0xFF, 0x30, 0x00, 0x00, 0x00, 0xCB, 0xFF, 
0xFF, 0xFF, 0xFF, 0xFF, 0xFF, 0xFF, 0xFF, 0xFF, 0xFF, 0xFF, 0xFF, 0xFF, 0xFF, 0x1A, 0x00, 0x00, 
0x00, 0xAC, 0xFF, 0xFF, 0xFF, 0xFF, 0xFF, 0xFF, 0xFF, 0xFF, 0xFF, 0xFF, 0xFF, 0xFF, 0xFF, 0xAB, 
0x00, 0x00, 0x00, 0x00, 0x00, 0x00, 0x00, 0x00, 0x00, 0x00, 0x00, 0x00, 0x00, 0x00, 0x31, 0xA4, 
0xE2, 0xF9, 0xF8, 0xA0, 0x00, 0x00, 0x00, 0x00, 0x00, 0x00, 0x00, 0x00, 0x00, 0x60, 0xFD, 0xFF, 
0xFF, 0xFF, 0xFF, 0xB3, 0x00, 0x00, 0x00, 0x00, 0x00, 0x00, 0x00, 0x00, 0x30, 0xFA, 0xFF, 0xFF, 
0xFF, 0xFF, 0xF8, 0x4F, 0x00, 0x00, 0x00, 0x00, 0x00, 0x00, 0x00, 0x00, 0xB3, 0xFF, 0xFF, 0xFB, 
0x62, 0x12, 0x00, 0x00, 0x00, 0x00, 0x00, 0x00, 0x00, 0x00, 0x00, 0x1A, 0xFE, 0xFF, 0xFF, 0x96, 
0x00, 0x00, 0x00, 0x00, 0x00, 0x00, 0x00, 0x00, 0x00, 0x00, 0x00, 0x69, 0xFF, 0xFF, 0xFF, 0x30, 
0x00, 0x00, 0x00, 0x00, 0x00, 0x00, 0x00, 0x00, 0x00, 0x00, 0x00, 0xAE, 0xFF, 0xFF, 0xE5, 0x00, 
0x00, 0x00, 0x00, 0x00, 0x00, 0x00, 0x00, 0x00, 0x00, 0x00, 0x00, 0xEA, 0xFF, 0xFF, 0xA9, 0x00, 
0x00, 0x00, 0x00, 0x00, 0x00, 0x00, 0x00, 0x00, 0x00, 0x00, 0x1E, 0xFF, 0xFF, 0xFF, 0x73, 0x00, 
0x00, 0x00, 0x00, 0x00, 0x00, 0x00, 0x00, 0x00, 0x00, 0x00, 0x50, 0xFF, 0xFF, 0xFF, 0x41, 0x00, 
0x00, 0x00, 0x00, 0x00, 0x00, 0x00, 0x00, 0x00, 0x00, 0x00, 0x82, 0xFF, 0xFF, 0xFF, 0x10, 0x00, 
0x00, 0x00, 0x00, 0x00, 0x00, 0x00, 0x00, 0x00, 0x00, 0x00, 0xB4, 0xFF, 0xFF, 0xDD, 0x00, 0x00, 
0x00, 0x00, 0x00, 0x00, 0x00, 0x00, 0x00, 0x00, 0x00, 0x00, 0xE6, 0xFF, 0xFF, 0xA8, 0x00, 0x00, 
0x00, 0x00, 0x00, 0x00, 0x00, 0x00, 0x00, 0x00, 0x00, 0x2C, 0xFF, 0xFF, 0xFF, 0x64, 0x00, 0x00, 
0x00, 0x00, 0x00, 0x00, 0x00, 0x00, 0x00, 0x00, 0x00, 0x79, 0xFF, 0xFF, 0xFF, 0x1C, 0x00, 0x00, 
0x00, 0x00, 0x00, 0x00, 0x00, 0x00, 0x00, 0x00, 0x01, 0xD3, 0xFF, 0xFF, 0xBF, 0x00, 0x00, 0x00, 
0x00, 0x00, 0x00, 0x00, 0x00, 0x00, 0x00, 0x00, 0x67, 0xFF, 0xFF, 0xFF, 0x3F, 0x00, 0x00, 0x00, 
0x00, 0x00, 0x00, 0x00, 0x00, 0x00, 0x03, 0x66, 0xF9, 0xFF, 0xFF, 0xAC, 0x00, 0x00, 0x00, 0x00, 
0x00, 0x00, 0x00, 0x00, 0x13, 0x9E, 0xE6, 0xFF, 0xFF, 0xFF, 0xBA, 0x0C, 0x00, 0x00, 0x00, 0x00, 
0x00, 0x00, 0x00, 0x00, 0x74, 0xFF, 0xFF, 0xFF, 0xC7, 0x5E, 0x02, 0x00, 0x00, 0x00, 0x00, 0x00, 
0x00, 0x00, 0x00, 0x00, 0x90, 0xFF, 0xFF, 0xFF, 0xF2, 0x62, 0x00, 0x00, 0x00, 0x00, 0x00, 0x00, 
0x00, 0x00, 0x00, 0x00, 0x0B, 0x60, 0xDC, 0xFF, 0xFF, 0xFC, 0x3E, 0x00, 0x00, 0x00, 0x00, 0x00, 
0x00, 0x00, 0x00, 0x00, 0x00, 0x00, 0x1B, 0xF6, 0xFF, 0xFF, 0xAE, 0x00, 0x00, 0x00, 0x00, 0x00, 
0x00, 0x00, 0x00, 0x00, 0x00, 0x00, 0x00, 0xAB, 0xFF, 0xFF, 0xEC, 0x00, 0x00, 0x00, 0x00, 0x00, 
0x00, 0x00, 0x00, 0x00, 0x00, 0x00, 0x00, 0x8B, 0xFF, 0xFF, 0xFF, 0x03, 0x00, 0x00, 0x00, 0x00, 
0x00, 0x00, 0x00, 0x00, 0x00, 0x00, 0x00, 0x94, 0xFF, 0xFF, 0xF7, 0x00, 0x00, 0x00, 0x00, 0x00, 
0x00, 0x00, 0x00, 0x00, 0x00, 0x00, 0x00, 0xB6, 0xFF, 0xFF, 0xD7, 0x00, 0x00, 0x00, 0x00, 0x00, 
0x00, 0x00, 0x00, 0x00, 0x00, 0x00, 0x00, 0xE6, 0xFF, 0xFF, 0xA9, 0x00, 0x00, 0x00, 0x00, 0x00, 
0x00, 0x00, 0x00, 0x00, 0x00, 0x00, 0x1C, 0xFF, 0xFF, 0xFF, 0x75, 0x00, 0x00, 0x00, 0x00, 0x00, 
0x00, 0x00, 0x00, 0x00, 0x00, 0x00, 0x50, 0xFF, 0xFF, 0xFF, 0x41, 0x00, 0x00, 0x00, 0x00, 0x00, 
0x00, 0x00, 0x00, 0x00, 0x00, 0x00, 0x85, 0xFF, 0xFF, 0xFE, 0x0F, 0x00, 0x00, 0x00, 0x00, 0x00, 
0x00, 0x00, 0x00, 0x00, 0x00, 0x00, 0xBA, 0xFF, 0xFF, 0xD9, 0x00, 0x00, 0x00, 0x00, 0x00, 0x00, 
0x00, 0x00, 0x00, 0x00, 0x00, 0x00, 0xEC, 0xFF, 0xFF, 0xA5, 0x00, 0x00, 0x00, 0x00, 0x00, 0x00, 
0x00, 0x00, 0x00, 0x00, 0x00, 0x13, 0xFF, 0xFF, 0xFF, 0x7C, 0x00, 0x00, 0x00, 0x00, 0x00, 0x00, 
0x00, 0x00, 0x00, 0x00, 0x00, 0x37, 0xFF, 0xFF, 0xFF, 0x59, 0x00, 0x00, 0x00, 0x00, 0x00, 0x00, 
0x00, 0x00, 0x00, 0x00, 0x00, 0x4F, 0xFF, 0xFF, 0xFF, 0x46, 0x00, 0x00, 0x00, 0x00, 0x00, 0x00, 
0x00, 0x00, 0x00, 0x00, 0x00, 0x50, 0xFF, 0xFF, 0xFF, 0x59, 0x00, 0x00, 0x00, 0x00, 0x00, 0x00, 
0x00, 0x00, 0x00, 0x00, 0x00, 0x35, 0xFF, 0xFF, 0xFF, 0xDE, 0x7B, 0x6D, 0x0D, 0x00, 0x00, 0x00, 
0x00, 0x00, 0x00, 0x00, 0x00, 0x08, 0xE6, 0xFF, 0xFF, 0xFF, 0xFF, 0xFF, 0x44, 0x00, 0x00, 0x00, 
0x00, 0x00, 0x00, 0x00, 0x00, 0x00, 0x57, 0xFA, 0xFF, 0xFF, 0xFF, 0xF8, 0x13, 0x00, 0x00, 0x00, 
0x00, 0x00, 0x00, 0x00, 0x00, 0x00, 0x00, 0x20, 0x6B, 0x86, 0x84, 0x43, 0x00, 0x00, 0x00, 0x00, 
0x00, 0x00, 0x00, 0x00, 0x00, 0x00, 0x00, 0x00, 0x00, 0x00, 0x00, 0x00, 0x11, 0x80, 0x98, 0x87, 
0x12, 0x00, 0x00, 0x00, 0x00, 0x00, 0x00, 0x00, 0x00, 0x73, 0xFF, 0xFF, 0xFF, 0x2B, 0x00, 0x00, 
0x00, 0x00, 0x00, 0x00, 0x00, 0x00, 0xA7, 0xFF, 0xFF, 0xF5, 0x03, 0x00, 0x00, 0x00, 0x00, 0x00, 
0x00, 0x00, 0x00, 0xDB, 0xFF, 0xFF, 0xC5, 0x00, 0x00, 0x00, 0x00, 0x00, 0x00, 0x00, 0x00, 0x0F, 
0xFE, 0xFF, 0xFF, 0x92, 0x00, 0x00, 0x00, 0x00, 0x00, 0x00, 0x00, 0x00, 0x41, 0xFF, 0xFF, 0xFF, 
0x5F, 0x00, 0x00, 0x00, 0x00, 0x00, 0x00, 0x00, 0x00, 0x74, 0xFF, 0xFF, 0xFF, 0x2C, 0x00, 0x00, 
0x00, 0x00, 0x00, 0x00, 0x00, 0x00, 0xA7, 0xFF, 0xFF, 0xF5, 0x03, 0x00, 0x00, 0x00, 0x00, 0x00, 
0x00, 0x00, 0x00, 0xDB, 0xFF, 0xFF, 0xC5, 0x00, 0x00, 0x00, 0x00, 0x00, 0x00, 0x00, 0x00, 0x0F, 
0xFE, 0xFF, 0xFF, 0x92, 0x00, 0x00, 0x00, 0x00, 0x00, 0x00, 0x00, 0x00, 0x41, 0xFF, 0xFF, 0xFF, 
0x5F, 0x00, 0x00, 0x00, 0x00, 0x00, 0x00, 0x00, 0x00, 0x74, 0xFF, 0xFF, 0xFF, 0x2C, 0x00, 0x00, 
0x00, 0x00, 0x00, 0x00, 0x00, 0x00, 0xA7, 0xFF, 0xFF, 0xF6, 0x03, 0x00, 0x00, 0x00, 0x00, 0x00, 
0x00, 0x00, 0x00, 0xDB, 0xFF, 0xFF, 0xC6, 0x00, 0x00, 0x00, 0x00, 0x00, 0x00, 0x00, 0x00, 0x0F, 
0xFE, 0xFF, 0xFF, 0x93, 0x00, 0x00, 0x00, 0x00, 0x00, 0x00, 0x00, 0x00, 0x41, 0xFF, 0xFF, 0xFF, 
0x60, 0x00, 0x00, 0x00, 0x00, 0x00, 0x00, 0x00, 0x00, 0x74, 0xFF, 0xFF, 0xFF, 0x2D, 0x00, 0x00, 
0x00, 0x00, 0x00, 0x00, 0x00, 0x00, 0xA7, 0xFF, 0xFF, 0xF6, 0x03, 0x00, 0x00, 0x00, 0x00, 0x00, 
0x00, 0x00, 0x00, 0xDB, 0xFF, 0xFF, 0xC6, 0x00, 0x00, 0x00, 0x00, 0x00, 0x00, 0x00, 0x00, 0x0F, 
0xFE, 0xFF, 0xFF, 0x93, 0x00, 0x00, 0x00, 0x00, 0x00, 0x00, 0x00, 0x00, 0x41, 0xFF, 0xFF, 0xFF, 
0x60, 0x00, 0x00, 0x00, 0x00, 0x00, 0x00, 0x00, 0x00, 0x74, 0xFF, 0xFF, 0xFF, 0x2D, 0x00, 0x00, 
0x00, 0x00, 0x00, 0x00, 0x00, 0x00, 0xA7, 0xFF, 0xFF, 0xF6, 0x04, 0x00, 0x00, 0x00, 0x00, 0x00, 
0x00, 0x00, 0x00, 0xDB, 0xFF, 0xFF, 0xC7, 0x00, 0x00, 0x00, 0x00, 0x00, 0x00, 0x00, 0x00, 0x0F, 
0xFE, 0xFF, 0xFF, 0x94, 0x00, 0x00, 0x00, 0x00, 0x00, 0x00, 0x00, 0x00, 0x41, 0xFF, 0xFF, 0xFF, 
0x61, 0x00, 0x00, 0x00, 0x00, 0x00, 0x00, 0x00, 0x00, 0x74, 0xFF, 0xFF, 0xFF, 0x2E, 0x00, 0x00, 
0x00, 0x00, 0x00, 0x00, 0x00, 0x00, 0xA7, 0xFF, 0xFF, 0xF6, 0x04, 0x00, 0x00, 0x00, 0x00, 0x00, 
0x00, 0x00, 0x00, 0xDB, 0xFF, 0xFF, 0xC7, 0x00, 0x00, 0x00, 0x00, 0x00, 0x00, 0x00, 0x00, 0x0F, 
0xFE, 0xFF, 0xFF, 0x94, 0x00, 0x00, 0x00, 0x00, 0x00, 0x00, 0x00, 0x00, 0x41, 0xFF, 0xFF, 0xFF, 
0x61, 0x00, 0x00, 0x00, 0x00, 0x00, 0x00, 0x00, 0x00, 0x74, 0xFF, 0xFF, 0xFF, 0x2E, 0x00, 0x00, 
0x00, 0x00, 0x00, 0x00, 0x00, 0x00, 0xA7, 0xFF, 0xFF, 0xF7, 0x04, 0x00, 0x00, 0x00, 0x00, 0x00, 
0x00, 0x00, 0x00, 0xDB, 0xFF, 0xFF, 0xC8, 0x00, 0x00, 0x00, 0x00, 0x00, 0x00, 0x00, 0x00, 0x0F, 
0xFE, 0xFF, 0xFF, 0x95, 0x00, 0x00, 0x00, 0x00, 0x00, 0x00, 0x00, 0x00, 0x41, 0xFF, 0xFF, 0xFF, 
0x62, 0x00, 0x00, 0x00, 0x00, 0x00, 0x00, 0x00, 0x00, 0x74, 0xFF, 0xFF, 0xFF, 0x2F, 0x00, 0x00, 
0x00, 0x00, 0x00, 0x00, 0x00, 0x00, 0xA7, 0xFF, 0xFF, 0xF7, 0x04, 0x00, 0x00, 0x00, 0x00, 0x00, 
0x00, 0x00, 0x00, 0xDB, 0xFF, 0xFF, 0xC8, 0x00, 0x00, 0x00, 0x00, 0x00, 0x00, 0x00, 0x00, 0x0F, 
0xFE, 0xFF, 0xFF, 0x95, 0x00, 0x00, 0x00, 0x00, 0x00, 0x00, 0x00, 0x00, 0x41, 0xFF, 0xFF, 0xFF, 
0x62, 0x00, 0x00, 0x00, 0x00, 0x00, 0x00, 0x00, 0x00, 0x73, 0xFF, 0xFF, 0xFF, 0x2E, 0x00, 0x00, 
0x00, 0x00, 0x00, 0x00, 0x00, 0x00, 0x2A, 0x85, 0x8B, 0x5D, 0x00, 0x00, 0x00, 0x00, 0x00, 0x00, 
0x00, 0x00, 0x00, 0x00, 0x00, 0x00, 0x00, 0x00, 0x00, 0x00, 0x00, 0x93, 0xF8, 0xFB, 0xE3, 0x98, 
0x15, 0x00, 0x00, 0x00, 0x00, 0x00, 0x00, 0x00, 0x00, 0x00, 0x10, 0xFD, 0xFF, 0xFF, 0xFF, 0xFF, 
0xD3, 0x05, 0x00, 0x00, 0x00, 0x00, 0x00, 0x00, 0x00, 0x00, 0x17, 0xF3, 0xFF, 0xFF, 0xFF, 0xFF, 
0xFF, 0x45, 0x00, 0x00, 0x00, 0x00, 0x00, 0x00, 0x00, 0x00, 0x00, 0x00, 0x04, 0x7D, 0xFF, 0xFF, 
0xFF, 0x6A, 0x00, 0x00, 0x00, 0x00, 0x00, 0x00, 0x00, 0x00, 0x00, 0x00, 0x00, 0x25, 0xFF, 0xFF, 
0xFF, 0x7C, 0x00, 0x00, 0x00, 0x00, 0x00, 0x00, 0x00, 0x00, 0x00, 0x00, 0x00, 0x29, 0xFF, 0xFF, 
0xFF, 0x6B, 0x00, 0x00, 0x00, 0x00, 0x00, 0x00, 0x00, 0x00, 0x00, 0x00, 0x00, 0x44, 0xFF, 0xFF, 
0xFF, 0x48, 0x00, 0x00, 0x00, 0x00, 0x00, 0x00, 0x00, 0x00, 0x00, 0x00, 0x00, 0x6B, 0xFF, 0xFF, 
0xFF, 0x1F, 0x00, 0x00, 0x00, 0x00, 0x00, 0x00, 0x00, 0x00, 0x00, 0x00, 0x00, 0x9C, 0xFF, 0xFF, 
0xF0, 0x01, 0x00, 0x00, 0x00, 0x00, 0x00, 0x00, 0x00, 0x00, 0x00, 0x00, 0x00, 0xD0, 0xFF, 0xFF, 
0xBE, 0x00, 0x00, 0x00, 0x00, 0x00, 0x00, 0x00, 0x00, 0x00, 0x00, 0x00, 0x09, 0xFB, 0xFF, 0xFF, 
0x8A, 0x00, 0x00, 0x00, 0x00, 0x00, 0x00, 0x00, 0x00, 0x00, 0x00, 0x00, 0x39, 0xFF, 0xFF, 0xFF, 
0x56, 0x00, 0x00, 0x00, 0x00, 0x00, 0x00, 0x00, 0x00, 0x00, 0x00, 0x00, 0x6C, 0xFF, 0xFF, 0xFF, 
0x22, 0x00, 0x00, 0x00, 0x00, 0x00, 0x00, 0x00, 0x00, 0x00, 0x00, 0x00, 0x96, 0xFF, 0xFF, 0xF5, 
0x01, 0x00, 0x00, 0x00, 0x00, 0x00, 0x00, 0x00, 0x00, 0x00, 0x00, 0x00, 0xA8, 0xFF, 0xFF, 0xE1, 
0x00, 0x00, 0x00, 0x00, 0x00, 0x00, 0x00, 0x00, 0x00, 0x00, 0x00, 0x00, 0x9E, 0xFF, 0xFF, 0xEF, 
0x00, 0x00, 0x00, 0x00, 0x00, 0x00, 0x00, 0x00, 0x00, 0x00, 0x00, 0x00, 0x77, 0xFF, 0xFF, 0xFF, 
0x2B, 0x00, 0x00, 0x00, 0x00, 0x00, 0x00, 0x00, 0x00, 0x00, 0x00, 0x00, 0x25, 0xFD, 0xFF, 0xFF, 
0xC0, 0x0C, 0x00, 0x00, 0x00, 0x00, 0x00, 0x00, 0x00, 0x00, 0x00, 0x00, 0x00, 0x7D, 0xFF, 0xFF, 
0xFF, 0xF3, 0x94, 0x00, 0x00, 0x00, 0x00, 0x00, 0x00, 0x00, 0x00, 0x00, 0x00, 0x00, 0x76, 0xF9, 
0xFF, 0xFF, 0xE6, 0x00, 0x00, 0x00, 0x00, 0x00, 0x00, 0x00, 0x00, 0x00, 0x15, 0xAE, 0xFF, 0xFF, 
0xFF, 0xFF, 0x96, 0x00, 0x00, 0x00, 0x00, 0x00, 0x00, 0x00, 0x00, 0x14, 0xDB, 0xFF, 0xFF, 0xF5, 
0x87, 0x36, 0x01, 0x00, 0x00, 0x00, 0x00, 0x00, 0x00, 0x00, 0x00, 0xAB, 0xFF, 0xFF, 0xF4, 0x33, 
0x00, 0x00, 0x00, 0x00, 0x00, 0x00, 0x00, 0x00, 0x00, 0x00, 0x2F, 0xFE, 0xFF, 0xFF, 0x6C, 0x00, 
0x00, 0x00, 0x00, 0x00, 0x00, 0x00, 0x00, 0x00, 0x00, 0x00, 0xA3, 0xFF, 0xFF, 0xEB, 0x05, 0x00, 
0x00, 0x00, 0x00, 0x00, 0x00, 0x00, 0x00, 0x00, 0x00, 0x01, 0xEA, 0xFF, 0xFF, 0x98, 0x00, 0x00, 
0x00, 0x00, 0x00, 0x00, 0x00, 0x00, 0x00, 0x00, 0x00, 0x30, 0xFF, 0xFF, 0xFF, 0x57, 0x00, 0x00, 
0x00, 0x00, 0x00, 0x00, 0x00, 0x00, 0x00, 0x00, 0x00, 0x6A, 0xFF, 0xFF, 0xFF, 0x20, 0x00, 0x00, 
0x00, 0x00, 0x00, 0x00, 0x00, 0x00, 0x00, 0x00, 0x00, 0x9D, 0xFF, 0xFF, 0xED, 0x00, 0x00, 0x00, 
0x00, 0x00, 0x00, 0x00, 0x00, 0x00, 0x00, 0x00, 0x00, 0xCF, 0xFF, 0xFF, 0xBB, 0x00, 0x00, 0x00, 
0x00, 0x00, 0x00, 0x00, 0x00, 0x00, 0x00, 0x00, 0x07, 0xFA, 0xFF, 0xFF, 0x88, 0x00, 0x00, 0x00, 
0x00, 0x00, 0x00, 0x00, 0x00, 0x00, 0x00, 0x00, 0x35, 0xFF, 0xFF, 0xFF, 0x56, 0x00, 0x00, 0x00, 
0x00, 0x00, 0x00, 0x00, 0x00, 0x00, 0x00, 0x00, 0x68, 0xFF, 0xFF, 0xFF, 0x23, 0x00, 0x00, 0x00, 
0x00, 0x00, 0x00, 0x00, 0x00, 0x00, 0x00, 0x00, 0xA1, 0xFF, 0xFF, 0xEC, 0x01, 0x00, 0x00, 0x00, 
0x00, 0x00, 0x00, 0x00, 0x00, 0x00, 0x00, 0x00, 0xE3, 0xFF, 0xFF, 0xB1, 0x00, 0x00, 0x00, 0x00, 
0x00, 0x00, 0x00, 0x00, 0x00, 0x00, 0x00, 0x38, 0xFF, 0xFF, 0xFF, 0x68, 0x00, 0x00, 0x00, 0x00, 
0x00, 0x00, 0x00, 0x00, 0x00, 0x00, 0x01, 0xB6, 0xFF, 0xFF, 0xFA, 0x18, 0x00, 0x00, 0x00, 0x00, 
0x00, 0x00, 0x00, 0x04, 0x64, 0x7F, 0xBF, 0xFF, 0xFF, 0xFF, 0x9F, 0x00, 0x00, 0x00, 0x00, 0x00, 
0x00, 0x00, 0x00, 0x69, 0xFF, 0xFF, 0xFF, 0xFF, 0xFF, 0xE3, 0x14, 0x00, 0x00, 0x00, 0x00, 0x00, 
0x00, 0x00, 0x00, 0xA1, 0xFF, 0xFF, 0xFF, 0xFF, 0xC8, 0x21, 0x00, 0x00, 0x00, 0x00, 0x00, 0x00, 
0x00, 0x00, 0x00, 0x37, 0x86, 0x87, 0x72, 0x38, 0x01, 0x00, 0x00, 0x00, 0x00, 0x00, 0x00, 0x00, 
0x00, 0x00, 0x00, 0x00, 0x00, 0x00, 0x00, 0x18, 0x63, 0x82, 0x85, 0x62, 0x15, 0x00, 0x00, 0x00, 
0x00, 0x00, 0x00, 0x00, 0x00, 0x00, 0x00, 0x00, 0x00, 0x00, 0x00, 0x09, 0x93, 0xFC, 0xFF, 0xFF, 
0xFF, 0xFF, 0xF6, 0x7A, 0x01, 0x00, 0x00, 0x00, 0x00, 0x00, 0x00, 0x05, 0xB1, 0xD0, 0xAB, 0x00, 
0x06, 0xC1, 0xFF, 0xFF, 0xFF, 0xFF, 0xFF, 0xFF, 0xFF, 0xFF, 0x8E, 0x00, 0x00, 0x00, 0x00, 0x00, 
0x00, 0x2D, 0xFF, 0xFF, 0xEF, 0x00, 0x82, 0xFF, 0xFF, 0xFF, 0xDF, 0xA4, 0xBD, 0xFD, 0xFF, 0xFF, 
0xFF, 0x6C, 0x00, 0x00, 0x00, 0x00, 0x00, 0x62, 0xFF, 0xFF, 0xD0, 0x0A, 0xF0, 0xFF, 0xFF, 0xB3, 
0x08, 0x00, 0x00, 0x48, 0xF4, 0xFF, 0xFF, 0xFA, 0x43, 0x00, 0x00, 0x00, 0x05, 0xD2, 0xFF, 0xFF, 
0x8E, 0x49, 0xFF, 0xFF, 0xF7, 0x16, 0x00, 0x00, 0x00, 0x00, 0x4F, 0xFF, 0xFF, 0xFF, 0xF7, 0x6A, 
0x21, 0x34, 0xBB, 0xFF, 0xFF, 0xFE, 0x28, 0x75, 0xFF, 0xFF, 0xB4, 0x00, 0x00, 0x00, 0x00, 0x00, 
0x00, 0x8A, 0xFF, 0xFF, 0xFF, 0xFF, 0xFF, 0xFF, 0xFF, 0xFF, 0xFF, 0x8E, 0x00, 0x85, 0xFF, 0xFF, 
0x85, 0x00, 0x00, 0x00, 0x00, 0x00, 0x00, 0x01, 0xA3, 0xFF, 0xFF, 0xFF, 0xFF, 0xFF, 0xFF, 0xFF, 
0xA7, 0x04, 0x00, 0x16, 0x55, 0x51, 0x0E, 0x00, 0x00, 0x00, 0x00, 0x00, 0x00, 0x00, 0x00, 0x5F, 
0xCF, 0xFE, 0xFF, 0xFD, 0xC7, 0x5A, 0x00, 0x00, 0x00, 0x00, 0x00, 0x00, 0x00, 0x00, 0x00, 0x00, 
0x00, 0x00, 0x00, 0x00, 0x00, 0x00, 0x00, 0x07, 0x16, 0x04, 0x00, 0x00, 0x00, 0x00, 0x00, 0x00, 
0x00, 0x00, 0x00, 0x00, 0x00, 0x00, 0x00, 0x00, 0x00, 0x02, 0x0E, 0x03, 0x00, 0x00, 0x00, 0x00, 
0x00, 0x00, 0x00, 0x00, 0x00, 0x47, 0xF4, 0xFF, 0xF6, 0x27, 0x00, 0x00, 0x00, 0x00, 0x00, 0x00, 
0x00, 0x00, 0x96, 0xFF, 0xFF, 0xFF, 0x12, 0x00, 0x00, 0x00, 0x00, 0x00, 0x00, 0x00, 0x00, 0xC9, 
0xFF, 0xFF, 0xDD, 0x00, 0x00, 0x00, 0x00, 0x00, 0x00, 0x00, 0x00, 0x04, 0xF7, 0xFF, 0xFF, 0xAA, 
0x00, 0x00, 0x00, 0x00, 0x00, 0x00, 0x00, 0x00, 0x2F, 0xFF, 0xFF, 0xFF, 0x77, 0x00, 0x00, 0x00, 
0x00, 0x00, 0x00, 0x00, 0x00, 0x62, 0xFF, 0xFF, 0xFF, 0x44, 0x00, 0x00, 0x00, 0x00, 0x00, 0x00, 
0x00, 0x00, 0x95, 0xFF, 0xFF, 0xFF, 0x11, 0x00, 0x00, 0x00, 0x00, 0x00, 0x00, 0x00, 0x00, 0xC8, 
0xFF, 0xFF, 0xDD, 0x00, 0x00, 0x00, 0x00, 0x00, 0x00, 0x00, 0x00, 0x04, 0xF7, 0xFF, 0xFF, 0xAA, 
0x00, 0x00, 0x00, 0x00, 0x00, 0x00, 0x00, 0x00, 0x2E, 0xFF, 0xFF, 0xFF, 0x77, 0x00, 0x00, 0x00, 
0x00, 0x00, 0x00, 0x00, 0x00, 0x61, 0xFF, 0xFF, 0xFF, 0x43, 0x00, 0x00, 0x00, 0x00, 0x00, 0x00, 
0x00, 0x00, 0x94, 0xFF, 0xFF, 0xFF, 0x11, 0x00, 0x00, 0x00, 0x00, 0x00, 0x00, 0x00, 0x00, 0xC7, 
0xFF, 0xFF, 0xDD, 0x00, 0x00, 0x00, 0x00, 0x00, 0x00, 0x00, 0x00, 0x03, 0xF6, 0xFF, 0xFF, 0xAA, 
0x00, 0x00, 0x00, 0x00, 0x00, 0x00, 0x00, 0x00, 0x2D, 0xFF, 0xFF, 0xFF, 0x76, 0x00, 0x00, 0x00, 
0x00, 0x00, 0x00, 0x00, 0x00, 0x60, 0xFF, 0xFF, 0xFF, 0x43, 0x00, 0x00, 0x00, 0x00, 0x00, 0x00, 
0x00, 0x00, 0x5D, 0xE8, 0xEC, 0xC0, 0x0A, 0x00, 0x00, 0x00, 0x00, 0x00, 0x00, 0x00, 0x00, 0x00, 
0x00, 0x00, 0x00, 0x00, 0x00, 0x00, 0x00, 0x00, 0x00, 0x00, 0x00, 0x00, 0x00, 0x00, 0x00, 0x00, 
0x00, 0x00, 0x00, 0x00, 0x00, 0x00, 0x00, 0x00, 0x00, 0x00, 0x00, 0x00, 0x00, 0x00, 0x00, 0x00, 
0x00, 0x00, 0x00, 0x00, 0x00, 0x00, 0x00, 0x00, 0x00, 0x00, 0x00, 0x00, 0x00, 0x00, 0x00, 0x00, 
0x00, 0x00, 0x00, 0x00, 0x00, 0x00, 0x00, 0x00, 0x00, 0x00, 0x00, 0x00, 0x00, 0x00, 0x00, 0x00, 
0x00, 0x00, 0x00, 0x00, 0x00, 0x00, 0x00, 0x00, 0x00, 0x00, 0x00, 0x00, 0x00, 0x00, 0x00, 0x00, 
0x00, 0x00, 0x00, 0x00, 0x00, 0x00, 0x00, 0x00, 0x00, 0x00, 0x00, 0x00, 0x00, 0x00, 0x00, 0x00, 
0x00, 0x00, 0x00, 0x00, 0x00, 0x00, 0x09, 0x14, 0x03, 0x00, 0x00, 0x00, 0x00, 0x00, 0x00, 0x00, 
0x00, 0x00, 0x73, 0xFD, 0xFF, 0xEA, 0x01, 0x00, 0x00, 0x00, 0x00, 0x00, 0x00, 0x00, 0x00, 0xC4, 
0xFF, 0xFF, 0xDC, 0x00, 0x00, 0x00, 0x00, 0x00, 0x00, 0x00, 0x00, 0x02, 0xF4, 0xFF, 0xFF, 0xA9, 
0x00, 0x00, 0x00, 0x00, 0x00, 0x00, 0x00, 0x00, 0x2B, 0xFF, 0xFF, 0xFF, 0x75, 0x00, 0x00, 0x00, 
0x00, 0x00, 0x00, 0x00, 0x00, 0x5E, 0xFF, 0xFF, 0xFF, 0x42, 0x00, 0x00, 0x00, 0x00, 0x00, 0x00, 
0x00, 0x00, 0x91, 0xFF, 0xFF, 0xFF, 0x10, 0x00, 0x00, 0x00, 0x00, 0x00, 0x00, 0x00, 0x00, 0xC5, 
0xFF, 0xFF, 0xDC, 0x00, 0x00, 0x00, 0x00, 0x00, 0x00, 0x00, 0x00, 0x03, 0xF5, 0xFF, 0xFF, 0xA9, 
0x00, 0x00, 0x00, 0x00, 0x00, 0x00, 0x00, 0x00, 0x2C, 0xFF, 0xFF, 0xFF, 0x75, 0x00, 0x00, 0x00, 
0x00, 0x00, 0x00, 0x00, 0x00, 0x5F, 0xFF, 0xFF, 0xFF, 0x42, 0x00, 0x00, 0x00, 0x00, 0x00, 0x00, 
0x00, 0x00, 0x93, 0xFF, 0xFF, 0xFF, 0x10, 0x00, 0x00, 0x00, 0x00, 0x00, 0x00, 0x00, 0x00, 0xC6, 
0xFF, 0xFF, 0xDC, 0x00, 0x00, 0x00, 0x00, 0x00, 0x00, 0x00, 0x00, 0x03, 0xF5, 0xFF, 0xFF, 0xA9, 
0x00, 0x00, 0x00, 0x00, 0x00, 0x00, 0x00, 0x00, 0x2D, 0xFF, 0xFF, 0xFF, 0x75, 0x00, 0x00, 0x00, 
0x00, 0x00, 0x00, 0x00, 0x00, 0x61, 0xFF, 0xFF, 0xFF, 0x42, 0x00, 0x00, 0x00, 0x00, 0x00, 0x00, 
0x00, 0x00, 0x94, 0xFF, 0xFF, 0xFF, 0x10, 0x00, 0x00, 0x00, 0x00, 0x00, 0x00, 0x00, 0x00, 0xB4, 
0xFF, 0xFF, 0xC8, 0x00, 0x00, 0x00, 0x00, 0x00, 0x00, 0x00, 0x00, 0x00, 0x06, 0x26, 0x22, 0x02, 
0x00, 0x00, 0x00, 0x00, 0x00, 0x00, 0x00, 0x00, 0x00, 0x00, 0x00, 0x00, 0x00, 0x00, 0x00, 0x00, 
0x00, 0x00, 0x00, 0x00, 0x00, 0x27, 0x5F, 0x7B, 0x82, 0x70, 0x4D, 0x14, 0x00, 0x00, 0x00, 0x00, 
0x00, 0x00, 0x00, 0x00, 0x00, 0x00, 0x00, 0x00, 0x5B, 0xC9, 0xFF, 0xFF, 0xFF, 0xFF, 0xFF, 0xFF, 
0xFC, 0xAE, 0x1F, 0x00, 0x00, 0x00, 0x00, 0x00, 0x00, 0x00, 0x00, 0x0B, 0xA9, 0xFF, 0xFF, 0xFF, 
0xFF, 0xFF, 0xFF, 0xFF, 0xFF, 0xFF, 0xFF, 0xAA, 0x00, 0x00, 0x00, 0x00, 0x00, 0x00, 0x00, 0x00, 
0xA9, 0xFF, 0xFF, 0xFF, 0xFE, 0xB7, 0x80, 0x7B, 0x9C, 0xE5, 0xFF, 0xFF, 0xA3, 0x00, 0x00, 0x00, 
0x00, 0x00, 0x00, 0x00, 0x5A, 0xFF, 0xFF, 0xFF, 0xE3, 0x40, 0x00, 0x00, 0x00, 0x00, 0x04, 0x6A, 
0xEF, 0x52, 0x00, 0x00, 0x00, 0x00, 0x00, 0x00, 0x00, 0xC2, 0xFF, 0xFF, 0xFF, 0x37, 0x00, 0x00, 
0x00, 0x00, 0x00, 0x00, 0x00, 0x06, 0x00, 0x00, 0x00, 0x00, 0x00, 0x00, 0x00, 0x0B, 0xFF, 0xFF, 
0xFF, 0xCF, 0x00, 0x00, 0x00, 0x00, 0x00, 0x00, 0x00, 0x00, 0x00, 0x00, 0x00, 0x00, 0x00, 0x00, 
0x00, 0x00, 0x2A, 0xFF, 0xFF, 0xFF, 0xB3, 0x00, 0x00, 0x00, 0x00, 0x00, 0x00, 0x00, 0x00, 0x00, 
0x00, 0x00, 0x00, 0x00, 0x00, 0x00, 0x00, 0x2C, 0xFF, 0xFF, 0xFF, 0xE2, 0x04, 0x00, 0x00, 0x00, 
0x00, 0x00, 0x00, 0x00, 0x00, 0x00, 0x00, 0x00, 0x00, 0x00, 0x00, 0x00, 0x08, 0xF8, 0xFF, 0xFF, 
0xFF, 0x94, 0x01, 0x00, 0x00, 0x00, 0x00, 0x00, 0x00, 0x00, 0x00, 0x00, 0x00, 0x00, 0x00, 0x00, 
0x00, 0x00, 0x91, 0xFF, 0xFF, 0xFF, 0xFF, 0xC4, 0x37, 0x00, 0x00, 0x00, 0x00, 0x00, 0x00, 0x00, 
0x00, 0x00, 0x00, 0x00, 0x00, 0x00, 0x16, 0xAD, 0xFF, 0xFF, 0xFF, 0xFF, 0xFF, 0xFF, 0xB9, 0x44, 
0x00, 0x00, 0x00, 0x00, 0x00, 0x00, 0x00, 0x00, 0x00, 0x00, 0x48, 0xEC, 0xFF, 0xFF, 0xFF, 0xFF, 
0xFF, 0xFF, 0xFF, 0xFF, 0xFF, 0xC6, 0x41, 0x00, 0x00, 0x00, 0x00, 0x00, 0x00, 0x00, 0x45, 0xF7, 
0xFF, 0xFF, 0xFE, 0xA5, 0x63, 0xE0, 0xFF, 0xFF, 0xFF, 0xFF, 0xFF, 0xFE, 0x8A, 0x04, 0x00, 0x00, 
0x00, 0x00, 0x2A, 0xF6, 0xFF, 0xFF, 0xF6, 0x4B, 0x00, 0x00, 0x06, 0x60, 0xD1, 0xFF, 0xFF, 0xFF, 
0xFF, 0xFF, 0x9D, 0x00, 0x00, 0x00, 0x00, 0xC0, 0xFF, 0xFF, 0xFF, 0x4F, 0x00, 0x00, 0x00, 0x00, 
0x00, 0x00, 0x4D, 0xDF, 0xFF, 0xFF, 0xFF, 0xFF, 0x3C, 0x00, 0x00, 0x35, 0xFF, 0xFF, 0xFF, 0xBA, 
0x00, 0x00, 0x00, 0x00, 0x00, 0x00, 0x00, 0x00, 0x0E, 0xD5, 0xFF, 0xFF, 0xFF, 0x98, 0x00, 0x00, 
0x80, 0xFF, 0xFF, 0xFF, 0x5A, 0x00, 0x00, 0x00, 0x00, 0x00, 0x00, 0x00, 0x00, 0x00, 0x43, 0xFF, 
0xFF, 0xFF, 0xBD, 0x00, 0x00, 0xA4, 0xFF, 0xFF, 0xFF, 0x3E, 0x00, 0x00, 0x00, 0x00, 0x00, 0x00, 
0x00, 0x00, 0x00, 0x1E, 0xFF, 0xFF, 0xFF, 0xBA, 0x00, 0x00, 0xA5, 0xFF, 0xFF, 0xFF, 0x65, 0x00, 
0x00, 0x00, 0x00, 0x00, 0x00, 0x00, 0x00, 0x00, 0x3D, 0xFF, 0xFF, 0xFF, 0x95, 0x00, 0x00, 0x7F, 
0xFF, 0xFF, 0xFF, 0xEB, 0x24, 0x00, 0x00, 0x00, 0x00, 0x00, 0x00, 0x00, 0x00, 0x9E, 0xFF, 0xFF, 
0xFF, 0x46, 0x00, 0x00, 0x26, 0xFB, 0xFF, 0xFF, 0xFF, 0xF1, 0x6B, 0x06, 0x00, 0x00, 0x00, 0x00, 
0x00, 0x3B, 0xFE, 0xFF, 0xFF, 0xD0, 0x01, 0x00, 0x00, 0x00, 0x78, 0xFF, 0xFF, 0xFF, 0xFF, 0xFF, 
0xE4, 0x73, 0x0D, 0x00, 0x00, 0x3D, 0xF0, 0xFF, 0xFF, 0xF8, 0x36, 0x00, 0x00, 0x00, 0x00, 0x00, 
0x67, 0xF7, 0xFF, 0xFF, 0xFF, 0xFF, 0xFF, 0xED, 0x74, 0x9A, 0xFC, 0xFF, 0xFF, 0xFA, 0x4D, 0x00, 
0x00, 0x00, 0x00, 0x00, 0x00, 0x00, 0x29, 0xAD, 0xFE, 0xFF, 0xFF, 0xFF, 0xFF, 0xFF, 0xFF, 0xFF, 
0xFF, 0xEB, 0x4D, 0x00, 0x00, 0x00, 0x00, 0x00, 0x00, 0x00, 0x00, 0x00, 0x00, 0x2E, 0xA3, 0xFA, 
0xFF, 0xFF, 0xFF, 0xFF, 0xFF, 0xB6, 0x15, 0x00, 0x00, 0x00, 0x00, 0x00, 0x00, 0x00, 0x00, 0x00, 
0x00, 0x00, 0x00, 0x00, 0x23, 0xAA, 0xFF, 0xFF, 0xFF, 0xFF, 0xC3, 0x00, 0x00, 0x00, 0x00, 0x00, 
0x00, 0x00, 0x00, 0x00, 0x00, 0x00, 0x00, 0x00, 0x00, 0x00, 0x00, 0x68, 0xFF, 0xFF, 0xFF, 0xFF, 
0x30, 0x00, 0x00, 0x00, 0x00, 0x00, 0x00, 0x00, 0x00, 0x00, 0x00, 0x00, 0x00, 0x00, 0x00, 0x00, 
0x00, 0xBB, 0xFF, 0xFF, 0xFF, 0x66, 0x00, 0x00, 0x00, 0x00, 0x00, 0x00, 0x00, 0x00, 0x00, 0x00, 
0x00, 0x00, 0x00, 0x00, 0x00, 0x00, 0x93, 0xFF, 0xFF, 0xFF, 0x5A, 0x00, 0x00, 0x00, 0x00, 0x00, 
0x00, 0x00, 0x00, 0x00, 0x00, 0x00, 0x00, 0x00, 0x00, 0x00, 0x00, 0xB8, 0xFF, 0xFF, 0xFF, 0x34, 
0x00, 0x00, 0x00, 0x00, 0x00, 0x30, 0x0F, 0x00, 0x00, 0x00, 0x00, 0x00, 0x00, 0x00, 0x00, 0x27, 
0xFB, 0xFF, 0xFF, 0xDC, 0x01, 0x00, 0x00, 0x00, 0x00, 0x11, 0xF7, 0xE4, 0x50, 0x00, 0x00, 0x00, 
0x00, 0x00, 0x00, 0x26, 0xD9, 0xFF, 0xFF, 0xFF, 0x6D, 0x00, 0x00, 0x00, 0x00, 0x00, 0x4D, 0xFF, 
0xFF, 0xFF, 0xD5, 0x87, 0x5E, 0x54, 0x68, 0xA6, 0xFA, 0xFF, 0xFF, 0xFF, 0xC0, 0x03, 0x00, 0x00, 
0x00, 0x00, 0x00, 0x3F, 0xFF, 0xFF, 0xFF, 0xFF, 0xFF, 0xFF, 0xFF, 0xFF, 0xFF, 0xFF, 0xFF, 0xFF, 
0xC0, 0x10, 0x00, 0x00, 0x00, 0x00, 0x00, 0x00, 0x00, 0x50, 0xD9, 0xFF, 0xFF, 0xFF, 0xFF, 0xFF, 
0xFF, 0xFF, 0xFF, 0xE6, 0x6F, 0x03, 0x00, 0x00, 0x00, 0x00, 0x00, 0x00, 0x00, 0x00, 0x00, 0x02, 
0x40, 0x83, 0xA9, 0xBC, 0xBC, 0xAC, 0x84, 0x45, 0x05, 0x00, 0x00, 0x00, 0x00, 0x00, 0x00, 0x00, 
0x00, 0x00, 0x00, 0x00, 0x00, 0x00, 0x00, 0x00, 0x00, 0x00, 0x00, 0x00, 0x00, 0x00, 0x00, 0x04, 
0x36, 0x66, 0x95, 0xAE, 0xBD, 0xCA, 0xC7, 0xBC, 0xAB, 0x86, 0x5D, 0x1B, 0x00, 0x00, 0x00, 0x00, 
0x00, 0x00, 0x00, 0x00, 0x00, 0x00, 0x00, 0x00, 0x00, 0x00, 0x00, 0x00, 0x00, 0x00, 0x00, 0x39, 
0x9A, 0xEB, 0xFF, 0xFF, 0xFF, 0xFF, 0xFF, 0xFF, 0xFF, 0xFF, 0xFF, 0xFF, 0xFF, 0xFF, 0xCF, 0x65, 
0x08, 0x00, 0x00, 0x00, 0x00, 0x00, 0x00, 0x00, 0x00, 0x00, 0x00, 0x00, 0x00, 0x00, 0x00, 0x33, 
0xBA, 0xFF, 0xFF, 0xFF, 0xFF, 0xFF, 0xFF, 0xFF, 0xF5, 0xEB, 0xF5, 0xFE, 0xFF, 0xFF, 0xFF, 0xFF, 
0xFF, 0xFF, 0xDB, 0x3F, 0x00, 0x00, 0x00, 0x00, 0x00, 0x00, 0x00, 0x00, 0x00, 0x00, 0x00, 0x04, 
0x7F, 0xFB, 0xFF, 0xFF, 0xFF, 0xE4, 0x8E, 0x53, 0x20, 0x04, 0x00, 0x00, 0x00, 0x04, 0x26, 0x51, 
0x96, 0xE9, 0xFF, 0xFF, 0xFF, 0xFB, 0x5B, 0x00, 0x00, 0x00, 0x00, 0x00, 0x00, 0x00, 0x00, 0x00, 
0x09, 0xB3, 0xFF, 0xFF, 0xFF, 0xD1, 0x4C, 0x02, 0x00, 0x00, 0x00, 0x00, 0x00, 0x00, 0x00, 0x00, 
0x00, 0x00, 0x00, 0x07, 0x6B, 0xF1, 0xFF, 0xFF, 0xFB, 0x3F, 0x00, 0x00, 0x00, 0x00, 0x00, 0x00, 
0x00, 0x06, 0xBF, 0xFF, 0xFF, 0xFA, 0x74, 0x02, 0x00, 0x00, 0x00, 0x00, 0x00, 0x00, 0x00, 0x00, 
0x00, 0x00, 0x00, 0x00, 0x00, 0x00, 0x00, 0x26, 0xE3, 0xFF, 0xFF, 0xDF, 0x07, 0x00, 0x00, 0x00, 
0x00, 0x00, 0x00, 0xA0, 0xFF, 0xFF, 0xF3, 0x3E, 0x00, 0x00, 0x00, 0x00, 0x00, 0x00, 0x12, 0x4D, 
0x66, 0x72, 0x60, 0x33, 0x02, 0x00, 0x00, 0x00, 0x00, 0x00, 0x34, 0xFA, 0xFF, 0xFF, 0x6B, 0x00, 
0x00, 0x00, 0x00, 0x00, 0x5D, 0xFF, 0xFF, 0xFA, 0x3E, 0x00, 0x00, 0x00, 0x00, 0x00, 0x3A, 0xBA, 
0xFC, 0xFF, 0xFF, 0xFF, 0xFF, 0xFF, 0xE5, 0x76, 0x06, 0x00, 0x00, 0x00, 0x00, 0x99, 0xFF, 0xFF, 
0xCC, 0x00, 0x00, 0x00, 0x00, 0x13, 0xEC, 0xFF, 0xFF, 0x6E, 0x00, 0x00, 0x00, 0x00, 0x05, 0x90, 
0xFF, 0xFF, 0xFF, 0xFF, 0xFF, 0xFF, 0xFF, 0xFF, 0xFF, 0xFF, 0xC4, 0x00, 0x00, 0x00, 0x00, 0x32, 
0xFF, 0xFF, 0xFE, 0x11, 0x00, 0x00, 0x00, 0x8A, 0xFF, 0xFF, 0xC3, 0x01, 0x00, 0x00, 0x00, 0x03, 
0xAE, 0xFF, 0xFF, 0xFF, 0xF3, 0xA3, 0x74, 0x6B, 0x8B, 0xDC, 0xFF, 0xFF, 0xFE, 0x06, 0x00, 0x00, 
0x00, 0x00, 0xEF, 0xFF, 0xFF, 0x3A, 0x00, 0x00, 0x11, 0xF5, 0xFF, 0xFF, 0x33, 0x00, 0x00, 0x00, 
0x00, 0x8A, 0xFF, 0xFF, 0xFF, 0xB6, 0x18, 0x00, 0x00, 0x00, 0x00, 0x02, 0x73, 0xFB, 0xC7, 0x00, 
0x00, 0x00, 0x00, 0x00, 0xCB, 0xFF, 0xFF, 0x4F, 0x00, 0x00, 0x70, 0xFF, 0xFF, 0xB6, 0x00, 0x00, 
0x00, 0x00, 0x37, 0xFD, 0xFF, 0xFF, 0xB8, 0x04, 0x00, 0x00, 0x00, 0x00, 0x00, 0x00, 0x00, 0x35, 
0x21, 0x00, 0x00, 0x00, 0x00, 0x00, 0xB9, 0xFF, 0xFF, 0x65, 0x00, 0x00, 0xCE, 0xFF, 0xFF, 0x4E, 
0x00, 0x00, 0x00, 0x00, 0xBF, 0xFF, 0xFF, 0xF2, 0x1C, 0x00, 0x00, 0x00, 0x00, 0x00, 0x00, 0x00, 
0x00, 0x00, 0x00, 0x00, 0x00, 0x00, 0x00, 0x00, 0xAA, 0xFF, 0xFF, 0x6B, 0x00, 0x1E, 0xFF, 0xFF, 
0xF1, 0x05, 0x00, 0x00, 0x00, 0x33, 0xFF, 0xFF, 0xFF, 0x74, 0x00, 0x00, 0x00, 0x00, 0x00, 0x00, 
0x00, 0x00, 0x00, 0x00, 0x00, 0x00, 0x00, 0x00, 0x00, 0x00, 0xB1, 0xFF, 0xFF, 0x61, 0x00, 0x65, 
0xFF, 0xFF, 0xB4, 0x00, 0x00, 0x00, 0x00, 0x94, 0xFF, 0xFF, 0xFA, 0x15, 0x00, 0x00, 0x00, 0x00, 
0x00, 0x00, 0x00, 0x00, 0x00, 0x00, 0x00, 0x00, 0x00, 0x00, 0x00, 0x00, 0xC2, 0xFF, 0xFF, 0x4E, 
0x00, 0xA1, 0xFF, 0xFF, 0x74, 0x00, 0x00, 0x00, 0x00, 0xE2, 0xFF, 0xFF, 0xB3, 0x00, 0x00, 0x00, 
0x00, 0x00, 0x00, 0x00, 0x00, 0x00, 0x00, 0x00, 0x00, 0x00, 0x00, 0x00, 0x00, 0x00, 0xE2, 0xFF, 
0xFF, 0x2C, 0x00, 0xCD, 0xFF, 0xFF, 0x3B, 0x00, 0x00, 0x00, 0x23, 0xFF, 0xFF, 0xFF, 0x74, 0x00, 
0x00, 0x00, 0x00, 0x00, 0x00, 0x00, 0x00, 0x00, 0x00, 0x00, 0x00, 0x00, 0x00, 0x00, 0x00, 0x06, 
0xFD, 0xFF, 0xFD, 0x08, 0x00, 0xF0, 0xFF, 0xFF, 0x19, 0x00, 0x00, 0x00, 0x55, 0xFF, 0xFF, 0xFF, 
0x41, 0x00, 0x00, 0x00, 0x00, 0x00, 0x00, 0x00, 0x00, 0x00, 0x00, 0x00, 0x00, 0x00, 0x00, 0x00, 
0x00, 0x2D, 0xFF, 0xFF, 0xE0, 0x00, 0x16, 0xFF, 0xFF, 0xF8, 0x01, 0x00, 0x00, 0x00, 0x78, 0xFF, 
0xFF, 0xFF, 0x1A, 0x00, 0x00, 0x00, 0x00, 0x00, 0x00, 0x00, 0x00, 0x00, 0x00, 0x00, 0x00, 0x00, 
0x00, 0x00, 0x00, 0x6D, 0xFF, 0xFF, 0xAD, 0x00, 0x31, 0xFF, 0xFF, 0xE0, 0x00, 0x00, 0x00, 0x00, 
0x8E, 0xFF, 0xFF, 0xFF, 0x08, 0x00, 0x00, 0x00, 0x00, 0x00, 0x00, 0x00, 0x00, 0x00, 0x00, 0x00, 
0x00, 0x00, 0x00, 0x00, 0x00, 0xB0, 0xFF, 0xFF, 0x6F, 0x00, 0x3F, 0xFF, 0xFF, 0xD4, 0x00, 0x00, 
0x00, 0x00, 0x94, 0xFF, 0xFF, 0xFF, 0x0C, 0x00, 0x00, 0x00, 0x00, 0x00, 0x00, 0x00, 0x00, 0x00, 
0x00, 0x00, 0x00, 0x00, 0x00, 0x00, 0x07, 0xF0, 0xFF, 0xFF, 0x24, 0x00, 0x45, 0xFF, 0xFF, 0xD5, 
0x00, 0x00, 0x00, 0x00, 0x85, 0xFF, 0xFF, 0xFF, 0x33, 0x00, 0x00, 0x00, 0x00, 0x00, 0x00, 0x00, 
0x00, 0x00, 0x00, 0x00, 0x00, 0x00, 0x00, 0x00, 0x54, 0xFF, 0xFF, 0xD2, 0x00, 0x00, 0x37, 0xFF, 
0xFF, 0xE5, 0x00, 0x00, 0x00, 0x00, 0x5E, 0xFF, 0xFF, 0xFF, 0x8F, 0x00, 0x00, 0x00, 0x00, 0x00, 
0x00, 0x00, 0x31, 0xC4, 0x3B, 0x00, 0x00, 0x00, 0x00, 0x00, 0xC3, 0xFF, 0xFF, 0x6F, 0x00, 0x00, 
0x23, 0xFF, 0xFF, 0xF8, 0x03, 0x00, 0x00, 0x00, 0x1B, 0xFC, 0xFF, 0xFF, 0xFB, 0x65, 0x01, 0x00, 
0x00, 0x00, 0x28, 0x96, 0xFB, 0xFF, 0x36, 0x00, 0x00, 0x00, 0x00, 0x43, 0xFF, 0xFF, 0xF0, 0x10, 
0x00, 0x00, 0x0C, 0xFE, 0xFF, 0xFF, 0x37, 0x00, 0x00, 0x00, 0x00, 0x9E, 0xFF, 0xFF, 0xFF, 0xFF, 
0xE8, 0xBF, 0xC2, 0xE1, 0xFF, 0xFF, 0xFF, 0xE5, 0x04, 0x00, 0x00, 0x00, 0x06, 0xD6, 0xFF, 0xFF, 
0x7D, 0x00, 0x00, 0x00, 0x00, 0xD4, 0xFF, 0xFF, 0x7B, 0x00, 0x00, 0x00, 0x00, 0x0D, 0xC6, 0xFF, 
0xFF, 0xFF, 0xFF, 0xFF, 0xFF, 0xFF, 0xFF, 0xFF, 0xCD, 0x2E, 0x00, 0x00, 0x00, 0x00, 0x93, 0xFF, 
0xFF, 0xDD, 0x0A, 0x00, 0x00, 0x00, 0x00, 0x84, 0xFF, 0xFF, 0xE2, 0x08, 0x00, 0x00, 0x00, 0x00, 
0x06, 0x6E, 0xD1, 0xFE, 0xFF, 0xFF, 0xFF, 0xED, 0xA9, 0x4C, 0x00, 0x00, 0x00, 0x00, 0x00, 0x6B, 
0xFF, 0xFF, 0xFD, 0x40, 0x00, 0x00, 0x00, 0x00, 0x00, 0x1E, 0xF8, 0xFF, 0xFF, 0x94, 0x00, 0x00, 
0x00, 0x00, 0x00, 0x00, 0x00, 0x0D, 0x24, 0x28, 0x12, 0x00, 0x00, 0x00, 0x00, 0x00, 0x00, 0x01, 
0x78, 0xFF, 0xFF, 0xFF, 0x74, 0x00, 0x00, 0x00, 0x00, 0x00, 0x00, 0x00, 0x86, 0xFF, 0xFF, 0xFF, 
0x90, 0x06, 0x00, 0x00, 0x00, 0x00, 0x00, 0x00, 0x00, 0x00, 0x00, 0x00, 0x00, 0x00, 0x00, 0x00, 
0x23, 0xB7, 0xFF, 0xFF, 0xFF, 0x90, 0x00, 0x00, 0x00, 0x00, 0x00, 0x00, 0x00, 0x00, 0x05, 0xC4, 
0xFF, 0xFF, 0xFF, 0xD6, 0x5E, 0x08, 0x00, 0x00, 0x00, 0x00, 0x00, 0x00, 0x00, 0x00, 0x00, 0x00, 
0x38, 0x9B, 0xFA, 0xFF, 0xFF, 0xFE, 0x7F, 0x00, 0x00, 0x00, 0x00, 0x00, 0x00, 0x00, 0x00, 0x00, 
0x00, 0x0D, 0xBD, 0xFF, 0xFF, 0xFF, 0xFF, 0xF6, 0xB9, 0x8A, 0x66, 0x56, 0x4B, 0x51, 0x60, 0x78, 
0xA9, 0xE1, 0xFF, 0xFF, 0xFF, 0xFF, 0xE2, 0x42, 0x00, 0x00, 0x00, 0x00, 0x00, 0x00, 0x00, 0x00, 
0x00, 0x00, 0x00, 0x00, 0x02, 0x71, 0xEE, 0xFF, 0xFF, 0xFF, 0xFF, 0xFF, 0xFF, 0xFF, 0xFF, 0xFF, 
0xFF, 0xFF, 0xFF, 0xFF, 0xFF, 0xFF, 0xE7, 0x73, 0x0A, 0x00, 0x00, 0x00, 0x00, 0x00, 0x00, 0x00, 
0x00, 0x00, 0x00, 0x00, 0x00, 0x00, 0x00, 0x00, 0x0A, 0x66, 0xB6, 0xF6, 0xFF, 0xFF, 0xFF, 0xFF, 
0xFF, 0xFF, 0xFF, 0xFF, 0xFF, 0xE2, 0xA0, 0x4B, 0x05, 0x00, 0x00, 0x00, 0x00, 0x00, 0x00, 0x00, 
0x00, 0x00, 0x00, 0x00, 0x00, 0x00, 0x00, 0x00, 0x00, 0x00, 0x00, 0x00, 0x00, 0x04, 0x26, 0x4C, 
0x5F, 0x6A, 0x70, 0x64, 0x56, 0x40, 0x12, 0x00, 0x00, 0x00, 0x00, 0x00, 0x00, 0x00, 0x00, 0x00, 
0x00, 0x00, 0x00, 0x00, 0x00, 0x00, 0x00, 0x00, 0x00, 0x00, 0x00, 0x00, 0x03, 0xA0, 0xF1, 0xF6, 
0xAD, 0x00, 0x00, 0x00, 0x00, 0x09, 0x6A, 0x82, 0x76, 0x1F, 0x00, 0x00, 0x00, 0x00, 0x00, 0x00, 
0x91, 0xFF, 0xFF, 0xFF, 0x5A, 0x00, 0x00, 0x00, 0x03, 0xB7, 0xFF, 0xFF, 0xFC, 0x39, 0x00, 0x00, 
0x00, 0x00, 0x00, 0x64, 0xFF, 0xFF, 0xFF, 0x95, 0x00, 0x00, 0x00, 0x00, 0x94, 0xFF, 0xFF, 0xFF, 
0x71, 0x00, 0x00, 0x00, 0x00, 0x00, 0x3D, 0xF9, 0xFF, 0xFF, 0xCA, 0x06, 0x00, 0x00, 0x00, 0x6D, 
0xFF, 0xFF, 0xFF, 0xA3, 0x00, 0x00, 0x00, 0x00, 0x00, 0x1F, 0xEA, 0xFF, 0xFF, 0xED, 0x1F, 0x00, 
0x00, 0x00, 0x49, 0xFC, 0xFF, 0xFF, 0xCD, 0x09, 0x00, 0x00, 0x00, 0x00, 0x0C, 0xD1, 0xFF, 0xFF, 
0xFE, 0x4A, 0x00, 0x00, 0x00, 0x2D, 0xF2, 0xFF, 0xFF, 0xEA, 0x1E, 0x00, 0x00, 0x00, 0x00, 0x01, 
0xAF, 0xFF, 0xFF, 0xFF, 0x84, 0x00, 0x00, 0x00, 0x17, 0xE1, 0xFF, 0xFF, 0xFB, 0x3F, 0x00, 0x00, 
0x00, 0x00, 0x00, 0x84, 0xFF, 0xFF, 0xFF, 0xBC, 0x02, 0x00, 0x00, 0x08, 0xC8, 0xFF, 0xFF, 0xFF, 
0x6D, 0x00, 0x00, 0x00, 0x00, 0x00, 0x56, 0xFF, 0xFF, 0xFF, 0xE5, 0x16, 0x00, 0x00, 0x00, 0xA9, 
0xFF, 0xFF, 0xFF, 0x9F, 0x00, 0x00, 0x00, 0x00, 0x00, 0x00, 0xE9, 0xFF, 0xFF, 0xFB, 0x3C, 0x00, 
0x00, 0x00, 0x43, 0xFF, 0xFF, 0xFF, 0xCA, 0x07, 0x00, 0x00, 0x00, 0x00, 0x00, 0x00, 0xD4, 0xFF, 
0xFF, 0xEF, 0x08, 0x00, 0x00, 0x00, 0x2D, 0xFF, 0xFF, 0xFF, 0x9B, 0x00, 0x00, 0x00, 0x00, 0x00, 
0x00, 0x00, 0x76, 0xFF, 0xFF, 0xFF, 0x59, 0x00, 0x00, 0x00, 0x00, 0xC6, 0xFF, 0xFF, 0xF5, 0x10, 
0x00, 0x00, 0x00, 0x00, 0x00, 0x00, 0x12, 0xF6, 0xFF, 0xFF, 0xBA, 0x00, 0x00, 0x00, 0x00, 0x51, 
0xFF, 0xFF, 0xFF, 0x70, 0x00, 0x00, 0x00, 0x00, 0x00, 0x00, 0x00, 0x9B, 0xFF, 0xFF, 0xFD, 0x1E, 
0x00, 0x00, 0x00, 0x02, 0xDA, 0xFF, 0xFF, 0xDA, 0x01, 0x00, 0x00, 0x00, 0x00, 0x00, 0x00, 0x2E, 
0xFF, 0xFF, 0xFF, 0x7D, 0x00, 0x00, 0x00, 0x00, 0x67, 0xFF, 0xFF, 0xFF, 0x46, 0x00, 0x00, 0x00, 
0x00, 0x00, 0x00, 0x00, 0xC1, 0xFF, 0xFF, 0xDD, 0x01, 0x00, 0x00, 0x00, 0x08, 0xE9, 0xFF, 0xFF, 
0xB1, 0x00, 0x00, 0x00, 0x00, 0x00, 0x00, 0x00, 0x53, 0xFF, 0xFF, 0xFF, 0x40, 0x00, 0x00, 0x00, 
0x00, 0x7C, 0xFF, 0xFF, 0xFD, 0x1F, 0x00, 0x00, 0x00, 0x00, 0x00, 0x00, 0x03, 0xE2, 0xFF, 0xFF, 
0xA1, 0x00, 0x00, 0x00, 0x00, 0x12, 0xF4, 0xFF, 0xFF, 0x86, 0x00, 0x00, 0x00, 0x00, 0x00, 0x00, 
0x00, 0x79, 0xFF, 0xFF, 0xF5, 0x07, 0x00, 0x00, 0x00, 0x00, 0x8D, 0xFF, 0xFF, 0xC9, 0x00, 0x00, 
0x00, 0x00, 0x00, 0x00, 0x00, 0x0F, 0x90, 0x9D, 0x7B, 0x01, 0x00, 0x00, 0x00, 0x00, 0x02, 0x1E, 
0x1E, 0x05, 0x00, 0x00, 0x00, 0x00, 0x00, 0x00, 0x00, 0x00, 0x00, 0x00, 0x22, 0x7B, 0xC4, 0xE5, 
0xF5, 0xE3, 0xC1, 0x7A, 0x1B, 0x00, 0x00, 0x00, 0x00, 0x00, 0x00, 0x00, 0x00, 0x10, 0x98, 0xFB, 
0xFF, 0xFF, 0xEC, 0xDE, 0xF3, 0xFF, 0xFF, 0xF7, 0x84, 0x03, 0x00, 0x00, 0x00, 0x00, 0x00, 0x29, 
0xDB, 0xFF, 0xE2, 0x69, 0x16, 0x00, 0x00, 0x00, 0x2D, 0x8F, 0xF8, 0xFF, 0xB2, 0x03, 0x00, 0x00, 
0x00, 0x1C, 0xE5, 0xFF, 0x9F, 0x09, 0x01, 0x0F, 0x10, 0x0D, 0x00, 0x00, 0x00, 0x37, 0xED, 0xFF, 
0x83, 0x00, 0x00, 0x01, 0xC7, 0xFF, 0x9A, 0x00, 0x03, 0xD0, 0xFF, 0xFF, 0xFF, 0xF6, 0xC9, 0x38, 
0x00, 0x4E, 0xFF, 0xF6, 0x18, 0x00, 0x59, 0xFF, 0xD7, 0x06, 0x00, 0x3C, 0xFF, 0xFF, 0xC4, 0xD0, 
0xFE, 0xFF, 0xEB, 0x03, 0x00, 0xC7, 0xFF, 0x73, 0x00, 0xC8, 0xFF, 0x57, 0x00, 0x00, 0x6F, 0xFF, 
0xDE, 0x00, 0x00, 0x7F, 0xFF, 0xFF, 0x1E, 0x00, 0x76, 0xFF, 0xB6, 0x18, 0xFE, 0xF6, 0x08, 0x00, 
0x00, 0xA2, 0xFF, 0xAC, 0x00, 0x00, 0x9E, 0xFF, 0xE9, 0x02, 0x00, 0x47, 0xFF, 0xD6, 0x49, 0xFF, 
0xC4, 0x00, 0x00, 0x00, 0xD5, 0xFF, 0xD1, 0xA0, 0xC9, 0xFF, 0xF2, 0x47, 0x00, 0x00, 0x39, 0xFF, 
0xE0, 0x61, 0xFF, 0xAC, 0x00, 0x00, 0x0B, 0xFD, 0xFF, 0xFF, 0xFF, 0xFF, 0xDE, 0x1F, 0x00, 0x00, 
0x00, 0x4C, 0xFF, 0xC9, 0x67, 0xFF, 0xB1, 0x00, 0x00, 0x3B, 0xFF, 0xFF, 0x3F, 0x57, 0xF9, 0xFF, 
0x86, 0x00, 0x00, 0x00, 0x77, 0xFF, 0xA4, 0x4F, 0xFF, 0xD0, 0x00, 0x00, 0x6E, 0xFF, 0xE8, 0x00, 
0x00, 0xAE, 0xFF, 0xD8, 0x00, 0x00, 0x00, 0xC6, 0xFF, 0x55, 0x16, 0xFE, 0xFE, 0x19, 0x00, 0xA1, 
0xFF, 0xB6, 0x00, 0x00, 0x85, 0xFF, 0xFD, 0x08, 0x00, 0x3E, 0xFF, 0xE9, 0x0A, 0x00, 0xBD, 0xFF, 
0x8F, 0x00, 0xA7, 0xE0, 0x64, 0x00, 0x00, 0x48, 0xDF, 0xDB, 0x13, 0x0E, 0xD8, 0xFF, 0x67, 0x00, 
0x00, 0x3C, 0xFE, 0xFD, 0x51, 0x00, 0x00, 0x00, 0x00, 0x00, 0x00, 0x00, 0x00, 0x13, 0xC2, 0xFF, 
0xAF, 0x02, 0x00, 0x00, 0x00, 0x7D, 0xFF, 0xFD, 0x8B, 0x15, 0x00, 0x00, 0x00, 0x00, 0x07, 0x61, 
0xE5, 0xFF, 0xBB, 0x0A, 0x00, 0x00, 0x00, 0x00, 0x00, 0x6F, 0xF9, 0xFF, 0xFC, 0xC9, 0xA6, 0x9F, 
0xB9, 0xF2, 0xFF, 0xF9, 0x87, 0x03, 0x00, 0x00, 0x00, 0x00, 0x00, 0x00, 0x00, 0x21, 0x98, 0xE6, 
0xFF, 0xFF, 0xFF, 0xFF, 0xE4, 0x93, 0x21, 0x00, 0x00, 0x00, 0x00, 0x00, 0x00, 0x00, 0x00, 0x00, 
0x00, 0x00, 0x00, 0x1D, 0x33, 0x36, 0x1C, 0x01, 0x00, 0x00, 0x00, 0x00, 0x00, 0x00, 0x00, 0x00, 
0x00, 0x00, 0x21, 0x8B, 0xCB, 0xE1, 0xD3, 0x9C, 0x31, 0x00, 0x00, 0x00, 0x00, 0x6B, 0xFA, 0xFF, 
0xFF, 0xFF, 0xFF, 0xFF, 0xFD, 0x6F, 0x00, 0x00, 0x5B, 0xFF, 0xFF, 0xFF, 0xBF, 0x9C, 0xD2, 0xFF, 
0xFF, 0xFE, 0x3E, 0x09, 0xEA, 0xFF, 0xFF, 0x55, 0x00, 0x00, 0x02, 0x9D, 0xFF, 0xFF, 0xAD, 0x4E, 
0xFF, 0xFF, 0xAE, 0x00, 0x00, 0x00, 0x00, 0x1C, 0xFF, 0xFF, 0xDF, 0x77, 0xFF, 0xFF, 0x74, 0x00, 
0x00, 0x00, 0x00, 0x0C, 0xFF, 0xFF, 0xE0, 0x79, 0xFF, 0xFF, 0x80, 0x00, 0x00, 0x00, 0x00, 0x44, 
0xFF, 0xFF, 0xBA, 0x4B, 0xFF, 0xFF, 0xE1, 0x10, 0x00, 0x00, 0x10, 0xD0, 0xFF, 0xFF, 0x65, 0x05, 
0xDA, 0xFF, 0xFF, 0xE4, 0x90, 0x8E, 0xE2, 0xFF, 0xFF, 0xCE, 0x04, 0x00, 0x2E, 0xE8, 0xFF, 0xFF, 
0xFF, 0xFF, 0xFF, 0xFF, 0xCD, 0x1B, 0x00, 0x00, 0x00, 0x15, 0x86, 0xD1, 0xF0, 0xEA, 0xBF, 0x66, 
0x06, 0x00, 0x00, 0x00, 0x00, 0x00, 0x00, 0x00, 0x00, 0x00, 0x00, 0x00, 0x00, 0x00, 0x00, 0x00, 
0x2D, 0xA7, 0xBA, 0x79, 0x00, 0x00, 0x00, 0x00, 0x00, 0x00, 0x00, 0x00, 0x00, 0x00, 0x00, 0x00, 
0x00, 0x00, 0x00, 0x00, 0x00, 0x00, 0x00, 0x00, 0xA5, 0xFF, 0xFF, 0xC2, 0x00, 0x00, 0x00, 0x00, 
0x00, 0x00, 0x00, 0x00, 0x00, 0x00, 0x00, 0x00, 0x00, 0x00, 0x00, 0x00, 0x00, 0x00, 0x00, 0x00, 
0xD8, 0xFF, 0xFF, 0x8E, 0x00, 0x00, 0x00, 0x00, 0x00, 0x00, 0x00, 0x00, 0x00, 0x00, 0x00, 0x00, 
0x00, 0x00, 0x00, 0x00, 0x00, 0x00, 0x00, 0x0C, 0xFD, 0xFF, 0xFF, 0x5B, 0x00, 0x00, 0x00, 0x00, 
0x00, 0x00, 0x00, 0x00, 0x00, 0x00, 0x00, 0x00, 0x00, 0x00, 0x00, 0x00, 0x00, 0x00, 0x00, 0x3D, 
0xFF, 0xFF, 0xFF, 0x27, 0x00, 0x00, 0x00, 0x00, 0x00, 0x00, 0x00, 0x00, 0x00, 0x00, 0x00, 0x00, 
0x00, 0x00, 0x00, 0x00, 0x00, 0x00, 0x00, 0x70, 0xFF, 0xFF, 0xF1, 0x01, 0x00, 0x00, 0x00, 0x00, 
0x00, 0x00, 0x00, 0x00, 0x00, 0x00, 0x00, 0x00, 0x00, 0x00, 0x00, 0x00, 0x00, 0x00, 0x00, 0xA3, 
0xFF, 0xFF, 0xBF, 0x00, 0x00, 0x00, 0x00, 0x00, 0x00, 0x00, 0x00, 0x00, 0x00, 0x00, 0x00, 0x00, 
0x00, 0x00, 0x00, 0x00, 0x00, 0x00, 0x00, 0xD6, 0xFF, 0xFF, 0x8B, 0x00, 0x00, 0x00, 0x00, 0x00, 
0x00, 0x00, 0x00, 0x00, 0x00, 0x00, 0x00, 0x00, 0x00, 0x00, 0x00, 0x00, 0x00, 0x00, 0x0B, 0xFD, 
0xFF, 0xFF, 0x57, 0x00, 0x00, 0x00, 0x00, 0x00, 0x00, 0x00, 0x00, 0x00, 0x00, 0x00, 0x2A, 0x7E, 
0x80, 0x80, 0x80, 0x80, 0x80, 0x80, 0x97, 0xFF, 0xFF, 0xFF, 0x98, 0x80, 0x80, 0x80, 0x80, 0x80, 
0x80, 0x7D, 0x15, 0x00, 0x00, 0x00, 0xD5, 0xFF, 0xFF, 0xFF, 0xFF, 0xFF, 0xFF, 0xFF, 0xFF, 0xFF, 
0xFF, 0xFF, 0xFF, 0xFF, 0xFF, 0xFF, 0xFF, 0xFF, 0xFF, 0xFF, 0x56, 0x00, 0x00, 0x14, 0xFF, 0xFF, 
0xFF, 0xFF, 0xFF, 0xFF, 0xFF, 0xFF, 0xFF, 0xFF, 0xFF, 0xFF, 0xFF, 0xFF, 0xFF, 0xFF, 0xFF, 0xFF, 
0xFF, 0xFF, 0x2B, 0x00, 0x00, 0x03, 0xB6, 0xC8, 0xC8, 0xC8, 0xC8, 0xC8, 0xC8, 0xC8, 0xFB, 0xFF, 
0xFF, 0xE3, 0xC8, 0xC8, 0xC8, 0xC8, 0xC8, 0xC8, 0xC8, 0x8B, 0x00, 0x00, 0x00, 0x00, 0x00, 0x00, 
0x00, 0x00, 0x00, 0x00, 0x00, 0x0B, 0xFD, 0xFF, 0xFF, 0x5E, 0x00, 0x00, 0x00, 0x00, 0x00, 0x00, 
0x00, 0x00, 0x00, 0x00, 0x00, 0x00, 0x00, 0x00, 0x00, 0x00, 0x00, 0x00, 0x00, 0x3C, 0xFF, 0xFF, 
0xFF, 0x2A, 0x00, 0x00, 0x00, 0x00, 0x00, 0x00, 0x00, 0x00, 0x00, 0x00, 0x00, 0x00, 0x00, 0x00, 
0x00, 0x00, 0x00, 0x00, 0x00, 0x6F, 0xFF, 0xFF, 0xF3, 0x02, 0x00, 0x00, 0x00, 0x00, 0x00, 0x00, 
0x00, 0x00, 0x00, 0x00, 0x00, 0x00, 0x00, 0x00, 0x00, 0x00, 0x00, 0x00, 0x00, 0xA3, 0xFF, 0xFF, 
0xC1, 0x00, 0x00, 0x00, 0x00, 0x00, 0x00, 0x00, 0x00, 0x00, 0x00, 0x00, 0x00, 0x00, 0x00, 0x00, 
0x00, 0x00, 0x00, 0x00, 0x00, 0xD6, 0xFF, 0xFF, 0x8D, 0x00, 0x00, 0x00, 0x00, 0x00, 0x00, 0x00, 
0x00, 0x00, 0x00, 0x00, 0x00, 0x00, 0x00, 0x00, 0x00, 0x00, 0x00, 0x00, 0x0B, 0xFD, 0xFF, 0xFF, 
0x59, 0x00, 0x00, 0x00, 0x00, 0x00, 0x00, 0x00, 0x00, 0x00, 0x00, 0x00, 0x00, 0x00, 0x00, 0x00, 
0x00, 0x00, 0x00, 0x00, 0x3C, 0xFF, 0xFF, 0xFF, 0x25, 0x00, 0x00, 0x00, 0x00, 0x00, 0x00, 0x00, 
0x00, 0x00, 0x00, 0x00, 0x00, 0x00, 0x00, 0x00, 0x00, 0x00, 0x00, 0x00, 0x6F, 0xFF, 0xFF, 0xF0, 
0x01, 0x00, 0x00, 0x00, 0x00, 0x00, 0x00, 0x00, 0x00, 0x00, 0x00, 0x00, 0x00, 0x00, 0x00, 0x00, 
0x00, 0x00, 0x00, 0x00, 0x67, 0xE9, 0xE8, 0x82, 0x00, 0x00, 0x00, 0x00, 0x00, 0x00, 0x00, 0x00, 
0x00, 0x00, 0x00, 0x00, 0x00, 0x00, 0x00, 0x00, 0x00, 0x00, 0x00, 0x00, 0x00, 0x00, 0x00, 0x00, 
0x00, 0x00, 0x00, 0x00, 0x00, 0x00, 0x00, 0x00, 0x00, 0x00, 0x00, 0x00, 0x00, 0x00, 0x00, 0x00, 
0x00, 0x00, 0x00, 0x00, 0x00, 0x00, 0x00, 0x00, 0x00, 0x00, 0x00, 0x00, 0x00, 0x00, 0x00, 0x00, 
0x00, 0x00, 0x00, 0x08, 0x50, 0x54, 0x54, 0x54, 0x54, 0x54, 0x54, 0x54, 0x54, 0x54, 0x54, 0x54, 
0x54, 0x54, 0x54, 0x54, 0x54, 0x54, 0x46, 0x00, 0x00, 0x00, 0x00, 0x8D, 0xFF, 0xFF, 0xFF, 0xFF, 
0xFF, 0xFF, 0xFF, 0xFF, 0xFF, 0xFF, 0xFF, 0xFF, 0xFF, 0xFF, 0xFF, 0xFF, 0xFF, 0xFF, 0xFF, 0x1C, 
0x00, 0x00, 0x00, 0xDB, 0xFF, 0xFF, 0xFF, 0xFF, 0xFF, 0xFF, 0xFF, 0xFF, 0xFF, 0xFF, 0xFF, 0xFF, 
0xFF, 0xFF, 0xFF, 0xFF, 0xFF, 0xFF, 0xF6, 0x08, 0x00, 0x00, 0x00, 0xC5, 0xFF, 0xFF, 0xFF, 0xFF, 
0xFF, 0xFF, 0xFF, 0xFF, 0xFF, 0xFF, 0xFF, 0xFF, 0xFF, 0xFF, 0xFF, 0xFF, 0xFF, 0xFF, 0x8B, 0x00, 
0x00, 0x00, 0x00, 0x00, 0x00, 0x00, 0x00, 0x24, 0xB1, 0xD6, 0xD4, 0x64, 0x00, 0x00, 0x00, 0x06, 
0xD3, 0xFF, 0xFF, 0xF9, 0x39, 0x00, 0x00, 0x00, 0x84, 0xFF, 0xFF, 0xFF, 0x63, 0x00, 0x00, 0x00, 
0x32, 0xFB, 0xFF, 0xFF, 0x91, 0x00, 0x00, 0x00, 0x06, 0xD2, 0xFF, 0xFF, 0xBB, 0x03, 0x00, 0x00, 
0x00, 0x83, 0xFF, 0xFF, 0xDB, 0x11, 0x00, 0x00, 0x00, 0x29, 0xFB, 0xFF, 0xF1, 0x2A, 0x00, 0x00, 
0x00, 0x00, 0x11, 0x62, 0x65, 0x25, 0x00, 0x00, 0x00, 0x00, 0x00, 0x00, 0x00, 0x00, 0x00, 0x40, 
0x7B, 0x7B, 0x28, 0x00, 0x00, 0x00, 0x00, 0x03, 0xCC, 0xF6, 0xEB, 0x39, 0x00, 0x00, 0x00, 0x00, 
0x00, 0x00, 0x00, 0x00, 0xB6, 0xFF, 0xFF, 0xCA, 0x00, 0x00, 0x00, 0x00, 0x00, 0xD7, 0xFF, 0xFF, 
0xAF, 0x00, 0x00, 0x00, 0x00, 0x00, 0x00, 0x00, 0x00, 0x51, 0xFF, 0xFF, 0xFF, 0x3F, 0x00, 0x00, 
0x00, 0x00, 0x76, 0xFF, 0xFF, 0xFC, 0x1F, 0x00, 0x00, 0x00, 0x00, 0x00, 0x00, 0x00, 0x03, 0xE2, 
0xFF, 0xFF, 0xB3, 0x00, 0x00, 0x00, 0x00, 0x18, 0xFB, 0xFF, 0xFF, 0x8A, 0x00, 0x00, 0x00, 0x00, 
0x00, 0x00, 0x00, 0x00, 0x7B, 0xFF, 0xFF, 0xFE, 0x28, 0x00, 0x00, 0x00, 0x00, 0xB1, 0xFF, 0xFF, 
0xED, 0x09, 0x00, 0x00, 0x00, 0x00, 0x00, 0x00, 0x00, 0x16, 0xF9, 0xFF, 0xFF, 0x9B, 0x00, 0x00, 
0x00, 0x00, 0x4F, 0xFF, 0xFF, 0xFF, 0x64, 0x00, 0x00, 0x00, 0x00, 0x00, 0x00, 0x00, 0x00, 0xA6, 
0xFF, 0xFF, 0xF8, 0x17, 0x00, 0x00, 0x00, 0x04, 0xE8, 0xFF, 0xFF, 0xD1, 0x00, 0x00, 0x00, 0x00, 
0x00, 0x00, 0x00, 0x00, 0x3B, 0xFF, 0xFF, 0xFF, 0x84, 0x00, 0x00, 0x00, 0x00, 0x8A, 0xFF, 0xFF, 
0xFF, 0x3F, 0x00, 0x00, 0x00, 0x00, 0x00, 0x00, 0x00, 0x00, 0xD0, 0xFF, 0xFF, 0xED, 0x0B, 0x00, 
0x00, 0x00, 0x28, 0xFF, 0xFF, 0xFF, 0xAC, 0x00, 0x00, 0x00, 0x00, 0x00, 0x00, 0x00, 0x00, 0x7B, 
0xFF, 0xFF, 0xFF, 0x56, 0x00, 0x00, 0x00, 0x00, 0xDD, 0xFF, 0xFF, 0xF9, 0x04, 0x00, 0x00, 0x00, 
0x00, 0x00, 0x00, 0x1F, 0xEB, 0xFF, 0xFF, 0xFC, 0x30, 0x00, 0x00, 0x00, 0x6E, 0xFF, 0xFF, 0xFF, 
0xD5, 0x00, 0x00, 0x00, 0x00, 0x00, 0x00, 0x0A, 0xCF, 0xFF, 0xFF, 0xFF, 0x6C, 0x00, 0x00, 0x00, 
0x37, 0xFA, 0xFF, 0xFF, 0xF2, 0x2B, 0x00, 0x00, 0x00, 0x00, 0x00, 0x00, 0xA6, 0xFF, 0xFF, 0xFF, 
0x92, 0x00, 0x00, 0x00, 0x13, 0xE2, 0xFF, 0xFF, 0xFD, 0x4C, 0x00, 0x00, 0x00, 0x00, 0x00, 0x00, 
0x75, 0xFF, 0xFF, 0xFF, 0xB5, 0x03, 0x00, 0x00, 0x01, 0xB7, 0xFF, 0xFF, 0xFF, 0x75, 0x00, 0x00, 
0x00, 0x00, 0x00, 0x00, 0x45, 0xFC, 0xFF, 0xFF, 0xD1, 0x0D, 0x00, 0x00, 0x00, 0x7E, 0xFF, 0xFF, 
0xFF, 0xA1, 0x00, 0x00, 0x00, 0x00, 0x00, 0x00, 0x22, 0xED, 0xFF, 0xFF, 0xE7, 0x1E, 0x00, 0x00, 
0x00, 0x44, 0xFD, 0xFF, 0xFF, 0xC6, 0x07, 0x00, 0x00, 0x00, 0x00, 0x00, 0x0B, 0xD2, 0xFF, 0xFF, 
0xF6, 0x36, 0x00, 0x00, 0x00, 0x1B, 0xEA, 0xFF, 0xFF, 0xE2, 0x17, 0x00, 0x00, 0x00, 0x00, 0x00, 
0x00, 0xAA, 0xFF, 0xFF, 0xFE, 0x54, 0x00, 0x00, 0x00, 0x04, 0xC4, 0xFF, 0xFF, 0xF4, 0x30, 0x00, 
0x00, 0x00, 0x00, 0x00, 0x00, 0x47, 0xFF, 0xFF, 0xFE, 0x74, 0x00, 0x00, 0x00, 0x00, 0x89, 0xFF, 
0xFF, 0xFE, 0x52, 0x00, 0x00, 0x00, 0x00, 0x00, 0x00, 0x00, 0x00, 0x1B, 0x26, 0x14, 0x00, 0x00, 
0x00, 0x00, 0x00, 0x61, 0x9B, 0x99, 0x52, 0x00, 0x00, 0x00, 0x00, 0x00, 0x00, 0x00, 0x00, 0x00, 
0x00, 0x00, 0x00, 0x00, 0x15, 0x00, 0x00, 0x00, 0x00, 0x00, 0x00, 0x00, 0x00, 0x00, 0x00, 0x00, 
0x00, 0x00, 0x00, 0x09, 0x06, 0x00, 0x00, 0x00, 0x00, 0x00, 0x82, 0xFD, 0x71, 0x00, 0x00, 0x00, 
0x00, 0x00, 0x00, 0x00, 0x00, 0x00, 0x00, 0x00, 0x00, 0x3E, 0xEA, 0xE1, 0x20, 0x00, 0x00, 0x00, 
0x75, 0xFF, 0xFF, 0xFC, 0x41, 0x00, 0x00, 0x00, 0x00, 0x00, 0x00, 0x00, 0x00, 0x00, 0x00, 0x63, 
0xFA, 0xFF, 0xFF, 0x9B, 0x00, 0x00, 0x00, 0x64, 0xFF, 0xFF, 0xFF, 0xEB, 0x1F, 0x00, 0x00, 0x00, 
0x00, 0x00, 0x00, 0x00, 0x02, 0x8D, 0xFF, 0xFF, 0xFF, 0xF9, 0x4F, 0x00, 0x00, 0x00, 0x00, 0x9C, 
0xFF, 0xFF, 0xFF, 0xCD, 0x09, 0x00, 0x00, 0x00, 0x00, 0x00, 0x0E, 0xB5, 0xFF, 0xFF, 0xFF, 0xEA, 
0x3B, 0x00, 0x00, 0x00, 0x00, 0x00, 0x07, 0xC7, 0xFF, 0xFF, 0xFF, 0xA3, 0x00, 0x00, 0x00, 0x00, 
0x21, 0xD4, 0xFF, 0xFF, 0xFF, 0xD3, 0x20, 0x00, 0x00, 0x00, 0x00, 0x00, 0x00, 0x00, 0x1A, 0xE6, 
0xFF, 0xFF, 0xFF, 0x6F, 0x00, 0x00, 0x3D, 0xEB, 0xFF, 0xFF, 0xFF, 0xB3, 0x0D, 0x00, 0x00, 0x00, 
0x00, 0x00, 0x00, 0x00, 0x00, 0x00, 0x39, 0xF9, 0xFF, 0xFF, 0xFB, 0x40, 0x62, 0xF9, 0xFF, 0xFF, 
0xFF, 0x8D, 0x02, 0x00, 0x00, 0x00, 0x00, 0x00, 0x00, 0x00, 0x00, 0x00, 0x00, 0x00, 0x64, 0xFF, 
0xFF, 0xFF, 0xF5, 0xFF, 0xFF, 0xFF, 0xF9, 0x62, 0x00, 0x00, 0x00, 0x00, 0x00, 0x00, 0x00, 0x00, 
0x00, 0x00, 0x00, 0x00, 0x00, 0x00, 0x96, 0xFF, 0xFF, 0xFF, 0xFF, 0xFF, 0xEB, 0x3D, 0x00, 0x00, 
0x00, 0x00, 0x00, 0x00, 0x00, 0x00, 0x00, 0x00, 0x00, 0x00, 0x00, 0x00, 0x00, 0x24, 0xF9, 0xFF, 
0xFF, 0xFF, 0xF5, 0x23, 0x00, 0x00, 0x00, 0x00, 0x00, 0x00, 0x00, 0x00, 0x00, 0x00, 0x00, 0x00, 
0x00, 0x00, 0x00, 0x3A, 0xE9, 0xFF, 0xFF, 0xFF, 0xFF, 0xFF, 0x7B, 0x00, 0x00, 0x00, 0x00, 0x00, 
0x00, 0x00, 0x00, 0x00, 0x00, 0x00, 0x00, 0x00, 0x00, 0x5F, 0xF9, 0xFF, 0xFF, 0xFF, 0xFC, 0xFF, 
0xFF, 0xFD, 0x4A, 0x00, 0x00, 0x00, 0x00, 0x00, 0x00, 0x00, 0x00, 0x00, 0x00, 0x00, 0x02, 0x8A, 
0xFF, 0xFF, 0xFF, 0xFB, 0x69, 0x64, 0xFF, 0xFF, 0xFF, 0xF0, 0x25, 0x00, 0x00, 0x00, 0x00, 0x00, 
0x00, 0x00, 0x00, 0x00, 0x0D, 0xB3, 0xFF, 0xFF, 0xFF, 0xED, 0x42, 0x00, 0x00, 0x9A, 0xFF, 0xFF, 
0xFF, 0xD5, 0x0C, 0x00, 0x00, 0x00, 0x00, 0x00, 0x00, 0x00, 0x21, 0xD3, 0xFF, 0xFF, 0xFF, 0xD7, 
0x24, 0x00, 0x00, 0x00, 0x06, 0xC8, 0xFF, 0xFF, 0xFF, 0xAE, 0x01, 0x00, 0x00, 0x00, 0x00, 0x00, 
0x3E, 0xEB, 0xFF, 0xFF, 0xFF, 0xB8, 0x0F, 0x00, 0x00, 0x00, 0x00, 0x00, 0x1B, 0xE9, 0xFF, 0xFF, 
0xFF, 0x7C, 0x00, 0x00, 0x00, 0x00, 0x57, 0xFA, 0xFF, 0xFF, 0xFF, 0x90, 0x03, 0x00, 0x00, 0x00, 
0x00, 0x00, 0x00, 0x00, 0x3F, 0xFB, 0xFF, 0xFF, 0xFD, 0x46, 0x00, 0x00, 0x00, 0xB9, 0xFF, 0xFF, 
0xFA, 0x64, 0x00, 0x00, 0x00, 0x00, 0x00, 0x00, 0x00, 0x00, 0x00, 0x00, 0x6F, 0xFF, 0xFF, 0xFF, 
0x6B, 0x00, 0x00, 0x00, 0x3B, 0xF6, 0xEB, 0x3E, 0x00, 0x00, 0x00, 0x00, 0x00, 0x00, 0x00, 0x00, 
0x00, 0x00, 0x00, 0x00, 0xA4, 0xFE, 0x83, 0x00, 0x00, 0x00, 0x00, 0x00, 0x14, 0x0F, 0x00, 0x00, 
0x00, 0x00, 0x00, 0x00, 0x00, 0x00, 0x00, 0x00, 0x00, 0x00, 0x00, 0x05, 0x24, 0x00, 0x00, 0x00, 
0x00, 0x00, 0x00, 0x00, 0x00, 0x00, 0x00, 0x00, 0x00, 0x00, 0x00, 0x00, 0x00, 0x68, 0xDE, 0xFB, 
0xE5, 0x5B, 0x00, 0x00, 0x00, 0x00, 0x00, 0x00, 0x00, 0x00, 0x00, 0x00, 0x00, 0x00, 0x00, 0x00, 
0x00, 0x00, 0x00, 0x3C, 0xFE, 0xFF, 0xFF, 0xFF, 0xCE, 0x00, 0x00, 0x00, 0x00, 0x00, 0x00, 0x00, 
0x00, 0x00, 0x00, 0x00, 0x00, 0x00, 0x00, 0x00, 0x00, 0x00, 0x97, 0xFF, 0xFF, 0xFF, 0xFF, 0xC4, 
0x00, 0x00, 0x00, 0x00, 0x00, 0x00, 0x00, 0x00, 0x00, 0x00, 0x00, 0x00, 0x00, 0x00, 0x00, 0x00, 
0x00, 0xCA, 0xFF, 0xFF, 0xFF, 0xFF, 0x92, 0x00, 0x00, 0x00, 0x00, 0x00, 0x00, 0x00, 0x00, 0x00, 
0x00, 0x00, 0x00, 0x00, 0x00, 0x00, 0x00, 0x00, 0xBE, 0xFF, 0xFF, 0xFF, 0xF6, 0x28, 0x00, 0x00, 
0x00, 0x00, 0x00, 0x00, 0x00, 0x00, 0x00, 0x00, 0x00, 0x00, 0x00, 0x00, 0x00, 0x00, 0x00, 0x26, 
0x9D, 0xAF, 0x94, 0x2E, 0x00, 0x00, 0x00, 0x00, 0x00, 0x00, 0x00, 0x00, 0x00, 0x00, 0x00, 0x00, 
0x00, 0x00, 0x00, 0x00, 0x00, 0x00, 0x00, 0x00, 0x00, 0x00, 0x00, 0x00, 0x00, 0x00, 0x00, 0x00, 
0x00, 0x00, 0x00, 0x00, 0x00, 0x00, 0x00, 0x00, 0x00, 0x00, 0x00, 0x00, 0x00, 0x00, 0x00, 0x00, 
0x00, 0x00, 0x00, 0x00, 0x00, 0x00, 0x00, 0x00, 0x00, 0x00, 0x00, 0x00, 0x00, 0x00, 0x00, 0x00, 
0x00, 0x00, 0x00, 0x00, 0x00, 0x00, 0x00, 0x00, 0x00, 0x00, 0x00, 0x00, 0x00, 0x00, 0x00, 0x00, 
0x00, 0x00, 0x14, 0x24, 0x24, 0x24, 0x24, 0x24, 0x24, 0x24, 0x24, 0x24, 0x24, 0x24, 0x24, 0x24, 
0x24, 0x24, 0x24, 0x24, 0x24, 0x24, 0x18, 0x00, 0x20, 0xF6, 0xFF, 0xFF, 0xFF, 0xFF, 0xFF, 0xFF, 
0xFF, 0xFF, 0xFF, 0xFF, 0xFF, 0xFF, 0xFF, 0xFF, 0xFF, 0xFF, 0xFF, 0xFF, 0xFF, 0xFC, 0x0B, 0x76, 
0xFF, 0xFF, 0xFF, 0xFF, 0xFF, 0xFF, 0xFF, 0xFF, 0xFF, 0xFF, 0xFF, 0xFF, 0xFF, 0xFF, 0xFF, 0xFF, 
0xFF, 0xFF, 0xFF, 0xFF, 0xF9, 0x05, 0x88, 0xFF, 0xFF, 0xFF, 0xFF, 0xFF, 0xFF, 0xFF, 0xFF, 0xFF, 
0xFF, 0xFF, 0xFF, 0xFF, 0xFF, 0xFF, 0xFF, 0xFF, 0xFF, 0xFF, 0xFF, 0xA1, 0x00, 0x05, 0x24, 0x24, 
0x24, 0x24, 0x24, 0x24, 0x24, 0x24, 0x24, 0x24, 0x24, 0x24, 0x24, 0x24, 0x24, 0x24, 0x24, 0x24, 
0x24, 0x23, 0x03, 0x00, 0x00, 0x00, 0x00, 0x00, 0x00, 0x00, 0x00, 0x00, 0x00, 0x00, 0x00, 0x00, 
0x00, 0x00, 0x00, 0x00, 0x00, 0x00, 0x00, 0x00, 0x00, 0x00, 0x00, 0x00, 0x00, 0x00, 0x00, 0x00, 
0x00, 0x00, 0x00, 0x00, 0x00, 0x00, 0x00, 0x00, 0x00, 0x00, 0x00, 0x00, 0x00, 0x00, 0x00, 0x00, 
0x00, 0x00, 0x00, 0x00, 0x00, 0x00, 0x00, 0x00, 0x00, 0x00, 0x00, 0x00, 0x00, 0x00, 0x00, 0x00, 
0x00, 0x00, 0x00, 0x00, 0x00, 0x00, 0x00, 0x00, 0x00, 0x00, 0x00, 0x00, 0x00, 0x00, 0x00, 0x00, 
0x03, 0x5F, 0x9B, 0xA6, 0x6C, 0x03, 0x00, 0x00, 0x00, 0x00, 0x00, 0x00, 0x00, 0x00, 0x00, 0x00, 
0x00, 0x00, 0x00, 0x00, 0x00, 0x00, 0x00, 0x85, 0xFF, 0xFF, 0xFF, 0xFF, 0x4B, 0x00, 0x00, 0x00, 
0x00, 0x00, 0x00, 0x00, 0x00, 0x00, 0x00, 0x00, 0x00, 0x00, 0x00, 0x00, 0x00, 0x04, 0xF0, 0xFF, 
0xFF, 0xFF, 0xFF, 0x5A, 0x00, 0x00, 0x00, 0x00, 0x00, 0x00, 0x00, 0x00, 0x00, 0x00, 0x00, 0x00, 
0x00, 0x00, 0x00, 0x00, 0x32, 0xFF, 0xFF, 0xFF, 0xFF, 0xFF, 0x33, 0x00, 0x00, 0x00, 0x00, 0x00, 
0x00, 0x00, 0x00, 0x00, 0x00, 0x00, 0x00, 0x00, 0x00, 0x00, 0x00, 0x40, 0xFF, 0xFF, 0xFF, 0xFF, 
0xD7, 0x01, 0x00, 0x00, 0x00, 0x00, 0x00, 0x00, 0x00, 0x00, 0x00, 0x00, 0x00, 0x00, 0x00, 0x00, 
0x00, 0x00, 0x09, 0xB4, 0xF2, 0xF2, 0xBF, 0x2B, 0x00, 0x00, 0x00, 0x00, 0x00, 0x00, 0x00, 0x00, 
0x00, 0x00, 0x00, 0x00, 0x00, 0x00, 0x00, 0x00, 0x00, 0x00, 0x00, 0x00, 0x00, 0x08, 0x01, 0x00, 
0x00, 0x00, 0x00, 0x00, 0x00, 0x00, 0x00, 0x08, 0x00, 0x00, 0x00, 0x00, 0x00, 0x00, 0x00, 0x00, 
0x00, 0x00, 0x3A, 0xE1, 0xFF, 0xF5, 0x53, 0x00, 0x00, 0x00, 0x00, 0x00, 0x77, 0xF6, 0xFF, 0xDD, 
0x1A, 0x00, 0x00, 0x00, 0x00, 0x00, 0x00, 0x00, 0x00, 0xBF, 0xFF, 0xFF, 0xFF, 0xA2, 0x00, 0x00, 
0x00, 0x00, 0x16, 0xFE, 0xFF, 0xFF, 0xFF, 0x51, 0x00, 0x00, 0x00, 0x00, 0x00, 0x00, 0x00, 0x00, 
0xF0, 0xFF, 0xFF, 0xFF, 0x86, 0x00, 0x00, 0x00, 0x00, 0x47, 0xFF, 0xFF, 0xFF, 0xFF, 0x31, 0x00, 
0x00, 0x00, 0x00, 0x00, 0x00, 0x00, 0x00, 0xE9, 0xFF, 0xFF, 0xF9, 0x2D, 0x00, 0x00, 0x00, 0x00, 
0x3A, 0xFF, 0xFF, 0xFF, 0xCF, 0x01, 0x00, 0x00, 0x00, 0x00, 0x00, 0x00, 0x00, 0x00, 0x28, 0x6A, 
0x68, 0x25, 0x00, 0x00, 0x00, 0x00, 0x00, 0x00, 0x46, 0x6E, 0x5D, 0x0D, 0x00, 0x00, 0x00, 0x00, 
0x00, 0x00, 0x00, 0x00, 0x00, 0x00, 0x00, 0x00, 0x00, 0x00, 0x00, 0x00, 0x00, 0x00, 0x00, 0x00, 
0x00, 0x00, 0x00, 0x00, 0x00, 0x00, 0x00, 0x00, 0x00, 0x00, 0x00, 0x00, 0x00, 0x00, 0x00, 0x00, 
0x00, 0x00, 0x00, 0x00, 0x00, 0x00, 0x00, 0x00, 0x00, 0x00, 0x00, 0x00, 0x00, 0x00, 0x00, 0x00, 
0x00, 0x16, 0x4F, 0x54, 0x54, 0x54, 0x54, 0x54, 0x54, 0x54, 0x54, 0x54, 0x54, 0x54, 0x54, 0x54, 
0x51, 0x09, 0x00, 0x00, 0x00, 0x00, 0x00, 0x1C, 0xEE, 0xFF, 0xFF, 0xFF, 0xFF, 0xFF, 0xFF, 0xFF, 
0xFF, 0xFF, 0xFF, 0xFF, 0xFF, 0xFF, 0xFF, 0xFF, 0x4C, 0x00, 0x00, 0x00, 0x00, 0x00, 0x70, 0xFF, 
0xFF, 0xFF, 0xFF, 0xFF, 0xFF, 0xFF, 0xFF, 0xFF, 0xFF, 0xFF, 0xFF, 0xFF, 0xFF, 0xFF, 0xFF, 0x33, 
0x00, 0x00, 0x00, 0x00, 0x00, 0xA5, 0xFF, 0xFF, 0xFF, 0xFF, 0xFF, 0xFF, 0xFF, 0xFF, 0xFF, 0xFF, 
0xFF, 0xFF, 0xFF, 0xFF, 0xFF, 0xCA, 0x01, 0x00, 0x00, 0x00, 0x00, 0x00, 0xD8, 0xFF, 0xFF, 0xFF, 
0x31, 0x04, 0x04, 0x04, 0x04, 0x04, 0x04, 0x04, 0x04, 0x04, 0x04, 0x04, 0x00, 0x00, 0x00, 0x00, 
0x00, 0x00, 0x0D, 0xFE, 0xFF, 0xFF, 0xF6, 0x04, 0x00, 0x00, 0x00, 0x00, 0x00, 0x00, 0x00, 0x00, 
0x00, 0x00, 0x00, 0x00, 0x00, 0x00, 0x00, 0x00, 0x00, 0x3E, 0xFF, 0xFF, 0xFF, 0xC7, 0x00, 0x00, 
0x00, 0x00, 0x00, 0x00, 0x00, 0x00, 0x00, 0x00, 0x00, 0x00, 0x00, 0x00, 0x00, 0x00, 0x00, 0x00, 
0x72, 0xFF, 0xFF, 0xFF, 0x93, 0x00, 0x00, 0x00, 0x00, 0x00, 0x00, 0x00, 0x00, 0x00, 0x00, 0x00, 
0x00, 0x00, 0x00, 0x00, 0x00, 0x00, 0x00, 0xA5, 0xFF, 0xFF, 0xFF, 0x5F, 0x00, 0x00, 0x00, 0x00, 
0x00, 0x00, 0x00, 0x00, 0x00, 0x00, 0x00, 0x00, 0x00, 0x00, 0x00, 0x00, 0x00, 0x00, 0xD8, 0xFF, 
0xFF, 0xFF, 0x2C, 0x00, 0x00, 0x00, 0x00, 0x00, 0x00, 0x00, 0x00, 0x00, 0x00, 0x00, 0x00, 0x00, 
0x00, 0x00, 0x00, 0x00, 0x0D, 0xFD, 0xFF, 0xFF, 0xF5, 0x03, 0x00, 0x00, 0x00, 0x00, 0x00, 0x00, 
0x00, 0x00, 0x00, 0x00, 0x00, 0x00, 0x00, 0x00, 0x00, 0x00, 0x00, 0x3E, 0xFF, 0xFF, 0xFF, 0xC4, 
0x00, 0x00, 0x00, 0x00, 0x00, 0x00, 0x00, 0x00, 0x00, 0x00, 0x00, 0x00, 0x00, 0x00, 0x00, 0x00, 
0x00, 0x00, 0x71, 0xFF, 0xFF, 0xFF, 0x91, 0x00, 0x00, 0x00, 0x00, 0x00, 0x00, 0x00, 0x00, 0x00, 
0x00, 0x00, 0x00, 0x00, 0x00, 0x00, 0x00, 0x00, 0x00, 0xA5, 0xFF, 0xFF, 0xFF, 0xB0, 0x78, 0x78, 
0x78, 0x78, 0x78, 0x78, 0x78, 0x78, 0x78, 0x6B, 0x00, 0x00, 0x00, 0x00, 0x00, 0x00, 0x00, 0x00, 
0xD8, 0xFF, 0xFF, 0xFF, 0xFF, 0xFF, 0xFF, 0xFF, 0xFF, 0xFF, 0xFF, 0xFF, 0xFF, 0xFF, 0xFF, 0x12, 
0x00, 0x00, 0x00, 0x00, 0x00, 0x00, 0x0D, 0xFD, 0xFF, 0xFF, 0xFF, 0xFF, 0xFF, 0xFF, 0xFF, 0xFF, 
0xFF, 0xFF, 0xFF, 0xFF, 0xFF, 0xE9, 0x00, 0x00, 0x00, 0x00, 0x00, 0x00, 0x00, 0x3E, 0xFF, 0xFF, 
0xFF, 0xF0, 0xCC, 0xCC, 0xCC, 0xCC, 0xCC, 0xCC, 0xCC, 0xCC, 0xCC, 0xCB, 0x60, 0x00, 0x00, 0x00, 
0x00, 0x00, 0x00, 0x00, 0x71, 0xFF, 0xFF, 0xFF, 0x93, 0x00, 0x00, 0x00, 0x00, 0x00, 0x00, 0x00, 
0x00, 0x00, 0x00, 0x00, 0x00, 0x00, 0x00, 0x00, 0x00, 0x00, 0x00, 0xA4, 0xFF, 0xFF, 0xFF, 0x5F, 
0x00, 0x00, 0x00, 0x00, 0x00, 0x00, 0x00, 0x00, 0x00, 0x00, 0x00, 0x00, 0x00, 0x00, 0x00, 0x00, 
0x00, 0x00, 0xD8, 0xFF, 0xFF, 0xFF, 0x2B, 0x00, 0x00, 0x00, 0x00, 0x00, 0x00, 0x00, 0x00, 0x00, 
0x00, 0x00, 0x00, 0x00, 0x00, 0x00, 0x00, 0x00, 0x0D, 0xFD, 0xFF, 0xFF, 0xF4, 0x02, 0x00, 0x00, 
0x00, 0x00, 0x00, 0x00, 0x00, 0x00, 0x00, 0x00, 0x00, 0x00, 0x00, 0x00, 0x00, 0x00, 0x00, 0x3E, 
0xFF, 0xFF, 0xFF, 0xC3, 0x00, 0x00, 0x00, 0x00, 0x00, 0x00, 0x00, 0x00, 0x00, 0x00, 0x00, 0x00, 
0x00, 0x00, 0x00, 0x00, 0x00, 0x00, 0x71, 0xFF, 0xFF, 0xFF, 0x8F, 0x00, 0x00, 0x00, 0x00, 0x00, 
0x00, 0x00, 0x00, 0x00, 0x00, 0x00, 0x00, 0x00, 0x00, 0x00, 0x00, 0x00, 0x00, 0xA4, 0xFF, 0xFF, 
0xFF, 0x5B, 0x00, 0x00, 0x00, 0x00, 0x00, 0x00, 0x00, 0x00, 0x00, 0x00, 0x00, 0x00, 0x00, 0x00, 
0x00, 0x00, 0x00, 0x00, 0xD7, 0xFF, 0xFF, 0xFF, 0x27, 0x00, 0x00, 0x00, 0x00, 0x00, 0x00, 0x00, 
0x00, 0x00, 0x00, 0x00, 0x00, 0x00, 0x00, 0x00, 0x00, 0x00, 0x0D, 0xFD, 0xFF, 0xFF, 0xF1, 0x01, 
0x00, 0x00, 0x00, 0x00, 0x00, 0x00, 0x00, 0x00, 0x00, 0x00, 0x00, 0x00, 0x00, 0x00, 0x00, 0x00, 
0x00, 0x3E, 0xFF, 0xFF, 0xFF, 0xBF, 0x00, 0x00, 0x00, 0x00, 0x00, 0x00, 0x00, 0x00, 0x00, 0x00, 
0x00, 0x00, 0x00, 0x00, 0x00, 0x00, 0x00, 0x00, 0x71, 0xFF, 0xFF, 0xFF, 0xBB, 0x5C, 0x5C, 0x5C, 
0x5C, 0x5C, 0x5C, 0x5C, 0x5C, 0x5C, 0x5C, 0x5C, 0x51, 0x00, 0x00, 0x00, 0x00, 0x00, 0x00, 0xA4, 
0xFF, 0xFF, 0xFF, 0xFF, 0xFF, 0xFF, 0xFF, 0xFF, 0xFF, 0xFF, 0xFF, 0xFF, 0xFF, 0xFF, 0xFF, 0xFF, 
0x16, 0x00, 0x00, 0x00, 0x00, 0x00, 0xD1, 0xFF, 0xFF, 0xFF, 0xFF, 0xFF, 0xFF, 0xFF, 0xFF, 0xFF, 
0xFF, 0xFF, 0xFF, 0xFF, 0xFF, 0xFF, 0xF5, 0x03, 0x00, 0x00, 0x00, 0x00, 0x00, 0x9D, 0xFE, 0xFF, 
0xFF, 0xFF, 0xFF, 0xFF, 0xFF, 0xFF, 0xFF, 0xFF, 0xFF, 0xFF, 0xFF, 0xFF, 0xFF, 0x8E, 0x00, 0x00, 
0x00, 0x00, 0x00, 0x00, 0x00, 0x00, 0x00, 0x00, 0x00, 0x00, 0x00, 0x00, 0x00, 0x00, 0x00, 0x00, 
0x00, 0x00, 0x00, 0x00, 0x00, 0x2A, 0x6A, 0x76, 0x74, 0x53, 0x02, 0x00, 0x00, 0x00, 0x00, 0x00, 
0x00, 0x00, 0x00, 0x00, 0x00, 0x00, 0x00, 0x00, 0x00, 0x00, 0x00, 0x00, 0x00, 0x00, 0x00, 0x26, 
0xF6, 0xFF, 0xFF, 0xFF, 0xFF, 0x4B, 0x00, 0x00, 0x00, 0x00, 0x00, 0x00, 0x00, 0x00, 0x00, 0x00, 
0x00, 0x00, 0x00, 0x00, 0x00, 0x00, 0x00, 0x00, 0x00, 0x00, 0xB2, 0xFF, 0xFF, 0xFF, 0xFF, 0xFF, 
0x79, 0x00, 0x00, 0x00, 0x00, 0x00, 0x00, 0x00, 0x00, 0x00, 0x00, 0x00, 0x00, 0x00, 0x00, 0x00, 
0x00, 0x00, 0x00, 0x00, 0x41, 0xFF, 0xFF, 0xFF, 0xFF, 0xFF, 0xFF, 0xA2, 0x00, 0x00, 0x00, 0x00, 
0x00, 0x00, 0x00, 0x00, 0x00, 0x00, 0x00, 0x00, 0x00, 0x00, 0x00, 0x00, 0x00, 0x00, 0x02, 0xCF, 
0xFF, 0xFF, 0xF5, 0xFF, 0xFF, 0xFF, 0xCC, 0x00, 0x00, 0x00, 0x00, 0x00, 0x00, 0x00, 0x00, 0x00, 
0x00, 0x00, 0x00, 0x00, 0x00, 0x00, 0x00, 0x00, 0x00, 0x61, 0xFF, 0xFF, 0xFF, 0x7C, 0xED, 0xFF, 
0xFF, 0xF4, 0x01, 0x00, 0x00, 0x00, 0x00, 0x00, 0x00, 0x00, 0x00, 0x00, 0x00, 0x00, 0x00, 0x00, 
0x00, 0x00, 0x00, 0x0B, 0xE5, 0xFF, 0xFF, 0xE6, 0x0B, 0xC7, 0xFF, 0xFF, 0xFF, 0x1E, 0x00, 0x00, 
0x00, 0x00, 0x00, 0x00, 0x00, 0x00, 0x00, 0x00, 0x00, 0x00, 0x00, 0x00, 0x00, 0x00, 0x80, 0xFF, 
0xFF, 0xFF, 0x66, 0x00, 0xA1, 0xFF, 0xFF, 0xFF, 0x48, 0x00, 0x00, 0x00, 0x00, 0x00, 0x00, 0x00, 
0x00, 0x00, 0x00, 0x00, 0x00, 0x00, 0x00, 0x00, 0x1A, 0xF5, 0xFF, 0xFF, 0xD8, 0x04, 0x00, 0x7B, 
0xFF, 0xFF, 0xFF, 0x71, 0x00, 0x00, 0x00, 0x00, 0x00, 0x00, 0x00, 0x00, 0x00, 0x00, 0x00, 0x00, 
0x00, 0x00, 0x00, 0xA0, 0xFF, 0xFF, 0xFF, 0x50, 0x00, 0x00, 0x54, 0xFF, 0xFF, 0xFF, 0x9A, 0x00, 
0x00, 0x00, 0x00, 0x00, 0x00, 0x00, 0x00, 0x00, 0x00, 0x00, 0x00, 0x00, 0x00, 0x31, 0xFD, 0xFF, 
0xFF, 0xC5, 0x00, 0x00, 0x00, 0x2E, 0xFF, 0xFF, 0xFF, 0xC4, 0x00, 0x00, 0x00, 0x00, 0x00, 0x00, 
0x00, 0x00, 0x00, 0x00, 0x00, 0x00, 0x00, 0x00, 0xBE, 0xFF, 0xFF, 0xFF, 0x3B, 0x00, 0x00, 0x00, 
0x09, 0xFE, 0xFF, 0xFF, 0xED, 0x00, 0x00, 0x00, 0x00, 0x00, 0x00, 0x00, 0x00, 0x00, 0x00, 0x00, 
0x00, 0x00, 0x4F, 0xFF, 0xFF, 0xFF, 0xAF, 0x00, 0x00, 0x00, 0x00, 0x00, 0xE1, 0xFF, 0xFF, 0xFF, 
0x16, 0x00, 0x00, 0x00, 0x00, 0x00, 0x00, 0x00, 0x00, 0x00, 0x00, 0x00, 0x05, 0xD9, 0xFF, 0xFF, 
0xFC, 0x28, 0x00, 0x00, 0x00, 0x00, 0x00, 0xBB, 0xFF, 0xFF, 0xFF, 0x3F, 0x00, 0x00, 0x00, 0x00, 
0x00, 0x00, 0x00, 0x00, 0x00, 0x00, 0x00, 0x6E, 0xFF, 0xFF, 0xFF, 0x99, 0x00, 0x00, 0x00, 0x00, 
0x00, 0x00, 0x94, 0xFF, 0xFF, 0xFF, 0x69, 0x00, 0x00, 0x00, 0x00, 0x00, 0x00, 0x00, 0x00, 0x00, 
0x00, 0x10, 0xEC, 0xFF, 0xFF, 0xF5, 0x19, 0x00, 0x00, 0x00, 0x00, 0x00, 0x00, 0x6E, 0xFF, 0xFF, 
0xFF, 0x92, 0x00, 0x00, 0x00, 0x00, 0x00, 0x00, 0x00, 0x00, 0x00, 0x00, 0x8E, 0xFF, 0xFF, 0xFF, 
0x83, 0x00, 0x00, 0x00, 0x00, 0x00, 0x00, 0x00, 0x47, 0xFF, 0xFF, 0xFF, 0xBB, 0x00, 0x00, 0x00, 
0x00, 0x00, 0x00, 0x00, 0x00, 0x00, 0x23, 0xF9, 0xFF, 0xFF, 0xEA, 0x0E, 0x00, 0x00, 0x00, 0x00, 
0x00, 0x00, 0x00, 0x21, 0xFF, 0xFF, 0xFF, 0xE5, 0x00, 0x00, 0x00, 0x00, 0x00, 0x00, 0x00, 0x00, 
0x00, 0xAD, 0xFF, 0xFF, 0xFF, 0x6D, 0x00, 0x00, 0x00, 0x00, 0x00, 0x00, 0x00, 0x00, 0x02, 0xF8, 
0xFF, 0xFF, 0xFF, 0x0F, 0x00, 0x00, 0x00, 0x00, 0x00, 0x00, 0x00, 0x3D, 0xFF, 0xFF, 0xFF, 0xED, 
0x35, 0x30, 0x30, 0x30, 0x30, 0x30, 0x30, 0x30, 0x30, 0x30, 0xDF, 0xFF, 0xFF, 0xFF, 0x37, 0x00, 
0x00, 0x00, 0x00, 0x00, 0x00, 0x01, 0xCA, 0xFF, 0xFF, 0xFF, 0xFF, 0xFF, 0xFF, 0xFF, 0xFF, 0xFF, 
0xFF, 0xFF, 0xFF, 0xFF, 0xFF, 0xFF, 0xFF, 0xFF, 0xFF, 0x61, 0x00, 0x00, 0x00, 0x00, 0x00, 0x00, 
0x5C, 0xFF, 0xFF, 0xFF, 0xFF, 0xFF, 0xFF, 0xFF, 0xFF, 0xFF, 0xFF, 0xFF, 0xFF, 0xFF, 0xFF, 0xFF, 
0xFF, 0xFF, 0xFF, 0xFF, 0x8A, 0x00, 0x00, 0x00, 0x00, 0x00, 0x09, 0xE2, 0xFF, 0xFF, 0xFF, 0xFF, 
0xFF, 0xFF, 0xFF, 0xFF, 0xFF, 0xFF, 0xFF, 0xFF, 0xFF, 0xFF, 0xFF, 0xFF, 0xFF, 0xFF, 0xFF, 0xB3, 
0x00, 0x00, 0x00, 0x00, 0x00, 0x7B, 0xFF, 0xFF, 0xFF, 0xC6, 0x08, 0x08, 0x08, 0x08, 0x08, 0x08, 
0x08, 0x08, 0x08, 0x08, 0x08, 0x08, 0x47, 0xFF, 0xFF, 0xFF, 0xDD, 0x00, 0x00, 0x00, 0x00, 0x17, 
0xF3, 0xFF, 0xFF, 0xFF, 0x3C, 0x00, 0x00, 0x00, 0x00, 0x00, 0x00, 0x00, 0x00, 0x00, 0x00, 0x00, 
0x00, 0x1B, 0xFF, 0xFF, 0xFF, 0xFD, 0x08, 0x00, 0x00, 0x00, 0x9B, 0xFF, 0xFF, 0xFF, 0xB2, 0x00, 
0x00, 0x00, 0x00, 0x00, 0x00, 0x00, 0x00, 0x00, 0x00, 0x00, 0x00, 0x00, 0x00, 0xF3, 0xFF, 0xFF, 
0xFF, 0x2F, 0x00, 0x00, 0x2D, 0xFC, 0xFF, 0xFF, 0xFC, 0x2B, 0x00, 0x00, 0x00, 0x00, 0x00, 0x00, 
0x00, 0x00, 0x00, 0x00, 0x00, 0x00, 0x00, 0x00, 0xCD, 0xFF, 0xFF, 0xFF, 0x59, 0x00, 0x00, 0xBA, 
0xFF, 0xFF, 0xFF, 0x9D, 0x00, 0x00, 0x00, 0x00, 0x00, 0x00, 0x00, 0x00, 0x00, 0x00, 0x00, 0x00, 
0x00, 0x00, 0x00, 0xA6, 0xFF, 0xFF, 0xFF, 0x82, 0x00, 0x4A, 0xFF, 0xFF, 0xFF, 0xF6, 0x1C, 0x00, 
0x00, 0x00, 0x00, 0x00, 0x00, 0x00, 0x00, 0x00, 0x00, 0x00, 0x00, 0x00, 0x00, 0x00, 0x7E, 0xFF, 
0xFF, 0xFF, 0xAB, 0x00, 0xD4, 0xFF, 0xFF, 0xFF, 0x88, 0x00, 0x00, 0x00, 0x00, 0x00, 0x00, 0x00, 
0x00, 0x00, 0x00, 0x00, 0x00, 0x00, 0x00, 0x00, 0x00, 0x57, 0xFF, 0xFF, 0xFF, 0xD2, 0x20, 0xFD, 
0xFF, 0xFF, 0xDB, 0x10, 0x00, 0x00, 0x00, 0x00, 0x00, 0x00, 0x00, 0x00, 0x00, 0x00, 0x00, 0x00, 
0x00, 0x00, 0x00, 0x00, 0x26, 0xFB, 0xFF, 0xFF, 0xC3, 0x00, 0x11, 0x23, 0x1B, 0x01, 0x00, 0x00, 
0x00, 0x00, 0x00, 0x00, 0x00, 0x00, 0x00, 0x00, 0x00, 0x00, 0x00, 0x00, 0x00, 0x00, 0x00, 0x00, 
0x0E, 0x21, 0x1E, 0x02, 0x00, 0x00, 0x00, 0x00, 0x00, 0x00, 0x14, 0x4F, 0x54, 0x54, 0x54, 0x54, 
0x54, 0x54, 0x54, 0x54, 0x54, 0x54, 0x54, 0x54, 0x54, 0x54, 0x54, 0x26, 0x00, 0x00, 0x00, 0x00, 
0x00, 0x1A, 0xEA, 0xFF, 0xFF, 0xFF, 0xFF, 0xFF, 0xFF, 0xFF, 0xFF, 0xFF, 0xFF, 0xFF, 0xFF, 0xFF, 
0xFF, 0xFF, 0xFF, 0xB2, 0x00, 0x00, 0x00, 0x00, 0x00, 0x70, 0xFF, 0xFF, 0xFF, 0xFF, 0xFF, 0xFF, 
0xFF, 0xFF, 0xFF, 0xFF, 0xFF, 0xFF, 0xFF, 0xFF, 0xFF, 0xFF, 0xFF, 0x97, 0x00, 0x00, 0x00, 0x00, 
0x00, 0xA6, 0xFF, 0xFF, 0xFF, 0xFF, 0xFF, 0xFF, 0xFF, 0xFF, 0xFF, 0xFF, 0xFF, 0xFF, 0xFF, 0xFF, 
0xFF, 0xFF, 0xFA, 0x39, 0x00, 0x00, 0x00, 0x00, 0x00, 0xD9, 0xFF, 0xFF, 0xFF, 0x3D, 0x10, 0x10, 
0x10, 0x10, 0x10, 0x10, 0x10, 0x10, 0x10, 0x10, 0x10, 0x10, 0x09, 0x00, 0x00, 0x00, 0x00, 0x00, 
0x0E, 0xFE, 0xFF, 0xFF, 0xF9, 0x05, 0x00, 0x00, 0x00, 0x00, 0x00, 0x00, 0x00, 0x00, 0x00, 0x00, 
0x00, 0x00, 0x00, 0x00, 0x00, 0x00, 0x00, 0x00, 0x40, 0xFF, 0xFF, 0xFF, 0xCC, 0x00, 0x00, 0x00, 
0x00, 0x00, 0x00, 0x00, 0x00, 0x00, 0x00, 0x00, 0x00, 0x00, 0x00, 0x00, 0x00, 0x00, 0x00, 0x00, 
0x73, 0xFF, 0xFF, 0xFF, 0x9A, 0x00, 0x00, 0x00, 0x00, 0x00, 0x00, 0x00, 0x00, 0x00, 0x00, 0x00, 
0x00, 0x00, 0x00, 0x00, 0x00, 0x00, 0x00, 0x00, 0xA6, 0xFF, 0xFF, 0xFF, 0x67, 0x00, 0x00, 0x00, 
0x00, 0x00, 0x00, 0x00, 0x00, 0x00, 0x00, 0x00, 0x00, 0x00, 0x00, 0x00, 0x00, 0x00, 0x00, 0x00, 
0xD9, 0xFF, 0xFF, 0xFF, 0x34, 0x00, 0x00, 0x00, 0x00, 0x00, 0x00, 0x00, 0x00, 0x00, 0x00, 0x00, 
0x00, 0x00, 0x00, 0x00, 0x00, 0x00, 0x00, 0x0D, 0xFE, 0xFF, 0xFF, 0xFA, 0x07, 0x00, 0x00, 0x00, 
0x00, 0x00, 0x00, 0x00, 0x00, 0x00, 0x00, 0x00, 0x00, 0x00, 0x00, 0x00, 0x00, 0x00, 0x00, 0x3F, 
0xFF, 0xFF, 0xFF, 0xCF, 0x00, 0x00, 0x00, 0x00, 0x00, 0x00, 0x00, 0x00, 0x00, 0x00, 0x00, 0x00, 
0x00, 0x00, 0x00, 0x00, 0x00, 0x00, 0x00, 0x72, 0xFF, 0xFF, 0xFF, 0x9D, 0x00, 0x00, 0x00, 0x00, 
0x00, 0x00, 0x00, 0x00, 0x00, 0x00, 0x00, 0x00, 0x00, 0x00, 0x00, 0x00, 0x00, 0x00, 0x00, 0xA5, 
0xFF, 0xFF, 0xFF, 0xB2, 0x70, 0x70, 0x6F, 0x6D, 0x6A, 0x5E, 0x48, 0x1E, 0x01, 0x00, 0x00, 0x00, 
0x00, 0x00, 0x00, 0x00, 0x00, 0x00, 0x00, 0xD9, 0xFF, 0xFF, 0xFF, 0xFF, 0xFF, 0xFF, 0xFF, 0xFF, 
0xFF, 0xFF, 0xFF, 0xFF, 0xEB, 0x92, 0x1B, 0x00, 0x00, 0x00, 0x00, 0x00, 0x00, 0x00, 0x0D, 0xFE, 
0xFF, 0xFF, 0xFF, 0xFF, 0xFF, 0xFF, 0xFF, 0xFF, 0xFF, 0xFF, 0xFF, 0xFF, 0xFF, 0xFF, 0xF4, 0x5A, 
0x00, 0x00, 0x00, 0x00, 0x00, 0x00, 0x3F, 0xFF, 0xFF, 0xFF, 0xEF, 0xC4, 0xC4, 0xC4, 0xC5, 0xCA, 
0xD5, 0xEF, 0xFF, 0xFF, 0xFF, 0xFF, 0xFF, 0xFE, 0x57, 0x00, 0x00, 0x00, 0x00, 0x00, 0x72, 0xFF, 
0xFF, 0xFF, 0x99, 0x00, 0x00, 0x00, 0x00, 0x00, 0x00, 0x00, 0x23, 0x91, 0xFB, 0xFF, 0xFF, 0xFF, 
0xEF, 0x10, 0x00, 0x00, 0x00, 0x00, 0xA5, 0xFF, 0xFF, 0xFF, 0x66, 0x00, 0x00, 0x00, 0x00, 0x00, 
0x00, 0x00, 0x00, 0x00, 0x5B, 0xFF, 0xFF, 0xFF, 0xFF, 0x68, 0x00, 0x00, 0x00, 0x00, 0xD8, 0xFF, 
0xFF, 0xFF, 0x32, 0x00, 0x00, 0x00, 0x00, 0x00, 0x00, 0x00, 0x00, 0x00, 0x00, 0xC5, 0xFF, 0xFF, 
0xFF, 0xA1, 0x00, 0x00, 0x00, 0x0D, 0xFE, 0xFF, 0xFF, 0xF8, 0x05, 0x00, 0x00, 0x00, 0x00, 0x00, 
0x00, 0x00, 0x00, 0x00, 0x00, 0x88, 0xFF, 0xFF, 0xFF, 0xB1, 0x00, 0x00, 0x00, 0x3E, 0xFF, 0xFF, 
0xFF, 0xCB, 0x00, 0x00, 0x00, 0x00, 0x00, 0x00, 0x00, 0x00, 0x00, 0x00, 0x00, 0x82, 0xFF, 0xFF, 
0xFF, 0x9E, 0x00, 0x00, 0x00, 0x71, 0xFF, 0xFF, 0xFF, 0x97, 0x00, 0x00, 0x00, 0x00, 0x00, 0x00, 
0x00, 0x00, 0x00, 0x00, 0x00, 0xAC, 0xFF, 0xFF, 0xFF, 0x81, 0x00, 0x00, 0x00, 0xA5, 0xFF, 0xFF, 
0xFF, 0x63, 0x00, 0x00, 0x00, 0x00, 0x00, 0x00, 0x00, 0x00, 0x00, 0x00, 0x16, 0xF5, 0xFF, 0xFF, 
0xFF, 0x3C, 0x00, 0x00, 0x00, 0xD8, 0xFF, 0xFF, 0xFF, 0x2F, 0x00, 0x00, 0x00, 0x00, 0x00, 0x00, 
0x00, 0x00, 0x00, 0x00, 0x8E, 0xFF, 0xFF, 0xFF, 0xE6, 0x02, 0x00, 0x00, 0x0D, 0xFD, 0xFF, 0xFF, 
0xF7, 0x04, 0x00, 0x00, 0x00, 0x00, 0x00, 0x00, 0x00, 0x00, 0x00, 0x5E, 0xFE, 0xFF, 0xFF, 0xFF, 
0x62, 0x00, 0x00, 0x00, 0x3E, 0xFF, 0xFF, 0xFF, 0xC8, 0x00, 0x00, 0x00, 0x00, 0x00, 0x00, 0x00, 
0x00, 0x12, 0x93, 0xFC, 0xFF, 0xFF, 0xFF, 0xC0, 0x02, 0x00, 0x00, 0x00, 0x71, 0xFF, 0xFF, 0xFF, 
0xBD, 0x54, 0x54, 0x54, 0x54, 0x55, 0x60, 0x7B, 0xAF, 0xF6, 0xFF, 0xFF, 0xFF, 0xFF, 0xD0, 0x0F, 
0x00, 0x00, 0x00, 0x00, 0xA4, 0xFF, 0xFF, 0xFF, 0xFF, 0xFF, 0xFF, 0xFF, 0xFF, 0xFF, 0xFF, 0xFF, 
0xFF, 0xFF, 0xFF, 0xFF, 0xFF, 0xA7, 0x12, 0x00, 0x00, 0x00, 0x00, 0x00, 0xCC, 0xFF, 0xFF, 0xFF, 
0xFF, 0xFF, 0xFF, 0xFF, 0xFF, 0xFF, 0xFF, 0xFF, 0xFF, 0xFF, 0xFE, 0xBE, 0x4C, 0x00, 0x00, 0x00, 
0x00, 0x00, 0x00, 0x00, 0x89, 0xFC, 0xFF, 0xFF, 0xFF, 0xFF, 0xFF, 0xFF, 0xFD, 0xF7, 0xE8, 0xCF, 
0xA9, 0x72, 0x21, 0x00, 0x00, 0x00, 0x00, 0x00, 0x00, 0x00, 0x00, 0x00, 0x00, 0x00, 0x00, 0x00, 
0x00, 0x00, 0x15, 0x4E, 0x54, 0x54, 0x54, 0x54, 0x54, 0x54, 0x4E, 0x42, 0x2C, 0x06, 0x00, 0x00, 
0x00, 0x00, 0x00, 0x00, 0x00, 0x00, 0x00, 0x00, 0x20, 0xEF, 0xFF, 0xFF, 0xFF, 0xFF, 0xFF, 0xFF, 
0xFF, 0xFF, 0xFF, 0xFF, 0xFB, 0xC0, 0x62, 0x03, 0x00, 0x00, 0x00, 0x00, 0x00, 0x00, 0x00, 0x74, 
0xFF, 0xFF, 0xFF, 0xFF, 0xFF, 0xFF, 0xFF, 0xFF, 0xFF, 0xFF, 0xFF, 0xFF, 0xFF, 0xFF, 0xCC, 0x17, 
0x00, 0x00, 0x00, 0x00, 0x00, 0x00, 0xA9, 0xFF, 0xFF, 0xFF, 0xF6, 0xF4, 0xF4, 0xF4, 0xF5, 0xFE, 
0xFF, 0xFF, 0xFF, 0xFF, 0xFF, 0xFF, 0xC5, 0x01, 0x00, 0x00, 0x00, 0x00, 0x00, 0xDC, 0xFF, 0xFF, 
0xFF, 0x1F, 0x00, 0x00, 0x00, 0x00, 0x02, 0x27, 0x78, 0xF1, 0xFF, 0xFF, 0xFF, 0xFF, 0x45, 0x00, 
0x00, 0x00, 0x00, 0x10, 0xFE, 0xFF, 0xFF, 0xEC, 0x00, 0x00, 0x00, 0x00, 0x00, 0x00, 0x00, 0x00, 
0x35, 0xFC, 0xFF, 0xFF, 0xFF, 0x87, 0x00, 0x00, 0x00, 0x00, 0x42, 0xFF, 0xFF, 0xFF, 0xB9, 0x00, 
0x00, 0x00, 0x00, 0x00, 0x00, 0x00, 0x00, 0x00, 0xC3, 0xFF, 0xFF, 0xFF, 0x9D, 0x00, 0x00, 0x00, 
0x00, 0x75, 0xFF, 0xFF, 0xFF, 0x86, 0x00, 0x00, 0x00, 0x00, 0x00, 0x00, 0x00, 0x00, 0x00, 0xAE, 
0xFF, 0xFF, 0xFF, 0x93, 0x00, 0x00, 0x00, 0x00, 0xA8, 0xFF, 0xFF, 0xFF, 0x53, 0x00, 0x00, 0x00, 
0x00, 0x00, 0x00, 0x00, 0x00, 0x00, 0xC9, 0xFF, 0xFF, 0xFF, 0x6C, 0x00, 0x00, 0x00, 0x00, 0xDB, 
0xFF, 0xFF, 0xFF, 0x20, 0x00, 0x00, 0x00, 0x00, 0x00, 0x00, 0x00, 0x00, 0x0E, 0xF9, 0xFF, 0xFF, 
0xFF, 0x29, 0x00, 0x00, 0x00, 0x0F, 0xFE, 0xFF, 0xFF, 0xED, 0x00, 0x00, 0x00, 0x00, 0x00, 0x00, 
0x00, 0x00, 0x00, 0x73, 0xFF, 0xFF, 0xFF, 0xC2, 0x00, 0x00, 0x00, 0x00, 0x41, 0xFF, 0xFF, 0xFF, 
0xBA, 0x00, 0x00, 0x00, 0x00, 0x00, 0x00, 0x00, 0x00, 0x25, 0xF2, 0xFF, 0xFF, 0xFC, 0x37, 0x00, 
0x00, 0x00, 0x00, 0x74, 0xFF, 0xFF, 0xFF, 0x87, 0x00, 0x00, 0x00, 0x00, 0x00, 0x00, 0x00, 0x3C, 
0xE5, 0xFF, 0xFF, 0xFF, 0x75, 0x00, 0x00, 0x00, 0x00, 0x00, 0xA7, 0xFF, 0xFF, 0xFF, 0x81, 0x3C, 
0x3C, 0x3C, 0x3C, 0x4A, 0x68, 0xB6, 0xFE, 0xFF, 0xFF, 0xFA, 0x70, 0x00, 0x00, 0x00, 0x00, 0x00, 
0x00, 0xDA, 0xFF, 0xFF, 0xFF, 0xFF, 0xFF, 0xFF, 0xFF, 0xFF, 0xFF, 0xFF, 0xFF, 0xFF, 0xFF, 0xBA, 
0x2E, 0x00, 0x00, 0x00, 0x00, 0x00, 0x00, 0x0E, 0xFE, 0xFF, 0xFF, 0xFF, 0xFF, 0xFF, 0xFF, 0xFF, 
0xFF, 0xFF, 0xFF, 0xFF, 0xFF, 0xFF, 0xF7, 0xA1, 0x1A, 0x00, 0x00, 0x00, 0x00, 0x00, 0x40, 0xFF, 
0xFF, 0xFF, 0xFE, 0xFC, 0xFC, 0xFC, 0xFC, 0xFC, 0xFF, 0xFF, 0xFF, 0xFF, 0xFF, 0xFF, 0xFF, 0xEA, 
0x2B, 0x00, 0x00, 0x00, 0x00, 0x73, 0xFF, 0xFF, 0xFF, 0x81, 0x00, 0x00, 0x00, 0x00, 0x00, 0x05, 
0x1D, 0x54, 0xBB, 0xFF, 0xFF, 0xFF, 0xFF, 0xD6, 0x03, 0x00, 0x00, 0x00, 0xA6, 0xFF, 0xFF, 0xFF, 
0x4F, 0x00, 0x00, 0x00, 0x00, 0x00, 0x00, 0x00, 0x00, 0x00, 0x83, 0xFF, 0xFF, 0xFF, 0xFF, 0x50, 
0x00, 0x00, 0x00, 0xD9, 0xFF, 0xFF, 0xFF, 0x1C, 0x00, 0x00, 0x00, 0x00, 0x00, 0x00, 0x00, 0x00, 
0x00, 0x02, 0xDC, 0xFF, 0xFF, 0xFF, 0x93, 0x00, 0x00, 0x0D, 0xFE, 0xFF, 0xFF, 0xEA, 0x00, 0x00, 
0x00, 0x00, 0x00, 0x00, 0x00, 0x00, 0x00, 0x00, 0x00, 0x9E, 0xFF, 0xFF, 0xFF, 0xAD, 0x00, 0x00, 
0x3F, 0xFF, 0xFF, 0xFF, 0xB7, 0x00, 0x00, 0x00, 0x00, 0x00, 0x00, 0x00, 0x00, 0x00, 0x00, 0x00, 
0x9A, 0xFF, 0xFF, 0xFF, 0xA7, 0x00, 0x00, 0x72, 0xFF, 0xFF, 0xFF, 0x85, 0x00, 0x00, 0x00, 0x00, 
0x00, 0x00, 0x00, 0x00, 0x00, 0x00, 0x00, 0xBC, 0xFF, 0xFF, 0xFF, 0x87, 0x00, 0x00, 0xA5, 0xFF, 
0xFF, 0xFF, 0x52, 0x00, 0x00, 0x00, 0x00, 0x00, 0x00, 0x00, 0x00, 0x00, 0x00, 0x0F, 0xF7, 0xFF, 
0xFF, 0xFF, 0x4B, 0x00, 0x00, 0xD8, 0xFF, 0xFF, 0xFF, 0x1F, 0x00, 0x00, 0x00, 0x00, 0x00, 0x00, 
0x00, 0x00, 0x00, 0x00, 0x84, 0xFF, 0xFF, 0xFF, 0xEA, 0x06, 0x00, 0x0D, 0xFE, 0xFF, 0xFF, 0xED, 
0x00, 0x00, 0x00, 0x00, 0x00, 0x00, 0x00, 0x00, 0x00, 0x00, 0x4A, 0xFC, 0xFF, 0xFF, 0xFF, 0x73, 
0x00, 0x00, 0x3E, 0xFF, 0xFF, 0xFF, 0xBA, 0x00, 0x00, 0x00, 0x00, 0x00, 0x00, 0x00, 0x00, 0x09, 
0x7B, 0xFB, 0xFF, 0xFF, 0xFF, 0xC7, 0x03, 0x00, 0x00, 0x71, 0xFF, 0xFF, 0xFF, 0xB5, 0x54, 0x54, 
0x54, 0x54, 0x54, 0x5A, 0x6E, 0xA0, 0xEA, 0xFF, 0xFF, 0xFF, 0xFF, 0xDB, 0x17, 0x00, 0x00, 0x00, 
0xA4, 0xFF, 0xFF, 0xFF, 0xFF, 0xFF, 0xFF, 0xFF, 0xFF, 0xFF, 0xFF, 0xFF, 0xFF, 0xFF, 0xFF, 0xFF, 
0xFF, 0xC0, 0x15, 0x00, 0x00, 0x00, 0x00, 0xD1, 0xFF, 0xFF, 0xFF, 0xFF, 0xFF, 0xFF, 0xFF, 0xFF, 
0xFF, 0xFF, 0xFF, 0xFF, 0xFF, 0xFF, 0xDE, 0x64, 0x01, 0x00, 0x00, 0x00, 0x00, 0x00, 0x97, 0xFB, 
0xFF, 0xFF, 0xFF, 0xFF, 0xFF, 0xFF, 0xFF, 0xFE, 0xF5, 0xE6, 0xC2, 0x91, 0x45, 0x03, 0x00, 0x00, 
0x00, 0x00, 0x00, 0x00, 0x00, 0x00, 0x00, 0x00, 0x00, 0x00, 0x00, 0x00, 0x18, 0x50, 0x54, 0x54, 
0x54, 0x54, 0x54, 0x54, 0x54, 0x54, 0x54, 0x54, 0x54, 0x54, 0x54, 0x38, 0x00, 0x00, 0x00, 0x00, 
0x00, 0x00, 0x1E, 0xF0, 0xFF, 0xFF, 0xFF, 0xFF, 0xFF, 0xFF, 0xFF, 0xFF, 0xFF, 0xFF, 0xFF, 0xFF, 
0xFF, 0xFF, 0xEA, 0x00, 0x00, 0x00, 0x00, 0x00, 0x00, 0x74, 0xFF, 0xFF, 0xFF, 0xFF, 0xFF, 0xFF, 
0xFF, 0xFF, 0xFF, 0xFF, 0xFF, 0xFF, 0xFF, 0xFF, 0xFF, 0xCD, 0x00, 0x00, 0x00, 0x00, 0x00, 0x00, 
0xA9, 0xFF, 0xFF, 0xFF, 0xFF, 0xFF, 0xFF, 0xFF, 0xFF, 0xFF, 0xFF, 0xFF, 0xFF, 0xFF, 0xFF, 0xFF, 
0x72, 0x00, 0x00, 0x00, 0x00, 0x00, 0x00, 0xDC, 0xFF, 0xFF, 0xFF, 0x48, 0x24, 0x24, 0x24, 0x24, 
0x24, 0x24, 0x24, 0x24, 0x24, 0x24, 0x1F, 0x00, 0x00, 0x00, 0x00, 0x00, 0x00, 0x10, 0xFE, 0xFF, 
0xFF, 0xF6, 0x03, 0x00, 0x00, 0x00, 0x00, 0x00, 0x00, 0x00, 0x00, 0x00, 0x00, 0x00, 0x00, 0x00, 
0x00, 0x00, 0x00, 0x00, 0x42, 0xFF, 0xFF, 0xFF, 0xC6, 0x00, 0x00, 0x00, 0x00, 0x00, 0x00, 0x00, 
0x00, 0x00, 0x00, 0x00, 0x00, 0x00, 0x00, 0x00, 0x00, 0x00, 0x00, 0x75, 0xFF, 0xFF, 0xFF, 0x93, 
0x00, 0x00, 0x00, 0x00, 0x00, 0x00, 0x00, 0x00, 0x00, 0x00, 0x00, 0x00, 0x00, 0x00, 0x00, 0x00, 
0x00, 0x00, 0xA8, 0xFF, 0xFF, 0xFF, 0x60, 0x00, 0x00, 0x00, 0x00, 0x00, 0x00, 0x00, 0x00, 0x00, 
0x00, 0x00, 0x00, 0x00, 0x00, 0x00, 0x00, 0x00, 0x00, 0xDB, 0xFF, 0xFF, 0xFF, 0x2D, 0x00, 0x00, 
0x00, 0x00, 0x00, 0x00, 0x00, 0x00, 0x00, 0x00, 0x00, 0x00, 0x00, 0x00, 0x00, 0x00, 0x00, 0x10, 
0xFE, 0xFF, 0xFF, 0xF6, 0x03, 0x00, 0x00, 0x00, 0x00, 0x00, 0x00, 0x00, 0x00, 0x00, 0x00, 0x00, 
0x00, 0x00, 0x00, 0x00, 0x00, 0x00, 0x42, 0xFF, 0xFF, 0xFF, 0xC6, 0x00, 0x00, 0x00, 0x00, 0x00, 
0x00, 0x00, 0x00, 0x00, 0x00, 0x00, 0x00, 0x00, 0x00, 0x00, 0x00, 0x00, 0x00, 0x75, 0xFF, 0xFF, 
0xFF, 0x93, 0x00, 0x00, 0x00, 0x00, 0x00, 0x00, 0x00, 0x00, 0x00, 0x00, 0x00, 0x00, 0x00, 0x00, 
0x00, 0x00, 0x00, 0x00, 0xA8, 0xFF, 0xFF, 0xFF, 0x60, 0x00, 0x00, 0x00, 0x00, 0x00, 0x00, 0x00, 
0x00, 0x00, 0x00, 0x00, 0x00, 0x00, 0x00, 0x00, 0x00, 0x00, 0x00, 0xDB, 0xFF, 0xFF, 0xFF, 0x2D, 
0x00, 0x00, 0x00, 0x00, 0x00, 0x00, 0x00, 0x00, 0x00, 0x00, 0x00, 0x00, 0x00, 0x00, 0x00, 0x00, 
0x00, 0x0F, 0xFE, 0xFF, 0xFF, 0xF6, 0x03, 0x00, 0x00, 0x00, 0x00, 0x00, 0x00, 0x00, 0x00, 0x00, 
0x00, 0x00, 0x00, 0x00, 0x00, 0x00, 0x00, 0x00, 0x41, 0xFF, 0xFF, 0xFF, 0xC7, 0x00, 0x00, 0x00, 
0x00, 0x00, 0x00, 0x00, 0x00, 0x00, 0x00, 0x00, 0x00, 0x00, 0x00, 0x00, 0x00, 0x00, 0x00, 0x74, 
0xFF, 0xFF, 0xFF, 0x93, 0x00, 0x00, 0x00, 0x00, 0x00, 0x00, 0x00, 0x00, 0x00, 0x00, 0x00, 0x00, 
0x00, 0x00, 0x00, 0x00, 0x00, 0x00, 0xA7, 0xFF, 0xFF, 0xFF, 0x60, 0x00, 0x00, 0x00, 0x00, 0x00, 
0x00, 0x00, 0x00, 0x00, 0x00, 0x00, 0x00, 0x00, 0x00, 0x00, 0x00, 0x00, 0x00, 0xDB, 0xFF, 0xFF, 
0xFF, 0x2D, 0x00, 0x00, 0x00, 0x00, 0x00, 0x00, 0x00, 0x00, 0x00, 0x00, 0x00, 0x00, 0x00, 0x00, 
0x00, 0x00, 0x00, 0x0F, 0xFE, 0xFF, 0xFF, 0xF6, 0x04, 0x00, 0x00, 0x00, 0x00, 0x00, 0x00, 0x00, 
0x00, 0x00, 0x00, 0x00, 0x00, 0x00, 0x00, 0x00, 0x00, 0x00, 0x41, 0xFF, 0xFF, 0xFF, 0xC7, 0x00, 
0x00, 0x00, 0x00, 0x00, 0x00, 0x00, 0x00, 0x00, 0x00, 0x00, 0x00, 0x00, 0x00, 0x00, 0x00, 0x00, 
0x00, 0x74, 0xFF, 0xFF, 0xFF, 0x94, 0x00, 0x00, 0x00, 0x00, 0x00, 0x00, 0x00, 0x00, 0x00, 0x00, 
0x00, 0x00, 0x00, 0x00, 0x00, 0x00, 0x00, 0x00, 0xA7, 0xFF, 0xFF, 0xFF, 0x60, 0x00, 0x00, 0x00, 
0x00, 0x00, 0x00, 0x00, 0x00, 0x00, 0x00, 0x00, 0x00, 0x00, 0x00, 0x00, 0x00, 0x00, 0x00, 0xDA, 
0xFF, 0xFF, 0xFF, 0x2D, 0x00, 0x00, 0x00, 0x00, 0x00, 0x00, 0x00, 0x00, 0x00, 0x00, 0x00, 0x00, 
0x00, 0x00, 0x00, 0x00, 0x00, 0x0E, 0xFE, 0xFF, 0xFF, 0xF6, 0x04, 0x00, 0x00, 0x00, 0x00, 0x00, 
0x00, 0x00, 0x00, 0x00, 0x00, 0x00, 0x00, 0x00, 0x00, 0x00, 0x00, 0x00, 0x40, 0xFF, 0xFF, 0xFF, 
0xC7, 0x00, 0x00, 0x00, 0x00, 0x00, 0x00, 0x00, 0x00, 0x00, 0x00, 0x00, 0x00, 0x00, 0x00, 0x00, 
0x00, 0x00, 0x00, 0x74, 0xFF, 0xFF, 0xFF, 0x94, 0x00, 0x00, 0x00, 0x00, 0x00, 0x00, 0x00, 0x00, 
0x00, 0x00, 0x00, 0x00, 0x00, 0x00, 0x00, 0x00, 0x00, 0x00, 0xA7, 0xFF, 0xFF, 0xFF, 0x61, 0x00, 
0x00, 0x00, 0x00, 0x00, 0x00, 0x00, 0x00, 0x00, 0x00, 0x00, 0x00, 0x00, 0x00, 0x00, 0x00, 0x00, 
0x00, 0xDA, 0xFF, 0xFF, 0xFF, 0x2D, 0x00, 0x00, 0x00, 0x00, 0x00, 0x00, 0x00, 0x00, 0x00, 0x00, 
0x00, 0x00, 0x00, 0x00, 0x00, 0x00, 0x00, 0x02, 0xF3, 0xFF, 0xFF, 0xDD, 0x04, 0x00, 0x00, 0x00, 
0x00, 0x00, 0x00, 0x00, 0x00, 0x00, 0x00, 0x00, 0x00, 0x00, 0x00, 0x00, 0x00, 0x00, 0x00, 0x08, 
0x1F, 0x1B, 0x01, 0x00, 0x00, 0x00, 0x00, 0x00, 0x00, 0x00, 0x00, 0x00, 0x00, 0x00, 0x00, 0x00, 
0x00, 0x00, 0x00, 0x00, 0x00, 0x00, 0x00, 0x00, 0x00, 0x00, 0x00, 0x00, 0x00, 0x00, 0x00, 0x00, 
0x00, 0x00, 0x00, 0x00, 0x00, 0x00, 0x15, 0x50, 0x54, 0x54, 0x54, 0x54, 0x54, 0x54, 0x54, 0x54, 
0x54, 0x54, 0x54, 0x54, 0x54, 0x4B, 0x05, 0x00, 0x00, 0x00, 0x00, 0x00, 0x00, 0x00, 0x00, 0x00, 
0x00, 0x00, 0x00, 0x00, 0x00, 0x00, 0x00, 0x0D, 0xE3, 0xFF, 0xFF, 0xFF, 0xFF, 0xFF, 0xFF, 0xFF, 
0xFF, 0xFF, 0xFF, 0xFF, 0xFF, 0xFF, 0xFF, 0xFF, 0x74, 0x00, 0x00, 0x00, 0x00, 0x00, 0x00, 0x00, 
0x00, 0x00, 0x00, 0x00, 0x00, 0x00, 0x00, 0x00, 0x00, 0x68, 0xFF, 0xFF, 0xFF, 0xFF, 0xFF, 0xFF, 
0xFF, 0xFF, 0xFF, 0xFF, 0xFF, 0xFF, 0xFF, 0xFF, 0xFF, 0xFF, 0x6C, 0x00, 0x00, 0x00, 0x00, 0x00, 
0x00, 0x00, 0x00, 0x00, 0x00, 0x00, 0x00, 0x00, 0x00, 0x00, 0x00, 0xBB, 0xFF, 0xFF, 0xFF, 0xFF, 
0xFF, 0xFF, 0xFF, 0xFF, 0xFF, 0xFF, 0xFF, 0xFF, 0xFF, 0xFF, 0xFF, 0xFF, 0x3A, 0x00, 0x00, 0x00, 
0x00, 0x00, 0x00, 0x00, 0x00, 0x00, 0x00, 0x00, 0x00, 0x00, 0x00, 0x00, 0x10, 0xFA, 0xFF, 0xFF, 
0xF3, 0x20, 0x1C, 0x1C, 0x1C, 0x1C, 0x1C, 0x1C, 0x1C, 0x22, 0xFC, 0xFF, 0xFF, 0xFC, 0x0A, 0x00, 
0x00, 0x00, 0x00, 0x00, 0x00, 0x00, 0x00, 0x00, 0x00, 0x00, 0x00, 0x00, 0x00, 0x00, 0x5D, 0xFF, 
0xFF, 0xFF, 0xA8, 0x00, 0x00, 0x00, 0x00, 0x00, 0x00, 0x00, 0x00, 0x33, 0xFF, 0xFF, 0xFF, 0xD4, 
0x00, 0x00, 0x00, 0x00, 0x00, 0x00, 0x00, 0x00, 0x00, 0x00, 0x00, 0x00, 0x00, 0x00, 0x00, 0x00, 
0xAE, 0xFF, 0xFF, 0xFF, 0x55, 0x00, 0x00, 0x00, 0x00, 0x00, 0x00, 0x00, 0x00, 0x66, 0xFF, 0xFF, 
0xFF, 0xA1, 0x00, 0x00, 0x00, 0x00, 0x00, 0x00, 0x00, 0x00, 0x00, 0x00, 0x00, 0x00, 0x00, 0x00, 
0x00, 0x0B, 0xF6, 0xFF, 0xFF, 0xF6, 0x0B, 0x00, 0x00, 0x00, 0x00, 0x00, 0x00, 0x00, 0x00, 0x99, 
0xFF, 0xFF, 0xFF, 0x6E, 0x00, 0x00, 0x00, 0x00, 0x00, 0x00, 0x00, 0x00, 0x00, 0x00, 0x00, 0x00, 
0x00, 0x00, 0x00, 0x55, 0xFF, 0xFF, 0xFF, 0xAD, 0x00, 0x00, 0x00, 0x00, 0x00, 0x00, 0x00, 0x00, 
0x00, 0xCD, 0xFF, 0xFF, 0xFF, 0x3B, 0x00, 0x00, 0x00, 0x00, 0x00, 0x00, 0x00, 0x00, 0x00, 0x00, 
0x00, 0x00, 0x00, 0x00, 0x00, 0xAB, 0xFF, 0xFF, 0xFF, 0x58, 0x00, 0x00, 0x00, 0x00, 0x00, 0x00, 
0x00, 0x00, 0x06, 0xF9, 0xFF, 0xFF, 0xFD, 0x0B, 0x00, 0x00, 0x00, 0x00, 0x00, 0x00, 0x00, 0x00, 
0x00, 0x00, 0x00, 0x00, 0x00, 0x00, 0x0B, 0xF5, 0xFF, 0xFF, 0xF6, 0x0C, 0x00, 0x00, 0x00, 0x00, 
0x00, 0x00, 0x00, 0x00, 0x33, 0xFF, 0xFF, 0xFF, 0xD4, 0x00, 0x00, 0x00, 0x00, 0x00, 0x00, 0x00, 
0x00, 0x00, 0x00, 0x00, 0x00, 0x00, 0x00, 0x00, 0x5A, 0xFF, 0xFF, 0xFF, 0xAB, 0x00, 0x00, 0x00, 
0x00, 0x00, 0x00, 0x00, 0x00, 0x00, 0x66, 0xFF, 0xFF, 0xFF, 0xA1, 0x00, 0x00, 0x00, 0x00, 0x00, 
0x00, 0x00, 0x00, 0x00, 0x00, 0x00, 0x00, 0x00, 0x00, 0x00, 0xB4, 0xFF, 0xFF, 0xFF, 0x52, 0x00, 
0x00, 0x00, 0x00, 0x00, 0x00, 0x00, 0x00, 0x00, 0x99, 0xFF, 0xFF, 0xFF, 0x6E, 0x00, 0x00, 0x00, 
0x00, 0x00, 0x00, 0x00, 0x00, 0x00, 0x00, 0x00, 0x00, 0x00, 0x00, 0x13, 0xFA, 0xFF, 0xFF, 0xF0, 
0x07, 0x00, 0x00, 0x00, 0x00, 0x00, 0x00, 0x00, 0x00, 0x00, 0xCC, 0xFF, 0xFF, 0xFF, 0x3B, 0x00, 
0x00, 0x00, 0x00, 0x00, 0x00, 0x00, 0x00, 0x00, 0x00, 0x00, 0x00, 0x00, 0x00, 0x6C, 0xFF, 0xFF, 
0xFF, 0x9D, 0x00, 0x00, 0x00, 0x00, 0x00, 0x00, 0x00, 0x00, 0x00, 0x06, 0xF9, 0xFF, 0xFF, 0xFD, 
0x0B, 0x00, 0x00, 0x00, 0x00, 0x00, 0x00, 0x00, 0x00, 0x00, 0x00, 0x00, 0x00, 0x00, 0x00, 0xCD, 
0xFF, 0xFF, 0xFF, 0x3D, 0x00, 0x00, 0x00, 0x00, 0x00, 0x00, 0x00, 0x00, 0x00, 0x33, 0xFF, 0xFF, 
0xFF, 0xD5, 0x00, 0x00, 0x00, 0x00, 0x00, 0x00, 0x00, 0x00, 0x00, 0x00, 0x00, 0x00, 0x00, 0x00, 
0x2E, 0xFF, 0xFF, 0xFF, 0xDC, 0x00, 0x00, 0x00, 0x00, 0x00, 0x00, 0x00, 0x00, 0x00, 0x00, 0x66, 
0xFF, 0xFF, 0xFF, 0xA2, 0x00, 0x00, 0x00, 0x00, 0x00, 0x00, 0x00, 0x00, 0x00, 0x00, 0x00, 0x00, 
0x00, 0x00, 0x96, 0xFF, 0xFF, 0xFF, 0x7A, 0x00, 0x00, 0x00, 0x00, 0x00, 0x00, 0x00, 0x00, 0x00, 
0x00, 0x99, 0xFF, 0xFF, 0xFF, 0x6E, 0x00, 0x00, 0x00, 0x00, 0x00, 0x00, 0x00, 0x00, 0x00, 0x00, 
0x00, 0x00, 0x00, 0x0C, 0xF2, 0xFF, 0xFF, 0xFA, 0x17, 0x00, 0x00, 0x00, 0x00, 0x00, 0x00, 0x00, 
0x00, 0x00, 0x00, 0xCC, 0xFF, 0xFF, 0xFF, 0x3B, 0x00, 0x00, 0x00, 0x00, 0x00, 0x00, 0x00, 0x00, 
0x00, 0x00, 0x00, 0x00, 0x00, 0x6D, 0xFF, 0xFF, 0xFF, 0xA6, 0x00, 0x00, 0x00, 0x00, 0x00, 0x00, 
0x00, 0x00, 0x00, 0x00, 0x05, 0xF9, 0xFF, 0xFF, 0xFD, 0x0B, 0x00, 0x00, 0x00, 0x00, 0x00, 0x00, 
0x00, 0x00, 0x00, 0x00, 0x00, 0x00, 0x03, 0xDD, 0xFF, 0xFF, 0xFF, 0x34, 0x00, 0x00, 0x00, 0x00, 
0x00, 0x00, 0x00, 0x00, 0x00, 0x00, 0x32, 0xFF, 0xFF, 0xFF, 0xD5, 0x00, 0x00, 0x00, 0x00, 0x00, 
0x00, 0x00, 0x00, 0x00, 0x00, 0x00, 0x00, 0x00, 0x5E, 0xFF, 0xFF, 0xFF, 0xBC, 0x00, 0x00, 0x00, 
0x00, 0x00, 0x00, 0x00, 0x00, 0x00, 0x00, 0x00, 0x65, 0xFF, 0xFF, 0xFF, 0xA2, 0x00, 0x00, 0x00, 
0x00, 0x00, 0x00, 0x00, 0x00, 0x00, 0x00, 0x00, 0x00, 0x06, 0xDC, 0xFF, 0xFF, 0xFF, 0x3B, 0x00, 
0x00, 0x00, 0x00, 0x00, 0x00, 0x00, 0x00, 0x00, 0x00, 0x00, 0x98, 0xFF, 0xFF, 0xFF, 0x6F, 0x00, 
0x00, 0x00, 0x00, 0x00, 0x00, 0x00, 0x00, 0x00, 0x00, 0x00, 0x00, 0x7A, 0xFF, 0xFF, 0xFF, 0xAE, 
0x00, 0x00, 0x00, 0x00, 0x00, 0x00, 0x00, 0x00, 0x00, 0x00, 0x00, 0x00, 0xCC, 0xFF, 0xFF, 0xFF, 
0x3C, 0x00, 0x00, 0x00, 0x00, 0x00, 0x00, 0x00, 0x00, 0x00, 0x00, 0x00, 0x2A, 0xF7, 0xFF, 0xFF, 
0xF3, 0x1F, 0x00, 0x00, 0x00, 0x00, 0x00, 0x00, 0x00, 0x00, 0x00, 0x00, 0x00, 0x05, 0xF9, 0xFF, 
0xFF, 0xFD, 0x0B, 0x00, 0x00, 0x00, 0x00, 0x00, 0x00, 0x00, 0x00, 0x00, 0x00, 0x0B, 0xD4, 0xFF, 
0xFF, 0xFF, 0x61, 0x00, 0x00, 0x00, 0x00, 0x00, 0x00, 0x00, 0x00, 0x00, 0x00, 0x00, 0x00, 0x32, 
0xFF, 0xFF, 0xFF, 0xD5, 0x00, 0x00, 0x00, 0x00, 0x00, 0x00, 0x00, 0x00, 0x00, 0x00, 0x04, 0xB6, 
0xFF, 0xFF, 0xFF, 0x90, 0x00, 0x00, 0x00, 0x00, 0x00, 0x00, 0x00, 0x00, 0x00, 0x00, 0x00, 0x00, 
0x00, 0x65, 0xFF, 0xFF, 0xFF, 0xA2, 0x00, 0x00, 0x00, 0x00, 0x00, 0x00, 0x00, 0x0D, 0x65, 0x6C, 
0xAD, 0xFF, 0xFF, 0xFF, 0xE7, 0x6D, 0x6C, 0x6C, 0x6C, 0x6C, 0x6C, 0x6C, 0x6C, 0x6C, 0x6C, 0x6C, 
0x6C, 0x6C, 0x6C, 0xBD, 0xFF, 0xFF, 0xFF, 0xB2, 0x6C, 0x6C, 0x62, 0x04, 0x00, 0x00, 0x00, 0x88, 
0xFF, 0xFF, 0xFF, 0xFF, 0xFF, 0xFF, 0xFF, 0xFF, 0xFF, 0xFF, 0xFF, 0xFF, 0xFF, 0xFF, 0xFF, 0xFF, 
0xFF, 0xFF, 0xFF, 0xFF, 0xFF, 0xFF, 0xFF, 0xFF, 0xFF, 0xFF, 0xFF, 0xFF, 0xFF, 0x24, 0x00, 0x00, 
0x00, 0xC6, 0xFF, 0xFF, 0xFF, 0xFF, 0xFF, 0xFF, 0xFF, 0xFF, 0xFF, 0xFF, 0xFF, 0xFF, 0xFF, 0xFF, 
0xFF, 0xFF, 0xFF, 0xFF, 0xFF, 0xFF, 0xFF, 0xFF, 0xFF, 0xFF, 0xFF, 0xFF, 0xFF, 0xFF, 0xF6, 0x03, 
0x00, 0x00, 0x02, 0xF4, 0xFF, 0xFF, 0xFF, 0xFF, 0xFF, 0xFF, 0xFF, 0xFF, 0xFF, 0xFF, 0xFF, 0xFF, 
0xFF, 0xFF, 0xFF, 0xFF, 0xFF, 0xFF, 0xFF, 0xFF, 0xFF, 0xFF, 0xFF, 0xFF, 0xFF, 0xFF, 0xFF, 0xFF, 
0xC6, 0x00, 0x00, 0x00, 0x29, 0xFF, 0xFF, 0xFF, 0x55, 0x00, 0x00, 0x00, 0x00, 0x00, 0x00, 0x00, 
0x00, 0x00, 0x00, 0x00, 0x00, 0x00, 0x00, 0x00, 0x00, 0x00, 0x00, 0x00, 0x00, 0x00, 0x00, 0xDE, 
0xFF, 0xFF, 0x93, 0x00, 0x00, 0x00, 0x5B, 0xFF, 0xFF, 0xFF, 0x21, 0x00, 0x00, 0x00, 0x00, 0x00, 
0x00, 0x00, 0x00, 0x00, 0x00, 0x00, 0x00, 0x00, 0x00, 0x00, 0x00, 0x00, 0x00, 0x00, 0x00, 0x00, 
0x11, 0xFF, 0xFF, 0xFF, 0x60, 0x00, 0x00, 0x00, 0x8D, 0xFF, 0xFF, 0xEC, 0x00, 0x00, 0x00, 0x00, 
0x00, 0x00, 0x00, 0x00, 0x00, 0x00, 0x00, 0x00, 0x00, 0x00, 0x00, 0x00, 0x00, 0x00, 0x00, 0x00, 
0x00, 0x00, 0x43, 0xFF, 0xFF, 0xFF, 0x2D, 0x00, 0x00, 0x00, 0xBF, 0xFF, 0xFF, 0xB7, 0x00, 0x00, 
0x00, 0x00, 0x00, 0x00, 0x00, 0x00, 0x00, 0x00, 0x00, 0x00, 0x00, 0x00, 0x00, 0x00, 0x00, 0x00, 
0x00, 0x00, 0x00, 0x00, 0x76, 0xFF, 0xFF, 0xF6, 0x04, 0x00, 0x00, 0x00, 0xEF, 0xFF, 0xFF, 0x83, 
0x00, 0x00, 0x00, 0x00, 0x00, 0x00, 0x00, 0x00, 0x00, 0x00, 0x00, 0x00, 0x00, 0x00, 0x00, 0x00, 
0x00, 0x00, 0x00, 0x00, 0x00, 0x00, 0xA9, 0xFF, 0xFF, 0xC7, 0x00, 0x00, 0x00, 0x22, 0xFF, 0xFF, 
0xFF, 0x4F, 0x00, 0x00, 0x00, 0x00, 0x00, 0x00, 0x00, 0x00, 0x00, 0x00, 0x00, 0x00, 0x00, 0x00, 
0x00, 0x00, 0x00, 0x00, 0x00, 0x00, 0x00, 0x00, 0xDC, 0xFF, 0xFF, 0x94, 0x00, 0x00, 0x00, 0x54, 
0xFF, 0xFF, 0xFF, 0x1A, 0x00, 0x00, 0x00, 0x00, 0x00, 0x00, 0x00, 0x00, 0x00, 0x00, 0x00, 0x00, 
0x00, 0x00, 0x00, 0x00, 0x00, 0x00, 0x00, 0x00, 0x00, 0x10, 0xFE, 0xFF, 0xFF, 0x61, 0x00, 0x00, 
0x00, 0x69, 0xFE, 0xFF, 0xC7, 0x00, 0x00, 0x00, 0x00, 0x00, 0x00, 0x00, 0x00, 0x00, 0x00, 0x00, 
0x00, 0x00, 0x00, 0x00, 0x00, 0x00, 0x00, 0x00, 0x00, 0x00, 0x00, 0x2B, 0xF8, 0xFF, 0xED, 0x23, 
0x00, 0x00, 0x00, 0x00, 0x04, 0x05, 0x00, 0x00, 0x00, 0x00, 0x00, 0x00, 0x00, 0x00, 0x00, 0x00, 
0x00, 0x00, 0x00, 0x00, 0x00, 0x00, 0x00, 0x00, 0x00, 0x00, 0x00, 0x00, 0x00, 0x00, 0x01, 0x08, 
0x00, 0x00, 0x00, 0x00, 0x00, 0x00, 0x00, 0x00, 0x00, 0x00, 0x00, 0x16, 0x4F, 0x54, 0x54, 0x54, 
0x54, 0x54, 0x54, 0x54, 0x54, 0x54, 0x54, 0x54, 0x54, 0x54, 0x51, 0x09, 0x00, 0x00, 0x00, 0x00, 
0x00, 0x1C, 0xEE, 0xFF, 0xFF, 0xFF, 0xFF, 0xFF, 0xFF, 0xFF, 0xFF, 0xFF, 0xFF, 0xFF, 0xFF, 0xFF, 
0xFF, 0xFF, 0x4C, 0x00, 0x00, 0x00, 0x00, 0x00, 0x70, 0xFF, 0xFF, 0xFF, 0xFF, 0xFF, 0xFF, 0xFF, 
0xFF, 0xFF, 0xFF, 0xFF, 0xFF, 0xFF, 0xFF, 0xFF, 0xFF, 0x33, 0x00, 0x00, 0x00, 0x00, 0x00, 0xA5, 
0xFF, 0xFF, 0xFF, 0xFF, 0xFF, 0xFF, 0xFF, 0xFF, 0xFF, 0xFF, 0xFF, 0xFF, 0xFF, 0xFF, 0xFF, 0xCA, 
0x01, 0x00, 0x00, 0x00, 0x00, 0x00, 0xD8, 0xFF, 0xFF, 0xFF, 0x31, 0x04, 0x04, 0x04, 0x04, 0x04, 
0x04, 0x04, 0x04, 0x04, 0x04, 0x04, 0x00, 0x00, 0x00, 0x00, 0x00, 0x00, 0x0D, 0xFE, 0xFF, 0xFF, 
0xF6, 0x04, 0x00, 0x00, 0x00, 0x00, 0x00, 0x00, 0x00, 0x00, 0x00, 0x00, 0x00, 0x00, 0x00, 0x00, 
0x00, 0x00, 0x00, 0x3E, 0xFF, 0xFF, 0xFF, 0xC7, 0x00, 0x00, 0x00, 0x00, 0x00, 0x00, 0x00, 0x00, 
0x00, 0x00, 0x00, 0x00, 0x00, 0x00, 0x00, 0x00, 0x00, 0x00, 0x72, 0xFF, 0xFF, 0xFF, 0x93, 0x00, 
0x00, 0x00, 0x00, 0x00, 0x00, 0x00, 0x00, 0x00, 0x00, 0x00, 0x00, 0x00, 0x00, 0x00, 0x00, 0x00, 
0x00, 0xA5, 0xFF, 0xFF, 0xFF, 0x5F, 0x00, 0x00, 0x00, 0x00, 0x00, 0x00, 0x00, 0x00, 0x00, 0x00, 
0x00, 0x00, 0x00, 0x00, 0x00, 0x00, 0x00, 0x00, 0xD8, 0xFF, 0xFF, 0xFF, 0x2C, 0x00, 0x00, 0x00, 
0x00, 0x00, 0x00, 0x00, 0x00, 0x00, 0x00, 0x00, 0x00, 0x00, 0x00, 0x00, 0x00, 0x00, 0x0D, 0xFD, 
0xFF, 0xFF, 0xF5, 0x03, 0x00, 0x00, 0x00, 0x00, 0x00, 0x00, 0x00, 0x00, 0x00, 0x00, 0x00, 0x00, 
0x00, 0x00, 0x00, 0x00, 0x00, 0x3E, 0xFF, 0xFF, 0xFF, 0xC4, 0x00, 0x00, 0x00, 0x00, 0x00, 0x00, 
0x00, 0x00, 0x00, 0x00, 0x00, 0x00, 0x00, 0x00, 0x00, 0x00, 0x00, 0x00, 0x71, 0xFF, 0xFF, 0xFF, 
0x91, 0x00, 0x00, 0x00, 0x00, 0x00, 0x00, 0x00, 0x00, 0x00, 0x00, 0x00, 0x00, 0x00, 0x00, 0x00, 
0x00, 0x00, 0x00, 0xA5, 0xFF, 0xFF, 0xFF, 0xB0, 0x78, 0x78, 0x78, 0x78, 0x78, 0x78, 0x78, 0x78, 
0x78, 0x6B, 0x00, 0x00, 0x00, 0x00, 0x00, 0x00, 0x00, 0x00, 0xD8, 0xFF, 0xFF, 0xFF, 0xFF, 0xFF, 
0xFF, 0xFF, 0xFF, 0xFF, 0xFF, 0xFF, 0xFF, 0xFF, 0xFF, 0x12, 0x00, 0x00, 0x00, 0x00, 0x00, 0x00, 
0x0D, 0xFD, 0xFF, 0xFF, 0xFF, 0xFF, 0xFF, 0xFF, 0xFF, 0xFF, 0xFF, 0xFF, 0xFF, 0xFF, 0xFF, 0xE9, 
0x00, 0x00, 0x00, 0x00, 0x00, 0x00, 0x00, 0x3E, 0xFF, 0xFF, 0xFF, 0xF0, 0xCC, 0xCC, 0xCC, 0xCC, 
0xCC, 0xCC, 0xCC, 0xCC, 0xCC, 0xCB, 0x60, 0x00, 0x00, 0x00, 0x00, 0x00, 0x00, 0x00, 0x71, 0xFF, 
0xFF, 0xFF, 0x93, 0x00, 0x00, 0x00, 0x00, 0x00, 0x00, 0x00, 0x00, 0x00, 0x00, 0x00, 0x00, 0x00, 
0x00, 0x00, 0x00, 0x00, 0x00, 0xA4, 0xFF, 0xFF, 0xFF, 0x5F, 0x00, 0x00, 0x00, 0x00, 0x00, 0x00, 
0x00, 0x00, 0x00, 0x00, 0x00, 0x00, 0x00, 0x00, 0x00, 0x00, 0x00, 0x00, 0xD8, 0xFF, 0xFF, 0xFF, 
0x2B, 0x00, 0x00, 0x00, 0x00, 0x00, 0x00, 0x00, 0x00, 0x00, 0x00, 0x00, 0x00, 0x00, 0x00, 0x00, 
0x00, 0x00, 0x0D, 0xFD, 0xFF, 0xFF, 0xF4, 0x02, 0x00, 0x00, 0x00, 0x00, 0x00, 0x00, 0x00, 0x00, 
0x00, 0x00, 0x00, 0x00, 0x00, 0x00, 0x00, 0x00, 0x00, 0x3E, 0xFF, 0xFF, 0xFF, 0xC3, 0x00, 0x00, 
0x00, 0x00, 0x00, 0x00, 0x00, 0x00, 0x00, 0x00, 0x00, 0x00, 0x00, 0x00, 0x00, 0x00, 0x00, 0x00, 
0x71, 0xFF, 0xFF, 0xFF, 0x8F, 0x00, 0x00, 0x00, 0x00, 0x00, 0x00, 0x00, 0x00, 0x00, 0x00, 0x00, 
0x00, 0x00, 0x00, 0x00, 0x00, 0x00, 0x00, 0xA4, 0xFF, 0xFF, 0xFF, 0x5B, 0x00, 0x00, 0x00, 0x00, 
0x00, 0x00, 0x00, 0x00, 0x00, 0x00, 0x00, 0x00, 0x00, 0x00, 0x00, 0x00, 0x00, 0x00, 0xD7, 0xFF, 
0xFF, 0xFF, 0x27, 0x00, 0x00, 0x00, 0x00, 0x00, 0x00, 0x00, 0x00, 0x00, 0x00, 0x00, 0x00, 0x00, 
0x00, 0x00, 0x00, 0x00, 0x0D, 0xFD, 0xFF, 0xFF, 0xF1, 0x01, 0x00, 0x00, 0x00, 0x00, 0x00, 0x00, 
0x00, 0x00, 0x00, 0x00, 0x00, 0x00, 0x00, 0x00, 0x00, 0x00, 0x00, 0x3E, 0xFF, 0xFF, 0xFF, 0xBF, 
0x00, 0x00, 0x00, 0x00, 0x00, 0x00, 0x00, 0x00, 0x00, 0x00, 0x00, 0x00, 0x00, 0x00, 0x00, 0x00, 
0x00, 0x00, 0x71, 0xFF, 0xFF, 0xFF, 0xBB, 0x5C, 0x5C, 0x5C, 0x5C, 0x5C, 0x5C, 0x5C, 0x5C, 0x5C, 
0x5C, 0x5C, 0x51, 0x00, 0x00, 0x00, 0x00, 0x00, 0x00, 0xA4, 0xFF, 0xFF, 0xFF, 0xFF, 0xFF, 0xFF, 
0xFF, 0xFF, 0xFF, 0xFF, 0xFF, 0xFF, 0xFF, 0xFF, 0xFF, 0xFF, 0x16, 0x00, 0x00, 0x00, 0x00, 0x00, 
0xD1, 0xFF, 0xFF, 0xFF, 0xFF, 0xFF, 0xFF, 0xFF, 0xFF, 0xFF, 0xFF, 0xFF, 0xFF, 0xFF, 0xFF, 0xFF, 
0xF5, 0x03, 0x00, 0x00, 0x00, 0x00, 0x00, 0x9D, 0xFE, 0xFF, 0xFF, 0xFF, 0xFF, 0xFF, 0xFF, 0xFF, 
0xFF, 0xFF, 0xFF, 0xFF, 0xFF, 0xFF, 0xFF, 0x8E, 0x00, 0x00, 0x00, 0x00, 0x00, 0x00, 0x00, 0x00, 
0x00, 0x00, 0x00, 0x00, 0x00, 0x00, 0x4C, 0x71, 0x70, 0x2B, 0x00, 0x00, 0x00, 0x00, 0x00, 0x00, 
0x00, 0x00, 0x00, 0x00, 0x33, 0x6C, 0x71, 0x46, 0x00, 0x00, 0x00, 0x00, 0x00, 0x00, 0x00, 0x00, 
0x00, 0x00, 0x1F, 0x66, 0x74, 0x62, 0x0A, 0x00, 0x00, 0x00, 0x00, 0x00, 0x00, 0x00, 0x37, 0xFF, 
0xFF, 0xFF, 0xCF, 0x00, 0x00, 0x00, 0x00, 0x00, 0x00, 0x00, 0x00, 0x00, 0x09, 0xF9, 0xFF, 0xFF, 
0xEC, 0x00, 0x00, 0x00, 0x00, 0x00, 0x00, 0x00, 0x00, 0x00, 0x0F, 0xEA, 0xFF, 0xFF, 0xFF, 0x2B, 
0x00, 0x00, 0x00, 0x00, 0x00, 0x00, 0x00, 0x29, 0xFF, 0xFF, 0xFF, 0xF0, 0x00, 0x00, 0x00, 0x00, 
0x00, 0x00, 0x00, 0x00, 0x00, 0x38, 0xFF, 0xFF, 0xFF, 0xBB, 0x00, 0x00, 0x00, 0x00, 0x00, 0x00, 
0x00, 0x00, 0x00, 0x81, 0xFF, 0xFF, 0xFF, 0xC2, 0x00, 0x00, 0x00, 0x00, 0x00, 0x00, 0x00, 0x00, 
0x06, 0xFD, 0xFF, 0xFF, 0xFF, 0x0D, 0x00, 0x00, 0x00, 0x00, 0x00, 0x00, 0x00, 0x00, 0x6B, 0xFF, 
0xFF, 0xFF, 0x88, 0x00, 0x00, 0x00, 0x00, 0x00, 0x00, 0x00, 0x00, 0x11, 0xF0, 0xFF, 0xFF, 0xFF, 
0x3C, 0x00, 0x00, 0x00, 0x00, 0x00, 0x00, 0x00, 0x00, 0x00, 0xE1, 0xFF, 0xFF, 0xFF, 0x29, 0x00, 
0x00, 0x00, 0x00, 0x00, 0x00, 0x00, 0x00, 0x9F, 0xFF, 0xFF, 0xFF, 0x55, 0x00, 0x00, 0x00, 0x00, 
0x00, 0x00, 0x00, 0x00, 0x85, 0xFF, 0xFF, 0xFF, 0xB2, 0x00, 0x00, 0x00, 0x00, 0x00, 0x00, 0x00, 
0x00, 0x00, 0x00, 0xBE, 0xFF, 0xFF, 0xFF, 0x46, 0x00, 0x00, 0x00, 0x00, 0x00, 0x00, 0x00, 0x00, 
0xD2, 0xFF, 0xFF, 0xFF, 0x21, 0x00, 0x00, 0x00, 0x00, 0x00, 0x00, 0x00, 0x14, 0xF2, 0xFF, 0xFF, 
0xFD, 0x2C, 0x00, 0x00, 0x00, 0x00, 0x00, 0x00, 0x00, 0x00, 0x00, 0x00, 0x9C, 0xFF, 0xFF, 0xFF, 
0x62, 0x00, 0x00, 0x00, 0x00, 0x00, 0x00, 0x00, 0x09, 0xFB, 0xFF, 0xFF, 0xEE, 0x00, 0x00, 0x00, 
0x00, 0x00, 0x00, 0x00, 0x00, 0x8A, 0xFF, 0xFF, 0xFF, 0xA0, 0x00, 0x00, 0x00, 0x00, 0x00, 0x00, 
0x00, 0x00, 0x00, 0x00, 0x00, 0x79, 0xFF, 0xFF, 0xFF, 0x7F, 0x00, 0x00, 0x00, 0x00, 0x00, 0x00, 
0x00, 0x39, 0xFF, 0xFF, 0xFF, 0xBB, 0x00, 0x00, 0x00, 0x00, 0x00, 0x00, 0x00, 0x16, 0xF5, 0xFF, 
0xFF, 0xF8, 0x1E, 0x00, 0x00, 0x00, 0x00, 0x00, 0x00, 0x00, 0x00, 0x00, 0x00, 0x00, 0x56, 0xFF, 
0xFF, 0xFF, 0x9C, 0x00, 0x00, 0x00, 0x00, 0x00, 0x00, 0x00, 0x6C, 0xFF, 0xFF, 0xFF, 0x87, 0x00, 
0x00, 0x00, 0x00, 0x00, 0x00, 0x00, 0x8F, 0xFF, 0xFF, 0xFF, 0x8D, 0x00, 0x00, 0x00, 0x00, 0x00, 
0x00, 0x00, 0x00, 0x00, 0x00, 0x00, 0x00, 0x30, 0xFF, 0xFF, 0xFF, 0xC3, 0x00, 0x00, 0x00, 0x00, 
0x00, 0x00, 0x00, 0x9F, 0xFF, 0xFF, 0xFF, 0x54, 0x00, 0x00, 0x00, 0x00, 0x00, 0x00, 0x24, 0xF9, 
0xFF, 0xFF, 0xEC, 0x11, 0x00, 0x00, 0x00, 0x00, 0x00, 0x00, 0x00, 0x00, 0x00, 0x00, 0x00, 0x00, 
0x08, 0xF9, 0xFF, 0xFF, 0xF7, 0x0A, 0x00, 0x00, 0x00, 0x00, 0x00, 0x00, 0xD2, 0xFF, 0xFF, 0xFF, 
0x21, 0x00, 0x00, 0x00, 0x00, 0x00, 0x04, 0xC4, 0xFF, 0xFF, 0xFF, 0x64, 0x00, 0x00, 0x00, 0x00, 
0x00, 0x00, 0x00, 0x00, 0x00, 0x00, 0x00, 0x00, 0x00, 0x00, 0xC2, 0xFF, 0xFF, 0xFF, 0x6D, 0x00, 
0x00, 0x00, 0x00, 0x00, 0x09, 0xFC, 0xFF, 0xFF, 0xED, 0x00, 0x00, 0x00, 0x00, 0x00, 0x02, 0x9F, 
0xFF, 0xFF, 0xFF, 0xB9, 0x01, 0x00, 0x00, 0x00, 0x00, 0x00, 0x00, 0x00, 0x00, 0x00, 0x00, 0x00, 
0x00, 0x00, 0x00, 0x63, 0xFF, 0xFF, 0xFF, 0xF4, 0x42, 0x00, 0x00, 0x00, 0x00, 0x39, 0xFF, 0xFF, 
0xFF, 0xBA, 0x00, 0x00, 0x00, 0x00, 0x21, 0xB9, 0xFF, 0xFF, 0xFF, 0xDE, 0x16, 0x00, 0x00, 0x00, 
0x00, 0x00, 0x00, 0x00, 0x00, 0x00, 0x00, 0x00, 0x00, 0x00, 0x00, 0x00, 0x04, 0xCB, 0xFF, 0xFF, 
0xFF, 0xFE, 0xBB, 0x7B, 0x61, 0x58, 0x99, 0xFF, 0xFF, 0xFF, 0xB6, 0x58, 0x61, 0x7C, 0xB7, 0xFC, 
0xFF, 0xFF, 0xFF, 0xD7, 0x21, 0x00, 0x00, 0x00, 0x00, 0x00, 0x00, 0x00, 0x00, 0x00, 0x00, 0x00, 
0x00, 0x00, 0x00, 0x00, 0x00, 0x00, 0x13, 0xA1, 0xF8, 0xFF, 0xFF, 0xFF, 0xFF, 0xFF, 0xFF, 0xFF, 
0xFF, 0xFF, 0xFF, 0xFF, 0xFF, 0xFF, 0xFF, 0xFF, 0xFF, 0xFF, 0xE9, 0x81, 0x0A, 0x00, 0x00, 0x00, 
0x00, 0x00, 0x00, 0x00, 0x00, 0x00, 0x00, 0x00, 0x00, 0x00, 0x00, 0x00, 0x00, 0x00, 0x00, 0x01, 
0x49, 0xC4, 0xFF, 0xFF, 0xFF, 0xFF, 0xFF, 0xFF, 0xFF, 0xFF, 0xFF, 0xFF, 0xFF, 0xFF, 0xFF, 0xFF, 
0xFF, 0xFF, 0xF2, 0x5A, 0x01, 0x00, 0x00, 0x00, 0x00, 0x00, 0x00, 0x00, 0x00, 0x00, 0x00, 0x00, 
0x00, 0x00, 0x00, 0x00, 0x00, 0x00, 0x00, 0x3B, 0xD5, 0xFF, 0xFF, 0xFF, 0xFF, 0xFF, 0xFF, 0xFF, 
0xFF, 0xFF, 0xFF, 0xFF, 0xFF, 0xFF, 0xFF, 0xFF, 0xFF, 0xFF, 0xFF, 0xFF, 0xFF, 0xC0, 0x15, 0x00, 
0x00, 0x00, 0x00, 0x00, 0x00, 0x00, 0x00, 0x00, 0x00, 0x00, 0x00, 0x00, 0x00, 0x00, 0x00, 0x60, 
0xFB, 0xFF, 0xFF, 0xFF, 0xF0, 0x96, 0x54, 0x2F, 0x21, 0x53, 0xFF, 0xFF, 0xFF, 0xC8, 0x20, 0x23, 
0x35, 0x66, 0xC3, 0xFF, 0xFF, 0xFF, 0xFF, 0xC6, 0x02, 0x00, 0x00, 0x00, 0x00, 0x00, 0x00, 0x00, 
0x00, 0x00, 0x00, 0x00, 0x00, 0x00, 0x00, 0x53, 0xFD, 0xFF, 0xFF, 0xFF, 0xA4, 0x13, 0x00, 0x00, 
0x00, 0x00, 0x6A, 0xFF, 0xFF, 0xFF, 0x90, 0x00, 0x00, 0x00, 0x00, 0x00, 0x75, 0xFF, 0xFF, 0xFF, 
0xFF, 0x5E, 0x00, 0x00, 0x00, 0x00, 0x00, 0x00, 0x00, 0x00, 0x00, 0x00, 0x00, 0x00, 0x00, 0x25, 
0xF3, 0xFF, 0xFF, 0xFF, 0x84, 0x00, 0x00, 0x00, 0x00, 0x00, 0x00, 0x9D, 0xFF, 0xFF, 0xFF, 0x5D, 
0x00, 0x00, 0x00, 0x00, 0x00, 0x00, 0xAA, 0xFF, 0xFF, 0xFF, 0xC0, 0x00, 0x00, 0x00, 0x00, 0x00, 
0x00, 0x00, 0x00, 0x00, 0x00, 0x00, 0x00, 0x01, 0xC4, 0xFF, 0xFF, 0xFF, 0xA7, 0x00, 0x00, 0x00, 
0x00, 0x00, 0x00, 0x00, 0xD0, 0xFF, 0xFF, 0xFF, 0x29, 0x00, 0x00, 0x00, 0x00, 0x00, 0x00, 0x38, 
0xFF, 0xFF, 0xFF, 0xFA, 0x0A, 0x00, 0x00, 0x00, 0x00, 0x00, 0x00, 0x00, 0x00, 0x00, 0x00, 0x00, 
0x62, 0xFF, 0xFF, 0xFF, 0xE9, 0x10, 0x00, 0x00, 0x00, 0x00, 0x00, 0x00, 0x08, 0xFB, 0xFF, 0xFF, 
0xF3, 0x02, 0x00, 0x00, 0x00, 0x00, 0x00, 0x00, 0x01, 0xF1, 0xFF, 0xFF, 0xFF, 0x34, 0x00, 0x00, 
0x00, 0x00, 0x00, 0x00, 0x00, 0x00, 0x00, 0x00, 0x0B, 0xE7, 0xFF, 0xFF, 0xFF, 0x67, 0x00, 0x00, 
0x00, 0x00, 0x00, 0x00, 0x00, 0x36, 0xFF, 0xFF, 0xFF, 0xC2, 0x00, 0x00, 0x00, 0x00, 0x00, 0x00, 
0x00, 0x00, 0xC6, 0xFF, 0xFF, 0xFF, 0x5B, 0x00, 0x00, 0x00, 0x00, 0x00, 0x00, 0x00, 0x00, 0x00, 
0x00, 0x7E, 0xFF, 0xFF, 0xFF, 0xDB, 0x04, 0x00, 0x00, 0x00, 0x00, 0x00, 0x00, 0x00, 0x69, 0xFF, 
0xFF, 0xFF, 0x8F, 0x00, 0x00, 0x00, 0x00, 0x00, 0x00, 0x00, 0x00, 0xA4, 0xFF, 0xFF, 0xFF, 0x7F, 
0x00, 0x00, 0x00, 0x00, 0x00, 0x00, 0x00, 0x00, 0x00, 0x15, 0xF2, 0xFF, 0xFF, 0xFF, 0x5A, 0x00, 
0x00, 0x00, 0x00, 0x00, 0x00, 0x00, 0x00, 0x9C, 0xFF, 0xFF, 0xFF, 0x5B, 0x00, 0x00, 0x00, 0x00, 
0x00, 0x00, 0x00, 0x00, 0x83, 0xFF, 0xFF, 0xFF, 0xA3, 0x00, 0x00, 0x00, 0x00, 0x00, 0x00, 0x00, 
0x00, 0x00, 0x92, 0xFF, 0xFF, 0xFF, 0xD2, 0x02, 0x00, 0x00, 0x00, 0x00, 0x00, 0x00, 0x00, 0x00, 
0xCF, 0xFF, 0xFF, 0xFF, 0x27, 0x00, 0x00, 0x00, 0x00, 0x00, 0x00, 0x00, 0x00, 0x62, 0xFF, 0xFF, 
0xFF, 0xC7, 0x00, 0x00, 0x00, 0x00, 0x00, 0x00, 0x00, 0x00, 0x21, 0xF9, 0xFF, 0xFF, 0xFF, 0x4E, 
0x00, 0x00, 0x00, 0x00, 0x00, 0x00, 0x00, 0x00, 0x07, 0xFA, 0xFF, 0xFF, 0xF2, 0x01, 0x00, 0x00, 
0x00, 0x00, 0x00, 0x00, 0x00, 0x00, 0x41, 0xFF, 0xFF, 0xFF, 0xEC, 0x00, 0x00, 0x00, 0x00, 0x00, 
0x00, 0x00, 0x00, 0xA6, 0xFF, 0xFF, 0xFF, 0xC8, 0x00, 0x00, 0x00, 0x00, 0x00, 0x00, 0x00, 0x00, 
0x00, 0x35, 0xFF, 0xFF, 0xFF, 0xC0, 0x00, 0x00, 0x00, 0x00, 0x00, 0x00, 0x00, 0x00, 0x00, 0x20, 
0xFF, 0xFF, 0xFF, 0xFF, 0x10, 0x00, 0x00, 0x00, 0x00, 0x00, 0x00, 0x32, 0xFE, 0xFF, 0xFF, 0xFF, 
0x43, 0x00, 0x00, 0x00, 0x00, 0x00, 0x00, 0x00, 0x00, 0x00, 0x68, 0xFF, 0xFF, 0xFF, 0x8D, 0x00, 
0x00, 0x00, 0x00, 0x00, 0x00, 0x00, 0x00, 0x00, 0x03, 0xFB, 0xFF, 0xFF, 0xFF, 0x34, 0x00, 0x00, 
0x00, 0x00, 0x00, 0x00, 0xB7, 0xFF, 0xFF, 0xFF, 0xBD, 0x00, 0x00, 0x00, 0x00, 0x00, 0x00, 0x00, 
0x00, 0x00, 0x00, 0x9B, 0xFF, 0xFF, 0xFF, 0x59, 0x00, 0x00, 0x00, 0x00, 0x00, 0x00, 0x00, 0x00, 
0x00, 0x00, 0xDE, 0xFF, 0xFF, 0xFF, 0x51, 0x00, 0x00, 0x00, 0x00, 0x00, 0x01, 0xF0, 0xFF, 0xFF, 
0xEA, 0x2F, 0x00, 0x00, 0x00, 0x00, 0x00, 0x00, 0x00, 0x00, 0x00, 0x00, 0xB7, 0xFF, 0xFF, 0xEF, 
0x1C, 0x00, 0x00, 0x00, 0x00, 0x00, 0x00, 0x00, 0x00, 0x00, 0x00, 0xA7, 0xFF, 0xFF, 0xF8, 0x35, 
0x00, 0x00, 0x00, 0x00, 0x00, 0x00, 0x07, 0x1F, 0x1D, 0x03, 0x00, 0x00, 0x00, 0x00, 0x00, 0x00, 
0x00, 0x00, 0x00, 0x00, 0x00, 0x03, 0x1E, 0x1D, 0x04, 0x00, 0x00, 0x00, 0x00, 0x00, 0x00, 0x00, 
0x00, 0x00, 0x00, 0x00, 0x00, 0x1C, 0x20, 0x09, 0x00, 0x00, 0x00, 0x00, 0x00, 0x00, 0x00, 0x00, 
0x00, 0x00, 0x00, 0x00, 0x00, 0x00, 0x00, 0x13, 0x4D, 0x85, 0xA3, 0xBA, 0xC0, 0xB1, 0x93, 0x5C, 
0x10, 0x00, 0x00, 0x00, 0x00, 0x00, 0x00, 0x00, 0x00, 0x00, 0x00, 0x04, 0x5D, 0xC2, 0xFD, 0xFF, 
0xFF, 0xFF, 0xFF, 0xFF, 0xFF, 0xFF, 0xFF, 0xF6, 0x8D, 0x09, 0x00, 0x00, 0x00, 0x00, 0x00, 0x00, 
0x00, 0x00, 0xB8, 0xFF, 0xFF, 0xFF, 0xFF, 0xFF, 0xFF, 0xFF, 0xFF, 0xFF, 0xFF, 0xFF, 0xFF, 0xFF, 
0xC6, 0x0A, 0x00, 0x00, 0x00, 0x00, 0x00, 0x00, 0x30, 0xFF, 0xFF, 0xFF, 0xFF, 0xF7, 0xCA, 0xAF, 
0xA9, 0xBE, 0xF1, 0xFF, 0xFF, 0xFF, 0xFF, 0xFF, 0x87, 0x00, 0x00, 0x00, 0x00, 0x00, 0x00, 0x64, 
0xFF, 0xF8, 0xA3, 0x47, 0x07, 0x00, 0x00, 0x00, 0x00, 0x07, 0x72, 0xFD, 0xFF, 0xFF, 0xFF, 0xEF, 
0x04, 0x00, 0x00, 0x00, 0x00, 0x00, 0x3B, 0x82, 0x16, 0x00, 0x00, 0x00, 0x00, 0x00, 0x00, 0x00, 
0x00, 0x00, 0x8B, 0xFF, 0xFF, 0xFF, 0xFF, 0x30, 0x00, 0x00, 0x00, 0x00, 0x00, 0x00, 0x00, 0x00, 
0x00, 0x00, 0x00, 0x00, 0x00, 0x00, 0x00, 0x00, 0x00, 0x34, 0xFF, 0xFF, 0xFF, 0xFF, 0x45, 0x00, 
0x00, 0x00, 0x00, 0x00, 0x00, 0x00, 0x00, 0x00, 0x00, 0x00, 0x00, 0x00, 0x00, 0x00, 0x00, 0x00, 
0x24, 0xFF, 0xFF, 0xFF, 0xFF, 0x36, 0x00, 0x00, 0x00, 0x00, 0x00, 0x00, 0x00, 0x00, 0x00, 0x00, 
0x00, 0x00, 0x00, 0x00, 0x00, 0x00, 0x00, 0x42, 0xFF, 0xFF, 0xFF, 0xFB, 0x0E, 0x00, 0x00, 0x00, 
0x00, 0x00, 0x00, 0x00, 0x00, 0x00, 0x00, 0x00, 0x00, 0x00, 0x00, 0x00, 0x00, 0x00, 0x95, 0xFF, 
0xFF, 0xFF, 0xB9, 0x00, 0x00, 0x00, 0x00, 0x00, 0x00, 0x00, 0x00, 0x00, 0x00, 0x00, 0x00, 0x00, 
0x00, 0x00, 0x00, 0x00, 0x2C, 0xF7, 0xFF, 0xFF, 0xFF, 0x40, 0x00, 0x00, 0x00, 0x00, 0x00, 0x00, 
0x00, 0x00, 0x00, 0x00, 0x00, 0x00, 0x00, 0x00, 0x00, 0x00, 0x27, 0xE0, 0xFF, 0xFF, 0xFF, 0x96, 
0x00, 0x00, 0x00, 0x00, 0x00, 0x00, 0x00, 0x00, 0x00, 0x00, 0x00, 0x00, 0x00, 0x00, 0x00, 0x10, 
0x78, 0xF4, 0xFF, 0xFF, 0xFF, 0xAC, 0x05, 0x00, 0x00, 0x00, 0x00, 0x00, 0x00, 0x00, 0x03, 0x58, 
0x64, 0x64, 0x64, 0x6E, 0x85, 0xB8, 0xF7, 0xFF, 0xFF, 0xFF, 0xF9, 0x7A, 0x02, 0x00, 0x00, 0x00, 
0x00, 0x00, 0x00, 0x00, 0x00, 0x69, 0xFF, 0xFF, 0xFF, 0xFF, 0xFF, 0xFF, 0xFF, 0xFF, 0xFF, 0xD9, 
0x8A, 0x1C, 0x00, 0x00, 0x00, 0x00, 0x00, 0x00, 0x00, 0x00, 0x00, 0x00, 0xB4, 0xFF, 0xFF, 0xFF, 
0xFF, 0xFF, 0xFF, 0xFF, 0xFF, 0xFD, 0xCB, 0x7B, 0x11, 0x00, 0x00, 0x00, 0x00, 0x00, 0x00, 0x00, 
0x00, 0x00, 0x00, 0x94, 0xE4, 0xE4, 0xE4, 0xE8, 0xF3, 0xFF, 0xFF, 0xFF, 0xFF, 0xFF, 0xFF, 0xE7, 
0x3A, 0x00, 0x00, 0x00, 0x00, 0x00, 0x00, 0x00, 0x00, 0x00, 0x00, 0x00, 0x00, 0x00, 0x00, 0x00, 
0x0F, 0x41, 0x9E, 0xFD, 0xFF, 0xFF, 0xFF, 0xF1, 0x1E, 0x00, 0x00, 0x00, 0x00, 0x00, 0x00, 0x00, 
0x00, 0x00, 0x00, 0x00, 0x00, 0x00, 0x00, 0x00, 0x00, 0x00, 0x4C, 0xFD, 0xFF, 0xFF, 0xFF, 0x9F, 
0x00, 0x00, 0x00, 0x00, 0x00, 0x00, 0x00, 0x00, 0x00, 0x00, 0x00, 0x00, 0x00, 0x00, 0x00, 0x00, 
0x00, 0x00, 0xAD, 0xFF, 0xFF, 0xFF, 0xF2, 0x03, 0x00, 0x00, 0x00, 0x00, 0x00, 0x00, 0x00, 0x00, 
0x00, 0x00, 0x00, 0x00, 0x00, 0x00, 0x00, 0x00, 0x00, 0x6E, 0xFF, 0xFF, 0xFF, 0xFF, 0x21, 0x00, 
0x00, 0x00, 0x00, 0x00, 0x00, 0x00, 0x00, 0x00, 0x00, 0x00, 0x00, 0x00, 0x00, 0x00, 0x00, 0x00, 
0x5D, 0xFF, 0xFF, 0xFF, 0xFF, 0x27, 0x00, 0x00, 0x00, 0x00, 0x00, 0x00, 0x00, 0x00, 0x00, 0x00, 
0x00, 0x00, 0x00, 0x00, 0x00, 0x00, 0x00, 0x73, 0xFF, 0xFF, 0xFF, 0xFF, 0x0D, 0x00, 0x00, 0x00, 
0x00, 0x00, 0x00, 0x00, 0x00, 0x00, 0x00, 0x00, 0x00, 0x00, 0x00, 0x00, 0x00, 0x00, 0xB6, 0xFF, 
0xFF, 0xFF, 0xDD, 0x00, 0x00, 0x00, 0x00, 0x00, 0x00, 0x00, 0x00, 0x00, 0x00, 0x00, 0x00, 0x00, 
0x00, 0x00, 0x00, 0x00, 0x32, 0xFC, 0xFF, 0xFF, 0xFF, 0x8B, 0x00, 0x00, 0x00, 0x00, 0x00, 0x00, 
0x00, 0x00, 0x00, 0x00, 0x00, 0x00, 0x00, 0x00, 0x00, 0x00, 0x19, 0xD9, 0xFF, 0xFF, 0xFF, 0xF8, 
0x20, 0x00, 0x00, 0x00, 0x59, 0xB4, 0x37, 0x00, 0x00, 0x00, 0x00, 0x00, 0x00, 0x00, 0x00, 0x00, 
0x44, 0xE0, 0xFF, 0xFF, 0xFF, 0xFF, 0x85, 0x00, 0x00, 0x00, 0x00, 0xC3, 0xFF, 0xFF, 0xC8, 0x71, 
0x36, 0x15, 0x0B, 0x18, 0x35, 0x6D, 0xC7, 0xFF, 0xFF, 0xFF, 0xFF, 0xFF, 0xB1, 0x03, 0x00, 0x00, 
0x00, 0x00, 0xE8, 0xFF, 0xFF, 0xFF, 0xFF, 0xFF, 0xFF, 0xFF, 0xFF, 0xFF, 0xFF, 0xFF, 0xFF, 0xFF, 
0xFF, 0xFF, 0xA3, 0x09, 0x00, 0x00, 0x00, 0x00, 0x00, 0xB1, 0xFF, 0xFF, 0xFF, 0xFF, 0xFF, 0xFF, 
0xFF, 0xFF, 0xFF, 0xFF, 0xFF, 0xFF, 0xFF, 0xDF, 0x58, 0x00, 0x00, 0x00, 0x00, 0x00, 0x00, 0x00, 
0x03, 0x5A, 0xBC, 0xF8, 0xFF, 0xFF, 0xFF, 0xFF, 0xFF, 0xFF, 0xFF, 0xF0, 0xB4, 0x59, 0x03, 0x00, 
0x00, 0x00, 0x00, 0x00, 0x00, 0x00, 0x00, 0x00, 0x00, 0x00, 0x06, 0x35, 0x56, 0x67, 0x6F, 0x5E, 
0x4C, 0x30, 0x03, 0x00, 0x00, 0x00, 0x00, 0x00, 0x00, 0x00, 0x00, 0x00, 0x00, 0x00, 0x00, 0x00, 
0x00, 0x00, 0x00, 0x00, 0x00, 0x49, 0x72, 0x70, 0x37, 0x00, 0x00, 0x00, 0x00, 0x00, 0x00, 0x00, 
0x00, 0x00, 0x00, 0x00, 0x00, 0x00, 0x00, 0x04, 0x54, 0x74, 0x6C, 0x20, 0x00, 0x00, 0x00, 0x00, 
0x00, 0x00, 0x42, 0xFF, 0xFF, 0xFF, 0xC7, 0x00, 0x00, 0x00, 0x00, 0x00, 0x00, 0x00, 0x00, 0x00, 
0x00, 0x00, 0x00, 0x00, 0x02, 0xAF, 0xFF, 0xFF, 0xFF, 0x7C, 0x00, 0x00, 0x00, 0x00, 0x00, 0x00, 
0x78, 0xFF, 0xFF, 0xFF, 0x97, 0x00, 0x00, 0x00, 0x00, 0x00, 0x00, 0x00, 0x00, 0x00, 0x00, 0x00, 
0x00, 0x00, 0x91, 0xFF, 0xFF, 0xFF, 0xFF, 0x4B, 0x00, 0x00, 0x00, 0x00, 0x00, 0x00, 0xAB, 0xFF, 
0xFF, 0xFF, 0x64, 0x00, 0x00, 0x00, 0x00, 0x00, 0x00, 0x00, 0x00, 0x00, 0x00, 0x00, 0x00, 0x6C, 
0xFF, 0xFF, 0xFF, 0xFF, 0xFF, 0x18, 0x00, 0x00, 0x00, 0x00, 0x00, 0x00, 0xDF, 0xFF, 0xFF, 0xFF, 
0x30, 0x00, 0x00, 0x00, 0x00, 0x00, 0x00, 0x00, 0x00, 0x00, 0x00, 0x00, 0x4B, 0xFC, 0xFF, 0xFF, 
0xFF, 0xFF, 0xE4, 0x00, 0x00, 0x00, 0x00, 0x00, 0x00, 0x12, 0xFF, 0xFF, 0xFF, 0xF8, 0x05, 0x00, 
0x00, 0x00, 0x00, 0x00, 0x00, 0x00, 0x00, 0x00, 0x00, 0x30, 0xF3, 0xFF, 0xFF, 0xFF, 0xFF, 0xFF, 
0xB1, 0x00, 0x00, 0x00, 0x00, 0x00, 0x00, 0x45, 0xFF, 0xFF, 0xFF, 0xCA, 0x00, 0x00, 0x00, 0x00, 
0x00, 0x00, 0x00, 0x00, 0x00, 0x00, 0x1B, 0xE4, 0xFF, 0xFF, 0xFF, 0xFF, 0xFF, 0xFF, 0x7E, 0x00, 
0x00, 0x00, 0x00, 0x00, 0x00, 0x78, 0xFF, 0xFF, 0xFF, 0x97, 0x00, 0x00, 0x00, 0x00, 0x00, 0x00, 
0x00, 0x00, 0x00, 0x0C, 0xCF, 0xFF, 0xFF, 0xFF, 0xF6, 0xFF, 0xFF, 0xFF, 0x4A, 0x00, 0x00, 0x00, 
0x00, 0x00, 0x00, 0xAB, 0xFF, 0xFF, 0xFF, 0x63, 0x00, 0x00, 0x00, 0x00, 0x00, 0x00, 0x00, 0x00, 
0x03, 0xB5, 0xFF, 0xFF, 0xFF, 0xC1, 0xC7, 0xFF, 0xFF, 0xFF, 0x17, 0x00, 0x00, 0x00, 0x00, 0x00, 
0x00, 0xDF, 0xFF, 0xFF, 0xFF, 0x30, 0x00, 0x00, 0x00, 0x00, 0x00, 0x00, 0x00, 0x00, 0x94, 0xFF, 
0xFF, 0xFF, 0xE3, 0x22, 0xFA, 0xFF, 0xFF, 0xE4, 0x00, 0x00, 0x00, 0x00, 0x00, 0x00, 0x12, 0xFF, 
0xFF, 0xFF, 0xF8, 0x05, 0x00, 0x00, 0x00, 0x00, 0x00, 0x00, 0x00, 0x70, 0xFF, 0xFF, 0xFF, 0xF8, 
0x36, 0x44, 0xFF, 0xFF, 0xFF, 0xB0, 0x00, 0x00, 0x00, 0x00, 0x00, 0x00, 0x45, 0xFF, 0xFF, 0xFF, 
0xC9, 0x00, 0x00, 0x00, 0x00, 0x00, 0x00, 0x00, 0x4E, 0xFD, 0xFF, 0xFF, 0xFF, 0x5D, 0x00, 0x7F, 
0xFF, 0xFF, 0xFF, 0x7D, 0x00, 0x00, 0x00, 0x00, 0x00, 0x00, 0x78, 0xFF, 0xFF, 0xFF, 0x96, 0x00, 
0x00, 0x00, 0x00, 0x00, 0x00, 0x32, 0xF4, 0xFF, 0xFF, 0xFF, 0x87, 0x00, 0x00, 0xB6, 0xFF, 0xFF, 
0xFF, 0x4A, 0x00, 0x00, 0x00, 0x00, 0x00, 0x00, 0xAB, 0xFF, 0xFF, 0xFF, 0x63, 0x00, 0x00, 0x00, 
0x00, 0x00, 0x1D, 0xE6, 0xFF, 0xFF, 0xFF, 0xAF, 0x01, 0x00, 0x00, 0xEB, 0xFF, 0xFF, 0xFF, 0x17, 
0x00, 0x00, 0x00, 0x00, 0x00, 0x00, 0xDF, 0xFF, 0xFF, 0xFF, 0x2F, 0x00, 0x00, 0x00, 0x00, 0x0D, 
0xD1, 0xFF, 0xFF, 0xFF, 0xCB, 0x0B, 0x00, 0x00, 0x21, 0xFF, 0xFF, 0xFF, 0xE3, 0x00, 0x00, 0x00, 
0x00, 0x00, 0x00, 0x12, 0xFF, 0xFF, 0xFF, 0xF7, 0x04, 0x00, 0x00, 0x00, 0x03, 0xB7, 0xFF, 0xFF, 
0xFF, 0xDF, 0x17, 0x00, 0x00, 0x00, 0x55, 0xFF, 0xFF, 0xFF, 0xB0, 0x00, 0x00, 0x00, 0x00, 0x00, 
0x00, 0x45, 0xFF, 0xFF, 0xFF, 0xC9, 0x00, 0x00, 0x00, 0x00, 0x97, 0xFF, 0xFF, 0xFF, 0xEE, 0x29, 
0x00, 0x00, 0x00, 0x00, 0x88, 0xFF, 0xFF, 0xFF, 0x7D, 0x00, 0x00, 0x00, 0x00, 0x00, 0x00, 0x78, 
0xFF, 0xFF, 0xFF, 0x96, 0x00, 0x00, 0x00, 0x74, 0xFF, 0xFF, 0xFF, 0xF9, 0x3F, 0x00, 0x00, 0x00, 
0x00, 0x00, 0xBB, 0xFF, 0xFF, 0xFF, 0x49, 0x00, 0x00, 0x00, 0x00, 0x00, 0x00, 0xAB, 0xFF, 0xFF, 
0xFF, 0x62, 0x00, 0x00, 0x51, 0xFD, 0xFF, 0xFF, 0xFE, 0x59, 0x00, 0x00, 0x00, 0x00, 0x00, 0x00, 
0xED, 0xFF, 0xFF, 0xFF, 0x16, 0x00, 0x00, 0x00, 0x00, 0x00, 0x00, 0xDF, 0xFF, 0xFF, 0xFF, 0x2D, 
0x00, 0x31, 0xF5, 0xFF, 0xFF, 0xFF, 0x79, 0x00, 0x00, 0x00, 0x00, 0x00, 0x00, 0x21, 0xFF, 0xFF, 
0xFF, 0xE3, 0x00, 0x00, 0x00, 0x00, 0x00, 0x00, 0x12, 0xFF, 0xFF, 0xFF, 0xF2, 0x02, 0x1A, 0xE4, 
0xFF, 0xFF, 0xFF, 0x9A, 0x00, 0x00, 0x00, 0x00, 0x00, 0x00, 0x00, 0x54, 0xFF, 0xFF, 0xFF, 0xAF, 
0x00, 0x00, 0x00, 0x00, 0x00, 0x00, 0x45, 0xFF, 0xFF, 0xFF, 0xBB, 0x08, 0xCB, 0xFF, 0xFF, 0xFF, 
0xB6, 0x04, 0x00, 0x00, 0x00, 0x00, 0x00, 0x00, 0x00, 0x87, 0xFF, 0xFF, 0xFF, 0x7C, 0x00, 0x00, 
0x00, 0x00, 0x00, 0x00, 0x78, 0xFF, 0xFF, 0xFF, 0x7D, 0xA3, 0xFF, 0xFF, 0xFF, 0xCE, 0x0C, 0x00, 
0x00, 0x00, 0x00, 0x00, 0x00, 0x00, 0x00, 0xBA, 0xFF, 0xFF, 0xFF, 0x49, 0x00, 0x00, 0x00, 0x00, 
0x00, 0x00, 0xAB, 0xFF, 0xFF, 0xFF, 0x9F, 0xFF, 0xFF, 0xFF, 0xE1, 0x19, 0x00, 0x00, 0x00, 0x00, 
0x00, 0x00, 0x00, 0x00, 0x00, 0xEC, 0xFF, 0xFF, 0xFF, 0x16, 0x00, 0x00, 0x00, 0x00, 0x00, 0x00, 
0xDF, 0xFF, 0xFF, 0xFF, 0xFA, 0xFF, 0xFF, 0xF0, 0x2B, 0x00, 0x00, 0x00, 0x00, 0x00, 0x00, 0x00, 
0x00, 0x00, 0x1F, 0xFF, 0xFF, 0xFF, 0xE2, 0x00, 0x00, 0x00, 0x00, 0x00, 0x00, 0x12, 0xFF, 0xFF, 
0xFF, 0xFF, 0xFF, 0xFF, 0xFA, 0x42, 0x00, 0x00, 0x00, 0x00, 0x00, 0x00, 0x00, 0x00, 0x00, 0x00, 
0x52, 0xFF, 0xFF, 0xFF, 0xAF, 0x00, 0x00, 0x00, 0x00, 0x00, 0x00, 0x45, 0xFF, 0xFF, 0xFF, 0xFF, 
0xFF, 0xFF, 0x5D, 0x00, 0x00, 0x00, 0x00, 0x00, 0x00, 0x00, 0x00, 0x00, 0x00, 0x00, 0x85, 0xFF, 
0xFF, 0xFF, 0x7C, 0x00, 0x00, 0x00, 0x00, 0x00, 0x00, 0x78, 0xFF, 0xFF, 0xFF, 0xFF, 0xFF, 0x7D, 
0x00, 0x00, 0x00, 0x00, 0x00, 0x00, 0x00, 0x00, 0x00, 0x00, 0x00, 0x00, 0xB8, 0xFF, 0xFF, 0xFF, 
0x48, 0x00, 0x00, 0x00, 0x00, 0x00, 0x00, 0xAB, 0xFF, 0xFF, 0xFF, 0xFF, 0x9D, 0x00, 0x00, 0x00, 
0x00, 0x00, 0x00, 0x00, 0x00, 0x00, 0x00, 0x00, 0x00, 0x00, 0xEA, 0xFF, 0xFF, 0xFF, 0x15, 0x00, 
0x00, 0x00, 0x00, 0x00, 0x00, 0xDF, 0xFF, 0xFF, 0xFF, 0xB9, 0x04, 0x00, 0x00, 0x00, 0x00, 0x00, 
0x00, 0x00, 0x00, 0x00, 0x00, 0x00, 0x00, 0x1E, 0xFF, 0xFF, 0xFF, 0xE2, 0x00, 0x00, 0x00, 0x00, 
0x00, 0x00, 0x03, 0xF6, 0xFF, 0xFF, 0xC4, 0x0D, 0x00, 0x00, 0x00, 0x00, 0x00, 0x00, 0x00, 0x00, 
0x00, 0x00, 0x00, 0x00, 0x00, 0x3E, 0xFF, 0xFF, 0xFF, 0x96, 0x00, 0x00, 0x00, 0x00, 0x00, 0x00, 
0x00, 0x0A, 0x20, 0x18, 0x00, 0x00, 0x00, 0x00, 0x00, 0x00, 0x00, 0x00, 0x00, 0x00, 0x00, 0x00, 
0x00, 0x00, 0x00, 0x00, 0x10, 0x21, 0x12, 0x00, 0x00, 0x00, 0x00, 0x00, 0x00, 0x00, 0x00, 0x00, 
0x00, 0x00, 0x00, 0x00, 0x00, 0x00, 0x00, 0x00, 0x00, 0x00, 0x00, 0x00, 0x08, 0x03, 0x00, 0x00, 
0x00, 0x00, 0x00, 0x00, 0x00, 0x00, 0x00, 0x07, 0x01, 0x00, 0x00, 0x00, 0x00, 0x00, 0x00, 0x00, 
0x00, 0x00, 0x00, 0x00, 0x00, 0x00, 0x00, 0x00, 0x06, 0xD9, 0xFF, 0xFC, 0x4C, 0x00, 0x00, 0x00, 
0x00, 0x00, 0x00, 0x2E, 0xE9, 0xFF, 0xF8, 0x3E, 0x00, 0x00, 0x00, 0x00, 0x00, 0x00, 0x00, 0x00, 
0x00, 0x00, 0x00, 0x00, 0x00, 0x00, 0x2D, 0xFF, 0xFF, 0xFF, 0x53, 0x00, 0x00, 0x00, 0x00, 0x00, 
0x00, 0x8A, 0xFF, 0xFF, 0xFF, 0x2E, 0x00, 0x00, 0x00, 0x00, 0x00, 0x00, 0x00, 0x00, 0x00, 0x00, 
0x00, 0x00, 0x00, 0x00, 0x30, 0xFF, 0xFF, 0xFF, 0x78, 0x00, 0x00, 0x00, 0x00, 0x00, 0x29, 0xEF, 
0xFF, 0xFF, 0xD5, 0x00, 0x00, 0x00, 0x00, 0x00, 0x00, 0x00, 0x00, 0x00, 0x00, 0x00, 0x00, 0x00, 
0x00, 0x00, 0x0D, 0xFA, 0xFF, 0xFF, 0xEF, 0x56, 0x0F, 0x02, 0x19, 0x6A, 0xE7, 0xFF, 0xFF, 0xFF, 
0x44, 0x00, 0x00, 0x00, 0x00, 0x00, 0x00, 0x00, 0x00, 0x00, 0x00, 0x00, 0x00, 0x00, 0x00, 0x00, 
0x00, 0x9D, 0xFF, 0xFF, 0xFF, 0xFF, 0xFF, 0xFD, 0xFF, 0xFF, 0xFF, 0xFF, 0xFF, 0x80, 0x00, 0x00, 
0x00, 0x00, 0x00, 0x00, 0x00, 0x00, 0x00, 0x00, 0x00, 0x00, 0x00, 0x00, 0x00, 0x00, 0x00, 0x0A, 
0xAF, 0xFF, 0xFF, 0xFF, 0xFF, 0xFF, 0xFF, 0xFF, 0xFF, 0xEA, 0x5D, 0x00, 0x00, 0x00, 0x00, 0x00, 
0x00, 0x00, 0x00, 0x00, 0x00, 0x00, 0x00, 0x00, 0x00, 0x00, 0x00, 0x00, 0x00, 0x00, 0x00, 0x3B, 
0x8F, 0xBF, 0xD3, 0xD6, 0xC7, 0x9F, 0x5D, 0x0B, 0x00, 0x00, 0x00, 0x00, 0x00, 0x00, 0x00, 0x00, 
0x00, 0x00, 0x00, 0x00, 0x00, 0x00, 0x00, 0x00, 0x00, 0x00, 0x00, 0x00, 0x00, 0x00, 0x00, 0x00, 
0x00, 0x00, 0x00, 0x00, 0x00, 0x00, 0x00, 0x00, 0x00, 0x00, 0x00, 0x00, 0x00, 0x00, 0x00, 0x00, 
0x00, 0x00, 0x00, 0x49, 0x72, 0x70, 0x37, 0x00, 0x00, 0x00, 0x00, 0x00, 0x00, 0x00, 0x00, 0x00, 
0x00, 0x00, 0x00, 0x00, 0x00, 0x04, 0x54, 0x74, 0x6C, 0x20, 0x00, 0x00, 0x00, 0x00, 0x00, 0x00, 
0x42, 0xFF, 0xFF, 0xFF, 0xC7, 0x00, 0x00, 0x00, 0x00, 0x00, 0x00, 0x00, 0x00, 0x00, 0x00, 0x00, 
0x00, 0x00, 0x02, 0xAF, 0xFF, 0xFF, 0xFF, 0x7C, 0x00, 0x00, 0x00, 0x00, 0x00, 0x00, 0x78, 0xFF, 
0xFF, 0xFF, 0x97, 0x00, 0x00, 0x00, 0x00, 0x00, 0x00, 0x00, 0x00, 0x00, 0x00, 0x00, 0x00, 0x00, 
0x91, 0xFF, 0xFF, 0xFF, 0xFF, 0x4B, 0x00, 0x00, 0x00, 0x00, 0x00, 0x00, 0xAB, 0xFF, 0xFF, 0xFF, 
0x64, 0x00, 0x00, 0x00, 0x00, 0x00, 0x00, 0x00, 0x00, 0x00, 0x00, 0x00, 0x00, 0x6C, 0xFF, 0xFF, 
0xFF, 0xFF, 0xFF, 0x18, 0x00, 0x00, 0x00, 0x00, 0x00, 0x00, 0xDF, 0xFF, 0xFF, 0xFF, 0x30, 0x00, 
0x00, 0x00, 0x00, 0x00, 0x00, 0x00, 0x00, 0x00, 0x00, 0x00, 0x4B, 0xFC, 0xFF, 0xFF, 0xFF, 0xFF, 
0xE4, 0x00, 0x00, 0x00, 0x00, 0x00, 0x00, 0x12, 0xFF, 0xFF, 0xFF, 0xF8, 0x05, 0x00, 0x00, 0x00, 
0x00, 0x00, 0x00, 0x00, 0x00, 0x00, 0x00, 0x30, 0xF3, 0xFF, 0xFF, 0xFF, 0xFF, 0xFF, 0xB1, 0x00, 
0x00, 0x00, 0x00, 0x00, 0x00, 0x45, 0xFF, 0xFF, 0xFF, 0xCA, 0x00, 0x00, 0x00, 0x00, 0x00, 0x00, 
0x00, 0x00, 0x00, 0x00, 0x1B, 0xE4, 0xFF, 0xFF, 0xFF, 0xFF, 0xFF, 0xFF, 0x7E, 0x00, 0x00, 0x00, 
0x00, 0x00, 0x00, 0x78, 0xFF, 0xFF, 0xFF, 0x97, 0x00, 0x00, 0x00, 0x00, 0x00, 0x00, 0x00, 0x00, 
0x00, 0x0C, 0xCF, 0xFF, 0xFF, 0xFF, 0xF6, 0xFF, 0xFF, 0xFF, 0x4A, 0x00, 0x00, 0x00, 0x00, 0x00, 
0x00, 0xAB, 0xFF, 0xFF, 0xFF, 0x63, 0x00, 0x00, 0x00, 0x00, 0x00, 0x00, 0x00, 0x00, 0x03, 0xB5, 
0xFF, 0xFF, 0xFF, 0xC1, 0xC7, 0xFF, 0xFF, 0xFF, 0x17, 0x00, 0x00, 0x00, 0x00, 0x00, 0x00, 0xDF, 
0xFF, 0xFF, 0xFF, 0x30, 0x00, 0x00, 0x00, 0x00, 0x00, 0x00, 0x00, 0x00, 0x94, 0xFF, 0xFF, 0xFF, 
0xE3, 0x22, 0xFA, 0xFF, 0xFF, 0xE4, 0x00, 0x00, 0x00, 0x00, 0x00, 0x00, 0x12, 0xFF, 0xFF, 0xFF, 
0xF8, 0x05, 0x00, 0x00, 0x00, 0x00, 0x00, 0x00, 0x00, 0x70, 0xFF, 0xFF, 0xFF, 0xF8, 0x36, 0x44, 
0xFF, 0xFF, 0xFF, 0xB0, 0x00, 0x00, 0x00, 0x00, 0x00, 0x00, 0x45, 0xFF, 0xFF, 0xFF, 0xC9, 0x00, 
0x00, 0x00, 0x00, 0x00, 0x00, 0x00, 0x4E, 0xFD, 0xFF, 0xFF, 0xFF, 0x5D, 0x00, 0x7F, 0xFF, 0xFF, 
0xFF, 0x7D, 0x00, 0x00, 0x00, 0x00, 0x00, 0x00, 0x78, 0xFF, 0xFF, 0xFF, 0x96, 0x00, 0x00, 0x00, 
0x00, 0x00, 0x00, 0x32, 0xF4, 0xFF, 0xFF, 0xFF, 0x87, 0x00, 0x00, 0xB6, 0xFF, 0xFF, 0xFF, 0x4A, 
0x00, 0x00, 0x00, 0x00, 0x00, 0x00, 0xAB, 0xFF, 0xFF, 0xFF, 0x63, 0x00, 0x00, 0x00, 0x00, 0x00, 
0x1D, 0xE6, 0xFF, 0xFF, 0xFF, 0xAF, 0x01, 0x00, 0x00, 0xEB, 0xFF, 0xFF, 0xFF, 0x17, 0x00, 0x00, 
0x00, 0x00, 0x00, 0x00, 0xDF, 0xFF, 0xFF, 0xFF, 0x2F, 0x00, 0x00, 0x00, 0x00, 0x0D, 0xD1, 0xFF, 
0xFF, 0xFF, 0xCB, 0x0B, 0x00, 0x00, 0x21, 0xFF, 0xFF, 0xFF, 0xE3, 0x00, 0x00, 0x00, 0x00, 0x00, 
0x00, 0x12, 0xFF, 0xFF, 0xFF, 0xF7, 0x04, 0x00, 0x00, 0x00, 0x03, 0xB7, 0xFF, 0xFF, 0xFF, 0xDF, 
0x17, 0x00, 0x00, 0x00, 0x55, 0xFF, 0xFF, 0xFF, 0xB0, 0x00, 0x00, 0x00, 0x00, 0x00, 0x00, 0x45, 
0xFF, 0xFF, 0xFF, 0xC9, 0x00, 0x00, 0x00, 0x00, 0x97, 0xFF, 0xFF, 0xFF, 0xEE, 0x29, 0x00, 0x00, 
0x00, 0x00, 0x88, 0xFF, 0xFF, 0xFF, 0x7D, 0x00, 0x00, 0x00, 0x00, 0x00, 0x00, 0x78, 0xFF, 0xFF, 
0xFF, 0x96, 0x00, 0x00, 0x00, 0x74, 0xFF, 0xFF, 0xFF, 0xF9, 0x3F, 0x00, 0x00, 0x00, 0x00, 0x00, 
0xBB, 0xFF, 0xFF, 0xFF, 0x49, 0x00, 0x00, 0x00, 0x00, 0x00, 0x00, 0xAB, 0xFF, 0xFF, 0xFF, 0x62, 
0x00, 0x00, 0x51, 0xFD, 0xFF, 0xFF, 0xFE, 0x59, 0x00, 0x00, 0x00, 0x00, 0x00, 0x00, 0xED, 0xFF, 
0xFF, 0xFF, 0x16, 0x00, 0x00, 0x00, 0x00, 0x00, 0x00, 0xDF, 0xFF, 0xFF, 0xFF, 0x2D, 0x00, 0x31, 
0xF5, 0xFF, 0xFF, 0xFF, 0x79, 0x00, 0x00, 0x00, 0x00, 0x00, 0x00, 0x21, 0xFF, 0xFF, 0xFF, 0xE3, 
0x00, 0x00, 0x00, 0x00, 0x00, 0x00, 0x12, 0xFF, 0xFF, 0xFF, 0xF2, 0x02, 0x1A, 0xE4, 0xFF, 0xFF, 
0xFF, 0x9A, 0x00, 0x00, 0x00, 0x00, 0x00, 0x00, 0x00, 0x54, 0xFF, 0xFF, 0xFF, 0xAF, 0x00, 0x00, 
0x00, 0x00, 0x00, 0x00, 0x45, 0xFF, 0xFF, 0xFF, 0xBB, 0x08, 0xCB, 0xFF, 0xFF, 0xFF, 0xB6, 0x04, 
0x00, 0x00, 0x00, 0x00, 0x00, 0x00, 0x00, 0x87, 0xFF, 0xFF, 0xFF, 0x7C, 0x00, 0x00, 0x00, 0x00, 
0x00, 0x00, 0x78, 0xFF, 0xFF, 0xFF, 0x7D, 0xA3, 0xFF, 0xFF, 0xFF, 0xCE, 0x0C, 0x00, 0x00, 0x00, 
0x00, 0x00, 0x00, 0x00, 0x00, 0xBA, 0xFF, 0xFF, 0xFF, 0x49, 0x00, 0x00, 0x00, 0x00, 0x00, 0x00, 
0xAB, 0xFF, 0xFF, 0xFF, 0x9F, 0xFF, 0xFF, 0xFF, 0xE1, 0x19, 0x00, 0x00, 0x00, 0x00, 0x00, 0x00, 
0x00, 0x00, 0x00, 0xEC, 0xFF, 0xFF, 0xFF, 0x16, 0x00, 0x00, 0x00, 0x00, 0x00, 0x00, 0xDF, 0xFF, 
0xFF, 0xFF, 0xFA, 0xFF, 0xFF, 0xF0, 0x2B, 0x00, 0x00, 0x00, 0x00, 0x00, 0x00, 0x00, 0x00, 0x00, 
0x1F, 0xFF, 0xFF, 0xFF, 0xE2, 0x00, 0x00, 0x00, 0x00, 0x00, 0x00, 0x12, 0xFF, 0xFF, 0xFF, 0xFF, 
0xFF, 0xFF, 0xFA, 0x42, 0x00, 0x00, 0x00, 0x00, 0x00, 0x00, 0x00, 0x00, 0x00, 0x00, 0x52, 0xFF, 
0xFF, 0xFF, 0xAF, 0x00, 0x00, 0x00, 0x00, 0x00, 0x00, 0x45, 0xFF, 0xFF, 0xFF, 0xFF, 0xFF, 0xFF, 
0x5D, 0x00, 0x00, 0x00, 0x00, 0x00, 0x00, 0x00, 0x00, 0x00, 0x00, 0x00, 0x85, 0xFF, 0xFF, 0xFF, 
0x7C, 0x00, 0x00, 0x00, 0x00, 0x00, 0x00, 0x78, 0xFF, 0xFF, 0xFF, 0xFF, 0xFF, 0x7D, 0x00, 0x00, 
0x00, 0x00, 0x00, 0x00, 0x00, 0x00, 0x00, 0x00, 0x00, 0x00, 0xB8, 0xFF, 0xFF, 0xFF, 0x48, 0x00, 
0x00, 0x00, 0x00, 0x00, 0x00, 0xAB, 0xFF, 0xFF, 0xFF, 0xFF, 0x9D, 0x00, 0x00, 0x00, 0x00, 0x00, 
0x00, 0x00, 0x00, 0x00, 0x00, 0x00, 0x00, 0x00, 0xEA, 0xFF, 0xFF, 0xFF, 0x15, 0x00, 0x00, 0x00, 
0x00, 0x00, 0x00, 0xDF, 0xFF, 0xFF, 0xFF, 0xB9, 0x04, 0x00, 0x00, 0x00, 0x00, 0x00, 0x00, 0x00, 
0x00, 0x00, 0x00, 0x00, 0x00, 0x1E, 0xFF, 0xFF, 0xFF, 0xE2, 0x00, 0x00, 0x00, 0x00, 0x00, 0x00, 
0x03, 0xF6, 0xFF, 0xFF, 0xC4, 0x0D, 0x00, 0x00, 0x00, 0x00, 0x00, 0x00, 0x00, 0x00, 0x00, 0x00, 
0x00, 0x00, 0x00, 0x3E, 0xFF, 0xFF, 0xFF, 0x96, 0x00, 0x00, 0x00, 0x00, 0x00, 0x00, 0x00, 0x0A, 
0x20, 0x18, 0x00, 0x00, 0x00, 0x00, 0x00, 0x00, 0x00, 0x00, 0x00, 0x00, 0x00, 0x00, 0x00, 0x00, 
0x00, 0x00, 0x10, 0x21, 0x12, 0x00, 0x00, 0x00, 0x00, 0x00, 0x00, 0x00, 0x00, 0x00, 0x00, 0x00, 
0x00, 0x00, 0x00, 0x46, 0x70, 0x6E, 0x35, 0x00, 0x00, 0x00, 0x00, 0x00, 0x00, 0x00, 0x00, 0x00, 
0x00, 0x00, 0x45, 0x6F, 0x72, 0x46, 0x00, 0x00, 0x00, 0x00, 0x00, 0x00, 0x42, 0xFF, 0xFF, 0xFF, 
0xC7, 0x00, 0x00, 0x00, 0x00, 0x00, 0x00, 0x00, 0x00, 0x00, 0x00, 0x75, 0xFF, 0xFF, 0xFF, 0xD4, 
0x00, 0x00, 0x00, 0x00, 0x00, 0x00, 0x78, 0xFF, 0xFF, 0xFF, 0x97, 0x00, 0x00, 0x00, 0x00, 0x00, 
0x00, 0x00, 0x00, 0x00, 0x15, 0xF1, 0xFF, 0xFF, 0xFF, 0x62, 0x00, 0x00, 0x00, 0x00, 0x00, 0x00, 
0xAB, 0xFF, 0xFF, 0xFF, 0x64, 0x00, 0x00, 0x00, 0x00, 0x00, 0x00, 0x00, 0x00, 0x00, 0x94, 0xFF, 
0xFF, 0xFF, 0xCF, 0x02, 0x00, 0x00, 0x00, 0x00, 0x00, 0x00, 0xDE, 0xFF, 0xFF, 0xFF, 0x31, 0x00, 
0x00, 0x00, 0x00, 0x00, 0x00, 0x00, 0x00, 0x26, 0xFB, 0xFF, 0xFF, 0xFF, 0x3F, 0x00, 0x00, 0x00, 
0x00, 0x00, 0x00, 0x11, 0xFF, 0xFF, 0xFF, 0xF8, 0x05, 0x00, 0x00, 0x00, 0x00, 0x00, 0x00, 0x00, 
0x00, 0xAE, 0xFF, 0xFF, 0xFF, 0xAB, 0x00, 0x00, 0x00, 0x00, 0x00, 0x00, 0x00, 0x44, 0xFF, 0xFF, 
0xFF, 0xCA, 0x00, 0x00, 0x00, 0x00, 0x00, 0x00, 0x00, 0x00, 0x3B, 0xFF, 0xFF, 0xFF, 0xF7, 0x20, 
0x00, 0x00, 0x00, 0x00, 0x00, 0x00, 0x00, 0x77, 0xFF, 0xFF, 0xFF, 0x97, 0x00, 0x00, 0x00, 0x00, 
0x00, 0x00, 0x00, 0x00, 0xC7, 0xFF, 0xFF, 0xFF, 0x84, 0x00, 0x00, 0x00, 0x00, 0x00, 0x00, 0x00, 
0x00, 0xAA, 0xFF, 0xFF, 0xFF, 0x63, 0x00, 0x00, 0x00, 0x00, 0x00, 0x00, 0x00, 0x59, 0xFF, 0xFF, 
0xFF, 0xE5, 0x0B, 0x00, 0x00, 0x00, 0x00, 0x00, 0x00, 0x00, 0x00, 0xDD, 0xFF, 0xFF, 0xFF, 0x30, 
0x00, 0x00, 0x00, 0x00, 0x00, 0x00, 0x0F, 0xE3, 0xFF, 0xFF, 0xFF, 0x58, 0x00, 0x00, 0x00, 0x00, 
0x00, 0x00, 0x00, 0x00, 0x11, 0xFF, 0xFF, 0xFF, 0xF8, 0x05, 0x00, 0x00, 0x00, 0x00, 0x00, 0x00, 
0xA8, 0xFF, 0xFF, 0xFF, 0xB7, 0x00, 0x00, 0x00, 0x00, 0x00, 0x00, 0x00, 0x00, 0x00, 0x43, 0xFF, 
0xFF, 0xFF, 0xCA, 0x00, 0x00, 0x00, 0x00, 0x00, 0x01, 0x8D, 0xFF, 0xFF, 0xFF, 0xE8, 0x1A, 0x00, 
0x00, 0x00, 0x00, 0x00, 0x00, 0x00, 0x00, 0x00, 0x77, 0xFF, 0xFF, 0xFF, 0x96, 0x00, 0x00, 0x00, 
0x00, 0x1F, 0xB1, 0xFF, 0xFF, 0xFF, 0xF4, 0x3A, 0x00, 0x00, 0x00, 0x00, 0x00, 0x00, 0x00, 0x00, 
0x00, 0x00, 0xAA, 0xFF, 0xFF, 0xFF, 0x9F, 0x58, 0x5F, 0x79, 0xB5, 0xFB, 0xFF, 0xFF, 0xFF, 0xDF, 
0x36, 0x00, 0x00, 0x00, 0x00, 0x00, 0x00, 0x00, 0x00, 0x00, 0x00, 0x00, 0xDD, 0xFF, 0xFF, 0xFF, 
0xFF, 0xFF, 0xFF, 0xFF, 0xFF, 0xFF, 0xFF, 0xF2, 0x92, 0x10, 0x00, 0x00, 0x00, 0x00, 0x00, 0x00, 
0x00, 0x00, 0x00, 0x00, 0x00, 0x10, 0xFF, 0xFF, 0xFF, 0xFF, 0xFF, 0xFF, 0xFF, 0xFF, 0xFF, 0xFF, 
0xFF, 0x87, 0x0C, 0x00, 0x00, 0x00, 0x00, 0x00, 0x00, 0x00, 0x00, 0x00, 0x00, 0x00, 0x00, 0x43, 
0xFF, 0xFF, 0xFF, 0xFF, 0xFF, 0xFF, 0xFF, 0xFF, 0xFF, 0xFF, 0xFF, 0xFF, 0xE1, 0x25, 0x00, 0x00, 
0x00, 0x00, 0x00, 0x00, 0x00, 0x00, 0x00, 0x00, 0x00, 0x76, 0xFF, 0xFF, 0xFF, 0xA2, 0x20, 0x23, 
0x34, 0x63, 0xC0, 0xFF, 0xFF, 0xFF, 0xFF, 0xE6, 0x17, 0x00, 0x00, 0x00, 0x00, 0x00, 0x00, 0x00, 
0x00, 0x00, 0x00, 0xA9, 0xFF, 0xFF, 0xFF, 0x64, 0x00, 0x00, 0x00, 0x00, 0x00, 0x65, 0xFE, 0xFF, 
0xFF, 0xFF, 0x95, 0x00, 0x00, 0x00, 0x00, 0x00, 0x00, 0x00, 0x00, 0x00, 0x00, 0xDC, 0xFF, 0xFF, 
0xFF, 0x31, 0x00, 0x00, 0x00, 0x00, 0x00, 0x00, 0x8A, 0xFF, 0xFF, 0xFF, 0xF2, 0x07, 0x00, 0x00, 
0x00, 0x00, 0x00, 0x00, 0x00, 0x00, 0x10, 0xFE, 0xFF, 0xFF, 0xF8, 0x05, 0x00, 0x00, 0x00, 0x00, 
0x00, 0x00, 0x0F, 0xF6, 0xFF, 0xFF, 0xFF, 0x44, 0x00, 0x00, 0x00, 0x00, 0x00, 0x00, 0x00, 0x00, 
0x42, 0xFF, 0xFF, 0xFF, 0xCA, 0x00, 0x00, 0x00, 0x00, 0x00, 0x00, 0x00, 0x00, 0xAC, 0xFF, 0xFF, 
0xFF, 0x7F, 0x00, 0x00, 0x00, 0x00, 0x00, 0x00, 0x00, 0x00, 0x75, 0xFF, 0xFF, 0xFF, 0x96, 0x00, 
0x00, 0x00, 0x00, 0x00, 0x00, 0x00, 0x00, 0x6C, 0xFF, 0xFF, 0xFF, 0xB3, 0x00, 0x00, 0x00, 0x00, 
0x00, 0x00, 0x00, 0x00, 0xA8, 0xFF, 0xFF, 0xFF, 0x63, 0x00, 0x00, 0x00, 0x00, 0x00, 0x00, 0x00, 
0x00, 0x3A, 0xFF, 0xFF, 0xFF, 0xE5, 0x00, 0x00, 0x00, 0x00, 0x00, 0x00, 0x00, 0x00, 0xDB, 0xFF, 
0xFF, 0xFF, 0x2F, 0x00, 0x00, 0x00, 0x00, 0x00, 0x00, 0x00, 0x00, 0x0D, 0xFE, 0xFF, 0xFF, 0xFF, 
0x17, 0x00, 0x00, 0x00, 0x00, 0x00, 0x00, 0x0F, 0xFE, 0xFF, 0xFF, 0xF7, 0x04, 0x00, 0x00, 0x00, 
0x00, 0x00, 0x00, 0x00, 0x00, 0x00, 0xDD, 0xFF, 0xFF, 0xFF, 0x49, 0x00, 0x00, 0x00, 0x00, 0x00, 
0x00, 0x41, 0xFF, 0xFF, 0xFF, 0xC8, 0x00, 0x00, 0x00, 0x00, 0x00, 0x00, 0x00, 0x00, 0x00, 0x00, 
0xAF, 0xFF, 0xFF, 0xFF, 0x7B, 0x00, 0x00, 0x00, 0x00, 0x00, 0x00, 0x74, 0xFF, 0xFF, 0xFF, 0x94, 
0x00, 0x00, 0x00, 0x00, 0x00, 0x00, 0x00, 0x00, 0x00, 0x00, 0x80, 0xFF, 0xFF, 0xFF, 0xAD, 0x00, 
0x00, 0x00, 0x00, 0x00, 0x00, 0xA8, 0xFF, 0xFF, 0xFF, 0x61, 0x00, 0x00, 0x00, 0x00, 0x00, 0x00, 
0x00, 0x00, 0x00, 0x00, 0x52, 0xFF, 0xFF, 0xFF, 0xDF, 0x00, 0x00, 0x00, 0x00, 0x00, 0x00, 0xDB, 
0xFF, 0xFF, 0xFF, 0x2D, 0x00, 0x00, 0x00, 0x00, 0x00, 0x00, 0x00, 0x00, 0x00, 0x00, 0x24, 0xFF, 
0xFF, 0xFF, 0xFF, 0x0D, 0x00, 0x00, 0x00, 0x00, 0x02, 0xF2, 0xFF, 0xFF, 0xDB, 0x03, 0x00, 0x00, 
0x00, 0x00, 0x00, 0x00, 0x00, 0x00, 0x00, 0x00, 0x01, 0xE2, 0xFF, 0xFF, 0xE9, 0x09, 0x00, 0x00, 
0x00, 0x00, 0x00, 0x08, 0x1F, 0x1B, 0x01, 0x00, 0x00, 0x00, 0x00, 0x00, 0x00, 0x00, 0x00, 0x00, 
0x00, 0x00, 0x00, 0x05, 0x20, 0x1D, 0x04, 0x00, 0x00, 0x00, 0x00, 0x00, 0x00, 0x00, 0x00, 0x00, 
0x00, 0x00, 0x00, 0x00, 0x00, 0x00, 0x00, 0x00, 0x00, 0x00, 0x00, 0x1F, 0x52, 0x54, 0x54, 0x54, 
0x54, 0x54, 0x54, 0x54, 0x54, 0x54, 0x54, 0x54, 0x54, 0x52, 0x1C, 0x00, 0x00, 0x00, 0x00, 0x00, 
0x00, 0x00, 0x00, 0x00, 0x00, 0x00, 0x00, 0x00, 0x00, 0x26, 0xF6, 0xFF, 0xFF, 0xFF, 0xFF, 0xFF, 
0xFF, 0xFF, 0xFF, 0xFF, 0xFF, 0xFF, 0xFF, 0xFF, 0xFF, 0xD0, 0x00, 0x00, 0x00, 0x00, 0x00, 0x00, 
0x00, 0x00, 0x00, 0x00, 0x00, 0x00, 0x00, 0x00, 0x8D, 0xFF, 0xFF, 0xFF, 0xFF, 0xFF, 0xFF, 0xFF, 
0xFF, 0xFF, 0xFF, 0xFF, 0xFF, 0xFF, 0xFF, 0xFF, 0xC8, 0x00, 0x00, 0x00, 0x00, 0x00, 0x00, 0x00, 
0x00, 0x00, 0x00, 0x00, 0x00, 0x00, 0x00, 0xDE, 0xFF, 0xFF, 0xFF, 0xFF, 0xFF, 0xFF, 0xFF, 0xFF, 
0xFF, 0xFF, 0xFF, 0xFF, 0xFF, 0xFF, 0xFF, 0x96, 0x00, 0x00, 0x00, 0x00, 0x00, 0x00, 0x00, 0x00, 
0x00, 0x00, 0x00, 0x00, 0x00, 0x2F, 0xFF, 0xFF, 0xFF, 0xC9, 0x24, 0x24, 0x24, 0x24, 0x24, 0x24, 
0x24, 0x24, 0xAF, 0xFF, 0xFF, 0xFF, 0x63, 0x00, 0x00, 0x00, 0x00, 0x00, 0x00, 0x00, 0x00, 0x00, 
0x00, 0x00, 0x00, 0x00, 0x7F, 0xFF, 0xFF, 0xFF, 0x75, 0x00, 0x00, 0x00, 0x00, 0x00, 0x00, 0x00, 
0x00, 0xD2, 0xFF, 0xFF, 0xFF, 0x31, 0x00, 0x00, 0x00, 0x00, 0x00, 0x00, 0x00, 0x00, 0x00, 0x00, 
0x00, 0x00, 0x00, 0xD2, 0xFF, 0xFF, 0xFF, 0x24, 0x00, 0x00, 0x00, 0x00, 0x00, 0x00, 0x00, 0x09, 
0xFB, 0xFF, 0xFF, 0xF8, 0x05, 0x00, 0x00, 0x00, 0x00, 0x00, 0x00, 0x00, 0x00, 0x00, 0x00, 0x00, 
0x00, 0x24, 0xFF, 0xFF, 0xFF, 0xD1, 0x00, 0x00, 0x00, 0x00, 0x00, 0x00, 0x00, 0x00, 0x38, 0xFF, 
0xFF, 0xFF, 0xCB, 0x00, 0x00, 0x00, 0x00, 0x00, 0x00, 0x00, 0x00, 0x00, 0x00, 0x00, 0x00, 0x00, 
0x78, 0xFF, 0xFF, 0xFF, 0x7E, 0x00, 0x00, 0x00, 0x00, 0x00, 0x00, 0x00, 0x00, 0x6B, 0xFF, 0xFF, 
0xFF, 0x98, 0x00, 0x00, 0x00, 0x00, 0x00, 0x00, 0x00, 0x00, 0x00, 0x00, 0x00, 0x00, 0x00, 0xCD, 
0xFF, 0xFF, 0xFF, 0x2B, 0x00, 0x00, 0x00, 0x00, 0x00, 0x00, 0x00, 0x00, 0x9E, 0xFF, 0xFF, 0xFF, 
0x65, 0x00, 0x00, 0x00, 0x00, 0x00, 0x00, 0x00, 0x00, 0x00, 0x00, 0x00, 0x00, 0x24, 0xFF, 0xFF, 
0xFF, 0xD6, 0x00, 0x00, 0x00, 0x00, 0x00, 0x00, 0x00, 0x00, 0x00, 0xD1, 0xFF, 0xFF, 0xFF, 0x32, 
0x00, 0x00, 0x00, 0x00, 0x00, 0x00, 0x00, 0x00, 0x00, 0x00, 0x00, 0x00, 0x7B, 0xFF, 0xFF, 0xFF, 
0x80, 0x00, 0x00, 0x00, 0x00, 0x00, 0x00, 0x00, 0x00, 0x09, 0xFB, 0xFF, 0xFF, 0xF9, 0x06, 0x00, 
0x00, 0x00, 0x00, 0x00, 0x00, 0x00, 0x00, 0x00, 0x00, 0x00, 0x00, 0xD4, 0xFF, 0xFF, 0xFF, 0x29, 
0x00, 0x00, 0x00, 0x00, 0x00, 0x00, 0x00, 0x00, 0x38, 0xFF, 0xFF, 0xFF, 0xCC, 0x00, 0x00, 0x00, 
0x00, 0x00, 0x00, 0x00, 0x00, 0x00, 0x00, 0x00, 0x00, 0x2E, 0xFF, 0xFF, 0xFF, 0xD1, 0x00, 0x00, 
0x00, 0x00, 0x00, 0x00, 0x00, 0x00, 0x00, 0x6B, 0xFF, 0xFF, 0xFF, 0x99, 0x00, 0x00, 0x00, 0x00, 
0x00, 0x00, 0x00, 0x00, 0x00, 0x00, 0x00, 0x00, 0x8B, 0xFF, 0xFF, 0xFF, 0x77, 0x00, 0x00, 0x00, 
0x00, 0x00, 0x00, 0x00, 0x00, 0x00, 0x9E, 0xFF, 0xFF, 0xFF, 0x66, 0x00, 0x00, 0x00, 0x00, 0x00, 
0x00, 0x00, 0x00, 0x00, 0x00, 0x00, 0x03, 0xE5, 0xFF, 0xFF, 0xFE, 0x1E, 0x00, 0x00, 0x00, 0x00, 
0x00, 0x00, 0x00, 0x00, 0x00, 0xD1, 0xFF, 0xFF, 0xFF, 0x33, 0x00, 0x00, 0x00, 0x00, 0x00, 0x00, 
0x00, 0x00, 0x00, 0x00, 0x00, 0x4B, 0xFF, 0xFF, 0xFF, 0xBE, 0x00, 0x00, 0x00, 0x00, 0x00, 0x00, 
0x00, 0x00, 0x00, 0x09, 0xFB, 0xFF, 0xFF, 0xF9, 0x06, 0x00, 0x00, 0x00, 0x00, 0x00, 0x00, 0x00, 
0x00, 0x00, 0x00, 0x00, 0xAF, 0xFF, 0xFF, 0xFF, 0x5F, 0x00, 0x00, 0x00, 0x00, 0x00, 0x00, 0x00, 
0x00, 0x00, 0x38, 0xFF, 0xFF, 0xFF, 0xCD, 0x00, 0x00, 0x00, 0x00, 0x00, 0x00, 0x00, 0x00, 0x00, 
0x00, 0x00, 0x1B, 0xFB, 0xFF, 0xFF, 0xF1, 0x0A, 0x00, 0x00, 0x00, 0x00, 0x00, 0x00, 0x00, 0x00, 
0x00, 0x6B, 0xFF, 0xFF, 0xFF, 0x9A, 0x00, 0x00, 0x00, 0x00, 0x00, 0x00, 0x00, 0x00, 0x00, 0x00, 
0x00, 0x84, 0xFF, 0xFF, 0xFF, 0x94, 0x00, 0x00, 0x00, 0x00, 0x00, 0x00, 0x00, 0x00, 0x00, 0x00, 
0x9E, 0xFF, 0xFF, 0xFF, 0x67, 0x00, 0x00, 0x00, 0x00, 0x00, 0x00, 0x00, 0x00, 0x00, 0x00, 0x09, 
0xEB, 0xFF, 0xFF, 0xFF, 0x2A, 0x00, 0x00, 0x00, 0x00, 0x00, 0x00, 0x00, 0x00, 0x00, 0x00, 0xD1, 
0xFF, 0xFF, 0xFF, 0x34, 0x00, 0x00, 0x00, 0x00, 0x00, 0x00, 0x00, 0x00, 0x00, 0x00, 0x6D, 0xFF, 
0xFF, 0xFF, 0xB9, 0x00, 0x00, 0x00, 0x00, 0x00, 0x00, 0x00, 0x00, 0x00, 0x00, 0x08, 0xFB, 0xFF, 
0xFF, 0xFA, 0x07, 0x00, 0x00, 0x00, 0x00, 0x00, 0x00, 0x00, 0x00, 0x00, 0x08, 0xE4, 0xFF, 0xFF, 
0xFF, 0x44, 0x00, 0x00, 0x00, 0x00, 0x00, 0x00, 0x00, 0x00, 0x00, 0x00, 0x38, 0xFF, 0xFF, 0xFF, 
0xCE, 0x00, 0x00, 0x00, 0x00, 0x00, 0x00, 0x00, 0x00, 0x00, 0x00, 0x7C, 0xFF, 0xFF, 0xFF, 0xC8, 
0x00, 0x00, 0x00, 0x00, 0x00, 0x00, 0x00, 0x00, 0x00, 0x00, 0x00, 0x6B, 0xFF, 0xFF, 0xFF, 0x9B, 
0x00, 0x00, 0x00, 0x00, 0x00, 0x00, 0x00, 0x00, 0x00, 0x23, 0xF6, 0xFF, 0xFF, 0xFF, 0x42, 0x00, 
0x00, 0x00, 0x00, 0x00, 0x00, 0x00, 0x00, 0x00, 0x00, 0x00, 0x9E, 0xFF, 0xFF, 0xFF, 0x68, 0x00, 
0x00, 0x00, 0x00, 0x00, 0x00, 0x00, 0x00, 0x08, 0xCD, 0xFF, 0xFF, 0xFF, 0xB0, 0x00, 0x00, 0x00, 
0x00, 0x00, 0x00, 0x00, 0x00, 0x00, 0x00, 0x00, 0x00, 0xD1, 0xFF, 0xFF, 0xFF, 0x35, 0x00, 0x00, 
0x00, 0x00, 0x00, 0x00, 0x00, 0x0F, 0xBB, 0xFF, 0xFF, 0xFF, 0xEE, 0x1B, 0x00, 0x00, 0x00, 0x00, 
0x00, 0x00, 0x00, 0x00, 0x00, 0x00, 0x00, 0x08, 0xFB, 0xFF, 0xFF, 0xFA, 0x07, 0x00, 0x00, 0x00, 
0x00, 0x07, 0x5E, 0x8D, 0xEA, 0xFF, 0xFF, 0xFF, 0xFF, 0x56, 0x00, 0x00, 0x00, 0x00, 0x00, 0x00, 
0x00, 0x00, 0x00, 0x00, 0x00, 0x00, 0x37, 0xFF, 0xFF, 0xFF, 0xCF, 0x00, 0x00, 0x00, 0x00, 0x00, 
0x7E, 0xFF, 0xFF, 0xFF, 0xFF, 0xFF, 0xFF, 0x78, 0x00, 0x00, 0x00, 0x00, 0x00, 0x00, 0x00, 0x00, 
0x00, 0x00, 0x00, 0x00, 0x00, 0x6B, 0xFF, 0xFF, 0xFF, 0x9C, 0x00, 0x00, 0x00, 0x00, 0x00, 0xCE, 
0xFF, 0xFF, 0xFF, 0xFF, 0xFA, 0x6D, 0x00, 0x00, 0x00, 0x00, 0x00, 0x00, 0x00, 0x00, 0x00, 0x00, 
0x00, 0x00, 0x00, 0x00, 0x9E, 0xFF, 0xFF, 0xFF, 0x69, 0x00, 0x00, 0x00, 0x00, 0x00, 0xE3, 0xFF, 
0xFF, 0xFA, 0xAC, 0x2E, 0x00, 0x00, 0x00, 0x00, 0x00, 0x00, 0x00, 0x00, 0x00, 0x00, 0x00, 0x00, 
0x00, 0x00, 0x00, 0xB9, 0xFF, 0xFF, 0xF4, 0x2A, 0x00, 0x00, 0x00, 0x00, 0x00, 0x3F, 0x53, 0x3B, 
0x09, 0x00, 0x00, 0x00, 0x00, 0x00, 0x00, 0x00, 0x00, 0x00, 0x00, 0x00, 0x00, 0x00, 0x00, 0x00, 
0x00, 0x00, 0x02, 0x1D, 0x1E, 0x05, 0x00, 0x00, 0x00, 0x00, 0x00, 0x00, 0x00, 0x00, 0x00, 0x00, 
0x00, 0x00, 0x00, 0x0F, 0x4C, 0x54, 0x53, 0x40, 0x0E, 0x00, 0x00, 0x00, 0x00, 0x00, 0x00, 0x00, 
0x00, 0x00, 0x00, 0x00, 0x00, 0x00, 0x00, 0x00, 0x00, 0x00, 0x00, 0x00, 0x00, 0x00, 0x2A, 0x4F, 
0x54, 0x54, 0x41, 0x01, 0x00, 0x00, 0x00, 0x00, 0x00, 0x00, 0x16, 0xE4, 0xFF, 0xFF, 0xFF, 0xFF, 
0xEC, 0x2D, 0x00, 0x00, 0x00, 0x00, 0x00, 0x00, 0x00, 0x00, 0x00, 0x00, 0x00, 0x00, 0x00, 0x00, 
0x00, 0x00, 0x00, 0x00, 0x0F, 0xBB, 0xFF, 0xFF, 0xFF, 0xFF, 0xFF, 0x6C, 0x00, 0x00, 0x00, 0x00, 
0x00, 0x00, 0x73, 0xFF, 0xFF, 0xFF, 0xFF, 0xFF, 0xFF, 0xA4, 0x00, 0x00, 0x00, 0x00, 0x00, 0x00, 
0x00, 0x00, 0x00, 0x00, 0x00, 0x00, 0x00, 0x00, 0x00, 0x00, 0x00, 0x00, 0xB3, 0xFF, 0xFF, 0xFF, 
0xFF, 0xFF, 0xFF, 0x7A, 0x00, 0x00, 0x00, 0x00, 0x00, 0x00, 0xAB, 0xFF, 0xFF, 0xFF, 0xFF, 0xFF, 
0xFF, 0xE0, 0x00, 0x00, 0x00, 0x00, 0x00, 0x00, 0x00, 0x00, 0x00, 0x00, 0x00, 0x00, 0x00, 0x00, 
0x00, 0x00, 0x00, 0x58, 0xFF, 0xFF, 0xFF, 0xFF, 0xFF, 0xFF, 0xFF, 0x4C, 0x00, 0x00, 0x00, 0x00, 
0x00, 0x00, 0xDE, 0xFF, 0xFF, 0xFD, 0xC1, 0xFF, 0xFF, 0xFF, 0x14, 0x00, 0x00, 0x00, 0x00, 0x00, 
0x00, 0x00, 0x00, 0x00, 0x00, 0x00, 0x00, 0x00, 0x00, 0x00, 0x0F, 0xE7, 0xFF, 0xFF, 0xE6, 0xD9, 
0xFF, 0xFF, 0xFF, 0x19, 0x00, 0x00, 0x00, 0x00, 0x00, 0x11, 0xFF, 0xFF, 0xFF, 0xD5, 0x86, 0xFF, 
0xFF, 0xFF, 0x46, 0x00, 0x00, 0x00, 0x00, 0x00, 0x00, 0x00, 0x00, 0x00, 0x00, 0x00, 0x00, 0x00, 
0x00, 0x00, 0x95, 0xFF, 0xFF, 0xFF, 0x5D, 0xF8, 0xFF, 0xFF, 0xE6, 0x00, 0x00, 0x00, 0x00, 0x00, 
0x00, 0x44, 0xFF, 0xFF, 0xFF, 0xA2, 0x55, 0xFF, 0xFF, 0xFF, 0x7A, 0x00, 0x00, 0x00, 0x00, 0x00, 
0x00, 0x00, 0x00, 0x00, 0x00, 0x00, 0x00, 0x00, 0x00, 0x35, 0xFD, 0xFF, 0xFF, 0xBD, 0x30, 0xFF, 
0xFF, 0xFF, 0xB3, 0x00, 0x00, 0x00, 0x00, 0x00, 0x00, 0x77, 0xFF, 0xFF, 0xFF, 0x6E, 0x25, 0xFF, 
0xFF, 0xFF, 0xAD, 0x00, 0x00, 0x00, 0x00, 0x00, 0x00, 0x00, 0x00, 0x00, 0x00, 0x00, 0x00, 0x00, 
0x03, 0xCD, 0xFF, 0xFF, 0xF9, 0x27, 0x63, 0xFF, 0xFF, 0xFF, 0x81, 0x00, 0x00, 0x00, 0x00, 0x00, 
0x00, 0xAA, 0xFF, 0xFF, 0xFF, 0x3B, 0x01, 0xF2, 0xFF, 0xFF, 0xE0, 0x00, 0x00, 0x00, 0x00, 0x00, 
0x00, 0x00, 0x00, 0x00, 0x00, 0x00, 0x00, 0x00, 0x6F, 0xFF, 0xFF, 0xFF, 0x85, 0x00, 0x97, 0xFF, 
0xFF, 0xFF, 0x4E, 0x00, 0x00, 0x00, 0x00, 0x00, 0x00, 0xDD, 0xFF, 0xFF, 0xFD, 0x0B, 0x00, 0xC4, 
0xFF, 0xFF, 0xFF, 0x14, 0x00, 0x00, 0x00, 0x00, 0x00, 0x00, 0x00, 0x00, 0x00, 0x00, 0x00, 0x1B, 
0xF2, 0xFF, 0xFF, 0xDF, 0x09, 0x00, 0xCA, 0xFF, 0xFF, 0xFF, 0x1B, 0x00, 0x00, 0x00, 0x00, 0x00, 
0x11, 0xFF, 0xFF, 0xFF, 0xD5, 0x00, 0x00, 0x93, 0xFF, 0xFF, 0xFF, 0x47, 0x00, 0x00, 0x00, 0x00, 
0x00, 0x00, 0x00, 0x00, 0x00, 0x00, 0x00, 0xAC, 0xFF, 0xFF, 0xFF, 0x4D, 0x00, 0x04, 0xF8, 0xFF, 
0xFF, 0xE8, 0x00, 0x00, 0x00, 0x00, 0x00, 0x00, 0x43, 0xFF, 0xFF, 0xFF, 0xA2, 0x00, 0x00, 0x63, 
0xFF, 0xFF, 0xFF, 0x7A, 0x00, 0x00, 0x00, 0x00, 0x00, 0x00, 0x00, 0x00, 0x00, 0x00, 0x49, 0xFF, 
0xFF, 0xFF, 0xB1, 0x00, 0x00, 0x30, 0xFF, 0xFF, 0xFF, 0xB5, 0x00, 0x00, 0x00, 0x00, 0x00, 0x00, 
0x76, 0xFF, 0xFF, 0xFF, 0x6F, 0x00, 0x00, 0x32, 0xFF, 0xFF, 0xFF, 0xAD, 0x00, 0x00, 0x00, 0x00, 
0x00, 0x00, 0x00, 0x00, 0x00, 0x09, 0xDE, 0xFF, 0xFF, 0xF5, 0x1F, 0x00, 0x00, 0x63, 0xFF, 0xFF, 
0xFF, 0x82, 0x00, 0x00, 0x00, 0x00, 0x00, 0x00, 0xA9, 0xFF, 0xFF, 0xFF, 0x3C, 0x00, 0x00, 0x06, 
0xFA, 0xFF, 0xFF, 0xE1, 0x00, 0x00, 0x00, 0x00, 0x00, 0x00, 0x00, 0x00, 0x00, 0x86, 0xFF, 0xFF, 
0xFF, 0x79, 0x00, 0x00, 0x00, 0x97, 0xFF, 0xFF, 0xFF, 0x4F, 0x00, 0x00, 0x00, 0x00, 0x00, 0x00, 
0xDC, 0xFF, 0xFF, 0xFD, 0x0B, 0x00, 0x00, 0x00, 0xD1, 0xFF, 0xFF, 0xFF, 0x14, 0x00, 0x00, 0x00, 
0x00, 0x00, 0x00, 0x00, 0x2A, 0xFA, 0xFF, 0xFF, 0xD7, 0x05, 0x00, 0x00, 0x00, 0xCA, 0xFF, 0xFF, 
0xFF, 0x1C, 0x00, 0x00, 0x00, 0x00, 0x00, 0x10, 0xFF, 0xFF, 0xFF, 0xD5, 0x00, 0x00, 0x00, 0x00, 
0xA0, 0xFF, 0xFF, 0xFF, 0x47, 0x00, 0x00, 0x00, 0x00, 0x00, 0x00, 0x00, 0xC1, 0xFF, 0xFF, 0xFF, 
0x41, 0x00, 0x00, 0x00, 0x04, 0xF8, 0xFF, 0xFF, 0xEA, 0x00, 0x00, 0x00, 0x00, 0x00, 0x00, 0x42, 
0xFF, 0xFF, 0xFF, 0xA2, 0x00, 0x00, 0x00, 0x00, 0x70, 0xFF, 0xFF, 0xFF, 0x7A, 0x00, 0x00, 0x00, 
0x00, 0x00, 0x00, 0x61, 0xFF, 0xFF, 0xFF, 0xA5, 0x00, 0x00, 0x00, 0x00, 0x30, 0xFF, 0xFF, 0xFF, 
0xB7, 0x00, 0x00, 0x00, 0x00, 0x00, 0x00, 0x75, 0xFF, 0xFF, 0xFF, 0x6F, 0x00, 0x00, 0x00, 0x00, 
0x3F, 0xFF, 0xFF, 0xFF, 0xAE, 0x00, 0x00, 0x00, 0x00, 0x00, 0x13, 0xEB, 0xFF, 0xFF, 0xF0, 0x18, 
0x00, 0x00, 0x00, 0x00, 0x63, 0xFF, 0xFF, 0xFF, 0x84, 0x00, 0x00, 0x00, 0x00, 0x00, 0x00, 0xA8, 
0xFF, 0xFF, 0xFF, 0x3C, 0x00, 0x00, 0x00, 0x00, 0x0F, 0xFF, 0xFF, 0xFF, 0xE1, 0x00, 0x00, 0x00, 
0x00, 0x00, 0x9D, 0xFF, 0xFF, 0xFF, 0x6C, 0x00, 0x00, 0x00, 0x00, 0x00, 0x97, 0xFF, 0xFF, 0xFF, 
0x51, 0x00, 0x00, 0x00, 0x00, 0x00, 0x00, 0xDB, 0xFF, 0xFF, 0xFD, 0x0C, 0x00, 0x00, 0x00, 0x00, 
0x00, 0xDE, 0xFF, 0xFF, 0xFF, 0x14, 0x00, 0x00, 0x00, 0x3C, 0xFE, 0xFF, 0xFF, 0xCD, 0x02, 0x00, 
0x00, 0x00, 0x00, 0x00, 0xCA, 0xFF, 0xFF, 0xFF, 0x1E, 0x00, 0x00, 0x00, 0x00, 0x00, 0x10, 0xFE, 
0xFF, 0xFF, 0xD6, 0x00, 0x00, 0x00, 0x00, 0x00, 0x00, 0xAE, 0xFF, 0xFF, 0xFF, 0x48, 0x00, 0x00, 
0x05, 0xD4, 0xFF, 0xFF, 0xFD, 0x36, 0x00, 0x00, 0x00, 0x00, 0x00, 0x04, 0xF8, 0xFF, 0xFF, 0xEB, 
0x00, 0x00, 0x00, 0x00, 0x00, 0x00, 0x42, 0xFF, 0xFF, 0xFF, 0xA2, 0x00, 0x00, 0x00, 0x00, 0x00, 
0x00, 0x7D, 0xFF, 0xFF, 0xFF, 0x7B, 0x00, 0x00, 0x78, 0xFF, 0xFF, 0xFF, 0x98, 0x00, 0x00, 0x00, 
0x00, 0x00, 0x00, 0x30, 0xFF, 0xFF, 0xFF, 0xB8, 0x00, 0x00, 0x00, 0x00, 0x00, 0x00, 0x75, 0xFF, 
0xFF, 0xFF, 0x6F, 0x00, 0x00, 0x00, 0x00, 0x00, 0x00, 0x4D, 0xFF, 0xFF, 0xFF, 0xAE, 0x00, 0x20, 
0xF5, 0xFF, 0xFF, 0xEA, 0x11, 0x00, 0x00, 0x00, 0x00, 0x00, 0x00, 0x63, 0xFF, 0xFF, 0xFF, 0x85, 
0x00, 0x00, 0x00, 0x00, 0x00, 0x00, 0xA8, 0xFF, 0xFF, 0xFF, 0x3C, 0x00, 0x00, 0x00, 0x00, 0x00, 
0x00, 0x1C, 0xFF, 0xFF, 0xFF, 0xE1, 0x00, 0xB3, 0xFF, 0xFF, 0xFF, 0x60, 0x00, 0x00, 0x00, 0x00, 
0x00, 0x00, 0x00, 0x97, 0xFF, 0xFF, 0xFF, 0x52, 0x00, 0x00, 0x00, 0x00, 0x00, 0x00, 0xDB, 0xFF, 
0xFF, 0xFD, 0x0C, 0x00, 0x00, 0x00, 0x00, 0x00, 0x00, 0x00, 0xEB, 0xFF, 0xFF, 0xFF, 0x68, 0xFF, 
0xFF, 0xFF, 0xC3, 0x01, 0x00, 0x00, 0x00, 0x00, 0x00, 0x00, 0x00, 0xCA, 0xFF, 0xFF, 0xFF, 0x20, 
0x00, 0x00, 0x00, 0x00, 0x00, 0x0F, 0xFE, 0xFF, 0xFF, 0xD6, 0x00, 0x00, 0x00, 0x00, 0x00, 0x00, 
0x00, 0x00, 0xBB, 0xFF, 0xFF, 0xFF, 0xFC, 0xFF, 0xFF, 0xFB, 0x2C, 0x00, 0x00, 0x00, 0x00, 0x00, 
0x00, 0x00, 0x04, 0xF8, 0xFF, 0xFF, 0xED, 0x00, 0x00, 0x00, 0x00, 0x00, 0x00, 0x41, 0xFF, 0xFF, 
0xFF, 0xA3, 0x00, 0x00, 0x00, 0x00, 0x00, 0x00, 0x00, 0x00, 0x8A, 0xFF, 0xFF, 0xFF, 0xFF, 0xFF, 
0xFF, 0x8C, 0x00, 0x00, 0x00, 0x00, 0x00, 0x00, 0x00, 0x00, 0x30, 0xFF, 0xFF, 0xFF, 0xBA, 0x00, 
0x00, 0x00, 0x00, 0x00, 0x00, 0x74, 0xFF, 0xFF, 0xFF, 0x70, 0x00, 0x00, 0x00, 0x00, 0x00, 0x00, 
0x00, 0x00, 0x5A, 0xFF, 0xFF, 0xFF, 0xFF, 0xFF, 0xE3, 0x0C, 0x00, 0x00, 0x00, 0x00, 0x00, 0x00, 
0x00, 0x00, 0x63, 0xFF, 0xFF, 0xFF, 0x87, 0x00, 0x00, 0x00, 0x00, 0x00, 0x00, 0xA7, 0xFF, 0xFF, 
0xFF, 0x3D, 0x00, 0x00, 0x00, 0x00, 0x00, 0x00, 0x00, 0x00, 0x29, 0xFF, 0xFF, 0xFF, 0xFF, 0xFF, 
0x54, 0x00, 0x00, 0x00, 0x00, 0x00, 0x00, 0x00, 0x00, 0x00, 0x97, 0xFF, 0xFF, 0xFF, 0x54, 0x00, 
0x00, 0x00, 0x00, 0x00, 0x00, 0xDA, 0xFF, 0xFF, 0xFD, 0x0C, 0x00, 0x00, 0x00, 0x00, 0x00, 0x00, 
0x00, 0x00, 0x02, 0xF5, 0xFF, 0xFF, 0xFF, 0xB8, 0x00, 0x00, 0x00, 0x00, 0x00, 0x00, 0x00, 0x00, 
0x00, 0x00, 0xCA, 0xFF, 0xFF, 0xFF, 0x21, 0x00, 0x00, 0x00, 0x00, 0x00, 0x02, 0xF3, 0xFF, 0xFF, 
0xBD, 0x00, 0x00, 0x00, 0x00, 0x00, 0x00, 0x00, 0x00, 0x00, 0x00, 0xB7, 0xFF, 0xFF, 0xE7, 0x23, 
0x00, 0x00, 0x00, 0x00, 0x00, 0x00, 0x00, 0x00, 0x00, 0x00, 0xE5, 0xFF, 0xFF, 0xD4, 0x00, 0x00, 
0x00, 0x00, 0x00, 0x00, 0x00, 0x09, 0x20, 0x18, 0x00, 0x00, 0x00, 0x00, 0x00, 0x00, 0x00, 0x00, 
0x00, 0x00, 0x00, 0x01, 0x1C, 0x1D, 0x03, 0x00, 0x00, 0x00, 0x00, 0x00, 0x00, 0x00, 0x00, 0x00, 
0x00, 0x00, 0x07, 0x1F, 0x1B, 0x01, 0x00, 0x00, 0x00, 0x00, 0x00, 0x00, 0x00, 0x00, 0x00, 0x00, 
0x00, 0x00, 0x00, 0x47, 0x70, 0x6E, 0x34, 0x00, 0x00, 0x00, 0x00, 0x00, 0x00, 0x00, 0x00, 0x00, 
0x00, 0x00, 0x00, 0x00, 0x06, 0x55, 0x72, 0x6A, 0x24, 0x00, 0x00, 0x00, 0x00, 0x00, 0x00, 0x42, 
0xFF, 0xFF, 0xFF, 0xC0, 0x00, 0x00, 0x00, 0x00, 0x00, 0x00, 0x00, 0x00, 0x00, 0x00, 0x00, 0x00, 
0x00, 0x6A, 0xFF, 0xFF, 0xFF, 0x90, 0x00, 0x00, 0x00, 0x00, 0x00, 0x00, 0x78, 0xFF, 0xFF, 0xFF, 
0x90, 0x00, 0x00, 0x00, 0x00, 0x00, 0x00, 0x00, 0x00, 0x00, 0x00, 0x00, 0x00, 0x00, 0xA0, 0xFF, 
0xFF, 0xFF, 0x5F, 0x00, 0x00, 0x00, 0x00, 0x00, 0x00, 0xAB, 0xFF, 0xFF, 0xFF, 0x5D, 0x00, 0x00, 
0x00, 0x00, 0x00, 0x00, 0x00, 0x00, 0x00, 0x00, 0x00, 0x00, 0x00, 0xD3, 0xFF, 0xFF, 0xFF, 0x2C, 
0x00, 0x00, 0x00, 0x00, 0x00, 0x00, 0xDE, 0xFF, 0xFF, 0xFF, 0x2B, 0x00, 0x00, 0x00, 0x00, 0x00, 
0x00, 0x00, 0x00, 0x00, 0x00, 0x00, 0x00, 0x0A, 0xFC, 0xFF, 0xFF, 0xF6, 0x03, 0x00, 0x00, 0x00, 
0x00, 0x00, 0x11, 0xFF, 0xFF, 0xFF, 0xF5, 0x03, 0x00, 0x00, 0x00, 0x00, 0x00, 0x00, 0x00, 0x00, 
0x00, 0x00, 0x00, 0x00, 0x3A, 0xFF, 0xFF, 0xFF, 0xC6, 0x00, 0x00, 0x00, 0x00, 0x00, 0x00, 0x44, 
0xFF, 0xFF, 0xFF, 0xC5, 0x00, 0x00, 0x00, 0x00, 0x00, 0x00, 0x00, 0x00, 0x00, 0x00, 0x00, 0x00, 
0x00, 0x6D, 0xFF, 0xFF, 0xFF, 0x93, 0x00, 0x00, 0x00, 0x00, 0x00, 0x00, 0x77, 0xFF, 0xFF, 0xFF, 
0x93, 0x00, 0x00, 0x00, 0x00, 0x00, 0x00, 0x00, 0x00, 0x00, 0x00, 0x00, 0x00, 0x00, 0xA1, 0xFF, 
0xFF, 0xFF, 0x60, 0x00, 0x00, 0x00, 0x00, 0x00, 0x00, 0xAA, 0xFF, 0xFF, 0xFF, 0x60, 0x00, 0x00, 
0x00, 0x00, 0x00, 0x00, 0x00, 0x00, 0x00, 0x00, 0x00, 0x00, 0x00, 0xD4, 0xFF, 0xFF, 0xFF, 0x2D, 
0x00, 0x00, 0x00, 0x00, 0x00, 0x00, 0xDD, 0xFF, 0xFF, 0xFF, 0x2E, 0x00, 0x00, 0x00, 0x00, 0x00, 
0x00, 0x00, 0x00, 0x00, 0x00, 0x00, 0x00, 0x0A, 0xFC, 0xFF, 0xFF, 0xF6, 0x04, 0x00, 0x00, 0x00, 
0x00, 0x00, 0x11, 0xFF, 0xFF, 0xFF, 0xF7, 0x04, 0x00, 0x00, 0x00, 0x00, 0x00, 0x00, 0x00, 0x00, 
0x00, 0x00, 0x00, 0x00, 0x3A, 0xFF, 0xFF, 0xFF, 0xC7, 0x00, 0x00, 0x00, 0x00, 0x00, 0x00, 0x43, 
0xFF, 0xFF, 0xFF, 0xC8, 0x00, 0x00, 0x00, 0x00, 0x00, 0x00, 0x00, 0x00, 0x00, 0x00, 0x00, 0x00, 
0x00, 0x6E, 0xFF, 0xFF, 0xFF, 0x94, 0x00, 0x00, 0x00, 0x00, 0x00, 0x00, 0x76, 0xFF, 0xFF, 0xFF, 
0x96, 0x00, 0x00, 0x00, 0x00, 0x00, 0x00, 0x00, 0x00, 0x00, 0x00, 0x00, 0x00, 0x00, 0xA1, 0xFF, 
0xFF, 0xFF, 0x61, 0x00, 0x00, 0x00, 0x00, 0x00, 0x00, 0xA9, 0xFF, 0xFF, 0xFF, 0xC4, 0x94, 0x94, 
0x94, 0x94, 0x94, 0x94, 0x94, 0x94, 0x94, 0x94, 0x94, 0x94, 0x94, 0xE7, 0xFF, 0xFF, 0xFF, 0x2E, 
0x00, 0x00, 0x00, 0x00, 0x00, 0x00, 0xDC, 0xFF, 0xFF, 0xFF, 0xFF, 0xFF, 0xFF, 0xFF, 0xFF, 0xFF, 
0xFF, 0xFF, 0xFF, 0xFF, 0xFF, 0xFF, 0xFF, 0xFF, 0xFF, 0xFF, 0xFF, 0xF7, 0x04, 0x00, 0x00, 0x00, 
0x00, 0x00, 0x10, 0xFE, 0xFF, 0xFF, 0xFF, 0xFF, 0xFF, 0xFF, 0xFF, 0xFF, 0xFF, 0xFF, 0xFF, 0xFF, 
0xFF, 0xFF, 0xFF, 0xFF, 0xFF, 0xFF, 0xFF, 0xFF, 0xC8, 0x00, 0x00, 0x00, 0x00, 0x00, 0x00, 0x42, 
0xFF, 0xFF, 0xFF, 0xFA, 0xF0, 0xF0, 0xF0, 0xF0, 0xF0, 0xF0, 0xF0, 0xF0, 0xF0, 0xF0, 0xF0, 0xF0, 
0xF0, 0xF8, 0xFF, 0xFF, 0xFF, 0x95, 0x00, 0x00, 0x00, 0x00, 0x00, 0x00, 0x75, 0xFF, 0xFF, 0xFF, 
0x8F, 0x00, 0x00, 0x00, 0x00, 0x00, 0x00, 0x00, 0x00, 0x00, 0x00, 0x00, 0x00, 0x00, 0xA1, 0xFF, 
0xFF, 0xFF, 0x62, 0x00, 0x00, 0x00, 0x00, 0x00, 0x00, 0xA8, 0xFF, 0xFF, 0xFF, 0x5C, 0x00, 0x00, 
0x00, 0x00, 0x00, 0x00, 0x00, 0x00, 0x00, 0x00, 0x00, 0x00, 0x00, 0xD3, 0xFF, 0xFF, 0xFF, 0x2F, 
0x00, 0x00, 0x00, 0x00, 0x00, 0x00, 0xDB, 0xFF, 0xFF, 0xFF, 0x29, 0x00, 0x00, 0x00, 0x00, 0x00, 
0x00, 0x00, 0x00, 0x00, 0x00, 0x00, 0x00, 0x09, 0xFC, 0xFF, 0xFF, 0xF7, 0x04, 0x00, 0x00, 0x00, 
0x00, 0x00, 0x10, 0xFE, 0xFF, 0xFF, 0xF4, 0x02, 0x00, 0x00, 0x00, 0x00, 0x00, 0x00, 0x00, 0x00, 
0x00, 0x00, 0x00, 0x00, 0x39, 0xFF, 0xFF, 0xFF, 0xC9, 0x00, 0x00, 0x00, 0x00, 0x00, 0x00, 0x42, 
0xFF, 0xFF, 0xFF, 0xC3, 0x00, 0x00, 0x00, 0x00, 0x00, 0x00, 0x00, 0x00, 0x00, 0x00, 0x00, 0x00, 
0x00, 0x6C, 0xFF, 0xFF, 0xFF, 0x95, 0x00, 0x00, 0x00, 0x00, 0x00, 0x00, 0x75, 0xFF, 0xFF, 0xFF, 
0x91, 0x00, 0x00, 0x00, 0x00, 0x00, 0x00, 0x00, 0x00, 0x00, 0x00, 0x00, 0x00, 0x00, 0x9F, 0xFF, 
0xFF, 0xFF, 0x62, 0x00, 0x00, 0x00, 0x00, 0x00, 0x00, 0xA8, 0xFF, 0xFF, 0xFF, 0x5E, 0x00, 0x00, 
0x00, 0x00, 0x00, 0x00, 0x00, 0x00, 0x00, 0x00, 0x00, 0x00, 0x00, 0xD1, 0xFF, 0xFF, 0xFF, 0x2F, 
0x00, 0x00, 0x00, 0x00, 0x00, 0x00, 0xDB, 0xFF, 0xFF, 0xFF, 0x2B, 0x00, 0x00, 0x00, 0x00, 0x00, 
0x00, 0x00, 0x00, 0x00, 0x00, 0x00, 0x00, 0x08, 0xFB, 0xFF, 0xFF, 0xF8, 0x04, 0x00, 0x00, 0x00, 
0x00, 0x00, 0x0F, 0xFE, 0xFF, 0xFF, 0xF5, 0x03, 0x00, 0x00, 0x00, 0x00, 0x00, 0x00, 0x00, 0x00, 
0x00, 0x00, 0x00, 0x00, 0x37, 0xFF, 0xFF, 0xFF, 0xC9, 0x00, 0x00, 0x00, 0x00, 0x00, 0x00, 0x41, 
0xFF, 0xFF, 0xFF, 0xC5, 0x00, 0x00, 0x00, 0x00, 0x00, 0x00, 0x00, 0x00, 0x00, 0x00, 0x00, 0x00, 
0x00, 0x6A, 0xFF, 0xFF, 0xFF, 0x96, 0x00, 0x00, 0x00, 0x00, 0x00, 0x00, 0x74, 0xFF, 0xFF, 0xFF, 
0x93, 0x00, 0x00, 0x00, 0x00, 0x00, 0x00, 0x00, 0x00, 0x00, 0x00, 0x00, 0x00, 0x00, 0x9D, 0xFF, 
0xFF, 0xFF, 0x63, 0x00, 0x00, 0x00, 0x00, 0x00, 0x00, 0xA7, 0xFF, 0xFF, 0xFF, 0x60, 0x00, 0x00, 
0x00, 0x00, 0x00, 0x00, 0x00, 0x00, 0x00, 0x00, 0x00, 0x00, 0x00, 0xCF, 0xFF, 0xFF, 0xFF, 0x30, 
0x00, 0x00, 0x00, 0x00, 0x00, 0x00, 0xDA, 0xFF, 0xFF, 0xFF, 0x2D, 0x00, 0x00, 0x00, 0x00, 0x00, 
0x00, 0x00, 0x00, 0x00, 0x00, 0x00, 0x00, 0x07, 0xFA, 0xFF, 0xFF, 0xF8, 0x05, 0x00, 0x00, 0x00, 
0x00, 0x00, 0x02, 0xF2, 0xFF, 0xFF, 0xDB, 0x04, 0x00, 0x00, 0x00, 0x00, 0x00, 0x00, 0x00, 0x00, 
0x00, 0x00, 0x00, 0x00, 0x23, 0xFC, 0xFF, 0xFF, 0xAF, 0x00, 0x00, 0x00, 0x00, 0x00, 0x00, 0x00, 
0x08, 0x1F, 0x1B, 0x01, 0x00, 0x00, 0x00, 0x00, 0x00, 0x00, 0x00, 0x00, 0x00, 0x00, 0x00, 0x00, 
0x00, 0x00, 0x0C, 0x20, 0x16, 0x00, 0x00, 0x00, 0x00, 0x00, 0x00, 0x00, 0x00, 0x00, 0x00, 0x00, 
0x00, 0x00, 0x00, 0x00, 0x00, 0x00, 0x00, 0x00, 0x04, 0x3A, 0x7C, 0x9A, 0xAE, 0xC1, 0xB9, 0xA7, 
0x86, 0x49, 0x0C, 0x00, 0x00, 0x00, 0x00, 0x00, 0x00, 0x00, 0x00, 0x00, 0x00, 0x00, 0x00, 0x00, 
0x00, 0x00, 0x00, 0x22, 0x99, 0xF0, 0xFF, 0xFF, 0xFF, 0xFF, 0xFF, 0xFF, 0xFF, 0xFF, 0xFF, 0xF2, 
0x8D, 0x16, 0x00, 0x00, 0x00, 0x00, 0x00, 0x00, 0x00, 0x00, 0x00, 0x00, 0x00, 0x00, 0x0C, 0x9A, 
0xFC, 0xFF, 0xFF, 0xFF, 0xFF, 0xFF, 0xFF, 0xFF, 0xFF, 0xFF, 0xFF, 0xFF, 0xFF, 0xFF, 0xE6, 0x3C, 
0x00, 0x00, 0x00, 0x00, 0x00, 0x00, 0x00, 0x00, 0x00, 0x00, 0x32, 0xDB, 0xFF, 0xFF, 0xFF, 0xFF, 
0xFF, 0xF6, 0xD4, 0xBB, 0xB4, 0xC8, 0xF5, 0xFF, 0xFF, 0xFF, 0xFF, 0xFF, 0xF6, 0x2E, 0x00, 0x00, 
0x00, 0x00, 0x00, 0x00, 0x00, 0x00, 0x3A, 0xF3, 0xFF, 0xFF, 0xFF, 0xFF, 0xC2, 0x57, 0x0A, 0x00, 
0x00, 0x00, 0x00, 0x06, 0x50, 0xD4, 0xFF, 0xFF, 0xFF, 0xFF, 0xDB, 0x05, 0x00, 0x00, 0x00, 0x00, 
0x00, 0x00, 0x32, 0xF2, 0xFF, 0xFF, 0xFF, 0xF1, 0x5C, 0x00, 0x00, 0x00, 0x00, 0x00, 0x00, 0x00, 
0x00, 0x00, 0x09, 0xB7, 0xFF, 0xFF, 0xFF, 0xFF, 0x5F, 0x00, 0x00, 0x00, 0x00, 0x00, 0x0C, 0xDB, 
0xFF, 0xFF, 0xFF, 0xE6, 0x2F, 0x00, 0x00, 0x00, 0x00, 0x00, 0x00, 0x00, 0x00, 0x00, 0x00, 0x00, 
0x11, 0xE8, 0xFF, 0xFF, 0xFF, 0xC7, 0x00, 0x00, 0x00, 0x00, 0x00, 0x9C, 0xFF, 0xFF, 0xFF, 0xF6, 
0x30, 0x00, 0x00, 0x00, 0x00, 0x00, 0x00, 0x00, 0x00, 0x00, 0x00, 0x00, 0x00, 0x00, 0x80, 0xFF, 
0xFF, 0xFF, 0xFB, 0x0B, 0x00, 0x00, 0x00, 0x31, 0xFE, 0xFF, 0xFF, 0xFF, 0x64, 0x00, 0x00, 0x00, 
0x00, 0x00, 0x00, 0x00, 0x00, 0x00, 0x00, 0x00, 0x00, 0x00, 0x00, 0x31, 0xFF, 0xFF, 0xFF, 0xFF, 
0x3D, 0x00, 0x00, 0x00, 0xB9, 0xFF, 0xFF, 0xFF, 0xCA, 0x01, 0x00, 0x00, 0x00, 0x00, 0x00, 0x00, 
0x00, 0x00, 0x00, 0x00, 0x00, 0x00, 0x00, 0x00, 0x05, 0xFC, 0xFF, 0xFF, 0xFF, 0x53, 0x00, 0x00, 
0x2D, 0xFF, 0xFF, 0xFF, 0xFF, 0x45, 0x00, 0x00, 0x00, 0x00, 0x00, 0x00, 0x00, 0x00, 0x00, 0x00, 
0x00, 0x00, 0x00, 0x00, 0x00, 0x00, 0xEE, 0xFF, 0xFF, 0xFF, 0x65, 0x00, 0x00, 0x97, 0xFF, 0xFF, 
0xFF, 0xD6, 0x00, 0x00, 0x00, 0x00, 0x00, 0x00, 0x00, 0x00, 0x00, 0x00, 0x00, 0x00, 0x00, 0x00, 
0x00, 0x00, 0x00, 0xE8, 0xFF, 0xFF, 0xFF, 0x64, 0x00, 0x04, 0xEE, 0xFF, 0xFF, 0xFF, 0x75, 0x00, 
0x00, 0x00, 0x00, 0x00, 0x00, 0x00, 0x00, 0x00, 0x00, 0x00, 0x00, 0x00, 0x00, 0x00, 0x00, 0x00, 
0xF3, 0xFF, 0xFF, 0xFF, 0x59, 0x00, 0x40, 0xFF, 0xFF, 0xFF, 0xFF, 0x21, 0x00, 0x00, 0x00, 0x00, 
0x00, 0x00, 0x00, 0x00, 0x00, 0x00, 0x00, 0x00, 0x00, 0x00, 0x00, 0x00, 0x0A, 0xFF, 0xFF, 0xFF, 
0xFF, 0x40, 0x00, 0x88, 0xFF, 0xFF, 0xFF, 0xD8, 0x00, 0x00, 0x00, 0x00, 0x00, 0x00, 0x00, 0x00, 
0x00, 0x00, 0x00, 0x00, 0x00, 0x00, 0x00, 0x00, 0x00, 0x28, 0xFF, 0xFF, 0xFF, 0xFF, 0x22, 0x00, 
0xBF, 0xFF, 0xFF, 0xFF, 0x9A, 0x00, 0x00, 0x00, 0x00, 0x00, 0x00, 0x00, 0x00, 0x00, 0x00, 0x00, 
0x00, 0x00, 0x00, 0x00, 0x00, 0x00, 0x53, 0xFF, 0xFF, 0xFF, 0xF5, 0x02, 0x00, 0xF0, 0xFF, 0xFF, 
0xFF, 0x69, 0x00, 0x00, 0x00, 0x00, 0x00, 0x00, 0x00, 0x00, 0x00, 0x00, 0x00, 0x00, 0x00, 0x00, 
0x00, 0x00, 0x00, 0x8A, 0xFF, 0xFF, 0xFF, 0xC5, 0x00, 0x14, 0xFF, 0xFF, 0xFF, 0xFF, 0x40, 0x00, 
0x00, 0x00, 0x00, 0x00, 0x00, 0x00, 0x00, 0x00, 0x00, 0x00, 0x00, 0x00, 0x00, 0x00, 0x00, 0x00, 
0xCA, 0xFF, 0xFF, 0xFF, 0x89, 0x00, 0x31, 0xFF, 0xFF, 0xFF, 0xFF, 0x24, 0x00, 0x00, 0x00, 0x00, 
0x00, 0x00, 0x00, 0x00, 0x00, 0x00, 0x00, 0x00, 0x00, 0x00, 0x00, 0x00, 0x1A, 0xFE, 0xFF, 0xFF, 
0xFF, 0x3E, 0x00, 0x44, 0xFF, 0xFF, 0xFF, 0xFF, 0x0F, 0x00, 0x00, 0x00, 0x00, 0x00, 0x00, 0x00, 
0x00, 0x00, 0x00, 0x00, 0x00, 0x00, 0x00, 0x00, 0x00, 0x70, 0xFF, 0xFF, 0xFF, 0xEA, 0x04, 0x00, 
0x4F, 0xFF, 0xFF, 0xFF, 0xFF, 0x06, 0x00, 0x00, 0x00, 0x00, 0x00, 0x00, 0x00, 0x00, 0x00, 0x00, 
0x00, 0x00, 0x00, 0x00, 0x00, 0x01, 0xD8, 0xFF, 0xFF, 0xFF, 0x8B, 0x00, 0x00, 0x4B, 0xFF, 0xFF, 
0xFF, 0xFF, 0x10, 0x00, 0x00, 0x00, 0x00, 0x00, 0x00, 0x00, 0x00, 0x00, 0x00, 0x00, 0x00, 0x00, 
0x00, 0x00, 0x4E, 0xFF, 0xFF, 0xFF, 0xFD, 0x26, 0x00, 0x00, 0x3A, 0xFF, 0xFF, 0xFF, 0xFF, 0x29, 
0x00, 0x00, 0x00, 0x00, 0x00, 0x00, 0x00, 0x00, 0x00, 0x00, 0x00, 0x00, 0x00, 0x00, 0x05, 0xD9, 
0xFF, 0xFF, 0xFF, 0xA5, 0x00, 0x00, 0x00, 0x20, 0xFF, 0xFF, 0xFF, 0xFF, 0x5D, 0x00, 0x00, 0x00, 
0x00, 0x00, 0x00, 0x00, 0x00, 0x00, 0x00, 0x00, 0x00, 0x00, 0x00, 0x85, 0xFF, 0xFF, 0xFF, 0xFB, 
0x24, 0x00, 0x00, 0x00, 0x00, 0xE6, 0xFF, 0xFF, 0xFF, 0xB6, 0x00, 0x00, 0x00, 0x00, 0x00, 0x00, 
0x00, 0x00, 0x00, 0x00, 0x00, 0x00, 0x00, 0x54, 0xFE, 0xFF, 0xFF, 0xFF, 0x7E, 0x00, 0x00, 0x00, 
0x00, 0x00, 0xA1, 0xFF, 0xFF, 0xFF, 0xFF, 0x48, 0x00, 0x00, 0x00, 0x00, 0x00, 0x00, 0x00, 0x00, 
0x00, 0x00, 0x00, 0x60, 0xFB, 0xFF, 0xFF, 0xFF, 0xC8, 0x03, 0x00, 0x00, 0x00, 0x00, 0x00, 0x30, 
0xFF, 0xFF, 0xFF, 0xFF, 0xF2, 0x4A, 0x00, 0x00, 0x00, 0x00, 0x00, 0x00, 0x00, 0x00, 0x17, 0xA2, 
0xFF, 0xFF, 0xFF, 0xFF, 0xDA, 0x18, 0x00, 0x00, 0x00, 0x00, 0x00, 0x00, 0x00, 0xA1, 0xFF, 0xFF, 
0xFF, 0xFF, 0xFF, 0xB9, 0x62, 0x2B, 0x16, 0x16, 0x2F, 0x55, 0xA6, 0xF4, 0xFF, 0xFF, 0xFF, 0xFF, 
0xDB, 0x1D, 0x00, 0x00, 0x00, 0x00, 0x00, 0x00, 0x00, 0x00, 0x0A, 0xCC, 0xFF, 0xFF, 0xFF, 0xFF, 
0xFF, 0xFF, 0xFF, 0xFF, 0xFF, 0xFF, 0xFF, 0xFF, 0xFF, 0xFF, 0xFF, 0xFF, 0xA9, 0x0E, 0x00, 0x00, 
0x00, 0x00, 0x00, 0x00, 0x00, 0x00, 0x00, 0x00, 0x0B, 0xA3, 0xFF, 0xFF, 0xFF, 0xFF, 0xFF, 0xFF, 
0xFF, 0xFF, 0xFF, 0xFF, 0xFF, 0xFF, 0xFF, 0xD5, 0x55, 0x00, 0x00, 0x00, 0x00, 0x00, 0x00, 0x00, 
0x00, 0x00, 0x00, 0x00, 0x00, 0x00, 0x00, 0x37, 0xA9, 0xF1, 0xFF, 0xFF, 0xFF, 0xFF, 0xFF, 0xFF, 
0xFF, 0xF7, 0xB5, 0x55, 0x02, 0x00, 0x00, 0x00, 0x00, 0x00, 0x00, 0x00, 0x00, 0x00, 0x00, 0x00, 
0x00, 0x00, 0x00, 0x00, 0x00, 0x00, 0x02, 0x2F, 0x53, 0x64, 0x71, 0x6A, 0x55, 0x32, 0x05, 0x00, 
0x00, 0x00, 0x00, 0x00, 0x00, 0x00, 0x00, 0x00, 0x00, 0x00, 0x00, 0x00, 0x00, 0x00, 0x00, 0x00, 
0x00, 0x00, 0x00, 0x1A, 0x51, 0x54, 0x54, 0x54, 0x54, 0x54, 0x54, 0x54, 0x54, 0x54, 0x54, 0x54, 
0x54, 0x54, 0x54, 0x54, 0x54, 0x54, 0x54, 0x45, 0x01, 0x00, 0x00, 0x00, 0x00, 0x00, 0x00, 0x1F, 
0xF2, 0xFF, 0xFF, 0xFF, 0xFF, 0xFF, 0xFF, 0xFF, 0xFF, 0xFF, 0xFF, 0xFF, 0xFF, 0xFF, 0xFF, 0xFF, 
0xFF, 0xFF, 0xFF, 0xFF, 0xFF, 0x54, 0x00, 0x00, 0x00, 0x00, 0x00, 0x00, 0x74, 0xFF, 0xFF, 0xFF, 
0xFF, 0xFF, 0xFF, 0xFF, 0xFF, 0xFF, 0xFF, 0xFF, 0xFF, 0xFF, 0xFF, 0xFF, 0xFF, 0xFF, 0xFF, 0xFF, 
0xFF, 0xFF, 0x4C, 0x00, 0x00, 0x00, 0x00, 0x00, 0x00, 0xA9, 0xFF, 0xFF, 0xFF, 0xFF, 0xFF, 0xFF, 
0xFF, 0xFF, 0xFF, 0xFF, 0xFF, 0xFF, 0xFF, 0xFF, 0xFF, 0xFF, 0xFF, 0xFF, 0xFF, 0xFF, 0xFF, 0x1A, 
0x00, 0x00, 0x00, 0x00, 0x00, 0x00, 0xDC, 0xFF, 0xFF, 0xFF, 0x48, 0x28, 0x28, 0x28, 0x28, 0x28, 
0x28, 0x28, 0x28, 0x28, 0x28, 0x28, 0x28, 0x41, 0xFF, 0xFF, 0xFF, 0xE7, 0x00, 0x00, 0x00, 0x00, 
0x00, 0x00, 0x10, 0xFE, 0xFF, 0xFF, 0xF4, 0x02, 0x00, 0x00, 0x00, 0x00, 0x00, 0x00, 0x00, 0x00, 
0x00, 0x00, 0x00, 0x00, 0x4D, 0xFF, 0xFF, 0xFF, 0xB4, 0x00, 0x00, 0x00, 0x00, 0x00, 0x00, 0x42, 
0xFF, 0xFF, 0xFF, 0xC3, 0x00, 0x00, 0x00, 0x00, 0x00, 0x00, 0x00, 0x00, 0x00, 0x00, 0x00, 0x00, 
0x00, 0x80, 0xFF, 0xFF, 0xFF, 0x82, 0x00, 0x00, 0x00, 0x00, 0x00, 0x00, 0x75, 0xFF, 0xFF, 0xFF, 
0x90, 0x00, 0x00, 0x00, 0x00, 0x00, 0x00, 0x00, 0x00, 0x00, 0x00, 0x00, 0x00, 0x00, 0xB3, 0xFF, 
0xFF, 0xFF, 0x4F, 0x00, 0x00, 0x00, 0x00, 0x00, 0x00, 0xA8, 0xFF, 0xFF, 0xFF, 0x5D, 0x00, 0x00, 
0x00, 0x00, 0x00, 0x00, 0x00, 0x00, 0x00, 0x00, 0x00, 0x00, 0x00, 0xE6, 0xFF, 0xFF, 0xFF, 0x1C, 
0x00, 0x00, 0x00, 0x00, 0x00, 0x00, 0xDB, 0xFF, 0xFF, 0xFF, 0x2A, 0x00, 0x00, 0x00, 0x00, 0x00, 
0x00, 0x00, 0x00, 0x00, 0x00, 0x00, 0x00, 0x19, 0xFF, 0xFF, 0xFF, 0xE9, 0x00, 0x00, 0x00, 0x00, 
0x00, 0x00, 0x10, 0xFE, 0xFF, 0xFF, 0xF4, 0x02, 0x00, 0x00, 0x00, 0x00, 0x00, 0x00, 0x00, 0x00, 
0x00, 0x00, 0x00, 0x00, 0x4D, 0xFF, 0xFF, 0xFF, 0xB6, 0x00, 0x00, 0x00, 0x00, 0x00, 0x00, 0x42, 
0xFF, 0xFF, 0xFF, 0xC4, 0x00, 0x00, 0x00, 0x00, 0x00, 0x00, 0x00, 0x00, 0x00, 0x00, 0x00, 0x00, 
0x00, 0x80, 0xFF, 0xFF, 0xFF, 0x83, 0x00, 0x00, 0x00, 0x00, 0x00, 0x00, 0x75, 0xFF, 0xFF, 0xFF, 
0x91, 0x00, 0x00, 0x00, 0x00, 0x00, 0x00, 0x00, 0x00, 0x00, 0x00, 0x00, 0x00, 0x00, 0xB3, 0xFF, 
0xFF, 0xFF, 0x50, 0x00, 0x00, 0x00, 0x00, 0x00, 0x00, 0xA8, 0xFF, 0xFF, 0xFF, 0x5E, 0x00, 0x00, 
0x00, 0x00, 0x00, 0x00, 0x00, 0x00, 0x00, 0x00, 0x00, 0x00, 0x00, 0xE6, 0xFF, 0xFF, 0xFF, 0x1D, 
0x00, 0x00, 0x00, 0x00, 0x00, 0x00, 0xDB, 0xFF, 0xFF, 0xFF, 0x2B, 0x00, 0x00, 0x00, 0x00, 0x00, 
0x00, 0x00, 0x00, 0x00, 0x00, 0x00, 0x00, 0x19, 0xFF, 0xFF, 0xFF, 0xEA, 0x00, 0x00, 0x00, 0x00, 
0x00, 0x00, 0x0F, 0xFE, 0xFF, 0xFF, 0xF5, 0x03, 0x00, 0x00, 0x00, 0x00, 0x00, 0x00, 0x00, 0x00, 
0x00, 0x00, 0x00, 0x00, 0x4D, 0xFF, 0xFF, 0xFF, 0xB7, 0x00, 0x00, 0x00, 0x00, 0x00, 0x00, 0x41, 
0xFF, 0xFF, 0xFF, 0xC5, 0x00, 0x00, 0x00, 0x00, 0x00, 0x00, 0x00, 0x00, 0x00, 0x00, 0x00, 0x00, 
0x00, 0x80, 0xFF, 0xFF, 0xFF, 0x84, 0x00, 0x00, 0x00, 0x00, 0x00, 0x00, 0x74, 0xFF, 0xFF, 0xFF, 
0x92, 0x00, 0x00, 0x00, 0x00, 0x00, 0x00, 0x00, 0x00, 0x00, 0x00, 0x00, 0x00, 0x00, 0xB3, 0xFF, 
0xFF, 0xFF, 0x51, 0x00, 0x00, 0x00, 0x00, 0x00, 0x00, 0xA7, 0xFF, 0xFF, 0xFF, 0x5F, 0x00, 0x00, 
0x00, 0x00, 0x00, 0x00, 0x00, 0x00, 0x00, 0x00, 0x00, 0x00, 0x00, 0xE6, 0xFF, 0xFF, 0xFF, 0x1E, 
0x00, 0x00, 0x00, 0x00, 0x00, 0x00, 0xDB, 0xFF, 0xFF, 0xFF, 0x2C, 0x00, 0x00, 0x00, 0x00, 0x00, 
0x00, 0x00, 0x00, 0x00, 0x00, 0x00, 0x00, 0x19, 0xFF, 0xFF, 0xFF, 0xEB, 0x00, 0x00, 0x00, 0x00, 
0x00, 0x00, 0x0F, 0xFE, 0xFF, 0xFF, 0xF6, 0x03, 0x00, 0x00, 0x00, 0x00, 0x00, 0x00, 0x00, 0x00, 
0x00, 0x00, 0x00, 0x00, 0x4D, 0xFF, 0xFF, 0xFF, 0xB8, 0x00, 0x00, 0x00, 0x00, 0x00, 0x00, 0x41, 
0xFF, 0xFF, 0xFF, 0xC6, 0x00, 0x00, 0x00, 0x00, 0x00, 0x00, 0x00, 0x00, 0x00, 0x00, 0x00, 0x00, 
0x00, 0x80, 0xFF, 0xFF, 0xFF, 0x85, 0x00, 0x00, 0x00, 0x00, 0x00, 0x00, 0x74, 0xFF, 0xFF, 0xFF, 
0x93, 0x00, 0x00, 0x00, 0x00, 0x00, 0x00, 0x00, 0x00, 0x00, 0x00, 0x00, 0x00, 0x00, 0xB3, 0xFF, 
0xFF, 0xFF, 0x52, 0x00, 0x00, 0x00, 0x00, 0x00, 0x00, 0xA7, 0xFF, 0xFF, 0xFF, 0x60, 0x00, 0x00, 
0x00, 0x00, 0x00, 0x00, 0x00, 0x00, 0x00, 0x00, 0x00, 0x00, 0x00, 0xE6, 0xFF, 0xFF, 0xFF, 0x1F, 
0x00, 0x00, 0x00, 0x00, 0x00, 0x00, 0xDA, 0xFF, 0xFF, 0xFF, 0x2D, 0x00, 0x00, 0x00, 0x00, 0x00, 
0x00, 0x00, 0x00, 0x00, 0x00, 0x00, 0x00, 0x19, 0xFF, 0xFF, 0xFF, 0xEC, 0x00, 0x00, 0x00, 0x00, 
0x00, 0x00, 0x0E, 0xFE, 0xFF, 0xFF, 0xF6, 0x03, 0x00, 0x00, 0x00, 0x00, 0x00, 0x00, 0x00, 0x00, 
0x00, 0x00, 0x00, 0x00, 0x4D, 0xFF, 0xFF, 0xFF, 0xB9, 0x00, 0x00, 0x00, 0x00, 0x00, 0x00, 0x40, 
0xFF, 0xFF, 0xFF, 0xC6, 0x00, 0x00, 0x00, 0x00, 0x00, 0x00, 0x00, 0x00, 0x00, 0x00, 0x00, 0x00, 
0x00, 0x80, 0xFF, 0xFF, 0xFF, 0x86, 0x00, 0x00, 0x00, 0x00, 0x00, 0x00, 0x74, 0xFF, 0xFF, 0xFF, 
0x93, 0x00, 0x00, 0x00, 0x00, 0x00, 0x00, 0x00, 0x00, 0x00, 0x00, 0x00, 0x00, 0x00, 0xB3, 0xFF, 
0xFF, 0xFF, 0x53, 0x00, 0x00, 0x00, 0x00, 0x00, 0x00, 0xA7, 0xFF, 0xFF, 0xFF, 0x60, 0x00, 0x00, 
0x00, 0x00, 0x00, 0x00, 0x00, 0x00, 0x00, 0x00, 0x00, 0x00, 0x00, 0xE6, 0xFF, 0xFF, 0xFF, 0x20, 
0x00, 0x00, 0x00, 0x00, 0x00, 0x00, 0xDA, 0xFF, 0xFF, 0xFF, 0x2D, 0x00, 0x00, 0x00, 0x00, 0x00, 
0x00, 0x00, 0x00, 0x00, 0x00, 0x00, 0x00, 0x19, 0xFF, 0xFF, 0xFF, 0xED, 0x00, 0x00, 0x00, 0x00, 
0x00, 0x00, 0x02, 0xF3, 0xFF, 0xFF, 0xDC, 0x04, 0x00, 0x00, 0x00, 0x00, 0x00, 0x00, 0x00, 0x00, 
0x00, 0x00, 0x00, 0x00, 0x35, 0xFE, 0xFF, 0xFF, 0xA2, 0x00, 0x00, 0x00, 0x00, 0x00, 0x00, 0x00, 
0x08, 0x1F, 0x1A, 0x01, 0x00, 0x00, 0x00, 0x00, 0x00, 0x00, 0x00, 0x00, 0x00, 0x00, 0x00, 0x00, 
0x00, 0x00, 0x0E, 0x21, 0x15, 0x00, 0x00, 0x00, 0x00, 0x00, 0x00, 0x00, 0x00, 0x00, 0x00, 0x00, 
0x00, 0x00, 0x00, 0x10, 0x4B, 0x54, 0x54, 0x54, 0x54, 0x54, 0x53, 0x4F, 0x42, 0x21, 0x02, 0x00, 
0x00, 0x00, 0x00, 0x00, 0x00, 0x00, 0x00, 0x00, 0x00, 0x00, 0x1C, 0xEA, 0xFF, 0xFF, 0xFF, 0xFF, 
0xFF, 0xFF, 0xFF, 0xFF, 0xFF, 0xFF, 0xF3, 0xAB, 0x3B, 0x00, 0x00, 0x00, 0x00, 0x00, 0x00, 0x00, 
0x00, 0x00, 0x75, 0xFF, 0xFF, 0xFF, 0xFF, 0xFF, 0xFF, 0xFF, 0xFF, 0xFF, 0xFF, 0xFF, 0xFF, 0xFF, 
0xFF, 0x96, 0x03, 0x00, 0x00, 0x00, 0x00, 0x00, 0x00, 0x00, 0xAC, 0xFF, 0xFF, 0xFF, 0xFF, 0xFF, 
0xFF, 0xFF, 0xFF, 0xFF, 0xFF, 0xFF, 0xFF, 0xFF, 0xFF, 0xFF, 0x94, 0x00, 0x00, 0x00, 0x00, 0x00, 
0x00, 0x00, 0xDF, 0xFF, 0xFF, 0xFF, 0x26, 0x00, 0x00, 0x00, 0x03, 0x10, 0x38, 0x96, 0xF9, 0xFF, 
0xFF, 0xFF, 0xFF, 0x34, 0x00, 0x00, 0x00, 0x00, 0x00, 0x12, 0xFF, 0xFF, 0xFF, 0xF2, 0x01, 0x00, 
0x00, 0x00, 0x00, 0x00, 0x00, 0x00, 0x4C, 0xFE, 0xFF, 0xFF, 0xFF, 0x98, 0x00, 0x00, 0x00, 0x00, 
0x00, 0x45, 0xFF, 0xFF, 0xFF, 0xC1, 0x00, 0x00, 0x00, 0x00, 0x00, 0x00, 0x00, 0x00, 0x00, 0xAF, 
0xFF, 0xFF, 0xFF, 0xD2, 0x00, 0x00, 0x00, 0x00, 0x00, 0x78, 0xFF, 0xFF, 0xFF, 0x8F, 0x00, 0x00, 
0x00, 0x00, 0x00, 0x00, 0x00, 0x00, 0x00, 0x6D, 0xFF, 0xFF, 0xFF, 0xE9, 0x00, 0x00, 0x00, 0x00, 
0x00, 0xAB, 0xFF, 0xFF, 0xFF, 0x5D, 0x00, 0x00, 0x00, 0x00, 0x00, 0x00, 0x00, 0x00, 0x00, 0x5D, 
0xFF, 0xFF, 0xFF, 0xE4, 0x00, 0x00, 0x00, 0x00, 0x00, 0xDE, 0xFF, 0xFF, 0xFF, 0x2A, 0x00, 0x00, 
0x00, 0x00, 0x00, 0x00, 0x00, 0x00, 0x00, 0x76, 0xFF, 0xFF, 0xFF, 0xC9, 0x00, 0x00, 0x00, 0x00, 
0x11, 0xFF, 0xFF, 0xFF, 0xF5, 0x03, 0x00, 0x00, 0x00, 0x00, 0x00, 0x00, 0x00, 0x00, 0x00, 0xB0, 
0xFF, 0xFF, 0xFF, 0x9A, 0x00, 0x00, 0x00, 0x00, 0x44, 0xFF, 0xFF, 0xFF, 0xC6, 0x00, 0x00, 0x00, 
0x00, 0x00, 0x00, 0x00, 0x00, 0x00, 0x0C, 0xF5, 0xFF, 0xFF, 0xFF, 0x54, 0x00, 0x00, 0x00, 0x00, 
0x77, 0xFF, 0xFF, 0xFF, 0x93, 0x00, 0x00, 0x00, 0x00, 0x00, 0x00, 0x00, 0x00, 0x00, 0x87, 0xFF, 
0xFF, 0xFF, 0xEB, 0x07, 0x00, 0x00, 0x00, 0x00, 0xAA, 0xFF, 0xFF, 0xFF, 0x61, 0x00, 0x00, 0x00, 
0x00, 0x00, 0x00, 0x00, 0x00, 0x30, 0xF8, 0xFF, 0xFF, 0xFF, 0x78, 0x00, 0x00, 0x00, 0x00, 0x00, 
0xDD, 0xFF, 0xFF, 0xFF, 0x2F, 0x00, 0x00, 0x00, 0x00, 0x00, 0x00, 0x00, 0x3D, 0xE9, 0xFF, 0xFF, 
0xFF, 0xD4, 0x07, 0x00, 0x00, 0x00, 0x00, 0x10, 0xFF, 0xFF, 0xFF, 0xF7, 0x04, 0x00, 0x00, 0x00, 
0x00, 0x07, 0x3E, 0xA4, 0xFE, 0xFF, 0xFF, 0xFF, 0xEE, 0x29, 0x00, 0x00, 0x00, 0x00, 0x00, 0x43, 
0xFF, 0xFF, 0xFF, 0xFA, 0xD8, 0xD8, 0xD8, 0xD8, 0xE4, 0xF9, 0xFF, 0xFF, 0xFF, 0xFF, 0xFF, 0xE8, 
0x33, 0x00, 0x00, 0x00, 0x00, 0x00, 0x00, 0x76, 0xFF, 0xFF, 0xFF, 0xFF, 0xFF, 0xFF, 0xFF, 0xFF, 
0xFF, 0xFF, 0xFF, 0xFF, 0xFF, 0xFF, 0xB1, 0x18, 0x00, 0x00, 0x00, 0x00, 0x00, 0x00, 0x00, 0xA9, 
0xFF, 0xFF, 0xFF, 0xFF, 0xFF, 0xFF, 0xFF, 0xFF, 0xFF, 0xFF, 0xFF, 0xF3, 0xA3, 0x3A, 0x00, 0x00, 
0x00, 0x00, 0x00, 0x00, 0x00, 0x00, 0x00, 0xDC, 0xFF, 0xFF, 0xFF, 0x8A, 0x78, 0x78, 0x78, 0x75, 
0x68, 0x57, 0x2D, 0x04, 0x00, 0x00, 0x00, 0x00, 0x00, 0x00, 0x00, 0x00, 0x00, 0x00, 0x10, 0xFE, 
0xFF, 0xFF, 0xF6, 0x04, 0x00, 0x00, 0x00, 0x00, 0x00, 0x00, 0x00, 0x00, 0x00, 0x00, 0x00, 0x00, 
0x00, 0x00, 0x00, 0x00, 0x00, 0x00, 0x42, 0xFF, 0xFF, 0xFF, 0xC7, 0x00, 0x00, 0x00, 0x00, 0x00, 
0x00, 0x00, 0x00, 0x00, 0x00, 0x00, 0x00, 0x00, 0x00, 0x00, 0x00, 0x00, 0x00, 0x00, 0x75, 0xFF, 
0xFF, 0xFF, 0x94, 0x00, 0x00, 0x00, 0x00, 0x00, 0x00, 0x00, 0x00, 0x00, 0x00, 0x00, 0x00, 0x00, 
0x00, 0x00, 0x00, 0x00, 0x00, 0x00, 0xA8, 0xFF, 0xFF, 0xFF, 0x61, 0x00, 0x00, 0x00, 0x00, 0x00, 
0x00, 0x00, 0x00, 0x00, 0x00, 0x00, 0x00, 0x00, 0x00, 0x00, 0x00, 0x00, 0x00, 0x00, 0xDB, 0xFF, 
0xFF, 0xFF, 0x2D, 0x00, 0x00, 0x00, 0x00, 0x00, 0x00, 0x00, 0x00, 0x00, 0x00, 0x00, 0x00, 0x00, 
0x00, 0x00, 0x00, 0x00, 0x00, 0x0F, 0xFE, 0xFF, 0xFF, 0xF6, 0x04, 0x00, 0x00, 0x00, 0x00, 0x00, 
0x00, 0x00, 0x00, 0x00, 0x00, 0x00, 0x00, 0x00, 0x00, 0x00, 0x00, 0x00, 0x00, 0x41, 0xFF, 0xFF, 
0xFF, 0xC7, 0x00, 0x00, 0x00, 0x00, 0x00, 0x00, 0x00, 0x00, 0x00, 0x00, 0x00, 0x00, 0x00, 0x00, 
0x00, 0x00, 0x00, 0x00, 0x00, 0x74, 0xFF, 0xFF, 0xFF, 0x94, 0x00, 0x00, 0x00, 0x00, 0x00, 0x00, 
0x00, 0x00, 0x00, 0x00, 0x00, 0x00, 0x00, 0x00, 0x00, 0x00, 0x00, 0x00, 0x00, 0xA7, 0xFF, 0xFF, 
0xFF, 0x61, 0x00, 0x00, 0x00, 0x00, 0x00, 0x00, 0x00, 0x00, 0x00, 0x00, 0x00, 0x00, 0x00, 0x00, 
0x00, 0x00, 0x00, 0x00, 0x00, 0xDA, 0xFF, 0xFF, 0xFF, 0x2D, 0x00, 0x00, 0x00, 0x00, 0x00, 0x00, 
0x00, 0x00, 0x00, 0x00, 0x00, 0x00, 0x00, 0x00, 0x00, 0x00, 0x00, 0x00, 0x01, 0xF2, 0xFF, 0xFF, 
0xDB, 0x04, 0x00, 0x00, 0x00, 0x00, 0x00, 0x00, 0x00, 0x00, 0x00, 0x00, 0x00, 0x00, 0x00, 0x00, 
0x00, 0x00, 0x00, 0x00, 0x00, 0x07, 0x1F, 0x1A, 0x01, 0x00, 0x00, 0x00, 0x00, 0x00, 0x00, 0x00, 
0x00, 0x00, 0x00, 0x00, 0x00, 0x00, 0x00, 0x00, 0x00, 0x00, 0x00, 0x00, 0x00, 0x00, 0x00, 0x00, 
0x00, 0x00, 0x00, 0x00, 0x00, 0x00, 0x00, 0x00, 0x03, 0x37, 0x76, 0x91, 0xA6, 0xAD, 0x9D, 0x76, 
0x3E, 0x03, 0x00, 0x00, 0x00, 0x00, 0x00, 0x00, 0x00, 0x00, 0x00, 0x00, 0x00, 0x00, 0x00, 0x1D, 
0x8E, 0xEF, 0xFF, 0xFF, 0xFF, 0xFF, 0xFF, 0xFF, 0xFF, 0xFF, 0xEA, 0x80, 0x0D, 0x00, 0x00, 0x00, 
0x00, 0x00, 0x00, 0x00, 0x00, 0x00, 0x05, 0x85, 0xFA, 0xFF, 0xFF, 0xFF, 0xFF, 0xFF, 0xFF, 0xFF, 
0xFF, 0xFF, 0xFF, 0xFF, 0xFF, 0xE4, 0x32, 0x00, 0x00, 0x00, 0x00, 0x00, 0x00, 0x00, 0x1F, 0xCF, 
0xFF, 0xFF, 0xFF, 0xFF, 0xFF, 0xFF, 0xF0, 0xD8, 0xDC, 0xF2, 0xFF, 0xFF, 0xFF, 0xFF, 0xFF, 0xC5, 
0x00, 0x00, 0x00, 0x00, 0x00, 0x00, 0x27, 0xE3, 0xFF, 0xFF, 0xFF, 0xFF, 0xE6, 0x75, 0x21, 0x00, 
0x00, 0x00, 0x02, 0x30, 0x8E, 0xF5, 0xFF, 0xFF, 0xBD, 0x00, 0x00, 0x00, 0x00, 0x00, 0x1A, 0xE6, 
0xFF, 0xFF, 0xFF, 0xFF, 0x91, 0x0B, 0x00, 0x00, 0x00, 0x00, 0x00, 0x00, 0x00, 0x00, 0x1E, 0xC3, 
0xFF, 0x81, 0x00, 0x00, 0x00, 0x00, 0x06, 0xC7, 0xFF, 0xFF, 0xFF, 0xFE, 0x64, 0x00, 0x00, 0x00, 
0x00, 0x00, 0x00, 0x00, 0x00, 0x00, 0x00, 0x00, 0x07, 0x70, 0x10, 0x00, 0x00, 0x00, 0x00, 0x82, 
0xFF, 0xFF, 0xFF, 0xFF, 0x6F, 0x00, 0x00, 0x00, 0x00, 0x00, 0x00, 0x00, 0x00, 0x00, 0x00, 0x00, 
0x00, 0x00, 0x00, 0x00, 0x00, 0x00, 0x00, 0x26, 0xF8, 0xFF, 0xFF, 0xFF, 0xA9, 0x00, 0x00, 0x00, 
0x00, 0x00, 0x00, 0x00, 0x00, 0x00, 0x00, 0x00, 0x00, 0x00, 0x00, 0x00, 0x00, 0x00, 0x00, 0x00, 
0xAB, 0xFF, 0xFF, 0xFF, 0xEC, 0x12, 0x00, 0x00, 0x00, 0x00, 0x00, 0x00, 0x00, 0x00, 0x00, 0x00, 
0x00, 0x00, 0x00, 0x00, 0x00, 0x00, 0x00, 0x00, 0x26, 0xFD, 0xFF, 0xFF, 0xFF, 0x71, 0x00, 0x00, 
0x00, 0x00, 0x00, 0x00, 0x00, 0x00, 0x00, 0x00, 0x00, 0x00, 0x00, 0x00, 0x00, 0x00, 0x00, 0x00, 
0x00, 0x93, 0xFF, 0xFF, 0xFF, 0xEB, 0x08, 0x00, 0x00, 0x00, 0x00, 0x00, 0x00, 0x00, 0x00, 0x00, 
0x00, 0x00, 0x00, 0x00, 0x00, 0x00, 0x00, 0x00, 0x00, 0x04, 0xE9, 0xFF, 0xFF, 0xFF, 0x88, 0x00, 
0x00, 0x00, 0x00, 0x00, 0x00, 0x00, 0x00, 0x00, 0x00, 0x00, 0x00, 0x00, 0x00, 0x00, 0x00, 0x00, 
0x00, 0x00, 0x43, 0xFF, 0xFF, 0xFF, 0xFF, 0x2D, 0x00, 0x00, 0x00, 0x00, 0x00, 0x00, 0x00, 0x00, 
0x00, 0x00, 0x00, 0x00, 0x00, 0x00, 0x00, 0x00, 0x00, 0x00, 0x00, 0x86, 0xFF, 0xFF, 0xFF, 0xDE, 
0x00, 0x00, 0x00, 0x00, 0x00, 0x00, 0x00, 0x00, 0x00, 0x00, 0x00, 0x00, 0x00, 0x00, 0x00, 0x00, 
0x00, 0x00, 0x00, 0x00, 0xC4, 0xFF, 0xFF, 0xFF, 0x9F, 0x00, 0x00, 0x00, 0x00, 0x00, 0x00, 0x00, 
0x00, 0x00, 0x00, 0x00, 0x00, 0x00, 0x00, 0x00, 0x00, 0x00, 0x00, 0x00, 0x00, 0xF1, 0xFF, 0xFF, 
0xFF, 0x69, 0x00, 0x00, 0x00, 0x00, 0x00, 0x00, 0x00, 0x00, 0x00, 0x00, 0x00, 0x00, 0x00, 0x00, 
0x00, 0x00, 0x00, 0x00, 0x00, 0x19, 0xFF, 0xFF, 0xFF, 0xFF, 0x43, 0x00, 0x00, 0x00, 0x00, 0x00, 
0x00, 0x00, 0x00, 0x00, 0x00, 0x00, 0x00, 0x00, 0x00, 0x00, 0x00, 0x00, 0x00, 0x00, 0x34, 0xFF, 
0xFF, 0xFF, 0xFF, 0x26, 0x00, 0x00, 0x00, 0x00, 0x00, 0x00, 0x00, 0x00, 0x00, 0x00, 0x00, 0x00, 
0x00, 0x00, 0x00, 0x00, 0x00, 0x00, 0x00, 0x41, 0xFF, 0xFF, 0xFF, 0xFF, 0x19, 0x00, 0x00, 0x00, 
0x00, 0x00, 0x00, 0x00, 0x00, 0x00, 0x00, 0x00, 0x00, 0x00, 0x00, 0x00, 0x00, 0x00, 0x00, 0x00, 
0x47, 0xFF, 0xFF, 0xFF, 0xFF, 0x1C, 0x00, 0x00, 0x00, 0x00, 0x00, 0x00, 0x00, 0x00, 0x00, 0x00, 
0x00, 0x00, 0x00, 0x00, 0x00, 0x00, 0x00, 0x00, 0x00, 0x36, 0xFF, 0xFF, 0xFF, 0xFF, 0x2F, 0x00, 
0x00, 0x00, 0x00, 0x00, 0x00, 0x00, 0x00, 0x00, 0x00, 0x00, 0x00, 0x00, 0x00, 0x00, 0x00, 0x00, 
0x00, 0x00, 0x23, 0xFF, 0xFF, 0xFF, 0xFF, 0x5D, 0x00, 0x00, 0x00, 0x00, 0x00, 0x00, 0x00, 0x00, 
0x00, 0x00, 0x00, 0x00, 0x00, 0x00, 0x00, 0x00, 0x00, 0x00, 0x00, 0x03, 0xF1, 0xFF, 0xFF, 0xFF, 
0xA4, 0x00, 0x00, 0x00, 0x00, 0x00, 0x00, 0x00, 0x00, 0x00, 0x00, 0x00, 0x00, 0x00, 0x00, 0x00, 
0x00, 0x00, 0x00, 0x00, 0x00, 0xB5, 0xFF, 0xFF, 0xFF, 0xF8, 0x19, 0x00, 0x00, 0x00, 0x00, 0x00, 
0x00, 0x00, 0x00, 0x00, 0x00, 0x00, 0x00, 0x00, 0x00, 0x00, 0x00, 0x00, 0x00, 0x00, 0x5D, 0xFF, 
0xFF, 0xFF, 0xFF, 0xB5, 0x02, 0x00, 0x00, 0x00, 0x00, 0x00, 0x00, 0x00, 0x00, 0x00, 0x00, 0x23, 
0xA8, 0x5E, 0x00, 0x00, 0x00, 0x00, 0x00, 0x05, 0xE1, 0xFF, 0xFF, 0xFF, 0xFF, 0xAE, 0x12, 0x00, 
0x00, 0x00, 0x00, 0x00, 0x00, 0x00, 0x1B, 0x8E, 0xF8, 0xFF, 0x78, 0x00, 0x00, 0x00, 0x00, 0x00, 
0x00, 0x4A, 0xFE, 0xFF, 0xFF, 0xFF, 0xFF, 0xF0, 0x95, 0x55, 0x3A, 0x37, 0x48, 0x73, 0xB6, 0xFB, 
0xFF, 0xFF, 0xFF, 0x44, 0x00, 0x00, 0x00, 0x00, 0x00, 0x00, 0x00, 0x79, 0xFF, 0xFF, 0xFF, 0xFF, 
0xFF, 0xFF, 0xFF, 0xFF, 0xFF, 0xFF, 0xFF, 0xFF, 0xFF, 0xFF, 0xFF, 0xD0, 0x04, 0x00, 0x00, 0x00, 
0x00, 0x00, 0x00, 0x00, 0x00, 0x5A, 0xF1, 0xFF, 0xFF, 0xFF, 0xFF, 0xFF, 0xFF, 0xFF, 0xFF, 0xFF, 
0xFF, 0xFF, 0xF7, 0x8D, 0x0D, 0x00, 0x00, 0x00, 0x00, 0x00, 0x00, 0x00, 0x00, 0x00, 0x00, 0x11, 
0x81, 0xD8, 0xFF, 0xFF, 0xFF, 0xFF, 0xFF, 0xFF, 0xF6, 0xBC, 0x6C, 0x13, 0x00, 0x00, 0x00, 0x00, 
0x00, 0x00, 0x00, 0x00, 0x00, 0x00, 0x00, 0x00, 0x00, 0x00, 0x00, 0x1B, 0x40, 0x54, 0x5B, 0x4D, 
0x2C, 0x05, 0x00, 0x00, 0x00, 0x00, 0x00, 0x00, 0x00, 0x00, 0x00, 0x00, 0x00, 0x17, 0x53, 0x54, 
0x54, 0x54, 0x54, 0x54, 0x54, 0x54, 0x54, 0x54, 0x54, 0x54, 0x54, 0x54, 0x54, 0x54, 0x54, 0x54, 
0x54, 0x54, 0x54, 0x25, 0x00, 0xC4, 0xFF, 0xFF, 0xFF, 0xFF, 0xFF, 0xFF, 0xFF, 0xFF, 0xFF, 0xFF, 
0xFF, 0xFF, 0xFF, 0xFF, 0xFF, 0xFF, 0xFF, 0xFF, 0xFF, 0xFF, 0xFF, 0xAB, 0x12, 0xFF, 0xFF, 0xFF, 
0xFF, 0xFF, 0xFF, 0xFF, 0xFF, 0xFF, 0xFF, 0xFF, 0xFF, 0xFF, 0xFF, 0xFF, 0xFF, 0xFF, 0xFF, 0xFF, 
0xFF, 0xFF, 0xFF, 0x94, 0x1E, 0xFE, 0xFF, 0xFF, 0xFF, 0xFF, 0xFF, 0xFF, 0xFF, 0xFF, 0xFF, 0xFF, 
0xFF, 0xFF, 0xFF, 0xFF, 0xFF, 0xFF, 0xFF, 0xFF, 0xFF, 0xFF, 0xFB, 0x39, 0x00, 0x11, 0x18, 0x18, 
0x18, 0x18, 0x18, 0x18, 0x18, 0x4A, 0xFF, 0xFF, 0xFF, 0xD8, 0x18, 0x18, 0x18, 0x18, 0x18, 0x18, 
0x18, 0x18, 0x0E, 0x00, 0x00, 0x00, 0x00, 0x00, 0x00, 0x00, 0x00, 0x00, 0x00, 0x68, 0xFF, 0xFF, 
0xFF, 0xA3, 0x00, 0x00, 0x00, 0x00, 0x00, 0x00, 0x00, 0x00, 0x00, 0x00, 0x00, 0x00, 0x00, 0x00, 
0x00, 0x00, 0x00, 0x00, 0x00, 0x9B, 0xFF, 0xFF, 0xFF, 0x70, 0x00, 0x00, 0x00, 0x00, 0x00, 0x00, 
0x00, 0x00, 0x00, 0x00, 0x00, 0x00, 0x00, 0x00, 0x00, 0x00, 0x00, 0x00, 0x00, 0xCE, 0xFF, 0xFF, 
0xFF, 0x3D, 0x00, 0x00, 0x00, 0x00, 0x00, 0x00, 0x00, 0x00, 0x00, 0x00, 0x00, 0x00, 0x00, 0x00, 
0x00, 0x00, 0x00, 0x00, 0x07, 0xFA, 0xFF, 0xFF, 0xFD, 0x0C, 0x00, 0x00, 0x00, 0x00, 0x00, 0x00, 
0x00, 0x00, 0x00, 0x00, 0x00, 0x00, 0x00, 0x00, 0x00, 0x00, 0x00, 0x00, 0x34, 0xFF, 0xFF, 0xFF, 
0xD6, 0x00, 0x00, 0x00, 0x00, 0x00, 0x00, 0x00, 0x00, 0x00, 0x00, 0x00, 0x00, 0x00, 0x00, 0x00, 
0x00, 0x00, 0x00, 0x00, 0x67, 0xFF, 0xFF, 0xFF, 0xA3, 0x00, 0x00, 0x00, 0x00, 0x00, 0x00, 0x00, 
0x00, 0x00, 0x00, 0x00, 0x00, 0x00, 0x00, 0x00, 0x00, 0x00, 0x00, 0x00, 0x9B, 0xFF, 0xFF, 0xFF, 
0x6F, 0x00, 0x00, 0x00, 0x00, 0x00, 0x00, 0x00, 0x00, 0x00, 0x00, 0x00, 0x00, 0x00, 0x00, 0x00, 
0x00, 0x00, 0x00, 0x00, 0xCE, 0xFF, 0xFF, 0xFF, 0x3C, 0x00, 0x00, 0x00, 0x00, 0x00, 0x00, 0x00, 
0x00, 0x00, 0x00, 0x00, 0x00, 0x00, 0x00, 0x00, 0x00, 0x00, 0x00, 0x06, 0xFA, 0xFF, 0xFF, 0xFD, 
0x0C, 0x00, 0x00, 0x00, 0x00, 0x00, 0x00, 0x00, 0x00, 0x00, 0x00, 0x00, 0x00, 0x00, 0x00, 0x00, 
0x00, 0x00, 0x00, 0x34, 0xFF, 0xFF, 0xFF, 0xD6, 0x00, 0x00, 0x00, 0x00, 0x00, 0x00, 0x00, 0x00, 
0x00, 0x00, 0x00, 0x00, 0x00, 0x00, 0x00, 0x00, 0x00, 0x00, 0x00, 0x67, 0xFF, 0xFF, 0xFF, 0xA2, 
0x00, 0x00, 0x00, 0x00, 0x00, 0x00, 0x00, 0x00, 0x00, 0x00, 0x00, 0x00, 0x00, 0x00, 0x00, 0x00, 
0x00, 0x00, 0x00, 0x9A, 0xFF, 0xFF, 0xFF, 0x6F, 0x00, 0x00, 0x00, 0x00, 0x00, 0x00, 0x00, 0x00, 
0x00, 0x00, 0x00, 0x00, 0x00, 0x00, 0x00, 0x00, 0x00, 0x00, 0x00, 0xCD, 0xFF, 0xFF, 0xFF, 0x3C, 
0x00, 0x00, 0x00, 0x00, 0x00, 0x00, 0x00, 0x00, 0x00, 0x00, 0x00, 0x00, 0x00, 0x00, 0x00, 0x00, 
0x00, 0x00, 0x06, 0xF9, 0xFF, 0xFF, 0xFD, 0x0C, 0x00, 0x00, 0x00, 0x00, 0x00, 0x00, 0x00, 0x00, 
0x00, 0x00, 0x00, 0x00, 0x00, 0x00, 0x00, 0x00, 0x00, 0x00, 0x33, 0xFF, 0xFF, 0xFF, 0xD5, 0x00, 
0x00, 0x00, 0x00, 0x00, 0x00, 0x00, 0x00, 0x00, 0x00, 0x00, 0x00, 0x00, 0x00, 0x00, 0x00, 0x00, 
0x00, 0x00, 0x67, 0xFF, 0xFF, 0xFF, 0xA2, 0x00, 0x00, 0x00, 0x00, 0x00, 0x00, 0x00, 0x00, 0x00, 
0x00, 0x00, 0x00, 0x00, 0x00, 0x00, 0x00, 0x00, 0x00, 0x00, 0x9A, 0xFF, 0xFF, 0xFF, 0x6F, 0x00, 
0x00, 0x00, 0x00, 0x00, 0x00, 0x00, 0x00, 0x00, 0x00, 0x00, 0x00, 0x00, 0x00, 0x00, 0x00, 0x00, 
0x00, 0x00, 0xCD, 0xFF, 0xFF, 0xFF, 0x3C, 0x00, 0x00, 0x00, 0x00, 0x00, 0x00, 0x00, 0x00, 0x00, 
0x00, 0x00, 0x00, 0x00, 0x00, 0x00, 0x00, 0x00, 0x00, 0x06, 0xF9, 0xFF, 0xFF, 0xFD, 0x0B, 0x00, 
0x00, 0x00, 0x00, 0x00, 0x00, 0x00, 0x00, 0x00, 0x00, 0x00, 0x00, 0x00, 0x00, 0x00, 0x00, 0x00, 
0x00, 0x33, 0xFF, 0xFF, 0xFF, 0xD5, 0x00, 0x00, 0x00, 0x00, 0x00, 0x00, 0x00, 0x00, 0x00, 0x00, 
0x00, 0x00, 0x00, 0x00, 0x00, 0x00, 0x00, 0x00, 0x00, 0x66, 0xFF, 0xFF, 0xFF, 0xA2, 0x00, 0x00, 
0x00, 0x00, 0x00, 0x00, 0x00, 0x00, 0x00, 0x00, 0x00, 0x00, 0x00, 0x00, 0x00, 0x00, 0x00, 0x00, 
0x00, 0x99, 0xFF, 0xFF, 0xFF, 0x6F, 0x00, 0x00, 0x00, 0x00, 0x00, 0x00, 0x00, 0x00, 0x00, 0x00, 
0x00, 0x00, 0x00, 0x00, 0x00, 0x00, 0x00, 0x00, 0x00, 0xCC, 0xFF, 0xFF, 0xFF, 0x3B, 0x00, 0x00, 
0x00, 0x00, 0x00, 0x00, 0x00, 0x00, 0x00, 0x00, 0x00, 0x00, 0x00, 0x00, 0x00, 0x00, 0x00, 0x00, 
0x06, 0xF9, 0xFF, 0xFF, 0xFD, 0x0B, 0x00, 0x00, 0x00, 0x00, 0x00, 0x00, 0x00, 0x00, 0x00, 0x00, 
0x00, 0x00, 0x00, 0x00, 0x00, 0x00, 0x00, 0x00, 0x33, 0xFF, 0xFF, 0xFF, 0xD5, 0x00, 0x00, 0x00, 
0x00, 0x00, 0x00, 0x00, 0x00, 0x00, 0x00, 0x00, 0x00, 0x00, 0x00, 0x00, 0x00, 0x00, 0x00, 0x00, 
0x4D, 0xFF, 0xFF, 0xFF, 0x85, 0x00, 0x00, 0x00, 0x00, 0x00, 0x00, 0x00, 0x00, 0x00, 0x00, 0x00, 
0x00, 0x00, 0x00, 0x00, 0x00, 0x00, 0x00, 0x00, 0x00, 0x12, 0x21, 0x11, 0x00, 0x00, 0x00, 0x00, 
0x00, 0x00, 0x00, 0x00, 0x00, 0x00, 0x00, 0x00, 0x00, 0x00, 0x00, 0x00, 0x00, 0x00, 0x00, 0x3B, 
0x73, 0x72, 0x49, 0x00, 0x00, 0x00, 0x00, 0x00, 0x00, 0x00, 0x00, 0x00, 0x00, 0x00, 0x00, 0x00, 
0x00, 0x00, 0x00, 0x1D, 0x69, 0x7F, 0x7E, 0x34, 0x00, 0x00, 0x00, 0xD8, 0xFF, 0xFF, 0xFF, 0x44, 
0x00, 0x00, 0x00, 0x00, 0x00, 0x00, 0x00, 0x00, 0x00, 0x00, 0x00, 0x00, 0x00, 0x00, 0x0C, 0xE3, 
0xFF, 0xFF, 0xFF, 0x88, 0x00, 0x00, 0x00, 0xA2, 0xFF, 0xFF, 0xFF, 0x95, 0x00, 0x00, 0x00, 0x00, 
0x00, 0x00, 0x00, 0x00, 0x00, 0x00, 0x00, 0x00, 0x00, 0x00, 0x89, 0xFF, 0xFF, 0xFF, 0xED, 0x14, 
0x00, 0x00, 0x00, 0x55, 0xFF, 0xFF, 0xFF, 0xE1, 0x00, 0x00, 0x00, 0x00, 0x00, 0x00, 0x00, 0x00, 
0x00, 0x00, 0x00, 0x00, 0x00, 0x26, 0xF9, 0xFF, 0xFF, 0xFF, 0x65, 0x00, 0x00, 0x00, 0x00, 0x0D, 
0xF9, 0xFF, 0xFF, 0xFF, 0x2F, 0x00, 0x00, 0x00, 0x00, 0x00, 0x00, 0x00, 0x00, 0x00, 0x00, 0x00, 
0x00, 0xB8, 0xFF, 0xFF, 0xFF, 0xC7, 0x01, 0x00, 0x00, 0x00, 0x00, 0x00, 0xBA, 0xFF, 0xFF, 0xFF, 
0x7B, 0x00, 0x00, 0x00, 0x00, 0x00, 0x00, 0x00, 0x00, 0x00, 0x00, 0x00, 0x51, 0xFF, 0xFF, 0xFF, 
0xFC, 0x30, 0x00, 0x00, 0x00, 0x00, 0x00, 0x00, 0x6C, 0xFF, 0xFF, 0xFF, 0xC8, 0x00, 0x00, 0x00, 
0x00, 0x00, 0x00, 0x00, 0x00, 0x00, 0x00, 0x09, 0xDF, 0xFF, 0xFF, 0xFF, 0x91, 0x00, 0x00, 0x00, 
0x00, 0x00, 0x00, 0x00, 0x1F, 0xFF, 0xFF, 0xFF, 0xFE, 0x16, 0x00, 0x00, 0x00, 0x00, 0x00, 0x00, 
0x00, 0x00, 0x00, 0x81, 0xFF, 0xFF, 0xFF, 0xE6, 0x0E, 0x00, 0x00, 0x00, 0x00, 0x00, 0x00, 0x00, 
0x00, 0xD1, 0xFF, 0xFF, 0xFF, 0x61, 0x00, 0x00, 0x00, 0x00, 0x00, 0x00, 0x00, 0x00, 0x20, 0xF7, 
0xFF, 0xFF, 0xFF, 0x59, 0x00, 0x00, 0x00, 0x00, 0x00, 0x00, 0x00, 0x00, 0x00, 0x83, 0xFF, 0xFF, 
0xFF, 0xAE, 0x00, 0x00, 0x00, 0x00, 0x00, 0x00, 0x00, 0x00, 0xB0, 0xFF, 0xFF, 0xFF, 0xBC, 0x00, 
0x00, 0x00, 0x00, 0x00, 0x00, 0x00, 0x00, 0x00, 0x00, 0x36, 0xFF, 0xFF, 0xFF, 0xF3, 0x07, 0x00, 
0x00, 0x00, 0x00, 0x00, 0x00, 0x47, 0xFF, 0xFF, 0xFF, 0xF9, 0x27, 0x00, 0x00, 0x00, 0x00, 0x00, 
0x00, 0x00, 0x00, 0x00, 0x00, 0x01, 0xE6, 0xFF, 0xFF, 0xFF, 0x47, 0x00, 0x00, 0x00, 0x00, 0x00, 
0x06, 0xD9, 0xFF, 0xFF, 0xFF, 0x85, 0x00, 0x00, 0x00, 0x00, 0x00, 0x00, 0x00, 0x00, 0x00, 0x00, 
0x00, 0x00, 0x9A, 0xFF, 0xFF, 0xFF, 0x94, 0x00, 0x00, 0x00, 0x00, 0x00, 0x76, 0xFF, 0xFF, 0xFF, 
0xDF, 0x09, 0x00, 0x00, 0x00, 0x00, 0x00, 0x00, 0x00, 0x00, 0x00, 0x00, 0x00, 0x00, 0x4D, 0xFF, 
0xFF, 0xFF, 0xDC, 0x00, 0x00, 0x00, 0x00, 0x18, 0xF2, 0xFF, 0xFF, 0xFF, 0x4D, 0x00, 0x00, 0x00, 
0x00, 0x00, 0x00, 0x00, 0x00, 0x00, 0x00, 0x00, 0x00, 0x00, 0x09, 0xF5, 0xFF, 0xFF, 0xFF, 0x24, 
0x00, 0x00, 0x00, 0x9F, 0xFF, 0xFF, 0xFF, 0xB0, 0x00, 0x00, 0x00, 0x00, 0x00, 0x00, 0x00, 0x00, 
0x00, 0x00, 0x00, 0x00, 0x00, 0x00, 0x00, 0xB1, 0xFF, 0xFF, 0xFF, 0x6C, 0x00, 0x00, 0x35, 0xFE, 
0xFF, 0xFF, 0xF5, 0x1F, 0x00, 0x00, 0x00, 0x00, 0x00, 0x00, 0x00, 0x00, 0x00, 0x00, 0x00, 0x00, 
0x00, 0x00, 0x00, 0x64, 0xFF, 0xFF, 0xFF, 0xB1, 0x00, 0x00, 0xC4, 0xFF, 0xFF, 0xFF, 0x78, 0x00, 
0x00, 0x00, 0x00, 0x00, 0x00, 0x00, 0x00, 0x00, 0x00, 0x00, 0x00, 0x00, 0x00, 0x00, 0x00, 0x17, 
0xFE, 0xFF, 0xFF, 0xF0, 0x03, 0x55, 0xFF, 0xFF, 0xFF, 0xD6, 0x05, 0x00, 0x00, 0x00, 0x00, 0x00, 
0x00, 0x00, 0x00, 0x00, 0x00, 0x00, 0x00, 0x00, 0x00, 0x00, 0x00, 0x00, 0xC9, 0xFF, 0xFF, 0xFF, 
0x3D, 0xDD, 0xFF, 0xFF, 0xFF, 0x41, 0x00, 0x00, 0x00, 0x00, 0x00, 0x00, 0x00, 0x00, 0x00, 0x00, 
0x00, 0x00, 0x00, 0x00, 0x00, 0x00, 0x00, 0x00, 0x7B, 0xFF, 0xFF, 0xFF, 0xDB, 0xFF, 0xFF, 0xFF, 
0xA4, 0x00, 0x00, 0x00, 0x00, 0x00, 0x00, 0x00, 0x00, 0x00, 0x00, 0x00, 0x00, 0x00, 0x00, 0x00, 
0x00, 0x00, 0x00, 0x00, 0x2D, 0xFF, 0xFF, 0xFF, 0xFF, 0xFF, 0xFF, 0xF0, 0x18, 0x00, 0x00, 0x00, 
0x00, 0x00, 0x00, 0x00, 0x00, 0x00, 0x00, 0x00, 0x00, 0x00, 0x00, 0x00, 0x00, 0x00, 0x00, 0x00, 
0x00, 0xDF, 0xFF, 0xFF, 0xFF, 0xFF, 0xFF, 0x6C, 0x00, 0x00, 0x00, 0x00, 0x00, 0x00, 0x00, 0x00, 
0x00, 0x00, 0x00, 0x00, 0x00, 0x00, 0x00, 0x00, 0x00, 0x00, 0x00, 0x00, 0x00, 0x92, 0xFF, 0xFF, 
0xFF, 0xFF, 0xCD, 0x02, 0x00, 0x00, 0x00, 0x00, 0x00, 0x00, 0x00, 0x00, 0x00, 0x00, 0x00, 0x00, 
0x00, 0x00, 0x00, 0x00, 0x00, 0x00, 0x00, 0x00, 0x00, 0x63, 0xFF, 0xFF, 0xFF, 0xFD, 0x36, 0x00, 
0x00, 0x00, 0x00, 0x00, 0x00, 0x00, 0x00, 0x00, 0x00, 0x00, 0x00, 0x00, 0x00, 0x00, 0x00, 0x00, 
0x00, 0x00, 0x00, 0x00, 0x10, 0xE2, 0xFF, 0xFF, 0xFF, 0x92, 0x00, 0x00, 0x00, 0x00, 0x00, 0x00, 
0x00, 0x00, 0x00, 0x00, 0x00, 0x00, 0x00, 0x00, 0x00, 0x00, 0x00, 0x00, 0x00, 0x00, 0x00, 0x01, 
0xB0, 0xFF, 0xFF, 0xFF, 0xDE, 0x0C, 0x00, 0x00, 0x00, 0x00, 0x00, 0x00, 0x00, 0x00, 0x00, 0x00, 
0x00, 0x00, 0x00, 0x00, 0x00, 0x1D, 0x16, 0x00, 0x00, 0x00, 0x04, 0x9A, 0xFF, 0xFF, 0xFF, 0xFD, 
0x3D, 0x00, 0x00, 0x00, 0x00, 0x00, 0x00, 0x00, 0x00, 0x00, 0x00, 0x00, 0x00, 0x00, 0x00, 0x00, 
0x00, 0xD5, 0xF1, 0x90, 0x65, 0x79, 0xD0, 0xFF, 0xFF, 0xFF, 0xFF, 0x77, 0x00, 0x00, 0x00, 0x00, 
0x00, 0x00, 0x00, 0x00, 0x00, 0x00, 0x00, 0x00, 0x00, 0x00, 0x00, 0x00, 0x20, 0xFF, 0xFF, 0xFF, 
0xFF, 0xFF, 0xFF, 0xFF, 0xFF, 0xFF, 0xA3, 0x00, 0x00, 0x00, 0x00, 0x00, 0x00, 0x00, 0x00, 0x00, 
0x00, 0x00, 0x00, 0x00, 0x00, 0x00, 0x00, 0x00, 0x3F, 0xFF, 0xFF, 0xFF, 0xFF, 0xFF, 0xFF, 0xFF, 
0xFF, 0xA0, 0x03, 0x00, 0x00, 0x00, 0x00, 0x00, 0x00, 0x00, 0x00, 0x00, 0x00, 0x00, 0x00, 0x00, 
0x00, 0x00, 0x00, 0x00, 0x0A, 0xBB, 0xFF, 0xFF, 0xFF, 0xFF, 0xFF, 0xD8, 0x5B, 0x00, 0x00, 0x00, 
0x00, 0x00, 0x00, 0x00, 0x00, 0x00, 0x00, 0x00, 0x00, 0x00, 0x00, 0x00, 0x00, 0x00, 0x00, 0x00, 
0x00, 0x00, 0x1B, 0x49, 0x58, 0x4B, 0x24, 0x00, 0x00, 0x00, 0x00, 0x00, 0x00, 0x00, 0x00, 0x00, 
0x00, 0x00, 0x00, 0x00, 0x00, 0x00, 0x00, 0x00, 0x00, 0x00, 0x00, 0x00, 0x00, 0x00, 0x00, 0x00, 
0x00, 0x00, 0x00, 0x00, 0x00, 0x00, 0x00, 0x00, 0x00, 0x00, 0x00, 0x00, 0x09, 0x81, 0xA6, 0xA3, 
0x57, 0x00, 0x00, 0x00, 0x00, 0x00, 0x00, 0x00, 0x00, 0x00, 0x00, 0x00, 0x00, 0x00, 0x00, 0x00, 
0x00, 0x00, 0x00, 0x00, 0x00, 0x00, 0x00, 0x00, 0x00, 0x00, 0x00, 0x57, 0xFF, 0xFF, 0xFF, 0xAC, 
0x00, 0x00, 0x00, 0x00, 0x00, 0x00, 0x00, 0x00, 0x00, 0x00, 0x00, 0x00, 0x00, 0x00, 0x00, 0x00, 
0x00, 0x00, 0x00, 0x00, 0x00, 0x00, 0x00, 0x00, 0x00, 0x00, 0x8D, 0xFF, 0xFF, 0xFF, 0x76, 0x00, 
0x00, 0x00, 0x00, 0x00, 0x00, 0x00, 0x00, 0x00, 0x00, 0x00, 0x00, 0x00, 0x00, 0x00, 0x00, 0x00, 
0x00, 0x00, 0x00, 0x00, 0x00, 0x00, 0x00, 0x00, 0x00, 0xC3, 0xFF, 0xFF, 0xFF, 0x41, 0x00, 0x00, 
0x00, 0x00, 0x00, 0x00, 0x00, 0x00, 0x00, 0x00, 0x00, 0x00, 0x00, 0x00, 0x00, 0x00, 0x00, 0x00, 
0x00, 0x00, 0x00, 0x00, 0x00, 0x13, 0x31, 0x4D, 0xF5, 0xFF, 0xFF, 0xFF, 0x5D, 0x34, 0x0D, 0x00, 
0x00, 0x00, 0x00, 0x00, 0x00, 0x00, 0x00, 0x00, 0x00, 0x00, 0x00, 0x00, 0x00, 0x00, 0x00, 0x00, 
0x09, 0x57, 0xA4, 0xDE, 0xFF, 0xFF, 0xFF, 0xFF, 0xFF, 0xFF, 0xFF, 0xFF, 0xFF, 0xFF, 0xD7, 0x8F, 
0x2D, 0x00, 0x00, 0x00, 0x00, 0x00, 0x00, 0x00, 0x00, 0x00, 0x00, 0x00, 0x00, 0x15, 0x8D, 0xF2, 
0xFF, 0xFF, 0xFF, 0xFF, 0xFF, 0xFF, 0xFF, 0xFF, 0xFF, 0xFF, 0xFF, 0xFF, 0xFF, 0xFF, 0xFF, 0xFE, 
0xB3, 0x1F, 0x00, 0x00, 0x00, 0x00, 0x00, 0x00, 0x00, 0x00, 0x00, 0x65, 0xF3, 0xFF, 0xFF, 0xFF, 
0xFF, 0xFF, 0xFF, 0xFA, 0xF6, 0xFF, 0xFF, 0xFF, 0xF0, 0xFA, 0xFF, 0xFF, 0xFF, 0xFF, 0xFF, 0xFF, 
0xEE, 0x40, 0x00, 0x00, 0x00, 0x00, 0x00, 0x00, 0x04, 0xA3, 0xFF, 0xFF, 0xFF, 0xFF, 0xFD, 0xB2, 
0x62, 0x21, 0x02, 0xBC, 0xFF, 0xFF, 0xFF, 0x3B, 0x01, 0x21, 0x60, 0xC3, 0xFF, 0xFF, 0xFF, 0xFF, 
0xEE, 0x23, 0x00, 0x00, 0x00, 0x00, 0x01, 0xAA, 0xFF, 0xFF, 0xFF, 0xFF, 0xB5, 0x25, 0x00, 0x00, 
0x00, 0x00, 0xEE, 0xFF, 0xFF, 0xFD, 0x0B, 0x00, 0x00, 0x00, 0x00, 0x61, 0xFC, 0xFF, 0xFF, 0xFF, 
0xA7, 0x00, 0x00, 0x00, 0x00, 0x7A, 0xFF, 0xFF, 0xFF, 0xFE, 0x73, 0x00, 0x00, 0x00, 0x00, 0x00, 
0x22, 0xFF, 0xFF, 0xFF, 0xD5, 0x00, 0x00, 0x00, 0x00, 0x00, 0x00, 0x75, 0xFF, 0xFF, 0xFF, 0xFC, 
0x10, 0x00, 0x00, 0x28, 0xFB, 0xFF, 0xFF, 0xFF, 0x75, 0x00, 0x00, 0x00, 0x00, 0x00, 0x00, 0x55, 
0xFF, 0xFF, 0xFF, 0xA2, 0x00, 0x00, 0x00, 0x00, 0x00, 0x00, 0x07, 0xEE, 0xFF, 0xFF, 0xFF, 0x4B, 
0x00, 0x00, 0xB0, 0xFF, 0xFF, 0xFF, 0xBB, 0x00, 0x00, 0x00, 0x00, 0x00, 0x00, 0x00, 0x88, 0xFF, 
0xFF, 0xFF, 0x6F, 0x00, 0x00, 0x00, 0x00, 0x00, 0x00, 0x00, 0xB0, 0xFF, 0xFF, 0xFF, 0x6A, 0x00, 
0x1E, 0xFD, 0xFF, 0xFF, 0xFE, 0x2D, 0x00, 0x00, 0x00, 0x00, 0x00, 0x00, 0x00, 0xBB, 0xFF, 0xFF, 
0xFF, 0x3C, 0x00, 0x00, 0x00, 0x00, 0x00, 0x00, 0x00, 0x94, 0xFF, 0xFF, 0xFF, 0x77, 0x00, 0x70, 
0xFF, 0xFF, 0xFF, 0xBC, 0x00, 0x00, 0x00, 0x00, 0x00, 0x00, 0x00, 0x00, 0xED, 0xFF, 0xFF, 0xFD, 
0x0C, 0x00, 0x00, 0x00, 0x00, 0x00, 0x00, 0x00, 0x9D, 0xFF, 0xFF, 0xFF, 0x6C, 0x00, 0xB1, 0xFF, 
0xFF, 0xFF, 0x6B, 0x00, 0x00, 0x00, 0x00, 0x00, 0x00, 0x00, 0x21, 0xFF, 0xFF, 0xFF, 0xD6, 0x00, 
0x00, 0x00, 0x00, 0x00, 0x00, 0x00, 0x00, 0xB8, 0xFF, 0xFF, 0xFF, 0x53, 0x00, 0xDC, 0xFF, 0xFF, 
0xFF, 0x36, 0x00, 0x00, 0x00, 0x00, 0x00, 0x00, 0x00, 0x54, 0xFF, 0xFF, 0xFF, 0xA3, 0x00, 0x00, 
0x00, 0x00, 0x00, 0x00, 0x00, 0x00, 0xE6, 0xFF, 0xFF, 0xFF, 0x2B, 0x00, 0xFA, 0xFF, 0xFF, 0xFF, 
0x1B, 0x00, 0x00, 0x00, 0x00, 0x00, 0x00, 0x00, 0x87, 0xFF, 0xFF, 0xFF, 0x70, 0x00, 0x00, 0x00, 
0x00, 0x00, 0x00, 0x00, 0x33, 0xFF, 0xFF, 0xFF, 0xEB, 0x01, 0x07, 0xFF, 0xFF, 0xFF, 0xFF, 0x0C, 
0x00, 0x00, 0x00, 0x00, 0x00, 0x00, 0x00, 0xBA, 0xFF, 0xFF, 0xFF, 0x3D, 0x00, 0x00, 0x00, 0x00, 
0x00, 0x00, 0x00, 0x9C, 0xFF, 0xFF, 0xFF, 0x9F, 0x00, 0x01, 0xFC, 0xFF, 0xFF, 0xFF, 0x1F, 0x00, 
0x00, 0x00, 0x00, 0x00, 0x00, 0x00, 0xED, 0xFF, 0xFF, 0xFD, 0x0C, 0x00, 0x00, 0x00, 0x00, 0x00, 
0x00, 0x2A, 0xFA, 0xFF, 0xFF, 0xFF, 0x37, 0x00, 0x00, 0xE7, 0xFF, 0xFF, 0xFF, 0x54, 0x00, 0x00, 
0x00, 0x00, 0x00, 0x00, 0x21, 0xFF, 0xFF, 0xFF, 0xD6, 0x00, 0x00, 0x00, 0x00, 0x00, 0x00, 0x0A, 
0xCD, 0xFF, 0xFF, 0xFF, 0xB3, 0x00, 0x00, 0x00, 0xAE, 0xFF, 0xFF, 0xFF, 0xC0, 0x01, 0x00, 0x00, 
0x00, 0x00, 0x00, 0x54, 0xFF, 0xFF, 0xFF, 0xA3, 0x00, 0x00, 0x00, 0x00, 0x00, 0x0C, 0xB8, 0xFF, 
0xFF, 0xFF, 0xF2, 0x24, 0x00, 0x00, 0x00, 0x57, 0xFF, 0xFF, 0xFF, 0xFF, 0x8A, 0x02, 0x00, 0x00, 
0x00, 0x00, 0x87, 0xFF, 0xFF, 0xFF, 0x70, 0x00, 0x00, 0x00, 0x00, 0x37, 0xD4, 0xFF, 0xFF, 0xFF, 
0xFD, 0x53, 0x00, 0x00, 0x00, 0x00, 0x01, 0xCA, 0xFF, 0xFF, 0xFF, 0xFF, 0xC6, 0x4D, 0x09, 0x00, 
0x00, 0xBA, 0xFF, 0xFF, 0xFF, 0x3D, 0x00, 0x0C, 0x4C, 0xB3, 0xFE, 0xFF, 0xFF, 0xFF, 0xFD, 0x5F, 
0x00, 0x00, 0x00, 0x00, 0x00, 0x00, 0x1B, 0xE1, 0xFF, 0xFF, 0xFF, 0xFF, 0xFF, 0xF9, 0xD1, 0xB9, 
0xF4, 0xFF, 0xFF, 0xFF, 0xC1, 0xD5, 0xFA, 0xFF, 0xFF, 0xFF, 0xFF, 0xFF, 0xE4, 0x41, 0x00, 0x00, 
0x00, 0x00, 0x00, 0x00, 0x00, 0x00, 0x15, 0xB0, 0xFF, 0xFF, 0xFF, 0xFF, 0xFF, 0xFF, 0xFF, 0xFF, 
0xFF, 0xFF, 0xFF, 0xFF, 0xFF, 0xFF, 0xFF, 0xFF, 0xFF, 0xF4, 0x85, 0x0F, 0x00, 0x00, 0x00, 0x00, 
0x00, 0x00, 0x00, 0x00, 0x00, 0x00, 0x00, 0x37, 0xA6, 0xEF, 0xFF, 0xFF, 0xFF, 0xFF, 0xFF, 0xFF, 
0xFF, 0xFF, 0xFF, 0xFF, 0xFF, 0xF6, 0xBD, 0x65, 0x10, 0x00, 0x00, 0x00, 0x00, 0x00, 0x00, 0x00, 
0x00, 0x00, 0x00, 0x00, 0x00, 0x00, 0x00, 0x00, 0x02, 0x32, 0x5D, 0x7C, 0xD7, 0xFF, 0xFF, 0xFF, 
0xBA, 0x7A, 0x5E, 0x35, 0x05, 0x00, 0x00, 0x00, 0x00, 0x00, 0x00, 0x00, 0x00, 0x00, 0x00, 0x00, 
0x00, 0x00, 0x00, 0x00, 0x00, 0x00, 0x00, 0x00, 0x00, 0x00, 0x00, 0xC6, 0xFF, 0xFF, 0xFF, 0x3E, 
0x00, 0x00, 0x00, 0x00, 0x00, 0x00, 0x00, 0x00, 0x00, 0x00, 0x00, 0x00, 0x00, 0x00, 0x00, 0x00, 
0x00, 0x00, 0x00, 0x00, 0x00, 0x00, 0x00, 0x00, 0x00, 0x03, 0xF5, 0xFF, 0xFF, 0xFE, 0x0D, 0x00, 
0x00, 0x00, 0x00, 0x00, 0x00, 0x00, 0x00, 0x00, 0x00, 0x00, 0x00, 0x00, 0x00, 0x00, 0x00, 0x00, 
0x00, 0x00, 0x00, 0x00, 0x00, 0x00, 0x00, 0x00, 0x2B, 0xFF, 0xFF, 0xFF, 0xD9, 0x00, 0x00, 0x00, 
0x00, 0x00, 0x00, 0x00, 0x00, 0x00, 0x00, 0x00, 0x00, 0x00, 0x00, 0x00, 0x00, 0x00, 0x00, 0x00, 
0x00, 0x00, 0x00, 0x00, 0x00, 0x00, 0x00, 0x46, 0xFF, 0xFF, 0xFF, 0x8B, 0x00, 0x00, 0x00, 0x00, 
0x00, 0x00, 0x00, 0x00, 0x00, 0x00, 0x00, 0x00, 0x00, 0x00, 0x00, 0x00, 0x00, 0x00, 0x00, 0x00, 
0x00, 0x00, 0x00, 0x00, 0x00, 0x00, 0x00, 0x11, 0x21, 0x12, 0x00, 0x00, 0x00, 0x00, 0x00, 0x00, 
0x00, 0x00, 0x00, 0x00, 0x00, 0x00, 0x00, 0x00, 0x00, 0x00, 0x00, 0x00, 0x00, 0x00, 0x00, 0x00, 
0x00, 0x00, 0x18, 0x67, 0x76, 0x6E, 0x21, 0x00, 0x00, 0x00, 0x00, 0x00, 0x00, 0x00, 0x00, 0x00, 
0x00, 0x00, 0x00, 0x06, 0x56, 0x73, 0x75, 0x59, 0x01, 0x00, 0x00, 0x00, 0x00, 0x00, 0x00, 0x00, 
0x8B, 0xFF, 0xFF, 0xFF, 0xD3, 0x00, 0x00, 0x00, 0x00, 0x00, 0x00, 0x00, 0x00, 0x00, 0x00, 0x00, 
0x00, 0xAD, 0xFF, 0xFF, 0xFF, 0xE8, 0x07, 0x00, 0x00, 0x00, 0x00, 0x00, 0x00, 0x00, 0x4A, 0xFF, 
0xFF, 0xFF, 0xFF, 0x35, 0x00, 0x00, 0x00, 0x00, 0x00, 0x00, 0x00, 0x00, 0x00, 0x00, 0x72, 0xFF, 
0xFF, 0xFF, 0xFE, 0x50, 0x00, 0x00, 0x00, 0x00, 0x00, 0x00, 0x00, 0x00, 0x03, 0xE3, 0xFF, 0xFF, 
0xFF, 0x95, 0x00, 0x00, 0x00, 0x00, 0x00, 0x00, 0x00, 0x00, 0x00, 0x39, 0xFA, 0xFF, 0xFF, 0xFF, 
0x83, 0x00, 0x00, 0x00, 0x00, 0x00, 0x00, 0x00, 0x00, 0x00, 0x00, 0x83, 0xFF, 0xFF, 0xFF, 0xED, 
0x06, 0x00, 0x00, 0x00, 0x00, 0x00, 0x00, 0x00, 0x13, 0xE2, 0xFF, 0xFF, 0xFF, 0xB5, 0x02, 0x00, 
0x00, 0x00, 0x00, 0x00, 0x00, 0x00, 0x00, 0x00, 0x00, 0x21, 0xFE, 0xFF, 0xFF, 0xFF, 0x53, 0x00, 
0x00, 0x00, 0x00, 0x00, 0x00, 0x01, 0xB5, 0xFF, 0xFF, 0xFF, 0xDB, 0x10, 0x00, 0x00, 0x00, 0x00, 
0x00, 0x00, 0x00, 0x00, 0x00, 0x00, 0x00, 0x00, 0xBC, 0xFF, 0xFF, 0xFF, 0xB3, 0x00, 0x00, 0x00, 
0x00, 0x00, 0x00, 0x79, 0xFF, 0xFF, 0xFF, 0xF4, 0x2C, 0x00, 0x00, 0x00, 0x00, 0x00, 0x00, 0x00, 
0x00, 0x00, 0x00, 0x00, 0x00, 0x00, 0x58, 0xFF, 0xFF, 0xFF, 0xFB, 0x16, 0x00, 0x00, 0x00, 0x00, 
0x3E, 0xFC, 0xFF, 0xFF, 0xFF, 0x56, 0x00, 0x00, 0x00, 0x00, 0x00, 0x00, 0x00, 0x00, 0x00, 0x00, 
0x00, 0x00, 0x00, 0x00, 0x07, 0xEC, 0xFF, 0xFF, 0xFF, 0x71, 0x00, 0x00, 0x00, 0x16, 0xE5, 0xFF, 
0xFF, 0xFF, 0x89, 0x00, 0x00, 0x00, 0x00, 0x00, 0x00, 0x00, 0x00, 0x00, 0x00, 0x00, 0x00, 0x00, 
0x00, 0x00, 0x00, 0x90, 0xFF, 0xFF, 0xFF, 0xD1, 0x00, 0x00, 0x02, 0xBB, 0xFF, 0xFF, 0xFF, 0xBB, 
0x03, 0x00, 0x00, 0x00, 0x00, 0x00, 0x00, 0x00, 0x00, 0x00, 0x00, 0x00, 0x00, 0x00, 0x00, 0x00, 
0x00, 0x2C, 0xFF, 0xFF, 0xFF, 0xFF, 0x30, 0x00, 0x80, 0xFF, 0xFF, 0xFF, 0xDF, 0x13, 0x00, 0x00, 
0x00, 0x00, 0x00, 0x00, 0x00, 0x00, 0x00, 0x00, 0x00, 0x00, 0x00, 0x00, 0x00, 0x00, 0x00, 0x00, 
0xC9, 0xFF, 0xFF, 0xFF, 0x8F, 0x44, 0xFD, 0xFF, 0xFF, 0xF6, 0x30, 0x00, 0x00, 0x00, 0x00, 0x00, 
0x00, 0x00, 0x00, 0x00, 0x00, 0x00, 0x00, 0x00, 0x00, 0x00, 0x00, 0x00, 0x00, 0x00, 0x65, 0xFF, 
0xFF, 0xFF, 0xEB, 0xE9, 0xFF, 0xFF, 0xFF, 0x5B, 0x00, 0x00, 0x00, 0x00, 0x00, 0x00, 0x00, 0x00, 
0x00, 0x00, 0x00, 0x00, 0x00, 0x00, 0x00, 0x00, 0x00, 0x00, 0x00, 0x00, 0x0C, 0xF3, 0xFF, 0xFF, 
0xFF, 0xFF, 0xFF, 0xFF, 0x8F, 0x00, 0x00, 0x00, 0x00, 0x00, 0x00, 0x00, 0x00, 0x00, 0x00, 0x00, 
0x00, 0x00, 0x00, 0x00, 0x00, 0x00, 0x00, 0x00, 0x00, 0x00, 0x00, 0x9D, 0xFF, 0xFF, 0xFF, 0xFF, 
0xFF, 0xBF, 0x04, 0x00, 0x00, 0x00, 0x00, 0x00, 0x00, 0x00, 0x00, 0x00, 0x00, 0x00, 0x00, 0x00, 
0x00, 0x00, 0x00, 0x00, 0x00, 0x00, 0x00, 0x00, 0x00, 0x71, 0xFF, 0xFF, 0xFF, 0xFF, 0xFF, 0x1E, 
0x00, 0x00, 0x00, 0x00, 0x00, 0x00, 0x00, 0x00, 0x00, 0x00, 0x00, 0x00, 0x00, 0x00, 0x00, 0x00, 
0x00, 0x00, 0x00, 0x00, 0x00, 0x00, 0x2F, 0xF5, 0xFF, 0xFF, 0xFF, 0xFF, 0xFF, 0x5F, 0x00, 0x00, 
0x00, 0x00, 0x00, 0x00, 0x00, 0x00, 0x00, 0x00, 0x00, 0x00, 0x00, 0x00, 0x00, 0x00, 0x00, 0x00, 
0x00, 0x00, 0x00, 0x12, 0xDE, 0xFF, 0xFF, 0xFF, 0xFF, 0xFF, 0xFF, 0xC6, 0x00, 0x00, 0x00, 0x00, 
0x00, 0x00, 0x00, 0x00, 0x00, 0x00, 0x00, 0x00, 0x00, 0x00, 0x00, 0x00, 0x00, 0x00, 0x00, 0x00, 
0x02, 0xB9, 0xFF, 0xFF, 0xFF, 0xB2, 0xFB, 0xFF, 0xFF, 0xFF, 0x2E, 0x00, 0x00, 0x00, 0x00, 0x00, 
0x00, 0x00, 0x00, 0x00, 0x00, 0x00, 0x00, 0x00, 0x00, 0x00, 0x00, 0x00, 0x00, 0x00, 0x87, 0xFF, 
0xFF, 0xFF, 0xD6, 0x0B, 0xB3, 0xFF, 0xFF, 0xFF, 0x96, 0x00, 0x00, 0x00, 0x00, 0x00, 0x00, 0x00, 
0x00, 0x00, 0x00, 0x00, 0x00, 0x00, 0x00, 0x00, 0x00, 0x00, 0x00, 0x53, 0xFF, 0xFF, 0xFF, 0xF5, 
0x2B, 0x00, 0x52, 0xFF, 0xFF, 0xFF, 0xF1, 0x0B, 0x00, 0x00, 0x00, 0x00, 0x00, 0x00, 0x00, 0x00, 
0x00, 0x00, 0x00, 0x00, 0x00, 0x00, 0x00, 0x00, 0x29, 0xF3, 0xFF, 0xFF, 0xFF, 0x5E, 0x00, 0x00, 
0x05, 0xEB, 0xFF, 0xFF, 0xFF, 0x65, 0x00, 0x00, 0x00, 0x00, 0x00, 0x00, 0x00, 0x00, 0x00, 0x00, 
0x00, 0x00, 0x00, 0x00, 0x00, 0x0E, 0xD9, 0xFF, 0xFF, 0xFF, 0x9D, 0x00, 0x00, 0x00, 0x00, 0x91, 
0xFF, 0xFF, 0xFF, 0xCC, 0x00, 0x00, 0x00, 0x00, 0x00, 0x00, 0x00, 0x00, 0x00, 0x00, 0x00, 0x00, 
0x00, 0x00, 0x01, 0xB1, 0xFF, 0xFF, 0xFF, 0xD2, 0x09, 0x00, 0x00, 0x00, 0x00, 0x30, 0xFF, 0xFF, 
0xFF, 0xFF, 0x34, 0x00, 0x00, 0x00, 0x00, 0x00, 0x00, 0x00, 0x00, 0x00, 0x00, 0x00, 0x00, 0x00, 
0x7F, 0xFF, 0xFF, 0xFF, 0xF3, 0x27, 0x00, 0x00, 0x00, 0x00, 0x00, 0x00, 0xD0, 0xFF, 0xFF, 0xFF, 
0x9C, 0x00, 0x00, 0x00, 0x00, 0x00, 0x00, 0x00, 0x00, 0x00, 0x00, 0x00, 0x00, 0x4B, 0xFE, 0xFF, 
0xFF, 0xFF, 0x59, 0x00, 0x00, 0x00, 0x00, 0x00, 0x00, 0x00, 0x6F, 0xFF, 0xFF, 0xFF, 0xF4, 0x0E, 
0x00, 0x00, 0x00, 0x00, 0x00, 0x00, 0x00, 0x00, 0x00, 0x00, 0x24, 0xF0, 0xFF, 0xFF, 0xFF, 0x97, 
0x00, 0x00, 0x00, 0x00, 0x00, 0x00, 0x00, 0x00, 0x14, 0xF9, 0xFF, 0xFF, 0xFF, 0x6B, 0x00, 0x00, 
0x00, 0x00, 0x00, 0x00, 0x00, 0x00, 0x00, 0x0B, 0xD4, 0xFF, 0xFF, 0xFF, 0xCE, 0x07, 0x00, 0x00, 
0x00, 0x00, 0x00, 0x00, 0x00, 0x00, 0x00, 0xAD, 0xFF, 0xFF, 0xFF, 0xD2, 0x00, 0x00, 0x00, 0x00, 
0x00, 0x00, 0x00, 0x00, 0x00, 0xAA, 0xFF, 0xFF, 0xFF, 0xF1, 0x23, 0x00, 0x00, 0x00, 0x00, 0x00, 
0x00, 0x00, 0x00, 0x00, 0x00, 0x4D, 0xFF, 0xFF, 0xFF, 0xFF, 0x3A, 0x00, 0x00, 0x00, 0x00, 0x00, 
0x00, 0x00, 0x71, 0xFF, 0xFF, 0xFF, 0xFF, 0x54, 0x00, 0x00, 0x00, 0x00, 0x00, 0x00, 0x00, 0x00, 
0x00, 0x00, 0x00, 0x04, 0xE7, 0xFF, 0xFF, 0xFF, 0x9C, 0x00, 0x00, 0x00, 0x00, 0x00, 0x00, 0x01, 
0xED, 0xFF, 0xFF, 0xFE, 0x83, 0x00, 0x00, 0x00, 0x00, 0x00, 0x00, 0x00, 0x00, 0x00, 0x00, 0x00, 
0x00, 0x00, 0x80, 0xFF, 0xFF, 0xFF, 0xB1, 0x00, 0x00, 0x00, 0x00, 0x00, 0x00, 0x00, 0x0C, 0x21, 
0x20, 0x0D, 0x00, 0x00, 0x00, 0x00, 0x00, 0x00, 0x00, 0x00, 0x00, 0x00, 0x00, 0x00, 0x00, 0x00, 
0x00, 0x16, 0x23, 0x1D, 0x02, 0x00, 0x00, 0x00, 0x00, 0x00, 0x00, 0x00, 0x00, 0x00, 0x00, 0x00, 
0x00, 0x4A, 0x72, 0x70, 0x37, 0x00, 0x00, 0x00, 0x00, 0x00, 0x00, 0x00, 0x00, 0x00, 0x00, 0x00, 
0x00, 0x00, 0x12, 0x61, 0x74, 0x67, 0x17, 0x00, 0x00, 0x00, 0x00, 0x00, 0x42, 0xFF, 0xFF, 0xFF, 
0xC7, 0x00, 0x00, 0x00, 0x00, 0x00, 0x00, 0x00, 0x00, 0x00, 0x00, 0x00, 0x00, 0x00, 0x9A, 0xFF, 
0xFF, 0xFF, 0x68, 0x00, 0x00, 0x00, 0x00, 0x00, 0x78, 0xFF, 0xFF, 0xFF, 0x97, 0x00, 0x00, 0x00, 
0x00, 0x00, 0x00, 0x00, 0x00, 0x00, 0x00, 0x00, 0x00, 0x00, 0xD1, 0xFF, 0xFF, 0xFF, 0x37, 0x00, 
0x00, 0x00, 0x00, 0x00, 0xAB, 0xFF, 0xFF, 0xFF, 0x63, 0x00, 0x00, 0x00, 0x00, 0x00, 0x00, 0x00, 
0x00, 0x00, 0x00, 0x00, 0x00, 0x08, 0xFB, 0xFF, 0xFF, 0xFB, 0x08, 0x00, 0x00, 0x00, 0x00, 0x00, 
0xDE, 0xFF, 0xFF, 0xFF, 0x30, 0x00, 0x00, 0x00, 0x00, 0x00, 0x00, 0x00, 0x00, 0x00, 0x00, 0x00, 
0x00, 0x37, 0xFF, 0xFF, 0xFF, 0xD0, 0x00, 0x00, 0x00, 0x00, 0x00, 0x11, 0xFF, 0xFF, 0xFF, 0xF8, 
0x05, 0x00, 0x00, 0x00, 0x00, 0x00, 0x00, 0x00, 0x00, 0x00, 0x00, 0x00, 0x00, 0x6B, 0xFF, 0xFF, 
0xFF, 0x9C, 0x00, 0x00, 0x00, 0x00, 0x00, 0x44, 0xFF, 0xFF, 0xFF, 0xC9, 0x00, 0x00, 0x00, 0x00, 
0x00, 0x00, 0x00, 0x00, 0x00, 0x00, 0x00, 0x00, 0x00, 0x9E, 0xFF, 0xFF, 0xFF, 0x68, 0x00, 0x00, 
0x00, 0x00, 0x00, 0x76, 0xFF, 0xFF, 0xFF, 0x96, 0x00, 0x00, 0x00, 0x00, 0x00, 0x00, 0x00, 0x00, 
0x00, 0x00, 0x00, 0x00, 0x00, 0xD2, 0xFF, 0xFF, 0xFF, 0x35, 0x00, 0x00, 0x00, 0x00, 0x00, 0xA9, 
0xFF, 0xFF, 0xFF, 0x62, 0x00, 0x00, 0x00, 0x00, 0x00, 0x00, 0x00, 0x00, 0x00, 0x00, 0x00, 0x00, 
0x09, 0xFB, 0xFF, 0xFF, 0xFA, 0x07, 0x00, 0x00, 0x00, 0x00, 0x00, 0xDC, 0xFF, 0xFF, 0xFF, 0x2F, 
0x00, 0x00, 0x00, 0x00, 0x00, 0x00, 0x00, 0x00, 0x00, 0x00, 0x00, 0x00, 0x39, 0xFF, 0xFF, 0xFF, 
0xCE, 0x00, 0x00, 0x00, 0x00, 0x00, 0x10, 0xFE, 0xFF, 0xFF, 0xF7, 0x04, 0x00, 0x00, 0x00, 0x00, 
0x00, 0x00, 0x00, 0x00, 0x00, 0x00, 0x00, 0x00, 0x6C, 0xFF, 0xFF, 0xFF, 0x9A, 0x00, 0x00, 0x00, 
0x00, 0x00, 0x42, 0xFF, 0xFF, 0xFF, 0xC8, 0x00, 0x00, 0x00, 0x00, 0x00, 0x00, 0x00, 0x00, 0x00, 
0x00, 0x00, 0x00, 0x00, 0xA0, 0xFF, 0xFF, 0xFF, 0x66, 0x00, 0x00, 0x00, 0x00, 0x00, 0x75, 0xFF, 
0xFF, 0xFF, 0x94, 0x00, 0x00, 0x00, 0x00, 0x00, 0x00, 0x00, 0x00, 0x00, 0x00, 0x00, 0x00, 0x00, 
0xD3, 0xFF, 0xFF, 0xFF, 0x33, 0x00, 0x00, 0x00, 0x00, 0x00, 0xA8, 0xFF, 0xFF, 0xFF, 0x61, 0x00, 
0x00, 0x00, 0x00, 0x00, 0x00, 0x00, 0x00, 0x00, 0x00, 0x00, 0x00, 0x09, 0xFC, 0xFF, 0xFF, 0xF9, 
0x06, 0x00, 0x00, 0x00, 0x00, 0x00, 0xDB, 0xFF, 0xFF, 0xFF, 0x2E, 0x00, 0x00, 0x00, 0x00, 0x00, 
0x00, 0x00, 0x00, 0x00, 0x00, 0x00, 0x00, 0x3A, 0xFF, 0xFF, 0xFF, 0xCC, 0x00, 0x00, 0x00, 0x00, 
0x00, 0x0F, 0xFE, 0xFF, 0xFF, 0xF6, 0x04, 0x00, 0x00, 0x00, 0x00, 0x00, 0x00, 0x00, 0x00, 0x00, 
0x00, 0x00, 0x00, 0x6D, 0xFF, 0xFF, 0xFF, 0x98, 0x00, 0x00, 0x00, 0x00, 0x00, 0x41, 0xFF, 0xFF, 
0xFF, 0xC7, 0x00, 0x00, 0x00, 0x00, 0x00, 0x00, 0x00, 0x00, 0x00, 0x00, 0x00, 0x00, 0x00, 0xA1, 
0xFF, 0xFF, 0xFF, 0x64, 0x00, 0x00, 0x00, 0x00, 0x00, 0x74, 0xFF, 0xFF, 0xFF, 0x93, 0x00, 0x00, 
0x00, 0x00, 0x00, 0x00, 0x00, 0x00, 0x00, 0x00, 0x00, 0x00, 0x00, 0xD4, 0xFF, 0xFF, 0xFF, 0x31, 
0x00, 0x00, 0x00, 0x00, 0x00, 0xA7, 0xFF, 0xFF, 0xFF, 0x60, 0x00, 0x00, 0x00, 0x00, 0x00, 0x00, 
0x00, 0x00, 0x00, 0x00, 0x00, 0x00, 0x0A, 0xFC, 0xFF, 0xFF, 0xF8, 0x05, 0x00, 0x00, 0x00, 0x00, 
0x00, 0xDA, 0xFF, 0xFF, 0xFF, 0x2C, 0x00, 0x00, 0x00, 0x00, 0x00, 0x00, 0x00, 0x00, 0x00, 0x00, 
0x00, 0x00, 0x3B, 0xFF, 0xFF, 0xFF, 0xCA, 0x00, 0x00, 0x00, 0x00, 0x00, 0x0E, 0xFE, 0xFF, 0xFF, 
0xF5, 0x03, 0x00, 0x00, 0x00, 0x00, 0x00, 0x00, 0x00, 0x00, 0x00, 0x00, 0x00, 0x00, 0x6F, 0xFF, 
0xFF, 0xFF, 0x96, 0x00, 0x00, 0x00, 0x00, 0x00, 0x40, 0xFF, 0xFF, 0xFF, 0xC5, 0x00, 0x00, 0x00, 
0x00, 0x00, 0x00, 0x00, 0x00, 0x00, 0x00, 0x00, 0x00, 0x00, 0xA2, 0xFF, 0xFF, 0xFF, 0x62, 0x00, 
0x00, 0x00, 0x00, 0x00, 0x73, 0xFF, 0xFF, 0xFF, 0x92, 0x00, 0x00, 0x00, 0x00, 0x00, 0x00, 0x00, 
0x00, 0x00, 0x00, 0x00, 0x00, 0x00, 0xD5, 0xFF, 0xFF, 0xFF, 0x2F, 0x00, 0x00, 0x00, 0x00, 0x00, 
0xA6, 0xFF, 0xFF, 0xFF, 0x5F, 0x00, 0x00, 0x00, 0x00, 0x00, 0x00, 0x00, 0x00, 0x00, 0x00, 0x00, 
0x00, 0x0B, 0xFD, 0xFF, 0xFF, 0xF7, 0x04, 0x00, 0x00, 0x00, 0x00, 0x00, 0xD8, 0xFF, 0xFF, 0xFF, 
0x2B, 0x00, 0x00, 0x00, 0x00, 0x00, 0x00, 0x00, 0x00, 0x00, 0x00, 0x00, 0x00, 0x3C, 0xFF, 0xFF, 
0xFF, 0xC8, 0x00, 0x00, 0x00, 0x00, 0x00, 0x0D, 0xFE, 0xFF, 0xFF, 0xF5, 0x03, 0x00, 0x00, 0x00, 
0x00, 0x00, 0x00, 0x00, 0x00, 0x00, 0x00, 0x00, 0x00, 0x70, 0xFF, 0xFF, 0xFF, 0x94, 0x00, 0x00, 
0x00, 0x00, 0x00, 0x3E, 0xFF, 0xFF, 0xFF, 0xC4, 0x00, 0x00, 0x00, 0x00, 0x00, 0x00, 0x00, 0x00, 
0x00, 0x00, 0x00, 0x00, 0x00, 0xA3, 0xFF, 0xFF, 0xFF, 0x60, 0x00, 0x00, 0x00, 0x00, 0x00, 0x71, 
0xFF, 0xFF, 0xFF, 0xCB, 0x78, 0x78, 0x78, 0x78, 0x78, 0x78, 0x78, 0x78, 0x78, 0x78, 0x78, 0x78, 
0x78, 0xE3, 0xFF, 0xFF, 0xFF, 0x96, 0x78, 0x78, 0x5D, 0x00, 0x00, 0xA4, 0xFF, 0xFF, 0xFF, 0xFF, 
0xFF, 0xFF, 0xFF, 0xFF, 0xFF, 0xFF, 0xFF, 0xFF, 0xFF, 0xFF, 0xFF, 0xFF, 0xFF, 0xFF, 0xFF, 0xFF, 
0xFF, 0xFF, 0xFF, 0xFF, 0xE6, 0x00, 0x00, 0xD2, 0xFF, 0xFF, 0xFF, 0xFF, 0xFF, 0xFF, 0xFF, 0xFF, 
0xFF, 0xFF, 0xFF, 0xFF, 0xFF, 0xFF, 0xFF, 0xFF, 0xFF, 0xFF, 0xFF, 0xFF, 0xFF, 0xFF, 0xFF, 0xFF, 
0xB9, 0x00, 0x00, 0xA4, 0xFE, 0xFF, 0xFF, 0xFF, 0xFF, 0xFF, 0xFF, 0xFF, 0xFF, 0xFF, 0xFF, 0xFF, 
0xFF, 0xFF, 0xFF, 0xFF, 0xFF, 0xFF, 0xFF, 0xFF, 0xFF, 0xFF, 0xFF, 0xFF, 0x87, 0x00, 0x00, 0x00, 
0x00, 0x00, 0x00, 0x00, 0x00, 0x00, 0x00, 0x00, 0x00, 0x00, 0x00, 0x00, 0x00, 0x00, 0x00, 0x00, 
0x00, 0x00, 0x00, 0x00, 0x19, 0xFF, 0xFF, 0xFF, 0x54, 0x00, 0x00, 0x00, 0x00, 0x00, 0x00, 0x00, 
0x00, 0x00, 0x00, 0x00, 0x00, 0x00, 0x00, 0x00, 0x00, 0x00, 0x00, 0x00, 0x00, 0x00, 0x00, 0x00, 
0x4E, 0xFF, 0xFF, 0xFF, 0x22, 0x00, 0x00, 0x00, 0x00, 0x00, 0x00, 0x00, 0x00, 0x00, 0x00, 0x00, 
0x00, 0x00, 0x00, 0x00, 0x00, 0x00, 0x00, 0x00, 0x00, 0x00, 0x00, 0x00, 0x82, 0xFF, 0xFF, 0xEE, 
0x00, 0x00, 0x00, 0x00, 0x00, 0x00, 0x00, 0x00, 0x00, 0x00, 0x00, 0x00, 0x00, 0x00, 0x00, 0x00, 
0x00, 0x00, 0x00, 0x00, 0x00, 0x00, 0x00, 0x00, 0xB6, 0xFF, 0xFF, 0xBD, 0x00, 0x00, 0x00, 0x00, 
0x00, 0x00, 0x00, 0x00, 0x00, 0x00, 0x00, 0x00, 0x00, 0x00, 0x00, 0x00, 0x00, 0x00, 0x00, 0x00, 
0x00, 0x00, 0x00, 0x00, 0xE9, 0xFF, 0xFF, 0x8A, 0x00, 0x00, 0x00, 0x00, 0x00, 0x00, 0x00, 0x00, 
0x00, 0x00, 0x00, 0x00, 0x00, 0x00, 0x00, 0x00, 0x00, 0x00, 0x00, 0x00, 0x00, 0x00, 0x00, 0x1E, 
0xFF, 0xFF, 0xFF, 0x58, 0x00, 0x00, 0x00, 0x00, 0x00, 0x00, 0x00, 0x00, 0x00, 0x00, 0x00, 0x00, 
0x00, 0x00, 0x00, 0x00, 0x00, 0x00, 0x00, 0x00, 0x00, 0x00, 0x00, 0x52, 0xFF, 0xFF, 0xFF, 0x25, 
0x00, 0x00, 0x00, 0x00, 0x00, 0x00, 0x00, 0x00, 0x00, 0x00, 0x00, 0x00, 0x00, 0x00, 0x00, 0x00, 
0x00, 0x00, 0x00, 0x00, 0x00, 0x00, 0x00, 0x67, 0xFD, 0xFF, 0xD4, 0x01, 0x00, 0x00, 0x00, 0x00, 
0x00, 0x00, 0x00, 0x00, 0x00, 0x00, 0x00, 0x00, 0x00, 0x00, 0x00, 0x00, 0x00, 0x00, 0x00, 0x00, 
0x00, 0x00, 0x00, 0x00, 0x03, 0x08, 0x00, 0x00, 0x00, 0x00, 0x00, 0x00, 0x00, 0x0F, 0x5E, 0x73, 
0x64, 0x16, 0x00, 0x00, 0x00, 0x00, 0x00, 0x00, 0x00, 0x00, 0x00, 0x00, 0x00, 0x15, 0x5F, 0x73, 
0x62, 0x10, 0x00, 0x00, 0x8B, 0xFF, 0xFF, 0xFF, 0x6C, 0x00, 0x00, 0x00, 0x00, 0x00, 0x00, 0x00, 
0x00, 0x00, 0x00, 0x00, 0xAE, 0xFF, 0xFF, 0xFF, 0x50, 0x00, 0x00, 0xC2, 0xFF, 0xFF, 0xFF, 0x3D, 
0x00, 0x00, 0x00, 0x00, 0x00, 0x00, 0x00, 0x00, 0x00, 0x00, 0x00, 0xE4, 0xFF, 0xFF, 0xFF, 0x1F, 
0x00, 0x02, 0xF4, 0xFF, 0xFF, 0xFE, 0x0D, 0x00, 0x00, 0x00, 0x00, 0x00, 0x00, 0x00, 0x00, 0x00, 
0x00, 0x17, 0xFF, 0xFF, 0xFF, 0xEC, 0x00, 0x00, 0x2B, 0xFF, 0xFF, 0xFF, 0xD9, 0x00, 0x00, 0x00, 
0x00, 0x00, 0x00, 0x00, 0x00, 0x00, 0x00, 0x00, 0x4B, 0xFF, 0xFF, 0xFF, 0xB9, 0x00, 0x00, 0x60, 
0xFF, 0xFF, 0xFF, 0xA8, 0x00, 0x00, 0x00, 0x00, 0x00, 0x00, 0x00, 0x00, 0x00, 0x00, 0x00, 0x7E, 
0xFF, 0xFF, 0xFF, 0x86, 0x00, 0x00, 0x95, 0xFF, 0xFF, 0xFF, 0x76, 0x00, 0x00, 0x00, 0x00, 0x00, 
0x00, 0x00, 0x00, 0x00, 0x00, 0x00, 0xB1, 0xFF, 0xFF, 0xFF, 0x53, 0x00, 0x00, 0xCA, 0xFF, 0xFF, 
0xFF, 0x44, 0x00, 0x00, 0x00, 0x00, 0x00, 0x00, 0x00, 0x00, 0x00, 0x00, 0x00, 0xE4, 0xFF, 0xFF, 
0xFF, 0x20, 0x00, 0x05, 0xF8, 0xFF, 0xFF, 0xFF, 0x12, 0x00, 0x00, 0x00, 0x00, 0x00, 0x00, 0x00, 
0x00, 0x00, 0x00, 0x17, 0xFF, 0xFF, 0xFF, 0xED, 0x00, 0x00, 0x32, 0xFF, 0xFF, 0xFF, 0xE1, 0x00, 
0x00, 0x00, 0x00, 0x00, 0x00, 0x00, 0x00, 0x00, 0x00, 0x00, 0x4B, 0xFF, 0xFF, 0xFF, 0xBA, 0x00, 
0x00, 0x60, 0xFF, 0xFF, 0xFF, 0xB8, 0x00, 0x00, 0x00, 0x00, 0x00, 0x00, 0x00, 0x00, 0x00, 0x00, 
0x00, 0x7E, 0xFF, 0xFF, 0xFF, 0x87, 0x00, 0x00, 0x7B, 0xFF, 0xFF, 0xFF, 0xA5, 0x00, 0x00, 0x00, 
0x00, 0x00, 0x00, 0x00, 0x00, 0x00, 0x00, 0x00, 0xB1, 0xFF, 0xFF, 0xFF, 0x54, 0x00, 0x00, 0x87, 
0xFF, 0xFF, 0xFF, 0xAB, 0x00, 0x00, 0x00, 0x00, 0x00, 0x00, 0x00, 0x00, 0x00, 0x00, 0x00, 0xE4, 
0xFF, 0xFF, 0xFF, 0x21, 0x00, 0x00, 0x76, 0xFF, 0xFF, 0xFF, 0xE1, 0x03, 0x00, 0x00, 0x00, 0x00, 
0x00, 0x00, 0x00, 0x00, 0x00, 0x17, 0xFF, 0xFF, 0xFF, 0xEE, 0x00, 0x00, 0x00, 0x51, 0xFF, 0xFF, 
0xFF, 0xFF, 0x92, 0x04, 0x00, 0x00, 0x00, 0x00, 0x00, 0x00, 0x00, 0x00, 0x4B, 0xFF, 0xFF, 0xFF, 
0xBB, 0x00, 0x00, 0x00, 0x09, 0xF2, 0xFF, 0xFF, 0xFF, 0xFF, 0xE0, 0x90, 0x66, 0x55, 0x52, 0x58, 
0x5E, 0x6E, 0x85, 0xC3, 0xFF, 0xFF, 0xFF, 0x88, 0x00, 0x00, 0x00, 0x00, 0x62, 0xFF, 0xFF, 0xFF, 
0xFF, 0xFF, 0xFF, 0xFF, 0xFF, 0xFF, 0xFF, 0xFF, 0xFF, 0xFF, 0xFF, 0xFF, 0xFF, 0xFF, 0x55, 0x00, 
0x00, 0x00, 0x00, 0x00, 0x66, 0xF6, 0xFF, 0xFF, 0xFF, 0xFF, 0xFF, 0xFF, 0xFF, 0xFF, 0xFF, 0xFF, 
0xFF, 0xFF, 0xFF, 0xFF, 0xFF, 0x22, 0x00, 0x00, 0x00, 0x00, 0x00, 0x00, 0x14, 0x75, 0xB9, 0xE9, 
0xFE, 0xFF, 0xFF, 0xFF, 0xFF, 0xFE, 0xEC, 0xDA, 0xFF, 0xFF, 0xFF, 0xEE, 0x00, 0x00, 0x00, 0x00, 
0x00, 0x00, 0x00, 0x00, 0x00, 0x00, 0x00, 0x07, 0x17, 0x20, 0x1D, 0x12, 0x05, 0x00, 0x45, 0xFF, 
0xFF, 0xFF, 0xBC, 0x00, 0x00, 0x00, 0x00, 0x00, 0x00, 0x00, 0x00, 0x00, 0x00, 0x00, 0x00, 0x00, 
0x00, 0x00, 0x00, 0x00, 0x00, 0x78, 0xFF, 0xFF, 0xFF, 0x89, 0x00, 0x00, 0x00, 0x00, 0x00, 0x00, 
0x00, 0x00, 0x00, 0x00, 0x00, 0x00, 0x00, 0x00, 0x00, 0x00, 0x00, 0x00, 0xAC, 0xFF, 0xFF, 0xFF, 
0x56, 0x00, 0x00, 0x00, 0x00, 0x00, 0x00, 0x00, 0x00, 0x00, 0x00, 0x00, 0x00, 0x00, 0x00, 0x00, 
0x00, 0x00, 0x00, 0xDF, 0xFF, 0xFF, 0xFF, 0x22, 0x00, 0x00, 0x00, 0x00, 0x00, 0x00, 0x00, 0x00, 
0x00, 0x00, 0x00, 0x00, 0x00, 0x00, 0x00, 0x00, 0x00, 0x12, 0xFF, 0xFF, 0xFF, 0xEF, 0x00, 0x00, 
0x00, 0x00, 0x00, 0x00, 0x00, 0x00, 0x00, 0x00, 0x00, 0x00, 0x00, 0x00, 0x00, 0x00, 0x00, 0x00, 
0x45, 0xFF, 0xFF, 0xFF, 0xBC, 0x00, 0x00, 0x00, 0x00, 0x00, 0x00, 0x00, 0x00, 0x00, 0x00, 0x00, 
0x00, 0x00, 0x00, 0x00, 0x00, 0x00, 0x00, 0x79, 0xFF, 0xFF, 0xFF, 0x89, 0x00, 0x00, 0x00, 0x00, 
0x00, 0x00, 0x00, 0x00, 0x00, 0x00, 0x00, 0x00, 0x00, 0x00, 0x00, 0x00, 0x00, 0x00, 0xAC, 0xFF, 
0xFF, 0xFF, 0x56, 0x00, 0x00, 0x00, 0x00, 0x00, 0x00, 0x00, 0x00, 0x00, 0x00, 0x00, 0x00, 0x00, 
0x00, 0x00, 0x00, 0x00, 0x00, 0xDF, 0xFF, 0xFF, 0xFF, 0x23, 0x00, 0x00, 0x00, 0x00, 0x00, 0x00, 
0x00, 0x00, 0x00, 0x00, 0x00, 0x00, 0x00, 0x00, 0x00, 0x00, 0x00, 0x12, 0xFF, 0xFF, 0xFF, 0xEF, 
0x01, 0x00, 0x00, 0x00, 0x00, 0x00, 0x00, 0x00, 0x00, 0x00, 0x00, 0x00, 0x00, 0x00, 0x00, 0x00, 
0x00, 0x00, 0x46, 0xFF, 0xFF, 0xFF, 0xBD, 0x00, 0x00, 0x00, 0x00, 0x00, 0x00, 0x00, 0x00, 0x00, 
0x00, 0x00, 0x00, 0x00, 0x00, 0x00, 0x00, 0x00, 0x00, 0x60, 0xFF, 0xFF, 0xFF, 0x71, 0x00, 0x00, 
0x00, 0x00, 0x00, 0x00, 0x00, 0x00, 0x00, 0x00, 0x00, 0x00, 0x00, 0x00, 0x00, 0x00, 0x00, 0x00, 
0x00, 0x13, 0x21, 0x10, 0x00, 0x00, 0x00, 0x00, 0x00, 0x00, 0x00, 0x00, 0x00, 0x00, 0x00, 0x00, 
0x01, 0x4F, 0x72, 0x6F, 0x30, 0x00, 0x00, 0x00, 0x00, 0x00, 0x00, 0x00, 0x00, 0x00, 0x00, 0x08, 
0x5A, 0x73, 0x6B, 0x20, 0x00, 0x00, 0x00, 0x00, 0x00, 0x00, 0x00, 0x00, 0x00, 0x00, 0x15, 0x62, 
0x74, 0x62, 0x10, 0x00, 0x00, 0x00, 0x00, 0x00, 0x43, 0xFF, 0xFF, 0xFF, 0xB3, 0x00, 0x00, 0x00, 
0x00, 0x00, 0x00, 0x00, 0x00, 0x00, 0x00, 0x6B, 0xFF, 0xFF, 0xFF, 0x84, 0x00, 0x00, 0x00, 0x00, 
0x00, 0x00, 0x00, 0x00, 0x00, 0x00, 0xA3, 0xFF, 0xFF, 0xFF, 0x5B, 0x00, 0x00, 0x00, 0x00, 0x00, 
0x79, 0xFF, 0xFF, 0xFF, 0x82, 0x00, 0x00, 0x00, 0x00, 0x00, 0x00, 0x00, 0x00, 0x00, 0x00, 0xA1, 
0xFF, 0xFF, 0xFF, 0x53, 0x00, 0x00, 0x00, 0x00, 0x00, 0x00, 0x00, 0x00, 0x00, 0x00, 0xD9, 0xFF, 
0xFF, 0xFF, 0x2B, 0x00, 0x00, 0x00, 0x00, 0x00, 0xAC, 0xFF, 0xFF, 0xFF, 0x4F, 0x00, 0x00, 0x00, 
0x00, 0x00, 0x00, 0x00, 0x00, 0x00, 0x00, 0xD4, 0xFF, 0xFF, 0xFF, 0x20, 0x00, 0x00, 0x00, 0x00, 
0x00, 0x00, 0x00, 0x00, 0x00, 0x0D, 0xFE, 0xFF, 0xFF, 0xF5, 0x03, 0x00, 0x00, 0x00, 0x00, 0x00, 
0xDF, 0xFF, 0xFF, 0xFF, 0x1C, 0x00, 0x00, 0x00, 0x00, 0x00, 0x00, 0x00, 0x00, 0x00, 0x0A, 0xFC, 
0xFF, 0xFF, 0xEC, 0x00, 0x00, 0x00, 0x00, 0x00, 0x00, 0x00, 0x00, 0x00, 0x00, 0x3F, 0xFF, 0xFF, 
0xFF, 0xC5, 0x00, 0x00, 0x00, 0x00, 0x00, 0x12, 0xFF, 0xFF, 0xFF, 0xE9, 0x00, 0x00, 0x00, 0x00, 
0x00, 0x00, 0x00, 0x00, 0x00, 0x00, 0x3B, 0xFF, 0xFF, 0xFF, 0xB9, 0x00, 0x00, 0x00, 0x00, 0x00, 
0x00, 0x00, 0x00, 0x00, 0x00, 0x72, 0xFF, 0xFF, 0xFF, 0x91, 0x00, 0x00, 0x00, 0x00, 0x00, 0x45, 
0xFF, 0xFF, 0xFF, 0xB6, 0x00, 0x00, 0x00, 0x00, 0x00, 0x00, 0x00, 0x00, 0x00, 0x00, 0x6E, 0xFF, 
0xFF, 0xFF, 0x86, 0x00, 0x00, 0x00, 0x00, 0x00, 0x00, 0x00, 0x00, 0x00, 0x00, 0xA6, 0xFF, 0xFF, 
0xFF, 0x5E, 0x00, 0x00, 0x00, 0x00, 0x00, 0x78, 0xFF, 0xFF, 0xFF, 0x83, 0x00, 0x00, 0x00, 0x00, 
0x00, 0x00, 0x00, 0x00, 0x00, 0x00, 0xA2, 0xFF, 0xFF, 0xFF, 0x53, 0x00, 0x00, 0x00, 0x00, 0x00, 
0x00, 0x00, 0x00, 0x00, 0x00, 0xD9, 0xFF, 0xFF, 0xFF, 0x2B, 0x00, 0x00, 0x00, 0x00, 0x00, 0xAB, 
0xFF, 0xFF, 0xFF, 0x50, 0x00, 0x00, 0x00, 0x00, 0x00, 0x00, 0x00, 0x00, 0x00, 0x00, 0xD5, 0xFF, 
0xFF, 0xFF, 0x20, 0x00, 0x00, 0x00, 0x00, 0x00, 0x00, 0x00, 0x00, 0x00, 0x0D, 0xFE, 0xFF, 0xFF, 
0xF5, 0x03, 0x00, 0x00, 0x00, 0x00, 0x00, 0xDE, 0xFF, 0xFF, 0xFF, 0x1D, 0x00, 0x00, 0x00, 0x00, 
0x00, 0x00, 0x00, 0x00, 0x00, 0x0B, 0xFD, 0xFF, 0xFF, 0xEC, 0x00, 0x00, 0x00, 0x00, 0x00, 0x00, 
0x00, 0x00, 0x00, 0x00, 0x3F, 0xFF, 0xFF, 0xFF, 0xC4, 0x00, 0x00, 0x00, 0x00, 0x00, 0x11, 0xFF, 
0xFF, 0xFF, 0xEA, 0x00, 0x00, 0x00, 0x00, 0x00, 0x00, 0x00, 0x00, 0x00, 0x00, 0x3C, 0xFF, 0xFF, 
0xFF, 0xB9, 0x00, 0x00, 0x00, 0x00, 0x00, 0x00, 0x00, 0x00, 0x00, 0x00, 0x72, 0xFF, 0xFF, 0xFF, 
0x91, 0x00, 0x00, 0x00, 0x00, 0x00, 0x44, 0xFF, 0xFF, 0xFF, 0xB7, 0x00, 0x00, 0x00, 0x00, 0x00, 
0x00, 0x00, 0x00, 0x00, 0x00, 0x6F, 0xFF, 0xFF, 0xFF, 0x86, 0x00, 0x00, 0x00, 0x00, 0x00, 0x00, 
0x00, 0x00, 0x00, 0x00, 0xA5, 0xFF, 0xFF, 0xFF, 0x5E, 0x00, 0x00, 0x00, 0x00, 0x00, 0x77, 0xFF, 
0xFF, 0xFF, 0x84, 0x00, 0x00, 0x00, 0x00, 0x00, 0x00, 0x00, 0x00, 0x00, 0x00, 0xA2, 0xFF, 0xFF, 
0xFF, 0x53, 0x00, 0x00, 0x00, 0x00, 0x00, 0x00, 0x00, 0x00, 0x00, 0x00, 0xD9, 0xFF, 0xFF, 0xFF, 
0x2B, 0x00, 0x00, 0x00, 0x00, 0x00, 0xAA, 0xFF, 0xFF, 0xFF, 0x51, 0x00, 0x00, 0x00, 0x00, 0x00, 
0x00, 0x00, 0x00, 0x00, 0x00, 0xD6, 0xFF, 0xFF, 0xFF, 0x20, 0x00, 0x00, 0x00, 0x00, 0x00, 0x00, 
0x00, 0x00, 0x00, 0x0D, 0xFE, 0xFF, 0xFF, 0xF5, 0x03, 0x00, 0x00, 0x00, 0x00, 0x00, 0xDD, 0xFF, 
0xFF, 0xFF, 0x1E, 0x00, 0x00, 0x00, 0x00, 0x00, 0x00, 0x00, 0x00, 0x00, 0x0B, 0xFD, 0xFF, 0xFF, 
0xEC, 0x00, 0x00, 0x00, 0x00, 0x00, 0x00, 0x00, 0x00, 0x00, 0x00, 0x3F, 0xFF, 0xFF, 0xFF, 0xC4, 
0x00, 0x00, 0x00, 0x00, 0x00, 0x10, 0xFF, 0xFF, 0xFF, 0xEB, 0x00, 0x00, 0x00, 0x00, 0x00, 0x00, 
0x00, 0x00, 0x00, 0x00, 0x3C, 0xFF, 0xFF, 0xFF, 0xB9, 0x00, 0x00, 0x00, 0x00, 0x00, 0x00, 0x00, 
0x00, 0x00, 0x00, 0x72, 0xFF, 0xFF, 0xFF, 0x91, 0x00, 0x00, 0x00, 0x00, 0x00, 0x43, 0xFF, 0xFF, 
0xFF, 0xB8, 0x00, 0x00, 0x00, 0x00, 0x00, 0x00, 0x00, 0x00, 0x00, 0x00, 0x70, 0xFF, 0xFF, 0xFF, 
0x86, 0x00, 0x00, 0x00, 0x00, 0x00, 0x00, 0x00, 0x00, 0x00, 0x00, 0xA5, 0xFF, 0xFF, 0xFF, 0x5E, 
0x00, 0x00, 0x00, 0x00, 0x00, 0x76, 0xFF, 0xFF, 0xFF, 0x85, 0x00, 0x00, 0x00, 0x00, 0x00, 0x00, 
0x00, 0x00, 0x00, 0x00, 0xA3, 0xFF, 0xFF, 0xFF, 0x53, 0x00, 0x00, 0x00, 0x00, 0x00, 0x00, 0x00, 
0x00, 0x00, 0x00, 0xD8, 0xFF, 0xFF, 0xFF, 0x2B, 0x00, 0x00, 0x00, 0x00, 0x00, 0xA9, 0xFF, 0xFF, 
0xFF, 0x52, 0x00, 0x00, 0x00, 0x00, 0x00, 0x00, 0x00, 0x00, 0x00, 0x00, 0xD6, 0xFF, 0xFF, 0xFF, 
0x20, 0x00, 0x00, 0x00, 0x00, 0x00, 0x00, 0x00, 0x00, 0x00, 0x0D, 0xFE, 0xFF, 0xFF, 0xF4, 0x02, 
0x00, 0x00, 0x00, 0x00, 0x00, 0xDC, 0xFF, 0xFF, 0xFF, 0x1F, 0x00, 0x00, 0x00, 0x00, 0x00, 0x00, 
0x00, 0x00, 0x00, 0x0C, 0xFD, 0xFF, 0xFF, 0xEC, 0x00, 0x00, 0x00, 0x00, 0x00, 0x00, 0x00, 0x00, 
0x00, 0x00, 0x3F, 0xFF, 0xFF, 0xFF, 0xC4, 0x00, 0x00, 0x00, 0x00, 0x00, 0x10, 0xFE, 0xFF, 0xFF, 
0xEC, 0x00, 0x00, 0x00, 0x00, 0x00, 0x00, 0x00, 0x00, 0x00, 0x00, 0x3D, 0xFF, 0xFF, 0xFF, 0xB9, 
0x00, 0x00, 0x00, 0x00, 0x00, 0x00, 0x00, 0x00, 0x00, 0x00, 0x72, 0xFF, 0xFF, 0xFF, 0x91, 0x00, 
0x00, 0x00, 0x00, 0x00, 0x42, 0xFF, 0xFF, 0xFF, 0xB9, 0x00, 0x00, 0x00, 0x00, 0x00, 0x00, 0x00, 
0x00, 0x00, 0x00, 0x70, 0xFF, 0xFF, 0xFF, 0x86, 0x00, 0x00, 0x00, 0x00, 0x00, 0x00, 0x00, 0x00, 
0x00, 0x00, 0xA5, 0xFF, 0xFF, 0xFF, 0x5E, 0x00, 0x00, 0x00, 0x00, 0x00, 0x75, 0xFF, 0xFF, 0xFF, 
0x86, 0x00, 0x00, 0x00, 0x00, 0x00, 0x00, 0x00, 0x00, 0x00, 0x00, 0xA4, 0xFF, 0xFF, 0xFF, 0x53, 
0x00, 0x00, 0x00, 0x00, 0x00, 0x00, 0x00, 0x00, 0x00, 0x00, 0xD8, 0xFF, 0xFF, 0xFF, 0x2A, 0x00, 
0x00, 0x00, 0x00, 0x00, 0xA8, 0xFF, 0xFF, 0xFF, 0x53, 0x00, 0x00, 0x00, 0x00, 0x00, 0x00, 0x00, 
0x00, 0x00, 0x00, 0xD7, 0xFF, 0xFF, 0xFF, 0x20, 0x00, 0x00, 0x00, 0x00, 0x00, 0x00, 0x00, 0x00, 
0x00, 0x0D, 0xFE, 0xFF, 0xFF, 0xF4, 0x02, 0x00, 0x00, 0x00, 0x00, 0x00, 0xDB, 0xFF, 0xFF, 0xFF, 
0x20, 0x00, 0x00, 0x00, 0x00, 0x00, 0x00, 0x00, 0x00, 0x00, 0x0C, 0xFD, 0xFF, 0xFF, 0xEC, 0x00, 
0x00, 0x00, 0x00, 0x00, 0x00, 0x00, 0x00, 0x00, 0x00, 0x3F, 0xFF, 0xFF, 0xFF, 0xC4, 0x00, 0x00, 
0x00, 0x00, 0x00, 0x0F, 0xFE, 0xFF, 0xFF, 0xED, 0x00, 0x00, 0x00, 0x00, 0x00, 0x00, 0x00, 0x00, 
0x00, 0x00, 0x3E, 0xFF, 0xFF, 0xFF, 0xB9, 0x00, 0x00, 0x00, 0x00, 0x00, 0x00, 0x00, 0x00, 0x00, 
0x00, 0x72, 0xFF, 0xFF, 0xFF, 0x91, 0x00, 0x00, 0x00, 0x00, 0x00, 0x41, 0xFF, 0xFF, 0xFF, 0xBA, 
0x00, 0x00, 0x00, 0x00, 0x00, 0x00, 0x00, 0x00, 0x00, 0x00, 0x71, 0xFF, 0xFF, 0xFF, 0x86, 0x00, 
0x00, 0x00, 0x00, 0x00, 0x00, 0x00, 0x00, 0x00, 0x00, 0xA5, 0xFF, 0xFF, 0xFF, 0x5E, 0x00, 0x00, 
0x00, 0x00, 0x00, 0x74, 0xFF, 0xFF, 0xFF, 0xC0, 0x6C, 0x6C, 0x6C, 0x6C, 0x6C, 0x6C, 0x6C, 0x6C, 
0x6C, 0x6C, 0xC4, 0xFF, 0xFF, 0xFF, 0xA2, 0x6C, 0x6C, 0x6C, 0x6C, 0x6C, 0x6C, 0x6C, 0x6C, 0x6C, 
0x6C, 0xE2, 0xFF, 0xFF, 0xFF, 0x2A, 0x00, 0x00, 0x00, 0x00, 0x00, 0xA7, 0xFF, 0xFF, 0xFF, 0xFF, 
0xFF, 0xFF, 0xFF, 0xFF, 0xFF, 0xFF, 0xFF, 0xFF, 0xFF, 0xFF, 0xFF, 0xFF, 0xFF, 0xFF, 0xFF, 0xFF, 
0xFF, 0xFF, 0xFF, 0xFF, 0xFF, 0xFF, 0xFF, 0xFF, 0xFF, 0xFF, 0xFF, 0xFF, 0xF4, 0x02, 0x00, 0x00, 
0x00, 0x00, 0x00, 0xD3, 0xFF, 0xFF, 0xFF, 0xFF, 0xFF, 0xFF, 0xFF, 0xFF, 0xFF, 0xFF, 0xFF, 0xFF, 
0xFF, 0xFF, 0xFF, 0xFF, 0xFF, 0xFF, 0xFF, 0xFF, 0xFF, 0xFF, 0xFF, 0xFF, 0xFF, 0xFF, 0xFF, 0xFF, 
0xFF, 0xFF, 0xFF, 0xFF, 0xBC, 0x00, 0x00, 0x00, 0x00, 0x00, 0x00, 0x9A, 0xFD, 0xFF, 0xFF, 0xFF, 
0xFF, 0xFF, 0xFF, 0xFF, 0xFF, 0xFF, 0xFF, 0xFF, 0xFF, 0xFF, 0xFF, 0xFF, 0xFF, 0xFF, 0xFF, 0xFF, 
0xFF, 0xFF, 0xFF, 0xFF, 0xFF, 0xFF, 0xFF, 0xFF, 0xFF, 0xFF, 0xFF, 0xE4, 0x39, 0x00, 0x00, 0x00, 
0x00, 0x00, 0x00, 0x00, 0x00, 0x00, 0x00, 0x00, 0x01, 0x4F, 0x72, 0x6F, 0x30, 0x00, 0x00, 0x00, 
0x00, 0x00, 0x00, 0x00, 0x00, 0x00, 0x00, 0x08, 0x5B, 0x73, 0x6B, 0x21, 0x00, 0x00, 0x00, 0x00, 
0x00, 0x00, 0x00, 0x00, 0x00, 0x00, 0x11, 0x60, 0x73, 0x64, 0x12, 0x00, 0x00, 0x00, 0x00, 0x00, 
0x43, 0xFF, 0xFF, 0xFF, 0xB3, 0x00, 0x00, 0x00, 0x00, 0x00, 0x00, 0x00, 0x00, 0x00, 0x00, 0x6C, 
0xFF, 0xFF, 0xFF, 0x83, 0x00, 0x00, 0x00, 0x00, 0x00, 0x00, 0x00, 0x00, 0x00, 0x00, 0xA2, 0xFF, 
0xFF, 0xFF, 0x5C, 0x00, 0x00, 0x00, 0x00, 0x00, 0x78, 0xFF, 0xFF, 0xFF, 0x82, 0x00, 0x00, 0x00, 
0x00, 0x00, 0x00, 0x00, 0x00, 0x00, 0x00, 0xA1, 0xFF, 0xFF, 0xFF, 0x52, 0x00, 0x00, 0x00, 0x00, 
0x00, 0x00, 0x00, 0x00, 0x00, 0x00, 0xD9, 0xFF, 0xFF, 0xFF, 0x2B, 0x00, 0x00, 0x00, 0x00, 0x00, 
0xAB, 0xFF, 0xFF, 0xFF, 0x4F, 0x00, 0x00, 0x00, 0x00, 0x00, 0x00, 0x00, 0x00, 0x00, 0x00, 0xD4, 
0xFF, 0xFF, 0xFF, 0x1F, 0x00, 0x00, 0x00, 0x00, 0x00, 0x00, 0x00, 0x00, 0x00, 0x0D, 0xFE, 0xFF, 
0xFF, 0xF5, 0x03, 0x00, 0x00, 0x00, 0x00, 0x00, 0xDE, 0xFF, 0xFF, 0xFF, 0x1C, 0x00, 0x00, 0x00, 
0x00, 0x00, 0x00, 0x00, 0x00, 0x00, 0x0A, 0xFC, 0xFF, 0xFF, 0xEC, 0x00, 0x00, 0x00, 0x00, 0x00, 
0x00, 0x00, 0x00, 0x00, 0x00, 0x3F, 0xFF, 0xFF, 0xFF, 0xC4, 0x00, 0x00, 0x00, 0x00, 0x00, 0x11, 
0xFF, 0xFF, 0xFF, 0xE9, 0x00, 0x00, 0x00, 0x00, 0x00, 0x00, 0x00, 0x00, 0x00, 0x00, 0x3B, 0xFF, 
0xFF, 0xFF, 0xB9, 0x00, 0x00, 0x00, 0x00, 0x00, 0x00, 0x00, 0x00, 0x00, 0x00, 0x72, 0xFF, 0xFF, 
0xFF, 0x91, 0x00, 0x00, 0x00, 0x00, 0x00, 0x44, 0xFF, 0xFF, 0xFF, 0xB6, 0x00, 0x00, 0x00, 0x00, 
0x00, 0x00, 0x00, 0x00, 0x00, 0x00, 0x6E, 0xFF, 0xFF, 0xFF, 0x86, 0x00, 0x00, 0x00, 0x00, 0x00, 
0x00, 0x00, 0x00, 0x00, 0x00, 0xA6, 0xFF, 0xFF, 0xFF, 0x5E, 0x00, 0x00, 0x00, 0x00, 0x00, 0x77, 
0xFF, 0xFF, 0xFF, 0x83, 0x00, 0x00, 0x00, 0x00, 0x00, 0x00, 0x00, 0x00, 0x00, 0x00, 0xA2, 0xFF, 
0xFF, 0xFF, 0x52, 0x00, 0x00, 0x00, 0x00, 0x00, 0x00, 0x00, 0x00, 0x00, 0x00, 0xD9, 0xFF, 0xFF, 
0xFF, 0x2A, 0x00, 0x00, 0x00, 0x00, 0x00, 0xAA, 0xFF, 0xFF, 0xFF, 0x50, 0x00, 0x00, 0x00, 0x00, 
0x00, 0x00, 0x00, 0x00, 0x00, 0x00, 0xD5, 0xFF, 0xFF, 0xFF, 0x1F, 0x00, 0x00, 0x00, 0x00, 0x00, 
0x00, 0x00, 0x00, 0x00, 0x0D, 0xFE, 0xFF, 0xFF, 0xF4, 0x02, 0x00, 0x00, 0x00, 0x00, 0x00, 0xDD, 
0xFF, 0xFF, 0xFF, 0x1D, 0x00, 0x00, 0x00, 0x00, 0x00, 0x00, 0x00, 0x00, 0x00, 0x0B, 0xFD, 0xFF, 
0xFF, 0xEC, 0x00, 0x00, 0x00, 0x00, 0x00, 0x00, 0x00, 0x00, 0x00, 0x00, 0x3F, 0xFF, 0xFF, 0xFF, 
0xC4, 0x00, 0x00, 0x00, 0x00, 0x00, 0x10, 0xFF, 0xFF, 0xFF, 0xEA, 0x00, 0x00, 0x00, 0x00, 0x00, 
0x00, 0x00, 0x00, 0x00, 0x00, 0x3C, 0xFF, 0xFF, 0xFF, 0xB9, 0x00, 0x00, 0x00, 0x00, 0x00, 0x00, 
0x00, 0x00, 0x00, 0x00, 0x72, 0xFF, 0xFF, 0xFF, 0x90, 0x00, 0x00, 0x00, 0x00, 0x00, 0x43, 0xFF, 
0xFF, 0xFF, 0xB7, 0x00, 0x00, 0x00, 0x00, 0x00, 0x00, 0x00, 0x00, 0x00, 0x00, 0x6F, 0xFF, 0xFF, 
0xFF, 0x86, 0x00, 0x00, 0x00, 0x00, 0x00, 0x00, 0x00, 0x00, 0x00, 0x00, 0xA5, 0xFF, 0xFF, 0xFF, 
0x5D, 0x00, 0x00, 0x00, 0x00, 0x00, 0x76, 0xFF, 0xFF, 0xFF, 0x84, 0x00, 0x00, 0x00, 0x00, 0x00, 
0x00, 0x00, 0x00, 0x00, 0x00, 0xA2, 0xFF, 0xFF, 0xFF, 0x53, 0x00, 0x00, 0x00, 0x00, 0x00, 0x00, 
0x00, 0x00, 0x00, 0x00, 0xD9, 0xFF, 0xFF, 0xFF, 0x29, 0x00, 0x00, 0x00, 0x00, 0x00, 0xA9, 0xFF, 
0xFF, 0xFF, 0x51, 0x00, 0x00, 0x00, 0x00, 0x00, 0x00, 0x00, 0x00, 0x00, 0x00, 0xD6, 0xFF, 0xFF, 
0xFF, 0x1F, 0x00, 0x00, 0x00, 0x00, 0x00, 0x00, 0x00, 0x00, 0x00, 0x0D, 0xFE, 0xFF, 0xFF, 0xF4, 
0x02, 0x00, 0x00, 0x00, 0x00, 0x00, 0xDB, 0xFF, 0xFF, 0xFF, 0x1E, 0x00, 0x00, 0x00, 0x00, 0x00, 
0x00, 0x00, 0x00, 0x00, 0x0B, 0xFD, 0xFF, 0xFF, 0xEC, 0x00, 0x00, 0x00, 0x00, 0x00, 0x00, 0x00, 
0x00, 0x00, 0x00, 0x3F, 0xFF, 0xFF, 0xFF, 0xC3, 0x00, 0x00, 0x00, 0x00, 0x00, 0x0F, 0xFE, 0xFF, 
0xFF, 0xEB, 0x00, 0x00, 0x00, 0x00, 0x00, 0x00, 0x00, 0x00, 0x00, 0x00, 0x3C, 0xFF, 0xFF, 0xFF, 
0xB9, 0x00, 0x00, 0x00, 0x00, 0x00, 0x00, 0x00, 0x00, 0x00, 0x00, 0x72, 0xFF, 0xFF, 0xFF, 0x8F, 
0x00, 0x00, 0x00, 0x00, 0x00, 0x41, 0xFF, 0xFF, 0xFF, 0xB8, 0x00, 0x00, 0x00, 0x00, 0x00, 0x00, 
0x00, 0x00, 0x00, 0x00, 0x70, 0xFF, 0xFF, 0xFF, 0x86, 0x00, 0x00, 0x00, 0x00, 0x00, 0x00, 0x00, 
0x00, 0x00, 0x00, 0xA5, 0xFF, 0xFF, 0xFF, 0x5C, 0x00, 0x00, 0x00, 0x00, 0x00, 0x74, 0xFF, 0xFF, 
0xFF, 0x85, 0x00, 0x00, 0x00, 0x00, 0x00, 0x00, 0x00, 0x00, 0x00, 0x00, 0xA3, 0xFF, 0xFF, 0xFF, 
0x53, 0x00, 0x00, 0x00, 0x00, 0x00, 0x00, 0x00, 0x00, 0x00, 0x00, 0xD8, 0xFF, 0xFF, 0xFF, 0x29, 
0x00, 0x00, 0x00, 0x00, 0x00, 0xA7, 0xFF, 0xFF, 0xFF, 0x52, 0x00, 0x00, 0x00, 0x00, 0x00, 0x00, 
0x00, 0x00, 0x00, 0x00, 0xD6, 0xFF, 0xFF, 0xFF, 0x20, 0x00, 0x00, 0x00, 0x00, 0x00, 0x00, 0x00, 
0x00, 0x00, 0x0D, 0xFE, 0xFF, 0xFF, 0xF3, 0x02, 0x00, 0x00, 0x00, 0x00, 0x00, 0xDA, 0xFF, 0xFF, 
0xFF, 0x1F, 0x00, 0x00, 0x00, 0x00, 0x00, 0x00, 0x00, 0x00, 0x00, 0x0C, 0xFD, 0xFF, 0xFF, 0xEC, 
0x00, 0x00, 0x00, 0x00, 0x00, 0x00, 0x00, 0x00, 0x00, 0x00, 0x3F, 0xFF, 0xFF, 0xFF, 0xC2, 0x00, 
0x00, 0x00, 0x00, 0x00, 0x0E, 0xFE, 0xFF, 0xFF, 0xEC, 0x00, 0x00, 0x00, 0x00, 0x00, 0x00, 0x00, 
0x00, 0x00, 0x00, 0x3D, 0xFF, 0xFF, 0xFF, 0xB9, 0x00, 0x00, 0x00, 0x00, 0x00, 0x00, 0x00, 0x00, 
0x00, 0x00, 0x72, 0xFF, 0xFF, 0xFF, 0x8F, 0x00, 0x00, 0x00, 0x00, 0x00, 0x40, 0xFF, 0xFF, 0xFF, 
0xB9, 0x00, 0x00, 0x00, 0x00, 0x00, 0x00, 0x00, 0x00, 0x00, 0x00, 0x70, 0xFF, 0xFF, 0xFF, 0x86, 
0x00, 0x00, 0x00, 0x00, 0x00, 0x00, 0x00, 0x00, 0x00, 0x00, 0xA5, 0xFF, 0xFF, 0xFF, 0x5B, 0x00, 
0x00, 0x00, 0x00, 0x00, 0x73, 0xFF, 0xFF, 0xFF, 0x86, 0x00, 0x00, 0x00, 0x00, 0x00, 0x00, 0x00, 
0x00, 0x00, 0x00, 0xA4, 0xFF, 0xFF, 0xFF, 0x53, 0x00, 0x00, 0x00, 0x00, 0x00, 0x00, 0x00, 0x00, 
0x00, 0x00, 0xD8, 0xFF, 0xFF, 0xFF, 0x28, 0x00, 0x00, 0x00, 0x00, 0x00, 0xA6, 0xFF, 0xFF, 0xFF, 
0x53, 0x00, 0x00, 0x00, 0x00, 0x00, 0x00, 0x00, 0x00, 0x00, 0x00, 0xD7, 0xFF, 0xFF, 0xFF, 0x20, 
0x00, 0x00, 0x00, 0x00, 0x00, 0x00, 0x00, 0x00, 0x00, 0x0D, 0xFE, 0xFF, 0xFF, 0xF2, 0x02, 0x00, 
0x00, 0x00, 0x00, 0x00, 0xD9, 0xFF, 0xFF, 0xFF, 0x20, 0x00, 0x00, 0x00, 0x00, 0x00, 0x00, 0x00, 
0x00, 0x00, 0x0C, 0xFD, 0xFF, 0xFF, 0xEC, 0x00, 0x00, 0x00, 0x00, 0x00, 0x00, 0x00, 0x00, 0x00, 
0x00, 0x3F, 0xFF, 0xFF, 0xFF, 0xC1, 0x00, 0x00, 0x00, 0x00, 0x00, 0x0D, 0xFE, 0xFF, 0xFF, 0xED, 
0x00, 0x00, 0x00, 0x00, 0x00, 0x00, 0x00, 0x00, 0x00, 0x00, 0x3E, 0xFF, 0xFF, 0xFF, 0xB9, 0x00, 
0x00, 0x00, 0x00, 0x00, 0x00, 0x00, 0x00, 0x00, 0x00, 0x72, 0xFF, 0xFF, 0xFF, 0x8E, 0x00, 0x00, 
0x00, 0x00, 0x00, 0x3E, 0xFF, 0xFF, 0xFF, 0xBA, 0x00, 0x00, 0x00, 0x00, 0x00, 0x00, 0x00, 0x00, 
0x00, 0x00, 0x71, 0xFF, 0xFF, 0xFF, 0x86, 0x00, 0x00, 0x00, 0x00, 0x00, 0x00, 0x00, 0x00, 0x00, 
0x00, 0xA5, 0xFF, 0xFF, 0xFF, 0x5B, 0x00, 0x00, 0x00, 0x00, 0x00, 0x71, 0xFF, 0xFF, 0xFF, 0xC0, 
0x6C, 0x6C, 0x6C, 0x6C, 0x6C, 0x6C, 0x6C, 0x6C, 0x6C, 0x6C, 0xC4, 0xFF, 0xFF, 0xFF, 0xA2, 0x6C, 
0x6C, 0x6C, 0x6C, 0x6C, 0x6C, 0x6C, 0x6C, 0x6C, 0x6C, 0xE2, 0xFF, 0xFF, 0xFF, 0x89, 0x6C, 0x6C, 
0x48, 0x00, 0x00, 0xA4, 0xFF, 0xFF, 0xFF, 0xFF, 0xFF, 0xFF, 0xFF, 0xFF, 0xFF, 0xFF, 0xFF, 0xFF, 
0xFF, 0xFF, 0xFF, 0xFF, 0xFF, 0xFF, 0xFF, 0xFF, 0xFF, 0xFF, 0xFF, 0xFF, 0xFF, 0xFF, 0xFF, 0xFF, 
0xFF, 0xFF, 0xFF, 0xFF, 0xFF, 0xFF, 0xFF, 0xFF, 0xEB, 0x00, 0x00, 0xD2, 0xFF, 0xFF, 0xFF, 0xFF, 
0xFF, 0xFF, 0xFF, 0xFF, 0xFF, 0xFF, 0xFF, 0xFF, 0xFF, 0xFF, 0xFF, 0xFF, 0xFF, 0xFF, 0xFF, 0xFF, 
0xFF, 0xFF, 0xFF, 0xFF, 0xFF, 0xFF, 0xFF, 0xFF, 0xFF, 0xFF, 0xFF, 0xFF, 0xFF, 0xFF, 0xFF, 0xFF, 
0xC5, 0x00, 0x00, 0x9D, 0xFD, 0xFF, 0xFF, 0xFF, 0xFF, 0xFF, 0xFF, 0xFF, 0xFF, 0xFF, 0xFF, 0xFF, 
0xFF, 0xFF, 0xFF, 0xFF, 0xFF, 0xFF, 0xFF, 0xFF, 0xFF, 0xFF, 0xFF, 0xFF, 0xFF, 0xFF, 0xFF, 0xFF, 
0xFF, 0xFF, 0xFF, 0xFF, 0xFF, 0xFF, 0xFF, 0xFF, 0x92, 0x00, 0x00, 0x00, 0x00, 0x00, 0x00, 0x00, 
0x00, 0x00, 0x00, 0x00, 0x00, 0x00, 0x00, 0x00, 0x00, 0x00, 0x00, 0x00, 0x00, 0x00, 0x00, 0x00, 
0x00, 0x00, 0x00, 0x00, 0x00, 0x00, 0x00, 0x00, 0x00, 0x00, 0x00, 0x00, 0x19, 0xFF, 0xFF, 0xFF, 
0x5F, 0x00, 0x00, 0x00, 0x00, 0x00, 0x00, 0x00, 0x00, 0x00, 0x00, 0x00, 0x00, 0x00, 0x00, 0x00, 
0x00, 0x00, 0x00, 0x00, 0x00, 0x00, 0x00, 0x00, 0x00, 0x00, 0x00, 0x00, 0x00, 0x00, 0x00, 0x00, 
0x00, 0x00, 0x00, 0x00, 0x4C, 0xFF, 0xFF, 0xFF, 0x2C, 0x00, 0x00, 0x00, 0x00, 0x00, 0x00, 0x00, 
0x00, 0x00, 0x00, 0x00, 0x00, 0x00, 0x00, 0x00, 0x00, 0x00, 0x00, 0x00, 0x00, 0x00, 0x00, 0x00, 
0x00, 0x00, 0x00, 0x00, 0x00, 0x00, 0x00, 0x00, 0x00, 0x00, 0x00, 0x00, 0x7F, 0xFF, 0xFF, 0xF6, 
0x03, 0x00, 0x00, 0x00, 0x00, 0x00, 0x00, 0x00, 0x00, 0x00, 0x00, 0x00, 0x00, 0x00, 0x00, 0x00, 
0x00, 0x00, 0x00, 0x00, 0x00, 0x00, 0x00, 0x00, 0x00, 0x00, 0x00, 0x00, 0x00, 0x00, 0x00, 0x00, 
0x00, 0x00, 0x00, 0x00, 0xB2, 0xFF, 0xFF, 0xC6, 0x00, 0x00, 0x00, 0x00, 0x00, 0x00, 0x00, 0x00, 
0x00, 0x00, 0x00, 0x00, 0x00, 0x00, 0x00, 0x00, 0x00, 0x00, 0x00, 0x00, 0x00, 0x00, 0x00, 0x00, 
0x00, 0x00, 0x00, 0x00, 0x00, 0x00, 0x00, 0x00, 0x00, 0x00, 0x00, 0x00, 0xE5, 0xFF, 0xFF, 0x93, 
0x00, 0x00, 0x00, 0x00, 0x00, 0x00, 0x00, 0x00, 0x00, 0x00, 0x00, 0x00, 0x00, 0x00, 0x00, 0x00, 
0x00, 0x00, 0x00, 0x00, 0x00, 0x00, 0x00, 0x00, 0x00, 0x00, 0x00, 0x00, 0x00, 0x00, 0x00, 0x00, 
0x00, 0x00, 0x00, 0x18, 0xFF, 0xFF, 0xFF, 0x5F, 0x00, 0x00, 0x00, 0x00, 0x00, 0x00, 0x00, 0x00, 
0x00, 0x00, 0x00, 0x00, 0x00, 0x00, 0x00, 0x00, 0x00, 0x00, 0x00, 0x00, 0x00, 0x00, 0x00, 0x00, 
0x00, 0x00, 0x00, 0x00, 0x00, 0x00, 0x00, 0x00, 0x00, 0x00, 0x00, 0x4B, 0xFF, 0xFF, 0xFF, 0x2C, 
0x00, 0x00, 0x00, 0x00, 0x00, 0x00, 0x00, 0x00, 0x00, 0x00, 0x00, 0x00, 0x00, 0x00, 0x00, 0x00, 
0x00, 0x00, 0x00, 0x00, 0x00, 0x00, 0x00, 0x00, 0x00, 0x00, 0x00, 0x00, 0x00, 0x00, 0x00, 0x00, 
0x00, 0x00, 0x00, 0x63, 0xFE, 0xFF, 0xD5, 0x03, 0x00, 0x00, 0x00, 0x00, 0x00, 0x00, 0x00, 0x00, 
0x00, 0x00, 0x00, 0x00, 0x00, 0x00, 0x00, 0x00, 0x00, 0x00, 0x00, 0x00, 0x00, 0x00, 0x00, 0x00, 
0x00, 0x00, 0x00, 0x00, 0x00, 0x00, 0x00, 0x00, 0x00, 0x00, 0x00, 0x00, 0x04, 0x07, 0x00, 0x00, 
0x00, 0x00, 0x00, 0x00, 0x1C, 0x53, 0x54, 0x54, 0x54, 0x54, 0x54, 0x54, 0x54, 0x54, 0x50, 0x13, 
0x00, 0x00, 0x00, 0x00, 0x00, 0x00, 0x00, 0x00, 0x00, 0x00, 0x00, 0x00, 0x00, 0x00, 0xD4, 0xFF, 
0xFF, 0xFF, 0xFF, 0xFF, 0xFF, 0xFF, 0xFF, 0xFF, 0xFF, 0xBD, 0x00, 0x00, 0x00, 0x00, 0x00, 0x00, 
0x00, 0x00, 0x00, 0x00, 0x00, 0x00, 0x00, 0x20, 0xFF, 0xFF, 0xFF, 0xFF, 0xFF, 0xFF, 0xFF, 0xFF, 
0xFF, 0xFF, 0xFF, 0xC3, 0x00, 0x00, 0x00, 0x00, 0x00, 0x00, 0x00, 0x00, 0x00, 0x00, 0x00, 0x00, 
0x00, 0x2B, 0xFF, 0xFF, 0xFF, 0xFF, 0xFF, 0xFF, 0xFF, 0xFF, 0xFF, 0xFF, 0xFF, 0x94, 0x00, 0x00, 
0x00, 0x00, 0x00, 0x00, 0x00, 0x00, 0x00, 0x00, 0x00, 0x00, 0x00, 0x00, 0x12, 0x18, 0x18, 0x18, 
0x18, 0x18, 0x18, 0xAF, 0xFF, 0xFF, 0xFF, 0x61, 0x00, 0x00, 0x00, 0x00, 0x00, 0x00, 0x00, 0x00, 
0x00, 0x00, 0x00, 0x00, 0x00, 0x00, 0x00, 0x00, 0x00, 0x00, 0x00, 0x00, 0x00, 0xD8, 0xFF, 0xFF, 
0xFF, 0x2E, 0x00, 0x00, 0x00, 0x00, 0x00, 0x00, 0x00, 0x00, 0x00, 0x00, 0x00, 0x00, 0x00, 0x00, 
0x00, 0x00, 0x00, 0x00, 0x00, 0x00, 0x0D, 0xFD, 0xFF, 0xFF, 0xF7, 0x04, 0x00, 0x00, 0x00, 0x00, 
0x00, 0x00, 0x00, 0x00, 0x00, 0x00, 0x00, 0x00, 0x00, 0x00, 0x00, 0x00, 0x00, 0x00, 0x00, 0x00, 
0x3E, 0xFF, 0xFF, 0xFF, 0xC9, 0x00, 0x00, 0x00, 0x00, 0x00, 0x00, 0x00, 0x00, 0x00, 0x00, 0x00, 
0x00, 0x00, 0x00, 0x00, 0x00, 0x00, 0x00, 0x00, 0x00, 0x00, 0x71, 0xFF, 0xFF, 0xFF, 0x97, 0x00, 
0x00, 0x00, 0x00, 0x00, 0x00, 0x00, 0x00, 0x00, 0x00, 0x00, 0x00, 0x00, 0x00, 0x00, 0x00, 0x00, 
0x00, 0x00, 0x00, 0x00, 0xA4, 0xFF, 0xFF, 0xFF, 0x64, 0x00, 0x00, 0x00, 0x00, 0x00, 0x00, 0x00, 
0x00, 0x00, 0x00, 0x00, 0x00, 0x00, 0x00, 0x00, 0x00, 0x00, 0x00, 0x00, 0x00, 0x00, 0xD7, 0xFF, 
0xFF, 0xFF, 0x31, 0x00, 0x00, 0x00, 0x00, 0x00, 0x00, 0x00, 0x00, 0x00, 0x00, 0x00, 0x00, 0x00, 
0x00, 0x00, 0x00, 0x00, 0x00, 0x00, 0x00, 0x0C, 0xFD, 0xFF, 0xFF, 0xF9, 0x05, 0x00, 0x00, 0x00, 
0x00, 0x00, 0x00, 0x00, 0x00, 0x00, 0x00, 0x00, 0x00, 0x00, 0x00, 0x00, 0x00, 0x00, 0x00, 0x00, 
0x00, 0x3D, 0xFF, 0xFF, 0xFF, 0xE7, 0x68, 0x68, 0x68, 0x67, 0x63, 0x5D, 0x4E, 0x2F, 0x06, 0x00, 
0x00, 0x00, 0x00, 0x00, 0x00, 0x00, 0x00, 0x00, 0x00, 0x00, 0x00, 0x70, 0xFF, 0xFF, 0xFF, 0xFF, 
0xFF, 0xFF, 0xFF, 0xFF, 0xFF, 0xFF, 0xFF, 0xFF, 0xF8, 0xAE, 0x3D, 0x00, 0x00, 0x00, 0x00, 0x00, 
0x00, 0x00, 0x00, 0x00, 0x00, 0xA3, 0xFF, 0xFF, 0xFF, 0xFF, 0xFF, 0xFF, 0xFF, 0xFF, 0xFF, 0xFF, 
0xFF, 0xFF, 0xFF, 0xFF, 0xFF, 0x98, 0x05, 0x00, 0x00, 0x00, 0x00, 0x00, 0x00, 0x00, 0x00, 0xD6, 
0xFF, 0xFF, 0xFF, 0xF5, 0xF4, 0xF4, 0xF4, 0xF6, 0xFB, 0xFF, 0xFF, 0xFF, 0xFF, 0xFF, 0xFF, 0xFF, 
0x9E, 0x00, 0x00, 0x00, 0x00, 0x00, 0x00, 0x00, 0x0B, 0xFD, 0xFF, 0xFF, 0xF9, 0x06, 0x00, 0x00, 
0x00, 0x00, 0x00, 0x0F, 0x39, 0x93, 0xFB, 0xFF, 0xFF, 0xFF, 0xFF, 0x47, 0x00, 0x00, 0x00, 0x00, 
0x00, 0x00, 0x3C, 0xFF, 0xFF, 0xFF, 0xCC, 0x00, 0x00, 0x00, 0x00, 0x00, 0x00, 0x00, 0x00, 0x00, 
0x3B, 0xF8, 0xFF, 0xFF, 0xFF, 0xB4, 0x00, 0x00, 0x00, 0x00, 0x00, 0x00, 0x6E, 0xFF, 0xFF, 0xFF, 
0x98, 0x00, 0x00, 0x00, 0x00, 0x00, 0x00, 0x00, 0x00, 0x00, 0x00, 0x8A, 0xFF, 0xFF, 0xFF, 0xF1, 
0x00, 0x00, 0x00, 0x00, 0x00, 0x00, 0xA1, 0xFF, 0xFF, 0xFF, 0x65, 0x00, 0x00, 0x00, 0x00, 0x00, 
0x00, 0x00, 0x00, 0x00, 0x00, 0x3D, 0xFF, 0xFF, 0xFF, 0xFF, 0x0D, 0x00, 0x00, 0x00, 0x00, 0x00, 
0xD4, 0xFF, 0xFF, 0xFF, 0x32, 0x00, 0x00, 0x00, 0x00, 0x00, 0x00, 0x00, 0x00, 0x00, 0x00, 0x2A, 
0xFF, 0xFF, 0xFF, 0xFE, 0x04, 0x00, 0x00, 0x00, 0x00, 0x0A, 0xFC, 0xFF, 0xFF, 0xF9, 0x05, 0x00, 
0x00, 0x00, 0x00, 0x00, 0x00, 0x00, 0x00, 0x00, 0x00, 0x3E, 0xFF, 0xFF, 0xFF, 0xE9, 0x00, 0x00, 
0x00, 0x00, 0x00, 0x3A, 0xFF, 0xFF, 0xFF, 0xCB, 0x00, 0x00, 0x00, 0x00, 0x00, 0x00, 0x00, 0x00, 
0x00, 0x00, 0x00, 0x77, 0xFF, 0xFF, 0xFF, 0xB5, 0x00, 0x00, 0x00, 0x00, 0x00, 0x6D, 0xFF, 0xFF, 
0xFF, 0x98, 0x00, 0x00, 0x00, 0x00, 0x00, 0x00, 0x00, 0x00, 0x00, 0x00, 0x03, 0xDF, 0xFF, 0xFF, 
0xFF, 0x6C, 0x00, 0x00, 0x00, 0x00, 0x00, 0xA0, 0xFF, 0xFF, 0xFF, 0x64, 0x00, 0x00, 0x00, 0x00, 
0x00, 0x00, 0x00, 0x00, 0x00, 0x00, 0x66, 0xFF, 0xFF, 0xFF, 0xF2, 0x15, 0x00, 0x00, 0x00, 0x00, 
0x00, 0xD3, 0xFF, 0xFF, 0xFF, 0x31, 0x00, 0x00, 0x00, 0x00, 0x00, 0x00, 0x00, 0x00, 0x00, 0x3C, 
0xF8, 0xFF, 0xFF, 0xFF, 0x80, 0x00, 0x00, 0x00, 0x00, 0x00, 0x09, 0xFC, 0xFF, 0xFF, 0xF8, 0x05, 
0x00, 0x00, 0x00, 0x00, 0x00, 0x00, 0x00, 0x07, 0x6E, 0xF4, 0xFF, 0xFF, 0xFF, 0xCC, 0x0A, 0x00, 
0x00, 0x00, 0x00, 0x00, 0x39, 0xFF, 0xFF, 0xFF, 0xE3, 0x5C, 0x5C, 0x5C, 0x5C, 0x5D, 0x64, 0x78, 
0xA6, 0xEE, 0xFF, 0xFF, 0xFF, 0xFF, 0xE2, 0x19, 0x00, 0x00, 0x00, 0x00, 0x00, 0x00, 0x6C, 0xFF, 
0xFF, 0xFF, 0xFF, 0xFF, 0xFF, 0xFF, 0xFF, 0xFF, 0xFF, 0xFF, 0xFF, 0xFF, 0xFF, 0xFF, 0xFF, 0xB9, 
0x17, 0x00, 0x00, 0x00, 0x00, 0x00, 0x00, 0x00, 0x94, 0xFF, 0xFF, 0xFF, 0xFF, 0xFF, 0xFF, 0xFF, 
0xFF, 0xFF, 0xFF, 0xFF, 0xFF, 0xFF, 0xFF, 0xDF, 0x67, 0x01, 0x00, 0x00, 0x00, 0x00, 0x00, 0x00, 
0x00, 0x00, 0x56, 0xF6, 0xFF, 0xFF, 0xFF, 0xFF, 0xFF, 0xFF, 0xFD, 0xF2, 0xE5, 0xD5, 0xB2, 0x7F, 
0x39, 0x01, 0x00, 0x00, 0x00, 0x00, 0x00, 0x00, 0x00, 0x00, 0x00, 0x00, 0x00, 0x00, 0x01, 0x4C, 
0x72, 0x70, 0x3A, 0x00, 0x00, 0x00, 0x00, 0x00, 0x00, 0x00, 0x00, 0x00, 0x00, 0x00, 0x00, 0x00, 
0x00, 0x00, 0x00, 0x00, 0x00, 0x00, 0x00, 0x20, 0x67, 0x74, 0x63, 0x0C, 0x00, 0x00, 0x00, 0x00, 
0x00, 0x43, 0xFF, 0xFF, 0xFF, 0xC7, 0x00, 0x00, 0x00, 0x00, 0x00, 0x00, 0x00, 0x00, 0x00, 0x00, 
0x00, 0x00, 0x00, 0x00, 0x00, 0x00, 0x00, 0x00, 0x00, 0x00, 0xC3, 0xFF, 0xFF, 0xFF, 0x3F, 0x00, 
0x00, 0x00, 0x00, 0x00, 0x78, 0xFF, 0xFF, 0xFF, 0x96, 0x00, 0x00, 0x00, 0x00, 0x00, 0x00, 0x00, 
0x00, 0x00, 0x00, 0x00, 0x00, 0x00, 0x00, 0x00, 0x00, 0x00, 0x00, 0x00, 0x03, 0xF5, 0xFF, 0xFF, 
0xFF, 0x10, 0x00, 0x00, 0x00, 0x00, 0x00, 0xAB, 0xFF, 0xFF, 0xFF, 0x63, 0x00, 0x00, 0x00, 0x00, 
0x00, 0x00, 0x00, 0x00, 0x00, 0x00, 0x00, 0x00, 0x00, 0x00, 0x00, 0x00, 0x00, 0x00, 0x00, 0x2C, 
0xFF, 0xFF, 0xFF, 0xDC, 0x00, 0x00, 0x00, 0x00, 0x00, 0x00, 0xDE, 0xFF, 0xFF, 0xFF, 0x30, 0x00, 
0x00, 0x00, 0x00, 0x00, 0x00, 0x00, 0x00, 0x00, 0x00, 0x00, 0x00, 0x00, 0x00, 0x00, 0x00, 0x00, 
0x00, 0x00, 0x5F, 0xFF, 0xFF, 0xFF, 0xA9, 0x00, 0x00, 0x00, 0x00, 0x00, 0x11, 0xFF, 0xFF, 0xFF, 
0xF8, 0x05, 0x00, 0x00, 0x00, 0x00, 0x00, 0x00, 0x00, 0x00, 0x00, 0x00, 0x00, 0x00, 0x00, 0x00, 
0x00, 0x00, 0x00, 0x00, 0x00, 0x93, 0xFF, 0xFF, 0xFF, 0x76, 0x00, 0x00, 0x00, 0x00, 0x00, 0x44, 
0xFF, 0xFF, 0xFF, 0xC9, 0x00, 0x00, 0x00, 0x00, 0x00, 0x00, 0x00, 0x00, 0x00, 0x00, 0x00, 0x00, 
0x00, 0x00, 0x00, 0x00, 0x00, 0x00, 0x00, 0x00, 0xC6, 0xFF, 0xFF, 0xFF, 0x43, 0x00, 0x00, 0x00, 
0x00, 0x00, 0x77, 0xFF, 0xFF, 0xFF, 0x96, 0x00, 0x00, 0x00, 0x00, 0x00, 0x00, 0x00, 0x00, 0x00, 
0x00, 0x00, 0x00, 0x00, 0x00, 0x00, 0x00, 0x00, 0x00, 0x00, 0x03, 0xF5, 0xFF, 0xFF, 0xFF, 0x11, 
0x00, 0x00, 0x00, 0x00, 0x00, 0xAA, 0xFF, 0xFF, 0xFF, 0x63, 0x00, 0x00, 0x00, 0x00, 0x00, 0x00, 
0x00, 0x00, 0x00, 0x00, 0x00, 0x00, 0x00, 0x00, 0x00, 0x00, 0x00, 0x00, 0x00, 0x2C, 0xFF, 0xFF, 
0xFF, 0xDD, 0x00, 0x00, 0x00, 0x00, 0x00, 0x00, 0xDD, 0xFF, 0xFF, 0xFF, 0x30, 0x00, 0x00, 0x00, 
0x00, 0x00, 0x00, 0x00, 0x00, 0x00, 0x00, 0x00, 0x00, 0x00, 0x00, 0x00, 0x00, 0x00, 0x00, 0x00, 
0x60, 0xFF, 0xFF, 0xFF, 0xAA, 0x00, 0x00, 0x00, 0x00, 0x00, 0x10, 0xFF, 0xFF, 0xFF, 0xF8, 0x05, 
0x00, 0x00, 0x00, 0x00, 0x00, 0x00, 0x00, 0x00, 0x00, 0x00, 0x00, 0x00, 0x00, 0x00, 0x00, 0x00, 
0x00, 0x00, 0x00, 0x93, 0xFF, 0xFF, 0xFF, 0x77, 0x00, 0x00, 0x00, 0x00, 0x00, 0x43, 0xFF, 0xFF, 
0xFF, 0xC9, 0x00, 0x00, 0x00, 0x00, 0x00, 0x00, 0x00, 0x00, 0x00, 0x00, 0x00, 0x00, 0x00, 0x00, 
0x00, 0x00, 0x00, 0x00, 0x00, 0x00, 0xC6, 0xFF, 0xFF, 0xFF, 0x44, 0x00, 0x00, 0x00, 0x00, 0x00, 
0x76, 0xFF, 0xFF, 0xFF, 0xB9, 0x48, 0x48, 0x48, 0x46, 0x41, 0x37, 0x23, 0x05, 0x00, 0x00, 0x00, 
0x00, 0x00, 0x00, 0x00, 0x00, 0x00, 0x00, 0x00, 0x03, 0xF5, 0xFF, 0xFF, 0xFF, 0x12, 0x00, 0x00, 
0x00, 0x00, 0x00, 0xA9, 0xFF, 0xFF, 0xFF, 0xFF, 0xFF, 0xFF, 0xFF, 0xFF, 0xFF, 0xFF, 0xFF, 0xF8, 
0xBE, 0x63, 0x05, 0x00, 0x00, 0x00, 0x00, 0x00, 0x00, 0x00, 0x00, 0x2C, 0xFF, 0xFF, 0xFF, 0xDE, 
0x00, 0x00, 0x00, 0x00, 0x00, 0x00, 0xDB, 0xFF, 0xFF, 0xFF, 0xFF, 0xFF, 0xFF, 0xFF, 0xFF, 0xFF, 
0xFF, 0xFF, 0xFF, 0xFF, 0xFF, 0xD9, 0x2D, 0x00, 0x00, 0x00, 0x00, 0x00, 0x00, 0x00, 0x60, 0xFF, 
0xFF, 0xFF, 0xAB, 0x00, 0x00, 0x00, 0x00, 0x00, 0x0F, 0xFE, 0xFF, 0xFF, 0xFF, 0xFF, 0xFF, 0xFF, 
0xFF, 0xFF, 0xFF, 0xFF, 0xFF, 0xFF, 0xFF, 0xFF, 0xFF, 0xEF, 0x29, 0x00, 0x00, 0x00, 0x00, 0x00, 
0x00, 0x93, 0xFF, 0xFF, 0xFF, 0x78, 0x00, 0x00, 0x00, 0x00, 0x00, 0x41, 0xFF, 0xFF, 0xFF, 0xCB, 
0x04, 0x04, 0x04, 0x04, 0x08, 0x12, 0x2B, 0x66, 0xDA, 0xFF, 0xFF, 0xFF, 0xFF, 0xCA, 0x01, 0x00, 
0x00, 0x00, 0x00, 0x00, 0xC6, 0xFF, 0xFF, 0xFF, 0x45, 0x00, 0x00, 0x00, 0x00, 0x00, 0x74, 0xFF, 
0xFF, 0xFF, 0x97, 0x00, 0x00, 0x00, 0x00, 0x00, 0x00, 0x00, 0x00, 0x07, 0xAE, 0xFF, 0xFF, 0xFF, 
0xFF, 0x40, 0x00, 0x00, 0x00, 0x00, 0x03, 0xF5, 0xFF, 0xFF, 0xFF, 0x13, 0x00, 0x00, 0x00, 0x00, 
0x00, 0xA7, 0xFF, 0xFF, 0xFF, 0x63, 0x00, 0x00, 0x00, 0x00, 0x00, 0x00, 0x00, 0x00, 0x00, 0x0E, 
0xF3, 0xFF, 0xFF, 0xFF, 0x84, 0x00, 0x00, 0x00, 0x00, 0x2D, 0xFF, 0xFF, 0xFF, 0xDF, 0x00, 0x00, 
0x00, 0x00, 0x00, 0x00, 0xDA, 0xFF, 0xFF, 0xFF, 0x30, 0x00, 0x00, 0x00, 0x00, 0x00, 0x00, 0x00, 
0x00, 0x00, 0x00, 0xB2, 0xFF, 0xFF, 0xFF, 0xA1, 0x00, 0x00, 0x00, 0x00, 0x60, 0xFF, 0xFF, 0xFF, 
0xAC, 0x00, 0x00, 0x00, 0x00, 0x00, 0x0E, 0xFE, 0xFF, 0xFF, 0xF7, 0x04, 0x00, 0x00, 0x00, 0x00, 
0x00, 0x00, 0x00, 0x00, 0x00, 0x00, 0x9E, 0xFF, 0xFF, 0xFF, 0x95, 0x00, 0x00, 0x00, 0x00, 0x93, 
0xFF, 0xFF, 0xFF, 0x79, 0x00, 0x00, 0x00, 0x00, 0x00, 0x40, 0xFF, 0xFF, 0xFF, 0xC9, 0x00, 0x00, 
0x00, 0x00, 0x00, 0x00, 0x00, 0x00, 0x00, 0x00, 0x00, 0xB2, 0xFF, 0xFF, 0xFF, 0x7A, 0x00, 0x00, 
0x00, 0x00, 0xC6, 0xFF, 0xFF, 0xFF, 0x46, 0x00, 0x00, 0x00, 0x00, 0x00, 0x73, 0xFF, 0xFF, 0xFF, 
0x95, 0x00, 0x00, 0x00, 0x00, 0x00, 0x00, 0x00, 0x00, 0x00, 0x00, 0x03, 0xE8, 0xFF, 0xFF, 0xFF, 
0x44, 0x00, 0x00, 0x00, 0x03, 0xF5, 0xFF, 0xFF, 0xFF, 0x14, 0x00, 0x00, 0x00, 0x00, 0x00, 0xA6, 
0xFF, 0xFF, 0xFF, 0x62, 0x00, 0x00, 0x00, 0x00, 0x00, 0x00, 0x00, 0x00, 0x00, 0x00, 0x57, 0xFF, 
0xFF, 0xFF, 0xF3, 0x06, 0x00, 0x00, 0x00, 0x2D, 0xFF, 0xFF, 0xFF, 0xE1, 0x00, 0x00, 0x00, 0x00, 
0x00, 0x00, 0xD9, 0xFF, 0xFF, 0xFF, 0x2F, 0x00, 0x00, 0x00, 0x00, 0x00, 0x00, 0x00, 0x00, 0x00, 
0x08, 0xD1, 0xFF, 0xFF, 0xFF, 0x94, 0x00, 0x00, 0x00, 0x00, 0x60, 0xFF, 0xFF, 0xFF, 0xAE, 0x00, 
0x00, 0x00, 0x00, 0x00, 0x0D, 0xFE, 0xFF, 0xFF, 0xF7, 0x04, 0x00, 0x00, 0x00, 0x00, 0x00, 0x00, 
0x00, 0x00, 0x01, 0xAA, 0xFF, 0xFF, 0xFF, 0xF4, 0x17, 0x00, 0x00, 0x00, 0x00, 0x93, 0xFF, 0xFF, 
0xFF, 0x7B, 0x00, 0x00, 0x00, 0x00, 0x00, 0x3E, 0xFF, 0xFF, 0xFF, 0xC8, 0x00, 0x00, 0x00, 0x00, 
0x00, 0x00, 0x00, 0x00, 0x23, 0xB7, 0xFF, 0xFF, 0xFF, 0xFF, 0x64, 0x00, 0x00, 0x00, 0x00, 0x00, 
0xC6, 0xFF, 0xFF, 0xFF, 0x48, 0x00, 0x00, 0x00, 0x00, 0x00, 0x71, 0xFF, 0xFF, 0xFF, 0xBD, 0x54, 
0x54, 0x54, 0x54, 0x5A, 0x68, 0x87, 0xC1, 0xFD, 0xFF, 0xFF, 0xFF, 0xFF, 0x8B, 0x00, 0x00, 0x00, 
0x00, 0x00, 0x03, 0xF5, 0xFF, 0xFF, 0xFF, 0x15, 0x00, 0x00, 0x00, 0x00, 0x00, 0xA4, 0xFF, 0xFF, 
0xFF, 0xFF, 0xFF, 0xFF, 0xFF, 0xFF, 0xFF, 0xFF, 0xFF, 0xFF, 0xFF, 0xFF, 0xFF, 0xFA, 0x78, 0x00, 
0x00, 0x00, 0x00, 0x00, 0x00, 0x2D, 0xFF, 0xFF, 0xFF, 0xE2, 0x00, 0x00, 0x00, 0x00, 0x00, 0x00, 
0xCF, 0xFF, 0xFF, 0xFF, 0xFF, 0xFF, 0xFF, 0xFF, 0xFF, 0xFF, 0xFF, 0xFF, 0xFF, 0xFF, 0xF6, 0xA0, 
0x2B, 0x00, 0x00, 0x00, 0x00, 0x00, 0x00, 0x00, 0x60, 0xFF, 0xFF, 0xFF, 0xAF, 0x00, 0x00, 0x00, 
0x00, 0x00, 0x00, 0x90, 0xFC, 0xFF, 0xFF, 0xFF, 0xFF, 0xFF, 0xFF, 0xF9, 0xEC, 0xDF, 0xC2, 0x92, 
0x5F, 0x10, 0x00, 0x00, 0x00, 0x00, 0x00, 0x00, 0x00, 0x00, 0x00, 0x7C, 0xFF, 0xFF, 0xFE, 0x63, 
0x00, 0x00, 0x00, 0x00, 0x00, 0x00, 0x00, 0x00, 0x00, 0x00, 0x00, 0x00, 0x00, 0x00, 0x00, 0x00, 
0x00, 0x00, 0x00, 0x00, 0x00, 0x00, 0x00, 0x00, 0x00, 0x00, 0x00, 0x00, 0x00, 0x00, 0x00, 0x17, 
0x20, 0x0D, 0x00, 0x00, 0x00, 0x00, 0x00, 0x00, 0x00, 0x00, 0x00, 0x00, 0x00, 0x00, 0x00, 0x49, 
0x72, 0x70, 0x37, 0x00, 0x00, 0x00, 0x00, 0x00, 0x00, 0x00, 0x00, 0x00, 0x00, 0x00, 0x00, 0x00, 
0x00, 0x00, 0x00, 0x00, 0x00, 0x42, 0xFF, 0xFF, 0xFF, 0xC7, 0x00, 0x00, 0x00, 0x00, 0x00, 0x00, 
0x00, 0x00, 0x00, 0x00, 0x00, 0x00, 0x00, 0x00, 0x00, 0x00, 0x00, 0x00, 0x78, 0xFF, 0xFF, 0xFF, 
0x97, 0x00, 0x00, 0x00, 0x00, 0x00, 0x00, 0x00, 0x00, 0x00, 0x00, 0x00, 0x00, 0x00, 0x00, 0x00, 
0x00, 0x00, 0x00, 0xAB, 0xFF, 0xFF, 0xFF, 0x63, 0x00, 0x00, 0x00, 0x00, 0x00, 0x00, 0x00, 0x00, 
0x00, 0x00, 0x00, 0x00, 0x00, 0x00, 0x00, 0x00, 0x00, 0x00, 0xDE, 0xFF, 0xFF, 0xFF, 0x30, 0x00, 
0x00, 0x00, 0x00, 0x00, 0x00, 0x00, 0x00, 0x00, 0x00, 0x00, 0x00, 0x00, 0x00, 0x00, 0x00, 0x00, 
0x11, 0xFF, 0xFF, 0xFF, 0xF8, 0x04, 0x00, 0x00, 0x00, 0x00, 0x00, 0x00, 0x00, 0x00, 0x00, 0x00, 
0x00, 0x00, 0x00, 0x00, 0x00, 0x00, 0x00, 0x44, 0xFF, 0xFF, 0xFF, 0xC9, 0x00, 0x00, 0x00, 0x00, 
0x00, 0x00, 0x00, 0x00, 0x00, 0x00, 0x00, 0x00, 0x00, 0x00, 0x00, 0x00, 0x00, 0x00, 0x76, 0xFF, 
0xFF, 0xFF, 0x95, 0x00, 0x00, 0x00, 0x00, 0x00, 0x00, 0x00, 0x00, 0x00, 0x00, 0x00, 0x00, 0x00, 
0x00, 0x00, 0x00, 0x00, 0x00, 0xA9, 0xFF, 0xFF, 0xFF, 0x62, 0x00, 0x00, 0x00, 0x00, 0x00, 0x00, 
0x00, 0x00, 0x00, 0x00, 0x00, 0x00, 0x00, 0x00, 0x00, 0x00, 0x00, 0x00, 0xDC, 0xFF, 0xFF, 0xFF, 
0x2F, 0x00, 0x00, 0x00, 0x00, 0x00, 0x00, 0x00, 0x00, 0x00, 0x00, 0x00, 0x00, 0x00, 0x00, 0x00, 
0x00, 0x00, 0x10, 0xFE, 0xFF, 0xFF, 0xF7, 0x04, 0x00, 0x00, 0x00, 0x00, 0x00, 0x00, 0x00, 0x00, 
0x00, 0x00, 0x00, 0x00, 0x00, 0x00, 0x00, 0x00, 0x00, 0x42, 0xFF, 0xFF, 0xFF, 0xC8, 0x00, 0x00, 
0x00, 0x00, 0x00, 0x00, 0x00, 0x00, 0x00, 0x00, 0x00, 0x00, 0x00, 0x00, 0x00, 0x00, 0x00, 0x00, 
0x75, 0xFF, 0xFF, 0xFF, 0xC6, 0x68, 0x68, 0x68, 0x67, 0x63, 0x5D, 0x4E, 0x2F, 0x06, 0x00, 0x00, 
0x00, 0x00, 0x00, 0x00, 0x00, 0x00, 0x00, 0xA8, 0xFF, 0xFF, 0xFF, 0xFF, 0xFF, 0xFF, 0xFF, 0xFF, 
0xFF, 0xFF, 0xFF, 0xFF, 0xF8, 0xAD, 0x3C, 0x00, 0x00, 0x00, 0x00, 0x00, 0x00, 0x00, 0xDB, 0xFF, 
0xFF, 0xFF, 0xFF, 0xFF, 0xFF, 0xFF, 0xFF, 0xFF, 0xFF, 0xFF, 0xFF, 0xFF, 0xFF, 0xFF, 0x98, 0x05, 
0x00, 0x00, 0x00, 0x00, 0x0F, 0xFE, 0xFF, 0xFF, 0xFE, 0xF4, 0xF4, 0xF4, 0xF4, 0xF6, 0xFB, 0xFF, 
0xFF, 0xFF, 0xFF, 0xFF, 0xFF, 0xFF, 0x9E, 0x00, 0x00, 0x00, 0x00, 0x41, 0xFF, 0xFF, 0xFF, 0xC7, 
0x00, 0x00, 0x00, 0x00, 0x00, 0x00, 0x10, 0x3A, 0x94, 0xFC, 0xFF, 0xFF, 0xFF, 0xFF, 0x47, 0x00, 
0x00, 0x00, 0x74, 0xFF, 0xFF, 0xFF, 0x94, 0x00, 0x00, 0x00, 0x00, 0x00, 0x00, 0x00, 0x00, 0x00, 
0x3F, 0xF9, 0xFF, 0xFF, 0xFF, 0xB4, 0x00, 0x00, 0x00, 0xA7, 0xFF, 0xFF, 0xFF, 0x60, 0x00, 0x00, 
0x00, 0x00, 0x00, 0x00, 0x00, 0x00, 0x00, 0x00, 0x8E, 0xFF, 0xFF, 0xFF, 0xF3, 0x01, 0x00, 0x00, 
0xDA, 0xFF, 0xFF, 0xFF, 0x2D, 0x00, 0x00, 0x00, 0x00, 0x00, 0x00, 0x00, 0x00, 0x00, 0x00, 0x3F, 
0xFF, 0xFF, 0xFF, 0xFF, 0x11, 0x00, 0x0E, 0xFE, 0xFF, 0xFF, 0xF6, 0x03, 0x00, 0x00, 0x00, 0x00, 
0x00, 0x00, 0x00, 0x00, 0x00, 0x00, 0x2A, 0xFF, 0xFF, 0xFF, 0xFE, 0x06, 0x00, 0x40, 0xFF, 0xFF, 
0xFF, 0xC6, 0x00, 0x00, 0x00, 0x00, 0x00, 0x00, 0x00, 0x00, 0x00, 0x00, 0x00, 0x3F, 0xFF, 0xFF, 
0xFF, 0xEA, 0x00, 0x00, 0x73, 0xFF, 0xFF, 0xFF, 0x93, 0x00, 0x00, 0x00, 0x00, 0x00, 0x00, 0x00, 
0x00, 0x00, 0x00, 0x00, 0x7B, 0xFF, 0xFF, 0xFF, 0xB4, 0x00, 0x00, 0xA6, 0xFF, 0xFF, 0xFF, 0x60, 
0x00, 0x00, 0x00, 0x00, 0x00, 0x00, 0x00, 0x00, 0x00, 0x00, 0x04, 0xE0, 0xFF, 0xFF, 0xFF, 0x69, 
0x00, 0x00, 0xD8, 0xFF, 0xFF, 0xFF, 0x2C, 0x00, 0x00, 0x00, 0x00, 0x00, 0x00, 0x00, 0x00, 0x00, 
0x00, 0x66, 0xFF, 0xFF, 0xFF, 0xF1, 0x13, 0x00, 0x0D, 0xFE, 0xFF, 0xFF, 0xF6, 0x03, 0x00, 0x00, 
0x00, 0x00, 0x00, 0x00, 0x00, 0x00, 0x00, 0x3F, 0xF9, 0xFF, 0xFF, 0xFF, 0x7F, 0x00, 0x00, 0x3E, 
0xFF, 0xFF, 0xFF, 0xC6, 0x00, 0x00, 0x00, 0x00, 0x00, 0x00, 0x00, 0x00, 0x07, 0x6F, 0xF5, 0xFF, 
0xFF, 0xFF, 0xCC, 0x0A, 0x00, 0x00, 0x71, 0xFF, 0xFF, 0xFF, 0xBF, 0x5C, 0x5C, 0x5C, 0x5C, 0x5D, 
0x64, 0x77, 0xA6, 0xEF, 0xFF, 0xFF, 0xFF, 0xFF, 0xE2, 0x19, 0x00, 0x00, 0x00, 0xA4, 0xFF, 0xFF, 
0xFF, 0xFF, 0xFF, 0xFF, 0xFF, 0xFF, 0xFF, 0xFF, 0xFF, 0xFF, 0xFF, 0xFF, 0xFF, 0xFF, 0xC7, 0x1C, 
0x00, 0x00, 0x00, 0x00, 0xCF, 0xFF, 0xFF, 0xFF, 0xFF, 0xFF, 0xFF, 0xFF, 0xFF, 0xFF, 0xFF, 0xFF, 
0xFF, 0xFF, 0xFF, 0xCD, 0x63, 0x02, 0x00, 0x00, 0x00, 0x00, 0x00, 0x90, 0xFC, 0xFF, 0xFF, 0xFF, 
0xFF, 0xFF, 0xFF, 0xFD, 0xF2, 0xE5, 0xD3, 0xA8, 0x78, 0x34, 0x00, 0x00, 0x00, 0x00, 0x00, 0x00, 
0x00, 0x00, 0x00, 0x00, 0x00, 0x00, 0x00, 0x00, 0x00, 0x00, 0x00, 0x01, 0x32, 0x6D, 0x97, 0xB2, 
0xBC, 0xB2, 0xA1, 0x74, 0x38, 0x00, 0x00, 0x00, 0x00, 0x00, 0x00, 0x00, 0x00, 0x00, 0x00, 0x00, 
0x00, 0x00, 0x00, 0x1E, 0x8B, 0xE6, 0xFF, 0xFF, 0xFF, 0xFF, 0xFF, 0xFF, 0xFF, 0xFF, 0xFF, 0xDC, 
0x5E, 0x01, 0x00, 0x00, 0x00, 0x00, 0x00, 0x00, 0x00, 0x00, 0x00, 0x00, 0x78, 0xF8, 0xFF, 0xFF, 
0xFF, 0xFF, 0xFF, 0xFF, 0xFF, 0xFF, 0xFF, 0xFF, 0xFF, 0xFF, 0xFF, 0xB4, 0x0E, 0x00, 0x00, 0x00, 
0x00, 0x00, 0x00, 0x00, 0x00, 0x32, 0xFF, 0xFF, 0xFF, 0xFF, 0xFF, 0xF8, 0xD0, 0xBE, 0xC4, 0xDB, 
0xFF, 0xFF, 0xFF, 0xFF, 0xFF, 0xFF, 0xC0, 0x07, 0x00, 0x00, 0x00, 0x00, 0x00, 0x00, 0x00, 0x77, 
0xFF, 0xFF, 0xF0, 0x94, 0x3E, 0x05, 0x00, 0x00, 0x00, 0x00, 0x18, 0x78, 0xEE, 0xFF, 0xFF, 0xFF, 
0xFF, 0x86, 0x00, 0x00, 0x00, 0x00, 0x00, 0x00, 0x00, 0x8C, 0xF0, 0x7A, 0x0C, 0x00, 0x00, 0x00, 
0x00, 0x00, 0x00, 0x00, 0x00, 0x00, 0x23, 0xDD, 0xFF, 0xFF, 0xFF, 0xF9, 0x1B, 0x00, 0x00, 0x00, 
0x00, 0x00, 0x00, 0x11, 0x0E, 0x00, 0x00, 0x00, 0x00, 0x00, 0x00, 0x00, 0x00, 0x00, 0x00, 0x00, 
0x00, 0x31, 0xFA, 0xFF, 0xFF, 0xFF, 0x81, 0x00, 0x00, 0x00, 0x00, 0x00, 0x00, 0x00, 0x00, 0x00, 
0x00, 0x00, 0x00, 0x00, 0x00, 0x00, 0x00, 0x00, 0x00, 0x00, 0x00, 0x00, 0xA9, 0xFF, 0xFF, 0xFF, 
0xD3, 0x00, 0x00, 0x00, 0x00, 0x00, 0x00, 0x00, 0x00, 0x00, 0x00, 0x00, 0x00, 0x00, 0x00, 0x00, 
0x00, 0x00, 0x00, 0x00, 0x00, 0x00, 0x51, 0xFF, 0xFF, 0xFF, 0xFD, 0x0D, 0x00, 0x00, 0x00, 0x00, 
0x00, 0x00, 0x00, 0x00, 0x00, 0x00, 0x00, 0x00, 0x00, 0x00, 0x00, 0x00, 0x00, 0x00, 0x00, 0x00, 
0x1B, 0xFF, 0xFF, 0xFF, 0xFF, 0x28, 0x00, 0x00, 0x00, 0x00, 0x00, 0x00, 0x00, 0x00, 0x00, 0x00, 
0x00, 0x00, 0x00, 0x00, 0x00, 0x00, 0x00, 0x00, 0x00, 0x00, 0x03, 0xFF, 0xFF, 0xFF, 0xFF, 0x3D, 
0x00, 0x00, 0x00, 0x00, 0x00, 0x00, 0x00, 0x00, 0x00, 0x00, 0x00, 0x00, 0x00, 0x00, 0x00, 0x00, 
0x00, 0x00, 0x00, 0x00, 0x00, 0xF7, 0xFF, 0xFF, 0xFF, 0x4D, 0x00, 0x00, 0x00, 0x00, 0x00, 0x00, 
0x00, 0x00, 0x00, 0x00, 0x00, 0x00, 0x00, 0x00, 0x00, 0x00, 0x00, 0x00, 0x00, 0x00, 0x04, 0xFE, 
0xFF, 0xFF, 0xFF, 0x43, 0x00, 0x00, 0x00, 0x00, 0x00, 0x05, 0x5B, 0x64, 0x64, 0x64, 0x64, 0x64, 
0x64, 0x64, 0x64, 0x64, 0x64, 0x64, 0x64, 0x64, 0x74, 0xFF, 0xFF, 0xFF, 0xFF, 0x2F, 0x00, 0x00, 
0x00, 0x00, 0x00, 0x74, 0xFF, 0xFF, 0xFF, 0xFF, 0xFF, 0xFF, 0xFF, 0xFF, 0xFF, 0xFF, 0xFF, 0xFF, 
0xFF, 0xFF, 0xFF, 0xFF, 0xFF, 0xFF, 0xFF, 0x12, 0x00, 0x00, 0x00, 0x00, 0x00, 0xB9, 0xFF, 0xFF, 
0xFF, 0xFF, 0xFF, 0xFF, 0xFF, 0xFF, 0xFF, 0xFF, 0xFF, 0xFF, 0xFF, 0xFF, 0xFF, 0xFF, 0xFF, 0xFF, 
0xE8, 0x00, 0x00, 0x00, 0x00, 0x00, 0x00, 0xA7, 0xF4, 0xF4, 0xF4, 0xF4, 0xF4, 0xF4, 0xF4, 0xF4, 
0xF4, 0xF4, 0xF4, 0xF4, 0xF4, 0xF4, 0xFD, 0xFF, 0xFF, 0xFF, 0xB3, 0x00, 0x00, 0x00, 0x00, 0x00, 
0x00, 0x00, 0x00, 0x00, 0x00, 0x00, 0x00, 0x00, 0x00, 0x00, 0x00, 0x00, 0x00, 0x00, 0x00, 0x00, 
0xE5, 0xFF, 0xFF, 0xFF, 0x75, 0x00, 0x00, 0x00, 0x00, 0x00, 0x00, 0x00, 0x00, 0x00, 0x00, 0x00, 
0x00, 0x00, 0x00, 0x00, 0x00, 0x00, 0x00, 0x00, 0x00, 0x2B, 0xFF, 0xFF, 0xFF, 0xFF, 0x36, 0x00, 
0x00, 0x00, 0x00, 0x00, 0x00, 0x00, 0x00, 0x00, 0x00, 0x00, 0x00, 0x00, 0x00, 0x00, 0x00, 0x00, 
0x00, 0x00, 0x00, 0x74, 0xFF, 0xFF, 0xFF, 0xEC, 0x04, 0x00, 0x00, 0x00, 0x00, 0x00, 0x00, 0x00, 
0x00, 0x00, 0x00, 0x00, 0x00, 0x00, 0x00, 0x00, 0x00, 0x00, 0x00, 0x00, 0x01, 0xD9, 0xFF, 0xFF, 
0xFF, 0x9A, 0x00, 0x00, 0x00, 0x00, 0x00, 0x00, 0x00, 0x00, 0x00, 0x00, 0x00, 0x00, 0x00, 0x00, 
0x00, 0x00, 0x00, 0x00, 0x00, 0x00, 0x47, 0xFF, 0xFF, 0xFF, 0xFF, 0x36, 0x00, 0x00, 0x00, 0x00, 
0x00, 0x00, 0x00, 0x00, 0x00, 0x00, 0x00, 0x00, 0x00, 0x00, 0x00, 0x00, 0x00, 0x00, 0x00, 0x04, 
0xD1, 0xFF, 0xFF, 0xFF, 0xC3, 0x00, 0x00, 0x00, 0x00, 0x00, 0x00, 0x00, 0x00, 0x00, 0x00, 0x00, 
0x00, 0x00, 0x00, 0x00, 0x00, 0x00, 0x00, 0x00, 0x00, 0x76, 0xFF, 0xFF, 0xFF, 0xFF, 0x3C, 0x00, 
0x00, 0x00, 0x00, 0x00, 0x00, 0x00, 0x00, 0x00, 0x00, 0x00, 0x00, 0x00, 0x00, 0x00, 0x00, 0x00, 
0x00, 0x00, 0x48, 0xFC, 0xFF, 0xFF, 0xFF, 0xA7, 0x00, 0x00, 0x00, 0x00, 0x00, 0x91, 0x48, 0x00, 
0x00, 0x00, 0x00, 0x00, 0x00, 0x00, 0x00, 0x00, 0x00, 0x00, 0x00, 0x4D, 0xF3, 0xFF, 0xFF, 0xFF, 
0xE5, 0x12, 0x00, 0x00, 0x00, 0x00, 0x15, 0xFE, 0xFC, 0x8C, 0x11, 0x00, 0x00, 0x00, 0x00, 0x00, 
0x00, 0x00, 0x00, 0x12, 0x8D, 0xFE, 0xFF, 0xFF, 0xFF, 0xF4, 0x36, 0x00, 0x00, 0x00, 0x00, 0x00, 
0x42, 0xFF, 0xFF, 0xFF, 0xF3, 0x9D, 0x57, 0x27, 0x16, 0x13, 0x29, 0x52, 0x9C, 0xF1, 0xFF, 0xFF, 
0xFF, 0xFF, 0xF2, 0x44, 0x00, 0x00, 0x00, 0x00, 0x00, 0x00, 0x29, 0xFD, 0xFF, 0xFF, 0xFF, 0xFF, 
0xFF, 0xFF, 0xFF, 0xFF, 0xFF, 0xFF, 0xFF, 0xFF, 0xFF, 0xFF, 0xFF, 0xD9, 0x2B, 0x00, 0x00, 0x00, 
0x00, 0x00, 0x00, 0x00, 0x00, 0x57, 0xED, 0xFF, 0xFF, 0xFF, 0xFF, 0xFF, 0xFF, 0xFF, 0xFF, 0xFF, 
0xFF, 0xFF, 0xFF, 0xF3, 0x7C, 0x07, 0x00, 0x00, 0x00, 0x00, 0x00, 0x00, 0x00, 0x00, 0x00, 0x00, 
0x0F, 0x71, 0xC3, 0xFA, 0xFF, 0xFF, 0xFF, 0xFF, 0xFF, 0xFF, 0xF7, 0xC2, 0x69, 0x0D, 0x00, 0x00, 
0x00, 0x00, 0x00, 0x00, 0x00, 0x00, 0x00, 0x00, 0x00, 0x00, 0x00, 0x00, 0x00, 0x0B, 0x38, 0x50, 
0x65, 0x5F, 0x4E, 0x35, 0x06, 0x00, 0x00, 0x00, 0x00, 0x00, 0x00, 0x00, 0x00, 0x00, 0x00, 0x00, 
0x00, 0x00, 0x00, 0x00, 0x00, 0x00, 0x00, 0x00, 0x00, 0x49, 0x72, 0x70, 0x37, 0x00, 0x00, 0x00, 
0x00, 0x00, 0x00, 0x00, 0x00, 0x00, 0x00, 0x00, 0x00, 0x00, 0x06, 0x45, 0x79, 0xA4, 0xB6, 0xC3, 
0xB8, 0xA5, 0x82, 0x43, 0x09, 0x00, 0x00, 0x00, 0x00, 0x00, 0x00, 0x00, 0x00, 0x00, 0x00, 0x00, 
0x00, 0x42, 0xFF, 0xFF, 0xFF, 0xC7, 0x00, 0x00, 0x00, 0x00, 0x00, 0x00, 0x00, 0x00, 0x00, 0x00, 
0x00, 0x23, 0x99, 0xEF, 0xFF, 0xFF, 0xFF, 0xFF, 0xFF, 0xFF, 0xFF, 0xFF, 0xFF, 0xEC, 0x7D, 0x0D, 
0x00, 0x00, 0x00, 0x00, 0x00, 0x00, 0x00, 0x00, 0x00, 0x00, 0x78, 0xFF, 0xFF, 0xFF, 0x97, 0x00, 
0x00, 0x00, 0x00, 0x00, 0x00, 0x00, 0x00, 0x00, 0x0A, 0x90, 0xFB, 0xFF, 0xFF, 0xFF, 0xFF, 0xFF, 
0xFF, 0xFF, 0xFF, 0xFF, 0xFF, 0xFF, 0xFF, 0xFF, 0xD6, 0x25, 0x00, 0x00, 0x00, 0x00, 0x00, 0x00, 
0x00, 0x00, 0x00, 0xAB, 0xFF, 0xFF, 0xFF, 0x63, 0x00, 0x00, 0x00, 0x00, 0x00, 0x00, 0x00, 0x00, 
0x24, 0xD8, 0xFF, 0xFF, 0xFF, 0xFF, 0xFF, 0xF4, 0xD4, 0xBC, 0xB4, 0xC7, 0xF4, 0xFF, 0xFF, 0xFF, 
0xFF, 0xFF, 0xE6, 0x16, 0x00, 0x00, 0x00, 0x00, 0x00, 0x00, 0x00, 0x00, 0xDE, 0xFF, 0xFF, 0xFF, 
0x2F, 0x00, 0x00, 0x00, 0x00, 0x00, 0x00, 0x00, 0x2D, 0xEA, 0xFF, 0xFF, 0xFF, 0xFF, 0xB8, 0x51, 
0x08, 0x00, 0x00, 0x00, 0x00, 0x06, 0x50, 0xD8, 0xFF, 0xFF, 0xFF, 0xFF, 0xB6, 0x00, 0x00, 0x00, 
0x00, 0x00, 0x00, 0x00, 0x11, 0xFF, 0xFF, 0xFF, 0xF7, 0x04, 0x00, 0x00, 0x00, 0x00, 0x00, 0x00, 
0x1B, 0xE4, 0xFF, 0xFF, 0xFF, 0xEB, 0x50, 0x00, 0x00, 0x00, 0x00, 0x00, 0x00, 0x00, 0x00, 0x00, 
0x0D, 0xC4, 0xFF, 0xFF, 0xFF, 0xFF, 0x33, 0x00, 0x00, 0x00, 0x00, 0x00, 0x00, 0x44, 0xFF, 0xFF, 
0xFF, 0xC8, 0x00, 0x00, 0x00, 0x00, 0x00, 0x00, 0x02, 0xBF, 0xFF, 0xFF, 0xFF, 0xDE, 0x25, 0x00, 
0x00, 0x00, 0x00, 0x00, 0x00, 0x00, 0x00, 0x00, 0x00, 0x00, 0x1F, 0xF6, 0xFF, 0xFF, 0xFF, 0x99, 
0x00, 0x00, 0x00, 0x00, 0x00, 0x00, 0x77, 0xFF, 0xFF, 0xFF, 0x94, 0x00, 0x00, 0x00, 0x00, 0x00, 
0x00, 0x6C, 0xFF, 0xFF, 0xFF, 0xF2, 0x27, 0x00, 0x00, 0x00, 0x00, 0x00, 0x00, 0x00, 0x00, 0x00, 
0x00, 0x00, 0x00, 0x00, 0xA3, 0xFF, 0xFF, 0xFF, 0xD8, 0x00, 0x00, 0x00, 0x00, 0x00, 0x00, 0xAA, 
0xFF, 0xFF, 0xFF, 0x60, 0x00, 0x00, 0x00, 0x00, 0x00, 0x11, 0xED, 0xFF, 0xFF, 0xFF, 0x59, 0x00, 
0x00, 0x00, 0x00, 0x00, 0x00, 0x00, 0x00, 0x00, 0x00, 0x00, 0x00, 0x00, 0x00, 0x5A, 0xFF, 0xFF, 
0xFF, 0xFF, 0x0F, 0x00, 0x00, 0x00, 0x00, 0x00, 0xDD, 0xFF, 0xFF, 0xFF, 0x2C, 0x00, 0x00, 0x00, 
0x00, 0x00, 0x7D, 0xFF, 0xFF, 0xFF, 0xC2, 0x00, 0x00, 0x00, 0x00, 0x00, 0x00, 0x00, 0x00, 0x00, 
0x00, 0x00, 0x00, 0x00, 0x00, 0x00, 0x2F, 0xFF, 0xFF, 0xFF, 0xFF, 0x24, 0x00, 0x00, 0x00, 0x00, 
0x11, 0xFF, 0xFF, 0xFF, 0xF5, 0x03, 0x00, 0x00, 0x00, 0x00, 0x03, 0xE8, 0xFF, 0xFF, 0xFF, 0x3E, 
0x00, 0x00, 0x00, 0x00, 0x00, 0x00, 0x00, 0x00, 0x00, 0x00, 0x00, 0x00, 0x00, 0x00, 0x00, 0x1D, 
0xFF, 0xFF, 0xFF, 0xFF, 0x35, 0x00, 0x00, 0x00, 0x00, 0x43, 0xFF, 0xFF, 0xFF, 0xC5, 0x00, 0x00, 
0x00, 0x00, 0x00, 0x43, 0xFF, 0xFF, 0xFF, 0xD2, 0x00, 0x00, 0x00, 0x00, 0x00, 0x00, 0x00, 0x00, 
0x00, 0x00, 0x00, 0x00, 0x00, 0x00, 0x00, 0x00, 0x18, 0xFF, 0xFF, 0xFF, 0xFF, 0x32, 0x00, 0x00, 
0x00, 0x00, 0x76, 0xFF, 0xFF, 0xFF, 0x91, 0x00, 0x00, 0x00, 0x00, 0x00, 0x9A, 0xFF, 0xFF, 0xFF, 
0x73, 0x00, 0x00, 0x00, 0x00, 0x00, 0x00, 0x00, 0x00, 0x00, 0x00, 0x00, 0x00, 0x00, 0x00, 0x00, 
0x00, 0x23, 0xFF, 0xFF, 0xFF, 0xFF, 0x23, 0x00, 0x00, 0x00, 0x00, 0xA9, 0xFF, 0xFF, 0xFF, 0xB0, 
0x78, 0x78, 0x78, 0x78, 0x78, 0xED, 0xFF, 0xFF, 0xFF, 0x21, 0x00, 0x00, 0x00, 0x00, 0x00, 0x00, 
0x00, 0x00, 0x00, 0x00, 0x00, 0x00, 0x00, 0x00, 0x00, 0x00, 0x3A, 0xFF, 0xFF, 0xFF, 0xFF, 0x14, 
0x00, 0x00, 0x00, 0x00, 0xDC, 0xFF, 0xFF, 0xFF, 0xFF, 0xFF, 0xFF, 0xFF, 0xFF, 0xFF, 0xFF, 0xFF, 
0xFF, 0xDD, 0x00, 0x00, 0x00, 0x00, 0x00, 0x00, 0x00, 0x00, 0x00, 0x00, 0x00, 0x00, 0x00, 0x00, 
0x00, 0x00, 0x00, 0x57, 0xFF, 0xFF, 0xFF, 0xF2, 0x00, 0x00, 0x00, 0x00, 0x10, 0xFE, 0xFF, 0xFF, 
0xFF, 0xFF, 0xFF, 0xFF, 0xFF, 0xFF, 0xFF, 0xFF, 0xFF, 0xFF, 0xA2, 0x00, 0x00, 0x00, 0x00, 0x00, 
0x00, 0x00, 0x00, 0x00, 0x00, 0x00, 0x00, 0x00, 0x00, 0x00, 0x00, 0x00, 0x80, 0xFF, 0xFF, 0xFF, 
0xC7, 0x00, 0x00, 0x00, 0x00, 0x42, 0xFF, 0xFF, 0xFF, 0xFB, 0xF4, 0xF4, 0xF4, 0xF4, 0xF4, 0xFC, 
0xFF, 0xFF, 0xFF, 0x76, 0x00, 0x00, 0x00, 0x00, 0x00, 0x00, 0x00, 0x00, 0x00, 0x00, 0x00, 0x00, 
0x00, 0x00, 0x00, 0x00, 0x00, 0xB3, 0xFF, 0xFF, 0xFF, 0x9C, 0x00, 0x00, 0x00, 0x00, 0x75, 0xFF, 
0xFF, 0xFF, 0x8F, 0x00, 0x00, 0x00, 0x00, 0x00, 0xBF, 0xFF, 0xFF, 0xFF, 0x52, 0x00, 0x00, 0x00, 
0x00, 0x00, 0x00, 0x00, 0x00, 0x00, 0x00, 0x00, 0x00, 0x00, 0x00, 0x00, 0x00, 0x01, 0xED, 0xFF, 
0xFF, 0xFF, 0x69, 0x00, 0x00, 0x00, 0x00, 0xA8, 0xFF, 0xFF, 0xFF, 0x5C, 0x00, 0x00, 0x00, 0x00, 
0x00, 0xE0, 0xFF, 0xFF, 0xFF, 0x3A, 0x00, 0x00, 0x00, 0x00, 0x00, 0x00, 0x00, 0x00, 0x00, 0x00, 
0x00, 0x00, 0x00, 0x00, 0x00, 0x00, 0x3C, 0xFF, 0xFF, 0xFF, 0xFF, 0x24, 0x00, 0x00, 0x00, 0x00, 
0xDB, 0xFF, 0xFF, 0xFF, 0x2A, 0x00, 0x00, 0x00, 0x00, 0x00, 0xF9, 0xFF, 0xFF, 0xFF, 0x29, 0x00, 
0x00, 0x00, 0x00, 0x00, 0x00, 0x00, 0x00, 0x00, 0x00, 0x00, 0x00, 0x00, 0x00, 0x00, 0x00, 0x90, 
0xFF, 0xFF, 0xFF, 0xD5, 0x00, 0x00, 0x00, 0x00, 0x10, 0xFE, 0xFF, 0xFF, 0xF4, 0x02, 0x00, 0x00, 
0x00, 0x00, 0x05, 0xFF, 0xFF, 0xFF, 0xFF, 0x22, 0x00, 0x00, 0x00, 0x00, 0x00, 0x00, 0x00, 0x00, 
0x00, 0x00, 0x00, 0x00, 0x00, 0x00, 0x00, 0x0A, 0xEE, 0xFF, 0xFF, 0xFF, 0x7B, 0x00, 0x00, 0x00, 
0x00, 0x42, 0xFF, 0xFF, 0xFF, 0xC4, 0x00, 0x00, 0x00, 0x00, 0x00, 0x04, 0xFF, 0xFF, 0xFF, 0xFF, 
0x2C, 0x00, 0x00, 0x00, 0x00, 0x00, 0x00, 0x00, 0x00, 0x00, 0x00, 0x00, 0x00, 0x00, 0x00, 0x00, 
0x6A, 0xFF, 0xFF, 0xFF, 0xF9, 0x17, 0x00, 0x00, 0x00, 0x00, 0x75, 0xFF, 0xFF, 0xFF, 0x91, 0x00, 
0x00, 0x00, 0x00, 0x00, 0x00, 0xF3, 0xFF, 0xFF, 0xFF, 0x44, 0x00, 0x00, 0x00, 0x00, 0x00, 0x00, 
0x00, 0x00, 0x00, 0x00, 0x00, 0x00, 0x00, 0x00, 0x0E, 0xE9, 0xFF, 0xFF, 0xFF, 0x9B, 0x00, 0x00, 
0x00, 0x00, 0x00, 0xA8, 0xFF, 0xFF, 0xFF, 0x5E, 0x00, 0x00, 0x00, 0x00, 0x00, 0x00, 0xDB, 0xFF, 
0xFF, 0xFF, 0x75, 0x00, 0x00, 0x00, 0x00, 0x00, 0x00, 0x00, 0x00, 0x00, 0x00, 0x00, 0x00, 0x00, 
0x00, 0x99, 0xFF, 0xFF, 0xFF, 0xF6, 0x1B, 0x00, 0x00, 0x00, 0x00, 0x00, 0xDB, 0xFF, 0xFF, 0xFF, 
0x2B, 0x00, 0x00, 0x00, 0x00, 0x00, 0x00, 0xA6, 0xFF, 0xFF, 0xFF, 0xCC, 0x00, 0x00, 0x00, 0x00, 
0x00, 0x00, 0x00, 0x00, 0x00, 0x00, 0x00, 0x00, 0x00, 0x64, 0xFF, 0xFF, 0xFF, 0xFF, 0x74, 0x00, 
0x00, 0x00, 0x00, 0x00, 0x0F, 0xFE, 0xFF, 0xFF, 0xF6, 0x03, 0x00, 0x00, 0x00, 0x00, 0x00, 0x00, 
0x66, 0xFF, 0xFF, 0xFF, 0xFF, 0x57, 0x00, 0x00, 0x00, 0x00, 0x00, 0x00, 0x00, 0x00, 0x00, 0x00, 
0x00, 0x6D, 0xFD, 0xFF, 0xFF, 0xFF, 0xBF, 0x02, 0x00, 0x00, 0x00, 0x00, 0x00, 0x41, 0xFF, 0xFF, 
0xFF, 0xC6, 0x00, 0x00, 0x00, 0x00, 0x00, 0x00, 0x00, 0x0C, 0xEF, 0xFF, 0xFF, 0xFF, 0xF5, 0x4F, 
0x00, 0x00, 0x00, 0x00, 0x00, 0x00, 0x00, 0x00, 0x1C, 0xAA, 0xFF, 0xFF, 0xFF, 0xFF, 0xDC, 0x13, 
0x00, 0x00, 0x00, 0x00, 0x00, 0x00, 0x74, 0xFF, 0xFF, 0xFF, 0x93, 0x00, 0x00, 0x00, 0x00, 0x00, 
0x00, 0x00, 0x00, 0x75, 0xFF, 0xFF, 0xFF, 0xFF, 0xFF, 0xB9, 0x60, 0x2A, 0x15, 0x17, 0x2F, 0x57, 
0xAA, 0xF6, 0xFF, 0xFF, 0xFF, 0xFF, 0xD8, 0x1D, 0x00, 0x00, 0x00, 0x00, 0x00, 0x00, 0x00, 0xA7, 
0xFF, 0xFF, 0xFF, 0x60, 0x00, 0x00, 0x00, 0x00, 0x00, 0x00, 0x00, 0x00, 0x01, 0xB2, 0xFF, 0xFF, 
0xFF, 0xFF, 0xFF, 0xFF, 0xFF, 0xFF, 0xFF, 0xFF, 0xFF, 0xFF, 0xFF, 0xFF, 0xFF, 0xFF, 0xB3, 0x14, 
0x00, 0x00, 0x00, 0x00, 0x00, 0x00, 0x00, 0x00, 0xDA, 0xFF, 0xFF, 0xFF, 0x2D, 0x00, 0x00, 0x00, 
0x00, 0x00, 0x00, 0x00, 0x00, 0x00, 0x05, 0x93, 0xFF, 0xFF, 0xFF, 0xFF, 0xFF, 0xFF, 0xFF, 0xFF, 
0xFF, 0xFF, 0xFF, 0xFF, 0xFF, 0xDF, 0x5E, 0x00, 0x00, 0x00, 0x00, 0x00, 0x00, 0x00, 0x00, 0x00, 
0x02, 0xF3, 0xFF, 0xFF, 0xDD, 0x04, 0x00, 0x00, 0x00, 0x00, 0x00, 0x00, 0x00, 0x00, 0x00, 0x00, 
0x00, 0x32, 0xA7, 0xF1, 0xFF, 0xFF, 0xFF, 0xFF, 0xFF, 0xFF, 0xFF, 0xF5, 0xB2, 0x57, 0x05, 0x00, 
0x00, 0x00, 0x00, 0x00, 0x00, 0x00, 0x00, 0x00, 0x00, 0x00, 0x08, 0x1F, 0x1B, 0x01, 0x00, 0x00, 
0x00, 0x00, 0x00, 0x00, 0x00, 0x00, 0x00, 0x00, 0x00, 0x00, 0x00, 0x00, 0x02, 0x2F, 0x53, 0x64, 
0x6F, 0x63, 0x53, 0x2C, 0x03, 0x00, 0x00, 0x00, 0x00, 0x00, 0x00, 0x00, 0x00, 0x00, 0x00, 0x00, 
0x00, 0x00, 0x00, 0x00, 0x00, 0x00, 0x00, 0x00, 0x00, 0x00, 0x00, 0x00, 0x00, 0x00, 0x00, 0x00, 
0x00, 0x09, 0x2E, 0x3F, 0x4F, 0x54, 0x54, 0x54, 0x54, 0x54, 0x54, 0x54, 0x32, 0x00, 0x00, 0x00, 
0x00, 0x00, 0x00, 0x00, 0x00, 0x00, 0x00, 0x00, 0x00, 0x00, 0x2A, 0x8B, 0xD0, 0xFB, 0xFF, 0xFF, 
0xFF, 0xFF, 0xFF, 0xFF, 0xFF, 0xFF, 0xFF, 0xFF, 0xFE, 0x1B, 0x00, 0x00, 0x00, 0x00, 0x00, 0x00, 
0x00, 0x00, 0x00, 0x00, 0x22, 0xB7, 0xFF, 0xFF, 0xFF, 0xFF, 0xFF, 0xFF, 0xFF, 0xFF, 0xFF, 0xFF, 
0xFF, 0xFF, 0xFF, 0xFF, 0xFF, 0x1B, 0x00, 0x00, 0x00, 0x00, 0x00, 0x00, 0x00, 0x00, 0x00, 0x55, 
0xF6, 0xFF, 0xFF, 0xFF, 0xFF, 0xFF, 0xFF, 0xFF, 0xFF, 0xFF, 0xFF, 0xFF, 0xFF, 0xFF, 0xFF, 0xFF, 
0xEA, 0x00, 0x00, 0x00, 0x00, 0x00, 0x00, 0x00, 0x00, 0x00, 0x53, 0xFC, 0xFF, 0xFF, 0xFF, 0xFF, 
0xC0, 0x66, 0x2F, 0x13, 0x03, 0x00, 0x00, 0x00, 0x52, 0xFF, 0xFF, 0xFF, 0xB7, 0x00, 0x00, 0x00, 
0x00, 0x00, 0x00, 0x00, 0x00, 0x17, 0xEF, 0xFF, 0xFF, 0xFF, 0xE6, 0x43, 0x00, 0x00, 0x00, 0x00, 
0x00, 0x00, 0x00, 0x00, 0x84, 0xFF, 0xFF, 0xFF, 0x85, 0x00, 0x00, 0x00, 0x00, 0x00, 0x00, 0x00, 
0x00, 0x9A, 0xFF, 0xFF, 0xFF, 0xF1, 0x29, 0x00, 0x00, 0x00, 0x00, 0x00, 0x00, 0x00, 0x00, 0x00, 
0xB7, 0xFF, 0xFF, 0xFF, 0x52, 0x00, 0x00, 0x00, 0x00, 0x00, 0x00, 0x00, 0x06, 0xF0, 0xFF, 0xFF, 
0xFF, 0x76, 0x00, 0x00, 0x00, 0x00, 0x00, 0x00, 0x00, 0x00, 0x00, 0x00, 0xE8, 0xFF, 0xFF, 0xFF, 
0x1F, 0x00, 0x00, 0x00, 0x00, 0x00, 0x00, 0x00, 0x43, 0xFF, 0xFF, 0xFF, 0xFE, 0x17, 0x00, 0x00, 
0x00, 0x00, 0x00, 0x00, 0x00, 0x00, 0x00, 0x1C, 0xFF, 0xFF, 0xFF, 0xEC, 0x00, 0x00, 0x00, 0x00, 
0x00, 0x00, 0x00, 0x00, 0x63, 0xFF, 0xFF, 0xFF, 0xE1, 0x00, 0x00, 0x00, 0x00, 0x00, 0x00, 0x00, 
0x00, 0x00, 0x00, 0x4E, 0xFF, 0xFF, 0xFF, 0xB9, 0x00, 0x00, 0x00, 0x00, 0x00, 0x00, 0x00, 0x00, 
0x7B, 0xFF, 0xFF, 0xFF, 0xD1, 0x00, 0x00, 0x00, 0x00, 0x00, 0x00, 0x00, 0x00, 0x00, 0x00, 0x81, 
0xFF, 0xFF, 0xFF, 0x86, 0x00, 0x00, 0x00, 0x00, 0x00, 0x00, 0x00, 0x00, 0x75, 0xFF, 0xFF, 0xFF, 
0xEF, 0x04, 0x00, 0x00, 0x00, 0x00, 0x00, 0x00, 0x00, 0x00, 0x00, 0xB3, 0xFF, 0xFF, 0xFF, 0x53, 
0x00, 0x00, 0x00, 0x00, 0x00, 0x00, 0x00, 0x00, 0x42, 0xFF, 0xFF, 0xFF, 0xFF, 0x70, 0x00, 0x00, 
0x00, 0x00, 0x00, 0x00, 0x00, 0x00, 0x00, 0xE6, 0xFF, 0xFF, 0xFF, 0x20, 0x00, 0x00, 0x00, 0x00, 
0x00, 0x00, 0x00, 0x00, 0x02, 0xD5, 0xFF, 0xFF, 0xFF, 0xFD, 0x83, 0x0F, 0x00, 0x00, 0x00, 0x00, 
0x00, 0x00, 0x18, 0xFF, 0xFF, 0xFF, 0xED, 0x00, 0x00, 0x00, 0x00, 0x00, 0x00, 0x00, 0x00, 0x00, 
0x00, 0x2F, 0xE8, 0xFF, 0xFF, 0xFF, 0xFF, 0xF6, 0xBE, 0x9A, 0x8D, 0x8C, 0x8C, 0x8C, 0xA7, 0xFF, 
0xFF, 0xFF, 0xBA, 0x00, 0x00, 0x00, 0x00, 0x00, 0x00, 0x00, 0x00, 0x00, 0x00, 0x00, 0x1B, 0xB8, 
0xFF, 0xFF, 0xFF, 0xFF, 0xFF, 0xFF, 0xFF, 0xFF, 0xFF, 0xFF, 0xFF, 0xFF, 0xFF, 0xFF, 0x87, 0x00, 
0x00, 0x00, 0x00, 0x00, 0x00, 0x00, 0x00, 0x00, 0x00, 0x00, 0x00, 0x06, 0x88, 0xFC, 0xFF, 0xFF, 
0xFF, 0xFF, 0xFF, 0xFF, 0xFF, 0xFF, 0xFF, 0xFF, 0xFF, 0xFF, 0x54, 0x00, 0x00, 0x00, 0x00, 0x00, 
0x00, 0x00, 0x00, 0x00, 0x00, 0x00, 0x1E, 0xD0, 0xFF, 0xFF, 0xFF, 0xFF, 0xFF, 0xDC, 0xC6, 0xC0, 
0xC0, 0xC0, 0xFC, 0xFF, 0xFF, 0xFF, 0x21, 0x00, 0x00, 0x00, 0x00, 0x00, 0x00, 0x00, 0x00, 0x00, 
0x00, 0x15, 0xDE, 0xFF, 0xFF, 0xFF, 0xF3, 0x79, 0x16, 0x00, 0x00, 0x00, 0x00, 0x13, 0xFF, 0xFF, 
0xFF, 0xEE, 0x00, 0x00, 0x00, 0x00, 0x00, 0x00, 0x00, 0x00, 0x00, 0x00, 0x05, 0xC3, 0xFF, 0xFF, 
0xFF, 0xDB, 0x22, 0x00, 0x00, 0x00, 0x00, 0x00, 0x00, 0x46, 0xFF, 0xFF, 0xFF, 0xBB, 0x00, 0x00, 
0x00, 0x00, 0x00, 0x00, 0x00, 0x00, 0x00, 0x00, 0x7E, 0xFF, 0xFF, 0xFF, 0xEC, 0x20, 0x00, 0x00, 
0x00, 0x00, 0x00, 0x00, 0x00, 0x7A, 0xFF, 0xFF, 0xFF, 0x88, 0x00, 0x00, 0x00, 0x00, 0x00, 0x00, 
0x00, 0x00, 0x00, 0x28, 0xF8, 0xFF, 0xFF, 0xFF, 0x5B, 0x00, 0x00, 0x00, 0x00, 0x00, 0x00, 0x00, 
0x00, 0xAD, 0xFF, 0xFF, 0xFF, 0x55, 0x00, 0x00, 0x00, 0x00, 0x00, 0x00, 0x00, 0x00, 0x00, 0xBB, 
0xFF, 0xFF, 0xFF, 0xB9, 0x00, 0x00, 0x00, 0x00, 0x00, 0x00, 0x00, 0x00, 0x00, 0xE1, 0xFF, 0xFF, 
0xFF, 0x22, 0x00, 0x00, 0x00, 0x00, 0x00, 0x00, 0x00, 0x00, 0x4E, 0xFF, 0xFF, 0xFF, 0xFB, 0x27, 
0x00, 0x00, 0x00, 0x00, 0x00, 0x00, 0x00, 0x00, 0x14, 0xFF, 0xFF, 0xFF, 0xEE, 0x00, 0x00, 0x00, 
0x00, 0x00, 0x00, 0x00, 0x00, 0x05, 0xD9, 0xFF, 0xFF, 0xFF, 0x99, 0x00, 0x00, 0x00, 0x00, 0x00, 
0x00, 0x00, 0x00, 0x00, 0x48, 0xFF, 0xFF, 0xFF, 0xBC, 0x00, 0x00, 0x00, 0x00, 0x00, 0x00, 0x00, 
0x00, 0x71, 0xFF, 0xFF, 0xFF, 0xF5, 0x19, 0x00, 0x00, 0x00, 0x00, 0x00, 0x00, 0x00, 0x00, 0x00, 
0x7C, 0xFF, 0xFF, 0xFF, 0x89, 0x00, 0x00, 0x00, 0x00, 0x00, 0x00, 0x00, 0x13, 0xEF, 0xFF, 0xFF, 
0xFF, 0x84, 0x00, 0x00, 0x00, 0x00, 0x00, 0x00, 0x00, 0x00, 0x00, 0x00, 0xAF, 0xFF, 0xFF, 0xFF, 
0x56, 0x00, 0x00, 0x00, 0x00, 0x00, 0x00, 0x00, 0x95, 0xFF, 0xFF, 0xFF, 0xEB, 0x0E, 0x00, 0x00, 
0x00, 0x00, 0x00, 0x00, 0x00, 0x00, 0x00, 0x00, 0xE3, 0xFF, 0xFF, 0xFF, 0x23, 0x00, 0x00, 0x00, 
0x00, 0x00, 0x00, 0x2A, 0xFB, 0xFF, 0xFF, 0xFF, 0x70, 0x00, 0x00, 0x00, 0x00, 0x00, 0x00, 0x00, 
0x00, 0x00, 0x00, 0x16, 0xFF, 0xFF, 0xFF, 0xEF, 0x01, 0x00, 0x00, 0x00, 0x00, 0x00, 0x00, 0xB8, 
0xFF, 0xFF, 0xFF, 0xDF, 0x06, 0x00, 0x00, 0x00, 0x00, 0x00, 0x00, 0x00, 0x00, 0x00, 0x00, 0x4A, 
0xFF, 0xFF, 0xFF, 0xBD, 0x00, 0x00, 0x00, 0x00, 0x00, 0x00, 0x0C, 0xF9, 0xFF, 0xFF, 0xF0, 0x47, 
0x00, 0x00, 0x00, 0x00, 0x00, 0x00, 0x00, 0x00, 0x00, 0x00, 0x00, 0x65, 0xFF, 0xFF, 0xFE, 0x70, 
0x00, 0x00, 0x00, 0x00, 0x00, 0x00, 0x00, 0x0A, 0x21, 0x1D, 0x04, 0x00, 0x00, 0x00, 0x00, 0x00, 
0x00, 0x00, 0x00, 0x00, 0x00, 0x00, 0x00, 0x00, 0x14, 0x21, 0x0E, 0x00, 0x00, 0x00, 0x00, 0x00, 
0x00, 0x00, 0x00, 0x00, 0x00, 0x00, 0x00, 0x00, 0x00, 0x00, 0x0A, 0x53, 0x92, 0xAC, 0xB0, 0x95, 
0x57, 0x07, 0x00, 0x00, 0x00, 0x41, 0x63, 0x58, 0x07, 0x00, 0x00, 0x00, 0x00, 0x00, 0x00, 0x04, 
0x6F, 0xEF, 0xFF, 0xFF, 0xFF, 0xFF, 0xFF, 0xFF, 0xE8, 0x4E, 0x00, 0x3F, 0xFF, 0xFF, 0xFF, 0x32, 
0x00, 0x00, 0x00, 0x00, 0x00, 0x0E, 0xBA, 0xFF, 0xFF, 0xFF, 0xFF, 0xFF, 0xFF, 0xFF, 0xFF, 0xFF, 
0xFF, 0x75, 0x78, 0xFF, 0xFF, 0xFA, 0x07, 0x00, 0x00, 0x00, 0x00, 0x08, 0xC7, 0xFF, 0xFF, 0xFF, 
0xFF, 0xE1, 0xAA, 0xA7, 0xD1, 0xFF, 0xFF, 0xFF, 0xFF, 0xE6, 0xFF, 0xFF, 0xCE, 0x00, 0x00, 0x00, 
0x00, 0x00, 0x9E, 0xFF, 0xFF, 0xFF, 0xF4, 0x63, 0x02, 0x00, 0x00, 0x00, 0x37, 0xD3, 0xFF, 0xFF, 
0xFF, 0xFF, 0xFF, 0x9B, 0x00, 0x00, 0x00, 0x00, 0x44, 0xFF, 0xFF, 0xFF, 0xF9, 0x40, 0x00, 0x00, 
0x00, 0x00, 0x00, 0x00, 0x0C, 0xC1, 0xFF, 0xFF, 0xFF, 0xFF, 0x68, 0x00, 0x00, 0x00, 0x01, 0xD2, 
0xFF, 0xFF, 0xFF, 0x76, 0x00, 0x00, 0x00, 0x00, 0x00, 0x00, 0x00, 0x00, 0x14, 0xE3, 0xFF, 0xFF, 
0xFF, 0x35, 0x00, 0x00, 0x00, 0x4D, 0xFF, 0xFF, 0xFF, 0xDC, 0x04, 0x00, 0x00, 0x00, 0x00, 0x00, 
0x00, 0x00, 0x00, 0x00, 0xD4, 0xFF, 0xFF, 0xFA, 0x07, 0x00, 0x00, 0x00, 0xB5, 0xFF, 0xFF, 0xFF, 
0x6E, 0x00, 0x00, 0x00, 0x00, 0x00, 0x00, 0x00, 0x00, 0x00, 0x0B, 0xFC, 0xFF, 0xFF, 0xCF, 0x00, 
0x00, 0x00, 0x14, 0xFC, 0xFF, 0xFF, 0xFB, 0x16, 0x00, 0x00, 0x00, 0x00, 0x00, 0x00, 0x00, 0x00, 
0x00, 0x3D, 0xFF, 0xFF, 0xFF, 0x9B, 0x00, 0x00, 0x00, 0x5A, 0xFF, 0xFF, 0xFF, 0xB8, 0x00, 0x00, 
0x00, 0x00, 0x00, 0x00, 0x00, 0x00, 0x00, 0x00, 0x73, 0xFF, 0xFF, 0xFF, 0x68, 0x00, 0x00, 0x00, 
0x98, 0xFF, 0xFF, 0xFF, 0x7C, 0x00, 0x00, 0x00, 0x00, 0x00, 0x00, 0x00, 0x00, 0x00, 0x00, 0xB4, 
0xFF, 0xFF, 0xFF, 0x35, 0x00, 0x00, 0x00, 0xCA, 0xFF, 0xFF, 0xFF, 0x46, 0x00, 0x00, 0x00, 0x00, 
0x00, 0x00, 0x00, 0x00, 0x00, 0x08, 0xF3, 0xFF, 0xFF, 0xFA, 0x07, 0x00, 0x00, 0x00, 0xEF, 0xFF, 
0xFF, 0xFF, 0x1B, 0x00, 0x00, 0x00, 0x00, 0x00, 0x00, 0x00, 0x00, 0x00, 0x60, 0xFF, 0xFF, 0xFF, 
0xCF, 0x00, 0x00, 0x00, 0x08, 0xFF, 0xFF, 0xFF, 0xFF, 0x07, 0x00, 0x00, 0x00, 0x00, 0x00, 0x00, 
0x00, 0x00, 0x01, 0xCF, 0xFF, 0xFF, 0xFF, 0x9C, 0x00, 0x00, 0x00, 0x14, 0xFF, 0xFF, 0xFF, 0xF8, 
0x00, 0x00, 0x00, 0x00, 0x00, 0x00, 0x00, 0x00, 0x00, 0x62, 0xFF, 0xFF, 0xFF, 0xFF, 0x68, 0x00, 
0x00, 0x00, 0x10, 0xFF, 0xFF, 0xFF, 0xFF, 0x06, 0x00, 0x00, 0x00, 0x00, 0x00, 0x00, 0x00, 0x1E, 
0xEC, 0xFF, 0xFF, 0xFF, 0xFF, 0x35, 0x00, 0x00, 0x00, 0x02, 0xF9, 0xFF, 0xFF, 0xFF, 0x31, 0x00, 
0x00, 0x00, 0x00, 0x00, 0x00, 0x0F, 0xCC, 0xFF, 0xFF, 0xFF, 0xFF, 0xFA, 0x07, 0x00, 0x00, 0x00, 
0x00, 0xD5, 0xFF, 0xFF, 0xFF, 0x8B, 0x00, 0x00, 0x00, 0x00, 0x00, 0x1D, 0xCC, 0xFF, 0xFF, 0xF1, 
0xFF, 0xFF, 0xCF, 0x00, 0x00, 0x00, 0x00, 0x00, 0x90, 0xFF, 0xFF, 0xFF, 0xFA, 0x5C, 0x02, 0x00, 
0x13, 0x75, 0xF0, 0xFF, 0xFF, 0xB2, 0xDA, 0xFF, 0xFF, 0x9C, 0x00, 0x00, 0x00, 0x00, 0x00, 0x26, 
0xFB, 0xFF, 0xFF, 0xFF, 0xFF, 0xF1, 0xE7, 0xFE, 0xFF, 0xFF, 0xFF, 0xC4, 0x19, 0xFD, 0xFF, 0xFF, 
0x69, 0x00, 0x00, 0x00, 0x00, 0x00, 0x00, 0x72, 0xFF, 0xFF, 0xFF, 0xFF, 0xFF, 0xFF, 0xFF, 0xFF, 
0xFD, 0x96, 0x08, 0x3C, 0xFF, 0xFF, 0xFF, 0x35, 0x00, 0x00, 0x00, 0x00, 0x00, 0x00, 0x00, 0x5C, 
0xE9, 0xFF, 0xFF, 0xFF, 0xFF, 0xFD, 0xAA, 0x29, 0x00, 0x00, 0x5B, 0xFF, 0xFF, 0xE6, 0x07, 0x00, 
0x00, 0x00, 0x00, 0x00, 0x00, 0x00, 0x00, 0x04, 0x40, 0x62, 0x6C, 0x52, 0x15, 0x00, 0x00, 0x00, 
0x00, 0x00, 0x18, 0x1F, 0x05, 0x00, 0x00, 0x00, 0x00, 0x00, 0x00, 0x00, 0x00, 0x00, 0x00, 0x00, 
0x00, 0x00, 0x00, 0x00, 0x00, 0x00, 0x00, 0x00, 0x00, 0x00, 0x00, 0x00, 0x01, 0x20, 0x48, 0x6F, 
0x97, 0xBB, 0x42, 0x00, 0x00, 0x00, 0x00, 0x00, 0x00, 0x00, 0x00, 0x00, 0x00, 0x00, 0x00, 0x00, 
0x18, 0x4E, 0x81, 0xA9, 0xD1, 0xF6, 0xFF, 0xFF, 0xFF, 0xFF, 0xFF, 0x53, 0x00, 0x00, 0x00, 0x00, 
0x00, 0x00, 0x00, 0x00, 0x00, 0x00, 0x21, 0x7E, 0xD7, 0xFF, 0xFF, 0xFF, 0xFF, 0xFF, 0xFF, 0xFF, 
0xFF, 0xFF, 0xFF, 0xFF, 0x21, 0x00, 0x00, 0x00, 0x00, 0x00, 0x00, 0x00, 0x00, 0x14, 0x94, 0xFB, 
0xFF, 0xFF, 0xFF, 0xFF, 0xFF, 0xFF, 0xFF, 0xFF, 0xFF, 0xFF, 0xFE, 0xDF, 0x87, 0x00, 0x00, 0x00, 
0x00, 0x00, 0x00, 0x00, 0x00, 0x39, 0xE8, 0xFF, 0xFF, 0xFF, 0xFF, 0xFF, 0xFF, 0xFA, 0xD5, 0xAD, 
0x84, 0x5B, 0x32, 0x0A, 0x00, 0x00, 0x00, 0x00, 0x00, 0x00, 0x00, 0x00, 0x00, 0x50, 0xF8, 0xFF, 
0xFF, 0xFF, 0xFF, 0xD2, 0x79, 0x3A, 0x07, 0x00, 0x00, 0x00, 0x00, 0x00, 0x00, 0x00, 0x00, 0x00, 
0x00, 0x00, 0x00, 0x00, 0x00, 0x32, 0xF6, 0xFF, 0xFF, 0xFF, 0xCB, 0x40, 0x00, 0x00, 0x00, 0x00, 
0x00, 0x00, 0x00, 0x00, 0x00, 0x00, 0x00, 0x00, 0x00, 0x00, 0x00, 0x00, 0x00, 0x04, 0xD1, 0xFF, 
0xFF, 0xFF, 0x97, 0x05, 0x00, 0x00, 0x00, 0x00, 0x00, 0x00, 0x00, 0x00, 0x00, 0x00, 0x00, 0x00, 
0x00, 0x00, 0x00, 0x00, 0x00, 0x00, 0x68, 0xFF, 0xFF, 0xFF, 0xAF, 0x01, 0x00, 0x00, 0x00, 0x00, 
0x00, 0x00, 0x00, 0x00, 0x00, 0x00, 0x00, 0x00, 0x00, 0x00, 0x00, 0x00, 0x00, 0x00, 0x03, 0xDC, 
0xFF, 0xFF, 0xEB, 0x0F, 0x00, 0x00, 0x00, 0x00, 0x00, 0x00, 0x00, 0x00, 0x00, 0x00, 0x00, 0x00, 
0x00, 0x00, 0x00, 0x00, 0x00, 0x00, 0x00, 0x57, 0xFF, 0xFF, 0xFF, 0x72, 0x00, 0x00, 0x01, 0x35, 
0x68, 0x7F, 0x7E, 0x6B, 0x3E, 0x05, 0x00, 0x00, 0x00, 0x00, 0x00, 0x00, 0x00, 0x00, 0x00, 0x00, 
0xC9, 0xFF, 0xFF, 0xED, 0x0A, 0x10, 0x7C, 0xDC, 0xFF, 0xFF, 0xFF, 0xFF, 0xFF, 0xFF, 0xEE, 0x7B, 
0x05, 0x00, 0x00, 0x00, 0x00, 0x00, 0x00, 0x00, 0x21, 0xFF, 0xFF, 0xFF, 0x85, 0x47, 0xE3, 0xFF, 
0xFF, 0xFF, 0xFF, 0xFF, 0xFF, 0xFF, 0xFF, 0xFF, 0xFF, 0xBB, 0x06, 0x00, 0x00, 0x00, 0x00, 0x00, 
0x00, 0x73, 0xFF, 0xFF, 0xF9, 0x89, 0xFF, 0xFF, 0xFF, 0xFF, 0xDC, 0xB8, 0xB1, 0xD4, 0xFF, 0xFF, 
0xFF, 0xFF, 0xFF, 0x8C, 0x00, 0x00, 0x00, 0x00, 0x00, 0x00, 0xC6, 0xFF, 0xFF, 0xEC, 0xFE, 0xFF, 
0xFE, 0xA0, 0x2C, 0x00, 0x00, 0x00, 0x00, 0x30, 0xD7, 0xFF, 0xFF, 0xFF, 0xF7, 0x13, 0x00, 0x00, 
0x00, 0x00, 0x13, 0xFE, 0xFF, 0xFF, 0xFF, 0xFF, 0xF3, 0x44, 0x00, 0x00, 0x00, 0x00, 0x00, 0x00, 
0x00, 0x21, 0xF8, 0xFF, 0xFF, 0xFF, 0x5A, 0x00, 0x00, 0x00, 0x00, 0x4D, 0xFF, 0xFF, 0xFF, 0xFF, 
0xF9, 0x38, 0x00, 0x00, 0x00, 0x00, 0x00, 0x00, 0x00, 0x00, 0x00, 0xB0, 0xFF, 0xFF, 0xFF, 0x8C, 
0x00, 0x00, 0x00, 0x00, 0x88, 0xFF, 0xFF, 0xFF, 0xFF, 0x74, 0x00, 0x00, 0x00, 0x00, 0x00, 0x00, 
0x00, 0x00, 0x00, 0x00, 0x86, 0xFF, 0xFF, 0xFF, 0xA1, 0x00, 0x00, 0x00, 0x00, 0xC3, 0xFF, 0xFF, 
0xFF, 0xDB, 0x02, 0x00, 0x00, 0x00, 0x00, 0x00, 0x00, 0x00, 0x00, 0x00, 0x00, 0x6B, 0xFF, 0xFF, 
0xFF, 0xA6, 0x00, 0x00, 0x00, 0x01, 0xF4, 0xFF, 0xFF, 0xFF, 0x66, 0x00, 0x00, 0x00, 0x00, 0x00, 
0x00, 0x00, 0x00, 0x00, 0x00, 0x00, 0x6A, 0xFF, 0xFF, 0xFF, 0x9A, 0x00, 0x00, 0x00, 0x21, 0xFF, 
0xFF, 0xFF, 0xFD, 0x10, 0x00, 0x00, 0x00, 0x00, 0x00, 0x00, 0x00, 0x00, 0x00, 0x00, 0x00, 0x7B, 
0xFF, 0xFF, 0xFF, 0x80, 0x00, 0x00, 0x00, 0x46, 0xFF, 0xFF, 0xFF, 0xCC, 0x00, 0x00, 0x00, 0x00, 
0x00, 0x00, 0x00, 0x00, 0x00, 0x00, 0x00, 0x00, 0x99, 0xFF, 0xFF, 0xFF, 0x5B, 0x00, 0x00, 0x00, 
0x65, 0xFF, 0xFF, 0xFF, 0x99, 0x00, 0x00, 0x00, 0x00, 0x00, 0x00, 0x00, 0x00, 0x00, 0x00, 0x00, 
0x00, 0xD1, 0xFF, 0xFF, 0xFF, 0x25, 0x00, 0x00, 0x00, 0x7A, 0xFF, 0xFF, 0xFF, 0x85, 0x00, 0x00, 
0x00, 0x00, 0x00, 0x00, 0x00, 0x00, 0x00, 0x00, 0x00, 0x16, 0xFC, 0xFF, 0xFF, 0xE3, 0x00, 0x00, 
0x00, 0x00, 0x85, 0xFF, 0xFF, 0xFF, 0x73, 0x00, 0x00, 0x00, 0x00, 0x00, 0x00, 0x00, 0x00, 0x00, 
0x00, 0x00, 0x72, 0xFF, 0xFF, 0xFF, 0x8C, 0x00, 0x00, 0x00, 0x00, 0x7F, 0xFF, 0xFF, 0xFF, 0x75, 
0x00, 0x00, 0x00, 0x00, 0x00, 0x00, 0x00, 0x00, 0x00, 0x00, 0x06, 0xDC, 0xFF, 0xFF, 0xFE, 0x2B, 
0x00, 0x00, 0x00, 0x00, 0x6C, 0xFF, 0xFF, 0xFF, 0x92, 0x00, 0x00, 0x00, 0x00, 0x00, 0x00, 0x00, 
0x00, 0x00, 0x00, 0x77, 0xFF, 0xFF, 0xFF, 0xAD, 0x00, 0x00, 0x00, 0x00, 0x00, 0x49, 0xFF, 0xFF, 
0xFF, 0xD6, 0x00, 0x00, 0x00, 0x00, 0x00, 0x00, 0x00, 0x00, 0x00, 0x3F, 0xF9, 0xFF, 0xFF, 0xF7, 
0x25, 0x00, 0x00, 0x00, 0x00, 0x00, 0x10, 0xFA, 0xFF, 0xFF, 0xFF, 0x5B, 0x00, 0x00, 0x00, 0x00, 
0x00, 0x00, 0x00, 0x49, 0xEF, 0xFF, 0xFF, 0xFF, 0x72, 0x00, 0x00, 0x00, 0x00, 0x00, 0x00, 0x00, 
0xAE, 0xFF, 0xFF, 0xFF, 0xF7, 0x6F, 0x0A, 0x00, 0x00, 0x00, 0x32, 0x9E, 0xFE, 0xFF, 0xFF, 0xFF, 
0xA0, 0x00, 0x00, 0x00, 0x00, 0x00, 0x00, 0x00, 0x00, 0x27, 0xF6, 0xFF, 0xFF, 0xFF, 0xFF, 0xFA, 
0xD8, 0xD5, 0xF2, 0xFF, 0xFF, 0xFF, 0xFF, 0xFF, 0x99, 0x03, 0x00, 0x00, 0x00, 0x00, 0x00, 0x00, 
0x00, 0x00, 0x00, 0x47, 0xF5, 0xFF, 0xFF, 0xFF, 0xFF, 0xFF, 0xFF, 0xFF, 0xFF, 0xFF, 0xFF, 0xEE, 
0x61, 0x00, 0x00, 0x00, 0x00, 0x00, 0x00, 0x00, 0x00, 0x00, 0x00, 0x00, 0x00, 0x20, 0xAA, 0xFB, 
0xFF, 0xFF, 0xFF, 0xFF, 0xFF, 0xFF, 0xDD, 0x7A, 0x13, 0x00, 0x00, 0x00, 0x00, 0x00, 0x00, 0x00, 
0x00, 0x00, 0x00, 0x00, 0x00, 0x00, 0x00, 0x00, 0x10, 0x45, 0x65, 0x70, 0x66, 0x51, 0x1F, 0x00, 
0x00, 0x00, 0x00, 0x00, 0x00, 0x00, 0x00, 0x00, 0x00, 0x00, 0x00, 0x00, 0x00, 0x00, 0x00, 0x00, 
0x00, 0x00, 0x00, 0x00, 0x00, 0x20, 0x6F, 0x94, 0xAC, 0xB5, 0xA6, 0x7E, 0x3D, 0x00, 0x00, 0x00, 
0x00, 0x00, 0x00, 0x00, 0x00, 0x00, 0x00, 0x00, 0x39, 0xC4, 0xFF, 0xFF, 0xFF, 0xFF, 0xFF, 0xFF, 
0xFF, 0xFF, 0xD5, 0x3E, 0x00, 0x00, 0x00, 0x00, 0x00, 0x00, 0x00, 0x03, 0x91, 0xFF, 0xFF, 0xFF, 
0xFF, 0xFF, 0xFF, 0xFF, 0xFF, 0xFF, 0xFF, 0xFF, 0xFA, 0x4A, 0x00, 0x00, 0x00, 0x00, 0x00, 0x05, 
0xB3, 0xFF, 0xFF, 0xFF, 0xFB, 0xA8, 0x5F, 0x3F, 0x43, 0x77, 0xE4, 0xFF, 0xFF, 0xFF, 0xE5, 0x04, 
0x00, 0x00, 0x00, 0x00, 0x98, 0xFF, 0xFF, 0xFF, 0xD2, 0x29, 0x00, 0x00, 0x00, 0x00, 0x00, 0x10, 
0xE3, 0xFF, 0xFF, 0xFF, 0x3E, 0x00, 0x00, 0x00, 0x50, 0xFF, 0xFF, 0xFF, 0xD5, 0x12, 0x00, 0x00, 
0x00, 0x00, 0x00, 0x00, 0x00, 0x9A, 0xFF, 0xFF, 0xFF, 0x55, 0x00, 0x00, 0x07, 0xDF, 0xFF, 0xFF, 
0xF9, 0x2C, 0x00, 0x00, 0x00, 0x00, 0x00, 0x00, 0x00, 0x00, 0x9E, 0xFF, 0xFF, 0xFF, 0x38, 0x00, 
0x00, 0x62, 0xFF, 0xFF, 0xFF, 0x94, 0x00, 0x00, 0x00, 0x00, 0x00, 0x00, 0x00, 0x00, 0x0B, 0xE7, 
0xFF, 0xFF, 0xE2, 0x03, 0x00, 0x00, 0xCE, 0xFF, 0xFF, 0xFE, 0x21, 0x00, 0x00, 0x00, 0x00, 0x00, 
0x00, 0x00, 0x0D, 0xB0, 0xFF, 0xFF, 0xFF, 0x53, 0x00, 0x00, 0x26, 0xFF, 0xFF, 0xFF, 0xD4, 0x28, 
0x28, 0x28, 0x28, 0x28, 0x32, 0x4D, 0x89, 0xE8, 0xFF, 0xFF, 0xF4, 0x57, 0x00, 0x00, 0x00, 0x75, 
0xFF, 0xFF, 0xFF, 0xFF, 0xFF, 0xFF, 0xFF, 0xFF, 0xFF, 0xFF, 0xFF, 0xFF, 0xFF, 0xF1, 0x92, 0x23, 
0x00, 0x00, 0x00, 0x00, 0xB3, 0xFF, 0xFF, 0xFF, 0xFF, 0xFF, 0xFF, 0xFF, 0xFF, 0xFF, 0xFF, 0xFF, 
0xFF, 0xFF, 0xFA, 0xB4, 0x30, 0x00, 0x00, 0x00, 0x00, 0xE6, 0xFF, 0xFF, 0xFF, 0x86, 0x80, 0x80, 
0x80, 0x80, 0x85, 0x96, 0xC2, 0xFB, 0xFF, 0xFF, 0xFF, 0xF8, 0x3F, 0x00, 0x00, 0x0E, 0xFF, 0xFF, 
0xFF, 0xEF, 0x00, 0x00, 0x00, 0x00, 0x00, 0x00, 0x00, 0x00, 0x19, 0xB3, 0xFF, 0xFF, 0xFF, 0xCA, 
0x00, 0x00, 0x2B, 0xFF, 0xFF, 0xFF, 0xCD, 0x00, 0x00, 0x00, 0x00, 0x00, 0x00, 0x00, 0x00, 0x00, 
0x0B, 0xF7, 0xFF, 0xFF, 0xFF, 0x17, 0x00, 0x3C, 0xFF, 0xFF, 0xFF, 0xBD, 0x00, 0x00, 0x00, 0x00, 
0x00, 0x00, 0x00, 0x00, 0x00, 0x00, 0xD1, 0xFF, 0xFF, 0xFF, 0x2E, 0x00, 0x3E, 0xFF, 0xFF, 0xFF, 
0xC0, 0x00, 0x00, 0x00, 0x00, 0x00, 0x00, 0x00, 0x00, 0x00, 0x00, 0xE6, 0xFF, 0xFF, 0xFF, 0x18, 
0x00, 0x2A, 0xFF, 0xFF, 0xFF, 0xE4, 0x00, 0x00, 0x00, 0x00, 0x00, 0x00, 0x00, 0x00, 0x00, 0x39, 
0xFF, 0xFF, 0xFF, 0xDF, 0x00, 0x00, 0x04, 0xF6, 0xFF, 0xFF, 0xFF, 0x3D, 0x00, 0x00, 0x00, 0x00, 
0x00, 0x00, 0x00, 0x0B, 0xCD, 0xFF, 0xFF, 0xFF, 0x7C, 0x00, 0x00, 0x00, 0xA8, 0xFF, 0xFF, 0xFF, 
0xDC, 0x27, 0x00, 0x00, 0x00, 0x00, 0x00, 0x3B, 0xD1, 0xFF, 0xFF, 0xFF, 0xDD, 0x0C, 0x00, 0x00, 
0x00, 0x2B, 0xF7, 0xFF, 0xFF, 0xFF, 0xFC, 0xBD, 0x93, 0x8D, 0xA2, 0xD9, 0xFF, 0xFF, 0xFF, 0xFF, 
0xEC, 0x2D, 0x00, 0x00, 0x00, 0x00, 0x00, 0x51, 0xF5, 0xFF, 0xFF, 0xFF, 0xFF, 0xFF, 0xFF, 0xFF, 
0xFF, 0xFF, 0xFF, 0xFF, 0xC5, 0x21, 0x00, 0x00, 0x00, 0x00, 0x00, 0x00, 0x00, 0x28, 0xA8, 0xF9, 
0xFF, 0xFF, 0xFF, 0xFF, 0xFF, 0xFF, 0xF9, 0xB8, 0x50, 0x00, 0x00, 0x00, 0x00, 0x00, 0x00, 0x00, 
0x00, 0x00, 0x00, 0x00, 0x09, 0x41, 0x5E, 0x6E, 0x6C, 0x5C, 0x39, 0x0A, 0x00, 0x00, 0x00, 0x00, 
0x00, 0x00, 0x00, 0x00, 0x00, 0x00, 0x00, 0x00, 0x00, 0x00, 0x00, 0x1D, 0x5C, 0x8D, 0xA7, 0xB7, 
0xAB, 0x8B, 0x51, 0x07, 0x00, 0x00, 0x00, 0x00, 0x00, 0x00, 0x00, 0x00, 0x35, 0xC0, 0xFE, 0xFF, 
0xFF, 0xFF, 0xFF, 0xFF, 0xFF, 0xFF, 0xEA, 0x5E, 0x00, 0x00, 0x00, 0x00, 0x00, 0x00, 0x17, 0xF0, 
0xFF, 0xFF, 0xFF, 0xFF, 0xFF, 0xFF, 0xFF, 0xFF, 0xFF, 0xFF, 0xFF, 0x77, 0x00, 0x00, 0x00, 0x00, 
0x00, 0x6D, 0xFF, 0xFF, 0xF8, 0xB3, 0x7D, 0x66, 0x70, 0x96, 0xF0, 0xFF, 0xFF, 0xFF, 0xFB, 0x25, 
0x00, 0x00, 0x00, 0x00, 0x8F, 0xE6, 0x6F, 0x0F, 0x00, 0x00, 0x00, 0x00, 0x00, 0x16, 0xDD, 0xFF, 
0xFF, 0xFF, 0x7C, 0x00, 0x00, 0x00, 0x00, 0x10, 0x08, 0x00, 0x00, 0x00, 0x00, 0x00, 0x00, 0x00, 
0x00, 0x74, 0xFF, 0xFF, 0xFF, 0x9F, 0x00, 0x00, 0x00, 0x00, 0x00, 0x00, 0x00, 0x00, 0x00, 0x00, 
0x00, 0x00, 0x00, 0x00, 0x62, 0xFF, 0xFF, 0xFF, 0x96, 0x00, 0x00, 0x00, 0x00, 0x00, 0x00, 0x00, 
0x00, 0x00, 0x00, 0x00, 0x00, 0x00, 0x01, 0xBD, 0xFF, 0xFF, 0xFF, 0x62, 0x00, 0x00, 0x00, 0x00, 
0x00, 0x00, 0x00, 0x00, 0x00, 0x00, 0x00, 0x00, 0x19, 0xB0, 0xFF, 0xFF, 0xFF, 0xE9, 0x0E, 0x00, 
0x00, 0x00, 0x00, 0x00, 0x00, 0x00, 0x00, 0x00, 0x02, 0x3C, 0x9D, 0xF7, 0xFF, 0xFF, 0xFF, 0xFC, 
0x4A, 0x00, 0x00, 0x00, 0x00, 0x00, 0x00, 0x00, 0x02, 0x41, 0x96, 0xE7, 0xFF, 0xFF, 0xFF, 0xFF, 
0xFF, 0xEE, 0x4A, 0x00, 0x00, 0x00, 0x00, 0x00, 0x00, 0x07, 0x6E, 0xDD, 0xFF, 0xFF, 0xFF, 0xFF, 
0xFF, 0xFF, 0xF6, 0x95, 0x14, 0x00, 0x00, 0x00, 0x00, 0x00, 0x00, 0x40, 0xDD, 0xFF, 0xFF, 0xFF, 
0xFF, 0xFF, 0xFC, 0xBF, 0x6B, 0x11, 0x00, 0x00, 0x00, 0x00, 0x00, 0x00, 0x00, 0x61, 0xFC, 0xFF, 
0xFF, 0xFF, 0xFF, 0xC6, 0x66, 0x15, 0x00, 0x00, 0x00, 0x00, 0x00, 0x00, 0x00, 0x00, 0x00, 0x39, 
0xFC, 0xFF, 0xFF, 0xFF, 0xC3, 0x36, 0x00, 0x00, 0x00, 0x00, 0x00, 0x00, 0x00, 0x00, 0x00, 0x00, 
0x00, 0x00, 0xC1, 0xFF, 0xFF, 0xFF, 0xA0, 0x02, 0x00, 0x00, 0x00, 0x00, 0x00, 0x00, 0x00, 0x00, 
0x00, 0x00, 0x00, 0x00, 0x14, 0xFE, 0xFF, 0xFF, 0xF5, 0x0C, 0x00, 0x00, 0x00, 0x00, 0x00, 0x00, 
0x00, 0x00, 0x00, 0x00, 0x00, 0x00, 0x00, 0x37, 0xFF, 0xFF, 0xFF, 0xD6, 0x00, 0x00, 0x00, 0x00, 
0x00, 0x00, 0x00, 0x00, 0x00, 0x00, 0x00, 0x00, 0x00, 0x00, 0x39, 0xFF, 0xFF, 0xFF, 0xF5, 0x0F, 
0x00, 0x00, 0x00, 0x00, 0x00, 0x00, 0x00, 0x00, 0x39, 0xA1, 0x28, 0x00, 0x00, 0x12, 0xFB, 0xFF, 
0xFF, 0xFF, 0xBF, 0x36, 0x00, 0x00, 0x00, 0x00, 0x22, 0x6C, 0xCA, 0xFF, 0xFF, 0x40, 0x00, 0x00, 
0x00, 0xA4, 0xFF, 0xFF, 0xFF, 0xFF, 0xFF, 0xF0, 0xD8, 0xD8, 0xF0, 0xFF, 0xFF, 0xFF, 0xFF, 0xFB, 
0x11, 0x00, 0x00, 0x00, 0x11, 0xCA, 0xFF, 0xFF, 0xFF, 0xFF, 0xFF, 0xFF, 0xFF, 0xFF, 0xFF, 0xFF, 
0xFF, 0xFF, 0x96, 0x00, 0x00, 0x00, 0x00, 0x00, 0x07, 0x76, 0xE0, 0xFF, 0xFF, 0xFF, 0xFF, 0xFF, 
0xFF, 0xFF, 0xE9, 0xA5, 0x47, 0x00, 0x00, 0x00, 0x00, 0x00, 0x00, 0x00, 0x00, 0x01, 0x29, 0x56, 
0x69, 0x6E, 0x5E, 0x49, 0x1E, 0x00, 0x00, 0x00, 0x00, 0x00, 0x00, 0x00, 0x00, 0x00, 0x00, 0x00, 
0x00, 0x00, 0x00, 0x00, 0x00, 0x08, 0x8E, 0xA1, 0x90, 0x7B, 0x46, 0x0C, 0x00, 0x00, 0x00, 0x00, 
0x00, 0x00, 0x00, 0x00, 0x00, 0x00, 0x00, 0x00, 0x00, 0x00, 0x00, 0x00, 0x5A, 0xFF, 0xFF, 0xFF, 
0xFF, 0xFF, 0xFB, 0xA5, 0x2F, 0x00, 0x00, 0x00, 0x00, 0x00, 0x00, 0x00, 0x00, 0x00, 0x00, 0x00, 
0x00, 0x00, 0x00, 0x93, 0xFF, 0xFF, 0xFF, 0xFF, 0xFF, 0xFF, 0xFF, 0xFD, 0x78, 0x00, 0x00, 0x00, 
0x00, 0x00, 0x00, 0x00, 0x00, 0x00, 0x00, 0x00, 0x00, 0x00, 0x56, 0xB9, 0xCF, 0xE8, 0xFF, 0xFF, 
0xFF, 0xFF, 0xFF, 0xFF, 0x8F, 0x00, 0x00, 0x00, 0x00, 0x00, 0x00, 0x00, 0x00, 0x00, 0x00, 0x00, 
0x00, 0x00, 0x00, 0x00, 0x00, 0x30, 0x8F, 0xFA, 0xFF, 0xFF, 0xFF, 0xFF, 0x52, 0x00, 0x00, 0x00, 
0x00, 0x00, 0x00, 0x00, 0x00, 0x00, 0x00, 0x00, 0x00, 0x00, 0x00, 0x00, 0x00, 0x00, 0x2D, 0xE5, 
0xFF, 0xFF, 0xFF, 0xE2, 0x04, 0x00, 0x00, 0x00, 0x00, 0x00, 0x00, 0x00, 0x00, 0x00, 0x00, 0x00, 
0x00, 0x00, 0x00, 0x00, 0x00, 0x00, 0x29, 0xF6, 0xFF, 0xFF, 0xFF, 0x58, 0x00, 0x00, 0x00, 0x00, 
0x00, 0x00, 0x00, 0x00, 0x00, 0x00, 0x00, 0x00, 0x00, 0x00, 0x00, 0x00, 0x00, 0x00, 0x7F, 0xFF, 
0xFF, 0xFF, 0xB3, 0x00, 0x00, 0x00, 0x00, 0x00, 0x00, 0x00, 0x00, 0x00, 0x00, 0x00, 0x00, 0x00, 
0x00, 0x00, 0x00, 0x00, 0x00, 0x17, 0xFD, 0xFF, 0xFF, 0xEC, 0x00, 0x00, 0x00, 0x00, 0x00, 0x00, 
0x00, 0x00, 0x00, 0x00, 0x00, 0x00, 0x00, 0x00, 0x00, 0x00, 0x00, 0x00, 0x00, 0xC6, 0xFF, 0xFF, 
0xFF, 0x25, 0x00, 0x00, 0x00, 0x00, 0x00, 0x00, 0x00, 0x00, 0x00, 0x2C, 0x71, 0x8D, 0x9E, 0x8F, 
0x5C, 0x0A, 0x00, 0x00, 0x96, 0xFF, 0xFF, 0xFF, 0x3F, 0x00, 0x00, 0x00, 0x00, 0x00, 0x00, 0x00, 
0x4D, 0xD1, 0xFF, 0xFF, 0xFF, 0xFF, 0xFF, 0xFF, 0xEC, 0x70, 0x00, 0x75, 0xFF, 0xFF, 0xFF, 0x4F, 
0x00, 0x00, 0x00, 0x00, 0x00, 0x08, 0x9F, 0xFF, 0xFF, 0xFF, 0xFF, 0xFF, 0xFF, 0xFF, 0xFF, 0xFF, 
0xFF, 0x87, 0x66, 0xFF, 0xFF, 0xFF, 0x5E, 0x00, 0x00, 0x00, 0x00, 0x07, 0xBB, 0xFF, 0xFF, 0xFF, 
0xFF, 0xF7, 0xC2, 0xAB, 0xC3, 0xFC, 0xFF, 0xFF, 0xFF, 0x9D, 0xFF, 0xFF, 0xFF, 0x5F, 0x00, 0x00, 
0x00, 0x00, 0xA0, 0xFF, 0xFF, 0xFF, 0xFC, 0x87, 0x10, 0x00, 0x00, 0x00, 0x21, 0xCC, 0xFF, 0xFF, 
0xFB, 0xFF, 0xFF, 0xFF, 0x54, 0x00, 0x00, 0x00, 0x51, 0xFF, 0xFF, 0xFF, 0xFB, 0x51, 0x00, 0x00, 
0x00, 0x00, 0x00, 0x00, 0x15, 0xEC, 0xFF, 0xFF, 0xFF, 0xFF, 0xFF, 0x43, 0x00, 0x00, 0x04, 0xDC, 
0xFF, 0xFF, 0xFF, 0x76, 0x00, 0x00, 0x00, 0x00, 0x00, 0x00, 0x00, 0x00, 0x7D, 0xFF, 0xFF, 0xFF, 
0xFF, 0xFF, 0x2A, 0x00, 0x00, 0x60, 0xFF, 0xFF, 0xFF, 0xD5, 0x02, 0x00, 0x00, 0x00, 0x00, 0x00, 
0x00, 0x00, 0x00, 0x2C, 0xFF, 0xFF, 0xFF, 0xFF, 0xFE, 0x08, 0x00, 0x00, 0xC9, 0xFF, 0xFF, 0xFF, 
0x60, 0x00, 0x00, 0x00, 0x00, 0x00, 0x00, 0x00, 0x00, 0x00, 0x03, 0xF9, 0xFF, 0xFF, 0xFF, 0xD9, 
0x00, 0x00, 0x23, 0xFF, 0xFF, 0xFF, 0xF5, 0x0D, 0x00, 0x00, 0x00, 0x00, 0x00, 0x00, 0x00, 0x00, 
0x00, 0x00, 0xE9, 0xFF, 0xFF, 0xFF, 0xA5, 0x00, 0x00, 0x6E, 0xFF, 0xFF, 0xFF, 0xA7, 0x00, 0x00, 
0x00, 0x00, 0x00, 0x00, 0x00, 0x00, 0x00, 0x00, 0x00, 0xEA, 0xFF, 0xFF, 0xFF, 0x71, 0x00, 0x00, 
0xA9, 0xFF, 0xFF, 0xFF, 0x69, 0x00, 0x00, 0x00, 0x00, 0x00, 0x00, 0x00, 0x00, 0x00, 0x00, 0x06, 
0xFE, 0xFF, 0xFF, 0xFF, 0x37, 0x00, 0x00, 0xDA, 0xFF, 0xFF, 0xFF, 0x35, 0x00, 0x00, 0x00, 0x00, 
0x00, 0x00, 0x00, 0x00, 0x00, 0x00, 0x2F, 0xFF, 0xFF, 0xFF, 0xED, 0x02, 0x00, 0x02, 0xFA, 0xFF, 
0xFF, 0xFF, 0x0B, 0x00, 0x00, 0x00, 0x00, 0x00, 0x00, 0x00, 0x00, 0x00, 0x00, 0x79, 0xFF, 0xFF, 
0xFF, 0x9D, 0x00, 0x00, 0x13, 0xFF, 0xFF, 0xFF, 0xF6, 0x00, 0x00, 0x00, 0x00, 0x00, 0x00, 0x00, 
0x00, 0x00, 0x00, 0x00, 0xCC, 0xFF, 0xFF, 0xFF, 0x3E, 0x00, 0x00, 0x1D, 0xFF, 0xFF, 0xFF, 0xF4, 
0x00, 0x00, 0x00, 0x00, 0x00, 0x00, 0x00, 0x00, 0x00, 0x00, 0x4B, 0xFF, 0xFF, 0xFF, 0xCD, 0x00, 
0x00, 0x00, 0x12, 0xFF, 0xFF, 0xFF, 0xFF, 0x0C, 0x00, 0x00, 0x00, 0x00, 0x00, 0x00, 0x00, 0x00, 
0x04, 0xCF, 0xFF, 0xFF, 0xFF, 0x50, 0x00, 0x00, 0x00, 0x02, 0xF6, 0xFF, 0xFF, 0xFF, 0x46, 0x00, 
0x00, 0x00, 0x00, 0x00, 0x00, 0x00, 0x00, 0x90, 0xFF, 0xFF, 0xFF, 0xBC, 0x00, 0x00, 0x00, 0x00, 
0x00, 0xC6, 0xFF, 0xFF, 0xFF, 0xB8, 0x00, 0x00, 0x00, 0x00, 0x00, 0x00, 0x05, 0x93, 0xFF, 0xFF, 
0xFF, 0xEF, 0x22, 0x00, 0x00, 0x00, 0x00, 0x00, 0x70, 0xFF, 0xFF, 0xFF, 0xFF, 0x9D, 0x16, 0x00, 
0x00, 0x0C, 0x57, 0xD4, 0xFF, 0xFF, 0xFF, 0xFB, 0x4C, 0x00, 0x00, 0x00, 0x00, 0x00, 0x00, 0x0D, 
0xE0, 0xFF, 0xFF, 0xFF, 0xFF, 0xFD, 0xE2, 0xE3, 0xFB, 0xFF, 0xFF, 0xFF, 0xFF, 0xF9, 0x52, 0x00, 
0x00, 0x00, 0x00, 0x00, 0x00, 0x00, 0x00, 0x34, 0xEC, 0xFF, 0xFF, 0xFF, 0xFF, 0xFF, 0xFF, 0xFF, 
0xFF, 0xFF, 0xFF, 0xD5, 0x30, 0x00, 0x00, 0x00, 0x00, 0x00, 0x00, 0x00, 0x00, 0x00, 0x00, 0x1F, 
0xA5, 0xFA, 0xFF, 0xFF, 0xFF, 0xFF, 0xFF, 0xFE, 0xCB, 0x5E, 0x04, 0x00, 0x00, 0x00, 0x00, 0x00, 
0x00, 0x00, 0x00, 0x00, 0x00, 0x00, 0x00, 0x00, 0x0C, 0x46, 0x61, 0x6F, 0x60, 0x49, 0x14, 0x00, 
0x00, 0x00, 0x00, 0x00, 0x00, 0x00, 0x00, 0x00, 0x00, 0x00, 0x00, 0x00, 0x00, 0x00, 0x00, 0x00, 
0x00, 0x00, 0x00, 0x11, 0x56, 0x90, 0xA7, 0xB6, 0xA8, 0x89, 0x4A, 0x04, 0x00, 0x00, 0x00, 0x00, 
0x00, 0x00, 0x00, 0x00, 0x00, 0x00, 0x21, 0x9C, 0xFA, 0xFF, 0xFF, 0xFF, 0xFF, 0xFF, 0xFF, 0xFF, 
0xE1, 0x52, 0x00, 0x00, 0x00, 0x00, 0x00, 0x00, 0x00, 0x00, 0x63, 0xF4, 0xFF, 0xFF, 0xFF, 0xFF, 
0xFF, 0xFF, 0xFF, 0xFF, 0xFF, 0xFF, 0xFF, 0x6F, 0x00, 0x00, 0x00, 0x00, 0x00, 0x00, 0x85, 0xFF, 
0xFF, 0xFF, 0xFF, 0xD5, 0x83, 0x5F, 0x5C, 0x80, 0xE3, 0xFF, 0xFF, 0xFF, 0xFB, 0x26, 0x00, 0x00, 
0x00, 0x00, 0x73, 0xFF, 0xFF, 0xFF, 0xF3, 0x5D, 0x01, 0x00, 0x00, 0x00, 0x00, 0x0A, 0xCE, 0xFF, 
0xFF, 0xFF, 0x83, 0x00, 0x00, 0x00, 0x36, 0xFB, 0xFF, 0xFF, 0xF1, 0x31, 0x00, 0x00, 0x00, 0x00, 
0x00, 0x00, 0x00, 0x63, 0xFF, 0xFF, 0xFF, 0xA8, 0x00, 0x00, 0x01, 0xCC, 0xFF, 0xFF, 0xFF, 0x53, 
0x00, 0x00, 0x00, 0x00, 0x00, 0x00, 0x00, 0x00, 0x5C, 0xFF, 0xFF, 0xFF, 0x94, 0x00, 0x00, 0x57, 
0xFF, 0xFF, 0xFF, 0xBC, 0x00, 0x00, 0x00, 0x00, 0x00, 0x00, 0x00, 0x00, 0x03, 0xC1, 0xFF, 0xFF, 
0xFF, 0x5C, 0x00, 0x00, 0xC8, 0xFF, 0xFF, 0xFF, 0x4D, 0x00, 0x00, 0x00, 0x00, 0x00, 0x00, 0x00, 
0x26, 0xB7, 0xFF, 0xFF, 0xFF, 0xE2, 0x08, 0x00, 0x27, 0xFF, 0xFF, 0xFF, 0xED, 0x2E, 0x2C, 0x2F, 
0x37, 0x43, 0x60, 0x88, 0xC8, 0xFE, 0xFF, 0xFF, 0xFF, 0xF2, 0x33, 0x00, 0x00, 0x77, 0xFF, 0xFF, 
0xFF, 0xFF, 0xFF, 0xFF, 0xFF, 0xFF, 0xFF, 0xFF, 0xFF, 0xFF, 0xFF, 0xFF, 0xFF, 0xC4, 0x23, 0x00, 
0x00, 0x00, 0xB5, 0xFF, 0xFF, 0xFF, 0xFF, 0xFF, 0xFF, 0xFF, 0xFF, 0xFF, 0xFF, 0xFF, 0xFF, 0xE4, 
0x9F, 0x3C, 0x00, 0x00, 0x00, 0x00, 0x00, 0xE8, 0xFF, 0xFF, 0xFF, 0xA8, 0xA4, 0xA3, 0x9B, 0x92, 
0x87, 0x6D, 0x4B, 0x24, 0x00, 0x00, 0x00, 0x00, 0x00, 0x00, 0x00, 0x0B, 0xFF, 0xFF, 0xFF, 0xF1, 
0x00, 0x00, 0x00, 0x00, 0x00, 0x00, 0x00, 0x00, 0x00, 0x00, 0x00, 0x00, 0x00, 0x00, 0x00, 0x00, 
0x22, 0xFF, 0xFF, 0xFF, 0xD4, 0x00, 0x00, 0x00, 0x00, 0x00, 0x00, 0x00, 0x00, 0x00, 0x00, 0x00, 
0x00, 0x00, 0x00, 0x00, 0x00, 0x2C, 0xFF, 0xFF, 0xFF, 0xCF, 0x00, 0x00, 0x00, 0x00, 0x00, 0x00, 
0x00, 0x00, 0x00, 0x00, 0x00, 0x00, 0x00, 0x00, 0x00, 0x00, 0x22, 0xFF, 0xFF, 0xFF, 0xDF, 0x00, 
0x00, 0x00, 0x00, 0x00, 0x00, 0x00, 0x00, 0x00, 0x00, 0x00, 0x00, 0x00, 0x00, 0x00, 0x00, 0x0C, 
0xFE, 0xFF, 0xFF, 0xFE, 0x17, 0x00, 0x00, 0x00, 0x00, 0x00, 0x00, 0x00, 0x00, 0x00, 0x00, 0x00, 
0x00, 0x00, 0x00, 0x00, 0x00, 0xD2, 0xFF, 0xFF, 0xFF, 0x8A, 0x00, 0x00, 0x00, 0x00, 0x00, 0x00, 
0x00, 0x00, 0x00, 0x00, 0x05, 0x00, 0x00, 0x00, 0x00, 0x00, 0x7B, 0xFF, 0xFF, 0xFF, 0xFD, 0x7C, 
0x0A, 0x00, 0x00, 0x00, 0x00, 0x00, 0x20, 0x63, 0xB5, 0xF9, 0x14, 0x00, 0x00, 0x00, 0x00, 0x0F, 
0xE2, 0xFF, 0xFF, 0xFF, 0xFF, 0xF5, 0xC4, 0xB0, 0xB3, 0xC5, 0xEA, 0xFF, 0xFF, 0xFF, 0xF5, 0x05, 
0x00, 0x00, 0x00, 0x00, 0x00, 0x30, 0xE6, 0xFF, 0xFF, 0xFF, 0xFF, 0xFF, 0xFF, 0xFF, 0xFF, 0xFF, 
0xFF, 0xFF, 0xFF, 0x95, 0x00, 0x00, 0x00, 0x00, 0x00, 0x00, 0x00, 0x14, 0x91, 0xF1, 0xFF, 0xFF, 
0xFF, 0xFF, 0xFF, 0xFF, 0xFF, 0xF6, 0xB9, 0x5F, 0x03, 0x00, 0x00, 0x00, 0x00, 0x00, 0x00, 0x00, 
0x00, 0x00, 0x05, 0x32, 0x5A, 0x6A, 0x6E, 0x60, 0x4C, 0x26, 0x03, 0x00, 0x00, 0x00, 0x00, 0x00, 
0x00, 0x00, 0x00, 0x00, 0x00, 0x00, 0x00, 0x1A, 0x7B, 0xAB, 0xAF, 0x8C, 0x2F, 0x00, 0x00, 0x00, 
0x00, 0x00, 0x00, 0x00, 0x00, 0x04, 0x4C, 0x64, 0x5E, 0x21, 0x00, 0x00, 0x00, 0x00, 0x00, 0x00, 
0x00, 0x00, 0x07, 0x5A, 0x95, 0xAE, 0x95, 0x4B, 0x00, 0x00, 0x00, 0x00, 0x00, 0x09, 0xE3, 0xFF, 
0xFF, 0xFF, 0xFF, 0xFC, 0x63, 0x00, 0x00, 0x00, 0x00, 0x00, 0x00, 0x00, 0x53, 0xFF, 0xFF, 0xFF, 
0x8A, 0x00, 0x00, 0x00, 0x00, 0x00, 0x00, 0x00, 0x4E, 0xE8, 0xFF, 0xFF, 0xFF, 0xFF, 0xFF, 0x2E, 
0x00, 0x00, 0x00, 0x00, 0x4F, 0xFF, 0xFF, 0xFF, 0xFF, 0xFF, 0xFF, 0xF9, 0x1E, 0x00, 0x00, 0x00, 
0x00, 0x00, 0x00, 0x87, 0xFF, 0xFF, 0xFF, 0x58, 0x00, 0x00, 0x00, 0x00, 0x00, 0x00, 0x76, 0xFF, 
0xFF, 0xFF, 0xFF, 0xFF, 0xFF, 0xFF, 0x1B, 0x00, 0x00, 0x00, 0x00, 0x65, 0xF0, 0xA6, 0x92, 0xE7, 
0xFF, 0xFF, 0xFF, 0x83, 0x00, 0x00, 0x00, 0x00, 0x00, 0x00, 0xB9, 0xFF, 0xFF, 0xFF, 0x24, 0x00, 
0x00, 0x00, 0x00, 0x00, 0x61, 0xFF, 0xFF, 0xFF, 0xFF, 0xBC, 0x8E, 0xC8, 0xB1, 0x00, 0x00, 0x00, 
0x00, 0x00, 0x03, 0x06, 0x00, 0x00, 0x40, 0xFF, 0xFF, 0xFF, 0xC9, 0x00, 0x00, 0x00, 0x00, 0x00, 
0x00, 0xEB, 0xFF, 0xFF, 0xEF, 0x01, 0x00, 0x00, 0x00, 0x00, 0x23, 0xF4, 0xFF, 0xFF, 0xFA, 0x56, 
0x00, 0x00, 0x00, 0x00, 0x00, 0x00, 0x00, 0x00, 0x00, 0x00, 0x00, 0x00, 0x00, 0x01, 0xF3, 0xFF, 
0xFF, 0xF2, 0x00, 0x00, 0x00, 0x00, 0x00, 0x1E, 0xFF, 0xFF, 0xFF, 0xBD, 0x00, 0x00, 0x00, 0x00, 
0x00, 0xA9, 0xFF, 0xFF, 0xFF, 0x73, 0x00, 0x00, 0x00, 0x00, 0x00, 0x00, 0x00, 0x00, 0x00, 0x00, 
0x00, 0x00, 0x00, 0x00, 0x00, 0xD1, 0xFF, 0xFF, 0xFF, 0x0E, 0x00, 0x00, 0x00, 0x00, 0x51, 0xFF, 
0xFF, 0xFF, 0x8A, 0x00, 0x00, 0x00, 0x00, 0x27, 0xFE, 0xFF, 0xFF, 0xD6, 0x03, 0x00, 0x00, 0x00, 
0x00, 0x00, 0x00, 0x00, 0x00, 0x00, 0x00, 0x00, 0x00, 0x00, 0x00, 0x00, 0xBF, 0xFF, 0xFF, 0xFF, 
0x19, 0x00, 0x00, 0x00, 0x00, 0x83, 0xFF, 0xFF, 0xFF, 0x56, 0x00, 0x00, 0x00, 0x00, 0x89, 0xFF, 
0xFF, 0xFF, 0x64, 0x00, 0x00, 0x00, 0x00, 0x00, 0x00, 0x00, 0x00, 0x00, 0x00, 0x00, 0x00, 0x00, 
0x00, 0x00, 0x00, 0xBA, 0xFF, 0xFF, 0xFF, 0x1A, 0x00, 0x00, 0x00, 0x00, 0xB6, 0xFF, 0xFF, 0xFF, 
0x23, 0x00, 0x00, 0x00, 0x00, 0xE0, 0xFF, 0xFF, 0xFA, 0x0E, 0x00, 0x00, 0x00, 0x00, 0x00, 0x00, 
0x00, 0x00, 0x00, 0x00, 0x00, 0x00, 0x00, 0x00, 0x00, 0x00, 0xC3, 0xFF, 0xFF, 0xFF, 0x15, 0x08, 
0x08, 0x08, 0x08, 0xE8, 0xFF, 0xFF, 0xF0, 0x08, 0x08, 0x08, 0x08, 0x2C, 0xFF, 0xFF, 0xFF, 0xBE, 
0x00, 0x00, 0x00, 0x00, 0x00, 0x00, 0x00, 0x00, 0x00, 0x00, 0x00, 0x00, 0x00, 0x00, 0x00, 0x00, 
0x00, 0xDB, 0xFF, 0xFF, 0xFF, 0xFF, 0xFF, 0xFF, 0xFF, 0xFF, 0xFF, 0xFF, 0xFF, 0xFF, 0xFF, 0xFF, 
0xFF, 0xFF, 0xFF, 0xFF, 0xFF, 0xFF, 0x76, 0x00, 0x00, 0x00, 0x00, 0x00, 0x00, 0x00, 0x00, 0x00, 
0x00, 0x00, 0x00, 0x00, 0x00, 0x00, 0x00, 0x08, 0xFC, 0xFF, 0xFF, 0xFF, 0xFF, 0xFF, 0xFF, 0xFF, 
0xFF, 0xFF, 0xFF, 0xFF, 0xFF, 0xFF, 0xFF, 0xFF, 0xFF, 0xFF, 0xFF, 0xFF, 0xFF, 0x45, 0x00, 0x00, 
0x00, 0x00, 0x00, 0x00, 0x00, 0x00, 0x00, 0x00, 0x00, 0x00, 0x00, 0x00, 0x00, 0x00, 0x32, 0xFF, 
0xFF, 0xFF, 0xFE, 0xFC, 0xFC, 0xFC, 0xFC, 0xFE, 0xFF, 0xFF, 0xFF, 0xFC, 0xFC, 0xFC, 0xFC, 0xFC, 
0xFF, 0xFF, 0xFF, 0xFF, 0x19, 0x00, 0x00, 0x00, 0x00, 0x00, 0x00, 0x00, 0x00, 0x00, 0x00, 0x00, 
0x00, 0x00, 0x00, 0x00, 0x00, 0x6B, 0xFF, 0xFF, 0xFF, 0x6F, 0x00, 0x00, 0x00, 0x00, 0xB3, 0xFF, 
0xFF, 0xFF, 0x21, 0x00, 0x00, 0x00, 0x00, 0xDA, 0xFF, 0xFF, 0xF6, 0x00, 0x00, 0x00, 0x00, 0x00, 
0x00, 0x00, 0x00, 0x00, 0x00, 0x00, 0x00, 0x00, 0x00, 0x00, 0x00, 0x00, 0xB6, 0xFF, 0xFF, 0xFF, 
0x2F, 0x00, 0x00, 0x00, 0x00, 0xE6, 0xFF, 0xFF, 0xED, 0x00, 0x00, 0x00, 0x00, 0x00, 0xF3, 0xFF, 
0xFF, 0xE2, 0x00, 0x00, 0x00, 0x00, 0x00, 0x00, 0x00, 0x00, 0x00, 0x00, 0x00, 0x00, 0x00, 0x00, 
0x00, 0x00, 0x0C, 0xF7, 0xFF, 0xFF, 0xDF, 0x00, 0x00, 0x00, 0x00, 0x1A, 0xFF, 0xFF, 0xFF, 0xBA, 
0x00, 0x00, 0x00, 0x00, 0x01, 0xFE, 0xFF, 0xFF, 0xDD, 0x00, 0x00, 0x00, 0x00, 0x00, 0x00, 0x00, 
0x00, 0x00, 0x00, 0x00, 0x00, 0x00, 0x00, 0x00, 0x00, 0x73, 0xFF, 0xFF, 0xFF, 0x86, 0x00, 0x00, 
0x00, 0x00, 0x4E, 0xFF, 0xFF, 0xFF, 0x87, 0x00, 0x00, 0x00, 0x00, 0x00, 0xFD, 0xFF, 0xFF, 0xE3, 
0x00, 0x00, 0x00, 0x00, 0x00, 0x00, 0x00, 0x00, 0x00, 0x00, 0x00, 0x00, 0x00, 0x00, 0x00, 0x06, 
0xE4, 0xFF, 0xFF, 0xFA, 0x1D, 0x00, 0x00, 0x00, 0x00, 0x81, 0xFF, 0xFF, 0xFF, 0x54, 0x00, 0x00, 
0x00, 0x00, 0x00, 0xF2, 0xFF, 0xFF, 0xEF, 0x00, 0x00, 0x00, 0x00, 0x00, 0x00, 0x00, 0x00, 0x00, 
0x00, 0x00, 0x00, 0x00, 0x00, 0x00, 0x89, 0xFF, 0xFF, 0xFF, 0x9C, 0x00, 0x00, 0x00, 0x00, 0x00, 
0xB5, 0xFF, 0xFF, 0xFF, 0x21, 0x00, 0x00, 0x00, 0x00, 0x00, 0xD5, 0xFF, 0xFF, 0xFF, 0x19, 0x00, 
0x00, 0x00, 0x00, 0x00, 0x00, 0x00, 0x00, 0x00, 0x2A, 0x2A, 0x00, 0x09, 0x87, 0xFF, 0xFF, 0xFF, 
0xEA, 0x13, 0x00, 0x00, 0x00, 0x00, 0x00, 0xE8, 0xFF, 0xFF, 0xED, 0x00, 0x00, 0x00, 0x00, 0x00, 
0x00, 0xA5, 0xFF, 0xFF, 0xFF, 0x90, 0x00, 0x01, 0x3C, 0x38, 0x00, 0x00, 0x00, 0x00, 0x02, 0xDF, 
0xFE, 0xE4, 0xF9, 0xFF, 0xFF, 0xFF, 0xFA, 0x46, 0x00, 0x00, 0x00, 0x00, 0x00, 0x1C, 0xFF, 0xFF, 
0xFF, 0xBA, 0x00, 0x00, 0x00, 0x00, 0x00, 0x00, 0x55, 0xFF, 0xFF, 0xFF, 0xFF, 0xE9, 0xF1, 0xFF, 
0x9B, 0x00, 0x00, 0x00, 0x00, 0x30, 0xFF, 0xFF, 0xFF, 0xFF, 0xFF, 0xFF, 0xF6, 0x56, 0x00, 0x00, 
0x00, 0x00, 0x00, 0x00, 0x50, 0xFF, 0xFF, 0xFF, 0x87, 0x00, 0x00, 0x00, 0x00, 0x00, 0x00, 0x03, 
0xD0, 0xFF, 0xFF, 0xFF, 0xFF, 0xFF, 0xFF, 0x6A, 0x00, 0x00, 0x00, 0x00, 0x23, 0xF2, 0xFF, 0xFF, 
0xFF, 0xFE, 0xBA, 0x2C, 0x00, 0x00, 0x00, 0x00, 0x00, 0x00, 0x00, 0x73, 0xFF, 0xFF, 0xFC, 0x47, 
0x00, 0x00, 0x00, 0x00, 0x00, 0x00, 0x00, 0x20, 0xCF, 0xFF, 0xFF, 0xFF, 0xFF, 0xDB, 0x0F, 0x00, 
0x00, 0x00, 0x00, 0x00, 0x14, 0x52, 0x6B, 0x53, 0x23, 0x00, 0x00, 0x00, 0x00, 0x00, 0x00, 0x00, 
0x00, 0x00, 0x00, 0x19, 0x21, 0x0C, 0x00, 0x00, 0x00, 0x00, 0x00, 0x00, 0x00, 0x00, 0x00, 0x02, 
0x3D, 0x68, 0x6A, 0x42, 0x05, 0x00, 0x00, 0x00, 0x00, 0x00, 0x00, 0x00, 0x00, 0x00, 0x00, 0x00, 
0x00, 0x15, 0x53, 0x87, 0xA1, 0xB6, 0xAF, 0x96, 0x66, 0x1A, 0x00, 0x00, 0x00, 0x00, 0x00, 0x00, 
0x00, 0x01, 0x56, 0xBE, 0xFE, 0xFF, 0xFF, 0xFF, 0xFF, 0xFF, 0xFF, 0xFF, 0xFD, 0x9B, 0x0A, 0x00, 
0x00, 0x00, 0x00, 0x00, 0x9D, 0xFF, 0xFF, 0xFF, 0xFF, 0xFF, 0xFF, 0xFF, 0xFF, 0xFF, 0xFF, 0xFF, 
0xFF, 0xB9, 0x01, 0x00, 0x00, 0x00, 0x1C, 0xFE, 0xFF, 0xFF, 0xE8, 0x9A, 0x69, 0x55, 0x62, 0x88, 
0xE4, 0xFF, 0xFF, 0xFF, 0xFF, 0x4B, 0x00, 0x00, 0x00, 0x48, 0xFF, 0xBA, 0x47, 0x03, 0x00, 0x00, 
0x00, 0x00, 0x00, 0x0A, 0xC8, 0xFF, 0xFF, 0xFF, 0x90, 0x00, 0x00, 0x00, 0x0E, 0x32, 0x00, 0x00, 
0x00, 0x00, 0x00, 0x00, 0x00, 0x00, 0x00, 0x66, 0xFF, 0xFF, 0xFF, 0xA0, 0x00, 0x00, 0x00, 0x00, 
0x00, 0x00, 0x00, 0x00, 0x00, 0x00, 0x00, 0x00, 0x00, 0x00, 0x6D, 0xFF, 0xFF, 0xFF, 0x7B, 0x00, 
0x00, 0x00, 0x00, 0x00, 0x00, 0x00, 0x00, 0x00, 0x00, 0x00, 0x00, 0x00, 0x01, 0xC5, 0xFF, 0xFF, 
0xFB, 0x22, 0x00, 0x00, 0x00, 0x00, 0x00, 0x00, 0x00, 0x00, 0x00, 0x00, 0x00, 0x00, 0x06, 0x97, 
0xFF, 0xFF, 0xFF, 0x81, 0x00, 0x00, 0x00, 0x00, 0x00, 0x00, 0x00, 0x00, 0x00, 0x02, 0x12, 0x39, 
0x7C, 0xE0, 0xFF, 0xFF, 0xFF, 0x91, 0x01, 0x00, 0x00, 0x00, 0x00, 0x00, 0x00, 0xB7, 0xFC, 0xFC, 
0xFF, 0xFF, 0xFF, 0xFF, 0xFF, 0xFF, 0xD6, 0x4F, 0x00, 0x00, 0x00, 0x00, 0x00, 0x00, 0x00, 0x25, 
0xFF, 0xFF, 0xFF, 0xFF, 0xFF, 0xFF, 0xFF, 0xFF, 0xDE, 0x69, 0x09, 0x00, 0x00, 0x00, 0x00, 0x00, 
0x00, 0x00, 0x2C, 0xEA, 0xF0, 0xF0, 0xF6, 0xFF, 0xFF, 0xFF, 0xFF, 0xFF, 0xFF, 0xD9, 0x24, 0x00, 
0x00, 0x00, 0x00, 0x00, 0x00, 0x00, 0x00, 0x00, 0x00, 0x00, 0x09, 0x34, 0x87, 0xF5, 0xFF, 0xFF, 
0xFF, 0xCA, 0x03, 0x00, 0x00, 0x00, 0x00, 0x00, 0x00, 0x00, 0x00, 0x00, 0x00, 0x00, 0x00, 0x00, 
0x33, 0xFA, 0xFF, 0xFF, 0xFF, 0x3D, 0x00, 0x00, 0x00, 0x00, 0x00, 0x00, 0x00, 0x00, 0x00, 0x00, 
0x00, 0x00, 0x00, 0x00, 0xC0, 0xFF, 0xFF, 0xFF, 0x58, 0x00, 0x00, 0x00, 0x00, 0x00, 0x00, 0x00, 
0x00, 0x00, 0x00, 0x00, 0x00, 0x00, 0x00, 0xCC, 0xFF, 0xFF, 0xFF, 0x42, 0x00, 0x00, 0x00, 0x00, 
0x00, 0x00, 0x00, 0x00, 0x00, 0x00, 0x00, 0x00, 0x00, 0x20, 0xFD, 0xFF, 0xFF, 0xF9, 0x11, 0x00, 
0x29, 0x50, 0x00, 0x00, 0x00, 0x00, 0x00, 0x00, 0x00, 0x00, 0x00, 0x0B, 0xC2, 0xFF, 0xFF, 0xFF, 
0xAA, 0x00, 0x00, 0xB0, 0xFF, 0xBC, 0x3C, 0x00, 0x00, 0x00, 0x00, 0x00, 0x03, 0x4B, 0xD4, 0xFF, 
0xFF, 0xFF, 0xF3, 0x1F, 0x00, 0x00, 0xE3, 0xFF, 0xFF, 0xFF, 0xE4, 0xB3, 0xA0, 0xA5, 0xBC, 0xED, 
0xFF, 0xFF, 0xFF, 0xFF, 0xF6, 0x43, 0x00, 0x00, 0x00, 0x94, 0xFF, 0xFF, 0xFF, 0xFF, 0xFF, 0xFF, 
0xFF, 0xFF, 0xFF, 0xFF, 0xFF, 0xFF, 0xCF, 0x30, 0x00, 0x00, 0x00, 0x00, 0x00, 0x45, 0xB3, 0xF8, 
0xFF, 0xFF, 0xFF, 0xFF, 0xFF, 0xFF, 0xF9, 0xBB, 0x54, 0x03, 0x00, 0x00, 0x00, 0x00, 0x00, 0x00, 
0x00, 0x00, 0x07, 0x3A, 0x59, 0x6C, 0x69, 0x57, 0x39, 0x07, 0x00, 0x00, 0x00, 0x00, 0x00, 0x00, 
0x00, 0x00, 0x00, 0x00, 0x00, 0x05, 0x50, 0x65, 0x5D, 0x16, 0x00, 0x00, 0x00, 0x00, 0x00, 0x00, 
0x00, 0x00, 0x00, 0x12, 0x59, 0x65, 0x57, 0x07, 0x00, 0x00, 0x00, 0x6B, 0xFF, 0xFF, 0xFF, 0x71, 
0x00, 0x00, 0x00, 0x00, 0x00, 0x00, 0x00, 0x00, 0x00, 0xA3, 0xFF, 0xFF, 0xFF, 0x39, 0x00, 0x00, 
0x00, 0xA1, 0xFF, 0xFF, 0xFF, 0x43, 0x00, 0x00, 0x00, 0x00, 0x00, 0x00, 0x00, 0x00, 0x00, 0xD9, 
0xFF, 0xFF, 0xFD, 0x0C, 0x00, 0x00, 0x00, 0xD4, 0xFF, 0xFF, 0xFF, 0x11, 0x00, 0x00, 0x00, 0x00, 
0x00, 0x00, 0x00, 0x00, 0x0E, 0xFE, 0xFF, 0xFF, 0xD6, 0x00, 0x00, 0x00, 0x09, 0xFC, 0xFF, 0xFF, 
0xDE, 0x00, 0x00, 0x00, 0x00, 0x00, 0x00, 0x00, 0x00, 0x00, 0x3F, 0xFF, 0xFF, 0xFF, 0xA2, 0x00, 
0x00, 0x00, 0x39, 0xFF, 0xFF, 0xFF, 0xAB, 0x00, 0x00, 0x00, 0x00, 0x00, 0x00, 0x00, 0x00, 0x00, 
0x73, 0xFF, 0xFF, 0xFF, 0x6F, 0x00, 0x00, 0x00, 0x6B, 0xFF, 0xFF, 0xFF, 0x79, 0x00, 0x00, 0x00, 
0x00, 0x00, 0x00, 0x00, 0x00, 0x00, 0xA6, 0xFF, 0xFF, 0xFF, 0x3B, 0x00, 0x00, 0x00, 0x9E, 0xFF, 
0xFF, 0xFF, 0x46, 0x00, 0x00, 0x00, 0x00, 0x00, 0x00, 0x00, 0x00, 0x00, 0xD9, 0xFF, 0xFF, 0xFC, 
0x0B, 0x00, 0x00, 0x00, 0xD0, 0xFF, 0xFF, 0xFF, 0x14, 0x00, 0x00, 0x00, 0x00, 0x00, 0x00, 0x00, 
0x00, 0x0D, 0xFE, 0xFF, 0xFF, 0xD4, 0x00, 0x00, 0x00, 0x07, 0xFB, 0xFF, 0xFF, 0xE1, 0x00, 0x00, 
0x00, 0x00, 0x00, 0x00, 0x00, 0x00, 0x00, 0x3F, 0xFF, 0xFF, 0xFF, 0xA0, 0x00, 0x00, 0x00, 0x35, 
0xFF, 0xFF, 0xFF, 0xAF, 0x00, 0x00, 0x00, 0x00, 0x00, 0x00, 0x00, 0x00, 0x00, 0x73, 0xFF, 0xFF, 
0xFF, 0x6D, 0x00, 0x00, 0x00, 0x68, 0xFF, 0xFF, 0xFF, 0x7C, 0x00, 0x00, 0x00, 0x00, 0x00, 0x00, 
0x00, 0x00, 0x00, 0xB4, 0xFF, 0xFF, 0xFF, 0x39, 0x00, 0x00, 0x00, 0x9A, 0xFF, 0xFF, 0xFF, 0x4A, 
0x00, 0x00, 0x00, 0x00, 0x00, 0x00, 0x00, 0x00, 0x08, 0xF3, 0xFF, 0xFF, 0xFC, 0x0A, 0x00, 0x00, 
0x00, 0xCD, 0xFF, 0xFF, 0xFF, 0x18, 0x00, 0x00, 0x00, 0x00, 0x00, 0x00, 0x00, 0x00, 0x60, 0xFF, 
0xFF, 0xFF, 0xD2, 0x00, 0x00, 0x00, 0x05, 0xF9, 0xFF, 0xFF, 0xE6, 0x00, 0x00, 0x00, 0x00, 0x00, 
0x00, 0x00, 0x00, 0x01, 0xCF, 0xFF, 0xFF, 0xFF, 0x9F, 0x00, 0x00, 0x00, 0x2A, 0xFF, 0xFF, 0xFF, 
0xBC, 0x00, 0x00, 0x00, 0x00, 0x00, 0x00, 0x00, 0x00, 0x62, 0xFF, 0xFF, 0xFF, 0xFF, 0x6B, 0x00, 
0x00, 0x00, 0x4A, 0xFF, 0xFF, 0xFF, 0xA9, 0x00, 0x00, 0x00, 0x00, 0x00, 0x00, 0x00, 0x1E, 0xEC, 
0xFF, 0xFF, 0xFF, 0xFF, 0x38, 0x00, 0x00, 0x00, 0x5B, 0xFF, 0xFF, 0xFF, 0xB0, 0x00, 0x00, 0x00, 
0x00, 0x00, 0x00, 0x0F, 0xCC, 0xFF, 0xFF, 0xFF, 0xFF, 0xFB, 0x08, 0x00, 0x00, 0x00, 0x53, 0xFF, 
0xFF, 0xFF, 0xDF, 0x02, 0x00, 0x00, 0x00, 0x00, 0x1D, 0xCC, 0xFF, 0xFF, 0xF0, 0xFF, 0xFF, 0xD1, 
0x00, 0x00, 0x00, 0x00, 0x2F, 0xFF, 0xFF, 0xFF, 0xFF, 0x88, 0x06, 0x00, 0x12, 0x75, 0xF0, 0xFF, 
0xFF, 0xBE, 0xC8, 0xFF, 0xFF, 0x9D, 0x00, 0x00, 0x00, 0x00, 0x02, 0xE0, 0xFF, 0xFF, 0xFF, 0xFF, 
0xFA, 0xE7, 0xFE, 0xFF, 0xFF, 0xFF, 0xCA, 0x14, 0xF4, 0xFF, 0xFF, 0x69, 0x00, 0x00, 0x00, 0x00, 
0x00, 0x55, 0xFF, 0xFF, 0xFF, 0xFF, 0xFF, 0xFF, 0xFF, 0xFF, 0xFF, 0x9F, 0x0A, 0x2A, 0xFF, 0xFF, 
0xFF, 0x36, 0x00, 0x00, 0x00, 0x00, 0x00, 0x00, 0x58, 0xE7, 0xFF, 0xFF, 0xFF, 0xFF, 0xFF, 0xBF, 
0x41, 0x00, 0x00, 0x48, 0xFF, 0xFF, 0xE7, 0x07, 0x00, 0x00, 0x00, 0x00, 0x00, 0x00, 0x00, 0x05, 
0x3E, 0x64, 0x6D, 0x56, 0x1B, 0x00, 0x00, 0x00, 0x00, 0x00, 0x16, 0x1F, 0x05, 0x00, 0x00, 0x00, 
0x00, 0x00, 0x00, 0x00, 0x00, 0x00, 0x00, 0x00, 0x03, 0x5D, 0x79, 0x68, 0x07, 0x00, 0x00, 0x00, 
0x00, 0x00, 0x00, 0x08, 0x61, 0x77, 0x63, 0x03, 0x00, 0x00, 0x00, 0x00, 0x00, 0x00, 0x42, 0xFF, 
0xFF, 0xFF, 0x31, 0x00, 0x00, 0x00, 0x00, 0x00, 0x00, 0x7B, 0xFF, 0xFF, 0xFF, 0x1C, 0x00, 0x00, 
0x00, 0x00, 0x00, 0x00, 0x60, 0xFF, 0xFF, 0xFF, 0x28, 0x00, 0x00, 0x00, 0x00, 0x00, 0x00, 0xD8, 
0xFF, 0xFF, 0xEB, 0x02, 0x00, 0x00, 0x00, 0x00, 0x00, 0x00, 0x56, 0xFF, 0xFF, 0xFF, 0x63, 0x00, 
0x00, 0x00, 0x00, 0x00, 0x7B, 0xFF, 0xFF, 0xFF, 0x8D, 0x00, 0x00, 0x00, 0x00, 0x00, 0x00, 0x00, 
0x20, 0xFF, 0xFF, 0xFF, 0xEC, 0x5E, 0x1D, 0x14, 0x3C, 0xA7, 0xFF, 0xFF, 0xFF, 0xE3, 0x0F, 0x00, 
0x00, 0x00, 0x00, 0x00, 0x00, 0x00, 0x00, 0xA3, 0xFF, 0xFF, 0xFF, 0xFF, 0xFF, 0xFF, 0xFF, 0xFF, 
0xFF, 0xFF, 0xF1, 0x37, 0x00, 0x00, 0x00, 0x00, 0x00, 0x00, 0x00, 0x00, 0x00, 0x09, 0xA8, 0xFF, 
0xFF, 0xFF, 0xFF, 0xFF, 0xFF, 0xFF, 0xFF, 0xBE, 0x25, 0x00, 0x00, 0x00, 0x00, 0x00, 0x00, 0x00, 
0x00, 0x00, 0x00, 0x00, 0x00, 0x33, 0x85, 0xB3, 0xC5, 0xC4, 0xB0, 0x80, 0x32, 0x00, 0x00, 0x00, 
0x00, 0x00, 0x00, 0x00, 0x00, 0x00, 0x00, 0x00, 0x00, 0x00, 0x00, 0x00, 0x00, 0x00, 0x00, 0x00, 
0x00, 0x00, 0x00, 0x00, 0x00, 0x00, 0x00, 0x00, 0x00, 0x00, 0x00, 0x00, 0x00, 0x00, 0x00, 0x00, 
0x00, 0x00, 0x00, 0x00, 0x00, 0x00, 0x00, 0x00, 0x00, 0x00, 0x00, 0x00, 0x00, 0x00, 0x00, 0x00, 
0x00, 0x05, 0x50, 0x65, 0x5D, 0x16, 0x00, 0x00, 0x00, 0x00, 0x00, 0x00, 0x00, 0x00, 0x00, 0x12, 
0x59, 0x65, 0x57, 0x07, 0x00, 0x00, 0x00, 0x6B, 0xFF, 0xFF, 0xFF, 0x71, 0x00, 0x00, 0x00, 0x00, 
0x00, 0x00, 0x00, 0x00, 0x00, 0xA3, 0xFF, 0xFF, 0xFF, 0x39, 0x00, 0x00, 0x00, 0xA1, 0xFF, 0xFF, 
0xFF, 0x43, 0x00, 0x00, 0x00, 0x00, 0x00, 0x00, 0x00, 0x00, 0x00, 0xD9, 0xFF, 0xFF, 0xFD, 0x0C, 
0x00, 0x00, 0x00, 0xD4, 0xFF, 0xFF, 0xFF, 0x11, 0x00, 0x00, 0x00, 0x00, 0x00, 0x00, 0x00, 0x00, 
0x0E, 0xFE, 0xFF, 0xFF, 0xD6, 0x00, 0x00, 0x00, 0x09, 0xFC, 0xFF, 0xFF, 0xDE, 0x00, 0x00, 0x00, 
0x00, 0x00, 0x00, 0x00, 0x00, 0x00, 0x3F, 0xFF, 0xFF, 0xFF, 0xA2, 0x00, 0x00, 0x00, 0x39, 0xFF, 
0xFF, 0xFF, 0xAB, 0x00, 0x00, 0x00, 0x00, 0x00, 0x00, 0x00, 0x00, 0x00, 0x73, 0xFF, 0xFF, 0xFF, 
0x6F, 0x00, 0x00, 0x00, 0x6B, 0xFF, 0xFF, 0xFF, 0x79, 0x00, 0x00, 0x00, 0x00, 0x00, 0x00, 0x00, 
0x00, 0x00, 0xA6, 0xFF, 0xFF, 0xFF, 0x3B, 0x00, 0x00, 0x00, 0x9E, 0xFF, 0xFF, 0xFF, 0x46, 0x00, 
0x00, 0x00, 0x00, 0x00, 0x00, 0x00, 0x00, 0x00, 0xD9, 0xFF, 0xFF, 0xFC, 0x0B, 0x00, 0x00, 0x00, 
0xD0, 0xFF, 0xFF, 0xFF, 0x14, 0x00, 0x00, 0x00, 0x00, 0x00, 0x00, 0x00, 0x00, 0x0D, 0xFE, 0xFF, 
0xFF, 0xD4, 0x00, 0x00, 0x00, 0x07, 0xFB, 0xFF, 0xFF, 0xE1, 0x00, 0x00, 0x00, 0x00, 0x00, 0x00, 
0x00, 0x00, 0x00, 0x3F, 0xFF, 0xFF, 0xFF, 0xA0, 0x00, 0x00, 0x00, 0x35, 0xFF, 0xFF, 0xFF, 0xAF, 
0x00, 0x00, 0x00, 0x00, 0x00, 0x00, 0x00, 0x00, 0x00, 0x73, 0xFF, 0xFF, 0xFF, 0x6D, 0x00, 0x00, 
0x00, 0x68, 0xFF, 0xFF, 0xFF, 0x7C, 0x00, 0x00, 0x00, 0x00, 0x00, 0x00, 0x00, 0x00, 0x00, 0xB4, 
0xFF, 0xFF, 0xFF, 0x39, 0x00, 0x00, 0x00, 0x9A, 0xFF, 0xFF, 0xFF, 0x4A, 0x00, 0x00, 0x00, 0x00, 
0x00, 0x00, 0x00, 0x00, 0x08, 0xF3, 0xFF, 0xFF, 0xFC, 0x0A, 0x00, 0x00, 0x00, 0xCD, 0xFF, 0xFF, 
0xFF, 0x18, 0x00, 0x00, 0x00, 0x00, 0x00, 0x00, 0x00, 0x00, 0x60, 0xFF, 0xFF, 0xFF, 0xD2, 0x00, 
0x00, 0x00, 0x05, 0xF9, 0xFF, 0xFF, 0xE6, 0x00, 0x00, 0x00, 0x00, 0x00, 0x00, 0x00, 0x00, 0x01, 
0xCF, 0xFF, 0xFF, 0xFF, 0x9F, 0x00, 0x00, 0x00, 0x2A, 0xFF, 0xFF, 0xFF, 0xBC, 0x00, 0x00, 0x00, 
0x00, 0x00, 0x00, 0x00, 0x00, 0x62, 0xFF, 0xFF, 0xFF, 0xFF, 0x6B, 0x00, 0x00, 0x00, 0x4A, 0xFF, 
0xFF, 0xFF, 0xA9, 0x00, 0x00, 0x00, 0x00, 0x00, 0x00, 0x00, 0x1E, 0xEC, 0xFF, 0xFF, 0xFF, 0xFF, 
0x38, 0x00, 0x00, 0x00, 0x5B, 0xFF, 0xFF, 0xFF, 0xB0, 0x00, 0x00, 0x00, 0x00, 0x00, 0x00, 0x0F, 
0xCC, 0xFF, 0xFF, 0xFF, 0xFF, 0xFB, 0x08, 0x00, 0x00, 0x00, 0x53, 0xFF, 0xFF, 0xFF, 0xDF, 0x02, 
0x00, 0x00, 0x00, 0x00, 0x1D, 0xCC, 0xFF, 0xFF, 0xF0, 0xFF, 0xFF, 0xD1, 0x00, 0x00, 0x00, 0x00, 
0x2F, 0xFF, 0xFF, 0xFF, 0xFF, 0x88, 0x06, 0x00, 0x12, 0x75, 0xF0, 0xFF, 0xFF, 0xBE, 0xC8, 0xFF, 
0xFF, 0x9D, 0x00, 0x00, 0x00, 0x00, 0x02, 0xE0, 0xFF, 0xFF, 0xFF, 0xFF, 0xFA, 0xE7, 0xFE, 0xFF, 
0xFF, 0xFF, 0xCA, 0x14, 0xF4, 0xFF, 0xFF, 0x69, 0x00, 0x00, 0x00, 0x00, 0x00, 0x55, 0xFF, 0xFF, 
0xFF, 0xFF, 0xFF, 0xFF, 0xFF, 0xFF, 0xFF, 0x9F, 0x0A, 0x2A, 0xFF, 0xFF, 0xFF, 0x36, 0x00, 0x00, 
0x00, 0x00, 0x00, 0x00, 0x58, 0xE7, 0xFF, 0xFF, 0xFF, 0xFF, 0xFF, 0xBF, 0x41, 0x00, 0x00, 0x48, 
0xFF, 0xFF, 0xE7, 0x07, 0x00, 0x00, 0x00, 0x00, 0x00, 0x00, 0x00, 0x05, 0x3E, 0x64, 0x6D, 0x56, 
0x1B, 0x00, 0x00, 0x00, 0x00, 0x00, 0x16, 0x1F, 0x05, 0x00, 0x00, 0x00, 0x00, 0x00, 0x00, 0x00, 
0x00, 0x00, 0x03, 0x49, 0x64, 0x5F, 0x20, 0x00, 0x00, 0x00, 0x00, 0x00, 0x00, 0x00, 0x00, 0x21, 
0x5C, 0x65, 0x58, 0x09, 0x00, 0x00, 0x00, 0x00, 0x4E, 0xFF, 0xFF, 0xFF, 0x8F, 0x00, 0x00, 0x00, 
0x00, 0x00, 0x00, 0x00, 0x23, 0xF5, 0xFF, 0xFF, 0xFB, 0x1E, 0x00, 0x00, 0x00, 0x00, 0x82, 0xFF, 
0xFF, 0xFF, 0x5D, 0x00, 0x00, 0x00, 0x00, 0x00, 0x00, 0x00, 0xB4, 0xFF, 0xFF, 0xFF, 0x8C, 0x00, 
0x00, 0x00, 0x00, 0x00, 0xB6, 0xFF, 0xFF, 0xFF, 0x2A, 0x00, 0x00, 0x00, 0x00, 0x00, 0x00, 0x4D, 
0xFF, 0xFF, 0xFF, 0xDF, 0x0A, 0x00, 0x00, 0x00, 0x00, 0x00, 0xE9, 0xFF, 0xFF, 0xF4, 0x02, 0x00, 
0x00, 0x00, 0x00, 0x00, 0x07, 0xDC, 0xFF, 0xFF, 0xFF, 0x49, 0x00, 0x00, 0x00, 0x00, 0x00, 0x1C, 
0xFF, 0xFF, 0xFF, 0xC3, 0x00, 0x00, 0x00, 0x00, 0x00, 0x00, 0x7D, 0xFF, 0xFF, 0xFF, 0xA7, 0x00, 
0x00, 0x00, 0x00, 0x00, 0x00, 0x4F, 0xFF, 0xFF, 0xFF, 0x90, 0x00, 0x00, 0x00, 0x00, 0x00, 0x23, 
0xF6, 0xFF, 0xFF, 0xEE, 0x17, 0x00, 0x00, 0x00, 0x00, 0x00, 0x00, 0x82, 0xFF, 0xFF, 0xFF, 0x5D, 
0x00, 0x00, 0x00, 0x00, 0x07, 0xC7, 0xFF, 0xFF, 0xFF, 0x5D, 0x00, 0x00, 0x00, 0x00, 0x00, 0x00, 
0x00, 0xB5, 0xFF, 0xFF, 0xFF, 0x2A, 0x00, 0x00, 0x00, 0x0F, 0xBF, 0xFF, 0xFF, 0xFF, 0x99, 0x00, 
0x00, 0x00, 0x00, 0x00, 0x00, 0x00, 0x00, 0xE8, 0xFF, 0xFF, 0xF6, 0x0A, 0x0C, 0x29, 0x65, 0xDE, 
0xFF, 0xFF, 0xFF, 0x9E, 0x02, 0x00, 0x00, 0x00, 0x00, 0x00, 0x00, 0x00, 0x1C, 0xFF, 0xFF, 0xFF, 
0xFF, 0xFF, 0xFF, 0xFF, 0xFF, 0xFF, 0xFF, 0xF4, 0x6F, 0x01, 0x00, 0x00, 0x00, 0x00, 0x00, 0x00, 
0x00, 0x00, 0x4F, 0xFF, 0xFF, 0xFF, 0xFF, 0xFF, 0xFF, 0xFF, 0xFF, 0xFF, 0xDB, 0x22, 0x00, 0x00, 
0x00, 0x00, 0x00, 0x00, 0x00, 0x00, 0x00, 0x00, 0x82, 0xFF, 0xFF, 0xFF, 0xFF, 0xFF, 0xFF, 0xFF, 
0xFF, 0xFF, 0xFF, 0xEC, 0x39, 0x00, 0x00, 0x00, 0x00, 0x00, 0x00, 0x00, 0x00, 0x00, 0xB5, 0xFF, 
0xFF, 0xFF, 0x35, 0x10, 0x21, 0x3F, 0x9D, 0xFF, 0xFF, 0xFF, 0xF1, 0x1B, 0x00, 0x00, 0x00, 0x00, 
0x00, 0x00, 0x00, 0x00, 0xE8, 0xFF, 0xFF, 0xF4, 0x02, 0x00, 0x00, 0x00, 0x00, 0x85, 0xFF, 0xFF, 
0xFF, 0xA5, 0x00, 0x00, 0x00, 0x00, 0x00, 0x00, 0x00, 0x1C, 0xFF, 0xFF, 0xFF, 0xC4, 0x00, 0x00, 
0x00, 0x00, 0x00, 0x0A, 0xF1, 0xFF, 0xFF, 0xF7, 0x0D, 0x00, 0x00, 0x00, 0x00, 0x00, 0x00, 0x4F, 
0xFF, 0xFF, 0xFF, 0x91, 0x00, 0x00, 0x00, 0x00, 0x00, 0x00, 0xA9, 0xFF, 0xFF, 0xFF, 0x53, 0x00, 
0x00, 0x00, 0x00, 0x00, 0x00, 0x82, 0xFF, 0xFF, 0xFF, 0x5F, 0x00, 0x00, 0x00, 0x00, 0x00, 0x00, 
0x6F, 0xFF, 0xFF, 0xFF, 0x91, 0x00, 0x00, 0x00, 0x00, 0x00, 0x00, 0xB5, 0xFF, 0xFF, 0xFF, 0x2C, 
0x00, 0x00, 0x00, 0x00, 0x00, 0x00, 0x39, 0xFF, 0xFF, 0xFF, 0xCE, 0x00, 0x00, 0x00, 0x00, 0x00, 
0x00, 0xE8, 0xFF, 0xFF, 0xF6, 0x03, 0x00, 0x00, 0x00, 0x00, 0x00, 0x00, 0x08, 0xFA, 0xFF, 0xFF, 
0xFD, 0x0F, 0x00, 0x00, 0x00, 0x00, 0x1B, 0xFF, 0xFF, 0xFF, 0xC7, 0x00, 0x00, 0x00, 0x00, 0x00, 
0x00, 0x00, 0x00, 0xCD, 0xFF, 0xFF, 0xFF, 0x49, 0x00, 0x00, 0x00, 0x00, 0x4F, 0xFF, 0xFF, 0xFF, 
0x94, 0x00, 0x00, 0x00, 0x00, 0x00, 0x00, 0x00, 0x00, 0x97, 0xFF, 0xFF, 0xFF, 0x86, 0x00, 0x00, 
0x00, 0x00, 0x6E, 0xFF, 0xFF, 0xFC, 0x50, 0x00, 0x00, 0x00, 0x00, 0x00, 0x00, 0x00, 0x00, 0x53, 
0xFF, 0xFF, 0xFF, 0x91, 0x00, 0x00, 0x00, 0x00, 0x00, 0x15, 0x20, 0x0A, 0x00, 0x00, 0x00, 0x00, 
0x00, 0x00, 0x00, 0x00, 0x00, 0x00, 0x10, 0x22, 0x17, 0x00, 0x00, 0x00, 0x00, 0x00, 0x00, 0x00, 
0x00, 0x00, 0x00, 0x00, 0x00, 0x00, 0x00, 0x00, 0x00, 0x00, 0x00, 0x00, 0x00, 0x00, 0x00, 0x17, 
0x36, 0x4B, 0x54, 0x56, 0x52, 0x49, 0x1E, 0x00, 0x00, 0x00, 0x00, 0x00, 0x00, 0x00, 0x00, 0x00, 
0x00, 0x00, 0x00, 0x00, 0x00, 0x46, 0xA4, 0xE7, 0xFF, 0xFF, 0xFF, 0xFF, 0xFF, 0xFF, 0xFF, 0xE7, 
0x00, 0x00, 0x00, 0x00, 0x00, 0x00, 0x00, 0x00, 0x00, 0x00, 0x00, 0x00, 0x47, 0xCF, 0xFF, 0xFF, 
0xFF, 0xFF, 0xFF, 0xFF, 0xFF, 0xFF, 0xFF, 0xFF, 0xD7, 0x00, 0x00, 0x00, 0x00, 0x00, 0x00, 0x00, 
0x00, 0x00, 0x00, 0x03, 0x85, 0xFE, 0xFF, 0xFF, 0xFF, 0xFF, 0xFF, 0xFF, 0xFF, 0xFD, 0xFF, 0xFF, 
0xFF, 0xA4, 0x00, 0x00, 0x00, 0x00, 0x00, 0x00, 0x00, 0x00, 0x00, 0x00, 0x96, 0xFF, 0xFF, 0xFF, 
0xFF, 0xE4, 0x81, 0x41, 0x18, 0x06, 0x76, 0xFF, 0xFF, 0xFF, 0x70, 0x00, 0x00, 0x00, 0x00, 0x00, 
0x00, 0x00, 0x00, 0x00, 0x6B, 0xFF, 0xFF, 0xFF, 0xFD, 0x7E, 0x06, 0x00, 0x00, 0x00, 0x00, 0xA9, 
0xFF, 0xFF, 0xFF, 0x3D, 0x00, 0x00, 0x00, 0x00, 0x00, 0x00, 0x00, 0x00, 0x17, 0xF3, 0xFF, 0xFF, 
0xFF, 0x5C, 0x00, 0x00, 0x00, 0x00, 0x00, 0x00, 0xDC, 0xFF, 0xFF, 0xFD, 0x0C, 0x00, 0x00, 0x00, 
0x00, 0x00, 0x00, 0x00, 0x00, 0x98, 0xFF, 0xFF, 0xFF, 0x91, 0x00, 0x00, 0x00, 0x00, 0x00, 0x00, 
0x10, 0xFE, 0xFF, 0xFF, 0xD6, 0x00, 0x00, 0x00, 0x00, 0x00, 0x00, 0x00, 0x00, 0x0F, 0xF6, 0xFF, 
0xFF, 0xEE, 0x10, 0x00, 0x00, 0x00, 0x00, 0x00, 0x00, 0x42, 0xFF, 0xFF, 0xFF, 0xA2, 0x00, 0x00, 
0x00, 0x00, 0x00, 0x00, 0x00, 0x00, 0x67, 0xFF, 0xFF, 0xFF, 0x84, 0x00, 0x00, 0x00, 0x00, 0x00, 
0x00, 0x00, 0x74, 0xFF, 0xFF, 0xFF, 0x6F, 0x00, 0x00, 0x00, 0x00, 0x00, 0x00, 0x00, 0x00, 0xBB, 
0xFF, 0xFF, 0xFF, 0x27, 0x00, 0x00, 0x00, 0x00, 0x00, 0x00, 0x00, 0xA7, 0xFF, 0xFF, 0xFF, 0x3C, 
0x00, 0x00, 0x00, 0x00, 0x00, 0x00, 0x00, 0x09, 0xF7, 0xFF, 0xFF, 0xD1, 0x00, 0x00, 0x00, 0x00, 
0x00, 0x00, 0x00, 0x00, 0xDA, 0xFF, 0xFF, 0xFD, 0x0B, 0x00, 0x00, 0x00, 0x00, 0x00, 0x00, 0x00, 
0x46, 0xFF, 0xFF, 0xFF, 0x8D, 0x00, 0x00, 0x00, 0x00, 0x00, 0x00, 0x00, 0x0E, 0xFE, 0xFF, 0xFF, 
0xD5, 0x00, 0x00, 0x00, 0x00, 0x00, 0x00, 0x00, 0x00, 0x86, 0xFF, 0xFF, 0xFF, 0x49, 0x00, 0x00, 
0x00, 0x00, 0x00, 0x00, 0x00, 0x40, 0xFF, 0xFF, 0xFF, 0xA1, 0x00, 0x00, 0x00, 0x00, 0x00, 0x00, 
0x00, 0x00, 0xC5, 0xFF, 0xFF, 0xFC, 0x0D, 0x00, 0x00, 0x00, 0x00, 0x00, 0x00, 0x00, 0x72, 0xFF, 
0xFF, 0xFF, 0x6E, 0x00, 0x00, 0x00, 0x00, 0x00, 0x00, 0x00, 0x0E, 0xFB, 0xFF, 0xFF, 0xC9, 0x00, 
0x00, 0x00, 0x00, 0x00, 0x00, 0x00, 0x00, 0xA5, 0xFF, 0xFF, 0xFF, 0x3A, 0x00, 0x00, 0x00, 0x00, 
0x00, 0x00, 0x00, 0x56, 0xFF, 0xFF, 0xFF, 0x80, 0x00, 0x00, 0x00, 0x00, 0x00, 0x00, 0x00, 0x00, 
0xD8, 0xFF, 0xFF, 0xFC, 0x0A, 0x00, 0x00, 0x00, 0x00, 0x00, 0x00, 0x00, 0xB5, 0xFF, 0xFF, 0xFF, 
0x31, 0x00, 0x00, 0x00, 0x00, 0x00, 0x00, 0x00, 0x0D, 0xFD, 0xFF, 0xFF, 0xD4, 0x00, 0x00, 0x00, 
0x00, 0x00, 0x00, 0x00, 0x40, 0xFF, 0xFF, 0xFF, 0xD7, 0x00, 0x00, 0x00, 0x00, 0x00, 0x00, 0x00, 
0x00, 0x3E, 0xFF, 0xFF, 0xFF, 0xA0, 0x00, 0x00, 0x00, 0x00, 0x17, 0x38, 0x70, 0xEF, 0xFF, 0xFF, 
0xFF, 0x6B, 0x00, 0x00, 0x00, 0x00, 0x00, 0x00, 0x00, 0x00, 0x70, 0xFF, 0xFF, 0xFF, 0x6D, 0x00, 
0x00, 0x00, 0x1F, 0xF5, 0xFF, 0xFF, 0xFF, 0xFF, 0xFF, 0xDE, 0x08, 0x00, 0x00, 0x00, 0x00, 0x00, 
0x00, 0x00, 0x00, 0xA3, 0xFF, 0xFF, 0xFF, 0x39, 0x00, 0x00, 0x00, 0x71, 0xFF, 0xFF, 0xFF, 0xFF, 
0xFF, 0xF7, 0x39, 0x00, 0x00, 0x00, 0x00, 0x00, 0x00, 0x00, 0x00, 0x00, 0xD6, 0xFF, 0xFF, 0xFC, 
0x0A, 0x00, 0x00, 0x00, 0x90, 0xFF, 0xFF, 0xFF, 0xFF, 0xCE, 0x36, 0x00, 0x00, 0x00, 0x00, 0x00, 
0x00, 0x00, 0x00, 0x00, 0x00, 0xF1, 0xFF, 0xFF, 0xB9, 0x00, 0x00, 0x00, 0x00, 0x28, 0x6F, 0x65, 
0x53, 0x1B, 0x00, 0x00, 0x00, 0x00, 0x00, 0x00, 0x00, 0x00, 0x00, 0x00, 0x00, 0x00, 0x08, 0x20, 
0x18, 0x00, 0x00, 0x00, 0x00, 0x00, 0x00, 0x00, 0x00, 0x00, 0x00, 0x00, 0x00, 0x0F, 0x44, 0x4C, 
0x45, 0x1E, 0x00, 0x00, 0x00, 0x00, 0x00, 0x00, 0x00, 0x00, 0x00, 0x00, 0x00, 0x00, 0x02, 0x31, 
0x4A, 0x4C, 0x44, 0x0B, 0x00, 0x00, 0x00, 0x00, 0x00, 0x00, 0x19, 0xE8, 0xFF, 0xFF, 0xFF, 0xFC, 
0x56, 0x00, 0x00, 0x00, 0x00, 0x00, 0x00, 0x00, 0x00, 0x00, 0x00, 0x1B, 0xD3, 0xFF, 0xFF, 0xFF, 
0xFF, 0xB2, 0x00, 0x00, 0x00, 0x00, 0x00, 0x00, 0x84, 0xFF, 0xFF, 0xFF, 0xFF, 0xFF, 0xBA, 0x00, 
0x00, 0x00, 0x00, 0x00, 0x00, 0x00, 0x00, 0x00, 0x00, 0xBF, 0xFF, 0xFF, 0xFF, 0xFF, 0xFF, 0xC4, 
0x00, 0x00, 0x00, 0x00, 0x00, 0x00, 0xD7, 0xFF, 0xFF, 0xF8, 0xFF, 0xFF, 0xE8, 0x00, 0x00, 0x00, 
0x00, 0x00, 0x00, 0x00, 0x00, 0x00, 0x54, 0xFF, 0xFF, 0xFD, 0xFA, 0xFF, 0xFF, 0xB1, 0x00, 0x00, 
0x00, 0x00, 0x00, 0x28, 0xFF, 0xFF, 0xFF, 0xAF, 0xFF, 0xFF, 0xFF, 0x0E, 0x00, 0x00, 0x00, 0x00, 
0x00, 0x00, 0x00, 0x04, 0xD9, 0xFF, 0xFF, 0xA9, 0xFB, 0xFF, 0xFF, 0x9C, 0x00, 0x00, 0x00, 0x00, 
0x00, 0x79, 0xFF, 0xFF, 0xFF, 0x54, 0xFF, 0xFF, 0xFF, 0x34, 0x00, 0x00, 0x00, 0x00, 0x00, 0x00, 
0x00, 0x69, 0xFF, 0xFF, 0xFB, 0x46, 0xFF, 0xFF, 0xFF, 0x88, 0x00, 0x00, 0x00, 0x00, 0x00, 0xCA, 
0xFF, 0xFF, 0xDF, 0x13, 0xFF, 0xFF, 0xFF, 0x5A, 0x00, 0x00, 0x00, 0x00, 0x00, 0x00, 0x0B, 0xE7, 
0xFF, 0xFF, 0x97, 0x41, 0xFF, 0xFF, 0xFF, 0x73, 0x00, 0x00, 0x00, 0x00, 0x1C, 0xFE, 0xFF, 0xFF, 
0x95, 0x00, 0xF5, 0xFF, 0xFF, 0x7F, 0x00, 0x00, 0x00, 0x00, 0x00, 0x00, 0x7D, 0xFF, 0xFF, 0xF6, 
0x19, 0x5F, 0xFF, 0xFF, 0xFF, 0x5F, 0x00, 0x00, 0x00, 0x00, 0x6C, 0xFF, 0xFF, 0xFF, 0x48, 0x00, 
0xD3, 0xFF, 0xFF, 0xA5, 0x00, 0x00, 0x00, 0x00, 0x00, 0x15, 0xF2, 0xFF, 0xFF, 0x89, 0x00, 0x7B, 
0xFF, 0xFF, 0xFF, 0x4B, 0x00, 0x00, 0x00, 0x00, 0xBE, 0xFF, 0xFF, 0xF2, 0x07, 0x00, 0xAE, 0xFF, 
0xFF, 0xCB, 0x00, 0x00, 0x00, 0x00, 0x00, 0x92, 0xFF, 0xFF, 0xEF, 0x11, 0x00, 0x96, 0xFF, 0xFF, 
0xFF, 0x36, 0x00, 0x00, 0x00, 0x12, 0xFB, 0xFF, 0xFF, 0xA8, 0x00, 0x00, 0x8A, 0xFF, 0xFF, 0xF0, 
0x00, 0x00, 0x00, 0x00, 0x21, 0xF9, 0xFF, 0xFF, 0x74, 0x00, 0x00, 0xAE, 0xFF, 0xFF, 0xFF, 0x22, 
0x00, 0x00, 0x00, 0x60, 0xFF, 0xFF, 0xFF, 0x57, 0x00, 0x00, 0x65, 0xFF, 0xFF, 0xFF, 0x17, 0x00, 
0x00, 0x00, 0xA6, 0xFF, 0xFF, 0xE0, 0x07, 0x00, 0x00, 0xC1, 0xFF, 0xFF, 0xFF, 0x0D, 0x00, 0x00, 
0x00, 0xB1, 0xFF, 0xFF, 0xF8, 0x0D, 0x00, 0x00, 0x41, 0xFF, 0xFF, 0xFF, 0x3A, 0x00, 0x00, 0x32, 
0xFE, 0xFF, 0xFF, 0x5A, 0x00, 0x00, 0x00, 0xD3, 0xFF, 0xFF, 0xF9, 0x00, 0x00, 0x00, 0x0B, 0xF6, 
0xFF, 0xFF, 0xB4, 0x00, 0x00, 0x00, 0x1C, 0xFF, 0xFF, 0xFF, 0x5C, 0x00, 0x00, 0xBB, 0xFF, 0xFF, 
0xCB, 0x01, 0x00, 0x00, 0x00, 0xE6, 0xFF, 0xFF, 0xE5, 0x00, 0x00, 0x00, 0x53, 0xFF, 0xFF, 0xFF, 
0x63, 0x00, 0x00, 0x00, 0x01, 0xF6, 0xFF, 0xFF, 0x7A, 0x00, 0x3F, 0xFF, 0xFF, 0xFF, 0x40, 0x00, 
0x00, 0x00, 0x00, 0xF8, 0xFF, 0xFF, 0xD0, 0x00, 0x00, 0x00, 0xA4, 0xFF, 0xFF, 0xFC, 0x15, 0x00, 
0x00, 0x00, 0x00, 0xD3, 0xFF, 0xFF, 0x95, 0x00, 0xC2, 0xFF, 0xFF, 0xB2, 0x00, 0x00, 0x00, 0x00, 
0x0B, 0xFF, 0xFF, 0xFF, 0xBC, 0x00, 0x00, 0x05, 0xEF, 0xFF, 0xFF, 0xC0, 0x00, 0x00, 0x00, 0x00, 
0x00, 0xAF, 0xFF, 0xFF, 0xAC, 0x44, 0xFF, 0xFF, 0xFC, 0x29, 0x00, 0x00, 0x00, 0x00, 0x1D, 0xFF, 
0xFF, 0xFF, 0xA8, 0x00, 0x00, 0x47, 0xFF, 0xFF, 0xFF, 0x6F, 0x00, 0x00, 0x00, 0x00, 0x00, 0x8B, 
0xFF, 0xFF, 0xC0, 0xC2, 0xFF, 0xFF, 0x98, 0x00, 0x00, 0x00, 0x00, 0x00, 0x30, 0xFF, 0xFF, 0xFF, 
0x93, 0x00, 0x00, 0x98, 0xFF, 0xFF, 0xFF, 0x1F, 0x00, 0x00, 0x00, 0x00, 0x00, 0x66, 0xFF, 0xFF, 
0xF6, 0xFF, 0xFF, 0xF3, 0x18, 0x00, 0x00, 0x00, 0x00, 0x00, 0x42, 0xFF, 0xFF, 0xFF, 0x7F, 0x00, 
0x01, 0xE7, 0xFF, 0xFF, 0xCC, 0x00, 0x00, 0x00, 0x00, 0x00, 0x00, 0x42, 0xFF, 0xFF, 0xFF, 0xFF, 
0xFF, 0x7E, 0x00, 0x00, 0x00, 0x00, 0x00, 0x00, 0x55, 0xFF, 0xFF, 0xFF, 0x6A, 0x00, 0x3A, 0xFF, 
0xFF, 0xFF, 0x7B, 0x00, 0x00, 0x00, 0x00, 0x00, 0x00, 0x1D, 0xFF, 0xFF, 0xFF, 0xFF, 0xE6, 0x0B, 
0x00, 0x00, 0x00, 0x00, 0x00, 0x00, 0x68, 0xFF, 0xFF, 0xFF, 0x56, 0x00, 0x8B, 0xFF, 0xFF, 0xFF, 
0x29, 0x00, 0x00, 0x00, 0x00, 0x00, 0x00, 0x01, 0xF7, 0xFF, 0xFF, 0xFF, 0x64, 0x00, 0x00, 0x00, 
0x00, 0x00, 0x00, 0x00, 0x7A, 0xFF, 0xFF, 0xFF, 0x42, 0x00, 0xC6, 0xFF, 0xFF, 0xC4, 0x00, 0x00, 
0x00, 0x00, 0x00, 0x00, 0x00, 0x00, 0xBB, 0xFF, 0xFF, 0xC0, 0x03, 0x00, 0x00, 0x00, 0x00, 0x00, 
0x00, 0x00, 0x82, 0xFF, 0xFF, 0xF2, 0x1A, 0x00, 0x09, 0x20, 0x1C, 0x02, 0x00, 0x00, 0x00, 0x00, 
0x00, 0x00, 0x00, 0x00, 0x02, 0x1E, 0x19, 0x00, 0x00, 0x00, 0x00, 0x00, 0x00, 0x00, 0x00, 0x00, 
0x03, 0x1F, 0x20, 0x08, 0x00, 0x00, 0x00, 0x00, 0x00, 0x00, 0x01, 0x48, 0x64, 0x5F, 0x1B, 0x00, 
0x00, 0x00, 0x00, 0x00, 0x00, 0x00, 0x00, 0x00, 0x00, 0x30, 0x62, 0x63, 0x33, 0x00, 0x00, 0x00, 
0x00, 0x4E, 0xFF, 0xFF, 0xFF, 0x89, 0x00, 0x00, 0x00, 0x00, 0x00, 0x00, 0x00, 0x00, 0x00, 0x0C, 
0xFB, 0xFF, 0xFF, 0xCE, 0x00, 0x00, 0x00, 0x00, 0x84, 0xFF, 0xFF, 0xFF, 0x5A, 0x00, 0x00, 0x00, 
0x00, 0x00, 0x00, 0x00, 0x00, 0x00, 0x3D, 0xFF, 0xFF, 0xFF, 0x9F, 0x00, 0x00, 0x00, 0x00, 0xB7, 
0xFF, 0xFF, 0xFF, 0x27, 0x00, 0x00, 0x00, 0x00, 0x00, 0x00, 0x00, 0x00, 0x00, 0x70, 0xFF, 0xFF, 
0xFF, 0x6C, 0x00, 0x00, 0x00, 0x00, 0xEA, 0xFF, 0xFF, 0xF2, 0x01, 0x00, 0x00, 0x00, 0x00, 0x00, 
0x00, 0x00, 0x00, 0x00, 0xA4, 0xFF, 0xFF, 0xFF, 0x39, 0x00, 0x00, 0x00, 0x1D, 0xFF, 0xFF, 0xFF, 
0xC0, 0x00, 0x00, 0x00, 0x00, 0x00, 0x00, 0x00, 0x00, 0x00, 0x00, 0xD7, 0xFF, 0xFF, 0xFC, 0x0A, 
0x00, 0x00, 0x00, 0x50, 0xFF, 0xFF, 0xFF, 0x8D, 0x00, 0x00, 0x00, 0x00, 0x00, 0x00, 0x00, 0x00, 
0x00, 0x0C, 0xFD, 0xFF, 0xFF, 0xD3, 0x00, 0x00, 0x00, 0x00, 0x83, 0xFF, 0xFF, 0xFF, 0x5A, 0x00, 
0x00, 0x00, 0x00, 0x00, 0x00, 0x00, 0x00, 0x00, 0x3E, 0xFF, 0xFF, 0xFF, 0xA1, 0x00, 0x00, 0x00, 
0x00, 0xB5, 0xFF, 0xFF, 0xFF, 0x26, 0x00, 0x00, 0x00, 0x00, 0x00, 0x00, 0x00, 0x00, 0x00, 0x71, 
0xFF, 0xFF, 0xFF, 0x6E, 0x00, 0x00, 0x00, 0x00, 0xE8, 0xFF, 0xFF, 0xF6, 0x1D, 0x1C, 0x1C, 0x1C, 
0x1C, 0x1C, 0x1C, 0x1C, 0x1C, 0x1C, 0xAB, 0xFF, 0xFF, 0xFF, 0x3B, 0x00, 0x00, 0x00, 0x1B, 0xFF, 
0xFF, 0xFF, 0xFF, 0xFF, 0xFF, 0xFF, 0xFF, 0xFF, 0xFF, 0xFF, 0xFF, 0xFF, 0xFF, 0xFF, 0xFF, 0xFF, 
0xFD, 0x0B, 0x00, 0x00, 0x00, 0x4E, 0xFF, 0xFF, 0xFF, 0xFF, 0xFF, 0xFF, 0xFF, 0xFF, 0xFF, 0xFF, 
0xFF, 0xFF, 0xFF, 0xFF, 0xFF, 0xFF, 0xFF, 0xD5, 0x00, 0x00, 0x00, 0x00, 0x81, 0xFF, 0xFF, 0xFF, 
0xFF, 0xFF, 0xFF, 0xFF, 0xFF, 0xFF, 0xFF, 0xFF, 0xFF, 0xFF, 0xFF, 0xFF, 0xFF, 0xFF, 0xA2, 0x00, 
0x00, 0x00, 0x00, 0xB3, 0xFF, 0xFF, 0xFF, 0x4B, 0x28, 0x28, 0x28, 0x28, 0x28, 0x28, 0x28, 0x28, 
0x28, 0x8B, 0xFF, 0xFF, 0xFF, 0x70, 0x00, 0x00, 0x00, 0x00, 0xE6, 0xFF, 0xFF, 0xF6, 0x04, 0x00, 
0x00, 0x00, 0x00, 0x00, 0x00, 0x00, 0x00, 0x00, 0xA4, 0xFF, 0xFF, 0xFF, 0x3D, 0x00, 0x00, 0x00, 
0x19, 0xFF, 0xFF, 0xFF, 0xC7, 0x00, 0x00, 0x00, 0x00, 0x00, 0x00, 0x00, 0x00, 0x00, 0x00, 0xD7, 
0xFF, 0xFF, 0xFD, 0x0C, 0x00, 0x00, 0x00, 0x4C, 0xFF, 0xFF, 0xFF, 0x93, 0x00, 0x00, 0x00, 0x00, 
0x00, 0x00, 0x00, 0x00, 0x00, 0x0B, 0xFD, 0xFF, 0xFF, 0xD7, 0x00, 0x00, 0x00, 0x00, 0x7F, 0xFF, 
0xFF, 0xFF, 0x60, 0x00, 0x00, 0x00, 0x00, 0x00, 0x00, 0x00, 0x00, 0x00, 0x3C, 0xFF, 0xFF, 0xFF, 
0xA4, 0x00, 0x00, 0x00, 0x00, 0xB2, 0xFF, 0xFF, 0xFF, 0x2C, 0x00, 0x00, 0x00, 0x00, 0x00, 0x00, 
0x00, 0x00, 0x00, 0x6F, 0xFF, 0xFF, 0xFF, 0x72, 0x00, 0x00, 0x00, 0x00, 0xE4, 0xFF, 0xFF, 0xF5, 
0x03, 0x00, 0x00, 0x00, 0x00, 0x00, 0x00, 0x00, 0x00, 0x00, 0xA1, 0xFF, 0xFF, 0xFF, 0x3F, 0x00, 
0x00, 0x00, 0x17, 0xFF, 0xFF, 0xFF, 0xC5, 0x00, 0x00, 0x00, 0x00, 0x00, 0x00, 0x00, 0x00, 0x00, 
0x00, 0xD4, 0xFF, 0xFF, 0xFE, 0x0E, 0x00, 0x00, 0x00, 0x4A, 0xFF, 0xFF, 0xFF, 0x92, 0x00, 0x00, 
0x00, 0x00, 0x00, 0x00, 0x00, 0x00, 0x00, 0x09, 0xFC, 0xFF, 0xFF, 0xD9, 0x00, 0x00, 0x00, 0x00, 
0x68, 0xFF, 0xFF, 0xFB, 0x4A, 0x00, 0x00, 0x00, 0x00, 0x00, 0x00, 0x00, 0x00, 0x00, 0x25, 0xFD, 
0xFF, 0xFF, 0x8D, 0x00, 0x00, 0x00, 0x00, 0x00, 0x16, 0x20, 0x0B, 0x00, 0x00, 0x00, 0x00, 0x00, 
0x00, 0x00, 0x00, 0x00, 0x00, 0x00, 0x0E, 0x20, 0x13, 0x00, 0x00, 0x00, 0x00, 0x00, 0x00, 0x00, 
0x00, 0x00, 0x00, 0x00, 0x00, 0x00, 0x00, 0x1B, 0x5E, 0x94, 0xAA, 0xB7, 0xA8, 0x91, 0x5A, 0x15, 
0x00, 0x00, 0x00, 0x00, 0x00, 0x00, 0x00, 0x00, 0x00, 0x00, 0x00, 0x2F, 0xAD, 0xFD, 0xFF, 0xFF, 
0xFF, 0xFF, 0xFF, 0xFF, 0xFF, 0xF8, 0x96, 0x0C, 0x00, 0x00, 0x00, 0x00, 0x00, 0x00, 0x00, 0x01, 
0x80, 0xFB, 0xFF, 0xFF, 0xFF, 0xFF, 0xFF, 0xFF, 0xFF, 0xFF, 0xFF, 0xFF, 0xFF, 0xD7, 0x14, 0x00, 
0x00, 0x00, 0x00, 0x00, 0x04, 0xA5, 0xFF, 0xFF, 0xFF, 0xFF, 0xF4, 0xB0, 0x8D, 0x89, 0xAA, 0xEF, 
0xFF, 0xFF, 0xFF, 0xFF, 0xB6, 0x00, 0x00, 0x00, 0x00, 0x00, 0x90, 0xFF, 0xFF, 0xFF, 0xFD, 0x89, 
0x0E, 0x00, 0x00, 0x00, 0x00, 0x0E, 0xA2, 0xFF, 0xFF, 0xFF, 0xFF, 0x37, 0x00, 0x00, 0x00, 0x4E, 
0xFF, 0xFF, 0xFF, 0xFC, 0x51, 0x00, 0x00, 0x00, 0x00, 0x00, 0x00, 0x00, 0x03, 0xCF, 0xFF, 0xFF, 
0xFF, 0x8A, 0x00, 0x00, 0x09, 0xE0, 0xFF, 0xFF, 0xFF, 0x70, 0x00, 0x00, 0x00, 0x00, 0x00, 0x00, 
0x00, 0x00, 0x00, 0x6F, 0xFF, 0xFF, 0xFF, 0xC1, 0x00, 0x00, 0x6E, 0xFF, 0xFF, 0xFF, 0xCB, 0x01, 
0x00, 0x00, 0x00, 0x00, 0x00, 0x00, 0x00, 0x00, 0x00, 0x4C, 0xFF, 0xFF, 0xFF, 0xD9, 0x00, 0x01, 
0xE0, 0xFF, 0xFF, 0xFF, 0x54, 0x00, 0x00, 0x00, 0x00, 0x00, 0x00, 0x00, 0x00, 0x00, 0x00, 0x32, 
0xFF, 0xFF, 0xFF, 0xE3, 0x00, 0x3D, 0xFF, 0xFF, 0xFF, 0xDE, 0x02, 0x00, 0x00, 0x00, 0x00, 0x00, 
0x00, 0x00, 0x00, 0x00, 0x00, 0x40, 0xFF, 0xFF, 0xFF, 0xD9, 0x00, 0x89, 0xFF, 0xFF, 0xFF, 0x91, 
0x00, 0x00, 0x00, 0x00, 0x00, 0x00, 0x00, 0x00, 0x00, 0x00, 0x00, 0x55, 0xFF, 0xFF, 0xFF, 0xC2, 
0x00, 0xC5, 0xFF, 0xFF, 0xFF, 0x54, 0x00, 0x00, 0x00, 0x00, 0x00, 0x00, 0x00, 0x00, 0x00, 0x00, 
0x00, 0x77, 0xFF, 0xFF, 0xFF, 0x9F, 0x00, 0xF1, 0xFF, 0xFF, 0xFF, 0x1C, 0x00, 0x00, 0x00, 0x00, 
0x00, 0x00, 0x00, 0x00, 0x00, 0x00, 0x00, 0xB4, 0xFF, 0xFF, 0xFF, 0x6C, 0x11, 0xFF, 0xFF, 0xFF, 
0xFF, 0x05, 0x00, 0x00, 0x00, 0x00, 0x00, 0x00, 0x00, 0x00, 0x00, 0x00, 0x02, 0xEF, 0xFF, 0xFF, 
0xFF, 0x2E, 0x22, 0xFF, 0xFF, 0xFF, 0xF0, 0x00, 0x00, 0x00, 0x00, 0x00, 0x00, 0x00, 0x00, 0x00, 
0x00, 0x00, 0x50, 0xFF, 0xFF, 0xFF, 0xDB, 0x00, 0x28, 0xFF, 0xFF, 0xFF, 0xEE, 0x00, 0x00, 0x00, 
0x00, 0x00, 0x00, 0x00, 0x00, 0x00, 0x00, 0x00, 0xC3, 0xFF, 0xFF, 0xFF, 0x7D, 0x00, 0x19, 0xFF, 
0xFF, 0xFF, 0xFF, 0x0C, 0x00, 0x00, 0x00, 0x00, 0x00, 0x00, 0x00, 0x00, 0x00, 0x42, 0xFF, 0xFF, 
0xFF, 0xF4, 0x12, 0x00, 0x04, 0xF6, 0xFF, 0xFF, 0xFF, 0x3C, 0x00, 0x00, 0x00, 0x00, 0x00, 0x00, 
0x00, 0x00, 0x14, 0xDF, 0xFF, 0xFF, 0xFF, 0x7A, 0x00, 0x00, 0x00, 0xC0, 0xFF, 0xFF, 0xFF, 0xB7, 
0x01, 0x00, 0x00, 0x00, 0x00, 0x00, 0x00, 0x19, 0xCC, 0xFF, 0xFF, 0xFF, 0xD0, 0x06, 0x00, 0x00, 
0x00, 0x5E, 0xFF, 0xFF, 0xFF, 0xFF, 0xAC, 0x20, 0x00, 0x00, 0x00, 0x0E, 0x69, 0xE9, 0xFF, 0xFF, 
0xFF, 0xEB, 0x20, 0x00, 0x00, 0x00, 0x00, 0x04, 0xC7, 0xFF, 0xFF, 0xFF, 0xFF, 0xFF, 0xDE, 0xC9, 
0xD6, 0xF9, 0xFF, 0xFF, 0xFF, 0xFF, 0xE4, 0x2B, 0x00, 0x00, 0x00, 0x00, 0x00, 0x00, 0x1A, 0xCD, 
0xFF, 0xFF, 0xFF, 0xFF, 0xFF, 0xFF, 0xFF, 0xFF, 0xFF, 0xFF, 0xFF, 0xB1, 0x19, 0x00, 0x00, 0x00, 
0x00, 0x00, 0x00, 0x00, 0x00, 0x08, 0x75, 0xE1, 0xFF, 0xFF, 0xFF, 0xFF, 0xFF, 0xFF, 0xF9, 0xB4, 
0x42, 0x00, 0x00, 0x00, 0x00, 0x00, 0x00, 0x00, 0x00, 0x00, 0x00, 0x00, 0x00, 0x00, 0x24, 0x53, 
0x66, 0x6F, 0x5E, 0x41, 0x0A, 0x00, 0x00, 0x00, 0x00, 0x00, 0x00, 0x00, 0x00, 0x00, 0x00, 0x00, 
0x00, 0x00, 0x00, 0x26, 0x4B, 0x4C, 0x4C, 0x4C, 0x4C, 0x4C, 0x4C, 0x4C, 0x4C, 0x4C, 0x4C, 0x4C, 
0x4C, 0x4C, 0x4C, 0x46, 0x06, 0x00, 0x00, 0x00, 0x00, 0x30, 0xFC, 0xFF, 0xFF, 0xFF, 0xFF, 0xFF, 
0xFF, 0xFF, 0xFF, 0xFF, 0xFF, 0xFF, 0xFF, 0xFF, 0xFF, 0xFF, 0xFF, 0x69, 0x00, 0x00, 0x00, 0x00, 
0x80, 0xFF, 0xFF, 0xFF, 0xFF, 0xFF, 0xFF, 0xFF, 0xFF, 0xFF, 0xFF, 0xFF, 0xFF, 0xFF, 0xFF, 0xFF, 
0xFF, 0xFF, 0x56, 0x00, 0x00, 0x00, 0x00, 0xB4, 0xFF, 0xFF, 0xFF, 0xFC, 0xFC, 0xFC, 0xFC, 0xFC, 
0xFC, 0xFC, 0xFC, 0xFC, 0xFC, 0xFF, 0xFF, 0xFF, 0xFF, 0x23, 0x00, 0x00, 0x00, 0x00, 0xE7, 0xFF, 
0xFF, 0xF8, 0x05, 0x00, 0x00, 0x00, 0x00, 0x00, 0x00, 0x00, 0x00, 0x01, 0xF1, 0xFF, 0xFF, 0xEF, 
0x00, 0x00, 0x00, 0x00, 0x1A, 0xFF, 0xFF, 0xFF, 0xC9, 0x00, 0x00, 0x00, 0x00, 0x00, 0x00, 0x00, 
0x00, 0x00, 0x26, 0xFF, 0xFF, 0xFF, 0xBC, 0x00, 0x00, 0x00, 0x00, 0x4D, 0xFF, 0xFF, 0xFF, 0x96, 
0x00, 0x00, 0x00, 0x00, 0x00, 0x00, 0x00, 0x00, 0x00, 0x59, 0xFF, 0xFF, 0xFF, 0x89, 0x00, 0x00, 
0x00, 0x00, 0x80, 0xFF, 0xFF, 0xFF, 0x62, 0x00, 0x00, 0x00, 0x00, 0x00, 0x00, 0x00, 0x00, 0x00, 
0x8C, 0xFF, 0xFF, 0xFF, 0x55, 0x00, 0x00, 0x00, 0x00, 0xB3, 0xFF, 0xFF, 0xFF, 0x2F, 0x00, 0x00, 
0x00, 0x00, 0x00, 0x00, 0x00, 0x00, 0x00, 0xC0, 0xFF, 0xFF, 0xFF, 0x22, 0x00, 0x00, 0x00, 0x00, 
0xE6, 0xFF, 0xFF, 0xF7, 0x04, 0x00, 0x00, 0x00, 0x00, 0x00, 0x00, 0x00, 0x00, 0x01, 0xF1, 0xFF, 
0xFF, 0xEE, 0x00, 0x00, 0x00, 0x00, 0x19, 0xFF, 0xFF, 0xFF, 0xC8, 0x00, 0x00, 0x00, 0x00, 0x00, 
0x00, 0x00, 0x00, 0x00, 0x26, 0xFF, 0xFF, 0xFF, 0xBB, 0x00, 0x00, 0x00, 0x00, 0x4C, 0xFF, 0xFF, 
0xFF, 0x94, 0x00, 0x00, 0x00, 0x00, 0x00, 0x00, 0x00, 0x00, 0x00, 0x59, 0xFF, 0xFF, 0xFF, 0x88, 
0x00, 0x00, 0x00, 0x00, 0x7F, 0xFF, 0xFF, 0xFF, 0x61, 0x00, 0x00, 0x00, 0x00, 0x00, 0x00, 0x00, 
0x00, 0x00, 0x8D, 0xFF, 0xFF, 0xFF, 0x54, 0x00, 0x00, 0x00, 0x00, 0xB2, 0xFF, 0xFF, 0xFF, 0x2E, 
0x00, 0x00, 0x00, 0x00, 0x00, 0x00, 0x00, 0x00, 0x00, 0xC0, 0xFF, 0xFF, 0xFF, 0x21, 0x00, 0x00, 
0x00, 0x00, 0xE5, 0xFF, 0xFF, 0xF6, 0x04, 0x00, 0x00, 0x00, 0x00, 0x00, 0x00, 0x00, 0x00, 0x01, 
0xF1, 0xFF, 0xFF, 0xED, 0x00, 0x00, 0x00, 0x00, 0x18, 0xFF, 0xFF, 0xFF, 0xC7, 0x00, 0x00, 0x00, 
0x00, 0x00, 0x00, 0x00, 0x00, 0x00, 0x26, 0xFF, 0xFF, 0xFF, 0xBA, 0x00, 0x00, 0x00, 0x00, 0x4B, 
0xFF, 0xFF, 0xFF, 0x93, 0x00, 0x00, 0x00, 0x00, 0x00, 0x00, 0x00, 0x00, 0x00, 0x59, 0xFF, 0xFF, 
0xFF, 0x87, 0x00, 0x00, 0x00, 0x00, 0x7E, 0xFF, 0xFF, 0xFF, 0x60, 0x00, 0x00, 0x00, 0x00, 0x00, 
0x00, 0x00, 0x00, 0x00, 0x8D, 0xFF, 0xFF, 0xFF, 0x53, 0x00, 0x00, 0x00, 0x00, 0xB1, 0xFF, 0xFF, 
0xFF, 0x2C, 0x00, 0x00, 0x00, 0x00, 0x00, 0x00, 0x00, 0x00, 0x00, 0xC0, 0xFF, 0xFF, 0xFF, 0x20, 
0x00, 0x00, 0x00, 0x00, 0xE4, 0xFF, 0xFF, 0xF5, 0x03, 0x00, 0x00, 0x00, 0x00, 0x00, 0x00, 0x00, 
0x00, 0x01, 0xF1, 0xFF, 0xFF, 0xEC, 0x00, 0x00, 0x00, 0x00, 0x17, 0xFF, 0xFF, 0xFF, 0xC5, 0x00, 
0x00, 0x00, 0x00, 0x00, 0x00, 0x00, 0x00, 0x00, 0x26, 0xFF, 0xFF, 0xFF, 0xB9, 0x00, 0x00, 0x00, 
0x00, 0x4A, 0xFF, 0xFF, 0xFF, 0x92, 0x00, 0x00, 0x00, 0x00, 0x00, 0x00, 0x00, 0x00, 0x00, 0x5A, 
0xFF, 0xFF, 0xFF, 0x86, 0x00, 0x00, 0x00, 0x00, 0x68, 0xFF, 0xFF, 0xFB, 0x4A, 0x00, 0x00, 0x00, 
0x00, 0x00, 0x00, 0x00, 0x00, 0x00, 0x75, 0xFF, 0xFF, 0xFA, 0x40, 0x00, 0x00, 0x00, 0x00, 0x00, 
0x16, 0x20, 0x0A, 0x00, 0x00, 0x00, 0x00, 0x00, 0x00, 0x00, 0x00, 0x00, 0x00, 0x00, 0x17, 0x20, 
0x0A, 0x00, 0x00, 0x00, 0x00, 0x00, 0x00, 0x00, 0x00, 0x00, 0x00, 0x00, 0x01, 0x47, 0x64, 0x56, 
0x04, 0x00, 0x00, 0x00, 0x1D, 0x6D, 0xA3, 0xB5, 0xA4, 0x76, 0x1E, 0x00, 0x00, 0x00, 0x00, 0x00, 
0x00, 0x00, 0x00, 0x00, 0x44, 0xFF, 0xFF, 0xFF, 0x22, 0x00, 0x1B, 0xA4, 0xFC, 0xFF, 0xFF, 0xFF, 
0xFF, 0xFF, 0xF8, 0x73, 0x00, 0x00, 0x00, 0x00, 0x00, 0x00, 0x00, 0x00, 0x7A, 0xFF, 0xFF, 0xF1, 
0x01, 0x4D, 0xF0, 0xFF, 0xFF, 0xFF, 0xFF, 0xFF, 0xFF, 0xFF, 0xFF, 0xFF, 0x6C, 0x00, 0x00, 0x00, 
0x00, 0x00, 0x00, 0x00, 0xAE, 0xFF, 0xFF, 0xBF, 0x57, 0xFC, 0xFF, 0xFF, 0xFB, 0xBF, 0xA0, 0xBC, 
0xFD, 0xFF, 0xFF, 0xFF, 0xF3, 0x14, 0x00, 0x00, 0x00, 0x00, 0x00, 0x00, 0xE1, 0xFF, 0xFF, 0xB7, 
0xF7, 0xFF, 0xFF, 0x9C, 0x19, 0x00, 0x00, 0x00, 0x44, 0xFB, 0xFF, 0xFF, 0xFF, 0x67, 0x00, 0x00, 
0x00, 0x00, 0x00, 0x15, 0xFF, 0xFF, 0xFF, 0xFB, 0xFF, 0xFB, 0x59, 0x00, 0x00, 0x00, 0x00, 0x00, 
0x00, 0xAD, 0xFF, 0xFF, 0xFF, 0xA5, 0x00, 0x00, 0x00, 0x00, 0x00, 0x49, 0xFF, 0xFF, 0xFF, 0xFF, 
0xFF, 0x5C, 0x00, 0x00, 0x00, 0x00, 0x00, 0x00, 0x00, 0x5B, 0xFF, 0xFF, 0xFF, 0xCA, 0x00, 0x00, 
0x00, 0x00, 0x00, 0x7C, 0xFF, 0xFF, 0xFF, 0xFF, 0x96, 0x00, 0x00, 0x00, 0x00, 0x00, 0x00, 0x00, 
0x00, 0x3E, 0xFF, 0xFF, 0xFF, 0xDA, 0x00, 0x00, 0x00, 0x00, 0x00, 0xB0, 0xFF, 0xFF, 0xFF, 0xE7, 
0x0E, 0x00, 0x00, 0x00, 0x00, 0x00, 0x00, 0x00, 0x00, 0x33, 0xFF, 0xFF, 0xFF, 0xD8, 0x00, 0x00, 
0x00, 0x00, 0x00, 0xE3, 0xFF, 0xFF, 0xFF, 0x6A, 0x00, 0x00, 0x00, 0x00, 0x00, 0x00, 0x00, 0x00, 
0x00, 0x48, 0xFF, 0xFF, 0xFF, 0xC8, 0x00, 0x00, 0x00, 0x00, 0x16, 0xFF, 0xFF, 0xFF, 0xF1, 0x0C, 
0x00, 0x00, 0x00, 0x00, 0x00, 0x00, 0x00, 0x00, 0x00, 0x5F, 0xFF, 0xFF, 0xFF, 0xAA, 0x00, 0x00, 
0x00, 0x00, 0x4A, 0xFF, 0xFF, 0xFF, 0xA4, 0x00, 0x00, 0x00, 0x00, 0x00, 0x00, 0x00, 0x00, 0x00, 
0x00, 0x91, 0xFF, 0xFF, 0xFF, 0x81, 0x00, 0x00, 0x00, 0x00, 0x7E, 0xFF, 0xFF, 0xFF, 0x62, 0x00, 
0x00, 0x00, 0x00, 0x00, 0x00, 0x00, 0x00, 0x00, 0x00, 0xC7, 0xFF, 0xFF, 0xFF, 0x4F, 0x00, 0x00, 
0x00, 0x00, 0xB1, 0xFF, 0xFF, 0xFF, 0x26, 0x00, 0x00, 0x00, 0x00, 0x00, 0x00, 0x00, 0x00, 0x00, 
0x11, 0xF9, 0xFF, 0xFF, 0xFC, 0x10, 0x00, 0x00, 0x00, 0x00, 0xE5, 0xFF, 0xFF, 0xF1, 0x01, 0x00, 
0x00, 0x00, 0x00, 0x00, 0x00, 0x00, 0x00, 0x00, 0x68, 0xFF, 0xFF, 0xFF, 0xBF, 0x00, 0x00, 0x00, 
0x00, 0x18, 0xFF, 0xFF, 0xFF, 0xBF, 0x00, 0x00, 0x00, 0x00, 0x00, 0x00, 0x00, 0x00, 0x00, 0x00, 
0xC8, 0xFF, 0xFF, 0xFF, 0x61, 0x00, 0x00, 0x00, 0x00, 0x4C, 0xFF, 0xFF, 0xFF, 0x8D, 0x00, 0x00, 
0x00, 0x00, 0x00, 0x00, 0x00, 0x00, 0x00, 0x53, 0xFF, 0xFF, 0xFF, 0xEB, 0x0B, 0x00, 0x00, 0x00, 
0x00, 0x80, 0xFF, 0xFF, 0xFF, 0xE2, 0x15, 0x00, 0x00, 0x00, 0x00, 0x00, 0x00, 0x00, 0x0C, 0xE3, 
0xFF, 0xFF, 0xFF, 0x7B, 0x00, 0x00, 0x00, 0x00, 0x00, 0xB3, 0xFF, 0xFF, 0xFF, 0xFF, 0xC8, 0x15, 
0x00, 0x00, 0x00, 0x00, 0x00, 0x06, 0xB4, 0xFF, 0xFF, 0xFF, 0xDC, 0x09, 0x00, 0x00, 0x00, 0x00, 
0x00, 0xE6, 0xFF, 0xFF, 0xFF, 0xFF, 0xFF, 0xE0, 0x5F, 0x08, 0x00, 0x00, 0x41, 0xCD, 0xFF, 0xFF, 
0xFF, 0xF9, 0x3C, 0x00, 0x00, 0x00, 0x00, 0x00, 0x1A, 0xFF, 0xFF, 0xFF, 0xED, 0xFF, 0xFF, 0xFF, 
0xFF, 0xFD, 0xE5, 0xF4, 0xFF, 0xFF, 0xFF, 0xFF, 0xFC, 0x5C, 0x00, 0x00, 0x00, 0x00, 0x00, 0x00, 
0x4E, 0xFF, 0xFF, 0xFF, 0x89, 0x70, 0xFD, 0xFF, 0xFF, 0xFF, 0xFF, 0xFF, 0xFF, 0xFF, 0xFF, 0xF0, 
0x4B, 0x00, 0x00, 0x00, 0x00, 0x00, 0x00, 0x00, 0x81, 0xFF, 0xFF, 0xFF, 0x56, 0x00, 0x3A, 0xC8, 
0xFF, 0xFF, 0xFF, 0xFF, 0xFF, 0xF1, 0x97, 0x16, 0x00, 0x00, 0x00, 0x00, 0x00, 0x00, 0x00, 0x00, 
0xB5, 0xFF, 0xFF, 0xFF, 0x23, 0x00, 0x00, 0x00, 0x26, 0x54, 0x6C, 0x5F, 0x42, 0x07, 0x00, 0x00, 
0x00, 0x00, 0x00, 0x00, 0x00, 0x00, 0x00, 0x00, 0xE8, 0xFF, 0xFF, 0xF0, 0x01, 0x00, 0x00, 0x00, 
0x00, 0x00, 0x00, 0x00, 0x00, 0x00, 0x00, 0x00, 0x00, 0x00, 0x00, 0x00, 0x00, 0x00, 0x00, 0x1C, 
0xFF, 0xFF, 0xFF, 0xBE, 0x00, 0x00, 0x00, 0x00, 0x00, 0x00, 0x00, 0x00, 0x00, 0x00, 0x00, 0x00, 
0x00, 0x00, 0x00, 0x00, 0x00, 0x00, 0x00, 0x50, 0xFF, 0xFF, 0xFF, 0x8C, 0x00, 0x00, 0x00, 0x00, 
0x00, 0x00, 0x00, 0x00, 0x00, 0x00, 0x00, 0x00, 0x00, 0x00, 0x00, 0x00, 0x00, 0x00, 0x00, 0x83, 
0xFF, 0xFF, 0xFF, 0x59, 0x00, 0x00, 0x00, 0x00, 0x00, 0x00, 0x00, 0x00, 0x00, 0x00, 0x00, 0x00, 
0x00, 0x00, 0x00, 0x00, 0x00, 0x00, 0x00, 0xB7, 0xFF, 0xFF, 0xFF, 0x27, 0x00, 0x00, 0x00, 0x00, 
0x00, 0x00, 0x00, 0x00, 0x00, 0x00, 0x00, 0x00, 0x00, 0x00, 0x00, 0x00, 0x00, 0x00, 0x00, 0xEA, 
0xFF, 0xFF, 0xF2, 0x01, 0x00, 0x00, 0x00, 0x00, 0x00, 0x00, 0x00, 0x00, 0x00, 0x00, 0x00, 0x00, 
0x00, 0x00, 0x00, 0x00, 0x00, 0x00, 0x1B, 0xFF, 0xFF, 0xFF, 0xC0, 0x00, 0x00, 0x00, 0x00, 0x00, 
0x00, 0x00, 0x00, 0x00, 0x00, 0x00, 0x00, 0x00, 0x00, 0x00, 0x00, 0x00, 0x00, 0x00, 0x06, 0x6B, 
0x84, 0x79, 0x28, 0x00, 0x00, 0x00, 0x00, 0x00, 0x00, 0x00, 0x00, 0x00, 0x00, 0x00, 0x00, 0x00, 
0x00, 0x00, 0x00, 0x00, 0x00, 0x00, 0x00, 0x00, 0x00, 0x00, 0x00, 0x00, 0x00, 0x00, 0x01, 0x34, 
0x7C, 0x9C, 0xB0, 0xA6, 0x8B, 0x50, 0x0C, 0x00, 0x00, 0x00, 0x00, 0x00, 0x00, 0x00, 0x00, 0x00, 
0x53, 0xD8, 0xFF, 0xFF, 0xFF, 0xFF, 0xFF, 0xFF, 0xFF, 0xEF, 0x80, 0x07, 0x00, 0x00, 0x00, 0x00, 
0x00, 0x0A, 0xA6, 0xFF, 0xFF, 0xFF, 0xFF, 0xFF, 0xFF, 0xFF, 0xFF, 0xFF, 0xFF, 0xFF, 0xBF, 0x00, 
0x00, 0x00, 0x00, 0x09, 0xC4, 0xFF, 0xFF, 0xFF, 0xFF, 0xE8, 0xA8, 0x92, 0xA0, 0xD9, 0xFF, 0xFF, 
0xFF, 0xFA, 0x00, 0x00, 0x00, 0x00, 0xAB, 0xFF, 0xFF, 0xFF, 0xF1, 0x66, 0x04, 0x00, 0x00, 0x00, 
0x00, 0x45, 0xDC, 0xFF, 0xCC, 0x00, 0x00, 0x00, 0x5C, 0xFF, 0xFF, 0xFF, 0xEE, 0x31, 0x00, 0x00, 
0x00, 0x00, 0x00, 0x00, 0x00, 0x12, 0xA1, 0x41, 0x00, 0x00, 0x08, 0xE6, 0xFF, 0xFF, 0xFF, 0x4D, 
0x00, 0x00, 0x00, 0x00, 0x00, 0x00, 0x00, 0x00, 0x00, 0x00, 0x00, 0x00, 0x00, 0x6D, 0xFF, 0xFF, 
0xFF, 0xB2, 0x00, 0x00, 0x00, 0x00, 0x00, 0x00, 0x00, 0x00, 0x00, 0x00, 0x00, 0x00, 0x00, 0x00, 
0xD7, 0xFF, 0xFF, 0xFF, 0x3E, 0x00, 0x00, 0x00, 0x00, 0x00, 0x00, 0x00, 0x00, 0x00, 0x00, 0x00, 
0x00, 0x00, 0x35, 0xFF, 0xFF, 0xFF, 0xE0, 0x01, 0x00, 0x00, 0x00, 0x00, 0x00, 0x00, 0x00, 0x00, 
0x00, 0x00, 0x00, 0x00, 0x00, 0x80, 0xFF, 0xFF, 0xFF, 0x88, 0x00, 0x00, 0x00, 0x00, 0x00, 0x00, 
0x00, 0x00, 0x00, 0x00, 0x00, 0x00, 0x00, 0x00, 0xBE, 0xFF, 0xFF, 0xFF, 0x4D, 0x00, 0x00, 0x00, 
0x00, 0x00, 0x00, 0x00, 0x00, 0x00, 0x00, 0x00, 0x00, 0x00, 0x00, 0xEE, 0xFF, 0xFF, 0xFF, 0x1A, 
0x00, 0x00, 0x00, 0x00, 0x00, 0x00, 0x00, 0x00, 0x00, 0x00, 0x00, 0x00, 0x00, 0x11, 0xFF, 0xFF, 
0xFF, 0xF2, 0x00, 0x00, 0x00, 0x00, 0x00, 0x00, 0x00, 0x00, 0x00, 0x00, 0x00, 0x00, 0x00, 0x00, 
0x29, 0xFF, 0xFF, 0xFF, 0xDE, 0x00, 0x00, 0x00, 0x00, 0x00, 0x00, 0x00, 0x00, 0x00, 0x00, 0x00, 
0x00, 0x00, 0x00, 0x34, 0xFF, 0xFF, 0xFF, 0xDC, 0x00, 0x00, 0x00, 0x00, 0x00, 0x00, 0x00, 0x00, 
0x00, 0x00, 0x00, 0x00, 0x00, 0x00, 0x2D, 0xFF, 0xFF, 0xFF, 0xF1, 0x01, 0x00, 0x00, 0x00, 0x00, 
0x00, 0x00, 0x00, 0x00, 0x00, 0x00, 0x00, 0x00, 0x00, 0x18, 0xFF, 0xFF, 0xFF, 0xFF, 0x2E, 0x00, 
0x00, 0x00, 0x00, 0x00, 0x00, 0x00, 0x00, 0x04, 0x43, 0x00, 0x00, 0x00, 0x00, 0xE5, 0xFF, 0xFF, 
0xFF, 0xA8, 0x00, 0x00, 0x00, 0x00, 0x00, 0x00, 0x00, 0x2B, 0xCC, 0xFC, 0x00, 0x00, 0x00, 0x00, 
0x97, 0xFF, 0xFF, 0xFF, 0xFF, 0xA2, 0x23, 0x00, 0x00, 0x09, 0x41, 0xA1, 0xFB, 0xFF, 0xDD, 0x00, 
0x00, 0x00, 0x00, 0x24, 0xF6, 0xFF, 0xFF, 0xFF, 0xFF, 0xFF, 0xF2, 0xEF, 0xFE, 0xFF, 0xFF, 0xFF, 
0xFF, 0x8A, 0x00, 0x00, 0x00, 0x00, 0x00, 0x59, 0xFA, 0xFF, 0xFF, 0xFF, 0xFF, 0xFF, 0xFF, 0xFF, 
0xFF, 0xFF, 0xFF, 0xA6, 0x0A, 0x00, 0x00, 0x00, 0x00, 0x00, 0x00, 0x39, 0xBF, 0xFF, 0xFF, 0xFF, 
0xFF, 0xFF, 0xFF, 0xEF, 0xA4, 0x31, 0x00, 0x00, 0x00, 0x00, 0x00, 0x00, 0x00, 0x00, 0x00, 0x00, 
0x18, 0x50, 0x67, 0x6C, 0x55, 0x36, 0x04, 0x00, 0x00, 0x00, 0x00, 0x00, 0x00, 0x00, 0x00, 0x00, 
0x00, 0x00, 0x01, 0x4B, 0x65, 0x53, 0x02, 0x00, 0x00, 0x00, 0x21, 0x73, 0xA6, 0xB6, 0xA3, 0x68, 
0x0D, 0x00, 0x00, 0x00, 0x00, 0x00, 0x00, 0x01, 0x4A, 0x92, 0xB2, 0xAF, 0x8D, 0x3D, 0x00, 0x00, 
0x00, 0x00, 0x00, 0x00, 0x00, 0x44, 0xFF, 0xFF, 0xFF, 0x16, 0x00, 0x1C, 0xA7, 0xFD, 0xFF, 0xFF, 
0xFF, 0xFF, 0xFF, 0xEA, 0x3B, 0x00, 0x00, 0x00, 0x00, 0x4E, 0xD2, 0xFF, 0xFF, 0xFF, 0xFF, 0xFF, 
0xFF, 0xAB, 0x08, 0x00, 0x00, 0x00, 0x00, 0x00, 0x7A, 0xFF, 0xFF, 0xE6, 0x00, 0x4E, 0xF0, 0xFF, 
0xFF, 0xFF, 0xFF, 0xFF, 0xFF, 0xFF, 0xFF, 0xEB, 0x10, 0x00, 0x07, 0xA3, 0xFF, 0xFF, 0xFF, 0xFF, 
0xFF, 0xFF, 0xFF, 0xFF, 0xFF, 0x92, 0x00, 0x00, 0x00, 0x00, 0x00, 0xAD, 0xFF, 0xFF, 0xB4, 0x5A, 
0xFC, 0xFF, 0xFF, 0xF7, 0xB8, 0xA4, 0xDA, 0xFF, 0xFF, 0xFF, 0xFF, 0x66, 0x0D, 0xC3, 0xFF, 0xFF, 
0xFF, 0xDB, 0xA7, 0xB6, 0xF7, 0xFF, 0xFF, 0xFF, 0xF8, 0x11, 0x00, 0x00, 0x00, 0x00, 0xE1, 0xFF, 
0xFF, 0xB0, 0xF8, 0xFF, 0xFF, 0x96, 0x14, 0x00, 0x00, 0x06, 0xB9, 0xFF, 0xFF, 0xFF, 0x98, 0xAF, 
0xFF, 0xFF, 0xE3, 0x4D, 0x01, 0x00, 0x00, 0x3B, 0xFE, 0xFF, 0xFF, 0xFF, 0x49, 0x00, 0x00, 0x00, 
0x14, 0xFF, 0xFF, 0xFF, 0xFA, 0xFF, 0xFB, 0x5A, 0x00, 0x00, 0x00, 0x00, 0x00, 0x45, 0xFF, 0xFF, 
0xFF, 0xF4, 0xFF, 0xFF, 0xC8, 0x11, 0x00, 0x00, 0x00, 0x00, 0x00, 0xC1, 0xFF, 0xFF, 0xFF, 0x64, 
0x00, 0x00, 0x00, 0x47, 0xFF, 0xFF, 0xFF, 0xFF, 0xFF, 0x5F, 0x00, 0x00, 0x00, 0x00, 0x00, 0x00, 
0x20, 0xFF, 0xFF, 0xFF, 0xFF, 0xFF, 0xD5, 0x0E, 0x00, 0x00, 0x00, 0x00, 0x00, 0x00, 0x9B, 0xFF, 
0xFF, 0xFF, 0x63, 0x00, 0x00, 0x00, 0x7B, 0xFF, 0xFF, 0xFF, 0xFF, 0x98, 0x00, 0x00, 0x00, 0x00, 
0x00, 0x00, 0x00, 0x22, 0xFF, 0xFF, 0xFF, 0xFF, 0xF5, 0x27, 0x00, 0x00, 0x00, 0x00, 0x00, 0x00, 
0x00, 0x9D, 0xFF, 0xFF, 0xFF, 0x52, 0x00, 0x00, 0x00, 0xAE, 0xFF, 0xFF, 0xFF, 0xE9, 0x0F, 0x00, 
0x00, 0x00, 0x00, 0x00, 0x00, 0x00, 0x3D, 0xFF, 0xFF, 0xFF, 0xFF, 0x7C, 0x00, 0x00, 0x00, 0x00, 
0x00, 0x00, 0x00, 0x00, 0xB7, 0xFF, 0xFF, 0xFF, 0x2E, 0x00, 0x00, 0x00, 0xE1, 0xFF, 0xFF, 0xFF, 
0x6E, 0x00, 0x00, 0x00, 0x00, 0x00, 0x00, 0x00, 0x00, 0x67, 0xFF, 0xFF, 0xFF, 0xEA, 0x08, 0x00, 
0x00, 0x00, 0x00, 0x00, 0x00, 0x00, 0x00, 0xDF, 0xFF, 0xFF, 0xFA, 0x07, 0x00, 0x00, 0x15, 0xFF, 
0xFF, 0xFF, 0xF3, 0x0E, 0x00, 0x00, 0x00, 0x00, 0x00, 0x00, 0x00, 0x00, 0x99, 0xFF, 0xFF, 0xFF, 
0x87, 0x00, 0x00, 0x00, 0x00, 0x00, 0x00, 0x00, 0x00, 0x12, 0xFF, 0xFF, 0xFF, 0xCE, 0x00, 0x00, 
0x00, 0x48, 0xFF, 0xFF, 0xFF, 0xA9, 0x00, 0x00, 0x00, 0x00, 0x00, 0x00, 0x00, 0x00, 0x00, 0xCC, 
0xFF, 0xFF, 0xFF, 0x2E, 0x00, 0x00, 0x00, 0x00, 0x00, 0x00, 0x00, 0x00, 0x45, 0xFF, 0xFF, 0xFF, 
0x9B, 0x00, 0x00, 0x00, 0x7B, 0xFF, 0xFF, 0xFF, 0x64, 0x00, 0x00, 0x00, 0x00, 0x00, 0x00, 0x00, 
0x00, 0x06, 0xF9, 0xFF, 0xFF, 0xEB, 0x01, 0x00, 0x00, 0x00, 0x00, 0x00, 0x00, 0x00, 0x00, 0x78, 
0xFF, 0xFF, 0xFF, 0x68, 0x00, 0x00, 0x00, 0xAF, 0xFF, 0xFF, 0xFF, 0x29, 0x00, 0x00, 0x00, 0x00, 
0x00, 0x00, 0x00, 0x00, 0x32, 0xFF, 0xFF, 0xFF, 0xB1, 0x00, 0x00, 0x00, 0x00, 0x00, 0x00, 0x00, 
0x00, 0x00, 0xAC, 0xFF, 0xFF, 0xFF, 0x34, 0x00, 0x00, 0x00, 0xE2, 0xFF, 0xFF, 0xF4, 0x02, 0x00, 
0x00, 0x00, 0x00, 0x00, 0x00, 0x00, 0x00, 0x65, 0xFF, 0xFF, 0xFF, 0x7E, 0x00, 0x00, 0x00, 0x00, 
0x00, 0x00, 0x00, 0x00, 0x00, 0xDF, 0xFF, 0xFF, 0xFA, 0x07, 0x00, 0x00, 0x15, 0xFF, 0xFF, 0xFF, 
0xC3, 0x00, 0x00, 0x00, 0x00, 0x00, 0x00, 0x00, 0x00, 0x00, 0x98, 0xFF, 0xFF, 0xFF, 0x4B, 0x00, 
0x00, 0x00, 0x00, 0x00, 0x00, 0x00, 0x00, 0x12, 0xFF, 0xFF, 0xFF, 0xCE, 0x00, 0x00, 0x00, 0x49, 
0xFF, 0xFF, 0xFF, 0x90, 0x00, 0x00, 0x00, 0x00, 0x00, 0x00, 0x00, 0x00, 0x00, 0xCB, 0xFF, 0xFF, 
0xFF, 0x18, 0x00, 0x00, 0x00, 0x00, 0x00, 0x00, 0x00, 0x00, 0x45, 0xFF, 0xFF, 0xFF, 0x9A, 0x00, 
0x00, 0x00, 0x7C, 0xFF, 0xFF, 0xFF, 0x5D, 0x00, 0x00, 0x00, 0x00, 0x00, 0x00, 0x00, 0x00, 0x05, 
0xF8, 0xFF, 0xFF, 0xE5, 0x00, 0x00, 0x00, 0x00, 0x00, 0x00, 0x00, 0x00, 0x00, 0x79, 0xFF, 0xFF, 
0xFF, 0x67, 0x00, 0x00, 0x00, 0xB0, 0xFF, 0xFF, 0xFF, 0x2A, 0x00, 0x00, 0x00, 0x00, 0x00, 0x00, 
0x00, 0x00, 0x31, 0xFF, 0xFF, 0xFF, 0xB2, 0x00, 0x00, 0x00, 0x00, 0x00, 0x00, 0x00, 0x00, 0x00, 
0xAC, 0xFF, 0xFF, 0xFF, 0x34, 0x00, 0x00, 0x00, 0xE3, 0xFF, 0xFF, 0xF4, 0x02, 0x00, 0x00, 0x00, 
0x00, 0x00, 0x00, 0x00, 0x00, 0x64, 0xFF, 0xFF, 0xFF, 0x7F, 0x00, 0x00, 0x00, 0x00, 0x00, 0x00, 
0x00, 0x00, 0x00, 0xDF, 0xFF, 0xFF, 0xFA, 0x06, 0x00, 0x00, 0x16, 0xFF, 0xFF, 0xFF, 0xC4, 0x00, 
0x00, 0x00, 0x00, 0x00, 0x00, 0x00, 0x00, 0x00, 0x97, 0xFF, 0xFF, 0xFF, 0x4C, 0x00, 0x00, 0x00, 
0x00, 0x00, 0x00, 0x00, 0x00, 0x12, 0xFF, 0xFF, 0xFF, 0xCD, 0x00, 0x00, 0x00, 0x4A, 0xFF, 0xFF, 
0xFF, 0x91, 0x00, 0x00, 0x00, 0x00, 0x00, 0x00, 0x00, 0x00, 0x00, 0xCA, 0xFF, 0xFF, 0xFF, 0x19, 
0x00, 0x00, 0x00, 0x00, 0x00, 0x00, 0x00, 0x00, 0x46, 0xFF, 0xFF, 0xFF, 0x9A, 0x00, 0x00, 0x00, 
0x68, 0xFF, 0xFF, 0xFB, 0x4A, 0x00, 0x00, 0x00, 0x00, 0x00, 0x00, 0x00, 0x00, 0x00, 0xE4, 0xFF, 
0xFF, 0xCD, 0x00, 0x00, 0x00, 0x00, 0x00, 0x00, 0x00, 0x00, 0x00, 0x61, 0xFF, 0xFF, 0xFC, 0x52, 
0x00, 0x00, 0x00, 0x00, 0x16, 0x20, 0x0B, 0x00, 0x00, 0x00, 0x00, 0x00, 0x00, 0x00, 0x00, 0x00, 
0x00, 0x07, 0x1F, 0x1A, 0x00, 0x00, 0x00, 0x00, 0x00, 0x00, 0x00, 0x00, 0x00, 0x00, 0x00, 0x15, 
0x20, 0x0C, 0x00, 0x00, 0x00, 0x00, 0x00, 0x00, 0x00, 0x3D, 0x64, 0x63, 0x2B, 0x00, 0x00, 0x00, 
0x00, 0x00, 0x00, 0x00, 0x00, 0x00, 0x00, 0x00, 0x40, 0x63, 0x63, 0x32, 0x00, 0x00, 0x09, 0xFF, 
0xFF, 0xFF, 0xD9, 0x00, 0x00, 0x00, 0x00, 0x00, 0x00, 0x00, 0x00, 0x00, 0x00, 0x44, 0xFF, 0xFF, 
0xFF, 0xC7, 0x00, 0x00, 0x00, 0xF2, 0xFF, 0xFF, 0xFD, 0x07, 0x00, 0x00, 0x00, 0x00, 0x00, 0x00, 
0x00, 0x00, 0x00, 0x9F, 0xFF, 0xFF, 0xFF, 0x7D, 0x00, 0x00, 0x00, 0xC8, 0xFF, 0xFF, 0xFF, 0x2D, 
0x00, 0x00, 0x00, 0x00, 0x00, 0x00, 0x00, 0x00, 0x07, 0xF0, 0xFF, 0xFF, 0xFD, 0x1E, 0x00, 0x00, 
0x00, 0x9D, 0xFF, 0xFF, 0xFF, 0x56, 0x00, 0x00, 0x00, 0x00, 0x00, 0x00, 0x00, 0x00, 0x52, 0xFF, 
0xFF, 0xFF, 0xBA, 0x00, 0x00, 0x00, 0x00, 0x72, 0xFF, 0xFF, 0xFF, 0x7F, 0x00, 0x00, 0x00, 0x00, 
0x00, 0x00, 0x00, 0x00, 0xAB, 0xFF, 0xFF, 0xFF, 0x59, 0x00, 0x00, 0x00, 0x00, 0x46, 0xFF, 0xFF, 
0xFF, 0xA8, 0x00, 0x00, 0x00, 0x00, 0x00, 0x00, 0x00, 0x16, 0xF9, 0xFF, 0xFF, 0xEE, 0x08, 0x00, 
0x00, 0x00, 0x00, 0x1B, 0xFF, 0xFF, 0xFF, 0xD1, 0x00, 0x00, 0x00, 0x00, 0x00, 0x00, 0x00, 0x7A, 
0xFF, 0xFF, 0xFF, 0x8E, 0x00, 0x00, 0x00, 0x00, 0x00, 0x00, 0xEF, 0xFF, 0xFF, 0xF7, 0x02, 0x00, 
0x00, 0x00, 0x00, 0x00, 0x02, 0xE0, 0xFF, 0xFF, 0xFE, 0x25, 0x00, 0x00, 0x00, 0x00, 0x00, 0x00, 
0xC4, 0xFF, 0xFF, 0xFF, 0x23, 0x00, 0x00, 0x00, 0x00, 0x00, 0x4D, 0xFF, 0xFF, 0xFF, 0xB3, 0x00, 
0x00, 0x00, 0x00, 0x00, 0x00, 0x00, 0x99, 0xFF, 0xFF, 0xFF, 0x4C, 0x00, 0x00, 0x00, 0x00, 0x00, 
0xBF, 0xFF, 0xFF, 0xFF, 0x3C, 0x00, 0x00, 0x00, 0x00, 0x00, 0x00, 0x00, 0x6E, 0xFF, 0xFF, 0xFF, 
0x75, 0x00, 0x00, 0x00, 0x00, 0x3F, 0xFF, 0xFF, 0xFF, 0xC4, 0x00, 0x00, 0x00, 0x00, 0x00, 0x00, 
0x00, 0x00, 0x43, 0xFF, 0xFF, 0xFF, 0x9E, 0x00, 0x00, 0x00, 0x00, 0xC1, 0xFF, 0xFF, 0xFF, 0x41, 
0x00, 0x00, 0x00, 0x00, 0x00, 0x00, 0x00, 0x00, 0x17, 0xFF, 0xFF, 0xFF, 0xC7, 0x00, 0x00, 0x00, 
0x43, 0xFF, 0xFF, 0xFF, 0xBE, 0x00, 0x00, 0x00, 0x00, 0x00, 0x00, 0x00, 0x00, 0x00, 0x00, 0xEC, 
0xFF, 0xFF, 0xEF, 0x00, 0x00, 0x01, 0xC6, 0xFF, 0xFF, 0xFE, 0x35, 0x00, 0x00, 0x00, 0x00, 0x00, 
0x00, 0x00, 0x00, 0x00, 0x00, 0xC1, 0xFF, 0xFF, 0xFF, 0x18, 0x00, 0x5E, 0xFF, 0xFF, 0xFF, 0xA1, 
0x00, 0x00, 0x00, 0x00, 0x00, 0x00, 0x00, 0x00, 0x00, 0x00, 0x00, 0x95, 0xFF, 0xFF, 0xFF, 0x41, 
0x10, 0xE7, 0xFF, 0xFF, 0xF4, 0x1A, 0x00, 0x00, 0x00, 0x00, 0x00, 0x00, 0x00, 0x00, 0x00, 0x00, 
0x00, 0x6A, 0xFF, 0xFF, 0xFF, 0x6A, 0xA1, 0xFF, 0xFF, 0xFF, 0x70, 0x00, 0x00, 0x00, 0x00, 0x00, 
0x00, 0x00, 0x00, 0x00, 0x00, 0x00, 0x00, 0x3F, 0xFF, 0xFF, 0xFF, 0xD3, 0xFF, 0xFF, 0xFF, 0xCB, 
0x03, 0x00, 0x00, 0x00, 0x00, 0x00, 0x00, 0x00, 0x00, 0x00, 0x00, 0x00, 0x00, 0x14, 0xFF, 0xFF, 
0xFF, 0xFF, 0xFF, 0xFF, 0xFA, 0x2F, 0x00, 0x00, 0x00, 0x00, 0x00, 0x00, 0x00, 0x00, 0x00, 0x00, 
0x00, 0x00, 0x00, 0x00, 0xE8, 0xFF, 0xFF, 0xFF, 0xFF, 0xFF, 0x77, 0x00, 0x00, 0x00, 0x00, 0x00, 
0x00, 0x00, 0x00, 0x00, 0x00, 0x00, 0x00, 0x00, 0x00, 0x00, 0xBD, 0xFF, 0xFF, 0xFF, 0xFF, 0xC0, 
0x02, 0x00, 0x00, 0x00, 0x00, 0x00, 0x00, 0x00, 0x00, 0x00, 0x00, 0x00, 0x00, 0x00, 0x00, 0x00, 
0x92, 0xFF, 0xFF, 0xFF, 0xEE, 0x1D, 0x00, 0x00, 0x00, 0x00, 0x00, 0x00, 0x00, 0x00, 0x00, 0x00, 
0x00, 0x00, 0x00, 0x00, 0x00, 0x0B, 0xD4, 0xFF, 0xFF, 0xFF, 0x52, 0x00, 0x00, 0x00, 0x00, 0x00, 
0x00, 0x00, 0x00, 0x00, 0x00, 0x00, 0x00, 0x00, 0x00, 0x00, 0x00, 0xA6, 0xFF, 0xFF, 0xFF, 0x95, 
0x00, 0x00, 0x00, 0x00, 0x00, 0x00, 0x00, 0x00, 0x00, 0x00, 0x00, 0x00, 0x00, 0x00, 0x00, 0x00, 
0x6F, 0xFF, 0xFF, 0xFF, 0xD2, 0x08, 0x00, 0x00, 0x00, 0x00, 0x00, 0x00, 0x00, 0x00, 0x00, 0x00, 
0x00, 0x00, 0x00, 0x00, 0x00, 0x3A, 0xFA, 0xFF, 0xFF, 0xF5, 0x29, 0x00, 0x00, 0x00, 0x00, 0x00, 
0x00, 0x00, 0x00, 0x00, 0x00, 0x00, 0x00, 0x00, 0x00, 0x00, 0x17, 0xE5, 0xFF, 0xFF, 0xFF, 0x63, 
0x00, 0x00, 0x00, 0x00, 0x00, 0x00, 0x00, 0x00, 0x00, 0x00, 0x00, 0x00, 0x00, 0x00, 0x00, 0x04, 
0xC0, 0xFF, 0xFF, 0xFF, 0xA8, 0x00, 0x00, 0x00, 0x00, 0x00, 0x00, 0x00, 0x00, 0x00, 0x00, 0x00, 
0x00, 0x00, 0x00, 0x00, 0x00, 0x8C, 0xFF, 0xFF, 0xFF, 0xDE, 0x0E, 0x00, 0x00, 0x00, 0x00, 0x00, 
0x00, 0x00, 0x00, 0x00, 0x00, 0x00, 0x00, 0x00, 0x00, 0x00, 0x43, 0xFF, 0xFF, 0xFF, 0xF8, 0x36, 
0x00, 0x00, 0x00, 0x00, 0x00, 0x00, 0x00, 0x00, 0x00, 0x00, 0x00, 0x00, 0x00, 0x00, 0x00, 0x00, 
0x1E, 0x7A, 0x85, 0x74, 0x29, 0x00, 0x00, 0x00, 0x00, 0x00, 0x00, 0x00, 0x00, 0x00, 0x00, 0x00, 
0x00, 0x00, 0x00, 0x00, 0x00, 0x00, 0x00, 0x00, 0x00, 0x00, 0x00, 0x00, 0x00, 0x00, 0x00, 0x00, 
0x00, 0x00, 0x00, 0x00, 0x00, 0x00, 0x00, 0x00, 0x5A, 0xB4, 0xBE, 0x97, 0x00, 0x00, 0x00, 0x00, 
0x00, 0x00, 0x00, 0x00, 0x00, 0x00, 0x00, 0x00, 0x00, 0x00, 0x00, 0x00, 0x00, 0x00, 0x00, 0x00, 
0x00, 0x00, 0x00, 0x00, 0x00, 0x00, 0x00, 0xEE, 0xFF, 0xFF, 0xE9, 0x00, 0x00, 0x00, 0x00, 0x00, 
0x00, 0x00, 0x00, 0x00, 0x00, 0x00, 0x00, 0x00, 0x00, 0x00, 0x00, 0x00, 0x00, 0x00, 0x00, 0x00, 
0x00, 0x00, 0x00, 0x00, 0x00, 0x24, 0xFF, 0xFF, 0xFF, 0xB6, 0x00, 0x00, 0x00, 0x00, 0x00, 0x00, 
0x00, 0x00, 0x00, 0x00, 0x00, 0x00, 0x00, 0x00, 0x00, 0x00, 0x00, 0x00, 0x00, 0x00, 0x00, 0x00, 
0x00, 0x00, 0x00, 0x00, 0x58, 0xFF, 0xFF, 0xFF, 0x82, 0x00, 0x00, 0x00, 0x00, 0x00, 0x00, 0x00, 
0x00, 0x00, 0x00, 0x00, 0x00, 0x00, 0x00, 0x00, 0x00, 0x00, 0x00, 0x00, 0x00, 0x00, 0x00, 0x00, 
0x00, 0x00, 0x00, 0x8C, 0xFF, 0xFF, 0xFF, 0x4F, 0x00, 0x00, 0x00, 0x00, 0x00, 0x00, 0x00, 0x00, 
0x00, 0x00, 0x00, 0x00, 0x00, 0x00, 0x00, 0x00, 0x00, 0x00, 0x00, 0x00, 0x00, 0x00, 0x00, 0x00, 
0x00, 0x00, 0xC1, 0xFF, 0xFF, 0xFF, 0x1C, 0x00, 0x00, 0x00, 0x00, 0x00, 0x00, 0x00, 0x00, 0x00, 
0x00, 0x00, 0x00, 0x00, 0x00, 0x00, 0x00, 0x00, 0x00, 0x00, 0x00, 0x00, 0x00, 0x00, 0x00, 0x00, 
0x02, 0xF2, 0xFF, 0xFF, 0xE9, 0x00, 0x00, 0x00, 0x00, 0x00, 0x00, 0x00, 0x00, 0x00, 0x00, 0x00, 
0x00, 0x00, 0x00, 0x00, 0x00, 0x00, 0x00, 0x00, 0x00, 0x00, 0x00, 0x00, 0x00, 0x00, 0x00, 0x29, 
0xFF, 0xFF, 0xFF, 0xB6, 0x00, 0x00, 0x00, 0x00, 0x00, 0x00, 0x00, 0x00, 0x00, 0x00, 0x00, 0x00, 
0x00, 0x00, 0x00, 0x00, 0x00, 0x00, 0x00, 0x00, 0x00, 0x00, 0x00, 0x00, 0x00, 0x00, 0x5D, 0xFF, 
0xFF, 0xFF, 0x83, 0x00, 0x00, 0x00, 0x00, 0x00, 0x00, 0x00, 0x00, 0x00, 0x00, 0x00, 0x00, 0x00, 
0x00, 0x00, 0x00, 0x00, 0x00, 0x00, 0x00, 0x00, 0x00, 0x00, 0x00, 0x00, 0x00, 0x91, 0xFF, 0xFF, 
0xFF, 0x4D, 0x00, 0x00, 0x00, 0x00, 0x00, 0x00, 0x00, 0x00, 0x00, 0x00, 0x00, 0x00, 0x00, 0x00, 
0x00, 0x00, 0x00, 0x00, 0x21, 0x7A, 0xA1, 0xB5, 0xA1, 0x64, 0x0B, 0x00, 0xC5, 0xFF, 0xFF, 0xFD, 
0x12, 0x00, 0x11, 0x68, 0xA3, 0xB5, 0xA2, 0x65, 0x09, 0x00, 0x00, 0x00, 0x00, 0x00, 0x00, 0x00, 
0x00, 0x10, 0x9F, 0xFE, 0xFF, 0xFF, 0xFF, 0xFF, 0xFF, 0xE3, 0x37, 0xF5, 0xFF, 0xFF, 0xC2, 0x00, 
0x68, 0xEF, 0xFF, 0xFF, 0xFF, 0xFF, 0xFF, 0xE1, 0x2A, 0x00, 0x00, 0x00, 0x00, 0x00, 0x00, 0x1E, 
0xDC, 0xFF, 0xFF, 0xFF, 0xFF, 0xFF, 0xFF, 0xFF, 0xFF, 0xF6, 0xFF, 0xFF, 0xFF, 0x6B, 0x91, 0xFF, 
0xFF, 0xFF, 0xFF, 0xFF, 0xFF, 0xFF, 0xFF, 0xDC, 0x09, 0x00, 0x00, 0x00, 0x00, 0x12, 0xDE, 0xFF, 
0xFF, 0xFF, 0xFD, 0xBC, 0xA0, 0xC0, 0xFC, 0xFF, 0xFF, 0xFF, 0xFF, 0xF6, 0x88, 0xFF, 0xFF, 0xFF, 
0xC5, 0xA4, 0xDA, 0xFF, 0xFF, 0xFF, 0xFF, 0x64, 0x00, 0x00, 0x00, 0x00, 0xB3, 0xFF, 0xFF, 0xFF, 
0xDD, 0x2D, 0x00, 0x00, 0x00, 0x23, 0xCC, 0xFF, 0xFF, 0xFF, 0xCE, 0xFE, 0xFF, 0xDD, 0x38, 0x00, 
0x00, 0x06, 0xBB, 0xFF, 0xFF, 0xFF, 0xB4, 0x00, 0x00, 0x00, 0x52, 0xFF, 0xFF, 0xFF, 0xEC, 0x20, 
0x00, 0x00, 0x00, 0x00, 0x00, 0x15, 0xEF, 0xFF, 0xFF, 0xF4, 0xFF, 0xDD, 0x19, 0x00, 0x00, 0x00, 
0x00, 0x47, 0xFF, 0xFF, 0xFF, 0xE3, 0x00, 0x00, 0x02, 0xD9, 0xFF, 0xFF, 0xFF, 0x5D, 0x00, 0x00, 
0x00, 0x00, 0x00, 0x00, 0x05, 0xF9, 0xFF, 0xFF, 0xFF, 0xFB, 0x33, 0x00, 0x00, 0x00, 0x00, 0x00, 
0x1D, 0xFF, 0xFF, 0xFF, 0xF6, 0x00, 0x00, 0x4C, 0xFF, 0xFF, 0xFF, 0xD3, 0x01, 0x00, 0x00, 0x00, 
0x00, 0x00, 0x00, 0x32, 0xFF, 0xFF, 0xFF, 0xFF, 0x8C, 0x00, 0x00, 0x00, 0x00, 0x00, 0x00, 0x0D, 
0xFF, 0xFF, 0xFF, 0xFB, 0x00, 0x00, 0xB0, 0xFF, 0xFF, 0xFF, 0x65, 0x00, 0x00, 0x00, 0x00, 0x00, 
0x00, 0x00, 0x64, 0xFF, 0xFF, 0xFF, 0xF3, 0x13, 0x00, 0x00, 0x00, 0x00, 0x00, 0x00, 0x1E, 0xFF, 
0xFF, 0xFF, 0xEF, 0x00, 0x0D, 0xF7, 0xFF, 0xFF, 0xFC, 0x14, 0x00, 0x00, 0x00, 0x00, 0x00, 0x00, 
0x00, 0x97, 0xFF, 0xFF, 0xFF, 0x9B, 0x00, 0x00, 0x00, 0x00, 0x00, 0x00, 0x00, 0x31, 0xFF, 0xFF, 
0xFF, 0xD5, 0x00, 0x4F, 0xFF, 0xFF, 0xFF, 0xBF, 0x00, 0x00, 0x00, 0x00, 0x00, 0x00, 0x00, 0x00, 
0xC9, 0xFF, 0xFF, 0xFF, 0x3D, 0x00, 0x00, 0x00, 0x00, 0x00, 0x00, 0x00, 0x56, 0xFF, 0xFF, 0xFF, 
0xB4, 0x00, 0x8E, 0xFF, 0xFF, 0xFF, 0x78, 0x00, 0x00, 0x00, 0x00, 0x00, 0x00, 0x00, 0x08, 0xF8, 
0xFF, 0xFF, 0xF2, 0x04, 0x00, 0x00, 0x00, 0x00, 0x00, 0x00, 0x00, 0x86, 0xFF, 0xFF, 0xFF, 0x85, 
0x00, 0xC2, 0xFF, 0xFF, 0xFF, 0x48, 0x00, 0x00, 0x00, 0x00, 0x00, 0x00, 0x00, 0x42, 0xFF, 0xFF, 
0xFF, 0xB6, 0x00, 0x00, 0x00, 0x00, 0x00, 0x00, 0x00, 0x00, 0xB6, 0xFF, 0xFF, 0xFF, 0x4C, 0x00, 
0xEE, 0xFF, 0xFF, 0xFF, 0x19, 0x00, 0x00, 0x00, 0x00, 0x00, 0x00, 0x00, 0x8D, 0xFF, 0xFF, 0xFF, 
0x82, 0x00, 0x00, 0x00, 0x00, 0x00, 0x00, 0x00, 0x0A, 0xF6, 0xFF, 0xFF, 0xFB, 0x0E, 0x0D, 0xFF, 
0xFF, 0xFF, 0xF5, 0x00, 0x00, 0x00, 0x00, 0x00, 0x00, 0x00, 0x04, 0xE9, 0xFF, 0xFF, 0xFF, 0x4F, 
0x00, 0x00, 0x00, 0x00, 0x00, 0x00, 0x00, 0x51, 0xFF, 0xFF, 0xFF, 0xB9, 0x00, 0x23, 0xFF, 0xFF, 
0xFF, 0xE0, 0x00, 0x00, 0x00, 0x00, 0x00, 0x00, 0x00, 0x63, 0xFF, 0xFF, 0xFF, 0xFF, 0x1D, 0x00, 
0x00, 0x00, 0x00, 0x00, 0x00, 0x00, 0xA8, 0xFF, 0xFF, 0xFF, 0x61, 0x00, 0x2D, 0xFF, 0xFF, 0xFF, 
0xDC, 0x00, 0x00, 0x00, 0x00, 0x00, 0x00, 0x0B, 0xE1, 0xFF, 0xFF, 0xFF, 0xEB, 0x00, 0x00, 0x00, 
0x00, 0x00, 0x00, 0x00, 0x20, 0xFB, 0xFF, 0xFF, 0xEE, 0x0A, 0x00, 0x25, 0xFF, 0xFF, 0xFF, 0xF1, 
0x00, 0x00, 0x00, 0x00, 0x00, 0x00, 0x99, 0xFF, 0xFF, 0xFF, 0xFF, 0xB8, 0x00, 0x00, 0x00, 0x00, 
0x00, 0x00, 0x00, 0xAF, 0xFF, 0xFF, 0xFF, 0x83, 0x00, 0x00, 0x0C, 0xFE, 0xFF, 0xFF, 0xFF, 0x2A, 
0x00, 0x00, 0x00, 0x00, 0x73, 0xFF, 0xFF, 0xE8, 0xFF, 0xFF, 0xE1, 0x18, 0x00, 0x00, 0x00, 0x00, 
0x00, 0x74, 0xFF, 0xFF, 0xFF, 0xE9, 0x0D, 0x00, 0x00, 0x00, 0xD7, 0xFF, 0xFF, 0xFF, 0xBC, 0x11, 
0x00, 0x1B, 0x9E, 0xFF, 0xFF, 0xCE, 0xEB, 0xFF, 0xFF, 0xFF, 0xDE, 0x4A, 0x03, 0x00, 0x12, 0x90, 
0xFF, 0xFF, 0xFF, 0xFF, 0x50, 0x00, 0x00, 0x00, 0x00, 0x80, 0xFF, 0xFF, 0xFF, 0xFF, 0xFD, 0xE7, 
0xFE, 0xFF, 0xFF, 0xE0, 0x73, 0xFF, 0xFF, 0xFF, 0xFF, 0xFF, 0xFF, 0xF5, 0xE4, 0xFD, 0xFF, 0xFF, 
0xFF, 0xFF, 0x83, 0x00, 0x00, 0x00, 0x00, 0x00, 0x0E, 0xDE, 0xFF, 0xFF, 0xFF, 0xFF, 0xFF, 0xFF, 
0xFF, 0xE3, 0x28, 0xB7, 0xFF, 0xFF, 0xEC, 0xE2, 0xFF, 0xFF, 0xFF, 0xFF, 0xFF, 0xFF, 0xFF, 0xFD, 
0x7D, 0x00, 0x00, 0x00, 0x00, 0x00, 0x00, 0x00, 0x20, 0xC2, 0xFF, 0xFF, 0xFF, 0xFF, 0xFB, 0x9D, 
0x14, 0x09, 0xF7, 0xFF, 0xFF, 0xB4, 0x24, 0xC8, 0xFF, 0xFF, 0xFF, 0xFF, 0xFF, 0xC6, 0x3A, 0x00, 
0x00, 0x00, 0x00, 0x00, 0x00, 0x00, 0x00, 0x00, 0x00, 0x2D, 0x5F, 0x6D, 0x55, 0x14, 0x00, 0x00, 
0x49, 0xFF, 0xFF, 0xFF, 0x81, 0x00, 0x00, 0x30, 0x60, 0x6D, 0x56, 0x26, 0x00, 0x00, 0x00, 0x00, 
0x00, 0x00, 0x00, 0x00, 0x00, 0x00, 0x00, 0x00, 0x00, 0x00, 0x00, 0x00, 0x00, 0x00, 0x00, 0x8E, 
0xFF, 0xFF, 0xFF, 0x4D, 0x00, 0x00, 0x00, 0x00, 0x00, 0x00, 0x00, 0x00, 0x00, 0x00, 0x00, 0x00, 
0x00, 0x00, 0x00, 0x00, 0x00, 0x00, 0x00, 0x00, 0x00, 0x00, 0x00, 0x00, 0x00, 0x00, 0xC4, 0xFF, 
0xFF, 0xFF, 0x1A, 0x00, 0x00, 0x00, 0x00, 0x00, 0x00, 0x00, 0x00, 0x00, 0x00, 0x00, 0x00, 0x00, 
0x00, 0x00, 0x00, 0x00, 0x00, 0x00, 0x00, 0x00, 0x00, 0x00, 0x00, 0x00, 0x02, 0xF4, 0xFF, 0xFF, 
0xE7, 0x00, 0x00, 0x00, 0x00, 0x00, 0x00, 0x00, 0x00, 0x00, 0x00, 0x00, 0x00, 0x00, 0x00, 0x00, 
0x00, 0x00, 0x00, 0x00, 0x00, 0x00, 0x00, 0x00, 0x00, 0x00, 0x00, 0x2A, 0xFF, 0xFF, 0xFF, 0xB3, 
0x00, 0x00, 0x00, 0x00, 0x00, 0x00, 0x00, 0x00, 0x00, 0x00, 0x00, 0x00, 0x00, 0x00, 0x00, 0x00, 
0x00, 0x00, 0x00, 0x00, 0x00, 0x00, 0x00, 0x00, 0x00, 0x00, 0x5D, 0xFF, 0xFF, 0xFF, 0x80, 0x00, 
0x00, 0x00, 0x00, 0x00, 0x00, 0x00, 0x00, 0x00, 0x00, 0x00, 0x00, 0x00, 0x00, 0x00, 0x00, 0x00, 
0x00, 0x00, 0x00, 0x00, 0x00, 0x00, 0x00, 0x00, 0x00, 0x8F, 0xFF, 0xFF, 0xFF, 0x4D, 0x00, 0x00, 
0x00, 0x00, 0x00, 0x00, 0x00, 0x00, 0x00, 0x00, 0x00, 0x00, 0x00, 0x00, 0x00, 0x00, 0x00, 0x00, 
0x00, 0x00, 0x00, 0x00, 0x00, 0x00, 0x00, 0x00, 0xC0, 0xFF, 0xFF, 0xFF, 0x19, 0x00, 0x00, 0x00, 
0x00, 0x00, 0x00, 0x00, 0x00, 0x00, 0x00, 0x00, 0x00, 0x00, 0x00, 0x00, 0x00, 0x00, 0x00, 0x00, 
0x00, 0x00, 0x00, 0x00, 0x00, 0x00, 0x00, 0x48, 0x81, 0x81, 0x4E, 0x00, 0x00, 0x00, 0x00, 0x00, 
0x00, 0x00, 0x00, 0x00, 0x00, 0x00, 0x00, 0x00, 0x00, 0x00, 0x00, 0x00, 0x00, 0x00, 0x00, 0x00, 
0x00, 0x10, 0x58, 0x66, 0x5E, 0x1A, 0x00, 0x00, 0x00, 0x00, 0x00, 0x00, 0x00, 0x00, 0x00, 0x11, 
0x56, 0x65, 0x5F, 0x1D, 0x00, 0x00, 0x00, 0x00, 0x00, 0x6B, 0xFF, 0xFF, 0xFF, 0xBF, 0x00, 0x00, 
0x00, 0x00, 0x00, 0x00, 0x00, 0x00, 0x12, 0xDC, 0xFF, 0xFF, 0xFF, 0x64, 0x00, 0x00, 0x00, 0x00, 
0x00, 0x16, 0xF8, 0xFF, 0xFF, 0xFF, 0x2D, 0x00, 0x00, 0x00, 0x00, 0x00, 0x00, 0x03, 0xBB, 0xFF, 
0xFF, 0xFF, 0x9C, 0x00, 0x00, 0x00, 0x00, 0x00, 0x00, 0x00, 0x9D, 0xFF, 0xFF, 0xFF, 0x99, 0x00, 
0x00, 0x00, 0x00, 0x00, 0x00, 0x8D, 0xFF, 0xFF, 0xFF, 0xC2, 0x06, 0x00, 0x00, 0x00, 0x00, 0x00, 
0x00, 0x00, 0x2C, 0xFF, 0xFF, 0xFF, 0xF5, 0x10, 0x00, 0x00, 0x00, 0x00, 0x5A, 0xFF, 0xFF, 0xFF, 
0xE0, 0x15, 0x00, 0x00, 0x00, 0x00, 0x00, 0x00, 0x00, 0x00, 0x00, 0xBB, 0xFF, 0xFF, 0xFF, 0x72, 
0x00, 0x00, 0x00, 0x31, 0xF6, 0xFF, 0xFF, 0xF4, 0x2E, 0x00, 0x00, 0x00, 0x00, 0x00, 0x00, 0x00, 
0x00, 0x00, 0x00, 0x4A, 0xFF, 0xFF, 0xFF, 0xDD, 0x02, 0x00, 0x14, 0xE0, 0xFF, 0xFF, 0xFE, 0x51, 
0x00, 0x00, 0x00, 0x00, 0x00, 0x00, 0x00, 0x00, 0x00, 0x00, 0x00, 0x01, 0xD7, 0xFF, 0xFF, 0xFF, 
0x4C, 0x04, 0xBF, 0xFF, 0xFF, 0xFF, 0x7C, 0x00, 0x00, 0x00, 0x00, 0x00, 0x00, 0x00, 0x00, 0x00, 
0x00, 0x00, 0x00, 0x00, 0x68, 0xFF, 0xFF, 0xFF, 0xB8, 0x91, 0xFF, 0xFF, 0xFF, 0xA9, 0x00, 0x00, 
0x00, 0x00, 0x00, 0x00, 0x00, 0x00, 0x00, 0x00, 0x00, 0x00, 0x00, 0x00, 0x0A, 0xED, 0xFF, 0xFF, 
0xFF, 0xFF, 0xFF, 0xFF, 0xCD, 0x09, 0x00, 0x00, 0x00, 0x00, 0x00, 0x00, 0x00, 0x00, 0x00, 0x00, 
0x00, 0x00, 0x00, 0x00, 0x00, 0x86, 0xFF, 0xFF, 0xFF, 0xFF, 0xFF, 0xE7, 0x1C, 0x00, 0x00, 0x00, 
0x00, 0x00, 0x00, 0x00, 0x00, 0x00, 0x00, 0x00, 0x00, 0x00, 0x00, 0x00, 0x00, 0x32, 0xFF, 0xFF, 
0xFF, 0xFF, 0xFF, 0x43, 0x00, 0x00, 0x00, 0x00, 0x00, 0x00, 0x00, 0x00, 0x00, 0x00, 0x00, 0x00, 
0x00, 0x00, 0x00, 0x00, 0x09, 0xC9, 0xFF, 0xFF, 0xFF, 0xFF, 0xFF, 0x70, 0x00, 0x00, 0x00, 0x00, 
0x00, 0x00, 0x00, 0x00, 0x00, 0x00, 0x00, 0x00, 0x00, 0x00, 0x00, 0x01, 0xAA, 0xFF, 0xFF, 0xFF, 
0xFF, 0xFF, 0xFF, 0xDE, 0x03, 0x00, 0x00, 0x00, 0x00, 0x00, 0x00, 0x00, 0x00, 0x00, 0x00, 0x00, 
0x00, 0x00, 0x00, 0x84, 0xFF, 0xFF, 0xFF, 0xBA, 0xD6, 0xFF, 0xFF, 0xFF, 0x54, 0x00, 0x00, 0x00, 
0x00, 0x00, 0x00, 0x00, 0x00, 0x00, 0x00, 0x00, 0x00, 0x00, 0x5C, 0xFF, 0xFF, 0xFF, 0xDE, 0x12, 
0x6B, 0xFF, 0xFF, 0xFF, 0xC6, 0x00, 0x00, 0x00, 0x00, 0x00, 0x00, 0x00, 0x00, 0x00, 0x00, 0x00, 
0x00, 0x3A, 0xF8, 0xFF, 0xFF, 0xF5, 0x2F, 0x00, 0x0C, 0xF1, 0xFF, 0xFF, 0xFF, 0x38, 0x00, 0x00, 
0x00, 0x00, 0x00, 0x00, 0x00, 0x00, 0x00, 0x00, 0x21, 0xEA, 0xFF, 0xFF, 0xFF, 0x59, 0x00, 0x00, 
0x00, 0x93, 0xFF, 0xFF, 0xFF, 0xAA, 0x00, 0x00, 0x00, 0x00, 0x00, 0x00, 0x00, 0x00, 0x00, 0x0E, 
0xD4, 0xFF, 0xFF, 0xFF, 0x8D, 0x00, 0x00, 0x00, 0x00, 0x27, 0xFE, 0xFF, 0xFF, 0xFC, 0x1F, 0x00, 
0x00, 0x00, 0x00, 0x00, 0x00, 0x00, 0x03, 0xB7, 0xFF, 0xFF, 0xFF, 0xBD, 0x03, 0x00, 0x00, 0x00, 
0x00, 0x00, 0xBB, 0xFF, 0xFF, 0xFF, 0x8E, 0x00, 0x00, 0x00, 0x00, 0x00, 0x00, 0x00, 0x94, 0xFF, 
0xFF, 0xFF, 0xE0, 0x14, 0x00, 0x00, 0x00, 0x00, 0x00, 0x00, 0x4F, 0xFF, 0xFF, 0xFF, 0xF1, 0x0E, 
0x00, 0x00, 0x00, 0x00, 0x00, 0x6B, 0xFF, 0xFF, 0xFF, 0xF6, 0x31, 0x00, 0x00, 0x00, 0x00, 0x00, 
0x00, 0x00, 0x02, 0xDF, 0xFF, 0xFF, 0xFF, 0x72, 0x00, 0x00, 0x00, 0x00, 0x04, 0xF1, 0xFF, 0xFF, 
0xF7, 0x57, 0x00, 0x00, 0x00, 0x00, 0x00, 0x00, 0x00, 0x00, 0x00, 0x71, 0xFF, 0xFF, 0xFF, 0x9E, 
0x00, 0x00, 0x00, 0x00, 0x00, 0x0B, 0x20, 0x1E, 0x06, 0x00, 0x00, 0x00, 0x00, 0x00, 0x00, 0x00, 
0x00, 0x00, 0x00, 0x00, 0x16, 0x23, 0x1A, 0x00, 0x00, 0x00, 0x00, 0x00, 0x00, 0x00, 0x00, 0x04, 
0x4E, 0x65, 0x5C, 0x13, 0x00, 0x00, 0x00, 0x00, 0x00, 0x00, 0x00, 0x00, 0x00, 0x11, 0x58, 0x65, 
0x55, 0x06, 0x00, 0x00, 0x00, 0x6A, 0xFF, 0xFF, 0xFF, 0x70, 0x00, 0x00, 0x00, 0x00, 0x00, 0x00, 
0x00, 0x00, 0x00, 0xA2, 0xFF, 0xFF, 0xFF, 0x39, 0x00, 0x00, 0x00, 0xA0, 0xFF, 0xFF, 0xFF, 0x42, 
0x00, 0x00, 0x00, 0x00, 0x00, 0x00, 0x00, 0x00, 0x00, 0xDA, 0xFF, 0xFF, 0xFD, 0x0D, 0x00, 0x00, 
0x00, 0xD3, 0xFF, 0xFF, 0xFF, 0x10, 0x00, 0x00, 0x00, 0x00, 0x00, 0x00, 0x00, 0x00, 0x0E, 0xFE, 
0xFF, 0xFF, 0xD7, 0x00, 0x00, 0x00, 0x09, 0xFC, 0xFF, 0xFF, 0xDC, 0x00, 0x00, 0x00, 0x00, 0x00, 
0x00, 0x00, 0x00, 0x00, 0x41, 0xFF, 0xFF, 0xFF, 0xA4, 0x00, 0x00, 0x00, 0x39, 0xFF, 0xFF, 0xFF, 
0xA9, 0x00, 0x00, 0x00, 0x00, 0x00, 0x00, 0x00, 0x00, 0x00, 0x74, 0xFF, 0xFF, 0xFF, 0x71, 0x00, 
0x00, 0x00, 0x6C, 0xFF, 0xFF, 0xFF, 0x76, 0x00, 0x00, 0x00, 0x00, 0x00, 0x00, 0x00, 0x00, 0x00, 
0xA8, 0xFF, 0xFF, 0xFF, 0x3E, 0x00, 0x00, 0x00, 0x9F, 0xFF, 0xFF, 0xFF, 0x43, 0x00, 0x00, 0x00, 
0x00, 0x00, 0x00, 0x00, 0x00, 0x00, 0xDB, 0xFF, 0xFF, 0xFE, 0x0D, 0x00, 0x00, 0x00, 0xD1, 0xFF, 
0xFF, 0xFF, 0x11, 0x00, 0x00, 0x00, 0x00, 0x00, 0x00, 0x00, 0x00, 0x10, 0xFE, 0xFF, 0xFF, 0xD8, 
0x00, 0x00, 0x00, 0x08, 0xFB, 0xFF, 0xFF, 0xDD, 0x00, 0x00, 0x00, 0x00, 0x00, 0x00, 0x00, 0x00, 
0x00, 0x42, 0xFF, 0xFF, 0xFF, 0xA5, 0x00, 0x00, 0x00, 0x37, 0xFF, 0xFF, 0xFF, 0xAA, 0x00, 0x00, 
0x00, 0x00, 0x00, 0x00, 0x00, 0x00, 0x00, 0x79, 0xFF, 0xFF, 0xFF, 0x72, 0x00, 0x00, 0x00, 0x6A, 
0xFF, 0xFF, 0xFF, 0x77, 0x00, 0x00, 0x00, 0x00, 0x00, 0x00, 0x00, 0x00, 0x00, 0xBC, 0xFF, 0xFF, 
0xFF, 0x3F, 0x00, 0x00, 0x00, 0x9D, 0xFF, 0xFF, 0xFF, 0x44, 0x00, 0x00, 0x00, 0x00, 0x00, 0x00, 
0x00, 0x00, 0x0E, 0xF7, 0xFF, 0xFF, 0xFE, 0x0E, 0x00, 0x00, 0x00, 0xD0, 0xFF, 0xFF, 0xFF, 0x12, 
0x00, 0x00, 0x00, 0x00, 0x00, 0x00, 0x00, 0x00, 0x6B, 0xFF, 0xFF, 0xFF, 0xD9, 0x00, 0x00, 0x00, 
0x06, 0xFA, 0xFF, 0xFF, 0xE0, 0x00, 0x00, 0x00, 0x00, 0x00, 0x00, 0x00, 0x00, 0x04, 0xD8, 0xFF, 
0xFF, 0xFF, 0xA6, 0x00, 0x00, 0x00, 0x2C, 0xFF, 0xFF, 0xFF, 0xB7, 0x00, 0x00, 0x00, 0x00, 0x00, 
0x00, 0x00, 0x00, 0x6C, 0xFF, 0xFF, 0xFF, 0xFF, 0x73, 0x00, 0x00, 0x00, 0x4C, 0xFF, 0xFF, 0xFF, 
0xA1, 0x00, 0x00, 0x00, 0x00, 0x00, 0x00, 0x00, 0x24, 0xF1, 0xFF, 0xFF, 0xFF, 0xFF, 0x40, 0x00, 
0x00, 0x00, 0x5B, 0xFF, 0xFF, 0xFF, 0xAB, 0x00, 0x00, 0x00, 0x00, 0x00, 0x00, 0x11, 0xD1, 0xFF, 
0xFF, 0xFF, 0xFF, 0xFF, 0x13, 0x00, 0x00, 0x00, 0x53, 0xFF, 0xFF, 0xFF, 0xDF, 0x03, 0x00, 0x00, 
0x00, 0x00, 0x1E, 0xCF, 0xFF, 0xFF, 0xE9, 0xFF, 0xFF, 0xFF, 0x12, 0x00, 0x00, 0x00, 0x2F, 0xFF, 
0xFF, 0xFF, 0xFF, 0x8B, 0x06, 0x00, 0x12, 0x75, 0xF1, 0xFF, 0xFF, 0xB1, 0xC7, 0xFF, 0xFF, 0xFF, 
0xB3, 0x62, 0x51, 0x0A, 0x02, 0xE0, 0xFF, 0xFF, 0xFF, 0xFF, 0xFA, 0xE7, 0xFE, 0xFF, 0xFF, 0xFF, 
0xC5, 0x0D, 0xC8, 0xFF, 0xFF, 0xFF, 0xFF, 0xFF, 0xFF, 0x43, 0x00, 0x55, 0xFF, 0xFF, 0xFF, 0xFF, 
0xFF, 0xFF, 0xFF, 0xFF, 0xFF, 0xA1, 0x0A, 0x00, 0x7C, 0xFF, 0xFF, 0xFF, 0xFF, 0xFF, 0xFF, 0x17, 
0x00, 0x00, 0x58, 0xE7, 0xFF, 0xFF, 0xFF, 0xFF, 0xFF, 0xC1, 0x43, 0x00, 0x00, 0x00, 0x04, 0x8D, 
0xF1, 0xFF, 0xFF, 0xFF, 0xE3, 0x00, 0x00, 0x00, 0x00, 0x05, 0x3E, 0x64, 0x6E, 0x57, 0x1C, 0x00, 
0x00, 0x00, 0x00, 0x00, 0x00, 0x00, 0x01, 0x8B, 0xFF, 0xFF, 0xB1, 0x00, 0x00, 0x00, 0x00, 0x00, 
0x00, 0x00, 0x00, 0x00, 0x00, 0x00, 0x00, 0x00, 0x00, 0x00, 0x00, 0x00, 0x00, 0xB6, 0xFF, 0xFF, 
0x7E, 0x00, 0x00, 0x00, 0x00, 0x00, 0x00, 0x00, 0x00, 0x00, 0x00, 0x00, 0x00, 0x00, 0x00, 0x00, 
0x00, 0x00, 0x00, 0xEA, 0xFF, 0xFF, 0x4B, 0x00, 0x00, 0x00, 0x00, 0x00, 0x00, 0x00, 0x00, 0x00, 
0x00, 0x00, 0x00, 0x00, 0x00, 0x00, 0x00, 0x00, 0x1F, 0xFF, 0xFF, 0xFF, 0x18, 0x00, 0x00, 0x00, 
0x00, 0x00, 0x00, 0x00, 0x00, 0x00, 0x00, 0x00, 0x00, 0x00, 0x00, 0x00, 0x00, 0x00, 0x54, 0xFF, 
0xFF, 0xE5, 0x00, 0x00, 0x00, 0x00, 0x00, 0x00, 0x00, 0x00, 0x00, 0x00, 0x00, 0x00, 0x00, 0x00, 
0x00, 0x00, 0x00, 0x00, 0x88, 0xFF, 0xFF, 0xB2, 0x00, 0x00, 0x00, 0x00, 0x00, 0x00, 0x00, 0x00, 
0x00, 0x00, 0x00, 0x00, 0x00, 0x00, 0x00, 0x00, 0x00, 0x00, 0xBD, 0xFF, 0xFF, 0x7F, 0x00, 0x00, 
0x00, 0x00, 0x00, 0x00, 0x00, 0x00, 0x00, 0x00, 0x00, 0x00, 0x00, 0x00, 0x00, 0x00, 0x00, 0x00, 
0x7C, 0xAD, 0xA0, 0x26, 0x00, 0x00, 0x00, 0x02, 0x4A, 0x65, 0x5E, 0x1A, 0x00, 0x00, 0x00, 0x00, 
0x00, 0x00, 0x00, 0x00, 0x00, 0x1F, 0x5E, 0x65, 0x48, 0x00, 0x00, 0x56, 0xFF, 0xFF, 0xFF, 0x85, 
0x00, 0x00, 0x00, 0x00, 0x00, 0x00, 0x00, 0x00, 0x00, 0xD5, 0xFF, 0xFF, 0xFD, 0x08, 0x00, 0x8D, 
0xFF, 0xFF, 0xFF, 0x56, 0x00, 0x00, 0x00, 0x00, 0x00, 0x00, 0x00, 0x00, 0x0A, 0xFD, 0xFF, 0xFF, 
0xD6, 0x00, 0x00, 0xC0, 0xFF, 0xFF, 0xFF, 0x22, 0x00, 0x00, 0x00, 0x00, 0x00, 0x00, 0x00, 0x00, 
0x3B, 0xFF, 0xFF, 0xFF, 0xA3, 0x00, 0x01, 0xF1, 0xFF, 0xFF, 0xED, 0x00, 0x00, 0x00, 0x00, 0x00, 
0x00, 0x00, 0x00, 0x00, 0x81, 0xFF, 0xFF, 0xFF, 0x70, 0x00, 0x26, 0xFF, 0xFF, 0xFF, 0xB9, 0x00, 
0x00, 0x00, 0x00, 0x00, 0x00, 0x00, 0x00, 0x00, 0xD4, 0xFF, 0xFF, 0xFF, 0x3D, 0x00, 0x57, 0xFF, 
0xFF, 0xFF, 0x85, 0x00, 0x00, 0x00, 0x00, 0x00, 0x00, 0x00, 0x00, 0x42, 0xFF, 0xFF, 0xFF, 0xFD, 
0x0C, 0x00, 0x84, 0xFF, 0xFF, 0xFF, 0x58, 0x00, 0x00, 0x00, 0x00, 0x00, 0x00, 0x00, 0x02, 0xCB, 
0xFF, 0xFF, 0xFF, 0xD6, 0x00, 0x00, 0xA5, 0xFF, 0xFF, 0xFF, 0x46, 0x00, 0x00, 0x00, 0x00, 0x00, 
0x00, 0x00, 0x74, 0xFF, 0xFF, 0xFF, 0xFF, 0xA3, 0x00, 0x00, 0xB3, 0xFF, 0xFF, 0xFF, 0x59, 0x00, 
0x00, 0x00, 0x00, 0x00, 0x00, 0x4C, 0xFC, 0xFF, 0xFF, 0xFF, 0xFF, 0x70, 0x00, 0x00, 0xAC, 0xFF, 
0xFF, 0xFF, 0x94, 0x00, 0x00, 0x00, 0x00, 0x00, 0x66, 0xFA, 0xFF, 0xFF, 0xFF, 0xFF, 0xFF, 0x3D, 
0x00, 0x00, 0x85, 0xFF, 0xFF, 0xFF, 0xF7, 0x5F, 0x10, 0x15, 0x4F, 0xBE, 0xFF, 0xFF, 0xF8, 0xF4, 
0xFF, 0xFF, 0xFD, 0x0C, 0x00, 0x00, 0x32, 0xFF, 0xFF, 0xFF, 0xFF, 0xFF, 0xFF, 0xFF, 0xFF, 0xFF, 
0xFF, 0xF9, 0x5A, 0xFA, 0xFF, 0xFF, 0xD6, 0x00, 0x00, 0x00, 0x00, 0x94, 0xFF, 0xFF, 0xFF, 0xFF, 
0xFF, 0xFF, 0xFF, 0xFF, 0xD3, 0x2F, 0x35, 0xFF, 0xFF, 0xFF, 0xA3, 0x00, 0x00, 0x00, 0x00, 0x01, 
0x6B, 0xDE, 0xFF, 0xFF, 0xFF, 0xFE, 0xC6, 0x5A, 0x05, 0x00, 0x68, 0xFF, 0xFF, 0xFF, 0x70, 0x00, 
0x00, 0x00, 0x00, 0x00, 0x00, 0x00, 0x1B, 0x34, 0x32, 0x11, 0x00, 0x00, 0x00, 0x00, 0x9B, 0xFF, 
0xFF, 0xFF, 0x3D, 0x00, 0x00, 0x00, 0x00, 0x00, 0x00, 0x00, 0x00, 0x00, 0x00, 0x00, 0x00, 0x00, 
0x00, 0x00, 0xCE, 0xFF, 0xFF, 0xFD, 0x0C, 0x00, 0x00, 0x00, 0x00, 0x00, 0x00, 0x00, 0x00, 0x00, 
0x00, 0x00, 0x00, 0x00, 0x00, 0x07, 0xFA, 0xFF, 0xFF, 0xD6, 0x00, 0x00, 0x00, 0x00, 0x00, 0x00, 
0x00, 0x00, 0x00, 0x00, 0x00, 0x00, 0x00, 0x00, 0x00, 0x35, 0xFF, 0xFF, 0xFF, 0xA3, 0x00, 0x00, 
0x00, 0x00, 0x00, 0x00, 0x00, 0x00, 0x00, 0x00, 0x00, 0x00, 0x00, 0x00, 0x00, 0x68, 0xFF, 0xFF, 
0xFF, 0x70, 0x00, 0x00, 0x00, 0x00, 0x00, 0x00, 0x00, 0x00, 0x00, 0x00, 0x00, 0x00, 0x00, 0x00, 
0x00, 0x9B, 0xFF, 0xFF, 0xFF, 0x3D, 0x00, 0x00, 0x00, 0x00, 0x00, 0x00, 0x00, 0x00, 0x00, 0x00, 
0x00, 0x00, 0x00, 0x00, 0x00, 0xCE, 0xFF, 0xFF, 0xFD, 0x0C, 0x00, 0x00, 0x00, 0x00, 0x00, 0x00, 
0x00, 0x00, 0x00, 0x00, 0x00, 0x00, 0x00, 0x00, 0x00, 0xED, 0xFF, 0xFF, 0xBF, 0x00, 0x00, 0x00, 
0x00, 0x00, 0x00, 0x00, 0x00, 0x00, 0x00, 0x00, 0x00, 0x00, 0x00, 0x00, 0x00, 0x08, 0x20, 0x19, 
0x00, 0x00, 0x00, 0x00, 0x00, 0x00, 0x00, 0x00, 0x00, 0x02, 0x4A, 0x65, 0x5F, 0x1A, 0x00, 0x00, 
0x00, 0x00, 0x00, 0x00, 0x00, 0x00, 0x00, 0x3E, 0x64, 0x62, 0x26, 0x00, 0x00, 0x00, 0x00, 0x00, 
0x00, 0x00, 0x00, 0x00, 0x2F, 0x62, 0x64, 0x36, 0x00, 0x00, 0x00, 0x53, 0xFF, 0xFF, 0xFF, 0x7F, 
0x00, 0x00, 0x00, 0x00, 0x00, 0x00, 0x00, 0x00, 0x2E, 0xFF, 0xFF, 0xFF, 0xA3, 0x00, 0x00, 0x00, 
0x00, 0x00, 0x00, 0x00, 0x00, 0x0C, 0xFA, 0xFF, 0xFF, 0xCE, 0x00, 0x00, 0x00, 0x89, 0xFF, 0xFF, 
0xFF, 0x4F, 0x00, 0x00, 0x00, 0x00, 0x00, 0x00, 0x00, 0x00, 0x65, 0xFF, 0xFF, 0xFF, 0x73, 0x00, 
0x00, 0x00, 0x00, 0x00, 0x00, 0x00, 0x00, 0x3D, 0xFF, 0xFF, 0xFF, 0x9E, 0x00, 0x00, 0x00, 0xBC, 
0xFF, 0xFF, 0xFF, 0x1C, 0x00, 0x00, 0x00, 0x00, 0x00, 0x00, 0x00, 0x00, 0x98, 0xFF, 0xFF, 0xFF, 
0x40, 0x00, 0x00, 0x00, 0x00, 0x00, 0x00, 0x00, 0x00, 0x70, 0xFF, 0xFF, 0xFF, 0x6B, 0x00, 0x00, 
0x00, 0xEE, 0xFF, 0xFF, 0xEA, 0x00, 0x00, 0x00, 0x00, 0x00, 0x00, 0x00, 0x00, 0x00, 0xCB, 0xFF, 
0xFF, 0xFE, 0x0F, 0x00, 0x00, 0x00, 0x00, 0x00, 0x00, 0x00, 0x00, 0xA3, 0xFF, 0xFF, 0xFF, 0x37, 
0x00, 0x00, 0x22, 0xFF, 0xFF, 0xFF, 0xB7, 0x00, 0x00, 0x00, 0x00, 0x00, 0x00, 0x00, 0x00, 0x05, 
0xF8, 0xFF, 0xFF, 0xDB, 0x00, 0x00, 0x00, 0x00, 0x00, 0x00, 0x00, 0x00, 0x00, 0xD6, 0xFF, 0xFF, 
0xFB, 0x08, 0x00, 0x00, 0x55, 0xFF, 0xFF, 0xFF, 0x84, 0x00, 0x00, 0x00, 0x00, 0x00, 0x00, 0x00, 
0x00, 0x31, 0xFF, 0xFF, 0xFF, 0xA8, 0x00, 0x00, 0x00, 0x00, 0x00, 0x00, 0x00, 0x00, 0x0B, 0xFD, 
0xFF, 0xFF, 0xD1, 0x00, 0x00, 0x00, 0x88, 0xFF, 0xFF, 0xFF, 0x51, 0x00, 0x00, 0x00, 0x00, 0x00, 
0x00, 0x00, 0x00, 0x64, 0xFF, 0xFF, 0xFF, 0x75, 0x00, 0x00, 0x00, 0x00, 0x00, 0x00, 0x00, 0x00, 
0x3C, 0xFF, 0xFF, 0xFF, 0x9D, 0x00, 0x00, 0x00, 0xBB, 0xFF, 0xFF, 0xFF, 0x1F, 0x00, 0x00, 0x00, 
0x00, 0x00, 0x00, 0x00, 0x00, 0x97, 0xFF, 0xFF, 0xFF, 0x43, 0x00, 0x00, 0x00, 0x00, 0x00, 0x00, 
0x00, 0x00, 0x6F, 0xFF, 0xFF, 0xFF, 0x6A, 0x00, 0x00, 0x00, 0xED, 0xFF, 0xFF, 0xEC, 0x00, 0x00, 
0x00, 0x00, 0x00, 0x00, 0x00, 0x00, 0x00, 0xCA, 0xFF, 0xFF, 0xFF, 0x11, 0x00, 0x00, 0x00, 0x00, 
0x00, 0x00, 0x00, 0x00, 0xA2, 0xFF, 0xFF, 0xFF, 0x36, 0x00, 0x00, 0x21, 0xFF, 0xFF, 0xFF, 0xB9, 
0x00, 0x00, 0x00, 0x00, 0x00, 0x00, 0x00, 0x00, 0x05, 0xF8, 0xFF, 0xFF, 0xDD, 0x00, 0x00, 0x00, 
0x00, 0x00, 0x00, 0x00, 0x00, 0x00, 0xD5, 0xFF, 0xFF, 0xFB, 0x08, 0x00, 0x00, 0x54, 0xFF, 0xFF, 
0xFF, 0x87, 0x00, 0x00, 0x00, 0x00, 0x00, 0x00, 0x00, 0x00, 0x3D, 0xFF, 0xFF, 0xFF, 0xAB, 0x00, 
0x00, 0x00, 0x00, 0x00, 0x00, 0x00, 0x00, 0x17, 0xFE, 0xFF, 0xFF, 0xD0, 0x00, 0x00, 0x00, 0x87, 
0xFF, 0xFF, 0xFF, 0x54, 0x00, 0x00, 0x00, 0x00, 0x00, 0x00, 0x00, 0x00, 0x82, 0xFF, 0xFF, 0xFF, 
0x78, 0x00, 0x00, 0x00, 0x00, 0x00, 0x00, 0x00, 0x00, 0x5F, 0xFF, 0xFF, 0xFF, 0x9C, 0x00, 0x00, 
0x00, 0xBB, 0xFF, 0xFF, 0xFF, 0x21, 0x00, 0x00, 0x00, 0x00, 0x00, 0x00, 0x00, 0x03, 0xE2, 0xFF, 
0xFF, 0xFF, 0x45, 0x00, 0x00, 0x00, 0x00, 0x00, 0x00, 0x00, 0x00, 0xC2, 0xFF, 0xFF, 0xFF, 0x69, 
0x00, 0x00, 0x00, 0xEC, 0xFF, 0xFF, 0xF0, 0x00, 0x00, 0x00, 0x00, 0x00, 0x00, 0x00, 0x00, 0x57, 
0xFF, 0xFF, 0xFF, 0xFF, 0x15, 0x00, 0x00, 0x00, 0x00, 0x00, 0x00, 0x00, 0x33, 0xFF, 0xFF, 0xFF, 
0xFF, 0x35, 0x00, 0x00, 0x1A, 0xFF, 0xFF, 0xFF, 0xCA, 0x00, 0x00, 0x00, 0x00, 0x00, 0x00, 0x00, 
0x07, 0xDE, 0xFF, 0xFF, 0xFF, 0xED, 0x00, 0x00, 0x00, 0x00, 0x00, 0x00, 0x00, 0x00, 0xC1, 0xFF, 
0xFF, 0xFF, 0xFA, 0x07, 0x00, 0x00, 0x39, 0xFF, 0xFF, 0xFF, 0xB5, 0x00, 0x00, 0x00, 0x00, 0x00, 
0x00, 0x00, 0x8D, 0xFF, 0xFF, 0xFF, 0xFF, 0xD9, 0x00, 0x00, 0x00, 0x00, 0x00, 0x00, 0x00, 0x69, 
0xFF, 0xFF, 0xFF, 0xFF, 0xCF, 0x00, 0x00, 0x00, 0x44, 0xFF, 0xFF, 0xFF, 0xC1, 0x00, 0x00, 0x00, 
0x00, 0x00, 0x00, 0x5A, 0xFF, 0xFF, 0xFF, 0xFF, 0xFF, 0xE2, 0x00, 0x00, 0x00, 0x00, 0x00, 0x00, 
0x3D, 0xF8, 0xFF, 0xFF, 0xFF, 0xFF, 0x9B, 0x00, 0x00, 0x00, 0x3B, 0xFF, 0xFF, 0xFF, 0xED, 0x06, 
0x00, 0x00, 0x00, 0x00, 0x60, 0xFC, 0xFF, 0xE3, 0xF6, 0xFF, 0xFF, 0xFC, 0x16, 0x00, 0x00, 0x00, 
0x00, 0x44, 0xF3, 0xFF, 0xF0, 0xFC, 0xFF, 0xFF, 0x68, 0x00, 0x00, 0x00, 0x18, 0xFF, 0xFF, 0xFF, 
0xFF, 0x89, 0x03, 0x00, 0x2A, 0xA8, 0xFF, 0xFF, 0xFA, 0x3F, 0xD6, 0xFF, 0xFF, 0xFF, 0xA6, 0x07, 
0x00, 0x1D, 0x91, 0xFD, 0xFF, 0xFF, 0x81, 0xFF, 0xFF, 0xFF, 0x35, 0x00, 0x00, 0x00, 0x00, 0xCE, 
0xFF, 0xFF, 0xFF, 0xFF, 0xF6, 0xED, 0xFF, 0xFF, 0xFF, 0xF3, 0x4B, 0x00, 0x91, 0xFF, 0xFF, 0xFF, 
0xFF, 0xF9, 0xE8, 0xFF, 0xFF, 0xFF, 0xFC, 0x6B, 0x5A, 0xFF, 0xFF, 0xFA, 0x07, 0x00, 0x00, 0x00, 
0x00, 0x4A, 0xFE, 0xFF, 0xFF, 0xFF, 0xFF, 0xFF, 0xFF, 0xFF, 0xE0, 0x30, 0x00, 0x00, 0x1E, 0xF0, 
0xFF, 0xFF, 0xFF, 0xFF, 0xFF, 0xFF, 0xFF, 0xED, 0x4D, 0x00, 0x90, 0xFF, 0xFF, 0xCE, 0x00, 0x00, 
0x00, 0x00, 0x00, 0x00, 0x59, 0xEB, 0xFF, 0xFF, 0xFF, 0xFF, 0xEF, 0x84, 0x0C, 0x00, 0x00, 0x00, 
0x00, 0x36, 0xDA, 0xFF, 0xFF, 0xFF, 0xFF, 0xF6, 0x88, 0x10, 0x00, 0x00, 0xB2, 0xFF, 0xFF, 0x87, 
0x00, 0x00, 0x00, 0x00, 0x00, 0x00, 0x00, 0x09, 0x47, 0x69, 0x69, 0x44, 0x07, 0x00, 0x00, 0x00, 
0x00, 0x00, 0x00, 0x00, 0x04, 0x3D, 0x66, 0x6C, 0x4C, 0x0C, 0x00, 0x00, 0x00, 0x00, 0x04, 0x1F, 
0x16, 0x00, 0x00, 0x00, 0x00, 0x00, 0x00, 0x00, 0x00, 0x02, 0x4A, 0x65, 0x5F, 0x1A, 0x00, 0x00, 
0x00, 0x00, 0x00, 0x00, 0x00, 0x00, 0x00, 0x3D, 0x64, 0x62, 0x26, 0x00, 0x00, 0x00, 0x00, 0x00, 
0x00, 0x00, 0x00, 0x00, 0x2F, 0x62, 0x64, 0x36, 0x00, 0x00, 0x00, 0x53, 0xFF, 0xFF, 0xFF, 0x7F, 
0x00, 0x00, 0x00, 0x00, 0x00, 0x00, 0x00, 0x00, 0x2D, 0xFF, 0xFF, 0xFF, 0xA3, 0x00, 0x00, 0x00, 
0x00, 0x00, 0x00, 0x00, 0x00, 0x0B, 0xFA, 0xFF, 0xFF, 0xCE, 0x00, 0x00, 0x00, 0x89, 0xFF, 0xFF, 
0xFF, 0x4F, 0x00, 0x00, 0x00, 0x00, 0x00, 0x00, 0x00, 0x00, 0x64, 0xFF, 0xFF, 0xFF, 0x73, 0x00, 
0x00, 0x00, 0x00, 0x00, 0x00, 0x00, 0x00, 0x3C, 0xFF, 0xFF, 0xFF, 0x9E, 0x00, 0x00, 0x00, 0xBC, 
0xFF, 0xFF, 0xFF, 0x1C, 0x00, 0x00, 0x00, 0x00, 0x00, 0x00, 0x00, 0x00, 0x97, 0xFF, 0xFF, 0xFF, 
0x40, 0x00, 0x00, 0x00, 0x00, 0x00, 0x00, 0x00, 0x00, 0x6F, 0xFF, 0xFF, 0xFF, 0x6B, 0x00, 0x00, 
0x00, 0xEE, 0xFF, 0xFF, 0xEA, 0x00, 0x00, 0x00, 0x00, 0x00, 0x00, 0x00, 0x00, 0x00, 0xCA, 0xFF, 
0xFF, 0xFE, 0x0F, 0x00, 0x00, 0x00, 0x00, 0x00, 0x00, 0x00, 0x00, 0xA2, 0xFF, 0xFF, 0xFF, 0x38, 
0x00, 0x00, 0x22, 0xFF, 0xFF, 0xFF, 0xB7, 0x00, 0x00, 0x00, 0x00, 0x00, 0x00, 0x00, 0x00, 0x04, 
0xF7, 0xFF, 0xFF, 0xDB, 0x00, 0x00, 0x00, 0x00, 0x00, 0x00, 0x00, 0x00, 0x00, 0xD4, 0xFF, 0xFF, 
0xFC, 0x09, 0x00, 0x00, 0x55, 0xFF, 0xFF, 0xFF, 0x84, 0x00, 0x00, 0x00, 0x00, 0x00, 0x00, 0x00, 
0x00, 0x2F, 0xFF, 0xFF, 0xFF, 0xA8, 0x00, 0x00, 0x00, 0x00, 0x00, 0x00, 0x00, 0x00, 0x0A, 0xFC, 
0xFF, 0xFF, 0xD2, 0x00, 0x00, 0x00, 0x88, 0xFF, 0xFF, 0xFF, 0x51, 0x00, 0x00, 0x00, 0x00, 0x00, 
0x00, 0x00, 0x00, 0x62, 0xFF, 0xFF, 0xFF, 0x75, 0x00, 0x00, 0x00, 0x00, 0x00, 0x00, 0x00, 0x00, 
0x3A, 0xFF, 0xFF, 0xFF, 0x9F, 0x00, 0x00, 0x00, 0xBB, 0xFF, 0xFF, 0xFF, 0x1F, 0x00, 0x00, 0x00, 
0x00, 0x00, 0x00, 0x00, 0x00, 0x94, 0xFF, 0xFF, 0xFF, 0x43, 0x00, 0x00, 0x00, 0x00, 0x00, 0x00, 
0x00, 0x00, 0x6C, 0xFF, 0xFF, 0xFF, 0x6B, 0x00, 0x00, 0x00, 0xED, 0xFF, 0xFF, 0xEC, 0x00, 0x00, 
0x00, 0x00, 0x00, 0x00, 0x00, 0x00, 0x00, 0xC7, 0xFF, 0xFF, 0xFF, 0x11, 0x00, 0x00, 0x00, 0x00, 
0x00, 0x00, 0x00, 0x00, 0x9F, 0xFF, 0xFF, 0xFF, 0x38, 0x00, 0x00, 0x21, 0xFF, 0xFF, 0xFF, 0xB9, 
0x00, 0x00, 0x00, 0x00, 0x00, 0x00, 0x00, 0x00, 0x05, 0xF6, 0xFF, 0xFF, 0xDD, 0x00, 0x00, 0x00, 
0x00, 0x00, 0x00, 0x00, 0x00, 0x00, 0xD3, 0xFF, 0xFF, 0xFC, 0x09, 0x00, 0x00, 0x54, 0xFF, 0xFF, 
0xFF, 0x87, 0x00, 0x00, 0x00, 0x00, 0x00, 0x00, 0x00, 0x00, 0x3F, 0xFF, 0xFF, 0xFF, 0xAB, 0x00, 
0x00, 0x00, 0x00, 0x00, 0x00, 0x00, 0x00, 0x17, 0xFE, 0xFF, 0xFF, 0xD2, 0x00, 0x00, 0x00, 0x87, 
0xFF, 0xFF, 0xFF, 0x54, 0x00, 0x00, 0x00, 0x00, 0x00, 0x00, 0x00, 0x00, 0x88, 0xFF, 0xFF, 0xFF, 
0x78, 0x00, 0x00, 0x00, 0x00, 0x00, 0x00, 0x00, 0x00, 0x5E, 0xFF, 0xFF, 0xFF, 0x9F, 0x00, 0x00, 
0x00, 0xBB, 0xFF, 0xFF, 0xFF, 0x21, 0x00, 0x00, 0x00, 0x00, 0x00, 0x00, 0x00, 0x05, 0xE7, 0xFF, 
0xFF, 0xFF, 0x45, 0x00, 0x00, 0x00, 0x00, 0x00, 0x00, 0x00, 0x00, 0xC4, 0xFF, 0xFF, 0xFF, 0x6C, 
0x00, 0x00, 0x00, 0xEC, 0xFF, 0xFF, 0xF0, 0x00, 0x00, 0x00, 0x00, 0x00, 0x00, 0x00, 0x00, 0x5D, 
0xFF, 0xFF, 0xFF, 0xFF, 0x15, 0x00, 0x00, 0x00, 0x00, 0x00, 0x00, 0x00, 0x35, 0xFF, 0xFF, 0xFF, 
0xFF, 0x39, 0x00, 0x00, 0x1A, 0xFF, 0xFF, 0xFF, 0xCA, 0x00, 0x00, 0x00, 0x00, 0x00, 0x00, 0x00, 
0x08, 0xE1, 0xFF, 0xFF, 0xFF, 0xED, 0x00, 0x00, 0x00, 0x00, 0x00, 0x00, 0x00, 0x00, 0xC2, 0xFF, 
0xFF, 0xFF, 0xFC, 0x09, 0x00, 0x00, 0x39, 0xFF, 0xFF, 0xFF, 0xB5, 0x00, 0x00, 0x00, 0x00, 0x00, 
0x00, 0x00, 0x92, 0xFF, 0xFF, 0xFF, 0xFF, 0xD9, 0x00, 0x00, 0x00, 0x00, 0x00, 0x00, 0x00, 0x6C, 
0xFF, 0xFF, 0xFF, 0xFF, 0xD2, 0x00, 0x00, 0x00, 0x44, 0xFF, 0xFF, 0xFF, 0xC1, 0x00, 0x00, 0x00, 
0x00, 0x00, 0x00, 0x5D, 0xFF, 0xFF, 0xFF, 0xFF, 0xFF, 0xE2, 0x00, 0x00, 0x00, 0x00, 0x00, 0x00, 
0x3F, 0xF9, 0xFF, 0xFF, 0xFF, 0xFF, 0xA3, 0x00, 0x00, 0x00, 0x3B, 0xFF, 0xFF, 0xFF, 0xED, 0x06, 
0x00, 0x00, 0x00, 0x00, 0x62, 0xFC, 0xFF, 0xE3, 0xF6, 0xFF, 0xFF, 0xFC, 0x16, 0x00, 0x00, 0x00, 
0x00, 0x46, 0xF4, 0xFF, 0xE9, 0xFE, 0xFF, 0xFF, 0x90, 0x00, 0x00, 0x00, 0x18, 0xFF, 0xFF, 0xFF, 
0xFF, 0x89, 0x03, 0x00, 0x2A, 0xA8, 0xFF, 0xFF, 0xFA, 0x3F, 0xD6, 0xFF, 0xFF, 0xFF, 0xA6, 0x07, 
0x00, 0x1D, 0x91, 0xFD, 0xFF, 0xFE, 0x82, 0xFF, 0xFF, 0xFF, 0xEB, 0x75, 0x58, 0x39, 0x00, 0xCE, 
0xFF, 0xFF, 0xFF, 0xFF, 0xF6, 0xED, 0xFF, 0xFF, 0xFF, 0xF3, 0x4B, 0x00, 0x91, 0xFF, 0xFF, 0xFF, 
0xFF, 0xF9, 0xE8, 0xFF, 0xFF, 0xFF, 0xFF, 0x6D, 0x3D, 0xFF, 0xFF, 0xFF, 0xFF, 0xFF, 0xFF, 0xDF, 
0x00, 0x4A, 0xFE, 0xFF, 0xFF, 0xFF, 0xFF, 0xFF, 0xFF, 0xFF, 0xE0, 0x30, 0x00, 0x00, 0x1E, 0xF0, 
0xFF, 0xFF, 0xFF, 0xFF, 0xFF, 0xFF, 0xFF, 0xEC, 0x52, 0x00, 0x0B, 0xEB, 0xFF, 0xFF, 0xFF, 0xFF, 
0xFF, 0xB2, 0x00, 0x00, 0x59, 0xEB, 0xFF, 0xFF, 0xFF, 0xFF, 0xEF, 0x84, 0x0C, 0x00, 0x00, 0x00, 
0x00, 0x36, 0xDA, 0xFF, 0xFF, 0xFF, 0xFF, 0xF6, 0x87, 0x0F, 0x00, 0x00, 0x00, 0x34, 0xC9, 0xFE, 
0xFF, 0xFF, 0xFF, 0x7F, 0x00, 0x00, 0x00, 0x09, 0x47, 0x69, 0x69, 0x44, 0x07, 0x00, 0x00, 0x00, 
0x00, 0x00, 0x00, 0x00, 0x04, 0x3D, 0x66, 0x6C, 0x4C, 0x0C, 0x00, 0x00, 0x00, 0x00, 0x00, 0x00, 
0x00, 0x09, 0xF0, 0xFF, 0xFF, 0x4D, 0x00, 0x00, 0x00, 0x00, 0x00, 0x00, 0x00, 0x00, 0x00, 0x00, 
0x00, 0x00, 0x00, 0x00, 0x00, 0x00, 0x00, 0x00, 0x00, 0x00, 0x00, 0x00, 0x00, 0x00, 0x00, 0x00, 
0x00, 0x00, 0x00, 0x21, 0xFF, 0xFF, 0xFF, 0x1A, 0x00, 0x00, 0x00, 0x00, 0x00, 0x00, 0x00, 0x00, 
0x00, 0x00, 0x00, 0x00, 0x00, 0x00, 0x00, 0x00, 0x00, 0x00, 0x00, 0x00, 0x00, 0x00, 0x00, 0x00, 
0x00, 0x00, 0x00, 0x00, 0x00, 0x54, 0xFF, 0xFF, 0xE7, 0x00, 0x00, 0x00, 0x00, 0x00, 0x00, 0x00, 
0x00, 0x00, 0x00, 0x00, 0x00, 0x00, 0x00, 0x00, 0x00, 0x00, 0x00, 0x00, 0x00, 0x00, 0x00, 0x00, 
0x00, 0x00, 0x00, 0x00, 0x00, 0x00, 0x00, 0x87, 0xFF, 0xFF, 0xB4, 0x00, 0x00, 0x00, 0x00, 0x00, 
0x00, 0x00, 0x00, 0x00, 0x00, 0x00, 0x00, 0x00, 0x00, 0x00, 0x00, 0x00, 0x00, 0x00, 0x00, 0x00, 
0x00, 0x00, 0x00, 0x00, 0x00, 0x00, 0x00, 0x00, 0x00, 0xBB, 0xFF, 0xFF, 0x81, 0x00, 0x00, 0x00, 
0x00, 0x00, 0x00, 0x00, 0x00, 0x00, 0x00, 0x00, 0x00, 0x00, 0x00, 0x00, 0x00, 0x00, 0x00, 0x00, 
0x00, 0x00, 0x00, 0x00, 0x00, 0x00, 0x00, 0x00, 0x00, 0x00, 0x00, 0xED, 0xFF, 0xFF, 0x4E, 0x00, 
0x00, 0x00, 0x00, 0x00, 0x00, 0x00, 0x00, 0x00, 0x00, 0x00, 0x00, 0x00, 0x00, 0x00, 0x00, 0x00, 
0x00, 0x00, 0x00, 0x00, 0x00, 0x00, 0x00, 0x00, 0x00, 0x00, 0x00, 0x00, 0x22, 0xFF, 0xFF, 0xFF, 
0x1B, 0x00, 0x00, 0x00, 0x00, 0x00, 0x00, 0x00, 0x00, 0x00, 0x00, 0x00, 0x00, 0x00, 0x00, 0x00, 
0x00, 0x00, 0x00, 0x00, 0x00, 0x00, 0x00, 0x00, 0x00, 0x00, 0x00, 0x00, 0x00, 0x00, 0x1D, 0xA2, 
0xAD, 0x82, 0x00, 0x00, 0x05, 0x46, 0x4C, 0x4C, 0x4C, 0x4C, 0x4C, 0x4C, 0x4C, 0x4B, 0x22, 0x00, 
0x00, 0x00, 0x00, 0x00, 0x00, 0x00, 0x00, 0x00, 0x00, 0x00, 0x81, 0xFF, 0xFF, 0xFF, 0xFF, 0xFF, 
0xFF, 0xFF, 0xFF, 0xFF, 0xCF, 0x00, 0x00, 0x00, 0x00, 0x00, 0x00, 0x00, 0x00, 0x00, 0x00, 0x00, 
0xD3, 0xFF, 0xFF, 0xFF, 0xFF, 0xFF, 0xFF, 0xFF, 0xFF, 0xFF, 0xB6, 0x00, 0x00, 0x00, 0x00, 0x00, 
0x00, 0x00, 0x00, 0x00, 0x00, 0x00, 0xE8, 0xFF, 0xFF, 0xFF, 0xFF, 0xFF, 0xFF, 0xFF, 0xFF, 0xFF, 
0x83, 0x00, 0x00, 0x00, 0x00, 0x00, 0x00, 0x00, 0x00, 0x00, 0x00, 0x00, 0x20, 0x34, 0x34, 0x34, 
0x34, 0x34, 0xAD, 0xFF, 0xFF, 0xFF, 0x50, 0x00, 0x00, 0x00, 0x00, 0x00, 0x00, 0x00, 0x00, 0x00, 
0x00, 0x00, 0x00, 0x00, 0x00, 0x00, 0x00, 0x00, 0xC6, 0xFF, 0xFF, 0xFF, 0x1D, 0x00, 0x00, 0x00, 
0x00, 0x00, 0x00, 0x00, 0x00, 0x00, 0x00, 0x00, 0x00, 0x00, 0x00, 0x00, 0x00, 0x03, 0xF5, 0xFF, 
0xFF, 0xEA, 0x00, 0x00, 0x00, 0x00, 0x00, 0x00, 0x00, 0x00, 0x00, 0x00, 0x00, 0x00, 0x00, 0x00, 
0x00, 0x00, 0x00, 0x2D, 0xFF, 0xFF, 0xFF, 0xB7, 0x00, 0x00, 0x00, 0x00, 0x00, 0x00, 0x00, 0x00, 
0x00, 0x00, 0x00, 0x00, 0x00, 0x00, 0x00, 0x00, 0x00, 0x60, 0xFF, 0xFF, 0xFF, 0xB9, 0x87, 0xB8, 
0xCD, 0xDC, 0xDB, 0xC9, 0x9C, 0x58, 0x07, 0x00, 0x00, 0x00, 0x00, 0x00, 0x00, 0x00, 0x00, 0x93, 
0xFF, 0xFF, 0xFF, 0xFF, 0xFF, 0xFF, 0xFF, 0xFF, 0xFF, 0xFF, 0xFF, 0xFF, 0xE6, 0x4F, 0x00, 0x00, 
0x00, 0x00, 0x00, 0x00, 0x00, 0xC6, 0xFF, 0xFF, 0xFF, 0xFF, 0xFF, 0xFF, 0xFF, 0xFF, 0xFF, 0xFF, 
0xFF, 0xFF, 0xFF, 0xFD, 0x5A, 0x00, 0x00, 0x00, 0x00, 0x00, 0x03, 0xF5, 0xFF, 0xFF, 0xF8, 0xB5, 
0x7B, 0x58, 0x43, 0x3E, 0x5C, 0xA5, 0xFC, 0xFF, 0xFF, 0xFF, 0xEF, 0x13, 0x00, 0x00, 0x00, 0x00, 
0x2C, 0xFF, 0xFF, 0xFF, 0xB1, 0x00, 0x00, 0x00, 0x00, 0x00, 0x00, 0x00, 0x37, 0xF7, 0xFF, 0xFF, 
0xFF, 0x66, 0x00, 0x00, 0x00, 0x00, 0x5F, 0xFF, 0xFF, 0xFF, 0x7D, 0x00, 0x00, 0x00, 0x00, 0x00, 
0x00, 0x00, 0x00, 0x93, 0xFF, 0xFF, 0xFF, 0x95, 0x00, 0x00, 0x00, 0x00, 0x93, 0xFF, 0xFF, 0xFF, 
0x48, 0x00, 0x00, 0x00, 0x00, 0x00, 0x00, 0x00, 0x00, 0x66, 0xFF, 0xFF, 0xFF, 0x9F, 0x00, 0x00, 
0x00, 0x00, 0xBF, 0xFF, 0xFF, 0xFF, 0x18, 0x00, 0x00, 0x00, 0x00, 0x00, 0x00, 0x00, 0x00, 0x74, 
0xFF, 0xFF, 0xFF, 0x88, 0x00, 0x00, 0x00, 0x00, 0xDD, 0xFF, 0xFF, 0xFD, 0x00, 0x00, 0x00, 0x00, 
0x00, 0x00, 0x00, 0x00, 0x00, 0xAD, 0xFF, 0xFF, 0xFF, 0x63, 0x00, 0x00, 0x00, 0x00, 0xE3, 0xFF, 
0xFF, 0xFF, 0x0B, 0x00, 0x00, 0x00, 0x00, 0x00, 0x00, 0x00, 0x20, 0xF9, 0xFF, 0xFF, 0xFC, 0x15, 
0x00, 0x00, 0x00, 0x00, 0xCE, 0xFF, 0xFF, 0xFF, 0x55, 0x00, 0x00, 0x00, 0x00, 0x00, 0x00, 0x0A, 
0xC6, 0xFF, 0xFF, 0xFF, 0xA8, 0x00, 0x00, 0x00, 0x00, 0x00, 0x8E, 0xFF, 0xFF, 0xFF, 0xE7, 0x34, 
0x00, 0x00, 0x00, 0x00, 0x45, 0xD4, 0xFF, 0xFF, 0xFF, 0xF0, 0x1B, 0x00, 0x00, 0x00, 0x00, 0x00, 
0x21, 0xF7, 0xFF, 0xFF, 0xFF, 0xFE, 0xCE, 0xAD, 0xB8, 0xE7, 0xFF, 0xFF, 0xFF, 0xFF, 0xF5, 0x3D, 
0x00, 0x00, 0x00, 0x00, 0x00, 0x00, 0x00, 0x56, 0xFA, 0xFF, 0xFF, 0xFF, 0xFF, 0xFF, 0xFF, 0xFF, 
0xFF, 0xFF, 0xFF, 0xD2, 0x31, 0x00, 0x00, 0x00, 0x00, 0x00, 0x00, 0x00, 0x00, 0x00, 0x31, 0xB6, 
0xFB, 0xFF, 0xFF, 0xFF, 0xFF, 0xFF, 0xFC, 0xC5, 0x5E, 0x05, 0x00, 0x00, 0x00, 0x00, 0x00, 0x00, 
0x00, 0x00, 0x00, 0x00, 0x00, 0x00, 0x0F, 0x45, 0x5B, 0x67, 0x58, 0x3F, 0x0C, 0x00, 0x00, 0x00, 
0x00, 0x00, 0x00, 0x00, 0x00, 0x00, 0x00, 0x0A, 0x54, 0x65, 0x59, 0x0C, 0x00, 0x00, 0x00, 0x00, 
0x00, 0x00, 0x00, 0x00, 0x00, 0x00, 0x00, 0x00, 0x00, 0x00, 0x00, 0x00, 0x03, 0x4C, 0x65, 0x5D, 
0x16, 0x00, 0x00, 0x00, 0x83, 0xFF, 0xFF, 0xFF, 0x52, 0x00, 0x00, 0x00, 0x00, 0x00, 0x00, 0x00, 
0x00, 0x00, 0x00, 0x00, 0x00, 0x00, 0x00, 0x00, 0x00, 0x5E, 0xFF, 0xFF, 0xFF, 0x7C, 0x00, 0x00, 
0x00, 0xB9, 0xFF, 0xFF, 0xFF, 0x24, 0x00, 0x00, 0x00, 0x00, 0x00, 0x00, 0x00, 0x00, 0x00, 0x00, 
0x00, 0x00, 0x00, 0x00, 0x00, 0x00, 0x95, 0xFF, 0xFF, 0xFF, 0x4E, 0x00, 0x00, 0x00, 0xEB, 0xFF, 
0xFF, 0xF1, 0x01, 0x00, 0x00, 0x00, 0x00, 0x00, 0x00, 0x00, 0x00, 0x00, 0x00, 0x00, 0x00, 0x00, 
0x00, 0x00, 0x00, 0xC8, 0xFF, 0xFF, 0xFF, 0x1B, 0x00, 0x00, 0x1F, 0xFF, 0xFF, 0xFF, 0xC0, 0x00, 
0x00, 0x00, 0x00, 0x00, 0x00, 0x00, 0x00, 0x00, 0x00, 0x00, 0x00, 0x00, 0x00, 0x00, 0x00, 0x04, 
0xF6, 0xFF, 0xFF, 0xE8, 0x00, 0x00, 0x00, 0x52, 0xFF, 0xFF, 0xFF, 0x8E, 0x00, 0x00, 0x00, 0x00, 
0x00, 0x00, 0x00, 0x00, 0x00, 0x00, 0x00, 0x00, 0x00, 0x00, 0x00, 0x00, 0x2E, 0xFF, 0xFF, 0xFF, 
0xB5, 0x00, 0x00, 0x00, 0x85, 0xFF, 0xFF, 0xFF, 0x5C, 0x00, 0x00, 0x00, 0x00, 0x00, 0x00, 0x00, 
0x00, 0x00, 0x00, 0x00, 0x00, 0x00, 0x00, 0x00, 0x00, 0x61, 0xFF, 0xFF, 0xFF, 0x81, 0x00, 0x00, 
0x00, 0xB8, 0xFF, 0xFF, 0xFF, 0x2B, 0x00, 0x00, 0x00, 0x00, 0x00, 0x00, 0x00, 0x00, 0x00, 0x00, 
0x00, 0x00, 0x00, 0x00, 0x00, 0x00, 0x94, 0xFF, 0xFF, 0xFF, 0x4E, 0x00, 0x00, 0x00, 0xEB, 0xFF, 
0xFF, 0xFA, 0x4B, 0x7E, 0xA1, 0xB2, 0xBA, 0xAB, 0x87, 0x4B, 0x04, 0x00, 0x00, 0x00, 0x00, 0x00, 
0x00, 0x00, 0x00, 0xC7, 0xFF, 0xFF, 0xFF, 0x1B, 0x00, 0x00, 0x1E, 0xFF, 0xFF, 0xFF, 0xFF, 0xFF, 
0xFF, 0xFF, 0xFF, 0xFF, 0xFF, 0xFF, 0xFF, 0xE6, 0x5C, 0x00, 0x00, 0x00, 0x00, 0x00, 0x00, 0x03, 
0xF6, 0xFF, 0xFF, 0xE8, 0x00, 0x00, 0x00, 0x51, 0xFF, 0xFF, 0xFF, 0xFF, 0xFF, 0xFF, 0xFF, 0xFF, 
0xFF, 0xFF, 0xFF, 0xFF, 0xFF, 0xFF, 0x81, 0x00, 0x00, 0x00, 0x00, 0x00, 0x2D, 0xFF, 0xFF, 0xFF, 
0xB5, 0x00, 0x00, 0x00, 0x84, 0xFF, 0xFF, 0xFF, 0xEC, 0xB1, 0x7E, 0x69, 0x5A, 0x70, 0x99, 0xEF, 
0xFF, 0xFF, 0xFF, 0xFE, 0x3B, 0x00, 0x00, 0x00, 0x00, 0x60, 0xFF, 0xFF, 0xFF, 0x81, 0x00, 0x00, 
0x00, 0xB8, 0xFF, 0xFF, 0xFF, 0x28, 0x00, 0x00, 0x00, 0x00, 0x00, 0x00, 0x16, 0xD3, 0xFF, 0xFF, 
0xFF, 0xA4, 0x00, 0x00, 0x00, 0x00, 0x93, 0xFF, 0xFF, 0xFF, 0x4E, 0x00, 0x00, 0x00, 0xEA, 0xFF, 
0xFF, 0xF1, 0x01, 0x00, 0x00, 0x00, 0x00, 0x00, 0x00, 0x00, 0x42, 0xFF, 0xFF, 0xFF, 0xD8, 0x00, 
0x00, 0x00, 0x00, 0xC6, 0xFF, 0xFF, 0xFF, 0x1B, 0x00, 0x00, 0x1E, 0xFF, 0xFF, 0xFF, 0xBD, 0x00, 
0x00, 0x00, 0x00, 0x00, 0x00, 0x00, 0x00, 0x0F, 0xFF, 0xFF, 0xFF, 0xE4, 0x00, 0x00, 0x00, 0x03, 
0xF5, 0xFF, 0xFF, 0xE8, 0x00, 0x00, 0x00, 0x4A, 0xFF, 0xFF, 0xFF, 0x8E, 0x00, 0x00, 0x00, 0x00, 
0x00, 0x00, 0x00, 0x00, 0x1A, 0xFF, 0xFF, 0xFF, 0xCD, 0x00, 0x00, 0x00, 0x2C, 0xFF, 0xFF, 0xFF, 
0xB5, 0x00, 0x00, 0x00, 0x6C, 0xFF, 0xFF, 0xFF, 0x70, 0x00, 0x00, 0x00, 0x00, 0x00, 0x00, 0x00, 
0x00, 0x50, 0xFF, 0xFF, 0xFF, 0xA9, 0x00, 0x00, 0x00, 0x5F, 0xFF, 0xFF, 0xFF, 0x81, 0x00, 0x00, 
0x00, 0x76, 0xFF, 0xFF, 0xFF, 0x77, 0x00, 0x00, 0x00, 0x00, 0x00, 0x00, 0x00, 0x00, 0xB9, 0xFF, 
0xFF, 0xFF, 0x5A, 0x00, 0x00, 0x00, 0x92, 0xFF, 0xFF, 0xFF, 0x4E, 0x00, 0x00, 0x00, 0x66, 0xFF, 
0xFF, 0xFF, 0xB8, 0x00, 0x00, 0x00, 0x00, 0x00, 0x00, 0x00, 0x6D, 0xFF, 0xFF, 0xFF, 0xE6, 0x0C, 
0x00, 0x00, 0x00, 0xC5, 0xFF, 0xFF, 0xFF, 0x1B, 0x00, 0x00, 0x00, 0x2A, 0xFF, 0xFF, 0xFF, 0xFF, 
0x74, 0x02, 0x00, 0x00, 0x00, 0x19, 0x96, 0xFF, 0xFF, 0xFF, 0xFF, 0x58, 0x00, 0x00, 0x00, 0x03, 
0xF5, 0xFF, 0xFF, 0xE8, 0x00, 0x00, 0x00, 0x00, 0x00, 0xBB, 0xFF, 0xFF, 0xFF, 0xFF, 0xE4, 0xB3, 
0xB0, 0xCE, 0xFD, 0xFF, 0xFF, 0xFF, 0xFF, 0x7F, 0x00, 0x00, 0x00, 0x00, 0x2B, 0xFF, 0xFF, 0xFF, 
0xB5, 0x00, 0x00, 0x00, 0x00, 0x00, 0x1E, 0xDD, 0xFF, 0xFF, 0xFF, 0xFF, 0xFF, 0xFF, 0xFF, 0xFF, 
0xFF, 0xFF, 0xF0, 0x61, 0x00, 0x00, 0x00, 0x00, 0x00, 0x5E, 0xFF, 0xFF, 0xFF, 0x81, 0x00, 0x00, 
0x00, 0x00, 0x00, 0x00, 0x13, 0x90, 0xF1, 0xFF, 0xFF, 0xFF, 0xFF, 0xFF, 0xFF, 0xDE, 0x7E, 0x16, 
0x00, 0x00, 0x00, 0x00, 0x00, 0x00, 0x7A, 0xFF, 0xFF, 0xF9, 0x3D, 0x00, 0x00, 0x00, 0x00, 0x00, 
0x00, 0x00, 0x00, 0x04, 0x38, 0x56, 0x67, 0x5D, 0x49, 0x1A, 0x00, 0x00, 0x00, 0x00, 0x00, 0x00, 
0x00, 0x00, 0x00, 0x00, 0x18, 0x20, 0x09, 0x00, 0x00, 0x00, 0x00, 0x00, 0x00, 0x00, 0x00, 0x09, 
0x54, 0x65, 0x5A, 0x0D, 0x00, 0x00, 0x00, 0x00, 0x00, 0x00, 0x00, 0x00, 0x00, 0x00, 0x00, 0x00, 
0x00, 0x00, 0x83, 0xFF, 0xFF, 0xFF, 0x53, 0x00, 0x00, 0x00, 0x00, 0x00, 0x00, 0x00, 0x00, 0x00, 
0x00, 0x00, 0x00, 0x00, 0x00, 0xB9, 0xFF, 0xFF, 0xFF, 0x23, 0x00, 0x00, 0x00, 0x00, 0x00, 0x00, 
0x00, 0x00, 0x00, 0x00, 0x00, 0x00, 0x00, 0x00, 0xEB, 0xFF, 0xFF, 0xF0, 0x01, 0x00, 0x00, 0x00, 
0x00, 0x00, 0x00, 0x00, 0x00, 0x00, 0x00, 0x00, 0x00, 0x00, 0x1F, 0xFF, 0xFF, 0xFF, 0xBE, 0x00, 
0x00, 0x00, 0x00, 0x00, 0x00, 0x00, 0x00, 0x00, 0x00, 0x00, 0x00, 0x00, 0x00, 0x52, 0xFF, 0xFF, 
0xFF, 0x8C, 0x00, 0x00, 0x00, 0x00, 0x00, 0x00, 0x00, 0x00, 0x00, 0x00, 0x00, 0x00, 0x00, 0x00, 
0x85, 0xFF, 0xFF, 0xFF, 0x59, 0x00, 0x00, 0x00, 0x00, 0x00, 0x00, 0x00, 0x00, 0x00, 0x00, 0x00, 
0x00, 0x00, 0x00, 0xB8, 0xFF, 0xFF, 0xFF, 0x26, 0x00, 0x00, 0x00, 0x00, 0x00, 0x00, 0x00, 0x00, 
0x00, 0x00, 0x00, 0x00, 0x00, 0x00, 0xEB, 0xFF, 0xFF, 0xFC, 0x7A, 0xAA, 0xC6, 0xD5, 0xDF, 0xD2, 
0xB3, 0x7B, 0x23, 0x00, 0x00, 0x00, 0x00, 0x00, 0x1E, 0xFF, 0xFF, 0xFF, 0xFF, 0xFF, 0xFF, 0xFF, 
0xFF, 0xFF, 0xFF, 0xFF, 0xFF, 0xFE, 0xA1, 0x10, 0x00, 0x00, 0x00, 0x51, 0xFF, 0xFF, 0xFF, 0xFF, 
0xFF, 0xFF, 0xFF, 0xFF, 0xFF, 0xFF, 0xFF, 0xFF, 0xFF, 0xFF, 0xCE, 0x0D, 0x00, 0x00, 0x84, 0xFF, 
0xFF, 0xFF, 0xD5, 0x96, 0x64, 0x4D, 0x3A, 0x4D, 0x73, 0xDA, 0xFF, 0xFF, 0xFF, 0xFF, 0x8E, 0x00, 
0x00, 0xB8, 0xFF, 0xFF, 0xFF, 0x23, 0x00, 0x00, 0x00, 0x00, 0x00, 0x00, 0x02, 0x9B, 0xFF, 0xFF, 
0xFF, 0xF0, 0x07, 0x00, 0xEA, 0xFF, 0xFF, 0xF0, 0x01, 0x00, 0x00, 0x00, 0x00, 0x00, 0x00, 0x00, 
0x0C, 0xF5, 0xFF, 0xFF, 0xFF, 0x2C, 0x1E, 0xFF, 0xFF, 0xFF, 0xBF, 0x00, 0x00, 0x00, 0x00, 0x00, 
0x00, 0x00, 0x00, 0x00, 0xD3, 0xFF, 0xFF, 0xFF, 0x37, 0x4A, 0xFF, 0xFF, 0xFF, 0x92, 0x00, 0x00, 
0x00, 0x00, 0x00, 0x00, 0x00, 0x00, 0x00, 0xE1, 0xFF, 0xFF, 0xFF, 0x1F, 0x68, 0xFF, 0xFF, 0xFF, 
0x75, 0x00, 0x00, 0x00, 0x00, 0x00, 0x00, 0x00, 0x00, 0x1D, 0xFF, 0xFF, 0xFF, 0xF4, 0x06, 0x6F, 
0xFF, 0xFF, 0xFF, 0x80, 0x00, 0x00, 0x00, 0x00, 0x00, 0x00, 0x00, 0x00, 0x8D, 0xFF, 0xFF, 0xFF, 
0xA8, 0x00, 0x5A, 0xFF, 0xFF, 0xFF, 0xCB, 0x00, 0x00, 0x00, 0x00, 0x00, 0x00, 0x00, 0x4C, 0xFC, 
0xFF, 0xFF, 0xFF, 0x3E, 0x00, 0x1B, 0xFF, 0xFF, 0xFF, 0xFF, 0x95, 0x0B, 0x00, 0x00, 0x00, 0x16, 
0x88, 0xFC, 0xFF, 0xFF, 0xFF, 0x9D, 0x00, 0x00, 0x00, 0xA7, 0xFF, 0xFF, 0xFF, 0xFF, 0xF4, 0xC3, 
0xBA, 0xD4, 0xFE, 0xFF, 0xFF, 0xFF, 0xFF, 0xB8, 0x07, 0x00, 0x00, 0x00, 0x13, 0xCD, 0xFF, 0xFF, 
0xFF, 0xFF, 0xFF, 0xFF, 0xFF, 0xFF, 0xFF, 0xFF, 0xFC, 0x8A, 0x07, 0x00, 0x00, 0x00, 0x00, 0x00, 
0x0B, 0x7F, 0xEA, 0xFF, 0xFF, 0xFF, 0xFF, 0xFF, 0xFF, 0xEB, 0x95, 0x29, 0x00, 0x00, 0x00, 0x00, 
0x00, 0x00, 0x00, 0x00, 0x00, 0x01, 0x2F, 0x52, 0x65, 0x61, 0x4E, 0x26, 0x00, 0x00, 0x00, 0x00, 
0x00, 0x00, 0x00, 0x00, 0x00, 0x00, 0x00, 0x00, 0x00, 0x00, 0x00, 0x1B, 0x61, 0x90, 0xAA, 0xB4, 
0xA0, 0x7E, 0x35, 0x01, 0x00, 0x00, 0x00, 0x00, 0x00, 0x00, 0x00, 0x00, 0x00, 0x45, 0xBD, 0xFF, 
0xFF, 0xFF, 0xFF, 0xFF, 0xFF, 0xFF, 0xFF, 0xCA, 0x36, 0x00, 0x00, 0x00, 0x00, 0x00, 0x00, 0x00, 
0x95, 0xFF, 0xFF, 0xFF, 0xFF, 0xFF, 0xFF, 0xFF, 0xFF, 0xFF, 0xFF, 0xFF, 0xF8, 0x4F, 0x00, 0x00, 
0x00, 0x00, 0x00, 0x31, 0xFF, 0xFF, 0xFF, 0xEA, 0xA0, 0x70, 0x61, 0x6F, 0xA3, 0xF7, 0xFF, 0xFF, 
0xFF, 0xF4, 0x24, 0x00, 0x00, 0x00, 0x00, 0x6F, 0xFF, 0xE6, 0x61, 0x05, 0x00, 0x00, 0x00, 0x00, 
0x00, 0x1E, 0xD3, 0xFF, 0xFF, 0xFF, 0xAB, 0x00, 0x00, 0x00, 0x00, 0x55, 0x90, 0x0F, 0x00, 0x00, 
0x00, 0x00, 0x00, 0x00, 0x00, 0x00, 0x25, 0xFB, 0xFF, 0xFF, 0xFA, 0x13, 0x00, 0x00, 0x00, 0x00, 
0x00, 0x00, 0x00, 0x00, 0x00, 0x00, 0x00, 0x00, 0x00, 0x00, 0x00, 0xB0, 0xFF, 0xFF, 0xFF, 0x4C, 
0x00, 0x00, 0x00, 0x00, 0x00, 0x00, 0x00, 0x00, 0x00, 0x00, 0x00, 0x00, 0x00, 0x00, 0x00, 0x78, 
0xFF, 0xFF, 0xFF, 0x75, 0x00, 0x00, 0x00, 0x00, 0x00, 0x00, 0x00, 0x00, 0x00, 0x00, 0x00, 0x00, 
0x00, 0x00, 0x00, 0x61, 0xFF, 0xFF, 0xFF, 0x86, 0x00, 0x00, 0x00, 0x00, 0x00, 0x00, 0x00, 0x00, 
0x00, 0x00, 0x00, 0x00, 0x00, 0x00, 0x00, 0x5F, 0xFF, 0xFF, 0xFF, 0x83, 0x00, 0x00, 0x00, 0x00, 
0x8D, 0xE4, 0xE4, 0xE4, 0xE4, 0xE4, 0xE4, 0xE4, 0xE4, 0xE4, 0xE4, 0xEF, 0xFF, 0xFF, 0xFF, 0x6E, 
0x00, 0x00, 0x00, 0x09, 0xFA, 0xFF, 0xFF, 0xFF, 0xFF, 0xFF, 0xFF, 0xFF, 0xFF, 0xFF, 0xFF, 0xFF, 
0xFF, 0xFF, 0xFF, 0x4D, 0x00, 0x00, 0x00, 0x16, 0xF9, 0xFF, 0xFF, 0xFF, 0xFF, 0xFF, 0xFF, 0xFF, 
0xFF, 0xFF, 0xFF, 0xFF, 0xFF, 0xFF, 0xFF, 0x1C, 0x00, 0x00, 0x00, 0x00, 0x02, 0x04, 0x04, 0x04, 
0x04, 0x04, 0x04, 0x04, 0x04, 0x04, 0x22, 0xFF, 0xFF, 0xFF, 0xDE, 0x00, 0x00, 0x00, 0x00, 0x00, 
0x00, 0x00, 0x00, 0x00, 0x00, 0x00, 0x00, 0x00, 0x00, 0x00, 0x6E, 0xFF, 0xFF, 0xFF, 0x90, 0x00, 
0x00, 0x00, 0x00, 0x00, 0x00, 0x00, 0x00, 0x00, 0x00, 0x00, 0x00, 0x00, 0x00, 0x01, 0xD6, 0xFF, 
0xFF, 0xFF, 0x2F, 0x00, 0x00, 0x00, 0x00, 0x00, 0x00, 0x00, 0x00, 0x00, 0x00, 0x00, 0x00, 0x00, 
0x00, 0x59, 0xFF, 0xFF, 0xFF, 0xC0, 0x00, 0x00, 0x00, 0x00, 0x00, 0x00, 0x00, 0x00, 0x00, 0x00, 
0x00, 0x00, 0x00, 0x00, 0x1B, 0xE9, 0xFF, 0xFF, 0xFF, 0x3C, 0x00, 0x00, 0x53, 0xD5, 0x24, 0x00, 
0x00, 0x00, 0x00, 0x00, 0x00, 0x00, 0x00, 0x1C, 0xD4, 0xFF, 0xFF, 0xFF, 0x9A, 0x00, 0x00, 0x00, 
0xA8, 0xFF, 0xF3, 0x7D, 0x15, 0x00, 0x00, 0x00, 0x00, 0x0A, 0x69, 0xEB, 0xFF, 0xFF, 0xFF, 0xCD, 
0x0B, 0x00, 0x00, 0x00, 0xC1, 0xFF, 0xFF, 0xFF, 0xFD, 0xD0, 0xB4, 0xAE, 0xC5, 0xF8, 0xFF, 0xFF, 
0xFF, 0xFF, 0xCE, 0x13, 0x00, 0x00, 0x00, 0x00, 0x52, 0xF8, 0xFF, 0xFF, 0xFF, 0xFF, 0xFF, 0xFF, 
0xFF, 0xFF, 0xFF, 0xFF, 0xFD, 0x94, 0x08, 0x00, 0x00, 0x00, 0x00, 0x00, 0x00, 0x25, 0x9B, 0xF2, 
0xFF, 0xFF, 0xFF, 0xFF, 0xFF, 0xFF, 0xEF, 0xA2, 0x29, 0x00, 0x00, 0x00, 0x00, 0x00, 0x00, 0x00, 
0x00, 0x00, 0x00, 0x03, 0x34, 0x58, 0x6A, 0x6A, 0x56, 0x36, 0x03, 0x00, 0x00, 0x00, 0x00, 0x00, 
0x00, 0x00, 0x00, 0x00, 0x00, 0x00, 0x00, 0x00, 0x02, 0x4A, 0x64, 0x60, 0x1D, 0x00, 0x00, 0x00, 
0x00, 0x00, 0x00, 0x00, 0x00, 0x00, 0x00, 0x18, 0x60, 0x93, 0xA9, 0xB6, 0xA7, 0x8F, 0x57, 0x11, 
0x00, 0x00, 0x00, 0x00, 0x00, 0x00, 0x00, 0x00, 0x4F, 0xFF, 0xFF, 0xFF, 0x89, 0x00, 0x00, 0x00, 
0x00, 0x00, 0x00, 0x00, 0x00, 0x30, 0xB0, 0xFE, 0xFF, 0xFF, 0xFF, 0xFF, 0xFF, 0xFF, 0xFF, 0xF4, 
0x8C, 0x07, 0x00, 0x00, 0x00, 0x00, 0x00, 0x00, 0x85, 0xFF, 0xFF, 0xFF, 0x5A, 0x00, 0x00, 0x00, 
0x00, 0x00, 0x00, 0x02, 0x80, 0xFD, 0xFF, 0xFF, 0xFF, 0xFF, 0xFF, 0xFF, 0xFF, 0xFF, 0xFF, 0xFF, 
0xFF, 0xC9, 0x0A, 0x00, 0x00, 0x00, 0x00, 0x00, 0xB8, 0xFF, 0xFF, 0xFF, 0x26, 0x00, 0x00, 0x00, 
0x00, 0x00, 0x03, 0xAD, 0xFF, 0xFF, 0xFF, 0xFF, 0xEE, 0xA9, 0x89, 0x8C, 0xB1, 0xF6, 0xFF, 0xFF, 
0xFF, 0xFF, 0x9A, 0x00, 0x00, 0x00, 0x00, 0x00, 0xEA, 0xFF, 0xFF, 0xF2, 0x01, 0x00, 0x00, 0x00, 
0x00, 0x00, 0x9D, 0xFF, 0xFF, 0xFF, 0xF8, 0x75, 0x07, 0x00, 0x00, 0x00, 0x00, 0x17, 0xBC, 0xFF, 
0xFF, 0xFF, 0xFB, 0x1C, 0x00, 0x00, 0x00, 0x1E, 0xFF, 0xFF, 0xFF, 0xC0, 0x00, 0x00, 0x00, 0x00, 
0x00, 0x59, 0xFF, 0xFF, 0xFF, 0xF3, 0x39, 0x00, 0x00, 0x00, 0x00, 0x00, 0x00, 0x00, 0x0E, 0xE6, 
0xFF, 0xFF, 0xFF, 0x69, 0x00, 0x00, 0x00, 0x51, 0xFF, 0xFF, 0xFF, 0x8D, 0x00, 0x00, 0x00, 0x00, 
0x0D, 0xEC, 0xFF, 0xFF, 0xFF, 0x4F, 0x00, 0x00, 0x00, 0x00, 0x00, 0x00, 0x00, 0x00, 0x00, 0x8D, 
0xFF, 0xFF, 0xFF, 0x9E, 0x00, 0x00, 0x00, 0x83, 0xFF, 0xFF, 0xFF, 0x5A, 0x00, 0x00, 0x00, 0x00, 
0x7C, 0xFF, 0xFF, 0xFF, 0xAD, 0x00, 0x00, 0x00, 0x00, 0x00, 0x00, 0x00, 0x00, 0x00, 0x00, 0x69, 
0xFF, 0xFF, 0xFF, 0xB5, 0x00, 0x00, 0x00, 0xB6, 0xFF, 0xFF, 0xFF, 0x27, 0x00, 0x00, 0x00, 0x03, 
0xE7, 0xFF, 0xFF, 0xFF, 0x36, 0x00, 0x00, 0x00, 0x00, 0x00, 0x00, 0x00, 0x00, 0x00, 0x00, 0x4F, 
0xFF, 0xFF, 0xFF, 0xBF, 0x00, 0x00, 0x00, 0xE9, 0xFF, 0xFF, 0xF3, 0x05, 0x04, 0x04, 0x04, 0x46, 
0xFF, 0xFF, 0xFF, 0xC4, 0x00, 0x00, 0x00, 0x00, 0x00, 0x00, 0x00, 0x00, 0x00, 0x00, 0x00, 0x5C, 
0xFF, 0xFF, 0xFF, 0xB5, 0x00, 0x00, 0x1C, 0xFF, 0xFF, 0xFF, 0xFF, 0xFF, 0xFF, 0xFF, 0xFF, 0xFF, 
0xFF, 0xFF, 0xFF, 0x75, 0x00, 0x00, 0x00, 0x00, 0x00, 0x00, 0x00, 0x00, 0x00, 0x00, 0x00, 0x71, 
0xFF, 0xFF, 0xFF, 0xA0, 0x00, 0x00, 0x4F, 0xFF, 0xFF, 0xFF, 0xFF, 0xFF, 0xFF, 0xFF, 0xFF, 0xFF, 
0xFF, 0xFF, 0xFF, 0x38, 0x00, 0x00, 0x00, 0x00, 0x00, 0x00, 0x00, 0x00, 0x00, 0x00, 0x00, 0x91, 
0xFF, 0xFF, 0xFF, 0x7F, 0x00, 0x00, 0x81, 0xFF, 0xFF, 0xFF, 0xFF, 0xFF, 0xFF, 0xFF, 0xFF, 0xFF, 
0xFF, 0xFF, 0xFB, 0x05, 0x00, 0x00, 0x00, 0x00, 0x00, 0x00, 0x00, 0x00, 0x00, 0x00, 0x00, 0xCF, 
0xFF, 0xFF, 0xFF, 0x4D, 0x00, 0x00, 0xB4, 0xFF, 0xFF, 0xFF, 0x35, 0x10, 0x10, 0x10, 0x1F, 0xFF, 
0xFF, 0xFF, 0xE8, 0x00, 0x00, 0x00, 0x00, 0x00, 0x00, 0x00, 0x00, 0x00, 0x00, 0x00, 0x0F, 0xFD, 
0xFF, 0xFF, 0xFD, 0x13, 0x00, 0x00, 0xE7, 0xFF, 0xFF, 0xF4, 0x02, 0x00, 0x00, 0x00, 0x26, 0xFF, 
0xFF, 0xFF, 0xD4, 0x00, 0x00, 0x00, 0x00, 0x00, 0x00, 0x00, 0x00, 0x00, 0x00, 0x00, 0x6A, 0xFF, 
0xFF, 0xFF, 0xBD, 0x00, 0x00, 0x1A, 0xFF, 0xFF, 0xFF, 0xC3, 0x00, 0x00, 0x00, 0x00, 0x2C, 0xFF, 
0xFF, 0xFF, 0xD2, 0x00, 0x00, 0x00, 0x00, 0x00, 0x00, 0x00, 0x00, 0x00, 0x00, 0x02, 0xDA, 0xFF, 
0xFF, 0xFF, 0x5D, 0x00, 0x00, 0x4D, 0xFF, 0xFF, 0xFF, 0x90, 0x00, 0x00, 0x00, 0x00, 0x1E, 0xFF, 
0xFF, 0xFF, 0xF0, 0x00, 0x00, 0x00, 0x00, 0x00, 0x00, 0x00, 0x00, 0x00, 0x00, 0x5C, 0xFF, 0xFF, 
0xFF, 0xE2, 0x05, 0x00, 0x00, 0x80, 0xFF, 0xFF, 0xFF, 0x5D, 0x00, 0x00, 0x00, 0x00, 0x07, 0xFA, 
0xFF, 0xFF, 0xFF, 0x22, 0x00, 0x00, 0x00, 0x00, 0x00, 0x00, 0x00, 0x00, 0x23, 0xED, 0xFF, 0xFF, 
0xFF, 0x5A, 0x00, 0x00, 0x00, 0xB2, 0xFF, 0xFF, 0xFF, 0x2A, 0x00, 0x00, 0x00, 0x00, 0x00, 0xC7, 
0xFF, 0xFF, 0xFF, 0xA2, 0x00, 0x00, 0x00, 0x00, 0x00, 0x00, 0x00, 0x29, 0xDE, 0xFF, 0xFF, 0xFF, 
0xB6, 0x00, 0x00, 0x00, 0x00, 0xE5, 0xFF, 0xFF, 0xF4, 0x02, 0x00, 0x00, 0x00, 0x00, 0x00, 0x68, 
0xFF, 0xFF, 0xFF, 0xFF, 0xA2, 0x21, 0x00, 0x00, 0x00, 0x1D, 0x82, 0xF5, 0xFF, 0xFF, 0xFF, 0xDC, 
0x11, 0x00, 0x00, 0x00, 0x18, 0xFF, 0xFF, 0xFF, 0xC3, 0x00, 0x00, 0x00, 0x00, 0x00, 0x00, 0x08, 
0xD2, 0xFF, 0xFF, 0xFF, 0xFF, 0xFF, 0xE6, 0xD5, 0xE6, 0xFF, 0xFF, 0xFF, 0xFF, 0xFF, 0xD7, 0x1C, 
0x00, 0x00, 0x00, 0x00, 0x4B, 0xFF, 0xFF, 0xFF, 0x90, 0x00, 0x00, 0x00, 0x00, 0x00, 0x00, 0x00, 
0x21, 0xD7, 0xFF, 0xFF, 0xFF, 0xFF, 0xFF, 0xFF, 0xFF, 0xFF, 0xFF, 0xFF, 0xFF, 0x9F, 0x10, 0x00, 
0x00, 0x00, 0x00, 0x00, 0x68, 0xFF, 0xFF, 0xFB, 0x48, 0x00, 0x00, 0x00, 0x00, 0x00, 0x00, 0x00, 
0x00, 0x0C, 0x7E, 0xE7, 0xFF, 0xFF, 0xFF, 0xFF, 0xFF, 0xFF, 0xF5, 0xA9, 0x35, 0x00, 0x00, 0x00, 
0x00, 0x00, 0x00, 0x00, 0x00, 0x16, 0x20, 0x0B, 0x00, 0x00, 0x00, 0x00, 0x00, 0x00, 0x00, 0x00, 
0x00, 0x00, 0x00, 0x01, 0x2A, 0x56, 0x68, 0x6D, 0x5B, 0x3B, 0x06, 0x00, 0x00, 0x00, 0x00, 0x00, 
0x00, 0x00, 0x00, 0x00, 0x00, 0x00, 0x00, 0x00, 0x00, 0x00, 0x00, 0x00, 0x00, 0x00, 0x02, 0x30, 
0x59, 0x77, 0x83, 0x89, 0x84, 0x7B, 0x6E, 0x5D, 0x4A, 0x19, 0x00, 0x00, 0x00, 0x00, 0x00, 0x00, 
0x00, 0x00, 0x00, 0x31, 0x9D, 0xEF, 0xFF, 0xFF, 0xFF, 0xFF, 0xFF, 0xFF, 0xFF, 0xFF, 0xFF, 0xFF, 
0xF2, 0x0D, 0x00, 0x00, 0x00, 0x00, 0x00, 0x00, 0x08, 0x98, 0xFE, 0xFF, 0xFF, 0xFF, 0xFF, 0xFF, 
0xFF, 0xFF, 0xFF, 0xFF, 0xFF, 0xFF, 0xFF, 0xFF, 0x0F, 0x00, 0x00, 0x00, 0x00, 0x00, 0x06, 0xBD, 
0xFF, 0xFF, 0xFF, 0xFF, 0xD6, 0x96, 0x74, 0x65, 0x66, 0x70, 0x8A, 0xFF, 0xFF, 0xFF, 0xDE, 0x00, 
0x00, 0x00, 0x00, 0x00, 0x00, 0x88, 0xFF, 0xFF, 0xFF, 0xE1, 0x46, 0x00, 0x00, 0x00, 0x00, 0x00, 
0x00, 0x30, 0xFF, 0xFF, 0xFF, 0xAB, 0x00, 0x00, 0x00, 0x00, 0x00, 0x13, 0xF7, 0xFF, 0xFF, 0xF0, 
0x20, 0x00, 0x00, 0x00, 0x00, 0x00, 0x00, 0x00, 0x62, 0xFF, 0xFF, 0xFF, 0x78, 0x00, 0x00, 0x00, 
0x00, 0x00, 0x57, 0xFF, 0xFF, 0xFF, 0x94, 0x00, 0x00, 0x00, 0x00, 0x00, 0x00, 0x00, 0x00, 0x95, 
0xFF, 0xFF, 0xFF, 0x45, 0x00, 0x00, 0x00, 0x00, 0x00, 0x7B, 0xFF, 0xFF, 0xFF, 0x68, 0x00, 0x00, 
0x00, 0x00, 0x00, 0x00, 0x00, 0x00, 0xC7, 0xFF, 0xFF, 0xFF, 0x13, 0x00, 0x00, 0x00, 0x00, 0x00, 
0x7B, 0xFF, 0xFF, 0xFF, 0x77, 0x00, 0x00, 0x00, 0x00, 0x00, 0x00, 0x00, 0x03, 0xF6, 0xFF, 0xFF, 
0xDF, 0x00, 0x00, 0x00, 0x00, 0x00, 0x00, 0x4D, 0xFF, 0xFF, 0xFF, 0xD5, 0x10, 0x00, 0x00, 0x00, 
0x00, 0x00, 0x00, 0x2C, 0xFF, 0xFF, 0xFF, 0xAC, 0x00, 0x00, 0x00, 0x00, 0x00, 0x00, 0x02, 0xD2, 
0xFF, 0xFF, 0xFF, 0xE8, 0x90, 0x63, 0x53, 0x50, 0x50, 0x50, 0x8B, 0xFF, 0xFF, 0xFF, 0x79, 0x00, 
0x00, 0x00, 0x00, 0x00, 0x00, 0x00, 0x22, 0xCB, 0xFF, 0xFF, 0xFF, 0xFF, 0xFF, 0xFF, 0xFF, 0xFF, 
0xFF, 0xFF, 0xFF, 0xFF, 0xFF, 0x46, 0x00, 0x00, 0x00, 0x00, 0x00, 0x00, 0x00, 0x00, 0x01, 0x72, 
0xF8, 0xFF, 0xFF, 0xFF, 0xFF, 0xFF, 0xFF, 0xFF, 0xFF, 0xFF, 0xFF, 0xFF, 0x14, 0x00, 0x00, 0x00, 
0x00, 0x00, 0x00, 0x00, 0x08, 0x9C, 0xFF, 0xFF, 0xFF, 0xFE, 0xC3, 0x96, 0x88, 0x88, 0x8A, 0xFF, 
0xFF, 0xFF, 0xE1, 0x00, 0x00, 0x00, 0x00, 0x00, 0x00, 0x00, 0x03, 0xB1, 0xFF, 0xFF, 0xFF, 0xC7, 
0x33, 0x00, 0x00, 0x00, 0x00, 0x2A, 0xFF, 0xFF, 0xFF, 0xAE, 0x00, 0x00, 0x00, 0x00, 0x00, 0x00, 
0x00, 0x80, 0xFF, 0xFF, 0xFF, 0xC3, 0x0A, 0x00, 0x00, 0x00, 0x00, 0x00, 0x5D, 0xFF, 0xFF, 0xFF, 
0x7B, 0x00, 0x00, 0x00, 0x00, 0x00, 0x00, 0x31, 0xFB, 0xFF, 0xFF, 0xEB, 0x14, 0x00, 0x00, 0x00, 
0x00, 0x00, 0x00, 0x91, 0xFF, 0xFF, 0xFF, 0x48, 0x00, 0x00, 0x00, 0x00, 0x00, 0x01, 0xC8, 0xFF, 
0xFF, 0xFF, 0x5D, 0x00, 0x00, 0x00, 0x00, 0x00, 0x00, 0x00, 0xC4, 0xFF, 0xFF, 0xFF, 0x15, 0x00, 
0x00, 0x00, 0x00, 0x00, 0x65, 0xFF, 0xFF, 0xFF, 0xC7, 0x01, 0x00, 0x00, 0x00, 0x00, 0x00, 0x00, 
0x02, 0xF4, 0xFF, 0xFF, 0xE2, 0x00, 0x00, 0x00, 0x00, 0x00, 0x12, 0xEC, 0xFF, 0xFF, 0xFE, 0x37, 
0x00, 0x00, 0x00, 0x00, 0x00, 0x00, 0x00, 0x2B, 0xFF, 0xFF, 0xFF, 0xAF, 0x00, 0x00, 0x00, 0x00, 
0x00, 0x98, 0xFF, 0xFF, 0xFF, 0xA4, 0x00, 0x00, 0x00, 0x00, 0x00, 0x00, 0x00, 0x00, 0x5E, 0xFF, 
0xFF, 0xFF, 0x7C, 0x00, 0x00, 0x00, 0x00, 0x2E, 0xFD, 0xFF, 0xFF, 0xF5, 0x1C, 0x00, 0x00, 0x00, 
0x00, 0x00, 0x00, 0x00, 0x00, 0x92, 0xFF, 0xFF, 0xFF, 0x49, 0x00, 0x00, 0x00, 0x00, 0x89, 0xFF, 
0xFF, 0xFC, 0x68, 0x00, 0x00, 0x00, 0x00, 0x00, 0x00, 0x00, 0x00, 0x00, 0xAF, 0xFF, 0xFF, 0xEF, 
0x12, 0x00, 0x00, 0x00, 0x00, 0x02, 0x1D, 0x21, 0x0B, 0x00, 0x00, 0x00, 0x00, 0x00, 0x00, 0x00, 
0x00, 0x00, 0x00, 0x02, 0x1D, 0x1E, 0x05, 0x00, 0x00, 0x00, 0x00, 0x00, 0x00, 0x00, 0x00, 0x00, 
0x00, 0x00, 0x00, 0x00, 0x30, 0x9B, 0xAB, 0x73, 0x00, 0x00, 0x00, 0x00, 0x12, 0x87, 0xAC, 0x90, 
0x13, 0x00, 0x00, 0x00, 0x00, 0x00, 0x00, 0x00, 0x06, 0xEA, 0xFF, 0xFF, 0xFF, 0x23, 0x00, 0x00, 
0x00, 0xA4, 0xFF, 0xFF, 0xFF, 0x6F, 0x00, 0x00, 0x00, 0x00, 0x00, 0x00, 0x00, 0x36, 0xFF, 0xFF, 
0xFF, 0xFF, 0x19, 0x00, 0x00, 0x00, 0xEA, 0xFF, 0xFF, 0xFF, 0x64, 0x00, 0x00, 0x00, 0x00, 0x00, 
0x00, 0x00, 0x44, 0xFF, 0xFF, 0xFF, 0xD0, 0x00, 0x00, 0x00, 0x00, 0xF5, 0xFF, 0xFF, 0xF9, 0x20, 
0x00, 0x00, 0x00, 0x00, 0x00, 0x00, 0x00, 0x08, 0x86, 0xAD, 0x93, 0x22, 0x00, 0x00, 0x00, 0x00, 
0x5D, 0xA9, 0xA2, 0x46, 0x00, 0x00, 0x00, 0x00, 0x00, 0x00, 0x00, 0x00, 0x00, 0x00, 0x00, 0x00, 
0x00, 0x00, 0x00, 0x00, 0x00, 0x00, 0x00, 0x00, 0x00, 0x00, 0x00, 0x00, 0x00, 0x00, 0x00, 0x00, 
0x00, 0x00, 0x00, 0x00, 0x00, 0x00, 0x00, 0x00, 0x00, 0x00, 0x00, 0x00, 0x00, 0x00, 0x00, 0x00, 
0x00, 0x00, 0x00, 0x00, 0x00, 0x00, 0x00, 0x00, 0x00, 0x00, 0x00, 0x00, 0x00, 0x00, 0x00, 0x00, 
0x00, 0x00, 0x00, 0x00, 0x00, 0x00, 0x00, 0x00, 0x00, 0x00, 0x00, 0x00, 0x00, 0x11, 0x56, 0x90, 
0xA7, 0xB6, 0xA8, 0x89, 0x4A, 0x04, 0x00, 0x00, 0x00, 0x00, 0x00, 0x00, 0x00, 0x00, 0x00, 0x00, 
0x21, 0x9C, 0xFA, 0xFF, 0xFF, 0xFF, 0xFF, 0xFF, 0xFF, 0xFF, 0xE1, 0x52, 0x00, 0x00, 0x00, 0x00, 
0x00, 0x00, 0x00, 0x00, 0x63, 0xF4, 0xFF, 0xFF, 0xFF, 0xFF, 0xFF, 0xFF, 0xFF, 0xFF, 0xFF, 0xFF, 
0xFF, 0x6F, 0x00, 0x00, 0x00, 0x00, 0x00, 0x00, 0x85, 0xFF, 0xFF, 0xFF, 0xFF, 0xD5, 0x83, 0x5F, 
0x5C, 0x80, 0xE3, 0xFF, 0xFF, 0xFF, 0xFB, 0x26, 0x00, 0x00, 0x00, 0x00, 0x73, 0xFF, 0xFF, 0xFF, 
0xF3, 0x5D, 0x01, 0x00, 0x00, 0x00, 0x00, 0x0A, 0xCE, 0xFF, 0xFF, 0xFF, 0x83, 0x00, 0x00, 0x00, 
0x36, 0xFB, 0xFF, 0xFF, 0xF1, 0x31, 0x00, 0x00, 0x00, 0x00, 0x00, 0x00, 0x00, 0x63, 0xFF, 0xFF, 
0xFF, 0xA8, 0x00, 0x00, 0x01, 0xCC, 0xFF, 0xFF, 0xFF, 0x53, 0x00, 0x00, 0x00, 0x00, 0x00, 0x00, 
0x00, 0x00, 0x5C, 0xFF, 0xFF, 0xFF, 0x94, 0x00, 0x00, 0x57, 0xFF, 0xFF, 0xFF, 0xBC, 0x00, 0x00, 
0x00, 0x00, 0x00, 0x00, 0x00, 0x00, 0x03, 0xC1, 0xFF, 0xFF, 0xFF, 0x5C, 0x00, 0x00, 0xC8, 0xFF, 
0xFF, 0xFF, 0x4D, 0x00, 0x00, 0x00, 0x00, 0x00, 0x00, 0x00, 0x26, 0xB7, 0xFF, 0xFF, 0xFF, 0xE2, 
0x08, 0x00, 0x27, 0xFF, 0xFF, 0xFF, 0xED, 0x2E, 0x2C, 0x2F, 0x37, 0x43, 0x60, 0x88, 0xC8, 0xFE, 
0xFF, 0xFF, 0xFF, 0xF2, 0x33, 0x00, 0x00, 0x77, 0xFF, 0xFF, 0xFF, 0xFF, 0xFF, 0xFF, 0xFF, 0xFF, 
0xFF, 0xFF, 0xFF, 0xFF, 0xFF, 0xFF, 0xFF, 0xC4, 0x23, 0x00, 0x00, 0x00, 0xB5, 0xFF, 0xFF, 0xFF, 
0xFF, 0xFF, 0xFF, 0xFF, 0xFF, 0xFF, 0xFF, 0xFF, 0xFF, 0xE4, 0x9F, 0x3C, 0x00, 0x00, 0x00, 0x00, 
0x00, 0xE8, 0xFF, 0xFF, 0xFF, 0xA8, 0xA4, 0xA3, 0x9B, 0x92, 0x87, 0x6D, 0x4B, 0x24, 0x00, 0x00, 
0x00, 0x00, 0x00, 0x00, 0x00, 0x0B, 0xFF, 0xFF, 0xFF, 0xF1, 0x00, 0x00, 0x00, 0x00, 0x00, 0x00, 
0x00, 0x00, 0x00, 0x00, 0x00, 0x00, 0x00, 0x00, 0x00, 0x00, 0x22, 0xFF, 0xFF, 0xFF, 0xD4, 0x00, 
0x00, 0x00, 0x00, 0x00, 0x00, 0x00, 0x00, 0x00, 0x00, 0x00, 0x00, 0x00, 0x00, 0x00, 0x00, 0x2C, 
0xFF, 0xFF, 0xFF, 0xCF, 0x00, 0x00, 0x00, 0x00, 0x00, 0x00, 0x00, 0x00, 0x00, 0x00, 0x00, 0x00, 
0x00, 0x00, 0x00, 0x00, 0x22, 0xFF, 0xFF, 0xFF, 0xDF, 0x00, 0x00, 0x00, 0x00, 0x00, 0x00, 0x00, 
0x00, 0x00, 0x00, 0x00, 0x00, 0x00, 0x00, 0x00, 0x00, 0x0C, 0xFE, 0xFF, 0xFF, 0xFE, 0x17, 0x00, 
0x00, 0x00, 0x00, 0x00, 0x00, 0x00, 0x00, 0x00, 0x00, 0x00, 0x00, 0x00, 0x00, 0x00, 0x00, 0xD2, 
0xFF, 0xFF, 0xFF, 0x8A, 0x00, 0x00, 0x00, 0x00, 0x00, 0x00, 0x00, 0x00, 0x00, 0x00, 0x05, 0x00, 
0x00, 0x00, 0x00, 0x00, 0x7B, 0xFF, 0xFF, 0xFF, 0xFD, 0x7C, 0x0A, 0x00, 0x00, 0x00, 0x00, 0x00, 
0x20, 0x63, 0xB5, 0xF9, 0x14, 0x00, 0x00, 0x00, 0x00, 0x0F, 0xE2, 0xFF, 0xFF, 0xFF, 0xFF, 0xF5, 
0xC4, 0xB0, 0xB3, 0xC5, 0xEA, 0xFF, 0xFF, 0xFF, 0xF5, 0x05, 0x00, 0x00, 0x00, 0x00, 0x00, 0x30, 
0xE6, 0xFF, 0xFF, 0xFF, 0xFF, 0xFF, 0xFF, 0xFF, 0xFF, 0xFF, 0xFF, 0xFF, 0xFF, 0x95, 0x00, 0x00, 
0x00, 0x00, 0x00, 0x00, 0x00, 0x14, 0x91, 0xF1, 0xFF, 0xFF, 0xFF, 0xFF, 0xFF, 0xFF, 0xFF, 0xF6, 
0xB9, 0x5F, 0x03, 0x00, 0x00, 0x00, 0x00, 0x00, 0x00, 0x00, 0x00, 0x00, 0x05, 0x32, 0x5A, 0x6A, 
0x6E, 0x60, 0x4C, 0x26, 0x03, 0x00, 0x00, 0x00, 0x00, 0x00, 0x00, 0x00, 0x00, 0x00, 0x00, 0x00, 
0x00, 0x00, 0x00, 0x00, 0x00, 0x00, 0x00, 0x00, 0x00, 0x00, 0x00, 0x00, 0x00, 0x00, 0x19, 0x24, 
0x24, 0x24, 0x24, 0x24, 0x24, 0x24, 0x24, 0x24, 0x24, 0x24, 0x24, 0x24, 0x24, 0x24, 0x24, 0x24, 
0x23, 0x04, 0x4B, 0xFF, 0xFF, 0xFF, 0xFF, 0xFF, 0xFF, 0xFF, 0xFF, 0xFF, 0xFF, 0xFF, 0xFF, 0xFF, 
0xFF, 0xFF, 0xFF, 0xFF, 0xFF, 0xFF, 0x8B, 0xAA, 0xFF, 0xFF, 0xFF, 0xFF, 0xFF, 0xFF, 0xFF, 0xFF, 
0xFF, 0xFF, 0xFF, 0xFF, 0xFF, 0xFF, 0xFF, 0xFF, 0xFF, 0xFF, 0xFF, 0x82, 0xB5, 0xFF, 0xFF, 0xFF, 
0xFF, 0xFF, 0xFF, 0xFF, 0xFF, 0xFF, 0xFF, 0xFF, 0xFF, 0xFF, 0xFF, 0xFF, 0xFF, 0xFF, 0xFF, 0xFA, 
0x2E, 0x10, 0x30, 0x30, 0x30, 0x30, 0x30, 0x30, 0x30, 0x30, 0x30, 0x30, 0x30, 0x30, 0x30, 0x30, 
0x30, 0x30, 0x30, 0x30, 0x1D, 0x00, 0x00, 0x00, 0x00, 0x00, 0x06, 0x5B, 0xAB, 0xDB, 0xF0, 0xEC, 
0xCA, 0x86, 0x27, 0x00, 0x00, 0x00, 0x00, 0x00, 0x00, 0x00, 0x00, 0x00, 0x00, 0x00, 0x00, 0x08, 
0x4F, 0x9A, 0xD1, 0xED, 0xEF, 0xD9, 0xA2, 0x42, 0x00, 0x00, 0x00, 0x00, 0x00, 0x00, 0x3B, 0xE0, 
0xFF, 0xFF, 0xFF, 0xFF, 0xFF, 0xFF, 0xFF, 0xFE, 0xAC, 0x1F, 0x00, 0x00, 0x00, 0x00, 0x00, 0x00, 
0x00, 0x00, 0x16, 0x8A, 0xED, 0xFF, 0xFF, 0xFF, 0xFF, 0xFF, 0xFF, 0xFF, 0xFF, 0xA6, 0x06, 0x00, 
0x00, 0x00, 0x5F, 0xFA, 0xFF, 0xFF, 0xFF, 0xFF, 0xFF, 0xFF, 0xFF, 0xFF, 0xFF, 0xFF, 0xF3, 0x6C, 
0x01, 0x00, 0x00, 0x00, 0x00, 0x10, 0x85, 0xF4, 0xFF, 0xFF, 0xFF, 0xFF, 0xFF, 0xFF, 0xFF, 0xFF, 
0xFF, 0xFF, 0xFF, 0x92, 0x00, 0x00, 0x35, 0xFA, 0xFF, 0xFF, 0xEE, 0x74, 0x24, 0x0E, 0x27, 0x75, 
0xE4, 0xFF, 0xFF, 0xFF, 0xFF, 0xB8, 0x13, 0x00, 0x02, 0x69, 0xED, 0xFF, 0xFF, 0xFF, 0xFF, 0xD2, 
0x6B, 0x25, 0x0D, 0x26, 0x90, 0xFD, 0xFF, 0xFF, 0xFB, 0x19, 0x01, 0xD7, 0xFF, 0xFF, 0xE7, 0x23, 
0x00, 0x00, 0x00, 0x00, 0x00, 0x06, 0x7E, 0xFA, 0xFF, 0xFF, 0xFF, 0xE0, 0x5F, 0xCE, 0xFF, 0xFF, 
0xFF, 0xFF, 0xC9, 0x42, 0x00, 0x00, 0x00, 0x00, 0x00, 0x00, 0x94, 0xFF, 0xFF, 0xFF, 0x57, 0x44, 
0xFF, 0xFF, 0xFF, 0x58, 0x00, 0x00, 0x00, 0x00, 0x00, 0x00, 0x00, 0x00, 0x32, 0xDC, 0xFF, 0xFF, 
0xFF, 0xFF, 0xFF, 0xFF, 0xFF, 0xE4, 0x57, 0x00, 0x00, 0x00, 0x00, 0x00, 0x00, 0x00, 0x00, 0x42, 
0xFF, 0xFF, 0xFF, 0x6D, 0x96, 0xFF, 0xFF, 0xF3, 0x04, 0x00, 0x00, 0x00, 0x00, 0x00, 0x00, 0x00, 
0x00, 0x00, 0x10, 0xCB, 0xFF, 0xFF, 0xFF, 0xFF, 0xFF, 0x92, 0x0D, 0x00, 0x00, 0x00, 0x00, 0x00, 
0x00, 0x00, 0x00, 0x00, 0x3E, 0xFF, 0xFF, 0xFF, 0x55, 0xB9, 0xFF, 0xFF, 0xCE, 0x00, 0x00, 0x00, 
0x00, 0x00, 0x00, 0x00, 0x00, 0x00, 0x12, 0x9C, 0xFE, 0xFF, 0xFF, 0xFF, 0xFF, 0xFF, 0xAB, 0x0E, 
0x00, 0x00, 0x00, 0x00, 0x00, 0x00, 0x00, 0x00, 0x00, 0x76, 0xFF, 0xFF, 0xFF, 0x22, 0xC8, 0xFF, 
0xFF, 0xE0, 0x00, 0x00, 0x00, 0x00, 0x00, 0x00, 0x00, 0x03, 0x67, 0xEA, 0xFF, 0xFF, 0xFF, 0xFC, 
0xFD, 0xFF, 0xFF, 0xFF, 0xDA, 0x39, 0x00, 0x00, 0x00, 0x00, 0x00, 0x00, 0x00, 0x0A, 0xDE, 0xFF, 
0xFF, 0xCB, 0x00, 0xA6, 0xFF, 0xFF, 0xFF, 0x55, 0x00, 0x00, 0x00, 0x00, 0x04, 0x55, 0xD3, 0xFF, 
0xFF, 0xFF, 0xFF, 0xC8, 0x31, 0x4A, 0xF0, 0xFF, 0xFF, 0xFF, 0xFD, 0x92, 0x17, 0x00, 0x00, 0x00, 
0x00, 0x0D, 0xB2, 0xFF, 0xFF, 0xFF, 0x59, 0x00, 0x54, 0xFF, 0xFF, 0xFF, 0xFE, 0xA6, 0x64, 0x60, 
0x8D, 0xE4, 0xFF, 0xFF, 0xFF, 0xFF, 0xEA, 0x66, 0x01, 0x00, 0x00, 0x26, 0xD4, 0xFF, 0xFF, 0xFF, 
0xFF, 0xF7, 0xA0, 0x66, 0x61, 0x8A, 0xE6, 0xFF, 0xFF, 0xFF, 0xAF, 0x00, 0x00, 0x02, 0xBF, 0xFF, 
0xFF, 0xFF, 0xFF, 0xFF, 0xFF, 0xFF, 0xFF, 0xFF, 0xFF, 0xF0, 0x7E, 0x0C, 0x00, 0x00, 0x00, 0x00, 
0x00, 0x06, 0x83, 0xFA, 0xFF, 0xFF, 0xFF, 0xFF, 0xFF, 0xFF, 0xFF, 0xFF, 0xFF, 0xFF, 0xBA, 0x0A, 
0x00, 0x00, 0x00, 0x0E, 0xA7, 0xFF, 0xFF, 0xFF, 0xFF, 0xFF, 0xFF, 0xFF, 0xE1, 0x7B, 0x12, 0x00, 
0x00, 0x00, 0x00, 0x00, 0x00, 0x00, 0x00, 0x00, 0x2C, 0xA2, 0xF9, 0xFF, 0xFF, 0xFF, 0xFF, 0xFF, 
0xFF, 0xEE, 0x75, 0x03, 0x00, 0x00, 0x00, 0x00, 0x00, 0x00, 0x2C, 0x79, 0xA4, 0xB3, 0xA6, 0x7D, 
0x3A, 0x01, 0x00, 0x00, 0x00, 0x00, 0x00, 0x00, 0x00, 0x00, 0x00, 0x00, 0x00, 0x00, 0x00, 0x18, 
0x6C, 0x9F, 0xB3, 0xAB, 0x8E, 0x54, 0x09, 0x00, 0x00, 0x00, 0x00, 0x00, 0x00, 0x00, 0x00, 0x00, 
0x00, 0x2D, 0x8A, 0xB6, 0xC0, 0xA1, 0x61, 0x0D, 0x00, 0x00, 0x00, 0x00, 0x00, 0x00, 0x00, 0x00, 
0x00, 0x00, 0x00, 0x00, 0x00, 0x00, 0x0D, 0xA0, 0xFF, 0xFF, 0xFF, 0xFF, 0xFF, 0xFF, 0xEF, 0x77, 
0x07, 0x00, 0x00, 0x00, 0x00, 0x00, 0x2A, 0xAC, 0x44, 0x00, 0x00, 0x00, 0x14, 0xD0, 0xFF, 0xFF, 
0xFF, 0xFF, 0xFF, 0xFF, 0xFF, 0xFF, 0xFF, 0xDE, 0x68, 0x12, 0x00, 0x0E, 0x7B, 0xF5, 0xFF, 0xF2, 
0x10, 0x00, 0x00, 0x82, 0xFF, 0xFF, 0xFF, 0xDD, 0x95, 0x9D, 0xCD, 0xFF, 0xFF, 0xFF, 0xFF, 0xFF, 
0xFF, 0xF0, 0xFC, 0xFF, 0xFF, 0xFF, 0xEB, 0x0D, 0x00, 0x00, 0x36, 0xFA, 0xF7, 0x73, 0x05, 0x00, 
0x00, 0x00, 0x34, 0xBE, 0xFF, 0xFF, 0xFF, 0xFF, 0xFF, 0xFF, 0xFF, 0xFF, 0xE1, 0x2D, 0x00, 0x00, 
0x00, 0x00, 0x33, 0x27, 0x00, 0x00, 0x00, 0x00, 0x00, 0x00, 0x00, 0x4F, 0xCC, 0xFF, 0xFF, 0xFF, 
0xFF, 0xF5, 0x94, 0x10, 0x00, 0x00, 0x00, 0x00, 0x00, 0x00, 0x00, 0x00, 0x00, 0x00, 0x00, 0x00, 
0x00, 0x00, 0x00, 0x00, 0x27, 0x52, 0x63, 0x46, 0x0D, 0x00, 0x00, 0x00, 0x00, 0x00, 0x00, 0x00, 
0x00, 0x00, 0x00, 0x00, 0x00, 0x00, 0x00, 0x00, 0x00, 0x00, 0x00, 0x00, 0x00, 0x00, 0x00, 0x00, 
0x00, 0x00, 0x00, 0x00, 0x00, 0x00, 0x00, 0x00, 0x00, 0x0F, 0x27, 0x0E, 0x00, 0x00, 0x00, 0x00, 
0x00, 0x00, 0x00, 0x00, 0x00, 0x00, 0x00, 0x00, 0x00, 0x00, 0x00, 0x00, 0x00, 0x04, 0x6C, 0xD3, 
0xFF, 0xFF, 0xFF, 0xDD, 0x80, 0x11, 0x00, 0x00, 0x00, 0x00, 0x00, 0x00, 0x00, 0x0C, 0x06, 0x00, 
0x00, 0x00, 0x00, 0x1F, 0xCF, 0xFF, 0xFF, 0xFF, 0xFF, 0xFF, 0xFF, 0xFF, 0xEF, 0x73, 0x06, 0x00, 
0x00, 0x00, 0x00, 0x50, 0xEC, 0xD3, 0x0D, 0x00, 0x00, 0x14, 0xE4, 0xFF, 0xFF, 0xFF, 0xFF, 0xFF, 
0xFF, 0xFF, 0xFF, 0xFF, 0xFF, 0xE7, 0x8B, 0x5F, 0x61, 0xB7, 0xFF, 0xFF, 0xFF, 0x60, 0x00, 0x00, 
0x3A, 0xFF, 0xFF, 0xFE, 0xA3, 0x3E, 0x30, 0x59, 0xB4, 0xFE, 0xFF, 0xFF, 0xFF, 0xFF, 0xFF, 0xFF, 
0xFF, 0xFF, 0xFF, 0xDF, 0x18, 0x00, 0x00, 0x00, 0x95, 0xDA, 0x3F, 0x00, 0x00, 0x00, 0x00, 0x00, 
0x35, 0xC1, 0xFF, 0xFF, 0xFF, 0xFF, 0xFF, 0xFF, 0xFF, 0xBE, 0x17, 0x00, 0x00, 0x00, 0x00, 0x00, 
0x00, 0x00, 0x00, 0x00, 0x00, 0x00, 0x00, 0x00, 0x00, 0x46, 0xA9, 0xE1, 0xFB, 0xEB, 0xB7, 0x54, 
0x00, 0x00, 0x00, 0x00, 0x00, 0x00, 0x00, 0x00, 0x00, 0x00, 0x00, 0x00, 0x00, 0x00, 0x00, 0x00, 
0x00, 0x00, 0x00, 0x00, 0x00, 0x00, 0x00, 0x0F, 0x28, 0x13, 0x00, 0x00, 0x00, 0x00, 0x00, 0x00, 
0x00, 0x00, 0x00, 0x00, 0x00, 0x00, 0x00, 0x00, 0x00, 0x00, 0x00, 0x00, 0x00, 0x5B, 0xFB, 0xFF, 
0xFD, 0x1A, 0x00, 0x00, 0x00, 0x00, 0x00, 0x00, 0x00, 0x00, 0x00, 0x00, 0x00, 0x00, 0x00, 0x00, 
0x00, 0x00, 0x00, 0x28, 0xF4, 0xFF, 0xFF, 0xA4, 0x00, 0x00, 0x00, 0x00, 0x00, 0x00, 0x00, 0x00, 
0x00, 0x00, 0x00, 0x00, 0x00, 0x00, 0x00, 0x00, 0x00, 0x08, 0xD2, 0xFF, 0xFF, 0xD9, 0x0C, 0x00, 
0x00, 0x00, 0x00, 0x00, 0x00, 0x00, 0x00, 0x00, 0x00, 0x00, 0x00, 0x00, 0x00, 0x00, 0x00, 0x00, 
0x9A, 0xFF, 0xFF, 0xF7, 0x2F, 0x00, 0x00, 0x00, 0x00, 0x00, 0x00, 0x00, 0x00, 0x00, 0x00, 0x00, 
0x00, 0x00, 0x00, 0x00, 0x00, 0x00, 0x57, 0xFF, 0xFF, 0xFF, 0x68, 0x00, 0x00, 0x00, 0x00, 0x00, 
0x00, 0x00, 0x8E, 0xB8, 0xB8, 0xB8, 0xB8, 0xB8, 0xB8, 0xB8, 0xB8, 0xB8, 0xB8, 0xF2, 0xFF, 0xFF, 
0xFA, 0xB8, 0xB8, 0xB8, 0xB0, 0x13, 0x00, 0x00, 0x3E, 0xFF, 0xFF, 0xFF, 0xFF, 0xFF, 0xFF, 0xFF, 
0xFF, 0xFF, 0xFF, 0xFF, 0xFF, 0xFF, 0xFF, 0xFF, 0xFF, 0xFF, 0xFF, 0xFF, 0x2F, 0x00, 0x00, 0x6B, 
0xFF, 0xFF, 0xFF, 0xFF, 0xFF, 0xFF, 0xFF, 0xFF, 0xFF, 0xFF, 0xFF, 0xFF, 0xFF, 0xFF, 0xFF, 0xFF, 
0xFF, 0xFF, 0xEE, 0x05, 0x00, 0x00, 0x29, 0x97, 0x98, 0x98, 0x98, 0x98, 0x98, 0x98, 0x98, 0xB8, 
0xFF, 0xFF, 0xFF, 0xC1, 0x98, 0x98, 0x98, 0x98, 0x98, 0x4B, 0x00, 0x00, 0x00, 0x00, 0x00, 0x00, 
0x00, 0x00, 0x00, 0x00, 0x00, 0x07, 0xCD, 0xFF, 0xFF, 0xD7, 0x0A, 0x00, 0x00, 0x00, 0x00, 0x00, 
0x00, 0x00, 0x00, 0x00, 0x00, 0x00, 0x00, 0x00, 0x00, 0x00, 0x00, 0x00, 0x94, 0xFF, 0xFF, 0xF7, 
0x2E, 0x00, 0x00, 0x00, 0x00, 0x00, 0x00, 0x00, 0x00, 0x00, 0x00, 0x00, 0x00, 0x00, 0x00, 0x00, 
0x00, 0x00, 0x53, 0xFF, 0xFF, 0xFF, 0x6A, 0x00, 0x00, 0x00, 0x00, 0x00, 0x00, 0x00, 0x00, 0x00, 
0x00, 0x00, 0x00, 0x00, 0x00, 0x00, 0x00, 0x00, 0x21, 0xF0, 0xFF, 0xFF, 0xAE, 0x00, 0x00, 0x00, 
0x00, 0x00, 0x00, 0x00, 0x00, 0x00, 0x00, 0x00, 0x00, 0x00, 0x00, 0x00, 0x00, 0x00, 0x06, 0xCA, 
0xFF, 0xFF, 0xE2, 0x11, 0x00, 0x00, 0x00, 0x00, 0x00, 0x00, 0x00, 0x00, 0x00, 0x00, 0x00, 0x57, 
0xA0, 0xA0, 0xA0, 0xA0, 0xA0, 0xBF, 0xFF, 0xFF, 0xFF, 0xCB, 0xA0, 0xA0, 0xA0, 0xA0, 0xA0, 0xA0, 
0xA0, 0x9E, 0x20, 0x00, 0x00, 0x0B, 0xF6, 0xFF, 0xFF, 0xFF, 0xFF, 0xFF, 0xFF, 0xFF, 0xFF, 0xFF, 
0xFF, 0xFF, 0xFF, 0xFF, 0xFF, 0xFF, 0xFF, 0xFF, 0xFF, 0x53, 0x00, 0x00, 0x38, 0xFF, 0xFF, 0xFF, 
0xFF, 0xFF, 0xFF, 0xFF, 0xFF, 0xFF, 0xFF, 0xFF, 0xFF, 0xFF, 0xFF, 0xFF, 0xFF, 0xFF, 0xFF, 0xFF, 
0x24, 0x00, 0x00, 0x17, 0xAA, 0xB0, 0xB0, 0xB0, 0xF3, 0xFF, 0xFF, 0xF7, 0xB0, 0xB0, 0xB0, 0xB0, 
0xB0, 0xB0, 0xB0, 0xB0, 0xB0, 0xB0, 0x7B, 0x00, 0x00, 0x00, 0x00, 0x00, 0x00, 0x00, 0x54, 0xFF, 
0xFF, 0xFF, 0x68, 0x00, 0x00, 0x00, 0x00, 0x00, 0x00, 0x00, 0x00, 0x00, 0x00, 0x00, 0x00, 0x00, 
0x00, 0x00, 0x00, 0x00, 0x20, 0xF0, 0xFF, 0xFF, 0xA9, 0x00, 0x00, 0x00, 0x00, 0x00, 0x00, 0x00, 
0x00, 0x00, 0x00, 0x00, 0x00, 0x00, 0x00, 0x00, 0x00, 0x00, 0x04, 0xC7, 0xFF, 0xFF, 0xDC, 0x0E, 
0x00, 0x00, 0x00, 0x00, 0x00, 0x00, 0x00, 0x00, 0x00, 0x00, 0x00, 0x00, 0x00, 0x00, 0x00, 0x00, 
0x00, 0x88, 0xFF, 0xFF, 0xF9, 0x33, 0x00, 0x00, 0x00, 0x00, 0x00, 0x00, 0x00, 0x00, 0x00, 0x00, 
0x00, 0x00, 0x00, 0x00, 0x00, 0x00, 0x00, 0x27, 0xFE, 0xFF, 0xFF, 0x6C, 0x00, 0x00, 0x00, 0x00, 
0x00, 0x00, 0x00, 0x00, 0x00, 0x00, 0x00, 0x00, 0x00, 0x00, 0x00, 0x00, 0x00, 0x00, 0x06, 0x52, 
0x5D, 0x39, 0x00, 0x00, 0x00, 0x00, 0x00, 0x00, 0x00, 0x00, 0x00, 0x00, 0x00, 0x00, 0x00, 0x00, 
0x00, 0x00, 0x00, 0x00, 0x00, 0x15, 0x7A, 0x43, 0x61, 0x6C, 0x69, 0x62, 0x72, 0x69, 0x49, 0x74, 
0x61, 0x6C, 0x69, 0x63, 0x20, 0x49, 0x74, 0x61, 0x6C, 0x69, 0x63, 0x00, 0x15, 0x7A, 0x43, 0x61, 
0x6C, 0x69, 0x62, 0x72, 0x69, 0x49, 0x74, 0x61, 0x6C, 0x69, 0x63, 0x2D, 0x49, 0x74, 0x61, 0x6C, 
0x69, 0x63, 0x01};