const uint8_t  zCalibri20[] PROGMEM = {
0x00, 0x00, 0x00, 0xBD, 0x00, 0x00, 0x00, 0x0B, 0x00, 0x00, 0x00, 0x14, 0x00, 0x00, 0x00, 0x00, 
0x00, 0x00, 0x00, 0x0E, 0x00, 0x00, 0x00, 0x04, 0x00, 0x00, 0x00, 0x00, 0x00, 0x00, 0x00, 0x01, 
0x00, 0x00, 0x00, 0x01, 0x00, 0x00, 0x00, 0x00, 0x00, 0x00, 0x00, 0x28, 0xFF, 0xFF, 0xFF, 0xEC, 
0x00, 0x00, 0x00, 0x00, 0x00, 0x00, 0x00, 0x00, 0x00, 0x00, 0x00, 0x01, 0x00, 0x00, 0x00, 0x01, 
0x00, 0x00, 0x00, 0x00, 0x00, 0x00, 0x00, 0x28, 0xFF, 0xFF, 0xFF, 0xEC, 0x00, 0x00, 0x00, 0x00, 
0x00, 0x00, 0x00, 0x09, 0x00, 0x00, 0x00, 0x01, 0x00, 0x00, 0x00, 0x01, 0x00, 0x00, 0x00, 0x00, 
0x00, 0x00, 0x00, 0x28, 0xFF, 0xFF, 0xFF, 0xEC, 0x00, 0x00, 0x00, 0x00, 0x00, 0x00, 0x00, 0x0A, 
0x00, 0x00, 0x00, 0x01, 0x00, 0x00, 0x00, 0x01, 0x00, 0x00, 0x00, 0x00, 0x00, 0x00, 0x00, 0x28, 
0xFF, 0xFF, 0xFF, 0xEC, 0x00, 0x00, 0x00, 0x00, 0x00, 0x00, 0x00, 0x0D, 0x00, 0x00, 0x00, 0x01, 
0x00, 0x00, 0x00, 0x01, 0x00, 0x00, 0x00, 0x00, 0x00, 0x00, 0x00, 0x28, 0xFF, 0xFF, 0xFF, 0xEC, 
0x00, 0x00, 0x00, 0x00, 0x00, 0x00, 0x00, 0x1D, 0x00, 0x00, 0x00, 0x01, 0x00, 0x00, 0x00, 0x01, 
0x00, 0x00, 0x00, 0x00, 0x00, 0x00, 0x00, 0x28, 0xFF, 0xFF, 0xFF, 0xEC, 0x00, 0x00, 0x00, 0x00, 
0x00, 0x00, 0x00, 0x21, 0x00, 0x00, 0x00, 0x0F, 0x00, 0x00, 0x00, 0x03, 0x00, 0x00, 0x00, 0x07, 
0x00, 0x00, 0x00, 0x0E, 0x00, 0x00, 0x00, 0x02, 0x00, 0x00, 0x00, 0x00, 0x00, 0x00, 0x00, 0x22, 
0x00, 0x00, 0x00, 0x06, 0x00, 0x00, 0x00, 0x06, 0x00, 0x00, 0x00, 0x08, 0x00, 0x00, 0x00, 0x0E, 
0x00, 0x00, 0x00, 0x01, 0x00, 0x00, 0x00, 0x00, 0x00, 0x00, 0x00, 0x23, 0x00, 0x00, 0x00, 0x0E, 
0x00, 0x00, 0x00, 0x0A, 0x00, 0x00, 0x00, 0x0A, 0x00, 0x00, 0x00, 0x0D, 0x00, 0x00, 0x00, 0x00, 
0x00, 0x00, 0x00, 0x00, 0x00, 0x00, 0x00, 0x24, 0x00, 0x00, 0x00, 0x12, 0x00, 0x00, 0x00, 0x0A, 
0x00, 0x00, 0x00, 0x0A, 0x00, 0x00, 0x00, 0x0F, 0x00, 0x00, 0x00, 0x00, 0x00, 0x00, 0x00, 0x00, 
0x00, 0x00, 0x00, 0x25, 0x00, 0x00, 0x00, 0x0F, 0x00, 0x00, 0x00, 0x0E, 0x00, 0x00, 0x00, 0x0E, 
0x00, 0x00, 0x00, 0x0E, 0x00, 0x00, 0x00, 0x00, 0x00, 0x00, 0x00, 0x00, 0x00, 0x00, 0x00, 0x26, 
0x00, 0x00, 0x00, 0x0F, 0x00, 0x00, 0x00, 0x0C, 0x00, 0x00, 0x00, 0x0E, 0x00, 0x00, 0x00, 0x0E, 
0x00, 0x00, 0x00, 0x01, 0x00, 0x00, 0x00, 0x00, 0x00, 0x00, 0x00, 0x27, 0x00, 0x00, 0x00, 0x06, 
0x00, 0x00, 0x00, 0x03, 0x00, 0x00, 0x00, 0x04, 0x00, 0x00, 0x00, 0x0E, 0x00, 0x00, 0x00, 0x01, 
0x00, 0x00, 0x00, 0x00, 0x00, 0x00, 0x00, 0x28, 0x00, 0x00, 0x00, 0x12, 0x00, 0x00, 0x00, 0x04, 
0x00, 0x00, 0x00, 0x06, 0x00, 0x00, 0x00, 0x0E, 0x00, 0x00, 0x00, 0x01, 0x00, 0x00, 0x00, 0x00, 
0x00, 0x00, 0x00, 0x29, 0x00, 0x00, 0x00, 0x12, 0x00, 0x00, 0x00, 0x04, 0x00, 0x00, 0x00, 0x06, 
0x00, 0x00, 0x00, 0x0E, 0x00, 0x00, 0x00, 0x01, 0x00, 0x00, 0x00, 0x00, 0x00, 0x00, 0x00, 0x2A, 
0x00, 0x00, 0x00, 0x08, 0x00, 0x00, 0x00, 0x08, 0x00, 0x00, 0x00, 0x0A, 0x00, 0x00, 0x00, 0x0E, 
0x00, 0x00, 0x00, 0x01, 0x00, 0x00, 0x00, 0x00, 0x00, 0x00, 0x00, 0x2B, 0x00, 0x00, 0x00, 0x0A, 
0x00, 0x00, 0x00, 0x0A, 0x00, 0x00, 0x00, 0x0A, 0x00, 0x00, 0x00, 0x0B, 0x00, 0x00, 0x00, 0x00, 
0x00, 0x00, 0x00, 0x00, 0x00, 0x00, 0x00, 0x2C, 0x00, 0x00, 0x00, 0x06, 0x00, 0x00, 0x00, 0x04, 
0x00, 0x00, 0x00, 0x05, 0x00, 0x00, 0x00, 0x03, 0x00, 0x00, 0x00, 0x00, 0x00, 0x00, 0x00, 0x00, 
0x00, 0x00, 0x00, 0x2E, 0x00, 0x00, 0x00, 0x04, 0x00, 0x00, 0x00, 0x03, 0x00, 0x00, 0x00, 0x05, 
0x00, 0x00, 0x00, 0x03, 0x00, 0x00, 0x00, 0x01, 0x00, 0x00, 0x00, 0x00, 0x00, 0x00, 0x00, 0x2F, 
0x00, 0x00, 0x00, 0x12, 0x00, 0x00, 0x00, 0x08, 0x00, 0x00, 0x00, 0x08, 0x00, 0x00, 0x00, 0x0F, 
0x00, 0x00, 0x00, 0x00, 0x00, 0x00, 0x00, 0x00, 0x00, 0x00, 0x00, 0x30, 0x00, 0x00, 0x00, 0x0E, 
0x00, 0x00, 0x00, 0x0A, 0x00, 0x00, 0x00, 0x0A, 0x00, 0x00, 0x00, 0x0D, 0x00, 0x00, 0x00, 0x00, 
0x00, 0x00, 0x00, 0x00, 0x00, 0x00, 0x00, 0x31, 0x00, 0x00, 0x00, 0x0D, 0x00, 0x00, 0x00, 0x09, 
0x00, 0x00, 0x00, 0x0A, 0x00, 0x00, 0x00, 0x0D, 0x00, 0x00, 0x00, 0x01, 0x00, 0x00, 0x00, 0x00, 
0x00, 0x00, 0x00, 0x32, 0x00, 0x00, 0x00, 0x0D, 0x00, 0x00, 0x00, 0x09, 0x00, 0x00, 0x00, 0x0A, 
0x00, 0x00, 0x00, 0x0D, 0x00, 0x00, 0x00, 0x01, 0x00, 0x00, 0x00, 0x00, 0x00, 0x00, 0x00, 0x33, 
0x00, 0x00, 0x00, 0x0E, 0x00, 0x00, 0x00, 0x08, 0x00, 0x00, 0x00, 0x0A, 0x00, 0x00, 0x00, 0x0D, 
0x00, 0x00, 0x00, 0x01, 0x00, 0x00, 0x00, 0x00, 0x00, 0x00, 0x00, 0x34, 0x00, 0x00, 0x00, 0x0E, 
0x00, 0x00, 0x00, 0x0A, 0x00, 0x00, 0x00, 0x0A, 0x00, 0x00, 0x00, 0x0D, 0x00, 0x00, 0x00, 0x00, 
0x00, 0x00, 0x00, 0x00, 0x00, 0x00, 0x00, 0x35, 0x00, 0x00, 0x00, 0x0E, 0x00, 0x00, 0x00, 0x09, 
0x00, 0x00, 0x00, 0x0A, 0x00, 0x00, 0x00, 0x0D, 0x00, 0x00, 0x00, 0x00, 0x00, 0x00, 0x00, 0x00, 
0x00, 0x00, 0x00, 0x36, 0x00, 0x00, 0x00, 0x0E, 0x00, 0x00, 0x00, 0x09, 0x00, 0x00, 0x00, 0x0A, 
0x00, 0x00, 0x00, 0x0D, 0x00, 0x00, 0x00, 0x01, 0x00, 0x00, 0x00, 0x00, 0x00, 0x00, 0x00, 0x37, 
0x00, 0x00, 0x00, 0x0E, 0x00, 0x00, 0x00, 0x0A, 0x00, 0x00, 0x00, 0x0A, 0x00, 0x00, 0x00, 0x0D, 
0x00, 0x00, 0x00, 0x00, 0x00, 0x00, 0x00, 0x00, 0x00, 0x00, 0x00, 0x38, 0x00, 0x00, 0x00, 0x0E, 
0x00, 0x00, 0x00, 0x0A, 0x00, 0x00, 0x00, 0x0A, 0x00, 0x00, 0x00, 0x0D, 0x00, 0x00, 0x00, 0x00, 
0x00, 0x00, 0x00, 0x00, 0x00, 0x00, 0x00, 0x39, 0x00, 0x00, 0x00, 0x0E, 0x00, 0x00, 0x00, 0x0A, 
0x00, 0x00, 0x00, 0x0A, 0x00, 0x00, 0x00, 0x0D, 0x00, 0x00, 0x00, 0x00, 0x00, 0x00, 0x00, 0x00, 
0x00, 0x00, 0x00, 0x3A, 0x00, 0x00, 0x00, 0x0A, 0x00, 0x00, 0x00, 0x03, 0x00, 0x00, 0x00, 0x05, 
0x00, 0x00, 0x00, 0x09, 0x00, 0x00, 0x00, 0x01, 0x00, 0x00, 0x00, 0x00, 0x00, 0x00, 0x00, 0x3B, 
0x00, 0x00, 0x00, 0x0C, 0x00, 0x00, 0x00, 0x04, 0x00, 0x00, 0x00, 0x05, 0x00, 0x00, 0x00, 0x09, 
0x00, 0x00, 0x00, 0x00, 0x00, 0x00, 0x00, 0x00, 0x00, 0x00, 0x00, 0x3C, 0x00, 0x00, 0x00, 0x0B, 
0x00, 0x00, 0x00, 0x09, 0x00, 0x00, 0x00, 0x0A, 0x00, 0x00, 0x00, 0x0B, 0x00, 0x00, 0x00, 0x00, 
0x00, 0x00, 0x00, 0x00, 0x00, 0x00, 0x00, 0x3D, 0x00, 0x00, 0x00, 0x06, 0x00, 0x00, 0x00, 0x0A, 
0x00, 0x00, 0x00, 0x0A, 0x00, 0x00, 0x00, 0x09, 0x00, 0x00, 0x00, 0x00, 0x00, 0x00, 0x00, 0x00, 
0x00, 0x00, 0x00, 0x3E, 0x00, 0x00, 0x00, 0x0B, 0x00, 0x00, 0x00, 0x0A, 0x00, 0x00, 0x00, 0x0A, 
0x00, 0x00, 0x00, 0x0B, 0x00, 0x00, 0x00, 0x00, 0x00, 0x00, 0x00, 0x00, 0x00, 0x00, 0x00, 0x40, 
0x00, 0x00, 0x00, 0x10, 0x00, 0x00, 0x00, 0x10, 0x00, 0x00, 0x00, 0x12, 0x00, 0x00, 0x00, 0x0D, 
0x00, 0x00, 0x00, 0x01, 0x00, 0x00, 0x00, 0x00, 0x00, 0x00, 0x00, 0x41, 0x00, 0x00, 0x00, 0x0E, 
0x00, 0x00, 0x00, 0x0C, 0x00, 0x00, 0x00, 0x0C, 0x00, 0x00, 0x00, 0x0D, 0x00, 0x00, 0x00, 0x00, 
0x00, 0x00, 0x00, 0x00, 0x00, 0x00, 0x00, 0x42, 0x00, 0x00, 0x00, 0x0D, 0x00, 0x00, 0x00, 0x09, 
0x00, 0x00, 0x00, 0x0B, 0x00, 0x00, 0x00, 0x0D, 0x00, 0x00, 0x00, 0x01, 0x00, 0x00, 0x00, 0x00, 
0x00, 0x00, 0x00, 0x43, 0x00, 0x00, 0x00, 0x0E, 0x00, 0x00, 0x00, 0x0B, 0x00, 0x00, 0x00, 0x0B, 
0x00, 0x00, 0x00, 0x0D, 0x00, 0x00, 0x00, 0x00, 0x00, 0x00, 0x00, 0x00, 0x00, 0x00, 0x00, 0x44, 
0x00, 0x00, 0x00, 0x0D, 0x00, 0x00, 0x00, 0x0B, 0x00, 0x00, 0x00, 0x0C, 0x00, 0x00, 0x00, 0x0D, 
0x00, 0x00, 0x00, 0x01, 0x00, 0x00, 0x00, 0x00, 0x00, 0x00, 0x00, 0x45, 0x00, 0x00, 0x00, 0x0D, 
0x00, 0x00, 0x00, 0x08, 0x00, 0x00, 0x00, 0x0A, 0x00, 0x00, 0x00, 0x0D, 0x00, 0x00, 0x00, 0x01, 
0x00, 0x00, 0x00, 0x00, 0x00, 0x00, 0x00, 0x46, 0x00, 0x00, 0x00, 0x0E, 0x00, 0x00, 0x00, 0x08, 
0x00, 0x00, 0x00, 0x09, 0x00, 0x00, 0x00, 0x0D, 0x00, 0x00, 0x00, 0x01, 0x00, 0x00, 0x00, 0x00, 
0x00, 0x00, 0x00, 0x47, 0x00, 0x00, 0x00, 0x0E, 0x00, 0x00, 0x00, 0x0C, 0x00, 0x00, 0x00, 0x0D, 
0x00, 0x00, 0x00, 0x0D, 0x00, 0x00, 0x00, 0x00, 0x00, 0x00, 0x00, 0x00, 0x00, 0x00, 0x00, 0x48, 
0x00, 0x00, 0x00, 0x0E, 0x00, 0x00, 0x00, 0x0A, 0x00, 0x00, 0x00, 0x0C, 0x00, 0x00, 0x00, 0x0D, 
0x00, 0x00, 0x00, 0x01, 0x00, 0x00, 0x00, 0x00, 0x00, 0x00, 0x00, 0x49, 0x00, 0x00, 0x00, 0x0E, 
0x00, 0x00, 0x00, 0x03, 0x00, 0x00, 0x00, 0x05, 0x00, 0x00, 0x00, 0x0D, 0x00, 0x00, 0x00, 0x01, 
0x00, 0x00, 0x00, 0x00, 0x00, 0x00, 0x00, 0x4A, 0x00, 0x00, 0x00, 0x0E, 0x00, 0x00, 0x00, 0x05, 
0x00, 0x00, 0x00, 0x06, 0x00, 0x00, 0x00, 0x0D, 0x00, 0x00, 0x00, 0x00, 0x00, 0x00, 0x00, 0x00, 
0x00, 0x00, 0x00, 0x4B, 0x00, 0x00, 0x00, 0x0E, 0x00, 0x00, 0x00, 0x09, 0x00, 0x00, 0x00, 0x0A, 
0x00, 0x00, 0x00, 0x0D, 0x00, 0x00, 0x00, 0x01, 0x00, 0x00, 0x00, 0x00, 0x00, 0x00, 0x00, 0x4C, 
0x00, 0x00, 0x00, 0x0D, 0x00, 0x00, 0x00, 0x08, 0x00, 0x00, 0x00, 0x08, 0x00, 0x00, 0x00, 0x0D, 
0x00, 0x00, 0x00, 0x01, 0x00, 0x00, 0x00, 0x00, 0x00, 0x00, 0x00, 0x4D, 0x00, 0x00, 0x00, 0x0E, 
0x00, 0x00, 0x00, 0x0F, 0x00, 0x00, 0x00, 0x11, 0x00, 0x00, 0x00, 0x0D, 0x00, 0x00, 0x00, 0x01, 
0x00, 0x00, 0x00, 0x00, 0x00, 0x00, 0x00, 0x4E, 0x00, 0x00, 0x00, 0x0E, 0x00, 0x00, 0x00, 0x0B, 
0x00, 0x00, 0x00, 0x0D, 0x00, 0x00, 0x00, 0x0D, 0x00, 0x00, 0x00, 0x01, 0x00, 0x00, 0x00, 0x00, 
0x00, 0x00, 0x00, 0x4F, 0x00, 0x00, 0x00, 0x0E, 0x00, 0x00, 0x00, 0x0D, 0x00, 0x00, 0x00, 0x0D, 
0x00, 0x00, 0x00, 0x0D, 0x00, 0x00, 0x00, 0x00, 0x00, 0x00, 0x00, 0x00, 0x00, 0x00, 0x00, 0x50, 
0x00, 0x00, 0x00, 0x0E, 0x00, 0x00, 0x00, 0x09, 0x00, 0x00, 0x00, 0x0A, 0x00, 0x00, 0x00, 0x0D, 
0x00, 0x00, 0x00, 0x01, 0x00, 0x00, 0x00, 0x00, 0x00, 0x00, 0x00, 0x51, 0x00, 0x00, 0x00, 0x0F, 
0x00, 0x00, 0x00, 0x0E, 0x00, 0x00, 0x00, 0x0D, 0x00, 0x00, 0x00, 0x0D, 0x00, 0x00, 0x00, 0x00, 
0x00, 0x00, 0x00, 0x00, 0x00, 0x00, 0x00, 0x52, 0x00, 0x00, 0x00, 0x0E, 0x00, 0x00, 0x00, 0x0A, 
0x00, 0x00, 0x00, 0x0B, 0x00, 0x00, 0x00, 0x0D, 0x00, 0x00, 0x00, 0x01, 0x00, 0x00, 0x00, 0x00, 
0x00, 0x00, 0x00, 0x53, 0x00, 0x00, 0x00, 0x0E, 0x00, 0x00, 0x00, 0x09, 0x00, 0x00, 0x00, 0x09, 
0x00, 0x00, 0x00, 0x0D, 0x00, 0x00, 0x00, 0x00, 0x00, 0x00, 0x00, 0x00, 0x00, 0x00, 0x00, 0x54, 
0x00, 0x00, 0x00, 0x0E, 0x00, 0x00, 0x00, 0x0A, 0x00, 0x00, 0x00, 0x0A, 0x00, 0x00, 0x00, 0x0D, 
0x00, 0x00, 0x00, 0x00, 0x00, 0x00, 0x00, 0x00, 0x00, 0x00, 0x00, 0x55, 0x00, 0x00, 0x00, 0x0E, 
0x00, 0x00, 0x00, 0x0B, 0x00, 0x00, 0x00, 0x0D, 0x00, 0x00, 0x00, 0x0D, 0x00, 0x00, 0x00, 0x01, 
0x00, 0x00, 0x00, 0x00, 0x00, 0x00, 0x00, 0x56, 0x00, 0x00, 0x00, 0x0E, 0x00, 0x00, 0x00, 0x0B, 
0x00, 0x00, 0x00, 0x0B, 0x00, 0x00, 0x00, 0x0D, 0x00, 0x00, 0x00, 0x00, 0x00, 0x00, 0x00, 0x00, 
0x00, 0x00, 0x00, 0x57, 0x00, 0x00, 0x00, 0x0E, 0x00, 0x00, 0x00, 0x12, 0x00, 0x00, 0x00, 0x12, 
0x00, 0x00, 0x00, 0x0D, 0x00, 0x00, 0x00, 0x00, 0x00, 0x00, 0x00, 0x00, 0x00, 0x00, 0x00, 0x58, 
0x00, 0x00, 0x00, 0x0E, 0x00, 0x00, 0x00, 0x0A, 0x00, 0x00, 0x00, 0x0A, 0x00, 0x00, 0x00, 0x0D, 
0x00, 0x00, 0x00, 0x00, 0x00, 0x00, 0x00, 0x00, 0x00, 0x00, 0x00, 0x59, 0x00, 0x00, 0x00, 0x0E, 
0x00, 0x00, 0x00, 0x0A, 0x00, 0x00, 0x00, 0x0A, 0x00, 0x00, 0x00, 0x0D, 0x00, 0x00, 0x00, 0x00, 
0x00, 0x00, 0x00, 0x00, 0x00, 0x00, 0x00, 0x5A, 0x00, 0x00, 0x00, 0x0D, 0x00, 0x00, 0x00, 0x09, 
0x00, 0x00, 0x00, 0x09, 0x00, 0x00, 0x00, 0x0D, 0x00, 0x00, 0x00, 0x00, 0x00, 0x00, 0x00, 0x00, 
0x00, 0x00, 0x00, 0x5B, 0x00, 0x00, 0x00, 0x12, 0x00, 0x00, 0x00, 0x05, 0x00, 0x00, 0x00, 0x06, 
0x00, 0x00, 0x00, 0x0E, 0x00, 0x00, 0x00, 0x01, 0x00, 0x00, 0x00, 0x00, 0x00, 0x00, 0x00, 0x5C, 
0x00, 0x00, 0x00, 0x12, 0x00, 0x00, 0x00, 0x08, 0x00, 0x00, 0x00, 0x08, 0x00, 0x00, 0x00, 0x0F, 
0x00, 0x00, 0x00, 0x00, 0x00, 0x00, 0x00, 0x00, 0x00, 0x00, 0x00, 0x5D, 0x00, 0x00, 0x00, 0x12, 
0x00, 0x00, 0x00, 0x05, 0x00, 0x00, 0x00, 0x06, 0x00, 0x00, 0x00, 0x0E, 0x00, 0x00, 0x00, 0x00, 
0x00, 0x00, 0x00, 0x00, 0x00, 0x00, 0x00, 0x5E, 0x00, 0x00, 0x00, 0x08, 0x00, 0x00, 0x00, 0x08, 
0x00, 0x00, 0x00, 0x0A, 0x00, 0x00, 0x00, 0x0D, 0x00, 0x00, 0x00, 0x01, 0x00, 0x00, 0x00, 0x00, 
0x00, 0x00, 0x00, 0x5F, 0x00, 0x00, 0x00, 0x02, 0x00, 0x00, 0x00, 0x0B, 0x00, 0x00, 0x00, 0x0A, 
0xFF, 0xFF, 0xFF, 0xFE, 0xFF, 0xFF, 0xFF, 0xFF, 0x00, 0x00, 0x00, 0x00, 0x00, 0x00, 0x00, 0x60, 
0x00, 0x00, 0x00, 0x04, 0x00, 0x00, 0x00, 0x04, 0x00, 0x00, 0x00, 0x06, 0x00, 0x00, 0x00, 0x0E, 
0x00, 0x00, 0x00, 0x01, 0x00, 0x00, 0x00, 0x00, 0x00, 0x00, 0x00, 0x61, 0x00, 0x00, 0x00, 0x0B, 
0x00, 0x00, 0x00, 0x09, 0x00, 0x00, 0x00, 0x0A, 0x00, 0x00, 0x00, 0x0A, 0x00, 0x00, 0x00, 0x00, 
0x00, 0x00, 0x00, 0x00, 0x00, 0x00, 0x00, 0x62, 0x00, 0x00, 0x00, 0x0F, 0x00, 0x00, 0x00, 0x09, 
0x00, 0x00, 0x00, 0x0B, 0x00, 0x00, 0x00, 0x0E, 0x00, 0x00, 0x00, 0x01, 0x00, 0x00, 0x00, 0x00, 
0x00, 0x00, 0x00, 0x63, 0x00, 0x00, 0x00, 0x0B, 0x00, 0x00, 0x00, 0x08, 0x00, 0x00, 0x00, 0x08, 
0x00, 0x00, 0x00, 0x0A, 0x00, 0x00, 0x00, 0x00, 0x00, 0x00, 0x00, 0x00, 0x00, 0x00, 0x00, 0x64, 
0x00, 0x00, 0x00, 0x0F, 0x00, 0x00, 0x00, 0x0A, 0x00, 0x00, 0x00, 0x0B, 0x00, 0x00, 0x00, 0x0E, 
0x00, 0x00, 0x00, 0x00, 0x00, 0x00, 0x00, 0x00, 0x00, 0x00, 0x00, 0x65, 0x00, 0x00, 0x00, 0x0B, 
0x00, 0x00, 0x00, 0x09, 0x00, 0x00, 0x00, 0x0A, 0x00, 0x00, 0x00, 0x0A, 0x00, 0x00, 0x00, 0x00, 
0x00, 0x00, 0x00, 0x00, 0x00, 0x00, 0x00, 0x66, 0x00, 0x00, 0x00, 0x0F, 0x00, 0x00, 0x00, 0x07, 
0x00, 0x00, 0x00, 0x06, 0x00, 0x00, 0x00, 0x0E, 0x00, 0x00, 0x00, 0x00, 0x00, 0x00, 0x00, 0x00, 
0x00, 0x00, 0x00, 0x67, 0x00, 0x00, 0x00, 0x0E, 0x00, 0x00, 0x00, 0x09, 0x00, 0x00, 0x00, 0x09, 
0x00, 0x00, 0x00, 0x0A, 0x00, 0x00, 0x00, 0x00, 0x00, 0x00, 0x00, 0x00, 0x00, 0x00, 0x00, 0x68, 
0x00, 0x00, 0x00, 0x0F, 0x00, 0x00, 0x00, 0x09, 0x00, 0x00, 0x00, 0x0B, 0x00, 0x00, 0x00, 0x0E, 
0x00, 0x00, 0x00, 0x01, 0x00, 0x00, 0x00, 0x00, 0x00, 0x00, 0x00, 0x69, 0x00, 0x00, 0x00, 0x0E, 
0x00, 0x00, 0x00, 0x03, 0x00, 0x00, 0x00, 0x05, 0x00, 0x00, 0x00, 0x0D, 0x00, 0x00, 0x00, 0x01, 
0x00, 0x00, 0x00, 0x00, 0x00, 0x00, 0x00, 0x6A, 0x00, 0x00, 0x00, 0x11, 0x00, 0x00, 0x00, 0x05, 
0x00, 0x00, 0x00, 0x05, 0x00, 0x00, 0x00, 0x0D, 0xFF, 0xFF, 0xFF, 0xFF, 0x00, 0x00, 0x00, 0x00, 
0x00, 0x00, 0x00, 0x6B, 0x00, 0x00, 0x00, 0x0F, 0x00, 0x00, 0x00, 0x08, 0x00, 0x00, 0x00, 0x09, 
0x00, 0x00, 0x00, 0x0E, 0x00, 0x00, 0x00, 0x01, 0x00, 0x00, 0x00, 0x00, 0x00, 0x00, 0x00, 0x6C, 
0x00, 0x00, 0x00, 0x0F, 0x00, 0x00, 0x00, 0x03, 0x00, 0x00, 0x00, 0x05, 0x00, 0x00, 0x00, 0x0E, 
0x00, 0x00, 0x00, 0x01, 0x00, 0x00, 0x00, 0x00, 0x00, 0x00, 0x00, 0x6D, 0x00, 0x00, 0x00, 0x0B, 
0x00, 0x00, 0x00, 0x0E, 0x00, 0x00, 0x00, 0x10, 0x00, 0x00, 0x00, 0x0A, 0x00, 0x00, 0x00, 0x01, 
0x00, 0x00, 0x00, 0x00, 0x00, 0x00, 0x00, 0x6E, 0x00, 0x00, 0x00, 0x0B, 0x00, 0x00, 0x00, 0x09, 
0x00, 0x00, 0x00, 0x0B, 0x00, 0x00, 0x00, 0x0A, 0x00, 0x00, 0x00, 0x01, 0x00, 0x00, 0x00, 0x00, 
0x00, 0x00, 0x00, 0x6F, 0x00, 0x00, 0x00, 0x0B, 0x00, 0x00, 0x00, 0x0A, 0x00, 0x00, 0x00, 0x0B, 
0x00, 0x00, 0x00, 0x0A, 0x00, 0x00, 0x00, 0x00, 0x00, 0x00, 0x00, 0x00, 0x00, 0x00, 0x00, 0x70, 
0x00, 0x00, 0x00, 0x0E, 0x00, 0x00, 0x00, 0x09, 0x00, 0x00, 0x00, 0x0B, 0x00, 0x00, 0x00, 0x0A, 
0x00, 0x00, 0x00, 0x01, 0x00, 0x00, 0x00, 0x00, 0x00, 0x00, 0x00, 0x71, 0x00, 0x00, 0x00, 0x0E, 
0x00, 0x00, 0x00, 0x0A, 0x00, 0x00, 0x00, 0x0B, 0x00, 0x00, 0x00, 0x0A, 0x00, 0x00, 0x00, 0x00, 
0x00, 0x00, 0x00, 0x00, 0x00, 0x00, 0x00, 0x72, 0x00, 0x00, 0x00, 0x0B, 0x00, 0x00, 0x00, 0x06, 
0x00, 0x00, 0x00, 0x07, 0x00, 0x00, 0x00, 0x0A, 0x00, 0x00, 0x00, 0x01, 0x00, 0x00, 0x00, 0x00, 
0x00, 0x00, 0x00, 0x73, 0x00, 0x00, 0x00, 0x0B, 0x00, 0x00, 0x00, 0x07, 0x00, 0x00, 0x00, 0x08, 
0x00, 0x00, 0x00, 0x0A, 0x00, 0x00, 0x00, 0x00, 0x00, 0x00, 0x00, 0x00, 0x00, 0x00, 0x00, 0x74, 
0x00, 0x00, 0x00, 0x0D, 0x00, 0x00, 0x00, 0x07, 0x00, 0x00, 0x00, 0x07, 0x00, 0x00, 0x00, 0x0C, 
0x00, 0x00, 0x00, 0x00, 0x00, 0x00, 0x00, 0x00, 0x00, 0x00, 0x00, 0x75, 0x00, 0x00, 0x00, 0x0B, 
0x00, 0x00, 0x00, 0x09, 0x00, 0x00, 0x00, 0x0B, 0x00, 0x00, 0x00, 0x0A, 0x00, 0x00, 0x00, 0x01, 
0x00, 0x00, 0x00, 0x00, 0x00, 0x00, 0x00, 0x76, 0x00, 0x00, 0x00, 0x0B, 0x00, 0x00, 0x00, 0x09, 
0x00, 0x00, 0x00, 0x09, 0x00, 0x00, 0x00, 0x0A, 0x00, 0x00, 0x00, 0x00, 0x00, 0x00, 0x00, 0x00, 
0x00, 0x00, 0x00, 0x77, 0x00, 0x00, 0x00, 0x0B, 0x00, 0x00, 0x00, 0x0E, 0x00, 0x00, 0x00, 0x0E, 
0x00, 0x00, 0x00, 0x0A, 0x00, 0x00, 0x00, 0x00, 0x00, 0x00, 0x00, 0x00, 0x00, 0x00, 0x00, 0x78, 
0x00, 0x00, 0x00, 0x0B, 0x00, 0x00, 0x00, 0x09, 0x00, 0x00, 0x00, 0x09, 0x00, 0x00, 0x00, 0x0A, 
0x00, 0x00, 0x00, 0x00, 0x00, 0x00, 0x00, 0x00, 0x00, 0x00, 0x00, 0x79, 0x00, 0x00, 0x00, 0x0E, 
0x00, 0x00, 0x00, 0x09, 0x00, 0x00, 0x00, 0x09, 0x00, 0x00, 0x00, 0x0A, 0x00, 0x00, 0x00, 0x00, 
0x00, 0x00, 0x00, 0x00, 0x00, 0x00, 0x00, 0x7A, 0x00, 0x00, 0x00, 0x0A, 0x00, 0x00, 0x00, 0x08, 
0x00, 0x00, 0x00, 0x08, 0x00, 0x00, 0x00, 0x0A, 0x00, 0x00, 0x00, 0x00, 0x00, 0x00, 0x00, 0x00, 
0x00, 0x00, 0x00, 0x7B, 0x00, 0x00, 0x00, 0x12, 0x00, 0x00, 0x00, 0x06, 0x00, 0x00, 0x00, 0x06, 
0x00, 0x00, 0x00, 0x0E, 0x00, 0x00, 0x00, 0x00, 0x00, 0x00, 0x00, 0x00, 0x00, 0x00, 0x00, 0x7C, 
0x00, 0x00, 0x00, 0x12, 0x00, 0x00, 0x00, 0x03, 0x00, 0x00, 0x00, 0x09, 0x00, 0x00, 0x00, 0x0E, 
0x00, 0x00, 0x00, 0x03, 0x00, 0x00, 0x00, 0x00, 0x00, 0x00, 0x00, 0x7D, 0x00, 0x00, 0x00, 0x12, 
0x00, 0x00, 0x00, 0x05, 0x00, 0x00, 0x00, 0x06, 0x00, 0x00, 0x00, 0x0E, 0x00, 0x00, 0x00, 0x01, 
0x00, 0x00, 0x00, 0x00, 0x00, 0x00, 0x00, 0x7E, 0x00, 0x00, 0x00, 0x05, 0x00, 0x00, 0x00, 0x0A, 
0x00, 0x00, 0x00, 0x0A, 0x00, 0x00, 0x00, 0x0C, 0x00, 0x00, 0x00, 0x00, 0x00, 0x00, 0x00, 0x00, 
0x00, 0x00, 0x00, 0xB0, 0x00, 0x00, 0x00, 0x06, 0x00, 0x00, 0x00, 0x05, 0x00, 0x00, 0x00, 0x07, 
0x00, 0x00, 0x00, 0x0E, 0x00, 0x00, 0x00, 0x01, 0x00, 0x00, 0x00, 0x00, 0x00, 0x00, 0x00, 0xB1, 
0x00, 0x00, 0x00, 0x0C, 0x00, 0x00, 0x00, 0x0A, 0x00, 0x00, 0x00, 0x0A, 0x00, 0x00, 0x00, 0x0C, 
0x00, 0x00, 0x00, 0x00, 0x00, 0x00, 0x00, 0x00, 0x00, 0x00, 0x00, 0xD7, 0x00, 0x00, 0x00, 0x09, 
0x00, 0x00, 0x00, 0x09, 0x00, 0x00, 0x00, 0x0A, 0x00, 0x00, 0x00, 0x0A, 0x00, 0x00, 0x00, 0x00, 
0x00, 0x00, 0x00, 0x00, 0x00, 0x00, 0x00, 0xF7, 0x00, 0x00, 0x00, 0x0B, 0x00, 0x00, 0x00, 0x0A, 
0x00, 0x00, 0x00, 0x0A, 0x00, 0x00, 0x00, 0x0B, 0x00, 0x00, 0x00, 0x00, 0x00, 0x00, 0x00, 0x00, 
0x00, 0x00, 0x04, 0x01, 0x00, 0x00, 0x00, 0x10, 0x00, 0x00, 0x00, 0x08, 0x00, 0x00, 0x00, 0x0A, 
0x00, 0x00, 0x00, 0x10, 0x00, 0x00, 0x00, 0x01, 0x00, 0x00, 0x00, 0x00, 0x00, 0x00, 0x04, 0x10, 
0x00, 0x00, 0x00, 0x0E, 0x00, 0x00, 0x00, 0x0C, 0x00, 0x00, 0x00, 0x0C, 0x00, 0x00, 0x00, 0x0D, 
0x00, 0x00, 0x00, 0x00, 0x00, 0x00, 0x00, 0x00, 0x00, 0x00, 0x04, 0x11, 0x00, 0x00, 0x00, 0x0D, 
0x00, 0x00, 0x00, 0x09, 0x00, 0x00, 0x00, 0x0B, 0x00, 0x00, 0x00, 0x0D, 0x00, 0x00, 0x00, 0x01, 
0x00, 0x00, 0x00, 0x00, 0x00, 0x00, 0x04, 0x12, 0x00, 0x00, 0x00, 0x0D, 0x00, 0x00, 0x00, 0x09, 
0x00, 0x00, 0x00, 0x0B, 0x00, 0x00, 0x00, 0x0D, 0x00, 0x00, 0x00, 0x01, 0x00, 0x00, 0x00, 0x00, 
0x00, 0x00, 0x04, 0x13, 0x00, 0x00, 0x00, 0x0E, 0x00, 0x00, 0x00, 0x08, 0x00, 0x00, 0x00, 0x09, 
0x00, 0x00, 0x00, 0x0D, 0x00, 0x00, 0x00, 0x01, 0x00, 0x00, 0x00, 0x00, 0x00, 0x00, 0x04, 0x14, 
0x00, 0x00, 0x00, 0x11, 0x00, 0x00, 0x00, 0x0D, 0x00, 0x00, 0x00, 0x0D, 0x00, 0x00, 0x00, 0x0D, 
0x00, 0x00, 0x00, 0x00, 0x00, 0x00, 0x00, 0x00, 0x00, 0x00, 0x04, 0x15, 0x00, 0x00, 0x00, 0x0D, 
0x00, 0x00, 0x00, 0x08, 0x00, 0x00, 0x00, 0x0A, 0x00, 0x00, 0x00, 0x0D, 0x00, 0x00, 0x00, 0x01, 
0x00, 0x00, 0x00, 0x00, 0x00, 0x00, 0x04, 0x16, 0x00, 0x00, 0x00, 0x0E, 0x00, 0x00, 0x00, 0x10, 
0x00, 0x00, 0x00, 0x10, 0x00, 0x00, 0x00, 0x0D, 0x00, 0x00, 0x00, 0x00, 0x00, 0x00, 0x00, 0x00, 
0x00, 0x00, 0x04, 0x17, 0x00, 0x00, 0x00, 0x0E, 0x00, 0x00, 0x00, 0x09, 0x00, 0x00, 0x00, 0x09, 
0x00, 0x00, 0x00, 0x0D, 0x00, 0x00, 0x00, 0x00, 0x00, 0x00, 0x00, 0x00, 0x00, 0x00, 0x04, 0x18, 
0x00, 0x00, 0x00, 0x0E, 0x00, 0x00, 0x00, 0x0B, 0x00, 0x00, 0x00, 0x0D, 0x00, 0x00, 0x00, 0x0D, 
0x00, 0x00, 0x00, 0x01, 0x00, 0x00, 0x00, 0x00, 0x00, 0x00, 0x04, 0x19, 0x00, 0x00, 0x00, 0x12, 
0x00, 0x00, 0x00, 0x0B, 0x00, 0x00, 0x00, 0x0D, 0x00, 0x00, 0x00, 0x11, 0x00, 0x00, 0x00, 0x01, 
0x00, 0x00, 0x00, 0x00, 0x00, 0x00, 0x04, 0x1A, 0x00, 0x00, 0x00, 0x0E, 0x00, 0x00, 0x00, 0x0A, 
0x00, 0x00, 0x00, 0x0B, 0x00, 0x00, 0x00, 0x0D, 0x00, 0x00, 0x00, 0x01, 0x00, 0x00, 0x00, 0x00, 
0x00, 0x00, 0x04, 0x1B, 0x00, 0x00, 0x00, 0x0E, 0x00, 0x00, 0x00, 0x0B, 0x00, 0x00, 0x00, 0x0C, 
0x00, 0x00, 0x00, 0x0D, 0x00, 0x00, 0x00, 0x00, 0x00, 0x00, 0x00, 0x00, 0x00, 0x00, 0x04, 0x1C, 
0x00, 0x00, 0x00, 0x0E, 0x00, 0x00, 0x00, 0x0F, 0x00, 0x00, 0x00, 0x11, 0x00, 0x00, 0x00, 0x0D, 
0x00, 0x00, 0x00, 0x01, 0x00, 0x00, 0x00, 0x00, 0x00, 0x00, 0x04, 0x1D, 0x00, 0x00, 0x00, 0x0E, 
0x00, 0x00, 0x00, 0x0A, 0x00, 0x00, 0x00, 0x0C, 0x00, 0x00, 0x00, 0x0D, 0x00, 0x00, 0x00, 0x01, 
0x00, 0x00, 0x00, 0x00, 0x00, 0x00, 0x04, 0x1E, 0x00, 0x00, 0x00, 0x0E, 0x00, 0x00, 0x00, 0x0D, 
0x00, 0x00, 0x00, 0x0D, 0x00, 0x00, 0x00, 0x0D, 0x00, 0x00, 0x00, 0x00, 0x00, 0x00, 0x00, 0x00, 
0x00, 0x00, 0x04, 0x1F, 0x00, 0x00, 0x00, 0x0E, 0x00, 0x00, 0x00, 0x0A, 0x00, 0x00, 0x00, 0x0C, 
0x00, 0x00, 0x00, 0x0D, 0x00, 0x00, 0x00, 0x01, 0x00, 0x00, 0x00, 0x00, 0x00, 0x00, 0x04, 0x20, 
0x00, 0x00, 0x00, 0x0E, 0x00, 0x00, 0x00, 0x09, 0x00, 0x00, 0x00, 0x0A, 0x00, 0x00, 0x00, 0x0D, 
0x00, 0x00, 0x00, 0x01, 0x00, 0x00, 0x00, 0x00, 0x00, 0x00, 0x04, 0x21, 0x00, 0x00, 0x00, 0x0E, 
0x00, 0x00, 0x00, 0x0B, 0x00, 0x00, 0x00, 0x0B, 0x00, 0x00, 0x00, 0x0D, 0x00, 0x00, 0x00, 0x00, 
0x00, 0x00, 0x00, 0x00, 0x00, 0x00, 0x04, 0x22, 0x00, 0x00, 0x00, 0x0E, 0x00, 0x00, 0x00, 0x0A, 
0x00, 0x00, 0x00, 0x0A, 0x00, 0x00, 0x00, 0x0D, 0x00, 0x00, 0x00, 0x00, 0x00, 0x00, 0x00, 0x00, 
0x00, 0x00, 0x04, 0x23, 0x00, 0x00, 0x00, 0x0E, 0x00, 0x00, 0x00, 0x0B, 0x00, 0x00, 0x00, 0x0B, 
0x00, 0x00, 0x00, 0x0D, 0x00, 0x00, 0x00, 0x00, 0x00, 0x00, 0x00, 0x00, 0x00, 0x00, 0x04, 0x24, 
0x00, 0x00, 0x00, 0x0F, 0x00, 0x00, 0x00, 0x0E, 0x00, 0x00, 0x00, 0x0E, 0x00, 0x00, 0x00, 0x0E, 
0x00, 0x00, 0x00, 0x00, 0x00, 0x00, 0x00, 0x00, 0x00, 0x00, 0x04, 0x25, 0x00, 0x00, 0x00, 0x0E, 
0x00, 0x00, 0x00, 0x0A, 0x00, 0x00, 0x00, 0x0A, 0x00, 0x00, 0x00, 0x0D, 0x00, 0x00, 0x00, 0x00, 
0x00, 0x00, 0x00, 0x00, 0x00, 0x00, 0x04, 0x26, 0x00, 0x00, 0x00, 0x11, 0x00, 0x00, 0x00, 0x0C, 
0x00, 0x00, 0x00, 0x0D, 0x00, 0x00, 0x00, 0x0D, 0x00, 0x00, 0x00, 0x01, 0x00, 0x00, 0x00, 0x00, 
0x00, 0x00, 0x04, 0x27, 0x00, 0x00, 0x00, 0x0E, 0x00, 0x00, 0x00, 0x09, 0x00, 0x00, 0x00, 0x0B, 
0x00, 0x00, 0x00, 0x0D, 0x00, 0x00, 0x00, 0x01, 0x00, 0x00, 0x00, 0x00, 0x00, 0x00, 0x04, 0x28, 
0x00, 0x00, 0x00, 0x0D, 0x00, 0x00, 0x00, 0x0F, 0x00, 0x00, 0x00, 0x11, 0x00, 0x00, 0x00, 0x0D, 
0x00, 0x00, 0x00, 0x01, 0x00, 0x00, 0x00, 0x00, 0x00, 0x00, 0x04, 0x29, 0x00, 0x00, 0x00, 0x11, 
0x00, 0x00, 0x00, 0x11, 0x00, 0x00, 0x00, 0x12, 0x00, 0x00, 0x00, 0x0D, 0x00, 0x00, 0x00, 0x01, 
0x00, 0x00, 0x00, 0x00, 0x00, 0x00, 0x04, 0x2A, 0x00, 0x00, 0x00, 0x0D, 0x00, 0x00, 0x00, 0x0C, 
0x00, 0x00, 0x00, 0x0C, 0x00, 0x00, 0x00, 0x0D, 0x00, 0x00, 0x00, 0x00, 0x00, 0x00, 0x00, 0x00, 
0x00, 0x00, 0x04, 0x2B, 0x00, 0x00, 0x00, 0x0E, 0x00, 0x00, 0x00, 0x0D, 0x00, 0x00, 0x00, 0x0F, 
0x00, 0x00, 0x00, 0x0D, 0x00, 0x00, 0x00, 0x01, 0x00, 0x00, 0x00, 0x00, 0x00, 0x00, 0x04, 0x2C, 
0x00, 0x00, 0x00, 0x0D, 0x00, 0x00, 0x00, 0x0A, 0x00, 0x00, 0x00, 0x0B, 0x00, 0x00, 0x00, 0x0D, 
0x00, 0x00, 0x00, 0x01, 0x00, 0x00, 0x00, 0x00, 0x00, 0x00, 0x04, 0x2D, 0x00, 0x00, 0x00, 0x0E, 
0x00, 0x00, 0x00, 0x0A, 0x00, 0x00, 0x00, 0x0B, 0x00, 0x00, 0x00, 0x0D, 0x00, 0x00, 0x00, 0x00, 
0x00, 0x00, 0x00, 0x00, 0x00, 0x00, 0x04, 0x2E, 0x00, 0x00, 0x00, 0x0E, 0x00, 0x00, 0x00, 0x10, 
0x00, 0x00, 0x00, 0x12, 0x00, 0x00, 0x00, 0x0D, 0x00, 0x00, 0x00, 0x01, 0x00, 0x00, 0x00, 0x00, 
0x00, 0x00, 0x04, 0x2F, 0x00, 0x00, 0x00, 0x0E, 0x00, 0x00, 0x00, 0x0A, 0x00, 0x00, 0x00, 0x0B, 
0x00, 0x00, 0x00, 0x0D, 0x00, 0x00, 0x00, 0x00, 0x00, 0x00, 0x00, 0x00, 0x00, 0x00, 0x04, 0x30, 
0x00, 0x00, 0x00, 0x0B, 0x00, 0x00, 0x00, 0x09, 0x00, 0x00, 0x00, 0x0A, 0x00, 0x00, 0x00, 0x0A, 
0x00, 0x00, 0x00, 0x00, 0x00, 0x00, 0x00, 0x00, 0x00, 0x00, 0x04, 0x31, 0x00, 0x00, 0x00, 0x0F, 
0x00, 0x00, 0x00, 0x09, 0x00, 0x00, 0x00, 0x0B, 0x00, 0x00, 0x00, 0x0E, 0x00, 0x00, 0x00, 0x01, 
0x00, 0x00, 0x00, 0x00, 0x00, 0x00, 0x04, 0x32, 0x00, 0x00, 0x00, 0x0B, 0x00, 0x00, 0x00, 0x08, 
0x00, 0x00, 0x00, 0x0A, 0x00, 0x00, 0x00, 0x0A, 0x00, 0x00, 0x00, 0x01, 0x00, 0x00, 0x00, 0x00, 
0x00, 0x00, 0x04, 0x33, 0x00, 0x00, 0x00, 0x0B, 0x00, 0x00, 0x00, 0x06, 0x00, 0x00, 0x00, 0x07, 
0x00, 0x00, 0x00, 0x0A, 0x00, 0x00, 0x00, 0x01, 0x00, 0x00, 0x00, 0x00, 0x00, 0x00, 0x04, 0x34, 
0x00, 0x00, 0x00, 0x0E, 0x00, 0x00, 0x00, 0x0B, 0x00, 0x00, 0x00, 0x0B, 0x00, 0x00, 0x00, 0x0A, 
0x00, 0x00, 0x00, 0x00, 0x00, 0x00, 0x00, 0x00, 0x00, 0x00, 0x04, 0x35, 0x00, 0x00, 0x00, 0x0B, 
0x00, 0x00, 0x00, 0x09, 0x00, 0x00, 0x00, 0x0A, 0x00, 0x00, 0x00, 0x0A, 0x00, 0x00, 0x00, 0x00, 
0x00, 0x00, 0x00, 0x00, 0x00, 0x00, 0x04, 0x36, 0x00, 0x00, 0x00, 0x0B, 0x00, 0x00, 0x00, 0x0E, 
0x00, 0x00, 0x00, 0x0E, 0x00, 0x00, 0x00, 0x0A, 0x00, 0x00, 0x00, 0x00, 0x00, 0x00, 0x00, 0x00, 
0x00, 0x00, 0x04, 0x37, 0x00, 0x00, 0x00, 0x0B, 0x00, 0x00, 0x00, 0x08, 0x00, 0x00, 0x00, 0x08, 
0x00, 0x00, 0x00, 0x0A, 0x00, 0x00, 0x00, 0x00, 0x00, 0x00, 0x00, 0x00, 0x00, 0x00, 0x04, 0x38, 
0x00, 0x00, 0x00, 0x0B, 0x00, 0x00, 0x00, 0x09, 0x00, 0x00, 0x00, 0x0B, 0x00, 0x00, 0x00, 0x0A, 
0x00, 0x00, 0x00, 0x01, 0x00, 0x00, 0x00, 0x00, 0x00, 0x00, 0x04, 0x39, 0x00, 0x00, 0x00, 0x0F, 
0x00, 0x00, 0x00, 0x09, 0x00, 0x00, 0x00, 0x0B, 0x00, 0x00, 0x00, 0x0E, 0x00, 0x00, 0x00, 0x01, 
0x00, 0x00, 0x00, 0x00, 0x00, 0x00, 0x04, 0x3A, 0x00, 0x00, 0x00, 0x0B, 0x00, 0x00, 0x00, 0x08, 
0x00, 0x00, 0x00, 0x09, 0x00, 0x00, 0x00, 0x0A, 0x00, 0x00, 0x00, 0x01, 0x00, 0x00, 0x00, 0x00, 
0x00, 0x00, 0x04, 0x3B, 0x00, 0x00, 0x00, 0x0B, 0x00, 0x00, 0x00, 0x09, 0x00, 0x00, 0x00, 0x0A, 
0x00, 0x00, 0x00, 0x0A, 0x00, 0x00, 0x00, 0x00, 0x00, 0x00, 0x00, 0x00, 0x00, 0x00, 0x04, 0x3C, 
0x00, 0x00, 0x00, 0x0B, 0x00, 0x00, 0x00, 0x0D, 0x00, 0x00, 0x00, 0x0E, 0x00, 0x00, 0x00, 0x0A, 
0x00, 0x00, 0x00, 0x00, 0x00, 0x00, 0x00, 0x00, 0x00, 0x00, 0x04, 0x3D, 0x00, 0x00, 0x00, 0x0B, 
0x00, 0x00, 0x00, 0x09, 0x00, 0x00, 0x00, 0x0B, 0x00, 0x00, 0x00, 0x0A, 0x00, 0x00, 0x00, 0x01, 
0x00, 0x00, 0x00, 0x00, 0x00, 0x00, 0x04, 0x3E, 0x00, 0x00, 0x00, 0x0B, 0x00, 0x00, 0x00, 0x0A, 
0x00, 0x00, 0x00, 0x0B, 0x00, 0x00, 0x00, 0x0A, 0x00, 0x00, 0x00, 0x00, 0x00, 0x00, 0x00, 0x00, 
0x00, 0x00, 0x04, 0x3F, 0x00, 0x00, 0x00, 0x0B, 0x00, 0x00, 0x00, 0x08, 0x00, 0x00, 0x00, 0x0A, 
0x00, 0x00, 0x00, 0x0A, 0x00, 0x00, 0x00, 0x01, 0x00, 0x00, 0x00, 0x00, 0x00, 0x00, 0x04, 0x40, 
0x00, 0x00, 0x00, 0x0E, 0x00, 0x00, 0x00, 0x09, 0x00, 0x00, 0x00, 0x0B, 0x00, 0x00, 0x00, 0x0A, 
0x00, 0x00, 0x00, 0x01, 0x00, 0x00, 0x00, 0x00, 0x00, 0x00, 0x04, 0x41, 0x00, 0x00, 0x00, 0x0B, 
0x00, 0x00, 0x00, 0x08, 0x00, 0x00, 0x00, 0x08, 0x00, 0x00, 0x00, 0x0A, 0x00, 0x00, 0x00, 0x00, 
0x00, 0x00, 0x00, 0x00, 0x00, 0x00, 0x04, 0x42, 0x00, 0x00, 0x00, 0x0B, 0x00, 0x00, 0x00, 0x08, 
0x00, 0x00, 0x00, 0x08, 0x00, 0x00, 0x00, 0x0A, 0x00, 0x00, 0x00, 0x00, 0x00, 0x00, 0x00, 0x00, 
0x00, 0x00, 0x04, 0x43, 0x00, 0x00, 0x00, 0x0E, 0x00, 0x00, 0x00, 0x09, 0x00, 0x00, 0x00, 0x09, 
0x00, 0x00, 0x00, 0x0A, 0x00, 0x00, 0x00, 0x00, 0x00, 0x00, 0x00, 0x00, 0x00, 0x00, 0x04, 0x44, 
0x00, 0x00, 0x00, 0x12, 0x00, 0x00, 0x00, 0x0C, 0x00, 0x00, 0x00, 0x0C, 0x00, 0x00, 0x00, 0x0E, 
0x00, 0x00, 0x00, 0x00, 0x00, 0x00, 0x00, 0x00, 0x00, 0x00, 0x04, 0x45, 0x00, 0x00, 0x00, 0x0B, 
0x00, 0x00, 0x00, 0x09, 0x00, 0x00, 0x00, 0x09, 0x00, 0x00, 0x00, 0x0A, 0x00, 0x00, 0x00, 0x00, 
0x00, 0x00, 0x00, 0x00, 0x00, 0x00, 0x04, 0x46, 0x00, 0x00, 0x00, 0x0E, 0x00, 0x00, 0x00, 0x0A, 
0x00, 0x00, 0x00, 0x0B, 0x00, 0x00, 0x00, 0x0A, 0x00, 0x00, 0x00, 0x01, 0x00, 0x00, 0x00, 0x00, 
0x00, 0x00, 0x04, 0x47, 0x00, 0x00, 0x00, 0x0B, 0x00, 0x00, 0x00, 0x08, 0x00, 0x00, 0x00, 0x09, 
0x00, 0x00, 0x00, 0x0A, 0x00, 0x00, 0x00, 0x00, 0x00, 0x00, 0x00, 0x00, 0x00, 0x00, 0x04, 0x48, 
0x00, 0x00, 0x00, 0x0A, 0x00, 0x00, 0x00, 0x0D, 0x00, 0x00, 0x00, 0x0F, 0x00, 0x00, 0x00, 0x0A, 
0x00, 0x00, 0x00, 0x01, 0x00, 0x00, 0x00, 0x00, 0x00, 0x00, 0x04, 0x49, 0x00, 0x00, 0x00, 0x0E, 
0x00, 0x00, 0x00, 0x0E, 0x00, 0x00, 0x00, 0x0F, 0x00, 0x00, 0x00, 0x0A, 0x00, 0x00, 0x00, 0x01, 
0x00, 0x00, 0x00, 0x00, 0x00, 0x00, 0x04, 0x4A, 0x00, 0x00, 0x00, 0x0B, 0x00, 0x00, 0x00, 0x0B, 
0x00, 0x00, 0x00, 0x0B, 0x00, 0x00, 0x00, 0x0A, 0x00, 0x00, 0x00, 0x00, 0x00, 0x00, 0x00, 0x00, 
0x00, 0x00, 0x04, 0x4B, 0x00, 0x00, 0x00, 0x0B, 0x00, 0x00, 0x00, 0x0B, 0x00, 0x00, 0x00, 0x0D, 
0x00, 0x00, 0x00, 0x0A, 0x00, 0x00, 0x00, 0x01, 0x00, 0x00, 0x00, 0x00, 0x00, 0x00, 0x04, 0x4C, 
0x00, 0x00, 0x00, 0x0B, 0x00, 0x00, 0x00, 0x08, 0x00, 0x00, 0x00, 0x09, 0x00, 0x00, 0x00, 0x0A, 
0x00, 0x00, 0x00, 0x01, 0x00, 0x00, 0x00, 0x00, 0x00, 0x00, 0x04, 0x4D, 0x00, 0x00, 0x00, 0x0B, 
0x00, 0x00, 0x00, 0x08, 0x00, 0x00, 0x00, 0x09, 0x00, 0x00, 0x00, 0x0A, 0x00, 0x00, 0x00, 0x00, 
0x00, 0x00, 0x00, 0x00, 0x00, 0x00, 0x04, 0x4E, 0x00, 0x00, 0x00, 0x0B, 0x00, 0x00, 0x00, 0x0D, 
0x00, 0x00, 0x00, 0x0E, 0x00, 0x00, 0x00, 0x0A, 0x00, 0x00, 0x00, 0x01, 0x00, 0x00, 0x00, 0x00, 
0x00, 0x00, 0x04, 0x4F, 0x00, 0x00, 0x00, 0x0B, 0x00, 0x00, 0x00, 0x08, 0x00, 0x00, 0x00, 0x09, 
0x00, 0x00, 0x00, 0x0A, 0x00, 0x00, 0x00, 0x00, 0x00, 0x00, 0x00, 0x00, 0x00, 0x00, 0x04, 0x51, 
0x00, 0x00, 0x00, 0x0E, 0x00, 0x00, 0x00, 0x09, 0x00, 0x00, 0x00, 0x0A, 0x00, 0x00, 0x00, 0x0D, 
0x00, 0x00, 0x00, 0x00, 0x00, 0x00, 0x00, 0x00, 0x00, 0x00, 0x20, 0x0C, 0x00, 0x00, 0x00, 0x01, 
0x00, 0x00, 0x00, 0x01, 0x00, 0x00, 0x00, 0x00, 0x00, 0x00, 0x00, 0x28, 0xFF, 0xFF, 0xFF, 0xEC, 
0x00, 0x00, 0x00, 0x00, 0x00, 0x00, 0x20, 0x0D, 0x00, 0x00, 0x00, 0x01, 0x00, 0x00, 0x00, 0x01, 
0x00, 0x00, 0x00, 0x00, 0x00, 0x00, 0x00, 0x28, 0xFF, 0xFF, 0xFF, 0xEC, 0x00, 0x00, 0x00, 0x00, 
0x00, 0x00, 0x20, 0x0E, 0x00, 0x00, 0x00, 0x01, 0x00, 0x00, 0x00, 0x01, 0x00, 0x00, 0x00, 0x00, 
0x00, 0x00, 0x00, 0x28, 0xFF, 0xFF, 0xFF, 0xEC, 0x00, 0x00, 0x00, 0x00, 0x00, 0x00, 0x20, 0x0F, 
0x00, 0x00, 0x00, 0x01, 0x00, 0x00, 0x00, 0x01, 0x00, 0x00, 0x00, 0x00, 0x00, 0x00, 0x00, 0x28, 
0xFF, 0xFF, 0xFF, 0xEC, 0x00, 0x00, 0x00, 0x00, 0x00, 0x00, 0x20, 0x28, 0x00, 0x00, 0x00, 0x01, 
0x00, 0x00, 0x00, 0x01, 0x00, 0x00, 0x00, 0x00, 0x00, 0x00, 0x00, 0x28, 0xFF, 0xFF, 0xFF, 0xEC, 
0x00, 0x00, 0x00, 0x00, 0x00, 0x00, 0x20, 0x29, 0x00, 0x00, 0x00, 0x01, 0x00, 0x00, 0x00, 0x01, 
0x00, 0x00, 0x00, 0x00, 0x00, 0x00, 0x00, 0x28, 0xFF, 0xFF, 0xFF, 0xEC, 0x00, 0x00, 0x00, 0x00, 
0x00, 0x00, 0x20, 0x2A, 0x00, 0x00, 0x00, 0x01, 0x00, 0x00, 0x00, 0x01, 0x00, 0x00, 0x00, 0x00, 
0x00, 0x00, 0x00, 0x28, 0xFF, 0xFF, 0xFF, 0xEC, 0x00, 0x00, 0x00, 0x00, 0x00, 0x00, 0x20, 0x2B, 
0x00, 0x00, 0x00, 0x01, 0x00, 0x00, 0x00, 0x01, 0x00, 0x00, 0x00, 0x00, 0x00, 0x00, 0x00, 0x28, 
0xFF, 0xFF, 0xFF, 0xEC, 0x00, 0x00, 0x00, 0x00, 0x00, 0x00, 0x20, 0x2C, 0x00, 0x00, 0x00, 0x01, 
0x00, 0x00, 0x00, 0x01, 0x00, 0x00, 0x00, 0x00, 0x00, 0x00, 0x00, 0x28, 0xFF, 0xFF, 0xFF, 0xEC, 
0x00, 0x00, 0x00, 0x00, 0x00, 0x00, 0x20, 0x2D, 0x00, 0x00, 0x00, 0x01, 0x00, 0x00, 0x00, 0x01, 
0x00, 0x00, 0x00, 0x00, 0x00, 0x00, 0x00, 0x28, 0xFF, 0xFF, 0xFF, 0xEC, 0x00, 0x00, 0x00, 0x00, 
0x00, 0x00, 0x20, 0x2E, 0x00, 0x00, 0x00, 0x01, 0x00, 0x00, 0x00, 0x01, 0x00, 0x00, 0x00, 0x00, 
0x00, 0x00, 0x00, 0x28, 0xFF, 0xFF, 0xFF, 0xEC, 0x00, 0x00, 0x00, 0x00, 0x00, 0x00, 0x20, 0x6A, 
0x00, 0x00, 0x00, 0x01, 0x00, 0x00, 0x00, 0x01, 0x00, 0x00, 0x00, 0x00, 0x00, 0x00, 0x00, 0x28, 
0xFF, 0xFF, 0xFF, 0xEC, 0x00, 0x00, 0x00, 0x00, 0x00, 0x00, 0x20, 0x6B, 0x00, 0x00, 0x00, 0x01, 
0x00, 0x00, 0x00, 0x01, 0x00, 0x00, 0x00, 0x00, 0x00, 0x00, 0x00, 0x28, 0xFF, 0xFF, 0xFF, 0xEC, 
0x00, 0x00, 0x00, 0x00, 0x00, 0x00, 0x20, 0x6C, 0x00, 0x00, 0x00, 0x01, 0x00, 0x00, 0x00, 0x01, 
0x00, 0x00, 0x00, 0x00, 0x00, 0x00, 0x00, 0x28, 0xFF, 0xFF, 0xFF, 0xEC, 0x00, 0x00, 0x00, 0x00, 
0x00, 0x00, 0x20, 0x6D, 0x00, 0x00, 0x00, 0x01, 0x00, 0x00, 0x00, 0x01, 0x00, 0x00, 0x00, 0x00, 
0x00, 0x00, 0x00, 0x28, 0xFF, 0xFF, 0xFF, 0xEC, 0x00, 0x00, 0x00, 0x00, 0x00, 0x00, 0x20, 0x6E, 
0x00, 0x00, 0x00, 0x01, 0x00, 0x00, 0x00, 0x01, 0x00, 0x00, 0x00, 0x00, 0x00, 0x00, 0x00, 0x28, 
0xFF, 0xFF, 0xFF, 0xEC, 0x00, 0x00, 0x00, 0x00, 0x00, 0x00, 0x20, 0x6F, 0x00, 0x00, 0x00, 0x01, 
0x00, 0x00, 0x00, 0x01, 0x00, 0x00, 0x00, 0x00, 0x00, 0x00, 0x00, 0x28, 0xFF, 0xFF, 0xFF, 0xEC, 
0x00, 0x00, 0x00, 0x00, 0x00, 0x00, 0x22, 0x12, 0x00, 0x00, 0x00, 0x03, 0x00, 0x00, 0x00, 0x0A, 
0x00, 0x00, 0x00, 0x0A, 0x00, 0x00, 0x00, 0x07, 0x00, 0x00, 0x00, 0x00, 0x00, 0x00, 0x00, 0x00, 
0x00, 0x00, 0x22, 0x15, 0x00, 0x00, 0x00, 0x0E, 0x00, 0x00, 0x00, 0x0B, 0x00, 0x00, 0x00, 0x07, 
0x00, 0x00, 0x00, 0x0D, 0xFF, 0xFF, 0xFF, 0xFE, 0x00, 0x00, 0x00, 0x00, 0x00, 0x00, 0x22, 0x48, 
0x00, 0x00, 0x00, 0x07, 0x00, 0x00, 0x00, 0x0A, 0x00, 0x00, 0x00, 0x0A, 0x00, 0x00, 0x00, 0x09, 
0x00, 0x00, 0x00, 0x00, 0x00, 0x00, 0x00, 0x00, 0x00, 0x00, 0x22, 0x60, 0x00, 0x00, 0x00, 0x0B, 
0x00, 0x00, 0x00, 0x0A, 0x00, 0x00, 0x00, 0x0A, 0x00, 0x00, 0x00, 0x0B, 0x00, 0x00, 0x00, 0x00, 
0x00, 0x00, 0x00, 0x00, 0x00, 0x00, 0x00, 0x00, 0x00, 0x00, 0x11, 0x66, 0x26, 0x42, 0xFF, 0x81, 
0x3D, 0xFF, 0x7C, 0x39, 0xFF, 0x78, 0x34, 0xFF, 0x73, 0x2F, 0xFF, 0x6E, 0x2A, 0xFF, 0x69, 0x26, 
0xFF, 0x65, 0x21, 0xFF, 0x60, 0x1C, 0xFF, 0x5B, 0x0C, 0xA6, 0x32, 0x00, 0x16, 0x02, 0x51, 0xFF, 
0x90, 0x4E, 0xFF, 0x8C, 0x00, 0x10, 0x01, 0x5D, 0x98, 0x01, 0x14, 0x9F, 0x46, 0x9A, 0xFC, 0x00, 
0x22, 0xFF, 0x75, 0x8E, 0xF1, 0x00, 0x16, 0xFF, 0x69, 0x81, 0xE4, 0x00, 0x09, 0xFF, 0x5C, 0x75, 
0xD8, 0x00, 0x00, 0xFC, 0x50, 0x2F, 0x60, 0x00, 0x00, 0x72, 0x1D, 0x00, 0x00, 0x0A, 0xAB, 0x3B, 
0x00, 0x00, 0x9C, 0x54, 0x00, 0x00, 0x00, 0x2E, 0xFF, 0x45, 0x00, 0x09, 0xFF, 0x6A, 0x00, 0x00, 
0x00, 0x4E, 0xFF, 0x23, 0x00, 0x27, 0xFF, 0x4A, 0x00, 0x01, 0x44, 0x93, 0xFF, 0x4D, 0x48, 0x76, 
0xFF, 0x69, 0x1F, 0x11, 0xF4, 0xFC, 0xFE, 0xF8, 0xF8, 0xFB, 0xFF, 0xF8, 0x85, 0x00, 0x00, 0xAC, 
0xC3, 0x00, 0x00, 0x86, 0xEB, 0x00, 0x00, 0x00, 0x00, 0xCB, 0xA4, 0x00, 0x00, 0xA6, 0xCC, 0x00, 
0x00, 0x00, 0x00, 0xEA, 0x85, 0x00, 0x00, 0xC6, 0xAD, 0x00, 0x00, 0x78, 0xCC, 0xFF, 0xE3, 0xCC, 
0xCC, 0xF8, 0xEB, 0xC5, 0x04, 0x3C, 0x8F, 0xFF, 0x91, 0x70, 0x77, 0xFF, 0xA9, 0x6B, 0x01, 0x00, 
0x50, 0xFF, 0x22, 0x00, 0x25, 0xFF, 0x4D, 0x00, 0x00, 0x00, 0x6E, 0xFD, 0x05, 0x00, 0x44, 0xFF, 
0x2D, 0x00, 0x00, 0x00, 0x89, 0xE2, 0x00, 0x00, 0x60, 0xFE, 0x0D, 0x00, 0x00, 0x00, 0x04, 0x08, 
0x00, 0x00, 0x02, 0x0A, 0x00, 0x00, 0x00, 0x00, 0x00, 0x00, 0x00, 0x00, 0xD1, 0x43, 0x00, 0x00, 
0x00, 0x00, 0x00, 0x00, 0x00, 0x11, 0xFF, 0x3D, 0x00, 0x00, 0x00, 0x00, 0x00, 0x04, 0x55, 0x9A, 
0xFF, 0x97, 0x40, 0x00, 0x00, 0x00, 0x11, 0xD2, 0xFF, 0xD5, 0xC4, 0xE9, 0xFF, 0x50, 0x00, 0x00, 
0x8B, 0xFF, 0x48, 0x00, 0x00, 0x02, 0x47, 0x2A, 0x00, 0x00, 0xBE, 0xF1, 0x00, 0x00, 0x00, 0x00, 
0x00, 0x00, 0x00, 0x00, 0xA7, 0xFF, 0x4B, 0x00, 0x00, 0x00, 0x00, 0x00, 0x00, 0x00, 0x2D, 0xF7, 
0xF9, 0x97, 0x31, 0x00, 0x00, 0x00, 0x00, 0x00, 0x00, 0x2E, 0xBC, 0xFF, 0xFF, 0xCE, 0x4F, 0x00, 
0x00, 0x00, 0x00, 0x00, 0x00, 0x24, 0x86, 0xF1, 0xFF, 0x6B, 0x00, 0x00, 0x00, 0x00, 0x00, 0x00, 
0x00, 0x25, 0xEC, 0xF2, 0x04, 0x00, 0x00, 0x00, 0x00, 0x00, 0x00, 0x00, 0xAE, 0xFF, 0x15, 0x00, 
0x2F, 0x00, 0x00, 0x00, 0x00, 0x0E, 0xE3, 0xE6, 0x02, 0x0B, 0xFF, 0xC6, 0x80, 0x6A, 0x82, 0xDD, 
0xFE, 0x4D, 0x00, 0x00, 0x62, 0xC1, 0xF2, 0xFF, 0xE3, 0xAD, 0x34, 0x00, 0x00, 0x00, 0x00, 0x00, 
0x80, 0xCE, 0x00, 0x00, 0x00, 0x00, 0x00, 0x00, 0x00, 0x00, 0x9C, 0xB4, 0x00, 0x00, 0x00, 0x00, 
0x00, 0x00, 0x00, 0x00, 0x3C, 0x38, 0x00, 0x00, 0x00, 0x00, 0x00, 0x00, 0x00, 0x00, 0x00, 0x00, 
0x00, 0x00, 0x00, 0x00, 0x00, 0x00, 0x01, 0x00, 0x00, 0x00, 0x14, 0x93, 0xBE, 0x93, 0x0D, 0x00, 
0x00, 0x00, 0x00, 0x53, 0xF5, 0x1D, 0x00, 0x00, 0xC9, 0xBC, 0x5B, 0xD4, 0xB1, 0x00, 0x00, 0x00, 
0x1A, 0xED, 0x75, 0x00, 0x00, 0x2A, 0xFF, 0x31, 0x00, 0x58, 0xFD, 0x0A, 0x00, 0x01, 0xB9, 0xC1, 
0x02, 0x00, 0x00, 0x44, 0xFF, 0x19, 0x00, 0x3D, 0xFF, 0x1C, 0x00, 0x6D, 0xF1, 0x1F, 0x00, 0x00, 
0x00, 0x32, 0xFF, 0x30, 0x00, 0x51, 0xFC, 0x05, 0x29, 0xF6, 0x5D, 0x00, 0x00, 0x00, 0x00, 0x03, 
0xDE, 0xB2, 0x4C, 0xC7, 0xA8, 0x05, 0xCD, 0xAA, 0x00, 0x00, 0x00, 0x00, 0x00, 0x00, 0x26, 0xAA, 
0xC7, 0x90, 0x0C, 0x86, 0xE5, 0x12, 0x1D, 0x6B, 0x64, 0x11, 0x00, 0x00, 0x00, 0x00, 0x00, 0x00, 
0x3B, 0xFB, 0x46, 0x2C, 0xEE, 0xB9, 0xD2, 0xDB, 0x10, 0x00, 0x00, 0x00, 0x00, 0x0D, 0xDE, 0x92, 
0x00, 0xA2, 0xBC, 0x00, 0x0B, 0xF2, 0x6A, 0x00, 0x00, 0x00, 0x00, 0x9E, 0xD6, 0x09, 0x00, 0xCD, 
0x8E, 0x00, 0x00, 0xCC, 0x8E, 0x00, 0x00, 0x00, 0x51, 0xFA, 0x32, 0x00, 0x00, 0xC7, 0x97, 0x00, 
0x00, 0xD3, 0x81, 0x00, 0x00, 0x18, 0xEB, 0x79, 0x00, 0x00, 0x00, 0x92, 0xDB, 0x0D, 0x2B, 0xFC, 
0x42, 0x00, 0x00, 0xB5, 0xC3, 0x02, 0x00, 0x00, 0x00, 0x19, 0xCA, 0xFB, 0xFA, 0x8B, 0x00, 0x00, 
0x01, 0x55, 0x16, 0x00, 0x00, 0x00, 0x00, 0x00, 0x00, 0x13, 0x07, 0x00, 0x00, 0x00, 0x00, 0x00, 
0x0B, 0x2F, 0x27, 0x07, 0x00, 0x00, 0x00, 0x00, 0x00, 0x00, 0x02, 0x86, 0xF8, 0xFF, 0xFF, 0xF2, 
0x6E, 0x00, 0x00, 0x00, 0x00, 0x00, 0x6A, 0xFF, 0x94, 0x2B, 0x3C, 0xD0, 0xFE, 0x28, 0x00, 0x00, 
0x00, 0x00, 0xB4, 0xF9, 0x03, 0x00, 0x00, 0x65, 0xFF, 0x4F, 0x00, 0x00, 0x00, 0x00, 0xA9, 0xFE, 
0x1E, 0x00, 0x01, 0xB2, 0xF9, 0x1E, 0x00, 0x00, 0x00, 0x00, 0x46, 0xFF, 0xA6, 0x14, 0xAB, 0xFD, 
0x68, 0x00, 0x00, 0x00, 0x00, 0x00, 0x00, 0xA7, 0xFF, 0xF1, 0xE0, 0x49, 0x00, 0x00, 0x00, 0x00, 
0x00, 0x00, 0x33, 0xD8, 0xFF, 0xFF, 0x4A, 0x00, 0x00, 0x00, 0xD1, 0xA0, 0x00, 0x2E, 0xF2, 0xCB, 
0x3D, 0xEA, 0xF0, 0x31, 0x00, 0x01, 0xF3, 0x9A, 0x00, 0xB3, 0xF7, 0x18, 0x00, 0x32, 0xF0, 0xEB, 
0x2D, 0x36, 0xFF, 0x64, 0x00, 0xE6, 0xD6, 0x00, 0x00, 0x00, 0x36, 0xEF, 0xEE, 0xC6, 0xF1, 0x10, 
0x00, 0xCF, 0xF7, 0x17, 0x00, 0x00, 0x00, 0x2E, 0xF7, 0xFF, 0xA2, 0x00, 0x00, 0x66, 0xFF, 0xD3, 
0x59, 0x37, 0x5B, 0xC8, 0xFE, 0xD8, 0xFF, 0xA7, 0x2E, 0x00, 0x6B, 0xE3, 0xFF, 0xFF, 0xFC, 0xBE, 
0x40, 0x02, 0x7C, 0xF7, 0xC6, 0x00, 0x00, 0x00, 0x1A, 0x25, 0x0B, 0x00, 0x00, 0x00, 0x00, 0x10, 
0x17, 0x5D, 0x9B, 0x04, 0x9A, 0xFF, 0x02, 0x8E, 0xF5, 0x00, 0x81, 0xE8, 0x00, 0x75, 0xDC, 0x00, 
0x2E, 0x62, 0x00, 0x00, 0x00, 0x8A, 0xA4, 0x00, 0x18, 0xF9, 0x70, 0x00, 0x7D, 0xFA, 0x12, 0x00, 
0xD2, 0xC0, 0x00, 0x1F, 0xFF, 0x7C, 0x00, 0x55, 0xFF, 0x4D, 0x00, 0x85, 0xFF, 0x24, 0x00, 0x9D, 
0xFF, 0x11, 0x00, 0xAE, 0xFF, 0x04, 0x00, 0xA8, 0xFF, 0x0A, 0x00, 0x97, 0xFF, 0x18, 0x00, 0x75, 
0xFF, 0x39, 0x00, 0x44, 0xFF, 0x63, 0x00, 0x0C, 0xF8, 0x9F, 0x00, 0x00, 0xB2, 0xE6, 0x00, 0x00, 
0x52, 0xFF, 0x3F, 0x00, 0x02, 0xD9, 0xA3, 0x00, 0x00, 0x2E, 0x4B, 0x96, 0x96, 0x00, 0x00, 0x61, 
0xFD, 0x21, 0x00, 0x0A, 0xF3, 0x89, 0x00, 0x00, 0xB1, 0xDD, 0x00, 0x00, 0x6C, 0xFF, 0x2B, 0x00, 
0x3E, 0xFF, 0x62, 0x00, 0x15, 0xFF, 0x93, 0x00, 0x02, 0xFE, 0xAA, 0x00, 0x00, 0xF4, 0xBA, 0x00, 
0x00, 0xFA, 0xB3, 0x00, 0x09, 0xFF, 0xA2, 0x00, 0x2A, 0xFF, 0x80, 0x00, 0x53, 0xFF, 0x4F, 0x00, 
0x8F, 0xFC, 0x14, 0x00, 0xD6, 0xBD, 0x00, 0x2E, 0xFF, 0x5F, 0x00, 0x94, 0xE6, 0x06, 0x00, 0x46, 
0x34, 0x00, 0x00, 0x00, 0x00, 0x00, 0x9A, 0x80, 0x00, 0x00, 0x00, 0x09, 0x54, 0x00, 0xB0, 0x90, 
0x02, 0x58, 0x02, 0x4B, 0xFE, 0xAD, 0xA5, 0x91, 0xBF, 0xFB, 0x31, 0x00, 0x27, 0x9F, 0xFF, 0xFD, 
0x8F, 0x1D, 0x00, 0x10, 0x7C, 0xE7, 0xE7, 0xE7, 0xDF, 0x71, 0x0A, 0x44, 0xEF, 0x54, 0x9D, 0x7F, 
0x68, 0xF4, 0x29, 0x00, 0x0E, 0x00, 0xBA, 0x99, 0x00, 0x0D, 0x00, 0x00, 0x00, 0x00, 0x54, 0x46, 
0x00, 0x00, 0x00, 0x00, 0x00, 0x00, 0x00, 0x1D, 0x1B, 0x00, 0x00, 0x00, 0x00, 0x00, 0x00, 0x00, 
0x00, 0xBB, 0xB3, 0x00, 0x00, 0x00, 0x00, 0x00, 0x00, 0x00, 0x00, 0xBC, 0xB4, 0x00, 0x00, 0x00, 
0x00, 0x00, 0x00, 0x00, 0x00, 0xBC, 0xB4, 0x00, 0x00, 0x00, 0x00, 0x0D, 0x4F, 0x50, 0x50, 0xD1, 
0xCB, 0x50, 0x50, 0x4F, 0x0A, 0x45, 0xFF, 0xFF, 0xFF, 0xFF, 0xFF, 0xFF, 0xFF, 0xFF, 0x3D, 0x01, 
0x13, 0x14, 0x14, 0xC1, 0xB9, 0x14, 0x14, 0x13, 0x00, 0x00, 0x00, 0x00, 0x00, 0xBC, 0xB4, 0x00, 
0x00, 0x00, 0x00, 0x00, 0x00, 0x00, 0x00, 0xBC, 0xB4, 0x00, 0x00, 0x00, 0x00, 0x00, 0x00, 0x00, 
0x00, 0xA7, 0x9E, 0x00, 0x00, 0x00, 0x00, 0x00, 0x00, 0x27, 0x0C, 0x00, 0x37, 0xFF, 0x95, 0x00, 
0x41, 0xFF, 0x80, 0x00, 0x8F, 0xF2, 0x1B, 0x15, 0xF5, 0x66, 0x00, 0x60, 0xA1, 0x01, 0x00, 0x02, 
0x28, 0x04, 0x73, 0xFF, 0x7F, 0x6D, 0xFF, 0x75, 0x00, 0x10, 0x00, 0x00, 0x00, 0x00, 0x00, 0x00, 
0x00, 0x4C, 0x27, 0x00, 0x00, 0x00, 0x00, 0x00, 0x30, 0xFF, 0x6B, 0x00, 0x00, 0x00, 0x00, 0x00, 
0x8E, 0xFA, 0x14, 0x00, 0x00, 0x00, 0x00, 0x03, 0xE7, 0xB0, 0x00, 0x00, 0x00, 0x00, 0x00, 0x49, 
0xFF, 0x53, 0x00, 0x00, 0x00, 0x00, 0x00, 0xA6, 0xEE, 0x07, 0x00, 0x00, 0x00, 0x00, 0x0D, 0xF6, 
0x98, 0x00, 0x00, 0x00, 0x00, 0x00, 0x62, 0xFF, 0x3B, 0x00, 0x00, 0x00, 0x00, 0x00, 0xBF, 0xDD, 
0x00, 0x00, 0x00, 0x00, 0x00, 0x1E, 0xFE, 0x81, 0x00, 0x00, 0x00, 0x00, 0x00, 0x7A, 0xFF, 0x24, 
0x00, 0x00, 0x00, 0x00, 0x00, 0xD7, 0xC6, 0x00, 0x00, 0x00, 0x00, 0x00, 0x35, 0xFF, 0x69, 0x00, 
0x00, 0x00, 0x00, 0x00, 0x93, 0xF9, 0x12, 0x00, 0x00, 0x00, 0x00, 0x05, 0xEB, 0xAE, 0x00, 0x00, 
0x00, 0x00, 0x00, 0x4E, 0xFF, 0x51, 0x00, 0x00, 0x00, 0x00, 0x00, 0xAC, 0xED, 0x06, 0x00, 0x00, 
0x00, 0x00, 0x00, 0xA8, 0x70, 0x00, 0x00, 0x00, 0x00, 0x00, 0x00, 0x00, 0x00, 0x0D, 0x7F, 0xC0, 
0xCB, 0xA1, 0x31, 0x00, 0x00, 0x00, 0x0E, 0xD4, 0xF7, 0xA5, 0x9C, 0xED, 0xFA, 0x41, 0x00, 0x00, 
0x8A, 0xFF, 0x45, 0x00, 0x00, 0x22, 0xF4, 0xD2, 0x00, 0x00, 0xE7, 0xD0, 0x00, 0x00, 0x00, 0x00, 
0xA4, 0xFF, 0x22, 0x1A, 0xFF, 0x93, 0x00, 0x00, 0x00, 0x00, 0x6F, 0xFF, 0x4E, 0x31, 0xFF, 0x7B, 
0x00, 0x00, 0x00, 0x00, 0x54, 0xFF, 0x65, 0x46, 0xFF, 0x6E, 0x00, 0x00, 0x00, 0x00, 0x4B, 0xFF, 
0x6C, 0x45, 0xFF, 0x71, 0x00, 0x00, 0x00, 0x00, 0x4F, 0xFF, 0x5C, 0x35, 0xFF, 0x83, 0x00, 0x00, 
0x00, 0x00, 0x61, 0xFF, 0x46, 0x13, 0xFF, 0xAB, 0x00, 0x00, 0x00, 0x00, 0x8C, 0xFF, 0x24, 0x00, 
0xD0, 0xF2, 0x10, 0x00, 0x00, 0x08, 0xE0, 0xDA, 0x00, 0x00, 0x57, 0xFF, 0xBF, 0x44, 0x44, 0xB8, 
0xFF, 0x54, 0x00, 0x00, 0x00, 0x70, 0xEF, 0xFF, 0xFF, 0xE8, 0x63, 0x00, 0x00, 0x00, 0x00, 0x00, 
0x06, 0x25, 0x22, 0x03, 0x00, 0x00, 0x00, 0x00, 0x00, 0x00, 0x5B, 0xB4, 0x45, 0x00, 0x00, 0x00, 
0x00, 0x1F, 0xB7, 0xFF, 0xFF, 0x6C, 0x00, 0x00, 0x00, 0x2D, 0xF4, 0xC7, 0x76, 0xFF, 0x6C, 0x00, 
0x00, 0x00, 0x28, 0x5F, 0x01, 0x44, 0xFF, 0x6C, 0x00, 0x00, 0x00, 0x00, 0x00, 0x00, 0x44, 0xFF, 
0x6C, 0x00, 0x00, 0x00, 0x00, 0x00, 0x00, 0x44, 0xFF, 0x6C, 0x00, 0x00, 0x00, 0x00, 0x00, 0x00, 
0x44, 0xFF, 0x6C, 0x00, 0x00, 0x00, 0x00, 0x00, 0x00, 0x44, 0xFF, 0x6C, 0x00, 0x00, 0x00, 0x00, 
0x00, 0x00, 0x44, 0xFF, 0x6C, 0x00, 0x00, 0x00, 0x00, 0x00, 0x00, 0x44, 0xFF, 0x6C, 0x00, 0x00, 
0x00, 0x00, 0x00, 0x00, 0x44, 0xFF, 0x6C, 0x00, 0x00, 0x00, 0x0B, 0x57, 0x58, 0x84, 0xFF, 0x9E, 
0x58, 0x51, 0x00, 0x33, 0xFF, 0xFF, 0xFF, 0xFF, 0xFF, 0xFF, 0xF9, 0x05, 0x00, 0x4C, 0xA3, 0xCA, 
0xC2, 0x79, 0x07, 0x00, 0x00, 0x83, 0xFF, 0xD6, 0xB3, 0xE6, 0xFF, 0xC2, 0x01, 0x00, 0x67, 0x43, 
0x00, 0x00, 0x0C, 0xD3, 0xFF, 0x44, 0x00, 0x00, 0x00, 0x00, 0x00, 0x00, 0x7D, 0xFF, 0x6B, 0x00, 
0x00, 0x00, 0x00, 0x00, 0x00, 0x88, 0xFF, 0x58, 0x00, 0x00, 0x00, 0x00, 0x00, 0x01, 0xD4, 0xFA, 
0x13, 0x00, 0x00, 0x00, 0x00, 0x00, 0x61, 0xFF, 0x93, 0x00, 0x00, 0x00, 0x00, 0x00, 0x24, 0xF0, 
0xD7, 0x0B, 0x00, 0x00, 0x00, 0x00, 0x17, 0xDC, 0xE9, 0x24, 0x00, 0x00, 0x00, 0x00, 0x11, 0xD2, 
0xEF, 0x30, 0x00, 0x00, 0x00, 0x00, 0x0C, 0xC8, 0xF3, 0x38, 0x00, 0x00, 0x00, 0x00, 0x00, 0xAD, 
0xFF, 0xA9, 0x6C, 0x6C, 0x6C, 0x6C, 0x61, 0x00, 0xD3, 0xFF, 0xFF, 0xFF, 0xFF, 0xFF, 0xFF, 0xF5, 
0x02, 0x00, 0x51, 0xA6, 0xC9, 0xB8, 0x7A, 0x0A, 0x00, 0x84, 0xFE, 0xBF, 0x9B, 0xD1, 0xFF, 0xC0, 
0x01, 0x59, 0x2D, 0x00, 0x00, 0x02, 0xBF, 0xFF, 0x34, 0x00, 0x00, 0x00, 0x00, 0x00, 0x80, 0xFF, 
0x4C, 0x00, 0x00, 0x00, 0x00, 0x00, 0xBC, 0xFB, 0x1E, 0x00, 0x12, 0x24, 0x3C, 0xA1, 0xFF, 0x79, 
0x00, 0x00, 0xAF, 0xFF, 0xFF, 0xFF, 0xA0, 0x1A, 0x00, 0x00, 0x19, 0x30, 0x44, 0x7F, 0xF0, 0xEF, 
0x32, 0x00, 0x00, 0x00, 0x00, 0x00, 0x49, 0xFF, 0xBA, 0x00, 0x00, 0x00, 0x00, 0x00, 0x04, 0xFD, 
0xE3, 0x10, 0x00, 0x00, 0x00, 0x00, 0x35, 0xFF, 0xC1, 0xF2, 0x9D, 0x53, 0x3C, 0x63, 0xE1, 0xFE, 
0x4B, 0x72, 0xE2, 0xFF, 0xFF, 0xFF, 0xD8, 0x52, 0x00, 0x00, 0x00, 0x1A, 0x2B, 0x19, 0x00, 0x00, 
0x00, 0x00, 0x00, 0x00, 0x00, 0x00, 0x7B, 0xB1, 0x73, 0x00, 0x00, 0x00, 0x00, 0x00, 0x00, 0x43, 
0xFF, 0xFA, 0xC4, 0x00, 0x00, 0x00, 0x00, 0x00, 0x04, 0xD5, 0xAE, 0xDC, 0xC4, 0x00, 0x00, 0x00, 
0x00, 0x00, 0x73, 0xF6, 0x20, 0xDC, 0xC4, 0x00, 0x00, 0x00, 0x00, 0x18, 0xF1, 0x7F, 0x00, 0xDC, 
0xC4, 0x00, 0x00, 0x00, 0x00, 0xA2, 0xDF, 0x08, 0x00, 0xDC, 0xC4, 0x00, 0x00, 0x00, 0x3A, 0xFE, 
0x50, 0x00, 0x00, 0xDC, 0xC4, 0x00, 0x00, 0x02, 0xCE, 0xB8, 0x00, 0x00, 0x00, 0xDC, 0xC4, 0x00, 
0x00, 0x5D, 0xFF, 0x6E, 0x48, 0x48, 0x48, 0xE6, 0xD4, 0x48, 0x1B, 0x82, 0xFF, 0xFF, 0xFF, 0xFF, 
0xFF, 0xFF, 0xFF, 0xFF, 0x80, 0x07, 0x18, 0x18, 0x18, 0x18, 0x18, 0xDF, 0xC9, 0x18, 0x06, 0x00, 
0x00, 0x00, 0x00, 0x00, 0x00, 0xDC, 0xC4, 0x00, 0x00, 0x00, 0x00, 0x00, 0x00, 0x00, 0x00, 0xD8, 
0xBF, 0x00, 0x00, 0x00, 0x00, 0x00, 0x00, 0x00, 0x00, 0x07, 0x05, 0x00, 0x00, 0x00, 0x26, 0xA1, 
0xA4, 0xA4, 0xA4, 0xA4, 0xA2, 0x11, 0x00, 0x60, 0xFF, 0xD8, 0xD4, 0xD4, 0xD4, 0xD0, 0x17, 0x00, 
0x60, 0xFF, 0x18, 0x00, 0x00, 0x00, 0x00, 0x00, 0x00, 0x60, 0xFF, 0x18, 0x00, 0x00, 0x00, 0x00, 
0x00, 0x00, 0x60, 0xFF, 0x18, 0x00, 0x00, 0x00, 0x00, 0x00, 0x00, 0x60, 0xFF, 0xB1, 0xB1, 0xA2, 
0x6A, 0x0E, 0x00, 0x00, 0x39, 0xBB, 0xAB, 0xB3, 0xDD, 0xFF, 0xE2, 0x22, 0x00, 0x00, 0x00, 0x00, 
0x00, 0x01, 0x72, 0xFF, 0xAE, 0x00, 0x00, 0x00, 0x00, 0x00, 0x00, 0x00, 0xEB, 0xED, 0x00, 0x00, 
0x00, 0x00, 0x00, 0x00, 0x00, 0xE4, 0xEA, 0x00, 0x00, 0x00, 0x00, 0x00, 0x00, 0x34, 0xFF, 0xB1, 
0x01, 0xD7, 0x7A, 0x46, 0x3E, 0x70, 0xE8, 0xF5, 0x30, 0x00, 0x9E, 0xF4, 0xFF, 0xFF, 0xFE, 0xC1, 
0x34, 0x00, 0x00, 0x00, 0x04, 0x22, 0x2A, 0x0F, 0x00, 0x00, 0x00, 0x00, 0x00, 0x11, 0x83, 0xBE, 
0xCA, 0xAC, 0x47, 0x00, 0x00, 0x33, 0xED, 0xEE, 0xA0, 0x8E, 0xB4, 0xA5, 0x00, 0x09, 0xE2, 0xD4, 
0x16, 0x00, 0x00, 0x00, 0x00, 0x00, 0x63, 0xFF, 0x4A, 0x00, 0x00, 0x00, 0x00, 0x00, 0x00, 0xAE, 
0xED, 0x01, 0x00, 0x00, 0x00, 0x00, 0x00, 0x00, 0xDB, 0xCB, 0x4B, 0x99, 0xB9, 0xAC, 0x66, 0x04, 
0x00, 0xEC, 0xFF, 0xF2, 0xAF, 0x9D, 0xD3, 0xFF, 0x9D, 0x00, 0xF0, 0xD6, 0x0E, 0x00, 0x00, 0x03, 
0xBD, 0xFE, 0x20, 0xE4, 0xCB, 0x00, 0x00, 0x00, 0x00, 0x6B, 0xFF, 0x4A, 0xC5, 0xEA, 0x00, 0x00, 
0x00, 0x00, 0x6C, 0xFF, 0x40, 0x8C, 0xFF, 0x36, 0x00, 0x00, 0x00, 0xB5, 0xFB, 0x14, 0x26, 0xF7, 
0xD8, 0x52, 0x3E, 0x98, 0xFF, 0x94, 0x00, 0x00, 0x4B, 0xE2, 0xFF, 0xFF, 0xF2, 0x85, 0x03, 0x00, 
0x00, 0x00, 0x02, 0x1D, 0x26, 0x06, 0x00, 0x00, 0x00, 0x01, 0x9B, 0xA4, 0xA4, 0xA4, 0xA4, 0xA4, 
0xA4, 0xA2, 0x14, 0x01, 0xCB, 0xD8, 0xD8, 0xD8, 0xD8, 0xD8, 0xF1, 0xFF, 0x29, 0x00, 0x00, 0x00, 
0x00, 0x00, 0x00, 0x03, 0xDF, 0xD7, 0x00, 0x00, 0x00, 0x00, 0x00, 0x00, 0x00, 0x56, 0xFF, 0x69, 
0x00, 0x00, 0x00, 0x00, 0x00, 0x00, 0x00, 0xC7, 0xEF, 0x0B, 0x00, 0x00, 0x00, 0x00, 0x00, 0x00, 
0x3A, 0xFF, 0x8B, 0x00, 0x00, 0x00, 0x00, 0x00, 0x00, 0x00, 0xAC, 0xFC, 0x20, 0x00, 0x00, 0x00, 
0x00, 0x00, 0x00, 0x21, 0xFC, 0xAD, 0x00, 0x00, 0x00, 0x00, 0x00, 0x00, 0x00, 0x91, 0xFF, 0x3E, 
0x00, 0x00, 0x00, 0x00, 0x00, 0x00, 0x0F, 0xF3, 0xCF, 0x00, 0x00, 0x00, 0x00, 0x00, 0x00, 0x00, 
0x75, 0xFF, 0x60, 0x00, 0x00, 0x00, 0x00, 0x00, 0x00, 0x04, 0xE2, 0xEA, 0x07, 0x00, 0x00, 0x00, 
0x00, 0x00, 0x00, 0x50, 0xFF, 0x7E, 0x00, 0x00, 0x00, 0x00, 0x00, 0x00, 0x00, 0x01, 0x0C, 0x00, 
0x00, 0x00, 0x00, 0x00, 0x00, 0x00, 0x00, 0x23, 0x8E, 0xBA, 0xCD, 0xAA, 0x3B, 0x00, 0x00, 0x00, 
0x22, 0xF0, 0xE7, 0x8F, 0x8B, 0xDE, 0xFF, 0x52, 0x00, 0x00, 0x99, 0xFE, 0x21, 0x00, 0x00, 0x13, 
0xF2, 0xC1, 0x00, 0x00, 0xB8, 0xF4, 0x00, 0x00, 0x00, 0x00, 0xDA, 0xCD, 0x00, 0x00, 0x7E, 0xFF, 
0x6B, 0x00, 0x00, 0x46, 0xFF, 0x79, 0x00, 0x00, 0x0A, 0xBF, 0xFF, 0xA2, 0x77, 0xF6, 0xA5, 0x04, 
0x00, 0x00, 0x00, 0x04, 0xBA, 0xFF, 0xFF, 0xCC, 0x13, 0x00, 0x00, 0x00, 0x11, 0xBB, 0xF2, 0x74, 
0x7F, 0xF4, 0xEA, 0x38, 0x00, 0x00, 0xBB, 0xF0, 0x2A, 0x00, 0x00, 0x28, 0xEA, 0xE7, 0x0D, 0x1C, 
0xFF, 0x93, 0x00, 0x00, 0x00, 0x00, 0x79, 0xFF, 0x41, 0x26, 0xFF, 0xA2, 0x00, 0x00, 0x00, 0x00, 
0x82, 0xFF, 0x37, 0x01, 0xC9, 0xFC, 0x7A, 0x30, 0x2C, 0x69, 0xF4, 0xD2, 0x02, 0x00, 0x18, 0xA8, 
0xFC, 0xFF, 0xFF, 0xFB, 0xAE, 0x1A, 0x00, 0x00, 0x00, 0x00, 0x06, 0x22, 0x20, 0x04, 0x00, 0x00, 
0x00, 0x00, 0x00, 0x27, 0x97, 0xC8, 0xC2, 0x8D, 0x17, 0x00, 0x00, 0x00, 0x3C, 0xF5, 0xE8, 0x9A, 
0xA6, 0xF6, 0xDF, 0x15, 0x00, 0x00, 0xD2, 0xEF, 0x1A, 0x00, 0x00, 0x4C, 0xFF, 0x87, 0x00, 0x11, 
0xFF, 0x9C, 0x00, 0x00, 0x00, 0x00, 0xDE, 0xD7, 0x00, 0x2B, 0xFF, 0x89, 0x00, 0x00, 0x00, 0x00, 
0xAF, 0xFC, 0x05, 0x0F, 0xFF, 0xBC, 0x00, 0x00, 0x00, 0x00, 0x9D, 0xFF, 0x15, 0x00, 0xAE, 0xFF, 
0x90, 0x42, 0x4E, 0x8F, 0xF5, 0xFF, 0x1A, 0x00, 0x16, 0xAE, 0xFA, 0xFF, 0xF7, 0xBE, 0xC8, 0xFF, 
0x09, 0x00, 0x00, 0x00, 0x06, 0x15, 0x01, 0x00, 0xB8, 0xE1, 0x00, 0x00, 0x00, 0x00, 0x00, 0x00, 
0x00, 0x0D, 0xF0, 0xA5, 0x00, 0x00, 0x00, 0x00, 0x00, 0x00, 0x00, 0x81, 0xFF, 0x3D, 0x00, 0x00, 
0x78, 0x57, 0x32, 0x40, 0x98, 0xFE, 0x93, 0x00, 0x00, 0x00, 0xA0, 0xFE, 0xFF, 0xFF, 0xE9, 0x6D, 
0x03, 0x00, 0x00, 0x00, 0x00, 0x10, 0x2B, 0x21, 0x01, 0x00, 0x00, 0x00, 0x00, 0x11, 0xE0, 0xA9, 
0x20, 0xFF, 0xD4, 0x00, 0x3B, 0x24, 0x00, 0x00, 0x00, 0x00, 0x00, 0x00, 0x00, 0x00, 0x00, 0x00, 
0x1A, 0x0E, 0x1A, 0xFD, 0xCC, 0x17, 0xFA, 0xC5, 0x00, 0x0C, 0x06, 0x00, 0x11, 0xE0, 0xA9, 0x00, 
0x20, 0xFF, 0xD4, 0x00, 0x00, 0x3B, 0x24, 0x00, 0x00, 0x00, 0x00, 0x00, 0x00, 0x00, 0x00, 0x00, 
0x00, 0x00, 0x00, 0x00, 0x00, 0x1C, 0x17, 0x00, 0x00, 0xF2, 0xD5, 0x00, 0x00, 0xFC, 0xC3, 0x00, 
0x4B, 0xFF, 0x51, 0x00, 0xC4, 0xA9, 0x00, 0x24, 0xC3, 0x15, 0x00, 0x00, 0x00, 0x00, 0x00, 0x00, 
0x00, 0x00, 0x00, 0x28, 0x00, 0x00, 0x00, 0x00, 0x00, 0x00, 0x37, 0xB8, 0xF4, 0x00, 0x00, 0x00, 
0x00, 0x34, 0xB4, 0xFF, 0xDB, 0x5B, 0x00, 0x00, 0x31, 0xB1, 0xFF, 0xD6, 0x5C, 0x03, 0x00, 0x17, 
0xAE, 0xFE, 0xD2, 0x56, 0x02, 0x00, 0x00, 0x00, 0x4C, 0xFF, 0xCA, 0x17, 0x00, 0x00, 0x00, 0x00, 
0x00, 0x05, 0x6F, 0xE7, 0xF6, 0x91, 0x1C, 0x00, 0x00, 0x00, 0x00, 0x00, 0x09, 0x72, 0xE9, 0xF9, 
0x9A, 0x22, 0x00, 0x00, 0x00, 0x00, 0x00, 0x0A, 0x75, 0xEA, 0xFC, 0x97, 0x00, 0x00, 0x00, 0x00, 
0x00, 0x00, 0x0C, 0x79, 0xE1, 0x00, 0x00, 0x00, 0x00, 0x00, 0x00, 0x00, 0x00, 0x04, 0x00, 0x31, 
0x38, 0x38, 0x38, 0x38, 0x38, 0x38, 0x2E, 0x00, 0x08, 0xFF, 0xFF, 0xFF, 0xFF, 0xFF, 0xFF, 0xFF, 
0xFA, 0x01, 0x00, 0x22, 0x28, 0x28, 0x28, 0x28, 0x28, 0x28, 0x20, 0x00, 0x00, 0x00, 0x00, 0x00, 
0x00, 0x00, 0x00, 0x00, 0x00, 0x00, 0x00, 0x65, 0x6C, 0x6C, 0x6C, 0x6C, 0x6C, 0x6C, 0x60, 0x00, 
0x07, 0xED, 0xF4, 0xF4, 0xF4, 0xF4, 0xF4, 0xF4, 0xE8, 0x01, 0x00, 0x29, 0x00, 0x00, 0x00, 0x00, 
0x00, 0x00, 0x00, 0x00, 0x02, 0xFE, 0xAE, 0x2F, 0x00, 0x00, 0x00, 0x00, 0x00, 0x00, 0x00, 0x65, 
0xDF, 0xFE, 0xAD, 0x2E, 0x00, 0x00, 0x00, 0x00, 0x00, 0x00, 0x04, 0x60, 0xD8, 0xFE, 0xAB, 0x2C, 
0x00, 0x00, 0x00, 0x00, 0x00, 0x00, 0x02, 0x56, 0xD0, 0xFE, 0xAA, 0x12, 0x00, 0x00, 0x00, 0x00, 
0x00, 0x00, 0x1E, 0xCF, 0xFF, 0x44, 0x00, 0x00, 0x00, 0x00, 0x20, 0x99, 0xF9, 0xE6, 0x6F, 0x05, 
0x00, 0x00, 0x24, 0x9E, 0xFB, 0xE7, 0x70, 0x08, 0x00, 0x00, 0x00, 0x9E, 0xFC, 0xE8, 0x72, 0x09, 
0x00, 0x00, 0x00, 0x00, 0x02, 0xE7, 0x73, 0x09, 0x00, 0x00, 0x00, 0x00, 0x00, 0x00, 0x00, 0x03, 
0x00, 0x00, 0x00, 0x00, 0x00, 0x00, 0x00, 0x00, 0x00, 0x00, 0x00, 0x00, 0x01, 0x43, 0xA4, 0xD8, 
0xED, 0xEA, 0xD4, 0x9B, 0x39, 0x00, 0x00, 0x00, 0x00, 0x00, 0x00, 0x1E, 0xCA, 0xFE, 0xB5, 0x72, 
0x59, 0x60, 0x83, 0xD5, 0xFF, 0x91, 0x00, 0x00, 0x00, 0x00, 0x21, 0xEB, 0xCE, 0x26, 0x00, 0x00, 
0x00, 0x00, 0x00, 0x01, 0x85, 0xFF, 0x68, 0x00, 0x00, 0x03, 0xCB, 0xD2, 0x0B, 0x00, 0x24, 0x66, 
0x49, 0x00, 0x3B, 0x18, 0x00, 0xC7, 0xDB, 0x00, 0x00, 0x56, 0xFF, 0x33, 0x00, 0x5D, 0xF8, 0xEC, 
0xF4, 0xA4, 0xF9, 0x48, 0x00, 0x80, 0xFF, 0x15, 0x00, 0xBD, 0xC3, 0x00, 0x21, 0xF7, 0xA3, 0x02, 
0x19, 0xDE, 0xFF, 0x16, 0x00, 0x5F, 0xFF, 0x27, 0x0A, 0xF9, 0x77, 0x00, 0x82, 0xFA, 0x14, 0x00, 
0x00, 0x8F, 0xE5, 0x00, 0x00, 0x65, 0xFF, 0x19, 0x34, 0xFF, 0x46, 0x00, 0xC0, 0xC4, 0x00, 0x00, 
0x00, 0xBD, 0xB3, 0x00, 0x00, 0x8A, 0xF1, 0x01, 0x50, 0xFF, 0x2E, 0x00, 0xDB, 0xAB, 0x00, 0x00, 
0x0B, 0xED, 0x85, 0x00, 0x00, 0xD2, 0xB0, 0x00, 0x53, 0xFF, 0x32, 0x00, 0xCE, 0xD5, 0x06, 0x20, 
0xC7, 0xFF, 0x95, 0x00, 0x6A, 0xFE, 0x41, 0x00, 0x41, 0xFF, 0x52, 0x00, 0x70, 0xFF, 0xF2, 0xF9, 
0x88, 0x8B, 0xFF, 0xF2, 0xFB, 0x75, 0x00, 0x00, 0x12, 0xFD, 0x8C, 0x00, 0x00, 0x3B, 0x5C, 0x24, 
0x00, 0x01, 0x42, 0x55, 0x1F, 0x00, 0x00, 0x00, 0x00, 0xAD, 0xF5, 0x2E, 0x00, 0x00, 0x00, 0x00, 
0x00, 0x00, 0x00, 0x00, 0x00, 0x00, 0x00, 0x00, 0x00, 0x1A, 0xE3, 0xF2, 0x7A, 0x25, 0x00, 0x00, 
0x00, 0x1E, 0x56, 0x04, 0x00, 0x00, 0x00, 0x00, 0x00, 0x00, 0x17, 0x9F, 0xF9, 0xFF, 0xFB, 0xEF, 
0xFA, 0xFF, 0xED, 0x0B, 0x00, 0x00, 0x00, 0x00, 0x00, 0x00, 0x00, 0x00, 0x09, 0x3B, 0x54, 0x5C, 
0x51, 0x30, 0x04, 0x00, 0x00, 0x00, 0x00, 0x00, 0x00, 0x00, 0x00, 0x00, 0x32, 0xAF, 0x94, 0x00, 
0x00, 0x00, 0x00, 0x00, 0x00, 0x00, 0x00, 0x00, 0xA2, 0xFF, 0xFF, 0x34, 0x00, 0x00, 0x00, 0x00, 
0x00, 0x00, 0x00, 0x0A, 0xF3, 0xAB, 0xFF, 0x90, 0x00, 0x00, 0x00, 0x00, 0x00, 0x00, 0x00, 0x5B, 
0xFF, 0x2F, 0xCA, 0xE9, 0x04, 0x00, 0x00, 0x00, 0x00, 0x00, 0x00, 0xB7, 0xD7, 0x00, 0x71, 0xFF, 
0x49, 0x00, 0x00, 0x00, 0x00, 0x00, 0x17, 0xFC, 0x7E, 0x00, 0x19, 0xFD, 0xA5, 0x00, 0x00, 0x00, 
0x00, 0x00, 0x70, 0xFF, 0x26, 0x00, 0x00, 0xBD, 0xF5, 0x0C, 0x00, 0x00, 0x00, 0x00, 0xCD, 0xCE, 
0x00, 0x00, 0x00, 0x64, 0xFF, 0x5E, 0x00, 0x00, 0x00, 0x28, 0xFF, 0xDA, 0xA8, 0xA8, 0xA8, 0xB5, 
0xFF, 0xBA, 0x00, 0x00, 0x00, 0x85, 0xFF, 0xAF, 0xAC, 0xAC, 0xAC, 0xAC, 0xDE, 0xFD, 0x1A, 0x00, 
0x01, 0xE0, 0xCF, 0x00, 0x00, 0x00, 0x00, 0x00, 0x5D, 0xFF, 0x73, 0x00, 0x3E, 0xFF, 0x79, 0x00, 
0x00, 0x00, 0x00, 0x00, 0x0C, 0xF5, 0xD0, 0x00, 0x90, 0xFC, 0x22, 0x00, 0x00, 0x00, 0x00, 0x00, 
0x00, 0xA4, 0xFF, 0x21, 0x05, 0x09, 0x00, 0x00, 0x00, 0x00, 0x00, 0x00, 0x00, 0x02, 0x0D, 0x00, 
0x1A, 0x9F, 0xA4, 0xA4, 0x9F, 0x85, 0x2F, 0x00, 0x00, 0x4F, 0xFF, 0xD3, 0xBC, 0xC3, 0xF3, 0xFE, 
0x6D, 0x00, 0x50, 0xFF, 0x58, 0x00, 0x00, 0x14, 0xDC, 0xF8, 0x06, 0x50, 0xFF, 0x58, 0x00, 0x00, 
0x00, 0x8F, 0xFF, 0x29, 0x50, 0xFF, 0x58, 0x00, 0x00, 0x00, 0xB0, 0xF9, 0x0F, 0x50, 0xFF, 0x74, 
0x2C, 0x31, 0x7F, 0xFD, 0x7B, 0x00, 0x50, 0xFF, 0xFF, 0xFF, 0xFF, 0xFF, 0xE4, 0x55, 0x00, 0x50, 
0xFF, 0x72, 0x28, 0x2A, 0x4C, 0xC8, 0xFF, 0x64, 0x50, 0xFF, 0x58, 0x00, 0x00, 0x00, 0x0F, 0xF0, 
0xDA, 0x50, 0xFF, 0x58, 0x00, 0x00, 0x00, 0x00, 0xCC, 0xF9, 0x50, 0xFF, 0x58, 0x00, 0x00, 0x00, 
0x19, 0xF4, 0xCF, 0x50, 0xFF, 0x99, 0x64, 0x64, 0x7D, 0xDF, 0xFD, 0x4C, 0x38, 0xFC, 0xFF, 0xFF, 
0xFE, 0xEE, 0xB7, 0x3F, 0x00, 0x00, 0x00, 0x00, 0x09, 0x6B, 0xB0, 0xC5, 0xAD, 0x6B, 0x0B, 0x00, 
0x00, 0x00, 0x24, 0xDC, 0xFF, 0xD6, 0xB4, 0xD2, 0xFF, 0xDB, 0x03, 0x00, 0x08, 0xD7, 0xF9, 0x56, 
0x00, 0x00, 0x00, 0x2E, 0xB8, 0x07, 0x00, 0x68, 0xFF, 0x7E, 0x00, 0x00, 0x00, 0x00, 0x00, 0x00, 
0x00, 0x00, 0xBF, 0xFE, 0x16, 0x00, 0x00, 0x00, 0x00, 0x00, 0x00, 0x00, 0x00, 0xF2, 0xDC, 0x00, 
0x00, 0x00, 0x00, 0x00, 0x00, 0x00, 0x00, 0x05, 0xFF, 0xC8, 0x00, 0x00, 0x00, 0x00, 0x00, 0x00, 
0x00, 0x00, 0x02, 0xFE, 0xCE, 0x00, 0x00, 0x00, 0x00, 0x00, 0x00, 0x00, 0x00, 0x00, 0xE6, 0xF0, 
0x01, 0x00, 0x00, 0x00, 0x00, 0x00, 0x00, 0x00, 0x00, 0xAA, 0xFF, 0x42, 0x00, 0x00, 0x00, 0x00, 
0x00, 0x00, 0x00, 0x00, 0x42, 0xFF, 0xD1, 0x0F, 0x00, 0x00, 0x00, 0x00, 0x56, 0x0A, 0x00, 0x00, 
0x96, 0xFF, 0xE0, 0x7A, 0x5A, 0x77, 0xCA, 0xFE, 0x14, 0x00, 0x00, 0x01, 0x6B, 0xDE, 0xFF, 0xFF, 
0xFC, 0xC0, 0x44, 0x00, 0x00, 0x00, 0x00, 0x00, 0x00, 0x15, 0x21, 0x0A, 0x00, 0x00, 0x00, 0x1A, 
0x9F, 0xA4, 0xA4, 0x9D, 0x88, 0x50, 0x07, 0x00, 0x00, 0x00, 0x4F, 0xFF, 0xD9, 0xC4, 0xCC, 0xEC, 
0xFF, 0xE5, 0x46, 0x00, 0x00, 0x50, 0xFF, 0x5C, 0x00, 0x00, 0x02, 0x4C, 0xE9, 0xFB, 0x3B, 0x00, 
0x50, 0xFF, 0x5C, 0x00, 0x00, 0x00, 0x00, 0x31, 0xFB, 0xCB, 0x00, 0x50, 0xFF, 0x5C, 0x00, 0x00, 
0x00, 0x00, 0x00, 0xB3, 0xFF, 0x22, 0x50, 0xFF, 0x5C, 0x00, 0x00, 0x00, 0x00, 0x00, 0x84, 0xFF, 
0x50, 0x50, 0xFF, 0x5C, 0x00, 0x00, 0x00, 0x00, 0x00, 0x66, 0xFF, 0x5F, 0x50, 0xFF, 0x5C, 0x00, 
0x00, 0x00, 0x00, 0x00, 0x6F, 0xFF, 0x52, 0x50, 0xFF, 0x5C, 0x00, 0x00, 0x00, 0x00, 0x00, 0x99, 
0xFF, 0x2C, 0x50, 0xFF, 0x5C, 0x00, 0x00, 0x00, 0x00, 0x0A, 0xE9, 0xE3, 0x01, 0x50, 0xFF, 0x5C, 
0x00, 0x00, 0x00, 0x06, 0xA7, 0xFF, 0x6A, 0x00, 0x50, 0xFF, 0x9E, 0x68, 0x6E, 0x8E, 0xE0, 0xFF, 
0x96, 0x00, 0x00, 0x38, 0xFC, 0xFF, 0xFF, 0xF8, 0xE1, 0xAB, 0x45, 0x00, 0x00, 0x00, 0x1A, 0x9F, 
0xA4, 0xA4, 0xA4, 0xA4, 0xA4, 0x5B, 0x4F, 0xFF, 0xD9, 0xC4, 0xC4, 0xC4, 0xC4, 0x71, 0x50, 0xFF, 
0x5C, 0x00, 0x00, 0x00, 0x00, 0x00, 0x50, 0xFF, 0x5C, 0x00, 0x00, 0x00, 0x00, 0x00, 0x50, 0xFF, 
0x5C, 0x00, 0x00, 0x00, 0x00, 0x00, 0x50, 0xFF, 0x8A, 0x48, 0x48, 0x48, 0x39, 0x00, 0x50, 0xFF, 
0xFF, 0xFF, 0xFF, 0xFF, 0xE6, 0x00, 0x50, 0xFF, 0x68, 0x14, 0x14, 0x14, 0x0E, 0x00, 0x50, 0xFF, 
0x5C, 0x00, 0x00, 0x00, 0x00, 0x00, 0x50, 0xFF, 0x5C, 0x00, 0x00, 0x00, 0x00, 0x00, 0x50, 0xFF, 
0x5C, 0x00, 0x00, 0x00, 0x00, 0x00, 0x50, 0xFF, 0x9C, 0x64, 0x64, 0x64, 0x64, 0x3C, 0x38, 0xFC, 
0xFF, 0xFF, 0xFF, 0xFF, 0xFF, 0xAB, 0x1A, 0x9F, 0xA4, 0xA4, 0xA4, 0xA4, 0xA3, 0x28, 0x4F, 0xFF, 
0xDC, 0xC8, 0xC8, 0xC8, 0xC8, 0x35, 0x50, 0xFF, 0x5C, 0x00, 0x00, 0x00, 0x00, 0x00, 0x50, 0xFF, 
0x5C, 0x00, 0x00, 0x00, 0x00, 0x00, 0x50, 0xFF, 0x5C, 0x00, 0x00, 0x00, 0x00, 0x00, 0x50, 0xFF, 
0x5C, 0x00, 0x00, 0x00, 0x00, 0x00, 0x50, 0xFF, 0xF3, 0xEC, 0xEC, 0xEC, 0xE7, 0x08, 0x50, 0xFF, 
0xAB, 0x7C, 0x7C, 0x7C, 0x76, 0x02, 0x50, 0xFF, 0x5C, 0x00, 0x00, 0x00, 0x00, 0x00, 0x50, 0xFF, 
0x5C, 0x00, 0x00, 0x00, 0x00, 0x00, 0x50, 0xFF, 0x5C, 0x00, 0x00, 0x00, 0x00, 0x00, 0x50, 0xFF, 
0x5C, 0x00, 0x00, 0x00, 0x00, 0x00, 0x4B, 0xFF, 0x57, 0x00, 0x00, 0x00, 0x00, 0x00, 0x00, 0x0D, 
0x00, 0x00, 0x00, 0x00, 0x00, 0x00, 0x00, 0x00, 0x00, 0x00, 0x40, 0x96, 0xC0, 0xC7, 0xAB, 0x6A, 
0x0F, 0x00, 0x00, 0x00, 0x0F, 0xB2, 0xFF, 0xEB, 0xB0, 0xA5, 0xCB, 0xFF, 0xE9, 0x11, 0x00, 0x03, 
0xBF, 0xFF, 0x7F, 0x05, 0x00, 0x00, 0x00, 0x24, 0x9F, 0x1A, 0x00, 0x61, 0xFF, 0x8B, 0x00, 0x00, 
0x00, 0x00, 0x00, 0x00, 0x00, 0x00, 0x00, 0xC4, 0xF8, 0x11, 0x00, 0x00, 0x00, 0x00, 0x00, 0x00, 
0x00, 0x00, 0x03, 0xFB, 0xC5, 0x00, 0x00, 0x00, 0x00, 0x00, 0x00, 0x00, 0x00, 0x00, 0x15, 0xFF, 
0xAD, 0x00, 0x00, 0x00, 0xB0, 0xEC, 0xEC, 0xEC, 0xE3, 0x13, 0x0F, 0xFF, 0xB8, 0x00, 0x00, 0x00, 
0x52, 0x78, 0x78, 0xC0, 0xFF, 0x24, 0x00, 0xEB, 0xE7, 0x01, 0x00, 0x00, 0x00, 0x00, 0x00, 0x88, 
0xFF, 0x24, 0x00, 0xA1, 0xFF, 0x51, 0x00, 0x00, 0x00, 0x00, 0x00, 0x88, 0xFF, 0x24, 0x00, 0x2B, 
0xF9, 0xE7, 0x29, 0x00, 0x00, 0x00, 0x00, 0x88, 0xFF, 0x24, 0x00, 0x00, 0x5E, 0xFB, 0xF6, 0x98, 
0x5B, 0x56, 0x82, 0xE4, 0xFF, 0x1F, 0x00, 0x00, 0x00, 0x35, 0xB3, 0xF7, 0xFF, 0xFF, 0xFE, 0xCC, 
0x67, 0x00, 0x00, 0x00, 0x00, 0x00, 0x00, 0x07, 0x20, 0x26, 0x0C, 0x00, 0x00, 0x00, 0x2E, 0xAE, 
0x35, 0x00, 0x00, 0x00, 0x00, 0x00, 0x93, 0x7F, 0x50, 0xFF, 0x5C, 0x00, 0x00, 0x00, 0x00, 0x00, 
0xE4, 0xC8, 0x50, 0xFF, 0x5C, 0x00, 0x00, 0x00, 0x00, 0x00, 0xE4, 0xC8, 0x50, 0xFF, 0x5C, 0x00, 
0x00, 0x00, 0x00, 0x00, 0xE4, 0xC8, 0x50, 0xFF, 0x5C, 0x00, 0x00, 0x00, 0x00, 0x00, 0xE4, 0xC8, 
0x50, 0xFF, 0x91, 0x54, 0x54, 0x54, 0x54, 0x54, 0xED, 0xC8, 0x50, 0xFF, 0xFF, 0xFF, 0xFF, 0xFF, 
0xFF, 0xFF, 0xFF, 0xC8, 0x50, 0xFF, 0x73, 0x24, 0x24, 0x24, 0x24, 0x24, 0xE7, 0xC8, 0x50, 0xFF, 
0x5C, 0x00, 0x00, 0x00, 0x00, 0x00, 0xE4, 0xC8, 0x50, 0xFF, 0x5C, 0x00, 0x00, 0x00, 0x00, 0x00, 
0xE4, 0xC8, 0x50, 0xFF, 0x5C, 0x00, 0x00, 0x00, 0x00, 0x00, 0xE4, 0xC8, 0x50, 0xFF, 0x5C, 0x00, 
0x00, 0x00, 0x00, 0x00, 0xE4, 0xC8, 0x4C, 0xFF, 0x57, 0x00, 0x00, 0x00, 0x00, 0x00, 0xE0, 0xC3, 
0x00, 0x0D, 0x00, 0x00, 0x00, 0x00, 0x00, 0x00, 0x07, 0x05, 0x2E, 0xAE, 0x35, 0x50, 0xFF, 0x5C, 
0x50, 0xFF, 0x5C, 0x50, 0xFF, 0x5C, 0x50, 0xFF, 0x5C, 0x50, 0xFF, 0x5C, 0x50, 0xFF, 0x5C, 0x50, 
0xFF, 0x5C, 0x50, 0xFF, 0x5C, 0x50, 0xFF, 0x5C, 0x50, 0xFF, 0x5C, 0x50, 0xFF, 0x5C, 0x4C, 0xFF, 
0x57, 0x00, 0x0D, 0x00, 0x00, 0x00, 0x00, 0x9E, 0x76, 0x00, 0x00, 0x00, 0xF4, 0xBC, 0x00, 0x00, 
0x00, 0xF4, 0xBC, 0x00, 0x00, 0x00, 0xF4, 0xBC, 0x00, 0x00, 0x00, 0xF4, 0xBC, 0x00, 0x00, 0x00, 
0xF4, 0xBC, 0x00, 0x00, 0x00, 0xF4, 0xBC, 0x00, 0x00, 0x00, 0xF4, 0xBC, 0x00, 0x00, 0x00, 0xF4, 
0xBC, 0x00, 0x00, 0x00, 0xF5, 0xBB, 0x00, 0x00, 0x08, 0xFF, 0xA9, 0x9A, 0x5C, 0x95, 0xFF, 0x73, 
0xC7, 0xFF, 0xFF, 0xBA, 0x0D, 0x01, 0x22, 0x11, 0x00, 0x00, 0x2E, 0xAE, 0x35, 0x00, 0x00, 0x00, 
0x24, 0xA9, 0x65, 0x50, 0xFF, 0x5C, 0x00, 0x00, 0x0C, 0xD4, 0xF2, 0x2C, 0x50, 0xFF, 0x5C, 0x00, 
0x00, 0xAB, 0xFD, 0x4C, 0x00, 0x50, 0xFF, 0x5C, 0x00, 0x78, 0xFF, 0x74, 0x00, 0x00, 0x50, 0xFF, 
0x5C, 0x45, 0xFD, 0x9E, 0x00, 0x00, 0x00, 0x50, 0xFF, 0x7D, 0xED, 0xC2, 0x06, 0x00, 0x00, 0x00, 
0x50, 0xFF, 0xDB, 0xFF, 0x6A, 0x00, 0x00, 0x00, 0x00, 0x50, 0xFF, 0x64, 0xD0, 0xF5, 0x2A, 0x00, 
0x00, 0x00, 0x50, 0xFF, 0x5C, 0x28, 0xF4, 0xD5, 0x0A, 0x00, 0x00, 0x50, 0xFF, 0x5C, 0x00, 0x61, 
0xFF, 0xA0, 0x00, 0x00, 0x50, 0xFF, 0x5C, 0x00, 0x00, 0xA4, 0xFF, 0x61, 0x00, 0x50, 0xFF, 0x5C, 
0x00, 0x00, 0x0C, 0xDA, 0xF5, 0x2B, 0x4B, 0xFF, 0x57, 0x00, 0x00, 0x00, 0x32, 0xF5, 0xC8, 0x00, 
0x0D, 0x00, 0x00, 0x00, 0x00, 0x00, 0x06, 0x08, 0x2E, 0xAE, 0x35, 0x00, 0x00, 0x00, 0x00, 0x00, 
0x50, 0xFF, 0x5C, 0x00, 0x00, 0x00, 0x00, 0x00, 0x50, 0xFF, 0x5C, 0x00, 0x00, 0x00, 0x00, 0x00, 
0x50, 0xFF, 0x5C, 0x00, 0x00, 0x00, 0x00, 0x00, 0x50, 0xFF, 0x5C, 0x00, 0x00, 0x00, 0x00, 0x00, 
0x50, 0xFF, 0x5C, 0x00, 0x00, 0x00, 0x00, 0x00, 0x50, 0xFF, 0x5C, 0x00, 0x00, 0x00, 0x00, 0x00, 
0x50, 0xFF, 0x5C, 0x00, 0x00, 0x00, 0x00, 0x00, 0x50, 0xFF, 0x5C, 0x00, 0x00, 0x00, 0x00, 0x00, 
0x50, 0xFF, 0x5C, 0x00, 0x00, 0x00, 0x00, 0x00, 0x50, 0xFF, 0x5C, 0x00, 0x00, 0x00, 0x00, 0x00, 
0x50, 0xFF, 0xA6, 0x74, 0x74, 0x74, 0x73, 0x0F, 0x38, 0xFC, 0xFF, 0xFF, 0xFF, 0xFF, 0xFF, 0x2E, 
0x16, 0x9C, 0x9E, 0x39, 0x00, 0x00, 0x00, 0x00, 0x00, 0x00, 0x00, 0x1F, 0x99, 0xA2, 0x29, 0x4F, 
0xFF, 0xFB, 0xDE, 0x02, 0x00, 0x00, 0x00, 0x00, 0x00, 0x00, 0xAB, 0xFA, 0xFF, 0x6B, 0x50, 0xFF, 
0xB0, 0xFF, 0x49, 0x00, 0x00, 0x00, 0x00, 0x00, 0x1B, 0xFB, 0xA8, 0xFF, 0x6C, 0x50, 0xFF, 0x5A, 
0xF1, 0xAF, 0x00, 0x00, 0x00, 0x00, 0x00, 0x82, 0xF8, 0x47, 0xFF, 0x6C, 0x50, 0xFF, 0x50, 0x99, 
0xFB, 0x1A, 0x00, 0x00, 0x00, 0x05, 0xE7, 0xA3, 0x34, 0xFF, 0x6C, 0x50, 0xFF, 0x50, 0x36, 0xFF, 
0x7C, 0x00, 0x00, 0x00, 0x57, 0xFF, 0x3B, 0x34, 0xFF, 0x6C, 0x50, 0xFF, 0x50, 0x00, 0xD2, 0xE0, 
0x02, 0x00, 0x00, 0xC2, 0xD3, 0x00, 0x34, 0xFF, 0x6C, 0x50, 0xFF, 0x50, 0x00, 0x6F, 0xFF, 0x49, 
0x00, 0x2C, 0xFF, 0x6B, 0x00, 0x34, 0xFF, 0x6C, 0x50, 0xFF, 0x50, 0x00, 0x12, 0xF8, 0xAF, 0x00, 
0x97, 0xF4, 0x0E, 0x00, 0x34, 0xFF, 0x6C, 0x50, 0xFF, 0x50, 0x00, 0x00, 0xA8, 0xFB, 0x28, 0xF3, 
0x9B, 0x00, 0x00, 0x34, 0xFF, 0x6C, 0x50, 0xFF, 0x50, 0x00, 0x00, 0x45, 0xFF, 0xDA, 0xFF, 0x33, 
0x00, 0x00, 0x34, 0xFF, 0x6C, 0x50, 0xFF, 0x50, 0x00, 0x00, 0x01, 0xDF, 0xFF, 0xCA, 0x00, 0x00, 
0x00, 0x34, 0xFF, 0x6C, 0x4C, 0xFF, 0x4B, 0x00, 0x00, 0x00, 0x7B, 0xFF, 0x5F, 0x00, 0x00, 0x00, 
0x30, 0xFF, 0x67, 0x00, 0x0C, 0x00, 0x00, 0x00, 0x00, 0x00, 0x0B, 0x00, 0x00, 0x00, 0x00, 0x00, 
0x0C, 0x01, 0x18, 0x9D, 0x94, 0x11, 0x00, 0x00, 0x00, 0x00, 0x33, 0xA6, 0x1F, 0x4F, 0xFF, 0xFF, 
0xA1, 0x00, 0x00, 0x00, 0x00, 0x5C, 0xFF, 0x3C, 0x50, 0xFF, 0xD8, 0xFE, 0x32, 0x00, 0x00, 0x00, 
0x5C, 0xFF, 0x3C, 0x50, 0xFF, 0x61, 0xFA, 0xBD, 0x00, 0x00, 0x00, 0x5C, 0xFF, 0x3C, 0x50, 0xFF, 
0x41, 0x92, 0xFF, 0x4B, 0x00, 0x00, 0x5C, 0xFF, 0x3C, 0x50, 0xFF, 0x43, 0x14, 0xF1, 0xD5, 0x03, 
0x00, 0x5C, 0xFF, 0x3C, 0x50, 0xFF, 0x44, 0x00, 0x78, 0xFF, 0x65, 0x00, 0x5C, 0xFF, 0x3C, 0x50, 
0xFF, 0x44, 0x00, 0x08, 0xE1, 0xE7, 0x0C, 0x5C, 0xFF, 0x3C, 0x50, 0xFF, 0x44, 0x00, 0x00, 0x5C, 
0xFF, 0x7F, 0x5C, 0xFF, 0x3C, 0x50, 0xFF, 0x44, 0x00, 0x00, 0x01, 0xCC, 0xF2, 0x6F, 0xFF, 0x3C, 
0x50, 0xFF, 0x44, 0x00, 0x00, 0x00, 0x40, 0xFF, 0xDC, 0xFF, 0x3C, 0x50, 0xFF, 0x44, 0x00, 0x00, 
0x00, 0x00, 0xB1, 0xFF, 0xFF, 0x3C, 0x4C, 0xFF, 0x3F, 0x00, 0x00, 0x00, 0x00, 0x22, 0xE7, 0xFC, 
0x28, 0x00, 0x0C, 0x00, 0x00, 0x00, 0x00, 0x00, 0x00, 0x01, 0x05, 0x00, 0x00, 0x00, 0x00, 0x0C, 
0x6F, 0xB3, 0xCC, 0xC4, 0x98, 0x39, 0x00, 0x00, 0x00, 0x00, 0x00, 0x2E, 0xE4, 0xFF, 0xC9, 0xA3, 
0xB4, 0xF5, 0xFF, 0x8A, 0x00, 0x00, 0x00, 0x0F, 0xE3, 0xF4, 0x44, 0x00, 0x00, 0x00, 0x17, 0xC7, 
0xFF, 0x57, 0x00, 0x00, 0x76, 0xFF, 0x68, 0x00, 0x00, 0x00, 0x00, 0x00, 0x1F, 0xFA, 0xCC, 0x00, 
0x00, 0xC5, 0xF8, 0x0A, 0x00, 0x00, 0x00, 0x00, 0x00, 0x00, 0xBF, 0xFE, 0x10, 0x00, 0xF2, 0xDB, 
0x00, 0x00, 0x00, 0x00, 0x00, 0x00, 0x00, 0x9C, 0xFF, 0x33, 0x03, 0xFF, 0xC6, 0x00, 0x00, 0x00, 
0x00, 0x00, 0x00, 0x00, 0x86, 0xFF, 0x3F, 0x00, 0xFC, 0xD2, 0x00, 0x00, 0x00, 0x00, 0x00, 0x00, 
0x00, 0x97, 0xFF, 0x34, 0x00, 0xE5, 0xEB, 0x00, 0x00, 0x00, 0x00, 0x00, 0x00, 0x00, 0xB5, 0xFF, 
0x12, 0x00, 0xAF, 0xFF, 0x3B, 0x00, 0x00, 0x00, 0x00, 0x00, 0x0E, 0xF2, 0xD1, 0x00, 0x00, 0x50, 
0xFF, 0xB8, 0x03, 0x00, 0x00, 0x00, 0x01, 0x9B, 0xFF, 0x63, 0x00, 0x00, 0x00, 0xAC, 0xFF, 0xCB, 
0x67, 0x49, 0x60, 0xBF, 0xFF, 0xAC, 0x01, 0x00, 0x00, 0x00, 0x04, 0x7A, 0xE5, 0xFF, 0xFF, 0xFF, 
0xDF, 0x72, 0x03, 0x00, 0x00, 0x00, 0x00, 0x00, 0x00, 0x00, 0x1B, 0x2A, 0x19, 0x00, 0x00, 0x00, 
0x00, 0x00, 0x18, 0x9E, 0xA4, 0xA4, 0x9C, 0x7A, 0x24, 0x00, 0x00, 0x4F, 0xFF, 0xD7, 0xC0, 0xCF, 
0xFC, 0xFB, 0x65, 0x00, 0x50, 0xFF, 0x5C, 0x00, 0x00, 0x1E, 0xDD, 0xF8, 0x1C, 0x50, 0xFF, 0x5C, 
0x00, 0x00, 0x00, 0x6F, 0xFF, 0x59, 0x50, 0xFF, 0x5C, 0x00, 0x00, 0x00, 0x62, 0xFF, 0x66, 0x50, 
0xFF, 0x5C, 0x00, 0x00, 0x00, 0xAB, 0xFF, 0x32, 0x50, 0xFF, 0x7A, 0x30, 0x3E, 0x9C, 0xFF, 0xB1, 
0x00, 0x50, 0xFF, 0xFF, 0xFF, 0xFF, 0xF4, 0x92, 0x0A, 0x00, 0x50, 0xFF, 0x7A, 0x2F, 0x24, 0x04, 
0x00, 0x00, 0x00, 0x50, 0xFF, 0x5C, 0x00, 0x00, 0x00, 0x00, 0x00, 0x00, 0x50, 0xFF, 0x5C, 0x00, 
0x00, 0x00, 0x00, 0x00, 0x00, 0x50, 0xFF, 0x5C, 0x00, 0x00, 0x00, 0x00, 0x00, 0x00, 0x4C, 0xFF, 
0x57, 0x00, 0x00, 0x00, 0x00, 0x00, 0x00, 0x00, 0x0D, 0x00, 0x00, 0x00, 0x00, 0x00, 0x00, 0x00, 
0x00, 0x00, 0x00, 0x0C, 0x6F, 0xB3, 0xCC, 0xC3, 0x96, 0x35, 0x00, 0x00, 0x00, 0x00, 0x00, 0x00, 
0x2E, 0xE4, 0xFF, 0xC8, 0xA3, 0xB4, 0xF5, 0xFE, 0x7F, 0x00, 0x00, 0x00, 0x00, 0x0F, 0xE3, 0xF3, 
0x40, 0x00, 0x00, 0x00, 0x17, 0xC7, 0xFF, 0x4F, 0x00, 0x00, 0x00, 0x76, 0xFF, 0x66, 0x00, 0x00, 
0x00, 0x00, 0x00, 0x1F, 0xFA, 0xC7, 0x00, 0x00, 0x00, 0xC5, 0xF8, 0x0A, 0x00, 0x00, 0x00, 0x00, 
0x00, 0x00, 0xBF, 0xFE, 0x0E, 0x00, 0x00, 0xF2, 0xDB, 0x00, 0x00, 0x00, 0x00, 0x00, 0x00, 0x00, 
0x9C, 0xFF, 0x33, 0x00, 0x03, 0xFF, 0xC6, 0x00, 0x00, 0x00, 0x00, 0x00, 0x00, 0x00, 0x86, 0xFF, 
0x3F, 0x00, 0x00, 0xFC, 0xD2, 0x00, 0x00, 0x00, 0x00, 0x00, 0x00, 0x00, 0x97, 0xFF, 0x34, 0x00, 
0x00, 0xE5, 0xEB, 0x00, 0x00, 0x00, 0x00, 0x00, 0x00, 0x00, 0xB5, 0xFF, 0x13, 0x00, 0x00, 0xAF, 
0xFF, 0x3C, 0x00, 0x00, 0x00, 0x00, 0x00, 0x0E, 0xF2, 0xD1, 0x00, 0x00, 0x00, 0x50, 0xFF, 0xBA, 
0x04, 0x00, 0x00, 0x00, 0x01, 0x9B, 0xFF, 0x63, 0x00, 0x00, 0x00, 0x00, 0xAC, 0xFF, 0xCC, 0x67, 
0x49, 0x60, 0xBF, 0xFF, 0xE1, 0x05, 0x00, 0x00, 0x00, 0x00, 0x04, 0x7B, 0xE5, 0xFF, 0xFF, 0xFF, 
0xD6, 0xA5, 0xFF, 0xC5, 0x2D, 0x00, 0x00, 0x00, 0x00, 0x00, 0x00, 0x1B, 0x29, 0x0F, 0x00, 0x00, 
0x59, 0xED, 0xFD, 0x8E, 0x00, 0x00, 0x00, 0x00, 0x00, 0x00, 0x00, 0x00, 0x00, 0x00, 0x00, 0x15, 
0x88, 0xA0, 0x1A, 0x9F, 0xA4, 0xA3, 0x9E, 0x80, 0x2F, 0x00, 0x00, 0x00, 0x4F, 0xFF, 0xD7, 0xC0, 
0xCA, 0xF6, 0xFE, 0x78, 0x00, 0x00, 0x50, 0xFF, 0x5C, 0x00, 0x00, 0x15, 0xD6, 0xFB, 0x1E, 0x00, 
0x50, 0xFF, 0x5C, 0x00, 0x00, 0x00, 0x79, 0xFF, 0x4F, 0x00, 0x50, 0xFF, 0x5C, 0x00, 0x00, 0x00, 
0x8E, 0xFF, 0x3A, 0x00, 0x50, 0xFF, 0x5C, 0x00, 0x11, 0x5A, 0xF6, 0xC7, 0x01, 0x00, 0x50, 0xFF, 
0xFF, 0xFF, 0xFF, 0xFF, 0x98, 0x0F, 0x00, 0x00, 0x50, 0xFF, 0x96, 0x62, 0x9C, 0xFE, 0xB5, 0x03, 
0x00, 0x00, 0x50, 0xFF, 0x5C, 0x00, 0x00, 0x7C, 0xFF, 0x66, 0x00, 0x00, 0x50, 0xFF, 0x5C, 0x00, 
0x00, 0x09, 0xEB, 0xDB, 0x01, 0x00, 0x50, 0xFF, 0x5C, 0x00, 0x00, 0x00, 0x8D, 0xFF, 0x45, 0x00, 
0x50, 0xFF, 0x5C, 0x00, 0x00, 0x00, 0x29, 0xFF, 0xAC, 0x00, 0x4C, 0xFF, 0x57, 0x00, 0x00, 0x00, 
0x00, 0xC1, 0xFA, 0x0A, 0x00, 0x0D, 0x00, 0x00, 0x00, 0x00, 0x00, 0x03, 0x0A, 0x00, 0x00, 0x00, 
0x2F, 0x9D, 0xC6, 0xC2, 0x85, 0x1C, 0x00, 0x00, 0x47, 0xFD, 0xE4, 0xA1, 0xAE, 0xF2, 0xB8, 0x00, 
0x00, 0xD8, 0xEA, 0x10, 0x00, 0x00, 0x0F, 0x46, 0x00, 0x00, 0xF7, 0xC8, 0x00, 0x00, 0x00, 0x00, 
0x00, 0x00, 0x00, 0xCD, 0xFA, 0x3D, 0x00, 0x00, 0x00, 0x00, 0x00, 0x00, 0x48, 0xFC, 0xFB, 0x93, 
0x1D, 0x00, 0x00, 0x00, 0x00, 0x00, 0x40, 0xD5, 0xFF, 0xF9, 0x92, 0x09, 0x00, 0x00, 0x00, 0x00, 
0x02, 0x56, 0xDB, 0xFF, 0xC0, 0x02, 0x00, 0x00, 0x00, 0x00, 0x00, 0x08, 0xC3, 0xFF, 0x47, 0x00, 
0x00, 0x00, 0x00, 0x00, 0x00, 0x5D, 0xFF, 0x6E, 0x10, 0x1B, 0x00, 0x00, 0x00, 0x00, 0x86, 0xFF, 
0x4E, 0x4A, 0xF6, 0x9A, 0x59, 0x4A, 0x89, 0xFB, 0xC5, 0x05, 0x09, 0x91, 0xEE, 0xFF, 0xFF, 0xFA, 
0x9D, 0x15, 0x00, 0x00, 0x00, 0x03, 0x20, 0x23, 0x04, 0x00, 0x00, 0x00, 0x80, 0xA4, 0xA4, 0xA4, 
0xA4, 0xA4, 0xA4, 0xA4, 0xA4, 0x56, 0xA0, 0xC8, 0xC8, 0xC8, 0xFE, 0xF0, 0xC8, 0xC8, 0xC8, 0x6D, 
0x00, 0x00, 0x00, 0x00, 0xF8, 0xB8, 0x00, 0x00, 0x00, 0x00, 0x00, 0x00, 0x00, 0x00, 0xF8, 0xB8, 
0x00, 0x00, 0x00, 0x00, 0x00, 0x00, 0x00, 0x00, 0xF8, 0xB8, 0x00, 0x00, 0x00, 0x00, 0x00, 0x00, 
0x00, 0x00, 0xF8, 0xB8, 0x00, 0x00, 0x00, 0x00, 0x00, 0x00, 0x00, 0x00, 0xF8, 0xB8, 0x00, 0x00, 
0x00, 0x00, 0x00, 0x00, 0x00, 0x00, 0xF8, 0xB8, 0x00, 0x00, 0x00, 0x00, 0x00, 0x00, 0x00, 0x00, 
0xF8, 0xB8, 0x00, 0x00, 0x00, 0x00, 0x00, 0x00, 0x00, 0x00, 0xF8, 0xB8, 0x00, 0x00, 0x00, 0x00, 
0x00, 0x00, 0x00, 0x00, 0xF8, 0xB8, 0x00, 0x00, 0x00, 0x00, 0x00, 0x00, 0x00, 0x00, 0xF8, 0xB8, 
0x00, 0x00, 0x00, 0x00, 0x00, 0x00, 0x00, 0x00, 0xF4, 0xB3, 0x00, 0x00, 0x00, 0x00, 0x00, 0x00, 
0x00, 0x00, 0x08, 0x04, 0x00, 0x00, 0x00, 0x00, 0x33, 0xAE, 0x30, 0x00, 0x00, 0x00, 0x00, 0x00, 
0x4B, 0xAD, 0x19, 0x58, 0xFF, 0x54, 0x00, 0x00, 0x00, 0x00, 0x00, 0x7C, 0xFF, 0x30, 0x58, 0xFF, 
0x54, 0x00, 0x00, 0x00, 0x00, 0x00, 0x7C, 0xFF, 0x30, 0x58, 0xFF, 0x54, 0x00, 0x00, 0x00, 0x00, 
0x00, 0x7C, 0xFF, 0x30, 0x58, 0xFF, 0x54, 0x00, 0x00, 0x00, 0x00, 0x00, 0x7C, 0xFF, 0x30, 0x58, 
0xFF, 0x54, 0x00, 0x00, 0x00, 0x00, 0x00, 0x7C, 0xFF, 0x30, 0x58, 0xFF, 0x54, 0x00, 0x00, 0x00, 
0x00, 0x00, 0x7C, 0xFF, 0x30, 0x58, 0xFF, 0x54, 0x00, 0x00, 0x00, 0x00, 0x00, 0x7C, 0xFF, 0x30, 
0x55, 0xFF, 0x5E, 0x00, 0x00, 0x00, 0x00, 0x00, 0x84, 0xFF, 0x2B, 0x3F, 0xFF, 0x84, 0x00, 0x00, 
0x00, 0x00, 0x00, 0xA9, 0xFE, 0x11, 0x0A, 0xF2, 0xE7, 0x0E, 0x00, 0x00, 0x00, 0x20, 0xF7, 0xC5, 
0x00, 0x00, 0x71, 0xFF, 0xDB, 0x69, 0x4A, 0x73, 0xE8, 0xFA, 0x3C, 0x00, 0x00, 0x00, 0x65, 0xE3, 
0xFF, 0xFF, 0xFF, 0xCB, 0x3D, 0x00, 0x00, 0x00, 0x00, 0x00, 0x00, 0x1E, 0x2A, 0x13, 0x00, 0x00, 
0x00, 0x00, 0x66, 0xAD, 0x15, 0x00, 0x00, 0x00, 0x00, 0x00, 0x00, 0x79, 0xA5, 0x63, 0xFF, 0x6A, 
0x00, 0x00, 0x00, 0x00, 0x00, 0x0A, 0xF5, 0xB8, 0x10, 0xF9, 0xC2, 0x00, 0x00, 0x00, 0x00, 0x00, 
0x54, 0xFF, 0x5E, 0x00, 0xB0, 0xFE, 0x1B, 0x00, 0x00, 0x00, 0x00, 0xA9, 0xF6, 0x0D, 0x00, 0x56, 
0xFF, 0x70, 0x00, 0x00, 0x00, 0x09, 0xF4, 0xAA, 0x00, 0x00, 0x09, 0xF2, 0xC8, 0x00, 0x00, 0x00, 
0x53, 0xFF, 0x50, 0x00, 0x00, 0x00, 0xA2, 0xFF, 0x20, 0x00, 0x00, 0xA8, 0xEF, 0x06, 0x00, 0x00, 
0x00, 0x48, 0xFF, 0x76, 0x00, 0x08, 0xF3, 0x9C, 0x00, 0x00, 0x00, 0x00, 0x04, 0xE9, 0xCE, 0x00, 
0x51, 0xFF, 0x42, 0x00, 0x00, 0x00, 0x00, 0x00, 0x94, 0xFF, 0x25, 0xA6, 0xE5, 0x02, 0x00, 0x00, 
0x00, 0x00, 0x00, 0x3A, 0xFF, 0x84, 0xF2, 0x8E, 0x00, 0x00, 0x00, 0x00, 0x00, 0x00, 0x01, 0xDF, 
0xF8, 0xFF, 0x34, 0x00, 0x00, 0x00, 0x00, 0x00, 0x00, 0x00, 0x81, 0xFF, 0xD5, 0x00, 0x00, 0x00, 
0x00, 0x00, 0x00, 0x00, 0x00, 0x00, 0x0E, 0x04, 0x00, 0x00, 0x00, 0x00, 0x3A, 0xB0, 0x3C, 0x00, 
0x00, 0x00, 0x00, 0x0C, 0xA8, 0x82, 0x00, 0x00, 0x00, 0x00, 0x00, 0x50, 0xAE, 0x15, 0x2C, 0xFF, 
0x99, 0x00, 0x00, 0x00, 0x00, 0x4B, 0xFF, 0xFA, 0x0C, 0x00, 0x00, 0x00, 0x00, 0xB8, 0xF2, 0x05, 
0x00, 0xE2, 0xDE, 0x00, 0x00, 0x00, 0x00, 0x8C, 0xFF, 0xFF, 0x4C, 0x00, 0x00, 0x00, 0x06, 0xF5, 
0xAF, 0x00, 0x00, 0x9A, 0xFF, 0x23, 0x00, 0x00, 0x00, 0xCE, 0xC5, 0xFE, 0x92, 0x00, 0x00, 0x00, 
0x3F, 0xFF, 0x65, 0x00, 0x00, 0x51, 0xFF, 0x68, 0x00, 0x00, 0x11, 0xFD, 0x6B, 0xD0, 0xD9, 0x00, 
0x00, 0x00, 0x82, 0xFF, 0x1C, 0x00, 0x00, 0x0D, 0xFA, 0xAC, 0x00, 0x00, 0x51, 0xFF, 0x2A, 0x89, 
0xFF, 0x1F, 0x00, 0x00, 0xC6, 0xD2, 0x00, 0x00, 0x00, 0x00, 0xBF, 0xEE, 0x02, 0x00, 0x92, 0xE8, 
0x00, 0x41, 0xFF, 0x66, 0x00, 0x0D, 0xFB, 0x89, 0x00, 0x00, 0x00, 0x00, 0x76, 0xFF, 0x36, 0x00, 
0xD4, 0xA7, 0x00, 0x06, 0xF3, 0xAC, 0x00, 0x4C, 0xFF, 0x40, 0x00, 0x00, 0x00, 0x00, 0x2D, 0xFF, 
0x7B, 0x16, 0xFE, 0x65, 0x00, 0x00, 0xB2, 0xEF, 0x03, 0x90, 0xF1, 0x05, 0x00, 0x00, 0x00, 0x00, 
0x00, 0xE3, 0xC0, 0x57, 0xFF, 0x24, 0x00, 0x00, 0x6B, 0xFF, 0x39, 0xD3, 0xAD, 0x00, 0x00, 0x00, 
0x00, 0x00, 0x00, 0x9B, 0xF9, 0xA3, 0xE2, 0x00, 0x00, 0x00, 0x24, 0xFF, 0x97, 0xFF, 0x63, 0x00, 
0x00, 0x00, 0x00, 0x00, 0x00, 0x52, 0xFF, 0xFC, 0xA1, 0x00, 0x00, 0x00, 0x00, 0xDC, 0xFB, 0xFF, 
0x1B, 0x00, 0x00, 0x00, 0x00, 0x00, 0x00, 0x0E, 0xF4, 0xFF, 0x59, 0x00, 0x00, 0x00, 0x00, 0x8F, 
0xFF, 0xC9, 0x00, 0x00, 0x00, 0x00, 0x00, 0x00, 0x00, 0x00, 0x06, 0x0B, 0x00, 0x00, 0x00, 0x00, 
0x00, 0x00, 0x0D, 0x02, 0x00, 0x00, 0x00, 0x00, 0x30, 0xB0, 0x5E, 0x00, 0x00, 0x00, 0x00, 0x10, 
0xA8, 0x6F, 0x07, 0xDC, 0xF4, 0x19, 0x00, 0x00, 0x00, 0x8F, 0xFF, 0x48, 0x00, 0x4E, 0xFF, 0xA0, 
0x00, 0x00, 0x26, 0xFA, 0xB1, 0x00, 0x00, 0x00, 0xB7, 0xFE, 0x35, 0x00, 0xB4, 0xF8, 0x22, 0x00, 
0x00, 0x00, 0x26, 0xFA, 0xC5, 0x47, 0xFF, 0x83, 0x00, 0x00, 0x00, 0x00, 0x00, 0x8A, 0xFF, 0xF0, 
0xE2, 0x0A, 0x00, 0x00, 0x00, 0x00, 0x00, 0x12, 0xFC, 0xFF, 0x75, 0x00, 0x00, 0x00, 0x00, 0x00, 
0x00, 0x75, 0xFF, 0xF4, 0xD8, 0x05, 0x00, 0x00, 0x00, 0x00, 0x19, 0xF2, 0xBA, 0x64, 0xFF, 0x74, 
0x00, 0x00, 0x00, 0x00, 0xA5, 0xFC, 0x2D, 0x02, 0xD2, 0xF2, 0x18, 0x00, 0x00, 0x3D, 0xFF, 0x99, 
0x00, 0x00, 0x46, 0xFF, 0xA0, 0x00, 0x03, 0xD1, 0xF2, 0x16, 0x00, 0x00, 0x00, 0xB7, 0xFE, 0x37, 
0x5E, 0xFF, 0x75, 0x00, 0x00, 0x00, 0x00, 0x2B, 0xFB, 0xBC, 0x03, 0x0C, 0x00, 0x00, 0x00, 0x00, 
0x00, 0x00, 0x08, 0x08, 0x69, 0xAB, 0x1D, 0x00, 0x00, 0x00, 0x00, 0x3E, 0xAF, 0x39, 0x46, 0xFF, 
0x95, 0x00, 0x00, 0x00, 0x00, 0xC9, 0xF1, 0x11, 0x00, 0xC5, 0xF7, 0x19, 0x00, 0x00, 0x44, 0xFF, 
0x82, 0x00, 0x00, 0x46, 0xFF, 0x8D, 0x00, 0x00, 0xBF, 0xF1, 0x11, 0x00, 0x00, 0x00, 0xC5, 0xF4, 
0x11, 0x37, 0xFF, 0x82, 0x00, 0x00, 0x00, 0x00, 0x45, 0xFF, 0x77, 0xAA, 0xF1, 0x11, 0x00, 0x00, 
0x00, 0x00, 0x00, 0xC4, 0xE7, 0xFB, 0x83, 0x00, 0x00, 0x00, 0x00, 0x00, 0x00, 0x45, 0xFF, 0xF1, 
0x11, 0x00, 0x00, 0x00, 0x00, 0x00, 0x00, 0x00, 0xF8, 0xB8, 0x00, 0x00, 0x00, 0x00, 0x00, 0x00, 
0x00, 0x00, 0xF8, 0xB8, 0x00, 0x00, 0x00, 0x00, 0x00, 0x00, 0x00, 0x00, 0xF8, 0xB8, 0x00, 0x00, 
0x00, 0x00, 0x00, 0x00, 0x00, 0x00, 0xF8, 0xB8, 0x00, 0x00, 0x00, 0x00, 0x00, 0x00, 0x00, 0x00, 
0xF4, 0xB3, 0x00, 0x00, 0x00, 0x00, 0x00, 0x00, 0x00, 0x00, 0x08, 0x04, 0x00, 0x00, 0x00, 0x00, 
0x23, 0xA3, 0xA4, 0xA4, 0xA4, 0xA4, 0xA4, 0xA4, 0x56, 0x2D, 0xC3, 0xC4, 0xC4, 0xC4, 0xC4, 0xD1, 
0xFF, 0xA4, 0x00, 0x00, 0x00, 0x00, 0x00, 0x00, 0xA1, 0xFE, 0x3D, 0x00, 0x00, 0x00, 0x00, 0x00, 
0x45, 0xFF, 0x98, 0x00, 0x00, 0x00, 0x00, 0x00, 0x0A, 0xDD, 0xE5, 0x0F, 0x00, 0x00, 0x00, 0x00, 
0x00, 0x8D, 0xFF, 0x51, 0x00, 0x00, 0x00, 0x00, 0x00, 0x33, 0xFC, 0xAD, 0x00, 0x00, 0x00, 0x00, 
0x00, 0x04, 0xCF, 0xF0, 0x1A, 0x00, 0x00, 0x00, 0x00, 0x00, 0x79, 0xFF, 0x66, 0x00, 0x00, 0x00, 
0x00, 0x00, 0x24, 0xF7, 0xC1, 0x01, 0x00, 0x00, 0x00, 0x00, 0x00, 0xBE, 0xF8, 0x27, 0x00, 0x00, 
0x00, 0x00, 0x00, 0x4D, 0xFF, 0xC7, 0x6C, 0x6C, 0x6C, 0x6C, 0x6C, 0x58, 0x54, 0xFF, 0xFF, 0xFF, 
0xFF, 0xFF, 0xFF, 0xFF, 0xE6, 0x0A, 0x9F, 0xA8, 0xA7, 0x23, 0x24, 0xFF, 0xB6, 0x87, 0x19, 0x24, 
0xFF, 0x64, 0x00, 0x00, 0x24, 0xFF, 0x64, 0x00, 0x00, 0x24, 0xFF, 0x64, 0x00, 0x00, 0x24, 0xFF, 
0x64, 0x00, 0x00, 0x24, 0xFF, 0x64, 0x00, 0x00, 0x24, 0xFF, 0x64, 0x00, 0x00, 0x24, 0xFF, 0x64, 
0x00, 0x00, 0x24, 0xFF, 0x64, 0x00, 0x00, 0x24, 0xFF, 0x64, 0x00, 0x00, 0x24, 0xFF, 0x64, 0x00, 
0x00, 0x24, 0xFF, 0x64, 0x00, 0x00, 0x24, 0xFF, 0x64, 0x00, 0x00, 0x24, 0xFF, 0x64, 0x00, 0x00, 
0x24, 0xFF, 0x6D, 0x0F, 0x01, 0x1B, 0xFF, 0xFF, 0xFF, 0x38, 0x00, 0x19, 0x20, 0x1F, 0x02, 0x39, 
0x2B, 0x00, 0x00, 0x00, 0x00, 0x00, 0x00, 0xB7, 0xE8, 0x04, 0x00, 0x00, 0x00, 0x00, 0x00, 0x5B, 
0xFF, 0x4A, 0x00, 0x00, 0x00, 0x00, 0x00, 0x0A, 0xF3, 0xA7, 0x00, 0x00, 0x00, 0x00, 0x00, 0x00, 
0xA1, 0xF6, 0x0E, 0x00, 0x00, 0x00, 0x00, 0x00, 0x43, 0xFF, 0x62, 0x00, 0x00, 0x00, 0x00, 0x00, 
0x02, 0xE3, 0xBF, 0x00, 0x00, 0x00, 0x00, 0x00, 0x00, 0x89, 0xFE, 0x1E, 0x00, 0x00, 0x00, 0x00, 
0x00, 0x2B, 0xFF, 0x7A, 0x00, 0x00, 0x00, 0x00, 0x00, 0x00, 0xCE, 0xD7, 0x00, 0x00, 0x00, 0x00, 
0x00, 0x00, 0x71, 0xFF, 0x35, 0x00, 0x00, 0x00, 0x00, 0x00, 0x17, 0xFC, 0x92, 0x00, 0x00, 0x00, 
0x00, 0x00, 0x00, 0xB6, 0xEA, 0x04, 0x00, 0x00, 0x00, 0x00, 0x00, 0x59, 0xFF, 0x4C, 0x00, 0x00, 
0x00, 0x00, 0x00, 0x09, 0xF1, 0xAA, 0x00, 0x00, 0x00, 0x00, 0x00, 0x00, 0x9E, 0xF7, 0x0F, 0x00, 
0x00, 0x00, 0x00, 0x00, 0x41, 0xFF, 0x64, 0x00, 0x00, 0x00, 0x00, 0x00, 0x01, 0x9A, 0x6B, 0x0E, 
0xA7, 0xA8, 0xA4, 0x1B, 0x08, 0x85, 0xA6, 0xFF, 0x47, 0x00, 0x00, 0x40, 0xFF, 0x48, 0x00, 0x00, 
0x40, 0xFF, 0x48, 0x00, 0x00, 0x40, 0xFF, 0x48, 0x00, 0x00, 0x40, 0xFF, 0x48, 0x00, 0x00, 0x40, 
0xFF, 0x48, 0x00, 0x00, 0x40, 0xFF, 0x48, 0x00, 0x00, 0x40, 0xFF, 0x48, 0x00, 0x00, 0x40, 0xFF, 
0x48, 0x00, 0x00, 0x40, 0xFF, 0x48, 0x00, 0x00, 0x40, 0xFF, 0x48, 0x00, 0x00, 0x40, 0xFF, 0x48, 
0x00, 0x00, 0x40, 0xFF, 0x48, 0x00, 0x00, 0x40, 0xFF, 0x48, 0x00, 0x0F, 0x4C, 0xFF, 0x48, 0x17, 
0xFF, 0xFF, 0xFF, 0x3D, 0x00, 0x1E, 0x20, 0x1D, 0x00, 0x00, 0x00, 0x18, 0xB5, 0xA8, 0x05, 0x00, 
0x00, 0x00, 0x00, 0x84, 0xF9, 0xFF, 0x5D, 0x00, 0x00, 0x00, 0x08, 0xEB, 0x95, 0xCE, 0xD0, 0x00, 
0x00, 0x00, 0x63, 0xFF, 0x2F, 0x63, 0xFF, 0x43, 0x00, 0x00, 0xD2, 0xC8, 0x00, 0x09, 0xED, 0xB6, 
0x00, 0x43, 0xFF, 0x61, 0x00, 0x00, 0x8B, 0xFE, 0x2A, 0xB2, 0xF0, 0x0A, 0x00, 0x00, 0x21, 0xFD, 
0x9C, 0x6A, 0x49, 0x00, 0x00, 0x00, 0x00, 0x58, 0x60, 0x04, 0xB5, 0xBC, 0xBC, 0xBC, 0xBC, 0xBC, 
0xBC, 0xBC, 0xBC, 0xAD, 0x02, 0x8A, 0x90, 0x90, 0x90, 0x90, 0x90, 0x90, 0x90, 0x90, 0x83, 0x66, 
0x9D, 0x0B, 0x00, 0x1F, 0xEC, 0x8C, 0x00, 0x00, 0x47, 0xF9, 0x30, 0x00, 0x00, 0x3C, 0x27, 0x00, 
0x00, 0x12, 0x53, 0x71, 0x65, 0x24, 0x00, 0x00, 0x00, 0x65, 0xF7, 0xF7, 0xDD, 0xF8, 0xFD, 0x5B, 
0x00, 0x00, 0x71, 0x5B, 0x07, 0x00, 0x15, 0xD9, 0xE5, 0x00, 0x00, 0x00, 0x00, 0x00, 0x00, 0x00, 
0x89, 0xFF, 0x10, 0x00, 0x00, 0x00, 0x31, 0x53, 0x66, 0xB1, 0xFF, 0x1C, 0x00, 0x3A, 0xD9, 0xF9, 
0xD0, 0xC0, 0xDF, 0xFF, 0x1C, 0x01, 0xE2, 0xDC, 0x19, 0x00, 0x00, 0x7C, 0xFF, 0x1C, 0x0E, 0xFF, 
0x98, 0x00, 0x00, 0x00, 0x8F, 0xFF, 0x1C, 0x00, 0xDE, 0xE6, 0x3C, 0x20, 0x81, 0xFC, 0xFF, 0x1C, 
0x00, 0x3B, 0xE1, 0xFF, 0xFF, 0xC8, 0x6A, 0xFF, 0x18, 0x00, 0x00, 0x03, 0x20, 0x1D, 0x00, 0x00, 
0x09, 0x00, 0x42, 0x93, 0x0B, 0x00, 0x00, 0x00, 0x00, 0x00, 0x00, 0x80, 0xFF, 0x1C, 0x00, 0x00, 
0x00, 0x00, 0x00, 0x00, 0x80, 0xFF, 0x1C, 0x00, 0x00, 0x00, 0x00, 0x00, 0x00, 0x80, 0xFF, 0x1C, 
0x00, 0x00, 0x00, 0x00, 0x00, 0x00, 0x80, 0xFF, 0x1C, 0x1B, 0x67, 0x6A, 0x25, 0x00, 0x00, 0x80, 
0xFF, 0x7B, 0xF5, 0xF3, 0xFD, 0xFB, 0x63, 0x00, 0x80, 0xFF, 0xF0, 0x51, 0x00, 0x23, 0xE5, 0xF3, 
0x0D, 0x80, 0xFF, 0x48, 0x00, 0x00, 0x00, 0x6D, 0xFF, 0x5B, 0x80, 0xFF, 0x1C, 0x00, 0x00, 0x00, 
0x34, 0xFF, 0x7E, 0x80, 0xFF, 0x1C, 0x00, 0x00, 0x00, 0x26, 0xFF, 0x8A, 0x80, 0xFF, 0x1C, 0x00, 
0x00, 0x00, 0x3F, 0xFF, 0x6C, 0x80, 0xFF, 0x72, 0x00, 0x00, 0x00, 0x93, 0xFF, 0x3F, 0x80, 0xFA, 
0xF7, 0x95, 0x3E, 0x75, 0xFD, 0xCB, 0x01, 0x7D, 0xE7, 0x3E, 0xDF, 0xFF, 0xFF, 0xC2, 0x1C, 0x00, 
0x02, 0x08, 0x00, 0x03, 0x27, 0x1A, 0x00, 0x00, 0x00, 0x00, 0x00, 0x00, 0x32, 0x6C, 0x69, 0x28, 
0x00, 0x00, 0x04, 0xA6, 0xFF, 0xF8, 0xF8, 0xFE, 0x7C, 0x00, 0x76, 0xFF, 0x84, 0x06, 0x04, 0x5D, 
0x9C, 0x00, 0xDE, 0xDE, 0x02, 0x00, 0x00, 0x00, 0x00, 0x0E, 0xFF, 0xA6, 0x00, 0x00, 0x00, 0x00, 
0x00, 0x1C, 0xFF, 0x96, 0x00, 0x00, 0x00, 0x00, 0x00, 0x0D, 0xFF, 0xAE, 0x00, 0x00, 0x00, 0x00, 
0x00, 0x00, 0xD8, 0xF0, 0x0C, 0x00, 0x00, 0x00, 0x27, 0x00, 0x67, 0xFF, 0xC4, 0x50, 0x4E, 0xAC, 
0xCB, 0x00, 0x00, 0x7C, 0xF4, 0xFF, 0xFF, 0xD6, 0x44, 0x00, 0x00, 0x00, 0x08, 0x28, 0x1D, 0x00, 
0x00, 0x00, 0x00, 0x00, 0x00, 0x00, 0x00, 0x00, 0x4A, 0x85, 0x02, 0x00, 0x00, 0x00, 0x00, 0x00, 
0x00, 0x00, 0x98, 0xFF, 0x08, 0x00, 0x00, 0x00, 0x00, 0x00, 0x00, 0x00, 0x98, 0xFF, 0x08, 0x00, 
0x00, 0x00, 0x00, 0x00, 0x00, 0x00, 0x98, 0xFF, 0x08, 0x00, 0x00, 0x00, 0x42, 0x6F, 0x57, 0x08, 
0x98, 0xFF, 0x08, 0x00, 0x05, 0xB1, 0xFF, 0xF4, 0xFC, 0xD9, 0xB9, 0xFF, 0x08, 0x00, 0x73, 0xFF, 
0x90, 0x03, 0x12, 0xA5, 0xFF, 0xFF, 0x08, 0x00, 0xD0, 0xEA, 0x04, 0x00, 0x00, 0x01, 0xBC, 0xFF, 
0x08, 0x00, 0xF3, 0xB0, 0x00, 0x00, 0x00, 0x00, 0x98, 0xFF, 0x08, 0x09, 0xFF, 0xA1, 0x00, 0x00, 
0x00, 0x00, 0x98, 0xFF, 0x08, 0x00, 0xF4, 0xB7, 0x00, 0x00, 0x00, 0x00, 0x98, 0xFF, 0x08, 0x00, 
0xC7, 0xF4, 0x0E, 0x00, 0x00, 0x19, 0xDF, 0xFF, 0x08, 0x00, 0x5D, 0xFF, 0xBB, 0x3C, 0x59, 0xE1, 
0xE9, 0xFF, 0x08, 0x00, 0x00, 0x8A, 0xF9, 0xFF, 0xF6, 0x84, 0x67, 0xFD, 0x06, 0x00, 0x00, 0x00, 
0x0E, 0x29, 0x0C, 0x00, 0x01, 0x0A, 0x00, 0x00, 0x00, 0x00, 0x26, 0x67, 0x6F, 0x41, 0x01, 0x00, 
0x00, 0x00, 0x8F, 0xFE, 0xE8, 0xDC, 0xFE, 0xBF, 0x0B, 0x00, 0x64, 0xFF, 0x72, 0x00, 0x00, 0x4F, 
0xFF, 0x7B, 0x00, 0xD1, 0xD1, 0x00, 0x00, 0x00, 0x00, 0xC3, 0xD6, 0x07, 0xFE, 0xD3, 0x80, 0x80, 
0x80, 0x80, 0xD3, 0xF7, 0x13, 0xFF, 0xE2, 0xB0, 0xB0, 0xB0, 0xB0, 0xB0, 0x91, 0x05, 0xFC, 0xB1, 
0x00, 0x00, 0x00, 0x00, 0x00, 0x00, 0x00, 0xC9, 0xEE, 0x0D, 0x00, 0x00, 0x00, 0x00, 0x00, 0x00, 
0x4F, 0xFF, 0xC6, 0x49, 0x27, 0x3A, 0x7D, 0x70, 0x00, 0x00, 0x5C, 0xE3, 0xFF, 0xFF, 0xFF, 0xDB, 
0x52, 0x00, 0x00, 0x00, 0x00, 0x1F, 0x2A, 0x13, 0x00, 0x00, 0x00, 0x00, 0x03, 0x68, 0x9F, 0x90, 
0x15, 0x00, 0x00, 0x98, 0xFF, 0xC3, 0xC8, 0x43, 0x00, 0x00, 0xF1, 0xB7, 0x00, 0x00, 0x00, 0x00, 
0x0B, 0xFF, 0x8C, 0x00, 0x00, 0x00, 0x26, 0x56, 0xFF, 0xA9, 0x48, 0x31, 0x00, 0x99, 0xFF, 0xFF, 
0xFF, 0xFF, 0xC6, 0x00, 0x04, 0x1F, 0xFF, 0x8D, 0x0C, 0x06, 0x00, 0x00, 0x14, 0xFF, 0x88, 0x00, 
0x00, 0x00, 0x00, 0x14, 0xFF, 0x88, 0x00, 0x00, 0x00, 0x00, 0x14, 0xFF, 0x88, 0x00, 0x00, 0x00, 
0x00, 0x14, 0xFF, 0x88, 0x00, 0x00, 0x00, 0x00, 0x14, 0xFF, 0x88, 0x00, 0x00, 0x00, 0x00, 0x14, 
0xFF, 0x88, 0x00, 0x00, 0x00, 0x00, 0x11, 0xFF, 0x83, 0x00, 0x00, 0x00, 0x00, 0x00, 0x0A, 0x02, 
0x00, 0x00, 0x00, 0x00, 0x00, 0x07, 0x4C, 0x6D, 0x59, 0x48, 0x48, 0x31, 0x00, 0x1F, 0xDC, 0xF5, 
0xD3, 0xF8, 0xFF, 0xFF, 0xC7, 0x00, 0xAD, 0xE9, 0x1A, 0x00, 0x24, 0xF3, 0x8B, 0x02, 0x00, 0xE5, 
0x9F, 0x00, 0x00, 0x00, 0xBB, 0xCF, 0x00, 0x00, 0xD4, 0xBF, 0x00, 0x00, 0x03, 0xDD, 0xB4, 0x00, 
0x00, 0x78, 0xFF, 0xA5, 0x6F, 0xB9, 0xFF, 0x49, 0x00, 0x00, 0xD8, 0xAD, 0xAE, 0xCE, 0xAF, 0x42, 
0x00, 0x00, 0x17, 0xFF, 0x70, 0x00, 0x00, 0x00, 0x00, 0x00, 0x00, 0x00, 0xB7, 0xFF, 0xF0, 0xE0, 
0xD5, 0xB5, 0x5E, 0x00, 0x04, 0xB9, 0xDC, 0x61, 0x68, 0x75, 0xBD, 0xFF, 0x68, 0x59, 0xFF, 0x3A, 
0x00, 0x00, 0x00, 0x02, 0xEF, 0xAD, 0x68, 0xFF, 0x4A, 0x00, 0x00, 0x00, 0x3D, 0xFE, 0x82, 0x14, 
0xD8, 0xFC, 0xC7, 0xB1, 0xCA, 0xFE, 0xC6, 0x10, 0x00, 0x08, 0x55, 0x81, 0x8C, 0x7C, 0x45, 0x02, 
0x00, 0x42, 0x93, 0x0B, 0x00, 0x00, 0x00, 0x00, 0x00, 0x00, 0x80, 0xFF, 0x1C, 0x00, 0x00, 0x00, 
0x00, 0x00, 0x00, 0x80, 0xFF, 0x1C, 0x00, 0x00, 0x00, 0x00, 0x00, 0x00, 0x80, 0xFF, 0x1C, 0x00, 
0x00, 0x00, 0x00, 0x00, 0x00, 0x80, 0xFF, 0x1C, 0x1C, 0x68, 0x67, 0x1C, 0x00, 0x00, 0x80, 0xFF, 
0x7F, 0xF7, 0xF8, 0xFF, 0xEE, 0x38, 0x00, 0x80, 0xFF, 0xF0, 0x50, 0x00, 0x3E, 0xF9, 0xBF, 0x00, 
0x80, 0xFF, 0x46, 0x00, 0x00, 0x00, 0xAD, 0xFC, 0x03, 0x80, 0xFF, 0x1C, 0x00, 0x00, 0x00, 0x8E, 
0xFF, 0x0E, 0x80, 0xFF, 0x1C, 0x00, 0x00, 0x00, 0x8C, 0xFF, 0x10, 0x80, 0xFF, 0x1C, 0x00, 0x00, 
0x00, 0x8C, 0xFF, 0x10, 0x80, 0xFF, 0x1C, 0x00, 0x00, 0x00, 0x8C, 0xFF, 0x10, 0x80, 0xFF, 0x1C, 
0x00, 0x00, 0x00, 0x8C, 0xFF, 0x10, 0x7C, 0xFF, 0x18, 0x00, 0x00, 0x00, 0x88, 0xFE, 0x0D, 0x02, 
0x0B, 0x00, 0x00, 0x00, 0x00, 0x02, 0x0A, 0x00, 0x86, 0xE9, 0x2C, 0x8D, 0xED, 0x2C, 0x00, 0x00, 
0x00, 0x20, 0x4F, 0x03, 0x80, 0xFF, 0x1C, 0x80, 0xFF, 0x1C, 0x80, 0xFF, 0x1C, 0x80, 0xFF, 0x1C, 
0x80, 0xFF, 0x1C, 0x80, 0xFF, 0x1C, 0x80, 0xFF, 0x1C, 0x80, 0xFF, 0x1C, 0x7C, 0xFF, 0x18, 0x02, 
0x0B, 0x00, 0x00, 0x00, 0x59, 0xED, 0x54, 0x00, 0x00, 0x5C, 0xF1, 0x55, 0x00, 0x00, 0x00, 0x00, 
0x00, 0x00, 0x00, 0x12, 0x52, 0x10, 0x00, 0x00, 0x54, 0xFF, 0x4C, 0x00, 0x00, 0x54, 0xFF, 0x4C, 
0x00, 0x00, 0x54, 0xFF, 0x4C, 0x00, 0x00, 0x54, 0xFF, 0x4C, 0x00, 0x00, 0x54, 0xFF, 0x4C, 0x00, 
0x00, 0x54, 0xFF, 0x4C, 0x00, 0x00, 0x54, 0xFF, 0x4C, 0x00, 0x00, 0x54, 0xFF, 0x4C, 0x00, 0x00, 
0x54, 0xFF, 0x4C, 0x00, 0x00, 0x57, 0xFF, 0x47, 0x00, 0x00, 0x8B, 0xFF, 0x2B, 0x55, 0xD7, 0xFE, 
0xC3, 0x00, 0x28, 0x89, 0x6B, 0x0B, 0x00, 0x42, 0x93, 0x0B, 0x00, 0x00, 0x00, 0x00, 0x00, 0x80, 
0xFF, 0x1C, 0x00, 0x00, 0x00, 0x00, 0x00, 0x80, 0xFF, 0x1C, 0x00, 0x00, 0x00, 0x00, 0x00, 0x80, 
0xFF, 0x1C, 0x00, 0x00, 0x00, 0x00, 0x00, 0x80, 0xFF, 0x1C, 0x00, 0x00, 0x1D, 0x55, 0x15, 0x80, 
0xFF, 0x1C, 0x00, 0x20, 0xE6, 0xE7, 0x1F, 0x80, 0xFF, 0x1C, 0x15, 0xDA, 0xE6, 0x27, 0x00, 0x80, 
0xFF, 0x28, 0xCB, 0xE6, 0x27, 0x00, 0x00, 0x80, 0xFF, 0xCC, 0xFD, 0x2B, 0x00, 0x00, 0x00, 0x80, 
0xFF, 0x87, 0xFF, 0x91, 0x00, 0x00, 0x00, 0x80, 0xFF, 0x1C, 0xA8, 0xFF, 0x56, 0x00, 0x00, 0x80, 
0xFF, 0x1C, 0x0D, 0xD9, 0xF3, 0x28, 0x00, 0x80, 0xFF, 0x1C, 0x00, 0x2D, 0xF6, 0xD5, 0x0B, 0x7C, 
0xFF, 0x18, 0x00, 0x00, 0x5F, 0xFE, 0x8E, 0x02, 0x0B, 0x00, 0x00, 0x00, 0x00, 0x0A, 0x04, 0x42, 
0x93, 0x0B, 0x80, 0xFF, 0x1C, 0x80, 0xFF, 0x1C, 0x80, 0xFF, 0x1C, 0x80, 0xFF, 0x1C, 0x80, 0xFF, 
0x1C, 0x80, 0xFF, 0x1C, 0x80, 0xFF, 0x1C, 0x80, 0xFF, 0x1C, 0x80, 0xFF, 0x1C, 0x80, 0xFF, 0x1C, 
0x80, 0xFF, 0x1C, 0x80, 0xFF, 0x1C, 0x7C, 0xFF, 0x18, 0x02, 0x0B, 0x00, 0x23, 0x49, 0x00, 0x20, 
0x6B, 0x5E, 0x0F, 0x00, 0x00, 0x3D, 0x70, 0x4F, 0x02, 0x00, 0x80, 0xF4, 0x66, 0xF9, 0xF8, 0xFF, 
0xE4, 0x21, 0xA4, 0xFE, 0xFA, 0xFF, 0xAC, 0x00, 0x80, 0xFE, 0xEE, 0x47, 0x01, 0x67, 0xFF, 0xF1, 
0xCD, 0x21, 0x07, 0xA9, 0xFF, 0x3D, 0x80, 0xFF, 0x45, 0x00, 0x00, 0x01, 0xEA, 0xE8, 0x12, 0x00, 
0x00, 0x34, 0xFF, 0x73, 0x80, 0xFF, 0x1C, 0x00, 0x00, 0x00, 0xCE, 0xD0, 0x00, 0x00, 0x00, 0x1A, 
0xFF, 0x87, 0x80, 0xFF, 0x1C, 0x00, 0x00, 0x00, 0xCC, 0xD0, 0x00, 0x00, 0x00, 0x18, 0xFF, 0x88, 
0x80, 0xFF, 0x1C, 0x00, 0x00, 0x00, 0xCC, 0xD0, 0x00, 0x00, 0x00, 0x18, 0xFF, 0x88, 0x80, 0xFF, 
0x1C, 0x00, 0x00, 0x00, 0xCC, 0xD0, 0x00, 0x00, 0x00, 0x18, 0xFF, 0x88, 0x80, 0xFF, 0x1C, 0x00, 
0x00, 0x00, 0xCC, 0xD0, 0x00, 0x00, 0x00, 0x18, 0xFF, 0x88, 0x7C, 0xFF, 0x18, 0x00, 0x00, 0x00, 
0xC8, 0xCB, 0x00, 0x00, 0x00, 0x15, 0xFF, 0x83, 0x02, 0x0B, 0x00, 0x00, 0x00, 0x00, 0x06, 0x06, 
0x00, 0x00, 0x00, 0x00, 0x0A, 0x02, 0x23, 0x49, 0x00, 0x1D, 0x68, 0x67, 0x1C, 0x00, 0x00, 0x80, 
0xF4, 0x65, 0xF8, 0xF8, 0xFF, 0xEE, 0x38, 0x00, 0x80, 0xFE, 0xEF, 0x50, 0x00, 0x3E, 0xF9, 0xBF, 
0x00, 0x80, 0xFF, 0x46, 0x00, 0x00, 0x00, 0xAD, 0xFC, 0x04, 0x80, 0xFF, 0x1C, 0x00, 0x00, 0x00, 
0x8E, 0xFF, 0x0F, 0x80, 0xFF, 0x1C, 0x00, 0x00, 0x00, 0x8C, 0xFF, 0x10, 0x80, 0xFF, 0x1C, 0x00, 
0x00, 0x00, 0x8C, 0xFF, 0x10, 0x80, 0xFF, 0x1C, 0x00, 0x00, 0x00, 0x8C, 0xFF, 0x10, 0x80, 0xFF, 
0x1C, 0x00, 0x00, 0x00, 0x8C, 0xFF, 0x10, 0x7C, 0xFF, 0x18, 0x00, 0x00, 0x00, 0x88, 0xFE, 0x0D, 
0x02, 0x0B, 0x00, 0x00, 0x00, 0x00, 0x02, 0x0A, 0x00, 0x00, 0x00, 0x00, 0x21, 0x62, 0x72, 0x56, 
0x10, 0x00, 0x00, 0x00, 0x00, 0x88, 0xFD, 0xFD, 0xE9, 0xFE, 0xF0, 0x4B, 0x00, 0x00, 0x63, 0xFF, 
0x9C, 0x0C, 0x00, 0x2E, 0xE5, 0xF2, 0x17, 0x00, 0xD4, 0xE6, 0x06, 0x00, 0x00, 0x00, 0x62, 0xFF, 
0x6E, 0x0D, 0xFF, 0xA7, 0x00, 0x00, 0x00, 0x00, 0x1F, 0xFF, 0x9D, 0x1B, 0xFF, 0x96, 0x00, 0x00, 
0x00, 0x00, 0x0F, 0xFF, 0xA6, 0x0B, 0xFE, 0xAF, 0x00, 0x00, 0x00, 0x00, 0x2A, 0xFF, 0x8C, 0x00, 
0xD0, 0xF5, 0x13, 0x00, 0x00, 0x00, 0x85, 0xFF, 0x47, 0x00, 0x59, 0xFF, 0xD1, 0x49, 0x3B, 0x84, 
0xFD, 0xBC, 0x01, 0x00, 0x00, 0x66, 0xEA, 0xFF, 0xFF, 0xF8, 0x9E, 0x0C, 0x00, 0x00, 0x00, 0x00, 
0x02, 0x22, 0x28, 0x0A, 0x00, 0x00, 0x00, 0x23, 0x46, 0x00, 0x1A, 0x64, 0x6B, 0x27, 0x00, 0x00, 
0x80, 0xE8, 0x64, 0xF6, 0xF3, 0xFD, 0xFC, 0x64, 0x00, 0x80, 0xFD, 0xF1, 0x53, 0x00, 0x21, 0xE3, 
0xF3, 0x0D, 0x80, 0xFF, 0x49, 0x00, 0x00, 0x00, 0x6C, 0xFF, 0x5B, 0x80, 0xFF, 0x1C, 0x00, 0x00, 
0x00, 0x34, 0xFF, 0x7E, 0x80, 0xFF, 0x1C, 0x00, 0x00, 0x00, 0x26, 0xFF, 0x89, 0x80, 0xFF, 0x1C, 
0x00, 0x00, 0x00, 0x40, 0xFF, 0x6C, 0x80, 0xFF, 0x74, 0x00, 0x00, 0x00, 0x93, 0xFF, 0x3E, 0x80, 
0xFF, 0xFC, 0x93, 0x3D, 0x75, 0xFD, 0xCB, 0x01, 0x80, 0xFF, 0x58, 0xE0, 0xFF, 0xFF, 0xC0, 0x1B, 
0x00, 0x80, 0xFF, 0x1C, 0x03, 0x27, 0x19, 0x00, 0x00, 0x00, 0x80, 0xFF, 0x1C, 0x00, 0x00, 0x00, 
0x00, 0x00, 0x00, 0x80, 0xFF, 0x1C, 0x00, 0x00, 0x00, 0x00, 0x00, 0x00, 0x3E, 0x8A, 0x0A, 0x00, 
0x00, 0x00, 0x00, 0x00, 0x00, 0x00, 0x00, 0x00, 0x41, 0x6F, 0x58, 0x08, 0x1B, 0x4F, 0x00, 0x00, 
0x05, 0xB1, 0xFF, 0xF4, 0xFC, 0xD7, 0x8B, 0xFF, 0x08, 0x00, 0x73, 0xFF, 0x90, 0x03, 0x12, 0xA5, 
0xFF, 0xFF, 0x08, 0x00, 0xD0, 0xEA, 0x04, 0x00, 0x00, 0x01, 0xBC, 0xFF, 0x08, 0x00, 0xF3, 0xB0, 
0x00, 0x00, 0x00, 0x00, 0x98, 0xFF, 0x08, 0x09, 0xFF, 0xA1, 0x00, 0x00, 0x00, 0x00, 0x98, 0xFF, 
0x08, 0x00, 0xF4, 0xB6, 0x00, 0x00, 0x00, 0x00, 0x98, 0xFF, 0x08, 0x00, 0xC7, 0xF3, 0x0D, 0x00, 
0x00, 0x19, 0xDF, 0xFF, 0x08, 0x00, 0x5D, 0xFF, 0xBB, 0x3C, 0x59, 0xE1, 0xF5, 0xFF, 0x08, 0x00, 
0x00, 0x8B, 0xFA, 0xFF, 0xF7, 0x7E, 0x99, 0xFF, 0x08, 0x00, 0x00, 0x00, 0x0E, 0x2A, 0x0D, 0x00, 
0x98, 0xFF, 0x08, 0x00, 0x00, 0x00, 0x00, 0x00, 0x00, 0x00, 0x98, 0xFF, 0x08, 0x00, 0x00, 0x00, 
0x00, 0x00, 0x00, 0x00, 0x98, 0xFF, 0x08, 0x00, 0x00, 0x00, 0x00, 0x00, 0x00, 0x00, 0x4C, 0x86, 
0x02, 0x23, 0x49, 0x00, 0x3E, 0x70, 0x2B, 0x80, 0xF4, 0x6F, 0xFF, 0xFF, 0x9E, 0x80, 0xFD, 0xF6, 
0x59, 0x19, 0x26, 0x80, 0xFF, 0x6E, 0x00, 0x00, 0x00, 0x80, 0xFF, 0x1C, 0x00, 0x00, 0x00, 0x80, 
0xFF, 0x1C, 0x00, 0x00, 0x00, 0x80, 0xFF, 0x1C, 0x00, 0x00, 0x00, 0x80, 0xFF, 0x1C, 0x00, 0x00, 
0x00, 0x80, 0xFF, 0x1C, 0x00, 0x00, 0x00, 0x7C, 0xFF, 0x18, 0x00, 0x00, 0x00, 0x02, 0x0B, 0x00, 
0x00, 0x00, 0x00, 0x00, 0x00, 0x1C, 0x5B, 0x6F, 0x42, 0x01, 0x00, 0x52, 0xF7, 0xE6, 0xD4, 0xFB, 
0x7C, 0x00, 0xDD, 0xBB, 0x03, 0x00, 0x19, 0x35, 0x00, 0xED, 0xB7, 0x00, 0x00, 0x00, 0x00, 0x00, 
0x8C, 0xFF, 0xBE, 0x4C, 0x02, 0x00, 0x00, 0x01, 0x66, 0xDB, 0xFF, 0xD3, 0x2A, 0x00, 0x00, 0x00, 
0x01, 0x52, 0xF1, 0xCB, 0x00, 0x00, 0x00, 0x00, 0x00, 0xA5, 0xF5, 0x28, 0xBB, 0x4D, 0x23, 0x49, 
0xEB, 0xB8, 0x0E, 0xBE, 0xFF, 0xFF, 0xFF, 0xBB, 0x1A, 0x00, 0x00, 0x13, 0x29, 0x0F, 0x00, 0x00, 
0x00, 0x10, 0xAA, 0x4A, 0x00, 0x00, 0x00, 0x00, 0x20, 0xFF, 0x7C, 0x00, 0x00, 0x00, 0x28, 0x5F, 
0xFF, 0xA1, 0x48, 0x44, 0x00, 0xA1, 0xFF, 0xFF, 0xFF, 0xFF, 0xFC, 0x07, 0x04, 0x2A, 0xFF, 0x82, 
0x0C, 0x09, 0x00, 0x00, 0x20, 0xFF, 0x7C, 0x00, 0x00, 0x00, 0x00, 0x20, 0xFF, 0x7C, 0x00, 0x00, 
0x00, 0x00, 0x20, 0xFF, 0x7C, 0x00, 0x00, 0x00, 0x00, 0x20, 0xFF, 0x7C, 0x00, 0x00, 0x00, 0x00, 
0x17, 0xFF, 0x89, 0x00, 0x00, 0x00, 0x00, 0x01, 0xEF, 0xDF, 0x47, 0x5D, 0x03, 0x00, 0x00, 0x60, 
0xF8, 0xFF, 0xF0, 0x06, 0x00, 0x00, 0x00, 0x08, 0x25, 0x08, 0x00, 0x26, 0x50, 0x01, 0x00, 0x00, 
0x00, 0x2A, 0x4E, 0x00, 0x8C, 0xFF, 0x10, 0x00, 0x00, 0x00, 0x98, 0xFF, 0x08, 0x8C, 0xFF, 0x10, 
0x00, 0x00, 0x00, 0x98, 0xFF, 0x08, 0x8C, 0xFF, 0x10, 0x00, 0x00, 0x00, 0x98, 0xFF, 0x08, 0x8C, 
0xFF, 0x10, 0x00, 0x00, 0x00, 0x98, 0xFF, 0x08, 0x8C, 0xFF, 0x10, 0x00, 0x00, 0x00, 0x98, 0xFF, 
0x08, 0x89, 0xFF, 0x14, 0x00, 0x00, 0x00, 0x98, 0xFF, 0x08, 0x74, 0xFF, 0x43, 0x00, 0x00, 0x16, 
0xDD, 0xFF, 0x08, 0x23, 0xFD, 0xD6, 0x4B, 0x57, 0xDD, 0xEA, 0xFF, 0x08, 0x00, 0x62, 0xF7, 0xFF, 
0xF7, 0x85, 0x6F, 0xFD, 0x06, 0x00, 0x00, 0x0B, 0x29, 0x0C, 0x00, 0x01, 0x0A, 0x00, 0x32, 0x4E, 
0x01, 0x00, 0x00, 0x00, 0x00, 0x46, 0x34, 0x83, 0xFF, 0x3E, 0x00, 0x00, 0x00, 0x1F, 0xFE, 0x90, 
0x28, 0xFF, 0x96, 0x00, 0x00, 0x00, 0x75, 0xFF, 0x36, 0x00, 0xCC, 0xEA, 0x03, 0x00, 0x00, 0xCB, 
0xDA, 0x00, 0x00, 0x71, 0xFF, 0x45, 0x00, 0x22, 0xFF, 0x7E, 0x00, 0x00, 0x18, 0xFC, 0x9D, 0x00, 
0x79, 0xFF, 0x23, 0x00, 0x00, 0x00, 0xBA, 0xEE, 0x06, 0xCF, 0xC6, 0x00, 0x00, 0x00, 0x00, 0x5E, 
0xFF, 0x72, 0xFF, 0x6A, 0x00, 0x00, 0x00, 0x00, 0x0C, 0xF5, 0xF7, 0xFA, 0x13, 0x00, 0x00, 0x00, 
0x00, 0x00, 0xA1, 0xFF, 0xAE, 0x00, 0x00, 0x00, 0x00, 0x00, 0x00, 0x01, 0x0E, 0x01, 0x00, 0x00, 
0x00, 0x22, 0x53, 0x09, 0x00, 0x00, 0x00, 0x31, 0x48, 0x00, 0x00, 0x00, 0x00, 0x3C, 0x3C, 0x58, 
0xFF, 0x5B, 0x00, 0x00, 0x00, 0xD5, 0xFF, 0x1C, 0x00, 0x00, 0x07, 0xF4, 0xA7, 0x0F, 0xFA, 0xA6, 
0x00, 0x00, 0x1A, 0xFF, 0xFF, 0x66, 0x00, 0x00, 0x46, 0xFF, 0x59, 0x00, 0xBC, 0xEE, 0x03, 0x00, 
0x5F, 0xF9, 0xE0, 0xAF, 0x00, 0x00, 0x90, 0xFA, 0x0F, 0x00, 0x6D, 0xFF, 0x3C, 0x00, 0xA4, 0xBF, 
0x91, 0xF3, 0x06, 0x00, 0xDA, 0xB9, 0x00, 0x00, 0x1F, 0xFF, 0x87, 0x00, 0xE7, 0x7B, 0x46, 0xFF, 
0x43, 0x23, 0xFF, 0x6A, 0x00, 0x00, 0x00, 0xD0, 0xD2, 0x2D, 0xFF, 0x36, 0x07, 0xF4, 0x8D, 0x6D, 
0xFE, 0x1B, 0x00, 0x00, 0x00, 0x81, 0xFF, 0x90, 0xEF, 0x03, 0x00, 0xB1, 0xD6, 0xB7, 0xCB, 0x00, 
0x00, 0x00, 0x00, 0x33, 0xFF, 0xFA, 0xAE, 0x00, 0x00, 0x66, 0xFF, 0xFA, 0x7B, 0x00, 0x00, 0x00, 
0x00, 0x00, 0xDE, 0xFF, 0x65, 0x00, 0x00, 0x1B, 0xFB, 0xFE, 0x2A, 0x00, 0x00, 0x00, 0x00, 0x00, 
0x04, 0x0C, 0x00, 0x00, 0x00, 0x00, 0x07, 0x09, 0x00, 0x00, 0x00, 0x1C, 0x54, 0x18, 0x00, 0x00, 
0x00, 0x27, 0x51, 0x03, 0x29, 0xFA, 0xBD, 0x00, 0x00, 0x0C, 0xE3, 0xC9, 0x01, 0x00, 0x84, 0xFF, 
0x5B, 0x00, 0x8F, 0xFB, 0x2F, 0x00, 0x00, 0x08, 0xDA, 0xE8, 0x41, 0xFC, 0x88, 0x00, 0x00, 0x00, 
0x00, 0x42, 0xFF, 0xFA, 0xDD, 0x09, 0x00, 0x00, 0x00, 0x00, 0x0A, 0xEA, 0xFF, 0xA3, 0x00, 0x00, 
0x00, 0x00, 0x00, 0x8C, 0xFA, 0xB9, 0xFE, 0x3C, 0x00, 0x00, 0x00, 0x32, 0xFC, 0x8A, 0x14, 0xED, 
0xD5, 0x06, 0x00, 0x04, 0xCE, 0xE4, 0x0C, 0x00, 0x67, 0xFF, 0x7C, 0x00, 0x6A, 0xFF, 0x55, 0x00, 
0x00, 0x02, 0xC7, 0xF7, 0x18, 0x04, 0x0A, 0x00, 0x00, 0x00, 0x00, 0x02, 0x0D, 0x00, 0x2F, 0x4E, 
0x01, 0x00, 0x00, 0x00, 0x00, 0x45, 0x32, 0x82, 0xFF, 0x40, 0x00, 0x00, 0x00, 0x20, 0xFF, 0x90, 
0x24, 0xFF, 0x9B, 0x00, 0x00, 0x00, 0x77, 0xFF, 0x35, 0x00, 0xC4, 0xEF, 0x07, 0x00, 0x00, 0xCF, 
0xD8, 0x00, 0x00, 0x64, 0xFF, 0x51, 0x00, 0x26, 0xFF, 0x7C, 0x00, 0x00, 0x0E, 0xF6, 0xAC, 0x00, 
0x7E, 0xFE, 0x21, 0x00, 0x00, 0x00, 0xA5, 0xF7, 0x0F, 0xD5, 0xC3, 0x00, 0x00, 0x00, 0x00, 0x46, 
0xFF, 0x8E, 0xFF, 0x67, 0x00, 0x00, 0x00, 0x00, 0x02, 0xE3, 0xFE, 0xF9, 0x11, 0x00, 0x00, 0x00, 
0x00, 0x00, 0x82, 0xFF, 0xAE, 0x00, 0x00, 0x00, 0x00, 0x00, 0x00, 0x63, 0xFF, 0x51, 0x00, 0x00, 
0x00, 0x00, 0x00, 0x00, 0xC7, 0xEE, 0x06, 0x00, 0x00, 0x00, 0x00, 0x00, 0x2B, 0xFF, 0x97, 0x00, 
0x00, 0x00, 0x00, 0x00, 0x00, 0x34, 0x8B, 0x21, 0x00, 0x00, 0x00, 0x00, 0x00, 0x3F, 0x48, 0x48, 
0x48, 0x48, 0x30, 0x00, 0x00, 0xF4, 0xFF, 0xFF, 0xFF, 0xFF, 0xD3, 0x00, 0x00, 0x0B, 0x10, 0x10, 
0x43, 0xFE, 0x88, 0x00, 0x00, 0x00, 0x00, 0x04, 0xCF, 0xDF, 0x0B, 0x00, 0x00, 0x00, 0x00, 0x78, 
0xFF, 0x46, 0x00, 0x00, 0x00, 0x00, 0x24, 0xF7, 0xA2, 0x00, 0x00, 0x00, 0x00, 0x01, 0xBE, 0xEA, 
0x13, 0x00, 0x00, 0x00, 0x00, 0x65, 0xFF, 0x5A, 0x00, 0x00, 0x00, 0x00, 0x0A, 0xEE, 0xE3, 0x5C, 
0x5C, 0x5C, 0x58, 0x01, 0x14, 0xF9, 0xFF, 0xFF, 0xFF, 0xFF, 0xFD, 0x0E, 0x00, 0x00, 0x00, 0x55, 
0xB1, 0x6F, 0x00, 0x00, 0x1F, 0xFE, 0xB6, 0x4A, 0x00, 0x00, 0x5C, 0xFF, 0x1F, 0x00, 0x00, 0x00, 
0x6A, 0xFF, 0x0D, 0x00, 0x00, 0x00, 0x6C, 0xFF, 0x0C, 0x00, 0x00, 0x00, 0x70, 0xFF, 0x07, 0x00, 
0x00, 0x00, 0x90, 0xF0, 0x00, 0x00, 0x00, 0x40, 0xED, 0x93, 0x00, 0x00, 0x20, 0xFF, 0xC9, 0x0D, 
0x00, 0x00, 0x00, 0x38, 0xEB, 0x97, 0x00, 0x00, 0x00, 0x00, 0x8E, 0xF1, 0x00, 0x00, 0x00, 0x00, 
0x70, 0xFF, 0x07, 0x00, 0x00, 0x00, 0x6C, 0xFF, 0x0C, 0x00, 0x00, 0x00, 0x6B, 0xFF, 0x0C, 0x00, 
0x00, 0x00, 0x65, 0xFF, 0x13, 0x00, 0x00, 0x00, 0x42, 0xFF, 0x62, 0x0B, 0x00, 0x00, 0x04, 0xBE, 
0xFF, 0xA1, 0x00, 0x00, 0x00, 0x00, 0x17, 0x0D, 0x22, 0xFB, 0x53, 0x28, 0xFF, 0x5C, 0x28, 0xFF, 
0x5C, 0x28, 0xFF, 0x5C, 0x28, 0xFF, 0x5C, 0x28, 0xFF, 0x5C, 0x28, 0xFF, 0x5C, 0x28, 0xFF, 0x5C, 
0x28, 0xFF, 0x5C, 0x28, 0xFF, 0x5C, 0x28, 0xFF, 0x5C, 0x28, 0xFF, 0x5C, 0x28, 0xFF, 0x5C, 0x28, 
0xFF, 0x5C, 0x28, 0xFF, 0x5C, 0x28, 0xFF, 0x5C, 0x28, 0xFF, 0x5C, 0x10, 0x8C, 0x2B, 0x94, 0xAA, 
0x3C, 0x00, 0x00, 0x63, 0xCC, 0xEF, 0x06, 0x00, 0x00, 0x50, 0xFF, 0x34, 0x00, 0x00, 0x3A, 0xFF, 
0x41, 0x00, 0x00, 0x38, 0xFF, 0x44, 0x00, 0x00, 0x37, 0xFF, 0x44, 0x00, 0x00, 0x2D, 0xFF, 0x50, 
0x00, 0x00, 0x03, 0xDC, 0xC2, 0x29, 0x00, 0x00, 0x24, 0xE2, 0xF3, 0x00, 0x00, 0xB0, 0xD9, 0x23, 
0x00, 0x10, 0xFD, 0x6B, 0x00, 0x00, 0x2F, 0xFF, 0x4A, 0x00, 0x00, 0x37, 0xFF, 0x44, 0x00, 0x00, 
0x38, 0xFF, 0x43, 0x00, 0x00, 0x42, 0xFF, 0x3A, 0x00, 0x11, 0x8C, 0xFD, 0x15, 0x00, 0xD0, 0xFF, 
0x93, 0x00, 0x00, 0x14, 0x10, 0x00, 0x00, 0x00, 0x00, 0x00, 0x01, 0x05, 0x00, 0x00, 0x00, 0x00, 
0x00, 0x00, 0x00, 0x74, 0xF3, 0xFC, 0xA6, 0x09, 0x00, 0x00, 0xA6, 0x44, 0x2B, 0xFE, 0x81, 0x60, 
0xF1, 0xAC, 0x03, 0x1F, 0xFC, 0x43, 0x5E, 0xED, 0x00, 0x00, 0x45, 0xF9, 0xE3, 0xF0, 0xD0, 0x06, 
0x12, 0x2A, 0x00, 0x00, 0x00, 0x2C, 0x7F, 0x6C, 0x0C, 0x00, 0x00, 0x18, 0x3F, 0x11, 0x00, 0x5A, 
0xEF, 0xCC, 0xF0, 0x3B, 0xE4, 0x5A, 0x00, 0x99, 0xAE, 0xE8, 0x5F, 0x00, 0x9F, 0xA3, 0x60, 0xF4, 
0xD7, 0xE3, 0x28, 0x00, 0x14, 0x30, 0x08, 0x00, 0x00, 0x00, 0x00, 0x00, 0x5D, 0x56, 0x00, 0x00, 
0x00, 0x00, 0x00, 0x00, 0x00, 0x00, 0xBC, 0xB0, 0x00, 0x00, 0x00, 0x00, 0x00, 0x00, 0x00, 0x00, 
0xBC, 0xB0, 0x00, 0x00, 0x00, 0x00, 0x00, 0x00, 0x00, 0x00, 0xBC, 0xB0, 0x00, 0x00, 0x00, 0x00, 
0x22, 0xB3, 0xB4, 0xB4, 0xEB, 0xE8, 0xB4, 0xB4, 0xB3, 0x1B, 0x1B, 0xA7, 0xA8, 0xA8, 0xE8, 0xE4, 
0xA8, 0xA8, 0xA6, 0x15, 0x00, 0x00, 0x00, 0x00, 0xBC, 0xB0, 0x00, 0x00, 0x00, 0x00, 0x00, 0x00, 
0x00, 0x00, 0xBC, 0xB0, 0x00, 0x00, 0x00, 0x00, 0x00, 0x00, 0x00, 0x00, 0xBC, 0xB0, 0x00, 0x00, 
0x00, 0x00, 0x00, 0x00, 0x00, 0x00, 0x51, 0x4B, 0x00, 0x00, 0x00, 0x00, 0x07, 0x62, 0x64, 0x64, 
0x64, 0x64, 0x64, 0x64, 0x62, 0x05, 0x20, 0xFE, 0xFF, 0xFF, 0xFF, 0xFF, 0xFF, 0xFF, 0xFE, 0x1C, 
0x00, 0x76, 0x2A, 0x00, 0x00, 0x00, 0x00, 0x2D, 0x6D, 0x03, 0xCE, 0xE8, 0x29, 0x00, 0x00, 0x2D, 
0xEA, 0xCA, 0x00, 0x12, 0xCE, 0xE7, 0x28, 0x2D, 0xEA, 0xCB, 0x10, 0x00, 0x00, 0x12, 0xCE, 0xE7, 
0xEA, 0xCB, 0x10, 0x00, 0x00, 0x00, 0x00, 0x44, 0xFF, 0xFF, 0x36, 0x00, 0x00, 0x00, 0x00, 0x31, 
0xEE, 0xC8, 0xD3, 0xE5, 0x27, 0x00, 0x00, 0x31, 0xEE, 0xC8, 0x0F, 0x15, 0xD3, 0xE6, 0x27, 0x02, 
0xEA, 0xC8, 0x0F, 0x00, 0x00, 0x15, 0xD3, 0xDF, 0x00, 0x41, 0x0E, 0x00, 0x00, 0x00, 0x00, 0x15, 
0x3D, 0x00, 0x00, 0x00, 0x01, 0x54, 0x40, 0x00, 0x00, 0x00, 0x00, 0x00, 0x00, 0x00, 0x32, 0xFF, 
0xF9, 0x02, 0x00, 0x00, 0x00, 0x00, 0x00, 0x00, 0x19, 0xE3, 0xC9, 0x00, 0x00, 0x00, 0x00, 0x00, 
0x00, 0x00, 0x00, 0x00, 0x00, 0x00, 0x00, 0x00, 0x00, 0x26, 0x50, 0x50, 0x50, 0x50, 0x50, 0x50, 
0x50, 0x50, 0x13, 0x8D, 0xFF, 0xFF, 0xFF, 0xFF, 0xFF, 0xFF, 0xFF, 0xFF, 0x56, 0x06, 0x10, 0x10, 
0x10, 0x10, 0x10, 0x10, 0x10, 0x10, 0x02, 0x00, 0x00, 0x00, 0x00, 0x1E, 0x14, 0x00, 0x00, 0x00, 
0x00, 0x00, 0x00, 0x00, 0x27, 0xFF, 0xEF, 0x01, 0x00, 0x00, 0x00, 0x00, 0x00, 0x00, 0x26, 0xFE, 
0xED, 0x00, 0x00, 0x00, 0x00, 0x00, 0x00, 0x00, 0x00, 0x1A, 0x11, 0x00, 0x00, 0x00, 0x00, 0x00, 
0x85, 0xC9, 0x0A, 0x00, 0x7E, 0xCD, 0x11, 0x00, 0xA8, 0xF3, 0x0F, 0x00, 0x9F, 0xF6, 0x17, 0x00, 
0x00, 0x02, 0x00, 0x00, 0x00, 0x02, 0x00, 0x1A, 0x9F, 0xA4, 0xA4, 0xA4, 0xA4, 0xA4, 0x5B, 0x4F, 
0xFF, 0xD9, 0xC4, 0xC4, 0xC4, 0xC4, 0x71, 0x50, 0xFF, 0x5C, 0x00, 0x00, 0x00, 0x00, 0x00, 0x50, 
0xFF, 0x5C, 0x00, 0x00, 0x00, 0x00, 0x00, 0x50, 0xFF, 0x5C, 0x00, 0x00, 0x00, 0x00, 0x00, 0x50, 
0xFF, 0x8A, 0x48, 0x48, 0x48, 0x39, 0x00, 0x50, 0xFF, 0xFF, 0xFF, 0xFF, 0xFF, 0xE6, 0x00, 0x50, 
0xFF, 0x68, 0x14, 0x14, 0x14, 0x0E, 0x00, 0x50, 0xFF, 0x5C, 0x00, 0x00, 0x00, 0x00, 0x00, 0x50, 
0xFF, 0x5C, 0x00, 0x00, 0x00, 0x00, 0x00, 0x50, 0xFF, 0x5C, 0x00, 0x00, 0x00, 0x00, 0x00, 0x50, 
0xFF, 0x9C, 0x64, 0x64, 0x64, 0x64, 0x3C, 0x38, 0xFC, 0xFF, 0xFF, 0xFF, 0xFF, 0xFF, 0xAB, 0x00, 
0x00, 0x00, 0x00, 0x32, 0xAF, 0x94, 0x00, 0x00, 0x00, 0x00, 0x00, 0x00, 0x00, 0x00, 0x00, 0xA2, 
0xFF, 0xFF, 0x34, 0x00, 0x00, 0x00, 0x00, 0x00, 0x00, 0x00, 0x0A, 0xF3, 0xAB, 0xFF, 0x90, 0x00, 
0x00, 0x00, 0x00, 0x00, 0x00, 0x00, 0x5B, 0xFF, 0x2F, 0xCA, 0xE9, 0x04, 0x00, 0x00, 0x00, 0x00, 
0x00, 0x00, 0xB7, 0xD7, 0x00, 0x71, 0xFF, 0x49, 0x00, 0x00, 0x00, 0x00, 0x00, 0x17, 0xFC, 0x7E, 
0x00, 0x19, 0xFD, 0xA5, 0x00, 0x00, 0x00, 0x00, 0x00, 0x70, 0xFF, 0x26, 0x00, 0x00, 0xBD, 0xF5, 
0x0C, 0x00, 0x00, 0x00, 0x00, 0xCD, 0xCE, 0x00, 0x00, 0x00, 0x64, 0xFF, 0x5E, 0x00, 0x00, 0x00, 
0x28, 0xFF, 0xDA, 0xA8, 0xA8, 0xA8, 0xB5, 0xFF, 0xBA, 0x00, 0x00, 0x00, 0x85, 0xFF, 0xAF, 0xAC, 
0xAC, 0xAC, 0xAC, 0xDE, 0xFD, 0x1A, 0x00, 0x01, 0xE0, 0xCF, 0x00, 0x00, 0x00, 0x00, 0x00, 0x5D, 
0xFF, 0x73, 0x00, 0x3E, 0xFF, 0x79, 0x00, 0x00, 0x00, 0x00, 0x00, 0x0C, 0xF5, 0xD0, 0x00, 0x90, 
0xFC, 0x22, 0x00, 0x00, 0x00, 0x00, 0x00, 0x00, 0xA4, 0xFF, 0x21, 0x05, 0x09, 0x00, 0x00, 0x00, 
0x00, 0x00, 0x00, 0x00, 0x02, 0x0D, 0x00, 0x1A, 0x9F, 0xA4, 0xA4, 0xA4, 0xA4, 0xA4, 0xA3, 0x17, 
0x4F, 0xFF, 0xDC, 0xC8, 0xC8, 0xC8, 0xC8, 0xC7, 0x1E, 0x50, 0xFF, 0x5C, 0x00, 0x00, 0x00, 0x00, 
0x00, 0x00, 0x50, 0xFF, 0x5C, 0x00, 0x00, 0x00, 0x00, 0x00, 0x00, 0x50, 0xFF, 0x5C, 0x00, 0x00, 
0x00, 0x00, 0x00, 0x00, 0x50, 0xFF, 0x87, 0x44, 0x43, 0x36, 0x0D, 0x00, 0x00, 0x50, 0xFF, 0xFF, 
0xFF, 0xFF, 0xFF, 0xF7, 0x8B, 0x06, 0x50, 0xFF, 0x68, 0x14, 0x16, 0x32, 0xB0, 0xFF, 0x8F, 0x50, 
0xFF, 0x5C, 0x00, 0x00, 0x00, 0x06, 0xE8, 0xEC, 0x50, 0xFF, 0x5C, 0x00, 0x00, 0x00, 0x00, 0xC8, 
0xF6, 0x50, 0xFF, 0x5C, 0x00, 0x00, 0x00, 0x1A, 0xF4, 0xC9, 0x50, 0xFF, 0x99, 0x60, 0x61, 0x7B, 
0xE2, 0xFD, 0x4C, 0x38, 0xFC, 0xFF, 0xFF, 0xFD, 0xEC, 0xB7, 0x3F, 0x00, 0x1A, 0x9F, 0xA4, 0xA4, 
0x9F, 0x85, 0x2F, 0x00, 0x00, 0x4F, 0xFF, 0xD3, 0xBC, 0xC3, 0xF3, 0xFE, 0x6D, 0x00, 0x50, 0xFF, 
0x58, 0x00, 0x00, 0x14, 0xDC, 0xF8, 0x06, 0x50, 0xFF, 0x58, 0x00, 0x00, 0x00, 0x8F, 0xFF, 0x29, 
0x50, 0xFF, 0x58, 0x00, 0x00, 0x00, 0xB0, 0xF9, 0x0F, 0x50, 0xFF, 0x74, 0x2C, 0x31, 0x7F, 0xFD, 
0x7B, 0x00, 0x50, 0xFF, 0xFF, 0xFF, 0xFF, 0xFF, 0xE4, 0x55, 0x00, 0x50, 0xFF, 0x72, 0x28, 0x2A, 
0x4C, 0xC8, 0xFF, 0x64, 0x50, 0xFF, 0x58, 0x00, 0x00, 0x00, 0x0F, 0xF0, 0xDA, 0x50, 0xFF, 0x58, 
0x00, 0x00, 0x00, 0x00, 0xCC, 0xF9, 0x50, 0xFF, 0x58, 0x00, 0x00, 0x00, 0x19, 0xF4, 0xCF, 0x50, 
0xFF, 0x99, 0x64, 0x64, 0x7D, 0xDF, 0xFD, 0x4C, 0x38, 0xFC, 0xFF, 0xFF, 0xFE, 0xEE, 0xB7, 0x3F, 
0x00, 0x1B, 0x9F, 0xA4, 0xA4, 0xA4, 0xA4, 0xA4, 0x3C, 0x4F, 0xFF, 0xE1, 0xD0, 0xD0, 0xD0, 0xD0, 
0x55, 0x50, 0xFF, 0x5C, 0x00, 0x00, 0x00, 0x00, 0x00, 0x50, 0xFF, 0x5C, 0x00, 0x00, 0x00, 0x00, 
0x00, 0x50, 0xFF, 0x5C, 0x00, 0x00, 0x00, 0x00, 0x00, 0x50, 0xFF, 0x5C, 0x00, 0x00, 0x00, 0x00, 
0x00, 0x50, 0xFF, 0x5C, 0x00, 0x00, 0x00, 0x00, 0x00, 0x50, 0xFF, 0x5C, 0x00, 0x00, 0x00, 0x00, 
0x00, 0x50, 0xFF, 0x5C, 0x00, 0x00, 0x00, 0x00, 0x00, 0x50, 0xFF, 0x5C, 0x00, 0x00, 0x00, 0x00, 
0x00, 0x50, 0xFF, 0x5C, 0x00, 0x00, 0x00, 0x00, 0x00, 0x50, 0xFF, 0x5C, 0x00, 0x00, 0x00, 0x00, 
0x00, 0x4C, 0xFF, 0x57, 0x00, 0x00, 0x00, 0x00, 0x00, 0x00, 0x0D, 0x00, 0x00, 0x00, 0x00, 0x00, 
0x00, 0x00, 0x00, 0x00, 0x0C, 0x9B, 0xA4, 0xA4, 0xA4, 0xA4, 0xA4, 0x68, 0x00, 0x00, 0x00, 0x00, 
0x00, 0x45, 0xFF, 0xDE, 0xCC, 0xCC, 0xCC, 0xF9, 0xCB, 0x00, 0x00, 0x00, 0x00, 0x00, 0x63, 0xFF, 
0x4A, 0x00, 0x00, 0x00, 0xE0, 0xCC, 0x00, 0x00, 0x00, 0x00, 0x00, 0x84, 0xFF, 0x2A, 0x00, 0x00, 
0x00, 0xE0, 0xCC, 0x00, 0x00, 0x00, 0x00, 0x00, 0xA7, 0xFE, 0x09, 0x00, 0x00, 0x00, 0xE0, 0xCC, 
0x00, 0x00, 0x00, 0x00, 0x00, 0xCE, 0xE1, 0x00, 0x00, 0x00, 0x00, 0xE0, 0xCC, 0x00, 0x00, 0x00, 
0x00, 0x02, 0xF6, 0xB7, 0x00, 0x00, 0x00, 0x00, 0xE0, 0xCC, 0x00, 0x00, 0x00, 0x00, 0x29, 0xFF, 
0x88, 0x00, 0x00, 0x00, 0x00, 0xE0, 0xCC, 0x00, 0x00, 0x00, 0x00, 0x65, 0xFF, 0x4F, 0x00, 0x00, 
0x00, 0x00, 0xE0, 0xCC, 0x00, 0x00, 0x00, 0x00, 0xB8, 0xF7, 0x0C, 0x00, 0x00, 0x00, 0x00, 0xE0, 
0xCC, 0x00, 0x00, 0x00, 0x28, 0xFD, 0x9D, 0x00, 0x00, 0x00, 0x00, 0x00, 0xE0, 0xCC, 0x00, 0x00, 
0x5C, 0xCA, 0xFF, 0x83, 0x6C, 0x6C, 0x6C, 0x6C, 0x6C, 0xED, 0xE1, 0x6C, 0x23, 0xF3, 0xFF, 0xFF, 
0xFF, 0xFF, 0xFF, 0xFF, 0xFF, 0xFF, 0xFF, 0xFF, 0xFF, 0x6F, 0xF4, 0x80, 0x00, 0x00, 0x00, 0x00, 
0x00, 0x00, 0x00, 0x00, 0x00, 0xFF, 0x70, 0xF4, 0x80, 0x00, 0x00, 0x00, 0x00, 0x00, 0x00, 0x00, 
0x00, 0x00, 0xFF, 0x70, 0xF4, 0x80, 0x00, 0x00, 0x00, 0x00, 0x00, 0x00, 0x00, 0x00, 0x00, 0xFF, 
0x70, 0x4B, 0x24, 0x00, 0x00, 0x00, 0x00, 0x00, 0x00, 0x00, 0x00, 0x00, 0x4F, 0x1F, 0x1A, 0x9F, 
0xA4, 0xA4, 0xA4, 0xA4, 0xA4, 0x5B, 0x4F, 0xFF, 0xD9, 0xC4, 0xC4, 0xC4, 0xC4, 0x71, 0x50, 0xFF, 
0x5C, 0x00, 0x00, 0x00, 0x00, 0x00, 0x50, 0xFF, 0x5C, 0x00, 0x00, 0x00, 0x00, 0x00, 0x50, 0xFF, 
0x5C, 0x00, 0x00, 0x00, 0x00, 0x00, 0x50, 0xFF, 0x8A, 0x48, 0x48, 0x48, 0x39, 0x00, 0x50, 0xFF, 
0xFF, 0xFF, 0xFF, 0xFF, 0xE6, 0x00, 0x50, 0xFF, 0x68, 0x14, 0x14, 0x14, 0x0E, 0x00, 0x50, 0xFF, 
0x5C, 0x00, 0x00, 0x00, 0x00, 0x00, 0x50, 0xFF, 0x5C, 0x00, 0x00, 0x00, 0x00, 0x00, 0x50, 0xFF, 
0x5C, 0x00, 0x00, 0x00, 0x00, 0x00, 0x50, 0xFF, 0x9C, 0x64, 0x64, 0x64, 0x64, 0x3C, 0x38, 0xFC, 
0xFF, 0xFF, 0xFF, 0xFF, 0xFF, 0xAB, 0x00, 0x7A, 0x9D, 0x01, 0x00, 0x00, 0x00, 0x85, 0x87, 0x00, 
0x00, 0x00, 0x00, 0x9B, 0x7C, 0x00, 0x00, 0x86, 0xFF, 0x36, 0x00, 0x00, 0x00, 0xD0, 0xD4, 0x00, 
0x00, 0x00, 0x34, 0xFF, 0x89, 0x00, 0x00, 0x30, 0xFF, 0x85, 0x00, 0x00, 0x00, 0xD0, 0xD4, 0x00, 
0x00, 0x00, 0x83, 0xFF, 0x32, 0x00, 0x00, 0x00, 0xD9, 0xD5, 0x00, 0x00, 0x00, 0xD0, 0xD4, 0x00, 
0x00, 0x00, 0xD3, 0xDB, 0x00, 0x00, 0x00, 0x00, 0x79, 0xFF, 0x3E, 0x00, 0x00, 0xD0, 0xD4, 0x00, 
0x00, 0x43, 0xFF, 0x77, 0x00, 0x00, 0x00, 0x00, 0x0D, 0xDD, 0xE6, 0x69, 0x40, 0xDB, 0xDE, 0x41, 
0x6F, 0xEB, 0xD0, 0x0A, 0x00, 0x00, 0x00, 0x00, 0x00, 0x2F, 0xE8, 0xFF, 0xFF, 0xFF, 0xFF, 0xFF, 
0xFF, 0xE6, 0x2E, 0x00, 0x00, 0x00, 0x00, 0x00, 0x26, 0xEC, 0xE5, 0x6C, 0x3E, 0xDA, 0xDD, 0x3D, 
0x69, 0xE5, 0xF1, 0x2D, 0x00, 0x00, 0x00, 0x00, 0xB3, 0xFA, 0x28, 0x00, 0x00, 0xD0, 0xD4, 0x00, 
0x00, 0x2A, 0xFC, 0xB9, 0x00, 0x00, 0x00, 0x1E, 0xFD, 0xA8, 0x00, 0x00, 0x00, 0xD0, 0xD4, 0x00, 
0x00, 0x00, 0xAC, 0xFE, 0x21, 0x00, 0x00, 0x76, 0xFF, 0x53, 0x00, 0x00, 0x00, 0xD0, 0xD4, 0x00, 
0x00, 0x00, 0x56, 0xFF, 0x77, 0x00, 0x00, 0xCE, 0xF6, 0x0B, 0x00, 0x00, 0x00, 0xD0, 0xD4, 0x00, 
0x00, 0x00, 0x0B, 0xF6, 0xCE, 0x00, 0x19, 0xFF, 0xAB, 0x00, 0x00, 0x00, 0x00, 0xCC, 0xCF, 0x00, 
0x00, 0x00, 0x00, 0xA9, 0xFF, 0x1A, 0x00, 0x0B, 0x02, 0x00, 0x00, 0x00, 0x00, 0x07, 0x06, 0x00, 
0x00, 0x00, 0x00, 0x02, 0x0B, 0x00, 0x00, 0x26, 0x87, 0xBD, 0xCC, 0xAE, 0x60, 0x02, 0x00, 0x00, 
0xED, 0xE9, 0xAF, 0xA9, 0xE6, 0xFF, 0xA6, 0x00, 0x00, 0x51, 0x04, 0x00, 0x00, 0x0A, 0xD9, 0xFF, 
0x12, 0x00, 0x00, 0x00, 0x00, 0x00, 0x00, 0x99, 0xFF, 0x2B, 0x00, 0x00, 0x00, 0x00, 0x00, 0x06, 
0xD3, 0xEE, 0x08, 0x00, 0x04, 0x3E, 0x42, 0x5E, 0xC5, 0xF7, 0x51, 0x00, 0x00, 0x2D, 0xFF, 0xFF, 
0xFF, 0xFC, 0x8C, 0x0B, 0x00, 0x00, 0x01, 0x1F, 0x21, 0x3C, 0x8D, 0xFD, 0xD1, 0x07, 0x00, 0x00, 
0x00, 0x00, 0x00, 0x00, 0x8E, 0xFF, 0x64, 0x00, 0x00, 0x00, 0x00, 0x00, 0x00, 0x52, 0xFF, 0x8F, 
0x03, 0x02, 0x00, 0x00, 0x00, 0x00, 0x99, 0xFF, 0x6E, 0x3F, 0xDA, 0x77, 0x4E, 0x59, 0xA8, 0xFF, 
0xE3, 0x10, 0x0F, 0xB2, 0xFB, 0xFF, 0xFF, 0xF9, 0xAC, 0x1F, 0x00, 0x00, 0x00, 0x0B, 0x28, 0x26, 
0x07, 0x00, 0x00, 0x00, 0x2E, 0xAE, 0x35, 0x00, 0x00, 0x00, 0x00, 0x00, 0x46, 0xAC, 0x15, 0x50, 
0xFF, 0x5C, 0x00, 0x00, 0x00, 0x00, 0x14, 0xE9, 0xFF, 0x28, 0x50, 0xFF, 0x5C, 0x00, 0x00, 0x00, 
0x00, 0xA8, 0xFF, 0xFF, 0x28, 0x50, 0xFF, 0x5C, 0x00, 0x00, 0x00, 0x51, 0xFF, 0xD4, 0xFF, 0x28, 
0x50, 0xFF, 0x5C, 0x00, 0x00, 0x13, 0xE8, 0xBA, 0x84, 0xFF, 0x28, 0x50, 0xFF, 0x5C, 0x00, 0x00, 
0xA6, 0xF2, 0x1E, 0x84, 0xFF, 0x28, 0x50, 0xFF, 0x5C, 0x00, 0x4F, 0xFF, 0x67, 0x00, 0x84, 0xFF, 
0x28, 0x50, 0xFF, 0x5C, 0x12, 0xE7, 0xBB, 0x00, 0x00, 0x84, 0xFF, 0x28, 0x50, 0xFF, 0x5B, 0xA3, 
0xF2, 0x1F, 0x00, 0x00, 0x84, 0xFF, 0x28, 0x50, 0xFF, 0xA0, 0xFF, 0x68, 0x00, 0x00, 0x00, 0x84, 
0xFF, 0x28, 0x50, 0xFF, 0xFE, 0xBC, 0x01, 0x00, 0x00, 0x00, 0x84, 0xFF, 0x28, 0x50, 0xFF, 0xF3, 
0x20, 0x00, 0x00, 0x00, 0x00, 0x84, 0xFF, 0x28, 0x4C, 0xFF, 0x66, 0x00, 0x00, 0x00, 0x00, 0x00, 
0x80, 0xFF, 0x23, 0x00, 0x0B, 0x00, 0x00, 0x00, 0x00, 0x00, 0x00, 0x02, 0x0B, 0x00, 0x00, 0x00, 
0x16, 0x38, 0x00, 0x00, 0x00, 0x37, 0x18, 0x00, 0x00, 0x00, 0x00, 0x64, 0xFF, 0x1B, 0x00, 0x15, 
0xFE, 0x70, 0x00, 0x00, 0x00, 0x00, 0x16, 0xEA, 0xDD, 0x9D, 0xDA, 0xEE, 0x1B, 0x00, 0x00, 0x00, 
0x00, 0x00, 0x17, 0x77, 0x93, 0x76, 0x18, 0x00, 0x00, 0x00, 0x2E, 0xAE, 0x35, 0x00, 0x00, 0x00, 
0x00, 0x00, 0x46, 0xAC, 0x15, 0x50, 0xFF, 0x5C, 0x00, 0x00, 0x00, 0x00, 0x14, 0xE9, 0xFF, 0x28, 
0x50, 0xFF, 0x5C, 0x00, 0x00, 0x00, 0x00, 0xA8, 0xFF, 0xFF, 0x28, 0x50, 0xFF, 0x5C, 0x00, 0x00, 
0x00, 0x51, 0xFF, 0xD4, 0xFF, 0x28, 0x50, 0xFF, 0x5C, 0x00, 0x00, 0x13, 0xE8, 0xBA, 0x84, 0xFF, 
0x28, 0x50, 0xFF, 0x5C, 0x00, 0x00, 0xA6, 0xF2, 0x1E, 0x84, 0xFF, 0x28, 0x50, 0xFF, 0x5C, 0x00, 
0x4F, 0xFF, 0x67, 0x00, 0x84, 0xFF, 0x28, 0x50, 0xFF, 0x5C, 0x12, 0xE7, 0xBB, 0x00, 0x00, 0x84, 
0xFF, 0x28, 0x50, 0xFF, 0x5B, 0xA3, 0xF2, 0x1F, 0x00, 0x00, 0x84, 0xFF, 0x28, 0x50, 0xFF, 0xA0, 
0xFF, 0x68, 0x00, 0x00, 0x00, 0x84, 0xFF, 0x28, 0x50, 0xFF, 0xFE, 0xBC, 0x01, 0x00, 0x00, 0x00, 
0x84, 0xFF, 0x28, 0x50, 0xFF, 0xF3, 0x20, 0x00, 0x00, 0x00, 0x00, 0x84, 0xFF, 0x28, 0x4C, 0xFF, 
0x66, 0x00, 0x00, 0x00, 0x00, 0x00, 0x80, 0xFF, 0x23, 0x00, 0x0B, 0x00, 0x00, 0x00, 0x00, 0x00, 
0x00, 0x02, 0x0B, 0x00, 0x2E, 0xAE, 0x35, 0x00, 0x00, 0x00, 0x11, 0xA8, 0x62, 0x00, 0x50, 0xFF, 
0x5C, 0x00, 0x00, 0x00, 0x67, 0xFF, 0x5E, 0x00, 0x50, 0xFF, 0x5C, 0x00, 0x00, 0x00, 0xC0, 0xF2, 
0x0B, 0x00, 0x50, 0xFF, 0x5C, 0x00, 0x00, 0x1E, 0xFD, 0x9C, 0x00, 0x00, 0x50, 0xFF, 0x5C, 0x00, 
0x00, 0x9A, 0xFF, 0x30, 0x00, 0x00, 0x50, 0xFF, 0x82, 0x4B, 0x9B, 0xFF, 0x8A, 0x00, 0x00, 0x00, 
0x50, 0xFF, 0xFF, 0xFF, 0xFF, 0xB7, 0x0A, 0x00, 0x00, 0x00, 0x50, 0xFF, 0x7F, 0x47, 0x8D, 0xFD, 
0xC6, 0x06, 0x00, 0x00, 0x50, 0xFF, 0x5C, 0x00, 0x00, 0x77, 0xFF, 0x71, 0x00, 0x00, 0x50, 0xFF, 
0x5C, 0x00, 0x00, 0x07, 0xE6, 0xE0, 0x02, 0x00, 0x50, 0xFF, 0x5C, 0x00, 0x00, 0x00, 0x88, 0xFF, 
0x47, 0x00, 0x50, 0xFF, 0x5C, 0x00, 0x00, 0x00, 0x28, 0xFF, 0xAC, 0x00, 0x4C, 0xFF, 0x57, 0x00, 
0x00, 0x00, 0x00, 0xC3, 0xF9, 0x08, 0x00, 0x0D, 0x00, 0x00, 0x00, 0x00, 0x00, 0x03, 0x0A, 0x00, 
0x00, 0x00, 0x00, 0x14, 0x9D, 0xA4, 0xA4, 0xA4, 0xA4, 0xA3, 0x3C, 0x00, 0x00, 0x00, 0x53, 0xFF, 
0xDD, 0xD0, 0xD0, 0xD6, 0xFF, 0x87, 0x00, 0x00, 0x00, 0x70, 0xFF, 0x36, 0x00, 0x00, 0x24, 0xFF, 
0x88, 0x00, 0x00, 0x00, 0x8E, 0xFF, 0x17, 0x00, 0x00, 0x24, 0xFF, 0x88, 0x00, 0x00, 0x00, 0xB1, 
0xF5, 0x00, 0x00, 0x00, 0x24, 0xFF, 0x88, 0x00, 0x00, 0x00, 0xD7, 0xD1, 0x00, 0x00, 0x00, 0x24, 
0xFF, 0x88, 0x00, 0x00, 0x06, 0xFB, 0xA8, 0x00, 0x00, 0x00, 0x24, 0xFF, 0x88, 0x00, 0x00, 0x31, 
0xFF, 0x7A, 0x00, 0x00, 0x00, 0x24, 0xFF, 0x88, 0x00, 0x00, 0x6B, 0xFF, 0x45, 0x00, 0x00, 0x00, 
0x24, 0xFF, 0x88, 0x00, 0x00, 0xB5, 0xF9, 0x0B, 0x00, 0x00, 0x00, 0x24, 0xFF, 0x88, 0x00, 0x26, 
0xFC, 0xB2, 0x00, 0x00, 0x00, 0x00, 0x24, 0xFF, 0x88, 0x61, 0xDD, 0xFE, 0x3D, 0x00, 0x00, 0x00, 
0x00, 0x24, 0xFF, 0x88, 0xF3, 0xF6, 0x6F, 0x00, 0x00, 0x00, 0x00, 0x00, 0x20, 0xFF, 0x83, 0x18, 
0x03, 0x00, 0x00, 0x00, 0x00, 0x00, 0x00, 0x00, 0x0B, 0x02, 0x16, 0x9C, 0x9E, 0x39, 0x00, 0x00, 
0x00, 0x00, 0x00, 0x00, 0x00, 0x1F, 0x99, 0xA2, 0x29, 0x4F, 0xFF, 0xFB, 0xDE, 0x02, 0x00, 0x00, 
0x00, 0x00, 0x00, 0x00, 0xAB, 0xFA, 0xFF, 0x6B, 0x50, 0xFF, 0xB0, 0xFF, 0x49, 0x00, 0x00, 0x00, 
0x00, 0x00, 0x1B, 0xFB, 0xA8, 0xFF, 0x6C, 0x50, 0xFF, 0x5A, 0xF1, 0xAF, 0x00, 0x00, 0x00, 0x00, 
0x00, 0x82, 0xF8, 0x47, 0xFF, 0x6C, 0x50, 0xFF, 0x50, 0x99, 0xFB, 0x1A, 0x00, 0x00, 0x00, 0x05, 
0xE7, 0xA3, 0x34, 0xFF, 0x6C, 0x50, 0xFF, 0x50, 0x36, 0xFF, 0x7C, 0x00, 0x00, 0x00, 0x57, 0xFF, 
0x3B, 0x34, 0xFF, 0x6C, 0x50, 0xFF, 0x50, 0x00, 0xD2, 0xE0, 0x02, 0x00, 0x00, 0xC2, 0xD3, 0x00, 
0x34, 0xFF, 0x6C, 0x50, 0xFF, 0x50, 0x00, 0x6F, 0xFF, 0x49, 0x00, 0x2C, 0xFF, 0x6B, 0x00, 0x34, 
0xFF, 0x6C, 0x50, 0xFF, 0x50, 0x00, 0x12, 0xF8, 0xAF, 0x00, 0x97, 0xF4, 0x0E, 0x00, 0x34, 0xFF, 
0x6C, 0x50, 0xFF, 0x50, 0x00, 0x00, 0xA8, 0xFB, 0x28, 0xF3, 0x9B, 0x00, 0x00, 0x34, 0xFF, 0x6C, 
0x50, 0xFF, 0x50, 0x00, 0x00, 0x45, 0xFF, 0xDA, 0xFF, 0x33, 0x00, 0x00, 0x34, 0xFF, 0x6C, 0x50, 
0xFF, 0x50, 0x00, 0x00, 0x01, 0xDF, 0xFF, 0xCA, 0x00, 0x00, 0x00, 0x34, 0xFF, 0x6C, 0x4C, 0xFF, 
0x4B, 0x00, 0x00, 0x00, 0x7B, 0xFF, 0x5F, 0x00, 0x00, 0x00, 0x30, 0xFF, 0x67, 0x00, 0x0C, 0x00, 
0x00, 0x00, 0x00, 0x00, 0x0B, 0x00, 0x00, 0x00, 0x00, 0x00, 0x0C, 0x01, 0x2E, 0xAE, 0x35, 0x00, 
0x00, 0x00, 0x00, 0x00, 0x93, 0x7F, 0x50, 0xFF, 0x5C, 0x00, 0x00, 0x00, 0x00, 0x00, 0xE4, 0xC8, 
0x50, 0xFF, 0x5C, 0x00, 0x00, 0x00, 0x00, 0x00, 0xE4, 0xC8, 0x50, 0xFF, 0x5C, 0x00, 0x00, 0x00, 
0x00, 0x00, 0xE4, 0xC8, 0x50, 0xFF, 0x5C, 0x00, 0x00, 0x00, 0x00, 0x00, 0xE4, 0xC8, 0x50, 0xFF, 
0x91, 0x54, 0x54, 0x54, 0x54, 0x54, 0xED, 0xC8, 0x50, 0xFF, 0xFF, 0xFF, 0xFF, 0xFF, 0xFF, 0xFF, 
0xFF, 0xC8, 0x50, 0xFF, 0x73, 0x24, 0x24, 0x24, 0x24, 0x24, 0xE7, 0xC8, 0x50, 0xFF, 0x5C, 0x00, 
0x00, 0x00, 0x00, 0x00, 0xE4, 0xC8, 0x50, 0xFF, 0x5C, 0x00, 0x00, 0x00, 0x00, 0x00, 0xE4, 0xC8, 
0x50, 0xFF, 0x5C, 0x00, 0x00, 0x00, 0x00, 0x00, 0xE4, 0xC8, 0x50, 0xFF, 0x5C, 0x00, 0x00, 0x00, 
0x00, 0x00, 0xE4, 0xC8, 0x4C, 0xFF, 0x57, 0x00, 0x00, 0x00, 0x00, 0x00, 0xE0, 0xC3, 0x00, 0x0D, 
0x00, 0x00, 0x00, 0x00, 0x00, 0x00, 0x07, 0x05, 0x00, 0x00, 0x00, 0x0C, 0x6F, 0xB3, 0xCC, 0xC4, 
0x98, 0x39, 0x00, 0x00, 0x00, 0x00, 0x00, 0x2E, 0xE4, 0xFF, 0xC9, 0xA3, 0xB4, 0xF5, 0xFF, 0x8A, 
0x00, 0x00, 0x00, 0x0F, 0xE3, 0xF4, 0x44, 0x00, 0x00, 0x00, 0x17, 0xC7, 0xFF, 0x57, 0x00, 0x00, 
0x76, 0xFF, 0x68, 0x00, 0x00, 0x00, 0x00, 0x00, 0x1F, 0xFA, 0xCC, 0x00, 0x00, 0xC5, 0xF8, 0x0A, 
0x00, 0x00, 0x00, 0x00, 0x00, 0x00, 0xBF, 0xFE, 0x10, 0x00, 0xF2, 0xDB, 0x00, 0x00, 0x00, 0x00, 
0x00, 0x00, 0x00, 0x9C, 0xFF, 0x33, 0x03, 0xFF, 0xC6, 0x00, 0x00, 0x00, 0x00, 0x00, 0x00, 0x00, 
0x86, 0xFF, 0x3F, 0x00, 0xFC, 0xD2, 0x00, 0x00, 0x00, 0x00, 0x00, 0x00, 0x00, 0x97, 0xFF, 0x34, 
0x00, 0xE5, 0xEB, 0x00, 0x00, 0x00, 0x00, 0x00, 0x00, 0x00, 0xB5, 0xFF, 0x12, 0x00, 0xAF, 0xFF, 
0x3B, 0x00, 0x00, 0x00, 0x00, 0x00, 0x0E, 0xF2, 0xD1, 0x00, 0x00, 0x50, 0xFF, 0xB8, 0x03, 0x00, 
0x00, 0x00, 0x01, 0x9B, 0xFF, 0x63, 0x00, 0x00, 0x00, 0xAC, 0xFF, 0xCB, 0x67, 0x49, 0x60, 0xBF, 
0xFF, 0xAC, 0x01, 0x00, 0x00, 0x00, 0x04, 0x7A, 0xE5, 0xFF, 0xFF, 0xFF, 0xDF, 0x72, 0x03, 0x00, 
0x00, 0x00, 0x00, 0x00, 0x00, 0x00, 0x1B, 0x2A, 0x19, 0x00, 0x00, 0x00, 0x00, 0x00, 0x1C, 0x9F, 
0xA4, 0xA4, 0xA4, 0xA4, 0xA4, 0xA4, 0xA4, 0x60, 0x4F, 0xFF, 0xE1, 0xD0, 0xD0, 0xD0, 0xD0, 0xD0, 
0xFC, 0xBF, 0x50, 0xFF, 0x5C, 0x00, 0x00, 0x00, 0x00, 0x00, 0xEC, 0xC0, 0x50, 0xFF, 0x5C, 0x00, 
0x00, 0x00, 0x00, 0x00, 0xEC, 0xC0, 0x50, 0xFF, 0x5C, 0x00, 0x00, 0x00, 0x00, 0x00, 0xEC, 0xC0, 
0x50, 0xFF, 0x5C, 0x00, 0x00, 0x00, 0x00, 0x00, 0xEC, 0xC0, 0x50, 0xFF, 0x5C, 0x00, 0x00, 0x00, 
0x00, 0x00, 0xEC, 0xC0, 0x50, 0xFF, 0x5C, 0x00, 0x00, 0x00, 0x00, 0x00, 0xEC, 0xC0, 0x50, 0xFF, 
0x5C, 0x00, 0x00, 0x00, 0x00, 0x00, 0xEC, 0xC0, 0x50, 0xFF, 0x5C, 0x00, 0x00, 0x00, 0x00, 0x00, 
0xEC, 0xC0, 0x50, 0xFF, 0x5C, 0x00, 0x00, 0x00, 0x00, 0x00, 0xEC, 0xC0, 0x50, 0xFF, 0x5C, 0x00, 
0x00, 0x00, 0x00, 0x00, 0xEC, 0xC0, 0x4C, 0xFF, 0x57, 0x00, 0x00, 0x00, 0x00, 0x00, 0xE8, 0xBB, 
0x00, 0x0D, 0x00, 0x00, 0x00, 0x00, 0x00, 0x00, 0x08, 0x05, 0x18, 0x9E, 0xA4, 0xA4, 0x9C, 0x7A, 
0x24, 0x00, 0x00, 0x4F, 0xFF, 0xD7, 0xC0, 0xCF, 0xFC, 0xFB, 0x65, 0x00, 0x50, 0xFF, 0x5C, 0x00, 
0x00, 0x1E, 0xDD, 0xF8, 0x1C, 0x50, 0xFF, 0x5C, 0x00, 0x00, 0x00, 0x6F, 0xFF, 0x59, 0x50, 0xFF, 
0x5C, 0x00, 0x00, 0x00, 0x62, 0xFF, 0x66, 0x50, 0xFF, 0x5C, 0x00, 0x00, 0x00, 0xAB, 0xFF, 0x32, 
0x50, 0xFF, 0x7A, 0x30, 0x3E, 0x9C, 0xFF, 0xB1, 0x00, 0x50, 0xFF, 0xFF, 0xFF, 0xFF, 0xF4, 0x92, 
0x0A, 0x00, 0x50, 0xFF, 0x7A, 0x2F, 0x24, 0x04, 0x00, 0x00, 0x00, 0x50, 0xFF, 0x5C, 0x00, 0x00, 
0x00, 0x00, 0x00, 0x00, 0x50, 0xFF, 0x5C, 0x00, 0x00, 0x00, 0x00, 0x00, 0x00, 0x50, 0xFF, 0x5C, 
0x00, 0x00, 0x00, 0x00, 0x00, 0x00, 0x4C, 0xFF, 0x57, 0x00, 0x00, 0x00, 0x00, 0x00, 0x00, 0x00, 
0x0D, 0x00, 0x00, 0x00, 0x00, 0x00, 0x00, 0x00, 0x00, 0x00, 0x00, 0x09, 0x6B, 0xB0, 0xC5, 0xAD, 
0x6B, 0x0B, 0x00, 0x00, 0x00, 0x24, 0xDC, 0xFF, 0xD6, 0xB4, 0xD2, 0xFF, 0xDB, 0x03, 0x00, 0x08, 
0xD7, 0xF9, 0x56, 0x00, 0x00, 0x00, 0x2E, 0xB8, 0x07, 0x00, 0x68, 0xFF, 0x7E, 0x00, 0x00, 0x00, 
0x00, 0x00, 0x00, 0x00, 0x00, 0xBF, 0xFE, 0x16, 0x00, 0x00, 0x00, 0x00, 0x00, 0x00, 0x00, 0x00, 
0xF2, 0xDC, 0x00, 0x00, 0x00, 0x00, 0x00, 0x00, 0x00, 0x00, 0x05, 0xFF, 0xC8, 0x00, 0x00, 0x00, 
0x00, 0x00, 0x00, 0x00, 0x00, 0x02, 0xFE, 0xCE, 0x00, 0x00, 0x00, 0x00, 0x00, 0x00, 0x00, 0x00, 
0x00, 0xE6, 0xF0, 0x01, 0x00, 0x00, 0x00, 0x00, 0x00, 0x00, 0x00, 0x00, 0xAA, 0xFF, 0x42, 0x00, 
0x00, 0x00, 0x00, 0x00, 0x00, 0x00, 0x00, 0x42, 0xFF, 0xD1, 0x0F, 0x00, 0x00, 0x00, 0x00, 0x56, 
0x0A, 0x00, 0x00, 0x96, 0xFF, 0xE0, 0x7A, 0x5A, 0x77, 0xCA, 0xFE, 0x14, 0x00, 0x00, 0x01, 0x6B, 
0xDE, 0xFF, 0xFF, 0xFC, 0xC0, 0x44, 0x00, 0x00, 0x00, 0x00, 0x00, 0x00, 0x15, 0x21, 0x0A, 0x00, 
0x00, 0x00, 0x80, 0xA4, 0xA4, 0xA4, 0xA4, 0xA4, 0xA4, 0xA4, 0xA4, 0x56, 0xA0, 0xC8, 0xC8, 0xC8, 
0xFE, 0xF0, 0xC8, 0xC8, 0xC8, 0x6D, 0x00, 0x00, 0x00, 0x00, 0xF8, 0xB8, 0x00, 0x00, 0x00, 0x00, 
0x00, 0x00, 0x00, 0x00, 0xF8, 0xB8, 0x00, 0x00, 0x00, 0x00, 0x00, 0x00, 0x00, 0x00, 0xF8, 0xB8, 
0x00, 0x00, 0x00, 0x00, 0x00, 0x00, 0x00, 0x00, 0xF8, 0xB8, 0x00, 0x00, 0x00, 0x00, 0x00, 0x00, 
0x00, 0x00, 0xF8, 0xB8, 0x00, 0x00, 0x00, 0x00, 0x00, 0x00, 0x00, 0x00, 0xF8, 0xB8, 0x00, 0x00, 
0x00, 0x00, 0x00, 0x00, 0x00, 0x00, 0xF8, 0xB8, 0x00, 0x00, 0x00, 0x00, 0x00, 0x00, 0x00, 0x00, 
0xF8, 0xB8, 0x00, 0x00, 0x00, 0x00, 0x00, 0x00, 0x00, 0x00, 0xF8, 0xB8, 0x00, 0x00, 0x00, 0x00, 
0x00, 0x00, 0x00, 0x00, 0xF8, 0xB8, 0x00, 0x00, 0x00, 0x00, 0x00, 0x00, 0x00, 0x00, 0xF4, 0xB3, 
0x00, 0x00, 0x00, 0x00, 0x00, 0x00, 0x00, 0x00, 0x08, 0x04, 0x00, 0x00, 0x00, 0x00, 0x86, 0x9E, 
0x06, 0x00, 0x00, 0x00, 0x00, 0x00, 0x41, 0xB0, 0x36, 0x75, 0xFF, 0x66, 0x00, 0x00, 0x00, 0x00, 
0x00, 0xBE, 0xF8, 0x13, 0x0A, 0xEA, 0xDF, 0x04, 0x00, 0x00, 0x00, 0x22, 0xFE, 0xA2, 0x00, 0x00, 
0x75, 0xFF, 0x61, 0x00, 0x00, 0x00, 0x86, 0xFF, 0x38, 0x00, 0x00, 0x0B, 0xEA, 0xDB, 0x03, 0x00, 
0x03, 0xE5, 0xCF, 0x00, 0x00, 0x00, 0x00, 0x76, 0xFF, 0x5B, 0x00, 0x4E, 0xFF, 0x66, 0x00, 0x00, 
0x00, 0x00, 0x0B, 0xEB, 0xD3, 0x01, 0xB2, 0xF1, 0x0C, 0x00, 0x00, 0x00, 0x00, 0x00, 0x77, 0xFF, 
0x62, 0xFB, 0x94, 0x00, 0x00, 0x00, 0x00, 0x00, 0x00, 0x0C, 0xEB, 0xF9, 0xFF, 0x2B, 0x00, 0x00, 
0x00, 0x00, 0x00, 0x00, 0x00, 0x78, 0xFF, 0xC1, 0x00, 0x00, 0x00, 0x00, 0x00, 0x00, 0x00, 0x00, 
0x85, 0xFF, 0x4F, 0x00, 0x00, 0x00, 0x00, 0x00, 0x56, 0x81, 0x7E, 0xFA, 0xCA, 0x01, 0x00, 0x00, 
0x00, 0x00, 0x00, 0x64, 0xFF, 0xFF, 0xD8, 0x23, 0x00, 0x00, 0x00, 0x00, 0x00, 0x00, 0x00, 0x14, 
0x17, 0x00, 0x00, 0x00, 0x00, 0x00, 0x00, 0x00, 0x00, 0x00, 0x00, 0x00, 0x00, 0x00, 0x1E, 0x1C, 
0x00, 0x00, 0x00, 0x00, 0x00, 0x00, 0x00, 0x00, 0x00, 0x00, 0x00, 0x00, 0xDB, 0xCB, 0x00, 0x00, 
0x00, 0x00, 0x00, 0x00, 0x00, 0x00, 0x00, 0x00, 0x1E, 0x4F, 0xE9, 0xDF, 0x53, 0x2A, 0x01, 0x00, 
0x00, 0x00, 0x00, 0x00, 0x2F, 0xC1, 0xFF, 0xFF, 0xFE, 0xFE, 0xFF, 0xFF, 0xD9, 0x49, 0x00, 0x00, 
0x00, 0x2F, 0xF4, 0xE7, 0x59, 0x0C, 0xD8, 0xCC, 0x0C, 0x53, 0xDF, 0xFC, 0x40, 0x00, 0x00, 0xBA, 
0xFB, 0x2A, 0x00, 0x00, 0xD8, 0xCC, 0x00, 0x00, 0x2E, 0xFD, 0xBE, 0x00, 0x07, 0xFB, 0xBE, 0x00, 
0x00, 0x00, 0xD8, 0xCC, 0x00, 0x00, 0x00, 0xCC, 0xF9, 0x00, 0x17, 0xFF, 0xA8, 0x00, 0x00, 0x00, 
0xD8, 0xCC, 0x00, 0x00, 0x00, 0xB5, 0xFF, 0x06, 0x06, 0xFB, 0xCA, 0x00, 0x00, 0x00, 0xD8, 0xCC, 
0x00, 0x00, 0x00, 0xDB, 0xE7, 0x00, 0x00, 0xBC, 0xFF, 0x44, 0x00, 0x00, 0xD8, 0xCC, 0x00, 0x00, 
0x61, 0xFF, 0x91, 0x00, 0x00, 0x2F, 0xF3, 0xFA, 0x8D, 0x45, 0xDF, 0xD6, 0x49, 0x9D, 0xFE, 0xD4, 
0x10, 0x00, 0x00, 0x00, 0x27, 0xA9, 0xF3, 0xFF, 0xFF, 0xFF, 0xFF, 0xE2, 0x85, 0x0D, 0x00, 0x00, 
0x00, 0x00, 0x00, 0x00, 0x03, 0x1A, 0xE1, 0xD3, 0x14, 0x00, 0x00, 0x00, 0x00, 0x00, 0x00, 0x00, 
0x00, 0x00, 0x00, 0x00, 0xD9, 0xC7, 0x00, 0x00, 0x00, 0x00, 0x00, 0x00, 0x00, 0x00, 0x00, 0x00, 
0x00, 0x00, 0x07, 0x06, 0x00, 0x00, 0x00, 0x00, 0x00, 0x00, 0x30, 0xB0, 0x5E, 0x00, 0x00, 0x00, 
0x00, 0x10, 0xA8, 0x6F, 0x07, 0xDC, 0xF4, 0x19, 0x00, 0x00, 0x00, 0x8F, 0xFF, 0x48, 0x00, 0x4E, 
0xFF, 0xA0, 0x00, 0x00, 0x26, 0xFA, 0xB1, 0x00, 0x00, 0x00, 0xB7, 0xFE, 0x35, 0x00, 0xB4, 0xF8, 
0x22, 0x00, 0x00, 0x00, 0x26, 0xFA, 0xC5, 0x47, 0xFF, 0x83, 0x00, 0x00, 0x00, 0x00, 0x00, 0x8A, 
0xFF, 0xF0, 0xE2, 0x0A, 0x00, 0x00, 0x00, 0x00, 0x00, 0x12, 0xFC, 0xFF, 0x75, 0x00, 0x00, 0x00, 
0x00, 0x00, 0x00, 0x75, 0xFF, 0xF4, 0xD8, 0x05, 0x00, 0x00, 0x00, 0x00, 0x19, 0xF2, 0xBA, 0x64, 
0xFF, 0x74, 0x00, 0x00, 0x00, 0x00, 0xA5, 0xFC, 0x2D, 0x02, 0xD2, 0xF2, 0x18, 0x00, 0x00, 0x3D, 
0xFF, 0x99, 0x00, 0x00, 0x46, 0xFF, 0xA0, 0x00, 0x03, 0xD1, 0xF2, 0x16, 0x00, 0x00, 0x00, 0xB7, 
0xFE, 0x37, 0x5E, 0xFF, 0x75, 0x00, 0x00, 0x00, 0x00, 0x2B, 0xFB, 0xBC, 0x03, 0x0C, 0x00, 0x00, 
0x00, 0x00, 0x00, 0x00, 0x08, 0x08, 0x2E, 0xAE, 0x35, 0x00, 0x00, 0x00, 0x00, 0x00, 0xA1, 0x71, 
0x00, 0x00, 0x50, 0xFF, 0x5C, 0x00, 0x00, 0x00, 0x00, 0x00, 0xF8, 0xB4, 0x00, 0x00, 0x50, 0xFF, 
0x5C, 0x00, 0x00, 0x00, 0x00, 0x00, 0xF8, 0xB4, 0x00, 0x00, 0x50, 0xFF, 0x5C, 0x00, 0x00, 0x00, 
0x00, 0x00, 0xF8, 0xB4, 0x00, 0x00, 0x50, 0xFF, 0x5C, 0x00, 0x00, 0x00, 0x00, 0x00, 0xF8, 0xB4, 
0x00, 0x00, 0x50, 0xFF, 0x5C, 0x00, 0x00, 0x00, 0x00, 0x00, 0xF8, 0xB4, 0x00, 0x00, 0x50, 0xFF, 
0x5C, 0x00, 0x00, 0x00, 0x00, 0x00, 0xF8, 0xB4, 0x00, 0x00, 0x50, 0xFF, 0x5C, 0x00, 0x00, 0x00, 
0x00, 0x00, 0xF8, 0xB4, 0x00, 0x00, 0x50, 0xFF, 0x5C, 0x00, 0x00, 0x00, 0x00, 0x00, 0xF8, 0xB4, 
0x00, 0x00, 0x50, 0xFF, 0x5C, 0x00, 0x00, 0x00, 0x00, 0x00, 0xF8, 0xB4, 0x00, 0x00, 0x50, 0xFF, 
0x5C, 0x00, 0x00, 0x00, 0x00, 0x00, 0xF8, 0xB4, 0x00, 0x00, 0x50, 0xFF, 0xA6, 0x74, 0x74, 0x74, 
0x74, 0x74, 0xFB, 0xD6, 0x73, 0x1C, 0x39, 0xFC, 0xFF, 0xFF, 0xFF, 0xFF, 0xFF, 0xFF, 0xFF, 0xFF, 
0xFF, 0x57, 0x00, 0x00, 0x00, 0x00, 0x00, 0x00, 0x00, 0x00, 0x00, 0x18, 0xFF, 0x58, 0x00, 0x00, 
0x00, 0x00, 0x00, 0x00, 0x00, 0x00, 0x00, 0x18, 0xFF, 0x58, 0x00, 0x00, 0x00, 0x00, 0x00, 0x00, 
0x00, 0x00, 0x00, 0x18, 0xFF, 0x58, 0x00, 0x00, 0x00, 0x00, 0x00, 0x00, 0x00, 0x00, 0x00, 0x04, 
0x53, 0x17, 0x8E, 0x81, 0x00, 0x00, 0x00, 0x00, 0x23, 0xAD, 0x40, 0xDC, 0xCC, 0x00, 0x00, 0x00, 
0x00, 0x40, 0xFF, 0x6C, 0xDC, 0xCC, 0x00, 0x00, 0x00, 0x00, 0x40, 0xFF, 0x6C, 0xDC, 0xCC, 0x00, 
0x00, 0x00, 0x00, 0x40, 0xFF, 0x6C, 0xD6, 0xD8, 0x00, 0x00, 0x00, 0x00, 0x40, 0xFF, 0x6C, 0xB5, 
0xFB, 0x26, 0x00, 0x00, 0x00, 0x40, 0xFF, 0x6C, 0x50, 0xFF, 0xEB, 0x82, 0x63, 0x66, 0x99, 0xFF, 
0x6C, 0x00, 0x59, 0xCF, 0xF7, 0xFF, 0xFF, 0xF5, 0xFF, 0x6C, 0x00, 0x00, 0x00, 0x00, 0x0B, 0x05, 
0x40, 0xFF, 0x6C, 0x00, 0x00, 0x00, 0x00, 0x00, 0x00, 0x40, 0xFF, 0x6C, 0x00, 0x00, 0x00, 0x00, 
0x00, 0x00, 0x40, 0xFF, 0x6C, 0x00, 0x00, 0x00, 0x00, 0x00, 0x00, 0x40, 0xFF, 0x6C, 0x00, 0x00, 
0x00, 0x00, 0x00, 0x00, 0x3B, 0xFF, 0x67, 0x00, 0x00, 0x00, 0x00, 0x00, 0x00, 0x00, 0x0C, 0x01, 
0x2F, 0xAE, 0x33, 0x00, 0x00, 0x00, 0x13, 0xAD, 0x51, 0x00, 0x00, 0x00, 0x00, 0xA2, 0x6F, 0x50, 
0xFF, 0x58, 0x00, 0x00, 0x00, 0x24, 0xFF, 0x84, 0x00, 0x00, 0x00, 0x00, 0xF8, 0xB0, 0x50, 0xFF, 
0x58, 0x00, 0x00, 0x00, 0x24, 0xFF, 0x84, 0x00, 0x00, 0x00, 0x00, 0xF8, 0xB0, 0x50, 0xFF, 0x58, 
0x00, 0x00, 0x00, 0x24, 0xFF, 0x84, 0x00, 0x00, 0x00, 0x00, 0xF8, 0xB0, 0x50, 0xFF, 0x58, 0x00, 
0x00, 0x00, 0x24, 0xFF, 0x84, 0x00, 0x00, 0x00, 0x00, 0xF8, 0xB0, 0x50, 0xFF, 0x58, 0x00, 0x00, 
0x00, 0x24, 0xFF, 0x84, 0x00, 0x00, 0x00, 0x00, 0xF8, 0xB0, 0x50, 0xFF, 0x58, 0x00, 0x00, 0x00, 
0x24, 0xFF, 0x84, 0x00, 0x00, 0x00, 0x00, 0xF8, 0xB0, 0x50, 0xFF, 0x58, 0x00, 0x00, 0x00, 0x24, 
0xFF, 0x84, 0x00, 0x00, 0x00, 0x00, 0xF8, 0xB0, 0x50, 0xFF, 0x58, 0x00, 0x00, 0x00, 0x24, 0xFF, 
0x84, 0x00, 0x00, 0x00, 0x00, 0xF8, 0xB0, 0x50, 0xFF, 0x58, 0x00, 0x00, 0x00, 0x24, 0xFF, 0x84, 
0x00, 0x00, 0x00, 0x00, 0xF8, 0xB0, 0x50, 0xFF, 0x58, 0x00, 0x00, 0x00, 0x24, 0xFF, 0x84, 0x00, 
0x00, 0x00, 0x00, 0xF8, 0xB0, 0x50, 0xFF, 0x9E, 0x6C, 0x6C, 0x6C, 0x80, 0xFF, 0xB8, 0x6C, 0x6C, 
0x6C, 0x6C, 0xFB, 0xB0, 0x39, 0xFB, 0xFF, 0xFF, 0xFF, 0xFF, 0xFF, 0xFF, 0xFF, 0xFF, 0xFF, 0xFF, 
0xFF, 0xFF, 0x95, 0x2F, 0xAE, 0x33, 0x00, 0x00, 0x00, 0x13, 0xAD, 0x51, 0x00, 0x00, 0x00, 0x00, 
0xA2, 0x6F, 0x00, 0x00, 0x50, 0xFF, 0x58, 0x00, 0x00, 0x00, 0x24, 0xFF, 0x84, 0x00, 0x00, 0x00, 
0x00, 0xF8, 0xB0, 0x00, 0x00, 0x50, 0xFF, 0x58, 0x00, 0x00, 0x00, 0x24, 0xFF, 0x84, 0x00, 0x00, 
0x00, 0x00, 0xF8, 0xB0, 0x00, 0x00, 0x50, 0xFF, 0x58, 0x00, 0x00, 0x00, 0x24, 0xFF, 0x84, 0x00, 
0x00, 0x00, 0x00, 0xF8, 0xB0, 0x00, 0x00, 0x50, 0xFF, 0x58, 0x00, 0x00, 0x00, 0x24, 0xFF, 0x84, 
0x00, 0x00, 0x00, 0x00, 0xF8, 0xB0, 0x00, 0x00, 0x50, 0xFF, 0x58, 0x00, 0x00, 0x00, 0x24, 0xFF, 
0x84, 0x00, 0x00, 0x00, 0x00, 0xF8, 0xB0, 0x00, 0x00, 0x50, 0xFF, 0x58, 0x00, 0x00, 0x00, 0x24, 
0xFF, 0x84, 0x00, 0x00, 0x00, 0x00, 0xF8, 0xB0, 0x00, 0x00, 0x50, 0xFF, 0x58, 0x00, 0x00, 0x00, 
0x24, 0xFF, 0x84, 0x00, 0x00, 0x00, 0x00, 0xF8, 0xB0, 0x00, 0x00, 0x50, 0xFF, 0x58, 0x00, 0x00, 
0x00, 0x24, 0xFF, 0x84, 0x00, 0x00, 0x00, 0x00, 0xF8, 0xB0, 0x00, 0x00, 0x50, 0xFF, 0x58, 0x00, 
0x00, 0x00, 0x24, 0xFF, 0x84, 0x00, 0x00, 0x00, 0x00, 0xF8, 0xB0, 0x00, 0x00, 0x50, 0xFF, 0x58, 
0x00, 0x00, 0x00, 0x24, 0xFF, 0x84, 0x00, 0x00, 0x00, 0x00, 0xF8, 0xB0, 0x00, 0x00, 0x50, 0xFF, 
0x9E, 0x6C, 0x6C, 0x6C, 0x80, 0xFF, 0xB8, 0x6C, 0x6C, 0x6C, 0x6C, 0xFB, 0xD1, 0x6B, 0x1B, 0x39, 
0xFC, 0xFF, 0xFF, 0xFF, 0xFF, 0xFF, 0xFF, 0xFF, 0xFF, 0xFF, 0xFF, 0xFF, 0xFF, 0xFF, 0xFF, 0x5B, 
0x00, 0x00, 0x00, 0x00, 0x00, 0x00, 0x00, 0x00, 0x00, 0x00, 0x00, 0x00, 0x00, 0x00, 0x18, 0xFF, 
0x5C, 0x00, 0x00, 0x00, 0x00, 0x00, 0x00, 0x00, 0x00, 0x00, 0x00, 0x00, 0x00, 0x00, 0x00, 0x18, 
0xFF, 0x5C, 0x00, 0x00, 0x00, 0x00, 0x00, 0x00, 0x00, 0x00, 0x00, 0x00, 0x00, 0x00, 0x00, 0x00, 
0x18, 0xFF, 0x5C, 0x00, 0x00, 0x00, 0x00, 0x00, 0x00, 0x00, 0x00, 0x00, 0x00, 0x00, 0x00, 0x00, 
0x00, 0x04, 0x53, 0x1A, 0x7D, 0xA4, 0xA4, 0xA4, 0x94, 0x03, 0x00, 0x00, 0x00, 0x00, 0x00, 0x00, 
0xA0, 0xC8, 0xC8, 0xE7, 0xFF, 0x1F, 0x00, 0x00, 0x00, 0x00, 0x00, 0x00, 0x00, 0x00, 0x00, 0x90, 
0xFF, 0x20, 0x00, 0x00, 0x00, 0x00, 0x00, 0x00, 0x00, 0x00, 0x00, 0x90, 0xFF, 0x20, 0x00, 0x00, 
0x00, 0x00, 0x00, 0x00, 0x00, 0x00, 0x00, 0x90, 0xFF, 0x20, 0x00, 0x00, 0x00, 0x00, 0x00, 0x00, 
0x00, 0x00, 0x00, 0x90, 0xFF, 0xB3, 0xA7, 0xA1, 0x89, 0x3C, 0x00, 0x00, 0x00, 0x00, 0x00, 0x90, 
0xFF, 0xC4, 0xBC, 0xC5, 0xEF, 0xFF, 0xB0, 0x07, 0x00, 0x00, 0x00, 0x90, 0xFF, 0x20, 0x00, 0x00, 
0x0B, 0xA4, 0xFF, 0x72, 0x00, 0x00, 0x00, 0x90, 0xFF, 0x20, 0x00, 0x00, 0x00, 0x16, 0xFF, 0xB9, 
0x00, 0x00, 0x00, 0x90, 0xFF, 0x20, 0x00, 0x00, 0x00, 0x04, 0xFC, 0xB3, 0x00, 0x00, 0x00, 0x90, 
0xFF, 0x20, 0x00, 0x00, 0x00, 0x5D, 0xFF, 0x80, 0x00, 0x00, 0x00, 0x90, 0xFF, 0x77, 0x64, 0x6C, 
0x9B, 0xF9, 0xDE, 0x13, 0x00, 0x00, 0x00, 0x78, 0xFF, 0xFF, 0xFF, 0xF5, 0xD8, 0x8D, 0x14, 0x00, 
0x2E, 0xAE, 0x35, 0x00, 0x00, 0x00, 0x00, 0x00, 0x00, 0x00, 0x10, 0xAB, 0x58, 0x50, 0xFF, 0x5C, 
0x00, 0x00, 0x00, 0x00, 0x00, 0x00, 0x00, 0x20, 0xFF, 0x90, 0x50, 0xFF, 0x5C, 0x00, 0x00, 0x00, 
0x00, 0x00, 0x00, 0x00, 0x20, 0xFF, 0x90, 0x50, 0xFF, 0x5C, 0x00, 0x00, 0x00, 0x00, 0x00, 0x00, 
0x00, 0x20, 0xFF, 0x90, 0x50, 0xFF, 0x5C, 0x00, 0x00, 0x00, 0x00, 0x00, 0x00, 0x00, 0x20, 0xFF, 
0x90, 0x50, 0xFF, 0xC2, 0xA0, 0x9B, 0x86, 0x44, 0x00, 0x00, 0x00, 0x20, 0xFF, 0x90, 0x50, 0xFF, 
0xD9, 0xC4, 0xCA, 0xEE, 0xFF, 0xBB, 0x07, 0x00, 0x20, 0xFF, 0x90, 0x50, 0xFF, 0x5C, 0x00, 0x00, 
0x07, 0x8E, 0xFF, 0x89, 0x00, 0x20, 0xFF, 0x90, 0x50, 0xFF, 0x5C, 0x00, 0x00, 0x00, 0x03, 0xF2, 
0xD8, 0x00, 0x20, 0xFF, 0x90, 0x50, 0xFF, 0x5C, 0x00, 0x00, 0x00, 0x00, 0xE1, 0xD4, 0x00, 0x20, 
0xFF, 0x90, 0x50, 0xFF, 0x5C, 0x00, 0x00, 0x00, 0x3A, 0xFF, 0xA0, 0x00, 0x20, 0xFF, 0x90, 0x50, 
0xFF, 0x99, 0x60, 0x65, 0x8C, 0xF0, 0xED, 0x25, 0x00, 0x20, 0xFF, 0x90, 0x3B, 0xFD, 0xFF, 0xFF, 
0xF8, 0xDF, 0x9A, 0x1F, 0x00, 0x00, 0x1C, 0xFF, 0x8B, 0x00, 0x00, 0x00, 0x00, 0x00, 0x00, 0x00, 
0x00, 0x00, 0x00, 0x00, 0x0B, 0x02, 0x2E, 0xAE, 0x35, 0x00, 0x00, 0x00, 0x00, 0x00, 0x00, 0x00, 
0x50, 0xFF, 0x5C, 0x00, 0x00, 0x00, 0x00, 0x00, 0x00, 0x00, 0x50, 0xFF, 0x5C, 0x00, 0x00, 0x00, 
0x00, 0x00, 0x00, 0x00, 0x50, 0xFF, 0x5C, 0x00, 0x00, 0x00, 0x00, 0x00, 0x00, 0x00, 0x50, 0xFF, 
0x5C, 0x00, 0x00, 0x00, 0x00, 0x00, 0x00, 0x00, 0x50, 0xFF, 0xC7, 0xA8, 0xA4, 0x94, 0x5E, 0x06, 
0x00, 0x00, 0x50, 0xFF, 0xD4, 0xBC, 0xC0, 0xDD, 0xFF, 0xE0, 0x2B, 0x00, 0x50, 0xFF, 0x5C, 0x00, 
0x00, 0x00, 0x5B, 0xFE, 0xC6, 0x00, 0x50, 0xFF, 0x5C, 0x00, 0x00, 0x00, 0x00, 0xC3, 0xFF, 0x0D, 
0x50, 0xFF, 0x5C, 0x00, 0x00, 0x00, 0x00, 0xB1, 0xFD, 0x0A, 0x50, 0xFF, 0x5C, 0x00, 0x00, 0x00, 
0x17, 0xF2, 0xD4, 0x00, 0x50, 0xFF, 0x9C, 0x64, 0x68, 0x84, 0xE3, 0xFB, 0x4A, 0x00, 0x3B, 0xFD, 
0xFF, 0xFF, 0xFA, 0xE6, 0xAC, 0x36, 0x00, 0x00, 0x00, 0x13, 0x72, 0xB1, 0xC9, 0xB8, 0x7A, 0x13, 
0x00, 0x00, 0x00, 0xE6, 0xF8, 0xBF, 0xA7, 0xCE, 0xFF, 0xED, 0x39, 0x00, 0x00, 0x82, 0x14, 0x00, 
0x00, 0x00, 0x58, 0xF6, 0xE8, 0x13, 0x00, 0x00, 0x00, 0x00, 0x00, 0x00, 0x00, 0x7F, 0xFF, 0x79, 
0x00, 0x00, 0x00, 0x00, 0x00, 0x00, 0x00, 0x18, 0xFF, 0xC4, 0x00, 0x04, 0x3F, 0x40, 0x40, 0x40, 
0x40, 0x40, 0xF0, 0xED, 0x00, 0x2A, 0xFF, 0xFF, 0xFF, 0xFF, 0xFF, 0xFF, 0xFF, 0xFB, 0x00, 0x01, 
0x27, 0x28, 0x28, 0x28, 0x28, 0x28, 0xE1, 0xF2, 0x00, 0x00, 0x00, 0x00, 0x00, 0x00, 0x00, 0x02, 
0xF4, 0xD5, 0x00, 0x00, 0x00, 0x00, 0x00, 0x00, 0x00, 0x3C, 0xFF, 0x9A, 0x03, 0x33, 0x00, 0x00, 
0x00, 0x00, 0x07, 0xC6, 0xFE, 0x35, 0x13, 0xFE, 0xAE, 0x64, 0x4A, 0x65, 0xD0, 0xFF, 0x87, 0x00, 
0x00, 0x67, 0xD9, 0xFF, 0xFF, 0xFF, 0xD9, 0x62, 0x00, 0x00, 0x00, 0x00, 0x00, 0x13, 0x27, 0x15, 
0x00, 0x00, 0x00, 0x00, 0x2E, 0xAE, 0x35, 0x00, 0x00, 0x00, 0x00, 0x31, 0x94, 0xC4, 0xCC, 0xAF, 
0x60, 0x04, 0x00, 0x00, 0x50, 0xFF, 0x5C, 0x00, 0x00, 0x00, 0x77, 0xFE, 0xEE, 0xAE, 0xA6, 0xDB, 
0xFF, 0xC9, 0x11, 0x00, 0x50, 0xFF, 0x5C, 0x00, 0x00, 0x49, 0xFF, 0xB6, 0x0D, 0x00, 0x00, 0x01, 
0x80, 0xFF, 0xA8, 0x00, 0x50, 0xFF, 0x5C, 0x00, 0x00, 0xC6, 0xF9, 0x14, 0x00, 0x00, 0x00, 0x00, 
0x00, 0xC3, 0xFE, 0x21, 0x50, 0xFF, 0x5C, 0x00, 0x12, 0xFE, 0xAD, 0x00, 0x00, 0x00, 0x00, 0x00, 
0x00, 0x6C, 0xFF, 0x65, 0x50, 0xFF, 0x8A, 0x48, 0x6F, 0xFF, 0x82, 0x00, 0x00, 0x00, 0x00, 0x00, 
0x00, 0x49, 0xFF, 0x8B, 0x50, 0xFF, 0xFF, 0xFF, 0xFF, 0xFF, 0x6D, 0x00, 0x00, 0x00, 0x00, 0x00, 
0x00, 0x33, 0xFF, 0x97, 0x50, 0xFF, 0x75, 0x28, 0x60, 0xFF, 0x72, 0x00, 0x00, 0x00, 0x00, 0x00, 
0x00, 0x40, 0xFF, 0x8D, 0x50, 0xFF, 0x5C, 0x00, 0x2B, 0xFF, 0x95, 0x00, 0x00, 0x00, 0x00, 0x00, 
0x00, 0x5B, 0xFF, 0x6F, 0x50, 0xFF, 0x5C, 0x00, 0x03, 0xF1, 0xDD, 0x02, 0x00, 0x00, 0x00, 0x00, 
0x00, 0xA1, 0xFF, 0x33, 0x50, 0xFF, 0x5C, 0x00, 0x00, 0x92, 0xFF, 0x6F, 0x00, 0x00, 0x00, 0x00, 
0x37, 0xFA, 0xCA, 0x00, 0x50, 0xFF, 0x5C, 0x00, 0x00, 0x11, 0xDC, 0xFE, 0xA3, 0x5B, 0x4E, 0x86, 
0xF5, 0xEE, 0x2E, 0x00, 0x4C, 0xFF, 0x57, 0x00, 0x00, 0x00, 0x17, 0xA2, 0xF6, 0xFF, 0xFF, 0xF9, 
0xB0, 0x26, 0x00, 0x00, 0x00, 0x0D, 0x00, 0x00, 0x00, 0x00, 0x00, 0x00, 0x08, 0x25, 0x25, 0x0A, 
0x00, 0x00, 0x00, 0x00, 0x00, 0x00, 0x00, 0x32, 0x7D, 0x9A, 0xA3, 0xA4, 0xA1, 0x28, 0x00, 0x00, 
0x8A, 0xFF, 0xF3, 0xC9, 0xC0, 0xD0, 0xFF, 0x6B, 0x00, 0x3E, 0xFF, 0xBB, 0x0F, 0x00, 0x00, 0x40, 
0xFF, 0x6C, 0x00, 0x80, 0xFF, 0x49, 0x00, 0x00, 0x00, 0x40, 0xFF, 0x6C, 0x00, 0x77, 0xFF, 0x54, 
0x00, 0x00, 0x00, 0x40, 0xFF, 0x6C, 0x00, 0x27, 0xFB, 0xD6, 0x2D, 0x00, 0x00, 0x40, 0xFF, 0x6C, 
0x00, 0x00, 0x47, 0xD2, 0xFF, 0xED, 0xE4, 0xEB, 0xFF, 0x6C, 0x00, 0x00, 0x0A, 0xB5, 0xFB, 0x9E, 
0x7D, 0x9D, 0xFF, 0x6C, 0x00, 0x00, 0x8D, 0xFF, 0x53, 0x00, 0x00, 0x40, 0xFF, 0x6C, 0x00, 0x0F, 
0xF4, 0xCE, 0x00, 0x00, 0x00, 0x40, 0xFF, 0x6C, 0x00, 0x68, 0xFF, 0x6C, 0x00, 0x00, 0x00, 0x40, 
0xFF, 0x6C, 0x00, 0xCA, 0xFA, 0x13, 0x00, 0x00, 0x00, 0x40, 0xFF, 0x6C, 0x1C, 0xFF, 0xAA, 0x00, 
0x00, 0x00, 0x00, 0x3C, 0xFF, 0x67, 0x00, 0x0C, 0x02, 0x00, 0x00, 0x00, 0x00, 0x00, 0x0C, 0x01, 
0x00, 0x00, 0x12, 0x53, 0x71, 0x65, 0x24, 0x00, 0x00, 0x00, 0x65, 0xF7, 0xF7, 0xDD, 0xF8, 0xFD, 
0x5B, 0x00, 0x00, 0x71, 0x5B, 0x07, 0x00, 0x15, 0xD9, 0xE5, 0x00, 0x00, 0x00, 0x00, 0x00, 0x00, 
0x00, 0x89, 0xFF, 0x10, 0x00, 0x00, 0x00, 0x31, 0x53, 0x66, 0xB1, 0xFF, 0x1C, 0x00, 0x3A, 0xD9, 
0xF9, 0xD0, 0xC0, 0xDF, 0xFF, 0x1C, 0x01, 0xE2, 0xDC, 0x19, 0x00, 0x00, 0x7C, 0xFF, 0x1C, 0x0E, 
0xFF, 0x98, 0x00, 0x00, 0x00, 0x8F, 0xFF, 0x1C, 0x00, 0xDE, 0xE6, 0x3C, 0x20, 0x81, 0xFC, 0xFF, 
0x1C, 0x00, 0x3B, 0xE1, 0xFF, 0xFF, 0xC8, 0x6A, 0xFF, 0x18, 0x00, 0x00, 0x03, 0x20, 0x1D, 0x00, 
0x00, 0x09, 0x00, 0x00, 0x00, 0x00, 0x00, 0x1C, 0x49, 0x73, 0x9D, 0x27, 0x00, 0x01, 0x71, 0xDF, 
0xFF, 0xFF, 0xFF, 0xE7, 0x2D, 0x00, 0x8B, 0xFF, 0xBB, 0x6D, 0x3E, 0x13, 0x00, 0x00, 0x1D, 0xFD, 
0x87, 0x00, 0x00, 0x00, 0x00, 0x00, 0x00, 0x72, 0xFB, 0x0F, 0x03, 0x26, 0x26, 0x02, 0x00, 0x00, 
0xA8, 0xD1, 0x60, 0xE8, 0xFF, 0xFF, 0xE3, 0x44, 0x00, 0xCF, 0xF5, 0xF0, 0x6B, 0x2A, 0x4E, 0xEC, 
0xF0, 0x0F, 0xDE, 0xED, 0x2A, 0x00, 0x00, 0x00, 0x5B, 0xFF, 0x6E, 0xE8, 0xC9, 0x00, 0x00, 0x00, 
0x00, 0x13, 0xFF, 0x97, 0xE0, 0xD7, 0x00, 0x00, 0x00, 0x00, 0x04, 0xFF, 0xA9, 0xC3, 0xF0, 0x03, 
0x00, 0x00, 0x00, 0x20, 0xFF, 0x8C, 0x86, 0xFF, 0x43, 0x00, 0x00, 0x00, 0x7E, 0xFF, 0x41, 0x1E, 
0xF5, 0xE7, 0x4F, 0x34, 0x7B, 0xFB, 0xB5, 0x00, 0x00, 0x40, 0xDB, 0xFF, 0xFF, 0xF8, 0x99, 0x0A, 
0x00, 0x00, 0x00, 0x00, 0x1E, 0x29, 0x0A, 0x00, 0x00, 0x00, 0x0A, 0x52, 0x64, 0x69, 0x5E, 0x2A, 
0x00, 0x00, 0x74, 0xFF, 0xD6, 0xCC, 0xE5, 0xFF, 0xA7, 0x03, 0x80, 0xFF, 0x10, 0x00, 0x00, 0x7F, 
0xFF, 0x3B, 0x80, 0xFF, 0x10, 0x00, 0x00, 0x55, 0xFF, 0x39, 0x80, 0xFF, 0x71, 0x69, 0x84, 0xE5, 
0x90, 0x00, 0x80, 0xFF, 0xB5, 0xB1, 0xC6, 0xFB, 0xBD, 0x16, 0x80, 0xFF, 0x10, 0x00, 0x00, 0x34, 
0xFF, 0x91, 0x80, 0xFF, 0x10, 0x00, 0x00, 0x05, 0xFB, 0xAE, 0x80, 0xFF, 0x34, 0x1A, 0x30, 0xA0, 
0xFF, 0x5E, 0x58, 0xFD, 0xFF, 0xFF, 0xFF, 0xE2, 0x6F, 0x00, 0x00, 0x08, 0x19, 0x1E, 0x11, 0x00, 
0x00, 0x00, 0x14, 0x48, 0x48, 0x48, 0x48, 0x2B, 0x7D, 0xFF, 0xFF, 0xFF, 0xFF, 0xB4, 0x80, 0xFF, 
0x3F, 0x28, 0x28, 0x16, 0x80, 0xFF, 0x1C, 0x00, 0x00, 0x00, 0x80, 0xFF, 0x1C, 0x00, 0x00, 0x00, 
0x80, 0xFF, 0x1C, 0x00, 0x00, 0x00, 0x80, 0xFF, 0x1C, 0x00, 0x00, 0x00, 0x80, 0xFF, 0x1C, 0x00, 
0x00, 0x00, 0x80, 0xFF, 0x1C, 0x00, 0x00, 0x00, 0x7C, 0xFF, 0x18, 0x00, 0x00, 0x00, 0x02, 0x0B, 
0x00, 0x00, 0x00, 0x00, 0x00, 0x00, 0x00, 0x1D, 0x48, 0x48, 0x48, 0x48, 0x45, 0x06, 0x00, 0x00, 
0x00, 0x00, 0xA2, 0xFF, 0xFF, 0xFF, 0xFF, 0xFF, 0x44, 0x00, 0x00, 0x00, 0x00, 0xC4, 0xD0, 0x0C, 
0x0C, 0x5F, 0xFF, 0x48, 0x00, 0x00, 0x00, 0x00, 0xEC, 0xA9, 0x00, 0x00, 0x58, 0xFF, 0x48, 0x00, 
0x00, 0x00, 0x1A, 0xFF, 0x7D, 0x00, 0x00, 0x58, 0xFF, 0x48, 0x00, 0x00, 0x00, 0x54, 0xFF, 0x46, 
0x00, 0x00, 0x58, 0xFF, 0x48, 0x00, 0x00, 0x00, 0x9F, 0xF5, 0x0A, 0x00, 0x00, 0x58, 0xFF, 0x48, 
0x00, 0x00, 0x17, 0xF5, 0x98, 0x00, 0x00, 0x00, 0x58, 0xFF, 0x48, 0x00, 0x43, 0xB9, 0xFD, 0x72, 
0x60, 0x60, 0x60, 0x97, 0xFF, 0x8D, 0x4B, 0xC7, 0xFF, 0xFF, 0xFF, 0xFF, 0xFF, 0xFF, 0xFF, 0xFF, 
0xFF, 0xDF, 0xC8, 0x98, 0x00, 0x00, 0x00, 0x00, 0x00, 0x00, 0x00, 0x7C, 0xE0, 0xC8, 0x98, 0x00, 
0x00, 0x00, 0x00, 0x00, 0x00, 0x00, 0x7C, 0xE0, 0xC7, 0x97, 0x00, 0x00, 0x00, 0x00, 0x00, 0x00, 
0x00, 0x7B, 0xDF, 0x21, 0x17, 0x00, 0x00, 0x00, 0x00, 0x00, 0x00, 0x00, 0x12, 0x26, 0x00, 0x00, 
0x00, 0x26, 0x67, 0x6F, 0x41, 0x01, 0x00, 0x00, 0x00, 0x8F, 0xFE, 0xE8, 0xDC, 0xFE, 0xBF, 0x0B, 
0x00, 0x64, 0xFF, 0x72, 0x00, 0x00, 0x4F, 0xFF, 0x7B, 0x00, 0xD1, 0xD1, 0x00, 0x00, 0x00, 0x00, 
0xC3, 0xD6, 0x07, 0xFE, 0xD3, 0x80, 0x80, 0x80, 0x80, 0xD3, 0xF7, 0x13, 0xFF, 0xE2, 0xB0, 0xB0, 
0xB0, 0xB0, 0xB0, 0x91, 0x05, 0xFC, 0xB1, 0x00, 0x00, 0x00, 0x00, 0x00, 0x00, 0x00, 0xC9, 0xEE, 
0x0D, 0x00, 0x00, 0x00, 0x00, 0x00, 0x00, 0x4F, 0xFF, 0xC6, 0x49, 0x27, 0x3A, 0x7D, 0x70, 0x00, 
0x00, 0x5C, 0xE3, 0xFF, 0xFF, 0xFF, 0xDB, 0x52, 0x00, 0x00, 0x00, 0x00, 0x1F, 0x2A, 0x13, 0x00, 
0x00, 0x00, 0x50, 0x30, 0x00, 0x00, 0x00, 0x47, 0x34, 0x00, 0x00, 0x00, 0x3C, 0x40, 0x00, 0x00, 
0xD5, 0xE4, 0x03, 0x00, 0x00, 0xEC, 0xB4, 0x00, 0x00, 0x15, 0xF9, 0xA0, 0x00, 0x00, 0x6B, 0xFF, 
0x4A, 0x00, 0x00, 0xEC, 0xB4, 0x00, 0x00, 0x75, 0xFF, 0x34, 0x00, 0x00, 0x0C, 0xEC, 0xB9, 0x00, 
0x00, 0xEC, 0xB4, 0x00, 0x0A, 0xE1, 0xBF, 0x00, 0x00, 0x00, 0x00, 0x53, 0xF8, 0xAC, 0x72, 0xF4, 
0xD5, 0x76, 0xCA, 0xE7, 0x28, 0x00, 0x00, 0x00, 0x00, 0x25, 0xCE, 0xF9, 0xDF, 0xFD, 0xF5, 0xE3, 
0xFE, 0xB2, 0x11, 0x00, 0x00, 0x00, 0x09, 0xDE, 0xD2, 0x16, 0x00, 0xEC, 0xB4, 0x00, 0x36, 0xF4, 
0xB3, 0x00, 0x00, 0x00, 0x6F, 0xFF, 0x47, 0x00, 0x00, 0xEC, 0xB4, 0x00, 0x00, 0x89, 0xFF, 0x36, 
0x00, 0x02, 0xDC, 0xDA, 0x01, 0x00, 0x00, 0xEC, 0xB4, 0x00, 0x00, 0x1F, 0xFD, 0xA7, 0x00, 0x46, 
0xFF, 0x6E, 0x00, 0x00, 0x00, 0xE8, 0xB0, 0x00, 0x00, 0x00, 0xAE, 0xFB, 0x12, 0x01, 0x0C, 0x00, 
0x00, 0x00, 0x00, 0x08, 0x04, 0x00, 0x00, 0x00, 0x02, 0x0C, 0x00, 0x00, 0x03, 0x40, 0x6C, 0x68, 
0x37, 0x00, 0x00, 0x07, 0xD8, 0xFA, 0xD8, 0xE7, 0xFF, 0xA2, 0x00, 0x0C, 0x7A, 0x12, 0x00, 0x01, 
0x9E, 0xFF, 0x21, 0x00, 0x00, 0x00, 0x00, 0x00, 0x7D, 0xFE, 0x1E, 0x00, 0x00, 0x62, 0x6E, 0x97, 
0xF2, 0x78, 0x00, 0x00, 0x03, 0xCA, 0xD6, 0xF2, 0xEE, 0x83, 0x01, 0x00, 0x00, 0x00, 0x00, 0x05, 
0x85, 0xFF, 0x59, 0x00, 0x00, 0x00, 0x00, 0x00, 0x31, 0xFF, 0x8A, 0x39, 0xAF, 0x49, 0x21, 0x32, 
0xBB, 0xFE, 0x43, 0x13, 0xBB, 0xFE, 0xFF, 0xFF, 0xE5, 0x60, 0x00, 0x00, 0x00, 0x10, 0x2A, 0x1A, 
0x01, 0x00, 0x00, 0x22, 0x50, 0x03, 0x00, 0x00, 0x00, 0x09, 0x52, 0x13, 0x80, 0xFF, 0x1C, 0x00, 
0x00, 0x00, 0xA2, 0xFF, 0x50, 0x80, 0xFF, 0x1C, 0x00, 0x00, 0x5D, 0xFF, 0xFF, 0x50, 0x80, 0xFF, 
0x1C, 0x00, 0x25, 0xF3, 0xC9, 0xFF, 0x50, 0x80, 0xFF, 0x1C, 0x06, 0xCD, 0xD2, 0x52, 0xFF, 0x50, 
0x80, 0xFF, 0x1C, 0x8F, 0xF5, 0x2A, 0x4C, 0xFF, 0x50, 0x80, 0xFF, 0x5F, 0xFE, 0x64, 0x00, 0x4C, 
0xFF, 0x50, 0x80, 0xFF, 0xEA, 0xA9, 0x00, 0x00, 0x4C, 0xFF, 0x50, 0x80, 0xFF, 0xDE, 0x0F, 0x00, 
0x00, 0x4C, 0xFF, 0x50, 0x7C, 0xF9, 0x36, 0x00, 0x00, 0x00, 0x48, 0xFF, 0x4B, 0x02, 0x08, 0x00, 
0x00, 0x00, 0x00, 0x00, 0x0C, 0x00, 0x00, 0x3D, 0x74, 0x00, 0x00, 0x02, 0x7F, 0x32, 0x00, 0x00, 
0x6A, 0xFE, 0x1E, 0x00, 0x34, 0xFF, 0x55, 0x00, 0x00, 0x11, 0xDF, 0xEA, 0xB9, 0xEF, 0xD3, 0x08, 
0x00, 0x00, 0x00, 0x0B, 0x5B, 0x76, 0x56, 0x07, 0x00, 0x00, 0x22, 0x50, 0x03, 0x00, 0x00, 0x00, 
0x09, 0x52, 0x13, 0x80, 0xFF, 0x1C, 0x00, 0x00, 0x00, 0xA2, 0xFF, 0x50, 0x80, 0xFF, 0x1C, 0x00, 
0x00, 0x5D, 0xFF, 0xFF, 0x50, 0x80, 0xFF, 0x1C, 0x00, 0x25, 0xF3, 0xC9, 0xFF, 0x50, 0x80, 0xFF, 
0x1C, 0x06, 0xCD, 0xD2, 0x52, 0xFF, 0x50, 0x80, 0xFF, 0x1C, 0x8F, 0xF5, 0x2A, 0x4C, 0xFF, 0x50, 
0x80, 0xFF, 0x5F, 0xFE, 0x64, 0x00, 0x4C, 0xFF, 0x50, 0x80, 0xFF, 0xEA, 0xA9, 0x00, 0x00, 0x4C, 
0xFF, 0x50, 0x80, 0xFF, 0xDE, 0x0F, 0x00, 0x00, 0x4C, 0xFF, 0x50, 0x7C, 0xF9, 0x36, 0x00, 0x00, 
0x00, 0x48, 0xFF, 0x4B, 0x02, 0x08, 0x00, 0x00, 0x00, 0x00, 0x00, 0x0C, 0x00, 0x23, 0x52, 0x05, 
0x00, 0x00, 0x12, 0x54, 0x16, 0x80, 0xFF, 0x1C, 0x00, 0x00, 0x8C, 0xFE, 0x25, 0x80, 0xFF, 0x1C, 
0x00, 0x08, 0xEC, 0xB5, 0x00, 0x80, 0xFF, 0x1C, 0x00, 0x6C, 0xFF, 0x40, 0x00, 0x80, 0xFF, 0x80, 
0x91, 0xF8, 0x8D, 0x00, 0x00, 0x80, 0xFF, 0xE0, 0xF4, 0xE9, 0x4E, 0x00, 0x00, 0x80, 0xFF, 0x1C, 
0x07, 0xA2, 0xFB, 0x35, 0x00, 0x80, 0xFF, 0x1C, 0x00, 0x12, 0xF4, 0xB8, 0x00, 0x80, 0xFF, 0x1C, 
0x00, 0x00, 0x9B, 0xFE, 0x28, 0x7C, 0xFE, 0x19, 0x00, 0x00, 0x31, 0xFE, 0x8D, 0x02, 0x0A, 0x00, 
0x00, 0x00, 0x00, 0x09, 0x04, 0x00, 0x00, 0x00, 0x28, 0x48, 0x48, 0x48, 0x48, 0x23, 0x00, 0x00, 
0x00, 0xCC, 0xFF, 0xFF, 0xFF, 0xFF, 0xB4, 0x00, 0x00, 0x00, 0xED, 0xA5, 0x14, 0x14, 0xE9, 0xB8, 
0x00, 0x00, 0x10, 0xFF, 0x80, 0x00, 0x00, 0xE8, 0xB8, 0x00, 0x00, 0x38, 0xFF, 0x59, 0x00, 0x00, 
0xE8, 0xB8, 0x00, 0x00, 0x68, 0xFF, 0x28, 0x00, 0x00, 0xE8, 0xB8, 0x00, 0x00, 0xAD, 0xEA, 0x01, 
0x00, 0x00, 0xE8, 0xB8, 0x00, 0x19, 0xF6, 0x9A, 0x00, 0x00, 0x00, 0xE8, 0xB8, 0x3F, 0xC9, 0xF8, 
0x29, 0x00, 0x00, 0x00, 0xE8, 0xB8, 0xC4, 0xEF, 0x55, 0x00, 0x00, 0x00, 0x00, 0xE4, 0xB3, 0x18, 
0x06, 0x00, 0x00, 0x00, 0x00, 0x00, 0x08, 0x05, 0x00, 0x00, 0x34, 0x43, 0x0A, 0x00, 0x00, 0x00, 
0x00, 0x24, 0x47, 0x14, 0x00, 0x00, 0x15, 0xFE, 0xFF, 0x98, 0x00, 0x00, 0x00, 0x0E, 0xF2, 0xFF, 
0x9C, 0x00, 0x00, 0x37, 0xFF, 0xCF, 0xEF, 0x06, 0x00, 0x00, 0x5F, 0xF6, 0xD4, 0xBF, 0x00, 0x00, 
0x55, 0xFF, 0x67, 0xFF, 0x4F, 0x00, 0x00, 0xB9, 0xAD, 0xB3, 0xDD, 0x00, 0x00, 0x72, 0xFF, 0x1B, 
0xDE, 0xA8, 0x00, 0x16, 0xFC, 0x59, 0x9C, 0xF9, 0x01, 0x00, 0x90, 0xFA, 0x02, 0x87, 0xF5, 0x0A, 
0x6B, 0xF4, 0x0A, 0x7E, 0xFF, 0x19, 0x00, 0xAE, 0xDE, 0x00, 0x30, 0xFF, 0x52, 0xC1, 0xA4, 0x00, 
0x5E, 0xFF, 0x38, 0x00, 0xCC, 0xBF, 0x00, 0x00, 0xD8, 0xB0, 0xFB, 0x49, 0x00, 0x3E, 0xFF, 0x56, 
0x00, 0xE9, 0xA0, 0x00, 0x00, 0x81, 0xFF, 0xEA, 0x04, 0x00, 0x1E, 0xFF, 0x74, 0x05, 0xFE, 0x7E, 
0x00, 0x00, 0x28, 0xFD, 0x90, 0x00, 0x00, 0x02, 0xF8, 0x8A, 0x00, 0x0B, 0x02, 0x00, 0x00, 0x00, 
0x0A, 0x01, 0x00, 0x00, 0x00, 0x0B, 0x03, 0x22, 0x52, 0x04, 0x00, 0x00, 0x00, 0x1A, 0x54, 0x0A, 
0x80, 0xFF, 0x1C, 0x00, 0x00, 0x00, 0x68, 0xFF, 0x34, 0x80, 0xFF, 0x1C, 0x00, 0x00, 0x00, 0x68, 
0xFF, 0x34, 0x80, 0xFF, 0x1C, 0x00, 0x00, 0x00, 0x68, 0xFF, 0x34, 0x80, 0xFF, 0x83, 0x74, 0x74, 
0x74, 0xAC, 0xFF, 0x34, 0x80, 0xFF, 0xE7, 0xE4, 0xE4, 0xE4, 0xEF, 0xFF, 0x34, 0x80, 0xFF, 0x1C, 
0x00, 0x00, 0x00, 0x68, 0xFF, 0x34, 0x80, 0xFF, 0x1C, 0x00, 0x00, 0x00, 0x68, 0xFF, 0x34, 0x80, 
0xFF, 0x1C, 0x00, 0x00, 0x00, 0x68, 0xFF, 0x34, 0x7C, 0xFF, 0x18, 0x00, 0x00, 0x00, 0x64, 0xFF, 
0x2F, 0x02, 0x0B, 0x00, 0x00, 0x00, 0x00, 0x01, 0x0C, 0x00, 0x00, 0x00, 0x00, 0x21, 0x62, 0x72, 
0x56, 0x10, 0x00, 0x00, 0x00, 0x00, 0x88, 0xFD, 0xFD, 0xE9, 0xFE, 0xF0, 0x4B, 0x00, 0x00, 0x63, 
0xFF, 0x9C, 0x0C, 0x00, 0x2E, 0xE5, 0xF2, 0x17, 0x00, 0xD4, 0xE6, 0x06, 0x00, 0x00, 0x00, 0x62, 
0xFF, 0x6E, 0x0D, 0xFF, 0xA7, 0x00, 0x00, 0x00, 0x00, 0x1F, 0xFF, 0x9D, 0x1B, 0xFF, 0x96, 0x00, 
0x00, 0x00, 0x00, 0x0F, 0xFF, 0xA6, 0x0B, 0xFE, 0xAF, 0x00, 0x00, 0x00, 0x00, 0x2A, 0xFF, 0x8C, 
0x00, 0xD0, 0xF5, 0x13, 0x00, 0x00, 0x00, 0x85, 0xFF, 0x47, 0x00, 0x59, 0xFF, 0xD1, 0x49, 0x3B, 
0x84, 0xFD, 0xBC, 0x01, 0x00, 0x00, 0x66, 0xEA, 0xFF, 0xFF, 0xF8, 0x9E, 0x0C, 0x00, 0x00, 0x00, 
0x00, 0x02, 0x22, 0x28, 0x0A, 0x00, 0x00, 0x00, 0x14, 0x48, 0x48, 0x48, 0x48, 0x48, 0x48, 0x32, 
0x7D, 0xFF, 0xFF, 0xFF, 0xFF, 0xFF, 0xFF, 0xE8, 0x80, 0xFF, 0x2D, 0x14, 0x14, 0x14, 0xB9, 0xEC, 
0x80, 0xFF, 0x1C, 0x00, 0x00, 0x00, 0xB4, 0xEC, 0x80, 0xFF, 0x1C, 0x00, 0x00, 0x00, 0xB4, 0xEC, 
0x80, 0xFF, 0x1C, 0x00, 0x00, 0x00, 0xB4, 0xEC, 0x80, 0xFF, 0x1C, 0x00, 0x00, 0x00, 0xB4, 0xEC, 
0x80, 0xFF, 0x1C, 0x00, 0x00, 0x00, 0xB4, 0xEC, 0x80, 0xFF, 0x1C, 0x00, 0x00, 0x00, 0xB4, 0xEC, 
0x7C, 0xFF, 0x18, 0x00, 0x00, 0x00, 0xB0, 0xE7, 0x02, 0x0A, 0x00, 0x00, 0x00, 0x00, 0x04, 0x08, 
0x23, 0x46, 0x00, 0x1A, 0x64, 0x6B, 0x27, 0x00, 0x00, 0x80, 0xE8, 0x64, 0xF6, 0xF3, 0xFD, 0xFC, 
0x64, 0x00, 0x80, 0xFD, 0xF1, 0x53, 0x00, 0x21, 0xE3, 0xF3, 0x0D, 0x80, 0xFF, 0x49, 0x00, 0x00, 
0x00, 0x6C, 0xFF, 0x5B, 0x80, 0xFF, 0x1C, 0x00, 0x00, 0x00, 0x34, 0xFF, 0x7E, 0x80, 0xFF, 0x1C, 
0x00, 0x00, 0x00, 0x26, 0xFF, 0x89, 0x80, 0xFF, 0x1C, 0x00, 0x00, 0x00, 0x40, 0xFF, 0x6C, 0x80, 
0xFF, 0x74, 0x00, 0x00, 0x00, 0x93, 0xFF, 0x3E, 0x80, 0xFF, 0xFC, 0x93, 0x3D, 0x75, 0xFD, 0xCB, 
0x01, 0x80, 0xFF, 0x58, 0xE0, 0xFF, 0xFF, 0xC0, 0x1B, 0x00, 0x80, 0xFF, 0x1C, 0x03, 0x27, 0x19, 
0x00, 0x00, 0x00, 0x80, 0xFF, 0x1C, 0x00, 0x00, 0x00, 0x00, 0x00, 0x00, 0x80, 0xFF, 0x1C, 0x00, 
0x00, 0x00, 0x00, 0x00, 0x00, 0x3E, 0x8A, 0x0A, 0x00, 0x00, 0x00, 0x00, 0x00, 0x00, 0x00, 0x00, 
0x00, 0x32, 0x6C, 0x69, 0x28, 0x00, 0x00, 0x04, 0xA6, 0xFF, 0xF8, 0xF8, 0xFE, 0x7C, 0x00, 0x76, 
0xFF, 0x84, 0x06, 0x04, 0x5D, 0x9C, 0x00, 0xDE, 0xDE, 0x02, 0x00, 0x00, 0x00, 0x00, 0x0E, 0xFF, 
0xA6, 0x00, 0x00, 0x00, 0x00, 0x00, 0x1C, 0xFF, 0x96, 0x00, 0x00, 0x00, 0x00, 0x00, 0x0D, 0xFF, 
0xAE, 0x00, 0x00, 0x00, 0x00, 0x00, 0x00, 0xD8, 0xF0, 0x0C, 0x00, 0x00, 0x00, 0x27, 0x00, 0x67, 
0xFF, 0xC4, 0x50, 0x4E, 0xAC, 0xCB, 0x00, 0x00, 0x7C, 0xF4, 0xFF, 0xFF, 0xD6, 0x44, 0x00, 0x00, 
0x00, 0x08, 0x28, 0x1D, 0x00, 0x00, 0x37, 0x48, 0x48, 0x48, 0x48, 0x48, 0x48, 0x24, 0xE2, 0xFF, 
0xFF, 0xFF, 0xFF, 0xFF, 0xFF, 0x9D, 0x21, 0x2C, 0x2C, 0xF2, 0xBA, 0x2C, 0x2C, 0x15, 0x00, 0x00, 
0x00, 0xF0, 0xAC, 0x00, 0x00, 0x00, 0x00, 0x00, 0x00, 0xF0, 0xAC, 0x00, 0x00, 0x00, 0x00, 0x00, 
0x00, 0xF0, 0xAC, 0x00, 0x00, 0x00, 0x00, 0x00, 0x00, 0xF0, 0xAC, 0x00, 0x00, 0x00, 0x00, 0x00, 
0x00, 0xF0, 0xAC, 0x00, 0x00, 0x00, 0x00, 0x00, 0x00, 0xF0, 0xAC, 0x00, 0x00, 0x00, 0x00, 0x00, 
0x00, 0xEC, 0xA7, 0x00, 0x00, 0x00, 0x00, 0x00, 0x00, 0x08, 0x04, 0x00, 0x00, 0x00, 0x2F, 0x4E, 
0x01, 0x00, 0x00, 0x00, 0x00, 0x45, 0x32, 0x82, 0xFF, 0x40, 0x00, 0x00, 0x00, 0x20, 0xFF, 0x90, 
0x24, 0xFF, 0x9B, 0x00, 0x00, 0x00, 0x77, 0xFF, 0x35, 0x00, 0xC4, 0xEF, 0x07, 0x00, 0x00, 0xCF, 
0xD8, 0x00, 0x00, 0x64, 0xFF, 0x51, 0x00, 0x26, 0xFF, 0x7C, 0x00, 0x00, 0x0E, 0xF6, 0xAC, 0x00, 
0x7E, 0xFE, 0x21, 0x00, 0x00, 0x00, 0xA5, 0xF7, 0x0F, 0xD5, 0xC3, 0x00, 0x00, 0x00, 0x00, 0x46, 
0xFF, 0x8E, 0xFF, 0x67, 0x00, 0x00, 0x00, 0x00, 0x02, 0xE3, 0xFE, 0xF9, 0x11, 0x00, 0x00, 0x00, 
0x00, 0x00, 0x82, 0xFF, 0xAE, 0x00, 0x00, 0x00, 0x00, 0x00, 0x00, 0x63, 0xFF, 0x51, 0x00, 0x00, 
0x00, 0x00, 0x00, 0x00, 0xC7, 0xEE, 0x06, 0x00, 0x00, 0x00, 0x00, 0x00, 0x2B, 0xFF, 0x97, 0x00, 
0x00, 0x00, 0x00, 0x00, 0x00, 0x34, 0x8B, 0x21, 0x00, 0x00, 0x00, 0x00, 0x00, 0x00, 0x00, 0x00, 
0x00, 0x3C, 0x73, 0x03, 0x00, 0x00, 0x00, 0x00, 0x00, 0x00, 0x00, 0x00, 0x00, 0x90, 0xFF, 0x0C, 
0x00, 0x00, 0x00, 0x00, 0x00, 0x00, 0x00, 0x00, 0x00, 0x90, 0xFF, 0x0C, 0x00, 0x00, 0x00, 0x00, 
0x00, 0x00, 0x00, 0x00, 0x00, 0x90, 0xFF, 0x0C, 0x00, 0x00, 0x00, 0x00, 0x00, 0x00, 0x00, 0x0F, 
0x53, 0xC1, 0xFF, 0x70, 0x3A, 0x02, 0x00, 0x00, 0x00, 0x00, 0x6C, 0xF4, 0xFF, 0xF9, 0xFF, 0xF9, 
0xFF, 0xD2, 0x2A, 0x00, 0x00, 0x5D, 0xFF, 0xA4, 0x18, 0x90, 0xFF, 0x13, 0x53, 0xEE, 0xE3, 0x0D, 
0x00, 0xDE, 0xD9, 0x03, 0x00, 0x90, 0xFF, 0x0C, 0x00, 0x65, 0xFF, 0x67, 0x1E, 0xFF, 0x93, 0x00, 
0x00, 0x90, 0xFF, 0x0C, 0x00, 0x19, 0xFF, 0x9F, 0x2F, 0xFF, 0x80, 0x00, 0x00, 0x90, 0xFF, 0x0C, 
0x00, 0x05, 0xFF, 0xA9, 0x1A, 0xFF, 0x9C, 0x00, 0x00, 0x90, 0xFF, 0x0C, 0x00, 0x23, 0xFF, 0x8B, 
0x00, 0xD7, 0xEF, 0x13, 0x00, 0x90, 0xFF, 0x0C, 0x00, 0x8B, 0xFF, 0x3A, 0x00, 0x4B, 0xFD, 0xDD, 
0x63, 0xA7, 0xFF, 0x4B, 0x97, 0xFF, 0x9E, 0x00, 0x00, 0x00, 0x45, 0xCD, 0xFF, 0xFF, 0xFF, 0xFF, 
0xE6, 0x76, 0x02, 0x00, 0x00, 0x00, 0x00, 0x00, 0x13, 0xA2, 0xFF, 0x2A, 0x02, 0x00, 0x00, 0x00, 
0x00, 0x00, 0x00, 0x00, 0x00, 0x90, 0xFF, 0x0C, 0x00, 0x00, 0x00, 0x00, 0x00, 0x00, 0x00, 0x00, 
0x00, 0x90, 0xFF, 0x0C, 0x00, 0x00, 0x00, 0x00, 0x00, 0x00, 0x00, 0x00, 0x00, 0x47, 0x88, 0x03, 
0x00, 0x00, 0x00, 0x00, 0x1C, 0x54, 0x18, 0x00, 0x00, 0x00, 0x27, 0x51, 0x03, 0x29, 0xFA, 0xBD, 
0x00, 0x00, 0x0C, 0xE3, 0xC9, 0x01, 0x00, 0x84, 0xFF, 0x5B, 0x00, 0x8F, 0xFB, 0x2F, 0x00, 0x00, 
0x08, 0xDA, 0xE8, 0x41, 0xFC, 0x88, 0x00, 0x00, 0x00, 0x00, 0x42, 0xFF, 0xFA, 0xDD, 0x09, 0x00, 
0x00, 0x00, 0x00, 0x0A, 0xEA, 0xFF, 0xA3, 0x00, 0x00, 0x00, 0x00, 0x00, 0x8C, 0xFA, 0xB9, 0xFE, 
0x3C, 0x00, 0x00, 0x00, 0x32, 0xFC, 0x8A, 0x14, 0xED, 0xD5, 0x06, 0x00, 0x04, 0xCE, 0xE4, 0x0C, 
0x00, 0x67, 0xFF, 0x7C, 0x00, 0x6A, 0xFF, 0x55, 0x00, 0x00, 0x02, 0xC7, 0xF7, 0x18, 0x04, 0x0A, 
0x00, 0x00, 0x00, 0x00, 0x02, 0x0D, 0x00, 0x22, 0x52, 0x04, 0x00, 0x00, 0x00, 0x31, 0x47, 0x00, 
0x00, 0x80, 0xFF, 0x1C, 0x00, 0x00, 0x00, 0xB0, 0xF0, 0x00, 0x00, 0x80, 0xFF, 0x1C, 0x00, 0x00, 
0x00, 0xB0, 0xF0, 0x00, 0x00, 0x80, 0xFF, 0x1C, 0x00, 0x00, 0x00, 0xB0, 0xF0, 0x00, 0x00, 0x80, 
0xFF, 0x1C, 0x00, 0x00, 0x00, 0xB0, 0xF0, 0x00, 0x00, 0x80, 0xFF, 0x1C, 0x00, 0x00, 0x00, 0xB0, 
0xF0, 0x00, 0x00, 0x80, 0xFF, 0x1C, 0x00, 0x00, 0x00, 0xB0, 0xF0, 0x00, 0x00, 0x80, 0xFF, 0x1C, 
0x00, 0x00, 0x00, 0xB0, 0xF0, 0x00, 0x00, 0x80, 0xFF, 0x75, 0x64, 0x64, 0x64, 0xCF, 0xF6, 0x64, 
0x2D, 0x6E, 0xFF, 0xFF, 0xFF, 0xFF, 0xFF, 0xFF, 0xFF, 0xFF, 0x8B, 0x00, 0x00, 0x00, 0x00, 0x00, 
0x00, 0x00, 0x00, 0xD0, 0x8C, 0x00, 0x00, 0x00, 0x00, 0x00, 0x00, 0x00, 0x00, 0xD0, 0x8C, 0x00, 
0x00, 0x00, 0x00, 0x00, 0x00, 0x00, 0x00, 0xCF, 0x8B, 0x00, 0x00, 0x00, 0x00, 0x00, 0x00, 0x00, 
0x00, 0x21, 0x13, 0x16, 0x54, 0x0E, 0x00, 0x00, 0x00, 0x36, 0x42, 0x5C, 0xFF, 0x44, 0x00, 0x00, 
0x00, 0xBC, 0xE0, 0x5C, 0xFF, 0x44, 0x00, 0x00, 0x00, 0xBC, 0xE0, 0x5A, 0xFF, 0x47, 0x00, 0x00, 
0x00, 0xBC, 0xE0, 0x44, 0xFF, 0x76, 0x00, 0x00, 0x00, 0xC1, 0xE0, 0x05, 0xDB, 0xF8, 0xA6, 0xA2, 
0xD8, 0xFF, 0xE0, 0x00, 0x15, 0x8F, 0xB9, 0xAD, 0x79, 0xCD, 0xE0, 0x00, 0x00, 0x00, 0x00, 0x00, 
0x00, 0xBC, 0xE0, 0x00, 0x00, 0x00, 0x00, 0x00, 0x00, 0xBC, 0xE0, 0x00, 0x00, 0x00, 0x00, 0x00, 
0x00, 0xB8, 0xDB, 0x00, 0x00, 0x00, 0x00, 0x00, 0x00, 0x05, 0x07, 0x22, 0x52, 0x04, 0x00, 0x00, 
0x23, 0x50, 0x01, 0x00, 0x00, 0x25, 0x50, 0x02, 0x80, 0xFF, 0x1C, 0x00, 0x00, 0x80, 0xFF, 0x10, 
0x00, 0x00, 0x88, 0xFF, 0x14, 0x80, 0xFF, 0x1C, 0x00, 0x00, 0x80, 0xFF, 0x10, 0x00, 0x00, 0x88, 
0xFF, 0x14, 0x80, 0xFF, 0x1C, 0x00, 0x00, 0x80, 0xFF, 0x10, 0x00, 0x00, 0x88, 0xFF, 0x14, 0x80, 
0xFF, 0x1C, 0x00, 0x00, 0x80, 0xFF, 0x10, 0x00, 0x00, 0x88, 0xFF, 0x14, 0x80, 0xFF, 0x1C, 0x00, 
0x00, 0x80, 0xFF, 0x10, 0x00, 0x00, 0x88, 0xFF, 0x14, 0x80, 0xFF, 0x1C, 0x00, 0x00, 0x80, 0xFF, 
0x10, 0x00, 0x00, 0x88, 0xFF, 0x14, 0x80, 0xFF, 0x1C, 0x00, 0x00, 0x80, 0xFF, 0x10, 0x00, 0x00, 
0x88, 0xFF, 0x14, 0x80, 0xFF, 0x75, 0x64, 0x64, 0xB2, 0xFF, 0x6D, 0x64, 0x64, 0xB6, 0xFF, 0x14, 
0x6E, 0xFF, 0xFF, 0xFF, 0xFF, 0xFF, 0xFF, 0xFF, 0xFF, 0xFF, 0xFF, 0xF5, 0x0B, 0x22, 0x52, 0x04, 
0x00, 0x00, 0x22, 0x50, 0x01, 0x00, 0x00, 0x25, 0x50, 0x02, 0x00, 0x80, 0xFF, 0x1C, 0x00, 0x00, 
0x80, 0xFF, 0x10, 0x00, 0x00, 0x88, 0xFF, 0x14, 0x00, 0x80, 0xFF, 0x1C, 0x00, 0x00, 0x80, 0xFF, 
0x10, 0x00, 0x00, 0x88, 0xFF, 0x14, 0x00, 0x80, 0xFF, 0x1C, 0x00, 0x00, 0x80, 0xFF, 0x10, 0x00, 
0x00, 0x88, 0xFF, 0x14, 0x00, 0x80, 0xFF, 0x1C, 0x00, 0x00, 0x80, 0xFF, 0x10, 0x00, 0x00, 0x88, 
0xFF, 0x14, 0x00, 0x80, 0xFF, 0x1C, 0x00, 0x00, 0x80, 0xFF, 0x10, 0x00, 0x00, 0x88, 0xFF, 0x14, 
0x00, 0x80, 0xFF, 0x1C, 0x00, 0x00, 0x80, 0xFF, 0x10, 0x00, 0x00, 0x88, 0xFF, 0x14, 0x00, 0x80, 
0xFF, 0x1C, 0x00, 0x00, 0x80, 0xFF, 0x10, 0x00, 0x00, 0x88, 0xFF, 0x14, 0x00, 0x80, 0xFF, 0x75, 
0x64, 0x64, 0xB2, 0xFF, 0x6D, 0x64, 0x64, 0xB6, 0xFF, 0x70, 0x3A, 0x6E, 0xFF, 0xFF, 0xFF, 0xFF, 
0xFF, 0xFF, 0xFF, 0xFF, 0xFF, 0xFF, 0xFF, 0xFF, 0xAB, 0x00, 0x00, 0x00, 0x00, 0x00, 0x00, 0x00, 
0x00, 0x00, 0x00, 0x00, 0x00, 0xAC, 0xAC, 0x00, 0x00, 0x00, 0x00, 0x00, 0x00, 0x00, 0x00, 0x00, 
0x00, 0x00, 0x00, 0xAC, 0xAC, 0x00, 0x00, 0x00, 0x00, 0x00, 0x00, 0x00, 0x00, 0x00, 0x00, 0x00, 
0x00, 0xAC, 0xAB, 0x00, 0x00, 0x00, 0x00, 0x00, 0x00, 0x00, 0x00, 0x00, 0x00, 0x00, 0x00, 0x1C, 
0x1C, 0x35, 0x48, 0x48, 0x48, 0x17, 0x00, 0x00, 0x00, 0x00, 0x00, 0x00, 0xE0, 0xFF, 0xFF, 0xFF, 
0x81, 0x00, 0x00, 0x00, 0x00, 0x00, 0x00, 0x20, 0x2C, 0x3F, 0xFF, 0x84, 0x00, 0x00, 0x00, 0x00, 
0x00, 0x00, 0x00, 0x00, 0x18, 0xFF, 0x84, 0x00, 0x00, 0x00, 0x00, 0x00, 0x00, 0x00, 0x00, 0x18, 
0xFF, 0xF9, 0xFC, 0xFA, 0xDD, 0x8D, 0x0D, 0x00, 0x00, 0x00, 0x18, 0xFF, 0xB0, 0x53, 0x5E, 0xA0, 
0xFF, 0xAE, 0x00, 0x00, 0x00, 0x18, 0xFF, 0x84, 0x00, 0x00, 0x00, 0xB6, 0xFD, 0x0B, 0x00, 0x00, 
0x18, 0xFF, 0x84, 0x00, 0x00, 0x00, 0xAC, 0xFB, 0x09, 0x00, 0x00, 0x18, 0xFF, 0x9E, 0x29, 0x2F, 
0x74, 0xFC, 0xB3, 0x00, 0x00, 0x00, 0x07, 0xEA, 0xFF, 0xFF, 0xFF, 0xF5, 0x9B, 0x0F, 0x00, 0x00, 
0x00, 0x00, 0x06, 0x20, 0x2B, 0x21, 0x04, 0x00, 0x00, 0x00, 0x22, 0x50, 0x02, 0x00, 0x00, 0x00, 
0x00, 0x00, 0x00, 0x3A, 0x3D, 0x80, 0xFF, 0x1C, 0x00, 0x00, 0x00, 0x00, 0x00, 0x00, 0xC8, 0xD4, 
0x80, 0xFF, 0x1C, 0x00, 0x00, 0x00, 0x00, 0x00, 0x00, 0xC8, 0xD4, 0x80, 0xFF, 0x1C, 0x00, 0x00, 
0x00, 0x00, 0x00, 0x00, 0xC8, 0xD4, 0x80, 0xFF, 0xF8, 0xFD, 0xEF, 0xBB, 0x43, 0x00, 0x00, 0xC8, 
0xD4, 0x80, 0xFF, 0x6A, 0x54, 0x73, 0xE0, 0xFB, 0x32, 0x00, 0xC8, 0xD4, 0x80, 0xFF, 0x1C, 0x00, 
0x00, 0x3D, 0xFF, 0x7C, 0x00, 0xC8, 0xD4, 0x80, 0xFF, 0x1C, 0x00, 0x00, 0x33, 0xFF, 0x78, 0x00, 
0xC8, 0xD4, 0x80, 0xFF, 0x48, 0x27, 0x45, 0xCA, 0xFB, 0x2D, 0x00, 0xC8, 0xD4, 0x5B, 0xFE, 0xFF, 
0xFF, 0xFF, 0xD2, 0x48, 0x00, 0x00, 0xC4, 0xCF, 0x00, 0x12, 0x26, 0x28, 0x13, 0x00, 0x00, 0x00, 
0x00, 0x06, 0x06, 0x22, 0x51, 0x04, 0x00, 0x00, 0x00, 0x00, 0x00, 0x80, 0xFF, 0x1C, 0x00, 0x00, 
0x00, 0x00, 0x00, 0x80, 0xFF, 0x1C, 0x00, 0x00, 0x00, 0x00, 0x00, 0x80, 0xFF, 0x1C, 0x00, 0x00, 
0x00, 0x00, 0x00, 0x80, 0xFF, 0xF7, 0xFE, 0xF3, 0xC7, 0x60, 0x00, 0x80, 0xFF, 0x6B, 0x53, 0x6A, 
0xCD, 0xFF, 0x63, 0x80, 0xFF, 0x1C, 0x00, 0x00, 0x0F, 0xFB, 0xB4, 0x80, 0xFF, 0x1C, 0x00, 0x00, 
0x07, 0xF8, 0xB0, 0x80, 0xFF, 0x48, 0x27, 0x3D, 0xAF, 0xFF, 0x5E, 0x5B, 0xFE, 0xFF, 0xFF, 0xFF, 
0xDE, 0x67, 0x00, 0x00, 0x12, 0x26, 0x29, 0x17, 0x00, 0x00, 0x00, 0x00, 0x02, 0x3D, 0x6B, 0x68, 
0x26, 0x00, 0x00, 0x0B, 0xCE, 0xFB, 0xDC, 0xF6, 0xFE, 0x8C, 0x00, 0x1A, 0x96, 0x14, 0x00, 0x08, 
0xA2, 0xFF, 0x5A, 0x00, 0x00, 0x00, 0x00, 0x00, 0x0A, 0xEE, 0xC2, 0x00, 0x19, 0x60, 0x60, 0x60, 
0x60, 0xD7, 0xEF, 0x00, 0x44, 0xD8, 0xD8, 0xD8, 0xD8, 0xF2, 0xF5, 0x00, 0x00, 0x00, 0x00, 0x00, 
0x00, 0xC5, 0xDC, 0x01, 0x02, 0x00, 0x00, 0x00, 0x1A, 0xF6, 0x9C, 0x39, 0xC9, 0x52, 0x26, 0x41, 
0xCB, 0xF9, 0x2A, 0x0C, 0xA8, 0xFB, 0xFF, 0xFF, 0xDB, 0x44, 0x00, 0x00, 0x00, 0x0C, 0x29, 0x1E, 
0x00, 0x00, 0x00, 0x22, 0x52, 0x04, 0x00, 0x00, 0x00, 0x1B, 0x60, 0x72, 0x55, 0x0E, 0x00, 0x00, 
0x80, 0xFF, 0x1C, 0x00, 0x00, 0x66, 0xF5, 0xF8, 0xE7, 0xFE, 0xEB, 0x3B, 0x00, 0x80, 0xFF, 0x1C, 
0x00, 0x39, 0xFD, 0xB1, 0x0E, 0x00, 0x31, 0xEA, 0xE7, 0x09, 0x80, 0xFF, 0x1C, 0x00, 0xA6, 0xF6, 
0x12, 0x00, 0x00, 0x00, 0x74, 0xFF, 0x54, 0x80, 0xFF, 0x7C, 0x6C, 0xE8, 0xC9, 0x00, 0x00, 0x00, 
0x00, 0x38, 0xFF, 0x82, 0x80, 0xFF, 0xDF, 0xDC, 0xFD, 0xB9, 0x00, 0x00, 0x00, 0x00, 0x2C, 0xFF, 
0x8A, 0x80, 0xFF, 0x1C, 0x00, 0xD4, 0xCE, 0x00, 0x00, 0x00, 0x00, 0x46, 0xFF, 0x6D, 0x80, 0xFF, 
0x1C, 0x00, 0xA4, 0xFD, 0x1E, 0x00, 0x00, 0x00, 0x9B, 0xFF, 0x27, 0x80, 0xFF, 0x1C, 0x00, 0x2E, 
0xFC, 0xD4, 0x48, 0x3A, 0x88, 0xFE, 0x9D, 0x00, 0x7C, 0xFF, 0x18, 0x00, 0x00, 0x4A, 0xE2, 0xFF, 
0xFF, 0xF5, 0x8D, 0x05, 0x00, 0x02, 0x0B, 0x00, 0x00, 0x00, 0x00, 0x01, 0x21, 0x28, 0x09, 0x00, 
0x00, 0x00, 0x00, 0x00, 0x00, 0x33, 0x54, 0x60, 0x56, 0x2E, 0x00, 0x24, 0xD5, 0xFC, 0xE0, 0xD8, 
0xF5, 0xF5, 0x00, 0xC5, 0xE6, 0x20, 0x00, 0x00, 0xA0, 0xFC, 0x00, 0xE9, 0xB4, 0x00, 0x00, 0x00, 
0xA0, 0xFC, 0x00, 0xA0, 0xF8, 0x65, 0x26, 0x20, 0xAC, 0xFC, 0x00, 0x06, 0x7E, 0xFE, 0xFF, 0xFF, 
0xFF, 0xFC, 0x00, 0x0A, 0xD5, 0xD6, 0x33, 0x0D, 0xA4, 0xFC, 0x00, 0x7E, 0xFF, 0x38, 0x00, 0x00, 
0xA0, 0xFC, 0x06, 0xE9, 0xC7, 0x00, 0x00, 0x00, 0xA0, 0xFC, 0x55, 0xFF, 0x58, 0x00, 0x00, 0x00, 
0x9C, 0xF8, 0x02, 0x0C, 0x00, 0x00, 0x00, 0x00, 0x04, 0x09, 0x00, 0x00, 0x54, 0xC1, 0x1B, 0x07, 
0xB9, 0x6F, 0x00, 0x00, 0x00, 0x7A, 0xFC, 0x2A, 0x0E, 0xF6, 0x9B, 0x00, 0x00, 0x00, 0x00, 0x05, 
0x00, 0x00, 0x04, 0x00, 0x00, 0x00, 0x00, 0x00, 0x26, 0x67, 0x6F, 0x41, 0x01, 0x00, 0x00, 0x00, 
0x8F, 0xFE, 0xE8, 0xDC, 0xFE, 0xBF, 0x0B, 0x00, 0x64, 0xFF, 0x72, 0x00, 0x00, 0x4F, 0xFF, 0x7B, 
0x00, 0xD1, 0xD1, 0x00, 0x00, 0x00, 0x00, 0xC3, 0xD6, 0x07, 0xFE, 0xD3, 0x80, 0x80, 0x80, 0x80, 
0xD3, 0xF7, 0x13, 0xFF, 0xE2, 0xB0, 0xB0, 0xB0, 0xB0, 0xB0, 0x91, 0x05, 0xFC, 0xB1, 0x00, 0x00, 
0x00, 0x00, 0x00, 0x00, 0x00, 0xC9, 0xEE, 0x0D, 0x00, 0x00, 0x00, 0x00, 0x00, 0x00, 0x4F, 0xFF, 
0xC6, 0x49, 0x27, 0x3A, 0x7D, 0x70, 0x00, 0x00, 0x5C, 0xE3, 0xFF, 0xFF, 0xFF, 0xDB, 0x52, 0x00, 
0x00, 0x00, 0x00, 0x1F, 0x2A, 0x13, 0x00, 0x00, 0x00, 0x00, 0x00, 0x00, 0x00, 0x00, 0x00, 0x00, 
0x00, 0x00, 0x00, 0x00, 0x00, 0x00, 0x00, 0x00, 0x00, 0x08, 0x4F, 0x50, 0x50, 0x50, 0x50, 0x50, 
0x50, 0x4D, 0x03, 0x35, 0xFF, 0xFF, 0xFF, 0xFF, 0xFF, 0xFF, 0xFF, 0xFF, 0x1F, 0x00, 0x13, 0x14, 
0x14, 0x14, 0x14, 0x14, 0x14, 0x11, 0x00, 0x00, 0x00, 0x00, 0x00, 0x00, 0x00, 0x00, 0x00, 0x1D, 
0xEA, 0x62, 0x00, 0x00, 0x00, 0x00, 0x00, 0x00, 0x00, 0x01, 0xBD, 0xBF, 0x02, 0x00, 0x00, 0x00, 
0x00, 0x00, 0x00, 0x00, 0x72, 0xF0, 0x1E, 0x00, 0x00, 0x00, 0x00, 0x00, 0x00, 0x00, 0x2C, 0xF8, 
0x5C, 0x00, 0x00, 0x00, 0x00, 0x00, 0x00, 0x00, 0x06, 0xD0, 0xA9, 0x00, 0x00, 0x00, 0x00, 0x00, 
0x00, 0x00, 0x00, 0x89, 0xE4, 0x12, 0x00, 0x00, 0x00, 0x00, 0x00, 0x00, 0x00, 0x3D, 0xFC, 0x45, 
0x00, 0x00, 0x00, 0x00, 0x00, 0x00, 0x00, 0x0E, 0xDF, 0x91, 0x00, 0x00, 0x00, 0x00, 0x00, 0x00, 
0x00, 0x00, 0xA1, 0xD5, 0x08, 0x00, 0x00, 0x00, 0x00, 0x00, 0x00, 0x00, 0x53, 0xFA, 0x31, 0x00, 
0x00, 0x00, 0x00, 0x00, 0x00, 0x00, 0x19, 0xEC, 0x78, 0x00, 0x00, 0x00, 0x00, 0x00, 0x00, 0x00, 
0x00, 0xB7, 0xC3, 0x02, 0x00, 0x00, 0x00, 0x00, 0x00, 0x00, 0x00, 0x6A, 0xF2, 0x20, 0x00, 0x00, 
0x00, 0x00, 0x00, 0x00, 0x00, 0x00, 0x3D, 0x30, 0x00, 0x00, 0x00, 0x00, 0x00, 0x00, 0x00, 0x00, 
0x00, 0x00, 0x1A, 0x87, 0x9D, 0x59, 0x03, 0x00, 0x00, 0x1B, 0x00, 0x0B, 0xE8, 0xE6, 0xC8, 0xFD, 
0xD6, 0x84, 0xB0, 0xF4, 0x07, 0x00, 0x5C, 0x09, 0x00, 0x26, 0xA5, 0xE3, 0xC8, 0x42, 0x00, 0x00, 
0x00, 0x01, 0x09, 0x00, 0x00, 0x00, 0x00, 0x00, 0x00, 0x00, 0x6E, 0xEE, 0xFF, 0xC5, 0x44, 0x00, 
0x1F, 0x81, 0x01, 0x0C, 0xED, 0x88, 0x60, 0xBC, 0xFF, 0xEC, 0xFC, 0xCA, 0x05, 0x00, 0x03, 0x00, 
0x00, 0x00, 0x3C, 0x7A, 0x5F, 0x06, 0x00, 0x00, 0x00, 0x00, 0x00, 0x00, 0x00, 0x21, 0x74, 0x02, 
0x00, 0x00, 0x00, 0x00, 0x00, 0x00, 0x00, 0xB6, 0xBE, 0x00, 0x00, 0x00, 0x33, 0x38, 0x38, 0x38, 
0x5E, 0xFF, 0x6B, 0x31, 0x00, 0x08, 0xFF, 0xFF, 0xFF, 0xFF, 0xFF, 0xFF, 0xFF, 0xFD, 0x04, 0x00, 
0x22, 0x28, 0x28, 0x63, 0xFE, 0x49, 0x28, 0x21, 0x00, 0x00, 0x00, 0x00, 0x00, 0xC6, 0xA7, 0x00, 
0x00, 0x00, 0x00, 0x01, 0x67, 0x6C, 0x8A, 0xFF, 0x8E, 0x6C, 0x6C, 0x65, 0x00, 0x07, 0xEE, 0xF4, 
0xFF, 0xF8, 0xF4, 0xF4, 0xF4, 0xEB, 0x03, 0x00, 0x00, 0x58, 0xF9, 0x1F, 0x00, 0x00, 0x00, 0x00, 
0x00, 0x00, 0x04, 0xDC, 0x90, 0x00, 0x00, 0x00, 0x00, 0x00, 0x00, 0x00, 0x04, 0x4E, 0x0D, 0x00, 
0x00, 0x00, 0x00, 0x00, 0x00, 0x00, 0x08, 0x7A, 0x43, 0x61, 0x6C, 0x69, 0x62, 0x72, 0x69, 0x00, 
0x08, 0x7A, 0x43, 0x61, 0x6C, 0x69, 0x62, 0x72, 0x69, 0x01};