const uint8_t  zCalibriItalic16[] PROGMEM = {
0x00, 0x00, 0x00, 0xC7, 0x00, 0x00, 0x00, 0x0B, 0x00, 0x00, 0x00, 0x10, 0x00, 0x00, 0x00, 0x00, 
0x00, 0x00, 0x00, 0x0B, 0x00, 0x00, 0x00, 0x03, 0x00, 0x00, 0x00, 0x00, 0x00, 0x00, 0x00, 0x01, 
0x00, 0x00, 0x00, 0x01, 0x00, 0x00, 0x00, 0x00, 0x00, 0x00, 0x00, 0x20, 0xFF, 0xFF, 0xFF, 0xF0, 
0x00, 0x00, 0x00, 0x00, 0x00, 0x00, 0x00, 0x00, 0x00, 0x00, 0x00, 0x01, 0x00, 0x00, 0x00, 0x01, 
0x00, 0x00, 0x00, 0x00, 0x00, 0x00, 0x00, 0x20, 0xFF, 0xFF, 0xFF, 0xF0, 0x00, 0x00, 0x00, 0x00, 
0x00, 0x00, 0x00, 0x09, 0x00, 0x00, 0x00, 0x01, 0x00, 0x00, 0x00, 0x01, 0x00, 0x00, 0x00, 0x00, 
0x00, 0x00, 0x00, 0x20, 0xFF, 0xFF, 0xFF, 0xF0, 0x00, 0x00, 0x00, 0x00, 0x00, 0x00, 0x00, 0x0A, 
0x00, 0x00, 0x00, 0x01, 0x00, 0x00, 0x00, 0x01, 0x00, 0x00, 0x00, 0x00, 0x00, 0x00, 0x00, 0x20, 
0xFF, 0xFF, 0xFF, 0xF0, 0x00, 0x00, 0x00, 0x00, 0x00, 0x00, 0x00, 0x0D, 0x00, 0x00, 0x00, 0x01, 
0x00, 0x00, 0x00, 0x01, 0x00, 0x00, 0x00, 0x00, 0x00, 0x00, 0x00, 0x20, 0xFF, 0xFF, 0xFF, 0xF0, 
0x00, 0x00, 0x00, 0x00, 0x00, 0x00, 0x00, 0x1D, 0x00, 0x00, 0x00, 0x01, 0x00, 0x00, 0x00, 0x01, 
0x00, 0x00, 0x00, 0x00, 0x00, 0x00, 0x00, 0x20, 0xFF, 0xFF, 0xFF, 0xF0, 0x00, 0x00, 0x00, 0x00, 
0x00, 0x00, 0x00, 0x20, 0x00, 0x00, 0x00, 0x01, 0x00, 0x00, 0x00, 0x01, 0x00, 0x00, 0x00, 0x04, 
0x00, 0x00, 0x00, 0x20, 0xFF, 0xFF, 0xFF, 0xF0, 0x00, 0x00, 0x00, 0x00, 0x00, 0x00, 0x00, 0x21, 
0x00, 0x00, 0x00, 0x0B, 0x00, 0x00, 0x00, 0x05, 0x00, 0x00, 0x00, 0x05, 0x00, 0x00, 0x00, 0x0B, 
0x00, 0x00, 0x00, 0x01, 0x00, 0x00, 0x00, 0x00, 0x00, 0x00, 0x00, 0x22, 0x00, 0x00, 0x00, 0x04, 
0x00, 0x00, 0x00, 0x04, 0x00, 0x00, 0x00, 0x06, 0x00, 0x00, 0x00, 0x0B, 0x00, 0x00, 0x00, 0x02, 
0x00, 0x00, 0x00, 0x00, 0x00, 0x00, 0x00, 0x23, 0x00, 0x00, 0x00, 0x0A, 0x00, 0x00, 0x00, 0x09, 
0x00, 0x00, 0x00, 0x08, 0x00, 0x00, 0x00, 0x0A, 0xFF, 0xFF, 0xFF, 0xFF, 0x00, 0x00, 0x00, 0x00, 
0x00, 0x00, 0x00, 0x24, 0x00, 0x00, 0x00, 0x0E, 0x00, 0x00, 0x00, 0x08, 0x00, 0x00, 0x00, 0x08, 
0x00, 0x00, 0x00, 0x0C, 0x00, 0x00, 0x00, 0x00, 0x00, 0x00, 0x00, 0x00, 0x00, 0x00, 0x00, 0x25, 
0x00, 0x00, 0x00, 0x0C, 0x00, 0x00, 0x00, 0x0C, 0x00, 0x00, 0x00, 0x0B, 0x00, 0x00, 0x00, 0x0B, 
0x00, 0x00, 0x00, 0x00, 0x00, 0x00, 0x00, 0x00, 0x00, 0x00, 0x00, 0x26, 0x00, 0x00, 0x00, 0x0A, 
0x00, 0x00, 0x00, 0x09, 0x00, 0x00, 0x00, 0x0B, 0x00, 0x00, 0x00, 0x0A, 0x00, 0x00, 0x00, 0x01, 
0x00, 0x00, 0x00, 0x00, 0x00, 0x00, 0x00, 0x27, 0x00, 0x00, 0x00, 0x04, 0x00, 0x00, 0x00, 0x02, 
0x00, 0x00, 0x00, 0x04, 0x00, 0x00, 0x00, 0x0B, 0x00, 0x00, 0x00, 0x02, 0x00, 0x00, 0x00, 0x00, 
0x00, 0x00, 0x00, 0x28, 0x00, 0x00, 0x00, 0x0E, 0x00, 0x00, 0x00, 0x05, 0x00, 0x00, 0x00, 0x05, 
0x00, 0x00, 0x00, 0x0B, 0x00, 0x00, 0x00, 0x01, 0x00, 0x00, 0x00, 0x00, 0x00, 0x00, 0x00, 0x29, 
0x00, 0x00, 0x00, 0x0E, 0x00, 0x00, 0x00, 0x05, 0x00, 0x00, 0x00, 0x05, 0x00, 0x00, 0x00, 0x0B, 
0xFF, 0xFF, 0xFF, 0xFF, 0x00, 0x00, 0x00, 0x00, 0x00, 0x00, 0x00, 0x2A, 0x00, 0x00, 0x00, 0x06, 
0x00, 0x00, 0x00, 0x07, 0x00, 0x00, 0x00, 0x08, 0x00, 0x00, 0x00, 0x0B, 0x00, 0x00, 0x00, 0x02, 
0x00, 0x00, 0x00, 0x00, 0x00, 0x00, 0x00, 0x2B, 0x00, 0x00, 0x00, 0x07, 0x00, 0x00, 0x00, 0x06, 
0x00, 0x00, 0x00, 0x08, 0x00, 0x00, 0x00, 0x08, 0x00, 0x00, 0x00, 0x01, 0x00, 0x00, 0x00, 0x00, 
0x00, 0x00, 0x00, 0x2C, 0x00, 0x00, 0x00, 0x04, 0x00, 0x00, 0x00, 0x04, 0x00, 0x00, 0x00, 0x04, 
0x00, 0x00, 0x00, 0x02, 0xFF, 0xFF, 0xFF, 0xFE, 0x00, 0x00, 0x00, 0x00, 0x00, 0x00, 0x00, 0x2E, 
0x00, 0x00, 0x00, 0x02, 0x00, 0x00, 0x00, 0x02, 0x00, 0x00, 0x00, 0x04, 0x00, 0x00, 0x00, 0x02, 
0x00, 0x00, 0x00, 0x01, 0x00, 0x00, 0x00, 0x00, 0x00, 0x00, 0x00, 0x2F, 0x00, 0x00, 0x00, 0x0D, 
0x00, 0x00, 0x00, 0x0A, 0x00, 0x00, 0x00, 0x06, 0x00, 0x00, 0x00, 0x0B, 0xFF, 0xFF, 0xFF, 0xFE, 
0x00, 0x00, 0x00, 0x00, 0x00, 0x00, 0x00, 0x30, 0x00, 0x00, 0x00, 0x0A, 0x00, 0x00, 0x00, 0x09, 
0x00, 0x00, 0x00, 0x08, 0x00, 0x00, 0x00, 0x0A, 0x00, 0x00, 0x00, 0x00, 0x00, 0x00, 0x00, 0x00, 
0x00, 0x00, 0x00, 0x31, 0x00, 0x00, 0x00, 0x0A, 0x00, 0x00, 0x00, 0x07, 0x00, 0x00, 0x00, 0x08, 
0x00, 0x00, 0x00, 0x0A, 0x00, 0x00, 0x00, 0x00, 0x00, 0x00, 0x00, 0x00, 0x00, 0x00, 0x00, 0x32, 
0x00, 0x00, 0x00, 0x0A, 0x00, 0x00, 0x00, 0x08, 0x00, 0x00, 0x00, 0x08, 0x00, 0x00, 0x00, 0x0A, 
0x00, 0x00, 0x00, 0x00, 0x00, 0x00, 0x00, 0x00, 0x00, 0x00, 0x00, 0x33, 0x00, 0x00, 0x00, 0x0A, 
0x00, 0x00, 0x00, 0x08, 0x00, 0x00, 0x00, 0x08, 0x00, 0x00, 0x00, 0x0A, 0x00, 0x00, 0x00, 0x00, 
0x00, 0x00, 0x00, 0x00, 0x00, 0x00, 0x00, 0x34, 0x00, 0x00, 0x00, 0x0A, 0x00, 0x00, 0x00, 0x08, 
0x00, 0x00, 0x00, 0x08, 0x00, 0x00, 0x00, 0x0A, 0x00, 0x00, 0x00, 0x00, 0x00, 0x00, 0x00, 0x00, 
0x00, 0x00, 0x00, 0x35, 0x00, 0x00, 0x00, 0x0A, 0x00, 0x00, 0x00, 0x08, 0x00, 0x00, 0x00, 0x08, 
0x00, 0x00, 0x00, 0x0A, 0x00, 0x00, 0x00, 0x00, 0x00, 0x00, 0x00, 0x00, 0x00, 0x00, 0x00, 0x36, 
0x00, 0x00, 0x00, 0x0A, 0x00, 0x00, 0x00, 0x09, 0x00, 0x00, 0x00, 0x08, 0x00, 0x00, 0x00, 0x0A, 
0x00, 0x00, 0x00, 0x00, 0x00, 0x00, 0x00, 0x00, 0x00, 0x00, 0x00, 0x37, 0x00, 0x00, 0x00, 0x0A, 
0x00, 0x00, 0x00, 0x08, 0x00, 0x00, 0x00, 0x08, 0x00, 0x00, 0x00, 0x0A, 0x00, 0x00, 0x00, 0x01, 
0x00, 0x00, 0x00, 0x00, 0x00, 0x00, 0x00, 0x38, 0x00, 0x00, 0x00, 0x0A, 0x00, 0x00, 0x00, 0x08, 
0x00, 0x00, 0x00, 0x08, 0x00, 0x00, 0x00, 0x0A, 0x00, 0x00, 0x00, 0x00, 0x00, 0x00, 0x00, 0x00, 
0x00, 0x00, 0x00, 0x39, 0x00, 0x00, 0x00, 0x0A, 0x00, 0x00, 0x00, 0x08, 0x00, 0x00, 0x00, 0x08, 
0x00, 0x00, 0x00, 0x0A, 0x00, 0x00, 0x00, 0x00, 0x00, 0x00, 0x00, 0x00, 0x00, 0x00, 0x00, 0x3A, 
0x00, 0x00, 0x00, 0x07, 0x00, 0x00, 0x00, 0x05, 0x00, 0x00, 0x00, 0x04, 0x00, 0x00, 0x00, 0x07, 
0x00, 0x00, 0x00, 0x00, 0x00, 0x00, 0x00, 0x00, 0x00, 0x00, 0x00, 0x3B, 0x00, 0x00, 0x00, 0x09, 
0x00, 0x00, 0x00, 0x07, 0x00, 0x00, 0x00, 0x04, 0x00, 0x00, 0x00, 0x07, 0xFF, 0xFF, 0xFF, 0xFE, 
0x00, 0x00, 0x00, 0x00, 0x00, 0x00, 0x00, 0x3C, 0x00, 0x00, 0x00, 0x09, 0x00, 0x00, 0x00, 0x08, 
0x00, 0x00, 0x00, 0x08, 0x00, 0x00, 0x00, 0x09, 0x00, 0x00, 0x00, 0x00, 0x00, 0x00, 0x00, 0x00, 
0x00, 0x00, 0x00, 0x3D, 0x00, 0x00, 0x00, 0x04, 0x00, 0x00, 0x00, 0x09, 0x00, 0x00, 0x00, 0x08, 
0x00, 0x00, 0x00, 0x07, 0x00, 0x00, 0x00, 0x00, 0x00, 0x00, 0x00, 0x00, 0x00, 0x00, 0x00, 0x3E, 
0x00, 0x00, 0x00, 0x09, 0x00, 0x00, 0x00, 0x08, 0x00, 0x00, 0x00, 0x08, 0x00, 0x00, 0x00, 0x09, 
0x00, 0x00, 0x00, 0x00, 0x00, 0x00, 0x00, 0x00, 0x00, 0x00, 0x00, 0x3F, 0x00, 0x00, 0x00, 0x0B, 
0x00, 0x00, 0x00, 0x06, 0x00, 0x00, 0x00, 0x07, 0x00, 0x00, 0x00, 0x0B, 0x00, 0x00, 0x00, 0x02, 
0x00, 0x00, 0x00, 0x00, 0x00, 0x00, 0x00, 0x40, 0x00, 0x00, 0x00, 0x0C, 0x00, 0x00, 0x00, 0x0C, 
0x00, 0x00, 0x00, 0x0E, 0x00, 0x00, 0x00, 0x0A, 0x00, 0x00, 0x00, 0x01, 0x00, 0x00, 0x00, 0x00, 
0x00, 0x00, 0x00, 0x41, 0x00, 0x00, 0x00, 0x0A, 0x00, 0x00, 0x00, 0x0A, 0x00, 0x00, 0x00, 0x09, 
0x00, 0x00, 0x00, 0x0A, 0xFF, 0xFF, 0xFF, 0xFF, 0x00, 0x00, 0x00, 0x00, 0x00, 0x00, 0x00, 0x42, 
0x00, 0x00, 0x00, 0x0A, 0x00, 0x00, 0x00, 0x09, 0x00, 0x00, 0x00, 0x09, 0x00, 0x00, 0x00, 0x0A, 
0x00, 0x00, 0x00, 0x00, 0x00, 0x00, 0x00, 0x00, 0x00, 0x00, 0x00, 0x43, 0x00, 0x00, 0x00, 0x0A, 
0x00, 0x00, 0x00, 0x09, 0x00, 0x00, 0x00, 0x08, 0x00, 0x00, 0x00, 0x0A, 0x00, 0x00, 0x00, 0x00, 
0x00, 0x00, 0x00, 0x00, 0x00, 0x00, 0x00, 0x44, 0x00, 0x00, 0x00, 0x0A, 0x00, 0x00, 0x00, 0x0A, 
0x00, 0x00, 0x00, 0x0A, 0x00, 0x00, 0x00, 0x0A, 0x00, 0x00, 0x00, 0x00, 0x00, 0x00, 0x00, 0x00, 
0x00, 0x00, 0x00, 0x45, 0x00, 0x00, 0x00, 0x0A, 0x00, 0x00, 0x00, 0x09, 0x00, 0x00, 0x00, 0x08, 
0x00, 0x00, 0x00, 0x0A, 0x00, 0x00, 0x00, 0x00, 0x00, 0x00, 0x00, 0x00, 0x00, 0x00, 0x00, 0x46, 
0x00, 0x00, 0x00, 0x0A, 0x00, 0x00, 0x00, 0x08, 0x00, 0x00, 0x00, 0x07, 0x00, 0x00, 0x00, 0x0A, 
0x00, 0x00, 0x00, 0x00, 0x00, 0x00, 0x00, 0x00, 0x00, 0x00, 0x00, 0x47, 0x00, 0x00, 0x00, 0x0A, 
0x00, 0x00, 0x00, 0x0A, 0x00, 0x00, 0x00, 0x0A, 0x00, 0x00, 0x00, 0x0A, 0x00, 0x00, 0x00, 0x00, 
0x00, 0x00, 0x00, 0x00, 0x00, 0x00, 0x00, 0x48, 0x00, 0x00, 0x00, 0x0A, 0x00, 0x00, 0x00, 0x0A, 
0x00, 0x00, 0x00, 0x0A, 0x00, 0x00, 0x00, 0x0A, 0x00, 0x00, 0x00, 0x00, 0x00, 0x00, 0x00, 0x00, 
0x00, 0x00, 0x00, 0x49, 0x00, 0x00, 0x00, 0x0A, 0x00, 0x00, 0x00, 0x04, 0x00, 0x00, 0x00, 0x04, 
0x00, 0x00, 0x00, 0x0A, 0x00, 0x00, 0x00, 0x00, 0x00, 0x00, 0x00, 0x00, 0x00, 0x00, 0x00, 0x4A, 
0x00, 0x00, 0x00, 0x0A, 0x00, 0x00, 0x00, 0x06, 0x00, 0x00, 0x00, 0x05, 0x00, 0x00, 0x00, 0x0A, 
0xFF, 0xFF, 0xFF, 0xFF, 0x00, 0x00, 0x00, 0x00, 0x00, 0x00, 0x00, 0x4B, 0x00, 0x00, 0x00, 0x0A, 
0x00, 0x00, 0x00, 0x09, 0x00, 0x00, 0x00, 0x08, 0x00, 0x00, 0x00, 0x0A, 0x00, 0x00, 0x00, 0x00, 
0x00, 0x00, 0x00, 0x00, 0x00, 0x00, 0x00, 0x4C, 0x00, 0x00, 0x00, 0x0A, 0x00, 0x00, 0x00, 0x06, 
0x00, 0x00, 0x00, 0x07, 0x00, 0x00, 0x00, 0x0A, 0x00, 0x00, 0x00, 0x00, 0x00, 0x00, 0x00, 0x00, 
0x00, 0x00, 0x00, 0x4D, 0x00, 0x00, 0x00, 0x0A, 0x00, 0x00, 0x00, 0x0E, 0x00, 0x00, 0x00, 0x0E, 
0x00, 0x00, 0x00, 0x0A, 0x00, 0x00, 0x00, 0x00, 0x00, 0x00, 0x00, 0x00, 0x00, 0x00, 0x00, 0x4E, 
0x00, 0x00, 0x00, 0x0A, 0x00, 0x00, 0x00, 0x0B, 0x00, 0x00, 0x00, 0x0A, 0x00, 0x00, 0x00, 0x0A, 
0x00, 0x00, 0x00, 0x00, 0x00, 0x00, 0x00, 0x00, 0x00, 0x00, 0x00, 0x4F, 0x00, 0x00, 0x00, 0x0A, 
0x00, 0x00, 0x00, 0x0B, 0x00, 0x00, 0x00, 0x0A, 0x00, 0x00, 0x00, 0x0A, 0x00, 0x00, 0x00, 0x00, 
0x00, 0x00, 0x00, 0x00, 0x00, 0x00, 0x00, 0x50, 0x00, 0x00, 0x00, 0x0A, 0x00, 0x00, 0x00, 0x09, 
0x00, 0x00, 0x00, 0x08, 0x00, 0x00, 0x00, 0x0A, 0x00, 0x00, 0x00, 0x00, 0x00, 0x00, 0x00, 0x00, 
0x00, 0x00, 0x00, 0x51, 0x00, 0x00, 0x00, 0x0B, 0x00, 0x00, 0x00, 0x0B, 0x00, 0x00, 0x00, 0x0B, 
0x00, 0x00, 0x00, 0x0A, 0x00, 0x00, 0x00, 0x00, 0x00, 0x00, 0x00, 0x00, 0x00, 0x00, 0x00, 0x52, 
0x00, 0x00, 0x00, 0x0A, 0x00, 0x00, 0x00, 0x09, 0x00, 0x00, 0x00, 0x09, 0x00, 0x00, 0x00, 0x0A, 
0x00, 0x00, 0x00, 0x00, 0x00, 0x00, 0x00, 0x00, 0x00, 0x00, 0x00, 0x53, 0x00, 0x00, 0x00, 0x0A, 
0x00, 0x00, 0x00, 0x08, 0x00, 0x00, 0x00, 0x07, 0x00, 0x00, 0x00, 0x0A, 0x00, 0x00, 0x00, 0x00, 
0x00, 0x00, 0x00, 0x00, 0x00, 0x00, 0x00, 0x54, 0x00, 0x00, 0x00, 0x0A, 0x00, 0x00, 0x00, 0x08, 
0x00, 0x00, 0x00, 0x08, 0x00, 0x00, 0x00, 0x0A, 0x00, 0x00, 0x00, 0x01, 0x00, 0x00, 0x00, 0x00, 
0x00, 0x00, 0x00, 0x55, 0x00, 0x00, 0x00, 0x0A, 0x00, 0x00, 0x00, 0x0A, 0x00, 0x00, 0x00, 0x0A, 
0x00, 0x00, 0x00, 0x0A, 0x00, 0x00, 0x00, 0x01, 0x00, 0x00, 0x00, 0x00, 0x00, 0x00, 0x00, 0x56, 
0x00, 0x00, 0x00, 0x0A, 0x00, 0x00, 0x00, 0x09, 0x00, 0x00, 0x00, 0x09, 0x00, 0x00, 0x00, 0x0A, 
0x00, 0x00, 0x00, 0x01, 0x00, 0x00, 0x00, 0x00, 0x00, 0x00, 0x00, 0x57, 0x00, 0x00, 0x00, 0x0A, 
0x00, 0x00, 0x00, 0x0E, 0x00, 0x00, 0x00, 0x0E, 0x00, 0x00, 0x00, 0x0A, 0x00, 0x00, 0x00, 0x01, 
0x00, 0x00, 0x00, 0x00, 0x00, 0x00, 0x00, 0x58, 0x00, 0x00, 0x00, 0x0A, 0x00, 0x00, 0x00, 0x0A, 
0x00, 0x00, 0x00, 0x08, 0x00, 0x00, 0x00, 0x0A, 0xFF, 0xFF, 0xFF, 0xFF, 0x00, 0x00, 0x00, 0x00, 
0x00, 0x00, 0x00, 0x59, 0x00, 0x00, 0x00, 0x0A, 0x00, 0x00, 0x00, 0x08, 0x00, 0x00, 0x00, 0x08, 
0x00, 0x00, 0x00, 0x0A, 0x00, 0x00, 0x00, 0x01, 0x00, 0x00, 0x00, 0x00, 0x00, 0x00, 0x00, 0x5A, 
0x00, 0x00, 0x00, 0x0A, 0x00, 0x00, 0x00, 0x0A, 0x00, 0x00, 0x00, 0x08, 0x00, 0x00, 0x00, 0x0A, 
0xFF, 0xFF, 0xFF, 0xFF, 0x00, 0x00, 0x00, 0x00, 0x00, 0x00, 0x00, 0x5B, 0x00, 0x00, 0x00, 0x0E, 
0x00, 0x00, 0x00, 0x06, 0x00, 0x00, 0x00, 0x05, 0x00, 0x00, 0x00, 0x0B, 0x00, 0x00, 0x00, 0x00, 
0x00, 0x00, 0x00, 0x00, 0x00, 0x00, 0x00, 0x5C, 0x00, 0x00, 0x00, 0x0D, 0x00, 0x00, 0x00, 0x03, 
0x00, 0x00, 0x00, 0x06, 0x00, 0x00, 0x00, 0x0B, 0x00, 0x00, 0x00, 0x02, 0x00, 0x00, 0x00, 0x00, 
0x00, 0x00, 0x00, 0x5D, 0x00, 0x00, 0x00, 0x0E, 0x00, 0x00, 0x00, 0x06, 0x00, 0x00, 0x00, 0x05, 
0x00, 0x00, 0x00, 0x0B, 0xFF, 0xFF, 0xFF, 0xFF, 0x00, 0x00, 0x00, 0x00, 0x00, 0x00, 0x00, 0x5E, 
0x00, 0x00, 0x00, 0x06, 0x00, 0x00, 0x00, 0x07, 0x00, 0x00, 0x00, 0x08, 0x00, 0x00, 0x00, 0x0A, 
0x00, 0x00, 0x00, 0x00, 0x00, 0x00, 0x00, 0x00, 0x00, 0x00, 0x00, 0x5F, 0x00, 0x00, 0x00, 0x01, 
0x00, 0x00, 0x00, 0x09, 0x00, 0x00, 0x00, 0x08, 0xFF, 0xFF, 0xFF, 0xFE, 0xFF, 0xFF, 0xFF, 0xFE, 
0x00, 0x00, 0x00, 0x00, 0x00, 0x00, 0x00, 0x60, 0x00, 0x00, 0x00, 0x03, 0x00, 0x00, 0x00, 0x04, 
0x00, 0x00, 0x00, 0x05, 0x00, 0x00, 0x00, 0x0B, 0x00, 0x00, 0x00, 0x01, 0x00, 0x00, 0x00, 0x00, 
0x00, 0x00, 0x00, 0x61, 0x00, 0x00, 0x00, 0x07, 0x00, 0x00, 0x00, 0x08, 0x00, 0x00, 0x00, 0x08, 
0x00, 0x00, 0x00, 0x07, 0x00, 0x00, 0x00, 0x00, 0x00, 0x00, 0x00, 0x00, 0x00, 0x00, 0x00, 0x62, 
0x00, 0x00, 0x00, 0x0B, 0x00, 0x00, 0x00, 0x08, 0x00, 0x00, 0x00, 0x08, 0x00, 0x00, 0x00, 0x0B, 
0x00, 0x00, 0x00, 0x00, 0x00, 0x00, 0x00, 0x00, 0x00, 0x00, 0x00, 0x63, 0x00, 0x00, 0x00, 0x07, 
0x00, 0x00, 0x00, 0x07, 0x00, 0x00, 0x00, 0x07, 0x00, 0x00, 0x00, 0x07, 0x00, 0x00, 0x00, 0x00, 
0x00, 0x00, 0x00, 0x00, 0x00, 0x00, 0x00, 0x64, 0x00, 0x00, 0x00, 0x0B, 0x00, 0x00, 0x00, 0x09, 
0x00, 0x00, 0x00, 0x08, 0x00, 0x00, 0x00, 0x0B, 0x00, 0x00, 0x00, 0x00, 0x00, 0x00, 0x00, 0x00, 
0x00, 0x00, 0x00, 0x65, 0x00, 0x00, 0x00, 0x07, 0x00, 0x00, 0x00, 0x08, 0x00, 0x00, 0x00, 0x08, 
0x00, 0x00, 0x00, 0x07, 0x00, 0x00, 0x00, 0x00, 0x00, 0x00, 0x00, 0x00, 0x00, 0x00, 0x00, 0x66, 
0x00, 0x00, 0x00, 0x0E, 0x00, 0x00, 0x00, 0x09, 0x00, 0x00, 0x00, 0x05, 0x00, 0x00, 0x00, 0x0B, 
0xFF, 0xFF, 0xFF, 0xFE, 0x00, 0x00, 0x00, 0x00, 0x00, 0x00, 0x00, 0x67, 0x00, 0x00, 0x00, 0x0A, 
0x00, 0x00, 0x00, 0x08, 0x00, 0x00, 0x00, 0x08, 0x00, 0x00, 0x00, 0x07, 0x00, 0x00, 0x00, 0x00, 
0x00, 0x00, 0x00, 0x00, 0x00, 0x00, 0x00, 0x68, 0x00, 0x00, 0x00, 0x0B, 0x00, 0x00, 0x00, 0x08, 
0x00, 0x00, 0x00, 0x08, 0x00, 0x00, 0x00, 0x0B, 0x00, 0x00, 0x00, 0x00, 0x00, 0x00, 0x00, 0x00, 
0x00, 0x00, 0x00, 0x69, 0x00, 0x00, 0x00, 0x0A, 0x00, 0x00, 0x00, 0x04, 0x00, 0x00, 0x00, 0x04, 
0x00, 0x00, 0x00, 0x0A, 0x00, 0x00, 0x00, 0x00, 0x00, 0x00, 0x00, 0x00, 0x00, 0x00, 0x00, 0x6A, 
0x00, 0x00, 0x00, 0x0D, 0x00, 0x00, 0x00, 0x06, 0x00, 0x00, 0x00, 0x04, 0x00, 0x00, 0x00, 0x0A, 
0xFF, 0xFF, 0xFF, 0xFE, 0x00, 0x00, 0x00, 0x00, 0x00, 0x00, 0x00, 0x6B, 0x00, 0x00, 0x00, 0x0B, 
0x00, 0x00, 0x00, 0x08, 0x00, 0x00, 0x00, 0x07, 0x00, 0x00, 0x00, 0x0B, 0x00, 0x00, 0x00, 0x00, 
0x00, 0x00, 0x00, 0x00, 0x00, 0x00, 0x00, 0x6C, 0x00, 0x00, 0x00, 0x0B, 0x00, 0x00, 0x00, 0x04, 
0x00, 0x00, 0x00, 0x04, 0x00, 0x00, 0x00, 0x0B, 0x00, 0x00, 0x00, 0x00, 0x00, 0x00, 0x00, 0x00, 
0x00, 0x00, 0x00, 0x6D, 0x00, 0x00, 0x00, 0x07, 0x00, 0x00, 0x00, 0x0C, 0x00, 0x00, 0x00, 0x0D, 
0x00, 0x00, 0x00, 0x07, 0x00, 0x00, 0x00, 0x00, 0x00, 0x00, 0x00, 0x00, 0x00, 0x00, 0x00, 0x6E, 
0x00, 0x00, 0x00, 0x07, 0x00, 0x00, 0x00, 0x08, 0x00, 0x00, 0x00, 0x08, 0x00, 0x00, 0x00, 0x07, 
0x00, 0x00, 0x00, 0x00, 0x00, 0x00, 0x00, 0x00, 0x00, 0x00, 0x00, 0x6F, 0x00, 0x00, 0x00, 0x07, 
0x00, 0x00, 0x00, 0x08, 0x00, 0x00, 0x00, 0x08, 0x00, 0x00, 0x00, 0x07, 0x00, 0x00, 0x00, 0x00, 
0x00, 0x00, 0x00, 0x00, 0x00, 0x00, 0x00, 0x70, 0x00, 0x00, 0x00, 0x0A, 0x00, 0x00, 0x00, 0x09, 
0x00, 0x00, 0x00, 0x08, 0x00, 0x00, 0x00, 0x07, 0xFF, 0xFF, 0xFF, 0xFF, 0x00, 0x00, 0x00, 0x00, 
0x00, 0x00, 0x00, 0x71, 0x00, 0x00, 0x00, 0x0A, 0x00, 0x00, 0x00, 0x08, 0x00, 0x00, 0x00, 0x08, 
0x00, 0x00, 0x00, 0x07, 0x00, 0x00, 0x00, 0x00, 0x00, 0x00, 0x00, 0x00, 0x00, 0x00, 0x00, 0x72, 
0x00, 0x00, 0x00, 0x07, 0x00, 0x00, 0x00, 0x06, 0x00, 0x00, 0x00, 0x05, 0x00, 0x00, 0x00, 0x07, 
0x00, 0x00, 0x00, 0x00, 0x00, 0x00, 0x00, 0x00, 0x00, 0x00, 0x00, 0x73, 0x00, 0x00, 0x00, 0x07, 
0x00, 0x00, 0x00, 0x06, 0x00, 0x00, 0x00, 0x06, 0x00, 0x00, 0x00, 0x07, 0x00, 0x00, 0x00, 0x00, 
0x00, 0x00, 0x00, 0x00, 0x00, 0x00, 0x00, 0x74, 0x00, 0x00, 0x00, 0x09, 0x00, 0x00, 0x00, 0x06, 
0x00, 0x00, 0x00, 0x05, 0x00, 0x00, 0x00, 0x09, 0x00, 0x00, 0x00, 0x00, 0x00, 0x00, 0x00, 0x00, 
0x00, 0x00, 0x00, 0x75, 0x00, 0x00, 0x00, 0x07, 0x00, 0x00, 0x00, 0x08, 0x00, 0x00, 0x00, 0x08, 
0x00, 0x00, 0x00, 0x07, 0x00, 0x00, 0x00, 0x00, 0x00, 0x00, 0x00, 0x00, 0x00, 0x00, 0x00, 0x76, 
0x00, 0x00, 0x00, 0x07, 0x00, 0x00, 0x00, 0x08, 0x00, 0x00, 0x00, 0x07, 0x00, 0x00, 0x00, 0x07, 
0x00, 0x00, 0x00, 0x00, 0x00, 0x00, 0x00, 0x00, 0x00, 0x00, 0x00, 0x77, 0x00, 0x00, 0x00, 0x07, 
0x00, 0x00, 0x00, 0x0B, 0x00, 0x00, 0x00, 0x0B, 0x00, 0x00, 0x00, 0x07, 0x00, 0x00, 0x00, 0x01, 
0x00, 0x00, 0x00, 0x00, 0x00, 0x00, 0x00, 0x78, 0x00, 0x00, 0x00, 0x07, 0x00, 0x00, 0x00, 0x09, 
0x00, 0x00, 0x00, 0x07, 0x00, 0x00, 0x00, 0x07, 0xFF, 0xFF, 0xFF, 0xFF, 0x00, 0x00, 0x00, 0x00, 
0x00, 0x00, 0x00, 0x79, 0x00, 0x00, 0x00, 0x0A, 0x00, 0x00, 0x00, 0x08, 0x00, 0x00, 0x00, 0x07, 
0x00, 0x00, 0x00, 0x07, 0x00, 0x00, 0x00, 0x00, 0x00, 0x00, 0x00, 0x00, 0x00, 0x00, 0x00, 0x7A, 
0x00, 0x00, 0x00, 0x07, 0x00, 0x00, 0x00, 0x07, 0x00, 0x00, 0x00, 0x06, 0x00, 0x00, 0x00, 0x07, 
0x00, 0x00, 0x00, 0x00, 0x00, 0x00, 0x00, 0x00, 0x00, 0x00, 0x00, 0x7B, 0x00, 0x00, 0x00, 0x0E, 
0x00, 0x00, 0x00, 0x06, 0x00, 0x00, 0x00, 0x05, 0x00, 0x00, 0x00, 0x0B, 0x00, 0x00, 0x00, 0x00, 
0x00, 0x00, 0x00, 0x00, 0x00, 0x00, 0x00, 0x7C, 0x00, 0x00, 0x00, 0x0E, 0x00, 0x00, 0x00, 0x05, 
0x00, 0x00, 0x00, 0x07, 0x00, 0x00, 0x00, 0x0B, 0x00, 0x00, 0x00, 0x02, 0x00, 0x00, 0x00, 0x00, 
0x00, 0x00, 0x00, 0x7D, 0x00, 0x00, 0x00, 0x0E, 0x00, 0x00, 0x00, 0x07, 0x00, 0x00, 0x00, 0x05, 
0x00, 0x00, 0x00, 0x0B, 0xFF, 0xFF, 0xFF, 0xFF, 0x00, 0x00, 0x00, 0x00, 0x00, 0x00, 0x00, 0x7E, 
0x00, 0x00, 0x00, 0x03, 0x00, 0x00, 0x00, 0x07, 0x00, 0x00, 0x00, 0x08, 0x00, 0x00, 0x00, 0x09, 
0x00, 0x00, 0x00, 0x01, 0x00, 0x00, 0x00, 0x00, 0x00, 0x00, 0x00, 0xA0, 0x00, 0x00, 0x00, 0x01, 
0x00, 0x00, 0x00, 0x01, 0x00, 0x00, 0x00, 0x04, 0x00, 0x00, 0x00, 0x20, 0xFF, 0xFF, 0xFF, 0xF0, 
0x00, 0x00, 0x00, 0x00, 0x00, 0x00, 0x00, 0xA6, 0x00, 0x00, 0x00, 0x0E, 0x00, 0x00, 0x00, 0x04, 
0x00, 0x00, 0x00, 0x08, 0x00, 0x00, 0x00, 0x0B, 0x00, 0x00, 0x00, 0x02, 0x00, 0x00, 0x00, 0x00, 
0x00, 0x00, 0x00, 0xA7, 0x00, 0x00, 0x00, 0x0D, 0x00, 0x00, 0x00, 0x09, 0x00, 0x00, 0x00, 0x08, 
0x00, 0x00, 0x00, 0x0B, 0x00, 0x00, 0x00, 0x00, 0x00, 0x00, 0x00, 0x00, 0x00, 0x00, 0x00, 0xA9, 
0x00, 0x00, 0x00, 0x0B, 0x00, 0x00, 0x00, 0x0B, 0x00, 0x00, 0x00, 0x0D, 0x00, 0x00, 0x00, 0x0B, 
0x00, 0x00, 0x00, 0x02, 0x00, 0x00, 0x00, 0x00, 0x00, 0x00, 0x00, 0xAB, 0x00, 0x00, 0x00, 0x07, 
0x00, 0x00, 0x00, 0x08, 0x00, 0x00, 0x00, 0x08, 0x00, 0x00, 0x00, 0x08, 0x00, 0x00, 0x00, 0x00, 
0x00, 0x00, 0x00, 0x00, 0x00, 0x00, 0x00, 0xAE, 0x00, 0x00, 0x00, 0x07, 0x00, 0x00, 0x00, 0x06, 
0x00, 0x00, 0x00, 0x08, 0x00, 0x00, 0x00, 0x0B, 0x00, 0x00, 0x00, 0x02, 0x00, 0x00, 0x00, 0x00, 
0x00, 0x00, 0x00, 0xB0, 0x00, 0x00, 0x00, 0x04, 0x00, 0x00, 0x00, 0x04, 0x00, 0x00, 0x00, 0x05, 
0x00, 0x00, 0x00, 0x0B, 0x00, 0x00, 0x00, 0x02, 0x00, 0x00, 0x00, 0x00, 0x00, 0x00, 0x00, 0xB1, 
0x00, 0x00, 0x00, 0x09, 0x00, 0x00, 0x00, 0x08, 0x00, 0x00, 0x00, 0x08, 0x00, 0x00, 0x00, 0x09, 
0x00, 0x00, 0x00, 0x00, 0x00, 0x00, 0x00, 0x00, 0x00, 0x00, 0x00, 0xB4, 0x00, 0x00, 0x00, 0x03, 
0x00, 0x00, 0x00, 0x05, 0x00, 0x00, 0x00, 0x05, 0x00, 0x00, 0x00, 0x0B, 0x00, 0x00, 0x00, 0x01, 
0x00, 0x00, 0x00, 0x00, 0x00, 0x00, 0x00, 0xBB, 0x00, 0x00, 0x00, 0x07, 0x00, 0x00, 0x00, 0x08, 
0x00, 0x00, 0x00, 0x08, 0x00, 0x00, 0x00, 0x08, 0x00, 0x00, 0x00, 0x00, 0x00, 0x00, 0x00, 0x00, 
0x00, 0x00, 0x00, 0xD7, 0x00, 0x00, 0x00, 0x08, 0x00, 0x00, 0x00, 0x09, 0x00, 0x00, 0x00, 0x08, 
0x00, 0x00, 0x00, 0x08, 0xFF, 0xFF, 0xFF, 0xFF, 0x00, 0x00, 0x00, 0x00, 0x00, 0x00, 0x00, 0xF7, 
0x00, 0x00, 0x00, 0x07, 0x00, 0x00, 0x00, 0x08, 0x00, 0x00, 0x00, 0x08, 0x00, 0x00, 0x00, 0x08, 
0x00, 0x00, 0x00, 0x00, 0x00, 0x00, 0x00, 0x00, 0x00, 0x00, 0x04, 0x01, 0x00, 0x00, 0x00, 0x0D, 
0x00, 0x00, 0x00, 0x09, 0x00, 0x00, 0x00, 0x08, 0x00, 0x00, 0x00, 0x0D, 0x00, 0x00, 0x00, 0x00, 
0x00, 0x00, 0x00, 0x00, 0x00, 0x00, 0x04, 0x10, 0x00, 0x00, 0x00, 0x0A, 0x00, 0x00, 0x00, 0x0A, 
0x00, 0x00, 0x00, 0x09, 0x00, 0x00, 0x00, 0x0A, 0xFF, 0xFF, 0xFF, 0xFF, 0x00, 0x00, 0x00, 0x00, 
0x00, 0x00, 0x04, 0x11, 0x00, 0x00, 0x00, 0x0A, 0x00, 0x00, 0x00, 0x08, 0x00, 0x00, 0x00, 0x09, 
0x00, 0x00, 0x00, 0x0A, 0x00, 0x00, 0x00, 0x01, 0x00, 0x00, 0x00, 0x00, 0x00, 0x00, 0x04, 0x12, 
0x00, 0x00, 0x00, 0x0A, 0x00, 0x00, 0x00, 0x09, 0x00, 0x00, 0x00, 0x09, 0x00, 0x00, 0x00, 0x0A, 
0x00, 0x00, 0x00, 0x00, 0x00, 0x00, 0x00, 0x00, 0x00, 0x00, 0x04, 0x13, 0x00, 0x00, 0x00, 0x0A, 
0x00, 0x00, 0x00, 0x07, 0x00, 0x00, 0x00, 0x07, 0x00, 0x00, 0x00, 0x0A, 0x00, 0x00, 0x00, 0x01, 
0x00, 0x00, 0x00, 0x00, 0x00, 0x00, 0x04, 0x14, 0x00, 0x00, 0x00, 0x0D, 0x00, 0x00, 0x00, 0x0B, 
0x00, 0x00, 0x00, 0x0A, 0x00, 0x00, 0x00, 0x0A, 0xFF, 0xFF, 0xFF, 0xFF, 0x00, 0x00, 0x00, 0x00, 
0x00, 0x00, 0x04, 0x15, 0x00, 0x00, 0x00, 0x0A, 0x00, 0x00, 0x00, 0x09, 0x00, 0x00, 0x00, 0x08, 
0x00, 0x00, 0x00, 0x0A, 0x00, 0x00, 0x00, 0x00, 0x00, 0x00, 0x00, 0x00, 0x00, 0x00, 0x04, 0x16, 
0x00, 0x00, 0x00, 0x0A, 0x00, 0x00, 0x00, 0x0F, 0x00, 0x00, 0x00, 0x0D, 0x00, 0x00, 0x00, 0x0A, 
0xFF, 0xFF, 0xFF, 0xFF, 0x00, 0x00, 0x00, 0x00, 0x00, 0x00, 0x04, 0x17, 0x00, 0x00, 0x00, 0x0A, 
0x00, 0x00, 0x00, 0x07, 0x00, 0x00, 0x00, 0x08, 0x00, 0x00, 0x00, 0x0A, 0x00, 0x00, 0x00, 0x00, 
0x00, 0x00, 0x00, 0x00, 0x00, 0x00, 0x04, 0x18, 0x00, 0x00, 0x00, 0x0A, 0x00, 0x00, 0x00, 0x0A, 
0x00, 0x00, 0x00, 0x0A, 0x00, 0x00, 0x00, 0x0A, 0x00, 0x00, 0x00, 0x01, 0x00, 0x00, 0x00, 0x00, 
0x00, 0x00, 0x04, 0x19, 0x00, 0x00, 0x00, 0x0E, 0x00, 0x00, 0x00, 0x0B, 0x00, 0x00, 0x00, 0x0A, 
0x00, 0x00, 0x00, 0x0D, 0x00, 0x00, 0x00, 0x00, 0x00, 0x00, 0x00, 0x00, 0x00, 0x00, 0x04, 0x1A, 
0x00, 0x00, 0x00, 0x0A, 0x00, 0x00, 0x00, 0x09, 0x00, 0x00, 0x00, 0x09, 0x00, 0x00, 0x00, 0x0A, 
0x00, 0x00, 0x00, 0x01, 0x00, 0x00, 0x00, 0x00, 0x00, 0x00, 0x04, 0x1B, 0x00, 0x00, 0x00, 0x0A, 
0x00, 0x00, 0x00, 0x0B, 0x00, 0x00, 0x00, 0x0A, 0x00, 0x00, 0x00, 0x0A, 0xFF, 0xFF, 0xFF, 0xFF, 
0x00, 0x00, 0x00, 0x00, 0x00, 0x00, 0x04, 0x1C, 0x00, 0x00, 0x00, 0x0A, 0x00, 0x00, 0x00, 0x0E, 
0x00, 0x00, 0x00, 0x0E, 0x00, 0x00, 0x00, 0x0A, 0x00, 0x00, 0x00, 0x00, 0x00, 0x00, 0x00, 0x00, 
0x00, 0x00, 0x04, 0x1D, 0x00, 0x00, 0x00, 0x0A, 0x00, 0x00, 0x00, 0x0A, 0x00, 0x00, 0x00, 0x0A, 
0x00, 0x00, 0x00, 0x0A, 0x00, 0x00, 0x00, 0x00, 0x00, 0x00, 0x00, 0x00, 0x00, 0x00, 0x04, 0x1E, 
0x00, 0x00, 0x00, 0x0A, 0x00, 0x00, 0x00, 0x0B, 0x00, 0x00, 0x00, 0x0A, 0x00, 0x00, 0x00, 0x0A, 
0x00, 0x00, 0x00, 0x00, 0x00, 0x00, 0x00, 0x00, 0x00, 0x00, 0x04, 0x1F, 0x00, 0x00, 0x00, 0x0A, 
0x00, 0x00, 0x00, 0x0A, 0x00, 0x00, 0x00, 0x0A, 0x00, 0x00, 0x00, 0x0A, 0x00, 0x00, 0x00, 0x01, 
0x00, 0x00, 0x00, 0x00, 0x00, 0x00, 0x04, 0x20, 0x00, 0x00, 0x00, 0x0A, 0x00, 0x00, 0x00, 0x09, 
0x00, 0x00, 0x00, 0x08, 0x00, 0x00, 0x00, 0x0A, 0x00, 0x00, 0x00, 0x00, 0x00, 0x00, 0x00, 0x00, 
0x00, 0x00, 0x04, 0x21, 0x00, 0x00, 0x00, 0x0A, 0x00, 0x00, 0x00, 0x09, 0x00, 0x00, 0x00, 0x08, 
0x00, 0x00, 0x00, 0x0A, 0x00, 0x00, 0x00, 0x00, 0x00, 0x00, 0x00, 0x00, 0x00, 0x00, 0x04, 0x22, 
0x00, 0x00, 0x00, 0x0A, 0x00, 0x00, 0x00, 0x08, 0x00, 0x00, 0x00, 0x08, 0x00, 0x00, 0x00, 0x0A, 
0x00, 0x00, 0x00, 0x01, 0x00, 0x00, 0x00, 0x00, 0x00, 0x00, 0x04, 0x23, 0x00, 0x00, 0x00, 0x0A, 
0x00, 0x00, 0x00, 0x0A, 0x00, 0x00, 0x00, 0x08, 0x00, 0x00, 0x00, 0x0A, 0x00, 0x00, 0x00, 0x01, 
0x00, 0x00, 0x00, 0x00, 0x00, 0x00, 0x04, 0x24, 0x00, 0x00, 0x00, 0x0A, 0x00, 0x00, 0x00, 0x0A, 
0x00, 0x00, 0x00, 0x0B, 0x00, 0x00, 0x00, 0x0A, 0x00, 0x00, 0x00, 0x01, 0x00, 0x00, 0x00, 0x00, 
0x00, 0x00, 0x04, 0x25, 0x00, 0x00, 0x00, 0x0A, 0x00, 0x00, 0x00, 0x0A, 0x00, 0x00, 0x00, 0x08, 
0x00, 0x00, 0x00, 0x0A, 0xFF, 0xFF, 0xFF, 0xFF, 0x00, 0x00, 0x00, 0x00, 0x00, 0x00, 0x04, 0x26, 
0x00, 0x00, 0x00, 0x0D, 0x00, 0x00, 0x00, 0x0A, 0x00, 0x00, 0x00, 0x0A, 0x00, 0x00, 0x00, 0x0A, 
0x00, 0x00, 0x00, 0x00, 0x00, 0x00, 0x00, 0x00, 0x00, 0x00, 0x04, 0x27, 0x00, 0x00, 0x00, 0x0A, 
0x00, 0x00, 0x00, 0x09, 0x00, 0x00, 0x00, 0x09, 0x00, 0x00, 0x00, 0x0A, 0x00, 0x00, 0x00, 0x01, 
0x00, 0x00, 0x00, 0x00, 0x00, 0x00, 0x04, 0x28, 0x00, 0x00, 0x00, 0x0A, 0x00, 0x00, 0x00, 0x0E, 
0x00, 0x00, 0x00, 0x0E, 0x00, 0x00, 0x00, 0x0A, 0x00, 0x00, 0x00, 0x01, 0x00, 0x00, 0x00, 0x00, 
0x00, 0x00, 0x04, 0x29, 0x00, 0x00, 0x00, 0x0D, 0x00, 0x00, 0x00, 0x0E, 0x00, 0x00, 0x00, 0x0E, 
0x00, 0x00, 0x00, 0x0A, 0x00, 0x00, 0x00, 0x01, 0x00, 0x00, 0x00, 0x00, 0x00, 0x00, 0x04, 0x2A, 
0x00, 0x00, 0x00, 0x0A, 0x00, 0x00, 0x00, 0x08, 0x00, 0x00, 0x00, 0x0A, 0x00, 0x00, 0x00, 0x0A, 
0x00, 0x00, 0x00, 0x01, 0x00, 0x00, 0x00, 0x00, 0x00, 0x00, 0x04, 0x2B, 0x00, 0x00, 0x00, 0x0A, 
0x00, 0x00, 0x00, 0x0C, 0x00, 0x00, 0x00, 0x0C, 0x00, 0x00, 0x00, 0x0A, 0x00, 0x00, 0x00, 0x01, 
0x00, 0x00, 0x00, 0x00, 0x00, 0x00, 0x04, 0x2C, 0x00, 0x00, 0x00, 0x0A, 0x00, 0x00, 0x00, 0x07, 
0x00, 0x00, 0x00, 0x09, 0x00, 0x00, 0x00, 0x0A, 0x00, 0x00, 0x00, 0x01, 0x00, 0x00, 0x00, 0x00, 
0x00, 0x00, 0x04, 0x2D, 0x00, 0x00, 0x00, 0x0A, 0x00, 0x00, 0x00, 0x08, 0x00, 0x00, 0x00, 0x09, 
0x00, 0x00, 0x00, 0x0A, 0x00, 0x00, 0x00, 0x00, 0x00, 0x00, 0x00, 0x00, 0x00, 0x00, 0x04, 0x2E, 
0x00, 0x00, 0x00, 0x0A, 0x00, 0x00, 0x00, 0x0D, 0x00, 0x00, 0x00, 0x0E, 0x00, 0x00, 0x00, 0x0A, 
0x00, 0x00, 0x00, 0x01, 0x00, 0x00, 0x00, 0x00, 0x00, 0x00, 0x04, 0x2F, 0x00, 0x00, 0x00, 0x0A, 
0x00, 0x00, 0x00, 0x0A, 0x00, 0x00, 0x00, 0x09, 0x00, 0x00, 0x00, 0x0A, 0xFF, 0xFF, 0xFF, 0xFF, 
0x00, 0x00, 0x00, 0x00, 0x00, 0x00, 0x04, 0x30, 0x00, 0x00, 0x00, 0x07, 0x00, 0x00, 0x00, 0x08, 
0x00, 0x00, 0x00, 0x08, 0x00, 0x00, 0x00, 0x07, 0x00, 0x00, 0x00, 0x00, 0x00, 0x00, 0x00, 0x00, 
0x00, 0x00, 0x04, 0x31, 0x00, 0x00, 0x00, 0x0B, 0x00, 0x00, 0x00, 0x08, 0x00, 0x00, 0x00, 0x09, 
0x00, 0x00, 0x00, 0x0B, 0x00, 0x00, 0x00, 0x01, 0x00, 0x00, 0x00, 0x00, 0x00, 0x00, 0x04, 0x32, 
0x00, 0x00, 0x00, 0x07, 0x00, 0x00, 0x00, 0x06, 0x00, 0x00, 0x00, 0x08, 0x00, 0x00, 0x00, 0x07, 
0x00, 0x00, 0x00, 0x01, 0x00, 0x00, 0x00, 0x00, 0x00, 0x00, 0x04, 0x33, 0x00, 0x00, 0x00, 0x07, 
0x00, 0x00, 0x00, 0x06, 0x00, 0x00, 0x00, 0x07, 0x00, 0x00, 0x00, 0x07, 0x00, 0x00, 0x00, 0x00, 
0x00, 0x00, 0x00, 0x00, 0x00, 0x00, 0x04, 0x34, 0x00, 0x00, 0x00, 0x0B, 0x00, 0x00, 0x00, 0x07, 
0x00, 0x00, 0x00, 0x08, 0x00, 0x00, 0x00, 0x0B, 0x00, 0x00, 0x00, 0x01, 0x00, 0x00, 0x00, 0x00, 
0x00, 0x00, 0x04, 0x35, 0x00, 0x00, 0x00, 0x07, 0x00, 0x00, 0x00, 0x08, 0x00, 0x00, 0x00, 0x08, 
0x00, 0x00, 0x00, 0x07, 0x00, 0x00, 0x00, 0x00, 0x00, 0x00, 0x00, 0x00, 0x00, 0x00, 0x04, 0x36, 
0x00, 0x00, 0x00, 0x07, 0x00, 0x00, 0x00, 0x0D, 0x00, 0x00, 0x00, 0x0D, 0x00, 0x00, 0x00, 0x07, 
0x00, 0x00, 0x00, 0x00, 0x00, 0x00, 0x00, 0x00, 0x00, 0x00, 0x04, 0x37, 0x00, 0x00, 0x00, 0x07, 
0x00, 0x00, 0x00, 0x06, 0x00, 0x00, 0x00, 0x07, 0x00, 0x00, 0x00, 0x07, 0x00, 0x00, 0x00, 0x00, 
0x00, 0x00, 0x00, 0x00, 0x00, 0x00, 0x04, 0x38, 0x00, 0x00, 0x00, 0x07, 0x00, 0x00, 0x00, 0x08, 
0x00, 0x00, 0x00, 0x08, 0x00, 0x00, 0x00, 0x07, 0x00, 0x00, 0x00, 0x00, 0x00, 0x00, 0x00, 0x00, 
0x00, 0x00, 0x04, 0x39, 0x00, 0x00, 0x00, 0x0C, 0x00, 0x00, 0x00, 0x08, 0x00, 0x00, 0x00, 0x08, 
0x00, 0x00, 0x00, 0x0B, 0x00, 0x00, 0x00, 0x00, 0x00, 0x00, 0x00, 0x00, 0x00, 0x00, 0x04, 0x3A, 
0x00, 0x00, 0x00, 0x07, 0x00, 0x00, 0x00, 0x07, 0x00, 0x00, 0x00, 0x07, 0x00, 0x00, 0x00, 0x07, 
0x00, 0x00, 0x00, 0x01, 0x00, 0x00, 0x00, 0x00, 0x00, 0x00, 0x04, 0x3B, 0x00, 0x00, 0x00, 0x07, 
0x00, 0x00, 0x00, 0x09, 0x00, 0x00, 0x00, 0x08, 0x00, 0x00, 0x00, 0x07, 0xFF, 0xFF, 0xFF, 0xFF, 
0x00, 0x00, 0x00, 0x00, 0x00, 0x00, 0x04, 0x3C, 0x00, 0x00, 0x00, 0x07, 0x00, 0x00, 0x00, 0x0A, 
0x00, 0x00, 0x00, 0x0B, 0x00, 0x00, 0x00, 0x07, 0x00, 0x00, 0x00, 0x00, 0x00, 0x00, 0x00, 0x00, 
0x00, 0x00, 0x04, 0x3D, 0x00, 0x00, 0x00, 0x07, 0x00, 0x00, 0x00, 0x08, 0x00, 0x00, 0x00, 0x08, 
0x00, 0x00, 0x00, 0x07, 0x00, 0x00, 0x00, 0x01, 0x00, 0x00, 0x00, 0x00, 0x00, 0x00, 0x04, 0x3E, 
0x00, 0x00, 0x00, 0x07, 0x00, 0x00, 0x00, 0x08, 0x00, 0x00, 0x00, 0x08, 0x00, 0x00, 0x00, 0x07, 
0x00, 0x00, 0x00, 0x00, 0x00, 0x00, 0x00, 0x00, 0x00, 0x00, 0x04, 0x3F, 0x00, 0x00, 0x00, 0x07, 
0x00, 0x00, 0x00, 0x07, 0x00, 0x00, 0x00, 0x08, 0x00, 0x00, 0x00, 0x07, 0x00, 0x00, 0x00, 0x01, 
0x00, 0x00, 0x00, 0x00, 0x00, 0x00, 0x04, 0x40, 0x00, 0x00, 0x00, 0x0A, 0x00, 0x00, 0x00, 0x09, 
0x00, 0x00, 0x00, 0x08, 0x00, 0x00, 0x00, 0x07, 0xFF, 0xFF, 0xFF, 0xFF, 0x00, 0x00, 0x00, 0x00, 
0x00, 0x00, 0x04, 0x41, 0x00, 0x00, 0x00, 0x07, 0x00, 0x00, 0x00, 0x07, 0x00, 0x00, 0x00, 0x07, 
0x00, 0x00, 0x00, 0x07, 0x00, 0x00, 0x00, 0x00, 0x00, 0x00, 0x00, 0x00, 0x00, 0x00, 0x04, 0x42, 
0x00, 0x00, 0x00, 0x07, 0x00, 0x00, 0x00, 0x0C, 0x00, 0x00, 0x00, 0x0D, 0x00, 0x00, 0x00, 0x07, 
0x00, 0x00, 0x00, 0x00, 0x00, 0x00, 0x00, 0x00, 0x00, 0x00, 0x04, 0x43, 0x00, 0x00, 0x00, 0x0A, 
0x00, 0x00, 0x00, 0x08, 0x00, 0x00, 0x00, 0x07, 0x00, 0x00, 0x00, 0x07, 0x00, 0x00, 0x00, 0x00, 
0x00, 0x00, 0x00, 0x00, 0x00, 0x00, 0x04, 0x44, 0x00, 0x00, 0x00, 0x0E, 0x00, 0x00, 0x00, 0x0A, 
0x00, 0x00, 0x00, 0x0B, 0x00, 0x00, 0x00, 0x0B, 0x00, 0x00, 0x00, 0x01, 0x00, 0x00, 0x00, 0x00, 
0x00, 0x00, 0x04, 0x45, 0x00, 0x00, 0x00, 0x07, 0x00, 0x00, 0x00, 0x09, 0x00, 0x00, 0x00, 0x07, 
0x00, 0x00, 0x00, 0x07, 0xFF, 0xFF, 0xFF, 0xFF, 0x00, 0x00, 0x00, 0x00, 0x00, 0x00, 0x04, 0x46, 
0x00, 0x00, 0x00, 0x0A, 0x00, 0x00, 0x00, 0x08, 0x00, 0x00, 0x00, 0x09, 0x00, 0x00, 0x00, 0x07, 
0x00, 0x00, 0x00, 0x00, 0x00, 0x00, 0x00, 0x00, 0x00, 0x00, 0x04, 0x47, 0x00, 0x00, 0x00, 0x07, 
0x00, 0x00, 0x00, 0x08, 0x00, 0x00, 0x00, 0x08, 0x00, 0x00, 0x00, 0x07, 0x00, 0x00, 0x00, 0x00, 
0x00, 0x00, 0x00, 0x00, 0x00, 0x00, 0x04, 0x48, 0x00, 0x00, 0x00, 0x07, 0x00, 0x00, 0x00, 0x0D, 
0x00, 0x00, 0x00, 0x0C, 0x00, 0x00, 0x00, 0x07, 0x00, 0x00, 0x00, 0x00, 0x00, 0x00, 0x00, 0x00, 
0x00, 0x00, 0x04, 0x49, 0x00, 0x00, 0x00, 0x0A, 0x00, 0x00, 0x00, 0x0D, 0x00, 0x00, 0x00, 0x0D, 
0x00, 0x00, 0x00, 0x07, 0x00, 0x00, 0x00, 0x00, 0x00, 0x00, 0x00, 0x00, 0x00, 0x00, 0x04, 0x4A, 
0x00, 0x00, 0x00, 0x07, 0x00, 0x00, 0x00, 0x07, 0x00, 0x00, 0x00, 0x09, 0x00, 0x00, 0x00, 0x07, 
0x00, 0x00, 0x00, 0x01, 0x00, 0x00, 0x00, 0x00, 0x00, 0x00, 0x04, 0x4B, 0x00, 0x00, 0x00, 0x07, 
0x00, 0x00, 0x00, 0x0B, 0x00, 0x00, 0x00, 0x0B, 0x00, 0x00, 0x00, 0x07, 0x00, 0x00, 0x00, 0x00, 
0x00, 0x00, 0x00, 0x00, 0x00, 0x00, 0x04, 0x4C, 0x00, 0x00, 0x00, 0x07, 0x00, 0x00, 0x00, 0x07, 
0x00, 0x00, 0x00, 0x07, 0x00, 0x00, 0x00, 0x07, 0x00, 0x00, 0x00, 0x00, 0x00, 0x00, 0x00, 0x00, 
0x00, 0x00, 0x04, 0x4D, 0x00, 0x00, 0x00, 0x07, 0x00, 0x00, 0x00, 0x06, 0x00, 0x00, 0x00, 0x07, 
0x00, 0x00, 0x00, 0x07, 0x00, 0x00, 0x00, 0x00, 0x00, 0x00, 0x00, 0x00, 0x00, 0x00, 0x04, 0x4E, 
0x00, 0x00, 0x00, 0x07, 0x00, 0x00, 0x00, 0x0A, 0x00, 0x00, 0x00, 0x0C, 0x00, 0x00, 0x00, 0x07, 
0x00, 0x00, 0x00, 0x01, 0x00, 0x00, 0x00, 0x00, 0x00, 0x00, 0x04, 0x4F, 0x00, 0x00, 0x00, 0x08, 
0x00, 0x00, 0x00, 0x09, 0x00, 0x00, 0x00, 0x08, 0x00, 0x00, 0x00, 0x07, 0xFF, 0xFF, 0xFF, 0xFF, 
0x00, 0x00, 0x00, 0x00, 0x00, 0x00, 0x04, 0x51, 0x00, 0x00, 0x00, 0x0C, 0x00, 0x00, 0x00, 0x08, 
0x00, 0x00, 0x00, 0x08, 0x00, 0x00, 0x00, 0x0B, 0x00, 0x00, 0x00, 0x00, 0x00, 0x00, 0x00, 0x00, 
0x00, 0x00, 0x20, 0x0C, 0x00, 0x00, 0x00, 0x01, 0x00, 0x00, 0x00, 0x01, 0x00, 0x00, 0x00, 0x00, 
0x00, 0x00, 0x00, 0x20, 0xFF, 0xFF, 0xFF, 0xF0, 0x00, 0x00, 0x00, 0x00, 0x00, 0x00, 0x20, 0x0D, 
0x00, 0x00, 0x00, 0x01, 0x00, 0x00, 0x00, 0x01, 0x00, 0x00, 0x00, 0x00, 0x00, 0x00, 0x00, 0x20, 
0xFF, 0xFF, 0xFF, 0xF0, 0x00, 0x00, 0x00, 0x00, 0x00, 0x00, 0x20, 0x0E, 0x00, 0x00, 0x00, 0x01, 
0x00, 0x00, 0x00, 0x01, 0x00, 0x00, 0x00, 0x00, 0x00, 0x00, 0x00, 0x20, 0xFF, 0xFF, 0xFF, 0xF0, 
0x00, 0x00, 0x00, 0x00, 0x00, 0x00, 0x20, 0x0F, 0x00, 0x00, 0x00, 0x01, 0x00, 0x00, 0x00, 0x01, 
0x00, 0x00, 0x00, 0x00, 0x00, 0x00, 0x00, 0x20, 0xFF, 0xFF, 0xFF, 0xF0, 0x00, 0x00, 0x00, 0x00, 
0x00, 0x00, 0x20, 0x28, 0x00, 0x00, 0x00, 0x01, 0x00, 0x00, 0x00, 0x01, 0x00, 0x00, 0x00, 0x00, 
0x00, 0x00, 0x00, 0x20, 0xFF, 0xFF, 0xFF, 0xF0, 0x00, 0x00, 0x00, 0x00, 0x00, 0x00, 0x20, 0x29, 
0x00, 0x00, 0x00, 0x01, 0x00, 0x00, 0x00, 0x01, 0x00, 0x00, 0x00, 0x00, 0x00, 0x00, 0x00, 0x20, 
0xFF, 0xFF, 0xFF, 0xF0, 0x00, 0x00, 0x00, 0x00, 0x00, 0x00, 0x20, 0x2A, 0x00, 0x00, 0x00, 0x01, 
0x00, 0x00, 0x00, 0x01, 0x00, 0x00, 0x00, 0x00, 0x00, 0x00, 0x00, 0x20, 0xFF, 0xFF, 0xFF, 0xF0, 
0x00, 0x00, 0x00, 0x00, 0x00, 0x00, 0x20, 0x2B, 0x00, 0x00, 0x00, 0x01, 0x00, 0x00, 0x00, 0x01, 
0x00, 0x00, 0x00, 0x00, 0x00, 0x00, 0x00, 0x20, 0xFF, 0xFF, 0xFF, 0xF0, 0x00, 0x00, 0x00, 0x00, 
0x00, 0x00, 0x20, 0x2C, 0x00, 0x00, 0x00, 0x01, 0x00, 0x00, 0x00, 0x01, 0x00, 0x00, 0x00, 0x00, 
0x00, 0x00, 0x00, 0x20, 0xFF, 0xFF, 0xFF, 0xF0, 0x00, 0x00, 0x00, 0x00, 0x00, 0x00, 0x20, 0x2D, 
0x00, 0x00, 0x00, 0x01, 0x00, 0x00, 0x00, 0x01, 0x00, 0x00, 0x00, 0x00, 0x00, 0x00, 0x00, 0x20, 
0xFF, 0xFF, 0xFF, 0xF0, 0x00, 0x00, 0x00, 0x00, 0x00, 0x00, 0x20, 0x2E, 0x00, 0x00, 0x00, 0x01, 
0x00, 0x00, 0x00, 0x01, 0x00, 0x00, 0x00, 0x00, 0x00, 0x00, 0x00, 0x20, 0xFF, 0xFF, 0xFF, 0xF0, 
0x00, 0x00, 0x00, 0x00, 0x00, 0x00, 0x20, 0x6A, 0x00, 0x00, 0x00, 0x01, 0x00, 0x00, 0x00, 0x01, 
0x00, 0x00, 0x00, 0x00, 0x00, 0x00, 0x00, 0x20, 0xFF, 0xFF, 0xFF, 0xF0, 0x00, 0x00, 0x00, 0x00, 
0x00, 0x00, 0x20, 0x6B, 0x00, 0x00, 0x00, 0x01, 0x00, 0x00, 0x00, 0x01, 0x00, 0x00, 0x00, 0x00, 
0x00, 0x00, 0x00, 0x20, 0xFF, 0xFF, 0xFF, 0xF0, 0x00, 0x00, 0x00, 0x00, 0x00, 0x00, 0x20, 0x6C, 
0x00, 0x00, 0x00, 0x01, 0x00, 0x00, 0x00, 0x01, 0x00, 0x00, 0x00, 0x00, 0x00, 0x00, 0x00, 0x20, 
0xFF, 0xFF, 0xFF, 0xF0, 0x00, 0x00, 0x00, 0x00, 0x00, 0x00, 0x20, 0x6D, 0x00, 0x00, 0x00, 0x01, 
0x00, 0x00, 0x00, 0x01, 0x00, 0x00, 0x00, 0x00, 0x00, 0x00, 0x00, 0x20, 0xFF, 0xFF, 0xFF, 0xF0, 
0x00, 0x00, 0x00, 0x00, 0x00, 0x00, 0x20, 0x6E, 0x00, 0x00, 0x00, 0x01, 0x00, 0x00, 0x00, 0x01, 
0x00, 0x00, 0x00, 0x00, 0x00, 0x00, 0x00, 0x20, 0xFF, 0xFF, 0xFF, 0xF0, 0x00, 0x00, 0x00, 0x00, 
0x00, 0x00, 0x20, 0x6F, 0x00, 0x00, 0x00, 0x01, 0x00, 0x00, 0x00, 0x01, 0x00, 0x00, 0x00, 0x00, 
0x00, 0x00, 0x00, 0x20, 0xFF, 0xFF, 0xFF, 0xF0, 0x00, 0x00, 0x00, 0x00, 0x00, 0x00, 0x22, 0x12, 
0x00, 0x00, 0x00, 0x01, 0x00, 0x00, 0x00, 0x07, 0x00, 0x00, 0x00, 0x08, 0x00, 0x00, 0x00, 0x05, 
0x00, 0x00, 0x00, 0x01, 0x00, 0x00, 0x00, 0x00, 0x00, 0x00, 0x22, 0x1E, 0x00, 0x00, 0x00, 0x05, 
0x00, 0x00, 0x00, 0x0C, 0x00, 0x00, 0x00, 0x0E, 0x00, 0x00, 0x00, 0x08, 0x00, 0x00, 0x00, 0x01, 
0x00, 0x00, 0x00, 0x00, 0x00, 0x00, 0x22, 0x48, 0x00, 0x00, 0x00, 0x05, 0x00, 0x00, 0x00, 0x08, 
0x00, 0x00, 0x00, 0x08, 0x00, 0x00, 0x00, 0x07, 0x00, 0x00, 0x00, 0x01, 0x00, 0x00, 0x00, 0x00, 
0x00, 0x00, 0x22, 0x60, 0x00, 0x00, 0x00, 0x08, 0x00, 0x00, 0x00, 0x09, 0x00, 0x00, 0x00, 0x08, 
0x00, 0x00, 0x00, 0x09, 0x00, 0x00, 0x00, 0x00, 0x00, 0x00, 0x00, 0x00, 0x00, 0x00, 0x00, 0x00, 
0x00, 0x00, 0x00, 0x00, 0x00, 0x0C, 0xF8, 0x63, 0x00, 0x00, 0x45, 0xFF, 0x29, 0x00, 0x00, 0x81, 
0xE1, 0x00, 0x00, 0x00, 0xBD, 0x99, 0x00, 0x00, 0x04, 0xF4, 0x51, 0x00, 0x00, 0x35, 0xFB, 0x0E, 
0x00, 0x00, 0x71, 0xC1, 0x00, 0x00, 0x00, 0xA7, 0x73, 0x00, 0x00, 0x00, 0x00, 0x00, 0x00, 0x00, 
0x12, 0xF8, 0xA9, 0x00, 0x00, 0x01, 0xE6, 0x45, 0x00, 0x00, 0x14, 0xDF, 0x14, 0xDF, 0x5C, 0xA4, 
0x5C, 0xA4, 0xA5, 0x5A, 0xA5, 0x5A, 0xE1, 0x14, 0xE1, 0x16, 0x00, 0x00, 0x00, 0x14, 0xDB, 0x01, 
0x14, 0xD6, 0x02, 0x00, 0x00, 0x00, 0x5B, 0xA4, 0x00, 0x59, 0xA5, 0x00, 0x00, 0x00, 0x00, 0xA4, 
0x5C, 0x00, 0xA0, 0x5F, 0x00, 0x00, 0x23, 0xFE, 0xFF, 0xFF, 0xFF, 0xFF, 0xFF, 0x3C, 0x00, 0x00, 
0x48, 0xB8, 0x00, 0x44, 0xBB, 0x00, 0x00, 0x00, 0x00, 0xAD, 0x52, 0x00, 0xA9, 0x53, 0x00, 0x00, 
0x33, 0xFF, 0xFF, 0xFF, 0xFF, 0xFF, 0xFE, 0x27, 0x00, 0x00, 0x56, 0xA9, 0x00, 0x53, 0xA9, 0x00, 
0x00, 0x00, 0x00, 0xA1, 0x5E, 0x00, 0x9F, 0x5E, 0x00, 0x00, 0x00, 0x00, 0xE4, 0x15, 0x00, 0xE3, 
0x19, 0x00, 0x00, 0x00, 0x00, 0x00, 0x00, 0x00, 0x00, 0x5F, 0x8A, 0x00, 0x00, 0x00, 0x00, 0x00, 
0x03, 0xBA, 0x58, 0x00, 0x00, 0x00, 0x1F, 0xB0, 0xF5, 0xFF, 0xF5, 0x80, 0x00, 0x07, 0xD8, 0xB1, 
0x20, 0x06, 0x37, 0x66, 0x00, 0x3B, 0xFF, 0x25, 0x00, 0x00, 0x00, 0x00, 0x00, 0x33, 0xFF, 0x78, 
0x01, 0x00, 0x00, 0x00, 0x00, 0x00, 0x90, 0xFE, 0xD6, 0x69, 0x04, 0x00, 0x00, 0x00, 0x00, 0x26, 
0x91, 0xF8, 0xB5, 0x00, 0x00, 0x00, 0x00, 0x00, 0x00, 0x68, 0xFF, 0x18, 0x00, 0x00, 0x00, 0x00, 
0x00, 0x68, 0xFA, 0x07, 0x85, 0x6B, 0x2D, 0x29, 0x6A, 0xEF, 0x92, 0x00, 0x5D, 0xD2, 0xFE, 0xF6, 
0xCA, 0x5C, 0x01, 0x00, 0x00, 0x0F, 0xF1, 0x0A, 0x00, 0x00, 0x00, 0x00, 0x00, 0x49, 0xA1, 0x00, 
0x00, 0x00, 0x00, 0x00, 0x00, 0x00, 0x00, 0x24, 0x24, 0x00, 0x00, 0x00, 0x00, 0x06, 0x60, 0x09, 
0x00, 0x03, 0xAE, 0xC7, 0xDB, 0x78, 0x00, 0x00, 0x01, 0xA7, 0x91, 0x00, 0x00, 0x61, 0xC4, 0x01, 
0x5C, 0xC0, 0x00, 0x00, 0x8F, 0xA9, 0x02, 0x00, 0x00, 0xA7, 0x71, 0x00, 0x6E, 0xAB, 0x00, 0x76, 
0xBE, 0x07, 0x00, 0x00, 0x00, 0xB2, 0x68, 0x06, 0xCB, 0x58, 0x5C, 0xCF, 0x0E, 0x00, 0x00, 0x00, 
0x00, 0x51, 0xEF, 0xDF, 0x8F, 0x47, 0xDA, 0x19, 0x16, 0x13, 0x00, 0x00, 0x00, 0x00, 0x03, 0x03, 
0x33, 0xDF, 0x2C, 0xAB, 0xCE, 0xE4, 0x63, 0x00, 0x00, 0x00, 0x00, 0x23, 0xDE, 0x38, 0x67, 0xC1, 
0x01, 0x6A, 0xB4, 0x00, 0x00, 0x00, 0x16, 0xD8, 0x4C, 0x00, 0xB0, 0x68, 0x00, 0x77, 0xA1, 0x00, 
0x00, 0x0C, 0xCB, 0x63, 0x00, 0x00, 0xBF, 0x5A, 0x05, 0xCF, 0x54, 0x00, 0x04, 0xB8, 0x7D, 0x00, 
0x00, 0x00, 0x64, 0xED, 0xDB, 0x95, 0x00, 0x00, 0x08, 0x3D, 0x00, 0x00, 0x00, 0x00, 0x00, 0x0D, 
0x0A, 0x00, 0x00, 0x00, 0x00, 0x00, 0x24, 0xBF, 0xF6, 0xE5, 0x67, 0x00, 0x00, 0x00, 0x00, 0xC7, 
0x77, 0x0C, 0x38, 0xF3, 0x00, 0x00, 0x00, 0x00, 0xF9, 0x08, 0x00, 0x43, 0xC9, 0x00, 0x00, 0x00, 
0x00, 0xCC, 0x54, 0x70, 0xDF, 0x2F, 0x00, 0x00, 0x00, 0x00, 0x98, 0xFF, 0xAF, 0x1B, 0x00, 0x00, 
0x4E, 0x0A, 0xB7, 0xBF, 0xD0, 0xA6, 0x00, 0x00, 0x39, 0xD6, 0x9C, 0x8A, 0x00, 0x2D, 0xF7, 0x7E, 
0x0A, 0xCA, 0x6E, 0xF1, 0x0E, 0x00, 0x00, 0x61, 0xFF, 0xDC, 0xC0, 0x04, 0xDA, 0x6B, 0x0B, 0x17, 
0x6E, 0xF4, 0xFE, 0xA1, 0x08, 0x37, 0xCC, 0xF8, 0xE8, 0xA0, 0x25, 0x4B, 0xDA, 0xD5, 0x14, 0xDE, 
0x5C, 0xA4, 0xA5, 0x5A, 0xDE, 0x14, 0x00, 0x00, 0x2F, 0xD5, 0x01, 0x00, 0x00, 0xC2, 0x5F, 0x00, 
0x00, 0x47, 0xD5, 0x02, 0x00, 0x00, 0xB3, 0x67, 0x00, 0x00, 0x17, 0xF3, 0x10, 0x00, 0x00, 0x68, 
0xB0, 0x00, 0x00, 0x00, 0xA2, 0x73, 0x00, 0x00, 0x00, 0xD5, 0x3B, 0x00, 0x00, 0x00, 0xEC, 0x1B, 
0x00, 0x00, 0x00, 0xFB, 0x09, 0x00, 0x00, 0x00, 0xF3, 0x08, 0x00, 0x00, 0x00, 0xCE, 0x2C, 0x00, 
0x00, 0x00, 0x81, 0x75, 0x00, 0x00, 0x00, 0x21, 0xDC, 0x00, 0x00, 0x00, 0x00, 0x00, 0x00, 0xDB, 
0x20, 0x00, 0x00, 0x00, 0x7A, 0x7D, 0x00, 0x00, 0x00, 0x2F, 0xCA, 0x00, 0x00, 0x00, 0x09, 0xF2, 
0x00, 0x00, 0x00, 0x0B, 0xFA, 0x00, 0x00, 0x00, 0x1F, 0xE9, 0x00, 0x00, 0x00, 0x3E, 0xD1, 0x00, 
0x00, 0x00, 0x75, 0x9E, 0x00, 0x00, 0x00, 0xB0, 0x64, 0x00, 0x00, 0x10, 0xF2, 0x14, 0x00, 0x00, 
0x68, 0xAE, 0x00, 0x00, 0x02, 0xD4, 0x43, 0x00, 0x00, 0x60, 0xC1, 0x00, 0x00, 0x01, 0xD6, 0x2F, 
0x00, 0x00, 0x00, 0x03, 0x00, 0xD9, 0x40, 0x00, 0x00, 0x22, 0xE0, 0x2E, 0xE7, 0x40, 0xD5, 0x14, 
0x08, 0x78, 0xDD, 0xF2, 0xC3, 0x5A, 0x02, 0x23, 0x92, 0xE6, 0xF3, 0xB3, 0x28, 0x00, 0x9C, 0x90, 
0x8C, 0x6A, 0xA0, 0x84, 0x00, 0x00, 0x00, 0xCC, 0x44, 0x00, 0x00, 0x00, 0x00, 0x00, 0x08, 0xED, 
0x00, 0x00, 0x00, 0x00, 0x26, 0xEC, 0x00, 0x00, 0x00, 0x00, 0x45, 0xDC, 0x00, 0x00, 0xEC, 0xFF, 
0xFF, 0xFF, 0xFF, 0xED, 0x00, 0x00, 0x9B, 0x85, 0x00, 0x00, 0x00, 0x00, 0xC8, 0x4A, 0x00, 0x00, 
0x00, 0x00, 0xE8, 0x10, 0x00, 0x00, 0x00, 0x00, 0x04, 0xDB, 0x00, 0x00, 0x44, 0xB3, 0x00, 0x1C, 
0xDC, 0x28, 0x02, 0xC9, 0x61, 0x00, 0xD8, 0xDB, 0xF3, 0xA4, 0x00, 0x00, 0x00, 0x00, 0x00, 0x00, 
0x00, 0x24, 0xD3, 0x02, 0x00, 0x00, 0x00, 0x00, 0x00, 0x00, 0x00, 0xAF, 0x5E, 0x00, 0x00, 0x00, 
0x00, 0x00, 0x00, 0x00, 0x40, 0xCB, 0x01, 0x00, 0x00, 0x00, 0x00, 0x00, 0x00, 0x02, 0xCF, 0x3C, 
0x00, 0x00, 0x00, 0x00, 0x00, 0x00, 0x00, 0x64, 0xA9, 0x00, 0x00, 0x00, 0x00, 0x00, 0x00, 0x00, 
0x0D, 0xE0, 0x20, 0x00, 0x00, 0x00, 0x00, 0x00, 0x00, 0x00, 0x87, 0x86, 0x00, 0x00, 0x00, 0x00, 
0x00, 0x00, 0x00, 0x20, 0xDF, 0x0D, 0x00, 0x00, 0x00, 0x00, 0x00, 0x00, 0x00, 0xAA, 0x63, 0x00, 
0x00, 0x00, 0x00, 0x00, 0x00, 0x00, 0x3C, 0xCF, 0x02, 0x00, 0x00, 0x00, 0x00, 0x00, 0x00, 0x01, 
0xCB, 0x40, 0x00, 0x00, 0x00, 0x00, 0x00, 0x00, 0x00, 0x5F, 0xAE, 0x00, 0x00, 0x00, 0x00, 0x00, 
0x00, 0x00, 0x03, 0xD9, 0x23, 0x00, 0x00, 0x00, 0x00, 0x00, 0x00, 0x00, 0x00, 0x00, 0x09, 0x8E, 
0xE6, 0xF3, 0xBF, 0x27, 0x00, 0x00, 0x01, 0xB3, 0xBF, 0x24, 0x13, 0xBE, 0xC1, 0x00, 0x00, 0x52, 
0xF2, 0x13, 0x00, 0x00, 0x60, 0xF8, 0x01, 0x00, 0xB9, 0x99, 0x00, 0x00, 0x00, 0x5C, 0xFD, 0x01, 
0x09, 0xF9, 0x51, 0x00, 0x00, 0x00, 0x7C, 0xDF, 0x00, 0x38, 0xFF, 0x20, 0x00, 0x00, 0x00, 0xAD, 
0xAD, 0x00, 0x55, 0xFD, 0x02, 0x00, 0x00, 0x06, 0xEF, 0x63, 0x00, 0x4E, 0xFE, 0x05, 0x00, 0x00, 
0x64, 0xED, 0x0D, 0x00, 0x1C, 0xFA, 0x70, 0x0B, 0x48, 0xEF, 0x5F, 0x00, 0x00, 0x00, 0x5D, 0xDC, 
0xF9, 0xD6, 0x52, 0x00, 0x00, 0x00, 0x00, 0x00, 0x00, 0x05, 0x7B, 0xF4, 0x48, 0x00, 0x00, 0x39, 
0xD5, 0xFF, 0xFF, 0x1A, 0x00, 0x00, 0xCF, 0x8B, 0x89, 0xE7, 0x00, 0x00, 0x00, 0x05, 0x00, 0xA1, 
0xB4, 0x00, 0x00, 0x00, 0x00, 0x00, 0xD5, 0x81, 0x00, 0x00, 0x00, 0x00, 0x0B, 0xFD, 0x4E, 0x00, 
0x00, 0x00, 0x00, 0x3C, 0xFF, 0x1B, 0x00, 0x00, 0x00, 0x00, 0x6F, 0xE8, 0x00, 0x00, 0x00, 0x00, 
0x00, 0xA2, 0xB5, 0x00, 0x00, 0x2A, 0xFE, 0xFF, 0xFF, 0xFF, 0xFF, 0x8D, 0x00, 0x00, 0x2C, 0xAB, 
0xEE, 0xF3, 0x9C, 0x07, 0x00, 0x00, 0xB6, 0x4E, 0x0D, 0x5B, 0xFF, 0x66, 0x00, 0x00, 0x00, 0x00, 
0x00, 0x07, 0xFF, 0x7E, 0x00, 0x00, 0x00, 0x00, 0x00, 0x48, 0xFF, 0x3E, 0x00, 0x00, 0x00, 0x00, 
0x0B, 0xD5, 0xB1, 0x00, 0x00, 0x00, 0x00, 0x07, 0xB6, 0xCE, 0x0F, 0x00, 0x00, 0x00, 0x0E, 0xBE, 
0xC9, 0x13, 0x00, 0x00, 0x00, 0x1A, 0xD0, 0xB7, 0x0C, 0x00, 0x00, 0x00, 0x27, 0xE1, 0x9D, 0x04, 
0x00, 0x00, 0x00, 0x00, 0xAD, 0xFF, 0xFF, 0xFF, 0xFF, 0xFF, 0x83, 0x00, 0x00, 0x00, 0x2B, 0xAA, 
0xEE, 0xF8, 0xB9, 0x15, 0x00, 0x00, 0xB6, 0x4D, 0x0C, 0x39, 0xFF, 0x84, 0x00, 0x00, 0x00, 0x00, 
0x00, 0x17, 0xFE, 0x71, 0x00, 0x00, 0x00, 0x05, 0x34, 0xC5, 0xC9, 0x0B, 0x00, 0x00, 0xBC, 0xFF, 
0xFF, 0xC2, 0x16, 0x00, 0x00, 0x00, 0x00, 0x04, 0x31, 0xD9, 0xC6, 0x00, 0x00, 0x00, 0x00, 0x00, 
0x00, 0x79, 0xFF, 0x07, 0x00, 0x00, 0x00, 0x00, 0x00, 0xA6, 0xE2, 0x00, 0x7F, 0x73, 0x14, 0x18, 
0x77, 0xFE, 0x60, 0x00, 0x12, 0xA5, 0xF2, 0xF1, 0xC3, 0x50, 0x00, 0x00, 0x00, 0x00, 0x00, 0x00, 
0x05, 0xBF, 0xFC, 0x57, 0x00, 0x00, 0x00, 0x00, 0x91, 0xD7, 0xFF, 0x30, 0x00, 0x00, 0x00, 0x55, 
0xE3, 0x67, 0xF7, 0x04, 0x00, 0x00, 0x26, 0xEC, 0x39, 0x85, 0xC9, 0x00, 0x00, 0x0A, 0xD3, 0x6F, 
0x00, 0xB8, 0x95, 0x00, 0x00, 0xA1, 0xAA, 0x00, 0x00, 0xEB, 0x61, 0x00, 0x65, 0xD9, 0x0D, 0x00, 
0x1E, 0xFF, 0x2D, 0x00, 0xD7, 0xFF, 0xFF, 0xFF, 0xFF, 0xFF, 0xFF, 0x57, 0x00, 0x00, 0x00, 0x00, 
0x86, 0xC9, 0x00, 0x00, 0x00, 0x00, 0x00, 0x00, 0xB3, 0x90, 0x00, 0x00, 0x00, 0x00, 0x75, 0xFF, 
0xFF, 0xFF, 0xFF, 0xAD, 0x00, 0x00, 0xB8, 0x72, 0x00, 0x00, 0x00, 0x00, 0x00, 0x00, 0xEB, 0x3F, 
0x00, 0x00, 0x00, 0x00, 0x00, 0x1F, 0xFE, 0x0E, 0x00, 0x00, 0x00, 0x00, 0x00, 0x4A, 0xFF, 0xFA, 
0xF7, 0xC3, 0x3C, 0x00, 0x00, 0x00, 0x00, 0x02, 0x20, 0xB4, 0xEE, 0x04, 0x00, 0x00, 0x00, 0x00, 
0x00, 0x5E, 0xFF, 0x13, 0x00, 0x00, 0x00, 0x00, 0x00, 0xA1, 0xD9, 0x00, 0x85, 0x66, 0x0E, 0x1F, 
0x82, 0xFA, 0x4A, 0x00, 0x15, 0xAB, 0xF6, 0xEC, 0xB4, 0x39, 0x00, 0x00, 0x00, 0x00, 0x00, 0x24, 
0xA8, 0xE4, 0xF9, 0xDE, 0x18, 0x00, 0x00, 0x33, 0xEF, 0x84, 0x14, 0x00, 0x00, 0x00, 0x00, 0x07, 
0xDB, 0x7C, 0x00, 0x00, 0x00, 0x00, 0x00, 0x00, 0x62, 0xE7, 0x04, 0x00, 0x00, 0x00, 0x00, 0x00, 
0x00, 0xB8, 0xD6, 0xC5, 0xF1, 0xE9, 0x93, 0x02, 0x00, 0x01, 0xF2, 0xA5, 0x2C, 0x06, 0x47, 0xFF, 
0x52, 0x00, 0x17, 0xFF, 0x39, 0x00, 0x00, 0x01, 0xF8, 0x63, 0x00, 0x1C, 0xFF, 0x33, 0x00, 0x00, 
0x3F, 0xFF, 0x26, 0x00, 0x02, 0xE7, 0x8F, 0x0B, 0x36, 0xDD, 0x98, 0x00, 0x00, 0x00, 0x42, 0xD5, 
0xF7, 0xD9, 0x75, 0x02, 0x00, 0x00, 0x0D, 0xF7, 0xFF, 0xFF, 0xFF, 0xFF, 0xFF, 0x84, 0x00, 0x00, 
0x00, 0x00, 0x00, 0x5F, 0xF6, 0x22, 0x00, 0x00, 0x00, 0x00, 0x16, 0xED, 0x76, 0x00, 0x00, 0x00, 
0x00, 0x00, 0xA9, 0xD0, 0x04, 0x00, 0x00, 0x00, 0x00, 0x4E, 0xFD, 0x36, 0x00, 0x00, 0x00, 0x00, 
0x0E, 0xE4, 0x91, 0x00, 0x00, 0x00, 0x00, 0x00, 0x99, 0xE2, 0x0C, 0x00, 0x00, 0x00, 0x00, 0x3F, 
0xFE, 0x4D, 0x00, 0x00, 0x00, 0x00, 0x08, 0xDA, 0xAC, 0x00, 0x00, 0x00, 0x00, 0x00, 0x7B, 0xE7, 
0x19, 0x00, 0x00, 0x00, 0x00, 0x00, 0x00, 0x00, 0x17, 0x9F, 0xE8, 0xFA, 0xD0, 0x3F, 0x00, 0x01, 
0xD0, 0xAE, 0x1E, 0x0E, 0xA6, 0xE0, 0x00, 0x2C, 0xFF, 0x24, 0x00, 0x00, 0x86, 0xD4, 0x00, 0x15, 
0xF9, 0x6C, 0x00, 0x50, 0xF0, 0x4B, 0x00, 0x00, 0x50, 0xF7, 0xDB, 0xD8, 0x38, 0x00, 0x00, 0x2C, 
0xC7, 0xC4, 0x92, 0xF6, 0x70, 0x00, 0x25, 0xF2, 0x70, 0x00, 0x00, 0x60, 0xFD, 0x20, 0x8E, 0xD1, 
0x00, 0x00, 0x00, 0x30, 0xFF, 0x2D, 0x88, 0xEC, 0x32, 0x07, 0x2C, 0xC2, 0xC3, 0x00, 0x0D, 0x9F, 
0xE8, 0xF9, 0xDE, 0x8E, 0x0F, 0x00, 0x00, 0x00, 0x19, 0x9C, 0xE4, 0xF1, 0xB2, 0x17, 0x00, 0x0D, 
0xDD, 0xA8, 0x19, 0x1B, 0xD6, 0x96, 0x00, 0x78, 0xE2, 0x06, 0x00, 0x00, 0x8C, 0xC7, 0x00, 0xB3, 
0xA1, 0x00, 0x00, 0x00, 0x94, 0xC3, 0x00, 0xA6, 0xD2, 0x18, 0x0A, 0x47, 0xDC, 0x9F, 0x00, 0x24, 
0xC1, 0xF5, 0xE7, 0xAD, 0xFB, 0x64, 0x00, 0x00, 0x00, 0x00, 0x00, 0x44, 0xF9, 0x12, 0x00, 0x00, 
0x00, 0x00, 0x04, 0xCD, 0x8D, 0x00, 0x2B, 0x21, 0x05, 0x2C, 0xBE, 0xC2, 0x0A, 0x00, 0x72, 0xED, 
0xF7, 0xD2, 0x78, 0x09, 0x00, 0x00, 0x00, 0x00, 0xCC, 0xE8, 0x03, 0x00, 0x05, 0xF4, 0xB4, 0x00, 
0x00, 0x00, 0x00, 0x00, 0x00, 0x00, 0x00, 0x00, 0x00, 0x00, 0x00, 0x00, 0x00, 0x00, 0x00, 0x00, 
0xCB, 0xE6, 0x02, 0x00, 0x04, 0xF4, 0xB4, 0x00, 0x00, 0x00, 0x00, 0x00, 0x00, 0xCE, 0xEA, 0x05, 
0x00, 0x00, 0x00, 0x05, 0xF4, 0xB3, 0x00, 0x00, 0x00, 0x00, 0x00, 0x00, 0x00, 0x00, 0x00, 0x00, 
0x00, 0x00, 0x00, 0x00, 0x00, 0x00, 0x00, 0x00, 0x00, 0x00, 0x00, 0x00, 0x00, 0x00, 0x04, 0xDA, 
0x00, 0x00, 0x00, 0x00, 0x00, 0x48, 0xBA, 0x00, 0x00, 0x00, 0x00, 0x1D, 0xE5, 0x35, 0x00, 0x00, 
0x00, 0x03, 0xCB, 0x87, 0x00, 0x00, 0x00, 0x00, 0x00, 0x00, 0x00, 0x00, 0x00, 0x00, 0x02, 0x52, 
0x00, 0x00, 0x00, 0x00, 0x04, 0x5E, 0xD3, 0x8D, 0x00, 0x00, 0x06, 0x65, 0xDB, 0xA7, 0x24, 0x00, 
0x00, 0x69, 0xE2, 0xB5, 0x2F, 0x00, 0x00, 0x00, 0x01, 0xFD, 0x6C, 0x00, 0x00, 0x00, 0x00, 0x00, 
0x07, 0x8F, 0xF6, 0x7E, 0x04, 0x00, 0x00, 0x00, 0x00, 0x00, 0x30, 0xC8, 0xCD, 0x2C, 0x00, 0x00, 
0x00, 0x00, 0x00, 0x02, 0x68, 0xE8, 0x85, 0x00, 0x00, 0x00, 0x00, 0x00, 0x00, 0x16, 0x61, 0x00, 
0x00, 0x16, 0xFF, 0xFF, 0xFF, 0xFF, 0xFF, 0xFF, 0xE3, 0x00, 0x00, 0x00, 0x00, 0x00, 0x00, 0x00, 
0x00, 0x00, 0x00, 0x00, 0x00, 0x00, 0x00, 0x00, 0x00, 0x00, 0x00, 0x01, 0xFC, 0xFF, 0xFF, 0xFF, 
0xFF, 0xFF, 0xE6, 0x00, 0x00, 0x5D, 0x39, 0x00, 0x00, 0x00, 0x00, 0x00, 0x00, 0x6E, 0xE2, 0x9A, 
0x12, 0x00, 0x00, 0x00, 0x00, 0x00, 0x13, 0xB0, 0xEA, 0x5F, 0x00, 0x00, 0x00, 0x00, 0x00, 0x00, 
0x6A, 0xF7, 0xC0, 0x1F, 0x00, 0x00, 0x00, 0x00, 0x00, 0x65, 0xFF, 0x0C, 0x00, 0x00, 0x00, 0x21, 
0xA8, 0xF6, 0x92, 0x0D, 0x00, 0x0F, 0x8A, 0xED, 0x8C, 0x18, 0x00, 0x00, 0x64, 0xDD, 0x86, 0x14, 
0x00, 0x00, 0x00, 0x00, 0x6D, 0x11, 0x00, 0x00, 0x00, 0x00, 0x00, 0x00, 0x77, 0xD3, 0xF8, 0xEF, 
0xAD, 0x1C, 0x85, 0x2D, 0x08, 0x1F, 0xA0, 0xBF, 0x00, 0x00, 0x00, 0x00, 0x10, 0xF5, 0x00, 0x00, 
0x00, 0x00, 0x40, 0xCF, 0x00, 0x00, 0x0E, 0x56, 0xE1, 0x50, 0x0F, 0xEB, 0xED, 0xB3, 0x3B, 0x00, 
0x46, 0xC5, 0x00, 0x00, 0x00, 0x00, 0x73, 0x87, 0x00, 0x00, 0x00, 0x00, 0x00, 0x00, 0x00, 0x00, 
0x00, 0x00, 0xBE, 0xE6, 0x00, 0x00, 0x00, 0x00, 0xED, 0xAC, 0x00, 0x00, 0x00, 0x00, 0x00, 0x00, 
0x00, 0x05, 0x55, 0xB4, 0xE8, 0xFB, 0xF0, 0xBC, 0x4B, 0x00, 0x00, 0x00, 0x23, 0xD1, 0xB3, 0x4F, 
0x22, 0x06, 0x15, 0x5C, 0xE9, 0x5A, 0x00, 0x19, 0xE0, 0x57, 0x00, 0x00, 0x00, 0x00, 0x00, 0x00, 
0x50, 0xCB, 0x00, 0xB8, 0x69, 0x00, 0x3F, 0xCC, 0xF1, 0x68, 0xB0, 0x00, 0x0B, 0xF5, 0x38, 0xD1, 
0x00, 0x29, 0xEA, 0x4E, 0x23, 0xF4, 0x93, 0x00, 0x10, 0xED, 0x93, 0x6C, 0x00, 0xA4, 0x72, 0x00, 
0x02, 0xEE, 0x4B, 0x00, 0x41, 0xBF, 0xD3, 0x2A, 0x00, 0xEA, 0x16, 0x00, 0x52, 0xF9, 0x0A, 0x00, 
0x9A, 0x70, 0xF8, 0x05, 0x00, 0xF8, 0x31, 0x35, 0xDA, 0xE7, 0x10, 0x51, 0xDD, 0x0D, 0xF5, 0x0F, 
0x00, 0x8A, 0xF7, 0xCE, 0x37, 0xA3, 0xF8, 0xCC, 0x29, 0x00, 0xBF, 0x68, 0x00, 0x00, 0x00, 0x00, 
0x00, 0x00, 0x00, 0x00, 0x00, 0x00, 0x39, 0xF0, 0x88, 0x31, 0x0F, 0x00, 0x00, 0x00, 0x00, 0x00, 
0x00, 0x00, 0x00, 0x28, 0x9A, 0xDB, 0xF4, 0xFF, 0xFF, 0xED, 0x00, 0x00, 0x00, 0x00, 0x00, 0x00, 
0x00, 0x00, 0x00, 0x30, 0xF5, 0xBE, 0x00, 0x00, 0x00, 0x00, 0x00, 0x00, 0x00, 0xC0, 0xCE, 0xF1, 
0x00, 0x00, 0x00, 0x00, 0x00, 0x00, 0x53, 0xE5, 0x32, 0xFF, 0x1D, 0x00, 0x00, 0x00, 0x00, 0x07, 
0xDE, 0x5F, 0x03, 0xF7, 0x48, 0x00, 0x00, 0x00, 0x00, 0x78, 0xCC, 0x01, 0x00, 0xCF, 0x74, 0x00, 
0x00, 0x00, 0x17, 0xF1, 0x3D, 0x00, 0x00, 0xA2, 0xA0, 0x00, 0x00, 0x00, 0x9D, 0xFF, 0xFF, 0xFF, 
0xFF, 0xFF, 0xCB, 0x00, 0x00, 0x30, 0xFB, 0x29, 0x00, 0x00, 0x00, 0x51, 0xF5, 0x01, 0x00, 0xC0, 
0xA6, 0x00, 0x00, 0x00, 0x00, 0x32, 0xFF, 0x22, 0x41, 0xF6, 0x28, 0x00, 0x00, 0x00, 0x00, 0x12, 
0xFB, 0x42, 0x00, 0x00, 0x6A, 0xFE, 0xFF, 0xFD, 0xE5, 0x80, 0x00, 0x00, 0x00, 0xAF, 0xA5, 0x00, 
0x09, 0x7E, 0xFF, 0x34, 0x00, 0x00, 0xE2, 0x71, 0x00, 0x00, 0x4E, 0xFF, 0x24, 0x00, 0x15, 0xFF, 
0x3D, 0x02, 0x30, 0xD4, 0x97, 0x00, 0x00, 0x49, 0xFF, 0xFF, 0xFF, 0xFF, 0xDA, 0x1E, 0x00, 0x00, 
0x7C, 0xD6, 0x00, 0x01, 0x27, 0xD3, 0xC0, 0x00, 0x00, 0xAF, 0xA4, 0x00, 0x00, 0x00, 0x7F, 0xEE, 
0x00, 0x00, 0xE2, 0x72, 0x00, 0x00, 0x00, 0xAC, 0xC3, 0x00, 0x15, 0xFF, 0x40, 0x00, 0x12, 0x71, 
0xFA, 0x41, 0x00, 0x36, 0xFE, 0xFF, 0xFF, 0xEF, 0xBA, 0x3D, 0x00, 0x00, 0x00, 0x00, 0x00, 0x17, 
0x95, 0xE8, 0xF7, 0xD1, 0x5E, 0x00, 0x00, 0x27, 0xE9, 0x9F, 0x28, 0x0D, 0x4F, 0xBA, 0x00, 0x06, 
0xDA, 0x9E, 0x00, 0x00, 0x00, 0x00, 0x00, 0x00, 0x6C, 0xF3, 0x13, 0x00, 0x00, 0x00, 0x00, 0x00, 
0x00, 0xC3, 0xA6, 0x00, 0x00, 0x00, 0x00, 0x00, 0x00, 0x00, 0xF6, 0x6E, 0x00, 0x00, 0x00, 0x00, 
0x00, 0x00, 0x07, 0xFF, 0x60, 0x00, 0x00, 0x00, 0x00, 0x00, 0x00, 0x00, 0xE7, 0x8D, 0x00, 0x00, 
0x00, 0x00, 0x00, 0x00, 0x00, 0x81, 0xF4, 0x51, 0x0B, 0x23, 0x8A, 0x6C, 0x00, 0x00, 0x05, 0x7C, 
0xDD, 0xF8, 0xDE, 0x91, 0x11, 0x00, 0x00, 0x00, 0x67, 0xFE, 0xFF, 0xFC, 0xE6, 0xA3, 0x1E, 0x00, 
0x00, 0x00, 0xAD, 0xA5, 0x00, 0x05, 0x38, 0xCF, 0xE2, 0x0D, 0x00, 0x00, 0xE0, 0x72, 0x00, 0x00, 
0x00, 0x25, 0xFF, 0x64, 0x00, 0x13, 0xFF, 0x3F, 0x00, 0x00, 0x00, 0x00, 0xEB, 0x86, 0x00, 0x47, 
0xFE, 0x0E, 0x00, 0x00, 0x00, 0x00, 0xF3, 0x78, 0x00, 0x7A, 0xD9, 0x00, 0x00, 0x00, 0x00, 0x26, 
0xFF, 0x4A, 0x00, 0xAD, 0xA6, 0x00, 0x00, 0x00, 0x00, 0x82, 0xED, 0x07, 0x00, 0xE0, 0x73, 0x00, 
0x00, 0x00, 0x2F, 0xF3, 0x70, 0x00, 0x13, 0xFF, 0x41, 0x01, 0x16, 0x6B, 0xEC, 0x98, 0x01, 0x00, 
0x39, 0xFF, 0xFF, 0xFE, 0xEE, 0xB5, 0x4D, 0x00, 0x00, 0x00, 0x00, 0x00, 0x68, 0xFF, 0xFF, 0xFF, 
0xFF, 0xF9, 0x0B, 0x00, 0x00, 0xAF, 0xA9, 0x00, 0x00, 0x00, 0x00, 0x00, 0x00, 0x00, 0xE2, 0x75, 
0x00, 0x00, 0x00, 0x00, 0x00, 0x00, 0x15, 0xFF, 0x41, 0x00, 0x00, 0x00, 0x00, 0x00, 0x00, 0x48, 
0xFF, 0xFF, 0xFF, 0xFF, 0xA6, 0x00, 0x00, 0x00, 0x7B, 0xD9, 0x00, 0x00, 0x00, 0x00, 0x00, 0x00, 
0x00, 0xAF, 0xA5, 0x00, 0x00, 0x00, 0x00, 0x00, 0x00, 0x00, 0xE2, 0x71, 0x00, 0x00, 0x00, 0x00, 
0x00, 0x00, 0x15, 0xFF, 0x3D, 0x00, 0x00, 0x00, 0x00, 0x00, 0x00, 0x3A, 0xFF, 0xFF, 0xFF, 0xFF, 
0xFF, 0x4B, 0x00, 0x00, 0x00, 0x00, 0x68, 0xFF, 0xFF, 0xFF, 0xFF, 0xC7, 0x00, 0x00, 0xAF, 0xA9, 
0x00, 0x00, 0x00, 0x00, 0x00, 0x00, 0xE3, 0x76, 0x00, 0x00, 0x00, 0x00, 0x00, 0x16, 0xFF, 0x43, 
0x00, 0x00, 0x00, 0x00, 0x00, 0x49, 0xFF, 0x11, 0x00, 0x00, 0x00, 0x00, 0x00, 0x7D, 0xFF, 0xFF, 
0xFF, 0xFF, 0x8F, 0x00, 0x00, 0xB0, 0xA9, 0x00, 0x00, 0x00, 0x00, 0x00, 0x00, 0xE3, 0x76, 0x00, 
0x00, 0x00, 0x00, 0x00, 0x16, 0xFF, 0x42, 0x00, 0x00, 0x00, 0x00, 0x00, 0x44, 0xF8, 0x0F, 0x00, 
0x00, 0x00, 0x00, 0x00, 0x00, 0x00, 0x00, 0x08, 0x6A, 0xC8, 0xEF, 0xF4, 0xCD, 0x72, 0x00, 0x00, 
0x1E, 0xD1, 0xBE, 0x42, 0x0E, 0x18, 0x65, 0xC9, 0x00, 0x06, 0xD3, 0xA6, 0x03, 0x00, 0x00, 0x00, 
0x00, 0x00, 0x00, 0x72, 0xE7, 0x0E, 0x00, 0x00, 0x00, 0x00, 0x00, 0x00, 0x00, 0xD4, 0x8C, 0x00, 
0x00, 0x00, 0x00, 0x00, 0x00, 0x00, 0x05, 0xFD, 0x57, 0x00, 0x00, 0xD2, 0xFF, 0xFF, 0xFF, 0x16, 
0x15, 0xFF, 0x52, 0x00, 0x00, 0x00, 0x00, 0x73, 0xE4, 0x00, 0x02, 0xED, 0x92, 0x00, 0x00, 0x00, 
0x00, 0xA8, 0xB1, 0x00, 0x00, 0x67, 0xFC, 0x72, 0x17, 0x0A, 0x3B, 0xE5, 0x7D, 0x00, 0x00, 0x00, 
0x53, 0xC5, 0xED, 0xF6, 0xD4, 0x91, 0x18, 0x00, 0x00, 0x00, 0x77, 0xD2, 0x00, 0x00, 0x00, 0x00, 
0x84, 0xC3, 0x00, 0x00, 0xB1, 0xA8, 0x00, 0x00, 0x00, 0x00, 0xBD, 0x96, 0x00, 0x00, 0xE4, 0x76, 
0x00, 0x00, 0x00, 0x00, 0xEF, 0x63, 0x00, 0x17, 0xFF, 0x44, 0x00, 0x00, 0x00, 0x23, 0xFF, 0x30, 
0x00, 0x4A, 0xFF, 0xFF, 0xFF, 0xFF, 0xFF, 0xFF, 0xF8, 0x05, 0x00, 0x7C, 0xDA, 0x00, 0x00, 0x00, 
0x00, 0x8A, 0xCB, 0x00, 0x00, 0xAF, 0xA7, 0x00, 0x00, 0x00, 0x00, 0xBC, 0x98, 0x00, 0x00, 0xE2, 
0x75, 0x00, 0x00, 0x00, 0x00, 0xEE, 0x65, 0x00, 0x14, 0xFF, 0x42, 0x00, 0x00, 0x00, 0x21, 0xFF, 
0x33, 0x00, 0x41, 0xF7, 0x10, 0x00, 0x00, 0x00, 0x4D, 0xF2, 0x06, 0x00, 0x00, 0x00, 0x76, 0xD2, 
0x00, 0x00, 0xB1, 0xA6, 0x00, 0x00, 0xE4, 0x73, 0x00, 0x17, 0xFF, 0x40, 0x00, 0x4B, 0xFE, 0x0F, 
0x00, 0x7E, 0xD9, 0x00, 0x00, 0xB1, 0xA6, 0x00, 0x00, 0xE4, 0x73, 0x00, 0x17, 0xFF, 0x40, 0x00, 
0x44, 0xF7, 0x0E, 0x00, 0x00, 0x00, 0x00, 0x00, 0x5F, 0xED, 0x00, 0x00, 0x00, 0x00, 0x99, 0xC2, 
0x00, 0x00, 0x00, 0x00, 0xCC, 0x8F, 0x00, 0x00, 0x00, 0x05, 0xF8, 0x5C, 0x00, 0x00, 0x00, 0x31, 
0xFF, 0x29, 0x00, 0x00, 0x00, 0x64, 0xF3, 0x02, 0x00, 0x00, 0x00, 0x97, 0xC2, 0x00, 0x00, 0x00, 
0x00, 0xCD, 0x8C, 0x00, 0x21, 0x17, 0x3B, 0xFD, 0x36, 0x00, 0x6D, 0xF6, 0xE8, 0x72, 0x00, 0x00, 
0x00, 0x00, 0x76, 0xD6, 0x00, 0x00, 0x0C, 0xBD, 0xBF, 0x00, 0x00, 0xB0, 0xAA, 0x00, 0x0C, 0xC4, 
0xC7, 0x10, 0x00, 0x00, 0xE3, 0x76, 0x0D, 0xC4, 0xC1, 0x0D, 0x00, 0x00, 0x16, 0xFF, 0x50, 0xC5, 
0xBA, 0x0A, 0x00, 0x00, 0x00, 0x49, 0xFE, 0xD3, 0xBF, 0x07, 0x00, 0x00, 0x00, 0x00, 0x7C, 0xD8, 
0x9F, 0xDD, 0x07, 0x00, 0x00, 0x00, 0x00, 0xAF, 0xA6, 0x1A, 0xF5, 0x77, 0x00, 0x00, 0x00, 0x00, 
0xE2, 0x74, 0x00, 0x80, 0xF2, 0x17, 0x00, 0x00, 0x14, 0xFF, 0x42, 0x00, 0x0A, 0xE5, 0x9C, 0x00, 
0x00, 0x41, 0xF7, 0x10, 0x00, 0x00, 0x5D, 0xF9, 0x1D, 0x00, 0x00, 0x00, 0x76, 0xD2, 0x00, 0x00, 
0x00, 0x00, 0xB0, 0xA7, 0x00, 0x00, 0x00, 0x00, 0xE3, 0x74, 0x00, 0x00, 0x00, 0x15, 0xFF, 0x42, 
0x00, 0x00, 0x00, 0x48, 0xFF, 0x10, 0x00, 0x00, 0x00, 0x7B, 0xDC, 0x00, 0x00, 0x00, 0x00, 0xAE, 
0xAA, 0x00, 0x00, 0x00, 0x00, 0xE0, 0x77, 0x00, 0x00, 0x00, 0x13, 0xFF, 0x45, 0x00, 0x00, 0x00, 
0x3A, 0xFF, 0xFF, 0xFF, 0xFF, 0xE4, 0x00, 0x00, 0x6A, 0xFF, 0xC3, 0x00, 0x00, 0x00, 0x00, 0x00, 
0x05, 0xC0, 0xFF, 0x6F, 0x00, 0x00, 0xAF, 0xD1, 0xFE, 0x10, 0x00, 0x00, 0x00, 0x00, 0x7C, 0xD4, 
0xFB, 0x4D, 0x00, 0x00, 0xE2, 0x71, 0xFA, 0x43, 0x00, 0x00, 0x00, 0x24, 0xF5, 0x68, 0xFF, 0x1A, 
0x00, 0x16, 0xFF, 0x36, 0xD0, 0x78, 0x00, 0x00, 0x00, 0xBB, 0x97, 0x65, 0xE7, 0x00, 0x00, 0x49, 
0xFB, 0x08, 0x9F, 0xAD, 0x00, 0x00, 0x5D, 0xE8, 0x10, 0x98, 0xB4, 0x00, 0x00, 0x7D, 0xCF, 0x00, 
0x6D, 0xE2, 0x00, 0x12, 0xEA, 0x5B, 0x00, 0xCC, 0x81, 0x00, 0x00, 0xB0, 0x9C, 0x00, 0x3C, 0xFF, 
0x17, 0x9D, 0xBC, 0x00, 0x06, 0xF9, 0x4E, 0x00, 0x00, 0xE4, 0x68, 0x00, 0x0C, 0xFD, 0x8A, 0xF7, 
0x26, 0x00, 0x33, 0xFF, 0x1B, 0x00, 0x17, 0xFF, 0x35, 0x00, 0x00, 0xD9, 0xFF, 0x80, 0x00, 0x00, 
0x67, 0xE8, 0x00, 0x00, 0x44, 0xF2, 0x07, 0x00, 0x00, 0xA0, 0xD4, 0x07, 0x00, 0x00, 0x93, 0xAE, 
0x00, 0x00, 0x00, 0x00, 0x67, 0xFD, 0x73, 0x00, 0x00, 0x00, 0x1D, 0xFA, 0x1F, 0x00, 0x00, 0xB0, 
0xCD, 0xD9, 0x00, 0x00, 0x00, 0x53, 0xF0, 0x01, 0x00, 0x00, 0xE3, 0x5E, 0xF5, 0x35, 0x00, 0x00, 
0x87, 0xBD, 0x00, 0x00, 0x16, 0xFF, 0x24, 0xA9, 0x91, 0x00, 0x00, 0xBA, 0x89, 0x00, 0x00, 0x49, 
0xF2, 0x01, 0x4E, 0xE9, 0x04, 0x00, 0xED, 0x56, 0x00, 0x00, 0x7C, 0xC3, 0x00, 0x05, 0xEC, 0x4A, 
0x21, 0xFF, 0x22, 0x00, 0x00, 0xAE, 0x92, 0x00, 0x00, 0x96, 0xA5, 0x55, 0xED, 0x00, 0x00, 0x00, 
0xE1, 0x61, 0x00, 0x00, 0x3A, 0xF4, 0x8F, 0xBA, 0x00, 0x00, 0x14, 0xFF, 0x30, 0x00, 0x00, 0x00, 
0xDD, 0xF4, 0x86, 0x00, 0x00, 0x41, 0xF2, 0x06, 0x00, 0x00, 0x00, 0x7A, 0xFC, 0x46, 0x00, 0x00, 
0x00, 0x00, 0x00, 0x15, 0x94, 0xE4, 0xF9, 0xDC, 0x87, 0x09, 0x00, 0x00, 0x00, 0x2C, 0xED, 0x9D, 
0x1F, 0x0B, 0x48, 0xEA, 0x93, 0x00, 0x00, 0x08, 0xE0, 0x94, 0x00, 0x00, 0x00, 0x00, 0x7A, 0xF1, 
0x00, 0x00, 0x6D, 0xF2, 0x0C, 0x00, 0x00, 0x00, 0x00, 0x56, 0xFF, 0x10, 0x00, 0xC4, 0xA5, 0x00, 
0x00, 0x00, 0x00, 0x00, 0x69, 0xFB, 0x02, 0x01, 0xF9, 0x6F, 0x00, 0x00, 0x00, 0x00, 0x00, 0x9D, 
0xC6, 0x00, 0x0D, 0xFF, 0x5C, 0x00, 0x00, 0x00, 0x00, 0x08, 0xEE, 0x70, 0x00, 0x00, 0xF3, 0x7B, 
0x00, 0x00, 0x00, 0x00, 0x8A, 0xE4, 0x0B, 0x00, 0x00, 0x99, 0xE9, 0x46, 0x0A, 0x1C, 0x94, 0xF0, 
0x32, 0x00, 0x00, 0x00, 0x0B, 0x8A, 0xDE, 0xF9, 0xE6, 0x99, 0x18, 0x00, 0x00, 0x00, 0x00, 0x00, 
0x6A, 0xFE, 0xFF, 0xFC, 0xDA, 0x60, 0x00, 0x00, 0x00, 0xB1, 0xA6, 0x00, 0x07, 0x82, 0xFD, 0x22, 
0x00, 0x00, 0xE3, 0x74, 0x00, 0x00, 0x27, 0xFF, 0x42, 0x00, 0x16, 0xFF, 0x42, 0x00, 0x00, 0x5E, 
0xFA, 0x14, 0x00, 0x49, 0xFF, 0x11, 0x09, 0x4B, 0xEA, 0x81, 0x00, 0x00, 0x7C, 0xFF, 0xFF, 0xF4, 
0xCF, 0x62, 0x00, 0x00, 0x00, 0xAF, 0xA9, 0x00, 0x00, 0x00, 0x00, 0x00, 0x00, 0x00, 0xE2, 0x76, 
0x00, 0x00, 0x00, 0x00, 0x00, 0x00, 0x14, 0xFF, 0x43, 0x00, 0x00, 0x00, 0x00, 0x00, 0x00, 0x40, 
0xF7, 0x11, 0x00, 0x00, 0x00, 0x00, 0x00, 0x00, 0x00, 0x00, 0x00, 0x15, 0x95, 0xE4, 0xF8, 0xDC, 
0x8D, 0x0D, 0x00, 0x00, 0x00, 0x2C, 0xED, 0x9B, 0x1F, 0x0B, 0x48, 0xEA, 0xA3, 0x00, 0x00, 0x08, 
0xE0, 0x92, 0x00, 0x00, 0x00, 0x00, 0x7A, 0xFB, 0x06, 0x00, 0x6D, 0xF2, 0x0C, 0x00, 0x00, 0x00, 
0x00, 0x56, 0xFF, 0x21, 0x00, 0xC4, 0xA5, 0x00, 0x00, 0x00, 0x00, 0x00, 0x69, 0xFF, 0x10, 0x01, 
0xF9, 0x6F, 0x00, 0x00, 0x00, 0x00, 0x00, 0x9D, 0xDC, 0x00, 0x0D, 0xFF, 0x59, 0x00, 0x00, 0x00, 
0x00, 0x09, 0xEF, 0x87, 0x00, 0x00, 0xF3, 0x7A, 0x00, 0x00, 0x00, 0x00, 0x8E, 0xED, 0x16, 0x00, 
0x00, 0x99, 0xE9, 0x46, 0x0A, 0x1C, 0x97, 0xFF, 0x87, 0x00, 0x00, 0x00, 0x0B, 0x8B, 0xDF, 0xF9, 
0xE5, 0x6F, 0x90, 0xFC, 0x5F, 0x00, 0x00, 0x00, 0x00, 0x00, 0x00, 0x00, 0x00, 0x00, 0x68, 0xE5, 
0x11, 0x00, 0x00, 0x68, 0xFE, 0xFF, 0xF7, 0xCF, 0x4B, 0x00, 0x00, 0x00, 0xAF, 0xA9, 0x00, 0x0C, 
0x8F, 0xF6, 0x0B, 0x00, 0x00, 0xE3, 0x75, 0x00, 0x00, 0x32, 0xFF, 0x24, 0x00, 0x16, 0xFF, 0x41, 
0x00, 0x00, 0x64, 0xEE, 0x06, 0x00, 0x49, 0xFE, 0x0F, 0x0C, 0x4E, 0xE9, 0x67, 0x00, 0x00, 0x7D, 
0xFF, 0xFF, 0xFF, 0xF5, 0x4D, 0x00, 0x00, 0x00, 0xB0, 0xAD, 0x02, 0x33, 0xEB, 0x87, 0x00, 0x00, 
0x00, 0xE3, 0x78, 0x00, 0x00, 0x8E, 0xDF, 0x00, 0x00, 0x16, 0xFF, 0x43, 0x00, 0x00, 0x52, 0xFF, 
0x1A, 0x00, 0x44, 0xF8, 0x10, 0x00, 0x00, 0x18, 0xFA, 0x4B, 0x00, 0x00, 0x00, 0x2D, 0xB4, 0xEC, 
0xE8, 0x79, 0x00, 0x00, 0x1A, 0xED, 0x90, 0x12, 0x2F, 0xC4, 0x0A, 0x00, 0x63, 0xFB, 0x04, 0x00, 
0x00, 0x00, 0x00, 0x00, 0x56, 0xFF, 0x49, 0x00, 0x00, 0x00, 0x00, 0x00, 0x04, 0xB5, 0xFC, 0x93, 
0x0F, 0x00, 0x00, 0x00, 0x00, 0x01, 0x61, 0xEB, 0xD9, 0x0E, 0x00, 0x00, 0x00, 0x00, 0x00, 0x28, 
0xFE, 0x63, 0x00, 0x00, 0x00, 0x00, 0x00, 0x0E, 0xFD, 0x60, 0x00, 0xC0, 0x5C, 0x0E, 0x22, 0xAF, 
0xD5, 0x0C, 0x00, 0x58, 0xCE, 0xF7, 0xE0, 0x96, 0x16, 0x00, 0x00, 0xA6, 0xFF, 0xFF, 0xFF, 0xFF, 
0xFF, 0xFF, 0xD2, 0x00, 0x00, 0x00, 0xCE, 0x89, 0x00, 0x00, 0x00, 0x00, 0x00, 0x06, 0xF9, 0x56, 
0x00, 0x00, 0x00, 0x00, 0x00, 0x33, 0xFF, 0x23, 0x00, 0x00, 0x00, 0x00, 0x00, 0x66, 0xEF, 0x01, 
0x00, 0x00, 0x00, 0x00, 0x00, 0x98, 0xBD, 0x00, 0x00, 0x00, 0x00, 0x00, 0x00, 0xCB, 0x89, 0x00, 
0x00, 0x00, 0x00, 0x00, 0x05, 0xF8, 0x56, 0x00, 0x00, 0x00, 0x00, 0x00, 0x31, 0xFF, 0x23, 0x00, 
0x00, 0x00, 0x00, 0x00, 0x5C, 0xE8, 0x01, 0x00, 0x00, 0x00, 0x00, 0x00, 0x7A, 0xCF, 0x00, 0x00, 
0x00, 0x00, 0x34, 0xFB, 0x19, 0x00, 0xB5, 0xA3, 0x00, 0x00, 0x00, 0x00, 0x6D, 0xEA, 0x00, 0x00, 
0xE8, 0x6F, 0x00, 0x00, 0x00, 0x00, 0xA0, 0xB7, 0x00, 0x1C, 0xFF, 0x3C, 0x00, 0x00, 0x00, 0x00, 
0xD4, 0x83, 0x00, 0x4F, 0xFD, 0x0B, 0x00, 0x00, 0x00, 0x0A, 0xFC, 0x50, 0x00, 0x82, 0xD4, 0x00, 
0x00, 0x00, 0x00, 0x3A, 0xFF, 0x1C, 0x00, 0xB0, 0xAC, 0x00, 0x00, 0x00, 0x00, 0x78, 0xDD, 0x00, 
0x00, 0xBD, 0xAB, 0x00, 0x00, 0x00, 0x07, 0xD8, 0x81, 0x00, 0x00, 0x7D, 0xF3, 0x48, 0x0A, 0x29, 
0xB4, 0xD0, 0x0B, 0x00, 0x00, 0x06, 0x8D, 0xDB, 0xF6, 0xDA, 0x89, 0x11, 0x00, 0x00, 0x00, 0x75, 
0xE2, 0x00, 0x00, 0x00, 0x00, 0x00, 0x8B, 0xD8, 0x56, 0xFF, 0x0D, 0x00, 0x00, 0x00, 0x20, 0xF9, 
0x57, 0x2D, 0xFF, 0x32, 0x00, 0x00, 0x00, 0xA3, 0xC7, 0x00, 0x07, 0xFD, 0x57, 0x00, 0x00, 0x2E, 
0xFD, 0x3A, 0x00, 0x00, 0xDC, 0x7C, 0x00, 0x00, 0xB6, 0xAB, 0x00, 0x00, 0x00, 0xB3, 0xA1, 0x00, 
0x3F, 0xF9, 0x23, 0x00, 0x00, 0x00, 0x8B, 0xC6, 0x00, 0xC7, 0x8E, 0x00, 0x00, 0x00, 0x00, 0x62, 
0xEB, 0x52, 0xEE, 0x11, 0x00, 0x00, 0x00, 0x00, 0x3A, 0xFF, 0xDF, 0x71, 0x00, 0x00, 0x00, 0x00, 
0x00, 0x10, 0xFA, 0xD5, 0x06, 0x00, 0x00, 0x00, 0x00, 0x44, 0xFA, 0x0F, 0x00, 0x00, 0x00, 0x92, 
0xF8, 0x04, 0x00, 0x00, 0x00, 0x83, 0xD3, 0x34, 0xFF, 0x24, 0x00, 0x00, 0x16, 0xF7, 0xFF, 0x18, 
0x00, 0x00, 0x0E, 0xF0, 0x63, 0x1D, 0xFF, 0x37, 0x00, 0x00, 0x85, 0xCE, 0xFF, 0x2D, 0x00, 0x00, 
0x78, 0xE0, 0x05, 0x06, 0xFF, 0x49, 0x00, 0x0C, 0xEE, 0x45, 0xFF, 0x42, 0x00, 0x07, 0xE7, 0x67, 
0x00, 0x00, 0xEE, 0x5C, 0x00, 0x72, 0xC9, 0x00, 0xF2, 0x56, 0x00, 0x68, 0xE2, 0x06, 0x00, 0x00, 
0xD6, 0x6E, 0x05, 0xE2, 0x53, 0x00, 0xDC, 0x6B, 0x03, 0xDC, 0x6A, 0x00, 0x00, 0x00, 0xBF, 0x81, 
0x5E, 0xDC, 0x02, 0x00, 0xC6, 0x80, 0x57, 0xE4, 0x07, 0x00, 0x00, 0x00, 0xA7, 0x94, 0xD3, 0x69, 
0x00, 0x00, 0xB0, 0x95, 0xCE, 0x6E, 0x00, 0x00, 0x00, 0x00, 0x90, 0xE6, 0xEB, 0x09, 0x00, 0x00, 
0x9A, 0xE5, 0xE7, 0x08, 0x00, 0x00, 0x00, 0x00, 0x6E, 0xFE, 0x79, 0x00, 0x00, 0x00, 0x7D, 0xFE, 
0x6B, 0x00, 0x00, 0x00, 0x00, 0x00, 0x00, 0x1E, 0xFC, 0x4E, 0x00, 0x00, 0x02, 0xB4, 0xC8, 0x00, 
0x00, 0x00, 0xC8, 0xB4, 0x00, 0x00, 0x81, 0xED, 0x21, 0x00, 0x00, 0x00, 0x63, 0xFC, 0x1A, 0x47, 
0xFA, 0x44, 0x00, 0x00, 0x00, 0x00, 0x0B, 0xF2, 0x96, 0xEB, 0x74, 0x00, 0x00, 0x00, 0x00, 0x00, 
0x00, 0x9B, 0xFF, 0xA9, 0x00, 0x00, 0x00, 0x00, 0x00, 0x00, 0x15, 0xE1, 0xF8, 0x97, 0x00, 0x00, 
0x00, 0x00, 0x00, 0x04, 0xBF, 0xB8, 0x74, 0xF2, 0x0C, 0x00, 0x00, 0x00, 0x00, 0x91, 0xE1, 0x13, 
0x15, 0xFA, 0x67, 0x00, 0x00, 0x00, 0x5E, 0xF9, 0x37, 0x00, 0x00, 0xAD, 0xCF, 0x00, 0x00, 0x24, 
0xF4, 0x69, 0x00, 0x00, 0x00, 0x47, 0xFE, 0x28, 0x00, 0x6E, 0xE8, 0x03, 0x00, 0x00, 0x09, 0xD3, 
0x8C, 0x2A, 0xFF, 0x3E, 0x00, 0x00, 0x95, 0xD9, 0x0B, 0x00, 0xDA, 0x8B, 0x00, 0x46, 0xF9, 0x33, 
0x00, 0x00, 0x8B, 0xD4, 0x0F, 0xE3, 0x77, 0x00, 0x00, 0x00, 0x3C, 0xFF, 0xAB, 0xBF, 0x02, 0x00, 
0x00, 0x00, 0x02, 0xE9, 0xEE, 0x1C, 0x00, 0x00, 0x00, 0x00, 0x00, 0xD0, 0x89, 0x00, 0x00, 0x00, 
0x00, 0x00, 0x08, 0xFB, 0x55, 0x00, 0x00, 0x00, 0x00, 0x00, 0x37, 0xFF, 0x23, 0x00, 0x00, 0x00, 
0x00, 0x00, 0x63, 0xE8, 0x01, 0x00, 0x00, 0x00, 0x00, 0x00, 0x00, 0x33, 0xFF, 0xFF, 0xFF, 0xFF, 
0xFF, 0xFD, 0x12, 0x00, 0x00, 0x00, 0x00, 0x00, 0x00, 0x11, 0xDB, 0x9B, 0x00, 0x00, 0x00, 0x00, 
0x00, 0x00, 0x04, 0xBC, 0xC6, 0x07, 0x00, 0x00, 0x00, 0x00, 0x00, 0x00, 0x93, 0xE3, 0x18, 0x00, 
0x00, 0x00, 0x00, 0x00, 0x00, 0x65, 0xF6, 0x33, 0x00, 0x00, 0x00, 0x00, 0x00, 0x00, 0x3D, 0xF9, 
0x58, 0x00, 0x00, 0x00, 0x00, 0x00, 0x00, 0x1F, 0xEA, 0x85, 0x00, 0x00, 0x00, 0x00, 0x00, 0x00, 
0x0B, 0xD1, 0xB1, 0x01, 0x00, 0x00, 0x00, 0x00, 0x00, 0x00, 0xAC, 0xD4, 0x0D, 0x00, 0x00, 0x00, 
0x00, 0x00, 0x00, 0x25, 0xFE, 0xFF, 0xFF, 0xFF, 0xFF, 0xFF, 0x73, 0x00, 0x00, 0x00, 0x00, 0x05, 
0xEB, 0xFF, 0xE5, 0x00, 0x00, 0x38, 0xFA, 0x0A, 0x00, 0x00, 0x00, 0x74, 0xC4, 0x00, 0x00, 0x00, 
0x00, 0xB0, 0x85, 0x00, 0x00, 0x00, 0x00, 0xEA, 0x46, 0x00, 0x00, 0x00, 0x27, 0xFB, 0x0C, 0x00, 
0x00, 0x00, 0x63, 0xC8, 0x00, 0x00, 0x00, 0x00, 0x9E, 0x89, 0x00, 0x00, 0x00, 0x00, 0xDA, 0x4A, 
0x00, 0x00, 0x00, 0x15, 0xFC, 0x0F, 0x00, 0x00, 0x00, 0x51, 0xCC, 0x00, 0x00, 0x00, 0x00, 0x8D, 
0x8D, 0x00, 0x00, 0x00, 0x00, 0xC8, 0x4F, 0x00, 0x00, 0x00, 0x00, 0xEF, 0xFF, 0xEB, 0x00, 0x00, 
0x00, 0xEF, 0x0C, 0x00, 0xD2, 0x35, 0x00, 0xA9, 0x5E, 0x00, 0x7F, 0x87, 0x00, 0x56, 0xB0, 0x00, 
0x2D, 0xD9, 0x00, 0x07, 0xF8, 0x06, 0x00, 0xDA, 0x2C, 0x00, 0xB1, 0x55, 0x00, 0x88, 0x7E, 0x00, 
0x5F, 0xA7, 0x00, 0x36, 0xD1, 0x00, 0x0D, 0xF0, 0x00, 0x00, 0x94, 0xFF, 0xFF, 0x50, 0x00, 0x00, 
0x00, 0x15, 0xFF, 0x28, 0x00, 0x00, 0x00, 0x40, 0xF7, 0x03, 0x00, 0x00, 0x00, 0x6B, 0xCC, 0x00, 
0x00, 0x00, 0x00, 0x96, 0x9E, 0x00, 0x00, 0x00, 0x00, 0xC0, 0x70, 0x00, 0x00, 0x00, 0x00, 0xEB, 
0x42, 0x00, 0x00, 0x00, 0x15, 0xFF, 0x14, 0x00, 0x00, 0x00, 0x40, 0xE7, 0x00, 0x00, 0x00, 0x00, 
0x6B, 0xB9, 0x00, 0x00, 0x00, 0x00, 0x96, 0x8B, 0x00, 0x00, 0x00, 0x00, 0xC0, 0x5D, 0x00, 0x00, 
0x00, 0x00, 0xEB, 0x2F, 0x00, 0x00, 0xDE, 0xFF, 0xEA, 0x06, 0x00, 0x00, 0x00, 0x00, 0x00, 0x46, 
0xF2, 0x72, 0x00, 0x00, 0x00, 0x0B, 0xE0, 0xC0, 0xA8, 0x00, 0x00, 0x00, 0x90, 0xB0, 0x34, 0xDD, 
0x00, 0x00, 0x36, 0xE9, 0x17, 0x05, 0xF6, 0x13, 0x05, 0xD2, 0x57, 0x00, 0x00, 0xC5, 0x48, 0x6E, 
0xB0, 0x00, 0x00, 0x00, 0x85, 0x79, 0x01, 0xFC, 0xFF, 0xFF, 0xFF, 0xFF, 0xFF, 0xFF, 0xE9, 0x02, 
0xE1, 0x17, 0x00, 0x00, 0x88, 0x83, 0x00, 0x00, 0x1B, 0xD8, 0x05, 0x00, 0x00, 0x56, 0xD7, 0xEF, 
0xAD, 0x9F, 0x90, 0x00, 0x4D, 0xF4, 0x4B, 0x13, 0x7E, 0xFF, 0x62, 0x00, 0xD8, 0x7F, 0x00, 0x00, 
0x16, 0xFF, 0x30, 0x2B, 0xFF, 0x27, 0x00, 0x00, 0x5A, 0xF8, 0x05, 0x4D, 0xFF, 0x05, 0x00, 0x04, 
0xCA, 0xCB, 0x00, 0x38, 0xFF, 0x47, 0x1B, 0xA8, 0xF0, 0x98, 0x00, 0x00, 0x98, 0xF1, 0xDF, 0x6E, 
0xBD, 0x5F, 0x00, 0x00, 0x00, 0x66, 0xD3, 0x00, 0x00, 0x00, 0x00, 0x00, 0x00, 0xA0, 0xA7, 0x00, 
0x00, 0x00, 0x00, 0x00, 0x00, 0xD3, 0x73, 0x00, 0x00, 0x00, 0x00, 0x00, 0x09, 0xFC, 0x40, 0x00, 
0x00, 0x00, 0x00, 0x00, 0x39, 0xF9, 0x56, 0xCD, 0xF5, 0xB2, 0x08, 0x00, 0x6C, 0xF2, 0xC3, 0x2A, 
0x2C, 0xF9, 0x5C, 0x00, 0x9F, 0xE5, 0x11, 0x00, 0x00, 0xDB, 0x74, 0x00, 0xD2, 0x82, 0x00, 0x00, 
0x05, 0xF7, 0x52, 0x09, 0xFB, 0x3F, 0x00, 0x00, 0x55, 0xF3, 0x0F, 0x38, 0xFF, 0xA0, 0x1A, 0x33, 
0xE5, 0x76, 0x00, 0x63, 0xB7, 0x94, 0xEB, 0xE3, 0x75, 0x00, 0x00, 0x00, 0x00, 0x4F, 0xCF, 0xF5, 
0xB8, 0x19, 0x00, 0x53, 0xF0, 0x4C, 0x0F, 0x7E, 0x61, 0x04, 0xE2, 0x6E, 0x00, 0x00, 0x00, 0x00, 
0x39, 0xFF, 0x15, 0x00, 0x00, 0x00, 0x00, 0x59, 0xFA, 0x00, 0x00, 0x00, 0x00, 0x00, 0x3A, 0xFF, 
0x50, 0x0B, 0x50, 0x8D, 0x00, 0x00, 0x87, 0xEA, 0xF5, 0xB3, 0x24, 0x00, 0x00, 0x00, 0x00, 0x00, 
0x00, 0x00, 0x00, 0xD6, 0x64, 0x00, 0x00, 0x00, 0x00, 0x00, 0x00, 0x12, 0xFF, 0x37, 0x00, 0x00, 
0x00, 0x00, 0x00, 0x00, 0x47, 0xFB, 0x09, 0x00, 0x00, 0x00, 0x00, 0x00, 0x00, 0x7C, 0xD1, 0x00, 
0x00, 0x00, 0x57, 0xD7, 0xF4, 0xA6, 0xBD, 0x9E, 0x00, 0x00, 0x50, 0xF4, 0x49, 0x0E, 0x8B, 0xFF, 
0x6B, 0x00, 0x00, 0xDA, 0x7E, 0x00, 0x00, 0x16, 0xFF, 0x38, 0x00, 0x2D, 0xFF, 0x26, 0x00, 0x00, 
0x58, 0xFC, 0x09, 0x00, 0x4E, 0xFF, 0x06, 0x00, 0x03, 0xC7, 0xD2, 0x00, 0x00, 0x39, 0xFF, 0x44, 
0x19, 0xA4, 0xEF, 0xA0, 0x00, 0x00, 0x00, 0x97, 0xF4, 0xDF, 0x6D, 0xB4, 0x65, 0x00, 0x00, 0x00, 
0x00, 0x3F, 0xC2, 0xF3, 0xDF, 0x61, 0x00, 0x00, 0x47, 0xEA, 0x4F, 0x0A, 0x6F, 0xFB, 0x08, 0x02, 
0xDF, 0x61, 0x05, 0x29, 0xA9, 0xDB, 0x00, 0x35, 0xFF, 0xFF, 0xF8, 0xDD, 0x9D, 0x21, 0x00, 0x54, 
0xDB, 0x00, 0x00, 0x00, 0x00, 0x00, 0x00, 0x31, 0xF7, 0x3B, 0x04, 0x00, 0x00, 0x00, 0x00, 0x00, 
0x76, 0xE3, 0xFB, 0xED, 0xAC, 0x00, 0x00, 0x00, 0x00, 0x00, 0x00, 0x00, 0x5B, 0xE1, 0xF7, 0x4F, 
0x00, 0x00, 0x00, 0x00, 0x27, 0xF9, 0x49, 0x0E, 0x0C, 0x00, 0x00, 0x00, 0x00, 0x7E, 0xC6, 0x00, 
0x00, 0x00, 0x00, 0x00, 0x00, 0x00, 0xB9, 0x91, 0x00, 0x00, 0x00, 0x00, 0x00, 0x1C, 0xFD, 0xFF, 
0xFF, 0xFE, 0x26, 0x00, 0x00, 0x00, 0x00, 0x1E, 0xFF, 0x2E, 0x00, 0x00, 0x00, 0x00, 0x00, 0x00, 
0x50, 0xF7, 0x04, 0x00, 0x00, 0x00, 0x00, 0x00, 0x00, 0x83, 0xC8, 0x00, 0x00, 0x00, 0x00, 0x00, 
0x00, 0x00, 0xB5, 0x95, 0x00, 0x00, 0x00, 0x00, 0x00, 0x00, 0x00, 0xE7, 0x62, 0x00, 0x00, 0x00, 
0x00, 0x00, 0x00, 0x1A, 0xFF, 0x2F, 0x00, 0x00, 0x00, 0x00, 0x00, 0x00, 0x52, 0xF3, 0x04, 0x00, 
0x00, 0x00, 0x00, 0x03, 0x0D, 0xBE, 0xA3, 0x00, 0x00, 0x00, 0x00, 0x00, 0x7B, 0xF7, 0xBA, 0x17, 
0x00, 0x00, 0x00, 0x00, 0x00, 0x00, 0x00, 0x55, 0xD7, 0xF6, 0xA5, 0x98, 0x91, 0x00, 0x4E, 0xF4, 
0x4B, 0x15, 0x7F, 0xFF, 0x63, 0x00, 0xD8, 0x7E, 0x00, 0x00, 0x16, 0xFF, 0x30, 0x2B, 0xFF, 0x26, 
0x00, 0x00, 0x59, 0xF8, 0x05, 0x4D, 0xFF, 0x06, 0x00, 0x03, 0xC9, 0xCB, 0x00, 0x34, 0xFF, 0x48, 
0x1B, 0xA8, 0xF1, 0x98, 0x00, 0x00, 0x98, 0xF1, 0xDD, 0x69, 0xDC, 0x66, 0x00, 0x00, 0x00, 0x00, 
0x00, 0x16, 0xFF, 0x2F, 0x00, 0x59, 0x92, 0x14, 0x14, 0x9E, 0xCC, 0x00, 0x00, 0x0F, 0xA2, 0xF0, 
0xEB, 0xA9, 0x1B, 0x00, 0x00, 0x00, 0x00, 0x66, 0xD4, 0x00, 0x00, 0x00, 0x00, 0x00, 0x00, 0xA0, 
0xA8, 0x00, 0x00, 0x00, 0x00, 0x00, 0x00, 0xD3, 0x76, 0x00, 0x00, 0x00, 0x00, 0x00, 0x09, 0xFC, 
0x43, 0x00, 0x00, 0x00, 0x00, 0x00, 0x39, 0xFA, 0x55, 0xCE, 0xF4, 0xB0, 0x04, 0x00, 0x6C, 0xF1, 
0xC2, 0x2B, 0x33, 0xFF, 0x3F, 0x00, 0x9F, 0xE6, 0x11, 0x00, 0x16, 0xFF, 0x39, 0x00, 0xD2, 0x82, 
0x00, 0x00, 0x43, 0xFD, 0x0C, 0x09, 0xFB, 0x3F, 0x00, 0x00, 0x75, 0xD8, 0x00, 0x38, 0xFE, 0x0E, 
0x00, 0x00, 0xA6, 0xA6, 0x00, 0x64, 0xD5, 0x00, 0x00, 0x00, 0xD0, 0x6D, 0x00, 0x00, 0x00, 0xC5, 
0xB0, 0x00, 0x00, 0xEE, 0x8B, 0x00, 0x00, 0x00, 0x00, 0x00, 0x3E, 0xF8, 0x08, 0x00, 0x75, 0xD6, 
0x00, 0x00, 0xA7, 0xA4, 0x00, 0x00, 0xD8, 0x71, 0x00, 0x0C, 0xFD, 0x3F, 0x00, 0x3C, 0xFE, 0x0E, 
0x00, 0x68, 0xD4, 0x00, 0x00, 0x00, 0x00, 0x00, 0x00, 0x9E, 0xD4, 0x00, 0x00, 0x00, 0x00, 0xC7, 
0xAF, 0x00, 0x00, 0x00, 0x00, 0x00, 0x00, 0x00, 0x00, 0x00, 0x1C, 0xF9, 0x28, 0x00, 0x00, 0x00, 
0x50, 0xF7, 0x04, 0x00, 0x00, 0x00, 0x82, 0xC8, 0x00, 0x00, 0x00, 0x00, 0xB4, 0x96, 0x00, 0x00, 
0x00, 0x00, 0xE6, 0x63, 0x00, 0x00, 0x00, 0x18, 0xFF, 0x31, 0x00, 0x00, 0x00, 0x4B, 0xF8, 0x05, 
0x00, 0x00, 0x00, 0x81, 0xC7, 0x00, 0x00, 0x01, 0x13, 0xDA, 0x74, 0x00, 0x00, 0x83, 0xF3, 0xA5, 
0x08, 0x00, 0x00, 0x00, 0x00, 0x66, 0xD3, 0x00, 0x00, 0x00, 0x00, 0x00, 0x00, 0xA1, 0xA7, 0x00, 
0x00, 0x00, 0x00, 0x00, 0x00, 0xD4, 0x73, 0x00, 0x00, 0x00, 0x00, 0x00, 0x0A, 0xFC, 0x3F, 0x00, 
0x13, 0x06, 0x00, 0x00, 0x3B, 0xFD, 0x0D, 0x1A, 0xD8, 0xE8, 0x1C, 0x00, 0x6E, 0xD7, 0x1B, 0xDA, 
0xCF, 0x1E, 0x00, 0x00, 0xA2, 0xC1, 0xDC, 0xAB, 0x0A, 0x00, 0x00, 0x00, 0xD5, 0xB1, 0xFF, 0x51, 
0x00, 0x00, 0x00, 0x0B, 0xFD, 0x40, 0x9C, 0xE5, 0x0F, 0x00, 0x00, 0x3C, 0xFE, 0x0F, 0x10, 0xE6, 
0x9A, 0x00, 0x00, 0x68, 0xD5, 0x00, 0x00, 0x50, 0xFA, 0x27, 0x00, 0x00, 0x00, 0x66, 0xD3, 0x00, 
0x00, 0xA0, 0xA7, 0x00, 0x00, 0xD3, 0x74, 0x00, 0x09, 0xFC, 0x41, 0x00, 0x39, 0xFE, 0x0F, 0x00, 
0x6C, 0xDB, 0x00, 0x00, 0x9F, 0xA8, 0x00, 0x00, 0xD2, 0x75, 0x00, 0x09, 0xFB, 0x42, 0x00, 0x38, 
0xFF, 0x10, 0x00, 0x64, 0xD5, 0x00, 0x00, 0x00, 0x3A, 0xDD, 0x58, 0xD5, 0xF5, 0xA4, 0x14, 0xA3, 
0xF1, 0xDF, 0x42, 0x00, 0x71, 0xF0, 0xC0, 0x25, 0x46, 0xFF, 0xDA, 0x67, 0x0E, 0xBF, 0xB4, 0x00, 
0xA4, 0xE3, 0x0F, 0x00, 0x26, 0xFF, 0x76, 0x00, 0x00, 0xA3, 0xA8, 0x00, 0xD6, 0x7F, 0x00, 0x00, 
0x57, 0xF6, 0x0D, 0x00, 0x00, 0xD4, 0x76, 0x0B, 0xFD, 0x3E, 0x00, 0x00, 0x89, 0xC2, 0x00, 0x00, 
0x0A, 0xFC, 0x43, 0x3B, 0xFE, 0x0D, 0x00, 0x00, 0xBC, 0x90, 0x00, 0x00, 0x3A, 0xFF, 0x11, 0x68, 
0xD4, 0x00, 0x00, 0x00, 0xE7, 0x59, 0x00, 0x00, 0x68, 0xD8, 0x00, 0x00, 0x3A, 0xDD, 0x56, 0xD3, 
0xF5, 0xB9, 0x0B, 0x00, 0x71, 0xF0, 0xC3, 0x29, 0x35, 0xFF, 0x54, 0x00, 0xA4, 0xE4, 0x10, 0x00, 
0x12, 0xFF, 0x4C, 0x00, 0xD6, 0x7F, 0x00, 0x00, 0x43, 0xFF, 0x19, 0x0B, 0xFD, 0x3E, 0x00, 0x00, 
0x75, 0xE0, 0x00, 0x3B, 0xFE, 0x0D, 0x00, 0x00, 0xA8, 0xA8, 0x00, 0x68, 0xD4, 0x00, 0x00, 0x00, 
0xD4, 0x6B, 0x00, 0x00, 0x00, 0x45, 0xC3, 0xF4, 0xE2, 0x82, 0x00, 0x00, 0x50, 0xF4, 0x5C, 0x0C, 
0x46, 0xFC, 0x4D, 0x03, 0xE5, 0x76, 0x00, 0x00, 0x00, 0xE0, 0x77, 0x39, 0xFF, 0x1B, 0x00, 0x00, 
0x05, 0xF6, 0x5C, 0x54, 0xFF, 0x03, 0x00, 0x00, 0x56, 0xF5, 0x13, 0x2D, 0xFF, 0x60, 0x09, 0x46, 
0xEC, 0x6D, 0x00, 0x00, 0x6C, 0xE0, 0xF7, 0xD2, 0x59, 0x00, 0x00, 0x00, 0x00, 0x38, 0xDD, 0x52, 
0xD0, 0xF3, 0xAB, 0x07, 0x00, 0x00, 0x71, 0xEF, 0xC3, 0x2A, 0x26, 0xF7, 0x5A, 0x00, 0x00, 0xA4, 
0xE4, 0x10, 0x00, 0x00, 0xDA, 0x74, 0x00, 0x00, 0xD8, 0x7F, 0x00, 0x00, 0x05, 0xF6, 0x51, 0x00, 
0x0D, 0xFD, 0x3D, 0x00, 0x00, 0x58, 0xF3, 0x0F, 0x00, 0x3E, 0xFF, 0xA3, 0x1A, 0x32, 0xE5, 0x76, 
0x00, 0x00, 0x71, 0xDD, 0x99, 0xF3, 0xE3, 0x77, 0x00, 0x00, 0x00, 0xA5, 0xA6, 0x00, 0x00, 0x00, 
0x00, 0x00, 0x00, 0x00, 0xD8, 0x73, 0x00, 0x00, 0x00, 0x00, 0x00, 0x00, 0x08, 0xF9, 0x3C, 0x00, 
0x00, 0x00, 0x00, 0x00, 0x00, 0x00, 0x00, 0x54, 0xD5, 0xF6, 0xA5, 0x9A, 0x8F, 0x00, 0x4D, 0xF4, 
0x4A, 0x15, 0x7F, 0xFF, 0x63, 0x00, 0xD8, 0x81, 0x00, 0x00, 0x16, 0xFF, 0x31, 0x2A, 0xFF, 0x26, 
0x00, 0x00, 0x59, 0xF9, 0x05, 0x4D, 0xFF, 0x05, 0x00, 0x03, 0xC9, 0xCC, 0x00, 0x36, 0xFF, 0x47, 
0x1B, 0xA8, 0xF3, 0x9A, 0x00, 0x00, 0x98, 0xF2, 0xDD, 0x69, 0xDC, 0x67, 0x00, 0x00, 0x00, 0x00, 
0x00, 0x14, 0xFF, 0x35, 0x00, 0x00, 0x00, 0x00, 0x00, 0x48, 0xFA, 0x07, 0x00, 0x00, 0x00, 0x00, 
0x00, 0x74, 0xC9, 0x00, 0x00, 0x00, 0x3E, 0xDB, 0x6E, 0xEA, 0xA5, 0x00, 0x75, 0xF3, 0xB3, 0x15, 
0x12, 0x00, 0xA7, 0xE2, 0x0C, 0x00, 0x00, 0x00, 0xD8, 0x80, 0x00, 0x00, 0x00, 0x0C, 0xFD, 0x3F, 
0x00, 0x00, 0x00, 0x3C, 0xFE, 0x0E, 0x00, 0x00, 0x00, 0x68, 0xD4, 0x00, 0x00, 0x00, 0x00, 0x00, 
0x15, 0xA7, 0xEF, 0x86, 0x00, 0x00, 0xA4, 0xA5, 0x0D, 0x93, 0x17, 0x00, 0xBA, 0xB7, 0x13, 0x14, 
0x3C, 0x00, 0x24, 0xBD, 0xF5, 0x77, 0x00, 0x00, 0x00, 0x00, 0x53, 0xFF, 0x1C, 0x9F, 0x3F, 0x09, 
0x67, 0xEC, 0x06, 0x3F, 0xD9, 0xF3, 0xBE, 0x34, 0x00, 0x00, 0x00, 0x84, 0xB7, 0x00, 0x00, 0x00, 
0x00, 0xBF, 0x8A, 0x00, 0x00, 0x21, 0xFE, 0xFF, 0xFF, 0xFF, 0x58, 0x00, 0x26, 0xFF, 0x26, 0x00, 
0x00, 0x00, 0x58, 0xF1, 0x01, 0x00, 0x00, 0x00, 0x8A, 0xC0, 0x00, 0x00, 0x00, 0x00, 0xBC, 0x8E, 
0x00, 0x00, 0x00, 0x00, 0xD9, 0x92, 0x0E, 0x0E, 0x00, 0x00, 0x7B, 0xF5, 0xEA, 0x29, 0x00, 0x00, 
0x45, 0xF6, 0x04, 0x00, 0x00, 0xAC, 0x93, 0x00, 0x7C, 0xD0, 0x00, 0x00, 0x00, 0xE6, 0x65, 0x00, 
0xAE, 0x9F, 0x00, 0x00, 0x19, 0xFF, 0x32, 0x00, 0xDF, 0x6E, 0x00, 0x00, 0x5D, 0xF9, 0x06, 0x10, 
0xFF, 0x3E, 0x00, 0x04, 0xCD, 0xCC, 0x00, 0x1E, 0xFF, 0x56, 0x1B, 0xAA, 0xF1, 0x99, 0x00, 0x00, 
0x9C, 0xF4, 0xE2, 0x73, 0xB8, 0x61, 0x00, 0x18, 0xFC, 0x3B, 0x00, 0x00, 0x42, 0xF7, 0x11, 0x01, 
0xF3, 0x69, 0x00, 0x00, 0xA3, 0xAC, 0x00, 0x00, 0xC7, 0x93, 0x00, 0x16, 0xF8, 0x3C, 0x00, 0x00, 
0x9A, 0xBD, 0x00, 0x8A, 0xBF, 0x00, 0x00, 0x00, 0x6D, 0xE8, 0x24, 0xF5, 0x31, 0x00, 0x00, 0x00, 
0x40, 0xFF, 0xCC, 0x8C, 0x00, 0x00, 0x00, 0x00, 0x12, 0xF8, 0xC5, 0x05, 0x00, 0x00, 0x00, 0xEE, 
0x5E, 0x00, 0x00, 0x89, 0xE9, 0x00, 0x00, 0x0D, 0xEF, 0x4B, 0xDA, 0x7F, 0x00, 0x13, 0xF3, 0xFF, 
0x0D, 0x00, 0x64, 0xE9, 0x05, 0xBB, 0x9B, 0x00, 0x82, 0xAA, 0xFF, 0x2B, 0x00, 0xCD, 0x80, 0x00, 
0x9C, 0xB7, 0x0D, 0xEB, 0x23, 0xF1, 0x49, 0x42, 0xF3, 0x13, 0x00, 0x7D, 0xD3, 0x77, 0xA4, 0x00, 
0xD4, 0x67, 0xC5, 0x7C, 0x00, 0x00, 0x5E, 0xF1, 0xE6, 0x2B, 0x00, 0xB6, 0xD8, 0xDB, 0x09, 0x00, 
0x00, 0x39, 0xFB, 0xA7, 0x00, 0x00, 0x90, 0xF7, 0x39, 0x00, 0x00, 0x00, 0x00, 0x00, 0xC0, 0x94, 
0x00, 0x00, 0x94, 0xCA, 0x03, 0x00, 0x00, 0x56, 0xF7, 0x17, 0x71, 0xE6, 0x1C, 0x00, 0x00, 0x00, 
0x03, 0xDC, 0xBD, 0xF3, 0x34, 0x00, 0x00, 0x00, 0x00, 0x00, 0xA5, 0xFF, 0x86, 0x00, 0x00, 0x00, 
0x00, 0x00, 0x67, 0xEC, 0xAD, 0xD9, 0x01, 0x00, 0x00, 0x00, 0x49, 0xF5, 0x3E, 0x1F, 0xFB, 0x4F, 
0x00, 0x00, 0x24, 0xEE, 0x5F, 0x00, 0x00, 0xA1, 0xB8, 0x00, 0x00, 0x13, 0xFB, 0x3F, 0x00, 0x00, 
0x40, 0xF7, 0x12, 0x00, 0xE9, 0x71, 0x00, 0x00, 0xA1, 0xB0, 0x00, 0x00, 0xB7, 0x9F, 0x00, 0x13, 
0xF7, 0x41, 0x00, 0x00, 0x84, 0xCD, 0x00, 0x84, 0xC7, 0x00, 0x00, 0x00, 0x52, 0xF8, 0x21, 0xF3, 
0x3B, 0x00, 0x00, 0x00, 0x20, 0xFF, 0xD3, 0x9C, 0x00, 0x00, 0x00, 0x00, 0x00, 0xEC, 0xDF, 0x0D, 
0x00, 0x00, 0x00, 0x00, 0x39, 0xF7, 0x3C, 0x00, 0x00, 0x00, 0x00, 0x12, 0xE1, 0x83, 0x00, 0x00, 
0x00, 0x00, 0x00, 0xA5, 0xC2, 0x04, 0x00, 0x00, 0x00, 0x00, 0x00, 0x00, 0x9B, 0xFF, 0xFF, 0xFF, 
0xFA, 0x07, 0x00, 0x00, 0x00, 0x15, 0xDD, 0x7D, 0x00, 0x00, 0x00, 0x08, 0xC6, 0xA3, 0x00, 0x00, 
0x00, 0x01, 0xA9, 0xC2, 0x06, 0x00, 0x00, 0x00, 0x87, 0xDB, 0x13, 0x00, 0x00, 0x00, 0x62, 0xED, 
0x26, 0x00, 0x00, 0x00, 0x00, 0xE6, 0xFF, 0xFF, 0xFF, 0xF6, 0x07, 0x00, 0x00, 0x00, 0x00, 0x3A, 
0xD9, 0xE4, 0x00, 0x00, 0x00, 0xD5, 0x76, 0x01, 0x00, 0x00, 0x21, 0xFD, 0x10, 0x00, 0x00, 0x00, 
0x58, 0xD4, 0x00, 0x00, 0x00, 0x00, 0x95, 0x99, 0x00, 0x00, 0x00, 0x33, 0xED, 0x36, 0x00, 0x00, 
0xB2, 0xFF, 0x71, 0x00, 0x00, 0x00, 0x00, 0x8C, 0xAD, 0x00, 0x00, 0x00, 0x00, 0x69, 0xBA, 0x00, 
0x00, 0x00, 0x00, 0x96, 0x8E, 0x00, 0x00, 0x00, 0x00, 0xCC, 0x59, 0x00, 0x00, 0x00, 0x01, 0xF7, 
0x3B, 0x00, 0x00, 0x00, 0x0B, 0xFF, 0x64, 0x00, 0x00, 0x00, 0x00, 0xB1, 0xEC, 0x00, 0x00, 0x00, 
0x00, 0x00, 0x10, 0xFA, 0x13, 0x00, 0x00, 0x48, 0xE0, 0x00, 0x00, 0x00, 0x81, 0xA8, 0x00, 0x00, 
0x00, 0xBA, 0x70, 0x00, 0x00, 0x01, 0xF0, 0x38, 0x00, 0x00, 0x2B, 0xF8, 0x07, 0x00, 0x00, 0x64, 
0xC7, 0x00, 0x00, 0x00, 0x9D, 0x8F, 0x00, 0x00, 0x00, 0xD6, 0x57, 0x00, 0x00, 0x10, 0xFE, 0x1E, 
0x00, 0x00, 0x47, 0xE6, 0x00, 0x00, 0x00, 0x80, 0xAE, 0x00, 0x00, 0x00, 0xB9, 0x76, 0x00, 0x00, 
0x00, 0xE9, 0x38, 0x00, 0x00, 0x00, 0x00, 0x00, 0x00, 0xDE, 0xE3, 0x15, 0x00, 0x00, 0x00, 0x00, 
0x02, 0xF7, 0x3F, 0x00, 0x00, 0x00, 0x00, 0x0F, 0xFE, 0x24, 0x00, 0x00, 0x00, 0x00, 0x44, 0xEB, 
0x00, 0x00, 0x00, 0x00, 0x00, 0x6F, 0xB9, 0x00, 0x00, 0x00, 0x00, 0x00, 0x5B, 0xDC, 0x18, 0x00, 
0x00, 0x00, 0x00, 0x0C, 0xC8, 0xFA, 0x1A, 0x00, 0x00, 0x02, 0xC4, 0x8C, 0x16, 0x00, 0x00, 0x00, 
0x4B, 0xDA, 0x00, 0x00, 0x00, 0x00, 0x00, 0x8C, 0x95, 0x00, 0x00, 0x00, 0x00, 0x00, 0xC1, 0x5D, 
0x00, 0x00, 0x00, 0x00, 0x02, 0xF3, 0x22, 0x00, 0x00, 0x00, 0x00, 0x3C, 0xDC, 0x00, 0x00, 0x00, 
0x00, 0xD4, 0xF3, 0x58, 0x00, 0x00, 0x00, 0x00, 0x26, 0xC6, 0xF1, 0x8E, 0x00, 0x06, 0xE6, 0xBE, 
0x74, 0x1B, 0xD7, 0x77, 0x45, 0xC5, 0xE9, 0x0B, 0x00, 0x2B, 0xD7, 0xE5, 0x3A, 0x00, 0x00, 0x00, 
0x0E, 0xE4, 0x00, 0x00, 0x40, 0xBE, 0x00, 0x00, 0x74, 0x8A, 0x00, 0x00, 0xA8, 0x55, 0x00, 0x00, 
0xDC, 0x21, 0x00, 0x0C, 0xE4, 0x00, 0x00, 0x00, 0x00, 0x00, 0x00, 0x00, 0x00, 0x00, 0x00, 0xE0, 
0x13, 0x00, 0x1E, 0xE1, 0x00, 0x00, 0x53, 0xAC, 0x00, 0x00, 0x88, 0x77, 0x00, 0x00, 0xBE, 0x42, 
0x00, 0x00, 0xE7, 0x0E, 0x00, 0x00, 0x00, 0x00, 0x00, 0x20, 0xC0, 0xF5, 0xAD, 0x05, 0x00, 0x00, 
0x00, 0x00, 0xBD, 0x72, 0x10, 0x91, 0xB7, 0x00, 0x00, 0x00, 0x00, 0xF8, 0x0F, 0x00, 0x00, 0x00, 
0x00, 0x00, 0x00, 0x00, 0xC5, 0xB2, 0x2B, 0x00, 0x00, 0x00, 0x00, 0x00, 0x3E, 0xF2, 0xB1, 0xF6, 
0xC0, 0x2F, 0x00, 0x00, 0x00, 0xC5, 0x57, 0x00, 0x0F, 0x7D, 0xEB, 0x09, 0x00, 0x00, 0xF5, 0x0D, 
0x00, 0x00, 0x00, 0xDF, 0x22, 0x00, 0x00, 0xBD, 0xB2, 0x29, 0x00, 0x48, 0xDC, 0x02, 0x00, 0x00, 
0x12, 0x99, 0xF7, 0xC9, 0xEE, 0x3D, 0x00, 0x00, 0x00, 0x00, 0x00, 0x15, 0x99, 0xCB, 0x00, 0x00, 
0x00, 0x00, 0x00, 0x00, 0x00, 0x17, 0xEE, 0x00, 0x00, 0x0D, 0x7D, 0x0D, 0x13, 0x43, 0xC2, 0x74, 
0x00, 0x00, 0x10, 0xB5, 0xF8, 0xEC, 0xBB, 0x52, 0x00, 0x00, 0x00, 0x00, 0x00, 0x10, 0x7C, 0xD1, 
0xF1, 0xF3, 0xDA, 0x99, 0x27, 0x00, 0x00, 0x21, 0xD9, 0x97, 0x32, 0x0B, 0x0F, 0x2F, 0x83, 0xEE, 
0x36, 0x03, 0xCA, 0x66, 0x00, 0x76, 0xEA, 0xC9, 0x17, 0x00, 0x64, 0xC0, 0x51, 0xBF, 0x00, 0x44, 
0xCE, 0x19, 0x4F, 0xC7, 0x00, 0x0E, 0xF5, 0xA7, 0x5A, 0x00, 0xAB, 0x51, 0x00, 0x00, 0x00, 0x00, 
0x08, 0xF7, 0xDD, 0x21, 0x00, 0xE3, 0x16, 0x00, 0x00, 0x00, 0x00, 0x2B, 0xD6, 0xFA, 0x05, 0x00, 
0xFB, 0x03, 0x00, 0x00, 0x00, 0x00, 0x6F, 0x96, 0xF7, 0x0A, 0x00, 0xEB, 0x2E, 0x37, 0xB4, 0x00, 
0x07, 0xDB, 0x33, 0xCE, 0x4A, 0x00, 0x80, 0xF6, 0xC3, 0x2C, 0x04, 0xA1, 0x9C, 0x00, 0x5A, 0xE7, 
0x54, 0x12, 0x07, 0x20, 0x5D, 0xCC, 0xA7, 0x07, 0x00, 0x00, 0x55, 0xC6, 0xF0, 0xF6, 0xDB, 0xA9, 
0x48, 0x00, 0x00, 0x00, 0x00, 0x00, 0x35, 0xD0, 0x05, 0x34, 0xD3, 0x03, 0x00, 0x09, 0xD8, 0x4C, 
0x07, 0xD4, 0x4A, 0x00, 0x00, 0x92, 0xAC, 0x00, 0x88, 0xAB, 0x00, 0x00, 0x13, 0xFE, 0x21, 0x05, 
0xFA, 0x21, 0x00, 0x00, 0x00, 0xD5, 0x4D, 0x00, 0xC6, 0x4C, 0x00, 0x00, 0x00, 0x78, 0xA2, 0x00, 
0x6F, 0x9F, 0x00, 0x00, 0x00, 0x1D, 0xE8, 0x00, 0x1A, 0xE6, 0x00, 0x00, 0x00, 0x5B, 0xE4, 0xEB, 
0x9A, 0x0B, 0x49, 0xD2, 0x28, 0x1A, 0xB3, 0x8F, 0xC2, 0x41, 0x14, 0xDC, 0x22, 0xE3, 0xEF, 0x0B, 
0x73, 0xB4, 0x0D, 0xF7, 0xEC, 0x1B, 0x62, 0xDB, 0x4C, 0xC1, 0xA1, 0x96, 0x0E, 0x3E, 0xDD, 0x35, 
0x14, 0xB5, 0xF5, 0xCF, 0x3C, 0x00, 0x48, 0xE5, 0xE5, 0x57, 0xDC, 0x33, 0x3A, 0xED, 0xF2, 0x2E, 
0x52, 0xD4, 0x77, 0xF3, 0xCF, 0x34, 0x00, 0x00, 0x00, 0x00, 0x16, 0xDF, 0x00, 0x00, 0x00, 0x00, 
0x00, 0x00, 0x62, 0x9D, 0x00, 0x00, 0x00, 0x00, 0x00, 0x00, 0xB1, 0x4F, 0x00, 0x00, 0x00, 0xE9, 
0xFF, 0xFF, 0xFF, 0xFF, 0xFF, 0xE8, 0x00, 0x00, 0x00, 0x50, 0xB0, 0x00, 0x00, 0x00, 0x00, 0x00, 
0x00, 0x9E, 0x62, 0x00, 0x00, 0x00, 0x00, 0x00, 0x00, 0xDF, 0x16, 0x00, 0x00, 0x00, 0x00, 0x00, 
0x00, 0x00, 0x00, 0x00, 0x00, 0x00, 0xE9, 0xFF, 0xFF, 0xFF, 0xFF, 0xFF, 0xE6, 0x00, 0x00, 0x00, 
0x2F, 0xD2, 0x03, 0x00, 0x20, 0xD0, 0x23, 0x00, 0x04, 0xCD, 0x35, 0x00, 0x00, 0x00, 0x00, 0xE4, 
0x1B, 0x00, 0xE5, 0x1C, 0x00, 0x00, 0x00, 0xA0, 0x75, 0x00, 0xA3, 0x77, 0x00, 0x00, 0x00, 0x4D, 
0xD2, 0x00, 0x4E, 0xD4, 0x00, 0x00, 0x00, 0x22, 0xFE, 0x11, 0x22, 0xFE, 0x12, 0x00, 0x00, 0xAC, 
0x93, 0x00, 0xAD, 0x93, 0x00, 0x00, 0x4A, 0xD8, 0x0A, 0x4C, 0xD9, 0x0A, 0x00, 0x02, 0xD7, 0x35, 
0x03, 0xD8, 0x35, 0x00, 0x00, 0x00, 0x00, 0x03, 0x03, 0x00, 0x00, 0x00, 0x00, 0x00, 0x00, 0x02, 
0xD2, 0x8C, 0x00, 0x00, 0x16, 0xA7, 0x08, 0x00, 0x00, 0x64, 0xFB, 0x2A, 0x56, 0xD2, 0x38, 0x00, 
0x00, 0x00, 0x00, 0x98, 0xED, 0xCB, 0x1B, 0x00, 0x00, 0x00, 0x00, 0x18, 0xC6, 0xEF, 0x97, 0x00, 
0x00, 0x00, 0x00, 0x34, 0xE4, 0xA1, 0x0F, 0xBC, 0x61, 0x00, 0x00, 0x0A, 0xED, 0xA1, 0x02, 0x00, 
0x06, 0x9E, 0x02, 0x00, 0x00, 0x0A, 0x00, 0x00, 0x00, 0x00, 0x00, 0x00, 0x00, 0x00, 0x00, 0x00, 
0x00, 0xD2, 0xE4, 0x03, 0x00, 0x00, 0x00, 0x00, 0x04, 0xF5, 0xAB, 0x00, 0x00, 0x00, 0x00, 0x00, 
0x00, 0x00, 0x00, 0x00, 0x00, 0x0D, 0xFF, 0xFF, 0xFF, 0xFF, 0xFF, 0xFF, 0xE8, 0x00, 0x00, 0x00, 
0x00, 0x00, 0x00, 0x00, 0x00, 0x00, 0x00, 0x00, 0xD5, 0xE5, 0x02, 0x00, 0x00, 0x00, 0x00, 0x04, 
0xF5, 0xAC, 0x00, 0x00, 0x00, 0x00, 0x00, 0x00, 0x51, 0x8E, 0x00, 0x2C, 0xA7, 0x0B, 0x00, 0x00, 
0x00, 0x7D, 0x94, 0x00, 0x4E, 0xBC, 0x05, 0x00, 0x00, 0x01, 0x1B, 0x1C, 0x1C, 0x1C, 0x1B, 0x00, 
0x00, 0x00, 0x71, 0xFF, 0xFF, 0xFF, 0xFF, 0xF9, 0x0D, 0x00, 0x00, 0xAE, 0xA9, 0x00, 0x00, 0x00, 
0x00, 0x00, 0x00, 0x00, 0xE1, 0x76, 0x00, 0x00, 0x00, 0x00, 0x00, 0x00, 0x14, 0xFF, 0x42, 0x00, 
0x00, 0x00, 0x00, 0x00, 0x00, 0x47, 0xFF, 0xDA, 0xD4, 0xD4, 0x8C, 0x00, 0x00, 0x00, 0x7A, 0xE0, 
0x44, 0x44, 0x44, 0x21, 0x00, 0x00, 0x00, 0xAD, 0xA7, 0x00, 0x00, 0x00, 0x00, 0x00, 0x00, 0x00, 
0xE0, 0x73, 0x00, 0x00, 0x00, 0x00, 0x00, 0x00, 0x13, 0xFF, 0x5A, 0x20, 0x20, 0x20, 0x09, 0x00, 
0x00, 0x39, 0xFF, 0xFF, 0xFF, 0xFF, 0xFF, 0x4B, 0x00, 0x00, 0x00, 0x00, 0x00, 0x00, 0x00, 0x30, 
0xF5, 0xBE, 0x00, 0x00, 0x00, 0x00, 0x00, 0x00, 0x00, 0xC0, 0xCE, 0xF1, 0x00, 0x00, 0x00, 0x00, 
0x00, 0x00, 0x53, 0xE5, 0x32, 0xFF, 0x1D, 0x00, 0x00, 0x00, 0x00, 0x07, 0xDE, 0x5F, 0x03, 0xF7, 
0x48, 0x00, 0x00, 0x00, 0x00, 0x78, 0xCC, 0x01, 0x00, 0xCF, 0x74, 0x00, 0x00, 0x00, 0x17, 0xF1, 
0x3D, 0x00, 0x00, 0xA2, 0xA0, 0x00, 0x00, 0x00, 0x9D, 0xFF, 0xFF, 0xFF, 0xFF, 0xFF, 0xCB, 0x00, 
0x00, 0x30, 0xFB, 0x29, 0x00, 0x00, 0x00, 0x51, 0xF5, 0x01, 0x00, 0xC0, 0xA6, 0x00, 0x00, 0x00, 
0x00, 0x32, 0xFF, 0x22, 0x41, 0xF6, 0x28, 0x00, 0x00, 0x00, 0x00, 0x12, 0xFB, 0x42, 0x00, 0x06, 
0xFA, 0xFF, 0xFF, 0xFF, 0xFF, 0xE6, 0x00, 0x38, 0xFF, 0x1E, 0x00, 0x00, 0x00, 0x00, 0x00, 0x72, 
0xE5, 0x00, 0x00, 0x00, 0x00, 0x00, 0x00, 0xAB, 0xAC, 0x00, 0x00, 0x00, 0x00, 0x00, 0x00, 0xE4, 
0xFF, 0xFF, 0xF6, 0xBE, 0x25, 0x00, 0x1E, 0xFF, 0x3A, 0x00, 0x0E, 0x86, 0xCA, 0x00, 0x58, 0xF9, 
0x07, 0x00, 0x00, 0x0D, 0xF7, 0x00, 0x92, 0xC6, 0x00, 0x00, 0x00, 0x3B, 0xCC, 0x00, 0xCB, 0x8C, 
0x00, 0x06, 0x40, 0xD8, 0x48, 0x00, 0xF7, 0xFF, 0xFE, 0xEF, 0xB7, 0x40, 0x00, 0x00, 0x00, 0x00, 
0x6A, 0xFE, 0xFF, 0xFD, 0xE5, 0x80, 0x00, 0x00, 0x00, 0xAF, 0xA5, 0x00, 0x09, 0x7E, 0xFF, 0x34, 
0x00, 0x00, 0xE2, 0x71, 0x00, 0x00, 0x4E, 0xFF, 0x24, 0x00, 0x15, 0xFF, 0x3D, 0x02, 0x30, 0xD4, 
0x97, 0x00, 0x00, 0x49, 0xFF, 0xFF, 0xFF, 0xFF, 0xDA, 0x1E, 0x00, 0x00, 0x7C, 0xD6, 0x00, 0x01, 
0x27, 0xD3, 0xC0, 0x00, 0x00, 0xAF, 0xA4, 0x00, 0x00, 0x00, 0x7F, 0xEE, 0x00, 0x00, 0xE2, 0x72, 
0x00, 0x00, 0x00, 0xAC, 0xC3, 0x00, 0x15, 0xFF, 0x40, 0x00, 0x12, 0x71, 0xFA, 0x41, 0x00, 0x36, 
0xFE, 0xFF, 0xFF, 0xEF, 0xBA, 0x3D, 0x00, 0x00, 0x00, 0x06, 0xFA, 0xFF, 0xFF, 0xFF, 0xE9, 0x00, 
0x36, 0xFF, 0x1F, 0x00, 0x00, 0x00, 0x00, 0x6D, 0xE8, 0x00, 0x00, 0x00, 0x00, 0x00, 0xA5, 0xB1, 
0x00, 0x00, 0x00, 0x00, 0x00, 0xDC, 0x7A, 0x00, 0x00, 0x00, 0x00, 0x14, 0xFF, 0x43, 0x00, 0x00, 
0x00, 0x00, 0x4B, 0xFD, 0x0E, 0x00, 0x00, 0x00, 0x00, 0x83, 0xD4, 0x00, 0x00, 0x00, 0x00, 0x00, 
0xBA, 0x9D, 0x00, 0x00, 0x00, 0x00, 0x00, 0xEA, 0x5E, 0x00, 0x00, 0x00, 0x00, 0x00, 0x00, 0x00, 
0x00, 0x00, 0x00, 0xB4, 0xFF, 0xFF, 0xFF, 0xFF, 0xEF, 0x00, 0x00, 0x00, 0x00, 0x13, 0xFC, 0x31, 
0x00, 0x00, 0x97, 0xC5, 0x00, 0x00, 0x00, 0x00, 0x5D, 0xD4, 0x00, 0x00, 0x00, 0xD4, 0x89, 0x00, 
0x00, 0x00, 0x00, 0xAF, 0x74, 0x00, 0x00, 0x12, 0xFE, 0x4C, 0x00, 0x00, 0x00, 0x0E, 0xF1, 0x16, 
0x00, 0x00, 0x4E, 0xFE, 0x11, 0x00, 0x00, 0x00, 0x64, 0xAA, 0x00, 0x00, 0x00, 0x8B, 0xD3, 0x00, 
0x00, 0x00, 0x00, 0xCE, 0x3A, 0x00, 0x00, 0x00, 0xC8, 0x97, 0x00, 0x00, 0x00, 0x51, 0xB3, 0x00, 
0x00, 0x00, 0x0A, 0xFA, 0x5A, 0x00, 0x00, 0x1C, 0xCE, 0x1B, 0x00, 0x00, 0x00, 0x42, 0xFF, 0x1E, 
0x00, 0x13, 0xFB, 0xFF, 0xFF, 0xFF, 0xFF, 0xFF, 0xFF, 0xFF, 0xFF, 0xE8, 0x5B, 0xDB, 0x00, 0x00, 
0x00, 0x00, 0x00, 0x00, 0x00, 0x77, 0xA5, 0xA4, 0x82, 0x00, 0x00, 0x00, 0x00, 0x00, 0x00, 0x00, 
0xCB, 0x5B, 0xE3, 0x29, 0x00, 0x00, 0x00, 0x00, 0x00, 0x00, 0x1A, 0xF4, 0x14, 0x00, 0x00, 0x68, 
0xFF, 0xFF, 0xFF, 0xFF, 0xF9, 0x0B, 0x00, 0x00, 0xAF, 0xA9, 0x00, 0x00, 0x00, 0x00, 0x00, 0x00, 
0x00, 0xE2, 0x75, 0x00, 0x00, 0x00, 0x00, 0x00, 0x00, 0x15, 0xFF, 0x41, 0x00, 0x00, 0x00, 0x00, 
0x00, 0x00, 0x48, 0xFF, 0xFF, 0xFF, 0xFF, 0xA6, 0x00, 0x00, 0x00, 0x7B, 0xD9, 0x00, 0x00, 0x00, 
0x00, 0x00, 0x00, 0x00, 0xAF, 0xA5, 0x00, 0x00, 0x00, 0x00, 0x00, 0x00, 0x00, 0xE2, 0x71, 0x00, 
0x00, 0x00, 0x00, 0x00, 0x00, 0x15, 0xFF, 0x3D, 0x00, 0x00, 0x00, 0x00, 0x00, 0x00, 0x3A, 0xFF, 
0xFF, 0xFF, 0xFF, 0xFF, 0x4B, 0x00, 0x00, 0x00, 0x00, 0x00, 0xE6, 0x69, 0x00, 0x00, 0x10, 0xF7, 
0x32, 0x00, 0x00, 0x3A, 0xF5, 0x2E, 0x00, 0x00, 0x00, 0x97, 0xCE, 0x00, 0x00, 0x46, 0xFB, 0x08, 
0x00, 0x17, 0xE5, 0x73, 0x00, 0x00, 0x00, 0x00, 0x31, 0xFF, 0x30, 0x00, 0x7C, 0xCE, 0x00, 0x03, 
0xC0, 0xA4, 0x00, 0x00, 0x00, 0x00, 0x00, 0x00, 0xEA, 0xA8, 0x0C, 0xB1, 0x9A, 0x17, 0xA3, 0xC6, 
0x09, 0x00, 0x00, 0x00, 0x00, 0x00, 0x18, 0xC6, 0xFF, 0xFF, 0xFF, 0xFF, 0xFF, 0xCC, 0x15, 0x00, 
0x00, 0x00, 0x00, 0x00, 0x27, 0xEA, 0xAA, 0x2B, 0x1F, 0xFF, 0x31, 0x1A, 0xA9, 0xD8, 0x09, 0x00, 
0x00, 0x00, 0x01, 0xCB, 0xB8, 0x01, 0x00, 0x52, 0xF8, 0x05, 0x00, 0x1B, 0xFF, 0x50, 0x00, 0x00, 
0x00, 0x48, 0xFF, 0x32, 0x00, 0x00, 0x88, 0xC8, 0x00, 0x00, 0x00, 0xFF, 0x64, 0x00, 0x00, 0x00, 
0xB0, 0xC9, 0x00, 0x00, 0x00, 0xBE, 0x94, 0x00, 0x00, 0x00, 0xFF, 0x5E, 0x00, 0x00, 0x15, 0xF8, 
0x5B, 0x00, 0x00, 0x00, 0xEB, 0x5A, 0x00, 0x00, 0x00, 0xF6, 0x58, 0x00, 0x00, 0x00, 0x00, 0x43, 
0xC2, 0xF5, 0xDE, 0x54, 0x00, 0x00, 0xA0, 0x2F, 0x08, 0x51, 0xEA, 0x00, 0x00, 0x00, 0x00, 0x00, 
0x1C, 0xDA, 0x00, 0x00, 0x00, 0x07, 0x35, 0xB5, 0x43, 0x00, 0x00, 0xF5, 0xFF, 0xDF, 0x29, 0x00, 
0x00, 0x00, 0x00, 0x10, 0x7B, 0xBB, 0x00, 0x00, 0x00, 0x00, 0x00, 0x0A, 0xF5, 0x00, 0x00, 0x00, 
0x00, 0x00, 0x34, 0xD3, 0x00, 0xCC, 0x47, 0x0B, 0x38, 0xD2, 0x5E, 0x00, 0x4F, 0xD7, 0xFA, 0xDB, 
0x5E, 0x00, 0x00, 0x00, 0x12, 0xFA, 0x35, 0x00, 0x00, 0x00, 0x3C, 0xF6, 0x3E, 0x00, 0x47, 0xFD, 
0x0B, 0x00, 0x00, 0x22, 0xEB, 0xFF, 0x11, 0x00, 0x7C, 0xD4, 0x00, 0x00, 0x0F, 0xD6, 0xE0, 0xDB, 
0x00, 0x00, 0xB1, 0xA0, 0x00, 0x04, 0xBA, 0xA7, 0xAF, 0xA6, 0x00, 0x00, 0xE6, 0x6B, 0x00, 0x96, 
0xCC, 0x09, 0xE3, 0x71, 0x00, 0x1B, 0xFF, 0x37, 0x6F, 0xE2, 0x19, 0x18, 0xFF, 0x3D, 0x00, 0x50, 
0xFA, 0x4D, 0xEF, 0x2E, 0x00, 0x4E, 0xFD, 0x0B, 0x00, 0x85, 0xEA, 0xEA, 0x4A, 0x00, 0x00, 0x83, 
0xD3, 0x00, 0x00, 0xBB, 0xFF, 0x6C, 0x00, 0x00, 0x00, 0xB9, 0x9E, 0x00, 0x00, 0xEA, 0x8C, 0x00, 
0x00, 0x00, 0x00, 0xE7, 0x63, 0x00, 0x00, 0x00, 0x00, 0x00, 0x00, 0x5B, 0xCD, 0x00, 0x04, 0xD9, 
0x5C, 0x00, 0x00, 0x00, 0x00, 0x00, 0x2C, 0xF4, 0xB6, 0xD3, 0xBE, 0x07, 0x00, 0x00, 0x00, 0x08, 
0x1F, 0x00, 0x14, 0x3F, 0x2C, 0x01, 0x22, 0x03, 0x00, 0x00, 0x7D, 0xDD, 0x00, 0x00, 0x00, 0x00, 
0x85, 0xFF, 0x19, 0x00, 0x00, 0xB1, 0xAA, 0x00, 0x00, 0x00, 0x61, 0xFF, 0xE6, 0x00, 0x00, 0x00, 
0xE4, 0x77, 0x00, 0x00, 0x42, 0xF7, 0xD8, 0xB3, 0x00, 0x00, 0x17, 0xFF, 0x43, 0x00, 0x29, 0xEF, 
0x73, 0xD4, 0x7F, 0x00, 0x00, 0x4B, 0xFF, 0x11, 0x16, 0xDE, 0x9C, 0x0C, 0xFD, 0x4C, 0x00, 0x00, 
0x7E, 0xDC, 0x08, 0xC7, 0xB8, 0x04, 0x3D, 0xFF, 0x18, 0x00, 0x00, 0xB1, 0xA8, 0xA8, 0xD0, 0x0D, 
0x00, 0x70, 0xE5, 0x00, 0x00, 0x00, 0xE4, 0xDA, 0xE3, 0x1A, 0x00, 0x00, 0xA3, 0xB1, 0x00, 0x00, 
0x17, 0xFF, 0xF1, 0x2D, 0x00, 0x00, 0x00, 0xD6, 0x7E, 0x00, 0x00, 0x47, 0xF9, 0x43, 0x00, 0x00, 
0x00, 0x09, 0xFD, 0x48, 0x00, 0x00, 0x01, 0x07, 0x00, 0x00, 0x00, 0x00, 0x00, 0x07, 0x00, 0x00, 
0x00, 0x00, 0x10, 0xFA, 0x3C, 0x00, 0x00, 0x1F, 0xF9, 0x46, 0x00, 0x45, 0xFE, 0x0F, 0x00, 0x00, 
0x9B, 0xCD, 0x00, 0x00, 0x7B, 0xD8, 0x00, 0x00, 0x31, 0xF9, 0x46, 0x00, 0x00, 0xB1, 0xA2, 0x09, 
0x4C, 0xE3, 0x6F, 0x00, 0x00, 0x00, 0xE6, 0xFF, 0xFF, 0xF6, 0x4B, 0x00, 0x00, 0x00, 0x1D, 0xFF, 
0x3C, 0x1B, 0xB5, 0xE5, 0x09, 0x00, 0x00, 0x52, 0xFC, 0x0B, 0x00, 0x25, 0xFF, 0x4A, 0x00, 0x00, 
0x88, 0xD2, 0x00, 0x00, 0x00, 0xFF, 0x5A, 0x00, 0x00, 0xBE, 0x9D, 0x00, 0x00, 0x00, 0xFF, 0x58, 
0x00, 0x00, 0xEC, 0x60, 0x00, 0x00, 0x00, 0xF7, 0x55, 0x00, 0x00, 0x00, 0x00, 0x00, 0x00, 0x00, 
0xCA, 0xFF, 0xFF, 0xFF, 0xFF, 0x5F, 0x00, 0x00, 0x00, 0x00, 0x34, 0xFF, 0x23, 0x00, 0x1D, 0xFF, 
0x37, 0x00, 0x00, 0x00, 0x00, 0x95, 0xCA, 0x00, 0x00, 0x58, 0xF7, 0x05, 0x00, 0x00, 0x00, 0x0A, 
0xF0, 0x61, 0x00, 0x00, 0x92, 0xC3, 0x00, 0x00, 0x00, 0x00, 0x62, 0xE6, 0x07, 0x00, 0x00, 0xCD, 
0x89, 0x00, 0x00, 0x00, 0x00, 0xC4, 0x74, 0x00, 0x00, 0x0B, 0xFB, 0x4F, 0x00, 0x00, 0x00, 0x22, 
0xEF, 0x0E, 0x00, 0x00, 0x42, 0xFF, 0x15, 0x00, 0x00, 0x00, 0x91, 0x85, 0x00, 0x00, 0x00, 0x7C, 
0xDB, 0x00, 0x00, 0x01, 0x4F, 0xD6, 0x0D, 0x00, 0x00, 0x00, 0xB6, 0xA1, 0x00, 0x00, 0xCE, 0xC4, 
0x24, 0x00, 0x00, 0x00, 0x00, 0xE6, 0x65, 0x00, 0x00, 0x00, 0x00, 0x6A, 0xFF, 0xC3, 0x00, 0x00, 
0x00, 0x00, 0x00, 0x05, 0xC0, 0xFF, 0x6F, 0x00, 0x00, 0xAF, 0xD1, 0xFE, 0x10, 0x00, 0x00, 0x00, 
0x00, 0x7C, 0xD4, 0xFB, 0x4D, 0x00, 0x00, 0xE2, 0x71, 0xFA, 0x43, 0x00, 0x00, 0x00, 0x24, 0xF5, 
0x68, 0xFF, 0x1A, 0x00, 0x16, 0xFF, 0x36, 0xD0, 0x78, 0x00, 0x00, 0x00, 0xBB, 0x97, 0x65, 0xE7, 
0x00, 0x00, 0x49, 0xFB, 0x08, 0x9F, 0xAD, 0x00, 0x00, 0x5D, 0xE8, 0x10, 0x98, 0xB4, 0x00, 0x00, 
0x7D, 0xCF, 0x00, 0x6D, 0xE2, 0x00, 0x12, 0xEA, 0x5B, 0x00, 0xCC, 0x81, 0x00, 0x00, 0xB0, 0x9C, 
0x00, 0x3C, 0xFF, 0x17, 0x9D, 0xBC, 0x00, 0x06, 0xF9, 0x4E, 0x00, 0x00, 0xE4, 0x68, 0x00, 0x0C, 
0xFD, 0x8A, 0xF7, 0x26, 0x00, 0x33, 0xFF, 0x1B, 0x00, 0x17, 0xFF, 0x35, 0x00, 0x00, 0xD9, 0xFF, 
0x80, 0x00, 0x00, 0x67, 0xE8, 0x00, 0x00, 0x44, 0xF2, 0x07, 0x00, 0x00, 0xA0, 0xD4, 0x07, 0x00, 
0x00, 0x93, 0xAE, 0x00, 0x00, 0x00, 0x00, 0x77, 0xD2, 0x00, 0x00, 0x00, 0x00, 0x84, 0xC3, 0x00, 
0x00, 0xB1, 0xA8, 0x00, 0x00, 0x00, 0x00, 0xBD, 0x96, 0x00, 0x00, 0xE4, 0x76, 0x00, 0x00, 0x00, 
0x00, 0xEF, 0x63, 0x00, 0x17, 0xFF, 0x44, 0x00, 0x00, 0x00, 0x23, 0xFF, 0x30, 0x00, 0x4A, 0xFF, 
0xFF, 0xFF, 0xFF, 0xFF, 0xFF, 0xF8, 0x05, 0x00, 0x7C, 0xDA, 0x00, 0x00, 0x00, 0x00, 0x8A, 0xCB, 
0x00, 0x00, 0xAF, 0xA7, 0x00, 0x00, 0x00, 0x00, 0xBC, 0x98, 0x00, 0x00, 0xE2, 0x75, 0x00, 0x00, 
0x00, 0x00, 0xEE, 0x65, 0x00, 0x14, 0xFF, 0x42, 0x00, 0x00, 0x00, 0x21, 0xFF, 0x33, 0x00, 0x41, 
0xF7, 0x10, 0x00, 0x00, 0x00, 0x4D, 0xF2, 0x06, 0x00, 0x00, 0x00, 0x00, 0x15, 0x94, 0xE4, 0xF9, 
0xDC, 0x87, 0x09, 0x00, 0x00, 0x00, 0x2C, 0xED, 0x9D, 0x1F, 0x0B, 0x48, 0xEA, 0x93, 0x00, 0x00, 
0x08, 0xE0, 0x94, 0x00, 0x00, 0x00, 0x00, 0x7A, 0xF1, 0x00, 0x00, 0x6D, 0xF2, 0x0C, 0x00, 0x00, 
0x00, 0x00, 0x56, 0xFF, 0x10, 0x00, 0xC4, 0xA5, 0x00, 0x00, 0x00, 0x00, 0x00, 0x69, 0xFB, 0x02, 
0x01, 0xF9, 0x6F, 0x00, 0x00, 0x00, 0x00, 0x00, 0x9D, 0xC6, 0x00, 0x0D, 0xFF, 0x5C, 0x00, 0x00, 
0x00, 0x00, 0x08, 0xEE, 0x70, 0x00, 0x00, 0xF3, 0x7B, 0x00, 0x00, 0x00, 0x00, 0x8A, 0xE4, 0x0B, 
0x00, 0x00, 0x99, 0xE9, 0x46, 0x0A, 0x1C, 0x94, 0xF0, 0x32, 0x00, 0x00, 0x00, 0x0B, 0x8A, 0xDE, 
0xF9, 0xE6, 0x99, 0x18, 0x00, 0x00, 0x00, 0x00, 0x06, 0xFB, 0xFF, 0xFF, 0xFF, 0xFF, 0xFF, 0xFF, 
0x5F, 0x00, 0x36, 0xFF, 0x1F, 0x00, 0x00, 0x00, 0x1D, 0xFF, 0x37, 0x00, 0x6D, 0xE8, 0x00, 0x00, 
0x00, 0x00, 0x58, 0xF7, 0x05, 0x00, 0xA5, 0xB1, 0x00, 0x00, 0x00, 0x00, 0x92, 0xC3, 0x00, 0x00, 
0xDC, 0x7A, 0x00, 0x00, 0x00, 0x00, 0xCD, 0x89, 0x00, 0x14, 0xFF, 0x43, 0x00, 0x00, 0x00, 0x0B, 
0xFB, 0x4F, 0x00, 0x4B, 0xFD, 0x0E, 0x00, 0x00, 0x00, 0x42, 0xFF, 0x15, 0x00, 0x83, 0xD4, 0x00, 
0x00, 0x00, 0x00, 0x7C, 0xDB, 0x00, 0x00, 0xBA, 0x9D, 0x00, 0x00, 0x00, 0x00, 0xB6, 0xA1, 0x00, 
0x00, 0xEA, 0x5E, 0x00, 0x00, 0x00, 0x00, 0xEA, 0x5F, 0x00, 0x00, 0x00, 0x00, 0x6A, 0xFE, 0xFF, 
0xFC, 0xDA, 0x60, 0x00, 0x00, 0x00, 0xB1, 0xA6, 0x00, 0x07, 0x82, 0xFD, 0x22, 0x00, 0x00, 0xE3, 
0x74, 0x00, 0x00, 0x27, 0xFF, 0x42, 0x00, 0x16, 0xFF, 0x42, 0x00, 0x00, 0x5E, 0xFA, 0x14, 0x00, 
0x49, 0xFF, 0x11, 0x09, 0x4B, 0xEA, 0x81, 0x00, 0x00, 0x7C, 0xFF, 0xFF, 0xF4, 0xCF, 0x62, 0x00, 
0x00, 0x00, 0xAF, 0xA9, 0x00, 0x00, 0x00, 0x00, 0x00, 0x00, 0x00, 0xE2, 0x76, 0x00, 0x00, 0x00, 
0x00, 0x00, 0x00, 0x14, 0xFF, 0x43, 0x00, 0x00, 0x00, 0x00, 0x00, 0x00, 0x40, 0xF7, 0x11, 0x00, 
0x00, 0x00, 0x00, 0x00, 0x00, 0x00, 0x00, 0x00, 0x17, 0x95, 0xE8, 0xF7, 0xD1, 0x5E, 0x00, 0x00, 
0x27, 0xE9, 0x9F, 0x28, 0x0D, 0x4F, 0xBA, 0x00, 0x06, 0xDA, 0x9E, 0x00, 0x00, 0x00, 0x00, 0x00, 
0x00, 0x6C, 0xF3, 0x13, 0x00, 0x00, 0x00, 0x00, 0x00, 0x00, 0xC3, 0xA6, 0x00, 0x00, 0x00, 0x00, 
0x00, 0x00, 0x00, 0xF6, 0x6E, 0x00, 0x00, 0x00, 0x00, 0x00, 0x00, 0x07, 0xFF, 0x60, 0x00, 0x00, 
0x00, 0x00, 0x00, 0x00, 0x00, 0xE7, 0x8D, 0x00, 0x00, 0x00, 0x00, 0x00, 0x00, 0x00, 0x81, 0xF4, 
0x51, 0x0B, 0x23, 0x8A, 0x6C, 0x00, 0x00, 0x05, 0x7C, 0xDD, 0xF8, 0xDE, 0x91, 0x11, 0x00, 0xA6, 
0xFF, 0xFF, 0xFF, 0xFF, 0xFF, 0xFF, 0xD2, 0x00, 0x00, 0x00, 0xCE, 0x89, 0x00, 0x00, 0x00, 0x00, 
0x00, 0x06, 0xF9, 0x56, 0x00, 0x00, 0x00, 0x00, 0x00, 0x33, 0xFF, 0x23, 0x00, 0x00, 0x00, 0x00, 
0x00, 0x66, 0xEF, 0x01, 0x00, 0x00, 0x00, 0x00, 0x00, 0x98, 0xBD, 0x00, 0x00, 0x00, 0x00, 0x00, 
0x00, 0xCB, 0x89, 0x00, 0x00, 0x00, 0x00, 0x00, 0x05, 0xF8, 0x56, 0x00, 0x00, 0x00, 0x00, 0x00, 
0x31, 0xFF, 0x23, 0x00, 0x00, 0x00, 0x00, 0x00, 0x5C, 0xE8, 0x01, 0x00, 0x00, 0x00, 0x00, 0x04, 
0xF1, 0x52, 0x00, 0x00, 0x00, 0x00, 0x32, 0xFD, 0x43, 0x00, 0xB9, 0xA5, 0x00, 0x00, 0x00, 0x07, 
0xD3, 0xA1, 0x00, 0x00, 0x6F, 0xEC, 0x02, 0x00, 0x00, 0x8A, 0xE2, 0x0F, 0x00, 0x00, 0x24, 0xFF, 
0x38, 0x00, 0x3B, 0xFB, 0x42, 0x00, 0x00, 0x00, 0x00, 0xDB, 0x7E, 0x0A, 0xDC, 0x91, 0x00, 0x00, 
0x00, 0x00, 0x00, 0x91, 0xBF, 0x91, 0xD7, 0x09, 0x00, 0x00, 0x00, 0x00, 0x00, 0x47, 0xFB, 0xF9, 
0x34, 0x00, 0x00, 0x00, 0x00, 0x00, 0x00, 0x25, 0xFF, 0x7B, 0x00, 0x00, 0x00, 0x00, 0x00, 0x1C, 
0x29, 0xD3, 0xB0, 0x02, 0x00, 0x00, 0x00, 0x00, 0x00, 0xE6, 0xED, 0x90, 0x06, 0x00, 0x00, 0x00, 
0x00, 0x00, 0x00, 0x00, 0x00, 0x00, 0x00, 0x12, 0xF7, 0x2C, 0x00, 0x00, 0x00, 0x00, 0x03, 0x5E, 
0xBF, 0xEF, 0xFF, 0xF0, 0xA9, 0x1B, 0x00, 0x03, 0xAF, 0xBC, 0x3F, 0x85, 0xCA, 0x1B, 0x8E, 0xD4, 
0x03, 0x6C, 0xBA, 0x03, 0x00, 0xAF, 0x97, 0x00, 0x01, 0xE1, 0x2B, 0xCE, 0x38, 0x00, 0x00, 0xE4, 
0x64, 0x00, 0x00, 0xC9, 0x34, 0xF6, 0x07, 0x00, 0x18, 0xFF, 0x32, 0x00, 0x08, 0xF0, 0x0F, 0xEC, 
0x1F, 0x00, 0x4D, 0xF9, 0x06, 0x00, 0x7E, 0xAC, 0x00, 0x9A, 0xB9, 0x2A, 0x85, 0xCF, 0x27, 0x8D, 
0xDA, 0x1B, 0x00, 0x0A, 0x89, 0xDC, 0xFF, 0xFA, 0xD3, 0x85, 0x12, 0x00, 0x00, 0x00, 0x00, 0x00, 
0xE8, 0x63, 0x00, 0x00, 0x00, 0x00, 0x00, 0x00, 0x00, 0x1E, 0xFC, 0x4E, 0x00, 0x00, 0x02, 0xB4, 
0xC8, 0x00, 0x00, 0x00, 0xC8, 0xB4, 0x00, 0x00, 0x81, 0xED, 0x21, 0x00, 0x00, 0x00, 0x63, 0xFC, 
0x1A, 0x47, 0xFA, 0x44, 0x00, 0x00, 0x00, 0x00, 0x0B, 0xF2, 0x96, 0xEB, 0x74, 0x00, 0x00, 0x00, 
0x00, 0x00, 0x00, 0x9B, 0xFF, 0xA9, 0x00, 0x00, 0x00, 0x00, 0x00, 0x00, 0x15, 0xE1, 0xF8, 0x97, 
0x00, 0x00, 0x00, 0x00, 0x00, 0x04, 0xBF, 0xB8, 0x74, 0xF2, 0x0C, 0x00, 0x00, 0x00, 0x00, 0x91, 
0xE1, 0x13, 0x15, 0xFA, 0x67, 0x00, 0x00, 0x00, 0x5E, 0xF9, 0x37, 0x00, 0x00, 0xAD, 0xCF, 0x00, 
0x00, 0x24, 0xF4, 0x69, 0x00, 0x00, 0x00, 0x47, 0xFE, 0x28, 0x00, 0x00, 0x00, 0x10, 0xFA, 0x3C, 
0x00, 0x00, 0x00, 0x6B, 0xE6, 0x00, 0x00, 0x46, 0xFE, 0x0F, 0x00, 0x00, 0x00, 0xAA, 0xB5, 0x00, 
0x00, 0x7E, 0xD5, 0x00, 0x00, 0x00, 0x00, 0xE4, 0x7B, 0x00, 0x00, 0xB5, 0x9E, 0x00, 0x00, 0x00, 
0x1F, 0xFF, 0x41, 0x00, 0x00, 0xEB, 0x66, 0x00, 0x00, 0x00, 0x59, 0xFB, 0x0B, 0x00, 0x24, 0xFF, 
0x2E, 0x00, 0x00, 0x00, 0x94, 0xCC, 0x00, 0x00, 0x5C, 0xF3, 0x03, 0x00, 0x00, 0x00, 0xCE, 0x91, 
0x00, 0x00, 0x93, 0xBF, 0x00, 0x00, 0x00, 0x0C, 0xFC, 0x57, 0x00, 0x00, 0xCB, 0x87, 0x00, 0x00, 
0x00, 0x43, 0xFF, 0x1D, 0x00, 0x01, 0xF9, 0xFF, 0xFF, 0xFF, 0xFF, 0xFF, 0xFF, 0xFE, 0x00, 0x00, 
0x00, 0x00, 0x00, 0x00, 0x00, 0x00, 0x49, 0xFF, 0x00, 0x00, 0x00, 0x00, 0x00, 0x00, 0x00, 0x00, 
0x41, 0xFF, 0x00, 0x00, 0x00, 0x00, 0x00, 0x00, 0x00, 0x00, 0x38, 0xF4, 0x00, 0x00, 0xF6, 0x48, 
0x00, 0x00, 0x00, 0x0F, 0xFB, 0x39, 0x00, 0xFF, 0x51, 0x00, 0x00, 0x00, 0x44, 0xFE, 0x0E, 0x00, 
0xFF, 0x55, 0x00, 0x00, 0x00, 0x7A, 0xD7, 0x00, 0x09, 0xFF, 0x53, 0x00, 0x00, 0x00, 0xAF, 0xA2, 
0x00, 0x01, 0xF0, 0x93, 0x06, 0x00, 0x00, 0xE5, 0x6D, 0x00, 0x00, 0x55, 0xDB, 0xFB, 0xFF, 0xFB, 
0xFF, 0x39, 0x00, 0x00, 0x00, 0x00, 0x00, 0x00, 0x50, 0xFB, 0x09, 0x00, 0x00, 0x00, 0x00, 0x00, 
0x00, 0x86, 0xCF, 0x00, 0x00, 0x00, 0x00, 0x00, 0x00, 0x00, 0xBC, 0x9A, 0x00, 0x00, 0x00, 0x00, 
0x00, 0x00, 0x00, 0xEB, 0x5C, 0x00, 0x00, 0x00, 0x10, 0xFA, 0x32, 0x00, 0x00, 0x11, 0xFA, 0x2F, 
0x00, 0x00, 0x11, 0xFA, 0x36, 0x00, 0x47, 0xFB, 0x0A, 0x00, 0x00, 0x4A, 0xF7, 0x06, 0x00, 0x00, 
0x4A, 0xFB, 0x0A, 0x00, 0x7E, 0xCE, 0x00, 0x00, 0x00, 0x85, 0xC4, 0x00, 0x00, 0x00, 0x85, 0xCC, 
0x00, 0x00, 0xB6, 0x97, 0x00, 0x00, 0x00, 0xBF, 0x8A, 0x00, 0x00, 0x00, 0xBF, 0x92, 0x00, 0x00, 
0xEC, 0x60, 0x00, 0x00, 0x04, 0xF4, 0x50, 0x00, 0x00, 0x04, 0xF4, 0x58, 0x00, 0x25, 0xFF, 0x28, 
0x00, 0x00, 0x34, 0xFF, 0x16, 0x00, 0x00, 0x34, 0xFF, 0x1E, 0x00, 0x5C, 0xF0, 0x01, 0x00, 0x00, 
0x6E, 0xDC, 0x00, 0x00, 0x00, 0x6E, 0xE4, 0x00, 0x00, 0x94, 0xBA, 0x00, 0x00, 0x00, 0xA9, 0xA2, 
0x00, 0x00, 0x00, 0xA9, 0xAA, 0x00, 0x00, 0xCB, 0x83, 0x00, 0x00, 0x00, 0xE3, 0x68, 0x00, 0x00, 
0x00, 0xE3, 0x70, 0x00, 0x00, 0xF8, 0xFF, 0xFF, 0xFF, 0xFF, 0xFF, 0xFF, 0xFF, 0xFF, 0xFF, 0xF9, 
0x2B, 0x00, 0x00, 0x00, 0x10, 0xFA, 0x32, 0x00, 0x00, 0x11, 0xFA, 0x30, 0x00, 0x00, 0x11, 0xFA, 
0x37, 0x00, 0x46, 0xFB, 0x0A, 0x00, 0x00, 0x4A, 0xF7, 0x06, 0x00, 0x00, 0x4A, 0xFB, 0x0A, 0x00, 
0x7E, 0xCE, 0x00, 0x00, 0x00, 0x85, 0xC4, 0x00, 0x00, 0x00, 0x85, 0xCA, 0x00, 0x00, 0xB5, 0x97, 
0x00, 0x00, 0x00, 0xBF, 0x8A, 0x00, 0x00, 0x00, 0xBF, 0x8F, 0x00, 0x00, 0xEB, 0x60, 0x00, 0x00, 
0x04, 0xF4, 0x50, 0x00, 0x00, 0x04, 0xF4, 0x54, 0x00, 0x24, 0xFF, 0x28, 0x00, 0x00, 0x34, 0xFF, 
0x16, 0x00, 0x00, 0x34, 0xFF, 0x19, 0x00, 0x5C, 0xF0, 0x01, 0x00, 0x00, 0x6E, 0xDC, 0x00, 0x00, 
0x00, 0x6E, 0xDE, 0x00, 0x00, 0x93, 0xBA, 0x00, 0x00, 0x00, 0xA9, 0xA2, 0x00, 0x00, 0x00, 0xA9, 
0xA3, 0x00, 0x00, 0xCB, 0x83, 0x00, 0x00, 0x00, 0xE3, 0x68, 0x00, 0x00, 0x00, 0xE3, 0x69, 0x00, 
0x00, 0xF8, 0xFF, 0xFF, 0xFF, 0xFF, 0xFF, 0xFF, 0xFF, 0xFF, 0xFF, 0xFF, 0xFF, 0x48, 0x00, 0x00, 
0x00, 0x00, 0x00, 0x00, 0x00, 0x00, 0x00, 0x00, 0x00, 0x00, 0xFF, 0x3C, 0x00, 0x00, 0x00, 0x00, 
0x00, 0x00, 0x00, 0x00, 0x00, 0x00, 0x00, 0x00, 0xFF, 0x2C, 0x00, 0x00, 0x00, 0x00, 0x00, 0x00, 
0x00, 0x00, 0x00, 0x00, 0x00, 0x00, 0xF8, 0x18, 0x00, 0xDE, 0xFF, 0xFF, 0xFF, 0x62, 0x00, 0x00, 
0x00, 0x00, 0x00, 0x1E, 0xFF, 0x36, 0x00, 0x00, 0x00, 0x00, 0x00, 0x5B, 0xF3, 0x04, 0x00, 0x00, 
0x00, 0x00, 0x00, 0x98, 0xBA, 0x00, 0x00, 0x00, 0x00, 0x00, 0x00, 0xD4, 0xFF, 0xFF, 0xF9, 0xC3, 
0x2B, 0x00, 0x12, 0xFE, 0x40, 0x00, 0x0D, 0x80, 0xCF, 0x00, 0x4D, 0xFA, 0x09, 0x00, 0x00, 0x0C, 
0xF8, 0x00, 0x8A, 0xC6, 0x00, 0x00, 0x00, 0x3D, 0xCE, 0x00, 0xC6, 0x8A, 0x00, 0x06, 0x3C, 0xDC, 
0x51, 0x00, 0xF0, 0xFF, 0xFF, 0xF6, 0xC6, 0x4E, 0x00, 0x00, 0x10, 0xFA, 0x3C, 0x00, 0x00, 0x00, 
0x00, 0x00, 0x0F, 0xF9, 0x3A, 0x00, 0x47, 0xFE, 0x10, 0x00, 0x00, 0x00, 0x00, 0x00, 0x44, 0xFE, 
0x0F, 0x00, 0x7E, 0xD9, 0x00, 0x00, 0x00, 0x00, 0x00, 0x00, 0x79, 0xD9, 0x00, 0x00, 0xB6, 0xA3, 
0x00, 0x00, 0x00, 0x00, 0x00, 0x00, 0xAF, 0xA5, 0x00, 0x00, 0xEC, 0xFF, 0xFF, 0xF7, 0xBF, 0x29, 
0x00, 0x00, 0xE4, 0x71, 0x00, 0x25, 0xFF, 0x2F, 0x00, 0x0D, 0x7C, 0xCF, 0x00, 0x19, 0xFF, 0x3D, 
0x00, 0x5C, 0xF5, 0x03, 0x00, 0x00, 0x0D, 0xF7, 0x00, 0x4F, 0xFD, 0x0B, 0x00, 0x94, 0xC1, 0x00, 
0x00, 0x00, 0x3F, 0xC3, 0x00, 0x85, 0xD4, 0x00, 0x00, 0xCB, 0x8B, 0x00, 0x07, 0x3F, 0xD8, 0x3E, 
0x00, 0xBA, 0xA0, 0x00, 0x00, 0xF2, 0xFF, 0xFD, 0xEB, 0xB0, 0x37, 0x00, 0x00, 0xEA, 0x66, 0x00, 
0x00, 0x00, 0x10, 0xFA, 0x3C, 0x00, 0x00, 0x00, 0x00, 0x47, 0xFE, 0x0F, 0x00, 0x00, 0x00, 0x00, 
0x7E, 0xD6, 0x00, 0x00, 0x00, 0x00, 0x00, 0xB6, 0x9F, 0x00, 0x00, 0x00, 0x00, 0x00, 0xEC, 0xFF, 
0xFF, 0xF9, 0xC1, 0x29, 0x25, 0xFF, 0x2B, 0x00, 0x0D, 0x82, 0xCD, 0x5C, 0xF2, 0x02, 0x00, 0x00, 
0x0C, 0xF7, 0x94, 0xBD, 0x00, 0x00, 0x00, 0x3B, 0xC7, 0xCB, 0x87, 0x00, 0x05, 0x3A, 0xD7, 0x43, 
0xF7, 0xFF, 0xFE, 0xEF, 0xB6, 0x3D, 0x00, 0x00, 0x00, 0x4D, 0xC1, 0xF3, 0xE6, 0x8B, 0x04, 0x00, 
0x00, 0xAB, 0x38, 0x0A, 0x27, 0xBC, 0x82, 0x00, 0x00, 0x00, 0x00, 0x00, 0x00, 0x25, 0xDE, 0x00, 
0x00, 0x00, 0x00, 0x00, 0x00, 0x06, 0xFB, 0x00, 0xE8, 0xFF, 0xFF, 0xFF, 0xFF, 0xFF, 0xEB, 0x00, 
0x00, 0x00, 0x00, 0x00, 0x00, 0x71, 0xBE, 0x00, 0x00, 0x00, 0x00, 0x00, 0x00, 0xC3, 0x75, 0x00, 
0x00, 0x00, 0x00, 0x00, 0x52, 0xEF, 0x14, 0xCB, 0x61, 0x14, 0x16, 0x69, 0xF1, 0x54, 0x00, 0x34, 
0xBC, 0xF5, 0xEC, 0xBA, 0x3C, 0x00, 0x00, 0x00, 0x10, 0xFA, 0x3C, 0x00, 0x00, 0x48, 0xB9, 0xEB, 
0xF3, 0xCF, 0x69, 0x02, 0x00, 0x45, 0xFE, 0x10, 0x00, 0x7D, 0xF9, 0x74, 0x10, 0x08, 0x40, 0xD2, 
0x73, 0x00, 0x7B, 0xDA, 0x00, 0x39, 0xFF, 0x6A, 0x00, 0x00, 0x00, 0x00, 0x35, 0xDA, 0x00, 0xB1, 
0xA6, 0x00, 0x5C, 0xE2, 0x02, 0x00, 0x00, 0x00, 0x00, 0x08, 0xF9, 0x00, 0xE6, 0xFF, 0xFF, 0xFF, 
0x92, 0x00, 0x00, 0x00, 0x00, 0x00, 0x1D, 0xE7, 0x1C, 0xFF, 0x3C, 0x00, 0x9A, 0x64, 0x00, 0x00, 
0x00, 0x00, 0x00, 0x57, 0xB5, 0x52, 0xFC, 0x0B, 0x00, 0xA8, 0x58, 0x00, 0x00, 0x00, 0x00, 0x00, 
0xBC, 0x5D, 0x88, 0xD2, 0x00, 0x00, 0x92, 0x74, 0x00, 0x00, 0x00, 0x00, 0x66, 0xD5, 0x04, 0xBD, 
0x9D, 0x00, 0x00, 0x4D, 0xE0, 0x32, 0x06, 0x25, 0x97, 0xE0, 0x25, 0x00, 0xEB, 0x60, 0x00, 0x00, 
0x01, 0x80, 0xE4, 0xF5, 0xD5, 0x86, 0x13, 0x00, 0x00, 0x00, 0x00, 0x00, 0x00, 0x4D, 0xC4, 0xF0, 
0xFF, 0xFF, 0x5E, 0x00, 0x00, 0x00, 0x53, 0xD2, 0x39, 0x07, 0x1D, 0xFF, 0x36, 0x00, 0x00, 0x00, 
0xD8, 0x36, 0x00, 0x00, 0x59, 0xF6, 0x05, 0x00, 0x00, 0x00, 0xF9, 0x0A, 0x00, 0x00, 0x94, 0xC2, 
0x00, 0x00, 0x00, 0x00, 0xD0, 0x7A, 0x0A, 0x00, 0xCF, 0x88, 0x00, 0x00, 0x00, 0x00, 0x4A, 0xF8, 
0xFF, 0xFF, 0xFF, 0x4E, 0x00, 0x00, 0x00, 0x62, 0xE3, 0x4A, 0x09, 0x46, 0xFF, 0x15, 0x00, 0x00, 
0x32, 0xFD, 0x3F, 0x00, 0x00, 0x80, 0xDA, 0x00, 0x00, 0x00, 0xBB, 0xC9, 0x00, 0x00, 0x00, 0xBB, 
0xA0, 0x00, 0x00, 0x27, 0xFC, 0x57, 0x00, 0x00, 0x00, 0xE6, 0x66, 0x00, 0x00, 0x00, 0x00, 0x56, 
0xD7, 0xEF, 0xAD, 0x9F, 0x90, 0x00, 0x4D, 0xF4, 0x4B, 0x13, 0x7E, 0xFF, 0x62, 0x00, 0xD8, 0x7F, 
0x00, 0x00, 0x16, 0xFF, 0x30, 0x2B, 0xFF, 0x27, 0x00, 0x00, 0x5A, 0xF8, 0x05, 0x4D, 0xFF, 0x05, 
0x00, 0x04, 0xCA, 0xCB, 0x00, 0x38, 0xFF, 0x47, 0x1B, 0xA8, 0xF0, 0x98, 0x00, 0x00, 0x98, 0xF1, 
0xDF, 0x6E, 0xBD, 0x5F, 0x00, 0x00, 0x00, 0x00, 0x31, 0x7D, 0xB1, 0xD9, 0xDC, 0x00, 0x04, 0x99, 
0xFD, 0xB5, 0x68, 0x2D, 0x02, 0x00, 0x82, 0xEE, 0x38, 0x00, 0x00, 0x00, 0x00, 0x0D, 0xF2, 0x46, 
0x00, 0x00, 0x00, 0x00, 0x00, 0x5A, 0xCE, 0x90, 0xE5, 0xF4, 0xC6, 0x34, 0x00, 0x9F, 0xF5, 0x75, 
0x14, 0x12, 0x80, 0xD2, 0x00, 0xD4, 0x83, 0x00, 0x00, 0x00, 0x0A, 0xF6, 0x00, 0xF6, 0x1B, 0x00, 
0x00, 0x00, 0x2A, 0xD5, 0x00, 0xF6, 0x09, 0x00, 0x00, 0x00, 0x96, 0x7C, 0x00, 0xC4, 0x73, 0x08, 
0x19, 0x8F, 0xCE, 0x09, 0x00, 0x2B, 0xCD, 0xF9, 0xE0, 0x8E, 0x0F, 0x00, 0x00, 0x00, 0x32, 0xCA, 
0xF8, 0xDB, 0x5B, 0x1D, 0xDB, 0x42, 0x08, 0x3C, 0xF1, 0x8F, 0x58, 0x00, 0x0F, 0x70, 0xC4, 0xD8, 
0xFF, 0xFF, 0xFF, 0xFB, 0x54, 0xF1, 0x00, 0x00, 0x09, 0x46, 0xF0, 0xE3, 0x46, 0x06, 0x1E, 0x88, 
0xBF, 0x4D, 0xDE, 0xF9, 0xE0, 0x94, 0x13, 0x00, 0x1D, 0xB4, 0xF5, 0xE0, 0x5E, 0x00, 0xB8, 0x48, 
0x09, 0x3B, 0xEE, 0x00, 0x00, 0x00, 0x25, 0x94, 0xAA, 0x09, 0x77, 0xD2, 0xBC, 0x62, 0x03, 0xB2, 
0x81, 0x0F, 0x00, 0x00, 0x00, 0xEF, 0x43, 0x06, 0x18, 0x7C, 0x0F, 0x58, 0xD6, 0xF8, 0xE8, 0x93, 
0x0B, 0x00, 0x00, 0x01, 0xED, 0xC8, 0x5C, 0x00, 0x00, 0x00, 0x00, 0x11, 0x6F, 0xFA, 0x55, 0x00, 
0x00, 0x00, 0x00, 0x00, 0x7C, 0xC6, 0x00, 0x00, 0x00, 0x00, 0x00, 0x23, 0xF4, 0x00, 0x41, 0xD0, 
0xF5, 0xBA, 0x19, 0xFB, 0x26, 0xE7, 0x4B, 0x0C, 0x4A, 0xE2, 0xE4, 0x9A, 0x75, 0x00, 0x00, 0x00, 
0xA0, 0xB6, 0xE0, 0x21, 0x00, 0x00, 0x00, 0xA2, 0x6D, 0xFA, 0x06, 0x00, 0x00, 0x19, 0xE1, 0x12, 
0xDD, 0x5B, 0x0A, 0x3F, 0xD3, 0x5C, 0x00, 0x4D, 0xE0, 0xF2, 0xC4, 0x4A, 0x00, 0x00, 0x00, 0x00, 
0x3F, 0xC2, 0xF3, 0xDF, 0x61, 0x00, 0x00, 0x47, 0xEA, 0x4F, 0x0A, 0x6F, 0xFB, 0x08, 0x02, 0xDF, 
0x61, 0x05, 0x29, 0xA9, 0xDB, 0x00, 0x35, 0xFF, 0xFF, 0xF8, 0xDD, 0x9D, 0x21, 0x00, 0x54, 0xDB, 
0x00, 0x00, 0x00, 0x00, 0x00, 0x00, 0x31, 0xF7, 0x3B, 0x04, 0x00, 0x00, 0x00, 0x00, 0x00, 0x76, 
0xE3, 0xFB, 0xED, 0xAC, 0x00, 0x00, 0x00, 0xCC, 0xF1, 0x6A, 0x00, 0x0D, 0xF7, 0x20, 0x00, 0x00, 
0x96, 0xF8, 0xC8, 0x00, 0x19, 0x3D, 0xE4, 0x00, 0x33, 0xFC, 0x04, 0x00, 0x4C, 0xB8, 0x0D, 0x16, 
0x00, 0x00, 0x06, 0xFB, 0x00, 0x59, 0xDD, 0x00, 0x00, 0xA4, 0x49, 0x00, 0x00, 0x00, 0x00, 0x24, 
0xFF, 0xFF, 0xFF, 0xFF, 0xFF, 0xFF, 0xFF, 0x14, 0x00, 0x00, 0x00, 0x00, 0x75, 0xA3, 0x00, 0xA7, 
0x99, 0x00, 0x00, 0xFA, 0x01, 0x00, 0x00, 0x0F, 0x35, 0xE9, 0x32, 0x00, 0xCD, 0x76, 0x00, 0x00, 
0xF8, 0x12, 0x23, 0x00, 0xE2, 0xE4, 0x54, 0x00, 0x00, 0xEF, 0x4F, 0x00, 0x00, 0xAD, 0xF9, 0xB7, 
0x00, 0x00, 0x34, 0xBB, 0xF5, 0xE5, 0x6A, 0x00, 0xAF, 0x3C, 0x08, 0x3A, 0xF1, 0x00, 0x00, 0x01, 
0x17, 0x7E, 0xB8, 0x00, 0x00, 0xF5, 0xFF, 0xF8, 0x4B, 0x00, 0x00, 0x01, 0x0F, 0x52, 0xEC, 0xC6, 
0x3C, 0x07, 0x20, 0x8A, 0xB5, 0x5E, 0xDB, 0xF7, 0xDB, 0x8D, 0x0F, 0x00, 0x45, 0xF6, 0x04, 0x00, 
0x00, 0xAC, 0x93, 0x00, 0x7C, 0xD0, 0x00, 0x00, 0x00, 0xE6, 0x65, 0x00, 0xAE, 0x9F, 0x00, 0x00, 
0x19, 0xFF, 0x32, 0x00, 0xDF, 0x6E, 0x00, 0x00, 0x5D, 0xF9, 0x06, 0x10, 0xFF, 0x3E, 0x00, 0x04, 
0xCD, 0xCC, 0x00, 0x1E, 0xFF, 0x56, 0x1B, 0xAA, 0xF1, 0x99, 0x00, 0x00, 0x9C, 0xF4, 0xE2, 0x73, 
0xB8, 0x61, 0x00, 0x00, 0x00, 0x11, 0xCD, 0x0C, 0x00, 0x6A, 0x8B, 0x00, 0x00, 0x0A, 0xF2, 0x8D, 
0x71, 0xEE, 0x4D, 0x00, 0x00, 0x00, 0x31, 0x87, 0x88, 0x37, 0x00, 0x00, 0x0C, 0x73, 0x0F, 0x00, 
0x00, 0x3A, 0x55, 0x00, 0x45, 0xFC, 0x0A, 0x00, 0x00, 0xAE, 0x9D, 0x00, 0x78, 0xD4, 0x00, 0x00, 
0x00, 0xE1, 0x6A, 0x00, 0xAB, 0xA1, 0x00, 0x00, 0x15, 0xFF, 0x36, 0x00, 0xDE, 0x6F, 0x00, 0x00, 
0x60, 0xFA, 0x07, 0x0D, 0xFF, 0x42, 0x00, 0x04, 0xD0, 0xCE, 0x00, 0x16, 0xFF, 0x59, 0x13, 0xA7, 
0xEE, 0x9B, 0x00, 0x00, 0xB1, 0xFF, 0xF6, 0x81, 0xB8, 0x64, 0x00, 0x00, 0x00, 0x1A, 0x0A, 0x00, 
0x05, 0x00, 0x00, 0x0D, 0xF9, 0x1F, 0x00, 0x00, 0xF6, 0x2F, 0x33, 0xFC, 0x05, 0x00, 0x07, 0xFF, 
0x1A, 0x5A, 0xE0, 0x02, 0x2C, 0xBC, 0x91, 0x01, 0x80, 0xFF, 0xFF, 0xF3, 0x51, 0x00, 0x00, 0xA7, 
0x9A, 0x06, 0x69, 0xEB, 0x11, 0x00, 0xCD, 0x79, 0x00, 0x01, 0xFF, 0x40, 0x00, 0xED, 0x50, 0x00, 
0x00, 0xFA, 0x4B, 0x00, 0x00, 0x00, 0x00, 0x0E, 0x86, 0xD4, 0xF5, 0xFE, 0x42, 0x00, 0x00, 0x0A, 
0xCE, 0xA6, 0x31, 0x23, 0xFF, 0x24, 0x00, 0x00, 0x86, 0xAC, 0x00, 0x00, 0x43, 0xF7, 0x02, 0x00, 
0x01, 0xE6, 0x30, 0x00, 0x00, 0x6F, 0xD0, 0x00, 0x00, 0x24, 0xE2, 0x00, 0x00, 0x00, 0x9B, 0xA7, 
0x00, 0x00, 0x75, 0x9F, 0x00, 0x00, 0x00, 0xC8, 0x7D, 0x00, 0xCE, 0xE5, 0x2C, 0x00, 0x00, 0x00, 
0xED, 0x4E, 0x00, 0x00, 0x1D, 0xEA, 0xF4, 0x68, 0x00, 0x00, 0x43, 0xF6, 0xD0, 0x00, 0x6C, 0xDA, 
0x61, 0x95, 0x00, 0x02, 0xD3, 0xDA, 0xC9, 0x00, 0xB6, 0x95, 0x49, 0xA6, 0x00, 0x61, 0xCA, 0x96, 
0xB4, 0x09, 0xF6, 0x49, 0x2C, 0xB7, 0x07, 0xDF, 0x34, 0xAA, 0x9F, 0x4A, 0xF4, 0x07, 0x0F, 0xC6, 
0x6F, 0x93, 0x00, 0xBC, 0x8A, 0x94, 0xAE, 0x00, 0x00, 0xDA, 0xCF, 0x0F, 0x00, 0xCD, 0x74, 0xD8, 
0x5D, 0x00, 0x00, 0xD0, 0x58, 0x00, 0x00, 0xDB, 0x57, 0x0B, 0xF8, 0x21, 0x00, 0x00, 0x0B, 0xF9, 
0x1D, 0x32, 0xFC, 0x05, 0x00, 0x00, 0x31, 0xFB, 0x04, 0x59, 0xDE, 0x00, 0x00, 0x00, 0x58, 0xDE, 
0x00, 0x80, 0xFF, 0xFF, 0xFF, 0xFF, 0xFF, 0xBC, 0x00, 0xA7, 0x96, 0x00, 0x00, 0x00, 0xA8, 0x99, 
0x00, 0xCE, 0x73, 0x00, 0x00, 0x00, 0xCE, 0x77, 0x00, 0xEF, 0x4A, 0x00, 0x00, 0x01, 0xEF, 0x4D, 
0x00, 0x00, 0x00, 0x45, 0xC3, 0xF4, 0xE2, 0x82, 0x00, 0x00, 0x50, 0xF4, 0x5C, 0x0C, 0x46, 0xFC, 
0x4D, 0x03, 0xE5, 0x76, 0x00, 0x00, 0x00, 0xE0, 0x77, 0x39, 0xFF, 0x1B, 0x00, 0x00, 0x05, 0xF6, 
0x5C, 0x54, 0xFF, 0x03, 0x00, 0x00, 0x56, 0xF5, 0x13, 0x2D, 0xFF, 0x60, 0x09, 0x46, 0xEC, 0x6D, 
0x00, 0x00, 0x6C, 0xE0, 0xF7, 0xD2, 0x59, 0x00, 0x00, 0x06, 0xF7, 0xFF, 0xFF, 0xFF, 0xFF, 0x4D, 
0x2B, 0xFD, 0x07, 0x00, 0x00, 0xFF, 0x52, 0x54, 0xE1, 0x00, 0x00, 0x00, 0xFF, 0x51, 0x7C, 0xBD, 
0x00, 0x00, 0x00, 0xFF, 0x4F, 0xA5, 0x99, 0x00, 0x00, 0x00, 0xFF, 0x4E, 0xCD, 0x75, 0x00, 0x00, 
0x00, 0xFF, 0x4D, 0xEE, 0x49, 0x00, 0x00, 0x02, 0xF8, 0x42, 0x00, 0x00, 0x38, 0xDD, 0x52, 0xD0, 
0xF3, 0xAB, 0x07, 0x00, 0x00, 0x71, 0xEF, 0xC3, 0x2A, 0x26, 0xF7, 0x5A, 0x00, 0x00, 0xA4, 0xE4, 
0x10, 0x00, 0x00, 0xDA, 0x74, 0x00, 0x00, 0xD8, 0x7F, 0x00, 0x00, 0x05, 0xF6, 0x51, 0x00, 0x0D, 
0xFD, 0x3D, 0x00, 0x00, 0x58, 0xF3, 0x0F, 0x00, 0x3E, 0xFF, 0xA3, 0x1A, 0x32, 0xE5, 0x76, 0x00, 
0x00, 0x71, 0xDD, 0x99, 0xF3, 0xE3, 0x77, 0x00, 0x00, 0x00, 0xA5, 0xA6, 0x00, 0x00, 0x00, 0x00, 
0x00, 0x00, 0x00, 0xD8, 0x73, 0x00, 0x00, 0x00, 0x00, 0x00, 0x00, 0x08, 0xF9, 0x3C, 0x00, 0x00, 
0x00, 0x00, 0x00, 0x00, 0x00, 0x00, 0x4F, 0xCF, 0xF5, 0xB8, 0x19, 0x00, 0x53, 0xF0, 0x4C, 0x0F, 
0x7E, 0x61, 0x04, 0xE2, 0x6E, 0x00, 0x00, 0x00, 0x00, 0x39, 0xFF, 0x15, 0x00, 0x00, 0x00, 0x00, 
0x59, 0xFA, 0x00, 0x00, 0x00, 0x00, 0x00, 0x3A, 0xFF, 0x50, 0x0B, 0x50, 0x8D, 0x00, 0x00, 0x87, 
0xEA, 0xF5, 0xB3, 0x24, 0x00, 0x00, 0x3A, 0xDD, 0x58, 0xD5, 0xF5, 0xA4, 0x14, 0xA3, 0xF1, 0xDF, 
0x42, 0x00, 0x71, 0xF0, 0xC0, 0x25, 0x46, 0xFF, 0xDA, 0x67, 0x0E, 0xBF, 0xB4, 0x00, 0xA4, 0xE3, 
0x0F, 0x00, 0x26, 0xFF, 0x76, 0x00, 0x00, 0xA3, 0xA8, 0x00, 0xD6, 0x7F, 0x00, 0x00, 0x57, 0xF6, 
0x0D, 0x00, 0x00, 0xD4, 0x76, 0x0B, 0xFD, 0x3E, 0x00, 0x00, 0x89, 0xC2, 0x00, 0x00, 0x0A, 0xFC, 
0x43, 0x3B, 0xFE, 0x0D, 0x00, 0x00, 0xBC, 0x90, 0x00, 0x00, 0x3A, 0xFF, 0x11, 0x68, 0xD4, 0x00, 
0x00, 0x00, 0xE7, 0x59, 0x00, 0x00, 0x68, 0xD8, 0x00, 0x13, 0xFB, 0x3F, 0x00, 0x00, 0x40, 0xF7, 
0x12, 0x00, 0xE9, 0x71, 0x00, 0x00, 0xA1, 0xB0, 0x00, 0x00, 0xB7, 0x9F, 0x00, 0x13, 0xF7, 0x41, 
0x00, 0x00, 0x84, 0xCD, 0x00, 0x84, 0xC7, 0x00, 0x00, 0x00, 0x52, 0xF8, 0x21, 0xF3, 0x3B, 0x00, 
0x00, 0x00, 0x20, 0xFF, 0xD3, 0x9C, 0x00, 0x00, 0x00, 0x00, 0x00, 0xEC, 0xDF, 0x0D, 0x00, 0x00, 
0x00, 0x00, 0x39, 0xF7, 0x3C, 0x00, 0x00, 0x00, 0x00, 0x12, 0xE1, 0x83, 0x00, 0x00, 0x00, 0x00, 
0x00, 0xA5, 0xC2, 0x04, 0x00, 0x00, 0x00, 0x00, 0x00, 0x00, 0x00, 0x00, 0x00, 0x00, 0x47, 0xF2, 
0x02, 0x00, 0x00, 0x00, 0x00, 0x00, 0x00, 0x00, 0x7D, 0xCD, 0x00, 0x00, 0x00, 0x00, 0x00, 0x00, 
0x00, 0x00, 0xAF, 0x9B, 0x00, 0x00, 0x00, 0x00, 0x00, 0x00, 0x00, 0x00, 0xE1, 0x5E, 0x00, 0x00, 
0x00, 0x00, 0x4E, 0xE7, 0xEB, 0x97, 0xEF, 0xAB, 0xF2, 0xDE, 0x4F, 0x22, 0xE7, 0x38, 0x15, 0xA3, 
0xFB, 0x8C, 0x0A, 0x50, 0xE4, 0x8E, 0x7D, 0x00, 0x00, 0x77, 0xE5, 0x05, 0x00, 0x0A, 0xF4, 0xD5, 
0x2E, 0x00, 0x00, 0xB2, 0x9F, 0x00, 0x00, 0x3F, 0xC8, 0xF8, 0x06, 0x00, 0x2A, 0xFB, 0x69, 0x00, 
0x00, 0xAD, 0x6F, 0xF0, 0x29, 0x37, 0xBF, 0xFF, 0x69, 0x13, 0x87, 0xD3, 0x09, 0x81, 0xF3, 0xBA, 
0x64, 0xFA, 0xC9, 0xEE, 0xA8, 0x18, 0x00, 0x00, 0x00, 0x00, 0x71, 0xCE, 0x00, 0x00, 0x00, 0x00, 
0x00, 0x00, 0x00, 0x00, 0xA4, 0x9B, 0x00, 0x00, 0x00, 0x00, 0x00, 0x00, 0x00, 0x00, 0xD2, 0x5F, 
0x00, 0x00, 0x00, 0x00, 0x00, 0x00, 0x00, 0xC0, 0x94, 0x00, 0x00, 0x94, 0xCA, 0x03, 0x00, 0x00, 
0x56, 0xF7, 0x17, 0x71, 0xE6, 0x1C, 0x00, 0x00, 0x00, 0x03, 0xDC, 0xBD, 0xF3, 0x34, 0x00, 0x00, 
0x00, 0x00, 0x00, 0xA5, 0xFF, 0x86, 0x00, 0x00, 0x00, 0x00, 0x00, 0x67, 0xEC, 0xAD, 0xD9, 0x01, 
0x00, 0x00, 0x00, 0x49, 0xF5, 0x3E, 0x1F, 0xFB, 0x4F, 0x00, 0x00, 0x24, 0xEE, 0x5F, 0x00, 0x00, 
0xA1, 0xB8, 0x00, 0x00, 0x00, 0x13, 0xF9, 0x19, 0x00, 0x00, 0xF5, 0x29, 0x00, 0x51, 0xE4, 0x00, 
0x00, 0x00, 0xFF, 0x19, 0x00, 0x90, 0xA9, 0x00, 0x00, 0x00, 0xFF, 0x09, 0x00, 0xD0, 0x6E, 0x00, 
0x00, 0x32, 0xF8, 0x00, 0x0B, 0xFD, 0x39, 0x00, 0x00, 0xAF, 0xE7, 0x00, 0x15, 0xFF, 0x56, 0x19, 
0x8D, 0xF9, 0xDD, 0x03, 0x00, 0x94, 0xF3, 0xD5, 0x3E, 0xAD, 0xF7, 0xE9, 0x00, 0x00, 0x00, 0x00, 
0x00, 0x00, 0x64, 0xA7, 0x00, 0x00, 0x00, 0x00, 0x00, 0x00, 0xBB, 0x5F, 0x00, 0x00, 0x00, 0x00, 
0x00, 0x10, 0xF5, 0x17, 0x00, 0xF5, 0x27, 0x00, 0x00, 0x15, 0xF8, 0x13, 0x00, 0xFF, 0x26, 0x00, 
0x00, 0x72, 0xCF, 0x00, 0x12, 0xFF, 0x19, 0x00, 0x18, 0xEF, 0x85, 0x00, 0x13, 0xFF, 0x3B, 0x2E, 
0xD0, 0xFF, 0x3C, 0x00, 0x00, 0x9E, 0xF6, 0xC6, 0x80, 0xEE, 0x03, 0x00, 0x00, 0x00, 0x00, 0x00, 
0x9A, 0xA8, 0x00, 0x00, 0x00, 0x00, 0x00, 0x00, 0xE0, 0x5C, 0x00, 0x00, 0x00, 0x13, 0xF9, 0x17, 
0x00, 0x00, 0xF6, 0x26, 0x00, 0x00, 0x1A, 0xF9, 0x14, 0x00, 0x50, 0xE2, 0x00, 0x00, 0x00, 0xFF, 
0x1F, 0x00, 0x00, 0x71, 0xD8, 0x00, 0x00, 0x8F, 0xA8, 0x00, 0x00, 0x00, 0xFF, 0x15, 0x00, 0x00, 
0xC8, 0x96, 0x00, 0x00, 0xCD, 0x6F, 0x00, 0x00, 0x28, 0xFF, 0x0B, 0x00, 0x23, 0xFF, 0x55, 0x00, 
0x0A, 0xFD, 0x3A, 0x00, 0x00, 0xAC, 0xF7, 0x01, 0x00, 0x97, 0xFE, 0x15, 0x00, 0x16, 0xFF, 0x58, 
0x1D, 0xA0, 0xDE, 0xFA, 0x1C, 0x79, 0xEE, 0xD3, 0x00, 0x00, 0x00, 0x9B, 0xF5, 0xDC, 0x73, 0x18, 
0xD7, 0xED, 0x90, 0x93, 0x8E, 0x00, 0x00, 0x00, 0x13, 0xF9, 0x17, 0x00, 0x00, 0xF6, 0x26, 0x00, 
0x00, 0x1B, 0xF9, 0x13, 0x00, 0x52, 0xE2, 0x00, 0x00, 0x00, 0xFF, 0x1F, 0x00, 0x00, 0x74, 0xD1, 
0x00, 0x00, 0x91, 0xA9, 0x00, 0x00, 0x00, 0xFF, 0x15, 0x00, 0x00, 0xCF, 0x8A, 0x00, 0x00, 0xD1, 
0x6F, 0x00, 0x00, 0x2F, 0xFF, 0x0B, 0x00, 0x29, 0xFF, 0x44, 0x00, 0x0C, 0xFE, 0x3C, 0x00, 0x01, 
0xB3, 0xF6, 0x01, 0x00, 0x9D, 0xF6, 0x07, 0x00, 0x15, 0xFF, 0x5E, 0x1D, 0xA5, 0xD7, 0xFB, 0x19, 
0x7D, 0xE8, 0xD8, 0x04, 0x00, 0x00, 0x98, 0xF5, 0xDB, 0x6C, 0x17, 0xD8, 0xED, 0x88, 0x4D, 0xF3, 
0xEA, 0x00, 0x00, 0x00, 0x00, 0x00, 0x00, 0x00, 0x00, 0x00, 0x00, 0x00, 0x67, 0xA7, 0x00, 0x00, 
0x00, 0x00, 0x00, 0x00, 0x00, 0x00, 0x00, 0x00, 0x00, 0xBD, 0x5F, 0x00, 0x00, 0x00, 0x00, 0x00, 
0x00, 0x00, 0x00, 0x00, 0x00, 0x10, 0xF6, 0x17, 0x00, 0xFA, 0xFF, 0xFF, 0x47, 0x00, 0x00, 0x00, 
0x00, 0x26, 0xFC, 0x0F, 0x00, 0x00, 0x00, 0x00, 0x73, 0xFA, 0xEC, 0xF7, 0xCC, 0x3D, 0x00, 0xC0, 
0x93, 0x0D, 0x0A, 0x63, 0xE0, 0x01, 0xFB, 0x4C, 0x00, 0x00, 0x18, 0xEF, 0x02, 0xF0, 0x8A, 0x09, 
0x26, 0xB6, 0x88, 0x00, 0x52, 0xD9, 0xF7, 0xDB, 0x79, 0x03, 0x00, 0x14, 0xF9, 0x16, 0x00, 0x00, 
0x00, 0x00, 0x0C, 0xF9, 0x20, 0x00, 0x52, 0xE5, 0x00, 0x00, 0x00, 0x00, 0x00, 0x34, 0xFD, 0x06, 
0x00, 0x91, 0xF5, 0xEF, 0xF3, 0xC3, 0x36, 0x00, 0x5B, 0xE1, 0x00, 0x00, 0xD0, 0x8C, 0x09, 0x0F, 
0x6A, 0xDF, 0x00, 0x83, 0xBF, 0x00, 0x04, 0xFD, 0x4C, 0x00, 0x00, 0x1B, 0xEE, 0x00, 0xAA, 0x9D, 
0x00, 0x06, 0xF5, 0x7D, 0x09, 0x30, 0xBF, 0x80, 0x00, 0xD2, 0x7B, 0x00, 0x00, 0x5E, 0xDF, 0xF5, 
0xD3, 0x6C, 0x01, 0x00, 0xF1, 0x4D, 0x00, 0x00, 0x13, 0xF9, 0x16, 0x00, 0x00, 0x00, 0x00, 0x51, 
0xE5, 0x00, 0x00, 0x00, 0x00, 0x00, 0x90, 0xF5, 0xF1, 0xF4, 0xC3, 0x35, 0x00, 0xCE, 0x8C, 0x0A, 
0x0E, 0x6A, 0xDE, 0x02, 0xFD, 0x4A, 0x00, 0x00, 0x1A, 0xEE, 0x04, 0xF3, 0x7D, 0x08, 0x2E, 0xBD, 
0x81, 0x00, 0x5A, 0xDC, 0xF6, 0xD4, 0x6E, 0x01, 0x00, 0x42, 0xC9, 0xF6, 0xCB, 0x30, 0x00, 0xB0, 
0x34, 0x0A, 0x72, 0xCB, 0x00, 0x00, 0x00, 0x00, 0x07, 0xF8, 0x00, 0xEA, 0xFF, 0xFF, 0xFF, 0xE2, 
0x00, 0x00, 0x00, 0x00, 0x6C, 0x9F, 0xC4, 0x3E, 0x0A, 0x49, 0xE4, 0x27, 0x3B, 0xD5, 0xF5, 0xC6, 
0x3A, 0x00, 0x0C, 0xF9, 0x21, 0x00, 0x28, 0xAE, 0xEA, 0xEE, 0xB9, 0x2A, 0x32, 0xFC, 0x05, 0x20, 
0xE8, 0x6A, 0x10, 0x13, 0x7F, 0xCC, 0x59, 0xDD, 0x00, 0x92, 0x80, 0x00, 0x00, 0x00, 0x09, 0xF7, 
0x80, 0xFF, 0xFF, 0xFF, 0x21, 0x00, 0x00, 0x00, 0x26, 0xDC, 0xA7, 0x96, 0x00, 0xF9, 0x07, 0x00, 
0x00, 0x00, 0x8F, 0x88, 0xCE, 0x73, 0x00, 0xD3, 0x70, 0x0A, 0x17, 0x7F, 0xDB, 0x10, 0xEF, 0x49, 
0x00, 0x36, 0xC9, 0xF5, 0xE6, 0x9C, 0x18, 0x00, 0x00, 0x00, 0x19, 0x9D, 0xE2, 0xFA, 0xF9, 0xEB, 
0x27, 0x00, 0x00, 0xC6, 0x7C, 0x15, 0x02, 0x30, 0xEE, 0x04, 0x00, 0x00, 0xF0, 0x3A, 0x04, 0x00, 
0x80, 0xA2, 0x00, 0x00, 0x00, 0x45, 0xEE, 0xFF, 0xFF, 0xFF, 0x50, 0x00, 0x00, 0x01, 0xB5, 0xBC, 
0x1D, 0x35, 0xF5, 0x0A, 0x00, 0x00, 0x76, 0xE7, 0x14, 0x00, 0x8F, 0xAE, 0x00, 0x00, 0x25, 0xF7, 
0x46, 0x00, 0x00, 0xDE, 0x5D, 0x00, 0x00, 0x00, 0x02, 0x00, 0x00, 0x00, 0x00, 0x00, 0x00, 0x00, 
0x00, 0x00, 0x00, 0x2A, 0x0D, 0x02, 0x32, 0x02, 0x00, 0x00, 0x0E, 0xFD, 0x56, 0x46, 0xFF, 0x1B, 
0x00, 0x00, 0x01, 0x33, 0x03, 0x0A, 0x2C, 0x00, 0x00, 0x00, 0x00, 0x4C, 0x83, 0x78, 0x1D, 0x00, 
0x00, 0x08, 0xBB, 0xCE, 0x7D, 0xB2, 0xEC, 0x10, 0x00, 0x93, 0xC9, 0x05, 0x00, 0x2F, 0xFF, 0x26, 
0x0F, 0xF9, 0x9E, 0x67, 0x86, 0xE2, 0xAB, 0x00, 0x47, 0xFE, 0x8C, 0x86, 0x6F, 0x33, 0x00, 0x00, 
0x5D, 0xF5, 0x00, 0x00, 0x00, 0x00, 0x00, 0x00, 0x3A, 0xFF, 0x41, 0x00, 0x04, 0x3B, 0x02, 0x00, 
0x00, 0x96, 0xFD, 0xEB, 0xF8, 0xBB, 0x00, 0x00, 0x00, 0x00, 0x0B, 0x22, 0x0D, 0x00, 0x00, 0x00, 
0x00, 0x00, 0x00, 0x00, 0x00, 0x00, 0x00, 0x00, 0x00, 0x00, 0x00, 0x00, 0x00, 0x00, 0x00, 0x00, 
0x00, 0xF9, 0xFF, 0xFF, 0xFF, 0xFF, 0xFF, 0xE7, 0x06, 0x8D, 0xE9, 0xEE, 0x91, 0x0D, 0x00, 0x17, 
0x8C, 0xE2, 0xEC, 0x61, 0x8F, 0xA5, 0x17, 0x2C, 0xD0, 0xD9, 0x78, 0xE9, 0x82, 0x18, 0x3E, 0xE9, 
0xED, 0x13, 0x00, 0x00, 0x38, 0xFE, 0xFC, 0x39, 0x00, 0x00, 0x10, 0xEE, 0xE8, 0x4B, 0x0C, 0x67, 
0xF1, 0x9D, 0x9D, 0xDE, 0x46, 0x0E, 0x8E, 0x9B, 0x4F, 0xDE, 0xF3, 0xB4, 0x39, 0x00, 0x00, 0x5F, 
0xD8, 0xF3, 0xAA, 0x0D, 0x00, 0x9A, 0xEE, 0x8A, 0x14, 0x50, 0xEE, 0xA3, 0x07, 0x3D, 0x1C, 0x98, 
0xF4, 0xEE, 0xAF, 0x33, 0x00, 0x00, 0x00, 0x00, 0x00, 0x00, 0x00, 0x00, 0x78, 0xF5, 0xBC, 0x36, 
0x19, 0xC6, 0xB2, 0x00, 0x8F, 0x0E, 0x5F, 0xDC, 0xF7, 0xC1, 0x3C, 0x00, 0x00, 0x00, 0x00, 0x00, 
0x00, 0x00, 0x3E, 0xDA, 0x04, 0x00, 0x00, 0x00, 0x00, 0x00, 0x19, 0xE1, 0x38, 0x00, 0x00, 0x18, 
0xFF, 0xFF, 0xFF, 0xFF, 0xFF, 0xEA, 0x00, 0x00, 0x00, 0x00, 0x00, 0xA8, 0x88, 0x00, 0x00, 0x00, 
0x00, 0x00, 0x00, 0x7B, 0xB8, 0x02, 0x00, 0x00, 0x00, 0x01, 0xFC, 0xFF, 0xFF, 0xFF, 0xFF, 0xEC, 
0x00, 0x00, 0x00, 0x30, 0xE2, 0x20, 0x00, 0x00, 0x00, 0x00, 0x00, 0x05, 0xD7, 0x43, 0x00, 0x00, 
0x00, 0x00, 0x00, 0x00, 0x00, 0x15, 0x7A, 0x43, 0x61, 0x6C, 0x69, 0x62, 0x72, 0x69, 0x49, 0x74, 
0x61, 0x6C, 0x69, 0x63, 0x20, 0x49, 0x74, 0x61, 0x6C, 0x69, 0x63, 0x00, 0x15, 0x7A, 0x43, 0x61, 
0x6C, 0x69, 0x62, 0x72, 0x69, 0x49, 0x74, 0x61, 0x6C, 0x69, 0x63, 0x2D, 0x49, 0x74, 0x61, 0x6C, 
0x69, 0x63, 0x01};