const uint8_t  zTimesNR14[] PROGMEM = {
0x00, 0x00, 0x00, 0xE9, 0x00, 0x00, 0x00, 0x0B, 0x00, 0x00, 0x00, 0x0E, 0x00, 0x00, 0x00, 0x00, 
0x00, 0x00, 0x00, 0x0A, 0x00, 0x00, 0x00, 0x03, 0x00, 0x00, 0x00, 0x00, 0x00, 0x00, 0x00, 0x01, 
0x00, 0x00, 0x00, 0x01, 0x00, 0x00, 0x00, 0x00, 0x00, 0x00, 0x00, 0x1C, 0xFF, 0xFF, 0xFF, 0xF2, 
0x00, 0x00, 0x00, 0x00, 0x00, 0x00, 0x00, 0x00, 0x00, 0x00, 0x00, 0x01, 0x00, 0x00, 0x00, 0x01, 
0x00, 0x00, 0x00, 0x00, 0x00, 0x00, 0x00, 0x1C, 0xFF, 0xFF, 0xFF, 0xF2, 0x00, 0x00, 0x00, 0x00, 
0x00, 0x00, 0x00, 0x09, 0x00, 0x00, 0x00, 0x01, 0x00, 0x00, 0x00, 0x01, 0x00, 0x00, 0x00, 0x00, 
0x00, 0x00, 0x00, 0x1C, 0xFF, 0xFF, 0xFF, 0xF2, 0x00, 0x00, 0x00, 0x00, 0x00, 0x00, 0x00, 0x0A, 
0x00, 0x00, 0x00, 0x01, 0x00, 0x00, 0x00, 0x01, 0x00, 0x00, 0x00, 0x00, 0x00, 0x00, 0x00, 0x1C, 
0xFF, 0xFF, 0xFF, 0xF2, 0x00, 0x00, 0x00, 0x00, 0x00, 0x00, 0x00, 0x0D, 0x00, 0x00, 0x00, 0x01, 
0x00, 0x00, 0x00, 0x01, 0x00, 0x00, 0x00, 0x00, 0x00, 0x00, 0x00, 0x1C, 0xFF, 0xFF, 0xFF, 0xF2, 
0x00, 0x00, 0x00, 0x00, 0x00, 0x00, 0x00, 0x1D, 0x00, 0x00, 0x00, 0x01, 0x00, 0x00, 0x00, 0x01, 
0x00, 0x00, 0x00, 0x00, 0x00, 0x00, 0x00, 0x1C, 0xFF, 0xFF, 0xFF, 0xF2, 0x00, 0x00, 0x00, 0x00, 
0x00, 0x00, 0x00, 0x20, 0x00, 0x00, 0x00, 0x01, 0x00, 0x00, 0x00, 0x01, 0x00, 0x00, 0x00, 0x04, 
0x00, 0x00, 0x00, 0x1C, 0xFF, 0xFF, 0xFF, 0xF2, 0x00, 0x00, 0x00, 0x00, 0x00, 0x00, 0x00, 0x21, 
0x00, 0x00, 0x00, 0x0A, 0x00, 0x00, 0x00, 0x01, 0x00, 0x00, 0x00, 0x05, 0x00, 0x00, 0x00, 0x0A, 
0x00, 0x00, 0x00, 0x02, 0x00, 0x00, 0x00, 0x00, 0x00, 0x00, 0x00, 0x22, 0x00, 0x00, 0x00, 0x04, 
0x00, 0x00, 0x00, 0x03, 0x00, 0x00, 0x00, 0x05, 0x00, 0x00, 0x00, 0x0A, 0x00, 0x00, 0x00, 0x01, 
0x00, 0x00, 0x00, 0x00, 0x00, 0x00, 0x00, 0x23, 0x00, 0x00, 0x00, 0x0A, 0x00, 0x00, 0x00, 0x08, 
0x00, 0x00, 0x00, 0x07, 0x00, 0x00, 0x00, 0x0A, 0x00, 0x00, 0x00, 0x00, 0x00, 0x00, 0x00, 0x00, 
0x00, 0x00, 0x00, 0x24, 0x00, 0x00, 0x00, 0x0C, 0x00, 0x00, 0x00, 0x05, 0x00, 0x00, 0x00, 0x07, 
0x00, 0x00, 0x00, 0x0B, 0x00, 0x00, 0x00, 0x01, 0x00, 0x00, 0x00, 0x00, 0x00, 0x00, 0x00, 0x25, 
0x00, 0x00, 0x00, 0x0A, 0x00, 0x00, 0x00, 0x0B, 0x00, 0x00, 0x00, 0x0C, 0x00, 0x00, 0x00, 0x0A, 
0x00, 0x00, 0x00, 0x00, 0x00, 0x00, 0x00, 0x00, 0x00, 0x00, 0x00, 0x26, 0x00, 0x00, 0x00, 0x0A, 
0x00, 0x00, 0x00, 0x0A, 0x00, 0x00, 0x00, 0x0B, 0x00, 0x00, 0x00, 0x0A, 0x00, 0x00, 0x00, 0x01, 
0x00, 0x00, 0x00, 0x00, 0x00, 0x00, 0x00, 0x27, 0x00, 0x00, 0x00, 0x04, 0x00, 0x00, 0x00, 0x01, 
0x00, 0x00, 0x00, 0x03, 0x00, 0x00, 0x00, 0x0A, 0x00, 0x00, 0x00, 0x01, 0x00, 0x00, 0x00, 0x00, 
0x00, 0x00, 0x00, 0x28, 0x00, 0x00, 0x00, 0x0D, 0x00, 0x00, 0x00, 0x04, 0x00, 0x00, 0x00, 0x05, 
0x00, 0x00, 0x00, 0x0A, 0x00, 0x00, 0x00, 0x00, 0x00, 0x00, 0x00, 0x00, 0x00, 0x00, 0x00, 0x29, 
0x00, 0x00, 0x00, 0x0D, 0x00, 0x00, 0x00, 0x04, 0x00, 0x00, 0x00, 0x05, 0x00, 0x00, 0x00, 0x0A, 
0x00, 0x00, 0x00, 0x00, 0x00, 0x00, 0x00, 0x00, 0x00, 0x00, 0x00, 0x2A, 0x00, 0x00, 0x00, 0x05, 
0x00, 0x00, 0x00, 0x05, 0x00, 0x00, 0x00, 0x07, 0x00, 0x00, 0x00, 0x0A, 0x00, 0x00, 0x00, 0x01, 
0x00, 0x00, 0x00, 0x00, 0x00, 0x00, 0x00, 0x2B, 0x00, 0x00, 0x00, 0x07, 0x00, 0x00, 0x00, 0x07, 
0x00, 0x00, 0x00, 0x08, 0x00, 0x00, 0x00, 0x08, 0x00, 0x00, 0x00, 0x00, 0x00, 0x00, 0x00, 0x00, 
0x00, 0x00, 0x00, 0x2C, 0x00, 0x00, 0x00, 0x03, 0x00, 0x00, 0x00, 0x02, 0x00, 0x00, 0x00, 0x04, 
0x00, 0x00, 0x00, 0x01, 0x00, 0x00, 0x00, 0x01, 0x00, 0x00, 0x00, 0x00, 0x00, 0x00, 0x00, 0x2D, 
0x00, 0x00, 0x00, 0x01, 0x00, 0x00, 0x00, 0x03, 0x00, 0x00, 0x00, 0x05, 0x00, 0x00, 0x00, 0x04, 
0x00, 0x00, 0x00, 0x01, 0x00, 0x00, 0x00, 0x00, 0x00, 0x00, 0x00, 0x2E, 0x00, 0x00, 0x00, 0x01, 
0x00, 0x00, 0x00, 0x01, 0x00, 0x00, 0x00, 0x04, 0x00, 0x00, 0x00, 0x01, 0x00, 0x00, 0x00, 0x01, 
0x00, 0x00, 0x00, 0x00, 0x00, 0x00, 0x00, 0x2F, 0x00, 0x00, 0x00, 0x0A, 0x00, 0x00, 0x00, 0x04, 
0x00, 0x00, 0x00, 0x04, 0x00, 0x00, 0x00, 0x0A, 0x00, 0x00, 0x00, 0x00, 0x00, 0x00, 0x00, 0x00, 
0x00, 0x00, 0x00, 0x30, 0x00, 0x00, 0x00, 0x0A, 0x00, 0x00, 0x00, 0x05, 0x00, 0x00, 0x00, 0x07, 
0x00, 0x00, 0x00, 0x0A, 0x00, 0x00, 0x00, 0x01, 0x00, 0x00, 0x00, 0x00, 0x00, 0x00, 0x00, 0x31, 
0x00, 0x00, 0x00, 0x0A, 0x00, 0x00, 0x00, 0x03, 0x00, 0x00, 0x00, 0x07, 0x00, 0x00, 0x00, 0x0A, 
0x00, 0x00, 0x00, 0x02, 0x00, 0x00, 0x00, 0x00, 0x00, 0x00, 0x00, 0x32, 0x00, 0x00, 0x00, 0x0A, 
0x00, 0x00, 0x00, 0x05, 0x00, 0x00, 0x00, 0x07, 0x00, 0x00, 0x00, 0x0A, 0x00, 0x00, 0x00, 0x01, 
0x00, 0x00, 0x00, 0x00, 0x00, 0x00, 0x00, 0x33, 0x00, 0x00, 0x00, 0x0A, 0x00, 0x00, 0x00, 0x05, 
0x00, 0x00, 0x00, 0x07, 0x00, 0x00, 0x00, 0x0A, 0x00, 0x00, 0x00, 0x01, 0x00, 0x00, 0x00, 0x00, 
0x00, 0x00, 0x00, 0x34, 0x00, 0x00, 0x00, 0x0A, 0x00, 0x00, 0x00, 0x06, 0x00, 0x00, 0x00, 0x07, 
0x00, 0x00, 0x00, 0x0A, 0x00, 0x00, 0x00, 0x00, 0x00, 0x00, 0x00, 0x00, 0x00, 0x00, 0x00, 0x35, 
0x00, 0x00, 0x00, 0x0A, 0x00, 0x00, 0x00, 0x06, 0x00, 0x00, 0x00, 0x07, 0x00, 0x00, 0x00, 0x0A, 
0x00, 0x00, 0x00, 0x00, 0x00, 0x00, 0x00, 0x00, 0x00, 0x00, 0x00, 0x36, 0x00, 0x00, 0x00, 0x0A, 
0x00, 0x00, 0x00, 0x05, 0x00, 0x00, 0x00, 0x07, 0x00, 0x00, 0x00, 0x0A, 0x00, 0x00, 0x00, 0x01, 
0x00, 0x00, 0x00, 0x00, 0x00, 0x00, 0x00, 0x37, 0x00, 0x00, 0x00, 0x0A, 0x00, 0x00, 0x00, 0x07, 
0x00, 0x00, 0x00, 0x07, 0x00, 0x00, 0x00, 0x0A, 0x00, 0x00, 0x00, 0x00, 0x00, 0x00, 0x00, 0x00, 
0x00, 0x00, 0x00, 0x38, 0x00, 0x00, 0x00, 0x0A, 0x00, 0x00, 0x00, 0x05, 0x00, 0x00, 0x00, 0x07, 
0x00, 0x00, 0x00, 0x0A, 0x00, 0x00, 0x00, 0x01, 0x00, 0x00, 0x00, 0x00, 0x00, 0x00, 0x00, 0x39, 
0x00, 0x00, 0x00, 0x0A, 0x00, 0x00, 0x00, 0x05, 0x00, 0x00, 0x00, 0x07, 0x00, 0x00, 0x00, 0x0A, 
0x00, 0x00, 0x00, 0x01, 0x00, 0x00, 0x00, 0x00, 0x00, 0x00, 0x00, 0x3A, 0x00, 0x00, 0x00, 0x07, 
0x00, 0x00, 0x00, 0x01, 0x00, 0x00, 0x00, 0x03, 0x00, 0x00, 0x00, 0x07, 0x00, 0x00, 0x00, 0x01, 
0x00, 0x00, 0x00, 0x00, 0x00, 0x00, 0x00, 0x3C, 0x00, 0x00, 0x00, 0x07, 0x00, 0x00, 0x00, 0x06, 
0x00, 0x00, 0x00, 0x08, 0x00, 0x00, 0x00, 0x08, 0x00, 0x00, 0x00, 0x01, 0x00, 0x00, 0x00, 0x00, 
0x00, 0x00, 0x00, 0x3D, 0x00, 0x00, 0x00, 0x03, 0x00, 0x00, 0x00, 0x08, 0x00, 0x00, 0x00, 0x08, 
0x00, 0x00, 0x00, 0x06, 0x00, 0x00, 0x00, 0x00, 0x00, 0x00, 0x00, 0x00, 0x00, 0x00, 0x00, 0x3E, 
0x00, 0x00, 0x00, 0x07, 0x00, 0x00, 0x00, 0x06, 0x00, 0x00, 0x00, 0x08, 0x00, 0x00, 0x00, 0x08, 
0x00, 0x00, 0x00, 0x01, 0x00, 0x00, 0x00, 0x00, 0x00, 0x00, 0x00, 0x3F, 0x00, 0x00, 0x00, 0x0A, 
0x00, 0x00, 0x00, 0x05, 0x00, 0x00, 0x00, 0x06, 0x00, 0x00, 0x00, 0x0A, 0x00, 0x00, 0x00, 0x00, 
0x00, 0x00, 0x00, 0x00, 0x00, 0x00, 0x00, 0x40, 0x00, 0x00, 0x00, 0x0D, 0x00, 0x00, 0x00, 0x0D, 
0x00, 0x00, 0x00, 0x0D, 0x00, 0x00, 0x00, 0x0A, 0x00, 0x00, 0x00, 0x00, 0x00, 0x00, 0x00, 0x00, 
0x00, 0x00, 0x00, 0x41, 0x00, 0x00, 0x00, 0x0A, 0x00, 0x00, 0x00, 0x0B, 0x00, 0x00, 0x00, 0x09, 
0x00, 0x00, 0x00, 0x0A, 0xFF, 0xFF, 0xFF, 0xFF, 0x00, 0x00, 0x00, 0x00, 0x00, 0x00, 0x00, 0x42, 
0x00, 0x00, 0x00, 0x0A, 0x00, 0x00, 0x00, 0x07, 0x00, 0x00, 0x00, 0x08, 0x00, 0x00, 0x00, 0x0A, 
0x00, 0x00, 0x00, 0x00, 0x00, 0x00, 0x00, 0x00, 0x00, 0x00, 0x00, 0x43, 0x00, 0x00, 0x00, 0x0A, 
0x00, 0x00, 0x00, 0x07, 0x00, 0x00, 0x00, 0x09, 0x00, 0x00, 0x00, 0x0A, 0x00, 0x00, 0x00, 0x01, 
0x00, 0x00, 0x00, 0x00, 0x00, 0x00, 0x00, 0x44, 0x00, 0x00, 0x00, 0x0A, 0x00, 0x00, 0x00, 0x09, 
0x00, 0x00, 0x00, 0x0A, 0x00, 0x00, 0x00, 0x0A, 0x00, 0x00, 0x00, 0x00, 0x00, 0x00, 0x00, 0x00, 
0x00, 0x00, 0x00, 0x45, 0x00, 0x00, 0x00, 0x0A, 0x00, 0x00, 0x00, 0x08, 0x00, 0x00, 0x00, 0x08, 
0x00, 0x00, 0x00, 0x0A, 0x00, 0x00, 0x00, 0x00, 0x00, 0x00, 0x00, 0x00, 0x00, 0x00, 0x00, 0x46, 
0x00, 0x00, 0x00, 0x0A, 0x00, 0x00, 0x00, 0x07, 0x00, 0x00, 0x00, 0x08, 0x00, 0x00, 0x00, 0x0A, 
0x00, 0x00, 0x00, 0x00, 0x00, 0x00, 0x00, 0x00, 0x00, 0x00, 0x00, 0x47, 0x00, 0x00, 0x00, 0x0A, 
0x00, 0x00, 0x00, 0x08, 0x00, 0x00, 0x00, 0x0A, 0x00, 0x00, 0x00, 0x0A, 0x00, 0x00, 0x00, 0x01, 
0x00, 0x00, 0x00, 0x00, 0x00, 0x00, 0x00, 0x48, 0x00, 0x00, 0x00, 0x0A, 0x00, 0x00, 0x00, 0x09, 
0x00, 0x00, 0x00, 0x09, 0x00, 0x00, 0x00, 0x0A, 0x00, 0x00, 0x00, 0x00, 0x00, 0x00, 0x00, 0x00, 
0x00, 0x00, 0x00, 0x49, 0x00, 0x00, 0x00, 0x0A, 0x00, 0x00, 0x00, 0x03, 0x00, 0x00, 0x00, 0x05, 
0x00, 0x00, 0x00, 0x0A, 0x00, 0x00, 0x00, 0x01, 0x00, 0x00, 0x00, 0x00, 0x00, 0x00, 0x00, 0x4A, 
0x00, 0x00, 0x00, 0x0A, 0x00, 0x00, 0x00, 0x05, 0x00, 0x00, 0x00, 0x06, 0x00, 0x00, 0x00, 0x0A, 
0x00, 0x00, 0x00, 0x00, 0x00, 0x00, 0x00, 0x00, 0x00, 0x00, 0x00, 0x4B, 0x00, 0x00, 0x00, 0x0A, 
0x00, 0x00, 0x00, 0x09, 0x00, 0x00, 0x00, 0x09, 0x00, 0x00, 0x00, 0x0A, 0x00, 0x00, 0x00, 0x00, 
0x00, 0x00, 0x00, 0x00, 0x00, 0x00, 0x00, 0x4C, 0x00, 0x00, 0x00, 0x0A, 0x00, 0x00, 0x00, 0x08, 
0x00, 0x00, 0x00, 0x08, 0x00, 0x00, 0x00, 0x0A, 0x00, 0x00, 0x00, 0x00, 0x00, 0x00, 0x00, 0x00, 
0x00, 0x00, 0x00, 0x4D, 0x00, 0x00, 0x00, 0x0A, 0x00, 0x00, 0x00, 0x0C, 0x00, 0x00, 0x00, 0x0C, 
0x00, 0x00, 0x00, 0x0A, 0x00, 0x00, 0x00, 0x00, 0x00, 0x00, 0x00, 0x00, 0x00, 0x00, 0x00, 0x4E, 
0x00, 0x00, 0x00, 0x0B, 0x00, 0x00, 0x00, 0x0B, 0x00, 0x00, 0x00, 0x0A, 0x00, 0x00, 0x00, 0x0A, 
0xFF, 0xFF, 0xFF, 0xFF, 0x00, 0x00, 0x00, 0x00, 0x00, 0x00, 0x00, 0x4F, 0x00, 0x00, 0x00, 0x0A, 
0x00, 0x00, 0x00, 0x08, 0x00, 0x00, 0x00, 0x0A, 0x00, 0x00, 0x00, 0x0A, 0x00, 0x00, 0x00, 0x01, 
0x00, 0x00, 0x00, 0x00, 0x00, 0x00, 0x00, 0x50, 0x00, 0x00, 0x00, 0x0A, 0x00, 0x00, 0x00, 0x07, 
0x00, 0x00, 0x00, 0x08, 0x00, 0x00, 0x00, 0x0A, 0x00, 0x00, 0x00, 0x00, 0x00, 0x00, 0x00, 0x00, 
0x00, 0x00, 0x00, 0x51, 0x00, 0x00, 0x00, 0x0D, 0x00, 0x00, 0x00, 0x08, 0x00, 0x00, 0x00, 0x0A, 
0x00, 0x00, 0x00, 0x0A, 0x00, 0x00, 0x00, 0x01, 0x00, 0x00, 0x00, 0x00, 0x00, 0x00, 0x00, 0x52, 
0x00, 0x00, 0x00, 0x0A, 0x00, 0x00, 0x00, 0x0A, 0x00, 0x00, 0x00, 0x09, 0x00, 0x00, 0x00, 0x0A, 
0x00, 0x00, 0x00, 0x00, 0x00, 0x00, 0x00, 0x00, 0x00, 0x00, 0x00, 0x53, 0x00, 0x00, 0x00, 0x0A, 
0x00, 0x00, 0x00, 0x06, 0x00, 0x00, 0x00, 0x08, 0x00, 0x00, 0x00, 0x0A, 0x00, 0x00, 0x00, 0x01, 
0x00, 0x00, 0x00, 0x00, 0x00, 0x00, 0x00, 0x54, 0x00, 0x00, 0x00, 0x0A, 0x00, 0x00, 0x00, 0x07, 
0x00, 0x00, 0x00, 0x09, 0x00, 0x00, 0x00, 0x0A, 0x00, 0x00, 0x00, 0x01, 0x00, 0x00, 0x00, 0x00, 
0x00, 0x00, 0x00, 0x55, 0x00, 0x00, 0x00, 0x0A, 0x00, 0x00, 0x00, 0x09, 0x00, 0x00, 0x00, 0x09, 
0x00, 0x00, 0x00, 0x0A, 0x00, 0x00, 0x00, 0x00, 0x00, 0x00, 0x00, 0x00, 0x00, 0x00, 0x00, 0x56, 
0x00, 0x00, 0x00, 0x0A, 0x00, 0x00, 0x00, 0x0B, 0x00, 0x00, 0x00, 0x09, 0x00, 0x00, 0x00, 0x0A, 
0xFF, 0xFF, 0xFF, 0xFF, 0x00, 0x00, 0x00, 0x00, 0x00, 0x00, 0x00, 0x57, 0x00, 0x00, 0x00, 0x0A, 
0x00, 0x00, 0x00, 0x0F, 0x00, 0x00, 0x00, 0x0D, 0x00, 0x00, 0x00, 0x0A, 0xFF, 0xFF, 0xFF, 0xFF, 
0x00, 0x00, 0x00, 0x00, 0x00, 0x00, 0x00, 0x58, 0x00, 0x00, 0x00, 0x0A, 0x00, 0x00, 0x00, 0x0B, 
0x00, 0x00, 0x00, 0x0A, 0x00, 0x00, 0x00, 0x0A, 0x00, 0x00, 0x00, 0x00, 0x00, 0x00, 0x00, 0x00, 
0x00, 0x00, 0x00, 0x59, 0x00, 0x00, 0x00, 0x0A, 0x00, 0x00, 0x00, 0x0A, 0x00, 0x00, 0x00, 0x09, 
0x00, 0x00, 0x00, 0x0A, 0x00, 0x00, 0x00, 0x00, 0x00, 0x00, 0x00, 0x00, 0x00, 0x00, 0x00, 0x5A, 
0x00, 0x00, 0x00, 0x0A, 0x00, 0x00, 0x00, 0x08, 0x00, 0x00, 0x00, 0x08, 0x00, 0x00, 0x00, 0x0A, 
0x00, 0x00, 0x00, 0x00, 0x00, 0x00, 0x00, 0x00, 0x00, 0x00, 0x00, 0x5B, 0x00, 0x00, 0x00, 0x0D, 
0x00, 0x00, 0x00, 0x03, 0x00, 0x00, 0x00, 0x05, 0x00, 0x00, 0x00, 0x0A, 0x00, 0x00, 0x00, 0x01, 
0x00, 0x00, 0x00, 0x00, 0x00, 0x00, 0x00, 0x5C, 0x00, 0x00, 0x00, 0x0A, 0x00, 0x00, 0x00, 0x04, 
0x00, 0x00, 0x00, 0x04, 0x00, 0x00, 0x00, 0x0A, 0x00, 0x00, 0x00, 0x00, 0x00, 0x00, 0x00, 0x00, 
0x00, 0x00, 0x00, 0x5D, 0x00, 0x00, 0x00, 0x0D, 0x00, 0x00, 0x00, 0x03, 0x00, 0x00, 0x00, 0x05, 
0x00, 0x00, 0x00, 0x0A, 0x00, 0x00, 0x00, 0x00, 0x00, 0x00, 0x00, 0x00, 0x00, 0x00, 0x00, 0x5E, 
0x00, 0x00, 0x00, 0x05, 0x00, 0x00, 0x00, 0x08, 0x00, 0x00, 0x00, 0x06, 0x00, 0x00, 0x00, 0x0A, 
0xFF, 0xFF, 0xFF, 0xFF, 0x00, 0x00, 0x00, 0x00, 0x00, 0x00, 0x00, 0x5F, 0x00, 0x00, 0x00, 0x01, 
0x00, 0x00, 0x00, 0x07, 0x00, 0x00, 0x00, 0x07, 0xFF, 0xFF, 0xFF, 0xFE, 0x00, 0x00, 0x00, 0x00, 
0x00, 0x00, 0x00, 0x00, 0x00, 0x00, 0x00, 0x60, 0x00, 0x00, 0x00, 0x02, 0x00, 0x00, 0x00, 0x02, 
0x00, 0x00, 0x00, 0x04, 0x00, 0x00, 0x00, 0x09, 0x00, 0x00, 0x00, 0x01, 0x00, 0x00, 0x00, 0x00, 
0x00, 0x00, 0x00, 0x61, 0x00, 0x00, 0x00, 0x07, 0x00, 0x00, 0x00, 0x06, 0x00, 0x00, 0x00, 0x06, 
0x00, 0x00, 0x00, 0x07, 0x00, 0x00, 0x00, 0x00, 0x00, 0x00, 0x00, 0x00, 0x00, 0x00, 0x00, 0x62, 
0x00, 0x00, 0x00, 0x0A, 0x00, 0x00, 0x00, 0x06, 0x00, 0x00, 0x00, 0x07, 0x00, 0x00, 0x00, 0x0A, 
0x00, 0x00, 0x00, 0x00, 0x00, 0x00, 0x00, 0x00, 0x00, 0x00, 0x00, 0x63, 0x00, 0x00, 0x00, 0x07, 
0x00, 0x00, 0x00, 0x05, 0x00, 0x00, 0x00, 0x07, 0x00, 0x00, 0x00, 0x07, 0x00, 0x00, 0x00, 0x01, 
0x00, 0x00, 0x00, 0x00, 0x00, 0x00, 0x00, 0x64, 0x00, 0x00, 0x00, 0x0A, 0x00, 0x00, 0x00, 0x06, 
0x00, 0x00, 0x00, 0x07, 0x00, 0x00, 0x00, 0x0A, 0x00, 0x00, 0x00, 0x01, 0x00, 0x00, 0x00, 0x00, 
0x00, 0x00, 0x00, 0x65, 0x00, 0x00, 0x00, 0x07, 0x00, 0x00, 0x00, 0x05, 0x00, 0x00, 0x00, 0x06, 
0x00, 0x00, 0x00, 0x07, 0x00, 0x00, 0x00, 0x01, 0x00, 0x00, 0x00, 0x00, 0x00, 0x00, 0x00, 0x66, 
0x00, 0x00, 0x00, 0x0A, 0x00, 0x00, 0x00, 0x05, 0x00, 0x00, 0x00, 0x05, 0x00, 0x00, 0x00, 0x0A, 
0x00, 0x00, 0x00, 0x01, 0x00, 0x00, 0x00, 0x00, 0x00, 0x00, 0x00, 0x67, 0x00, 0x00, 0x00, 0x0A, 
0x00, 0x00, 0x00, 0x06, 0x00, 0x00, 0x00, 0x07, 0x00, 0x00, 0x00, 0x07, 0x00, 0x00, 0x00, 0x01, 
0x00, 0x00, 0x00, 0x00, 0x00, 0x00, 0x00, 0x68, 0x00, 0x00, 0x00, 0x0A, 0x00, 0x00, 0x00, 0x07, 
0x00, 0x00, 0x00, 0x07, 0x00, 0x00, 0x00, 0x0A, 0x00, 0x00, 0x00, 0x00, 0x00, 0x00, 0x00, 0x00, 
0x00, 0x00, 0x00, 0x69, 0x00, 0x00, 0x00, 0x0A, 0x00, 0x00, 0x00, 0x03, 0x00, 0x00, 0x00, 0x03, 
0x00, 0x00, 0x00, 0x0A, 0x00, 0x00, 0x00, 0x00, 0x00, 0x00, 0x00, 0x00, 0x00, 0x00, 0x00, 0x6A, 
0x00, 0x00, 0x00, 0x0D, 0x00, 0x00, 0x00, 0x03, 0x00, 0x00, 0x00, 0x03, 0x00, 0x00, 0x00, 0x0A, 
0xFF, 0xFF, 0xFF, 0xFF, 0x00, 0x00, 0x00, 0x00, 0x00, 0x00, 0x00, 0x6B, 0x00, 0x00, 0x00, 0x0A, 
0x00, 0x00, 0x00, 0x07, 0x00, 0x00, 0x00, 0x07, 0x00, 0x00, 0x00, 0x0A, 0x00, 0x00, 0x00, 0x00, 
0x00, 0x00, 0x00, 0x00, 0x00, 0x00, 0x00, 0x6C, 0x00, 0x00, 0x00, 0x0A, 0x00, 0x00, 0x00, 0x03, 
0x00, 0x00, 0x00, 0x03, 0x00, 0x00, 0x00, 0x0A, 0x00, 0x00, 0x00, 0x00, 0x00, 0x00, 0x00, 0x00, 
0x00, 0x00, 0x00, 0x6D, 0x00, 0x00, 0x00, 0x07, 0x00, 0x00, 0x00, 0x0B, 0x00, 0x00, 0x00, 0x0B, 
0x00, 0x00, 0x00, 0x07, 0x00, 0x00, 0x00, 0x00, 0x00, 0x00, 0x00, 0x00, 0x00, 0x00, 0x00, 0x6E, 
0x00, 0x00, 0x00, 0x07, 0x00, 0x00, 0x00, 0x07, 0x00, 0x00, 0x00, 0x07, 0x00, 0x00, 0x00, 0x07, 
0x00, 0x00, 0x00, 0x00, 0x00, 0x00, 0x00, 0x00, 0x00, 0x00, 0x00, 0x6F, 0x00, 0x00, 0x00, 0x07, 
0x00, 0x00, 0x00, 0x05, 0x00, 0x00, 0x00, 0x07, 0x00, 0x00, 0x00, 0x07, 0x00, 0x00, 0x00, 0x01, 
0x00, 0x00, 0x00, 0x00, 0x00, 0x00, 0x00, 0x70, 0x00, 0x00, 0x00, 0x0A, 0x00, 0x00, 0x00, 0x06, 
0x00, 0x00, 0x00, 0x07, 0x00, 0x00, 0x00, 0x07, 0x00, 0x00, 0x00, 0x00, 0x00, 0x00, 0x00, 0x00, 
0x00, 0x00, 0x00, 0x71, 0x00, 0x00, 0x00, 0x0A, 0x00, 0x00, 0x00, 0x06, 0x00, 0x00, 0x00, 0x07, 
0x00, 0x00, 0x00, 0x07, 0x00, 0x00, 0x00, 0x01, 0x00, 0x00, 0x00, 0x00, 0x00, 0x00, 0x00, 0x72, 
0x00, 0x00, 0x00, 0x07, 0x00, 0x00, 0x00, 0x05, 0x00, 0x00, 0x00, 0x05, 0x00, 0x00, 0x00, 0x07, 
0x00, 0x00, 0x00, 0x00, 0x00, 0x00, 0x00, 0x00, 0x00, 0x00, 0x00, 0x73, 0x00, 0x00, 0x00, 0x08, 
0x00, 0x00, 0x00, 0x04, 0x00, 0x00, 0x00, 0x06, 0x00, 0x00, 0x00, 0x08, 0x00, 0x00, 0x00, 0x01, 
0x00, 0x00, 0x00, 0x00, 0x00, 0x00, 0x00, 0x74, 0x00, 0x00, 0x00, 0x09, 0x00, 0x00, 0x00, 0x04, 
0x00, 0x00, 0x00, 0x04, 0x00, 0x00, 0x00, 0x09, 0x00, 0x00, 0x00, 0x00, 0x00, 0x00, 0x00, 0x00, 
0x00, 0x00, 0x00, 0x75, 0x00, 0x00, 0x00, 0x07, 0x00, 0x00, 0x00, 0x07, 0x00, 0x00, 0x00, 0x07, 
0x00, 0x00, 0x00, 0x07, 0x00, 0x00, 0x00, 0x00, 0x00, 0x00, 0x00, 0x00, 0x00, 0x00, 0x00, 0x76, 
0x00, 0x00, 0x00, 0x07, 0x00, 0x00, 0x00, 0x08, 0x00, 0x00, 0x00, 0x07, 0x00, 0x00, 0x00, 0x07, 
0xFF, 0xFF, 0xFF, 0xFF, 0x00, 0x00, 0x00, 0x00, 0x00, 0x00, 0x00, 0x77, 0x00, 0x00, 0x00, 0x07, 
0x00, 0x00, 0x00, 0x0B, 0x00, 0x00, 0x00, 0x0B, 0x00, 0x00, 0x00, 0x07, 0x00, 0x00, 0x00, 0x00, 
0x00, 0x00, 0x00, 0x00, 0x00, 0x00, 0x00, 0x78, 0x00, 0x00, 0x00, 0x07, 0x00, 0x00, 0x00, 0x07, 
0x00, 0x00, 0x00, 0x07, 0x00, 0x00, 0x00, 0x07, 0x00, 0x00, 0x00, 0x00, 0x00, 0x00, 0x00, 0x00, 
0x00, 0x00, 0x00, 0x79, 0x00, 0x00, 0x00, 0x0A, 0x00, 0x00, 0x00, 0x08, 0x00, 0x00, 0x00, 0x07, 
0x00, 0x00, 0x00, 0x07, 0xFF, 0xFF, 0xFF, 0xFF, 0x00, 0x00, 0x00, 0x00, 0x00, 0x00, 0x00, 0x7A, 
0x00, 0x00, 0x00, 0x07, 0x00, 0x00, 0x00, 0x06, 0x00, 0x00, 0x00, 0x06, 0x00, 0x00, 0x00, 0x07, 
0x00, 0x00, 0x00, 0x00, 0x00, 0x00, 0x00, 0x00, 0x00, 0x00, 0x00, 0x7B, 0x00, 0x00, 0x00, 0x0D, 
0x00, 0x00, 0x00, 0x04, 0x00, 0x00, 0x00, 0x07, 0x00, 0x00, 0x00, 0x0A, 0x00, 0x00, 0x00, 0x01, 
0x00, 0x00, 0x00, 0x00, 0x00, 0x00, 0x00, 0x7C, 0x00, 0x00, 0x00, 0x0D, 0x00, 0x00, 0x00, 0x01, 
0x00, 0x00, 0x00, 0x03, 0x00, 0x00, 0x00, 0x0A, 0x00, 0x00, 0x00, 0x01, 0x00, 0x00, 0x00, 0x00, 
0x00, 0x00, 0x00, 0x7D, 0x00, 0x00, 0x00, 0x0D, 0x00, 0x00, 0x00, 0x04, 0x00, 0x00, 0x00, 0x07, 
0x00, 0x00, 0x00, 0x0A, 0x00, 0x00, 0x00, 0x01, 0x00, 0x00, 0x00, 0x00, 0x00, 0x00, 0x00, 0x7E, 
0x00, 0x00, 0x00, 0x02, 0x00, 0x00, 0x00, 0x08, 0x00, 0x00, 0x00, 0x08, 0x00, 0x00, 0x00, 0x05, 
0x00, 0x00, 0x00, 0x00, 0x00, 0x00, 0x00, 0x00, 0x00, 0x00, 0x00, 0xA0, 0x00, 0x00, 0x00, 0x01, 
0x00, 0x00, 0x00, 0x01, 0x00, 0x00, 0x00, 0x04, 0x00, 0x00, 0x00, 0x1C, 0xFF, 0xFF, 0xFF, 0xF2, 
0x00, 0x00, 0x00, 0x00, 0x00, 0x00, 0x00, 0xA6, 0x00, 0x00, 0x00, 0x0D, 0x00, 0x00, 0x00, 0x01, 
0x00, 0x00, 0x00, 0x03, 0x00, 0x00, 0x00, 0x0A, 0x00, 0x00, 0x00, 0x01, 0x00, 0x00, 0x00, 0x00, 
0x00, 0x00, 0x00, 0xA7, 0x00, 0x00, 0x00, 0x0D, 0x00, 0x00, 0x00, 0x05, 0x00, 0x00, 0x00, 0x07, 
0x00, 0x00, 0x00, 0x0A, 0x00, 0x00, 0x00, 0x01, 0x00, 0x00, 0x00, 0x00, 0x00, 0x00, 0x00, 0xA9, 
0x00, 0x00, 0x00, 0x0A, 0x00, 0x00, 0x00, 0x0A, 0x00, 0x00, 0x00, 0x0B, 0x00, 0x00, 0x00, 0x0A, 
0x00, 0x00, 0x00, 0x00, 0x00, 0x00, 0x00, 0x00, 0x00, 0x00, 0x00, 0xAB, 0x00, 0x00, 0x00, 0x07, 
0x00, 0x00, 0x00, 0x06, 0x00, 0x00, 0x00, 0x07, 0x00, 0x00, 0x00, 0x07, 0x00, 0x00, 0x00, 0x00, 
0x00, 0x00, 0x00, 0x00, 0x00, 0x00, 0x00, 0xAD, 0x00, 0x00, 0x00, 0x01, 0x00, 0x00, 0x00, 0x03, 
0x00, 0x00, 0x00, 0x05, 0x00, 0x00, 0x00, 0x04, 0x00, 0x00, 0x00, 0x01, 0x00, 0x00, 0x00, 0x00, 
0x00, 0x00, 0x00, 0xAE, 0x00, 0x00, 0x00, 0x0A, 0x00, 0x00, 0x00, 0x0A, 0x00, 0x00, 0x00, 0x0B, 
0x00, 0x00, 0x00, 0x0A, 0x00, 0x00, 0x00, 0x00, 0x00, 0x00, 0x00, 0x00, 0x00, 0x00, 0x00, 0xB0, 
0x00, 0x00, 0x00, 0x04, 0x00, 0x00, 0x00, 0x04, 0x00, 0x00, 0x00, 0x06, 0x00, 0x00, 0x00, 0x0A, 
0x00, 0x00, 0x00, 0x01, 0x00, 0x00, 0x00, 0x00, 0x00, 0x00, 0x00, 0xB1, 0x00, 0x00, 0x00, 0x07, 
0x00, 0x00, 0x00, 0x07, 0x00, 0x00, 0x00, 0x08, 0x00, 0x00, 0x00, 0x08, 0x00, 0x00, 0x00, 0x00, 
0x00, 0x00, 0x00, 0x00, 0x00, 0x00, 0x00, 0xB4, 0x00, 0x00, 0x00, 0x02, 0x00, 0x00, 0x00, 0x02, 
0x00, 0x00, 0x00, 0x04, 0x00, 0x00, 0x00, 0x09, 0x00, 0x00, 0x00, 0x01, 0x00, 0x00, 0x00, 0x00, 
0x00, 0x00, 0x00, 0xBB, 0x00, 0x00, 0x00, 0x07, 0x00, 0x00, 0x00, 0x06, 0x00, 0x00, 0x00, 0x07, 
0x00, 0x00, 0x00, 0x07, 0x00, 0x00, 0x00, 0x00, 0x00, 0x00, 0x00, 0x00, 0x00, 0x00, 0x00, 0xD7, 
0x00, 0x00, 0x00, 0x06, 0x00, 0x00, 0x00, 0x06, 0x00, 0x00, 0x00, 0x08, 0x00, 0x00, 0x00, 0x08, 
0x00, 0x00, 0x00, 0x01, 0x00, 0x00, 0x00, 0x00, 0x00, 0x00, 0x00, 0xF7, 0x00, 0x00, 0x00, 0x05, 
0x00, 0x00, 0x00, 0x07, 0x00, 0x00, 0x00, 0x08, 0x00, 0x00, 0x00, 0x07, 0x00, 0x00, 0x00, 0x00, 
0x00, 0x00, 0x00, 0x00, 0x00, 0x00, 0x04, 0x01, 0x00, 0x00, 0x00, 0x0C, 0x00, 0x00, 0x00, 0x09, 
0x00, 0x00, 0x00, 0x09, 0x00, 0x00, 0x00, 0x0C, 0x00, 0x00, 0x00, 0x00, 0x00, 0x00, 0x00, 0x00, 
0x00, 0x00, 0x04, 0x10, 0x00, 0x00, 0x00, 0x0A, 0x00, 0x00, 0x00, 0x0B, 0x00, 0x00, 0x00, 0x09, 
0x00, 0x00, 0x00, 0x0A, 0xFF, 0xFF, 0xFF, 0xFF, 0x00, 0x00, 0x00, 0x00, 0x00, 0x00, 0x04, 0x11, 
0x00, 0x00, 0x00, 0x0A, 0x00, 0x00, 0x00, 0x07, 0x00, 0x00, 0x00, 0x08, 0x00, 0x00, 0x00, 0x0A, 
0x00, 0x00, 0x00, 0x00, 0x00, 0x00, 0x00, 0x00, 0x00, 0x00, 0x04, 0x12, 0x00, 0x00, 0x00, 0x0A, 
0x00, 0x00, 0x00, 0x07, 0x00, 0x00, 0x00, 0x08, 0x00, 0x00, 0x00, 0x0A, 0x00, 0x00, 0x00, 0x00, 
0x00, 0x00, 0x00, 0x00, 0x00, 0x00, 0x04, 0x13, 0x00, 0x00, 0x00, 0x0A, 0x00, 0x00, 0x00, 0x08, 
0x00, 0x00, 0x00, 0x08, 0x00, 0x00, 0x00, 0x0A, 0x00, 0x00, 0x00, 0x00, 0x00, 0x00, 0x00, 0x00, 
0x00, 0x00, 0x04, 0x14, 0x00, 0x00, 0x00, 0x0D, 0x00, 0x00, 0x00, 0x09, 0x00, 0x00, 0x00, 0x0A, 
0x00, 0x00, 0x00, 0x0A, 0x00, 0x00, 0x00, 0x00, 0x00, 0x00, 0x00, 0x00, 0x00, 0x00, 0x04, 0x15, 
0x00, 0x00, 0x00, 0x0A, 0x00, 0x00, 0x00, 0x08, 0x00, 0x00, 0x00, 0x08, 0x00, 0x00, 0x00, 0x0A, 
0x00, 0x00, 0x00, 0x00, 0x00, 0x00, 0x00, 0x00, 0x00, 0x00, 0x04, 0x16, 0x00, 0x00, 0x00, 0x0A, 
0x00, 0x00, 0x00, 0x0D, 0x00, 0x00, 0x00, 0x0D, 0x00, 0x00, 0x00, 0x0A, 0x00, 0x00, 0x00, 0x00, 
0x00, 0x00, 0x00, 0x00, 0x00, 0x00, 0x04, 0x17, 0x00, 0x00, 0x00, 0x0A, 0x00, 0x00, 0x00, 0x06, 
0x00, 0x00, 0x00, 0x07, 0x00, 0x00, 0x00, 0x0A, 0x00, 0x00, 0x00, 0x00, 0x00, 0x00, 0x00, 0x00, 
0x00, 0x00, 0x04, 0x18, 0x00, 0x00, 0x00, 0x0A, 0x00, 0x00, 0x00, 0x09, 0x00, 0x00, 0x00, 0x09, 
0x00, 0x00, 0x00, 0x0A, 0x00, 0x00, 0x00, 0x00, 0x00, 0x00, 0x00, 0x00, 0x00, 0x00, 0x04, 0x19, 
0x00, 0x00, 0x00, 0x0E, 0x00, 0x00, 0x00, 0x09, 0x00, 0x00, 0x00, 0x09, 0x00, 0x00, 0x00, 0x0E, 
0x00, 0x00, 0x00, 0x00, 0x00, 0x00, 0x00, 0x00, 0x00, 0x00, 0x04, 0x1A, 0x00, 0x00, 0x00, 0x0A, 
0x00, 0x00, 0x00, 0x09, 0x00, 0x00, 0x00, 0x09, 0x00, 0x00, 0x00, 0x0A, 0x00, 0x00, 0x00, 0x00, 
0x00, 0x00, 0x00, 0x00, 0x00, 0x00, 0x04, 0x1B, 0x00, 0x00, 0x00, 0x0A, 0x00, 0x00, 0x00, 0x09, 
0x00, 0x00, 0x00, 0x0A, 0x00, 0x00, 0x00, 0x0A, 0x00, 0x00, 0x00, 0x00, 0x00, 0x00, 0x00, 0x00, 
0x00, 0x00, 0x04, 0x1C, 0x00, 0x00, 0x00, 0x0A, 0x00, 0x00, 0x00, 0x0C, 0x00, 0x00, 0x00, 0x0C, 
0x00, 0x00, 0x00, 0x0A, 0x00, 0x00, 0x00, 0x00, 0x00, 0x00, 0x00, 0x00, 0x00, 0x00, 0x04, 0x1D, 
0x00, 0x00, 0x00, 0x0A, 0x00, 0x00, 0x00, 0x09, 0x00, 0x00, 0x00, 0x09, 0x00, 0x00, 0x00, 0x0A, 
0x00, 0x00, 0x00, 0x00, 0x00, 0x00, 0x00, 0x00, 0x00, 0x00, 0x04, 0x1E, 0x00, 0x00, 0x00, 0x0A, 
0x00, 0x00, 0x00, 0x08, 0x00, 0x00, 0x00, 0x0A, 0x00, 0x00, 0x00, 0x0A, 0x00, 0x00, 0x00, 0x01, 
0x00, 0x00, 0x00, 0x00, 0x00, 0x00, 0x04, 0x1F, 0x00, 0x00, 0x00, 0x0A, 0x00, 0x00, 0x00, 0x0A, 
0x00, 0x00, 0x00, 0x0A, 0x00, 0x00, 0x00, 0x0A, 0x00, 0x00, 0x00, 0x00, 0x00, 0x00, 0x00, 0x00, 
0x00, 0x00, 0x04, 0x20, 0x00, 0x00, 0x00, 0x0A, 0x00, 0x00, 0x00, 0x07, 0x00, 0x00, 0x00, 0x08, 
0x00, 0x00, 0x00, 0x0A, 0x00, 0x00, 0x00, 0x00, 0x00, 0x00, 0x00, 0x00, 0x00, 0x00, 0x04, 0x21, 
0x00, 0x00, 0x00, 0x0A, 0x00, 0x00, 0x00, 0x07, 0x00, 0x00, 0x00, 0x09, 0x00, 0x00, 0x00, 0x0A, 
0x00, 0x00, 0x00, 0x01, 0x00, 0x00, 0x00, 0x00, 0x00, 0x00, 0x04, 0x22, 0x00, 0x00, 0x00, 0x0A, 
0x00, 0x00, 0x00, 0x07, 0x00, 0x00, 0x00, 0x09, 0x00, 0x00, 0x00, 0x0A, 0x00, 0x00, 0x00, 0x01, 
0x00, 0x00, 0x00, 0x00, 0x00, 0x00, 0x04, 0x23, 0x00, 0x00, 0x00, 0x0A, 0x00, 0x00, 0x00, 0x0A, 
0x00, 0x00, 0x00, 0x0A, 0x00, 0x00, 0x00, 0x0A, 0x00, 0x00, 0x00, 0x00, 0x00, 0x00, 0x00, 0x00, 
0x00, 0x00, 0x04, 0x24, 0x00, 0x00, 0x00, 0x0A, 0x00, 0x00, 0x00, 0x09, 0x00, 0x00, 0x00, 0x0B, 
0x00, 0x00, 0x00, 0x0A, 0x00, 0x00, 0x00, 0x01, 0x00, 0x00, 0x00, 0x00, 0x00, 0x00, 0x04, 0x25, 
0x00, 0x00, 0x00, 0x0A, 0x00, 0x00, 0x00, 0x0B, 0x00, 0x00, 0x00, 0x0A, 0x00, 0x00, 0x00, 0x0A, 
0x00, 0x00, 0x00, 0x00, 0x00, 0x00, 0x00, 0x00, 0x00, 0x00, 0x04, 0x26, 0x00, 0x00, 0x00, 0x0D, 
0x00, 0x00, 0x00, 0x09, 0x00, 0x00, 0x00, 0x09, 0x00, 0x00, 0x00, 0x0A, 0x00, 0x00, 0x00, 0x00, 
0x00, 0x00, 0x00, 0x00, 0x00, 0x00, 0x04, 0x27, 0x00, 0x00, 0x00, 0x0A, 0x00, 0x00, 0x00, 0x08, 
0x00, 0x00, 0x00, 0x09, 0x00, 0x00, 0x00, 0x0A, 0x00, 0x00, 0x00, 0x00, 0x00, 0x00, 0x00, 0x00, 
0x00, 0x00, 0x04, 0x28, 0x00, 0x00, 0x00, 0x0A, 0x00, 0x00, 0x00, 0x0D, 0x00, 0x00, 0x00, 0x0D, 
0x00, 0x00, 0x00, 0x0A, 0x00, 0x00, 0x00, 0x00, 0x00, 0x00, 0x00, 0x00, 0x00, 0x00, 0x04, 0x29, 
0x00, 0x00, 0x00, 0x0D, 0x00, 0x00, 0x00, 0x0D, 0x00, 0x00, 0x00, 0x0D, 0x00, 0x00, 0x00, 0x0A, 
0x00, 0x00, 0x00, 0x00, 0x00, 0x00, 0x00, 0x00, 0x00, 0x00, 0x04, 0x2A, 0x00, 0x00, 0x00, 0x0A, 
0x00, 0x00, 0x00, 0x09, 0x00, 0x00, 0x00, 0x0A, 0x00, 0x00, 0x00, 0x0A, 0x00, 0x00, 0x00, 0x00, 
0x00, 0x00, 0x00, 0x00, 0x00, 0x00, 0x04, 0x2B, 0x00, 0x00, 0x00, 0x0A, 0x00, 0x00, 0x00, 0x0B, 
0x00, 0x00, 0x00, 0x0C, 0x00, 0x00, 0x00, 0x0A, 0x00, 0x00, 0x00, 0x00, 0x00, 0x00, 0x00, 0x00, 
0x00, 0x00, 0x04, 0x2C, 0x00, 0x00, 0x00, 0x0A, 0x00, 0x00, 0x00, 0x07, 0x00, 0x00, 0x00, 0x08, 
0x00, 0x00, 0x00, 0x0A, 0x00, 0x00, 0x00, 0x00, 0x00, 0x00, 0x00, 0x00, 0x00, 0x00, 0x04, 0x2D, 
0x00, 0x00, 0x00, 0x0B, 0x00, 0x00, 0x00, 0x09, 0x00, 0x00, 0x00, 0x09, 0x00, 0x00, 0x00, 0x0A, 
0x00, 0x00, 0x00, 0x00, 0x00, 0x00, 0x00, 0x00, 0x00, 0x00, 0x04, 0x2E, 0x00, 0x00, 0x00, 0x0A, 
0x00, 0x00, 0x00, 0x0D, 0x00, 0x00, 0x00, 0x0E, 0x00, 0x00, 0x00, 0x0A, 0x00, 0x00, 0x00, 0x00, 
0x00, 0x00, 0x00, 0x00, 0x00, 0x00, 0x04, 0x2F, 0x00, 0x00, 0x00, 0x0A, 0x00, 0x00, 0x00, 0x0B, 
0x00, 0x00, 0x00, 0x09, 0x00, 0x00, 0x00, 0x0A, 0xFF, 0xFF, 0xFF, 0xFF, 0x00, 0x00, 0x00, 0x00, 
0x00, 0x00, 0x04, 0x30, 0x00, 0x00, 0x00, 0x07, 0x00, 0x00, 0x00, 0x06, 0x00, 0x00, 0x00, 0x06, 
0x00, 0x00, 0x00, 0x07, 0x00, 0x00, 0x00, 0x00, 0x00, 0x00, 0x00, 0x00, 0x00, 0x00, 0x04, 0x31, 
0x00, 0x00, 0x00, 0x0A, 0x00, 0x00, 0x00, 0x05, 0x00, 0x00, 0x00, 0x07, 0x00, 0x00, 0x00, 0x0A, 
0x00, 0x00, 0x00, 0x01, 0x00, 0x00, 0x00, 0x00, 0x00, 0x00, 0x04, 0x32, 0x00, 0x00, 0x00, 0x07, 
0x00, 0x00, 0x00, 0x06, 0x00, 0x00, 0x00, 0x07, 0x00, 0x00, 0x00, 0x07, 0x00, 0x00, 0x00, 0x00, 
0x00, 0x00, 0x00, 0x00, 0x00, 0x00, 0x04, 0x33, 0x00, 0x00, 0x00, 0x07, 0x00, 0x00, 0x00, 0x05, 
0x00, 0x00, 0x00, 0x06, 0x00, 0x00, 0x00, 0x07, 0x00, 0x00, 0x00, 0x00, 0x00, 0x00, 0x00, 0x00, 
0x00, 0x00, 0x04, 0x34, 0x00, 0x00, 0x00, 0x09, 0x00, 0x00, 0x00, 0x06, 0x00, 0x00, 0x00, 0x07, 
0x00, 0x00, 0x00, 0x07, 0x00, 0x00, 0x00, 0x01, 0x00, 0x00, 0x00, 0x00, 0x00, 0x00, 0x04, 0x35, 
0x00, 0x00, 0x00, 0x07, 0x00, 0x00, 0x00, 0x05, 0x00, 0x00, 0x00, 0x06, 0x00, 0x00, 0x00, 0x07, 
0x00, 0x00, 0x00, 0x01, 0x00, 0x00, 0x00, 0x00, 0x00, 0x00, 0x04, 0x36, 0x00, 0x00, 0x00, 0x07, 
0x00, 0x00, 0x00, 0x09, 0x00, 0x00, 0x00, 0x0A, 0x00, 0x00, 0x00, 0x07, 0x00, 0x00, 0x00, 0x00, 
0x00, 0x00, 0x00, 0x00, 0x00, 0x00, 0x04, 0x37, 0x00, 0x00, 0x00, 0x07, 0x00, 0x00, 0x00, 0x05, 
0x00, 0x00, 0x00, 0x06, 0x00, 0x00, 0x00, 0x07, 0x00, 0x00, 0x00, 0x00, 0x00, 0x00, 0x00, 0x00, 
0x00, 0x00, 0x04, 0x38, 0x00, 0x00, 0x00, 0x07, 0x00, 0x00, 0x00, 0x07, 0x00, 0x00, 0x00, 0x07, 
0x00, 0x00, 0x00, 0x07, 0x00, 0x00, 0x00, 0x00, 0x00, 0x00, 0x00, 0x00, 0x00, 0x00, 0x04, 0x39, 
0x00, 0x00, 0x00, 0x0A, 0x00, 0x00, 0x00, 0x07, 0x00, 0x00, 0x00, 0x07, 0x00, 0x00, 0x00, 0x0A, 
0x00, 0x00, 0x00, 0x00, 0x00, 0x00, 0x00, 0x00, 0x00, 0x00, 0x04, 0x3A, 0x00, 0x00, 0x00, 0x07, 
0x00, 0x00, 0x00, 0x07, 0x00, 0x00, 0x00, 0x07, 0x00, 0x00, 0x00, 0x07, 0x00, 0x00, 0x00, 0x00, 
0x00, 0x00, 0x00, 0x00, 0x00, 0x00, 0x04, 0x3B, 0x00, 0x00, 0x00, 0x07, 0x00, 0x00, 0x00, 0x07, 
0x00, 0x00, 0x00, 0x07, 0x00, 0x00, 0x00, 0x07, 0x00, 0x00, 0x00, 0x00, 0x00, 0x00, 0x00, 0x00, 
0x00, 0x00, 0x04, 0x3C, 0x00, 0x00, 0x00, 0x07, 0x00, 0x00, 0x00, 0x09, 0x00, 0x00, 0x00, 0x09, 
0x00, 0x00, 0x00, 0x07, 0x00, 0x00, 0x00, 0x00, 0x00, 0x00, 0x00, 0x00, 0x00, 0x00, 0x04, 0x3D, 
0x00, 0x00, 0x00, 0x07, 0x00, 0x00, 0x00, 0x07, 0x00, 0x00, 0x00, 0x07, 0x00, 0x00, 0x00, 0x07, 
0x00, 0x00, 0x00, 0x00, 0x00, 0x00, 0x00, 0x00, 0x00, 0x00, 0x04, 0x3E, 0x00, 0x00, 0x00, 0x07, 
0x00, 0x00, 0x00, 0x05, 0x00, 0x00, 0x00, 0x07, 0x00, 0x00, 0x00, 0x07, 0x00, 0x00, 0x00, 0x01, 
0x00, 0x00, 0x00, 0x00, 0x00, 0x00, 0x04, 0x3F, 0x00, 0x00, 0x00, 0x07, 0x00, 0x00, 0x00, 0x07, 
0x00, 0x00, 0x00, 0x07, 0x00, 0x00, 0x00, 0x07, 0x00, 0x00, 0x00, 0x00, 0x00, 0x00, 0x00, 0x00, 
0x00, 0x00, 0x04, 0x40, 0x00, 0x00, 0x00, 0x0A, 0x00, 0x00, 0x00, 0x06, 0x00, 0x00, 0x00, 0x07, 
0x00, 0x00, 0x00, 0x07, 0x00, 0x00, 0x00, 0x00, 0x00, 0x00, 0x00, 0x00, 0x00, 0x00, 0x04, 0x41, 
0x00, 0x00, 0x00, 0x07, 0x00, 0x00, 0x00, 0x05, 0x00, 0x00, 0x00, 0x07, 0x00, 0x00, 0x00, 0x07, 
0x00, 0x00, 0x00, 0x01, 0x00, 0x00, 0x00, 0x00, 0x00, 0x00, 0x04, 0x42, 0x00, 0x00, 0x00, 0x07, 
0x00, 0x00, 0x00, 0x05, 0x00, 0x00, 0x00, 0x05, 0x00, 0x00, 0x00, 0x07, 0x00, 0x00, 0x00, 0x00, 
0x00, 0x00, 0x00, 0x00, 0x00, 0x00, 0x04, 0x43, 0x00, 0x00, 0x00, 0x0A, 0x00, 0x00, 0x00, 0x08, 
0x00, 0x00, 0x00, 0x07, 0x00, 0x00, 0x00, 0x07, 0xFF, 0xFF, 0xFF, 0xFF, 0x00, 0x00, 0x00, 0x00, 
0x00, 0x00, 0x04, 0x44, 0x00, 0x00, 0x00, 0x0D, 0x00, 0x00, 0x00, 0x07, 0x00, 0x00, 0x00, 0x09, 
0x00, 0x00, 0x00, 0x0A, 0x00, 0x00, 0x00, 0x01, 0x00, 0x00, 0x00, 0x00, 0x00, 0x00, 0x04, 0x45, 
0x00, 0x00, 0x00, 0x07, 0x00, 0x00, 0x00, 0x07, 0x00, 0x00, 0x00, 0x07, 0x00, 0x00, 0x00, 0x07, 
0x00, 0x00, 0x00, 0x00, 0x00, 0x00, 0x00, 0x00, 0x00, 0x00, 0x04, 0x46, 0x00, 0x00, 0x00, 0x09, 
0x00, 0x00, 0x00, 0x07, 0x00, 0x00, 0x00, 0x07, 0x00, 0x00, 0x00, 0x07, 0x00, 0x00, 0x00, 0x00, 
0x00, 0x00, 0x00, 0x00, 0x00, 0x00, 0x04, 0x47, 0x00, 0x00, 0x00, 0x07, 0x00, 0x00, 0x00, 0x07, 
0x00, 0x00, 0x00, 0x07, 0x00, 0x00, 0x00, 0x07, 0x00, 0x00, 0x00, 0x00, 0x00, 0x00, 0x00, 0x00, 
0x00, 0x00, 0x04, 0x48, 0x00, 0x00, 0x00, 0x07, 0x00, 0x00, 0x00, 0x0B, 0x00, 0x00, 0x00, 0x0B, 
0x00, 0x00, 0x00, 0x07, 0x00, 0x00, 0x00, 0x00, 0x00, 0x00, 0x00, 0x00, 0x00, 0x00, 0x04, 0x49, 
0x00, 0x00, 0x00, 0x09, 0x00, 0x00, 0x00, 0x0B, 0x00, 0x00, 0x00, 0x0B, 0x00, 0x00, 0x00, 0x07, 
0x00, 0x00, 0x00, 0x00, 0x00, 0x00, 0x00, 0x00, 0x00, 0x00, 0x04, 0x4A, 0x00, 0x00, 0x00, 0x07, 
0x00, 0x00, 0x00, 0x07, 0x00, 0x00, 0x00, 0x07, 0x00, 0x00, 0x00, 0x07, 0x00, 0x00, 0x00, 0x00, 
0x00, 0x00, 0x00, 0x00, 0x00, 0x00, 0x04, 0x4B, 0x00, 0x00, 0x00, 0x07, 0x00, 0x00, 0x00, 0x09, 
0x00, 0x00, 0x00, 0x09, 0x00, 0x00, 0x00, 0x07, 0x00, 0x00, 0x00, 0x00, 0x00, 0x00, 0x00, 0x00, 
0x00, 0x00, 0x04, 0x4C, 0x00, 0x00, 0x00, 0x07, 0x00, 0x00, 0x00, 0x06, 0x00, 0x00, 0x00, 0x06, 
0x00, 0x00, 0x00, 0x07, 0x00, 0x00, 0x00, 0x00, 0x00, 0x00, 0x00, 0x00, 0x00, 0x00, 0x04, 0x4D, 
0x00, 0x00, 0x00, 0x08, 0x00, 0x00, 0x00, 0x06, 0x00, 0x00, 0x00, 0x06, 0x00, 0x00, 0x00, 0x07, 
0x00, 0x00, 0x00, 0x00, 0x00, 0x00, 0x00, 0x00, 0x00, 0x00, 0x04, 0x4E, 0x00, 0x00, 0x00, 0x07, 
0x00, 0x00, 0x00, 0x09, 0x00, 0x00, 0x00, 0x0A, 0x00, 0x00, 0x00, 0x07, 0x00, 0x00, 0x00, 0x00, 
0x00, 0x00, 0x00, 0x00, 0x00, 0x00, 0x04, 0x4F, 0x00, 0x00, 0x00, 0x07, 0x00, 0x00, 0x00, 0x07, 
0x00, 0x00, 0x00, 0x06, 0x00, 0x00, 0x00, 0x07, 0xFF, 0xFF, 0xFF, 0xFF, 0x00, 0x00, 0x00, 0x00, 
0x00, 0x00, 0x04, 0x51, 0x00, 0x00, 0x00, 0x0B, 0x00, 0x00, 0x00, 0x06, 0x00, 0x00, 0x00, 0x06, 
0x00, 0x00, 0x00, 0x0A, 0x00, 0x00, 0x00, 0x00, 0x00, 0x00, 0x00, 0x00, 0x00, 0x00, 0x20, 0x0C, 
0x00, 0x00, 0x00, 0x01, 0x00, 0x00, 0x00, 0x01, 0x00, 0x00, 0x00, 0x00, 0x00, 0x00, 0x00, 0x1C, 
0xFF, 0xFF, 0xFF, 0xF2, 0x00, 0x00, 0x00, 0x00, 0x00, 0x00, 0x20, 0x0D, 0x00, 0x00, 0x00, 0x01, 
0x00, 0x00, 0x00, 0x01, 0x00, 0x00, 0x00, 0x00, 0x00, 0x00, 0x00, 0x1C, 0xFF, 0xFF, 0xFF, 0xF2, 
0x00, 0x00, 0x00, 0x00, 0x00, 0x00, 0x20, 0x0E, 0x00, 0x00, 0x00, 0x01, 0x00, 0x00, 0x00, 0x01, 
0x00, 0x00, 0x00, 0x00, 0x00, 0x00, 0x00, 0x1C, 0xFF, 0xFF, 0xFF, 0xF2, 0x00, 0x00, 0x00, 0x00, 
0x00, 0x00, 0x20, 0x0F, 0x00, 0x00, 0x00, 0x01, 0x00, 0x00, 0x00, 0x01, 0x00, 0x00, 0x00, 0x00, 
0x00, 0x00, 0x00, 0x1C, 0xFF, 0xFF, 0xFF, 0xF2, 0x00, 0x00, 0x00, 0x00, 0x00, 0x00, 0x20, 0x12, 
0x00, 0x00, 0x00, 0x01, 0x00, 0x00, 0x00, 0x07, 0x00, 0x00, 0x00, 0x07, 0x00, 0x00, 0x00, 0x04, 
0x00, 0x00, 0x00, 0x00, 0x00, 0x00, 0x00, 0x00, 0x00, 0x00, 0x20, 0x13, 0x00, 0x00, 0x00, 0x01, 
0x00, 0x00, 0x00, 0x07, 0x00, 0x00, 0x00, 0x07, 0x00, 0x00, 0x00, 0x04, 0x00, 0x00, 0x00, 0x00, 
0x00, 0x00, 0x00, 0x00, 0x00, 0x00, 0x20, 0x14, 0x00, 0x00, 0x00, 0x01, 0x00, 0x00, 0x00, 0x0E, 
0x00, 0x00, 0x00, 0x0E, 0x00, 0x00, 0x00, 0x04, 0x00, 0x00, 0x00, 0x00, 0x00, 0x00, 0x00, 0x00, 
0x00, 0x00, 0x20, 0x15, 0x00, 0x00, 0x00, 0x01, 0x00, 0x00, 0x00, 0x0D, 0x00, 0x00, 0x00, 0x0E, 
0x00, 0x00, 0x00, 0x04, 0x00, 0x00, 0x00, 0x00, 0x00, 0x00, 0x00, 0x00, 0x00, 0x00, 0x20, 0x18, 
0x00, 0x00, 0x00, 0x03, 0x00, 0x00, 0x00, 0x02, 0x00, 0x00, 0x00, 0x05, 0x00, 0x00, 0x00, 0x0A, 
0x00, 0x00, 0x00, 0x01, 0x00, 0x00, 0x00, 0x00, 0x00, 0x00, 0x20, 0x19, 0x00, 0x00, 0x00, 0x03, 
0x00, 0x00, 0x00, 0x02, 0x00, 0x00, 0x00, 0x05, 0x00, 0x00, 0x00, 0x0A, 0x00, 0x00, 0x00, 0x01, 
0x00, 0x00, 0x00, 0x00, 0x00, 0x00, 0x20, 0x1A, 0x00, 0x00, 0x00, 0x03, 0x00, 0x00, 0x00, 0x02, 
0x00, 0x00, 0x00, 0x05, 0x00, 0x00, 0x00, 0x01, 0x00, 0x00, 0x00, 0x01, 0x00, 0x00, 0x00, 0x00, 
0x00, 0x00, 0x20, 0x1B, 0x00, 0x00, 0x00, 0x05, 0x00, 0x00, 0x00, 0x02, 0x00, 0x00, 0x00, 0x05, 
0x00, 0x00, 0x00, 0x0A, 0x00, 0x00, 0x00, 0x01, 0x00, 0x00, 0x00, 0x00, 0x00, 0x00, 0x20, 0x1C, 
0x00, 0x00, 0x00, 0x03, 0x00, 0x00, 0x00, 0x05, 0x00, 0x00, 0x00, 0x06, 0x00, 0x00, 0x00, 0x0A, 
0x00, 0x00, 0x00, 0x00, 0x00, 0x00, 0x00, 0x00, 0x00, 0x00, 0x20, 0x1D, 0x00, 0x00, 0x00, 0x03, 
0x00, 0x00, 0x00, 0x05, 0x00, 0x00, 0x00, 0x06, 0x00, 0x00, 0x00, 0x0A, 0x00, 0x00, 0x00, 0x00, 
0x00, 0x00, 0x00, 0x00, 0x00, 0x00, 0x20, 0x1E, 0x00, 0x00, 0x00, 0x03, 0x00, 0x00, 0x00, 0x05, 
0x00, 0x00, 0x00, 0x06, 0x00, 0x00, 0x00, 0x01, 0x00, 0x00, 0x00, 0x00, 0x00, 0x00, 0x00, 0x00, 
0x00, 0x00, 0x20, 0x1F, 0x00, 0x00, 0x00, 0x05, 0x00, 0x00, 0x00, 0x05, 0x00, 0x00, 0x00, 0x06, 
0x00, 0x00, 0x00, 0x0A, 0x00, 0x00, 0x00, 0x00, 0x00, 0x00, 0x00, 0x00, 0x00, 0x00, 0x20, 0x28, 
0x00, 0x00, 0x00, 0x01, 0x00, 0x00, 0x00, 0x01, 0x00, 0x00, 0x00, 0x00, 0x00, 0x00, 0x00, 0x1C, 
0xFF, 0xFF, 0xFF, 0xF2, 0x00, 0x00, 0x00, 0x00, 0x00, 0x00, 0x20, 0x29, 0x00, 0x00, 0x00, 0x01, 
0x00, 0x00, 0x00, 0x01, 0x00, 0x00, 0x00, 0x00, 0x00, 0x00, 0x00, 0x1C, 0xFF, 0xFF, 0xFF, 0xF2, 
0x00, 0x00, 0x00, 0x00, 0x00, 0x00, 0x20, 0x2A, 0x00, 0x00, 0x00, 0x01, 0x00, 0x00, 0x00, 0x01, 
0x00, 0x00, 0x00, 0x00, 0x00, 0x00, 0x00, 0x1C, 0xFF, 0xFF, 0xFF, 0xF2, 0x00, 0x00, 0x00, 0x00, 
0x00, 0x00, 0x20, 0x2B, 0x00, 0x00, 0x00, 0x01, 0x00, 0x00, 0x00, 0x01, 0x00, 0x00, 0x00, 0x00, 
0x00, 0x00, 0x00, 0x1C, 0xFF, 0xFF, 0xFF, 0xF2, 0x00, 0x00, 0x00, 0x00, 0x00, 0x00, 0x20, 0x2C, 
0x00, 0x00, 0x00, 0x01, 0x00, 0x00, 0x00, 0x01, 0x00, 0x00, 0x00, 0x00, 0x00, 0x00, 0x00, 0x1C, 
0xFF, 0xFF, 0xFF, 0xF2, 0x00, 0x00, 0x00, 0x00, 0x00, 0x00, 0x20, 0x2D, 0x00, 0x00, 0x00, 0x01, 
0x00, 0x00, 0x00, 0x01, 0x00, 0x00, 0x00, 0x00, 0x00, 0x00, 0x00, 0x1C, 0xFF, 0xFF, 0xFF, 0xF2, 
0x00, 0x00, 0x00, 0x00, 0x00, 0x00, 0x20, 0x2E, 0x00, 0x00, 0x00, 0x01, 0x00, 0x00, 0x00, 0x01, 
0x00, 0x00, 0x00, 0x00, 0x00, 0x00, 0x00, 0x1C, 0xFF, 0xFF, 0xFF, 0xF2, 0x00, 0x00, 0x00, 0x00, 
0x00, 0x00, 0x20, 0x32, 0x00, 0x00, 0x00, 0x04, 0x00, 0x00, 0x00, 0x02, 0x00, 0x00, 0x00, 0x03, 
0x00, 0x00, 0x00, 0x0A, 0x00, 0x00, 0x00, 0x01, 0x00, 0x00, 0x00, 0x00, 0x00, 0x00, 0x20, 0x33, 
0x00, 0x00, 0x00, 0x04, 0x00, 0x00, 0x00, 0x05, 0x00, 0x00, 0x00, 0x06, 0x00, 0x00, 0x00, 0x0A, 
0x00, 0x00, 0x00, 0x01, 0x00, 0x00, 0x00, 0x00, 0x00, 0x00, 0x20, 0x39, 0x00, 0x00, 0x00, 0x07, 
0x00, 0x00, 0x00, 0x03, 0x00, 0x00, 0x00, 0x05, 0x00, 0x00, 0x00, 0x07, 0x00, 0x00, 0x00, 0x01, 
0x00, 0x00, 0x00, 0x00, 0x00, 0x00, 0x20, 0x3A, 0x00, 0x00, 0x00, 0x07, 0x00, 0x00, 0x00, 0x03, 
0x00, 0x00, 0x00, 0x05, 0x00, 0x00, 0x00, 0x07, 0x00, 0x00, 0x00, 0x01, 0x00, 0x00, 0x00, 0x00, 
0x00, 0x00, 0x20, 0x3E, 0x00, 0x00, 0x00, 0x01, 0x00, 0x00, 0x00, 0x05, 0x00, 0x00, 0x00, 0x05, 
0x00, 0x00, 0x00, 0x09, 0x00, 0x00, 0x00, 0x00, 0x00, 0x00, 0x00, 0x00, 0x00, 0x00, 0x20, 0x6A, 
0x00, 0x00, 0x00, 0x01, 0x00, 0x00, 0x00, 0x01, 0x00, 0x00, 0x00, 0x00, 0x00, 0x00, 0x00, 0x1C, 
0xFF, 0xFF, 0xFF, 0xF2, 0x00, 0x00, 0x00, 0x00, 0x00, 0x00, 0x20, 0x6B, 0x00, 0x00, 0x00, 0x01, 
0x00, 0x00, 0x00, 0x01, 0x00, 0x00, 0x00, 0x00, 0x00, 0x00, 0x00, 0x1C, 0xFF, 0xFF, 0xFF, 0xF2, 
0x00, 0x00, 0x00, 0x00, 0x00, 0x00, 0x20, 0x6C, 0x00, 0x00, 0x00, 0x01, 0x00, 0x00, 0x00, 0x01, 
0x00, 0x00, 0x00, 0x00, 0x00, 0x00, 0x00, 0x1C, 0xFF, 0xFF, 0xFF, 0xF2, 0x00, 0x00, 0x00, 0x00, 
0x00, 0x00, 0x20, 0x6D, 0x00, 0x00, 0x00, 0x01, 0x00, 0x00, 0x00, 0x01, 0x00, 0x00, 0x00, 0x00, 
0x00, 0x00, 0x00, 0x1C, 0xFF, 0xFF, 0xFF, 0xF2, 0x00, 0x00, 0x00, 0x00, 0x00, 0x00, 0x20, 0x6E, 
0x00, 0x00, 0x00, 0x01, 0x00, 0x00, 0x00, 0x01, 0x00, 0x00, 0x00, 0x00, 0x00, 0x00, 0x00, 0x1C, 
0xFF, 0xFF, 0xFF, 0xF2, 0x00, 0x00, 0x00, 0x00, 0x00, 0x00, 0x20, 0x6F, 0x00, 0x00, 0x00, 0x01, 
0x00, 0x00, 0x00, 0x01, 0x00, 0x00, 0x00, 0x00, 0x00, 0x00, 0x00, 0x1C, 0xFF, 0xFF, 0xFF, 0xF2, 
0x00, 0x00, 0x00, 0x00, 0x00, 0x00, 0x21, 0x90, 0x00, 0x00, 0x00, 0x05, 0x00, 0x00, 0x00, 0x0D, 
0x00, 0x00, 0x00, 0x0E, 0x00, 0x00, 0x00, 0x07, 0x00, 0x00, 0x00, 0x01, 0x00, 0x00, 0x00, 0x00, 
0x00, 0x00, 0x21, 0x91, 0x00, 0x00, 0x00, 0x0C, 0x00, 0x00, 0x00, 0x05, 0x00, 0x00, 0x00, 0x07, 
0x00, 0x00, 0x00, 0x0A, 0x00, 0x00, 0x00, 0x01, 0x00, 0x00, 0x00, 0x00, 0x00, 0x00, 0x21, 0x92, 
0x00, 0x00, 0x00, 0x05, 0x00, 0x00, 0x00, 0x0D, 0x00, 0x00, 0x00, 0x0E, 0x00, 0x00, 0x00, 0x07, 
0x00, 0x00, 0x00, 0x01, 0x00, 0x00, 0x00, 0x00, 0x00, 0x00, 0x21, 0x93, 0x00, 0x00, 0x00, 0x0C, 
0x00, 0x00, 0x00, 0x05, 0x00, 0x00, 0x00, 0x07, 0x00, 0x00, 0x00, 0x0A, 0x00, 0x00, 0x00, 0x01, 
0x00, 0x00, 0x00, 0x00, 0x00, 0x00, 0x21, 0x94, 0x00, 0x00, 0x00, 0x05, 0x00, 0x00, 0x00, 0x0C, 
0x00, 0x00, 0x00, 0x0E, 0x00, 0x00, 0x00, 0x07, 0x00, 0x00, 0x00, 0x01, 0x00, 0x00, 0x00, 0x00, 
0x00, 0x00, 0x21, 0x95, 0x00, 0x00, 0x00, 0x0D, 0x00, 0x00, 0x00, 0x05, 0x00, 0x00, 0x00, 0x07, 
0x00, 0x00, 0x00, 0x0A, 0x00, 0x00, 0x00, 0x01, 0x00, 0x00, 0x00, 0x00, 0x00, 0x00, 0x22, 0x1E, 
0x00, 0x00, 0x00, 0x06, 0x00, 0x00, 0x00, 0x09, 0x00, 0x00, 0x00, 0x0A, 0x00, 0x00, 0x00, 0x07, 
0x00, 0x00, 0x00, 0x00, 0x00, 0x00, 0x00, 0x00, 0x00, 0x00, 0x22, 0x48, 0x00, 0x00, 0x00, 0x05, 
0x00, 0x00, 0x00, 0x08, 0x00, 0x00, 0x00, 0x08, 0x00, 0x00, 0x00, 0x07, 0x00, 0x00, 0x00, 0x00, 
0x00, 0x00, 0x00, 0x00, 0x00, 0x00, 0x22, 0x60, 0x00, 0x00, 0x00, 0x0C, 0x00, 0x00, 0x00, 0x08, 
0x00, 0x00, 0x00, 0x08, 0x00, 0x00, 0x00, 0x0A, 0x00, 0x00, 0x00, 0x00, 0x00, 0x00, 0x00, 0x00, 
0x00, 0x00, 0x26, 0x3A, 0x00, 0x00, 0x00, 0x09, 0x00, 0x00, 0x00, 0x09, 0x00, 0x00, 0x00, 0x0E, 
0x00, 0x00, 0x00, 0x08, 0x00, 0x00, 0x00, 0x03, 0x00, 0x00, 0x00, 0x00, 0x00, 0x00, 0x26, 0x3B, 
0x00, 0x00, 0x00, 0x09, 0x00, 0x00, 0x00, 0x09, 0x00, 0x00, 0x00, 0x0F, 0x00, 0x00, 0x00, 0x08, 
0x00, 0x00, 0x00, 0x03, 0x00, 0x00, 0x00, 0x00, 0x00, 0x00, 0x26, 0x3C, 0x00, 0x00, 0x00, 0x0D, 
0x00, 0x00, 0x00, 0x0D, 0x00, 0x00, 0x00, 0x0D, 0x00, 0x00, 0x00, 0x0B, 0x00, 0x00, 0x00, 0x00, 
0x00, 0x00, 0x00, 0x00, 0x00, 0x00, 0x26, 0x40, 0x00, 0x00, 0x00, 0x0E, 0x00, 0x00, 0x00, 0x07, 
0x00, 0x00, 0x00, 0x0B, 0x00, 0x00, 0x00, 0x0B, 0x00, 0x00, 0x00, 0x01, 0x00, 0x00, 0x00, 0x00, 
0x00, 0x00, 0x26, 0x42, 0x00, 0x00, 0x00, 0x0D, 0x00, 0x00, 0x00, 0x09, 0x00, 0x00, 0x00, 0x0B, 
0x00, 0x00, 0x00, 0x0B, 0x00, 0x00, 0x00, 0x00, 0x00, 0x00, 0x00, 0x00, 0x00, 0x00, 0x26, 0x60, 
0x00, 0x00, 0x00, 0x09, 0x00, 0x00, 0x00, 0x07, 0x00, 0x00, 0x00, 0x08, 0x00, 0x00, 0x00, 0x09, 
0x00, 0x00, 0x00, 0x00, 0x00, 0x00, 0x00, 0x00, 0x00, 0x00, 0x26, 0x63, 0x00, 0x00, 0x00, 0x08, 
0x00, 0x00, 0x00, 0x09, 0x00, 0x00, 0x00, 0x09, 0x00, 0x00, 0x00, 0x08, 0x00, 0x00, 0x00, 0x00, 
0x00, 0x00, 0x00, 0x00, 0x00, 0x00, 0x26, 0x65, 0x00, 0x00, 0x00, 0x09, 0x00, 0x00, 0x00, 0x07, 
0x00, 0x00, 0x00, 0x08, 0x00, 0x00, 0x00, 0x08, 0x00, 0x00, 0x00, 0x00, 0x00, 0x00, 0x00, 0x00, 
0x00, 0x00, 0x26, 0x66, 0x00, 0x00, 0x00, 0x09, 0x00, 0x00, 0x00, 0x07, 0x00, 0x00, 0x00, 0x07, 
0x00, 0x00, 0x00, 0x09, 0x00, 0x00, 0x00, 0x00, 0x00, 0x00, 0x00, 0x00, 0x00, 0x00, 0x26, 0x6A, 
0x00, 0x00, 0x00, 0x09, 0x00, 0x00, 0x00, 0x07, 0x00, 0x00, 0x00, 0x07, 0x00, 0x00, 0x00, 0x09, 
0x00, 0x00, 0x00, 0x00, 0x00, 0x00, 0x00, 0x00, 0x00, 0x00, 0x26, 0x6B, 0x00, 0x00, 0x00, 0x0C, 
0x00, 0x00, 0x00, 0x09, 0x00, 0x00, 0x00, 0x0B, 0x00, 0x00, 0x00, 0x0B, 0x00, 0x00, 0x00, 0x00, 
0x00, 0x00, 0x00, 0x00, 0x00, 0x00, 0x00, 0x00, 0x00, 0x00, 0x00, 0xBF, 0xFF, 0xFF, 0xFF, 0xFF, 
0xFF, 0xFF, 0xFF, 0x00, 0xB4, 0xC9, 0x00, 0xC9, 0xFF, 0x00, 0xFF, 0xFF, 0x00, 0xFF, 0xFF, 0x00, 
0xFF, 0x00, 0x00, 0x19, 0xE2, 0x00, 0x19, 0xE2, 0x00, 0x00, 0x00, 0x4C, 0xAF, 0x00, 0x4C, 0xAF, 
0x00, 0x00, 0x00, 0x7F, 0x7D, 0x00, 0x7F, 0x7D, 0x00, 0xFF, 0xFF, 0xFF, 0xFF, 0xFF, 0xFF, 0xFF, 
0xFF, 0x00, 0x00, 0xE6, 0x15, 0x00, 0xE6, 0x15, 0x00, 0x00, 0x19, 0xE1, 0x00, 0x19, 0xE1, 0x00, 
0x00, 0xFF, 0xFF, 0xFF, 0xFF, 0xFF, 0xFF, 0xFF, 0xFF, 0x00, 0x82, 0x7A, 0x00, 0x82, 0x7A, 0x00, 
0x00, 0x00, 0xB4, 0x47, 0x00, 0xB4, 0x47, 0x00, 0x00, 0x00, 0xE6, 0x15, 0x00, 0xE6, 0x15, 0x00, 
0x00, 0x00, 0x00, 0xFF, 0x00, 0x00, 0x51, 0xFA, 0xFF, 0xD8, 0x46, 0xFA, 0x50, 0xFF, 0x5D, 0xFD, 
0xFD, 0x0F, 0xFF, 0x09, 0xFF, 0xD6, 0x75, 0xFF, 0x00, 0x00, 0x4A, 0xFC, 0xFF, 0x29, 0x00, 0x00, 
0x5A, 0xFF, 0xE9, 0x26, 0x00, 0x00, 0xFF, 0x3D, 0xC4, 0x00, 0x00, 0xFF, 0x06, 0xFB, 0xFF, 0x46, 
0xFF, 0x50, 0xFA, 0x5D, 0xDC, 0xFF, 0xFA, 0x51, 0x00, 0x00, 0xFF, 0x00, 0x00, 0x51, 0xFA, 0xFA, 
0x50, 0x00, 0x00, 0x00, 0x17, 0xD3, 0x15, 0x00, 0xFA, 0x50, 0x52, 0xFA, 0x00, 0x00, 0x00, 0xB4, 
0x4B, 0x00, 0x00, 0xFF, 0x00, 0x00, 0xFF, 0x00, 0x00, 0x69, 0x96, 0x00, 0x00, 0x00, 0xFA, 0x51, 
0x50, 0xFA, 0x00, 0x27, 0xCE, 0x0A, 0x00, 0x00, 0x00, 0x52, 0xFA, 0xFA, 0x51, 0x04, 0xC6, 0x34, 
0x00, 0x00, 0x00, 0x00, 0x00, 0x00, 0x00, 0x00, 0x84, 0x7B, 0x00, 0x51, 0xFA, 0xFA, 0x50, 0x00, 
0x00, 0x00, 0x3A, 0xC1, 0x03, 0x00, 0xFA, 0x50, 0x52, 0xFA, 0x00, 0x00, 0x0D, 0xD0, 0x21, 0x00, 
0x00, 0xFF, 0x00, 0x00, 0xFF, 0x00, 0x00, 0x9F, 0x61, 0x00, 0x00, 0x00, 0xFA, 0x51, 0x50, 0xFA, 
0x00, 0x52, 0xAD, 0x00, 0x00, 0x00, 0x00, 0x52, 0xFA, 0xFA, 0x51, 0x00, 0x00, 0x41, 0xD9, 0xF2, 
0x74, 0x00, 0x00, 0x00, 0x00, 0x00, 0x00, 0xDF, 0x33, 0x2D, 0xF3, 0x00, 0x00, 0x00, 0x00, 0x00, 
0x00, 0xE2, 0x60, 0x6D, 0xBC, 0x00, 0x00, 0x00, 0x00, 0x00, 0x00, 0x58, 0xFB, 0xAE, 0x11, 0xFF, 
0xFF, 0xFF, 0x00, 0x00, 0x20, 0x95, 0xDC, 0x40, 0x00, 0x76, 0xD4, 0x1D, 0x00, 0x26, 0x96, 0x05, 
0x6B, 0xC2, 0x00, 0x92, 0x33, 0x00, 0x00, 0xB3, 0x1A, 0x00, 0x0B, 0xE7, 0x68, 0x77, 0x00, 0x00, 
0x00, 0xF3, 0x1A, 0x00, 0x00, 0x66, 0xE5, 0x04, 0x00, 0x00, 0x00, 0xD1, 0xAD, 0x15, 0x18, 0x7D, 
0xE3, 0x90, 0x10, 0x62, 0xC6, 0x34, 0xD1, 0xF8, 0xC8, 0x3E, 0x14, 0xA6, 0xF5, 0xD8, 0x3A, 0xC9, 
0xFF, 0xFF, 0xFF, 0x00, 0x00, 0x20, 0xBB, 0x00, 0x26, 0xCC, 0x44, 0x03, 0xC2, 0x21, 0x00, 0x5E, 
0x87, 0x00, 0x00, 0xB8, 0x37, 0x00, 0x00, 0xEC, 0x0E, 0x00, 0x00, 0xFB, 0x03, 0x00, 0x00, 0xE7, 
0x13, 0x00, 0x00, 0xB3, 0x3D, 0x00, 0x00, 0x5A, 0x89, 0x00, 0x00, 0x02, 0xC3, 0x2E, 0x00, 0x00, 
0x20, 0xCF, 0x4B, 0x00, 0x00, 0x1C, 0xB6, 0xB6, 0x1D, 0x00, 0x00, 0x4B, 0xD2, 0x21, 0x00, 0x00, 
0x30, 0xC3, 0x02, 0x00, 0x00, 0x88, 0x5A, 0x00, 0x00, 0x3E, 0xB2, 0x00, 0x00, 0x13, 0xE7, 0x00, 
0x00, 0x04, 0xFA, 0x00, 0x00, 0x0F, 0xEB, 0x00, 0x00, 0x39, 0xB8, 0x00, 0x00, 0x87, 0x5E, 0x00, 
0x20, 0xC2, 0x04, 0x43, 0xCC, 0x28, 0x00, 0xBC, 0x21, 0x00, 0x00, 0x00, 0x05, 0xE0, 0x07, 0x00, 
0xD1, 0x59, 0xFF, 0x58, 0xD0, 0x1D, 0xC2, 0xFF, 0xC9, 0x1E, 0xCE, 0x53, 0xFF, 0x57, 0xD0, 0x00, 
0x05, 0xE0, 0x07, 0x00, 0x00, 0x00, 0x00, 0xFF, 0x00, 0x00, 0x00, 0x00, 0x00, 0x00, 0xFF, 0x00, 
0x00, 0x00, 0x00, 0x00, 0x00, 0xFF, 0x00, 0x00, 0x00, 0xFF, 0xFF, 0xFF, 0xFF, 0xFF, 0xFF, 0xFF, 
0x00, 0x00, 0x00, 0xFF, 0x00, 0x00, 0x00, 0x00, 0x00, 0x00, 0xFF, 0x00, 0x00, 0x00, 0x00, 0x00, 
0x00, 0xFF, 0x00, 0x00, 0x00, 0xC7, 0xB2, 0x13, 0xE6, 0x83, 0x3C, 0xFF, 0xFF, 0xFF, 0xB6, 0x00, 
0x00, 0x26, 0xD9, 0x00, 0x00, 0x73, 0x8C, 0x00, 0x00, 0xC0, 0x3F, 0x00, 0x11, 0xEA, 0x04, 0x00, 
0x5A, 0xA5, 0x00, 0x00, 0xA7, 0x59, 0x00, 0x04, 0xEA, 0x11, 0x00, 0x40, 0xBF, 0x00, 0x00, 0x8D, 
0x72, 0x00, 0x00, 0xDA, 0x26, 0x00, 0x00, 0x51, 0xFA, 0xFF, 0xFA, 0x50, 0xFA, 0x50, 0x00, 0x52, 
0xFA, 0xFF, 0x00, 0x00, 0x00, 0xFF, 0xFF, 0x00, 0x00, 0x00, 0xFF, 0xFF, 0x00, 0x00, 0x00, 0xFF, 
0xFF, 0x00, 0x00, 0x00, 0xFF, 0xFF, 0x00, 0x00, 0x00, 0xFF, 0xFF, 0x00, 0x00, 0x00, 0xFF, 0xFA, 
0x51, 0x00, 0x50, 0xFA, 0x52, 0xFA, 0xFF, 0xFA, 0x51, 0x47, 0xD2, 0x00, 0xDF, 0xFF, 0x00, 0x06, 
0xFF, 0x00, 0x00, 0xFF, 0x00, 0x00, 0xFF, 0x00, 0x00, 0xFF, 0x00, 0x00, 0xFF, 0x00, 0x00, 0xFF, 
0x00, 0x16, 0xFF, 0x16, 0xFF, 0xFF, 0xFF, 0x10, 0xB0, 0xF2, 0xB3, 0x13, 0x80, 0x3B, 0x11, 0x98, 
0xA5, 0x54, 0x00, 0x00, 0x20, 0xEF, 0x00, 0x00, 0x00, 0x06, 0xE9, 0x00, 0x00, 0x00, 0x20, 0x94, 
0x00, 0x00, 0x00, 0x63, 0x1C, 0x00, 0x00, 0x05, 0x66, 0x00, 0x00, 0x00, 0x42, 0x04, 0x00, 0x00, 
0x1F, 0x02, 0x39, 0xA9, 0xAC, 0xFF, 0xFF, 0xFF, 0x9E, 0x13, 0xB2, 0xF6, 0xFA, 0x50, 0x7E, 0x29, 
0x01, 0x52, 0xFA, 0x04, 0x00, 0x00, 0x10, 0xCF, 0x00, 0x05, 0x3C, 0x88, 0x1E, 0x00, 0x70, 0xFF, 
0xDE, 0x44, 0x00, 0x00, 0x00, 0x52, 0xF9, 0x00, 0x00, 0x00, 0x00, 0xFF, 0x00, 0x00, 0x00, 0x00, 
0xFF, 0x00, 0x00, 0x00, 0x50, 0xFA, 0xC5, 0xFD, 0xFF, 0xFA, 0x51, 0x00, 0x00, 0x00, 0x1A, 0xEC, 
0x00, 0x00, 0x00, 0x01, 0xB9, 0xFF, 0x00, 0x00, 0x00, 0x73, 0x7F, 0xFF, 0x00, 0x00, 0x2F, 0xA9, 
0x01, 0xFF, 0x00, 0x09, 0xAB, 0x0D, 0x00, 0xFF, 0x00, 0x85, 0x26, 0x00, 0x00, 0xFF, 0x00, 0xFF, 
0xFF, 0xFF, 0xFF, 0xFF, 0xFF, 0x00, 0x00, 0x00, 0x00, 0xFF, 0x00, 0x00, 0x00, 0x00, 0x00, 0xFF, 
0x00, 0x00, 0x00, 0x00, 0x00, 0xFF, 0x00, 0x00, 0x00, 0xA5, 0xFF, 0xFF, 0xC7, 0x00, 0x27, 0xE7, 
0x11, 0x00, 0x00, 0x00, 0xA5, 0x5C, 0x00, 0x00, 0x00, 0x26, 0xFC, 0xC9, 0x7E, 0x0D, 0x00, 0x00, 
0x08, 0x11, 0x72, 0xE0, 0x25, 0x00, 0x00, 0x00, 0x00, 0x77, 0xBC, 0x00, 0x00, 0x00, 0x00, 0x05, 
0xED, 0x00, 0x00, 0x00, 0x00, 0x0C, 0xD1, 0x00, 0x1F, 0x00, 0x18, 0xAC, 0x4C, 0x00, 0xBE, 0xDA, 
0xD1, 0x4C, 0x00, 0x00, 0x00, 0x38, 0xC2, 0xF9, 0x00, 0x46, 0xDD, 0x5E, 0x12, 0x14, 0xD0, 0x1D, 
0x00, 0x00, 0x80, 0xB3, 0xE8, 0xFA, 0x50, 0xCE, 0x49, 0x03, 0x52, 0xFA, 0xF4, 0x00, 0x00, 0x00, 
0xFF, 0xFF, 0x00, 0x00, 0x00, 0xFF, 0xFF, 0x00, 0x00, 0x00, 0xFF, 0xFA, 0x51, 0x00, 0x50, 0xFA, 
0x52, 0xFA, 0xFF, 0xFA, 0x51, 0x3D, 0xFF, 0xFF, 0xFF, 0xFF, 0xFF, 0x07, 0x75, 0x1C, 0x00, 0x00, 
0x2A, 0xD2, 0x00, 0x08, 0x00, 0x00, 0x00, 0x7F, 0x7D, 0x00, 0x00, 0x00, 0x00, 0x00, 0xD4, 0x28, 
0x00, 0x00, 0x00, 0x00, 0x29, 0xD3, 0x00, 0x00, 0x00, 0x00, 0x00, 0x7E, 0x7E, 0x00, 0x00, 0x00, 
0x00, 0x00, 0xD3, 0x29, 0x00, 0x00, 0x00, 0x00, 0x28, 0xD4, 0x00, 0x00, 0x00, 0x00, 0x00, 0x7D, 
0x7F, 0x00, 0x00, 0x00, 0x00, 0x00, 0xD2, 0x2A, 0x00, 0x00, 0x00, 0x51, 0xFA, 0xFF, 0xFA, 0x50, 
0xFA, 0x50, 0x00, 0x52, 0xFA, 0xF0, 0x12, 0x00, 0x0A, 0xEE, 0x55, 0xA2, 0x04, 0x65, 0x6D, 0x00, 
0x86, 0xCE, 0x65, 0x00, 0x04, 0x95, 0xA0, 0xCD, 0x14, 0x8F, 0x41, 0x00, 0x6B, 0xAC, 0xF4, 0x04, 
0x00, 0x19, 0xF7, 0xFA, 0x51, 0x00, 0x50, 0xFA, 0x52, 0xFA, 0xFF, 0xFA, 0x51, 0x51, 0xFA, 0xFF, 
0xFA, 0x50, 0xFA, 0x50, 0x00, 0x52, 0xFA, 0xFF, 0x00, 0x00, 0x00, 0xFF, 0xFF, 0x00, 0x00, 0x00, 
0xFF, 0xFF, 0x00, 0x00, 0x00, 0xF1, 0xFA, 0x51, 0x04, 0x49, 0xCD, 0x52, 0xFA, 0xE8, 0x97, 0x7C, 
0x00, 0x00, 0x00, 0x9D, 0x11, 0x11, 0x3D, 0xAB, 0x43, 0x00, 0xF6, 0xBE, 0x35, 0x00, 0x00, 0xB4, 
0x00, 0x00, 0x00, 0x00, 0x00, 0xB4, 0x00, 0x00, 0x00, 0x00, 0x3F, 0xBF, 0x00, 0x00, 0x3F, 0xBF, 
0xC0, 0x40, 0x3F, 0xBF, 0xC0, 0x40, 0x00, 0x00, 0xFF, 0x7F, 0x00, 0x00, 0x00, 0x00, 0x40, 0xC0, 
0xBF, 0x3F, 0x00, 0x00, 0x00, 0x00, 0x40, 0xC0, 0xBF, 0x3F, 0x00, 0x00, 0x00, 0x00, 0x40, 0xC0, 
0xFF, 0xFF, 0xFF, 0xFF, 0xFF, 0xFF, 0xFF, 0xFF, 0x00, 0x00, 0x00, 0x00, 0x00, 0x00, 0x00, 0x00, 
0xFF, 0xFF, 0xFF, 0xFF, 0xFF, 0xFF, 0xFF, 0xFF, 0xBF, 0x3F, 0x00, 0x00, 0x00, 0x00, 0x40, 0xC0, 
0xBF, 0x3F, 0x00, 0x00, 0x00, 0x00, 0x40, 0xC0, 0xBF, 0x3F, 0x00, 0x00, 0x00, 0x00, 0x80, 0xFF, 
0x00, 0x00, 0x3F, 0xBF, 0xC0, 0x40, 0x3F, 0xBF, 0xC0, 0x40, 0x00, 0x00, 0xC0, 0x40, 0x00, 0x00, 
0x00, 0x00, 0x7B, 0xFF, 0xFF, 0xFA, 0x50, 0xE3, 0x1E, 0x00, 0x52, 0xFA, 0xBB, 0x00, 0x00, 0x05, 
0xED, 0x00, 0x00, 0x00, 0x49, 0x9E, 0x00, 0x00, 0x00, 0xB3, 0x15, 0x00, 0x00, 0x39, 0x50, 0x00, 
0x00, 0x00, 0x7C, 0x00, 0x00, 0x00, 0x00, 0xCE, 0x00, 0x00, 0x00, 0x00, 0x00, 0x00, 0x00, 0x00, 
0x00, 0xB4, 0x00, 0x00, 0x00, 0x00, 0x00, 0x51, 0xFA, 0xFF, 0xFF, 0xFF, 0xFF, 0xFA, 0x50, 0x00, 
0x00, 0x00, 0x00, 0x51, 0xF5, 0x51, 0x00, 0x00, 0x00, 0x00, 0x52, 0xF5, 0x50, 0x00, 0x00, 0x51, 
0xF5, 0x51, 0x51, 0xFA, 0xFF, 0x99, 0x31, 0x82, 0x52, 0xFA, 0x00, 0x51, 0xF5, 0x51, 0x51, 0xF5, 
0x51, 0x00, 0x38, 0xEB, 0x72, 0x00, 0xFF, 0x00, 0xFA, 0x50, 0x00, 0xFA, 0x50, 0x00, 0x00, 0x08, 
0xFF, 0x26, 0x00, 0xFF, 0x00, 0xFF, 0x00, 0x00, 0xFF, 0x00, 0x00, 0x00, 0x27, 0xDA, 0x00, 0x00, 
0xFF, 0x00, 0xFF, 0x00, 0x00, 0xFF, 0x00, 0x00, 0x00, 0x78, 0x8A, 0x00, 0x00, 0xFF, 0x00, 0xFF, 
0x00, 0x00, 0xFF, 0x00, 0x00, 0x25, 0xF3, 0x3C, 0x00, 0x51, 0xFA, 0x00, 0xFA, 0x50, 0x00, 0xFA, 
0x51, 0x33, 0x6E, 0xF1, 0x57, 0x50, 0xF5, 0x51, 0x00, 0x52, 0xF5, 0x50, 0x52, 0xED, 0x82, 0x01, 
0x52, 0xFA, 0xFA, 0x51, 0x24, 0x8E, 0x00, 0x52, 0xF5, 0x50, 0x00, 0x00, 0x00, 0x00, 0x00, 0x00, 
0x24, 0x83, 0x02, 0x00, 0x00, 0x52, 0xF5, 0x50, 0x00, 0x00, 0x00, 0x00, 0x23, 0x7D, 0x01, 0x00, 
0x00, 0x00, 0x00, 0x52, 0xFA, 0xFF, 0xFF, 0xFF, 0xFF, 0x92, 0x01, 0x00, 0x00, 0x00, 0x00, 0x00, 
0x00, 0x07, 0xE7, 0x13, 0x00, 0x00, 0x00, 0x00, 0x00, 0x00, 0x00, 0x00, 0x58, 0xDB, 0x6E, 0x00, 
0x00, 0x00, 0x00, 0x00, 0x00, 0x00, 0x00, 0xBB, 0x3B, 0xC4, 0x00, 0x00, 0x00, 0x00, 0x00, 0x00, 
0x00, 0x20, 0xCC, 0x00, 0xA8, 0x31, 0x00, 0x00, 0x00, 0x00, 0x00, 0x00, 0x81, 0x6B, 0x00, 0x52, 
0x93, 0x00, 0x00, 0x00, 0x00, 0x00, 0x02, 0xD9, 0x11, 0x00, 0x08, 0xE0, 0x07, 0x00, 0x00, 0x00, 
0x00, 0x47, 0xFF, 0xFF, 0xFF, 0xFF, 0xFF, 0x56, 0x00, 0x00, 0x00, 0x00, 0xAA, 0x4D, 0x00, 0x00, 
0x00, 0x43, 0xB8, 0x00, 0x00, 0x03, 0x51, 0xE9, 0x0C, 0x00, 0x00, 0x00, 0x07, 0xE1, 0x55, 0x01, 
0x74, 0xFF, 0xFF, 0xD8, 0x00, 0x00, 0x00, 0xAC, 0xFF, 0xFF, 0x67, 0xFF, 0xFF, 0xFF, 0xFF, 0xFA, 
0x50, 0x00, 0x21, 0xFF, 0x0F, 0x00, 0x52, 0xFA, 0x00, 0x00, 0xFF, 0x00, 0x00, 0x00, 0xFF, 0x00, 
0x00, 0xFF, 0x07, 0x00, 0x50, 0xF6, 0x00, 0x00, 0xFF, 0xFF, 0xFF, 0xFF, 0xC6, 0x3D, 0x00, 0xFF, 
0x05, 0x00, 0x00, 0x52, 0xF9, 0x00, 0xFF, 0x00, 0x00, 0x00, 0x00, 0xFF, 0x00, 0xFF, 0x00, 0x00, 
0x00, 0x00, 0xFF, 0x1D, 0xFF, 0x20, 0x04, 0x00, 0x50, 0xFA, 0xFF, 0xFF, 0xFF, 0xFF, 0xFF, 0xFA, 
0x51, 0x00, 0x51, 0xFA, 0xFC, 0xBA, 0x42, 0xFF, 0x51, 0xF5, 0x51, 0x03, 0x36, 0xD9, 0xFF, 0xFA, 
0x50, 0x00, 0x00, 0x00, 0x38, 0xFF, 0xFF, 0x00, 0x00, 0x00, 0x00, 0x00, 0x00, 0xFF, 0x00, 0x00, 
0x00, 0x00, 0x00, 0x00, 0xFF, 0x00, 0x00, 0x00, 0x00, 0x00, 0x00, 0xFF, 0x00, 0x00, 0x00, 0x00, 
0x00, 0x00, 0xFA, 0x50, 0x00, 0x00, 0x00, 0x4C, 0xC3, 0x52, 0xF5, 0x50, 0x02, 0x3B, 0xE6, 0x3F, 
0x00, 0x52, 0xFA, 0xFE, 0xDC, 0x57, 0x00, 0xFF, 0xFF, 0xFF, 0xFF, 0xFF, 0xFA, 0x50, 0x00, 0x00, 
0x21, 0xFF, 0x21, 0x06, 0x00, 0x52, 0xF5, 0x50, 0x00, 0x00, 0xFF, 0x00, 0x00, 0x00, 0x00, 0x52, 
0xF5, 0x50, 0x00, 0xFF, 0x00, 0x00, 0x00, 0x00, 0x00, 0x52, 0xFA, 0x00, 0xFF, 0x00, 0x00, 0x00, 
0x00, 0x00, 0x00, 0xFF, 0x00, 0xFF, 0x00, 0x00, 0x00, 0x00, 0x00, 0x00, 0xFF, 0x00, 0xFF, 0x00, 
0x00, 0x00, 0x00, 0x00, 0x51, 0xFA, 0x00, 0xFF, 0x00, 0x00, 0x00, 0x00, 0x51, 0xF5, 0x51, 0x1B, 
0xFF, 0x1C, 0x03, 0x00, 0x50, 0xF5, 0x51, 0x00, 0xFF, 0xFF, 0xFF, 0xFF, 0xFF, 0xFA, 0x51, 0x00, 
0x00, 0xFF, 0xFF, 0xFF, 0xFF, 0xFF, 0xFF, 0xFF, 0x00, 0x1A, 0xFF, 0x00, 0x00, 0x01, 0x4A, 0xFF, 
0x00, 0x00, 0xFF, 0x00, 0x00, 0x00, 0x00, 0x00, 0x00, 0x00, 0xFF, 0x00, 0x29, 0xFF, 0x00, 0x00, 
0x00, 0x00, 0xFF, 0xFF, 0xFF, 0xFF, 0x00, 0x00, 0x00, 0x00, 0xFF, 0x00, 0x2E, 0xFF, 0x00, 0x00, 
0x00, 0x00, 0xFF, 0x00, 0x00, 0x00, 0x00, 0x00, 0x00, 0x00, 0xFF, 0x00, 0x00, 0x00, 0x00, 0x00, 
0x00, 0x1C, 0xFF, 0x13, 0x00, 0x01, 0x1A, 0x84, 0xC5, 0xFF, 0xFF, 0xFF, 0xFF, 0xFF, 0xFF, 0xFF, 
0x51, 0xFF, 0xFF, 0xFF, 0xFF, 0xFF, 0xFF, 0xFF, 0x1C, 0xFF, 0x00, 0x00, 0x01, 0x0F, 0xEE, 0x00, 
0xFF, 0x00, 0x00, 0x00, 0x00, 0x00, 0x00, 0xFF, 0x00, 0x22, 0xFF, 0x00, 0x00, 0x00, 0xFF, 0xFF, 
0xFF, 0xFF, 0x00, 0x00, 0x00, 0xFF, 0x00, 0x3C, 0xFF, 0x00, 0x00, 0x00, 0xFF, 0x00, 0x00, 0x00, 
0x00, 0x00, 0x00, 0xFF, 0x00, 0x00, 0x00, 0x00, 0x00, 0x21, 0xFF, 0x1C, 0x00, 0x00, 0x00, 0x00, 
0xFF, 0xFF, 0xFF, 0x00, 0x00, 0x00, 0x00, 0x00, 0x51, 0xFA, 0xFE, 0xCA, 0x3F, 0xFF, 0x00, 0x51, 
0xF5, 0x51, 0x02, 0x33, 0xD5, 0xFF, 0x00, 0xFA, 0x50, 0x00, 0x00, 0x00, 0x36, 0xFF, 0x00, 0xFF, 
0x00, 0x00, 0x00, 0x00, 0x00, 0x00, 0x00, 0xFF, 0x00, 0x00, 0x00, 0x00, 0x00, 0x00, 0x00, 0xFF, 
0x00, 0x00, 0x00, 0x00, 0xFF, 0xFF, 0xFF, 0xFF, 0x00, 0x00, 0x00, 0x00, 0x20, 0xFF, 0x1F, 0xFA, 
0x50, 0x00, 0x00, 0x00, 0x00, 0xFF, 0x00, 0x52, 0xF5, 0x50, 0x00, 0x00, 0x50, 0xFA, 0x00, 0x00, 
0x52, 0xFA, 0xFF, 0xFF, 0xFA, 0x51, 0x00, 0xFF, 0xFF, 0xFF, 0x00, 0x00, 0x00, 0xFF, 0xFF, 0xFF, 
0x1C, 0xFF, 0x1C, 0x00, 0x00, 0x00, 0x1C, 0xFF, 0x1C, 0x00, 0xFF, 0x00, 0x00, 0x00, 0x00, 0x00, 
0xFF, 0x00, 0x00, 0xFF, 0x00, 0x00, 0x00, 0x00, 0x00, 0xFF, 0x00, 0x00, 0xFF, 0xFF, 0xFF, 0xFF, 
0xFF, 0xFF, 0xFF, 0x00, 0x00, 0xFF, 0x00, 0x00, 0x00, 0x00, 0x00, 0xFF, 0x00, 0x00, 0xFF, 0x00, 
0x00, 0x00, 0x00, 0x00, 0xFF, 0x00, 0x00, 0xFF, 0x00, 0x00, 0x00, 0x00, 0x00, 0xFF, 0x00, 0x21, 
0xFF, 0x1C, 0x00, 0x00, 0x00, 0x21, 0xFF, 0x1C, 0xFF, 0xFF, 0xFF, 0x00, 0x00, 0x00, 0xFF, 0xFF, 
0xFF, 0xFF, 0xFF, 0xFF, 0x1C, 0xFF, 0x21, 0x00, 0xFF, 0x00, 0x00, 0xFF, 0x00, 0x00, 0xFF, 0x00, 
0x00, 0xFF, 0x00, 0x00, 0xFF, 0x00, 0x00, 0xFF, 0x00, 0x21, 0xFF, 0x1C, 0xFF, 0xFF, 0xFF, 0x00, 
0x00, 0xFF, 0xFF, 0xFF, 0x00, 0x00, 0x1C, 0xFF, 0x21, 0x00, 0x00, 0x00, 0xFF, 0x00, 0x00, 0x00, 
0x00, 0xFF, 0x00, 0x00, 0x00, 0x00, 0xFF, 0x00, 0x00, 0x00, 0x00, 0xFF, 0x00, 0x00, 0x00, 0x00, 
0xFF, 0x00, 0x00, 0x00, 0x00, 0xFF, 0x00, 0x88, 0x12, 0x50, 0xFA, 0x00, 0xC3, 0xFE, 0xFA, 0x51, 
0x00, 0xFF, 0xFF, 0xFF, 0x00, 0x00, 0xE8, 0xFF, 0xFF, 0xAC, 0x1C, 0xFF, 0x1C, 0x00, 0x00, 0x39, 
0xF7, 0x6A, 0x08, 0x00, 0xFF, 0x00, 0x00, 0x26, 0xC5, 0x39, 0x00, 0x00, 0x00, 0xFF, 0x00, 0x50, 
0xC7, 0x21, 0x00, 0x00, 0x00, 0x00, 0xFF, 0x8A, 0xBA, 0x10, 0x00, 0x00, 0x00, 0x00, 0x00, 0xFF, 
0x69, 0xB7, 0x12, 0x00, 0x00, 0x00, 0x00, 0x00, 0xFF, 0x00, 0x40, 0xC7, 0x2A, 0x00, 0x00, 0x00, 
0x00, 0xFF, 0x00, 0x00, 0x20, 0xC3, 0x4B, 0x00, 0x00, 0x21, 0xFF, 0x1D, 0x00, 0x00, 0x24, 0xFD, 
0x73, 0x10, 0xFF, 0xFF, 0xFF, 0x00, 0x00, 0xB8, 0xFF, 0xFF, 0xFF, 0xFF, 0xFF, 0xFF, 0x00, 0x00, 
0x00, 0x00, 0x00, 0x21, 0xFF, 0x1B, 0x00, 0x00, 0x00, 0x00, 0x00, 0x00, 0xFF, 0x00, 0x00, 0x00, 
0x00, 0x00, 0x00, 0x00, 0xFF, 0x00, 0x00, 0x00, 0x00, 0x00, 0x00, 0x00, 0xFF, 0x00, 0x00, 0x00, 
0x00, 0x00, 0x00, 0x00, 0xFF, 0x00, 0x00, 0x00, 0x00, 0x00, 0x00, 0x00, 0xFF, 0x00, 0x00, 0x00, 
0x00, 0x00, 0x00, 0x00, 0xFF, 0x00, 0x00, 0x00, 0x00, 0x3C, 0xCC, 0x1C, 0xFF, 0x1D, 0x00, 0x04, 
0x35, 0xDB, 0x73, 0xFF, 0xFF, 0xFF, 0xFF, 0xFF, 0xFF, 0xFA, 0x16, 0xFF, 0xFF, 0xB6, 0x00, 0x00, 
0x00, 0x00, 0x00, 0x00, 0x9F, 0xFF, 0xFF, 0x2A, 0xFF, 0xF3, 0x2D, 0x00, 0x00, 0x00, 0x00, 0x0A, 
0xEA, 0xFF, 0x1B, 0x00, 0xFF, 0x8C, 0xA1, 0x00, 0x00, 0x00, 0x00, 0x5B, 0xA9, 0xFF, 0x00, 0x00, 
0xFF, 0x42, 0xC7, 0x1C, 0x00, 0x00, 0x00, 0xB7, 0x4D, 0xFF, 0x00, 0x00, 0xFF, 0x33, 0x5E, 0x8C, 
0x00, 0x00, 0x19, 0xC7, 0x23, 0xFF, 0x00, 0x00, 0xFF, 0x24, 0x06, 0xDB, 0x0F, 0x00, 0x74, 0x77, 
0x19, 0xFF, 0x00, 0x00, 0xFF, 0x15, 0x00, 0x82, 0x77, 0x00, 0xD1, 0x24, 0x0F, 0xFF, 0x00, 0x00, 
0xFF, 0x07, 0x00, 0x19, 0xE0, 0x36, 0xD0, 0x00, 0x05, 0xFF, 0x00, 0x1B, 0xFF, 0x21, 0x00, 0x00, 
0xA6, 0xDC, 0x7D, 0x00, 0x1B, 0xFF, 0x21, 0xFF, 0xFF, 0xFF, 0x00, 0x00, 0x37, 0xFF, 0x29, 0x00, 
0xFF, 0xFF, 0xFF, 0x57, 0xFC, 0x89, 0x00, 0x00, 0x00, 0x00, 0x00, 0xFF, 0xFF, 0xFF, 0x00, 0x00, 
0xFF, 0x6D, 0x00, 0x00, 0x00, 0x00, 0x21, 0xFF, 0x1B, 0x00, 0x00, 0xFF, 0xB6, 0x53, 0x00, 0x00, 
0x00, 0x00, 0xFF, 0x00, 0x00, 0x00, 0xFF, 0x0D, 0xC7, 0x3C, 0x00, 0x00, 0x00, 0xFF, 0x00, 0x00, 
0x00, 0xFF, 0x00, 0x1A, 0xD0, 0x29, 0x00, 0x00, 0xFF, 0x00, 0x00, 0x00, 0xFF, 0x00, 0x00, 0x2C, 
0xD1, 0x1A, 0x00, 0xFF, 0x00, 0x00, 0x00, 0xFF, 0x00, 0x00, 0x00, 0x42, 0xCA, 0x0E, 0xFF, 0x00, 
0x00, 0x00, 0xFF, 0x00, 0x00, 0x00, 0x00, 0x5C, 0xBB, 0xFF, 0x00, 0x00, 0x1B, 0xFF, 0x21, 0x00, 
0x00, 0x00, 0x00, 0x7C, 0xFF, 0x00, 0x00, 0xFF, 0xFF, 0xFF, 0x00, 0x00, 0x00, 0x00, 0x00, 0x9B, 
0x00, 0x00, 0x00, 0x00, 0x00, 0x00, 0x00, 0x00, 0x00, 0x00, 0x04, 0x00, 0x00, 0x51, 0xFA, 0xFF, 
0xFF, 0xFA, 0x50, 0x00, 0x51, 0xF5, 0x51, 0x00, 0x00, 0x52, 0xF5, 0x50, 0xFA, 0x50, 0x00, 0x00, 
0x00, 0x00, 0x52, 0xFA, 0xFF, 0x00, 0x00, 0x00, 0x00, 0x00, 0x00, 0xFF, 0xFF, 0x00, 0x00, 0x00, 
0x00, 0x00, 0x00, 0xFF, 0xFF, 0x00, 0x00, 0x00, 0x00, 0x00, 0x00, 0xFF, 0xFF, 0x00, 0x00, 0x00, 
0x00, 0x00, 0x00, 0xFF, 0xFA, 0x50, 0x00, 0x00, 0x00, 0x00, 0x51, 0xFA, 0x52, 0xF5, 0x50, 0x00, 
0x00, 0x50, 0xF5, 0x51, 0x00, 0x52, 0xFA, 0xFF, 0xFF, 0xFA, 0x51, 0x00, 0xFF, 0xFF, 0xFF, 0xFF, 
0xFF, 0xFA, 0x50, 0x21, 0xFF, 0x0F, 0x00, 0x00, 0x52, 0xFA, 0x00, 0xFF, 0x00, 0x00, 0x00, 0x00, 
0xFF, 0x00, 0xFF, 0x00, 0x00, 0x00, 0x00, 0xFF, 0x00, 0xFF, 0x51, 0x00, 0x00, 0x50, 0xFA, 0x00, 
0xFF, 0xFA, 0xFF, 0xFF, 0xFA, 0x51, 0x00, 0xFF, 0x00, 0x00, 0x00, 0x00, 0x00, 0x00, 0xFF, 0x00, 
0x00, 0x00, 0x00, 0x00, 0x1C, 0xFF, 0x20, 0x00, 0x00, 0x00, 0x00, 0xFF, 0xFF, 0xFF, 0x00, 0x00, 
0x00, 0x00, 0x00, 0x51, 0xFA, 0xFF, 0xFF, 0xFA, 0x50, 0x00, 0x51, 0xF5, 0x51, 0x00, 0x00, 0x52, 
0xF5, 0x50, 0xFA, 0x50, 0x00, 0x00, 0x00, 0x00, 0x52, 0xFA, 0xFF, 0x00, 0x00, 0x00, 0x00, 0x00, 
0x00, 0xFF, 0xFF, 0x00, 0x00, 0x00, 0x00, 0x00, 0x00, 0xFF, 0xFF, 0x00, 0x00, 0x00, 0x00, 0x00, 
0x00, 0xFF, 0xFF, 0x00, 0x00, 0x00, 0x00, 0x00, 0x00, 0xFF, 0xFA, 0x50, 0x00, 0x00, 0x00, 0x00, 
0x51, 0xFA, 0x52, 0xF5, 0x50, 0x00, 0x00, 0x50, 0xF5, 0x51, 0x00, 0x52, 0xFA, 0xFF, 0xFF, 0xFA, 
0x51, 0x00, 0x00, 0x00, 0x00, 0x78, 0xFF, 0x55, 0x00, 0x00, 0x00, 0x00, 0x00, 0x00, 0x65, 0xF2, 
0x72, 0x17, 0x00, 0x00, 0x00, 0x00, 0x00, 0x2F, 0xA9, 0xED, 0xFF, 0xFF, 0xFF, 0xFF, 0xFF, 0xFA, 
0x50, 0x00, 0x00, 0x00, 0x21, 0xFF, 0x00, 0x00, 0x00, 0x52, 0xFA, 0x00, 0x00, 0x00, 0x00, 0xFF, 
0x00, 0x00, 0x00, 0x00, 0xFF, 0x00, 0x00, 0x00, 0x00, 0xFF, 0x00, 0x00, 0x00, 0x50, 0xF9, 0x00, 
0x00, 0x00, 0x00, 0xFF, 0xFF, 0xFF, 0xF4, 0xC7, 0x3C, 0x00, 0x00, 0x00, 0x00, 0xFF, 0x00, 0x30, 
0xF5, 0x2C, 0x00, 0x00, 0x00, 0x00, 0x00, 0xFF, 0x00, 0x00, 0x7F, 0xC5, 0x01, 0x00, 0x00, 0x00, 
0x00, 0xFF, 0x00, 0x00, 0x05, 0xCF, 0x67, 0x00, 0x00, 0x00, 0x1C, 0xFF, 0x20, 0x00, 0x00, 0x2F, 
0xEB, 0x65, 0x15, 0x00, 0xFF, 0xFF, 0xFF, 0x00, 0x00, 0x00, 0x7E, 0xFF, 0xFF, 0x40, 0x51, 0xFA, 
0xFA, 0xAB, 0x33, 0xFF, 0xFA, 0x50, 0x05, 0x37, 0xC8, 0xFF, 0xFF, 0x06, 0x00, 0x00, 0x26, 0xFF, 
0xC1, 0x91, 0x15, 0x00, 0x00, 0x00, 0x0A, 0x9C, 0xE4, 0x6F, 0x1E, 0x00, 0x00, 0x00, 0x10, 0x69, 
0xEA, 0x71, 0x00, 0x00, 0x00, 0x00, 0x26, 0xFF, 0xFF, 0x26, 0x00, 0x00, 0x00, 0xFF, 0xFF, 0xC0, 
0x32, 0x04, 0x50, 0xFA, 0xFF, 0x30, 0xAC, 0xFA, 0xFA, 0x51, 0xFF, 0xFF, 0xFF, 0xFF, 0xFF, 0xFF, 
0xFF, 0xFF, 0x55, 0x00, 0xFF, 0x00, 0x5D, 0xFF, 0x38, 0x01, 0x00, 0xFF, 0x00, 0x02, 0x38, 0x00, 
0x00, 0x00, 0xFF, 0x00, 0x00, 0x00, 0x00, 0x00, 0x00, 0xFF, 0x00, 0x00, 0x00, 0x00, 0x00, 0x00, 
0xFF, 0x00, 0x00, 0x00, 0x00, 0x00, 0x00, 0xFF, 0x00, 0x00, 0x00, 0x00, 0x00, 0x00, 0xFF, 0x00, 
0x00, 0x00, 0x00, 0x00, 0x1B, 0xFF, 0x21, 0x00, 0x00, 0x00, 0x00, 0xFF, 0xFF, 0xFF, 0x00, 0x00, 
0xFF, 0xFF, 0xFF, 0x00, 0x00, 0x00, 0xFF, 0xFF, 0xFF, 0x22, 0xFF, 0x1D, 0x00, 0x00, 0x00, 0x21, 
0xFF, 0x1F, 0x00, 0xFF, 0x00, 0x00, 0x00, 0x00, 0x00, 0xFF, 0x00, 0x00, 0xFF, 0x00, 0x00, 0x00, 
0x00, 0x00, 0xFF, 0x00, 0x00, 0xFF, 0x00, 0x00, 0x00, 0x00, 0x00, 0xFF, 0x00, 0x00, 0xFF, 0x00, 
0x00, 0x00, 0x00, 0x00, 0xFF, 0x00, 0x00, 0xFF, 0x00, 0x00, 0x00, 0x00, 0x00, 0xFF, 0x00, 0x00, 
0xFA, 0x50, 0x00, 0x00, 0x00, 0x51, 0xFA, 0x00, 0x00, 0x52, 0xF5, 0x50, 0x00, 0x50, 0xF5, 0x51, 
0x00, 0x00, 0x00, 0x52, 0xFA, 0xFF, 0xFA, 0x51, 0x00, 0x00, 0x29, 0xEE, 0xFF, 0xB8, 0x00, 0x00, 
0x00, 0xA8, 0xFF, 0xEF, 0x34, 0x0A, 0x5F, 0xCF, 0x0C, 0x00, 0x00, 0x00, 0x0F, 0xD4, 0x7E, 0x0B, 
0x00, 0x01, 0xC3, 0x17, 0x00, 0x00, 0x00, 0x07, 0xD6, 0x0C, 0x00, 0x00, 0x00, 0x61, 0x87, 0x00, 
0x00, 0x00, 0x52, 0x7E, 0x00, 0x00, 0x00, 0x00, 0x07, 0xD6, 0x0A, 0x00, 0x00, 0x9C, 0x11, 0x00, 
0x00, 0x00, 0x00, 0x00, 0x7E, 0x69, 0x00, 0x0B, 0x7D, 0x00, 0x00, 0x00, 0x00, 0x00, 0x00, 0x15, 
0xD0, 0x01, 0x4E, 0x17, 0x00, 0x00, 0x00, 0x00, 0x00, 0x00, 0x00, 0x9B, 0x4B, 0x41, 0x00, 0x00, 
0x00, 0x00, 0x00, 0x00, 0x00, 0x00, 0x2B, 0xBF, 0x15, 0x00, 0x00, 0x00, 0x00, 0x00, 0x00, 0x00, 
0x00, 0x00, 0x56, 0x00, 0x00, 0x00, 0x00, 0x00, 0x70, 0xFF, 0xFF, 0x9C, 0x00, 0x6C, 0xFF, 0xFF, 
0xF8, 0x00, 0x00, 0xB8, 0xFF, 0xFF, 0x74, 0x04, 0x81, 0xCD, 0x08, 0x00, 0x02, 0x77, 0xFF, 0x1F, 
0x00, 0x00, 0x09, 0xD4, 0x70, 0x05, 0x00, 0x07, 0xD7, 0x06, 0x00, 0x00, 0x05, 0xF3, 0x1A, 0x00, 
0x00, 0x4B, 0xAE, 0x00, 0x00, 0x00, 0x00, 0xAA, 0x45, 0x00, 0x00, 0x29, 0xD2, 0x51, 0x00, 0x00, 
0xC4, 0x39, 0x00, 0x00, 0x00, 0x00, 0x6A, 0x89, 0x00, 0x00, 0x70, 0x56, 0x91, 0x00, 0x1D, 0xDD, 
0x00, 0x00, 0x00, 0x00, 0x00, 0x2A, 0xCD, 0x00, 0x03, 0x70, 0x17, 0xD0, 0x00, 0x74, 0x86, 0x00, 
0x00, 0x00, 0x00, 0x00, 0x00, 0xE6, 0x13, 0x4A, 0x2B, 0x00, 0xDB, 0x13, 0xCC, 0x2D, 0x00, 0x00, 
0x00, 0x00, 0x00, 0x00, 0xA9, 0x56, 0x76, 0x00, 0x00, 0xA3, 0x75, 0xD3, 0x00, 0x00, 0x00, 0x00, 
0x00, 0x00, 0x00, 0x69, 0xAC, 0x64, 0x00, 0x00, 0x68, 0xF3, 0x7A, 0x00, 0x00, 0x00, 0x00, 0x00, 
0x00, 0x00, 0x28, 0xF9, 0x12, 0x00, 0x00, 0x2D, 0xFF, 0x21, 0x00, 0x00, 0x00, 0x00, 0x78, 0xFF, 
0xFF, 0xFF, 0x58, 0x00, 0x78, 0xFF, 0xFF, 0xFF, 0x30, 0x04, 0x41, 0xE4, 0x88, 0x02, 0x00, 0x01, 
0x95, 0xDC, 0x35, 0x00, 0x00, 0x00, 0x2E, 0xBA, 0x04, 0x00, 0x1A, 0xDA, 0x28, 0x00, 0x00, 0x00, 
0x00, 0x00, 0x4A, 0x8C, 0x06, 0xC4, 0x48, 0x00, 0x00, 0x00, 0x00, 0x00, 0x00, 0x00, 0x69, 0xC9, 
0x6B, 0x00, 0x00, 0x00, 0x00, 0x00, 0x00, 0x00, 0x00, 0x3E, 0xE9, 0x31, 0x00, 0x00, 0x00, 0x00, 
0x00, 0x00, 0x00, 0x2B, 0xAE, 0x22, 0xC9, 0x13, 0x00, 0x00, 0x00, 0x00, 0x00, 0x1C, 0xC3, 0x14, 
0x00, 0x41, 0xB6, 0x04, 0x00, 0x00, 0x0F, 0x58, 0xCA, 0x30, 0x00, 0x00, 0x02, 0x98, 0xBB, 0x2B, 
0x01, 0xE8, 0xFF, 0xFF, 0x90, 0x00, 0x00, 0x70, 0xFF, 0xFF, 0xFF, 0x40, 0x74, 0xFF, 0xFF, 0xD4, 
0x00, 0x00, 0xCC, 0xFF, 0xFA, 0x45, 0x05, 0x44, 0xE2, 0x12, 0x00, 0x00, 0x10, 0xF0, 0x65, 0x07, 
0x00, 0x00, 0x94, 0x6D, 0x00, 0x00, 0x82, 0x79, 0x00, 0x00, 0x00, 0x00, 0x2A, 0xD5, 0x00, 0x47, 
0xB4, 0x01, 0x00, 0x00, 0x00, 0x00, 0x00, 0xC1, 0x5C, 0xCE, 0x13, 0x00, 0x00, 0x00, 0x00, 0x00, 
0x00, 0x58, 0xFE, 0x38, 0x00, 0x00, 0x00, 0x00, 0x00, 0x00, 0x00, 0x05, 0xFF, 0x00, 0x00, 0x00, 
0x00, 0x00, 0x00, 0x00, 0x00, 0x00, 0xFF, 0x00, 0x00, 0x00, 0x00, 0x00, 0x00, 0x00, 0x00, 0x1B, 
0xFF, 0x21, 0x00, 0x00, 0x00, 0x00, 0x00, 0x00, 0x00, 0xFF, 0xFF, 0xFF, 0x00, 0x00, 0x00, 0x00, 
0x00, 0xFF, 0xFF, 0xFF, 0xFF, 0xFF, 0xFF, 0x47, 0x00, 0xFF, 0x70, 0x03, 0x00, 0x66, 0x94, 0x00, 
0x00, 0xC4, 0x0C, 0x00, 0x23, 0xCC, 0x09, 0x00, 0x00, 0x00, 0x00, 0x03, 0xC1, 0x34, 0x00, 0x00, 
0x00, 0x00, 0x00, 0x7C, 0x7D, 0x00, 0x00, 0x00, 0x00, 0x00, 0x33, 0xC2, 0x03, 0x00, 0x00, 0x00, 
0x00, 0x09, 0xCC, 0x24, 0x00, 0x00, 0x00, 0x00, 0x00, 0x93, 0x67, 0x00, 0x00, 0x00, 0x10, 0xD0, 
0x46, 0xB3, 0x00, 0x00, 0x00, 0x03, 0x63, 0xCA, 0xE5, 0xFF, 0xFF, 0xFF, 0xFF, 0xFF, 0xFF, 0xA3, 
0xFF, 0xFF, 0xFF, 0xFF, 0x00, 0x00, 0xFF, 0x00, 0x00, 0xFF, 0x00, 0x00, 0xFF, 0x00, 0x00, 0xFF, 
0x00, 0x00, 0xFF, 0x00, 0x00, 0xFF, 0x00, 0x00, 0xFF, 0x00, 0x00, 0xFF, 0x00, 0x00, 0xFF, 0x00, 
0x00, 0xFF, 0x00, 0x00, 0xFF, 0xFF, 0xFF, 0xDA, 0x26, 0x00, 0x00, 0x8D, 0x72, 0x00, 0x00, 0x40, 
0xBF, 0x00, 0x00, 0x04, 0xEA, 0x10, 0x00, 0x00, 0xA7, 0x59, 0x00, 0x00, 0x5A, 0xA5, 0x00, 0x00, 
0x11, 0xEA, 0x04, 0x00, 0x00, 0xC0, 0x3F, 0x00, 0x00, 0x73, 0x8C, 0x00, 0x00, 0x26, 0xD9, 0xFF, 
0xFF, 0xFF, 0x00, 0x00, 0xFF, 0x00, 0x00, 0xFF, 0x00, 0x00, 0xFF, 0x00, 0x00, 0xFF, 0x00, 0x00, 
0xFF, 0x00, 0x00, 0xFF, 0x00, 0x00, 0xFF, 0x00, 0x00, 0xFF, 0x00, 0x00, 0xFF, 0x00, 0x00, 0xFF, 
0x00, 0x00, 0xFF, 0xFF, 0xFF, 0xFF, 0x00, 0x00, 0x39, 0xC4, 0xC5, 0x39, 0x00, 0x00, 0x00, 0x00, 
0xAD, 0x51, 0x51, 0xAC, 0x00, 0x00, 0x00, 0x22, 0xD9, 0x02, 0x02, 0xD8, 0x22, 0x00, 0x00, 0x93, 
0x6B, 0x00, 0x00, 0x6A, 0x92, 0x00, 0x11, 0xE2, 0x0B, 0x00, 0x00, 0x09, 0xE0, 0x11, 0xFF, 0xFF, 
0xFF, 0xFF, 0xFF, 0xFF, 0xFF, 0x8E, 0x3F, 0x01, 0x68, 0x52, 0xFB, 0xFF, 0xFA, 0x50, 0x00, 0xDA, 
0x4E, 0x00, 0x52, 0xFA, 0x00, 0x00, 0x00, 0x00, 0x00, 0xFF, 0x00, 0x51, 0xFA, 0xFF, 0xFF, 0xFF, 
0x00, 0xFA, 0x50, 0x00, 0x00, 0xFF, 0x00, 0xFA, 0x51, 0x0A, 0x43, 0xFF, 0x0B, 0x52, 0xF8, 0xCD, 
0x39, 0xD6, 0x83, 0x4A, 0xD9, 0x00, 0x00, 0x00, 0x00, 0xE9, 0xFF, 0x00, 0x00, 0x00, 0x00, 0x08, 
0xFF, 0x00, 0x00, 0x00, 0x00, 0x00, 0xFF, 0x56, 0xED, 0xFA, 0x50, 0x00, 0xFF, 0x4D, 0x03, 0x52, 
0xFA, 0x00, 0xFF, 0x00, 0x00, 0x00, 0xFF, 0x00, 0xFF, 0x00, 0x00, 0x00, 0xFF, 0x00, 0xFF, 0x00, 
0x00, 0x00, 0xFF, 0x00, 0xFA, 0x51, 0x00, 0x50, 0xFA, 0x00, 0x52, 0xFA, 0xFF, 0xFA, 0x51, 0x02, 
0x81, 0xE8, 0xE7, 0x63, 0x71, 0x7B, 0x0D, 0x63, 0xD5, 0xD8, 0x10, 0x00, 0x00, 0x00, 0xF7, 0x04, 
0x00, 0x00, 0x00, 0xDE, 0x1A, 0x00, 0x00, 0x00, 0x89, 0x80, 0x08, 0x2B, 0xDB, 0x0B, 0xA6, 0xEC, 
0xC0, 0x5D, 0x00, 0x00, 0x00, 0x4A, 0xD9, 0x00, 0x00, 0x00, 0x00, 0xEA, 0xFF, 0x00, 0x00, 0x00, 
0x00, 0x08, 0xFF, 0x00, 0x51, 0xFA, 0xFC, 0x5C, 0xFF, 0x00, 0xFA, 0x50, 0x05, 0x6A, 0xFF, 0x00, 
0xFF, 0x00, 0x00, 0x0F, 0xFF, 0x00, 0xFF, 0x00, 0x00, 0x00, 0xFF, 0x00, 0xFF, 0x00, 0x00, 0x24, 
0xFF, 0x08, 0xFA, 0x51, 0x00, 0x81, 0xFF, 0xE8, 0x52, 0xFA, 0xF4, 0x5A, 0xDB, 0x4B, 0x07, 0x98, 
0xEE, 0xC8, 0x21, 0x81, 0x5E, 0x09, 0x51, 0xB1, 0xDB, 0xFF, 0xFF, 0xFF, 0xEF, 0xF7, 0x00, 0x00, 
0x00, 0x00, 0xE1, 0x00, 0x00, 0x00, 0x00, 0x8D, 0x78, 0x0E, 0x28, 0xB6, 0x0C, 0xA5, 0xF3, 0xD4, 
0x25, 0x00, 0x51, 0xFA, 0xF6, 0x81, 0x00, 0xFA, 0x51, 0x4E, 0xD5, 0x00, 0xFF, 0x00, 0x00, 0x00, 
0xFF, 0xFF, 0xFF, 0xFF, 0x00, 0x00, 0xFF, 0x00, 0x00, 0x00, 0x00, 0xFF, 0x00, 0x00, 0x00, 0x00, 
0xFF, 0x00, 0x00, 0x00, 0x00, 0xFF, 0x00, 0x00, 0x00, 0x1F, 0xFF, 0x1D, 0x00, 0x00, 0xFF, 0xFF, 
0xFF, 0x00, 0x00, 0x51, 0xFA, 0xFF, 0xFF, 0xFF, 0xF4, 0xFA, 0x50, 0x07, 0x82, 0xD1, 0x00, 0xFF, 
0x00, 0x00, 0x0B, 0xFC, 0x00, 0xF0, 0x51, 0x00, 0x50, 0xFA, 0x00, 0x7A, 0xE1, 0xF9, 0xFA, 0x51, 
0x00, 0xFF, 0x27, 0x00, 0x00, 0x00, 0x00, 0xB9, 0xFE, 0xFF, 0xFF, 0xFA, 0x4D, 0xE8, 0x50, 0x00, 
0x02, 0x59, 0xF8, 0xFA, 0x51, 0x00, 0x00, 0x50, 0xFA, 0x52, 0xFA, 0xFF, 0xFF, 0xFA, 0x51, 0x4A, 
0xD9, 0x00, 0x00, 0x00, 0x00, 0x00, 0xE9, 0xFF, 0x00, 0x00, 0x00, 0x00, 0x00, 0x08, 0xFF, 0x00, 
0x00, 0x00, 0x00, 0x00, 0x00, 0xFF, 0x23, 0xC8, 0xF9, 0x50, 0x00, 0x00, 0xFF, 0x6B, 0x14, 0x52, 
0xFA, 0x00, 0x00, 0xFF, 0x00, 0x00, 0x00, 0xFF, 0x00, 0x00, 0xFF, 0x00, 0x00, 0x00, 0xFF, 0x00, 
0x00, 0xFF, 0x00, 0x00, 0x00, 0xFF, 0x00, 0x22, 0xFF, 0x1B, 0x00, 0x19, 0xFF, 0x1E, 0xFF, 0xFF, 
0xFF, 0x00, 0xFF, 0xFF, 0xFF, 0x00, 0xB4, 0x00, 0x00, 0x00, 0x00, 0x00, 0x00, 0x00, 0x4A, 0xD9, 
0x00, 0xEB, 0xFF, 0x00, 0x09, 0xFF, 0x00, 0x00, 0xFF, 0x00, 0x00, 0xFF, 0x00, 0x1E, 0xFF, 0x1E, 
0xFF, 0xFF, 0xFF, 0x00, 0x00, 0xB4, 0x00, 0x00, 0x00, 0x00, 0x00, 0x00, 0x00, 0x49, 0xD8, 0x00, 
0xEB, 0xFF, 0x00, 0x0A, 0xFF, 0x00, 0x00, 0xFF, 0x00, 0x00, 0xFF, 0x00, 0x00, 0xFF, 0x00, 0x00, 
0xFF, 0x00, 0x00, 0xFF, 0x00, 0x50, 0xFA, 0xCC, 0xFA, 0x51, 0x4B, 0xDA, 0x00, 0x00, 0x00, 0x00, 
0x00, 0xE7, 0xFF, 0x00, 0x00, 0x00, 0x00, 0x00, 0x08, 0xFF, 0x00, 0x00, 0x00, 0x00, 0x00, 0x00, 
0xFF, 0x00, 0x00, 0xF4, 0xFF, 0xFF, 0x00, 0xFF, 0x00, 0x53, 0xDB, 0x4E, 0x08, 0x00, 0xFF, 0x6D, 
0xFD, 0x6D, 0x00, 0x00, 0x00, 0xFF, 0x5C, 0xFA, 0x6F, 0x00, 0x00, 0x00, 0xFF, 0x00, 0x45, 0xED, 
0x3B, 0x00, 0x22, 0xFF, 0x19, 0x00, 0x45, 0xB7, 0x00, 0xFF, 0xFF, 0xFF, 0x00, 0xF4, 0xE7, 0xF3, 
0x4A, 0xD9, 0x00, 0xE7, 0xFF, 0x00, 0x08, 0xFF, 0x00, 0x00, 0xFF, 0x00, 0x00, 0xFF, 0x00, 0x00, 
0xFF, 0x00, 0x00, 0xFF, 0x00, 0x00, 0xFF, 0x00, 0x1E, 0xFF, 0x1C, 0xFF, 0xFF, 0xFF, 0x49, 0xD8, 
0x1F, 0xBF, 0xF1, 0x63, 0x28, 0xCD, 0xF9, 0x50, 0x00, 0xEB, 0xFF, 0x60, 0x15, 0x54, 0xEE, 0x6C, 
0x15, 0x52, 0xFA, 0x00, 0x0A, 0xFF, 0x00, 0x00, 0x03, 0xFF, 0x00, 0x00, 0x00, 0xFF, 0x00, 0x00, 
0xFF, 0x00, 0x00, 0x00, 0xFF, 0x00, 0x00, 0x00, 0xFF, 0x00, 0x00, 0xFF, 0x00, 0x00, 0x00, 0xFF, 
0x00, 0x00, 0x00, 0xFF, 0x00, 0x1F, 0xFF, 0x1B, 0x00, 0x1B, 0xFF, 0x1B, 0x00, 0x20, 0xFF, 0x22, 
0xFF, 0xFF, 0xFF, 0x00, 0xFF, 0xFF, 0xFF, 0x00, 0xFF, 0xFF, 0xFF, 0x49, 0xD8, 0x23, 0xC7, 0xF9, 
0x50, 0x00, 0xEB, 0xFF, 0x74, 0x18, 0x52, 0xFA, 0x00, 0x08, 0xFF, 0x00, 0x00, 0x00, 0xFF, 0x00, 
0x00, 0xFF, 0x00, 0x00, 0x00, 0xFF, 0x00, 0x00, 0xFF, 0x00, 0x00, 0x00, 0xFF, 0x00, 0x20, 0xFF, 
0x1B, 0x00, 0x1B, 0xFF, 0x1D, 0xFF, 0xFF, 0xFF, 0x00, 0xFF, 0xFF, 0xFF, 0x51, 0xFA, 0xFF, 0xFA, 
0x50, 0xFA, 0x50, 0x00, 0x52, 0xFA, 0xFF, 0x00, 0x00, 0x00, 0xFF, 0xFF, 0x00, 0x00, 0x00, 0xFF, 
0xFF, 0x00, 0x00, 0x00, 0xFF, 0xFA, 0x51, 0x00, 0x50, 0xFA, 0x52, 0xFA, 0xFF, 0xFA, 0x51, 0x48, 
0xD5, 0x4A, 0xEA, 0xFA, 0x50, 0xEC, 0xFF, 0x55, 0x05, 0x52, 0xFA, 0x0B, 0xFF, 0x00, 0x00, 0x00, 
0xFF, 0x00, 0xFF, 0x00, 0x00, 0x00, 0xFF, 0x00, 0xFF, 0x03, 0x00, 0x00, 0xFF, 0x00, 0xFF, 0x8E, 
0x03, 0x50, 0xFA, 0x00, 0xFF, 0x53, 0xF7, 0xFA, 0x51, 0x00, 0xFF, 0x00, 0x00, 0x00, 0x00, 0x1A, 
0xFF, 0x19, 0x00, 0x00, 0x00, 0xFF, 0xFF, 0xFF, 0x00, 0x00, 0x00, 0x51, 0xFA, 0xFE, 0x54, 0xA6, 
0x00, 0xFA, 0x50, 0x04, 0xAB, 0xFF, 0x00, 0xFF, 0x00, 0x00, 0x0F, 0xFF, 0x00, 0xFF, 0x00, 0x00, 
0x00, 0xFF, 0x00, 0xFF, 0x00, 0x00, 0x01, 0xFF, 0x00, 0xFA, 0x51, 0x06, 0x9C, 0xFF, 0x00, 0x52, 
0xFA, 0xEA, 0x47, 0xFF, 0x00, 0x00, 0x00, 0x00, 0x00, 0xFF, 0x00, 0x00, 0x00, 0x00, 0x1D, 0xFF, 
0x1B, 0x00, 0x00, 0x00, 0xFF, 0xFF, 0xFF, 0x49, 0xD8, 0x69, 0xE9, 0xC1, 0xEE, 0xFF, 0x54, 0x00, 
0x00, 0x08, 0xFF, 0x00, 0x00, 0x00, 0x00, 0xFF, 0x00, 0x00, 0x00, 0x00, 0xFF, 0x00, 0x00, 0x00, 
0x21, 0xFF, 0x07, 0x00, 0x00, 0xFF, 0xFF, 0xDC, 0x00, 0x00, 0x00, 0x03, 0x0A, 0x00, 0x51, 0xFA, 
0x9B, 0xFF, 0xFA, 0x54, 0x56, 0xFF, 0xD6, 0x6A, 0x04, 0x00, 0x1C, 0xA6, 0xDD, 0x3A, 0x00, 0x00, 
0x49, 0xE0, 0xFF, 0x63, 0x55, 0xFA, 0xFF, 0x64, 0xF0, 0x51, 0x00, 0xFF, 0x00, 0x00, 0x2B, 0xFF, 
0x00, 0x00, 0xD6, 0xFF, 0xFF, 0x78, 0x00, 0xFF, 0x00, 0x00, 0x00, 0xFF, 0x00, 0x00, 0x00, 0xFF, 
0x00, 0x00, 0x00, 0xFF, 0x00, 0x00, 0x00, 0xFB, 0x17, 0x33, 0x00, 0x9C, 0xE0, 0x20, 0xFF, 0xFF, 
0x00, 0x00, 0xFF, 0xFF, 0x00, 0x21, 0xFF, 0x00, 0x00, 0x26, 0xFF, 0x00, 0x00, 0xFF, 0x00, 0x00, 
0x00, 0xFF, 0x00, 0x00, 0xFF, 0x00, 0x00, 0x00, 0xFF, 0x00, 0x00, 0xFF, 0x00, 0x00, 0x00, 0xFF, 
0x08, 0x00, 0xFA, 0x51, 0x13, 0x6C, 0xFF, 0xE6, 0x00, 0x52, 0xF8, 0xC4, 0x22, 0xD9, 0x4A, 0x24, 
0xFF, 0xFF, 0xB4, 0x00, 0x90, 0xFF, 0xF4, 0x00, 0x59, 0xE1, 0x09, 0x00, 0x04, 0xED, 0x40, 0x00, 
0x00, 0xCF, 0x29, 0x00, 0x36, 0xC4, 0x00, 0x00, 0x00, 0x68, 0x91, 0x00, 0x9B, 0x61, 0x00, 0x00, 
0x00, 0x0D, 0xE3, 0x17, 0xE5, 0x0B, 0x00, 0x00, 0x00, 0x00, 0x98, 0xC3, 0x99, 0x00, 0x00, 0x00, 
0x00, 0x00, 0x30, 0xFF, 0x35, 0x00, 0x00, 0xFC, 0xFF, 0x97, 0x00, 0xFC, 0xFF, 0x90, 0x00, 0x84, 
0xFF, 0xE8, 0x1A, 0xE7, 0x16, 0x00, 0x01, 0xE7, 0x3F, 0x00, 0x1B, 0xE5, 0x0F, 0x00, 0x9E, 0x62, 
0x00, 0x33, 0xFE, 0x7A, 0x00, 0x73, 0x88, 0x00, 0x00, 0x4D, 0xB5, 0x00, 0xA1, 0x8E, 0xC7, 0x00, 
0xD2, 0x29, 0x00, 0x00, 0x08, 0xEC, 0x24, 0xD9, 0x06, 0xE8, 0x48, 0xCA, 0x00, 0x00, 0x00, 0x00, 
0xAA, 0xCE, 0x77, 0x00, 0x9E, 0xE3, 0x6A, 0x00, 0x00, 0x00, 0x00, 0x59, 0xF7, 0x13, 0x00, 0x4F, 
0xF9, 0x12, 0x00, 0x00, 0xFF, 0xFF, 0xFF, 0x04, 0xFF, 0xFF, 0xFF, 0x17, 0x8F, 0x59, 0x00, 0x3D, 
0xE5, 0x35, 0x00, 0x00, 0x75, 0x83, 0xC6, 0x28, 0x00, 0x00, 0x00, 0x04, 0xD0, 0x93, 0x00, 0x00, 
0x00, 0x00, 0x99, 0x5F, 0x89, 0x58, 0x00, 0x23, 0xAD, 0x5C, 0x00, 0x27, 0xF8, 0x49, 0xFF, 0xFF, 
0xFF, 0x00, 0xF8, 0xFF, 0xFF, 0x2C, 0xFF, 0xFF, 0x88, 0x00, 0x84, 0xFF, 0xE8, 0x00, 0x3A, 0xE6, 
0x09, 0x00, 0x17, 0xE5, 0x18, 0x00, 0x00, 0xA1, 0x5D, 0x00, 0x6D, 0x92, 0x00, 0x00, 0x00, 0x32, 
0xCC, 0x00, 0xC9, 0x35, 0x00, 0x00, 0x00, 0x00, 0xC4, 0x61, 0xD8, 0x00, 0x00, 0x00, 0x00, 0x00, 
0x55, 0xF7, 0x7C, 0x00, 0x00, 0x00, 0x00, 0x00, 0x05, 0xF7, 0x21, 0x00, 0x00, 0x00, 0x00, 0x00, 
0x3D, 0xC3, 0x00, 0x00, 0x00, 0x00, 0x00, 0x07, 0xB3, 0x5F, 0x00, 0x00, 0x00, 0x00, 0xC7, 0xEA, 
0x7C, 0x00, 0x00, 0x00, 0x00, 0xFF, 0xFF, 0xFF, 0xFF, 0xFF, 0xE8, 0xFF, 0x29, 0x00, 0x05, 0xB5, 
0x36, 0x00, 0x00, 0x00, 0x9D, 0x54, 0x00, 0x00, 0x00, 0x79, 0x78, 0x00, 0x00, 0x00, 0x54, 0x9C, 
0x00, 0x00, 0x00, 0x36, 0xB5, 0x05, 0x00, 0x27, 0xFF, 0xE8, 0xFF, 0xFF, 0xFF, 0xFF, 0xFF, 0x00, 
0x00, 0x65, 0xD9, 0x00, 0x6E, 0x9D, 0x20, 0x00, 0xF2, 0x05, 0x00, 0x00, 0xFF, 0x00, 0x00, 0x02, 
0xF4, 0x00, 0x00, 0x59, 0xB7, 0x00, 0x00, 0xFF, 0x45, 0x00, 0x00, 0x5B, 0xC2, 0x00, 0x00, 0x02, 
0xFA, 0x00, 0x00, 0x00, 0xFF, 0x00, 0x00, 0x00, 0xF2, 0x06, 0x00, 0x00, 0x6E, 0x9E, 0x20, 0x00, 
0x00, 0x64, 0xD9, 0xFF, 0xFF, 0xFF, 0xFF, 0xFF, 0xFF, 0xFF, 0xFF, 0xFF, 0xFF, 0xFF, 0xFF, 0xFF, 
0xDA, 0x63, 0x00, 0x00, 0x20, 0x9E, 0x6C, 0x00, 0x00, 0x06, 0xF1, 0x00, 0x00, 0x00, 0xFF, 0x00, 
0x00, 0x00, 0xF7, 0x02, 0x00, 0x00, 0xC1, 0x59, 0x00, 0x00, 0x46, 0xFF, 0x00, 0x00, 0xB8, 0x5B, 
0x00, 0x00, 0xF4, 0x02, 0x00, 0x00, 0xFF, 0x00, 0x00, 0x05, 0xF2, 0x00, 0x20, 0x9B, 0x6B, 0x00, 
0xD9, 0x62, 0x00, 0x00, 0x5C, 0xEF, 0xE4, 0xA6, 0x5E, 0x1E, 0x36, 0xE6, 0xE6, 0x33, 0x21, 0x63, 
0xAC, 0xEB, 0xED, 0x57, 0x00, 0xFF, 0xFF, 0xFF, 0xFF, 0xFF, 0xFF, 0x00, 0x00, 0xFF, 0xFF, 0xFF, 
0xFF, 0xFF, 0x2C, 0xC1, 0xF6, 0xDE, 0x60, 0xD7, 0x67, 0x0B, 0x1B, 0xD8, 0xE2, 0x1D, 0x00, 0x00, 
0x00, 0x53, 0xC5, 0x15, 0x00, 0x00, 0x5E, 0x81, 0xC8, 0x32, 0x00, 0xE0, 0x0B, 0x19, 0xC1, 0x44, 
0xE9, 0x32, 0x00, 0x2C, 0xE7, 0x4B, 0xC7, 0x1D, 0x06, 0xDA, 0x00, 0x39, 0xD4, 0x77, 0x73, 0x00, 
0x00, 0x1A, 0xCF, 0x61, 0x00, 0x00, 0x00, 0x21, 0xE4, 0xD6, 0x19, 0x0A, 0x65, 0xD7, 0x60, 0xDF, 
0xF6, 0xC3, 0x2E, 0x00, 0x51, 0xFA, 0xFF, 0xFF, 0xFF, 0xFF, 0xFA, 0x50, 0x00, 0x51, 0xF5, 0x51, 
0x00, 0x02, 0x03, 0x00, 0x52, 0xF5, 0x50, 0xFA, 0x50, 0x03, 0x8D, 0xF5, 0xFF, 0xFF, 0xFF, 0x52, 
0xFA, 0xFF, 0x00, 0x84, 0x89, 0x1A, 0x17, 0x78, 0xFF, 0x00, 0xFF, 0xFF, 0x00, 0xEB, 0x14, 0x00, 
0x00, 0x00, 0x00, 0x00, 0xFF, 0xFF, 0x00, 0xE9, 0x0A, 0x00, 0x00, 0x00, 0x00, 0x00, 0xFF, 0xFF, 
0x00, 0x89, 0x79, 0x0E, 0x19, 0x90, 0xAF, 0x00, 0xFF, 0xFA, 0x50, 0x05, 0x7E, 0xDF, 0xF4, 0xA9, 
0x0E, 0x51, 0xFA, 0x52, 0xF5, 0x50, 0x00, 0x00, 0x00, 0x00, 0x50, 0xF5, 0x51, 0x00, 0x52, 0xFA, 
0xFF, 0xFF, 0xFF, 0xFF, 0xFA, 0x51, 0x00, 0x00, 0x49, 0xB6, 0x00, 0x49, 0xB6, 0x04, 0xD2, 0x29, 
0x04, 0xD2, 0x29, 0x6E, 0x92, 0x00, 0x6E, 0x92, 0x00, 0xDB, 0x24, 0x00, 0xDB, 0x24, 0x00, 0x6E, 
0x92, 0x00, 0x6E, 0x92, 0x00, 0x04, 0xD2, 0x28, 0x04, 0xD2, 0x28, 0x00, 0x49, 0xB6, 0x00, 0x49, 
0xB6, 0xFF, 0xFF, 0xFF, 0x00, 0x05, 0x84, 0xFC, 0xFF, 0xFF, 0xFC, 0x84, 0x05, 0x00, 0x2B, 0xC9, 
0x51, 0x00, 0x00, 0x00, 0x00, 0x52, 0xC9, 0x2B, 0xF8, 0x50, 0xFF, 0xFF, 0xFF, 0xFA, 0x50, 0x00, 
0x52, 0xF8, 0xFF, 0x00, 0x11, 0xFF, 0x03, 0xA2, 0xF3, 0x00, 0x00, 0xFF, 0xFF, 0x00, 0x00, 0xFF, 
0xFF, 0xFB, 0x52, 0x00, 0x00, 0xFF, 0xFF, 0x00, 0x00, 0xFF, 0x00, 0x41, 0xB2, 0x00, 0x00, 0xFF, 
0xFF, 0x00, 0x11, 0xFF, 0x11, 0x00, 0xA1, 0x43, 0x00, 0xFF, 0xF8, 0x50, 0xFF, 0xFF, 0xFF, 0x00, 
0x15, 0xED, 0x51, 0xF8, 0x2C, 0xC9, 0x50, 0x00, 0x00, 0x00, 0x00, 0x50, 0xC9, 0x2B, 0x00, 0x05, 
0x85, 0xFC, 0xFF, 0xFF, 0xFC, 0x85, 0x05, 0x00, 0x51, 0xFA, 0xFA, 0x50, 0xFA, 0x50, 0x52, 0xFA, 
0xFA, 0x51, 0x50, 0xFA, 0x52, 0xFA, 0xFA, 0x51, 0x00, 0x00, 0x00, 0xFF, 0x00, 0x00, 0x00, 0x00, 
0x00, 0x00, 0xFF, 0x00, 0x00, 0x00, 0x00, 0x00, 0x00, 0xFF, 0x00, 0x00, 0x00, 0xFF, 0xFF, 0xFF, 
0xFF, 0xFF, 0xFF, 0xFF, 0x00, 0x00, 0x00, 0xFF, 0x00, 0x00, 0x00, 0x00, 0x00, 0x00, 0xFF, 0x00, 
0x00, 0x00, 0xFF, 0xFF, 0xFF, 0xFF, 0xFF, 0xFF, 0xFF, 0x40, 0x8C, 0x66, 0x01, 0xB7, 0x49, 0x00, 
0xB7, 0x49, 0x00, 0x29, 0xD2, 0x04, 0x29, 0xD2, 0x04, 0x00, 0x93, 0x6D, 0x00, 0x93, 0x6D, 0x00, 
0x25, 0xDB, 0x00, 0x25, 0xDB, 0x00, 0x93, 0x6D, 0x00, 0x93, 0x6D, 0x29, 0xD2, 0x04, 0x29, 0xD2, 
0x04, 0xB7, 0x49, 0x00, 0xB7, 0x49, 0x00, 0x8C, 0x18, 0x00, 0x00, 0x18, 0x93, 0x20, 0xB7, 0x18, 
0x18, 0xB7, 0x1F, 0x00, 0x20, 0xB7, 0xB7, 0x1F, 0x00, 0x00, 0x18, 0xB7, 0xB7, 0x18, 0x00, 0x18, 
0xB7, 0x1F, 0x20, 0xB7, 0x18, 0x98, 0x1F, 0x00, 0x00, 0x20, 0x97, 0x00, 0x00, 0x00, 0xB4, 0x00, 
0x00, 0x00, 0x00, 0x00, 0x00, 0x00, 0x00, 0x00, 0x00, 0xFF, 0xFF, 0xFF, 0xFF, 0xFF, 0xFF, 0xFF, 
0x00, 0x00, 0x00, 0x00, 0x00, 0x00, 0x00, 0x00, 0x00, 0x00, 0xB4, 0x00, 0x00, 0x00, 0x00, 0x00, 
0x47, 0x65, 0x0D, 0x90, 0x0C, 0x00, 0x00, 0x00, 0x00, 0x5C, 0x82, 0x14, 0xB5, 0x14, 0x00, 0x00, 
0x2F, 0x44, 0x44, 0x44, 0x44, 0x44, 0x44, 0x1E, 0x00, 0x01, 0x8A, 0xF0, 0x3C, 0x3C, 0x3D, 0x74, 
0x77, 0x00, 0x00, 0x65, 0xEC, 0x00, 0x00, 0x00, 0x00, 0x42, 0x00, 0x00, 0x64, 0xEC, 0x00, 0x00, 
0x00, 0x21, 0x00, 0x00, 0x00, 0x64, 0xED, 0x18, 0x18, 0x2B, 0x88, 0x00, 0x00, 0x00, 0x64, 0xF4, 
0x68, 0x68, 0x7B, 0x9F, 0x00, 0x00, 0x00, 0x64, 0xEC, 0x00, 0x00, 0x00, 0x40, 0x00, 0x00, 0x00, 
0x64, 0xEC, 0x00, 0x00, 0x00, 0x00, 0x0B, 0x0E, 0x00, 0x65, 0xEC, 0x00, 0x00, 0x00, 0x00, 0x7E, 
0x05, 0x32, 0xB8, 0xFD, 0x8C, 0x80, 0x82, 0xB4, 0x9B, 0x00, 0x00, 0x00, 0x00, 0x00, 0x07, 0xE7, 
0x13, 0x00, 0x00, 0x00, 0x00, 0x00, 0x00, 0x00, 0x00, 0x58, 0xDB, 0x6E, 0x00, 0x00, 0x00, 0x00, 
0x00, 0x00, 0x00, 0x00, 0xBB, 0x3B, 0xC4, 0x00, 0x00, 0x00, 0x00, 0x00, 0x00, 0x00, 0x20, 0xCC, 
0x00, 0xA8, 0x31, 0x00, 0x00, 0x00, 0x00, 0x00, 0x00, 0x81, 0x6B, 0x00, 0x52, 0x93, 0x00, 0x00, 
0x00, 0x00, 0x00, 0x02, 0xD9, 0x11, 0x00, 0x08, 0xE0, 0x07, 0x00, 0x00, 0x00, 0x00, 0x47, 0xFF, 
0xFF, 0xFF, 0xFF, 0xFF, 0x56, 0x00, 0x00, 0x00, 0x00, 0xAA, 0x4D, 0x00, 0x00, 0x00, 0x43, 0xB8, 
0x00, 0x00, 0x03, 0x51, 0xE9, 0x0C, 0x00, 0x00, 0x00, 0x07, 0xE1, 0x55, 0x01, 0x74, 0xFF, 0xFF, 
0xD8, 0x00, 0x00, 0x00, 0xAC, 0xFF, 0xFF, 0x67, 0xFF, 0xFF, 0xFF, 0xFF, 0xFF, 0xB4, 0x00, 0x21, 
0xFF, 0x00, 0x04, 0x4F, 0xE6, 0x00, 0x00, 0xFF, 0x00, 0x00, 0x00, 0x00, 0x00, 0x00, 0xFF, 0x00, 
0x00, 0x00, 0x00, 0x00, 0x00, 0xFF, 0xFD, 0xF4, 0xD8, 0x89, 0x06, 0x00, 0xFF, 0x06, 0x05, 0x1B, 
0x87, 0x95, 0x00, 0xFF, 0x00, 0x00, 0x00, 0x0E, 0xEE, 0x00, 0xFF, 0x00, 0x00, 0x00, 0x14, 0xE9, 
0x21, 0xFF, 0x0B, 0x03, 0x1A, 0x95, 0x95, 0xFF, 0xFF, 0xFF, 0xFF, 0xEF, 0xA3, 0x0E, 0xFF, 0xFF, 
0xFF, 0xFF, 0xFA, 0x50, 0x00, 0x21, 0xFF, 0x0F, 0x00, 0x52, 0xFA, 0x00, 0x00, 0xFF, 0x00, 0x00, 
0x00, 0xFF, 0x00, 0x00, 0xFF, 0x07, 0x00, 0x50, 0xF6, 0x00, 0x00, 0xFF, 0xFF, 0xFF, 0xFF, 0xC6, 
0x3D, 0x00, 0xFF, 0x05, 0x00, 0x00, 0x52, 0xF9, 0x00, 0xFF, 0x00, 0x00, 0x00, 0x00, 0xFF, 0x00, 
0xFF, 0x00, 0x00, 0x00, 0x00, 0xFF, 0x1D, 0xFF, 0x20, 0x04, 0x00, 0x50, 0xFA, 0xFF, 0xFF, 0xFF, 
0xFF, 0xFF, 0xFA, 0x51, 0xFF, 0xFF, 0xFF, 0xFF, 0xFF, 0xFF, 0xFF, 0xE7, 0x21, 0xFF, 0x00, 0x00, 
0x00, 0x06, 0x5C, 0xF7, 0x00, 0xFF, 0x00, 0x00, 0x00, 0x00, 0x00, 0x00, 0x00, 0xFF, 0x00, 0x00, 
0x00, 0x00, 0x00, 0x00, 0x00, 0xFF, 0x00, 0x00, 0x00, 0x00, 0x00, 0x00, 0x00, 0xFF, 0x00, 0x00, 
0x00, 0x00, 0x00, 0x00, 0x00, 0xFF, 0x00, 0x00, 0x00, 0x00, 0x00, 0x00, 0x00, 0xFF, 0x00, 0x00, 
0x00, 0x00, 0x00, 0x00, 0x21, 0xFF, 0x20, 0x00, 0x00, 0x00, 0x00, 0x00, 0xFF, 0xFF, 0xFF, 0x00, 
0x00, 0x00, 0x00, 0x00, 0x00, 0xFF, 0xFF, 0xFF, 0xFF, 0xFF, 0xFF, 0xFF, 0xFF, 0x00, 0x07, 0x5A, 
0xF7, 0x00, 0x00, 0x00, 0xFF, 0x2C, 0x00, 0x00, 0x04, 0xE8, 0x00, 0x00, 0x00, 0xFF, 0x00, 0x00, 
0x00, 0x0E, 0xD3, 0x00, 0x00, 0x00, 0xFF, 0x00, 0x00, 0x00, 0x2A, 0xB7, 0x00, 0x00, 0x00, 0xFF, 
0x00, 0x00, 0x00, 0x50, 0x8E, 0x00, 0x00, 0x00, 0xFF, 0x00, 0x00, 0x00, 0x8B, 0x4F, 0x00, 0x00, 
0x00, 0xFF, 0x00, 0x00, 0x04, 0xC9, 0x05, 0x00, 0x00, 0x00, 0xFF, 0x00, 0x00, 0x6F, 0x58, 0x00, 
0x00, 0x00, 0x23, 0xFF, 0x09, 0xA5, 0xFD, 0xFF, 0xFF, 0xFF, 0xFF, 0xFF, 0xFF, 0xA5, 0xFF, 0x8C, 
0x18, 0x02, 0x00, 0x02, 0x1D, 0x6F, 0xFF, 0xFF, 0x25, 0x00, 0x00, 0x00, 0x00, 0x00, 0x11, 0xFF, 
0xFF, 0x0C, 0x00, 0x00, 0x00, 0x00, 0x00, 0x0C, 0xFF, 0xFF, 0xFF, 0xFF, 0xFF, 0xFF, 0xFF, 0xFF, 
0x00, 0x1A, 0xFF, 0x00, 0x00, 0x01, 0x4A, 0xFF, 0x00, 0x00, 0xFF, 0x00, 0x00, 0x00, 0x00, 0x00, 
0x00, 0x00, 0xFF, 0x00, 0x29, 0xFF, 0x00, 0x00, 0x00, 0x00, 0xFF, 0xFF, 0xFF, 0xFF, 0x00, 0x00, 
0x00, 0x00, 0xFF, 0x00, 0x2E, 0xFF, 0x00, 0x00, 0x00, 0x00, 0xFF, 0x00, 0x00, 0x00, 0x00, 0x00, 
0x00, 0x00, 0xFF, 0x00, 0x00, 0x00, 0x00, 0x00, 0x00, 0x1C, 0xFF, 0x13, 0x00, 0x01, 0x1A, 0x84, 
0xC5, 0xFF, 0xFF, 0xFF, 0xFF, 0xFF, 0xFF, 0xFF, 0x51, 0xC2, 0xF6, 0x9E, 0x0B, 0x00, 0xFF, 0xFF, 
0xFF, 0x00, 0x04, 0x9F, 0xF6, 0xBF, 0x00, 0x00, 0x66, 0x78, 0x00, 0x21, 0xFF, 0x20, 0x00, 0x5E, 
0x67, 0x00, 0x00, 0x00, 0x00, 0x07, 0xB2, 0x00, 0x00, 0xFF, 0x00, 0x00, 0xB4, 0x07, 0x00, 0x00, 
0x00, 0x00, 0x00, 0x8C, 0x53, 0x01, 0xFF, 0x02, 0x58, 0x89, 0x00, 0x00, 0x00, 0x00, 0x00, 0x00, 
0x06, 0xDC, 0xFB, 0xFF, 0xFB, 0xD6, 0x05, 0x00, 0x00, 0x00, 0x00, 0x00, 0x00, 0x3F, 0xEA, 0x1F, 
0xFF, 0x21, 0xE2, 0x0F, 0x00, 0x00, 0x00, 0x00, 0x00, 0x01, 0xDA, 0x6E, 0x00, 0xFF, 0x00, 0x72, 
0x8A, 0x00, 0x00, 0x00, 0x00, 0x00, 0x51, 0xD9, 0x05, 0x00, 0xFF, 0x00, 0x06, 0xD4, 0x22, 0x00, 
0x00, 0x00, 0x0F, 0xDC, 0x50, 0x00, 0x21, 0xFF, 0x20, 0x00, 0x51, 0xBD, 0x04, 0x00, 0xD1, 0xE4, 
0xC2, 0x00, 0x00, 0xFF, 0xFF, 0xFF, 0x00, 0x00, 0xC2, 0xCE, 0xC4, 0xFF, 0x67, 0xB9, 0xF5, 0xCD, 
0x30, 0xFF, 0xC6, 0x28, 0x0A, 0x75, 0xD0, 0xFF, 0x2B, 0x00, 0x00, 0x0E, 0xED, 0x00, 0x00, 0x05, 
0x27, 0xAF, 0x70, 0x00, 0x00, 0xFF, 0xFF, 0x9A, 0x00, 0x00, 0x00, 0x0E, 0x3C, 0xCA, 0x68, 0x00, 
0x00, 0x00, 0x00, 0x22, 0xDE, 0x00, 0x00, 0x00, 0x00, 0x13, 0xEE, 0xA9, 0x86, 0x21, 0x07, 0x8E, 
0x9E, 0x0F, 0x9F, 0xF0, 0xEA, 0x97, 0x0C, 0xFF, 0xFF, 0xFF, 0x00, 0x00, 0x00, 0xFF, 0xFF, 0xFF, 
0x21, 0xFF, 0x20, 0x00, 0x00, 0x00, 0x20, 0xFF, 0x20, 0x00, 0xFF, 0x00, 0x00, 0x00, 0x00, 0x7D, 
0xFF, 0x00, 0x00, 0xFF, 0x00, 0x00, 0x00, 0x7D, 0x61, 0xFF, 0x00, 0x00, 0xFF, 0x00, 0x00, 0x7D, 
0x61, 0x00, 0xFF, 0x00, 0x00, 0xFF, 0x00, 0x7D, 0x61, 0x00, 0x00, 0xFF, 0x00, 0x00, 0xFF, 0x7D, 
0x61, 0x00, 0x00, 0x00, 0xFF, 0x00, 0x00, 0xFF, 0x61, 0x00, 0x00, 0x00, 0x00, 0xFF, 0x00, 0x21, 
0xFF, 0x1C, 0x00, 0x00, 0x00, 0x21, 0xFF, 0x20, 0xFF, 0xFF, 0xFF, 0x00, 0x00, 0x00, 0xFF, 0xFF, 
0xFF, 0x00, 0x00, 0xCD, 0x14, 0x00, 0x16, 0xCF, 0x00, 0x00, 0x00, 0x00, 0xDD, 0xA2, 0x15, 0xA3, 
0xDB, 0x00, 0x00, 0x00, 0x00, 0x3F, 0xD4, 0xF7, 0xD3, 0x3D, 0x00, 0x00, 0x00, 0x00, 0x00, 0x00, 
0x00, 0x00, 0x00, 0x00, 0x00, 0xFF, 0xFF, 0xFF, 0x00, 0x00, 0x00, 0xFF, 0xFF, 0xFF, 0x21, 0xFF, 
0x20, 0x00, 0x00, 0x00, 0x20, 0xFF, 0x20, 0x00, 0xFF, 0x00, 0x00, 0x00, 0x00, 0x7D, 0xFF, 0x00, 
0x00, 0xFF, 0x00, 0x00, 0x00, 0x7D, 0x61, 0xFF, 0x00, 0x00, 0xFF, 0x00, 0x00, 0x7D, 0x61, 0x00, 
0xFF, 0x00, 0x00, 0xFF, 0x00, 0x7D, 0x61, 0x00, 0x00, 0xFF, 0x00, 0x00, 0xFF, 0x7D, 0x61, 0x00, 
0x00, 0x00, 0xFF, 0x00, 0x00, 0xFF, 0x61, 0x00, 0x00, 0x00, 0x00, 0xFF, 0x00, 0x21, 0xFF, 0x1C, 
0x00, 0x00, 0x00, 0x21, 0xFF, 0x20, 0xFF, 0xFF, 0xFF, 0x00, 0x00, 0x00, 0xFF, 0xFF, 0xFF, 0xFF, 
0xFF, 0xFF, 0x00, 0x00, 0x6D, 0xE8, 0xCB, 0x00, 0x21, 0xFF, 0x20, 0x00, 0x20, 0xA1, 0x01, 0x00, 
0x00, 0x00, 0xFF, 0x00, 0x00, 0x91, 0x37, 0x00, 0x00, 0x00, 0x00, 0xFF, 0x05, 0x62, 0xC1, 0x00, 
0x00, 0x00, 0x00, 0x00, 0xFF, 0xFF, 0xDE, 0x21, 0x00, 0x00, 0x00, 0x00, 0x00, 0xFF, 0x28, 0xD7, 
0x19, 0x00, 0x00, 0x00, 0x00, 0x00, 0xFF, 0x00, 0x4E, 0xB2, 0x00, 0x00, 0x00, 0x00, 0x00, 0xFF, 
0x00, 0x00, 0x9F, 0x6A, 0x00, 0x00, 0x00, 0x21, 0xFF, 0x20, 0x00, 0x0F, 0xE0, 0x53, 0x00, 0x00, 
0xFF, 0xFF, 0xFF, 0x00, 0x00, 0x4F, 0xFF, 0xAB, 0x23, 0x00, 0x00, 0xFF, 0xFF, 0xFF, 0xFF, 0xFF, 
0xFF, 0xFF, 0x00, 0x00, 0x2F, 0xFF, 0x00, 0x00, 0x00, 0xFF, 0x20, 0x00, 0x00, 0x01, 0xFF, 0x00, 
0x00, 0x00, 0xFF, 0x00, 0x00, 0x00, 0x00, 0xFF, 0x00, 0x00, 0x00, 0xFF, 0x00, 0x00, 0x00, 0x01, 
0xFA, 0x00, 0x00, 0x00, 0xFF, 0x00, 0x00, 0x00, 0x07, 0xF0, 0x00, 0x00, 0x00, 0xFF, 0x00, 0x00, 
0x00, 0x17, 0xDA, 0x00, 0x00, 0x00, 0xFF, 0x00, 0x00, 0x00, 0x3E, 0xB1, 0x00, 0x00, 0x00, 0xFF, 
0x00, 0xCF, 0x32, 0xAC, 0x60, 0x00, 0x00, 0x21, 0xFF, 0x20, 0xB7, 0xF3, 0x8F, 0x01, 0x00, 0x00, 
0xFF, 0xFF, 0xFF, 0xFF, 0xFF, 0xB6, 0x00, 0x00, 0x00, 0x00, 0x00, 0x00, 0x9F, 0xFF, 0xFF, 0x2A, 
0xFF, 0xF3, 0x2D, 0x00, 0x00, 0x00, 0x00, 0x0A, 0xEA, 0xFF, 0x1B, 0x00, 0xFF, 0x8C, 0xA1, 0x00, 
0x00, 0x00, 0x00, 0x5B, 0xA9, 0xFF, 0x00, 0x00, 0xFF, 0x42, 0xC7, 0x1C, 0x00, 0x00, 0x00, 0xB7, 
0x4D, 0xFF, 0x00, 0x00, 0xFF, 0x33, 0x5E, 0x8C, 0x00, 0x00, 0x19, 0xC7, 0x23, 0xFF, 0x00, 0x00, 
0xFF, 0x24, 0x06, 0xDB, 0x0F, 0x00, 0x74, 0x77, 0x19, 0xFF, 0x00, 0x00, 0xFF, 0x15, 0x00, 0x82, 
0x77, 0x00, 0xD1, 0x24, 0x0F, 0xFF, 0x00, 0x00, 0xFF, 0x07, 0x00, 0x19, 0xE0, 0x36, 0xD0, 0x00, 
0x05, 0xFF, 0x00, 0x1B, 0xFF, 0x21, 0x00, 0x00, 0xA6, 0xDC, 0x7D, 0x00, 0x1B, 0xFF, 0x21, 0xFF, 
0xFF, 0xFF, 0x00, 0x00, 0x37, 0xFF, 0x29, 0x00, 0xFF, 0xFF, 0xFF, 0xFF, 0xFF, 0xFF, 0x00, 0x00, 
0x00, 0xFF, 0xFF, 0xFF, 0x1C, 0xFF, 0x1C, 0x00, 0x00, 0x00, 0x1C, 0xFF, 0x1C, 0x00, 0xFF, 0x00, 
0x00, 0x00, 0x00, 0x00, 0xFF, 0x00, 0x00, 0xFF, 0x00, 0x00, 0x00, 0x00, 0x00, 0xFF, 0x00, 0x00, 
0xFF, 0xFF, 0xFF, 0xFF, 0xFF, 0xFF, 0xFF, 0x00, 0x00, 0xFF, 0x00, 0x00, 0x00, 0x00, 0x00, 0xFF, 
0x00, 0x00, 0xFF, 0x00, 0x00, 0x00, 0x00, 0x00, 0xFF, 0x00, 0x00, 0xFF, 0x00, 0x00, 0x00, 0x00, 
0x00, 0xFF, 0x00, 0x21, 0xFF, 0x1C, 0x00, 0x00, 0x00, 0x21, 0xFF, 0x1C, 0xFF, 0xFF, 0xFF, 0x00, 
0x00, 0x00, 0xFF, 0xFF, 0xFF, 0x00, 0x51, 0xFA, 0xFF, 0xFF, 0xFA, 0x50, 0x00, 0x51, 0xF5, 0x51, 
0x00, 0x00, 0x52, 0xF5, 0x50, 0xFA, 0x50, 0x00, 0x00, 0x00, 0x00, 0x52, 0xFA, 0xFF, 0x00, 0x00, 
0x00, 0x00, 0x00, 0x00, 0xFF, 0xFF, 0x00, 0x00, 0x00, 0x00, 0x00, 0x00, 0xFF, 0xFF, 0x00, 0x00, 
0x00, 0x00, 0x00, 0x00, 0xFF, 0xFF, 0x00, 0x00, 0x00, 0x00, 0x00, 0x00, 0xFF, 0xFA, 0x50, 0x00, 
0x00, 0x00, 0x00, 0x51, 0xFA, 0x52, 0xF5, 0x50, 0x00, 0x00, 0x50, 0xF5, 0x51, 0x00, 0x52, 0xFA, 
0xFF, 0xFF, 0xFA, 0x51, 0x00, 0x32, 0x44, 0x44, 0x44, 0x44, 0x44, 0x44, 0x44, 0x44, 0x3A, 0x06, 
0x9D, 0xED, 0x3C, 0x3C, 0x3C, 0x3C, 0xD8, 0xB4, 0x09, 0x00, 0x6A, 0xE8, 0x00, 0x00, 0x00, 0x00, 
0xCC, 0x85, 0x00, 0x00, 0x68, 0xE8, 0x00, 0x00, 0x00, 0x00, 0xCC, 0x84, 0x00, 0x00, 0x68, 0xE8, 
0x00, 0x00, 0x00, 0x00, 0xCC, 0x84, 0x00, 0x00, 0x68, 0xE8, 0x00, 0x00, 0x00, 0x00, 0xCC, 0x84, 
0x00, 0x00, 0x68, 0xE8, 0x00, 0x00, 0x00, 0x00, 0xCC, 0x84, 0x00, 0x00, 0x68, 0xE8, 0x00, 0x00, 
0x00, 0x00, 0xCC, 0x84, 0x00, 0x00, 0x6D, 0xEC, 0x00, 0x00, 0x00, 0x00, 0xD0, 0x88, 0x00, 0x38, 
0xC0, 0xFE, 0x67, 0x10, 0x08, 0x5A, 0xF7, 0xD0, 0x42, 0xFF, 0xFF, 0xFF, 0xFF, 0xFF, 0xFA, 0x50, 
0x21, 0xFF, 0x0F, 0x00, 0x00, 0x52, 0xFA, 0x00, 0xFF, 0x00, 0x00, 0x00, 0x00, 0xFF, 0x00, 0xFF, 
0x00, 0x00, 0x00, 0x00, 0xFF, 0x00, 0xFF, 0x51, 0x00, 0x00, 0x50, 0xFA, 0x00, 0xFF, 0xFA, 0xFF, 
0xFF, 0xFA, 0x51, 0x00, 0xFF, 0x00, 0x00, 0x00, 0x00, 0x00, 0x00, 0xFF, 0x00, 0x00, 0x00, 0x00, 
0x00, 0x1C, 0xFF, 0x20, 0x00, 0x00, 0x00, 0x00, 0xFF, 0xFF, 0xFF, 0x00, 0x00, 0x00, 0x00, 0x00, 
0x51, 0xFA, 0xFC, 0xBA, 0x42, 0xFF, 0x51, 0xF5, 0x51, 0x03, 0x36, 0xD9, 0xFF, 0xFA, 0x50, 0x00, 
0x00, 0x00, 0x38, 0xFF, 0xFF, 0x00, 0x00, 0x00, 0x00, 0x00, 0x00, 0xFF, 0x00, 0x00, 0x00, 0x00, 
0x00, 0x00, 0xFF, 0x00, 0x00, 0x00, 0x00, 0x00, 0x00, 0xFF, 0x00, 0x00, 0x00, 0x00, 0x00, 0x00, 
0xFA, 0x50, 0x00, 0x00, 0x00, 0x4C, 0xC3, 0x52, 0xF5, 0x50, 0x02, 0x3B, 0xE6, 0x3F, 0x00, 0x52, 
0xFA, 0xFE, 0xDC, 0x57, 0x00, 0xFF, 0xFF, 0xFF, 0xFF, 0xFF, 0xFF, 0xFF, 0xFF, 0x55, 0x00, 0xFF, 
0x00, 0x5D, 0xFF, 0x38, 0x01, 0x00, 0xFF, 0x00, 0x02, 0x38, 0x00, 0x00, 0x00, 0xFF, 0x00, 0x00, 
0x00, 0x00, 0x00, 0x00, 0xFF, 0x00, 0x00, 0x00, 0x00, 0x00, 0x00, 0xFF, 0x00, 0x00, 0x00, 0x00, 
0x00, 0x00, 0xFF, 0x00, 0x00, 0x00, 0x00, 0x00, 0x00, 0xFF, 0x00, 0x00, 0x00, 0x00, 0x00, 0x1B, 
0xFF, 0x21, 0x00, 0x00, 0x00, 0x00, 0xFF, 0xFF, 0xFF, 0x00, 0x00, 0xFF, 0xFF, 0xFF, 0x00, 0x00, 
0x00, 0xFF, 0xFF, 0xFF, 0xFF, 0x1E, 0xC6, 0x43, 0x00, 0x00, 0x00, 0x24, 0xF3, 0x5F, 0x15, 0x00, 
0x22, 0xCC, 0x09, 0x00, 0x00, 0x58, 0xA6, 0x00, 0x00, 0x00, 0x00, 0x66, 0x93, 0x00, 0x00, 0xA7, 
0x59, 0x00, 0x00, 0x00, 0x00, 0x00, 0xB4, 0x44, 0x04, 0xEB, 0x11, 0x00, 0x00, 0x00, 0x00, 0x00, 
0x19, 0xD0, 0x52, 0xBF, 0x00, 0x00, 0x00, 0x00, 0x00, 0x00, 0x00, 0x57, 0xF4, 0x6B, 0x00, 0x00, 
0x00, 0x00, 0x00, 0x00, 0x00, 0x09, 0xE2, 0x12, 0x00, 0x00, 0x00, 0x00, 0x00, 0x00, 0x09, 0xA6, 
0x70, 0x00, 0x00, 0x00, 0x00, 0x00, 0xB4, 0xF8, 0xDA, 0x65, 0x00, 0x00, 0x00, 0x00, 0x00, 0x00, 
0x00, 0x00, 0xFF, 0xFF, 0xFF, 0x00, 0x00, 0x00, 0x00, 0x00, 0x00, 0x25, 0xFF, 0x2C, 0x00, 0x00, 
0x00, 0x05, 0x84, 0xDB, 0xF8, 0xFF, 0xF8, 0xD9, 0x7F, 0x03, 0x94, 0x92, 0x2C, 0x06, 0xFF, 0x06, 
0x2B, 0x99, 0x90, 0xEF, 0x07, 0x00, 0x00, 0xFF, 0x00, 0x00, 0x0C, 0xEF, 0xE4, 0x07, 0x00, 0x00, 
0xFF, 0x00, 0x00, 0x07, 0xE3, 0x80, 0x71, 0x27, 0x0C, 0xFF, 0x06, 0x2A, 0x7B, 0x81, 0x03, 0x7B, 
0xD7, 0xF8, 0xFF, 0xF9, 0xD9, 0x7E, 0x04, 0x00, 0x00, 0x00, 0x27, 0xFF, 0x26, 0x00, 0x00, 0x00, 
0x00, 0x00, 0x00, 0xFF, 0xFF, 0xFF, 0x00, 0x00, 0x00, 0x78, 0xFF, 0xFF, 0xFF, 0x58, 0x00, 0x78, 
0xFF, 0xFF, 0xFF, 0x30, 0x04, 0x41, 0xE4, 0x88, 0x02, 0x00, 0x01, 0x95, 0xDC, 0x35, 0x00, 0x00, 
0x00, 0x2E, 0xBA, 0x04, 0x00, 0x1A, 0xDA, 0x28, 0x00, 0x00, 0x00, 0x00, 0x00, 0x4A, 0x8C, 0x06, 
0xC4, 0x48, 0x00, 0x00, 0x00, 0x00, 0x00, 0x00, 0x00, 0x69, 0xC9, 0x6B, 0x00, 0x00, 0x00, 0x00, 
0x00, 0x00, 0x00, 0x00, 0x3E, 0xE9, 0x31, 0x00, 0x00, 0x00, 0x00, 0x00, 0x00, 0x00, 0x2B, 0xAE, 
0x22, 0xC9, 0x13, 0x00, 0x00, 0x00, 0x00, 0x00, 0x1C, 0xC3, 0x14, 0x00, 0x41, 0xB6, 0x04, 0x00, 
0x00, 0x0F, 0x58, 0xCA, 0x30, 0x00, 0x00, 0x02, 0x98, 0xBB, 0x2B, 0x01, 0xE8, 0xFF, 0xFF, 0x90, 
0x00, 0x00, 0x70, 0xFF, 0xFF, 0xFF, 0x40, 0xFF, 0xFF, 0xFF, 0x00, 0x00, 0x00, 0xFF, 0xFF, 0xFF, 
0x21, 0xFF, 0x20, 0x00, 0x00, 0x00, 0x21, 0xFF, 0x20, 0x00, 0xFF, 0x00, 0x00, 0x00, 0x00, 0x00, 
0xFF, 0x00, 0x00, 0xFF, 0x00, 0x00, 0x00, 0x00, 0x00, 0xFF, 0x00, 0x00, 0xFF, 0x00, 0x00, 0x00, 
0x00, 0x00, 0xFF, 0x00, 0x00, 0xFF, 0x00, 0x00, 0x00, 0x00, 0x00, 0xFF, 0x00, 0x00, 0xFF, 0x00, 
0x00, 0x00, 0x00, 0x00, 0xFF, 0x00, 0x00, 0xFF, 0x00, 0x00, 0x00, 0x00, 0x00, 0xFF, 0x00, 0x21, 
0xFF, 0x0F, 0x00, 0x00, 0x00, 0x10, 0xFF, 0x01, 0xFF, 0xFF, 0xFF, 0xFF, 0xFF, 0xFF, 0xFF, 0xFF, 
0x2A, 0x00, 0x00, 0x00, 0x00, 0x00, 0x0A, 0x54, 0xF3, 0xFF, 0x00, 0x00, 0x00, 0x00, 0x00, 0x00, 
0x00, 0x77, 0xFF, 0x00, 0x00, 0x00, 0x00, 0x00, 0x00, 0x00, 0x1F, 0xFF, 0xFF, 0xFF, 0xFF, 0x00, 
0x00, 0xFF, 0xFF, 0xFF, 0x1F, 0xFF, 0x25, 0x00, 0x00, 0x1E, 0xFF, 0x1E, 0x00, 0xFF, 0x00, 0x00, 
0x00, 0x00, 0xFF, 0x00, 0x00, 0xFF, 0x02, 0x00, 0x00, 0x00, 0xFF, 0x00, 0x00, 0xF2, 0x55, 0x0C, 
0x3B, 0xB6, 0xFF, 0x00, 0x00, 0x6D, 0xEA, 0xED, 0xAE, 0x3B, 0xFF, 0x00, 0x00, 0x00, 0x00, 0x00, 
0x00, 0x00, 0xFF, 0x00, 0x00, 0x00, 0x00, 0x00, 0x00, 0x00, 0xFF, 0x00, 0x00, 0x00, 0x00, 0x00, 
0x00, 0x1C, 0xFF, 0x1E, 0x00, 0x00, 0x00, 0x00, 0x00, 0xFF, 0xFF, 0xFF, 0xFF, 0xFF, 0xFF, 0x00, 
0x00, 0xFF, 0xFF, 0xFF, 0x00, 0x00, 0xFF, 0xFF, 0xFF, 0x24, 0xFF, 0x26, 0x00, 0x00, 0x26, 0xFF, 
0x26, 0x00, 0x00, 0x27, 0xFF, 0x23, 0x00, 0xFF, 0x00, 0x00, 0x00, 0x00, 0xFF, 0x00, 0x00, 0x00, 
0x00, 0xFF, 0x00, 0x00, 0xFF, 0x00, 0x00, 0x00, 0x00, 0xFF, 0x00, 0x00, 0x00, 0x00, 0xFF, 0x00, 
0x00, 0xFF, 0x00, 0x00, 0x00, 0x00, 0xFF, 0x00, 0x00, 0x00, 0x00, 0xFF, 0x00, 0x00, 0xFF, 0x00, 
0x00, 0x00, 0x00, 0xFF, 0x00, 0x00, 0x00, 0x00, 0xFF, 0x00, 0x00, 0xFF, 0x00, 0x00, 0x00, 0x00, 
0xFF, 0x00, 0x00, 0x00, 0x00, 0xFF, 0x00, 0x00, 0xFF, 0x00, 0x00, 0x00, 0x00, 0xFF, 0x00, 0x00, 
0x00, 0x00, 0xFF, 0x00, 0x1F, 0xFF, 0x11, 0x00, 0x00, 0x15, 0xFF, 0x17, 0x00, 0x00, 0x0D, 0xFF, 
0x1A, 0xFF, 0xFF, 0xFF, 0xFF, 0xFF, 0xFF, 0xFF, 0xFF, 0xFF, 0xFF, 0xFF, 0xFF, 0xFF, 0xFF, 0xFF, 
0xFF, 0x00, 0x00, 0xFF, 0xFF, 0xFF, 0x00, 0x00, 0xFF, 0xFF, 0xFF, 0x24, 0xFF, 0x26, 0x00, 0x00, 
0x26, 0xFF, 0x26, 0x00, 0x00, 0x27, 0xFF, 0x23, 0x00, 0xFF, 0x00, 0x00, 0x00, 0x00, 0xFF, 0x00, 
0x00, 0x00, 0x00, 0xFF, 0x00, 0x00, 0xFF, 0x00, 0x00, 0x00, 0x00, 0xFF, 0x00, 0x00, 0x00, 0x00, 
0xFF, 0x00, 0x00, 0xFF, 0x00, 0x00, 0x00, 0x00, 0xFF, 0x00, 0x00, 0x00, 0x00, 0xFF, 0x00, 0x00, 
0xFF, 0x00, 0x00, 0x00, 0x00, 0xFF, 0x00, 0x00, 0x00, 0x00, 0xFF, 0x00, 0x00, 0xFF, 0x00, 0x00, 
0x00, 0x00, 0xFF, 0x00, 0x00, 0x00, 0x00, 0xFF, 0x00, 0x00, 0xFF, 0x00, 0x00, 0x00, 0x00, 0xFF, 
0x00, 0x00, 0x00, 0x00, 0xFF, 0x00, 0x1F, 0xFF, 0x11, 0x00, 0x00, 0x15, 0xFF, 0x17, 0x00, 0x00, 
0x0D, 0xFF, 0x01, 0xFF, 0xFF, 0xFF, 0xFF, 0xFF, 0xFF, 0xFF, 0xFF, 0xFF, 0xFF, 0xFF, 0xFF, 0x4C, 
0x00, 0x00, 0x00, 0x00, 0x00, 0x00, 0x00, 0x00, 0x00, 0x0D, 0x56, 0xF6, 0xFF, 0x00, 0x00, 0x00, 
0x00, 0x00, 0x00, 0x00, 0x00, 0x00, 0x00, 0x00, 0x7B, 0xFF, 0x00, 0x00, 0x00, 0x00, 0x00, 0x00, 
0x00, 0x00, 0x00, 0x00, 0x00, 0x22, 0xFF, 0xB9, 0xFF, 0xFF, 0xFF, 0xFF, 0x00, 0x00, 0x00, 0x00, 
0xE8, 0x3F, 0x01, 0xFF, 0x20, 0x00, 0x00, 0x00, 0x00, 0x00, 0x00, 0x00, 0xFF, 0x00, 0x00, 0x00, 
0x00, 0x00, 0x00, 0x00, 0x00, 0xFF, 0x00, 0x00, 0x00, 0x00, 0x00, 0x00, 0x00, 0x00, 0xFF, 0xFD, 
0xF4, 0xD8, 0x89, 0x06, 0x00, 0x00, 0x00, 0xFF, 0x06, 0x05, 0x1B, 0x87, 0x95, 0x00, 0x00, 0x00, 
0xFF, 0x00, 0x00, 0x00, 0x0E, 0xEE, 0x00, 0x00, 0x00, 0xFF, 0x00, 0x00, 0x00, 0x11, 0xE9, 0x00, 
0x00, 0x21, 0xFF, 0x0B, 0x02, 0x17, 0x89, 0x95, 0x00, 0x00, 0xFF, 0xFF, 0xFF, 0xFF, 0xEF, 0xA3, 
0x0E, 0xFF, 0xFF, 0xFF, 0x00, 0x00, 0x00, 0x00, 0x00, 0xFF, 0xFF, 0xFF, 0x21, 0xFF, 0x20, 0x00, 
0x00, 0x00, 0x00, 0x00, 0x27, 0xFF, 0x1D, 0x00, 0xFF, 0x00, 0x00, 0x00, 0x00, 0x00, 0x00, 0x00, 
0xFF, 0x00, 0x00, 0xFF, 0x00, 0x00, 0x00, 0x00, 0x00, 0x00, 0x00, 0xFF, 0x00, 0x00, 0xFF, 0xFD, 
0xF4, 0xD8, 0x89, 0x06, 0x00, 0x00, 0xFF, 0x00, 0x00, 0xFF, 0x06, 0x05, 0x1B, 0x87, 0x95, 0x00, 
0x00, 0xFF, 0x00, 0x00, 0xFF, 0x00, 0x00, 0x00, 0x0E, 0xEE, 0x00, 0x00, 0xFF, 0x00, 0x00, 0xFF, 
0x00, 0x00, 0x00, 0x11, 0xE9, 0x00, 0x00, 0xFF, 0x00, 0x21, 0xFF, 0x0B, 0x02, 0x17, 0x89, 0x95, 
0x00, 0x1D, 0xFF, 0x1D, 0xFF, 0xFF, 0xFF, 0xFF, 0xEF, 0xA3, 0x0E, 0x00, 0xFF, 0xFF, 0xFF, 0xFF, 
0xFF, 0xFF, 0x00, 0x00, 0x00, 0x00, 0x21, 0xFF, 0x20, 0x00, 0x00, 0x00, 0x00, 0x00, 0xFF, 0x00, 
0x00, 0x00, 0x00, 0x00, 0x00, 0xFF, 0x00, 0x00, 0x00, 0x00, 0x00, 0x00, 0xFF, 0xFD, 0xF4, 0xD8, 
0x89, 0x06, 0x00, 0xFF, 0x06, 0x05, 0x1B, 0x87, 0x95, 0x00, 0xFF, 0x00, 0x00, 0x00, 0x0E, 0xEE, 
0x00, 0xFF, 0x00, 0x00, 0x00, 0x11, 0xE9, 0x21, 0xFF, 0x0B, 0x02, 0x17, 0x89, 0x95, 0xFF, 0xFF, 
0xFF, 0xFF, 0xEF, 0xA3, 0x0E, 0x09, 0x2D, 0x33, 0x6B, 0x6D, 0x38, 0x00, 0x00, 0x00, 0x1C, 0xFE, 
0x88, 0x1C, 0x19, 0x84, 0xB6, 0x11, 0x00, 0x29, 0x84, 0x00, 0x00, 0x00, 0x00, 0x8A, 0xC0, 0x03, 
0x21, 0x19, 0x00, 0x00, 0x00, 0x00, 0x1C, 0xFF, 0x53, 0x00, 0x00, 0x00, 0x00, 0x00, 0x00, 0x00, 
0xE8, 0x9E, 0x00, 0x00, 0x00, 0x39, 0x7F, 0x7F, 0x7F, 0xEF, 0xB5, 0x00, 0x00, 0x00, 0x00, 0x00, 
0x00, 0x01, 0xF2, 0x9A, 0x01, 0x00, 0x00, 0x00, 0x00, 0x00, 0x3D, 0xFF, 0x47, 0x35, 0x2E, 0x00, 
0x00, 0x00, 0x09, 0xC9, 0xAA, 0x00, 0x00, 0x47, 0x75, 0x5A, 0x6A, 0xC6, 0x8D, 0x05, 0x00, 0x00, 
0x00, 0x03, 0x26, 0x2E, 0x09, 0x00, 0x00, 0x00, 0xFF, 0xFF, 0xFF, 0x00, 0x00, 0x00, 0x20, 0xA8, 
0xF0, 0xF1, 0xA1, 0x13, 0x00, 0x1D, 0xFF, 0x1D, 0x00, 0x00, 0x22, 0xCE, 0x45, 0x09, 0x0B, 0x46, 
0xB6, 0x0A, 0x00, 0xFF, 0x00, 0x00, 0x00, 0xA9, 0x65, 0x00, 0x00, 0x00, 0x00, 0x66, 0x7D, 0x00, 
0xFF, 0x00, 0x00, 0x00, 0xEE, 0x20, 0x00, 0x00, 0x00, 0x00, 0x23, 0xD3, 0x00, 0xFF, 0xFF, 0xFF, 
0xFF, 0xFF, 0x08, 0x00, 0x00, 0x00, 0x00, 0x0C, 0xF7, 0x00, 0xFF, 0x00, 0x00, 0x00, 0xF1, 0x0B, 
0x00, 0x00, 0x00, 0x00, 0x09, 0xEF, 0x00, 0xFF, 0x00, 0x00, 0x00, 0xC8, 0x24, 0x00, 0x00, 0x00, 
0x00, 0x1F, 0xD1, 0x00, 0xFF, 0x00, 0x00, 0x00, 0x70, 0x68, 0x00, 0x00, 0x00, 0x00, 0x63, 0x85, 
0x1D, 0xFF, 0x1D, 0x00, 0x00, 0x07, 0xB5, 0x45, 0x09, 0x09, 0x44, 0xD5, 0x1E, 0xFF, 0xFF, 0xFF, 
0x00, 0x00, 0x00, 0x14, 0xA1, 0xED, 0xF5, 0xC0, 0x39, 0x00, 0x00, 0x00, 0x00, 0x00, 0x0A, 0x33, 
0x41, 0x43, 0x43, 0x42, 0x05, 0x00, 0x00, 0x00, 0x61, 0xED, 0x7A, 0x46, 0xB3, 0xE3, 0x0D, 0x00, 
0x00, 0x00, 0x0B, 0xF7, 0x90, 0x00, 0x00, 0x8B, 0xC5, 0x00, 0x00, 0x00, 0x00, 0x12, 0xFF, 0x79, 
0x00, 0x00, 0x8B, 0xC3, 0x00, 0x00, 0x00, 0x00, 0x00, 0x96, 0xE0, 0x22, 0x00, 0x8B, 0xC3, 0x00, 
0x00, 0x00, 0x00, 0x00, 0x00, 0x4A, 0xF6, 0xA0, 0xBE, 0xC3, 0x00, 0x00, 0x00, 0x00, 0x00, 0x00, 
0x94, 0xD7, 0x0A, 0x8B, 0xC3, 0x00, 0x00, 0x00, 0x00, 0x00, 0x4D, 0xF8, 0x30, 0x00, 0x8B, 0xC3, 
0x00, 0x00, 0x00, 0x00, 0x20, 0xEC, 0x70, 0x00, 0x00, 0x8F, 0xC6, 0x00, 0x00, 0x08, 0x64, 0xE0, 
0xB7, 0x01, 0x00, 0x3D, 0xD1, 0xF1, 0x52, 0x05, 0x52, 0xFB, 0xFF, 0xFA, 0x50, 0x00, 0xDA, 0x4E, 
0x00, 0x52, 0xFA, 0x00, 0x00, 0x00, 0x00, 0x00, 0xFF, 0x00, 0x51, 0xFA, 0xFF, 0xFF, 0xFF, 0x00, 
0xFA, 0x50, 0x00, 0x00, 0xFF, 0x00, 0xFA, 0x51, 0x0A, 0x43, 0xFF, 0x0B, 0x52, 0xF8, 0xCD, 0x39, 
0xD6, 0x83, 0x00, 0x9E, 0xF6, 0xF8, 0x94, 0x49, 0x72, 0x0A, 0x00, 0x00, 0x6B, 0x00, 0x00, 0x00, 
0x00, 0x5E, 0xA0, 0xF5, 0xB5, 0x0C, 0xC2, 0x79, 0x0B, 0x7A, 0x87, 0xFC, 0x0F, 0x00, 0x14, 0xDF, 
0xF6, 0x03, 0x00, 0x03, 0xF6, 0xD8, 0x17, 0x00, 0x11, 0xD7, 0x81, 0x7E, 0x0B, 0x77, 0x7A, 0x0C, 
0xB5, 0xF8, 0xAD, 0x08, 0xFF, 0xFF, 0xFF, 0xFB, 0xDD, 0x54, 0x1A, 0xFF, 0x01, 0x10, 0x5B, 0xEC, 
0x00, 0xFF, 0x02, 0x14, 0x6E, 0xDD, 0x00, 0xFF, 0xFF, 0xFF, 0xFE, 0x50, 0x00, 0xFF, 0x02, 0x13, 
0x68, 0xDB, 0x1F, 0xFF, 0x0E, 0x09, 0x59, 0xEC, 0xFF, 0xFF, 0xFF, 0xF8, 0xD2, 0x4F, 0xFF, 0xFF, 
0xFF, 0xFF, 0x5D, 0x1A, 0xFF, 0x00, 0x39, 0xC9, 0x00, 0xFF, 0x00, 0x00, 0x00, 0x00, 0xFF, 0x00, 
0x00, 0x00, 0x00, 0xFF, 0x00, 0x00, 0x00, 0x1F, 0xFF, 0x19, 0x00, 0x00, 0xFF, 0xFF, 0xFF, 0x00, 
0x00, 0xFF, 0xFF, 0xFF, 0xFF, 0xFF, 0xFF, 0x44, 0xFD, 0x00, 0x00, 0xFF, 0x1B, 0x09, 0xF2, 0x00, 
0x00, 0xFF, 0x00, 0x1E, 0xD5, 0x00, 0x00, 0xFF, 0x00, 0x3C, 0x9F, 0x00, 0x00, 0xFF, 0x00, 0x87, 
0x40, 0x00, 0x0B, 0xFF, 0x24, 0xFF, 0xFF, 0xFF, 0xFF, 0xFF, 0xFF, 0xFF, 0x73, 0x05, 0x03, 0x72, 
0xFF, 0xFF, 0x17, 0x00, 0x00, 0x15, 0xFF, 0x07, 0x98, 0xEE, 0xC8, 0x21, 0x81, 0x5E, 0x09, 0x51, 
0xB1, 0xDB, 0xFF, 0xFF, 0xFF, 0xEF, 0xF7, 0x00, 0x00, 0x00, 0x00, 0xE1, 0x00, 0x00, 0x00, 0x00, 
0x8D, 0x78, 0x0E, 0x28, 0xB6, 0x0C, 0xA5, 0xF3, 0xD4, 0x25, 0xC4, 0x86, 0x04, 0xFF, 0xFF, 0xFF, 
0x05, 0x7F, 0xC0, 0x00, 0x17, 0x57, 0x2D, 0xFF, 0x2C, 0x57, 0x16, 0x00, 0x00, 0x00, 0x9D, 0x1B, 
0xFF, 0x1C, 0x9E, 0x00, 0x00, 0x00, 0x00, 0x80, 0xFF, 0xFF, 0xFF, 0x7D, 0x00, 0x00, 0x00, 0x1D, 
0xD6, 0x17, 0xFF, 0x17, 0xD7, 0x1D, 0x00, 0x00, 0x97, 0x66, 0x26, 0xFF, 0x24, 0x67, 0x98, 0x00, 
0xE8, 0xE4, 0x07, 0xFF, 0xFF, 0xFF, 0x07, 0xE4, 0xE7, 0x00, 0xFF, 0x88, 0xF0, 0x75, 0x00, 0xFF, 
0x5A, 0x32, 0xF2, 0x00, 0x00, 0x0C, 0x6C, 0xC6, 0x00, 0x00, 0xFF, 0xED, 0x2B, 0x00, 0x00, 0x0D, 
0x5F, 0xD1, 0x73, 0x36, 0x09, 0x4F, 0xEC, 0x10, 0xB0, 0xF6, 0xDC, 0x4F, 0xFF, 0xFF, 0xFF, 0x00, 
0xFF, 0xFF, 0xFF, 0x1C, 0xFF, 0x1A, 0x00, 0x29, 0xFF, 0x1A, 0x00, 0xFF, 0x00, 0x15, 0xAA, 0xFF, 
0x00, 0x00, 0xFF, 0x55, 0xD5, 0x55, 0xFF, 0x00, 0x00, 0xFF, 0xAB, 0x15, 0x00, 0xFF, 0x00, 0x1F, 
0xFF, 0x26, 0x00, 0x20, 0xFF, 0x19, 0xFF, 0xFF, 0xFF, 0x00, 0xFF, 0xFF, 0xFF, 0x00, 0xDC, 0x6A, 
0x09, 0x67, 0xD8, 0x00, 0x00, 0x68, 0xE0, 0xF9, 0xD3, 0x4E, 0x00, 0x00, 0x00, 0x00, 0x00, 0x00, 
0x00, 0x00, 0xFF, 0xFF, 0xFF, 0x00, 0xFF, 0xFF, 0xFF, 0x1C, 0xFF, 0x1A, 0x00, 0x29, 0xFF, 0x1A, 
0x00, 0xFF, 0x00, 0x15, 0xAA, 0xFF, 0x00, 0x00, 0xFF, 0x55, 0xD5, 0x55, 0xFF, 0x00, 0x00, 0xFF, 
0xAB, 0x15, 0x00, 0xFF, 0x00, 0x1F, 0xFF, 0x26, 0x00, 0x20, 0xFF, 0x19, 0xFF, 0xFF, 0xFF, 0x00, 
0xFF, 0xFF, 0xFF, 0xFF, 0xFF, 0xFF, 0x00, 0x3C, 0x9A, 0xC0, 0x1A, 0xFF, 0x18, 0x01, 0x8B, 0x00, 
0x00, 0x00, 0xFF, 0x0F, 0x71, 0x8F, 0x00, 0x00, 0x00, 0xFF, 0xFF, 0xE1, 0x06, 0x00, 0x00, 0x00, 
0xFF, 0x06, 0xA0, 0x5B, 0x00, 0x00, 0x1F, 0xFF, 0x19, 0x0E, 0xD0, 0x1E, 0x00, 0xFF, 0xFF, 0xFF, 
0x00, 0x44, 0xE6, 0xEB, 0x00, 0xFF, 0xFF, 0xFF, 0xFF, 0xFF, 0xFF, 0x00, 0x20, 0xFF, 0x00, 0x00, 
0xFF, 0x1A, 0x00, 0x00, 0xFF, 0x00, 0x00, 0xFF, 0x00, 0x00, 0x01, 0xFF, 0x00, 0x00, 0xFF, 0x00, 
0x00, 0x09, 0xF8, 0x00, 0x00, 0xFF, 0x00, 0xCA, 0x4B, 0xDD, 0x00, 0x1C, 0xFF, 0x19, 0xC6, 0xEE, 
0x5E, 0x00, 0xFF, 0xFF, 0xFF, 0xFF, 0xFF, 0xD1, 0x00, 0x00, 0x00, 0x9C, 0xFF, 0xFF, 0x1A, 0xFF, 
0xCA, 0x2E, 0x00, 0x0E, 0xCE, 0xFF, 0x1A, 0x00, 0xFF, 0x72, 0x8A, 0x00, 0x6B, 0x72, 0xFF, 0x00, 
0x00, 0xFF, 0x1B, 0xE1, 0x02, 0xCA, 0x13, 0xFF, 0x00, 0x00, 0xFF, 0x00, 0xC1, 0x7D, 0xA3, 0x00, 
0xFF, 0x00, 0x1F, 0xFF, 0x21, 0x69, 0xFD, 0x3B, 0x26, 0xFF, 0x1D, 0xFF, 0xFF, 0xFF, 0x14, 0xCF, 
0x00, 0xFF, 0xFF, 0xFF, 0xFF, 0xFF, 0xFF, 0x00, 0xFF, 0xFF, 0xFF, 0x1D, 0xFF, 0x1C, 0x00, 0x1C, 
0xFF, 0x1C, 0x00, 0xFF, 0x00, 0x00, 0x00, 0xFF, 0x00, 0x00, 0xFF, 0xFF, 0xFF, 0xFF, 0xFF, 0x00, 
0x00, 0xFF, 0x00, 0x00, 0x00, 0xFF, 0x00, 0x1F, 0xFF, 0x1E, 0x00, 0x20, 0xFF, 0x1E, 0xFF, 0xFF, 
0xFF, 0x00, 0xFF, 0xFF, 0xFF, 0x51, 0xFA, 0xFF, 0xFA, 0x50, 0xFA, 0x50, 0x00, 0x52, 0xFA, 0xFF, 
0x00, 0x00, 0x00, 0xFF, 0xFF, 0x00, 0x00, 0x00, 0xFF, 0xFF, 0x00, 0x00, 0x00, 0xFF, 0xFA, 0x51, 
0x00, 0x50, 0xFA, 0x52, 0xFA, 0xFF, 0xFA, 0x51, 0xFF, 0xFF, 0xFF, 0xFF, 0xFF, 0xFF, 0xFF, 0x1A, 
0xFF, 0x00, 0x00, 0x00, 0xFF, 0x1A, 0x00, 0xFF, 0x00, 0x00, 0x00, 0xFF, 0x00, 0x00, 0xFF, 0x00, 
0x00, 0x00, 0xFF, 0x00, 0x00, 0xFF, 0x00, 0x00, 0x00, 0xFF, 0x00, 0x1F, 0xFF, 0x19, 0x00, 0x20, 
0xFF, 0x19, 0xFF, 0xFF, 0xFF, 0x00, 0xFF, 0xFF, 0xFF, 0x48, 0xD5, 0x4A, 0xEA, 0xFA, 0x50, 0xEC, 
0xFF, 0x55, 0x05, 0x52, 0xFA, 0x0B, 0xFF, 0x00, 0x00, 0x00, 0xFF, 0x00, 0xFF, 0x00, 0x00, 0x00, 
0xFF, 0x00, 0xFF, 0x03, 0x00, 0x00, 0xFF, 0x00, 0xFF, 0x8E, 0x03, 0x50, 0xFA, 0x00, 0xFF, 0x53, 
0xF7, 0xFA, 0x51, 0x00, 0xFF, 0x00, 0x00, 0x00, 0x00, 0x1A, 0xFF, 0x19, 0x00, 0x00, 0x00, 0xFF, 
0xFF, 0xFF, 0x00, 0x00, 0x00, 0x02, 0x81, 0xE8, 0xE7, 0x63, 0x71, 0x7B, 0x0D, 0x63, 0xD5, 0xD8, 
0x10, 0x00, 0x00, 0x00, 0xF7, 0x04, 0x00, 0x00, 0x00, 0xDE, 0x1A, 0x00, 0x00, 0x00, 0x89, 0x80, 
0x08, 0x2B, 0xDB, 0x0B, 0xA6, 0xEC, 0xC0, 0x5D, 0xA7, 0xFF, 0xFF, 0xFF, 0xB4, 0xE2, 0x27, 0xFF, 
0x28, 0xE6, 0x00, 0x00, 0xFF, 0x00, 0x00, 0x00, 0x00, 0xFF, 0x00, 0x00, 0x00, 0x00, 0xFF, 0x00, 
0x00, 0x00, 0x1F, 0xFF, 0x15, 0x00, 0x00, 0xFF, 0xFF, 0xFF, 0x00, 0x2C, 0xFF, 0xFF, 0x88, 0x00, 
0x84, 0xFF, 0xE8, 0x00, 0x3A, 0xE6, 0x09, 0x00, 0x17, 0xE5, 0x18, 0x00, 0x00, 0xA1, 0x5D, 0x00, 
0x6D, 0x92, 0x00, 0x00, 0x00, 0x32, 0xCC, 0x00, 0xC9, 0x35, 0x00, 0x00, 0x00, 0x00, 0xC4, 0x61, 
0xD8, 0x00, 0x00, 0x00, 0x00, 0x00, 0x55, 0xF7, 0x7C, 0x00, 0x00, 0x00, 0x00, 0x00, 0x05, 0xF7, 
0x21, 0x00, 0x00, 0x00, 0x00, 0x00, 0x3D, 0xC3, 0x00, 0x00, 0x00, 0x00, 0x00, 0x07, 0xB3, 0x5F, 
0x00, 0x00, 0x00, 0x00, 0xC7, 0xEA, 0x7C, 0x00, 0x00, 0x00, 0x00, 0x00, 0x00, 0x4A, 0xD9, 0x00, 
0x00, 0x00, 0x00, 0x00, 0xA5, 0xFF, 0x00, 0x00, 0x00, 0x00, 0x00, 0x01, 0xFF, 0x00, 0x00, 0x00, 
0x25, 0xE0, 0xBC, 0xFF, 0xBF, 0xDF, 0x20, 0xA1, 0x77, 0x1A, 0xFF, 0x07, 0x6E, 0x9C, 0xE6, 0x19, 
0x00, 0xFF, 0x00, 0x16, 0xE4, 0xF9, 0x04, 0x00, 0xFF, 0x00, 0x04, 0xF9, 0xE3, 0x12, 0x00, 0xFF, 
0x00, 0x14, 0xE3, 0x9E, 0x6F, 0x10, 0xFF, 0x14, 0x70, 0x9C, 0x22, 0xDE, 0xC2, 0xFF, 0xC1, 0xDD, 
0x20, 0x00, 0x00, 0x00, 0xFF, 0x00, 0x00, 0x00, 0x00, 0x00, 0x1D, 0xFF, 0x15, 0x00, 0x00, 0x00, 
0x00, 0xFF, 0xFF, 0xFF, 0x00, 0x00, 0xFF, 0xFF, 0xFF, 0x04, 0xFF, 0xFF, 0xFF, 0x17, 0x8F, 0x59, 
0x00, 0x3D, 0xE5, 0x35, 0x00, 0x00, 0x75, 0x83, 0xC6, 0x28, 0x00, 0x00, 0x00, 0x04, 0xD0, 0x93, 
0x00, 0x00, 0x00, 0x00, 0x99, 0x5F, 0x89, 0x58, 0x00, 0x23, 0xAD, 0x5C, 0x00, 0x27, 0xF8, 0x49, 
0xFF, 0xFF, 0xFF, 0x00, 0xF8, 0xFF, 0xFF, 0xFF, 0xFF, 0xFF, 0x00, 0xFF, 0xFF, 0xFF, 0x1A, 0xFF, 
0x1A, 0x00, 0x1E, 0xFF, 0x1A, 0x00, 0xFF, 0x00, 0x00, 0x00, 0xFF, 0x00, 0x00, 0xFF, 0x00, 0x00, 
0x00, 0xFF, 0x00, 0x00, 0xFF, 0x00, 0x00, 0x00, 0xFF, 0x00, 0x1F, 0xFF, 0x0D, 0x00, 0x0E, 0xFF, 
0x01, 0xFF, 0xFF, 0xFF, 0xFF, 0xFF, 0xFF, 0x49, 0x00, 0x00, 0x00, 0x00, 0x17, 0x9F, 0xFF, 0x00, 
0x00, 0x00, 0x00, 0x00, 0x15, 0xFF, 0xFF, 0xFF, 0xFF, 0x00, 0xFF, 0xFF, 0xFF, 0x20, 0xFF, 0x15, 
0x00, 0x11, 0xFF, 0x1A, 0x00, 0xFF, 0x1D, 0x14, 0x90, 0xFF, 0x00, 0x00, 0xC6, 0xF9, 0xD1, 0x53, 
0xFF, 0x00, 0x00, 0x00, 0x00, 0x00, 0x00, 0xFF, 0x00, 0x00, 0x00, 0x00, 0x00, 0x18, 0xFF, 0x1D, 
0x00, 0x00, 0x00, 0x00, 0xFF, 0xFF, 0xFF, 0xFF, 0xFF, 0xFF, 0x00, 0xFF, 0xFF, 0xFF, 0x00, 0xFF, 
0xFF, 0xFF, 0x1A, 0xFF, 0x1A, 0x00, 0x1C, 0xFF, 0x23, 0x00, 0x1A, 0xFF, 0x1A, 0x00, 0xFF, 0x00, 
0x00, 0x00, 0xFF, 0x00, 0x00, 0x00, 0xFF, 0x00, 0x00, 0xFF, 0x00, 0x00, 0x00, 0xFF, 0x00, 0x00, 
0x00, 0xFF, 0x00, 0x00, 0xFF, 0x00, 0x00, 0x00, 0xFF, 0x00, 0x00, 0x00, 0xFF, 0x00, 0x20, 0xFF, 
0x13, 0x00, 0x10, 0xFF, 0x10, 0x00, 0x0E, 0xFF, 0x16, 0xFF, 0xFF, 0xFF, 0xFF, 0xFF, 0xFF, 0xFF, 
0xFF, 0xFF, 0xFF, 0xFF, 0xFF, 0xFF, 0xFF, 0x00, 0xFF, 0xFF, 0xFF, 0x00, 0xFF, 0xFF, 0xFF, 0x1A, 
0xFF, 0x1A, 0x00, 0x1C, 0xFF, 0x23, 0x00, 0x1A, 0xFF, 0x1A, 0x00, 0xFF, 0x00, 0x00, 0x00, 0xFF, 
0x00, 0x00, 0x00, 0xFF, 0x00, 0x00, 0xFF, 0x00, 0x00, 0x00, 0xFF, 0x00, 0x00, 0x00, 0xFF, 0x00, 
0x00, 0xFF, 0x00, 0x00, 0x00, 0xFF, 0x00, 0x00, 0x00, 0xFF, 0x00, 0x20, 0xFF, 0x13, 0x00, 0x10, 
0xFF, 0x10, 0x00, 0x0E, 0xFF, 0x00, 0xFF, 0xFF, 0xFF, 0xFF, 0xFF, 0xFF, 0xFF, 0xFF, 0xFF, 0xFF, 
0x24, 0x00, 0x00, 0x00, 0x00, 0x00, 0x00, 0x00, 0x01, 0x1A, 0xA4, 0xFF, 0x00, 0x00, 0x00, 0x00, 
0x00, 0x00, 0x00, 0x00, 0x00, 0x18, 0xFF, 0x5C, 0xFF, 0xFF, 0xFF, 0x00, 0x00, 0x00, 0xC9, 0x33, 
0xFF, 0x15, 0x00, 0x00, 0x00, 0x00, 0x00, 0xFF, 0x00, 0x00, 0x00, 0x00, 0x00, 0x00, 0xFF, 0xFF, 
0xF4, 0xC7, 0x40, 0x00, 0x00, 0xFF, 0x03, 0x0D, 0x66, 0xE4, 0x00, 0x20, 0xFF, 0x0B, 0x0B, 0x5F, 
0xE1, 0x00, 0xFF, 0xFF, 0xFF, 0xF4, 0xCA, 0x3F, 0xFF, 0xFF, 0xFF, 0x00, 0x00, 0x00, 0xFF, 0xFF, 
0xFF, 0x1A, 0xFF, 0x14, 0x00, 0x00, 0x00, 0x19, 0xFF, 0x1E, 0x00, 0xFF, 0x00, 0x00, 0x00, 0x00, 
0x00, 0xFF, 0x00, 0x00, 0xFF, 0xFC, 0xF1, 0xC4, 0x3D, 0x00, 0xFF, 0x00, 0x00, 0xFF, 0x01, 0x12, 
0x64, 0xE3, 0x00, 0xFF, 0x00, 0x1F, 0xFF, 0x0D, 0x0D, 0x64, 0xDE, 0x1A, 0xFF, 0x1D, 0xFF, 0xFF, 
0xFF, 0xF6, 0xC9, 0x39, 0xFF, 0xFF, 0xFF, 0xFF, 0xFF, 0xFF, 0x00, 0x00, 0x00, 0x1A, 0xFF, 0x14, 
0x00, 0x00, 0x00, 0x00, 0xFF, 0x00, 0x00, 0x00, 0x00, 0x00, 0xFF, 0xFC, 0xF1, 0xC4, 0x3D, 0x00, 
0xFF, 0x01, 0x12, 0x64, 0xE3, 0x1F, 0xFF, 0x0D, 0x0D, 0x64, 0xDE, 0xFF, 0xFF, 0xFF, 0xF6, 0xC9, 
0x39, 0x19, 0x36, 0x64, 0x43, 0x00, 0x00, 0x63, 0x74, 0x0F, 0x99, 0x9C, 0x00, 0x3C, 0x01, 0x00, 
0x0E, 0xF9, 0x42, 0x00, 0x00, 0x60, 0x73, 0xE7, 0x79, 0x00, 0x00, 0x00, 0x00, 0xC9, 0x68, 0x17, 
0x00, 0x00, 0x0A, 0xE5, 0x1D, 0x2F, 0x59, 0x48, 0xA1, 0x4F, 0x00, 0x00, 0x07, 0x25, 0x04, 0x00, 
0x00, 0xFF, 0xFF, 0xFF, 0x00, 0x0A, 0xA7, 0xF4, 0xB3, 0x0C, 0x1D, 0xFF, 0x1B, 0x00, 0x87, 0x7B, 
0x10, 0x90, 0x87, 0x00, 0xFF, 0x00, 0x00, 0xDE, 0x10, 0x00, 0x21, 0xE0, 0x00, 0xFF, 0xFF, 0xFF, 
0xFF, 0x06, 0x00, 0x06, 0xF8, 0x00, 0xFF, 0x00, 0x00, 0xEB, 0x24, 0x00, 0x0F, 0xD7, 0x1A, 0xFF, 
0x19, 0x00, 0x9E, 0x96, 0x10, 0x72, 0x7E, 0xFF, 0xFF, 0xFF, 0x00, 0x14, 0xB7, 0xF4, 0xA8, 0x08, 
0x00, 0x00, 0x5E, 0xE2, 0xFE, 0xFF, 0xFF, 0x00, 0x00, 0xF0, 0x44, 0x07, 0xFF, 0x1F, 0x00, 0x00, 
0xC5, 0x67, 0x09, 0xFF, 0x00, 0x00, 0x00, 0x12, 0xC8, 0xFE, 0xFF, 0x00, 0x00, 0x00, 0x19, 0xD6, 
0x09, 0xFF, 0x00, 0x00, 0x02, 0xA1, 0x5A, 0x20, 0xFF, 0x1F, 0x04, 0xFF, 0xC8, 0x01, 0xFF, 0xFF, 
0xFF, 0x00, 0x01, 0x0A, 0x00, 0x0C, 0x00, 0x00, 0x74, 0xCE, 0x0F, 0xFB, 0x36, 0x00, 0x13, 0x2F, 
0x00, 0x3D, 0x05, 0x00, 0x00, 0x40, 0x67, 0x2B, 0x00, 0x00, 0x84, 0x32, 0x35, 0xE8, 0x49, 0x37, 
0xB2, 0x4C, 0x4C, 0xC0, 0xB7, 0x6B, 0x96, 0x18, 0x18, 0x18, 0x13, 0x67, 0xC4, 0x00, 0x00, 0x00, 
0x1A, 0x28, 0xFC, 0x78, 0x05, 0x1D, 0x68, 0x00, 0x6B, 0xF9, 0xF9, 0xC1, 0x0D, 0x00, 0x00, 0x0B, 
0x20, 0x00, 0x00, 0x00, 0x00, 0x00, 0x00, 0xFF, 0xFF, 0xFF, 0xFF, 0xFF, 0xFF, 0xFF, 0xFF, 0xFF, 
0xFF, 0xFF, 0xFF, 0xFF, 0xFF, 0xFF, 0xFF, 0xFF, 0xFF, 0xFF, 0xFF, 0xFF, 0xFF, 0xFF, 0xFF, 0xFF, 
0xFF, 0xFF, 0xFF, 0xFF, 0xFF, 0xFF, 0xFF, 0xFF, 0xFF, 0xFF, 0xFF, 0xFF, 0xFF, 0xFF, 0xFF, 0xFF, 
0x43, 0xA8, 0xE6, 0x38, 0xB3, 0xC8, 0xCA, 0xB0, 0x0E, 0xE6, 0x6C, 0x42, 0xC7, 0xB2, 0x13, 0xE6, 
0x83, 0x3C, 0x8B, 0xCB, 0xF2, 0xD5, 0xEB, 0x09, 0x95, 0x82, 0x09, 0xAC, 0x46, 0x6A, 0x00, 0x4B, 
0x66, 0xE9, 0x0E, 0x00, 0xEA, 0x0D, 0xB1, 0xC8, 0x00, 0xB2, 0xC7, 0xC6, 0xB0, 0x00, 0xC8, 0xAD, 
0x0F, 0xEA, 0x00, 0x10, 0xE8, 0x6A, 0x4B, 0x00, 0x6C, 0x46, 0xC6, 0xB0, 0x00, 0xC8, 0xAD, 0x0F, 
0xEA, 0x00, 0x10, 0xE8, 0x6A, 0x4B, 0x00, 0x6C, 0x46, 0x8B, 0xCB, 0x00, 0x8B, 0xCB, 0xF2, 0xD5, 
0x00, 0xF2, 0xD5, 0xEB, 0x09, 0x00, 0xEB, 0x09, 0x95, 0x82, 0x00, 0x95, 0x82, 0x09, 0xAC, 0x00, 
0x09, 0xAC, 0x00, 0x00, 0x00, 0x00, 0x00, 0x00, 0x00, 0x02, 0xC4, 0x4D, 0xC4, 0x99, 0x76, 0xDE, 
0x27, 0x02, 0xC4, 0x00, 0x02, 0xC4, 0x4D, 0xC4, 0x00, 0x4D, 0xC4, 0x99, 0x76, 0x00, 0x99, 0x76, 
0xDE, 0x27, 0x00, 0xDE, 0x27, 0x00, 0x49, 0xB6, 0x04, 0xD2, 0x29, 0x6E, 0x92, 0x00, 0xDB, 0x24, 
0x00, 0x6E, 0x92, 0x00, 0x04, 0xD2, 0x28, 0x00, 0x49, 0xB6, 0xB7, 0x49, 0x00, 0x29, 0xD2, 0x04, 
0x00, 0x93, 0x6D, 0x00, 0x25, 0xDB, 0x00, 0x93, 0x6D, 0x29, 0xD2, 0x04, 0xB7, 0x49, 0x00, 0xFF, 
0xFF, 0xFF, 0xFF, 0xFF, 0x00, 0x00, 0x00, 0x00, 0x00, 0x00, 0x00, 0x59, 0xCB, 0x00, 0x00, 0x00, 
0x00, 0x00, 0x00, 0x00, 0x00, 0x00, 0x00, 0x38, 0xF3, 0x4C, 0x00, 0x00, 0x00, 0x00, 0x00, 0x00, 
0x00, 0x00, 0x00, 0x00, 0xEA, 0xFF, 0xFF, 0xFF, 0xFF, 0xFF, 0xFF, 0xFF, 0xFF, 0xFF, 0xFF, 0xFF, 
0xFF, 0x33, 0xF1, 0x4C, 0x00, 0x00, 0x00, 0x00, 0x00, 0x00, 0x00, 0x00, 0x00, 0x00, 0x00, 0x57, 
0xCA, 0x00, 0x00, 0x00, 0x00, 0x00, 0x00, 0x00, 0x00, 0x00, 0x00, 0x00, 0x35, 0xE7, 0x2D, 0x00, 
0x5A, 0xF3, 0xFF, 0xEE, 0x55, 0xCB, 0x4C, 0xFF, 0x4B, 0xC9, 0x00, 0x00, 0xFF, 0x00, 0x00, 0x00, 
0x00, 0xFF, 0x00, 0x00, 0x00, 0x00, 0xFF, 0x00, 0x00, 0x00, 0x00, 0xFF, 0x00, 0x00, 0x00, 0x00, 
0xFF, 0x00, 0x00, 0x00, 0x00, 0xFF, 0x00, 0x00, 0x00, 0x00, 0xFF, 0x00, 0x00, 0x00, 0x00, 0xFF, 
0x00, 0x00, 0x00, 0x00, 0xFF, 0x00, 0x00, 0x00, 0x00, 0x00, 0x00, 0x00, 0x00, 0x00, 0x00, 0x00, 
0x00, 0xCB, 0x59, 0x00, 0x00, 0x00, 0x00, 0x00, 0x00, 0x00, 0x00, 0x00, 0x00, 0x00, 0x4C, 0xF3, 
0x38, 0xFF, 0xFF, 0xFF, 0xFF, 0xFF, 0xFF, 0xFF, 0xFF, 0xFF, 0xFF, 0xFF, 0xFF, 0xE9, 0x00, 0x00, 
0x00, 0x00, 0x00, 0x00, 0x00, 0x00, 0x00, 0x00, 0x4B, 0xF0, 0x31, 0x00, 0x00, 0x00, 0x00, 0x00, 
0x00, 0x00, 0x00, 0x00, 0x00, 0xC9, 0x57, 0x00, 0x00, 0x00, 0xFF, 0x00, 0x00, 0x00, 0x00, 0xFF, 
0x00, 0x00, 0x00, 0x00, 0xFF, 0x00, 0x00, 0x00, 0x00, 0xFF, 0x00, 0x00, 0x00, 0x00, 0xFF, 0x00, 
0x00, 0x00, 0x00, 0xFF, 0x00, 0x00, 0x00, 0x00, 0xFF, 0x00, 0x00, 0x00, 0x00, 0xFF, 0x00, 0x00, 
0x00, 0x00, 0xFF, 0x00, 0x00, 0xCB, 0x4C, 0xFF, 0x4B, 0xC8, 0x5A, 0xF4, 0xFF, 0xEF, 0x55, 0x00, 
0x35, 0xE8, 0x2F, 0x00, 0x00, 0x56, 0xCB, 0x00, 0x00, 0x00, 0x00, 0x00, 0x00, 0xCC, 0x56, 0x00, 
0x32, 0xF0, 0x4D, 0x00, 0x00, 0x00, 0x00, 0x00, 0x00, 0x4D, 0xEF, 0x30, 0xE9, 0xFF, 0xFF, 0xFF, 
0xFF, 0xFF, 0xFF, 0xFF, 0xFF, 0xFF, 0xFF, 0xE9, 0x35, 0xF1, 0x4D, 0x00, 0x00, 0x00, 0x00, 0x00, 
0x00, 0x4C, 0xF0, 0x33, 0x00, 0x57, 0xCB, 0x00, 0x00, 0x00, 0x00, 0x00, 0x00, 0xCC, 0x56, 0x00, 
0x00, 0x33, 0xEA, 0x33, 0x00, 0x56, 0xF0, 0xFF, 0xF0, 0x56, 0xCB, 0x4C, 0xFF, 0x4C, 0xCB, 0x00, 
0x00, 0xFF, 0x00, 0x00, 0x00, 0x00, 0xFF, 0x00, 0x00, 0x00, 0x00, 0xFF, 0x00, 0x00, 0x00, 0x00, 
0xFF, 0x00, 0x00, 0x00, 0x00, 0xFF, 0x00, 0x00, 0x00, 0x00, 0xFF, 0x00, 0x00, 0x00, 0x00, 0xFF, 
0x00, 0x00, 0xCC, 0x4D, 0xFF, 0x4D, 0xCB, 0x57, 0xF1, 0xFF, 0xF1, 0x57, 0x00, 0x35, 0xEB, 0x35, 
0x00, 0x25, 0xD4, 0xE2, 0x32, 0x2D, 0xD1, 0xF4, 0xB0, 0x13, 0xB5, 0x80, 0x11, 0x88, 0xD0, 0x6A, 
0x0D, 0x8E, 0xA2, 0xF0, 0x0E, 0x00, 0x4A, 0xE6, 0x01, 0x00, 0x12, 0xEC, 0xEF, 0x11, 0x00, 0x7E, 
0xB9, 0x00, 0x00, 0x12, 0xEC, 0xAD, 0x80, 0x1F, 0xE2, 0x85, 0x56, 0x0C, 0x94, 0xA3, 0x1D, 0xC5, 
0xE2, 0x6A, 0x00, 0x7D, 0xF1, 0xBA, 0x15, 0x59, 0xEA, 0xE7, 0xA7, 0x5E, 0x1C, 0x38, 0xE7, 0xE2, 
0x33, 0x20, 0x62, 0xAB, 0xEA, 0xEE, 0x5A, 0x00, 0x00, 0x00, 0x00, 0x00, 0x00, 0x00, 0x00, 0x59, 
0xEA, 0xE6, 0xA7, 0x5E, 0x1C, 0x38, 0xE7, 0xE2, 0x33, 0x20, 0x61, 0xAB, 0xE8, 0xEE, 0x5A, 0x00, 
0x00, 0x00, 0x00, 0x00, 0xAB, 0x50, 0x00, 0x00, 0x00, 0x00, 0x00, 0x0A, 0xE8, 0x08, 0x00, 0x00, 
0x00, 0x00, 0x00, 0x55, 0xA6, 0x00, 0x00, 0x00, 0x00, 0x00, 0x00, 0xAA, 0x52, 0x00, 0x00, 0xFF, 
0xFF, 0xFF, 0xFF, 0xFF, 0xFF, 0xFF, 0xFF, 0x00, 0x00, 0x00, 0x57, 0xA5, 0x00, 0x00, 0x00, 0x00, 
0x00, 0x00, 0xAA, 0x51, 0x00, 0x00, 0x00, 0xFF, 0xFF, 0xFF, 0xFF, 0xFF, 0xFF, 0xFF, 0xFF, 0x00, 
0x00, 0x57, 0xA4, 0x00, 0x00, 0x00, 0x00, 0x00, 0x00, 0xAC, 0x4F, 0x00, 0x00, 0x00, 0x00, 0x00, 
0x0B, 0xE8, 0x08, 0x00, 0x00, 0x00, 0x00, 0x00, 0x56, 0xA6, 0x00, 0x00, 0x00, 0x00, 0x00, 0x00, 
0x07, 0x7B, 0xD9, 0xF7, 0xD8, 0x79, 0x06, 0x00, 0x0B, 0xC1, 0x81, 0x27, 0x08, 0x27, 0x81, 0xBE, 
0x09, 0x90, 0x61, 0xB4, 0x00, 0x00, 0x00, 0xB4, 0x61, 0x8C, 0xEB, 0x1F, 0x00, 0x00, 0x00, 0x00, 
0x00, 0x21, 0xE9, 0xFA, 0x07, 0x00, 0x00, 0x00, 0x00, 0x00, 0x08, 0xF9, 0xDA, 0x1D, 0xB0, 0x77, 
0x12, 0x76, 0xB0, 0x21, 0xDA, 0x7F, 0x5D, 0x27, 0xC6, 0xF7, 0xC6, 0x27, 0x60, 0x7E, 0x08, 0xBE, 
0x7E, 0x26, 0x07, 0x26, 0x7F, 0xBE, 0x07, 0x00, 0x08, 0x7F, 0xDA, 0xF8, 0xDA, 0x7D, 0x07, 0x00, 
0x00, 0x07, 0x7B, 0xD9, 0xF7, 0xD8, 0x79, 0x06, 0x00, 0x0B, 0xCA, 0xFF, 0xFF, 0xFF, 0xFF, 0xFF, 
0xC7, 0x09, 0x90, 0xFF, 0x4C, 0xFF, 0xFF, 0xFF, 0x4C, 0xFF, 0x8C, 0xEB, 0xFF, 0xFF, 0xFF, 0xFF, 
0xFF, 0xFF, 0xFF, 0xE9, 0xFA, 0xFF, 0xFF, 0xFF, 0xFF, 0xFF, 0xFF, 0xFF, 0xF9, 0xDA, 0xFF, 0x4E, 
0x88, 0xEE, 0x88, 0x4F, 0xFF, 0xDA, 0x7F, 0xFF, 0xD8, 0x39, 0x08, 0x39, 0xD8, 0xFF, 0x7E, 0x08, 
0xC8, 0xFF, 0xFF, 0xFF, 0xFF, 0xFF, 0xC7, 0x07, 0x00, 0x08, 0x7F, 0xDA, 0xF8, 0xDA, 0x7D, 0x07, 
0x00, 0x00, 0x00, 0x00, 0x00, 0x00, 0x00, 0xFF, 0x00, 0x00, 0x00, 0x00, 0x00, 0x00, 0x00, 0x1F, 
0x18, 0x00, 0x00, 0x00, 0xFF, 0x00, 0x00, 0x00, 0x19, 0x1F, 0x00, 0x00, 0x20, 0xB9, 0x1D, 0x75, 
0xDB, 0xFF, 0xE2, 0x69, 0x1C, 0xB8, 0x1F, 0x00, 0x00, 0x00, 0x21, 0xED, 0xA9, 0x2E, 0x08, 0x2F, 
0xAB, 0xED, 0x1F, 0x00, 0x00, 0x00, 0x00, 0x73, 0xAA, 0x00, 0x00, 0x00, 0x00, 0x00, 0xAA, 0x7A, 
0x00, 0x00, 0x00, 0x00, 0xDC, 0x2E, 0x00, 0x00, 0x00, 0x00, 0x00, 0x2E, 0xE8, 0x00, 0x00, 0xFF, 
0xFF, 0xFF, 0x08, 0x00, 0x00, 0x00, 0x00, 0x00, 0x08, 0xFF, 0xFF, 0xFF, 0x00, 0x00, 0xDB, 0x2D, 
0x00, 0x00, 0x00, 0x00, 0x00, 0x2E, 0xD7, 0x00, 0x00, 0x00, 0x00, 0x73, 0xA6, 0x00, 0x00, 0x00, 
0x00, 0x00, 0xAA, 0x64, 0x00, 0x00, 0x00, 0x00, 0x21, 0xEC, 0xA6, 0x2D, 0x08, 0x2D, 0xA9, 0xEB, 
0x1E, 0x00, 0x00, 0x00, 0x1F, 0xB7, 0x1B, 0x77, 0xD9, 0xFF, 0xDE, 0x7B, 0x1C, 0xB7, 0x1F, 0x00, 
0x00, 0x20, 0x18, 0x00, 0x00, 0x00, 0xFF, 0x00, 0x00, 0x00, 0x19, 0x1F, 0x00, 0x00, 0x00, 0x00, 
0x00, 0x00, 0x00, 0xFF, 0x00, 0x00, 0x00, 0x00, 0x00, 0x00, 0x00, 0x55, 0xD1, 0xF7, 0xD0, 0x52, 
0x00, 0x56, 0xDD, 0x3F, 0x08, 0x40, 0xDF, 0x53, 0xD2, 0x3D, 0x00, 0x00, 0x00, 0x40, 0xD0, 0xF8, 
0x0A, 0x00, 0x00, 0x00, 0x0A, 0xF6, 0xD6, 0x43, 0x00, 0x00, 0x00, 0x43, 0xD2, 0x66, 0xE1, 0x43, 
0x0C, 0x43, 0xE1, 0x5F, 0x00, 0x70, 0xE6, 0xFF, 0xDF, 0x6B, 0x00, 0x00, 0x00, 0x00, 0xFF, 0x00, 
0x00, 0x00, 0x00, 0x00, 0x00, 0xFF, 0x00, 0x00, 0x00, 0x00, 0x00, 0x00, 0xFF, 0x00, 0x00, 0x00, 
0xFF, 0xFF, 0xFF, 0xFF, 0xFF, 0xFF, 0xFF, 0x00, 0x00, 0x00, 0xFF, 0x00, 0x00, 0x00, 0x00, 0x00, 
0x00, 0xFF, 0x00, 0x00, 0x00, 0x00, 0x00, 0x00, 0xFF, 0x00, 0x00, 0x00, 0x00, 0x00, 0x00, 0x00, 
0x15, 0xAA, 0xF1, 0x2A, 0x00, 0x00, 0x00, 0x00, 0x54, 0xA4, 0x6C, 0xE1, 0x7D, 0x00, 0x00, 0x00, 
0x00, 0x2A, 0x00, 0x8C, 0x89, 0x99, 0x0C, 0x00, 0x00, 0x00, 0x00, 0x02, 0xE5, 0x2F, 0x64, 0x69, 
0x00, 0x00, 0x00, 0x00, 0x46, 0xD6, 0x00, 0x21, 0xC8, 0x00, 0x00, 0x00, 0x00, 0xA3, 0x7D, 0x00, 
0x00, 0x00, 0x00, 0x7B, 0xEA, 0xD0, 0xF4, 0x26, 0x00, 0x00, 0x00, 0x63, 0xDE, 0x3F, 0x08, 0x40, 
0xA4, 0x12, 0x00, 0x00, 0xD4, 0x3D, 0x00, 0x00, 0x00, 0x40, 0xA7, 0x00, 0x00, 0xF6, 0x0A, 0x00, 
0x00, 0x00, 0x0A, 0xF2, 0x00, 0x00, 0xD2, 0x43, 0x00, 0x00, 0x00, 0x43, 0xDF, 0x00, 0x00, 0x59, 
0xE1, 0x43, 0x0C, 0x43, 0xE1, 0x69, 0x00, 0x00, 0x00, 0x59, 0xD2, 0xF8, 0xD5, 0x63, 0x00, 0x00, 
0x00, 0x00, 0x00, 0x00, 0x1E, 0x00, 0x00, 0x00, 0x00, 0x00, 0x07, 0xCB, 0x0B, 0x00, 0x00, 0x00, 
0x02, 0xA3, 0xFF, 0xB1, 0x06, 0x00, 0x0C, 0xB5, 0xFF, 0xFF, 0xFF, 0xB9, 0x0B, 0xAA, 0xFF, 0xFF, 
0xFF, 0xFF, 0xFF, 0xA8, 0xF1, 0xFF, 0xFF, 0xF3, 0xFF, 0xFF, 0xF4, 0x7F, 0xF5, 0xBC, 0x62, 0xB8, 
0xF4, 0x7D, 0x00, 0x11, 0x64, 0xF4, 0x61, 0x10, 0x00, 0x00, 0xFF, 0xFF, 0xFF, 0xFF, 0xFF, 0x00, 
0x00, 0x00, 0x00, 0x5E, 0xEC, 0x5A, 0x00, 0x00, 0x00, 0x00, 0x00, 0x00, 0xDD, 0xFF, 0xDC, 0x00, 
0x00, 0x00, 0x00, 0x00, 0x00, 0xF1, 0xFF, 0xED, 0x00, 0x00, 0x00, 0x58, 0xD9, 0xEC, 0xDE, 0xFF, 
0xE0, 0xF2, 0xDB, 0x5D, 0xEF, 0xFF, 0xFF, 0xE1, 0xFF, 0xE6, 0xFF, 0xFF, 0xEE, 0x73, 0xF0, 0xD6, 
0x5F, 0xFF, 0x5C, 0xCE, 0xF1, 0x73, 0x00, 0x0A, 0x3B, 0xCC, 0xFF, 0xCB, 0x3E, 0x0B, 0x00, 0x00, 
0xC8, 0xFF, 0xFF, 0xFF, 0xFF, 0xFF, 0xD1, 0x00, 0x6E, 0xF1, 0xB1, 0x0F, 0xB6, 0xF1, 0x52, 0xF1, 
0xFF, 0xFF, 0xCC, 0xFF, 0xFF, 0xDE, 0xDC, 0xFF, 0xFF, 0xFF, 0xFF, 0xFF, 0xDD, 0x66, 0xFF, 0xFF, 
0xFF, 0xFF, 0xFF, 0x6F, 0x01, 0xBB, 0xFF, 0xFF, 0xFF, 0xC5, 0x03, 0x00, 0x1C, 0xEF, 0xFF, 0xF1, 
0x21, 0x00, 0x00, 0x00, 0x62, 0xFF, 0x65, 0x00, 0x00, 0x00, 0x00, 0x02, 0xBA, 0x01, 0x00, 0x00, 
0x00, 0x00, 0x00, 0x11, 0x00, 0x00, 0x00, 0x00, 0x00, 0x04, 0x9F, 0x05, 0x00, 0x00, 0x00, 0x00, 
0x87, 0xFF, 0x88, 0x00, 0x00, 0x00, 0x50, 0xFE, 0xFF, 0xFE, 0x4E, 0x00, 0x2D, 0xF2, 0xFF, 0xFF, 
0xFF, 0xF2, 0x2C, 0xC8, 0xFF, 0xFF, 0xFF, 0xFF, 0xFF, 0xC5, 0x30, 0xF3, 0xFF, 0xFF, 0xFF, 0xF1, 
0x2A, 0x00, 0x51, 0xFE, 0xFF, 0xFE, 0x4B, 0x00, 0x00, 0x00, 0x8A, 0xFF, 0x86, 0x00, 0x00, 0x00, 
0x00, 0x04, 0x9E, 0x04, 0x00, 0x00, 0x00, 0x00, 0x00, 0xFE, 0xF7, 0xBF, 0x2E, 0x00, 0x00, 0x00, 
0xFF, 0xFF, 0xFF, 0xCC, 0x00, 0x00, 0x00, 0xFF, 0x0A, 0x4B, 0xFC, 0x00, 0x00, 0x00, 0xFF, 0x00, 
0x00, 0x00, 0x00, 0x00, 0x00, 0xFF, 0x00, 0x00, 0x00, 0x00, 0x00, 0x00, 0xFF, 0x00, 0x00, 0x00, 
0x74, 0xF1, 0xDD, 0xFF, 0x00, 0x00, 0x00, 0xF3, 0xFF, 0xFF, 0xEE, 0x00, 0x00, 0x00, 0x8B, 0xF5, 
0xDA, 0x5D, 0x00, 0x00, 0x00, 0x00, 0x00, 0x00, 0x00, 0x00, 0x00, 0x2A, 0x7F, 0xD4, 0x00, 0x00, 
0x00, 0x2A, 0x7F, 0xD4, 0xFF, 0xFF, 0xFF, 0x00, 0x00, 0x00, 0xFF, 0xFF, 0xFF, 0xC0, 0x40, 0xFF, 
0x00, 0x00, 0x00, 0xFF, 0xC0, 0x40, 0x00, 0x00, 0xFF, 0x00, 0x00, 0x00, 0xFF, 0x00, 0x00, 0x00, 
0x00, 0xFF, 0x00, 0x00, 0x00, 0xFF, 0x00, 0x00, 0x00, 0x00, 0xFF, 0x00, 0x00, 0x00, 0xFF, 0x00, 
0x00, 0x00, 0x00, 0xFF, 0x00, 0x00, 0x00, 0xFF, 0x00, 0x00, 0x00, 0x00, 0xFF, 0x00, 0x00, 0x00, 
0xFF, 0x00, 0xA4, 0xF6, 0xE1, 0xFD, 0x74, 0xF1, 0xDD, 0xFE, 0x00, 0xE8, 0xFF, 0xFF, 0xDE, 0xF3, 
0xFF, 0xFF, 0xE6, 0x00, 0x61, 0xF0, 0xDC, 0x45, 0x8B, 0xF5, 0xDF, 0x50, 0x00, 0x00, 0x00, 0x00, 
0x00, 0x00, 0x08, 0x7A, 0x54, 0x69, 0x6D, 0x65, 0x73, 0x4E, 0x52, 0x00, 0x08, 0x7A, 0x54, 0x69, 
0x6D, 0x65, 0x73, 0x4E, 0x52, 0x01};