const uint8_t  zCalibri18[] PROGMEM = {
0x00, 0x00, 0x00, 0xBD, 0x00, 0x00, 0x00, 0x0B, 0x00, 0x00, 0x00, 0x12, 0x00, 0x00, 0x00, 0x00, 
0x00, 0x00, 0x00, 0x0C, 0x00, 0x00, 0x00, 0x03, 0x00, 0x00, 0x00, 0x00, 0x00, 0x00, 0x00, 0x01, 
0x00, 0x00, 0x00, 0x01, 0x00, 0x00, 0x00, 0x00, 0x00, 0x00, 0x00, 0x24, 0xFF, 0xFF, 0xFF, 0xEE, 
0x00, 0x00, 0x00, 0x00, 0x00, 0x00, 0x00, 0x00, 0x00, 0x00, 0x00, 0x01, 0x00, 0x00, 0x00, 0x01, 
0x00, 0x00, 0x00, 0x00, 0x00, 0x00, 0x00, 0x24, 0xFF, 0xFF, 0xFF, 0xEE, 0x00, 0x00, 0x00, 0x00, 
0x00, 0x00, 0x00, 0x09, 0x00, 0x00, 0x00, 0x01, 0x00, 0x00, 0x00, 0x01, 0x00, 0x00, 0x00, 0x00, 
0x00, 0x00, 0x00, 0x24, 0xFF, 0xFF, 0xFF, 0xEE, 0x00, 0x00, 0x00, 0x00, 0x00, 0x00, 0x00, 0x0A, 
0x00, 0x00, 0x00, 0x01, 0x00, 0x00, 0x00, 0x01, 0x00, 0x00, 0x00, 0x00, 0x00, 0x00, 0x00, 0x24, 
0xFF, 0xFF, 0xFF, 0xEE, 0x00, 0x00, 0x00, 0x00, 0x00, 0x00, 0x00, 0x0D, 0x00, 0x00, 0x00, 0x01, 
0x00, 0x00, 0x00, 0x01, 0x00, 0x00, 0x00, 0x00, 0x00, 0x00, 0x00, 0x24, 0xFF, 0xFF, 0xFF, 0xEE, 
0x00, 0x00, 0x00, 0x00, 0x00, 0x00, 0x00, 0x1D, 0x00, 0x00, 0x00, 0x01, 0x00, 0x00, 0x00, 0x01, 
0x00, 0x00, 0x00, 0x00, 0x00, 0x00, 0x00, 0x24, 0xFF, 0xFF, 0xFF, 0xEE, 0x00, 0x00, 0x00, 0x00, 
0x00, 0x00, 0x00, 0x21, 0x00, 0x00, 0x00, 0x0C, 0x00, 0x00, 0x00, 0x03, 0x00, 0x00, 0x00, 0x06, 
0x00, 0x00, 0x00, 0x0C, 0x00, 0x00, 0x00, 0x02, 0x00, 0x00, 0x00, 0x00, 0x00, 0x00, 0x00, 0x22, 
0x00, 0x00, 0x00, 0x05, 0x00, 0x00, 0x00, 0x05, 0x00, 0x00, 0x00, 0x07, 0x00, 0x00, 0x00, 0x0C, 
0x00, 0x00, 0x00, 0x01, 0x00, 0x00, 0x00, 0x00, 0x00, 0x00, 0x00, 0x23, 0x00, 0x00, 0x00, 0x0B, 
0x00, 0x00, 0x00, 0x09, 0x00, 0x00, 0x00, 0x09, 0x00, 0x00, 0x00, 0x0B, 0x00, 0x00, 0x00, 0x00, 
0x00, 0x00, 0x00, 0x00, 0x00, 0x00, 0x00, 0x24, 0x00, 0x00, 0x00, 0x11, 0x00, 0x00, 0x00, 0x09, 
0x00, 0x00, 0x00, 0x09, 0x00, 0x00, 0x00, 0x0E, 0x00, 0x00, 0x00, 0x00, 0x00, 0x00, 0x00, 0x00, 
0x00, 0x00, 0x00, 0x25, 0x00, 0x00, 0x00, 0x0D, 0x00, 0x00, 0x00, 0x0D, 0x00, 0x00, 0x00, 0x0D, 
0x00, 0x00, 0x00, 0x0C, 0x00, 0x00, 0x00, 0x00, 0x00, 0x00, 0x00, 0x00, 0x00, 0x00, 0x00, 0x26, 
0x00, 0x00, 0x00, 0x0C, 0x00, 0x00, 0x00, 0x0C, 0x00, 0x00, 0x00, 0x0C, 0x00, 0x00, 0x00, 0x0C, 
0x00, 0x00, 0x00, 0x00, 0x00, 0x00, 0x00, 0x00, 0x00, 0x00, 0x00, 0x27, 0x00, 0x00, 0x00, 0x05, 
0x00, 0x00, 0x00, 0x02, 0x00, 0x00, 0x00, 0x04, 0x00, 0x00, 0x00, 0x0C, 0x00, 0x00, 0x00, 0x01, 
0x00, 0x00, 0x00, 0x00, 0x00, 0x00, 0x00, 0x28, 0x00, 0x00, 0x00, 0x0F, 0x00, 0x00, 0x00, 0x04, 
0x00, 0x00, 0x00, 0x05, 0x00, 0x00, 0x00, 0x0C, 0x00, 0x00, 0x00, 0x01, 0x00, 0x00, 0x00, 0x00, 
0x00, 0x00, 0x00, 0x29, 0x00, 0x00, 0x00, 0x0F, 0x00, 0x00, 0x00, 0x04, 0x00, 0x00, 0x00, 0x05, 
0x00, 0x00, 0x00, 0x0C, 0x00, 0x00, 0x00, 0x00, 0x00, 0x00, 0x00, 0x00, 0x00, 0x00, 0x00, 0x2A, 
0x00, 0x00, 0x00, 0x06, 0x00, 0x00, 0x00, 0x07, 0x00, 0x00, 0x00, 0x09, 0x00, 0x00, 0x00, 0x0C, 
0x00, 0x00, 0x00, 0x01, 0x00, 0x00, 0x00, 0x00, 0x00, 0x00, 0x00, 0x2B, 0x00, 0x00, 0x00, 0x08, 
0x00, 0x00, 0x00, 0x09, 0x00, 0x00, 0x00, 0x09, 0x00, 0x00, 0x00, 0x09, 0x00, 0x00, 0x00, 0x00, 
0x00, 0x00, 0x00, 0x00, 0x00, 0x00, 0x00, 0x2C, 0x00, 0x00, 0x00, 0x05, 0x00, 0x00, 0x00, 0x04, 
0x00, 0x00, 0x00, 0x04, 0x00, 0x00, 0x00, 0x02, 0x00, 0x00, 0x00, 0x00, 0x00, 0x00, 0x00, 0x00, 
0x00, 0x00, 0x00, 0x2E, 0x00, 0x00, 0x00, 0x02, 0x00, 0x00, 0x00, 0x02, 0x00, 0x00, 0x00, 0x05, 
0x00, 0x00, 0x00, 0x02, 0x00, 0x00, 0x00, 0x01, 0x00, 0x00, 0x00, 0x00, 0x00, 0x00, 0x00, 0x2F, 
0x00, 0x00, 0x00, 0x0F, 0x00, 0x00, 0x00, 0x07, 0x00, 0x00, 0x00, 0x07, 0x00, 0x00, 0x00, 0x0D, 
0x00, 0x00, 0x00, 0x00, 0x00, 0x00, 0x00, 0x00, 0x00, 0x00, 0x00, 0x30, 0x00, 0x00, 0x00, 0x0B, 
0x00, 0x00, 0x00, 0x07, 0x00, 0x00, 0x00, 0x09, 0x00, 0x00, 0x00, 0x0B, 0x00, 0x00, 0x00, 0x01, 
0x00, 0x00, 0x00, 0x00, 0x00, 0x00, 0x00, 0x31, 0x00, 0x00, 0x00, 0x0B, 0x00, 0x00, 0x00, 0x07, 
0x00, 0x00, 0x00, 0x09, 0x00, 0x00, 0x00, 0x0B, 0x00, 0x00, 0x00, 0x01, 0x00, 0x00, 0x00, 0x00, 
0x00, 0x00, 0x00, 0x32, 0x00, 0x00, 0x00, 0x0B, 0x00, 0x00, 0x00, 0x07, 0x00, 0x00, 0x00, 0x09, 
0x00, 0x00, 0x00, 0x0B, 0x00, 0x00, 0x00, 0x01, 0x00, 0x00, 0x00, 0x00, 0x00, 0x00, 0x00, 0x33, 
0x00, 0x00, 0x00, 0x0B, 0x00, 0x00, 0x00, 0x07, 0x00, 0x00, 0x00, 0x09, 0x00, 0x00, 0x00, 0x0B, 
0x00, 0x00, 0x00, 0x01, 0x00, 0x00, 0x00, 0x00, 0x00, 0x00, 0x00, 0x34, 0x00, 0x00, 0x00, 0x0B, 
0x00, 0x00, 0x00, 0x09, 0x00, 0x00, 0x00, 0x09, 0x00, 0x00, 0x00, 0x0B, 0x00, 0x00, 0x00, 0x00, 
0x00, 0x00, 0x00, 0x00, 0x00, 0x00, 0x00, 0x35, 0x00, 0x00, 0x00, 0x0B, 0x00, 0x00, 0x00, 0x07, 
0x00, 0x00, 0x00, 0x09, 0x00, 0x00, 0x00, 0x0B, 0x00, 0x00, 0x00, 0x01, 0x00, 0x00, 0x00, 0x00, 
0x00, 0x00, 0x00, 0x36, 0x00, 0x00, 0x00, 0x0D, 0x00, 0x00, 0x00, 0x09, 0x00, 0x00, 0x00, 0x09, 
0x00, 0x00, 0x00, 0x0C, 0x00, 0x00, 0x00, 0x00, 0x00, 0x00, 0x00, 0x00, 0x00, 0x00, 0x00, 0x37, 
0x00, 0x00, 0x00, 0x0B, 0x00, 0x00, 0x00, 0x07, 0x00, 0x00, 0x00, 0x09, 0x00, 0x00, 0x00, 0x0B, 
0x00, 0x00, 0x00, 0x01, 0x00, 0x00, 0x00, 0x00, 0x00, 0x00, 0x00, 0x38, 0x00, 0x00, 0x00, 0x0D, 
0x00, 0x00, 0x00, 0x09, 0x00, 0x00, 0x00, 0x09, 0x00, 0x00, 0x00, 0x0C, 0x00, 0x00, 0x00, 0x00, 
0x00, 0x00, 0x00, 0x00, 0x00, 0x00, 0x00, 0x39, 0x00, 0x00, 0x00, 0x0B, 0x00, 0x00, 0x00, 0x07, 
0x00, 0x00, 0x00, 0x09, 0x00, 0x00, 0x00, 0x0B, 0x00, 0x00, 0x00, 0x01, 0x00, 0x00, 0x00, 0x00, 
0x00, 0x00, 0x00, 0x3A, 0x00, 0x00, 0x00, 0x08, 0x00, 0x00, 0x00, 0x03, 0x00, 0x00, 0x00, 0x05, 
0x00, 0x00, 0x00, 0x08, 0x00, 0x00, 0x00, 0x02, 0x00, 0x00, 0x00, 0x00, 0x00, 0x00, 0x00, 0x3B, 
0x00, 0x00, 0x00, 0x0B, 0x00, 0x00, 0x00, 0x04, 0x00, 0x00, 0x00, 0x05, 0x00, 0x00, 0x00, 0x08, 
0x00, 0x00, 0x00, 0x01, 0x00, 0x00, 0x00, 0x00, 0x00, 0x00, 0x00, 0x3C, 0x00, 0x00, 0x00, 0x09, 
0x00, 0x00, 0x00, 0x09, 0x00, 0x00, 0x00, 0x09, 0x00, 0x00, 0x00, 0x09, 0x00, 0x00, 0x00, 0x00, 
0x00, 0x00, 0x00, 0x00, 0x00, 0x00, 0x00, 0x3D, 0x00, 0x00, 0x00, 0x04, 0x00, 0x00, 0x00, 0x07, 
0x00, 0x00, 0x00, 0x09, 0x00, 0x00, 0x00, 0x07, 0x00, 0x00, 0x00, 0x01, 0x00, 0x00, 0x00, 0x00, 
0x00, 0x00, 0x00, 0x3E, 0x00, 0x00, 0x00, 0x0A, 0x00, 0x00, 0x00, 0x09, 0x00, 0x00, 0x00, 0x09, 
0x00, 0x00, 0x00, 0x0A, 0x00, 0x00, 0x00, 0x00, 0x00, 0x00, 0x00, 0x00, 0x00, 0x00, 0x00, 0x40, 
0x00, 0x00, 0x00, 0x0D, 0x00, 0x00, 0x00, 0x0D, 0x00, 0x00, 0x00, 0x10, 0x00, 0x00, 0x00, 0x0B, 
0x00, 0x00, 0x00, 0x02, 0x00, 0x00, 0x00, 0x00, 0x00, 0x00, 0x00, 0x41, 0x00, 0x00, 0x00, 0x0B, 
0x00, 0x00, 0x00, 0x0B, 0x00, 0x00, 0x00, 0x0A, 0x00, 0x00, 0x00, 0x0B, 0x00, 0x00, 0x00, 0x00, 
0x00, 0x00, 0x00, 0x00, 0x00, 0x00, 0x00, 0x42, 0x00, 0x00, 0x00, 0x0B, 0x00, 0x00, 0x00, 0x08, 
0x00, 0x00, 0x00, 0x0A, 0x00, 0x00, 0x00, 0x0B, 0x00, 0x00, 0x00, 0x02, 0x00, 0x00, 0x00, 0x00, 
0x00, 0x00, 0x00, 0x43, 0x00, 0x00, 0x00, 0x0B, 0x00, 0x00, 0x00, 0x08, 0x00, 0x00, 0x00, 0x0A, 
0x00, 0x00, 0x00, 0x0B, 0x00, 0x00, 0x00, 0x01, 0x00, 0x00, 0x00, 0x00, 0x00, 0x00, 0x00, 0x44, 
0x00, 0x00, 0x00, 0x0B, 0x00, 0x00, 0x00, 0x09, 0x00, 0x00, 0x00, 0x0B, 0x00, 0x00, 0x00, 0x0B, 
0x00, 0x00, 0x00, 0x02, 0x00, 0x00, 0x00, 0x00, 0x00, 0x00, 0x00, 0x45, 0x00, 0x00, 0x00, 0x0B, 
0x00, 0x00, 0x00, 0x06, 0x00, 0x00, 0x00, 0x09, 0x00, 0x00, 0x00, 0x0B, 0x00, 0x00, 0x00, 0x02, 
0x00, 0x00, 0x00, 0x00, 0x00, 0x00, 0x00, 0x46, 0x00, 0x00, 0x00, 0x0B, 0x00, 0x00, 0x00, 0x06, 
0x00, 0x00, 0x00, 0x08, 0x00, 0x00, 0x00, 0x0B, 0x00, 0x00, 0x00, 0x02, 0x00, 0x00, 0x00, 0x00, 
0x00, 0x00, 0x00, 0x47, 0x00, 0x00, 0x00, 0x0B, 0x00, 0x00, 0x00, 0x09, 0x00, 0x00, 0x00, 0x0B, 
0x00, 0x00, 0x00, 0x0B, 0x00, 0x00, 0x00, 0x01, 0x00, 0x00, 0x00, 0x00, 0x00, 0x00, 0x00, 0x48, 
0x00, 0x00, 0x00, 0x0B, 0x00, 0x00, 0x00, 0x08, 0x00, 0x00, 0x00, 0x0B, 0x00, 0x00, 0x00, 0x0B, 
0x00, 0x00, 0x00, 0x02, 0x00, 0x00, 0x00, 0x00, 0x00, 0x00, 0x00, 0x49, 0x00, 0x00, 0x00, 0x0B, 
0x00, 0x00, 0x00, 0x02, 0x00, 0x00, 0x00, 0x05, 0x00, 0x00, 0x00, 0x0B, 0x00, 0x00, 0x00, 0x02, 
0x00, 0x00, 0x00, 0x00, 0x00, 0x00, 0x00, 0x4A, 0x00, 0x00, 0x00, 0x0B, 0x00, 0x00, 0x00, 0x05, 
0x00, 0x00, 0x00, 0x06, 0x00, 0x00, 0x00, 0x0B, 0x00, 0x00, 0x00, 0x00, 0x00, 0x00, 0x00, 0x00, 
0x00, 0x00, 0x00, 0x4B, 0x00, 0x00, 0x00, 0x0B, 0x00, 0x00, 0x00, 0x08, 0x00, 0x00, 0x00, 0x09, 
0x00, 0x00, 0x00, 0x0B, 0x00, 0x00, 0x00, 0x02, 0x00, 0x00, 0x00, 0x00, 0x00, 0x00, 0x00, 0x4C, 
0x00, 0x00, 0x00, 0x0B, 0x00, 0x00, 0x00, 0x06, 0x00, 0x00, 0x00, 0x08, 0x00, 0x00, 0x00, 0x0B, 
0x00, 0x00, 0x00, 0x02, 0x00, 0x00, 0x00, 0x00, 0x00, 0x00, 0x00, 0x4D, 0x00, 0x00, 0x00, 0x0B, 
0x00, 0x00, 0x00, 0x0C, 0x00, 0x00, 0x00, 0x0F, 0x00, 0x00, 0x00, 0x0B, 0x00, 0x00, 0x00, 0x02, 
0x00, 0x00, 0x00, 0x00, 0x00, 0x00, 0x00, 0x4E, 0x00, 0x00, 0x00, 0x0B, 0x00, 0x00, 0x00, 0x09, 
0x00, 0x00, 0x00, 0x0C, 0x00, 0x00, 0x00, 0x0B, 0x00, 0x00, 0x00, 0x02, 0x00, 0x00, 0x00, 0x00, 
0x00, 0x00, 0x00, 0x4F, 0x00, 0x00, 0x00, 0x0B, 0x00, 0x00, 0x00, 0x0A, 0x00, 0x00, 0x00, 0x0C, 
0x00, 0x00, 0x00, 0x0B, 0x00, 0x00, 0x00, 0x01, 0x00, 0x00, 0x00, 0x00, 0x00, 0x00, 0x00, 0x50, 
0x00, 0x00, 0x00, 0x0B, 0x00, 0x00, 0x00, 0x07, 0x00, 0x00, 0x00, 0x09, 0x00, 0x00, 0x00, 0x0B, 
0x00, 0x00, 0x00, 0x02, 0x00, 0x00, 0x00, 0x00, 0x00, 0x00, 0x00, 0x51, 0x00, 0x00, 0x00, 0x0D, 
0x00, 0x00, 0x00, 0x0B, 0x00, 0x00, 0x00, 0x0C, 0x00, 0x00, 0x00, 0x0B, 0x00, 0x00, 0x00, 0x01, 
0x00, 0x00, 0x00, 0x00, 0x00, 0x00, 0x00, 0x52, 0x00, 0x00, 0x00, 0x0B, 0x00, 0x00, 0x00, 0x08, 
0x00, 0x00, 0x00, 0x0A, 0x00, 0x00, 0x00, 0x0B, 0x00, 0x00, 0x00, 0x02, 0x00, 0x00, 0x00, 0x00, 
0x00, 0x00, 0x00, 0x53, 0x00, 0x00, 0x00, 0x0B, 0x00, 0x00, 0x00, 0x07, 0x00, 0x00, 0x00, 0x08, 
0x00, 0x00, 0x00, 0x0B, 0x00, 0x00, 0x00, 0x01, 0x00, 0x00, 0x00, 0x00, 0x00, 0x00, 0x00, 0x54, 
0x00, 0x00, 0x00, 0x0B, 0x00, 0x00, 0x00, 0x0A, 0x00, 0x00, 0x00, 0x09, 0x00, 0x00, 0x00, 0x0B, 
0x00, 0x00, 0x00, 0x00, 0x00, 0x00, 0x00, 0x00, 0x00, 0x00, 0x00, 0x55, 0x00, 0x00, 0x00, 0x0B, 
0x00, 0x00, 0x00, 0x09, 0x00, 0x00, 0x00, 0x0C, 0x00, 0x00, 0x00, 0x0B, 0x00, 0x00, 0x00, 0x02, 
0x00, 0x00, 0x00, 0x00, 0x00, 0x00, 0x00, 0x56, 0x00, 0x00, 0x00, 0x0B, 0x00, 0x00, 0x00, 0x0A, 
0x00, 0x00, 0x00, 0x0A, 0x00, 0x00, 0x00, 0x0B, 0x00, 0x00, 0x00, 0x00, 0x00, 0x00, 0x00, 0x00, 
0x00, 0x00, 0x00, 0x57, 0x00, 0x00, 0x00, 0x0B, 0x00, 0x00, 0x00, 0x10, 0x00, 0x00, 0x00, 0x10, 
0x00, 0x00, 0x00, 0x0B, 0x00, 0x00, 0x00, 0x00, 0x00, 0x00, 0x00, 0x00, 0x00, 0x00, 0x00, 0x58, 
0x00, 0x00, 0x00, 0x0B, 0x00, 0x00, 0x00, 0x09, 0x00, 0x00, 0x00, 0x09, 0x00, 0x00, 0x00, 0x0B, 
0x00, 0x00, 0x00, 0x00, 0x00, 0x00, 0x00, 0x00, 0x00, 0x00, 0x00, 0x59, 0x00, 0x00, 0x00, 0x0B, 
0x00, 0x00, 0x00, 0x0A, 0x00, 0x00, 0x00, 0x09, 0x00, 0x00, 0x00, 0x0B, 0x00, 0x00, 0x00, 0x00, 
0x00, 0x00, 0x00, 0x00, 0x00, 0x00, 0x00, 0x5A, 0x00, 0x00, 0x00, 0x0B, 0x00, 0x00, 0x00, 0x09, 
0x00, 0x00, 0x00, 0x08, 0x00, 0x00, 0x00, 0x0B, 0x00, 0x00, 0x00, 0x00, 0x00, 0x00, 0x00, 0x00, 
0x00, 0x00, 0x00, 0x5B, 0x00, 0x00, 0x00, 0x0F, 0x00, 0x00, 0x00, 0x04, 0x00, 0x00, 0x00, 0x06, 
0x00, 0x00, 0x00, 0x0C, 0x00, 0x00, 0x00, 0x01, 0x00, 0x00, 0x00, 0x00, 0x00, 0x00, 0x00, 0x5C, 
0x00, 0x00, 0x00, 0x0F, 0x00, 0x00, 0x00, 0x07, 0x00, 0x00, 0x00, 0x07, 0x00, 0x00, 0x00, 0x0D, 
0x00, 0x00, 0x00, 0x00, 0x00, 0x00, 0x00, 0x00, 0x00, 0x00, 0x00, 0x5D, 0x00, 0x00, 0x00, 0x0F, 
0x00, 0x00, 0x00, 0x04, 0x00, 0x00, 0x00, 0x06, 0x00, 0x00, 0x00, 0x0C, 0x00, 0x00, 0x00, 0x00, 
0x00, 0x00, 0x00, 0x00, 0x00, 0x00, 0x00, 0x5E, 0x00, 0x00, 0x00, 0x07, 0x00, 0x00, 0x00, 0x08, 
0x00, 0x00, 0x00, 0x09, 0x00, 0x00, 0x00, 0x0B, 0x00, 0x00, 0x00, 0x00, 0x00, 0x00, 0x00, 0x00, 
0x00, 0x00, 0x00, 0x5F, 0x00, 0x00, 0x00, 0x01, 0x00, 0x00, 0x00, 0x09, 0x00, 0x00, 0x00, 0x09, 
0xFF, 0xFF, 0xFF, 0xFE, 0x00, 0x00, 0x00, 0x00, 0x00, 0x00, 0x00, 0x00, 0x00, 0x00, 0x00, 0x60, 
0x00, 0x00, 0x00, 0x03, 0x00, 0x00, 0x00, 0x05, 0x00, 0x00, 0x00, 0x05, 0x00, 0x00, 0x00, 0x0C, 
0x00, 0x00, 0x00, 0x00, 0x00, 0x00, 0x00, 0x00, 0x00, 0x00, 0x00, 0x61, 0x00, 0x00, 0x00, 0x08, 
0x00, 0x00, 0x00, 0x07, 0x00, 0x00, 0x00, 0x09, 0x00, 0x00, 0x00, 0x08, 0x00, 0x00, 0x00, 0x01, 
0x00, 0x00, 0x00, 0x00, 0x00, 0x00, 0x00, 0x62, 0x00, 0x00, 0x00, 0x0C, 0x00, 0x00, 0x00, 0x07, 
0x00, 0x00, 0x00, 0x09, 0x00, 0x00, 0x00, 0x0C, 0x00, 0x00, 0x00, 0x01, 0x00, 0x00, 0x00, 0x00, 
0x00, 0x00, 0x00, 0x63, 0x00, 0x00, 0x00, 0x08, 0x00, 0x00, 0x00, 0x06, 0x00, 0x00, 0x00, 0x08, 
0x00, 0x00, 0x00, 0x08, 0x00, 0x00, 0x00, 0x01, 0x00, 0x00, 0x00, 0x00, 0x00, 0x00, 0x00, 0x64, 
0x00, 0x00, 0x00, 0x0C, 0x00, 0x00, 0x00, 0x07, 0x00, 0x00, 0x00, 0x09, 0x00, 0x00, 0x00, 0x0C, 
0x00, 0x00, 0x00, 0x01, 0x00, 0x00, 0x00, 0x00, 0x00, 0x00, 0x00, 0x65, 0x00, 0x00, 0x00, 0x08, 
0x00, 0x00, 0x00, 0x07, 0x00, 0x00, 0x00, 0x09, 0x00, 0x00, 0x00, 0x08, 0x00, 0x00, 0x00, 0x01, 
0x00, 0x00, 0x00, 0x00, 0x00, 0x00, 0x00, 0x66, 0x00, 0x00, 0x00, 0x0C, 0x00, 0x00, 0x00, 0x06, 
0x00, 0x00, 0x00, 0x06, 0x00, 0x00, 0x00, 0x0C, 0x00, 0x00, 0x00, 0x01, 0x00, 0x00, 0x00, 0x00, 
0x00, 0x00, 0x00, 0x67, 0x00, 0x00, 0x00, 0x0B, 0x00, 0x00, 0x00, 0x07, 0x00, 0x00, 0x00, 0x08, 
0x00, 0x00, 0x00, 0x08, 0x00, 0x00, 0x00, 0x01, 0x00, 0x00, 0x00, 0x00, 0x00, 0x00, 0x00, 0x68, 
0x00, 0x00, 0x00, 0x0C, 0x00, 0x00, 0x00, 0x07, 0x00, 0x00, 0x00, 0x09, 0x00, 0x00, 0x00, 0x0C, 
0x00, 0x00, 0x00, 0x01, 0x00, 0x00, 0x00, 0x00, 0x00, 0x00, 0x00, 0x69, 0x00, 0x00, 0x00, 0x0C, 
0x00, 0x00, 0x00, 0x03, 0x00, 0x00, 0x00, 0x04, 0x00, 0x00, 0x00, 0x0C, 0x00, 0x00, 0x00, 0x01, 
0x00, 0x00, 0x00, 0x00, 0x00, 0x00, 0x00, 0x6A, 0x00, 0x00, 0x00, 0x0F, 0x00, 0x00, 0x00, 0x05, 
0x00, 0x00, 0x00, 0x04, 0x00, 0x00, 0x00, 0x0C, 0x00, 0x00, 0x00, 0x00, 0x00, 0x00, 0x00, 0x00, 
0x00, 0x00, 0x00, 0x6B, 0x00, 0x00, 0x00, 0x0C, 0x00, 0x00, 0x00, 0x07, 0x00, 0x00, 0x00, 0x08, 
0x00, 0x00, 0x00, 0x0C, 0x00, 0x00, 0x00, 0x01, 0x00, 0x00, 0x00, 0x00, 0x00, 0x00, 0x00, 0x6C, 
0x00, 0x00, 0x00, 0x0C, 0x00, 0x00, 0x00, 0x02, 0x00, 0x00, 0x00, 0x04, 0x00, 0x00, 0x00, 0x0C, 
0x00, 0x00, 0x00, 0x01, 0x00, 0x00, 0x00, 0x00, 0x00, 0x00, 0x00, 0x6D, 0x00, 0x00, 0x00, 0x08, 
0x00, 0x00, 0x00, 0x0C, 0x00, 0x00, 0x00, 0x0E, 0x00, 0x00, 0x00, 0x08, 0x00, 0x00, 0x00, 0x01, 
0x00, 0x00, 0x00, 0x00, 0x00, 0x00, 0x00, 0x6E, 0x00, 0x00, 0x00, 0x08, 0x00, 0x00, 0x00, 0x07, 
0x00, 0x00, 0x00, 0x09, 0x00, 0x00, 0x00, 0x08, 0x00, 0x00, 0x00, 0x01, 0x00, 0x00, 0x00, 0x00, 
0x00, 0x00, 0x00, 0x6F, 0x00, 0x00, 0x00, 0x08, 0x00, 0x00, 0x00, 0x08, 0x00, 0x00, 0x00, 0x0A, 
0x00, 0x00, 0x00, 0x08, 0x00, 0x00, 0x00, 0x01, 0x00, 0x00, 0x00, 0x00, 0x00, 0x00, 0x00, 0x70, 
0x00, 0x00, 0x00, 0x0B, 0x00, 0x00, 0x00, 0x07, 0x00, 0x00, 0x00, 0x09, 0x00, 0x00, 0x00, 0x08, 
0x00, 0x00, 0x00, 0x01, 0x00, 0x00, 0x00, 0x00, 0x00, 0x00, 0x00, 0x71, 0x00, 0x00, 0x00, 0x0B, 
0x00, 0x00, 0x00, 0x07, 0x00, 0x00, 0x00, 0x09, 0x00, 0x00, 0x00, 0x08, 0x00, 0x00, 0x00, 0x01, 
0x00, 0x00, 0x00, 0x00, 0x00, 0x00, 0x00, 0x72, 0x00, 0x00, 0x00, 0x08, 0x00, 0x00, 0x00, 0x05, 
0x00, 0x00, 0x00, 0x06, 0x00, 0x00, 0x00, 0x08, 0x00, 0x00, 0x00, 0x01, 0x00, 0x00, 0x00, 0x00, 
0x00, 0x00, 0x00, 0x73, 0x00, 0x00, 0x00, 0x08, 0x00, 0x00, 0x00, 0x06, 0x00, 0x00, 0x00, 0x07, 
0x00, 0x00, 0x00, 0x08, 0x00, 0x00, 0x00, 0x01, 0x00, 0x00, 0x00, 0x00, 0x00, 0x00, 0x00, 0x74, 
0x00, 0x00, 0x00, 0x0A, 0x00, 0x00, 0x00, 0x05, 0x00, 0x00, 0x00, 0x06, 0x00, 0x00, 0x00, 0x0A, 
0x00, 0x00, 0x00, 0x01, 0x00, 0x00, 0x00, 0x00, 0x00, 0x00, 0x00, 0x75, 0x00, 0x00, 0x00, 0x08, 
0x00, 0x00, 0x00, 0x07, 0x00, 0x00, 0x00, 0x09, 0x00, 0x00, 0x00, 0x08, 0x00, 0x00, 0x00, 0x01, 
0x00, 0x00, 0x00, 0x00, 0x00, 0x00, 0x00, 0x76, 0x00, 0x00, 0x00, 0x08, 0x00, 0x00, 0x00, 0x08, 
0x00, 0x00, 0x00, 0x08, 0x00, 0x00, 0x00, 0x08, 0x00, 0x00, 0x00, 0x00, 0x00, 0x00, 0x00, 0x00, 
0x00, 0x00, 0x00, 0x77, 0x00, 0x00, 0x00, 0x08, 0x00, 0x00, 0x00, 0x0C, 0x00, 0x00, 0x00, 0x0D, 
0x00, 0x00, 0x00, 0x08, 0x00, 0x00, 0x00, 0x00, 0x00, 0x00, 0x00, 0x00, 0x00, 0x00, 0x00, 0x78, 
0x00, 0x00, 0x00, 0x08, 0x00, 0x00, 0x00, 0x08, 0x00, 0x00, 0x00, 0x08, 0x00, 0x00, 0x00, 0x08, 
0x00, 0x00, 0x00, 0x00, 0x00, 0x00, 0x00, 0x00, 0x00, 0x00, 0x00, 0x79, 0x00, 0x00, 0x00, 0x0B, 
0x00, 0x00, 0x00, 0x08, 0x00, 0x00, 0x00, 0x08, 0x00, 0x00, 0x00, 0x08, 0x00, 0x00, 0x00, 0x00, 
0x00, 0x00, 0x00, 0x00, 0x00, 0x00, 0x00, 0x7A, 0x00, 0x00, 0x00, 0x08, 0x00, 0x00, 0x00, 0x06, 
0x00, 0x00, 0x00, 0x07, 0x00, 0x00, 0x00, 0x08, 0x00, 0x00, 0x00, 0x01, 0x00, 0x00, 0x00, 0x00, 
0x00, 0x00, 0x00, 0x7B, 0x00, 0x00, 0x00, 0x0F, 0x00, 0x00, 0x00, 0x06, 0x00, 0x00, 0x00, 0x06, 
0x00, 0x00, 0x00, 0x0C, 0x00, 0x00, 0x00, 0x00, 0x00, 0x00, 0x00, 0x00, 0x00, 0x00, 0x00, 0x7C, 
0x00, 0x00, 0x00, 0x10, 0x00, 0x00, 0x00, 0x02, 0x00, 0x00, 0x00, 0x08, 0x00, 0x00, 0x00, 0x0D, 
0x00, 0x00, 0x00, 0x03, 0x00, 0x00, 0x00, 0x00, 0x00, 0x00, 0x00, 0x7D, 0x00, 0x00, 0x00, 0x0F, 
0x00, 0x00, 0x00, 0x05, 0x00, 0x00, 0x00, 0x06, 0x00, 0x00, 0x00, 0x0C, 0x00, 0x00, 0x00, 0x01, 
0x00, 0x00, 0x00, 0x00, 0x00, 0x00, 0x00, 0x7E, 0x00, 0x00, 0x00, 0x03, 0x00, 0x00, 0x00, 0x08, 
0x00, 0x00, 0x00, 0x09, 0x00, 0x00, 0x00, 0x0A, 0x00, 0x00, 0x00, 0x01, 0x00, 0x00, 0x00, 0x00, 
0x00, 0x00, 0x00, 0xB0, 0x00, 0x00, 0x00, 0x04, 0x00, 0x00, 0x00, 0x06, 0x00, 0x00, 0x00, 0x06, 
0x00, 0x00, 0x00, 0x0C, 0x00, 0x00, 0x00, 0x00, 0x00, 0x00, 0x00, 0x00, 0x00, 0x00, 0x00, 0xB1, 
0x00, 0x00, 0x00, 0x09, 0x00, 0x00, 0x00, 0x08, 0x00, 0x00, 0x00, 0x09, 0x00, 0x00, 0x00, 0x09, 
0x00, 0x00, 0x00, 0x01, 0x00, 0x00, 0x00, 0x00, 0x00, 0x00, 0x00, 0xD7, 0x00, 0x00, 0x00, 0x07, 
0x00, 0x00, 0x00, 0x07, 0x00, 0x00, 0x00, 0x09, 0x00, 0x00, 0x00, 0x08, 0x00, 0x00, 0x00, 0x01, 
0x00, 0x00, 0x00, 0x00, 0x00, 0x00, 0x00, 0xF7, 0x00, 0x00, 0x00, 0x09, 0x00, 0x00, 0x00, 0x08, 
0x00, 0x00, 0x00, 0x09, 0x00, 0x00, 0x00, 0x09, 0x00, 0x00, 0x00, 0x00, 0x00, 0x00, 0x00, 0x00, 
0x00, 0x00, 0x04, 0x01, 0x00, 0x00, 0x00, 0x0F, 0x00, 0x00, 0x00, 0x07, 0x00, 0x00, 0x00, 0x09, 
0x00, 0x00, 0x00, 0x0F, 0x00, 0x00, 0x00, 0x01, 0x00, 0x00, 0x00, 0x00, 0x00, 0x00, 0x04, 0x10, 
0x00, 0x00, 0x00, 0x0B, 0x00, 0x00, 0x00, 0x0B, 0x00, 0x00, 0x00, 0x0A, 0x00, 0x00, 0x00, 0x0B, 
0x00, 0x00, 0x00, 0x00, 0x00, 0x00, 0x00, 0x00, 0x00, 0x00, 0x04, 0x11, 0x00, 0x00, 0x00, 0x0B, 
0x00, 0x00, 0x00, 0x07, 0x00, 0x00, 0x00, 0x0A, 0x00, 0x00, 0x00, 0x0B, 0x00, 0x00, 0x00, 0x02, 
0x00, 0x00, 0x00, 0x00, 0x00, 0x00, 0x04, 0x12, 0x00, 0x00, 0x00, 0x0B, 0x00, 0x00, 0x00, 0x08, 
0x00, 0x00, 0x00, 0x0A, 0x00, 0x00, 0x00, 0x0B, 0x00, 0x00, 0x00, 0x02, 0x00, 0x00, 0x00, 0x00, 
0x00, 0x00, 0x04, 0x13, 0x00, 0x00, 0x00, 0x0B, 0x00, 0x00, 0x00, 0x06, 0x00, 0x00, 0x00, 0x08, 
0x00, 0x00, 0x00, 0x0B, 0x00, 0x00, 0x00, 0x02, 0x00, 0x00, 0x00, 0x00, 0x00, 0x00, 0x04, 0x14, 
0x00, 0x00, 0x00, 0x0E, 0x00, 0x00, 0x00, 0x0B, 0x00, 0x00, 0x00, 0x0C, 0x00, 0x00, 0x00, 0x0B, 
0x00, 0x00, 0x00, 0x00, 0x00, 0x00, 0x00, 0x00, 0x00, 0x00, 0x04, 0x15, 0x00, 0x00, 0x00, 0x0B, 
0x00, 0x00, 0x00, 0x06, 0x00, 0x00, 0x00, 0x09, 0x00, 0x00, 0x00, 0x0B, 0x00, 0x00, 0x00, 0x02, 
0x00, 0x00, 0x00, 0x00, 0x00, 0x00, 0x04, 0x16, 0x00, 0x00, 0x00, 0x0B, 0x00, 0x00, 0x00, 0x0E, 
0x00, 0x00, 0x00, 0x0E, 0x00, 0x00, 0x00, 0x0B, 0x00, 0x00, 0x00, 0x00, 0x00, 0x00, 0x00, 0x00, 
0x00, 0x00, 0x04, 0x17, 0x00, 0x00, 0x00, 0x0B, 0x00, 0x00, 0x00, 0x07, 0x00, 0x00, 0x00, 0x09, 
0x00, 0x00, 0x00, 0x0B, 0x00, 0x00, 0x00, 0x01, 0x00, 0x00, 0x00, 0x00, 0x00, 0x00, 0x04, 0x18, 
0x00, 0x00, 0x00, 0x0B, 0x00, 0x00, 0x00, 0x09, 0x00, 0x00, 0x00, 0x0C, 0x00, 0x00, 0x00, 0x0B, 
0x00, 0x00, 0x00, 0x02, 0x00, 0x00, 0x00, 0x00, 0x00, 0x00, 0x04, 0x19, 0x00, 0x00, 0x00, 0x10, 
0x00, 0x00, 0x00, 0x0A, 0x00, 0x00, 0x00, 0x0C, 0x00, 0x00, 0x00, 0x0F, 0x00, 0x00, 0x00, 0x01, 
0x00, 0x00, 0x00, 0x00, 0x00, 0x00, 0x04, 0x1A, 0x00, 0x00, 0x00, 0x0B, 0x00, 0x00, 0x00, 0x08, 
0x00, 0x00, 0x00, 0x0A, 0x00, 0x00, 0x00, 0x0B, 0x00, 0x00, 0x00, 0x02, 0x00, 0x00, 0x00, 0x00, 
0x00, 0x00, 0x04, 0x1B, 0x00, 0x00, 0x00, 0x0B, 0x00, 0x00, 0x00, 0x09, 0x00, 0x00, 0x00, 0x0B, 
0x00, 0x00, 0x00, 0x0B, 0x00, 0x00, 0x00, 0x00, 0x00, 0x00, 0x00, 0x00, 0x00, 0x00, 0x04, 0x1C, 
0x00, 0x00, 0x00, 0x0B, 0x00, 0x00, 0x00, 0x0C, 0x00, 0x00, 0x00, 0x0F, 0x00, 0x00, 0x00, 0x0B, 
0x00, 0x00, 0x00, 0x02, 0x00, 0x00, 0x00, 0x00, 0x00, 0x00, 0x04, 0x1D, 0x00, 0x00, 0x00, 0x0B, 
0x00, 0x00, 0x00, 0x08, 0x00, 0x00, 0x00, 0x0B, 0x00, 0x00, 0x00, 0x0B, 0x00, 0x00, 0x00, 0x02, 
0x00, 0x00, 0x00, 0x00, 0x00, 0x00, 0x04, 0x1E, 0x00, 0x00, 0x00, 0x0B, 0x00, 0x00, 0x00, 0x0A, 
0x00, 0x00, 0x00, 0x0C, 0x00, 0x00, 0x00, 0x0B, 0x00, 0x00, 0x00, 0x01, 0x00, 0x00, 0x00, 0x00, 
0x00, 0x00, 0x04, 0x1F, 0x00, 0x00, 0x00, 0x0B, 0x00, 0x00, 0x00, 0x08, 0x00, 0x00, 0x00, 0x0B, 
0x00, 0x00, 0x00, 0x0B, 0x00, 0x00, 0x00, 0x02, 0x00, 0x00, 0x00, 0x00, 0x00, 0x00, 0x04, 0x20, 
0x00, 0x00, 0x00, 0x0B, 0x00, 0x00, 0x00, 0x07, 0x00, 0x00, 0x00, 0x09, 0x00, 0x00, 0x00, 0x0B, 
0x00, 0x00, 0x00, 0x02, 0x00, 0x00, 0x00, 0x00, 0x00, 0x00, 0x04, 0x21, 0x00, 0x00, 0x00, 0x0B, 
0x00, 0x00, 0x00, 0x08, 0x00, 0x00, 0x00, 0x0A, 0x00, 0x00, 0x00, 0x0B, 0x00, 0x00, 0x00, 0x01, 
0x00, 0x00, 0x00, 0x00, 0x00, 0x00, 0x04, 0x22, 0x00, 0x00, 0x00, 0x0B, 0x00, 0x00, 0x00, 0x0A, 
0x00, 0x00, 0x00, 0x09, 0x00, 0x00, 0x00, 0x0B, 0x00, 0x00, 0x00, 0x00, 0x00, 0x00, 0x00, 0x00, 
0x00, 0x00, 0x04, 0x23, 0x00, 0x00, 0x00, 0x0B, 0x00, 0x00, 0x00, 0x0A, 0x00, 0x00, 0x00, 0x0A, 
0x00, 0x00, 0x00, 0x0B, 0x00, 0x00, 0x00, 0x00, 0x00, 0x00, 0x00, 0x00, 0x00, 0x00, 0x04, 0x24, 
0x00, 0x00, 0x00, 0x0C, 0x00, 0x00, 0x00, 0x0C, 0x00, 0x00, 0x00, 0x0D, 0x00, 0x00, 0x00, 0x0C, 
0x00, 0x00, 0x00, 0x01, 0x00, 0x00, 0x00, 0x00, 0x00, 0x00, 0x04, 0x25, 0x00, 0x00, 0x00, 0x0B, 
0x00, 0x00, 0x00, 0x09, 0x00, 0x00, 0x00, 0x09, 0x00, 0x00, 0x00, 0x0B, 0x00, 0x00, 0x00, 0x00, 
0x00, 0x00, 0x00, 0x00, 0x00, 0x00, 0x04, 0x26, 0x00, 0x00, 0x00, 0x0E, 0x00, 0x00, 0x00, 0x0A, 
0x00, 0x00, 0x00, 0x0C, 0x00, 0x00, 0x00, 0x0B, 0x00, 0x00, 0x00, 0x02, 0x00, 0x00, 0x00, 0x00, 
0x00, 0x00, 0x04, 0x27, 0x00, 0x00, 0x00, 0x0B, 0x00, 0x00, 0x00, 0x07, 0x00, 0x00, 0x00, 0x0A, 
0x00, 0x00, 0x00, 0x0B, 0x00, 0x00, 0x00, 0x01, 0x00, 0x00, 0x00, 0x00, 0x00, 0x00, 0x04, 0x28, 
0x00, 0x00, 0x00, 0x0B, 0x00, 0x00, 0x00, 0x0D, 0x00, 0x00, 0x00, 0x10, 0x00, 0x00, 0x00, 0x0B, 
0x00, 0x00, 0x00, 0x02, 0x00, 0x00, 0x00, 0x00, 0x00, 0x00, 0x04, 0x29, 0x00, 0x00, 0x00, 0x0E, 
0x00, 0x00, 0x00, 0x0E, 0x00, 0x00, 0x00, 0x10, 0x00, 0x00, 0x00, 0x0B, 0x00, 0x00, 0x00, 0x02, 
0x00, 0x00, 0x00, 0x00, 0x00, 0x00, 0x04, 0x2A, 0x00, 0x00, 0x00, 0x0B, 0x00, 0x00, 0x00, 0x0A, 
0x00, 0x00, 0x00, 0x0B, 0x00, 0x00, 0x00, 0x0B, 0x00, 0x00, 0x00, 0x00, 0x00, 0x00, 0x00, 0x00, 
0x00, 0x00, 0x04, 0x2B, 0x00, 0x00, 0x00, 0x0B, 0x00, 0x00, 0x00, 0x0B, 0x00, 0x00, 0x00, 0x0E, 
0x00, 0x00, 0x00, 0x0B, 0x00, 0x00, 0x00, 0x02, 0x00, 0x00, 0x00, 0x00, 0x00, 0x00, 0x04, 0x2C, 
0x00, 0x00, 0x00, 0x0B, 0x00, 0x00, 0x00, 0x08, 0x00, 0x00, 0x00, 0x0A, 0x00, 0x00, 0x00, 0x0B, 
0x00, 0x00, 0x00, 0x02, 0x00, 0x00, 0x00, 0x00, 0x00, 0x00, 0x04, 0x2D, 0x00, 0x00, 0x00, 0x0B, 
0x00, 0x00, 0x00, 0x08, 0x00, 0x00, 0x00, 0x0A, 0x00, 0x00, 0x00, 0x0B, 0x00, 0x00, 0x00, 0x01, 
0x00, 0x00, 0x00, 0x00, 0x00, 0x00, 0x04, 0x2E, 0x00, 0x00, 0x00, 0x0B, 0x00, 0x00, 0x00, 0x0D, 
0x00, 0x00, 0x00, 0x10, 0x00, 0x00, 0x00, 0x0B, 0x00, 0x00, 0x00, 0x02, 0x00, 0x00, 0x00, 0x00, 
0x00, 0x00, 0x04, 0x2F, 0x00, 0x00, 0x00, 0x0B, 0x00, 0x00, 0x00, 0x08, 0x00, 0x00, 0x00, 0x0A, 
0x00, 0x00, 0x00, 0x0B, 0x00, 0x00, 0x00, 0x01, 0x00, 0x00, 0x00, 0x00, 0x00, 0x00, 0x04, 0x30, 
0x00, 0x00, 0x00, 0x08, 0x00, 0x00, 0x00, 0x07, 0x00, 0x00, 0x00, 0x09, 0x00, 0x00, 0x00, 0x08, 
0x00, 0x00, 0x00, 0x01, 0x00, 0x00, 0x00, 0x00, 0x00, 0x00, 0x04, 0x31, 0x00, 0x00, 0x00, 0x0C, 
0x00, 0x00, 0x00, 0x08, 0x00, 0x00, 0x00, 0x0A, 0x00, 0x00, 0x00, 0x0C, 0x00, 0x00, 0x00, 0x01, 
0x00, 0x00, 0x00, 0x00, 0x00, 0x00, 0x04, 0x32, 0x00, 0x00, 0x00, 0x08, 0x00, 0x00, 0x00, 0x07, 
0x00, 0x00, 0x00, 0x09, 0x00, 0x00, 0x00, 0x08, 0x00, 0x00, 0x00, 0x01, 0x00, 0x00, 0x00, 0x00, 
0x00, 0x00, 0x04, 0x33, 0x00, 0x00, 0x00, 0x08, 0x00, 0x00, 0x00, 0x05, 0x00, 0x00, 0x00, 0x06, 
0x00, 0x00, 0x00, 0x08, 0x00, 0x00, 0x00, 0x01, 0x00, 0x00, 0x00, 0x00, 0x00, 0x00, 0x04, 0x34, 
0x00, 0x00, 0x00, 0x0B, 0x00, 0x00, 0x00, 0x0A, 0x00, 0x00, 0x00, 0x0A, 0x00, 0x00, 0x00, 0x08, 
0x00, 0x00, 0x00, 0x00, 0x00, 0x00, 0x00, 0x00, 0x00, 0x00, 0x04, 0x35, 0x00, 0x00, 0x00, 0x08, 
0x00, 0x00, 0x00, 0x07, 0x00, 0x00, 0x00, 0x09, 0x00, 0x00, 0x00, 0x08, 0x00, 0x00, 0x00, 0x01, 
0x00, 0x00, 0x00, 0x00, 0x00, 0x00, 0x04, 0x36, 0x00, 0x00, 0x00, 0x08, 0x00, 0x00, 0x00, 0x0C, 
0x00, 0x00, 0x00, 0x0C, 0x00, 0x00, 0x00, 0x08, 0x00, 0x00, 0x00, 0x00, 0x00, 0x00, 0x00, 0x00, 
0x00, 0x00, 0x04, 0x37, 0x00, 0x00, 0x00, 0x08, 0x00, 0x00, 0x00, 0x06, 0x00, 0x00, 0x00, 0x08, 
0x00, 0x00, 0x00, 0x08, 0x00, 0x00, 0x00, 0x01, 0x00, 0x00, 0x00, 0x00, 0x00, 0x00, 0x04, 0x38, 
0x00, 0x00, 0x00, 0x09, 0x00, 0x00, 0x00, 0x07, 0x00, 0x00, 0x00, 0x0A, 0x00, 0x00, 0x00, 0x09, 
0x00, 0x00, 0x00, 0x01, 0x00, 0x00, 0x00, 0x00, 0x00, 0x00, 0x04, 0x39, 0x00, 0x00, 0x00, 0x0E, 
0x00, 0x00, 0x00, 0x08, 0x00, 0x00, 0x00, 0x0A, 0x00, 0x00, 0x00, 0x0D, 0x00, 0x00, 0x00, 0x01, 
0x00, 0x00, 0x00, 0x00, 0x00, 0x00, 0x04, 0x3A, 0x00, 0x00, 0x00, 0x08, 0x00, 0x00, 0x00, 0x06, 
0x00, 0x00, 0x00, 0x08, 0x00, 0x00, 0x00, 0x08, 0x00, 0x00, 0x00, 0x01, 0x00, 0x00, 0x00, 0x00, 
0x00, 0x00, 0x04, 0x3B, 0x00, 0x00, 0x00, 0x08, 0x00, 0x00, 0x00, 0x08, 0x00, 0x00, 0x00, 0x09, 
0x00, 0x00, 0x00, 0x08, 0x00, 0x00, 0x00, 0x00, 0x00, 0x00, 0x00, 0x00, 0x00, 0x00, 0x04, 0x3C, 
0x00, 0x00, 0x00, 0x08, 0x00, 0x00, 0x00, 0x0B, 0x00, 0x00, 0x00, 0x0C, 0x00, 0x00, 0x00, 0x08, 
0x00, 0x00, 0x00, 0x01, 0x00, 0x00, 0x00, 0x00, 0x00, 0x00, 0x04, 0x3D, 0x00, 0x00, 0x00, 0x08, 
0x00, 0x00, 0x00, 0x07, 0x00, 0x00, 0x00, 0x0A, 0x00, 0x00, 0x00, 0x08, 0x00, 0x00, 0x00, 0x01, 
0x00, 0x00, 0x00, 0x00, 0x00, 0x00, 0x04, 0x3E, 0x00, 0x00, 0x00, 0x08, 0x00, 0x00, 0x00, 0x08, 
0x00, 0x00, 0x00, 0x0A, 0x00, 0x00, 0x00, 0x08, 0x00, 0x00, 0x00, 0x01, 0x00, 0x00, 0x00, 0x00, 
0x00, 0x00, 0x04, 0x3F, 0x00, 0x00, 0x00, 0x08, 0x00, 0x00, 0x00, 0x07, 0x00, 0x00, 0x00, 0x09, 
0x00, 0x00, 0x00, 0x08, 0x00, 0x00, 0x00, 0x01, 0x00, 0x00, 0x00, 0x00, 0x00, 0x00, 0x04, 0x40, 
0x00, 0x00, 0x00, 0x0B, 0x00, 0x00, 0x00, 0x07, 0x00, 0x00, 0x00, 0x09, 0x00, 0x00, 0x00, 0x08, 
0x00, 0x00, 0x00, 0x01, 0x00, 0x00, 0x00, 0x00, 0x00, 0x00, 0x04, 0x41, 0x00, 0x00, 0x00, 0x08, 
0x00, 0x00, 0x00, 0x06, 0x00, 0x00, 0x00, 0x08, 0x00, 0x00, 0x00, 0x08, 0x00, 0x00, 0x00, 0x01, 
0x00, 0x00, 0x00, 0x00, 0x00, 0x00, 0x04, 0x42, 0x00, 0x00, 0x00, 0x08, 0x00, 0x00, 0x00, 0x08, 
0x00, 0x00, 0x00, 0x07, 0x00, 0x00, 0x00, 0x08, 0x00, 0x00, 0x00, 0x00, 0x00, 0x00, 0x00, 0x00, 
0x00, 0x00, 0x04, 0x43, 0x00, 0x00, 0x00, 0x0B, 0x00, 0x00, 0x00, 0x08, 0x00, 0x00, 0x00, 0x08, 
0x00, 0x00, 0x00, 0x08, 0x00, 0x00, 0x00, 0x00, 0x00, 0x00, 0x00, 0x00, 0x00, 0x00, 0x04, 0x44, 
0x00, 0x00, 0x00, 0x0F, 0x00, 0x00, 0x00, 0x0A, 0x00, 0x00, 0x00, 0x0B, 0x00, 0x00, 0x00, 0x0C, 
0x00, 0x00, 0x00, 0x01, 0x00, 0x00, 0x00, 0x00, 0x00, 0x00, 0x04, 0x45, 0x00, 0x00, 0x00, 0x08, 
0x00, 0x00, 0x00, 0x08, 0x00, 0x00, 0x00, 0x08, 0x00, 0x00, 0x00, 0x08, 0x00, 0x00, 0x00, 0x00, 
0x00, 0x00, 0x00, 0x00, 0x00, 0x00, 0x04, 0x46, 0x00, 0x00, 0x00, 0x0B, 0x00, 0x00, 0x00, 0x08, 
0x00, 0x00, 0x00, 0x0A, 0x00, 0x00, 0x00, 0x08, 0x00, 0x00, 0x00, 0x01, 0x00, 0x00, 0x00, 0x00, 
0x00, 0x00, 0x04, 0x47, 0x00, 0x00, 0x00, 0x08, 0x00, 0x00, 0x00, 0x07, 0x00, 0x00, 0x00, 0x08, 
0x00, 0x00, 0x00, 0x08, 0x00, 0x00, 0x00, 0x01, 0x00, 0x00, 0x00, 0x00, 0x00, 0x00, 0x04, 0x48, 
0x00, 0x00, 0x00, 0x08, 0x00, 0x00, 0x00, 0x0B, 0x00, 0x00, 0x00, 0x0D, 0x00, 0x00, 0x00, 0x08, 
0x00, 0x00, 0x00, 0x01, 0x00, 0x00, 0x00, 0x00, 0x00, 0x00, 0x04, 0x49, 0x00, 0x00, 0x00, 0x0B, 
0x00, 0x00, 0x00, 0x0C, 0x00, 0x00, 0x00, 0x0D, 0x00, 0x00, 0x00, 0x08, 0x00, 0x00, 0x00, 0x01, 
0x00, 0x00, 0x00, 0x00, 0x00, 0x00, 0x04, 0x4A, 0x00, 0x00, 0x00, 0x08, 0x00, 0x00, 0x00, 0x09, 
0x00, 0x00, 0x00, 0x0A, 0x00, 0x00, 0x00, 0x08, 0x00, 0x00, 0x00, 0x00, 0x00, 0x00, 0x00, 0x00, 
0x00, 0x00, 0x04, 0x4B, 0x00, 0x00, 0x00, 0x08, 0x00, 0x00, 0x00, 0x09, 0x00, 0x00, 0x00, 0x0C, 
0x00, 0x00, 0x00, 0x08, 0x00, 0x00, 0x00, 0x01, 0x00, 0x00, 0x00, 0x00, 0x00, 0x00, 0x04, 0x4C, 
0x00, 0x00, 0x00, 0x08, 0x00, 0x00, 0x00, 0x07, 0x00, 0x00, 0x00, 0x08, 0x00, 0x00, 0x00, 0x08, 
0x00, 0x00, 0x00, 0x01, 0x00, 0x00, 0x00, 0x00, 0x00, 0x00, 0x04, 0x4D, 0x00, 0x00, 0x00, 0x08, 
0x00, 0x00, 0x00, 0x07, 0x00, 0x00, 0x00, 0x08, 0x00, 0x00, 0x00, 0x08, 0x00, 0x00, 0x00, 0x01, 
0x00, 0x00, 0x00, 0x00, 0x00, 0x00, 0x04, 0x4E, 0x00, 0x00, 0x00, 0x08, 0x00, 0x00, 0x00, 0x0B, 
0x00, 0x00, 0x00, 0x0D, 0x00, 0x00, 0x00, 0x08, 0x00, 0x00, 0x00, 0x01, 0x00, 0x00, 0x00, 0x00, 
0x00, 0x00, 0x04, 0x4F, 0x00, 0x00, 0x00, 0x08, 0x00, 0x00, 0x00, 0x07, 0x00, 0x00, 0x00, 0x09, 
0x00, 0x00, 0x00, 0x08, 0x00, 0x00, 0x00, 0x01, 0x00, 0x00, 0x00, 0x00, 0x00, 0x00, 0x04, 0x51, 
0x00, 0x00, 0x00, 0x0D, 0x00, 0x00, 0x00, 0x09, 0x00, 0x00, 0x00, 0x09, 0x00, 0x00, 0x00, 0x0C, 
0x00, 0x00, 0x00, 0x00, 0x00, 0x00, 0x00, 0x00, 0x00, 0x00, 0x20, 0x0C, 0x00, 0x00, 0x00, 0x01, 
0x00, 0x00, 0x00, 0x01, 0x00, 0x00, 0x00, 0x00, 0x00, 0x00, 0x00, 0x24, 0xFF, 0xFF, 0xFF, 0xEE, 
0x00, 0x00, 0x00, 0x00, 0x00, 0x00, 0x20, 0x0D, 0x00, 0x00, 0x00, 0x01, 0x00, 0x00, 0x00, 0x01, 
0x00, 0x00, 0x00, 0x00, 0x00, 0x00, 0x00, 0x24, 0xFF, 0xFF, 0xFF, 0xEE, 0x00, 0x00, 0x00, 0x00, 
0x00, 0x00, 0x20, 0x0E, 0x00, 0x00, 0x00, 0x01, 0x00, 0x00, 0x00, 0x01, 0x00, 0x00, 0x00, 0x00, 
0x00, 0x00, 0x00, 0x24, 0xFF, 0xFF, 0xFF, 0xEE, 0x00, 0x00, 0x00, 0x00, 0x00, 0x00, 0x20, 0x0F, 
0x00, 0x00, 0x00, 0x01, 0x00, 0x00, 0x00, 0x01, 0x00, 0x00, 0x00, 0x00, 0x00, 0x00, 0x00, 0x24, 
0xFF, 0xFF, 0xFF, 0xEE, 0x00, 0x00, 0x00, 0x00, 0x00, 0x00, 0x20, 0x28, 0x00, 0x00, 0x00, 0x01, 
0x00, 0x00, 0x00, 0x01, 0x00, 0x00, 0x00, 0x00, 0x00, 0x00, 0x00, 0x24, 0xFF, 0xFF, 0xFF, 0xEE, 
0x00, 0x00, 0x00, 0x00, 0x00, 0x00, 0x20, 0x29, 0x00, 0x00, 0x00, 0x01, 0x00, 0x00, 0x00, 0x01, 
0x00, 0x00, 0x00, 0x00, 0x00, 0x00, 0x00, 0x24, 0xFF, 0xFF, 0xFF, 0xEE, 0x00, 0x00, 0x00, 0x00, 
0x00, 0x00, 0x20, 0x2A, 0x00, 0x00, 0x00, 0x01, 0x00, 0x00, 0x00, 0x01, 0x00, 0x00, 0x00, 0x00, 
0x00, 0x00, 0x00, 0x24, 0xFF, 0xFF, 0xFF, 0xEE, 0x00, 0x00, 0x00, 0x00, 0x00, 0x00, 0x20, 0x2B, 
0x00, 0x00, 0x00, 0x01, 0x00, 0x00, 0x00, 0x01, 0x00, 0x00, 0x00, 0x00, 0x00, 0x00, 0x00, 0x24, 
0xFF, 0xFF, 0xFF, 0xEE, 0x00, 0x00, 0x00, 0x00, 0x00, 0x00, 0x20, 0x2C, 0x00, 0x00, 0x00, 0x01, 
0x00, 0x00, 0x00, 0x01, 0x00, 0x00, 0x00, 0x00, 0x00, 0x00, 0x00, 0x24, 0xFF, 0xFF, 0xFF, 0xEE, 
0x00, 0x00, 0x00, 0x00, 0x00, 0x00, 0x20, 0x2D, 0x00, 0x00, 0x00, 0x01, 0x00, 0x00, 0x00, 0x01, 
0x00, 0x00, 0x00, 0x00, 0x00, 0x00, 0x00, 0x24, 0xFF, 0xFF, 0xFF, 0xEE, 0x00, 0x00, 0x00, 0x00, 
0x00, 0x00, 0x20, 0x2E, 0x00, 0x00, 0x00, 0x01, 0x00, 0x00, 0x00, 0x01, 0x00, 0x00, 0x00, 0x00, 
0x00, 0x00, 0x00, 0x24, 0xFF, 0xFF, 0xFF, 0xEE, 0x00, 0x00, 0x00, 0x00, 0x00, 0x00, 0x20, 0x6A, 
0x00, 0x00, 0x00, 0x01, 0x00, 0x00, 0x00, 0x01, 0x00, 0x00, 0x00, 0x00, 0x00, 0x00, 0x00, 0x24, 
0xFF, 0xFF, 0xFF, 0xEE, 0x00, 0x00, 0x00, 0x00, 0x00, 0x00, 0x20, 0x6B, 0x00, 0x00, 0x00, 0x01, 
0x00, 0x00, 0x00, 0x01, 0x00, 0x00, 0x00, 0x00, 0x00, 0x00, 0x00, 0x24, 0xFF, 0xFF, 0xFF, 0xEE, 
0x00, 0x00, 0x00, 0x00, 0x00, 0x00, 0x20, 0x6C, 0x00, 0x00, 0x00, 0x01, 0x00, 0x00, 0x00, 0x01, 
0x00, 0x00, 0x00, 0x00, 0x00, 0x00, 0x00, 0x24, 0xFF, 0xFF, 0xFF, 0xEE, 0x00, 0x00, 0x00, 0x00, 
0x00, 0x00, 0x20, 0x6D, 0x00, 0x00, 0x00, 0x01, 0x00, 0x00, 0x00, 0x01, 0x00, 0x00, 0x00, 0x00, 
0x00, 0x00, 0x00, 0x24, 0xFF, 0xFF, 0xFF, 0xEE, 0x00, 0x00, 0x00, 0x00, 0x00, 0x00, 0x20, 0x6E, 
0x00, 0x00, 0x00, 0x01, 0x00, 0x00, 0x00, 0x01, 0x00, 0x00, 0x00, 0x00, 0x00, 0x00, 0x00, 0x24, 
0xFF, 0xFF, 0xFF, 0xEE, 0x00, 0x00, 0x00, 0x00, 0x00, 0x00, 0x20, 0x6F, 0x00, 0x00, 0x00, 0x01, 
0x00, 0x00, 0x00, 0x01, 0x00, 0x00, 0x00, 0x00, 0x00, 0x00, 0x00, 0x24, 0xFF, 0xFF, 0xFF, 0xEE, 
0x00, 0x00, 0x00, 0x00, 0x00, 0x00, 0x22, 0x12, 0x00, 0x00, 0x00, 0x01, 0x00, 0x00, 0x00, 0x08, 
0x00, 0x00, 0x00, 0x09, 0x00, 0x00, 0x00, 0x05, 0x00, 0x00, 0x00, 0x01, 0x00, 0x00, 0x00, 0x00, 
0x00, 0x00, 0x22, 0x15, 0x00, 0x00, 0x00, 0x0D, 0x00, 0x00, 0x00, 0x0A, 0x00, 0x00, 0x00, 0x06, 
0x00, 0x00, 0x00, 0x0C, 0xFF, 0xFF, 0xFF, 0xFE, 0x00, 0x00, 0x00, 0x00, 0x00, 0x00, 0x22, 0x48, 
0x00, 0x00, 0x00, 0x05, 0x00, 0x00, 0x00, 0x07, 0x00, 0x00, 0x00, 0x09, 0x00, 0x00, 0x00, 0x08, 
0x00, 0x00, 0x00, 0x01, 0x00, 0x00, 0x00, 0x00, 0x00, 0x00, 0x22, 0x60, 0x00, 0x00, 0x00, 0x08, 
0x00, 0x00, 0x00, 0x07, 0x00, 0x00, 0x00, 0x09, 0x00, 0x00, 0x00, 0x09, 0x00, 0x00, 0x00, 0x01, 
0x00, 0x00, 0x00, 0x00, 0x00, 0x00, 0x00, 0x00, 0x00, 0x00, 0x7B, 0xF4, 0x0A, 0x84, 0xFF, 0x0A, 
0x7F, 0xFF, 0x05, 0x7B, 0xFF, 0x01, 0x77, 0xFB, 0x00, 0x72, 0xF7, 0x00, 0x6E, 0xF2, 0x00, 0x6A, 
0xED, 0x00, 0x5E, 0xE1, 0x00, 0x00, 0x00, 0x00, 0x8A, 0xF2, 0x19, 0x8A, 0xF3, 0x19, 0xBA, 0xAC, 
0x00, 0x9A, 0xCB, 0xBA, 0xAD, 0x00, 0x9A, 0xCA, 0xAE, 0xA1, 0x00, 0x8E, 0xBF, 0xA3, 0x96, 0x00, 
0x83, 0xB4, 0x90, 0x83, 0x00, 0x71, 0xA3, 0x00, 0x00, 0x5E, 0xE3, 0x00, 0x00, 0xA2, 0x9F, 0x00, 
0x00, 0x00, 0x86, 0xC9, 0x00, 0x00, 0xC9, 0x85, 0x00, 0x00, 0x00, 0xA7, 0xA8, 0x00, 0x00, 0xE8, 
0x64, 0x00, 0x22, 0xFE, 0xFF, 0xFF, 0xFF, 0xFF, 0xFF, 0xFF, 0x91, 0x00, 0x00, 0xE8, 0x64, 0x00, 
0x2C, 0xFF, 0x20, 0x00, 0x00, 0x07, 0xFE, 0x45, 0x00, 0x4A, 0xFE, 0x05, 0x00, 0x00, 0x25, 0xFF, 
0x27, 0x00, 0x69, 0xE6, 0x00, 0x00, 0x9E, 0xFF, 0xFF, 0xFF, 0xFF, 0xFF, 0xFF, 0xFD, 0x17, 0x00, 
0x6D, 0xDE, 0x00, 0x00, 0xAE, 0x9E, 0x00, 0x00, 0x00, 0x8E, 0xBD, 0x00, 0x00, 0xD0, 0x7B, 0x00, 
0x00, 0x00, 0xAA, 0x97, 0x00, 0x00, 0xEC, 0x54, 0x00, 0x00, 0x00, 0x00, 0x00, 0x00, 0x28, 0x3F, 
0x00, 0x00, 0x00, 0x00, 0x00, 0x00, 0x00, 0x88, 0xA7, 0x00, 0x00, 0x00, 0x00, 0x00, 0x02, 0x2E, 
0xBC, 0xB1, 0x1F, 0x00, 0x00, 0x00, 0x1C, 0xCA, 0xFD, 0xE5, 0xF2, 0xFE, 0x66, 0x00, 0x00, 0xA9, 
0xE3, 0x20, 0x00, 0x01, 0x3F, 0x46, 0x00, 0x00, 0xDC, 0xAA, 0x00, 0x00, 0x00, 0x00, 0x00, 0x00, 
0x00, 0xB7, 0xED, 0x29, 0x00, 0x00, 0x00, 0x00, 0x00, 0x00, 0x30, 0xEC, 0xF9, 0xA2, 0x43, 0x01, 
0x00, 0x00, 0x00, 0x00, 0x15, 0x81, 0xE3, 0xFF, 0xD0, 0x2A, 0x00, 0x00, 0x00, 0x00, 0x00, 0x02, 
0x59, 0xF3, 0xD8, 0x00, 0x00, 0x00, 0x00, 0x00, 0x00, 0x00, 0x7F, 0xFF, 0x1F, 0x00, 0x04, 0x00, 
0x00, 0x00, 0x00, 0x88, 0xFE, 0x16, 0x22, 0xE5, 0x81, 0x4F, 0x4C, 0x86, 0xFA, 0x95, 0x00, 0x04, 
0x86, 0xD5, 0xFD, 0xF7, 0xCC, 0x6C, 0x04, 0x00, 0x00, 0x00, 0x00, 0xDB, 0x51, 0x00, 0x00, 0x00, 
0x00, 0x00, 0x00, 0x00, 0xF6, 0x36, 0x00, 0x00, 0x00, 0x00, 0x00, 0x00, 0x00, 0x20, 0x02, 0x00, 
0x00, 0x00, 0x00, 0x00, 0x0C, 0x5F, 0x6A, 0x1E, 0x00, 0x00, 0x00, 0x00, 0x38, 0xA6, 0x01, 0x00, 
0x01, 0xCA, 0xB2, 0x9E, 0xEC, 0x17, 0x00, 0x00, 0x0D, 0xDF, 0x6B, 0x00, 0x00, 0x3A, 0xF5, 0x06, 
0x00, 0xD5, 0x69, 0x00, 0x00, 0xA0, 0xB7, 0x00, 0x00, 0x00, 0x55, 0xE4, 0x00, 0x00, 0xB9, 0x7F, 
0x00, 0x52, 0xEC, 0x19, 0x00, 0x00, 0x00, 0x3E, 0xF8, 0x09, 0x00, 0xD4, 0x60, 0x19, 0xEC, 0x54, 
0x00, 0x00, 0x00, 0x00, 0x03, 0xD4, 0xBE, 0xA8, 0xDD, 0x0D, 0xB7, 0xA1, 0x00, 0x00, 0x00, 0x00, 
0x00, 0x00, 0x0E, 0x58, 0x59, 0x10, 0x6B, 0xE0, 0x0E, 0x64, 0xBD, 0xAC, 0x2D, 0x00, 0x00, 0x00, 
0x00, 0x00, 0x27, 0xF3, 0x3F, 0x4B, 0xEA, 0x3D, 0x86, 0xE2, 0x03, 0x00, 0x00, 0x00, 0x04, 0xCB, 
0x8A, 0x00, 0x94, 0xA1, 0x00, 0x12, 0xFF, 0x29, 0x00, 0x00, 0x00, 0x83, 0xD1, 0x06, 0x00, 0x9E, 
0x9B, 0x00, 0x06, 0xFF, 0x2F, 0x00, 0x00, 0x38, 0xF4, 0x2C, 0x00, 0x00, 0x77, 0xD0, 0x04, 0x3F, 
0xF1, 0x0A, 0x00, 0x0B, 0xDC, 0x72, 0x00, 0x00, 0x00, 0x12, 0xCA, 0xE9, 0xEC, 0x5B, 0x00, 0x00, 
0x0D, 0x48, 0x01, 0x00, 0x00, 0x00, 0x00, 0x00, 0x12, 0x03, 0x00, 0x00, 0x00, 0x00, 0x0F, 0x92, 
0xE9, 0xF8, 0xD7, 0x66, 0x00, 0x00, 0x00, 0x00, 0x00, 0x00, 0xA7, 0xDF, 0x2C, 0x0C, 0x84, 0xFF, 
0x38, 0x00, 0x00, 0x00, 0x00, 0x00, 0xF2, 0x95, 0x00, 0x00, 0x29, 0xFF, 0x5E, 0x00, 0x00, 0x00, 
0x00, 0x00, 0xDD, 0xCE, 0x00, 0x01, 0x9C, 0xF7, 0x21, 0x00, 0x00, 0x00, 0x00, 0x00, 0x65, 0xFF, 
0x75, 0xB3, 0xF4, 0x4F, 0x00, 0x00, 0x00, 0x00, 0x00, 0x00, 0x09, 0xE2, 0xFF, 0xC2, 0x21, 0x00, 
0x00, 0x00, 0x00, 0x00, 0x00, 0x15, 0xD1, 0xDB, 0xD8, 0xE6, 0x1F, 0x00, 0x00, 0xDF, 0x79, 0x00, 
0x00, 0xB1, 0xE8, 0x16, 0x20, 0xE5, 0xDA, 0x1B, 0x0F, 0xFC, 0x62, 0x00, 0x03, 0xFB, 0x91, 0x00, 
0x00, 0x27, 0xE5, 0xDD, 0x94, 0xF7, 0x16, 0x00, 0x00, 0xF3, 0xA7, 0x00, 0x00, 0x00, 0x20, 0xE1, 
0xFF, 0x95, 0x00, 0x00, 0x00, 0x8D, 0xFC, 0x64, 0x10, 0x19, 0x80, 0xFB, 0xD3, 0xF8, 0x5B, 0x00, 
0x00, 0x04, 0x79, 0xD8, 0xF9, 0xEE, 0xB4, 0x41, 0x00, 0x6B, 0xE9, 0x76, 0xBA, 0xB2, 0xBA, 0xB1, 
0xAE, 0xA5, 0xA3, 0x9A, 0x90, 0x87, 0x00, 0x36, 0xF6, 0x15, 0x00, 0xAA, 0xB0, 0x00, 0x12, 0xFA, 
0x54, 0x00, 0x65, 0xFB, 0x0F, 0x00, 0xA5, 0xD3, 0x00, 0x00, 0xD7, 0xAA, 0x00, 0x00, 0xEF, 0x95, 
0x00, 0x00, 0xFC, 0x8B, 0x00, 0x00, 0xEF, 0x96, 0x00, 0x00, 0xD8, 0xAB, 0x00, 0x00, 0xAA, 0xD5, 
0x00, 0x00, 0x6E, 0xFC, 0x11, 0x00, 0x1B, 0xFE, 0x58, 0x00, 0x00, 0xB2, 0xB3, 0x00, 0x00, 0x38, 
0xF9, 0x16, 0x15, 0xF6, 0x37, 0x00, 0x00, 0xB1, 0xAC, 0x00, 0x00, 0x54, 0xFB, 0x14, 0x00, 0x0F, 
0xFB, 0x65, 0x00, 0x00, 0xD3, 0xA3, 0x00, 0x00, 0xA8, 0xD6, 0x00, 0x00, 0x93, 0xEE, 0x00, 0x00, 
0x88, 0xFB, 0x00, 0x00, 0x93, 0xEE, 0x00, 0x00, 0xA9, 0xD8, 0x00, 0x00, 0xD5, 0xA7, 0x00, 0x10, 
0xFC, 0x6A, 0x00, 0x56, 0xFD, 0x19, 0x00, 0xB2, 0xB3, 0x00, 0x15, 0xF8, 0x3A, 0x00, 0x00, 0x00, 
0x29, 0xFB, 0x0F, 0x00, 0x00, 0x5A, 0xA9, 0x28, 0xF5, 0x20, 0xB6, 0x41, 0x1F, 0x8B, 0xD7, 0xF6, 
0xD9, 0x81, 0x17, 0x1F, 0x8A, 0xD7, 0xF6, 0xD8, 0x80, 0x17, 0x5A, 0xAA, 0x29, 0xF5, 0x21, 0xB6, 
0x41, 0x00, 0x00, 0x29, 0xFB, 0x0F, 0x00, 0x00, 0x00, 0x00, 0x00, 0x24, 0xF7, 0x1C, 0x00, 0x00, 
0x00, 0x00, 0x00, 0x00, 0x2C, 0xFF, 0x24, 0x00, 0x00, 0x00, 0x00, 0x00, 0x00, 0x2C, 0xFF, 0x24, 
0x00, 0x00, 0x00, 0x00, 0x00, 0x00, 0x2C, 0xFF, 0x24, 0x00, 0x00, 0x00, 0x51, 0xFF, 0xFF, 0xFF, 
0xFF, 0xFF, 0xFF, 0xFF, 0x46, 0x00, 0x00, 0x00, 0x2C, 0xFF, 0x24, 0x00, 0x00, 0x00, 0x00, 0x00, 
0x00, 0x2C, 0xFF, 0x24, 0x00, 0x00, 0x00, 0x00, 0x00, 0x00, 0x27, 0xFA, 0x1F, 0x00, 0x00, 0x00, 
0x00, 0x56, 0xF8, 0x30, 0x00, 0x6C, 0xFF, 0x31, 0x00, 0xA0, 0xD6, 0x02, 0x17, 0xF8, 0x44, 0x00, 
0x7A, 0xA5, 0x00, 0x00, 0xDB, 0xC0, 0xDD, 0xBF, 0x00, 0x00, 0x00, 0x00, 0x00, 0xA6, 0xB5, 0x00, 
0x00, 0x00, 0x00, 0x14, 0xFA, 0x67, 0x00, 0x00, 0x00, 0x00, 0x6F, 0xF7, 0x10, 0x00, 0x00, 0x00, 
0x00, 0xCF, 0xA8, 0x00, 0x00, 0x00, 0x00, 0x2D, 0xFF, 0x48, 0x00, 0x00, 0x00, 0x00, 0x8E, 0xE5, 
0x03, 0x00, 0x00, 0x00, 0x04, 0xE9, 0x88, 0x00, 0x00, 0x00, 0x00, 0x4E, 0xFF, 0x29, 0x00, 0x00, 
0x00, 0x00, 0xAD, 0xC9, 0x00, 0x00, 0x00, 0x00, 0x13, 0xF9, 0x69, 0x00, 0x00, 0x00, 0x00, 0x6D, 
0xF8, 0x11, 0x00, 0x00, 0x00, 0x00, 0xCD, 0xAA, 0x00, 0x00, 0x00, 0x00, 0x2C, 0xFF, 0x4A, 0x00, 
0x00, 0x00, 0x00, 0x8C, 0xE6, 0x03, 0x00, 0x00, 0x00, 0x00, 0xDA, 0x82, 0x00, 0x00, 0x00, 0x00, 
0x00, 0x00, 0x48, 0xD0, 0xF8, 0xDE, 0x65, 0x00, 0x2C, 0xE7, 0x42, 0x08, 0x3D, 0xEC, 0x42, 0x99, 
0x79, 0x00, 0x00, 0x00, 0x75, 0xAA, 0xD3, 0x33, 0x00, 0x00, 0x00, 0x34, 0xDE, 0xEA, 0x18, 0x00, 
0x00, 0x00, 0x18, 0xF6, 0xFC, 0x0D, 0x00, 0x00, 0x00, 0x0F, 0xFB, 0xF7, 0x14, 0x00, 0x00, 0x00, 
0x16, 0xE9, 0xDF, 0x2E, 0x00, 0x00, 0x00, 0x31, 0xD2, 0xAC, 0x6E, 0x00, 0x00, 0x00, 0x78, 0x99, 
0x47, 0xE8, 0x41, 0x0C, 0x47, 0xEA, 0x2C, 0x00, 0x68, 0xDF, 0xF9, 0xD2, 0x4A, 0x00, 0x00, 0x08, 
0x80, 0xF3, 0xF2, 0x00, 0x00, 0x48, 0xDC, 0xFF, 0xFF, 0xFC, 0x00, 0x00, 0xF0, 0xA0, 0x35, 0xFF, 
0xFC, 0x00, 0x00, 0x08, 0x00, 0x00, 0xFF, 0xFC, 0x00, 0x00, 0x00, 0x00, 0x00, 0xFF, 0xFC, 0x00, 
0x00, 0x00, 0x00, 0x00, 0xFF, 0xFC, 0x00, 0x00, 0x00, 0x00, 0x00, 0xFF, 0xFC, 0x00, 0x00, 0x00, 
0x00, 0x00, 0xFF, 0xFC, 0x00, 0x00, 0x00, 0x00, 0x00, 0xFF, 0xFC, 0x00, 0x00, 0x00, 0x00, 0x00, 
0xFF, 0xFC, 0x00, 0x00, 0xEE, 0xFF, 0xFF, 0xFF, 0xFF, 0xFF, 0xEC, 0x56, 0xC3, 0xF4, 0xE7, 0x9D, 
0x11, 0x00, 0xD4, 0x5B, 0x13, 0x1C, 0xB7, 0xA5, 0x00, 0x00, 0x00, 0x00, 0x00, 0x29, 0xF0, 0x00, 
0x00, 0x00, 0x00, 0x00, 0x18, 0xF2, 0x00, 0x00, 0x00, 0x00, 0x00, 0x60, 0xC0, 0x00, 0x00, 0x00, 
0x00, 0x0C, 0xE2, 0x5D, 0x00, 0x00, 0x00, 0x02, 0xAB, 0xD2, 0x03, 0x00, 0x00, 0x00, 0x98, 0xFA, 
0x34, 0x00, 0x00, 0x00, 0x8B, 0xFF, 0x78, 0x00, 0x00, 0x00, 0x7D, 0xFF, 0xBE, 0x02, 0x00, 0x00, 
0x00, 0xF2, 0xFF, 0xFF, 0xFF, 0xFF, 0xFF, 0xEF, 0x55, 0xC6, 0xF4, 0xEA, 0xA7, 0x18, 0x00, 0xD5, 
0x5D, 0x13, 0x17, 0xA6, 0xB3, 0x00, 0x00, 0x00, 0x00, 0x00, 0x1C, 0xF3, 0x00, 0x00, 0x00, 0x00, 
0x00, 0x37, 0xE0, 0x00, 0x00, 0x00, 0x06, 0x38, 0xCF, 0x64, 0x00, 0x00, 0xEE, 0xFF, 0xFF, 0xB2, 
0x2D, 0x00, 0x00, 0x00, 0x01, 0x16, 0x52, 0xDA, 0x66, 0x00, 0x00, 0x00, 0x00, 0x00, 0x34, 0xE8, 
0x00, 0x00, 0x00, 0x00, 0x00, 0x27, 0xE9, 0xD3, 0x69, 0x1E, 0x08, 0x30, 0xC3, 0x76, 0x6A, 0xCC, 
0xF5, 0xF1, 0xCC, 0x64, 0x01, 0x00, 0x00, 0x00, 0x0B, 0xD3, 0xFD, 0xEB, 0x00, 0x00, 0x00, 0x00, 
0x00, 0x8E, 0xCD, 0xFC, 0xFF, 0x00, 0x00, 0x00, 0x00, 0x33, 0xF9, 0x33, 0xFC, 0xFF, 0x00, 0x00, 
0x00, 0x03, 0xCD, 0x90, 0x00, 0xFC, 0xFF, 0x00, 0x00, 0x00, 0x73, 0xE3, 0x0C, 0x00, 0xFC, 0xFF, 
0x00, 0x00, 0x1F, 0xF4, 0x50, 0x00, 0x00, 0xFC, 0xFF, 0x00, 0x00, 0xB4, 0xB0, 0x00, 0x00, 0x00, 
0xFC, 0xFF, 0x00, 0x00, 0xF7, 0xFF, 0xFF, 0xFF, 0xFF, 0xFF, 0xFF, 0xFF, 0x88, 0x00, 0x00, 0x00, 
0x00, 0x00, 0xFC, 0xFF, 0x00, 0x00, 0x00, 0x00, 0x00, 0x00, 0x00, 0xFC, 0xFF, 0x00, 0x00, 0x00, 
0x00, 0x00, 0x00, 0x00, 0xF0, 0xF2, 0x00, 0x00, 0x00, 0xF1, 0xFF, 0xFF, 0xFF, 0xF1, 0x00, 0x00, 
0xFF, 0xFC, 0x00, 0x00, 0x00, 0x00, 0x00, 0xFF, 0xFC, 0x00, 0x00, 0x00, 0x00, 0x00, 0xFF, 0xFC, 
0x00, 0x00, 0x00, 0x00, 0x00, 0xFB, 0xFF, 0xFA, 0xE9, 0x9C, 0x0E, 0x00, 0x11, 0x0A, 0x0D, 0x3F, 
0xD3, 0x96, 0x00, 0x00, 0x00, 0x00, 0x00, 0x39, 0xE5, 0x00, 0x00, 0x00, 0x00, 0x00, 0x18, 0xF8, 
0x00, 0x00, 0x00, 0x00, 0x00, 0x4E, 0xCB, 0xD0, 0x54, 0x13, 0x0C, 0x4A, 0xE1, 0x49, 0x7D, 0xD5, 
0xF8, 0xE8, 0xB5, 0x36, 0x00, 0x00, 0x00, 0x00, 0x11, 0x64, 0x82, 0x73, 0x2C, 0x00, 0x00, 0x00, 
0x4C, 0xED, 0xE0, 0xB2, 0xC7, 0xCE, 0x00, 0x00, 0x23, 0xF4, 0xA0, 0x03, 0x00, 0x00, 0x03, 0x00, 
0x00, 0x90, 0xEA, 0x07, 0x00, 0x00, 0x00, 0x00, 0x00, 0x00, 0xD6, 0x9B, 0x00, 0x00, 0x00, 0x00, 
0x00, 0x00, 0x01, 0xFC, 0xB0, 0xB1, 0xEB, 0xF4, 0xC0, 0x2E, 0x00, 0x0C, 0xFF, 0xE6, 0x79, 0x41, 
0x55, 0xD9, 0xEA, 0x0C, 0x08, 0xFF, 0x7C, 0x00, 0x00, 0x00, 0x46, 0xFF, 0x4C, 0x00, 0xF4, 0x90, 
0x00, 0x00, 0x00, 0x27, 0xFF, 0x5C, 0x00, 0xC4, 0xCB, 0x00, 0x00, 0x00, 0x57, 0xFF, 0x34, 0x00, 
0x64, 0xFF, 0x7D, 0x1E, 0x44, 0xE2, 0xCC, 0x01, 0x00, 0x00, 0x8B, 0xFA, 0xFF, 0xFE, 0xB7, 0x19, 
0x00, 0x00, 0x00, 0x00, 0x08, 0x24, 0x11, 0x00, 0x00, 0x00, 0xEE, 0xFF, 0xFF, 0xFF, 0xFF, 0xFF, 
0xF3, 0x00, 0x00, 0x00, 0x00, 0x21, 0xFD, 0xBB, 0x00, 0x00, 0x00, 0x00, 0x8B, 0xFF, 0x51, 0x00, 
0x00, 0x00, 0x09, 0xEE, 0xE3, 0x03, 0x00, 0x00, 0x00, 0x65, 0xFF, 0x7D, 0x00, 0x00, 0x00, 0x00, 
0xD1, 0xFA, 0x18, 0x00, 0x00, 0x00, 0x3E, 0xFF, 0xA9, 0x00, 0x00, 0x00, 0x00, 0xAB, 0xFF, 0x3F, 
0x00, 0x00, 0x00, 0x1C, 0xFB, 0xD4, 0x00, 0x00, 0x00, 0x00, 0x85, 0xFF, 0x6A, 0x00, 0x00, 0x00, 
0x00, 0xC2, 0xEB, 0x0D, 0x00, 0x00, 0x00, 0x00, 0x00, 0x0F, 0x5E, 0x81, 0x6C, 0x25, 0x00, 0x00, 
0x00, 0x30, 0xEC, 0xDD, 0xAC, 0xD7, 0xFB, 0x5C, 0x00, 0x00, 0xB7, 0xD5, 0x05, 0x00, 0x01, 0xBF, 
0xDD, 0x00, 0x00, 0xD8, 0xAE, 0x00, 0x00, 0x00, 0x94, 0xE9, 0x00, 0x00, 0x92, 0xF9, 0x43, 0x00, 
0x26, 0xEE, 0x86, 0x00, 0x00, 0x09, 0xAD, 0xFD, 0xAC, 0xEF, 0x93, 0x03, 0x00, 0x00, 0x00, 0x53, 
0xF1, 0xE9, 0xFA, 0x8B, 0x08, 0x00, 0x00, 0x7F, 0xF3, 0x57, 0x01, 0x5E, 0xF2, 0xBF, 0x02, 0x1D, 
0xFD, 0x6F, 0x00, 0x00, 0x00, 0x5D, 0xFF, 0x46, 0x3A, 0xFF, 0x50, 0x00, 0x00, 0x00, 0x34, 0xFF, 
0x57, 0x0C, 0xED, 0xCA, 0x30, 0x0B, 0x28, 0xBB, 0xEB, 0x15, 0x00, 0x39, 0xCD, 0xFF, 0xFF, 0xFF, 
0xC9, 0x38, 0x00, 0x00, 0x00, 0x00, 0x0E, 0x24, 0x0C, 0x00, 0x00, 0x00, 0x00, 0x5B, 0xD9, 0xF8, 
0xD9, 0x61, 0x00, 0x5B, 0xD9, 0x38, 0x0D, 0x45, 0xEC, 0x47, 0xCF, 0x44, 0x00, 0x00, 0x00, 0x74, 
0xAF, 0xF5, 0x14, 0x00, 0x00, 0x00, 0x30, 0xE1, 0xE5, 0x32, 0x00, 0x00, 0x00, 0x14, 0xF7, 0x90, 
0xC1, 0x27, 0x09, 0x2C, 0x8F, 0xF8, 0x09, 0x8E, 0xEA, 0xF8, 0xD8, 0x8F, 0xE2, 0x00, 0x00, 0x00, 
0x00, 0x00, 0x34, 0xB1, 0x00, 0x00, 0x00, 0x00, 0x00, 0xA4, 0x53, 0x53, 0x1B, 0x04, 0x20, 0x9C, 
0xB0, 0x02, 0xBA, 0xF4, 0xF6, 0xD3, 0x77, 0x07, 0x00, 0xD5, 0xF6, 0x3E, 0xD7, 0xF6, 0x40, 0x00, 
0x00, 0x00, 0x00, 0x00, 0x00, 0x00, 0x00, 0x00, 0x00, 0x00, 0x00, 0xD3, 0xF4, 0x3E, 0xD7, 0xF6, 
0x40, 0x00, 0xD5, 0xF6, 0x3E, 0x00, 0xD7, 0xF6, 0x40, 0x00, 0x00, 0x00, 0x00, 0x00, 0x00, 0x00, 
0x00, 0x00, 0x00, 0x00, 0x00, 0x00, 0x00, 0x00, 0x00, 0x00, 0xEB, 0x25, 0x00, 0x00, 0xFF, 0x25, 
0x00, 0x2C, 0xE1, 0x02, 0x00, 0x8D, 0x6E, 0x00, 0x00, 0xCE, 0x0A, 0x00, 0x00, 0x00, 0x00, 0x00, 
0x00, 0x00, 0x07, 0x69, 0xDC, 0x0A, 0x00, 0x00, 0x00, 0x0B, 0x71, 0xE5, 0xAE, 0x28, 0x00, 0x00, 
0x0E, 0x7A, 0xEB, 0xC0, 0x37, 0x00, 0x00, 0x00, 0x3C, 0xF0, 0xD0, 0x49, 0x00, 0x00, 0x00, 0x00, 
0x00, 0x3B, 0xF0, 0xC3, 0x3B, 0x00, 0x00, 0x00, 0x00, 0x00, 0x00, 0x0F, 0x7B, 0xEB, 0xB4, 0x2F, 
0x00, 0x00, 0x00, 0x00, 0x00, 0x00, 0x0B, 0x72, 0xE4, 0xA6, 0x24, 0x00, 0x00, 0x00, 0x00, 0x00, 
0x00, 0x07, 0x6A, 0xDB, 0x0C, 0x00, 0x00, 0x00, 0x00, 0x00, 0x00, 0x00, 0x03, 0x00, 0xEB, 0xFF, 
0xFF, 0xFF, 0xFF, 0xFF, 0xEA, 0x00, 0x00, 0x00, 0x00, 0x00, 0x00, 0x00, 0x00, 0x00, 0x00, 0x00, 
0x00, 0x00, 0x00, 0xEB, 0xFF, 0xFF, 0xFF, 0xFF, 0xFF, 0xEA, 0x00, 0x02, 0x00, 0x00, 0x00, 0x00, 
0x00, 0x00, 0x00, 0x15, 0xD9, 0x63, 0x05, 0x00, 0x00, 0x00, 0x00, 0x00, 0x00, 0x29, 0xAD, 0xE1, 
0x6C, 0x08, 0x00, 0x00, 0x00, 0x00, 0x00, 0x00, 0x34, 0xBA, 0xE8, 0x75, 0x0C, 0x00, 0x00, 0x00, 
0x00, 0x00, 0x00, 0x41, 0xC7, 0xED, 0x35, 0x00, 0x00, 0x00, 0x00, 0x00, 0x4D, 0xD3, 0xEC, 0x35, 
0x00, 0x00, 0x00, 0x3C, 0xC4, 0xE7, 0x74, 0x0B, 0x00, 0x00, 0x2D, 0xB3, 0xE1, 0x6C, 0x08, 0x00, 
0x00, 0x00, 0x14, 0xD9, 0x64, 0x05, 0x00, 0x00, 0x00, 0x00, 0x00, 0x00, 0x01, 0x00, 0x00, 0x00, 
0x00, 0x00, 0x00, 0x00, 0x00, 0x00, 0x00, 0x19, 0x78, 0xC5, 0xE4, 0xFA, 0xED, 0xC0, 0x66, 0x03, 
0x00, 0x00, 0x00, 0x59, 0xEF, 0xA0, 0x3F, 0x19, 0x06, 0x1B, 0x62, 0xE2, 0xBF, 0x08, 0x00, 0x4E, 
0xF5, 0x48, 0x00, 0x00, 0x00, 0x00, 0x00, 0x00, 0x1A, 0xEC, 0x7E, 0x0B, 0xEA, 0x6E, 0x00, 0x62, 
0xDF, 0xE8, 0x59, 0xDC, 0x82, 0x00, 0x92, 0xD6, 0x6B, 0xE8, 0x06, 0x3C, 0xFD, 0x51, 0x25, 0xE8, 
0xFF, 0x69, 0x00, 0x69, 0xF8, 0xB6, 0x9D, 0x00, 0xAA, 0xB9, 0x00, 0x00, 0x95, 0xFF, 0x36, 0x00, 
0x64, 0xF4, 0xE5, 0x6E, 0x00, 0xE6, 0x79, 0x00, 0x00, 0xBA, 0xFB, 0x08, 0x00, 0x84, 0xD0, 0xFB, 
0x5B, 0x00, 0xFC, 0x63, 0x00, 0x0B, 0xEA, 0xD7, 0x00, 0x00, 0xC8, 0x8A, 0xF4, 0x6E, 0x00, 0xE5, 
0x96, 0x15, 0xB7, 0xEE, 0xE5, 0x14, 0x62, 0xF0, 0x1E, 0xCD, 0x96, 0x00, 0x5C, 0xEA, 0xF0, 0x8E, 
0x19, 0xC2, 0xF6, 0xC8, 0x38, 0x00, 0x73, 0xF1, 0x22, 0x00, 0x00, 0x00, 0x00, 0x00, 0x00, 0x00, 
0x00, 0x00, 0x00, 0x04, 0xB7, 0xE9, 0x6C, 0x22, 0x07, 0x00, 0x00, 0x00, 0x00, 0x00, 0x00, 0x00, 
0x00, 0x02, 0x60, 0xBC, 0xEA, 0xFB, 0xFF, 0xFF, 0xF3, 0x00, 0x00, 0x00, 0x00, 0x00, 0x00, 0x00, 
0x03, 0xDD, 0xFB, 0x4F, 0x00, 0x00, 0x00, 0x00, 0x00, 0x00, 0x00, 0x48, 0xF0, 0xB8, 0xB3, 0x00, 
0x00, 0x00, 0x00, 0x00, 0x00, 0x00, 0xA8, 0xA2, 0x5D, 0xFB, 0x17, 0x00, 0x00, 0x00, 0x00, 0x00, 
0x10, 0xF7, 0x4F, 0x0F, 0xF9, 0x72, 0x00, 0x00, 0x00, 0x00, 0x00, 0x67, 0xF3, 0x08, 0x00, 0xB4, 
0xD1, 0x00, 0x00, 0x00, 0x00, 0x00, 0xC7, 0xA8, 0x00, 0x00, 0x5F, 0xFF, 0x31, 0x00, 0x00, 0x00, 
0x27, 0xFF, 0x55, 0x00, 0x00, 0x10, 0xFA, 0x91, 0x00, 0x00, 0x00, 0x86, 0xFF, 0xFF, 0xFF, 0xFF, 
0xFF, 0xFF, 0xEB, 0x05, 0x00, 0x02, 0xE3, 0x9B, 0x00, 0x00, 0x00, 0x00, 0x4F, 0xFF, 0x50, 0x00, 
0x46, 0xFF, 0x44, 0x00, 0x00, 0x00, 0x00, 0x06, 0xEE, 0xAF, 0x00, 0x95, 0xE2, 0x03, 0x00, 0x00, 
0x00, 0x00, 0x00, 0x93, 0xF6, 0x08, 0xE7, 0xFF, 0xFF, 0xFB, 0xE2, 0x87, 0x0B, 0x00, 0xFF, 0xFC, 
0x00, 0x00, 0x19, 0xA9, 0x9B, 0x00, 0xFF, 0xFC, 0x00, 0x00, 0x00, 0x1F, 0xEC, 0x00, 0xFF, 0xFC, 
0x00, 0x00, 0x00, 0x26, 0xE5, 0x00, 0xFF, 0xFC, 0x00, 0x00, 0x17, 0xB2, 0x6E, 0x00, 0xFF, 0xFF, 
0xFF, 0xFF, 0xFF, 0xDB, 0x4F, 0x00, 0xFF, 0xFC, 0x00, 0x00, 0x06, 0x38, 0xCA, 0x77, 0xFF, 0xFC, 
0x00, 0x00, 0x00, 0x00, 0x2E, 0xE8, 0xFF, 0xFC, 0x00, 0x00, 0x00, 0x00, 0x25, 0xE7, 0xFF, 0xFC, 
0x00, 0x00, 0x04, 0x2D, 0xC0, 0x7A, 0xE8, 0xFF, 0xFF, 0xFF, 0xF4, 0xC8, 0x62, 0x00, 0x00, 0x01, 
0x63, 0xCB, 0xF6, 0xEE, 0xB6, 0x42, 0x00, 0x9B, 0xBC, 0x32, 0x07, 0x1E, 0x6A, 0xD5, 0x4D, 0xD0, 
0x06, 0x00, 0x00, 0x00, 0x00, 0x00, 0xB4, 0x5E, 0x00, 0x00, 0x00, 0x00, 0x00, 0x00, 0xE9, 0x2F, 
0x00, 0x00, 0x00, 0x00, 0x00, 0x00, 0xFB, 0x12, 0x00, 0x00, 0x00, 0x00, 0x00, 0x00, 0xF0, 0x1C, 
0x00, 0x00, 0x00, 0x00, 0x00, 0x00, 0xC5, 0x4F, 0x00, 0x00, 0x00, 0x00, 0x00, 0x00, 0x6D, 0xBF, 
0x02, 0x00, 0x00, 0x00, 0x00, 0x00, 0x05, 0xC5, 0xBA, 0x2B, 0x06, 0x1C, 0x67, 0xD4, 0x00, 0x0A, 
0x84, 0xDC, 0xF9, 0xEB, 0xB3, 0x41, 0xE7, 0xFF, 0xFF, 0xFA, 0xE6, 0xB0, 0x49, 0x00, 0x00, 0xFF, 
0xFC, 0x00, 0x01, 0x12, 0x4E, 0xD1, 0x8D, 0x00, 0xFF, 0xFC, 0x00, 0x00, 0x00, 0x00, 0x0C, 0xD7, 
0x51, 0xFF, 0xFC, 0x00, 0x00, 0x00, 0x00, 0x00, 0x60, 0xBA, 0xFF, 0xFC, 0x00, 0x00, 0x00, 0x00, 
0x00, 0x2D, 0xEE, 0xFF, 0xFC, 0x00, 0x00, 0x00, 0x00, 0x00, 0x11, 0xFA, 0xFF, 0xFC, 0x00, 0x00, 
0x00, 0x00, 0x00, 0x22, 0xE7, 0xFF, 0xFC, 0x00, 0x00, 0x00, 0x00, 0x00, 0x5C, 0xB1, 0xFF, 0xFC, 
0x00, 0x00, 0x00, 0x00, 0x08, 0xD1, 0x47, 0xFF, 0xFC, 0x00, 0x00, 0x0F, 0x46, 0xC8, 0x85, 0x00, 
0xE8, 0xFF, 0xFF, 0xF9, 0xE3, 0xAC, 0x42, 0x00, 0x00, 0xE9, 0xFF, 0xFF, 0xFF, 0xFF, 0xF2, 0xFF, 
0xFC, 0x00, 0x00, 0x00, 0x00, 0xFF, 0xFC, 0x00, 0x00, 0x00, 0x00, 0xFF, 0xFC, 0x00, 0x00, 0x00, 
0x00, 0xFF, 0xFC, 0x00, 0x00, 0x00, 0x00, 0xFF, 0xFF, 0xFF, 0xFF, 0xF5, 0x00, 0xFF, 0xFC, 0x00, 
0x00, 0x00, 0x00, 0xFF, 0xFC, 0x00, 0x00, 0x00, 0x00, 0xFF, 0xFC, 0x00, 0x00, 0x00, 0x00, 0xFF, 
0xFC, 0x00, 0x00, 0x00, 0x00, 0xEA, 0xFF, 0xFF, 0xFF, 0xFF, 0xF2, 0xE8, 0xFF, 0xFF, 0xFF, 0xFF, 
0xF1, 0xFF, 0xFC, 0x00, 0x00, 0x00, 0x00, 0xFF, 0xFC, 0x00, 0x00, 0x00, 0x00, 0xFF, 0xFC, 0x00, 
0x00, 0x00, 0x00, 0xFF, 0xFC, 0x00, 0x00, 0x00, 0x00, 0xFF, 0xFF, 0xFF, 0xFF, 0xFF, 0xB6, 0xFF, 
0xFC, 0x00, 0x00, 0x00, 0x00, 0xFF, 0xFC, 0x00, 0x00, 0x00, 0x00, 0xFF, 0xFC, 0x00, 0x00, 0x00, 
0x00, 0xFF, 0xFC, 0x00, 0x00, 0x00, 0x00, 0xF5, 0xEF, 0x00, 0x00, 0x00, 0x00, 0x00, 0x00, 0x35, 
0xA8, 0xE6, 0xFA, 0xE6, 0xAF, 0x44, 0x00, 0x69, 0xDF, 0x5C, 0x13, 0x09, 0x27, 0x75, 0xD7, 0x34, 
0xED, 0x1B, 0x00, 0x00, 0x00, 0x00, 0x00, 0x00, 0xA7, 0x75, 0x00, 0x00, 0x00, 0x00, 0x00, 0x00, 
0x00, 0xE5, 0x25, 0x00, 0x00, 0x00, 0x00, 0x00, 0x00, 0x00, 0xFB, 0x10, 0x00, 0x00, 0xEF, 0xFF, 
0xFF, 0xFF, 0xEC, 0xED, 0x23, 0x00, 0x00, 0x00, 0x00, 0x00, 0xFC, 0xFF, 0xB8, 0x6A, 0x00, 0x00, 
0x00, 0x00, 0x00, 0xFC, 0xFF, 0x4C, 0xE8, 0x10, 0x00, 0x00, 0x00, 0x00, 0xFC, 0xFF, 0x00, 0x89, 
0xD3, 0x4A, 0x0C, 0x0F, 0x51, 0xFE, 0xFC, 0x00, 0x00, 0x4B, 0xB7, 0xEC, 0xFC, 0xE9, 0xB3, 0x4F, 
0xF2, 0xED, 0x00, 0x00, 0x00, 0x00, 0xED, 0xF2, 0xFF, 0xFC, 0x00, 0x00, 0x00, 0x00, 0xFC, 0xFF, 
0xFF, 0xFC, 0x00, 0x00, 0x00, 0x00, 0xFC, 0xFF, 0xFF, 0xFC, 0x00, 0x00, 0x00, 0x00, 0xFC, 0xFF, 
0xFF, 0xFC, 0x00, 0x00, 0x00, 0x00, 0xFC, 0xFF, 0xFF, 0xFF, 0xFF, 0xFF, 0xFF, 0xFF, 0xFF, 0xFF, 
0xFF, 0xFC, 0x00, 0x00, 0x00, 0x00, 0xFC, 0xFF, 0xFF, 0xFC, 0x00, 0x00, 0x00, 0x00, 0xFC, 0xFF, 
0xFF, 0xFC, 0x00, 0x00, 0x00, 0x00, 0xFC, 0xFF, 0xFF, 0xFC, 0x00, 0x00, 0x00, 0x00, 0xFC, 0xFF, 
0xF5, 0xF1, 0x00, 0x00, 0x00, 0x00, 0xF1, 0xF5, 0xF1, 0xEE, 0xFF, 0xFC, 0xFF, 0xFC, 0xFF, 0xFC, 
0xFF, 0xFC, 0xFF, 0xFC, 0xFF, 0xFC, 0xFF, 0xFC, 0xFF, 0xFC, 0xFF, 0xFC, 0xF5, 0xF1, 0x00, 0x00, 
0x00, 0xF3, 0xF0, 0x00, 0x00, 0x00, 0xFF, 0xFC, 0x00, 0x00, 0x00, 0xFF, 0xFC, 0x00, 0x00, 0x00, 
0xFF, 0xFC, 0x00, 0x00, 0x00, 0xFF, 0xFC, 0x00, 0x00, 0x00, 0xFF, 0xFC, 0x00, 0x00, 0x00, 0xFF, 
0xFC, 0x00, 0x00, 0x00, 0xFF, 0xFC, 0x00, 0x00, 0x07, 0xFF, 0xEE, 0x00, 0x00, 0x50, 0xFF, 0xB3, 
0xF1, 0xFF, 0xF6, 0xB4, 0x1E, 0xF2, 0xEE, 0x00, 0x00, 0x00, 0x38, 0xF1, 0x7B, 0xFF, 0xFC, 0x00, 
0x00, 0x1D, 0xE8, 0xBD, 0x05, 0xFF, 0xFC, 0x00, 0x0B, 0xCF, 0xD3, 0x0F, 0x00, 0xFF, 0xFC, 0x01, 
0xAD, 0xE5, 0x1D, 0x00, 0x00, 0xFF, 0xFC, 0x83, 0xF3, 0x30, 0x00, 0x00, 0x00, 0xFF, 0xFC, 0xCF, 
0xDD, 0x0F, 0x00, 0x00, 0x00, 0xFF, 0xFC, 0x24, 0xF1, 0xB1, 0x01, 0x00, 0x00, 0xFF, 0xFC, 0x00, 
0x52, 0xFF, 0x7C, 0x00, 0x00, 0xFF, 0xFC, 0x00, 0x00, 0x8E, 0xFD, 0x47, 0x00, 0xFF, 0xFC, 0x00, 
0x00, 0x04, 0xC5, 0xED, 0x20, 0xF5, 0xF1, 0x00, 0x00, 0x00, 0x1B, 0xE4, 0xB8, 0xF2, 0xEE, 0x00, 
0x00, 0x00, 0x00, 0xFF, 0xFC, 0x00, 0x00, 0x00, 0x00, 0xFF, 0xFC, 0x00, 0x00, 0x00, 0x00, 0xFF, 
0xFC, 0x00, 0x00, 0x00, 0x00, 0xFF, 0xFC, 0x00, 0x00, 0x00, 0x00, 0xFF, 0xFC, 0x00, 0x00, 0x00, 
0x00, 0xFF, 0xFC, 0x00, 0x00, 0x00, 0x00, 0xFF, 0xFC, 0x00, 0x00, 0x00, 0x00, 0xFF, 0xFC, 0x00, 
0x00, 0x00, 0x00, 0xFF, 0xFC, 0x00, 0x00, 0x00, 0x00, 0xE9, 0xFF, 0xFF, 0xFF, 0xFF, 0xF2, 0xDF, 
0xFF, 0xDE, 0x25, 0x00, 0x00, 0x00, 0x00, 0x16, 0xD9, 0xFF, 0xE4, 0xFF, 0xFC, 0xE7, 0x8F, 0x00, 
0x00, 0x00, 0x00, 0x78, 0xE2, 0xFC, 0xFF, 0xFF, 0xFC, 0x94, 0xE3, 0x01, 0x00, 0x00, 0x00, 0xCF, 
0x8B, 0xFC, 0xFF, 0xFF, 0xFC, 0x3E, 0xFF, 0x3A, 0x00, 0x00, 0x26, 0xFF, 0x32, 0xFC, 0xFF, 0xFF, 
0xFC, 0x02, 0xE5, 0x8F, 0x00, 0x00, 0x7D, 0xDA, 0x00, 0xFC, 0xFF, 0xFF, 0xFC, 0x00, 0x91, 0xE3, 
0x01, 0x00, 0xD4, 0x81, 0x00, 0xFC, 0xFF, 0xFF, 0xFC, 0x00, 0x3B, 0xFF, 0x3A, 0x2A, 0xFF, 0x29, 
0x00, 0xFC, 0xFF, 0xFF, 0xFC, 0x00, 0x01, 0xE3, 0x8F, 0x82, 0xD0, 0x00, 0x00, 0xFC, 0xFF, 0xFF, 
0xFC, 0x00, 0x00, 0x8F, 0xE3, 0xD9, 0x78, 0x00, 0x00, 0xFC, 0xFF, 0xFF, 0xFC, 0x00, 0x00, 0x39, 
0xFF, 0xFF, 0x20, 0x00, 0x00, 0xFC, 0xFF, 0xF6, 0xEF, 0x00, 0x00, 0x01, 0xDA, 0xBF, 0x00, 0x00, 
0x00, 0xF0, 0xF5, 0xDF, 0xFE, 0xC8, 0x0B, 0x00, 0x00, 0x00, 0xEF, 0xF3, 0xFF, 0xFE, 0xF7, 0x77, 
0x00, 0x00, 0x00, 0xFC, 0xFF, 0xFF, 0xFC, 0x9E, 0xE9, 0x0A, 0x00, 0x00, 0xFC, 0xFF, 0xFF, 0xFC, 
0x26, 0xFD, 0x70, 0x00, 0x00, 0xFC, 0xFF, 0xFF, 0xFC, 0x00, 0xA6, 0xE4, 0x07, 0x00, 0xFC, 0xFF, 
0xFF, 0xFC, 0x00, 0x2B, 0xFE, 0x68, 0x00, 0xFC, 0xFF, 0xFF, 0xFC, 0x00, 0x00, 0xAC, 0xDF, 0x04, 
0xFC, 0xFF, 0xFF, 0xFC, 0x00, 0x00, 0x30, 0xFF, 0x5A, 0xFB, 0xFF, 0xFF, 0xFC, 0x00, 0x00, 0x00, 
0xB2, 0xD0, 0xF7, 0xFF, 0xFF, 0xFC, 0x00, 0x00, 0x00, 0x35, 0xFF, 0xFF, 0xFF, 0xF5, 0xEF, 0x00, 
0x00, 0x00, 0x00, 0x8A, 0xFB, 0xE4, 0x00, 0x02, 0x67, 0xC8, 0xF2, 0xF7, 0xD7, 0x83, 0x0D, 0x00, 
0x00, 0xA6, 0xC9, 0x44, 0x0C, 0x0A, 0x39, 0xB8, 0xCD, 0x08, 0x59, 0xD0, 0x09, 0x00, 0x00, 0x00, 
0x00, 0x03, 0xC3, 0x76, 0xBB, 0x59, 0x00, 0x00, 0x00, 0x00, 0x00, 0x00, 0x54, 0xC9, 0xEC, 0x29, 
0x00, 0x00, 0x00, 0x00, 0x00, 0x00, 0x29, 0xF1, 0xFC, 0x12, 0x00, 0x00, 0x00, 0x00, 0x00, 0x00, 
0x13, 0xFB, 0xF1, 0x26, 0x00, 0x00, 0x00, 0x00, 0x00, 0x00, 0x2B, 0xE9, 0xC8, 0x4F, 0x00, 0x00, 
0x00, 0x00, 0x00, 0x00, 0x59, 0xB6, 0x74, 0xBE, 0x02, 0x00, 0x00, 0x00, 0x00, 0x07, 0xCE, 0x55, 
0x08, 0xCE, 0xB2, 0x34, 0x09, 0x0C, 0x40, 0xC5, 0xA6, 0x00, 0x00, 0x0D, 0x85, 0xD8, 0xF8, 0xF3, 
0xC9, 0x68, 0x02, 0x00, 0xE6, 0xFF, 0xFF, 0xF9, 0xCF, 0x63, 0x00, 0xFF, 0xFC, 0x00, 0x04, 0x31, 
0xCA, 0x6F, 0xFF, 0xFC, 0x00, 0x00, 0x00, 0x34, 0xDD, 0xFF, 0xFC, 0x00, 0x00, 0x00, 0x15, 0xF8, 
0xFF, 0xFC, 0x00, 0x00, 0x00, 0x48, 0xD2, 0xFF, 0xFC, 0x00, 0x07, 0x3C, 0xDB, 0x51, 0xFF, 0xFF, 
0xFF, 0xF9, 0xD0, 0x50, 0x00, 0xFF, 0xFC, 0x00, 0x00, 0x00, 0x00, 0x00, 0xFF, 0xFC, 0x00, 0x00, 
0x00, 0x00, 0x00, 0xFF, 0xFC, 0x00, 0x00, 0x00, 0x00, 0x00, 0xF5, 0xF0, 0x00, 0x00, 0x00, 0x00, 
0x00, 0x00, 0x02, 0x67, 0xC8, 0xF2, 0xF7, 0xD4, 0x7D, 0x0A, 0x00, 0x00, 0x00, 0xA6, 0xC6, 0x41, 
0x0C, 0x0A, 0x39, 0xB8, 0xC5, 0x06, 0x00, 0x59, 0xD0, 0x08, 0x00, 0x00, 0x00, 0x00, 0x03, 0xC3, 
0x70, 0x00, 0xBB, 0x59, 0x00, 0x00, 0x00, 0x00, 0x00, 0x00, 0x54, 0xC7, 0x00, 0xEC, 0x29, 0x00, 
0x00, 0x00, 0x00, 0x00, 0x00, 0x29, 0xF1, 0x00, 0xFC, 0x13, 0x00, 0x00, 0x00, 0x00, 0x00, 0x00, 
0x13, 0xFA, 0x00, 0xF1, 0x27, 0x00, 0x00, 0x00, 0x00, 0x00, 0x00, 0x2B, 0xE7, 0x00, 0xC8, 0x50, 
0x00, 0x00, 0x00, 0x00, 0x00, 0x00, 0x59, 0xB7, 0x00, 0x76, 0xC0, 0x02, 0x00, 0x00, 0x00, 0x00, 
0x07, 0xCE, 0x55, 0x00, 0x09, 0xD0, 0xB3, 0x34, 0x09, 0x0C, 0x40, 0xC5, 0xC6, 0x00, 0x00, 0x00, 
0x0F, 0x89, 0xDA, 0xF8, 0xEE, 0xC3, 0x98, 0xFB, 0x3C, 0x00, 0x00, 0x00, 0x00, 0x00, 0x00, 0x00, 
0x00, 0x00, 0x83, 0xEE, 0x3B, 0x00, 0x00, 0x00, 0x00, 0x00, 0x00, 0x00, 0x00, 0x00, 0x59, 0xD9, 
0xE8, 0xFF, 0xFF, 0xFA, 0xDB, 0x7F, 0x06, 0x00, 0xFF, 0xFC, 0x00, 0x02, 0x21, 0xAE, 0x98, 0x00, 
0xFF, 0xFC, 0x00, 0x00, 0x00, 0x20, 0xEE, 0x00, 0xFF, 0xFC, 0x00, 0x00, 0x00, 0x25, 0xE8, 0x00, 
0xFF, 0xFC, 0x00, 0x03, 0x28, 0xBD, 0x7C, 0x00, 0xFF, 0xFF, 0xFF, 0xFF, 0xFF, 0x75, 0x00, 0x00, 
0xFF, 0xFC, 0x00, 0x20, 0xC0, 0xE0, 0x11, 0x00, 0xFF, 0xFC, 0x00, 0x00, 0x1D, 0xFA, 0x86, 0x00, 
0xFF, 0xFC, 0x00, 0x00, 0x00, 0xA8, 0xED, 0x08, 0xFF, 0xFC, 0x00, 0x00, 0x00, 0x41, 0xFF, 0x62, 
0xF5, 0xEF, 0x00, 0x00, 0x00, 0x00, 0xD4, 0xB9, 0x09, 0x88, 0xDF, 0xF7, 0xCC, 0x53, 0x00, 0x9D, 
0xA0, 0x18, 0x11, 0x5A, 0xD4, 0x00, 0xEE, 0x1B, 0x00, 0x00, 0x00, 0x00, 0x00, 0xD7, 0x71, 0x00, 
0x00, 0x00, 0x00, 0x00, 0x46, 0xF5, 0xBB, 0x4E, 0x04, 0x00, 0x00, 0x00, 0x22, 0x9C, 0xF5, 0xE4, 
0x68, 0x01, 0x00, 0x00, 0x00, 0x0D, 0x6D, 0xEE, 0x83, 0x00, 0x00, 0x00, 0x00, 0x00, 0x36, 0xF2, 
0x00, 0x00, 0x00, 0x00, 0x00, 0x28, 0xE7, 0xD9, 0x70, 0x21, 0x08, 0x2F, 0xC2, 0x6F, 0x4E, 0xBE, 
0xF2, 0xF3, 0xCC, 0x5F, 0x00, 0xF0, 0xFF, 0xFF, 0xFF, 0xFF, 0xFF, 0xFF, 0xFF, 0xFF, 0xEA, 0x00, 
0x00, 0x00, 0x00, 0xFF, 0xFC, 0x00, 0x00, 0x00, 0x00, 0x00, 0x00, 0x00, 0x00, 0xFF, 0xFC, 0x00, 
0x00, 0x00, 0x00, 0x00, 0x00, 0x00, 0x00, 0xFF, 0xFC, 0x00, 0x00, 0x00, 0x00, 0x00, 0x00, 0x00, 
0x00, 0xFF, 0xFC, 0x00, 0x00, 0x00, 0x00, 0x00, 0x00, 0x00, 0x00, 0xFF, 0xFC, 0x00, 0x00, 0x00, 
0x00, 0x00, 0x00, 0x00, 0x00, 0xFF, 0xFC, 0x00, 0x00, 0x00, 0x00, 0x00, 0x00, 0x00, 0x00, 0xFF, 
0xFC, 0x00, 0x00, 0x00, 0x00, 0x00, 0x00, 0x00, 0x00, 0xFF, 0xFC, 0x00, 0x00, 0x00, 0x00, 0x00, 
0x00, 0x00, 0x00, 0xFF, 0xFC, 0x00, 0x00, 0x00, 0x00, 0x00, 0x00, 0x00, 0x00, 0xF3, 0xEF, 0x00, 
0x00, 0x00, 0x00, 0xF2, 0xEE, 0x00, 0x00, 0x00, 0x00, 0x00, 0xEE, 0xF1, 0xFF, 0xFC, 0x00, 0x00, 
0x00, 0x00, 0x00, 0xFC, 0xFF, 0xFF, 0xFC, 0x00, 0x00, 0x00, 0x00, 0x00, 0xFC, 0xFF, 0xFF, 0xFC, 
0x00, 0x00, 0x00, 0x00, 0x00, 0xFC, 0xFF, 0xFF, 0xFC, 0x00, 0x00, 0x00, 0x00, 0x00, 0xFC, 0xFF, 
0xFF, 0xFC, 0x00, 0x00, 0x00, 0x00, 0x00, 0xFC, 0xFF, 0xFF, 0xFC, 0x00, 0x00, 0x00, 0x00, 0x00, 
0xFC, 0xFF, 0xF4, 0xFF, 0x0D, 0x00, 0x00, 0x00, 0x0C, 0xFF, 0xEF, 0xBD, 0xFF, 0x47, 0x00, 0x00, 
0x00, 0x45, 0xFF, 0xAF, 0x3A, 0xF9, 0xDC, 0x3B, 0x0B, 0x3A, 0xDA, 0xF2, 0x2B, 0x00, 0x29, 0xA9, 
0xE0, 0xFA, 0xE7, 0xA6, 0x27, 0x00, 0xC3, 0xCC, 0x00, 0x00, 0x00, 0x00, 0x00, 0x01, 0xDD, 0x99, 
0x74, 0xFF, 0x2E, 0x00, 0x00, 0x00, 0x00, 0x3F, 0xFF, 0x49, 0x19, 0xFC, 0x88, 0x00, 0x00, 0x00, 
0x00, 0x98, 0xE8, 0x03, 0x00, 0xB8, 0xE1, 0x01, 0x00, 0x00, 0x04, 0xEB, 0x8E, 0x00, 0x00, 0x5A, 
0xFF, 0x3E, 0x00, 0x00, 0x49, 0xFF, 0x30, 0x00, 0x00, 0x09, 0xF2, 0x99, 0x00, 0x00, 0xA2, 0xD3, 
0x00, 0x00, 0x00, 0x00, 0x9E, 0xED, 0x06, 0x08, 0xF1, 0x75, 0x00, 0x00, 0x00, 0x00, 0x40, 0xFF, 
0x4E, 0x53, 0xFD, 0x1A, 0x00, 0x00, 0x00, 0x00, 0x01, 0xE0, 0xA9, 0xAC, 0xBA, 0x00, 0x00, 0x00, 
0x00, 0x00, 0x00, 0x84, 0xF6, 0xF6, 0x5C, 0x00, 0x00, 0x00, 0x00, 0x00, 0x00, 0x25, 0xF8, 0xEA, 
0x0B, 0x00, 0x00, 0x00, 0x5F, 0xFB, 0x2F, 0x00, 0x00, 0x00, 0x01, 0xE3, 0xD6, 0x00, 0x00, 0x00, 
0x00, 0x19, 0xF8, 0x60, 0x20, 0xFF, 0x79, 0x00, 0x00, 0x00, 0x31, 0xFF, 0xFF, 0x26, 0x00, 0x00, 
0x00, 0x60, 0xFF, 0x24, 0x00, 0xD4, 0xC0, 0x00, 0x00, 0x00, 0x75, 0xE8, 0xFC, 0x6F, 0x00, 0x00, 
0x00, 0xA7, 0xD7, 0x00, 0x00, 0x87, 0xFA, 0x0D, 0x00, 0x00, 0xB9, 0x9C, 0xC4, 0xB8, 0x00, 0x00, 
0x01, 0xEB, 0x8B, 0x00, 0x00, 0x3A, 0xFF, 0x4F, 0x00, 0x06, 0xF5, 0x58, 0x7A, 0xF7, 0x0A, 0x00, 
0x34, 0xFF, 0x3E, 0x00, 0x00, 0x02, 0xEA, 0x96, 0x00, 0x41, 0xFE, 0x15, 0x30, 0xFF, 0x4B, 0x00, 
0x7A, 0xED, 0x03, 0x00, 0x00, 0x00, 0xA1, 0xDD, 0x00, 0x85, 0xCE, 0x00, 0x00, 0xE4, 0x94, 0x00, 
0xC1, 0xA4, 0x00, 0x00, 0x00, 0x00, 0x54, 0xFF, 0x25, 0xC9, 0x8A, 0x00, 0x00, 0x9C, 0xDD, 0x0C, 
0xFA, 0x57, 0x00, 0x00, 0x00, 0x00, 0x0D, 0xF9, 0x7C, 0xFC, 0x45, 0x00, 0x00, 0x52, 0xFF, 0x75, 
0xFB, 0x0F, 0x00, 0x00, 0x00, 0x00, 0x00, 0xBA, 0xF0, 0xF7, 0x09, 0x00, 0x00, 0x0D, 0xFA, 0xF0, 
0xBE, 0x00, 0x00, 0x00, 0x00, 0x00, 0x00, 0x65, 0xFD, 0xB2, 0x00, 0x00, 0x00, 0x00, 0xB2, 0xFC, 
0x67, 0x00, 0x00, 0x00, 0x44, 0xFC, 0x68, 0x00, 0x00, 0x00, 0x10, 0xE5, 0x96, 0x00, 0xB7, 0xEF, 
0x16, 0x00, 0x00, 0x94, 0xF2, 0x1B, 0x00, 0x23, 0xF7, 0xA0, 0x00, 0x2F, 0xFC, 0x70, 0x00, 0x00, 
0x00, 0x7E, 0xFE, 0x3B, 0xC2, 0xCF, 0x03, 0x00, 0x00, 0x00, 0x07, 0xD9, 0xED, 0xFE, 0x37, 0x00, 
0x00, 0x00, 0x00, 0x00, 0x79, 0xFF, 0xD4, 0x00, 0x00, 0x00, 0x00, 0x00, 0x11, 0xE9, 0xCA, 0xFF, 
0x5B, 0x00, 0x00, 0x00, 0x00, 0x9B, 0xEE, 0x14, 0xB5, 0xE7, 0x0F, 0x00, 0x00, 0x3B, 0xFE, 0x6A, 
0x00, 0x25, 0xF9, 0x93, 0x00, 0x05, 0xD3, 0xD0, 0x03, 0x00, 0x00, 0x89, 0xFC, 0x32, 0x66, 0xF9, 
0x3B, 0x00, 0x00, 0x00, 0x0C, 0xE0, 0xB9, 0x32, 0xFC, 0x6A, 0x00, 0x00, 0x00, 0x00, 0x62, 0xFC, 
0x2C, 0x00, 0xBB, 0xE7, 0x09, 0x00, 0x00, 0x05, 0xE0, 0xB6, 0x00, 0x00, 0x35, 0xFF, 0x71, 0x00, 
0x00, 0x67, 0xFE, 0x31, 0x00, 0x00, 0x00, 0xAF, 0xE8, 0x0C, 0x07, 0xE1, 0xAA, 0x00, 0x00, 0x00, 
0x00, 0x2B, 0xFD, 0x85, 0x77, 0xFC, 0x28, 0x00, 0x00, 0x00, 0x00, 0x00, 0xA4, 0xF9, 0xF2, 0x9F, 
0x00, 0x00, 0x00, 0x00, 0x00, 0x00, 0x23, 0xFF, 0xFE, 0x1F, 0x00, 0x00, 0x00, 0x00, 0x00, 0x00, 
0x00, 0xFF, 0xFC, 0x00, 0x00, 0x00, 0x00, 0x00, 0x00, 0x00, 0x00, 0xFF, 0xFC, 0x00, 0x00, 0x00, 
0x00, 0x00, 0x00, 0x00, 0x00, 0xFF, 0xFC, 0x00, 0x00, 0x00, 0x00, 0x00, 0x00, 0x00, 0x00, 0xF5, 
0xF1, 0x00, 0x00, 0x00, 0x00, 0x4E, 0xFF, 0xFF, 0xFF, 0xFF, 0xFF, 0xFF, 0xBF, 0x00, 0x00, 0x00, 
0x00, 0x00, 0x00, 0x2D, 0xFB, 0x83, 0x00, 0x00, 0x00, 0x00, 0x00, 0x01, 0xC6, 0xDC, 0x08, 0x00, 
0x00, 0x00, 0x00, 0x00, 0x69, 0xFF, 0x45, 0x00, 0x00, 0x00, 0x00, 0x00, 0x19, 0xF0, 0xA3, 0x00, 
0x00, 0x00, 0x00, 0x00, 0x00, 0xAA, 0xED, 0x15, 0x00, 0x00, 0x00, 0x00, 0x00, 0x4A, 0xFF, 0x62, 
0x00, 0x00, 0x00, 0x00, 0x00, 0x0B, 0xE0, 0xC0, 0x01, 0x00, 0x00, 0x00, 0x00, 0x00, 0x8C, 0xF8, 
0x27, 0x00, 0x00, 0x00, 0x00, 0x00, 0x2C, 0xFB, 0x80, 0x00, 0x00, 0x00, 0x00, 0x00, 0x00, 0x6B, 
0xFF, 0xFF, 0xFF, 0xFF, 0xFF, 0xFF, 0xF7, 0x04, 0x42, 0xFE, 0xFF, 0xAD, 0x54, 0xFF, 0x0C, 0x00, 
0x54, 0xFF, 0x0C, 0x00, 0x54, 0xFF, 0x0C, 0x00, 0x54, 0xFF, 0x0C, 0x00, 0x54, 0xFF, 0x0C, 0x00, 
0x54, 0xFF, 0x0C, 0x00, 0x54, 0xFF, 0x0C, 0x00, 0x54, 0xFF, 0x0C, 0x00, 0x54, 0xFF, 0x0C, 0x00, 
0x54, 0xFF, 0x0C, 0x00, 0x54, 0xFF, 0x0C, 0x00, 0x54, 0xFF, 0x0C, 0x00, 0x54, 0xFF, 0x0C, 0x00, 
0x43, 0xFE, 0xFF, 0xAE, 0xC8, 0xA2, 0x00, 0x00, 0x00, 0x00, 0x00, 0x73, 0xF7, 0x10, 0x00, 0x00, 
0x00, 0x00, 0x18, 0xFC, 0x66, 0x00, 0x00, 0x00, 0x00, 0x00, 0xB5, 0xC5, 0x00, 0x00, 0x00, 0x00, 
0x00, 0x56, 0xFF, 0x25, 0x00, 0x00, 0x00, 0x00, 0x08, 0xEF, 0x83, 0x00, 0x00, 0x00, 0x00, 0x00, 
0x99, 0xE0, 0x01, 0x00, 0x00, 0x00, 0x00, 0x3A, 0xFF, 0x41, 0x00, 0x00, 0x00, 0x00, 0x00, 0xDA, 
0xA0, 0x00, 0x00, 0x00, 0x00, 0x00, 0x7C, 0xF3, 0x0B, 0x00, 0x00, 0x00, 0x00, 0x1E, 0xFE, 0x5D, 
0x00, 0x00, 0x00, 0x00, 0x00, 0xBE, 0xBC, 0x00, 0x00, 0x00, 0x00, 0x00, 0x5F, 0xFD, 0x1D, 0x00, 
0x00, 0x00, 0x00, 0x0C, 0xF4, 0x7A, 0x00, 0x00, 0x00, 0x00, 0x00, 0x9B, 0xCF, 0x28, 0xFF, 0xFF, 
0xC5, 0x00, 0x00, 0x84, 0xD8, 0x00, 0x00, 0x84, 0xD8, 0x00, 0x00, 0x84, 0xD8, 0x00, 0x00, 0x84, 
0xD8, 0x00, 0x00, 0x84, 0xD8, 0x00, 0x00, 0x84, 0xD8, 0x00, 0x00, 0x84, 0xD8, 0x00, 0x00, 0x84, 
0xD8, 0x00, 0x00, 0x84, 0xD8, 0x00, 0x00, 0x84, 0xD8, 0x00, 0x00, 0x84, 0xD8, 0x00, 0x00, 0x84, 
0xD8, 0x00, 0x00, 0x84, 0xD8, 0x28, 0xFF, 0xFF, 0xC6, 0x00, 0x00, 0x00, 0x88, 0xFC, 0x65, 0x00, 
0x00, 0x00, 0x00, 0x0A, 0xEF, 0xE5, 0xD7, 0x00, 0x00, 0x00, 0x00, 0x62, 0xF5, 0x43, 0xFF, 0x42, 
0x00, 0x00, 0x00, 0xCA, 0xA2, 0x00, 0xD1, 0xAD, 0x00, 0x00, 0x31, 0xFF, 0x42, 0x00, 0x6E, 0xFB, 
0x1B, 0x00, 0x99, 0xE1, 0x01, 0x00, 0x11, 0xF7, 0x82, 0x03, 0xEE, 0x7D, 0x00, 0x00, 0x00, 0x9D, 
0xDE, 0xEC, 0xFF, 0xFF, 0xFF, 0xFF, 0xFF, 0xFF, 0xFF, 0xED, 0x03, 0xDA, 0xAC, 0x00, 0x00, 0x00, 
0x35, 0xF9, 0x54, 0x00, 0x00, 0x00, 0x67, 0xDE, 0x04, 0x20, 0x97, 0xDF, 0xFA, 0xE9, 0xA6, 0x17, 
0xCE, 0x64, 0x16, 0x0B, 0x67, 0xFF, 0xB4, 0x00, 0x00, 0x00, 0x00, 0x01, 0xF8, 0xF3, 0x0A, 0x84, 
0xD5, 0xF3, 0xFF, 0xFF, 0xFF, 0xAE, 0xFF, 0x7F, 0x0F, 0x00, 0xF4, 0xFF, 0xF7, 0xFF, 0x06, 0x00, 
0x03, 0xF6, 0xFF, 0xC9, 0xFF, 0x53, 0x0F, 0x9D, 0xFF, 0xFF, 0x28, 0xBF, 0xF4, 0xDE, 0x8C, 0xAE, 
0xF7, 0xF4, 0xE7, 0x00, 0x00, 0x00, 0x00, 0x00, 0xFF, 0xF4, 0x00, 0x00, 0x00, 0x00, 0x00, 0xFF, 
0xF4, 0x00, 0x00, 0x00, 0x00, 0x00, 0xFF, 0xF4, 0x00, 0x00, 0x00, 0x00, 0x00, 0xFF, 0xF4, 0x4B, 
0xDC, 0xF6, 0x9D, 0x04, 0xFF, 0xFD, 0xAE, 0x10, 0x98, 0xFF, 0x7B, 0xFF, 0xFA, 0x13, 0x00, 0x27, 
0xFF, 0xD4, 0xFF, 0xF4, 0x00, 0x00, 0x04, 0xFF, 0xF4, 0xFF, 0xF4, 0x00, 0x00, 0x05, 0xFF, 0xED, 
0xFF, 0xF9, 0x10, 0x00, 0x2A, 0xFF, 0xC8, 0xFF, 0xF8, 0xAF, 0x14, 0xA1, 0xFF, 0x65, 0xF7, 0xB2, 
0x71, 0xEC, 0xF0, 0x82, 0x01, 0x00, 0x61, 0xCF, 0xF6, 0xD6, 0x5A, 0x57, 0xFF, 0xB8, 0x16, 0x2F, 
0xB9, 0xC9, 0xFF, 0x32, 0x00, 0x00, 0x00, 0xF6, 0xFF, 0x08, 0x00, 0x00, 0x00, 0xF2, 0xFF, 0x07, 
0x00, 0x00, 0x00, 0xCE, 0xFF, 0x30, 0x00, 0x00, 0x00, 0x62, 0xFF, 0xB4, 0x14, 0x2B, 0xBC, 0x01, 
0x70, 0xD9, 0xF9, 0xD4, 0x5F, 0x00, 0x00, 0x00, 0x00, 0x00, 0xE6, 0xF1, 0x00, 0x00, 0x00, 0x00, 
0x00, 0xF4, 0xFF, 0x00, 0x00, 0x00, 0x00, 0x00, 0xF4, 0xFF, 0x00, 0x00, 0x00, 0x00, 0x00, 0xF4, 
0xFF, 0x01, 0x86, 0xF0, 0xE7, 0x5B, 0xF4, 0xFF, 0x6A, 0xFF, 0x9F, 0x10, 0xAE, 0xFF, 0xFF, 0xCB, 
0xFF, 0x29, 0x00, 0x10, 0xF9, 0xFF, 0xEF, 0xFF, 0x04, 0x00, 0x00, 0xF4, 0xFF, 0xF5, 0xFF, 0x03, 
0x00, 0x00, 0xF4, 0xFF, 0xD5, 0xFF, 0x23, 0x00, 0x13, 0xFA, 0xFF, 0x7C, 0xFF, 0x95, 0x13, 0xB4, 
0xF3, 0xFF, 0x04, 0x9B, 0xF5, 0xE1, 0x60, 0xB2, 0xF6, 0x00, 0x47, 0xD1, 0xF9, 0xE7, 0x83, 0x06, 
0x42, 0xFF, 0x90, 0x0F, 0x71, 0xFF, 0x88, 0xBF, 0xFF, 0x11, 0x00, 0x04, 0xFD, 0xE3, 0xEC, 0xFF, 
0xFF, 0xFF, 0xFF, 0xFF, 0xEC, 0xEF, 0xFF, 0x08, 0x00, 0x00, 0x00, 0x00, 0xC6, 0xFF, 0x3A, 0x00, 
0x00, 0x00, 0x00, 0x4D, 0xFF, 0xCD, 0x2D, 0x0B, 0x44, 0xC5, 0x00, 0x4D, 0xC5, 0xEE, 0xEF, 0xB3, 
0x37, 0x00, 0x16, 0xA5, 0xE8, 0xF9, 0xC4, 0x00, 0xA7, 0xFF, 0x5F, 0x08, 0x27, 0x00, 0xEA, 0xFC, 
0x01, 0x00, 0x00, 0x00, 0xFF, 0xF4, 0x00, 0x00, 0x00, 0xF5, 0xFF, 0xFF, 0xFF, 0xE3, 0x00, 0x00, 
0xFF, 0xF4, 0x00, 0x00, 0x00, 0x00, 0xFF, 0xF4, 0x00, 0x00, 0x00, 0x00, 0xFF, 0xF4, 0x00, 0x00, 
0x00, 0x00, 0xFF, 0xF4, 0x00, 0x00, 0x00, 0x00, 0xFF, 0xF4, 0x00, 0x00, 0x00, 0x00, 0xFF, 0xF4, 
0x00, 0x00, 0x00, 0x00, 0xF5, 0xE9, 0x00, 0x00, 0x00, 0x18, 0xA6, 0xEB, 0xFF, 0xFF, 0xFF, 0xEB, 
0xB7, 0xD7, 0x1F, 0x1D, 0xD3, 0xBB, 0x00, 0xF3, 0x8A, 0x00, 0x00, 0x8A, 0xF4, 0x00, 0xC0, 0xD1, 
0x1B, 0x1C, 0xD5, 0xBC, 0x00, 0xA7, 0xC6, 0xF0, 0xEE, 0xAC, 0x1B, 0x00, 0xF1, 0x31, 0x00, 0x00, 
0x00, 0x00, 0x00, 0xB0, 0xFF, 0xFA, 0xEF, 0xDC, 0xA3, 0x1F, 0x4D, 0xD9, 0x11, 0x0D, 0x27, 0xCD, 
0xC7, 0xE7, 0x89, 0x00, 0x00, 0x00, 0x8D, 0xEF, 0xE1, 0xD2, 0x27, 0x08, 0x3A, 0xE7, 0x9B, 0x34, 
0xB8, 0xF1, 0xF8, 0xD8, 0x82, 0x09, 0xF4, 0xE7, 0x00, 0x00, 0x00, 0x00, 0x00, 0xFF, 0xF4, 0x00, 
0x00, 0x00, 0x00, 0x00, 0xFF, 0xF4, 0x00, 0x00, 0x00, 0x00, 0x00, 0xFF, 0xF4, 0x00, 0x00, 0x00, 
0x00, 0x00, 0xFF, 0xF4, 0x45, 0xD3, 0xF2, 0xB5, 0x19, 0xFF, 0xFD, 0xB1, 0x15, 0x72, 0xFF, 0xAB, 
0xFF, 0xF9, 0x0E, 0x00, 0x08, 0xFD, 0xEB, 0xFF, 0xF4, 0x00, 0x00, 0x00, 0xF4, 0xFF, 0xFF, 0xF4, 
0x00, 0x00, 0x00, 0xF4, 0xFF, 0xFF, 0xF4, 0x00, 0x00, 0x00, 0xF4, 0xFF, 0xFF, 0xF4, 0x00, 0x00, 
0x00, 0xF4, 0xFF, 0xF5, 0xE9, 0x00, 0x00, 0x00, 0xE9, 0xF5, 0xD3, 0xF0, 0x25, 0xD6, 0xF2, 0x25, 
0x00, 0x00, 0x00, 0x00, 0x00, 0x00, 0xF5, 0xE9, 0x00, 0xFF, 0xF4, 0x00, 0xFF, 0xF4, 0x00, 0xFF, 
0xF4, 0x00, 0xFF, 0xF4, 0x00, 0xFF, 0xF4, 0x00, 0xFF, 0xF4, 0x00, 0xF6, 0xE9, 0x00, 0x00, 0x00, 
0xD3, 0xF1, 0x26, 0x00, 0x00, 0xD6, 0xF1, 0x25, 0x00, 0x00, 0x00, 0x00, 0x00, 0x00, 0x00, 0x00, 
0x00, 0x00, 0x00, 0x00, 0xF5, 0xE8, 0x00, 0x00, 0x00, 0xFF, 0xF4, 0x00, 0x00, 0x00, 0xFF, 0xF4, 
0x00, 0x00, 0x00, 0xFF, 0xF4, 0x00, 0x00, 0x00, 0xFF, 0xF4, 0x00, 0x00, 0x00, 0xFF, 0xF4, 0x00, 
0x00, 0x00, 0xFF, 0xF4, 0x00, 0x00, 0x00, 0xFF, 0xF4, 0x00, 0x00, 0x03, 0xFF, 0xEE, 0x00, 0x03, 
0x4A, 0xFF, 0xBA, 0x00, 0xE9, 0xF4, 0xBF, 0x24, 0x00, 0xF4, 0xE7, 0x00, 0x00, 0x00, 0x00, 0x00, 
0xFF, 0xF4, 0x00, 0x00, 0x00, 0x00, 0x00, 0xFF, 0xF4, 0x00, 0x00, 0x00, 0x00, 0x00, 0xFF, 0xF4, 
0x00, 0x00, 0x00, 0x00, 0x00, 0xFF, 0xF4, 0x00, 0x00, 0x29, 0xE0, 0xCC, 0xFF, 0xF4, 0x00, 0x2D, 
0xEA, 0xD6, 0x18, 0xFF, 0xF4, 0x31, 0xEC, 0xD2, 0x16, 0x00, 0xFF, 0xF6, 0xE2, 0xFF, 0x35, 0x00, 
0x00, 0xFF, 0xF4, 0x52, 0xFE, 0xC5, 0x03, 0x00, 0xFF, 0xF4, 0x00, 0x82, 0xFF, 0x80, 0x00, 0xFF, 
0xF4, 0x00, 0x01, 0xB1, 0xFC, 0x39, 0xF5, 0xE9, 0x00, 0x00, 0x0D, 0xD2, 0xD4, 0xF4, 0xE7, 0xFF, 
0xF4, 0xFF, 0xF4, 0xFF, 0xF4, 0xFF, 0xF4, 0xFF, 0xF4, 0xFF, 0xF4, 0xFF, 0xF4, 0xFF, 0xF4, 0xFF, 
0xF4, 0xFF, 0xF4, 0xF5, 0xE9, 0xF7, 0xBA, 0x59, 0xDB, 0xF5, 0xB2, 0x14, 0x5B, 0xD9, 0xF1, 0xB4, 
0x19, 0xFF, 0xF7, 0xB8, 0x15, 0x7B, 0xFF, 0xE1, 0xBC, 0x17, 0x6D, 0xFF, 0xAB, 0xFF, 0xF9, 0x0E, 
0x00, 0x11, 0xFF, 0xF9, 0x0F, 0x00, 0x06, 0xFE, 0xED, 0xFF, 0xF4, 0x00, 0x00, 0x00, 0xFF, 0xF4, 
0x00, 0x00, 0x00, 0xF4, 0xFF, 0xFF, 0xF4, 0x00, 0x00, 0x00, 0xFF, 0xF4, 0x00, 0x00, 0x00, 0xF4, 
0xFF, 0xFF, 0xF4, 0x00, 0x00, 0x00, 0xFF, 0xF4, 0x00, 0x00, 0x00, 0xF4, 0xFF, 0xFF, 0xF4, 0x00, 
0x00, 0x00, 0xFF, 0xF4, 0x00, 0x00, 0x00, 0xF4, 0xFF, 0xF6, 0xE9, 0x00, 0x00, 0x00, 0xF6, 0xE9, 
0x00, 0x00, 0x00, 0xE9, 0xF5, 0xF7, 0xBA, 0x58, 0xD8, 0xF2, 0xB5, 0x19, 0xFF, 0xF7, 0xB5, 0x15, 
0x72, 0xFF, 0xAB, 0xFF, 0xF9, 0x0E, 0x00, 0x08, 0xFD, 0xEB, 0xFF, 0xF4, 0x00, 0x00, 0x00, 0xF4, 
0xFF, 0xFF, 0xF4, 0x00, 0x00, 0x00, 0xF4, 0xFF, 0xFF, 0xF4, 0x00, 0x00, 0x00, 0xF4, 0xFF, 0xFF, 
0xF4, 0x00, 0x00, 0x00, 0xF4, 0xFF, 0xF6, 0xE9, 0x00, 0x00, 0x00, 0xE9, 0xF5, 0x00, 0x31, 0xBD, 
0xF3, 0xF7, 0xCC, 0x48, 0x00, 0x40, 0xFB, 0xC5, 0x20, 0x20, 0xC3, 0xFF, 0x57, 0xBB, 0xFF, 0x36, 
0x00, 0x00, 0x38, 0xFF, 0xC5, 0xEA, 0xFF, 0x07, 0x00, 0x00, 0x08, 0xFF, 0xEF, 0xF0, 0xFF, 0x06, 
0x00, 0x00, 0x09, 0xFF, 0xF3, 0xC7, 0xFF, 0x32, 0x00, 0x00, 0x39, 0xFF, 0xBA, 0x4E, 0xFF, 0xBE, 
0x1E, 0x20, 0xC4, 0xFB, 0x3D, 0x00, 0x4D, 0xCE, 0xF8, 0xF4, 0xBE, 0x3D, 0x00, 0xF7, 0xAE, 0x5A, 
0xDD, 0xF5, 0x9A, 0x04, 0xFF, 0xF1, 0xB5, 0x11, 0x95, 0xFF, 0x79, 0xFF, 0xFA, 0x14, 0x00, 0x25, 
0xFF, 0xD4, 0xFF, 0xF4, 0x00, 0x00, 0x04, 0xFF, 0xF5, 0xFF, 0xF4, 0x00, 0x00, 0x05, 0xFF, 0xED, 
0xFF, 0xF9, 0x10, 0x00, 0x2A, 0xFF, 0xC8, 0xFF, 0xFE, 0xAC, 0x13, 0xA1, 0xFF, 0x66, 0xFF, 0xF4, 
0x62, 0xE9, 0xF0, 0x84, 0x01, 0xFF, 0xF4, 0x00, 0x00, 0x00, 0x00, 0x00, 0xFF, 0xF4, 0x00, 0x00, 
0x00, 0x00, 0x00, 0xF6, 0xE9, 0x00, 0x00, 0x00, 0x00, 0x00, 0x01, 0x80, 0xEE, 0xE8, 0x69, 0xB1, 
0xF6, 0x67, 0xFF, 0x9F, 0x10, 0xAF, 0xF7, 0xFF, 0xCB, 0xFF, 0x29, 0x00, 0x10, 0xF9, 0xFF, 0xEF, 
0xFF, 0x04, 0x00, 0x00, 0xF4, 0xFF, 0xF5, 0xFF, 0x03, 0x00, 0x00, 0xF4, 0xFF, 0xD5, 0xFF, 0x23, 
0x00, 0x13, 0xFA, 0xFF, 0x7C, 0xFF, 0x95, 0x13, 0xB1, 0xFD, 0xFF, 0x05, 0x9F, 0xF6, 0xDC, 0x4C, 
0xF4, 0xFF, 0x00, 0x00, 0x00, 0x00, 0x00, 0xF4, 0xFF, 0x00, 0x00, 0x00, 0x00, 0x00, 0xF4, 0xFF, 
0x00, 0x00, 0x00, 0x00, 0x00, 0xE9, 0xF4, 0xF7, 0xBA, 0x69, 0xEE, 0xE7, 0xFF, 0xF3, 0xD2, 0x1D, 
0x21, 0xFF, 0xFD, 0x2B, 0x00, 0x00, 0xFF, 0xF4, 0x00, 0x00, 0x00, 0xFF, 0xF4, 0x00, 0x00, 0x00, 
0xFF, 0xF4, 0x00, 0x00, 0x00, 0xFF, 0xF4, 0x00, 0x00, 0x00, 0xF6, 0xE9, 0x00, 0x00, 0x00, 0x1B, 
0x9E, 0xE1, 0xF7, 0xCE, 0x4D, 0xC9, 0xFC, 0x44, 0x09, 0x3C, 0xC5, 0xEC, 0xFA, 0x20, 0x00, 0x00, 
0x00, 0x67, 0xFA, 0xF3, 0x99, 0x36, 0x00, 0x00, 0x1F, 0x80, 0xE7, 0xFF, 0x80, 0x00, 0x00, 0x00, 
0x18, 0xFD, 0xEF, 0xC6, 0x3C, 0x09, 0x54, 0xFF, 0xBF, 0x57, 0xCF, 0xF8, 0xE8, 0xA3, 0x19, 0x00, 
0xF4, 0xE8, 0x00, 0x00, 0x00, 0xFF, 0xF4, 0x00, 0x00, 0xF5, 0xFF, 0xFF, 0xFF, 0xF1, 0x00, 0xFF, 
0xF4, 0x00, 0x00, 0x00, 0xFF, 0xF4, 0x00, 0x00, 0x00, 0xFF, 0xF4, 0x00, 0x00, 0x00, 0xFF, 0xF4, 
0x00, 0x00, 0x00, 0xFB, 0xF7, 0x00, 0x00, 0x00, 0xD8, 0xFF, 0x34, 0x1C, 0x00, 0x43, 0xD7, 0xFA, 
0xD5, 0xF6, 0xE9, 0x00, 0x00, 0x00, 0xEA, 0xF4, 0xFF, 0xF4, 0x00, 0x00, 0x00, 0xF4, 0xFF, 0xFF, 
0xF4, 0x00, 0x00, 0x00, 0xF4, 0xFF, 0xFF, 0xF4, 0x00, 0x00, 0x00, 0xF4, 0xFF, 0xFF, 0xF4, 0x00, 
0x00, 0x00, 0xF4, 0xFF, 0xEC, 0xFC, 0x06, 0x00, 0x12, 0xF9, 0xFF, 0xAC, 0xFF, 0x6E, 0x16, 0xBC, 
0xF7, 0xFF, 0x19, 0xB6, 0xF2, 0xDA, 0x5B, 0xBB, 0xF6, 0xB8, 0xC3, 0x00, 0x00, 0x00, 0x00, 0xCD, 
0x9D, 0x64, 0xFF, 0x20, 0x00, 0x00, 0x26, 0xFF, 0x4B, 0x0E, 0xF5, 0x72, 0x00, 0x00, 0x79, 0xE6, 
0x03, 0x00, 0xA3, 0xC6, 0x00, 0x00, 0xCB, 0x88, 0x00, 0x00, 0x42, 0xFE, 0x1B, 0x1D, 0xFE, 0x28, 
0x00, 0x00, 0x01, 0xDF, 0x6C, 0x6F, 0xC6, 0x00, 0x00, 0x00, 0x00, 0x81, 0xBF, 0xC1, 0x64, 0x00, 
0x00, 0x00, 0x00, 0x21, 0xF2, 0xE9, 0x0E, 0x00, 0x00, 0xCF, 0xA5, 0x00, 0x00, 0x00, 0xBB, 0xCE, 
0x00, 0x00, 0x00, 0x7A, 0xEA, 0x89, 0xF0, 0x04, 0x00, 0x0B, 0xDD, 0xE5, 0x1D, 0x00, 0x00, 0xC8, 
0xA3, 0x35, 0xFF, 0x3E, 0x00, 0x4A, 0xA6, 0xA5, 0x66, 0x00, 0x13, 0xFD, 0x50, 0x00, 0xE1, 0x88, 
0x00, 0x8D, 0x6A, 0x64, 0xAE, 0x00, 0x59, 0xF3, 0x08, 0x00, 0x8F, 0xD1, 0x00, 0xD1, 0x2D, 0x24, 
0xF2, 0x05, 0xA1, 0xA8, 0x00, 0x00, 0x3C, 0xFF, 0x31, 0xEE, 0x01, 0x00, 0xE2, 0x41, 0xE8, 0x54, 
0x00, 0x00, 0x01, 0xE6, 0xBC, 0xB4, 0x00, 0x00, 0xA2, 0xBA, 0xF5, 0x0A, 0x00, 0x00, 0x00, 0x8D, 
0xFD, 0x6F, 0x00, 0x00, 0x58, 0xFC, 0xA4, 0x00, 0x00, 0x29, 0xFA, 0x7A, 0x00, 0x00, 0x40, 0xF9, 
0x40, 0x00, 0x8D, 0xF9, 0x2A, 0x0A, 0xDC, 0xA3, 0x00, 0x00, 0x09, 0xDA, 0xC6, 0x92, 0xE7, 0x12, 
0x00, 0x00, 0x00, 0x3C, 0xFE, 0xFF, 0x50, 0x00, 0x00, 0x00, 0x00, 0x51, 0xFC, 0xFC, 0x73, 0x00, 
0x00, 0x00, 0x14, 0xE9, 0x8C, 0x8D, 0xF6, 0x26, 0x00, 0x00, 0xAA, 0xDF, 0x0A, 0x0B, 0xDF, 0xC5, 
0x02, 0x48, 0xFA, 0x46, 0x00, 0x00, 0x47, 0xFA, 0x61, 0x94, 0xE4, 0x05, 0x00, 0x00, 0x00, 0xB3, 
0xB9, 0x40, 0xFF, 0x50, 0x00, 0x00, 0x19, 0xFC, 0x68, 0x00, 0xDA, 0xB0, 0x00, 0x00, 0x72, 0xF7, 
0x10, 0x00, 0x78, 0xFA, 0x15, 0x00, 0xCD, 0xA6, 0x00, 0x00, 0x18, 0xFB, 0x70, 0x28, 0xFF, 0x46, 
0x00, 0x00, 0x00, 0xB0, 0xD0, 0x84, 0xE3, 0x02, 0x00, 0x00, 0x00, 0x4C, 0xFF, 0xEF, 0x84, 0x00, 
0x00, 0x00, 0x00, 0x03, 0xE1, 0xFF, 0x24, 0x00, 0x00, 0x00, 0x00, 0x00, 0xC7, 0xC1, 0x00, 0x00, 
0x00, 0x00, 0x00, 0x33, 0xFF, 0x5E, 0x00, 0x00, 0x00, 0x00, 0x00, 0x92, 0xE4, 0x0A, 0x00, 0x00, 
0x00, 0xCF, 0xFF, 0xFF, 0xFF, 0xFF, 0xB3, 0x00, 0x00, 0x00, 0x43, 0xFE, 0x65, 0x00, 0x00, 0x0E, 
0xE1, 0xB8, 0x00, 0x00, 0x00, 0x9D, 0xEF, 0x1B, 0x00, 0x00, 0x4B, 0xFF, 0x5F, 0x00, 0x00, 0x11, 
0xE6, 0xB2, 0x00, 0x00, 0x00, 0xA6, 0xED, 0x18, 0x00, 0x00, 0x00, 0xF1, 0xFF, 0xFF, 0xFF, 0xFF, 
0xEE, 0x00, 0x00, 0x1D, 0xCC, 0xF6, 0x0D, 0x00, 0x00, 0x83, 0xD4, 0x06, 0x00, 0x00, 0x00, 0xA6, 
0xA8, 0x00, 0x00, 0x00, 0x00, 0xAB, 0xA4, 0x00, 0x00, 0x00, 0x00, 0xAD, 0xA1, 0x00, 0x00, 0x00, 
0x00, 0xC1, 0x8E, 0x00, 0x00, 0x00, 0x39, 0xF9, 0x42, 0x00, 0x00, 0x32, 0xFF, 0x98, 0x00, 0x00, 
0x00, 0x00, 0x37, 0xF7, 0x47, 0x00, 0x00, 0x00, 0x00, 0xBD, 0x93, 0x00, 0x00, 0x00, 0x00, 0xAC, 
0xA3, 0x00, 0x00, 0x00, 0x00, 0xAC, 0xA4, 0x00, 0x00, 0x00, 0x00, 0xA8, 0xA7, 0x00, 0x00, 0x00, 
0x00, 0x89, 0xD2, 0x05, 0x00, 0x00, 0x00, 0x23, 0xD5, 0xF7, 0x0D, 0x7F, 0xCB, 0x88, 0xD4, 0x88, 
0xD4, 0x88, 0xD4, 0x88, 0xD4, 0x88, 0xD4, 0x88, 0xD4, 0x88, 0xD4, 0x88, 0xD4, 0x88, 0xD4, 0x88, 
0xD4, 0x88, 0xD4, 0x88, 0xD4, 0x88, 0xD4, 0x88, 0xD4, 0x80, 0xCC, 0xE4, 0xDC, 0x33, 0x00, 0x00, 
0x02, 0xB4, 0xAA, 0x00, 0x00, 0x00, 0x84, 0xCE, 0x00, 0x00, 0x00, 0x80, 0xD3, 0x00, 0x00, 0x00, 
0x80, 0xD4, 0x00, 0x00, 0x00, 0x7A, 0xD9, 0x00, 0x00, 0x00, 0x3E, 0xFC, 0x40, 0x00, 0x00, 0x00, 
0x79, 0xFF, 0x57, 0x00, 0x1C, 0xF5, 0x62, 0x00, 0x00, 0x66, 0xED, 0x01, 0x00, 0x00, 0x7C, 0xD6, 
0x00, 0x00, 0x00, 0x80, 0xD3, 0x00, 0x00, 0x00, 0x83, 0xCE, 0x00, 0x00, 0x02, 0xB2, 0xAD, 0x00, 
0x00, 0xE5, 0xE1, 0x39, 0x00, 0x00, 0x3D, 0xDD, 0xF0, 0x7A, 0x00, 0x00, 0xA0, 0xF2, 0xD1, 0xE7, 
0x19, 0x71, 0x6E, 0x17, 0xE5, 0xCA, 0xF3, 0xA0, 0x00, 0x00, 0x7B, 0xF2, 0xD8, 0x34, 0x09, 0x9C, 
0xEB, 0xEE, 0xA4, 0x0D, 0x82, 0xFF, 0x3A, 0x3C, 0xFF, 0x86, 0x8A, 0xFF, 0x3A, 0x3A, 0xFF, 0x80, 
0x10, 0xAA, 0xF0, 0xEC, 0x99, 0x08, 0x00, 0x00, 0x00, 0xF4, 0xC0, 0x00, 0x00, 0x00, 0x00, 0x00, 
0x00, 0xFF, 0xCC, 0x00, 0x00, 0x00, 0x00, 0x00, 0x00, 0xFF, 0xCC, 0x00, 0x00, 0x00, 0xED, 0xFF, 
0xFF, 0xFF, 0xFF, 0xFF, 0xFF, 0xB8, 0x00, 0x00, 0x00, 0xFF, 0xCC, 0x00, 0x00, 0x00, 0x00, 0x00, 
0x00, 0xFF, 0xCC, 0x00, 0x00, 0x00, 0x00, 0x00, 0x00, 0xF6, 0xC2, 0x00, 0x00, 0x00, 0x00, 0x00, 
0x00, 0x00, 0x00, 0x00, 0x00, 0x00, 0xEE, 0xFF, 0xFF, 0xFF, 0xFF, 0xFF, 0xFF, 0xBA, 0xCC, 0x5D, 
0x00, 0x00, 0x00, 0x5A, 0xCA, 0x5A, 0xFA, 0x5D, 0x00, 0x59, 0xFA, 0x5E, 0x00, 0x59, 0xF9, 0x97, 
0xF9, 0x5E, 0x00, 0x00, 0x00, 0x98, 0xFF, 0x97, 0x00, 0x00, 0x00, 0x5E, 0xFA, 0x9C, 0xF9, 0x59, 
0x00, 0x5E, 0xFA, 0x5E, 0x00, 0x60, 0xFA, 0x59, 0xCE, 0x5E, 0x00, 0x00, 0x00, 0x61, 0xCF, 0x00, 
0x00, 0x00, 0xCD, 0xF3, 0x3D, 0x00, 0x00, 0x00, 0x00, 0x00, 0xD1, 0xF6, 0x3E, 0x00, 0x00, 0x00, 
0x00, 0x00, 0x00, 0x00, 0x00, 0x00, 0x00, 0x00, 0x00, 0x00, 0x00, 0x00, 0x00, 0x00, 0x00, 0xF3, 
0xFF, 0xFF, 0xFF, 0xFF, 0xFF, 0xFF, 0xEF, 0x00, 0x00, 0x00, 0x00, 0x00, 0x00, 0x00, 0x00, 0x00, 
0x00, 0x00, 0x00, 0x00, 0x00, 0x00, 0x00, 0x00, 0x00, 0x00, 0xD0, 0xF6, 0x3E, 0x00, 0x00, 0x00, 
0x00, 0x00, 0xD1, 0xF6, 0x3F, 0x00, 0x00, 0x00, 0x30, 0x1C, 0x00, 0x06, 0x3F, 0x06, 0x00, 0xF3, 
0xAF, 0x00, 0x53, 0xFF, 0x4F, 0x00, 0x52, 0x33, 0x00, 0x12, 0x64, 0x0E, 0x19, 0x5F, 0x60, 0x60, 
0x60, 0x60, 0x40, 0x79, 0xFF, 0xE4, 0xE4, 0xE4, 0xE4, 0xA3, 0x7C, 0xFF, 0x08, 0x00, 0x00, 0x00, 
0x00, 0x7C, 0xFF, 0x08, 0x00, 0x00, 0x00, 0x00, 0x7C, 0xFF, 0x08, 0x00, 0x00, 0x00, 0x00, 0x7C, 
0xFF, 0x8F, 0x8C, 0x8C, 0x8A, 0x0B, 0x7C, 0xFF, 0xAE, 0xAC, 0xAC, 0xAA, 0x11, 0x7C, 0xFF, 0x08, 
0x00, 0x00, 0x00, 0x00, 0x7C, 0xFF, 0x08, 0x00, 0x00, 0x00, 0x00, 0x7C, 0xFF, 0x08, 0x00, 0x00, 
0x00, 0x00, 0x7C, 0xFF, 0x46, 0x40, 0x40, 0x40, 0x2E, 0x65, 0xFF, 0xFF, 0xFF, 0xFF, 0xFF, 0xCD, 
0x00, 0x00, 0x00, 0x03, 0xDD, 0xFB, 0x4F, 0x00, 0x00, 0x00, 0x00, 0x00, 0x00, 0x00, 0x48, 0xF0, 
0xB8, 0xB3, 0x00, 0x00, 0x00, 0x00, 0x00, 0x00, 0x00, 0xA8, 0xA2, 0x5D, 0xFB, 0x17, 0x00, 0x00, 
0x00, 0x00, 0x00, 0x10, 0xF7, 0x4F, 0x0F, 0xF9, 0x72, 0x00, 0x00, 0x00, 0x00, 0x00, 0x67, 0xF3, 
0x08, 0x00, 0xB4, 0xD1, 0x00, 0x00, 0x00, 0x00, 0x00, 0xC7, 0xA8, 0x00, 0x00, 0x5F, 0xFF, 0x31, 
0x00, 0x00, 0x00, 0x27, 0xFF, 0x55, 0x00, 0x00, 0x10, 0xFA, 0x91, 0x00, 0x00, 0x00, 0x86, 0xFF, 
0xFF, 0xFF, 0xFF, 0xFF, 0xFF, 0xEB, 0x05, 0x00, 0x02, 0xE3, 0x9B, 0x00, 0x00, 0x00, 0x00, 0x4F, 
0xFF, 0x50, 0x00, 0x46, 0xFF, 0x44, 0x00, 0x00, 0x00, 0x00, 0x06, 0xEE, 0xAF, 0x00, 0x95, 0xE2, 
0x03, 0x00, 0x00, 0x00, 0x00, 0x00, 0x93, 0xF6, 0x08, 0xEB, 0xFF, 0xFF, 0xFF, 0xFF, 0xF4, 0x00, 
0xFF, 0xFC, 0x00, 0x00, 0x00, 0x00, 0x00, 0xFF, 0xFC, 0x00, 0x00, 0x00, 0x00, 0x00, 0xFF, 0xFC, 
0x00, 0x00, 0x00, 0x00, 0x00, 0xFF, 0xFC, 0x00, 0x00, 0x00, 0x00, 0x00, 0xFF, 0xFF, 0xFF, 0xFF, 
0xEF, 0x9D, 0x11, 0xFF, 0xFC, 0x00, 0x01, 0x1F, 0xB2, 0xA3, 0xFF, 0xFC, 0x00, 0x00, 0x00, 0x23, 
0xED, 0xFF, 0xFC, 0x00, 0x00, 0x00, 0x23, 0xE4, 0xFF, 0xFC, 0x00, 0x01, 0x1D, 0xAE, 0x84, 0xEB, 
0xFF, 0xFF, 0xFA, 0xDB, 0x7F, 0x05, 0xE7, 0xFF, 0xFF, 0xFB, 0xE2, 0x87, 0x0B, 0x00, 0xFF, 0xFC, 
0x00, 0x00, 0x19, 0xA9, 0x9B, 0x00, 0xFF, 0xFC, 0x00, 0x00, 0x00, 0x1F, 0xEC, 0x00, 0xFF, 0xFC, 
0x00, 0x00, 0x00, 0x26, 0xE5, 0x00, 0xFF, 0xFC, 0x00, 0x00, 0x17, 0xB2, 0x6E, 0x00, 0xFF, 0xFF, 
0xFF, 0xFF, 0xFF, 0xDB, 0x4F, 0x00, 0xFF, 0xFC, 0x00, 0x00, 0x06, 0x38, 0xCA, 0x77, 0xFF, 0xFC, 
0x00, 0x00, 0x00, 0x00, 0x2E, 0xE8, 0xFF, 0xFC, 0x00, 0x00, 0x00, 0x00, 0x25, 0xE7, 0xFF, 0xFC, 
0x00, 0x00, 0x04, 0x2D, 0xC0, 0x7A, 0xE8, 0xFF, 0xFF, 0xFF, 0xF4, 0xC8, 0x62, 0x00, 0xE9, 0xFF, 
0xFF, 0xFF, 0xFF, 0xF0, 0xFF, 0xFC, 0x00, 0x00, 0x00, 0x00, 0xFF, 0xFC, 0x00, 0x00, 0x00, 0x00, 
0xFF, 0xFC, 0x00, 0x00, 0x00, 0x00, 0xFF, 0xFC, 0x00, 0x00, 0x00, 0x00, 0xFF, 0xFC, 0x00, 0x00, 
0x00, 0x00, 0xFF, 0xFC, 0x00, 0x00, 0x00, 0x00, 0xFF, 0xFC, 0x00, 0x00, 0x00, 0x00, 0xFF, 0xFC, 
0x00, 0x00, 0x00, 0x00, 0xFF, 0xFC, 0x00, 0x00, 0x00, 0x00, 0xF5, 0xF0, 0x00, 0x00, 0x00, 0x00, 
0x00, 0x00, 0x00, 0x71, 0xFF, 0xFF, 0xFF, 0xFF, 0xFF, 0xE8, 0x00, 0x00, 0x00, 0x00, 0xA4, 0xFF, 
0x54, 0x00, 0x00, 0xFC, 0xFF, 0x00, 0x00, 0x00, 0x00, 0xC4, 0xFF, 0x25, 0x00, 0x00, 0xFC, 0xFF, 
0x00, 0x00, 0x00, 0x00, 0xE8, 0xF0, 0x01, 0x00, 0x00, 0xFC, 0xFF, 0x00, 0x00, 0x00, 0x0F, 0xFF, 
0xB7, 0x00, 0x00, 0x00, 0xFC, 0xFF, 0x00, 0x00, 0x00, 0x3B, 0xFF, 0x76, 0x00, 0x00, 0x00, 0xFC, 
0xFF, 0x00, 0x00, 0x00, 0x6F, 0xFF, 0x2D, 0x00, 0x00, 0x00, 0xFC, 0xFF, 0x00, 0x00, 0x00, 0xB2, 
0xD1, 0x00, 0x00, 0x00, 0x00, 0xFC, 0xFF, 0x00, 0x00, 0x16, 0xF9, 0x53, 0x00, 0x00, 0x00, 0x00, 
0xFC, 0xFF, 0x00, 0x00, 0x9D, 0x96, 0x00, 0x00, 0x00, 0x00, 0x00, 0xFC, 0xFF, 0x00, 0xF7, 0xFF, 
0xFF, 0xFF, 0xFF, 0xFF, 0xFF, 0xFF, 0xFF, 0xFF, 0xF9, 0xFF, 0xCC, 0x00, 0x00, 0x00, 0x00, 0x00, 
0x00, 0x00, 0xCC, 0xFF, 0xFF, 0xCC, 0x00, 0x00, 0x00, 0x00, 0x00, 0x00, 0x00, 0xCC, 0xFF, 0xF8, 
0xC2, 0x00, 0x00, 0x00, 0x00, 0x00, 0x00, 0x00, 0xC3, 0xF8, 0xE9, 0xFF, 0xFF, 0xFF, 0xFF, 0xF2, 
0xFF, 0xFC, 0x00, 0x00, 0x00, 0x00, 0xFF, 0xFC, 0x00, 0x00, 0x00, 0x00, 0xFF, 0xFC, 0x00, 0x00, 
0x00, 0x00, 0xFF, 0xFC, 0x00, 0x00, 0x00, 0x00, 0xFF, 0xFF, 0xFF, 0xFF, 0xF5, 0x00, 0xFF, 0xFC, 
0x00, 0x00, 0x00, 0x00, 0xFF, 0xFC, 0x00, 0x00, 0x00, 0x00, 0xFF, 0xFC, 0x00, 0x00, 0x00, 0x00, 
0xFF, 0xFC, 0x00, 0x00, 0x00, 0x00, 0xEA, 0xFF, 0xFF, 0xFF, 0xFF, 0xF2, 0xE2, 0x1C, 0x00, 0x00, 
0x00, 0x00, 0xF2, 0xED, 0x00, 0x00, 0x00, 0x00, 0x1D, 0xE2, 0x96, 0x7E, 0x00, 0x00, 0x00, 0x00, 
0xFF, 0xFC, 0x00, 0x00, 0x00, 0x00, 0x80, 0x95, 0x31, 0xE1, 0x02, 0x00, 0x00, 0x00, 0xFF, 0xFC, 
0x00, 0x00, 0x00, 0x02, 0xE2, 0x30, 0x00, 0xC6, 0x55, 0x00, 0x00, 0x00, 0xFF, 0xFC, 0x00, 0x00, 
0x00, 0x5B, 0xC5, 0x00, 0x00, 0x38, 0xE5, 0x57, 0x12, 0x01, 0xFF, 0xFC, 0x01, 0x16, 0x65, 0xE6, 
0x34, 0x00, 0x00, 0x00, 0x4F, 0xF4, 0xFF, 0xFF, 0xFF, 0xFF, 0xFF, 0xFF, 0xF3, 0x47, 0x00, 0x00, 
0x00, 0x3D, 0xF4, 0x7B, 0x1D, 0x02, 0xFF, 0xFC, 0x02, 0x1B, 0x7D, 0xF6, 0x3C, 0x00, 0x00, 0xCC, 
0x83, 0x00, 0x00, 0x00, 0xFF, 0xFC, 0x00, 0x00, 0x00, 0x8F, 0xCA, 0x00, 0x36, 0xF9, 0x15, 0x00, 
0x00, 0x00, 0xFF, 0xFC, 0x00, 0x00, 0x00, 0x1A, 0xFB, 0x30, 0x98, 0xA9, 0x00, 0x00, 0x00, 0x00, 
0xFF, 0xFC, 0x00, 0x00, 0x00, 0x00, 0xAF, 0x8E, 0xE8, 0x41, 0x00, 0x00, 0x00, 0x00, 0xF6, 0xF1, 
0x00, 0x00, 0x00, 0x00, 0x46, 0xDE, 0x63, 0xC2, 0xEF, 0xF7, 0xDA, 0x85, 0x0A, 0xDC, 0x6E, 0x20, 
0x08, 0x2C, 0xB8, 0x9E, 0x00, 0x00, 0x00, 0x00, 0x00, 0x20, 0xEF, 0x00, 0x00, 0x00, 0x00, 0x00, 
0x37, 0xDA, 0x00, 0x00, 0x00, 0x11, 0x4B, 0xD4, 0x52, 0x00, 0xF0, 0xFF, 0xFF, 0xF9, 0x73, 0x00, 
0x00, 0x00, 0x00, 0x15, 0x55, 0xE7, 0x7B, 0x00, 0x00, 0x00, 0x00, 0x00, 0x59, 0xEA, 0x00, 0x00, 
0x00, 0x00, 0x00, 0x52, 0xEC, 0xCE, 0x50, 0x10, 0x0F, 0x4C, 0xE2, 0x81, 0x76, 0xD8, 0xF9, 0xEC, 
0xC7, 0x5D, 0x00, 0xF4, 0xF0, 0x00, 0x00, 0x00, 0x00, 0x16, 0xE5, 0xF4, 0xFF, 0xFC, 0x00, 0x00, 
0x00, 0x00, 0xA8, 0xFF, 0xFF, 0xFF, 0xFC, 0x00, 0x00, 0x00, 0x4B, 0xF4, 0xFC, 0xFF, 0xFF, 0xFC, 
0x00, 0x00, 0x0C, 0xE1, 0x77, 0xFC, 0xFF, 0xFF, 0xFC, 0x00, 0x00, 0x91, 0xD1, 0x04, 0xFC, 0xFF, 
0xFF, 0xFC, 0x00, 0x36, 0xFA, 0x36, 0x00, 0xFC, 0xFF, 0xFF, 0xFC, 0x04, 0xD1, 0x90, 0x00, 0x00, 
0xFC, 0xFF, 0xFF, 0xFA, 0x78, 0xE1, 0x0C, 0x00, 0x00, 0xFC, 0xFF, 0xFF, 0xFA, 0xF5, 0x4A, 0x00, 
0x00, 0x00, 0xFC, 0xFF, 0xFF, 0xFF, 0xA7, 0x00, 0x00, 0x00, 0x00, 0xFC, 0xFF, 0xF6, 0xE6, 0x16, 
0x00, 0x00, 0x00, 0x00, 0xF1, 0xF5, 0x00, 0x00, 0x7C, 0x4A, 0x00, 0x00, 0x77, 0x50, 0x00, 0x00, 
0x00, 0x00, 0xA3, 0xD0, 0x30, 0x49, 0xF6, 0x5D, 0x00, 0x00, 0x00, 0x00, 0x18, 0xAC, 0xE7, 0xDC, 
0x86, 0x02, 0x00, 0x00, 0x2C, 0x64, 0x01, 0x00, 0x00, 0x00, 0x00, 0x1E, 0x64, 0x01, 0x7C, 0xFF, 
0x08, 0x00, 0x00, 0x00, 0x02, 0xC7, 0xFF, 0x08, 0x7C, 0xFF, 0x08, 0x00, 0x00, 0x00, 0x75, 0xFF, 
0xFF, 0x08, 0x7C, 0xFF, 0x08, 0x00, 0x00, 0x27, 0xF7, 0xD2, 0xFF, 0x08, 0x7C, 0xFF, 0x08, 0x00, 
0x02, 0xC6, 0xBF, 0x79, 0xFF, 0x08, 0x7C, 0xFF, 0x08, 0x00, 0x73, 0xF4, 0x22, 0x78, 0xFF, 0x08, 
0x7C, 0xFF, 0x08, 0x26, 0xF6, 0x6C, 0x00, 0x78, 0xFF, 0x08, 0x7C, 0xFF, 0x0A, 0xC5, 0xC0, 0x01, 
0x00, 0x78, 0xFF, 0x08, 0x7C, 0xFF, 0x76, 0xF4, 0x22, 0x00, 0x00, 0x78, 0xFF, 0x08, 0x7C, 0xFF, 
0xF4, 0x6C, 0x00, 0x00, 0x00, 0x78, 0xFF, 0x08, 0x7C, 0xFF, 0xC0, 0x01, 0x00, 0x00, 0x00, 0x78, 
0xFF, 0x08, 0x78, 0xF3, 0x22, 0x00, 0x00, 0x00, 0x00, 0x74, 0xFE, 0x06, 0x01, 0x06, 0x00, 0x00, 
0x00, 0x00, 0x00, 0x01, 0x07, 0x00, 0xF2, 0xED, 0x00, 0x00, 0x00, 0x11, 0xEC, 0xE4, 0xFF, 0xFC, 
0x00, 0x00, 0x00, 0x62, 0xFF, 0x8E, 0xFF, 0xFC, 0x00, 0x00, 0x00, 0xB7, 0xFD, 0x22, 0xFF, 0xFC, 
0x00, 0x00, 0x22, 0xFC, 0xAA, 0x00, 0xFF, 0xFC, 0x02, 0x2C, 0xCB, 0xE6, 0x1F, 0x00, 0xFF, 0xFF, 
0xFF, 0xFF, 0xEA, 0x32, 0x00, 0x00, 0xFF, 0xFC, 0x01, 0x1D, 0x8A, 0xEF, 0x26, 0x00, 0xFF, 0xFC, 
0x00, 0x00, 0x00, 0xA1, 0xB0, 0x00, 0xFF, 0xFC, 0x00, 0x00, 0x00, 0x24, 0xFC, 0x23, 0xFF, 0xFC, 
0x00, 0x00, 0x00, 0x00, 0xB4, 0x8C, 0xF5, 0xF1, 0x00, 0x00, 0x00, 0x00, 0x44, 0xE5, 0x00, 0x00, 
0x01, 0xE6, 0xFF, 0xFF, 0xFF, 0xFF, 0xEA, 0x00, 0x00, 0x16, 0xFF, 0xE2, 0x00, 0x00, 0xFC, 0xFF, 
0x00, 0x00, 0x30, 0xFF, 0xC0, 0x00, 0x00, 0xFC, 0xFF, 0x00, 0x00, 0x4F, 0xFF, 0x9A, 0x00, 0x00, 
0xFC, 0xFF, 0x00, 0x00, 0x70, 0xFF, 0x72, 0x00, 0x00, 0xFC, 0xFF, 0x00, 0x00, 0x97, 0xFF, 0x45, 
0x00, 0x00, 0xFC, 0xFF, 0x00, 0x00, 0xC4, 0xFE, 0x11, 0x00, 0x00, 0xFC, 0xFF, 0x00, 0x05, 0xF5, 
0xD2, 0x00, 0x00, 0x00, 0xFC, 0xFF, 0x00, 0x46, 0xFF, 0x82, 0x00, 0x00, 0x00, 0xFC, 0xFF, 0x13, 
0xCB, 0xF0, 0x18, 0x00, 0x00, 0x00, 0xFC, 0xFF, 0xEB, 0xCD, 0x3D, 0x00, 0x00, 0x00, 0x00, 0xF1, 
0xF5, 0xDF, 0xFF, 0xDE, 0x25, 0x00, 0x00, 0x00, 0x00, 0x16, 0xD9, 0xFF, 0xE4, 0xFF, 0xFC, 0xE7, 
0x8F, 0x00, 0x00, 0x00, 0x00, 0x78, 0xE2, 0xFC, 0xFF, 0xFF, 0xFC, 0x94, 0xE3, 0x01, 0x00, 0x00, 
0x00, 0xCF, 0x8B, 0xFC, 0xFF, 0xFF, 0xFC, 0x3E, 0xFF, 0x3A, 0x00, 0x00, 0x26, 0xFF, 0x32, 0xFC, 
0xFF, 0xFF, 0xFC, 0x02, 0xE5, 0x8F, 0x00, 0x00, 0x7D, 0xDA, 0x00, 0xFC, 0xFF, 0xFF, 0xFC, 0x00, 
0x91, 0xE3, 0x01, 0x00, 0xD4, 0x81, 0x00, 0xFC, 0xFF, 0xFF, 0xFC, 0x00, 0x3B, 0xFF, 0x3A, 0x2A, 
0xFF, 0x29, 0x00, 0xFC, 0xFF, 0xFF, 0xFC, 0x00, 0x01, 0xE3, 0x8F, 0x82, 0xD0, 0x00, 0x00, 0xFC, 
0xFF, 0xFF, 0xFC, 0x00, 0x00, 0x8F, 0xE3, 0xD9, 0x78, 0x00, 0x00, 0xFC, 0xFF, 0xFF, 0xFC, 0x00, 
0x00, 0x39, 0xFF, 0xFF, 0x20, 0x00, 0x00, 0xFC, 0xFF, 0xF6, 0xEF, 0x00, 0x00, 0x01, 0xDA, 0xBF, 
0x00, 0x00, 0x00, 0xF0, 0xF5, 0xF2, 0xED, 0x00, 0x00, 0x00, 0x00, 0xED, 0xF2, 0xFF, 0xFC, 0x00, 
0x00, 0x00, 0x00, 0xFC, 0xFF, 0xFF, 0xFC, 0x00, 0x00, 0x00, 0x00, 0xFC, 0xFF, 0xFF, 0xFC, 0x00, 
0x00, 0x00, 0x00, 0xFC, 0xFF, 0xFF, 0xFC, 0x00, 0x00, 0x00, 0x00, 0xFC, 0xFF, 0xFF, 0xFF, 0xFF, 
0xFF, 0xFF, 0xFF, 0xFF, 0xFF, 0xFF, 0xFC, 0x00, 0x00, 0x00, 0x00, 0xFC, 0xFF, 0xFF, 0xFC, 0x00, 
0x00, 0x00, 0x00, 0xFC, 0xFF, 0xFF, 0xFC, 0x00, 0x00, 0x00, 0x00, 0xFC, 0xFF, 0xFF, 0xFC, 0x00, 
0x00, 0x00, 0x00, 0xFC, 0xFF, 0xF5, 0xF1, 0x00, 0x00, 0x00, 0x00, 0xF1, 0xF5, 0x00, 0x02, 0x67, 
0xC8, 0xF2, 0xF7, 0xD7, 0x83, 0x0D, 0x00, 0x00, 0xA6, 0xC9, 0x44, 0x0C, 0x0A, 0x39, 0xB8, 0xCD, 
0x08, 0x59, 0xD0, 0x09, 0x00, 0x00, 0x00, 0x00, 0x03, 0xC3, 0x76, 0xBB, 0x59, 0x00, 0x00, 0x00, 
0x00, 0x00, 0x00, 0x54, 0xC9, 0xEC, 0x29, 0x00, 0x00, 0x00, 0x00, 0x00, 0x00, 0x29, 0xF1, 0xFC, 
0x12, 0x00, 0x00, 0x00, 0x00, 0x00, 0x00, 0x13, 0xFB, 0xF1, 0x26, 0x00, 0x00, 0x00, 0x00, 0x00, 
0x00, 0x2B, 0xE9, 0xC8, 0x4F, 0x00, 0x00, 0x00, 0x00, 0x00, 0x00, 0x59, 0xB6, 0x74, 0xBE, 0x02, 
0x00, 0x00, 0x00, 0x00, 0x07, 0xCE, 0x55, 0x08, 0xCE, 0xB2, 0x34, 0x09, 0x0C, 0x40, 0xC5, 0xA6, 
0x00, 0x00, 0x0D, 0x85, 0xD8, 0xF8, 0xF3, 0xC9, 0x68, 0x02, 0x00, 0xEA, 0xFF, 0xFF, 0xFF, 0xFF, 
0xFF, 0xFF, 0xEA, 0xFF, 0xFC, 0x00, 0x00, 0x00, 0x00, 0xFC, 0xFF, 0xFF, 0xFC, 0x00, 0x00, 0x00, 
0x00, 0xFC, 0xFF, 0xFF, 0xFC, 0x00, 0x00, 0x00, 0x00, 0xFC, 0xFF, 0xFF, 0xFC, 0x00, 0x00, 0x00, 
0x00, 0xFC, 0xFF, 0xFF, 0xFC, 0x00, 0x00, 0x00, 0x00, 0xFC, 0xFF, 0xFF, 0xFC, 0x00, 0x00, 0x00, 
0x00, 0xFC, 0xFF, 0xFF, 0xFC, 0x00, 0x00, 0x00, 0x00, 0xFC, 0xFF, 0xFF, 0xFC, 0x00, 0x00, 0x00, 
0x00, 0xFC, 0xFF, 0xFF, 0xFC, 0x00, 0x00, 0x00, 0x00, 0xFC, 0xFF, 0xF5, 0xF0, 0x00, 0x00, 0x00, 
0x00, 0xF0, 0xF5, 0xE6, 0xFF, 0xFF, 0xF9, 0xCF, 0x63, 0x00, 0xFF, 0xFC, 0x00, 0x04, 0x31, 0xCA, 
0x6F, 0xFF, 0xFC, 0x00, 0x00, 0x00, 0x34, 0xDD, 0xFF, 0xFC, 0x00, 0x00, 0x00, 0x15, 0xF8, 0xFF, 
0xFC, 0x00, 0x00, 0x00, 0x48, 0xD2, 0xFF, 0xFC, 0x00, 0x07, 0x3C, 0xDB, 0x51, 0xFF, 0xFF, 0xFF, 
0xF9, 0xD0, 0x50, 0x00, 0xFF, 0xFC, 0x00, 0x00, 0x00, 0x00, 0x00, 0xFF, 0xFC, 0x00, 0x00, 0x00, 
0x00, 0x00, 0xFF, 0xFC, 0x00, 0x00, 0x00, 0x00, 0x00, 0xF5, 0xF0, 0x00, 0x00, 0x00, 0x00, 0x00, 
0x00, 0x01, 0x63, 0xCB, 0xF6, 0xEE, 0xB6, 0x42, 0x00, 0x9B, 0xBC, 0x32, 0x07, 0x1E, 0x6A, 0xD5, 
0x4D, 0xD0, 0x06, 0x00, 0x00, 0x00, 0x00, 0x00, 0xB4, 0x5E, 0x00, 0x00, 0x00, 0x00, 0x00, 0x00, 
0xE9, 0x2F, 0x00, 0x00, 0x00, 0x00, 0x00, 0x00, 0xFB, 0x12, 0x00, 0x00, 0x00, 0x00, 0x00, 0x00, 
0xF0, 0x1C, 0x00, 0x00, 0x00, 0x00, 0x00, 0x00, 0xC5, 0x4F, 0x00, 0x00, 0x00, 0x00, 0x00, 0x00, 
0x6D, 0xBF, 0x02, 0x00, 0x00, 0x00, 0x00, 0x00, 0x05, 0xC5, 0xBA, 0x2B, 0x06, 0x1C, 0x67, 0xD4, 
0x00, 0x0A, 0x84, 0xDC, 0xF9, 0xEB, 0xB3, 0x41, 0xF0, 0xFF, 0xFF, 0xFF, 0xFF, 0xFF, 0xFF, 0xFF, 
0xFF, 0xEA, 0x00, 0x00, 0x00, 0x00, 0xFF, 0xFC, 0x00, 0x00, 0x00, 0x00, 0x00, 0x00, 0x00, 0x00, 
0xFF, 0xFC, 0x00, 0x00, 0x00, 0x00, 0x00, 0x00, 0x00, 0x00, 0xFF, 0xFC, 0x00, 0x00, 0x00, 0x00, 
0x00, 0x00, 0x00, 0x00, 0xFF, 0xFC, 0x00, 0x00, 0x00, 0x00, 0x00, 0x00, 0x00, 0x00, 0xFF, 0xFC, 
0x00, 0x00, 0x00, 0x00, 0x00, 0x00, 0x00, 0x00, 0xFF, 0xFC, 0x00, 0x00, 0x00, 0x00, 0x00, 0x00, 
0x00, 0x00, 0xFF, 0xFC, 0x00, 0x00, 0x00, 0x00, 0x00, 0x00, 0x00, 0x00, 0xFF, 0xFC, 0x00, 0x00, 
0x00, 0x00, 0x00, 0x00, 0x00, 0x00, 0xFF, 0xFC, 0x00, 0x00, 0x00, 0x00, 0x00, 0x00, 0x00, 0x00, 
0xF3, 0xEF, 0x00, 0x00, 0x00, 0x00, 0x74, 0xA5, 0x00, 0x00, 0x00, 0x00, 0x00, 0x00, 0xA4, 0x6D, 
0x0F, 0xEC, 0x44, 0x00, 0x00, 0x00, 0x00, 0x21, 0xF5, 0x16, 0x00, 0x72, 0xDA, 0x07, 0x00, 0x00, 
0x00, 0x94, 0xA5, 0x00, 0x00, 0x07, 0xE0, 0x80, 0x00, 0x00, 0x14, 0xF5, 0x3C, 0x00, 0x00, 0x00, 
0x5D, 0xF8, 0x24, 0x00, 0x7F, 0xD2, 0x00, 0x00, 0x00, 0x00, 0x02, 0xD1, 0xB5, 0x07, 0xE9, 0x69, 
0x00, 0x00, 0x00, 0x00, 0x00, 0x49, 0xFF, 0xAA, 0xF2, 0x0D, 0x00, 0x00, 0x00, 0x00, 0x00, 0x00, 
0xBE, 0xFF, 0x95, 0x00, 0x00, 0x00, 0x00, 0x00, 0x00, 0x00, 0x75, 0xFF, 0x2A, 0x00, 0x00, 0x00, 
0x00, 0x00, 0x2E, 0x13, 0xDD, 0xAD, 0x00, 0x00, 0x00, 0x00, 0x00, 0x00, 0xDC, 0xF8, 0xBA, 0x16, 
0x00, 0x00, 0x00, 0x00, 0x00, 0x00, 0x00, 0x00, 0x00, 0xF0, 0xEB, 0x00, 0x00, 0x00, 0x00, 0x00, 
0x00, 0x00, 0x00, 0x00, 0x00, 0xFF, 0xFC, 0x00, 0x00, 0x00, 0x00, 0x00, 0x00, 0x0D, 0x79, 0xC9, 
0xF1, 0xFF, 0xFF, 0xF4, 0xD2, 0x8E, 0x1E, 0x00, 0x1D, 0xDC, 0x99, 0x38, 0x0C, 0xFF, 0xFC, 0x0C, 
0x34, 0x92, 0xEE, 0x30, 0xAB, 0x85, 0x00, 0x00, 0x00, 0xFF, 0xFC, 0x00, 0x00, 0x00, 0x87, 0xB8, 
0xF2, 0x21, 0x00, 0x00, 0x00, 0xFF, 0xFC, 0x00, 0x00, 0x00, 0x29, 0xF1, 0xF5, 0x23, 0x00, 0x00, 
0x00, 0xFF, 0xFC, 0x00, 0x00, 0x00, 0x27, 0xED, 0xBF, 0x7F, 0x00, 0x00, 0x00, 0xFF, 0xFC, 0x00, 
0x00, 0x00, 0x83, 0xA8, 0x35, 0xF0, 0x8E, 0x33, 0x0B, 0xFF, 0xFC, 0x0C, 0x39, 0x9D, 0xDF, 0x1E, 
0x00, 0x23, 0x98, 0xD9, 0xF6, 0xFF, 0xFF, 0xF2, 0xC9, 0x7A, 0x0F, 0x00, 0x00, 0x00, 0x00, 0x00, 
0x00, 0xFF, 0xFC, 0x00, 0x00, 0x00, 0x00, 0x00, 0x00, 0x00, 0x00, 0x00, 0x00, 0xF3, 0xEE, 0x00, 
0x00, 0x00, 0x00, 0x00, 0x44, 0xFC, 0x68, 0x00, 0x00, 0x00, 0x10, 0xE5, 0x96, 0x00, 0xB7, 0xEF, 
0x16, 0x00, 0x00, 0x94, 0xF2, 0x1B, 0x00, 0x23, 0xF7, 0xA0, 0x00, 0x2F, 0xFC, 0x70, 0x00, 0x00, 
0x00, 0x7E, 0xFE, 0x3B, 0xC2, 0xCF, 0x03, 0x00, 0x00, 0x00, 0x07, 0xD9, 0xED, 0xFE, 0x37, 0x00, 
0x00, 0x00, 0x00, 0x00, 0x79, 0xFF, 0xD4, 0x00, 0x00, 0x00, 0x00, 0x00, 0x11, 0xE9, 0xCA, 0xFF, 
0x5B, 0x00, 0x00, 0x00, 0x00, 0x9B, 0xEE, 0x14, 0xB5, 0xE7, 0x0F, 0x00, 0x00, 0x3B, 0xFE, 0x6A, 
0x00, 0x25, 0xF9, 0x93, 0x00, 0x05, 0xD3, 0xD0, 0x03, 0x00, 0x00, 0x89, 0xFC, 0x32, 0x66, 0xF9, 
0x3B, 0x00, 0x00, 0x00, 0x0C, 0xE0, 0xB9, 0xF3, 0xEF, 0x00, 0x00, 0x00, 0x00, 0xEF, 0xF3, 0x00, 
0x00, 0xFF, 0xFC, 0x00, 0x00, 0x00, 0x00, 0xFC, 0xFF, 0x00, 0x00, 0xFF, 0xFC, 0x00, 0x00, 0x00, 
0x00, 0xFC, 0xFF, 0x00, 0x00, 0xFF, 0xFC, 0x00, 0x00, 0x00, 0x00, 0xFC, 0xFF, 0x00, 0x00, 0xFF, 
0xFC, 0x00, 0x00, 0x00, 0x00, 0xFC, 0xFF, 0x00, 0x00, 0xFF, 0xFC, 0x00, 0x00, 0x00, 0x00, 0xFC, 
0xFF, 0x00, 0x00, 0xFF, 0xFC, 0x00, 0x00, 0x00, 0x00, 0xFC, 0xFF, 0x00, 0x00, 0xFF, 0xFC, 0x00, 
0x00, 0x00, 0x00, 0xFC, 0xFF, 0x00, 0x00, 0xFF, 0xFC, 0x00, 0x00, 0x00, 0x00, 0xFC, 0xFF, 0x00, 
0x00, 0xFF, 0xFC, 0x00, 0x00, 0x00, 0x00, 0xFC, 0xFF, 0x00, 0x00, 0xEB, 0xFF, 0xFF, 0xFF, 0xFF, 
0xFF, 0xFF, 0xFF, 0xFF, 0xF4, 0x00, 0x00, 0x00, 0x00, 0x00, 0x00, 0x00, 0x00, 0xCC, 0xFF, 0x00, 
0x00, 0x00, 0x00, 0x00, 0x00, 0x00, 0x00, 0xCC, 0xFF, 0x00, 0x00, 0x00, 0x00, 0x00, 0x00, 0x00, 
0x00, 0xC3, 0xF8, 0xF2, 0xED, 0x00, 0x00, 0x00, 0xED, 0xF2, 0xFF, 0xFC, 0x00, 0x00, 0x00, 0xFC, 
0xFF, 0xFF, 0xFC, 0x00, 0x00, 0x00, 0xFC, 0xFF, 0xFE, 0xFD, 0x00, 0x00, 0x00, 0xFC, 0xFF, 0xEA, 
0xFF, 0x13, 0x00, 0x00, 0xFC, 0xFF, 0xA0, 0xFF, 0x8A, 0x0D, 0x0E, 0xFC, 0xFF, 0x11, 0x9F, 0xEB, 
0xFC, 0xEE, 0xFF, 0xFF, 0x00, 0x00, 0x00, 0x00, 0x00, 0xFC, 0xFF, 0x00, 0x00, 0x00, 0x00, 0x00, 
0xFC, 0xFF, 0x00, 0x00, 0x00, 0x00, 0x00, 0xFC, 0xFF, 0x00, 0x00, 0x00, 0x00, 0x00, 0xF1, 0xF5, 
0xF5, 0xF0, 0x00, 0x00, 0x00, 0xF4, 0xEF, 0x00, 0x00, 0x00, 0x00, 0xF5, 0xF0, 0xFF, 0xFC, 0x00, 
0x00, 0x00, 0xFF, 0xFC, 0x00, 0x00, 0x00, 0x00, 0xFF, 0xFC, 0xFF, 0xFC, 0x00, 0x00, 0x00, 0xFF, 
0xFC, 0x00, 0x00, 0x00, 0x00, 0xFF, 0xFC, 0xFF, 0xFC, 0x00, 0x00, 0x00, 0xFF, 0xFC, 0x00, 0x00, 
0x00, 0x00, 0xFF, 0xFC, 0xFF, 0xFC, 0x00, 0x00, 0x00, 0xFF, 0xFC, 0x00, 0x00, 0x00, 0x00, 0xFF, 
0xFC, 0xFF, 0xFC, 0x00, 0x00, 0x00, 0xFF, 0xFC, 0x00, 0x00, 0x00, 0x00, 0xFF, 0xFC, 0xFF, 0xFC, 
0x00, 0x00, 0x00, 0xFF, 0xFC, 0x00, 0x00, 0x00, 0x00, 0xFF, 0xFC, 0xFF, 0xFC, 0x00, 0x00, 0x00, 
0xFF, 0xFC, 0x00, 0x00, 0x00, 0x00, 0xFF, 0xFC, 0xFF, 0xFC, 0x00, 0x00, 0x00, 0xFF, 0xFC, 0x00, 
0x00, 0x00, 0x00, 0xFF, 0xFC, 0xFF, 0xFC, 0x00, 0x00, 0x00, 0xFF, 0xFC, 0x00, 0x00, 0x00, 0x00, 
0xFF, 0xFC, 0xE9, 0xFF, 0xFF, 0xFF, 0xFF, 0xFF, 0xFF, 0xFF, 0xFF, 0xFF, 0xFF, 0xFF, 0xE6, 0xF5, 
0xF0, 0x00, 0x00, 0x00, 0x00, 0xF4, 0xEF, 0x00, 0x00, 0x00, 0xF0, 0xF4, 0x00, 0xFF, 0xFC, 0x00, 
0x00, 0x00, 0x00, 0xFF, 0xFC, 0x00, 0x00, 0x00, 0xFC, 0xFF, 0x00, 0xFF, 0xFC, 0x00, 0x00, 0x00, 
0x00, 0xFF, 0xFC, 0x00, 0x00, 0x00, 0xFC, 0xFF, 0x00, 0xFF, 0xFC, 0x00, 0x00, 0x00, 0x00, 0xFF, 
0xFC, 0x00, 0x00, 0x00, 0xFC, 0xFF, 0x00, 0xFF, 0xFC, 0x00, 0x00, 0x00, 0x00, 0xFF, 0xFC, 0x00, 
0x00, 0x00, 0xFC, 0xFF, 0x00, 0xFF, 0xFC, 0x00, 0x00, 0x00, 0x00, 0xFF, 0xFC, 0x00, 0x00, 0x00, 
0xFC, 0xFF, 0x00, 0xFF, 0xFC, 0x00, 0x00, 0x00, 0x00, 0xFF, 0xFC, 0x00, 0x00, 0x00, 0xFC, 0xFF, 
0x00, 0xFF, 0xFC, 0x00, 0x00, 0x00, 0x00, 0xFF, 0xFC, 0x00, 0x00, 0x00, 0xFC, 0xFF, 0x00, 0xFF, 
0xFC, 0x00, 0x00, 0x00, 0x00, 0xFF, 0xFC, 0x00, 0x00, 0x00, 0xFC, 0xFF, 0x00, 0xFF, 0xFC, 0x00, 
0x00, 0x00, 0x00, 0xFF, 0xFC, 0x00, 0x00, 0x00, 0xFC, 0xFF, 0x00, 0xEC, 0xFF, 0xFF, 0xFF, 0xFF, 
0xFF, 0xFF, 0xFF, 0xFF, 0xFF, 0xFF, 0xFF, 0xFF, 0xF9, 0x00, 0x00, 0x00, 0x00, 0x00, 0x00, 0x00, 
0x00, 0x00, 0x00, 0x00, 0x00, 0xCC, 0xFF, 0x00, 0x00, 0x00, 0x00, 0x00, 0x00, 0x00, 0x00, 0x00, 
0x00, 0x00, 0x00, 0xCC, 0xFF, 0x00, 0x00, 0x00, 0x00, 0x00, 0x00, 0x00, 0x00, 0x00, 0x00, 0x00, 
0x00, 0xC3, 0xF8, 0xF0, 0xFF, 0xFF, 0xFF, 0xDA, 0x00, 0x00, 0x00, 0x00, 0x00, 0x00, 0x00, 0x00, 
0xFF, 0xFC, 0x00, 0x00, 0x00, 0x00, 0x00, 0x00, 0x00, 0x00, 0xFF, 0xFC, 0x00, 0x00, 0x00, 0x00, 
0x00, 0x00, 0x00, 0x00, 0xFF, 0xFC, 0x00, 0x00, 0x00, 0x00, 0x00, 0x00, 0x00, 0x00, 0xFF, 0xFC, 
0x00, 0x00, 0x00, 0x00, 0x00, 0x00, 0x00, 0x00, 0xFF, 0xFF, 0xFF, 0xFD, 0xE7, 0x90, 0x0C, 0x00, 
0x00, 0x00, 0xFF, 0xFC, 0x00, 0x02, 0x22, 0xB8, 0x9C, 0x00, 0x00, 0x00, 0xFF, 0xFC, 0x00, 0x00, 
0x00, 0x24, 0xEA, 0x00, 0x00, 0x00, 0xFF, 0xFC, 0x00, 0x00, 0x00, 0x24, 0xE4, 0x00, 0x00, 0x00, 
0xFF, 0xFC, 0x00, 0x02, 0x1E, 0xB5, 0x7F, 0x00, 0x00, 0x00, 0xEE, 0xFF, 0xFF, 0xF7, 0xD4, 0x74, 
0x03, 0xF3, 0xEF, 0x00, 0x00, 0x00, 0x00, 0x00, 0x00, 0x00, 0xF0, 0xF4, 0xFF, 0xFC, 0x00, 0x00, 
0x00, 0x00, 0x00, 0x00, 0x00, 0xFC, 0xFF, 0xFF, 0xFC, 0x00, 0x00, 0x00, 0x00, 0x00, 0x00, 0x00, 
0xFC, 0xFF, 0xFF, 0xFC, 0x00, 0x00, 0x00, 0x00, 0x00, 0x00, 0x00, 0xFC, 0xFF, 0xFF, 0xFC, 0x00, 
0x00, 0x00, 0x00, 0x00, 0x00, 0x00, 0xFC, 0xFF, 0xFF, 0xFF, 0xFF, 0xFC, 0xE6, 0x8B, 0x0A, 0x00, 
0x00, 0xFC, 0xFF, 0xFF, 0xFC, 0x00, 0x03, 0x24, 0xBA, 0x99, 0x00, 0x00, 0xFC, 0xFF, 0xFF, 0xFC, 
0x00, 0x00, 0x00, 0x26, 0xF3, 0x00, 0x00, 0xFC, 0xFF, 0xFF, 0xFC, 0x00, 0x00, 0x00, 0x24, 0xE3, 
0x00, 0x00, 0xFC, 0xFF, 0xFF, 0xFC, 0x00, 0x02, 0x20, 0xB8, 0x84, 0x00, 0x00, 0xFC, 0xFF, 0xEF, 
0xFF, 0xFF, 0xF6, 0xD2, 0x6F, 0x02, 0x00, 0x00, 0xF1, 0xF5, 0xF3, 0xEF, 0x00, 0x00, 0x00, 0x00, 
0x00, 0x00, 0xFF, 0xFC, 0x00, 0x00, 0x00, 0x00, 0x00, 0x00, 0xFF, 0xFC, 0x00, 0x00, 0x00, 0x00, 
0x00, 0x00, 0xFF, 0xFC, 0x00, 0x00, 0x00, 0x00, 0x00, 0x00, 0xFF, 0xFC, 0x00, 0x00, 0x00, 0x00, 
0x00, 0x00, 0xFF, 0xFF, 0xFF, 0xFF, 0xF6, 0xD2, 0x70, 0x02, 0xFF, 0xFC, 0x00, 0x00, 0x09, 0x39, 
0xC9, 0x8B, 0xFF, 0xFC, 0x00, 0x00, 0x00, 0x00, 0x29, 0xF2, 0xFF, 0xFC, 0x00, 0x00, 0x00, 0x00, 
0x28, 0xE1, 0xFF, 0xFC, 0x00, 0x00, 0x07, 0x32, 0xC3, 0x7A, 0xEC, 0xFF, 0xFF, 0xFC, 0xEE, 0xC0, 
0x5B, 0x00, 0x42, 0xB5, 0xEC, 0xF7, 0xD3, 0x77, 0x06, 0x00, 0xCF, 0x5C, 0x17, 0x0F, 0x42, 0xCD, 
0xBA, 0x03, 0x00, 0x00, 0x00, 0x00, 0x00, 0x0C, 0xE3, 0x65, 0x00, 0x00, 0x00, 0x00, 0x00, 0x00, 
0x74, 0xC0, 0x00, 0x00, 0x00, 0x00, 0x00, 0x00, 0x46, 0xEE, 0x00, 0xF3, 0xFF, 0xFF, 0xFF, 0xFF, 
0xFF, 0xFB, 0x00, 0x00, 0x00, 0x00, 0x00, 0x00, 0x47, 0xED, 0x00, 0x00, 0x00, 0x00, 0x00, 0x00, 
0x70, 0xBF, 0x00, 0x00, 0x00, 0x00, 0x00, 0x04, 0xDB, 0x68, 0xD1, 0x5D, 0x1B, 0x0A, 0x34, 0xBE, 
0xC0, 0x04, 0x59, 0xC2, 0xF2, 0xF8, 0xD6, 0x7C, 0x08, 0x00, 0xF4, 0xEF, 0x00, 0x00, 0x00, 0x10, 
0x8E, 0xE1, 0xFA, 0xE5, 0x97, 0x14, 0x00, 0xFF, 0xFC, 0x00, 0x00, 0x09, 0xCF, 0x9D, 0x25, 0x06, 
0x25, 0x9E, 0xD7, 0x0B, 0xFF, 0xFC, 0x00, 0x00, 0x74, 0xB8, 0x00, 0x00, 0x00, 0x00, 0x00, 0xBD, 
0x78, 0xFF, 0xFC, 0x00, 0x00, 0xC7, 0x4E, 0x00, 0x00, 0x00, 0x00, 0x00, 0x54, 0xC7, 0xFF, 0xFC, 
0x00, 0x00, 0xF1, 0x1E, 0x00, 0x00, 0x00, 0x00, 0x00, 0x26, 0xF0, 0xFF, 0xFF, 0xFF, 0xFF, 0xFF, 
0x0C, 0x00, 0x00, 0x00, 0x00, 0x00, 0x12, 0xFB, 0xFF, 0xFC, 0x00, 0x00, 0xF1, 0x18, 0x00, 0x00, 
0x00, 0x00, 0x00, 0x25, 0xED, 0xFF, 0xFC, 0x00, 0x00, 0xCB, 0x48, 0x00, 0x00, 0x00, 0x00, 0x00, 
0x54, 0xC0, 0xFF, 0xFC, 0x00, 0x00, 0x84, 0xB6, 0x00, 0x00, 0x00, 0x00, 0x00, 0xBF, 0x6A, 0xFF, 
0xFC, 0x00, 0x00, 0x10, 0xDE, 0xA0, 0x28, 0x07, 0x25, 0xA0, 0xC8, 0x05, 0xF5, 0xF1, 0x00, 0x00, 
0x00, 0x19, 0x9E, 0xE8, 0xFA, 0xE0, 0x8B, 0x0D, 0x00, 0x00, 0x04, 0x6F, 0xD6, 0xF7, 0xFF, 0xFF, 
0xE8, 0x00, 0x85, 0xB1, 0x20, 0x02, 0x00, 0xFC, 0xFF, 0x00, 0xE5, 0x21, 0x00, 0x00, 0x00, 0xFC, 
0xFF, 0x00, 0xEF, 0x24, 0x00, 0x00, 0x00, 0xFC, 0xFF, 0x00, 0x8C, 0xBB, 0x23, 0x02, 0x00, 0xFC, 
0xFF, 0x00, 0x01, 0x70, 0xFB, 0xFF, 0xFF, 0xFF, 0xFF, 0x00, 0x18, 0xD7, 0x4D, 0x05, 0x00, 0xFC, 
0xFF, 0x00, 0xA1, 0x75, 0x00, 0x00, 0x00, 0xFC, 0xFF, 0x1C, 0xF2, 0x11, 0x00, 0x00, 0x00, 0xFC, 
0xFF, 0x8B, 0xA5, 0x00, 0x00, 0x00, 0x00, 0xFC, 0xFF, 0xE5, 0x3F, 0x00, 0x00, 0x00, 0x00, 0xF0, 
0xF5, 0x20, 0x97, 0xDF, 0xFA, 0xE9, 0xA6, 0x17, 0xCE, 0x64, 0x16, 0x0B, 0x67, 0xFF, 0xB4, 0x00, 
0x00, 0x00, 0x00, 0x01, 0xF8, 0xF3, 0x0A, 0x84, 0xD5, 0xF3, 0xFF, 0xFF, 0xFF, 0xAE, 0xFF, 0x7F, 
0x0F, 0x00, 0xF4, 0xFF, 0xF7, 0xFF, 0x06, 0x00, 0x03, 0xF6, 0xFF, 0xC9, 0xFF, 0x53, 0x0F, 0x9D, 
0xFF, 0xFF, 0x28, 0xBF, 0xF4, 0xDE, 0x8C, 0xAE, 0xF7, 0x00, 0x00, 0x0F, 0x5B, 0x8D, 0xB5, 0xDB, 
0xF5, 0x00, 0x53, 0xF2, 0xFF, 0xE2, 0xB6, 0x8C, 0x59, 0x1F, 0xF6, 0xE1, 0x33, 0x00, 0x00, 0x00, 
0x00, 0x81, 0xFF, 0x59, 0x00, 0x00, 0x00, 0x00, 0x00, 0xBF, 0xFF, 0x45, 0xBD, 0xF6, 0xE7, 0x79, 
0x01, 0xE7, 0xEB, 0x4E, 0x0B, 0x2D, 0xCD, 0xFF, 0x6D, 0xF7, 0x2C, 0x00, 0x00, 0x00, 0x3B, 0xFF, 
0xD1, 0xFB, 0x12, 0x00, 0x00, 0x00, 0x08, 0xFF, 0xF4, 0xE7, 0x25, 0x00, 0x00, 0x00, 0x10, 0xFF, 
0xEE, 0xB2, 0x65, 0x00, 0x00, 0x00, 0x52, 0xFF, 0xB0, 0x41, 0xE4, 0x3E, 0x0C, 0x42, 0xE3, 0xF3, 
0x2D, 0x00, 0x4F, 0xCC, 0xF8, 0xF2, 0xB2, 0x22, 0x00, 0xC1, 0xF2, 0xFB, 0xFD, 0xEB, 0xB2, 0x36, 
0xFF, 0xE9, 0x05, 0x06, 0x3D, 0xFB, 0xE5, 0xFF, 0xE8, 0x00, 0x05, 0x42, 0xFC, 0xBA, 0xFF, 0xFF, 
0xFF, 0xFF, 0xFF, 0xDF, 0x25, 0xFF, 0xE8, 0x00, 0x0A, 0x6E, 0xFF, 0xCC, 0xFF, 0xE8, 0x00, 0x00, 
0x07, 0xFF, 0xF7, 0xFF, 0xEA, 0x08, 0x0A, 0x75, 0xFF, 0xAB, 0xC5, 0xF7, 0xFF, 0xF3, 0xD7, 0x85, 
0x0B, 0xF0, 0xFF, 0xFF, 0xFF, 0xF0, 0xFF, 0xF4, 0x00, 0x00, 0x00, 0xFF, 0xF4, 0x00, 0x00, 0x00, 
0xFF, 0xF4, 0x00, 0x00, 0x00, 0xFF, 0xF4, 0x00, 0x00, 0x00, 0xFF, 0xF4, 0x00, 0x00, 0x00, 0xFF, 
0xF4, 0x00, 0x00, 0x00, 0xF6, 0xE9, 0x00, 0x00, 0x00, 0x00, 0x00, 0xCA, 0xFF, 0xFF, 0xFF, 0xFF, 
0xFF, 0xEC, 0x00, 0x00, 0x00, 0xF1, 0xED, 0x00, 0x00, 0x00, 0xF4, 0xFF, 0x00, 0x00, 0x0E, 0xFF, 
0xC6, 0x00, 0x00, 0x00, 0xF4, 0xFF, 0x00, 0x00, 0x33, 0xFF, 0x98, 0x00, 0x00, 0x00, 0xF4, 0xFF, 
0x00, 0x00, 0x64, 0xFF, 0x5D, 0x00, 0x00, 0x00, 0xF4, 0xFF, 0x00, 0x00, 0xAC, 0xF6, 0x11, 0x00, 
0x00, 0x00, 0xF4, 0xFF, 0x00, 0x18, 0xF6, 0x8B, 0x00, 0x00, 0x00, 0x00, 0xF4, 0xFF, 0x00, 0xFB, 
0xFF, 0xFF, 0xFF, 0xFF, 0xFF, 0xFF, 0xFF, 0xFF, 0xFA, 0xFF, 0xCC, 0x00, 0x00, 0x00, 0x00, 0x00, 
0x00, 0xCC, 0xFF, 0xFF, 0xCC, 0x00, 0x00, 0x00, 0x00, 0x00, 0x00, 0xCC, 0xFF, 0xF7, 0xC3, 0x00, 
0x00, 0x00, 0x00, 0x00, 0x00, 0xC2, 0xF8, 0x00, 0x47, 0xD1, 0xF9, 0xE7, 0x83, 0x06, 0x42, 0xFF, 
0x90, 0x0F, 0x71, 0xFF, 0x88, 0xBF, 0xFF, 0x11, 0x00, 0x04, 0xFD, 0xE3, 0xEC, 0xFF, 0xFF, 0xFF, 
0xFF, 0xFF, 0xEC, 0xEF, 0xFF, 0x08, 0x00, 0x00, 0x00, 0x00, 0xC6, 0xFF, 0x3A, 0x00, 0x00, 0x00, 
0x00, 0x4D, 0xFF, 0xCD, 0x2D, 0x0B, 0x44, 0xC5, 0x00, 0x4D, 0xC5, 0xEE, 0xEF, 0xB3, 0x37, 0xD3, 
0x35, 0x00, 0x00, 0x00, 0xF7, 0xEB, 0x00, 0x00, 0x1F, 0xF3, 0xD2, 0x54, 0xC6, 0x01, 0x00, 0x00, 
0xFF, 0xF4, 0x00, 0x00, 0x92, 0xFF, 0x51, 0x00, 0xB1, 0x90, 0x14, 0x00, 0xFF, 0xF4, 0x02, 0x48, 
0xF9, 0xA8, 0x00, 0x00, 0x07, 0xC1, 0xFF, 0xFF, 0xFF, 0xFF, 0xFF, 0xFF, 0xC0, 0x04, 0x00, 0x00, 
0x8C, 0xC0, 0x24, 0x01, 0xFF, 0xF4, 0x01, 0x27, 0xCA, 0x84, 0x00, 0x1B, 0xF3, 0x1C, 0x00, 0x00, 
0xFF, 0xF4, 0x00, 0x00, 0x28, 0xF4, 0x15, 0x82, 0x9B, 0x00, 0x00, 0x00, 0xFF, 0xF4, 0x00, 0x00, 
0x00, 0xAB, 0x77, 0xDE, 0x28, 0x00, 0x00, 0x00, 0xF6, 0xE9, 0x00, 0x00, 0x00, 0x34, 0xD2, 0x60, 
0xC7, 0xF5, 0xF3, 0xC6, 0x40, 0xC2, 0x3C, 0x09, 0x40, 0xFE, 0xE7, 0x00, 0x00, 0x08, 0x50, 0xFF, 
0xBA, 0x00, 0xF3, 0xFF, 0xFF, 0xE4, 0x2E, 0x00, 0x00, 0x05, 0x23, 0x99, 0xEB, 0x00, 0x00, 0x00, 
0x00, 0x1B, 0xF5, 0xC7, 0x4A, 0x0E, 0x13, 0x93, 0xB0, 0x51, 0xCF, 0xF8, 0xE5, 0x9A, 0x12, 0x00, 
0x00, 0x00, 0x00, 0x00, 0x01, 0x03, 0xF6, 0xE7, 0x00, 0x00, 0x15, 0xEA, 0xFA, 0xFF, 0xF4, 0x00, 
0x00, 0x9C, 0xFF, 0xFF, 0xFF, 0xF4, 0x00, 0x33, 0xDD, 0xF1, 0xFF, 0xFF, 0xF4, 0x01, 0xC5, 0x55, 
0xF3, 0xFF, 0xFF, 0xF3, 0x5C, 0xC0, 0x00, 0xF4, 0xFF, 0xFF, 0xF0, 0xDE, 0x2E, 0x00, 0xF4, 0xFF, 
0xFF, 0xFF, 0x96, 0x00, 0x00, 0xF4, 0xFF, 0xF6, 0xE4, 0x13, 0x00, 0x00, 0xE9, 0xF5, 0x00, 0x1B, 
0x10, 0x00, 0x00, 0x1A, 0x13, 0x00, 0x00, 0xB7, 0x9D, 0x00, 0x00, 0xCC, 0x8B, 0x00, 0x00, 0x5E, 
0xFA, 0x9B, 0xAB, 0xFA, 0x34, 0x00, 0x00, 0x00, 0x3E, 0x7E, 0x75, 0x28, 0x00, 0x00, 0x3C, 0x48, 
0x00, 0x00, 0x00, 0x02, 0x5B, 0x21, 0xA8, 0xCC, 0x00, 0x00, 0x00, 0x7C, 0xFF, 0x64, 0xA8, 0xCC, 
0x00, 0x00, 0x3A, 0xF9, 0xFF, 0x64, 0xA8, 0xCC, 0x00, 0x10, 0xE0, 0x9A, 0xFF, 0x64, 0xA8, 0xCC, 
0x00, 0xAA, 0xD0, 0x1B, 0xFF, 0x64, 0xA8, 0xCA, 0x65, 0xF4, 0x27, 0x14, 0xFF, 0x64, 0xA8, 0xDD, 
0xF4, 0x60, 0x00, 0x14, 0xFF, 0x64, 0xA8, 0xFF, 0xA4, 0x00, 0x00, 0x14, 0xFF, 0x64, 0xA5, 0xDA, 
0x0D, 0x00, 0x00, 0x11, 0xFF, 0x60, 0x03, 0x04, 0x00, 0x00, 0x00, 0x00, 0x07, 0x00, 0xF5, 0xEA, 
0x00, 0x13, 0xF4, 0xDA, 0xFF, 0xF4, 0x00, 0x5E, 0xFF, 0x68, 0xFF, 0xF4, 0x0C, 0xC9, 0xCF, 0x05, 
0xFF, 0xFF, 0xFF, 0xE8, 0x1D, 0x00, 0xFF, 0xF4, 0x05, 0x69, 0xB9, 0x00, 0xFF, 0xF4, 0x00, 0x00, 
0xD0, 0x34, 0xFF, 0xF4, 0x00, 0x00, 0x77, 0x93, 0xF6, 0xE8, 0x00, 0x00, 0x20, 0xE3, 0x00, 0x00, 
0xBE, 0xFF, 0xFF, 0xFF, 0xFF, 0xEE, 0x00, 0x00, 0xE5, 0xEF, 0x00, 0x00, 0xF4, 0xFF, 0x00, 0x04, 
0xFC, 0xCD, 0x00, 0x00, 0xF4, 0xFF, 0x00, 0x27, 0xFF, 0xA1, 0x00, 0x00, 0xF4, 0xFF, 0x00, 0x53, 
0xFF, 0x69, 0x00, 0x00, 0xF4, 0xFF, 0x00, 0x92, 0xFB, 0x1C, 0x00, 0x00, 0xF4, 0xFF, 0x22, 0xED, 
0xA1, 0x00, 0x00, 0x00, 0xF4, 0xFF, 0xED, 0xAC, 0x0D, 0x00, 0x00, 0x00, 0xE9, 0xF5, 0x00, 0x9A, 
0xFD, 0x79, 0x00, 0x00, 0x00, 0x74, 0xFD, 0x9B, 0x00, 0x00, 0xCC, 0xDF, 0xE4, 0x02, 0x00, 0x01, 
0xDF, 0xD9, 0xCB, 0x00, 0x00, 0xE9, 0x8F, 0xFB, 0x41, 0x00, 0x3E, 0xF7, 0x89, 0xE8, 0x00, 0x07, 
0xFE, 0x77, 0xB8, 0x9B, 0x00, 0x9B, 0xAE, 0x78, 0xFE, 0x07, 0x24, 0xFF, 0x73, 0x60, 0xEC, 0x09, 
0xEE, 0x50, 0x74, 0xFF, 0x23, 0x41, 0xFF, 0x6F, 0x0F, 0xF8, 0x87, 0xEC, 0x05, 0x71, 0xFF, 0x40, 
0x5E, 0xFF, 0x6C, 0x00, 0xAF, 0xF9, 0x94, 0x00, 0x6D, 0xFF, 0x5D, 0x73, 0xFD, 0x5F, 0x00, 0x51, 
0xFA, 0x34, 0x00, 0x63, 0xFF, 0x6C, 0xF6, 0xE9, 0x00, 0x00, 0x00, 0xE9, 0xF5, 0xFF, 0xF4, 0x00, 
0x00, 0x00, 0xF4, 0xFF, 0xFF, 0xF4, 0x00, 0x00, 0x00, 0xF4, 0xFF, 0xFF, 0xFF, 0xFF, 0xFF, 0xFF, 
0xFF, 0xFF, 0xFF, 0xF4, 0x00, 0x00, 0x00, 0xF4, 0xFF, 0xFF, 0xF4, 0x00, 0x00, 0x00, 0xF4, 0xFF, 
0xFF, 0xF4, 0x00, 0x00, 0x00, 0xF4, 0xFF, 0xF6, 0xE9, 0x00, 0x00, 0x00, 0xE9, 0xF5, 0x00, 0x31, 
0xBD, 0xF3, 0xF7, 0xCC, 0x48, 0x00, 0x40, 0xFB, 0xC5, 0x20, 0x20, 0xC3, 0xFF, 0x57, 0xBB, 0xFF, 
0x36, 0x00, 0x00, 0x38, 0xFF, 0xC5, 0xEA, 0xFF, 0x07, 0x00, 0x00, 0x08, 0xFF, 0xEF, 0xF0, 0xFF, 
0x06, 0x00, 0x00, 0x09, 0xFF, 0xF3, 0xC7, 0xFF, 0x32, 0x00, 0x00, 0x39, 0xFF, 0xBA, 0x4E, 0xFF, 
0xBE, 0x1E, 0x20, 0xC4, 0xFB, 0x3D, 0x00, 0x4D, 0xCE, 0xF8, 0xF4, 0xBE, 0x3D, 0x00, 0xF0, 0xFF, 
0xFF, 0xFF, 0xFF, 0xFF, 0xF0, 0xFF, 0xF4, 0x00, 0x00, 0x00, 0xF4, 0xFF, 0xFF, 0xF4, 0x00, 0x00, 
0x00, 0xF4, 0xFF, 0xFF, 0xF4, 0x00, 0x00, 0x00, 0xF4, 0xFF, 0xFF, 0xF4, 0x00, 0x00, 0x00, 0xF4, 
0xFF, 0xFF, 0xF4, 0x00, 0x00, 0x00, 0xF4, 0xFF, 0xFF, 0xF4, 0x00, 0x00, 0x00, 0xF4, 0xFF, 0xF6, 
0xE9, 0x00, 0x00, 0x00, 0xE9, 0xF5, 0xF7, 0xAE, 0x5A, 0xDD, 0xF5, 0x9A, 0x04, 0xFF, 0xF1, 0xB5, 
0x11, 0x95, 0xFF, 0x79, 0xFF, 0xFA, 0x14, 0x00, 0x25, 0xFF, 0xD4, 0xFF, 0xF4, 0x00, 0x00, 0x04, 
0xFF, 0xF5, 0xFF, 0xF4, 0x00, 0x00, 0x05, 0xFF, 0xED, 0xFF, 0xF9, 0x10, 0x00, 0x2A, 0xFF, 0xC8, 
0xFF, 0xFE, 0xAC, 0x13, 0xA1, 0xFF, 0x66, 0xFF, 0xF4, 0x62, 0xE9, 0xF0, 0x84, 0x01, 0xFF, 0xF4, 
0x00, 0x00, 0x00, 0x00, 0x00, 0xFF, 0xF4, 0x00, 0x00, 0x00, 0x00, 0x00, 0xF6, 0xE9, 0x00, 0x00, 
0x00, 0x00, 0x00, 0x00, 0x61, 0xCF, 0xF6, 0xD6, 0x5A, 0x57, 0xFF, 0xB8, 0x16, 0x2F, 0xB9, 0xC9, 
0xFF, 0x32, 0x00, 0x00, 0x00, 0xF6, 0xFF, 0x08, 0x00, 0x00, 0x00, 0xF2, 0xFF, 0x07, 0x00, 0x00, 
0x00, 0xCE, 0xFF, 0x30, 0x00, 0x00, 0x00, 0x62, 0xFF, 0xB4, 0x14, 0x2B, 0xBC, 0x01, 0x70, 0xD9, 
0xF9, 0xD4, 0x5F, 0xF0, 0xFF, 0xFF, 0xFF, 0xFF, 0xFF, 0xFF, 0xE2, 0x00, 0x00, 0x00, 0xFF, 0xF4, 
0x00, 0x00, 0x00, 0x00, 0x00, 0x00, 0xFF, 0xF4, 0x00, 0x00, 0x00, 0x00, 0x00, 0x00, 0xFF, 0xF4, 
0x00, 0x00, 0x00, 0x00, 0x00, 0x00, 0xFF, 0xF4, 0x00, 0x00, 0x00, 0x00, 0x00, 0x00, 0xFF, 0xF4, 
0x00, 0x00, 0x00, 0x00, 0x00, 0x00, 0xFF, 0xF4, 0x00, 0x00, 0x00, 0x00, 0x00, 0x00, 0xF5, 0xE9, 
0x00, 0x00, 0x00, 0x94, 0xE4, 0x05, 0x00, 0x00, 0x00, 0xB3, 0xB9, 0x40, 0xFF, 0x50, 0x00, 0x00, 
0x19, 0xFC, 0x68, 0x00, 0xDA, 0xB0, 0x00, 0x00, 0x72, 0xF7, 0x10, 0x00, 0x78, 0xFA, 0x15, 0x00, 
0xCD, 0xA6, 0x00, 0x00, 0x18, 0xFB, 0x70, 0x28, 0xFF, 0x46, 0x00, 0x00, 0x00, 0xB0, 0xD0, 0x84, 
0xE3, 0x02, 0x00, 0x00, 0x00, 0x4C, 0xFF, 0xEF, 0x84, 0x00, 0x00, 0x00, 0x00, 0x03, 0xE1, 0xFF, 
0x24, 0x00, 0x00, 0x00, 0x00, 0x00, 0xC7, 0xC1, 0x00, 0x00, 0x00, 0x00, 0x00, 0x33, 0xFF, 0x5E, 
0x00, 0x00, 0x00, 0x00, 0x00, 0x92, 0xE4, 0x0A, 0x00, 0x00, 0x00, 0x00, 0x00, 0x00, 0x00, 0xF3, 
0xE7, 0x00, 0x00, 0x00, 0x00, 0x00, 0x00, 0x00, 0x00, 0xFF, 0xF4, 0x00, 0x00, 0x00, 0x00, 0x00, 
0x00, 0x00, 0x00, 0xFF, 0xF4, 0x00, 0x00, 0x00, 0x00, 0x00, 0x00, 0x00, 0x00, 0xFF, 0xF4, 0x00, 
0x00, 0x00, 0x00, 0x00, 0x20, 0xA8, 0xEC, 0xFF, 0xFF, 0xE4, 0xAD, 0x2B, 0x00, 0x29, 0xF3, 0xC9, 
0x23, 0xFF, 0xF4, 0x2C, 0xD2, 0xF9, 0x30, 0xB2, 0xFF, 0x38, 0x00, 0xFF, 0xF4, 0x00, 0x45, 0xFF, 
0xB1, 0xE9, 0xFF, 0x08, 0x00, 0xFF, 0xF4, 0x00, 0x15, 0xFF, 0xE1, 0xEE, 0xFF, 0x08, 0x00, 0xFF, 
0xF4, 0x00, 0x14, 0xFF, 0xE6, 0xC0, 0xFF, 0x38, 0x00, 0xFF, 0xF4, 0x00, 0x45, 0xFF, 0xAA, 0x3F, 
0xFD, 0xC9, 0x26, 0xFF, 0xF4, 0x2A, 0xD2, 0xF0, 0x2A, 0x00, 0x35, 0xB3, 0xE8, 0xFF, 0xFF, 0xED, 
0xA9, 0x1D, 0x00, 0x00, 0x00, 0x00, 0x00, 0xFF, 0xF4, 0x00, 0x00, 0x00, 0x00, 0x00, 0x00, 0x00, 
0x00, 0xFF, 0xF4, 0x00, 0x00, 0x00, 0x00, 0x00, 0x00, 0x00, 0x00, 0xF5, 0xE9, 0x00, 0x00, 0x00, 
0x00, 0x29, 0xFA, 0x7A, 0x00, 0x00, 0x40, 0xF9, 0x40, 0x00, 0x8D, 0xF9, 0x2A, 0x0A, 0xDC, 0xA3, 
0x00, 0x00, 0x09, 0xDA, 0xC6, 0x92, 0xE7, 0x12, 0x00, 0x00, 0x00, 0x3C, 0xFE, 0xFF, 0x50, 0x00, 
0x00, 0x00, 0x00, 0x51, 0xFC, 0xFC, 0x73, 0x00, 0x00, 0x00, 0x14, 0xE9, 0x8C, 0x8D, 0xF6, 0x26, 
0x00, 0x00, 0xAA, 0xDF, 0x0A, 0x0B, 0xDF, 0xC5, 0x02, 0x48, 0xFA, 0x46, 0x00, 0x00, 0x47, 0xFA, 
0x61, 0xF6, 0xE8, 0x00, 0x00, 0x00, 0xE8, 0xF4, 0x00, 0xFF, 0xF4, 0x00, 0x00, 0x00, 0xF4, 0xFF, 
0x00, 0xFF, 0xF4, 0x00, 0x00, 0x00, 0xF4, 0xFF, 0x00, 0xFF, 0xF4, 0x00, 0x00, 0x00, 0xF4, 0xFF, 
0x00, 0xFF, 0xF4, 0x00, 0x00, 0x00, 0xF4, 0xFF, 0x00, 0xFF, 0xF4, 0x00, 0x00, 0x00, 0xF4, 0xFF, 
0x00, 0xFF, 0xF4, 0x00, 0x00, 0x00, 0xF4, 0xFF, 0x00, 0xF2, 0xFF, 0xFF, 0xFF, 0xFF, 0xFF, 0xFF, 
0xFB, 0x00, 0x00, 0x00, 0x00, 0x00, 0x00, 0xCC, 0xFF, 0x00, 0x00, 0x00, 0x00, 0x00, 0x00, 0xCC, 
0xFF, 0x00, 0x00, 0x00, 0x00, 0x00, 0x00, 0xC1, 0xF5, 0xF6, 0xE8, 0x00, 0x00, 0x00, 0xEA, 0xF5, 
0xFF, 0xF4, 0x00, 0x00, 0x00, 0xF4, 0xFF, 0xF9, 0xF8, 0x00, 0x00, 0x00, 0xF4, 0xFF, 0xCF, 0xFF, 
0x4F, 0x0A, 0x41, 0xF9, 0xFF, 0x30, 0xC8, 0xFA, 0xEE, 0xB5, 0xFA, 0xFF, 0x00, 0x00, 0x00, 0x00, 
0x00, 0xF4, 0xFF, 0x00, 0x00, 0x00, 0x00, 0x00, 0xF4, 0xFF, 0x00, 0x00, 0x00, 0x00, 0x00, 0xE9, 
0xF5, 0xF6, 0xE8, 0x00, 0x00, 0x00, 0xF5, 0xDC, 0x00, 0x00, 0xF5, 0xE9, 0xFF, 0xF4, 0x00, 0x00, 
0x00, 0xFF, 0xE8, 0x00, 0x00, 0xFF, 0xF4, 0xFF, 0xF4, 0x00, 0x00, 0x00, 0xFF, 0xE8, 0x00, 0x00, 
0xFF, 0xF4, 0xFF, 0xF4, 0x00, 0x00, 0x00, 0xFF, 0xE8, 0x00, 0x00, 0xFF, 0xF4, 0xFF, 0xF4, 0x00, 
0x00, 0x00, 0xFF, 0xE8, 0x00, 0x00, 0xFF, 0xF4, 0xFF, 0xF4, 0x00, 0x00, 0x00, 0xFF, 0xE8, 0x00, 
0x00, 0xFF, 0xF4, 0xFF, 0xF4, 0x00, 0x00, 0x00, 0xFF, 0xE8, 0x00, 0x00, 0xFF, 0xF4, 0xF0, 0xFF, 
0xFF, 0xFF, 0xFF, 0xFF, 0xFF, 0xFF, 0xFF, 0xFF, 0xE3, 0xF6, 0xE8, 0x00, 0x00, 0x00, 0xF5, 0xDC, 
0x00, 0x00, 0xF5, 0xE7, 0x00, 0xFF, 0xF4, 0x00, 0x00, 0x00, 0xFF, 0xE8, 0x00, 0x00, 0xFF, 0xF4, 
0x00, 0xFF, 0xF4, 0x00, 0x00, 0x00, 0xFF, 0xE8, 0x00, 0x00, 0xFF, 0xF4, 0x00, 0xFF, 0xF4, 0x00, 
0x00, 0x00, 0xFF, 0xE8, 0x00, 0x00, 0xFF, 0xF4, 0x00, 0xFF, 0xF4, 0x00, 0x00, 0x00, 0xFF, 0xE8, 
0x00, 0x00, 0xFF, 0xF4, 0x00, 0xFF, 0xF4, 0x00, 0x00, 0x00, 0xFF, 0xE8, 0x00, 0x00, 0xFF, 0xF4, 
0x00, 0xFF, 0xF4, 0x00, 0x00, 0x00, 0xFF, 0xE8, 0x00, 0x00, 0xFF, 0xF4, 0x00, 0xF2, 0xFF, 0xFF, 
0xFF, 0xFF, 0xFF, 0xFF, 0xFF, 0xFF, 0xFF, 0xFF, 0xEF, 0x00, 0x00, 0x00, 0x00, 0x00, 0x00, 0x00, 
0x00, 0x00, 0x00, 0xB4, 0xF4, 0x00, 0x00, 0x00, 0x00, 0x00, 0x00, 0x00, 0x00, 0x00, 0x00, 0xB4, 
0xF4, 0x00, 0x00, 0x00, 0x00, 0x00, 0x00, 0x00, 0x00, 0x00, 0x00, 0xAD, 0xEC, 0xEC, 0xFF, 0xFF, 
0xFF, 0xE4, 0x00, 0x00, 0x00, 0x00, 0x00, 0x00, 0x00, 0xFF, 0xF4, 0x00, 0x00, 0x00, 0x00, 0x00, 
0x00, 0x00, 0xFF, 0xF4, 0x00, 0x00, 0x00, 0x00, 0x00, 0x00, 0x00, 0xFF, 0xFF, 0xFA, 0xF2, 0xBF, 
0x2C, 0x00, 0x00, 0x00, 0xFF, 0xF4, 0x05, 0x0D, 0x7F, 0xCB, 0x00, 0x00, 0x00, 0xFF, 0xF4, 0x00, 
0x00, 0x17, 0xF3, 0x00, 0x00, 0x00, 0xFF, 0xF4, 0x06, 0x0B, 0x7E, 0xB0, 0x00, 0x00, 0x00, 0xC5, 
0xFA, 0xFD, 0xE7, 0x94, 0x11, 0xF6, 0xE6, 0x00, 0x00, 0x00, 0x00, 0x00, 0xEA, 0xF5, 0xFF, 0xF4, 
0x00, 0x00, 0x00, 0x00, 0x00, 0xF4, 0xFF, 0xFF, 0xF4, 0x00, 0x00, 0x00, 0x00, 0x00, 0xF4, 0xFF, 
0xFF, 0xFF, 0xFA, 0xF1, 0xBE, 0x2C, 0x00, 0xF4, 0xFF, 0xFF, 0xF4, 0x05, 0x54, 0xFF, 0xCB, 0x00, 
0xF4, 0xFF, 0xFF, 0xF4, 0x00, 0x04, 0xFF, 0xF3, 0x00, 0xF4, 0xFF, 0xFF, 0xF4, 0x05, 0x53, 0xFF, 
0xB0, 0x00, 0xF4, 0xFF, 0xC7, 0xFA, 0xFD, 0xE7, 0x92, 0x11, 0x00, 0xEA, 0xF5, 0xF6, 0xE7, 0x00, 
0x00, 0x00, 0x00, 0x00, 0xFF, 0xF4, 0x00, 0x00, 0x00, 0x00, 0x00, 0xFF, 0xF4, 0x00, 0x00, 0x00, 
0x00, 0x00, 0xFF, 0xFF, 0xF9, 0xFD, 0xEA, 0xA8, 0x1A, 0xFF, 0xF4, 0x07, 0x04, 0x1D, 0x92, 0xBE, 
0xFF, 0xF4, 0x00, 0x00, 0x00, 0x1A, 0xF0, 0xFF, 0xF4, 0x08, 0x02, 0x1B, 0x96, 0xA9, 0xC0, 0xF7, 
0xFF, 0xF7, 0xD4, 0x82, 0x0A, 0x43, 0xBB, 0xF0, 0xF4, 0xBC, 0x38, 0x00, 0xC3, 0x3E, 0x0A, 0x2D, 
0xC3, 0xFD, 0x49, 0x00, 0x00, 0x00, 0x00, 0x23, 0xFF, 0xC8, 0x00, 0xF0, 0xFF, 0xFF, 0xFF, 0xFF, 
0xF7, 0x00, 0x00, 0x00, 0x00, 0x0F, 0xFF, 0xF2, 0x00, 0x00, 0x00, 0x00, 0x4A, 0xFF, 0xBB, 0xC2, 
0x3F, 0x0B, 0x32, 0xD8, 0xFD, 0x34, 0x4A, 0xC6, 0xF5, 0xF4, 0xC1, 0x44, 0x00, 0xF6, 0xE9, 0x00, 
0x00, 0x4C, 0xC1, 0xEC, 0xF7, 0xCB, 0x47, 0x00, 0xFF, 0xF4, 0x00, 0x57, 0xFF, 0xDD, 0x3F, 0x0D, 
0x3E, 0xDD, 0x48, 0xFF, 0xF4, 0x00, 0xCE, 0xFF, 0x46, 0x00, 0x00, 0x00, 0x4E, 0xC2, 0xFF, 0xFF, 
0xFF, 0xFF, 0xFF, 0x0A, 0x00, 0x00, 0x00, 0x18, 0xEF, 0xFF, 0xF4, 0x00, 0xEA, 0xFF, 0x08, 0x00, 
0x00, 0x00, 0x1D, 0xF2, 0xFF, 0xF4, 0x00, 0xB8, 0xFF, 0x3B, 0x00, 0x00, 0x00, 0x57, 0xB2, 0xFF, 
0xF4, 0x00, 0x3D, 0xFF, 0xD1, 0x2A, 0x09, 0x40, 0xDA, 0x2A, 0xF6, 0xE9, 0x00, 0x00, 0x43, 0xCA, 
0xF7, 0xF3, 0xB9, 0x2A, 0x00, 0x08, 0x7E, 0xD4, 0xF1, 0xFC, 0xF2, 0xCB, 0xAC, 0xFF, 0x6D, 0x0B, 
0x07, 0xF4, 0xFF, 0xF7, 0xFC, 0x01, 0x00, 0x00, 0xF4, 0xFF, 0xB9, 0xFF, 0x67, 0x07, 0x00, 0xF4, 
0xFF, 0x0C, 0x88, 0xFE, 0xFF, 0xFF, 0xFF, 0xFF, 0x08, 0xD4, 0x79, 0x0D, 0x00, 0xF4, 0xFF, 0x71, 
0xB4, 0x00, 0x00, 0x00, 0xF4, 0xFF, 0xD9, 0x2B, 0x00, 0x00, 0x00, 0xEB, 0xF6, 0x00, 0x00, 0x51, 
0x53, 0x00, 0x43, 0x61, 0x00, 0x00, 0x00, 0x00, 0xC5, 0xC6, 0x00, 0xA8, 0xE2, 0x00, 0x00, 0x00, 
0x00, 0x0E, 0x0E, 0x00, 0x0A, 0x12, 0x00, 0x00, 0x00, 0x00, 0x08, 0x5B, 0x81, 0x6A, 0x15, 0x00, 
0x00, 0x00, 0x19, 0xD9, 0xE3, 0xA9, 0xD7, 0xE8, 0x31, 0x00, 0x00, 0xA1, 0xD5, 0x0E, 0x00, 0x05, 
0xC3, 0xBE, 0x00, 0x0B, 0xFB, 0x70, 0x00, 0x00, 0x00, 0x6D, 0xFA, 0x03, 0x29, 0xFF, 0xF8, 0xF4, 
0xF4, 0xF4, 0xF8, 0xFC, 0x0D, 0x25, 0xFF, 0x74, 0x1C, 0x1C, 0x1C, 0x1C, 0x13, 0x00, 0x05, 0xF5, 
0x94, 0x00, 0x00, 0x00, 0x00, 0x00, 0x00, 0x00, 0x83, 0xF7, 0x63, 0x16, 0x11, 0x45, 0x66, 0x00, 
0x00, 0x07, 0x89, 0xF9, 0xFF, 0xFF, 0xED, 0x76, 0x00, 0x00, 0x00, 0x00, 0x09, 0x26, 0x1D, 0x01, 
0x00, 0x00, 0x00, 0x00, 0x00, 0x00, 0x00, 0x00, 0x00, 0x00, 0x00, 0x00, 0x00, 0x00, 0x00, 0x00, 
0x00, 0x00, 0x00, 0xEB, 0xFF, 0xFF, 0xFF, 0xFF, 0xFF, 0xFF, 0xE9, 0x00, 0x00, 0x00, 0x00, 0x00, 
0x00, 0x00, 0x00, 0x73, 0x6C, 0x00, 0x00, 0x00, 0x00, 0x00, 0x00, 0x00, 0x42, 0xF2, 0x23, 0x00, 
0x00, 0x00, 0x00, 0x00, 0x00, 0x10, 0xE3, 0x63, 0x00, 0x00, 0x00, 0x00, 0x00, 0x00, 0x00, 0xA7, 
0xB1, 0x00, 0x00, 0x00, 0x00, 0x00, 0x00, 0x00, 0x5B, 0xE9, 0x15, 0x00, 0x00, 0x00, 0x00, 0x00, 
0x00, 0x1D, 0xEF, 0x4C, 0x00, 0x00, 0x00, 0x00, 0x00, 0x00, 0x01, 0xBE, 0x98, 0x00, 0x00, 0x00, 
0x00, 0x00, 0x00, 0x00, 0x74, 0xDB, 0x0B, 0x00, 0x00, 0x00, 0x00, 0x00, 0x00, 0x2E, 0xF4, 0x37, 
0x00, 0x00, 0x00, 0x00, 0x00, 0x00, 0x07, 0xD2, 0x80, 0x00, 0x00, 0x00, 0x00, 0x00, 0x00, 0x00, 
0x8D, 0xC9, 0x04, 0x00, 0x00, 0x00, 0x00, 0x00, 0x00, 0x40, 0xF3, 0x26, 0x00, 0x00, 0x00, 0x00, 
0x00, 0x00, 0x00, 0x27, 0x2F, 0x00, 0x00, 0x00, 0x00, 0x00, 0x00, 0x00, 0x00, 0x7B, 0xEB, 0xEC, 
0x8F, 0x1A, 0x21, 0x76, 0x78, 0x21, 0x1D, 0x91, 0xEF, 0xEB, 0x77, 0x00, 0x00, 0x00, 0x00, 0x00, 
0x00, 0x00, 0x79, 0xEA, 0xEB, 0x8E, 0x1A, 0x21, 0x76, 0x78, 0x21, 0x1E, 0x91, 0xEF, 0xEB, 0x77, 
0x00, 0x00, 0x00, 0x00, 0x2A, 0xE1, 0x01, 0x00, 0x00, 0x00, 0x00, 0xAD, 0x75, 0x00, 0xF1, 0xFF, 
0xFF, 0xFF, 0xFF, 0xFF, 0xEE, 0x00, 0x00, 0x00, 0xC3, 0x5A, 0x00, 0x00, 0x00, 0x00, 0x51, 0xCF, 
0x01, 0x00, 0x00, 0xF0, 0xFF, 0xFF, 0xFF, 0xFF, 0xFF, 0xEE, 0x00, 0x6E, 0xB3, 0x00, 0x00, 0x00, 
0x00, 0x02, 0xE1, 0x2D, 0x00, 0x00, 0x00, 0x00, 0x00, 0x08, 0x7A, 0x43, 0x61, 0x6C, 0x69, 0x62, 
0x72, 0x69, 0x00, 0x08, 0x7A, 0x43, 0x61, 0x6C, 0x69, 0x62, 0x72, 0x69, 0x01};