const uint8_t  zCalibriItalic14[] PROGMEM = {
0x00, 0x00, 0x00, 0xC7, 0x00, 0x00, 0x00, 0x0B, 0x00, 0x00, 0x00, 0x0E, 0x00, 0x00, 0x00, 0x00, 
0x00, 0x00, 0x00, 0x0A, 0x00, 0x00, 0x00, 0x03, 0x00, 0x00, 0x00, 0x00, 0x00, 0x00, 0x00, 0x01, 
0x00, 0x00, 0x00, 0x01, 0x00, 0x00, 0x00, 0x00, 0x00, 0x00, 0x00, 0x1C, 0xFF, 0xFF, 0xFF, 0xF2, 
0x00, 0x00, 0x00, 0x00, 0x00, 0x00, 0x00, 0x00, 0x00, 0x00, 0x00, 0x01, 0x00, 0x00, 0x00, 0x01, 
0x00, 0x00, 0x00, 0x00, 0x00, 0x00, 0x00, 0x1C, 0xFF, 0xFF, 0xFF, 0xF2, 0x00, 0x00, 0x00, 0x00, 
0x00, 0x00, 0x00, 0x09, 0x00, 0x00, 0x00, 0x01, 0x00, 0x00, 0x00, 0x01, 0x00, 0x00, 0x00, 0x00, 
0x00, 0x00, 0x00, 0x1C, 0xFF, 0xFF, 0xFF, 0xF2, 0x00, 0x00, 0x00, 0x00, 0x00, 0x00, 0x00, 0x0A, 
0x00, 0x00, 0x00, 0x01, 0x00, 0x00, 0x00, 0x01, 0x00, 0x00, 0x00, 0x00, 0x00, 0x00, 0x00, 0x1C, 
0xFF, 0xFF, 0xFF, 0xF2, 0x00, 0x00, 0x00, 0x00, 0x00, 0x00, 0x00, 0x0D, 0x00, 0x00, 0x00, 0x01, 
0x00, 0x00, 0x00, 0x01, 0x00, 0x00, 0x00, 0x00, 0x00, 0x00, 0x00, 0x1C, 0xFF, 0xFF, 0xFF, 0xF2, 
0x00, 0x00, 0x00, 0x00, 0x00, 0x00, 0x00, 0x1D, 0x00, 0x00, 0x00, 0x01, 0x00, 0x00, 0x00, 0x01, 
0x00, 0x00, 0x00, 0x00, 0x00, 0x00, 0x00, 0x1C, 0xFF, 0xFF, 0xFF, 0xF2, 0x00, 0x00, 0x00, 0x00, 
0x00, 0x00, 0x00, 0x20, 0x00, 0x00, 0x00, 0x01, 0x00, 0x00, 0x00, 0x01, 0x00, 0x00, 0x00, 0x03, 
0x00, 0x00, 0x00, 0x1C, 0xFF, 0xFF, 0xFF, 0xF2, 0x00, 0x00, 0x00, 0x00, 0x00, 0x00, 0x00, 0x21, 
0x00, 0x00, 0x00, 0x0A, 0x00, 0x00, 0x00, 0x04, 0x00, 0x00, 0x00, 0x05, 0x00, 0x00, 0x00, 0x0A, 
0x00, 0x00, 0x00, 0x01, 0x00, 0x00, 0x00, 0x00, 0x00, 0x00, 0x00, 0x22, 0x00, 0x00, 0x00, 0x04, 
0x00, 0x00, 0x00, 0x05, 0x00, 0x00, 0x00, 0x06, 0x00, 0x00, 0x00, 0x0A, 0x00, 0x00, 0x00, 0x01, 
0x00, 0x00, 0x00, 0x00, 0x00, 0x00, 0x00, 0x23, 0x00, 0x00, 0x00, 0x09, 0x00, 0x00, 0x00, 0x09, 
0x00, 0x00, 0x00, 0x07, 0x00, 0x00, 0x00, 0x09, 0xFF, 0xFF, 0xFF, 0xFF, 0x00, 0x00, 0x00, 0x00, 
0x00, 0x00, 0x00, 0x24, 0x00, 0x00, 0x00, 0x0D, 0x00, 0x00, 0x00, 0x07, 0x00, 0x00, 0x00, 0x07, 
0x00, 0x00, 0x00, 0x0B, 0x00, 0x00, 0x00, 0x00, 0x00, 0x00, 0x00, 0x00, 0x00, 0x00, 0x00, 0x25, 
0x00, 0x00, 0x00, 0x0B, 0x00, 0x00, 0x00, 0x0A, 0x00, 0x00, 0x00, 0x0A, 0x00, 0x00, 0x00, 0x0A, 
0x00, 0x00, 0x00, 0x00, 0x00, 0x00, 0x00, 0x00, 0x00, 0x00, 0x00, 0x26, 0x00, 0x00, 0x00, 0x09, 
0x00, 0x00, 0x00, 0x08, 0x00, 0x00, 0x00, 0x0A, 0x00, 0x00, 0x00, 0x09, 0x00, 0x00, 0x00, 0x01, 
0x00, 0x00, 0x00, 0x00, 0x00, 0x00, 0x00, 0x27, 0x00, 0x00, 0x00, 0x04, 0x00, 0x00, 0x00, 0x02, 
0x00, 0x00, 0x00, 0x03, 0x00, 0x00, 0x00, 0x0A, 0x00, 0x00, 0x00, 0x02, 0x00, 0x00, 0x00, 0x00, 
0x00, 0x00, 0x00, 0x28, 0x00, 0x00, 0x00, 0x0D, 0x00, 0x00, 0x00, 0x04, 0x00, 0x00, 0x00, 0x04, 
0x00, 0x00, 0x00, 0x0A, 0x00, 0x00, 0x00, 0x01, 0x00, 0x00, 0x00, 0x00, 0x00, 0x00, 0x00, 0x29, 
0x00, 0x00, 0x00, 0x0D, 0x00, 0x00, 0x00, 0x05, 0x00, 0x00, 0x00, 0x04, 0x00, 0x00, 0x00, 0x0A, 
0xFF, 0xFF, 0xFF, 0xFF, 0x00, 0x00, 0x00, 0x00, 0x00, 0x00, 0x00, 0x2A, 0x00, 0x00, 0x00, 0x05, 
0x00, 0x00, 0x00, 0x05, 0x00, 0x00, 0x00, 0x07, 0x00, 0x00, 0x00, 0x0A, 0x00, 0x00, 0x00, 0x02, 
0x00, 0x00, 0x00, 0x00, 0x00, 0x00, 0x00, 0x2B, 0x00, 0x00, 0x00, 0x07, 0x00, 0x00, 0x00, 0x06, 
0x00, 0x00, 0x00, 0x07, 0x00, 0x00, 0x00, 0x07, 0x00, 0x00, 0x00, 0x01, 0x00, 0x00, 0x00, 0x00, 
0x00, 0x00, 0x00, 0x2C, 0x00, 0x00, 0x00, 0x04, 0x00, 0x00, 0x00, 0x03, 0x00, 0x00, 0x00, 0x04, 
0x00, 0x00, 0x00, 0x02, 0xFF, 0xFF, 0xFF, 0xFF, 0x00, 0x00, 0x00, 0x00, 0x00, 0x00, 0x00, 0x2E, 
0x00, 0x00, 0x00, 0x02, 0x00, 0x00, 0x00, 0x01, 0x00, 0x00, 0x00, 0x04, 0x00, 0x00, 0x00, 0x02, 
0x00, 0x00, 0x00, 0x01, 0x00, 0x00, 0x00, 0x00, 0x00, 0x00, 0x00, 0x2F, 0x00, 0x00, 0x00, 0x0C, 
0x00, 0x00, 0x00, 0x09, 0x00, 0x00, 0x00, 0x05, 0x00, 0x00, 0x00, 0x0A, 0xFF, 0xFF, 0xFF, 0xFE, 
0x00, 0x00, 0x00, 0x00, 0x00, 0x00, 0x00, 0x30, 0x00, 0x00, 0x00, 0x09, 0x00, 0x00, 0x00, 0x08, 
0x00, 0x00, 0x00, 0x07, 0x00, 0x00, 0x00, 0x09, 0x00, 0x00, 0x00, 0x00, 0x00, 0x00, 0x00, 0x00, 
0x00, 0x00, 0x00, 0x31, 0x00, 0x00, 0x00, 0x09, 0x00, 0x00, 0x00, 0x06, 0x00, 0x00, 0x00, 0x07, 
0x00, 0x00, 0x00, 0x09, 0x00, 0x00, 0x00, 0x00, 0x00, 0x00, 0x00, 0x00, 0x00, 0x00, 0x00, 0x32, 
0x00, 0x00, 0x00, 0x09, 0x00, 0x00, 0x00, 0x07, 0x00, 0x00, 0x00, 0x07, 0x00, 0x00, 0x00, 0x09, 
0x00, 0x00, 0x00, 0x00, 0x00, 0x00, 0x00, 0x00, 0x00, 0x00, 0x00, 0x33, 0x00, 0x00, 0x00, 0x09, 
0x00, 0x00, 0x00, 0x07, 0x00, 0x00, 0x00, 0x07, 0x00, 0x00, 0x00, 0x09, 0x00, 0x00, 0x00, 0x00, 
0x00, 0x00, 0x00, 0x00, 0x00, 0x00, 0x00, 0x34, 0x00, 0x00, 0x00, 0x09, 0x00, 0x00, 0x00, 0x07, 
0x00, 0x00, 0x00, 0x07, 0x00, 0x00, 0x00, 0x09, 0x00, 0x00, 0x00, 0x00, 0x00, 0x00, 0x00, 0x00, 
0x00, 0x00, 0x00, 0x35, 0x00, 0x00, 0x00, 0x09, 0x00, 0x00, 0x00, 0x07, 0x00, 0x00, 0x00, 0x07, 
0x00, 0x00, 0x00, 0x09, 0x00, 0x00, 0x00, 0x00, 0x00, 0x00, 0x00, 0x00, 0x00, 0x00, 0x00, 0x36, 
0x00, 0x00, 0x00, 0x09, 0x00, 0x00, 0x00, 0x08, 0x00, 0x00, 0x00, 0x07, 0x00, 0x00, 0x00, 0x09, 
0x00, 0x00, 0x00, 0x00, 0x00, 0x00, 0x00, 0x00, 0x00, 0x00, 0x00, 0x37, 0x00, 0x00, 0x00, 0x09, 
0x00, 0x00, 0x00, 0x07, 0x00, 0x00, 0x00, 0x07, 0x00, 0x00, 0x00, 0x09, 0x00, 0x00, 0x00, 0x01, 
0x00, 0x00, 0x00, 0x00, 0x00, 0x00, 0x00, 0x38, 0x00, 0x00, 0x00, 0x09, 0x00, 0x00, 0x00, 0x07, 
0x00, 0x00, 0x00, 0x07, 0x00, 0x00, 0x00, 0x09, 0x00, 0x00, 0x00, 0x00, 0x00, 0x00, 0x00, 0x00, 
0x00, 0x00, 0x00, 0x39, 0x00, 0x00, 0x00, 0x09, 0x00, 0x00, 0x00, 0x07, 0x00, 0x00, 0x00, 0x07, 
0x00, 0x00, 0x00, 0x09, 0x00, 0x00, 0x00, 0x00, 0x00, 0x00, 0x00, 0x00, 0x00, 0x00, 0x00, 0x3A, 
0x00, 0x00, 0x00, 0x07, 0x00, 0x00, 0x00, 0x04, 0x00, 0x00, 0x00, 0x04, 0x00, 0x00, 0x00, 0x07, 
0x00, 0x00, 0x00, 0x00, 0x00, 0x00, 0x00, 0x00, 0x00, 0x00, 0x00, 0x3B, 0x00, 0x00, 0x00, 0x09, 
0x00, 0x00, 0x00, 0x05, 0x00, 0x00, 0x00, 0x04, 0x00, 0x00, 0x00, 0x07, 0xFF, 0xFF, 0xFF, 0xFF, 
0x00, 0x00, 0x00, 0x00, 0x00, 0x00, 0x00, 0x3C, 0x00, 0x00, 0x00, 0x07, 0x00, 0x00, 0x00, 0x07, 
0x00, 0x00, 0x00, 0x07, 0x00, 0x00, 0x00, 0x07, 0x00, 0x00, 0x00, 0x00, 0x00, 0x00, 0x00, 0x00, 
0x00, 0x00, 0x00, 0x3D, 0x00, 0x00, 0x00, 0x04, 0x00, 0x00, 0x00, 0x08, 0x00, 0x00, 0x00, 0x07, 
0x00, 0x00, 0x00, 0x06, 0x00, 0x00, 0x00, 0x00, 0x00, 0x00, 0x00, 0x00, 0x00, 0x00, 0x00, 0x3E, 
0x00, 0x00, 0x00, 0x07, 0x00, 0x00, 0x00, 0x07, 0x00, 0x00, 0x00, 0x07, 0x00, 0x00, 0x00, 0x07, 
0x00, 0x00, 0x00, 0x00, 0x00, 0x00, 0x00, 0x00, 0x00, 0x00, 0x00, 0x3F, 0x00, 0x00, 0x00, 0x0A, 
0x00, 0x00, 0x00, 0x05, 0x00, 0x00, 0x00, 0x06, 0x00, 0x00, 0x00, 0x0A, 0x00, 0x00, 0x00, 0x02, 
0x00, 0x00, 0x00, 0x00, 0x00, 0x00, 0x00, 0x40, 0x00, 0x00, 0x00, 0x0C, 0x00, 0x00, 0x00, 0x0B, 
0x00, 0x00, 0x00, 0x0D, 0x00, 0x00, 0x00, 0x0A, 0x00, 0x00, 0x00, 0x01, 0x00, 0x00, 0x00, 0x00, 
0x00, 0x00, 0x00, 0x41, 0x00, 0x00, 0x00, 0x09, 0x00, 0x00, 0x00, 0x09, 0x00, 0x00, 0x00, 0x08, 
0x00, 0x00, 0x00, 0x09, 0xFF, 0xFF, 0xFF, 0xFF, 0x00, 0x00, 0x00, 0x00, 0x00, 0x00, 0x00, 0x42, 
0x00, 0x00, 0x00, 0x09, 0x00, 0x00, 0x00, 0x08, 0x00, 0x00, 0x00, 0x08, 0x00, 0x00, 0x00, 0x09, 
0x00, 0x00, 0x00, 0x00, 0x00, 0x00, 0x00, 0x00, 0x00, 0x00, 0x00, 0x43, 0x00, 0x00, 0x00, 0x09, 
0x00, 0x00, 0x00, 0x08, 0x00, 0x00, 0x00, 0x07, 0x00, 0x00, 0x00, 0x09, 0x00, 0x00, 0x00, 0x00, 
0x00, 0x00, 0x00, 0x00, 0x00, 0x00, 0x00, 0x44, 0x00, 0x00, 0x00, 0x09, 0x00, 0x00, 0x00, 0x09, 
0x00, 0x00, 0x00, 0x09, 0x00, 0x00, 0x00, 0x09, 0x00, 0x00, 0x00, 0x00, 0x00, 0x00, 0x00, 0x00, 
0x00, 0x00, 0x00, 0x45, 0x00, 0x00, 0x00, 0x09, 0x00, 0x00, 0x00, 0x08, 0x00, 0x00, 0x00, 0x07, 
0x00, 0x00, 0x00, 0x09, 0x00, 0x00, 0x00, 0x00, 0x00, 0x00, 0x00, 0x00, 0x00, 0x00, 0x00, 0x46, 
0x00, 0x00, 0x00, 0x09, 0x00, 0x00, 0x00, 0x07, 0x00, 0x00, 0x00, 0x06, 0x00, 0x00, 0x00, 0x09, 
0x00, 0x00, 0x00, 0x00, 0x00, 0x00, 0x00, 0x00, 0x00, 0x00, 0x00, 0x47, 0x00, 0x00, 0x00, 0x09, 
0x00, 0x00, 0x00, 0x09, 0x00, 0x00, 0x00, 0x09, 0x00, 0x00, 0x00, 0x09, 0x00, 0x00, 0x00, 0x00, 
0x00, 0x00, 0x00, 0x00, 0x00, 0x00, 0x00, 0x48, 0x00, 0x00, 0x00, 0x09, 0x00, 0x00, 0x00, 0x09, 
0x00, 0x00, 0x00, 0x09, 0x00, 0x00, 0x00, 0x09, 0x00, 0x00, 0x00, 0x00, 0x00, 0x00, 0x00, 0x00, 
0x00, 0x00, 0x00, 0x49, 0x00, 0x00, 0x00, 0x09, 0x00, 0x00, 0x00, 0x04, 0x00, 0x00, 0x00, 0x04, 
0x00, 0x00, 0x00, 0x09, 0x00, 0x00, 0x00, 0x00, 0x00, 0x00, 0x00, 0x00, 0x00, 0x00, 0x00, 0x4A, 
0x00, 0x00, 0x00, 0x09, 0x00, 0x00, 0x00, 0x06, 0x00, 0x00, 0x00, 0x04, 0x00, 0x00, 0x00, 0x09, 
0xFF, 0xFF, 0xFF, 0xFF, 0x00, 0x00, 0x00, 0x00, 0x00, 0x00, 0x00, 0x4B, 0x00, 0x00, 0x00, 0x09, 
0x00, 0x00, 0x00, 0x08, 0x00, 0x00, 0x00, 0x07, 0x00, 0x00, 0x00, 0x09, 0x00, 0x00, 0x00, 0x00, 
0x00, 0x00, 0x00, 0x00, 0x00, 0x00, 0x00, 0x4C, 0x00, 0x00, 0x00, 0x09, 0x00, 0x00, 0x00, 0x06, 
0x00, 0x00, 0x00, 0x06, 0x00, 0x00, 0x00, 0x09, 0x00, 0x00, 0x00, 0x00, 0x00, 0x00, 0x00, 0x00, 
0x00, 0x00, 0x00, 0x4D, 0x00, 0x00, 0x00, 0x09, 0x00, 0x00, 0x00, 0x0C, 0x00, 0x00, 0x00, 0x0C, 
0x00, 0x00, 0x00, 0x09, 0x00, 0x00, 0x00, 0x00, 0x00, 0x00, 0x00, 0x00, 0x00, 0x00, 0x00, 0x4E, 
0x00, 0x00, 0x00, 0x09, 0x00, 0x00, 0x00, 0x09, 0x00, 0x00, 0x00, 0x09, 0x00, 0x00, 0x00, 0x09, 
0x00, 0x00, 0x00, 0x00, 0x00, 0x00, 0x00, 0x00, 0x00, 0x00, 0x00, 0x4F, 0x00, 0x00, 0x00, 0x09, 
0x00, 0x00, 0x00, 0x09, 0x00, 0x00, 0x00, 0x09, 0x00, 0x00, 0x00, 0x09, 0x00, 0x00, 0x00, 0x00, 
0x00, 0x00, 0x00, 0x00, 0x00, 0x00, 0x00, 0x50, 0x00, 0x00, 0x00, 0x09, 0x00, 0x00, 0x00, 0x08, 
0x00, 0x00, 0x00, 0x07, 0x00, 0x00, 0x00, 0x09, 0x00, 0x00, 0x00, 0x00, 0x00, 0x00, 0x00, 0x00, 
0x00, 0x00, 0x00, 0x51, 0x00, 0x00, 0x00, 0x0A, 0x00, 0x00, 0x00, 0x09, 0x00, 0x00, 0x00, 0x09, 
0x00, 0x00, 0x00, 0x09, 0x00, 0x00, 0x00, 0x00, 0x00, 0x00, 0x00, 0x00, 0x00, 0x00, 0x00, 0x52, 
0x00, 0x00, 0x00, 0x09, 0x00, 0x00, 0x00, 0x08, 0x00, 0x00, 0x00, 0x08, 0x00, 0x00, 0x00, 0x09, 
0x00, 0x00, 0x00, 0x00, 0x00, 0x00, 0x00, 0x00, 0x00, 0x00, 0x00, 0x53, 0x00, 0x00, 0x00, 0x09, 
0x00, 0x00, 0x00, 0x07, 0x00, 0x00, 0x00, 0x06, 0x00, 0x00, 0x00, 0x09, 0x00, 0x00, 0x00, 0x00, 
0x00, 0x00, 0x00, 0x00, 0x00, 0x00, 0x00, 0x54, 0x00, 0x00, 0x00, 0x09, 0x00, 0x00, 0x00, 0x07, 
0x00, 0x00, 0x00, 0x07, 0x00, 0x00, 0x00, 0x09, 0x00, 0x00, 0x00, 0x01, 0x00, 0x00, 0x00, 0x00, 
0x00, 0x00, 0x00, 0x55, 0x00, 0x00, 0x00, 0x09, 0x00, 0x00, 0x00, 0x08, 0x00, 0x00, 0x00, 0x09, 
0x00, 0x00, 0x00, 0x09, 0x00, 0x00, 0x00, 0x01, 0x00, 0x00, 0x00, 0x00, 0x00, 0x00, 0x00, 0x56, 
0x00, 0x00, 0x00, 0x09, 0x00, 0x00, 0x00, 0x08, 0x00, 0x00, 0x00, 0x08, 0x00, 0x00, 0x00, 0x09, 
0x00, 0x00, 0x00, 0x01, 0x00, 0x00, 0x00, 0x00, 0x00, 0x00, 0x00, 0x57, 0x00, 0x00, 0x00, 0x09, 
0x00, 0x00, 0x00, 0x0D, 0x00, 0x00, 0x00, 0x0C, 0x00, 0x00, 0x00, 0x09, 0x00, 0x00, 0x00, 0x01, 
0x00, 0x00, 0x00, 0x00, 0x00, 0x00, 0x00, 0x58, 0x00, 0x00, 0x00, 0x09, 0x00, 0x00, 0x00, 0x09, 
0x00, 0x00, 0x00, 0x07, 0x00, 0x00, 0x00, 0x09, 0xFF, 0xFF, 0xFF, 0xFF, 0x00, 0x00, 0x00, 0x00, 
0x00, 0x00, 0x00, 0x59, 0x00, 0x00, 0x00, 0x09, 0x00, 0x00, 0x00, 0x07, 0x00, 0x00, 0x00, 0x07, 
0x00, 0x00, 0x00, 0x09, 0x00, 0x00, 0x00, 0x01, 0x00, 0x00, 0x00, 0x00, 0x00, 0x00, 0x00, 0x5A, 
0x00, 0x00, 0x00, 0x09, 0x00, 0x00, 0x00, 0x09, 0x00, 0x00, 0x00, 0x07, 0x00, 0x00, 0x00, 0x09, 
0xFF, 0xFF, 0xFF, 0xFF, 0x00, 0x00, 0x00, 0x00, 0x00, 0x00, 0x00, 0x5B, 0x00, 0x00, 0x00, 0x0D, 
0x00, 0x00, 0x00, 0x05, 0x00, 0x00, 0x00, 0x04, 0x00, 0x00, 0x00, 0x0A, 0x00, 0x00, 0x00, 0x00, 
0x00, 0x00, 0x00, 0x00, 0x00, 0x00, 0x00, 0x5C, 0x00, 0x00, 0x00, 0x0C, 0x00, 0x00, 0x00, 0x03, 
0x00, 0x00, 0x00, 0x05, 0x00, 0x00, 0x00, 0x0A, 0x00, 0x00, 0x00, 0x01, 0x00, 0x00, 0x00, 0x00, 
0x00, 0x00, 0x00, 0x5D, 0x00, 0x00, 0x00, 0x0D, 0x00, 0x00, 0x00, 0x06, 0x00, 0x00, 0x00, 0x04, 
0x00, 0x00, 0x00, 0x0A, 0xFF, 0xFF, 0xFF, 0xFF, 0x00, 0x00, 0x00, 0x00, 0x00, 0x00, 0x00, 0x5E, 
0x00, 0x00, 0x00, 0x05, 0x00, 0x00, 0x00, 0x06, 0x00, 0x00, 0x00, 0x07, 0x00, 0x00, 0x00, 0x09, 
0x00, 0x00, 0x00, 0x01, 0x00, 0x00, 0x00, 0x00, 0x00, 0x00, 0x00, 0x5F, 0x00, 0x00, 0x00, 0x01, 
0x00, 0x00, 0x00, 0x07, 0x00, 0x00, 0x00, 0x07, 0xFF, 0xFF, 0xFF, 0xFE, 0xFF, 0xFF, 0xFF, 0xFF, 
0x00, 0x00, 0x00, 0x00, 0x00, 0x00, 0x00, 0x60, 0x00, 0x00, 0x00, 0x02, 0x00, 0x00, 0x00, 0x04, 
0x00, 0x00, 0x00, 0x04, 0x00, 0x00, 0x00, 0x0A, 0x00, 0x00, 0x00, 0x01, 0x00, 0x00, 0x00, 0x00, 
0x00, 0x00, 0x00, 0x61, 0x00, 0x00, 0x00, 0x07, 0x00, 0x00, 0x00, 0x07, 0x00, 0x00, 0x00, 0x07, 
0x00, 0x00, 0x00, 0x07, 0x00, 0x00, 0x00, 0x00, 0x00, 0x00, 0x00, 0x00, 0x00, 0x00, 0x00, 0x62, 
0x00, 0x00, 0x00, 0x0A, 0x00, 0x00, 0x00, 0x07, 0x00, 0x00, 0x00, 0x07, 0x00, 0x00, 0x00, 0x0A, 
0x00, 0x00, 0x00, 0x00, 0x00, 0x00, 0x00, 0x00, 0x00, 0x00, 0x00, 0x63, 0x00, 0x00, 0x00, 0x07, 
0x00, 0x00, 0x00, 0x06, 0x00, 0x00, 0x00, 0x06, 0x00, 0x00, 0x00, 0x07, 0x00, 0x00, 0x00, 0x00, 
0x00, 0x00, 0x00, 0x00, 0x00, 0x00, 0x00, 0x64, 0x00, 0x00, 0x00, 0x0A, 0x00, 0x00, 0x00, 0x08, 
0x00, 0x00, 0x00, 0x07, 0x00, 0x00, 0x00, 0x0A, 0x00, 0x00, 0x00, 0x00, 0x00, 0x00, 0x00, 0x00, 
0x00, 0x00, 0x00, 0x65, 0x00, 0x00, 0x00, 0x07, 0x00, 0x00, 0x00, 0x07, 0x00, 0x00, 0x00, 0x07, 
0x00, 0x00, 0x00, 0x07, 0x00, 0x00, 0x00, 0x00, 0x00, 0x00, 0x00, 0x00, 0x00, 0x00, 0x00, 0x66, 
0x00, 0x00, 0x00, 0x0D, 0x00, 0x00, 0x00, 0x08, 0x00, 0x00, 0x00, 0x04, 0x00, 0x00, 0x00, 0x0A, 
0xFF, 0xFF, 0xFF, 0xFE, 0x00, 0x00, 0x00, 0x00, 0x00, 0x00, 0x00, 0x67, 0x00, 0x00, 0x00, 0x0A, 
0x00, 0x00, 0x00, 0x07, 0x00, 0x00, 0x00, 0x07, 0x00, 0x00, 0x00, 0x07, 0x00, 0x00, 0x00, 0x00, 
0x00, 0x00, 0x00, 0x00, 0x00, 0x00, 0x00, 0x68, 0x00, 0x00, 0x00, 0x0A, 0x00, 0x00, 0x00, 0x07, 
0x00, 0x00, 0x00, 0x07, 0x00, 0x00, 0x00, 0x0A, 0x00, 0x00, 0x00, 0x00, 0x00, 0x00, 0x00, 0x00, 
0x00, 0x00, 0x00, 0x69, 0x00, 0x00, 0x00, 0x09, 0x00, 0x00, 0x00, 0x04, 0x00, 0x00, 0x00, 0x03, 
0x00, 0x00, 0x00, 0x09, 0x00, 0x00, 0x00, 0x00, 0x00, 0x00, 0x00, 0x00, 0x00, 0x00, 0x00, 0x6A, 
0x00, 0x00, 0x00, 0x0C, 0x00, 0x00, 0x00, 0x06, 0x00, 0x00, 0x00, 0x03, 0x00, 0x00, 0x00, 0x09, 
0xFF, 0xFF, 0xFF, 0xFE, 0x00, 0x00, 0x00, 0x00, 0x00, 0x00, 0x00, 0x6B, 0x00, 0x00, 0x00, 0x0A, 
0x00, 0x00, 0x00, 0x07, 0x00, 0x00, 0x00, 0x06, 0x00, 0x00, 0x00, 0x0A, 0x00, 0x00, 0x00, 0x00, 
0x00, 0x00, 0x00, 0x00, 0x00, 0x00, 0x00, 0x6C, 0x00, 0x00, 0x00, 0x0A, 0x00, 0x00, 0x00, 0x04, 
0x00, 0x00, 0x00, 0x03, 0x00, 0x00, 0x00, 0x0A, 0x00, 0x00, 0x00, 0x00, 0x00, 0x00, 0x00, 0x00, 
0x00, 0x00, 0x00, 0x6D, 0x00, 0x00, 0x00, 0x07, 0x00, 0x00, 0x00, 0x0B, 0x00, 0x00, 0x00, 0x0B, 
0x00, 0x00, 0x00, 0x07, 0x00, 0x00, 0x00, 0x00, 0x00, 0x00, 0x00, 0x00, 0x00, 0x00, 0x00, 0x6E, 
0x00, 0x00, 0x00, 0x07, 0x00, 0x00, 0x00, 0x07, 0x00, 0x00, 0x00, 0x07, 0x00, 0x00, 0x00, 0x07, 
0x00, 0x00, 0x00, 0x00, 0x00, 0x00, 0x00, 0x00, 0x00, 0x00, 0x00, 0x6F, 0x00, 0x00, 0x00, 0x07, 
0x00, 0x00, 0x00, 0x07, 0x00, 0x00, 0x00, 0x07, 0x00, 0x00, 0x00, 0x07, 0x00, 0x00, 0x00, 0x00, 
0x00, 0x00, 0x00, 0x00, 0x00, 0x00, 0x00, 0x70, 0x00, 0x00, 0x00, 0x0A, 0x00, 0x00, 0x00, 0x08, 
0x00, 0x00, 0x00, 0x07, 0x00, 0x00, 0x00, 0x07, 0xFF, 0xFF, 0xFF, 0xFF, 0x00, 0x00, 0x00, 0x00, 
0x00, 0x00, 0x00, 0x71, 0x00, 0x00, 0x00, 0x0A, 0x00, 0x00, 0x00, 0x07, 0x00, 0x00, 0x00, 0x07, 
0x00, 0x00, 0x00, 0x07, 0x00, 0x00, 0x00, 0x00, 0x00, 0x00, 0x00, 0x00, 0x00, 0x00, 0x00, 0x72, 
0x00, 0x00, 0x00, 0x07, 0x00, 0x00, 0x00, 0x06, 0x00, 0x00, 0x00, 0x05, 0x00, 0x00, 0x00, 0x07, 
0x00, 0x00, 0x00, 0x00, 0x00, 0x00, 0x00, 0x00, 0x00, 0x00, 0x00, 0x73, 0x00, 0x00, 0x00, 0x07, 
0x00, 0x00, 0x00, 0x06, 0x00, 0x00, 0x00, 0x05, 0x00, 0x00, 0x00, 0x07, 0x00, 0x00, 0x00, 0x00, 
0x00, 0x00, 0x00, 0x00, 0x00, 0x00, 0x00, 0x74, 0x00, 0x00, 0x00, 0x09, 0x00, 0x00, 0x00, 0x05, 
0x00, 0x00, 0x00, 0x05, 0x00, 0x00, 0x00, 0x09, 0x00, 0x00, 0x00, 0x00, 0x00, 0x00, 0x00, 0x00, 
0x00, 0x00, 0x00, 0x75, 0x00, 0x00, 0x00, 0x07, 0x00, 0x00, 0x00, 0x07, 0x00, 0x00, 0x00, 0x07, 
0x00, 0x00, 0x00, 0x07, 0x00, 0x00, 0x00, 0x00, 0x00, 0x00, 0x00, 0x00, 0x00, 0x00, 0x00, 0x76, 
0x00, 0x00, 0x00, 0x07, 0x00, 0x00, 0x00, 0x07, 0x00, 0x00, 0x00, 0x06, 0x00, 0x00, 0x00, 0x07, 
0x00, 0x00, 0x00, 0x00, 0x00, 0x00, 0x00, 0x00, 0x00, 0x00, 0x00, 0x77, 0x00, 0x00, 0x00, 0x07, 
0x00, 0x00, 0x00, 0x0A, 0x00, 0x00, 0x00, 0x0A, 0x00, 0x00, 0x00, 0x07, 0x00, 0x00, 0x00, 0x01, 
0x00, 0x00, 0x00, 0x00, 0x00, 0x00, 0x00, 0x78, 0x00, 0x00, 0x00, 0x07, 0x00, 0x00, 0x00, 0x08, 
0x00, 0x00, 0x00, 0x06, 0x00, 0x00, 0x00, 0x07, 0xFF, 0xFF, 0xFF, 0xFF, 0x00, 0x00, 0x00, 0x00, 
0x00, 0x00, 0x00, 0x79, 0x00, 0x00, 0x00, 0x0A, 0x00, 0x00, 0x00, 0x07, 0x00, 0x00, 0x00, 0x06, 
0x00, 0x00, 0x00, 0x07, 0x00, 0x00, 0x00, 0x00, 0x00, 0x00, 0x00, 0x00, 0x00, 0x00, 0x00, 0x7A, 
0x00, 0x00, 0x00, 0x07, 0x00, 0x00, 0x00, 0x06, 0x00, 0x00, 0x00, 0x06, 0x00, 0x00, 0x00, 0x07, 
0x00, 0x00, 0x00, 0x00, 0x00, 0x00, 0x00, 0x00, 0x00, 0x00, 0x00, 0x7B, 0x00, 0x00, 0x00, 0x0D, 
0x00, 0x00, 0x00, 0x05, 0x00, 0x00, 0x00, 0x04, 0x00, 0x00, 0x00, 0x0A, 0x00, 0x00, 0x00, 0x00, 
0x00, 0x00, 0x00, 0x00, 0x00, 0x00, 0x00, 0x7C, 0x00, 0x00, 0x00, 0x0D, 0x00, 0x00, 0x00, 0x04, 
0x00, 0x00, 0x00, 0x06, 0x00, 0x00, 0x00, 0x0A, 0x00, 0x00, 0x00, 0x02, 0x00, 0x00, 0x00, 0x00, 
0x00, 0x00, 0x00, 0x7D, 0x00, 0x00, 0x00, 0x0D, 0x00, 0x00, 0x00, 0x06, 0x00, 0x00, 0x00, 0x04, 
0x00, 0x00, 0x00, 0x0A, 0x00, 0x00, 0x00, 0x00, 0x00, 0x00, 0x00, 0x00, 0x00, 0x00, 0x00, 0x7E, 
0x00, 0x00, 0x00, 0x03, 0x00, 0x00, 0x00, 0x06, 0x00, 0x00, 0x00, 0x07, 0x00, 0x00, 0x00, 0x08, 
0x00, 0x00, 0x00, 0x01, 0x00, 0x00, 0x00, 0x00, 0x00, 0x00, 0x00, 0xA0, 0x00, 0x00, 0x00, 0x01, 
0x00, 0x00, 0x00, 0x01, 0x00, 0x00, 0x00, 0x03, 0x00, 0x00, 0x00, 0x1C, 0xFF, 0xFF, 0xFF, 0xF2, 
0x00, 0x00, 0x00, 0x00, 0x00, 0x00, 0x00, 0xA6, 0x00, 0x00, 0x00, 0x0D, 0x00, 0x00, 0x00, 0x03, 
0x00, 0x00, 0x00, 0x07, 0x00, 0x00, 0x00, 0x0A, 0x00, 0x00, 0x00, 0x02, 0x00, 0x00, 0x00, 0x00, 
0x00, 0x00, 0x00, 0xA7, 0x00, 0x00, 0x00, 0x0B, 0x00, 0x00, 0x00, 0x07, 0x00, 0x00, 0x00, 0x07, 
0x00, 0x00, 0x00, 0x0A, 0x00, 0x00, 0x00, 0x00, 0x00, 0x00, 0x00, 0x00, 0x00, 0x00, 0x00, 0xA9, 
0x00, 0x00, 0x00, 0x0A, 0x00, 0x00, 0x00, 0x0A, 0x00, 0x00, 0x00, 0x0C, 0x00, 0x00, 0x00, 0x0A, 
0x00, 0x00, 0x00, 0x01, 0x00, 0x00, 0x00, 0x00, 0x00, 0x00, 0x00, 0xAB, 0x00, 0x00, 0x00, 0x06, 
0x00, 0x00, 0x00, 0x07, 0x00, 0x00, 0x00, 0x07, 0x00, 0x00, 0x00, 0x07, 0x00, 0x00, 0x00, 0x00, 
0x00, 0x00, 0x00, 0x00, 0x00, 0x00, 0x00, 0xAE, 0x00, 0x00, 0x00, 0x06, 0x00, 0x00, 0x00, 0x05, 
0x00, 0x00, 0x00, 0x07, 0x00, 0x00, 0x00, 0x0A, 0x00, 0x00, 0x00, 0x02, 0x00, 0x00, 0x00, 0x00, 
0x00, 0x00, 0x00, 0xB0, 0x00, 0x00, 0x00, 0x04, 0x00, 0x00, 0x00, 0x04, 0x00, 0x00, 0x00, 0x05, 
0x00, 0x00, 0x00, 0x09, 0x00, 0x00, 0x00, 0x01, 0x00, 0x00, 0x00, 0x00, 0x00, 0x00, 0x00, 0xB1, 
0x00, 0x00, 0x00, 0x09, 0x00, 0x00, 0x00, 0x07, 0x00, 0x00, 0x00, 0x07, 0x00, 0x00, 0x00, 0x09, 
0x00, 0x00, 0x00, 0x00, 0x00, 0x00, 0x00, 0x00, 0x00, 0x00, 0x00, 0xB4, 0x00, 0x00, 0x00, 0x02, 
0x00, 0x00, 0x00, 0x04, 0x00, 0x00, 0x00, 0x04, 0x00, 0x00, 0x00, 0x0A, 0x00, 0x00, 0x00, 0x01, 
0x00, 0x00, 0x00, 0x00, 0x00, 0x00, 0x00, 0xBB, 0x00, 0x00, 0x00, 0x06, 0x00, 0x00, 0x00, 0x08, 
0x00, 0x00, 0x00, 0x07, 0x00, 0x00, 0x00, 0x07, 0x00, 0x00, 0x00, 0x00, 0x00, 0x00, 0x00, 0x00, 
0x00, 0x00, 0x00, 0xD7, 0x00, 0x00, 0x00, 0x08, 0x00, 0x00, 0x00, 0x08, 0x00, 0x00, 0x00, 0x07, 
0x00, 0x00, 0x00, 0x08, 0xFF, 0xFF, 0xFF, 0xFF, 0x00, 0x00, 0x00, 0x00, 0x00, 0x00, 0x00, 0xF7, 
0x00, 0x00, 0x00, 0x07, 0x00, 0x00, 0x00, 0x06, 0x00, 0x00, 0x00, 0x07, 0x00, 0x00, 0x00, 0x07, 
0x00, 0x00, 0x00, 0x00, 0x00, 0x00, 0x00, 0x00, 0x00, 0x00, 0x04, 0x01, 0x00, 0x00, 0x00, 0x0C, 
0x00, 0x00, 0x00, 0x08, 0x00, 0x00, 0x00, 0x07, 0x00, 0x00, 0x00, 0x0C, 0x00, 0x00, 0x00, 0x00, 
0x00, 0x00, 0x00, 0x00, 0x00, 0x00, 0x04, 0x10, 0x00, 0x00, 0x00, 0x09, 0x00, 0x00, 0x00, 0x09, 
0x00, 0x00, 0x00, 0x08, 0x00, 0x00, 0x00, 0x09, 0xFF, 0xFF, 0xFF, 0xFF, 0x00, 0x00, 0x00, 0x00, 
0x00, 0x00, 0x04, 0x11, 0x00, 0x00, 0x00, 0x09, 0x00, 0x00, 0x00, 0x07, 0x00, 0x00, 0x00, 0x08, 
0x00, 0x00, 0x00, 0x09, 0x00, 0x00, 0x00, 0x01, 0x00, 0x00, 0x00, 0x00, 0x00, 0x00, 0x04, 0x12, 
0x00, 0x00, 0x00, 0x09, 0x00, 0x00, 0x00, 0x08, 0x00, 0x00, 0x00, 0x08, 0x00, 0x00, 0x00, 0x09, 
0x00, 0x00, 0x00, 0x00, 0x00, 0x00, 0x00, 0x00, 0x00, 0x00, 0x04, 0x13, 0x00, 0x00, 0x00, 0x09, 
0x00, 0x00, 0x00, 0x06, 0x00, 0x00, 0x00, 0x06, 0x00, 0x00, 0x00, 0x09, 0x00, 0x00, 0x00, 0x01, 
0x00, 0x00, 0x00, 0x00, 0x00, 0x00, 0x04, 0x14, 0x00, 0x00, 0x00, 0x0C, 0x00, 0x00, 0x00, 0x0A, 
0x00, 0x00, 0x00, 0x09, 0x00, 0x00, 0x00, 0x09, 0xFF, 0xFF, 0xFF, 0xFF, 0x00, 0x00, 0x00, 0x00, 
0x00, 0x00, 0x04, 0x15, 0x00, 0x00, 0x00, 0x09, 0x00, 0x00, 0x00, 0x08, 0x00, 0x00, 0x00, 0x07, 
0x00, 0x00, 0x00, 0x09, 0x00, 0x00, 0x00, 0x00, 0x00, 0x00, 0x00, 0x00, 0x00, 0x00, 0x04, 0x16, 
0x00, 0x00, 0x00, 0x09, 0x00, 0x00, 0x00, 0x0D, 0x00, 0x00, 0x00, 0x0B, 0x00, 0x00, 0x00, 0x09, 
0xFF, 0xFF, 0xFF, 0xFF, 0x00, 0x00, 0x00, 0x00, 0x00, 0x00, 0x04, 0x17, 0x00, 0x00, 0x00, 0x09, 
0x00, 0x00, 0x00, 0x06, 0x00, 0x00, 0x00, 0x07, 0x00, 0x00, 0x00, 0x09, 0x00, 0x00, 0x00, 0x00, 
0x00, 0x00, 0x00, 0x00, 0x00, 0x00, 0x04, 0x18, 0x00, 0x00, 0x00, 0x09, 0x00, 0x00, 0x00, 0x09, 
0x00, 0x00, 0x00, 0x09, 0x00, 0x00, 0x00, 0x09, 0x00, 0x00, 0x00, 0x01, 0x00, 0x00, 0x00, 0x00, 
0x00, 0x00, 0x04, 0x19, 0x00, 0x00, 0x00, 0x0D, 0x00, 0x00, 0x00, 0x09, 0x00, 0x00, 0x00, 0x09, 
0x00, 0x00, 0x00, 0x0C, 0x00, 0x00, 0x00, 0x00, 0x00, 0x00, 0x00, 0x00, 0x00, 0x00, 0x04, 0x1A, 
0x00, 0x00, 0x00, 0x09, 0x00, 0x00, 0x00, 0x08, 0x00, 0x00, 0x00, 0x08, 0x00, 0x00, 0x00, 0x09, 
0x00, 0x00, 0x00, 0x01, 0x00, 0x00, 0x00, 0x00, 0x00, 0x00, 0x04, 0x1B, 0x00, 0x00, 0x00, 0x09, 
0x00, 0x00, 0x00, 0x0A, 0x00, 0x00, 0x00, 0x09, 0x00, 0x00, 0x00, 0x09, 0xFF, 0xFF, 0xFF, 0xFF, 
0x00, 0x00, 0x00, 0x00, 0x00, 0x00, 0x04, 0x1C, 0x00, 0x00, 0x00, 0x09, 0x00, 0x00, 0x00, 0x0C, 
0x00, 0x00, 0x00, 0x0C, 0x00, 0x00, 0x00, 0x09, 0x00, 0x00, 0x00, 0x00, 0x00, 0x00, 0x00, 0x00, 
0x00, 0x00, 0x04, 0x1D, 0x00, 0x00, 0x00, 0x09, 0x00, 0x00, 0x00, 0x09, 0x00, 0x00, 0x00, 0x09, 
0x00, 0x00, 0x00, 0x09, 0x00, 0x00, 0x00, 0x00, 0x00, 0x00, 0x00, 0x00, 0x00, 0x00, 0x04, 0x1E, 
0x00, 0x00, 0x00, 0x09, 0x00, 0x00, 0x00, 0x09, 0x00, 0x00, 0x00, 0x09, 0x00, 0x00, 0x00, 0x09, 
0x00, 0x00, 0x00, 0x00, 0x00, 0x00, 0x00, 0x00, 0x00, 0x00, 0x04, 0x1F, 0x00, 0x00, 0x00, 0x09, 
0x00, 0x00, 0x00, 0x09, 0x00, 0x00, 0x00, 0x09, 0x00, 0x00, 0x00, 0x09, 0x00, 0x00, 0x00, 0x01, 
0x00, 0x00, 0x00, 0x00, 0x00, 0x00, 0x04, 0x20, 0x00, 0x00, 0x00, 0x09, 0x00, 0x00, 0x00, 0x08, 
0x00, 0x00, 0x00, 0x07, 0x00, 0x00, 0x00, 0x09, 0x00, 0x00, 0x00, 0x00, 0x00, 0x00, 0x00, 0x00, 
0x00, 0x00, 0x04, 0x21, 0x00, 0x00, 0x00, 0x09, 0x00, 0x00, 0x00, 0x08, 0x00, 0x00, 0x00, 0x07, 
0x00, 0x00, 0x00, 0x09, 0x00, 0x00, 0x00, 0x00, 0x00, 0x00, 0x00, 0x00, 0x00, 0x00, 0x04, 0x22, 
0x00, 0x00, 0x00, 0x09, 0x00, 0x00, 0x00, 0x07, 0x00, 0x00, 0x00, 0x07, 0x00, 0x00, 0x00, 0x09, 
0x00, 0x00, 0x00, 0x01, 0x00, 0x00, 0x00, 0x00, 0x00, 0x00, 0x04, 0x23, 0x00, 0x00, 0x00, 0x09, 
0x00, 0x00, 0x00, 0x09, 0x00, 0x00, 0x00, 0x07, 0x00, 0x00, 0x00, 0x09, 0x00, 0x00, 0x00, 0x01, 
0x00, 0x00, 0x00, 0x00, 0x00, 0x00, 0x04, 0x24, 0x00, 0x00, 0x00, 0x09, 0x00, 0x00, 0x00, 0x0A, 
0x00, 0x00, 0x00, 0x0A, 0x00, 0x00, 0x00, 0x09, 0x00, 0x00, 0x00, 0x01, 0x00, 0x00, 0x00, 0x00, 
0x00, 0x00, 0x04, 0x25, 0x00, 0x00, 0x00, 0x09, 0x00, 0x00, 0x00, 0x09, 0x00, 0x00, 0x00, 0x07, 
0x00, 0x00, 0x00, 0x09, 0xFF, 0xFF, 0xFF, 0xFF, 0x00, 0x00, 0x00, 0x00, 0x00, 0x00, 0x04, 0x26, 
0x00, 0x00, 0x00, 0x0C, 0x00, 0x00, 0x00, 0x09, 0x00, 0x00, 0x00, 0x09, 0x00, 0x00, 0x00, 0x09, 
0x00, 0x00, 0x00, 0x00, 0x00, 0x00, 0x00, 0x00, 0x00, 0x00, 0x04, 0x27, 0x00, 0x00, 0x00, 0x09, 
0x00, 0x00, 0x00, 0x08, 0x00, 0x00, 0x00, 0x08, 0x00, 0x00, 0x00, 0x09, 0x00, 0x00, 0x00, 0x00, 
0x00, 0x00, 0x00, 0x00, 0x00, 0x00, 0x04, 0x28, 0x00, 0x00, 0x00, 0x09, 0x00, 0x00, 0x00, 0x0E, 
0x00, 0x00, 0x00, 0x0C, 0x00, 0x00, 0x00, 0x09, 0x00, 0x00, 0x00, 0x00, 0x00, 0x00, 0x00, 0x00, 
0x00, 0x00, 0x04, 0x29, 0x00, 0x00, 0x00, 0x0C, 0x00, 0x00, 0x00, 0x0E, 0x00, 0x00, 0x00, 0x0C, 
0x00, 0x00, 0x00, 0x09, 0x00, 0x00, 0x00, 0x00, 0x00, 0x00, 0x00, 0x00, 0x00, 0x00, 0x04, 0x2A, 
0x00, 0x00, 0x00, 0x09, 0x00, 0x00, 0x00, 0x07, 0x00, 0x00, 0x00, 0x09, 0x00, 0x00, 0x00, 0x09, 
0x00, 0x00, 0x00, 0x01, 0x00, 0x00, 0x00, 0x00, 0x00, 0x00, 0x04, 0x2B, 0x00, 0x00, 0x00, 0x09, 
0x00, 0x00, 0x00, 0x0B, 0x00, 0x00, 0x00, 0x0B, 0x00, 0x00, 0x00, 0x09, 0x00, 0x00, 0x00, 0x01, 
0x00, 0x00, 0x00, 0x00, 0x00, 0x00, 0x04, 0x2C, 0x00, 0x00, 0x00, 0x09, 0x00, 0x00, 0x00, 0x06, 
0x00, 0x00, 0x00, 0x07, 0x00, 0x00, 0x00, 0x09, 0x00, 0x00, 0x00, 0x01, 0x00, 0x00, 0x00, 0x00, 
0x00, 0x00, 0x04, 0x2D, 0x00, 0x00, 0x00, 0x09, 0x00, 0x00, 0x00, 0x07, 0x00, 0x00, 0x00, 0x08, 
0x00, 0x00, 0x00, 0x09, 0x00, 0x00, 0x00, 0x00, 0x00, 0x00, 0x00, 0x00, 0x00, 0x00, 0x04, 0x2E, 
0x00, 0x00, 0x00, 0x09, 0x00, 0x00, 0x00, 0x0B, 0x00, 0x00, 0x00, 0x0C, 0x00, 0x00, 0x00, 0x09, 
0x00, 0x00, 0x00, 0x01, 0x00, 0x00, 0x00, 0x00, 0x00, 0x00, 0x04, 0x2F, 0x00, 0x00, 0x00, 0x09, 
0x00, 0x00, 0x00, 0x0A, 0x00, 0x00, 0x00, 0x08, 0x00, 0x00, 0x00, 0x09, 0xFF, 0xFF, 0xFF, 0xFF, 
0x00, 0x00, 0x00, 0x00, 0x00, 0x00, 0x04, 0x30, 0x00, 0x00, 0x00, 0x07, 0x00, 0x00, 0x00, 0x07, 
0x00, 0x00, 0x00, 0x07, 0x00, 0x00, 0x00, 0x07, 0x00, 0x00, 0x00, 0x00, 0x00, 0x00, 0x00, 0x00, 
0x00, 0x00, 0x04, 0x31, 0x00, 0x00, 0x00, 0x0A, 0x00, 0x00, 0x00, 0x07, 0x00, 0x00, 0x00, 0x07, 
0x00, 0x00, 0x00, 0x0A, 0x00, 0x00, 0x00, 0x01, 0x00, 0x00, 0x00, 0x00, 0x00, 0x00, 0x04, 0x32, 
0x00, 0x00, 0x00, 0x07, 0x00, 0x00, 0x00, 0x06, 0x00, 0x00, 0x00, 0x07, 0x00, 0x00, 0x00, 0x07, 
0x00, 0x00, 0x00, 0x01, 0x00, 0x00, 0x00, 0x00, 0x00, 0x00, 0x04, 0x33, 0x00, 0x00, 0x00, 0x07, 
0x00, 0x00, 0x00, 0x05, 0x00, 0x00, 0x00, 0x06, 0x00, 0x00, 0x00, 0x07, 0x00, 0x00, 0x00, 0x00, 
0x00, 0x00, 0x00, 0x00, 0x00, 0x00, 0x04, 0x34, 0x00, 0x00, 0x00, 0x0A, 0x00, 0x00, 0x00, 0x06, 
0x00, 0x00, 0x00, 0x07, 0x00, 0x00, 0x00, 0x0A, 0x00, 0x00, 0x00, 0x01, 0x00, 0x00, 0x00, 0x00, 
0x00, 0x00, 0x04, 0x35, 0x00, 0x00, 0x00, 0x07, 0x00, 0x00, 0x00, 0x07, 0x00, 0x00, 0x00, 0x07, 
0x00, 0x00, 0x00, 0x07, 0x00, 0x00, 0x00, 0x00, 0x00, 0x00, 0x00, 0x00, 0x00, 0x00, 0x04, 0x36, 
0x00, 0x00, 0x00, 0x07, 0x00, 0x00, 0x00, 0x0B, 0x00, 0x00, 0x00, 0x0B, 0x00, 0x00, 0x00, 0x07, 
0x00, 0x00, 0x00, 0x00, 0x00, 0x00, 0x00, 0x00, 0x00, 0x00, 0x04, 0x37, 0x00, 0x00, 0x00, 0x07, 
0x00, 0x00, 0x00, 0x05, 0x00, 0x00, 0x00, 0x06, 0x00, 0x00, 0x00, 0x07, 0x00, 0x00, 0x00, 0x00, 
0x00, 0x00, 0x00, 0x00, 0x00, 0x00, 0x04, 0x38, 0x00, 0x00, 0x00, 0x07, 0x00, 0x00, 0x00, 0x07, 
0x00, 0x00, 0x00, 0x07, 0x00, 0x00, 0x00, 0x07, 0x00, 0x00, 0x00, 0x00, 0x00, 0x00, 0x00, 0x00, 
0x00, 0x00, 0x04, 0x39, 0x00, 0x00, 0x00, 0x0B, 0x00, 0x00, 0x00, 0x07, 0x00, 0x00, 0x00, 0x07, 
0x00, 0x00, 0x00, 0x0A, 0x00, 0x00, 0x00, 0x00, 0x00, 0x00, 0x00, 0x00, 0x00, 0x00, 0x04, 0x3A, 
0x00, 0x00, 0x00, 0x07, 0x00, 0x00, 0x00, 0x07, 0x00, 0x00, 0x00, 0x07, 0x00, 0x00, 0x00, 0x07, 
0x00, 0x00, 0x00, 0x00, 0x00, 0x00, 0x00, 0x00, 0x00, 0x00, 0x04, 0x3B, 0x00, 0x00, 0x00, 0x07, 
0x00, 0x00, 0x00, 0x09, 0x00, 0x00, 0x00, 0x07, 0x00, 0x00, 0x00, 0x07, 0xFF, 0xFF, 0xFF, 0xFF, 
0x00, 0x00, 0x00, 0x00, 0x00, 0x00, 0x04, 0x3C, 0x00, 0x00, 0x00, 0x07, 0x00, 0x00, 0x00, 0x0A, 
0x00, 0x00, 0x00, 0x09, 0x00, 0x00, 0x00, 0x07, 0x00, 0x00, 0x00, 0x00, 0x00, 0x00, 0x00, 0x00, 
0x00, 0x00, 0x04, 0x3D, 0x00, 0x00, 0x00, 0x07, 0x00, 0x00, 0x00, 0x08, 0x00, 0x00, 0x00, 0x07, 
0x00, 0x00, 0x00, 0x07, 0x00, 0x00, 0x00, 0x00, 0x00, 0x00, 0x00, 0x00, 0x00, 0x00, 0x04, 0x3E, 
0x00, 0x00, 0x00, 0x07, 0x00, 0x00, 0x00, 0x07, 0x00, 0x00, 0x00, 0x07, 0x00, 0x00, 0x00, 0x07, 
0x00, 0x00, 0x00, 0x00, 0x00, 0x00, 0x00, 0x00, 0x00, 0x00, 0x04, 0x3F, 0x00, 0x00, 0x00, 0x07, 
0x00, 0x00, 0x00, 0x08, 0x00, 0x00, 0x00, 0x07, 0x00, 0x00, 0x00, 0x07, 0x00, 0x00, 0x00, 0x00, 
0x00, 0x00, 0x00, 0x00, 0x00, 0x00, 0x04, 0x40, 0x00, 0x00, 0x00, 0x0A, 0x00, 0x00, 0x00, 0x08, 
0x00, 0x00, 0x00, 0x07, 0x00, 0x00, 0x00, 0x07, 0xFF, 0xFF, 0xFF, 0xFF, 0x00, 0x00, 0x00, 0x00, 
0x00, 0x00, 0x04, 0x41, 0x00, 0x00, 0x00, 0x07, 0x00, 0x00, 0x00, 0x06, 0x00, 0x00, 0x00, 0x06, 
0x00, 0x00, 0x00, 0x07, 0x00, 0x00, 0x00, 0x00, 0x00, 0x00, 0x00, 0x00, 0x00, 0x00, 0x04, 0x42, 
0x00, 0x00, 0x00, 0x07, 0x00, 0x00, 0x00, 0x0B, 0x00, 0x00, 0x00, 0x0B, 0x00, 0x00, 0x00, 0x07, 
0x00, 0x00, 0x00, 0x00, 0x00, 0x00, 0x00, 0x00, 0x00, 0x00, 0x04, 0x43, 0x00, 0x00, 0x00, 0x0A, 
0x00, 0x00, 0x00, 0x07, 0x00, 0x00, 0x00, 0x06, 0x00, 0x00, 0x00, 0x07, 0x00, 0x00, 0x00, 0x00, 
0x00, 0x00, 0x00, 0x00, 0x00, 0x00, 0x04, 0x44, 0x00, 0x00, 0x00, 0x0D, 0x00, 0x00, 0x00, 0x09, 
0x00, 0x00, 0x00, 0x0A, 0x00, 0x00, 0x00, 0x0A, 0x00, 0x00, 0x00, 0x01, 0x00, 0x00, 0x00, 0x00, 
0x00, 0x00, 0x04, 0x45, 0x00, 0x00, 0x00, 0x07, 0x00, 0x00, 0x00, 0x08, 0x00, 0x00, 0x00, 0x06, 
0x00, 0x00, 0x00, 0x07, 0xFF, 0xFF, 0xFF, 0xFF, 0x00, 0x00, 0x00, 0x00, 0x00, 0x00, 0x04, 0x46, 
0x00, 0x00, 0x00, 0x0A, 0x00, 0x00, 0x00, 0x08, 0x00, 0x00, 0x00, 0x07, 0x00, 0x00, 0x00, 0x07, 
0x00, 0x00, 0x00, 0x00, 0x00, 0x00, 0x00, 0x00, 0x00, 0x00, 0x04, 0x47, 0x00, 0x00, 0x00, 0x07, 
0x00, 0x00, 0x00, 0x07, 0x00, 0x00, 0x00, 0x07, 0x00, 0x00, 0x00, 0x07, 0x00, 0x00, 0x00, 0x00, 
0x00, 0x00, 0x00, 0x00, 0x00, 0x00, 0x04, 0x48, 0x00, 0x00, 0x00, 0x07, 0x00, 0x00, 0x00, 0x0B, 
0x00, 0x00, 0x00, 0x0B, 0x00, 0x00, 0x00, 0x07, 0x00, 0x00, 0x00, 0x00, 0x00, 0x00, 0x00, 0x00, 
0x00, 0x00, 0x04, 0x49, 0x00, 0x00, 0x00, 0x0A, 0x00, 0x00, 0x00, 0x0B, 0x00, 0x00, 0x00, 0x0B, 
0x00, 0x00, 0x00, 0x07, 0x00, 0x00, 0x00, 0x00, 0x00, 0x00, 0x00, 0x00, 0x00, 0x00, 0x04, 0x4A, 
0x00, 0x00, 0x00, 0x07, 0x00, 0x00, 0x00, 0x06, 0x00, 0x00, 0x00, 0x08, 0x00, 0x00, 0x00, 0x07, 
0x00, 0x00, 0x00, 0x01, 0x00, 0x00, 0x00, 0x00, 0x00, 0x00, 0x04, 0x4B, 0x00, 0x00, 0x00, 0x07, 
0x00, 0x00, 0x00, 0x0A, 0x00, 0x00, 0x00, 0x09, 0x00, 0x00, 0x00, 0x07, 0x00, 0x00, 0x00, 0x00, 
0x00, 0x00, 0x00, 0x00, 0x00, 0x00, 0x04, 0x4C, 0x00, 0x00, 0x00, 0x07, 0x00, 0x00, 0x00, 0x06, 
0x00, 0x00, 0x00, 0x07, 0x00, 0x00, 0x00, 0x07, 0x00, 0x00, 0x00, 0x00, 0x00, 0x00, 0x00, 0x00, 
0x00, 0x00, 0x04, 0x4D, 0x00, 0x00, 0x00, 0x07, 0x00, 0x00, 0x00, 0x06, 0x00, 0x00, 0x00, 0x06, 
0x00, 0x00, 0x00, 0x07, 0x00, 0x00, 0x00, 0x00, 0x00, 0x00, 0x00, 0x00, 0x00, 0x00, 0x04, 0x4E, 
0x00, 0x00, 0x00, 0x07, 0x00, 0x00, 0x00, 0x09, 0x00, 0x00, 0x00, 0x0A, 0x00, 0x00, 0x00, 0x07, 
0x00, 0x00, 0x00, 0x00, 0x00, 0x00, 0x00, 0x00, 0x00, 0x00, 0x04, 0x4F, 0x00, 0x00, 0x00, 0x07, 
0x00, 0x00, 0x00, 0x08, 0x00, 0x00, 0x00, 0x07, 0x00, 0x00, 0x00, 0x07, 0xFF, 0xFF, 0xFF, 0xFF, 
0x00, 0x00, 0x00, 0x00, 0x00, 0x00, 0x04, 0x51, 0x00, 0x00, 0x00, 0x0A, 0x00, 0x00, 0x00, 0x07, 
0x00, 0x00, 0x00, 0x07, 0x00, 0x00, 0x00, 0x09, 0x00, 0x00, 0x00, 0x00, 0x00, 0x00, 0x00, 0x00, 
0x00, 0x00, 0x20, 0x0C, 0x00, 0x00, 0x00, 0x01, 0x00, 0x00, 0x00, 0x01, 0x00, 0x00, 0x00, 0x00, 
0x00, 0x00, 0x00, 0x1C, 0xFF, 0xFF, 0xFF, 0xF2, 0x00, 0x00, 0x00, 0x00, 0x00, 0x00, 0x20, 0x0D, 
0x00, 0x00, 0x00, 0x01, 0x00, 0x00, 0x00, 0x01, 0x00, 0x00, 0x00, 0x00, 0x00, 0x00, 0x00, 0x1C, 
0xFF, 0xFF, 0xFF, 0xF2, 0x00, 0x00, 0x00, 0x00, 0x00, 0x00, 0x20, 0x0E, 0x00, 0x00, 0x00, 0x01, 
0x00, 0x00, 0x00, 0x01, 0x00, 0x00, 0x00, 0x00, 0x00, 0x00, 0x00, 0x1C, 0xFF, 0xFF, 0xFF, 0xF2, 
0x00, 0x00, 0x00, 0x00, 0x00, 0x00, 0x20, 0x0F, 0x00, 0x00, 0x00, 0x01, 0x00, 0x00, 0x00, 0x01, 
0x00, 0x00, 0x00, 0x00, 0x00, 0x00, 0x00, 0x1C, 0xFF, 0xFF, 0xFF, 0xF2, 0x00, 0x00, 0x00, 0x00, 
0x00, 0x00, 0x20, 0x28, 0x00, 0x00, 0x00, 0x01, 0x00, 0x00, 0x00, 0x01, 0x00, 0x00, 0x00, 0x00, 
0x00, 0x00, 0x00, 0x1C, 0xFF, 0xFF, 0xFF, 0xF2, 0x00, 0x00, 0x00, 0x00, 0x00, 0x00, 0x20, 0x29, 
0x00, 0x00, 0x00, 0x01, 0x00, 0x00, 0x00, 0x01, 0x00, 0x00, 0x00, 0x00, 0x00, 0x00, 0x00, 0x1C, 
0xFF, 0xFF, 0xFF, 0xF2, 0x00, 0x00, 0x00, 0x00, 0x00, 0x00, 0x20, 0x2A, 0x00, 0x00, 0x00, 0x01, 
0x00, 0x00, 0x00, 0x01, 0x00, 0x00, 0x00, 0x00, 0x00, 0x00, 0x00, 0x1C, 0xFF, 0xFF, 0xFF, 0xF2, 
0x00, 0x00, 0x00, 0x00, 0x00, 0x00, 0x20, 0x2B, 0x00, 0x00, 0x00, 0x01, 0x00, 0x00, 0x00, 0x01, 
0x00, 0x00, 0x00, 0x00, 0x00, 0x00, 0x00, 0x1C, 0xFF, 0xFF, 0xFF, 0xF2, 0x00, 0x00, 0x00, 0x00, 
0x00, 0x00, 0x20, 0x2C, 0x00, 0x00, 0x00, 0x01, 0x00, 0x00, 0x00, 0x01, 0x00, 0x00, 0x00, 0x00, 
0x00, 0x00, 0x00, 0x1C, 0xFF, 0xFF, 0xFF, 0xF2, 0x00, 0x00, 0x00, 0x00, 0x00, 0x00, 0x20, 0x2D, 
0x00, 0x00, 0x00, 0x01, 0x00, 0x00, 0x00, 0x01, 0x00, 0x00, 0x00, 0x00, 0x00, 0x00, 0x00, 0x1C, 
0xFF, 0xFF, 0xFF, 0xF2, 0x00, 0x00, 0x00, 0x00, 0x00, 0x00, 0x20, 0x2E, 0x00, 0x00, 0x00, 0x01, 
0x00, 0x00, 0x00, 0x01, 0x00, 0x00, 0x00, 0x00, 0x00, 0x00, 0x00, 0x1C, 0xFF, 0xFF, 0xFF, 0xF2, 
0x00, 0x00, 0x00, 0x00, 0x00, 0x00, 0x20, 0x6A, 0x00, 0x00, 0x00, 0x01, 0x00, 0x00, 0x00, 0x01, 
0x00, 0x00, 0x00, 0x00, 0x00, 0x00, 0x00, 0x1C, 0xFF, 0xFF, 0xFF, 0xF2, 0x00, 0x00, 0x00, 0x00, 
0x00, 0x00, 0x20, 0x6B, 0x00, 0x00, 0x00, 0x01, 0x00, 0x00, 0x00, 0x01, 0x00, 0x00, 0x00, 0x00, 
0x00, 0x00, 0x00, 0x1C, 0xFF, 0xFF, 0xFF, 0xF2, 0x00, 0x00, 0x00, 0x00, 0x00, 0x00, 0x20, 0x6C, 
0x00, 0x00, 0x00, 0x01, 0x00, 0x00, 0x00, 0x01, 0x00, 0x00, 0x00, 0x00, 0x00, 0x00, 0x00, 0x1C, 
0xFF, 0xFF, 0xFF, 0xF2, 0x00, 0x00, 0x00, 0x00, 0x00, 0x00, 0x20, 0x6D, 0x00, 0x00, 0x00, 0x01, 
0x00, 0x00, 0x00, 0x01, 0x00, 0x00, 0x00, 0x00, 0x00, 0x00, 0x00, 0x1C, 0xFF, 0xFF, 0xFF, 0xF2, 
0x00, 0x00, 0x00, 0x00, 0x00, 0x00, 0x20, 0x6E, 0x00, 0x00, 0x00, 0x01, 0x00, 0x00, 0x00, 0x01, 
0x00, 0x00, 0x00, 0x00, 0x00, 0x00, 0x00, 0x1C, 0xFF, 0xFF, 0xFF, 0xF2, 0x00, 0x00, 0x00, 0x00, 
0x00, 0x00, 0x20, 0x6F, 0x00, 0x00, 0x00, 0x01, 0x00, 0x00, 0x00, 0x01, 0x00, 0x00, 0x00, 0x00, 
0x00, 0x00, 0x00, 0x1C, 0xFF, 0xFF, 0xFF, 0xF2, 0x00, 0x00, 0x00, 0x00, 0x00, 0x00, 0x22, 0x12, 
0x00, 0x00, 0x00, 0x01, 0x00, 0x00, 0x00, 0x07, 0x00, 0x00, 0x00, 0x07, 0x00, 0x00, 0x00, 0x04, 
0x00, 0x00, 0x00, 0x00, 0x00, 0x00, 0x00, 0x00, 0x00, 0x00, 0x22, 0x1E, 0x00, 0x00, 0x00, 0x04, 
0x00, 0x00, 0x00, 0x0B, 0x00, 0x00, 0x00, 0x0C, 0x00, 0x00, 0x00, 0x06, 0x00, 0x00, 0x00, 0x01, 
0x00, 0x00, 0x00, 0x00, 0x00, 0x00, 0x22, 0x48, 0x00, 0x00, 0x00, 0x05, 0x00, 0x00, 0x00, 0x08, 
0x00, 0x00, 0x00, 0x07, 0x00, 0x00, 0x00, 0x06, 0x00, 0x00, 0x00, 0x00, 0x00, 0x00, 0x00, 0x00, 
0x00, 0x00, 0x22, 0x60, 0x00, 0x00, 0x00, 0x08, 0x00, 0x00, 0x00, 0x08, 0x00, 0x00, 0x00, 0x07, 
0x00, 0x00, 0x00, 0x08, 0x00, 0x00, 0x00, 0x00, 0x00, 0x00, 0x00, 0x00, 0x00, 0x00, 0x00, 0x00, 
0x00, 0x00, 0x00, 0x00, 0x09, 0xF2, 0x46, 0x00, 0x2F, 0xFF, 0x18, 0x00, 0x57, 0xE3, 0x00, 0x00, 
0x7E, 0xAE, 0x00, 0x00, 0xA6, 0x78, 0x00, 0x00, 0xCE, 0x43, 0x00, 0x00, 0xEB, 0x10, 0x00, 0x00, 
0x00, 0x00, 0x00, 0x94, 0x8A, 0x00, 0x00, 0xE8, 0x7F, 0x00, 0x00, 0x14, 0xDF, 0x14, 0xDB, 0x04, 
0x5C, 0xA4, 0x5C, 0xA4, 0x00, 0xA5, 0x5A, 0xA5, 0x5A, 0x00, 0xE2, 0x15, 0xDE, 0x1A, 0x00, 0x00, 
0x00, 0x00, 0x25, 0xD0, 0x00, 0x24, 0xD0, 0x00, 0x00, 0x00, 0x00, 0x91, 0x6E, 0x00, 0x8E, 0x71, 
0x00, 0x00, 0x07, 0xF7, 0xFF, 0xFF, 0xFF, 0xFF, 0xFE, 0x1F, 0x00, 0x00, 0x48, 0xB8, 0x00, 0x44, 
0xBB, 0x00, 0x00, 0x00, 0x00, 0xAD, 0x52, 0x00, 0xA9, 0x53, 0x00, 0x00, 0x18, 0xFD, 0xFF, 0xFF, 
0xFF, 0xFF, 0xFA, 0x0B, 0x00, 0x00, 0x56, 0xA9, 0x00, 0x53, 0xA9, 0x00, 0x00, 0x00, 0x00, 0xA1, 
0x5E, 0x00, 0x9F, 0x5E, 0x00, 0x00, 0x00, 0x00, 0xE3, 0x15, 0x00, 0xE1, 0x15, 0x00, 0x00, 0x00, 
0x00, 0x00, 0x00, 0x00, 0x06, 0x51, 0x00, 0x00, 0x00, 0x00, 0x00, 0x49, 0xA1, 0x00, 0x00, 0x00, 
0x2B, 0x9F, 0xE2, 0xD9, 0x61, 0x00, 0x24, 0xF3, 0x6B, 0x26, 0x42, 0x72, 0x00, 0x77, 0xBF, 0x00, 
0x00, 0x00, 0x00, 0x00, 0x5B, 0xF3, 0x53, 0x01, 0x00, 0x00, 0x00, 0x01, 0x75, 0xE9, 0xDC, 0x50, 
0x00, 0x00, 0x00, 0x00, 0x06, 0x7A, 0xFB, 0x1D, 0x00, 0x00, 0x00, 0x00, 0x09, 0xFE, 0x31, 0x5D, 
0x2C, 0x04, 0x1D, 0xA0, 0xD1, 0x04, 0x74, 0xE4, 0xFE, 0xDF, 0x99, 0x18, 0x00, 0x00, 0x4E, 0x9C, 
0x00, 0x00, 0x00, 0x00, 0x00, 0x5C, 0x39, 0x00, 0x00, 0x00, 0x00, 0x00, 0x00, 0x00, 0x00, 0x00, 
0x00, 0x00, 0x00, 0x01, 0x10, 0x00, 0x0E, 0xA9, 0xCF, 0x97, 0x00, 0x00, 0x01, 0xA6, 0x6B, 0x00, 
0x8D, 0x79, 0x01, 0xF1, 0x08, 0x00, 0x8E, 0x88, 0x00, 0x00, 0xD5, 0x20, 0x0B, 0xEC, 0x00, 0x75, 
0xA1, 0x00, 0x00, 0x00, 0xD4, 0x47, 0x83, 0x94, 0x5B, 0xB6, 0x04, 0x00, 0x00, 0x00, 0x40, 0xA2, 
0x79, 0x4D, 0xC4, 0x29, 0x75, 0x5E, 0x01, 0x00, 0x00, 0x00, 0x32, 0xCD, 0x29, 0xD9, 0x58, 0xCA, 
0x4B, 0x00, 0x00, 0x22, 0xD0, 0x21, 0x6C, 0x8E, 0x00, 0x9D, 0x56, 0x00, 0x15, 0xCD, 0x31, 0x00, 
0x8A, 0x70, 0x04, 0xDB, 0x1E, 0x0A, 0xC4, 0x43, 0x00, 0x00, 0x45, 0xDD, 0xC9, 0x74, 0x00, 0x0C, 
0x26, 0x00, 0x00, 0x00, 0x00, 0x0A, 0x08, 0x00, 0x00, 0x00, 0x00, 0x49, 0xE1, 0xFB, 0xD8, 0x5E, 
0x00, 0x00, 0x00, 0xDE, 0x47, 0x09, 0x45, 0xF1, 0x00, 0x00, 0x00, 0xF4, 0x0C, 0x01, 0x77, 0xA4, 
0x00, 0x00, 0x00, 0xA8, 0xA0, 0xC8, 0x8B, 0x06, 0x00, 0x00, 0x40, 0xD2, 0xFB, 0x3F, 0x00, 0x0B, 
0xBC, 0x58, 0xC8, 0x2D, 0x6B, 0xC6, 0x06, 0x68, 0xAC, 0xE3, 0x1C, 0x00, 0x00, 0x9A, 0xB7, 0xEB, 
0x2D, 0xEA, 0x49, 0x05, 0x1C, 0x61, 0xF9, 0xC1, 0x04, 0x56, 0xE5, 0xFA, 0xDE, 0x99, 0x31, 0xAD, 
0xD0, 0x16, 0xDE, 0x5C, 0xA4, 0xA5, 0x5A, 0xDD, 0x14, 0x00, 0x00, 0x34, 0xD2, 0x00, 0x02, 0xD0, 
0x4E, 0x00, 0x5E, 0xBD, 0x00, 0x00, 0xCC, 0x4C, 0x00, 0x33, 0xE4, 0x03, 0x00, 0x81, 0x95, 0x00, 
0x00, 0xBD, 0x57, 0x00, 0x00, 0xE5, 0x25, 0x00, 0x00, 0xF7, 0x0F, 0x00, 0x00, 0xF8, 0x05, 0x00, 
0x00, 0xD8, 0x23, 0x00, 0x00, 0x8C, 0x69, 0x00, 0x00, 0x27, 0xD5, 0x00, 0x00, 0x00, 0x00, 0x00, 
0xD8, 0x24, 0x00, 0x00, 0x00, 0x6F, 0x89, 0x00, 0x00, 0x00, 0x25, 0xD5, 0x00, 0x00, 0x00, 0x05, 
0xF6, 0x00, 0x00, 0x00, 0x12, 0xF6, 0x00, 0x00, 0x00, 0x28, 0xE2, 0x00, 0x00, 0x00, 0x5A, 0xB9, 
0x00, 0x00, 0x00, 0x95, 0x7D, 0x00, 0x00, 0x03, 0xE4, 0x30, 0x00, 0x00, 0x4F, 0xC8, 0x00, 0x00, 
0x00, 0xBF, 0x5A, 0x00, 0x00, 0x50, 0xCF, 0x02, 0x00, 0x01, 0xD2, 0x35, 0x00, 0x00, 0x00, 0x01, 
0x8A, 0x56, 0x00, 0x5B, 0xB3, 0xAC, 0x71, 0xB5, 0x05, 0x9B, 0xFF, 0xA7, 0x08, 0xB0, 0x7C, 0xB3, 
0xAB, 0x5F, 0x00, 0x49, 0x8F, 0x00, 0x00, 0x00, 0x00, 0x15, 0xDE, 0x00, 0x00, 0x00, 0x00, 0x64, 
0x9C, 0x00, 0x00, 0x00, 0x00, 0xB4, 0x4C, 0x00, 0x00, 0xF0, 0xFF, 0xFF, 0xFF, 0xFF, 0xE7, 0x00, 
0x0E, 0xF5, 0x00, 0x00, 0x00, 0x00, 0x08, 0xFA, 0x00, 0x00, 0x00, 0x00, 0x03, 0xF0, 0x00, 0x00, 
0x00, 0x00, 0x02, 0xE0, 0x00, 0x22, 0xB3, 0x00, 0x77, 0x28, 0x02, 0x48, 0x00, 0xD5, 0xCD, 0x00, 
0x00, 0x00, 0x00, 0x00, 0x00, 0x23, 0xD2, 0x03, 0x00, 0x00, 0x00, 0x00, 0x00, 0x00, 0xA5, 0x65, 
0x00, 0x00, 0x00, 0x00, 0x00, 0x00, 0x2E, 0xD7, 0x04, 0x00, 0x00, 0x00, 0x00, 0x00, 0x00, 0xB3, 
0x56, 0x00, 0x00, 0x00, 0x00, 0x00, 0x00, 0x3B, 0xCE, 0x01, 0x00, 0x00, 0x00, 0x00, 0x00, 0x00, 
0xC1, 0x48, 0x00, 0x00, 0x00, 0x00, 0x00, 0x00, 0x49, 0xC1, 0x00, 0x00, 0x00, 0x00, 0x00, 0x00, 
0x01, 0xCE, 0x3A, 0x00, 0x00, 0x00, 0x00, 0x00, 0x00, 0x57, 0xB2, 0x00, 0x00, 0x00, 0x00, 0x00, 
0x00, 0x04, 0xD8, 0x2D, 0x00, 0x00, 0x00, 0x00, 0x00, 0x00, 0x66, 0xA4, 0x00, 0x00, 0x00, 0x00, 
0x00, 0x00, 0x02, 0xDA, 0x22, 0x00, 0x00, 0x00, 0x00, 0x00, 0x00, 0x00, 0x00, 0x3C, 0xC9, 0xF8, 
0xD9, 0x44, 0x00, 0x00, 0x23, 0xEE, 0x58, 0x0B, 0x7C, 0xDE, 0x00, 0x00, 0xA0, 0x93, 0x00, 0x00, 
0x26, 0xFF, 0x08, 0x08, 0xF4, 0x34, 0x00, 0x00, 0x31, 0xFB, 0x02, 0x3B, 0xF4, 0x02, 0x00, 0x00, 
0x58, 0xD6, 0x00, 0x61, 0xCF, 0x00, 0x00, 0x00, 0x96, 0x9A, 0x00, 0x69, 0xC6, 0x00, 0x00, 0x0A, 
0xEC, 0x41, 0x00, 0x43, 0xF4, 0x2B, 0x15, 0xA9, 0xB6, 0x00, 0x00, 0x00, 0x90, 0xEC, 0xE9, 0x9A, 
0x0D, 0x00, 0x00, 0x00, 0x00, 0x04, 0x60, 0xDC, 0x86, 0x00, 0x00, 0xB6, 0x6A, 0xD4, 0x59, 0x00, 
0x00, 0x04, 0x07, 0xFA, 0x26, 0x00, 0x00, 0x00, 0x35, 0xF2, 0x01, 0x00, 0x00, 0x00, 0x68, 0xC1, 
0x00, 0x00, 0x00, 0x00, 0x9C, 0x8E, 0x00, 0x00, 0x00, 0x00, 0xCF, 0x5B, 0x00, 0x00, 0x00, 0x07, 
0xFA, 0x29, 0x00, 0x44, 0xFF, 0xFF, 0xFF, 0xFF, 0xC1, 0x00, 0x00, 0x59, 0xD0, 0xF4, 0xBF, 0x1B, 
0x00, 0x27, 0xA3, 0x25, 0x19, 0xE2, 0x8C, 0x00, 0x00, 0x00, 0x00, 0x00, 0xC6, 0x8C, 0x00, 0x00, 
0x00, 0x00, 0x27, 0xFB, 0x37, 0x00, 0x00, 0x00, 0x0B, 0xCD, 0x8B, 0x00, 0x00, 0x00, 0x0E, 0xC3, 
0xA3, 0x02, 0x00, 0x00, 0x1B, 0xD1, 0x8E, 0x01, 0x00, 0x00, 0x29, 0xDF, 0x6B, 0x00, 0x00, 0x00, 
0x00, 0xB7, 0xFF, 0xFF, 0xFF, 0xFF, 0xB9, 0x00, 0x00, 0x00, 0x5A, 0xD0, 0xF6, 0xC6, 0x1B, 0x00, 
0x28, 0xA1, 0x24, 0x13, 0xD9, 0x82, 0x00, 0x00, 0x00, 0x00, 0x00, 0xCC, 0x73, 0x00, 0x00, 0x00, 
0x15, 0x86, 0xD9, 0x11, 0x00, 0x17, 0xFC, 0xFF, 0xE4, 0x36, 0x00, 0x00, 0x00, 0x00, 0x0F, 0x90, 
0xED, 0x07, 0x00, 0x00, 0x00, 0x00, 0x48, 0xFF, 0x11, 0x85, 0x5F, 0x0C, 0x2F, 0xD0, 0xB2, 0x00, 
0x1A, 0xBA, 0xF8, 0xE3, 0x90, 0x0D, 0x00, 0x00, 0x00, 0x00, 0x00, 0x6D, 0xFB, 0x78, 0x00, 0x00, 
0x00, 0x3D, 0xD6, 0xEA, 0x4F, 0x00, 0x00, 0x19, 0xDC, 0x3C, 0xFE, 0x1B, 0x00, 0x05, 0xC4, 0x5A, 
0x40, 0xE8, 0x00, 0x00, 0x93, 0x93, 0x00, 0x72, 0xB4, 0x00, 0x59, 0xC6, 0x05, 0x00, 0xA3, 0x81, 
0x00, 0xC7, 0xFF, 0xFF, 0xFF, 0xFF, 0xFF, 0x7E, 0x00, 0x00, 0x00, 0x0F, 0xFE, 0x18, 0x00, 0x00, 
0x00, 0x00, 0x3C, 0xDE, 0x00, 0x00, 0x00, 0x00, 0xBD, 0xFF, 0xFF, 0xFF, 0xBB, 0x00, 0x04, 0xF4, 
0x09, 0x00, 0x00, 0x00, 0x00, 0x2F, 0xD4, 0x00, 0x00, 0x00, 0x00, 0x00, 0x5D, 0xFC, 0xFB, 0xE0, 
0x72, 0x00, 0x00, 0x00, 0x00, 0x08, 0x57, 0xFF, 0x2F, 0x00, 0x00, 0x00, 0x00, 0x01, 0xF7, 0x49, 
0x00, 0x00, 0x00, 0x00, 0x36, 0xFC, 0x18, 0x84, 0x52, 0x0C, 0x3D, 0xD8, 0x8F, 0x00, 0x1B, 0xBE, 
0xF8, 0xD9, 0x72, 0x01, 0x00, 0x00, 0x00, 0x04, 0x74, 0xD7, 0xF8, 0xE2, 0x18, 0x00, 0x00, 0xA3, 
0xB7, 0x2E, 0x03, 0x00, 0x00, 0x00, 0x4A, 0xD5, 0x07, 0x00, 0x00, 0x00, 0x00, 0x00, 0xB7, 0xCB, 
0xD8, 0xF5, 0xBF, 0x1B, 0x00, 0x05, 0xF8, 0x7E, 0x17, 0x13, 0xCB, 0x8D, 0x00, 0x2A, 0xFF, 0x09, 
0x00, 0x00, 0x99, 0x9B, 0x00, 0x3B, 0xFE, 0x03, 0x00, 0x00, 0xD5, 0x65, 0x00, 0x1B, 0xFD, 0x55, 
0x0E, 0x87, 0xDF, 0x0A, 0x00, 0x00, 0x75, 0xEB, 0xEE, 0xB0, 0x21, 0x00, 0x00, 0x38, 0xFF, 0xFF, 
0xFF, 0xFF, 0xFF, 0x7B, 0x00, 0x00, 0x00, 0x00, 0x38, 0xF2, 0x1E, 0x00, 0x00, 0x00, 0x05, 0xD3, 
0x72, 0x00, 0x00, 0x00, 0x00, 0x7D, 0xCE, 0x03, 0x00, 0x00, 0x00, 0x27, 0xF5, 0x34, 0x00, 0x00, 
0x00, 0x01, 0xC1, 0x90, 0x00, 0x00, 0x00, 0x00, 0x67, 0xE3, 0x0D, 0x00, 0x00, 0x00, 0x19, 0xF0, 
0x50, 0x00, 0x00, 0x00, 0x00, 0xA3, 0xAA, 0x00, 0x00, 0x00, 0x00, 0x00, 0x00, 0x00, 0x4D, 0xCF, 
0xF8, 0xE4, 0x5C, 0x00, 0x29, 0xF3, 0x4C, 0x0A, 0x65, 0xF1, 0x00, 0x63, 0xCA, 0x00, 0x00, 0x6A, 
0xC8, 0x00, 0x25, 0xEF, 0x6B, 0x74, 0xDC, 0x2D, 0x00, 0x08, 0x97, 0xF7, 0xF9, 0x40, 0x00, 0x11, 
0xCD, 0x8E, 0x0E, 0x63, 0xF4, 0x22, 0x84, 0xB1, 0x00, 0x00, 0x00, 0xE1, 0x54, 0x98, 0xBF, 0x15, 
0x0D, 0x6B, 0xF0, 0x16, 0x1E, 0xBB, 0xF3, 0xF2, 0xBC, 0x34, 0x00, 0x00, 0x00, 0x4D, 0xCB, 0xF5, 
0xCF, 0x2E, 0x00, 0x41, 0xF2, 0x4B, 0x0A, 0x96, 0xB8, 0x00, 0xAD, 0x88, 0x00, 0x00, 0x57, 0xDA, 
0x00, 0xC0, 0x99, 0x07, 0x20, 0xA5, 0xC9, 0x00, 0x43, 0xDC, 0xF8, 0xD7, 0xDB, 0x9C, 0x00, 0x00, 
0x00, 0x00, 0x00, 0xDB, 0x57, 0x00, 0x00, 0x00, 0x00, 0x5D, 0xE2, 0x08, 0x27, 0x14, 0x09, 0x5E, 
0xEE, 0x44, 0x00, 0x7F, 0xF4, 0xEF, 0xBA, 0x38, 0x00, 0x00, 0x00, 0x00, 0xD3, 0x04, 0x00, 0x04, 
0xD6, 0x00, 0x00, 0x00, 0x00, 0x00, 0x00, 0x00, 0x00, 0x00, 0x00, 0x00, 0x00, 0x00, 0x00, 0xD2, 
0x02, 0x00, 0x02, 0xD6, 0x00, 0x00, 0x00, 0x00, 0x00, 0xD4, 0x04, 0x00, 0x00, 0x04, 0xD7, 0x00, 
0x00, 0x00, 0x00, 0x00, 0x00, 0x00, 0x00, 0x00, 0x00, 0x00, 0x00, 0x00, 0x00, 0x00, 0x00, 0x00, 
0x02, 0xDE, 0x00, 0x00, 0x00, 0x22, 0xBA, 0x00, 0x00, 0x00, 0x7E, 0x34, 0x00, 0x00, 0x03, 0x68, 
0x00, 0x00, 0x00, 0x00, 0x00, 0x00, 0x00, 0x00, 0x10, 0x66, 0x00, 0x00, 0x00, 0x2B, 0x97, 0xDD, 
0x6F, 0x02, 0x50, 0xBD, 0xD3, 0x63, 0x07, 0x00, 0x13, 0xFF, 0x81, 0x00, 0x00, 0x00, 0x00, 0x07, 
0x6E, 0xE7, 0xAF, 0x28, 0x00, 0x00, 0x00, 0x00, 0x0A, 0x76, 0xE8, 0x98, 0x00, 0x00, 0x00, 0x00, 
0x00, 0x0D, 0x5D, 0x00, 0x00, 0x27, 0xFF, 0xFF, 0xFF, 0xFF, 0xFF, 0xE6, 0x00, 0x00, 0x00, 0x00, 
0x00, 0x00, 0x00, 0x00, 0x00, 0x00, 0x00, 0x00, 0x00, 0x00, 0x00, 0x00, 0x0D, 0xFF, 0xFF, 0xFF, 
0xFF, 0xFF, 0xE8, 0x00, 0x00, 0x60, 0x13, 0x00, 0x00, 0x00, 0x00, 0x00, 0x8F, 0xEB, 0x81, 0x0E, 
0x00, 0x00, 0x00, 0x00, 0x22, 0xAB, 0xEC, 0x78, 0x0A, 0x00, 0x00, 0x00, 0x00, 0x7F, 0xFF, 0x19, 
0x00, 0x05, 0x5D, 0xD1, 0xC8, 0x5B, 0x05, 0x67, 0xDC, 0xA2, 0x35, 0x00, 0x00, 0x00, 0x6B, 0x15, 
0x00, 0x00, 0x00, 0x00, 0x00, 0x85, 0xE4, 0xF8, 0xCD, 0x3B, 0x69, 0x14, 0x0D, 0x71, 0xE0, 0x00, 
0x00, 0x00, 0x14, 0xED, 0x00, 0x05, 0x2A, 0xB4, 0x93, 0x2B, 0xFA, 0xDA, 0x82, 0x06, 0x62, 0xA5, 
0x00, 0x00, 0x00, 0x8B, 0x6C, 0x00, 0x00, 0x00, 0x00, 0x00, 0x00, 0x00, 0x00, 0xCC, 0x00, 0x00, 
0x00, 0x00, 0xCC, 0x00, 0x00, 0x00, 0x00, 0x00, 0x00, 0x00, 0x1D, 0x8B, 0xDA, 0xF8, 0xF4, 0xC6, 
0x56, 0x00, 0x00, 0x00, 0x51, 0xE5, 0x7E, 0x2D, 0x0A, 0x11, 0x55, 0xE6, 0x61, 0x00, 0x3B, 0xDF, 
0x25, 0x00, 0x00, 0x00, 0x00, 0x00, 0x4D, 0xCE, 0x02, 0xD6, 0x3F, 0x00, 0x7D, 0xED, 0x98, 0xA5, 
0x00, 0x0B, 0xF5, 0x4B, 0xBA, 0x00, 0x4B, 0xCC, 0x1A, 0xB6, 0x93, 0x00, 0x10, 0xEC, 0x9E, 0x5F, 
0x00, 0xB5, 0x4C, 0x00, 0xA8, 0x4B, 0x00, 0x45, 0xBC, 0xD8, 0x23, 0x00, 0xEE, 0x0F, 0x1A, 0xF3, 
0x0A, 0x00, 0xA3, 0x67, 0xF8, 0x05, 0x00, 0xFB, 0x28, 0xC2, 0xDE, 0x10, 0x62, 0xD7, 0x08, 0xF6, 
0x0B, 0x00, 0xB7, 0xE4, 0x5D, 0x85, 0xF7, 0xBF, 0x20, 0x00, 0xC9, 0x53, 0x00, 0x00, 0x00, 0x00, 
0x00, 0x00, 0x00, 0x00, 0x00, 0x52, 0xED, 0x63, 0x18, 0x02, 0x00, 0x00, 0x00, 0x00, 0x00, 0x00, 
0x00, 0x4B, 0xBE, 0xED, 0xFF, 0xFF, 0xE1, 0x00, 0x00, 0x00, 0x00, 0x00, 0x00, 0x00, 0x00, 0x00, 
0xBB, 0xF0, 0x02, 0x00, 0x00, 0x00, 0x00, 0x00, 0x50, 0xD7, 0xFF, 0x21, 0x00, 0x00, 0x00, 0x00, 
0x04, 0xD9, 0x4F, 0xE8, 0x4A, 0x00, 0x00, 0x00, 0x00, 0x6D, 0xC9, 0x00, 0xC7, 0x72, 0x00, 0x00, 
0x00, 0x0F, 0xEB, 0x44, 0x00, 0xA6, 0x9A, 0x00, 0x00, 0x00, 0x8A, 0xBE, 0x00, 0x00, 0x85, 0xC3, 
0x00, 0x00, 0x20, 0xF8, 0xFF, 0xFF, 0xFF, 0xFF, 0xEB, 0x00, 0x00, 0xA7, 0xAA, 0x00, 0x00, 0x00, 
0x3C, 0xFF, 0x14, 0x2E, 0xF0, 0x1D, 0x00, 0x00, 0x00, 0x08, 0xF7, 0x35, 0x00, 0x00, 0xB4, 0xFF, 
0xFE, 0xE7, 0x7B, 0x00, 0x00, 0x02, 0xF4, 0x35, 0x03, 0x50, 0xFF, 0x1A, 0x00, 0x2A, 0xFA, 0x07, 
0x00, 0x23, 0xFC, 0x0F, 0x00, 0x5D, 0xCD, 0x00, 0x18, 0xAF, 0x92, 0x00, 0x00, 0x8F, 0xFF, 0xFF, 
0xFF, 0xE7, 0x2A, 0x00, 0x00, 0xC2, 0x65, 0x00, 0x10, 0xA3, 0xC6, 0x00, 0x02, 0xF2, 0x31, 0x00, 
0x00, 0x6C, 0xD2, 0x00, 0x28, 0xF8, 0x05, 0x04, 0x39, 0xE1, 0x6C, 0x00, 0x4C, 0xFF, 0xFF, 0xFB, 
0xDA, 0x6C, 0x00, 0x00, 0x00, 0x00, 0x01, 0x60, 0xCE, 0xF4, 0xD6, 0x51, 0x00, 0x00, 0x93, 0xD8, 
0x41, 0x0C, 0x48, 0xA1, 0x00, 0x4B, 0xF0, 0x1D, 0x00, 0x00, 0x00, 0x00, 0x00, 0xBF, 0x89, 0x00, 
0x00, 0x00, 0x00, 0x00, 0x0B, 0xFC, 0x3B, 0x00, 0x00, 0x00, 0x00, 0x00, 0x26, 0xFF, 0x1B, 0x00, 
0x00, 0x00, 0x00, 0x00, 0x13, 0xFF, 0x35, 0x00, 0x00, 0x00, 0x00, 0x00, 0x00, 0xC5, 0xBD, 0x1D, 
0x10, 0x65, 0x85, 0x00, 0x00, 0x1E, 0xB2, 0xF0, 0xED, 0xA9, 0x20, 0x00, 0x00, 0x00, 0xB6, 0xFF, 
0xFE, 0xEF, 0xAA, 0x20, 0x00, 0x00, 0x02, 0xF4, 0x35, 0x01, 0x21, 0xB1, 0xD7, 0x07, 0x00, 0x2A, 
0xFA, 0x07, 0x00, 0x00, 0x0D, 0xF9, 0x39, 0x00, 0x5D, 0xCF, 0x00, 0x00, 0x00, 0x00, 0xE3, 0x51, 
0x00, 0x90, 0x9B, 0x00, 0x00, 0x00, 0x06, 0xF8, 0x36, 0x00, 0xC3, 0x68, 0x00, 0x00, 0x00, 0x4A, 
0xEE, 0x06, 0x02, 0xF3, 0x34, 0x00, 0x00, 0x08, 0xCD, 0x84, 0x00, 0x29, 0xFA, 0x07, 0x06, 0x39, 
0xC2, 0xC1, 0x08, 0x00, 0x51, 0xFF, 0xFF, 0xF9, 0xD3, 0x74, 0x05, 0x00, 0x00, 0x00, 0x00, 0xB0, 
0xFF, 0xFF, 0xFF, 0xFB, 0x10, 0x00, 0x01, 0xF1, 0x36, 0x00, 0x00, 0x00, 0x00, 0x00, 0x26, 0xFB, 
0x08, 0x00, 0x00, 0x00, 0x00, 0x00, 0x5A, 0xD1, 0x00, 0x00, 0x00, 0x00, 0x00, 0x00, 0x8D, 0xFF, 
0xFF, 0xFF, 0xC4, 0x00, 0x00, 0x00, 0xC0, 0x69, 0x00, 0x00, 0x00, 0x00, 0x00, 0x01, 0xF1, 0x35, 
0x00, 0x00, 0x00, 0x00, 0x00, 0x27, 0xFA, 0x07, 0x00, 0x00, 0x00, 0x00, 0x00, 0x51, 0xFF, 0xFF, 
0xFF, 0xFF, 0x80, 0x00, 0x00, 0x00, 0x00, 0xB2, 0xFF, 0xFF, 0xFF, 0xD6, 0x00, 0x01, 0xF2, 0x36, 
0x00, 0x00, 0x00, 0x00, 0x27, 0xFB, 0x08, 0x00, 0x00, 0x00, 0x00, 0x5A, 0xD1, 0x00, 0x00, 0x00, 
0x00, 0x00, 0x8D, 0xFF, 0xFF, 0xFF, 0xDB, 0x00, 0x00, 0xC0, 0x6A, 0x00, 0x00, 0x00, 0x00, 0x01, 
0xF1, 0x37, 0x00, 0x00, 0x00, 0x00, 0x27, 0xFB, 0x09, 0x00, 0x00, 0x00, 0x00, 0x54, 0xCC, 0x00, 
0x00, 0x00, 0x00, 0x00, 0x00, 0x00, 0x00, 0x40, 0xB3, 0xE7, 0xF6, 0xCB, 0x54, 0x00, 0x00, 0x7D, 
0xE6, 0x5F, 0x15, 0x15, 0x6E, 0xA2, 0x00, 0x49, 0xF0, 0x23, 0x00, 0x00, 0x00, 0x00, 0x00, 0x00, 
0xC6, 0x78, 0x00, 0x00, 0x00, 0x00, 0x00, 0x00, 0x12, 0xFF, 0x26, 0x00, 0x58, 0xFF, 0xFF, 0xF5, 
0x00, 0x2F, 0xFF, 0x0C, 0x00, 0x00, 0x00, 0x4E, 0xDA, 0x00, 0x15, 0xFF, 0x34, 0x00, 0x00, 0x00, 
0x82, 0xA7, 0x00, 0x00, 0xB3, 0xCE, 0x34, 0x08, 0x29, 0xCB, 0x74, 0x00, 0x00, 0x10, 0x93, 0xE0, 
0xF9, 0xDE, 0x98, 0x16, 0x00, 0x00, 0x00, 0xBC, 0x66, 0x00, 0x00, 0x00, 0x89, 0x97, 0x00, 0x02, 
0xF3, 0x37, 0x00, 0x00, 0x00, 0xC3, 0x69, 0x00, 0x29, 0xFA, 0x08, 0x00, 0x00, 0x02, 0xF3, 0x36, 
0x00, 0x5C, 0xCE, 0x00, 0x00, 0x00, 0x2A, 0xFB, 0x08, 0x00, 0x90, 0xFF, 0xFF, 0xFF, 0xFF, 0xFF, 
0xD0, 0x00, 0x00, 0xC3, 0x69, 0x00, 0x00, 0x00, 0x92, 0x9C, 0x00, 0x02, 0xF3, 0x36, 0x00, 0x00, 
0x00, 0xC4, 0x69, 0x00, 0x2A, 0xFA, 0x07, 0x00, 0x00, 0x02, 0xF4, 0x36, 0x00, 0x58, 0xCA, 0x00, 
0x00, 0x00, 0x25, 0xF4, 0x07, 0x00, 0x00, 0x00, 0xBC, 0x67, 0x00, 0x02, 0xF3, 0x39, 0x00, 0x28, 
0xFC, 0x0A, 0x00, 0x5B, 0xD3, 0x00, 0x00, 0x8E, 0x9F, 0x00, 0x00, 0xC1, 0x6C, 0x00, 0x01, 0xF2, 
0x38, 0x00, 0x27, 0xFC, 0x09, 0x00, 0x54, 0xCC, 0x00, 0x00, 0x00, 0x00, 0x00, 0x00, 0xC4, 0x5B, 
0x00, 0x00, 0x00, 0x05, 0xF8, 0x2E, 0x00, 0x00, 0x00, 0x32, 0xF7, 0x04, 0x00, 0x00, 0x00, 0x66, 
0xC8, 0x00, 0x00, 0x00, 0x00, 0x9A, 0x95, 0x00, 0x00, 0x00, 0x00, 0xCD, 0x63, 0x00, 0x00, 0x00, 
0x07, 0xF9, 0x2F, 0x00, 0x17, 0x12, 0x61, 0xE4, 0x01, 0x00, 0x5B, 0xF7, 0xDD, 0x41, 0x00, 0x00, 
0x00, 0x00, 0xBC, 0x67, 0x00, 0x04, 0xA9, 0xAC, 0x00, 0x02, 0xF3, 0x39, 0x03, 0xA9, 0xB9, 0x09, 
0x00, 0x28, 0xFC, 0x0D, 0xA5, 0xB6, 0x08, 0x00, 0x00, 0x5B, 0xD5, 0xA1, 0xB1, 0x06, 0x00, 0x00, 
0x00, 0x8E, 0xD1, 0xFD, 0x1D, 0x00, 0x00, 0x00, 0x00, 0xC1, 0x68, 0xB9, 0x99, 0x00, 0x00, 0x00, 
0x01, 0xF2, 0x36, 0x2F, 0xFA, 0x2B, 0x00, 0x00, 0x27, 0xFB, 0x08, 0x00, 0xA1, 0xB6, 0x00, 0x00, 
0x54, 0xCC, 0x00, 0x00, 0x1D, 0xF3, 0x34, 0x00, 0x00, 0x00, 0xBC, 0x67, 0x00, 0x00, 0x00, 0x02, 
0xF3, 0x39, 0x00, 0x00, 0x00, 0x29, 0xFC, 0x0A, 0x00, 0x00, 0x00, 0x5C, 0xD3, 0x00, 0x00, 0x00, 
0x00, 0x8F, 0x9F, 0x00, 0x00, 0x00, 0x00, 0xC2, 0x6C, 0x00, 0x00, 0x00, 0x02, 0xF3, 0x38, 0x00, 
0x00, 0x00, 0x28, 0xFC, 0x09, 0x00, 0x00, 0x00, 0x51, 0xFF, 0xFF, 0xFF, 0xFF, 0x2D, 0x00, 0x00, 
0xB5, 0xFA, 0x40, 0x00, 0x00, 0x00, 0x00, 0x3B, 0xF2, 0xCB, 0x00, 0x03, 0xF5, 0xC8, 0x81, 0x00, 
0x00, 0x00, 0x05, 0xD6, 0xC6, 0xA6, 0x00, 0x2B, 0xF5, 0x6F, 0xB2, 0x00, 0x00, 0x00, 0x78, 0xB0, 
0xAE, 0x73, 0x00, 0x5D, 0xC5, 0x3C, 0xE4, 0x00, 0x00, 0x1E, 0xEB, 0x20, 0xE1, 0x40, 0x00, 0x90, 
0x92, 0x0E, 0xFE, 0x15, 0x00, 0xB0, 0x7B, 0x15, 0xFE, 0x0F, 0x00, 0xC2, 0x5F, 0x00, 0xDD, 0x46, 
0x4B, 0xD9, 0x06, 0x48, 0xDA, 0x00, 0x02, 0xF2, 0x2C, 0x00, 0xAE, 0x81, 0xDE, 0x46, 0x00, 0x7B, 
0xA7, 0x00, 0x28, 0xF5, 0x03, 0x00, 0x7E, 0xF8, 0xAA, 0x00, 0x00, 0xAE, 0x74, 0x00, 0x55, 0xC0, 
0x00, 0x00, 0x4B, 0xED, 0x1C, 0x00, 0x00, 0xDB, 0x3E, 0x00, 0x00, 0x00, 0xB2, 0xE8, 0x09, 0x00, 
0x00, 0x31, 0xE0, 0x00, 0x02, 0xF3, 0xC2, 0x53, 0x00, 0x00, 0x68, 0xB4, 0x00, 0x29, 0xE7, 0x64, 
0xAB, 0x00, 0x00, 0x9C, 0x81, 0x00, 0x5C, 0xB9, 0x12, 0xF1, 0x0C, 0x00, 0xD0, 0x4D, 0x00, 0x8F, 
0x88, 0x00, 0xB4, 0x5A, 0x08, 0xFB, 0x1A, 0x00, 0xC1, 0x56, 0x00, 0x5B, 0xB1, 0x36, 0xE7, 0x00, 
0x01, 0xF2, 0x25, 0x00, 0x0C, 0xEF, 0x77, 0xB4, 0x00, 0x27, 0xF1, 0x01, 0x00, 0x00, 0xA9, 0xEB, 
0x81, 0x00, 0x55, 0xBB, 0x00, 0x00, 0x00, 0x4F, 0xFC, 0x43, 0x00, 0x00, 0x00, 0x01, 0x5F, 0xD4, 
0xF8, 0xE2, 0x8C, 0x07, 0x00, 0x00, 0x96, 0xD7, 0x3C, 0x08, 0x37, 0xE4, 0x80, 0x00, 0x4F, 0xEE, 
0x1A, 0x00, 0x00, 0x00, 0x7D, 0xC9, 0x00, 0xC0, 0x89, 0x00, 0x00, 0x00, 0x00, 0x6B, 0xD6, 0x0A, 
0xFB, 0x3F, 0x00, 0x00, 0x00, 0x00, 0x8C, 0xB4, 0x26, 0xFF, 0x1B, 0x00, 0x00, 0x00, 0x00, 0xD5, 
0x6F, 0x1E, 0xFF, 0x28, 0x00, 0x00, 0x00, 0x55, 0xF0, 0x0F, 0x01, 0xD8, 0xAD, 0x19, 0x13, 0x63, 
0xEF, 0x4C, 0x00, 0x00, 0x29, 0xBA, 0xF0, 0xF4, 0xB9, 0x32, 0x00, 0x00, 0x00, 0x00, 0xB0, 0xFF, 
0xFE, 0xE9, 0x73, 0x00, 0x00, 0x02, 0xF3, 0x35, 0x02, 0x59, 0xFF, 0x29, 0x00, 0x28, 0xFA, 0x07, 
0x00, 0x01, 0xF9, 0x47, 0x00, 0x5C, 0xCD, 0x00, 0x00, 0x2D, 0xFE, 0x19, 0x00, 0x8F, 0x99, 0x01, 
0x27, 0xC6, 0x9D, 0x00, 0x00, 0xC2, 0xFF, 0xFE, 0xE3, 0x86, 0x05, 0x00, 0x02, 0xF3, 0x35, 0x00, 
0x00, 0x00, 0x00, 0x00, 0x29, 0xFB, 0x07, 0x00, 0x00, 0x00, 0x00, 0x00, 0x57, 0xCA, 0x00, 0x00, 
0x00, 0x00, 0x00, 0x00, 0x00, 0x00, 0x01, 0x61, 0xD5, 0xF8, 0xE3, 0x92, 0x0A, 0x00, 0x00, 0x99, 
0xD7, 0x3C, 0x08, 0x38, 0xE5, 0x86, 0x00, 0x4F, 0xEE, 0x1A, 0x00, 0x00, 0x00, 0x7D, 0xCD, 0x00, 
0xC0, 0x86, 0x00, 0x00, 0x00, 0x00, 0x6B, 0xDE, 0x0A, 0xFB, 0x3B, 0x00, 0x00, 0x00, 0x00, 0x8C, 
0xBE, 0x26, 0xFF, 0x17, 0x00, 0x00, 0x00, 0x00, 0xD5, 0x79, 0x1E, 0xFF, 0x26, 0x00, 0x00, 0x00, 
0x56, 0xF2, 0x17, 0x01, 0xD8, 0xAB, 0x19, 0x13, 0x64, 0xF3, 0x93, 0x00, 0x00, 0x29, 0xBA, 0xF0, 
0xF2, 0x9C, 0x7B, 0xF7, 0x3B, 0x00, 0x00, 0x00, 0x00, 0x00, 0x00, 0x00, 0x73, 0xBC, 0x00, 0x00, 
0xB2, 0xFF, 0xFE, 0xE8, 0x81, 0x00, 0x00, 0x01, 0xF2, 0x39, 0x03, 0x46, 0xFF, 0x31, 0x00, 0x27, 
0xFB, 0x09, 0x00, 0x12, 0xFF, 0x2D, 0x00, 0x5A, 0xD1, 0x01, 0x1E, 0xAB, 0xBC, 0x00, 0x00, 0x8D, 
0xFF, 0xFF, 0xFF, 0x9B, 0x0B, 0x00, 0x00, 0xC0, 0x6D, 0x0B, 0x9C, 0xC7, 0x00, 0x00, 0x01, 0xF1, 
0x3A, 0x00, 0x29, 0xFF, 0x12, 0x00, 0x27, 0xFC, 0x0A, 0x00, 0x03, 0xF9, 0x40, 0x00, 0x55, 0xCC, 
0x00, 0x00, 0x00, 0xCF, 0x67, 0x00, 0x00, 0x00, 0x68, 0xDA, 0xF4, 0x9B, 0x03, 0x00, 0x4D, 0xEA, 
0x34, 0x14, 0xA5, 0x23, 0x00, 0x93, 0xA9, 0x00, 0x00, 0x00, 0x00, 0x00, 0x5F, 0xF4, 0x4D, 0x00, 
0x00, 0x00, 0x00, 0x00, 0x75, 0xF6, 0xAB, 0x0C, 0x00, 0x00, 0x00, 0x00, 0x22, 0xE3, 0x85, 0x00, 
0x00, 0x00, 0x00, 0x00, 0xA0, 0xA0, 0x00, 0xB4, 0x48, 0x0A, 0x45, 0xF0, 0x49, 0x00, 0x5A, 0xDA, 
0xF5, 0xCD, 0x54, 0x00, 0x00, 0xC6, 0xFF, 0xFF, 0xFF, 0xFF, 0xFF, 0xBE, 0x00, 0x00, 0x52, 0xDE, 
0x00, 0x00, 0x00, 0x00, 0x00, 0x84, 0xAB, 0x00, 0x00, 0x00, 0x00, 0x00, 0xB7, 0x78, 0x00, 0x00, 
0x00, 0x00, 0x00, 0xEA, 0x45, 0x00, 0x00, 0x00, 0x00, 0x1D, 0xFF, 0x13, 0x00, 0x00, 0x00, 0x00, 
0x50, 0xDF, 0x00, 0x00, 0x00, 0x00, 0x00, 0x83, 0xAC, 0x00, 0x00, 0x00, 0x00, 0x00, 0xB0, 0x74, 
0x00, 0x00, 0x00, 0x00, 0x00, 0xC1, 0x60, 0x00, 0x00, 0x00, 0x42, 0xDD, 0x03, 0xF6, 0x32, 0x00, 
0x00, 0x00, 0x7A, 0xB1, 0x2D, 0xF9, 0x06, 0x00, 0x00, 0x00, 0xAD, 0x7E, 0x60, 0xCD, 0x00, 0x00, 
0x00, 0x00, 0xE0, 0x4A, 0x93, 0x9B, 0x00, 0x00, 0x00, 0x13, 0xFF, 0x17, 0xC5, 0x6B, 0x00, 0x00, 
0x00, 0x49, 0xE1, 0x00, 0xE0, 0x59, 0x00, 0x00, 0x00, 0xA2, 0x90, 0x00, 0xAE, 0xBB, 0x18, 0x12, 
0x78, 0xE8, 0x1D, 0x00, 0x1E, 0xB4, 0xEE, 0xEB, 0xAD, 0x26, 0x00, 0x00, 0x96, 0x93, 0x00, 0x00, 
0x00, 0x00, 0x93, 0xA7, 0x77, 0xBB, 0x00, 0x00, 0x00, 0x23, 0xF7, 0x2A, 0x52, 0xDE, 0x00, 0x00, 
0x00, 0xA6, 0x9A, 0x00, 0x2D, 0xFC, 0x04, 0x00, 0x2E, 0xF2, 0x19, 0x00, 0x08, 0xFE, 0x23, 0x00, 
0xB4, 0x81, 0x00, 0x00, 0x00, 0xE2, 0x46, 0x3A, 0xE8, 0x0C, 0x00, 0x00, 0x00, 0xBC, 0x68, 0xC1, 
0x67, 0x00, 0x00, 0x00, 0x00, 0x97, 0xCF, 0xD7, 0x03, 0x00, 0x00, 0x00, 0x00, 0x6D, 0xFD, 0x4C, 
0x00, 0x00, 0x00, 0x00, 0x6C, 0xB9, 0x00, 0x00, 0x00, 0x76, 0xEA, 0x00, 0x00, 0x00, 0x2F, 0xF0, 
0x0D, 0x5E, 0xCF, 0x00, 0x00, 0x07, 0xE8, 0xFE, 0x04, 0x00, 0x00, 0xA6, 0x90, 0x00, 0x49, 0xE0, 
0x00, 0x00, 0x64, 0xB4, 0xFF, 0x15, 0x00, 0x1F, 0xF4, 0x1B, 0x00, 0x34, 0xF0, 0x00, 0x01, 0xD7, 
0x38, 0xF6, 0x28, 0x00, 0x92, 0x98, 0x00, 0x00, 0x20, 0xFE, 0x03, 0x4D, 0xC5, 0x00, 0xE1, 0x3B, 
0x12, 0xF0, 0x21, 0x00, 0x00, 0x0B, 0xFF, 0x12, 0xC2, 0x52, 0x00, 0xCD, 0x4D, 0x7E, 0xA0, 0x00, 
0x00, 0x00, 0x00, 0xF6, 0x59, 0xDD, 0x02, 0x00, 0xB9, 0x6A, 0xE8, 0x27, 0x00, 0x00, 0x00, 0x00, 
0xE1, 0xDA, 0x6D, 0x00, 0x00, 0xA5, 0xD9, 0xA8, 0x00, 0x00, 0x00, 0x00, 0x00, 0xC5, 0xE9, 0x0B, 
0x00, 0x00, 0x8A, 0xF9, 0x2D, 0x00, 0x00, 0x00, 0x00, 0x00, 0x00, 0x49, 0xEB, 0x08, 0x00, 0x00, 
0x9B, 0xB5, 0x00, 0x00, 0x06, 0xEC, 0x55, 0x00, 0x61, 0xE3, 0x16, 0x00, 0x00, 0x00, 0x91, 0xB3, 
0x2D, 0xEE, 0x36, 0x00, 0x00, 0x00, 0x00, 0x2E, 0xFB, 0xDC, 0x64, 0x00, 0x00, 0x00, 0x00, 0x00, 
0x12, 0xF3, 0xCE, 0x00, 0x00, 0x00, 0x00, 0x00, 0x02, 0xB9, 0xA5, 0xFC, 0x1E, 0x00, 0x00, 0x00, 
0x00, 0x86, 0xC2, 0x03, 0xC4, 0x82, 0x00, 0x00, 0x00, 0x50, 0xE9, 0x1B, 0x00, 0x64, 0xE5, 0x04, 
0x00, 0x1C, 0xED, 0x47, 0x00, 0x00, 0x0D, 0xF2, 0x44, 0x00, 0x8E, 0x9D, 0x00, 0x00, 0x02, 0xBD, 
0x81, 0x4A, 0xE9, 0x01, 0x00, 0x72, 0xD3, 0x07, 0x08, 0xF5, 0x32, 0x27, 0xF0, 0x2F, 0x00, 0x00, 
0xB3, 0x77, 0xC3, 0x75, 0x00, 0x00, 0x00, 0x68, 0xEF, 0xC0, 0x02, 0x00, 0x00, 0x00, 0x2C, 0xFF, 
0x20, 0x00, 0x00, 0x00, 0x00, 0x4F, 0xDC, 0x00, 0x00, 0x00, 0x00, 0x00, 0x83, 0xA9, 0x00, 0x00, 
0x00, 0x00, 0x00, 0xB0, 0x70, 0x00, 0x00, 0x00, 0x00, 0x00, 0x00, 0x61, 0xFF, 0xFF, 0xFF, 0xFF, 
0xFF, 0x19, 0x00, 0x00, 0x00, 0x00, 0x00, 0x02, 0xB3, 0xA6, 0x00, 0x00, 0x00, 0x00, 0x00, 0x00, 
0x88, 0xCD, 0x0A, 0x00, 0x00, 0x00, 0x00, 0x00, 0x5A, 0xE7, 0x1C, 0x00, 0x00, 0x00, 0x00, 0x00, 
0x35, 0xEF, 0x39, 0x00, 0x00, 0x00, 0x00, 0x00, 0x19, 0xE4, 0x5F, 0x00, 0x00, 0x00, 0x00, 0x00, 
0x08, 0xC8, 0x8B, 0x00, 0x00, 0x00, 0x00, 0x00, 0x00, 0xA2, 0xB6, 0x02, 0x00, 0x00, 0x00, 0x00, 
0x00, 0x1A, 0xFE, 0xFF, 0xFF, 0xFF, 0xFF, 0xAC, 0x00, 0x00, 0x00, 0x00, 0x07, 0xFC, 0xF0, 0x00, 
0x00, 0x3F, 0xE4, 0x00, 0x00, 0x00, 0x7F, 0x9F, 0x00, 0x00, 0x00, 0xBF, 0x5A, 0x00, 0x00, 0x07, 
0xF6, 0x16, 0x00, 0x00, 0x40, 0xCF, 0x00, 0x00, 0x00, 0x80, 0x89, 0x00, 0x00, 0x00, 0xC1, 0x44, 
0x00, 0x00, 0x08, 0xEF, 0x08, 0x00, 0x00, 0x41, 0xB9, 0x00, 0x00, 0x00, 0x82, 0x73, 0x00, 0x00, 
0x00, 0xC2, 0x2E, 0x00, 0x00, 0x00, 0xF1, 0xF3, 0x00, 0x00, 0x00, 0xEE, 0x0E, 0x00, 0xCD, 0x3A, 
0x00, 0xA0, 0x67, 0x00, 0x73, 0x93, 0x00, 0x47, 0xC0, 0x00, 0x1A, 0xED, 0x00, 0x00, 0xED, 0x19, 
0x00, 0xC1, 0x46, 0x00, 0x94, 0x73, 0x00, 0x67, 0x9F, 0x00, 0x3B, 0xCC, 0x00, 0x0F, 0xF0, 0x00, 
0x00, 0x00, 0xC0, 0xFF, 0x28, 0x00, 0x00, 0x00, 0x17, 0xFB, 0x08, 0x00, 0x00, 0x00, 0x46, 0xD2, 
0x00, 0x00, 0x00, 0x00, 0x75, 0xA0, 0x00, 0x00, 0x00, 0x00, 0xA3, 0x6E, 0x00, 0x00, 0x00, 0x00, 
0xD2, 0x3D, 0x00, 0x00, 0x00, 0x05, 0xF8, 0x0D, 0x00, 0x00, 0x00, 0x2F, 0xDA, 0x00, 0x00, 0x00, 
0x00, 0x5D, 0xA8, 0x00, 0x00, 0x00, 0x00, 0x8C, 0x76, 0x00, 0x00, 0x00, 0x00, 0xBA, 0x45, 0x00, 
0x00, 0x00, 0x00, 0xE8, 0x13, 0x00, 0x00, 0x17, 0xFE, 0xD3, 0x00, 0x00, 0x00, 0x00, 0x00, 0x28, 
0xF5, 0x71, 0x00, 0x00, 0x00, 0xB6, 0x9F, 0xB8, 0x00, 0x00, 0x49, 0xBC, 0x18, 0xF3, 0x04, 0x05, 
0xD6, 0x33, 0x00, 0xD6, 0x38, 0x6A, 0xA0, 0x00, 0x00, 0x92, 0x72, 0xF9, 0xFF, 0xFF, 0xFF, 0xFF, 
0xFF, 0xEC, 0x01, 0xCB, 0x32, 0x00, 0x00, 0x36, 0xC9, 0x01, 0x00, 0x05, 0x8E, 0xEB, 0xDB, 0x7F, 
0xC2, 0x00, 0x86, 0xC9, 0x1C, 0x37, 0xE6, 0x96, 0x0D, 0xF4, 0x34, 0x00, 0x00, 0xBA, 0x64, 0x49, 
0xE5, 0x00, 0x00, 0x07, 0xF2, 0x31, 0x69, 0xC8, 0x00, 0x00, 0x63, 0xF9, 0x05, 0x55, 0xEB, 0x1A, 
0x4D, 0xE2, 0xCC, 0x00, 0x09, 0xB7, 0xF3, 0xB3, 0x79, 0x93, 0x00, 0x00, 0x00, 0xB3, 0x60, 0x00, 
0x00, 0x00, 0x00, 0x00, 0xEB, 0x33, 0x00, 0x00, 0x00, 0x00, 0x1F, 0xFA, 0x06, 0x00, 0x00, 0x00, 
0x00, 0x52, 0xCD, 0x7F, 0xEB, 0xDB, 0x2B, 0x00, 0x84, 0xF3, 0x81, 0x13, 0xB5, 0x9C, 0x00, 0xB7, 
0xAE, 0x00, 0x00, 0x7D, 0xB1, 0x00, 0xE9, 0x43, 0x00, 0x00, 0x9B, 0x93, 0x1D, 0xFC, 0x09, 0x00, 
0x04, 0xE3, 0x4B, 0x4F, 0xFE, 0x66, 0x11, 0x8F, 0xCF, 0x03, 0x7B, 0x95, 0xBE, 0xF2, 0xB9, 0x1E, 
0x00, 0x00, 0x05, 0x86, 0xE4, 0xE8, 0x58, 0x00, 0x8C, 0xC5, 0x1F, 0x2D, 0xA7, 0x14, 0xF8, 0x24, 
0x00, 0x00, 0x00, 0x57, 0xD6, 0x00, 0x00, 0x00, 0x00, 0x72, 0xBD, 0x00, 0x00, 0x00, 0x00, 0x57, 
0xEB, 0x1F, 0x21, 0xA9, 0x02, 0x05, 0xAC, 0xF5, 0xDB, 0x54, 0x00, 0x00, 0x00, 0x00, 0x00, 0x00, 
0x00, 0xB7, 0x5C, 0x00, 0x00, 0x00, 0x00, 0x00, 0x00, 0xEE, 0x30, 0x00, 0x00, 0x00, 0x00, 0x00, 
0x20, 0xF8, 0x05, 0x00, 0x05, 0x8F, 0xEA, 0xDD, 0x91, 0xCB, 0x00, 0x00, 0x89, 0xCB, 0x1B, 0x36, 
0xEB, 0x99, 0x00, 0x10, 0xF6, 0x34, 0x00, 0x00, 0xB8, 0x66, 0x00, 0x4C, 0xE5, 0x00, 0x00, 0x06, 
0xF1, 0x34, 0x00, 0x6A, 0xC8, 0x00, 0x00, 0x5F, 0xFA, 0x07, 0x00, 0x54, 0xEB, 0x17, 0x4A, 0xE0, 
0xCF, 0x00, 0x00, 0x08, 0xBA, 0xF5, 0xB3, 0x79, 0x94, 0x00, 0x00, 0x00, 0x01, 0x75, 0xDD, 0xF2, 
0xA6, 0x05, 0x00, 0x7C, 0xD0, 0x2B, 0x1D, 0xE6, 0x4E, 0x12, 0xF5, 0x31, 0x10, 0x53, 0xF3, 0x2B, 
0x52, 0xFF, 0xFE, 0xF1, 0xC5, 0x4F, 0x00, 0x6D, 0xB6, 0x00, 0x00, 0x00, 0x00, 0x00, 0x50, 0xE3, 
0x1F, 0x00, 0x00, 0x00, 0x00, 0x03, 0x9D, 0xF0, 0xF8, 0xD3, 0x1F, 0x00, 0x00, 0x00, 0x00, 0x00, 
0x0F, 0xB7, 0xF7, 0x84, 0x00, 0x00, 0x00, 0x00, 0x86, 0xB3, 0x0C, 0x11, 0x00, 0x00, 0x00, 0x00, 
0xD1, 0x52, 0x00, 0x00, 0x00, 0x00, 0x15, 0xFC, 0xFF, 0xFF, 0xAC, 0x00, 0x00, 0x00, 0x00, 0x39, 
0xEA, 0x00, 0x00, 0x00, 0x00, 0x00, 0x00, 0x6A, 0xB9, 0x00, 0x00, 0x00, 0x00, 0x00, 0x00, 0x9B, 
0x87, 0x00, 0x00, 0x00, 0x00, 0x00, 0x00, 0xCD, 0x55, 0x00, 0x00, 0x00, 0x00, 0x00, 0x05, 0xF8, 
0x24, 0x00, 0x00, 0x00, 0x00, 0x00, 0x2F, 0xF0, 0x01, 0x00, 0x00, 0x00, 0x00, 0x00, 0x64, 0xBD, 
0x00, 0x00, 0x00, 0x00, 0x02, 0x0D, 0xC3, 0x6F, 0x00, 0x00, 0x00, 0x00, 0x51, 0xF6, 0xAC, 0x06, 
0x00, 0x00, 0x00, 0x00, 0x00, 0x05, 0x8D, 0xEA, 0xE0, 0x71, 0xC2, 0x00, 0x86, 0xCB, 0x1D, 0x38, 
0xE5, 0x99, 0x0E, 0xF5, 0x33, 0x00, 0x00, 0xB8, 0x67, 0x4A, 0xE4, 0x00, 0x00, 0x07, 0xF2, 0x35, 
0x69, 0xC8, 0x00, 0x00, 0x61, 0xFB, 0x08, 0x54, 0xEB, 0x19, 0x4D, 0xE3, 0xD2, 0x00, 0x09, 0xB9, 
0xF3, 0xB1, 0x93, 0xA1, 0x00, 0x00, 0x00, 0x00, 0x00, 0xB5, 0x6C, 0x00, 0x74, 0x63, 0x0A, 0x44, 
0xEF, 0x1C, 0x00, 0x1E, 0xC1, 0xF5, 0xD1, 0x49, 0x00, 0x00, 0x00, 0x00, 0xB3, 0x60, 0x00, 0x00, 
0x00, 0x00, 0x00, 0xEB, 0x34, 0x00, 0x00, 0x00, 0x00, 0x1F, 0xFB, 0x07, 0x00, 0x00, 0x00, 0x00, 
0x52, 0xCF, 0x7C, 0xEB, 0xD6, 0x1E, 0x00, 0x84, 0xF2, 0x84, 0x13, 0xCC, 0x71, 0x00, 0xB7, 0xB3, 
0x00, 0x00, 0xBA, 0x69, 0x00, 0xE9, 0x49, 0x00, 0x00, 0xE7, 0x39, 0x1D, 0xFD, 0x0C, 0x00, 0x1A, 
0xFC, 0x0A, 0x4F, 0xD6, 0x00, 0x00, 0x4C, 0xD4, 0x00, 0x7D, 0x9D, 0x00, 0x00, 0x79, 0x9D, 0x00, 
0x00, 0x01, 0xE2, 0x3C, 0x00, 0x00, 0x00, 0x00, 0x00, 0x4E, 0xC6, 0x00, 0x00, 0x85, 0x9B, 0x00, 
0x00, 0xB8, 0x69, 0x00, 0x00, 0xE9, 0x37, 0x00, 0x1D, 0xFC, 0x09, 0x00, 0x4F, 0xD4, 0x00, 0x00, 
0x7D, 0x9D, 0x00, 0x00, 0x00, 0x00, 0x00, 0x00, 0xC4, 0x5B, 0x00, 0x00, 0x00, 0x00, 0x00, 0x00, 
0x00, 0x00, 0x00, 0x2E, 0xE5, 0x00, 0x00, 0x00, 0x00, 0x64, 0xBC, 0x00, 0x00, 0x00, 0x00, 0x96, 
0x89, 0x00, 0x00, 0x00, 0x00, 0xC9, 0x57, 0x00, 0x00, 0x00, 0x04, 0xF6, 0x25, 0x00, 0x00, 0x00, 
0x2E, 0xF1, 0x01, 0x00, 0x00, 0x00, 0x60, 0xC0, 0x00, 0x00, 0x00, 0x00, 0x94, 0x8A, 0x00, 0x00, 
0x00, 0x11, 0xE0, 0x41, 0x00, 0x00, 0x55, 0xF3, 0x91, 0x00, 0x00, 0x00, 0x00, 0x00, 0xB3, 0x60, 
0x00, 0x00, 0x00, 0x00, 0x00, 0xEB, 0x34, 0x00, 0x00, 0x00, 0x00, 0x1F, 0xFA, 0x07, 0x00, 0x00, 
0x00, 0x00, 0x52, 0xCF, 0x00, 0x20, 0xD9, 0x4E, 0x00, 0x84, 0x9D, 0x2C, 0xDE, 0x55, 0x00, 0x00, 
0xB7, 0xA5, 0xDF, 0x40, 0x00, 0x00, 0x00, 0xE9, 0xBA, 0xC3, 0x00, 0x00, 0x00, 0x1D, 0xFC, 0x18, 
0xEB, 0x50, 0x00, 0x00, 0x4F, 0xD4, 0x00, 0x71, 0xDA, 0x05, 0x00, 0x7D, 0x9D, 0x00, 0x07, 0xDE, 
0x5B, 0x00, 0x00, 0x00, 0xB3, 0x60, 0x00, 0x00, 0xEB, 0x34, 0x00, 0x1F, 0xFA, 0x07, 0x00, 0x52, 
0xCF, 0x00, 0x00, 0x84, 0x9D, 0x00, 0x00, 0xB7, 0x6B, 0x00, 0x00, 0xE9, 0x38, 0x00, 0x1D, 0xFC, 
0x09, 0x00, 0x4F, 0xD4, 0x00, 0x00, 0x7D, 0x9D, 0x00, 0x00, 0x00, 0x4B, 0xA8, 0x8A, 0xEF, 0xD5, 
0x20, 0x94, 0xF1, 0xCC, 0x12, 0x00, 0x82, 0xF1, 0x7D, 0x11, 0xDB, 0xE3, 0x72, 0x12, 0xE6, 0x57, 
0x00, 0xB5, 0xAB, 0x00, 0x00, 0xC8, 0x9E, 0x00, 0x00, 0xD7, 0x4C, 0x00, 0xE8, 0x44, 0x00, 0x02, 
0xF4, 0x35, 0x00, 0x0A, 0xFC, 0x1D, 0x1B, 0xFC, 0x0A, 0x00, 0x2B, 0xF4, 0x02, 0x00, 0x39, 0xE9, 
0x00, 0x4F, 0xD4, 0x00, 0x00, 0x5E, 0xC4, 0x00, 0x00, 0x6C, 0xB6, 0x00, 0x7D, 0x9D, 0x00, 0x00, 
0x8C, 0x8D, 0x00, 0x00, 0x99, 0x7D, 0x00, 0x00, 0x4B, 0xA9, 0x8B, 0xEE, 0xD2, 0x19, 0x00, 0x82, 
0xF2, 0x7F, 0x11, 0xCD, 0x6A, 0x00, 0xB5, 0xAB, 0x00, 0x00, 0xB8, 0x60, 0x00, 0xE8, 0x44, 0x00, 
0x00, 0xE7, 0x33, 0x1B, 0xFC, 0x0A, 0x00, 0x19, 0xFB, 0x07, 0x4F, 0xD4, 0x00, 0x00, 0x4C, 0xD1, 
0x00, 0x7D, 0x9D, 0x00, 0x00, 0x79, 0x9C, 0x00, 0x00, 0x02, 0x7C, 0xDF, 0xF3, 0xB6, 0x16, 0x00, 
0x88, 0xCF, 0x2A, 0x13, 0xC4, 0x8D, 0x16, 0xF9, 0x2C, 0x00, 0x00, 0x7F, 0xB1, 0x56, 0xDD, 0x00, 
0x00, 0x00, 0x96, 0x99, 0x6D, 0xC5, 0x00, 0x00, 0x04, 0xE1, 0x51, 0x4A, 0xF1, 0x2A, 0x12, 0x9C, 
0xC8, 0x02, 0x01, 0x93, 0xED, 0xED, 0xA3, 0x14, 0x00, 0x00, 0x00, 0x48, 0xAE, 0x85, 0xEC, 0xD6, 
0x29, 0x00, 0x00, 0x80, 0xF1, 0x7F, 0x12, 0xB1, 0x9B, 0x00, 0x00, 0xB2, 0xAB, 0x00, 0x00, 0x7D, 
0xB1, 0x00, 0x00, 0xE4, 0x41, 0x00, 0x00, 0x9A, 0x92, 0x00, 0x15, 0xFB, 0x08, 0x00, 0x05, 0xE5, 
0x4B, 0x00, 0x48, 0xFE, 0x68, 0x10, 0x8F, 0xCF, 0x03, 0x00, 0x7A, 0xB6, 0xC7, 0xF5, 0xB9, 0x1E, 
0x00, 0x00, 0xAC, 0x6C, 0x00, 0x00, 0x00, 0x00, 0x00, 0x00, 0xDE, 0x3E, 0x00, 0x00, 0x00, 0x00, 
0x00, 0x0C, 0xF6, 0x10, 0x00, 0x00, 0x00, 0x00, 0x00, 0x00, 0x05, 0x8C, 0xE9, 0xE0, 0x73, 0xC2, 
0x00, 0x86, 0xC7, 0x1B, 0x38, 0xE5, 0x99, 0x0C, 0xF4, 0x32, 0x00, 0x00, 0xB8, 0x67, 0x49, 0xE5, 
0x00, 0x00, 0x07, 0xF2, 0x35, 0x69, 0xC9, 0x00, 0x00, 0x61, 0xFB, 0x08, 0x53, 0xEB, 0x18, 0x4D, 
0xE3, 0xD2, 0x00, 0x08, 0xB9, 0xF4, 0xB1, 0x93, 0xA1, 0x00, 0x00, 0x00, 0x00, 0x00, 0xB3, 0x6F, 
0x00, 0x00, 0x00, 0x00, 0x00, 0xE4, 0x3D, 0x00, 0x00, 0x00, 0x00, 0x0F, 0xF6, 0x0D, 0x00, 0x00, 
0x4E, 0xB0, 0xA5, 0xF5, 0x20, 0x00, 0x85, 0xF5, 0x69, 0x11, 0x00, 0x00, 0xB8, 0xA6, 0x00, 0x00, 
0x00, 0x00, 0xE9, 0x41, 0x00, 0x00, 0x00, 0x1D, 0xFB, 0x08, 0x00, 0x00, 0x00, 0x4F, 0xD2, 0x00, 
0x00, 0x00, 0x00, 0x7D, 0x9C, 0x00, 0x00, 0x00, 0x00, 0x00, 0x2B, 0xC4, 0xF4, 0x8F, 0x00, 0x00, 
0xC7, 0x77, 0x0E, 0x9A, 0x07, 0x00, 0xDA, 0x8C, 0x03, 0x00, 0x00, 0x00, 0x3E, 0xDE, 0xD7, 0x26, 
0x00, 0x00, 0x00, 0x06, 0xB8, 0x99, 0x00, 0xA0, 0x29, 0x15, 0xC5, 0x76, 0x00, 0x51, 0xE8, 0xEB, 
0x97, 0x06, 0x00, 0x00, 0x00, 0xA5, 0x6D, 0x00, 0x00, 0x00, 0xDC, 0x47, 0x00, 0x1B, 0xFE, 0xFF, 
0xFF, 0xD8, 0x00, 0x42, 0xE2, 0x00, 0x00, 0x00, 0x74, 0xAF, 0x00, 0x00, 0x00, 0xA6, 0x7C, 0x00, 
0x00, 0x00, 0xD7, 0x4A, 0x00, 0x00, 0x00, 0xF5, 0x4B, 0x15, 0x00, 0x00, 0x9D, 0xFA, 0x95, 0x00, 
0x00, 0x56, 0xBF, 0x00, 0x00, 0x52, 0xC3, 0x00, 0x8C, 0x94, 0x00, 0x00, 0x88, 0x96, 0x00, 0xBE, 
0x63, 0x00, 0x00, 0xBA, 0x64, 0x00, 0xEE, 0x32, 0x00, 0x08, 0xF2, 0x31, 0x1E, 0xFD, 0x06, 0x00, 
0x64, 0xF9, 0x05, 0x2B, 0xFD, 0x1C, 0x4D, 0xE3, 0xCC, 0x00, 0x03, 0xB7, 0xF5, 0xB7, 0x77, 0x95, 
0x00, 0x0E, 0xF9, 0x10, 0x00, 0x00, 0xD9, 0x50, 0x00, 0xF0, 0x31, 0x00, 0x35, 0xF3, 0x0A, 0x00, 
0xCC, 0x53, 0x00, 0x97, 0x97, 0x00, 0x00, 0xA7, 0x74, 0x13, 0xF0, 0x27, 0x00, 0x00, 0x82, 0x96, 
0x8A, 0xA0, 0x00, 0x00, 0x00, 0x5E, 0xD7, 0xE9, 0x1B, 0x00, 0x00, 0x00, 0x35, 0xFC, 0x59, 0x00, 
0x00, 0x00, 0xE9, 0x2A, 0x00, 0x20, 0xF7, 0x23, 0x00, 0x20, 0xF5, 0x0F, 0xDA, 0x42, 0x00, 0x8D, 
0xFF, 0x3C, 0x00, 0x79, 0xB7, 0x00, 0xC0, 0x58, 0x0C, 0xE2, 0xC1, 0x53, 0x00, 0xDA, 0x54, 0x00, 
0xA6, 0x6D, 0x6C, 0x90, 0x9C, 0x6A, 0x47, 0xE1, 0x03, 0x00, 0x8B, 0x84, 0xD7, 0x22, 0x84, 0x81, 
0xC1, 0x66, 0x00, 0x00, 0x71, 0xDD, 0xB0, 0x00, 0x6D, 0xDC, 0xD6, 0x05, 0x00, 0x00, 0x50, 0xFA, 
0x3D, 0x00, 0x50, 0xF9, 0x3B, 0x00, 0x00, 0x00, 0x00, 0x00, 0xCF, 0x64, 0x00, 0x2B, 0xE6, 0x24, 
0x00, 0x00, 0x6E, 0xCC, 0x0B, 0xD6, 0x59, 0x00, 0x00, 0x00, 0x0E, 0xF3, 0xC3, 0x8D, 0x00, 0x00, 
0x00, 0x00, 0x01, 0xCB, 0xEF, 0x04, 0x00, 0x00, 0x00, 0x00, 0x82, 0xBB, 0xEA, 0x44, 0x00, 0x00, 
0x00, 0x51, 0xE4, 0x16, 0x8B, 0xB2, 0x00, 0x00, 0x20, 0xEA, 0x3D, 0x00, 0x27, 0xF9, 0x18, 0x00, 
0x0B, 0xF9, 0x10, 0x00, 0x00, 0xD3, 0x51, 0x00, 0xEC, 0x36, 0x00, 0x2E, 0xF6, 0x0C, 0x00, 0xC6, 
0x5B, 0x00, 0x91, 0x9D, 0x00, 0x00, 0x9F, 0x80, 0x10, 0xF0, 0x2E, 0x00, 0x00, 0x79, 0xA5, 0x83, 
0xAB, 0x00, 0x00, 0x00, 0x52, 0xE0, 0xED, 0x23, 0x00, 0x00, 0x00, 0x2B, 0xFF, 0x74, 0x00, 0x00, 
0x00, 0x00, 0x6F, 0xCD, 0x03, 0x00, 0x00, 0x00, 0x26, 0xF2, 0x33, 0x00, 0x00, 0x00, 0x00, 0xBC, 
0x87, 0x00, 0x00, 0x00, 0x00, 0x00, 0x00, 0x9B, 0xFF, 0xFF, 0xFF, 0x60, 0x00, 0x00, 0x00, 0x57, 
0xD9, 0x0D, 0x00, 0x00, 0x28, 0xE9, 0x2D, 0x00, 0x00, 0x0B, 0xD5, 0x5E, 0x00, 0x00, 0x00, 0xA6, 
0x9A, 0x00, 0x00, 0x00, 0x6B, 0xCE, 0x08, 0x00, 0x00, 0x00, 0xE6, 0xFF, 0xFF, 0xFF, 0x5E, 0x00, 
0x00, 0x00, 0x00, 0x5F, 0xE6, 0x00, 0x00, 0x00, 0xE3, 0x32, 0x00, 0x00, 0x23, 0xEC, 0x00, 0x00, 
0x00, 0x5D, 0xB1, 0x00, 0x00, 0x00, 0x9F, 0x6D, 0x00, 0x01, 0x4A, 0xE2, 0x10, 0x00, 0xC2, 0xF7, 
0x40, 0x00, 0x00, 0x01, 0x7A, 0x99, 0x00, 0x00, 0x00, 0x79, 0x83, 0x00, 0x00, 0x00, 0xB3, 0x48, 
0x00, 0x00, 0x00, 0xE9, 0x0F, 0x00, 0x00, 0x0A, 0xFD, 0x0B, 0x00, 0x00, 0x00, 0xC8, 0xE5, 0x00, 
0x00, 0x00, 0x0C, 0xF6, 0x09, 0x00, 0x34, 0xE0, 0x00, 0x00, 0x5D, 0xB6, 0x00, 0x00, 0x86, 0x8B, 
0x00, 0x00, 0xAF, 0x60, 0x00, 0x00, 0xD8, 0x36, 0x00, 0x05, 0xF9, 0x0C, 0x00, 0x29, 0xE0, 0x00, 
0x00, 0x52, 0xB5, 0x00, 0x00, 0x7B, 0x8B, 0x00, 0x00, 0xA4, 0x60, 0x00, 0x00, 0xCC, 0x35, 0x00, 
0x00, 0xE7, 0x0C, 0x00, 0x00, 0x00, 0x00, 0xE8, 0xC7, 0x04, 0x00, 0x00, 0x00, 0x0C, 0xF9, 0x1B, 
0x00, 0x00, 0x00, 0x0E, 0xF8, 0x05, 0x00, 0x00, 0x00, 0x48, 0xC5, 0x00, 0x00, 0x00, 0x00, 0x75, 
0x93, 0x00, 0x00, 0x00, 0x00, 0x67, 0xB3, 0x01, 0x00, 0x00, 0x00, 0x3E, 0xF9, 0xC7, 0x01, 0x00, 
0x1D, 0xDD, 0x2C, 0x00, 0x00, 0x00, 0x6C, 0x8E, 0x00, 0x00, 0x00, 0x00, 0xA6, 0x4F, 0x00, 0x00, 
0x00, 0x00, 0xE1, 0x11, 0x00, 0x00, 0x00, 0x31, 0xCD, 0x00, 0x00, 0x00, 0x00, 0xEA, 0x4F, 0x00, 
0x00, 0x00, 0x00, 0x39, 0xDE, 0xD6, 0x20, 0x04, 0xE6, 0xCA, 0x4E, 0x75, 0xC0, 0x3B, 0xCB, 0xE9, 
0x06, 0x02, 0xAB, 0xEB, 0x47, 0x00, 0x00, 0x0C, 0xE7, 0x00, 0x35, 0xCA, 0x00, 0x5E, 0x9F, 0x00, 
0x87, 0x75, 0x00, 0xAC, 0x48, 0x00, 0x00, 0x00, 0x00, 0x00, 0x00, 0x00, 0x00, 0x00, 0x44, 0xAD, 
0x00, 0x73, 0x8A, 0x00, 0x9E, 0x60, 0x00, 0xC9, 0x36, 0x00, 0xE9, 0x0D, 0x00, 0x00, 0x00, 0x25, 
0xBA, 0xF5, 0xFF, 0x13, 0x00, 0x00, 0xCF, 0x66, 0x09, 0x00, 0x00, 0x00, 0x00, 0xF1, 0x2C, 0x00, 
0x00, 0x00, 0x00, 0x21, 0xE4, 0xEF, 0x92, 0x17, 0x00, 0x00, 0xBA, 0x5F, 0x1B, 0x93, 0xDE, 0x03, 
0x00, 0xF5, 0x0C, 0x00, 0x00, 0xE8, 0x16, 0x00, 0xB7, 0xB8, 0x2E, 0x56, 0xC9, 0x00, 0x00, 0x09, 
0x7A, 0xEA, 0xE1, 0x1C, 0x00, 0x00, 0x00, 0x00, 0x23, 0xF4, 0x00, 0x00, 0xC2, 0x77, 0x0C, 0x60, 
0xC9, 0x00, 0x00, 0x0E, 0xBA, 0xF6, 0xC4, 0x27, 0x00, 0x00, 0x00, 0x00, 0x16, 0x83, 0xD2, 0xF0, 
0xF3, 0xCD, 0x65, 0x00, 0x00, 0x32, 0xE2, 0x89, 0x2C, 0x0A, 0x11, 0x48, 0xD9, 0x72, 0x0C, 0xDF, 
0x48, 0x3A, 0xBE, 0xF1, 0xC1, 0x0B, 0x36, 0xDC, 0x72, 0x9C, 0x32, 0xE5, 0x51, 0x0D, 0x61, 0x0A, 
0x04, 0xFA, 0xC2, 0x3F, 0xB2, 0x5A, 0x00, 0x00, 0x00, 0x00, 0x0F, 0xED, 0xF0, 0x0F, 0xF2, 0x0B, 
0x00, 0x00, 0x00, 0x00, 0x3C, 0xC3, 0xFB, 0x04, 0xE7, 0x5E, 0x09, 0x2E, 0xAE, 0x00, 0x92, 0x78, 
0xDB, 0x3D, 0x4C, 0xD5, 0xF8, 0xCC, 0x29, 0x33, 0xE5, 0x12, 0x6A, 0xE0, 0x55, 0x17, 0x06, 0x20, 
0x71, 0xE6, 0x46, 0x00, 0x00, 0x57, 0xC0, 0xEC, 0xF8, 0xDD, 0x9B, 0x26, 0x00, 0x00, 0x00, 0x00, 
0x43, 0xCD, 0x43, 0xC8, 0x03, 0x00, 0x21, 0xE4, 0x49, 0xE0, 0x2B, 0x00, 0x05, 0xD1, 0x69, 0xC6, 
0x68, 0x00, 0x00, 0x07, 0xEE, 0x2D, 0xE6, 0x2A, 0x00, 0x00, 0x00, 0x8D, 0x8C, 0x85, 0x8A, 0x00, 
0x00, 0x00, 0x23, 0xE1, 0x22, 0xE1, 0x00, 0x00, 0x09, 0x9F, 0xF0, 0xC2, 0x22, 0x88, 0x96, 0x10, 
0x85, 0xB8, 0xE0, 0x4D, 0xFF, 0x88, 0xF3, 0xF6, 0xA1, 0x56, 0xB5, 0xDA, 0xC8, 0x65, 0x14, 0xB1, 
0x74, 0x35, 0xDB, 0xE5, 0x7D, 0x02, 0x36, 0xD1, 0xF1, 0x6D, 0xD5, 0x48, 0x2F, 0xEF, 0xEF, 0x39, 
0x3F, 0xD8, 0x65, 0xED, 0xDD, 0x40, 0x00, 0x00, 0x00, 0x0B, 0xE7, 0x00, 0x00, 0x00, 0x00, 0x00, 
0x31, 0xCE, 0x00, 0x00, 0x00, 0x00, 0x00, 0x58, 0xA7, 0x00, 0x00, 0x00, 0xEC, 0xFF, 0xFF, 0xFF, 
0xFF, 0xEC, 0x00, 0x00, 0x00, 0xA8, 0x57, 0x00, 0x00, 0x00, 0x00, 0x00, 0xCF, 0x30, 0x00, 0x00, 
0x00, 0x00, 0x00, 0xE9, 0x0B, 0x00, 0x00, 0x00, 0x00, 0x00, 0x00, 0x00, 0x00, 0x00, 0xEA, 0xFF, 
0xFF, 0xFF, 0xFF, 0xEA, 0x00, 0x00, 0x32, 0xC8, 0x01, 0x02, 0xCC, 0x35, 0x00, 0x00, 0x00, 0xDE, 
0x23, 0x01, 0xE2, 0x23, 0x00, 0x00, 0x00, 0x8B, 0x8C, 0x00, 0x8D, 0x8E, 0x00, 0x00, 0x00, 0x2B, 
0xEE, 0x07, 0x2B, 0xF0, 0x08, 0x00, 0x00, 0x69, 0xD1, 0x05, 0x69, 0xD1, 0x05, 0x00, 0x2C, 0xE3, 
0x21, 0x2C, 0xE3, 0x21, 0x00, 0x02, 0xCC, 0x43, 0x04, 0xC9, 0x43, 0x00, 0x00, 0x00, 0x00, 0x03, 
0x01, 0x00, 0x00, 0x00, 0x01, 0x00, 0x02, 0xD7, 0x58, 0x00, 0x01, 0x6B, 0x04, 0x00, 0x00, 0x83, 
0xC2, 0x1A, 0xB0, 0x46, 0x00, 0x00, 0x00, 0x07, 0xD8, 0xDF, 0x3A, 0x00, 0x00, 0x00, 0x00, 0x37, 
0xE2, 0xD3, 0x06, 0x00, 0x00, 0x00, 0x43, 0xF0, 0x4C, 0x59, 0x7D, 0x00, 0x00, 0x08, 0xEF, 0x70, 
0x00, 0x00, 0x54, 0x04, 0x00, 0x00, 0x09, 0x00, 0x00, 0x00, 0x00, 0x00, 0x00, 0x00, 0x00, 0x00, 
0xBC, 0x09, 0x00, 0x00, 0x00, 0x03, 0xE3, 0x00, 0x00, 0x00, 0x00, 0x00, 0x00, 0x00, 0x00, 0xD7, 
0xFF, 0xFF, 0xFF, 0xFF, 0xEE, 0x00, 0x00, 0x00, 0x00, 0x00, 0x00, 0x00, 0x00, 0xC0, 0x07, 0x00, 
0x00, 0x00, 0x02, 0xE3, 0x00, 0x00, 0x00, 0x00, 0x00, 0x00, 0x10, 0x01, 0x00, 0x11, 0x00, 0x00, 
0x00, 0x0A, 0xFA, 0x38, 0x31, 0xFE, 0x0D, 0x00, 0x00, 0x00, 0x2E, 0x01, 0x06, 0x28, 0x00, 0x00, 
0x00, 0x98, 0xD8, 0xD8, 0xD8, 0xD6, 0x0A, 0x00, 0x02, 0xF2, 0x4B, 0x20, 0x20, 0x1B, 0x00, 0x00, 
0x28, 0xFA, 0x07, 0x00, 0x00, 0x00, 0x00, 0x00, 0x5B, 0xD6, 0x18, 0x18, 0x12, 0x00, 0x00, 0x00, 
0x8F, 0xEF, 0xDC, 0xDC, 0xAC, 0x00, 0x00, 0x00, 0xC2, 0x6A, 0x00, 0x00, 0x00, 0x00, 0x00, 0x02, 
0xF2, 0x36, 0x00, 0x00, 0x00, 0x00, 0x00, 0x28, 0xFA, 0x07, 0x00, 0x00, 0x00, 0x00, 0x00, 0x51, 
0xFF, 0xFC, 0xFC, 0xFC, 0x7F, 0x00, 0x00, 0x00, 0x00, 0x00, 0x00, 0x00, 0xBB, 0xF0, 0x02, 0x00, 
0x00, 0x00, 0x00, 0x00, 0x50, 0xD7, 0xFF, 0x21, 0x00, 0x00, 0x00, 0x00, 0x04, 0xD9, 0x4F, 0xE8, 
0x4A, 0x00, 0x00, 0x00, 0x00, 0x6D, 0xC9, 0x00, 0xC7, 0x72, 0x00, 0x00, 0x00, 0x0F, 0xEB, 0x44, 
0x00, 0xA6, 0x9A, 0x00, 0x00, 0x00, 0x8A, 0xBE, 0x00, 0x00, 0x85, 0xC3, 0x00, 0x00, 0x20, 0xF8, 
0xFF, 0xFF, 0xFF, 0xFF, 0xEB, 0x00, 0x00, 0xA7, 0xAA, 0x00, 0x00, 0x00, 0x3C, 0xFF, 0x14, 0x2E, 
0xF0, 0x1D, 0x00, 0x00, 0x00, 0x08, 0xF7, 0x35, 0x00, 0x11, 0xFF, 0xFF, 0xFF, 0xFF, 0xE9, 0x00, 
0x3F, 0xF3, 0x05, 0x00, 0x00, 0x00, 0x00, 0x7F, 0xB5, 0x00, 0x00, 0x00, 0x00, 0x00, 0xBF, 0x71, 
0x00, 0x00, 0x00, 0x00, 0x07, 0xF7, 0xFF, 0xFC, 0xDD, 0x4C, 0x00, 0x3F, 0xE9, 0x01, 0x07, 0x5B, 
0xE8, 0x00, 0x7F, 0xA7, 0x00, 0x00, 0x14, 0xED, 0x00, 0xBF, 0x65, 0x00, 0x18, 0xA7, 0x89, 0x00, 
0xF7, 0xFF, 0xF9, 0xD6, 0x76, 0x02, 0x00, 0x00, 0x00, 0xB4, 0xFF, 0xFE, 0xE7, 0x7B, 0x00, 0x00, 
0x02, 0xF4, 0x35, 0x03, 0x50, 0xFF, 0x1A, 0x00, 0x2A, 0xFA, 0x07, 0x00, 0x23, 0xFC, 0x0F, 0x00, 
0x5D, 0xCD, 0x00, 0x18, 0xAF, 0x92, 0x00, 0x00, 0x8F, 0xFF, 0xFF, 0xFF, 0xE7, 0x2A, 0x00, 0x00, 
0xC2, 0x65, 0x00, 0x10, 0xA3, 0xC6, 0x00, 0x02, 0xF2, 0x31, 0x00, 0x00, 0x6C, 0xD2, 0x00, 0x28, 
0xF8, 0x05, 0x04, 0x39, 0xE1, 0x6C, 0x00, 0x4C, 0xFF, 0xFF, 0xFB, 0xDA, 0x6C, 0x00, 0x00, 0x00, 
0x11, 0xFF, 0xFF, 0xFF, 0xEE, 0x00, 0x3F, 0xF6, 0x06, 0x00, 0x00, 0x00, 0x7D, 0xBC, 0x00, 0x00, 
0x00, 0x00, 0xBA, 0x7D, 0x00, 0x00, 0x00, 0x04, 0xF3, 0x3E, 0x00, 0x00, 0x00, 0x36, 0xF7, 0x07, 
0x00, 0x00, 0x00, 0x74, 0xBF, 0x00, 0x00, 0x00, 0x00, 0xB1, 0x80, 0x00, 0x00, 0x00, 0x00, 0xE7, 
0x3D, 0x00, 0x00, 0x00, 0x00, 0x00, 0x00, 0x00, 0x00, 0x23, 0xFC, 0xFF, 0xFF, 0xFF, 0xEE, 0x00, 
0x00, 0x00, 0x00, 0x64, 0x9F, 0x00, 0x00, 0x64, 0xBA, 0x00, 0x00, 0x00, 0x00, 0xA2, 0x65, 0x00, 
0x00, 0xAA, 0x76, 0x00, 0x00, 0x00, 0x00, 0xE5, 0x23, 0x00, 0x02, 0xED, 0x32, 0x00, 0x00, 0x00, 
0x3C, 0xD0, 0x00, 0x00, 0x36, 0xEC, 0x01, 0x00, 0x00, 0x00, 0xAF, 0x62, 0x00, 0x00, 0x7D, 0xAA, 
0x00, 0x00, 0x00, 0x38, 0xCE, 0x04, 0x00, 0x00, 0xC3, 0x66, 0x00, 0x00, 0x19, 0xC8, 0x26, 0x00, 
0x00, 0x0D, 0xFB, 0x22, 0x00, 0x11, 0xFA, 0xFF, 0xFF, 0xFF, 0xFF, 0xFF, 0xFF, 0xFF, 0xE9, 0x58, 
0xB4, 0x00, 0x00, 0x00, 0x00, 0x00, 0x00, 0x52, 0xA8, 0xA3, 0x55, 0x00, 0x00, 0x00, 0x00, 0x00, 
0x00, 0xAE, 0x5D, 0xD4, 0x07, 0x00, 0x00, 0x00, 0x00, 0x00, 0x0D, 0xED, 0x15, 0x00, 0x00, 0xB0, 
0xFF, 0xFF, 0xFF, 0xFB, 0x10, 0x00, 0x01, 0xF1, 0x36, 0x00, 0x00, 0x00, 0x00, 0x00, 0x26, 0xFB, 
0x08, 0x00, 0x00, 0x00, 0x00, 0x00, 0x5A, 0xD1, 0x00, 0x00, 0x00, 0x00, 0x00, 0x00, 0x8D, 0xFF, 
0xFF, 0xFF, 0xC4, 0x00, 0x00, 0x00, 0xC0, 0x69, 0x00, 0x00, 0x00, 0x00, 0x00, 0x01, 0xF1, 0x35, 
0x00, 0x00, 0x00, 0x00, 0x00, 0x27, 0xFA, 0x07, 0x00, 0x00, 0x00, 0x00, 0x00, 0x51, 0xFF, 0xFF, 
0xFF, 0xFF, 0x80, 0x00, 0x00, 0x00, 0x00, 0x01, 0xF7, 0x29, 0x00, 0x12, 0xF6, 0x1A, 0x00, 0x1E, 
0xF1, 0x1A, 0x00, 0x00, 0x00, 0xFF, 0x29, 0x00, 0x4C, 0xE2, 0x00, 0x00, 0x7F, 0xB7, 0x00, 0x00, 
0x00, 0x00, 0xFC, 0x29, 0x00, 0x87, 0xA6, 0x00, 0x07, 0xE2, 0x4A, 0x00, 0x00, 0x00, 0x00, 0xCB, 
0x85, 0x08, 0xC2, 0x6A, 0x1E, 0xA9, 0xB2, 0x00, 0x00, 0x00, 0x00, 0x00, 0x51, 0xF8, 0xFF, 0xFF, 
0xFF, 0xFF, 0xB7, 0x05, 0x00, 0x00, 0x00, 0x00, 0x56, 0xE0, 0x3B, 0x42, 0xEC, 0x07, 0x74, 0xFA, 
0x0C, 0x00, 0x00, 0x00, 0x14, 0xF0, 0x41, 0x00, 0x79, 0xB2, 0x00, 0x08, 0xFF, 0x2C, 0x00, 0x00, 
0x00, 0x8B, 0xBF, 0x00, 0x00, 0xB4, 0x77, 0x00, 0x00, 0xFF, 0x2D, 0x00, 0x00, 0x0D, 0xF1, 0x41, 
0x00, 0x00, 0xE7, 0x3B, 0x00, 0x00, 0xF2, 0x2F, 0x00, 0x00, 0x00, 0x01, 0x75, 0xE1, 0xEE, 0x6A, 
0x00, 0x05, 0x74, 0x12, 0x3C, 0xEF, 0x00, 0x00, 0x00, 0x00, 0x18, 0xDD, 0x00, 0x00, 0x00, 0x20, 
0xAA, 0x51, 0x00, 0x08, 0xFF, 0xF6, 0x4C, 0x00, 0x00, 0x00, 0x04, 0x50, 0xDB, 0x00, 0x00, 0x00, 
0x00, 0x0F, 0xF0, 0x00, 0xC5, 0x36, 0x0F, 0x93, 0xA5, 0x00, 0x59, 0xE3, 0xEE, 0xA7, 0x12, 0x00, 
0x00, 0x16, 0xF9, 0x17, 0x00, 0x00, 0x3C, 0xF7, 0x20, 0x00, 0x50, 0xE3, 0x00, 0x00, 0x1D, 0xE9, 
0xE9, 0x00, 0x00, 0x8B, 0xA8, 0x00, 0x09, 0xCB, 0xCE, 0xAE, 0x00, 0x00, 0xC6, 0x6C, 0x00, 0xA5, 
0x7F, 0xC3, 0x72, 0x00, 0x07, 0xF8, 0x31, 0x76, 0xAF, 0x07, 0xF7, 0x35, 0x00, 0x3B, 0xF1, 0x4B, 
0xD0, 0x0C, 0x39, 0xF4, 0x04, 0x00, 0x76, 0xD6, 0xDA, 0x21, 0x00, 0x74, 0xBD, 0x00, 0x00, 0xB1, 
0xFB, 0x41, 0x00, 0x00, 0xB0, 0x81, 0x00, 0x00, 0xE5, 0x67, 0x00, 0x00, 0x00, 0xE4, 0x41, 0x00, 
0x00, 0x00, 0x00, 0x00, 0x00, 0x55, 0x05, 0x00, 0x4A, 0x15, 0x00, 0x00, 0x00, 0x00, 0xEC, 0x5D, 
0x57, 0xE7, 0x13, 0x00, 0x00, 0x00, 0x00, 0x3C, 0x95, 0x8A, 0x28, 0x00, 0x00, 0x00, 0xAB, 0x56, 
0x00, 0x00, 0x00, 0x66, 0xBD, 0x00, 0x03, 0xF5, 0x37, 0x00, 0x00, 0x4A, 0xFC, 0xAB, 0x00, 0x2B, 
0xFC, 0x09, 0x00, 0x30, 0xEB, 0xDA, 0x78, 0x00, 0x5E, 0xD2, 0x00, 0x1C, 0xE4, 0x60, 0xE4, 0x44, 
0x00, 0x91, 0x9F, 0x0D, 0xD0, 0x85, 0x1A, 0xFF, 0x12, 0x00, 0xC4, 0x6D, 0xB5, 0xA4, 0x01, 0x4E, 
0xDE, 0x00, 0x02, 0xF4, 0xB8, 0xBF, 0x06, 0x00, 0x81, 0xAB, 0x00, 0x2A, 0xFF, 0xD4, 0x10, 0x00, 
0x00, 0xB4, 0x77, 0x00, 0x5B, 0xE5, 0x1E, 0x00, 0x00, 0x00, 0xE5, 0x42, 0x00, 0x02, 0x03, 0x00, 
0x00, 0x00, 0x00, 0x06, 0x00, 0x00, 0x00, 0x13, 0xFA, 0x1E, 0x00, 0x1F, 0xF8, 0x29, 0x00, 0x4D, 
0xE9, 0x00, 0x00, 0x9B, 0xA9, 0x00, 0x00, 0x89, 0xAE, 0x00, 0x26, 0xF3, 0x23, 0x00, 0x00, 0xC5, 
0x72, 0x26, 0xCD, 0x6C, 0x00, 0x00, 0x07, 0xF8, 0xFF, 0xFF, 0x7F, 0x00, 0x00, 0x00, 0x3C, 0xF2, 
0x08, 0x7D, 0xEA, 0x02, 0x00, 0x00, 0x78, 0xB9, 0x00, 0x0C, 0xFF, 0x21, 0x00, 0x00, 0xB4, 0x7D, 
0x00, 0x00, 0xFF, 0x26, 0x00, 0x00, 0xE8, 0x3C, 0x00, 0x00, 0xF7, 0x28, 0x00, 0x00, 0x00, 0x00, 
0x00, 0x00, 0x50, 0xFF, 0xFF, 0xFF, 0xFF, 0x40, 0x00, 0x00, 0x00, 0x00, 0xBB, 0x7F, 0x00, 0x20, 
0xFD, 0x10, 0x00, 0x00, 0x00, 0x24, 0xFD, 0x26, 0x00, 0x63, 0xCC, 0x00, 0x00, 0x00, 0x00, 0x8D, 
0xBB, 0x00, 0x00, 0xA5, 0x8B, 0x00, 0x00, 0x00, 0x05, 0xEC, 0x46, 0x00, 0x00, 0xE6, 0x4A, 0x00, 
0x00, 0x00, 0x4A, 0xCD, 0x00, 0x00, 0x29, 0xFB, 0x0D, 0x00, 0x00, 0x00, 0xA5, 0x54, 0x00, 0x00, 
0x6A, 0xC7, 0x00, 0x00, 0x00, 0x48, 0xBA, 0x01, 0x00, 0x00, 0xAC, 0x86, 0x00, 0x00, 0xCC, 0xB9, 
0x13, 0x00, 0x00, 0x00, 0xE3, 0x46, 0x00, 0x00, 0x00, 0x00, 0xB5, 0xFA, 0x40, 0x00, 0x00, 0x00, 
0x00, 0x3B, 0xF2, 0xCB, 0x00, 0x03, 0xF5, 0xC8, 0x81, 0x00, 0x00, 0x00, 0x05, 0xD6, 0xC6, 0xA6, 
0x00, 0x2B, 0xF5, 0x6F, 0xB2, 0x00, 0x00, 0x00, 0x78, 0xB0, 0xAE, 0x73, 0x00, 0x5D, 0xC5, 0x3C, 
0xE4, 0x00, 0x00, 0x1E, 0xEB, 0x20, 0xE1, 0x40, 0x00, 0x90, 0x92, 0x0E, 0xFE, 0x15, 0x00, 0xB0, 
0x7B, 0x15, 0xFE, 0x0F, 0x00, 0xC2, 0x5F, 0x00, 0xDD, 0x46, 0x4B, 0xD9, 0x06, 0x48, 0xDA, 0x00, 
0x02, 0xF2, 0x2C, 0x00, 0xAE, 0x81, 0xDE, 0x46, 0x00, 0x7B, 0xA7, 0x00, 0x28, 0xF5, 0x03, 0x00, 
0x7E, 0xF8, 0xAA, 0x00, 0x00, 0xAE, 0x74, 0x00, 0x55, 0xC0, 0x00, 0x00, 0x4B, 0xED, 0x1C, 0x00, 
0x00, 0xDB, 0x3E, 0x00, 0x00, 0x00, 0xBC, 0x66, 0x00, 0x00, 0x00, 0x89, 0x97, 0x00, 0x02, 0xF3, 
0x37, 0x00, 0x00, 0x00, 0xC3, 0x69, 0x00, 0x29, 0xFA, 0x08, 0x00, 0x00, 0x02, 0xF3, 0x36, 0x00, 
0x5C, 0xCE, 0x00, 0x00, 0x00, 0x2A, 0xFB, 0x08, 0x00, 0x90, 0xFF, 0xFF, 0xFF, 0xFF, 0xFF, 0xD0, 
0x00, 0x00, 0xC3, 0x69, 0x00, 0x00, 0x00, 0x92, 0x9C, 0x00, 0x02, 0xF3, 0x36, 0x00, 0x00, 0x00, 
0xC4, 0x69, 0x00, 0x2A, 0xFA, 0x07, 0x00, 0x00, 0x02, 0xF4, 0x36, 0x00, 0x58, 0xCA, 0x00, 0x00, 
0x00, 0x25, 0xF4, 0x07, 0x00, 0x00, 0x00, 0x01, 0x5F, 0xD4, 0xF8, 0xE2, 0x8C, 0x07, 0x00, 0x00, 
0x96, 0xD7, 0x3C, 0x08, 0x37, 0xE4, 0x80, 0x00, 0x4F, 0xEE, 0x1A, 0x00, 0x00, 0x00, 0x7D, 0xC9, 
0x00, 0xC0, 0x89, 0x00, 0x00, 0x00, 0x00, 0x6B, 0xD6, 0x0A, 0xFB, 0x3F, 0x00, 0x00, 0x00, 0x00, 
0x8C, 0xB4, 0x26, 0xFF, 0x1B, 0x00, 0x00, 0x00, 0x00, 0xD5, 0x6F, 0x1E, 0xFF, 0x28, 0x00, 0x00, 
0x00, 0x55, 0xF0, 0x0F, 0x01, 0xD8, 0xAD, 0x19, 0x13, 0x63, 0xEF, 0x4C, 0x00, 0x00, 0x29, 0xBA, 
0xF0, 0xF4, 0xB9, 0x32, 0x00, 0x00, 0x00, 0x11, 0xFF, 0xFF, 0xFF, 0xFF, 0xFF, 0xFF, 0x3E, 0x00, 
0x3F, 0xF6, 0x06, 0x00, 0x00, 0x20, 0xFD, 0x10, 0x00, 0x7D, 0xBC, 0x00, 0x00, 0x00, 0x63, 0xCB, 
0x00, 0x00, 0xBA, 0x7D, 0x00, 0x00, 0x00, 0xA5, 0x8A, 0x00, 0x04, 0xF3, 0x3E, 0x00, 0x00, 0x00, 
0xE6, 0x48, 0x00, 0x36, 0xF7, 0x07, 0x00, 0x00, 0x29, 0xFA, 0x0B, 0x00, 0x74, 0xBF, 0x00, 0x00, 
0x00, 0x6A, 0xC5, 0x00, 0x00, 0xB1, 0x80, 0x00, 0x00, 0x00, 0xAC, 0x83, 0x00, 0x00, 0xE7, 0x3D, 
0x00, 0x00, 0x00, 0xE6, 0x3E, 0x00, 0x00, 0x00, 0x00, 0xB0, 0xFF, 0xFE, 0xE9, 0x73, 0x00, 0x00, 
0x02, 0xF3, 0x35, 0x02, 0x59, 0xFF, 0x29, 0x00, 0x28, 0xFA, 0x07, 0x00, 0x01, 0xF9, 0x47, 0x00, 
0x5C, 0xCD, 0x00, 0x00, 0x2D, 0xFE, 0x19, 0x00, 0x8F, 0x99, 0x01, 0x27, 0xC6, 0x9D, 0x00, 0x00, 
0xC2, 0xFF, 0xFE, 0xE3, 0x86, 0x05, 0x00, 0x02, 0xF3, 0x35, 0x00, 0x00, 0x00, 0x00, 0x00, 0x29, 
0xFB, 0x07, 0x00, 0x00, 0x00, 0x00, 0x00, 0x57, 0xCA, 0x00, 0x00, 0x00, 0x00, 0x00, 0x00, 0x00, 
0x00, 0x01, 0x60, 0xCE, 0xF4, 0xD6, 0x51, 0x00, 0x00, 0x93, 0xD8, 0x41, 0x0C, 0x48, 0xA1, 0x00, 
0x4B, 0xF0, 0x1D, 0x00, 0x00, 0x00, 0x00, 0x00, 0xBF, 0x89, 0x00, 0x00, 0x00, 0x00, 0x00, 0x0B, 
0xFC, 0x3B, 0x00, 0x00, 0x00, 0x00, 0x00, 0x26, 0xFF, 0x1B, 0x00, 0x00, 0x00, 0x00, 0x00, 0x13, 
0xFF, 0x35, 0x00, 0x00, 0x00, 0x00, 0x00, 0x00, 0xC5, 0xBD, 0x1D, 0x10, 0x65, 0x85, 0x00, 0x00, 
0x1E, 0xB2, 0xF0, 0xED, 0xA9, 0x20, 0x00, 0xC6, 0xFF, 0xFF, 0xFF, 0xFF, 0xFF, 0xBE, 0x00, 0x00, 
0x52, 0xDE, 0x00, 0x00, 0x00, 0x00, 0x00, 0x84, 0xAB, 0x00, 0x00, 0x00, 0x00, 0x00, 0xB7, 0x78, 
0x00, 0x00, 0x00, 0x00, 0x00, 0xEA, 0x45, 0x00, 0x00, 0x00, 0x00, 0x1D, 0xFF, 0x13, 0x00, 0x00, 
0x00, 0x00, 0x50, 0xDF, 0x00, 0x00, 0x00, 0x00, 0x00, 0x83, 0xAC, 0x00, 0x00, 0x00, 0x00, 0x00, 
0xB0, 0x74, 0x00, 0x00, 0x00, 0x00, 0x06, 0xF1, 0x31, 0x00, 0x00, 0x00, 0x3D, 0xF6, 0x24, 0x00, 
0xD6, 0x5A, 0x00, 0x00, 0x15, 0xE4, 0x69, 0x00, 0x00, 0xAD, 0x7B, 0x00, 0x02, 0xBA, 0xA8, 0x00, 
0x00, 0x00, 0x84, 0x9B, 0x00, 0x80, 0xD9, 0x0D, 0x00, 0x00, 0x00, 0x5B, 0xBA, 0x42, 0xF4, 0x2E, 
0x00, 0x00, 0x00, 0x00, 0x32, 0xE5, 0xE4, 0x64, 0x00, 0x00, 0x00, 0x00, 0x00, 0x10, 0xFF, 0xA9, 
0x00, 0x00, 0x00, 0x00, 0x00, 0x14, 0x8B, 0xE6, 0x16, 0x00, 0x00, 0x00, 0x00, 0x00, 0xEC, 0xD1, 
0x2E, 0x00, 0x00, 0x00, 0x00, 0x00, 0x00, 0x00, 0x00, 0x00, 0x00, 0x13, 0xF8, 0x0B, 0x00, 0x00, 
0x00, 0x00, 0x0A, 0x73, 0xC9, 0xF2, 0xFF, 0xEC, 0xAA, 0x21, 0x00, 0x0F, 0xCF, 0x9E, 0x33, 0x91, 
0x9C, 0x1D, 0x90, 0xD1, 0x00, 0x95, 0x8D, 0x00, 0x00, 0xC4, 0x61, 0x00, 0x01, 0xF0, 0x15, 0xE8, 
0x1B, 0x00, 0x06, 0xF7, 0x27, 0x00, 0x07, 0xF2, 0x08, 0xF5, 0x0F, 0x00, 0x39, 0xED, 0x01, 0x00, 
0x6F, 0xB4, 0x00, 0xB4, 0xA6, 0x25, 0x76, 0xB7, 0x27, 0x87, 0xE1, 0x22, 0x00, 0x14, 0x98, 0xE0, 
0xFF, 0xF8, 0xD2, 0x87, 0x15, 0x00, 0x00, 0x00, 0x00, 0x00, 0xE7, 0x3E, 0x00, 0x00, 0x00, 0x00, 
0x00, 0x00, 0x00, 0x49, 0xEB, 0x08, 0x00, 0x00, 0x9B, 0xB5, 0x00, 0x00, 0x06, 0xEC, 0x55, 0x00, 
0x61, 0xE3, 0x16, 0x00, 0x00, 0x00, 0x91, 0xB3, 0x2D, 0xEE, 0x36, 0x00, 0x00, 0x00, 0x00, 0x2E, 
0xFB, 0xDC, 0x64, 0x00, 0x00, 0x00, 0x00, 0x00, 0x12, 0xF3, 0xCE, 0x00, 0x00, 0x00, 0x00, 0x00, 
0x02, 0xB9, 0xA5, 0xFC, 0x1E, 0x00, 0x00, 0x00, 0x00, 0x86, 0xC2, 0x03, 0xC4, 0x82, 0x00, 0x00, 
0x00, 0x50, 0xE9, 0x1B, 0x00, 0x64, 0xE5, 0x04, 0x00, 0x1C, 0xED, 0x47, 0x00, 0x00, 0x0D, 0xF2, 
0x44, 0x00, 0x00, 0x09, 0xF5, 0x2B, 0x00, 0x00, 0x00, 0x36, 0xE3, 0x00, 0x28, 0xFF, 0x10, 0x00, 
0x00, 0x00, 0x7A, 0xAB, 0x00, 0x46, 0xF1, 0x00, 0x00, 0x00, 0x00, 0xBD, 0x69, 0x00, 0x65, 0xD2, 
0x00, 0x00, 0x00, 0x08, 0xF7, 0x27, 0x00, 0x84, 0xB3, 0x00, 0x00, 0x00, 0x42, 0xE5, 0x00, 0x00, 
0xA3, 0x94, 0x00, 0x00, 0x00, 0x85, 0xA4, 0x00, 0x00, 0xC2, 0x75, 0x00, 0x00, 0x00, 0xC8, 0x62, 
0x00, 0x00, 0xE1, 0x57, 0x00, 0x00, 0x0E, 0xFC, 0x20, 0x00, 0x03, 0xFC, 0xFF, 0xFF, 0xFF, 0xFF, 
0xFF, 0xEC, 0x00, 0x00, 0x00, 0x00, 0x00, 0x00, 0x00, 0x53, 0xA7, 0x00, 0x00, 0x00, 0x00, 0x00, 
0x00, 0x00, 0xB0, 0x5D, 0x00, 0x00, 0x00, 0x00, 0x00, 0x00, 0x0B, 0xF3, 0x15, 0x00, 0x00, 0x23, 
0xF5, 0x13, 0x00, 0x14, 0xF3, 0x1F, 0x00, 0x8C, 0xB3, 0x00, 0x00, 0x50, 0xE4, 0x00, 0x02, 0xEB, 
0x56, 0x00, 0x00, 0x8C, 0xA8, 0x00, 0x05, 0xF6, 0x7F, 0x0D, 0x0B, 0xCE, 0x6C, 0x00, 0x00, 0x5E, 
0xD4, 0xF6, 0xED, 0xFF, 0x30, 0x00, 0x00, 0x00, 0x00, 0x00, 0x3E, 0xF1, 0x02, 0x00, 0x00, 0x00, 
0x00, 0x00, 0x79, 0xB8, 0x00, 0x00, 0x00, 0x00, 0x00, 0x00, 0xB5, 0x7C, 0x00, 0x00, 0x00, 0x00, 
0x00, 0x00, 0xE3, 0x43, 0x00, 0x00, 0x00, 0x00, 0x15, 0xF9, 0x19, 0x00, 0x15, 0xF9, 0x16, 0x00, 
0x00, 0x19, 0xF7, 0x19, 0x00, 0x00, 0x50, 0xE1, 0x00, 0x00, 0x56, 0xD9, 0x00, 0x00, 0x00, 0x56, 
0xDF, 0x00, 0x00, 0x00, 0x8E, 0xA1, 0x00, 0x00, 0x97, 0x97, 0x00, 0x00, 0x00, 0x97, 0x9D, 0x00, 
0x00, 0x00, 0xCC, 0x62, 0x00, 0x00, 0xD9, 0x54, 0x00, 0x00, 0x00, 0xD9, 0x5B, 0x00, 0x00, 0x0D, 
0xFC, 0x22, 0x00, 0x1A, 0xFD, 0x13, 0x00, 0x00, 0x1A, 0xFF, 0x19, 0x00, 0x00, 0x47, 0xE2, 0x00, 
0x00, 0x5C, 0xCE, 0x00, 0x00, 0x00, 0x5C, 0xD7, 0x00, 0x00, 0x00, 0x85, 0xA3, 0x00, 0x00, 0x9E, 
0x8B, 0x00, 0x00, 0x00, 0x9E, 0x95, 0x00, 0x00, 0x00, 0xC3, 0x63, 0x00, 0x00, 0xDF, 0x49, 0x00, 
0x00, 0x00, 0xDF, 0x53, 0x00, 0x00, 0x03, 0xF8, 0xFF, 0xFF, 0xFF, 0xFF, 0xFF, 0xFF, 0xFF, 0xFF, 
0xF2, 0x11, 0x00, 0x00, 0x00, 0x00, 0x15, 0xF9, 0x19, 0x00, 0x15, 0xF9, 0x16, 0x00, 0x00, 0x1A, 
0xF8, 0x19, 0x00, 0x00, 0x50, 0xE1, 0x00, 0x00, 0x56, 0xD9, 0x00, 0x00, 0x00, 0x56, 0xDD, 0x00, 
0x00, 0x00, 0x8E, 0xA1, 0x00, 0x00, 0x97, 0x96, 0x00, 0x00, 0x00, 0x97, 0x9B, 0x00, 0x00, 0x00, 
0xCB, 0x62, 0x00, 0x00, 0xD9, 0x53, 0x00, 0x00, 0x00, 0xD9, 0x58, 0x00, 0x00, 0x0C, 0xFC, 0x22, 
0x00, 0x1A, 0xFD, 0x13, 0x00, 0x00, 0x1A, 0xFE, 0x16, 0x00, 0x00, 0x47, 0xE2, 0x00, 0x00, 0x5C, 
0xCE, 0x00, 0x00, 0x00, 0x5C, 0xD2, 0x00, 0x00, 0x00, 0x84, 0xA3, 0x00, 0x00, 0x9E, 0x8B, 0x00, 
0x00, 0x00, 0x9E, 0x8F, 0x00, 0x00, 0x00, 0xC2, 0x63, 0x00, 0x00, 0xDF, 0x49, 0x00, 0x00, 0x00, 
0xDF, 0x4D, 0x00, 0x00, 0x03, 0xF8, 0xFF, 0xFF, 0xFF, 0xFF, 0xFF, 0xFF, 0xFF, 0xFF, 0xFF, 0xFB, 
0x0F, 0x00, 0x00, 0x00, 0x00, 0x00, 0x00, 0x00, 0x00, 0x00, 0x00, 0x00, 0x2E, 0xB6, 0x00, 0x00, 
0x00, 0x00, 0x00, 0x00, 0x00, 0x00, 0x00, 0x00, 0x00, 0x00, 0x8C, 0x58, 0x00, 0x00, 0x00, 0x00, 
0x00, 0x00, 0x00, 0x00, 0x00, 0x00, 0x00, 0x00, 0xD2, 0x09, 0x00, 0x00, 0xE7, 0xFF, 0xFF, 0x3F, 
0x00, 0x00, 0x00, 0x00, 0x10, 0xFF, 0x26, 0x00, 0x00, 0x00, 0x00, 0x33, 0xFD, 0x06, 0x00, 0x00, 
0x00, 0x00, 0x55, 0xE1, 0x00, 0x00, 0x00, 0x00, 0x00, 0x77, 0xFF, 0xFF, 0xFC, 0xD3, 0x44, 0x00, 
0x99, 0x9E, 0x00, 0x06, 0x5F, 0xE5, 0x00, 0xBB, 0x7B, 0x00, 0x00, 0x15, 0xEB, 0x00, 0xDC, 0x59, 
0x00, 0x18, 0xA8, 0x8A, 0x00, 0xF5, 0xFF, 0xFD, 0xE1, 0x80, 0x04, 0x00, 0x13, 0xFA, 0x1B, 0x00, 
0x00, 0x00, 0x00, 0x11, 0xFA, 0x1C, 0x00, 0x4E, 0xE3, 0x00, 0x00, 0x00, 0x00, 0x00, 0x4C, 0xE7, 
0x00, 0x00, 0x8C, 0xA3, 0x00, 0x00, 0x00, 0x00, 0x00, 0x87, 0xAA, 0x00, 0x00, 0xC9, 0x63, 0x00, 
0x00, 0x00, 0x00, 0x00, 0xC2, 0x6E, 0x00, 0x0B, 0xFB, 0xFF, 0xFD, 0xDD, 0x4C, 0x00, 0x06, 0xF7, 
0x32, 0x00, 0x44, 0xE3, 0x00, 0x04, 0x56, 0xE9, 0x00, 0x39, 0xF2, 0x03, 0x00, 0x81, 0xA3, 0x00, 
0x00, 0x15, 0xE9, 0x00, 0x75, 0xB9, 0x00, 0x00, 0xBF, 0x63, 0x01, 0x1C, 0xAC, 0x7E, 0x00, 0xB0, 
0x7C, 0x00, 0x00, 0xF2, 0xFF, 0xFA, 0xD6, 0x70, 0x01, 0x00, 0xE8, 0x3C, 0x00, 0x00, 0x00, 0x13, 
0xFA, 0x1A, 0x00, 0x00, 0x00, 0x4E, 0xE3, 0x00, 0x00, 0x00, 0x00, 0x8C, 0xA3, 0x00, 0x00, 0x00, 
0x00, 0xC9, 0x63, 0x00, 0x00, 0x00, 0x0B, 0xFB, 0xFF, 0xFF, 0xE0, 0x50, 0x44, 0xE3, 0x00, 0x03, 
0x57, 0xE9, 0x81, 0xA3, 0x00, 0x00, 0x14, 0xEB, 0xBF, 0x63, 0x00, 0x17, 0xA7, 0x84, 0xF6, 0xFF, 
0xFB, 0xDA, 0x78, 0x02, 0x00, 0x05, 0x7B, 0xDE, 0xF3, 0xB3, 0x14, 0x00, 0xBF, 0x7D, 0x1A, 0x14, 
0xA7, 0xA5, 0x00, 0x00, 0x00, 0x00, 0x00, 0x20, 0xEC, 0x00, 0x00, 0x00, 0x00, 0x00, 0x05, 0xFA, 
0x00, 0xEC, 0xFF, 0xFF, 0xFF, 0xFF, 0xDE, 0x00, 0x00, 0x00, 0x00, 0x00, 0x69, 0xA2, 0x00, 0x00, 
0x00, 0x00, 0x06, 0xD1, 0x42, 0xC9, 0x51, 0x0C, 0x26, 0xB1, 0xA4, 0x00, 0x3A, 0xCC, 0xF8, 0xDC, 
0x7E, 0x05, 0x00, 0x00, 0x13, 0xFA, 0x1E, 0x00, 0x48, 0xC0, 0xF1, 0xEA, 0xA4, 0x13, 0x00, 0x4D, 
0xE8, 0x00, 0x65, 0xFE, 0x9C, 0x0E, 0x1D, 0xA9, 0xA4, 0x00, 0x89, 0xAB, 0x00, 0xE5, 0xDF, 0x04, 
0x00, 0x00, 0x19, 0xEA, 0x00, 0xC4, 0x6E, 0x00, 0xAC, 0x87, 0x00, 0x00, 0x00, 0x07, 0xF9, 0x07, 
0xF8, 0xFF, 0xFF, 0xFF, 0x52, 0x00, 0x00, 0x00, 0x2A, 0xD9, 0x3C, 0xF1, 0x03, 0x00, 0xBF, 0x3B, 
0x00, 0x00, 0x00, 0x75, 0x98, 0x77, 0xB7, 0x00, 0x00, 0xBE, 0x42, 0x00, 0x00, 0x12, 0xE3, 0x2F, 
0xB3, 0x7A, 0x00, 0x00, 0x95, 0x94, 0x0E, 0x40, 0xD0, 0x7E, 0x00, 0xE7, 0x39, 0x00, 0x00, 0x21, 
0xD4, 0xF4, 0xCB, 0x59, 0x00, 0x00, 0x00, 0x00, 0x00, 0x0D, 0x94, 0xE4, 0xFF, 0xFF, 0xFF, 0x40, 
0x00, 0x00, 0x00, 0x9C, 0xB4, 0x2A, 0x05, 0x21, 0xFD, 0x10, 0x00, 0x00, 0x00, 0xEA, 0x15, 0x00, 
0x00, 0x64, 0xCB, 0x00, 0x00, 0x00, 0x00, 0xE1, 0x62, 0x08, 0x00, 0xA7, 0x8A, 0x00, 0x00, 0x00, 
0x00, 0x53, 0xF8, 0xFF, 0xFF, 0xFF, 0x49, 0x00, 0x00, 0x00, 0x62, 0xDE, 0x4B, 0x0A, 0x2A, 0xFB, 
0x0C, 0x00, 0x00, 0x32, 0xFB, 0x30, 0x00, 0x00, 0x6D, 0xC6, 0x00, 0x00, 0x00, 0xBB, 0xAD, 0x00, 
0x00, 0x00, 0xB0, 0x85, 0x00, 0x00, 0x21, 0xFA, 0x35, 0x00, 0x00, 0x00, 0xE8, 0x3D, 0x00, 0x00, 
0x00, 0x05, 0x8E, 0xEB, 0xDB, 0x7F, 0xC2, 0x00, 0x86, 0xC9, 0x1C, 0x37, 0xE6, 0x96, 0x0D, 0xF4, 
0x34, 0x00, 0x00, 0xBA, 0x64, 0x49, 0xE5, 0x00, 0x00, 0x07, 0xF2, 0x31, 0x69, 0xC8, 0x00, 0x00, 
0x63, 0xF9, 0x05, 0x55, 0xEB, 0x1A, 0x4D, 0xE2, 0xCC, 0x00, 0x09, 0xB7, 0xF3, 0xB3, 0x79, 0x93, 
0x00, 0x00, 0x00, 0x13, 0x6A, 0xAB, 0xD6, 0xD9, 0x00, 0x30, 0xDF, 0x97, 0x4F, 0x22, 0x01, 0x01, 
0xD0, 0x42, 0x00, 0x00, 0x00, 0x00, 0x42, 0xC9, 0xAE, 0xF4, 0xDB, 0x46, 0x00, 0x8F, 0xEB, 0x4E, 
0x0C, 0x6A, 0xDB, 0x00, 0xC7, 0x6D, 0x00, 0x00, 0x09, 0xF8, 0x00, 0xEE, 0x21, 0x00, 0x00, 0x24, 
0xDA, 0x00, 0xFA, 0x08, 0x00, 0x00, 0x7F, 0x8C, 0x00, 0xD7, 0x59, 0x08, 0x61, 0xDF, 0x16, 0x00, 
0x48, 0xE8, 0xF1, 0xB3, 0x25, 0x00, 0x00, 0x00, 0x50, 0xE2, 0xF5, 0xCE, 0x4E, 0x2E, 0xC6, 0x24, 
0x08, 0x47, 0xEF, 0x9C, 0x2C, 0x00, 0x11, 0x72, 0xC4, 0xDC, 0xFF, 0xFF, 0xFF, 0xFB, 0x54, 0xE5, 
0x00, 0x00, 0x0A, 0x48, 0xEF, 0xEA, 0x33, 0x0A, 0x29, 0x93, 0xB7, 0x64, 0xED, 0xF4, 0xD2, 0x83, 
0x0B, 0x00, 0x21, 0xC3, 0xF3, 0x82, 0x00, 0xB0, 0x37, 0x2A, 0xF3, 0x00, 0x00, 0x10, 0x85, 0xBB, 
0x15, 0x9F, 0xE0, 0x87, 0x0D, 0xC1, 0x6F, 0x04, 0x00, 0x00, 0xF1, 0x39, 0x06, 0x3E, 0x05, 0x64, 
0xE2, 0xF8, 0xC4, 0x2E, 0x00, 0x00, 0xE3, 0xDC, 0x7C, 0x05, 0x00, 0x00, 0x04, 0x37, 0xD8, 0x80, 
0x00, 0x00, 0x00, 0x00, 0x3F, 0xDD, 0x00, 0x60, 0xE4, 0xE6, 0x56, 0xFA, 0x35, 0xDF, 0x29, 0x23, 
0xD3, 0xF3, 0xA4, 0x62, 0x00, 0x00, 0x7F, 0xD2, 0xE5, 0x1A, 0x00, 0x00, 0x85, 0x96, 0xFB, 0x04, 
0x00, 0x04, 0xD8, 0x3C, 0xE3, 0x40, 0x1B, 0xA7, 0xA8, 0x00, 0x65, 0xEF, 0xE3, 0x8A, 0x08, 0x00, 
0x00, 0x01, 0x75, 0xDD, 0xF2, 0xA6, 0x05, 0x00, 0x7C, 0xD0, 0x2B, 0x1D, 0xE6, 0x4E, 0x12, 0xF5, 
0x31, 0x10, 0x53, 0xF3, 0x2B, 0x52, 0xFF, 0xFE, 0xF1, 0xC5, 0x4F, 0x00, 0x6D, 0xB6, 0x00, 0x00, 
0x00, 0x00, 0x00, 0x50, 0xE3, 0x1F, 0x00, 0x00, 0x00, 0x00, 0x03, 0x9D, 0xF0, 0xF8, 0xD3, 0x1F, 
0x00, 0x00, 0xCE, 0xEF, 0x62, 0x00, 0x1A, 0xF8, 0x12, 0x06, 0xB7, 0xE0, 0x00, 0x13, 0x43, 0xE1, 
0x00, 0x68, 0xC6, 0x00, 0x65, 0x9A, 0x0E, 0x00, 0x00, 0x06, 0xFA, 0x00, 0xB5, 0x77, 0x00, 0xB5, 
0x3B, 0x00, 0x00, 0x00, 0x26, 0xFF, 0xFF, 0xFF, 0xFF, 0xFF, 0xFF, 0x12, 0x00, 0x00, 0x00, 0x79, 
0xA3, 0x4E, 0xD8, 0x00, 0x00, 0xFB, 0x01, 0x00, 0x0C, 0x3D, 0xEC, 0x30, 0x9A, 0x89, 0x00, 0x00, 
0xFB, 0x15, 0x00, 0xE5, 0xDE, 0x4B, 0x00, 0xE0, 0x39, 0x00, 0x00, 0xC2, 0xCE, 0x00, 0x00, 0x3D, 
0xCB, 0xF5, 0x8C, 0x00, 0xAB, 0x2E, 0x2B, 0xF4, 0x00, 0x00, 0x05, 0x60, 0xB8, 0x00, 0xE4, 0xFF, 
0xF8, 0x4B, 0x00, 0x00, 0x05, 0x40, 0xED, 0xBB, 0x27, 0x0E, 0x73, 0xC3, 0x69, 0xE8, 0xED, 0xAE, 
0x1E, 0x00, 0x56, 0xBF, 0x00, 0x00, 0x52, 0xC3, 0x00, 0x8C, 0x94, 0x00, 0x00, 0x88, 0x96, 0x00, 
0xBE, 0x63, 0x00, 0x00, 0xBA, 0x64, 0x00, 0xEE, 0x32, 0x00, 0x08, 0xF2, 0x31, 0x1E, 0xFD, 0x06, 
0x00, 0x64, 0xF9, 0x05, 0x2B, 0xFD, 0x1C, 0x4D, 0xE3, 0xCC, 0x00, 0x03, 0xB7, 0xF5, 0xB7, 0x77, 
0x95, 0x00, 0x00, 0x00, 0x30, 0x3F, 0x00, 0x1F, 0x54, 0x00, 0x00, 0x6B, 0xBF, 0x35, 0xB7, 0x7D, 
0x00, 0x00, 0x09, 0x7E, 0x9F, 0x66, 0x01, 0x00, 0x2E, 0x60, 0x00, 0x00, 0x2C, 0x63, 0x00, 0x86, 
0x9A, 0x00, 0x00, 0x83, 0x9D, 0x00, 0xB9, 0x67, 0x00, 0x00, 0xB6, 0x69, 0x00, 0xEB, 0x35, 0x00, 
0x03, 0xEC, 0x36, 0x1D, 0xFC, 0x07, 0x00, 0x4E, 0xFB, 0x08, 0x36, 0xF7, 0x06, 0x25, 0xDA, 0xCF, 
0x00, 0x0B, 0xDA, 0xE6, 0xD0, 0x8A, 0x9B, 0x00, 0x00, 0x02, 0x15, 0x00, 0x02, 0x03, 0x00, 0x00, 
0x1A, 0xF7, 0x12, 0x31, 0xEC, 0x23, 0x00, 0x66, 0xC6, 0x04, 0xD0, 0x75, 0x00, 0x00, 0xB3, 0x79, 
0x7A, 0xC3, 0x02, 0x00, 0x09, 0xF6, 0xFF, 0xDE, 0x0F, 0x00, 0x00, 0x4D, 0xD7, 0x2F, 0xFE, 0x0F, 
0x00, 0x00, 0x9A, 0x88, 0x00, 0xC7, 0x7E, 0x00, 0x00, 0xDE, 0x39, 0x00, 0x31, 0xF1, 0x19, 0x00, 
0x00, 0x00, 0x00, 0x00, 0x4F, 0xD9, 0xFC, 0xFE, 0x3D, 0x00, 0x00, 0x00, 0x38, 0xE3, 0x37, 0x19, 
0xFF, 0x1D, 0x00, 0x00, 0x00, 0xAE, 0x65, 0x00, 0x43, 0xED, 0x00, 0x00, 0x00, 0x03, 0xEE, 0x1C, 
0x00, 0x6F, 0xBD, 0x00, 0x00, 0x00, 0x41, 0xD5, 0x00, 0x00, 0x9B, 0x8D, 0x00, 0x00, 0x14, 0xC4, 
0x75, 0x00, 0x00, 0xC8, 0x5D, 0x00, 0x05, 0xF5, 0xA9, 0x07, 0x00, 0x01, 0xEB, 0x29, 0x00, 0x00, 
0x00, 0xD2, 0xC5, 0x00, 0x00, 0x02, 0xCF, 0xF8, 0x07, 0x00, 0x2E, 0xF0, 0xFC, 0x0B, 0x00, 0x74, 
0xFF, 0xEA, 0x00, 0x00, 0x85, 0x9B, 0xFF, 0x40, 0x2B, 0xF7, 0xC0, 0xC3, 0x00, 0x00, 0xDC, 0x3E, 
0xFF, 0x7B, 0xCD, 0xB1, 0xAD, 0x9C, 0x00, 0x34, 0xDE, 0x01, 0xFF, 0xFF, 0xFF, 0x31, 0xC3, 0x75, 
0x00, 0x8B, 0x89, 0x00, 0xF9, 0xFF, 0xB0, 0x00, 0xDA, 0x4E, 0x00, 0xDA, 0x32, 0x00, 0xE2, 0xF4, 
0x30, 0x00, 0xEB, 0x24, 0x00, 0x00, 0x16, 0xF8, 0x14, 0x00, 0x16, 0xF7, 0x15, 0x00, 0x63, 0xCB, 
0x00, 0x00, 0x63, 0xC9, 0x00, 0x00, 0xB2, 0x7B, 0x00, 0x00, 0xB1, 0x78, 0x00, 0x09, 0xF6, 0xFF, 
0xFF, 0xFF, 0xFF, 0x28, 0x00, 0x4E, 0xDB, 0x00, 0x00, 0x4F, 0xD7, 0x00, 0x00, 0x9C, 0x8A, 0x00, 
0x00, 0x9D, 0x87, 0x00, 0x00, 0xE1, 0x3A, 0x00, 0x00, 0xE0, 0x38, 0x00, 0x00, 0x00, 0x02, 0x7C, 
0xDF, 0xF3, 0xB6, 0x16, 0x00, 0x88, 0xCF, 0x2A, 0x13, 0xC4, 0x8D, 0x16, 0xF9, 0x2C, 0x00, 0x00, 
0x7F, 0xB1, 0x56, 0xDD, 0x00, 0x00, 0x00, 0x96, 0x99, 0x6D, 0xC5, 0x00, 0x00, 0x04, 0xE1, 0x51, 
0x4A, 0xF1, 0x2A, 0x12, 0x9C, 0xC8, 0x02, 0x01, 0x93, 0xED, 0xED, 0xA3, 0x14, 0x00, 0x00, 0x0C, 
0xFB, 0xFF, 0xFF, 0xFF, 0xFF, 0x3C, 0x00, 0x56, 0xE9, 0x03, 0x00, 0x2C, 0xED, 0x05, 0x00, 0xA7, 
0x96, 0x00, 0x00, 0x85, 0x9A, 0x00, 0x06, 0xF1, 0x40, 0x00, 0x00, 0xDD, 0x42, 0x00, 0x49, 0xE7, 
0x02, 0x00, 0x37, 0xE8, 0x02, 0x00, 0x9A, 0x94, 0x00, 0x00, 0x90, 0x93, 0x00, 0x00, 0xE0, 0x3E, 
0x00, 0x00, 0xDD, 0x3C, 0x00, 0x00, 0x00, 0x00, 0x48, 0xAE, 0x85, 0xEC, 0xD6, 0x29, 0x00, 0x00, 
0x80, 0xF1, 0x7F, 0x12, 0xB1, 0x9B, 0x00, 0x00, 0xB2, 0xAB, 0x00, 0x00, 0x7D, 0xB1, 0x00, 0x00, 
0xE4, 0x41, 0x00, 0x00, 0x9A, 0x92, 0x00, 0x15, 0xFB, 0x08, 0x00, 0x05, 0xE5, 0x4B, 0x00, 0x48, 
0xFE, 0x68, 0x10, 0x8F, 0xCF, 0x03, 0x00, 0x7A, 0xB6, 0xC7, 0xF5, 0xB9, 0x1E, 0x00, 0x00, 0xAC, 
0x6C, 0x00, 0x00, 0x00, 0x00, 0x00, 0x00, 0xDE, 0x3E, 0x00, 0x00, 0x00, 0x00, 0x00, 0x0C, 0xF6, 
0x10, 0x00, 0x00, 0x00, 0x00, 0x00, 0x00, 0x05, 0x86, 0xE4, 0xE8, 0x58, 0x00, 0x8C, 0xC5, 0x1F, 
0x2D, 0xA7, 0x14, 0xF8, 0x24, 0x00, 0x00, 0x00, 0x57, 0xD6, 0x00, 0x00, 0x00, 0x00, 0x72, 0xBD, 
0x00, 0x00, 0x00, 0x00, 0x57, 0xEB, 0x1F, 0x21, 0xA9, 0x02, 0x05, 0xAC, 0xF5, 0xDB, 0x54, 0x00, 
0x00, 0x4B, 0xA8, 0x8A, 0xEF, 0xD5, 0x20, 0x94, 0xF1, 0xCC, 0x12, 0x00, 0x82, 0xF1, 0x7D, 0x11, 
0xDB, 0xE3, 0x72, 0x12, 0xE6, 0x57, 0x00, 0xB5, 0xAB, 0x00, 0x00, 0xC8, 0x9E, 0x00, 0x00, 0xD7, 
0x4C, 0x00, 0xE8, 0x44, 0x00, 0x02, 0xF4, 0x35, 0x00, 0x0A, 0xFC, 0x1D, 0x1B, 0xFC, 0x0A, 0x00, 
0x2B, 0xF4, 0x02, 0x00, 0x39, 0xE9, 0x00, 0x4F, 0xD4, 0x00, 0x00, 0x5E, 0xC4, 0x00, 0x00, 0x6C, 
0xB6, 0x00, 0x7D, 0x9D, 0x00, 0x00, 0x8C, 0x8D, 0x00, 0x00, 0x99, 0x7D, 0x00, 0x0B, 0xF9, 0x10, 
0x00, 0x00, 0xD3, 0x51, 0x00, 0xEC, 0x36, 0x00, 0x2E, 0xF6, 0x0C, 0x00, 0xC6, 0x5B, 0x00, 0x91, 
0x9D, 0x00, 0x00, 0x9F, 0x80, 0x10, 0xF0, 0x2E, 0x00, 0x00, 0x79, 0xA5, 0x83, 0xAB, 0x00, 0x00, 
0x00, 0x52, 0xE0, 0xED, 0x23, 0x00, 0x00, 0x00, 0x2B, 0xFF, 0x74, 0x00, 0x00, 0x00, 0x00, 0x6F, 
0xCD, 0x03, 0x00, 0x00, 0x00, 0x26, 0xF2, 0x33, 0x00, 0x00, 0x00, 0x00, 0xBC, 0x87, 0x00, 0x00, 
0x00, 0x00, 0x00, 0x00, 0x00, 0x00, 0x00, 0x00, 0xDD, 0x48, 0x00, 0x00, 0x00, 0x00, 0x00, 0x00, 
0x10, 0xFF, 0x1E, 0x00, 0x00, 0x00, 0x00, 0x00, 0x00, 0x41, 0xEA, 0x00, 0x00, 0x00, 0x00, 0x72, 
0xF3, 0xD8, 0xAC, 0xFF, 0xEE, 0xE1, 0x52, 0x35, 0xDA, 0x1A, 0x37, 0xF3, 0xDF, 0x11, 0x4B, 0xE5, 
0x9B, 0x68, 0x00, 0x00, 0xD5, 0x66, 0x00, 0x0A, 0xF4, 0xD9, 0x25, 0x00, 0x0C, 0xFC, 0x1E, 0x00, 
0x3A, 0xC8, 0xF8, 0x06, 0x00, 0x63, 0xE7, 0x00, 0x00, 0xA5, 0x70, 0xF4, 0x1E, 0x54, 0xD6, 0xD0, 
0x11, 0x7B, 0xD7, 0x0B, 0x99, 0xEC, 0x69, 0xB5, 0xDC, 0xEF, 0xAF, 0x1C, 0x00, 0x00, 0x00, 0x00, 
0xCC, 0x4C, 0x00, 0x00, 0x00, 0x00, 0x00, 0x00, 0x02, 0xF5, 0x18, 0x00, 0x00, 0x00, 0x00, 0x00, 
0x00, 0x27, 0xDA, 0x00, 0x00, 0x00, 0x00, 0x00, 0x00, 0x00, 0xCF, 0x64, 0x00, 0x2B, 0xE6, 0x24, 
0x00, 0x00, 0x6E, 0xCC, 0x0B, 0xD6, 0x59, 0x00, 0x00, 0x00, 0x0E, 0xF3, 0xC3, 0x8D, 0x00, 0x00, 
0x00, 0x00, 0x01, 0xCB, 0xEF, 0x04, 0x00, 0x00, 0x00, 0x00, 0x82, 0xBB, 0xEA, 0x44, 0x00, 0x00, 
0x00, 0x51, 0xE4, 0x16, 0x8B, 0xB2, 0x00, 0x00, 0x20, 0xEA, 0x3D, 0x00, 0x27, 0xF9, 0x18, 0x00, 
0x00, 0x13, 0xFA, 0x17, 0x00, 0x1C, 0xF9, 0x15, 0x00, 0x51, 0xDC, 0x00, 0x00, 0x77, 0xCF, 0x00, 
0x00, 0x90, 0x9B, 0x00, 0x00, 0xD3, 0x84, 0x00, 0x00, 0xD0, 0x5B, 0x00, 0x28, 0xFF, 0x39, 0x00, 
0x09, 0xFD, 0x21, 0x00, 0x8B, 0xEC, 0x02, 0x00, 0x13, 0xFF, 0x37, 0x59, 0xE9, 0xC5, 0x02, 0x00, 
0x00, 0xA5, 0xF5, 0xC0, 0x30, 0xCB, 0xE9, 0x00, 0x00, 0x00, 0x00, 0x00, 0x00, 0x41, 0xA7, 0x00, 
0x00, 0x00, 0x00, 0x00, 0x00, 0x99, 0x5F, 0x00, 0x00, 0x00, 0x00, 0x00, 0x01, 0xE5, 0x17, 0x00, 
0x00, 0xF6, 0x29, 0x00, 0x0B, 0xF6, 0x20, 0x00, 0xFF, 0x22, 0x00, 0x3A, 0xF8, 0x03, 0x12, 0xFF, 
0x14, 0x00, 0x99, 0xD2, 0x00, 0x15, 0xFF, 0x31, 0x6B, 0xF7, 0xA9, 0x00, 0x00, 0xAC, 0xF3, 0x9B, 
0xAF, 0x7F, 0x00, 0x00, 0x00, 0x00, 0x00, 0xCD, 0x56, 0x00, 0x00, 0x00, 0x00, 0x00, 0xED, 0x29, 
0x00, 0x00, 0x13, 0xFA, 0x18, 0x00, 0x1A, 0xFA, 0x14, 0x00, 0xF5, 0x25, 0x00, 0x50, 0xDD, 0x00, 
0x00, 0x71, 0xCA, 0x00, 0x00, 0xFF, 0x0A, 0x00, 0x8F, 0x9D, 0x00, 0x00, 0xC8, 0x7B, 0x00, 0x00, 
0xEC, 0x00, 0x00, 0xCD, 0x5D, 0x00, 0x1F, 0xFF, 0x2C, 0x00, 0x21, 0xCF, 0x00, 0x08, 0xFD, 0x24, 
0x00, 0x87, 0xE9, 0x00, 0x00, 0x91, 0xB2, 0x00, 0x10, 0xFF, 0x3A, 0x5F, 0xDE, 0xF2, 0x19, 0x6F, 
0xEC, 0x95, 0x00, 0x00, 0xA8, 0xF3, 0xA4, 0x1A, 0xCD, 0xF1, 0x98, 0x89, 0x71, 0x00, 0x00, 0x13, 
0xFA, 0x18, 0x00, 0x1B, 0xF9, 0x14, 0x00, 0xF5, 0x27, 0x00, 0x52, 0xDC, 0x00, 0x00, 0x74, 0xC7, 
0x00, 0x00, 0xFF, 0x13, 0x00, 0x91, 0x9A, 0x00, 0x00, 0xCF, 0x76, 0x00, 0x00, 0xFC, 0x01, 0x00, 
0xD1, 0x59, 0x00, 0x25, 0xFF, 0x24, 0x00, 0x27, 0xE8, 0x00, 0x0A, 0xFE, 0x23, 0x00, 0x8C, 0xE3, 
0x00, 0x00, 0x98, 0xD2, 0x00, 0x0F, 0xFF, 0x3B, 0x62, 0xDA, 0xF0, 0x14, 0x74, 0xE7, 0xC4, 0x00, 
0x00, 0xA6, 0xF3, 0xA0, 0x17, 0xCD, 0xF1, 0x93, 0x42, 0xED, 0xE6, 0x00, 0x00, 0x00, 0x00, 0x00, 
0x00, 0x00, 0x00, 0x00, 0x40, 0xA7, 0x00, 0x00, 0x00, 0x00, 0x00, 0x00, 0x00, 0x00, 0x00, 0x97, 
0x5F, 0x00, 0x00, 0x00, 0x00, 0x00, 0x00, 0x00, 0x00, 0x01, 0xE1, 0x17, 0xF9, 0xFF, 0xFF, 0x42, 
0x00, 0x00, 0x00, 0x26, 0xF7, 0x0A, 0x00, 0x00, 0x00, 0x73, 0xF5, 0xF1, 0xDD, 0x4D, 0x00, 0xC0, 
0x81, 0x08, 0x52, 0xE6, 0x01, 0xFB, 0x2F, 0x00, 0x14, 0xE6, 0x03, 0xF4, 0x58, 0x15, 0xA3, 0x95, 
0x00, 0x6D, 0xEC, 0xE9, 0x95, 0x0B, 0x00, 0x14, 0xFA, 0x17, 0x00, 0x00, 0x00, 0x0C, 0xF9, 0x22, 
0x00, 0x52, 0xDC, 0x00, 0x00, 0x00, 0x00, 0x34, 0xF9, 0x03, 0x00, 0x91, 0xF1, 0xF4, 0xDB, 0x4B, 
0x00, 0x5B, 0xD3, 0x00, 0x00, 0xD0, 0x76, 0x08, 0x55, 0xE6, 0x00, 0x83, 0xA9, 0x00, 0x02, 0xFD, 
0x2C, 0x00, 0x14, 0xE6, 0x00, 0xAA, 0x7F, 0x00, 0x04, 0xF6, 0x4F, 0x17, 0xA6, 0x93, 0x00, 0xD2, 
0x55, 0x00, 0x00, 0x73, 0xED, 0xE6, 0x8F, 0x09, 0x00, 0xEE, 0x25, 0x00, 0x00, 0x13, 0xFA, 0x18, 
0x00, 0x00, 0x00, 0x51, 0xDE, 0x00, 0x00, 0x00, 0x00, 0x90, 0xF2, 0xF6, 0xDB, 0x4B, 0x00, 0xCE, 
0x7A, 0x08, 0x55, 0xE6, 0x02, 0xFD, 0x2F, 0x00, 0x14, 0xE6, 0x03, 0xF5, 0x55, 0x16, 0xA3, 0x94, 
0x00, 0x6F, 0xEB, 0xE8, 0x92, 0x0A, 0x00, 0x44, 0xD4, 0xF3, 0xBC, 0x26, 0x00, 0xA7, 0x26, 0x0D, 
0x82, 0xC4, 0x00, 0x00, 0x00, 0x00, 0x09, 0xF7, 0x00, 0xEA, 0xFF, 0xFF, 0xFF, 0xE1, 0x00, 0x00, 
0x00, 0x00, 0x70, 0x96, 0xBA, 0x2A, 0x0D, 0x5D, 0xE0, 0x1D, 0x50, 0xE5, 0xEE, 0xB4, 0x28, 0x00, 
0x00, 0x17, 0xF9, 0x14, 0x05, 0x80, 0xDF, 0xEC, 0x5B, 0x00, 0x64, 0xCA, 0x00, 0x80, 0xDE, 0x2A, 
0x43, 0xDF, 0x00, 0xB2, 0x7B, 0x00, 0xC1, 0x5D, 0x00, 0x05, 0xFA, 0x09, 0xF6, 0xFF, 0xFF, 0xFF, 
0x18, 0x00, 0x1B, 0xE6, 0x4F, 0xDB, 0x00, 0x00, 0xFA, 0x04, 0x00, 0x5B, 0xA9, 0x9D, 0x8A, 0x00, 
0x00, 0xE0, 0x43, 0x23, 0xD8, 0x38, 0xE1, 0x3A, 0x00, 0x00, 0x5B, 0xEC, 0xE1, 0x5C, 0x00, 0x00, 
0x00, 0x22, 0xAE, 0xED, 0xFC, 0xF0, 0x2F, 0x00, 0x00, 0xCD, 0x6F, 0x11, 0x19, 0xFF, 0x18, 0x00, 
0x00, 0xF2, 0x31, 0x01, 0x41, 0xE9, 0x00, 0x00, 0x00, 0x59, 0xFC, 0xFF, 0xFF, 0xBB, 0x00, 0x00, 
0x01, 0xC2, 0x97, 0x0B, 0x9B, 0x8C, 0x00, 0x00, 0x76, 0xD3, 0x07, 0x00, 0xC7, 0x5E, 0x00, 0x1D, 
0xE7, 0x2D, 0x00, 0x00, 0xED, 0x2C, 0x00, 0x00, 0x00, 0x56, 0xBD, 0x02, 0xDE, 0x32, 0x00, 0x00, 
0x1E, 0x2F, 0x00, 0x49, 0x04, 0x00, 0x00, 0x24, 0x7F, 0x93, 0x48, 0x00, 0x00, 0x44, 0xE2, 0x66, 
0x5E, 0xF3, 0x31, 0x07, 0xE3, 0x45, 0x00, 0x2B, 0xF0, 0x2B, 0x47, 0xFE, 0xD4, 0xD4, 0xC2, 0x50, 
0x00, 0x6F, 0xB6, 0x00, 0x00, 0x00, 0x00, 0x00, 0x5F, 0xD7, 0x04, 0x00, 0x08, 0x0B, 0x00, 0x0B, 
0xC6, 0xE5, 0xD0, 0xDD, 0x23, 0x00, 0x00, 0x00, 0x12, 0x17, 0x00, 0x00, 0x00, 0x00, 0x00, 0x00, 
0x00, 0x00, 0x00, 0x00, 0x00, 0x00, 0x00, 0x00, 0x00, 0x00, 0x00, 0x00, 0x00, 0x00, 0x07, 0xFF, 
0xFF, 0xFF, 0xFF, 0xFF, 0xE9, 0x2D, 0xCF, 0xF5, 0xB4, 0x28, 0x02, 0x5C, 0xC7, 0xF6, 0xDD, 0x5D, 
0xCD, 0x54, 0x0C, 0x59, 0xD0, 0xD1, 0xD8, 0x49, 0x08, 0x40, 0xF1, 0xF6, 0x20, 0x1C, 0x7B, 0xC7, 
0xE1, 0xC9, 0x28, 0x0F, 0x7B, 0xBA, 0x80, 0xF3, 0xDA, 0x74, 0x08, 0x14, 0x9E, 0xF2, 0xEE, 0xA4, 
0x15, 0x00, 0x00, 0xBE, 0xC3, 0x2F, 0x38, 0xE9, 0xA5, 0x00, 0x13, 0x14, 0x5B, 0xE5, 0xF3, 0xB7, 
0x36, 0x00, 0x00, 0x00, 0x00, 0x00, 0x00, 0x00, 0x00, 0x00, 0x9B, 0xE7, 0x65, 0x11, 0xB7, 0xB7, 
0x00, 0x09, 0x43, 0x28, 0xBC, 0xF8, 0xCA, 0x43, 0x00, 0x00, 0x00, 0x00, 0x00, 0x00, 0x34, 0xDE, 
0x03, 0x00, 0x00, 0x00, 0x00, 0x04, 0xD1, 0x52, 0x00, 0x00, 0x24, 0xFF, 0xFF, 0xFF, 0xFF, 0xEE, 
0x00, 0x00, 0x00, 0x00, 0x3A, 0xDF, 0x0E, 0x00, 0x00, 0x00, 0x00, 0x0A, 0xDA, 0x46, 0x00, 0x00, 
0x00, 0x0D, 0xFF, 0xFF, 0xFF, 0xFF, 0xEF, 0x00, 0x00, 0x00, 0x4C, 0xD8, 0x09, 0x00, 0x00, 0x00, 
0x00, 0x04, 0xDC, 0x38, 0x00, 0x00, 0x00, 0x00, 0x00, 0x00, 0x15, 0x7A, 0x43, 0x61, 0x6C, 0x69, 
0x62, 0x72, 0x69, 0x49, 0x74, 0x61, 0x6C, 0x69, 0x63, 0x20, 0x49, 0x74, 0x61, 0x6C, 0x69, 0x63, 
0x00, 0x15, 0x7A, 0x43, 0x61, 0x6C, 0x69, 0x62, 0x72, 0x69, 0x49, 0x74, 0x61, 0x6C, 0x69, 0x63, 
0x2D, 0x49, 0x74, 0x61, 0x6C, 0x69, 0x63, 0x01};