const uint8_t  zCalibri24[] PROGMEM = {
0x00, 0x00, 0x00, 0xBD, 0x00, 0x00, 0x00, 0x0B, 0x00, 0x00, 0x00, 0x18, 0x00, 0x00, 0x00, 0x00, 
0x00, 0x00, 0x00, 0x11, 0x00, 0x00, 0x00, 0x05, 0x00, 0x00, 0x00, 0x00, 0x00, 0x00, 0x00, 0x01, 
0x00, 0x00, 0x00, 0x01, 0x00, 0x00, 0x00, 0x00, 0x00, 0x00, 0x00, 0x30, 0xFF, 0xFF, 0xFF, 0xE8, 
0x00, 0x00, 0x00, 0x00, 0x00, 0x00, 0x00, 0x00, 0x00, 0x00, 0x00, 0x01, 0x00, 0x00, 0x00, 0x01, 
0x00, 0x00, 0x00, 0x00, 0x00, 0x00, 0x00, 0x30, 0xFF, 0xFF, 0xFF, 0xE8, 0x00, 0x00, 0x00, 0x00, 
0x00, 0x00, 0x00, 0x09, 0x00, 0x00, 0x00, 0x01, 0x00, 0x00, 0x00, 0x01, 0x00, 0x00, 0x00, 0x00, 
0x00, 0x00, 0x00, 0x30, 0xFF, 0xFF, 0xFF, 0xE8, 0x00, 0x00, 0x00, 0x00, 0x00, 0x00, 0x00, 0x0A, 
0x00, 0x00, 0x00, 0x01, 0x00, 0x00, 0x00, 0x01, 0x00, 0x00, 0x00, 0x00, 0x00, 0x00, 0x00, 0x30, 
0xFF, 0xFF, 0xFF, 0xE8, 0x00, 0x00, 0x00, 0x00, 0x00, 0x00, 0x00, 0x0D, 0x00, 0x00, 0x00, 0x01, 
0x00, 0x00, 0x00, 0x01, 0x00, 0x00, 0x00, 0x00, 0x00, 0x00, 0x00, 0x30, 0xFF, 0xFF, 0xFF, 0xE8, 
0x00, 0x00, 0x00, 0x00, 0x00, 0x00, 0x00, 0x1D, 0x00, 0x00, 0x00, 0x01, 0x00, 0x00, 0x00, 0x01, 
0x00, 0x00, 0x00, 0x00, 0x00, 0x00, 0x00, 0x30, 0xFF, 0xFF, 0xFF, 0xE8, 0x00, 0x00, 0x00, 0x00, 
0x00, 0x00, 0x00, 0x21, 0x00, 0x00, 0x00, 0x12, 0x00, 0x00, 0x00, 0x03, 0x00, 0x00, 0x00, 0x08, 
0x00, 0x00, 0x00, 0x11, 0x00, 0x00, 0x00, 0x03, 0x00, 0x00, 0x00, 0x00, 0x00, 0x00, 0x00, 0x22, 
0x00, 0x00, 0x00, 0x07, 0x00, 0x00, 0x00, 0x07, 0x00, 0x00, 0x00, 0x0A, 0x00, 0x00, 0x00, 0x11, 
0x00, 0x00, 0x00, 0x01, 0x00, 0x00, 0x00, 0x00, 0x00, 0x00, 0x00, 0x23, 0x00, 0x00, 0x00, 0x11, 
0x00, 0x00, 0x00, 0x0C, 0x00, 0x00, 0x00, 0x0C, 0x00, 0x00, 0x00, 0x10, 0x00, 0x00, 0x00, 0x00, 
0x00, 0x00, 0x00, 0x00, 0x00, 0x00, 0x00, 0x24, 0x00, 0x00, 0x00, 0x15, 0x00, 0x00, 0x00, 0x0A, 
0x00, 0x00, 0x00, 0x0C, 0x00, 0x00, 0x00, 0x12, 0x00, 0x00, 0x00, 0x01, 0x00, 0x00, 0x00, 0x00, 
0x00, 0x00, 0x00, 0x25, 0x00, 0x00, 0x00, 0x11, 0x00, 0x00, 0x00, 0x11, 0x00, 0x00, 0x00, 0x11, 
0x00, 0x00, 0x00, 0x10, 0x00, 0x00, 0x00, 0x00, 0x00, 0x00, 0x00, 0x00, 0x00, 0x00, 0x00, 0x26, 
0x00, 0x00, 0x00, 0x11, 0x00, 0x00, 0x00, 0x0F, 0x00, 0x00, 0x00, 0x10, 0x00, 0x00, 0x00, 0x10, 
0x00, 0x00, 0x00, 0x01, 0x00, 0x00, 0x00, 0x00, 0x00, 0x00, 0x00, 0x27, 0x00, 0x00, 0x00, 0x07, 
0x00, 0x00, 0x00, 0x03, 0x00, 0x00, 0x00, 0x05, 0x00, 0x00, 0x00, 0x11, 0x00, 0x00, 0x00, 0x01, 
0x00, 0x00, 0x00, 0x00, 0x00, 0x00, 0x00, 0x28, 0x00, 0x00, 0x00, 0x16, 0x00, 0x00, 0x00, 0x05, 
0x00, 0x00, 0x00, 0x07, 0x00, 0x00, 0x00, 0x11, 0x00, 0x00, 0x00, 0x01, 0x00, 0x00, 0x00, 0x00, 
0x00, 0x00, 0x00, 0x29, 0x00, 0x00, 0x00, 0x16, 0x00, 0x00, 0x00, 0x05, 0x00, 0x00, 0x00, 0x07, 
0x00, 0x00, 0x00, 0x11, 0x00, 0x00, 0x00, 0x01, 0x00, 0x00, 0x00, 0x00, 0x00, 0x00, 0x00, 0x2A, 
0x00, 0x00, 0x00, 0x0A, 0x00, 0x00, 0x00, 0x09, 0x00, 0x00, 0x00, 0x0C, 0x00, 0x00, 0x00, 0x11, 
0x00, 0x00, 0x00, 0x01, 0x00, 0x00, 0x00, 0x00, 0x00, 0x00, 0x00, 0x2B, 0x00, 0x00, 0x00, 0x0C, 
0x00, 0x00, 0x00, 0x0C, 0x00, 0x00, 0x00, 0x0C, 0x00, 0x00, 0x00, 0x0D, 0x00, 0x00, 0x00, 0x00, 
0x00, 0x00, 0x00, 0x00, 0x00, 0x00, 0x00, 0x2C, 0x00, 0x00, 0x00, 0x07, 0x00, 0x00, 0x00, 0x05, 
0x00, 0x00, 0x00, 0x06, 0x00, 0x00, 0x00, 0x03, 0x00, 0x00, 0x00, 0x00, 0x00, 0x00, 0x00, 0x00, 
0x00, 0x00, 0x00, 0x2E, 0x00, 0x00, 0x00, 0x04, 0x00, 0x00, 0x00, 0x04, 0x00, 0x00, 0x00, 0x06, 
0x00, 0x00, 0x00, 0x03, 0x00, 0x00, 0x00, 0x01, 0x00, 0x00, 0x00, 0x00, 0x00, 0x00, 0x00, 0x2F, 
0x00, 0x00, 0x00, 0x16, 0x00, 0x00, 0x00, 0x0A, 0x00, 0x00, 0x00, 0x09, 0x00, 0x00, 0x00, 0x12, 
0x00, 0x00, 0x00, 0x00, 0x00, 0x00, 0x00, 0x00, 0x00, 0x00, 0x00, 0x30, 0x00, 0x00, 0x00, 0x11, 
0x00, 0x00, 0x00, 0x0C, 0x00, 0x00, 0x00, 0x0C, 0x00, 0x00, 0x00, 0x10, 0x00, 0x00, 0x00, 0x00, 
0x00, 0x00, 0x00, 0x00, 0x00, 0x00, 0x00, 0x31, 0x00, 0x00, 0x00, 0x10, 0x00, 0x00, 0x00, 0x09, 
0x00, 0x00, 0x00, 0x0C, 0x00, 0x00, 0x00, 0x10, 0x00, 0x00, 0x00, 0x02, 0x00, 0x00, 0x00, 0x00, 
0x00, 0x00, 0x00, 0x32, 0x00, 0x00, 0x00, 0x10, 0x00, 0x00, 0x00, 0x0A, 0x00, 0x00, 0x00, 0x0C, 
0x00, 0x00, 0x00, 0x10, 0x00, 0x00, 0x00, 0x01, 0x00, 0x00, 0x00, 0x00, 0x00, 0x00, 0x00, 0x33, 
0x00, 0x00, 0x00, 0x11, 0x00, 0x00, 0x00, 0x0A, 0x00, 0x00, 0x00, 0x0C, 0x00, 0x00, 0x00, 0x10, 
0x00, 0x00, 0x00, 0x01, 0x00, 0x00, 0x00, 0x00, 0x00, 0x00, 0x00, 0x34, 0x00, 0x00, 0x00, 0x11, 
0x00, 0x00, 0x00, 0x0C, 0x00, 0x00, 0x00, 0x0C, 0x00, 0x00, 0x00, 0x10, 0x00, 0x00, 0x00, 0x00, 
0x00, 0x00, 0x00, 0x00, 0x00, 0x00, 0x00, 0x35, 0x00, 0x00, 0x00, 0x11, 0x00, 0x00, 0x00, 0x0A, 
0x00, 0x00, 0x00, 0x0C, 0x00, 0x00, 0x00, 0x10, 0x00, 0x00, 0x00, 0x01, 0x00, 0x00, 0x00, 0x00, 
0x00, 0x00, 0x00, 0x36, 0x00, 0x00, 0x00, 0x11, 0x00, 0x00, 0x00, 0x0B, 0x00, 0x00, 0x00, 0x0C, 
0x00, 0x00, 0x00, 0x10, 0x00, 0x00, 0x00, 0x01, 0x00, 0x00, 0x00, 0x00, 0x00, 0x00, 0x00, 0x37, 
0x00, 0x00, 0x00, 0x11, 0x00, 0x00, 0x00, 0x0B, 0x00, 0x00, 0x00, 0x0C, 0x00, 0x00, 0x00, 0x10, 
0x00, 0x00, 0x00, 0x01, 0x00, 0x00, 0x00, 0x00, 0x00, 0x00, 0x00, 0x38, 0x00, 0x00, 0x00, 0x11, 
0x00, 0x00, 0x00, 0x0C, 0x00, 0x00, 0x00, 0x0C, 0x00, 0x00, 0x00, 0x10, 0x00, 0x00, 0x00, 0x00, 
0x00, 0x00, 0x00, 0x00, 0x00, 0x00, 0x00, 0x39, 0x00, 0x00, 0x00, 0x11, 0x00, 0x00, 0x00, 0x0B, 
0x00, 0x00, 0x00, 0x0C, 0x00, 0x00, 0x00, 0x10, 0x00, 0x00, 0x00, 0x00, 0x00, 0x00, 0x00, 0x00, 
0x00, 0x00, 0x00, 0x3A, 0x00, 0x00, 0x00, 0x0C, 0x00, 0x00, 0x00, 0x03, 0x00, 0x00, 0x00, 0x06, 
0x00, 0x00, 0x00, 0x0B, 0x00, 0x00, 0x00, 0x02, 0x00, 0x00, 0x00, 0x00, 0x00, 0x00, 0x00, 0x3B, 
0x00, 0x00, 0x00, 0x0F, 0x00, 0x00, 0x00, 0x05, 0x00, 0x00, 0x00, 0x06, 0x00, 0x00, 0x00, 0x0B, 
0x00, 0x00, 0x00, 0x00, 0x00, 0x00, 0x00, 0x00, 0x00, 0x00, 0x00, 0x3C, 0x00, 0x00, 0x00, 0x0C, 
0x00, 0x00, 0x00, 0x0B, 0x00, 0x00, 0x00, 0x0C, 0x00, 0x00, 0x00, 0x0D, 0x00, 0x00, 0x00, 0x00, 
0x00, 0x00, 0x00, 0x00, 0x00, 0x00, 0x00, 0x3D, 0x00, 0x00, 0x00, 0x07, 0x00, 0x00, 0x00, 0x0A, 
0x00, 0x00, 0x00, 0x0C, 0x00, 0x00, 0x00, 0x0A, 0x00, 0x00, 0x00, 0x01, 0x00, 0x00, 0x00, 0x00, 
0x00, 0x00, 0x00, 0x3E, 0x00, 0x00, 0x00, 0x0C, 0x00, 0x00, 0x00, 0x0B, 0x00, 0x00, 0x00, 0x0C, 
0x00, 0x00, 0x00, 0x0D, 0x00, 0x00, 0x00, 0x01, 0x00, 0x00, 0x00, 0x00, 0x00, 0x00, 0x00, 0x40, 
0x00, 0x00, 0x00, 0x13, 0x00, 0x00, 0x00, 0x12, 0x00, 0x00, 0x00, 0x15, 0x00, 0x00, 0x00, 0x10, 
0x00, 0x00, 0x00, 0x02, 0x00, 0x00, 0x00, 0x00, 0x00, 0x00, 0x00, 0x41, 0x00, 0x00, 0x00, 0x11, 
0x00, 0x00, 0x00, 0x0E, 0x00, 0x00, 0x00, 0x0E, 0x00, 0x00, 0x00, 0x10, 0x00, 0x00, 0x00, 0x00, 
0x00, 0x00, 0x00, 0x00, 0x00, 0x00, 0x00, 0x42, 0x00, 0x00, 0x00, 0x10, 0x00, 0x00, 0x00, 0x0A, 
0x00, 0x00, 0x00, 0x0D, 0x00, 0x00, 0x00, 0x10, 0x00, 0x00, 0x00, 0x02, 0x00, 0x00, 0x00, 0x00, 
0x00, 0x00, 0x00, 0x43, 0x00, 0x00, 0x00, 0x11, 0x00, 0x00, 0x00, 0x0C, 0x00, 0x00, 0x00, 0x0D, 
0x00, 0x00, 0x00, 0x10, 0x00, 0x00, 0x00, 0x01, 0x00, 0x00, 0x00, 0x00, 0x00, 0x00, 0x00, 0x44, 
0x00, 0x00, 0x00, 0x10, 0x00, 0x00, 0x00, 0x0C, 0x00, 0x00, 0x00, 0x0F, 0x00, 0x00, 0x00, 0x10, 
0x00, 0x00, 0x00, 0x02, 0x00, 0x00, 0x00, 0x00, 0x00, 0x00, 0x00, 0x45, 0x00, 0x00, 0x00, 0x10, 
0x00, 0x00, 0x00, 0x09, 0x00, 0x00, 0x00, 0x0C, 0x00, 0x00, 0x00, 0x10, 0x00, 0x00, 0x00, 0x02, 
0x00, 0x00, 0x00, 0x00, 0x00, 0x00, 0x00, 0x46, 0x00, 0x00, 0x00, 0x11, 0x00, 0x00, 0x00, 0x08, 
0x00, 0x00, 0x00, 0x0B, 0x00, 0x00, 0x00, 0x10, 0x00, 0x00, 0x00, 0x02, 0x00, 0x00, 0x00, 0x00, 
0x00, 0x00, 0x00, 0x47, 0x00, 0x00, 0x00, 0x11, 0x00, 0x00, 0x00, 0x0D, 0x00, 0x00, 0x00, 0x0F, 
0x00, 0x00, 0x00, 0x10, 0x00, 0x00, 0x00, 0x01, 0x00, 0x00, 0x00, 0x00, 0x00, 0x00, 0x00, 0x48, 
0x00, 0x00, 0x00, 0x11, 0x00, 0x00, 0x00, 0x0B, 0x00, 0x00, 0x00, 0x0F, 0x00, 0x00, 0x00, 0x10, 
0x00, 0x00, 0x00, 0x02, 0x00, 0x00, 0x00, 0x00, 0x00, 0x00, 0x00, 0x49, 0x00, 0x00, 0x00, 0x11, 
0x00, 0x00, 0x00, 0x03, 0x00, 0x00, 0x00, 0x06, 0x00, 0x00, 0x00, 0x10, 0x00, 0x00, 0x00, 0x02, 
0x00, 0x00, 0x00, 0x00, 0x00, 0x00, 0x00, 0x4A, 0x00, 0x00, 0x00, 0x11, 0x00, 0x00, 0x00, 0x06, 
0x00, 0x00, 0x00, 0x08, 0x00, 0x00, 0x00, 0x10, 0x00, 0x00, 0x00, 0x00, 0x00, 0x00, 0x00, 0x00, 
0x00, 0x00, 0x00, 0x4B, 0x00, 0x00, 0x00, 0x11, 0x00, 0x00, 0x00, 0x0A, 0x00, 0x00, 0x00, 0x0C, 
0x00, 0x00, 0x00, 0x10, 0x00, 0x00, 0x00, 0x02, 0x00, 0x00, 0x00, 0x00, 0x00, 0x00, 0x00, 0x4C, 
0x00, 0x00, 0x00, 0x10, 0x00, 0x00, 0x00, 0x08, 0x00, 0x00, 0x00, 0x0A, 0x00, 0x00, 0x00, 0x10, 
0x00, 0x00, 0x00, 0x02, 0x00, 0x00, 0x00, 0x00, 0x00, 0x00, 0x00, 0x4D, 0x00, 0x00, 0x00, 0x11, 
0x00, 0x00, 0x00, 0x11, 0x00, 0x00, 0x00, 0x15, 0x00, 0x00, 0x00, 0x10, 0x00, 0x00, 0x00, 0x02, 
0x00, 0x00, 0x00, 0x00, 0x00, 0x00, 0x00, 0x4E, 0x00, 0x00, 0x00, 0x11, 0x00, 0x00, 0x00, 0x0C, 
0x00, 0x00, 0x00, 0x10, 0x00, 0x00, 0x00, 0x10, 0x00, 0x00, 0x00, 0x02, 0x00, 0x00, 0x00, 0x00, 
0x00, 0x00, 0x00, 0x4F, 0x00, 0x00, 0x00, 0x11, 0x00, 0x00, 0x00, 0x0E, 0x00, 0x00, 0x00, 0x10, 
0x00, 0x00, 0x00, 0x10, 0x00, 0x00, 0x00, 0x01, 0x00, 0x00, 0x00, 0x00, 0x00, 0x00, 0x00, 0x50, 
0x00, 0x00, 0x00, 0x11, 0x00, 0x00, 0x00, 0x0A, 0x00, 0x00, 0x00, 0x0C, 0x00, 0x00, 0x00, 0x10, 
0x00, 0x00, 0x00, 0x02, 0x00, 0x00, 0x00, 0x00, 0x00, 0x00, 0x00, 0x51, 0x00, 0x00, 0x00, 0x13, 
0x00, 0x00, 0x00, 0x10, 0x00, 0x00, 0x00, 0x10, 0x00, 0x00, 0x00, 0x10, 0x00, 0x00, 0x00, 0x01, 
0x00, 0x00, 0x00, 0x00, 0x00, 0x00, 0x00, 0x52, 0x00, 0x00, 0x00, 0x11, 0x00, 0x00, 0x00, 0x0B, 
0x00, 0x00, 0x00, 0x0D, 0x00, 0x00, 0x00, 0x10, 0x00, 0x00, 0x00, 0x02, 0x00, 0x00, 0x00, 0x00, 
0x00, 0x00, 0x00, 0x53, 0x00, 0x00, 0x00, 0x11, 0x00, 0x00, 0x00, 0x0B, 0x00, 0x00, 0x00, 0x0B, 
0x00, 0x00, 0x00, 0x10, 0x00, 0x00, 0x00, 0x00, 0x00, 0x00, 0x00, 0x00, 0x00, 0x00, 0x00, 0x54, 
0x00, 0x00, 0x00, 0x11, 0x00, 0x00, 0x00, 0x0C, 0x00, 0x00, 0x00, 0x0C, 0x00, 0x00, 0x00, 0x10, 
0x00, 0x00, 0x00, 0x00, 0x00, 0x00, 0x00, 0x00, 0x00, 0x00, 0x00, 0x55, 0x00, 0x00, 0x00, 0x11, 
0x00, 0x00, 0x00, 0x0C, 0x00, 0x00, 0x00, 0x0F, 0x00, 0x00, 0x00, 0x10, 0x00, 0x00, 0x00, 0x02, 
0x00, 0x00, 0x00, 0x00, 0x00, 0x00, 0x00, 0x56, 0x00, 0x00, 0x00, 0x11, 0x00, 0x00, 0x00, 0x0E, 
0x00, 0x00, 0x00, 0x0E, 0x00, 0x00, 0x00, 0x10, 0x00, 0x00, 0x00, 0x00, 0x00, 0x00, 0x00, 0x00, 
0x00, 0x00, 0x00, 0x57, 0x00, 0x00, 0x00, 0x11, 0x00, 0x00, 0x00, 0x15, 0x00, 0x00, 0x00, 0x15, 
0x00, 0x00, 0x00, 0x10, 0x00, 0x00, 0x00, 0x00, 0x00, 0x00, 0x00, 0x00, 0x00, 0x00, 0x00, 0x58, 
0x00, 0x00, 0x00, 0x11, 0x00, 0x00, 0x00, 0x0C, 0x00, 0x00, 0x00, 0x0C, 0x00, 0x00, 0x00, 0x10, 
0x00, 0x00, 0x00, 0x00, 0x00, 0x00, 0x00, 0x00, 0x00, 0x00, 0x00, 0x59, 0x00, 0x00, 0x00, 0x11, 
0x00, 0x00, 0x00, 0x0C, 0x00, 0x00, 0x00, 0x0C, 0x00, 0x00, 0x00, 0x10, 0x00, 0x00, 0x00, 0x00, 
0x00, 0x00, 0x00, 0x00, 0x00, 0x00, 0x00, 0x5A, 0x00, 0x00, 0x00, 0x10, 0x00, 0x00, 0x00, 0x0B, 
0x00, 0x00, 0x00, 0x0B, 0x00, 0x00, 0x00, 0x10, 0x00, 0x00, 0x00, 0x00, 0x00, 0x00, 0x00, 0x00, 
0x00, 0x00, 0x00, 0x5B, 0x00, 0x00, 0x00, 0x15, 0x00, 0x00, 0x00, 0x05, 0x00, 0x00, 0x00, 0x07, 
0x00, 0x00, 0x00, 0x11, 0x00, 0x00, 0x00, 0x02, 0x00, 0x00, 0x00, 0x00, 0x00, 0x00, 0x00, 0x5C, 
0x00, 0x00, 0x00, 0x16, 0x00, 0x00, 0x00, 0x0A, 0x00, 0x00, 0x00, 0x09, 0x00, 0x00, 0x00, 0x12, 
0x00, 0x00, 0x00, 0x00, 0x00, 0x00, 0x00, 0x00, 0x00, 0x00, 0x00, 0x5D, 0x00, 0x00, 0x00, 0x15, 
0x00, 0x00, 0x00, 0x05, 0x00, 0x00, 0x00, 0x07, 0x00, 0x00, 0x00, 0x11, 0x00, 0x00, 0x00, 0x01, 
0x00, 0x00, 0x00, 0x00, 0x00, 0x00, 0x00, 0x5E, 0x00, 0x00, 0x00, 0x0A, 0x00, 0x00, 0x00, 0x0A, 
0x00, 0x00, 0x00, 0x0C, 0x00, 0x00, 0x00, 0x10, 0x00, 0x00, 0x00, 0x01, 0x00, 0x00, 0x00, 0x00, 
0x00, 0x00, 0x00, 0x5F, 0x00, 0x00, 0x00, 0x03, 0x00, 0x00, 0x00, 0x0D, 0x00, 0x00, 0x00, 0x0C, 
0xFF, 0xFF, 0xFF, 0xFE, 0xFF, 0xFF, 0xFF, 0xFF, 0x00, 0x00, 0x00, 0x00, 0x00, 0x00, 0x00, 0x60, 
0x00, 0x00, 0x00, 0x05, 0x00, 0x00, 0x00, 0x05, 0x00, 0x00, 0x00, 0x07, 0x00, 0x00, 0x00, 0x11, 
0x00, 0x00, 0x00, 0x01, 0x00, 0x00, 0x00, 0x00, 0x00, 0x00, 0x00, 0x61, 0x00, 0x00, 0x00, 0x0D, 
0x00, 0x00, 0x00, 0x09, 0x00, 0x00, 0x00, 0x0C, 0x00, 0x00, 0x00, 0x0C, 0x00, 0x00, 0x00, 0x01, 
0x00, 0x00, 0x00, 0x00, 0x00, 0x00, 0x00, 0x62, 0x00, 0x00, 0x00, 0x12, 0x00, 0x00, 0x00, 0x0B, 
0x00, 0x00, 0x00, 0x0D, 0x00, 0x00, 0x00, 0x11, 0x00, 0x00, 0x00, 0x01, 0x00, 0x00, 0x00, 0x00, 
0x00, 0x00, 0x00, 0x63, 0x00, 0x00, 0x00, 0x0D, 0x00, 0x00, 0x00, 0x09, 0x00, 0x00, 0x00, 0x0A, 
0x00, 0x00, 0x00, 0x0C, 0x00, 0x00, 0x00, 0x01, 0x00, 0x00, 0x00, 0x00, 0x00, 0x00, 0x00, 0x64, 
0x00, 0x00, 0x00, 0x12, 0x00, 0x00, 0x00, 0x0A, 0x00, 0x00, 0x00, 0x0D, 0x00, 0x00, 0x00, 0x11, 
0x00, 0x00, 0x00, 0x01, 0x00, 0x00, 0x00, 0x00, 0x00, 0x00, 0x00, 0x65, 0x00, 0x00, 0x00, 0x0D, 
0x00, 0x00, 0x00, 0x0A, 0x00, 0x00, 0x00, 0x0C, 0x00, 0x00, 0x00, 0x0C, 0x00, 0x00, 0x00, 0x01, 
0x00, 0x00, 0x00, 0x00, 0x00, 0x00, 0x00, 0x66, 0x00, 0x00, 0x00, 0x12, 0x00, 0x00, 0x00, 0x08, 
0x00, 0x00, 0x00, 0x07, 0x00, 0x00, 0x00, 0x11, 0x00, 0x00, 0x00, 0x00, 0x00, 0x00, 0x00, 0x00, 
0x00, 0x00, 0x00, 0x67, 0x00, 0x00, 0x00, 0x11, 0x00, 0x00, 0x00, 0x0B, 0x00, 0x00, 0x00, 0x0B, 
0x00, 0x00, 0x00, 0x0C, 0x00, 0x00, 0x00, 0x00, 0x00, 0x00, 0x00, 0x00, 0x00, 0x00, 0x00, 0x68, 
0x00, 0x00, 0x00, 0x12, 0x00, 0x00, 0x00, 0x0A, 0x00, 0x00, 0x00, 0x0D, 0x00, 0x00, 0x00, 0x11, 
0x00, 0x00, 0x00, 0x01, 0x00, 0x00, 0x00, 0x00, 0x00, 0x00, 0x00, 0x69, 0x00, 0x00, 0x00, 0x11, 
0x00, 0x00, 0x00, 0x03, 0x00, 0x00, 0x00, 0x06, 0x00, 0x00, 0x00, 0x10, 0x00, 0x00, 0x00, 0x01, 
0x00, 0x00, 0x00, 0x00, 0x00, 0x00, 0x00, 0x6A, 0x00, 0x00, 0x00, 0x15, 0x00, 0x00, 0x00, 0x06, 
0x00, 0x00, 0x00, 0x06, 0x00, 0x00, 0x00, 0x10, 0xFF, 0xFF, 0xFF, 0xFF, 0x00, 0x00, 0x00, 0x00, 
0x00, 0x00, 0x00, 0x6B, 0x00, 0x00, 0x00, 0x12, 0x00, 0x00, 0x00, 0x0A, 0x00, 0x00, 0x00, 0x0B, 
0x00, 0x00, 0x00, 0x11, 0x00, 0x00, 0x00, 0x01, 0x00, 0x00, 0x00, 0x00, 0x00, 0x00, 0x00, 0x6C, 
0x00, 0x00, 0x00, 0x12, 0x00, 0x00, 0x00, 0x03, 0x00, 0x00, 0x00, 0x06, 0x00, 0x00, 0x00, 0x11, 
0x00, 0x00, 0x00, 0x01, 0x00, 0x00, 0x00, 0x00, 0x00, 0x00, 0x00, 0x6D, 0x00, 0x00, 0x00, 0x0D, 
0x00, 0x00, 0x00, 0x11, 0x00, 0x00, 0x00, 0x13, 0x00, 0x00, 0x00, 0x0C, 0x00, 0x00, 0x00, 0x01, 
0x00, 0x00, 0x00, 0x00, 0x00, 0x00, 0x00, 0x6E, 0x00, 0x00, 0x00, 0x0D, 0x00, 0x00, 0x00, 0x0A, 
0x00, 0x00, 0x00, 0x0D, 0x00, 0x00, 0x00, 0x0C, 0x00, 0x00, 0x00, 0x01, 0x00, 0x00, 0x00, 0x00, 
0x00, 0x00, 0x00, 0x6F, 0x00, 0x00, 0x00, 0x0D, 0x00, 0x00, 0x00, 0x0B, 0x00, 0x00, 0x00, 0x0D, 
0x00, 0x00, 0x00, 0x0C, 0x00, 0x00, 0x00, 0x01, 0x00, 0x00, 0x00, 0x00, 0x00, 0x00, 0x00, 0x70, 
0x00, 0x00, 0x00, 0x11, 0x00, 0x00, 0x00, 0x0B, 0x00, 0x00, 0x00, 0x0D, 0x00, 0x00, 0x00, 0x0C, 
0x00, 0x00, 0x00, 0x01, 0x00, 0x00, 0x00, 0x00, 0x00, 0x00, 0x00, 0x71, 0x00, 0x00, 0x00, 0x11, 
0x00, 0x00, 0x00, 0x0A, 0x00, 0x00, 0x00, 0x0D, 0x00, 0x00, 0x00, 0x0C, 0x00, 0x00, 0x00, 0x01, 
0x00, 0x00, 0x00, 0x00, 0x00, 0x00, 0x00, 0x72, 0x00, 0x00, 0x00, 0x0D, 0x00, 0x00, 0x00, 0x07, 
0x00, 0x00, 0x00, 0x08, 0x00, 0x00, 0x00, 0x0C, 0x00, 0x00, 0x00, 0x01, 0x00, 0x00, 0x00, 0x00, 
0x00, 0x00, 0x00, 0x73, 0x00, 0x00, 0x00, 0x0D, 0x00, 0x00, 0x00, 0x09, 0x00, 0x00, 0x00, 0x09, 
0x00, 0x00, 0x00, 0x0C, 0x00, 0x00, 0x00, 0x00, 0x00, 0x00, 0x00, 0x00, 0x00, 0x00, 0x00, 0x74, 
0x00, 0x00, 0x00, 0x10, 0x00, 0x00, 0x00, 0x08, 0x00, 0x00, 0x00, 0x08, 0x00, 0x00, 0x00, 0x0F, 
0x00, 0x00, 0x00, 0x00, 0x00, 0x00, 0x00, 0x00, 0x00, 0x00, 0x00, 0x75, 0x00, 0x00, 0x00, 0x0D, 
0x00, 0x00, 0x00, 0x0A, 0x00, 0x00, 0x00, 0x0D, 0x00, 0x00, 0x00, 0x0C, 0x00, 0x00, 0x00, 0x01, 
0x00, 0x00, 0x00, 0x00, 0x00, 0x00, 0x00, 0x76, 0x00, 0x00, 0x00, 0x0D, 0x00, 0x00, 0x00, 0x0B, 
0x00, 0x00, 0x00, 0x0B, 0x00, 0x00, 0x00, 0x0C, 0x00, 0x00, 0x00, 0x00, 0x00, 0x00, 0x00, 0x00, 
0x00, 0x00, 0x00, 0x77, 0x00, 0x00, 0x00, 0x0D, 0x00, 0x00, 0x00, 0x11, 0x00, 0x00, 0x00, 0x11, 
0x00, 0x00, 0x00, 0x0C, 0x00, 0x00, 0x00, 0x00, 0x00, 0x00, 0x00, 0x00, 0x00, 0x00, 0x00, 0x78, 
0x00, 0x00, 0x00, 0x0D, 0x00, 0x00, 0x00, 0x0A, 0x00, 0x00, 0x00, 0x0A, 0x00, 0x00, 0x00, 0x0C, 
0x00, 0x00, 0x00, 0x00, 0x00, 0x00, 0x00, 0x00, 0x00, 0x00, 0x00, 0x79, 0x00, 0x00, 0x00, 0x11, 
0x00, 0x00, 0x00, 0x0B, 0x00, 0x00, 0x00, 0x0B, 0x00, 0x00, 0x00, 0x0C, 0x00, 0x00, 0x00, 0x00, 
0x00, 0x00, 0x00, 0x00, 0x00, 0x00, 0x00, 0x7A, 0x00, 0x00, 0x00, 0x0C, 0x00, 0x00, 0x00, 0x08, 
0x00, 0x00, 0x00, 0x09, 0x00, 0x00, 0x00, 0x0C, 0x00, 0x00, 0x00, 0x01, 0x00, 0x00, 0x00, 0x00, 
0x00, 0x00, 0x00, 0x7B, 0x00, 0x00, 0x00, 0x15, 0x00, 0x00, 0x00, 0x06, 0x00, 0x00, 0x00, 0x08, 
0x00, 0x00, 0x00, 0x11, 0x00, 0x00, 0x00, 0x01, 0x00, 0x00, 0x00, 0x00, 0x00, 0x00, 0x00, 0x7C, 
0x00, 0x00, 0x00, 0x16, 0x00, 0x00, 0x00, 0x03, 0x00, 0x00, 0x00, 0x0B, 0x00, 0x00, 0x00, 0x11, 
0x00, 0x00, 0x00, 0x04, 0x00, 0x00, 0x00, 0x00, 0x00, 0x00, 0x00, 0x7D, 0x00, 0x00, 0x00, 0x15, 
0x00, 0x00, 0x00, 0x07, 0x00, 0x00, 0x00, 0x08, 0x00, 0x00, 0x00, 0x11, 0x00, 0x00, 0x00, 0x01, 
0x00, 0x00, 0x00, 0x00, 0x00, 0x00, 0x00, 0x7E, 0x00, 0x00, 0x00, 0x06, 0x00, 0x00, 0x00, 0x0C, 
0x00, 0x00, 0x00, 0x0C, 0x00, 0x00, 0x00, 0x0E, 0x00, 0x00, 0x00, 0x00, 0x00, 0x00, 0x00, 0x00, 
0x00, 0x00, 0x00, 0xB0, 0x00, 0x00, 0x00, 0x06, 0x00, 0x00, 0x00, 0x06, 0x00, 0x00, 0x00, 0x08, 
0x00, 0x00, 0x00, 0x10, 0x00, 0x00, 0x00, 0x01, 0x00, 0x00, 0x00, 0x00, 0x00, 0x00, 0x00, 0xB1, 
0x00, 0x00, 0x00, 0x0E, 0x00, 0x00, 0x00, 0x0C, 0x00, 0x00, 0x00, 0x0C, 0x00, 0x00, 0x00, 0x0E, 
0x00, 0x00, 0x00, 0x00, 0x00, 0x00, 0x00, 0x00, 0x00, 0x00, 0x00, 0xD7, 0x00, 0x00, 0x00, 0x0B, 
0x00, 0x00, 0x00, 0x0A, 0x00, 0x00, 0x00, 0x0C, 0x00, 0x00, 0x00, 0x0C, 0x00, 0x00, 0x00, 0x01, 
0x00, 0x00, 0x00, 0x00, 0x00, 0x00, 0x00, 0xF7, 0x00, 0x00, 0x00, 0x0C, 0x00, 0x00, 0x00, 0x0C, 
0x00, 0x00, 0x00, 0x0C, 0x00, 0x00, 0x00, 0x0D, 0x00, 0x00, 0x00, 0x00, 0x00, 0x00, 0x00, 0x00, 
0x00, 0x00, 0x04, 0x01, 0x00, 0x00, 0x00, 0x14, 0x00, 0x00, 0x00, 0x09, 0x00, 0x00, 0x00, 0x0C, 
0x00, 0x00, 0x00, 0x14, 0x00, 0x00, 0x00, 0x02, 0x00, 0x00, 0x00, 0x00, 0x00, 0x00, 0x04, 0x10, 
0x00, 0x00, 0x00, 0x11, 0x00, 0x00, 0x00, 0x0E, 0x00, 0x00, 0x00, 0x0E, 0x00, 0x00, 0x00, 0x10, 
0x00, 0x00, 0x00, 0x00, 0x00, 0x00, 0x00, 0x00, 0x00, 0x00, 0x04, 0x11, 0x00, 0x00, 0x00, 0x10, 
0x00, 0x00, 0x00, 0x0A, 0x00, 0x00, 0x00, 0x0D, 0x00, 0x00, 0x00, 0x10, 0x00, 0x00, 0x00, 0x02, 
0x00, 0x00, 0x00, 0x00, 0x00, 0x00, 0x04, 0x12, 0x00, 0x00, 0x00, 0x10, 0x00, 0x00, 0x00, 0x0A, 
0x00, 0x00, 0x00, 0x0D, 0x00, 0x00, 0x00, 0x10, 0x00, 0x00, 0x00, 0x02, 0x00, 0x00, 0x00, 0x00, 
0x00, 0x00, 0x04, 0x13, 0x00, 0x00, 0x00, 0x11, 0x00, 0x00, 0x00, 0x09, 0x00, 0x00, 0x00, 0x0A, 
0x00, 0x00, 0x00, 0x10, 0x00, 0x00, 0x00, 0x02, 0x00, 0x00, 0x00, 0x00, 0x00, 0x00, 0x04, 0x14, 
0x00, 0x00, 0x00, 0x15, 0x00, 0x00, 0x00, 0x0F, 0x00, 0x00, 0x00, 0x0F, 0x00, 0x00, 0x00, 0x10, 
0x00, 0x00, 0x00, 0x00, 0x00, 0x00, 0x00, 0x00, 0x00, 0x00, 0x04, 0x15, 0x00, 0x00, 0x00, 0x10, 
0x00, 0x00, 0x00, 0x09, 0x00, 0x00, 0x00, 0x0C, 0x00, 0x00, 0x00, 0x10, 0x00, 0x00, 0x00, 0x02, 
0x00, 0x00, 0x00, 0x00, 0x00, 0x00, 0x04, 0x16, 0x00, 0x00, 0x00, 0x11, 0x00, 0x00, 0x00, 0x12, 
0x00, 0x00, 0x00, 0x13, 0x00, 0x00, 0x00, 0x10, 0x00, 0x00, 0x00, 0x01, 0x00, 0x00, 0x00, 0x00, 
0x00, 0x00, 0x04, 0x17, 0x00, 0x00, 0x00, 0x11, 0x00, 0x00, 0x00, 0x0B, 0x00, 0x00, 0x00, 0x0B, 
0x00, 0x00, 0x00, 0x10, 0x00, 0x00, 0x00, 0x00, 0x00, 0x00, 0x00, 0x00, 0x00, 0x00, 0x04, 0x18, 
0x00, 0x00, 0x00, 0x11, 0x00, 0x00, 0x00, 0x0C, 0x00, 0x00, 0x00, 0x0F, 0x00, 0x00, 0x00, 0x10, 
0x00, 0x00, 0x00, 0x02, 0x00, 0x00, 0x00, 0x00, 0x00, 0x00, 0x04, 0x19, 0x00, 0x00, 0x00, 0x15, 
0x00, 0x00, 0x00, 0x0C, 0x00, 0x00, 0x00, 0x0F, 0x00, 0x00, 0x00, 0x14, 0x00, 0x00, 0x00, 0x02, 
0x00, 0x00, 0x00, 0x00, 0x00, 0x00, 0x04, 0x1A, 0x00, 0x00, 0x00, 0x11, 0x00, 0x00, 0x00, 0x0B, 
0x00, 0x00, 0x00, 0x0D, 0x00, 0x00, 0x00, 0x10, 0x00, 0x00, 0x00, 0x02, 0x00, 0x00, 0x00, 0x00, 
0x00, 0x00, 0x04, 0x1B, 0x00, 0x00, 0x00, 0x11, 0x00, 0x00, 0x00, 0x0D, 0x00, 0x00, 0x00, 0x0F, 
0x00, 0x00, 0x00, 0x10, 0x00, 0x00, 0x00, 0x00, 0x00, 0x00, 0x00, 0x00, 0x00, 0x00, 0x04, 0x1C, 
0x00, 0x00, 0x00, 0x11, 0x00, 0x00, 0x00, 0x11, 0x00, 0x00, 0x00, 0x15, 0x00, 0x00, 0x00, 0x10, 
0x00, 0x00, 0x00, 0x02, 0x00, 0x00, 0x00, 0x00, 0x00, 0x00, 0x04, 0x1D, 0x00, 0x00, 0x00, 0x11, 
0x00, 0x00, 0x00, 0x0B, 0x00, 0x00, 0x00, 0x0F, 0x00, 0x00, 0x00, 0x10, 0x00, 0x00, 0x00, 0x02, 
0x00, 0x00, 0x00, 0x00, 0x00, 0x00, 0x04, 0x1E, 0x00, 0x00, 0x00, 0x11, 0x00, 0x00, 0x00, 0x0E, 
0x00, 0x00, 0x00, 0x10, 0x00, 0x00, 0x00, 0x10, 0x00, 0x00, 0x00, 0x01, 0x00, 0x00, 0x00, 0x00, 
0x00, 0x00, 0x04, 0x1F, 0x00, 0x00, 0x00, 0x11, 0x00, 0x00, 0x00, 0x0B, 0x00, 0x00, 0x00, 0x0F, 
0x00, 0x00, 0x00, 0x10, 0x00, 0x00, 0x00, 0x02, 0x00, 0x00, 0x00, 0x00, 0x00, 0x00, 0x04, 0x20, 
0x00, 0x00, 0x00, 0x11, 0x00, 0x00, 0x00, 0x0A, 0x00, 0x00, 0x00, 0x0C, 0x00, 0x00, 0x00, 0x10, 
0x00, 0x00, 0x00, 0x02, 0x00, 0x00, 0x00, 0x00, 0x00, 0x00, 0x04, 0x21, 0x00, 0x00, 0x00, 0x11, 
0x00, 0x00, 0x00, 0x0C, 0x00, 0x00, 0x00, 0x0D, 0x00, 0x00, 0x00, 0x10, 0x00, 0x00, 0x00, 0x01, 
0x00, 0x00, 0x00, 0x00, 0x00, 0x00, 0x04, 0x22, 0x00, 0x00, 0x00, 0x11, 0x00, 0x00, 0x00, 0x0C, 
0x00, 0x00, 0x00, 0x0C, 0x00, 0x00, 0x00, 0x10, 0x00, 0x00, 0x00, 0x00, 0x00, 0x00, 0x00, 0x00, 
0x00, 0x00, 0x04, 0x23, 0x00, 0x00, 0x00, 0x11, 0x00, 0x00, 0x00, 0x0D, 0x00, 0x00, 0x00, 0x0D, 
0x00, 0x00, 0x00, 0x10, 0x00, 0x00, 0x00, 0x00, 0x00, 0x00, 0x00, 0x00, 0x00, 0x00, 0x04, 0x24, 
0x00, 0x00, 0x00, 0x11, 0x00, 0x00, 0x00, 0x0F, 0x00, 0x00, 0x00, 0x11, 0x00, 0x00, 0x00, 0x10, 
0x00, 0x00, 0x00, 0x01, 0x00, 0x00, 0x00, 0x00, 0x00, 0x00, 0x04, 0x25, 0x00, 0x00, 0x00, 0x11, 
0x00, 0x00, 0x00, 0x0C, 0x00, 0x00, 0x00, 0x0C, 0x00, 0x00, 0x00, 0x10, 0x00, 0x00, 0x00, 0x00, 
0x00, 0x00, 0x00, 0x00, 0x00, 0x00, 0x04, 0x26, 0x00, 0x00, 0x00, 0x15, 0x00, 0x00, 0x00, 0x0D, 
0x00, 0x00, 0x00, 0x0F, 0x00, 0x00, 0x00, 0x10, 0x00, 0x00, 0x00, 0x02, 0x00, 0x00, 0x00, 0x00, 
0x00, 0x00, 0x04, 0x27, 0x00, 0x00, 0x00, 0x11, 0x00, 0x00, 0x00, 0x0B, 0x00, 0x00, 0x00, 0x0D, 
0x00, 0x00, 0x00, 0x10, 0x00, 0x00, 0x00, 0x01, 0x00, 0x00, 0x00, 0x00, 0x00, 0x00, 0x04, 0x28, 
0x00, 0x00, 0x00, 0x10, 0x00, 0x00, 0x00, 0x11, 0x00, 0x00, 0x00, 0x15, 0x00, 0x00, 0x00, 0x10, 
0x00, 0x00, 0x00, 0x02, 0x00, 0x00, 0x00, 0x00, 0x00, 0x00, 0x04, 0x29, 0x00, 0x00, 0x00, 0x15, 
0x00, 0x00, 0x00, 0x13, 0x00, 0x00, 0x00, 0x15, 0x00, 0x00, 0x00, 0x10, 0x00, 0x00, 0x00, 0x02, 
0x00, 0x00, 0x00, 0x00, 0x00, 0x00, 0x04, 0x2A, 0x00, 0x00, 0x00, 0x10, 0x00, 0x00, 0x00, 0x0F, 
0x00, 0x00, 0x00, 0x0F, 0x00, 0x00, 0x00, 0x10, 0x00, 0x00, 0x00, 0x00, 0x00, 0x00, 0x00, 0x00, 
0x00, 0x00, 0x04, 0x2B, 0x00, 0x00, 0x00, 0x11, 0x00, 0x00, 0x00, 0x0F, 0x00, 0x00, 0x00, 0x12, 
0x00, 0x00, 0x00, 0x10, 0x00, 0x00, 0x00, 0x02, 0x00, 0x00, 0x00, 0x00, 0x00, 0x00, 0x04, 0x2C, 
0x00, 0x00, 0x00, 0x10, 0x00, 0x00, 0x00, 0x0B, 0x00, 0x00, 0x00, 0x0D, 0x00, 0x00, 0x00, 0x10, 
0x00, 0x00, 0x00, 0x02, 0x00, 0x00, 0x00, 0x00, 0x00, 0x00, 0x04, 0x2D, 0x00, 0x00, 0x00, 0x11, 
0x00, 0x00, 0x00, 0x0B, 0x00, 0x00, 0x00, 0x0D, 0x00, 0x00, 0x00, 0x10, 0x00, 0x00, 0x00, 0x01, 
0x00, 0x00, 0x00, 0x00, 0x00, 0x00, 0x04, 0x2E, 0x00, 0x00, 0x00, 0x11, 0x00, 0x00, 0x00, 0x12, 
0x00, 0x00, 0x00, 0x15, 0x00, 0x00, 0x00, 0x10, 0x00, 0x00, 0x00, 0x02, 0x00, 0x00, 0x00, 0x00, 
0x00, 0x00, 0x04, 0x2F, 0x00, 0x00, 0x00, 0x11, 0x00, 0x00, 0x00, 0x0C, 0x00, 0x00, 0x00, 0x0D, 
0x00, 0x00, 0x00, 0x10, 0x00, 0x00, 0x00, 0x00, 0x00, 0x00, 0x00, 0x00, 0x00, 0x00, 0x04, 0x30, 
0x00, 0x00, 0x00, 0x0D, 0x00, 0x00, 0x00, 0x09, 0x00, 0x00, 0x00, 0x0C, 0x00, 0x00, 0x00, 0x0C, 
0x00, 0x00, 0x00, 0x01, 0x00, 0x00, 0x00, 0x00, 0x00, 0x00, 0x04, 0x31, 0x00, 0x00, 0x00, 0x12, 
0x00, 0x00, 0x00, 0x0B, 0x00, 0x00, 0x00, 0x0D, 0x00, 0x00, 0x00, 0x11, 0x00, 0x00, 0x00, 0x01, 
0x00, 0x00, 0x00, 0x00, 0x00, 0x00, 0x04, 0x32, 0x00, 0x00, 0x00, 0x0D, 0x00, 0x00, 0x00, 0x0A, 
0x00, 0x00, 0x00, 0x0C, 0x00, 0x00, 0x00, 0x0C, 0x00, 0x00, 0x00, 0x01, 0x00, 0x00, 0x00, 0x00, 
0x00, 0x00, 0x04, 0x33, 0x00, 0x00, 0x00, 0x0D, 0x00, 0x00, 0x00, 0x08, 0x00, 0x00, 0x00, 0x08, 
0x00, 0x00, 0x00, 0x0C, 0x00, 0x00, 0x00, 0x01, 0x00, 0x00, 0x00, 0x00, 0x00, 0x00, 0x04, 0x34, 
0x00, 0x00, 0x00, 0x10, 0x00, 0x00, 0x00, 0x0E, 0x00, 0x00, 0x00, 0x0D, 0x00, 0x00, 0x00, 0x0C, 
0x00, 0x00, 0x00, 0x00, 0x00, 0x00, 0x00, 0x00, 0x00, 0x00, 0x04, 0x35, 0x00, 0x00, 0x00, 0x0D, 
0x00, 0x00, 0x00, 0x0A, 0x00, 0x00, 0x00, 0x0C, 0x00, 0x00, 0x00, 0x0C, 0x00, 0x00, 0x00, 0x01, 
0x00, 0x00, 0x00, 0x00, 0x00, 0x00, 0x04, 0x36, 0x00, 0x00, 0x00, 0x0D, 0x00, 0x00, 0x00, 0x10, 
0x00, 0x00, 0x00, 0x11, 0x00, 0x00, 0x00, 0x0C, 0x00, 0x00, 0x00, 0x00, 0x00, 0x00, 0x00, 0x00, 
0x00, 0x00, 0x04, 0x37, 0x00, 0x00, 0x00, 0x0D, 0x00, 0x00, 0x00, 0x0A, 0x00, 0x00, 0x00, 0x0A, 
0x00, 0x00, 0x00, 0x0C, 0x00, 0x00, 0x00, 0x00, 0x00, 0x00, 0x00, 0x00, 0x00, 0x00, 0x04, 0x38, 
0x00, 0x00, 0x00, 0x0D, 0x00, 0x00, 0x00, 0x0B, 0x00, 0x00, 0x00, 0x0D, 0x00, 0x00, 0x00, 0x0C, 
0x00, 0x00, 0x00, 0x01, 0x00, 0x00, 0x00, 0x00, 0x00, 0x00, 0x04, 0x39, 0x00, 0x00, 0x00, 0x12, 
0x00, 0x00, 0x00, 0x0B, 0x00, 0x00, 0x00, 0x0D, 0x00, 0x00, 0x00, 0x11, 0x00, 0x00, 0x00, 0x01, 
0x00, 0x00, 0x00, 0x00, 0x00, 0x00, 0x04, 0x3A, 0x00, 0x00, 0x00, 0x0D, 0x00, 0x00, 0x00, 0x0A, 
0x00, 0x00, 0x00, 0x0B, 0x00, 0x00, 0x00, 0x0C, 0x00, 0x00, 0x00, 0x01, 0x00, 0x00, 0x00, 0x00, 
0x00, 0x00, 0x04, 0x3B, 0x00, 0x00, 0x00, 0x0D, 0x00, 0x00, 0x00, 0x0B, 0x00, 0x00, 0x00, 0x0C, 
0x00, 0x00, 0x00, 0x0C, 0x00, 0x00, 0x00, 0x00, 0x00, 0x00, 0x00, 0x00, 0x00, 0x00, 0x04, 0x3C, 
0x00, 0x00, 0x00, 0x0D, 0x00, 0x00, 0x00, 0x0F, 0x00, 0x00, 0x00, 0x10, 0x00, 0x00, 0x00, 0x0C, 
0x00, 0x00, 0x00, 0x01, 0x00, 0x00, 0x00, 0x00, 0x00, 0x00, 0x04, 0x3D, 0x00, 0x00, 0x00, 0x0D, 
0x00, 0x00, 0x00, 0x0B, 0x00, 0x00, 0x00, 0x0D, 0x00, 0x00, 0x00, 0x0C, 0x00, 0x00, 0x00, 0x01, 
0x00, 0x00, 0x00, 0x00, 0x00, 0x00, 0x04, 0x3E, 0x00, 0x00, 0x00, 0x0D, 0x00, 0x00, 0x00, 0x0B, 
0x00, 0x00, 0x00, 0x0D, 0x00, 0x00, 0x00, 0x0C, 0x00, 0x00, 0x00, 0x01, 0x00, 0x00, 0x00, 0x00, 
0x00, 0x00, 0x04, 0x3F, 0x00, 0x00, 0x00, 0x0D, 0x00, 0x00, 0x00, 0x0A, 0x00, 0x00, 0x00, 0x0D, 
0x00, 0x00, 0x00, 0x0C, 0x00, 0x00, 0x00, 0x01, 0x00, 0x00, 0x00, 0x00, 0x00, 0x00, 0x04, 0x40, 
0x00, 0x00, 0x00, 0x11, 0x00, 0x00, 0x00, 0x0B, 0x00, 0x00, 0x00, 0x0D, 0x00, 0x00, 0x00, 0x0C, 
0x00, 0x00, 0x00, 0x01, 0x00, 0x00, 0x00, 0x00, 0x00, 0x00, 0x04, 0x41, 0x00, 0x00, 0x00, 0x0D, 
0x00, 0x00, 0x00, 0x09, 0x00, 0x00, 0x00, 0x0A, 0x00, 0x00, 0x00, 0x0C, 0x00, 0x00, 0x00, 0x01, 
0x00, 0x00, 0x00, 0x00, 0x00, 0x00, 0x04, 0x42, 0x00, 0x00, 0x00, 0x0D, 0x00, 0x00, 0x00, 0x0A, 
0x00, 0x00, 0x00, 0x09, 0x00, 0x00, 0x00, 0x0C, 0x00, 0x00, 0x00, 0x00, 0x00, 0x00, 0x00, 0x00, 
0x00, 0x00, 0x04, 0x43, 0x00, 0x00, 0x00, 0x11, 0x00, 0x00, 0x00, 0x0B, 0x00, 0x00, 0x00, 0x0B, 
0x00, 0x00, 0x00, 0x0C, 0x00, 0x00, 0x00, 0x00, 0x00, 0x00, 0x00, 0x00, 0x00, 0x00, 0x04, 0x44, 
0x00, 0x00, 0x00, 0x16, 0x00, 0x00, 0x00, 0x0F, 0x00, 0x00, 0x00, 0x0F, 0x00, 0x00, 0x00, 0x11, 
0x00, 0x00, 0x00, 0x00, 0x00, 0x00, 0x00, 0x00, 0x00, 0x00, 0x04, 0x45, 0x00, 0x00, 0x00, 0x0D, 
0x00, 0x00, 0x00, 0x0A, 0x00, 0x00, 0x00, 0x0A, 0x00, 0x00, 0x00, 0x0C, 0x00, 0x00, 0x00, 0x00, 
0x00, 0x00, 0x00, 0x00, 0x00, 0x00, 0x04, 0x46, 0x00, 0x00, 0x00, 0x10, 0x00, 0x00, 0x00, 0x0C, 
0x00, 0x00, 0x00, 0x0D, 0x00, 0x00, 0x00, 0x0C, 0x00, 0x00, 0x00, 0x01, 0x00, 0x00, 0x00, 0x00, 
0x00, 0x00, 0x04, 0x47, 0x00, 0x00, 0x00, 0x0D, 0x00, 0x00, 0x00, 0x0A, 0x00, 0x00, 0x00, 0x0B, 
0x00, 0x00, 0x00, 0x0C, 0x00, 0x00, 0x00, 0x00, 0x00, 0x00, 0x00, 0x00, 0x00, 0x00, 0x04, 0x48, 
0x00, 0x00, 0x00, 0x0C, 0x00, 0x00, 0x00, 0x0F, 0x00, 0x00, 0x00, 0x11, 0x00, 0x00, 0x00, 0x0C, 
0x00, 0x00, 0x00, 0x01, 0x00, 0x00, 0x00, 0x00, 0x00, 0x00, 0x04, 0x49, 0x00, 0x00, 0x00, 0x10, 
0x00, 0x00, 0x00, 0x11, 0x00, 0x00, 0x00, 0x12, 0x00, 0x00, 0x00, 0x0C, 0x00, 0x00, 0x00, 0x01, 
0x00, 0x00, 0x00, 0x00, 0x00, 0x00, 0x04, 0x4A, 0x00, 0x00, 0x00, 0x0D, 0x00, 0x00, 0x00, 0x0D, 
0x00, 0x00, 0x00, 0x0D, 0x00, 0x00, 0x00, 0x0C, 0x00, 0x00, 0x00, 0x00, 0x00, 0x00, 0x00, 0x00, 
0x00, 0x00, 0x04, 0x4B, 0x00, 0x00, 0x00, 0x0D, 0x00, 0x00, 0x00, 0x0E, 0x00, 0x00, 0x00, 0x10, 
0x00, 0x00, 0x00, 0x0C, 0x00, 0x00, 0x00, 0x01, 0x00, 0x00, 0x00, 0x00, 0x00, 0x00, 0x04, 0x4C, 
0x00, 0x00, 0x00, 0x0D, 0x00, 0x00, 0x00, 0x0A, 0x00, 0x00, 0x00, 0x0B, 0x00, 0x00, 0x00, 0x0C, 
0x00, 0x00, 0x00, 0x01, 0x00, 0x00, 0x00, 0x00, 0x00, 0x00, 0x04, 0x4D, 0x00, 0x00, 0x00, 0x0D, 
0x00, 0x00, 0x00, 0x0A, 0x00, 0x00, 0x00, 0x0B, 0x00, 0x00, 0x00, 0x0C, 0x00, 0x00, 0x00, 0x00, 
0x00, 0x00, 0x00, 0x00, 0x00, 0x00, 0x04, 0x4E, 0x00, 0x00, 0x00, 0x0D, 0x00, 0x00, 0x00, 0x10, 
0x00, 0x00, 0x00, 0x11, 0x00, 0x00, 0x00, 0x0C, 0x00, 0x00, 0x00, 0x01, 0x00, 0x00, 0x00, 0x00, 
0x00, 0x00, 0x04, 0x4F, 0x00, 0x00, 0x00, 0x0D, 0x00, 0x00, 0x00, 0x0A, 0x00, 0x00, 0x00, 0x0B, 
0x00, 0x00, 0x00, 0x0C, 0x00, 0x00, 0x00, 0x00, 0x00, 0x00, 0x00, 0x00, 0x00, 0x00, 0x04, 0x51, 
0x00, 0x00, 0x00, 0x11, 0x00, 0x00, 0x00, 0x0A, 0x00, 0x00, 0x00, 0x0C, 0x00, 0x00, 0x00, 0x10, 
0x00, 0x00, 0x00, 0x01, 0x00, 0x00, 0x00, 0x00, 0x00, 0x00, 0x20, 0x0C, 0x00, 0x00, 0x00, 0x01, 
0x00, 0x00, 0x00, 0x01, 0x00, 0x00, 0x00, 0x00, 0x00, 0x00, 0x00, 0x30, 0xFF, 0xFF, 0xFF, 0xE8, 
0x00, 0x00, 0x00, 0x00, 0x00, 0x00, 0x20, 0x0D, 0x00, 0x00, 0x00, 0x01, 0x00, 0x00, 0x00, 0x01, 
0x00, 0x00, 0x00, 0x00, 0x00, 0x00, 0x00, 0x30, 0xFF, 0xFF, 0xFF, 0xE8, 0x00, 0x00, 0x00, 0x00, 
0x00, 0x00, 0x20, 0x0E, 0x00, 0x00, 0x00, 0x01, 0x00, 0x00, 0x00, 0x01, 0x00, 0x00, 0x00, 0x00, 
0x00, 0x00, 0x00, 0x30, 0xFF, 0xFF, 0xFF, 0xE8, 0x00, 0x00, 0x00, 0x00, 0x00, 0x00, 0x20, 0x0F, 
0x00, 0x00, 0x00, 0x01, 0x00, 0x00, 0x00, 0x01, 0x00, 0x00, 0x00, 0x00, 0x00, 0x00, 0x00, 0x30, 
0xFF, 0xFF, 0xFF, 0xE8, 0x00, 0x00, 0x00, 0x00, 0x00, 0x00, 0x20, 0x28, 0x00, 0x00, 0x00, 0x01, 
0x00, 0x00, 0x00, 0x01, 0x00, 0x00, 0x00, 0x00, 0x00, 0x00, 0x00, 0x30, 0xFF, 0xFF, 0xFF, 0xE8, 
0x00, 0x00, 0x00, 0x00, 0x00, 0x00, 0x20, 0x29, 0x00, 0x00, 0x00, 0x01, 0x00, 0x00, 0x00, 0x01, 
0x00, 0x00, 0x00, 0x00, 0x00, 0x00, 0x00, 0x30, 0xFF, 0xFF, 0xFF, 0xE8, 0x00, 0x00, 0x00, 0x00, 
0x00, 0x00, 0x20, 0x2A, 0x00, 0x00, 0x00, 0x01, 0x00, 0x00, 0x00, 0x01, 0x00, 0x00, 0x00, 0x00, 
0x00, 0x00, 0x00, 0x30, 0xFF, 0xFF, 0xFF, 0xE8, 0x00, 0x00, 0x00, 0x00, 0x00, 0x00, 0x20, 0x2B, 
0x00, 0x00, 0x00, 0x01, 0x00, 0x00, 0x00, 0x01, 0x00, 0x00, 0x00, 0x00, 0x00, 0x00, 0x00, 0x30, 
0xFF, 0xFF, 0xFF, 0xE8, 0x00, 0x00, 0x00, 0x00, 0x00, 0x00, 0x20, 0x2C, 0x00, 0x00, 0x00, 0x01, 
0x00, 0x00, 0x00, 0x01, 0x00, 0x00, 0x00, 0x00, 0x00, 0x00, 0x00, 0x30, 0xFF, 0xFF, 0xFF, 0xE8, 
0x00, 0x00, 0x00, 0x00, 0x00, 0x00, 0x20, 0x2D, 0x00, 0x00, 0x00, 0x01, 0x00, 0x00, 0x00, 0x01, 
0x00, 0x00, 0x00, 0x00, 0x00, 0x00, 0x00, 0x30, 0xFF, 0xFF, 0xFF, 0xE8, 0x00, 0x00, 0x00, 0x00, 
0x00, 0x00, 0x20, 0x2E, 0x00, 0x00, 0x00, 0x01, 0x00, 0x00, 0x00, 0x01, 0x00, 0x00, 0x00, 0x00, 
0x00, 0x00, 0x00, 0x30, 0xFF, 0xFF, 0xFF, 0xE8, 0x00, 0x00, 0x00, 0x00, 0x00, 0x00, 0x20, 0x6A, 
0x00, 0x00, 0x00, 0x01, 0x00, 0x00, 0x00, 0x01, 0x00, 0x00, 0x00, 0x00, 0x00, 0x00, 0x00, 0x30, 
0xFF, 0xFF, 0xFF, 0xE8, 0x00, 0x00, 0x00, 0x00, 0x00, 0x00, 0x20, 0x6B, 0x00, 0x00, 0x00, 0x01, 
0x00, 0x00, 0x00, 0x01, 0x00, 0x00, 0x00, 0x00, 0x00, 0x00, 0x00, 0x30, 0xFF, 0xFF, 0xFF, 0xE8, 
0x00, 0x00, 0x00, 0x00, 0x00, 0x00, 0x20, 0x6C, 0x00, 0x00, 0x00, 0x01, 0x00, 0x00, 0x00, 0x01, 
0x00, 0x00, 0x00, 0x00, 0x00, 0x00, 0x00, 0x30, 0xFF, 0xFF, 0xFF, 0xE8, 0x00, 0x00, 0x00, 0x00, 
0x00, 0x00, 0x20, 0x6D, 0x00, 0x00, 0x00, 0x01, 0x00, 0x00, 0x00, 0x01, 0x00, 0x00, 0x00, 0x00, 
0x00, 0x00, 0x00, 0x30, 0xFF, 0xFF, 0xFF, 0xE8, 0x00, 0x00, 0x00, 0x00, 0x00, 0x00, 0x20, 0x6E, 
0x00, 0x00, 0x00, 0x01, 0x00, 0x00, 0x00, 0x01, 0x00, 0x00, 0x00, 0x00, 0x00, 0x00, 0x00, 0x30, 
0xFF, 0xFF, 0xFF, 0xE8, 0x00, 0x00, 0x00, 0x00, 0x00, 0x00, 0x20, 0x6F, 0x00, 0x00, 0x00, 0x01, 
0x00, 0x00, 0x00, 0x01, 0x00, 0x00, 0x00, 0x00, 0x00, 0x00, 0x00, 0x30, 0xFF, 0xFF, 0xFF, 0xE8, 
0x00, 0x00, 0x00, 0x00, 0x00, 0x00, 0x22, 0x12, 0x00, 0x00, 0x00, 0x03, 0x00, 0x00, 0x00, 0x0B, 
0x00, 0x00, 0x00, 0x0C, 0x00, 0x00, 0x00, 0x08, 0x00, 0x00, 0x00, 0x00, 0x00, 0x00, 0x00, 0x00, 
0x00, 0x00, 0x22, 0x15, 0x00, 0x00, 0x00, 0x11, 0x00, 0x00, 0x00, 0x0E, 0x00, 0x00, 0x00, 0x08, 
0x00, 0x00, 0x00, 0x10, 0xFF, 0xFF, 0xFF, 0xFD, 0x00, 0x00, 0x00, 0x00, 0x00, 0x00, 0x22, 0x48, 
0x00, 0x00, 0x00, 0x08, 0x00, 0x00, 0x00, 0x0A, 0x00, 0x00, 0x00, 0x0C, 0x00, 0x00, 0x00, 0x0B, 
0x00, 0x00, 0x00, 0x01, 0x00, 0x00, 0x00, 0x00, 0x00, 0x00, 0x22, 0x60, 0x00, 0x00, 0x00, 0x0D, 
0x00, 0x00, 0x00, 0x0A, 0x00, 0x00, 0x00, 0x0C, 0x00, 0x00, 0x00, 0x0D, 0x00, 0x00, 0x00, 0x01, 
0x00, 0x00, 0x00, 0x00, 0x00, 0x00, 0x00, 0x00, 0x00, 0x00, 0x06, 0x15, 0x00, 0xAF, 0xFF, 0x60, 
0xB3, 0xFF, 0x66, 0xAF, 0xFF, 0x62, 0xAA, 0xFF, 0x5D, 0xA5, 0xFF, 0x58, 0xA1, 0xFF, 0x54, 0x9C, 
0xFF, 0x4F, 0x97, 0xFF, 0x4A, 0x93, 0xFF, 0x46, 0x8E, 0xFF, 0x41, 0x89, 0xFF, 0x3C, 0x78, 0xFB, 
0x2F, 0x00, 0x00, 0x00, 0x4B, 0x86, 0x23, 0xD9, 0xFF, 0x8B, 0xBD, 0xFF, 0x6E, 0x05, 0x18, 0x00, 
0x15, 0x5B, 0x2B, 0x00, 0x09, 0x58, 0x3B, 0x5A, 0xFF, 0x9D, 0x00, 0x2E, 0xFF, 0xC5, 0x4C, 0xFF, 
0x90, 0x00, 0x21, 0xFF, 0xB8, 0x3F, 0xFF, 0x84, 0x00, 0x15, 0xFF, 0xAC, 0x32, 0xFF, 0x77, 0x00, 
0x08, 0xFF, 0x9F, 0x24, 0xFF, 0x6B, 0x00, 0x00, 0xFB, 0x93, 0x0F, 0xC5, 0x43, 0x00, 0x00, 0xB5, 
0x62, 0x00, 0x00, 0x00, 0x0F, 0x37, 0x08, 0x00, 0x00, 0x10, 0x36, 0x06, 0x00, 0x00, 0x00, 0x00, 
0x84, 0xFF, 0x39, 0x00, 0x00, 0x8B, 0xFF, 0x32, 0x00, 0x00, 0x00, 0x00, 0xA6, 0xFF, 0x18, 0x00, 
0x00, 0xAB, 0xFF, 0x13, 0x00, 0x00, 0x00, 0x00, 0xC7, 0xF5, 0x00, 0x00, 0x00, 0xCA, 0xF3, 0x00, 
0x00, 0x00, 0x17, 0x24, 0xE9, 0xDC, 0x24, 0x24, 0x24, 0xEA, 0xDB, 0x24, 0x08, 0x00, 0xE2, 0xFF, 
0xFF, 0xFF, 0xFF, 0xFF, 0xFF, 0xFF, 0xFF, 0xFF, 0x78, 0x00, 0x46, 0x77, 0xFF, 0xB6, 0x5C, 0x5C, 
0x79, 0xFF, 0xB6, 0x5C, 0x22, 0x00, 0x00, 0x45, 0xFF, 0x74, 0x00, 0x00, 0x49, 0xFF, 0x74, 0x00, 
0x00, 0x00, 0x00, 0x65, 0xFF, 0x55, 0x00, 0x00, 0x69, 0xFF, 0x55, 0x00, 0x00, 0x00, 0x00, 0x85, 
0xFF, 0x36, 0x00, 0x00, 0x89, 0xFF, 0x36, 0x00, 0x00, 0x5E, 0xC0, 0xE6, 0xFF, 0xC8, 0xC0, 0xC0, 
0xE7, 0xFF, 0xC8, 0x94, 0x00, 0x59, 0xBC, 0xF4, 0xF9, 0xBC, 0xBC, 0xBC, 0xF4, 0xF9, 0xBC, 0x96, 
0x00, 0x00, 0x00, 0xE8, 0xD3, 0x00, 0x00, 0x00, 0xE9, 0xD3, 0x00, 0x00, 0x00, 0x00, 0x08, 0xFE, 
0xB4, 0x00, 0x00, 0x09, 0xFF, 0xB3, 0x00, 0x00, 0x00, 0x00, 0x26, 0xFF, 0x95, 0x00, 0x00, 0x29, 
0xFF, 0x93, 0x00, 0x00, 0x00, 0x00, 0x41, 0xFF, 0x73, 0x00, 0x00, 0x44, 0xFF, 0x70, 0x00, 0x00, 
0x00, 0x00, 0x00, 0x11, 0x02, 0x00, 0x00, 0x00, 0x11, 0x01, 0x00, 0x00, 0x00, 0x00, 0x00, 0x00, 
0x00, 0x00, 0xC6, 0x77, 0x00, 0x00, 0x00, 0x00, 0x00, 0x00, 0x00, 0x0E, 0xFF, 0x85, 0x00, 0x00, 
0x00, 0x00, 0x00, 0x00, 0x01, 0x3B, 0xFF, 0x74, 0x00, 0x00, 0x00, 0x00, 0x0C, 0x8E, 0xEB, 0xFF, 
0xFF, 0xFF, 0xE0, 0x75, 0x00, 0x04, 0xC9, 0xFF, 0xDF, 0x92, 0x80, 0x9F, 0xE7, 0xFF, 0x09, 0x52, 
0xFF, 0xCE, 0x06, 0x00, 0x00, 0x00, 0x04, 0x4E, 0x00, 0x81, 0xFF, 0x86, 0x00, 0x00, 0x00, 0x00, 
0x00, 0x00, 0x00, 0x73, 0xFF, 0xB7, 0x00, 0x00, 0x00, 0x00, 0x00, 0x00, 0x00, 0x24, 0xF7, 0xFF, 
0xA0, 0x17, 0x00, 0x00, 0x00, 0x00, 0x00, 0x00, 0x5C, 0xF7, 0xFF, 0xF8, 0xAB, 0x4B, 0x02, 0x00, 
0x00, 0x00, 0x00, 0x27, 0x9D, 0xF5, 0xFF, 0xFF, 0xDA, 0x40, 0x00, 0x00, 0x00, 0x00, 0x00, 0x0C, 
0x62, 0xD8, 0xFF, 0xFA, 0x35, 0x00, 0x00, 0x00, 0x00, 0x00, 0x00, 0x08, 0xBB, 0xFF, 0xBC, 0x00, 
0x00, 0x00, 0x00, 0x00, 0x00, 0x00, 0x3C, 0xFF, 0xE4, 0x00, 0x00, 0x00, 0x00, 0x00, 0x00, 0x00, 
0x4E, 0xFF, 0xD2, 0x94, 0x57, 0x06, 0x00, 0x00, 0x00, 0x20, 0xD5, 0xFF, 0x7D, 0xD1, 0xFF, 0xEF, 
0xBC, 0xB1, 0xCA, 0xFC, 0xFF, 0xB8, 0x07, 0x23, 0x8E, 0xD0, 0xFB, 0xFF, 0xEC, 0xB9, 0x5C, 0x02, 
0x00, 0x00, 0x00, 0x00, 0xCB, 0xC6, 0x00, 0x00, 0x00, 0x00, 0x00, 0x00, 0x00, 0x00, 0xE6, 0xAB, 
0x00, 0x00, 0x00, 0x00, 0x00, 0x00, 0x00, 0x00, 0xD2, 0x78, 0x00, 0x00, 0x00, 0x00, 0x00, 0x00, 
0x00, 0x08, 0x44, 0x4E, 0x17, 0x00, 0x00, 0x00, 0x00, 0x00, 0x00, 0x06, 0x8B, 0x63, 0x00, 0x00, 
0x00, 0x24, 0xD8, 0xFF, 0xFD, 0xF6, 0x52, 0x00, 0x00, 0x00, 0x00, 0x00, 0x8B, 0xFE, 0x41, 0x00, 
0x00, 0x00, 0xB5, 0xEA, 0x25, 0x10, 0xC9, 0xEE, 0x0A, 0x00, 0x00, 0x00, 0x3F, 0xFD, 0x8C, 0x00, 
0x00, 0x00, 0x07, 0xFE, 0x9C, 0x00, 0x00, 0x63, 0xFF, 0x42, 0x00, 0x00, 0x0F, 0xE0, 0xD3, 0x07, 
0x00, 0x00, 0x00, 0x20, 0xFF, 0x83, 0x00, 0x00, 0x49, 0xFF, 0x58, 0x00, 0x00, 0xA3, 0xF9, 0x2E, 
0x00, 0x00, 0x00, 0x00, 0x11, 0xFF, 0x8F, 0x00, 0x00, 0x55, 0xFF, 0x42, 0x00, 0x55, 0xFF, 0x74, 
0x00, 0x00, 0x00, 0x00, 0x00, 0x00, 0xDF, 0xD6, 0x05, 0x00, 0xA0, 0xF5, 0x12, 0x1A, 0xED, 0xC0, 
0x02, 0x00, 0x00, 0x00, 0x00, 0x00, 0x00, 0x5B, 0xFD, 0xDB, 0xC9, 0xFF, 0x74, 0x01, 0xB9, 0xF0, 
0x1E, 0x00, 0x00, 0x00, 0x00, 0x00, 0x00, 0x00, 0x00, 0x3A, 0x8A, 0x8C, 0x42, 0x00, 0x6D, 0xFF, 
0x5C, 0x00, 0x57, 0xB3, 0xB9, 0x75, 0x07, 0x00, 0x00, 0x00, 0x00, 0x00, 0x00, 0x00, 0x29, 0xF6, 
0xAA, 0x00, 0x71, 0xFF, 0xB1, 0xA8, 0xFF, 0xA2, 0x00, 0x00, 0x00, 0x00, 0x00, 0x00, 0x05, 0xCD, 
0xE5, 0x12, 0x05, 0xEC, 0xB7, 0x00, 0x00, 0xA2, 0xFB, 0x16, 0x00, 0x00, 0x00, 0x00, 0x00, 0x86, 
0xFE, 0x46, 0x00, 0x22, 0xFF, 0x7C, 0x00, 0x00, 0x63, 0xFF, 0x3E, 0x00, 0x00, 0x00, 0x00, 0x3B, 
0xFC, 0x91, 0x00, 0x00, 0x2E, 0xFF, 0x73, 0x00, 0x00, 0x5A, 0xFF, 0x44, 0x00, 0x00, 0x00, 0x0D, 
0xDD, 0xD6, 0x08, 0x00, 0x00, 0x12, 0xFF, 0x95, 0x00, 0x00, 0x78, 0xFF, 0x23, 0x00, 0x00, 0x00, 
0x9E, 0xFA, 0x32, 0x00, 0x00, 0x00, 0x00, 0xC1, 0xED, 0x46, 0x3A, 0xE0, 0xC7, 0x00, 0x00, 0x00, 
0x4F, 0xFF, 0x79, 0x00, 0x00, 0x00, 0x00, 0x00, 0x25, 0xD3, 0xFF, 0xFF, 0xCF, 0x23, 0x00, 0x00, 
0x00, 0x3A, 0x5D, 0x02, 0x00, 0x00, 0x00, 0x00, 0x00, 0x00, 0x00, 0x20, 0x1F, 0x00, 0x00, 0x00, 
0x00, 0x00, 0x00, 0x45, 0xA8, 0xD3, 0xDA, 0xBD, 0x6B, 0x04, 0x00, 0x00, 0x00, 0x00, 0x00, 0x00, 
0x00, 0x7C, 0xFF, 0xFC, 0xCE, 0xCA, 0xFC, 0xFF, 0x9A, 0x00, 0x00, 0x00, 0x00, 0x00, 0x00, 0x14, 
0xFB, 0xF8, 0x34, 0x00, 0x00, 0x36, 0xFB, 0xFF, 0x1E, 0x00, 0x00, 0x00, 0x00, 0x00, 0x44, 0xFF, 
0xC3, 0x00, 0x00, 0x00, 0x00, 0xDC, 0xFF, 0x2E, 0x00, 0x00, 0x00, 0x00, 0x00, 0x3A, 0xFF, 0xE4, 
0x02, 0x00, 0x00, 0x2B, 0xFC, 0xF2, 0x06, 0x00, 0x00, 0x00, 0x00, 0x00, 0x03, 0xDE, 0xFF, 0x62, 
0x00, 0x32, 0xE3, 0xFF, 0x63, 0x00, 0x00, 0x00, 0x00, 0x00, 0x00, 0x00, 0x4F, 0xFF, 0xEF, 0x91, 
0xFA, 0xF2, 0x5B, 0x00, 0x00, 0x00, 0x00, 0x00, 0x00, 0x00, 0x00, 0x02, 0xCC, 0xFF, 0xFF, 0xAF, 
0x1C, 0x00, 0x00, 0x00, 0x43, 0x54, 0x00, 0x00, 0x00, 0x15, 0xC0, 0xFF, 0xF4, 0xFF, 0xB9, 0x05, 
0x00, 0x00, 0x00, 0xDF, 0xFF, 0x04, 0x00, 0x07, 0xCD, 0xFF, 0x8B, 0x1B, 0xE1, 0xFF, 0xA5, 0x01, 
0x00, 0x02, 0xF5, 0xEB, 0x00, 0x00, 0x6A, 0xFF, 0xB9, 0x00, 0x00, 0x26, 0xE8, 0xFF, 0x9D, 0x02, 
0x37, 0xFF, 0xB3, 0x00, 0x00, 0xAA, 0xFF, 0x68, 0x00, 0x00, 0x00, 0x2A, 0xE8, 0xFF, 0xA5, 0xAB, 
0xFF, 0x58, 0x00, 0x00, 0xAB, 0xFF, 0x7C, 0x00, 0x00, 0x00, 0x00, 0x26, 0xE0, 0xFF, 0xFF, 0xD1, 
0x04, 0x00, 0x00, 0x6F, 0xFF, 0xE4, 0x17, 0x00, 0x00, 0x00, 0x03, 0x8B, 0xFF, 0xFF, 0xE1, 0x36, 
0x00, 0x00, 0x0B, 0xD2, 0xFF, 0xF0, 0x98, 0x77, 0x8F, 0xDE, 0xFF, 0xDD, 0x9D, 0xFF, 0xFB, 0x9B, 
0x25, 0x00, 0x12, 0x97, 0xF1, 0xFF, 0xFF, 0xFF, 0xDD, 0x7A, 0x0C, 0x00, 0x51, 0xE3, 0xFF, 0x56, 
0x00, 0x00, 0x00, 0x06, 0x26, 0x31, 0x19, 0x00, 0x00, 0x00, 0x00, 0x00, 0x05, 0x2C, 0x04, 0x15, 
0x5B, 0x2F, 0x5A, 0xFF, 0xA1, 0x4C, 0xFF, 0x96, 0x3F, 0xFF, 0x8A, 0x32, 0xFF, 0x7E, 0x24, 0xFF, 
0x72, 0x0F, 0xC5, 0x47, 0x00, 0x00, 0x00, 0x86, 0x75, 0x00, 0x00, 0x40, 0xFF, 0x87, 0x00, 0x00, 
0xB3, 0xFE, 0x22, 0x00, 0x19, 0xFD, 0xC1, 0x00, 0x00, 0x6A, 0xFF, 0x79, 0x00, 0x00, 0xBA, 0xFF, 
0x32, 0x00, 0x01, 0xF0, 0xFB, 0x05, 0x00, 0x26, 0xFF, 0xD7, 0x00, 0x00, 0x4B, 0xFF, 0xB6, 0x00, 
0x00, 0x5C, 0xFF, 0xA8, 0x00, 0x00, 0x6B, 0xFF, 0x9B, 0x00, 0x00, 0x64, 0xFF, 0xA3, 0x00, 0x00, 
0x55, 0xFF, 0xB2, 0x00, 0x00, 0x3D, 0xFF, 0xCA, 0x00, 0x00, 0x0F, 0xFE, 0xF3, 0x01, 0x00, 0x00, 
0xDB, 0xFF, 0x21, 0x00, 0x00, 0x97, 0xFF, 0x63, 0x00, 0x00, 0x45, 0xFF, 0xAB, 0x00, 0x00, 0x04, 
0xE7, 0xF2, 0x0B, 0x00, 0x00, 0x78, 0xFF, 0x62, 0x00, 0x00, 0x0F, 0xEC, 0xBB, 0x00, 0x00, 0x00, 
0x03, 0x04, 0x49, 0x99, 0x18, 0x00, 0x00, 0x41, 0xFF, 0x86, 0x00, 0x00, 0x00, 0xD9, 0xED, 0x0A, 
0x00, 0x00, 0x7D, 0xFF, 0x5B, 0x00, 0x00, 0x35, 0xFF, 0xAE, 0x00, 0x00, 0x02, 0xEC, 0xF6, 0x07, 
0x00, 0x00, 0xBD, 0xFF, 0x35, 0x00, 0x00, 0x91, 0xFF, 0x69, 0x00, 0x00, 0x70, 0xFF, 0x8E, 0x00, 
0x00, 0x61, 0xFF, 0x9F, 0x00, 0x00, 0x54, 0xFF, 0xAF, 0x00, 0x00, 0x5C, 0xFF, 0xA6, 0x00, 0x00, 
0x6B, 0xFF, 0x95, 0x00, 0x00, 0x82, 0xFF, 0x7D, 0x00, 0x00, 0xAD, 0xFF, 0x4F, 0x00, 0x00, 0xDA, 
0xFF, 0x1E, 0x00, 0x1B, 0xFF, 0xDA, 0x00, 0x00, 0x62, 0xFF, 0x88, 0x00, 0x00, 0xB4, 0xFF, 0x30, 
0x00, 0x1C, 0xFC, 0xBD, 0x00, 0x00, 0x73, 0xFE, 0x44, 0x00, 0x00, 0x01, 0x06, 0x00, 0x00, 0x00, 
0x00, 0x00, 0x00, 0x00, 0x81, 0x6B, 0x00, 0x00, 0x00, 0x00, 0x00, 0x00, 0x00, 0xE1, 0xBB, 0x00, 
0x00, 0x00, 0x01, 0xC1, 0x85, 0x04, 0xC5, 0xA0, 0x0B, 0x9D, 0xA1, 0x0B, 0xC2, 0xFF, 0xC6, 0xC6, 
0xB2, 0xD9, 0xFE, 0xAE, 0x00, 0x00, 0x32, 0xB6, 0xFF, 0xFF, 0xA3, 0x25, 0x00, 0x00, 0x2C, 0x9D, 
0xF8, 0xF4, 0xF4, 0xF2, 0x8F, 0x20, 0x0C, 0xF9, 0xF3, 0x60, 0xB5, 0x92, 0x79, 0xFB, 0xE4, 0x00, 
0x5C, 0x26, 0x00, 0xD0, 0xAB, 0x00, 0x37, 0x4A, 0x00, 0x00, 0x00, 0x00, 0xE8, 0xC3, 0x00, 0x00, 
0x00, 0x00, 0x00, 0x00, 0x00, 0x1E, 0x18, 0x00, 0x00, 0x00, 0x00, 0x00, 0x00, 0x00, 0x00, 0x2B, 
0x27, 0x00, 0x00, 0x00, 0x00, 0x00, 0x00, 0x00, 0x00, 0x00, 0x00, 0xE3, 0xD7, 0x00, 0x00, 0x00, 
0x00, 0x00, 0x00, 0x00, 0x00, 0x00, 0x00, 0xE4, 0xD8, 0x00, 0x00, 0x00, 0x00, 0x00, 0x00, 0x00, 
0x00, 0x00, 0x00, 0xE4, 0xD8, 0x00, 0x00, 0x00, 0x00, 0x00, 0x00, 0x00, 0x00, 0x00, 0x00, 0xE4, 
0xD8, 0x00, 0x00, 0x00, 0x00, 0x00, 0x0B, 0x91, 0x94, 0x94, 0x94, 0xF4, 0xEF, 0x94, 0x94, 0x94, 
0x8F, 0x07, 0x20, 0xFF, 0xFF, 0xFF, 0xFF, 0xFF, 0xFF, 0xFF, 0xFF, 0xFF, 0xFE, 0x16, 0x00, 0x15, 
0x18, 0x18, 0x18, 0xE6, 0xDB, 0x18, 0x18, 0x18, 0x13, 0x00, 0x00, 0x00, 0x00, 0x00, 0x00, 0xE4, 
0xD8, 0x00, 0x00, 0x00, 0x00, 0x00, 0x00, 0x00, 0x00, 0x00, 0x00, 0xE4, 0xD8, 0x00, 0x00, 0x00, 
0x00, 0x00, 0x00, 0x00, 0x00, 0x00, 0x00, 0xE4, 0xD8, 0x00, 0x00, 0x00, 0x00, 0x00, 0x00, 0x00, 
0x00, 0x00, 0x00, 0x97, 0x8E, 0x00, 0x00, 0x00, 0x00, 0x00, 0x00, 0x00, 0x6D, 0x98, 0x1B, 0x00, 
0x00, 0xE6, 0xFF, 0x53, 0x00, 0x00, 0xE9, 0xFF, 0x2E, 0x00, 0x3B, 0xFF, 0xB9, 0x00, 0x00, 0xB6, 
0xF4, 0x21, 0x00, 0x31, 0xFF, 0x6D, 0x00, 0x00, 0x2D, 0x57, 0x01, 0x00, 0x00, 0x04, 0x84, 0x8B, 
0x0A, 0x33, 0xFF, 0xFF, 0x43, 0x1C, 0xF8, 0xF9, 0x26, 0x00, 0x0B, 0x0C, 0x00, 0x00, 0x00, 0x00, 
0x00, 0x00, 0x00, 0x00, 0x1C, 0x2E, 0x00, 0x00, 0x00, 0x00, 0x00, 0x00, 0x00, 0x04, 0xE7, 0xF6, 
0x08, 0x00, 0x00, 0x00, 0x00, 0x00, 0x00, 0x4A, 0xFF, 0xA6, 0x00, 0x00, 0x00, 0x00, 0x00, 0x00, 
0x00, 0xA8, 0xFF, 0x49, 0x00, 0x00, 0x00, 0x00, 0x00, 0x00, 0x0E, 0xF6, 0xE8, 0x03, 0x00, 0x00, 
0x00, 0x00, 0x00, 0x00, 0x62, 0xFF, 0x8E, 0x00, 0x00, 0x00, 0x00, 0x00, 0x00, 0x00, 0xC0, 0xFF, 
0x31, 0x00, 0x00, 0x00, 0x00, 0x00, 0x00, 0x1E, 0xFE, 0xD3, 0x00, 0x00, 0x00, 0x00, 0x00, 0x00, 
0x00, 0x7A, 0xFF, 0x76, 0x00, 0x00, 0x00, 0x00, 0x00, 0x00, 0x00, 0xD7, 0xFD, 0x1B, 0x00, 0x00, 
0x00, 0x00, 0x00, 0x00, 0x35, 0xFF, 0xBB, 0x00, 0x00, 0x00, 0x00, 0x00, 0x00, 0x00, 0x93, 0xFF, 
0x5E, 0x00, 0x00, 0x00, 0x00, 0x00, 0x00, 0x05, 0xEB, 0xF4, 0x0C, 0x00, 0x00, 0x00, 0x00, 0x00, 
0x00, 0x4D, 0xFF, 0xA3, 0x00, 0x00, 0x00, 0x00, 0x00, 0x00, 0x00, 0xAB, 0xFF, 0x46, 0x00, 0x00, 
0x00, 0x00, 0x00, 0x00, 0x10, 0xF8, 0xE6, 0x03, 0x00, 0x00, 0x00, 0x00, 0x00, 0x00, 0x65, 0xFF, 
0x8B, 0x00, 0x00, 0x00, 0x00, 0x00, 0x00, 0x00, 0xC3, 0xFF, 0x2E, 0x00, 0x00, 0x00, 0x00, 0x00, 
0x00, 0x21, 0xFE, 0xD1, 0x00, 0x00, 0x00, 0x00, 0x00, 0x00, 0x00, 0x7D, 0xFF, 0x73, 0x00, 0x00, 
0x00, 0x00, 0x00, 0x00, 0x00, 0xD7, 0xFC, 0x19, 0x00, 0x00, 0x00, 0x00, 0x00, 0x00, 0x00, 0x38, 
0x33, 0x00, 0x00, 0x00, 0x00, 0x00, 0x00, 0x00, 0x00, 0x00, 0x00, 0x00, 0x00, 0x1E, 0x4F, 0x5B, 
0x3D, 0x04, 0x00, 0x00, 0x00, 0x00, 0x00, 0x0E, 0xA5, 0xFE, 0xFF, 0xFF, 0xFF, 0xE4, 0x43, 0x00, 
0x00, 0x00, 0x01, 0xB8, 0xFF, 0xC5, 0x5B, 0x54, 0xA5, 0xFF, 0xF4, 0x27, 0x00, 0x00, 0x4D, 0xFF, 
0xCF, 0x07, 0x00, 0x00, 0x00, 0xA3, 0xFF, 0xA1, 0x00, 0x00, 0xAA, 0xFF, 0x5C, 0x00, 0x00, 0x00, 
0x00, 0x30, 0xFF, 0xED, 0x01, 0x00, 0xE6, 0xFF, 0x1D, 0x00, 0x00, 0x00, 0x00, 0x00, 0xF4, 0xFF, 
0x21, 0x0B, 0xFF, 0xFE, 0x01, 0x00, 0x00, 0x00, 0x00, 0x00, 0xD3, 0xFF, 0x3E, 0x1E, 0xFF, 0xF2, 
0x00, 0x00, 0x00, 0x00, 0x00, 0x00, 0xC6, 0xFF, 0x4B, 0x26, 0xFF, 0xEA, 0x00, 0x00, 0x00, 0x00, 
0x00, 0x00, 0xBE, 0xFF, 0x51, 0x1F, 0xFF, 0xF0, 0x00, 0x00, 0x00, 0x00, 0x00, 0x00, 0xC3, 0xFF, 
0x47, 0x0F, 0xFF, 0xFD, 0x04, 0x00, 0x00, 0x00, 0x00, 0x00, 0xD4, 0xFF, 0x31, 0x00, 0xEF, 0xFF, 
0x24, 0x00, 0x00, 0x00, 0x00, 0x03, 0xF5, 0xFD, 0x0D, 0x00, 0xBA, 0xFF, 0x66, 0x00, 0x00, 0x00, 
0x00, 0x41, 0xFF, 0xCB, 0x00, 0x00, 0x64, 0xFF, 0xD9, 0x0B, 0x00, 0x00, 0x07, 0xC6, 0xFF, 0x67, 
0x00, 0x00, 0x06, 0xCD, 0xFF, 0xD8, 0x80, 0x84, 0xD5, 0xFF, 0xC1, 0x04, 0x00, 0x00, 0x00, 0x14, 
0xA9, 0xFB, 0xFF, 0xFF, 0xF5, 0x97, 0x0B, 0x00, 0x00, 0x00, 0x00, 0x00, 0x00, 0x0E, 0x2D, 0x2A, 
0x09, 0x00, 0x00, 0x00, 0x00, 0x00, 0x00, 0x00, 0x08, 0x40, 0x21, 0x00, 0x00, 0x00, 0x00, 0x00, 
0x40, 0xDA, 0xFF, 0xB3, 0x00, 0x00, 0x00, 0x10, 0x9B, 0xFE, 0xFA, 0xFF, 0xB4, 0x00, 0x00, 0x00, 
0xD8, 0xFB, 0x8D, 0x5D, 0xFF, 0xB4, 0x00, 0x00, 0x00, 0x97, 0x2A, 0x00, 0x50, 0xFF, 0xB4, 0x00, 
0x00, 0x00, 0x00, 0x00, 0x00, 0x50, 0xFF, 0xB4, 0x00, 0x00, 0x00, 0x00, 0x00, 0x00, 0x50, 0xFF, 
0xB4, 0x00, 0x00, 0x00, 0x00, 0x00, 0x00, 0x50, 0xFF, 0xB4, 0x00, 0x00, 0x00, 0x00, 0x00, 0x00, 
0x50, 0xFF, 0xB4, 0x00, 0x00, 0x00, 0x00, 0x00, 0x00, 0x50, 0xFF, 0xB4, 0x00, 0x00, 0x00, 0x00, 
0x00, 0x00, 0x50, 0xFF, 0xB4, 0x00, 0x00, 0x00, 0x00, 0x00, 0x00, 0x50, 0xFF, 0xB4, 0x00, 0x00, 
0x00, 0x00, 0x00, 0x00, 0x50, 0xFF, 0xB4, 0x00, 0x00, 0x00, 0x00, 0x00, 0x00, 0x50, 0xFF, 0xB4, 
0x00, 0x00, 0x00, 0x7E, 0xA0, 0xA0, 0xBE, 0xFF, 0xE3, 0xA0, 0xA0, 0x77, 0xD6, 0xFF, 0xFF, 0xFF, 
0xFF, 0xFF, 0xFF, 0xFF, 0xCB, 0x00, 0x00, 0x06, 0x3C, 0x5B, 0x54, 0x1E, 0x00, 0x00, 0x00, 0x05, 
0x81, 0xF0, 0xFF, 0xFF, 0xFF, 0xFE, 0xA0, 0x07, 0x00, 0x58, 0xFF, 0xD9, 0x88, 0x70, 0xAE, 0xFF, 
0xFF, 0x92, 0x00, 0x33, 0x61, 0x01, 0x00, 0x00, 0x00, 0x8F, 0xFF, 0xF6, 0x07, 0x00, 0x00, 0x00, 
0x00, 0x00, 0x00, 0x32, 0xFF, 0xFF, 0x1D, 0x00, 0x00, 0x00, 0x00, 0x00, 0x00, 0x30, 0xFF, 0xFF, 
0x0C, 0x00, 0x00, 0x00, 0x00, 0x00, 0x00, 0x6C, 0xFF, 0xDC, 0x00, 0x00, 0x00, 0x00, 0x00, 0x00, 
0x01, 0xD0, 0xFF, 0x77, 0x00, 0x00, 0x00, 0x00, 0x00, 0x00, 0x6D, 0xFF, 0xDC, 0x09, 0x00, 0x00, 
0x00, 0x00, 0x00, 0x36, 0xF8, 0xF8, 0x37, 0x00, 0x00, 0x00, 0x00, 0x00, 0x24, 0xE9, 0xFE, 0x5C, 
0x00, 0x00, 0x00, 0x00, 0x00, 0x1C, 0xDF, 0xFF, 0x6F, 0x00, 0x00, 0x00, 0x00, 0x00, 0x15, 0xD7, 
0xFF, 0x7B, 0x00, 0x00, 0x00, 0x00, 0x00, 0x0E, 0xCE, 0xFF, 0x86, 0x00, 0x00, 0x00, 0x00, 0x00, 
0x00, 0x8E, 0xFF, 0xF9, 0xB8, 0xB8, 0xB8, 0xB8, 0xB8, 0xB8, 0x83, 0x92, 0xFF, 0xFF, 0xFF, 0xFF, 
0xFF, 0xFF, 0xFF, 0xFF, 0xC1, 0x00, 0x00, 0x08, 0x40, 0x5B, 0x55, 0x21, 0x00, 0x00, 0x00, 0x06, 
0x87, 0xF3, 0xFF, 0xFF, 0xFF, 0xFF, 0xA8, 0x09, 0x00, 0x56, 0xFF, 0xBF, 0x6C, 0x53, 0x8B, 0xF8, 
0xFF, 0x91, 0x00, 0x2C, 0x45, 0x00, 0x00, 0x00, 0x00, 0x71, 0xFF, 0xEA, 0x00, 0x00, 0x00, 0x00, 
0x00, 0x00, 0x00, 0x30, 0xFF, 0xFA, 0x00, 0x00, 0x00, 0x00, 0x00, 0x00, 0x00, 0x56, 0xFF, 0xD4, 
0x00, 0x00, 0x00, 0x00, 0x00, 0x00, 0x1E, 0xDC, 0xFF, 0x62, 0x00, 0x00, 0x15, 0x8E, 0x93, 0xB4, 
0xF7, 0xE4, 0x6D, 0x00, 0x00, 0x00, 0x30, 0xFF, 0xFF, 0xFF, 0xFF, 0xDC, 0x8A, 0x0D, 0x00, 0x00, 
0x00, 0x06, 0x09, 0x23, 0x5B, 0xD6, 0xFF, 0xD7, 0x0A, 0x00, 0x00, 0x00, 0x00, 0x00, 0x00, 0x14, 
0xE4, 0xFF, 0x7C, 0x00, 0x00, 0x00, 0x00, 0x00, 0x00, 0x00, 0x94, 0xFF, 0xB0, 0x00, 0x00, 0x00, 
0x00, 0x00, 0x00, 0x00, 0xA7, 0xFF, 0xA0, 0x66, 0x29, 0x00, 0x00, 0x00, 0x00, 0x30, 0xF7, 0xFF, 
0x54, 0xC2, 0xFE, 0xC2, 0x8A, 0x7A, 0xA2, 0xF9, 0xFF, 0xB6, 0x01, 0x30, 0xB1, 0xF6, 0xFF, 0xFF, 
0xFF, 0xEA, 0x80, 0x06, 0x00, 0x00, 0x00, 0x05, 0x25, 0x33, 0x21, 0x01, 0x00, 0x00, 0x00, 0x00, 
0x00, 0x00, 0x00, 0x00, 0x00, 0x11, 0x38, 0x2F, 0x02, 0x00, 0x00, 0x00, 0x00, 0x00, 0x00, 0x00, 
0x09, 0xDE, 0xFF, 0xFF, 0x4D, 0x00, 0x00, 0x00, 0x00, 0x00, 0x00, 0x00, 0x80, 0xFF, 0xED, 0xFF, 
0x50, 0x00, 0x00, 0x00, 0x00, 0x00, 0x00, 0x20, 0xF6, 0xC4, 0xA4, 0xFF, 0x50, 0x00, 0x00, 0x00, 
0x00, 0x00, 0x00, 0xAF, 0xFC, 0x30, 0xA4, 0xFF, 0x50, 0x00, 0x00, 0x00, 0x00, 0x00, 0x46, 0xFF, 
0x95, 0x00, 0xA4, 0xFF, 0x50, 0x00, 0x00, 0x00, 0x00, 0x05, 0xD8, 0xEB, 0x11, 0x00, 0xA4, 0xFF, 
0x50, 0x00, 0x00, 0x00, 0x00, 0x76, 0xFF, 0x65, 0x00, 0x00, 0xA4, 0xFF, 0x50, 0x00, 0x00, 0x00, 
0x19, 0xF3, 0xCB, 0x02, 0x00, 0x00, 0xA4, 0xFF, 0x50, 0x00, 0x00, 0x00, 0xA4, 0xFE, 0x37, 0x00, 
0x00, 0x00, 0xA4, 0xFF, 0x50, 0x00, 0x00, 0x34, 0xFF, 0xB5, 0x24, 0x24, 0x24, 0x24, 0xB0, 0xFF, 
0x68, 0x24, 0x04, 0x6C, 0xFF, 0xFF, 0xFF, 0xFF, 0xFF, 0xFF, 0xFF, 0xFF, 0xFF, 0xFF, 0x68, 0x28, 
0x83, 0x84, 0x84, 0x84, 0x84, 0x84, 0xD3, 0xFF, 0xAA, 0x84, 0x26, 0x00, 0x00, 0x00, 0x00, 0x00, 
0x00, 0x00, 0xA4, 0xFF, 0x50, 0x00, 0x00, 0x00, 0x00, 0x00, 0x00, 0x00, 0x00, 0x00, 0xA4, 0xFF, 
0x50, 0x00, 0x00, 0x00, 0x00, 0x00, 0x00, 0x00, 0x00, 0x00, 0x9F, 0xFF, 0x49, 0x00, 0x00, 0x00, 
0x00, 0x00, 0x00, 0x00, 0x00, 0x00, 0x04, 0x10, 0x00, 0x00, 0x00, 0x00, 0x19, 0x2C, 0x2C, 0x2C, 
0x2C, 0x2C, 0x2C, 0x18, 0x00, 0x05, 0xF7, 0xFF, 0xFF, 0xFF, 0xFF, 0xFF, 0xFF, 0xC8, 0x00, 0x0C, 
0xFF, 0xE2, 0x98, 0x98, 0x98, 0x98, 0x98, 0x64, 0x00, 0x0C, 0xFF, 0xB8, 0x00, 0x00, 0x00, 0x00, 
0x00, 0x00, 0x00, 0x0C, 0xFF, 0xB8, 0x00, 0x00, 0x00, 0x00, 0x00, 0x00, 0x00, 0x0C, 0xFF, 0xB8, 
0x00, 0x00, 0x00, 0x00, 0x00, 0x00, 0x00, 0x0C, 0xFF, 0xC3, 0x35, 0x39, 0x2A, 0x05, 0x00, 0x00, 
0x00, 0x0B, 0xFF, 0xFF, 0xFF, 0xFF, 0xFF, 0xF6, 0x9F, 0x16, 0x00, 0x00, 0x72, 0x74, 0x65, 0x6B, 
0x96, 0xED, 0xFF, 0xDA, 0x0D, 0x00, 0x00, 0x00, 0x00, 0x00, 0x00, 0x17, 0xE1, 0xFF, 0x75, 0x00, 
0x00, 0x00, 0x00, 0x00, 0x00, 0x00, 0x86, 0xFF, 0xB4, 0x00, 0x00, 0x00, 0x00, 0x00, 0x00, 0x00, 
0x67, 0xFF, 0xBA, 0x00, 0x00, 0x00, 0x00, 0x00, 0x00, 0x00, 0x91, 0xFF, 0x94, 0x38, 0x08, 0x00, 
0x00, 0x00, 0x00, 0x39, 0xF9, 0xFF, 0x38, 0xCD, 0xEC, 0xA3, 0x7E, 0x7E, 0xAD, 0xFC, 0xFF, 0x89, 
0x00, 0x59, 0xD5, 0xFF, 0xFF, 0xFF, 0xFF, 0xD4, 0x5B, 0x00, 0x00, 0x00, 0x00, 0x12, 0x2E, 0x31, 
0x15, 0x00, 0x00, 0x00, 0x00, 0x00, 0x00, 0x00, 0x00, 0x13, 0x48, 0x5A, 0x4A, 0x19, 0x00, 0x00, 
0x00, 0x00, 0x13, 0xA1, 0xFB, 0xFF, 0xFF, 0xFF, 0xFE, 0x58, 0x00, 0x00, 0x09, 0xCC, 0xFF, 0xC0, 
0x5D, 0x41, 0x56, 0x94, 0x4F, 0x00, 0x00, 0x92, 0xFF, 0x97, 0x01, 0x00, 0x00, 0x00, 0x00, 0x00, 
0x00, 0x0F, 0xF4, 0xF2, 0x0D, 0x00, 0x00, 0x00, 0x00, 0x00, 0x00, 0x00, 0x58, 0xFF, 0x99, 0x00, 
0x00, 0x00, 0x00, 0x00, 0x00, 0x00, 0x00, 0x8B, 0xFF, 0x6A, 0x00, 0x27, 0x47, 0x42, 0x14, 0x00, 
0x00, 0x00, 0xAB, 0xFF, 0xAC, 0xDF, 0xFF, 0xFF, 0xFF, 0xFD, 0xA1, 0x0A, 0x00, 0xB9, 0xFF, 0xFC, 
0xAE, 0x65, 0x51, 0x79, 0xED, 0xFF, 0x99, 0x00, 0xBA, 0xFF, 0x5F, 0x00, 0x00, 0x00, 0x00, 0x39, 
0xFF, 0xF7, 0x04, 0xAF, 0xFF, 0x57, 0x00, 0x00, 0x00, 0x00, 0x00, 0xEB, 0xFF, 0x23, 0x93, 0xFF, 
0x72, 0x00, 0x00, 0x00, 0x00, 0x00, 0xDE, 0xFF, 0x2F, 0x65, 0xFF, 0xAB, 0x00, 0x00, 0x00, 0x00, 
0x10, 0xFB, 0xFB, 0x0C, 0x17, 0xFA, 0xF9, 0x25, 0x00, 0x00, 0x00, 0x91, 0xFF, 0xB1, 0x00, 0x00, 
0x8E, 0xFF, 0xE9, 0x84, 0x6F, 0xB5, 0xFF, 0xEC, 0x23, 0x00, 0x00, 0x03, 0x84, 0xF4, 0xFF, 0xFF, 
0xFC, 0xB3, 0x24, 0x00, 0x00, 0x00, 0x00, 0x00, 0x04, 0x24, 0x2E, 0x0F, 0x00, 0x00, 0x00, 0x00, 
0x19, 0x2C, 0x2C, 0x2C, 0x2C, 0x2C, 0x2C, 0x2C, 0x2C, 0x21, 0x00, 0xCD, 0xFF, 0xFF, 0xFF, 0xFF, 
0xFF, 0xFF, 0xFF, 0xFF, 0xFD, 0x06, 0x6B, 0x9C, 0x9C, 0x9C, 0x9C, 0x9C, 0x9C, 0xAF, 0xFF, 0xF0, 
0x01, 0x00, 0x00, 0x00, 0x00, 0x00, 0x00, 0x00, 0x82, 0xFF, 0x93, 0x00, 0x00, 0x00, 0x00, 0x00, 
0x00, 0x00, 0x09, 0xEB, 0xFE, 0x26, 0x00, 0x00, 0x00, 0x00, 0x00, 0x00, 0x00, 0x67, 0xFF, 0xB5, 
0x00, 0x00, 0x00, 0x00, 0x00, 0x00, 0x00, 0x01, 0xD8, 0xFF, 0x46, 0x00, 0x00, 0x00, 0x00, 0x00, 
0x00, 0x00, 0x4C, 0xFF, 0xD6, 0x01, 0x00, 0x00, 0x00, 0x00, 0x00, 0x00, 0x00, 0xBF, 0xFF, 0x68, 
0x00, 0x00, 0x00, 0x00, 0x00, 0x00, 0x00, 0x31, 0xFF, 0xEE, 0x0B, 0x00, 0x00, 0x00, 0x00, 0x00, 
0x00, 0x00, 0xA4, 0xFF, 0x8A, 0x00, 0x00, 0x00, 0x00, 0x00, 0x00, 0x00, 0x1B, 0xFA, 0xFC, 0x1F, 
0x00, 0x00, 0x00, 0x00, 0x00, 0x00, 0x00, 0x88, 0xFF, 0xAC, 0x00, 0x00, 0x00, 0x00, 0x00, 0x00, 
0x00, 0x0B, 0xEF, 0xFF, 0x3D, 0x00, 0x00, 0x00, 0x00, 0x00, 0x00, 0x00, 0x6D, 0xFF, 0xCE, 0x00, 
0x00, 0x00, 0x00, 0x00, 0x00, 0x00, 0x00, 0xD2, 0xFF, 0x59, 0x00, 0x00, 0x00, 0x00, 0x00, 0x00, 
0x00, 0x00, 0x08, 0x0D, 0x00, 0x00, 0x00, 0x00, 0x00, 0x00, 0x00, 0x00, 0x00, 0x00, 0x00, 0x2E, 
0x57, 0x5E, 0x43, 0x09, 0x00, 0x00, 0x00, 0x00, 0x00, 0x2E, 0xD0, 0xFF, 0xFF, 0xFF, 0xFF, 0xEF, 
0x61, 0x00, 0x00, 0x00, 0x10, 0xE9, 0xFF, 0x95, 0x43, 0x3E, 0x81, 0xFB, 0xFE, 0x3A, 0x00, 0x00, 
0x63, 0xFF, 0xB3, 0x00, 0x00, 0x00, 0x00, 0x8E, 0xFF, 0x8F, 0x00, 0x00, 0x7B, 0xFF, 0x8C, 0x00, 
0x00, 0x00, 0x00, 0x65, 0xFF, 0x92, 0x00, 0x00, 0x50, 0xFF, 0xD8, 0x07, 0x00, 0x00, 0x00, 0xB5, 
0xFF, 0x4F, 0x00, 0x00, 0x02, 0xC7, 0xFF, 0xC3, 0x20, 0x07, 0x95, 0xFF, 0xAF, 0x00, 0x00, 0x00, 
0x00, 0x10, 0xB5, 0xFF, 0xF8, 0xE1, 0xFC, 0x8B, 0x05, 0x00, 0x00, 0x00, 0x00, 0x00, 0x36, 0xE6, 
0xFF, 0xFF, 0xF7, 0x7E, 0x08, 0x00, 0x00, 0x00, 0x00, 0x7E, 0xFE, 0xD7, 0x47, 0x56, 0xDE, 0xFF, 
0xCA, 0x17, 0x00, 0x00, 0x66, 0xFF, 0xC0, 0x0C, 0x00, 0x00, 0x0D, 0xB7, 0xFF, 0xB3, 0x00, 0x00, 
0xDB, 0xFF, 0x2A, 0x00, 0x00, 0x00, 0x00, 0x13, 0xFC, 0xFF, 0x12, 0x02, 0xFD, 0xFF, 0x0E, 0x00, 
0x00, 0x00, 0x00, 0x00, 0xEA, 0xFF, 0x25, 0x00, 0xE0, 0xFF, 0x63, 0x00, 0x00, 0x00, 0x00, 0x3D, 
0xFF, 0xEC, 0x04, 0x00, 0x67, 0xFF, 0xFB, 0xA2, 0x69, 0x64, 0x91, 0xF3, 0xFF, 0x67, 0x00, 0x00, 
0x00, 0x5D, 0xDA, 0xFF, 0xFF, 0xFF, 0xFF, 0xD4, 0x58, 0x00, 0x00, 0x00, 0x00, 0x00, 0x00, 0x0F, 
0x2B, 0x30, 0x14, 0x00, 0x00, 0x00, 0x00, 0x00, 0x00, 0x00, 0x00, 0x30, 0x57, 0x52, 0x28, 0x00, 
0x00, 0x00, 0x00, 0x00, 0x33, 0xD1, 0xFF, 0xFF, 0xFF, 0xFF, 0xB9, 0x15, 0x00, 0x00, 0x25, 0xF3, 
0xFF, 0x97, 0x42, 0x4F, 0xBF, 0xFF, 0xC4, 0x01, 0x00, 0xA5, 0xFF, 0x8F, 0x00, 0x00, 0x00, 0x08, 
0xD9, 0xFF, 0x46, 0x00, 0xEB, 0xFF, 0x24, 0x00, 0x00, 0x00, 0x00, 0x76, 0xFF, 0x97, 0x02, 0xFF, 
0xFF, 0x07, 0x00, 0x00, 0x00, 0x00, 0x41, 0xFF, 0xC6, 0x00, 0xED, 0xFF, 0x1F, 0x00, 0x00, 0x00, 
0x00, 0x27, 0xFF, 0xE1, 0x00, 0xC3, 0xFF, 0x8A, 0x00, 0x00, 0x00, 0x00, 0x48, 0xFF, 0xEE, 0x00, 
0x4C, 0xFE, 0xFF, 0xB6, 0x7D, 0x80, 0xBF, 0xFF, 0xFF, 0xE8, 0x00, 0x00, 0x51, 0xD4, 0xFF, 0xFF, 
0xFF, 0xD0, 0x80, 0xFF, 0xD7, 0x00, 0x00, 0x00, 0x00, 0x10, 0x1F, 0x0E, 0x00, 0x40, 0xFF, 0xB0, 
0x00, 0x00, 0x00, 0x00, 0x00, 0x00, 0x00, 0x00, 0x73, 0xFF, 0x7A, 0x00, 0x00, 0x00, 0x00, 0x00, 
0x00, 0x00, 0x04, 0xD7, 0xFC, 0x1F, 0x00, 0x00, 0x00, 0x00, 0x00, 0x00, 0x04, 0x9A, 0xFF, 0x9F, 
0x00, 0x00, 0x8A, 0xBF, 0x81, 0x6D, 0x83, 0xD7, 0xFF, 0xCB, 0x09, 0x00, 0x00, 0x5B, 0xF0, 0xFF, 
0xFF, 0xFF, 0xED, 0x8A, 0x0C, 0x00, 0x00, 0x00, 0x00, 0x03, 0x24, 0x33, 0x23, 0x01, 0x00, 0x00, 
0x00, 0x00, 0x64, 0xB8, 0x46, 0xCB, 0xFF, 0xA1, 0x8F, 0xED, 0x67, 0x00, 0x00, 0x00, 0x00, 0x00, 
0x00, 0x00, 0x00, 0x00, 0x00, 0x00, 0x00, 0x00, 0x00, 0x00, 0x48, 0x93, 0x30, 0xC9, 0xFF, 0x9F, 
0xAA, 0xFF, 0x7E, 0x03, 0x15, 0x00, 0x00, 0x00, 0x64, 0xB8, 0x46, 0x00, 0x00, 0xCB, 0xFF, 0xA1, 
0x00, 0x00, 0x8F, 0xED, 0x67, 0x00, 0x00, 0x00, 0x00, 0x00, 0x00, 0x00, 0x00, 0x00, 0x00, 0x00, 
0x00, 0x00, 0x00, 0x00, 0x00, 0x00, 0x00, 0x00, 0x00, 0x00, 0x00, 0x00, 0x00, 0x00, 0x00, 0x00, 
0x3A, 0x9B, 0x47, 0x00, 0x00, 0x92, 0xFF, 0xA2, 0x00, 0x00, 0x95, 0xFF, 0x7E, 0x00, 0x05, 0xE1, 
0xF2, 0x1A, 0x00, 0x61, 0xFF, 0x67, 0x00, 0x02, 0xD8, 0xBC, 0x01, 0x00, 0x0A, 0x5F, 0x14, 0x00, 
0x00, 0x00, 0x00, 0x00, 0x00, 0x00, 0x00, 0x00, 0x00, 0x00, 0x06, 0x36, 0x00, 0x00, 0x00, 0x00, 
0x00, 0x00, 0x00, 0x05, 0x67, 0xE2, 0xC1, 0x00, 0x00, 0x00, 0x00, 0x00, 0x05, 0x64, 0xE0, 0xFF, 
0xEE, 0x63, 0x00, 0x00, 0x00, 0x04, 0x62, 0xDE, 0xFF, 0xEB, 0x7A, 0x0D, 0x00, 0x00, 0x03, 0x5F, 
0xDC, 0xFF, 0xE8, 0x75, 0x0B, 0x00, 0x00, 0x00, 0x13, 0xDA, 0xFF, 0xE5, 0x70, 0x09, 0x00, 0x00, 
0x00, 0x00, 0x00, 0x27, 0xFF, 0xFB, 0x6E, 0x06, 0x00, 0x00, 0x00, 0x00, 0x00, 0x00, 0x00, 0x60, 
0xDD, 0xFF, 0xE4, 0x6F, 0x09, 0x00, 0x00, 0x00, 0x00, 0x00, 0x00, 0x04, 0x63, 0xDE, 0xFF, 0xE9, 
0x77, 0x0D, 0x00, 0x00, 0x00, 0x00, 0x00, 0x00, 0x05, 0x65, 0xE0, 0xFF, 0xEE, 0x80, 0x10, 0x00, 
0x00, 0x00, 0x00, 0x00, 0x00, 0x05, 0x67, 0xE1, 0xFF, 0xB4, 0x00, 0x00, 0x00, 0x00, 0x00, 0x00, 
0x00, 0x00, 0x06, 0x69, 0x98, 0xAD, 0xDC, 0xDC, 0xDC, 0xDC, 0xDC, 0xDC, 0xDC, 0xDC, 0xA0, 0xA3, 
0xCC, 0xCC, 0xCC, 0xCC, 0xCC, 0xCC, 0xCC, 0xCC, 0x97, 0x00, 0x00, 0x00, 0x00, 0x00, 0x00, 0x00, 
0x00, 0x00, 0x00, 0x00, 0x00, 0x00, 0x00, 0x00, 0x00, 0x00, 0x00, 0x00, 0x00, 0x36, 0x50, 0x50, 
0x50, 0x50, 0x50, 0x50, 0x50, 0x50, 0x31, 0xDB, 0xFF, 0xFF, 0xFF, 0xFF, 0xFF, 0xFF, 0xFF, 0xFF, 
0xCE, 0x3E, 0x58, 0x58, 0x58, 0x58, 0x58, 0x58, 0x58, 0x58, 0x38, 0x36, 0x03, 0x00, 0x00, 0x00, 
0x00, 0x00, 0x00, 0x00, 0x00, 0x00, 0xCF, 0xDA, 0x5D, 0x03, 0x00, 0x00, 0x00, 0x00, 0x00, 0x00, 
0x00, 0x74, 0xF4, 0xFF, 0xD9, 0x5B, 0x02, 0x00, 0x00, 0x00, 0x00, 0x00, 0x00, 0x13, 0x84, 0xF0, 
0xFF, 0xD7, 0x59, 0x02, 0x00, 0x00, 0x00, 0x00, 0x00, 0x00, 0x0F, 0x7B, 0xEB, 0xFF, 0xD5, 0x57, 
0x01, 0x00, 0x00, 0x00, 0x00, 0x00, 0x00, 0x0A, 0x72, 0xE5, 0xFF, 0xD2, 0x09, 0x00, 0x00, 0x00, 
0x00, 0x00, 0x00, 0x0A, 0x7A, 0xFD, 0xFF, 0x1E, 0x00, 0x00, 0x00, 0x00, 0x0C, 0x77, 0xEA, 0xFF, 
0xDB, 0x5D, 0x00, 0x00, 0x00, 0x0E, 0x7B, 0xEC, 0xFF, 0xDD, 0x61, 0x04, 0x00, 0x00, 0x10, 0x7F, 
0xEE, 0xFF, 0xDE, 0x63, 0x04, 0x00, 0x00, 0x00, 0x00, 0xC1, 0xFF, 0xE0, 0x65, 0x05, 0x00, 0x00, 
0x00, 0x00, 0x00, 0x00, 0xA2, 0x67, 0x05, 0x00, 0x00, 0x00, 0x00, 0x00, 0x00, 0x00, 0x00, 0x00, 
0x00, 0x00, 0x00, 0x00, 0x00, 0x0F, 0x4B, 0x74, 0x85, 0x82, 0x70, 0x41, 0x09, 0x00, 0x00, 0x00, 
0x00, 0x00, 0x00, 0x00, 0x00, 0x28, 0xA8, 0xF9, 0xFF, 0xFF, 0xFF, 0xFF, 0xFF, 0xFF, 0xEF, 0x83, 
0x06, 0x00, 0x00, 0x00, 0x00, 0x00, 0x65, 0xF8, 0xFB, 0xA9, 0x49, 0x17, 0x05, 0x0D, 0x29, 0x6C, 
0xDA, 0xFF, 0xC5, 0x09, 0x00, 0x00, 0x00, 0x5C, 0xFF, 0xD6, 0x23, 0x00, 0x00, 0x00, 0x00, 0x00, 
0x00, 0x00, 0x08, 0xAF, 0xFF, 0x8D, 0x00, 0x00, 0x28, 0xF4, 0xD8, 0x10, 0x00, 0x00, 0x29, 0x4C, 
0x21, 0x00, 0x12, 0x1F, 0x00, 0x0C, 0xED, 0xF5, 0x09, 0x00, 0xAC, 0xFE, 0x37, 0x00, 0x0B, 0xA5, 
0xFF, 0xFF, 0xFD, 0x79, 0xB8, 0xC9, 0x00, 0x00, 0x9C, 0xFF, 0x41, 0x20, 0xFD, 0xB8, 0x00, 0x00, 
0x9F, 0xFF, 0xAD, 0x45, 0x83, 0xFF, 0xFB, 0x98, 0x00, 0x00, 0x72, 0xFF, 0x5D, 0x70, 0xFF, 0x58, 
0x00, 0x2A, 0xFF, 0xC9, 0x01, 0x00, 0x00, 0x96, 0xFF, 0x66, 0x00, 0x00, 0x6D, 0xFF, 0x5E, 0xB2, 
0xFF, 0x18, 0x00, 0x82, 0xFF, 0x5A, 0x00, 0x00, 0x00, 0x88, 0xFF, 0x34, 0x00, 0x00, 0x80, 0xFF, 
0x4B, 0xDA, 0xEC, 0x00, 0x00, 0xB7, 0xFF, 0x1B, 0x00, 0x00, 0x00, 0xB7, 0xFB, 0x07, 0x00, 0x00, 
0xA9, 0xFF, 0x20, 0xF4, 0xD2, 0x00, 0x00, 0xD1, 0xFF, 0x01, 0x00, 0x00, 0x03, 0xE7, 0xD4, 0x00, 
0x00, 0x05, 0xEC, 0xDE, 0x00, 0xFC, 0xCB, 0x00, 0x00, 0xCF, 0xFF, 0x1A, 0x00, 0x08, 0xA9, 0xFF, 
0xCA, 0x00, 0x00, 0x71, 0xFF, 0x76, 0x00, 0xF0, 0xDA, 0x00, 0x00, 0x96, 0xFF, 0xC6, 0x84, 0xDA, 
0xDF, 0xC6, 0xFD, 0x97, 0x9E, 0xFD, 0xCB, 0x05, 0x00, 0xCF, 0xFC, 0x0A, 0x00, 0x17, 0xC1, 0xFF, 
0xF6, 0x9F, 0x15, 0x28, 0xD1, 0xFF, 0xF6, 0x9A, 0x0E, 0x00, 0x00, 0x91, 0xFF, 0x61, 0x00, 0x00, 
0x00, 0x06, 0x02, 0x00, 0x00, 0x00, 0x00, 0x08, 0x02, 0x00, 0x00, 0x00, 0x00, 0x29, 0xFD, 0xEA, 
0x20, 0x00, 0x00, 0x00, 0x00, 0x00, 0x00, 0x00, 0x00, 0x00, 0x00, 0x00, 0x00, 0x00, 0x00, 0x00, 
0x79, 0xFF, 0xEA, 0x67, 0x0C, 0x00, 0x00, 0x00, 0x00, 0x00, 0x23, 0x1F, 0x00, 0x00, 0x00, 0x00, 
0x00, 0x00, 0x00, 0x66, 0xEE, 0xFF, 0xFC, 0xD4, 0xBF, 0xB8, 0xC7, 0xEB, 0xFF, 0x7A, 0x00, 0x00, 
0x00, 0x00, 0x00, 0x00, 0x00, 0x00, 0x0C, 0x60, 0x9C, 0xC0, 0xD0, 0xD2, 0xC4, 0xA5, 0x70, 0x13, 
0x00, 0x00, 0x00, 0x00, 0x00, 0x00, 0x00, 0x00, 0x00, 0x00, 0x07, 0x37, 0x33, 0x02, 0x00, 0x00, 
0x00, 0x00, 0x00, 0x00, 0x00, 0x00, 0x00, 0x00, 0x80, 0xFF, 0xFF, 0x62, 0x00, 0x00, 0x00, 0x00, 
0x00, 0x00, 0x00, 0x00, 0x00, 0x00, 0xDD, 0xFD, 0xFF, 0xBF, 0x00, 0x00, 0x00, 0x00, 0x00, 0x00, 
0x00, 0x00, 0x00, 0x3A, 0xFF, 0x9D, 0xE9, 0xFE, 0x1E, 0x00, 0x00, 0x00, 0x00, 0x00, 0x00, 0x00, 
0x00, 0x97, 0xFF, 0x41, 0x94, 0xFF, 0x79, 0x00, 0x00, 0x00, 0x00, 0x00, 0x00, 0x00, 0x06, 0xED, 
0xE6, 0x02, 0x3A, 0xFF, 0xD5, 0x00, 0x00, 0x00, 0x00, 0x00, 0x00, 0x00, 0x50, 0xFF, 0x90, 0x00, 
0x00, 0xDE, 0xFF, 0x32, 0x00, 0x00, 0x00, 0x00, 0x00, 0x00, 0xAD, 0xFF, 0x38, 0x00, 0x00, 0x86, 
0xFF, 0x8E, 0x00, 0x00, 0x00, 0x00, 0x00, 0x10, 0xF8, 0xDF, 0x00, 0x00, 0x00, 0x2B, 0xFF, 0xE7, 
0x03, 0x00, 0x00, 0x00, 0x00, 0x66, 0xFF, 0x87, 0x00, 0x00, 0x00, 0x00, 0xD2, 0xFF, 0x48, 0x00, 
0x00, 0x00, 0x00, 0xC3, 0xFF, 0xB5, 0x98, 0x98, 0x98, 0x98, 0xD3, 0xFF, 0xA4, 0x00, 0x00, 0x00, 
0x20, 0xFE, 0xFF, 0xFF, 0xFF, 0xFF, 0xFF, 0xFF, 0xFF, 0xFF, 0xF5, 0x0C, 0x00, 0x00, 0x7C, 0xFF, 
0x8E, 0x04, 0x04, 0x04, 0x04, 0x04, 0x04, 0xD0, 0xFF, 0x5E, 0x00, 0x00, 0xD8, 0xFF, 0x35, 0x00, 
0x00, 0x00, 0x00, 0x00, 0x00, 0x75, 0xFF, 0xBA, 0x00, 0x35, 0xFF, 0xDC, 0x00, 0x00, 0x00, 0x00, 
0x00, 0x00, 0x00, 0x1C, 0xFD, 0xFD, 0x1A, 0x81, 0xFF, 0x80, 0x00, 0x00, 0x00, 0x00, 0x00, 0x00, 
0x00, 0x00, 0xBB, 0xFF, 0x64, 0x03, 0x11, 0x00, 0x00, 0x00, 0x00, 0x00, 0x00, 0x00, 0x00, 0x00, 
0x04, 0x12, 0x02, 0x14, 0x2C, 0x2C, 0x2C, 0x27, 0x14, 0x00, 0x00, 0x00, 0x00, 0xEE, 0xFF, 0xFF, 
0xFF, 0xFF, 0xFF, 0xDC, 0x68, 0x00, 0x00, 0xFC, 0xFF, 0x7A, 0x78, 0x7E, 0xB0, 0xFE, 0xFF, 0x6C, 
0x00, 0xFC, 0xFF, 0x04, 0x00, 0x00, 0x00, 0x6B, 0xFF, 0xE0, 0x00, 0xFC, 0xFF, 0x04, 0x00, 0x00, 
0x00, 0x13, 0xFF, 0xFF, 0x05, 0xFC, 0xFF, 0x04, 0x00, 0x00, 0x00, 0x20, 0xFF, 0xEE, 0x00, 0xFC, 
0xFF, 0x04, 0x00, 0x00, 0x02, 0x9D, 0xFF, 0x8E, 0x00, 0xFC, 0xFF, 0x9D, 0x9C, 0xA0, 0xD3, 0xFF, 
0x9D, 0x06, 0x00, 0xFC, 0xFF, 0xFC, 0xFC, 0xFD, 0xFF, 0xFF, 0xEA, 0x6A, 0x00, 0xFC, 0xFF, 0x04, 
0x00, 0x00, 0x14, 0x70, 0xF6, 0xFF, 0x5B, 0xFC, 0xFF, 0x04, 0x00, 0x00, 0x00, 0x00, 0x70, 0xFF, 
0xD0, 0xFC, 0xFF, 0x04, 0x00, 0x00, 0x00, 0x00, 0x2B, 0xFF, 0xF8, 0xFC, 0xFF, 0x04, 0x00, 0x00, 
0x00, 0x00, 0x41, 0xFF, 0xE4, 0xFC, 0xFF, 0x04, 0x00, 0x00, 0x00, 0x13, 0xC8, 0xFF, 0x95, 0xFC, 
0xFF, 0xAD, 0xAC, 0xAC, 0xBE, 0xF2, 0xFF, 0xD5, 0x14, 0xD9, 0xFF, 0xFF, 0xFF, 0xFF, 0xF0, 0xCB, 
0x79, 0x0A, 0x00, 0x00, 0x00, 0x00, 0x00, 0x04, 0x37, 0x53, 0x4A, 0x1E, 0x00, 0x00, 0x00, 0x00, 
0x00, 0x05, 0x78, 0xEC, 0xFF, 0xFF, 0xFF, 0xFF, 0xCA, 0x40, 0x00, 0x00, 0x06, 0xB5, 0xFF, 0xF6, 
0xA0, 0x71, 0x77, 0xB6, 0xFE, 0xF9, 0x09, 0x00, 0x86, 0xFF, 0xE4, 0x27, 0x00, 0x00, 0x00, 0x00, 
0x2C, 0xB6, 0x07, 0x14, 0xF8, 0xFF, 0x40, 0x00, 0x00, 0x00, 0x00, 0x00, 0x00, 0x00, 0x00, 0x6C, 
0xFF, 0xCB, 0x00, 0x00, 0x00, 0x00, 0x00, 0x00, 0x00, 0x00, 0x00, 0xA8, 0xFF, 0x85, 0x00, 0x00, 
0x00, 0x00, 0x00, 0x00, 0x00, 0x00, 0x00, 0xC9, 0xFF, 0x5F, 0x00, 0x00, 0x00, 0x00, 0x00, 0x00, 
0x00, 0x00, 0x00, 0xD7, 0xFF, 0x53, 0x00, 0x00, 0x00, 0x00, 0x00, 0x00, 0x00, 0x00, 0x00, 0xCD, 
0xFF, 0x5E, 0x00, 0x00, 0x00, 0x00, 0x00, 0x00, 0x00, 0x00, 0x00, 0xB3, 0xFF, 0x84, 0x00, 0x00, 
0x00, 0x00, 0x00, 0x00, 0x00, 0x00, 0x00, 0x7D, 0xFF, 0xCA, 0x00, 0x00, 0x00, 0x00, 0x00, 0x00, 
0x00, 0x00, 0x00, 0x26, 0xFE, 0xFF, 0x45, 0x00, 0x00, 0x00, 0x00, 0x00, 0x00, 0x00, 0x00, 0x00, 
0xA2, 0xFF, 0xEC, 0x3E, 0x00, 0x00, 0x00, 0x01, 0x4B, 0xDB, 0x1B, 0x00, 0x0F, 0xC6, 0xFF, 0xFF, 
0xCB, 0xA0, 0xAE, 0xDE, 0xFF, 0xF0, 0x0F, 0x00, 0x00, 0x08, 0x79, 0xDF, 0xFF, 0xFF, 0xFF, 0xE9, 
0x95, 0x1D, 0x00, 0x00, 0x00, 0x00, 0x00, 0x00, 0x17, 0x2A, 0x19, 0x01, 0x00, 0x00, 0x00, 0x14, 
0x2C, 0x2C, 0x2C, 0x26, 0x14, 0x01, 0x00, 0x00, 0x00, 0x00, 0x00, 0xEE, 0xFF, 0xFF, 0xFF, 0xFF, 
0xFF, 0xE9, 0xA2, 0x2D, 0x00, 0x00, 0x00, 0xFC, 0xFF, 0x87, 0x84, 0x8C, 0xA6, 0xE8, 0xFF, 0xFC, 
0x6F, 0x00, 0x00, 0xFC, 0xFF, 0x08, 0x00, 0x00, 0x00, 0x05, 0x78, 0xFE, 0xFF, 0x56, 0x00, 0xFC, 
0xFF, 0x08, 0x00, 0x00, 0x00, 0x00, 0x00, 0x79, 0xFF, 0xE3, 0x05, 0xFC, 0xFF, 0x08, 0x00, 0x00, 
0x00, 0x00, 0x00, 0x06, 0xEA, 0xFF, 0x4A, 0xFC, 0xFF, 0x08, 0x00, 0x00, 0x00, 0x00, 0x00, 0x00, 
0xA4, 0xFF, 0x85, 0xFC, 0xFF, 0x08, 0x00, 0x00, 0x00, 0x00, 0x00, 0x00, 0x7D, 0xFF, 0x9E, 0xFC, 
0xFF, 0x08, 0x00, 0x00, 0x00, 0x00, 0x00, 0x00, 0x74, 0xFF, 0xA5, 0xFC, 0xFF, 0x08, 0x00, 0x00, 
0x00, 0x00, 0x00, 0x00, 0x84, 0xFF, 0x94, 0xFC, 0xFF, 0x08, 0x00, 0x00, 0x00, 0x00, 0x00, 0x00, 
0xAF, 0xFF, 0x70, 0xFC, 0xFF, 0x08, 0x00, 0x00, 0x00, 0x00, 0x00, 0x0C, 0xF3, 0xFF, 0x30, 0xFC, 
0xFF, 0x08, 0x00, 0x00, 0x00, 0x00, 0x00, 0x8F, 0xFF, 0xC6, 0x00, 0xFC, 0xFF, 0x08, 0x00, 0x00, 
0x00, 0x13, 0x95, 0xFF, 0xF6, 0x30, 0x00, 0xFC, 0xFF, 0xB2, 0xB0, 0xB6, 0xCE, 0xFB, 0xFF, 0xE7, 
0x3F, 0x00, 0x00, 0xD9, 0xFF, 0xFF, 0xFF, 0xF7, 0xE5, 0xB6, 0x6C, 0x0B, 0x00, 0x00, 0x00, 0x14, 
0x2C, 0x2C, 0x2C, 0x2C, 0x2C, 0x2C, 0x2B, 0x06, 0xEE, 0xFF, 0xFF, 0xFF, 0xFF, 0xFF, 0xFF, 0xFF, 
0x53, 0xFC, 0xFF, 0x87, 0x84, 0x84, 0x84, 0x84, 0x83, 0x20, 0xFC, 0xFF, 0x08, 0x00, 0x00, 0x00, 
0x00, 0x00, 0x00, 0xFC, 0xFF, 0x08, 0x00, 0x00, 0x00, 0x00, 0x00, 0x00, 0xFC, 0xFF, 0x08, 0x00, 
0x00, 0x00, 0x00, 0x00, 0x00, 0xFC, 0xFF, 0x08, 0x00, 0x00, 0x00, 0x00, 0x00, 0x00, 0xFC, 0xFF, 
0xBE, 0xBC, 0xBC, 0xBC, 0xBC, 0x4F, 0x00, 0xFC, 0xFF, 0xE4, 0xE4, 0xE4, 0xE4, 0xE4, 0x66, 0x00, 
0xFC, 0xFF, 0x08, 0x00, 0x00, 0x00, 0x00, 0x00, 0x00, 0xFC, 0xFF, 0x08, 0x00, 0x00, 0x00, 0x00, 
0x00, 0x00, 0xFC, 0xFF, 0x08, 0x00, 0x00, 0x00, 0x00, 0x00, 0x00, 0xFC, 0xFF, 0x08, 0x00, 0x00, 
0x00, 0x00, 0x00, 0x00, 0xFC, 0xFF, 0x08, 0x00, 0x00, 0x00, 0x00, 0x00, 0x00, 0xFC, 0xFF, 0xAE, 
0xAC, 0xAC, 0xAC, 0xAC, 0xAC, 0x3D, 0xD9, 0xFF, 0xFF, 0xFF, 0xFF, 0xFF, 0xFF, 0xFF, 0x62, 0x14, 
0x2C, 0x2C, 0x2C, 0x2C, 0x2C, 0x2C, 0x21, 0xEE, 0xFF, 0xFF, 0xFF, 0xFF, 0xFF, 0xFF, 0xF3, 0xFC, 
0xFF, 0x8F, 0x8C, 0x8C, 0x8C, 0x8C, 0x7A, 0xFC, 0xFF, 0x08, 0x00, 0x00, 0x00, 0x00, 0x00, 0xFC, 
0xFF, 0x08, 0x00, 0x00, 0x00, 0x00, 0x00, 0xFC, 0xFF, 0x08, 0x00, 0x00, 0x00, 0x00, 0x00, 0xFC, 
0xFF, 0x08, 0x00, 0x00, 0x00, 0x00, 0x00, 0xFC, 0xFF, 0x51, 0x4C, 0x4C, 0x4C, 0x4C, 0x27, 0xFC, 
0xFF, 0xFF, 0xFF, 0xFF, 0xFF, 0xFF, 0xAA, 0xFC, 0xFF, 0x65, 0x60, 0x60, 0x60, 0x60, 0x33, 0xFC, 
0xFF, 0x08, 0x00, 0x00, 0x00, 0x00, 0x00, 0xFC, 0xFF, 0x08, 0x00, 0x00, 0x00, 0x00, 0x00, 0xFC, 
0xFF, 0x08, 0x00, 0x00, 0x00, 0x00, 0x00, 0xFC, 0xFF, 0x08, 0x00, 0x00, 0x00, 0x00, 0x00, 0xFC, 
0xFF, 0x08, 0x00, 0x00, 0x00, 0x00, 0x00, 0xF5, 0xFB, 0x05, 0x00, 0x00, 0x00, 0x00, 0x00, 0x08, 
0x09, 0x00, 0x00, 0x00, 0x00, 0x00, 0x00, 0x00, 0x00, 0x00, 0x00, 0x00, 0x17, 0x46, 0x59, 0x49, 
0x24, 0x00, 0x00, 0x00, 0x00, 0x00, 0x00, 0x3F, 0xC1, 0xFE, 0xFF, 0xFF, 0xFF, 0xFF, 0xDD, 0x6E, 
0x02, 0x00, 0x00, 0x7F, 0xFF, 0xFF, 0xC2, 0x76, 0x5D, 0x6A, 0xA3, 0xF3, 0xFF, 0x56, 0x00, 0x66, 
0xFF, 0xF4, 0x4F, 0x00, 0x00, 0x00, 0x00, 0x00, 0x0D, 0x82, 0x41, 0x10, 0xF1, 0xFF, 0x51, 0x00, 
0x00, 0x00, 0x00, 0x00, 0x00, 0x00, 0x00, 0x00, 0x6F, 0xFF, 0xC3, 0x00, 0x00, 0x00, 0x00, 0x00, 
0x00, 0x00, 0x00, 0x00, 0x00, 0xB5, 0xFF, 0x6D, 0x00, 0x00, 0x00, 0x00, 0x00, 0x00, 0x00, 0x00, 
0x00, 0x00, 0xDB, 0xFF, 0x40, 0x00, 0x00, 0x00, 0x1E, 0x4C, 0x4C, 0x4C, 0x4C, 0x48, 0x06, 0xEB, 
0xFF, 0x34, 0x00, 0x00, 0x00, 0x89, 0xFF, 0xFF, 0xFF, 0xFF, 0xFF, 0x58, 0xDE, 0xFF, 0x45, 0x00, 
0x00, 0x00, 0x23, 0x5C, 0x5C, 0x5C, 0xC5, 0xFF, 0x60, 0xBC, 0xFF, 0x78, 0x00, 0x00, 0x00, 0x00, 
0x00, 0x00, 0x00, 0xA4, 0xFF, 0x60, 0x7A, 0xFF, 0xD3, 0x01, 0x00, 0x00, 0x00, 0x00, 0x00, 0x00, 
0xA4, 0xFF, 0x60, 0x17, 0xF7, 0xFF, 0x6C, 0x00, 0x00, 0x00, 0x00, 0x00, 0x00, 0xA4, 0xFF, 0x60, 
0x00, 0x71, 0xFF, 0xFC, 0x76, 0x05, 0x00, 0x00, 0x00, 0x03, 0xB3, 0xFF, 0x60, 0x00, 0x00, 0x84, 
0xFF, 0xFF, 0xE8, 0xA8, 0x92, 0xA7, 0xE4, 0xFF, 0xFF, 0x4F, 0x00, 0x00, 0x00, 0x3A, 0xB2, 0xF5, 
0xFF, 0xFF, 0xFF, 0xF9, 0xBA, 0x58, 0x00, 0x00, 0x00, 0x00, 0x00, 0x00, 0x06, 0x23, 0x33, 0x28, 
0x05, 0x00, 0x00, 0x00, 0x29, 0x2C, 0x00, 0x00, 0x00, 0x00, 0x00, 0x00, 0x00, 0x2E, 0x26, 0xFB, 
0xFF, 0x07, 0x00, 0x00, 0x00, 0x00, 0x00, 0x0F, 0xFF, 0xEF, 0xFC, 0xFF, 0x08, 0x00, 0x00, 0x00, 
0x00, 0x00, 0x10, 0xFF, 0xF0, 0xFC, 0xFF, 0x08, 0x00, 0x00, 0x00, 0x00, 0x00, 0x10, 0xFF, 0xF0, 
0xFC, 0xFF, 0x08, 0x00, 0x00, 0x00, 0x00, 0x00, 0x10, 0xFF, 0xF0, 0xFC, 0xFF, 0x08, 0x00, 0x00, 
0x00, 0x00, 0x00, 0x10, 0xFF, 0xF0, 0xFC, 0xFF, 0x08, 0x00, 0x00, 0x00, 0x00, 0x00, 0x10, 0xFF, 
0xF0, 0xFC, 0xFF, 0xCD, 0xCC, 0xCC, 0xCC, 0xCC, 0xCC, 0xCF, 0xFF, 0xF0, 0xFC, 0xFF, 0xF8, 0xF8, 
0xF8, 0xF8, 0xF8, 0xF8, 0xF8, 0xFF, 0xF0, 0xFC, 0xFF, 0x08, 0x00, 0x00, 0x00, 0x00, 0x00, 0x10, 
0xFF, 0xF0, 0xFC, 0xFF, 0x08, 0x00, 0x00, 0x00, 0x00, 0x00, 0x10, 0xFF, 0xF0, 0xFC, 0xFF, 0x08, 
0x00, 0x00, 0x00, 0x00, 0x00, 0x10, 0xFF, 0xF0, 0xFC, 0xFF, 0x08, 0x00, 0x00, 0x00, 0x00, 0x00, 
0x10, 0xFF, 0xF0, 0xFC, 0xFF, 0x08, 0x00, 0x00, 0x00, 0x00, 0x00, 0x10, 0xFF, 0xF0, 0xFC, 0xFF, 
0x08, 0x00, 0x00, 0x00, 0x00, 0x00, 0x10, 0xFF, 0xF0, 0xF5, 0xFB, 0x05, 0x00, 0x00, 0x00, 0x00, 
0x00, 0x0C, 0xFC, 0xE8, 0x08, 0x09, 0x00, 0x00, 0x00, 0x00, 0x00, 0x00, 0x00, 0x0A, 0x07, 0x28, 
0x2C, 0x00, 0xFB, 0xFF, 0x07, 0xFC, 0xFF, 0x08, 0xFC, 0xFF, 0x08, 0xFC, 0xFF, 0x08, 0xFC, 0xFF, 
0x08, 0xFC, 0xFF, 0x08, 0xFC, 0xFF, 0x08, 0xFC, 0xFF, 0x08, 0xFC, 0xFF, 0x08, 0xFC, 0xFF, 0x08, 
0xFC, 0xFF, 0x08, 0xFC, 0xFF, 0x08, 0xFC, 0xFF, 0x08, 0xFC, 0xFF, 0x08, 0xF5, 0xFB, 0x05, 0x08, 
0x09, 0x00, 0x00, 0x00, 0x00, 0x08, 0x36, 0x18, 0x00, 0x00, 0x00, 0x57, 0xFF, 0xAB, 0x00, 0x00, 
0x00, 0x58, 0xFF, 0xAC, 0x00, 0x00, 0x00, 0x58, 0xFF, 0xAC, 0x00, 0x00, 0x00, 0x58, 0xFF, 0xAC, 
0x00, 0x00, 0x00, 0x58, 0xFF, 0xAC, 0x00, 0x00, 0x00, 0x58, 0xFF, 0xAC, 0x00, 0x00, 0x00, 0x58, 
0xFF, 0xAC, 0x00, 0x00, 0x00, 0x58, 0xFF, 0xAC, 0x00, 0x00, 0x00, 0x58, 0xFF, 0xAC, 0x00, 0x00, 
0x00, 0x58, 0xFF, 0xAC, 0x00, 0x00, 0x00, 0x58, 0xFF, 0xAC, 0x00, 0x00, 0x00, 0x5E, 0xFF, 0xA2, 
0x0B, 0x00, 0x00, 0x8C, 0xFF, 0x86, 0xE1, 0xB0, 0xA4, 0xFA, 0xFF, 0x34, 0xB0, 0xFF, 0xFF, 0xFB, 
0x82, 0x00, 0x00, 0x1F, 0x32, 0x10, 0x00, 0x00, 0x29, 0x2C, 0x00, 0x00, 0x00, 0x00, 0x00, 0x0D, 
0x37, 0x14, 0xFB, 0xFF, 0x07, 0x00, 0x00, 0x00, 0x0C, 0xD4, 0xFF, 0x70, 0xFC, 0xFF, 0x08, 0x00, 
0x00, 0x00, 0xAC, 0xFF, 0xB0, 0x02, 0xFC, 0xFF, 0x08, 0x00, 0x00, 0x7A, 0xFF, 0xD1, 0x0C, 0x00, 
0xFC, 0xFF, 0x08, 0x00, 0x48, 0xFD, 0xE9, 0x1F, 0x00, 0x00, 0xFC, 0xFF, 0x08, 0x23, 0xEE, 0xF8, 
0x3A, 0x00, 0x00, 0x00, 0xFC, 0xFF, 0x13, 0xD3, 0xFF, 0x5E, 0x00, 0x00, 0x00, 0x00, 0xFC, 0xFF, 
0xB2, 0xFF, 0x8A, 0x00, 0x00, 0x00, 0x00, 0x00, 0xFC, 0xFF, 0xB5, 0xFF, 0xAF, 0x00, 0x00, 0x00, 
0x00, 0x00, 0xFC, 0xFF, 0x19, 0xE0, 0xFF, 0x70, 0x00, 0x00, 0x00, 0x00, 0xFC, 0xFF, 0x08, 0x3A, 
0xFB, 0xFA, 0x36, 0x00, 0x00, 0x00, 0xFC, 0xFF, 0x08, 0x00, 0x79, 0xFF, 0xDF, 0x10, 0x00, 0x00, 
0xFC, 0xFF, 0x08, 0x00, 0x01, 0xBB, 0xFF, 0xAF, 0x00, 0x00, 0xFC, 0xFF, 0x08, 0x00, 0x00, 0x17, 
0xE8, 0xFF, 0x70, 0x00, 0xFC, 0xFF, 0x08, 0x00, 0x00, 0x00, 0x45, 0xFE, 0xFA, 0x36, 0xF5, 0xFB, 
0x05, 0x00, 0x00, 0x00, 0x00, 0x83, 0xFF, 0xC8, 0x08, 0x09, 0x00, 0x00, 0x00, 0x00, 0x00, 0x00, 
0x0D, 0x07, 0x29, 0x2C, 0x00, 0x00, 0x00, 0x00, 0x00, 0x00, 0xFB, 0xFF, 0x07, 0x00, 0x00, 0x00, 
0x00, 0x00, 0xFC, 0xFF, 0x08, 0x00, 0x00, 0x00, 0x00, 0x00, 0xFC, 0xFF, 0x08, 0x00, 0x00, 0x00, 
0x00, 0x00, 0xFC, 0xFF, 0x08, 0x00, 0x00, 0x00, 0x00, 0x00, 0xFC, 0xFF, 0x08, 0x00, 0x00, 0x00, 
0x00, 0x00, 0xFC, 0xFF, 0x08, 0x00, 0x00, 0x00, 0x00, 0x00, 0xFC, 0xFF, 0x08, 0x00, 0x00, 0x00, 
0x00, 0x00, 0xFC, 0xFF, 0x08, 0x00, 0x00, 0x00, 0x00, 0x00, 0xFC, 0xFF, 0x08, 0x00, 0x00, 0x00, 
0x00, 0x00, 0xFC, 0xFF, 0x08, 0x00, 0x00, 0x00, 0x00, 0x00, 0xFC, 0xFF, 0x08, 0x00, 0x00, 0x00, 
0x00, 0x00, 0xFC, 0xFF, 0x08, 0x00, 0x00, 0x00, 0x00, 0x00, 0xFC, 0xFF, 0x08, 0x00, 0x00, 0x00, 
0x00, 0x00, 0xFC, 0xFF, 0xC2, 0xC0, 0xC0, 0xC0, 0xC0, 0x97, 0xD9, 0xFF, 0xFF, 0xFF, 0xFF, 0xFF, 
0xFF, 0xCF, 0x10, 0x2C, 0x1B, 0x00, 0x00, 0x00, 0x00, 0x00, 0x00, 0x00, 0x00, 0x00, 0x00, 0x06, 
0x29, 0x29, 0x02, 0xE9, 0xFF, 0xFF, 0x7B, 0x00, 0x00, 0x00, 0x00, 0x00, 0x00, 0x00, 0x00, 0x03, 
0xD0, 0xFF, 0xFF, 0x6C, 0xFC, 0xFB, 0xF4, 0xF1, 0x0A, 0x00, 0x00, 0x00, 0x00, 0x00, 0x00, 0x00, 
0x53, 0xFF, 0xF0, 0xFF, 0x80, 0xFC, 0xF8, 0x9F, 0xFF, 0x62, 0x00, 0x00, 0x00, 0x00, 0x00, 0x00, 
0x00, 0xBE, 0xFD, 0x94, 0xFF, 0x80, 0xFC, 0xF8, 0x3B, 0xFF, 0xC9, 0x00, 0x00, 0x00, 0x00, 0x00, 
0x00, 0x2A, 0xFF, 0xB5, 0x74, 0xFF, 0x80, 0xFC, 0xF8, 0x00, 0xD7, 0xFF, 0x2F, 0x00, 0x00, 0x00, 
0x00, 0x00, 0x94, 0xFF, 0x4D, 0x74, 0xFF, 0x80, 0xFC, 0xF8, 0x00, 0x74, 0xFF, 0x95, 0x00, 0x00, 
0x00, 0x00, 0x0D, 0xF2, 0xE1, 0x03, 0x74, 0xFF, 0x80, 0xFC, 0xF8, 0x00, 0x15, 0xFA, 0xF1, 0x0A, 
0x00, 0x00, 0x00, 0x6A, 0xFF, 0x7C, 0x00, 0x74, 0xFF, 0x80, 0xFC, 0xF8, 0x00, 0x00, 0xAC, 0xFF, 
0x62, 0x00, 0x00, 0x00, 0xD4, 0xFB, 0x19, 0x00, 0x74, 0xFF, 0x80, 0xFC, 0xF8, 0x00, 0x00, 0x48, 
0xFF, 0xC8, 0x00, 0x00, 0x40, 0xFF, 0xAB, 0x00, 0x00, 0x74, 0xFF, 0x80, 0xFC, 0xF8, 0x00, 0x00, 
0x02, 0xE2, 0xFF, 0x2F, 0x00, 0xAB, 0xFF, 0x43, 0x00, 0x00, 0x74, 0xFF, 0x80, 0xFC, 0xF8, 0x00, 
0x00, 0x00, 0x81, 0xFF, 0x95, 0x1A, 0xFB, 0xDA, 0x01, 0x00, 0x00, 0x74, 0xFF, 0x80, 0xFC, 0xF8, 
0x00, 0x00, 0x00, 0x1F, 0xFD, 0xF0, 0x8C, 0xFF, 0x72, 0x00, 0x00, 0x00, 0x74, 0xFF, 0x80, 0xFC, 
0xF8, 0x00, 0x00, 0x00, 0x00, 0xB9, 0xFF, 0xFF, 0xF7, 0x12, 0x00, 0x00, 0x00, 0x74, 0xFF, 0x80, 
0xFC, 0xF8, 0x00, 0x00, 0x00, 0x00, 0x55, 0xFF, 0xFF, 0xA2, 0x00, 0x00, 0x00, 0x00, 0x74, 0xFF, 
0x80, 0xF6, 0xF1, 0x00, 0x00, 0x00, 0x00, 0x06, 0xE7, 0xFD, 0x37, 0x00, 0x00, 0x00, 0x00, 0x6D, 
0xFF, 0x79, 0x08, 0x08, 0x00, 0x00, 0x00, 0x00, 0x00, 0x06, 0x0C, 0x00, 0x00, 0x00, 0x00, 0x00, 
0x00, 0x0F, 0x00, 0x11, 0x2B, 0x0E, 0x00, 0x00, 0x00, 0x00, 0x00, 0x00, 0x08, 0x2F, 0x0A, 0xEB, 
0xFF, 0xF0, 0x29, 0x00, 0x00, 0x00, 0x00, 0x00, 0x6E, 0xFF, 0x7A, 0xFC, 0xFF, 0xFF, 0xBD, 0x00, 
0x00, 0x00, 0x00, 0x00, 0x70, 0xFF, 0x7C, 0xFC, 0xE6, 0xDE, 0xFF, 0x4A, 0x00, 0x00, 0x00, 0x00, 
0x70, 0xFF, 0x7C, 0xFC, 0xE6, 0x62, 0xFF, 0xD4, 0x03, 0x00, 0x00, 0x00, 0x70, 0xFF, 0x7C, 0xFC, 
0xE9, 0x03, 0xD4, 0xFF, 0x65, 0x00, 0x00, 0x00, 0x70, 0xFF, 0x7C, 0xFC, 0xEB, 0x00, 0x4A, 0xFF, 
0xE6, 0x0B, 0x00, 0x00, 0x70, 0xFF, 0x7C, 0xFC, 0xEC, 0x00, 0x00, 0xBB, 0xFF, 0x7F, 0x00, 0x00, 
0x70, 0xFF, 0x7C, 0xFC, 0xEC, 0x00, 0x00, 0x30, 0xFD, 0xF4, 0x18, 0x00, 0x70, 0xFF, 0x7C, 0xFC, 
0xEC, 0x00, 0x00, 0x00, 0xA0, 0xFF, 0x9A, 0x00, 0x70, 0xFF, 0x7C, 0xFC, 0xEC, 0x00, 0x00, 0x00, 
0x1B, 0xF6, 0xFC, 0x28, 0x70, 0xFF, 0x7C, 0xFC, 0xEC, 0x00, 0x00, 0x00, 0x00, 0x84, 0xFF, 0xAC, 
0x6E, 0xFF, 0x7C, 0xFC, 0xEC, 0x00, 0x00, 0x00, 0x00, 0x0D, 0xE9, 0xFE, 0x9C, 0xFF, 0x7C, 0xFC, 
0xEC, 0x00, 0x00, 0x00, 0x00, 0x00, 0x69, 0xFF, 0xFB, 0xFF, 0x7C, 0xFC, 0xEC, 0x00, 0x00, 0x00, 
0x00, 0x00, 0x03, 0xD6, 0xFF, 0xFF, 0x7C, 0xF5, 0xE5, 0x00, 0x00, 0x00, 0x00, 0x00, 0x00, 0x39, 
0xED, 0xFF, 0x5B, 0x09, 0x07, 0x00, 0x00, 0x00, 0x00, 0x00, 0x00, 0x00, 0x01, 0x05, 0x00, 0x00, 
0x00, 0x00, 0x00, 0x04, 0x3A, 0x56, 0x5B, 0x43, 0x0C, 0x00, 0x00, 0x00, 0x00, 0x00, 0x00, 0x0A, 
0x83, 0xF0, 0xFF, 0xFF, 0xFF, 0xFF, 0xF9, 0x9C, 0x15, 0x00, 0x00, 0x00, 0x0D, 0xC5, 0xFF, 0xEE, 
0x90, 0x61, 0x61, 0x8F, 0xED, 0xFF, 0xDA, 0x16, 0x00, 0x00, 0x9A, 0xFF, 0xD3, 0x1A, 0x00, 0x00, 
0x00, 0x00, 0x16, 0xD2, 0xFF, 0xAB, 0x00, 0x1E, 0xFD, 0xFB, 0x27, 0x00, 0x00, 0x00, 0x00, 0x00, 
0x00, 0x2C, 0xFE, 0xFE, 0x21, 0x74, 0xFF, 0xB5, 0x00, 0x00, 0x00, 0x00, 0x00, 0x00, 0x00, 0x00, 
0xC7, 0xFF, 0x69, 0xAB, 0xFF, 0x7C, 0x00, 0x00, 0x00, 0x00, 0x00, 0x00, 0x00, 0x00, 0x97, 0xFF, 
0x98, 0xC8, 0xFF, 0x62, 0x00, 0x00, 0x00, 0x00, 0x00, 0x00, 0x00, 0x00, 0x7E, 0xFF, 0xAC, 0xD4, 
0xFF, 0x52, 0x00, 0x00, 0x00, 0x00, 0x00, 0x00, 0x00, 0x00, 0x6F, 0xFF, 0xB2, 0xCA, 0xFF, 0x65, 
0x00, 0x00, 0x00, 0x00, 0x00, 0x00, 0x00, 0x00, 0x85, 0xFF, 0xA3, 0xB2, 0xFF, 0x7D, 0x00, 0x00, 
0x00, 0x00, 0x00, 0x00, 0x00, 0x00, 0xA0, 0xFF, 0x80, 0x82, 0xFF, 0xB5, 0x00, 0x00, 0x00, 0x00, 
0x00, 0x00, 0x00, 0x01, 0xE0, 0xFF, 0x46, 0x30, 0xFF, 0xFC, 0x27, 0x00, 0x00, 0x00, 0x00, 0x00, 
0x00, 0x5C, 0xFF, 0xE5, 0x03, 0x00, 0xB5, 0xFF, 0xD5, 0x22, 0x00, 0x00, 0x00, 0x00, 0x49, 0xF3, 
0xFF, 0x5D, 0x00, 0x00, 0x19, 0xD6, 0xFF, 0xF8, 0xB5, 0x91, 0x96, 0xCA, 0xFF, 0xFF, 0x88, 0x00, 
0x00, 0x00, 0x00, 0x0E, 0x88, 0xE6, 0xFF, 0xFF, 0xFF, 0xFC, 0xC3, 0x4A, 0x00, 0x00, 0x00, 0x00, 
0x00, 0x00, 0x00, 0x00, 0x1D, 0x31, 0x29, 0x0D, 0x00, 0x00, 0x00, 0x00, 0x00, 0x12, 0x2C, 0x2C, 
0x2C, 0x25, 0x0B, 0x00, 0x00, 0x00, 0x00, 0xEB, 0xFF, 0xFF, 0xFF, 0xFF, 0xFD, 0xC3, 0x47, 0x00, 
0x00, 0xFC, 0xFF, 0x84, 0x80, 0x8C, 0xC9, 0xFF, 0xFD, 0x5C, 0x00, 0xFC, 0xFF, 0x08, 0x00, 0x00, 
0x00, 0x74, 0xFF, 0xEA, 0x0A, 0xFC, 0xFF, 0x08, 0x00, 0x00, 0x00, 0x03, 0xEA, 0xFF, 0x35, 0xFC, 
0xFF, 0x08, 0x00, 0x00, 0x00, 0x00, 0xD1, 0xFF, 0x4C, 0xFC, 0xFF, 0x08, 0x00, 0x00, 0x00, 0x07, 
0xF5, 0xFF, 0x2D, 0xFC, 0xFF, 0x08, 0x00, 0x00, 0x00, 0x89, 0xFF, 0xD7, 0x01, 0xFC, 0xFF, 0x70, 
0x6C, 0x79, 0xC4, 0xFF, 0xF8, 0x3C, 0x00, 0xFC, 0xFF, 0xFF, 0xFF, 0xFF, 0xFD, 0xBC, 0x31, 0x00, 
0x00, 0xFC, 0xFF, 0x42, 0x3B, 0x2F, 0x0E, 0x00, 0x00, 0x00, 0x00, 0xFC, 0xFF, 0x08, 0x00, 0x00, 
0x00, 0x00, 0x00, 0x00, 0x00, 0xFC, 0xFF, 0x08, 0x00, 0x00, 0x00, 0x00, 0x00, 0x00, 0x00, 0xFC, 
0xFF, 0x08, 0x00, 0x00, 0x00, 0x00, 0x00, 0x00, 0x00, 0xFC, 0xFF, 0x08, 0x00, 0x00, 0x00, 0x00, 
0x00, 0x00, 0x00, 0xF5, 0xFA, 0x05, 0x00, 0x00, 0x00, 0x00, 0x00, 0x00, 0x00, 0x08, 0x09, 0x00, 
0x00, 0x00, 0x00, 0x00, 0x00, 0x00, 0x00, 0x00, 0x00, 0x00, 0x00, 0x04, 0x3A, 0x56, 0x5A, 0x41, 
0x0A, 0x00, 0x00, 0x00, 0x00, 0x00, 0x00, 0x00, 0x00, 0x0A, 0x83, 0xF0, 0xFF, 0xFF, 0xFF, 0xFF, 
0xF7, 0x95, 0x10, 0x00, 0x00, 0x00, 0x00, 0x00, 0x0D, 0xC5, 0xFF, 0xEE, 0x90, 0x61, 0x61, 0x8F, 
0xED, 0xFF, 0xD3, 0x11, 0x00, 0x00, 0x00, 0x00, 0x9B, 0xFF, 0xD3, 0x1A, 0x00, 0x00, 0x00, 0x00, 
0x16, 0xD2, 0xFF, 0xA3, 0x00, 0x00, 0x00, 0x1E, 0xFD, 0xFB, 0x27, 0x00, 0x00, 0x00, 0x00, 0x00, 
0x00, 0x2C, 0xFE, 0xFD, 0x1E, 0x00, 0x00, 0x75, 0xFF, 0xB3, 0x00, 0x00, 0x00, 0x00, 0x00, 0x00, 
0x00, 0x00, 0xC7, 0xFF, 0x67, 0x00, 0x00, 0xAC, 0xFF, 0x7C, 0x00, 0x00, 0x00, 0x00, 0x00, 0x00, 
0x00, 0x00, 0x97, 0xFF, 0x98, 0x00, 0x00, 0xC8, 0xFF, 0x62, 0x00, 0x00, 0x00, 0x00, 0x00, 0x00, 
0x00, 0x00, 0x7E, 0xFF, 0xAC, 0x00, 0x00, 0xD4, 0xFF, 0x52, 0x00, 0x00, 0x00, 0x00, 0x00, 0x00, 
0x00, 0x00, 0x6F, 0xFF, 0xB2, 0x00, 0x00, 0xCA, 0xFF, 0x65, 0x00, 0x00, 0x00, 0x00, 0x00, 0x00, 
0x00, 0x00, 0x85, 0xFF, 0xA4, 0x00, 0x00, 0xB2, 0xFF, 0x7D, 0x00, 0x00, 0x00, 0x00, 0x00, 0x00, 
0x00, 0x00, 0xA1, 0xFF, 0x82, 0x00, 0x00, 0x83, 0xFF, 0xB5, 0x00, 0x00, 0x00, 0x00, 0x00, 0x00, 
0x00, 0x01, 0xE1, 0xFF, 0x47, 0x00, 0x00, 0x32, 0xFF, 0xFC, 0x27, 0x00, 0x00, 0x00, 0x00, 0x00, 
0x00, 0x5C, 0xFF, 0xE4, 0x04, 0x00, 0x00, 0x00, 0xB7, 0xFF, 0xD5, 0x22, 0x00, 0x00, 0x00, 0x00, 
0x49, 0xF3, 0xFF, 0x5E, 0x00, 0x00, 0x00, 0x00, 0x1A, 0xD8, 0xFF, 0xF8, 0xB5, 0x91, 0x96, 0xCA, 
0xFF, 0xFF, 0xF4, 0x30, 0x00, 0x00, 0x00, 0x00, 0x00, 0x0F, 0x89, 0xE6, 0xFF, 0xFF, 0xFF, 0xFC, 
0xB9, 0x97, 0xFF, 0xF9, 0x80, 0x0A, 0x00, 0x00, 0x00, 0x00, 0x00, 0x00, 0x1D, 0x31, 0x2D, 0x0B, 
0x00, 0x00, 0x5C, 0xF0, 0xFF, 0xEA, 0x49, 0x00, 0x00, 0x00, 0x00, 0x00, 0x00, 0x00, 0x00, 0x00, 
0x00, 0x00, 0x00, 0x18, 0x9B, 0xF9, 0x8D, 0x00, 0x00, 0x00, 0x00, 0x00, 0x00, 0x00, 0x00, 0x00, 
0x00, 0x00, 0x00, 0x00, 0x00, 0x13, 0x17, 0x14, 0x2C, 0x2C, 0x2B, 0x27, 0x13, 0x00, 0x00, 0x00, 
0x00, 0x00, 0xEE, 0xFF, 0xFF, 0xFF, 0xFF, 0xFF, 0xCE, 0x59, 0x00, 0x00, 0x00, 0xFC, 0xFF, 0x84, 
0x80, 0x88, 0xBC, 0xFF, 0xFF, 0x6F, 0x00, 0x00, 0xFC, 0xFF, 0x08, 0x00, 0x00, 0x00, 0x6A, 0xFF, 
0xF3, 0x07, 0x00, 0xFC, 0xFF, 0x08, 0x00, 0x00, 0x00, 0x03, 0xF8, 0xFF, 0x2C, 0x00, 0xFC, 0xFF, 
0x08, 0x00, 0x00, 0x00, 0x04, 0xF8, 0xFF, 0x20, 0x00, 0xFC, 0xFF, 0x08, 0x00, 0x00, 0x00, 0x68, 
0xFF, 0xD5, 0x01, 0x00, 0xFC, 0xFF, 0x68, 0x64, 0x75, 0xAD, 0xFE, 0xEB, 0x35, 0x00, 0x00, 0xFC, 
0xFF, 0xFF, 0xFF, 0xFF, 0xFF, 0xBB, 0x18, 0x00, 0x00, 0x00, 0xFC, 0xFF, 0x42, 0x44, 0x79, 0xF2, 
0xFE, 0x5E, 0x00, 0x00, 0x00, 0xFC, 0xFF, 0x08, 0x00, 0x00, 0x3F, 0xFD, 0xF3, 0x17, 0x00, 0x00, 
0xFC, 0xFF, 0x08, 0x00, 0x00, 0x00, 0xAD, 0xFF, 0x82, 0x00, 0x00, 0xFC, 0xFF, 0x08, 0x00, 0x00, 
0x00, 0x40, 0xFF, 0xE6, 0x04, 0x00, 0xFC, 0xFF, 0x08, 0x00, 0x00, 0x00, 0x01, 0xDB, 0xFF, 0x54, 
0x00, 0xFC, 0xFF, 0x08, 0x00, 0x00, 0x00, 0x00, 0x79, 0xFF, 0xBB, 0x00, 0xF5, 0xFA, 0x05, 0x00, 
0x00, 0x00, 0x00, 0x19, 0xF7, 0xFD, 0x0E, 0x08, 0x09, 0x00, 0x00, 0x00, 0x00, 0x00, 0x00, 0x0A, 
0x0D, 0x00, 0x00, 0x00, 0x00, 0x04, 0x3D, 0x5D, 0x52, 0x20, 0x00, 0x00, 0x00, 0x00, 0x00, 0x49, 
0xDB, 0xFF, 0xFF, 0xFF, 0xFF, 0xBE, 0x15, 0x00, 0x00, 0x2E, 0xF6, 0xFA, 0x90, 0x54, 0x63, 0xAA, 
0xFC, 0x4B, 0x00, 0x00, 0xA4, 0xFF, 0x80, 0x00, 0x00, 0x00, 0x00, 0x28, 0x12, 0x00, 0x00, 0xC6, 
0xFF, 0x4C, 0x00, 0x00, 0x00, 0x00, 0x00, 0x00, 0x00, 0x00, 0xAF, 0xFF, 0x9F, 0x00, 0x00, 0x00, 
0x00, 0x00, 0x00, 0x00, 0x00, 0x46, 0xFF, 0xFF, 0xA0, 0x16, 0x00, 0x00, 0x00, 0x00, 0x00, 0x00, 
0x00, 0x79, 0xFE, 0xFF, 0xF4, 0x8F, 0x18, 0x00, 0x00, 0x00, 0x00, 0x00, 0x00, 0x3E, 0xC6, 0xFF, 
0xFF, 0xF5, 0x68, 0x00, 0x00, 0x00, 0x00, 0x00, 0x00, 0x00, 0x41, 0xC8, 0xFF, 0xFF, 0x64, 0x00, 
0x00, 0x00, 0x00, 0x00, 0x00, 0x00, 0x01, 0x9B, 0xFF, 0xED, 0x04, 0x00, 0x00, 0x00, 0x00, 0x00, 
0x00, 0x00, 0x0B, 0xFD, 0xFF, 0x20, 0x00, 0x00, 0x00, 0x00, 0x00, 0x00, 0x00, 0x11, 0xFF, 0xFF, 
0x13, 0x16, 0xA1, 0x24, 0x00, 0x00, 0x00, 0x00, 0x89, 0xFF, 0xCB, 0x00, 0x1C, 0xFF, 0xFD, 0xC0, 
0x94, 0x8F, 0xCB, 0xFF, 0xF6, 0x37, 0x00, 0x00, 0x50, 0xC9, 0xFE, 0xFF, 0xFF, 0xFE, 0xBE, 0x32, 
0x00, 0x00, 0x00, 0x00, 0x00, 0x10, 0x2D, 0x2F, 0x0F, 0x00, 0x00, 0x00, 0x00, 0x1A, 0x2C, 0x2C, 
0x2C, 0x2C, 0x2C, 0x2C, 0x2C, 0x2C, 0x2C, 0x2C, 0x0D, 0xCB, 0xFF, 0xFF, 0xFF, 0xFF, 0xFF, 0xFF, 
0xFF, 0xFF, 0xFF, 0xFF, 0x7C, 0x64, 0x8C, 0x8C, 0x8C, 0x9E, 0xFF, 0xEF, 0x8C, 0x8C, 0x8C, 0x8C, 
0x39, 0x00, 0x00, 0x00, 0x00, 0x28, 0xFF, 0xDC, 0x00, 0x00, 0x00, 0x00, 0x00, 0x00, 0x00, 0x00, 
0x00, 0x28, 0xFF, 0xDC, 0x00, 0x00, 0x00, 0x00, 0x00, 0x00, 0x00, 0x00, 0x00, 0x28, 0xFF, 0xDC, 
0x00, 0x00, 0x00, 0x00, 0x00, 0x00, 0x00, 0x00, 0x00, 0x28, 0xFF, 0xDC, 0x00, 0x00, 0x00, 0x00, 
0x00, 0x00, 0x00, 0x00, 0x00, 0x28, 0xFF, 0xDC, 0x00, 0x00, 0x00, 0x00, 0x00, 0x00, 0x00, 0x00, 
0x00, 0x28, 0xFF, 0xDC, 0x00, 0x00, 0x00, 0x00, 0x00, 0x00, 0x00, 0x00, 0x00, 0x28, 0xFF, 0xDC, 
0x00, 0x00, 0x00, 0x00, 0x00, 0x00, 0x00, 0x00, 0x00, 0x28, 0xFF, 0xDC, 0x00, 0x00, 0x00, 0x00, 
0x00, 0x00, 0x00, 0x00, 0x00, 0x28, 0xFF, 0xDC, 0x00, 0x00, 0x00, 0x00, 0x00, 0x00, 0x00, 0x00, 
0x00, 0x28, 0xFF, 0xDC, 0x00, 0x00, 0x00, 0x00, 0x00, 0x00, 0x00, 0x00, 0x00, 0x28, 0xFF, 0xDC, 
0x00, 0x00, 0x00, 0x00, 0x00, 0x00, 0x00, 0x00, 0x00, 0x28, 0xFF, 0xDC, 0x00, 0x00, 0x00, 0x00, 
0x00, 0x00, 0x00, 0x00, 0x00, 0x22, 0xFE, 0xD4, 0x00, 0x00, 0x00, 0x00, 0x00, 0x00, 0x00, 0x00, 
0x00, 0x00, 0x0B, 0x06, 0x00, 0x00, 0x00, 0x00, 0x00, 0x2A, 0x2B, 0x00, 0x00, 0x00, 0x00, 0x00, 
0x00, 0x00, 0x13, 0x37, 0x0A, 0xFF, 0xFF, 0x00, 0x00, 0x00, 0x00, 0x00, 0x00, 0x00, 0x93, 0xFF, 
0x6A, 0xFF, 0xFF, 0x00, 0x00, 0x00, 0x00, 0x00, 0x00, 0x00, 0x94, 0xFF, 0x6C, 0xFF, 0xFF, 0x00, 
0x00, 0x00, 0x00, 0x00, 0x00, 0x00, 0x94, 0xFF, 0x6C, 0xFF, 0xFF, 0x00, 0x00, 0x00, 0x00, 0x00, 
0x00, 0x00, 0x94, 0xFF, 0x6C, 0xFF, 0xFF, 0x00, 0x00, 0x00, 0x00, 0x00, 0x00, 0x00, 0x94, 0xFF, 
0x6C, 0xFF, 0xFF, 0x00, 0x00, 0x00, 0x00, 0x00, 0x00, 0x00, 0x94, 0xFF, 0x6C, 0xFF, 0xFF, 0x00, 
0x00, 0x00, 0x00, 0x00, 0x00, 0x00, 0x94, 0xFF, 0x6C, 0xFF, 0xFF, 0x00, 0x00, 0x00, 0x00, 0x00, 
0x00, 0x00, 0x94, 0xFF, 0x6C, 0xFF, 0xFF, 0x00, 0x00, 0x00, 0x00, 0x00, 0x00, 0x00, 0x94, 0xFF, 
0x6C, 0xFE, 0xFF, 0x03, 0x00, 0x00, 0x00, 0x00, 0x00, 0x00, 0x97, 0xFF, 0x68, 0xED, 0xFF, 0x1D, 
0x00, 0x00, 0x00, 0x00, 0x00, 0x00, 0xB0, 0xFF, 0x53, 0xBE, 0xFF, 0x75, 0x00, 0x00, 0x00, 0x00, 
0x00, 0x14, 0xF1, 0xFF, 0x1C, 0x5E, 0xFF, 0xF0, 0x39, 0x00, 0x00, 0x00, 0x0A, 0xAB, 0xFF, 0xB4, 
0x00, 0x02, 0xB1, 0xFF, 0xFD, 0xAE, 0x86, 0x9F, 0xE0, 0xFF, 0xE3, 0x1C, 0x00, 0x00, 0x04, 0x78, 
0xE5, 0xFF, 0xFF, 0xFF, 0xF4, 0x9E, 0x17, 0x00, 0x00, 0x00, 0x00, 0x00, 0x00, 0x20, 0x33, 0x27, 
0x04, 0x00, 0x00, 0x00, 0x00, 0x16, 0x39, 0x12, 0x00, 0x00, 0x00, 0x00, 0x00, 0x00, 0x00, 0x00, 
0x23, 0x36, 0x04, 0x7E, 0xFF, 0xAC, 0x00, 0x00, 0x00, 0x00, 0x00, 0x00, 0x00, 0x06, 0xEF, 0xFE, 
0x19, 0x2A, 0xFF, 0xF7, 0x0D, 0x00, 0x00, 0x00, 0x00, 0x00, 0x00, 0x4B, 0xFF, 0xC3, 0x00, 0x00, 
0xD0, 0xFF, 0x5B, 0x00, 0x00, 0x00, 0x00, 0x00, 0x00, 0xA0, 0xFF, 0x69, 0x00, 0x00, 0x76, 0xFF, 
0xB2, 0x00, 0x00, 0x00, 0x00, 0x00, 0x05, 0xEF, 0xFB, 0x14, 0x00, 0x00, 0x1D, 0xFE, 0xF9, 0x10, 
0x00, 0x00, 0x00, 0x00, 0x4A, 0xFF, 0xB5, 0x00, 0x00, 0x00, 0x00, 0xC1, 0xFF, 0x61, 0x00, 0x00, 
0x00, 0x00, 0x9F, 0xFF, 0x5B, 0x00, 0x00, 0x00, 0x00, 0x67, 0xFF, 0xB8, 0x00, 0x00, 0x00, 0x05, 
0xEE, 0xF5, 0x0B, 0x00, 0x00, 0x00, 0x00, 0x12, 0xFA, 0xFB, 0x14, 0x00, 0x00, 0x48, 0xFF, 0xA7, 
0x00, 0x00, 0x00, 0x00, 0x00, 0x00, 0xB3, 0xFF, 0x66, 0x00, 0x00, 0x9D, 0xFF, 0x4D, 0x00, 0x00, 
0x00, 0x00, 0x00, 0x00, 0x58, 0xFF, 0xBD, 0x00, 0x04, 0xED, 0xED, 0x05, 0x00, 0x00, 0x00, 0x00, 
0x00, 0x00, 0x0A, 0xF3, 0xFC, 0x17, 0x47, 0xFF, 0x98, 0x00, 0x00, 0x00, 0x00, 0x00, 0x00, 0x00, 
0x00, 0xA4, 0xFF, 0x6B, 0x9C, 0xFF, 0x3E, 0x00, 0x00, 0x00, 0x00, 0x00, 0x00, 0x00, 0x00, 0x4A, 
0xFF, 0xC6, 0xEC, 0xE2, 0x01, 0x00, 0x00, 0x00, 0x00, 0x00, 0x00, 0x00, 0x00, 0x04, 0xEA, 0xFF, 
0xFF, 0x8A, 0x00, 0x00, 0x00, 0x00, 0x00, 0x00, 0x00, 0x00, 0x00, 0x00, 0x8F, 0xFF, 0xFB, 0x2D, 
0x00, 0x00, 0x00, 0x00, 0x00, 0x00, 0x00, 0x00, 0x00, 0x00, 0x00, 0x12, 0x09, 0x00, 0x00, 0x00, 
0x00, 0x00, 0x00, 0x07, 0x37, 0x24, 0x00, 0x00, 0x00, 0x00, 0x00, 0x00, 0x0D, 0x37, 0x1A, 0x00, 
0x00, 0x00, 0x00, 0x00, 0x00, 0x0A, 0x37, 0x18, 0x32, 0xFF, 0xEB, 0x01, 0x00, 0x00, 0x00, 0x00, 
0x00, 0x92, 0xFF, 0xD3, 0x00, 0x00, 0x00, 0x00, 0x00, 0x00, 0x7B, 0xFF, 0x8C, 0x02, 0xEB, 0xFF, 
0x32, 0x00, 0x00, 0x00, 0x00, 0x00, 0xD5, 0xFF, 0xFF, 0x1B, 0x00, 0x00, 0x00, 0x00, 0x00, 0xBF, 
0xFF, 0x4A, 0x00, 0xA5, 0xFF, 0x76, 0x00, 0x00, 0x00, 0x00, 0x16, 0xFF, 0xFF, 0xFF, 0x61, 0x00, 
0x00, 0x00, 0x00, 0x09, 0xF8, 0xF7, 0x09, 0x00, 0x5B, 0xFF, 0xBB, 0x00, 0x00, 0x00, 0x00, 0x57, 
0xFF, 0xC2, 0xFF, 0xA7, 0x00, 0x00, 0x00, 0x00, 0x45, 0xFF, 0xB7, 0x00, 0x00, 0x14, 0xFD, 0xF7, 
0x09, 0x00, 0x00, 0x00, 0x99, 0xFF, 0x3D, 0xFC, 0xEB, 0x02, 0x00, 0x00, 0x00, 0x89, 0xFF, 0x6D, 
0x00, 0x00, 0x00, 0xC9, 0xFF, 0x45, 0x00, 0x00, 0x00, 0xDA, 0xEA, 0x01, 0xC6, 0xFF, 0x34, 0x00, 
0x00, 0x00, 0xCC, 0xFF, 0x23, 0x00, 0x00, 0x00, 0x7F, 0xFF, 0x8A, 0x00, 0x00, 0x1B, 0xFF, 0xA9, 
0x00, 0x7F, 0xFF, 0x7A, 0x00, 0x00, 0x11, 0xFD, 0xD9, 0x00, 0x00, 0x00, 0x00, 0x36, 0xFF, 0xCF, 
0x00, 0x00, 0x5C, 0xFF, 0x68, 0x00, 0x38, 0xFF, 0xC0, 0x00, 0x00, 0x52, 0xFF, 0x8F, 0x00, 0x00, 
0x00, 0x00, 0x01, 0xEA, 0xFE, 0x16, 0x00, 0x9E, 0xFF, 0x27, 0x00, 0x03, 0xEE, 0xFA, 0x0C, 0x00, 
0x95, 0xFF, 0x46, 0x00, 0x00, 0x00, 0x00, 0x00, 0xA3, 0xFF, 0x59, 0x00, 0xDF, 0xE5, 0x00, 0x00, 
0x00, 0xAA, 0xFF, 0x4D, 0x00, 0xD8, 0xF4, 0x07, 0x00, 0x00, 0x00, 0x00, 0x00, 0x59, 0xFF, 0x9E, 
0x20, 0xFF, 0xA4, 0x00, 0x00, 0x00, 0x63, 0xFF, 0x93, 0x1C, 0xFF, 0xB2, 0x00, 0x00, 0x00, 0x00, 
0x00, 0x00, 0x12, 0xFD, 0xE3, 0x61, 0xFF, 0x62, 0x00, 0x00, 0x00, 0x1C, 0xFF, 0xDA, 0x5F, 0xFF, 
0x68, 0x00, 0x00, 0x00, 0x00, 0x00, 0x00, 0x00, 0xC7, 0xFF, 0xCA, 0xFF, 0x21, 0x00, 0x00, 0x00, 
0x00, 0xD5, 0xFF, 0xC2, 0xFF, 0x1E, 0x00, 0x00, 0x00, 0x00, 0x00, 0x00, 0x00, 0x7D, 0xFF, 0xFF, 
0xE0, 0x00, 0x00, 0x00, 0x00, 0x00, 0x8E, 0xFF, 0xFF, 0xD5, 0x00, 0x00, 0x00, 0x00, 0x00, 0x00, 
0x00, 0x00, 0x2F, 0xFC, 0xFF, 0x95, 0x00, 0x00, 0x00, 0x00, 0x00, 0x40, 0xFE, 0xFF, 0x81, 0x00, 
0x00, 0x00, 0x00, 0x00, 0x00, 0x00, 0x00, 0x00, 0x09, 0x11, 0x00, 0x00, 0x00, 0x00, 0x00, 0x00, 
0x00, 0x0B, 0x10, 0x00, 0x00, 0x00, 0x00, 0x00, 0x05, 0x36, 0x2B, 0x00, 0x00, 0x00, 0x00, 0x00, 
0x00, 0x0C, 0x38, 0x1B, 0x15, 0xF5, 0xFF, 0x42, 0x00, 0x00, 0x00, 0x00, 0x00, 0xAA, 0xFF, 0x82, 
0x00, 0x7C, 0xFF, 0xD2, 0x03, 0x00, 0x00, 0x00, 0x3D, 0xFF, 0xE8, 0x0E, 0x00, 0x08, 0xDE, 0xFF, 
0x69, 0x00, 0x00, 0x01, 0xCC, 0xFF, 0x5F, 0x00, 0x00, 0x00, 0x51, 0xFF, 0xEB, 0x11, 0x00, 0x61, 
0xFF, 0xC7, 0x01, 0x00, 0x00, 0x00, 0x00, 0xBA, 0xFF, 0x90, 0x0C, 0xE6, 0xFD, 0x34, 0x00, 0x00, 
0x00, 0x00, 0x00, 0x2A, 0xFB, 0xFB, 0xA7, 0xFF, 0x9B, 0x00, 0x00, 0x00, 0x00, 0x00, 0x00, 0x00, 
0x90, 0xFF, 0xFF, 0xEF, 0x15, 0x00, 0x00, 0x00, 0x00, 0x00, 0x00, 0x00, 0x44, 0xFF, 0xFF, 0xC2, 
0x00, 0x00, 0x00, 0x00, 0x00, 0x00, 0x00, 0x02, 0xCC, 0xFF, 0xF0, 0xFF, 0x4E, 0x00, 0x00, 0x00, 
0x00, 0x00, 0x00, 0x66, 0xFF, 0xBB, 0x55, 0xFF, 0xDC, 0x07, 0x00, 0x00, 0x00, 0x00, 0x11, 0xEB, 
0xFD, 0x2E, 0x00, 0xC5, 0xFF, 0x79, 0x00, 0x00, 0x00, 0x00, 0x95, 0xFF, 0x9A, 0x00, 0x00, 0x38, 
0xFF, 0xF3, 0x1A, 0x00, 0x00, 0x2F, 0xFC, 0xF2, 0x17, 0x00, 0x00, 0x00, 0xA8, 0xFF, 0xA3, 0x00, 
0x00, 0xC3, 0xFF, 0x79, 0x00, 0x00, 0x00, 0x00, 0x20, 0xF8, 0xFE, 0x3A, 0x47, 0xFF, 0xDD, 0x08, 
0x00, 0x00, 0x00, 0x00, 0x00, 0x86, 0xFF, 0xB9, 0x01, 0x11, 0x04, 0x00, 0x00, 0x00, 0x00, 0x00, 
0x00, 0x00, 0x10, 0x07, 0x1A, 0x38, 0x10, 0x00, 0x00, 0x00, 0x00, 0x00, 0x00, 0x1F, 0x37, 0x08, 
0x75, 0xFF, 0xC5, 0x00, 0x00, 0x00, 0x00, 0x00, 0x0F, 0xF0, 0xFE, 0x25, 0x0D, 0xED, 0xFF, 0x40, 
0x00, 0x00, 0x00, 0x00, 0x7B, 0xFF, 0xA9, 0x00, 0x00, 0x7B, 0xFF, 0xBB, 0x00, 0x00, 0x00, 0x0A, 
0xEB, 0xFE, 0x2B, 0x00, 0x00, 0x0D, 0xED, 0xFF, 0x36, 0x00, 0x00, 0x71, 0xFF, 0xA9, 0x00, 0x00, 
0x00, 0x00, 0x7B, 0xFF, 0xB0, 0x00, 0x06, 0xE5, 0xFE, 0x2B, 0x00, 0x00, 0x00, 0x00, 0x0D, 0xED, 
0xFD, 0x24, 0x60, 0xFF, 0xA9, 0x00, 0x00, 0x00, 0x00, 0x00, 0x00, 0x7B, 0xFF, 0x94, 0xCE, 0xFE, 
0x2B, 0x00, 0x00, 0x00, 0x00, 0x00, 0x00, 0x0D, 0xED, 0xFB, 0xFF, 0xA9, 0x00, 0x00, 0x00, 0x00, 
0x00, 0x00, 0x00, 0x00, 0x7B, 0xFF, 0xFE, 0x2B, 0x00, 0x00, 0x00, 0x00, 0x00, 0x00, 0x00, 0x00, 
0x2C, 0xFF, 0xDC, 0x00, 0x00, 0x00, 0x00, 0x00, 0x00, 0x00, 0x00, 0x00, 0x2C, 0xFF, 0xDC, 0x00, 
0x00, 0x00, 0x00, 0x00, 0x00, 0x00, 0x00, 0x00, 0x2C, 0xFF, 0xDC, 0x00, 0x00, 0x00, 0x00, 0x00, 
0x00, 0x00, 0x00, 0x00, 0x2C, 0xFF, 0xDC, 0x00, 0x00, 0x00, 0x00, 0x00, 0x00, 0x00, 0x00, 0x00, 
0x2C, 0xFF, 0xDC, 0x00, 0x00, 0x00, 0x00, 0x00, 0x00, 0x00, 0x00, 0x00, 0x26, 0xFE, 0xD4, 0x00, 
0x00, 0x00, 0x00, 0x00, 0x00, 0x00, 0x00, 0x00, 0x00, 0x0B, 0x06, 0x00, 0x00, 0x00, 0x00, 0x00, 
0x00, 0x28, 0x2C, 0x2C, 0x2C, 0x2C, 0x2C, 0x2C, 0x2C, 0x28, 0x01, 0x1D, 0xFF, 0xFF, 0xFF, 0xFF, 
0xFF, 0xFF, 0xFF, 0xFF, 0xFF, 0x59, 0x08, 0x80, 0x84, 0x84, 0x84, 0x84, 0x84, 0x86, 0xF7, 0xFF, 
0x51, 0x00, 0x00, 0x00, 0x00, 0x00, 0x00, 0x00, 0x6D, 0xFF, 0xCC, 0x03, 0x00, 0x00, 0x00, 0x00, 
0x00, 0x00, 0x1D, 0xF3, 0xFB, 0x30, 0x00, 0x00, 0x00, 0x00, 0x00, 0x00, 0x00, 0xB4, 0xFF, 0x89, 
0x00, 0x00, 0x00, 0x00, 0x00, 0x00, 0x00, 0x58, 0xFF, 0xDC, 0x09, 0x00, 0x00, 0x00, 0x00, 0x00, 
0x00, 0x12, 0xE9, 0xFF, 0x43, 0x00, 0x00, 0x00, 0x00, 0x00, 0x00, 0x00, 0x9F, 0xFF, 0x9F, 0x00, 
0x00, 0x00, 0x00, 0x00, 0x00, 0x00, 0x43, 0xFF, 0xE9, 0x12, 0x00, 0x00, 0x00, 0x00, 0x00, 0x00, 
0x09, 0xDC, 0xFF, 0x58, 0x00, 0x00, 0x00, 0x00, 0x00, 0x00, 0x00, 0x8A, 0xFF, 0xB4, 0x00, 0x00, 
0x00, 0x00, 0x00, 0x00, 0x00, 0x31, 0xFB, 0xF3, 0x1E, 0x00, 0x00, 0x00, 0x00, 0x00, 0x00, 0x02, 
0xCC, 0xFF, 0x6D, 0x00, 0x00, 0x00, 0x00, 0x00, 0x00, 0x00, 0x42, 0xFF, 0xFE, 0xB6, 0xB4, 0xB4, 
0xB4, 0xB4, 0xB4, 0xB4, 0x6E, 0x33, 0xF9, 0xFF, 0xFF, 0xFF, 0xFF, 0xFF, 0xFF, 0xFF, 0xFF, 0xAA, 
0x30, 0x64, 0x64, 0x63, 0x14, 0xC0, 0xFF, 0xFF, 0xFF, 0x41, 0xC4, 0xFF, 0x17, 0x07, 0x00, 0xC4, 
0xFF, 0x10, 0x00, 0x00, 0xC4, 0xFF, 0x10, 0x00, 0x00, 0xC4, 0xFF, 0x10, 0x00, 0x00, 0xC4, 0xFF, 
0x10, 0x00, 0x00, 0xC4, 0xFF, 0x10, 0x00, 0x00, 0xC4, 0xFF, 0x10, 0x00, 0x00, 0xC4, 0xFF, 0x10, 
0x00, 0x00, 0xC4, 0xFF, 0x10, 0x00, 0x00, 0xC4, 0xFF, 0x10, 0x00, 0x00, 0xC4, 0xFF, 0x10, 0x00, 
0x00, 0xC4, 0xFF, 0x10, 0x00, 0x00, 0xC4, 0xFF, 0x10, 0x00, 0x00, 0xC4, 0xFF, 0x10, 0x00, 0x00, 
0xC4, 0xFF, 0x10, 0x00, 0x00, 0xC4, 0xFF, 0x10, 0x00, 0x00, 0xC4, 0xFF, 0x10, 0x00, 0x00, 0xC3, 
0xFF, 0xB1, 0xAB, 0x28, 0x75, 0xC0, 0xC0, 0xBF, 0x2D, 0x17, 0x1A, 0x00, 0x00, 0x00, 0x00, 0x00, 
0x00, 0x00, 0x00, 0xBF, 0xFF, 0x31, 0x00, 0x00, 0x00, 0x00, 0x00, 0x00, 0x00, 0x65, 0xFF, 0x8F, 
0x00, 0x00, 0x00, 0x00, 0x00, 0x00, 0x00, 0x10, 0xF8, 0xE8, 0x04, 0x00, 0x00, 0x00, 0x00, 0x00, 
0x00, 0x00, 0xAB, 0xFF, 0x4A, 0x00, 0x00, 0x00, 0x00, 0x00, 0x00, 0x00, 0x4E, 0xFF, 0xA8, 0x00, 
0x00, 0x00, 0x00, 0x00, 0x00, 0x00, 0x05, 0xEB, 0xF6, 0x0E, 0x00, 0x00, 0x00, 0x00, 0x00, 0x00, 
0x00, 0x93, 0xFF, 0x62, 0x00, 0x00, 0x00, 0x00, 0x00, 0x00, 0x00, 0x36, 0xFF, 0xC0, 0x00, 0x00, 
0x00, 0x00, 0x00, 0x00, 0x00, 0x00, 0xD8, 0xFE, 0x1F, 0x00, 0x00, 0x00, 0x00, 0x00, 0x00, 0x00, 
0x7C, 0xFF, 0x7B, 0x00, 0x00, 0x00, 0x00, 0x00, 0x00, 0x00, 0x20, 0xFE, 0xD8, 0x00, 0x00, 0x00, 
0x00, 0x00, 0x00, 0x00, 0x00, 0xC2, 0xFF, 0x36, 0x00, 0x00, 0x00, 0x00, 0x00, 0x00, 0x00, 0x65, 
0xFF, 0x93, 0x00, 0x00, 0x00, 0x00, 0x00, 0x00, 0x00, 0x0F, 0xF7, 0xEB, 0x05, 0x00, 0x00, 0x00, 
0x00, 0x00, 0x00, 0x00, 0xAA, 0xFF, 0x4E, 0x00, 0x00, 0x00, 0x00, 0x00, 0x00, 0x00, 0x4D, 0xFF, 
0xAB, 0x00, 0x00, 0x00, 0x00, 0x00, 0x00, 0x00, 0x05, 0xEB, 0xF8, 0x10, 0x00, 0x00, 0x00, 0x00, 
0x00, 0x00, 0x00, 0x93, 0xFF, 0x66, 0x00, 0x00, 0x00, 0x00, 0x00, 0x00, 0x00, 0x36, 0xFF, 0xC4, 
0x00, 0x00, 0x00, 0x00, 0x00, 0x00, 0x00, 0x00, 0xD7, 0xFF, 0x1F, 0x00, 0x00, 0x00, 0x00, 0x00, 
0x00, 0x00, 0x1A, 0x35, 0x06, 0x54, 0x64, 0x64, 0x53, 0x00, 0xE4, 0xFF, 0xFF, 0xFF, 0x1F, 0x05, 
0x08, 0xB2, 0xFF, 0x24, 0x00, 0x00, 0xB0, 0xFF, 0x24, 0x00, 0x00, 0xB0, 0xFF, 0x24, 0x00, 0x00, 
0xB0, 0xFF, 0x24, 0x00, 0x00, 0xB0, 0xFF, 0x24, 0x00, 0x00, 0xB0, 0xFF, 0x24, 0x00, 0x00, 0xB0, 
0xFF, 0x24, 0x00, 0x00, 0xB0, 0xFF, 0x24, 0x00, 0x00, 0xB0, 0xFF, 0x24, 0x00, 0x00, 0xB0, 0xFF, 
0x24, 0x00, 0x00, 0xB0, 0xFF, 0x24, 0x00, 0x00, 0xB0, 0xFF, 0x24, 0x00, 0x00, 0xB0, 0xFF, 0x24, 
0x00, 0x00, 0xB0, 0xFF, 0x24, 0x00, 0x00, 0xB0, 0xFF, 0x24, 0x00, 0x00, 0xB0, 0xFF, 0x24, 0x00, 
0x00, 0xB0, 0xFF, 0x24, 0x96, 0xAC, 0xE5, 0xFF, 0x23, 0xA6, 0xC0, 0xC0, 0xB1, 0x08, 0x00, 0x00, 
0x00, 0x07, 0x47, 0x3E, 0x00, 0x00, 0x00, 0x00, 0x00, 0x00, 0x00, 0x81, 0xFF, 0xFF, 0x52, 0x00, 
0x00, 0x00, 0x00, 0x00, 0x07, 0xE9, 0xE7, 0xFF, 0xC5, 0x00, 0x00, 0x00, 0x00, 0x00, 0x62, 0xFF, 
0x74, 0xBC, 0xFF, 0x37, 0x00, 0x00, 0x00, 0x00, 0xD2, 0xF9, 0x14, 0x50, 0xFF, 0xAA, 0x00, 0x00, 
0x00, 0x43, 0xFF, 0xA7, 0x00, 0x03, 0xE0, 0xFC, 0x20, 0x00, 0x00, 0xB3, 0xFF, 0x41, 0x00, 0x00, 
0x78, 0xFF, 0x90, 0x00, 0x24, 0xFD, 0xDA, 0x01, 0x00, 0x00, 0x14, 0xF8, 0xF3, 0x10, 0x90, 0xFF, 
0x75, 0x00, 0x00, 0x00, 0x00, 0xA0, 0xFF, 0x74, 0x3B, 0x55, 0x0A, 0x00, 0x00, 0x00, 0x00, 0x15, 
0x58, 0x32, 0x00, 0x3E, 0x48, 0x48, 0x48, 0x48, 0x48, 0x48, 0x48, 0x48, 0x48, 0x48, 0x39, 0x0A, 
0xFF, 0xFF, 0xFF, 0xFF, 0xFF, 0xFF, 0xFF, 0xFF, 0xFF, 0xFF, 0xFF, 0xF4, 0x00, 0x40, 0x48, 0x48, 
0x48, 0x48, 0x48, 0x48, 0x48, 0x48, 0x48, 0x48, 0x3A, 0x24, 0x6A, 0x2A, 0x00, 0x00, 0x1E, 0xEC, 
0xE5, 0x0E, 0x00, 0x00, 0x46, 0xFD, 0x93, 0x00, 0x00, 0x00, 0x7C, 0xFD, 0x33, 0x00, 0x00, 0x00, 
0x2F, 0x11, 0x00, 0x00, 0x0B, 0x40, 0x59, 0x4E, 0x19, 0x00, 0x00, 0x11, 0xA0, 0xF9, 0xFF, 0xFF, 
0xFF, 0xFC, 0x91, 0x00, 0x63, 0xF7, 0x9B, 0x53, 0x3D, 0x69, 0xEC, 0xFF, 0x57, 0x13, 0x19, 0x00, 
0x00, 0x00, 0x00, 0x67, 0xFF, 0x97, 0x00, 0x00, 0x00, 0x00, 0x00, 0x00, 0x37, 0xFF, 0xB5, 0x00, 
0x00, 0x17, 0x4F, 0x69, 0x7E, 0x98, 0xFF, 0xBC, 0x06, 0x98, 0xFC, 0xFF, 0xF8, 0xE8, 0xEC, 0xFF, 
0xBC, 0x88, 0xFF, 0xBE, 0x2B, 0x00, 0x00, 0x30, 0xFF, 0xBC, 0xDC, 0xFF, 0x26, 0x00, 0x00, 0x00, 
0x30, 0xFF, 0xBC, 0xDE, 0xFF, 0x31, 0x00, 0x00, 0x01, 0x8E, 0xFF, 0xBC, 0x89, 0xFF, 0xD6, 0x62, 
0x5C, 0xBC, 0xF5, 0xF9, 0xBC, 0x06, 0x99, 0xFC, 0xFF, 0xFF, 0xCB, 0x34, 0xE7, 0xB6, 0x00, 0x00, 
0x0B, 0x2D, 0x1F, 0x00, 0x00, 0x0A, 0x06, 0x08, 0x4D, 0x2D, 0x00, 0x00, 0x00, 0x00, 0x00, 0x00, 
0x00, 0x00, 0x33, 0xFF, 0xBB, 0x00, 0x00, 0x00, 0x00, 0x00, 0x00, 0x00, 0x00, 0x34, 0xFF, 0xBC, 
0x00, 0x00, 0x00, 0x00, 0x00, 0x00, 0x00, 0x00, 0x34, 0xFF, 0xBC, 0x00, 0x00, 0x00, 0x00, 0x00, 
0x00, 0x00, 0x00, 0x34, 0xFF, 0xBC, 0x00, 0x00, 0x00, 0x00, 0x00, 0x00, 0x00, 0x00, 0x34, 0xFF, 
0xBC, 0x00, 0x08, 0x47, 0x56, 0x2A, 0x00, 0x00, 0x00, 0x34, 0xFF, 0xBC, 0x4E, 0xE7, 0xFF, 0xFF, 
0xFF, 0xAD, 0x09, 0x00, 0x34, 0xFF, 0xEF, 0xFD, 0xB7, 0x5A, 0x6C, 0xEA, 0xFF, 0x99, 0x00, 0x34, 
0xFF, 0xFF, 0x85, 0x00, 0x00, 0x00, 0x3A, 0xFF, 0xFC, 0x15, 0x34, 0xFF, 0xCA, 0x00, 0x00, 0x00, 
0x00, 0x00, 0xD0, 0xFF, 0x4E, 0x34, 0xFF, 0xBC, 0x00, 0x00, 0x00, 0x00, 0x00, 0xA1, 0xFF, 0x69, 
0x34, 0xFF, 0xBC, 0x00, 0x00, 0x00, 0x00, 0x00, 0x91, 0xFF, 0x7A, 0x34, 0xFF, 0xBC, 0x00, 0x00, 
0x00, 0x00, 0x00, 0xA4, 0xFF, 0x6B, 0x34, 0xFF, 0xCF, 0x02, 0x00, 0x00, 0x00, 0x01, 0xDF, 0xFF, 
0x3F, 0x34, 0xFF, 0xFF, 0x9D, 0x04, 0x00, 0x00, 0x60, 0xFF, 0xE9, 0x04, 0x34, 0xFF, 0xD3, 0xFE, 
0xD1, 0x7D, 0x95, 0xFA, 0xFF, 0x60, 0x00, 0x2F, 0xFF, 0x7A, 0x50, 0xE7, 0xFF, 0xFF, 0xEC, 0x67, 
0x00, 0x00, 0x00, 0x0F, 0x02, 0x00, 0x04, 0x2B, 0x2A, 0x04, 0x00, 0x00, 0x00, 0x00, 0x00, 0x00, 
0x24, 0x51, 0x4E, 0x1C, 0x00, 0x00, 0x00, 0x18, 0xBA, 0xFF, 0xFF, 0xFF, 0xFE, 0xA5, 0x09, 0x07, 
0xD2, 0xFF, 0xB4, 0x53, 0x5D, 0xA8, 0xFE, 0x4D, 0x64, 0xFF, 0xC4, 0x01, 0x00, 0x00, 0x00, 0x42, 
0x1C, 0xB4, 0xFF, 0x58, 0x00, 0x00, 0x00, 0x00, 0x00, 0x00, 0xDE, 0xFF, 0x2C, 0x00, 0x00, 0x00, 
0x00, 0x00, 0x00, 0xEC, 0xFF, 0x1A, 0x00, 0x00, 0x00, 0x00, 0x00, 0x00, 0xE2, 0xFF, 0x2F, 0x00, 
0x00, 0x00, 0x00, 0x00, 0x00, 0xBC, 0xFF, 0x62, 0x00, 0x00, 0x00, 0x00, 0x00, 0x00, 0x6F, 0xFF, 
0xD4, 0x09, 0x00, 0x00, 0x02, 0x71, 0x3F, 0x09, 0xD8, 0xFF, 0xD9, 0x8D, 0x8A, 0xD4, 0xFF, 0x53, 
0x00, 0x1A, 0xB3, 0xFD, 0xFF, 0xFF, 0xE9, 0x77, 0x02, 0x00, 0x00, 0x00, 0x12, 0x31, 0x26, 0x02, 
0x00, 0x00, 0x00, 0x00, 0x00, 0x00, 0x00, 0x00, 0x00, 0x01, 0x3D, 0x29, 0x00, 0x00, 0x00, 0x00, 
0x00, 0x00, 0x00, 0x1B, 0xFF, 0xD3, 0x00, 0x00, 0x00, 0x00, 0x00, 0x00, 0x00, 0x1C, 0xFF, 0xD4, 
0x00, 0x00, 0x00, 0x00, 0x00, 0x00, 0x00, 0x1C, 0xFF, 0xD4, 0x00, 0x00, 0x00, 0x00, 0x00, 0x00, 
0x00, 0x1C, 0xFF, 0xD4, 0x00, 0x00, 0x01, 0x35, 0x58, 0x40, 0x03, 0x1C, 0xFF, 0xD4, 0x00, 0x20, 
0xCC, 0xFF, 0xFF, 0xFF, 0xD8, 0x4C, 0xFF, 0xD4, 0x05, 0xD5, 0xFF, 0xC2, 0x59, 0x6E, 0xE0, 0xF9, 
0xFF, 0xD4, 0x5B, 0xFF, 0xD1, 0x09, 0x00, 0x00, 0x12, 0xC8, 0xFF, 0xD4, 0xA7, 0xFF, 0x66, 0x00, 
0x00, 0x00, 0x00, 0x25, 0xFF, 0xD4, 0xCF, 0xFF, 0x34, 0x00, 0x00, 0x00, 0x00, 0x1C, 0xFF, 0xD4, 
0xDB, 0xFF, 0x25, 0x00, 0x00, 0x00, 0x00, 0x1C, 0xFF, 0xD4, 0xC7, 0xFF, 0x37, 0x00, 0x00, 0x00, 
0x00, 0x1C, 0xFF, 0xD4, 0xA9, 0xFF, 0x6E, 0x00, 0x00, 0x00, 0x00, 0x39, 0xFF, 0xD4, 0x66, 0xFF, 
0xD6, 0x0D, 0x00, 0x00, 0x29, 0xE4, 0xFF, 0xD4, 0x08, 0xDC, 0xFF, 0xCE, 0x79, 0x93, 0xF4, 0xD2, 
0xEE, 0xD4, 0x00, 0x22, 0xC3, 0xFF, 0xFF, 0xFA, 0x9D, 0x0F, 0xDE, 0xCE, 0x00, 0x00, 0x00, 0x1B, 
0x30, 0x10, 0x00, 0x00, 0x09, 0x08, 0x00, 0x00, 0x00, 0x1B, 0x50, 0x57, 0x32, 0x01, 0x00, 0x00, 
0x00, 0x0C, 0xA3, 0xFE, 0xFF, 0xFF, 0xFF, 0xD1, 0x2A, 0x00, 0x01, 0xBC, 0xFF, 0xAC, 0x38, 0x37, 
0x89, 0xFD, 0xE5, 0x10, 0x53, 0xFF, 0xB6, 0x00, 0x00, 0x00, 0x00, 0x94, 0xFF, 0x72, 0xAA, 0xFF, 
0x4A, 0x00, 0x00, 0x00, 0x00, 0x41, 0xFF, 0xB1, 0xD6, 0xFF, 0xA8, 0x98, 0x98, 0x98, 0x98, 0xAA, 
0xFF, 0xC8, 0xE4, 0xFF, 0xD6, 0xD0, 0xD0, 0xD0, 0xD0, 0xD0, 0xD0, 0x81, 0xD7, 0xFF, 0x32, 0x00, 
0x00, 0x00, 0x00, 0x00, 0x00, 0x00, 0xAE, 0xFF, 0x5F, 0x00, 0x00, 0x00, 0x00, 0x00, 0x00, 0x00, 
0x5B, 0xFF, 0xD6, 0x10, 0x00, 0x00, 0x00, 0x00, 0x07, 0x06, 0x03, 0xBE, 0xFF, 0xE0, 0x77, 0x5D, 
0x6E, 0xA2, 0xF0, 0x53, 0x00, 0x0A, 0x90, 0xF2, 0xFF, 0xFF, 0xFF, 0xF1, 0xA9, 0x19, 0x00, 0x00, 
0x00, 0x04, 0x27, 0x33, 0x20, 0x02, 0x00, 0x00, 0x00, 0x00, 0x00, 0x00, 0x33, 0x5C, 0x4C, 0x08, 
0x00, 0x00, 0x04, 0xB9, 0xFF, 0xFF, 0xFF, 0x86, 0x00, 0x00, 0x5C, 0xFF, 0xD4, 0x45, 0x4D, 0x43, 
0x00, 0x00, 0x9B, 0xFF, 0x5F, 0x00, 0x00, 0x00, 0x00, 0x00, 0xB0, 0xFF, 0x44, 0x00, 0x00, 0x00, 
0x0C, 0x24, 0xBE, 0xFF, 0x5B, 0x24, 0x1B, 0x00, 0x88, 0xFF, 0xFF, 0xFF, 0xFF, 0xFF, 0xF1, 0x00, 
0x31, 0x74, 0xD6, 0xFF, 0x97, 0x74, 0x60, 0x00, 0x00, 0x00, 0xB4, 0xFF, 0x40, 0x00, 0x00, 0x00, 
0x00, 0x00, 0xB4, 0xFF, 0x40, 0x00, 0x00, 0x00, 0x00, 0x00, 0xB4, 0xFF, 0x40, 0x00, 0x00, 0x00, 
0x00, 0x00, 0xB4, 0xFF, 0x40, 0x00, 0x00, 0x00, 0x00, 0x00, 0xB4, 0xFF, 0x40, 0x00, 0x00, 0x00, 
0x00, 0x00, 0xB4, 0xFF, 0x40, 0x00, 0x00, 0x00, 0x00, 0x00, 0xB4, 0xFF, 0x40, 0x00, 0x00, 0x00, 
0x00, 0x00, 0xB4, 0xFF, 0x40, 0x00, 0x00, 0x00, 0x00, 0x00, 0xAE, 0xFF, 0x39, 0x00, 0x00, 0x00, 
0x00, 0x00, 0x05, 0x0F, 0x00, 0x00, 0x00, 0x00, 0x00, 0x00, 0x00, 0x0A, 0x41, 0x52, 0x3A, 0x24, 
0x24, 0x24, 0x0B, 0x00, 0x00, 0x55, 0xE8, 0xFF, 0xFF, 0xFF, 0xFF, 0xFF, 0xFF, 0x8E, 0x00, 0x32, 
0xFA, 0xE1, 0x4F, 0x2C, 0x70, 0xFB, 0xED, 0x68, 0x2E, 0x00, 0x9E, 0xFF, 0x4D, 0x00, 0x00, 0x00, 
0x9D, 0xFF, 0x43, 0x00, 0x00, 0xB8, 0xFF, 0x21, 0x00, 0x00, 0x00, 0x76, 0xFF, 0x68, 0x00, 0x00, 
0x96, 0xFF, 0x55, 0x00, 0x00, 0x00, 0xB0, 0xFF, 0x48, 0x00, 0x00, 0x2A, 0xFF, 0xEC, 0x73, 0x53, 
0x99, 0xFF, 0xC8, 0x04, 0x00, 0x00, 0x76, 0xFF, 0xCA, 0xFF, 0xFF, 0xFF, 0xAF, 0x1B, 0x00, 0x00, 
0x00, 0xE6, 0xD0, 0x00, 0x19, 0x2D, 0x0C, 0x00, 0x00, 0x00, 0x00, 0x00, 0xE5, 0xF8, 0x74, 0x4B, 
0x3F, 0x34, 0x17, 0x00, 0x00, 0x00, 0x00, 0x4A, 0xFB, 0xFF, 0xFF, 0xFF, 0xFF, 0xFF, 0xDD, 0x53, 
0x00, 0x00, 0x96, 0xFF, 0x81, 0x43, 0x4B, 0x57, 0x88, 0xF7, 0xFB, 0x33, 0x30, 0xFF, 0xB4, 0x00, 
0x00, 0x00, 0x00, 0x00, 0x86, 0xFF, 0x74, 0x54, 0xFF, 0x99, 0x00, 0x00, 0x00, 0x00, 0x00, 0xA8, 
0xFF, 0x58, 0x1E, 0xFA, 0xFB, 0x8B, 0x48, 0x37, 0x4A, 0xA3, 0xFF, 0xD6, 0x08, 0x00, 0x4A, 0xD6, 
0xFF, 0xFF, 0xFF, 0xFF, 0xFA, 0xA4, 0x17, 0x00, 0x00, 0x00, 0x00, 0x1D, 0x3D, 0x44, 0x34, 0x0B, 
0x00, 0x00, 0x00, 0x08, 0x4D, 0x2D, 0x00, 0x00, 0x00, 0x00, 0x00, 0x00, 0x00, 0x33, 0xFF, 0xBB, 
0x00, 0x00, 0x00, 0x00, 0x00, 0x00, 0x00, 0x34, 0xFF, 0xBC, 0x00, 0x00, 0x00, 0x00, 0x00, 0x00, 
0x00, 0x34, 0xFF, 0xBC, 0x00, 0x00, 0x00, 0x00, 0x00, 0x00, 0x00, 0x34, 0xFF, 0xBC, 0x00, 0x00, 
0x00, 0x00, 0x00, 0x00, 0x00, 0x34, 0xFF, 0xBC, 0x00, 0x09, 0x49, 0x55, 0x24, 0x00, 0x00, 0x34, 
0xFF, 0xBC, 0x52, 0xEA, 0xFF, 0xFF, 0xFF, 0x8F, 0x00, 0x34, 0xFF, 0xEF, 0xFE, 0xB4, 0x5E, 0x85, 
0xFA, 0xFF, 0x56, 0x34, 0xFF, 0xFF, 0x81, 0x00, 0x00, 0x00, 0x76, 0xFF, 0xB0, 0x34, 0xFF, 0xC8, 
0x00, 0x00, 0x00, 0x00, 0x23, 0xFF, 0xD5, 0x34, 0xFF, 0xBC, 0x00, 0x00, 0x00, 0x00, 0x11, 0xFF, 
0xDF, 0x34, 0xFF, 0xBC, 0x00, 0x00, 0x00, 0x00, 0x10, 0xFF, 0xE0, 0x34, 0xFF, 0xBC, 0x00, 0x00, 
0x00, 0x00, 0x10, 0xFF, 0xE0, 0x34, 0xFF, 0xBC, 0x00, 0x00, 0x00, 0x00, 0x10, 0xFF, 0xE0, 0x34, 
0xFF, 0xBC, 0x00, 0x00, 0x00, 0x00, 0x10, 0xFF, 0xE0, 0x34, 0xFF, 0xBC, 0x00, 0x00, 0x00, 0x00, 
0x10, 0xFF, 0xE0, 0x2F, 0xFF, 0xB6, 0x00, 0x00, 0x00, 0x00, 0x0C, 0xFD, 0xDA, 0x00, 0x0F, 0x05, 
0x00, 0x00, 0x00, 0x00, 0x00, 0x0C, 0x08, 0x16, 0x81, 0x57, 0x68, 0xFF, 0xEC, 0x2D, 0xBA, 0x88, 
0x00, 0x00, 0x00, 0x02, 0x2D, 0x17, 0x33, 0xFF, 0xBA, 0x34, 0xFF, 0xBC, 0x34, 0xFF, 0xBC, 0x34, 
0xFF, 0xBC, 0x34, 0xFF, 0xBC, 0x34, 0xFF, 0xBC, 0x34, 0xFF, 0xBC, 0x34, 0xFF, 0xBC, 0x34, 0xFF, 
0xBC, 0x34, 0xFF, 0xBC, 0x2F, 0xFF, 0xB6, 0x00, 0x0F, 0x05, 0x00, 0x00, 0x03, 0x75, 0x74, 0x01, 
0x00, 0x00, 0x2C, 0xFF, 0xFF, 0x24, 0x00, 0x00, 0x0C, 0xB0, 0xAA, 0x07, 0x00, 0x00, 0x00, 0x00, 
0x00, 0x00, 0x00, 0x00, 0x00, 0x24, 0x22, 0x00, 0x00, 0x00, 0x00, 0xFE, 0xF2, 0x00, 0x00, 0x00, 
0x00, 0xFF, 0xF4, 0x00, 0x00, 0x00, 0x00, 0xFF, 0xF4, 0x00, 0x00, 0x00, 0x00, 0xFF, 0xF4, 0x00, 
0x00, 0x00, 0x00, 0xFF, 0xF4, 0x00, 0x00, 0x00, 0x00, 0xFF, 0xF4, 0x00, 0x00, 0x00, 0x00, 0xFF, 
0xF4, 0x00, 0x00, 0x00, 0x00, 0xFF, 0xF4, 0x00, 0x00, 0x00, 0x00, 0xFF, 0xF4, 0x00, 0x00, 0x00, 
0x00, 0xFF, 0xF4, 0x00, 0x00, 0x00, 0x00, 0xFF, 0xF4, 0x00, 0x00, 0x00, 0x02, 0xFF, 0xEF, 0x00, 
0x00, 0x00, 0x21, 0xFF, 0xDB, 0x00, 0x2E, 0x66, 0xBE, 0xFF, 0x93, 0x00, 0x7C, 0xFF, 0xFF, 0xCF, 
0x1A, 0x00, 0x0B, 0x3F, 0x2A, 0x03, 0x00, 0x00, 0x08, 0x4D, 0x2D, 0x00, 0x00, 0x00, 0x00, 0x00, 
0x00, 0x00, 0x33, 0xFF, 0xBB, 0x00, 0x00, 0x00, 0x00, 0x00, 0x00, 0x00, 0x34, 0xFF, 0xBC, 0x00, 
0x00, 0x00, 0x00, 0x00, 0x00, 0x00, 0x34, 0xFF, 0xBC, 0x00, 0x00, 0x00, 0x00, 0x00, 0x00, 0x00, 
0x34, 0xFF, 0xBC, 0x00, 0x00, 0x00, 0x00, 0x00, 0x00, 0x00, 0x34, 0xFF, 0xBC, 0x00, 0x00, 0x00, 
0x00, 0x28, 0x27, 0x00, 0x34, 0xFF, 0xBC, 0x00, 0x00, 0x00, 0x8C, 0xFF, 0xD5, 0x00, 0x34, 0xFF, 
0xBC, 0x00, 0x00, 0x76, 0xFF, 0xDA, 0x1A, 0x00, 0x34, 0xFF, 0xBC, 0x00, 0x5E, 0xFE, 0xDA, 0x1A, 
0x00, 0x00, 0x34, 0xFF, 0xBC, 0x4A, 0xFB, 0xDB, 0x1B, 0x00, 0x00, 0x00, 0x34, 0xFF, 0xDF, 0xF5, 
0xFC, 0x23, 0x00, 0x00, 0x00, 0x00, 0x34, 0xFF, 0xC0, 0xC2, 0xFF, 0x99, 0x00, 0x00, 0x00, 0x00, 
0x34, 0xFF, 0xBC, 0x1A, 0xE9, 0xFF, 0x5E, 0x00, 0x00, 0x00, 0x34, 0xFF, 0xBC, 0x00, 0x43, 0xFD, 
0xF5, 0x2D, 0x00, 0x00, 0x34, 0xFF, 0xBC, 0x00, 0x00, 0x7C, 0xFF, 0xDA, 0x0E, 0x00, 0x34, 0xFF, 
0xBC, 0x00, 0x00, 0x01, 0xB7, 0xFF, 0xAC, 0x00, 0x2F, 0xFF, 0xB6, 0x00, 0x00, 0x00, 0x13, 0xDF, 
0xFF, 0x51, 0x00, 0x0F, 0x05, 0x00, 0x00, 0x00, 0x00, 0x04, 0x12, 0x01, 0x08, 0x4D, 0x2D, 0x33, 
0xFF, 0xBB, 0x34, 0xFF, 0xBC, 0x34, 0xFF, 0xBC, 0x34, 0xFF, 0xBC, 0x34, 0xFF, 0xBC, 0x34, 0xFF, 
0xBC, 0x34, 0xFF, 0xBC, 0x34, 0xFF, 0xBC, 0x34, 0xFF, 0xBC, 0x34, 0xFF, 0xBC, 0x34, 0xFF, 0xBC, 
0x34, 0xFF, 0xBC, 0x34, 0xFF, 0xBC, 0x34, 0xFF, 0xBC, 0x34, 0xFF, 0xBC, 0x2F, 0xFF, 0xB6, 0x00, 
0x0F, 0x05, 0x02, 0x2F, 0x10, 0x00, 0x0D, 0x4F, 0x4D, 0x14, 0x00, 0x00, 0x00, 0x14, 0x52, 0x4D, 
0x0E, 0x00, 0x00, 0x33, 0xFF, 0x8A, 0x58, 0xF0, 0xFF, 0xFF, 0xF5, 0x5A, 0x00, 0x73, 0xF7, 0xFF, 
0xFF, 0xEE, 0x41, 0x00, 0x34, 0xFF, 0xDA, 0xFE, 0xAB, 0x5E, 0xA1, 0xFF, 0xF6, 0xA0, 0xFE, 0x97, 
0x5E, 0xB5, 0xFF, 0xE7, 0x07, 0x34, 0xFF, 0xFF, 0x7D, 0x00, 0x00, 0x00, 0xBB, 0xFF, 0xFD, 0x5A, 
0x00, 0x00, 0x02, 0xDA, 0xFF, 0x40, 0x34, 0xFF, 0xC8, 0x00, 0x00, 0x00, 0x00, 0x6F, 0xFF, 0xA0, 
0x00, 0x00, 0x00, 0x00, 0x95, 0xFF, 0x60, 0x34, 0xFF, 0xBC, 0x00, 0x00, 0x00, 0x00, 0x59, 0xFF, 
0x94, 0x00, 0x00, 0x00, 0x00, 0x81, 0xFF, 0x6F, 0x34, 0xFF, 0xBC, 0x00, 0x00, 0x00, 0x00, 0x58, 
0xFF, 0x94, 0x00, 0x00, 0x00, 0x00, 0x80, 0xFF, 0x70, 0x34, 0xFF, 0xBC, 0x00, 0x00, 0x00, 0x00, 
0x58, 0xFF, 0x94, 0x00, 0x00, 0x00, 0x00, 0x80, 0xFF, 0x70, 0x34, 0xFF, 0xBC, 0x00, 0x00, 0x00, 
0x00, 0x58, 0xFF, 0x94, 0x00, 0x00, 0x00, 0x00, 0x80, 0xFF, 0x70, 0x34, 0xFF, 0xBC, 0x00, 0x00, 
0x00, 0x00, 0x58, 0xFF, 0x94, 0x00, 0x00, 0x00, 0x00, 0x80, 0xFF, 0x70, 0x34, 0xFF, 0xBC, 0x00, 
0x00, 0x00, 0x00, 0x58, 0xFF, 0x94, 0x00, 0x00, 0x00, 0x00, 0x80, 0xFF, 0x70, 0x2F, 0xFF, 0xB6, 
0x00, 0x00, 0x00, 0x00, 0x53, 0xFF, 0x8E, 0x00, 0x00, 0x00, 0x00, 0x7A, 0xFF, 0x6A, 0x00, 0x0F, 
0x05, 0x00, 0x00, 0x00, 0x00, 0x00, 0x11, 0x03, 0x00, 0x00, 0x00, 0x00, 0x02, 0x11, 0x01, 0x02, 
0x2F, 0x10, 0x00, 0x0A, 0x4A, 0x55, 0x24, 0x00, 0x00, 0x33, 0xFF, 0x8A, 0x55, 0xED, 0xFF, 0xFF, 
0xFF, 0x8F, 0x00, 0x34, 0xFF, 0xD9, 0xFE, 0xB4, 0x5E, 0x85, 0xFA, 0xFF, 0x56, 0x34, 0xFF, 0xFF, 
0x81, 0x00, 0x00, 0x00, 0x76, 0xFF, 0xB0, 0x34, 0xFF, 0xC8, 0x00, 0x00, 0x00, 0x00, 0x23, 0xFF, 
0xD5, 0x34, 0xFF, 0xBC, 0x00, 0x00, 0x00, 0x00, 0x11, 0xFF, 0xDF, 0x34, 0xFF, 0xBC, 0x00, 0x00, 
0x00, 0x00, 0x10, 0xFF, 0xE0, 0x34, 0xFF, 0xBC, 0x00, 0x00, 0x00, 0x00, 0x10, 0xFF, 0xE0, 0x34, 
0xFF, 0xBC, 0x00, 0x00, 0x00, 0x00, 0x10, 0xFF, 0xE0, 0x34, 0xFF, 0xBC, 0x00, 0x00, 0x00, 0x00, 
0x10, 0xFF, 0xE0, 0x34, 0xFF, 0xBC, 0x00, 0x00, 0x00, 0x00, 0x10, 0xFF, 0xE0, 0x2F, 0xFF, 0xB6, 
0x00, 0x00, 0x00, 0x00, 0x0C, 0xFD, 0xDA, 0x00, 0x0F, 0x05, 0x00, 0x00, 0x00, 0x00, 0x00, 0x0C, 
0x08, 0x00, 0x00, 0x00, 0x13, 0x4A, 0x5A, 0x46, 0x0E, 0x00, 0x00, 0x00, 0x00, 0x0A, 0x9A, 0xFC, 
0xFF, 0xFF, 0xFF, 0xF8, 0x86, 0x02, 0x00, 0x01, 0xBC, 0xFF, 0xCC, 0x5F, 0x47, 0x74, 0xEC, 0xFF, 
0x8E, 0x00, 0x56, 0xFF, 0xD5, 0x08, 0x00, 0x00, 0x00, 0x2F, 0xFE, 0xFC, 0x1C, 0xAE, 0xFF, 0x62, 
0x00, 0x00, 0x00, 0x00, 0x00, 0xBA, 0xFF, 0x67, 0xDD, 0xFF, 0x2D, 0x00, 0x00, 0x00, 0x00, 0x00, 
0x87, 0xFF, 0x8D, 0xEC, 0xFF, 0x1A, 0x00, 0x00, 0x00, 0x00, 0x00, 0x77, 0xFF, 0x96, 0xE0, 0xFF, 
0x2E, 0x00, 0x00, 0x00, 0x00, 0x00, 0x8F, 0xFF, 0x82, 0xB6, 0xFF, 0x6B, 0x00, 0x00, 0x00, 0x00, 
0x00, 0xCB, 0xFF, 0x4C, 0x63, 0xFF, 0xDD, 0x18, 0x00, 0x00, 0x00, 0x5D, 0xFF, 0xE3, 0x05, 0x04, 
0xC8, 0xFF, 0xE2, 0x82, 0x6E, 0xA1, 0xFE, 0xF9, 0x46, 0x00, 0x00, 0x0E, 0x9B, 0xF6, 0xFF, 0xFF, 
0xFE, 0xC6, 0x3B, 0x00, 0x00, 0x00, 0x00, 0x00, 0x07, 0x2A, 0x30, 0x14, 0x00, 0x00, 0x00, 0x00, 
0x03, 0x2F, 0x0F, 0x00, 0x07, 0x46, 0x57, 0x2C, 0x00, 0x00, 0x00, 0x33, 0xFF, 0x7F, 0x52, 0xE8, 
0xFF, 0xFF, 0xFF, 0xB3, 0x0A, 0x00, 0x34, 0xFF, 0xD4, 0xFE, 0xB9, 0x5A, 0x6A, 0xE8, 0xFF, 0x9C, 
0x00, 0x34, 0xFF, 0xFF, 0x85, 0x00, 0x00, 0x00, 0x38, 0xFF, 0xFC, 0x16, 0x34, 0xFF, 0xCA, 0x00, 
0x00, 0x00, 0x00, 0x00, 0xCF, 0xFF, 0x4E, 0x34, 0xFF, 0xBC, 0x00, 0x00, 0x00, 0x00, 0x00, 0xA1, 
0xFF, 0x6A, 0x34, 0xFF, 0xBC, 0x00, 0x00, 0x00, 0x00, 0x00, 0x92, 0xFF, 0x7A, 0x34, 0xFF, 0xBC, 
0x00, 0x00, 0x00, 0x00, 0x00, 0xA7, 0xFF, 0x6A, 0x34, 0xFF, 0xD0, 0x02, 0x00, 0x00, 0x00, 0x01, 
0xE2, 0xFF, 0x3F, 0x34, 0xFF, 0xFF, 0x9D, 0x03, 0x00, 0x00, 0x64, 0xFF, 0xE8, 0x04, 0x34, 0xFF, 
0xED, 0xFD, 0xCF, 0x7C, 0x96, 0xFB, 0xFF, 0x5D, 0x00, 0x34, 0xFF, 0xBC, 0x4C, 0xE5, 0xFF, 0xFF, 
0xEB, 0x63, 0x00, 0x00, 0x34, 0xFF, 0xBC, 0x00, 0x04, 0x2C, 0x2A, 0x04, 0x00, 0x00, 0x00, 0x34, 
0xFF, 0xBC, 0x00, 0x00, 0x00, 0x00, 0x00, 0x00, 0x00, 0x00, 0x34, 0xFF, 0xBC, 0x00, 0x00, 0x00, 
0x00, 0x00, 0x00, 0x00, 0x00, 0x33, 0xFF, 0xBB, 0x00, 0x00, 0x00, 0x00, 0x00, 0x00, 0x00, 0x00, 
0x05, 0x3F, 0x24, 0x00, 0x00, 0x00, 0x00, 0x00, 0x00, 0x00, 0x00, 0x00, 0x00, 0x00, 0x34, 0x58, 
0x3F, 0x03, 0x00, 0x23, 0x1F, 0x00, 0x1E, 0xCA, 0xFF, 0xFF, 0xFF, 0xD5, 0x2B, 0xE3, 0xD3, 0x05, 
0xD2, 0xFF, 0xC2, 0x59, 0x6E, 0xE0, 0xEF, 0xF5, 0xD4, 0x5B, 0xFF, 0xD1, 0x09, 0x00, 0x00, 0x12, 
0xC8, 0xFF, 0xD4, 0xA7, 0xFF, 0x66, 0x00, 0x00, 0x00, 0x00, 0x25, 0xFF, 0xD4, 0xCF, 0xFF, 0x34, 
0x00, 0x00, 0x00, 0x00, 0x1C, 0xFF, 0xD4, 0xDB, 0xFF, 0x25, 0x00, 0x00, 0x00, 0x00, 0x1C, 0xFF, 
0xD4, 0xC7, 0xFF, 0x37, 0x00, 0x00, 0x00, 0x00, 0x1C, 0xFF, 0xD4, 0xA9, 0xFF, 0x6D, 0x00, 0x00, 
0x00, 0x00, 0x39, 0xFF, 0xD4, 0x66, 0xFF, 0xD5, 0x0C, 0x00, 0x00, 0x29, 0xE4, 0xFF, 0xD4, 0x08, 
0xDC, 0xFF, 0xCE, 0x79, 0x93, 0xF4, 0xDA, 0xFF, 0xD4, 0x00, 0x22, 0xC4, 0xFF, 0xFF, 0xFA, 0x99, 
0x27, 0xFF, 0xD4, 0x00, 0x00, 0x00, 0x1C, 0x31, 0x11, 0x00, 0x1C, 0xFF, 0xD4, 0x00, 0x00, 0x00, 
0x00, 0x00, 0x00, 0x00, 0x1C, 0xFF, 0xD4, 0x00, 0x00, 0x00, 0x00, 0x00, 0x00, 0x00, 0x1C, 0xFF, 
0xD4, 0x00, 0x00, 0x00, 0x00, 0x00, 0x00, 0x00, 0x1B, 0xFF, 0xD3, 0x00, 0x00, 0x00, 0x00, 0x00, 
0x00, 0x00, 0x01, 0x3C, 0x29, 0x02, 0x2F, 0x10, 0x00, 0x27, 0x58, 0x2A, 0x33, 0xFF, 0x8A, 0x70, 
0xFD, 0xFF, 0xEF, 0x34, 0xFF, 0xD1, 0xFE, 0xBC, 0x7E, 0xA1, 0x34, 0xFF, 0xFF, 0xA5, 0x01, 0x00, 
0x00, 0x34, 0xFF, 0xE2, 0x0C, 0x00, 0x00, 0x00, 0x34, 0xFF, 0xBC, 0x00, 0x00, 0x00, 0x00, 0x34, 
0xFF, 0xBC, 0x00, 0x00, 0x00, 0x00, 0x34, 0xFF, 0xBC, 0x00, 0x00, 0x00, 0x00, 0x34, 0xFF, 0xBC, 
0x00, 0x00, 0x00, 0x00, 0x34, 0xFF, 0xBC, 0x00, 0x00, 0x00, 0x00, 0x34, 0xFF, 0xBC, 0x00, 0x00, 
0x00, 0x00, 0x2F, 0xFF, 0xB6, 0x00, 0x00, 0x00, 0x00, 0x00, 0x0F, 0x05, 0x00, 0x00, 0x00, 0x00, 
0x00, 0x00, 0x00, 0x21, 0x55, 0x54, 0x26, 0x00, 0x00, 0x00, 0x03, 0x98, 0xFD, 0xFF, 0xFF, 0xFF, 
0xA2, 0x00, 0x00, 0x75, 0xFF, 0xAD, 0x34, 0x31, 0x75, 0xB5, 0x00, 0x00, 0xBC, 0xFF, 0x1F, 0x00, 
0x00, 0x00, 0x00, 0x00, 0x00, 0xA7, 0xFF, 0x74, 0x00, 0x00, 0x00, 0x00, 0x00, 0x00, 0x36, 0xF9, 
0xFF, 0xBC, 0x4F, 0x02, 0x00, 0x00, 0x00, 0x00, 0x31, 0xBD, 0xFF, 0xFF, 0xDB, 0x3A, 0x00, 0x00, 
0x00, 0x00, 0x00, 0x28, 0xA4, 0xFF, 0xF0, 0x18, 0x00, 0x00, 0x00, 0x00, 0x00, 0x00, 0xAD, 0xFF, 
0x59, 0x00, 0x30, 0x00, 0x00, 0x00, 0x00, 0xA1, 0xFF, 0x55, 0x07, 0xFF, 0xBF, 0x70, 0x5B, 0x91, 
0xFD, 0xDD, 0x0D, 0x00, 0x89, 0xF2, 0xFF, 0xFF, 0xFF, 0xBB, 0x27, 0x00, 0x00, 0x00, 0x04, 0x28, 
0x2E, 0x0F, 0x00, 0x00, 0x00, 0x00, 0x00, 0x00, 0x03, 0x00, 0x00, 0x00, 0x00, 0x00, 0x00, 0xB5, 
0xFC, 0x27, 0x00, 0x00, 0x00, 0x00, 0x00, 0xC0, 0xFF, 0x30, 0x00, 0x00, 0x00, 0x0D, 0x24, 0xC9, 
0xFF, 0x4D, 0x24, 0x23, 0x02, 0x92, 0xFF, 0xFF, 0xFF, 0xFF, 0xFF, 0xFF, 0x3D, 0x36, 0x74, 0xDD, 
0xFF, 0x8E, 0x74, 0x73, 0x0F, 0x00, 0x00, 0xC0, 0xFF, 0x30, 0x00, 0x00, 0x00, 0x00, 0x00, 0xC0, 
0xFF, 0x30, 0x00, 0x00, 0x00, 0x00, 0x00, 0xC0, 0xFF, 0x30, 0x00, 0x00, 0x00, 0x00, 0x00, 0xC0, 
0xFF, 0x30, 0x00, 0x00, 0x00, 0x00, 0x00, 0xC0, 0xFF, 0x30, 0x00, 0x00, 0x00, 0x00, 0x00, 0xBE, 
0xFF, 0x34, 0x00, 0x00, 0x00, 0x00, 0x00, 0xA8, 0xFF, 0x57, 0x00, 0x00, 0x00, 0x00, 0x00, 0x6E, 
0xFF, 0xE3, 0x7F, 0x9D, 0x2E, 0x00, 0x00, 0x09, 0xB1, 0xFF, 0xFF, 0xF9, 0x2B, 0x00, 0x00, 0x00, 
0x00, 0x13, 0x2E, 0x0D, 0x00, 0x04, 0x2F, 0x16, 0x00, 0x00, 0x00, 0x00, 0x00, 0x2C, 0x1C, 0x43, 
0xFF, 0xAE, 0x00, 0x00, 0x00, 0x00, 0x1B, 0xFF, 0xD2, 0x44, 0xFF, 0xB0, 0x00, 0x00, 0x00, 0x00, 
0x1C, 0xFF, 0xD4, 0x44, 0xFF, 0xB0, 0x00, 0x00, 0x00, 0x00, 0x1C, 0xFF, 0xD4, 0x44, 0xFF, 0xB0, 
0x00, 0x00, 0x00, 0x00, 0x1C, 0xFF, 0xD4, 0x44, 0xFF, 0xB0, 0x00, 0x00, 0x00, 0x00, 0x1C, 0xFF, 
0xD4, 0x44, 0xFF, 0xB0, 0x00, 0x00, 0x00, 0x00, 0x1C, 0xFF, 0xD4, 0x43, 0xFF, 0xB2, 0x00, 0x00, 
0x00, 0x00, 0x1C, 0xFF, 0xD4, 0x37, 0xFF, 0xC7, 0x00, 0x00, 0x00, 0x00, 0x35, 0xFF, 0xD4, 0x11, 
0xFA, 0xFD, 0x27, 0x00, 0x00, 0x25, 0xE0, 0xFF, 0xD4, 0x00, 0xA1, 0xFF, 0xE7, 0x87, 0x90, 0xF2, 
0xCE, 0xF3, 0xD4, 0x00, 0x11, 0xB6, 0xFF, 0xFF, 0xFA, 0x9C, 0x0E, 0xE7, 0xCE, 0x00, 0x00, 0x00, 
0x19, 0x31, 0x11, 0x00, 0x00, 0x0A, 0x08, 0x14, 0x31, 0x0A, 0x00, 0x00, 0x00, 0x00, 0x00, 0x0D, 
0x31, 0x0D, 0x81, 0xFF, 0x93, 0x00, 0x00, 0x00, 0x00, 0x00, 0xA4, 0xFF, 0x5B, 0x2B, 0xFF, 0xE9, 
0x03, 0x00, 0x00, 0x00, 0x08, 0xF2, 0xF7, 0x0F, 0x00, 0xD0, 0xFF, 0x44, 0x00, 0x00, 0x00, 0x52, 
0xFF, 0xAB, 0x00, 0x00, 0x74, 0xFF, 0x9C, 0x00, 0x00, 0x00, 0xA8, 0xFF, 0x4F, 0x00, 0x00, 0x1A, 
0xFD, 0xEE, 0x05, 0x00, 0x0A, 0xF4, 0xED, 0x06, 0x00, 0x00, 0x00, 0xBD, 0xFF, 0x4C, 0x00, 0x55, 
0xFF, 0x98, 0x00, 0x00, 0x00, 0x00, 0x61, 0xFF, 0xA4, 0x00, 0xAC, 0xFF, 0x3C, 0x00, 0x00, 0x00, 
0x00, 0x0E, 0xF6, 0xF2, 0x15, 0xF6, 0xDF, 0x01, 0x00, 0x00, 0x00, 0x00, 0x00, 0xA9, 0xFF, 0xAC, 
0xFF, 0x84, 0x00, 0x00, 0x00, 0x00, 0x00, 0x00, 0x4D, 0xFF, 0xFF, 0xFF, 0x28, 0x00, 0x00, 0x00, 
0x00, 0x00, 0x00, 0x05, 0xE4, 0xFF, 0xC5, 0x00, 0x00, 0x00, 0x00, 0x00, 0x00, 0x00, 0x00, 0x05, 
0x12, 0x02, 0x00, 0x00, 0x00, 0x00, 0x0A, 0x31, 0x13, 0x00, 0x00, 0x00, 0x00, 0x0A, 0x31, 0x0F, 
0x00, 0x00, 0x00, 0x00, 0x08, 0x31, 0x12, 0x4A, 0xFF, 0xBF, 0x00, 0x00, 0x00, 0x00, 0x82, 0xFF, 
0xA5, 0x00, 0x00, 0x00, 0x00, 0x7C, 0xFF, 0x75, 0x09, 0xF5, 0xFB, 0x0F, 0x00, 0x00, 0x00, 0xC8, 
0xFF, 0xED, 0x02, 0x00, 0x00, 0x00, 0xC7, 0xFF, 0x2A, 0x00, 0xB1, 0xFF, 0x55, 0x00, 0x00, 0x10, 
0xFC, 0xFF, 0xFF, 0x3A, 0x00, 0x00, 0x13, 0xFD, 0xDB, 0x00, 0x00, 0x62, 0xFF, 0x9F, 0x00, 0x00, 
0x52, 0xFF, 0xAC, 0xFF, 0x84, 0x00, 0x00, 0x5B, 0xFF, 0x8C, 0x00, 0x00, 0x16, 0xFD, 0xE8, 0x01, 
0x00, 0x97, 0xFD, 0x23, 0xFC, 0xCD, 0x00, 0x00, 0xA5, 0xFF, 0x3D, 0x00, 0x00, 0x00, 0xC5, 0xFF, 
0x35, 0x00, 0xDC, 0xCC, 0x00, 0xC2, 0xFE, 0x18, 0x02, 0xEC, 0xEB, 0x03, 0x00, 0x00, 0x00, 0x76, 
0xFF, 0x7F, 0x21, 0xFF, 0x87, 0x00, 0x78, 0xFF, 0x61, 0x3A, 0xFF, 0x9E, 0x00, 0x00, 0x00, 0x00, 
0x27, 0xFF, 0xCA, 0x66, 0xFF, 0x43, 0x00, 0x2E, 0xFF, 0xAB, 0x84, 0xFF, 0x4F, 0x00, 0x00, 0x00, 
0x00, 0x00, 0xD9, 0xFE, 0xC1, 0xF6, 0x07, 0x00, 0x00, 0xE2, 0xF0, 0xD1, 0xF6, 0x0A, 0x00, 0x00, 
0x00, 0x00, 0x00, 0x8A, 0xFF, 0xFF, 0xB9, 0x00, 0x00, 0x00, 0x99, 0xFF, 0xFF, 0xB1, 0x00, 0x00, 
0x00, 0x00, 0x00, 0x00, 0x37, 0xFE, 0xFF, 0x6D, 0x00, 0x00, 0x00, 0x48, 0xFF, 0xFF, 0x5B, 0x00, 
0x00, 0x00, 0x00, 0x00, 0x00, 0x00, 0x0B, 0x0F, 0x00, 0x00, 0x00, 0x00, 0x00, 0x0C, 0x0E, 0x00, 
0x00, 0x00, 0x00, 0x06, 0x2F, 0x1D, 0x00, 0x00, 0x00, 0x00, 0x04, 0x2F, 0x19, 0x24, 0xFA, 0xF8, 
0x26, 0x00, 0x00, 0x00, 0x88, 0xFF, 0x82, 0x00, 0x85, 0xFF, 0xBB, 0x00, 0x00, 0x2C, 0xFA, 0xDD, 
0x09, 0x00, 0x08, 0xDC, 0xFF, 0x58, 0x01, 0xC4, 0xFF, 0x46, 0x00, 0x00, 0x00, 0x46, 0xFF, 0xE6, 
0x72, 0xFF, 0xA5, 0x00, 0x00, 0x00, 0x00, 0x00, 0xA7, 0xFF, 0xFF, 0xEE, 0x16, 0x00, 0x00, 0x00, 
0x00, 0x00, 0x4C, 0xFF, 0xFF, 0xB7, 0x00, 0x00, 0x00, 0x00, 0x00, 0x06, 0xD6, 0xFB, 0xE6, 0xFF, 
0x4A, 0x00, 0x00, 0x00, 0x00, 0x81, 0xFF, 0x8F, 0x4F, 0xFF, 0xDF, 0x0A, 0x00, 0x00, 0x2A, 0xF9, 
0xE6, 0x0E, 0x00, 0xB3, 0xFF, 0x8A, 0x00, 0x01, 0xC5, 0xFF, 0x5A, 0x00, 0x00, 0x21, 0xF6, 0xFB, 
0x2E, 0x5B, 0xFF, 0xBC, 0x00, 0x00, 0x00, 0x00, 0x7A, 0xFF, 0xB9, 0x02, 0x11, 0x02, 0x00, 0x00, 
0x00, 0x00, 0x00, 0x0F, 0x07, 0x12, 0x31, 0x0A, 0x00, 0x00, 0x00, 0x00, 0x00, 0x0D, 0x30, 0x0A, 
0x7D, 0xFF, 0x99, 0x00, 0x00, 0x00, 0x00, 0x00, 0xA1, 0xFF, 0x5C, 0x26, 0xFF, 0xEE, 0x06, 0x00, 
0x00, 0x00, 0x08, 0xF1, 0xF8, 0x10, 0x00, 0xC6, 0xFF, 0x4F, 0x00, 0x00, 0x00, 0x51, 0xFF, 0xAB, 
0x00, 0x00, 0x67, 0xFF, 0xAA, 0x00, 0x00, 0x00, 0xA8, 0xFF, 0x4E, 0x00, 0x00, 0x10, 0xF7, 0xF7, 
0x0D, 0x00, 0x0A, 0xF4, 0xEC, 0x05, 0x00, 0x00, 0x00, 0xA8, 0xFF, 0x5F, 0x00, 0x57, 0xFF, 0x95, 
0x00, 0x00, 0x00, 0x00, 0x49, 0xFF, 0xBA, 0x00, 0xAE, 0xFF, 0x38, 0x00, 0x00, 0x00, 0x00, 0x03, 
0xE6, 0xFC, 0x26, 0xF7, 0xDB, 0x00, 0x00, 0x00, 0x00, 0x00, 0x00, 0x8B, 0xFF, 0xC9, 0xFF, 0x7F, 
0x00, 0x00, 0x00, 0x00, 0x00, 0x00, 0x2B, 0xFF, 0xFF, 0xFF, 0x23, 0x00, 0x00, 0x00, 0x00, 0x00, 
0x00, 0x00, 0xC5, 0xFF, 0xC6, 0x00, 0x00, 0x00, 0x00, 0x00, 0x00, 0x00, 0x00, 0x9F, 0xFF, 0x69, 
0x00, 0x00, 0x00, 0x00, 0x00, 0x00, 0x00, 0x0E, 0xF5, 0xF9, 0x12, 0x00, 0x00, 0x00, 0x00, 0x00, 
0x00, 0x00, 0x69, 0xFF, 0xAF, 0x00, 0x00, 0x00, 0x00, 0x00, 0x00, 0x00, 0x00, 0xCC, 0xFF, 0x51, 
0x00, 0x00, 0x00, 0x00, 0x00, 0x00, 0x00, 0x00, 0x31, 0x36, 0x00, 0x00, 0x00, 0x00, 0x00, 0x00, 
0x14, 0x24, 0x24, 0x24, 0x24, 0x24, 0x20, 0x00, 0xC3, 0xFF, 0xFF, 0xFF, 0xFF, 0xFF, 0xFF, 0x2B, 
0x50, 0x7C, 0x7C, 0x7C, 0x84, 0xFC, 0xFB, 0x17, 0x00, 0x00, 0x00, 0x00, 0x87, 0xFF, 0x8A, 0x00, 
0x00, 0x00, 0x00, 0x30, 0xFB, 0xDD, 0x0A, 0x00, 0x00, 0x00, 0x03, 0xCD, 0xFF, 0x44, 0x00, 0x00, 
0x00, 0x00, 0x76, 0xFF, 0xA0, 0x00, 0x00, 0x00, 0x00, 0x23, 0xF6, 0xEA, 0x13, 0x00, 0x00, 0x00, 
0x00, 0xBE, 0xFF, 0x59, 0x00, 0x00, 0x00, 0x00, 0x63, 0xFF, 0xB6, 0x00, 0x00, 0x00, 0x00, 0x00, 
0xE0, 0xFF, 0xBA, 0xA0, 0xA0, 0xA0, 0xA0, 0x42, 0xDA, 0xFF, 0xFF, 0xFF, 0xFF, 0xFF, 0xFF, 0x74, 
0x00, 0x00, 0x00, 0x40, 0x79, 0x4F, 0x00, 0x00, 0x52, 0xFF, 0xFF, 0xBB, 0x00, 0x00, 0xB4, 0xFF, 
0x33, 0x00, 0x00, 0x00, 0xDC, 0xE9, 0x00, 0x00, 0x00, 0x00, 0xE6, 0xDD, 0x00, 0x00, 0x00, 0x00, 
0xE8, 0xDC, 0x00, 0x00, 0x00, 0x00, 0xE9, 0xDA, 0x00, 0x00, 0x00, 0x01, 0xFA, 0xCC, 0x00, 0x00, 
0x00, 0x3C, 0xFF, 0x9C, 0x00, 0x00, 0x5D, 0xDF, 0xF1, 0x28, 0x00, 0x00, 0xF4, 0xFB, 0x5D, 0x00, 
0x00, 0x00, 0x23, 0xB9, 0xFE, 0x48, 0x00, 0x00, 0x00, 0x22, 0xFF, 0xAE, 0x00, 0x00, 0x00, 0x00, 
0xF0, 0xD4, 0x00, 0x00, 0x00, 0x00, 0xE8, 0xDB, 0x00, 0x00, 0x00, 0x00, 0xE8, 0xDC, 0x00, 0x00, 
0x00, 0x00, 0xE7, 0xDC, 0x00, 0x00, 0x00, 0x00, 0xE1, 0xE3, 0x00, 0x00, 0x00, 0x00, 0xC6, 0xFC, 
0x11, 0x00, 0x00, 0x00, 0x7A, 0xFF, 0xD9, 0x83, 0x00, 0x00, 0x03, 0x84, 0xC2, 0x88, 0x42, 0xCB, 
0x4D, 0x60, 0xFF, 0x70, 0x60, 0xFF, 0x70, 0x60, 0xFF, 0x70, 0x60, 0xFF, 0x70, 0x60, 0xFF, 0x70, 
0x60, 0xFF, 0x70, 0x60, 0xFF, 0x70, 0x60, 0xFF, 0x70, 0x60, 0xFF, 0x70, 0x60, 0xFF, 0x70, 0x60, 
0xFF, 0x70, 0x60, 0xFF, 0x70, 0x60, 0xFF, 0x70, 0x60, 0xFF, 0x70, 0x60, 0xFF, 0x70, 0x60, 0xFF, 
0x70, 0x60, 0xFF, 0x70, 0x60, 0xFF, 0x70, 0x60, 0xFF, 0x70, 0x5F, 0xFF, 0x6F, 0x10, 0x45, 0x13, 
0x39, 0x7B, 0x54, 0x00, 0x00, 0x00, 0x00, 0x90, 0xFF, 0xFF, 0x80, 0x00, 0x00, 0x00, 0x00, 0x15, 
0xEB, 0xE8, 0x00, 0x00, 0x00, 0x00, 0x00, 0xB9, 0xFF, 0x10, 0x00, 0x00, 0x00, 0x00, 0xAD, 0xFF, 
0x1A, 0x00, 0x00, 0x00, 0x00, 0xAC, 0xFF, 0x1C, 0x00, 0x00, 0x00, 0x00, 0xAC, 0xFF, 0x1C, 0x00, 
0x00, 0x00, 0x00, 0xA8, 0xFF, 0x1F, 0x00, 0x00, 0x00, 0x00, 0x87, 0xFF, 0x4A, 0x00, 0x00, 0x00, 
0x00, 0x21, 0xEA, 0xE3, 0x6D, 0x07, 0x00, 0x00, 0x00, 0x3E, 0xF0, 0xFF, 0x28, 0x00, 0x00, 0x0F, 
0xE6, 0xE2, 0x34, 0x00, 0x00, 0x00, 0x63, 0xFF, 0x65, 0x00, 0x00, 0x00, 0x00, 0x97, 0xFF, 0x2A, 
0x00, 0x00, 0x00, 0x00, 0xA7, 0xFF, 0x1D, 0x00, 0x00, 0x00, 0x00, 0xAC, 0xFF, 0x1C, 0x00, 0x00, 
0x00, 0x00, 0xAC, 0xFF, 0x1B, 0x00, 0x00, 0x00, 0x00, 0xB3, 0xFF, 0x13, 0x00, 0x00, 0x00, 0x01, 
0xDD, 0xF3, 0x01, 0x00, 0x00, 0x64, 0xCD, 0xFF, 0xA4, 0x00, 0x00, 0x00, 0x66, 0xC3, 0x9A, 0x0D, 
0x00, 0x00, 0x00, 0x00, 0x00, 0x0D, 0x3A, 0x2A, 0x00, 0x00, 0x00, 0x00, 0x00, 0x00, 0x00, 0x00, 
0x52, 0xF1, 0xFF, 0xFF, 0xBB, 0x0E, 0x00, 0x00, 0x37, 0xE4, 0x37, 0x0A, 0xEE, 0xE0, 0x5E, 0x97, 
0xFF, 0xB8, 0x04, 0x00, 0x78, 0xFF, 0x24, 0x34, 0xFF, 0x61, 0x00, 0x00, 0x8E, 0xFF, 0xCB, 0x9D, 
0xF8, 0xCC, 0x00, 0x28, 0xAA, 0x22, 0x00, 0x00, 0x02, 0x86, 0xF3, 0xFC, 0xBD, 0x21, 0x00, 0x00, 
0x00, 0x00, 0x00, 0x00, 0x00, 0x00, 0x00, 0x05, 0x00, 0x00, 0x00, 0x00, 0x70, 0xD5, 0xE0, 0x92, 
0x0B, 0x67, 0xFC, 0x75, 0x69, 0xF5, 0x93, 0xBA, 0xB8, 0x00, 0x00, 0x9D, 0xDC, 0xAB, 0xDB, 0x07, 
0x02, 0xC5, 0xC0, 0x33, 0xF3, 0xE2, 0xD9, 0xF3, 0x3A, 0x00, 0x1A, 0x66, 0x66, 0x1C, 0x00, 0x00, 
0x00, 0x00, 0x00, 0x00, 0xB3, 0xA8, 0x00, 0x00, 0x00, 0x00, 0x00, 0x00, 0x00, 0x00, 0x00, 0x00, 
0xE0, 0xD4, 0x00, 0x00, 0x00, 0x00, 0x00, 0x00, 0x00, 0x00, 0x00, 0x00, 0xE0, 0xD4, 0x00, 0x00, 
0x00, 0x00, 0x00, 0x00, 0x00, 0x00, 0x00, 0x00, 0xE0, 0xD4, 0x00, 0x00, 0x00, 0x00, 0x00, 0x00, 
0x3A, 0x40, 0x40, 0x40, 0xE8, 0xDF, 0x40, 0x40, 0x40, 0x37, 0x00, 0x13, 0xFF, 0xFF, 0xFF, 0xFF, 
0xFF, 0xFF, 0xFF, 0xFF, 0xFF, 0xFF, 0x07, 0x00, 0x5B, 0x64, 0x64, 0x64, 0xEC, 0xE5, 0x64, 0x64, 
0x64, 0x57, 0x00, 0x00, 0x00, 0x00, 0x00, 0x00, 0xE0, 0xD4, 0x00, 0x00, 0x00, 0x00, 0x00, 0x00, 
0x00, 0x00, 0x00, 0x00, 0xE0, 0xD4, 0x00, 0x00, 0x00, 0x00, 0x00, 0x00, 0x00, 0x00, 0x00, 0x00, 
0xE0, 0xD4, 0x00, 0x00, 0x00, 0x00, 0x00, 0x00, 0x00, 0x00, 0x00, 0x00, 0xCB, 0xBF, 0x00, 0x00, 
0x00, 0x00, 0x00, 0x00, 0x00, 0x00, 0x00, 0x00, 0x00, 0x00, 0x00, 0x00, 0x00, 0x00, 0x00, 0x00, 
0x9B, 0xAC, 0xAC, 0xAC, 0xAC, 0xAC, 0xAC, 0xAC, 0xAC, 0x98, 0x00, 0x00, 0xF1, 0xFF, 0xFF, 0xFF, 
0xFF, 0xFF, 0xFF, 0xFF, 0xFF, 0xEC, 0x00, 0x38, 0x58, 0x00, 0x00, 0x00, 0x00, 0x00, 0x00, 0x59, 
0x2F, 0xBF, 0xFE, 0x67, 0x00, 0x00, 0x00, 0x00, 0x6A, 0xFE, 0xB4, 0x1A, 0xD9, 0xFE, 0x66, 0x00, 
0x00, 0x6A, 0xFF, 0xD7, 0x18, 0x00, 0x19, 0xD8, 0xFE, 0x65, 0x6B, 0xFF, 0xD7, 0x18, 0x00, 0x00, 
0x00, 0x19, 0xD8, 0xFE, 0xFF, 0xD7, 0x18, 0x00, 0x00, 0x00, 0x00, 0x00, 0x80, 0xFF, 0xFF, 0x73, 
0x00, 0x00, 0x00, 0x00, 0x00, 0x70, 0xFF, 0xD3, 0xDC, 0xFD, 0x61, 0x00, 0x00, 0x00, 0x70, 0xFF, 
0xD3, 0x15, 0x1C, 0xDC, 0xFD, 0x61, 0x00, 0x6D, 0xFF, 0xD4, 0x15, 0x00, 0x00, 0x1D, 0xDD, 0xFD, 
0x60, 0xA4, 0xD5, 0x16, 0x00, 0x00, 0x00, 0x00, 0x1D, 0xDD, 0x94, 0x01, 0x07, 0x00, 0x00, 0x00, 
0x00, 0x00, 0x00, 0x0A, 0x00, 0x00, 0x00, 0x00, 0x00, 0x0C, 0x70, 0x5F, 0x00, 0x00, 0x00, 0x00, 
0x00, 0x00, 0x00, 0x00, 0x00, 0x6D, 0xFF, 0xFF, 0x2E, 0x00, 0x00, 0x00, 0x00, 0x00, 0x00, 0x00, 
0x00, 0x65, 0xFF, 0xFF, 0x27, 0x00, 0x00, 0x00, 0x00, 0x00, 0x00, 0x00, 0x00, 0x04, 0x4D, 0x3B, 
0x00, 0x00, 0x00, 0x00, 0x00, 0x00, 0x00, 0x00, 0x00, 0x00, 0x00, 0x00, 0x00, 0x00, 0x00, 0x00, 
0x00, 0x3C, 0x94, 0x94, 0x94, 0x94, 0x94, 0x94, 0x94, 0x94, 0x94, 0x93, 0x16, 0x76, 0xFF, 0xFF, 
0xFF, 0xFF, 0xFF, 0xFF, 0xFF, 0xFF, 0xFF, 0xFF, 0x33, 0x03, 0x10, 0x10, 0x10, 0x10, 0x10, 0x10, 
0x10, 0x10, 0x10, 0x0F, 0x00, 0x00, 0x00, 0x00, 0x00, 0x00, 0x00, 0x00, 0x00, 0x00, 0x00, 0x00, 
0x00, 0x00, 0x00, 0x00, 0x00, 0x2D, 0xC5, 0xB4, 0x0A, 0x00, 0x00, 0x00, 0x00, 0x00, 0x00, 0x00, 
0x00, 0x75, 0xFF, 0xFF, 0x38, 0x00, 0x00, 0x00, 0x00, 0x00, 0x00, 0x00, 0x00, 0x41, 0xF1, 0xE0, 
0x14, 0x00, 0x00, 0x00, 0x00, 0x00, 0x02, 0x00, 0x00, 0x00, 0x00, 0x02, 0x00, 0x00, 0x2E, 0xF7, 
0xCC, 0x00, 0x00, 0x51, 0xFD, 0xA3, 0x00, 0x3E, 0xFF, 0xE0, 0x00, 0x00, 0x66, 0xFF, 0xB8, 0x00, 
0x00, 0x2F, 0x18, 0x00, 0x00, 0x03, 0x34, 0x10, 0x00, 0x14, 0x2C, 0x2C, 0x2C, 0x2C, 0x2C, 0x2C, 
0x2B, 0x06, 0xEE, 0xFF, 0xFF, 0xFF, 0xFF, 0xFF, 0xFF, 0xFF, 0x53, 0xFC, 0xFF, 0x87, 0x84, 0x84, 
0x84, 0x84, 0x83, 0x20, 0xFC, 0xFF, 0x08, 0x00, 0x00, 0x00, 0x00, 0x00, 0x00, 0xFC, 0xFF, 0x08, 
0x00, 0x00, 0x00, 0x00, 0x00, 0x00, 0xFC, 0xFF, 0x08, 0x00, 0x00, 0x00, 0x00, 0x00, 0x00, 0xFC, 
0xFF, 0x08, 0x00, 0x00, 0x00, 0x00, 0x00, 0x00, 0xFC, 0xFF, 0xBE, 0xBC, 0xBC, 0xBC, 0xBC, 0x4F, 
0x00, 0xFC, 0xFF, 0xE4, 0xE4, 0xE4, 0xE4, 0xE4, 0x66, 0x00, 0xFC, 0xFF, 0x08, 0x00, 0x00, 0x00, 
0x00, 0x00, 0x00, 0xFC, 0xFF, 0x08, 0x00, 0x00, 0x00, 0x00, 0x00, 0x00, 0xFC, 0xFF, 0x08, 0x00, 
0x00, 0x00, 0x00, 0x00, 0x00, 0xFC, 0xFF, 0x08, 0x00, 0x00, 0x00, 0x00, 0x00, 0x00, 0xFC, 0xFF, 
0x08, 0x00, 0x00, 0x00, 0x00, 0x00, 0x00, 0xFC, 0xFF, 0xAE, 0xAC, 0xAC, 0xAC, 0xAC, 0xAC, 0x3D, 
0xD9, 0xFF, 0xFF, 0xFF, 0xFF, 0xFF, 0xFF, 0xFF, 0x62, 0x00, 0x00, 0x00, 0x00, 0x00, 0x07, 0x37, 
0x33, 0x02, 0x00, 0x00, 0x00, 0x00, 0x00, 0x00, 0x00, 0x00, 0x00, 0x00, 0x80, 0xFF, 0xFF, 0x62, 
0x00, 0x00, 0x00, 0x00, 0x00, 0x00, 0x00, 0x00, 0x00, 0x00, 0xDD, 0xFD, 0xFF, 0xBF, 0x00, 0x00, 
0x00, 0x00, 0x00, 0x00, 0x00, 0x00, 0x00, 0x3A, 0xFF, 0x9D, 0xE9, 0xFE, 0x1E, 0x00, 0x00, 0x00, 
0x00, 0x00, 0x00, 0x00, 0x00, 0x97, 0xFF, 0x41, 0x94, 0xFF, 0x79, 0x00, 0x00, 0x00, 0x00, 0x00, 
0x00, 0x00, 0x06, 0xED, 0xE6, 0x02, 0x3A, 0xFF, 0xD5, 0x00, 0x00, 0x00, 0x00, 0x00, 0x00, 0x00, 
0x50, 0xFF, 0x90, 0x00, 0x00, 0xDE, 0xFF, 0x32, 0x00, 0x00, 0x00, 0x00, 0x00, 0x00, 0xAD, 0xFF, 
0x38, 0x00, 0x00, 0x86, 0xFF, 0x8E, 0x00, 0x00, 0x00, 0x00, 0x00, 0x10, 0xF8, 0xDF, 0x00, 0x00, 
0x00, 0x2B, 0xFF, 0xE7, 0x03, 0x00, 0x00, 0x00, 0x00, 0x66, 0xFF, 0x87, 0x00, 0x00, 0x00, 0x00, 
0xD2, 0xFF, 0x48, 0x00, 0x00, 0x00, 0x00, 0xC3, 0xFF, 0xB5, 0x98, 0x98, 0x98, 0x98, 0xD3, 0xFF, 
0xA4, 0x00, 0x00, 0x00, 0x20, 0xFE, 0xFF, 0xFF, 0xFF, 0xFF, 0xFF, 0xFF, 0xFF, 0xFF, 0xF5, 0x0C, 
0x00, 0x00, 0x7C, 0xFF, 0x8E, 0x04, 0x04, 0x04, 0x04, 0x04, 0x04, 0xD0, 0xFF, 0x5E, 0x00, 0x00, 
0xD8, 0xFF, 0x35, 0x00, 0x00, 0x00, 0x00, 0x00, 0x00, 0x75, 0xFF, 0xBA, 0x00, 0x35, 0xFF, 0xDC, 
0x00, 0x00, 0x00, 0x00, 0x00, 0x00, 0x00, 0x1C, 0xFD, 0xFD, 0x1A, 0x81, 0xFF, 0x80, 0x00, 0x00, 
0x00, 0x00, 0x00, 0x00, 0x00, 0x00, 0xBB, 0xFF, 0x64, 0x03, 0x11, 0x00, 0x00, 0x00, 0x00, 0x00, 
0x00, 0x00, 0x00, 0x00, 0x04, 0x12, 0x02, 0x14, 0x2C, 0x2C, 0x2C, 0x2C, 0x2C, 0x2C, 0x2C, 0x24, 
0x00, 0xEA, 0xFF, 0xFF, 0xFF, 0xFF, 0xFF, 0xFF, 0xFF, 0xFE, 0x05, 0xF8, 0xFF, 0x8B, 0x88, 0x88, 
0x88, 0x88, 0x88, 0x7F, 0x00, 0xF8, 0xFF, 0x08, 0x00, 0x00, 0x00, 0x00, 0x00, 0x00, 0x00, 0xF8, 
0xFF, 0x08, 0x00, 0x00, 0x00, 0x00, 0x00, 0x00, 0x00, 0xF8, 0xFF, 0x08, 0x00, 0x00, 0x00, 0x00, 
0x00, 0x00, 0x00, 0xF8, 0xFF, 0x08, 0x00, 0x00, 0x00, 0x00, 0x00, 0x00, 0x00, 0xF8, 0xFF, 0xBA, 
0xB8, 0xB7, 0xAD, 0x8F, 0x47, 0x01, 0x00, 0xF8, 0xFF, 0xE4, 0xE4, 0xE5, 0xF5, 0xFF, 0xFF, 0xB5, 
0x08, 0xF8, 0xFF, 0x08, 0x00, 0x00, 0x02, 0x4C, 0xE8, 0xFF, 0x89, 0xF8, 0xFF, 0x08, 0x00, 0x00, 
0x00, 0x00, 0x58, 0xFF, 0xE4, 0xF8, 0xFF, 0x08, 0x00, 0x00, 0x00, 0x00, 0x20, 0xFF, 0xFD, 0xF8, 
0xFF, 0x08, 0x00, 0x00, 0x00, 0x00, 0x3F, 0xFF, 0xE5, 0xF8, 0xFF, 0x08, 0x00, 0x00, 0x00, 0x14, 
0xC8, 0xFF, 0x95, 0xF8, 0xFF, 0xA6, 0xA4, 0xA4, 0xB5, 0xF1, 0xFF, 0xD5, 0x12, 0xD5, 0xFF, 0xFF, 
0xFF, 0xFD, 0xF0, 0xCA, 0x7A, 0x0C, 0x00, 0x14, 0x2C, 0x2C, 0x2C, 0x27, 0x14, 0x00, 0x00, 0x00, 
0x00, 0xEE, 0xFF, 0xFF, 0xFF, 0xFF, 0xFF, 0xDC, 0x68, 0x00, 0x00, 0xFC, 0xFF, 0x7A, 0x78, 0x7E, 
0xB0, 0xFE, 0xFF, 0x6C, 0x00, 0xFC, 0xFF, 0x04, 0x00, 0x00, 0x00, 0x6B, 0xFF, 0xE0, 0x00, 0xFC, 
0xFF, 0x04, 0x00, 0x00, 0x00, 0x13, 0xFF, 0xFF, 0x05, 0xFC, 0xFF, 0x04, 0x00, 0x00, 0x00, 0x20, 
0xFF, 0xEE, 0x00, 0xFC, 0xFF, 0x04, 0x00, 0x00, 0x02, 0x9D, 0xFF, 0x8E, 0x00, 0xFC, 0xFF, 0x9D, 
0x9C, 0xA0, 0xD3, 0xFF, 0x9D, 0x06, 0x00, 0xFC, 0xFF, 0xFC, 0xFC, 0xFD, 0xFF, 0xFF, 0xEA, 0x6A, 
0x00, 0xFC, 0xFF, 0x04, 0x00, 0x00, 0x14, 0x70, 0xF6, 0xFF, 0x5B, 0xFC, 0xFF, 0x04, 0x00, 0x00, 
0x00, 0x00, 0x70, 0xFF, 0xD0, 0xFC, 0xFF, 0x04, 0x00, 0x00, 0x00, 0x00, 0x2B, 0xFF, 0xF8, 0xFC, 
0xFF, 0x04, 0x00, 0x00, 0x00, 0x00, 0x41, 0xFF, 0xE4, 0xFC, 0xFF, 0x04, 0x00, 0x00, 0x00, 0x13, 
0xC8, 0xFF, 0x95, 0xFC, 0xFF, 0xAD, 0xAC, 0xAC, 0xBE, 0xF2, 0xFF, 0xD5, 0x14, 0xD9, 0xFF, 0xFF, 
0xFF, 0xFF, 0xF0, 0xCB, 0x79, 0x0A, 0x00, 0x13, 0x2C, 0x2C, 0x2C, 0x2C, 0x2C, 0x2C, 0x26, 0x00, 
0xE7, 0xFF, 0xFF, 0xFF, 0xFF, 0xFF, 0xFF, 0xFF, 0x20, 0xFC, 0xFF, 0x93, 0x90, 0x90, 0x90, 0x90, 
0x8D, 0x0A, 0xFC, 0xFF, 0x08, 0x00, 0x00, 0x00, 0x00, 0x00, 0x00, 0xFC, 0xFF, 0x08, 0x00, 0x00, 
0x00, 0x00, 0x00, 0x00, 0xFC, 0xFF, 0x08, 0x00, 0x00, 0x00, 0x00, 0x00, 0x00, 0xFC, 0xFF, 0x08, 
0x00, 0x00, 0x00, 0x00, 0x00, 0x00, 0xFC, 0xFF, 0x08, 0x00, 0x00, 0x00, 0x00, 0x00, 0x00, 0xFC, 
0xFF, 0x08, 0x00, 0x00, 0x00, 0x00, 0x00, 0x00, 0xFC, 0xFF, 0x08, 0x00, 0x00, 0x00, 0x00, 0x00, 
0x00, 0xFC, 0xFF, 0x08, 0x00, 0x00, 0x00, 0x00, 0x00, 0x00, 0xFC, 0xFF, 0x08, 0x00, 0x00, 0x00, 
0x00, 0x00, 0x00, 0xFC, 0xFF, 0x08, 0x00, 0x00, 0x00, 0x00, 0x00, 0x00, 0xFC, 0xFF, 0x08, 0x00, 
0x00, 0x00, 0x00, 0x00, 0x00, 0xFC, 0xFF, 0x08, 0x00, 0x00, 0x00, 0x00, 0x00, 0x00, 0xF6, 0xFB, 
0x06, 0x00, 0x00, 0x00, 0x00, 0x00, 0x00, 0x0A, 0x0B, 0x00, 0x00, 0x00, 0x00, 0x00, 0x00, 0x00, 
0x00, 0x00, 0x00, 0x00, 0x00, 0x27, 0x2C, 0x2C, 0x2C, 0x2C, 0x2C, 0x2C, 0x14, 0x00, 0x00, 0x00, 
0x00, 0x00, 0x00, 0x62, 0xFF, 0xFF, 0xFF, 0xFF, 0xFF, 0xFF, 0xFF, 0xE5, 0x00, 0x00, 0x00, 0x00, 
0x00, 0x00, 0x91, 0xFF, 0xBF, 0x90, 0x90, 0x90, 0x95, 0xFF, 0xF8, 0x00, 0x00, 0x00, 0x00, 0x00, 
0x00, 0xAF, 0xFF, 0x56, 0x00, 0x00, 0x00, 0x0C, 0xFF, 0xF8, 0x00, 0x00, 0x00, 0x00, 0x00, 0x00, 
0xD0, 0xFF, 0x35, 0x00, 0x00, 0x00, 0x0C, 0xFF, 0xF8, 0x00, 0x00, 0x00, 0x00, 0x00, 0x00, 0xF1, 
0xFF, 0x12, 0x00, 0x00, 0x00, 0x0C, 0xFF, 0xF8, 0x00, 0x00, 0x00, 0x00, 0x00, 0x16, 0xFF, 0xED, 
0x00, 0x00, 0x00, 0x00, 0x0C, 0xFF, 0xF8, 0x00, 0x00, 0x00, 0x00, 0x00, 0x3C, 0xFF, 0xC5, 0x00, 
0x00, 0x00, 0x00, 0x0C, 0xFF, 0xF8, 0x00, 0x00, 0x00, 0x00, 0x00, 0x69, 0xFF, 0x9A, 0x00, 0x00, 
0x00, 0x00, 0x0C, 0xFF, 0xF8, 0x00, 0x00, 0x00, 0x00, 0x00, 0x9C, 0xFF, 0x69, 0x00, 0x00, 0x00, 
0x00, 0x0C, 0xFF, 0xF8, 0x00, 0x00, 0x00, 0x00, 0x00, 0xD7, 0xFF, 0x32, 0x00, 0x00, 0x00, 0x00, 
0x0C, 0xFF, 0xF8, 0x00, 0x00, 0x00, 0x00, 0x23, 0xFF, 0xE7, 0x02, 0x00, 0x00, 0x00, 0x00, 0x0C, 
0xFF, 0xF8, 0x00, 0x00, 0x00, 0x00, 0x89, 0xFF, 0x8F, 0x00, 0x00, 0x00, 0x00, 0x00, 0x0C, 0xFF, 
0xF8, 0x00, 0x00, 0x00, 0x1E, 0xF4, 0xF4, 0x1D, 0x00, 0x00, 0x00, 0x00, 0x00, 0x0C, 0xFF, 0xF8, 
0x00, 0x00, 0x9E, 0xDC, 0xFF, 0xE6, 0xB8, 0xB8, 0xB8, 0xB8, 0xB8, 0xB8, 0xBB, 0xFF, 0xFD, 0xB8, 
0x9A, 0xF0, 0xFF, 0xFF, 0xFF, 0xFF, 0xFF, 0xFF, 0xFF, 0xFF, 0xFF, 0xFF, 0xFF, 0xFF, 0xFF, 0xF0, 
0xF0, 0xCC, 0x00, 0x00, 0x00, 0x00, 0x00, 0x00, 0x00, 0x00, 0x00, 0x00, 0x00, 0xCC, 0xF0, 0xF0, 
0xCC, 0x00, 0x00, 0x00, 0x00, 0x00, 0x00, 0x00, 0x00, 0x00, 0x00, 0x00, 0xCC, 0xF0, 0xF0, 0xCC, 
0x00, 0x00, 0x00, 0x00, 0x00, 0x00, 0x00, 0x00, 0x00, 0x00, 0x00, 0xCC, 0xF0, 0xE8, 0xC3, 0x00, 
0x00, 0x00, 0x00, 0x00, 0x00, 0x00, 0x00, 0x00, 0x00, 0x00, 0xC3, 0xE7, 0x01, 0x00, 0x00, 0x00, 
0x00, 0x00, 0x00, 0x00, 0x00, 0x00, 0x00, 0x00, 0x00, 0x00, 0x01, 0x14, 0x2C, 0x2C, 0x2C, 0x2C, 
0x2C, 0x2C, 0x2B, 0x06, 0xEE, 0xFF, 0xFF, 0xFF, 0xFF, 0xFF, 0xFF, 0xFF, 0x53, 0xFC, 0xFF, 0x87, 
0x84, 0x84, 0x84, 0x84, 0x83, 0x20, 0xFC, 0xFF, 0x08, 0x00, 0x00, 0x00, 0x00, 0x00, 0x00, 0xFC, 
0xFF, 0x08, 0x00, 0x00, 0x00, 0x00, 0x00, 0x00, 0xFC, 0xFF, 0x08, 0x00, 0x00, 0x00, 0x00, 0x00, 
0x00, 0xFC, 0xFF, 0x08, 0x00, 0x00, 0x00, 0x00, 0x00, 0x00, 0xFC, 0xFF, 0xBE, 0xBC, 0xBC, 0xBC, 
0xBC, 0x4F, 0x00, 0xFC, 0xFF, 0xE4, 0xE4, 0xE4, 0xE4, 0xE4, 0x66, 0x00, 0xFC, 0xFF, 0x08, 0x00, 
0x00, 0x00, 0x00, 0x00, 0x00, 0xFC, 0xFF, 0x08, 0x00, 0x00, 0x00, 0x00, 0x00, 0x00, 0xFC, 0xFF, 
0x08, 0x00, 0x00, 0x00, 0x00, 0x00, 0x00, 0xFC, 0xFF, 0x08, 0x00, 0x00, 0x00, 0x00, 0x00, 0x00, 
0xFC, 0xFF, 0x08, 0x00, 0x00, 0x00, 0x00, 0x00, 0x00, 0xFC, 0xFF, 0xAE, 0xAC, 0xAC, 0xAC, 0xAC, 
0xAC, 0x3D, 0xD9, 0xFF, 0xFF, 0xFF, 0xFF, 0xFF, 0xFF, 0xFF, 0x62, 0x11, 0x37, 0x0D, 0x00, 0x00, 
0x00, 0x00, 0x09, 0x37, 0x14, 0x00, 0x00, 0x00, 0x00, 0x04, 0x35, 0x1D, 0x00, 0x71, 0xFF, 0xA2, 
0x00, 0x00, 0x00, 0x00, 0x5F, 0xFF, 0x97, 0x00, 0x00, 0x00, 0x00, 0x6B, 0xFF, 0xA7, 0x00, 0x23, 
0xFF, 0xEE, 0x04, 0x00, 0x00, 0x00, 0x60, 0xFF, 0x98, 0x00, 0x00, 0x00, 0x00, 0xBA, 0xFF, 0x5A, 
0x00, 0x00, 0xCB, 0xFF, 0x42, 0x00, 0x00, 0x00, 0x60, 0xFF, 0x98, 0x00, 0x00, 0x00, 0x0E, 0xFA, 
0xF6, 0x0C, 0x00, 0x00, 0x73, 0xFF, 0x92, 0x00, 0x00, 0x00, 0x60, 0xFF, 0x98, 0x00, 0x00, 0x00, 
0x58, 0xFF, 0xAA, 0x00, 0x00, 0x00, 0x19, 0xFC, 0xE9, 0x05, 0x00, 0x00, 0x60, 0xFF, 0x98, 0x00, 
0x00, 0x00, 0xBC, 0xFF, 0x49, 0x00, 0x00, 0x00, 0x00, 0xA2, 0xFF, 0x97, 0x05, 0x00, 0x60, 0xFF, 
0x98, 0x00, 0x01, 0x74, 0xFF, 0xCB, 0x02, 0x00, 0x00, 0x00, 0x00, 0x12, 0xC3, 0xFF, 0xE5, 0xB8, 
0xCB, 0xFF, 0xDD, 0xB4, 0xDD, 0xFF, 0xC2, 0x1C, 0x00, 0x00, 0x00, 0x00, 0x00, 0x01, 0x6E, 0xF1, 
0xFF, 0xFF, 0xFF, 0xFF, 0xFF, 0xFF, 0xFF, 0xFC, 0x9E, 0x11, 0x00, 0x00, 0x00, 0x00, 0x00, 0x93, 
0xFF, 0xD8, 0x54, 0x1F, 0x6A, 0xFF, 0x9E, 0x18, 0x41, 0xBE, 0xFF, 0xCF, 0x05, 0x00, 0x00, 0x00, 
0x32, 0xFF, 0xEB, 0x1A, 0x00, 0x00, 0x60, 0xFF, 0x98, 0x00, 0x00, 0x07, 0xCE, 0xFF, 0x6D, 0x00, 
0x00, 0x00, 0x9E, 0xFF, 0x82, 0x00, 0x00, 0x00, 0x60, 0xFF, 0x98, 0x00, 0x00, 0x00, 0x53, 0xFF, 
0xD6, 0x00, 0x00, 0x08, 0xF2, 0xFF, 0x27, 0x00, 0x00, 0x00, 0x60, 0xFF, 0x98, 0x00, 0x00, 0x00, 
0x06, 0xEF, 0xFF, 0x30, 0x00, 0x52, 0xFF, 0xD6, 0x00, 0x00, 0x00, 0x00, 0x60, 0xFF, 0x98, 0x00, 
0x00, 0x00, 0x00, 0xA1, 0xFF, 0x87, 0x00, 0xAA, 0xFF, 0x84, 0x00, 0x00, 0x00, 0x00, 0x60, 0xFF, 
0x98, 0x00, 0x00, 0x00, 0x00, 0x4D, 0xFF, 0xDD, 0x00, 0xEE, 0xFC, 0x2F, 0x00, 0x00, 0x00, 0x00, 
0x5A, 0xFF, 0x91, 0x00, 0x00, 0x00, 0x00, 0x07, 0xEA, 0xFF, 0x24, 0x0A, 0x09, 0x00, 0x00, 0x00, 
0x00, 0x00, 0x00, 0x0F, 0x02, 0x00, 0x00, 0x00, 0x00, 0x00, 0x06, 0x0E, 0x00, 0x00, 0x00, 0x01, 
0x2A, 0x52, 0x5F, 0x49, 0x10, 0x00, 0x00, 0x00, 0x00, 0x51, 0xDE, 0xFF, 0xFF, 0xFF, 0xFF, 0xF7, 
0x80, 0x00, 0x00, 0x00, 0xC2, 0xE6, 0x8E, 0x63, 0x67, 0xAC, 0xFF, 0xFF, 0x66, 0x00, 0x00, 0x34, 
0x07, 0x00, 0x00, 0x00, 0x00, 0x98, 0xFF, 0xC4, 0x00, 0x00, 0x00, 0x00, 0x00, 0x00, 0x00, 0x00, 
0x51, 0xFF, 0xD5, 0x00, 0x00, 0x00, 0x00, 0x00, 0x00, 0x00, 0x00, 0x78, 0xFF, 0xAB, 0x00, 0x00, 
0x00, 0x00, 0x00, 0x00, 0x00, 0x43, 0xF1, 0xFB, 0x34, 0x00, 0x00, 0x00, 0x87, 0xB4, 0xBB, 0xDD, 
0xFF, 0xC6, 0x3F, 0x00, 0x00, 0x00, 0x00, 0xBC, 0xF0, 0xF5, 0xFF, 0xFF, 0xDA, 0x6E, 0x00, 0x00, 
0x00, 0x00, 0x00, 0x00, 0x00, 0x17, 0x68, 0xEC, 0xFF, 0x82, 0x00, 0x00, 0x00, 0x00, 0x00, 0x00, 
0x00, 0x00, 0x49, 0xFF, 0xFA, 0x18, 0x00, 0x00, 0x00, 0x00, 0x00, 0x00, 0x00, 0x03, 0xF6, 0xFF, 
0x48, 0x00, 0x00, 0x00, 0x00, 0x00, 0x00, 0x00, 0x0E, 0xFA, 0xFF, 0x3A, 0x09, 0x5D, 0x04, 0x00, 
0x00, 0x00, 0x08, 0xAB, 0xFF, 0xEA, 0x05, 0x19, 0xFF, 0xE6, 0xA1, 0x8A, 0xA1, 0xE6, 0xFF, 0xFD, 
0x54, 0x00, 0x00, 0x78, 0xE5, 0xFF, 0xFF, 0xFF, 0xFC, 0xBD, 0x3D, 0x00, 0x00, 0x00, 0x00, 0x00, 
0x1E, 0x32, 0x2B, 0x0A, 0x00, 0x00, 0x00, 0x00, 0x29, 0x2D, 0x00, 0x00, 0x00, 0x00, 0x00, 0x00, 
0x00, 0x0B, 0x36, 0x0A, 0xFB, 0xFF, 0x07, 0x00, 0x00, 0x00, 0x00, 0x00, 0x00, 0xB9, 0xFF, 0x63, 
0xFC, 0xFF, 0x08, 0x00, 0x00, 0x00, 0x00, 0x00, 0x64, 0xFF, 0xFF, 0x64, 0xFC, 0xFF, 0x08, 0x00, 
0x00, 0x00, 0x00, 0x1C, 0xF1, 0xFF, 0xFF, 0x64, 0xFC, 0xFF, 0x08, 0x00, 0x00, 0x00, 0x00, 0xB7, 
0xFF, 0xDA, 0xFF, 0x64, 0xFC, 0xFF, 0x08, 0x00, 0x00, 0x00, 0x62, 0xFF, 0xA9, 0x9E, 0xFF, 0x64, 
0xFC, 0xFF, 0x08, 0x00, 0x00, 0x1B, 0xF0, 0xEA, 0x15, 0xA0, 0xFF, 0x64, 0xFC, 0xFF, 0x08, 0x00, 
0x00, 0xB4, 0xFF, 0x56, 0x00, 0xA0, 0xFF, 0x64, 0xFC, 0xFF, 0x08, 0x00, 0x5F, 0xFF, 0xAC, 0x00, 
0x00, 0xA0, 0xFF, 0x64, 0xFC, 0xFF, 0x08, 0x19, 0xEE, 0xEB, 0x16, 0x00, 0x00, 0xA0, 0xFF, 0x64, 
0xFC, 0xFF, 0x08, 0xB1, 0xFF, 0x57, 0x00, 0x00, 0x00, 0xA0, 0xFF, 0x64, 0xFC, 0xFF, 0x5E, 0xFF, 
0xAD, 0x00, 0x00, 0x00, 0x00, 0xA0, 0xFF, 0x64, 0xFC, 0xFF, 0xE8, 0xEC, 0x17, 0x00, 0x00, 0x00, 
0x00, 0xA0, 0xFF, 0x64, 0xFC, 0xFF, 0xFF, 0x59, 0x00, 0x00, 0x00, 0x00, 0x00, 0xA0, 0xFF, 0x64, 
0xFC, 0xFF, 0xAF, 0x00, 0x00, 0x00, 0x00, 0x00, 0x00, 0xA0, 0xFF, 0x64, 0xF7, 0xEA, 0x17, 0x00, 
0x00, 0x00, 0x00, 0x00, 0x00, 0x9A, 0xFF, 0x5D, 0x0B, 0x07, 0x00, 0x00, 0x00, 0x00, 0x00, 0x00, 
0x00, 0x03, 0x11, 0x00, 0x00, 0x00, 0x58, 0x77, 0x00, 0x00, 0x00, 0x23, 0x83, 0x2A, 0x00, 0x00, 
0x00, 0x00, 0xA9, 0xFF, 0x27, 0x00, 0x00, 0x86, 0xFF, 0x50, 0x00, 0x00, 0x00, 0x00, 0x49, 0xFF, 
0xE3, 0x8A, 0x9F, 0xFB, 0xE0, 0x0C, 0x00, 0x00, 0x00, 0x00, 0x00, 0x4A, 0xBD, 0xE3, 0xE2, 0xA1, 
0x1D, 0x00, 0x00, 0x00, 0x29, 0x2D, 0x00, 0x00, 0x00, 0x00, 0x00, 0x00, 0x00, 0x0B, 0x36, 0x0A, 
0xFB, 0xFF, 0x07, 0x00, 0x00, 0x00, 0x00, 0x00, 0x00, 0xB9, 0xFF, 0x63, 0xFC, 0xFF, 0x08, 0x00, 
0x00, 0x00, 0x00, 0x00, 0x64, 0xFF, 0xFF, 0x64, 0xFC, 0xFF, 0x08, 0x00, 0x00, 0x00, 0x00, 0x1C, 
0xF1, 0xFF, 0xFF, 0x64, 0xFC, 0xFF, 0x08, 0x00, 0x00, 0x00, 0x00, 0xB7, 0xFF, 0xDA, 0xFF, 0x64, 
0xFC, 0xFF, 0x08, 0x00, 0x00, 0x00, 0x62, 0xFF, 0xA9, 0x9E, 0xFF, 0x64, 0xFC, 0xFF, 0x08, 0x00, 
0x00, 0x1B, 0xF0, 0xEA, 0x15, 0xA0, 0xFF, 0x64, 0xFC, 0xFF, 0x08, 0x00, 0x00, 0xB4, 0xFF, 0x56, 
0x00, 0xA0, 0xFF, 0x64, 0xFC, 0xFF, 0x08, 0x00, 0x5F, 0xFF, 0xAC, 0x00, 0x00, 0xA0, 0xFF, 0x64, 
0xFC, 0xFF, 0x08, 0x19, 0xEE, 0xEB, 0x16, 0x00, 0x00, 0xA0, 0xFF, 0x64, 0xFC, 0xFF, 0x08, 0xB1, 
0xFF, 0x57, 0x00, 0x00, 0x00, 0xA0, 0xFF, 0x64, 0xFC, 0xFF, 0x5E, 0xFF, 0xAD, 0x00, 0x00, 0x00, 
0x00, 0xA0, 0xFF, 0x64, 0xFC, 0xFF, 0xE8, 0xEC, 0x17, 0x00, 0x00, 0x00, 0x00, 0xA0, 0xFF, 0x64, 
0xFC, 0xFF, 0xFF, 0x59, 0x00, 0x00, 0x00, 0x00, 0x00, 0xA0, 0xFF, 0x64, 0xFC, 0xFF, 0xAF, 0x00, 
0x00, 0x00, 0x00, 0x00, 0x00, 0xA0, 0xFF, 0x64, 0xF7, 0xEA, 0x17, 0x00, 0x00, 0x00, 0x00, 0x00, 
0x00, 0x9A, 0xFF, 0x5D, 0x0B, 0x07, 0x00, 0x00, 0x00, 0x00, 0x00, 0x00, 0x00, 0x03, 0x11, 0x00, 
0x29, 0x2C, 0x00, 0x00, 0x00, 0x00, 0x00, 0x0C, 0x37, 0x13, 0x00, 0xFB, 0xFF, 0x07, 0x00, 0x00, 
0x00, 0x00, 0xA1, 0xFF, 0x79, 0x00, 0xFC, 0xFF, 0x08, 0x00, 0x00, 0x00, 0x08, 0xF2, 0xFF, 0x24, 
0x00, 0xFC, 0xFF, 0x08, 0x00, 0x00, 0x00, 0x53, 0xFF, 0xC1, 0x00, 0x00, 0xFC, 0xFF, 0x08, 0x00, 
0x00, 0x00, 0xAE, 0xFF, 0x60, 0x00, 0x00, 0xFC, 0xFF, 0x08, 0x00, 0x00, 0x23, 0xFC, 0xEB, 0x09, 
0x00, 0x00, 0xFC, 0xFF, 0x08, 0x00, 0x19, 0xCC, 0xFF, 0x6E, 0x00, 0x00, 0x00, 0xFC, 0xFF, 0xAE, 
0xC2, 0xF5, 0xF6, 0x84, 0x01, 0x00, 0x00, 0x00, 0xFC, 0xFF, 0xFF, 0xFF, 0xFF, 0xE5, 0x61, 0x00, 
0x00, 0x00, 0x00, 0xFC, 0xFF, 0x17, 0x26, 0x6B, 0xED, 0xFF, 0x75, 0x00, 0x00, 0x00, 0xFC, 0xFF, 
0x08, 0x00, 0x00, 0x38, 0xFC, 0xF9, 0x1B, 0x00, 0x00, 0xFC, 0xFF, 0x08, 0x00, 0x00, 0x00, 0xA5, 
0xFF, 0x8A, 0x00, 0x00, 0xFC, 0xFF, 0x08, 0x00, 0x00, 0x00, 0x3A, 0xFF, 0xEA, 0x06, 0x00, 0xFC, 
0xFF, 0x08, 0x00, 0x00, 0x00, 0x00, 0xD9, 0xFF, 0x55, 0x00, 0xFC, 0xFF, 0x08, 0x00, 0x00, 0x00, 
0x00, 0x7A, 0xFF, 0xB9, 0x00, 0xF5, 0xFB, 0x05, 0x00, 0x00, 0x00, 0x00, 0x1B, 0xF7, 0xFC, 0x0B, 
0x08, 0x09, 0x00, 0x00, 0x00, 0x00, 0x00, 0x00, 0x08, 0x0C, 0x00, 0x00, 0x00, 0x00, 0x00, 0x02, 
0x29, 0x2C, 0x2C, 0x2C, 0x2C, 0x2C, 0x2B, 0x06, 0x00, 0x00, 0x00, 0x00, 0x79, 0xFF, 0xFF, 0xFF, 
0xFF, 0xFF, 0xFF, 0xFF, 0x92, 0x00, 0x00, 0x00, 0x00, 0xA2, 0xFF, 0xB5, 0x90, 0x90, 0x90, 0xBA, 
0xFF, 0xA4, 0x00, 0x00, 0x00, 0x00, 0xBF, 0xFF, 0x3E, 0x00, 0x00, 0x00, 0x60, 0xFF, 0xA4, 0x00, 
0x00, 0x00, 0x00, 0xDC, 0xFF, 0x1E, 0x00, 0x00, 0x00, 0x60, 0xFF, 0xA4, 0x00, 0x00, 0x00, 0x03, 
0xFB, 0xFA, 0x03, 0x00, 0x00, 0x00, 0x60, 0xFF, 0xA4, 0x00, 0x00, 0x00, 0x22, 0xFF, 0xDA, 0x00, 
0x00, 0x00, 0x00, 0x60, 0xFF, 0xA4, 0x00, 0x00, 0x00, 0x4A, 0xFF, 0xB4, 0x00, 0x00, 0x00, 0x00, 
0x60, 0xFF, 0xA4, 0x00, 0x00, 0x00, 0x74, 0xFF, 0x89, 0x00, 0x00, 0x00, 0x00, 0x60, 0xFF, 0xA4, 
0x00, 0x00, 0x00, 0xA6, 0xFF, 0x5B, 0x00, 0x00, 0x00, 0x00, 0x60, 0xFF, 0xA4, 0x00, 0x00, 0x00, 
0xE0, 0xFF, 0x26, 0x00, 0x00, 0x00, 0x00, 0x60, 0xFF, 0xA4, 0x00, 0x00, 0x25, 0xFF, 0xE8, 0x00, 
0x00, 0x00, 0x00, 0x00, 0x60, 0xFF, 0xA4, 0x00, 0x00, 0x81, 0xFF, 0xA0, 0x00, 0x00, 0x00, 0x00, 
0x00, 0x60, 0xFF, 0xA4, 0x00, 0x22, 0xF1, 0xFF, 0x41, 0x00, 0x00, 0x00, 0x00, 0x00, 0x60, 0xFF, 
0xA4, 0x9D, 0xEF, 0xFF, 0xBA, 0x00, 0x00, 0x00, 0x00, 0x00, 0x00, 0x60, 0xFF, 0xA4, 0xEF, 0xFE, 
0xB6, 0x13, 0x00, 0x00, 0x00, 0x00, 0x00, 0x00, 0x5A, 0xFF, 0x9D, 0x1D, 0x0A, 0x00, 0x00, 0x00, 
0x00, 0x00, 0x00, 0x00, 0x00, 0x00, 0x11, 0x04, 0x10, 0x2C, 0x1B, 0x00, 0x00, 0x00, 0x00, 0x00, 
0x00, 0x00, 0x00, 0x00, 0x00, 0x06, 0x29, 0x29, 0x02, 0xE9, 0xFF, 0xFF, 0x7B, 0x00, 0x00, 0x00, 
0x00, 0x00, 0x00, 0x00, 0x00, 0x03, 0xD0, 0xFF, 0xFF, 0x6C, 0xFC, 0xFB, 0xF4, 0xF1, 0x0A, 0x00, 
0x00, 0x00, 0x00, 0x00, 0x00, 0x00, 0x53, 0xFF, 0xF0, 0xFF, 0x80, 0xFC, 0xF8, 0x9F, 0xFF, 0x62, 
0x00, 0x00, 0x00, 0x00, 0x00, 0x00, 0x00, 0xBE, 0xFD, 0x94, 0xFF, 0x80, 0xFC, 0xF8, 0x3B, 0xFF, 
0xC9, 0x00, 0x00, 0x00, 0x00, 0x00, 0x00, 0x2A, 0xFF, 0xB5, 0x74, 0xFF, 0x80, 0xFC, 0xF8, 0x00, 
0xD7, 0xFF, 0x2F, 0x00, 0x00, 0x00, 0x00, 0x00, 0x94, 0xFF, 0x4D, 0x74, 0xFF, 0x80, 0xFC, 0xF8, 
0x00, 0x74, 0xFF, 0x95, 0x00, 0x00, 0x00, 0x00, 0x0D, 0xF2, 0xE1, 0x03, 0x74, 0xFF, 0x80, 0xFC, 
0xF8, 0x00, 0x15, 0xFA, 0xF1, 0x0A, 0x00, 0x00, 0x00, 0x6A, 0xFF, 0x7C, 0x00, 0x74, 0xFF, 0x80, 
0xFC, 0xF8, 0x00, 0x00, 0xAC, 0xFF, 0x62, 0x00, 0x00, 0x00, 0xD4, 0xFB, 0x19, 0x00, 0x74, 0xFF, 
0x80, 0xFC, 0xF8, 0x00, 0x00, 0x48, 0xFF, 0xC8, 0x00, 0x00, 0x40, 0xFF, 0xAB, 0x00, 0x00, 0x74, 
0xFF, 0x80, 0xFC, 0xF8, 0x00, 0x00, 0x02, 0xE2, 0xFF, 0x2F, 0x00, 0xAB, 0xFF, 0x43, 0x00, 0x00, 
0x74, 0xFF, 0x80, 0xFC, 0xF8, 0x00, 0x00, 0x00, 0x81, 0xFF, 0x95, 0x1A, 0xFB, 0xDA, 0x01, 0x00, 
0x00, 0x74, 0xFF, 0x80, 0xFC, 0xF8, 0x00, 0x00, 0x00, 0x1F, 0xFD, 0xF0, 0x8C, 0xFF, 0x72, 0x00, 
0x00, 0x00, 0x74, 0xFF, 0x80, 0xFC, 0xF8, 0x00, 0x00, 0x00, 0x00, 0xB9, 0xFF, 0xFF, 0xF7, 0x12, 
0x00, 0x00, 0x00, 0x74, 0xFF, 0x80, 0xFC, 0xF8, 0x00, 0x00, 0x00, 0x00, 0x55, 0xFF, 0xFF, 0xA2, 
0x00, 0x00, 0x00, 0x00, 0x74, 0xFF, 0x80, 0xF6, 0xF1, 0x00, 0x00, 0x00, 0x00, 0x06, 0xE7, 0xFD, 
0x37, 0x00, 0x00, 0x00, 0x00, 0x6D, 0xFF, 0x79, 0x08, 0x08, 0x00, 0x00, 0x00, 0x00, 0x00, 0x06, 
0x0C, 0x00, 0x00, 0x00, 0x00, 0x00, 0x00, 0x0F, 0x00, 0x29, 0x2C, 0x00, 0x00, 0x00, 0x00, 0x00, 
0x00, 0x00, 0x2E, 0x26, 0xFB, 0xFF, 0x07, 0x00, 0x00, 0x00, 0x00, 0x00, 0x0F, 0xFF, 0xEF, 0xFC, 
0xFF, 0x08, 0x00, 0x00, 0x00, 0x00, 0x00, 0x10, 0xFF, 0xF0, 0xFC, 0xFF, 0x08, 0x00, 0x00, 0x00, 
0x00, 0x00, 0x10, 0xFF, 0xF0, 0xFC, 0xFF, 0x08, 0x00, 0x00, 0x00, 0x00, 0x00, 0x10, 0xFF, 0xF0, 
0xFC, 0xFF, 0x08, 0x00, 0x00, 0x00, 0x00, 0x00, 0x10, 0xFF, 0xF0, 0xFC, 0xFF, 0x08, 0x00, 0x00, 
0x00, 0x00, 0x00, 0x10, 0xFF, 0xF0, 0xFC, 0xFF, 0xCD, 0xCC, 0xCC, 0xCC, 0xCC, 0xCC, 0xCF, 0xFF, 
0xF0, 0xFC, 0xFF, 0xF8, 0xF8, 0xF8, 0xF8, 0xF8, 0xF8, 0xF8, 0xFF, 0xF0, 0xFC, 0xFF, 0x08, 0x00, 
0x00, 0x00, 0x00, 0x00, 0x10, 0xFF, 0xF0, 0xFC, 0xFF, 0x08, 0x00, 0x00, 0x00, 0x00, 0x00, 0x10, 
0xFF, 0xF0, 0xFC, 0xFF, 0x08, 0x00, 0x00, 0x00, 0x00, 0x00, 0x10, 0xFF, 0xF0, 0xFC, 0xFF, 0x08, 
0x00, 0x00, 0x00, 0x00, 0x00, 0x10, 0xFF, 0xF0, 0xFC, 0xFF, 0x08, 0x00, 0x00, 0x00, 0x00, 0x00, 
0x10, 0xFF, 0xF0, 0xFC, 0xFF, 0x08, 0x00, 0x00, 0x00, 0x00, 0x00, 0x10, 0xFF, 0xF0, 0xF5, 0xFB, 
0x05, 0x00, 0x00, 0x00, 0x00, 0x00, 0x0C, 0xFC, 0xE8, 0x08, 0x09, 0x00, 0x00, 0x00, 0x00, 0x00, 
0x00, 0x00, 0x0A, 0x07, 0x00, 0x00, 0x00, 0x00, 0x04, 0x3A, 0x56, 0x5B, 0x43, 0x0C, 0x00, 0x00, 
0x00, 0x00, 0x00, 0x00, 0x0A, 0x83, 0xF0, 0xFF, 0xFF, 0xFF, 0xFF, 0xF9, 0x9C, 0x15, 0x00, 0x00, 
0x00, 0x0D, 0xC5, 0xFF, 0xEE, 0x90, 0x61, 0x61, 0x8F, 0xED, 0xFF, 0xDA, 0x16, 0x00, 0x00, 0x9A, 
0xFF, 0xD3, 0x1A, 0x00, 0x00, 0x00, 0x00, 0x16, 0xD2, 0xFF, 0xAB, 0x00, 0x1E, 0xFD, 0xFB, 0x27, 
0x00, 0x00, 0x00, 0x00, 0x00, 0x00, 0x2C, 0xFE, 0xFE, 0x21, 0x74, 0xFF, 0xB5, 0x00, 0x00, 0x00, 
0x00, 0x00, 0x00, 0x00, 0x00, 0xC7, 0xFF, 0x69, 0xAB, 0xFF, 0x7C, 0x00, 0x00, 0x00, 0x00, 0x00, 
0x00, 0x00, 0x00, 0x97, 0xFF, 0x98, 0xC8, 0xFF, 0x62, 0x00, 0x00, 0x00, 0x00, 0x00, 0x00, 0x00, 
0x00, 0x7E, 0xFF, 0xAC, 0xD4, 0xFF, 0x52, 0x00, 0x00, 0x00, 0x00, 0x00, 0x00, 0x00, 0x00, 0x6F, 
0xFF, 0xB2, 0xCA, 0xFF, 0x65, 0x00, 0x00, 0x00, 0x00, 0x00, 0x00, 0x00, 0x00, 0x85, 0xFF, 0xA3, 
0xB2, 0xFF, 0x7D, 0x00, 0x00, 0x00, 0x00, 0x00, 0x00, 0x00, 0x00, 0xA0, 0xFF, 0x80, 0x82, 0xFF, 
0xB5, 0x00, 0x00, 0x00, 0x00, 0x00, 0x00, 0x00, 0x01, 0xE0, 0xFF, 0x46, 0x30, 0xFF, 0xFC, 0x27, 
0x00, 0x00, 0x00, 0x00, 0x00, 0x00, 0x5C, 0xFF, 0xE5, 0x03, 0x00, 0xB5, 0xFF, 0xD5, 0x22, 0x00, 
0x00, 0x00, 0x00, 0x49, 0xF3, 0xFF, 0x5D, 0x00, 0x00, 0x19, 0xD6, 0xFF, 0xF8, 0xB5, 0x91, 0x96, 
0xCA, 0xFF, 0xFF, 0x88, 0x00, 0x00, 0x00, 0x00, 0x0E, 0x88, 0xE6, 0xFF, 0xFF, 0xFF, 0xFC, 0xC3, 
0x4A, 0x00, 0x00, 0x00, 0x00, 0x00, 0x00, 0x00, 0x00, 0x1D, 0x31, 0x29, 0x0D, 0x00, 0x00, 0x00, 
0x00, 0x00, 0x14, 0x2C, 0x2C, 0x2C, 0x2C, 0x2C, 0x2C, 0x2C, 0x2C, 0x2C, 0x11, 0xE9, 0xFF, 0xFF, 
0xFF, 0xFF, 0xFF, 0xFF, 0xFF, 0xFF, 0xFF, 0xD6, 0xFC, 0xFF, 0x97, 0x94, 0x94, 0x94, 0x94, 0x94, 
0x9F, 0xFF, 0xE8, 0xFC, 0xFF, 0x08, 0x00, 0x00, 0x00, 0x00, 0x00, 0x1C, 0xFF, 0xE8, 0xFC, 0xFF, 
0x08, 0x00, 0x00, 0x00, 0x00, 0x00, 0x1C, 0xFF, 0xE8, 0xFC, 0xFF, 0x08, 0x00, 0x00, 0x00, 0x00, 
0x00, 0x1C, 0xFF, 0xE8, 0xFC, 0xFF, 0x08, 0x00, 0x00, 0x00, 0x00, 0x00, 0x1C, 0xFF, 0xE8, 0xFC, 
0xFF, 0x08, 0x00, 0x00, 0x00, 0x00, 0x00, 0x1C, 0xFF, 0xE8, 0xFC, 0xFF, 0x08, 0x00, 0x00, 0x00, 
0x00, 0x00, 0x1C, 0xFF, 0xE8, 0xFC, 0xFF, 0x08, 0x00, 0x00, 0x00, 0x00, 0x00, 0x1C, 0xFF, 0xE8, 
0xFC, 0xFF, 0x08, 0x00, 0x00, 0x00, 0x00, 0x00, 0x1C, 0xFF, 0xE8, 0xFC, 0xFF, 0x08, 0x00, 0x00, 
0x00, 0x00, 0x00, 0x1C, 0xFF, 0xE8, 0xFC, 0xFF, 0x08, 0x00, 0x00, 0x00, 0x00, 0x00, 0x1C, 0xFF, 
0xE8, 0xFC, 0xFF, 0x08, 0x00, 0x00, 0x00, 0x00, 0x00, 0x1C, 0xFF, 0xE8, 0xFC, 0xFF, 0x08, 0x00, 
0x00, 0x00, 0x00, 0x00, 0x1C, 0xFF, 0xE8, 0xF6, 0xFB, 0x05, 0x00, 0x00, 0x00, 0x00, 0x00, 0x17, 
0xFE, 0xE1, 0x0A, 0x0B, 0x00, 0x00, 0x00, 0x00, 0x00, 0x00, 0x00, 0x0C, 0x08, 0x12, 0x2C, 0x2C, 
0x2C, 0x25, 0x0B, 0x00, 0x00, 0x00, 0x00, 0xEB, 0xFF, 0xFF, 0xFF, 0xFF, 0xFD, 0xC3, 0x47, 0x00, 
0x00, 0xFC, 0xFF, 0x84, 0x80, 0x8C, 0xC9, 0xFF, 0xFD, 0x5C, 0x00, 0xFC, 0xFF, 0x08, 0x00, 0x00, 
0x00, 0x74, 0xFF, 0xEA, 0x0A, 0xFC, 0xFF, 0x08, 0x00, 0x00, 0x00, 0x03, 0xEA, 0xFF, 0x35, 0xFC, 
0xFF, 0x08, 0x00, 0x00, 0x00, 0x00, 0xD1, 0xFF, 0x4C, 0xFC, 0xFF, 0x08, 0x00, 0x00, 0x00, 0x07, 
0xF5, 0xFF, 0x2D, 0xFC, 0xFF, 0x08, 0x00, 0x00, 0x00, 0x89, 0xFF, 0xD7, 0x01, 0xFC, 0xFF, 0x70, 
0x6C, 0x79, 0xC4, 0xFF, 0xF8, 0x3C, 0x00, 0xFC, 0xFF, 0xFF, 0xFF, 0xFF, 0xFD, 0xBC, 0x31, 0x00, 
0x00, 0xFC, 0xFF, 0x42, 0x3B, 0x2F, 0x0E, 0x00, 0x00, 0x00, 0x00, 0xFC, 0xFF, 0x08, 0x00, 0x00, 
0x00, 0x00, 0x00, 0x00, 0x00, 0xFC, 0xFF, 0x08, 0x00, 0x00, 0x00, 0x00, 0x00, 0x00, 0x00, 0xFC, 
0xFF, 0x08, 0x00, 0x00, 0x00, 0x00, 0x00, 0x00, 0x00, 0xFC, 0xFF, 0x08, 0x00, 0x00, 0x00, 0x00, 
0x00, 0x00, 0x00, 0xF5, 0xFA, 0x05, 0x00, 0x00, 0x00, 0x00, 0x00, 0x00, 0x00, 0x08, 0x09, 0x00, 
0x00, 0x00, 0x00, 0x00, 0x00, 0x00, 0x00, 0x00, 0x00, 0x00, 0x00, 0x04, 0x37, 0x53, 0x4A, 0x1E, 
0x00, 0x00, 0x00, 0x00, 0x00, 0x05, 0x78, 0xEC, 0xFF, 0xFF, 0xFF, 0xFF, 0xCA, 0x40, 0x00, 0x00, 
0x06, 0xB5, 0xFF, 0xF6, 0xA0, 0x71, 0x77, 0xB6, 0xFE, 0xF9, 0x09, 0x00, 0x86, 0xFF, 0xE4, 0x27, 
0x00, 0x00, 0x00, 0x00, 0x2C, 0xB6, 0x07, 0x14, 0xF8, 0xFF, 0x40, 0x00, 0x00, 0x00, 0x00, 0x00, 
0x00, 0x00, 0x00, 0x6C, 0xFF, 0xCB, 0x00, 0x00, 0x00, 0x00, 0x00, 0x00, 0x00, 0x00, 0x00, 0xA8, 
0xFF, 0x85, 0x00, 0x00, 0x00, 0x00, 0x00, 0x00, 0x00, 0x00, 0x00, 0xC9, 0xFF, 0x5F, 0x00, 0x00, 
0x00, 0x00, 0x00, 0x00, 0x00, 0x00, 0x00, 0xD7, 0xFF, 0x53, 0x00, 0x00, 0x00, 0x00, 0x00, 0x00, 
0x00, 0x00, 0x00, 0xCD, 0xFF, 0x5E, 0x00, 0x00, 0x00, 0x00, 0x00, 0x00, 0x00, 0x00, 0x00, 0xB3, 
0xFF, 0x84, 0x00, 0x00, 0x00, 0x00, 0x00, 0x00, 0x00, 0x00, 0x00, 0x7D, 0xFF, 0xCA, 0x00, 0x00, 
0x00, 0x00, 0x00, 0x00, 0x00, 0x00, 0x00, 0x26, 0xFE, 0xFF, 0x45, 0x00, 0x00, 0x00, 0x00, 0x00, 
0x00, 0x00, 0x00, 0x00, 0xA2, 0xFF, 0xEC, 0x3E, 0x00, 0x00, 0x00, 0x01, 0x4B, 0xDB, 0x1B, 0x00, 
0x0F, 0xC6, 0xFF, 0xFF, 0xCB, 0xA0, 0xAE, 0xDE, 0xFF, 0xF0, 0x0F, 0x00, 0x00, 0x08, 0x79, 0xDF, 
0xFF, 0xFF, 0xFF, 0xE9, 0x95, 0x1D, 0x00, 0x00, 0x00, 0x00, 0x00, 0x00, 0x17, 0x2A, 0x19, 0x01, 
0x00, 0x00, 0x00, 0x1A, 0x2C, 0x2C, 0x2C, 0x2C, 0x2C, 0x2C, 0x2C, 0x2C, 0x2C, 0x2C, 0x0D, 0xCB, 
0xFF, 0xFF, 0xFF, 0xFF, 0xFF, 0xFF, 0xFF, 0xFF, 0xFF, 0xFF, 0x7C, 0x64, 0x8C, 0x8C, 0x8C, 0x9E, 
0xFF, 0xEF, 0x8C, 0x8C, 0x8C, 0x8C, 0x39, 0x00, 0x00, 0x00, 0x00, 0x28, 0xFF, 0xDC, 0x00, 0x00, 
0x00, 0x00, 0x00, 0x00, 0x00, 0x00, 0x00, 0x28, 0xFF, 0xDC, 0x00, 0x00, 0x00, 0x00, 0x00, 0x00, 
0x00, 0x00, 0x00, 0x28, 0xFF, 0xDC, 0x00, 0x00, 0x00, 0x00, 0x00, 0x00, 0x00, 0x00, 0x00, 0x28, 
0xFF, 0xDC, 0x00, 0x00, 0x00, 0x00, 0x00, 0x00, 0x00, 0x00, 0x00, 0x28, 0xFF, 0xDC, 0x00, 0x00, 
0x00, 0x00, 0x00, 0x00, 0x00, 0x00, 0x00, 0x28, 0xFF, 0xDC, 0x00, 0x00, 0x00, 0x00, 0x00, 0x00, 
0x00, 0x00, 0x00, 0x28, 0xFF, 0xDC, 0x00, 0x00, 0x00, 0x00, 0x00, 0x00, 0x00, 0x00, 0x00, 0x28, 
0xFF, 0xDC, 0x00, 0x00, 0x00, 0x00, 0x00, 0x00, 0x00, 0x00, 0x00, 0x28, 0xFF, 0xDC, 0x00, 0x00, 
0x00, 0x00, 0x00, 0x00, 0x00, 0x00, 0x00, 0x28, 0xFF, 0xDC, 0x00, 0x00, 0x00, 0x00, 0x00, 0x00, 
0x00, 0x00, 0x00, 0x28, 0xFF, 0xDC, 0x00, 0x00, 0x00, 0x00, 0x00, 0x00, 0x00, 0x00, 0x00, 0x28, 
0xFF, 0xDC, 0x00, 0x00, 0x00, 0x00, 0x00, 0x00, 0x00, 0x00, 0x00, 0x22, 0xFE, 0xD4, 0x00, 0x00, 
0x00, 0x00, 0x00, 0x00, 0x00, 0x00, 0x00, 0x00, 0x0B, 0x06, 0x00, 0x00, 0x00, 0x00, 0x00, 0x23, 
0x35, 0x04, 0x00, 0x00, 0x00, 0x00, 0x00, 0x00, 0x00, 0x17, 0x39, 0x0F, 0xAC, 0xFF, 0x87, 0x00, 
0x00, 0x00, 0x00, 0x00, 0x00, 0x00, 0xCF, 0xFF, 0x56, 0x35, 0xFF, 0xF3, 0x12, 0x00, 0x00, 0x00, 
0x00, 0x00, 0x35, 0xFF, 0xEA, 0x06, 0x00, 0xB5, 0xFF, 0x82, 0x00, 0x00, 0x00, 0x00, 0x00, 0x9A, 
0xFF, 0x87, 0x00, 0x00, 0x35, 0xFF, 0xF0, 0x0F, 0x00, 0x00, 0x00, 0x0B, 0xF2, 0xFD, 0x20, 0x00, 
0x00, 0x00, 0xB5, 0xFF, 0x7D, 0x00, 0x00, 0x00, 0x63, 0xFF, 0xB3, 0x00, 0x00, 0x00, 0x00, 0x35, 
0xFF, 0xED, 0x0C, 0x00, 0x00, 0xC7, 0xFF, 0x4A, 0x00, 0x00, 0x00, 0x00, 0x00, 0xB6, 0xFF, 0x76, 
0x00, 0x2B, 0xFF, 0xDE, 0x02, 0x00, 0x00, 0x00, 0x00, 0x00, 0x36, 0xFF, 0xE8, 0x08, 0x8F, 0xFF, 
0x76, 0x00, 0x00, 0x00, 0x00, 0x00, 0x00, 0x00, 0xB6, 0xFF, 0x6C, 0xE9, 0xF8, 0x14, 0x00, 0x00, 
0x00, 0x00, 0x00, 0x00, 0x00, 0x36, 0xFF, 0xF6, 0xFF, 0xA3, 0x00, 0x00, 0x00, 0x00, 0x00, 0x00, 
0x00, 0x00, 0x00, 0xB6, 0xFF, 0xFF, 0x39, 0x00, 0x00, 0x00, 0x00, 0x00, 0x00, 0x00, 0x00, 0x00, 
0x69, 0xFF, 0xCD, 0x00, 0x00, 0x00, 0x00, 0x00, 0x00, 0x00, 0x09, 0x00, 0x0F, 0xDE, 0xFF, 0x57, 
0x00, 0x00, 0x00, 0x00, 0x00, 0x00, 0x2D, 0xEF, 0xB4, 0xE0, 0xFF, 0xC4, 0x01, 0x00, 0x00, 0x00, 
0x00, 0x00, 0x00, 0x1B, 0xED, 0xFF, 0xFF, 0xC6, 0x19, 0x00, 0x00, 0x00, 0x00, 0x00, 0x00, 0x00, 
0x00, 0x06, 0x26, 0x13, 0x00, 0x00, 0x00, 0x00, 0x00, 0x00, 0x00, 0x00, 0x00, 0x00, 0x00, 0x00, 
0x00, 0x00, 0x75, 0xCE, 0x3F, 0x00, 0x00, 0x00, 0x00, 0x00, 0x00, 0x00, 0x00, 0x00, 0x00, 0x00, 
0x00, 0xA0, 0xFF, 0x5C, 0x00, 0x00, 0x00, 0x00, 0x00, 0x00, 0x00, 0x00, 0x00, 0x14, 0x5F, 0x8F, 
0xDE, 0xFF, 0xC5, 0x91, 0x60, 0x17, 0x00, 0x00, 0x00, 0x00, 0x05, 0x88, 0xF7, 0xFF, 0xFF, 0xFC, 
0xFF, 0xFC, 0xFF, 0xFF, 0xF9, 0x8D, 0x06, 0x00, 0x01, 0xB0, 0xFF, 0xD9, 0x59, 0x10, 0x9C, 0xFF, 
0x5C, 0x1C, 0x6F, 0xEC, 0xFF, 0xA0, 0x00, 0x5B, 0xFF, 0xDA, 0x0F, 0x00, 0x00, 0x9C, 0xFF, 0x5C, 
0x00, 0x00, 0x2A, 0xF6, 0xFF, 0x31, 0xB8, 0xFF, 0x64, 0x00, 0x00, 0x00, 0x9C, 0xFF, 0x5C, 0x00, 
0x00, 0x00, 0xA6, 0xFF, 0x7E, 0xE3, 0xFF, 0x35, 0x00, 0x00, 0x00, 0x9C, 0xFF, 0x5C, 0x00, 0x00, 
0x00, 0x7D, 0xFF, 0x9E, 0xE8, 0xFF, 0x35, 0x00, 0x00, 0x00, 0x9C, 0xFF, 0x5C, 0x00, 0x00, 0x00, 
0x78, 0xFF, 0x9C, 0xCD, 0xFF, 0x5B, 0x00, 0x00, 0x00, 0x9C, 0xFF, 0x5C, 0x00, 0x00, 0x00, 0xA5, 
0xFF, 0x77, 0x88, 0xFF, 0xC6, 0x03, 0x00, 0x00, 0x9C, 0xFF, 0x5C, 0x00, 0x00, 0x26, 0xF5, 0xFD, 
0x26, 0x17, 0xE9, 0xFF, 0xBB, 0x34, 0x01, 0x9C, 0xFF, 0x5C, 0x07, 0x58, 0xE6, 0xFF, 0x89, 0x00, 
0x00, 0x30, 0xD9, 0xFF, 0xFF, 0xF1, 0xF1, 0xFF, 0xEA, 0xF8, 0xFF, 0xF8, 0x80, 0x02, 0x00, 0x00, 
0x00, 0x03, 0x50, 0x94, 0xB9, 0xEB, 0xFF, 0xD8, 0xA9, 0x70, 0x1A, 0x00, 0x00, 0x00, 0x00, 0x00, 
0x00, 0x00, 0x00, 0x00, 0xA0, 0xFF, 0x5C, 0x00, 0x00, 0x00, 0x00, 0x00, 0x00, 0x00, 0x00, 0x00, 
0x00, 0x00, 0x00, 0x9B, 0xFF, 0x56, 0x00, 0x00, 0x00, 0x00, 0x00, 0x00, 0x00, 0x00, 0x00, 0x00, 
0x00, 0x00, 0x04, 0x10, 0x00, 0x00, 0x00, 0x00, 0x00, 0x00, 0x00, 0x05, 0x36, 0x2B, 0x00, 0x00, 
0x00, 0x00, 0x00, 0x00, 0x0C, 0x38, 0x1B, 0x15, 0xF5, 0xFF, 0x42, 0x00, 0x00, 0x00, 0x00, 0x00, 
0xAA, 0xFF, 0x82, 0x00, 0x7C, 0xFF, 0xD2, 0x03, 0x00, 0x00, 0x00, 0x3D, 0xFF, 0xE8, 0x0E, 0x00, 
0x08, 0xDE, 0xFF, 0x69, 0x00, 0x00, 0x01, 0xCC, 0xFF, 0x5F, 0x00, 0x00, 0x00, 0x51, 0xFF, 0xEB, 
0x11, 0x00, 0x61, 0xFF, 0xC7, 0x01, 0x00, 0x00, 0x00, 0x00, 0xBA, 0xFF, 0x90, 0x0C, 0xE6, 0xFD, 
0x34, 0x00, 0x00, 0x00, 0x00, 0x00, 0x2A, 0xFB, 0xFB, 0xA7, 0xFF, 0x9B, 0x00, 0x00, 0x00, 0x00, 
0x00, 0x00, 0x00, 0x90, 0xFF, 0xFF, 0xEF, 0x15, 0x00, 0x00, 0x00, 0x00, 0x00, 0x00, 0x00, 0x44, 
0xFF, 0xFF, 0xC2, 0x00, 0x00, 0x00, 0x00, 0x00, 0x00, 0x00, 0x02, 0xCC, 0xFF, 0xF0, 0xFF, 0x4E, 
0x00, 0x00, 0x00, 0x00, 0x00, 0x00, 0x66, 0xFF, 0xBB, 0x55, 0xFF, 0xDC, 0x07, 0x00, 0x00, 0x00, 
0x00, 0x11, 0xEB, 0xFD, 0x2E, 0x00, 0xC5, 0xFF, 0x79, 0x00, 0x00, 0x00, 0x00, 0x95, 0xFF, 0x9A, 
0x00, 0x00, 0x38, 0xFF, 0xF3, 0x1A, 0x00, 0x00, 0x2F, 0xFC, 0xF2, 0x17, 0x00, 0x00, 0x00, 0xA8, 
0xFF, 0xA3, 0x00, 0x00, 0xC3, 0xFF, 0x79, 0x00, 0x00, 0x00, 0x00, 0x20, 0xF8, 0xFE, 0x3A, 0x47, 
0xFF, 0xDD, 0x08, 0x00, 0x00, 0x00, 0x00, 0x00, 0x86, 0xFF, 0xB9, 0x01, 0x11, 0x04, 0x00, 0x00, 
0x00, 0x00, 0x00, 0x00, 0x00, 0x10, 0x07, 0x2A, 0x2D, 0x00, 0x00, 0x00, 0x00, 0x00, 0x00, 0x01, 
0x33, 0x22, 0x00, 0x00, 0xFB, 0xFF, 0x07, 0x00, 0x00, 0x00, 0x00, 0x00, 0x2B, 0xFF, 0xD7, 0x00, 
0x00, 0xFC, 0xFF, 0x08, 0x00, 0x00, 0x00, 0x00, 0x00, 0x2C, 0xFF, 0xD8, 0x00, 0x00, 0xFC, 0xFF, 
0x08, 0x00, 0x00, 0x00, 0x00, 0x00, 0x2C, 0xFF, 0xD8, 0x00, 0x00, 0xFC, 0xFF, 0x08, 0x00, 0x00, 
0x00, 0x00, 0x00, 0x2C, 0xFF, 0xD8, 0x00, 0x00, 0xFC, 0xFF, 0x08, 0x00, 0x00, 0x00, 0x00, 0x00, 
0x2C, 0xFF, 0xD8, 0x00, 0x00, 0xFC, 0xFF, 0x08, 0x00, 0x00, 0x00, 0x00, 0x00, 0x2C, 0xFF, 0xD8, 
0x00, 0x00, 0xFC, 0xFF, 0x08, 0x00, 0x00, 0x00, 0x00, 0x00, 0x2C, 0xFF, 0xD8, 0x00, 0x00, 0xFC, 
0xFF, 0x08, 0x00, 0x00, 0x00, 0x00, 0x00, 0x2C, 0xFF, 0xD8, 0x00, 0x00, 0xFC, 0xFF, 0x08, 0x00, 
0x00, 0x00, 0x00, 0x00, 0x2C, 0xFF, 0xD8, 0x00, 0x00, 0xFC, 0xFF, 0x08, 0x00, 0x00, 0x00, 0x00, 
0x00, 0x2C, 0xFF, 0xD8, 0x00, 0x00, 0xFC, 0xFF, 0x08, 0x00, 0x00, 0x00, 0x00, 0x00, 0x2C, 0xFF, 
0xD8, 0x00, 0x00, 0xFC, 0xFF, 0x08, 0x00, 0x00, 0x00, 0x00, 0x00, 0x2C, 0xFF, 0xD8, 0x00, 0x00, 
0xFC, 0xFF, 0x08, 0x00, 0x00, 0x00, 0x00, 0x00, 0x2C, 0xFF, 0xD8, 0x00, 0x00, 0xFC, 0xFF, 0xBE, 
0xBC, 0xBC, 0xBC, 0xBC, 0xBC, 0xC7, 0xFF, 0xF5, 0xBC, 0x88, 0xD5, 0xFF, 0xFF, 0xFF, 0xFF, 0xFF, 
0xFF, 0xFF, 0xFF, 0xFF, 0xFF, 0xFF, 0xD0, 0x00, 0x00, 0x00, 0x00, 0x00, 0x00, 0x00, 0x00, 0x00, 
0x00, 0x00, 0xEC, 0xD0, 0x00, 0x00, 0x00, 0x00, 0x00, 0x00, 0x00, 0x00, 0x00, 0x00, 0x00, 0xEC, 
0xD0, 0x00, 0x00, 0x00, 0x00, 0x00, 0x00, 0x00, 0x00, 0x00, 0x00, 0x00, 0xEC, 0xD0, 0x00, 0x00, 
0x00, 0x00, 0x00, 0x00, 0x00, 0x00, 0x00, 0x00, 0x00, 0xE3, 0xC7, 0x00, 0x00, 0x00, 0x00, 0x00, 
0x00, 0x00, 0x00, 0x00, 0x00, 0x00, 0x01, 0x00, 0x16, 0x36, 0x08, 0x00, 0x00, 0x00, 0x00, 0x00, 
0x18, 0x36, 0x06, 0xA3, 0xFF, 0x5B, 0x00, 0x00, 0x00, 0x00, 0x00, 0xAF, 0xFF, 0x4F, 0xA4, 0xFF, 
0x5C, 0x00, 0x00, 0x00, 0x00, 0x00, 0xB0, 0xFF, 0x50, 0xA4, 0xFF, 0x5C, 0x00, 0x00, 0x00, 0x00, 
0x00, 0xB0, 0xFF, 0x50, 0xA4, 0xFF, 0x5C, 0x00, 0x00, 0x00, 0x00, 0x00, 0xB0, 0xFF, 0x50, 0xA0, 
0xFF, 0x63, 0x00, 0x00, 0x00, 0x00, 0x00, 0xB0, 0xFF, 0x50, 0x8D, 0xFF, 0x8C, 0x00, 0x00, 0x00, 
0x00, 0x00, 0xB0, 0xFF, 0x50, 0x4F, 0xFF, 0xF1, 0x2D, 0x00, 0x00, 0x00, 0x00, 0xB0, 0xFF, 0x50, 
0x02, 0xC3, 0xFF, 0xFD, 0xC8, 0xAC, 0xAE, 0xBD, 0xEF, 0xFF, 0x50, 0x00, 0x0D, 0x86, 0xDA, 0xF7, 
0xFF, 0xFF, 0xF7, 0xF8, 0xFF, 0x50, 0x00, 0x00, 0x00, 0x00, 0x00, 0x0A, 0x08, 0x00, 0xB0, 0xFF, 
0x50, 0x00, 0x00, 0x00, 0x00, 0x00, 0x00, 0x00, 0x00, 0xB0, 0xFF, 0x50, 0x00, 0x00, 0x00, 0x00, 
0x00, 0x00, 0x00, 0x00, 0xB0, 0xFF, 0x50, 0x00, 0x00, 0x00, 0x00, 0x00, 0x00, 0x00, 0x00, 0xB0, 
0xFF, 0x50, 0x00, 0x00, 0x00, 0x00, 0x00, 0x00, 0x00, 0x00, 0xB0, 0xFF, 0x50, 0x00, 0x00, 0x00, 
0x00, 0x00, 0x00, 0x00, 0x00, 0xA9, 0xFF, 0x49, 0x00, 0x00, 0x00, 0x00, 0x00, 0x00, 0x00, 0x00, 
0x03, 0x0E, 0x00, 0x2A, 0x2C, 0x00, 0x00, 0x00, 0x00, 0x00, 0x14, 0x37, 0x0B, 0x00, 0x00, 0x00, 
0x00, 0x02, 0x33, 0x21, 0xFB, 0xFF, 0x03, 0x00, 0x00, 0x00, 0x00, 0x93, 0xFF, 0x6B, 0x00, 0x00, 
0x00, 0x00, 0x2B, 0xFF, 0xD3, 0xFC, 0xFF, 0x04, 0x00, 0x00, 0x00, 0x00, 0x94, 0xFF, 0x6C, 0x00, 
0x00, 0x00, 0x00, 0x2C, 0xFF, 0xD4, 0xFC, 0xFF, 0x04, 0x00, 0x00, 0x00, 0x00, 0x94, 0xFF, 0x6C, 
0x00, 0x00, 0x00, 0x00, 0x2C, 0xFF, 0xD4, 0xFC, 0xFF, 0x04, 0x00, 0x00, 0x00, 0x00, 0x94, 0xFF, 
0x6C, 0x00, 0x00, 0x00, 0x00, 0x2C, 0xFF, 0xD4, 0xFC, 0xFF, 0x04, 0x00, 0x00, 0x00, 0x00, 0x94, 
0xFF, 0x6C, 0x00, 0x00, 0x00, 0x00, 0x2C, 0xFF, 0xD4, 0xFC, 0xFF, 0x04, 0x00, 0x00, 0x00, 0x00, 
0x94, 0xFF, 0x6C, 0x00, 0x00, 0x00, 0x00, 0x2C, 0xFF, 0xD4, 0xFC, 0xFF, 0x04, 0x00, 0x00, 0x00, 
0x00, 0x94, 0xFF, 0x6C, 0x00, 0x00, 0x00, 0x00, 0x2C, 0xFF, 0xD4, 0xFC, 0xFF, 0x04, 0x00, 0x00, 
0x00, 0x00, 0x94, 0xFF, 0x6C, 0x00, 0x00, 0x00, 0x00, 0x2C, 0xFF, 0xD4, 0xFC, 0xFF, 0x04, 0x00, 
0x00, 0x00, 0x00, 0x94, 0xFF, 0x6C, 0x00, 0x00, 0x00, 0x00, 0x2C, 0xFF, 0xD4, 0xFC, 0xFF, 0x04, 
0x00, 0x00, 0x00, 0x00, 0x94, 0xFF, 0x6C, 0x00, 0x00, 0x00, 0x00, 0x2C, 0xFF, 0xD4, 0xFC, 0xFF, 
0x04, 0x00, 0x00, 0x00, 0x00, 0x94, 0xFF, 0x6C, 0x00, 0x00, 0x00, 0x00, 0x2C, 0xFF, 0xD4, 0xFC, 
0xFF, 0x04, 0x00, 0x00, 0x00, 0x00, 0x94, 0xFF, 0x6C, 0x00, 0x00, 0x00, 0x00, 0x2C, 0xFF, 0xD4, 
0xFC, 0xFF, 0x04, 0x00, 0x00, 0x00, 0x00, 0x94, 0xFF, 0x6C, 0x00, 0x00, 0x00, 0x00, 0x2C, 0xFF, 
0xD4, 0xFC, 0xFF, 0xB9, 0xB8, 0xB8, 0xB8, 0xB8, 0xE1, 0xFF, 0xD6, 0xB8, 0xB8, 0xB8, 0xB8, 0xC4, 
0xFF, 0xD4, 0xD3, 0xFF, 0xFF, 0xFF, 0xFF, 0xFF, 0xFF, 0xFF, 0xFF, 0xFF, 0xFF, 0xFF, 0xFF, 0xFF, 
0xFF, 0xFF, 0xAD, 0x2A, 0x2C, 0x00, 0x00, 0x00, 0x00, 0x00, 0x14, 0x37, 0x0B, 0x00, 0x00, 0x00, 
0x00, 0x02, 0x33, 0x21, 0x00, 0x00, 0xFB, 0xFF, 0x03, 0x00, 0x00, 0x00, 0x00, 0x93, 0xFF, 0x6B, 
0x00, 0x00, 0x00, 0x00, 0x2B, 0xFF, 0xD3, 0x00, 0x00, 0xFC, 0xFF, 0x04, 0x00, 0x00, 0x00, 0x00, 
0x94, 0xFF, 0x6C, 0x00, 0x00, 0x00, 0x00, 0x2C, 0xFF, 0xD4, 0x00, 0x00, 0xFC, 0xFF, 0x04, 0x00, 
0x00, 0x00, 0x00, 0x94, 0xFF, 0x6C, 0x00, 0x00, 0x00, 0x00, 0x2C, 0xFF, 0xD4, 0x00, 0x00, 0xFC, 
0xFF, 0x04, 0x00, 0x00, 0x00, 0x00, 0x94, 0xFF, 0x6C, 0x00, 0x00, 0x00, 0x00, 0x2C, 0xFF, 0xD4, 
0x00, 0x00, 0xFC, 0xFF, 0x04, 0x00, 0x00, 0x00, 0x00, 0x94, 0xFF, 0x6C, 0x00, 0x00, 0x00, 0x00, 
0x2C, 0xFF, 0xD4, 0x00, 0x00, 0xFC, 0xFF, 0x04, 0x00, 0x00, 0x00, 0x00, 0x94, 0xFF, 0x6C, 0x00, 
0x00, 0x00, 0x00, 0x2C, 0xFF, 0xD4, 0x00, 0x00, 0xFC, 0xFF, 0x04, 0x00, 0x00, 0x00, 0x00, 0x94, 
0xFF, 0x6C, 0x00, 0x00, 0x00, 0x00, 0x2C, 0xFF, 0xD4, 0x00, 0x00, 0xFC, 0xFF, 0x04, 0x00, 0x00, 
0x00, 0x00, 0x94, 0xFF, 0x6C, 0x00, 0x00, 0x00, 0x00, 0x2C, 0xFF, 0xD4, 0x00, 0x00, 0xFC, 0xFF, 
0x04, 0x00, 0x00, 0x00, 0x00, 0x94, 0xFF, 0x6C, 0x00, 0x00, 0x00, 0x00, 0x2C, 0xFF, 0xD4, 0x00, 
0x00, 0xFC, 0xFF, 0x04, 0x00, 0x00, 0x00, 0x00, 0x94, 0xFF, 0x6C, 0x00, 0x00, 0x00, 0x00, 0x2C, 
0xFF, 0xD4, 0x00, 0x00, 0xFC, 0xFF, 0x04, 0x00, 0x00, 0x00, 0x00, 0x94, 0xFF, 0x6C, 0x00, 0x00, 
0x00, 0x00, 0x2C, 0xFF, 0xD4, 0x00, 0x00, 0xFC, 0xFF, 0x04, 0x00, 0x00, 0x00, 0x00, 0x94, 0xFF, 
0x6C, 0x00, 0x00, 0x00, 0x00, 0x2C, 0xFF, 0xD4, 0x00, 0x00, 0xFC, 0xFF, 0x04, 0x00, 0x00, 0x00, 
0x00, 0x94, 0xFF, 0x6C, 0x00, 0x00, 0x00, 0x00, 0x2C, 0xFF, 0xD4, 0x00, 0x00, 0xFC, 0xFF, 0xB9, 
0xB8, 0xB8, 0xB8, 0xB8, 0xE1, 0xFF, 0xD6, 0xB8, 0xB8, 0xB8, 0xB8, 0xC4, 0xFF, 0xF3, 0xB8, 0x88, 
0xD3, 0xFF, 0xFF, 0xFF, 0xFF, 0xFF, 0xFF, 0xFF, 0xFF, 0xFF, 0xFF, 0xFF, 0xFF, 0xFF, 0xFF, 0xFF, 
0xFF, 0xFF, 0xD4, 0x00, 0x00, 0x00, 0x00, 0x00, 0x00, 0x00, 0x00, 0x00, 0x00, 0x00, 0x00, 0x00, 
0x00, 0x00, 0x00, 0x00, 0xE8, 0xD4, 0x00, 0x00, 0x00, 0x00, 0x00, 0x00, 0x00, 0x00, 0x00, 0x00, 
0x00, 0x00, 0x00, 0x00, 0x00, 0x00, 0x00, 0xE8, 0xD4, 0x00, 0x00, 0x00, 0x00, 0x00, 0x00, 0x00, 
0x00, 0x00, 0x00, 0x00, 0x00, 0x00, 0x00, 0x00, 0x00, 0x00, 0xE8, 0xD4, 0x00, 0x00, 0x00, 0x00, 
0x00, 0x00, 0x00, 0x00, 0x00, 0x00, 0x00, 0x00, 0x00, 0x00, 0x00, 0x00, 0x00, 0xE0, 0xCC, 0x00, 
0x00, 0x00, 0x00, 0x00, 0x00, 0x00, 0x00, 0x00, 0x00, 0x00, 0x00, 0x00, 0x00, 0x00, 0x00, 0x00, 
0x01, 0x00, 0x18, 0x2C, 0x2C, 0x2C, 0x2C, 0x19, 0x00, 0x00, 0x00, 0x00, 0x00, 0x00, 0x00, 0x00, 
0x00, 0xCC, 0xFF, 0xFF, 0xFF, 0xFF, 0xFC, 0x17, 0x00, 0x00, 0x00, 0x00, 0x00, 0x00, 0x00, 0x00, 
0x65, 0x8C, 0x8C, 0x8C, 0xF1, 0xFF, 0x24, 0x00, 0x00, 0x00, 0x00, 0x00, 0x00, 0x00, 0x00, 0x00, 
0x00, 0x00, 0x00, 0xE0, 0xFF, 0x24, 0x00, 0x00, 0x00, 0x00, 0x00, 0x00, 0x00, 0x00, 0x00, 0x00, 
0x00, 0x00, 0xE0, 0xFF, 0x24, 0x00, 0x00, 0x00, 0x00, 0x00, 0x00, 0x00, 0x00, 0x00, 0x00, 0x00, 
0x00, 0xE0, 0xFF, 0x24, 0x00, 0x00, 0x00, 0x00, 0x00, 0x00, 0x00, 0x00, 0x00, 0x00, 0x00, 0x00, 
0xE0, 0xFF, 0x4D, 0x30, 0x2C, 0x20, 0x04, 0x00, 0x00, 0x00, 0x00, 0x00, 0x00, 0x00, 0x00, 0xE0, 
0xFF, 0xFF, 0xFF, 0xFF, 0xFF, 0xF9, 0xB3, 0x2E, 0x00, 0x00, 0x00, 0x00, 0x00, 0x00, 0xE0, 0xFF, 
0x8B, 0x78, 0x7C, 0x92, 0xDF, 0xFF, 0xF5, 0x38, 0x00, 0x00, 0x00, 0x00, 0x00, 0xE0, 0xFF, 0x24, 
0x00, 0x00, 0x00, 0x06, 0xAA, 0xFF, 0xCA, 0x00, 0x00, 0x00, 0x00, 0x00, 0xE0, 0xFF, 0x24, 0x00, 
0x00, 0x00, 0x00, 0x20, 0xFF, 0xFF, 0x10, 0x00, 0x00, 0x00, 0x00, 0xE0, 0xFF, 0x24, 0x00, 0x00, 
0x00, 0x00, 0x02, 0xFC, 0xFF, 0x1D, 0x00, 0x00, 0x00, 0x00, 0xE0, 0xFF, 0x24, 0x00, 0x00, 0x00, 
0x00, 0x30, 0xFF, 0xF5, 0x05, 0x00, 0x00, 0x00, 0x00, 0xE0, 0xFF, 0x24, 0x00, 0x00, 0x00, 0x14, 
0xC3, 0xFF, 0x9D, 0x00, 0x00, 0x00, 0x00, 0x00, 0xE0, 0xFF, 0xB7, 0xAC, 0xAF, 0xC3, 0xF7, 0xFF, 
0xCD, 0x10, 0x00, 0x00, 0x00, 0x00, 0x00, 0xBD, 0xFF, 0xFF, 0xFF, 0xFA, 0xEB, 0xC2, 0x6F, 0x08, 
0x00, 0x00, 0x29, 0x2D, 0x00, 0x00, 0x00, 0x00, 0x00, 0x00, 0x00, 0x00, 0x00, 0x00, 0x1C, 0x35, 
0x05, 0xFB, 0xFF, 0x07, 0x00, 0x00, 0x00, 0x00, 0x00, 0x00, 0x00, 0x00, 0x00, 0xBF, 0xFF, 0x43, 
0xFC, 0xFF, 0x08, 0x00, 0x00, 0x00, 0x00, 0x00, 0x00, 0x00, 0x00, 0x00, 0xC0, 0xFF, 0x44, 0xFC, 
0xFF, 0x08, 0x00, 0x00, 0x00, 0x00, 0x00, 0x00, 0x00, 0x00, 0x00, 0xC0, 0xFF, 0x44, 0xFC, 0xFF, 
0x08, 0x00, 0x00, 0x00, 0x00, 0x00, 0x00, 0x00, 0x00, 0x00, 0xC0, 0xFF, 0x44, 0xFC, 0xFF, 0x08, 
0x00, 0x00, 0x00, 0x00, 0x00, 0x00, 0x00, 0x00, 0x00, 0xC0, 0xFF, 0x44, 0xFC, 0xFF, 0x2A, 0x24, 
0x1F, 0x10, 0x00, 0x00, 0x00, 0x00, 0x00, 0x00, 0xC0, 0xFF, 0x44, 0xFC, 0xFF, 0xFF, 0xFF, 0xFF, 
0xFF, 0xE5, 0x8E, 0x10, 0x00, 0x00, 0x00, 0xC0, 0xFF, 0x44, 0xFC, 0xFF, 0x87, 0x84, 0x8B, 0xA6, 
0xF5, 0xFF, 0xD6, 0x0F, 0x00, 0x00, 0xC0, 0xFF, 0x44, 0xFC, 0xFF, 0x08, 0x00, 0x00, 0x00, 0x1A, 
0xDE, 0xFF, 0x83, 0x00, 0x00, 0xC0, 0xFF, 0x44, 0xFC, 0xFF, 0x08, 0x00, 0x00, 0x00, 0x00, 0x5F, 
0xFF, 0xCD, 0x00, 0x00, 0xC0, 0xFF, 0x44, 0xFC, 0xFF, 0x08, 0x00, 0x00, 0x00, 0x00, 0x3B, 0xFF, 
0xDD, 0x00, 0x00, 0xC0, 0xFF, 0x44, 0xFC, 0xFF, 0x08, 0x00, 0x00, 0x00, 0x00, 0x6B, 0xFF, 0xBB, 
0x00, 0x00, 0xC0, 0xFF, 0x44, 0xFC, 0xFF, 0x08, 0x00, 0x00, 0x00, 0x2A, 0xE6, 0xFF, 0x5D, 0x00, 
0x00, 0xC0, 0xFF, 0x44, 0xFC, 0xFF, 0xAA, 0xA8, 0xAD, 0xC9, 0xFC, 0xFF, 0x9C, 0x00, 0x00, 0x00, 
0xC0, 0xFF, 0x44, 0xDA, 0xFF, 0xFF, 0xFF, 0xF8, 0xE6, 0xB2, 0x50, 0x00, 0x00, 0x00, 0x00, 0xB9, 
0xFF, 0x3D, 0x00, 0x00, 0x00, 0x00, 0x00, 0x00, 0x00, 0x00, 0x00, 0x00, 0x00, 0x00, 0x05, 0x0F, 
0x00, 0x29, 0x2D, 0x00, 0x00, 0x00, 0x00, 0x00, 0x00, 0x00, 0x00, 0x00, 0xFB, 0xFF, 0x07, 0x00, 
0x00, 0x00, 0x00, 0x00, 0x00, 0x00, 0x00, 0xFC, 0xFF, 0x08, 0x00, 0x00, 0x00, 0x00, 0x00, 0x00, 
0x00, 0x00, 0xFC, 0xFF, 0x08, 0x00, 0x00, 0x00, 0x00, 0x00, 0x00, 0x00, 0x00, 0xFC, 0xFF, 0x08, 
0x00, 0x00, 0x00, 0x00, 0x00, 0x00, 0x00, 0x00, 0xFC, 0xFF, 0x08, 0x00, 0x00, 0x00, 0x00, 0x00, 
0x00, 0x00, 0x00, 0xFC, 0xFF, 0x36, 0x30, 0x2C, 0x20, 0x04, 0x00, 0x00, 0x00, 0x00, 0xFC, 0xFF, 
0xFF, 0xFF, 0xFF, 0xFF, 0xF9, 0xB3, 0x2E, 0x00, 0x00, 0xFC, 0xFF, 0x7C, 0x78, 0x7C, 0x92, 0xDF, 
0xFF, 0xF5, 0x37, 0x00, 0xFC, 0xFF, 0x08, 0x00, 0x00, 0x00, 0x06, 0xAA, 0xFF, 0xC6, 0x00, 0xFC, 
0xFF, 0x08, 0x00, 0x00, 0x00, 0x00, 0x21, 0xFF, 0xFF, 0x0C, 0xFC, 0xFF, 0x08, 0x00, 0x00, 0x00, 
0x00, 0x03, 0xFE, 0xFF, 0x19, 0xFC, 0xFF, 0x08, 0x00, 0x00, 0x00, 0x00, 0x31, 0xFF, 0xF4, 0x04, 
0xFC, 0xFF, 0x08, 0x00, 0x00, 0x00, 0x15, 0xC4, 0xFF, 0x9D, 0x00, 0xFC, 0xFF, 0xAE, 0xAC, 0xAF, 
0xC4, 0xF7, 0xFF, 0xCC, 0x10, 0x00, 0xDA, 0xFF, 0xFF, 0xFF, 0xFA, 0xEB, 0xC1, 0x6D, 0x07, 0x00, 
0x00, 0x00, 0x00, 0x17, 0x45, 0x59, 0x47, 0x14, 0x00, 0x00, 0x00, 0x00, 0x37, 0xC2, 0xFE, 0xFF, 
0xFF, 0xFF, 0xFC, 0xB0, 0x23, 0x00, 0x00, 0xC4, 0xF8, 0xAB, 0x76, 0x63, 0x89, 0xE4, 0xFF, 0xEB, 
0x2E, 0x00, 0x63, 0x1D, 0x00, 0x00, 0x00, 0x00, 0x0A, 0xB5, 0xFF, 0xD5, 0x05, 0x00, 0x00, 0x00, 
0x00, 0x00, 0x00, 0x00, 0x0F, 0xEC, 0xFF, 0x55, 0x00, 0x00, 0x00, 0x00, 0x00, 0x00, 0x00, 0x00, 
0x94, 0xFF, 0xA6, 0x00, 0x00, 0x00, 0x00, 0x00, 0x00, 0x00, 0x00, 0x60, 0xFF, 0xDA, 0x00, 0x83, 
0xB4, 0xB4, 0xB4, 0xB4, 0xB4, 0xB4, 0xC6, 0xFF, 0xF2, 0x00, 0xBF, 0xFC, 0xFC, 0xFC, 0xFC, 0xFC, 
0xFC, 0xFC, 0xFF, 0xFB, 0x00, 0x00, 0x00, 0x00, 0x00, 0x00, 0x00, 0x00, 0x3A, 0xFF, 0xED, 0x00, 
0x00, 0x00, 0x00, 0x00, 0x00, 0x00, 0x00, 0x57, 0xFF, 0xD0, 0x00, 0x00, 0x00, 0x00, 0x00, 0x00, 
0x00, 0x00, 0x94, 0xFF, 0x9B, 0x00, 0x00, 0x00, 0x00, 0x00, 0x00, 0x00, 0x15, 0xEE, 0xFF, 0x44, 
0xA8, 0x43, 0x00, 0x00, 0x00, 0x00, 0x13, 0xC1, 0xFF, 0xC0, 0x01, 0xD9, 0xFF, 0xD5, 0x99, 0x8C, 
0xA8, 0xF0, 0xFF, 0xDA, 0x1C, 0x00, 0x25, 0xA3, 0xF2, 0xFF, 0xFF, 0xFF, 0xEA, 0x8D, 0x10, 0x00, 
0x00, 0x00, 0x00, 0x03, 0x25, 0x32, 0x20, 0x02, 0x00, 0x00, 0x00, 0x00, 0x29, 0x2D, 0x00, 0x00, 
0x00, 0x00, 0x00, 0x00, 0x00, 0x20, 0x4F, 0x5E, 0x4D, 0x1B, 0x00, 0x00, 0x00, 0x00, 0xFB, 0xFF, 
0x07, 0x00, 0x00, 0x00, 0x00, 0x36, 0xC7, 0xFF, 0xFF, 0xFF, 0xFF, 0xFF, 0xBB, 0x2A, 0x00, 0x00, 
0xFC, 0xFF, 0x08, 0x00, 0x00, 0x00, 0x49, 0xF8, 0xFF, 0xB8, 0x6C, 0x5B, 0x7A, 0xD7, 0xFF, 0xF0, 
0x32, 0x00, 0xFC, 0xFF, 0x08, 0x00, 0x00, 0x13, 0xEE, 0xFF, 0x68, 0x00, 0x00, 0x00, 0x00, 0x06, 
0xAA, 0xFF, 0xD6, 0x04, 0xFC, 0xFF, 0x08, 0x00, 0x00, 0x7D, 0xFF, 0xAB, 0x00, 0x00, 0x00, 0x00, 
0x00, 0x00, 0x0C, 0xEB, 0xFF, 0x4E, 0xFC, 0xFF, 0x08, 0x00, 0x00, 0xCE, 0xFF, 0x43, 0x00, 0x00, 
0x00, 0x00, 0x00, 0x00, 0x00, 0x94, 0xFF, 0x9C, 0xFC, 0xFF, 0x08, 0x00, 0x06, 0xFC, 0xFF, 0x0E, 
0x00, 0x00, 0x00, 0x00, 0x00, 0x00, 0x00, 0x61, 0xFF, 0xCD, 0xFC, 0xFF, 0xBE, 0xBC, 0xC3, 0xFF, 
0xF7, 0x00, 0x00, 0x00, 0x00, 0x00, 0x00, 0x00, 0x00, 0x4A, 0xFF, 0xE3, 0xFC, 0xFF, 0xFC, 0xFC, 
0xFC, 0xFF, 0xE8, 0x00, 0x00, 0x00, 0x00, 0x00, 0x00, 0x00, 0x00, 0x3A, 0xFF, 0xEB, 0xFC, 0xFF, 
0x08, 0x00, 0x1E, 0xFF, 0xF2, 0x00, 0x00, 0x00, 0x00, 0x00, 0x00, 0x00, 0x00, 0x4E, 0xFF, 0xDD, 
0xFC, 0xFF, 0x08, 0x00, 0x08, 0xFD, 0xFF, 0x16, 0x00, 0x00, 0x00, 0x00, 0x00, 0x00, 0x00, 0x67, 
0xFF, 0xBD, 0xFC, 0xFF, 0x08, 0x00, 0x00, 0xD2, 0xFF, 0x56, 0x00, 0x00, 0x00, 0x00, 0x00, 0x00, 
0x00, 0xA0, 0xFF, 0x87, 0xFC, 0xFF, 0x08, 0x00, 0x00, 0x81, 0xFF, 0xC5, 0x02, 0x00, 0x00, 0x00, 
0x00, 0x00, 0x1A, 0xF5, 0xFF, 0x2E, 0xFC, 0xFF, 0x08, 0x00, 0x00, 0x17, 0xEE, 0xFF, 0x97, 0x09, 
0x00, 0x00, 0x00, 0x19, 0xCA, 0xFF, 0xA9, 0x00, 0xFC, 0xFF, 0x08, 0x00, 0x00, 0x00, 0x49, 0xF7, 
0xFF, 0xE6, 0xA8, 0x8F, 0xAC, 0xF4, 0xFF, 0xC9, 0x11, 0x00, 0xF6, 0xFB, 0x06, 0x00, 0x00, 0x00, 
0x00, 0x2B, 0xB0, 0xF8, 0xFF, 0xFF, 0xFF, 0xE0, 0x7A, 0x08, 0x00, 0x00, 0x0A, 0x0B, 0x00, 0x00, 
0x00, 0x00, 0x00, 0x00, 0x00, 0x09, 0x28, 0x31, 0x1B, 0x00, 0x00, 0x00, 0x00, 0x00, 0x00, 0x00, 
0x00, 0x00, 0x00, 0x09, 0x1F, 0x2A, 0x2C, 0x2C, 0x23, 0x00, 0x00, 0x00, 0x00, 0x46, 0xC4, 0xFB, 
0xFF, 0xFF, 0xFF, 0xFF, 0xFF, 0x42, 0x00, 0x00, 0x5C, 0xFF, 0xFF, 0xC5, 0x8D, 0x80, 0x80, 0xDA, 
0xFF, 0x50, 0x00, 0x04, 0xEB, 0xFF, 0x6F, 0x00, 0x00, 0x00, 0x00, 0xB4, 0xFF, 0x50, 0x00, 0x30, 
0xFF, 0xF3, 0x01, 0x00, 0x00, 0x00, 0x00, 0xB4, 0xFF, 0x50, 0x00, 0x31, 0xFF, 0xEE, 0x00, 0x00, 
0x00, 0x00, 0x00, 0xB4, 0xFF, 0x50, 0x00, 0x0A, 0xF1, 0xFF, 0x4D, 0x00, 0x00, 0x00, 0x00, 0xB4, 
0xFF, 0x50, 0x00, 0x00, 0x67, 0xFE, 0xF9, 0x92, 0x55, 0x48, 0x48, 0xC9, 0xFF, 0x50, 0x00, 0x00, 
0x00, 0x43, 0xC5, 0xFF, 0xFF, 0xFF, 0xFF, 0xFF, 0xFF, 0x50, 0x00, 0x00, 0x00, 0x49, 0xF4, 0xF8, 
0x90, 0x64, 0x60, 0xD0, 0xFF, 0x50, 0x00, 0x00, 0x14, 0xEE, 0xFE, 0x44, 0x00, 0x00, 0x00, 0xB4, 
0xFF, 0x50, 0x00, 0x00, 0x7E, 0xFF, 0xB1, 0x00, 0x00, 0x00, 0x00, 0xB4, 0xFF, 0x50, 0x00, 0x02, 
0xE1, 0xFF, 0x49, 0x00, 0x00, 0x00, 0x00, 0xB4, 0xFF, 0x50, 0x00, 0x46, 0xFF, 0xE7, 0x03, 0x00, 
0x00, 0x00, 0x00, 0xB4, 0xFF, 0x50, 0x00, 0xA8, 0xFF, 0x8B, 0x00, 0x00, 0x00, 0x00, 0x00, 0xB4, 
0xFF, 0x50, 0x01, 0xF3, 0xFC, 0x2A, 0x00, 0x00, 0x00, 0x00, 0x00, 0xAD, 0xFF, 0x49, 0x00, 0x09, 
0x0B, 0x00, 0x00, 0x00, 0x00, 0x00, 0x00, 0x05, 0x10, 0x00, 0x00, 0x00, 0x0B, 0x40, 0x59, 0x4E, 
0x19, 0x00, 0x00, 0x11, 0xA0, 0xF9, 0xFF, 0xFF, 0xFF, 0xFC, 0x91, 0x00, 0x63, 0xF7, 0x9B, 0x53, 
0x3D, 0x69, 0xEC, 0xFF, 0x57, 0x13, 0x19, 0x00, 0x00, 0x00, 0x00, 0x67, 0xFF, 0x97, 0x00, 0x00, 
0x00, 0x00, 0x00, 0x00, 0x37, 0xFF, 0xB5, 0x00, 0x00, 0x17, 0x4F, 0x69, 0x7E, 0x98, 0xFF, 0xBC, 
0x06, 0x98, 0xFC, 0xFF, 0xF8, 0xE8, 0xEC, 0xFF, 0xBC, 0x88, 0xFF, 0xBE, 0x2B, 0x00, 0x00, 0x30, 
0xFF, 0xBC, 0xDC, 0xFF, 0x26, 0x00, 0x00, 0x00, 0x30, 0xFF, 0xBC, 0xDE, 0xFF, 0x31, 0x00, 0x00, 
0x01, 0x8E, 0xFF, 0xBC, 0x89, 0xFF, 0xD6, 0x62, 0x5C, 0xBC, 0xF5, 0xF9, 0xBC, 0x06, 0x99, 0xFC, 
0xFF, 0xFF, 0xCB, 0x34, 0xE7, 0xB6, 0x00, 0x00, 0x0B, 0x2D, 0x1F, 0x00, 0x00, 0x0A, 0x06, 0x00, 
0x00, 0x00, 0x00, 0x00, 0x00, 0x00, 0x11, 0x3A, 0x5F, 0x05, 0x00, 0x00, 0x00, 0x1C, 0x78, 0xB9, 
0xE7, 0xFF, 0xFF, 0xFF, 0x1F, 0x00, 0x00, 0x6C, 0xF8, 0xFF, 0xFF, 0xF0, 0xC7, 0x9D, 0x6C, 0x02, 
0x00, 0x4A, 0xFF, 0xEA, 0x6C, 0x20, 0x00, 0x00, 0x00, 0x00, 0x00, 0x00, 0xCC, 0xFA, 0x2D, 0x00, 
0x00, 0x00, 0x00, 0x00, 0x00, 0x00, 0x21, 0xFF, 0xAF, 0x00, 0x00, 0x01, 0x04, 0x00, 0x00, 0x00, 
0x00, 0x55, 0xFF, 0x6E, 0x46, 0xC0, 0xF9, 0xFE, 0xDA, 0x70, 0x01, 0x00, 0x80, 0xFF, 0xBD, 0xFF, 
0xD6, 0x97, 0xA8, 0xF8, 0xFF, 0x8A, 0x00, 0x99, 0xFF, 0xFE, 0x76, 0x01, 0x00, 0x00, 0x43, 0xFC, 
0xFD, 0x20, 0xA7, 0xFF, 0x7B, 0x00, 0x00, 0x00, 0x00, 0x00, 0xB4, 0xFF, 0x6C, 0xB1, 0xFF, 0x55, 
0x00, 0x00, 0x00, 0x00, 0x00, 0x79, 0xFF, 0x93, 0xA8, 0xFF, 0x5D, 0x00, 0x00, 0x00, 0x00, 0x00, 
0x67, 0xFF, 0x9A, 0x8F, 0xFF, 0x77, 0x00, 0x00, 0x00, 0x00, 0x00, 0x83, 0xFF, 0x84, 0x60, 0xFF, 
0xAF, 0x00, 0x00, 0x00, 0x00, 0x00, 0xC2, 0xFF, 0x4C, 0x14, 0xF8, 0xFA, 0x2F, 0x00, 0x00, 0x00, 
0x51, 0xFF, 0xE0, 0x04, 0x00, 0x7F, 0xFF, 0xF0, 0x8A, 0x6A, 0x98, 0xFC, 0xF7, 0x3E, 0x00, 0x00, 
0x00, 0x76, 0xED, 0xFF, 0xFF, 0xFF, 0xC5, 0x36, 0x00, 0x00, 0x00, 0x00, 0x00, 0x03, 0x26, 0x31, 
0x15, 0x00, 0x00, 0x00, 0x00, 0x00, 0x17, 0x3A, 0x48, 0x4E, 0x43, 0x1D, 0x00, 0x00, 0x00, 0x18, 
0xFA, 0xFF, 0xFF, 0xFF, 0xFF, 0xFF, 0xC6, 0x23, 0x00, 0x34, 0xFF, 0xBE, 0x2D, 0x28, 0x3F, 0xA6, 
0xFF, 0xC6, 0x00, 0x34, 0xFF, 0xAC, 0x00, 0x00, 0x00, 0x01, 0xF0, 0xF7, 0x00, 0x34, 0xFF, 0xAC, 
0x00, 0x00, 0x00, 0x1F, 0xFC, 0xC8, 0x00, 0x34, 0xFF, 0xD4, 0x7C, 0x7D, 0x96, 0xEA, 0xCA, 0x27, 
0x00, 0x34, 0xFF, 0xF0, 0xD0, 0xD2, 0xE7, 0xFF, 0xE6, 0x61, 0x00, 0x34, 0xFF, 0xAC, 0x00, 0x00, 
0x00, 0x31, 0xE9, 0xFE, 0x2E, 0x34, 0xFF, 0xAC, 0x00, 0x00, 0x00, 0x00, 0x97, 0xFF, 0x69, 0x34, 
0xFF, 0xAC, 0x00, 0x00, 0x00, 0x01, 0xC2, 0xFF, 0x55, 0x33, 0xFF, 0xCF, 0x5D, 0x53, 0x66, 0xB8, 
0xFF, 0xDB, 0x0A, 0x0F, 0xE5, 0xFF, 0xFF, 0xFF, 0xFF, 0xEF, 0x9C, 0x18, 0x00, 0x00, 0x02, 0x15, 
0x20, 0x22, 0x16, 0x00, 0x00, 0x00, 0x00, 0x00, 0x1C, 0x24, 0x24, 0x24, 0x24, 0x1E, 0x00, 0x28, 
0xFF, 0xFF, 0xFF, 0xFF, 0xFF, 0xFE, 0x0E, 0x34, 0xFF, 0xE4, 0x98, 0x98, 0x98, 0x91, 0x03, 0x34, 
0xFF, 0xBC, 0x00, 0x00, 0x00, 0x00, 0x00, 0x34, 0xFF, 0xBC, 0x00, 0x00, 0x00, 0x00, 0x00, 0x34, 
0xFF, 0xBC, 0x00, 0x00, 0x00, 0x00, 0x00, 0x34, 0xFF, 0xBC, 0x00, 0x00, 0x00, 0x00, 0x00, 0x34, 
0xFF, 0xBC, 0x00, 0x00, 0x00, 0x00, 0x00, 0x34, 0xFF, 0xBC, 0x00, 0x00, 0x00, 0x00, 0x00, 0x34, 
0xFF, 0xBC, 0x00, 0x00, 0x00, 0x00, 0x00, 0x34, 0xFF, 0xBC, 0x00, 0x00, 0x00, 0x00, 0x00, 0x2F, 
0xFF, 0xB6, 0x00, 0x00, 0x00, 0x00, 0x00, 0x00, 0x0F, 0x05, 0x00, 0x00, 0x00, 0x00, 0x00, 0x00, 
0x00, 0x00, 0x00, 0x14, 0x24, 0x24, 0x24, 0x24, 0x24, 0x19, 0x00, 0x00, 0x00, 0x00, 0x00, 0x00, 
0x00, 0xE8, 0xFF, 0xFF, 0xFF, 0xFF, 0xFF, 0xFF, 0x17, 0x00, 0x00, 0x00, 0x00, 0x00, 0x0E, 0xFF, 
0xE4, 0x74, 0x74, 0x74, 0xE5, 0xFF, 0x24, 0x00, 0x00, 0x00, 0x00, 0x00, 0x30, 0xFF, 0xB2, 0x00, 
0x00, 0x00, 0xD0, 0xFF, 0x24, 0x00, 0x00, 0x00, 0x00, 0x00, 0x58, 0xFF, 0x8C, 0x00, 0x00, 0x00, 
0xD0, 0xFF, 0x24, 0x00, 0x00, 0x00, 0x00, 0x00, 0x88, 0xFF, 0x5E, 0x00, 0x00, 0x00, 0xD0, 0xFF, 
0x24, 0x00, 0x00, 0x00, 0x00, 0x00, 0xC1, 0xFF, 0x27, 0x00, 0x00, 0x00, 0xD0, 0xFF, 0x24, 0x00, 
0x00, 0x00, 0x00, 0x10, 0xFA, 0xE3, 0x00, 0x00, 0x00, 0x00, 0xD0, 0xFF, 0x24, 0x00, 0x00, 0x00, 
0x00, 0x6B, 0xFF, 0x8B, 0x00, 0x00, 0x00, 0x00, 0xD0, 0xFF, 0x24, 0x00, 0x00, 0x00, 0x0F, 0xE4, 
0xF1, 0x1A, 0x00, 0x00, 0x00, 0x00, 0xD0, 0xFF, 0x24, 0x00, 0x00, 0x6D, 0xC8, 0xFF, 0xDA, 0xA4, 
0xA4, 0xA4, 0xA4, 0xA4, 0xEE, 0xFF, 0xB0, 0x9D, 0x04, 0xBC, 0xFF, 0xFF, 0xFF, 0xFF, 0xFF, 0xFF, 
0xFF, 0xFF, 0xFF, 0xFF, 0xFF, 0xFF, 0x10, 0xBC, 0xE8, 0x00, 0x00, 0x00, 0x00, 0x00, 0x00, 0x00, 
0x00, 0x00, 0x94, 0xFF, 0x10, 0xBC, 0xE8, 0x00, 0x00, 0x00, 0x00, 0x00, 0x00, 0x00, 0x00, 0x00, 
0x94, 0xFF, 0x10, 0xBC, 0xE8, 0x00, 0x00, 0x00, 0x00, 0x00, 0x00, 0x00, 0x00, 0x00, 0x94, 0xFF, 
0x10, 0x93, 0xB9, 0x00, 0x00, 0x00, 0x00, 0x00, 0x00, 0x00, 0x00, 0x00, 0x73, 0xD0, 0x0A, 0x00, 
0x00, 0x00, 0x1B, 0x50, 0x57, 0x32, 0x01, 0x00, 0x00, 0x00, 0x0C, 0xA3, 0xFE, 0xFF, 0xFF, 0xFF, 
0xD1, 0x2A, 0x00, 0x01, 0xBC, 0xFF, 0xAC, 0x38, 0x37, 0x89, 0xFD, 0xE5, 0x10, 0x53, 0xFF, 0xB6, 
0x00, 0x00, 0x00, 0x00, 0x94, 0xFF, 0x72, 0xAA, 0xFF, 0x4A, 0x00, 0x00, 0x00, 0x00, 0x41, 0xFF, 
0xB1, 0xD6, 0xFF, 0xA8, 0x98, 0x98, 0x98, 0x98, 0xAA, 0xFF, 0xC8, 0xE4, 0xFF, 0xD6, 0xD0, 0xD0, 
0xD0, 0xD0, 0xD0, 0xD0, 0x81, 0xD7, 0xFF, 0x32, 0x00, 0x00, 0x00, 0x00, 0x00, 0x00, 0x00, 0xAE, 
0xFF, 0x5F, 0x00, 0x00, 0x00, 0x00, 0x00, 0x00, 0x00, 0x5B, 0xFF, 0xD6, 0x10, 0x00, 0x00, 0x00, 
0x00, 0x07, 0x06, 0x03, 0xBE, 0xFF, 0xE0, 0x77, 0x5D, 0x6E, 0xA2, 0xF0, 0x53, 0x00, 0x0A, 0x90, 
0xF2, 0xFF, 0xFF, 0xFF, 0xF1, 0xA9, 0x19, 0x00, 0x00, 0x00, 0x04, 0x27, 0x33, 0x20, 0x02, 0x00, 
0x00, 0x00, 0x21, 0x2E, 0x02, 0x00, 0x00, 0x00, 0x19, 0x2F, 0x04, 0x00, 0x00, 0x00, 0x10, 0x31, 
0x0B, 0x00, 0xB5, 0xFF, 0x60, 0x00, 0x00, 0x00, 0xB3, 0xFF, 0x3B, 0x00, 0x00, 0x00, 0xBF, 0xFF, 
0x45, 0x00, 0x4F, 0xFF, 0xC1, 0x00, 0x00, 0x00, 0xB4, 0xFF, 0x3C, 0x00, 0x00, 0x27, 0xFF, 0xDA, 
0x01, 0x00, 0x02, 0xDF, 0xFF, 0x26, 0x00, 0x00, 0xB4, 0xFF, 0x3C, 0x00, 0x00, 0x90, 0xFF, 0x6E, 
0x00, 0x00, 0x00, 0x6B, 0xFF, 0xA8, 0x00, 0x00, 0xB4, 0xFF, 0x3C, 0x00, 0x23, 0xF5, 0xE7, 0x0A, 
0x00, 0x00, 0x00, 0x02, 0xA9, 0xFF, 0xBD, 0x87, 0xDB, 0xFF, 0xA1, 0x96, 0xEB, 0xF0, 0x3F, 0x00, 
0x00, 0x00, 0x00, 0x00, 0x4D, 0xEB, 0xFF, 0xFF, 0xFF, 0xFF, 0xFF, 0xFF, 0xFF, 0xB2, 0x15, 0x00, 
0x00, 0x00, 0x00, 0x4E, 0xFE, 0xD7, 0x39, 0x0C, 0xB6, 0xFF, 0x42, 0x17, 0x7E, 0xFF, 0xD1, 0x06, 
0x00, 0x00, 0x04, 0xDE, 0xFE, 0x30, 0x00, 0x00, 0xB4, 0xFF, 0x3C, 0x00, 0x00, 0xAD, 0xFF, 0x6D, 
0x00, 0x00, 0x56, 0xFF, 0xB8, 0x00, 0x00, 0x00, 0xB4, 0xFF, 0x3C, 0x00, 0x00, 0x34, 0xFF, 0xDE, 
0x02, 0x00, 0xC6, 0xFF, 0x4E, 0x00, 0x00, 0x00, 0xB4, 0xFF, 0x3C, 0x00, 0x00, 0x00, 0xCB, 0xFF, 
0x51, 0x29, 0xFF, 0xDD, 0x03, 0x00, 0x00, 0x00, 0xB0, 0xFF, 0x38, 0x00, 0x00, 0x00, 0x5D, 0xFF, 
0xB4, 0x00, 0x10, 0x05, 0x00, 0x00, 0x00, 0x00, 0x05, 0x0F, 0x00, 0x00, 0x00, 0x00, 0x00, 0x0E, 
0x07, 0x00, 0x00, 0x05, 0x37, 0x57, 0x4A, 0x1E, 0x00, 0x00, 0x00, 0x00, 0x6D, 0xED, 0xFF, 0xFF, 
0xFF, 0xFD, 0x9F, 0x03, 0x00, 0x00, 0xE3, 0xA8, 0x52, 0x31, 0x4F, 0xD7, 0xFF, 0x76, 0x00, 0x00, 
0x11, 0x00, 0x00, 0x00, 0x00, 0x53, 0xFF, 0xA7, 0x00, 0x00, 0x00, 0x00, 0x00, 0x00, 0x00, 0x85, 
0xFF, 0x72, 0x00, 0x00, 0x00, 0x44, 0x80, 0x8D, 0xBE, 0xFC, 0x9F, 0x06, 0x00, 0x00, 0x00, 0x90, 
0xF8, 0xFF, 0xFF, 0xF3, 0x96, 0x0E, 0x00, 0x00, 0x00, 0x00, 0x00, 0x07, 0x2F, 0xAD, 0xFF, 0xAF, 
0x00, 0x00, 0x00, 0x00, 0x00, 0x00, 0x00, 0x0A, 0xFD, 0xFC, 0x09, 0x03, 0x2D, 0x00, 0x00, 0x00, 
0x00, 0x2B, 0xFF, 0xF8, 0x06, 0x1B, 0xFE, 0xB1, 0x6C, 0x57, 0x76, 0xE1, 0xFF, 0x94, 0x00, 0x00, 
0x85, 0xEE, 0xFF, 0xFF, 0xFF, 0xEE, 0x83, 0x04, 0x00, 0x00, 0x00, 0x02, 0x25, 0x32, 0x19, 0x01, 
0x00, 0x00, 0x00, 0x03, 0x2F, 0x16, 0x00, 0x00, 0x00, 0x00, 0x00, 0x11, 0x2F, 0x02, 0x33, 0xFF, 
0xB9, 0x00, 0x00, 0x00, 0x00, 0x11, 0xE1, 0xFF, 0x2E, 0x34, 0xFF, 0xBC, 0x00, 0x00, 0x00, 0x00, 
0xAD, 0xFF, 0xFF, 0x30, 0x34, 0xFF, 0xBC, 0x00, 0x00, 0x00, 0x69, 0xFF, 0xFC, 0xFF, 0x30, 0x34, 
0xFF, 0xBC, 0x00, 0x00, 0x2C, 0xF7, 0xD2, 0xC1, 0xFF, 0x30, 0x34, 0xFF, 0xBC, 0x00, 0x09, 0xD5, 
0xF7, 0x2D, 0xC3, 0xFF, 0x30, 0x34, 0xFF, 0xBC, 0x00, 0x9A, 0xFF, 0x69, 0x00, 0xC4, 0xFF, 0x30, 
0x34, 0xFF, 0xB9, 0x54, 0xFF, 0xAD, 0x00, 0x00, 0xC4, 0xFF, 0x30, 0x34, 0xFF, 0xC2, 0xEC, 0xE1, 
0x11, 0x00, 0x00, 0xC4, 0xFF, 0x30, 0x34, 0xFF, 0xFF, 0xFC, 0x3B, 0x00, 0x00, 0x00, 0xC4, 0xFF, 
0x30, 0x34, 0xFF, 0xFF, 0x7C, 0x00, 0x00, 0x00, 0x00, 0xC4, 0xFF, 0x30, 0x2F, 0xFF, 0xBC, 0x02, 
0x00, 0x00, 0x00, 0x00, 0xBE, 0xFF, 0x2A, 0x00, 0x0F, 0x02, 0x00, 0x00, 0x00, 0x00, 0x00, 0x06, 
0x0E, 0x00, 0x00, 0x00, 0x33, 0x1F, 0x00, 0x00, 0x00, 0x1A, 0x37, 0x01, 0x00, 0x00, 0x03, 0xFA, 
0xC2, 0x00, 0x00, 0x00, 0xAD, 0xFF, 0x18, 0x00, 0x00, 0x00, 0xC6, 0xFC, 0x58, 0x0E, 0x48, 0xF7, 
0xDD, 0x00, 0x00, 0x00, 0x00, 0x2F, 0xE1, 0xFF, 0xFF, 0xFF, 0xEF, 0x3E, 0x00, 0x00, 0x00, 0x00, 
0x00, 0x08, 0x43, 0x61, 0x50, 0x0F, 0x00, 0x00, 0x00, 0x03, 0x2F, 0x16, 0x00, 0x00, 0x00, 0x00, 
0x00, 0x11, 0x2F, 0x02, 0x33, 0xFF, 0xB9, 0x00, 0x00, 0x00, 0x00, 0x11, 0xE1, 0xFF, 0x2E, 0x34, 
0xFF, 0xBC, 0x00, 0x00, 0x00, 0x00, 0xAD, 0xFF, 0xFF, 0x30, 0x34, 0xFF, 0xBC, 0x00, 0x00, 0x00, 
0x69, 0xFF, 0xFC, 0xFF, 0x30, 0x34, 0xFF, 0xBC, 0x00, 0x00, 0x2C, 0xF7, 0xD2, 0xC1, 0xFF, 0x30, 
0x34, 0xFF, 0xBC, 0x00, 0x09, 0xD5, 0xF7, 0x2D, 0xC3, 0xFF, 0x30, 0x34, 0xFF, 0xBC, 0x00, 0x9A, 
0xFF, 0x69, 0x00, 0xC4, 0xFF, 0x30, 0x34, 0xFF, 0xB9, 0x54, 0xFF, 0xAD, 0x00, 0x00, 0xC4, 0xFF, 
0x30, 0x34, 0xFF, 0xC2, 0xEC, 0xE1, 0x11, 0x00, 0x00, 0xC4, 0xFF, 0x30, 0x34, 0xFF, 0xFF, 0xFC, 
0x3B, 0x00, 0x00, 0x00, 0xC4, 0xFF, 0x30, 0x34, 0xFF, 0xFF, 0x7C, 0x00, 0x00, 0x00, 0x00, 0xC4, 
0xFF, 0x30, 0x2F, 0xFF, 0xBC, 0x02, 0x00, 0x00, 0x00, 0x00, 0xBE, 0xFF, 0x2A, 0x00, 0x0F, 0x02, 
0x00, 0x00, 0x00, 0x00, 0x00, 0x06, 0x0E, 0x00, 0x03, 0x2E, 0x19, 0x00, 0x00, 0x00, 0x00, 0x24, 
0x29, 0x00, 0x33, 0xFF, 0xBB, 0x00, 0x00, 0x00, 0x24, 0xFE, 0xE0, 0x00, 0x34, 0xFF, 0xBC, 0x00, 
0x00, 0x00, 0x8C, 0xFF, 0x77, 0x00, 0x34, 0xFF, 0xBC, 0x00, 0x00, 0x09, 0xEC, 0xF6, 0x12, 0x00, 
0x34, 0xFF, 0xBC, 0x00, 0x00, 0x7F, 0xFF, 0x8C, 0x00, 0x00, 0x34, 0xFF, 0xDF, 0x86, 0xB3, 0xFF, 
0xBB, 0x0A, 0x00, 0x00, 0x34, 0xFF, 0xFF, 0xFF, 0xFF, 0xF1, 0x62, 0x00, 0x00, 0x00, 0x34, 0xFF, 
0xBE, 0x0B, 0x32, 0xC6, 0xFF, 0x70, 0x00, 0x00, 0x34, 0xFF, 0xBC, 0x00, 0x00, 0x19, 0xF7, 0xF3, 
0x13, 0x00, 0x34, 0xFF, 0xBC, 0x00, 0x00, 0x00, 0x9C, 0xFF, 0x7A, 0x00, 0x34, 0xFF, 0xBC, 0x00, 
0x00, 0x00, 0x32, 0xFF, 0xE4, 0x04, 0x2F, 0xFF, 0xB6, 0x00, 0x00, 0x00, 0x00, 0xC5, 0xFF, 0x4B, 
0x00, 0x0E, 0x05, 0x00, 0x00, 0x00, 0x00, 0x03, 0x11, 0x01, 0x00, 0x00, 0x00, 0x00, 0x1A, 0x24, 
0x24, 0x24, 0x24, 0x22, 0x02, 0x00, 0x00, 0x00, 0x1B, 0xFF, 0xFF, 0xFF, 0xFF, 0xFF, 0xFF, 0x67, 
0x00, 0x00, 0x00, 0x3F, 0xFF, 0xCA, 0x80, 0x80, 0xBE, 0xFF, 0x74, 0x00, 0x00, 0x00, 0x5E, 0xFF, 
0x7D, 0x00, 0x00, 0x7C, 0xFF, 0x74, 0x00, 0x00, 0x00, 0x81, 0xFF, 0x5C, 0x00, 0x00, 0x7C, 0xFF, 
0x74, 0x00, 0x00, 0x00, 0xAB, 0xFF, 0x34, 0x00, 0x00, 0x7C, 0xFF, 0x74, 0x00, 0x00, 0x00, 0xDC, 
0xFB, 0x08, 0x00, 0x00, 0x7C, 0xFF, 0x74, 0x00, 0x00, 0x19, 0xFF, 0xC9, 0x00, 0x00, 0x00, 0x7C, 
0xFF, 0x74, 0x00, 0x00, 0x70, 0xFF, 0x80, 0x00, 0x00, 0x00, 0x7C, 0xFF, 0x74, 0x00, 0x13, 0xE6, 
0xFC, 0x22, 0x00, 0x00, 0x00, 0x7C, 0xFF, 0x74, 0x68, 0xE0, 0xFF, 0x96, 0x00, 0x00, 0x00, 0x00, 
0x7C, 0xFF, 0x74, 0xB7, 0xFE, 0x9A, 0x07, 0x00, 0x00, 0x00, 0x00, 0x76, 0xFF, 0x6E, 0x1B, 0x10, 
0x00, 0x00, 0x00, 0x00, 0x00, 0x00, 0x01, 0x11, 0x01, 0x00, 0x03, 0x22, 0x17, 0x00, 0x00, 0x00, 
0x00, 0x00, 0x00, 0x0C, 0x23, 0x0B, 0x00, 0x00, 0x00, 0x9F, 0xFF, 0xFF, 0x5C, 0x00, 0x00, 0x00, 
0x00, 0x1C, 0xF1, 0xFF, 0xDD, 0x00, 0x00, 0x00, 0xCF, 0xFD, 0xF0, 0xC9, 0x00, 0x00, 0x00, 0x00, 
0x7B, 0xFF, 0xEC, 0xFF, 0x0B, 0x00, 0x00, 0xEC, 0xE8, 0xA9, 0xFF, 0x21, 0x00, 0x00, 0x00, 0xD4, 
0xD7, 0xB5, 0xFF, 0x29, 0x00, 0x0A, 0xFF, 0xCE, 0x58, 0xFF, 0x79, 0x00, 0x00, 0x2E, 0xFF, 0x84, 
0x9E, 0xFF, 0x47, 0x00, 0x28, 0xFF, 0xB5, 0x0B, 0xF5, 0xD2, 0x00, 0x00, 0x88, 0xFF, 0x2F, 0x82, 
0xFF, 0x65, 0x00, 0x45, 0xFF, 0x98, 0x00, 0xAA, 0xFF, 0x2A, 0x00, 0xE0, 0xD5, 0x00, 0x64, 0xFF, 
0x83, 0x00, 0x63, 0xFF, 0x79, 0x00, 0x54, 0xFF, 0x7F, 0x35, 0xFF, 0x7A, 0x00, 0x45, 0xFF, 0xA1, 
0x00, 0x81, 0xFF, 0x5B, 0x00, 0x09, 0xF3, 0xCD, 0x84, 0xFE, 0x20, 0x00, 0x25, 0xFF, 0xBF, 0x00, 
0x9E, 0xFF, 0x3C, 0x00, 0x00, 0xA6, 0xFE, 0xE0, 0xC4, 0x00, 0x00, 0x07, 0xFE, 0xDD, 0x00, 0xBC, 
0xFF, 0x1E, 0x00, 0x00, 0x4F, 0xFF, 0xFF, 0x69, 0x00, 0x00, 0x00, 0xE7, 0xF9, 0x01, 0xD4, 0xF7, 
0x03, 0x00, 0x00, 0x07, 0xEB, 0xF5, 0x13, 0x00, 0x00, 0x00, 0xC4, 0xFE, 0x0E, 0x0A, 0x0A, 0x00, 
0x00, 0x00, 0x00, 0x08, 0x0A, 0x00, 0x00, 0x00, 0x00, 0x07, 0x0C, 0x00, 0x02, 0x2E, 0x18, 0x00, 
0x00, 0x00, 0x00, 0x00, 0x21, 0x28, 0x00, 0x33, 0xFF, 0xBA, 0x00, 0x00, 0x00, 0x00, 0x00, 0xE3, 
0xFF, 0x0B, 0x34, 0xFF, 0xBC, 0x00, 0x00, 0x00, 0x00, 0x00, 0xE4, 0xFF, 0x0C, 0x34, 0xFF, 0xBC, 
0x00, 0x00, 0x00, 0x00, 0x00, 0xE4, 0xFF, 0x0C, 0x34, 0xFF, 0xBC, 0x00, 0x00, 0x00, 0x00, 0x00, 
0xE4, 0xFF, 0x0C, 0x34, 0xFF, 0xE1, 0x8C, 0x8C, 0x8C, 0x8C, 0x8C, 0xF3, 0xFF, 0x0C, 0x34, 0xFF, 
0xFF, 0xFF, 0xFF, 0xFF, 0xFF, 0xFF, 0xFF, 0xFF, 0x0C, 0x34, 0xFF, 0xC1, 0x14, 0x14, 0x14, 0x14, 
0x14, 0xE6, 0xFF, 0x0C, 0x34, 0xFF, 0xBC, 0x00, 0x00, 0x00, 0x00, 0x00, 0xE4, 0xFF, 0x0C, 0x34, 
0xFF, 0xBC, 0x00, 0x00, 0x00, 0x00, 0x00, 0xE4, 0xFF, 0x0C, 0x34, 0xFF, 0xBC, 0x00, 0x00, 0x00, 
0x00, 0x00, 0xE4, 0xFF, 0x0C, 0x2F, 0xFF, 0xB6, 0x00, 0x00, 0x00, 0x00, 0x00, 0xDE, 0xFC, 0x09, 
0x00, 0x0F, 0x05, 0x00, 0x00, 0x00, 0x00, 0x00, 0x09, 0x0B, 0x00, 0x00, 0x00, 0x00, 0x13, 0x4A, 
0x5A, 0x46, 0x0E, 0x00, 0x00, 0x00, 0x00, 0x0A, 0x9A, 0xFC, 0xFF, 0xFF, 0xFF, 0xF8, 0x86, 0x02, 
0x00, 0x01, 0xBC, 0xFF, 0xCC, 0x5F, 0x47, 0x74, 0xEC, 0xFF, 0x8E, 0x00, 0x56, 0xFF, 0xD5, 0x08, 
0x00, 0x00, 0x00, 0x2F, 0xFE, 0xFC, 0x1C, 0xAE, 0xFF, 0x62, 0x00, 0x00, 0x00, 0x00, 0x00, 0xBA, 
0xFF, 0x67, 0xDD, 0xFF, 0x2D, 0x00, 0x00, 0x00, 0x00, 0x00, 0x87, 0xFF, 0x8D, 0xEC, 0xFF, 0x1A, 
0x00, 0x00, 0x00, 0x00, 0x00, 0x77, 0xFF, 0x96, 0xE0, 0xFF, 0x2E, 0x00, 0x00, 0x00, 0x00, 0x00, 
0x8F, 0xFF, 0x82, 0xB6, 0xFF, 0x6B, 0x00, 0x00, 0x00, 0x00, 0x00, 0xCB, 0xFF, 0x4C, 0x63, 0xFF, 
0xDD, 0x18, 0x00, 0x00, 0x00, 0x5D, 0xFF, 0xE3, 0x05, 0x04, 0xC8, 0xFF, 0xE2, 0x82, 0x6E, 0xA1, 
0xFE, 0xF9, 0x46, 0x00, 0x00, 0x0E, 0x9B, 0xF6, 0xFF, 0xFF, 0xFE, 0xC6, 0x3B, 0x00, 0x00, 0x00, 
0x00, 0x00, 0x07, 0x2A, 0x30, 0x14, 0x00, 0x00, 0x00, 0x00, 0x00, 0x1C, 0x24, 0x24, 0x24, 0x24, 
0x24, 0x24, 0x24, 0x0A, 0x28, 0xFF, 0xFF, 0xFF, 0xFF, 0xFF, 0xFF, 0xFF, 0xFF, 0xA8, 0x34, 0xFF, 
0xDE, 0x80, 0x80, 0x80, 0x80, 0xA0, 0xFF, 0xB4, 0x34, 0xFF, 0xBC, 0x00, 0x00, 0x00, 0x00, 0x40, 
0xFF, 0xB4, 0x34, 0xFF, 0xBC, 0x00, 0x00, 0x00, 0x00, 0x40, 0xFF, 0xB4, 0x34, 0xFF, 0xBC, 0x00, 
0x00, 0x00, 0x00, 0x40, 0xFF, 0xB4, 0x34, 0xFF, 0xBC, 0x00, 0x00, 0x00, 0x00, 0x40, 0xFF, 0xB4, 
0x34, 0xFF, 0xBC, 0x00, 0x00, 0x00, 0x00, 0x40, 0xFF, 0xB4, 0x34, 0xFF, 0xBC, 0x00, 0x00, 0x00, 
0x00, 0x40, 0xFF, 0xB4, 0x34, 0xFF, 0xBC, 0x00, 0x00, 0x00, 0x00, 0x40, 0xFF, 0xB4, 0x34, 0xFF, 
0xBC, 0x00, 0x00, 0x00, 0x00, 0x40, 0xFF, 0xB4, 0x2F, 0xFF, 0xB5, 0x00, 0x00, 0x00, 0x00, 0x3A, 
0xFF, 0xAE, 0x00, 0x0F, 0x05, 0x00, 0x00, 0x00, 0x00, 0x00, 0x0F, 0x05, 0x03, 0x2F, 0x0F, 0x00, 
0x07, 0x46, 0x57, 0x2C, 0x00, 0x00, 0x00, 0x33, 0xFF, 0x7F, 0x52, 0xE8, 0xFF, 0xFF, 0xFF, 0xB3, 
0x0A, 0x00, 0x34, 0xFF, 0xD4, 0xFE, 0xB9, 0x5A, 0x6A, 0xE8, 0xFF, 0x9C, 0x00, 0x34, 0xFF, 0xFF, 
0x85, 0x00, 0x00, 0x00, 0x38, 0xFF, 0xFC, 0x16, 0x34, 0xFF, 0xCA, 0x00, 0x00, 0x00, 0x00, 0x00, 
0xCF, 0xFF, 0x4E, 0x34, 0xFF, 0xBC, 0x00, 0x00, 0x00, 0x00, 0x00, 0xA1, 0xFF, 0x6A, 0x34, 0xFF, 
0xBC, 0x00, 0x00, 0x00, 0x00, 0x00, 0x92, 0xFF, 0x7A, 0x34, 0xFF, 0xBC, 0x00, 0x00, 0x00, 0x00, 
0x00, 0xA7, 0xFF, 0x6A, 0x34, 0xFF, 0xD0, 0x02, 0x00, 0x00, 0x00, 0x01, 0xE2, 0xFF, 0x3F, 0x34, 
0xFF, 0xFF, 0x9D, 0x03, 0x00, 0x00, 0x64, 0xFF, 0xE8, 0x04, 0x34, 0xFF, 0xED, 0xFD, 0xCF, 0x7C, 
0x96, 0xFB, 0xFF, 0x5D, 0x00, 0x34, 0xFF, 0xBC, 0x4C, 0xE5, 0xFF, 0xFF, 0xEB, 0x63, 0x00, 0x00, 
0x34, 0xFF, 0xBC, 0x00, 0x04, 0x2C, 0x2A, 0x04, 0x00, 0x00, 0x00, 0x34, 0xFF, 0xBC, 0x00, 0x00, 
0x00, 0x00, 0x00, 0x00, 0x00, 0x00, 0x34, 0xFF, 0xBC, 0x00, 0x00, 0x00, 0x00, 0x00, 0x00, 0x00, 
0x00, 0x33, 0xFF, 0xBB, 0x00, 0x00, 0x00, 0x00, 0x00, 0x00, 0x00, 0x00, 0x05, 0x3F, 0x24, 0x00, 
0x00, 0x00, 0x00, 0x00, 0x00, 0x00, 0x00, 0x00, 0x00, 0x00, 0x24, 0x51, 0x4E, 0x1C, 0x00, 0x00, 
0x00, 0x18, 0xBA, 0xFF, 0xFF, 0xFF, 0xFE, 0xA5, 0x09, 0x07, 0xD2, 0xFF, 0xB4, 0x53, 0x5D, 0xA8, 
0xFE, 0x4D, 0x64, 0xFF, 0xC4, 0x01, 0x00, 0x00, 0x00, 0x42, 0x1C, 0xB4, 0xFF, 0x58, 0x00, 0x00, 
0x00, 0x00, 0x00, 0x00, 0xDE, 0xFF, 0x2C, 0x00, 0x00, 0x00, 0x00, 0x00, 0x00, 0xEC, 0xFF, 0x1A, 
0x00, 0x00, 0x00, 0x00, 0x00, 0x00, 0xE2, 0xFF, 0x2F, 0x00, 0x00, 0x00, 0x00, 0x00, 0x00, 0xBC, 
0xFF, 0x62, 0x00, 0x00, 0x00, 0x00, 0x00, 0x00, 0x6F, 0xFF, 0xD4, 0x09, 0x00, 0x00, 0x02, 0x71, 
0x3F, 0x09, 0xD8, 0xFF, 0xD9, 0x8D, 0x8A, 0xD4, 0xFF, 0x53, 0x00, 0x1A, 0xB3, 0xFD, 0xFF, 0xFF, 
0xE9, 0x77, 0x02, 0x00, 0x00, 0x00, 0x12, 0x31, 0x26, 0x02, 0x00, 0x00, 0x17, 0x24, 0x24, 0x24, 
0x24, 0x24, 0x24, 0x24, 0x22, 0x00, 0xD8, 0xFF, 0xFF, 0xFF, 0xFF, 0xFF, 0xFF, 0xFF, 0xFF, 0x22, 
0x7A, 0x9C, 0x9C, 0xBB, 0xFF, 0xD8, 0x9C, 0x9C, 0x9A, 0x0D, 0x00, 0x00, 0x00, 0x50, 0xFF, 0x9C, 
0x00, 0x00, 0x00, 0x00, 0x00, 0x00, 0x00, 0x50, 0xFF, 0x9C, 0x00, 0x00, 0x00, 0x00, 0x00, 0x00, 
0x00, 0x50, 0xFF, 0x9C, 0x00, 0x00, 0x00, 0x00, 0x00, 0x00, 0x00, 0x50, 0xFF, 0x9C, 0x00, 0x00, 
0x00, 0x00, 0x00, 0x00, 0x00, 0x50, 0xFF, 0x9C, 0x00, 0x00, 0x00, 0x00, 0x00, 0x00, 0x00, 0x50, 
0xFF, 0x9C, 0x00, 0x00, 0x00, 0x00, 0x00, 0x00, 0x00, 0x50, 0xFF, 0x9C, 0x00, 0x00, 0x00, 0x00, 
0x00, 0x00, 0x00, 0x50, 0xFF, 0x9C, 0x00, 0x00, 0x00, 0x00, 0x00, 0x00, 0x00, 0x4B, 0xFF, 0x96, 
0x00, 0x00, 0x00, 0x00, 0x00, 0x00, 0x00, 0x00, 0x11, 0x03, 0x00, 0x00, 0x00, 0x00, 0x12, 0x31, 
0x0A, 0x00, 0x00, 0x00, 0x00, 0x00, 0x0D, 0x30, 0x0A, 0x7D, 0xFF, 0x99, 0x00, 0x00, 0x00, 0x00, 
0x00, 0xA1, 0xFF, 0x5C, 0x26, 0xFF, 0xEE, 0x06, 0x00, 0x00, 0x00, 0x08, 0xF1, 0xF8, 0x10, 0x00, 
0xC6, 0xFF, 0x4F, 0x00, 0x00, 0x00, 0x51, 0xFF, 0xAB, 0x00, 0x00, 0x67, 0xFF, 0xAA, 0x00, 0x00, 
0x00, 0xA8, 0xFF, 0x4E, 0x00, 0x00, 0x10, 0xF7, 0xF7, 0x0D, 0x00, 0x0A, 0xF4, 0xEC, 0x05, 0x00, 
0x00, 0x00, 0xA8, 0xFF, 0x5F, 0x00, 0x57, 0xFF, 0x95, 0x00, 0x00, 0x00, 0x00, 0x49, 0xFF, 0xBA, 
0x00, 0xAE, 0xFF, 0x38, 0x00, 0x00, 0x00, 0x00, 0x03, 0xE6, 0xFC, 0x26, 0xF7, 0xDB, 0x00, 0x00, 
0x00, 0x00, 0x00, 0x00, 0x8B, 0xFF, 0xC9, 0xFF, 0x7F, 0x00, 0x00, 0x00, 0x00, 0x00, 0x00, 0x2B, 
0xFF, 0xFF, 0xFF, 0x23, 0x00, 0x00, 0x00, 0x00, 0x00, 0x00, 0x00, 0xC5, 0xFF, 0xC6, 0x00, 0x00, 
0x00, 0x00, 0x00, 0x00, 0x00, 0x00, 0x9F, 0xFF, 0x69, 0x00, 0x00, 0x00, 0x00, 0x00, 0x00, 0x00, 
0x0E, 0xF5, 0xF9, 0x12, 0x00, 0x00, 0x00, 0x00, 0x00, 0x00, 0x00, 0x69, 0xFF, 0xAF, 0x00, 0x00, 
0x00, 0x00, 0x00, 0x00, 0x00, 0x00, 0xCC, 0xFF, 0x51, 0x00, 0x00, 0x00, 0x00, 0x00, 0x00, 0x00, 
0x00, 0x31, 0x36, 0x00, 0x00, 0x00, 0x00, 0x00, 0x00, 0x00, 0x00, 0x00, 0x00, 0x00, 0x00, 0x0A, 
0x2B, 0x08, 0x00, 0x00, 0x00, 0x00, 0x00, 0x00, 0x00, 0x00, 0x00, 0x00, 0x00, 0x00, 0x7A, 0xFF, 
0x72, 0x00, 0x00, 0x00, 0x00, 0x00, 0x00, 0x00, 0x00, 0x00, 0x00, 0x00, 0x00, 0x7C, 0xFF, 0x74, 
0x00, 0x00, 0x00, 0x00, 0x00, 0x00, 0x00, 0x00, 0x00, 0x00, 0x00, 0x00, 0x7C, 0xFF, 0x74, 0x00, 
0x00, 0x00, 0x00, 0x00, 0x00, 0x00, 0x00, 0x00, 0x00, 0x00, 0x00, 0x7C, 0xFF, 0x74, 0x00, 0x00, 
0x00, 0x00, 0x00, 0x00, 0x00, 0x00, 0x00, 0x00, 0x03, 0x37, 0xA8, 0xFF, 0xA3, 0x3C, 0x08, 0x00, 
0x00, 0x00, 0x00, 0x00, 0x00, 0x02, 0x73, 0xEA, 0xFF, 0xFF, 0xFF, 0xFF, 0xFF, 0xF4, 0x8D, 0x09, 
0x00, 0x00, 0x00, 0x00, 0xA4, 0xFF, 0xE0, 0x7C, 0xA6, 0xFF, 0x9F, 0x78, 0xDE, 0xFF, 0xC1, 0x04, 
0x00, 0x00, 0x58, 0xFF, 0xCE, 0x0F, 0x00, 0x7C, 0xFF, 0x74, 0x00, 0x0D, 0xD3, 0xFF, 0x6B, 0x00, 
0x00, 0xBF, 0xFF, 0x49, 0x00, 0x00, 0x7C, 0xFF, 0x74, 0x00, 0x00, 0x53, 0xFF, 0xC8, 0x00, 0x00, 
0xF6, 0xFF, 0x11, 0x00, 0x00, 0x7C, 0xFF, 0x74, 0x00, 0x00, 0x17, 0xFF, 0xF7, 0x00, 0x07, 0xFF, 
0xFB, 0x00, 0x00, 0x00, 0x7C, 0xFF, 0x74, 0x00, 0x00, 0x02, 0xFE, 0xFF, 0x03, 0x00, 0xF8, 0xFF, 
0x13, 0x00, 0x00, 0x7C, 0xFF, 0x74, 0x00, 0x00, 0x1C, 0xFF, 0xEB, 0x00, 0x00, 0xC6, 0xFF, 0x59, 
0x00, 0x00, 0x7C, 0xFF, 0x74, 0x00, 0x00, 0x60, 0xFF, 0xAC, 0x00, 0x00, 0x62, 0xFF, 0xDE, 0x24, 
0x00, 0x7C, 0xFF, 0x74, 0x00, 0x26, 0xE3, 0xFE, 0x3D, 0x00, 0x00, 0x01, 0xAB, 0xFF, 0xF1, 0x98, 
0xB5, 0xFF, 0xB3, 0x9F, 0xF4, 0xFF, 0x7F, 0x00, 0x00, 0x00, 0x00, 0x02, 0x6F, 0xDD, 0xFF, 0xFF, 
0xFF, 0xFF, 0xFF, 0xCC, 0x4F, 0x00, 0x00, 0x00, 0x00, 0x00, 0x00, 0x00, 0x00, 0x1A, 0x95, 0xFF, 
0x8D, 0x13, 0x00, 0x00, 0x00, 0x00, 0x00, 0x00, 0x00, 0x00, 0x00, 0x00, 0x00, 0x7C, 0xFF, 0x74, 
0x00, 0x00, 0x00, 0x00, 0x00, 0x00, 0x00, 0x00, 0x00, 0x00, 0x00, 0x00, 0x7C, 0xFF, 0x74, 0x00, 
0x00, 0x00, 0x00, 0x00, 0x00, 0x00, 0x00, 0x00, 0x00, 0x00, 0x00, 0x7B, 0xFF, 0x73, 0x00, 0x00, 
0x00, 0x00, 0x00, 0x00, 0x00, 0x00, 0x00, 0x00, 0x00, 0x00, 0x13, 0x41, 0x11, 0x00, 0x00, 0x00, 
0x00, 0x00, 0x00, 0x06, 0x2F, 0x1D, 0x00, 0x00, 0x00, 0x00, 0x04, 0x2F, 0x19, 0x24, 0xFA, 0xF8, 
0x26, 0x00, 0x00, 0x00, 0x88, 0xFF, 0x82, 0x00, 0x85, 0xFF, 0xBB, 0x00, 0x00, 0x2C, 0xFA, 0xDD, 
0x09, 0x00, 0x08, 0xDC, 0xFF, 0x58, 0x01, 0xC4, 0xFF, 0x46, 0x00, 0x00, 0x00, 0x46, 0xFF, 0xE6, 
0x72, 0xFF, 0xA5, 0x00, 0x00, 0x00, 0x00, 0x00, 0xA7, 0xFF, 0xFF, 0xEE, 0x16, 0x00, 0x00, 0x00, 
0x00, 0x00, 0x4C, 0xFF, 0xFF, 0xB7, 0x00, 0x00, 0x00, 0x00, 0x00, 0x06, 0xD6, 0xFB, 0xE6, 0xFF, 
0x4A, 0x00, 0x00, 0x00, 0x00, 0x81, 0xFF, 0x8F, 0x4F, 0xFF, 0xDF, 0x0A, 0x00, 0x00, 0x2A, 0xF9, 
0xE6, 0x0E, 0x00, 0xB3, 0xFF, 0x8A, 0x00, 0x01, 0xC5, 0xFF, 0x5A, 0x00, 0x00, 0x21, 0xF6, 0xFB, 
0x2E, 0x5B, 0xFF, 0xBC, 0x00, 0x00, 0x00, 0x00, 0x7A, 0xFF, 0xB9, 0x02, 0x11, 0x02, 0x00, 0x00, 
0x00, 0x00, 0x00, 0x0F, 0x07, 0x02, 0x2E, 0x18, 0x00, 0x00, 0x00, 0x00, 0x02, 0x2E, 0x18, 0x00, 
0x00, 0x33, 0xFF, 0xBA, 0x00, 0x00, 0x00, 0x00, 0x37, 0xFF, 0xB6, 0x00, 0x00, 0x34, 0xFF, 0xBC, 
0x00, 0x00, 0x00, 0x00, 0x38, 0xFF, 0xB8, 0x00, 0x00, 0x34, 0xFF, 0xBC, 0x00, 0x00, 0x00, 0x00, 
0x38, 0xFF, 0xB8, 0x00, 0x00, 0x34, 0xFF, 0xBC, 0x00, 0x00, 0x00, 0x00, 0x38, 0xFF, 0xB8, 0x00, 
0x00, 0x34, 0xFF, 0xBC, 0x00, 0x00, 0x00, 0x00, 0x38, 0xFF, 0xB8, 0x00, 0x00, 0x34, 0xFF, 0xBC, 
0x00, 0x00, 0x00, 0x00, 0x38, 0xFF, 0xB8, 0x00, 0x00, 0x34, 0xFF, 0xBC, 0x00, 0x00, 0x00, 0x00, 
0x38, 0xFF, 0xB8, 0x00, 0x00, 0x34, 0xFF, 0xBC, 0x00, 0x00, 0x00, 0x00, 0x38, 0xFF, 0xB8, 0x00, 
0x00, 0x34, 0xFF, 0xBC, 0x00, 0x00, 0x00, 0x00, 0x38, 0xFF, 0xB8, 0x00, 0x00, 0x34, 0xFF, 0xE9, 
0xAC, 0xAC, 0xAC, 0xAC, 0xBE, 0xFF, 0xE8, 0xAC, 0x64, 0x20, 0xF8, 0xFF, 0xFF, 0xFF, 0xFF, 0xFF, 
0xFF, 0xFF, 0xFF, 0xFF, 0xA8, 0x00, 0x00, 0x00, 0x00, 0x00, 0x00, 0x00, 0x00, 0x00, 0x00, 0xFC, 
0xA8, 0x00, 0x00, 0x00, 0x00, 0x00, 0x00, 0x00, 0x00, 0x00, 0x00, 0xFC, 0xA8, 0x00, 0x00, 0x00, 
0x00, 0x00, 0x00, 0x00, 0x00, 0x00, 0x00, 0xFC, 0xA8, 0x00, 0x00, 0x00, 0x00, 0x00, 0x00, 0x00, 
0x00, 0x00, 0x00, 0xC7, 0x80, 0x03, 0x2F, 0x17, 0x00, 0x00, 0x00, 0x00, 0x0C, 0x31, 0x0B, 0x37, 
0xFF, 0xB6, 0x00, 0x00, 0x00, 0x00, 0x77, 0xFF, 0x72, 0x38, 0xFF, 0xB8, 0x00, 0x00, 0x00, 0x00, 
0x78, 0xFF, 0x74, 0x38, 0xFF, 0xB8, 0x00, 0x00, 0x00, 0x00, 0x78, 0xFF, 0x74, 0x34, 0xFF, 0xC0, 
0x00, 0x00, 0x00, 0x00, 0x78, 0xFF, 0x74, 0x1B, 0xFF, 0xF0, 0x0F, 0x00, 0x00, 0x00, 0x81, 0xFF, 
0x74, 0x00, 0xB9, 0xFF, 0xD5, 0x87, 0x90, 0xC6, 0xFF, 0xFF, 0x74, 0x00, 0x1A, 0xB0, 0xF9, 0xFF, 
0xFB, 0xCD, 0xC3, 0xFF, 0x74, 0x00, 0x00, 0x00, 0x05, 0x12, 0x02, 0x00, 0x78, 0xFF, 0x74, 0x00, 
0x00, 0x00, 0x00, 0x00, 0x00, 0x00, 0x78, 0xFF, 0x74, 0x00, 0x00, 0x00, 0x00, 0x00, 0x00, 0x00, 
0x78, 0xFF, 0x74, 0x00, 0x00, 0x00, 0x00, 0x00, 0x00, 0x00, 0x73, 0xFF, 0x6E, 0x00, 0x00, 0x00, 
0x00, 0x00, 0x00, 0x00, 0x01, 0x11, 0x01, 0x02, 0x2E, 0x18, 0x00, 0x00, 0x00, 0x02, 0x2F, 0x16, 
0x00, 0x00, 0x00, 0x03, 0x2F, 0x16, 0x33, 0xFF, 0xBA, 0x00, 0x00, 0x00, 0x33, 0xFF, 0xAE, 0x00, 
0x00, 0x00, 0x3B, 0xFF, 0xAE, 0x34, 0xFF, 0xBC, 0x00, 0x00, 0x00, 0x34, 0xFF, 0xB0, 0x00, 0x00, 
0x00, 0x3C, 0xFF, 0xB0, 0x34, 0xFF, 0xBC, 0x00, 0x00, 0x00, 0x34, 0xFF, 0xB0, 0x00, 0x00, 0x00, 
0x3C, 0xFF, 0xB0, 0x34, 0xFF, 0xBC, 0x00, 0x00, 0x00, 0x34, 0xFF, 0xB0, 0x00, 0x00, 0x00, 0x3C, 
0xFF, 0xB0, 0x34, 0xFF, 0xBC, 0x00, 0x00, 0x00, 0x34, 0xFF, 0xB0, 0x00, 0x00, 0x00, 0x3C, 0xFF, 
0xB0, 0x34, 0xFF, 0xBC, 0x00, 0x00, 0x00, 0x34, 0xFF, 0xB0, 0x00, 0x00, 0x00, 0x3C, 0xFF, 0xB0, 
0x34, 0xFF, 0xBC, 0x00, 0x00, 0x00, 0x34, 0xFF, 0xB0, 0x00, 0x00, 0x00, 0x3C, 0xFF, 0xB0, 0x34, 
0xFF, 0xBC, 0x00, 0x00, 0x00, 0x34, 0xFF, 0xB0, 0x00, 0x00, 0x00, 0x3C, 0xFF, 0xB0, 0x34, 0xFF, 
0xBC, 0x00, 0x00, 0x00, 0x34, 0xFF, 0xB0, 0x00, 0x00, 0x00, 0x3C, 0xFF, 0xB0, 0x34, 0xFF, 0xE9, 
0xAC, 0xAC, 0xAC, 0xBD, 0xFF, 0xE5, 0xAC, 0xAC, 0xAC, 0xBF, 0xFF, 0xB0, 0x20, 0xF8, 0xFF, 0xFF, 
0xFF, 0xFF, 0xFF, 0xFF, 0xFF, 0xFF, 0xFF, 0xFF, 0xFF, 0xFF, 0x93, 0x02, 0x2E, 0x18, 0x00, 0x00, 
0x00, 0x02, 0x2F, 0x16, 0x00, 0x00, 0x00, 0x03, 0x2F, 0x16, 0x00, 0x00, 0x33, 0xFF, 0xBA, 0x00, 
0x00, 0x00, 0x33, 0xFF, 0xAE, 0x00, 0x00, 0x00, 0x3B, 0xFF, 0xAE, 0x00, 0x00, 0x34, 0xFF, 0xBC, 
0x00, 0x00, 0x00, 0x34, 0xFF, 0xB0, 0x00, 0x00, 0x00, 0x3C, 0xFF, 0xB0, 0x00, 0x00, 0x34, 0xFF, 
0xBC, 0x00, 0x00, 0x00, 0x34, 0xFF, 0xB0, 0x00, 0x00, 0x00, 0x3C, 0xFF, 0xB0, 0x00, 0x00, 0x34, 
0xFF, 0xBC, 0x00, 0x00, 0x00, 0x34, 0xFF, 0xB0, 0x00, 0x00, 0x00, 0x3C, 0xFF, 0xB0, 0x00, 0x00, 
0x34, 0xFF, 0xBC, 0x00, 0x00, 0x00, 0x34, 0xFF, 0xB0, 0x00, 0x00, 0x00, 0x3C, 0xFF, 0xB0, 0x00, 
0x00, 0x34, 0xFF, 0xBC, 0x00, 0x00, 0x00, 0x34, 0xFF, 0xB0, 0x00, 0x00, 0x00, 0x3C, 0xFF, 0xB0, 
0x00, 0x00, 0x34, 0xFF, 0xBC, 0x00, 0x00, 0x00, 0x34, 0xFF, 0xB0, 0x00, 0x00, 0x00, 0x3C, 0xFF, 
0xB0, 0x00, 0x00, 0x34, 0xFF, 0xBC, 0x00, 0x00, 0x00, 0x34, 0xFF, 0xB0, 0x00, 0x00, 0x00, 0x3C, 
0xFF, 0xB0, 0x00, 0x00, 0x34, 0xFF, 0xBC, 0x00, 0x00, 0x00, 0x34, 0xFF, 0xB0, 0x00, 0x00, 0x00, 
0x3C, 0xFF, 0xB0, 0x00, 0x00, 0x34, 0xFF, 0xE9, 0xAC, 0xAC, 0xAC, 0xBD, 0xFF, 0xE5, 0xAC, 0xAC, 
0xAC, 0xBF, 0xFF, 0xE5, 0xAC, 0x5B, 0x20, 0xF8, 0xFF, 0xFF, 0xFF, 0xFF, 0xFF, 0xFF, 0xFF, 0xFF, 
0xFF, 0xFF, 0xFF, 0xFF, 0xFF, 0xFF, 0x9C, 0x00, 0x00, 0x00, 0x00, 0x00, 0x00, 0x00, 0x00, 0x00, 
0x00, 0x00, 0x00, 0x00, 0x00, 0x04, 0xFF, 0x9C, 0x00, 0x00, 0x00, 0x00, 0x00, 0x00, 0x00, 0x00, 
0x00, 0x00, 0x00, 0x00, 0x00, 0x00, 0x04, 0xFF, 0x9C, 0x00, 0x00, 0x00, 0x00, 0x00, 0x00, 0x00, 
0x00, 0x00, 0x00, 0x00, 0x00, 0x00, 0x00, 0x04, 0xFF, 0x9C, 0x00, 0x00, 0x00, 0x00, 0x00, 0x00, 
0x00, 0x00, 0x00, 0x00, 0x00, 0x00, 0x00, 0x00, 0x02, 0xD0, 0x7A, 0x15, 0x24, 0x24, 0x24, 0x23, 
0x03, 0x00, 0x00, 0x00, 0x00, 0x00, 0x00, 0x00, 0xD8, 0xFF, 0xFF, 0xFF, 0xFF, 0x62, 0x00, 0x00, 
0x00, 0x00, 0x00, 0x00, 0x00, 0x77, 0x98, 0x98, 0xCD, 0xFF, 0x6C, 0x00, 0x00, 0x00, 0x00, 0x00, 
0x00, 0x00, 0x00, 0x00, 0x00, 0x84, 0xFF, 0x6C, 0x00, 0x00, 0x00, 0x00, 0x00, 0x00, 0x00, 0x00, 
0x00, 0x00, 0x84, 0xFF, 0x80, 0x2C, 0x30, 0x1E, 0x00, 0x00, 0x00, 0x00, 0x00, 0x00, 0x00, 0x84, 
0xFF, 0xFF, 0xFF, 0xFF, 0xFF, 0xEA, 0x85, 0x06, 0x00, 0x00, 0x00, 0x00, 0x84, 0xFF, 0xAC, 0x66, 
0x69, 0x8F, 0xEE, 0xFF, 0x9C, 0x00, 0x00, 0x00, 0x00, 0x84, 0xFF, 0x6C, 0x00, 0x00, 0x00, 0x2D, 
0xFF, 0xFA, 0x0B, 0x00, 0x00, 0x00, 0x84, 0xFF, 0x6C, 0x00, 0x00, 0x00, 0x00, 0xF0, 0xFF, 0x1D, 
0x00, 0x00, 0x00, 0x84, 0xFF, 0x6C, 0x00, 0x00, 0x00, 0x31, 0xFF, 0xEE, 0x04, 0x00, 0x00, 0x00, 
0x83, 0xFF, 0xAF, 0x66, 0x67, 0x8B, 0xED, 0xFF, 0x70, 0x00, 0x00, 0x00, 0x00, 0x59, 0xFC, 0xFF, 
0xFF, 0xFF, 0xFF, 0xD4, 0x5B, 0x00, 0x00, 0x00, 0x00, 0x00, 0x00, 0x10, 0x29, 0x33, 0x2D, 0x13, 
0x00, 0x00, 0x00, 0x00, 0x02, 0x2E, 0x16, 0x00, 0x00, 0x00, 0x00, 0x00, 0x00, 0x00, 0x00, 0x19, 
0x2E, 0x01, 0x33, 0xFF, 0xB9, 0x00, 0x00, 0x00, 0x00, 0x00, 0x00, 0x00, 0x00, 0xBB, 0xFF, 0x2E, 
0x34, 0xFF, 0xBC, 0x00, 0x00, 0x00, 0x00, 0x00, 0x00, 0x00, 0x00, 0xBC, 0xFF, 0x30, 0x34, 0xFF, 
0xBC, 0x00, 0x00, 0x00, 0x00, 0x00, 0x00, 0x00, 0x00, 0xBC, 0xFF, 0x30, 0x34, 0xFF, 0xC4, 0x29, 
0x31, 0x24, 0x03, 0x00, 0x00, 0x00, 0x00, 0xBC, 0xFF, 0x30, 0x34, 0xFF, 0xFF, 0xFF, 0xFF, 0xFF, 
0xF4, 0x9B, 0x11, 0x00, 0x00, 0xBC, 0xFF, 0x30, 0x34, 0xFF, 0xDA, 0x69, 0x66, 0x82, 0xDE, 0xFF, 
0xC3, 0x00, 0x00, 0xBC, 0xFF, 0x30, 0x34, 0xFF, 0xBC, 0x00, 0x00, 0x00, 0x12, 0xED, 0xFF, 0x2D, 
0x00, 0xBC, 0xFF, 0x30, 0x34, 0xFF, 0xBC, 0x00, 0x00, 0x00, 0x00, 0xC4, 0xFF, 0x45, 0x00, 0xBC, 
0xFF, 0x30, 0x34, 0xFF, 0xBC, 0x00, 0x00, 0x00, 0x14, 0xEF, 0xFE, 0x1C, 0x00, 0xBC, 0xFF, 0x30, 
0x33, 0xFF, 0xDC, 0x6A, 0x64, 0x7F, 0xDE, 0xFF, 0x98, 0x00, 0x00, 0xBC, 0xFF, 0x30, 0x18, 0xED, 
0xFF, 0xFF, 0xFF, 0xFF, 0xE2, 0x74, 0x03, 0x00, 0x00, 0xB7, 0xFF, 0x2A, 0x00, 0x07, 0x25, 0x31, 
0x2F, 0x1B, 0x00, 0x00, 0x00, 0x00, 0x00, 0x06, 0x0E, 0x00, 0x02, 0x2E, 0x18, 0x00, 0x00, 0x00, 
0x00, 0x00, 0x00, 0x00, 0x33, 0xFF, 0xBA, 0x00, 0x00, 0x00, 0x00, 0x00, 0x00, 0x00, 0x34, 0xFF, 
0xBC, 0x00, 0x00, 0x00, 0x00, 0x00, 0x00, 0x00, 0x34, 0xFF, 0xBC, 0x00, 0x00, 0x00, 0x00, 0x00, 
0x00, 0x00, 0x34, 0xFF, 0xC4, 0x29, 0x31, 0x27, 0x08, 0x00, 0x00, 0x00, 0x34, 0xFF, 0xFF, 0xFF, 
0xFF, 0xFF, 0xFB, 0xB4, 0x28, 0x00, 0x34, 0xFF, 0xDA, 0x69, 0x64, 0x7B, 0xCB, 0xFF, 0xEB, 0x15, 
0x34, 0xFF, 0xBC, 0x00, 0x00, 0x00, 0x02, 0xC3, 0xFF, 0x6D, 0x34, 0xFF, 0xBC, 0x00, 0x00, 0x00, 
0x00, 0x88, 0xFF, 0x85, 0x34, 0xFF, 0xBC, 0x00, 0x00, 0x00, 0x03, 0xC8, 0xFF, 0x5A, 0x33, 0xFF, 
0xDC, 0x6B, 0x63, 0x77, 0xCA, 0xFF, 0xCD, 0x06, 0x18, 0xED, 0xFF, 0xFF, 0xFF, 0xFF, 0xEE, 0x90, 
0x0F, 0x00, 0x00, 0x07, 0x24, 0x31, 0x31, 0x20, 0x01, 0x00, 0x00, 0x00, 0x00, 0x00, 0x04, 0x3A, 
0x58, 0x4A, 0x10, 0x00, 0x00, 0x00, 0x00, 0x61, 0xE9, 0xFF, 0xFF, 0xFF, 0xF7, 0x7F, 0x01, 0x00, 
0x00, 0xF6, 0xB1, 0x52, 0x39, 0x6B, 0xEA, 0xFF, 0x82, 0x00, 0x00, 0x3A, 0x00, 0x00, 0x00, 0x00, 
0x25, 0xF7, 0xF9, 0x18, 0x00, 0x00, 0x00, 0x00, 0x00, 0x00, 0x00, 0xA2, 0xFF, 0x62, 0x00, 0x00, 
0x6A, 0x74, 0x74, 0x74, 0x74, 0xB5, 0xFF, 0x87, 0x00, 0x03, 0xF7, 0xFF, 0xFF, 0xFF, 0xFF, 0xFF, 
0xFF, 0x8E, 0x00, 0x00, 0x00, 0x00, 0x00, 0x00, 0x00, 0x79, 0xFF, 0x7B, 0x00, 0x00, 0x00, 0x00, 
0x00, 0x00, 0x00, 0xAA, 0xFF, 0x4A, 0x04, 0x51, 0x00, 0x00, 0x00, 0x00, 0x2F, 0xFC, 0xEA, 0x06, 
0x13, 0xFF, 0xC6, 0x76, 0x5E, 0x86, 0xF3, 0xFE, 0x59, 0x00, 0x00, 0x69, 0xE4, 0xFF, 0xFF, 0xFF, 
0xDC, 0x53, 0x00, 0x00, 0x00, 0x00, 0x00, 0x20, 0x33, 0x1F, 0x00, 0x00, 0x00, 0x00, 0x02, 0x2E, 
0x18, 0x00, 0x00, 0x00, 0x00, 0x00, 0x1C, 0x4F, 0x58, 0x3C, 0x04, 0x00, 0x00, 0x00, 0x33, 0xFF, 
0xBA, 0x00, 0x00, 0x00, 0x11, 0xAB, 0xFF, 0xFF, 0xFF, 0xFF, 0xE6, 0x4F, 0x00, 0x00, 0x34, 0xFF, 
0xBC, 0x00, 0x00, 0x00, 0xBB, 0xFF, 0xC7, 0x57, 0x49, 0x8F, 0xFF, 0xFC, 0x3E, 0x00, 0x34, 0xFF, 
0xBC, 0x00, 0x00, 0x5A, 0xFF, 0xC9, 0x08, 0x00, 0x00, 0x00, 0x79, 0xFF, 0xC4, 0x00, 0x34, 0xFF, 
0xBC, 0x00, 0x00, 0xB2, 0xFF, 0x55, 0x00, 0x00, 0x00, 0x00, 0x0F, 0xF8, 0xFF, 0x12, 0x34, 0xFF, 
0xDE, 0x80, 0x80, 0xEB, 0xFF, 0x23, 0x00, 0x00, 0x00, 0x00, 0x00, 0xD9, 0xFF, 0x36, 0x34, 0xFF, 
0xFF, 0xFF, 0xFF, 0xFF, 0xFF, 0x11, 0x00, 0x00, 0x00, 0x00, 0x00, 0xCB, 0xFF, 0x3E, 0x34, 0xFF, 
0xBE, 0x08, 0x08, 0xE1, 0xFF, 0x23, 0x00, 0x00, 0x00, 0x00, 0x00, 0xE3, 0xFF, 0x29, 0x34, 0xFF, 
0xBC, 0x00, 0x00, 0xBA, 0xFF, 0x59, 0x00, 0x00, 0x00, 0x00, 0x14, 0xFD, 0xF0, 0x02, 0x34, 0xFF, 
0xBC, 0x00, 0x00, 0x6C, 0xFF, 0xCA, 0x0B, 0x00, 0x00, 0x02, 0x9E, 0xFF, 0x8F, 0x00, 0x34, 0xFF, 
0xBC, 0x00, 0x00, 0x09, 0xD4, 0xFF, 0xD0, 0x78, 0x72, 0xC2, 0xFF, 0xD7, 0x0E, 0x00, 0x2F, 0xFF, 
0xB6, 0x00, 0x00, 0x00, 0x16, 0xAA, 0xFB, 0xFF, 0xFF, 0xF9, 0xA3, 0x15, 0x00, 0x00, 0x00, 0x0F, 
0x05, 0x00, 0x00, 0x00, 0x00, 0x00, 0x0B, 0x2D, 0x2E, 0x0C, 0x00, 0x00, 0x00, 0x00, 0x00, 0x00, 
0x00, 0x00, 0x22, 0x3F, 0x44, 0x37, 0x26, 0x01, 0x00, 0x00, 0x59, 0xDD, 0xFF, 0xFF, 0xFF, 0xFF, 
0xFF, 0x7F, 0x00, 0x4F, 0xFF, 0xE5, 0x69, 0x36, 0x33, 0x82, 0xFF, 0x98, 0x00, 0xAE, 0xFF, 0x4F, 
0x00, 0x00, 0x00, 0x58, 0xFF, 0x98, 0x00, 0xAC, 0xFF, 0x4A, 0x00, 0x00, 0x00, 0x58, 0xFF, 0x98, 
0x00, 0x4E, 0xFF, 0xDE, 0x5C, 0x2E, 0x28, 0x72, 0xFF, 0x98, 0x00, 0x00, 0x48, 0xCB, 0xFF, 0xFF, 
0xFF, 0xFF, 0xFF, 0x98, 0x00, 0x00, 0x42, 0xF5, 0xE1, 0x66, 0x45, 0x84, 0xFF, 0x98, 0x00, 0x0C, 
0xE2, 0xFA, 0x26, 0x00, 0x00, 0x58, 0xFF, 0x98, 0x00, 0x70, 0xFF, 0xA0, 0x00, 0x00, 0x00, 0x58, 
0xFF, 0x98, 0x01, 0xDB, 0xFF, 0x34, 0x00, 0x00, 0x00, 0x58, 0xFF, 0x98, 0x3D, 0xFF, 0xC4, 0x00, 
0x00, 0x00, 0x00, 0x53, 0xFF, 0x92, 0x00, 0x11, 0x03, 0x00, 0x00, 0x00, 0x00, 0x00, 0x11, 0x03, 
0x00, 0x00, 0x3F, 0x41, 0x00, 0x00, 0x31, 0x4C, 0x01, 0x00, 0x00, 0x0B, 0xFE, 0xFE, 0x0E, 0x00, 
0xE4, 0xFF, 0x34, 0x00, 0x00, 0x03, 0xBC, 0xBA, 0x03, 0x00, 0xA0, 0xC8, 0x17, 0x00, 0x00, 0x00, 
0x00, 0x00, 0x00, 0x00, 0x00, 0x00, 0x00, 0x00, 0x00, 0x00, 0x00, 0x1B, 0x50, 0x57, 0x32, 0x01, 
0x00, 0x00, 0x00, 0x0C, 0xA3, 0xFE, 0xFF, 0xFF, 0xFF, 0xD1, 0x2A, 0x00, 0x01, 0xBC, 0xFF, 0xAC, 
0x38, 0x37, 0x89, 0xFD, 0xE5, 0x10, 0x53, 0xFF, 0xB6, 0x00, 0x00, 0x00, 0x00, 0x94, 0xFF, 0x72, 
0xAA, 0xFF, 0x4A, 0x00, 0x00, 0x00, 0x00, 0x41, 0xFF, 0xB1, 0xD6, 0xFF, 0xA8, 0x98, 0x98, 0x98, 
0x98, 0xAA, 0xFF, 0xC8, 0xE4, 0xFF, 0xD6, 0xD0, 0xD0, 0xD0, 0xD0, 0xD0, 0xD0, 0x81, 0xD7, 0xFF, 
0x32, 0x00, 0x00, 0x00, 0x00, 0x00, 0x00, 0x00, 0xAE, 0xFF, 0x5F, 0x00, 0x00, 0x00, 0x00, 0x00, 
0x00, 0x00, 0x5B, 0xFF, 0xD6, 0x10, 0x00, 0x00, 0x00, 0x00, 0x07, 0x06, 0x03, 0xBE, 0xFF, 0xE0, 
0x77, 0x5D, 0x6E, 0xA2, 0xF0, 0x53, 0x00, 0x0A, 0x90, 0xF2, 0xFF, 0xFF, 0xFF, 0xF1, 0xA9, 0x19, 
0x00, 0x00, 0x00, 0x04, 0x27, 0x33, 0x20, 0x02, 0x00, 0x00, 0x00, 0x00, 0x00, 0x00, 0x00, 0x00, 
0x00, 0x00, 0x00, 0x00, 0x00, 0x00, 0x00, 0x00, 0x00, 0x00, 0x00, 0x03, 0x8A, 0x94, 0x94, 0x94, 
0x94, 0x94, 0x94, 0x94, 0x94, 0x7E, 0x0E, 0xFD, 0xFF, 0xFF, 0xFF, 0xFF, 0xFF, 0xFF, 0xFF, 0xFF, 
0xF0, 0x00, 0x11, 0x18, 0x18, 0x18, 0x18, 0x18, 0x18, 0x18, 0x18, 0x0F, 0x00, 0x00, 0x00, 0x00, 
0x00, 0x00, 0x00, 0x00, 0x00, 0x00, 0x00, 0x3D, 0x9A, 0x1D, 0x00, 0x00, 0x00, 0x00, 0x00, 0x00, 
0x00, 0x00, 0x00, 0x00, 0x15, 0xE8, 0xC7, 0x03, 0x00, 0x00, 0x00, 0x00, 0x00, 0x00, 0x00, 0x00, 
0x00, 0x00, 0xB1, 0xF4, 0x24, 0x00, 0x00, 0x00, 0x00, 0x00, 0x00, 0x00, 0x00, 0x00, 0x00, 0x65, 
0xFF, 0x65, 0x00, 0x00, 0x00, 0x00, 0x00, 0x00, 0x00, 0x00, 0x00, 0x00, 0x23, 0xF3, 0xB2, 0x00, 
0x00, 0x00, 0x00, 0x00, 0x00, 0x00, 0x00, 0x00, 0x00, 0x03, 0xC6, 0xE9, 0x16, 0x00, 0x00, 0x00, 
0x00, 0x00, 0x00, 0x00, 0x00, 0x00, 0x00, 0x7D, 0xFF, 0x4D, 0x00, 0x00, 0x00, 0x00, 0x00, 0x00, 
0x00, 0x00, 0x00, 0x00, 0x35, 0xFB, 0x99, 0x00, 0x00, 0x00, 0x00, 0x00, 0x00, 0x00, 0x00, 0x00, 
0x00, 0x0A, 0xD8, 0xDB, 0x0B, 0x00, 0x00, 0x00, 0x00, 0x00, 0x00, 0x00, 0x00, 0x00, 0x00, 0x96, 
0xFC, 0x37, 0x00, 0x00, 0x00, 0x00, 0x00, 0x00, 0x00, 0x00, 0x00, 0x00, 0x49, 0xFF, 0x80, 0x00, 
0x00, 0x00, 0x00, 0x00, 0x00, 0x00, 0x00, 0x00, 0x00, 0x14, 0xE7, 0xC9, 0x04, 0x00, 0x00, 0x00, 
0x00, 0x00, 0x00, 0x00, 0x00, 0x00, 0x00, 0xAE, 0xF5, 0x25, 0x00, 0x00, 0x00, 0x00, 0x00, 0x00, 
0x00, 0x00, 0x00, 0x00, 0x62, 0xFF, 0x67, 0x00, 0x00, 0x00, 0x00, 0x00, 0x00, 0x00, 0x00, 0x00, 
0x00, 0x22, 0xF2, 0xB4, 0x00, 0x00, 0x00, 0x00, 0x00, 0x00, 0x00, 0x00, 0x00, 0x00, 0x02, 0xC5, 
0xEA, 0x17, 0x00, 0x00, 0x00, 0x00, 0x00, 0x00, 0x00, 0x00, 0x00, 0x00, 0x06, 0x64, 0x2F, 0x00, 
0x00, 0x00, 0x00, 0x00, 0x00, 0x00, 0x00, 0x00, 0x00, 0x00, 0x00, 0x17, 0x57, 0x4D, 0x0E, 0x00, 
0x00, 0x00, 0x00, 0x00, 0x5F, 0xF6, 0xFF, 0xFF, 0xF1, 0x7C, 0x13, 0x0C, 0x85, 0x93, 0xD6, 0xCA, 
0x58, 0x66, 0xCF, 0xFF, 0xFF, 0xFD, 0xFF, 0x99, 0x11, 0x03, 0x00, 0x00, 0x01, 0x56, 0xA2, 0xA6, 
0x57, 0x00, 0x00, 0x00, 0x0A, 0x05, 0x00, 0x00, 0x00, 0x00, 0x00, 0x00, 0x27, 0xBF, 0xFE, 0xFB, 
0xB0, 0x2E, 0x00, 0x00, 0x3B, 0x51, 0xDA, 0xF6, 0xA4, 0xB3, 0xFB, 0xFD, 0xC3, 0xBD, 0xFE, 0xC6, 
0x46, 0x26, 0x00, 0x00, 0x25, 0xA3, 0xF0, 0xF5, 0xA5, 0x16, 0x00, 0x00, 0x00, 0x00, 0x00, 0x00, 
0x03, 0x86, 0x55, 0x00, 0x00, 0x00, 0x00, 0x00, 0x00, 0x00, 0x65, 0xFF, 0x57, 0x00, 0x00, 0x00, 
0x00, 0x00, 0x00, 0x09, 0xE5, 0xCE, 0x01, 0x00, 0xB2, 0xDC, 0xDC, 0xDC, 0xDC, 0xE4, 0xFF, 0xEE, 
0xDC, 0xAA, 0x9E, 0xCC, 0xCC, 0xCC, 0xD2, 0xFF, 0xEA, 0xCC, 0xCC, 0x99, 0x00, 0x00, 0x00, 0x00, 
0x73, 0xFF, 0x43, 0x00, 0x00, 0x00, 0x00, 0x00, 0x00, 0x10, 0xED, 0xBA, 0x00, 0x00, 0x00, 0x00, 
0x39, 0x50, 0x50, 0x9F, 0xFF, 0x80, 0x50, 0x50, 0x50, 0x36, 0xD9, 0xFF, 0xFF, 0xFF, 0xFF, 0xFF, 
0xFF, 0xFF, 0xFF, 0xD2, 0x3E, 0x58, 0xC2, 0xFE, 0x6A, 0x58, 0x58, 0x58, 0x58, 0x3B, 0x00, 0x1D, 
0xF7, 0xA8, 0x00, 0x00, 0x00, 0x00, 0x00, 0x00, 0x00, 0x97, 0xFA, 0x23, 0x00, 0x00, 0x00, 0x00, 
0x00, 0x00, 0x00, 0x19, 0x20, 0x00, 0x00, 0x00, 0x00, 0x00, 0x00, 0x00, 0x00, 0x08, 0x7A, 0x43, 
0x61, 0x6C, 0x69, 0x62, 0x72, 0x69, 0x00, 0x08, 0x7A, 0x43, 0x61, 0x6C, 0x69, 0x62, 0x72, 0x69, 
0x01};